pool,layout_id,geometry_sha256,ego_row,ego_column,partner_row,partner_column,red_goal_row,red_goal_column,blue_goal_row,blue_goal_column,height,width,ego_to_red,ego_to_blue,partner_to_red,partner_to_blue,red_optimal,blue_optimal,equal_time,non_tied,p_red_non_tied,has_both_strict_optima
all_46,train_0000,5e3c3e1c236db950e013c35eb8cffa9b22f6e59fd387698786aaf93bf313976e,1,1,0,6,3,1,0,0,7,7,2,2,8,8,23,23,0,46,0.5,True
all_46,train_0001,00f576903f52839b511c569076543bd796580d3e11b45c7d1ba23f51544eeeec,4,1,1,6,4,3,0,2,7,7,2,7,6,7,23,23,0,46,0.5,True
all_46,train_0002,637e901e776afb28a892dd0a4b650c64f8c770051d29483e3b087763510f01b7,2,4,1,1,4,2,1,3,7,7,4,2,4,4,23,23,0,46,0.5,True
all_46,train_0005,2d93023355b3fdc34e94c47cea2e1a8532a5a6d1710c7785a10307c19f004fa3,3,4,6,6,2,3,4,2,7,7,2,3,7,8,23,23,0,46,0.5,True
all_46,train_0006,5bf390862dc627bea6f033c988c8822e4e27fa2d7846899a70f70a7ba15be0d0,5,4,6,6,6,3,1,3,7,7,2,7,7,8,23,23,0,46,0.5,True
all_46,train_0010,238a6a8ce1e0f747a83ae3307c6e0c9740dbc4ede185c5f6df1f22cffdbd1364,6,6,2,0,5,5,2,5,7,7,2,5,8,7,23,23,0,46,0.5,True
all_46,train_0015,b37a2b0225df268221a13950b4a6b9adfdc563a65632302c545b8b3afefffb96,5,2,0,0,5,0,3,5,7,7,2,5,7,8,23,23,0,46,0.5,True
all_46,train_0016,c4ebdab40d5c68b39e1e40cdbd4f059bf8eb4d6bdf976f4ef99b9fbf22f454e4,5,3,6,5,5,2,3,4,7,7,1,3,4,4,23,23,0,46,0.5,True
all_46,train_0018,6f8517fafb33409aaf32698d9ec73a0a29d9edeb03bd05899aa2a6244a0c9978,3,6,2,0,5,4,3,5,7,7,4,1,7,6,23,23,0,46,0.5,True
all_46,train_0019,9680151a98fdb3bc3f5806be47153e4e8f1c6e8e8132ac9c552c8adb50987591,3,1,3,6,2,3,0,5,7,7,3,7,4,4,23,23,0,46,0.5,True
all_46,train_0020,6ae978117f5bb995a9bfce168ef7bef4e9fd098d8e7c6bf31c428d1b83e3ba55,3,2,4,4,1,0,2,4,7,7,4,3,9,8,23,23,0,46,0.5,True
all_46,train_0022,9556733be3df3b4654f6563c70fae1044d58e732411b9aa1faa02e80801f240e,2,2,6,1,0,6,4,6,7,7,6,6,11,11,23,23,0,46,0.5,True
all_46,train_0024,07823e5064a30ef97f94ea54da38f0fb9feb7e48c00d60405a53ab2085c85a52,1,5,4,6,4,0,6,2,7,7,8,8,10,10,23,23,0,46,0.5,True
all_46,train_0025,03addf234be2d5cb5cc66912f70030e714003cdefa2e8cbbff97fdf2b610570f,1,3,4,6,0,3,4,0,7,7,1,8,7,6,23,23,0,46,0.5,True
all_46,train_0027,d17c852da4e0c14c752ceb3480737e61ae4880a00b4961c954f20d9b65e9015f,2,4,0,3,6,5,4,0,7,7,5,6,8,7,23,23,0,46,0.5,True
all_46,train_0030,047223708c0e4a8e3be351b215bf1738a5c899e963652852f76b0311b56658c7,5,4,2,2,5,1,0,2,7,7,3,7,4,4,23,23,0,46,0.5,True
all_46,train_0031,40afa0df044db54fdc7642a7b06ea5fb20d48cd9f172e2bee4893f83664373c8,3,6,6,0,1,0,2,3,7,7,8,4,7,7,23,23,0,46,0.5,True
all_46,train_0034,69d12aef95bf5ce9499a9be97c2073d2869fc97003dc9326fb3ac1f503992018,4,2,0,2,4,0,2,6,7,7,2,8,6,6,23,23,0,46,0.5,True
all_46,train_0037,f66db3dcbdd3374ea1c9562080b0c17d68285578d4ef76f7e659a794d33a3a66,0,0,6,0,5,3,3,1,7,7,8,4,4,4,23,23,0,46,0.5,True
all_46,train_0040,5c5c46b3c8004f4821955c09b292fcd68ef995fa0b4ec8011f2e9959861d51e9,1,3,5,0,0,2,1,4,7,7,2,1,7,8,23,23,0,46,0.5,True
all_46,train_0041,5a422b45d097b7a3510ebd4c570d1f4fefa16378dd6e9e90bdbfdff75121225c,2,0,5,3,0,3,3,0,7,7,5,1,5,5,23,23,0,46,0.5,True
all_46,train_0045,2824b7b885433517b80fb398e83ea5147f7cedb6569eafae9681c42203a78a68,6,1,0,3,3,6,5,4,7,7,8,6,6,6,23,23,0,46,0.5,True
all_46,train_0047,464ac60f0482ed00b704e33f58edc46f0b64ed09117e4475b43b8c5b718f68ca,2,0,0,1,2,6,5,3,7,7,8,6,7,7,23,23,0,46,0.5,True
all_46,train_0048,0546950a2d40007b4d2013deb578e7dfc55a1572a40e153c5546297891761ae3,4,3,3,5,2,0,5,1,7,7,5,3,6,6,23,23,0,46,0.5,True
all_46,train_0049,80cffec7ed79e960a1521070ced36884dab48ce3267b3d2133b95f396beb944a,1,3,3,0,5,4,3,6,7,7,5,5,6,6,23,23,0,46,0.5,True
all_46,train_0052,48f3af094de22940fdf71ba2595c73c0ab38e800e74f0983319c6a9076109fbc,0,4,3,3,6,2,1,1,7,7,8,4,4,4,23,23,0,46,0.5,True
all_46,train_0055,9d2d0bb2cf742cc0dc0e3d6cbdc71d9e5b9f3f55858e9f69b120c34f1de41104,5,1,6,3,1,1,0,4,7,7,4,8,7,7,23,23,0,46,0.5,True
all_46,train_0058,421862aeae70e6ec4270dea5cf4a7322962a4fc4a39725eb6242a570327845c1,1,3,4,5,2,0,6,1,7,7,4,7,7,6,23,23,0,46,0.5,True
all_46,train_0059,b8a3582ce796b73891bbffaca8a30d6d99fc5ec8931d543294c27d0ad7982577,1,2,3,5,0,4,5,3,7,7,3,5,4,4,23,23,0,46,0.5,True
all_46,train_0060,b93fdc82471bb79310fb2f53e6ef8481af9ea3b3e381e6b794578fe3234e0c25,2,2,3,5,6,0,1,6,7,7,6,7,8,9,23,23,0,46,0.5,True
all_46,train_0062,9a24b861a45353ee1cc29067fd07217ae250639d4e5626abb0eb13c0423dada1,5,5,0,0,4,5,5,3,7,7,1,4,9,8,23,23,0,46,0.5,True
all_46,train_0064,afc50ca07043932fe73e0cc5fc074f04e9498343b11912a6b2db1e8d6500346c,3,1,5,6,0,6,0,2,7,7,8,4,9,9,23,23,0,46,0.5,True
all_46,train_0065,b83a8038f767882aa359543836565951158db7850ec58804457e628af0afc8fb,2,4,3,6,2,2,4,1,7,7,2,5,7,6,23,23,0,46,0.5,True
all_46,train_0067,553ebe77f7bb78674fa5132d1e4ed51b22acc45a7bd305147ca083a6887dd08b,1,0,6,0,1,3,3,4,7,7,3,6,8,7,23,23,0,46,0.5,True
all_46,train_0068,edee351922c8972ae08f97aad6ffd56f47bebc62b62edc84532993c9711eafaf,1,5,0,3,1,0,5,2,7,7,7,7,10,10,23,23,0,46,0.5,True
all_46,train_0069,db6f9e29a1193ac1b7dc8caf149a66d5ed7b2105d8de85bccdd7f73d3d14b85e,1,3,3,6,3,0,6,2,7,7,5,6,8,7,23,23,0,46,0.5,True
all_46,train_0071,9252645a85a87c51111c9fc005265cdad026321c91624b31762829171eedf105,3,0,6,0,1,2,4,4,7,7,6,7,7,6,23,23,0,46,0.5,True
all_46,train_0074,d08627c7ae5977869d48779da1c5b1eb5ee3b6db87aab40223632cf1da1b40bd,0,3,3,4,4,1,5,6,7,7,6,8,4,4,23,23,0,46,0.5,True
all_46,train_0075,6d26cfbced592e4cf5b6fbb492153de00c19e2fe796663c0fb4eb6b9f3c61f09,5,5,1,3,5,1,4,6,7,7,4,2,6,6,23,23,0,46,0.5,True
all_46,train_0076,22e1222148ecce435d478efb501bcfc1392d07f9a52bbf9d993ce72b1f6b4603,4,2,1,6,2,1,5,3,7,7,3,2,6,7,23,23,0,46,0.5,True
all_46,train_0078,259800eb6d2fd37ac5a7a6c86fc5fa3aa566bc063fdd458d7e892e075cf17c0c,3,6,4,0,6,4,3,5,7,7,5,1,6,6,23,23,0,46,0.5,True
all_46,train_0079,c875ce2766587ca16b5ac3485be28f6f6f530224239f6bc17e512512da2b38eb,5,2,4,4,1,0,6,4,7,7,6,3,7,8,23,23,0,46,0.5,True
all_46,train_0081,9d5b989193d814745971e03464d4e443f6004c1c1d057bc3212bc43f43b1f681,6,1,4,6,1,3,6,2,7,7,7,1,6,6,23,23,0,46,0.5,True
all_46,train_0082,83cd852b15269470727a3484708c2272498efe5cb58d24196adb7aa4427c4961,1,6,3,5,6,3,0,3,7,7,8,4,5,5,23,23,0,46,0.5,True
all_46,train_0083,e9a111b90157a9e36b49be5b758b4dfcd59eeb1924a2373c4458f2c58d3b713d,5,3,2,3,0,5,3,6,7,7,7,5,4,4,23,23,0,46,0.5,True
all_46,train_0086,13d4a221f00f782cc503d1956d9d3e1b57bd967b1702b38cea509aad60125865,4,4,2,3,0,6,4,0,7,7,6,6,5,5,23,23,0,46,0.5,True
all_46,train_0088,08203bfb18a8caec27ba46fc8f2322217189b9b59d17823755be60621af52af9,3,1,6,2,0,1,2,2,7,7,3,2,7,6,23,23,0,46,0.5,True
all_46,train_0089,16854e2577d5cd13a8aaf84ac26e022537454e87c3c3a1b83064ccf93bcf507c,3,0,6,1,1,5,3,6,7,7,7,8,9,8,23,23,0,46,0.5,True
all_46,train_0091,b34b1fb82be6b1c1e112372272bd3bd2fc56f71137b793e41fded54a66298855,1,6,5,3,0,3,1,5,7,7,4,1,7,6,23,23,0,46,0.5,True
all_46,train_0094,0522f2ec0b4d662d9342eb00afca726ae82371683ff810c6ebd904b9cf1b4ea5,6,2,4,6,2,1,1,5,7,7,5,8,9,8,23,23,0,46,0.5,True
all_46,train_0097,6f3652f3da5fbf2bb60b952370c9f63f8cdc2474ffa59a5a6f54fddf87c4cbc6,2,2,3,5,3,1,6,2,7,7,2,4,6,6,23,23,0,46,0.5,True
all_46,train_0098,68509c746db583044f4191b4e236c4a386607f44f8798633583ce39f6ebb34e4,0,0,6,2,1,0,3,5,7,7,1,8,7,6,23,23,0,46,0.5,True
all_46,train_0099,a61116760884252dad268b8f201f535fd6ca23829015c6e1060977988e5c6255,6,3,2,5,3,0,5,1,7,7,8,7,8,7,23,23,0,46,0.5,True
all_46,train_0102,286bd7ade2e6b493cfaf77085cacefe7d2c14c4ecbaa9a9cd762c4c7c3404262,3,2,1,6,6,5,4,3,7,7,6,2,6,6,23,23,0,46,0.5,True
all_46,train_0104,14f8ee13b59b78977b0b5c251f3f7b7d7a227b74651a169df3f849edd33b1893,5,6,0,4,4,1,6,6,7,7,8,1,7,8,23,23,0,46,0.5,True
all_46,train_0106,a0e1c43ecfcec1d16cf0a91737ef670f7fce5f3d019549ea954a7d9d615d374a,2,5,6,2,3,6,1,4,7,7,2,2,7,7,23,23,0,46,0.5,True
all_46,train_0107,c46664ac1cb09a0d6224294d93aa514d7a0211f7d39fa4636377df6119a98c14,2,4,5,4,2,3,6,1,7,7,1,7,4,4,23,23,0,46,0.5,True
all_46,train_0108,8266960e20d8ea5e02970eeb58e895b36765073fa90b53f4f4fae259b98ff656,2,2,0,5,6,1,2,3,7,7,5,1,10,10,23,23,0,46,0.5,True
all_46,train_0109,3aa4321f3096bc16613e27941dbdd9a11a565b1c66130a4ac34793a1d54719db,0,6,5,3,1,2,2,0,7,7,5,8,7,6,23,23,0,46,0.5,True
all_46,train_0111,b19be202cb793b8a01becd765d0eda88d68cb6d1efa87df374ec51f0ef227b39,5,6,1,5,5,3,4,1,7,7,3,6,8,7,23,23,0,46,0.5,True
all_46,train_0115,6f812d811f40ea5b0f5cb641fd275864b5395ad2969b8a632e8c68fd78d8a324,3,3,6,5,3,1,2,3,7,7,2,1,7,6,23,23,0,46,0.5,True
all_46,train_0116,31fc2b8c66e493c0075ee9129c31d8ba314f3d9c627a340b246595f0ef0698a5,1,4,3,5,4,2,0,4,7,7,5,1,4,4,23,23,0,46,0.5,True
all_46,train_0117,56b011aa604d2df1023494cbb7062719a10e796487dd409327ce71c2c16a916e,0,0,3,0,2,3,3,5,7,7,5,8,6,7,23,23,0,46,0.5,True
all_46,train_0118,3a509bc4fc5773584e489a99a281872cbf0d195875d93569fb31feee537bf7d1,5,2,0,5,0,1,5,3,7,7,8,1,6,7,23,23,0,46,0.5,True
all_46,train_0119,1a2bf3afd9bae63cff4eb2d84796acda5a4df306a468fadda891489d42624da8,2,2,2,5,3,2,5,4,7,7,1,5,4,4,23,23,0,46,0.5,True
all_46,train_0120,994d5ee21bde645b01119d14f48a85fc118eaa50a6860e513d4f1e732cdb27e4,1,6,3,5,3,0,0,1,7,7,8,6,7,7,23,23,0,46,0.5,True
all_46,train_0122,e34662a1a86e139923fa6eebc8bdb25a80f747c12bd14c9bd7785d447116d02a,4,0,3,5,4,2,0,1,7,7,4,7,6,7,23,23,0,46,0.5,True
all_46,train_0125,35480bd10bff5e3ace35bcb0f7d250fda2626c555e0986fabb37f9d70b5b4c99,1,2,4,4,3,2,0,5,7,7,2,4,5,5,23,23,0,46,0.5,True
all_46,train_0126,b68237924a0e577f3f41af45efd47b1d2f2775f5d31de3b1f12063eb1c7cf4f2,4,0,3,4,0,0,6,1,7,7,4,3,7,6,23,23,0,46,0.5,True
all_46,train_0127,368fd72d75b0822327f0269843fd1b60327c461a9cfb50dd6f584356656d7371,4,2,6,1,4,5,6,6,7,7,3,6,6,7,23,23,0,46,0.5,True
all_46,train_0129,19713646898bcc4cc375e25fa704f088bdf7a51210ad0cc5aacbc1ebed055691,3,1,5,5,6,0,1,2,7,7,4,3,6,7,23,23,0,46,0.5,True
all_46,train_0130,d977b1d3ea2265574c35218b7d079b7cfd26e60cfe282d1a13cd0c776c043465,2,0,4,2,0,2,3,6,7,7,4,7,6,7,23,23,0,46,0.5,True
all_46,train_0134,d415de286fea7752c8beafe80dfd629556e0e25abedfe0106fa46d346ecd8852,1,0,0,2,2,0,4,2,7,7,1,5,4,4,23,23,0,46,0.5,True
all_46,train_0137,e864062b4eff438f963ab3bbffa17539e29cbfdfc8bd9df59b1fe2c6448a4889,5,0,1,3,4,1,3,6,7,7,2,8,5,5,23,23,0,46,0.5,True
all_46,train_0138,8f7b8dcaac40c70f7d8685e7365a2e3917e7f52e4668e2b6ed5397b3454c9b55,3,1,1,0,4,4,0,3,7,7,4,5,7,8,23,23,0,46,0.5,True
all_46,train_0139,c8d78cda44a1e186f900099f1785f0c0a375423eb2d78d7fe651edf5dbc52381,3,1,0,5,6,6,6,0,7,7,8,8,11,11,23,23,0,46,0.5,True
all_46,train_0141,c0c62155e28173e4b52607863881bd56fae5502947bc3f4da1f659f0e7b9aa7c,1,5,6,0,6,3,2,1,7,7,7,5,5,5,23,23,0,46,0.5,True
all_46,train_0146,2b3463f9289c2e065980f6ed4114fcf12e25efa2de00913a88a31c06acae1fff,3,2,4,0,1,5,2,3,7,7,7,6,8,7,23,23,0,46,0.5,True
all_46,train_0147,57a37c8040f0c87bc2e7e86840060db13da3cc061b6b6dfe133f919623e7b812,1,2,1,0,6,5,6,2,7,7,8,7,12,11,23,23,0,46,0.5,True
all_46,train_0148,19306dc2826ec6cb94077065ca00c65c82fcd0408901a18d94dca08700cd9622,5,6,0,4,3,0,5,5,7,7,8,1,7,6,23,23,0,46,0.5,True
all_46,train_0149,55a2bd8c5963bf2f706331b1f6788a6c0ba8f7b350c7f878f3b78f11ae75f4ad,5,1,0,3,6,4,6,1,7,7,4,1,7,8,23,23,0,46,0.5,True
all_46,train_0151,1ed05b0e446606d85d070920b2690c9f773b2f532be84beab235d9965068d61c,1,2,2,4,5,6,0,1,7,7,8,2,5,5,23,23,0,46,0.5,True
all_46,train_0152,c88bf6755b0c57ef719520a528dca3cb33c7878269b5d5913d69dfe554800c26,3,4,4,0,6,6,0,5,7,7,5,4,10,9,23,23,0,46,0.5,True
all_46,train_0153,e6c7d1ecce21b325ce9d3e19ae1b1e791b0d9a57cc092035cf147eb5180e0a63,5,3,5,1,1,2,0,0,7,7,5,8,7,6,23,23,0,46,0.5,True
all_46,train_0155,f70ff6be383c6076f2634caf52dd714784b4c0107312202043bcce416ba0c027,3,1,0,4,3,6,4,3,7,7,7,3,5,5,23,23,0,46,0.5,True
all_46,train_0157,1da729cdbf7be7cbcf182cea2930e797a1b446b54880f71993929d93cf655310,4,2,5,0,0,0,5,3,7,7,6,2,5,5,23,23,0,46,0.5,True
all_46,train_0158,3e24bf8b6231b17f1d7c97f6cdaaa020addb8d346d88f26530c89e22decc9829,2,5,6,6,1,4,6,1,7,7,2,8,7,7,23,23,0,46,0.5,True
all_46,train_0159,f67472edb7a980fe425a8d87332a99401660c2a8345a30010eec24bfe0e597f9,6,5,0,1,5,5,2,5,7,7,1,4,9,8,23,23,0,46,0.5,True
all_46,train_0163,c5e2c49ba13206e7130cb33a609c9dc31277e56ad5546a2fbaf81f5297dc9462,1,1,4,6,2,1,6,1,7,7,1,5,7,7,23,23,0,46,0.5,True
all_46,train_0164,22dbd44bc8185c67fea84b3d6445998450a4ca2958a13ce0bbf3d092c0479ed6,6,2,3,4,4,1,6,3,7,7,3,1,4,4,23,23,0,46,0.5,True
all_46,train_0165,2940a47f8006c14f9a1acf00eb8b4464782c59022f8488f0d017aeaa3bfda7d9,5,0,1,4,4,3,5,1,7,7,6,1,6,7,23,23,0,46,0.5,True
all_46,train_0166,cc16f01feaa3acf5dbc9b9ef9964e3c68bf25fc077b3e552dcd19658aad3c3f1,3,0,4,6,6,2,4,0,7,7,5,1,6,6,23,23,0,46,0.5,True
all_46,train_0167,b65f0dd30d200265292ebe157fe9b9d7b9cf3557836f8621a8fe941fd9923415,2,5,6,3,2,0,0,5,7,7,7,2,7,8,23,23,0,46,0.5,True
all_46,train_0168,b93f835ca814e621e1cca269ba028a842e0e7605ea6445c21e1a2d8ca210c267,4,5,2,3,3,6,6,0,7,7,2,7,6,7,23,23,0,46,0.5,True
all_46,train_0169,ed0cbfa0ccb3bb242d226e397e43e8462efcbd2cd1cea4c272deccd6068b54c6,1,0,2,2,1,6,5,4,7,7,6,8,5,5,23,23,0,46,0.5,True
all_46,train_0172,77ed8813e3fcff314a960aef9ab297f3991ed6511439fb62fe0728b2a843fd1d,4,4,5,6,5,0,0,1,7,7,7,7,10,10,23,23,0,46,0.5,True
all_46,train_0174,979436665984c936412a58d3442313658a74c15b95a7d124b27eedde9bf95ec5,6,4,6,0,2,5,4,6,7,7,5,4,9,8,23,23,0,46,0.5,True
all_46,train_0175,f116b275c36fe0cc197592a71fda63d229b107108fc7c63a6d0f438912596260,1,1,0,6,4,6,4,3,7,7,8,5,8,7,23,23,0,46,0.5,True
all_46,train_0176,6aee991ec8b1b67897b161f101167296832881d7010f5037a172ceea8d3c4e0e,3,5,6,4,0,2,2,1,7,7,6,7,8,7,23,23,0,46,0.5,True
all_46,train_0178,0e11d7d18843f1a2220d2f5e7d4c1bd0454002655f74050df15c7ae312fe8797,1,3,5,1,2,0,6,4,7,7,6,8,4,4,23,23,0,46,0.5,True
all_46,train_0179,a2c9663247d093286397e2def8cfcd9a4ae3584b869fc02efa585a60238ce5f4,0,4,5,3,5,1,0,3,7,7,8,1,8,7,23,23,0,46,0.5,True
all_46,train_0180,b188130f1088d4301b241b7c5fecd484f270516c4bcf9f76566ac68e5bbee4c3,6,5,2,1,1,6,4,4,7,7,6,3,6,7,23,23,0,46,0.5,True
all_46,train_0183,ea02d2d20a4367f7298618140e8ff673d1dfbca5abf3569714f450c4f7adce2d,4,5,1,0,1,5,4,3,7,7,5,2,7,8,23,23,0,46,0.5,True
all_46,train_0186,b09ee7b1a6482765e74e624766ac0319cb7ca75a0fb78bf746ab1f0f09bcad19,5,4,4,1,1,3,4,4,7,7,7,1,5,5,23,23,0,46,0.5,True
all_46,train_0187,6a28c765353b13abf0336655b9a5fa3380164a7c820daf4f14fd47c60c3369cc,1,5,3,3,2,0,2,6,7,7,6,2,4,4,23,23,0,46,0.5,True
all_46,train_0189,f9bf8b3ba22198224586754f50e754b5a9b8bb2e59b0f61434c5a5b2775f3119,4,0,1,6,5,5,1,1,7,7,6,8,5,5,23,23,0,46,0.5,True
all_46,train_0190,2932fc3efb78f4b5b028818de691b3d5c09f1ecdf49e218da18b296de12dbfb8,2,2,0,6,3,3,2,1,7,7,2,1,8,7,23,23,0,46,0.5,True
all_46,train_0191,2b4146eb3240af3dac67c23fac0bad820b3aed1223e22f0459c52c0629179931,6,2,1,4,5,0,2,0,7,7,3,6,10,9,23,23,0,46,0.5,True
all_46,train_0193,0381a817fe1faf22fed9af77d3bf9e0692caa98a76f5da992dba9a6b8042b0d7,2,0,1,3,6,4,4,1,7,7,8,3,6,7,23,23,0,46,0.5,True
all_46,train_0194,244d3ca1fcb64ab8866687d66971772421fccd2587b1f0c387949765e5a31198,4,2,1,5,3,0,6,2,7,7,3,2,7,8,23,23,0,46,0.5,True
all_46,train_0196,1685d20ca1ec7370ba9d54c0d8192a4e0b5c9549a505318394cee0cdb43a16b3,0,4,1,2,5,1,2,6,7,7,8,4,5,5,23,23,0,46,0.5,True
all_46,train_0199,34715750a36fbd8455a5bfad69cb128b0822c43aaebbaa41526ff63263343da5,1,3,6,1,2,6,0,3,7,7,4,1,9,10,23,23,0,46,0.5,True
all_46,train_0201,f0873666a03e8a7c4789f31b2b55d8cc134a30967dbb439ec2c89158b25f3625,2,6,2,4,3,1,0,4,7,7,6,8,4,4,23,23,0,46,0.5,True
all_46,train_0202,dd990f109b748129036ba80583c6f82e937658eb281f1429664c98d9a2e166f0,5,4,4,6,1,1,4,1,7,7,7,4,8,7,23,23,0,46,0.5,True
all_46,train_0204,29de23965fe95c05c7bf28f3140d28d5dfffa37e2b5c0d6eca54cc3cd1775c50,3,2,2,4,4,0,2,1,7,7,3,2,8,9,23,23,0,46,0.5,True
all_46,train_0206,5cfbf9d01558b2b414dc9bea7ae89168f81e59a37894d3be34729c975673bc0a,1,0,5,1,2,5,0,0,7,7,6,1,7,8,23,23,0,46,0.5,True
all_46,train_0209,1b97767a77f67aedea50c628f9767d20f4a44291d4f5f303848f93d5bf9eec86,0,2,3,2,2,5,0,3,7,7,5,1,4,4,23,23,0,46,0.5,True
all_46,train_0210,c4a702a1b1b89cdbca32971095a9decfee2e1a76a494a4e603940bc784c93f59,1,3,5,2,6,6,1,1,7,7,8,2,5,5,23,23,0,46,0.5,True
all_46,train_0211,f8f3ee3e53ca3497420539b3e00399b21c59983cfd8807d60cf8e2857ad10d5a,0,2,4,0,0,6,3,5,7,7,6,8,12,14,23,23,0,46,0.5,True
all_46,train_0212,407f09d418c47551e13f70d5e0072450eed5e63995aa63487a2a2678c64f419c,4,3,0,3,6,3,5,5,7,7,2,3,6,7,23,23,0,46,0.5,True
all_46,train_0214,6495c5d836517a71e9da1bd584bce7965bc2a5f889ae3c41a7ace0d6cc4780ab,2,1,1,3,5,3,5,6,7,7,7,8,6,7,23,23,0,46,0.5,True
all_46,train_0216,a98e5cd8bd919c408d36c136bc9c5d181e44a389da14e9ffd6fbe9e91f059390,0,3,1,0,4,5,6,3,7,7,8,8,8,8,23,23,0,46,0.5,True
all_46,train_0217,c5e21c548657961b609e8480a0b03f860ceef32e23c6f5c4c9d0f5f055d574a1,3,6,2,2,6,5,0,6,7,7,4,3,7,8,23,23,0,46,0.5,True
all_46,train_0218,f0490d3eba8a81c481b94e3af570ddb57d1183b0b90d4bda4673e52ccf48044d,3,2,6,6,0,1,3,0,7,7,4,4,13,11,23,23,0,46,0.5,True
all_46,train_0219,2af44b0a63504549cec34896d206b0de670ccf4054443ed4a9507cb847f165e0,4,4,4,2,1,1,6,0,7,7,6,6,4,4,23,23,0,46,0.5,True
all_46,train_0220,841097537dc8b5dc43db1820ac82563c7977d305246adfc7b400ce68681da73d,3,6,0,1,3,2,1,4,7,7,8,4,4,4,23,23,0,46,0.5,True
all_46,train_0221,9c57d8be69ff37ea873b656cd829745f87fbb99dae433c5e347872740992d6b6,0,0,2,6,3,2,1,1,7,7,5,2,9,8,23,23,0,46,0.5,True
all_46,train_0222,06ca9a8bae74248f31b7bdde9af97af517a3b8454dcbbfd197a00dde72b00ade,6,1,4,0,1,3,4,6,7,7,7,7,6,6,23,23,0,46,0.5,True
all_46,train_0226,644d8701840c545ee3a070d603fd7557361627f21305d8d545f52fc580187adf,5,0,4,2,1,1,6,0,7,7,5,1,4,4,23,23,0,46,0.5,True
all_46,train_0227,2d4da4aed29113659cf6fddb50d2e0e51f78af881878424b5c6ebbb3c6de2c75,3,3,1,5,4,1,0,0,7,7,3,8,7,6,23,23,0,46,0.5,True
all_46,train_0228,f3e96162632184887b3625458057d42d5be356bf0b73ad1776c216bc0b6e1858,1,2,6,0,4,6,3,4,7,7,7,4,8,7,23,23,0,46,0.5,True
all_46,train_0229,c9899cff4e263128ece981f0de3ac030f21190f588224deaeda180ef142604cc,1,3,2,0,3,4,0,5,7,7,3,3,7,7,23,23,0,46,0.5,True
all_46,train_0230,9ecc6aec2d2dfe5554bf15fb4517965d2bd42c7dd8daacca8bb88a8cff2507fb,4,4,5,6,3,4,5,2,7,7,1,3,4,4,23,23,0,46,0.5,True
all_46,train_0233,a50ff3671ca1164f549926c4bba177e8a2d3cb1087a61d650a50c721725ceab1,0,2,5,2,3,6,0,0,7,7,7,4,6,7,23,23,0,46,0.5,True
all_46,train_0235,8a68c1677ccf9701f2bf234d7ab83d558f8dc7b5aefc13adad58a03615b34cec,4,0,2,2,6,6,2,6,7,7,8,8,8,8,23,23,0,46,0.5,True
all_46,train_0236,9a1919909baaa384c1d26e86d1e6006f8b45aa9a70c7d57ae97085d020e64440,5,4,4,2,6,6,0,4,7,7,3,7,6,6,23,23,0,46,0.5,True
all_46,train_0237,5648c0b9f362130903b0b1902dcae7a77fd6ad1a4f85b9ec5586f97d7cbb5e4f,2,5,4,1,6,3,1,5,7,7,8,1,8,7,23,23,0,46,0.5,True
all_46,train_0240,67029fb056a33fcbf6e8986e9262b4de230e37604ef17275364d261f17425b43,6,2,1,2,4,2,0,0,7,7,2,8,5,5,23,23,0,46,0.5,True
all_46,train_0243,c6af4cb5c7f51913aa3cbca1721f149cb39ef69d4ab71529c10a6f0083a8fd06,2,2,5,1,1,3,4,6,7,7,2,6,6,6,23,23,0,46,0.5,True
all_46,train_0244,fea4088dd6135b99d275fbef0846142161209239a10aa4e65eb6c63ad69ad0c2,3,6,0,3,6,3,5,0,7,7,6,8,8,8,23,23,0,46,0.5,True
all_46,train_0245,29393554a43bacad6622b3c4040ed1dcd0c1af57722f4075363c80406bcb50ce,2,1,4,3,5,0,1,2,7,7,4,2,4,4,23,23,0,46,0.5,True
all_46,train_0246,c6b9dcc1f37d9cc788ece2fbcc1a41fe3043d884899f61b293b48252925d2212,5,3,0,1,4,6,5,4,7,7,4,1,9,8,23,23,0,46,0.5,True
all_46,train_0247,e4cdca3f4af46bc3370910c1b2bd8a07f9d9a7a30c008f4e26ba5a7aa7137516,6,1,1,4,4,3,2,1,7,7,4,8,4,4,23,23,0,46,0.5,True
all_46,train_0248,a83f6ea7aac5e15266fa1cdd2b339e4976116c985e95e0c908779700512c04a4,0,5,5,5,0,4,3,0,7,7,1,8,8,7,23,23,0,46,0.5,True
all_46,train_0252,ec1c882a042be8df6dd01e45ceb50708fc42fee06334c2154d4182040d068fd1,3,1,0,5,4,5,2,0,7,7,7,2,6,7,23,23,0,46,0.5,True
all_46,train_0259,31901ba27782fcc7f94f5dc80517517551159f2f9b3e8822559c9618c87db362,0,0,4,6,6,0,2,1,7,7,8,3,8,9,23,23,0,46,0.5,True
all_46,train_0260,c54fecd916669466591892ec2dc00d2f7a125e8e853757198d4fa4c57e9679d9,2,6,0,0,3,2,2,4,7,7,5,2,7,6,23,23,0,46,0.5,True
all_46,train_0261,e07752377bafeaf82fb6377cbc7e1d640e09715e0ea0d8b1cebd5529bbe27021,0,4,6,4,2,2,1,4,7,7,4,1,8,7,23,23,0,46,0.5,True
all_46,train_0262,4936893975d6ac59c3d7f6560982e6067a476bf3ef7dc40a199cc9be5f30da23,3,4,5,0,4,5,2,4,7,7,2,1,6,7,23,23,0,46,0.5,True
all_46,train_0263,ebaa315e0d486bad6959ee4f272e5a879609b17a49785c33baad01546d1bba10,6,4,3,4,5,2,1,6,7,7,3,7,4,4,23,23,0,46,0.5,True
all_46,train_0264,ba1579482ed7cb6911a732b4505f8efc545ca07e8925e2763fe9d1ca43784a0f,3,1,5,2,0,4,1,6,7,7,6,7,7,8,23,23,0,46,0.5,True
all_46,train_0269,922149e849301c77cc6024d0929665a20a3b5495a9d1919cff3087f3283c3a37,5,3,3,4,5,1,0,6,7,7,2,8,5,5,23,23,0,46,0.5,True
all_46,train_0270,dafa8135dc47f87a9e34a37c3f2c0db77df108bfdb4fd4642379229e409d9604,5,2,0,2,6,0,4,5,7,7,7,4,8,9,23,23,0,46,0.5,True
all_46,train_0271,c8ab51c93e8ab6a699aae2c6ee047972ecd7156749d184c390858ebac72b91f2,3,6,6,2,4,6,0,3,7,7,1,6,6,7,23,23,0,46,0.5,True
all_46,train_0273,a965fa5fedb82e06df20de056d60cd5bfad8cadc8a24fda8cf4c8d8edee575b8,3,2,4,4,6,2,2,2,7,7,3,1,4,4,23,23,0,46,0.5,True
all_46,train_0275,aa8db80f7c802b4ccf39bbf0d0c2d76321e3bea4f3a662b7963da226c02271a1,0,1,5,3,1,5,2,0,7,7,5,3,6,6,23,23,0,46,0.5,True
all_46,train_0276,e671fe8116baa9d28304ad2d258c039923ef4fc6eee9160166ce9479590c58e4,2,3,6,3,5,1,0,3,7,7,7,4,9,8,23,23,0,46,0.5,True
all_46,train_0278,ce36966299de7f610734a944ec9aa14f55237c2f52959550e2a3c836728bae9f,2,1,2,4,4,6,2,0,7,7,7,1,4,4,23,23,0,46,0.5,True
all_46,train_0281,4323587f42e278cddd1d4d9c6a485e55bab3fad8a8e35414f33da9d65e0701ac,3,2,1,4,4,0,6,6,7,7,3,7,7,7,23,23,0,46,0.5,True
all_46,train_0282,5a33ddcfe154f477bcc330b17e62bca835156df978e75930776dc76cba19a8ee,3,2,3,6,1,2,4,1,7,7,4,2,6,6,23,23,0,46,0.5,True
all_46,train_0287,03ebddbdb01ad7765d47f2f1b56a5778b3cdcaf034ab65d24300cf3962cfc2ba,0,0,1,4,0,1,5,2,7,7,1,7,6,6,23,23,0,46,0.5,True
all_46,train_0288,13575f9b51b890d9e71701b91a28c5d11c1a7c0e99a6bde354beb26b15c9dcb8,0,1,3,0,3,6,1,5,7,7,8,5,6,7,23,23,0,46,0.5,True
all_46,train_0289,7381c7f6057093188b4360f902899ef941ba119017e2832a58dfb591bb6cab15,5,4,0,4,4,2,6,4,7,7,3,1,6,6,23,23,0,46,0.5,True
all_46,train_0291,0b650585a97b1f0c1dd89cc8f86d067877c459f558f1801cf79cf145ff825d79,3,4,0,1,3,6,6,4,7,7,4,3,8,9,23,23,0,46,0.5,True
all_46,train_0292,0b4b25c7ef351e47c6b7b515ebf2e739fc8bd28a2d2400a6cdf1c73698c53528,3,3,6,2,2,6,1,3,7,7,4,2,12,10,23,23,0,46,0.5,True
all_46,train_0296,aa7c25a6aa23ba1dc3ea57134bf9b21a2acfd3c71b3cff7183247269bff9fb6b,2,5,4,4,2,4,2,2,7,7,1,7,4,4,23,23,0,46,0.5,True
all_46,train_0297,7282b21954b324d6e8df33e1d0c20f8b67330c4aca74e3220f2ed760c50742c5,4,4,0,5,6,5,2,2,7,7,3,4,8,7,23,23,0,46,0.5,True
all_46,train_0298,4782ee9fbf1696bdfda3586e8ee9722ccc09fdf25d264c1a33b87ce76ce3449a,0,5,3,4,1,2,6,5,7,7,4,8,4,4,23,23,0,46,0.5,True
all_46,train_0299,bd80c580a85511371f8292abc7d8a85f1467961df54edc95c0bdccf12ffb82db,5,2,1,4,1,0,6,6,7,7,6,7,6,7,23,23,0,46,0.5,True
all_46,train_0300,32305e017aed10a0945d59cf05cf9e1c4ac015dad6cd506b6f434c47e4fa7097,1,3,3,5,0,4,6,4,7,7,2,6,4,4,23,23,0,46,0.5,True
all_46,train_0301,0f7c6cfc4e76fccf89c0f4d5fb58989f531adb69014012c1180f19b0de065679,0,1,5,2,0,0,0,5,7,7,1,4,7,8,23,23,0,46,0.5,True
all_46,train_0302,09b5434c0ab9ea68dbd61757f933bce4a5162d2855e08941c5e3c68228981fc3,2,1,6,5,0,2,0,5,7,7,3,6,9,10,23,23,0,46,0.5,True
all_46,train_0303,548876ffb3e29f2fc1ec1d81b42f4e4173b48a556c668232690d6b3d426eb542,3,3,5,4,0,5,3,6,7,7,5,5,6,6,23,23,0,46,0.5,True
all_46,train_0304,2519f94aeb8d051e0bdca362169df5b04fbaad4c560769af65f29a5308d389e8,1,5,0,3,0,6,5,1,7,7,2,8,7,7,23,23,0,46,0.5,True
all_46,train_0309,568b063547fd7b4ed462676ff3d6bef601eb0fd0821d259176d12dba2966dfce,6,5,6,3,1,5,2,1,7,7,5,8,7,6,23,23,0,46,0.5,True
all_46,train_0310,e4f17cbf47a4191a248a4d2dc5e569fd8bb9554eb025bac1a3b6891f26f90155,2,3,4,0,0,3,5,5,7,7,4,5,7,6,23,23,0,46,0.5,True
all_46,train_0311,d2ad3873a01c6ff6a7187ff94fd7c9cac176845fa2359248dd67a938a1a3a473,2,3,6,4,0,3,1,1,7,7,2,3,7,8,23,23,0,46,0.5,True
all_46,train_0312,4b15f118be75587a494677f5091241cc411ee65db281711e0a165bf69a605c79,5,0,4,6,6,4,3,3,7,7,5,5,4,4,23,23,0,46,0.5,True
all_46,train_0314,bfca940d33951b6d8a37a5501689a48a5d09b5ee90465353a6063c3d10951453,5,3,3,2,0,1,3,6,7,7,7,5,4,4,23,23,0,46,0.5,True
all_46,train_0315,f7b82e76001b6fef63318c7d4b0bccc3b7e4fba562c66b1dcf4985e5e57a1fd1,6,2,3,3,5,6,6,1,7,7,5,1,5,5,23,23,0,46,0.5,True
all_46,train_0316,4a524641f4811f6aa2cc0ae87c0f3e0894a1eab9cb9a4b655cf7665f9f85ab12,2,2,6,4,2,3,1,6,7,7,1,5,7,7,23,23,0,46,0.5,True
all_46,train_0319,bc30ad596118ffb34990628ad662b018f3db07b6823a3c7454a4a298d45e2616,6,0,4,5,2,1,6,1,7,7,5,1,6,6,23,23,0,46,0.5,True
all_46,train_0322,a84409e9486e3e8ea52818749ad46ca16321e1bd6f8c363b5c21ba160adc7dc2,0,6,3,0,0,4,2,3,7,7,2,5,11,10,23,23,0,46,0.5,True
all_46,train_0323,86ac5d503bbbb880e67d7ca3a42340c0273a0aafce3071daeebe0ad28ecd8acb,2,1,4,5,2,2,5,1,7,7,1,7,5,5,23,23,0,46,0.5,True
all_46,train_0324,ee83067c9c78c20c59c536874c1b930142f1bfdc03e5a3ae2721c50d20c41718,3,5,0,4,2,0,5,4,7,7,8,5,6,7,23,23,0,46,0.5,True
all_46,train_0325,2f8e92a88f3d8a38437fd2fe249d51cc2b913f7b6ca9e3794162c6673b17453a,1,1,0,5,3,2,2,0,7,7,3,2,6,7,23,23,0,46,0.5,True
all_46,train_0327,08f8729b916d8e68e6ab55be5188adeac0512ab6e24ec9ec01a483df9397963b,1,2,2,0,6,1,3,4,7,7,6,4,5,5,23,23,0,46,0.5,True
all_46,train_0328,d1f68273cd978c59033a37cdb36507463020c7da56aa8cfcd9e9e9abce4c3ebe,3,3,6,5,2,4,6,0,7,7,2,8,5,5,23,23,0,46,0.5,True
all_46,train_0329,d8d7db4680e2adc5207ad19fb9f0b803e3cc92a02d5ba0e6d1024952b2cd9246,5,5,2,4,4,6,0,2,7,7,2,8,4,4,23,23,0,46,0.5,True
all_46,train_0330,474b5849605f1af1759d808ea529a26614f767fa53e447ecb4618c52458fc823,1,4,5,0,2,3,4,5,7,7,2,6,6,6,23,23,0,46,0.5,True
all_46,train_0331,8b8965191b7efa1466284be8e202ad66e73b7dd2d5f45e6495bd2fc7c1e74d08,4,5,6,2,3,5,1,4,7,7,1,4,6,7,23,23,0,46,0.5,True
all_46,train_0332,3de35a07093fbc58fa9b81456acd9dc5a16ceb7ebbafbd6cc2fb6669fb5c5061,1,0,5,3,2,4,3,1,7,7,7,3,4,4,23,23,0,46,0.5,True
all_46,train_0335,6f256bb8841a1ec0311c9518fda7017b69d87786e86d97ceff70131039859017,1,5,5,3,0,1,4,0,7,7,5,8,9,8,23,23,0,46,0.5,True
all_46,train_0337,cb0697eecd7b6758a02b27b3dea65ce6851535cee5713a388ec33dedfa980438,2,2,6,6,4,6,3,1,7,7,6,2,8,8,23,23,0,46,0.5,True
all_46,train_0338,3164999d9a350417f42653e0e012a4dce4f4d55f9af41ba3c3a02546f246fd1a,1,5,3,3,2,0,6,4,7,7,6,8,4,4,23,23,0,46,0.5,True
all_46,train_0339,801a63f66e14e4dff364b38fc621f6032379707e7ad53cf2269d246acf534798,3,0,3,4,0,0,1,2,7,7,3,4,9,10,23,23,0,46,0.5,True
all_46,train_0340,3b3ce46aa79d2e99f99703c67b2a886c388a4ba988c6d5a0560f3e5d86f8493d,5,6,3,4,0,5,4,1,7,7,6,6,4,4,23,23,0,46,0.5,True
all_46,train_0341,07f5f924520f59e32135f7c2ad5eb4fc876f28433a206b8044adcc531619f4e6,2,4,4,0,3,5,6,5,7,7,2,5,6,7,23,23,0,46,0.5,True
all_46,train_0342,53c8aba0e256b652188942d13bf7c2ada209aef66a9a5c1117eccb4ae956a29d,0,3,5,4,0,2,0,5,7,7,1,4,7,6,23,23,0,46,0.5,True
all_46,train_0343,ba598e96b912905b5fc32334a9ae4823f3bfb09a621b71fe0339bab94395e8d5,2,5,0,4,5,5,5,1,7,7,5,7,8,8,23,23,0,46,0.5,True
all_46,train_0344,aadf820178a1bc48f949ef2457ba2e5b0fe14c3b0cf76421218186ad58bff627,1,1,4,0,0,3,6,4,7,7,3,8,7,6,23,23,0,46,0.5,True
all_46,train_0346,027c26c2a0503c4310951a3676f7fadcc1c17e832e99b464f8afe205245c958b,4,2,0,6,2,1,5,3,7,7,3,2,7,8,23,23,0,46,0.5,True
all_46,train_0347,60b0adf4ecdb8f609f3baad0a3d0e42a5f9d992af711c4dfd2155dfe3ba5df8b,4,5,6,4,4,3,1,6,7,7,4,4,9,9,23,23,0,46,0.5,True
all_46,train_0349,b92def1a7d004f8788b799375d089ec48b3c3500fd5eee0aa4c6f855e0d95e0e,1,1,3,0,0,3,5,5,7,7,5,8,6,7,23,23,0,46,0.5,True
all_46,train_0352,4ae0bf239bc2a0af2313c3396709ade4548d009761982d71f4ecfd5bc650ffee,5,1,3,5,1,1,6,2,7,7,8,2,6,6,23,23,0,46,0.5,True
all_46,train_0354,e7cb9fb95cd10ee8602ec0f0e3c00a51b23a748f773aa4d98eee9221989ba0cb,1,2,6,0,3,5,1,1,7,7,5,1,8,8,23,23,0,46,0.5,True
all_46,train_0358,3afe4b8da941e7fdc4ccebdd4c45c17c81bc3a1418cf5ad732148c15d4030d82,1,6,4,1,6,6,1,5,7,7,7,1,7,7,23,23,0,46,0.5,True
all_46,train_0362,4dbc24fcdfa05f497aef78066e373378a553f44dce0bd318ca23d931dd83978b,3,2,4,6,2,4,5,3,7,7,3,5,4,4,23,23,0,46,0.5,True
all_46,train_0363,2a91dfd1c230a6e5e09a9e035673321648b59bd74ff7cc9d43a4560403c28b32,5,3,3,4,1,4,2,1,7,7,5,5,4,4,23,23,0,46,0.5,True
all_46,train_0364,aeaccffb93368dad9ced5f63784eea716c15cc55f505df060512b6380eeef897,4,6,0,3,3,5,5,3,7,7,2,4,5,5,23,23,0,46,0.5,True
all_46,train_0365,3d4d26bc97d943c15c3454fec5c396ff97a8da01b88666d038109a65a4a5c51f,2,1,1,6,2,0,5,1,7,7,1,5,9,9,23,23,0,46,0.5,True
all_46,train_0366,1d33a88aef3d08d17acb4b925ab27f95142f9824b0f37406537a46c727c7c962,2,3,5,4,1,0,1,4,7,7,4,2,8,8,23,23,0,46,0.5,True
all_46,train_0370,3a8747b2052c3aa5152470bb449bf7a5e98648f6cf0714cfc3188c0cf64ed715,2,4,1,0,0,3,5,2,7,7,3,5,6,6,23,23,0,46,0.5,True
all_46,train_0375,efeb3cd87cee0ccd7d3ea0b998602698520fa577644fae67e6ceb1de1da0190b,4,4,2,0,2,5,4,6,7,7,3,2,11,10,23,23,0,46,0.5,True
all_46,train_0376,925e4df29c76d195d9cf1fde75a75cfa02f21cf9682800d50d445dacd68de047,0,0,2,4,4,2,2,0,7,7,6,2,4,4,23,23,0,46,0.5,True
all_46,train_0377,62bb56731ee03fd0b8fdff74d3f5fea2e89a28dc077eaa9f1508b15881b42733,1,2,6,4,2,2,3,4,7,7,1,4,6,7,23,23,0,46,0.5,True
all_46,train_0378,f00ae2e915af6d224d6a805632a8398989c109286d96a9a6f275d3bd92678f6f,2,0,1,6,0,0,5,2,7,7,2,5,9,8,23,23,0,46,0.5,True
all_46,train_0379,ff6d5d26c8a1d117e91cde38facfa8ee6fd4eb1cc708ab2a4d862318ea773f60,4,0,6,6,2,0,1,2,7,7,2,5,10,9,23,23,0,46,0.5,True
all_46,train_0381,779f6f101d9cf4ec4b5796c75dc79e9adc1b825ce4a2a39404ff72515a94a209,1,3,1,6,1,2,6,3,7,7,1,7,8,8,23,23,0,46,0.5,True
all_46,train_0382,b8c7b718bac462e9e3dfb46c94f69d94d228e321ea02e4d89ae230776cfda01a,6,1,2,6,0,3,4,3,7,7,8,4,5,5,23,23,0,46,0.5,True
all_46,train_0383,6520191dfb0d4f6f9dfecca5b0d38b328aade51d6eed2011661f4ba47af0dbfd,1,1,2,4,3,1,5,5,7,7,2,8,4,4,23,23,0,46,0.5,True
all_46,train_0384,eaacd1f8907f4aa5ddfa084811ac952e3b1384f7f1e424974226caab4b30a032,3,2,5,6,5,2,4,0,7,7,2,3,6,7,23,23,0,46,0.5,True
all_46,train_0388,17a4be257154b0504a5df81ec6cd4b25fb67809a450cb90f2af94abe759579f4,6,4,4,1,1,2,4,5,7,7,7,3,4,4,23,23,0,46,0.5,True
all_46,train_0390,65d647c56a74745f5214048a1fb551c7bf0a6e143d9d6cae502a5957d51b3668,6,1,4,0,1,3,6,4,7,7,7,5,6,6,23,23,0,46,0.5,True
all_46,train_0392,49d3f3bc8dcb9cbd32fbf98c5cbf2ba8d404f3db45cfcdf58ec13c43cfc35f7a,4,0,0,6,3,0,6,3,7,7,1,7,9,9,23,23,0,46,0.5,True
all_46,train_0393,1b3685ec22a2620924eb1a8048b0f8bcbb528c5ae03931aa29055d929604a52d,2,4,5,2,1,2,1,5,7,7,3,2,6,7,23,23,0,46,0.5,True
all_46,train_0394,b9d09c2dce1c10901ddfa72b34b383929cd827c77d4e619e0da246f3e8dbf940,2,0,0,6,3,1,5,3,7,7,2,6,8,8,23,23,0,46,0.5,True
all_46,train_0396,3ed4fde8622afe5dbe0ae3062a5d61e7304ad90534edb307d5c03fd6641c9983,5,5,3,0,6,5,1,4,7,7,1,5,8,8,23,23,0,46,0.5,True
all_46,train_0397,7fdd42f3e268b44ec2a260e9bb0473e43eaf2c6e939c65b458558240678397d9,1,0,6,0,4,2,3,4,7,7,5,6,6,7,23,23,0,46,0.5,True
all_46,train_0399,bc2649be725560729032b1f1c9a73d4d8e782153a1183dde67229bb676c0f172,1,5,5,2,2,5,0,1,7,7,1,7,6,6,23,23,0,46,0.5,True
all_46,train_0402,26d78144bbf7aa3548e736970e4655184bd18d50bb01562e9ec821326a5fb9ab,4,3,2,1,3,5,6,1,7,7,3,4,7,6,23,23,0,46,0.5,True
all_46,train_0403,667b99fe1209afb79f0b4db330387fadcbbf228215a6d672512b74956016ea38,3,1,5,4,1,0,0,4,7,7,3,6,8,7,23,23,0,46,0.5,True
all_46,train_0405,4750612b3637aa6abb2f8366ec82e024eb66b06aff5cb43c9d0e53acc2f5a51a,2,4,0,6,1,1,6,6,7,7,4,6,6,6,23,23,0,46,0.5,True
all_46,train_0406,1b0120099f93a00ddb01a563d73f26b01cb8242a7f41e3c6e9d03a2ffeb7d48c,1,5,5,4,2,1,0,2,7,7,5,4,6,7,23,23,0,46,0.5,True
all_46,train_0408,cfabecd8b3f21569c6a385c367bd334c47534d013a711150e0adc2369a6c5d0b,3,1,6,1,3,5,6,6,7,7,4,8,7,7,23,23,0,46,0.5,True
all_46,train_0410,c9cc48ed28e6a2aba80711bd8579f52797034bb34efd8cfa7100beaab46126be,3,4,3,1,4,6,0,3,7,7,7,4,8,7,23,23,0,46,0.5,True
all_46,train_0412,0c2173c2e91cf89cef44ab82936116ece8d8a90526d20a747efa137ab09be3ff,2,3,5,4,0,4,4,1,7,7,3,4,7,6,23,23,0,46,0.5,True
all_46,train_0414,ce764bf66dc3b5ecc914342198069df8a96cc1f631fdc95f6bb98982117bbf9a,1,0,2,2,0,0,0,4,7,7,1,7,4,4,23,23,0,46,0.5,True
all_46,train_0415,8a3278a5fc3e03fd7a8936d7d3f1d136c9c9d8c786bf66ae71f86c1ddd3c0b50,3,0,3,3,2,6,6,4,7,7,7,7,4,4,23,23,0,46,0.5,True
all_46,train_0417,41ae3c9a8639b0ba088991f62410302a0cd7c20a1570f310781a89953d08bd52,4,2,3,4,3,2,0,5,7,7,1,7,4,4,23,23,0,46,0.5,True
all_46,train_0418,d8a2f09c6cfb3b2e218a03829069ad18c14ee89bbc2e9911474f4e61e0ce6d3b,3,4,3,1,5,3,1,3,7,7,5,3,4,4,23,23,0,46,0.5,True
all_46,train_0419,fbbdd9428b1ff88b657d15d209eaf0429ac2d74868266e4a76fedaab82bd1485,4,0,2,6,2,0,6,0,7,7,2,2,10,10,23,23,0,46,0.5,True
all_46,train_0421,42547ec663a263581c1f69d5715c6b57b87bfc530b7f2c1147857760ff5db86b,2,4,5,5,2,2,1,4,7,7,2,1,6,7,23,23,0,46,0.5,True
all_46,train_0422,1fea566884fccc0e1376e481c3a0308af23d72ff9562b61fe5ba3469b88a39ca,6,1,2,2,2,0,6,0,7,7,5,1,8,8,23,23,0,46,0.5,True
all_46,train_0423,da2cc9bb79929fda6e1f84cff0cc242362cd2a0446fab5b3ce398f554d3bd0ef,4,2,2,4,0,2,5,3,7,7,6,2,4,4,23,23,0,46,0.5,True
all_46,train_0426,950c4e8aacdc1201c7efc333f6a6dc5fb154a9a93f9d31ed50cd02164bd9e14b,6,4,0,1,5,5,0,6,7,7,2,8,9,9,23,23,0,46,0.5,True
all_46,train_0427,d93ef187377e2c2aab4d860777dc76c1ee8d422280c69e884fb795c01913e1a8,6,4,0,1,3,2,5,3,7,7,5,2,6,7,23,23,0,46,0.5,True
all_46,train_0428,48303d979697bed0758013d28ec34511420cb45c15fe173d838aad10f2078329,1,2,5,4,0,3,2,5,7,7,2,4,6,6,23,23,0,46,0.5,True
all_46,train_0430,1aa7999d16a513cf1ecf2112527050d79b4a1affdc122469049ca8c367796a26,4,0,4,4,6,2,3,1,7,7,4,2,4,4,23,23,0,46,0.5,True
all_46,train_0432,7d7b211c8ff0683ab98ce43bf4ff60a294d893de8c7ec0e8f2e9b8aca28accf9,5,4,2,2,6,1,4,6,7,7,4,3,7,8,23,23,0,46,0.5,True
all_46,train_0433,8a72d54fe909691b63915a1694cd571ae6c645c89b332ec6bc16f16c3dcc6f74,1,4,6,6,2,2,1,5,7,7,3,1,8,8,23,23,0,46,0.5,True
all_46,train_0435,e17ca56e847d91ca17cd15aa692677c6ae9b2018a60ea0d87b0bed0cbee0515c,3,4,0,2,5,2,2,5,7,7,4,2,5,5,23,23,0,46,0.5,True
all_46,train_0436,89b9a093395dbe4269f33a953c4417270909b8f0374ee54b7db37ea81c966bc5,3,5,4,3,0,6,0,0,7,7,4,8,7,7,23,23,0,46,0.5,True
all_46,train_0437,540cf0cd3032a994cbc4d378e7d2666df8fa81798b93cf66fddf703a6537102d,4,1,4,5,1,1,6,1,7,7,7,4,7,6,23,23,0,46,0.5,True
all_46,train_0439,92a10456f722da3cd2c5a41451f320410109e8c32e659c92902b536ccbe8a3cb,0,5,3,0,6,5,1,0,7,7,8,6,8,8,23,23,0,46,0.5,True
all_46,train_0441,70d80c154d458b7b0828d313c274a8c6369d1860f76857ec85384c3b6d8414fd,5,4,3,3,0,2,2,0,7,7,7,7,4,4,23,23,0,46,0.5,True
all_46,train_0443,b536257b4c99a066e7796f1b5458dbc24919a5e18135bd5a3ff2b7907f66fca2,3,1,2,6,6,1,3,0,7,7,3,1,9,9,23,23,0,46,0.5,True
all_46,train_0444,fb38c72755a0a4d0dfe86f9c582b2f9a2b331568a904a37326aca63f76e2ae91,6,2,3,5,4,1,1,1,7,7,3,6,7,6,23,23,0,46,0.5,True
all_46,train_0446,9853e0e0d955e2fea96d241e4f2f370d34a405ccea4f99c1e8aaa19092f789f5,1,4,6,1,6,6,2,4,7,7,7,1,7,7,23,23,0,46,0.5,True
all_46,train_0448,c6ca53fc84a8deb2a459fffe71dc23d6af3ae371cfe934b8005e8dbaec586a42,1,0,1,6,3,0,6,3,7,7,2,8,8,8,23,23,0,46,0.5,True
all_46,train_0451,be2c5bd44079c26e1a22d20b070d17e17afcc0ab5f1d02d8fae016104ae6ff29,5,4,3,1,4,4,6,2,7,7,1,3,4,4,23,23,0,46,0.5,True
all_46,train_0452,94c04af0ed4bbc7112a818fe7d373dd679ba6f18f605e4c172499aa3b2ca1426,0,4,5,0,1,0,6,5,7,7,5,7,6,6,23,23,0,46,0.5,True
all_46,train_0453,f9f7d76a7680ebe754663d6cea513a963041bb985b9830613888291c312e686e,3,5,0,1,6,1,6,4,7,7,7,4,8,9,23,23,0,46,0.5,True
all_46,train_0455,cdbb0eb693bf96de30d3b716132a85a0c3e49f315ea7fd58d10925c9b0f995ca,5,4,1,5,4,1,6,2,7,7,4,3,7,8,23,23,0,46,0.5,True
all_46,train_0457,e89c9995b9cdc3e872c125bd376d6109f27cbcca2ff8d9039309b365c3b7cddc,3,3,3,0,5,4,2,5,7,7,3,3,6,6,23,23,0,46,0.5,True
all_46,train_0459,a2486b9f686ef33c36d2b5e7dee73f016dc21bdfdd0eba1566141800248c6adc,0,5,4,2,4,6,1,6,7,7,5,2,6,7,23,23,0,46,0.5,True
all_46,train_0460,34d866efa6e5a00aabca304dc24778352c0fbaa14c448f95aadc9c5a6cc65777,2,3,6,1,3,0,1,3,7,7,4,1,6,7,23,23,0,46,0.5,True
all_46,train_0461,00ff4020fe7389eba9a404f6273d03369b1121346de798e18c65657b3f693642,5,5,5,2,2,1,3,4,7,7,7,3,4,4,23,23,0,46,0.5,True
all_46,train_0462,a56435418ab64f6bcabe52f76513b99643333be9898843cb533899752bad9d2c,1,4,6,4,1,1,0,3,7,7,3,2,8,9,23,23,0,46,0.5,True
all_46,train_0463,f29be8629f41aa5421ec69bf8bbcf5b0cdc3376a8ecd4bdffdcdb8c7d8f4e10b,6,4,3,3,6,2,1,5,7,7,2,6,4,4,23,23,0,46,0.5,True
all_46,train_0464,09bf19fa5fce255d605590daf66466237dee35454ae412f309c045f0409ae05e,0,1,3,5,1,1,5,0,7,7,1,6,6,7,23,23,0,46,0.5,True
all_46,train_0465,c36f76e090b4f56a0227cbee7053ae3f51b08043258d3522d6a142ad54dd1d77,4,0,0,0,5,4,1,5,7,7,5,8,9,8,23,23,0,46,0.5,True
all_46,train_0466,2cdfca19f3ad14ac77153c9e49fca02143d5e8d7641eed64e206c4c31b8b0b45,3,4,5,5,0,6,1,3,7,7,5,3,6,6,23,23,0,46,0.5,True
all_46,train_0468,db9357f21aa86729007a54b2c28093fb67a88fa01ca068cc426ccf6fdc15f211,0,2,1,4,3,6,1,0,7,7,7,3,6,6,23,23,0,46,0.5,True
all_46,train_0469,b206c0f077aa3c3682213c19be40b54c39300c6422d1fb86e550a49fd8494d05,6,0,5,4,1,2,0,0,7,7,7,8,8,9,23,23,0,46,0.5,True
all_46,train_0470,a725ffdca6392ef723feef153b5f0c05d2bbeca2a4eb762ab4568599e45100c3,3,6,1,4,6,1,4,0,7,7,8,7,8,7,23,23,0,46,0.5,True
all_46,train_0471,138d2c967988db46b280fb047ac2530d532cd3a163a9ef5746384b5e80bbdc8f,5,1,2,2,0,4,4,0,7,7,8,2,4,4,23,23,0,46,0.5,True
all_46,train_0473,47006f4c0d5d7b1259130929231e6c0ab73f2f7d63829c1ebc158bd42b271869,2,6,0,1,3,4,5,2,7,7,3,7,6,6,23,23,0,46,0.5,True
all_46,train_0479,830a4b58c7f21f642b1035278b0c7b1aeb88880c94f257a31cc477f7485a77f9,2,4,1,6,4,4,2,2,7,7,4,2,5,5,23,23,0,46,0.5,True
all_46,train_0480,5f01bc0e43c1d80bb9c409d5b9f676d36a5c35c15460c301b9d60a95cf4e40fd,6,6,5,0,4,5,3,1,7,7,7,8,6,7,23,23,0,46,0.5,True
all_46,train_0482,47ad0773374f02bf48d7536787cd389aefc5ea5ce1ffb4dd59592f14106ea29b,5,3,0,2,3,3,4,0,7,7,4,4,6,6,23,23,0,46,0.5,True
all_46,train_0484,f83d71316aa67afbc76cf1a9ee6d75e843f7ffa5cd6f8ff3b21fa01c23013f2c,2,4,1,6,2,1,4,2,7,7,3,4,6,7,23,23,0,46,0.5,True
all_46,train_0485,4ac6dda80e8a1adadaa9a8bfd1bc7e6e0b7160719767d8ecc022656c5c081618,2,4,6,2,1,3,2,5,7,7,2,1,8,9,23,23,0,46,0.5,True
all_46,train_0486,cf4bd654504964c79ee1a2def969185846a7a72786c3d6c2a69143dd92130d82,2,4,6,6,4,2,3,5,7,7,4,2,6,6,23,23,0,46,0.5,True
all_46,train_0487,196fc610cc7a4335f94fb83fe6e24a73516d20b19488d6e08051665ba9b544b0,1,2,0,6,1,0,4,4,7,7,4,5,7,6,23,23,0,46,0.5,True
all_46,train_0489,05386b12d1c5aebae34cb01e0dd4b710fdf7d854952c830668ec05aa0a0f6a4f,3,5,5,0,0,0,4,5,7,7,8,1,7,6,23,23,0,46,0.5,True
all_46,train_0490,916968e63282c51253c63fe19a2da8ff9cb55662379f3e3133aea75c95d9611d,0,0,4,2,2,4,1,1,7,7,6,2,4,4,23,23,0,46,0.5,True
all_46,train_0492,c452d57330096ac4728b61946ee111e61cbb52d622fa0aeaee16f498ac246687,4,2,0,0,0,6,3,2,7,7,8,1,6,7,23,23,0,46,0.5,True
all_46,train_0495,5388e0a2138f956dd8d0769413b5e3fe14ff5406b51da312a2051b882666f329,1,0,6,6,1,6,4,1,7,7,8,4,9,9,23,23,0,46,0.5,True
all_46,train_0499,4d67487cfe1c15e191af96a7dc10c819df82ef69095a3278465baa6f104776c3,6,2,1,4,4,6,4,2,7,7,6,4,5,5,23,23,0,46,0.5,True
all_46,train_0505,73534d237fffcb8824ed133b4a30265a68a3edcc9833809c06a855ed4dac296b,5,3,6,1,0,2,1,6,7,7,6,7,9,10,23,23,0,46,0.5,True
all_46,train_0506,2f581c7b622cb5cf6db53ea90d95a8da41d83116fa6f1a28d36f226b2d851021,2,1,0,0,3,1,1,3,7,7,1,3,4,4,23,23,0,46,0.5,True
all_46,train_0508,c874bb2f87f9b6e49994a2fde480083e1de9db4533c117431afebaebb4fd67b0,0,1,0,5,4,5,2,0,7,7,8,3,6,7,23,23,0,46,0.5,True
all_46,train_0513,218a0203f91de4850b0c1a807bedb8c19dc19b2fd29cf5deec6c01101f4d50db,6,5,2,4,6,6,6,1,7,7,1,4,6,7,23,23,0,46,0.5,True
all_46,train_0514,79ec175314457e2614f51bb0609ae31b432ccdc3fddc4632e0f768d392e653ac,1,2,5,1,0,0,0,3,7,7,3,2,6,7,23,23,0,46,0.5,True
all_46,train_0516,09c26d391499bf97fd6e428017b49bd88b592b5377fcb80d7d26e5b55758d479,3,5,5,0,5,6,2,4,7,7,5,2,6,7,23,23,0,46,0.5,True
all_46,train_0517,41d3a576bfb767132fcbd34c7620600e6cdd9881720cb31089342f4aa0ef8c5f,3,3,4,6,0,4,4,2,7,7,4,6,6,6,23,23,0,46,0.5,True
all_46,train_0521,40af501f29ba7e8e83ca8d17bdff37be3801ea26da8b8e9cd944f9d87fd938b2,6,5,4,0,3,5,1,3,7,7,7,7,6,6,23,23,0,46,0.5,True
all_46,train_0522,1f2ebcae1914baaa5354051ffa3bf53c118ad0a35cbdfbbb3c3500abc06bdeeb,4,5,0,5,3,0,5,5,7,7,6,1,8,7,23,23,0,46,0.5,True
all_46,train_0523,2f2121e17cdef7708763c2f45bc571c56ae3fb445f45ecd838992042ae2dee44,3,2,0,1,5,0,6,4,7,7,4,5,8,9,23,23,0,46,0.5,True
all_46,train_0524,480eb0e01ec7bc32eca025e34695a869f100d6d65ce7a40750fa5a25ccb1c56a,6,4,0,0,2,0,5,6,7,7,8,3,12,11,23,23,0,46,0.5,True
all_46,train_0525,ac8adc0ab07bb0e0e4525f4936b8c44ef5f836fd252914512beb411d5b96ca5f,4,2,2,5,5,1,0,0,7,7,2,6,7,7,23,23,0,46,0.5,True
all_46,train_0526,c8429c84cbf47495551c34923bd2102b0b2ef8405f549fcaeaf73a2cf7460b72,3,1,0,2,0,6,3,3,7,7,8,2,4,4,23,23,0,46,0.5,True
all_46,train_0527,833c717a403ac1a1b98fa53e4cb5aec34b0041dc1ecda508297e0dbdac988b11,2,0,5,6,3,4,6,3,7,7,5,7,4,4,23,23,0,46,0.5,True
all_46,train_0528,412d7723bfc2eb982012c4a76998ce479662e327015772764d51417023e51033,0,5,6,3,0,6,0,3,7,7,1,2,9,10,23,23,0,46,0.5,True
all_46,train_0530,835fa9c55c8edce4883577b0d90589dfb4203d0778eb073211ad35f117962219,3,1,6,0,3,6,0,3,7,7,7,5,9,9,23,23,0,46,0.5,True
all_46,train_0532,94272a0547cf815769904d1fb30659c42d967a4fa091e894336bfb6f6e746cde,6,0,1,4,6,3,5,6,7,7,3,7,6,6,23,23,0,46,0.5,True
all_46,train_0534,a7d780a5e6855236b70b844fca156ea5be507a433c3c827c1111043bc7587308,4,1,3,4,1,0,6,3,7,7,4,4,6,6,23,23,0,46,0.5,True
all_46,train_0537,5843c72b812c4605f71360d39e03900310caa7bbadf83c551ac204fec6a7a2e5,0,1,6,0,1,3,4,5,7,7,3,8,8,9,23,23,0,46,0.5,True
all_46,train_0538,72abc01c0a058516119cf478eb630397dec320c7cc510087933a52a82be0ebe4,5,1,1,0,5,4,3,5,7,7,3,6,8,7,23,23,0,46,0.5,True
all_46,train_0540,5f2e315a27fff9e8bcffc88650e087af7fc5488d3f81883ffd3d853ee3c30dc5,5,1,2,0,2,3,6,4,7,7,7,4,9,8,23,23,0,46,0.5,True
all_46,train_0542,e33291616a6a5921dcf44eebbc1024105d2028a1d8264130abd5727dd1d23ed0,6,1,0,2,5,0,3,1,7,7,2,3,9,8,23,23,0,46,0.5,True
all_46,train_0544,bf634d81053920a136981555a6e47616c3f032ad590b14c12877d34a766c76a5,1,0,4,0,0,1,3,5,7,7,8,7,7,6,23,23,0,46,0.5,True
all_46,train_0545,194e61eb15cf48190a8a2400f189873ea0092a1134dd9e1878fd6023b4a73f63,4,4,2,5,5,4,3,2,7,7,1,3,4,4,23,23,0,46,0.5,True
all_46,train_0546,e77cbab1504d561680b11cff7024de32d50999520c40baf2ed8a3a773f3f1770,5,5,5,3,1,6,5,6,7,7,5,1,7,7,23,23,0,46,0.5,True
all_46,train_0551,4544e8ee105469103a8cc43c8fbbb7aa10f5cec4d05e4c70d1fdb8d5f68422c6,1,4,2,1,3,6,5,5,7,7,4,5,6,7,23,23,0,46,0.5,True
all_46,train_0556,e9943ddc20cb515c65d25529ec5a7bb61a1c1e35a142e4bff0ded34a4a1a88c0,2,6,2,3,3,0,3,6,7,7,7,1,4,4,23,23,0,46,0.5,True
all_46,train_0558,5214da71e52a5ca22cd9d9a3b0fe61478e7453c3682ca8865c6ea6c93dba22bf,4,4,4,6,1,5,1,1,7,7,8,6,12,10,23,23,0,46,0.5,True
all_46,train_0559,0a9308fa318f945a8aaa296978df312ce23c09674cc654c8ff654e930163de9e,4,3,1,4,5,5,4,2,7,7,3,1,5,5,23,23,0,46,0.5,True
all_46,train_0562,bca34b607aebf5adba86295cce7e1b56144bd7334648f60a49a523cb73ee380a,3,4,1,6,6,2,5,6,7,7,5,4,11,10,23,23,0,46,0.5,True
all_46,train_0563,a8ff02868b1e17af82c219f06460353486f9129643bd96f954f572deb3097259,4,5,4,1,3,5,1,1,7,7,1,7,7,7,23,23,0,46,0.5,True
all_46,train_0567,bd28d750d9820e5871308f862213e5ddef5610f7f2fcd6900ea43f3c12eb5ca2,3,3,5,1,0,3,2,4,7,7,3,2,7,6,23,23,0,46,0.5,True
all_46,train_0569,86e8019cdef2a7c816463326d7d0e56c7c16d5836af5e1c05aa87d406ef87b44,3,3,0,0,5,2,6,0,7,7,5,6,11,12,23,23,0,46,0.5,True
all_46,train_0570,456e32bbc7a51a18734cac6d6f910b20e2a18513eb42925d21571b35ff3c2acb,5,1,2,2,5,6,6,3,7,7,7,3,7,7,23,23,0,46,0.5,True
all_46,train_0571,75babdb522bfa0e672eee837b34c459dc0bf331346ea74786eda2a554cee965d,5,3,6,0,4,4,2,0,7,7,2,6,6,6,23,23,0,46,0.5,True
all_46,train_0572,4bc15ff780b317447366a75c97f49333d749008faeb7eaa22603deff746ee108,3,1,6,0,4,2,2,0,7,7,2,2,4,4,23,23,0,46,0.5,True
all_46,train_0573,5ca774558f90230486bd36f0beefb579027fbe4ac1208197ee0c66b176ec13fd,3,5,6,6,4,4,6,2,7,7,2,6,4,4,23,23,0,46,0.5,True
all_46,train_0574,72c6c91261ff668cd51bef714f01ed358bf40ec0e336c409970e64a6a810dc54,1,4,1,1,6,2,4,4,7,7,7,3,6,6,23,23,0,46,0.5,True
all_46,train_0575,2252c70ea0b95eeac281f103bbc8ca780934cc93e148fe357f50a274b4475eb8,6,6,1,5,5,5,2,2,7,7,2,8,4,4,23,23,0,46,0.5,True
all_46,train_0576,a37043ce30b1f9cb2cbb79330fcd006dcb76852beff5d48c5879b8aed0c644a2,4,5,3,3,4,6,0,4,7,7,1,5,4,4,23,23,0,46,0.5,True
all_46,train_0577,a6e05e991e8caa7e89fa6bbf8721f2a7c2b48166065f429079ad9a28fb6c48e9,0,3,5,5,3,1,1,3,7,7,5,1,6,6,23,23,0,46,0.5,True
all_46,train_0579,c457fea4b3e01a98f52460bd9a670687131f504ebd60f3bab81981edc03c7b6e,0,5,5,0,4,5,2,6,7,7,6,3,8,9,23,23,0,46,0.5,True
all_46,train_0582,78982e3300219dde39d64a4087bedc58e932ee1779aa4bbd254ca08057aa0761,5,1,4,3,3,6,5,0,7,7,7,1,4,4,23,23,0,46,0.5,True
all_46,train_0583,6c395021b06a766992ac02594c6425662a297619796eb4c77895d3c9c123b5e9,4,1,3,5,3,1,6,2,7,7,1,3,6,6,23,23,0,46,0.5,True
all_46,train_0585,d7467b77d20087d236c9610ab0718c4268d0d0743287b2b2f40fd52d44691e32,2,1,0,6,6,5,2,2,7,7,8,1,7,6,23,23,0,46,0.5,True
all_46,train_0587,228390694081fbeb7f0e76702fc5125ebc26e9ed61fd4a863857abe162aca5cd,3,1,6,0,0,2,4,5,7,7,4,5,8,7,23,23,0,46,0.5,True
all_46,train_0589,4d0184389f74ee97eedb3f969cc70fc4f7fd95947896bd2d562e03fe11adfde1,2,2,4,4,1,3,1,0,7,7,2,3,8,7,23,23,0,46,0.5,True
all_46,train_0590,cb919927c106dbdbb50b0e73512daa429f10ef57d9dcd76d65c227b25e0e8827,3,2,5,6,6,0,2,2,7,7,7,1,7,7,23,23,0,46,0.5,True
all_46,train_0592,10bde39e74797331635bd316ecc184b54871e5f178275b5000baa8b0bcdad222,0,2,6,3,1,1,3,0,7,7,2,5,7,6,23,23,0,46,0.5,True
all_46,train_0593,e705150f1b6e3d2cbf34a1deb23a1a56d12687b693b9ec17c4056dde598a5a9b,6,5,2,1,6,1,6,6,7,7,4,1,10,9,23,23,0,46,0.5,True
all_46,train_0594,615744f8326fe7f4d4df3cfe0b69b15b21edddbc1abd1488f6a153dafb483d15,6,0,5,5,3,4,4,1,7,7,7,3,7,7,23,23,0,46,0.5,True
all_46,train_0596,b52060179b07e320caa1a967a8a1f38244f58bfbfbd1fb6fee480827201758f9,6,6,1,2,6,3,4,5,7,7,3,3,6,6,23,23,0,46,0.5,True
all_46,train_0597,33d7ce63a27e2f930f0180f2fab4ee43551f5b799ae5e2aadf5f409f9cd8484e,4,1,4,6,1,4,6,3,7,7,6,4,5,5,23,23,0,46,0.5,True
all_46,train_0598,26292d43decfa71080383d75d469eb28c6ef37ebac77afc0e6c2a4744aed934e,0,1,4,4,2,3,3,0,7,7,4,6,7,7,23,23,0,46,0.5,True
all_46,train_0599,727b005870f7ee07e7a99993c9dbf0e3e425f5fa27910eafe99b4f84af63cb21,6,4,4,3,6,0,2,0,7,7,4,8,5,5,23,23,0,46,0.5,True
all_46,train_0600,9683f263dbe7ab70a249dcc41652f544a703cf6135fe92affefb5bfb2c06aa03,3,3,4,1,0,0,2,4,7,7,6,2,5,5,23,23,0,46,0.5,True
all_46,train_0603,0d817cc2ab2a71d6f78c634948e9b90ba9fac29c8d74960e361a60c21a7b2259,2,5,6,6,4,5,6,1,7,7,2,8,5,5,23,23,0,46,0.5,True
all_46,train_0605,a464429bf2476fbe66ee6f8384618072c833b94f792478f4b251ff3129ec9259,0,6,6,4,2,4,3,2,7,7,4,7,6,7,23,23,0,46,0.5,True
all_46,train_0606,319f3e88704e81077b43ceb4c214ef22e8edd711fd0d446cc07ac94f7ffa2224,5,1,3,2,5,5,2,6,7,7,6,8,5,5,23,23,0,46,0.5,True
all_46,train_0609,5cd54b7c1f8b26ef54d34139b0e1441cb36041f4985012cc1e2a5c3f3b48a5aa,6,5,5,0,1,2,5,6,7,7,8,2,6,6,23,23,0,46,0.5,True
all_46,train_0610,7491412313c6df48a7bf291155f80fa8efd9c153e968e6742b90fa4567a0e634,0,1,2,0,3,3,0,2,7,7,5,1,4,4,23,23,0,46,0.5,True
all_46,train_0611,8e546bca9b7d351358b26a676bbdde873282c76a88ccc23c3412f8a570badec8,4,2,6,4,0,5,0,2,7,7,7,4,7,8,23,23,0,46,0.5,True
all_46,train_0612,8141ca57e550559bfba4ffebc0ee7106dea5649efe279a14c3d7949c72fb409f,1,2,4,5,0,6,2,2,7,7,5,1,5,5,23,23,0,46,0.5,True
all_46,train_0616,bfe58076b2b8c746d2b8333fc02c61ff65093bb303f1d86963d0ebb9adb51499,0,1,5,0,1,3,3,4,7,7,3,6,7,6,23,23,0,46,0.5,True
all_46,train_0619,a97638765a4957a77dd3617408112e1da8782493c29aa11d0e86d232cc026650,2,2,4,5,0,3,5,0,7,7,3,5,6,6,23,23,0,46,0.5,True
all_46,train_0621,d050a4ae3393d0311042a73ab24ae7afbefeb08b0f3d78bdfa31a3496efb9723,6,1,2,6,6,2,5,0,7,7,1,2,10,9,23,23,0,46,0.5,True
all_46,train_0624,21397c6304996853f31a17fc87bff5f1cb3352b2c79c3b7c6a33e6d233b38955,2,4,5,6,0,5,4,1,7,7,7,5,6,6,23,23,0,46,0.5,True
all_46,train_0626,1bdda2497efb545eac5f4df02df8e2d3b12f326eba73672ec9dfd8e16eef141f,5,5,3,2,6,1,3,4,7,7,7,3,4,4,23,23,0,46,0.5,True
all_46,train_0628,49e94aa7e53125628cf1c3a6f86fb024934a3250b47dea1cb9aac83ad8422638,3,6,0,6,1,1,3,5,7,7,7,1,6,6,23,23,0,46,0.5,True
all_46,train_0629,c7a6d7b7e18b1a9399a67cdb40fe6506288e0a43cb0a71fc88443aaf1ea74dc0,2,6,2,0,3,6,6,4,7,7,1,6,7,8,23,23,0,46,0.5,True
all_46,train_0631,19807ac94a2cf79431aee0ac55322e4a5c5cfb46c3f738a7d5ce512c29c181b4,5,5,0,3,5,6,6,0,7,7,1,6,10,9,23,23,0,46,0.5,True
all_46,train_0632,dd848a66427cae590d0e6895d23d3e29ee7a8371a1b204b28f20301c72b89d61,3,0,6,0,0,1,5,3,7,7,4,5,7,6,23,23,0,46,0.5,True
all_46,train_0634,764945e84018f2a8c91ef5d74c7b374cf9544ace68f8cd7fb9d207c8044c59a3,3,5,0,1,6,4,2,0,7,7,4,8,9,9,23,23,0,46,0.5,True
all_46,train_0637,54df417b62a84a342c18688d125572978414a212d9ab0864a04e16397c59d942,6,5,5,2,1,3,2,5,7,7,7,4,7,8,23,23,0,46,0.5,True
all_46,train_0638,130bb05ade14f202eefa789f32a900e3bcce09ce01fd8e6a190c3eb9f3331ef5,4,1,5,5,5,1,6,3,7,7,1,4,6,7,23,23,0,46,0.5,True
all_46,train_0639,a580fc020e2dc0d5ec01684bc89645ecb3d5dc13435af31c63cb920644d20615,4,5,2,1,3,6,6,3,7,7,2,8,6,6,23,23,0,46,0.5,True
all_46,train_0640,2c251894e3eebe5eb85571e0ea226a538a7d6beda87c615b66a6be7e0fd4195f,3,3,6,2,0,1,2,4,7,7,5,6,9,10,23,23,0,46,0.5,True
all_46,train_0643,197e66cc2f3cf81b5e83cf547a4d5f8b9bb4aeaa5ec90923c3dfb065c13f3b03,5,3,2,0,5,4,0,6,7,7,1,8,7,8,23,23,0,46,0.5,True
all_46,train_0645,36112fa952ca9e8ee0be0b7341b673334bbd51ce07a11ab0e90808196cb60c91,3,5,0,1,2,5,5,2,7,7,1,5,6,6,23,23,0,46,0.5,True
all_46,train_0646,734522797290c89c2f8cf79931f2db8fde1f829ecd185dae0c7314de8ce18261,1,4,6,3,2,6,2,0,7,7,3,7,7,7,23,23,0,46,0.5,True
all_46,train_0648,3e716a68d9b305556e26969711dea8b3d1ad13918630c389de82693c17afbbe8,1,4,5,3,4,6,2,2,7,7,7,3,4,4,23,23,0,46,0.5,True
all_46,train_0651,f64b276c3928e26e69c3a932edbf4e177853a9acc76b93013c8aca0f5ceebd32,4,6,6,2,3,1,1,5,7,7,6,6,8,8,23,23,0,46,0.5,True
all_46,train_0652,a367de5e67a8233e905f5dda4bc796c59c6de4dcfae36c59c59488baf250b110,3,0,2,3,4,1,0,1,7,7,2,4,4,4,23,23,0,46,0.5,True
all_46,train_0654,04f176b1d9cb392bf90b2fe081a556396ace0e9542ec91eeb98f84d8a7e589c0,2,0,5,6,2,2,0,3,7,7,2,5,7,8,23,23,0,46,0.5,True
all_46,train_0656,00cf95c076a041e99b39a21706211672e5d9bdd5d31f50ba421fb11738022be1,0,0,6,6,0,6,5,0,7,7,6,5,8,7,23,23,0,46,0.5,True
all_46,train_0658,96753af686ec75d5b487b39a28fd1ace0efb2cc27c0236e57114131afad02a09,4,5,6,0,0,6,0,4,7,7,5,5,12,10,23,23,0,46,0.5,True
all_46,train_0660,ddfb6299c20db979426ad2b8cbe21d9a4a50fb749e4f848bc8a4ddfbca80b1d5,2,4,4,2,0,2,6,0,7,7,4,8,4,4,23,23,0,46,0.5,True
all_46,train_0661,439ce352fccbc45af8930e7caea646f17c1bbaef946a244b18fd44bad727ac9b,5,1,2,6,6,4,0,2,7,7,4,6,6,6,23,23,0,46,0.5,True
all_46,train_0665,f37509d56fb69868b82a834a5f5e5266ef949e7b1c309e21ff4136d513b25169,3,3,2,0,0,5,3,6,7,7,5,7,11,13,23,23,0,46,0.5,True
all_46,train_0671,d1409078b89e6cb8fcf67c5e45e02900ac6b42aa3594608e9301918d817b806e,1,6,6,1,2,2,0,1,7,7,5,6,9,10,23,23,0,46,0.5,True
all_46,train_0672,6e15b47856ab16b4d95f7450d2103a61becba6cf5b952c8ccd98982a767fa77d,3,2,4,0,5,2,0,2,7,7,4,3,7,6,23,23,0,46,0.5,True
all_46,train_0675,1601e66466e155644be0fc8502b5a93775d90adec376e35f3372171050481cd8,3,1,5,0,2,3,4,5,7,7,3,5,6,6,23,23,0,46,0.5,True
all_46,train_0677,2982a65da46838836df24fae728e1c604ddbffe397950a3ca10d7e2fe6675938,3,1,6,5,1,2,2,0,7,7,3,2,10,9,23,23,0,46,0.5,True
all_46,train_0680,0d291a5b245ee185009af4fef63e7665a701bd07adfb8c5d0a9dcf0f23b75cc8,3,6,5,0,2,4,4,6,7,7,3,1,7,7,23,23,0,46,0.5,True
all_46,train_0685,635546ff7088629803898ee8b2f4a822e9425465541d8f186a4516ae94d5ee6e,3,2,1,3,4,2,0,0,7,7,1,5,4,4,23,23,0,46,0.5,True
all_46,train_0687,450694817f8800277ad0d4830f8a2a356cf6d4ad0dfb6749578662eaa182f57f,3,0,3,6,0,1,0,4,7,7,4,7,8,7,23,23,0,46,0.5,True
all_46,train_0688,ec570fc0d5bfac8d6a8bb2cf920ec1331eb332b9bc27424f2dfdce421258209a,5,3,3,6,4,2,6,3,7,7,2,1,7,6,23,23,0,46,0.5,True
all_46,train_0689,5f7c25bdd7b57c3f46bb377eb431f82b4e7660934e2dbe5ef0d9e2d15dcb85be,2,1,1,5,4,1,0,1,7,7,8,2,7,7,23,23,0,46,0.5,True
all_46,train_0691,ec7fd8e7c298d808cfc70df998b18d90393cab5c4a017cf7dc214902e9c8c7f2,3,4,6,5,5,1,6,3,7,7,5,6,7,8,23,23,0,46,0.5,True
all_46,train_0692,722f006dc1cd4d3a58c4f56e8387358c54af535336e4eb0b4171cb1d95120b64,1,4,4,4,4,0,2,6,7,7,7,3,4,4,23,23,0,46,0.5,True
all_46,train_0693,c2f7bd80c8fa78f980013787ee887a637986fa2ca00edc931bba20951126fc89,1,2,4,2,1,1,5,5,7,7,1,7,4,4,23,23,0,46,0.5,True
all_46,train_0694,4305354b755b845410956ffc9dab5ac44485e908a617a2c8c7685d6e09cc06b5,3,1,1,4,5,6,5,0,7,7,7,3,8,8,23,23,0,46,0.5,True
all_46,train_0695,02dbf1e300500c703bdd93091458cc4db00ed34144dcd8a684bde4ee4e9e7f46,1,5,5,3,6,5,0,3,7,7,7,3,9,9,23,23,0,46,0.5,True
all_46,train_0697,bc44979c8c5fbc15d986465b5243ff8f69524938ce6bb3ca23b20a771824f528,2,3,3,1,0,5,2,6,7,7,4,5,7,8,23,23,0,46,0.5,True
all_46,train_0699,184eaec6eb1e8cd5a5ea323ed0ad33482afaaabf50075dec762537a3b9dc3934,0,4,4,0,1,0,0,3,7,7,5,1,7,7,23,23,0,46,0.5,True
all_46,train_0701,d06e53bff9888e924413d219e83ba0d359e5b1fe1c58d155769a8b640fa278e0,2,6,6,2,3,6,1,4,7,7,1,3,7,7,23,23,0,46,0.5,True
all_46,train_0703,bc484dc81e5a4b64e9f815a1a7b5043c8f23bf774e0515747010dd63c2f3b8c2,5,3,0,1,5,1,0,5,7,7,2,7,7,6,23,23,0,46,0.5,True
all_46,train_0704,04f9094e5b08a18296b3373faa242d91159ed47c699331218f88fded54a612f9,2,5,2,2,1,5,6,2,7,7,1,7,4,4,23,23,0,46,0.5,True
all_46,train_0705,7501ad1d197ca5a1339498e32a1b723cddc3614c961ad32b3e16112a829d3fa2,2,6,0,3,3,1,5,3,7,7,6,6,5,5,23,23,0,46,0.5,True
all_46,train_0707,418327f8176120fffb313674cc7e9b3e044d4816462339a0386f925c89af2daa,4,0,6,1,5,6,0,4,7,7,7,8,8,9,23,23,0,46,0.5,True
all_46,train_0708,87024203ad384d896ded1ebfb898f495b87e222cb8c705132a9de12108be17f9,3,1,0,3,3,0,0,0,7,7,1,4,6,7,23,23,0,46,0.5,True
all_46,train_0709,6eca9d17510aa508f8d9ee3ae8f051bdf945749a8e602555d905b0ce76fe4a5a,5,6,1,0,0,5,6,2,7,7,8,7,6,7,23,23,0,46,0.5,True
all_46,train_0711,2f68355ccd7cff0b494db6ae2b759f600ef354845fb2ab8b7195e6adb6659379,0,5,3,1,5,4,0,3,7,7,6,2,5,5,23,23,0,46,0.5,True
all_46,train_0713,99a93c694e02880d21d4623e6cbefcc96c59113fd4798a935f42d5212c43250f,0,2,0,5,5,3,4,2,7,7,8,8,7,7,23,23,0,46,0.5,True
all_46,train_0714,f05866c395923a40e51538dd0d6b0e53eefb823bece066c17d9dd744765a4a5e,4,3,2,4,0,6,5,5,7,7,7,3,4,4,23,23,0,46,0.5,True
all_46,train_0715,3eba583d4ab2ef4c0f2b5dfe0780d5f7a5424cd13cf4f1c8d865e00e8cca7565,1,2,4,1,5,5,1,3,7,7,7,1,5,5,23,23,0,46,0.5,True
all_46,train_0716,dba8aaf2e778b8b229ba2057ce4f084ef1a7dd80aabd61fcf84a42f55aca92e3,5,5,1,0,4,1,2,3,7,7,5,5,4,4,23,23,0,46,0.5,True
all_46,train_0726,5cb2aab9f202ec888709f431627c3ac429fd7db8b270b1aa6cd1101bf9999e28,0,2,5,2,0,3,4,4,7,7,1,6,8,7,23,23,0,46,0.5,True
all_46,train_0730,f410ac31a4c3d60982d7dc7110faf302fbedc7ee2cfbb65ba0f4ea67c49cf28e,3,1,5,3,0,1,1,3,7,7,3,4,7,6,23,23,0,46,0.5,True
all_46,train_0731,6d6c423441c5938660b397685b93fbf6a3d7088c34c4441cb7dd5f44109a56ec,2,5,4,1,1,0,1,2,7,7,6,4,4,4,23,23,0,46,0.5,True
all_46,train_0732,e49504f7cd42091f7ad1b7a4658a720df4d5320d9623ca461de2f3428d970e0f,3,1,6,6,3,6,5,2,7,7,7,3,7,7,23,23,0,46,0.5,True
all_46,train_0733,aa923c9863035b7450b1ea9815b9ad857bc288eb003163a7de8d04419f908385,5,1,2,4,3,0,0,1,7,7,3,5,5,5,23,23,0,46,0.5,True
all_46,train_0735,92d82780c3e30e2d3df3963a54ec5b935ffe15b373814dbd44d2b3cd25d975d8,1,6,5,6,0,6,4,2,7,7,1,7,5,5,23,23,0,46,0.5,True
all_46,train_0739,dda1885ec227d442899182a81ff6ff003a1604f09dbdb9270e5700efc9077a15,5,5,1,0,6,0,5,2,7,7,6,3,7,6,23,23,0,46,0.5,True
all_46,train_0740,b2f31422f20d1a91b81d5654e08195c7c829a18f24f8c0fa10564906c4d36436,3,3,6,6,0,6,2,1,7,7,6,3,8,9,23,23,0,46,0.5,True
all_46,train_0744,5bbb5f71ce580bd2afaab3b22aa919f0550303a56c7890aa679ecfe3a0c08a8b,4,2,0,4,1,1,4,4,7,7,4,2,4,4,23,23,0,46,0.5,True
all_46,train_0745,ca77379e170cd98f80a07b1dee75a73bc5c0a7ba243de3fb0b5566a666d794d2,2,3,4,2,4,5,1,4,7,7,8,2,5,5,23,23,0,46,0.5,True
all_46,train_0749,9f09c29601e7fa3cea02dbad26cb33c370bf6446f91d8840cddfa25a18d107f8,0,2,5,6,1,6,1,3,7,7,5,2,6,7,23,23,0,46,0.5,True
all_46,train_0750,4acba90d029aec5f358acc1b60697d42dbe6253ce257ef7d05231ef36e0b4875,6,0,3,4,6,1,5,4,7,7,1,5,8,8,23,23,0,46,0.5,True
all_46,train_0751,3ba3f7833b6a08867b540826d0c507b3383934eaf69cf18342ce3ec879ab8e85,6,1,0,6,4,5,2,3,7,7,8,6,5,5,23,23,0,46,0.5,True
all_46,train_0752,fbe5e601497d183ef9444a3364eddf81cc0defbd5f631fccaa2a26eee225f32f,1,4,4,2,2,3,0,1,7,7,2,6,5,5,23,23,0,46,0.5,True
all_46,train_0753,fe5d4b8010f68f3281e8fe57ec3f357a7256cdd0a55a39c92f268ebbde755733,5,4,5,0,0,4,2,5,7,7,7,4,9,8,23,23,0,46,0.5,True
all_46,train_0754,2ee783af3f36d941755bb23158efb0f39c85bab53624084507064927ced06193,1,2,2,0,6,3,0,6,7,7,8,5,7,8,23,23,0,46,0.5,True
all_46,train_0759,f44d55546c3da78c9aded840ab27477c63581bea77d1b6baba4ecc8f59cfbf80,3,0,4,3,3,6,5,0,7,7,6,2,4,4,23,23,0,46,0.5,True
all_46,train_0761,15afccfbde8f77f291b2661528b4150b28fba5452d6deb24556060bc72f7bffd,6,3,1,5,5,1,6,4,7,7,3,1,8,8,23,23,0,46,0.5,True
all_46,train_0763,cc41779f49cb0692a0b83c321bd3ff8e829033e274dcf273c6ffe8790b3f896a,4,3,2,4,6,3,1,0,7,7,2,6,7,7,23,23,0,46,0.5,True
all_46,train_0768,5278794785679987db7b773e61dfc28e66096bc29a97ea4304d68c208b0f8b65,1,6,0,4,3,2,0,1,7,7,8,8,5,5,23,23,0,46,0.5,True
all_46,train_0769,77c5f52ad4f7ad6243428207b3f6af0753e0f1943fa5cd15e4791837750b2e0b,1,0,6,3,3,0,3,6,7,7,4,8,6,6,23,23,0,46,0.5,True
all_46,train_0770,9ba5ddebc7b450ade5ff0b4cbb266d82531d5e09e831dd0aaabcadf17a975246,3,0,2,3,5,3,4,0,7,7,5,1,5,5,23,23,0,46,0.5,True
all_46,train_0772,4ebbd62c07764d207e40e612ebc766cc5de68ecd1bc8681cf96a5275bced600b,3,6,3,1,0,2,2,6,7,7,7,1,6,6,23,23,0,46,0.5,True
all_46,train_0774,3944a48d0d20fbd8ac46d553071e09880fb8d0ca090d4d0591e51eb6f4208a66,0,0,5,3,0,6,1,4,7,7,8,5,8,7,23,23,0,46,0.5,True
all_46,train_0777,b261e2352c52eb825b9a8cde0871b60511693800d893ca0432d86608961ca678,3,2,5,5,1,1,0,3,7,7,3,4,10,9,23,23,0,46,0.5,True
all_46,train_0778,cf98a0f82f5cf3b720e8551454c0a402b580b477b251ff2de00b1b9fb9c8cc7d,0,1,6,1,3,5,0,3,7,7,7,2,11,10,23,23,0,46,0.5,True
all_46,train_0782,d4680cb18c6ba82396d5a3934bb9f113bbc6845ac898b514965eba4a2447b922,1,6,4,4,2,2,2,6,7,7,7,1,4,4,23,23,0,46,0.5,True
all_46,train_0783,c4acf8247fae598df01eebe239546bf97ca62894e61f71146d702b0fd7fd3518,1,5,0,1,3,5,5,2,7,7,2,7,7,6,23,23,0,46,0.5,True
all_46,train_0784,352e08c92f883e10d3a983b851b1beb6af8851b9c1f60c1da371847671d214ef,4,5,2,5,6,5,3,4,7,7,2,2,6,6,23,23,0,46,0.5,True
all_46,train_0785,29a9aded93e7e0f36406ee709b717b47afa51fb274a8bd22aa24936c91cf258f,2,1,6,6,6,0,0,3,7,7,5,4,8,9,23,23,0,46,0.5,True
all_46,train_0786,af77e9ab8242c99242aed3deb86bb8abd89b39099e026e20bc8085d2a3d60156,1,4,6,1,1,5,0,2,7,7,1,5,9,9,23,23,0,46,0.5,True
all_46,train_0787,82f4432aa5ca63a55d041570efdc74ee06fd9d602ac261bc9593b50dddafd803,5,1,1,6,1,1,0,4,7,7,6,8,9,9,23,23,0,46,0.5,True
all_46,train_0789,862ff1433b8383b9e679467a95b80556c848c47996157b66db8d6798522ff47b,1,6,4,6,4,1,6,3,7,7,8,8,7,7,23,23,0,46,0.5,True
all_46,train_0790,6cd6449f68244e91bac42d42dd936f8bbc0d062c1281c718334542710b931df3,1,6,4,0,6,6,0,0,7,7,5,7,10,12,23,23,0,46,0.5,True
all_46,train_0791,584dd92f2d8e6e33a67e5b4a57d9d1e8dd240fd303f4d81795256c45cf2c6d36,5,5,4,0,3,5,1,4,7,7,4,7,8,7,23,23,0,46,0.5,True
all_46,train_0792,f6210c28c0b89c8618f17f7616fc1a51a6812269ce7645b2d360ae93bc8c64ff,0,4,6,2,3,6,1,0,7,7,5,5,11,11,23,23,0,46,0.5,True
all_46,train_0794,3118bc9c8b6b89f2f6cb1628d486de0e7fecfe209e87edc408433b485747c3c1,3,6,2,4,1,1,6,4,7,7,7,7,4,4,23,23,0,46,0.5,True
all_46,train_0796,8d0682c895dde88af561f9d47fdb6c51cee45cde2e96f9b2b1612369d8ed10bb,5,5,5,0,6,5,3,5,7,7,1,4,8,7,23,23,0,46,0.5,True
all_46,train_0801,bb74a4b04f9416fc8ccb49bc8d9593df191fadede9db5af27611e25734ca91b4,2,6,0,0,6,2,2,5,7,7,8,1,8,7,23,23,0,46,0.5,True
all_46,train_0803,5876a875dbb42a49a88f9cce2961f0e0c283bad1b9236539f181338cb68c28ba,2,4,6,5,4,2,6,0,7,7,4,8,5,5,23,23,0,46,0.5,True
all_46,train_0804,4045d63f0dc27683ded2862b264d7529215b15b197f2996e3716f10b1aaeb93f,3,3,0,2,4,6,5,4,7,7,4,3,8,7,23,23,0,46,0.5,True
all_46,train_0805,91d7eee1fb0268c2e8880e55b9fb5726f864f45358897bcb4ec43c67145423e4,6,0,0,4,2,2,0,0,7,7,6,6,4,4,23,23,0,46,0.5,True
all_46,train_0807,f32139f190c9aa13d35f241e52d0d638ac646ef73b879d304bfb7030f941f5c5,2,6,6,3,1,0,0,5,7,7,7,3,8,8,23,23,0,46,0.5,True
all_46,train_0809,6ed940cb101aa0c17f6b4fee102b15f7ae113e38cbcae9b9531af38ae428ac00,2,4,0,3,2,0,6,1,7,7,8,7,11,10,23,23,0,46,0.5,True
all_46,train_0810,cec99e9d05d7a7ce44045fa5329db43ec1830a0528de8645d1f3fb3d1d41321c,6,0,0,2,4,4,5,2,7,7,6,3,10,9,23,23,0,46,0.5,True
all_46,train_0812,86b8969868604b6ef04444210dbc0ae3e6a39d734fa964f04f1d5c4c051f672f,3,4,0,0,3,3,5,1,7,7,1,7,6,6,23,23,0,46,0.5,True
all_46,train_0813,e0ad3232d8b34c7566ab847d71c133d0d02784b59a04a8a3fb98849c852badbc,1,4,3,6,6,2,3,2,7,7,7,4,7,8,23,23,0,46,0.5,True
all_46,train_0815,93923622060dfaf6cf599e08e9f953df96835097667b65c21ff0c91514e3e72a,6,0,0,0,3,2,5,0,7,7,5,1,5,5,23,23,0,46,0.5,True
all_46,train_0817,7b82f04002fe2f64c76081caadba9a2236de23741c168d7d2145002d53241b54,4,3,4,0,3,4,0,0,7,7,2,7,7,6,23,23,0,46,0.5,True
all_46,train_0819,fa2bfb6a2394ab214fb9856f47205f1a2c9d0e24b0c5a5d39e2ec21f317e4cf7,3,1,6,4,2,1,0,6,7,7,1,8,7,8,23,23,0,46,0.5,True
all_46,train_0821,9b48f10545c1feb99f9e8b3d597d1688bea8623bc1bb7080ee3720a4165be49e,3,4,4,0,4,4,1,5,7,7,1,3,8,8,23,23,0,46,0.5,True
all_46,train_0824,ee7182b689fb4236d1a352d352d21c2a57d17ad0736aed03e1606889435a5fed,2,4,5,0,3,5,0,3,7,7,2,5,7,8,23,23,0,46,0.5,True
all_46,train_0826,600d36523da3202412d67e29ba0dce4956da3f6c979e3dfc3ac61ca258047a04,5,1,0,6,6,2,5,5,7,7,2,4,10,12,23,23,0,46,0.5,True
all_46,train_0828,fb1013699f60408825d7e8ff215bfce7e1a13788f0b9afe98391206210c146d0,5,2,4,6,5,0,6,2,7,7,2,1,7,6,23,23,0,46,0.5,True
all_46,train_0841,c4781aea373413f98401eb0879fbe503407af279394f9426a225ac36926e15db,4,4,0,2,3,0,6,4,7,7,5,4,7,8,23,23,0,46,0.5,True
all_46,train_0843,a40a61594011a037d4f4683fe92eb3fc7a4e2969f6233acb253c905e1ca3b53e,4,3,1,6,1,0,6,2,7,7,6,3,10,9,23,23,0,46,0.5,True
all_46,train_0849,9667cc8dd91032f991746461ed3b0c572fdcfba01c0e2fbbe618c9b4af467f55,5,5,0,4,6,4,4,2,7,7,2,4,6,6,23,23,0,46,0.5,True
all_46,train_0851,df0b4a229c35cf6e8f021fc14717678d908abd930721cd388db339c7111bee79,6,2,4,3,6,0,1,5,7,7,4,8,5,5,23,23,0,46,0.5,True
all_46,train_0852,200b7d8e6b7aba7b97b2385968256e27103144f0bc03cda6b621dfcaa280257c,5,1,2,5,6,5,6,1,7,7,5,1,8,8,23,23,0,46,0.5,True
all_46,train_0854,5451913bf5a6f12443afbc1be810c8933876af9f666888ace25495e60567b317,4,0,6,1,3,4,1,0,7,7,7,3,6,6,23,23,0,46,0.5,True
all_46,train_0855,e7e069fd67e7ca0b34d7a1e8b71d997e8442c7d9cb6b27c675afbb29bf6b3392,2,4,0,6,5,5,0,1,7,7,6,5,6,7,23,23,0,46,0.5,True
all_46,train_0856,ddbfd09f074db72a11692c87e09a6fef7a9d48b60b8a7d922b82f0f2e762f375,3,5,3,0,2,6,6,1,7,7,2,7,7,6,23,23,0,46,0.5,True
all_46,train_0857,d5e941582cd952684dff4a23c10036d341adb6e58da9e98bf9a84461c938e486,4,1,0,2,2,1,1,6,7,7,2,8,5,5,23,23,0,46,0.5,True
all_46,train_0858,9aa9ebbdd406bce5fb2333d73dada3bc20c2201cdb1f368597f49ecc3fe3bd1b,3,1,5,3,0,4,2,6,7,7,6,6,6,6,23,23,0,46,0.5,True
all_46,train_0860,58d899267c630cb86b46dfb4658e414ed4c65f79a1d208c6dc54893df51f76ac,3,4,0,1,3,2,3,5,7,7,2,1,8,7,23,23,0,46,0.5,True
all_46,train_0861,df8c44978e6b60a5d09b8fbe996dfe0bd7c33e231392c792aa3f08d8ed0148f8,0,5,5,2,0,1,0,4,7,7,6,1,6,7,23,23,0,46,0.5,True
all_46,train_0863,c75925ca535952cbd0ab0f4a4fd5c9b03ffd1bec0440f6d09d9d5f34923976ca,3,0,5,3,0,3,6,0,7,7,6,5,7,6,23,23,0,46,0.5,True
all_46,train_0864,285acc43c3b278f9cbb170dda212af7fe6739c37c065ba52c8c3e5c0a0e95d2b,0,1,3,4,6,3,2,1,7,7,8,2,4,4,23,23,0,46,0.5,True
all_46,train_0867,4ee21e3b9399c88ce8c715f58fa43c11b36ee138f6a4fab541545490fa81fc29,4,4,5,1,3,6,0,0,7,7,3,8,7,6,23,23,0,46,0.5,True
all_46,train_0871,4234ab443ac75c2a7b906e5626be86d926c57c7e076f35798abdee9f15101178,6,2,3,0,5,4,1,4,7,7,3,7,6,6,23,23,0,46,0.5,True
all_46,train_0872,4a68a953a38c674d0fd009e27d6db7fa33642c8e757425d1044bdb49c263c506,4,4,1,6,2,1,5,4,7,7,5,1,6,6,23,23,0,46,0.5,True
all_46,train_0873,175a78a6d80d11e4b41cf9f25b569d0363bc32e1c14e50ff353f4747ae74b458,1,3,3,4,6,2,0,6,7,7,6,4,5,5,23,23,0,46,0.5,True
all_46,train_0875,fe204eec3dba38014691b5eeb9b5965aeb848d9ab1291995f281377618e7b84f,6,3,0,1,2,6,6,1,7,7,7,4,7,6,23,23,0,46,0.5,True
all_46,train_0877,dae545b8ca4254bdd9fbc8ad788685f192364cd67081f186dd884670c45e3f04,5,5,2,6,5,2,2,1,7,7,3,7,7,7,23,23,0,46,0.5,True
all_46,train_0878,b001ede96c3381ed4a0af7e55286924ef69076db6dc3af7ff5655ac05644d762,6,2,3,1,4,4,2,4,7,7,4,6,4,4,23,23,0,46,0.5,True
all_46,train_0879,fba0dfef5fa84d0f934cea39c5fe68b0ceface61c02eb48cef405f4b87302fbb,0,4,3,5,2,1,0,6,7,7,5,2,7,6,23,23,0,46,0.5,True
all_46,train_0881,835e5edca3789a17729bdb1936eb4fe9879d06a97fb39665098ab24925d1cb04,4,6,6,4,3,1,6,0,7,7,6,8,6,6,23,23,0,46,0.5,True
all_46,train_0882,2c4aeef8727c23168123e4d7421258e23f312cf51516a56b64b954ea27d6dd40,0,6,6,5,0,2,1,0,7,7,4,7,9,10,23,23,0,46,0.5,True
all_46,train_0884,c22ba4bb74b3be04d85c2834008acd8fc53b76697bc2a2ceaf1f9ca75de31c24,2,6,5,1,2,5,2,2,7,7,1,4,7,6,23,23,0,46,0.5,True
all_46,train_0887,4c85ef39497ed746c58993e583b0722e595210695cc9006cbacc5180629d4a82,1,1,4,4,2,1,1,4,7,7,1,5,5,5,23,23,0,46,0.5,True
all_46,train_0888,ffc51f62581d73442d64e5e4a8856f53fe1063cfb326ac88712b8d418edbf4de,3,2,6,0,3,5,1,3,7,7,3,3,8,8,23,23,0,46,0.5,True
all_46,train_0889,2de486c31127ffce1b8850580ea919b71f1a7d7248e88919508d81f3eb020c50,2,2,2,5,4,0,6,2,7,7,4,4,7,7,23,23,0,46,0.5,True
all_46,train_0890,ffc588d75284741ac1b5481bda97378f75870e07860520ea7599b5ee336d66e4,3,4,5,6,1,6,6,0,7,7,4,7,8,7,23,23,0,46,0.5,True
all_46,train_0892,a1e37cd98e93961c37a26f3d27f6f917a9b3c5acec8568339087b3f8f6dba593,4,1,4,6,2,3,6,1,7,7,8,2,7,7,23,23,0,46,0.5,True
all_46,train_0896,449248018cafb6ed1e1b98a342d991fb279c23c88d2f6a6cad96718ca8d2188f,5,4,5,1,4,4,0,3,7,7,1,6,6,7,23,23,0,46,0.5,True
all_46,train_0897,c36256c8b01f41cb1c50ee139e7b956fae1b65ecbf72443ea7614e83f60ab0de,2,3,2,0,4,5,2,4,7,7,4,1,7,6,23,23,0,46,0.5,True
all_46,train_0900,339fb92c7d1fe3e45ce316fec1436665d4e040784dfb1fa21d13d7fff07bff9d,0,5,2,0,5,4,2,4,7,7,8,3,7,8,23,23,0,46,0.5,True
all_46,train_0901,d5ddb901df045715422842076beba4a7d4a1afbf293c71ca82b0c830ddff1fb7,4,2,1,3,3,5,3,1,7,7,6,2,4,4,23,23,0,46,0.5,True
all_46,train_0902,4ce407337284f2bbb90d95880c2aa02f6e9d55bc7c1ee71e909323838130cbfb,1,6,0,4,4,4,3,0,7,7,5,8,6,7,23,23,0,46,0.5,True
all_46,train_0903,a4aedaa75cd42e9f32e86006db1f17d7c8a46610ce0739583d34f61489e83d4c,5,6,2,4,6,0,6,3,7,7,7,4,8,7,23,23,0,46,0.5,True
all_46,train_0905,a67afe4b521d4f000f57133022e8e9ecc2862331ccc4632acaee604b5cc6f3e5,6,0,2,6,1,0,6,3,7,7,7,3,7,7,23,23,0,46,0.5,True
all_46,train_0907,c34121e8eea254b62fc65c4acff35fcf15201f1fe99fa6a9cbb1d334aa5610e2,3,0,5,2,2,5,0,4,7,7,6,7,6,7,23,23,0,46,0.5,True
all_46,train_0908,ba90f5d7e127b46daa84467ed26acc6afab767687d2a13f3a2fe37a4e57e4cee,1,6,1,0,4,3,6,4,7,7,6,7,8,9,23,23,0,46,0.5,True
all_46,train_0911,83a4ea8b72bbf2719f8eba64841dbb086b4e67c7fc983f8702df5b1b180f89df,5,0,1,4,5,4,0,1,7,7,4,8,4,4,23,23,0,46,0.5,True
all_46,train_0912,aaf4c2db664855656a32c0730de406c6d00dceeceb21a48bf683e63a46323932,3,3,2,5,3,4,1,1,7,7,1,4,6,7,23,23,0,46,0.5,True
all_46,train_0916,35ba15c091605f1ba19cbdab0d195e74c59ab6f800695d4729120d2d8bf5e940,1,4,4,6,6,2,5,0,7,7,7,8,6,7,23,23,0,46,0.5,True
all_46,train_0918,f71f0bb17156900423fc56e380c2f4475153113f35149e13d312cefc717ba4a2,1,2,6,3,4,3,5,0,7,7,6,6,4,4,23,23,0,46,0.5,True
all_46,train_0919,f5e780a7ec8e08a2babbb25746330750c02754bf7604d480d40a5ff358b90a0b,4,1,0,4,5,6,4,2,7,7,8,1,7,6,23,23,0,46,0.5,True
all_46,train_0921,c93be53f55b4ccb6c643a7055399f7bfc2263cbb61a1741ba5492a15992ee5b9,5,2,3,1,0,5,2,6,7,7,8,7,9,8,23,23,0,46,0.5,True
all_46,train_0922,d464347a6dbc6bd86d5d1338941637d8f0cbbf9e6ba3c0f8eff3aec41e20267d,2,2,5,6,3,1,1,3,7,7,2,2,7,7,23,23,0,46,0.5,True
all_46,train_0923,666d15c60d1b60558092493c5b0e69ed8c30321f0c2bf3cfbe8c1f5d4f341539,3,4,0,0,1,4,3,6,7,7,2,2,9,9,23,23,0,46,0.5,True
all_46,train_0925,ed6255abcbc30f5a50e4dbd7c5820cff1d42b9c0ab252a4c0be6dab6a02ea434,3,2,1,3,6,2,5,5,7,7,3,5,6,6,23,23,0,46,0.5,True
all_46,train_0927,f79ac57146f4127f0761c780231809576b0a59d99b2a16140b85d5f9f89a466a,4,4,6,1,6,6,1,1,7,7,4,6,5,5,23,23,0,46,0.5,True
all_46,train_0930,60ceb44ba2cacce73f6d3d98bf799f92a93131fbaf5c2167b28506213eac8e46,6,6,2,3,5,1,5,5,7,7,8,2,5,5,23,23,0,46,0.5,True
all_46,train_0932,bb0b3093fafca0f2fc988e6ae5c3559addd276333231a2388948a9ce662035a0,3,1,6,3,6,0,2,2,7,7,4,2,5,5,23,23,0,46,0.5,True
all_46,train_0935,dafcc222740233c5de4b6c6e28fa9a999783fced7102b437d30e24f1430600b4,5,2,5,5,0,1,6,2,7,7,6,1,9,8,23,23,0,46,0.5,True
all_46,train_0936,da9bd0643e4b1ed90148f017cb0b06e9c7882d724ae668f77d08ad9b978825fe,2,3,6,2,2,1,2,4,7,7,2,1,7,6,23,23,0,46,0.5,True
all_46,train_0938,78381683d6207c5d9c113966d9129fc0531127c8060d5236f850686026e5fd53,3,1,0,1,0,4,1,6,7,7,6,7,7,8,23,23,0,46,0.5,True
all_46,train_0939,2276ae71697f68e51c45fc3273c8b2c8297f8cd5c05333a9a5331df299b5ca7b,3,1,6,4,1,5,6,0,7,7,6,4,6,6,23,23,0,46,0.5,True
all_46,train_0940,997df4326325e963e2e395c262122abbd919a5727d471be3ff01796ca8ace5af,5,1,6,6,5,3,2,4,7,7,2,8,6,6,23,23,0,46,0.5,True
all_46,train_0943,eb6dc7d7f922e94a178a2230682f6b72f606b90fa22ba2a0c45e199c42fb2523,4,5,2,4,0,1,5,4,7,7,8,2,5,5,23,23,0,46,0.5,True
all_46,train_0945,93565d777393fbb06195215e6e32ef96a384069dd35af4399ac00860b56b14e0,6,1,4,5,4,1,6,3,7,7,2,4,4,4,23,23,0,46,0.5,True
all_46,train_0946,c3c2282d94df3393da90c413c4bd8f6a0099f46897481707e3ebdc200f5d1cc0,1,5,1,2,6,4,1,6,7,7,8,1,7,6,23,23,0,46,0.5,True
all_46,train_0947,f8e4453e29f5630df78e08cef41da067a065a3ba0f2af4762050599cdf81032f,3,5,5,0,4,4,1,4,7,7,2,3,7,8,23,23,0,46,0.5,True
all_46,train_0949,1ba729664264c9ab94407be7d27e4e96c27341769f344a25e4c2961c9af558c2,3,1,6,3,5,6,3,2,7,7,7,1,4,4,23,23,0,46,0.5,True
all_46,train_0951,4db5fcb446bb48baa35f6b33c3037cec2383dfb81eb5e7fc33b7d009a151291b,0,4,5,2,4,3,1,2,7,7,7,3,6,6,23,23,0,46,0.5,True
all_46,train_0952,e36c4912d3ef1f9d6b836d99d3bdfbaa83c4794426bf2bf8f0954e0dbe1d037a,2,0,6,6,5,1,0,3,7,7,4,5,8,9,23,23,0,46,0.5,True
all_46,train_0953,7b211004fc02a86fe4626e5546c8fbba2ef7dbb96211886d53a0d748793de8ce,6,3,1,0,4,5,6,6,7,7,4,5,10,11,23,23,0,46,0.5,True
all_46,train_0954,548831221130c19d5c7225939a3ad5760db08921c4e2cbdec441b06cc218c524,1,6,0,1,5,4,2,6,7,7,6,1,8,7,23,23,0,46,0.5,True
all_46,train_0955,76d3a676a906c3fa7598ec27dc5a843dbdd61d251e7cc97fc57279409ed7162b,1,5,3,1,0,0,0,5,7,7,6,1,6,7,23,23,0,46,0.5,True
all_46,train_0957,245f8111e4e5cd01d8f22520fe0a17501a14784bc9b2cd8b02f2307fa34c519b,5,2,2,1,6,2,0,5,7,7,1,8,7,6,23,23,0,46,0.5,True
all_46,train_0958,bccb209f5d4d22e822e079d7c64ecf5f8facfbf9dea26ab5b5cf13ecd5da312c,5,3,1,3,2,0,6,5,7,7,6,5,6,7,23,23,0,46,0.5,True
all_46,train_0959,799263fd99ecbab8fcd33f2846bda65ea96c064cd53ebb030b7b0951902fec31,0,6,2,0,1,5,3,6,7,7,2,5,6,7,23,23,0,46,0.5,True
all_46,train_0960,c2038baace47e1b84523d9a2b04b30049d8026339b2c3fd198d6734fbcdcd758,3,5,3,0,6,4,1,4,7,7,4,3,7,6,23,23,0,46,0.5,True
all_46,train_0961,c0e6cea9a662ff580868cffac4dd8ea2b5ad8a691f595fd3f23e4d011b18fee2,3,3,0,4,4,0,2,1,7,7,4,3,8,7,23,23,0,46,0.5,True
all_46,train_0962,311b00ae942c3f1bad2ccac44029ef58d2972364f8b0c7270fbd21999b9cc58c,1,6,4,0,0,3,2,5,7,7,4,2,7,7,23,23,0,46,0.5,True
all_46,train_0964,abcd96c49b7346e44e4d3f9eb6972ede25c0ed363e65048c3c3992d156bdd4b0,3,2,6,3,2,6,1,1,7,7,5,3,7,7,23,23,0,46,0.5,True
all_46,train_0966,94a35bc730edbc8a9e27161c36b5e435dc4a25f07b7190664faed88d28d84183,6,3,2,1,4,3,0,3,7,7,2,6,4,4,23,23,0,46,0.5,True
all_46,train_0968,8907f2f62d335c5c08094f0590735808923b1e25e36a36fb53e7c3aae2685312,2,6,5,6,0,3,2,2,7,7,5,6,8,7,23,23,0,46,0.5,True
all_46,train_0970,7cb61894d593023e4e1691d4608711162065e8235d3f8f556ef9486f60e54708,5,1,2,0,6,3,5,0,7,7,3,1,13,15,23,23,0,46,0.5,True
all_46,train_0971,bdffdd065a6172db7363bff684821816e71fa0dc2ac176d0e30591ec08877b0f,3,3,6,3,2,4,4,0,7,7,2,4,5,5,23,23,0,46,0.5,True
all_46,train_0972,0e8748608966d7ca96895f3c7fe6582d08064b853c8265dd38812f029e0df7dd,3,3,0,3,6,0,6,5,7,7,6,7,9,10,23,23,0,46,0.5,True
all_46,train_0974,1425246b70183f2f0a32e329447fe52df63924bfdf11f53b31b484669b119819,4,3,0,0,2,4,4,2,7,7,5,1,6,6,23,23,0,46,0.5,True
all_46,train_0979,76c25c8bb0d93468a193796f1d546582806b425be91090b3d72d0772b4b2974d,3,3,1,1,6,3,5,5,7,7,3,4,7,8,23,23,0,46,0.5,True
all_46,train_0980,8c70ec70d0a3f8431d76ea1bcb2236c3093d50f18abc2ae7e0d23517c6c5576c,6,5,0,6,4,4,2,1,7,7,3,8,6,7,23,23,0,46,0.5,True
all_46,train_0981,449909a374de164b61d0c86a526bbe9e8bde1ac1c1429fc8285c8d52f49abea5,3,1,4,5,5,2,0,6,7,7,3,8,6,7,23,23,0,46,0.5,True
all_46,train_0982,18f2f3947aa757ca0645e87c87f48b6a34e752d14b4bbe83d466467c93dc3ade,1,5,4,5,2,3,5,2,7,7,3,7,4,4,23,23,0,46,0.5,True
all_46,train_0986,9ce9ef3edd2f89adf8bfd5a2c6529fbaf6bcfb148ce2c6c53fc50bbd1ffdcc84,1,3,6,4,2,5,3,2,7,7,3,3,5,5,23,23,0,46,0.5,True
all_46,train_0987,65e513b73b82de969f65fbecd0de52e518e56a9716e658d32701bf515c20e705,6,4,0,2,5,4,3,6,7,7,1,5,7,7,23,23,0,46,0.5,True
all_46,train_0988,fa7ed2cdd29055b47873bce3f9959205b5932299309a47bcd2e26c12a57fc9e0,1,3,1,0,6,1,6,5,7,7,7,7,10,10,23,23,0,46,0.5,True
all_46,train_0989,1b2678e54b0c51affdb1a00407ef98da70df49a9bc4600caf2c3f0968688d04b,2,5,3,1,5,5,2,4,7,7,5,1,6,6,23,23,0,46,0.5,True
all_46,train_0990,a85b3784b67678e6279858581c6dd7d95c3c55f638f0919ab86ed7748aa76f37,5,0,5,4,0,1,2,0,7,7,8,3,8,7,23,23,0,46,0.5,True
all_46,train_0991,462b1e33484ef273c3ea0a810b299cb3da257f1e6492be5f01cc07747af13a36,3,1,0,2,4,1,2,5,7,7,1,5,5,5,23,23,0,46,0.5,True
all_46,train_0992,6fea440b907ed562aed5223fc01714484430357fda2de2156f7f62cb9b796845,3,2,3,5,1,2,6,5,7,7,2,8,5,5,23,23,0,46,0.5,True
all_46,train_0995,95e799b76ea353210e128ea2033a3d2fc92e0cb53deb581554c877604d4ae682,6,4,1,5,4,2,2,0,7,7,4,8,6,6,23,23,0,46,0.5,True
all_46,train_0999,d93ff473107ea0469e3c47eae5ac013056ffc9bfa0eec6a512869cb8dbb5e80c,0,2,3,6,4,1,2,0,7,7,5,4,6,7,23,23,0,46,0.5,True
all_46,train_1001,1c65a75a50f1c86fbd8df29f38a62a806f7e482cc16ae43fc848ddbcc2eda31f,5,5,1,0,1,4,4,1,7,7,5,5,4,4,23,23,0,46,0.5,True
all_46,train_1002,bff91ef14d07ce94b746a117c3e5eaa4cd47aa3263e442e892e6ba7177f46935,1,4,3,0,4,6,1,6,7,7,5,2,9,8,23,23,0,46,0.5,True
all_46,train_1003,fb3d88c373e090b3cab80997eabd5b6d2c8157f7c75832e9eca84350f10a28de,0,2,3,6,5,0,0,3,7,7,7,1,8,8,23,23,0,46,0.5,True
all_46,train_1004,e8e9a8bbfff60a993ac4f98e31a283040ddad0bc38ff75f9609f2a0fc10cf2cd,0,2,4,6,0,1,2,1,7,7,1,3,11,13,23,23,0,46,0.5,True
all_46,train_1005,80aebb07c218be42bdd262da41367901a16571839578d388290bdfccd5eb9564,0,1,5,4,5,0,2,1,7,7,6,2,6,6,23,23,0,46,0.5,True
all_46,train_1008,bdcbe58a43428206d4dd5d423a788da08a5c7d70511196ca9aa48eabd8d28851,0,5,6,0,0,4,4,6,7,7,1,5,10,10,23,23,0,46,0.5,True
all_46,train_1009,22d9f2cdd2e30eb38dcbd49ad4c6b9ea1eddd6a86df336b78886dec938ea8876,2,0,4,1,1,5,3,0,7,7,6,1,7,8,23,23,0,46,0.5,True
all_46,train_1010,356f7960c076128e94b82daf887a1c9ffc9056032a33c096af1d4229655dc3f4,1,6,0,1,0,6,6,3,7,7,1,8,7,8,23,23,0,46,0.5,True
all_46,train_1011,783155353140b665480eae4fa0cdd451b867f08ddb91e3234d5d7d3c396ffc6d,2,0,2,6,1,0,0,2,7,7,1,4,7,6,23,23,0,46,0.5,True
all_46,train_1013,235c8d9123433fd54904c34bfa34969803eeb404d09f9bd64989320d98fb9043,0,6,5,0,0,5,3,6,7,7,1,3,10,10,23,23,0,46,0.5,True
all_46,train_1015,1fd9a04c1f8ec37adf42a2acf770120aac1d0223515045d710a473454de0cf34,5,5,0,0,2,6,6,5,7,7,4,1,10,11,23,23,0,46,0.5,True
all_46,train_1016,cf6bd3176413d749168ed9e8141b9160d85f67602e474f91fd37f581e0b92886,3,1,3,4,6,4,1,1,7,7,6,2,5,5,23,23,0,46,0.5,True
all_46,train_1018,4fcc88ced16339caff1c07f8ca36a1e7b6f00f3a5c2f348ebbd0b02c650cad99,4,6,6,0,3,6,1,1,7,7,1,8,9,8,23,23,0,46,0.5,True
all_46,train_1019,1297baad6d2041b72586be0849c41c8abfe34a07f4195ba33f545e6600e5b2d9,4,3,0,6,1,2,2,0,7,7,4,5,7,8,23,23,0,46,0.5,True
all_46,train_1021,1497c8cbaa2b5c7f77e911f03a18e536a90642de0a3c28a6e2996ea472ad500e,0,5,4,1,4,3,1,2,7,7,6,4,4,4,23,23,0,46,0.5,True
all_46,train_1022,76a438e51fca265423886bbf4018fa3ae04e648b8a9779c59fd57a4561a4b888,3,6,2,1,2,6,5,6,7,7,1,2,7,8,23,23,0,46,0.5,True
all_46,train_1023,8b9d42a171d198ebea4664c8b65fc77d4090e32573841781f2c9708cbe6ffc55,0,1,4,1,4,5,2,3,7,7,8,4,8,8,23,23,0,46,0.5,True
all_46,train_1024,d2c33f04d7a40ec5a6337650bf36166992414a7b761eda0bb6bc39dda7134c17,5,4,1,1,4,2,2,4,7,7,3,3,4,4,23,23,0,46,0.5,True
all_46,train_1027,92eb3a428127babdb48bc2af32f0e4e1fc3d91180da6c322b89f828916bb2d5a,1,5,2,1,6,4,2,6,7,7,6,2,7,7,23,23,0,46,0.5,True
all_46,train_1029,0ded7956f33f298ab05592aca210be573d0072467192b097a7546e314fc14fe3,1,5,6,6,0,1,4,0,7,7,5,8,11,10,23,23,0,46,0.5,True
all_46,train_1030,ce0a25ed44959386fa251e4d71c8c2a6855ad76bcf9aa3c7376d5f816a8ec6b7,2,6,2,0,6,5,1,5,7,7,7,2,9,8,23,23,0,46,0.5,True
all_46,train_1031,2d92724ec035cffca33fd88f81a07a5a99703efc01bc803d4fb827dbcbf1409b,4,4,2,2,4,0,3,5,7,7,8,2,4,4,23,23,0,46,0.5,True
all_46,train_1032,3d1b7d10b0dae30e1f756708fa517b1812beb55acdf87fc7e813dd9acee91c2d,2,1,3,4,1,3,0,1,7,7,3,2,9,8,23,23,0,46,0.5,True
all_46,train_1033,cedb2ce4cf806fa02558b3ea7071821edaf16092b697c4351f7bff8c7caa443b,3,0,3,3,4,0,5,1,7,7,1,5,4,4,23,23,0,46,0.5,True
all_46,train_1035,43d410203273c9ff1d6d98ee22e9e5c47c996773f59661f3f1dcdd0391510062,0,0,5,6,3,2,1,3,7,7,5,4,6,7,23,23,0,46,0.5,True
all_46,train_1038,e990f4e133a57d8acf6f3ece05441f9450753d41ca488b2aada09867d8c71a05,3,5,0,1,5,2,3,6,7,7,5,1,8,8,23,23,0,46,0.5,True
all_46,train_1040,cde78732e84355759b303ebc79a67a5b0b0ef861bdc321972a5513fe51dbd2e8,1,3,1,6,3,2,6,4,7,7,3,6,6,7,23,23,0,46,0.5,True
all_46,train_1041,8321b27d9679011ba67ba65810a158e70d47b9ea8aa8a8a23d0c38717ea2b75c,3,1,1,4,6,2,2,1,7,7,4,1,7,8,23,23,0,46,0.5,True
all_46,train_1043,1711033e83589af14d450c011804b93ab2bd8af74b244b33574152b58629ba0c,5,2,6,0,6,6,3,3,7,7,5,3,6,6,23,23,0,46,0.5,True
all_46,train_1047,d5698a3195a6f31f07bc8b78f9f359ed627fd854102b27f9f03f96b1872c20d2,4,3,0,0,4,5,6,0,7,7,2,5,9,10,23,23,0,46,0.5,True
all_46,train_1049,683e9adbf2d217cda722c07a6218ea313f9e03b424a60fbf934b98fd5a16db96,4,3,1,4,4,1,6,3,7,7,2,2,6,6,23,23,0,46,0.5,True
all_46,train_1050,a9cda647e0c6e308908b8336f0c7951950a3bbd34ff705f36c02f078fc23118c,2,5,0,2,6,3,4,0,7,7,6,7,7,6,23,23,0,46,0.5,True
all_46,train_1052,e08207c64e6e54dfeb7672d00d74e9390804036f4df4abdb944281337efff7d8,3,6,0,0,6,6,4,4,7,7,3,3,12,10,23,23,0,46,0.5,True
all_46,train_1053,28f519d60abaaaee0c66337a68d3e8f3442191a42f335606201a06b0d057cfc5,1,1,0,3,5,5,4,2,7,7,8,4,7,7,23,23,0,46,0.5,True
all_46,train_1054,e0c8b3705fd99b27108376251b56b8bf419a1392ca3cb1e922c4a57b7ee8c94d,4,0,4,3,2,6,6,0,7,7,8,2,5,5,23,23,0,46,0.5,True
all_46,train_1056,92db5ba18a305b42a5e99615e68f3a58cadc7ea6a529e04d9befead68f7c319e,5,4,0,4,5,1,3,0,7,7,3,6,8,7,23,23,0,46,0.5,True
all_46,train_1057,63b0f5d9437b46852b3a29e007914dc7c6ba13a4faefe4cfcf5122c59b20611d,2,5,0,1,2,6,6,3,7,7,1,6,7,8,23,23,0,46,0.5,True
all_46,train_1058,c2ccd8a4d9a7521572c972cbd9827d970bbc4a01b2238a28953c32219da59731,1,0,0,3,4,0,6,1,7,7,5,8,7,8,23,23,0,46,0.5,True
all_46,train_1062,6c5680061f7346c48ead9279606c53701d9760b032391ec4ee6674f23b42f5fc,5,2,2,4,0,5,4,0,7,7,8,3,7,6,23,23,0,46,0.5,True
all_46,train_1067,f8d74740758fde704c123bb8e21aaaef52da425ed3c60081d76c517c33ccf508,6,1,4,0,6,4,4,6,7,7,7,7,6,6,23,23,0,46,0.5,True
all_46,train_1068,81a27faf163a30c0506a852af7417e6447290c05a93cd3fd082097b664100ed9,2,4,5,3,6,0,3,1,7,7,8,4,4,4,23,23,0,46,0.5,True
all_46,train_1070,b88fea37c195adfd75f39f14fe43c25ad5869ddafd021eebf8c6a301e7f64e30,3,4,6,0,2,4,5,6,7,7,1,4,8,7,23,23,0,46,0.5,True
all_46,train_1071,a7588c6d329ca03ee64411c265115ab06435960b5e0237aa6cd88dab1bae33bf,0,4,3,2,4,6,0,5,7,7,6,1,9,8,23,23,0,46,0.5,True
all_46,train_1074,b1f8a32c14b3fa930930b12ac9e914e8b156fe03d7fe4a13029e1141dcaf2142,1,6,6,4,2,2,1,0,7,7,7,8,12,13,23,23,0,46,0.5,True
all_46,train_1075,e4e7ef1dba3efd271bcf0b487ecc650d4ebc39a3e79e8e43f87c5e311d6238bc,4,2,3,5,5,0,0,0,7,7,3,6,7,8,23,23,0,46,0.5,True
all_46,train_1078,249a2cb075cf008ce088006fa4b8854e27dcf51ceebdcbad6a671be91091799d,2,2,0,6,0,0,3,0,7,7,4,3,10,9,23,23,0,46,0.5,True
all_46,train_1079,ee5e093bbeb0530dbc2e7df525d8d0c92a064b3a73aedb190b2aebe29ad3a58d,3,3,4,5,2,0,0,3,7,7,4,3,7,6,23,23,0,46,0.5,True
all_46,train_1080,e249b4c41e76e8e1e3fca9daf59817aba2e04e0d3637cfa578bb8b060d682c3f,2,2,6,2,2,4,3,6,7,7,2,5,6,7,23,23,0,46,0.5,True
all_46,train_1081,41e5b565d1412cc763eae489763dfd3ad6b7123e9c3a900d043d8034b7c16e15,4,4,3,2,6,4,2,6,7,7,2,4,5,5,23,23,0,46,0.5,True
all_46,train_1083,a357b124701fe44415b07ff4fd8f997d3759e26d5a18441b3efdd7fefc825dae,4,1,0,1,0,4,2,6,7,7,7,7,13,13,23,23,0,46,0.5,True
all_46,train_1086,0122fa42af7a2d82ea2ec51c5c7ce23fdd33d81089b9fd6e60e19d9f4d54110a,6,1,0,1,5,0,6,3,7,7,2,8,10,10,23,23,0,46,0.5,True
all_46,train_1088,aa7691a3e8a9cffa0d449e3fd0a14f2372d7182b4e16793ac69e86eac8ce6d60,5,1,5,6,3,0,1,1,7,7,3,4,10,9,23,23,0,46,0.5,True
all_46,train_1091,af0358da98fb82ee3be052aa1d1c4ce8b7164e90807469f9b6f74308cdf2b7dc,2,5,5,4,5,6,3,6,7,7,8,2,4,4,23,23,0,46,0.5,True
all_46,train_1092,7e9b03c86a88f3108e086e1b3cd54adb49ca5080765a63bab0bfad4b421e4e2d,4,2,0,6,0,1,4,5,7,7,7,5,5,5,23,23,0,46,0.5,True
all_46,train_1094,e01640fa84b6598bd57b47232ad914b8490fa50105978f647b7eb97cd50a9bb6,4,6,2,0,4,5,6,2,7,7,1,6,7,6,23,23,0,46,0.5,True
all_46,train_1095,ac6bf2e95e5017e383a9faa5566ad25dee8766068d21f5a1a4a43c41f6fe9abd,1,5,5,2,0,0,0,4,7,7,6,2,7,7,23,23,0,46,0.5,True
all_46,train_1103,3ab056074624be9544e227b6b00836d2d3d1fa2bdde115806958376557dcdb0e,0,3,4,2,2,5,0,1,7,7,4,2,5,5,23,23,0,46,0.5,True
all_46,train_1107,c7bc43e533fcc73807ac77dfa757497cbc1e003dff63eb63da3964f54974ea9f,4,1,2,0,1,6,6,3,7,7,8,4,7,7,23,23,0,46,0.5,True
all_46,train_1108,1a144ef1721f56635b790a5e1035cf3f97b53fcbcf329a7bc38e1f7103a8557d,0,0,3,5,5,1,1,0,7,7,6,1,6,7,23,23,0,46,0.5,True
all_46,train_1110,512e45f0fef4112f752da0e9fd0fd736b6b980185c16dcc174adc01363f39fc2,0,4,3,1,6,6,0,6,7,7,8,2,8,8,23,23,0,46,0.5,True
all_46,train_1111,d9f1df05e7ac1ff152e4684894c508f5603063e17dc15ede584ef081c6e55946,1,2,4,5,4,1,3,3,7,7,4,3,6,7,23,23,0,46,0.5,True
all_46,train_1112,ab1dc8e69ddbd0ead4fb9654de4a21f7424691d2948ce6df822221f739ce65b6,5,3,1,2,4,0,3,5,7,7,4,4,5,5,23,23,0,46,0.5,True
all_46,train_1114,31ff73815ffcbc63e816bba49b66b3430c080a231daed1ee9994593f177b6d5e,6,1,4,3,1,2,1,4,7,7,8,8,4,4,23,23,0,46,0.5,True
all_46,train_1115,6a949c4eebcfe49731bc809a5a325ed521c4e30397d579733bbfa78c589ebdd2,1,4,5,6,1,5,0,0,7,7,1,5,11,13,23,23,0,46,0.5,True
all_46,train_1117,2f58d400d29dda3dd0a4171d3a80380545d84f0c88feb2b4c95bb7f52511544f,4,0,4,6,1,5,0,2,7,7,8,6,10,10,23,23,0,46,0.5,True
all_46,train_1118,24a860a2ad1774ac65bed642c57af1f6799703a96bfd83ef66ad5da02aa556e6,4,2,1,6,0,0,6,3,7,7,6,3,7,8,23,23,0,46,0.5,True
all_46,train_1120,9450b10edcf141074ec627af0c69f0efa1f928b422c026f66f3b88ba881cbda9,1,1,6,3,1,2,3,6,7,7,1,7,6,6,23,23,0,46,0.5,True
all_46,train_1121,507d11abe6004042f2ff3b828e1676c1615de1254bf5040a4d7ac149aa4de5c7,6,5,3,2,6,1,5,4,7,7,6,2,4,4,23,23,0,46,0.5,True
all_46,train_1122,43d2735037b36c779a2ce03f4c056dadc65906287edc128548a03cef4881d913,5,3,2,2,5,5,6,3,7,7,2,1,6,7,23,23,0,46,0.5,True
all_46,train_1126,b465c6609a606948a38c7678860c1e58672753a4c07de8691fad5ff56490adf5,0,1,6,2,5,3,2,0,7,7,7,7,6,6,23,23,0,46,0.5,True
all_46,train_1130,445de7c7673517b06a062ec11cabcc318f4eb0507b4cb717017c2a3254471d93,3,4,5,5,6,2,2,6,7,7,5,3,4,4,23,23,0,46,0.5,True
all_46,train_1131,599496ccd8d9f6a024260ee3890e409626b90e5f078a7252f65671794ed7af44,5,4,0,1,0,6,2,4,7,7,7,3,5,5,23,23,0,46,0.5,True
all_46,train_1132,b9cccf1f7c3e661e43f12b4e1ae6e0ac3f1a1121ebbfd71aee6ea4407fa73a18,6,6,0,2,2,6,3,1,7,7,4,8,6,6,23,23,0,46,0.5,True
all_46,train_1137,bf441b6a72137390c782dbd58234c4768fa051a6d81f7f74602b21d6fcb35aed,6,1,0,5,4,2,0,1,7,7,3,8,7,6,23,23,0,46,0.5,True
all_46,train_1140,b98500076f915bc5958da1be60ce7e6982d51e1a8c878ec7f659f5ecdd4418fc,1,4,4,3,0,4,3,0,7,7,1,6,7,6,23,23,0,46,0.5,True
all_46,train_1143,122905b7caf507daa2354a8ef3ff9f88eea298f6af03ab3ee4ff3ea0cc1895c5,4,2,3,4,6,5,4,1,7,7,7,1,4,4,23,23,0,46,0.5,True
all_46,train_1145,644fbc35f89881fcbdcdaefd6c8186edf54ec2c9482adf40cf427d3bd495b891,5,6,4,0,6,5,1,5,7,7,2,5,7,8,23,23,0,46,0.5,True
all_46,train_1146,5b46331e968bec27bdc5f01dbd03bf40934d1f1a4616c6665fd8a5e0d1b009b6,0,5,2,4,1,1,3,2,7,7,5,6,6,7,23,23,0,46,0.5,True
all_46,train_1149,f54a870a8104e4fa3c13bc322e8a723cb282a63a952f10f35ad9ae37faf86432,4,1,0,0,0,5,2,4,7,7,8,5,7,6,23,23,0,46,0.5,True
all_46,train_1150,dae82e9b8ad35c1fe540fe72903a1b0fe9d3038cea16a4b1ae003b1cc983d451,5,5,2,1,6,5,3,6,7,7,1,3,8,8,23,23,0,46,0.5,True
all_46,train_1151,8d00d14ba5a9804316652cc10b3c1831cb36a01e216979c93f7413e20212df71,6,4,0,1,2,5,3,1,7,7,5,6,6,7,23,23,0,46,0.5,True
all_46,train_1152,819563434de994c552f3ea61a0d0a7a424db19d72d436ba855726863e555ac1c,4,5,6,6,6,0,1,4,7,7,7,4,6,7,23,23,0,46,0.5,True
all_46,train_1154,a70ef1f44ec17e0bd64d0549ced03ac1cade0b75ee2caa524e54a9788fa6f299,6,3,2,0,0,5,4,5,7,7,8,4,7,7,23,23,0,46,0.5,True
all_46,train_1156,a2b5d1aa7e3c7e39a3ceb10350c070750f6e511d6196db722bb0e8bbf6ccf919,4,0,5,3,4,6,3,1,7,7,6,2,4,4,23,23,0,46,0.5,True
all_46,train_1158,5bf7a257e2487239b78d6d3afeaa7d32c2ebe2f4f2d24c6d96101e0bd4b32001,0,4,2,6,6,6,3,3,7,7,8,4,4,4,23,23,0,46,0.5,True
all_46,train_1159,7414f06275ccfbef521cd21cfeed76c83c7e22194a58259e84efd9d16608f744,5,4,4,6,3,2,1,4,7,7,4,6,5,5,23,23,0,46,0.5,True
all_46,train_1160,afa5898c29fdf8dbfe029511e05ce09fb8863f11dc1b13abd5716d1c2d64794d,4,3,6,4,1,0,1,3,7,7,6,5,9,10,23,23,0,46,0.5,True
all_46,train_1162,5cc258c97dc9267568d8b32038ecf1c671312fb1fcd64555a810db37245c61cf,1,3,4,4,6,6,4,0,7,7,8,6,4,4,23,23,0,46,0.5,True
all_46,train_1165,df56550586f9ff0bb8d89cc6be10fbb4e7a4e30c2df35f65a54af0a1b86332c9,2,4,4,2,0,1,6,6,7,7,5,6,7,6,23,23,0,46,0.5,True
all_46,train_1166,c397cf78a02454abd7151bcafb35d40ba511853f821e552dc2685725601eaa62,1,6,6,4,3,1,0,5,7,7,7,2,8,7,23,23,0,46,0.5,True
all_46,train_1168,8dc2e4748f118970efc0eeaaf5aa9fdab376ab7f27a13f2a1083e1b5483e3342,2,1,5,4,0,1,3,3,7,7,2,3,10,11,23,23,0,46,0.5,True
all_46,train_1170,1273325bc6f0eb559d1615ecdb86f3eddfbef0e37b06483700a3d6a895d6d036,5,3,4,6,0,1,4,0,7,7,7,8,9,10,23,23,0,46,0.5,True
all_46,train_1171,8b29fd68598565c6ddf0d9b3fe45484bdf0ba200a6e4fbad611acfc12bf34586,5,4,0,1,4,2,4,0,7,7,3,7,5,5,23,23,0,46,0.5,True
all_46,train_1172,cf499b5a9474e192e84223e00cbbd4d6f4c7adb4205c43cab140d333a33a225b,2,3,2,6,5,4,0,3,7,7,6,2,5,5,23,23,0,46,0.5,True
all_46,train_1174,388f257cb2caeec78fd582a2390e46ab9cd8b7e750fc91c052d79c4b6c86e267,5,2,5,6,0,4,2,6,7,7,7,7,7,7,23,23,0,46,0.5,True
all_46,train_1175,785b764f1d84a82aa5994f4fe66ac6f80aa4b368ecaf05d11ec893fef61b5ae9,6,3,2,3,3,0,1,0,7,7,6,8,4,4,23,23,0,46,0.5,True
all_46,train_1176,d335a6989c9fabf856175b4d23e90e96374366dcbf0e4dd01f6f1b6aa3f61042,5,5,0,3,5,4,3,6,7,7,1,3,6,6,23,23,0,46,0.5,True
all_46,train_1179,2a56712c08d5a8a5684f430338797194e57ac0308cef681ee8609df7a2bd51a6,0,1,1,3,3,6,3,0,7,7,8,4,5,5,23,23,0,46,0.5,True
all_46,train_1180,7c00742ac199181f84d79203060a71a97c5ca4e85e64f7e21c7d3debb3aa0569,2,2,2,5,6,5,0,0,7,7,7,4,6,7,23,23,0,46,0.5,True
all_46,train_1181,b3ed991a317c901086ddd1224b1a914d6cade0913e0e5050da4a5e7464012bb2,4,1,6,1,0,4,2,6,7,7,7,7,9,9,23,23,0,46,0.5,True
all_46,train_1182,94b98943d80c07143deac8f060f11f7933bc5e508ddb0b72256b4336b04add15,5,1,0,4,4,0,5,3,7,7,2,2,8,8,23,23,0,46,0.5,True
all_46,train_1183,8ce3beaa141bdc7cbc8ca7e919fef60bfd986d0d3ab6597ff27829d62381a504,4,1,3,5,5,0,6,3,7,7,2,4,11,13,23,23,0,46,0.5,True
all_46,train_1184,156032a856ef762d79585e006d9cb9a679c98f579b59fe4a6854da17d58a825e,3,4,6,0,0,3,5,6,7,7,4,4,11,11,23,23,0,46,0.5,True
all_46,train_1186,8e83f1884fc478d3b31123f7a87b790e87623edb8d76a85fcd469e6243f44853,5,5,4,1,2,5,0,6,7,7,5,6,10,9,23,23,0,46,0.5,True
all_46,train_1190,cdd09e53979741076398f90109fcc725a6436b7e277065a643dc25b4b3aea45f,1,6,4,0,6,5,1,3,7,7,6,3,7,6,23,23,0,46,0.5,True
all_46,train_1191,7c848ab6ced2d039880d892f546405ad4bd2eaca7f268d6518cd0776acdc0000,5,2,6,5,0,5,3,2,7,7,8,2,6,6,23,23,0,46,0.5,True
all_46,train_1192,d786547656516173dae97f249128fd3c86451eebfd8437aae2ae6c8e68238587,4,4,5,6,5,1,2,2,7,7,4,4,7,7,23,23,0,46,0.5,True
all_46,train_1194,afe2ffb4317a674bbd3726c6b678300878af5131562a2c2ef47b4d5f916c064e,2,3,4,1,6,5,0,3,7,7,6,2,6,6,23,23,0,46,0.5,True
all_46,train_1195,a3c59abc22662e93b57f3302b7d0bbdecdd7c34b289c32eedcd66f39c57e52c8,3,5,6,1,3,6,1,1,7,7,1,6,8,7,23,23,0,46,0.5,True
all_46,train_1198,04261c4937cecc3e5012c146163f208e96ec5cb4538febc10dd92c683b702b48,0,3,3,0,3,6,0,4,7,7,6,1,10,11,23,23,0,46,0.5,True
all_46,train_1202,915ec92a7c1a9ad848b414e90b2cc2c2cf706e8cfc946d968674933f48248826,2,2,3,6,0,1,6,2,7,7,3,6,8,7,23,23,0,46,0.5,True
all_46,train_1204,d406cf8270fd3f3ecb3e79429700abe4165938fa308cc791432764780f28a2ff,2,4,0,5,4,0,6,5,7,7,6,5,9,8,23,23,0,46,0.5,True
all_46,train_1208,ef31d803424106c5626e3c83aa9006c58d8d91c51eed314f3ec564d5b363ec64,1,3,3,2,5,1,0,6,7,7,8,8,7,7,23,23,0,46,0.5,True
all_46,train_1211,df08d0f527805d43096ab880a3ac27d71d18faba987fe35d5770989d0134038a,6,1,4,0,3,5,1,4,7,7,7,8,6,7,23,23,0,46,0.5,True
all_46,train_1212,41bcdfbbaf79f11c39bf491ca77723ccdb3848113b594b166fb29c82c491b0fe,6,2,5,6,6,1,2,2,7,7,1,4,6,7,23,23,0,46,0.5,True
all_46,train_1213,0ade721f5d12375242cfc7c9f31d1b375ba8c162b18b9138257d250db1ddbe5d,3,4,2,6,3,3,0,4,7,7,1,5,4,4,23,23,0,46,0.5,True
all_46,train_1216,2c3e4371b6bad3664f542fa292ec4f90dabf6dce12fc70099f68f75a99189b00,4,4,6,2,2,4,1,1,7,7,4,6,6,6,23,23,0,46,0.5,True
all_46,train_1218,5551d9eccf0fec8890925e8ac6d2506cf4c99eb55e79fc4aa9d4b9a46fe516f3,2,2,6,4,5,5,6,1,7,7,6,5,6,7,23,23,0,46,0.5,True
all_46,train_1220,73e55fffb98479fb4712c88feea293b1fe2823c5613825d57816c7c7de02dcdd,3,5,0,2,2,0,3,3,7,7,6,2,4,4,23,23,0,46,0.5,True
all_46,train_1221,686b2905f1dd63cbc041da2a143c7c5a36219d8b2be3c53068f89e306f83d925,2,2,3,0,4,3,6,1,7,7,3,5,4,4,23,23,0,46,0.5,True
all_46,train_1224,1e4c92bd0bd94f318ef3cc94cdfb5e45a11125615f0c1dcaa61c08bbfe15b298,4,0,4,4,3,0,1,1,7,7,1,4,7,6,23,23,0,46,0.5,True
all_46,train_1225,ed29e364d4a06ad18625a66d1f03e35fdfb478f82a88faf3238951339650d177,1,2,2,0,2,6,4,6,7,7,5,7,12,10,23,23,0,46,0.5,True
all_46,train_1226,beaf24d2a91dca9e803593035ffeb724e627f8589089187a274011bbe72697c5,5,5,0,4,4,3,2,2,7,7,3,6,7,8,23,23,0,46,0.5,True
all_46,train_1227,3a8837b16299097c19da2580c26efdccd44cfe990e686af38540cc6c236095b3,1,5,4,1,0,6,0,0,7,7,2,6,9,9,23,23,0,46,0.5,True
all_46,train_1228,5c1895160b7770a3278eef259b4d6ddc97e3ccd8100e802d1efe8cccf6ffa85c,0,3,6,4,1,5,4,1,7,7,3,6,6,7,23,23,0,46,0.5,True
all_46,train_1231,fa31584ac9d069ba6bd945990dbadaa62689095deaef977ea8d5cd4973d64f59,2,2,4,1,4,6,6,6,7,7,6,8,7,7,23,23,0,46,0.5,True
all_46,train_1233,56ef1f7b9f02685b25384e9c93c1c82d49cd23069f1c4abfe3dbe723c0d4695c,2,2,4,6,2,3,5,2,7,7,1,3,5,5,23,23,0,46,0.5,True
all_46,train_1235,31ca636f38c1593e00af0fb20354a427bd74fc27238f3b0d9e1567b479343a67,4,6,5,3,4,0,6,0,7,7,6,8,4,4,23,23,0,46,0.5,True
all_46,train_1237,1f9256c0b8ff383660a88db1729789cd7d3bdf51fd02b53d11e8d1c3cd68da5d,3,2,5,4,0,5,2,6,7,7,6,7,6,7,23,23,0,46,0.5,True
all_46,train_1238,42ae1193eb2c01f26a44ccd2c26ceb69634a7422d54a7712e51505b0d3c15896,1,6,2,0,0,2,4,5,7,7,5,8,8,7,23,23,0,46,0.5,True
all_46,train_1239,7980118b8599daf375fd8d3d818f31289eb3fa9fb6afaa5c605485139aca212d,2,3,3,5,1,4,6,5,7,7,2,6,5,5,23,23,0,46,0.5,True
all_46,train_1242,ce7588c7191ef81bdd023ae1efe14dc6f98c65acefc6ed0487ea60c2d0913129,2,4,5,5,0,2,1,0,7,7,4,5,8,9,23,23,0,46,0.5,True
all_46,train_1243,3999c36a6468ad1aa9fb6450bbe362c87c6a952c6c12e705b0930574308dbfd4,1,3,5,0,0,1,3,4,7,7,3,3,6,6,23,23,0,46,0.5,True
all_46,train_1244,d5348bb92320af867836f7464a792b912eda0cafb7f3702f701fefdd56140f26,5,4,3,3,0,6,4,0,7,7,7,5,6,6,23,23,0,46,0.5,True
all_46,train_1245,e9fc9014916f09bc2df4b0ebbb0bba6cad90e7a9ed2d8e09775377e8f9e445f5,4,4,0,3,4,2,2,0,7,7,2,6,5,5,23,23,0,46,0.5,True
all_46,train_1246,e84f2ad0cfe8eed4c9419c89220ceeae8a50d0d39db22b0d52362e7d2432562b,6,1,2,4,2,0,6,4,7,7,7,5,4,4,23,23,0,46,0.5,True
all_46,train_1247,3e6ee94737ab71bea7d5b7c51373cdb4c034a67d9241275c952113d57e8aa069,2,3,0,3,6,2,3,4,7,7,5,2,9,8,23,23,0,46,0.5,True
all_46,train_1249,3cd8e68db4743fb0b938fac07d88daf8f22799c6015fb2eb2662a09cd8811f90,2,1,6,3,3,3,0,2,7,7,3,3,9,9,23,23,0,46,0.5,True
all_46,train_1252,cbf6797e75749383a7712986e6b10bf85ee1d4f6e551676469bccc0f8b7f7f4c,6,1,2,5,5,3,2,1,7,7,3,6,7,6,23,23,0,46,0.5,True
all_46,train_1253,18bd38785c78c56208eb4596606424905f48eb589147d12647e33634538c540b,1,4,4,3,1,2,5,6,7,7,2,6,4,4,23,23,0,46,0.5,True
all_46,train_1254,9ce8341c56c912d6b4b9561916c989f81f49fe57e0725a3741527914164bfce9,4,5,5,0,4,6,0,3,7,7,1,6,9,8,23,23,0,46,0.5,True
all_46,train_1262,367ca3a6b91a4123a727da10006f992de5ced40c0201c5b9260b4b87bdd4faf3,1,3,3,5,0,1,6,2,7,7,3,6,7,6,23,23,0,46,0.5,True
all_46,train_1263,04a0b2c424e3c1e1dd519f617851e1313dcde9b1b0ee1c50331d36ae94beede5,2,3,4,6,1,2,3,1,7,7,2,3,11,12,23,23,0,46,0.5,True
all_46,train_1265,b78fc353e5f94e7b2b55e8363cc79e5724bae7db8ca0eddb38ebede351822f16,2,3,4,6,6,1,3,1,7,7,6,5,7,6,23,23,0,46,0.5,True
all_46,train_1266,a501e0ebf1d7fb88ac1b8dbf880aa99099d36053452ff5aff97c66f5a7471757,1,4,6,5,0,6,2,2,7,7,3,3,7,7,23,23,0,46,0.5,True
all_46,train_1268,71bfcd17c4512659ef2b7d54b7cc2a23d43da5e1a7c9642e1e418d6d686c0477,1,6,6,1,6,5,1,3,7,7,6,5,6,7,23,23,0,46,0.5,True
all_46,train_1270,0e6d88eb7a74287ecb6889afdd189c8f60df4d431155ab3669778cc2b7c22223,6,6,2,2,0,5,4,5,7,7,7,3,5,5,23,23,0,46,0.5,True
all_46,train_1271,45546c22766d38ce468461414a82430ad71caf8533d1dff4f04d61759513648a,1,1,0,3,4,4,5,2,7,7,6,5,9,8,23,23,0,46,0.5,True
all_46,train_1275,c075b0a23dc4e560a0f0a98887f41205d11b06df3b88c93c4f8bd78497858f8f,3,4,6,0,2,0,6,4,7,7,5,3,6,6,23,23,0,46,0.5,True
all_46,train_1276,fa55f4a869ec83c54a01da6ff9690b8173693f95411858b392edae068bcb7d3a,5,1,6,4,2,5,3,2,7,7,7,3,5,5,23,23,0,46,0.5,True
all_46,train_1278,1737e6a43d74cb75d646994cb75282d062237d9c6948cb1a5ce597ec95c4c749,2,2,6,1,5,5,3,3,7,7,8,2,5,5,23,23,0,46,0.5,True
all_46,train_1279,3685f2bc0ce0a31cbb79951b529312ec0c9215e05113df7c8d08b85d05cc845e,3,3,5,3,2,2,6,6,7,7,2,8,4,4,23,23,0,46,0.5,True
all_46,train_1281,b2104a4f7c7a28cfdb7c2d03ad79c83831f66f9bdb1b7c5cb00c59983870df89,3,6,0,2,4,5,3,1,7,7,2,7,7,6,23,23,0,46,0.5,True
all_46,train_1283,350d5b2f547077fb8e921bf6d87e70fe2508fc329816052866a0bfd9880482ea,5,2,0,3,5,1,3,0,7,7,1,4,7,6,23,23,0,46,0.5,True
all_46,train_1284,6a9e853b6e7bba7c7311200c2b9392d1f89c5e58b273ca44dacda1ed84592ba9,5,0,0,3,3,4,5,3,7,7,6,3,8,9,23,23,0,46,0.5,True
all_46,train_1285,f38c4abef7dd0124beb4b1e86fbd4c2e6f698bfb8a8d6e4c4c8090a7f1205d99,3,3,2,6,0,2,6,4,7,7,4,4,6,6,23,23,0,46,0.5,True
all_46,train_1287,6597d7ac884bafc7da8dfe154d55c29759c4dbac0b8f3a611618ed29b4d4bfa7,3,1,2,5,2,2,1,0,7,7,2,3,9,8,23,23,0,46,0.5,True
all_46,train_1289,2e5f2e478e9aeb9caeeaf02be9ec0800a034012ff134ed6ef1fc96c4d3ea28b4,4,2,5,6,1,4,3,1,7,7,5,2,6,7,23,23,0,46,0.5,True
all_46,train_1290,cad3c9530d8ad9b8b5efcc579aadcc09ec06ae872b51d829573964149058fa56,3,1,6,2,3,0,2,3,7,7,1,5,5,5,23,23,0,46,0.5,True
all_46,train_1295,0659ca19692901725d20ddba3ae5f477247b58621db11d2b523e73536cf16f1d,3,0,2,3,4,0,6,2,7,7,1,5,5,5,23,23,0,46,0.5,True
all_46,train_1296,0bb401849ef2b0eaa2c4c302fd60a18dd16bdd8f6b2c287260aef2dd34009bbf,4,0,1,6,1,0,0,2,7,7,3,6,8,7,23,23,0,46,0.5,True
all_46,train_1297,b163a67071a93900efa9fabedfd42d06039e59da57a3bad30bb3936fd7084a1f,1,3,5,1,0,3,2,6,7,7,1,4,7,8,23,23,0,46,0.5,True
all_46,train_1299,9dbbfb3f6e27c4c4d60310a0d13df0a9f618cc20ec5fd1d3bdb7759338980b43,1,0,2,3,0,1,0,5,7,7,2,6,4,4,23,23,0,46,0.5,True
all_46,train_1302,3ddf39e1f7b4daac4e765e9b8b889d1934a1bfa54d2947c02aae404559c017a3,4,5,6,4,2,4,3,0,7,7,5,6,8,7,23,23,0,46,0.5,True
all_46,train_1304,9b8722fa34cbc14d837a51786922642ca6281f519fa40ce553b75833374432c1,1,5,5,3,0,2,2,1,7,7,4,5,8,7,23,23,0,46,0.5,True
all_46,train_1306,2ff1b72849dc386fde8cf80f730af8034667eecd773c4b97f9b0d6dd61ae82fe,1,1,1,5,4,0,2,2,7,7,4,2,8,8,23,23,0,46,0.5,True
all_46,train_1307,7a257c9a0643cc572e59fc4077fd04556a6935105a0798e078e16ae4473587f6,4,1,2,6,6,5,4,2,7,7,6,1,7,6,23,23,0,46,0.5,True
all_46,train_1310,6a02036be20064a63450137807e5c00d0a8eabbadb05fec7c6b7306dc1552c46,3,6,5,2,0,2,4,6,7,7,7,1,9,9,23,23,0,46,0.5,True
all_46,train_1312,75d4c9189dc2cd9244cec50a00df16027edf107e97c8fade5cb47e7bf33bdcc1,1,4,5,4,1,3,3,4,7,7,1,2,7,6,23,23,0,46,0.5,True
all_46,train_1313,1b0005b1ed202bfd76c2126923097f4ef8b78af99cf22a14b9270cca22edf5a3,6,6,3,0,6,5,3,5,7,7,1,4,8,7,23,23,0,46,0.5,True
all_46,train_1315,4576f44ef02bcb2f9a317389f4d7bfd038b0080c5f648bebf532a9bd7f372193,5,1,5,3,3,2,2,0,7,7,3,4,7,8,23,23,0,46,0.5,True
all_46,train_1316,033d122e6371f4a598425f551f3b6f78a583590e86f1ccd2a6adf6f0879b4f6a,1,3,6,1,0,0,1,6,7,7,4,3,11,10,23,23,0,46,0.5,True
all_46,train_1319,b84fccf72e247ef32a5eec4acc360acefb64c859b0730cfd0de224629770beb5,1,1,4,3,0,1,5,0,7,7,1,5,6,6,23,23,0,46,0.5,True
all_46,train_1320,6b6ae63d5b9f8a94273f83f94ea6bb2575da4262d5053ef448beb7f63a64819e,1,0,2,6,1,2,5,4,7,7,2,8,5,5,23,23,0,46,0.5,True
all_46,train_1322,a8b7623bf8f15cdbe0cdb084bfe47b925831401a05c78a2a65ce16b04bbfd0e6,5,0,4,4,3,3,2,0,7,7,5,3,10,10,23,23,0,46,0.5,True
all_46,train_1323,f6a9941da76ac0918498f23e8fe8a37bea4adcb3879e8d71b82d62e769318384,3,2,5,1,1,2,1,5,7,7,4,5,7,8,23,23,0,46,0.5,True
all_46,train_1324,ed60d72c97d83888f6d9a9106bb5179ecf13854519b69b68912742c70041b5e4,4,4,1,4,4,2,3,0,7,7,2,5,7,6,23,23,0,46,0.5,True
all_46,train_1327,963a477e1ea68f46801f483958476e4ca458e651b14077a494599a36c60ce8fc,5,3,6,6,3,2,5,0,7,7,3,5,7,7,23,23,0,46,0.5,True
all_46,train_1328,a060114db9115cb1e65621e2ce36d38faf0467b5bd7ead96c732680b41afc280,1,4,5,6,1,5,2,0,7,7,1,5,11,11,23,23,0,46,0.5,True
all_46,train_1331,e5078864324e01f48d6c1add9ac6870cf22de9aa7e1f00b6455c20f1e0f8cc28,4,2,2,6,5,3,0,2,7,7,2,6,6,6,23,23,0,46,0.5,True
all_46,train_1332,2fbe33d15217ac949e0b83e05a448a5afd16195657faa8b4056015d83b598c60,2,1,5,0,0,0,0,4,7,7,3,5,9,9,23,23,0,46,0.5,True
all_46,train_1338,e336ed4a22aad81d07f22b82a2c0e33be7ce0f48eae1475044bf7fda26e1bb8a,4,5,6,2,3,5,2,3,7,7,1,4,8,7,23,23,0,46,0.5,True
all_46,train_1340,880a3e4134f19845947cdce7ae81716f1373723d597d6feb1eb2685d81bcfd70,3,5,6,2,0,0,3,1,7,7,8,6,14,12,23,23,0,46,0.5,True
all_46,train_1341,ad3b55e6e9a3575878048762912b2b27e98ab5e51f7f2520acf72c8836704cf2,1,2,3,1,6,0,5,3,7,7,7,5,4,4,23,23,0,46,0.5,True
all_46,train_1344,f6131315e0fc9b2a8b54abea6dff3c5d3d20f8846f286481fc7d1b330856cc57,4,2,5,4,1,6,1,2,7,7,7,3,6,6,23,23,0,46,0.5,True
all_46,train_1345,11409ef9ee99dc93f29ad10b9d7b1cca952cfa1f0db0b56744b40015a543b203,5,0,0,5,6,3,4,2,7,7,8,3,8,7,23,23,0,46,0.5,True
all_46,train_1347,ece10a426d276e12b6c772e5adb32fcd95764fbb60cf106b74312c0ba65db7a6,2,0,2,6,6,4,4,2,7,7,8,4,6,6,23,23,0,46,0.5,True
all_46,train_1348,6b6220a64a69acaeac7729b797d203cbba6a8908410e9f812ed714483442b53a,6,3,0,3,6,2,6,0,7,7,1,5,9,9,23,23,0,46,0.5,True
all_46,train_1349,5691c204da513ac4014d6ea75449793fc879bca2814e0ded8de815d500755dd2,3,3,5,6,2,2,4,1,7,7,2,3,7,6,23,23,0,46,0.5,True
all_46,train_1350,977233134b41bbe57a40433ad06bdf56d0042d0576b2313f9bef5ab164f3f912,1,4,0,1,2,4,4,1,7,7,1,6,7,6,23,23,0,46,0.5,True
all_46,train_1351,93cdf8f0fdee7af6fea09e55b599f07180a64068d368317133f19ccd20948df4,0,3,6,2,1,5,3,6,7,7,3,6,8,9,23,23,0,46,0.5,True
all_46,train_1353,2527f513f7a7a52ed77f0ab5ead97ccbeb39fb9e0b4819f705ad0aa8c3f8e2c6,1,4,5,6,1,3,4,0,7,7,1,7,7,7,23,23,0,46,0.5,True
all_46,train_1354,16d0a9527bdbfb013505fe9a38a6bacf6661bef0359c71e508c8ed8fc07e342d,6,2,2,1,4,3,1,4,7,7,3,7,4,4,23,23,0,46,0.5,True
all_46,train_1355,002d3d9199d099f671840cef927db3e377283728a829c586f8400c77248500ef,6,6,3,0,6,4,4,5,7,7,2,3,11,10,23,23,0,46,0.5,True
all_46,train_1356,67e552319af2bca9976c678820cb54975517d88424054555819c84fb2a304f3e,5,6,0,4,6,2,4,1,7,7,5,8,8,7,23,23,0,46,0.5,True
all_46,train_1358,4f0de1dddf64939af11a99c66f85b492a568eebdbedb2ee99b5f64ac14ded8bd,5,5,0,4,6,6,5,1,7,7,2,6,10,12,23,23,0,46,0.5,True
all_46,train_1359,0a497057a48d8730ef642ca47784b35d06b11fc3009f16dc989d455aa6e8db51,5,3,4,1,5,4,1,2,7,7,1,7,4,4,23,23,0,46,0.5,True
all_46,train_1361,e9e98862684535445a9adf2d99356f9ecc18b6821d94cd5c344ae57385e14845,4,4,1,6,1,2,4,5,7,7,5,1,4,4,23,23,0,46,0.5,True
all_46,train_1362,6af1fef5d8ec54089df70513707dbcfc580b0c361ab567e1526adb5fac5c9225,3,3,5,5,3,1,6,0,7,7,2,6,6,6,23,23,0,46,0.5,True
all_46,train_1363,dab4e3e4d0d95d2762bedceb7e71ebe672b0176e04ed3f27276abe2cf83dedd6,4,0,5,4,0,4,1,2,7,7,8,5,7,6,23,23,0,46,0.5,True
all_46,train_1366,bb4257cfe4b65af69fc96dac9e5a77efd3c15e5b3a65a3ccd82c5640204adb49,4,4,5,2,2,3,4,5,7,7,3,1,4,4,23,23,0,46,0.5,True
all_46,train_1371,9ed009cde78d8700d965d6dc72854863621689ff3f023057821a8061bafe4708,1,5,0,0,0,5,5,6,7,7,1,5,13,11,23,23,0,46,0.5,True
all_46,train_1372,d08bf968f9e65f7c9b1386ef3e5f3c3f35ee150201180390bba7b10758022713,6,5,4,6,2,2,0,3,7,7,7,8,6,7,23,23,0,46,0.5,True
all_46,train_1374,8686469d7b97cef00f3ab58350e3f0c85c76724b986ce961ed387d17024344c2,2,3,4,0,3,6,6,4,7,7,4,5,7,6,23,23,0,46,0.5,True
all_46,train_1376,b7466d24c76dc45f8775172e296895ba333f304d30f73f9f7f2d303c54f1b63a,2,5,6,4,0,5,1,0,7,7,4,6,9,9,23,23,0,46,0.5,True
all_46,train_1377,92bfdcce25ccbfe3360b6d2d5fa4a22efd3c5d839513e600f03c6aad4d1f70b1,2,3,1,6,6,4,2,0,7,7,7,3,7,7,23,23,0,46,0.5,True
all_46,train_1379,2bad5b422ac4f802aea4891606a1752dde400d0b971ee4d3a4af40e4ac9661b3,4,0,6,6,6,2,1,3,7,7,6,6,8,8,23,23,0,46,0.5,True
all_46,train_1380,51c149c6a67fc6ef1f83ecce9096dbf8ea79f0661e1d74b79a00de0273359783,5,5,6,3,1,4,1,1,7,7,5,8,6,7,23,23,0,46,0.5,True
all_46,train_1383,cfcd97f7b28004430bf637f0a1580016f9a648f605306a574a124c1e3169f3e2,4,1,3,6,0,3,6,6,7,7,8,7,6,7,23,23,0,46,0.5,True
all_46,train_1384,66c695e12a16361803fac59c87b55159d9968c8b006bd0a22ba058916ca0111c,3,1,1,2,2,6,5,6,7,7,6,7,7,8,23,23,0,46,0.5,True
all_46,train_1386,8b6421bd81236f25b694a594ce37302f2e49721394f4a4bca48dc512ad40a18c,5,5,3,5,6,1,0,2,7,7,5,8,7,6,23,23,0,46,0.5,True
all_46,train_1387,5ca93a6bdb1ea42f53faea6f35ed95d8dff1e0844b18b510d5d424c4d31275d6,0,2,4,1,5,5,3,4,7,7,8,5,9,10,23,23,0,46,0.5,True
all_46,train_1388,ac13e2cba3cd04331dc478c185a1dd7c89be8266b8de591a3842ba2856450a35,6,4,0,0,6,3,2,6,7,7,1,6,9,8,23,23,0,46,0.5,True
all_46,train_1389,760dbeb4dad7048590823052312e390cea5d6319010a8b4f2d2cadb51eaa2642,5,5,2,6,2,1,5,2,7,7,7,3,7,7,23,23,0,46,0.5,True
all_46,train_1392,36d202c25aad4ea11c08c0ee0af054a8dde4b87bc33dfb451c49933d93bb3a4a,4,4,0,6,5,1,0,2,7,7,4,8,10,10,23,23,0,46,0.5,True
all_46,train_1394,72c283655e578673e571bb6e7940b0dc81c07d7647a7babf74a9fe1ec3ece42c,3,4,0,2,6,1,4,6,7,7,6,3,7,8,23,23,0,46,0.5,True
all_46,train_1395,6a5f9bc9817fccf7f78f8045685ce8d9f00aa1958ea88b548e94592143792eee,2,2,4,0,3,5,6,5,7,7,4,7,8,7,23,23,0,46,0.5,True
all_46,train_1396,ebaef807837d10aa20fe1328802167cabea3fcf312d61fccf96559ebfafe6f3c,1,6,4,1,0,0,3,5,7,7,7,3,5,5,23,23,0,46,0.5,True
all_46,train_1397,877e372fd20b65de719526b717b85e674a3a7c9b2c52b49d43d136beb7a0ee43,6,2,0,6,6,6,3,2,7,7,8,5,8,7,23,23,0,46,0.5,True
all_46,train_1401,42eefc3146dfec93c7a7c8d512a55f64371067f4a677abc807af80d6f3a387ab,4,5,6,4,3,1,5,0,7,7,5,6,6,7,23,23,0,46,0.5,True
all_46,train_1403,0e5d5b59f03fae113a1851dd8b70ff1787d8b6121f63d4d3ef17665eaee29b62,1,1,2,6,6,1,2,0,7,7,7,2,9,8,23,23,0,46,0.5,True
all_46,train_1404,f8b8a754064d74d79fb6c43343fc9602e00a04bdf5ebd6d855f26c6a08f5aeee,2,0,1,2,6,1,5,5,7,7,5,8,6,7,23,23,0,46,0.5,True
all_46,train_1405,4eb7a5f7951bdbd60d20274506e3ad7ee5f30f5558720d58cf4701ba64b4067b,0,5,6,5,0,3,1,5,7,7,4,1,8,7,23,23,0,46,0.5,True
all_46,train_1406,4f685165cec8595da968fb56aa1117f63278689fe92ef1e6eaa370f2dc41d3fd,2,3,6,0,3,2,0,2,7,7,2,3,7,8,23,23,0,46,0.5,True
all_46,train_1408,d4c5de842d0f91d6a1d4c1a4a363837d14678142467c7a222348a5f733d41aa6,0,0,2,1,4,1,2,5,7,7,7,7,4,4,23,23,0,46,0.5,True
all_46,train_1409,5869a6e710549d1eff86e8f82e14b31408b2e3d87054411eea3273372a82d051,4,6,0,5,6,5,4,2,7,7,3,6,6,7,23,23,0,46,0.5,True
all_46,train_1410,693cd65629e3e7f22e8d8a72b2158334292459a76bdb55f7409c6af4f2e706e7,6,1,5,3,5,1,3,5,7,7,1,7,4,4,23,23,0,46,0.5,True
all_46,train_1411,1c959de323eb50d1efa5a69374d9d22e53f473460061295e9976f5885c90e473,2,0,0,6,3,0,5,5,7,7,1,8,9,10,23,23,0,46,0.5,True
all_46,train_1412,3a4f9fd5daf189383cd1b8bc32260967d40dc21eff15e1f4b861ed5b4ae12e15,5,2,6,0,0,3,2,4,7,7,8,7,9,8,23,23,0,46,0.5,True
all_46,train_1414,4bff7b1b2ccaef3cd7b9dafa473ff1c2f91988b9316108bec8c520853d34a8c2,0,1,0,6,6,2,3,0,7,7,7,6,10,9,23,23,0,46,0.5,True
all_46,train_1416,dbeaee096c834dd2541954bc4c19e02e907a46ffa40982b0aed287d18805af78,0,3,6,3,0,4,0,1,7,7,1,4,9,8,23,23,0,46,0.5,True
all_46,train_1417,68792ee9874bb56e935bb71a3765b797ba1e278636c4d4adcd75054125cc6498,1,2,4,1,0,4,1,6,7,7,3,4,7,8,23,23,0,46,0.5,True
all_46,train_1421,e06a2c1528620814806ecbedaa3ad4027786e68b445718543a1c49b4f68e30b2,5,5,6,0,6,5,2,2,7,7,1,6,7,6,23,23,0,46,0.5,True
all_46,train_1422,0208edcc01273697d5ee551f003ca6689a6d87574f7b2e52fe0392d6621ed5fd,6,4,4,0,0,2,5,4,7,7,8,1,6,7,23,23,0,46,0.5,True
all_46,train_1427,4d65b75e28c23230127c745ca4a35ab3dc3fb6722ee2e31439e85f3e90270b44,4,4,1,6,6,3,1,0,7,7,3,7,8,8,23,23,0,46,0.5,True
all_46,train_1428,d895dc9f643434ff7bc7f348892b20087e55fdb61a2137a983db4088efc2cdff,2,5,1,3,6,3,3,0,7,7,6,6,5,5,23,23,0,46,0.5,True
all_46,train_1429,168707f736b9720344bf1c27a803be383c2f4af0e0816ec0a8fa84f20dbfdd2c,1,4,5,2,3,6,1,5,7,7,4,1,6,7,23,23,0,46,0.5,True
all_46,train_1430,76379b2428a64b3002c948b9c2e5267b7ee13a1edf8b7c380bdc725f3f9a274d,5,6,6,3,2,3,6,1,7,7,6,8,4,4,23,23,0,46,0.5,True
all_46,train_1431,bae22d6be1c2347dfa652028053a50eb00c133811a568604b2376b9642b14764,0,3,3,3,0,5,6,3,7,7,2,8,5,5,23,23,0,46,0.5,True
all_46,train_1432,a923fdcb4b29f49bb1c3b0bc0caa6ba1f7722a1a6a426cf861aaa4f92255f8e7,3,4,4,6,0,2,2,1,7,7,7,8,8,9,23,23,0,46,0.5,True
all_46,train_1434,b4151898254041235c9ba129adbc8d552f6222466c89da95b3cdd2754651ae07,4,4,1,0,3,3,1,4,7,7,2,3,7,6,23,23,0,46,0.5,True
all_46,train_1435,293d791293a38170d32c16db666d527673e83e1feb6186e599db0b54fc7c90ae,6,4,4,6,6,1,0,2,7,7,5,8,7,8,23,23,0,46,0.5,True
all_46,train_1437,93744818aab632533f4b799b4638d4ec9d90f50cce2f0b25df5732b153b52850,2,0,5,1,3,5,1,6,7,7,6,7,8,9,23,23,0,46,0.5,True
all_46,train_1439,129faa8f40c626f6ec1c4a66005bfd67c6e61bb7f9fe8361b91757320382e0f7,6,0,0,5,2,1,5,4,7,7,5,5,6,6,23,23,0,46,0.5,True
all_46,train_1444,596398343ad625546be9ba188a1814ec9808cf1f6597daa65486787b2c27f450,1,1,3,3,6,4,2,6,7,7,8,6,4,4,23,23,0,46,0.5,True
all_46,train_1445,b672a19d8f4bdfbcd4ee1bcce42f4fe4aa96b1a8e4fe1e09d59dbdf458c66da6,4,2,6,5,0,6,0,0,7,7,8,6,13,11,23,23,0,46,0.5,True
all_46,train_1446,774d1b1b998db330f57514b39c4e07f5071a987d84226e2e2409fdec2f3c1638,0,2,2,6,6,2,2,0,7,7,8,6,8,8,23,23,0,46,0.5,True
all_46,train_1447,e4ad20d3add8e55619d4be492a3f896dc8af03aeb23f92de7d12c6971f474d19,0,3,2,1,4,5,1,6,7,7,6,4,6,6,23,23,0,46,0.5,True
all_46,train_1448,450453dd97e7f714b5091c6d89d4506fb0996337cf4b8febf88913930e173c80,3,2,3,6,0,5,6,5,7,7,6,8,4,4,23,23,0,46,0.5,True
all_46,train_1451,ae96db546ce44869d0f2d1996e811dfd80303a201220fa66279f4f0810a8d65c,4,1,5,5,3,2,1,6,7,7,2,8,5,5,23,23,0,46,0.5,True
all_46,train_1452,b1a59bc13507dcb84487785fdab02930de9a65b12c2d3a7586f8343b343b2648,5,3,2,3,1,0,6,0,7,7,7,4,6,7,23,23,0,46,0.5,True
all_46,train_1453,2c42554a50185039c74c4f810b109067470b2ca2e7df3ed61935b4522f61bf4b,3,6,5,4,2,6,2,2,7,7,1,5,5,5,23,23,0,46,0.5,True
all_46,train_1454,dd83d04109705ccf63812aec9e0be57000e4e18ae91b21021c26ca80c4fe4cab,4,3,1,5,3,3,0,0,7,7,1,7,6,6,23,23,0,46,0.5,True
all_46,train_1455,0a0e929e94fa9783aa4d960fa600438b09c422543b67f8253e00f2b66fce333d,3,1,0,5,1,3,6,5,7,7,4,7,7,8,23,23,0,46,0.5,True
all_46,train_1457,2e3a1e2508af02bbb8e1a2426c39e546fd977d97f1a97ea5b55636b6c5761b49,6,2,0,5,6,6,5,3,7,7,8,2,7,7,23,23,0,46,0.5,True
all_46,train_1458,ef4ddd78d983eac3d01312ccd9f0abde3c9788ab16d0218b9a3b16824671c046,2,5,5,6,2,1,5,1,7,7,8,7,10,9,23,23,0,46,0.5,True
all_46,train_1462,f7d19ade18f1a3d498b22640181963c5e4b79c67e987a3789419cebe9a460238,3,1,6,6,6,2,0,0,7,7,6,4,10,12,23,23,0,46,0.5,True
all_46,train_1463,fc4ab1739f4e08b35d0ae2d2d19f86ac1ec70771195b74d77af05f031c846640,1,6,4,0,6,5,0,2,7,7,6,5,7,6,23,23,0,46,0.5,True
all_46,train_1464,162fa54748764e208dcdeae6f48fc17f73255618e70947606a163602056f7cad,0,4,1,0,0,3,4,5,7,7,1,7,12,14,23,23,0,46,0.5,True
all_46,train_1465,44bf805cda3d823775d34215780dac7891220852c0fd98134864217dd5c45f48,2,3,4,3,6,0,1,3,7,7,7,1,5,5,23,23,0,46,0.5,True
all_46,train_1468,f09ea17fb39371780e82e294cd560391c54881fd220b6d423ff3a3f3babc1c9d,4,0,5,4,3,1,0,4,7,7,2,8,5,5,23,23,0,46,0.5,True
all_46,train_1469,e20b2b9c808f4c0811b364b2a167c4d507dd6452b3f165d497ba5a6782be92e7,2,5,5,6,1,4,6,1,7,7,2,8,6,6,23,23,0,46,0.5,True
all_46,train_1471,3ee02516ee7ee1d3c00ae5a82ad79958d0ac4feeac50cf1c45e9913bfc16990c,0,0,3,5,5,3,1,3,7,7,8,4,4,4,23,23,0,46,0.5,True
all_46,train_1472,e25289e1285a18776534429c320f0f3b643b298ec8ab63782e40972008d0cb90,3,5,1,3,5,3,6,1,7,7,4,7,8,7,23,23,0,46,0.5,True
all_46,train_1476,6416112f57d9401f1a86b419528dee30d88e7bc4e261cb2a41453d1d435cd9b5,5,4,6,1,1,4,0,1,7,7,4,8,8,8,23,23,0,46,0.5,True
all_46,train_1478,e582a695105b74a95ed5406f1ed25d5f630003777735bf6c81682a7191d5ba5a,2,2,6,4,2,5,1,2,7,7,3,1,7,7,23,23,0,46,0.5,True
all_46,train_1479,754b70a615fb284b4e0bf5bbf39860229f34bc9c4400ba5512e4fc182cac28a9,4,5,2,2,2,0,3,5,7,7,7,1,4,4,23,23,0,46,0.5,True
all_46,train_1481,ec63556ec3d279bc89e06be03968464dcfc40a6f4f0890d896d0ed20cede36f4,1,3,5,6,3,0,0,2,7,7,5,2,8,9,23,23,0,46,0.5,True
all_46,train_1483,8d6ed43656c1e42c38c42f8d730bbc61c6deedd51a41d27b2e97bb8d1ae27f60,0,5,0,0,3,1,2,4,7,7,7,3,6,6,23,23,0,46,0.5,True
all_46,train_1487,b101a19bae39bfbd1222fbd8eb9cb349a2abdb6b488ea9dab5ea25a6d4aabd92,4,0,3,6,0,2,1,0,7,7,6,7,7,8,23,23,0,46,0.5,True
all_46,train_1490,5f425d727d7b158b7a78c84941c0afd1979b81fbe909c33c3ff348eabe1a2741,2,2,0,0,0,5,4,0,7,7,5,4,7,6,23,23,0,46,0.5,True
all_46,train_1491,a3dce700a374a9adc58f27008dc9e963027fc116e22b8d6b10c4f6c463701839,3,1,5,3,0,0,2,1,7,7,4,1,10,9,23,23,0,46,0.5,True
all_46,train_1492,b9cea9027809f98958dc5d9da3e83a896e5328724dddb8c46ce590ffef44a45e,0,0,3,5,1,1,5,0,7,7,2,7,6,7,23,23,0,46,0.5,True
all_46,train_1495,9a61fa87afa9b4bb383a5e429dab21005c730b5003cc35687bbf932e457ebb44,1,4,5,2,2,0,1,3,7,7,5,1,5,5,23,23,0,46,0.5,True
all_46,train_1496,d333c1295929501e0bf0692cce24522e3b0d3688d787fde70619462a746b53fc,0,3,5,2,1,3,3,6,7,7,1,8,7,6,23,23,0,46,0.5,True
all_46,train_1497,c4604b3504e266f18e69be947a18975665fd35d73142ec058102cd18b6a32991,3,0,3,6,5,2,3,4,7,7,4,8,6,6,23,23,0,46,0.5,True
all_46,train_1498,7259a5f01858aa478b256844c1d2055c43dd26ed78bc775011604d5c06fb7853,3,2,5,6,3,1,0,6,7,7,1,7,7,7,23,23,0,46,0.5,True
all_46,train_1499,1b64eb7019585d6da020c4b402855dda55ffddb04bd5fef5f384f815083b0c1e,5,4,1,2,3,5,5,3,7,7,3,1,5,5,23,23,0,46,0.5,True
all_46,train_1502,e839ed05e30a043ca369e0969cff7b2d62a81e4cda087a1537d7a7b273103563,5,3,3,5,2,1,6,0,7,7,5,4,7,8,23,23,0,46,0.5,True
all_46,train_1504,92ba842c734710f3fbc819885a3abd0e0caa3f8e064a1c7a67051e7b4f0e692f,1,2,6,2,2,6,0,3,7,7,5,2,10,9,23,23,0,46,0.5,True
all_46,train_1505,d950984b6e9a629e4c9878419e06618b5b686467b9c15f2be0418bb0e44cce55,5,4,5,0,3,4,1,2,7,7,2,6,6,6,23,23,0,46,0.5,True
all_46,train_1506,53032b9b373af6ce899891cf0a018c648b106bee583b3fd075a2da0a7b9dbed7,1,6,4,0,3,6,6,4,7,7,2,7,7,6,23,23,0,46,0.5,True
all_46,train_1508,2ae6d43ff5f265cc368ba71c01bb9d9049c5cdacda13ce0aa867250152c3cd1a,1,1,5,6,5,1,1,5,7,7,6,8,5,5,23,23,0,46,0.5,True
all_46,train_1509,bf65c7c9f951a1fda348390e5de23cfd14d8b10f65ebdd8f5fafc26c24067e1d,3,5,1,6,0,1,5,6,7,7,7,3,6,6,23,23,0,46,0.5,True
all_46,train_1511,d50366de05b8b3404f720672523a558e9f831d5b03ff7eab720af6410dc1d873,2,1,4,0,2,2,6,2,7,7,1,5,4,4,23,23,0,46,0.5,True
all_46,train_1512,f1cce015e250935494ff67e77db47205a8905870d99a70de45be38ed78013c93,0,5,3,1,0,3,3,4,7,7,2,4,5,5,23,23,0,46,0.5,True
all_46,train_1514,c9bfd3bfa05153b3c3580873e1098c94472b6d3dfa7eb593b200d87dc0296afc,2,3,0,0,6,0,2,2,7,7,7,1,6,6,23,23,0,46,0.5,True
all_46,train_1517,14767e87002097ccf8824d3b13da19976a129e6773fa9f4fe781708cb73ce46f,0,6,1,0,3,6,6,4,7,7,5,8,8,9,23,23,0,46,0.5,True
all_46,train_1518,cef9de5cc26173e6330fd0b55e9ddd91e89cc5acc07600281e972f78d1cc99a6,0,4,6,1,1,3,4,4,7,7,2,4,7,7,23,23,0,46,0.5,True
all_46,train_1520,1259b1e3994f04277b91cfaaae20213c3f654d518b4ab50d5f5a234a97b80644,3,4,0,6,4,2,5,4,7,7,3,2,8,7,23,23,0,46,0.5,True
all_46,train_1521,ec8e4afa6a0b5a53c46fcf7b6c600e8cf50a0ef12a5f15efab03d26b1d0bf266,4,3,2,1,2,6,0,5,7,7,5,6,7,6,23,23,0,46,0.5,True
all_46,train_1522,e8ba192e35ad8619f83c2b92eec85eb0b8204b5f7b5b1e08a66a815be2a6c1c4,3,0,3,5,1,3,5,3,7,7,5,5,4,4,23,23,0,46,0.5,True
all_46,train_1523,adb11b30bd652fa7bc0e578babaf6355c2e79b980bb18f8276b8b698f02cd949,0,4,0,0,3,5,1,6,7,7,4,3,8,7,23,23,0,46,0.5,True
all_46,train_1525,83a0ed29809fba3f7b9a907640e9e4caef36ccc9e2d5de6792d9d63cfc1055dc,3,0,0,5,1,0,5,5,7,7,2,7,8,9,23,23,0,46,0.5,True
all_46,train_1528,694d89eed9f7430231d29f89226ce2a249667f21e97f7937767632f3cb3ae8a6,5,5,5,1,2,2,1,6,7,7,8,7,10,9,23,23,0,46,0.5,True
all_46,train_1530,db15923b05539a7b9d890a2a8d68c9857667a82808a71cf9a3be047be1018747,3,3,4,0,0,1,1,5,7,7,5,4,7,8,23,23,0,46,0.5,True
all_46,train_1531,1e391e83e07e5521f2b7e5897655d161750e6b993952befef66e9d95af8e5e70,3,4,1,3,0,0,3,5,7,7,7,1,4,4,23,23,0,46,0.5,True
all_46,train_1532,1ba6276dd114dc5f876ec17f1094d607e748394f0909d45acee247b5d873b291,3,2,0,6,0,2,4,6,7,7,7,5,4,4,23,23,0,46,0.5,True
all_46,train_1534,8712754cef0f22050fa1e758e03724099685742d03acb8e797488637e66b3c1e,4,6,2,0,2,4,4,2,7,7,4,6,4,4,23,23,0,46,0.5,True
all_46,train_1535,6b6017ee4a04fb7b1c62c918a0a66604577c06a3951310928bb00a2e1b57d673,4,3,6,4,1,2,0,4,7,7,8,7,13,12,23,23,0,46,0.5,True
all_46,train_1544,d4dff1b10afbd3d2207fbe1c12bb897bfe8cf42d2ef370348b0cc75412c3c193,3,3,2,0,0,5,3,4,7,7,5,1,7,7,23,23,0,46,0.5,True
all_46,train_1545,ad90cfee0bcddc5741894e2af2d028a3cc0e730971ce721b8e89fb2fc0de03c7,0,1,5,2,1,5,4,5,7,7,5,8,9,10,23,23,0,46,0.5,True
all_46,train_1551,743de82f9a373231748367e77bef10fdfcf53451faa44b1104affea2d45c353f,4,4,2,6,0,5,1,0,7,7,7,7,9,9,23,23,0,46,0.5,True
all_46,train_1553,8b57b5791dc8434c1863751d5ef5b077dbbdf2fb9a94b2abbda91957edfe8bf0,3,4,6,3,2,1,3,6,7,7,4,2,6,6,23,23,0,46,0.5,True
all_46,train_1554,19c4170e8dde6da723527cf6261f8857e3ab696ae8bb24eb36d1aa81b11a4955,0,0,4,0,1,1,1,4,7,7,2,5,8,9,23,23,0,46,0.5,True
all_46,train_1556,3f8d1e3204a9cb375a8fd44a677ee9f45980cd04f91d70d50d92726b142a80ef,2,2,2,6,0,4,1,1,7,7,4,2,8,8,23,23,0,46,0.5,True
all_46,train_1558,c9df33ec45921818be02e9191a8a7acf84929f3c8c7be9147c4bc45ca969d003,0,4,6,2,2,5,1,0,7,7,3,5,7,7,23,23,0,46,0.5,True
all_46,train_1561,7e8f77860fd267cc85e0460728e914806f8efedc79a6c96066349c77ddbc2ad8,6,3,3,5,6,1,6,4,7,7,2,1,7,6,23,23,0,46,0.5,True
all_46,train_1562,e7c016476abf5f4214379f7395f8f88f8342d36f3b908ca849cb491c48af642e,2,0,6,3,4,2,2,1,7,7,4,1,7,8,23,23,0,46,0.5,True
all_46,train_1564,0eeba06de81a78b445030424b3400712e4944e9e47704df7b3195f631a8c9e62,5,2,3,4,0,5,3,0,7,7,8,4,4,4,23,23,0,46,0.5,True
all_46,train_1566,354eb2d2b66fef349029cde3555f2178c732d4d21e3ebc4a2131e1f3f735b6fc,1,4,5,0,0,1,5,5,7,7,4,7,8,7,23,23,0,46,0.5,True
all_46,train_1567,b419e648e140880cf178a984d44ff308caaee12fcb83e8d7cef0eaf856a7edc2,0,2,2,4,4,6,0,6,7,7,8,4,4,4,23,23,0,46,0.5,True
all_46,train_1570,8c3fec956fd3d9e9557629627f3f50965a4194d19c0985709fbaba373e4eea66,3,6,5,0,2,5,0,3,7,7,2,6,10,10,23,23,0,46,0.5,True
all_46,train_1571,468fb6be317a597c30f5e6f532a4ba641def477b279258d95ca33264fba4b989,4,5,6,1,2,6,0,3,7,7,3,6,9,10,23,23,0,46,0.5,True
all_46,train_1573,f0589bf28317087b1a6fe310ae7f7f93b1a8eb1983d83d5525231a4ca741a5fd,2,5,5,3,0,6,1,0,7,7,5,6,8,7,23,23,0,46,0.5,True
all_46,train_1574,943b3163f9dbf2b55850fc7560ec14fa884f5bf02cbd48ee9a09c2eb03832d7e,5,1,1,0,3,5,6,1,7,7,6,1,7,6,23,23,0,46,0.5,True
all_46,train_1577,4d9a1a9a4739843c7462b60ad8324a0569de64becb09cd7420e4d86e6bc3c817,1,3,5,0,5,5,1,4,7,7,8,1,7,8,23,23,0,46,0.5,True
all_46,train_1579,b11fb81ab8dc22a8b2802614f025feabb27494395662588f8e8eaac3a743ab8c,3,5,6,4,6,0,2,4,7,7,8,2,4,4,23,23,0,46,0.5,True
all_46,train_1580,bd99adc1ac72fed6559619654e7609be5ba99b0b89667bb8517a633d94528919,1,3,3,6,3,2,0,3,7,7,3,1,6,6,23,23,0,46,0.5,True
all_46,train_1581,be79bea11f6f9ceb458bb9925238290ef883c2474a1d2dc64b0ccd7d37ee132c,3,4,1,6,0,0,3,6,7,7,7,2,7,6,23,23,0,46,0.5,True
all_46,train_1584,fc53a267a9eafe9600a1030c2008424c464fedca71cc261541428f59e13c3b44,2,1,4,4,2,2,2,6,7,7,1,5,4,4,23,23,0,46,0.5,True
all_46,train_1585,a77d28f2269fc6573cc32e722aced59ed99ac79c513b2d51e2bd0841ca922c43,2,6,1,4,3,6,4,3,7,7,1,5,4,4,23,23,0,46,0.5,True
all_46,train_1587,65d66485580857c290a6302236ce255324dffa99c8c0042df4ed1f2c0a9b18ab,5,2,0,1,6,0,6,4,7,7,3,3,9,9,23,23,0,46,0.5,True
all_46,train_1589,b9493dfc39ffec9945843ac451129fd65023dc61377b50c93dcd7ecc9bcb111b,4,4,6,2,3,6,6,4,7,7,3,2,7,6,23,23,0,46,0.5,True
all_46,train_1590,85cdea648d85db793a12ba1586266256563fbaf6869248e90c14726cefd03e12,5,1,0,2,6,0,6,3,7,7,2,3,8,7,23,23,0,46,0.5,True
all_46,train_1592,4fef60a5b3a4b014183a29d4b52caf661ec990173993eb0e2e766a70fb8772b9,1,0,6,5,2,5,0,2,7,7,6,3,8,9,23,23,0,46,0.5,True
all_46,train_1593,f48df506c936f005bf27b8f388edd27baaa77e1c608245e3bdaaa83193ea97d6,4,4,2,0,1,4,4,6,7,7,3,2,7,8,23,23,0,46,0.5,True
all_46,train_1595,c966130a121d6bd56b48fcf4383971f4cff24126be8afb3aa204f7e8ed89e7f6,3,2,6,2,2,5,2,0,7,7,4,3,7,8,23,23,0,46,0.5,True
all_46,train_1597,da03ed5dc0a021a0d75baf467e2d2c817ca49c4550076ea36327a0b64d569008,3,0,5,4,6,0,2,2,7,7,5,3,5,5,23,23,0,46,0.5,True
all_46,train_1598,2fd56c3cff7be2266803fee8f6d7e98591ac1d83a355c63d9a48f40533f3cf97,1,2,4,2,6,2,2,4,7,7,7,3,4,4,23,23,0,46,0.5,True
all_46,train_1600,6e2937a762818af5efb28d1ab75ee5f8069d32fb99c89ca6207a665d42ec2afe,5,1,4,4,6,2,6,6,7,7,2,6,4,4,23,23,0,46,0.5,True
all_46,train_1601,0deab9fe95270994c9c6308a481d6bd0df6d7700486368404f656b695db93961,3,2,1,4,2,1,4,5,7,7,8,4,4,4,23,23,0,46,0.5,True
all_46,train_1603,d9c9d2ea1a480505af192bbd4267896cb44e9a8b75fb7ff82bd5222321d9a1fc,6,5,6,1,3,1,4,4,7,7,7,5,5,5,23,23,0,46,0.5,True
all_46,train_1604,b84abfb5175877ded6d9b8bb30cfffb7ac27f012958fc975ec79cd0cfbd1eb1a,5,3,6,1,1,3,0,1,7,7,6,7,7,8,23,23,0,46,0.5,True
all_46,train_1605,2d3fb67fa4f11a73cdc7ca308eca7a4bd32e496b4bdad2ea5ec06e2c99646826,6,3,4,0,2,6,1,4,7,7,7,8,8,7,23,23,0,46,0.5,True
all_46,train_1611,b35a6edcc4c0e80a78e5e9757f654748057053b2ecac951d2a3c157a76bdd9b3,0,5,0,2,3,0,2,5,7,7,8,2,5,5,23,23,0,46,0.5,True
all_46,train_1612,afb98a1315c8304655aa27cd3126c0a4f3337fb1374788ba8259c38bc5a136a7,0,0,5,4,6,0,3,1,7,7,8,4,5,5,23,23,0,46,0.5,True
all_46,train_1613,e8ee7a175f6e7457764357e0a4f21ad5d109815e68df5549d2c54b739741137b,0,1,2,5,5,1,3,4,7,7,7,6,11,10,23,23,0,46,0.5,True
all_46,train_1614,fb95e74a730f910fd4307c7ef7dc2a8c3842fedb85abf30d32ece2b39740eb0c,2,1,5,3,2,0,3,5,7,7,1,5,6,6,23,23,0,46,0.5,True
all_46,train_1615,f3a6bcac39adbe2a4f2c76b8167557e6b6102ec6b515e0146191382ca1ce139b,1,3,4,0,3,4,6,4,7,7,3,6,7,8,23,23,0,46,0.5,True
all_46,train_1616,9733b065c000fac429d181cc838af19b042051c651cec651c13f21b14fefd5a0,6,1,0,5,4,0,4,4,7,7,3,5,9,9,23,23,0,46,0.5,True
all_46,train_1617,454447d660129e53979f1585b8d398a05c84245cbc49d89b5abeb15d52562fa7,5,4,2,1,2,5,5,6,7,7,4,2,8,8,23,23,0,46,0.5,True
all_46,train_1620,83652e35c1f9d48ea5af4e844f6f72a374d18dbeea731d57eb09fe9029f2cc2d,3,2,4,5,5,1,1,1,7,7,3,3,7,7,23,23,0,46,0.5,True
all_46,train_1621,0edb3046cf8d42a46f4d1807fc03f16e3a8859ce2aece76974fb2f020f94b207,5,4,0,2,6,6,2,6,7,7,3,5,10,10,23,23,0,46,0.5,True
all_46,train_1622,4d74dcec2bd3a6fca4335a3a80f49639de3934cd8083dd13b6feb07c569ad275,6,1,0,6,6,2,5,4,7,7,1,4,10,11,23,23,0,46,0.5,True
all_46,train_1624,13138e4e79eae1767d2f323683fac27cf7d50c6e27aaf794487a8358824c5d93,2,1,2,5,6,5,5,6,7,7,8,8,6,6,23,23,0,46,0.5,True
all_46,train_1625,15160e39212efe15a0daa94074909ea92e50d32e896b4b6c9d0958f6a6b44569,3,6,6,3,3,0,1,1,7,7,6,7,8,9,23,23,0,46,0.5,True
all_46,train_1627,14017456521c23c396d2792ae6968905192a99efe083a9e767195d2671189dcc,1,6,6,2,0,1,2,3,7,7,6,4,7,7,23,23,0,46,0.5,True
all_46,train_1629,26dae4671156530f2c041cfc4fc5f74e4e51f0e9fde0a52f3c90f3b1477e1813,6,6,4,5,1,3,4,0,7,7,8,8,5,5,23,23,0,46,0.5,True
all_46,train_1630,d5c2e8e2c466c93bb4090098f914fd053412a429c770da1c39a407862bf8debd,6,3,3,4,1,6,1,2,7,7,8,6,4,4,23,23,0,46,0.5,True
all_46,train_1637,e68c1b45684aa214f10cc38ad6b87211e0aebc409558f03c58ce57bca4211b2d,3,4,1,6,1,0,0,2,7,7,6,7,10,11,23,23,0,46,0.5,True
all_46,train_1641,60be3568669ccc5920e8550196c9aebb50423aa9c4358845abadd50ff29ddd5e,2,2,5,0,4,3,0,6,7,7,5,6,10,11,23,23,0,46,0.5,True
all_46,train_1643,34e1180c66531f4443de794844092b9042a35a196e70ad429d268ad363c439a4,4,6,6,1,2,6,0,4,7,7,2,8,9,9,23,23,0,46,0.5,True
all_46,train_1645,3d7297e30beed463e9a9954a6f52198f756d582ecf052d3d2769abb0820e234e,2,4,0,6,2,0,6,3,7,7,8,5,12,11,23,23,0,46,0.5,True
all_46,train_1649,cd547cb4620bceb78048cdc8509cc96936d4e2a0d5b785946c0e237fa1250b2b,0,3,5,3,3,6,2,1,7,7,6,4,5,5,23,23,0,46,0.5,True
all_46,train_1650,80c200dbfeffdb42dcbbe12e62127785f3148c552a78ed1b59645b91ea262e7d,4,5,0,3,5,5,3,6,7,7,1,2,7,6,23,23,0,46,0.5,True
all_46,train_1652,d795dd3afecec1b4346d01b2dcca730abf79b706c94b12a22fd548cd31f677be,5,5,3,4,4,1,0,3,7,7,5,7,4,4,23,23,0,46,0.5,True
all_46,train_1655,122e285a0b011940a2193f12d589e2ca255a04fd76ad85882f66768f18438e6d,4,4,2,0,4,5,6,2,7,7,1,4,7,6,23,23,0,46,0.5,True
all_46,train_1656,117869970ce97449877df9e15218f70f383dcf67d1aeacf84c3c59407339a205,3,4,0,6,4,1,0,1,7,7,4,6,9,9,23,23,0,46,0.5,True
all_46,train_1658,879267477adcc46b80441d4a1c166a84c5b3dec2b619489f00768d3b247a27d1,6,5,3,2,1,4,6,1,7,7,6,6,4,4,23,23,0,46,0.5,True
all_46,train_1660,1993bfd7bf4b7375e9c1fba813335859441003d4b49639f5abdbf64fb627df30,1,6,4,6,6,3,2,3,7,7,8,6,5,5,23,23,0,46,0.5,True
all_46,train_1662,164afb2f6906b8a0598baa5a30d90c8dd5ea1407d676207f9d2aa78f20b039ad,0,5,6,2,1,0,2,6,7,7,6,3,9,10,23,23,0,46,0.5,True
all_46,train_1663,a75853a2d275dff51830dd34b6e5fa87459ca19bc4de0d9cca33f9ee8012ea5c,1,6,2,4,1,0,6,6,7,7,8,5,7,6,23,23,0,46,0.5,True
all_46,train_1664,3596dc56733b7987edf78aa234e527226660e5bb54f4f985bb93707cea458687,0,4,1,1,2,4,5,4,7,7,4,7,8,7,23,23,0,46,0.5,True
all_46,train_1665,3cb047634fc0664bced0670d90b388e0e220fb5f979d0c71aa8ad15148fae702,1,1,6,1,0,3,3,4,7,7,3,5,10,12,23,23,0,46,0.5,True
all_46,train_1670,68612d8d61142aff6b1176fbf37a5d674a456bb485129af736665e450073e168,2,5,5,1,1,5,0,3,7,7,1,4,8,7,23,23,0,46,0.5,True
all_46,train_1671,b2023fd39250ff3cf39759dfd907610d708c219acaa77c64dd1c7e903ce813f0,1,0,1,4,6,1,4,0,7,7,8,5,8,7,23,23,0,46,0.5,True
all_46,train_1673,2f688b3479345218dfe2618e38794dc87c7ea25950f6937c90b91a2d7a0e8da2,1,3,0,5,5,6,0,0,7,7,7,4,8,7,23,23,0,46,0.5,True
all_46,train_1676,e0c44568475111182cb8630395669a72d0321b35593a8299898077e5720dcb36,3,6,1,6,6,4,1,3,7,7,5,5,7,7,23,23,0,46,0.5,True
all_46,train_1679,3bc89c996b20c9f90b7877090afd3b0ca18ab0521d86799b9817ee5870a03518,3,3,0,2,4,2,2,6,7,7,2,4,6,6,23,23,0,46,0.5,True
all_46,train_1682,22ebee24ccd9d429ac2e957256ab63626ead67ed41ca98cb60006214179b9325,6,6,3,1,4,5,4,2,7,7,3,6,7,6,23,23,0,46,0.5,True
all_46,train_1683,cf4c57b1f770150644b7a2887e0a9fab3ff9fffcc34c2aceb5dc6089ec8992f3,2,1,0,5,6,5,1,0,7,7,8,2,8,8,23,23,0,46,0.5,True
all_46,train_1684,6f0d28ebb92054a29f3ae25bd31a0197af3a74b87c862acfad1dbbf90dd76a5c,2,4,3,0,0,3,1,5,7,7,3,2,6,7,23,23,0,46,0.5,True
all_46,train_1685,23cdf7ed7a86e319e0cf6248a717439bcdb049b5f2f0cd56a993ae88bf7e0695,6,5,3,4,1,6,5,6,7,7,6,2,4,4,23,23,0,46,0.5,True
all_46,train_1686,0ffd356e8a3724a72def872d1a76028e6c883f35fd4410ac1c8f0d9c63eed650,5,6,5,3,3,0,1,4,7,7,8,8,5,5,23,23,0,46,0.5,True
all_46,train_1688,f80e65407f78917c282c0468e9c150e410c92365969332c4d9aaa0c0d6ee262d,0,2,4,6,5,2,1,2,7,7,5,1,7,7,23,23,0,46,0.5,True
all_46,train_1689,6f248cd07e3b3e57cb852bfe6e4a5512fb4f04c23ebb6f6340c361a72697e59c,1,2,1,0,6,3,2,2,7,7,8,1,8,7,23,23,0,46,0.5,True
all_46,train_1690,2888bba09c21eda6150af2e8f1a2c62f98f5b1c83094b6d9b364949243f0c56b,4,0,1,2,4,3,3,0,7,7,3,1,4,4,23,23,0,46,0.5,True
all_46,train_1692,1ba341e7b50c273858622bc3f17d70d22866d3db432590f548e1ea5c0b7caffe,6,0,1,1,6,3,5,5,7,7,3,6,9,8,23,23,0,46,0.5,True
all_46,train_1698,6a0d339dd832ce78137504fdf3deda2b4c74228c64d0387e83c4883c20a059cc,4,6,3,0,0,6,5,6,7,7,4,1,9,8,23,23,0,46,0.5,True
all_46,train_1699,4cc2b18eda9275e9ce0d74bf09e1988213525c4ceabbb5f41e68d94ca2deffc5,3,3,4,4,6,4,2,4,7,7,8,2,4,4,23,23,0,46,0.5,True
all_46,train_1700,e0a2a46dc59d9bdd62123f3db48af69a837688554c317b8c9325dc266404980b,6,6,6,2,3,6,6,5,7,7,3,1,15,15,23,23,0,46,0.5,True
all_46,train_1701,e2c89f6730e584d41e8c5c2e67bb633f744b0fe5225ead4d15a68e5b17705af6,6,2,0,5,5,4,3,5,7,7,3,6,8,7,23,23,0,46,0.5,True
all_46,train_1703,5b193c011a4958b9c851f1f36fada3f9d958cc63c6bc89625476db12034b1dad,4,6,0,0,2,4,4,1,7,7,4,7,6,7,23,23,0,46,0.5,True
all_46,train_1709,dce73df9f22c6b88cf23d5bf038a5c25e2a41bd12af9203646ab4e0c8ee15c15,0,0,5,4,0,5,2,0,7,7,7,2,6,7,23,23,0,46,0.5,True
all_46,train_1712,657c8d61d151ef050d07b8dae8e1d78754119c36163126979bf49f4741b4e772,0,1,5,0,0,5,2,0,7,7,6,3,10,11,23,23,0,46,0.5,True
all_46,train_1715,6c23f9f91a840336ac23d9b4b2a241c9c579d0cfac964c7422a616da99e4c382,3,4,0,4,5,3,4,1,7,7,3,4,6,7,23,23,0,46,0.5,True
all_46,train_1717,c92b4081a1078e7e77d4ca0404fbcefb9df3067e37eaf9978c5cd4de3f3f78a3,2,3,5,5,2,2,5,0,7,7,1,6,6,7,23,23,0,46,0.5,True
all_46,train_1718,4bc627b37a275e576ed90c5077ebde9996e22930ec4c17bf745706838f88f9c2,5,2,5,6,1,3,4,1,7,7,5,2,7,6,23,23,0,46,0.5,True
all_46,train_1720,a25b903238990ce429f0ede42700782b42a204bd01b69d9040bb38ffd0e3163d,1,2,0,6,4,0,2,1,7,7,7,6,10,9,23,23,0,46,0.5,True
all_46,train_1722,065f36fd52ae199757ef4b30d8afd0821ed13ef6be8ff4ee855a7abdeddd7c10,2,0,5,5,0,4,2,5,7,7,6,7,8,7,23,23,0,46,0.5,True
all_46,train_1723,442e9f9f8280c5905ced0299d473f8d70b537ba55f2cc8af59efb9673ff9b35f,0,2,3,1,1,5,4,6,7,7,4,8,6,6,23,23,0,46,0.5,True
all_46,train_1726,4cf33f79387f5fec730548fc94db3d3d1e4e3f842d8cf6bf0f5f084ad035aa21,0,4,6,2,4,0,6,4,7,7,8,6,4,4,23,23,0,46,0.5,True
all_46,train_1730,9b4fe88e14b90b34bef354221e5b4a28c5823ea905325d54250d266d480d7753,4,2,1,6,6,6,5,0,7,7,6,3,9,10,23,23,0,46,0.5,True
all_46,train_1732,0f6bc4686a9a096966ab95e08c4ea7a17452dd404d7af8c14e1be3ba380b4a22,2,1,6,2,2,3,3,5,7,7,2,5,9,8,23,23,0,46,0.5,True
all_46,train_1734,6d082131de56f657dd0eb5f06b441ab76fb3781ef20e1bf6f2dd08231dbfe0c5,6,0,4,5,1,1,3,3,7,7,6,6,11,11,23,23,0,46,0.5,True
all_46,train_1735,2fd34f08898e681e385448a279aa0dc16d3bbd0bd6efb3bbe006e51a7f43a324,4,6,3,2,5,0,3,4,7,7,7,3,4,4,23,23,0,46,0.5,True
all_46,train_1737,59448210a5cde025a3ea3bed0461d8610df1a86450ed69c8560d5dea7523287f,0,5,3,0,6,6,2,6,7,7,7,3,9,9,23,23,0,46,0.5,True
all_46,train_1741,8c8c7fd005bfa3b5f58c948555aac20b8e663c9062fa075bd7c86d0a5cc576e3,1,0,5,0,3,6,0,3,7,7,8,4,8,8,23,23,0,46,0.5,True
all_46,train_1743,ac6853a1960f6748aa44624c76c533c028805185c4e8fc43585f1e67f66e85f0,4,2,1,4,2,1,5,3,7,7,3,8,6,7,23,23,0,46,0.5,True
all_46,train_1744,c30e85fceff5ac0b8e02e214bf27c1b8f33d0eff2a8092698f2e9b59030656f0,0,3,1,1,3,6,1,5,7,7,6,3,9,10,23,23,0,46,0.5,True
all_46,train_1746,27cfe2612efdf2d5abbfabd877658dd0bc2030f902930f810730eb6d3621ddc9,5,1,6,3,2,6,0,2,7,7,8,6,7,7,23,23,0,46,0.5,True
all_46,train_1747,cdaf7245a5b4eb7ffc741c0c4f61566d2b36c0a800ac29f73b79772370e0b6ab,4,5,1,3,6,4,4,6,7,7,3,1,6,6,23,23,0,46,0.5,True
all_46,train_1748,f94b84ec73bb1bd2dac133d9b40a424997bc3638d0248fe81ddb9e0c8208b8df,2,4,3,0,1,4,4,2,7,7,1,4,8,7,23,23,0,46,0.5,True
all_46,train_1749,7b0340351c540ebdaf41ea9bd1f8151f94d024ea08aa9236e6c7e0eecb4d6b8e,0,4,3,0,2,2,5,5,7,7,4,6,7,7,23,23,0,46,0.5,True
all_46,train_1750,83d811f62b22e86140091bb5fe893a1ab53b915d025f0d5242ea796de1c3eec1,5,3,2,5,5,2,4,0,7,7,1,4,6,7,23,23,0,46,0.5,True
all_46,train_1752,5dfda6ab3f56490072d4bff31f55f1079197f22eae78f33e6fd851b527e80bfd,3,4,2,1,5,3,6,0,7,7,3,7,5,5,23,23,0,46,0.5,True
all_46,train_1754,550f294309d9efe416b2c5ec6463accf7b07157fda0e8799ea493ad0384e976f,0,0,5,4,1,2,3,1,7,7,3,4,6,7,23,23,0,46,0.5,True
all_46,train_1757,8ab7865358444ccc1cd5a697517b9f7e7279bbec3c3648f050a0e58f3b2a9330,0,3,1,6,1,1,6,1,7,7,3,8,11,10,23,23,0,46,0.5,True
all_46,train_1759,dcc7efb0814e988d517ba4ca0503ac04c63735c2e6e57aa825926463d906d0d7,3,0,1,4,6,2,6,5,7,7,5,8,7,6,23,23,0,46,0.5,True
all_46,train_1761,070ab42ce0d1deae9ac4dd0f361a0d9d51c852ef09adc27de8ca0adb51fd2066,6,3,4,6,5,0,1,2,7,7,4,6,7,7,23,23,0,46,0.5,True
all_46,train_1762,1c19bf3b1560b1e26947bfe868ddf9f1296fdd5686ca80920285f0982581629a,3,1,4,5,5,1,0,4,7,7,2,6,9,9,23,23,0,46,0.5,True
all_46,train_1764,bf354b10107d34db4cf81c6d77adebf4b1aecbc69de7a5fc9cacd3afc83f17ca,0,6,3,2,1,3,5,6,7,7,4,7,11,10,23,23,0,46,0.5,True
all_46,train_1765,3ad769e7e069bf85050d019bf5bc01b3488ae266a2bfd132683019fe538adbd0,1,6,2,0,5,4,2,6,7,7,6,1,7,8,23,23,0,46,0.5,True
all_46,train_1766,e7b8d3422fd14bacb3b0e9f084735c264968c2fc57fe9fe148c8d222ad704d94,6,1,3,5,6,2,0,2,7,7,1,7,6,6,23,23,0,46,0.5,True
all_46,train_1768,c44ca7e9648a20bc97929c65cf890cdf1ad3f8c466aa1ccbd2693636a550e883,2,5,5,3,2,1,1,4,7,7,4,2,5,5,23,23,0,46,0.5,True
all_46,train_1769,55143c30a9a74cba79cdb89df0b55bcf9a0aecd8501f05b902ae687e6c6ff01d,4,4,2,1,6,3,1,6,7,7,3,5,6,6,23,23,0,46,0.5,True
all_46,train_1770,4272bf67200bb3096990fc6295b4547880763eff7ea3032ba1b79f9234204389,2,5,0,6,2,0,3,2,7,7,5,4,8,7,23,23,0,46,0.5,True
all_46,train_1771,28474806c6352afe27394f4dc47e8e33e33e92e3d5990416c9e9ef205ef889b6,5,6,3,2,0,3,2,5,7,7,8,4,4,4,23,23,0,46,0.5,True
all_46,train_1772,8c0a589984ab4aefb3fa5174e47088f795e49278d9e6342d27aac2d3cb935620,1,6,1,4,0,1,3,6,7,7,8,2,4,4,23,23,0,46,0.5,True
all_46,train_1778,267f9381431829f4c0a762fb77ac0ca47a62f591bfd6e3a3ae09e0adf7fc5a8e,3,3,1,1,4,1,3,4,7,7,7,1,5,5,23,23,0,46,0.5,True
all_46,train_1780,6f399c9908970b72b592a6c8e07c0341c56ba8cc9b0e110f8b4e7ced80a9ad0b,5,0,2,3,5,1,0,2,7,7,1,7,5,5,23,23,0,46,0.5,True
all_46,train_1781,8539b718b588d3d4dc5cbb081e657607742b702a7ed4c9709086836f8ca62913,3,5,5,0,3,4,4,6,7,7,1,2,8,9,23,23,0,46,0.5,True
all_46,train_1783,6a028d3559008154ddc9a4046460ce135623a680ed303ecc74a22a780ed7a287,2,4,6,6,5,3,1,4,7,7,4,1,8,7,23,23,0,46,0.5,True
all_46,train_1784,184fa4026577f0874ad3d807cf492d7ce696152de3fd690fb53bcc13aedf1417,4,6,1,2,6,5,1,5,7,7,3,4,10,9,23,23,0,46,0.5,True
all_46,train_1785,fc854a90766096d02fd9645d305734172242473ff1a9cec294936b05a82382fe,6,6,2,4,5,0,6,2,7,7,7,6,7,6,23,23,0,46,0.5,True
all_46,train_1786,79ed339178fba7d37cee9973906e84af37bfcb4daf161b346adc1a2ce6eea86c,4,2,1,1,6,2,3,2,7,7,2,1,8,9,23,23,0,46,0.5,True
all_46,train_1789,15f49de2885d55008a9f416539ac61253ee31eb2b9666c14afbdc55a382f6040,6,1,0,5,3,0,5,3,7,7,4,5,8,7,23,23,0,46,0.5,True
all_46,train_1791,95febf1fe4a4501cdae8106a7a8a8ad546746062b58b4b5d49066efce8301850,5,6,4,2,1,6,2,4,7,7,6,5,9,8,23,23,0,46,0.5,True
all_46,train_1794,e50dae51fff9387a87ac850e71f2560919773f99451a5a05388fd7b459a47e95,2,6,3,1,5,3,3,5,7,7,6,2,4,4,23,23,0,46,0.5,True
all_46,train_1795,1dfa0604bb9a92ea95aafad7ec9e5a3bdd976b9678512fb3dd6241ef151b0f21,5,1,1,3,6,4,5,2,7,7,4,1,8,7,23,23,0,46,0.5,True
all_46,train_1796,0477ea8dece2a2d7a3c7b7eae17bb02916b1e6b16ef914bdd6fc98f982b72127,2,4,4,5,4,0,0,4,7,7,6,2,5,5,23,23,0,46,0.5,True
all_46,train_1797,5401a9505f94704c91ea4fbbaf972cc0618488c1e0bd43ca9bcbd2111af78c5a,3,4,6,2,2,6,0,5,7,7,3,4,8,9,23,23,0,46,0.5,True
all_46,train_1799,23e9ff46b797f246505b2366dee50a3f0c09a07225667b49f32fdd7315b2affa,3,4,5,2,2,5,0,4,7,7,2,3,6,7,23,23,0,46,0.5,True
all_46,train_1800,3b3dccc8b91bcb146a90fa7768df054dd36ef836f8cc26bbeeb4aec0933a93c0,4,3,0,2,4,5,5,3,7,7,4,1,7,8,23,23,0,46,0.5,True
all_46,train_1802,dde238aa1615a649b61e924ee6668fe6c9856c5358f2d1f9ce2eabfe3facd37e,4,5,3,1,4,6,0,5,7,7,1,6,6,7,23,23,0,46,0.5,True
all_46,train_1803,fb2d9730ee0c4d179e41ad40a244c43da1ddd31d16e5e49147369c8c1e28ab5a,2,1,1,4,1,6,0,1,7,7,8,2,4,4,23,23,0,46,0.5,True
all_46,train_1805,a9eaf5b0f95a27017172a6db8b2d261db63311b399bed00f81062509be2237db,4,1,0,5,4,0,5,3,7,7,1,3,9,9,23,23,0,46,0.5,True
all_46,train_1806,1dc0cb682c01584d8b8545be93e4cc228359c6b075ea02f3c50dca9cc405c7da,1,2,1,5,5,2,2,1,7,7,6,6,7,7,23,23,0,46,0.5,True
all_46,train_1808,e80980ff8fca262b7e715b4ffa573290a0eb22a1bbeaf9d5be5ee6f157ba910d,0,4,0,1,2,6,4,2,7,7,4,8,7,7,23,23,0,46,0.5,True
all_46,train_1810,4c58068d024a17129d321700779ee00f9213d8fc80cde5676daf4434cc458e33,4,4,5,6,3,1,5,0,7,7,4,7,7,8,23,23,0,46,0.5,True
all_46,train_1812,378c02d4acf9f2aaabca82d8bc93b6b8a5a1c89522c1415645460d08b488c398,2,6,3,4,1,6,3,2,7,7,1,7,4,4,23,23,0,46,0.5,True
all_46,train_1814,5cfa189789a1ea68bbdc1fadc370e849ea8e3e29084464a526d5aa4ee5206f13,3,1,6,6,5,0,0,6,7,7,3,8,7,8,23,23,0,46,0.5,True
all_46,train_1817,09466731ee6fad6e5c2cdf2e3d7f8430dce9ba7d02b91a07959bb849ea318dc3,4,0,3,6,3,0,1,4,7,7,1,7,6,6,23,23,0,46,0.5,True
all_46,train_1821,ebb8c35be30eab84c1258510215e8a254a8d7d5c5411498ed82769c39243c633,5,3,2,2,2,6,5,6,7,7,6,3,6,7,23,23,0,46,0.5,True
all_46,train_1824,77f1ffe5db73aa478b5523f7a4e2fc944709a8d996c16706fd4933f7b65f397d,5,6,2,1,4,0,4,6,7,7,7,1,7,7,23,23,0,46,0.5,True
all_46,train_1828,eef3f345f9d6b3400b136ccf521591cf110f44089b8289a0eb3d5c8e6cb83402,3,5,0,2,6,5,5,1,7,7,5,8,9,8,23,23,0,46,0.5,True
all_46,train_1832,3ffd4a52330710dbe67e44b80418d037db3ec5d1b0ee4101c07001e917c8d9f3,1,0,3,0,4,3,1,2,7,7,6,2,4,4,23,23,0,46,0.5,True
all_46,train_1834,a81903e9999c0befe129093d724381d8a4625a61a98b6d445113f47c6a539dcf,3,5,4,2,2,5,6,5,7,7,1,3,5,5,23,23,0,46,0.5,True
all_46,train_1836,eb16c82288cfaaf362824b2bce8f7ffd46eb21be9b8e8dd8502ec9c3525c9af2,2,2,0,0,0,3,5,5,7,7,5,6,9,10,23,23,0,46,0.5,True
all_46,train_1838,d9bbeabff7d1c6c7e322e391c4019f97f1e1759c9075e1444f4603ad6c21eae5,1,1,1,4,4,2,6,4,7,7,4,8,5,5,23,23,0,46,0.5,True
all_46,train_1839,febaa72275e12fff2069e412cda4d7fbe97c0b6f96438b52427584fe5a41a1d8,5,1,0,4,3,3,5,2,7,7,4,1,6,7,23,23,0,46,0.5,True
all_46,train_1840,5abf84763870978f6b63e33f0c70d930d5fb19dd6a00e9d6644060f1434f6197,3,3,1,1,3,5,1,6,7,7,2,7,6,7,23,23,0,46,0.5,True
all_46,train_1841,ac047d1b844c4c4056243adc0290bf6be61e3c1b263c293aa3f2a9b361262ed0,4,4,2,5,0,1,3,0,7,7,7,5,6,6,23,23,0,46,0.5,True
all_46,train_1843,d02010c1349f7c7d59649fda94ae548d298b9835284b5fc1eede48278f141860,0,4,6,3,6,5,1,5,7,7,7,2,10,9,23,23,0,46,0.5,True
all_46,train_1844,cb0f70d00d5b2a67837c9246a2d88b97d6fc5cdf4937bb2b10d72b8c7624ffd8,1,0,6,6,5,3,3,5,7,7,7,7,4,4,23,23,0,46,0.5,True
all_46,train_1845,70f339c185481f6592aa2e9251d0d5301a2d427f603d00090a59e3353c3fd541,6,5,0,0,3,4,1,5,7,7,4,5,7,8,23,23,0,46,0.5,True
all_46,train_1848,340338cc1b2c630b8ab9d77c6abd1391ce3f44c2136c1ed59e4719e929c54a89,0,3,6,0,1,2,4,6,7,7,2,7,7,8,23,23,0,46,0.5,True
all_46,train_1849,fd5503d83d1d1d63184ba6a7173538120da6fa18be5942a2298792a4d111b8e7,2,6,1,0,0,6,3,4,7,7,2,3,9,8,23,23,0,46,0.5,True
all_46,train_1851,ae1e67b35b539d4129c777e30590094baef4274418161649a1f89e222d075758,6,5,3,1,2,4,5,3,7,7,5,3,4,4,23,23,0,46,0.5,True
all_46,train_1853,bf72df4490186efbde9f67606ef82bba71f079573e6bf2ccdfb1f8d9b207cdd3,4,6,4,0,2,2,6,2,7,7,6,6,4,4,23,23,0,46,0.5,True
all_46,train_1854,23fe67446bbf2d7aee3e1f7650d960eb2188f55b79c0feef378aad81912a0bf8,3,5,6,4,5,0,3,6,7,7,7,1,5,5,23,23,0,46,0.5,True
all_46,train_1858,4ac03417f028f5467daa2cbcd0a26cd6da98aa25b8210302d51014cb5ed9e30a,2,5,6,6,4,0,6,1,7,7,7,8,8,9,23,23,0,46,0.5,True
all_46,train_1859,ed573730321da63e3aceb81ff80aa3a06f916f54583a150ff4e6c8fd7ce6427f,3,0,0,0,3,6,5,5,7,7,8,7,11,10,23,23,0,46,0.5,True
all_46,train_1860,8396d4325a9c8521c03838b3334ea7b1526a8a110218683e9321528e00ad5c2f,1,4,6,5,5,0,0,6,7,7,8,3,6,7,23,23,0,46,0.5,True
all_46,train_1862,f24fc8326f24685d0618a45d29b7ae7a9082361a59125e9eb9bb5b23bfa5d274,0,3,4,1,2,4,4,6,7,7,5,7,5,5,23,23,0,46,0.5,True
all_46,train_1863,2c422444e7871dba82c61ec119a283eb942b949b26d6ec2bee779d17a10fd2b1,2,4,3,6,3,2,6,3,7,7,3,5,6,6,23,23,0,46,0.5,True
all_46,train_1864,4dfe9a527005c28df181b01424b95f18dc6b66cf4078ac6990ce2164801d865b,1,5,4,2,2,4,6,2,7,7,2,8,4,4,23,23,0,46,0.5,True
all_46,train_1865,9a39a3be1163fc46e307732578b8d5a9c7f62e98a36d25052fed12d103b3c243,0,4,6,6,4,1,6,2,7,7,7,8,7,6,23,23,0,46,0.5,True
all_46,train_1869,9f484bf5bb3eafc3d0a3119092e44ba4461be5580f60d0ae60cba4e064eea17b,2,3,2,5,1,1,5,6,7,7,3,8,7,8,23,23,0,46,0.5,True
all_46,train_1870,10bf89f68d699ed262fc04783be341f1c7e856dc11c0f1676fd8bca78c930232,0,6,4,4,4,2,2,6,7,7,8,2,4,4,23,23,0,46,0.5,True
all_46,train_1872,bcd56eea6f62768a0036f3ed7827870082563a3ef1618ee6d82c16bacdf4a0a5,3,4,2,1,5,5,0,6,7,7,3,5,7,7,23,23,0,46,0.5,True
all_46,train_1873,f992b037c70a1b7de373b9e6f8d674d371db312a61edb8964a12d0a4278ee9ee,3,3,1,5,2,0,4,5,7,7,4,3,8,7,23,23,0,46,0.5,True
all_46,train_1876,d4dbd771d5394dbb048a8dde8c53a61e7bc5e2c62b7a0a73afd93fa728615c22,2,5,2,0,5,6,3,5,7,7,4,1,9,8,23,23,0,46,0.5,True
all_46,train_1878,702aba197c9521806f676410ef41c4d8dcd5bbd0b36c795551f74aec1c1f0ca9,2,5,4,0,6,4,0,3,7,7,5,4,6,7,23,23,0,46,0.5,True
all_46,train_1879,b18c266c0e21410d6fa41923df0256da2a0403980ae49476c6ee89d23a25f91b,0,2,6,5,4,0,1,2,7,7,6,1,7,8,23,23,0,46,0.5,True
all_46,train_1881,98af80ea5f7843f14168dbd379d04e78fc7dc9682abcf129d5e380ae86b3288f,4,1,3,6,0,5,4,0,7,7,8,1,6,7,23,23,0,46,0.5,True
all_46,train_1882,1acbb7774c96913006330cf27676c51994061e44f0e33a8617795237f14ab1be,1,2,6,5,1,5,2,1,7,7,3,2,7,8,23,23,0,46,0.5,True
all_46,train_1884,7e782c8f61adf7c22e14e6352967c6c626c6c00c1be9b4a2037c3a30f99e936e,3,5,6,0,2,4,5,6,7,7,2,7,8,7,23,23,0,46,0.5,True
all_46,train_1887,df3226335fe77ed55581aca41cfbd13658814d434e2cddf9d5afc83766a5fbcd,1,4,3,6,6,4,0,4,7,7,5,1,5,5,23,23,0,46,0.5,True
all_46,train_1888,26dbcf6f558bcbb9a026a6429de41f6ab9bb5953056175c06db5a4d2e07e3894,5,0,6,2,2,2,4,4,7,7,5,5,4,4,23,23,0,46,0.5,True
all_46,train_1890,c95c3081129e8131da26e203c1d14b882360fe35abdb5466c5a36e5f32340137,1,4,5,4,5,0,2,0,7,7,8,5,6,7,23,23,0,46,0.5,True
all_46,train_1891,dcab906967ad4c8842b93dec496c93aa366681bc489f63bb287784d9a847b73c,5,1,5,5,6,1,2,3,7,7,1,7,5,5,23,23,0,46,0.5,True
all_46,train_1894,b41be9d6813b28d8ddd45dcaad8b0575708f93e626d8f605f789a8fd7637cef2,4,5,6,3,4,1,1,2,7,7,6,6,8,8,23,23,0,46,0.5,True
all_46,train_1896,ce86fc2570a8b557234c35b838dc5ba7401cde5ca41bed8e4527a711eef82ed1,1,2,1,6,5,5,2,0,7,7,7,3,7,7,23,23,0,46,0.5,True
all_46,train_1897,8b73e912f86a6005834d868ca58cb8173674cc7a1c49c0acc3e989d8fc13e1ca,4,3,1,4,6,2,4,1,7,7,3,2,11,10,23,23,0,46,0.5,True
all_46,train_1900,6757464a8ca55e415710b47b91e0af312c3f89c144214fd5b7f8e639064ce12e,1,3,0,5,6,4,3,0,7,7,6,5,9,8,23,23,0,46,0.5,True
all_46,train_1901,dacd03b3572d1d616311415e89133d16df11e42e2fcb87bc4afde9c33d85bdb4,2,4,0,5,2,3,0,1,7,7,1,5,4,4,23,23,0,46,0.5,True
all_46,train_1905,ca4c59529504c01e39813610039dc2304719ac5150d4f3f29299c4a39779c670,3,5,6,3,3,4,2,0,7,7,1,6,6,7,23,23,0,46,0.5,True
all_46,train_1907,aecb242fe18961be4f292564e3b381526e09bdfa4e23a80fc033168d5b52a0ae,5,4,6,6,1,2,2,0,7,7,6,7,9,10,23,23,0,46,0.5,True
all_46,train_1910,4733bb7e97d267a26ecc03d5675e4097b5084f0ed4d79c90b0a31b6d3a5c2877,2,1,5,4,5,1,2,2,7,7,5,1,5,5,23,23,0,46,0.5,True
all_46,train_1911,16280b36e252d1514ba592559b0eb632ebcc65239ab26fd5241391c2da3d9f88,4,6,1,5,5,6,2,1,7,7,1,7,5,5,23,23,0,46,0.5,True
all_46,train_1913,55873e6dba2b1f8e8718b4aafd1f60a66acacb49154f2606ebc93c2a2d06a23b,1,4,3,5,0,3,3,2,7,7,2,6,5,5,23,23,0,46,0.5,True
all_46,train_1916,85ab4b83b5b96569894beefd30aa83375989a2c2899bed521ece1106a06aa9cc,2,0,0,1,3,0,2,3,7,7,1,5,4,4,23,23,0,46,0.5,True
all_46,train_1917,5f836f7a765818a47de61dbc16373712484d939872a53f357ae86f7e0f7d1605,5,6,6,4,4,6,6,0,7,7,1,7,4,4,23,23,0,46,0.5,True
all_46,train_1920,cc179ea916b5cabf84789f419293593154ef22c201adf9eee3320d3eee509cd7,1,5,3,4,1,2,6,3,7,7,3,7,4,4,23,23,0,46,0.5,True
all_46,train_1921,5badf02882dbc23daccce7bb7305d792bfeecad3dc95d754e2f6c6b9f53083d0,5,2,6,5,3,5,0,4,7,7,7,7,9,9,23,23,0,46,0.5,True
all_46,train_1923,37d1cdea6194af18609996c77123c6a2bd83afcbd064cebdcc51c51fc3c570cb,3,0,3,6,3,3,4,1,7,7,5,2,11,12,23,23,0,46,0.5,True
all_46,train_1924,d3cd527225ce7860b4a770c0571f0e1b9886c1feb783fbc38406c2c50ec946bf,1,6,5,1,0,3,6,3,7,7,6,8,7,7,23,23,0,46,0.5,True
all_46,train_1925,b1f4880f4f1c1dbacbdec9a2b10793bd4384858c2abb2aef203122fd91c9a3f0,6,2,6,6,2,6,0,4,7,7,8,8,8,8,23,23,0,46,0.5,True
all_46,train_1926,d9fa2c25bcaff7d6210efe42c4ef23eaf7aa4a66d668ae37d47f62a5742bfe02,4,5,6,6,1,5,4,1,7,7,3,8,6,7,23,23,0,46,0.5,True
all_46,train_1927,0e8801bfb2f8abb2ed36fd0ff56845dfcbaa1ad14f0fdfb1bcbe3ae6e31ace0b,0,1,4,4,4,0,1,0,7,7,5,2,6,7,23,23,0,46,0.5,True
all_46,train_1928,4eeb14c0fd8ffb84f66d547e7f349f4258d1bcb40eb821e2dd604d44f435d6e3,2,3,0,6,1,1,5,2,7,7,3,4,8,9,23,23,0,46,0.5,True
all_46,train_1930,efb5ea55cdc6637780d5ce5739576c92b974cf681433a2fe476e6157fcd3bf68,5,5,6,0,1,6,4,6,7,7,5,2,11,12,23,23,0,46,0.5,True
all_46,train_1931,f07768800e347776ffffbfe078c6b616b7bf3fbe199317e00c9052d5048f1aff,5,2,3,1,0,5,2,6,7,7,8,7,7,6,23,23,0,46,0.5,True
all_46,train_1933,0eb637fd237a5531c9312e0664b0651cee302d5bddac18ea0de4ba57195ad577,4,2,6,4,2,5,3,0,7,7,5,3,7,7,23,23,0,46,0.5,True
all_46,train_1934,7802149b2da13adff323c2ff15e84c59149bd801d6edeaf2fc48a0101f9cd43c,6,4,1,6,4,1,5,3,7,7,5,2,8,7,23,23,0,46,0.5,True
all_46,train_1936,d75367f94b63c98d626357d476aaa90421750028d061716f4354f1e18388d80a,6,2,4,6,3,1,0,3,7,7,4,7,6,7,23,23,0,46,0.5,True
all_46,train_1937,138e1b559a3f5f663e79cbbb12ac8a60604609458673e7d0dab4889f7c62348f,5,4,4,1,5,6,2,5,7,7,4,4,8,8,23,23,0,46,0.5,True
all_46,train_1938,ff3213cb8da2aef43a70a59e5e2127b94258ce75d099f38090030dd30059a7d3,4,4,5,0,3,5,5,4,7,7,2,1,7,6,23,23,0,46,0.5,True
all_46,train_1939,ec605a6aac9e96191462f2963bac8c5c2c2498f41d79e1a3730b3ee99800a7a4,3,5,2,0,0,5,4,5,7,7,3,1,7,7,23,23,0,46,0.5,True
all_46,train_1940,b31145a0166562b34a471fa62e9b89012998d8d705025eb9a7bad0ff9f6ff39a,5,2,6,0,4,6,3,4,7,7,5,4,8,7,23,23,0,46,0.5,True
all_46,train_1941,a87391884d58cf767d3de865fdd78b5b38d80e7ed91a849cba0c1113c7ea059b,5,0,6,5,3,6,5,2,7,7,8,2,4,4,23,23,0,46,0.5,True
all_46,train_1944,48bf46cdf92ec28a720e5a1d8340ac527f898ca83b8d798ba314fb55d6d3d9b3,1,2,5,4,3,0,2,2,7,7,4,1,8,9,23,23,0,46,0.5,True
all_46,train_1945,08dcf3fc624ba45a22e49c6aa1e5d8c98dc224ab45bf69ce9836a9defbebea56,2,5,2,1,6,1,4,3,7,7,8,4,4,4,23,23,0,46,0.5,True
all_46,train_1947,2e952e283498fa73d1cd9371723c4398083a96a5c504a7cde91d401260eb1ce8,1,3,0,5,3,2,1,0,7,7,3,3,6,6,23,23,0,46,0.5,True
all_46,train_1950,d38aef01706ab1d5e1bdf6352eaf355b9c111e0d96b4a3432f6b3ac47bcc9567,6,4,1,4,2,0,5,3,7,7,8,2,5,5,23,23,0,46,0.5,True
all_46,train_1952,5b42563335ed338158b0e7355d0633ba3f932af17ae842eaff3641d8e0aa5e83,3,0,5,3,5,0,2,1,7,7,8,2,5,5,23,23,0,46,0.5,True
all_46,train_1953,8a074d077b1cb9fa2a9218e29947267cf22055fae12f040dc876ff85140220d1,4,3,3,1,6,6,3,6,7,7,5,8,8,7,23,23,0,46,0.5,True
all_46,train_1954,bd70f1e256269a22b5160ea99a04a89d182bf992540fd76533f77326579bb866,0,0,3,0,6,1,1,2,7,7,7,3,4,4,23,23,0,46,0.5,True
all_46,train_1959,c371015df7d2a48ca2dd47ec975e8f8a33d1790ba2208daa73985b0e095cd69a,0,4,1,0,4,2,1,3,7,7,6,2,5,5,23,23,0,46,0.5,True
all_46,train_1960,fd180fbd1d65aba3ff6bf306a7ecf4640f75b6e9684944ad8c197cb458a52419,1,6,3,4,1,1,6,6,7,7,7,7,5,5,23,23,0,46,0.5,True
all_46,train_1964,694c271cca62595d3954f73ca4a51ab1c9a519d2dd53e23b96315d76ff3e3d09,3,1,6,4,0,1,0,6,7,7,5,8,9,8,23,23,0,46,0.5,True
all_46,train_1965,170cf69d71a2c8f53864469ade2dbaf78299d8781483f1033ed1b3747eefc428,2,4,3,1,2,5,5,4,7,7,1,3,5,5,23,23,0,46,0.5,True
all_46,train_1967,5f3926d26356cd88d69849cd233d578b5c053a1bd03e56ee9cd810f2a7eee366,6,6,0,0,5,5,4,3,7,7,2,5,10,9,23,23,0,46,0.5,True
all_46,train_1968,7c57bc225e8131449d320cb541f83e5dbea0e2769f1ccfe309b1209f38185092,3,4,4,0,1,1,6,2,7,7,5,5,4,4,23,23,0,46,0.5,True
all_46,train_1970,6543705e593d48ee108730988c608c5f76ea798753cbc2e08557ad42c185e2db,4,4,5,6,0,4,4,1,7,7,6,3,7,6,23,23,0,46,0.5,True
all_46,train_1972,9902d892e60a931398ef58d33442d9dc4792a72caeca75370c4f8819c2c01697,0,1,6,1,0,0,3,4,7,7,1,6,7,6,23,23,0,46,0.5,True
all_46,train_1973,a7a005e797389250a9be4bfd785604e6dc51f8d9d451228550eb6f2f3f3260ba,3,2,3,4,6,1,4,0,7,7,4,3,10,9,23,23,0,46,0.5,True
all_46,train_1974,f1ef9b22dc90913b3b820578df843248e7e6d662229b30be8eff7dc1fd51971d,1,4,6,3,5,2,0,4,7,7,6,1,6,7,23,23,0,46,0.5,True
all_46,train_1975,15244ccfd91f3e62b8e4b6e1545d641e7c825053065e6b62d3c8988d041748ad,3,3,4,0,4,3,2,2,7,7,1,6,7,6,23,23,0,46,0.5,True
all_46,train_1977,f410de1866f6bd671eb9bb6396447e38e5cdb004ada97f2704aca18106191acf,4,6,0,4,2,1,4,5,7,7,7,1,5,5,23,23,0,46,0.5,True
all_46,train_1978,ec84d97df5cc1c1a054426aca14c23d8210ca88e5bb6240cff08f0fde84dd040,2,1,4,0,3,5,0,3,7,7,5,4,6,7,23,23,0,46,0.5,True
all_46,train_1982,c353d2ef095434f778a19c01d133a84d0e93501bc711dfc4230b3d6d5e4ae32d,5,6,4,3,6,5,3,0,7,7,8,8,4,4,23,23,0,46,0.5,True
all_46,train_1983,8a1728e56b1c5631ba2be2bdee71758bea2a076c1128983422921f58ab2ba4d9,3,3,0,5,3,0,5,3,7,7,3,2,8,7,23,23,0,46,0.5,True
all_46,train_1986,b1ff07715268c510602eab45f9262c0a36ec60f0094fa25477338f8d0a80e0fd,2,0,0,6,0,3,5,3,7,7,5,6,9,8,23,23,0,46,0.5,True
all_46,train_1987,c9343c82ed55cd9f7832b34a90ebde0c72236305f21714abbef5ad3929640c70,2,1,0,5,2,0,0,1,7,7,1,2,7,8,23,23,0,46,0.5,True
all_46,train_1988,8d1ad1b63f2459733e6ac488034d4cbdf4ba5704805544e7536fdc7c17fad33c,2,5,4,6,3,3,5,3,7,7,3,5,4,4,23,23,0,46,0.5,True
all_46,train_1990,750a2bfd6cccf5fe1579c85ca71b3928f54850cd66d2f95187c8580a8065a95f,1,6,4,0,2,5,6,4,7,7,2,7,7,6,23,23,0,46,0.5,True
all_46,train_1996,88724389569e80af1035a3a9d628a53bbfb2ce7598155b4e42e97c5c9e91999d,4,1,1,1,1,5,4,6,7,7,7,7,8,8,23,23,0,46,0.5,True
all_46,train_1997,45436b3e763a00565417d65ecef487ad142eb320dd4dd5ee179de39b66bfedd0,4,4,2,0,6,3,3,3,7,7,7,2,7,6,23,23,0,46,0.5,True
all_46,train_1998,8221e4e56d30f9f2ba4633855674d16677a03e2550e772a6797bde0f6ac0fa1c,1,5,6,2,5,1,1,3,7,7,8,4,6,6,23,23,0,46,0.5,True
all_46,train_1999,6df030bcbe55bcf440ca375ac5880e5018b0aab02a22bb06d8c2394033e35107,4,0,5,6,0,4,1,2,7,7,8,5,9,8,23,23,0,46,0.5,True
training_24,train_0000,5e3c3e1c236db950e013c35eb8cffa9b22f6e59fd387698786aaf93bf313976e,1,1,0,6,3,1,0,0,7,7,2,2,8,8,12,12,0,24,0.5,True
training_24,train_0001,00f576903f52839b511c569076543bd796580d3e11b45c7d1ba23f51544eeeec,4,1,1,6,4,3,0,2,7,7,2,7,6,7,12,12,0,24,0.5,True
training_24,train_0002,637e901e776afb28a892dd0a4b650c64f8c770051d29483e3b087763510f01b7,2,4,1,1,4,2,1,3,7,7,4,2,4,4,12,12,0,24,0.5,True
training_24,train_0005,2d93023355b3fdc34e94c47cea2e1a8532a5a6d1710c7785a10307c19f004fa3,3,4,6,6,2,3,4,2,7,7,2,3,7,8,12,12,0,24,0.5,True
training_24,train_0006,5bf390862dc627bea6f033c988c8822e4e27fa2d7846899a70f70a7ba15be0d0,5,4,6,6,6,3,1,3,7,7,2,7,7,8,12,12,0,24,0.5,True
training_24,train_0010,238a6a8ce1e0f747a83ae3307c6e0c9740dbc4ede185c5f6df1f22cffdbd1364,6,6,2,0,5,5,2,5,7,7,2,5,8,7,12,12,0,24,0.5,True
training_24,train_0015,b37a2b0225df268221a13950b4a6b9adfdc563a65632302c545b8b3afefffb96,5,2,0,0,5,0,3,5,7,7,2,5,7,8,12,12,0,24,0.5,True
training_24,train_0016,c4ebdab40d5c68b39e1e40cdbd4f059bf8eb4d6bdf976f4ef99b9fbf22f454e4,5,3,6,5,5,2,3,4,7,7,1,3,4,4,12,12,0,24,0.5,True
training_24,train_0018,6f8517fafb33409aaf32698d9ec73a0a29d9edeb03bd05899aa2a6244a0c9978,3,6,2,0,5,4,3,5,7,7,4,1,7,6,12,12,0,24,0.5,True
training_24,train_0019,9680151a98fdb3bc3f5806be47153e4e8f1c6e8e8132ac9c552c8adb50987591,3,1,3,6,2,3,0,5,7,7,3,7,4,4,12,12,0,24,0.5,True
training_24,train_0020,6ae978117f5bb995a9bfce168ef7bef4e9fd098d8e7c6bf31c428d1b83e3ba55,3,2,4,4,1,0,2,4,7,7,4,3,9,8,12,12,0,24,0.5,True
training_24,train_0022,9556733be3df3b4654f6563c70fae1044d58e732411b9aa1faa02e80801f240e,2,2,6,1,0,6,4,6,7,7,6,6,11,11,12,12,0,24,0.5,True
training_24,train_0024,07823e5064a30ef97f94ea54da38f0fb9feb7e48c00d60405a53ab2085c85a52,1,5,4,6,4,0,6,2,7,7,8,8,10,10,12,12,0,24,0.5,True
training_24,train_0025,03addf234be2d5cb5cc66912f70030e714003cdefa2e8cbbff97fdf2b610570f,1,3,4,6,0,3,4,0,7,7,1,8,7,6,12,12,0,24,0.5,True
training_24,train_0027,d17c852da4e0c14c752ceb3480737e61ae4880a00b4961c954f20d9b65e9015f,2,4,0,3,6,5,4,0,7,7,5,6,8,7,12,12,0,24,0.5,True
training_24,train_0030,047223708c0e4a8e3be351b215bf1738a5c899e963652852f76b0311b56658c7,5,4,2,2,5,1,0,2,7,7,3,7,4,4,12,12,0,24,0.5,True
training_24,train_0031,40afa0df044db54fdc7642a7b06ea5fb20d48cd9f172e2bee4893f83664373c8,3,6,6,0,1,0,2,3,7,7,8,4,7,7,12,12,0,24,0.5,True
training_24,train_0034,69d12aef95bf5ce9499a9be97c2073d2869fc97003dc9326fb3ac1f503992018,4,2,0,2,4,0,2,6,7,7,2,8,6,6,12,12,0,24,0.5,True
training_24,train_0037,f66db3dcbdd3374ea1c9562080b0c17d68285578d4ef76f7e659a794d33a3a66,0,0,6,0,5,3,3,1,7,7,8,4,4,4,12,12,0,24,0.5,True
training_24,train_0040,5c5c46b3c8004f4821955c09b292fcd68ef995fa0b4ec8011f2e9959861d51e9,1,3,5,0,0,2,1,4,7,7,2,1,7,8,12,12,0,24,0.5,True
training_24,train_0041,5a422b45d097b7a3510ebd4c570d1f4fefa16378dd6e9e90bdbfdff75121225c,2,0,5,3,0,3,3,0,7,7,5,1,5,5,12,12,0,24,0.5,True
training_24,train_0045,2824b7b885433517b80fb398e83ea5147f7cedb6569eafae9681c42203a78a68,6,1,0,3,3,6,5,4,7,7,8,6,6,6,12,12,0,24,0.5,True
training_24,train_0047,464ac60f0482ed00b704e33f58edc46f0b64ed09117e4475b43b8c5b718f68ca,2,0,0,1,2,6,5,3,7,7,8,6,7,7,12,12,0,24,0.5,True
training_24,train_0048,0546950a2d40007b4d2013deb578e7dfc55a1572a40e153c5546297891761ae3,4,3,3,5,2,0,5,1,7,7,5,3,6,6,12,12,0,24,0.5,True
training_24,train_0049,80cffec7ed79e960a1521070ced36884dab48ce3267b3d2133b95f396beb944a,1,3,3,0,5,4,3,6,7,7,5,5,6,6,12,12,0,24,0.5,True
training_24,train_0052,48f3af094de22940fdf71ba2595c73c0ab38e800e74f0983319c6a9076109fbc,0,4,3,3,6,2,1,1,7,7,8,4,4,4,12,12,0,24,0.5,True
training_24,train_0055,9d2d0bb2cf742cc0dc0e3d6cbdc71d9e5b9f3f55858e9f69b120c34f1de41104,5,1,6,3,1,1,0,4,7,7,4,8,7,7,12,12,0,24,0.5,True
training_24,train_0058,421862aeae70e6ec4270dea5cf4a7322962a4fc4a39725eb6242a570327845c1,1,3,4,5,2,0,6,1,7,7,4,7,7,6,12,12,0,24,0.5,True
training_24,train_0059,b8a3582ce796b73891bbffaca8a30d6d99fc5ec8931d543294c27d0ad7982577,1,2,3,5,0,4,5,3,7,7,3,5,4,4,12,12,0,24,0.5,True
training_24,train_0060,b93fdc82471bb79310fb2f53e6ef8481af9ea3b3e381e6b794578fe3234e0c25,2,2,3,5,6,0,1,6,7,7,6,7,8,9,12,12,0,24,0.5,True
training_24,train_0062,9a24b861a45353ee1cc29067fd07217ae250639d4e5626abb0eb13c0423dada1,5,5,0,0,4,5,5,3,7,7,1,4,9,8,12,12,0,24,0.5,True
training_24,train_0064,afc50ca07043932fe73e0cc5fc074f04e9498343b11912a6b2db1e8d6500346c,3,1,5,6,0,6,0,2,7,7,8,4,9,9,12,12,0,24,0.5,True
training_24,train_0065,b83a8038f767882aa359543836565951158db7850ec58804457e628af0afc8fb,2,4,3,6,2,2,4,1,7,7,2,5,7,6,12,12,0,24,0.5,True
training_24,train_0067,553ebe77f7bb78674fa5132d1e4ed51b22acc45a7bd305147ca083a6887dd08b,1,0,6,0,1,3,3,4,7,7,3,6,8,7,12,12,0,24,0.5,True
training_24,train_0068,edee351922c8972ae08f97aad6ffd56f47bebc62b62edc84532993c9711eafaf,1,5,0,3,1,0,5,2,7,7,7,7,10,10,12,12,0,24,0.5,True
training_24,train_0069,db6f9e29a1193ac1b7dc8caf149a66d5ed7b2105d8de85bccdd7f73d3d14b85e,1,3,3,6,3,0,6,2,7,7,5,6,8,7,12,12,0,24,0.5,True
training_24,train_0071,9252645a85a87c51111c9fc005265cdad026321c91624b31762829171eedf105,3,0,6,0,1,2,4,4,7,7,6,7,7,6,12,12,0,24,0.5,True
training_24,train_0074,d08627c7ae5977869d48779da1c5b1eb5ee3b6db87aab40223632cf1da1b40bd,0,3,3,4,4,1,5,6,7,7,6,8,4,4,12,12,0,24,0.5,True
training_24,train_0075,6d26cfbced592e4cf5b6fbb492153de00c19e2fe796663c0fb4eb6b9f3c61f09,5,5,1,3,5,1,4,6,7,7,4,2,6,6,12,12,0,24,0.5,True
training_24,train_0076,22e1222148ecce435d478efb501bcfc1392d07f9a52bbf9d993ce72b1f6b4603,4,2,1,6,2,1,5,3,7,7,3,2,6,7,12,12,0,24,0.5,True
training_24,train_0078,259800eb6d2fd37ac5a7a6c86fc5fa3aa566bc063fdd458d7e892e075cf17c0c,3,6,4,0,6,4,3,5,7,7,5,1,6,6,12,12,0,24,0.5,True
training_24,train_0079,c875ce2766587ca16b5ac3485be28f6f6f530224239f6bc17e512512da2b38eb,5,2,4,4,1,0,6,4,7,7,6,3,7,8,12,12,0,24,0.5,True
training_24,train_0081,9d5b989193d814745971e03464d4e443f6004c1c1d057bc3212bc43f43b1f681,6,1,4,6,1,3,6,2,7,7,7,1,6,6,12,12,0,24,0.5,True
training_24,train_0082,83cd852b15269470727a3484708c2272498efe5cb58d24196adb7aa4427c4961,1,6,3,5,6,3,0,3,7,7,8,4,5,5,12,12,0,24,0.5,True
training_24,train_0083,e9a111b90157a9e36b49be5b758b4dfcd59eeb1924a2373c4458f2c58d3b713d,5,3,2,3,0,5,3,6,7,7,7,5,4,4,12,12,0,24,0.5,True
training_24,train_0086,13d4a221f00f782cc503d1956d9d3e1b57bd967b1702b38cea509aad60125865,4,4,2,3,0,6,4,0,7,7,6,6,5,5,12,12,0,24,0.5,True
training_24,train_0088,08203bfb18a8caec27ba46fc8f2322217189b9b59d17823755be60621af52af9,3,1,6,2,0,1,2,2,7,7,3,2,7,6,12,12,0,24,0.5,True
training_24,train_0089,16854e2577d5cd13a8aaf84ac26e022537454e87c3c3a1b83064ccf93bcf507c,3,0,6,1,1,5,3,6,7,7,7,8,9,8,12,12,0,24,0.5,True
training_24,train_0091,b34b1fb82be6b1c1e112372272bd3bd2fc56f71137b793e41fded54a66298855,1,6,5,3,0,3,1,5,7,7,4,1,7,6,12,12,0,24,0.5,True
training_24,train_0094,0522f2ec0b4d662d9342eb00afca726ae82371683ff810c6ebd904b9cf1b4ea5,6,2,4,6,2,1,1,5,7,7,5,8,9,8,12,12,0,24,0.5,True
training_24,train_0097,6f3652f3da5fbf2bb60b952370c9f63f8cdc2474ffa59a5a6f54fddf87c4cbc6,2,2,3,5,3,1,6,2,7,7,2,4,6,6,12,12,0,24,0.5,True
training_24,train_0098,68509c746db583044f4191b4e236c4a386607f44f8798633583ce39f6ebb34e4,0,0,6,2,1,0,3,5,7,7,1,8,7,6,12,12,0,24,0.5,True
training_24,train_0099,a61116760884252dad268b8f201f535fd6ca23829015c6e1060977988e5c6255,6,3,2,5,3,0,5,1,7,7,8,7,8,7,12,12,0,24,0.5,True
training_24,train_0102,286bd7ade2e6b493cfaf77085cacefe7d2c14c4ecbaa9a9cd762c4c7c3404262,3,2,1,6,6,5,4,3,7,7,6,2,6,6,12,12,0,24,0.5,True
training_24,train_0104,14f8ee13b59b78977b0b5c251f3f7b7d7a227b74651a169df3f849edd33b1893,5,6,0,4,4,1,6,6,7,7,8,1,7,8,12,12,0,24,0.5,True
training_24,train_0106,a0e1c43ecfcec1d16cf0a91737ef670f7fce5f3d019549ea954a7d9d615d374a,2,5,6,2,3,6,1,4,7,7,2,2,7,7,12,12,0,24,0.5,True
training_24,train_0107,c46664ac1cb09a0d6224294d93aa514d7a0211f7d39fa4636377df6119a98c14,2,4,5,4,2,3,6,1,7,7,1,7,4,4,12,12,0,24,0.5,True
training_24,train_0108,8266960e20d8ea5e02970eeb58e895b36765073fa90b53f4f4fae259b98ff656,2,2,0,5,6,1,2,3,7,7,5,1,10,10,12,12,0,24,0.5,True
training_24,train_0109,3aa4321f3096bc16613e27941dbdd9a11a565b1c66130a4ac34793a1d54719db,0,6,5,3,1,2,2,0,7,7,5,8,7,6,12,12,0,24,0.5,True
training_24,train_0111,b19be202cb793b8a01becd765d0eda88d68cb6d1efa87df374ec51f0ef227b39,5,6,1,5,5,3,4,1,7,7,3,6,8,7,12,12,0,24,0.5,True
training_24,train_0115,6f812d811f40ea5b0f5cb641fd275864b5395ad2969b8a632e8c68fd78d8a324,3,3,6,5,3,1,2,3,7,7,2,1,7,6,12,12,0,24,0.5,True
training_24,train_0116,31fc2b8c66e493c0075ee9129c31d8ba314f3d9c627a340b246595f0ef0698a5,1,4,3,5,4,2,0,4,7,7,5,1,4,4,12,12,0,24,0.5,True
training_24,train_0117,56b011aa604d2df1023494cbb7062719a10e796487dd409327ce71c2c16a916e,0,0,3,0,2,3,3,5,7,7,5,8,6,7,12,12,0,24,0.5,True
training_24,train_0118,3a509bc4fc5773584e489a99a281872cbf0d195875d93569fb31feee537bf7d1,5,2,0,5,0,1,5,3,7,7,8,1,6,7,12,12,0,24,0.5,True
training_24,train_0119,1a2bf3afd9bae63cff4eb2d84796acda5a4df306a468fadda891489d42624da8,2,2,2,5,3,2,5,4,7,7,1,5,4,4,12,12,0,24,0.5,True
training_24,train_0120,994d5ee21bde645b01119d14f48a85fc118eaa50a6860e513d4f1e732cdb27e4,1,6,3,5,3,0,0,1,7,7,8,6,7,7,12,12,0,24,0.5,True
training_24,train_0122,e34662a1a86e139923fa6eebc8bdb25a80f747c12bd14c9bd7785d447116d02a,4,0,3,5,4,2,0,1,7,7,4,7,6,7,12,12,0,24,0.5,True
training_24,train_0125,35480bd10bff5e3ace35bcb0f7d250fda2626c555e0986fabb37f9d70b5b4c99,1,2,4,4,3,2,0,5,7,7,2,4,5,5,12,12,0,24,0.5,True
training_24,train_0126,b68237924a0e577f3f41af45efd47b1d2f2775f5d31de3b1f12063eb1c7cf4f2,4,0,3,4,0,0,6,1,7,7,4,3,7,6,12,12,0,24,0.5,True
training_24,train_0127,368fd72d75b0822327f0269843fd1b60327c461a9cfb50dd6f584356656d7371,4,2,6,1,4,5,6,6,7,7,3,6,6,7,12,12,0,24,0.5,True
training_24,train_0129,19713646898bcc4cc375e25fa704f088bdf7a51210ad0cc5aacbc1ebed055691,3,1,5,5,6,0,1,2,7,7,4,3,6,7,12,12,0,24,0.5,True
training_24,train_0130,d977b1d3ea2265574c35218b7d079b7cfd26e60cfe282d1a13cd0c776c043465,2,0,4,2,0,2,3,6,7,7,4,7,6,7,12,12,0,24,0.5,True
training_24,train_0134,d415de286fea7752c8beafe80dfd629556e0e25abedfe0106fa46d346ecd8852,1,0,0,2,2,0,4,2,7,7,1,5,4,4,12,12,0,24,0.5,True
training_24,train_0137,e864062b4eff438f963ab3bbffa17539e29cbfdfc8bd9df59b1fe2c6448a4889,5,0,1,3,4,1,3,6,7,7,2,8,5,5,12,12,0,24,0.5,True
training_24,train_0138,8f7b8dcaac40c70f7d8685e7365a2e3917e7f52e4668e2b6ed5397b3454c9b55,3,1,1,0,4,4,0,3,7,7,4,5,7,8,12,12,0,24,0.5,True
training_24,train_0139,c8d78cda44a1e186f900099f1785f0c0a375423eb2d78d7fe651edf5dbc52381,3,1,0,5,6,6,6,0,7,7,8,8,11,11,12,12,0,24,0.5,True
training_24,train_0141,c0c62155e28173e4b52607863881bd56fae5502947bc3f4da1f659f0e7b9aa7c,1,5,6,0,6,3,2,1,7,7,7,5,5,5,12,12,0,24,0.5,True
training_24,train_0146,2b3463f9289c2e065980f6ed4114fcf12e25efa2de00913a88a31c06acae1fff,3,2,4,0,1,5,2,3,7,7,7,6,8,7,12,12,0,24,0.5,True
training_24,train_0147,57a37c8040f0c87bc2e7e86840060db13da3cc061b6b6dfe133f919623e7b812,1,2,1,0,6,5,6,2,7,7,8,7,12,11,12,12,0,24,0.5,True
training_24,train_0148,19306dc2826ec6cb94077065ca00c65c82fcd0408901a18d94dca08700cd9622,5,6,0,4,3,0,5,5,7,7,8,1,7,6,12,12,0,24,0.5,True
training_24,train_0149,55a2bd8c5963bf2f706331b1f6788a6c0ba8f7b350c7f878f3b78f11ae75f4ad,5,1,0,3,6,4,6,1,7,7,4,1,7,8,12,12,0,24,0.5,True
training_24,train_0151,1ed05b0e446606d85d070920b2690c9f773b2f532be84beab235d9965068d61c,1,2,2,4,5,6,0,1,7,7,8,2,5,5,12,12,0,24,0.5,True
training_24,train_0152,c88bf6755b0c57ef719520a528dca3cb33c7878269b5d5913d69dfe554800c26,3,4,4,0,6,6,0,5,7,7,5,4,10,9,12,12,0,24,0.5,True
training_24,train_0153,e6c7d1ecce21b325ce9d3e19ae1b1e791b0d9a57cc092035cf147eb5180e0a63,5,3,5,1,1,2,0,0,7,7,5,8,7,6,12,12,0,24,0.5,True
training_24,train_0155,f70ff6be383c6076f2634caf52dd714784b4c0107312202043bcce416ba0c027,3,1,0,4,3,6,4,3,7,7,7,3,5,5,12,12,0,24,0.5,True
training_24,train_0157,1da729cdbf7be7cbcf182cea2930e797a1b446b54880f71993929d93cf655310,4,2,5,0,0,0,5,3,7,7,6,2,5,5,12,12,0,24,0.5,True
training_24,train_0158,3e24bf8b6231b17f1d7c97f6cdaaa020addb8d346d88f26530c89e22decc9829,2,5,6,6,1,4,6,1,7,7,2,8,7,7,12,12,0,24,0.5,True
training_24,train_0159,f67472edb7a980fe425a8d87332a99401660c2a8345a30010eec24bfe0e597f9,6,5,0,1,5,5,2,5,7,7,1,4,9,8,12,12,0,24,0.5,True
training_24,train_0163,c5e2c49ba13206e7130cb33a609c9dc31277e56ad5546a2fbaf81f5297dc9462,1,1,4,6,2,1,6,1,7,7,1,5,7,7,12,12,0,24,0.5,True
training_24,train_0164,22dbd44bc8185c67fea84b3d6445998450a4ca2958a13ce0bbf3d092c0479ed6,6,2,3,4,4,1,6,3,7,7,3,1,4,4,12,12,0,24,0.5,True
training_24,train_0165,2940a47f8006c14f9a1acf00eb8b4464782c59022f8488f0d017aeaa3bfda7d9,5,0,1,4,4,3,5,1,7,7,6,1,6,7,12,12,0,24,0.5,True
training_24,train_0166,cc16f01feaa3acf5dbc9b9ef9964e3c68bf25fc077b3e552dcd19658aad3c3f1,3,0,4,6,6,2,4,0,7,7,5,1,6,6,12,12,0,24,0.5,True
training_24,train_0167,b65f0dd30d200265292ebe157fe9b9d7b9cf3557836f8621a8fe941fd9923415,2,5,6,3,2,0,0,5,7,7,7,2,7,8,12,12,0,24,0.5,True
training_24,train_0168,b93f835ca814e621e1cca269ba028a842e0e7605ea6445c21e1a2d8ca210c267,4,5,2,3,3,6,6,0,7,7,2,7,6,7,12,12,0,24,0.5,True
training_24,train_0169,ed0cbfa0ccb3bb242d226e397e43e8462efcbd2cd1cea4c272deccd6068b54c6,1,0,2,2,1,6,5,4,7,7,6,8,5,5,12,12,0,24,0.5,True
training_24,train_0172,77ed8813e3fcff314a960aef9ab297f3991ed6511439fb62fe0728b2a843fd1d,4,4,5,6,5,0,0,1,7,7,7,7,10,10,12,12,0,24,0.5,True
training_24,train_0174,979436665984c936412a58d3442313658a74c15b95a7d124b27eedde9bf95ec5,6,4,6,0,2,5,4,6,7,7,5,4,9,8,12,12,0,24,0.5,True
training_24,train_0175,f116b275c36fe0cc197592a71fda63d229b107108fc7c63a6d0f438912596260,1,1,0,6,4,6,4,3,7,7,8,5,8,7,12,12,0,24,0.5,True
training_24,train_0176,6aee991ec8b1b67897b161f101167296832881d7010f5037a172ceea8d3c4e0e,3,5,6,4,0,2,2,1,7,7,6,7,8,7,12,12,0,24,0.5,True
training_24,train_0178,0e11d7d18843f1a2220d2f5e7d4c1bd0454002655f74050df15c7ae312fe8797,1,3,5,1,2,0,6,4,7,7,6,8,4,4,12,12,0,24,0.5,True
training_24,train_0179,a2c9663247d093286397e2def8cfcd9a4ae3584b869fc02efa585a60238ce5f4,0,4,5,3,5,1,0,3,7,7,8,1,8,7,12,12,0,24,0.5,True
training_24,train_0180,b188130f1088d4301b241b7c5fecd484f270516c4bcf9f76566ac68e5bbee4c3,6,5,2,1,1,6,4,4,7,7,6,3,6,7,12,12,0,24,0.5,True
training_24,train_0183,ea02d2d20a4367f7298618140e8ff673d1dfbca5abf3569714f450c4f7adce2d,4,5,1,0,1,5,4,3,7,7,5,2,7,8,12,12,0,24,0.5,True
training_24,train_0186,b09ee7b1a6482765e74e624766ac0319cb7ca75a0fb78bf746ab1f0f09bcad19,5,4,4,1,1,3,4,4,7,7,7,1,5,5,12,12,0,24,0.5,True
training_24,train_0187,6a28c765353b13abf0336655b9a5fa3380164a7c820daf4f14fd47c60c3369cc,1,5,3,3,2,0,2,6,7,7,6,2,4,4,12,12,0,24,0.5,True
training_24,train_0189,f9bf8b3ba22198224586754f50e754b5a9b8bb2e59b0f61434c5a5b2775f3119,4,0,1,6,5,5,1,1,7,7,6,8,5,5,12,12,0,24,0.5,True
training_24,train_0190,2932fc3efb78f4b5b028818de691b3d5c09f1ecdf49e218da18b296de12dbfb8,2,2,0,6,3,3,2,1,7,7,2,1,8,7,12,12,0,24,0.5,True
training_24,train_0191,2b4146eb3240af3dac67c23fac0bad820b3aed1223e22f0459c52c0629179931,6,2,1,4,5,0,2,0,7,7,3,6,10,9,12,12,0,24,0.5,True
training_24,train_0193,0381a817fe1faf22fed9af77d3bf9e0692caa98a76f5da992dba9a6b8042b0d7,2,0,1,3,6,4,4,1,7,7,8,3,6,7,12,12,0,24,0.5,True
training_24,train_0194,244d3ca1fcb64ab8866687d66971772421fccd2587b1f0c387949765e5a31198,4,2,1,5,3,0,6,2,7,7,3,2,7,8,12,12,0,24,0.5,True
training_24,train_0196,1685d20ca1ec7370ba9d54c0d8192a4e0b5c9549a505318394cee0cdb43a16b3,0,4,1,2,5,1,2,6,7,7,8,4,5,5,12,12,0,24,0.5,True
training_24,train_0199,34715750a36fbd8455a5bfad69cb128b0822c43aaebbaa41526ff63263343da5,1,3,6,1,2,6,0,3,7,7,4,1,9,10,12,12,0,24,0.5,True
training_24,train_0201,f0873666a03e8a7c4789f31b2b55d8cc134a30967dbb439ec2c89158b25f3625,2,6,2,4,3,1,0,4,7,7,6,8,4,4,12,12,0,24,0.5,True
training_24,train_0202,dd990f109b748129036ba80583c6f82e937658eb281f1429664c98d9a2e166f0,5,4,4,6,1,1,4,1,7,7,7,4,8,7,12,12,0,24,0.5,True
training_24,train_0204,29de23965fe95c05c7bf28f3140d28d5dfffa37e2b5c0d6eca54cc3cd1775c50,3,2,2,4,4,0,2,1,7,7,3,2,8,9,12,12,0,24,0.5,True
training_24,train_0206,5cfbf9d01558b2b414dc9bea7ae89168f81e59a37894d3be34729c975673bc0a,1,0,5,1,2,5,0,0,7,7,6,1,7,8,12,12,0,24,0.5,True
training_24,train_0209,1b97767a77f67aedea50c628f9767d20f4a44291d4f5f303848f93d5bf9eec86,0,2,3,2,2,5,0,3,7,7,5,1,4,4,12,12,0,24,0.5,True
training_24,train_0210,c4a702a1b1b89cdbca32971095a9decfee2e1a76a494a4e603940bc784c93f59,1,3,5,2,6,6,1,1,7,7,8,2,5,5,12,12,0,24,0.5,True
training_24,train_0211,f8f3ee3e53ca3497420539b3e00399b21c59983cfd8807d60cf8e2857ad10d5a,0,2,4,0,0,6,3,5,7,7,6,8,12,14,12,12,0,24,0.5,True
training_24,train_0212,407f09d418c47551e13f70d5e0072450eed5e63995aa63487a2a2678c64f419c,4,3,0,3,6,3,5,5,7,7,2,3,6,7,12,12,0,24,0.5,True
training_24,train_0214,6495c5d836517a71e9da1bd584bce7965bc2a5f889ae3c41a7ace0d6cc4780ab,2,1,1,3,5,3,5,6,7,7,7,8,6,7,12,12,0,24,0.5,True
training_24,train_0216,a98e5cd8bd919c408d36c136bc9c5d181e44a389da14e9ffd6fbe9e91f059390,0,3,1,0,4,5,6,3,7,7,8,8,8,8,12,12,0,24,0.5,True
training_24,train_0217,c5e21c548657961b609e8480a0b03f860ceef32e23c6f5c4c9d0f5f055d574a1,3,6,2,2,6,5,0,6,7,7,4,3,7,8,12,12,0,24,0.5,True
training_24,train_0218,f0490d3eba8a81c481b94e3af570ddb57d1183b0b90d4bda4673e52ccf48044d,3,2,6,6,0,1,3,0,7,7,4,4,13,11,12,12,0,24,0.5,True
training_24,train_0219,2af44b0a63504549cec34896d206b0de670ccf4054443ed4a9507cb847f165e0,4,4,4,2,1,1,6,0,7,7,6,6,4,4,12,12,0,24,0.5,True
training_24,train_0220,841097537dc8b5dc43db1820ac82563c7977d305246adfc7b400ce68681da73d,3,6,0,1,3,2,1,4,7,7,8,4,4,4,12,12,0,24,0.5,True
training_24,train_0221,9c57d8be69ff37ea873b656cd829745f87fbb99dae433c5e347872740992d6b6,0,0,2,6,3,2,1,1,7,7,5,2,9,8,12,12,0,24,0.5,True
training_24,train_0222,06ca9a8bae74248f31b7bdde9af97af517a3b8454dcbbfd197a00dde72b00ade,6,1,4,0,1,3,4,6,7,7,7,7,6,6,12,12,0,24,0.5,True
training_24,train_0226,644d8701840c545ee3a070d603fd7557361627f21305d8d545f52fc580187adf,5,0,4,2,1,1,6,0,7,7,5,1,4,4,12,12,0,24,0.5,True
training_24,train_0227,2d4da4aed29113659cf6fddb50d2e0e51f78af881878424b5c6ebbb3c6de2c75,3,3,1,5,4,1,0,0,7,7,3,8,7,6,12,12,0,24,0.5,True
training_24,train_0228,f3e96162632184887b3625458057d42d5be356bf0b73ad1776c216bc0b6e1858,1,2,6,0,4,6,3,4,7,7,7,4,8,7,12,12,0,24,0.5,True
training_24,train_0229,c9899cff4e263128ece981f0de3ac030f21190f588224deaeda180ef142604cc,1,3,2,0,3,4,0,5,7,7,3,3,7,7,12,12,0,24,0.5,True
training_24,train_0230,9ecc6aec2d2dfe5554bf15fb4517965d2bd42c7dd8daacca8bb88a8cff2507fb,4,4,5,6,3,4,5,2,7,7,1,3,4,4,12,12,0,24,0.5,True
training_24,train_0233,a50ff3671ca1164f549926c4bba177e8a2d3cb1087a61d650a50c721725ceab1,0,2,5,2,3,6,0,0,7,7,7,4,6,7,12,12,0,24,0.5,True
training_24,train_0235,8a68c1677ccf9701f2bf234d7ab83d558f8dc7b5aefc13adad58a03615b34cec,4,0,2,2,6,6,2,6,7,7,8,8,8,8,12,12,0,24,0.5,True
training_24,train_0236,9a1919909baaa384c1d26e86d1e6006f8b45aa9a70c7d57ae97085d020e64440,5,4,4,2,6,6,0,4,7,7,3,7,6,6,12,12,0,24,0.5,True
training_24,train_0237,5648c0b9f362130903b0b1902dcae7a77fd6ad1a4f85b9ec5586f97d7cbb5e4f,2,5,4,1,6,3,1,5,7,7,8,1,8,7,12,12,0,24,0.5,True
training_24,train_0240,67029fb056a33fcbf6e8986e9262b4de230e37604ef17275364d261f17425b43,6,2,1,2,4,2,0,0,7,7,2,8,5,5,12,12,0,24,0.5,True
training_24,train_0243,c6af4cb5c7f51913aa3cbca1721f149cb39ef69d4ab71529c10a6f0083a8fd06,2,2,5,1,1,3,4,6,7,7,2,6,6,6,12,12,0,24,0.5,True
training_24,train_0244,fea4088dd6135b99d275fbef0846142161209239a10aa4e65eb6c63ad69ad0c2,3,6,0,3,6,3,5,0,7,7,6,8,8,8,12,12,0,24,0.5,True
training_24,train_0245,29393554a43bacad6622b3c4040ed1dcd0c1af57722f4075363c80406bcb50ce,2,1,4,3,5,0,1,2,7,7,4,2,4,4,12,12,0,24,0.5,True
training_24,train_0246,c6b9dcc1f37d9cc788ece2fbcc1a41fe3043d884899f61b293b48252925d2212,5,3,0,1,4,6,5,4,7,7,4,1,9,8,12,12,0,24,0.5,True
training_24,train_0247,e4cdca3f4af46bc3370910c1b2bd8a07f9d9a7a30c008f4e26ba5a7aa7137516,6,1,1,4,4,3,2,1,7,7,4,8,4,4,12,12,0,24,0.5,True
training_24,train_0248,a83f6ea7aac5e15266fa1cdd2b339e4976116c985e95e0c908779700512c04a4,0,5,5,5,0,4,3,0,7,7,1,8,8,7,12,12,0,24,0.5,True
training_24,train_0252,ec1c882a042be8df6dd01e45ceb50708fc42fee06334c2154d4182040d068fd1,3,1,0,5,4,5,2,0,7,7,7,2,6,7,12,12,0,24,0.5,True
training_24,train_0259,31901ba27782fcc7f94f5dc80517517551159f2f9b3e8822559c9618c87db362,0,0,4,6,6,0,2,1,7,7,8,3,8,9,12,12,0,24,0.5,True
training_24,train_0260,c54fecd916669466591892ec2dc00d2f7a125e8e853757198d4fa4c57e9679d9,2,6,0,0,3,2,2,4,7,7,5,2,7,6,12,12,0,24,0.5,True
training_24,train_0261,e07752377bafeaf82fb6377cbc7e1d640e09715e0ea0d8b1cebd5529bbe27021,0,4,6,4,2,2,1,4,7,7,4,1,8,7,12,12,0,24,0.5,True
training_24,train_0262,4936893975d6ac59c3d7f6560982e6067a476bf3ef7dc40a199cc9be5f30da23,3,4,5,0,4,5,2,4,7,7,2,1,6,7,12,12,0,24,0.5,True
training_24,train_0263,ebaa315e0d486bad6959ee4f272e5a879609b17a49785c33baad01546d1bba10,6,4,3,4,5,2,1,6,7,7,3,7,4,4,12,12,0,24,0.5,True
training_24,train_0264,ba1579482ed7cb6911a732b4505f8efc545ca07e8925e2763fe9d1ca43784a0f,3,1,5,2,0,4,1,6,7,7,6,7,7,8,12,12,0,24,0.5,True
training_24,train_0269,922149e849301c77cc6024d0929665a20a3b5495a9d1919cff3087f3283c3a37,5,3,3,4,5,1,0,6,7,7,2,8,5,5,12,12,0,24,0.5,True
training_24,train_0270,dafa8135dc47f87a9e34a37c3f2c0db77df108bfdb4fd4642379229e409d9604,5,2,0,2,6,0,4,5,7,7,7,4,8,9,12,12,0,24,0.5,True
training_24,train_0271,c8ab51c93e8ab6a699aae2c6ee047972ecd7156749d184c390858ebac72b91f2,3,6,6,2,4,6,0,3,7,7,1,6,6,7,12,12,0,24,0.5,True
training_24,train_0273,a965fa5fedb82e06df20de056d60cd5bfad8cadc8a24fda8cf4c8d8edee575b8,3,2,4,4,6,2,2,2,7,7,3,1,4,4,12,12,0,24,0.5,True
training_24,train_0275,aa8db80f7c802b4ccf39bbf0d0c2d76321e3bea4f3a662b7963da226c02271a1,0,1,5,3,1,5,2,0,7,7,5,3,6,6,12,12,0,24,0.5,True
training_24,train_0276,e671fe8116baa9d28304ad2d258c039923ef4fc6eee9160166ce9479590c58e4,2,3,6,3,5,1,0,3,7,7,7,4,9,8,12,12,0,24,0.5,True
training_24,train_0278,ce36966299de7f610734a944ec9aa14f55237c2f52959550e2a3c836728bae9f,2,1,2,4,4,6,2,0,7,7,7,1,4,4,12,12,0,24,0.5,True
training_24,train_0281,4323587f42e278cddd1d4d9c6a485e55bab3fad8a8e35414f33da9d65e0701ac,3,2,1,4,4,0,6,6,7,7,3,7,7,7,12,12,0,24,0.5,True
training_24,train_0282,5a33ddcfe154f477bcc330b17e62bca835156df978e75930776dc76cba19a8ee,3,2,3,6,1,2,4,1,7,7,4,2,6,6,12,12,0,24,0.5,True
training_24,train_0287,03ebddbdb01ad7765d47f2f1b56a5778b3cdcaf034ab65d24300cf3962cfc2ba,0,0,1,4,0,1,5,2,7,7,1,7,6,6,12,12,0,24,0.5,True
training_24,train_0288,13575f9b51b890d9e71701b91a28c5d11c1a7c0e99a6bde354beb26b15c9dcb8,0,1,3,0,3,6,1,5,7,7,8,5,6,7,12,12,0,24,0.5,True
training_24,train_0289,7381c7f6057093188b4360f902899ef941ba119017e2832a58dfb591bb6cab15,5,4,0,4,4,2,6,4,7,7,3,1,6,6,12,12,0,24,0.5,True
training_24,train_0291,0b650585a97b1f0c1dd89cc8f86d067877c459f558f1801cf79cf145ff825d79,3,4,0,1,3,6,6,4,7,7,4,3,8,9,12,12,0,24,0.5,True
training_24,train_0292,0b4b25c7ef351e47c6b7b515ebf2e739fc8bd28a2d2400a6cdf1c73698c53528,3,3,6,2,2,6,1,3,7,7,4,2,12,10,12,12,0,24,0.5,True
training_24,train_0296,aa7c25a6aa23ba1dc3ea57134bf9b21a2acfd3c71b3cff7183247269bff9fb6b,2,5,4,4,2,4,2,2,7,7,1,7,4,4,12,12,0,24,0.5,True
training_24,train_0297,7282b21954b324d6e8df33e1d0c20f8b67330c4aca74e3220f2ed760c50742c5,4,4,0,5,6,5,2,2,7,7,3,4,8,7,12,12,0,24,0.5,True
training_24,train_0298,4782ee9fbf1696bdfda3586e8ee9722ccc09fdf25d264c1a33b87ce76ce3449a,0,5,3,4,1,2,6,5,7,7,4,8,4,4,12,12,0,24,0.5,True
training_24,train_0299,bd80c580a85511371f8292abc7d8a85f1467961df54edc95c0bdccf12ffb82db,5,2,1,4,1,0,6,6,7,7,6,7,6,7,12,12,0,24,0.5,True
training_24,train_0300,32305e017aed10a0945d59cf05cf9e1c4ac015dad6cd506b6f434c47e4fa7097,1,3,3,5,0,4,6,4,7,7,2,6,4,4,12,12,0,24,0.5,True
training_24,train_0301,0f7c6cfc4e76fccf89c0f4d5fb58989f531adb69014012c1180f19b0de065679,0,1,5,2,0,0,0,5,7,7,1,4,7,8,12,12,0,24,0.5,True
training_24,train_0302,09b5434c0ab9ea68dbd61757f933bce4a5162d2855e08941c5e3c68228981fc3,2,1,6,5,0,2,0,5,7,7,3,6,9,10,12,12,0,24,0.5,True
training_24,train_0303,548876ffb3e29f2fc1ec1d81b42f4e4173b48a556c668232690d6b3d426eb542,3,3,5,4,0,5,3,6,7,7,5,5,6,6,12,12,0,24,0.5,True
training_24,train_0304,2519f94aeb8d051e0bdca362169df5b04fbaad4c560769af65f29a5308d389e8,1,5,0,3,0,6,5,1,7,7,2,8,7,7,12,12,0,24,0.5,True
training_24,train_0309,568b063547fd7b4ed462676ff3d6bef601eb0fd0821d259176d12dba2966dfce,6,5,6,3,1,5,2,1,7,7,5,8,7,6,12,12,0,24,0.5,True
training_24,train_0310,e4f17cbf47a4191a248a4d2dc5e569fd8bb9554eb025bac1a3b6891f26f90155,2,3,4,0,0,3,5,5,7,7,4,5,7,6,12,12,0,24,0.5,True
training_24,train_0311,d2ad3873a01c6ff6a7187ff94fd7c9cac176845fa2359248dd67a938a1a3a473,2,3,6,4,0,3,1,1,7,7,2,3,7,8,12,12,0,24,0.5,True
training_24,train_0312,4b15f118be75587a494677f5091241cc411ee65db281711e0a165bf69a605c79,5,0,4,6,6,4,3,3,7,7,5,5,4,4,12,12,0,24,0.5,True
training_24,train_0314,bfca940d33951b6d8a37a5501689a48a5d09b5ee90465353a6063c3d10951453,5,3,3,2,0,1,3,6,7,7,7,5,4,4,12,12,0,24,0.5,True
training_24,train_0315,f7b82e76001b6fef63318c7d4b0bccc3b7e4fba562c66b1dcf4985e5e57a1fd1,6,2,3,3,5,6,6,1,7,7,5,1,5,5,12,12,0,24,0.5,True
training_24,train_0316,4a524641f4811f6aa2cc0ae87c0f3e0894a1eab9cb9a4b655cf7665f9f85ab12,2,2,6,4,2,3,1,6,7,7,1,5,7,7,12,12,0,24,0.5,True
training_24,train_0319,bc30ad596118ffb34990628ad662b018f3db07b6823a3c7454a4a298d45e2616,6,0,4,5,2,1,6,1,7,7,5,1,6,6,12,12,0,24,0.5,True
training_24,train_0322,a84409e9486e3e8ea52818749ad46ca16321e1bd6f8c363b5c21ba160adc7dc2,0,6,3,0,0,4,2,3,7,7,2,5,11,10,12,12,0,24,0.5,True
training_24,train_0323,86ac5d503bbbb880e67d7ca3a42340c0273a0aafce3071daeebe0ad28ecd8acb,2,1,4,5,2,2,5,1,7,7,1,7,5,5,12,12,0,24,0.5,True
training_24,train_0324,ee83067c9c78c20c59c536874c1b930142f1bfdc03e5a3ae2721c50d20c41718,3,5,0,4,2,0,5,4,7,7,8,5,6,7,12,12,0,24,0.5,True
training_24,train_0325,2f8e92a88f3d8a38437fd2fe249d51cc2b913f7b6ca9e3794162c6673b17453a,1,1,0,5,3,2,2,0,7,7,3,2,6,7,12,12,0,24,0.5,True
training_24,train_0327,08f8729b916d8e68e6ab55be5188adeac0512ab6e24ec9ec01a483df9397963b,1,2,2,0,6,1,3,4,7,7,6,4,5,5,12,12,0,24,0.5,True
training_24,train_0328,d1f68273cd978c59033a37cdb36507463020c7da56aa8cfcd9e9e9abce4c3ebe,3,3,6,5,2,4,6,0,7,7,2,8,5,5,12,12,0,24,0.5,True
training_24,train_0329,d8d7db4680e2adc5207ad19fb9f0b803e3cc92a02d5ba0e6d1024952b2cd9246,5,5,2,4,4,6,0,2,7,7,2,8,4,4,12,12,0,24,0.5,True
training_24,train_0330,474b5849605f1af1759d808ea529a26614f767fa53e447ecb4618c52458fc823,1,4,5,0,2,3,4,5,7,7,2,6,6,6,12,12,0,24,0.5,True
training_24,train_0331,8b8965191b7efa1466284be8e202ad66e73b7dd2d5f45e6495bd2fc7c1e74d08,4,5,6,2,3,5,1,4,7,7,1,4,6,7,12,12,0,24,0.5,True
training_24,train_0332,3de35a07093fbc58fa9b81456acd9dc5a16ceb7ebbafbd6cc2fb6669fb5c5061,1,0,5,3,2,4,3,1,7,7,7,3,4,4,12,12,0,24,0.5,True
training_24,train_0335,6f256bb8841a1ec0311c9518fda7017b69d87786e86d97ceff70131039859017,1,5,5,3,0,1,4,0,7,7,5,8,9,8,12,12,0,24,0.5,True
training_24,train_0337,cb0697eecd7b6758a02b27b3dea65ce6851535cee5713a388ec33dedfa980438,2,2,6,6,4,6,3,1,7,7,6,2,8,8,12,12,0,24,0.5,True
training_24,train_0338,3164999d9a350417f42653e0e012a4dce4f4d55f9af41ba3c3a02546f246fd1a,1,5,3,3,2,0,6,4,7,7,6,8,4,4,12,12,0,24,0.5,True
training_24,train_0339,801a63f66e14e4dff364b38fc621f6032379707e7ad53cf2269d246acf534798,3,0,3,4,0,0,1,2,7,7,3,4,9,10,12,12,0,24,0.5,True
training_24,train_0340,3b3ce46aa79d2e99f99703c67b2a886c388a4ba988c6d5a0560f3e5d86f8493d,5,6,3,4,0,5,4,1,7,7,6,6,4,4,12,12,0,24,0.5,True
training_24,train_0341,07f5f924520f59e32135f7c2ad5eb4fc876f28433a206b8044adcc531619f4e6,2,4,4,0,3,5,6,5,7,7,2,5,6,7,12,12,0,24,0.5,True
training_24,train_0342,53c8aba0e256b652188942d13bf7c2ada209aef66a9a5c1117eccb4ae956a29d,0,3,5,4,0,2,0,5,7,7,1,4,7,6,12,12,0,24,0.5,True
training_24,train_0343,ba598e96b912905b5fc32334a9ae4823f3bfb09a621b71fe0339bab94395e8d5,2,5,0,4,5,5,5,1,7,7,5,7,8,8,12,12,0,24,0.5,True
training_24,train_0344,aadf820178a1bc48f949ef2457ba2e5b0fe14c3b0cf76421218186ad58bff627,1,1,4,0,0,3,6,4,7,7,3,8,7,6,12,12,0,24,0.5,True
training_24,train_0346,027c26c2a0503c4310951a3676f7fadcc1c17e832e99b464f8afe205245c958b,4,2,0,6,2,1,5,3,7,7,3,2,7,8,12,12,0,24,0.5,True
training_24,train_0347,60b0adf4ecdb8f609f3baad0a3d0e42a5f9d992af711c4dfd2155dfe3ba5df8b,4,5,6,4,4,3,1,6,7,7,4,4,9,9,12,12,0,24,0.5,True
training_24,train_0349,b92def1a7d004f8788b799375d089ec48b3c3500fd5eee0aa4c6f855e0d95e0e,1,1,3,0,0,3,5,5,7,7,5,8,6,7,12,12,0,24,0.5,True
training_24,train_0352,4ae0bf239bc2a0af2313c3396709ade4548d009761982d71f4ecfd5bc650ffee,5,1,3,5,1,1,6,2,7,7,8,2,6,6,12,12,0,24,0.5,True
training_24,train_0354,e7cb9fb95cd10ee8602ec0f0e3c00a51b23a748f773aa4d98eee9221989ba0cb,1,2,6,0,3,5,1,1,7,7,5,1,8,8,12,12,0,24,0.5,True
training_24,train_0358,3afe4b8da941e7fdc4ccebdd4c45c17c81bc3a1418cf5ad732148c15d4030d82,1,6,4,1,6,6,1,5,7,7,7,1,7,7,12,12,0,24,0.5,True
training_24,train_0362,4dbc24fcdfa05f497aef78066e373378a553f44dce0bd318ca23d931dd83978b,3,2,4,6,2,4,5,3,7,7,3,5,4,4,12,12,0,24,0.5,True
training_24,train_0363,2a91dfd1c230a6e5e09a9e035673321648b59bd74ff7cc9d43a4560403c28b32,5,3,3,4,1,4,2,1,7,7,5,5,4,4,12,12,0,24,0.5,True
training_24,train_0364,aeaccffb93368dad9ced5f63784eea716c15cc55f505df060512b6380eeef897,4,6,0,3,3,5,5,3,7,7,2,4,5,5,12,12,0,24,0.5,True
training_24,train_0365,3d4d26bc97d943c15c3454fec5c396ff97a8da01b88666d038109a65a4a5c51f,2,1,1,6,2,0,5,1,7,7,1,5,9,9,12,12,0,24,0.5,True
training_24,train_0366,1d33a88aef3d08d17acb4b925ab27f95142f9824b0f37406537a46c727c7c962,2,3,5,4,1,0,1,4,7,7,4,2,8,8,12,12,0,24,0.5,True
training_24,train_0370,3a8747b2052c3aa5152470bb449bf7a5e98648f6cf0714cfc3188c0cf64ed715,2,4,1,0,0,3,5,2,7,7,3,5,6,6,12,12,0,24,0.5,True
training_24,train_0375,efeb3cd87cee0ccd7d3ea0b998602698520fa577644fae67e6ceb1de1da0190b,4,4,2,0,2,5,4,6,7,7,3,2,11,10,12,12,0,24,0.5,True
training_24,train_0376,925e4df29c76d195d9cf1fde75a75cfa02f21cf9682800d50d445dacd68de047,0,0,2,4,4,2,2,0,7,7,6,2,4,4,12,12,0,24,0.5,True
training_24,train_0377,62bb56731ee03fd0b8fdff74d3f5fea2e89a28dc077eaa9f1508b15881b42733,1,2,6,4,2,2,3,4,7,7,1,4,6,7,12,12,0,24,0.5,True
training_24,train_0378,f00ae2e915af6d224d6a805632a8398989c109286d96a9a6f275d3bd92678f6f,2,0,1,6,0,0,5,2,7,7,2,5,9,8,12,12,0,24,0.5,True
training_24,train_0379,ff6d5d26c8a1d117e91cde38facfa8ee6fd4eb1cc708ab2a4d862318ea773f60,4,0,6,6,2,0,1,2,7,7,2,5,10,9,12,12,0,24,0.5,True
training_24,train_0381,779f6f101d9cf4ec4b5796c75dc79e9adc1b825ce4a2a39404ff72515a94a209,1,3,1,6,1,2,6,3,7,7,1,7,8,8,12,12,0,24,0.5,True
training_24,train_0382,b8c7b718bac462e9e3dfb46c94f69d94d228e321ea02e4d89ae230776cfda01a,6,1,2,6,0,3,4,3,7,7,8,4,5,5,12,12,0,24,0.5,True
training_24,train_0383,6520191dfb0d4f6f9dfecca5b0d38b328aade51d6eed2011661f4ba47af0dbfd,1,1,2,4,3,1,5,5,7,7,2,8,4,4,12,12,0,24,0.5,True
training_24,train_0384,eaacd1f8907f4aa5ddfa084811ac952e3b1384f7f1e424974226caab4b30a032,3,2,5,6,5,2,4,0,7,7,2,3,6,7,12,12,0,24,0.5,True
training_24,train_0388,17a4be257154b0504a5df81ec6cd4b25fb67809a450cb90f2af94abe759579f4,6,4,4,1,1,2,4,5,7,7,7,3,4,4,12,12,0,24,0.5,True
training_24,train_0390,65d647c56a74745f5214048a1fb551c7bf0a6e143d9d6cae502a5957d51b3668,6,1,4,0,1,3,6,4,7,7,7,5,6,6,12,12,0,24,0.5,True
training_24,train_0392,49d3f3bc8dcb9cbd32fbf98c5cbf2ba8d404f3db45cfcdf58ec13c43cfc35f7a,4,0,0,6,3,0,6,3,7,7,1,7,9,9,12,12,0,24,0.5,True
training_24,train_0393,1b3685ec22a2620924eb1a8048b0f8bcbb528c5ae03931aa29055d929604a52d,2,4,5,2,1,2,1,5,7,7,3,2,6,7,12,12,0,24,0.5,True
training_24,train_0394,b9d09c2dce1c10901ddfa72b34b383929cd827c77d4e619e0da246f3e8dbf940,2,0,0,6,3,1,5,3,7,7,2,6,8,8,12,12,0,24,0.5,True
training_24,train_0396,3ed4fde8622afe5dbe0ae3062a5d61e7304ad90534edb307d5c03fd6641c9983,5,5,3,0,6,5,1,4,7,7,1,5,8,8,12,12,0,24,0.5,True
training_24,train_0397,7fdd42f3e268b44ec2a260e9bb0473e43eaf2c6e939c65b458558240678397d9,1,0,6,0,4,2,3,4,7,7,5,6,6,7,12,12,0,24,0.5,True
training_24,train_0399,bc2649be725560729032b1f1c9a73d4d8e782153a1183dde67229bb676c0f172,1,5,5,2,2,5,0,1,7,7,1,7,6,6,12,12,0,24,0.5,True
training_24,train_0402,26d78144bbf7aa3548e736970e4655184bd18d50bb01562e9ec821326a5fb9ab,4,3,2,1,3,5,6,1,7,7,3,4,7,6,12,12,0,24,0.5,True
training_24,train_0403,667b99fe1209afb79f0b4db330387fadcbbf228215a6d672512b74956016ea38,3,1,5,4,1,0,0,4,7,7,3,6,8,7,12,12,0,24,0.5,True
training_24,train_0405,4750612b3637aa6abb2f8366ec82e024eb66b06aff5cb43c9d0e53acc2f5a51a,2,4,0,6,1,1,6,6,7,7,4,6,6,6,12,12,0,24,0.5,True
training_24,train_0406,1b0120099f93a00ddb01a563d73f26b01cb8242a7f41e3c6e9d03a2ffeb7d48c,1,5,5,4,2,1,0,2,7,7,5,4,6,7,12,12,0,24,0.5,True
training_24,train_0408,cfabecd8b3f21569c6a385c367bd334c47534d013a711150e0adc2369a6c5d0b,3,1,6,1,3,5,6,6,7,7,4,8,7,7,12,12,0,24,0.5,True
training_24,train_0410,c9cc48ed28e6a2aba80711bd8579f52797034bb34efd8cfa7100beaab46126be,3,4,3,1,4,6,0,3,7,7,7,4,8,7,12,12,0,24,0.5,True
training_24,train_0412,0c2173c2e91cf89cef44ab82936116ece8d8a90526d20a747efa137ab09be3ff,2,3,5,4,0,4,4,1,7,7,3,4,7,6,12,12,0,24,0.5,True
training_24,train_0414,ce764bf66dc3b5ecc914342198069df8a96cc1f631fdc95f6bb98982117bbf9a,1,0,2,2,0,0,0,4,7,7,1,7,4,4,12,12,0,24,0.5,True
training_24,train_0415,8a3278a5fc3e03fd7a8936d7d3f1d136c9c9d8c786bf66ae71f86c1ddd3c0b50,3,0,3,3,2,6,6,4,7,7,7,7,4,4,12,12,0,24,0.5,True
training_24,train_0417,41ae3c9a8639b0ba088991f62410302a0cd7c20a1570f310781a89953d08bd52,4,2,3,4,3,2,0,5,7,7,1,7,4,4,12,12,0,24,0.5,True
training_24,train_0418,d8a2f09c6cfb3b2e218a03829069ad18c14ee89bbc2e9911474f4e61e0ce6d3b,3,4,3,1,5,3,1,3,7,7,5,3,4,4,12,12,0,24,0.5,True
training_24,train_0419,fbbdd9428b1ff88b657d15d209eaf0429ac2d74868266e4a76fedaab82bd1485,4,0,2,6,2,0,6,0,7,7,2,2,10,10,12,12,0,24,0.5,True
training_24,train_0421,42547ec663a263581c1f69d5715c6b57b87bfc530b7f2c1147857760ff5db86b,2,4,5,5,2,2,1,4,7,7,2,1,6,7,12,12,0,24,0.5,True
training_24,train_0422,1fea566884fccc0e1376e481c3a0308af23d72ff9562b61fe5ba3469b88a39ca,6,1,2,2,2,0,6,0,7,7,5,1,8,8,12,12,0,24,0.5,True
training_24,train_0423,da2cc9bb79929fda6e1f84cff0cc242362cd2a0446fab5b3ce398f554d3bd0ef,4,2,2,4,0,2,5,3,7,7,6,2,4,4,12,12,0,24,0.5,True
training_24,train_0426,950c4e8aacdc1201c7efc333f6a6dc5fb154a9a93f9d31ed50cd02164bd9e14b,6,4,0,1,5,5,0,6,7,7,2,8,9,9,12,12,0,24,0.5,True
training_24,train_0427,d93ef187377e2c2aab4d860777dc76c1ee8d422280c69e884fb795c01913e1a8,6,4,0,1,3,2,5,3,7,7,5,2,6,7,12,12,0,24,0.5,True
training_24,train_0428,48303d979697bed0758013d28ec34511420cb45c15fe173d838aad10f2078329,1,2,5,4,0,3,2,5,7,7,2,4,6,6,12,12,0,24,0.5,True
training_24,train_0430,1aa7999d16a513cf1ecf2112527050d79b4a1affdc122469049ca8c367796a26,4,0,4,4,6,2,3,1,7,7,4,2,4,4,12,12,0,24,0.5,True
training_24,train_0432,7d7b211c8ff0683ab98ce43bf4ff60a294d893de8c7ec0e8f2e9b8aca28accf9,5,4,2,2,6,1,4,6,7,7,4,3,7,8,12,12,0,24,0.5,True
training_24,train_0433,8a72d54fe909691b63915a1694cd571ae6c645c89b332ec6bc16f16c3dcc6f74,1,4,6,6,2,2,1,5,7,7,3,1,8,8,12,12,0,24,0.5,True
training_24,train_0435,e17ca56e847d91ca17cd15aa692677c6ae9b2018a60ea0d87b0bed0cbee0515c,3,4,0,2,5,2,2,5,7,7,4,2,5,5,12,12,0,24,0.5,True
training_24,train_0436,89b9a093395dbe4269f33a953c4417270909b8f0374ee54b7db37ea81c966bc5,3,5,4,3,0,6,0,0,7,7,4,8,7,7,12,12,0,24,0.5,True
training_24,train_0437,540cf0cd3032a994cbc4d378e7d2666df8fa81798b93cf66fddf703a6537102d,4,1,4,5,1,1,6,1,7,7,7,4,7,6,12,12,0,24,0.5,True
training_24,train_0439,92a10456f722da3cd2c5a41451f320410109e8c32e659c92902b536ccbe8a3cb,0,5,3,0,6,5,1,0,7,7,8,6,8,8,12,12,0,24,0.5,True
training_24,train_0441,70d80c154d458b7b0828d313c274a8c6369d1860f76857ec85384c3b6d8414fd,5,4,3,3,0,2,2,0,7,7,7,7,4,4,12,12,0,24,0.5,True
training_24,train_0443,b536257b4c99a066e7796f1b5458dbc24919a5e18135bd5a3ff2b7907f66fca2,3,1,2,6,6,1,3,0,7,7,3,1,9,9,12,12,0,24,0.5,True
training_24,train_0444,fb38c72755a0a4d0dfe86f9c582b2f9a2b331568a904a37326aca63f76e2ae91,6,2,3,5,4,1,1,1,7,7,3,6,7,6,12,12,0,24,0.5,True
training_24,train_0446,9853e0e0d955e2fea96d241e4f2f370d34a405ccea4f99c1e8aaa19092f789f5,1,4,6,1,6,6,2,4,7,7,7,1,7,7,12,12,0,24,0.5,True
training_24,train_0448,c6ca53fc84a8deb2a459fffe71dc23d6af3ae371cfe934b8005e8dbaec586a42,1,0,1,6,3,0,6,3,7,7,2,8,8,8,12,12,0,24,0.5,True
training_24,train_0451,be2c5bd44079c26e1a22d20b070d17e17afcc0ab5f1d02d8fae016104ae6ff29,5,4,3,1,4,4,6,2,7,7,1,3,4,4,12,12,0,24,0.5,True
training_24,train_0452,94c04af0ed4bbc7112a818fe7d373dd679ba6f18f605e4c172499aa3b2ca1426,0,4,5,0,1,0,6,5,7,7,5,7,6,6,12,12,0,24,0.5,True
training_24,train_0453,f9f7d76a7680ebe754663d6cea513a963041bb985b9830613888291c312e686e,3,5,0,1,6,1,6,4,7,7,7,4,8,9,12,12,0,24,0.5,True
training_24,train_0455,cdbb0eb693bf96de30d3b716132a85a0c3e49f315ea7fd58d10925c9b0f995ca,5,4,1,5,4,1,6,2,7,7,4,3,7,8,12,12,0,24,0.5,True
training_24,train_0457,e89c9995b9cdc3e872c125bd376d6109f27cbcca2ff8d9039309b365c3b7cddc,3,3,3,0,5,4,2,5,7,7,3,3,6,6,12,12,0,24,0.5,True
training_24,train_0459,a2486b9f686ef33c36d2b5e7dee73f016dc21bdfdd0eba1566141800248c6adc,0,5,4,2,4,6,1,6,7,7,5,2,6,7,12,12,0,24,0.5,True
training_24,train_0460,34d866efa6e5a00aabca304dc24778352c0fbaa14c448f95aadc9c5a6cc65777,2,3,6,1,3,0,1,3,7,7,4,1,6,7,12,12,0,24,0.5,True
training_24,train_0461,00ff4020fe7389eba9a404f6273d03369b1121346de798e18c65657b3f693642,5,5,5,2,2,1,3,4,7,7,7,3,4,4,12,12,0,24,0.5,True
training_24,train_0462,a56435418ab64f6bcabe52f76513b99643333be9898843cb533899752bad9d2c,1,4,6,4,1,1,0,3,7,7,3,2,8,9,12,12,0,24,0.5,True
training_24,train_0463,f29be8629f41aa5421ec69bf8bbcf5b0cdc3376a8ecd4bdffdcdb8c7d8f4e10b,6,4,3,3,6,2,1,5,7,7,2,6,4,4,12,12,0,24,0.5,True
training_24,train_0464,09bf19fa5fce255d605590daf66466237dee35454ae412f309c045f0409ae05e,0,1,3,5,1,1,5,0,7,7,1,6,6,7,12,12,0,24,0.5,True
training_24,train_0465,c36f76e090b4f56a0227cbee7053ae3f51b08043258d3522d6a142ad54dd1d77,4,0,0,0,5,4,1,5,7,7,5,8,9,8,12,12,0,24,0.5,True
training_24,train_0466,2cdfca19f3ad14ac77153c9e49fca02143d5e8d7641eed64e206c4c31b8b0b45,3,4,5,5,0,6,1,3,7,7,5,3,6,6,12,12,0,24,0.5,True
training_24,train_0468,db9357f21aa86729007a54b2c28093fb67a88fa01ca068cc426ccf6fdc15f211,0,2,1,4,3,6,1,0,7,7,7,3,6,6,12,12,0,24,0.5,True
training_24,train_0469,b206c0f077aa3c3682213c19be40b54c39300c6422d1fb86e550a49fd8494d05,6,0,5,4,1,2,0,0,7,7,7,8,8,9,12,12,0,24,0.5,True
training_24,train_0470,a725ffdca6392ef723feef153b5f0c05d2bbeca2a4eb762ab4568599e45100c3,3,6,1,4,6,1,4,0,7,7,8,7,8,7,12,12,0,24,0.5,True
training_24,train_0471,138d2c967988db46b280fb047ac2530d532cd3a163a9ef5746384b5e80bbdc8f,5,1,2,2,0,4,4,0,7,7,8,2,4,4,12,12,0,24,0.5,True
training_24,train_0473,47006f4c0d5d7b1259130929231e6c0ab73f2f7d63829c1ebc158bd42b271869,2,6,0,1,3,4,5,2,7,7,3,7,6,6,12,12,0,24,0.5,True
training_24,train_0479,830a4b58c7f21f642b1035278b0c7b1aeb88880c94f257a31cc477f7485a77f9,2,4,1,6,4,4,2,2,7,7,4,2,5,5,12,12,0,24,0.5,True
training_24,train_0480,5f01bc0e43c1d80bb9c409d5b9f676d36a5c35c15460c301b9d60a95cf4e40fd,6,6,5,0,4,5,3,1,7,7,7,8,6,7,12,12,0,24,0.5,True
training_24,train_0482,47ad0773374f02bf48d7536787cd389aefc5ea5ce1ffb4dd59592f14106ea29b,5,3,0,2,3,3,4,0,7,7,4,4,6,6,12,12,0,24,0.5,True
training_24,train_0484,f83d71316aa67afbc76cf1a9ee6d75e843f7ffa5cd6f8ff3b21fa01c23013f2c,2,4,1,6,2,1,4,2,7,7,3,4,6,7,12,12,0,24,0.5,True
training_24,train_0485,4ac6dda80e8a1adadaa9a8bfd1bc7e6e0b7160719767d8ecc022656c5c081618,2,4,6,2,1,3,2,5,7,7,2,1,8,9,12,12,0,24,0.5,True
training_24,train_0486,cf4bd654504964c79ee1a2def969185846a7a72786c3d6c2a69143dd92130d82,2,4,6,6,4,2,3,5,7,7,4,2,6,6,12,12,0,24,0.5,True
training_24,train_0487,196fc610cc7a4335f94fb83fe6e24a73516d20b19488d6e08051665ba9b544b0,1,2,0,6,1,0,4,4,7,7,4,5,7,6,12,12,0,24,0.5,True
training_24,train_0489,05386b12d1c5aebae34cb01e0dd4b710fdf7d854952c830668ec05aa0a0f6a4f,3,5,5,0,0,0,4,5,7,7,8,1,7,6,12,12,0,24,0.5,True
training_24,train_0490,916968e63282c51253c63fe19a2da8ff9cb55662379f3e3133aea75c95d9611d,0,0,4,2,2,4,1,1,7,7,6,2,4,4,12,12,0,24,0.5,True
training_24,train_0492,c452d57330096ac4728b61946ee111e61cbb52d622fa0aeaee16f498ac246687,4,2,0,0,0,6,3,2,7,7,8,1,6,7,12,12,0,24,0.5,True
training_24,train_0495,5388e0a2138f956dd8d0769413b5e3fe14ff5406b51da312a2051b882666f329,1,0,6,6,1,6,4,1,7,7,8,4,9,9,12,12,0,24,0.5,True
training_24,train_0499,4d67487cfe1c15e191af96a7dc10c819df82ef69095a3278465baa6f104776c3,6,2,1,4,4,6,4,2,7,7,6,4,5,5,12,12,0,24,0.5,True
training_24,train_0505,73534d237fffcb8824ed133b4a30265a68a3edcc9833809c06a855ed4dac296b,5,3,6,1,0,2,1,6,7,7,6,7,9,10,12,12,0,24,0.5,True
training_24,train_0506,2f581c7b622cb5cf6db53ea90d95a8da41d83116fa6f1a28d36f226b2d851021,2,1,0,0,3,1,1,3,7,7,1,3,4,4,12,12,0,24,0.5,True
training_24,train_0508,c874bb2f87f9b6e49994a2fde480083e1de9db4533c117431afebaebb4fd67b0,0,1,0,5,4,5,2,0,7,7,8,3,6,7,12,12,0,24,0.5,True
training_24,train_0513,218a0203f91de4850b0c1a807bedb8c19dc19b2fd29cf5deec6c01101f4d50db,6,5,2,4,6,6,6,1,7,7,1,4,6,7,12,12,0,24,0.5,True
training_24,train_0514,79ec175314457e2614f51bb0609ae31b432ccdc3fddc4632e0f768d392e653ac,1,2,5,1,0,0,0,3,7,7,3,2,6,7,12,12,0,24,0.5,True
training_24,train_0516,09c26d391499bf97fd6e428017b49bd88b592b5377fcb80d7d26e5b55758d479,3,5,5,0,5,6,2,4,7,7,5,2,6,7,12,12,0,24,0.5,True
training_24,train_0517,41d3a576bfb767132fcbd34c7620600e6cdd9881720cb31089342f4aa0ef8c5f,3,3,4,6,0,4,4,2,7,7,4,6,6,6,12,12,0,24,0.5,True
training_24,train_0521,40af501f29ba7e8e83ca8d17bdff37be3801ea26da8b8e9cd944f9d87fd938b2,6,5,4,0,3,5,1,3,7,7,7,7,6,6,12,12,0,24,0.5,True
training_24,train_0522,1f2ebcae1914baaa5354051ffa3bf53c118ad0a35cbdfbbb3c3500abc06bdeeb,4,5,0,5,3,0,5,5,7,7,6,1,8,7,12,12,0,24,0.5,True
training_24,train_0523,2f2121e17cdef7708763c2f45bc571c56ae3fb445f45ecd838992042ae2dee44,3,2,0,1,5,0,6,4,7,7,4,5,8,9,12,12,0,24,0.5,True
training_24,train_0524,480eb0e01ec7bc32eca025e34695a869f100d6d65ce7a40750fa5a25ccb1c56a,6,4,0,0,2,0,5,6,7,7,8,3,12,11,12,12,0,24,0.5,True
training_24,train_0525,ac8adc0ab07bb0e0e4525f4936b8c44ef5f836fd252914512beb411d5b96ca5f,4,2,2,5,5,1,0,0,7,7,2,6,7,7,12,12,0,24,0.5,True
training_24,train_0526,c8429c84cbf47495551c34923bd2102b0b2ef8405f549fcaeaf73a2cf7460b72,3,1,0,2,0,6,3,3,7,7,8,2,4,4,12,12,0,24,0.5,True
training_24,train_0527,833c717a403ac1a1b98fa53e4cb5aec34b0041dc1ecda508297e0dbdac988b11,2,0,5,6,3,4,6,3,7,7,5,7,4,4,12,12,0,24,0.5,True
training_24,train_0528,412d7723bfc2eb982012c4a76998ce479662e327015772764d51417023e51033,0,5,6,3,0,6,0,3,7,7,1,2,9,10,12,12,0,24,0.5,True
training_24,train_0530,835fa9c55c8edce4883577b0d90589dfb4203d0778eb073211ad35f117962219,3,1,6,0,3,6,0,3,7,7,7,5,9,9,12,12,0,24,0.5,True
training_24,train_0532,94272a0547cf815769904d1fb30659c42d967a4fa091e894336bfb6f6e746cde,6,0,1,4,6,3,5,6,7,7,3,7,6,6,12,12,0,24,0.5,True
training_24,train_0534,a7d780a5e6855236b70b844fca156ea5be507a433c3c827c1111043bc7587308,4,1,3,4,1,0,6,3,7,7,4,4,6,6,12,12,0,24,0.5,True
training_24,train_0537,5843c72b812c4605f71360d39e03900310caa7bbadf83c551ac204fec6a7a2e5,0,1,6,0,1,3,4,5,7,7,3,8,8,9,12,12,0,24,0.5,True
training_24,train_0538,72abc01c0a058516119cf478eb630397dec320c7cc510087933a52a82be0ebe4,5,1,1,0,5,4,3,5,7,7,3,6,8,7,12,12,0,24,0.5,True
training_24,train_0540,5f2e315a27fff9e8bcffc88650e087af7fc5488d3f81883ffd3d853ee3c30dc5,5,1,2,0,2,3,6,4,7,7,7,4,9,8,12,12,0,24,0.5,True
training_24,train_0542,e33291616a6a5921dcf44eebbc1024105d2028a1d8264130abd5727dd1d23ed0,6,1,0,2,5,0,3,1,7,7,2,3,9,8,12,12,0,24,0.5,True
training_24,train_0544,bf634d81053920a136981555a6e47616c3f032ad590b14c12877d34a766c76a5,1,0,4,0,0,1,3,5,7,7,8,7,7,6,12,12,0,24,0.5,True
training_24,train_0545,194e61eb15cf48190a8a2400f189873ea0092a1134dd9e1878fd6023b4a73f63,4,4,2,5,5,4,3,2,7,7,1,3,4,4,12,12,0,24,0.5,True
training_24,train_0546,e77cbab1504d561680b11cff7024de32d50999520c40baf2ed8a3a773f3f1770,5,5,5,3,1,6,5,6,7,7,5,1,7,7,12,12,0,24,0.5,True
training_24,train_0551,4544e8ee105469103a8cc43c8fbbb7aa10f5cec4d05e4c70d1fdb8d5f68422c6,1,4,2,1,3,6,5,5,7,7,4,5,6,7,12,12,0,24,0.5,True
training_24,train_0556,e9943ddc20cb515c65d25529ec5a7bb61a1c1e35a142e4bff0ded34a4a1a88c0,2,6,2,3,3,0,3,6,7,7,7,1,4,4,12,12,0,24,0.5,True
training_24,train_0558,5214da71e52a5ca22cd9d9a3b0fe61478e7453c3682ca8865c6ea6c93dba22bf,4,4,4,6,1,5,1,1,7,7,8,6,12,10,12,12,0,24,0.5,True
training_24,train_0559,0a9308fa318f945a8aaa296978df312ce23c09674cc654c8ff654e930163de9e,4,3,1,4,5,5,4,2,7,7,3,1,5,5,12,12,0,24,0.5,True
training_24,train_0562,bca34b607aebf5adba86295cce7e1b56144bd7334648f60a49a523cb73ee380a,3,4,1,6,6,2,5,6,7,7,5,4,11,10,12,12,0,24,0.5,True
training_24,train_0563,a8ff02868b1e17af82c219f06460353486f9129643bd96f954f572deb3097259,4,5,4,1,3,5,1,1,7,7,1,7,7,7,12,12,0,24,0.5,True
training_24,train_0567,bd28d750d9820e5871308f862213e5ddef5610f7f2fcd6900ea43f3c12eb5ca2,3,3,5,1,0,3,2,4,7,7,3,2,7,6,12,12,0,24,0.5,True
training_24,train_0569,86e8019cdef2a7c816463326d7d0e56c7c16d5836af5e1c05aa87d406ef87b44,3,3,0,0,5,2,6,0,7,7,5,6,11,12,12,12,0,24,0.5,True
training_24,train_0570,456e32bbc7a51a18734cac6d6f910b20e2a18513eb42925d21571b35ff3c2acb,5,1,2,2,5,6,6,3,7,7,7,3,7,7,12,12,0,24,0.5,True
training_24,train_0571,75babdb522bfa0e672eee837b34c459dc0bf331346ea74786eda2a554cee965d,5,3,6,0,4,4,2,0,7,7,2,6,6,6,12,12,0,24,0.5,True
training_24,train_0572,4bc15ff780b317447366a75c97f49333d749008faeb7eaa22603deff746ee108,3,1,6,0,4,2,2,0,7,7,2,2,4,4,12,12,0,24,0.5,True
training_24,train_0573,5ca774558f90230486bd36f0beefb579027fbe4ac1208197ee0c66b176ec13fd,3,5,6,6,4,4,6,2,7,7,2,6,4,4,12,12,0,24,0.5,True
training_24,train_0574,72c6c91261ff668cd51bef714f01ed358bf40ec0e336c409970e64a6a810dc54,1,4,1,1,6,2,4,4,7,7,7,3,6,6,12,12,0,24,0.5,True
training_24,train_0575,2252c70ea0b95eeac281f103bbc8ca780934cc93e148fe357f50a274b4475eb8,6,6,1,5,5,5,2,2,7,7,2,8,4,4,12,12,0,24,0.5,True
training_24,train_0576,a37043ce30b1f9cb2cbb79330fcd006dcb76852beff5d48c5879b8aed0c644a2,4,5,3,3,4,6,0,4,7,7,1,5,4,4,12,12,0,24,0.5,True
training_24,train_0577,a6e05e991e8caa7e89fa6bbf8721f2a7c2b48166065f429079ad9a28fb6c48e9,0,3,5,5,3,1,1,3,7,7,5,1,6,6,12,12,0,24,0.5,True
training_24,train_0579,c457fea4b3e01a98f52460bd9a670687131f504ebd60f3bab81981edc03c7b6e,0,5,5,0,4,5,2,6,7,7,6,3,8,9,12,12,0,24,0.5,True
training_24,train_0582,78982e3300219dde39d64a4087bedc58e932ee1779aa4bbd254ca08057aa0761,5,1,4,3,3,6,5,0,7,7,7,1,4,4,12,12,0,24,0.5,True
training_24,train_0583,6c395021b06a766992ac02594c6425662a297619796eb4c77895d3c9c123b5e9,4,1,3,5,3,1,6,2,7,7,1,3,6,6,12,12,0,24,0.5,True
training_24,train_0585,d7467b77d20087d236c9610ab0718c4268d0d0743287b2b2f40fd52d44691e32,2,1,0,6,6,5,2,2,7,7,8,1,7,6,12,12,0,24,0.5,True
training_24,train_0587,228390694081fbeb7f0e76702fc5125ebc26e9ed61fd4a863857abe162aca5cd,3,1,6,0,0,2,4,5,7,7,4,5,8,7,12,12,0,24,0.5,True
training_24,train_0589,4d0184389f74ee97eedb3f969cc70fc4f7fd95947896bd2d562e03fe11adfde1,2,2,4,4,1,3,1,0,7,7,2,3,8,7,12,12,0,24,0.5,True
training_24,train_0590,cb919927c106dbdbb50b0e73512daa429f10ef57d9dcd76d65c227b25e0e8827,3,2,5,6,6,0,2,2,7,7,7,1,7,7,12,12,0,24,0.5,True
training_24,train_0592,10bde39e74797331635bd316ecc184b54871e5f178275b5000baa8b0bcdad222,0,2,6,3,1,1,3,0,7,7,2,5,7,6,12,12,0,24,0.5,True
training_24,train_0593,e705150f1b6e3d2cbf34a1deb23a1a56d12687b693b9ec17c4056dde598a5a9b,6,5,2,1,6,1,6,6,7,7,4,1,10,9,12,12,0,24,0.5,True
training_24,train_0594,615744f8326fe7f4d4df3cfe0b69b15b21edddbc1abd1488f6a153dafb483d15,6,0,5,5,3,4,4,1,7,7,7,3,7,7,12,12,0,24,0.5,True
training_24,train_0596,b52060179b07e320caa1a967a8a1f38244f58bfbfbd1fb6fee480827201758f9,6,6,1,2,6,3,4,5,7,7,3,3,6,6,12,12,0,24,0.5,True
training_24,train_0597,33d7ce63a27e2f930f0180f2fab4ee43551f5b799ae5e2aadf5f409f9cd8484e,4,1,4,6,1,4,6,3,7,7,6,4,5,5,12,12,0,24,0.5,True
training_24,train_0598,26292d43decfa71080383d75d469eb28c6ef37ebac77afc0e6c2a4744aed934e,0,1,4,4,2,3,3,0,7,7,4,6,7,7,12,12,0,24,0.5,True
training_24,train_0599,727b005870f7ee07e7a99993c9dbf0e3e425f5fa27910eafe99b4f84af63cb21,6,4,4,3,6,0,2,0,7,7,4,8,5,5,12,12,0,24,0.5,True
training_24,train_0600,9683f263dbe7ab70a249dcc41652f544a703cf6135fe92affefb5bfb2c06aa03,3,3,4,1,0,0,2,4,7,7,6,2,5,5,12,12,0,24,0.5,True
training_24,train_0603,0d817cc2ab2a71d6f78c634948e9b90ba9fac29c8d74960e361a60c21a7b2259,2,5,6,6,4,5,6,1,7,7,2,8,5,5,12,12,0,24,0.5,True
training_24,train_0605,a464429bf2476fbe66ee6f8384618072c833b94f792478f4b251ff3129ec9259,0,6,6,4,2,4,3,2,7,7,4,7,6,7,12,12,0,24,0.5,True
training_24,train_0606,319f3e88704e81077b43ceb4c214ef22e8edd711fd0d446cc07ac94f7ffa2224,5,1,3,2,5,5,2,6,7,7,6,8,5,5,12,12,0,24,0.5,True
training_24,train_0609,5cd54b7c1f8b26ef54d34139b0e1441cb36041f4985012cc1e2a5c3f3b48a5aa,6,5,5,0,1,2,5,6,7,7,8,2,6,6,12,12,0,24,0.5,True
training_24,train_0610,7491412313c6df48a7bf291155f80fa8efd9c153e968e6742b90fa4567a0e634,0,1,2,0,3,3,0,2,7,7,5,1,4,4,12,12,0,24,0.5,True
training_24,train_0611,8e546bca9b7d351358b26a676bbdde873282c76a88ccc23c3412f8a570badec8,4,2,6,4,0,5,0,2,7,7,7,4,7,8,12,12,0,24,0.5,True
training_24,train_0612,8141ca57e550559bfba4ffebc0ee7106dea5649efe279a14c3d7949c72fb409f,1,2,4,5,0,6,2,2,7,7,5,1,5,5,12,12,0,24,0.5,True
training_24,train_0616,bfe58076b2b8c746d2b8333fc02c61ff65093bb303f1d86963d0ebb9adb51499,0,1,5,0,1,3,3,4,7,7,3,6,7,6,12,12,0,24,0.5,True
training_24,train_0619,a97638765a4957a77dd3617408112e1da8782493c29aa11d0e86d232cc026650,2,2,4,5,0,3,5,0,7,7,3,5,6,6,12,12,0,24,0.5,True
training_24,train_0621,d050a4ae3393d0311042a73ab24ae7afbefeb08b0f3d78bdfa31a3496efb9723,6,1,2,6,6,2,5,0,7,7,1,2,10,9,12,12,0,24,0.5,True
training_24,train_0624,21397c6304996853f31a17fc87bff5f1cb3352b2c79c3b7c6a33e6d233b38955,2,4,5,6,0,5,4,1,7,7,7,5,6,6,12,12,0,24,0.5,True
training_24,train_0626,1bdda2497efb545eac5f4df02df8e2d3b12f326eba73672ec9dfd8e16eef141f,5,5,3,2,6,1,3,4,7,7,7,3,4,4,12,12,0,24,0.5,True
training_24,train_0628,49e94aa7e53125628cf1c3a6f86fb024934a3250b47dea1cb9aac83ad8422638,3,6,0,6,1,1,3,5,7,7,7,1,6,6,12,12,0,24,0.5,True
training_24,train_0629,c7a6d7b7e18b1a9399a67cdb40fe6506288e0a43cb0a71fc88443aaf1ea74dc0,2,6,2,0,3,6,6,4,7,7,1,6,7,8,12,12,0,24,0.5,True
training_24,train_0631,19807ac94a2cf79431aee0ac55322e4a5c5cfb46c3f738a7d5ce512c29c181b4,5,5,0,3,5,6,6,0,7,7,1,6,10,9,12,12,0,24,0.5,True
training_24,train_0632,dd848a66427cae590d0e6895d23d3e29ee7a8371a1b204b28f20301c72b89d61,3,0,6,0,0,1,5,3,7,7,4,5,7,6,12,12,0,24,0.5,True
training_24,train_0634,764945e84018f2a8c91ef5d74c7b374cf9544ace68f8cd7fb9d207c8044c59a3,3,5,0,1,6,4,2,0,7,7,4,8,9,9,12,12,0,24,0.5,True
training_24,train_0637,54df417b62a84a342c18688d125572978414a212d9ab0864a04e16397c59d942,6,5,5,2,1,3,2,5,7,7,7,4,7,8,12,12,0,24,0.5,True
training_24,train_0638,130bb05ade14f202eefa789f32a900e3bcce09ce01fd8e6a190c3eb9f3331ef5,4,1,5,5,5,1,6,3,7,7,1,4,6,7,12,12,0,24,0.5,True
training_24,train_0639,a580fc020e2dc0d5ec01684bc89645ecb3d5dc13435af31c63cb920644d20615,4,5,2,1,3,6,6,3,7,7,2,8,6,6,12,12,0,24,0.5,True
training_24,train_0640,2c251894e3eebe5eb85571e0ea226a538a7d6beda87c615b66a6be7e0fd4195f,3,3,6,2,0,1,2,4,7,7,5,6,9,10,12,12,0,24,0.5,True
training_24,train_0643,197e66cc2f3cf81b5e83cf547a4d5f8b9bb4aeaa5ec90923c3dfb065c13f3b03,5,3,2,0,5,4,0,6,7,7,1,8,7,8,12,12,0,24,0.5,True
training_24,train_0645,36112fa952ca9e8ee0be0b7341b673334bbd51ce07a11ab0e90808196cb60c91,3,5,0,1,2,5,5,2,7,7,1,5,6,6,12,12,0,24,0.5,True
training_24,train_0646,734522797290c89c2f8cf79931f2db8fde1f829ecd185dae0c7314de8ce18261,1,4,6,3,2,6,2,0,7,7,3,7,7,7,12,12,0,24,0.5,True
training_24,train_0648,3e716a68d9b305556e26969711dea8b3d1ad13918630c389de82693c17afbbe8,1,4,5,3,4,6,2,2,7,7,7,3,4,4,12,12,0,24,0.5,True
training_24,train_0651,f64b276c3928e26e69c3a932edbf4e177853a9acc76b93013c8aca0f5ceebd32,4,6,6,2,3,1,1,5,7,7,6,6,8,8,12,12,0,24,0.5,True
training_24,train_0652,a367de5e67a8233e905f5dda4bc796c59c6de4dcfae36c59c59488baf250b110,3,0,2,3,4,1,0,1,7,7,2,4,4,4,12,12,0,24,0.5,True
training_24,train_0654,04f176b1d9cb392bf90b2fe081a556396ace0e9542ec91eeb98f84d8a7e589c0,2,0,5,6,2,2,0,3,7,7,2,5,7,8,12,12,0,24,0.5,True
training_24,train_0656,00cf95c076a041e99b39a21706211672e5d9bdd5d31f50ba421fb11738022be1,0,0,6,6,0,6,5,0,7,7,6,5,8,7,12,12,0,24,0.5,True
training_24,train_0658,96753af686ec75d5b487b39a28fd1ace0efb2cc27c0236e57114131afad02a09,4,5,6,0,0,6,0,4,7,7,5,5,12,10,12,12,0,24,0.5,True
training_24,train_0660,ddfb6299c20db979426ad2b8cbe21d9a4a50fb749e4f848bc8a4ddfbca80b1d5,2,4,4,2,0,2,6,0,7,7,4,8,4,4,12,12,0,24,0.5,True
training_24,train_0661,439ce352fccbc45af8930e7caea646f17c1bbaef946a244b18fd44bad727ac9b,5,1,2,6,6,4,0,2,7,7,4,6,6,6,12,12,0,24,0.5,True
training_24,train_0665,f37509d56fb69868b82a834a5f5e5266ef949e7b1c309e21ff4136d513b25169,3,3,2,0,0,5,3,6,7,7,5,7,11,13,12,12,0,24,0.5,True
training_24,train_0671,d1409078b89e6cb8fcf67c5e45e02900ac6b42aa3594608e9301918d817b806e,1,6,6,1,2,2,0,1,7,7,5,6,9,10,12,12,0,24,0.5,True
training_24,train_0672,6e15b47856ab16b4d95f7450d2103a61becba6cf5b952c8ccd98982a767fa77d,3,2,4,0,5,2,0,2,7,7,4,3,7,6,12,12,0,24,0.5,True
training_24,train_0675,1601e66466e155644be0fc8502b5a93775d90adec376e35f3372171050481cd8,3,1,5,0,2,3,4,5,7,7,3,5,6,6,12,12,0,24,0.5,True
training_24,train_0677,2982a65da46838836df24fae728e1c604ddbffe397950a3ca10d7e2fe6675938,3,1,6,5,1,2,2,0,7,7,3,2,10,9,12,12,0,24,0.5,True
training_24,train_0680,0d291a5b245ee185009af4fef63e7665a701bd07adfb8c5d0a9dcf0f23b75cc8,3,6,5,0,2,4,4,6,7,7,3,1,7,7,12,12,0,24,0.5,True
training_24,train_0685,635546ff7088629803898ee8b2f4a822e9425465541d8f186a4516ae94d5ee6e,3,2,1,3,4,2,0,0,7,7,1,5,4,4,12,12,0,24,0.5,True
training_24,train_0687,450694817f8800277ad0d4830f8a2a356cf6d4ad0dfb6749578662eaa182f57f,3,0,3,6,0,1,0,4,7,7,4,7,8,7,12,12,0,24,0.5,True
training_24,train_0688,ec570fc0d5bfac8d6a8bb2cf920ec1331eb332b9bc27424f2dfdce421258209a,5,3,3,6,4,2,6,3,7,7,2,1,7,6,12,12,0,24,0.5,True
training_24,train_0689,5f7c25bdd7b57c3f46bb377eb431f82b4e7660934e2dbe5ef0d9e2d15dcb85be,2,1,1,5,4,1,0,1,7,7,8,2,7,7,12,12,0,24,0.5,True
training_24,train_0691,ec7fd8e7c298d808cfc70df998b18d90393cab5c4a017cf7dc214902e9c8c7f2,3,4,6,5,5,1,6,3,7,7,5,6,7,8,12,12,0,24,0.5,True
training_24,train_0692,722f006dc1cd4d3a58c4f56e8387358c54af535336e4eb0b4171cb1d95120b64,1,4,4,4,4,0,2,6,7,7,7,3,4,4,12,12,0,24,0.5,True
training_24,train_0693,c2f7bd80c8fa78f980013787ee887a637986fa2ca00edc931bba20951126fc89,1,2,4,2,1,1,5,5,7,7,1,7,4,4,12,12,0,24,0.5,True
training_24,train_0694,4305354b755b845410956ffc9dab5ac44485e908a617a2c8c7685d6e09cc06b5,3,1,1,4,5,6,5,0,7,7,7,3,8,8,12,12,0,24,0.5,True
training_24,train_0695,02dbf1e300500c703bdd93091458cc4db00ed34144dcd8a684bde4ee4e9e7f46,1,5,5,3,6,5,0,3,7,7,7,3,9,9,12,12,0,24,0.5,True
training_24,train_0697,bc44979c8c5fbc15d986465b5243ff8f69524938ce6bb3ca23b20a771824f528,2,3,3,1,0,5,2,6,7,7,4,5,7,8,12,12,0,24,0.5,True
training_24,train_0699,184eaec6eb1e8cd5a5ea323ed0ad33482afaaabf50075dec762537a3b9dc3934,0,4,4,0,1,0,0,3,7,7,5,1,7,7,12,12,0,24,0.5,True
training_24,train_0701,d06e53bff9888e924413d219e83ba0d359e5b1fe1c58d155769a8b640fa278e0,2,6,6,2,3,6,1,4,7,7,1,3,7,7,12,12,0,24,0.5,True
training_24,train_0703,bc484dc81e5a4b64e9f815a1a7b5043c8f23bf774e0515747010dd63c2f3b8c2,5,3,0,1,5,1,0,5,7,7,2,7,7,6,12,12,0,24,0.5,True
training_24,train_0704,04f9094e5b08a18296b3373faa242d91159ed47c699331218f88fded54a612f9,2,5,2,2,1,5,6,2,7,7,1,7,4,4,12,12,0,24,0.5,True
training_24,train_0705,7501ad1d197ca5a1339498e32a1b723cddc3614c961ad32b3e16112a829d3fa2,2,6,0,3,3,1,5,3,7,7,6,6,5,5,12,12,0,24,0.5,True
training_24,train_0707,418327f8176120fffb313674cc7e9b3e044d4816462339a0386f925c89af2daa,4,0,6,1,5,6,0,4,7,7,7,8,8,9,12,12,0,24,0.5,True
training_24,train_0708,87024203ad384d896ded1ebfb898f495b87e222cb8c705132a9de12108be17f9,3,1,0,3,3,0,0,0,7,7,1,4,6,7,12,12,0,24,0.5,True
training_24,train_0709,6eca9d17510aa508f8d9ee3ae8f051bdf945749a8e602555d905b0ce76fe4a5a,5,6,1,0,0,5,6,2,7,7,8,7,6,7,12,12,0,24,0.5,True
training_24,train_0711,2f68355ccd7cff0b494db6ae2b759f600ef354845fb2ab8b7195e6adb6659379,0,5,3,1,5,4,0,3,7,7,6,2,5,5,12,12,0,24,0.5,True
training_24,train_0713,99a93c694e02880d21d4623e6cbefcc96c59113fd4798a935f42d5212c43250f,0,2,0,5,5,3,4,2,7,7,8,8,7,7,12,12,0,24,0.5,True
training_24,train_0714,f05866c395923a40e51538dd0d6b0e53eefb823bece066c17d9dd744765a4a5e,4,3,2,4,0,6,5,5,7,7,7,3,4,4,12,12,0,24,0.5,True
training_24,train_0715,3eba583d4ab2ef4c0f2b5dfe0780d5f7a5424cd13cf4f1c8d865e00e8cca7565,1,2,4,1,5,5,1,3,7,7,7,1,5,5,12,12,0,24,0.5,True
training_24,train_0716,dba8aaf2e778b8b229ba2057ce4f084ef1a7dd80aabd61fcf84a42f55aca92e3,5,5,1,0,4,1,2,3,7,7,5,5,4,4,12,12,0,24,0.5,True
training_24,train_0726,5cb2aab9f202ec888709f431627c3ac429fd7db8b270b1aa6cd1101bf9999e28,0,2,5,2,0,3,4,4,7,7,1,6,8,7,12,12,0,24,0.5,True
training_24,train_0730,f410ac31a4c3d60982d7dc7110faf302fbedc7ee2cfbb65ba0f4ea67c49cf28e,3,1,5,3,0,1,1,3,7,7,3,4,7,6,12,12,0,24,0.5,True
training_24,train_0731,6d6c423441c5938660b397685b93fbf6a3d7088c34c4441cb7dd5f44109a56ec,2,5,4,1,1,0,1,2,7,7,6,4,4,4,12,12,0,24,0.5,True
training_24,train_0732,e49504f7cd42091f7ad1b7a4658a720df4d5320d9623ca461de2f3428d970e0f,3,1,6,6,3,6,5,2,7,7,7,3,7,7,12,12,0,24,0.5,True
training_24,train_0733,aa923c9863035b7450b1ea9815b9ad857bc288eb003163a7de8d04419f908385,5,1,2,4,3,0,0,1,7,7,3,5,5,5,12,12,0,24,0.5,True
training_24,train_0735,92d82780c3e30e2d3df3963a54ec5b935ffe15b373814dbd44d2b3cd25d975d8,1,6,5,6,0,6,4,2,7,7,1,7,5,5,12,12,0,24,0.5,True
training_24,train_0739,dda1885ec227d442899182a81ff6ff003a1604f09dbdb9270e5700efc9077a15,5,5,1,0,6,0,5,2,7,7,6,3,7,6,12,12,0,24,0.5,True
training_24,train_0740,b2f31422f20d1a91b81d5654e08195c7c829a18f24f8c0fa10564906c4d36436,3,3,6,6,0,6,2,1,7,7,6,3,8,9,12,12,0,24,0.5,True
training_24,train_0744,5bbb5f71ce580bd2afaab3b22aa919f0550303a56c7890aa679ecfe3a0c08a8b,4,2,0,4,1,1,4,4,7,7,4,2,4,4,12,12,0,24,0.5,True
training_24,train_0745,ca77379e170cd98f80a07b1dee75a73bc5c0a7ba243de3fb0b5566a666d794d2,2,3,4,2,4,5,1,4,7,7,8,2,5,5,12,12,0,24,0.5,True
training_24,train_0749,9f09c29601e7fa3cea02dbad26cb33c370bf6446f91d8840cddfa25a18d107f8,0,2,5,6,1,6,1,3,7,7,5,2,6,7,12,12,0,24,0.5,True
training_24,train_0750,4acba90d029aec5f358acc1b60697d42dbe6253ce257ef7d05231ef36e0b4875,6,0,3,4,6,1,5,4,7,7,1,5,8,8,12,12,0,24,0.5,True
training_24,train_0751,3ba3f7833b6a08867b540826d0c507b3383934eaf69cf18342ce3ec879ab8e85,6,1,0,6,4,5,2,3,7,7,8,6,5,5,12,12,0,24,0.5,True
training_24,train_0752,fbe5e601497d183ef9444a3364eddf81cc0defbd5f631fccaa2a26eee225f32f,1,4,4,2,2,3,0,1,7,7,2,6,5,5,12,12,0,24,0.5,True
training_24,train_0753,fe5d4b8010f68f3281e8fe57ec3f357a7256cdd0a55a39c92f268ebbde755733,5,4,5,0,0,4,2,5,7,7,7,4,9,8,12,12,0,24,0.5,True
training_24,train_0754,2ee783af3f36d941755bb23158efb0f39c85bab53624084507064927ced06193,1,2,2,0,6,3,0,6,7,7,8,5,7,8,12,12,0,24,0.5,True
training_24,train_0759,f44d55546c3da78c9aded840ab27477c63581bea77d1b6baba4ecc8f59cfbf80,3,0,4,3,3,6,5,0,7,7,6,2,4,4,12,12,0,24,0.5,True
training_24,train_0761,15afccfbde8f77f291b2661528b4150b28fba5452d6deb24556060bc72f7bffd,6,3,1,5,5,1,6,4,7,7,3,1,8,8,12,12,0,24,0.5,True
training_24,train_0763,cc41779f49cb0692a0b83c321bd3ff8e829033e274dcf273c6ffe8790b3f896a,4,3,2,4,6,3,1,0,7,7,2,6,7,7,12,12,0,24,0.5,True
training_24,train_0768,5278794785679987db7b773e61dfc28e66096bc29a97ea4304d68c208b0f8b65,1,6,0,4,3,2,0,1,7,7,8,8,5,5,12,12,0,24,0.5,True
training_24,train_0769,77c5f52ad4f7ad6243428207b3f6af0753e0f1943fa5cd15e4791837750b2e0b,1,0,6,3,3,0,3,6,7,7,4,8,6,6,12,12,0,24,0.5,True
training_24,train_0770,9ba5ddebc7b450ade5ff0b4cbb266d82531d5e09e831dd0aaabcadf17a975246,3,0,2,3,5,3,4,0,7,7,5,1,5,5,12,12,0,24,0.5,True
training_24,train_0772,4ebbd62c07764d207e40e612ebc766cc5de68ecd1bc8681cf96a5275bced600b,3,6,3,1,0,2,2,6,7,7,7,1,6,6,12,12,0,24,0.5,True
training_24,train_0774,3944a48d0d20fbd8ac46d553071e09880fb8d0ca090d4d0591e51eb6f4208a66,0,0,5,3,0,6,1,4,7,7,8,5,8,7,12,12,0,24,0.5,True
training_24,train_0777,b261e2352c52eb825b9a8cde0871b60511693800d893ca0432d86608961ca678,3,2,5,5,1,1,0,3,7,7,3,4,10,9,12,12,0,24,0.5,True
training_24,train_0778,cf98a0f82f5cf3b720e8551454c0a402b580b477b251ff2de00b1b9fb9c8cc7d,0,1,6,1,3,5,0,3,7,7,7,2,11,10,12,12,0,24,0.5,True
training_24,train_0782,d4680cb18c6ba82396d5a3934bb9f113bbc6845ac898b514965eba4a2447b922,1,6,4,4,2,2,2,6,7,7,7,1,4,4,12,12,0,24,0.5,True
training_24,train_0783,c4acf8247fae598df01eebe239546bf97ca62894e61f71146d702b0fd7fd3518,1,5,0,1,3,5,5,2,7,7,2,7,7,6,12,12,0,24,0.5,True
training_24,train_0784,352e08c92f883e10d3a983b851b1beb6af8851b9c1f60c1da371847671d214ef,4,5,2,5,6,5,3,4,7,7,2,2,6,6,12,12,0,24,0.5,True
training_24,train_0785,29a9aded93e7e0f36406ee709b717b47afa51fb274a8bd22aa24936c91cf258f,2,1,6,6,6,0,0,3,7,7,5,4,8,9,12,12,0,24,0.5,True
training_24,train_0786,af77e9ab8242c99242aed3deb86bb8abd89b39099e026e20bc8085d2a3d60156,1,4,6,1,1,5,0,2,7,7,1,5,9,9,12,12,0,24,0.5,True
training_24,train_0787,82f4432aa5ca63a55d041570efdc74ee06fd9d602ac261bc9593b50dddafd803,5,1,1,6,1,1,0,4,7,7,6,8,9,9,12,12,0,24,0.5,True
training_24,train_0789,862ff1433b8383b9e679467a95b80556c848c47996157b66db8d6798522ff47b,1,6,4,6,4,1,6,3,7,7,8,8,7,7,12,12,0,24,0.5,True
training_24,train_0790,6cd6449f68244e91bac42d42dd936f8bbc0d062c1281c718334542710b931df3,1,6,4,0,6,6,0,0,7,7,5,7,10,12,12,12,0,24,0.5,True
training_24,train_0791,584dd92f2d8e6e33a67e5b4a57d9d1e8dd240fd303f4d81795256c45cf2c6d36,5,5,4,0,3,5,1,4,7,7,4,7,8,7,12,12,0,24,0.5,True
training_24,train_0792,f6210c28c0b89c8618f17f7616fc1a51a6812269ce7645b2d360ae93bc8c64ff,0,4,6,2,3,6,1,0,7,7,5,5,11,11,12,12,0,24,0.5,True
training_24,train_0794,3118bc9c8b6b89f2f6cb1628d486de0e7fecfe209e87edc408433b485747c3c1,3,6,2,4,1,1,6,4,7,7,7,7,4,4,12,12,0,24,0.5,True
training_24,train_0796,8d0682c895dde88af561f9d47fdb6c51cee45cde2e96f9b2b1612369d8ed10bb,5,5,5,0,6,5,3,5,7,7,1,4,8,7,12,12,0,24,0.5,True
training_24,train_0801,bb74a4b04f9416fc8ccb49bc8d9593df191fadede9db5af27611e25734ca91b4,2,6,0,0,6,2,2,5,7,7,8,1,8,7,12,12,0,24,0.5,True
training_24,train_0803,5876a875dbb42a49a88f9cce2961f0e0c283bad1b9236539f181338cb68c28ba,2,4,6,5,4,2,6,0,7,7,4,8,5,5,12,12,0,24,0.5,True
training_24,train_0804,4045d63f0dc27683ded2862b264d7529215b15b197f2996e3716f10b1aaeb93f,3,3,0,2,4,6,5,4,7,7,4,3,8,7,12,12,0,24,0.5,True
training_24,train_0805,91d7eee1fb0268c2e8880e55b9fb5726f864f45358897bcb4ec43c67145423e4,6,0,0,4,2,2,0,0,7,7,6,6,4,4,12,12,0,24,0.5,True
training_24,train_0807,f32139f190c9aa13d35f241e52d0d638ac646ef73b879d304bfb7030f941f5c5,2,6,6,3,1,0,0,5,7,7,7,3,8,8,12,12,0,24,0.5,True
training_24,train_0809,6ed940cb101aa0c17f6b4fee102b15f7ae113e38cbcae9b9531af38ae428ac00,2,4,0,3,2,0,6,1,7,7,8,7,11,10,12,12,0,24,0.5,True
training_24,train_0810,cec99e9d05d7a7ce44045fa5329db43ec1830a0528de8645d1f3fb3d1d41321c,6,0,0,2,4,4,5,2,7,7,6,3,10,9,12,12,0,24,0.5,True
training_24,train_0812,86b8969868604b6ef04444210dbc0ae3e6a39d734fa964f04f1d5c4c051f672f,3,4,0,0,3,3,5,1,7,7,1,7,6,6,12,12,0,24,0.5,True
training_24,train_0813,e0ad3232d8b34c7566ab847d71c133d0d02784b59a04a8a3fb98849c852badbc,1,4,3,6,6,2,3,2,7,7,7,4,7,8,12,12,0,24,0.5,True
training_24,train_0815,93923622060dfaf6cf599e08e9f953df96835097667b65c21ff0c91514e3e72a,6,0,0,0,3,2,5,0,7,7,5,1,5,5,12,12,0,24,0.5,True
training_24,train_0817,7b82f04002fe2f64c76081caadba9a2236de23741c168d7d2145002d53241b54,4,3,4,0,3,4,0,0,7,7,2,7,7,6,12,12,0,24,0.5,True
training_24,train_0819,fa2bfb6a2394ab214fb9856f47205f1a2c9d0e24b0c5a5d39e2ec21f317e4cf7,3,1,6,4,2,1,0,6,7,7,1,8,7,8,12,12,0,24,0.5,True
training_24,train_0821,9b48f10545c1feb99f9e8b3d597d1688bea8623bc1bb7080ee3720a4165be49e,3,4,4,0,4,4,1,5,7,7,1,3,8,8,12,12,0,24,0.5,True
training_24,train_0824,ee7182b689fb4236d1a352d352d21c2a57d17ad0736aed03e1606889435a5fed,2,4,5,0,3,5,0,3,7,7,2,5,7,8,12,12,0,24,0.5,True
training_24,train_0826,600d36523da3202412d67e29ba0dce4956da3f6c979e3dfc3ac61ca258047a04,5,1,0,6,6,2,5,5,7,7,2,4,10,12,12,12,0,24,0.5,True
training_24,train_0828,fb1013699f60408825d7e8ff215bfce7e1a13788f0b9afe98391206210c146d0,5,2,4,6,5,0,6,2,7,7,2,1,7,6,12,12,0,24,0.5,True
training_24,train_0841,c4781aea373413f98401eb0879fbe503407af279394f9426a225ac36926e15db,4,4,0,2,3,0,6,4,7,7,5,4,7,8,12,12,0,24,0.5,True
training_24,train_0843,a40a61594011a037d4f4683fe92eb3fc7a4e2969f6233acb253c905e1ca3b53e,4,3,1,6,1,0,6,2,7,7,6,3,10,9,12,12,0,24,0.5,True
training_24,train_0849,9667cc8dd91032f991746461ed3b0c572fdcfba01c0e2fbbe618c9b4af467f55,5,5,0,4,6,4,4,2,7,7,2,4,6,6,12,12,0,24,0.5,True
training_24,train_0851,df0b4a229c35cf6e8f021fc14717678d908abd930721cd388db339c7111bee79,6,2,4,3,6,0,1,5,7,7,4,8,5,5,12,12,0,24,0.5,True
training_24,train_0852,200b7d8e6b7aba7b97b2385968256e27103144f0bc03cda6b621dfcaa280257c,5,1,2,5,6,5,6,1,7,7,5,1,8,8,12,12,0,24,0.5,True
training_24,train_0854,5451913bf5a6f12443afbc1be810c8933876af9f666888ace25495e60567b317,4,0,6,1,3,4,1,0,7,7,7,3,6,6,12,12,0,24,0.5,True
training_24,train_0855,e7e069fd67e7ca0b34d7a1e8b71d997e8442c7d9cb6b27c675afbb29bf6b3392,2,4,0,6,5,5,0,1,7,7,6,5,6,7,12,12,0,24,0.5,True
training_24,train_0856,ddbfd09f074db72a11692c87e09a6fef7a9d48b60b8a7d922b82f0f2e762f375,3,5,3,0,2,6,6,1,7,7,2,7,7,6,12,12,0,24,0.5,True
training_24,train_0857,d5e941582cd952684dff4a23c10036d341adb6e58da9e98bf9a84461c938e486,4,1,0,2,2,1,1,6,7,7,2,8,5,5,12,12,0,24,0.5,True
training_24,train_0858,9aa9ebbdd406bce5fb2333d73dada3bc20c2201cdb1f368597f49ecc3fe3bd1b,3,1,5,3,0,4,2,6,7,7,6,6,6,6,12,12,0,24,0.5,True
training_24,train_0860,58d899267c630cb86b46dfb4658e414ed4c65f79a1d208c6dc54893df51f76ac,3,4,0,1,3,2,3,5,7,7,2,1,8,7,12,12,0,24,0.5,True
training_24,train_0861,df8c44978e6b60a5d09b8fbe996dfe0bd7c33e231392c792aa3f08d8ed0148f8,0,5,5,2,0,1,0,4,7,7,6,1,6,7,12,12,0,24,0.5,True
training_24,train_0863,c75925ca535952cbd0ab0f4a4fd5c9b03ffd1bec0440f6d09d9d5f34923976ca,3,0,5,3,0,3,6,0,7,7,6,5,7,6,12,12,0,24,0.5,True
training_24,train_0864,285acc43c3b278f9cbb170dda212af7fe6739c37c065ba52c8c3e5c0a0e95d2b,0,1,3,4,6,3,2,1,7,7,8,2,4,4,12,12,0,24,0.5,True
training_24,train_0867,4ee21e3b9399c88ce8c715f58fa43c11b36ee138f6a4fab541545490fa81fc29,4,4,5,1,3,6,0,0,7,7,3,8,7,6,12,12,0,24,0.5,True
training_24,train_0871,4234ab443ac75c2a7b906e5626be86d926c57c7e076f35798abdee9f15101178,6,2,3,0,5,4,1,4,7,7,3,7,6,6,12,12,0,24,0.5,True
training_24,train_0872,4a68a953a38c674d0fd009e27d6db7fa33642c8e757425d1044bdb49c263c506,4,4,1,6,2,1,5,4,7,7,5,1,6,6,12,12,0,24,0.5,True
training_24,train_0873,175a78a6d80d11e4b41cf9f25b569d0363bc32e1c14e50ff353f4747ae74b458,1,3,3,4,6,2,0,6,7,7,6,4,5,5,12,12,0,24,0.5,True
training_24,train_0875,fe204eec3dba38014691b5eeb9b5965aeb848d9ab1291995f281377618e7b84f,6,3,0,1,2,6,6,1,7,7,7,4,7,6,12,12,0,24,0.5,True
training_24,train_0877,dae545b8ca4254bdd9fbc8ad788685f192364cd67081f186dd884670c45e3f04,5,5,2,6,5,2,2,1,7,7,3,7,7,7,12,12,0,24,0.5,True
training_24,train_0878,b001ede96c3381ed4a0af7e55286924ef69076db6dc3af7ff5655ac05644d762,6,2,3,1,4,4,2,4,7,7,4,6,4,4,12,12,0,24,0.5,True
training_24,train_0879,fba0dfef5fa84d0f934cea39c5fe68b0ceface61c02eb48cef405f4b87302fbb,0,4,3,5,2,1,0,6,7,7,5,2,7,6,12,12,0,24,0.5,True
training_24,train_0881,835e5edca3789a17729bdb1936eb4fe9879d06a97fb39665098ab24925d1cb04,4,6,6,4,3,1,6,0,7,7,6,8,6,6,12,12,0,24,0.5,True
training_24,train_0882,2c4aeef8727c23168123e4d7421258e23f312cf51516a56b64b954ea27d6dd40,0,6,6,5,0,2,1,0,7,7,4,7,9,10,12,12,0,24,0.5,True
training_24,train_0884,c22ba4bb74b3be04d85c2834008acd8fc53b76697bc2a2ceaf1f9ca75de31c24,2,6,5,1,2,5,2,2,7,7,1,4,7,6,12,12,0,24,0.5,True
training_24,train_0887,4c85ef39497ed746c58993e583b0722e595210695cc9006cbacc5180629d4a82,1,1,4,4,2,1,1,4,7,7,1,5,5,5,12,12,0,24,0.5,True
training_24,train_0888,ffc51f62581d73442d64e5e4a8856f53fe1063cfb326ac88712b8d418edbf4de,3,2,6,0,3,5,1,3,7,7,3,3,8,8,12,12,0,24,0.5,True
training_24,train_0889,2de486c31127ffce1b8850580ea919b71f1a7d7248e88919508d81f3eb020c50,2,2,2,5,4,0,6,2,7,7,4,4,7,7,12,12,0,24,0.5,True
training_24,train_0890,ffc588d75284741ac1b5481bda97378f75870e07860520ea7599b5ee336d66e4,3,4,5,6,1,6,6,0,7,7,4,7,8,7,12,12,0,24,0.5,True
training_24,train_0892,a1e37cd98e93961c37a26f3d27f6f917a9b3c5acec8568339087b3f8f6dba593,4,1,4,6,2,3,6,1,7,7,8,2,7,7,12,12,0,24,0.5,True
training_24,train_0896,449248018cafb6ed1e1b98a342d991fb279c23c88d2f6a6cad96718ca8d2188f,5,4,5,1,4,4,0,3,7,7,1,6,6,7,12,12,0,24,0.5,True
training_24,train_0897,c36256c8b01f41cb1c50ee139e7b956fae1b65ecbf72443ea7614e83f60ab0de,2,3,2,0,4,5,2,4,7,7,4,1,7,6,12,12,0,24,0.5,True
training_24,train_0900,339fb92c7d1fe3e45ce316fec1436665d4e040784dfb1fa21d13d7fff07bff9d,0,5,2,0,5,4,2,4,7,7,8,3,7,8,12,12,0,24,0.5,True
training_24,train_0901,d5ddb901df045715422842076beba4a7d4a1afbf293c71ca82b0c830ddff1fb7,4,2,1,3,3,5,3,1,7,7,6,2,4,4,12,12,0,24,0.5,True
training_24,train_0902,4ce407337284f2bbb90d95880c2aa02f6e9d55bc7c1ee71e909323838130cbfb,1,6,0,4,4,4,3,0,7,7,5,8,6,7,12,12,0,24,0.5,True
training_24,train_0903,a4aedaa75cd42e9f32e86006db1f17d7c8a46610ce0739583d34f61489e83d4c,5,6,2,4,6,0,6,3,7,7,7,4,8,7,12,12,0,24,0.5,True
training_24,train_0905,a67afe4b521d4f000f57133022e8e9ecc2862331ccc4632acaee604b5cc6f3e5,6,0,2,6,1,0,6,3,7,7,7,3,7,7,12,12,0,24,0.5,True
training_24,train_0907,c34121e8eea254b62fc65c4acff35fcf15201f1fe99fa6a9cbb1d334aa5610e2,3,0,5,2,2,5,0,4,7,7,6,7,6,7,12,12,0,24,0.5,True
training_24,train_0908,ba90f5d7e127b46daa84467ed26acc6afab767687d2a13f3a2fe37a4e57e4cee,1,6,1,0,4,3,6,4,7,7,6,7,8,9,12,12,0,24,0.5,True
training_24,train_0911,83a4ea8b72bbf2719f8eba64841dbb086b4e67c7fc983f8702df5b1b180f89df,5,0,1,4,5,4,0,1,7,7,4,8,4,4,12,12,0,24,0.5,True
training_24,train_0912,aaf4c2db664855656a32c0730de406c6d00dceeceb21a48bf683e63a46323932,3,3,2,5,3,4,1,1,7,7,1,4,6,7,12,12,0,24,0.5,True
training_24,train_0916,35ba15c091605f1ba19cbdab0d195e74c59ab6f800695d4729120d2d8bf5e940,1,4,4,6,6,2,5,0,7,7,7,8,6,7,12,12,0,24,0.5,True
training_24,train_0918,f71f0bb17156900423fc56e380c2f4475153113f35149e13d312cefc717ba4a2,1,2,6,3,4,3,5,0,7,7,6,6,4,4,12,12,0,24,0.5,True
training_24,train_0919,f5e780a7ec8e08a2babbb25746330750c02754bf7604d480d40a5ff358b90a0b,4,1,0,4,5,6,4,2,7,7,8,1,7,6,12,12,0,24,0.5,True
training_24,train_0921,c93be53f55b4ccb6c643a7055399f7bfc2263cbb61a1741ba5492a15992ee5b9,5,2,3,1,0,5,2,6,7,7,8,7,9,8,12,12,0,24,0.5,True
training_24,train_0922,d464347a6dbc6bd86d5d1338941637d8f0cbbf9e6ba3c0f8eff3aec41e20267d,2,2,5,6,3,1,1,3,7,7,2,2,7,7,12,12,0,24,0.5,True
training_24,train_0923,666d15c60d1b60558092493c5b0e69ed8c30321f0c2bf3cfbe8c1f5d4f341539,3,4,0,0,1,4,3,6,7,7,2,2,9,9,12,12,0,24,0.5,True
training_24,train_0925,ed6255abcbc30f5a50e4dbd7c5820cff1d42b9c0ab252a4c0be6dab6a02ea434,3,2,1,3,6,2,5,5,7,7,3,5,6,6,12,12,0,24,0.5,True
training_24,train_0927,f79ac57146f4127f0761c780231809576b0a59d99b2a16140b85d5f9f89a466a,4,4,6,1,6,6,1,1,7,7,4,6,5,5,12,12,0,24,0.5,True
training_24,train_0930,60ceb44ba2cacce73f6d3d98bf799f92a93131fbaf5c2167b28506213eac8e46,6,6,2,3,5,1,5,5,7,7,8,2,5,5,12,12,0,24,0.5,True
training_24,train_0932,bb0b3093fafca0f2fc988e6ae5c3559addd276333231a2388948a9ce662035a0,3,1,6,3,6,0,2,2,7,7,4,2,5,5,12,12,0,24,0.5,True
training_24,train_0935,dafcc222740233c5de4b6c6e28fa9a999783fced7102b437d30e24f1430600b4,5,2,5,5,0,1,6,2,7,7,6,1,9,8,12,12,0,24,0.5,True
training_24,train_0936,da9bd0643e4b1ed90148f017cb0b06e9c7882d724ae668f77d08ad9b978825fe,2,3,6,2,2,1,2,4,7,7,2,1,7,6,12,12,0,24,0.5,True
training_24,train_0938,78381683d6207c5d9c113966d9129fc0531127c8060d5236f850686026e5fd53,3,1,0,1,0,4,1,6,7,7,6,7,7,8,12,12,0,24,0.5,True
training_24,train_0939,2276ae71697f68e51c45fc3273c8b2c8297f8cd5c05333a9a5331df299b5ca7b,3,1,6,4,1,5,6,0,7,7,6,4,6,6,12,12,0,24,0.5,True
training_24,train_0940,997df4326325e963e2e395c262122abbd919a5727d471be3ff01796ca8ace5af,5,1,6,6,5,3,2,4,7,7,2,8,6,6,12,12,0,24,0.5,True
training_24,train_0943,eb6dc7d7f922e94a178a2230682f6b72f606b90fa22ba2a0c45e199c42fb2523,4,5,2,4,0,1,5,4,7,7,8,2,5,5,12,12,0,24,0.5,True
training_24,train_0945,93565d777393fbb06195215e6e32ef96a384069dd35af4399ac00860b56b14e0,6,1,4,5,4,1,6,3,7,7,2,4,4,4,12,12,0,24,0.5,True
training_24,train_0946,c3c2282d94df3393da90c413c4bd8f6a0099f46897481707e3ebdc200f5d1cc0,1,5,1,2,6,4,1,6,7,7,8,1,7,6,12,12,0,24,0.5,True
training_24,train_0947,f8e4453e29f5630df78e08cef41da067a065a3ba0f2af4762050599cdf81032f,3,5,5,0,4,4,1,4,7,7,2,3,7,8,12,12,0,24,0.5,True
training_24,train_0949,1ba729664264c9ab94407be7d27e4e96c27341769f344a25e4c2961c9af558c2,3,1,6,3,5,6,3,2,7,7,7,1,4,4,12,12,0,24,0.5,True
training_24,train_0951,4db5fcb446bb48baa35f6b33c3037cec2383dfb81eb5e7fc33b7d009a151291b,0,4,5,2,4,3,1,2,7,7,7,3,6,6,12,12,0,24,0.5,True
training_24,train_0952,e36c4912d3ef1f9d6b836d99d3bdfbaa83c4794426bf2bf8f0954e0dbe1d037a,2,0,6,6,5,1,0,3,7,7,4,5,8,9,12,12,0,24,0.5,True
training_24,train_0953,7b211004fc02a86fe4626e5546c8fbba2ef7dbb96211886d53a0d748793de8ce,6,3,1,0,4,5,6,6,7,7,4,5,10,11,12,12,0,24,0.5,True
training_24,train_0954,548831221130c19d5c7225939a3ad5760db08921c4e2cbdec441b06cc218c524,1,6,0,1,5,4,2,6,7,7,6,1,8,7,12,12,0,24,0.5,True
training_24,train_0955,76d3a676a906c3fa7598ec27dc5a843dbdd61d251e7cc97fc57279409ed7162b,1,5,3,1,0,0,0,5,7,7,6,1,6,7,12,12,0,24,0.5,True
training_24,train_0957,245f8111e4e5cd01d8f22520fe0a17501a14784bc9b2cd8b02f2307fa34c519b,5,2,2,1,6,2,0,5,7,7,1,8,7,6,12,12,0,24,0.5,True
training_24,train_0958,bccb209f5d4d22e822e079d7c64ecf5f8facfbf9dea26ab5b5cf13ecd5da312c,5,3,1,3,2,0,6,5,7,7,6,5,6,7,12,12,0,24,0.5,True
training_24,train_0959,799263fd99ecbab8fcd33f2846bda65ea96c064cd53ebb030b7b0951902fec31,0,6,2,0,1,5,3,6,7,7,2,5,6,7,12,12,0,24,0.5,True
training_24,train_0960,c2038baace47e1b84523d9a2b04b30049d8026339b2c3fd198d6734fbcdcd758,3,5,3,0,6,4,1,4,7,7,4,3,7,6,12,12,0,24,0.5,True
training_24,train_0961,c0e6cea9a662ff580868cffac4dd8ea2b5ad8a691f595fd3f23e4d011b18fee2,3,3,0,4,4,0,2,1,7,7,4,3,8,7,12,12,0,24,0.5,True
training_24,train_0962,311b00ae942c3f1bad2ccac44029ef58d2972364f8b0c7270fbd21999b9cc58c,1,6,4,0,0,3,2,5,7,7,4,2,7,7,12,12,0,24,0.5,True
training_24,train_0964,abcd96c49b7346e44e4d3f9eb6972ede25c0ed363e65048c3c3992d156bdd4b0,3,2,6,3,2,6,1,1,7,7,5,3,7,7,12,12,0,24,0.5,True
training_24,train_0966,94a35bc730edbc8a9e27161c36b5e435dc4a25f07b7190664faed88d28d84183,6,3,2,1,4,3,0,3,7,7,2,6,4,4,12,12,0,24,0.5,True
training_24,train_0968,8907f2f62d335c5c08094f0590735808923b1e25e36a36fb53e7c3aae2685312,2,6,5,6,0,3,2,2,7,7,5,6,8,7,12,12,0,24,0.5,True
training_24,train_0970,7cb61894d593023e4e1691d4608711162065e8235d3f8f556ef9486f60e54708,5,1,2,0,6,3,5,0,7,7,3,1,13,15,12,12,0,24,0.5,True
training_24,train_0971,bdffdd065a6172db7363bff684821816e71fa0dc2ac176d0e30591ec08877b0f,3,3,6,3,2,4,4,0,7,7,2,4,5,5,12,12,0,24,0.5,True
training_24,train_0972,0e8748608966d7ca96895f3c7fe6582d08064b853c8265dd38812f029e0df7dd,3,3,0,3,6,0,6,5,7,7,6,7,9,10,12,12,0,24,0.5,True
training_24,train_0974,1425246b70183f2f0a32e329447fe52df63924bfdf11f53b31b484669b119819,4,3,0,0,2,4,4,2,7,7,5,1,6,6,12,12,0,24,0.5,True
training_24,train_0979,76c25c8bb0d93468a193796f1d546582806b425be91090b3d72d0772b4b2974d,3,3,1,1,6,3,5,5,7,7,3,4,7,8,12,12,0,24,0.5,True
training_24,train_0980,8c70ec70d0a3f8431d76ea1bcb2236c3093d50f18abc2ae7e0d23517c6c5576c,6,5,0,6,4,4,2,1,7,7,3,8,6,7,12,12,0,24,0.5,True
training_24,train_0981,449909a374de164b61d0c86a526bbe9e8bde1ac1c1429fc8285c8d52f49abea5,3,1,4,5,5,2,0,6,7,7,3,8,6,7,12,12,0,24,0.5,True
training_24,train_0982,18f2f3947aa757ca0645e87c87f48b6a34e752d14b4bbe83d466467c93dc3ade,1,5,4,5,2,3,5,2,7,7,3,7,4,4,12,12,0,24,0.5,True
training_24,train_0986,9ce9ef3edd2f89adf8bfd5a2c6529fbaf6bcfb148ce2c6c53fc50bbd1ffdcc84,1,3,6,4,2,5,3,2,7,7,3,3,5,5,12,12,0,24,0.5,True
training_24,train_0987,65e513b73b82de969f65fbecd0de52e518e56a9716e658d32701bf515c20e705,6,4,0,2,5,4,3,6,7,7,1,5,7,7,12,12,0,24,0.5,True
training_24,train_0988,fa7ed2cdd29055b47873bce3f9959205b5932299309a47bcd2e26c12a57fc9e0,1,3,1,0,6,1,6,5,7,7,7,7,10,10,12,12,0,24,0.5,True
training_24,train_0989,1b2678e54b0c51affdb1a00407ef98da70df49a9bc4600caf2c3f0968688d04b,2,5,3,1,5,5,2,4,7,7,5,1,6,6,12,12,0,24,0.5,True
training_24,train_0990,a85b3784b67678e6279858581c6dd7d95c3c55f638f0919ab86ed7748aa76f37,5,0,5,4,0,1,2,0,7,7,8,3,8,7,12,12,0,24,0.5,True
training_24,train_0991,462b1e33484ef273c3ea0a810b299cb3da257f1e6492be5f01cc07747af13a36,3,1,0,2,4,1,2,5,7,7,1,5,5,5,12,12,0,24,0.5,True
training_24,train_0992,6fea440b907ed562aed5223fc01714484430357fda2de2156f7f62cb9b796845,3,2,3,5,1,2,6,5,7,7,2,8,5,5,12,12,0,24,0.5,True
training_24,train_0995,95e799b76ea353210e128ea2033a3d2fc92e0cb53deb581554c877604d4ae682,6,4,1,5,4,2,2,0,7,7,4,8,6,6,12,12,0,24,0.5,True
training_24,train_0999,d93ff473107ea0469e3c47eae5ac013056ffc9bfa0eec6a512869cb8dbb5e80c,0,2,3,6,4,1,2,0,7,7,5,4,6,7,12,12,0,24,0.5,True
training_24,train_1001,1c65a75a50f1c86fbd8df29f38a62a806f7e482cc16ae43fc848ddbcc2eda31f,5,5,1,0,1,4,4,1,7,7,5,5,4,4,12,12,0,24,0.5,True
training_24,train_1002,bff91ef14d07ce94b746a117c3e5eaa4cd47aa3263e442e892e6ba7177f46935,1,4,3,0,4,6,1,6,7,7,5,2,9,8,12,12,0,24,0.5,True
training_24,train_1003,fb3d88c373e090b3cab80997eabd5b6d2c8157f7c75832e9eca84350f10a28de,0,2,3,6,5,0,0,3,7,7,7,1,8,8,12,12,0,24,0.5,True
training_24,train_1004,e8e9a8bbfff60a993ac4f98e31a283040ddad0bc38ff75f9609f2a0fc10cf2cd,0,2,4,6,0,1,2,1,7,7,1,3,11,13,12,12,0,24,0.5,True
training_24,train_1005,80aebb07c218be42bdd262da41367901a16571839578d388290bdfccd5eb9564,0,1,5,4,5,0,2,1,7,7,6,2,6,6,12,12,0,24,0.5,True
training_24,train_1008,bdcbe58a43428206d4dd5d423a788da08a5c7d70511196ca9aa48eabd8d28851,0,5,6,0,0,4,4,6,7,7,1,5,10,10,12,12,0,24,0.5,True
training_24,train_1009,22d9f2cdd2e30eb38dcbd49ad4c6b9ea1eddd6a86df336b78886dec938ea8876,2,0,4,1,1,5,3,0,7,7,6,1,7,8,12,12,0,24,0.5,True
training_24,train_1010,356f7960c076128e94b82daf887a1c9ffc9056032a33c096af1d4229655dc3f4,1,6,0,1,0,6,6,3,7,7,1,8,7,8,12,12,0,24,0.5,True
training_24,train_1011,783155353140b665480eae4fa0cdd451b867f08ddb91e3234d5d7d3c396ffc6d,2,0,2,6,1,0,0,2,7,7,1,4,7,6,12,12,0,24,0.5,True
training_24,train_1013,235c8d9123433fd54904c34bfa34969803eeb404d09f9bd64989320d98fb9043,0,6,5,0,0,5,3,6,7,7,1,3,10,10,12,12,0,24,0.5,True
training_24,train_1015,1fd9a04c1f8ec37adf42a2acf770120aac1d0223515045d710a473454de0cf34,5,5,0,0,2,6,6,5,7,7,4,1,10,11,12,12,0,24,0.5,True
training_24,train_1016,cf6bd3176413d749168ed9e8141b9160d85f67602e474f91fd37f581e0b92886,3,1,3,4,6,4,1,1,7,7,6,2,5,5,12,12,0,24,0.5,True
training_24,train_1018,4fcc88ced16339caff1c07f8ca36a1e7b6f00f3a5c2f348ebbd0b02c650cad99,4,6,6,0,3,6,1,1,7,7,1,8,9,8,12,12,0,24,0.5,True
training_24,train_1019,1297baad6d2041b72586be0849c41c8abfe34a07f4195ba33f545e6600e5b2d9,4,3,0,6,1,2,2,0,7,7,4,5,7,8,12,12,0,24,0.5,True
training_24,train_1021,1497c8cbaa2b5c7f77e911f03a18e536a90642de0a3c28a6e2996ea472ad500e,0,5,4,1,4,3,1,2,7,7,6,4,4,4,12,12,0,24,0.5,True
training_24,train_1022,76a438e51fca265423886bbf4018fa3ae04e648b8a9779c59fd57a4561a4b888,3,6,2,1,2,6,5,6,7,7,1,2,7,8,12,12,0,24,0.5,True
training_24,train_1023,8b9d42a171d198ebea4664c8b65fc77d4090e32573841781f2c9708cbe6ffc55,0,1,4,1,4,5,2,3,7,7,8,4,8,8,12,12,0,24,0.5,True
training_24,train_1024,d2c33f04d7a40ec5a6337650bf36166992414a7b761eda0bb6bc39dda7134c17,5,4,1,1,4,2,2,4,7,7,3,3,4,4,12,12,0,24,0.5,True
training_24,train_1027,92eb3a428127babdb48bc2af32f0e4e1fc3d91180da6c322b89f828916bb2d5a,1,5,2,1,6,4,2,6,7,7,6,2,7,7,12,12,0,24,0.5,True
training_24,train_1029,0ded7956f33f298ab05592aca210be573d0072467192b097a7546e314fc14fe3,1,5,6,6,0,1,4,0,7,7,5,8,11,10,12,12,0,24,0.5,True
training_24,train_1030,ce0a25ed44959386fa251e4d71c8c2a6855ad76bcf9aa3c7376d5f816a8ec6b7,2,6,2,0,6,5,1,5,7,7,7,2,9,8,12,12,0,24,0.5,True
training_24,train_1031,2d92724ec035cffca33fd88f81a07a5a99703efc01bc803d4fb827dbcbf1409b,4,4,2,2,4,0,3,5,7,7,8,2,4,4,12,12,0,24,0.5,True
training_24,train_1032,3d1b7d10b0dae30e1f756708fa517b1812beb55acdf87fc7e813dd9acee91c2d,2,1,3,4,1,3,0,1,7,7,3,2,9,8,12,12,0,24,0.5,True
training_24,train_1033,cedb2ce4cf806fa02558b3ea7071821edaf16092b697c4351f7bff8c7caa443b,3,0,3,3,4,0,5,1,7,7,1,5,4,4,12,12,0,24,0.5,True
training_24,train_1035,43d410203273c9ff1d6d98ee22e9e5c47c996773f59661f3f1dcdd0391510062,0,0,5,6,3,2,1,3,7,7,5,4,6,7,12,12,0,24,0.5,True
training_24,train_1038,e990f4e133a57d8acf6f3ece05441f9450753d41ca488b2aada09867d8c71a05,3,5,0,1,5,2,3,6,7,7,5,1,8,8,12,12,0,24,0.5,True
training_24,train_1040,cde78732e84355759b303ebc79a67a5b0b0ef861bdc321972a5513fe51dbd2e8,1,3,1,6,3,2,6,4,7,7,3,6,6,7,12,12,0,24,0.5,True
training_24,train_1041,8321b27d9679011ba67ba65810a158e70d47b9ea8aa8a8a23d0c38717ea2b75c,3,1,1,4,6,2,2,1,7,7,4,1,7,8,12,12,0,24,0.5,True
training_24,train_1043,1711033e83589af14d450c011804b93ab2bd8af74b244b33574152b58629ba0c,5,2,6,0,6,6,3,3,7,7,5,3,6,6,12,12,0,24,0.5,True
training_24,train_1047,d5698a3195a6f31f07bc8b78f9f359ed627fd854102b27f9f03f96b1872c20d2,4,3,0,0,4,5,6,0,7,7,2,5,9,10,12,12,0,24,0.5,True
training_24,train_1049,683e9adbf2d217cda722c07a6218ea313f9e03b424a60fbf934b98fd5a16db96,4,3,1,4,4,1,6,3,7,7,2,2,6,6,12,12,0,24,0.5,True
training_24,train_1050,a9cda647e0c6e308908b8336f0c7951950a3bbd34ff705f36c02f078fc23118c,2,5,0,2,6,3,4,0,7,7,6,7,7,6,12,12,0,24,0.5,True
training_24,train_1052,e08207c64e6e54dfeb7672d00d74e9390804036f4df4abdb944281337efff7d8,3,6,0,0,6,6,4,4,7,7,3,3,12,10,12,12,0,24,0.5,True
training_24,train_1053,28f519d60abaaaee0c66337a68d3e8f3442191a42f335606201a06b0d057cfc5,1,1,0,3,5,5,4,2,7,7,8,4,7,7,12,12,0,24,0.5,True
training_24,train_1054,e0c8b3705fd99b27108376251b56b8bf419a1392ca3cb1e922c4a57b7ee8c94d,4,0,4,3,2,6,6,0,7,7,8,2,5,5,12,12,0,24,0.5,True
training_24,train_1056,92db5ba18a305b42a5e99615e68f3a58cadc7ea6a529e04d9befead68f7c319e,5,4,0,4,5,1,3,0,7,7,3,6,8,7,12,12,0,24,0.5,True
training_24,train_1057,63b0f5d9437b46852b3a29e007914dc7c6ba13a4faefe4cfcf5122c59b20611d,2,5,0,1,2,6,6,3,7,7,1,6,7,8,12,12,0,24,0.5,True
training_24,train_1058,c2ccd8a4d9a7521572c972cbd9827d970bbc4a01b2238a28953c32219da59731,1,0,0,3,4,0,6,1,7,7,5,8,7,8,12,12,0,24,0.5,True
training_24,train_1062,6c5680061f7346c48ead9279606c53701d9760b032391ec4ee6674f23b42f5fc,5,2,2,4,0,5,4,0,7,7,8,3,7,6,12,12,0,24,0.5,True
training_24,train_1067,f8d74740758fde704c123bb8e21aaaef52da425ed3c60081d76c517c33ccf508,6,1,4,0,6,4,4,6,7,7,7,7,6,6,12,12,0,24,0.5,True
training_24,train_1068,81a27faf163a30c0506a852af7417e6447290c05a93cd3fd082097b664100ed9,2,4,5,3,6,0,3,1,7,7,8,4,4,4,12,12,0,24,0.5,True
training_24,train_1070,b88fea37c195adfd75f39f14fe43c25ad5869ddafd021eebf8c6a301e7f64e30,3,4,6,0,2,4,5,6,7,7,1,4,8,7,12,12,0,24,0.5,True
training_24,train_1071,a7588c6d329ca03ee64411c265115ab06435960b5e0237aa6cd88dab1bae33bf,0,4,3,2,4,6,0,5,7,7,6,1,9,8,12,12,0,24,0.5,True
training_24,train_1074,b1f8a32c14b3fa930930b12ac9e914e8b156fe03d7fe4a13029e1141dcaf2142,1,6,6,4,2,2,1,0,7,7,7,8,12,13,12,12,0,24,0.5,True
training_24,train_1075,e4e7ef1dba3efd271bcf0b487ecc650d4ebc39a3e79e8e43f87c5e311d6238bc,4,2,3,5,5,0,0,0,7,7,3,6,7,8,12,12,0,24,0.5,True
training_24,train_1078,249a2cb075cf008ce088006fa4b8854e27dcf51ceebdcbad6a671be91091799d,2,2,0,6,0,0,3,0,7,7,4,3,10,9,12,12,0,24,0.5,True
training_24,train_1079,ee5e093bbeb0530dbc2e7df525d8d0c92a064b3a73aedb190b2aebe29ad3a58d,3,3,4,5,2,0,0,3,7,7,4,3,7,6,12,12,0,24,0.5,True
training_24,train_1080,e249b4c41e76e8e1e3fca9daf59817aba2e04e0d3637cfa578bb8b060d682c3f,2,2,6,2,2,4,3,6,7,7,2,5,6,7,12,12,0,24,0.5,True
training_24,train_1081,41e5b565d1412cc763eae489763dfd3ad6b7123e9c3a900d043d8034b7c16e15,4,4,3,2,6,4,2,6,7,7,2,4,5,5,12,12,0,24,0.5,True
training_24,train_1083,a357b124701fe44415b07ff4fd8f997d3759e26d5a18441b3efdd7fefc825dae,4,1,0,1,0,4,2,6,7,7,7,7,13,13,12,12,0,24,0.5,True
training_24,train_1086,0122fa42af7a2d82ea2ec51c5c7ce23fdd33d81089b9fd6e60e19d9f4d54110a,6,1,0,1,5,0,6,3,7,7,2,8,10,10,12,12,0,24,0.5,True
training_24,train_1088,aa7691a3e8a9cffa0d449e3fd0a14f2372d7182b4e16793ac69e86eac8ce6d60,5,1,5,6,3,0,1,1,7,7,3,4,10,9,12,12,0,24,0.5,True
training_24,train_1091,af0358da98fb82ee3be052aa1d1c4ce8b7164e90807469f9b6f74308cdf2b7dc,2,5,5,4,5,6,3,6,7,7,8,2,4,4,12,12,0,24,0.5,True
training_24,train_1092,7e9b03c86a88f3108e086e1b3cd54adb49ca5080765a63bab0bfad4b421e4e2d,4,2,0,6,0,1,4,5,7,7,7,5,5,5,12,12,0,24,0.5,True
training_24,train_1094,e01640fa84b6598bd57b47232ad914b8490fa50105978f647b7eb97cd50a9bb6,4,6,2,0,4,5,6,2,7,7,1,6,7,6,12,12,0,24,0.5,True
training_24,train_1095,ac6bf2e95e5017e383a9faa5566ad25dee8766068d21f5a1a4a43c41f6fe9abd,1,5,5,2,0,0,0,4,7,7,6,2,7,7,12,12,0,24,0.5,True
training_24,train_1103,3ab056074624be9544e227b6b00836d2d3d1fa2bdde115806958376557dcdb0e,0,3,4,2,2,5,0,1,7,7,4,2,5,5,12,12,0,24,0.5,True
training_24,train_1107,c7bc43e533fcc73807ac77dfa757497cbc1e003dff63eb63da3964f54974ea9f,4,1,2,0,1,6,6,3,7,7,8,4,7,7,12,12,0,24,0.5,True
training_24,train_1108,1a144ef1721f56635b790a5e1035cf3f97b53fcbcf329a7bc38e1f7103a8557d,0,0,3,5,5,1,1,0,7,7,6,1,6,7,12,12,0,24,0.5,True
training_24,train_1110,512e45f0fef4112f752da0e9fd0fd736b6b980185c16dcc174adc01363f39fc2,0,4,3,1,6,6,0,6,7,7,8,2,8,8,12,12,0,24,0.5,True
training_24,train_1111,d9f1df05e7ac1ff152e4684894c508f5603063e17dc15ede584ef081c6e55946,1,2,4,5,4,1,3,3,7,7,4,3,6,7,12,12,0,24,0.5,True
training_24,train_1112,ab1dc8e69ddbd0ead4fb9654de4a21f7424691d2948ce6df822221f739ce65b6,5,3,1,2,4,0,3,5,7,7,4,4,5,5,12,12,0,24,0.5,True
training_24,train_1114,31ff73815ffcbc63e816bba49b66b3430c080a231daed1ee9994593f177b6d5e,6,1,4,3,1,2,1,4,7,7,8,8,4,4,12,12,0,24,0.5,True
training_24,train_1115,6a949c4eebcfe49731bc809a5a325ed521c4e30397d579733bbfa78c589ebdd2,1,4,5,6,1,5,0,0,7,7,1,5,11,13,12,12,0,24,0.5,True
training_24,train_1117,2f58d400d29dda3dd0a4171d3a80380545d84f0c88feb2b4c95bb7f52511544f,4,0,4,6,1,5,0,2,7,7,8,6,10,10,12,12,0,24,0.5,True
training_24,train_1118,24a860a2ad1774ac65bed642c57af1f6799703a96bfd83ef66ad5da02aa556e6,4,2,1,6,0,0,6,3,7,7,6,3,7,8,12,12,0,24,0.5,True
training_24,train_1120,9450b10edcf141074ec627af0c69f0efa1f928b422c026f66f3b88ba881cbda9,1,1,6,3,1,2,3,6,7,7,1,7,6,6,12,12,0,24,0.5,True
training_24,train_1121,507d11abe6004042f2ff3b828e1676c1615de1254bf5040a4d7ac149aa4de5c7,6,5,3,2,6,1,5,4,7,7,6,2,4,4,12,12,0,24,0.5,True
training_24,train_1122,43d2735037b36c779a2ce03f4c056dadc65906287edc128548a03cef4881d913,5,3,2,2,5,5,6,3,7,7,2,1,6,7,12,12,0,24,0.5,True
training_24,train_1126,b465c6609a606948a38c7678860c1e58672753a4c07de8691fad5ff56490adf5,0,1,6,2,5,3,2,0,7,7,7,7,6,6,12,12,0,24,0.5,True
training_24,train_1130,445de7c7673517b06a062ec11cabcc318f4eb0507b4cb717017c2a3254471d93,3,4,5,5,6,2,2,6,7,7,5,3,4,4,12,12,0,24,0.5,True
training_24,train_1131,599496ccd8d9f6a024260ee3890e409626b90e5f078a7252f65671794ed7af44,5,4,0,1,0,6,2,4,7,7,7,3,5,5,12,12,0,24,0.5,True
training_24,train_1132,b9cccf1f7c3e661e43f12b4e1ae6e0ac3f1a1121ebbfd71aee6ea4407fa73a18,6,6,0,2,2,6,3,1,7,7,4,8,6,6,12,12,0,24,0.5,True
training_24,train_1137,bf441b6a72137390c782dbd58234c4768fa051a6d81f7f74602b21d6fcb35aed,6,1,0,5,4,2,0,1,7,7,3,8,7,6,12,12,0,24,0.5,True
training_24,train_1140,b98500076f915bc5958da1be60ce7e6982d51e1a8c878ec7f659f5ecdd4418fc,1,4,4,3,0,4,3,0,7,7,1,6,7,6,12,12,0,24,0.5,True
training_24,train_1143,122905b7caf507daa2354a8ef3ff9f88eea298f6af03ab3ee4ff3ea0cc1895c5,4,2,3,4,6,5,4,1,7,7,7,1,4,4,12,12,0,24,0.5,True
training_24,train_1145,644fbc35f89881fcbdcdaefd6c8186edf54ec2c9482adf40cf427d3bd495b891,5,6,4,0,6,5,1,5,7,7,2,5,7,8,12,12,0,24,0.5,True
training_24,train_1146,5b46331e968bec27bdc5f01dbd03bf40934d1f1a4616c6665fd8a5e0d1b009b6,0,5,2,4,1,1,3,2,7,7,5,6,6,7,12,12,0,24,0.5,True
training_24,train_1149,f54a870a8104e4fa3c13bc322e8a723cb282a63a952f10f35ad9ae37faf86432,4,1,0,0,0,5,2,4,7,7,8,5,7,6,12,12,0,24,0.5,True
training_24,train_1150,dae82e9b8ad35c1fe540fe72903a1b0fe9d3038cea16a4b1ae003b1cc983d451,5,5,2,1,6,5,3,6,7,7,1,3,8,8,12,12,0,24,0.5,True
training_24,train_1151,8d00d14ba5a9804316652cc10b3c1831cb36a01e216979c93f7413e20212df71,6,4,0,1,2,5,3,1,7,7,5,6,6,7,12,12,0,24,0.5,True
training_24,train_1152,819563434de994c552f3ea61a0d0a7a424db19d72d436ba855726863e555ac1c,4,5,6,6,6,0,1,4,7,7,7,4,6,7,12,12,0,24,0.5,True
training_24,train_1154,a70ef1f44ec17e0bd64d0549ced03ac1cade0b75ee2caa524e54a9788fa6f299,6,3,2,0,0,5,4,5,7,7,8,4,7,7,12,12,0,24,0.5,True
training_24,train_1156,a2b5d1aa7e3c7e39a3ceb10350c070750f6e511d6196db722bb0e8bbf6ccf919,4,0,5,3,4,6,3,1,7,7,6,2,4,4,12,12,0,24,0.5,True
training_24,train_1158,5bf7a257e2487239b78d6d3afeaa7d32c2ebe2f4f2d24c6d96101e0bd4b32001,0,4,2,6,6,6,3,3,7,7,8,4,4,4,12,12,0,24,0.5,True
training_24,train_1159,7414f06275ccfbef521cd21cfeed76c83c7e22194a58259e84efd9d16608f744,5,4,4,6,3,2,1,4,7,7,4,6,5,5,12,12,0,24,0.5,True
training_24,train_1160,afa5898c29fdf8dbfe029511e05ce09fb8863f11dc1b13abd5716d1c2d64794d,4,3,6,4,1,0,1,3,7,7,6,5,9,10,12,12,0,24,0.5,True
training_24,train_1162,5cc258c97dc9267568d8b32038ecf1c671312fb1fcd64555a810db37245c61cf,1,3,4,4,6,6,4,0,7,7,8,6,4,4,12,12,0,24,0.5,True
training_24,train_1165,df56550586f9ff0bb8d89cc6be10fbb4e7a4e30c2df35f65a54af0a1b86332c9,2,4,4,2,0,1,6,6,7,7,5,6,7,6,12,12,0,24,0.5,True
training_24,train_1166,c397cf78a02454abd7151bcafb35d40ba511853f821e552dc2685725601eaa62,1,6,6,4,3,1,0,5,7,7,7,2,8,7,12,12,0,24,0.5,True
training_24,train_1168,8dc2e4748f118970efc0eeaaf5aa9fdab376ab7f27a13f2a1083e1b5483e3342,2,1,5,4,0,1,3,3,7,7,2,3,10,11,12,12,0,24,0.5,True
training_24,train_1170,1273325bc6f0eb559d1615ecdb86f3eddfbef0e37b06483700a3d6a895d6d036,5,3,4,6,0,1,4,0,7,7,7,8,9,10,12,12,0,24,0.5,True
training_24,train_1171,8b29fd68598565c6ddf0d9b3fe45484bdf0ba200a6e4fbad611acfc12bf34586,5,4,0,1,4,2,4,0,7,7,3,7,5,5,12,12,0,24,0.5,True
training_24,train_1172,cf499b5a9474e192e84223e00cbbd4d6f4c7adb4205c43cab140d333a33a225b,2,3,2,6,5,4,0,3,7,7,6,2,5,5,12,12,0,24,0.5,True
training_24,train_1174,388f257cb2caeec78fd582a2390e46ab9cd8b7e750fc91c052d79c4b6c86e267,5,2,5,6,0,4,2,6,7,7,7,7,7,7,12,12,0,24,0.5,True
training_24,train_1175,785b764f1d84a82aa5994f4fe66ac6f80aa4b368ecaf05d11ec893fef61b5ae9,6,3,2,3,3,0,1,0,7,7,6,8,4,4,12,12,0,24,0.5,True
training_24,train_1176,d335a6989c9fabf856175b4d23e90e96374366dcbf0e4dd01f6f1b6aa3f61042,5,5,0,3,5,4,3,6,7,7,1,3,6,6,12,12,0,24,0.5,True
training_24,train_1179,2a56712c08d5a8a5684f430338797194e57ac0308cef681ee8609df7a2bd51a6,0,1,1,3,3,6,3,0,7,7,8,4,5,5,12,12,0,24,0.5,True
training_24,train_1180,7c00742ac199181f84d79203060a71a97c5ca4e85e64f7e21c7d3debb3aa0569,2,2,2,5,6,5,0,0,7,7,7,4,6,7,12,12,0,24,0.5,True
training_24,train_1181,b3ed991a317c901086ddd1224b1a914d6cade0913e0e5050da4a5e7464012bb2,4,1,6,1,0,4,2,6,7,7,7,7,9,9,12,12,0,24,0.5,True
training_24,train_1182,94b98943d80c07143deac8f060f11f7933bc5e508ddb0b72256b4336b04add15,5,1,0,4,4,0,5,3,7,7,2,2,8,8,12,12,0,24,0.5,True
training_24,train_1183,8ce3beaa141bdc7cbc8ca7e919fef60bfd986d0d3ab6597ff27829d62381a504,4,1,3,5,5,0,6,3,7,7,2,4,11,13,12,12,0,24,0.5,True
training_24,train_1184,156032a856ef762d79585e006d9cb9a679c98f579b59fe4a6854da17d58a825e,3,4,6,0,0,3,5,6,7,7,4,4,11,11,12,12,0,24,0.5,True
training_24,train_1186,8e83f1884fc478d3b31123f7a87b790e87623edb8d76a85fcd469e6243f44853,5,5,4,1,2,5,0,6,7,7,5,6,10,9,12,12,0,24,0.5,True
training_24,train_1190,cdd09e53979741076398f90109fcc725a6436b7e277065a643dc25b4b3aea45f,1,6,4,0,6,5,1,3,7,7,6,3,7,6,12,12,0,24,0.5,True
training_24,train_1191,7c848ab6ced2d039880d892f546405ad4bd2eaca7f268d6518cd0776acdc0000,5,2,6,5,0,5,3,2,7,7,8,2,6,6,12,12,0,24,0.5,True
training_24,train_1192,d786547656516173dae97f249128fd3c86451eebfd8437aae2ae6c8e68238587,4,4,5,6,5,1,2,2,7,7,4,4,7,7,12,12,0,24,0.5,True
training_24,train_1194,afe2ffb4317a674bbd3726c6b678300878af5131562a2c2ef47b4d5f916c064e,2,3,4,1,6,5,0,3,7,7,6,2,6,6,12,12,0,24,0.5,True
training_24,train_1195,a3c59abc22662e93b57f3302b7d0bbdecdd7c34b289c32eedcd66f39c57e52c8,3,5,6,1,3,6,1,1,7,7,1,6,8,7,12,12,0,24,0.5,True
training_24,train_1198,04261c4937cecc3e5012c146163f208e96ec5cb4538febc10dd92c683b702b48,0,3,3,0,3,6,0,4,7,7,6,1,10,11,12,12,0,24,0.5,True
training_24,train_1202,915ec92a7c1a9ad848b414e90b2cc2c2cf706e8cfc946d968674933f48248826,2,2,3,6,0,1,6,2,7,7,3,6,8,7,12,12,0,24,0.5,True
training_24,train_1204,d406cf8270fd3f3ecb3e79429700abe4165938fa308cc791432764780f28a2ff,2,4,0,5,4,0,6,5,7,7,6,5,9,8,12,12,0,24,0.5,True
training_24,train_1208,ef31d803424106c5626e3c83aa9006c58d8d91c51eed314f3ec564d5b363ec64,1,3,3,2,5,1,0,6,7,7,8,8,7,7,12,12,0,24,0.5,True
training_24,train_1211,df08d0f527805d43096ab880a3ac27d71d18faba987fe35d5770989d0134038a,6,1,4,0,3,5,1,4,7,7,7,8,6,7,12,12,0,24,0.5,True
training_24,train_1212,41bcdfbbaf79f11c39bf491ca77723ccdb3848113b594b166fb29c82c491b0fe,6,2,5,6,6,1,2,2,7,7,1,4,6,7,12,12,0,24,0.5,True
training_24,train_1213,0ade721f5d12375242cfc7c9f31d1b375ba8c162b18b9138257d250db1ddbe5d,3,4,2,6,3,3,0,4,7,7,1,5,4,4,12,12,0,24,0.5,True
training_24,train_1216,2c3e4371b6bad3664f542fa292ec4f90dabf6dce12fc70099f68f75a99189b00,4,4,6,2,2,4,1,1,7,7,4,6,6,6,12,12,0,24,0.5,True
training_24,train_1218,5551d9eccf0fec8890925e8ac6d2506cf4c99eb55e79fc4aa9d4b9a46fe516f3,2,2,6,4,5,5,6,1,7,7,6,5,6,7,12,12,0,24,0.5,True
training_24,train_1220,73e55fffb98479fb4712c88feea293b1fe2823c5613825d57816c7c7de02dcdd,3,5,0,2,2,0,3,3,7,7,6,2,4,4,12,12,0,24,0.5,True
training_24,train_1221,686b2905f1dd63cbc041da2a143c7c5a36219d8b2be3c53068f89e306f83d925,2,2,3,0,4,3,6,1,7,7,3,5,4,4,12,12,0,24,0.5,True
training_24,train_1224,1e4c92bd0bd94f318ef3cc94cdfb5e45a11125615f0c1dcaa61c08bbfe15b298,4,0,4,4,3,0,1,1,7,7,1,4,7,6,12,12,0,24,0.5,True
training_24,train_1225,ed29e364d4a06ad18625a66d1f03e35fdfb478f82a88faf3238951339650d177,1,2,2,0,2,6,4,6,7,7,5,7,12,10,12,12,0,24,0.5,True
training_24,train_1226,beaf24d2a91dca9e803593035ffeb724e627f8589089187a274011bbe72697c5,5,5,0,4,4,3,2,2,7,7,3,6,7,8,12,12,0,24,0.5,True
training_24,train_1227,3a8837b16299097c19da2580c26efdccd44cfe990e686af38540cc6c236095b3,1,5,4,1,0,6,0,0,7,7,2,6,9,9,12,12,0,24,0.5,True
training_24,train_1228,5c1895160b7770a3278eef259b4d6ddc97e3ccd8100e802d1efe8cccf6ffa85c,0,3,6,4,1,5,4,1,7,7,3,6,6,7,12,12,0,24,0.5,True
training_24,train_1231,fa31584ac9d069ba6bd945990dbadaa62689095deaef977ea8d5cd4973d64f59,2,2,4,1,4,6,6,6,7,7,6,8,7,7,12,12,0,24,0.5,True
training_24,train_1233,56ef1f7b9f02685b25384e9c93c1c82d49cd23069f1c4abfe3dbe723c0d4695c,2,2,4,6,2,3,5,2,7,7,1,3,5,5,12,12,0,24,0.5,True
training_24,train_1235,31ca636f38c1593e00af0fb20354a427bd74fc27238f3b0d9e1567b479343a67,4,6,5,3,4,0,6,0,7,7,6,8,4,4,12,12,0,24,0.5,True
training_24,train_1237,1f9256c0b8ff383660a88db1729789cd7d3bdf51fd02b53d11e8d1c3cd68da5d,3,2,5,4,0,5,2,6,7,7,6,7,6,7,12,12,0,24,0.5,True
training_24,train_1238,42ae1193eb2c01f26a44ccd2c26ceb69634a7422d54a7712e51505b0d3c15896,1,6,2,0,0,2,4,5,7,7,5,8,8,7,12,12,0,24,0.5,True
training_24,train_1239,7980118b8599daf375fd8d3d818f31289eb3fa9fb6afaa5c605485139aca212d,2,3,3,5,1,4,6,5,7,7,2,6,5,5,12,12,0,24,0.5,True
training_24,train_1242,ce7588c7191ef81bdd023ae1efe14dc6f98c65acefc6ed0487ea60c2d0913129,2,4,5,5,0,2,1,0,7,7,4,5,8,9,12,12,0,24,0.5,True
training_24,train_1243,3999c36a6468ad1aa9fb6450bbe362c87c6a952c6c12e705b0930574308dbfd4,1,3,5,0,0,1,3,4,7,7,3,3,6,6,12,12,0,24,0.5,True
training_24,train_1244,d5348bb92320af867836f7464a792b912eda0cafb7f3702f701fefdd56140f26,5,4,3,3,0,6,4,0,7,7,7,5,6,6,12,12,0,24,0.5,True
training_24,train_1245,e9fc9014916f09bc2df4b0ebbb0bba6cad90e7a9ed2d8e09775377e8f9e445f5,4,4,0,3,4,2,2,0,7,7,2,6,5,5,12,12,0,24,0.5,True
training_24,train_1246,e84f2ad0cfe8eed4c9419c89220ceeae8a50d0d39db22b0d52362e7d2432562b,6,1,2,4,2,0,6,4,7,7,7,5,4,4,12,12,0,24,0.5,True
training_24,train_1247,3e6ee94737ab71bea7d5b7c51373cdb4c034a67d9241275c952113d57e8aa069,2,3,0,3,6,2,3,4,7,7,5,2,9,8,12,12,0,24,0.5,True
training_24,train_1249,3cd8e68db4743fb0b938fac07d88daf8f22799c6015fb2eb2662a09cd8811f90,2,1,6,3,3,3,0,2,7,7,3,3,9,9,12,12,0,24,0.5,True
training_24,train_1252,cbf6797e75749383a7712986e6b10bf85ee1d4f6e551676469bccc0f8b7f7f4c,6,1,2,5,5,3,2,1,7,7,3,6,7,6,12,12,0,24,0.5,True
training_24,train_1253,18bd38785c78c56208eb4596606424905f48eb589147d12647e33634538c540b,1,4,4,3,1,2,5,6,7,7,2,6,4,4,12,12,0,24,0.5,True
training_24,train_1254,9ce8341c56c912d6b4b9561916c989f81f49fe57e0725a3741527914164bfce9,4,5,5,0,4,6,0,3,7,7,1,6,9,8,12,12,0,24,0.5,True
training_24,train_1262,367ca3a6b91a4123a727da10006f992de5ced40c0201c5b9260b4b87bdd4faf3,1,3,3,5,0,1,6,2,7,7,3,6,7,6,12,12,0,24,0.5,True
training_24,train_1263,04a0b2c424e3c1e1dd519f617851e1313dcde9b1b0ee1c50331d36ae94beede5,2,3,4,6,1,2,3,1,7,7,2,3,11,12,12,12,0,24,0.5,True
training_24,train_1265,b78fc353e5f94e7b2b55e8363cc79e5724bae7db8ca0eddb38ebede351822f16,2,3,4,6,6,1,3,1,7,7,6,5,7,6,12,12,0,24,0.5,True
training_24,train_1266,a501e0ebf1d7fb88ac1b8dbf880aa99099d36053452ff5aff97c66f5a7471757,1,4,6,5,0,6,2,2,7,7,3,3,7,7,12,12,0,24,0.5,True
training_24,train_1268,71bfcd17c4512659ef2b7d54b7cc2a23d43da5e1a7c9642e1e418d6d686c0477,1,6,6,1,6,5,1,3,7,7,6,5,6,7,12,12,0,24,0.5,True
training_24,train_1270,0e6d88eb7a74287ecb6889afdd189c8f60df4d431155ab3669778cc2b7c22223,6,6,2,2,0,5,4,5,7,7,7,3,5,5,12,12,0,24,0.5,True
training_24,train_1271,45546c22766d38ce468461414a82430ad71caf8533d1dff4f04d61759513648a,1,1,0,3,4,4,5,2,7,7,6,5,9,8,12,12,0,24,0.5,True
training_24,train_1275,c075b0a23dc4e560a0f0a98887f41205d11b06df3b88c93c4f8bd78497858f8f,3,4,6,0,2,0,6,4,7,7,5,3,6,6,12,12,0,24,0.5,True
training_24,train_1276,fa55f4a869ec83c54a01da6ff9690b8173693f95411858b392edae068bcb7d3a,5,1,6,4,2,5,3,2,7,7,7,3,5,5,12,12,0,24,0.5,True
training_24,train_1278,1737e6a43d74cb75d646994cb75282d062237d9c6948cb1a5ce597ec95c4c749,2,2,6,1,5,5,3,3,7,7,8,2,5,5,12,12,0,24,0.5,True
training_24,train_1279,3685f2bc0ce0a31cbb79951b529312ec0c9215e05113df7c8d08b85d05cc845e,3,3,5,3,2,2,6,6,7,7,2,8,4,4,12,12,0,24,0.5,True
training_24,train_1281,b2104a4f7c7a28cfdb7c2d03ad79c83831f66f9bdb1b7c5cb00c59983870df89,3,6,0,2,4,5,3,1,7,7,2,7,7,6,12,12,0,24,0.5,True
training_24,train_1283,350d5b2f547077fb8e921bf6d87e70fe2508fc329816052866a0bfd9880482ea,5,2,0,3,5,1,3,0,7,7,1,4,7,6,12,12,0,24,0.5,True
training_24,train_1284,6a9e853b6e7bba7c7311200c2b9392d1f89c5e58b273ca44dacda1ed84592ba9,5,0,0,3,3,4,5,3,7,7,6,3,8,9,12,12,0,24,0.5,True
training_24,train_1285,f38c4abef7dd0124beb4b1e86fbd4c2e6f698bfb8a8d6e4c4c8090a7f1205d99,3,3,2,6,0,2,6,4,7,7,4,4,6,6,12,12,0,24,0.5,True
training_24,train_1287,6597d7ac884bafc7da8dfe154d55c29759c4dbac0b8f3a611618ed29b4d4bfa7,3,1,2,5,2,2,1,0,7,7,2,3,9,8,12,12,0,24,0.5,True
training_24,train_1289,2e5f2e478e9aeb9caeeaf02be9ec0800a034012ff134ed6ef1fc96c4d3ea28b4,4,2,5,6,1,4,3,1,7,7,5,2,6,7,12,12,0,24,0.5,True
training_24,train_1290,cad3c9530d8ad9b8b5efcc579aadcc09ec06ae872b51d829573964149058fa56,3,1,6,2,3,0,2,3,7,7,1,5,5,5,12,12,0,24,0.5,True
training_24,train_1295,0659ca19692901725d20ddba3ae5f477247b58621db11d2b523e73536cf16f1d,3,0,2,3,4,0,6,2,7,7,1,5,5,5,12,12,0,24,0.5,True
training_24,train_1296,0bb401849ef2b0eaa2c4c302fd60a18dd16bdd8f6b2c287260aef2dd34009bbf,4,0,1,6,1,0,0,2,7,7,3,6,8,7,12,12,0,24,0.5,True
training_24,train_1297,b163a67071a93900efa9fabedfd42d06039e59da57a3bad30bb3936fd7084a1f,1,3,5,1,0,3,2,6,7,7,1,4,7,8,12,12,0,24,0.5,True
training_24,train_1299,9dbbfb3f6e27c4c4d60310a0d13df0a9f618cc20ec5fd1d3bdb7759338980b43,1,0,2,3,0,1,0,5,7,7,2,6,4,4,12,12,0,24,0.5,True
training_24,train_1302,3ddf39e1f7b4daac4e765e9b8b889d1934a1bfa54d2947c02aae404559c017a3,4,5,6,4,2,4,3,0,7,7,5,6,8,7,12,12,0,24,0.5,True
training_24,train_1304,9b8722fa34cbc14d837a51786922642ca6281f519fa40ce553b75833374432c1,1,5,5,3,0,2,2,1,7,7,4,5,8,7,12,12,0,24,0.5,True
training_24,train_1306,2ff1b72849dc386fde8cf80f730af8034667eecd773c4b97f9b0d6dd61ae82fe,1,1,1,5,4,0,2,2,7,7,4,2,8,8,12,12,0,24,0.5,True
training_24,train_1307,7a257c9a0643cc572e59fc4077fd04556a6935105a0798e078e16ae4473587f6,4,1,2,6,6,5,4,2,7,7,6,1,7,6,12,12,0,24,0.5,True
training_24,train_1310,6a02036be20064a63450137807e5c00d0a8eabbadb05fec7c6b7306dc1552c46,3,6,5,2,0,2,4,6,7,7,7,1,9,9,12,12,0,24,0.5,True
training_24,train_1312,75d4c9189dc2cd9244cec50a00df16027edf107e97c8fade5cb47e7bf33bdcc1,1,4,5,4,1,3,3,4,7,7,1,2,7,6,12,12,0,24,0.5,True
training_24,train_1313,1b0005b1ed202bfd76c2126923097f4ef8b78af99cf22a14b9270cca22edf5a3,6,6,3,0,6,5,3,5,7,7,1,4,8,7,12,12,0,24,0.5,True
training_24,train_1315,4576f44ef02bcb2f9a317389f4d7bfd038b0080c5f648bebf532a9bd7f372193,5,1,5,3,3,2,2,0,7,7,3,4,7,8,12,12,0,24,0.5,True
training_24,train_1316,033d122e6371f4a598425f551f3b6f78a583590e86f1ccd2a6adf6f0879b4f6a,1,3,6,1,0,0,1,6,7,7,4,3,11,10,12,12,0,24,0.5,True
training_24,train_1319,b84fccf72e247ef32a5eec4acc360acefb64c859b0730cfd0de224629770beb5,1,1,4,3,0,1,5,0,7,7,1,5,6,6,12,12,0,24,0.5,True
training_24,train_1320,6b6ae63d5b9f8a94273f83f94ea6bb2575da4262d5053ef448beb7f63a64819e,1,0,2,6,1,2,5,4,7,7,2,8,5,5,12,12,0,24,0.5,True
training_24,train_1322,a8b7623bf8f15cdbe0cdb084bfe47b925831401a05c78a2a65ce16b04bbfd0e6,5,0,4,4,3,3,2,0,7,7,5,3,10,10,12,12,0,24,0.5,True
training_24,train_1323,f6a9941da76ac0918498f23e8fe8a37bea4adcb3879e8d71b82d62e769318384,3,2,5,1,1,2,1,5,7,7,4,5,7,8,12,12,0,24,0.5,True
training_24,train_1324,ed60d72c97d83888f6d9a9106bb5179ecf13854519b69b68912742c70041b5e4,4,4,1,4,4,2,3,0,7,7,2,5,7,6,12,12,0,24,0.5,True
training_24,train_1327,963a477e1ea68f46801f483958476e4ca458e651b14077a494599a36c60ce8fc,5,3,6,6,3,2,5,0,7,7,3,5,7,7,12,12,0,24,0.5,True
training_24,train_1328,a060114db9115cb1e65621e2ce36d38faf0467b5bd7ead96c732680b41afc280,1,4,5,6,1,5,2,0,7,7,1,5,11,11,12,12,0,24,0.5,True
training_24,train_1331,e5078864324e01f48d6c1add9ac6870cf22de9aa7e1f00b6455c20f1e0f8cc28,4,2,2,6,5,3,0,2,7,7,2,6,6,6,12,12,0,24,0.5,True
training_24,train_1332,2fbe33d15217ac949e0b83e05a448a5afd16195657faa8b4056015d83b598c60,2,1,5,0,0,0,0,4,7,7,3,5,9,9,12,12,0,24,0.5,True
training_24,train_1338,e336ed4a22aad81d07f22b82a2c0e33be7ce0f48eae1475044bf7fda26e1bb8a,4,5,6,2,3,5,2,3,7,7,1,4,8,7,12,12,0,24,0.5,True
training_24,train_1340,880a3e4134f19845947cdce7ae81716f1373723d597d6feb1eb2685d81bcfd70,3,5,6,2,0,0,3,1,7,7,8,6,14,12,12,12,0,24,0.5,True
training_24,train_1341,ad3b55e6e9a3575878048762912b2b27e98ab5e51f7f2520acf72c8836704cf2,1,2,3,1,6,0,5,3,7,7,7,5,4,4,12,12,0,24,0.5,True
training_24,train_1344,f6131315e0fc9b2a8b54abea6dff3c5d3d20f8846f286481fc7d1b330856cc57,4,2,5,4,1,6,1,2,7,7,7,3,6,6,12,12,0,24,0.5,True
training_24,train_1345,11409ef9ee99dc93f29ad10b9d7b1cca952cfa1f0db0b56744b40015a543b203,5,0,0,5,6,3,4,2,7,7,8,3,8,7,12,12,0,24,0.5,True
training_24,train_1347,ece10a426d276e12b6c772e5adb32fcd95764fbb60cf106b74312c0ba65db7a6,2,0,2,6,6,4,4,2,7,7,8,4,6,6,12,12,0,24,0.5,True
training_24,train_1348,6b6220a64a69acaeac7729b797d203cbba6a8908410e9f812ed714483442b53a,6,3,0,3,6,2,6,0,7,7,1,5,9,9,12,12,0,24,0.5,True
training_24,train_1349,5691c204da513ac4014d6ea75449793fc879bca2814e0ded8de815d500755dd2,3,3,5,6,2,2,4,1,7,7,2,3,7,6,12,12,0,24,0.5,True
training_24,train_1350,977233134b41bbe57a40433ad06bdf56d0042d0576b2313f9bef5ab164f3f912,1,4,0,1,2,4,4,1,7,7,1,6,7,6,12,12,0,24,0.5,True
training_24,train_1351,93cdf8f0fdee7af6fea09e55b599f07180a64068d368317133f19ccd20948df4,0,3,6,2,1,5,3,6,7,7,3,6,8,9,12,12,0,24,0.5,True
training_24,train_1353,2527f513f7a7a52ed77f0ab5ead97ccbeb39fb9e0b4819f705ad0aa8c3f8e2c6,1,4,5,6,1,3,4,0,7,7,1,7,7,7,12,12,0,24,0.5,True
training_24,train_1354,16d0a9527bdbfb013505fe9a38a6bacf6661bef0359c71e508c8ed8fc07e342d,6,2,2,1,4,3,1,4,7,7,3,7,4,4,12,12,0,24,0.5,True
training_24,train_1355,002d3d9199d099f671840cef927db3e377283728a829c586f8400c77248500ef,6,6,3,0,6,4,4,5,7,7,2,3,11,10,12,12,0,24,0.5,True
training_24,train_1356,67e552319af2bca9976c678820cb54975517d88424054555819c84fb2a304f3e,5,6,0,4,6,2,4,1,7,7,5,8,8,7,12,12,0,24,0.5,True
training_24,train_1358,4f0de1dddf64939af11a99c66f85b492a568eebdbedb2ee99b5f64ac14ded8bd,5,5,0,4,6,6,5,1,7,7,2,6,10,12,12,12,0,24,0.5,True
training_24,train_1359,0a497057a48d8730ef642ca47784b35d06b11fc3009f16dc989d455aa6e8db51,5,3,4,1,5,4,1,2,7,7,1,7,4,4,12,12,0,24,0.5,True
training_24,train_1361,e9e98862684535445a9adf2d99356f9ecc18b6821d94cd5c344ae57385e14845,4,4,1,6,1,2,4,5,7,7,5,1,4,4,12,12,0,24,0.5,True
training_24,train_1362,6af1fef5d8ec54089df70513707dbcfc580b0c361ab567e1526adb5fac5c9225,3,3,5,5,3,1,6,0,7,7,2,6,6,6,12,12,0,24,0.5,True
training_24,train_1363,dab4e3e4d0d95d2762bedceb7e71ebe672b0176e04ed3f27276abe2cf83dedd6,4,0,5,4,0,4,1,2,7,7,8,5,7,6,12,12,0,24,0.5,True
training_24,train_1366,bb4257cfe4b65af69fc96dac9e5a77efd3c15e5b3a65a3ccd82c5640204adb49,4,4,5,2,2,3,4,5,7,7,3,1,4,4,12,12,0,24,0.5,True
training_24,train_1371,9ed009cde78d8700d965d6dc72854863621689ff3f023057821a8061bafe4708,1,5,0,0,0,5,5,6,7,7,1,5,13,11,12,12,0,24,0.5,True
training_24,train_1372,d08bf968f9e65f7c9b1386ef3e5f3c3f35ee150201180390bba7b10758022713,6,5,4,6,2,2,0,3,7,7,7,8,6,7,12,12,0,24,0.5,True
training_24,train_1374,8686469d7b97cef00f3ab58350e3f0c85c76724b986ce961ed387d17024344c2,2,3,4,0,3,6,6,4,7,7,4,5,7,6,12,12,0,24,0.5,True
training_24,train_1376,b7466d24c76dc45f8775172e296895ba333f304d30f73f9f7f2d303c54f1b63a,2,5,6,4,0,5,1,0,7,7,4,6,9,9,12,12,0,24,0.5,True
training_24,train_1377,92bfdcce25ccbfe3360b6d2d5fa4a22efd3c5d839513e600f03c6aad4d1f70b1,2,3,1,6,6,4,2,0,7,7,7,3,7,7,12,12,0,24,0.5,True
training_24,train_1379,2bad5b422ac4f802aea4891606a1752dde400d0b971ee4d3a4af40e4ac9661b3,4,0,6,6,6,2,1,3,7,7,6,6,8,8,12,12,0,24,0.5,True
training_24,train_1380,51c149c6a67fc6ef1f83ecce9096dbf8ea79f0661e1d74b79a00de0273359783,5,5,6,3,1,4,1,1,7,7,5,8,6,7,12,12,0,24,0.5,True
training_24,train_1383,cfcd97f7b28004430bf637f0a1580016f9a648f605306a574a124c1e3169f3e2,4,1,3,6,0,3,6,6,7,7,8,7,6,7,12,12,0,24,0.5,True
training_24,train_1384,66c695e12a16361803fac59c87b55159d9968c8b006bd0a22ba058916ca0111c,3,1,1,2,2,6,5,6,7,7,6,7,7,8,12,12,0,24,0.5,True
training_24,train_1386,8b6421bd81236f25b694a594ce37302f2e49721394f4a4bca48dc512ad40a18c,5,5,3,5,6,1,0,2,7,7,5,8,7,6,12,12,0,24,0.5,True
training_24,train_1387,5ca93a6bdb1ea42f53faea6f35ed95d8dff1e0844b18b510d5d424c4d31275d6,0,2,4,1,5,5,3,4,7,7,8,5,9,10,12,12,0,24,0.5,True
training_24,train_1388,ac13e2cba3cd04331dc478c185a1dd7c89be8266b8de591a3842ba2856450a35,6,4,0,0,6,3,2,6,7,7,1,6,9,8,12,12,0,24,0.5,True
training_24,train_1389,760dbeb4dad7048590823052312e390cea5d6319010a8b4f2d2cadb51eaa2642,5,5,2,6,2,1,5,2,7,7,7,3,7,7,12,12,0,24,0.5,True
training_24,train_1392,36d202c25aad4ea11c08c0ee0af054a8dde4b87bc33dfb451c49933d93bb3a4a,4,4,0,6,5,1,0,2,7,7,4,8,10,10,12,12,0,24,0.5,True
training_24,train_1394,72c283655e578673e571bb6e7940b0dc81c07d7647a7babf74a9fe1ec3ece42c,3,4,0,2,6,1,4,6,7,7,6,3,7,8,12,12,0,24,0.5,True
training_24,train_1395,6a5f9bc9817fccf7f78f8045685ce8d9f00aa1958ea88b548e94592143792eee,2,2,4,0,3,5,6,5,7,7,4,7,8,7,12,12,0,24,0.5,True
training_24,train_1396,ebaef807837d10aa20fe1328802167cabea3fcf312d61fccf96559ebfafe6f3c,1,6,4,1,0,0,3,5,7,7,7,3,5,5,12,12,0,24,0.5,True
training_24,train_1397,877e372fd20b65de719526b717b85e674a3a7c9b2c52b49d43d136beb7a0ee43,6,2,0,6,6,6,3,2,7,7,8,5,8,7,12,12,0,24,0.5,True
training_24,train_1401,42eefc3146dfec93c7a7c8d512a55f64371067f4a677abc807af80d6f3a387ab,4,5,6,4,3,1,5,0,7,7,5,6,6,7,12,12,0,24,0.5,True
training_24,train_1403,0e5d5b59f03fae113a1851dd8b70ff1787d8b6121f63d4d3ef17665eaee29b62,1,1,2,6,6,1,2,0,7,7,7,2,9,8,12,12,0,24,0.5,True
training_24,train_1404,f8b8a754064d74d79fb6c43343fc9602e00a04bdf5ebd6d855f26c6a08f5aeee,2,0,1,2,6,1,5,5,7,7,5,8,6,7,12,12,0,24,0.5,True
training_24,train_1405,4eb7a5f7951bdbd60d20274506e3ad7ee5f30f5558720d58cf4701ba64b4067b,0,5,6,5,0,3,1,5,7,7,4,1,8,7,12,12,0,24,0.5,True
training_24,train_1406,4f685165cec8595da968fb56aa1117f63278689fe92ef1e6eaa370f2dc41d3fd,2,3,6,0,3,2,0,2,7,7,2,3,7,8,12,12,0,24,0.5,True
training_24,train_1408,d4c5de842d0f91d6a1d4c1a4a363837d14678142467c7a222348a5f733d41aa6,0,0,2,1,4,1,2,5,7,7,7,7,4,4,12,12,0,24,0.5,True
training_24,train_1409,5869a6e710549d1eff86e8f82e14b31408b2e3d87054411eea3273372a82d051,4,6,0,5,6,5,4,2,7,7,3,6,6,7,12,12,0,24,0.5,True
training_24,train_1410,693cd65629e3e7f22e8d8a72b2158334292459a76bdb55f7409c6af4f2e706e7,6,1,5,3,5,1,3,5,7,7,1,7,4,4,12,12,0,24,0.5,True
training_24,train_1411,1c959de323eb50d1efa5a69374d9d22e53f473460061295e9976f5885c90e473,2,0,0,6,3,0,5,5,7,7,1,8,9,10,12,12,0,24,0.5,True
training_24,train_1412,3a4f9fd5daf189383cd1b8bc32260967d40dc21eff15e1f4b861ed5b4ae12e15,5,2,6,0,0,3,2,4,7,7,8,7,9,8,12,12,0,24,0.5,True
training_24,train_1414,4bff7b1b2ccaef3cd7b9dafa473ff1c2f91988b9316108bec8c520853d34a8c2,0,1,0,6,6,2,3,0,7,7,7,6,10,9,12,12,0,24,0.5,True
training_24,train_1416,dbeaee096c834dd2541954bc4c19e02e907a46ffa40982b0aed287d18805af78,0,3,6,3,0,4,0,1,7,7,1,4,9,8,12,12,0,24,0.5,True
training_24,train_1417,68792ee9874bb56e935bb71a3765b797ba1e278636c4d4adcd75054125cc6498,1,2,4,1,0,4,1,6,7,7,3,4,7,8,12,12,0,24,0.5,True
training_24,train_1421,e06a2c1528620814806ecbedaa3ad4027786e68b445718543a1c49b4f68e30b2,5,5,6,0,6,5,2,2,7,7,1,6,7,6,12,12,0,24,0.5,True
training_24,train_1422,0208edcc01273697d5ee551f003ca6689a6d87574f7b2e52fe0392d6621ed5fd,6,4,4,0,0,2,5,4,7,7,8,1,6,7,12,12,0,24,0.5,True
training_24,train_1427,4d65b75e28c23230127c745ca4a35ab3dc3fb6722ee2e31439e85f3e90270b44,4,4,1,6,6,3,1,0,7,7,3,7,8,8,12,12,0,24,0.5,True
training_24,train_1428,d895dc9f643434ff7bc7f348892b20087e55fdb61a2137a983db4088efc2cdff,2,5,1,3,6,3,3,0,7,7,6,6,5,5,12,12,0,24,0.5,True
training_24,train_1429,168707f736b9720344bf1c27a803be383c2f4af0e0816ec0a8fa84f20dbfdd2c,1,4,5,2,3,6,1,5,7,7,4,1,6,7,12,12,0,24,0.5,True
training_24,train_1430,76379b2428a64b3002c948b9c2e5267b7ee13a1edf8b7c380bdc725f3f9a274d,5,6,6,3,2,3,6,1,7,7,6,8,4,4,12,12,0,24,0.5,True
training_24,train_1431,bae22d6be1c2347dfa652028053a50eb00c133811a568604b2376b9642b14764,0,3,3,3,0,5,6,3,7,7,2,8,5,5,12,12,0,24,0.5,True
training_24,train_1432,a923fdcb4b29f49bb1c3b0bc0caa6ba1f7722a1a6a426cf861aaa4f92255f8e7,3,4,4,6,0,2,2,1,7,7,7,8,8,9,12,12,0,24,0.5,True
training_24,train_1434,b4151898254041235c9ba129adbc8d552f6222466c89da95b3cdd2754651ae07,4,4,1,0,3,3,1,4,7,7,2,3,7,6,12,12,0,24,0.5,True
training_24,train_1435,293d791293a38170d32c16db666d527673e83e1feb6186e599db0b54fc7c90ae,6,4,4,6,6,1,0,2,7,7,5,8,7,8,12,12,0,24,0.5,True
training_24,train_1437,93744818aab632533f4b799b4638d4ec9d90f50cce2f0b25df5732b153b52850,2,0,5,1,3,5,1,6,7,7,6,7,8,9,12,12,0,24,0.5,True
training_24,train_1439,129faa8f40c626f6ec1c4a66005bfd67c6e61bb7f9fe8361b91757320382e0f7,6,0,0,5,2,1,5,4,7,7,5,5,6,6,12,12,0,24,0.5,True
training_24,train_1444,596398343ad625546be9ba188a1814ec9808cf1f6597daa65486787b2c27f450,1,1,3,3,6,4,2,6,7,7,8,6,4,4,12,12,0,24,0.5,True
training_24,train_1445,b672a19d8f4bdfbcd4ee1bcce42f4fe4aa96b1a8e4fe1e09d59dbdf458c66da6,4,2,6,5,0,6,0,0,7,7,8,6,13,11,12,12,0,24,0.5,True
training_24,train_1446,774d1b1b998db330f57514b39c4e07f5071a987d84226e2e2409fdec2f3c1638,0,2,2,6,6,2,2,0,7,7,8,6,8,8,12,12,0,24,0.5,True
training_24,train_1447,e4ad20d3add8e55619d4be492a3f896dc8af03aeb23f92de7d12c6971f474d19,0,3,2,1,4,5,1,6,7,7,6,4,6,6,12,12,0,24,0.5,True
training_24,train_1448,450453dd97e7f714b5091c6d89d4506fb0996337cf4b8febf88913930e173c80,3,2,3,6,0,5,6,5,7,7,6,8,4,4,12,12,0,24,0.5,True
training_24,train_1451,ae96db546ce44869d0f2d1996e811dfd80303a201220fa66279f4f0810a8d65c,4,1,5,5,3,2,1,6,7,7,2,8,5,5,12,12,0,24,0.5,True
training_24,train_1452,b1a59bc13507dcb84487785fdab02930de9a65b12c2d3a7586f8343b343b2648,5,3,2,3,1,0,6,0,7,7,7,4,6,7,12,12,0,24,0.5,True
training_24,train_1453,2c42554a50185039c74c4f810b109067470b2ca2e7df3ed61935b4522f61bf4b,3,6,5,4,2,6,2,2,7,7,1,5,5,5,12,12,0,24,0.5,True
training_24,train_1454,dd83d04109705ccf63812aec9e0be57000e4e18ae91b21021c26ca80c4fe4cab,4,3,1,5,3,3,0,0,7,7,1,7,6,6,12,12,0,24,0.5,True
training_24,train_1455,0a0e929e94fa9783aa4d960fa600438b09c422543b67f8253e00f2b66fce333d,3,1,0,5,1,3,6,5,7,7,4,7,7,8,12,12,0,24,0.5,True
training_24,train_1457,2e3a1e2508af02bbb8e1a2426c39e546fd977d97f1a97ea5b55636b6c5761b49,6,2,0,5,6,6,5,3,7,7,8,2,7,7,12,12,0,24,0.5,True
training_24,train_1458,ef4ddd78d983eac3d01312ccd9f0abde3c9788ab16d0218b9a3b16824671c046,2,5,5,6,2,1,5,1,7,7,8,7,10,9,12,12,0,24,0.5,True
training_24,train_1462,f7d19ade18f1a3d498b22640181963c5e4b79c67e987a3789419cebe9a460238,3,1,6,6,6,2,0,0,7,7,6,4,10,12,12,12,0,24,0.5,True
training_24,train_1463,fc4ab1739f4e08b35d0ae2d2d19f86ac1ec70771195b74d77af05f031c846640,1,6,4,0,6,5,0,2,7,7,6,5,7,6,12,12,0,24,0.5,True
training_24,train_1464,162fa54748764e208dcdeae6f48fc17f73255618e70947606a163602056f7cad,0,4,1,0,0,3,4,5,7,7,1,7,12,14,12,12,0,24,0.5,True
training_24,train_1465,44bf805cda3d823775d34215780dac7891220852c0fd98134864217dd5c45f48,2,3,4,3,6,0,1,3,7,7,7,1,5,5,12,12,0,24,0.5,True
training_24,train_1468,f09ea17fb39371780e82e294cd560391c54881fd220b6d423ff3a3f3babc1c9d,4,0,5,4,3,1,0,4,7,7,2,8,5,5,12,12,0,24,0.5,True
training_24,train_1469,e20b2b9c808f4c0811b364b2a167c4d507dd6452b3f165d497ba5a6782be92e7,2,5,5,6,1,4,6,1,7,7,2,8,6,6,12,12,0,24,0.5,True
training_24,train_1471,3ee02516ee7ee1d3c00ae5a82ad79958d0ac4feeac50cf1c45e9913bfc16990c,0,0,3,5,5,3,1,3,7,7,8,4,4,4,12,12,0,24,0.5,True
training_24,train_1472,e25289e1285a18776534429c320f0f3b643b298ec8ab63782e40972008d0cb90,3,5,1,3,5,3,6,1,7,7,4,7,8,7,12,12,0,24,0.5,True
training_24,train_1476,6416112f57d9401f1a86b419528dee30d88e7bc4e261cb2a41453d1d435cd9b5,5,4,6,1,1,4,0,1,7,7,4,8,8,8,12,12,0,24,0.5,True
training_24,train_1478,e582a695105b74a95ed5406f1ed25d5f630003777735bf6c81682a7191d5ba5a,2,2,6,4,2,5,1,2,7,7,3,1,7,7,12,12,0,24,0.5,True
training_24,train_1479,754b70a615fb284b4e0bf5bbf39860229f34bc9c4400ba5512e4fc182cac28a9,4,5,2,2,2,0,3,5,7,7,7,1,4,4,12,12,0,24,0.5,True
training_24,train_1481,ec63556ec3d279bc89e06be03968464dcfc40a6f4f0890d896d0ed20cede36f4,1,3,5,6,3,0,0,2,7,7,5,2,8,9,12,12,0,24,0.5,True
training_24,train_1483,8d6ed43656c1e42c38c42f8d730bbc61c6deedd51a41d27b2e97bb8d1ae27f60,0,5,0,0,3,1,2,4,7,7,7,3,6,6,12,12,0,24,0.5,True
training_24,train_1487,b101a19bae39bfbd1222fbd8eb9cb349a2abdb6b488ea9dab5ea25a6d4aabd92,4,0,3,6,0,2,1,0,7,7,6,7,7,8,12,12,0,24,0.5,True
training_24,train_1490,5f425d727d7b158b7a78c84941c0afd1979b81fbe909c33c3ff348eabe1a2741,2,2,0,0,0,5,4,0,7,7,5,4,7,6,12,12,0,24,0.5,True
training_24,train_1491,a3dce700a374a9adc58f27008dc9e963027fc116e22b8d6b10c4f6c463701839,3,1,5,3,0,0,2,1,7,7,4,1,10,9,12,12,0,24,0.5,True
training_24,train_1492,b9cea9027809f98958dc5d9da3e83a896e5328724dddb8c46ce590ffef44a45e,0,0,3,5,1,1,5,0,7,7,2,7,6,7,12,12,0,24,0.5,True
training_24,train_1495,9a61fa87afa9b4bb383a5e429dab21005c730b5003cc35687bbf932e457ebb44,1,4,5,2,2,0,1,3,7,7,5,1,5,5,12,12,0,24,0.5,True
training_24,train_1496,d333c1295929501e0bf0692cce24522e3b0d3688d787fde70619462a746b53fc,0,3,5,2,1,3,3,6,7,7,1,8,7,6,12,12,0,24,0.5,True
training_24,train_1497,c4604b3504e266f18e69be947a18975665fd35d73142ec058102cd18b6a32991,3,0,3,6,5,2,3,4,7,7,4,8,6,6,12,12,0,24,0.5,True
training_24,train_1498,7259a5f01858aa478b256844c1d2055c43dd26ed78bc775011604d5c06fb7853,3,2,5,6,3,1,0,6,7,7,1,7,7,7,12,12,0,24,0.5,True
training_24,train_1499,1b64eb7019585d6da020c4b402855dda55ffddb04bd5fef5f384f815083b0c1e,5,4,1,2,3,5,5,3,7,7,3,1,5,5,12,12,0,24,0.5,True
training_24,train_1502,e839ed05e30a043ca369e0969cff7b2d62a81e4cda087a1537d7a7b273103563,5,3,3,5,2,1,6,0,7,7,5,4,7,8,12,12,0,24,0.5,True
training_24,train_1504,92ba842c734710f3fbc819885a3abd0e0caa3f8e064a1c7a67051e7b4f0e692f,1,2,6,2,2,6,0,3,7,7,5,2,10,9,12,12,0,24,0.5,True
training_24,train_1505,d950984b6e9a629e4c9878419e06618b5b686467b9c15f2be0418bb0e44cce55,5,4,5,0,3,4,1,2,7,7,2,6,6,6,12,12,0,24,0.5,True
training_24,train_1506,53032b9b373af6ce899891cf0a018c648b106bee583b3fd075a2da0a7b9dbed7,1,6,4,0,3,6,6,4,7,7,2,7,7,6,12,12,0,24,0.5,True
training_24,train_1508,2ae6d43ff5f265cc368ba71c01bb9d9049c5cdacda13ce0aa867250152c3cd1a,1,1,5,6,5,1,1,5,7,7,6,8,5,5,12,12,0,24,0.5,True
training_24,train_1509,bf65c7c9f951a1fda348390e5de23cfd14d8b10f65ebdd8f5fafc26c24067e1d,3,5,1,6,0,1,5,6,7,7,7,3,6,6,12,12,0,24,0.5,True
training_24,train_1511,d50366de05b8b3404f720672523a558e9f831d5b03ff7eab720af6410dc1d873,2,1,4,0,2,2,6,2,7,7,1,5,4,4,12,12,0,24,0.5,True
training_24,train_1512,f1cce015e250935494ff67e77db47205a8905870d99a70de45be38ed78013c93,0,5,3,1,0,3,3,4,7,7,2,4,5,5,12,12,0,24,0.5,True
training_24,train_1514,c9bfd3bfa05153b3c3580873e1098c94472b6d3dfa7eb593b200d87dc0296afc,2,3,0,0,6,0,2,2,7,7,7,1,6,6,12,12,0,24,0.5,True
training_24,train_1517,14767e87002097ccf8824d3b13da19976a129e6773fa9f4fe781708cb73ce46f,0,6,1,0,3,6,6,4,7,7,5,8,8,9,12,12,0,24,0.5,True
training_24,train_1518,cef9de5cc26173e6330fd0b55e9ddd91e89cc5acc07600281e972f78d1cc99a6,0,4,6,1,1,3,4,4,7,7,2,4,7,7,12,12,0,24,0.5,True
training_24,train_1520,1259b1e3994f04277b91cfaaae20213c3f654d518b4ab50d5f5a234a97b80644,3,4,0,6,4,2,5,4,7,7,3,2,8,7,12,12,0,24,0.5,True
training_24,train_1521,ec8e4afa6a0b5a53c46fcf7b6c600e8cf50a0ef12a5f15efab03d26b1d0bf266,4,3,2,1,2,6,0,5,7,7,5,6,7,6,12,12,0,24,0.5,True
training_24,train_1522,e8ba192e35ad8619f83c2b92eec85eb0b8204b5f7b5b1e08a66a815be2a6c1c4,3,0,3,5,1,3,5,3,7,7,5,5,4,4,12,12,0,24,0.5,True
training_24,train_1523,adb11b30bd652fa7bc0e578babaf6355c2e79b980bb18f8276b8b698f02cd949,0,4,0,0,3,5,1,6,7,7,4,3,8,7,12,12,0,24,0.5,True
training_24,train_1525,83a0ed29809fba3f7b9a907640e9e4caef36ccc9e2d5de6792d9d63cfc1055dc,3,0,0,5,1,0,5,5,7,7,2,7,8,9,12,12,0,24,0.5,True
training_24,train_1528,694d89eed9f7430231d29f89226ce2a249667f21e97f7937767632f3cb3ae8a6,5,5,5,1,2,2,1,6,7,7,8,7,10,9,12,12,0,24,0.5,True
training_24,train_1530,db15923b05539a7b9d890a2a8d68c9857667a82808a71cf9a3be047be1018747,3,3,4,0,0,1,1,5,7,7,5,4,7,8,12,12,0,24,0.5,True
training_24,train_1531,1e391e83e07e5521f2b7e5897655d161750e6b993952befef66e9d95af8e5e70,3,4,1,3,0,0,3,5,7,7,7,1,4,4,12,12,0,24,0.5,True
training_24,train_1532,1ba6276dd114dc5f876ec17f1094d607e748394f0909d45acee247b5d873b291,3,2,0,6,0,2,4,6,7,7,7,5,4,4,12,12,0,24,0.5,True
training_24,train_1534,8712754cef0f22050fa1e758e03724099685742d03acb8e797488637e66b3c1e,4,6,2,0,2,4,4,2,7,7,4,6,4,4,12,12,0,24,0.5,True
training_24,train_1535,6b6017ee4a04fb7b1c62c918a0a66604577c06a3951310928bb00a2e1b57d673,4,3,6,4,1,2,0,4,7,7,8,7,13,12,12,12,0,24,0.5,True
training_24,train_1544,d4dff1b10afbd3d2207fbe1c12bb897bfe8cf42d2ef370348b0cc75412c3c193,3,3,2,0,0,5,3,4,7,7,5,1,7,7,12,12,0,24,0.5,True
training_24,train_1545,ad90cfee0bcddc5741894e2af2d028a3cc0e730971ce721b8e89fb2fc0de03c7,0,1,5,2,1,5,4,5,7,7,5,8,9,10,12,12,0,24,0.5,True
training_24,train_1551,743de82f9a373231748367e77bef10fdfcf53451faa44b1104affea2d45c353f,4,4,2,6,0,5,1,0,7,7,7,7,9,9,12,12,0,24,0.5,True
training_24,train_1553,8b57b5791dc8434c1863751d5ef5b077dbbdf2fb9a94b2abbda91957edfe8bf0,3,4,6,3,2,1,3,6,7,7,4,2,6,6,12,12,0,24,0.5,True
training_24,train_1554,19c4170e8dde6da723527cf6261f8857e3ab696ae8bb24eb36d1aa81b11a4955,0,0,4,0,1,1,1,4,7,7,2,5,8,9,12,12,0,24,0.5,True
training_24,train_1556,3f8d1e3204a9cb375a8fd44a677ee9f45980cd04f91d70d50d92726b142a80ef,2,2,2,6,0,4,1,1,7,7,4,2,8,8,12,12,0,24,0.5,True
training_24,train_1558,c9df33ec45921818be02e9191a8a7acf84929f3c8c7be9147c4bc45ca969d003,0,4,6,2,2,5,1,0,7,7,3,5,7,7,12,12,0,24,0.5,True
training_24,train_1561,7e8f77860fd267cc85e0460728e914806f8efedc79a6c96066349c77ddbc2ad8,6,3,3,5,6,1,6,4,7,7,2,1,7,6,12,12,0,24,0.5,True
training_24,train_1562,e7c016476abf5f4214379f7395f8f88f8342d36f3b908ca849cb491c48af642e,2,0,6,3,4,2,2,1,7,7,4,1,7,8,12,12,0,24,0.5,True
training_24,train_1564,0eeba06de81a78b445030424b3400712e4944e9e47704df7b3195f631a8c9e62,5,2,3,4,0,5,3,0,7,7,8,4,4,4,12,12,0,24,0.5,True
training_24,train_1566,354eb2d2b66fef349029cde3555f2178c732d4d21e3ebc4a2131e1f3f735b6fc,1,4,5,0,0,1,5,5,7,7,4,7,8,7,12,12,0,24,0.5,True
training_24,train_1567,b419e648e140880cf178a984d44ff308caaee12fcb83e8d7cef0eaf856a7edc2,0,2,2,4,4,6,0,6,7,7,8,4,4,4,12,12,0,24,0.5,True
training_24,train_1570,8c3fec956fd3d9e9557629627f3f50965a4194d19c0985709fbaba373e4eea66,3,6,5,0,2,5,0,3,7,7,2,6,10,10,12,12,0,24,0.5,True
training_24,train_1571,468fb6be317a597c30f5e6f532a4ba641def477b279258d95ca33264fba4b989,4,5,6,1,2,6,0,3,7,7,3,6,9,10,12,12,0,24,0.5,True
training_24,train_1573,f0589bf28317087b1a6fe310ae7f7f93b1a8eb1983d83d5525231a4ca741a5fd,2,5,5,3,0,6,1,0,7,7,5,6,8,7,12,12,0,24,0.5,True
training_24,train_1574,943b3163f9dbf2b55850fc7560ec14fa884f5bf02cbd48ee9a09c2eb03832d7e,5,1,1,0,3,5,6,1,7,7,6,1,7,6,12,12,0,24,0.5,True
training_24,train_1577,4d9a1a9a4739843c7462b60ad8324a0569de64becb09cd7420e4d86e6bc3c817,1,3,5,0,5,5,1,4,7,7,8,1,7,8,12,12,0,24,0.5,True
training_24,train_1579,b11fb81ab8dc22a8b2802614f025feabb27494395662588f8e8eaac3a743ab8c,3,5,6,4,6,0,2,4,7,7,8,2,4,4,12,12,0,24,0.5,True
training_24,train_1580,bd99adc1ac72fed6559619654e7609be5ba99b0b89667bb8517a633d94528919,1,3,3,6,3,2,0,3,7,7,3,1,6,6,12,12,0,24,0.5,True
training_24,train_1581,be79bea11f6f9ceb458bb9925238290ef883c2474a1d2dc64b0ccd7d37ee132c,3,4,1,6,0,0,3,6,7,7,7,2,7,6,12,12,0,24,0.5,True
training_24,train_1584,fc53a267a9eafe9600a1030c2008424c464fedca71cc261541428f59e13c3b44,2,1,4,4,2,2,2,6,7,7,1,5,4,4,12,12,0,24,0.5,True
training_24,train_1585,a77d28f2269fc6573cc32e722aced59ed99ac79c513b2d51e2bd0841ca922c43,2,6,1,4,3,6,4,3,7,7,1,5,4,4,12,12,0,24,0.5,True
training_24,train_1587,65d66485580857c290a6302236ce255324dffa99c8c0042df4ed1f2c0a9b18ab,5,2,0,1,6,0,6,4,7,7,3,3,9,9,12,12,0,24,0.5,True
training_24,train_1589,b9493dfc39ffec9945843ac451129fd65023dc61377b50c93dcd7ecc9bcb111b,4,4,6,2,3,6,6,4,7,7,3,2,7,6,12,12,0,24,0.5,True
training_24,train_1590,85cdea648d85db793a12ba1586266256563fbaf6869248e90c14726cefd03e12,5,1,0,2,6,0,6,3,7,7,2,3,8,7,12,12,0,24,0.5,True
training_24,train_1592,4fef60a5b3a4b014183a29d4b52caf661ec990173993eb0e2e766a70fb8772b9,1,0,6,5,2,5,0,2,7,7,6,3,8,9,12,12,0,24,0.5,True
training_24,train_1593,f48df506c936f005bf27b8f388edd27baaa77e1c608245e3bdaaa83193ea97d6,4,4,2,0,1,4,4,6,7,7,3,2,7,8,12,12,0,24,0.5,True
training_24,train_1595,c966130a121d6bd56b48fcf4383971f4cff24126be8afb3aa204f7e8ed89e7f6,3,2,6,2,2,5,2,0,7,7,4,3,7,8,12,12,0,24,0.5,True
training_24,train_1597,da03ed5dc0a021a0d75baf467e2d2c817ca49c4550076ea36327a0b64d569008,3,0,5,4,6,0,2,2,7,7,5,3,5,5,12,12,0,24,0.5,True
training_24,train_1598,2fd56c3cff7be2266803fee8f6d7e98591ac1d83a355c63d9a48f40533f3cf97,1,2,4,2,6,2,2,4,7,7,7,3,4,4,12,12,0,24,0.5,True
training_24,train_1600,6e2937a762818af5efb28d1ab75ee5f8069d32fb99c89ca6207a665d42ec2afe,5,1,4,4,6,2,6,6,7,7,2,6,4,4,12,12,0,24,0.5,True
training_24,train_1601,0deab9fe95270994c9c6308a481d6bd0df6d7700486368404f656b695db93961,3,2,1,4,2,1,4,5,7,7,8,4,4,4,12,12,0,24,0.5,True
training_24,train_1603,d9c9d2ea1a480505af192bbd4267896cb44e9a8b75fb7ff82bd5222321d9a1fc,6,5,6,1,3,1,4,4,7,7,7,5,5,5,12,12,0,24,0.5,True
training_24,train_1604,b84abfb5175877ded6d9b8bb30cfffb7ac27f012958fc975ec79cd0cfbd1eb1a,5,3,6,1,1,3,0,1,7,7,6,7,7,8,12,12,0,24,0.5,True
training_24,train_1605,2d3fb67fa4f11a73cdc7ca308eca7a4bd32e496b4bdad2ea5ec06e2c99646826,6,3,4,0,2,6,1,4,7,7,7,8,8,7,12,12,0,24,0.5,True
training_24,train_1611,b35a6edcc4c0e80a78e5e9757f654748057053b2ecac951d2a3c157a76bdd9b3,0,5,0,2,3,0,2,5,7,7,8,2,5,5,12,12,0,24,0.5,True
training_24,train_1612,afb98a1315c8304655aa27cd3126c0a4f3337fb1374788ba8259c38bc5a136a7,0,0,5,4,6,0,3,1,7,7,8,4,5,5,12,12,0,24,0.5,True
training_24,train_1613,e8ee7a175f6e7457764357e0a4f21ad5d109815e68df5549d2c54b739741137b,0,1,2,5,5,1,3,4,7,7,7,6,11,10,12,12,0,24,0.5,True
training_24,train_1614,fb95e74a730f910fd4307c7ef7dc2a8c3842fedb85abf30d32ece2b39740eb0c,2,1,5,3,2,0,3,5,7,7,1,5,6,6,12,12,0,24,0.5,True
training_24,train_1615,f3a6bcac39adbe2a4f2c76b8167557e6b6102ec6b515e0146191382ca1ce139b,1,3,4,0,3,4,6,4,7,7,3,6,7,8,12,12,0,24,0.5,True
training_24,train_1616,9733b065c000fac429d181cc838af19b042051c651cec651c13f21b14fefd5a0,6,1,0,5,4,0,4,4,7,7,3,5,9,9,12,12,0,24,0.5,True
training_24,train_1617,454447d660129e53979f1585b8d398a05c84245cbc49d89b5abeb15d52562fa7,5,4,2,1,2,5,5,6,7,7,4,2,8,8,12,12,0,24,0.5,True
training_24,train_1620,83652e35c1f9d48ea5af4e844f6f72a374d18dbeea731d57eb09fe9029f2cc2d,3,2,4,5,5,1,1,1,7,7,3,3,7,7,12,12,0,24,0.5,True
training_24,train_1621,0edb3046cf8d42a46f4d1807fc03f16e3a8859ce2aece76974fb2f020f94b207,5,4,0,2,6,6,2,6,7,7,3,5,10,10,12,12,0,24,0.5,True
training_24,train_1622,4d74dcec2bd3a6fca4335a3a80f49639de3934cd8083dd13b6feb07c569ad275,6,1,0,6,6,2,5,4,7,7,1,4,10,11,12,12,0,24,0.5,True
training_24,train_1624,13138e4e79eae1767d2f323683fac27cf7d50c6e27aaf794487a8358824c5d93,2,1,2,5,6,5,5,6,7,7,8,8,6,6,12,12,0,24,0.5,True
training_24,train_1625,15160e39212efe15a0daa94074909ea92e50d32e896b4b6c9d0958f6a6b44569,3,6,6,3,3,0,1,1,7,7,6,7,8,9,12,12,0,24,0.5,True
training_24,train_1627,14017456521c23c396d2792ae6968905192a99efe083a9e767195d2671189dcc,1,6,6,2,0,1,2,3,7,7,6,4,7,7,12,12,0,24,0.5,True
training_24,train_1629,26dae4671156530f2c041cfc4fc5f74e4e51f0e9fde0a52f3c90f3b1477e1813,6,6,4,5,1,3,4,0,7,7,8,8,5,5,12,12,0,24,0.5,True
training_24,train_1630,d5c2e8e2c466c93bb4090098f914fd053412a429c770da1c39a407862bf8debd,6,3,3,4,1,6,1,2,7,7,8,6,4,4,12,12,0,24,0.5,True
training_24,train_1637,e68c1b45684aa214f10cc38ad6b87211e0aebc409558f03c58ce57bca4211b2d,3,4,1,6,1,0,0,2,7,7,6,7,10,11,12,12,0,24,0.5,True
training_24,train_1641,60be3568669ccc5920e8550196c9aebb50423aa9c4358845abadd50ff29ddd5e,2,2,5,0,4,3,0,6,7,7,5,6,10,11,12,12,0,24,0.5,True
training_24,train_1643,34e1180c66531f4443de794844092b9042a35a196e70ad429d268ad363c439a4,4,6,6,1,2,6,0,4,7,7,2,8,9,9,12,12,0,24,0.5,True
training_24,train_1645,3d7297e30beed463e9a9954a6f52198f756d582ecf052d3d2769abb0820e234e,2,4,0,6,2,0,6,3,7,7,8,5,12,11,12,12,0,24,0.5,True
training_24,train_1649,cd547cb4620bceb78048cdc8509cc96936d4e2a0d5b785946c0e237fa1250b2b,0,3,5,3,3,6,2,1,7,7,6,4,5,5,12,12,0,24,0.5,True
training_24,train_1650,80c200dbfeffdb42dcbbe12e62127785f3148c552a78ed1b59645b91ea262e7d,4,5,0,3,5,5,3,6,7,7,1,2,7,6,12,12,0,24,0.5,True
training_24,train_1652,d795dd3afecec1b4346d01b2dcca730abf79b706c94b12a22fd548cd31f677be,5,5,3,4,4,1,0,3,7,7,5,7,4,4,12,12,0,24,0.5,True
training_24,train_1655,122e285a0b011940a2193f12d589e2ca255a04fd76ad85882f66768f18438e6d,4,4,2,0,4,5,6,2,7,7,1,4,7,6,12,12,0,24,0.5,True
training_24,train_1656,117869970ce97449877df9e15218f70f383dcf67d1aeacf84c3c59407339a205,3,4,0,6,4,1,0,1,7,7,4,6,9,9,12,12,0,24,0.5,True
training_24,train_1658,879267477adcc46b80441d4a1c166a84c5b3dec2b619489f00768d3b247a27d1,6,5,3,2,1,4,6,1,7,7,6,6,4,4,12,12,0,24,0.5,True
training_24,train_1660,1993bfd7bf4b7375e9c1fba813335859441003d4b49639f5abdbf64fb627df30,1,6,4,6,6,3,2,3,7,7,8,6,5,5,12,12,0,24,0.5,True
training_24,train_1662,164afb2f6906b8a0598baa5a30d90c8dd5ea1407d676207f9d2aa78f20b039ad,0,5,6,2,1,0,2,6,7,7,6,3,9,10,12,12,0,24,0.5,True
training_24,train_1663,a75853a2d275dff51830dd34b6e5fa87459ca19bc4de0d9cca33f9ee8012ea5c,1,6,2,4,1,0,6,6,7,7,8,5,7,6,12,12,0,24,0.5,True
training_24,train_1664,3596dc56733b7987edf78aa234e527226660e5bb54f4f985bb93707cea458687,0,4,1,1,2,4,5,4,7,7,4,7,8,7,12,12,0,24,0.5,True
training_24,train_1665,3cb047634fc0664bced0670d90b388e0e220fb5f979d0c71aa8ad15148fae702,1,1,6,1,0,3,3,4,7,7,3,5,10,12,12,12,0,24,0.5,True
training_24,train_1670,68612d8d61142aff6b1176fbf37a5d674a456bb485129af736665e450073e168,2,5,5,1,1,5,0,3,7,7,1,4,8,7,12,12,0,24,0.5,True
training_24,train_1671,b2023fd39250ff3cf39759dfd907610d708c219acaa77c64dd1c7e903ce813f0,1,0,1,4,6,1,4,0,7,7,8,5,8,7,12,12,0,24,0.5,True
training_24,train_1673,2f688b3479345218dfe2618e38794dc87c7ea25950f6937c90b91a2d7a0e8da2,1,3,0,5,5,6,0,0,7,7,7,4,8,7,12,12,0,24,0.5,True
training_24,train_1676,e0c44568475111182cb8630395669a72d0321b35593a8299898077e5720dcb36,3,6,1,6,6,4,1,3,7,7,5,5,7,7,12,12,0,24,0.5,True
training_24,train_1679,3bc89c996b20c9f90b7877090afd3b0ca18ab0521d86799b9817ee5870a03518,3,3,0,2,4,2,2,6,7,7,2,4,6,6,12,12,0,24,0.5,True
training_24,train_1682,22ebee24ccd9d429ac2e957256ab63626ead67ed41ca98cb60006214179b9325,6,6,3,1,4,5,4,2,7,7,3,6,7,6,12,12,0,24,0.5,True
training_24,train_1683,cf4c57b1f770150644b7a2887e0a9fab3ff9fffcc34c2aceb5dc6089ec8992f3,2,1,0,5,6,5,1,0,7,7,8,2,8,8,12,12,0,24,0.5,True
training_24,train_1684,6f0d28ebb92054a29f3ae25bd31a0197af3a74b87c862acfad1dbbf90dd76a5c,2,4,3,0,0,3,1,5,7,7,3,2,6,7,12,12,0,24,0.5,True
training_24,train_1685,23cdf7ed7a86e319e0cf6248a717439bcdb049b5f2f0cd56a993ae88bf7e0695,6,5,3,4,1,6,5,6,7,7,6,2,4,4,12,12,0,24,0.5,True
training_24,train_1686,0ffd356e8a3724a72def872d1a76028e6c883f35fd4410ac1c8f0d9c63eed650,5,6,5,3,3,0,1,4,7,7,8,8,5,5,12,12,0,24,0.5,True
training_24,train_1688,f80e65407f78917c282c0468e9c150e410c92365969332c4d9aaa0c0d6ee262d,0,2,4,6,5,2,1,2,7,7,5,1,7,7,12,12,0,24,0.5,True
training_24,train_1689,6f248cd07e3b3e57cb852bfe6e4a5512fb4f04c23ebb6f6340c361a72697e59c,1,2,1,0,6,3,2,2,7,7,8,1,8,7,12,12,0,24,0.5,True
training_24,train_1690,2888bba09c21eda6150af2e8f1a2c62f98f5b1c83094b6d9b364949243f0c56b,4,0,1,2,4,3,3,0,7,7,3,1,4,4,12,12,0,24,0.5,True
training_24,train_1692,1ba341e7b50c273858622bc3f17d70d22866d3db432590f548e1ea5c0b7caffe,6,0,1,1,6,3,5,5,7,7,3,6,9,8,12,12,0,24,0.5,True
training_24,train_1698,6a0d339dd832ce78137504fdf3deda2b4c74228c64d0387e83c4883c20a059cc,4,6,3,0,0,6,5,6,7,7,4,1,9,8,12,12,0,24,0.5,True
training_24,train_1699,4cc2b18eda9275e9ce0d74bf09e1988213525c4ceabbb5f41e68d94ca2deffc5,3,3,4,4,6,4,2,4,7,7,8,2,4,4,12,12,0,24,0.5,True
training_24,train_1700,e0a2a46dc59d9bdd62123f3db48af69a837688554c317b8c9325dc266404980b,6,6,6,2,3,6,6,5,7,7,3,1,15,15,12,12,0,24,0.5,True
training_24,train_1701,e2c89f6730e584d41e8c5c2e67bb633f744b0fe5225ead4d15a68e5b17705af6,6,2,0,5,5,4,3,5,7,7,3,6,8,7,12,12,0,24,0.5,True
training_24,train_1703,5b193c011a4958b9c851f1f36fada3f9d958cc63c6bc89625476db12034b1dad,4,6,0,0,2,4,4,1,7,7,4,7,6,7,12,12,0,24,0.5,True
training_24,train_1709,dce73df9f22c6b88cf23d5bf038a5c25e2a41bd12af9203646ab4e0c8ee15c15,0,0,5,4,0,5,2,0,7,7,7,2,6,7,12,12,0,24,0.5,True
training_24,train_1712,657c8d61d151ef050d07b8dae8e1d78754119c36163126979bf49f4741b4e772,0,1,5,0,0,5,2,0,7,7,6,3,10,11,12,12,0,24,0.5,True
training_24,train_1715,6c23f9f91a840336ac23d9b4b2a241c9c579d0cfac964c7422a616da99e4c382,3,4,0,4,5,3,4,1,7,7,3,4,6,7,12,12,0,24,0.5,True
training_24,train_1717,c92b4081a1078e7e77d4ca0404fbcefb9df3067e37eaf9978c5cd4de3f3f78a3,2,3,5,5,2,2,5,0,7,7,1,6,6,7,12,12,0,24,0.5,True
training_24,train_1718,4bc627b37a275e576ed90c5077ebde9996e22930ec4c17bf745706838f88f9c2,5,2,5,6,1,3,4,1,7,7,5,2,7,6,12,12,0,24,0.5,True
training_24,train_1720,a25b903238990ce429f0ede42700782b42a204bd01b69d9040bb38ffd0e3163d,1,2,0,6,4,0,2,1,7,7,7,6,10,9,12,12,0,24,0.5,True
training_24,train_1722,065f36fd52ae199757ef4b30d8afd0821ed13ef6be8ff4ee855a7abdeddd7c10,2,0,5,5,0,4,2,5,7,7,6,7,8,7,12,12,0,24,0.5,True
training_24,train_1723,442e9f9f8280c5905ced0299d473f8d70b537ba55f2cc8af59efb9673ff9b35f,0,2,3,1,1,5,4,6,7,7,4,8,6,6,12,12,0,24,0.5,True
training_24,train_1726,4cf33f79387f5fec730548fc94db3d3d1e4e3f842d8cf6bf0f5f084ad035aa21,0,4,6,2,4,0,6,4,7,7,8,6,4,4,12,12,0,24,0.5,True
training_24,train_1730,9b4fe88e14b90b34bef354221e5b4a28c5823ea905325d54250d266d480d7753,4,2,1,6,6,6,5,0,7,7,6,3,9,10,12,12,0,24,0.5,True
training_24,train_1732,0f6bc4686a9a096966ab95e08c4ea7a17452dd404d7af8c14e1be3ba380b4a22,2,1,6,2,2,3,3,5,7,7,2,5,9,8,12,12,0,24,0.5,True
training_24,train_1734,6d082131de56f657dd0eb5f06b441ab76fb3781ef20e1bf6f2dd08231dbfe0c5,6,0,4,5,1,1,3,3,7,7,6,6,11,11,12,12,0,24,0.5,True
training_24,train_1735,2fd34f08898e681e385448a279aa0dc16d3bbd0bd6efb3bbe006e51a7f43a324,4,6,3,2,5,0,3,4,7,7,7,3,4,4,12,12,0,24,0.5,True
training_24,train_1737,59448210a5cde025a3ea3bed0461d8610df1a86450ed69c8560d5dea7523287f,0,5,3,0,6,6,2,6,7,7,7,3,9,9,12,12,0,24,0.5,True
training_24,train_1741,8c8c7fd005bfa3b5f58c948555aac20b8e663c9062fa075bd7c86d0a5cc576e3,1,0,5,0,3,6,0,3,7,7,8,4,8,8,12,12,0,24,0.5,True
training_24,train_1743,ac6853a1960f6748aa44624c76c533c028805185c4e8fc43585f1e67f66e85f0,4,2,1,4,2,1,5,3,7,7,3,8,6,7,12,12,0,24,0.5,True
training_24,train_1744,c30e85fceff5ac0b8e02e214bf27c1b8f33d0eff2a8092698f2e9b59030656f0,0,3,1,1,3,6,1,5,7,7,6,3,9,10,12,12,0,24,0.5,True
training_24,train_1746,27cfe2612efdf2d5abbfabd877658dd0bc2030f902930f810730eb6d3621ddc9,5,1,6,3,2,6,0,2,7,7,8,6,7,7,12,12,0,24,0.5,True
training_24,train_1747,cdaf7245a5b4eb7ffc741c0c4f61566d2b36c0a800ac29f73b79772370e0b6ab,4,5,1,3,6,4,4,6,7,7,3,1,6,6,12,12,0,24,0.5,True
training_24,train_1748,f94b84ec73bb1bd2dac133d9b40a424997bc3638d0248fe81ddb9e0c8208b8df,2,4,3,0,1,4,4,2,7,7,1,4,8,7,12,12,0,24,0.5,True
training_24,train_1749,7b0340351c540ebdaf41ea9bd1f8151f94d024ea08aa9236e6c7e0eecb4d6b8e,0,4,3,0,2,2,5,5,7,7,4,6,7,7,12,12,0,24,0.5,True
training_24,train_1750,83d811f62b22e86140091bb5fe893a1ab53b915d025f0d5242ea796de1c3eec1,5,3,2,5,5,2,4,0,7,7,1,4,6,7,12,12,0,24,0.5,True
training_24,train_1752,5dfda6ab3f56490072d4bff31f55f1079197f22eae78f33e6fd851b527e80bfd,3,4,2,1,5,3,6,0,7,7,3,7,5,5,12,12,0,24,0.5,True
training_24,train_1754,550f294309d9efe416b2c5ec6463accf7b07157fda0e8799ea493ad0384e976f,0,0,5,4,1,2,3,1,7,7,3,4,6,7,12,12,0,24,0.5,True
training_24,train_1757,8ab7865358444ccc1cd5a697517b9f7e7279bbec3c3648f050a0e58f3b2a9330,0,3,1,6,1,1,6,1,7,7,3,8,11,10,12,12,0,24,0.5,True
training_24,train_1759,dcc7efb0814e988d517ba4ca0503ac04c63735c2e6e57aa825926463d906d0d7,3,0,1,4,6,2,6,5,7,7,5,8,7,6,12,12,0,24,0.5,True
training_24,train_1761,070ab42ce0d1deae9ac4dd0f361a0d9d51c852ef09adc27de8ca0adb51fd2066,6,3,4,6,5,0,1,2,7,7,4,6,7,7,12,12,0,24,0.5,True
training_24,train_1762,1c19bf3b1560b1e26947bfe868ddf9f1296fdd5686ca80920285f0982581629a,3,1,4,5,5,1,0,4,7,7,2,6,9,9,12,12,0,24,0.5,True
training_24,train_1764,bf354b10107d34db4cf81c6d77adebf4b1aecbc69de7a5fc9cacd3afc83f17ca,0,6,3,2,1,3,5,6,7,7,4,7,11,10,12,12,0,24,0.5,True
training_24,train_1765,3ad769e7e069bf85050d019bf5bc01b3488ae266a2bfd132683019fe538adbd0,1,6,2,0,5,4,2,6,7,7,6,1,7,8,12,12,0,24,0.5,True
training_24,train_1766,e7b8d3422fd14bacb3b0e9f084735c264968c2fc57fe9fe148c8d222ad704d94,6,1,3,5,6,2,0,2,7,7,1,7,6,6,12,12,0,24,0.5,True
training_24,train_1768,c44ca7e9648a20bc97929c65cf890cdf1ad3f8c466aa1ccbd2693636a550e883,2,5,5,3,2,1,1,4,7,7,4,2,5,5,12,12,0,24,0.5,True
training_24,train_1769,55143c30a9a74cba79cdb89df0b55bcf9a0aecd8501f05b902ae687e6c6ff01d,4,4,2,1,6,3,1,6,7,7,3,5,6,6,12,12,0,24,0.5,True
training_24,train_1770,4272bf67200bb3096990fc6295b4547880763eff7ea3032ba1b79f9234204389,2,5,0,6,2,0,3,2,7,7,5,4,8,7,12,12,0,24,0.5,True
training_24,train_1771,28474806c6352afe27394f4dc47e8e33e33e92e3d5990416c9e9ef205ef889b6,5,6,3,2,0,3,2,5,7,7,8,4,4,4,12,12,0,24,0.5,True
training_24,train_1772,8c0a589984ab4aefb3fa5174e47088f795e49278d9e6342d27aac2d3cb935620,1,6,1,4,0,1,3,6,7,7,8,2,4,4,12,12,0,24,0.5,True
training_24,train_1778,267f9381431829f4c0a762fb77ac0ca47a62f591bfd6e3a3ae09e0adf7fc5a8e,3,3,1,1,4,1,3,4,7,7,7,1,5,5,12,12,0,24,0.5,True
training_24,train_1780,6f399c9908970b72b592a6c8e07c0341c56ba8cc9b0e110f8b4e7ced80a9ad0b,5,0,2,3,5,1,0,2,7,7,1,7,5,5,12,12,0,24,0.5,True
training_24,train_1781,8539b718b588d3d4dc5cbb081e657607742b702a7ed4c9709086836f8ca62913,3,5,5,0,3,4,4,6,7,7,1,2,8,9,12,12,0,24,0.5,True
training_24,train_1783,6a028d3559008154ddc9a4046460ce135623a680ed303ecc74a22a780ed7a287,2,4,6,6,5,3,1,4,7,7,4,1,8,7,12,12,0,24,0.5,True
training_24,train_1784,184fa4026577f0874ad3d807cf492d7ce696152de3fd690fb53bcc13aedf1417,4,6,1,2,6,5,1,5,7,7,3,4,10,9,12,12,0,24,0.5,True
training_24,train_1785,fc854a90766096d02fd9645d305734172242473ff1a9cec294936b05a82382fe,6,6,2,4,5,0,6,2,7,7,7,6,7,6,12,12,0,24,0.5,True
training_24,train_1786,79ed339178fba7d37cee9973906e84af37bfcb4daf161b346adc1a2ce6eea86c,4,2,1,1,6,2,3,2,7,7,2,1,8,9,12,12,0,24,0.5,True
training_24,train_1789,15f49de2885d55008a9f416539ac61253ee31eb2b9666c14afbdc55a382f6040,6,1,0,5,3,0,5,3,7,7,4,5,8,7,12,12,0,24,0.5,True
training_24,train_1791,95febf1fe4a4501cdae8106a7a8a8ad546746062b58b4b5d49066efce8301850,5,6,4,2,1,6,2,4,7,7,6,5,9,8,12,12,0,24,0.5,True
training_24,train_1794,e50dae51fff9387a87ac850e71f2560919773f99451a5a05388fd7b459a47e95,2,6,3,1,5,3,3,5,7,7,6,2,4,4,12,12,0,24,0.5,True
training_24,train_1795,1dfa0604bb9a92ea95aafad7ec9e5a3bdd976b9678512fb3dd6241ef151b0f21,5,1,1,3,6,4,5,2,7,7,4,1,8,7,12,12,0,24,0.5,True
training_24,train_1796,0477ea8dece2a2d7a3c7b7eae17bb02916b1e6b16ef914bdd6fc98f982b72127,2,4,4,5,4,0,0,4,7,7,6,2,5,5,12,12,0,24,0.5,True
training_24,train_1797,5401a9505f94704c91ea4fbbaf972cc0618488c1e0bd43ca9bcbd2111af78c5a,3,4,6,2,2,6,0,5,7,7,3,4,8,9,12,12,0,24,0.5,True
training_24,train_1799,23e9ff46b797f246505b2366dee50a3f0c09a07225667b49f32fdd7315b2affa,3,4,5,2,2,5,0,4,7,7,2,3,6,7,12,12,0,24,0.5,True
training_24,train_1800,3b3dccc8b91bcb146a90fa7768df054dd36ef836f8cc26bbeeb4aec0933a93c0,4,3,0,2,4,5,5,3,7,7,4,1,7,8,12,12,0,24,0.5,True
training_24,train_1802,dde238aa1615a649b61e924ee6668fe6c9856c5358f2d1f9ce2eabfe3facd37e,4,5,3,1,4,6,0,5,7,7,1,6,6,7,12,12,0,24,0.5,True
training_24,train_1803,fb2d9730ee0c4d179e41ad40a244c43da1ddd31d16e5e49147369c8c1e28ab5a,2,1,1,4,1,6,0,1,7,7,8,2,4,4,12,12,0,24,0.5,True
training_24,train_1805,a9eaf5b0f95a27017172a6db8b2d261db63311b399bed00f81062509be2237db,4,1,0,5,4,0,5,3,7,7,1,3,9,9,12,12,0,24,0.5,True
training_24,train_1806,1dc0cb682c01584d8b8545be93e4cc228359c6b075ea02f3c50dca9cc405c7da,1,2,1,5,5,2,2,1,7,7,6,6,7,7,12,12,0,24,0.5,True
training_24,train_1808,e80980ff8fca262b7e715b4ffa573290a0eb22a1bbeaf9d5be5ee6f157ba910d,0,4,0,1,2,6,4,2,7,7,4,8,7,7,12,12,0,24,0.5,True
training_24,train_1810,4c58068d024a17129d321700779ee00f9213d8fc80cde5676daf4434cc458e33,4,4,5,6,3,1,5,0,7,7,4,7,7,8,12,12,0,24,0.5,True
training_24,train_1812,378c02d4acf9f2aaabca82d8bc93b6b8a5a1c89522c1415645460d08b488c398,2,6,3,4,1,6,3,2,7,7,1,7,4,4,12,12,0,24,0.5,True
training_24,train_1814,5cfa189789a1ea68bbdc1fadc370e849ea8e3e29084464a526d5aa4ee5206f13,3,1,6,6,5,0,0,6,7,7,3,8,7,8,12,12,0,24,0.5,True
training_24,train_1817,09466731ee6fad6e5c2cdf2e3d7f8430dce9ba7d02b91a07959bb849ea318dc3,4,0,3,6,3,0,1,4,7,7,1,7,6,6,12,12,0,24,0.5,True
training_24,train_1821,ebb8c35be30eab84c1258510215e8a254a8d7d5c5411498ed82769c39243c633,5,3,2,2,2,6,5,6,7,7,6,3,6,7,12,12,0,24,0.5,True
training_24,train_1824,77f1ffe5db73aa478b5523f7a4e2fc944709a8d996c16706fd4933f7b65f397d,5,6,2,1,4,0,4,6,7,7,7,1,7,7,12,12,0,24,0.5,True
training_24,train_1828,eef3f345f9d6b3400b136ccf521591cf110f44089b8289a0eb3d5c8e6cb83402,3,5,0,2,6,5,5,1,7,7,5,8,9,8,12,12,0,24,0.5,True
training_24,train_1832,3ffd4a52330710dbe67e44b80418d037db3ec5d1b0ee4101c07001e917c8d9f3,1,0,3,0,4,3,1,2,7,7,6,2,4,4,12,12,0,24,0.5,True
training_24,train_1834,a81903e9999c0befe129093d724381d8a4625a61a98b6d445113f47c6a539dcf,3,5,4,2,2,5,6,5,7,7,1,3,5,5,12,12,0,24,0.5,True
training_24,train_1836,eb16c82288cfaaf362824b2bce8f7ffd46eb21be9b8e8dd8502ec9c3525c9af2,2,2,0,0,0,3,5,5,7,7,5,6,9,10,12,12,0,24,0.5,True
training_24,train_1838,d9bbeabff7d1c6c7e322e391c4019f97f1e1759c9075e1444f4603ad6c21eae5,1,1,1,4,4,2,6,4,7,7,4,8,5,5,12,12,0,24,0.5,True
training_24,train_1839,febaa72275e12fff2069e412cda4d7fbe97c0b6f96438b52427584fe5a41a1d8,5,1,0,4,3,3,5,2,7,7,4,1,6,7,12,12,0,24,0.5,True
training_24,train_1840,5abf84763870978f6b63e33f0c70d930d5fb19dd6a00e9d6644060f1434f6197,3,3,1,1,3,5,1,6,7,7,2,7,6,7,12,12,0,24,0.5,True
training_24,train_1841,ac047d1b844c4c4056243adc0290bf6be61e3c1b263c293aa3f2a9b361262ed0,4,4,2,5,0,1,3,0,7,7,7,5,6,6,12,12,0,24,0.5,True
training_24,train_1843,d02010c1349f7c7d59649fda94ae548d298b9835284b5fc1eede48278f141860,0,4,6,3,6,5,1,5,7,7,7,2,10,9,12,12,0,24,0.5,True
training_24,train_1844,cb0f70d00d5b2a67837c9246a2d88b97d6fc5cdf4937bb2b10d72b8c7624ffd8,1,0,6,6,5,3,3,5,7,7,7,7,4,4,12,12,0,24,0.5,True
training_24,train_1845,70f339c185481f6592aa2e9251d0d5301a2d427f603d00090a59e3353c3fd541,6,5,0,0,3,4,1,5,7,7,4,5,7,8,12,12,0,24,0.5,True
training_24,train_1848,340338cc1b2c630b8ab9d77c6abd1391ce3f44c2136c1ed59e4719e929c54a89,0,3,6,0,1,2,4,6,7,7,2,7,7,8,12,12,0,24,0.5,True
training_24,train_1849,fd5503d83d1d1d63184ba6a7173538120da6fa18be5942a2298792a4d111b8e7,2,6,1,0,0,6,3,4,7,7,2,3,9,8,12,12,0,24,0.5,True
training_24,train_1851,ae1e67b35b539d4129c777e30590094baef4274418161649a1f89e222d075758,6,5,3,1,2,4,5,3,7,7,5,3,4,4,12,12,0,24,0.5,True
training_24,train_1853,bf72df4490186efbde9f67606ef82bba71f079573e6bf2ccdfb1f8d9b207cdd3,4,6,4,0,2,2,6,2,7,7,6,6,4,4,12,12,0,24,0.5,True
training_24,train_1854,23fe67446bbf2d7aee3e1f7650d960eb2188f55b79c0feef378aad81912a0bf8,3,5,6,4,5,0,3,6,7,7,7,1,5,5,12,12,0,24,0.5,True
training_24,train_1858,4ac03417f028f5467daa2cbcd0a26cd6da98aa25b8210302d51014cb5ed9e30a,2,5,6,6,4,0,6,1,7,7,7,8,8,9,12,12,0,24,0.5,True
training_24,train_1859,ed573730321da63e3aceb81ff80aa3a06f916f54583a150ff4e6c8fd7ce6427f,3,0,0,0,3,6,5,5,7,7,8,7,11,10,12,12,0,24,0.5,True
training_24,train_1860,8396d4325a9c8521c03838b3334ea7b1526a8a110218683e9321528e00ad5c2f,1,4,6,5,5,0,0,6,7,7,8,3,6,7,12,12,0,24,0.5,True
training_24,train_1862,f24fc8326f24685d0618a45d29b7ae7a9082361a59125e9eb9bb5b23bfa5d274,0,3,4,1,2,4,4,6,7,7,5,7,5,5,12,12,0,24,0.5,True
training_24,train_1863,2c422444e7871dba82c61ec119a283eb942b949b26d6ec2bee779d17a10fd2b1,2,4,3,6,3,2,6,3,7,7,3,5,6,6,12,12,0,24,0.5,True
training_24,train_1864,4dfe9a527005c28df181b01424b95f18dc6b66cf4078ac6990ce2164801d865b,1,5,4,2,2,4,6,2,7,7,2,8,4,4,12,12,0,24,0.5,True
training_24,train_1865,9a39a3be1163fc46e307732578b8d5a9c7f62e98a36d25052fed12d103b3c243,0,4,6,6,4,1,6,2,7,7,7,8,7,6,12,12,0,24,0.5,True
training_24,train_1869,9f484bf5bb3eafc3d0a3119092e44ba4461be5580f60d0ae60cba4e064eea17b,2,3,2,5,1,1,5,6,7,7,3,8,7,8,12,12,0,24,0.5,True
training_24,train_1870,10bf89f68d699ed262fc04783be341f1c7e856dc11c0f1676fd8bca78c930232,0,6,4,4,4,2,2,6,7,7,8,2,4,4,12,12,0,24,0.5,True
training_24,train_1872,bcd56eea6f62768a0036f3ed7827870082563a3ef1618ee6d82c16bacdf4a0a5,3,4,2,1,5,5,0,6,7,7,3,5,7,7,12,12,0,24,0.5,True
training_24,train_1873,f992b037c70a1b7de373b9e6f8d674d371db312a61edb8964a12d0a4278ee9ee,3,3,1,5,2,0,4,5,7,7,4,3,8,7,12,12,0,24,0.5,True
training_24,train_1876,d4dbd771d5394dbb048a8dde8c53a61e7bc5e2c62b7a0a73afd93fa728615c22,2,5,2,0,5,6,3,5,7,7,4,1,9,8,12,12,0,24,0.5,True
training_24,train_1878,702aba197c9521806f676410ef41c4d8dcd5bbd0b36c795551f74aec1c1f0ca9,2,5,4,0,6,4,0,3,7,7,5,4,6,7,12,12,0,24,0.5,True
training_24,train_1879,b18c266c0e21410d6fa41923df0256da2a0403980ae49476c6ee89d23a25f91b,0,2,6,5,4,0,1,2,7,7,6,1,7,8,12,12,0,24,0.5,True
training_24,train_1881,98af80ea5f7843f14168dbd379d04e78fc7dc9682abcf129d5e380ae86b3288f,4,1,3,6,0,5,4,0,7,7,8,1,6,7,12,12,0,24,0.5,True
training_24,train_1882,1acbb7774c96913006330cf27676c51994061e44f0e33a8617795237f14ab1be,1,2,6,5,1,5,2,1,7,7,3,2,7,8,12,12,0,24,0.5,True
training_24,train_1884,7e782c8f61adf7c22e14e6352967c6c626c6c00c1be9b4a2037c3a30f99e936e,3,5,6,0,2,4,5,6,7,7,2,7,8,7,12,12,0,24,0.5,True
training_24,train_1887,df3226335fe77ed55581aca41cfbd13658814d434e2cddf9d5afc83766a5fbcd,1,4,3,6,6,4,0,4,7,7,5,1,5,5,12,12,0,24,0.5,True
training_24,train_1888,26dbcf6f558bcbb9a026a6429de41f6ab9bb5953056175c06db5a4d2e07e3894,5,0,6,2,2,2,4,4,7,7,5,5,4,4,12,12,0,24,0.5,True
training_24,train_1890,c95c3081129e8131da26e203c1d14b882360fe35abdb5466c5a36e5f32340137,1,4,5,4,5,0,2,0,7,7,8,5,6,7,12,12,0,24,0.5,True
training_24,train_1891,dcab906967ad4c8842b93dec496c93aa366681bc489f63bb287784d9a847b73c,5,1,5,5,6,1,2,3,7,7,1,7,5,5,12,12,0,24,0.5,True
training_24,train_1894,b41be9d6813b28d8ddd45dcaad8b0575708f93e626d8f605f789a8fd7637cef2,4,5,6,3,4,1,1,2,7,7,6,6,8,8,12,12,0,24,0.5,True
training_24,train_1896,ce86fc2570a8b557234c35b838dc5ba7401cde5ca41bed8e4527a711eef82ed1,1,2,1,6,5,5,2,0,7,7,7,3,7,7,12,12,0,24,0.5,True
training_24,train_1897,8b73e912f86a6005834d868ca58cb8173674cc7a1c49c0acc3e989d8fc13e1ca,4,3,1,4,6,2,4,1,7,7,3,2,11,10,12,12,0,24,0.5,True
training_24,train_1900,6757464a8ca55e415710b47b91e0af312c3f89c144214fd5b7f8e639064ce12e,1,3,0,5,6,4,3,0,7,7,6,5,9,8,12,12,0,24,0.5,True
training_24,train_1901,dacd03b3572d1d616311415e89133d16df11e42e2fcb87bc4afde9c33d85bdb4,2,4,0,5,2,3,0,1,7,7,1,5,4,4,12,12,0,24,0.5,True
training_24,train_1905,ca4c59529504c01e39813610039dc2304719ac5150d4f3f29299c4a39779c670,3,5,6,3,3,4,2,0,7,7,1,6,6,7,12,12,0,24,0.5,True
training_24,train_1907,aecb242fe18961be4f292564e3b381526e09bdfa4e23a80fc033168d5b52a0ae,5,4,6,6,1,2,2,0,7,7,6,7,9,10,12,12,0,24,0.5,True
training_24,train_1910,4733bb7e97d267a26ecc03d5675e4097b5084f0ed4d79c90b0a31b6d3a5c2877,2,1,5,4,5,1,2,2,7,7,5,1,5,5,12,12,0,24,0.5,True
training_24,train_1911,16280b36e252d1514ba592559b0eb632ebcc65239ab26fd5241391c2da3d9f88,4,6,1,5,5,6,2,1,7,7,1,7,5,5,12,12,0,24,0.5,True
training_24,train_1913,55873e6dba2b1f8e8718b4aafd1f60a66acacb49154f2606ebc93c2a2d06a23b,1,4,3,5,0,3,3,2,7,7,2,6,5,5,12,12,0,24,0.5,True
training_24,train_1916,85ab4b83b5b96569894beefd30aa83375989a2c2899bed521ece1106a06aa9cc,2,0,0,1,3,0,2,3,7,7,1,5,4,4,12,12,0,24,0.5,True
training_24,train_1917,5f836f7a765818a47de61dbc16373712484d939872a53f357ae86f7e0f7d1605,5,6,6,4,4,6,6,0,7,7,1,7,4,4,12,12,0,24,0.5,True
training_24,train_1920,cc179ea916b5cabf84789f419293593154ef22c201adf9eee3320d3eee509cd7,1,5,3,4,1,2,6,3,7,7,3,7,4,4,12,12,0,24,0.5,True
training_24,train_1921,5badf02882dbc23daccce7bb7305d792bfeecad3dc95d754e2f6c6b9f53083d0,5,2,6,5,3,5,0,4,7,7,7,7,9,9,12,12,0,24,0.5,True
training_24,train_1923,37d1cdea6194af18609996c77123c6a2bd83afcbd064cebdcc51c51fc3c570cb,3,0,3,6,3,3,4,1,7,7,5,2,11,12,12,12,0,24,0.5,True
training_24,train_1924,d3cd527225ce7860b4a770c0571f0e1b9886c1feb783fbc38406c2c50ec946bf,1,6,5,1,0,3,6,3,7,7,6,8,7,7,12,12,0,24,0.5,True
training_24,train_1925,b1f4880f4f1c1dbacbdec9a2b10793bd4384858c2abb2aef203122fd91c9a3f0,6,2,6,6,2,6,0,4,7,7,8,8,8,8,12,12,0,24,0.5,True
training_24,train_1926,d9fa2c25bcaff7d6210efe42c4ef23eaf7aa4a66d668ae37d47f62a5742bfe02,4,5,6,6,1,5,4,1,7,7,3,8,6,7,12,12,0,24,0.5,True
training_24,train_1927,0e8801bfb2f8abb2ed36fd0ff56845dfcbaa1ad14f0fdfb1bcbe3ae6e31ace0b,0,1,4,4,4,0,1,0,7,7,5,2,6,7,12,12,0,24,0.5,True
training_24,train_1928,4eeb14c0fd8ffb84f66d547e7f349f4258d1bcb40eb821e2dd604d44f435d6e3,2,3,0,6,1,1,5,2,7,7,3,4,8,9,12,12,0,24,0.5,True
training_24,train_1930,efb5ea55cdc6637780d5ce5739576c92b974cf681433a2fe476e6157fcd3bf68,5,5,6,0,1,6,4,6,7,7,5,2,11,12,12,12,0,24,0.5,True
training_24,train_1931,f07768800e347776ffffbfe078c6b616b7bf3fbe199317e00c9052d5048f1aff,5,2,3,1,0,5,2,6,7,7,8,7,7,6,12,12,0,24,0.5,True
training_24,train_1933,0eb637fd237a5531c9312e0664b0651cee302d5bddac18ea0de4ba57195ad577,4,2,6,4,2,5,3,0,7,7,5,3,7,7,12,12,0,24,0.5,True
training_24,train_1934,7802149b2da13adff323c2ff15e84c59149bd801d6edeaf2fc48a0101f9cd43c,6,4,1,6,4,1,5,3,7,7,5,2,8,7,12,12,0,24,0.5,True
training_24,train_1936,d75367f94b63c98d626357d476aaa90421750028d061716f4354f1e18388d80a,6,2,4,6,3,1,0,3,7,7,4,7,6,7,12,12,0,24,0.5,True
training_24,train_1937,138e1b559a3f5f663e79cbbb12ac8a60604609458673e7d0dab4889f7c62348f,5,4,4,1,5,6,2,5,7,7,4,4,8,8,12,12,0,24,0.5,True
training_24,train_1938,ff3213cb8da2aef43a70a59e5e2127b94258ce75d099f38090030dd30059a7d3,4,4,5,0,3,5,5,4,7,7,2,1,7,6,12,12,0,24,0.5,True
training_24,train_1939,ec605a6aac9e96191462f2963bac8c5c2c2498f41d79e1a3730b3ee99800a7a4,3,5,2,0,0,5,4,5,7,7,3,1,7,7,12,12,0,24,0.5,True
training_24,train_1940,b31145a0166562b34a471fa62e9b89012998d8d705025eb9a7bad0ff9f6ff39a,5,2,6,0,4,6,3,4,7,7,5,4,8,7,12,12,0,24,0.5,True
training_24,train_1941,a87391884d58cf767d3de865fdd78b5b38d80e7ed91a849cba0c1113c7ea059b,5,0,6,5,3,6,5,2,7,7,8,2,4,4,12,12,0,24,0.5,True
training_24,train_1944,48bf46cdf92ec28a720e5a1d8340ac527f898ca83b8d798ba314fb55d6d3d9b3,1,2,5,4,3,0,2,2,7,7,4,1,8,9,12,12,0,24,0.5,True
training_24,train_1945,08dcf3fc624ba45a22e49c6aa1e5d8c98dc224ab45bf69ce9836a9defbebea56,2,5,2,1,6,1,4,3,7,7,8,4,4,4,12,12,0,24,0.5,True
training_24,train_1947,2e952e283498fa73d1cd9371723c4398083a96a5c504a7cde91d401260eb1ce8,1,3,0,5,3,2,1,0,7,7,3,3,6,6,12,12,0,24,0.5,True
training_24,train_1950,d38aef01706ab1d5e1bdf6352eaf355b9c111e0d96b4a3432f6b3ac47bcc9567,6,4,1,4,2,0,5,3,7,7,8,2,5,5,12,12,0,24,0.5,True
training_24,train_1952,5b42563335ed338158b0e7355d0633ba3f932af17ae842eaff3641d8e0aa5e83,3,0,5,3,5,0,2,1,7,7,8,2,5,5,12,12,0,24,0.5,True
training_24,train_1953,8a074d077b1cb9fa2a9218e29947267cf22055fae12f040dc876ff85140220d1,4,3,3,1,6,6,3,6,7,7,5,8,8,7,12,12,0,24,0.5,True
training_24,train_1954,bd70f1e256269a22b5160ea99a04a89d182bf992540fd76533f77326579bb866,0,0,3,0,6,1,1,2,7,7,7,3,4,4,12,12,0,24,0.5,True
training_24,train_1959,c371015df7d2a48ca2dd47ec975e8f8a33d1790ba2208daa73985b0e095cd69a,0,4,1,0,4,2,1,3,7,7,6,2,5,5,12,12,0,24,0.5,True
training_24,train_1960,fd180fbd1d65aba3ff6bf306a7ecf4640f75b6e9684944ad8c197cb458a52419,1,6,3,4,1,1,6,6,7,7,7,7,5,5,12,12,0,24,0.5,True
training_24,train_1964,694c271cca62595d3954f73ca4a51ab1c9a519d2dd53e23b96315d76ff3e3d09,3,1,6,4,0,1,0,6,7,7,5,8,9,8,12,12,0,24,0.5,True
training_24,train_1965,170cf69d71a2c8f53864469ade2dbaf78299d8781483f1033ed1b3747eefc428,2,4,3,1,2,5,5,4,7,7,1,3,5,5,12,12,0,24,0.5,True
training_24,train_1967,5f3926d26356cd88d69849cd233d578b5c053a1bd03e56ee9cd810f2a7eee366,6,6,0,0,5,5,4,3,7,7,2,5,10,9,12,12,0,24,0.5,True
training_24,train_1968,7c57bc225e8131449d320cb541f83e5dbea0e2769f1ccfe309b1209f38185092,3,4,4,0,1,1,6,2,7,7,5,5,4,4,12,12,0,24,0.5,True
training_24,train_1970,6543705e593d48ee108730988c608c5f76ea798753cbc2e08557ad42c185e2db,4,4,5,6,0,4,4,1,7,7,6,3,7,6,12,12,0,24,0.5,True
training_24,train_1972,9902d892e60a931398ef58d33442d9dc4792a72caeca75370c4f8819c2c01697,0,1,6,1,0,0,3,4,7,7,1,6,7,6,12,12,0,24,0.5,True
training_24,train_1973,a7a005e797389250a9be4bfd785604e6dc51f8d9d451228550eb6f2f3f3260ba,3,2,3,4,6,1,4,0,7,7,4,3,10,9,12,12,0,24,0.5,True
training_24,train_1974,f1ef9b22dc90913b3b820578df843248e7e6d662229b30be8eff7dc1fd51971d,1,4,6,3,5,2,0,4,7,7,6,1,6,7,12,12,0,24,0.5,True
training_24,train_1975,15244ccfd91f3e62b8e4b6e1545d641e7c825053065e6b62d3c8988d041748ad,3,3,4,0,4,3,2,2,7,7,1,6,7,6,12,12,0,24,0.5,True
training_24,train_1977,f410de1866f6bd671eb9bb6396447e38e5cdb004ada97f2704aca18106191acf,4,6,0,4,2,1,4,5,7,7,7,1,5,5,12,12,0,24,0.5,True
training_24,train_1978,ec84d97df5cc1c1a054426aca14c23d8210ca88e5bb6240cff08f0fde84dd040,2,1,4,0,3,5,0,3,7,7,5,4,6,7,12,12,0,24,0.5,True
training_24,train_1982,c353d2ef095434f778a19c01d133a84d0e93501bc711dfc4230b3d6d5e4ae32d,5,6,4,3,6,5,3,0,7,7,8,8,4,4,12,12,0,24,0.5,True
training_24,train_1983,8a1728e56b1c5631ba2be2bdee71758bea2a076c1128983422921f58ab2ba4d9,3,3,0,5,3,0,5,3,7,7,3,2,8,7,12,12,0,24,0.5,True
training_24,train_1986,b1ff07715268c510602eab45f9262c0a36ec60f0094fa25477338f8d0a80e0fd,2,0,0,6,0,3,5,3,7,7,5,6,9,8,12,12,0,24,0.5,True
training_24,train_1987,c9343c82ed55cd9f7832b34a90ebde0c72236305f21714abbef5ad3929640c70,2,1,0,5,2,0,0,1,7,7,1,2,7,8,12,12,0,24,0.5,True
training_24,train_1988,8d1ad1b63f2459733e6ac488034d4cbdf4ba5704805544e7536fdc7c17fad33c,2,5,4,6,3,3,5,3,7,7,3,5,4,4,12,12,0,24,0.5,True
training_24,train_1990,750a2bfd6cccf5fe1579c85ca71b3928f54850cd66d2f95187c8580a8065a95f,1,6,4,0,2,5,6,4,7,7,2,7,7,6,12,12,0,24,0.5,True
training_24,train_1996,88724389569e80af1035a3a9d628a53bbfb2ce7598155b4e42e97c5c9e91999d,4,1,1,1,1,5,4,6,7,7,7,7,8,8,12,12,0,24,0.5,True
training_24,train_1997,45436b3e763a00565417d65ecef487ad142eb320dd4dd5ee179de39b66bfedd0,4,4,2,0,6,3,3,3,7,7,7,2,7,6,12,12,0,24,0.5,True
training_24,train_1998,8221e4e56d30f9f2ba4633855674d16677a03e2550e772a6797bde0f6ac0fa1c,1,5,6,2,5,1,1,3,7,7,8,4,6,6,12,12,0,24,0.5,True
training_24,train_1999,6df030bcbe55bcf440ca375ac5880e5018b0aab02a22bb06d8c2394033e35107,4,0,5,6,0,4,1,2,7,7,8,5,9,8,12,12,0,24,0.5,True
held_out_22,train_0000,5e3c3e1c236db950e013c35eb8cffa9b22f6e59fd387698786aaf93bf313976e,1,1,0,6,3,1,0,0,7,7,2,2,8,8,11,11,0,22,0.5,True
held_out_22,train_0001,00f576903f52839b511c569076543bd796580d3e11b45c7d1ba23f51544eeeec,4,1,1,6,4,3,0,2,7,7,2,7,6,7,11,11,0,22,0.5,True
held_out_22,train_0002,637e901e776afb28a892dd0a4b650c64f8c770051d29483e3b087763510f01b7,2,4,1,1,4,2,1,3,7,7,4,2,4,4,11,11,0,22,0.5,True
held_out_22,train_0005,2d93023355b3fdc34e94c47cea2e1a8532a5a6d1710c7785a10307c19f004fa3,3,4,6,6,2,3,4,2,7,7,2,3,7,8,11,11,0,22,0.5,True
held_out_22,train_0006,5bf390862dc627bea6f033c988c8822e4e27fa2d7846899a70f70a7ba15be0d0,5,4,6,6,6,3,1,3,7,7,2,7,7,8,11,11,0,22,0.5,True
held_out_22,train_0010,238a6a8ce1e0f747a83ae3307c6e0c9740dbc4ede185c5f6df1f22cffdbd1364,6,6,2,0,5,5,2,5,7,7,2,5,8,7,11,11,0,22,0.5,True
held_out_22,train_0015,b37a2b0225df268221a13950b4a6b9adfdc563a65632302c545b8b3afefffb96,5,2,0,0,5,0,3,5,7,7,2,5,7,8,11,11,0,22,0.5,True
held_out_22,train_0016,c4ebdab40d5c68b39e1e40cdbd4f059bf8eb4d6bdf976f4ef99b9fbf22f454e4,5,3,6,5,5,2,3,4,7,7,1,3,4,4,11,11,0,22,0.5,True
held_out_22,train_0018,6f8517fafb33409aaf32698d9ec73a0a29d9edeb03bd05899aa2a6244a0c9978,3,6,2,0,5,4,3,5,7,7,4,1,7,6,11,11,0,22,0.5,True
held_out_22,train_0019,9680151a98fdb3bc3f5806be47153e4e8f1c6e8e8132ac9c552c8adb50987591,3,1,3,6,2,3,0,5,7,7,3,7,4,4,11,11,0,22,0.5,True
held_out_22,train_0020,6ae978117f5bb995a9bfce168ef7bef4e9fd098d8e7c6bf31c428d1b83e3ba55,3,2,4,4,1,0,2,4,7,7,4,3,9,8,11,11,0,22,0.5,True
held_out_22,train_0022,9556733be3df3b4654f6563c70fae1044d58e732411b9aa1faa02e80801f240e,2,2,6,1,0,6,4,6,7,7,6,6,11,11,11,11,0,22,0.5,True
held_out_22,train_0024,07823e5064a30ef97f94ea54da38f0fb9feb7e48c00d60405a53ab2085c85a52,1,5,4,6,4,0,6,2,7,7,8,8,10,10,11,11,0,22,0.5,True
held_out_22,train_0025,03addf234be2d5cb5cc66912f70030e714003cdefa2e8cbbff97fdf2b610570f,1,3,4,6,0,3,4,0,7,7,1,8,7,6,11,11,0,22,0.5,True
held_out_22,train_0027,d17c852da4e0c14c752ceb3480737e61ae4880a00b4961c954f20d9b65e9015f,2,4,0,3,6,5,4,0,7,7,5,6,8,7,11,11,0,22,0.5,True
held_out_22,train_0030,047223708c0e4a8e3be351b215bf1738a5c899e963652852f76b0311b56658c7,5,4,2,2,5,1,0,2,7,7,3,7,4,4,11,11,0,22,0.5,True
held_out_22,train_0031,40afa0df044db54fdc7642a7b06ea5fb20d48cd9f172e2bee4893f83664373c8,3,6,6,0,1,0,2,3,7,7,8,4,7,7,11,11,0,22,0.5,True
held_out_22,train_0034,69d12aef95bf5ce9499a9be97c2073d2869fc97003dc9326fb3ac1f503992018,4,2,0,2,4,0,2,6,7,7,2,8,6,6,11,11,0,22,0.5,True
held_out_22,train_0037,f66db3dcbdd3374ea1c9562080b0c17d68285578d4ef76f7e659a794d33a3a66,0,0,6,0,5,3,3,1,7,7,8,4,4,4,11,11,0,22,0.5,True
held_out_22,train_0040,5c5c46b3c8004f4821955c09b292fcd68ef995fa0b4ec8011f2e9959861d51e9,1,3,5,0,0,2,1,4,7,7,2,1,7,8,11,11,0,22,0.5,True
held_out_22,train_0041,5a422b45d097b7a3510ebd4c570d1f4fefa16378dd6e9e90bdbfdff75121225c,2,0,5,3,0,3,3,0,7,7,5,1,5,5,11,11,0,22,0.5,True
held_out_22,train_0045,2824b7b885433517b80fb398e83ea5147f7cedb6569eafae9681c42203a78a68,6,1,0,3,3,6,5,4,7,7,8,6,6,6,11,11,0,22,0.5,True
held_out_22,train_0047,464ac60f0482ed00b704e33f58edc46f0b64ed09117e4475b43b8c5b718f68ca,2,0,0,1,2,6,5,3,7,7,8,6,7,7,11,11,0,22,0.5,True
held_out_22,train_0048,0546950a2d40007b4d2013deb578e7dfc55a1572a40e153c5546297891761ae3,4,3,3,5,2,0,5,1,7,7,5,3,6,6,11,11,0,22,0.5,True
held_out_22,train_0049,80cffec7ed79e960a1521070ced36884dab48ce3267b3d2133b95f396beb944a,1,3,3,0,5,4,3,6,7,7,5,5,6,6,11,11,0,22,0.5,True
held_out_22,train_0052,48f3af094de22940fdf71ba2595c73c0ab38e800e74f0983319c6a9076109fbc,0,4,3,3,6,2,1,1,7,7,8,4,4,4,11,11,0,22,0.5,True
held_out_22,train_0055,9d2d0bb2cf742cc0dc0e3d6cbdc71d9e5b9f3f55858e9f69b120c34f1de41104,5,1,6,3,1,1,0,4,7,7,4,8,7,7,11,11,0,22,0.5,True
held_out_22,train_0058,421862aeae70e6ec4270dea5cf4a7322962a4fc4a39725eb6242a570327845c1,1,3,4,5,2,0,6,1,7,7,4,7,7,6,11,11,0,22,0.5,True
held_out_22,train_0059,b8a3582ce796b73891bbffaca8a30d6d99fc5ec8931d543294c27d0ad7982577,1,2,3,5,0,4,5,3,7,7,3,5,4,4,11,11,0,22,0.5,True
held_out_22,train_0060,b93fdc82471bb79310fb2f53e6ef8481af9ea3b3e381e6b794578fe3234e0c25,2,2,3,5,6,0,1,6,7,7,6,7,8,9,11,11,0,22,0.5,True
held_out_22,train_0062,9a24b861a45353ee1cc29067fd07217ae250639d4e5626abb0eb13c0423dada1,5,5,0,0,4,5,5,3,7,7,1,4,9,8,11,11,0,22,0.5,True
held_out_22,train_0064,afc50ca07043932fe73e0cc5fc074f04e9498343b11912a6b2db1e8d6500346c,3,1,5,6,0,6,0,2,7,7,8,4,9,9,11,11,0,22,0.5,True
held_out_22,train_0065,b83a8038f767882aa359543836565951158db7850ec58804457e628af0afc8fb,2,4,3,6,2,2,4,1,7,7,2,5,7,6,11,11,0,22,0.5,True
held_out_22,train_0067,553ebe77f7bb78674fa5132d1e4ed51b22acc45a7bd305147ca083a6887dd08b,1,0,6,0,1,3,3,4,7,7,3,6,8,7,11,11,0,22,0.5,True
held_out_22,train_0068,edee351922c8972ae08f97aad6ffd56f47bebc62b62edc84532993c9711eafaf,1,5,0,3,1,0,5,2,7,7,7,7,10,10,11,11,0,22,0.5,True
held_out_22,train_0069,db6f9e29a1193ac1b7dc8caf149a66d5ed7b2105d8de85bccdd7f73d3d14b85e,1,3,3,6,3,0,6,2,7,7,5,6,8,7,11,11,0,22,0.5,True
held_out_22,train_0071,9252645a85a87c51111c9fc005265cdad026321c91624b31762829171eedf105,3,0,6,0,1,2,4,4,7,7,6,7,7,6,11,11,0,22,0.5,True
held_out_22,train_0074,d08627c7ae5977869d48779da1c5b1eb5ee3b6db87aab40223632cf1da1b40bd,0,3,3,4,4,1,5,6,7,7,6,8,4,4,11,11,0,22,0.5,True
held_out_22,train_0075,6d26cfbced592e4cf5b6fbb492153de00c19e2fe796663c0fb4eb6b9f3c61f09,5,5,1,3,5,1,4,6,7,7,4,2,6,6,11,11,0,22,0.5,True
held_out_22,train_0076,22e1222148ecce435d478efb501bcfc1392d07f9a52bbf9d993ce72b1f6b4603,4,2,1,6,2,1,5,3,7,7,3,2,6,7,11,11,0,22,0.5,True
held_out_22,train_0078,259800eb6d2fd37ac5a7a6c86fc5fa3aa566bc063fdd458d7e892e075cf17c0c,3,6,4,0,6,4,3,5,7,7,5,1,6,6,11,11,0,22,0.5,True
held_out_22,train_0079,c875ce2766587ca16b5ac3485be28f6f6f530224239f6bc17e512512da2b38eb,5,2,4,4,1,0,6,4,7,7,6,3,7,8,11,11,0,22,0.5,True
held_out_22,train_0081,9d5b989193d814745971e03464d4e443f6004c1c1d057bc3212bc43f43b1f681,6,1,4,6,1,3,6,2,7,7,7,1,6,6,11,11,0,22,0.5,True
held_out_22,train_0082,83cd852b15269470727a3484708c2272498efe5cb58d24196adb7aa4427c4961,1,6,3,5,6,3,0,3,7,7,8,4,5,5,11,11,0,22,0.5,True
held_out_22,train_0083,e9a111b90157a9e36b49be5b758b4dfcd59eeb1924a2373c4458f2c58d3b713d,5,3,2,3,0,5,3,6,7,7,7,5,4,4,11,11,0,22,0.5,True
held_out_22,train_0086,13d4a221f00f782cc503d1956d9d3e1b57bd967b1702b38cea509aad60125865,4,4,2,3,0,6,4,0,7,7,6,6,5,5,11,11,0,22,0.5,True
held_out_22,train_0088,08203bfb18a8caec27ba46fc8f2322217189b9b59d17823755be60621af52af9,3,1,6,2,0,1,2,2,7,7,3,2,7,6,11,11,0,22,0.5,True
held_out_22,train_0089,16854e2577d5cd13a8aaf84ac26e022537454e87c3c3a1b83064ccf93bcf507c,3,0,6,1,1,5,3,6,7,7,7,8,9,8,11,11,0,22,0.5,True
held_out_22,train_0091,b34b1fb82be6b1c1e112372272bd3bd2fc56f71137b793e41fded54a66298855,1,6,5,3,0,3,1,5,7,7,4,1,7,6,11,11,0,22,0.5,True
held_out_22,train_0094,0522f2ec0b4d662d9342eb00afca726ae82371683ff810c6ebd904b9cf1b4ea5,6,2,4,6,2,1,1,5,7,7,5,8,9,8,11,11,0,22,0.5,True
held_out_22,train_0097,6f3652f3da5fbf2bb60b952370c9f63f8cdc2474ffa59a5a6f54fddf87c4cbc6,2,2,3,5,3,1,6,2,7,7,2,4,6,6,11,11,0,22,0.5,True
held_out_22,train_0098,68509c746db583044f4191b4e236c4a386607f44f8798633583ce39f6ebb34e4,0,0,6,2,1,0,3,5,7,7,1,8,7,6,11,11,0,22,0.5,True
held_out_22,train_0099,a61116760884252dad268b8f201f535fd6ca23829015c6e1060977988e5c6255,6,3,2,5,3,0,5,1,7,7,8,7,8,7,11,11,0,22,0.5,True
held_out_22,train_0102,286bd7ade2e6b493cfaf77085cacefe7d2c14c4ecbaa9a9cd762c4c7c3404262,3,2,1,6,6,5,4,3,7,7,6,2,6,6,11,11,0,22,0.5,True
held_out_22,train_0104,14f8ee13b59b78977b0b5c251f3f7b7d7a227b74651a169df3f849edd33b1893,5,6,0,4,4,1,6,6,7,7,8,1,7,8,11,11,0,22,0.5,True
held_out_22,train_0106,a0e1c43ecfcec1d16cf0a91737ef670f7fce5f3d019549ea954a7d9d615d374a,2,5,6,2,3,6,1,4,7,7,2,2,7,7,11,11,0,22,0.5,True
held_out_22,train_0107,c46664ac1cb09a0d6224294d93aa514d7a0211f7d39fa4636377df6119a98c14,2,4,5,4,2,3,6,1,7,7,1,7,4,4,11,11,0,22,0.5,True
held_out_22,train_0108,8266960e20d8ea5e02970eeb58e895b36765073fa90b53f4f4fae259b98ff656,2,2,0,5,6,1,2,3,7,7,5,1,10,10,11,11,0,22,0.5,True
held_out_22,train_0109,3aa4321f3096bc16613e27941dbdd9a11a565b1c66130a4ac34793a1d54719db,0,6,5,3,1,2,2,0,7,7,5,8,7,6,11,11,0,22,0.5,True
held_out_22,train_0111,b19be202cb793b8a01becd765d0eda88d68cb6d1efa87df374ec51f0ef227b39,5,6,1,5,5,3,4,1,7,7,3,6,8,7,11,11,0,22,0.5,True
held_out_22,train_0115,6f812d811f40ea5b0f5cb641fd275864b5395ad2969b8a632e8c68fd78d8a324,3,3,6,5,3,1,2,3,7,7,2,1,7,6,11,11,0,22,0.5,True
held_out_22,train_0116,31fc2b8c66e493c0075ee9129c31d8ba314f3d9c627a340b246595f0ef0698a5,1,4,3,5,4,2,0,4,7,7,5,1,4,4,11,11,0,22,0.5,True
held_out_22,train_0117,56b011aa604d2df1023494cbb7062719a10e796487dd409327ce71c2c16a916e,0,0,3,0,2,3,3,5,7,7,5,8,6,7,11,11,0,22,0.5,True
held_out_22,train_0118,3a509bc4fc5773584e489a99a281872cbf0d195875d93569fb31feee537bf7d1,5,2,0,5,0,1,5,3,7,7,8,1,6,7,11,11,0,22,0.5,True
held_out_22,train_0119,1a2bf3afd9bae63cff4eb2d84796acda5a4df306a468fadda891489d42624da8,2,2,2,5,3,2,5,4,7,7,1,5,4,4,11,11,0,22,0.5,True
held_out_22,train_0120,994d5ee21bde645b01119d14f48a85fc118eaa50a6860e513d4f1e732cdb27e4,1,6,3,5,3,0,0,1,7,7,8,6,7,7,11,11,0,22,0.5,True
held_out_22,train_0122,e34662a1a86e139923fa6eebc8bdb25a80f747c12bd14c9bd7785d447116d02a,4,0,3,5,4,2,0,1,7,7,4,7,6,7,11,11,0,22,0.5,True
held_out_22,train_0125,35480bd10bff5e3ace35bcb0f7d250fda2626c555e0986fabb37f9d70b5b4c99,1,2,4,4,3,2,0,5,7,7,2,4,5,5,11,11,0,22,0.5,True
held_out_22,train_0126,b68237924a0e577f3f41af45efd47b1d2f2775f5d31de3b1f12063eb1c7cf4f2,4,0,3,4,0,0,6,1,7,7,4,3,7,6,11,11,0,22,0.5,True
held_out_22,train_0127,368fd72d75b0822327f0269843fd1b60327c461a9cfb50dd6f584356656d7371,4,2,6,1,4,5,6,6,7,7,3,6,6,7,11,11,0,22,0.5,True
held_out_22,train_0129,19713646898bcc4cc375e25fa704f088bdf7a51210ad0cc5aacbc1ebed055691,3,1,5,5,6,0,1,2,7,7,4,3,6,7,11,11,0,22,0.5,True
held_out_22,train_0130,d977b1d3ea2265574c35218b7d079b7cfd26e60cfe282d1a13cd0c776c043465,2,0,4,2,0,2,3,6,7,7,4,7,6,7,11,11,0,22,0.5,True
held_out_22,train_0134,d415de286fea7752c8beafe80dfd629556e0e25abedfe0106fa46d346ecd8852,1,0,0,2,2,0,4,2,7,7,1,5,4,4,11,11,0,22,0.5,True
held_out_22,train_0137,e864062b4eff438f963ab3bbffa17539e29cbfdfc8bd9df59b1fe2c6448a4889,5,0,1,3,4,1,3,6,7,7,2,8,5,5,11,11,0,22,0.5,True
held_out_22,train_0138,8f7b8dcaac40c70f7d8685e7365a2e3917e7f52e4668e2b6ed5397b3454c9b55,3,1,1,0,4,4,0,3,7,7,4,5,7,8,11,11,0,22,0.5,True
held_out_22,train_0139,c8d78cda44a1e186f900099f1785f0c0a375423eb2d78d7fe651edf5dbc52381,3,1,0,5,6,6,6,0,7,7,8,8,11,11,11,11,0,22,0.5,True
held_out_22,train_0141,c0c62155e28173e4b52607863881bd56fae5502947bc3f4da1f659f0e7b9aa7c,1,5,6,0,6,3,2,1,7,7,7,5,5,5,11,11,0,22,0.5,True
held_out_22,train_0146,2b3463f9289c2e065980f6ed4114fcf12e25efa2de00913a88a31c06acae1fff,3,2,4,0,1,5,2,3,7,7,7,6,8,7,11,11,0,22,0.5,True
held_out_22,train_0147,57a37c8040f0c87bc2e7e86840060db13da3cc061b6b6dfe133f919623e7b812,1,2,1,0,6,5,6,2,7,7,8,7,12,11,11,11,0,22,0.5,True
held_out_22,train_0148,19306dc2826ec6cb94077065ca00c65c82fcd0408901a18d94dca08700cd9622,5,6,0,4,3,0,5,5,7,7,8,1,7,6,11,11,0,22,0.5,True
held_out_22,train_0149,55a2bd8c5963bf2f706331b1f6788a6c0ba8f7b350c7f878f3b78f11ae75f4ad,5,1,0,3,6,4,6,1,7,7,4,1,7,8,11,11,0,22,0.5,True
held_out_22,train_0151,1ed05b0e446606d85d070920b2690c9f773b2f532be84beab235d9965068d61c,1,2,2,4,5,6,0,1,7,7,8,2,5,5,11,11,0,22,0.5,True
held_out_22,train_0152,c88bf6755b0c57ef719520a528dca3cb33c7878269b5d5913d69dfe554800c26,3,4,4,0,6,6,0,5,7,7,5,4,10,9,11,11,0,22,0.5,True
held_out_22,train_0153,e6c7d1ecce21b325ce9d3e19ae1b1e791b0d9a57cc092035cf147eb5180e0a63,5,3,5,1,1,2,0,0,7,7,5,8,7,6,11,11,0,22,0.5,True
held_out_22,train_0155,f70ff6be383c6076f2634caf52dd714784b4c0107312202043bcce416ba0c027,3,1,0,4,3,6,4,3,7,7,7,3,5,5,11,11,0,22,0.5,True
held_out_22,train_0157,1da729cdbf7be7cbcf182cea2930e797a1b446b54880f71993929d93cf655310,4,2,5,0,0,0,5,3,7,7,6,2,5,5,11,11,0,22,0.5,True
held_out_22,train_0158,3e24bf8b6231b17f1d7c97f6cdaaa020addb8d346d88f26530c89e22decc9829,2,5,6,6,1,4,6,1,7,7,2,8,7,7,11,11,0,22,0.5,True
held_out_22,train_0159,f67472edb7a980fe425a8d87332a99401660c2a8345a30010eec24bfe0e597f9,6,5,0,1,5,5,2,5,7,7,1,4,9,8,11,11,0,22,0.5,True
held_out_22,train_0163,c5e2c49ba13206e7130cb33a609c9dc31277e56ad5546a2fbaf81f5297dc9462,1,1,4,6,2,1,6,1,7,7,1,5,7,7,11,11,0,22,0.5,True
held_out_22,train_0164,22dbd44bc8185c67fea84b3d6445998450a4ca2958a13ce0bbf3d092c0479ed6,6,2,3,4,4,1,6,3,7,7,3,1,4,4,11,11,0,22,0.5,True
held_out_22,train_0165,2940a47f8006c14f9a1acf00eb8b4464782c59022f8488f0d017aeaa3bfda7d9,5,0,1,4,4,3,5,1,7,7,6,1,6,7,11,11,0,22,0.5,True
held_out_22,train_0166,cc16f01feaa3acf5dbc9b9ef9964e3c68bf25fc077b3e552dcd19658aad3c3f1,3,0,4,6,6,2,4,0,7,7,5,1,6,6,11,11,0,22,0.5,True
held_out_22,train_0167,b65f0dd30d200265292ebe157fe9b9d7b9cf3557836f8621a8fe941fd9923415,2,5,6,3,2,0,0,5,7,7,7,2,7,8,11,11,0,22,0.5,True
held_out_22,train_0168,b93f835ca814e621e1cca269ba028a842e0e7605ea6445c21e1a2d8ca210c267,4,5,2,3,3,6,6,0,7,7,2,7,6,7,11,11,0,22,0.5,True
held_out_22,train_0169,ed0cbfa0ccb3bb242d226e397e43e8462efcbd2cd1cea4c272deccd6068b54c6,1,0,2,2,1,6,5,4,7,7,6,8,5,5,11,11,0,22,0.5,True
held_out_22,train_0172,77ed8813e3fcff314a960aef9ab297f3991ed6511439fb62fe0728b2a843fd1d,4,4,5,6,5,0,0,1,7,7,7,7,10,10,11,11,0,22,0.5,True
held_out_22,train_0174,979436665984c936412a58d3442313658a74c15b95a7d124b27eedde9bf95ec5,6,4,6,0,2,5,4,6,7,7,5,4,9,8,11,11,0,22,0.5,True
held_out_22,train_0175,f116b275c36fe0cc197592a71fda63d229b107108fc7c63a6d0f438912596260,1,1,0,6,4,6,4,3,7,7,8,5,8,7,11,11,0,22,0.5,True
held_out_22,train_0176,6aee991ec8b1b67897b161f101167296832881d7010f5037a172ceea8d3c4e0e,3,5,6,4,0,2,2,1,7,7,6,7,8,7,11,11,0,22,0.5,True
held_out_22,train_0178,0e11d7d18843f1a2220d2f5e7d4c1bd0454002655f74050df15c7ae312fe8797,1,3,5,1,2,0,6,4,7,7,6,8,4,4,11,11,0,22,0.5,True
held_out_22,train_0179,a2c9663247d093286397e2def8cfcd9a4ae3584b869fc02efa585a60238ce5f4,0,4,5,3,5,1,0,3,7,7,8,1,8,7,11,11,0,22,0.5,True
held_out_22,train_0180,b188130f1088d4301b241b7c5fecd484f270516c4bcf9f76566ac68e5bbee4c3,6,5,2,1,1,6,4,4,7,7,6,3,6,7,11,11,0,22,0.5,True
held_out_22,train_0183,ea02d2d20a4367f7298618140e8ff673d1dfbca5abf3569714f450c4f7adce2d,4,5,1,0,1,5,4,3,7,7,5,2,7,8,11,11,0,22,0.5,True
held_out_22,train_0186,b09ee7b1a6482765e74e624766ac0319cb7ca75a0fb78bf746ab1f0f09bcad19,5,4,4,1,1,3,4,4,7,7,7,1,5,5,11,11,0,22,0.5,True
held_out_22,train_0187,6a28c765353b13abf0336655b9a5fa3380164a7c820daf4f14fd47c60c3369cc,1,5,3,3,2,0,2,6,7,7,6,2,4,4,11,11,0,22,0.5,True
held_out_22,train_0189,f9bf8b3ba22198224586754f50e754b5a9b8bb2e59b0f61434c5a5b2775f3119,4,0,1,6,5,5,1,1,7,7,6,8,5,5,11,11,0,22,0.5,True
held_out_22,train_0190,2932fc3efb78f4b5b028818de691b3d5c09f1ecdf49e218da18b296de12dbfb8,2,2,0,6,3,3,2,1,7,7,2,1,8,7,11,11,0,22,0.5,True
held_out_22,train_0191,2b4146eb3240af3dac67c23fac0bad820b3aed1223e22f0459c52c0629179931,6,2,1,4,5,0,2,0,7,7,3,6,10,9,11,11,0,22,0.5,True
held_out_22,train_0193,0381a817fe1faf22fed9af77d3bf9e0692caa98a76f5da992dba9a6b8042b0d7,2,0,1,3,6,4,4,1,7,7,8,3,6,7,11,11,0,22,0.5,True
held_out_22,train_0194,244d3ca1fcb64ab8866687d66971772421fccd2587b1f0c387949765e5a31198,4,2,1,5,3,0,6,2,7,7,3,2,7,8,11,11,0,22,0.5,True
held_out_22,train_0196,1685d20ca1ec7370ba9d54c0d8192a4e0b5c9549a505318394cee0cdb43a16b3,0,4,1,2,5,1,2,6,7,7,8,4,5,5,11,11,0,22,0.5,True
held_out_22,train_0199,34715750a36fbd8455a5bfad69cb128b0822c43aaebbaa41526ff63263343da5,1,3,6,1,2,6,0,3,7,7,4,1,9,10,11,11,0,22,0.5,True
held_out_22,train_0201,f0873666a03e8a7c4789f31b2b55d8cc134a30967dbb439ec2c89158b25f3625,2,6,2,4,3,1,0,4,7,7,6,8,4,4,11,11,0,22,0.5,True
held_out_22,train_0202,dd990f109b748129036ba80583c6f82e937658eb281f1429664c98d9a2e166f0,5,4,4,6,1,1,4,1,7,7,7,4,8,7,11,11,0,22,0.5,True
held_out_22,train_0204,29de23965fe95c05c7bf28f3140d28d5dfffa37e2b5c0d6eca54cc3cd1775c50,3,2,2,4,4,0,2,1,7,7,3,2,8,9,11,11,0,22,0.5,True
held_out_22,train_0206,5cfbf9d01558b2b414dc9bea7ae89168f81e59a37894d3be34729c975673bc0a,1,0,5,1,2,5,0,0,7,7,6,1,7,8,11,11,0,22,0.5,True
held_out_22,train_0209,1b97767a77f67aedea50c628f9767d20f4a44291d4f5f303848f93d5bf9eec86,0,2,3,2,2,5,0,3,7,7,5,1,4,4,11,11,0,22,0.5,True
held_out_22,train_0210,c4a702a1b1b89cdbca32971095a9decfee2e1a76a494a4e603940bc784c93f59,1,3,5,2,6,6,1,1,7,7,8,2,5,5,11,11,0,22,0.5,True
held_out_22,train_0211,f8f3ee3e53ca3497420539b3e00399b21c59983cfd8807d60cf8e2857ad10d5a,0,2,4,0,0,6,3,5,7,7,6,8,12,14,11,11,0,22,0.5,True
held_out_22,train_0212,407f09d418c47551e13f70d5e0072450eed5e63995aa63487a2a2678c64f419c,4,3,0,3,6,3,5,5,7,7,2,3,6,7,11,11,0,22,0.5,True
held_out_22,train_0214,6495c5d836517a71e9da1bd584bce7965bc2a5f889ae3c41a7ace0d6cc4780ab,2,1,1,3,5,3,5,6,7,7,7,8,6,7,11,11,0,22,0.5,True
held_out_22,train_0216,a98e5cd8bd919c408d36c136bc9c5d181e44a389da14e9ffd6fbe9e91f059390,0,3,1,0,4,5,6,3,7,7,8,8,8,8,11,11,0,22,0.5,True
held_out_22,train_0217,c5e21c548657961b609e8480a0b03f860ceef32e23c6f5c4c9d0f5f055d574a1,3,6,2,2,6,5,0,6,7,7,4,3,7,8,11,11,0,22,0.5,True
held_out_22,train_0218,f0490d3eba8a81c481b94e3af570ddb57d1183b0b90d4bda4673e52ccf48044d,3,2,6,6,0,1,3,0,7,7,4,4,13,11,11,11,0,22,0.5,True
held_out_22,train_0219,2af44b0a63504549cec34896d206b0de670ccf4054443ed4a9507cb847f165e0,4,4,4,2,1,1,6,0,7,7,6,6,4,4,11,11,0,22,0.5,True
held_out_22,train_0220,841097537dc8b5dc43db1820ac82563c7977d305246adfc7b400ce68681da73d,3,6,0,1,3,2,1,4,7,7,8,4,4,4,11,11,0,22,0.5,True
held_out_22,train_0221,9c57d8be69ff37ea873b656cd829745f87fbb99dae433c5e347872740992d6b6,0,0,2,6,3,2,1,1,7,7,5,2,9,8,11,11,0,22,0.5,True
held_out_22,train_0222,06ca9a8bae74248f31b7bdde9af97af517a3b8454dcbbfd197a00dde72b00ade,6,1,4,0,1,3,4,6,7,7,7,7,6,6,11,11,0,22,0.5,True
held_out_22,train_0226,644d8701840c545ee3a070d603fd7557361627f21305d8d545f52fc580187adf,5,0,4,2,1,1,6,0,7,7,5,1,4,4,11,11,0,22,0.5,True
held_out_22,train_0227,2d4da4aed29113659cf6fddb50d2e0e51f78af881878424b5c6ebbb3c6de2c75,3,3,1,5,4,1,0,0,7,7,3,8,7,6,11,11,0,22,0.5,True
held_out_22,train_0228,f3e96162632184887b3625458057d42d5be356bf0b73ad1776c216bc0b6e1858,1,2,6,0,4,6,3,4,7,7,7,4,8,7,11,11,0,22,0.5,True
held_out_22,train_0229,c9899cff4e263128ece981f0de3ac030f21190f588224deaeda180ef142604cc,1,3,2,0,3,4,0,5,7,7,3,3,7,7,11,11,0,22,0.5,True
held_out_22,train_0230,9ecc6aec2d2dfe5554bf15fb4517965d2bd42c7dd8daacca8bb88a8cff2507fb,4,4,5,6,3,4,5,2,7,7,1,3,4,4,11,11,0,22,0.5,True
held_out_22,train_0233,a50ff3671ca1164f549926c4bba177e8a2d3cb1087a61d650a50c721725ceab1,0,2,5,2,3,6,0,0,7,7,7,4,6,7,11,11,0,22,0.5,True
held_out_22,train_0235,8a68c1677ccf9701f2bf234d7ab83d558f8dc7b5aefc13adad58a03615b34cec,4,0,2,2,6,6,2,6,7,7,8,8,8,8,11,11,0,22,0.5,True
held_out_22,train_0236,9a1919909baaa384c1d26e86d1e6006f8b45aa9a70c7d57ae97085d020e64440,5,4,4,2,6,6,0,4,7,7,3,7,6,6,11,11,0,22,0.5,True
held_out_22,train_0237,5648c0b9f362130903b0b1902dcae7a77fd6ad1a4f85b9ec5586f97d7cbb5e4f,2,5,4,1,6,3,1,5,7,7,8,1,8,7,11,11,0,22,0.5,True
held_out_22,train_0240,67029fb056a33fcbf6e8986e9262b4de230e37604ef17275364d261f17425b43,6,2,1,2,4,2,0,0,7,7,2,8,5,5,11,11,0,22,0.5,True
held_out_22,train_0243,c6af4cb5c7f51913aa3cbca1721f149cb39ef69d4ab71529c10a6f0083a8fd06,2,2,5,1,1,3,4,6,7,7,2,6,6,6,11,11,0,22,0.5,True
held_out_22,train_0244,fea4088dd6135b99d275fbef0846142161209239a10aa4e65eb6c63ad69ad0c2,3,6,0,3,6,3,5,0,7,7,6,8,8,8,11,11,0,22,0.5,True
held_out_22,train_0245,29393554a43bacad6622b3c4040ed1dcd0c1af57722f4075363c80406bcb50ce,2,1,4,3,5,0,1,2,7,7,4,2,4,4,11,11,0,22,0.5,True
held_out_22,train_0246,c6b9dcc1f37d9cc788ece2fbcc1a41fe3043d884899f61b293b48252925d2212,5,3,0,1,4,6,5,4,7,7,4,1,9,8,11,11,0,22,0.5,True
held_out_22,train_0247,e4cdca3f4af46bc3370910c1b2bd8a07f9d9a7a30c008f4e26ba5a7aa7137516,6,1,1,4,4,3,2,1,7,7,4,8,4,4,11,11,0,22,0.5,True
held_out_22,train_0248,a83f6ea7aac5e15266fa1cdd2b339e4976116c985e95e0c908779700512c04a4,0,5,5,5,0,4,3,0,7,7,1,8,8,7,11,11,0,22,0.5,True
held_out_22,train_0252,ec1c882a042be8df6dd01e45ceb50708fc42fee06334c2154d4182040d068fd1,3,1,0,5,4,5,2,0,7,7,7,2,6,7,11,11,0,22,0.5,True
held_out_22,train_0259,31901ba27782fcc7f94f5dc80517517551159f2f9b3e8822559c9618c87db362,0,0,4,6,6,0,2,1,7,7,8,3,8,9,11,11,0,22,0.5,True
held_out_22,train_0260,c54fecd916669466591892ec2dc00d2f7a125e8e853757198d4fa4c57e9679d9,2,6,0,0,3,2,2,4,7,7,5,2,7,6,11,11,0,22,0.5,True
held_out_22,train_0261,e07752377bafeaf82fb6377cbc7e1d640e09715e0ea0d8b1cebd5529bbe27021,0,4,6,4,2,2,1,4,7,7,4,1,8,7,11,11,0,22,0.5,True
held_out_22,train_0262,4936893975d6ac59c3d7f6560982e6067a476bf3ef7dc40a199cc9be5f30da23,3,4,5,0,4,5,2,4,7,7,2,1,6,7,11,11,0,22,0.5,True
held_out_22,train_0263,ebaa315e0d486bad6959ee4f272e5a879609b17a49785c33baad01546d1bba10,6,4,3,4,5,2,1,6,7,7,3,7,4,4,11,11,0,22,0.5,True
held_out_22,train_0264,ba1579482ed7cb6911a732b4505f8efc545ca07e8925e2763fe9d1ca43784a0f,3,1,5,2,0,4,1,6,7,7,6,7,7,8,11,11,0,22,0.5,True
held_out_22,train_0269,922149e849301c77cc6024d0929665a20a3b5495a9d1919cff3087f3283c3a37,5,3,3,4,5,1,0,6,7,7,2,8,5,5,11,11,0,22,0.5,True
held_out_22,train_0270,dafa8135dc47f87a9e34a37c3f2c0db77df108bfdb4fd4642379229e409d9604,5,2,0,2,6,0,4,5,7,7,7,4,8,9,11,11,0,22,0.5,True
held_out_22,train_0271,c8ab51c93e8ab6a699aae2c6ee047972ecd7156749d184c390858ebac72b91f2,3,6,6,2,4,6,0,3,7,7,1,6,6,7,11,11,0,22,0.5,True
held_out_22,train_0273,a965fa5fedb82e06df20de056d60cd5bfad8cadc8a24fda8cf4c8d8edee575b8,3,2,4,4,6,2,2,2,7,7,3,1,4,4,11,11,0,22,0.5,True
held_out_22,train_0275,aa8db80f7c802b4ccf39bbf0d0c2d76321e3bea4f3a662b7963da226c02271a1,0,1,5,3,1,5,2,0,7,7,5,3,6,6,11,11,0,22,0.5,True
held_out_22,train_0276,e671fe8116baa9d28304ad2d258c039923ef4fc6eee9160166ce9479590c58e4,2,3,6,3,5,1,0,3,7,7,7,4,9,8,11,11,0,22,0.5,True
held_out_22,train_0278,ce36966299de7f610734a944ec9aa14f55237c2f52959550e2a3c836728bae9f,2,1,2,4,4,6,2,0,7,7,7,1,4,4,11,11,0,22,0.5,True
held_out_22,train_0281,4323587f42e278cddd1d4d9c6a485e55bab3fad8a8e35414f33da9d65e0701ac,3,2,1,4,4,0,6,6,7,7,3,7,7,7,11,11,0,22,0.5,True
held_out_22,train_0282,5a33ddcfe154f477bcc330b17e62bca835156df978e75930776dc76cba19a8ee,3,2,3,6,1,2,4,1,7,7,4,2,6,6,11,11,0,22,0.5,True
held_out_22,train_0287,03ebddbdb01ad7765d47f2f1b56a5778b3cdcaf034ab65d24300cf3962cfc2ba,0,0,1,4,0,1,5,2,7,7,1,7,6,6,11,11,0,22,0.5,True
held_out_22,train_0288,13575f9b51b890d9e71701b91a28c5d11c1a7c0e99a6bde354beb26b15c9dcb8,0,1,3,0,3,6,1,5,7,7,8,5,6,7,11,11,0,22,0.5,True
held_out_22,train_0289,7381c7f6057093188b4360f902899ef941ba119017e2832a58dfb591bb6cab15,5,4,0,4,4,2,6,4,7,7,3,1,6,6,11,11,0,22,0.5,True
held_out_22,train_0291,0b650585a97b1f0c1dd89cc8f86d067877c459f558f1801cf79cf145ff825d79,3,4,0,1,3,6,6,4,7,7,4,3,8,9,11,11,0,22,0.5,True
held_out_22,train_0292,0b4b25c7ef351e47c6b7b515ebf2e739fc8bd28a2d2400a6cdf1c73698c53528,3,3,6,2,2,6,1,3,7,7,4,2,12,10,11,11,0,22,0.5,True
held_out_22,train_0296,aa7c25a6aa23ba1dc3ea57134bf9b21a2acfd3c71b3cff7183247269bff9fb6b,2,5,4,4,2,4,2,2,7,7,1,7,4,4,11,11,0,22,0.5,True
held_out_22,train_0297,7282b21954b324d6e8df33e1d0c20f8b67330c4aca74e3220f2ed760c50742c5,4,4,0,5,6,5,2,2,7,7,3,4,8,7,11,11,0,22,0.5,True
held_out_22,train_0298,4782ee9fbf1696bdfda3586e8ee9722ccc09fdf25d264c1a33b87ce76ce3449a,0,5,3,4,1,2,6,5,7,7,4,8,4,4,11,11,0,22,0.5,True
held_out_22,train_0299,bd80c580a85511371f8292abc7d8a85f1467961df54edc95c0bdccf12ffb82db,5,2,1,4,1,0,6,6,7,7,6,7,6,7,11,11,0,22,0.5,True
held_out_22,train_0300,32305e017aed10a0945d59cf05cf9e1c4ac015dad6cd506b6f434c47e4fa7097,1,3,3,5,0,4,6,4,7,7,2,6,4,4,11,11,0,22,0.5,True
held_out_22,train_0301,0f7c6cfc4e76fccf89c0f4d5fb58989f531adb69014012c1180f19b0de065679,0,1,5,2,0,0,0,5,7,7,1,4,7,8,11,11,0,22,0.5,True
held_out_22,train_0302,09b5434c0ab9ea68dbd61757f933bce4a5162d2855e08941c5e3c68228981fc3,2,1,6,5,0,2,0,5,7,7,3,6,9,10,11,11,0,22,0.5,True
held_out_22,train_0303,548876ffb3e29f2fc1ec1d81b42f4e4173b48a556c668232690d6b3d426eb542,3,3,5,4,0,5,3,6,7,7,5,5,6,6,11,11,0,22,0.5,True
held_out_22,train_0304,2519f94aeb8d051e0bdca362169df5b04fbaad4c560769af65f29a5308d389e8,1,5,0,3,0,6,5,1,7,7,2,8,7,7,11,11,0,22,0.5,True
held_out_22,train_0309,568b063547fd7b4ed462676ff3d6bef601eb0fd0821d259176d12dba2966dfce,6,5,6,3,1,5,2,1,7,7,5,8,7,6,11,11,0,22,0.5,True
held_out_22,train_0310,e4f17cbf47a4191a248a4d2dc5e569fd8bb9554eb025bac1a3b6891f26f90155,2,3,4,0,0,3,5,5,7,7,4,5,7,6,11,11,0,22,0.5,True
held_out_22,train_0311,d2ad3873a01c6ff6a7187ff94fd7c9cac176845fa2359248dd67a938a1a3a473,2,3,6,4,0,3,1,1,7,7,2,3,7,8,11,11,0,22,0.5,True
held_out_22,train_0312,4b15f118be75587a494677f5091241cc411ee65db281711e0a165bf69a605c79,5,0,4,6,6,4,3,3,7,7,5,5,4,4,11,11,0,22,0.5,True
held_out_22,train_0314,bfca940d33951b6d8a37a5501689a48a5d09b5ee90465353a6063c3d10951453,5,3,3,2,0,1,3,6,7,7,7,5,4,4,11,11,0,22,0.5,True
held_out_22,train_0315,f7b82e76001b6fef63318c7d4b0bccc3b7e4fba562c66b1dcf4985e5e57a1fd1,6,2,3,3,5,6,6,1,7,7,5,1,5,5,11,11,0,22,0.5,True
held_out_22,train_0316,4a524641f4811f6aa2cc0ae87c0f3e0894a1eab9cb9a4b655cf7665f9f85ab12,2,2,6,4,2,3,1,6,7,7,1,5,7,7,11,11,0,22,0.5,True
held_out_22,train_0319,bc30ad596118ffb34990628ad662b018f3db07b6823a3c7454a4a298d45e2616,6,0,4,5,2,1,6,1,7,7,5,1,6,6,11,11,0,22,0.5,True
held_out_22,train_0322,a84409e9486e3e8ea52818749ad46ca16321e1bd6f8c363b5c21ba160adc7dc2,0,6,3,0,0,4,2,3,7,7,2,5,11,10,11,11,0,22,0.5,True
held_out_22,train_0323,86ac5d503bbbb880e67d7ca3a42340c0273a0aafce3071daeebe0ad28ecd8acb,2,1,4,5,2,2,5,1,7,7,1,7,5,5,11,11,0,22,0.5,True
held_out_22,train_0324,ee83067c9c78c20c59c536874c1b930142f1bfdc03e5a3ae2721c50d20c41718,3,5,0,4,2,0,5,4,7,7,8,5,6,7,11,11,0,22,0.5,True
held_out_22,train_0325,2f8e92a88f3d8a38437fd2fe249d51cc2b913f7b6ca9e3794162c6673b17453a,1,1,0,5,3,2,2,0,7,7,3,2,6,7,11,11,0,22,0.5,True
held_out_22,train_0327,08f8729b916d8e68e6ab55be5188adeac0512ab6e24ec9ec01a483df9397963b,1,2,2,0,6,1,3,4,7,7,6,4,5,5,11,11,0,22,0.5,True
held_out_22,train_0328,d1f68273cd978c59033a37cdb36507463020c7da56aa8cfcd9e9e9abce4c3ebe,3,3,6,5,2,4,6,0,7,7,2,8,5,5,11,11,0,22,0.5,True
held_out_22,train_0329,d8d7db4680e2adc5207ad19fb9f0b803e3cc92a02d5ba0e6d1024952b2cd9246,5,5,2,4,4,6,0,2,7,7,2,8,4,4,11,11,0,22,0.5,True
held_out_22,train_0330,474b5849605f1af1759d808ea529a26614f767fa53e447ecb4618c52458fc823,1,4,5,0,2,3,4,5,7,7,2,6,6,6,11,11,0,22,0.5,True
held_out_22,train_0331,8b8965191b7efa1466284be8e202ad66e73b7dd2d5f45e6495bd2fc7c1e74d08,4,5,6,2,3,5,1,4,7,7,1,4,6,7,11,11,0,22,0.5,True
held_out_22,train_0332,3de35a07093fbc58fa9b81456acd9dc5a16ceb7ebbafbd6cc2fb6669fb5c5061,1,0,5,3,2,4,3,1,7,7,7,3,4,4,11,11,0,22,0.5,True
held_out_22,train_0335,6f256bb8841a1ec0311c9518fda7017b69d87786e86d97ceff70131039859017,1,5,5,3,0,1,4,0,7,7,5,8,9,8,11,11,0,22,0.5,True
held_out_22,train_0337,cb0697eecd7b6758a02b27b3dea65ce6851535cee5713a388ec33dedfa980438,2,2,6,6,4,6,3,1,7,7,6,2,8,8,11,11,0,22,0.5,True
held_out_22,train_0338,3164999d9a350417f42653e0e012a4dce4f4d55f9af41ba3c3a02546f246fd1a,1,5,3,3,2,0,6,4,7,7,6,8,4,4,11,11,0,22,0.5,True
held_out_22,train_0339,801a63f66e14e4dff364b38fc621f6032379707e7ad53cf2269d246acf534798,3,0,3,4,0,0,1,2,7,7,3,4,9,10,11,11,0,22,0.5,True
held_out_22,train_0340,3b3ce46aa79d2e99f99703c67b2a886c388a4ba988c6d5a0560f3e5d86f8493d,5,6,3,4,0,5,4,1,7,7,6,6,4,4,11,11,0,22,0.5,True
held_out_22,train_0341,07f5f924520f59e32135f7c2ad5eb4fc876f28433a206b8044adcc531619f4e6,2,4,4,0,3,5,6,5,7,7,2,5,6,7,11,11,0,22,0.5,True
held_out_22,train_0342,53c8aba0e256b652188942d13bf7c2ada209aef66a9a5c1117eccb4ae956a29d,0,3,5,4,0,2,0,5,7,7,1,4,7,6,11,11,0,22,0.5,True
held_out_22,train_0343,ba598e96b912905b5fc32334a9ae4823f3bfb09a621b71fe0339bab94395e8d5,2,5,0,4,5,5,5,1,7,7,5,7,8,8,11,11,0,22,0.5,True
held_out_22,train_0344,aadf820178a1bc48f949ef2457ba2e5b0fe14c3b0cf76421218186ad58bff627,1,1,4,0,0,3,6,4,7,7,3,8,7,6,11,11,0,22,0.5,True
held_out_22,train_0346,027c26c2a0503c4310951a3676f7fadcc1c17e832e99b464f8afe205245c958b,4,2,0,6,2,1,5,3,7,7,3,2,7,8,11,11,0,22,0.5,True
held_out_22,train_0347,60b0adf4ecdb8f609f3baad0a3d0e42a5f9d992af711c4dfd2155dfe3ba5df8b,4,5,6,4,4,3,1,6,7,7,4,4,9,9,11,11,0,22,0.5,True
held_out_22,train_0349,b92def1a7d004f8788b799375d089ec48b3c3500fd5eee0aa4c6f855e0d95e0e,1,1,3,0,0,3,5,5,7,7,5,8,6,7,11,11,0,22,0.5,True
held_out_22,train_0352,4ae0bf239bc2a0af2313c3396709ade4548d009761982d71f4ecfd5bc650ffee,5,1,3,5,1,1,6,2,7,7,8,2,6,6,11,11,0,22,0.5,True
held_out_22,train_0354,e7cb9fb95cd10ee8602ec0f0e3c00a51b23a748f773aa4d98eee9221989ba0cb,1,2,6,0,3,5,1,1,7,7,5,1,8,8,11,11,0,22,0.5,True
held_out_22,train_0358,3afe4b8da941e7fdc4ccebdd4c45c17c81bc3a1418cf5ad732148c15d4030d82,1,6,4,1,6,6,1,5,7,7,7,1,7,7,11,11,0,22,0.5,True
held_out_22,train_0362,4dbc24fcdfa05f497aef78066e373378a553f44dce0bd318ca23d931dd83978b,3,2,4,6,2,4,5,3,7,7,3,5,4,4,11,11,0,22,0.5,True
held_out_22,train_0363,2a91dfd1c230a6e5e09a9e035673321648b59bd74ff7cc9d43a4560403c28b32,5,3,3,4,1,4,2,1,7,7,5,5,4,4,11,11,0,22,0.5,True
held_out_22,train_0364,aeaccffb93368dad9ced5f63784eea716c15cc55f505df060512b6380eeef897,4,6,0,3,3,5,5,3,7,7,2,4,5,5,11,11,0,22,0.5,True
held_out_22,train_0365,3d4d26bc97d943c15c3454fec5c396ff97a8da01b88666d038109a65a4a5c51f,2,1,1,6,2,0,5,1,7,7,1,5,9,9,11,11,0,22,0.5,True
held_out_22,train_0366,1d33a88aef3d08d17acb4b925ab27f95142f9824b0f37406537a46c727c7c962,2,3,5,4,1,0,1,4,7,7,4,2,8,8,11,11,0,22,0.5,True
held_out_22,train_0370,3a8747b2052c3aa5152470bb449bf7a5e98648f6cf0714cfc3188c0cf64ed715,2,4,1,0,0,3,5,2,7,7,3,5,6,6,11,11,0,22,0.5,True
held_out_22,train_0375,efeb3cd87cee0ccd7d3ea0b998602698520fa577644fae67e6ceb1de1da0190b,4,4,2,0,2,5,4,6,7,7,3,2,11,10,11,11,0,22,0.5,True
held_out_22,train_0376,925e4df29c76d195d9cf1fde75a75cfa02f21cf9682800d50d445dacd68de047,0,0,2,4,4,2,2,0,7,7,6,2,4,4,11,11,0,22,0.5,True
held_out_22,train_0377,62bb56731ee03fd0b8fdff74d3f5fea2e89a28dc077eaa9f1508b15881b42733,1,2,6,4,2,2,3,4,7,7,1,4,6,7,11,11,0,22,0.5,True
held_out_22,train_0378,f00ae2e915af6d224d6a805632a8398989c109286d96a9a6f275d3bd92678f6f,2,0,1,6,0,0,5,2,7,7,2,5,9,8,11,11,0,22,0.5,True
held_out_22,train_0379,ff6d5d26c8a1d117e91cde38facfa8ee6fd4eb1cc708ab2a4d862318ea773f60,4,0,6,6,2,0,1,2,7,7,2,5,10,9,11,11,0,22,0.5,True
held_out_22,train_0381,779f6f101d9cf4ec4b5796c75dc79e9adc1b825ce4a2a39404ff72515a94a209,1,3,1,6,1,2,6,3,7,7,1,7,8,8,11,11,0,22,0.5,True
held_out_22,train_0382,b8c7b718bac462e9e3dfb46c94f69d94d228e321ea02e4d89ae230776cfda01a,6,1,2,6,0,3,4,3,7,7,8,4,5,5,11,11,0,22,0.5,True
held_out_22,train_0383,6520191dfb0d4f6f9dfecca5b0d38b328aade51d6eed2011661f4ba47af0dbfd,1,1,2,4,3,1,5,5,7,7,2,8,4,4,11,11,0,22,0.5,True
held_out_22,train_0384,eaacd1f8907f4aa5ddfa084811ac952e3b1384f7f1e424974226caab4b30a032,3,2,5,6,5,2,4,0,7,7,2,3,6,7,11,11,0,22,0.5,True
held_out_22,train_0388,17a4be257154b0504a5df81ec6cd4b25fb67809a450cb90f2af94abe759579f4,6,4,4,1,1,2,4,5,7,7,7,3,4,4,11,11,0,22,0.5,True
held_out_22,train_0390,65d647c56a74745f5214048a1fb551c7bf0a6e143d9d6cae502a5957d51b3668,6,1,4,0,1,3,6,4,7,7,7,5,6,6,11,11,0,22,0.5,True
held_out_22,train_0392,49d3f3bc8dcb9cbd32fbf98c5cbf2ba8d404f3db45cfcdf58ec13c43cfc35f7a,4,0,0,6,3,0,6,3,7,7,1,7,9,9,11,11,0,22,0.5,True
held_out_22,train_0393,1b3685ec22a2620924eb1a8048b0f8bcbb528c5ae03931aa29055d929604a52d,2,4,5,2,1,2,1,5,7,7,3,2,6,7,11,11,0,22,0.5,True
held_out_22,train_0394,b9d09c2dce1c10901ddfa72b34b383929cd827c77d4e619e0da246f3e8dbf940,2,0,0,6,3,1,5,3,7,7,2,6,8,8,11,11,0,22,0.5,True
held_out_22,train_0396,3ed4fde8622afe5dbe0ae3062a5d61e7304ad90534edb307d5c03fd6641c9983,5,5,3,0,6,5,1,4,7,7,1,5,8,8,11,11,0,22,0.5,True
held_out_22,train_0397,7fdd42f3e268b44ec2a260e9bb0473e43eaf2c6e939c65b458558240678397d9,1,0,6,0,4,2,3,4,7,7,5,6,6,7,11,11,0,22,0.5,True
held_out_22,train_0399,bc2649be725560729032b1f1c9a73d4d8e782153a1183dde67229bb676c0f172,1,5,5,2,2,5,0,1,7,7,1,7,6,6,11,11,0,22,0.5,True
held_out_22,train_0402,26d78144bbf7aa3548e736970e4655184bd18d50bb01562e9ec821326a5fb9ab,4,3,2,1,3,5,6,1,7,7,3,4,7,6,11,11,0,22,0.5,True
held_out_22,train_0403,667b99fe1209afb79f0b4db330387fadcbbf228215a6d672512b74956016ea38,3,1,5,4,1,0,0,4,7,7,3,6,8,7,11,11,0,22,0.5,True
held_out_22,train_0405,4750612b3637aa6abb2f8366ec82e024eb66b06aff5cb43c9d0e53acc2f5a51a,2,4,0,6,1,1,6,6,7,7,4,6,6,6,11,11,0,22,0.5,True
held_out_22,train_0406,1b0120099f93a00ddb01a563d73f26b01cb8242a7f41e3c6e9d03a2ffeb7d48c,1,5,5,4,2,1,0,2,7,7,5,4,6,7,11,11,0,22,0.5,True
held_out_22,train_0408,cfabecd8b3f21569c6a385c367bd334c47534d013a711150e0adc2369a6c5d0b,3,1,6,1,3,5,6,6,7,7,4,8,7,7,11,11,0,22,0.5,True
held_out_22,train_0410,c9cc48ed28e6a2aba80711bd8579f52797034bb34efd8cfa7100beaab46126be,3,4,3,1,4,6,0,3,7,7,7,4,8,7,11,11,0,22,0.5,True
held_out_22,train_0412,0c2173c2e91cf89cef44ab82936116ece8d8a90526d20a747efa137ab09be3ff,2,3,5,4,0,4,4,1,7,7,3,4,7,6,11,11,0,22,0.5,True
held_out_22,train_0414,ce764bf66dc3b5ecc914342198069df8a96cc1f631fdc95f6bb98982117bbf9a,1,0,2,2,0,0,0,4,7,7,1,7,4,4,11,11,0,22,0.5,True
held_out_22,train_0415,8a3278a5fc3e03fd7a8936d7d3f1d136c9c9d8c786bf66ae71f86c1ddd3c0b50,3,0,3,3,2,6,6,4,7,7,7,7,4,4,11,11,0,22,0.5,True
held_out_22,train_0417,41ae3c9a8639b0ba088991f62410302a0cd7c20a1570f310781a89953d08bd52,4,2,3,4,3,2,0,5,7,7,1,7,4,4,11,11,0,22,0.5,True
held_out_22,train_0418,d8a2f09c6cfb3b2e218a03829069ad18c14ee89bbc2e9911474f4e61e0ce6d3b,3,4,3,1,5,3,1,3,7,7,5,3,4,4,11,11,0,22,0.5,True
held_out_22,train_0419,fbbdd9428b1ff88b657d15d209eaf0429ac2d74868266e4a76fedaab82bd1485,4,0,2,6,2,0,6,0,7,7,2,2,10,10,11,11,0,22,0.5,True
held_out_22,train_0421,42547ec663a263581c1f69d5715c6b57b87bfc530b7f2c1147857760ff5db86b,2,4,5,5,2,2,1,4,7,7,2,1,6,7,11,11,0,22,0.5,True
held_out_22,train_0422,1fea566884fccc0e1376e481c3a0308af23d72ff9562b61fe5ba3469b88a39ca,6,1,2,2,2,0,6,0,7,7,5,1,8,8,11,11,0,22,0.5,True
held_out_22,train_0423,da2cc9bb79929fda6e1f84cff0cc242362cd2a0446fab5b3ce398f554d3bd0ef,4,2,2,4,0,2,5,3,7,7,6,2,4,4,11,11,0,22,0.5,True
held_out_22,train_0426,950c4e8aacdc1201c7efc333f6a6dc5fb154a9a93f9d31ed50cd02164bd9e14b,6,4,0,1,5,5,0,6,7,7,2,8,9,9,11,11,0,22,0.5,True
held_out_22,train_0427,d93ef187377e2c2aab4d860777dc76c1ee8d422280c69e884fb795c01913e1a8,6,4,0,1,3,2,5,3,7,7,5,2,6,7,11,11,0,22,0.5,True
held_out_22,train_0428,48303d979697bed0758013d28ec34511420cb45c15fe173d838aad10f2078329,1,2,5,4,0,3,2,5,7,7,2,4,6,6,11,11,0,22,0.5,True
held_out_22,train_0430,1aa7999d16a513cf1ecf2112527050d79b4a1affdc122469049ca8c367796a26,4,0,4,4,6,2,3,1,7,7,4,2,4,4,11,11,0,22,0.5,True
held_out_22,train_0432,7d7b211c8ff0683ab98ce43bf4ff60a294d893de8c7ec0e8f2e9b8aca28accf9,5,4,2,2,6,1,4,6,7,7,4,3,7,8,11,11,0,22,0.5,True
held_out_22,train_0433,8a72d54fe909691b63915a1694cd571ae6c645c89b332ec6bc16f16c3dcc6f74,1,4,6,6,2,2,1,5,7,7,3,1,8,8,11,11,0,22,0.5,True
held_out_22,train_0435,e17ca56e847d91ca17cd15aa692677c6ae9b2018a60ea0d87b0bed0cbee0515c,3,4,0,2,5,2,2,5,7,7,4,2,5,5,11,11,0,22,0.5,True
held_out_22,train_0436,89b9a093395dbe4269f33a953c4417270909b8f0374ee54b7db37ea81c966bc5,3,5,4,3,0,6,0,0,7,7,4,8,7,7,11,11,0,22,0.5,True
held_out_22,train_0437,540cf0cd3032a994cbc4d378e7d2666df8fa81798b93cf66fddf703a6537102d,4,1,4,5,1,1,6,1,7,7,7,4,7,6,11,11,0,22,0.5,True
held_out_22,train_0439,92a10456f722da3cd2c5a41451f320410109e8c32e659c92902b536ccbe8a3cb,0,5,3,0,6,5,1,0,7,7,8,6,8,8,11,11,0,22,0.5,True
held_out_22,train_0441,70d80c154d458b7b0828d313c274a8c6369d1860f76857ec85384c3b6d8414fd,5,4,3,3,0,2,2,0,7,7,7,7,4,4,11,11,0,22,0.5,True
held_out_22,train_0443,b536257b4c99a066e7796f1b5458dbc24919a5e18135bd5a3ff2b7907f66fca2,3,1,2,6,6,1,3,0,7,7,3,1,9,9,11,11,0,22,0.5,True
held_out_22,train_0444,fb38c72755a0a4d0dfe86f9c582b2f9a2b331568a904a37326aca63f76e2ae91,6,2,3,5,4,1,1,1,7,7,3,6,7,6,11,11,0,22,0.5,True
held_out_22,train_0446,9853e0e0d955e2fea96d241e4f2f370d34a405ccea4f99c1e8aaa19092f789f5,1,4,6,1,6,6,2,4,7,7,7,1,7,7,11,11,0,22,0.5,True
held_out_22,train_0448,c6ca53fc84a8deb2a459fffe71dc23d6af3ae371cfe934b8005e8dbaec586a42,1,0,1,6,3,0,6,3,7,7,2,8,8,8,11,11,0,22,0.5,True
held_out_22,train_0451,be2c5bd44079c26e1a22d20b070d17e17afcc0ab5f1d02d8fae016104ae6ff29,5,4,3,1,4,4,6,2,7,7,1,3,4,4,11,11,0,22,0.5,True
held_out_22,train_0452,94c04af0ed4bbc7112a818fe7d373dd679ba6f18f605e4c172499aa3b2ca1426,0,4,5,0,1,0,6,5,7,7,5,7,6,6,11,11,0,22,0.5,True
held_out_22,train_0453,f9f7d76a7680ebe754663d6cea513a963041bb985b9830613888291c312e686e,3,5,0,1,6,1,6,4,7,7,7,4,8,9,11,11,0,22,0.5,True
held_out_22,train_0455,cdbb0eb693bf96de30d3b716132a85a0c3e49f315ea7fd58d10925c9b0f995ca,5,4,1,5,4,1,6,2,7,7,4,3,7,8,11,11,0,22,0.5,True
held_out_22,train_0457,e89c9995b9cdc3e872c125bd376d6109f27cbcca2ff8d9039309b365c3b7cddc,3,3,3,0,5,4,2,5,7,7,3,3,6,6,11,11,0,22,0.5,True
held_out_22,train_0459,a2486b9f686ef33c36d2b5e7dee73f016dc21bdfdd0eba1566141800248c6adc,0,5,4,2,4,6,1,6,7,7,5,2,6,7,11,11,0,22,0.5,True
held_out_22,train_0460,34d866efa6e5a00aabca304dc24778352c0fbaa14c448f95aadc9c5a6cc65777,2,3,6,1,3,0,1,3,7,7,4,1,6,7,11,11,0,22,0.5,True
held_out_22,train_0461,00ff4020fe7389eba9a404f6273d03369b1121346de798e18c65657b3f693642,5,5,5,2,2,1,3,4,7,7,7,3,4,4,11,11,0,22,0.5,True
held_out_22,train_0462,a56435418ab64f6bcabe52f76513b99643333be9898843cb533899752bad9d2c,1,4,6,4,1,1,0,3,7,7,3,2,8,9,11,11,0,22,0.5,True
held_out_22,train_0463,f29be8629f41aa5421ec69bf8bbcf5b0cdc3376a8ecd4bdffdcdb8c7d8f4e10b,6,4,3,3,6,2,1,5,7,7,2,6,4,4,11,11,0,22,0.5,True
held_out_22,train_0464,09bf19fa5fce255d605590daf66466237dee35454ae412f309c045f0409ae05e,0,1,3,5,1,1,5,0,7,7,1,6,6,7,11,11,0,22,0.5,True
held_out_22,train_0465,c36f76e090b4f56a0227cbee7053ae3f51b08043258d3522d6a142ad54dd1d77,4,0,0,0,5,4,1,5,7,7,5,8,9,8,11,11,0,22,0.5,True
held_out_22,train_0466,2cdfca19f3ad14ac77153c9e49fca02143d5e8d7641eed64e206c4c31b8b0b45,3,4,5,5,0,6,1,3,7,7,5,3,6,6,11,11,0,22,0.5,True
held_out_22,train_0468,db9357f21aa86729007a54b2c28093fb67a88fa01ca068cc426ccf6fdc15f211,0,2,1,4,3,6,1,0,7,7,7,3,6,6,11,11,0,22,0.5,True
held_out_22,train_0469,b206c0f077aa3c3682213c19be40b54c39300c6422d1fb86e550a49fd8494d05,6,0,5,4,1,2,0,0,7,7,7,8,8,9,11,11,0,22,0.5,True
held_out_22,train_0470,a725ffdca6392ef723feef153b5f0c05d2bbeca2a4eb762ab4568599e45100c3,3,6,1,4,6,1,4,0,7,7,8,7,8,7,11,11,0,22,0.5,True
held_out_22,train_0471,138d2c967988db46b280fb047ac2530d532cd3a163a9ef5746384b5e80bbdc8f,5,1,2,2,0,4,4,0,7,7,8,2,4,4,11,11,0,22,0.5,True
held_out_22,train_0473,47006f4c0d5d7b1259130929231e6c0ab73f2f7d63829c1ebc158bd42b271869,2,6,0,1,3,4,5,2,7,7,3,7,6,6,11,11,0,22,0.5,True
held_out_22,train_0479,830a4b58c7f21f642b1035278b0c7b1aeb88880c94f257a31cc477f7485a77f9,2,4,1,6,4,4,2,2,7,7,4,2,5,5,11,11,0,22,0.5,True
held_out_22,train_0480,5f01bc0e43c1d80bb9c409d5b9f676d36a5c35c15460c301b9d60a95cf4e40fd,6,6,5,0,4,5,3,1,7,7,7,8,6,7,11,11,0,22,0.5,True
held_out_22,train_0482,47ad0773374f02bf48d7536787cd389aefc5ea5ce1ffb4dd59592f14106ea29b,5,3,0,2,3,3,4,0,7,7,4,4,6,6,11,11,0,22,0.5,True
held_out_22,train_0484,f83d71316aa67afbc76cf1a9ee6d75e843f7ffa5cd6f8ff3b21fa01c23013f2c,2,4,1,6,2,1,4,2,7,7,3,4,6,7,11,11,0,22,0.5,True
held_out_22,train_0485,4ac6dda80e8a1adadaa9a8bfd1bc7e6e0b7160719767d8ecc022656c5c081618,2,4,6,2,1,3,2,5,7,7,2,1,8,9,11,11,0,22,0.5,True
held_out_22,train_0486,cf4bd654504964c79ee1a2def969185846a7a72786c3d6c2a69143dd92130d82,2,4,6,6,4,2,3,5,7,7,4,2,6,6,11,11,0,22,0.5,True
held_out_22,train_0487,196fc610cc7a4335f94fb83fe6e24a73516d20b19488d6e08051665ba9b544b0,1,2,0,6,1,0,4,4,7,7,4,5,7,6,11,11,0,22,0.5,True
held_out_22,train_0489,05386b12d1c5aebae34cb01e0dd4b710fdf7d854952c830668ec05aa0a0f6a4f,3,5,5,0,0,0,4,5,7,7,8,1,7,6,11,11,0,22,0.5,True
held_out_22,train_0490,916968e63282c51253c63fe19a2da8ff9cb55662379f3e3133aea75c95d9611d,0,0,4,2,2,4,1,1,7,7,6,2,4,4,11,11,0,22,0.5,True
held_out_22,train_0492,c452d57330096ac4728b61946ee111e61cbb52d622fa0aeaee16f498ac246687,4,2,0,0,0,6,3,2,7,7,8,1,6,7,11,11,0,22,0.5,True
held_out_22,train_0495,5388e0a2138f956dd8d0769413b5e3fe14ff5406b51da312a2051b882666f329,1,0,6,6,1,6,4,1,7,7,8,4,9,9,11,11,0,22,0.5,True
held_out_22,train_0499,4d67487cfe1c15e191af96a7dc10c819df82ef69095a3278465baa6f104776c3,6,2,1,4,4,6,4,2,7,7,6,4,5,5,11,11,0,22,0.5,True
held_out_22,train_0505,73534d237fffcb8824ed133b4a30265a68a3edcc9833809c06a855ed4dac296b,5,3,6,1,0,2,1,6,7,7,6,7,9,10,11,11,0,22,0.5,True
held_out_22,train_0506,2f581c7b622cb5cf6db53ea90d95a8da41d83116fa6f1a28d36f226b2d851021,2,1,0,0,3,1,1,3,7,7,1,3,4,4,11,11,0,22,0.5,True
held_out_22,train_0508,c874bb2f87f9b6e49994a2fde480083e1de9db4533c117431afebaebb4fd67b0,0,1,0,5,4,5,2,0,7,7,8,3,6,7,11,11,0,22,0.5,True
held_out_22,train_0513,218a0203f91de4850b0c1a807bedb8c19dc19b2fd29cf5deec6c01101f4d50db,6,5,2,4,6,6,6,1,7,7,1,4,6,7,11,11,0,22,0.5,True
held_out_22,train_0514,79ec175314457e2614f51bb0609ae31b432ccdc3fddc4632e0f768d392e653ac,1,2,5,1,0,0,0,3,7,7,3,2,6,7,11,11,0,22,0.5,True
held_out_22,train_0516,09c26d391499bf97fd6e428017b49bd88b592b5377fcb80d7d26e5b55758d479,3,5,5,0,5,6,2,4,7,7,5,2,6,7,11,11,0,22,0.5,True
held_out_22,train_0517,41d3a576bfb767132fcbd34c7620600e6cdd9881720cb31089342f4aa0ef8c5f,3,3,4,6,0,4,4,2,7,7,4,6,6,6,11,11,0,22,0.5,True
held_out_22,train_0521,40af501f29ba7e8e83ca8d17bdff37be3801ea26da8b8e9cd944f9d87fd938b2,6,5,4,0,3,5,1,3,7,7,7,7,6,6,11,11,0,22,0.5,True
held_out_22,train_0522,1f2ebcae1914baaa5354051ffa3bf53c118ad0a35cbdfbbb3c3500abc06bdeeb,4,5,0,5,3,0,5,5,7,7,6,1,8,7,11,11,0,22,0.5,True
held_out_22,train_0523,2f2121e17cdef7708763c2f45bc571c56ae3fb445f45ecd838992042ae2dee44,3,2,0,1,5,0,6,4,7,7,4,5,8,9,11,11,0,22,0.5,True
held_out_22,train_0524,480eb0e01ec7bc32eca025e34695a869f100d6d65ce7a40750fa5a25ccb1c56a,6,4,0,0,2,0,5,6,7,7,8,3,12,11,11,11,0,22,0.5,True
held_out_22,train_0525,ac8adc0ab07bb0e0e4525f4936b8c44ef5f836fd252914512beb411d5b96ca5f,4,2,2,5,5,1,0,0,7,7,2,6,7,7,11,11,0,22,0.5,True
held_out_22,train_0526,c8429c84cbf47495551c34923bd2102b0b2ef8405f549fcaeaf73a2cf7460b72,3,1,0,2,0,6,3,3,7,7,8,2,4,4,11,11,0,22,0.5,True
held_out_22,train_0527,833c717a403ac1a1b98fa53e4cb5aec34b0041dc1ecda508297e0dbdac988b11,2,0,5,6,3,4,6,3,7,7,5,7,4,4,11,11,0,22,0.5,True
held_out_22,train_0528,412d7723bfc2eb982012c4a76998ce479662e327015772764d51417023e51033,0,5,6,3,0,6,0,3,7,7,1,2,9,10,11,11,0,22,0.5,True
held_out_22,train_0530,835fa9c55c8edce4883577b0d90589dfb4203d0778eb073211ad35f117962219,3,1,6,0,3,6,0,3,7,7,7,5,9,9,11,11,0,22,0.5,True
held_out_22,train_0532,94272a0547cf815769904d1fb30659c42d967a4fa091e894336bfb6f6e746cde,6,0,1,4,6,3,5,6,7,7,3,7,6,6,11,11,0,22,0.5,True
held_out_22,train_0534,a7d780a5e6855236b70b844fca156ea5be507a433c3c827c1111043bc7587308,4,1,3,4,1,0,6,3,7,7,4,4,6,6,11,11,0,22,0.5,True
held_out_22,train_0537,5843c72b812c4605f71360d39e03900310caa7bbadf83c551ac204fec6a7a2e5,0,1,6,0,1,3,4,5,7,7,3,8,8,9,11,11,0,22,0.5,True
held_out_22,train_0538,72abc01c0a058516119cf478eb630397dec320c7cc510087933a52a82be0ebe4,5,1,1,0,5,4,3,5,7,7,3,6,8,7,11,11,0,22,0.5,True
held_out_22,train_0540,5f2e315a27fff9e8bcffc88650e087af7fc5488d3f81883ffd3d853ee3c30dc5,5,1,2,0,2,3,6,4,7,7,7,4,9,8,11,11,0,22,0.5,True
held_out_22,train_0542,e33291616a6a5921dcf44eebbc1024105d2028a1d8264130abd5727dd1d23ed0,6,1,0,2,5,0,3,1,7,7,2,3,9,8,11,11,0,22,0.5,True
held_out_22,train_0544,bf634d81053920a136981555a6e47616c3f032ad590b14c12877d34a766c76a5,1,0,4,0,0,1,3,5,7,7,8,7,7,6,11,11,0,22,0.5,True
held_out_22,train_0545,194e61eb15cf48190a8a2400f189873ea0092a1134dd9e1878fd6023b4a73f63,4,4,2,5,5,4,3,2,7,7,1,3,4,4,11,11,0,22,0.5,True
held_out_22,train_0546,e77cbab1504d561680b11cff7024de32d50999520c40baf2ed8a3a773f3f1770,5,5,5,3,1,6,5,6,7,7,5,1,7,7,11,11,0,22,0.5,True
held_out_22,train_0551,4544e8ee105469103a8cc43c8fbbb7aa10f5cec4d05e4c70d1fdb8d5f68422c6,1,4,2,1,3,6,5,5,7,7,4,5,6,7,11,11,0,22,0.5,True
held_out_22,train_0556,e9943ddc20cb515c65d25529ec5a7bb61a1c1e35a142e4bff0ded34a4a1a88c0,2,6,2,3,3,0,3,6,7,7,7,1,4,4,11,11,0,22,0.5,True
held_out_22,train_0558,5214da71e52a5ca22cd9d9a3b0fe61478e7453c3682ca8865c6ea6c93dba22bf,4,4,4,6,1,5,1,1,7,7,8,6,12,10,11,11,0,22,0.5,True
held_out_22,train_0559,0a9308fa318f945a8aaa296978df312ce23c09674cc654c8ff654e930163de9e,4,3,1,4,5,5,4,2,7,7,3,1,5,5,11,11,0,22,0.5,True
held_out_22,train_0562,bca34b607aebf5adba86295cce7e1b56144bd7334648f60a49a523cb73ee380a,3,4,1,6,6,2,5,6,7,7,5,4,11,10,11,11,0,22,0.5,True
held_out_22,train_0563,a8ff02868b1e17af82c219f06460353486f9129643bd96f954f572deb3097259,4,5,4,1,3,5,1,1,7,7,1,7,7,7,11,11,0,22,0.5,True
held_out_22,train_0567,bd28d750d9820e5871308f862213e5ddef5610f7f2fcd6900ea43f3c12eb5ca2,3,3,5,1,0,3,2,4,7,7,3,2,7,6,11,11,0,22,0.5,True
held_out_22,train_0569,86e8019cdef2a7c816463326d7d0e56c7c16d5836af5e1c05aa87d406ef87b44,3,3,0,0,5,2,6,0,7,7,5,6,11,12,11,11,0,22,0.5,True
held_out_22,train_0570,456e32bbc7a51a18734cac6d6f910b20e2a18513eb42925d21571b35ff3c2acb,5,1,2,2,5,6,6,3,7,7,7,3,7,7,11,11,0,22,0.5,True
held_out_22,train_0571,75babdb522bfa0e672eee837b34c459dc0bf331346ea74786eda2a554cee965d,5,3,6,0,4,4,2,0,7,7,2,6,6,6,11,11,0,22,0.5,True
held_out_22,train_0572,4bc15ff780b317447366a75c97f49333d749008faeb7eaa22603deff746ee108,3,1,6,0,4,2,2,0,7,7,2,2,4,4,11,11,0,22,0.5,True
held_out_22,train_0573,5ca774558f90230486bd36f0beefb579027fbe4ac1208197ee0c66b176ec13fd,3,5,6,6,4,4,6,2,7,7,2,6,4,4,11,11,0,22,0.5,True
held_out_22,train_0574,72c6c91261ff668cd51bef714f01ed358bf40ec0e336c409970e64a6a810dc54,1,4,1,1,6,2,4,4,7,7,7,3,6,6,11,11,0,22,0.5,True
held_out_22,train_0575,2252c70ea0b95eeac281f103bbc8ca780934cc93e148fe357f50a274b4475eb8,6,6,1,5,5,5,2,2,7,7,2,8,4,4,11,11,0,22,0.5,True
held_out_22,train_0576,a37043ce30b1f9cb2cbb79330fcd006dcb76852beff5d48c5879b8aed0c644a2,4,5,3,3,4,6,0,4,7,7,1,5,4,4,11,11,0,22,0.5,True
held_out_22,train_0577,a6e05e991e8caa7e89fa6bbf8721f2a7c2b48166065f429079ad9a28fb6c48e9,0,3,5,5,3,1,1,3,7,7,5,1,6,6,11,11,0,22,0.5,True
held_out_22,train_0579,c457fea4b3e01a98f52460bd9a670687131f504ebd60f3bab81981edc03c7b6e,0,5,5,0,4,5,2,6,7,7,6,3,8,9,11,11,0,22,0.5,True
held_out_22,train_0582,78982e3300219dde39d64a4087bedc58e932ee1779aa4bbd254ca08057aa0761,5,1,4,3,3,6,5,0,7,7,7,1,4,4,11,11,0,22,0.5,True
held_out_22,train_0583,6c395021b06a766992ac02594c6425662a297619796eb4c77895d3c9c123b5e9,4,1,3,5,3,1,6,2,7,7,1,3,6,6,11,11,0,22,0.5,True
held_out_22,train_0585,d7467b77d20087d236c9610ab0718c4268d0d0743287b2b2f40fd52d44691e32,2,1,0,6,6,5,2,2,7,7,8,1,7,6,11,11,0,22,0.5,True
held_out_22,train_0587,228390694081fbeb7f0e76702fc5125ebc26e9ed61fd4a863857abe162aca5cd,3,1,6,0,0,2,4,5,7,7,4,5,8,7,11,11,0,22,0.5,True
held_out_22,train_0589,4d0184389f74ee97eedb3f969cc70fc4f7fd95947896bd2d562e03fe11adfde1,2,2,4,4,1,3,1,0,7,7,2,3,8,7,11,11,0,22,0.5,True
held_out_22,train_0590,cb919927c106dbdbb50b0e73512daa429f10ef57d9dcd76d65c227b25e0e8827,3,2,5,6,6,0,2,2,7,7,7,1,7,7,11,11,0,22,0.5,True
held_out_22,train_0592,10bde39e74797331635bd316ecc184b54871e5f178275b5000baa8b0bcdad222,0,2,6,3,1,1,3,0,7,7,2,5,7,6,11,11,0,22,0.5,True
held_out_22,train_0593,e705150f1b6e3d2cbf34a1deb23a1a56d12687b693b9ec17c4056dde598a5a9b,6,5,2,1,6,1,6,6,7,7,4,1,10,9,11,11,0,22,0.5,True
held_out_22,train_0594,615744f8326fe7f4d4df3cfe0b69b15b21edddbc1abd1488f6a153dafb483d15,6,0,5,5,3,4,4,1,7,7,7,3,7,7,11,11,0,22,0.5,True
held_out_22,train_0596,b52060179b07e320caa1a967a8a1f38244f58bfbfbd1fb6fee480827201758f9,6,6,1,2,6,3,4,5,7,7,3,3,6,6,11,11,0,22,0.5,True
held_out_22,train_0597,33d7ce63a27e2f930f0180f2fab4ee43551f5b799ae5e2aadf5f409f9cd8484e,4,1,4,6,1,4,6,3,7,7,6,4,5,5,11,11,0,22,0.5,True
held_out_22,train_0598,26292d43decfa71080383d75d469eb28c6ef37ebac77afc0e6c2a4744aed934e,0,1,4,4,2,3,3,0,7,7,4,6,7,7,11,11,0,22,0.5,True
held_out_22,train_0599,727b005870f7ee07e7a99993c9dbf0e3e425f5fa27910eafe99b4f84af63cb21,6,4,4,3,6,0,2,0,7,7,4,8,5,5,11,11,0,22,0.5,True
held_out_22,train_0600,9683f263dbe7ab70a249dcc41652f544a703cf6135fe92affefb5bfb2c06aa03,3,3,4,1,0,0,2,4,7,7,6,2,5,5,11,11,0,22,0.5,True
held_out_22,train_0603,0d817cc2ab2a71d6f78c634948e9b90ba9fac29c8d74960e361a60c21a7b2259,2,5,6,6,4,5,6,1,7,7,2,8,5,5,11,11,0,22,0.5,True
held_out_22,train_0605,a464429bf2476fbe66ee6f8384618072c833b94f792478f4b251ff3129ec9259,0,6,6,4,2,4,3,2,7,7,4,7,6,7,11,11,0,22,0.5,True
held_out_22,train_0606,319f3e88704e81077b43ceb4c214ef22e8edd711fd0d446cc07ac94f7ffa2224,5,1,3,2,5,5,2,6,7,7,6,8,5,5,11,11,0,22,0.5,True
held_out_22,train_0609,5cd54b7c1f8b26ef54d34139b0e1441cb36041f4985012cc1e2a5c3f3b48a5aa,6,5,5,0,1,2,5,6,7,7,8,2,6,6,11,11,0,22,0.5,True
held_out_22,train_0610,7491412313c6df48a7bf291155f80fa8efd9c153e968e6742b90fa4567a0e634,0,1,2,0,3,3,0,2,7,7,5,1,4,4,11,11,0,22,0.5,True
held_out_22,train_0611,8e546bca9b7d351358b26a676bbdde873282c76a88ccc23c3412f8a570badec8,4,2,6,4,0,5,0,2,7,7,7,4,7,8,11,11,0,22,0.5,True
held_out_22,train_0612,8141ca57e550559bfba4ffebc0ee7106dea5649efe279a14c3d7949c72fb409f,1,2,4,5,0,6,2,2,7,7,5,1,5,5,11,11,0,22,0.5,True
held_out_22,train_0616,bfe58076b2b8c746d2b8333fc02c61ff65093bb303f1d86963d0ebb9adb51499,0,1,5,0,1,3,3,4,7,7,3,6,7,6,11,11,0,22,0.5,True
held_out_22,train_0619,a97638765a4957a77dd3617408112e1da8782493c29aa11d0e86d232cc026650,2,2,4,5,0,3,5,0,7,7,3,5,6,6,11,11,0,22,0.5,True
held_out_22,train_0621,d050a4ae3393d0311042a73ab24ae7afbefeb08b0f3d78bdfa31a3496efb9723,6,1,2,6,6,2,5,0,7,7,1,2,10,9,11,11,0,22,0.5,True
held_out_22,train_0624,21397c6304996853f31a17fc87bff5f1cb3352b2c79c3b7c6a33e6d233b38955,2,4,5,6,0,5,4,1,7,7,7,5,6,6,11,11,0,22,0.5,True
held_out_22,train_0626,1bdda2497efb545eac5f4df02df8e2d3b12f326eba73672ec9dfd8e16eef141f,5,5,3,2,6,1,3,4,7,7,7,3,4,4,11,11,0,22,0.5,True
held_out_22,train_0628,49e94aa7e53125628cf1c3a6f86fb024934a3250b47dea1cb9aac83ad8422638,3,6,0,6,1,1,3,5,7,7,7,1,6,6,11,11,0,22,0.5,True
held_out_22,train_0629,c7a6d7b7e18b1a9399a67cdb40fe6506288e0a43cb0a71fc88443aaf1ea74dc0,2,6,2,0,3,6,6,4,7,7,1,6,7,8,11,11,0,22,0.5,True
held_out_22,train_0631,19807ac94a2cf79431aee0ac55322e4a5c5cfb46c3f738a7d5ce512c29c181b4,5,5,0,3,5,6,6,0,7,7,1,6,10,9,11,11,0,22,0.5,True
held_out_22,train_0632,dd848a66427cae590d0e6895d23d3e29ee7a8371a1b204b28f20301c72b89d61,3,0,6,0,0,1,5,3,7,7,4,5,7,6,11,11,0,22,0.5,True
held_out_22,train_0634,764945e84018f2a8c91ef5d74c7b374cf9544ace68f8cd7fb9d207c8044c59a3,3,5,0,1,6,4,2,0,7,7,4,8,9,9,11,11,0,22,0.5,True
held_out_22,train_0637,54df417b62a84a342c18688d125572978414a212d9ab0864a04e16397c59d942,6,5,5,2,1,3,2,5,7,7,7,4,7,8,11,11,0,22,0.5,True
held_out_22,train_0638,130bb05ade14f202eefa789f32a900e3bcce09ce01fd8e6a190c3eb9f3331ef5,4,1,5,5,5,1,6,3,7,7,1,4,6,7,11,11,0,22,0.5,True
held_out_22,train_0639,a580fc020e2dc0d5ec01684bc89645ecb3d5dc13435af31c63cb920644d20615,4,5,2,1,3,6,6,3,7,7,2,8,6,6,11,11,0,22,0.5,True
held_out_22,train_0640,2c251894e3eebe5eb85571e0ea226a538a7d6beda87c615b66a6be7e0fd4195f,3,3,6,2,0,1,2,4,7,7,5,6,9,10,11,11,0,22,0.5,True
held_out_22,train_0643,197e66cc2f3cf81b5e83cf547a4d5f8b9bb4aeaa5ec90923c3dfb065c13f3b03,5,3,2,0,5,4,0,6,7,7,1,8,7,8,11,11,0,22,0.5,True
held_out_22,train_0645,36112fa952ca9e8ee0be0b7341b673334bbd51ce07a11ab0e90808196cb60c91,3,5,0,1,2,5,5,2,7,7,1,5,6,6,11,11,0,22,0.5,True
held_out_22,train_0646,734522797290c89c2f8cf79931f2db8fde1f829ecd185dae0c7314de8ce18261,1,4,6,3,2,6,2,0,7,7,3,7,7,7,11,11,0,22,0.5,True
held_out_22,train_0648,3e716a68d9b305556e26969711dea8b3d1ad13918630c389de82693c17afbbe8,1,4,5,3,4,6,2,2,7,7,7,3,4,4,11,11,0,22,0.5,True
held_out_22,train_0651,f64b276c3928e26e69c3a932edbf4e177853a9acc76b93013c8aca0f5ceebd32,4,6,6,2,3,1,1,5,7,7,6,6,8,8,11,11,0,22,0.5,True
held_out_22,train_0652,a367de5e67a8233e905f5dda4bc796c59c6de4dcfae36c59c59488baf250b110,3,0,2,3,4,1,0,1,7,7,2,4,4,4,11,11,0,22,0.5,True
held_out_22,train_0654,04f176b1d9cb392bf90b2fe081a556396ace0e9542ec91eeb98f84d8a7e589c0,2,0,5,6,2,2,0,3,7,7,2,5,7,8,11,11,0,22,0.5,True
held_out_22,train_0656,00cf95c076a041e99b39a21706211672e5d9bdd5d31f50ba421fb11738022be1,0,0,6,6,0,6,5,0,7,7,6,5,8,7,11,11,0,22,0.5,True
held_out_22,train_0658,96753af686ec75d5b487b39a28fd1ace0efb2cc27c0236e57114131afad02a09,4,5,6,0,0,6,0,4,7,7,5,5,12,10,11,11,0,22,0.5,True
held_out_22,train_0660,ddfb6299c20db979426ad2b8cbe21d9a4a50fb749e4f848bc8a4ddfbca80b1d5,2,4,4,2,0,2,6,0,7,7,4,8,4,4,11,11,0,22,0.5,True
held_out_22,train_0661,439ce352fccbc45af8930e7caea646f17c1bbaef946a244b18fd44bad727ac9b,5,1,2,6,6,4,0,2,7,7,4,6,6,6,11,11,0,22,0.5,True
held_out_22,train_0665,f37509d56fb69868b82a834a5f5e5266ef949e7b1c309e21ff4136d513b25169,3,3,2,0,0,5,3,6,7,7,5,7,11,13,11,11,0,22,0.5,True
held_out_22,train_0671,d1409078b89e6cb8fcf67c5e45e02900ac6b42aa3594608e9301918d817b806e,1,6,6,1,2,2,0,1,7,7,5,6,9,10,11,11,0,22,0.5,True
held_out_22,train_0672,6e15b47856ab16b4d95f7450d2103a61becba6cf5b952c8ccd98982a767fa77d,3,2,4,0,5,2,0,2,7,7,4,3,7,6,11,11,0,22,0.5,True
held_out_22,train_0675,1601e66466e155644be0fc8502b5a93775d90adec376e35f3372171050481cd8,3,1,5,0,2,3,4,5,7,7,3,5,6,6,11,11,0,22,0.5,True
held_out_22,train_0677,2982a65da46838836df24fae728e1c604ddbffe397950a3ca10d7e2fe6675938,3,1,6,5,1,2,2,0,7,7,3,2,10,9,11,11,0,22,0.5,True
held_out_22,train_0680,0d291a5b245ee185009af4fef63e7665a701bd07adfb8c5d0a9dcf0f23b75cc8,3,6,5,0,2,4,4,6,7,7,3,1,7,7,11,11,0,22,0.5,True
held_out_22,train_0685,635546ff7088629803898ee8b2f4a822e9425465541d8f186a4516ae94d5ee6e,3,2,1,3,4,2,0,0,7,7,1,5,4,4,11,11,0,22,0.5,True
held_out_22,train_0687,450694817f8800277ad0d4830f8a2a356cf6d4ad0dfb6749578662eaa182f57f,3,0,3,6,0,1,0,4,7,7,4,7,8,7,11,11,0,22,0.5,True
held_out_22,train_0688,ec570fc0d5bfac8d6a8bb2cf920ec1331eb332b9bc27424f2dfdce421258209a,5,3,3,6,4,2,6,3,7,7,2,1,7,6,11,11,0,22,0.5,True
held_out_22,train_0689,5f7c25bdd7b57c3f46bb377eb431f82b4e7660934e2dbe5ef0d9e2d15dcb85be,2,1,1,5,4,1,0,1,7,7,8,2,7,7,11,11,0,22,0.5,True
held_out_22,train_0691,ec7fd8e7c298d808cfc70df998b18d90393cab5c4a017cf7dc214902e9c8c7f2,3,4,6,5,5,1,6,3,7,7,5,6,7,8,11,11,0,22,0.5,True
held_out_22,train_0692,722f006dc1cd4d3a58c4f56e8387358c54af535336e4eb0b4171cb1d95120b64,1,4,4,4,4,0,2,6,7,7,7,3,4,4,11,11,0,22,0.5,True
held_out_22,train_0693,c2f7bd80c8fa78f980013787ee887a637986fa2ca00edc931bba20951126fc89,1,2,4,2,1,1,5,5,7,7,1,7,4,4,11,11,0,22,0.5,True
held_out_22,train_0694,4305354b755b845410956ffc9dab5ac44485e908a617a2c8c7685d6e09cc06b5,3,1,1,4,5,6,5,0,7,7,7,3,8,8,11,11,0,22,0.5,True
held_out_22,train_0695,02dbf1e300500c703bdd93091458cc4db00ed34144dcd8a684bde4ee4e9e7f46,1,5,5,3,6,5,0,3,7,7,7,3,9,9,11,11,0,22,0.5,True
held_out_22,train_0697,bc44979c8c5fbc15d986465b5243ff8f69524938ce6bb3ca23b20a771824f528,2,3,3,1,0,5,2,6,7,7,4,5,7,8,11,11,0,22,0.5,True
held_out_22,train_0699,184eaec6eb1e8cd5a5ea323ed0ad33482afaaabf50075dec762537a3b9dc3934,0,4,4,0,1,0,0,3,7,7,5,1,7,7,11,11,0,22,0.5,True
held_out_22,train_0701,d06e53bff9888e924413d219e83ba0d359e5b1fe1c58d155769a8b640fa278e0,2,6,6,2,3,6,1,4,7,7,1,3,7,7,11,11,0,22,0.5,True
held_out_22,train_0703,bc484dc81e5a4b64e9f815a1a7b5043c8f23bf774e0515747010dd63c2f3b8c2,5,3,0,1,5,1,0,5,7,7,2,7,7,6,11,11,0,22,0.5,True
held_out_22,train_0704,04f9094e5b08a18296b3373faa242d91159ed47c699331218f88fded54a612f9,2,5,2,2,1,5,6,2,7,7,1,7,4,4,11,11,0,22,0.5,True
held_out_22,train_0705,7501ad1d197ca5a1339498e32a1b723cddc3614c961ad32b3e16112a829d3fa2,2,6,0,3,3,1,5,3,7,7,6,6,5,5,11,11,0,22,0.5,True
held_out_22,train_0707,418327f8176120fffb313674cc7e9b3e044d4816462339a0386f925c89af2daa,4,0,6,1,5,6,0,4,7,7,7,8,8,9,11,11,0,22,0.5,True
held_out_22,train_0708,87024203ad384d896ded1ebfb898f495b87e222cb8c705132a9de12108be17f9,3,1,0,3,3,0,0,0,7,7,1,4,6,7,11,11,0,22,0.5,True
held_out_22,train_0709,6eca9d17510aa508f8d9ee3ae8f051bdf945749a8e602555d905b0ce76fe4a5a,5,6,1,0,0,5,6,2,7,7,8,7,6,7,11,11,0,22,0.5,True
held_out_22,train_0711,2f68355ccd7cff0b494db6ae2b759f600ef354845fb2ab8b7195e6adb6659379,0,5,3,1,5,4,0,3,7,7,6,2,5,5,11,11,0,22,0.5,True
held_out_22,train_0713,99a93c694e02880d21d4623e6cbefcc96c59113fd4798a935f42d5212c43250f,0,2,0,5,5,3,4,2,7,7,8,8,7,7,11,11,0,22,0.5,True
held_out_22,train_0714,f05866c395923a40e51538dd0d6b0e53eefb823bece066c17d9dd744765a4a5e,4,3,2,4,0,6,5,5,7,7,7,3,4,4,11,11,0,22,0.5,True
held_out_22,train_0715,3eba583d4ab2ef4c0f2b5dfe0780d5f7a5424cd13cf4f1c8d865e00e8cca7565,1,2,4,1,5,5,1,3,7,7,7,1,5,5,11,11,0,22,0.5,True
held_out_22,train_0716,dba8aaf2e778b8b229ba2057ce4f084ef1a7dd80aabd61fcf84a42f55aca92e3,5,5,1,0,4,1,2,3,7,7,5,5,4,4,11,11,0,22,0.5,True
held_out_22,train_0726,5cb2aab9f202ec888709f431627c3ac429fd7db8b270b1aa6cd1101bf9999e28,0,2,5,2,0,3,4,4,7,7,1,6,8,7,11,11,0,22,0.5,True
held_out_22,train_0730,f410ac31a4c3d60982d7dc7110faf302fbedc7ee2cfbb65ba0f4ea67c49cf28e,3,1,5,3,0,1,1,3,7,7,3,4,7,6,11,11,0,22,0.5,True
held_out_22,train_0731,6d6c423441c5938660b397685b93fbf6a3d7088c34c4441cb7dd5f44109a56ec,2,5,4,1,1,0,1,2,7,7,6,4,4,4,11,11,0,22,0.5,True
held_out_22,train_0732,e49504f7cd42091f7ad1b7a4658a720df4d5320d9623ca461de2f3428d970e0f,3,1,6,6,3,6,5,2,7,7,7,3,7,7,11,11,0,22,0.5,True
held_out_22,train_0733,aa923c9863035b7450b1ea9815b9ad857bc288eb003163a7de8d04419f908385,5,1,2,4,3,0,0,1,7,7,3,5,5,5,11,11,0,22,0.5,True
held_out_22,train_0735,92d82780c3e30e2d3df3963a54ec5b935ffe15b373814dbd44d2b3cd25d975d8,1,6,5,6,0,6,4,2,7,7,1,7,5,5,11,11,0,22,0.5,True
held_out_22,train_0739,dda1885ec227d442899182a81ff6ff003a1604f09dbdb9270e5700efc9077a15,5,5,1,0,6,0,5,2,7,7,6,3,7,6,11,11,0,22,0.5,True
held_out_22,train_0740,b2f31422f20d1a91b81d5654e08195c7c829a18f24f8c0fa10564906c4d36436,3,3,6,6,0,6,2,1,7,7,6,3,8,9,11,11,0,22,0.5,True
held_out_22,train_0744,5bbb5f71ce580bd2afaab3b22aa919f0550303a56c7890aa679ecfe3a0c08a8b,4,2,0,4,1,1,4,4,7,7,4,2,4,4,11,11,0,22,0.5,True
held_out_22,train_0745,ca77379e170cd98f80a07b1dee75a73bc5c0a7ba243de3fb0b5566a666d794d2,2,3,4,2,4,5,1,4,7,7,8,2,5,5,11,11,0,22,0.5,True
held_out_22,train_0749,9f09c29601e7fa3cea02dbad26cb33c370bf6446f91d8840cddfa25a18d107f8,0,2,5,6,1,6,1,3,7,7,5,2,6,7,11,11,0,22,0.5,True
held_out_22,train_0750,4acba90d029aec5f358acc1b60697d42dbe6253ce257ef7d05231ef36e0b4875,6,0,3,4,6,1,5,4,7,7,1,5,8,8,11,11,0,22,0.5,True
held_out_22,train_0751,3ba3f7833b6a08867b540826d0c507b3383934eaf69cf18342ce3ec879ab8e85,6,1,0,6,4,5,2,3,7,7,8,6,5,5,11,11,0,22,0.5,True
held_out_22,train_0752,fbe5e601497d183ef9444a3364eddf81cc0defbd5f631fccaa2a26eee225f32f,1,4,4,2,2,3,0,1,7,7,2,6,5,5,11,11,0,22,0.5,True
held_out_22,train_0753,fe5d4b8010f68f3281e8fe57ec3f357a7256cdd0a55a39c92f268ebbde755733,5,4,5,0,0,4,2,5,7,7,7,4,9,8,11,11,0,22,0.5,True
held_out_22,train_0754,2ee783af3f36d941755bb23158efb0f39c85bab53624084507064927ced06193,1,2,2,0,6,3,0,6,7,7,8,5,7,8,11,11,0,22,0.5,True
held_out_22,train_0759,f44d55546c3da78c9aded840ab27477c63581bea77d1b6baba4ecc8f59cfbf80,3,0,4,3,3,6,5,0,7,7,6,2,4,4,11,11,0,22,0.5,True
held_out_22,train_0761,15afccfbde8f77f291b2661528b4150b28fba5452d6deb24556060bc72f7bffd,6,3,1,5,5,1,6,4,7,7,3,1,8,8,11,11,0,22,0.5,True
held_out_22,train_0763,cc41779f49cb0692a0b83c321bd3ff8e829033e274dcf273c6ffe8790b3f896a,4,3,2,4,6,3,1,0,7,7,2,6,7,7,11,11,0,22,0.5,True
held_out_22,train_0768,5278794785679987db7b773e61dfc28e66096bc29a97ea4304d68c208b0f8b65,1,6,0,4,3,2,0,1,7,7,8,8,5,5,11,11,0,22,0.5,True
held_out_22,train_0769,77c5f52ad4f7ad6243428207b3f6af0753e0f1943fa5cd15e4791837750b2e0b,1,0,6,3,3,0,3,6,7,7,4,8,6,6,11,11,0,22,0.5,True
held_out_22,train_0770,9ba5ddebc7b450ade5ff0b4cbb266d82531d5e09e831dd0aaabcadf17a975246,3,0,2,3,5,3,4,0,7,7,5,1,5,5,11,11,0,22,0.5,True
held_out_22,train_0772,4ebbd62c07764d207e40e612ebc766cc5de68ecd1bc8681cf96a5275bced600b,3,6,3,1,0,2,2,6,7,7,7,1,6,6,11,11,0,22,0.5,True
held_out_22,train_0774,3944a48d0d20fbd8ac46d553071e09880fb8d0ca090d4d0591e51eb6f4208a66,0,0,5,3,0,6,1,4,7,7,8,5,8,7,11,11,0,22,0.5,True
held_out_22,train_0777,b261e2352c52eb825b9a8cde0871b60511693800d893ca0432d86608961ca678,3,2,5,5,1,1,0,3,7,7,3,4,10,9,11,11,0,22,0.5,True
held_out_22,train_0778,cf98a0f82f5cf3b720e8551454c0a402b580b477b251ff2de00b1b9fb9c8cc7d,0,1,6,1,3,5,0,3,7,7,7,2,11,10,11,11,0,22,0.5,True
held_out_22,train_0782,d4680cb18c6ba82396d5a3934bb9f113bbc6845ac898b514965eba4a2447b922,1,6,4,4,2,2,2,6,7,7,7,1,4,4,11,11,0,22,0.5,True
held_out_22,train_0783,c4acf8247fae598df01eebe239546bf97ca62894e61f71146d702b0fd7fd3518,1,5,0,1,3,5,5,2,7,7,2,7,7,6,11,11,0,22,0.5,True
held_out_22,train_0784,352e08c92f883e10d3a983b851b1beb6af8851b9c1f60c1da371847671d214ef,4,5,2,5,6,5,3,4,7,7,2,2,6,6,11,11,0,22,0.5,True
held_out_22,train_0785,29a9aded93e7e0f36406ee709b717b47afa51fb274a8bd22aa24936c91cf258f,2,1,6,6,6,0,0,3,7,7,5,4,8,9,11,11,0,22,0.5,True
held_out_22,train_0786,af77e9ab8242c99242aed3deb86bb8abd89b39099e026e20bc8085d2a3d60156,1,4,6,1,1,5,0,2,7,7,1,5,9,9,11,11,0,22,0.5,True
held_out_22,train_0787,82f4432aa5ca63a55d041570efdc74ee06fd9d602ac261bc9593b50dddafd803,5,1,1,6,1,1,0,4,7,7,6,8,9,9,11,11,0,22,0.5,True
held_out_22,train_0789,862ff1433b8383b9e679467a95b80556c848c47996157b66db8d6798522ff47b,1,6,4,6,4,1,6,3,7,7,8,8,7,7,11,11,0,22,0.5,True
held_out_22,train_0790,6cd6449f68244e91bac42d42dd936f8bbc0d062c1281c718334542710b931df3,1,6,4,0,6,6,0,0,7,7,5,7,10,12,11,11,0,22,0.5,True
held_out_22,train_0791,584dd92f2d8e6e33a67e5b4a57d9d1e8dd240fd303f4d81795256c45cf2c6d36,5,5,4,0,3,5,1,4,7,7,4,7,8,7,11,11,0,22,0.5,True
held_out_22,train_0792,f6210c28c0b89c8618f17f7616fc1a51a6812269ce7645b2d360ae93bc8c64ff,0,4,6,2,3,6,1,0,7,7,5,5,11,11,11,11,0,22,0.5,True
held_out_22,train_0794,3118bc9c8b6b89f2f6cb1628d486de0e7fecfe209e87edc408433b485747c3c1,3,6,2,4,1,1,6,4,7,7,7,7,4,4,11,11,0,22,0.5,True
held_out_22,train_0796,8d0682c895dde88af561f9d47fdb6c51cee45cde2e96f9b2b1612369d8ed10bb,5,5,5,0,6,5,3,5,7,7,1,4,8,7,11,11,0,22,0.5,True
held_out_22,train_0801,bb74a4b04f9416fc8ccb49bc8d9593df191fadede9db5af27611e25734ca91b4,2,6,0,0,6,2,2,5,7,7,8,1,8,7,11,11,0,22,0.5,True
held_out_22,train_0803,5876a875dbb42a49a88f9cce2961f0e0c283bad1b9236539f181338cb68c28ba,2,4,6,5,4,2,6,0,7,7,4,8,5,5,11,11,0,22,0.5,True
held_out_22,train_0804,4045d63f0dc27683ded2862b264d7529215b15b197f2996e3716f10b1aaeb93f,3,3,0,2,4,6,5,4,7,7,4,3,8,7,11,11,0,22,0.5,True
held_out_22,train_0805,91d7eee1fb0268c2e8880e55b9fb5726f864f45358897bcb4ec43c67145423e4,6,0,0,4,2,2,0,0,7,7,6,6,4,4,11,11,0,22,0.5,True
held_out_22,train_0807,f32139f190c9aa13d35f241e52d0d638ac646ef73b879d304bfb7030f941f5c5,2,6,6,3,1,0,0,5,7,7,7,3,8,8,11,11,0,22,0.5,True
held_out_22,train_0809,6ed940cb101aa0c17f6b4fee102b15f7ae113e38cbcae9b9531af38ae428ac00,2,4,0,3,2,0,6,1,7,7,8,7,11,10,11,11,0,22,0.5,True
held_out_22,train_0810,cec99e9d05d7a7ce44045fa5329db43ec1830a0528de8645d1f3fb3d1d41321c,6,0,0,2,4,4,5,2,7,7,6,3,10,9,11,11,0,22,0.5,True
held_out_22,train_0812,86b8969868604b6ef04444210dbc0ae3e6a39d734fa964f04f1d5c4c051f672f,3,4,0,0,3,3,5,1,7,7,1,7,6,6,11,11,0,22,0.5,True
held_out_22,train_0813,e0ad3232d8b34c7566ab847d71c133d0d02784b59a04a8a3fb98849c852badbc,1,4,3,6,6,2,3,2,7,7,7,4,7,8,11,11,0,22,0.5,True
held_out_22,train_0815,93923622060dfaf6cf599e08e9f953df96835097667b65c21ff0c91514e3e72a,6,0,0,0,3,2,5,0,7,7,5,1,5,5,11,11,0,22,0.5,True
held_out_22,train_0817,7b82f04002fe2f64c76081caadba9a2236de23741c168d7d2145002d53241b54,4,3,4,0,3,4,0,0,7,7,2,7,7,6,11,11,0,22,0.5,True
held_out_22,train_0819,fa2bfb6a2394ab214fb9856f47205f1a2c9d0e24b0c5a5d39e2ec21f317e4cf7,3,1,6,4,2,1,0,6,7,7,1,8,7,8,11,11,0,22,0.5,True
held_out_22,train_0821,9b48f10545c1feb99f9e8b3d597d1688bea8623bc1bb7080ee3720a4165be49e,3,4,4,0,4,4,1,5,7,7,1,3,8,8,11,11,0,22,0.5,True
held_out_22,train_0824,ee7182b689fb4236d1a352d352d21c2a57d17ad0736aed03e1606889435a5fed,2,4,5,0,3,5,0,3,7,7,2,5,7,8,11,11,0,22,0.5,True
held_out_22,train_0826,600d36523da3202412d67e29ba0dce4956da3f6c979e3dfc3ac61ca258047a04,5,1,0,6,6,2,5,5,7,7,2,4,10,12,11,11,0,22,0.5,True
held_out_22,train_0828,fb1013699f60408825d7e8ff215bfce7e1a13788f0b9afe98391206210c146d0,5,2,4,6,5,0,6,2,7,7,2,1,7,6,11,11,0,22,0.5,True
held_out_22,train_0841,c4781aea373413f98401eb0879fbe503407af279394f9426a225ac36926e15db,4,4,0,2,3,0,6,4,7,7,5,4,7,8,11,11,0,22,0.5,True
held_out_22,train_0843,a40a61594011a037d4f4683fe92eb3fc7a4e2969f6233acb253c905e1ca3b53e,4,3,1,6,1,0,6,2,7,7,6,3,10,9,11,11,0,22,0.5,True
held_out_22,train_0849,9667cc8dd91032f991746461ed3b0c572fdcfba01c0e2fbbe618c9b4af467f55,5,5,0,4,6,4,4,2,7,7,2,4,6,6,11,11,0,22,0.5,True
held_out_22,train_0851,df0b4a229c35cf6e8f021fc14717678d908abd930721cd388db339c7111bee79,6,2,4,3,6,0,1,5,7,7,4,8,5,5,11,11,0,22,0.5,True
held_out_22,train_0852,200b7d8e6b7aba7b97b2385968256e27103144f0bc03cda6b621dfcaa280257c,5,1,2,5,6,5,6,1,7,7,5,1,8,8,11,11,0,22,0.5,True
held_out_22,train_0854,5451913bf5a6f12443afbc1be810c8933876af9f666888ace25495e60567b317,4,0,6,1,3,4,1,0,7,7,7,3,6,6,11,11,0,22,0.5,True
held_out_22,train_0855,e7e069fd67e7ca0b34d7a1e8b71d997e8442c7d9cb6b27c675afbb29bf6b3392,2,4,0,6,5,5,0,1,7,7,6,5,6,7,11,11,0,22,0.5,True
held_out_22,train_0856,ddbfd09f074db72a11692c87e09a6fef7a9d48b60b8a7d922b82f0f2e762f375,3,5,3,0,2,6,6,1,7,7,2,7,7,6,11,11,0,22,0.5,True
held_out_22,train_0857,d5e941582cd952684dff4a23c10036d341adb6e58da9e98bf9a84461c938e486,4,1,0,2,2,1,1,6,7,7,2,8,5,5,11,11,0,22,0.5,True
held_out_22,train_0858,9aa9ebbdd406bce5fb2333d73dada3bc20c2201cdb1f368597f49ecc3fe3bd1b,3,1,5,3,0,4,2,6,7,7,6,6,6,6,11,11,0,22,0.5,True
held_out_22,train_0860,58d899267c630cb86b46dfb4658e414ed4c65f79a1d208c6dc54893df51f76ac,3,4,0,1,3,2,3,5,7,7,2,1,8,7,11,11,0,22,0.5,True
held_out_22,train_0861,df8c44978e6b60a5d09b8fbe996dfe0bd7c33e231392c792aa3f08d8ed0148f8,0,5,5,2,0,1,0,4,7,7,6,1,6,7,11,11,0,22,0.5,True
held_out_22,train_0863,c75925ca535952cbd0ab0f4a4fd5c9b03ffd1bec0440f6d09d9d5f34923976ca,3,0,5,3,0,3,6,0,7,7,6,5,7,6,11,11,0,22,0.5,True
held_out_22,train_0864,285acc43c3b278f9cbb170dda212af7fe6739c37c065ba52c8c3e5c0a0e95d2b,0,1,3,4,6,3,2,1,7,7,8,2,4,4,11,11,0,22,0.5,True
held_out_22,train_0867,4ee21e3b9399c88ce8c715f58fa43c11b36ee138f6a4fab541545490fa81fc29,4,4,5,1,3,6,0,0,7,7,3,8,7,6,11,11,0,22,0.5,True
held_out_22,train_0871,4234ab443ac75c2a7b906e5626be86d926c57c7e076f35798abdee9f15101178,6,2,3,0,5,4,1,4,7,7,3,7,6,6,11,11,0,22,0.5,True
held_out_22,train_0872,4a68a953a38c674d0fd009e27d6db7fa33642c8e757425d1044bdb49c263c506,4,4,1,6,2,1,5,4,7,7,5,1,6,6,11,11,0,22,0.5,True
held_out_22,train_0873,175a78a6d80d11e4b41cf9f25b569d0363bc32e1c14e50ff353f4747ae74b458,1,3,3,4,6,2,0,6,7,7,6,4,5,5,11,11,0,22,0.5,True
held_out_22,train_0875,fe204eec3dba38014691b5eeb9b5965aeb848d9ab1291995f281377618e7b84f,6,3,0,1,2,6,6,1,7,7,7,4,7,6,11,11,0,22,0.5,True
held_out_22,train_0877,dae545b8ca4254bdd9fbc8ad788685f192364cd67081f186dd884670c45e3f04,5,5,2,6,5,2,2,1,7,7,3,7,7,7,11,11,0,22,0.5,True
held_out_22,train_0878,b001ede96c3381ed4a0af7e55286924ef69076db6dc3af7ff5655ac05644d762,6,2,3,1,4,4,2,4,7,7,4,6,4,4,11,11,0,22,0.5,True
held_out_22,train_0879,fba0dfef5fa84d0f934cea39c5fe68b0ceface61c02eb48cef405f4b87302fbb,0,4,3,5,2,1,0,6,7,7,5,2,7,6,11,11,0,22,0.5,True
held_out_22,train_0881,835e5edca3789a17729bdb1936eb4fe9879d06a97fb39665098ab24925d1cb04,4,6,6,4,3,1,6,0,7,7,6,8,6,6,11,11,0,22,0.5,True
held_out_22,train_0882,2c4aeef8727c23168123e4d7421258e23f312cf51516a56b64b954ea27d6dd40,0,6,6,5,0,2,1,0,7,7,4,7,9,10,11,11,0,22,0.5,True
held_out_22,train_0884,c22ba4bb74b3be04d85c2834008acd8fc53b76697bc2a2ceaf1f9ca75de31c24,2,6,5,1,2,5,2,2,7,7,1,4,7,6,11,11,0,22,0.5,True
held_out_22,train_0887,4c85ef39497ed746c58993e583b0722e595210695cc9006cbacc5180629d4a82,1,1,4,4,2,1,1,4,7,7,1,5,5,5,11,11,0,22,0.5,True
held_out_22,train_0888,ffc51f62581d73442d64e5e4a8856f53fe1063cfb326ac88712b8d418edbf4de,3,2,6,0,3,5,1,3,7,7,3,3,8,8,11,11,0,22,0.5,True
held_out_22,train_0889,2de486c31127ffce1b8850580ea919b71f1a7d7248e88919508d81f3eb020c50,2,2,2,5,4,0,6,2,7,7,4,4,7,7,11,11,0,22,0.5,True
held_out_22,train_0890,ffc588d75284741ac1b5481bda97378f75870e07860520ea7599b5ee336d66e4,3,4,5,6,1,6,6,0,7,7,4,7,8,7,11,11,0,22,0.5,True
held_out_22,train_0892,a1e37cd98e93961c37a26f3d27f6f917a9b3c5acec8568339087b3f8f6dba593,4,1,4,6,2,3,6,1,7,7,8,2,7,7,11,11,0,22,0.5,True
held_out_22,train_0896,449248018cafb6ed1e1b98a342d991fb279c23c88d2f6a6cad96718ca8d2188f,5,4,5,1,4,4,0,3,7,7,1,6,6,7,11,11,0,22,0.5,True
held_out_22,train_0897,c36256c8b01f41cb1c50ee139e7b956fae1b65ecbf72443ea7614e83f60ab0de,2,3,2,0,4,5,2,4,7,7,4,1,7,6,11,11,0,22,0.5,True
held_out_22,train_0900,339fb92c7d1fe3e45ce316fec1436665d4e040784dfb1fa21d13d7fff07bff9d,0,5,2,0,5,4,2,4,7,7,8,3,7,8,11,11,0,22,0.5,True
held_out_22,train_0901,d5ddb901df045715422842076beba4a7d4a1afbf293c71ca82b0c830ddff1fb7,4,2,1,3,3,5,3,1,7,7,6,2,4,4,11,11,0,22,0.5,True
held_out_22,train_0902,4ce407337284f2bbb90d95880c2aa02f6e9d55bc7c1ee71e909323838130cbfb,1,6,0,4,4,4,3,0,7,7,5,8,6,7,11,11,0,22,0.5,True
held_out_22,train_0903,a4aedaa75cd42e9f32e86006db1f17d7c8a46610ce0739583d34f61489e83d4c,5,6,2,4,6,0,6,3,7,7,7,4,8,7,11,11,0,22,0.5,True
held_out_22,train_0905,a67afe4b521d4f000f57133022e8e9ecc2862331ccc4632acaee604b5cc6f3e5,6,0,2,6,1,0,6,3,7,7,7,3,7,7,11,11,0,22,0.5,True
held_out_22,train_0907,c34121e8eea254b62fc65c4acff35fcf15201f1fe99fa6a9cbb1d334aa5610e2,3,0,5,2,2,5,0,4,7,7,6,7,6,7,11,11,0,22,0.5,True
held_out_22,train_0908,ba90f5d7e127b46daa84467ed26acc6afab767687d2a13f3a2fe37a4e57e4cee,1,6,1,0,4,3,6,4,7,7,6,7,8,9,11,11,0,22,0.5,True
held_out_22,train_0911,83a4ea8b72bbf2719f8eba64841dbb086b4e67c7fc983f8702df5b1b180f89df,5,0,1,4,5,4,0,1,7,7,4,8,4,4,11,11,0,22,0.5,True
held_out_22,train_0912,aaf4c2db664855656a32c0730de406c6d00dceeceb21a48bf683e63a46323932,3,3,2,5,3,4,1,1,7,7,1,4,6,7,11,11,0,22,0.5,True
held_out_22,train_0916,35ba15c091605f1ba19cbdab0d195e74c59ab6f800695d4729120d2d8bf5e940,1,4,4,6,6,2,5,0,7,7,7,8,6,7,11,11,0,22,0.5,True
held_out_22,train_0918,f71f0bb17156900423fc56e380c2f4475153113f35149e13d312cefc717ba4a2,1,2,6,3,4,3,5,0,7,7,6,6,4,4,11,11,0,22,0.5,True
held_out_22,train_0919,f5e780a7ec8e08a2babbb25746330750c02754bf7604d480d40a5ff358b90a0b,4,1,0,4,5,6,4,2,7,7,8,1,7,6,11,11,0,22,0.5,True
held_out_22,train_0921,c93be53f55b4ccb6c643a7055399f7bfc2263cbb61a1741ba5492a15992ee5b9,5,2,3,1,0,5,2,6,7,7,8,7,9,8,11,11,0,22,0.5,True
held_out_22,train_0922,d464347a6dbc6bd86d5d1338941637d8f0cbbf9e6ba3c0f8eff3aec41e20267d,2,2,5,6,3,1,1,3,7,7,2,2,7,7,11,11,0,22,0.5,True
held_out_22,train_0923,666d15c60d1b60558092493c5b0e69ed8c30321f0c2bf3cfbe8c1f5d4f341539,3,4,0,0,1,4,3,6,7,7,2,2,9,9,11,11,0,22,0.5,True
held_out_22,train_0925,ed6255abcbc30f5a50e4dbd7c5820cff1d42b9c0ab252a4c0be6dab6a02ea434,3,2,1,3,6,2,5,5,7,7,3,5,6,6,11,11,0,22,0.5,True
held_out_22,train_0927,f79ac57146f4127f0761c780231809576b0a59d99b2a16140b85d5f9f89a466a,4,4,6,1,6,6,1,1,7,7,4,6,5,5,11,11,0,22,0.5,True
held_out_22,train_0930,60ceb44ba2cacce73f6d3d98bf799f92a93131fbaf5c2167b28506213eac8e46,6,6,2,3,5,1,5,5,7,7,8,2,5,5,11,11,0,22,0.5,True
held_out_22,train_0932,bb0b3093fafca0f2fc988e6ae5c3559addd276333231a2388948a9ce662035a0,3,1,6,3,6,0,2,2,7,7,4,2,5,5,11,11,0,22,0.5,True
held_out_22,train_0935,dafcc222740233c5de4b6c6e28fa9a999783fced7102b437d30e24f1430600b4,5,2,5,5,0,1,6,2,7,7,6,1,9,8,11,11,0,22,0.5,True
held_out_22,train_0936,da9bd0643e4b1ed90148f017cb0b06e9c7882d724ae668f77d08ad9b978825fe,2,3,6,2,2,1,2,4,7,7,2,1,7,6,11,11,0,22,0.5,True
held_out_22,train_0938,78381683d6207c5d9c113966d9129fc0531127c8060d5236f850686026e5fd53,3,1,0,1,0,4,1,6,7,7,6,7,7,8,11,11,0,22,0.5,True
held_out_22,train_0939,2276ae71697f68e51c45fc3273c8b2c8297f8cd5c05333a9a5331df299b5ca7b,3,1,6,4,1,5,6,0,7,7,6,4,6,6,11,11,0,22,0.5,True
held_out_22,train_0940,997df4326325e963e2e395c262122abbd919a5727d471be3ff01796ca8ace5af,5,1,6,6,5,3,2,4,7,7,2,8,6,6,11,11,0,22,0.5,True
held_out_22,train_0943,eb6dc7d7f922e94a178a2230682f6b72f606b90fa22ba2a0c45e199c42fb2523,4,5,2,4,0,1,5,4,7,7,8,2,5,5,11,11,0,22,0.5,True
held_out_22,train_0945,93565d777393fbb06195215e6e32ef96a384069dd35af4399ac00860b56b14e0,6,1,4,5,4,1,6,3,7,7,2,4,4,4,11,11,0,22,0.5,True
held_out_22,train_0946,c3c2282d94df3393da90c413c4bd8f6a0099f46897481707e3ebdc200f5d1cc0,1,5,1,2,6,4,1,6,7,7,8,1,7,6,11,11,0,22,0.5,True
held_out_22,train_0947,f8e4453e29f5630df78e08cef41da067a065a3ba0f2af4762050599cdf81032f,3,5,5,0,4,4,1,4,7,7,2,3,7,8,11,11,0,22,0.5,True
held_out_22,train_0949,1ba729664264c9ab94407be7d27e4e96c27341769f344a25e4c2961c9af558c2,3,1,6,3,5,6,3,2,7,7,7,1,4,4,11,11,0,22,0.5,True
held_out_22,train_0951,4db5fcb446bb48baa35f6b33c3037cec2383dfb81eb5e7fc33b7d009a151291b,0,4,5,2,4,3,1,2,7,7,7,3,6,6,11,11,0,22,0.5,True
held_out_22,train_0952,e36c4912d3ef1f9d6b836d99d3bdfbaa83c4794426bf2bf8f0954e0dbe1d037a,2,0,6,6,5,1,0,3,7,7,4,5,8,9,11,11,0,22,0.5,True
held_out_22,train_0953,7b211004fc02a86fe4626e5546c8fbba2ef7dbb96211886d53a0d748793de8ce,6,3,1,0,4,5,6,6,7,7,4,5,10,11,11,11,0,22,0.5,True
held_out_22,train_0954,548831221130c19d5c7225939a3ad5760db08921c4e2cbdec441b06cc218c524,1,6,0,1,5,4,2,6,7,7,6,1,8,7,11,11,0,22,0.5,True
held_out_22,train_0955,76d3a676a906c3fa7598ec27dc5a843dbdd61d251e7cc97fc57279409ed7162b,1,5,3,1,0,0,0,5,7,7,6,1,6,7,11,11,0,22,0.5,True
held_out_22,train_0957,245f8111e4e5cd01d8f22520fe0a17501a14784bc9b2cd8b02f2307fa34c519b,5,2,2,1,6,2,0,5,7,7,1,8,7,6,11,11,0,22,0.5,True
held_out_22,train_0958,bccb209f5d4d22e822e079d7c64ecf5f8facfbf9dea26ab5b5cf13ecd5da312c,5,3,1,3,2,0,6,5,7,7,6,5,6,7,11,11,0,22,0.5,True
held_out_22,train_0959,799263fd99ecbab8fcd33f2846bda65ea96c064cd53ebb030b7b0951902fec31,0,6,2,0,1,5,3,6,7,7,2,5,6,7,11,11,0,22,0.5,True
held_out_22,train_0960,c2038baace47e1b84523d9a2b04b30049d8026339b2c3fd198d6734fbcdcd758,3,5,3,0,6,4,1,4,7,7,4,3,7,6,11,11,0,22,0.5,True
held_out_22,train_0961,c0e6cea9a662ff580868cffac4dd8ea2b5ad8a691f595fd3f23e4d011b18fee2,3,3,0,4,4,0,2,1,7,7,4,3,8,7,11,11,0,22,0.5,True
held_out_22,train_0962,311b00ae942c3f1bad2ccac44029ef58d2972364f8b0c7270fbd21999b9cc58c,1,6,4,0,0,3,2,5,7,7,4,2,7,7,11,11,0,22,0.5,True
held_out_22,train_0964,abcd96c49b7346e44e4d3f9eb6972ede25c0ed363e65048c3c3992d156bdd4b0,3,2,6,3,2,6,1,1,7,7,5,3,7,7,11,11,0,22,0.5,True
held_out_22,train_0966,94a35bc730edbc8a9e27161c36b5e435dc4a25f07b7190664faed88d28d84183,6,3,2,1,4,3,0,3,7,7,2,6,4,4,11,11,0,22,0.5,True
held_out_22,train_0968,8907f2f62d335c5c08094f0590735808923b1e25e36a36fb53e7c3aae2685312,2,6,5,6,0,3,2,2,7,7,5,6,8,7,11,11,0,22,0.5,True
held_out_22,train_0970,7cb61894d593023e4e1691d4608711162065e8235d3f8f556ef9486f60e54708,5,1,2,0,6,3,5,0,7,7,3,1,13,15,11,11,0,22,0.5,True
held_out_22,train_0971,bdffdd065a6172db7363bff684821816e71fa0dc2ac176d0e30591ec08877b0f,3,3,6,3,2,4,4,0,7,7,2,4,5,5,11,11,0,22,0.5,True
held_out_22,train_0972,0e8748608966d7ca96895f3c7fe6582d08064b853c8265dd38812f029e0df7dd,3,3,0,3,6,0,6,5,7,7,6,7,9,10,11,11,0,22,0.5,True
held_out_22,train_0974,1425246b70183f2f0a32e329447fe52df63924bfdf11f53b31b484669b119819,4,3,0,0,2,4,4,2,7,7,5,1,6,6,11,11,0,22,0.5,True
held_out_22,train_0979,76c25c8bb0d93468a193796f1d546582806b425be91090b3d72d0772b4b2974d,3,3,1,1,6,3,5,5,7,7,3,4,7,8,11,11,0,22,0.5,True
held_out_22,train_0980,8c70ec70d0a3f8431d76ea1bcb2236c3093d50f18abc2ae7e0d23517c6c5576c,6,5,0,6,4,4,2,1,7,7,3,8,6,7,11,11,0,22,0.5,True
held_out_22,train_0981,449909a374de164b61d0c86a526bbe9e8bde1ac1c1429fc8285c8d52f49abea5,3,1,4,5,5,2,0,6,7,7,3,8,6,7,11,11,0,22,0.5,True
held_out_22,train_0982,18f2f3947aa757ca0645e87c87f48b6a34e752d14b4bbe83d466467c93dc3ade,1,5,4,5,2,3,5,2,7,7,3,7,4,4,11,11,0,22,0.5,True
held_out_22,train_0986,9ce9ef3edd2f89adf8bfd5a2c6529fbaf6bcfb148ce2c6c53fc50bbd1ffdcc84,1,3,6,4,2,5,3,2,7,7,3,3,5,5,11,11,0,22,0.5,True
held_out_22,train_0987,65e513b73b82de969f65fbecd0de52e518e56a9716e658d32701bf515c20e705,6,4,0,2,5,4,3,6,7,7,1,5,7,7,11,11,0,22,0.5,True
held_out_22,train_0988,fa7ed2cdd29055b47873bce3f9959205b5932299309a47bcd2e26c12a57fc9e0,1,3,1,0,6,1,6,5,7,7,7,7,10,10,11,11,0,22,0.5,True
held_out_22,train_0989,1b2678e54b0c51affdb1a00407ef98da70df49a9bc4600caf2c3f0968688d04b,2,5,3,1,5,5,2,4,7,7,5,1,6,6,11,11,0,22,0.5,True
held_out_22,train_0990,a85b3784b67678e6279858581c6dd7d95c3c55f638f0919ab86ed7748aa76f37,5,0,5,4,0,1,2,0,7,7,8,3,8,7,11,11,0,22,0.5,True
held_out_22,train_0991,462b1e33484ef273c3ea0a810b299cb3da257f1e6492be5f01cc07747af13a36,3,1,0,2,4,1,2,5,7,7,1,5,5,5,11,11,0,22,0.5,True
held_out_22,train_0992,6fea440b907ed562aed5223fc01714484430357fda2de2156f7f62cb9b796845,3,2,3,5,1,2,6,5,7,7,2,8,5,5,11,11,0,22,0.5,True
held_out_22,train_0995,95e799b76ea353210e128ea2033a3d2fc92e0cb53deb581554c877604d4ae682,6,4,1,5,4,2,2,0,7,7,4,8,6,6,11,11,0,22,0.5,True
held_out_22,train_0999,d93ff473107ea0469e3c47eae5ac013056ffc9bfa0eec6a512869cb8dbb5e80c,0,2,3,6,4,1,2,0,7,7,5,4,6,7,11,11,0,22,0.5,True
held_out_22,train_1001,1c65a75a50f1c86fbd8df29f38a62a806f7e482cc16ae43fc848ddbcc2eda31f,5,5,1,0,1,4,4,1,7,7,5,5,4,4,11,11,0,22,0.5,True
held_out_22,train_1002,bff91ef14d07ce94b746a117c3e5eaa4cd47aa3263e442e892e6ba7177f46935,1,4,3,0,4,6,1,6,7,7,5,2,9,8,11,11,0,22,0.5,True
held_out_22,train_1003,fb3d88c373e090b3cab80997eabd5b6d2c8157f7c75832e9eca84350f10a28de,0,2,3,6,5,0,0,3,7,7,7,1,8,8,11,11,0,22,0.5,True
held_out_22,train_1004,e8e9a8bbfff60a993ac4f98e31a283040ddad0bc38ff75f9609f2a0fc10cf2cd,0,2,4,6,0,1,2,1,7,7,1,3,11,13,11,11,0,22,0.5,True
held_out_22,train_1005,80aebb07c218be42bdd262da41367901a16571839578d388290bdfccd5eb9564,0,1,5,4,5,0,2,1,7,7,6,2,6,6,11,11,0,22,0.5,True
held_out_22,train_1008,bdcbe58a43428206d4dd5d423a788da08a5c7d70511196ca9aa48eabd8d28851,0,5,6,0,0,4,4,6,7,7,1,5,10,10,11,11,0,22,0.5,True
held_out_22,train_1009,22d9f2cdd2e30eb38dcbd49ad4c6b9ea1eddd6a86df336b78886dec938ea8876,2,0,4,1,1,5,3,0,7,7,6,1,7,8,11,11,0,22,0.5,True
held_out_22,train_1010,356f7960c076128e94b82daf887a1c9ffc9056032a33c096af1d4229655dc3f4,1,6,0,1,0,6,6,3,7,7,1,8,7,8,11,11,0,22,0.5,True
held_out_22,train_1011,783155353140b665480eae4fa0cdd451b867f08ddb91e3234d5d7d3c396ffc6d,2,0,2,6,1,0,0,2,7,7,1,4,7,6,11,11,0,22,0.5,True
held_out_22,train_1013,235c8d9123433fd54904c34bfa34969803eeb404d09f9bd64989320d98fb9043,0,6,5,0,0,5,3,6,7,7,1,3,10,10,11,11,0,22,0.5,True
held_out_22,train_1015,1fd9a04c1f8ec37adf42a2acf770120aac1d0223515045d710a473454de0cf34,5,5,0,0,2,6,6,5,7,7,4,1,10,11,11,11,0,22,0.5,True
held_out_22,train_1016,cf6bd3176413d749168ed9e8141b9160d85f67602e474f91fd37f581e0b92886,3,1,3,4,6,4,1,1,7,7,6,2,5,5,11,11,0,22,0.5,True
held_out_22,train_1018,4fcc88ced16339caff1c07f8ca36a1e7b6f00f3a5c2f348ebbd0b02c650cad99,4,6,6,0,3,6,1,1,7,7,1,8,9,8,11,11,0,22,0.5,True
held_out_22,train_1019,1297baad6d2041b72586be0849c41c8abfe34a07f4195ba33f545e6600e5b2d9,4,3,0,6,1,2,2,0,7,7,4,5,7,8,11,11,0,22,0.5,True
held_out_22,train_1021,1497c8cbaa2b5c7f77e911f03a18e536a90642de0a3c28a6e2996ea472ad500e,0,5,4,1,4,3,1,2,7,7,6,4,4,4,11,11,0,22,0.5,True
held_out_22,train_1022,76a438e51fca265423886bbf4018fa3ae04e648b8a9779c59fd57a4561a4b888,3,6,2,1,2,6,5,6,7,7,1,2,7,8,11,11,0,22,0.5,True
held_out_22,train_1023,8b9d42a171d198ebea4664c8b65fc77d4090e32573841781f2c9708cbe6ffc55,0,1,4,1,4,5,2,3,7,7,8,4,8,8,11,11,0,22,0.5,True
held_out_22,train_1024,d2c33f04d7a40ec5a6337650bf36166992414a7b761eda0bb6bc39dda7134c17,5,4,1,1,4,2,2,4,7,7,3,3,4,4,11,11,0,22,0.5,True
held_out_22,train_1027,92eb3a428127babdb48bc2af32f0e4e1fc3d91180da6c322b89f828916bb2d5a,1,5,2,1,6,4,2,6,7,7,6,2,7,7,11,11,0,22,0.5,True
held_out_22,train_1029,0ded7956f33f298ab05592aca210be573d0072467192b097a7546e314fc14fe3,1,5,6,6,0,1,4,0,7,7,5,8,11,10,11,11,0,22,0.5,True
held_out_22,train_1030,ce0a25ed44959386fa251e4d71c8c2a6855ad76bcf9aa3c7376d5f816a8ec6b7,2,6,2,0,6,5,1,5,7,7,7,2,9,8,11,11,0,22,0.5,True
held_out_22,train_1031,2d92724ec035cffca33fd88f81a07a5a99703efc01bc803d4fb827dbcbf1409b,4,4,2,2,4,0,3,5,7,7,8,2,4,4,11,11,0,22,0.5,True
held_out_22,train_1032,3d1b7d10b0dae30e1f756708fa517b1812beb55acdf87fc7e813dd9acee91c2d,2,1,3,4,1,3,0,1,7,7,3,2,9,8,11,11,0,22,0.5,True
held_out_22,train_1033,cedb2ce4cf806fa02558b3ea7071821edaf16092b697c4351f7bff8c7caa443b,3,0,3,3,4,0,5,1,7,7,1,5,4,4,11,11,0,22,0.5,True
held_out_22,train_1035,43d410203273c9ff1d6d98ee22e9e5c47c996773f59661f3f1dcdd0391510062,0,0,5,6,3,2,1,3,7,7,5,4,6,7,11,11,0,22,0.5,True
held_out_22,train_1038,e990f4e133a57d8acf6f3ece05441f9450753d41ca488b2aada09867d8c71a05,3,5,0,1,5,2,3,6,7,7,5,1,8,8,11,11,0,22,0.5,True
held_out_22,train_1040,cde78732e84355759b303ebc79a67a5b0b0ef861bdc321972a5513fe51dbd2e8,1,3,1,6,3,2,6,4,7,7,3,6,6,7,11,11,0,22,0.5,True
held_out_22,train_1041,8321b27d9679011ba67ba65810a158e70d47b9ea8aa8a8a23d0c38717ea2b75c,3,1,1,4,6,2,2,1,7,7,4,1,7,8,11,11,0,22,0.5,True
held_out_22,train_1043,1711033e83589af14d450c011804b93ab2bd8af74b244b33574152b58629ba0c,5,2,6,0,6,6,3,3,7,7,5,3,6,6,11,11,0,22,0.5,True
held_out_22,train_1047,d5698a3195a6f31f07bc8b78f9f359ed627fd854102b27f9f03f96b1872c20d2,4,3,0,0,4,5,6,0,7,7,2,5,9,10,11,11,0,22,0.5,True
held_out_22,train_1049,683e9adbf2d217cda722c07a6218ea313f9e03b424a60fbf934b98fd5a16db96,4,3,1,4,4,1,6,3,7,7,2,2,6,6,11,11,0,22,0.5,True
held_out_22,train_1050,a9cda647e0c6e308908b8336f0c7951950a3bbd34ff705f36c02f078fc23118c,2,5,0,2,6,3,4,0,7,7,6,7,7,6,11,11,0,22,0.5,True
held_out_22,train_1052,e08207c64e6e54dfeb7672d00d74e9390804036f4df4abdb944281337efff7d8,3,6,0,0,6,6,4,4,7,7,3,3,12,10,11,11,0,22,0.5,True
held_out_22,train_1053,28f519d60abaaaee0c66337a68d3e8f3442191a42f335606201a06b0d057cfc5,1,1,0,3,5,5,4,2,7,7,8,4,7,7,11,11,0,22,0.5,True
held_out_22,train_1054,e0c8b3705fd99b27108376251b56b8bf419a1392ca3cb1e922c4a57b7ee8c94d,4,0,4,3,2,6,6,0,7,7,8,2,5,5,11,11,0,22,0.5,True
held_out_22,train_1056,92db5ba18a305b42a5e99615e68f3a58cadc7ea6a529e04d9befead68f7c319e,5,4,0,4,5,1,3,0,7,7,3,6,8,7,11,11,0,22,0.5,True
held_out_22,train_1057,63b0f5d9437b46852b3a29e007914dc7c6ba13a4faefe4cfcf5122c59b20611d,2,5,0,1,2,6,6,3,7,7,1,6,7,8,11,11,0,22,0.5,True
held_out_22,train_1058,c2ccd8a4d9a7521572c972cbd9827d970bbc4a01b2238a28953c32219da59731,1,0,0,3,4,0,6,1,7,7,5,8,7,8,11,11,0,22,0.5,True
held_out_22,train_1062,6c5680061f7346c48ead9279606c53701d9760b032391ec4ee6674f23b42f5fc,5,2,2,4,0,5,4,0,7,7,8,3,7,6,11,11,0,22,0.5,True
held_out_22,train_1067,f8d74740758fde704c123bb8e21aaaef52da425ed3c60081d76c517c33ccf508,6,1,4,0,6,4,4,6,7,7,7,7,6,6,11,11,0,22,0.5,True
held_out_22,train_1068,81a27faf163a30c0506a852af7417e6447290c05a93cd3fd082097b664100ed9,2,4,5,3,6,0,3,1,7,7,8,4,4,4,11,11,0,22,0.5,True
held_out_22,train_1070,b88fea37c195adfd75f39f14fe43c25ad5869ddafd021eebf8c6a301e7f64e30,3,4,6,0,2,4,5,6,7,7,1,4,8,7,11,11,0,22,0.5,True
held_out_22,train_1071,a7588c6d329ca03ee64411c265115ab06435960b5e0237aa6cd88dab1bae33bf,0,4,3,2,4,6,0,5,7,7,6,1,9,8,11,11,0,22,0.5,True
held_out_22,train_1074,b1f8a32c14b3fa930930b12ac9e914e8b156fe03d7fe4a13029e1141dcaf2142,1,6,6,4,2,2,1,0,7,7,7,8,12,13,11,11,0,22,0.5,True
held_out_22,train_1075,e4e7ef1dba3efd271bcf0b487ecc650d4ebc39a3e79e8e43f87c5e311d6238bc,4,2,3,5,5,0,0,0,7,7,3,6,7,8,11,11,0,22,0.5,True
held_out_22,train_1078,249a2cb075cf008ce088006fa4b8854e27dcf51ceebdcbad6a671be91091799d,2,2,0,6,0,0,3,0,7,7,4,3,10,9,11,11,0,22,0.5,True
held_out_22,train_1079,ee5e093bbeb0530dbc2e7df525d8d0c92a064b3a73aedb190b2aebe29ad3a58d,3,3,4,5,2,0,0,3,7,7,4,3,7,6,11,11,0,22,0.5,True
held_out_22,train_1080,e249b4c41e76e8e1e3fca9daf59817aba2e04e0d3637cfa578bb8b060d682c3f,2,2,6,2,2,4,3,6,7,7,2,5,6,7,11,11,0,22,0.5,True
held_out_22,train_1081,41e5b565d1412cc763eae489763dfd3ad6b7123e9c3a900d043d8034b7c16e15,4,4,3,2,6,4,2,6,7,7,2,4,5,5,11,11,0,22,0.5,True
held_out_22,train_1083,a357b124701fe44415b07ff4fd8f997d3759e26d5a18441b3efdd7fefc825dae,4,1,0,1,0,4,2,6,7,7,7,7,13,13,11,11,0,22,0.5,True
held_out_22,train_1086,0122fa42af7a2d82ea2ec51c5c7ce23fdd33d81089b9fd6e60e19d9f4d54110a,6,1,0,1,5,0,6,3,7,7,2,8,10,10,11,11,0,22,0.5,True
held_out_22,train_1088,aa7691a3e8a9cffa0d449e3fd0a14f2372d7182b4e16793ac69e86eac8ce6d60,5,1,5,6,3,0,1,1,7,7,3,4,10,9,11,11,0,22,0.5,True
held_out_22,train_1091,af0358da98fb82ee3be052aa1d1c4ce8b7164e90807469f9b6f74308cdf2b7dc,2,5,5,4,5,6,3,6,7,7,8,2,4,4,11,11,0,22,0.5,True
held_out_22,train_1092,7e9b03c86a88f3108e086e1b3cd54adb49ca5080765a63bab0bfad4b421e4e2d,4,2,0,6,0,1,4,5,7,7,7,5,5,5,11,11,0,22,0.5,True
held_out_22,train_1094,e01640fa84b6598bd57b47232ad914b8490fa50105978f647b7eb97cd50a9bb6,4,6,2,0,4,5,6,2,7,7,1,6,7,6,11,11,0,22,0.5,True
held_out_22,train_1095,ac6bf2e95e5017e383a9faa5566ad25dee8766068d21f5a1a4a43c41f6fe9abd,1,5,5,2,0,0,0,4,7,7,6,2,7,7,11,11,0,22,0.5,True
held_out_22,train_1103,3ab056074624be9544e227b6b00836d2d3d1fa2bdde115806958376557dcdb0e,0,3,4,2,2,5,0,1,7,7,4,2,5,5,11,11,0,22,0.5,True
held_out_22,train_1107,c7bc43e533fcc73807ac77dfa757497cbc1e003dff63eb63da3964f54974ea9f,4,1,2,0,1,6,6,3,7,7,8,4,7,7,11,11,0,22,0.5,True
held_out_22,train_1108,1a144ef1721f56635b790a5e1035cf3f97b53fcbcf329a7bc38e1f7103a8557d,0,0,3,5,5,1,1,0,7,7,6,1,6,7,11,11,0,22,0.5,True
held_out_22,train_1110,512e45f0fef4112f752da0e9fd0fd736b6b980185c16dcc174adc01363f39fc2,0,4,3,1,6,6,0,6,7,7,8,2,8,8,11,11,0,22,0.5,True
held_out_22,train_1111,d9f1df05e7ac1ff152e4684894c508f5603063e17dc15ede584ef081c6e55946,1,2,4,5,4,1,3,3,7,7,4,3,6,7,11,11,0,22,0.5,True
held_out_22,train_1112,ab1dc8e69ddbd0ead4fb9654de4a21f7424691d2948ce6df822221f739ce65b6,5,3,1,2,4,0,3,5,7,7,4,4,5,5,11,11,0,22,0.5,True
held_out_22,train_1114,31ff73815ffcbc63e816bba49b66b3430c080a231daed1ee9994593f177b6d5e,6,1,4,3,1,2,1,4,7,7,8,8,4,4,11,11,0,22,0.5,True
held_out_22,train_1115,6a949c4eebcfe49731bc809a5a325ed521c4e30397d579733bbfa78c589ebdd2,1,4,5,6,1,5,0,0,7,7,1,5,11,13,11,11,0,22,0.5,True
held_out_22,train_1117,2f58d400d29dda3dd0a4171d3a80380545d84f0c88feb2b4c95bb7f52511544f,4,0,4,6,1,5,0,2,7,7,8,6,10,10,11,11,0,22,0.5,True
held_out_22,train_1118,24a860a2ad1774ac65bed642c57af1f6799703a96bfd83ef66ad5da02aa556e6,4,2,1,6,0,0,6,3,7,7,6,3,7,8,11,11,0,22,0.5,True
held_out_22,train_1120,9450b10edcf141074ec627af0c69f0efa1f928b422c026f66f3b88ba881cbda9,1,1,6,3,1,2,3,6,7,7,1,7,6,6,11,11,0,22,0.5,True
held_out_22,train_1121,507d11abe6004042f2ff3b828e1676c1615de1254bf5040a4d7ac149aa4de5c7,6,5,3,2,6,1,5,4,7,7,6,2,4,4,11,11,0,22,0.5,True
held_out_22,train_1122,43d2735037b36c779a2ce03f4c056dadc65906287edc128548a03cef4881d913,5,3,2,2,5,5,6,3,7,7,2,1,6,7,11,11,0,22,0.5,True
held_out_22,train_1126,b465c6609a606948a38c7678860c1e58672753a4c07de8691fad5ff56490adf5,0,1,6,2,5,3,2,0,7,7,7,7,6,6,11,11,0,22,0.5,True
held_out_22,train_1130,445de7c7673517b06a062ec11cabcc318f4eb0507b4cb717017c2a3254471d93,3,4,5,5,6,2,2,6,7,7,5,3,4,4,11,11,0,22,0.5,True
held_out_22,train_1131,599496ccd8d9f6a024260ee3890e409626b90e5f078a7252f65671794ed7af44,5,4,0,1,0,6,2,4,7,7,7,3,5,5,11,11,0,22,0.5,True
held_out_22,train_1132,b9cccf1f7c3e661e43f12b4e1ae6e0ac3f1a1121ebbfd71aee6ea4407fa73a18,6,6,0,2,2,6,3,1,7,7,4,8,6,6,11,11,0,22,0.5,True
held_out_22,train_1137,bf441b6a72137390c782dbd58234c4768fa051a6d81f7f74602b21d6fcb35aed,6,1,0,5,4,2,0,1,7,7,3,8,7,6,11,11,0,22,0.5,True
held_out_22,train_1140,b98500076f915bc5958da1be60ce7e6982d51e1a8c878ec7f659f5ecdd4418fc,1,4,4,3,0,4,3,0,7,7,1,6,7,6,11,11,0,22,0.5,True
held_out_22,train_1143,122905b7caf507daa2354a8ef3ff9f88eea298f6af03ab3ee4ff3ea0cc1895c5,4,2,3,4,6,5,4,1,7,7,7,1,4,4,11,11,0,22,0.5,True
held_out_22,train_1145,644fbc35f89881fcbdcdaefd6c8186edf54ec2c9482adf40cf427d3bd495b891,5,6,4,0,6,5,1,5,7,7,2,5,7,8,11,11,0,22,0.5,True
held_out_22,train_1146,5b46331e968bec27bdc5f01dbd03bf40934d1f1a4616c6665fd8a5e0d1b009b6,0,5,2,4,1,1,3,2,7,7,5,6,6,7,11,11,0,22,0.5,True
held_out_22,train_1149,f54a870a8104e4fa3c13bc322e8a723cb282a63a952f10f35ad9ae37faf86432,4,1,0,0,0,5,2,4,7,7,8,5,7,6,11,11,0,22,0.5,True
held_out_22,train_1150,dae82e9b8ad35c1fe540fe72903a1b0fe9d3038cea16a4b1ae003b1cc983d451,5,5,2,1,6,5,3,6,7,7,1,3,8,8,11,11,0,22,0.5,True
held_out_22,train_1151,8d00d14ba5a9804316652cc10b3c1831cb36a01e216979c93f7413e20212df71,6,4,0,1,2,5,3,1,7,7,5,6,6,7,11,11,0,22,0.5,True
held_out_22,train_1152,819563434de994c552f3ea61a0d0a7a424db19d72d436ba855726863e555ac1c,4,5,6,6,6,0,1,4,7,7,7,4,6,7,11,11,0,22,0.5,True
held_out_22,train_1154,a70ef1f44ec17e0bd64d0549ced03ac1cade0b75ee2caa524e54a9788fa6f299,6,3,2,0,0,5,4,5,7,7,8,4,7,7,11,11,0,22,0.5,True
held_out_22,train_1156,a2b5d1aa7e3c7e39a3ceb10350c070750f6e511d6196db722bb0e8bbf6ccf919,4,0,5,3,4,6,3,1,7,7,6,2,4,4,11,11,0,22,0.5,True
held_out_22,train_1158,5bf7a257e2487239b78d6d3afeaa7d32c2ebe2f4f2d24c6d96101e0bd4b32001,0,4,2,6,6,6,3,3,7,7,8,4,4,4,11,11,0,22,0.5,True
held_out_22,train_1159,7414f06275ccfbef521cd21cfeed76c83c7e22194a58259e84efd9d16608f744,5,4,4,6,3,2,1,4,7,7,4,6,5,5,11,11,0,22,0.5,True
held_out_22,train_1160,afa5898c29fdf8dbfe029511e05ce09fb8863f11dc1b13abd5716d1c2d64794d,4,3,6,4,1,0,1,3,7,7,6,5,9,10,11,11,0,22,0.5,True
held_out_22,train_1162,5cc258c97dc9267568d8b32038ecf1c671312fb1fcd64555a810db37245c61cf,1,3,4,4,6,6,4,0,7,7,8,6,4,4,11,11,0,22,0.5,True
held_out_22,train_1165,df56550586f9ff0bb8d89cc6be10fbb4e7a4e30c2df35f65a54af0a1b86332c9,2,4,4,2,0,1,6,6,7,7,5,6,7,6,11,11,0,22,0.5,True
held_out_22,train_1166,c397cf78a02454abd7151bcafb35d40ba511853f821e552dc2685725601eaa62,1,6,6,4,3,1,0,5,7,7,7,2,8,7,11,11,0,22,0.5,True
held_out_22,train_1168,8dc2e4748f118970efc0eeaaf5aa9fdab376ab7f27a13f2a1083e1b5483e3342,2,1,5,4,0,1,3,3,7,7,2,3,10,11,11,11,0,22,0.5,True
held_out_22,train_1170,1273325bc6f0eb559d1615ecdb86f3eddfbef0e37b06483700a3d6a895d6d036,5,3,4,6,0,1,4,0,7,7,7,8,9,10,11,11,0,22,0.5,True
held_out_22,train_1171,8b29fd68598565c6ddf0d9b3fe45484bdf0ba200a6e4fbad611acfc12bf34586,5,4,0,1,4,2,4,0,7,7,3,7,5,5,11,11,0,22,0.5,True
held_out_22,train_1172,cf499b5a9474e192e84223e00cbbd4d6f4c7adb4205c43cab140d333a33a225b,2,3,2,6,5,4,0,3,7,7,6,2,5,5,11,11,0,22,0.5,True
held_out_22,train_1174,388f257cb2caeec78fd582a2390e46ab9cd8b7e750fc91c052d79c4b6c86e267,5,2,5,6,0,4,2,6,7,7,7,7,7,7,11,11,0,22,0.5,True
held_out_22,train_1175,785b764f1d84a82aa5994f4fe66ac6f80aa4b368ecaf05d11ec893fef61b5ae9,6,3,2,3,3,0,1,0,7,7,6,8,4,4,11,11,0,22,0.5,True
held_out_22,train_1176,d335a6989c9fabf856175b4d23e90e96374366dcbf0e4dd01f6f1b6aa3f61042,5,5,0,3,5,4,3,6,7,7,1,3,6,6,11,11,0,22,0.5,True
held_out_22,train_1179,2a56712c08d5a8a5684f430338797194e57ac0308cef681ee8609df7a2bd51a6,0,1,1,3,3,6,3,0,7,7,8,4,5,5,11,11,0,22,0.5,True
held_out_22,train_1180,7c00742ac199181f84d79203060a71a97c5ca4e85e64f7e21c7d3debb3aa0569,2,2,2,5,6,5,0,0,7,7,7,4,6,7,11,11,0,22,0.5,True
held_out_22,train_1181,b3ed991a317c901086ddd1224b1a914d6cade0913e0e5050da4a5e7464012bb2,4,1,6,1,0,4,2,6,7,7,7,7,9,9,11,11,0,22,0.5,True
held_out_22,train_1182,94b98943d80c07143deac8f060f11f7933bc5e508ddb0b72256b4336b04add15,5,1,0,4,4,0,5,3,7,7,2,2,8,8,11,11,0,22,0.5,True
held_out_22,train_1183,8ce3beaa141bdc7cbc8ca7e919fef60bfd986d0d3ab6597ff27829d62381a504,4,1,3,5,5,0,6,3,7,7,2,4,11,13,11,11,0,22,0.5,True
held_out_22,train_1184,156032a856ef762d79585e006d9cb9a679c98f579b59fe4a6854da17d58a825e,3,4,6,0,0,3,5,6,7,7,4,4,11,11,11,11,0,22,0.5,True
held_out_22,train_1186,8e83f1884fc478d3b31123f7a87b790e87623edb8d76a85fcd469e6243f44853,5,5,4,1,2,5,0,6,7,7,5,6,10,9,11,11,0,22,0.5,True
held_out_22,train_1190,cdd09e53979741076398f90109fcc725a6436b7e277065a643dc25b4b3aea45f,1,6,4,0,6,5,1,3,7,7,6,3,7,6,11,11,0,22,0.5,True
held_out_22,train_1191,7c848ab6ced2d039880d892f546405ad4bd2eaca7f268d6518cd0776acdc0000,5,2,6,5,0,5,3,2,7,7,8,2,6,6,11,11,0,22,0.5,True
held_out_22,train_1192,d786547656516173dae97f249128fd3c86451eebfd8437aae2ae6c8e68238587,4,4,5,6,5,1,2,2,7,7,4,4,7,7,11,11,0,22,0.5,True
held_out_22,train_1194,afe2ffb4317a674bbd3726c6b678300878af5131562a2c2ef47b4d5f916c064e,2,3,4,1,6,5,0,3,7,7,6,2,6,6,11,11,0,22,0.5,True
held_out_22,train_1195,a3c59abc22662e93b57f3302b7d0bbdecdd7c34b289c32eedcd66f39c57e52c8,3,5,6,1,3,6,1,1,7,7,1,6,8,7,11,11,0,22,0.5,True
held_out_22,train_1198,04261c4937cecc3e5012c146163f208e96ec5cb4538febc10dd92c683b702b48,0,3,3,0,3,6,0,4,7,7,6,1,10,11,11,11,0,22,0.5,True
held_out_22,train_1202,915ec92a7c1a9ad848b414e90b2cc2c2cf706e8cfc946d968674933f48248826,2,2,3,6,0,1,6,2,7,7,3,6,8,7,11,11,0,22,0.5,True
held_out_22,train_1204,d406cf8270fd3f3ecb3e79429700abe4165938fa308cc791432764780f28a2ff,2,4,0,5,4,0,6,5,7,7,6,5,9,8,11,11,0,22,0.5,True
held_out_22,train_1208,ef31d803424106c5626e3c83aa9006c58d8d91c51eed314f3ec564d5b363ec64,1,3,3,2,5,1,0,6,7,7,8,8,7,7,11,11,0,22,0.5,True
held_out_22,train_1211,df08d0f527805d43096ab880a3ac27d71d18faba987fe35d5770989d0134038a,6,1,4,0,3,5,1,4,7,7,7,8,6,7,11,11,0,22,0.5,True
held_out_22,train_1212,41bcdfbbaf79f11c39bf491ca77723ccdb3848113b594b166fb29c82c491b0fe,6,2,5,6,6,1,2,2,7,7,1,4,6,7,11,11,0,22,0.5,True
held_out_22,train_1213,0ade721f5d12375242cfc7c9f31d1b375ba8c162b18b9138257d250db1ddbe5d,3,4,2,6,3,3,0,4,7,7,1,5,4,4,11,11,0,22,0.5,True
held_out_22,train_1216,2c3e4371b6bad3664f542fa292ec4f90dabf6dce12fc70099f68f75a99189b00,4,4,6,2,2,4,1,1,7,7,4,6,6,6,11,11,0,22,0.5,True
held_out_22,train_1218,5551d9eccf0fec8890925e8ac6d2506cf4c99eb55e79fc4aa9d4b9a46fe516f3,2,2,6,4,5,5,6,1,7,7,6,5,6,7,11,11,0,22,0.5,True
held_out_22,train_1220,73e55fffb98479fb4712c88feea293b1fe2823c5613825d57816c7c7de02dcdd,3,5,0,2,2,0,3,3,7,7,6,2,4,4,11,11,0,22,0.5,True
held_out_22,train_1221,686b2905f1dd63cbc041da2a143c7c5a36219d8b2be3c53068f89e306f83d925,2,2,3,0,4,3,6,1,7,7,3,5,4,4,11,11,0,22,0.5,True
held_out_22,train_1224,1e4c92bd0bd94f318ef3cc94cdfb5e45a11125615f0c1dcaa61c08bbfe15b298,4,0,4,4,3,0,1,1,7,7,1,4,7,6,11,11,0,22,0.5,True
held_out_22,train_1225,ed29e364d4a06ad18625a66d1f03e35fdfb478f82a88faf3238951339650d177,1,2,2,0,2,6,4,6,7,7,5,7,12,10,11,11,0,22,0.5,True
held_out_22,train_1226,beaf24d2a91dca9e803593035ffeb724e627f8589089187a274011bbe72697c5,5,5,0,4,4,3,2,2,7,7,3,6,7,8,11,11,0,22,0.5,True
held_out_22,train_1227,3a8837b16299097c19da2580c26efdccd44cfe990e686af38540cc6c236095b3,1,5,4,1,0,6,0,0,7,7,2,6,9,9,11,11,0,22,0.5,True
held_out_22,train_1228,5c1895160b7770a3278eef259b4d6ddc97e3ccd8100e802d1efe8cccf6ffa85c,0,3,6,4,1,5,4,1,7,7,3,6,6,7,11,11,0,22,0.5,True
held_out_22,train_1231,fa31584ac9d069ba6bd945990dbadaa62689095deaef977ea8d5cd4973d64f59,2,2,4,1,4,6,6,6,7,7,6,8,7,7,11,11,0,22,0.5,True
held_out_22,train_1233,56ef1f7b9f02685b25384e9c93c1c82d49cd23069f1c4abfe3dbe723c0d4695c,2,2,4,6,2,3,5,2,7,7,1,3,5,5,11,11,0,22,0.5,True
held_out_22,train_1235,31ca636f38c1593e00af0fb20354a427bd74fc27238f3b0d9e1567b479343a67,4,6,5,3,4,0,6,0,7,7,6,8,4,4,11,11,0,22,0.5,True
held_out_22,train_1237,1f9256c0b8ff383660a88db1729789cd7d3bdf51fd02b53d11e8d1c3cd68da5d,3,2,5,4,0,5,2,6,7,7,6,7,6,7,11,11,0,22,0.5,True
held_out_22,train_1238,42ae1193eb2c01f26a44ccd2c26ceb69634a7422d54a7712e51505b0d3c15896,1,6,2,0,0,2,4,5,7,7,5,8,8,7,11,11,0,22,0.5,True
held_out_22,train_1239,7980118b8599daf375fd8d3d818f31289eb3fa9fb6afaa5c605485139aca212d,2,3,3,5,1,4,6,5,7,7,2,6,5,5,11,11,0,22,0.5,True
held_out_22,train_1242,ce7588c7191ef81bdd023ae1efe14dc6f98c65acefc6ed0487ea60c2d0913129,2,4,5,5,0,2,1,0,7,7,4,5,8,9,11,11,0,22,0.5,True
held_out_22,train_1243,3999c36a6468ad1aa9fb6450bbe362c87c6a952c6c12e705b0930574308dbfd4,1,3,5,0,0,1,3,4,7,7,3,3,6,6,11,11,0,22,0.5,True
held_out_22,train_1244,d5348bb92320af867836f7464a792b912eda0cafb7f3702f701fefdd56140f26,5,4,3,3,0,6,4,0,7,7,7,5,6,6,11,11,0,22,0.5,True
held_out_22,train_1245,e9fc9014916f09bc2df4b0ebbb0bba6cad90e7a9ed2d8e09775377e8f9e445f5,4,4,0,3,4,2,2,0,7,7,2,6,5,5,11,11,0,22,0.5,True
held_out_22,train_1246,e84f2ad0cfe8eed4c9419c89220ceeae8a50d0d39db22b0d52362e7d2432562b,6,1,2,4,2,0,6,4,7,7,7,5,4,4,11,11,0,22,0.5,True
held_out_22,train_1247,3e6ee94737ab71bea7d5b7c51373cdb4c034a67d9241275c952113d57e8aa069,2,3,0,3,6,2,3,4,7,7,5,2,9,8,11,11,0,22,0.5,True
held_out_22,train_1249,3cd8e68db4743fb0b938fac07d88daf8f22799c6015fb2eb2662a09cd8811f90,2,1,6,3,3,3,0,2,7,7,3,3,9,9,11,11,0,22,0.5,True
held_out_22,train_1252,cbf6797e75749383a7712986e6b10bf85ee1d4f6e551676469bccc0f8b7f7f4c,6,1,2,5,5,3,2,1,7,7,3,6,7,6,11,11,0,22,0.5,True
held_out_22,train_1253,18bd38785c78c56208eb4596606424905f48eb589147d12647e33634538c540b,1,4,4,3,1,2,5,6,7,7,2,6,4,4,11,11,0,22,0.5,True
held_out_22,train_1254,9ce8341c56c912d6b4b9561916c989f81f49fe57e0725a3741527914164bfce9,4,5,5,0,4,6,0,3,7,7,1,6,9,8,11,11,0,22,0.5,True
held_out_22,train_1262,367ca3a6b91a4123a727da10006f992de5ced40c0201c5b9260b4b87bdd4faf3,1,3,3,5,0,1,6,2,7,7,3,6,7,6,11,11,0,22,0.5,True
held_out_22,train_1263,04a0b2c424e3c1e1dd519f617851e1313dcde9b1b0ee1c50331d36ae94beede5,2,3,4,6,1,2,3,1,7,7,2,3,11,12,11,11,0,22,0.5,True
held_out_22,train_1265,b78fc353e5f94e7b2b55e8363cc79e5724bae7db8ca0eddb38ebede351822f16,2,3,4,6,6,1,3,1,7,7,6,5,7,6,11,11,0,22,0.5,True
held_out_22,train_1266,a501e0ebf1d7fb88ac1b8dbf880aa99099d36053452ff5aff97c66f5a7471757,1,4,6,5,0,6,2,2,7,7,3,3,7,7,11,11,0,22,0.5,True
held_out_22,train_1268,71bfcd17c4512659ef2b7d54b7cc2a23d43da5e1a7c9642e1e418d6d686c0477,1,6,6,1,6,5,1,3,7,7,6,5,6,7,11,11,0,22,0.5,True
held_out_22,train_1270,0e6d88eb7a74287ecb6889afdd189c8f60df4d431155ab3669778cc2b7c22223,6,6,2,2,0,5,4,5,7,7,7,3,5,5,11,11,0,22,0.5,True
held_out_22,train_1271,45546c22766d38ce468461414a82430ad71caf8533d1dff4f04d61759513648a,1,1,0,3,4,4,5,2,7,7,6,5,9,8,11,11,0,22,0.5,True
held_out_22,train_1275,c075b0a23dc4e560a0f0a98887f41205d11b06df3b88c93c4f8bd78497858f8f,3,4,6,0,2,0,6,4,7,7,5,3,6,6,11,11,0,22,0.5,True
held_out_22,train_1276,fa55f4a869ec83c54a01da6ff9690b8173693f95411858b392edae068bcb7d3a,5,1,6,4,2,5,3,2,7,7,7,3,5,5,11,11,0,22,0.5,True
held_out_22,train_1278,1737e6a43d74cb75d646994cb75282d062237d9c6948cb1a5ce597ec95c4c749,2,2,6,1,5,5,3,3,7,7,8,2,5,5,11,11,0,22,0.5,True
held_out_22,train_1279,3685f2bc0ce0a31cbb79951b529312ec0c9215e05113df7c8d08b85d05cc845e,3,3,5,3,2,2,6,6,7,7,2,8,4,4,11,11,0,22,0.5,True
held_out_22,train_1281,b2104a4f7c7a28cfdb7c2d03ad79c83831f66f9bdb1b7c5cb00c59983870df89,3,6,0,2,4,5,3,1,7,7,2,7,7,6,11,11,0,22,0.5,True
held_out_22,train_1283,350d5b2f547077fb8e921bf6d87e70fe2508fc329816052866a0bfd9880482ea,5,2,0,3,5,1,3,0,7,7,1,4,7,6,11,11,0,22,0.5,True
held_out_22,train_1284,6a9e853b6e7bba7c7311200c2b9392d1f89c5e58b273ca44dacda1ed84592ba9,5,0,0,3,3,4,5,3,7,7,6,3,8,9,11,11,0,22,0.5,True
held_out_22,train_1285,f38c4abef7dd0124beb4b1e86fbd4c2e6f698bfb8a8d6e4c4c8090a7f1205d99,3,3,2,6,0,2,6,4,7,7,4,4,6,6,11,11,0,22,0.5,True
held_out_22,train_1287,6597d7ac884bafc7da8dfe154d55c29759c4dbac0b8f3a611618ed29b4d4bfa7,3,1,2,5,2,2,1,0,7,7,2,3,9,8,11,11,0,22,0.5,True
held_out_22,train_1289,2e5f2e478e9aeb9caeeaf02be9ec0800a034012ff134ed6ef1fc96c4d3ea28b4,4,2,5,6,1,4,3,1,7,7,5,2,6,7,11,11,0,22,0.5,True
held_out_22,train_1290,cad3c9530d8ad9b8b5efcc579aadcc09ec06ae872b51d829573964149058fa56,3,1,6,2,3,0,2,3,7,7,1,5,5,5,11,11,0,22,0.5,True
held_out_22,train_1295,0659ca19692901725d20ddba3ae5f477247b58621db11d2b523e73536cf16f1d,3,0,2,3,4,0,6,2,7,7,1,5,5,5,11,11,0,22,0.5,True
held_out_22,train_1296,0bb401849ef2b0eaa2c4c302fd60a18dd16bdd8f6b2c287260aef2dd34009bbf,4,0,1,6,1,0,0,2,7,7,3,6,8,7,11,11,0,22,0.5,True
held_out_22,train_1297,b163a67071a93900efa9fabedfd42d06039e59da57a3bad30bb3936fd7084a1f,1,3,5,1,0,3,2,6,7,7,1,4,7,8,11,11,0,22,0.5,True
held_out_22,train_1299,9dbbfb3f6e27c4c4d60310a0d13df0a9f618cc20ec5fd1d3bdb7759338980b43,1,0,2,3,0,1,0,5,7,7,2,6,4,4,11,11,0,22,0.5,True
held_out_22,train_1302,3ddf39e1f7b4daac4e765e9b8b889d1934a1bfa54d2947c02aae404559c017a3,4,5,6,4,2,4,3,0,7,7,5,6,8,7,11,11,0,22,0.5,True
held_out_22,train_1304,9b8722fa34cbc14d837a51786922642ca6281f519fa40ce553b75833374432c1,1,5,5,3,0,2,2,1,7,7,4,5,8,7,11,11,0,22,0.5,True
held_out_22,train_1306,2ff1b72849dc386fde8cf80f730af8034667eecd773c4b97f9b0d6dd61ae82fe,1,1,1,5,4,0,2,2,7,7,4,2,8,8,11,11,0,22,0.5,True
held_out_22,train_1307,7a257c9a0643cc572e59fc4077fd04556a6935105a0798e078e16ae4473587f6,4,1,2,6,6,5,4,2,7,7,6,1,7,6,11,11,0,22,0.5,True
held_out_22,train_1310,6a02036be20064a63450137807e5c00d0a8eabbadb05fec7c6b7306dc1552c46,3,6,5,2,0,2,4,6,7,7,7,1,9,9,11,11,0,22,0.5,True
held_out_22,train_1312,75d4c9189dc2cd9244cec50a00df16027edf107e97c8fade5cb47e7bf33bdcc1,1,4,5,4,1,3,3,4,7,7,1,2,7,6,11,11,0,22,0.5,True
held_out_22,train_1313,1b0005b1ed202bfd76c2126923097f4ef8b78af99cf22a14b9270cca22edf5a3,6,6,3,0,6,5,3,5,7,7,1,4,8,7,11,11,0,22,0.5,True
held_out_22,train_1315,4576f44ef02bcb2f9a317389f4d7bfd038b0080c5f648bebf532a9bd7f372193,5,1,5,3,3,2,2,0,7,7,3,4,7,8,11,11,0,22,0.5,True
held_out_22,train_1316,033d122e6371f4a598425f551f3b6f78a583590e86f1ccd2a6adf6f0879b4f6a,1,3,6,1,0,0,1,6,7,7,4,3,11,10,11,11,0,22,0.5,True
held_out_22,train_1319,b84fccf72e247ef32a5eec4acc360acefb64c859b0730cfd0de224629770beb5,1,1,4,3,0,1,5,0,7,7,1,5,6,6,11,11,0,22,0.5,True
held_out_22,train_1320,6b6ae63d5b9f8a94273f83f94ea6bb2575da4262d5053ef448beb7f63a64819e,1,0,2,6,1,2,5,4,7,7,2,8,5,5,11,11,0,22,0.5,True
held_out_22,train_1322,a8b7623bf8f15cdbe0cdb084bfe47b925831401a05c78a2a65ce16b04bbfd0e6,5,0,4,4,3,3,2,0,7,7,5,3,10,10,11,11,0,22,0.5,True
held_out_22,train_1323,f6a9941da76ac0918498f23e8fe8a37bea4adcb3879e8d71b82d62e769318384,3,2,5,1,1,2,1,5,7,7,4,5,7,8,11,11,0,22,0.5,True
held_out_22,train_1324,ed60d72c97d83888f6d9a9106bb5179ecf13854519b69b68912742c70041b5e4,4,4,1,4,4,2,3,0,7,7,2,5,7,6,11,11,0,22,0.5,True
held_out_22,train_1327,963a477e1ea68f46801f483958476e4ca458e651b14077a494599a36c60ce8fc,5,3,6,6,3,2,5,0,7,7,3,5,7,7,11,11,0,22,0.5,True
held_out_22,train_1328,a060114db9115cb1e65621e2ce36d38faf0467b5bd7ead96c732680b41afc280,1,4,5,6,1,5,2,0,7,7,1,5,11,11,11,11,0,22,0.5,True
held_out_22,train_1331,e5078864324e01f48d6c1add9ac6870cf22de9aa7e1f00b6455c20f1e0f8cc28,4,2,2,6,5,3,0,2,7,7,2,6,6,6,11,11,0,22,0.5,True
held_out_22,train_1332,2fbe33d15217ac949e0b83e05a448a5afd16195657faa8b4056015d83b598c60,2,1,5,0,0,0,0,4,7,7,3,5,9,9,11,11,0,22,0.5,True
held_out_22,train_1338,e336ed4a22aad81d07f22b82a2c0e33be7ce0f48eae1475044bf7fda26e1bb8a,4,5,6,2,3,5,2,3,7,7,1,4,8,7,11,11,0,22,0.5,True
held_out_22,train_1340,880a3e4134f19845947cdce7ae81716f1373723d597d6feb1eb2685d81bcfd70,3,5,6,2,0,0,3,1,7,7,8,6,14,12,11,11,0,22,0.5,True
held_out_22,train_1341,ad3b55e6e9a3575878048762912b2b27e98ab5e51f7f2520acf72c8836704cf2,1,2,3,1,6,0,5,3,7,7,7,5,4,4,11,11,0,22,0.5,True
held_out_22,train_1344,f6131315e0fc9b2a8b54abea6dff3c5d3d20f8846f286481fc7d1b330856cc57,4,2,5,4,1,6,1,2,7,7,7,3,6,6,11,11,0,22,0.5,True
held_out_22,train_1345,11409ef9ee99dc93f29ad10b9d7b1cca952cfa1f0db0b56744b40015a543b203,5,0,0,5,6,3,4,2,7,7,8,3,8,7,11,11,0,22,0.5,True
held_out_22,train_1347,ece10a426d276e12b6c772e5adb32fcd95764fbb60cf106b74312c0ba65db7a6,2,0,2,6,6,4,4,2,7,7,8,4,6,6,11,11,0,22,0.5,True
held_out_22,train_1348,6b6220a64a69acaeac7729b797d203cbba6a8908410e9f812ed714483442b53a,6,3,0,3,6,2,6,0,7,7,1,5,9,9,11,11,0,22,0.5,True
held_out_22,train_1349,5691c204da513ac4014d6ea75449793fc879bca2814e0ded8de815d500755dd2,3,3,5,6,2,2,4,1,7,7,2,3,7,6,11,11,0,22,0.5,True
held_out_22,train_1350,977233134b41bbe57a40433ad06bdf56d0042d0576b2313f9bef5ab164f3f912,1,4,0,1,2,4,4,1,7,7,1,6,7,6,11,11,0,22,0.5,True
held_out_22,train_1351,93cdf8f0fdee7af6fea09e55b599f07180a64068d368317133f19ccd20948df4,0,3,6,2,1,5,3,6,7,7,3,6,8,9,11,11,0,22,0.5,True
held_out_22,train_1353,2527f513f7a7a52ed77f0ab5ead97ccbeb39fb9e0b4819f705ad0aa8c3f8e2c6,1,4,5,6,1,3,4,0,7,7,1,7,7,7,11,11,0,22,0.5,True
held_out_22,train_1354,16d0a9527bdbfb013505fe9a38a6bacf6661bef0359c71e508c8ed8fc07e342d,6,2,2,1,4,3,1,4,7,7,3,7,4,4,11,11,0,22,0.5,True
held_out_22,train_1355,002d3d9199d099f671840cef927db3e377283728a829c586f8400c77248500ef,6,6,3,0,6,4,4,5,7,7,2,3,11,10,11,11,0,22,0.5,True
held_out_22,train_1356,67e552319af2bca9976c678820cb54975517d88424054555819c84fb2a304f3e,5,6,0,4,6,2,4,1,7,7,5,8,8,7,11,11,0,22,0.5,True
held_out_22,train_1358,4f0de1dddf64939af11a99c66f85b492a568eebdbedb2ee99b5f64ac14ded8bd,5,5,0,4,6,6,5,1,7,7,2,6,10,12,11,11,0,22,0.5,True
held_out_22,train_1359,0a497057a48d8730ef642ca47784b35d06b11fc3009f16dc989d455aa6e8db51,5,3,4,1,5,4,1,2,7,7,1,7,4,4,11,11,0,22,0.5,True
held_out_22,train_1361,e9e98862684535445a9adf2d99356f9ecc18b6821d94cd5c344ae57385e14845,4,4,1,6,1,2,4,5,7,7,5,1,4,4,11,11,0,22,0.5,True
held_out_22,train_1362,6af1fef5d8ec54089df70513707dbcfc580b0c361ab567e1526adb5fac5c9225,3,3,5,5,3,1,6,0,7,7,2,6,6,6,11,11,0,22,0.5,True
held_out_22,train_1363,dab4e3e4d0d95d2762bedceb7e71ebe672b0176e04ed3f27276abe2cf83dedd6,4,0,5,4,0,4,1,2,7,7,8,5,7,6,11,11,0,22,0.5,True
held_out_22,train_1366,bb4257cfe4b65af69fc96dac9e5a77efd3c15e5b3a65a3ccd82c5640204adb49,4,4,5,2,2,3,4,5,7,7,3,1,4,4,11,11,0,22,0.5,True
held_out_22,train_1371,9ed009cde78d8700d965d6dc72854863621689ff3f023057821a8061bafe4708,1,5,0,0,0,5,5,6,7,7,1,5,13,11,11,11,0,22,0.5,True
held_out_22,train_1372,d08bf968f9e65f7c9b1386ef3e5f3c3f35ee150201180390bba7b10758022713,6,5,4,6,2,2,0,3,7,7,7,8,6,7,11,11,0,22,0.5,True
held_out_22,train_1374,8686469d7b97cef00f3ab58350e3f0c85c76724b986ce961ed387d17024344c2,2,3,4,0,3,6,6,4,7,7,4,5,7,6,11,11,0,22,0.5,True
held_out_22,train_1376,b7466d24c76dc45f8775172e296895ba333f304d30f73f9f7f2d303c54f1b63a,2,5,6,4,0,5,1,0,7,7,4,6,9,9,11,11,0,22,0.5,True
held_out_22,train_1377,92bfdcce25ccbfe3360b6d2d5fa4a22efd3c5d839513e600f03c6aad4d1f70b1,2,3,1,6,6,4,2,0,7,7,7,3,7,7,11,11,0,22,0.5,True
held_out_22,train_1379,2bad5b422ac4f802aea4891606a1752dde400d0b971ee4d3a4af40e4ac9661b3,4,0,6,6,6,2,1,3,7,7,6,6,8,8,11,11,0,22,0.5,True
held_out_22,train_1380,51c149c6a67fc6ef1f83ecce9096dbf8ea79f0661e1d74b79a00de0273359783,5,5,6,3,1,4,1,1,7,7,5,8,6,7,11,11,0,22,0.5,True
held_out_22,train_1383,cfcd97f7b28004430bf637f0a1580016f9a648f605306a574a124c1e3169f3e2,4,1,3,6,0,3,6,6,7,7,8,7,6,7,11,11,0,22,0.5,True
held_out_22,train_1384,66c695e12a16361803fac59c87b55159d9968c8b006bd0a22ba058916ca0111c,3,1,1,2,2,6,5,6,7,7,6,7,7,8,11,11,0,22,0.5,True
held_out_22,train_1386,8b6421bd81236f25b694a594ce37302f2e49721394f4a4bca48dc512ad40a18c,5,5,3,5,6,1,0,2,7,7,5,8,7,6,11,11,0,22,0.5,True
held_out_22,train_1387,5ca93a6bdb1ea42f53faea6f35ed95d8dff1e0844b18b510d5d424c4d31275d6,0,2,4,1,5,5,3,4,7,7,8,5,9,10,11,11,0,22,0.5,True
held_out_22,train_1388,ac13e2cba3cd04331dc478c185a1dd7c89be8266b8de591a3842ba2856450a35,6,4,0,0,6,3,2,6,7,7,1,6,9,8,11,11,0,22,0.5,True
held_out_22,train_1389,760dbeb4dad7048590823052312e390cea5d6319010a8b4f2d2cadb51eaa2642,5,5,2,6,2,1,5,2,7,7,7,3,7,7,11,11,0,22,0.5,True
held_out_22,train_1392,36d202c25aad4ea11c08c0ee0af054a8dde4b87bc33dfb451c49933d93bb3a4a,4,4,0,6,5,1,0,2,7,7,4,8,10,10,11,11,0,22,0.5,True
held_out_22,train_1394,72c283655e578673e571bb6e7940b0dc81c07d7647a7babf74a9fe1ec3ece42c,3,4,0,2,6,1,4,6,7,7,6,3,7,8,11,11,0,22,0.5,True
held_out_22,train_1395,6a5f9bc9817fccf7f78f8045685ce8d9f00aa1958ea88b548e94592143792eee,2,2,4,0,3,5,6,5,7,7,4,7,8,7,11,11,0,22,0.5,True
held_out_22,train_1396,ebaef807837d10aa20fe1328802167cabea3fcf312d61fccf96559ebfafe6f3c,1,6,4,1,0,0,3,5,7,7,7,3,5,5,11,11,0,22,0.5,True
held_out_22,train_1397,877e372fd20b65de719526b717b85e674a3a7c9b2c52b49d43d136beb7a0ee43,6,2,0,6,6,6,3,2,7,7,8,5,8,7,11,11,0,22,0.5,True
held_out_22,train_1401,42eefc3146dfec93c7a7c8d512a55f64371067f4a677abc807af80d6f3a387ab,4,5,6,4,3,1,5,0,7,7,5,6,6,7,11,11,0,22,0.5,True
held_out_22,train_1403,0e5d5b59f03fae113a1851dd8b70ff1787d8b6121f63d4d3ef17665eaee29b62,1,1,2,6,6,1,2,0,7,7,7,2,9,8,11,11,0,22,0.5,True
held_out_22,train_1404,f8b8a754064d74d79fb6c43343fc9602e00a04bdf5ebd6d855f26c6a08f5aeee,2,0,1,2,6,1,5,5,7,7,5,8,6,7,11,11,0,22,0.5,True
held_out_22,train_1405,4eb7a5f7951bdbd60d20274506e3ad7ee5f30f5558720d58cf4701ba64b4067b,0,5,6,5,0,3,1,5,7,7,4,1,8,7,11,11,0,22,0.5,True
held_out_22,train_1406,4f685165cec8595da968fb56aa1117f63278689fe92ef1e6eaa370f2dc41d3fd,2,3,6,0,3,2,0,2,7,7,2,3,7,8,11,11,0,22,0.5,True
held_out_22,train_1408,d4c5de842d0f91d6a1d4c1a4a363837d14678142467c7a222348a5f733d41aa6,0,0,2,1,4,1,2,5,7,7,7,7,4,4,11,11,0,22,0.5,True
held_out_22,train_1409,5869a6e710549d1eff86e8f82e14b31408b2e3d87054411eea3273372a82d051,4,6,0,5,6,5,4,2,7,7,3,6,6,7,11,11,0,22,0.5,True
held_out_22,train_1410,693cd65629e3e7f22e8d8a72b2158334292459a76bdb55f7409c6af4f2e706e7,6,1,5,3,5,1,3,5,7,7,1,7,4,4,11,11,0,22,0.5,True
held_out_22,train_1411,1c959de323eb50d1efa5a69374d9d22e53f473460061295e9976f5885c90e473,2,0,0,6,3,0,5,5,7,7,1,8,9,10,11,11,0,22,0.5,True
held_out_22,train_1412,3a4f9fd5daf189383cd1b8bc32260967d40dc21eff15e1f4b861ed5b4ae12e15,5,2,6,0,0,3,2,4,7,7,8,7,9,8,11,11,0,22,0.5,True
held_out_22,train_1414,4bff7b1b2ccaef3cd7b9dafa473ff1c2f91988b9316108bec8c520853d34a8c2,0,1,0,6,6,2,3,0,7,7,7,6,10,9,11,11,0,22,0.5,True
held_out_22,train_1416,dbeaee096c834dd2541954bc4c19e02e907a46ffa40982b0aed287d18805af78,0,3,6,3,0,4,0,1,7,7,1,4,9,8,11,11,0,22,0.5,True
held_out_22,train_1417,68792ee9874bb56e935bb71a3765b797ba1e278636c4d4adcd75054125cc6498,1,2,4,1,0,4,1,6,7,7,3,4,7,8,11,11,0,22,0.5,True
held_out_22,train_1421,e06a2c1528620814806ecbedaa3ad4027786e68b445718543a1c49b4f68e30b2,5,5,6,0,6,5,2,2,7,7,1,6,7,6,11,11,0,22,0.5,True
held_out_22,train_1422,0208edcc01273697d5ee551f003ca6689a6d87574f7b2e52fe0392d6621ed5fd,6,4,4,0,0,2,5,4,7,7,8,1,6,7,11,11,0,22,0.5,True
held_out_22,train_1427,4d65b75e28c23230127c745ca4a35ab3dc3fb6722ee2e31439e85f3e90270b44,4,4,1,6,6,3,1,0,7,7,3,7,8,8,11,11,0,22,0.5,True
held_out_22,train_1428,d895dc9f643434ff7bc7f348892b20087e55fdb61a2137a983db4088efc2cdff,2,5,1,3,6,3,3,0,7,7,6,6,5,5,11,11,0,22,0.5,True
held_out_22,train_1429,168707f736b9720344bf1c27a803be383c2f4af0e0816ec0a8fa84f20dbfdd2c,1,4,5,2,3,6,1,5,7,7,4,1,6,7,11,11,0,22,0.5,True
held_out_22,train_1430,76379b2428a64b3002c948b9c2e5267b7ee13a1edf8b7c380bdc725f3f9a274d,5,6,6,3,2,3,6,1,7,7,6,8,4,4,11,11,0,22,0.5,True
held_out_22,train_1431,bae22d6be1c2347dfa652028053a50eb00c133811a568604b2376b9642b14764,0,3,3,3,0,5,6,3,7,7,2,8,5,5,11,11,0,22,0.5,True
held_out_22,train_1432,a923fdcb4b29f49bb1c3b0bc0caa6ba1f7722a1a6a426cf861aaa4f92255f8e7,3,4,4,6,0,2,2,1,7,7,7,8,8,9,11,11,0,22,0.5,True
held_out_22,train_1434,b4151898254041235c9ba129adbc8d552f6222466c89da95b3cdd2754651ae07,4,4,1,0,3,3,1,4,7,7,2,3,7,6,11,11,0,22,0.5,True
held_out_22,train_1435,293d791293a38170d32c16db666d527673e83e1feb6186e599db0b54fc7c90ae,6,4,4,6,6,1,0,2,7,7,5,8,7,8,11,11,0,22,0.5,True
held_out_22,train_1437,93744818aab632533f4b799b4638d4ec9d90f50cce2f0b25df5732b153b52850,2,0,5,1,3,5,1,6,7,7,6,7,8,9,11,11,0,22,0.5,True
held_out_22,train_1439,129faa8f40c626f6ec1c4a66005bfd67c6e61bb7f9fe8361b91757320382e0f7,6,0,0,5,2,1,5,4,7,7,5,5,6,6,11,11,0,22,0.5,True
held_out_22,train_1444,596398343ad625546be9ba188a1814ec9808cf1f6597daa65486787b2c27f450,1,1,3,3,6,4,2,6,7,7,8,6,4,4,11,11,0,22,0.5,True
held_out_22,train_1445,b672a19d8f4bdfbcd4ee1bcce42f4fe4aa96b1a8e4fe1e09d59dbdf458c66da6,4,2,6,5,0,6,0,0,7,7,8,6,13,11,11,11,0,22,0.5,True
held_out_22,train_1446,774d1b1b998db330f57514b39c4e07f5071a987d84226e2e2409fdec2f3c1638,0,2,2,6,6,2,2,0,7,7,8,6,8,8,11,11,0,22,0.5,True
held_out_22,train_1447,e4ad20d3add8e55619d4be492a3f896dc8af03aeb23f92de7d12c6971f474d19,0,3,2,1,4,5,1,6,7,7,6,4,6,6,11,11,0,22,0.5,True
held_out_22,train_1448,450453dd97e7f714b5091c6d89d4506fb0996337cf4b8febf88913930e173c80,3,2,3,6,0,5,6,5,7,7,6,8,4,4,11,11,0,22,0.5,True
held_out_22,train_1451,ae96db546ce44869d0f2d1996e811dfd80303a201220fa66279f4f0810a8d65c,4,1,5,5,3,2,1,6,7,7,2,8,5,5,11,11,0,22,0.5,True
held_out_22,train_1452,b1a59bc13507dcb84487785fdab02930de9a65b12c2d3a7586f8343b343b2648,5,3,2,3,1,0,6,0,7,7,7,4,6,7,11,11,0,22,0.5,True
held_out_22,train_1453,2c42554a50185039c74c4f810b109067470b2ca2e7df3ed61935b4522f61bf4b,3,6,5,4,2,6,2,2,7,7,1,5,5,5,11,11,0,22,0.5,True
held_out_22,train_1454,dd83d04109705ccf63812aec9e0be57000e4e18ae91b21021c26ca80c4fe4cab,4,3,1,5,3,3,0,0,7,7,1,7,6,6,11,11,0,22,0.5,True
held_out_22,train_1455,0a0e929e94fa9783aa4d960fa600438b09c422543b67f8253e00f2b66fce333d,3,1,0,5,1,3,6,5,7,7,4,7,7,8,11,11,0,22,0.5,True
held_out_22,train_1457,2e3a1e2508af02bbb8e1a2426c39e546fd977d97f1a97ea5b55636b6c5761b49,6,2,0,5,6,6,5,3,7,7,8,2,7,7,11,11,0,22,0.5,True
held_out_22,train_1458,ef4ddd78d983eac3d01312ccd9f0abde3c9788ab16d0218b9a3b16824671c046,2,5,5,6,2,1,5,1,7,7,8,7,10,9,11,11,0,22,0.5,True
held_out_22,train_1462,f7d19ade18f1a3d498b22640181963c5e4b79c67e987a3789419cebe9a460238,3,1,6,6,6,2,0,0,7,7,6,4,10,12,11,11,0,22,0.5,True
held_out_22,train_1463,fc4ab1739f4e08b35d0ae2d2d19f86ac1ec70771195b74d77af05f031c846640,1,6,4,0,6,5,0,2,7,7,6,5,7,6,11,11,0,22,0.5,True
held_out_22,train_1464,162fa54748764e208dcdeae6f48fc17f73255618e70947606a163602056f7cad,0,4,1,0,0,3,4,5,7,7,1,7,12,14,11,11,0,22,0.5,True
held_out_22,train_1465,44bf805cda3d823775d34215780dac7891220852c0fd98134864217dd5c45f48,2,3,4,3,6,0,1,3,7,7,7,1,5,5,11,11,0,22,0.5,True
held_out_22,train_1468,f09ea17fb39371780e82e294cd560391c54881fd220b6d423ff3a3f3babc1c9d,4,0,5,4,3,1,0,4,7,7,2,8,5,5,11,11,0,22,0.5,True
held_out_22,train_1469,e20b2b9c808f4c0811b364b2a167c4d507dd6452b3f165d497ba5a6782be92e7,2,5,5,6,1,4,6,1,7,7,2,8,6,6,11,11,0,22,0.5,True
held_out_22,train_1471,3ee02516ee7ee1d3c00ae5a82ad79958d0ac4feeac50cf1c45e9913bfc16990c,0,0,3,5,5,3,1,3,7,7,8,4,4,4,11,11,0,22,0.5,True
held_out_22,train_1472,e25289e1285a18776534429c320f0f3b643b298ec8ab63782e40972008d0cb90,3,5,1,3,5,3,6,1,7,7,4,7,8,7,11,11,0,22,0.5,True
held_out_22,train_1476,6416112f57d9401f1a86b419528dee30d88e7bc4e261cb2a41453d1d435cd9b5,5,4,6,1,1,4,0,1,7,7,4,8,8,8,11,11,0,22,0.5,True
held_out_22,train_1478,e582a695105b74a95ed5406f1ed25d5f630003777735bf6c81682a7191d5ba5a,2,2,6,4,2,5,1,2,7,7,3,1,7,7,11,11,0,22,0.5,True
held_out_22,train_1479,754b70a615fb284b4e0bf5bbf39860229f34bc9c4400ba5512e4fc182cac28a9,4,5,2,2,2,0,3,5,7,7,7,1,4,4,11,11,0,22,0.5,True
held_out_22,train_1481,ec63556ec3d279bc89e06be03968464dcfc40a6f4f0890d896d0ed20cede36f4,1,3,5,6,3,0,0,2,7,7,5,2,8,9,11,11,0,22,0.5,True
held_out_22,train_1483,8d6ed43656c1e42c38c42f8d730bbc61c6deedd51a41d27b2e97bb8d1ae27f60,0,5,0,0,3,1,2,4,7,7,7,3,6,6,11,11,0,22,0.5,True
held_out_22,train_1487,b101a19bae39bfbd1222fbd8eb9cb349a2abdb6b488ea9dab5ea25a6d4aabd92,4,0,3,6,0,2,1,0,7,7,6,7,7,8,11,11,0,22,0.5,True
held_out_22,train_1490,5f425d727d7b158b7a78c84941c0afd1979b81fbe909c33c3ff348eabe1a2741,2,2,0,0,0,5,4,0,7,7,5,4,7,6,11,11,0,22,0.5,True
held_out_22,train_1491,a3dce700a374a9adc58f27008dc9e963027fc116e22b8d6b10c4f6c463701839,3,1,5,3,0,0,2,1,7,7,4,1,10,9,11,11,0,22,0.5,True
held_out_22,train_1492,b9cea9027809f98958dc5d9da3e83a896e5328724dddb8c46ce590ffef44a45e,0,0,3,5,1,1,5,0,7,7,2,7,6,7,11,11,0,22,0.5,True
held_out_22,train_1495,9a61fa87afa9b4bb383a5e429dab21005c730b5003cc35687bbf932e457ebb44,1,4,5,2,2,0,1,3,7,7,5,1,5,5,11,11,0,22,0.5,True
held_out_22,train_1496,d333c1295929501e0bf0692cce24522e3b0d3688d787fde70619462a746b53fc,0,3,5,2,1,3,3,6,7,7,1,8,7,6,11,11,0,22,0.5,True
held_out_22,train_1497,c4604b3504e266f18e69be947a18975665fd35d73142ec058102cd18b6a32991,3,0,3,6,5,2,3,4,7,7,4,8,6,6,11,11,0,22,0.5,True
held_out_22,train_1498,7259a5f01858aa478b256844c1d2055c43dd26ed78bc775011604d5c06fb7853,3,2,5,6,3,1,0,6,7,7,1,7,7,7,11,11,0,22,0.5,True
held_out_22,train_1499,1b64eb7019585d6da020c4b402855dda55ffddb04bd5fef5f384f815083b0c1e,5,4,1,2,3,5,5,3,7,7,3,1,5,5,11,11,0,22,0.5,True
held_out_22,train_1502,e839ed05e30a043ca369e0969cff7b2d62a81e4cda087a1537d7a7b273103563,5,3,3,5,2,1,6,0,7,7,5,4,7,8,11,11,0,22,0.5,True
held_out_22,train_1504,92ba842c734710f3fbc819885a3abd0e0caa3f8e064a1c7a67051e7b4f0e692f,1,2,6,2,2,6,0,3,7,7,5,2,10,9,11,11,0,22,0.5,True
held_out_22,train_1505,d950984b6e9a629e4c9878419e06618b5b686467b9c15f2be0418bb0e44cce55,5,4,5,0,3,4,1,2,7,7,2,6,6,6,11,11,0,22,0.5,True
held_out_22,train_1506,53032b9b373af6ce899891cf0a018c648b106bee583b3fd075a2da0a7b9dbed7,1,6,4,0,3,6,6,4,7,7,2,7,7,6,11,11,0,22,0.5,True
held_out_22,train_1508,2ae6d43ff5f265cc368ba71c01bb9d9049c5cdacda13ce0aa867250152c3cd1a,1,1,5,6,5,1,1,5,7,7,6,8,5,5,11,11,0,22,0.5,True
held_out_22,train_1509,bf65c7c9f951a1fda348390e5de23cfd14d8b10f65ebdd8f5fafc26c24067e1d,3,5,1,6,0,1,5,6,7,7,7,3,6,6,11,11,0,22,0.5,True
held_out_22,train_1511,d50366de05b8b3404f720672523a558e9f831d5b03ff7eab720af6410dc1d873,2,1,4,0,2,2,6,2,7,7,1,5,4,4,11,11,0,22,0.5,True
held_out_22,train_1512,f1cce015e250935494ff67e77db47205a8905870d99a70de45be38ed78013c93,0,5,3,1,0,3,3,4,7,7,2,4,5,5,11,11,0,22,0.5,True
held_out_22,train_1514,c9bfd3bfa05153b3c3580873e1098c94472b6d3dfa7eb593b200d87dc0296afc,2,3,0,0,6,0,2,2,7,7,7,1,6,6,11,11,0,22,0.5,True
held_out_22,train_1517,14767e87002097ccf8824d3b13da19976a129e6773fa9f4fe781708cb73ce46f,0,6,1,0,3,6,6,4,7,7,5,8,8,9,11,11,0,22,0.5,True
held_out_22,train_1518,cef9de5cc26173e6330fd0b55e9ddd91e89cc5acc07600281e972f78d1cc99a6,0,4,6,1,1,3,4,4,7,7,2,4,7,7,11,11,0,22,0.5,True
held_out_22,train_1520,1259b1e3994f04277b91cfaaae20213c3f654d518b4ab50d5f5a234a97b80644,3,4,0,6,4,2,5,4,7,7,3,2,8,7,11,11,0,22,0.5,True
held_out_22,train_1521,ec8e4afa6a0b5a53c46fcf7b6c600e8cf50a0ef12a5f15efab03d26b1d0bf266,4,3,2,1,2,6,0,5,7,7,5,6,7,6,11,11,0,22,0.5,True
held_out_22,train_1522,e8ba192e35ad8619f83c2b92eec85eb0b8204b5f7b5b1e08a66a815be2a6c1c4,3,0,3,5,1,3,5,3,7,7,5,5,4,4,11,11,0,22,0.5,True
held_out_22,train_1523,adb11b30bd652fa7bc0e578babaf6355c2e79b980bb18f8276b8b698f02cd949,0,4,0,0,3,5,1,6,7,7,4,3,8,7,11,11,0,22,0.5,True
held_out_22,train_1525,83a0ed29809fba3f7b9a907640e9e4caef36ccc9e2d5de6792d9d63cfc1055dc,3,0,0,5,1,0,5,5,7,7,2,7,8,9,11,11,0,22,0.5,True
held_out_22,train_1528,694d89eed9f7430231d29f89226ce2a249667f21e97f7937767632f3cb3ae8a6,5,5,5,1,2,2,1,6,7,7,8,7,10,9,11,11,0,22,0.5,True
held_out_22,train_1530,db15923b05539a7b9d890a2a8d68c9857667a82808a71cf9a3be047be1018747,3,3,4,0,0,1,1,5,7,7,5,4,7,8,11,11,0,22,0.5,True
held_out_22,train_1531,1e391e83e07e5521f2b7e5897655d161750e6b993952befef66e9d95af8e5e70,3,4,1,3,0,0,3,5,7,7,7,1,4,4,11,11,0,22,0.5,True
held_out_22,train_1532,1ba6276dd114dc5f876ec17f1094d607e748394f0909d45acee247b5d873b291,3,2,0,6,0,2,4,6,7,7,7,5,4,4,11,11,0,22,0.5,True
held_out_22,train_1534,8712754cef0f22050fa1e758e03724099685742d03acb8e797488637e66b3c1e,4,6,2,0,2,4,4,2,7,7,4,6,4,4,11,11,0,22,0.5,True
held_out_22,train_1535,6b6017ee4a04fb7b1c62c918a0a66604577c06a3951310928bb00a2e1b57d673,4,3,6,4,1,2,0,4,7,7,8,7,13,12,11,11,0,22,0.5,True
held_out_22,train_1544,d4dff1b10afbd3d2207fbe1c12bb897bfe8cf42d2ef370348b0cc75412c3c193,3,3,2,0,0,5,3,4,7,7,5,1,7,7,11,11,0,22,0.5,True
held_out_22,train_1545,ad90cfee0bcddc5741894e2af2d028a3cc0e730971ce721b8e89fb2fc0de03c7,0,1,5,2,1,5,4,5,7,7,5,8,9,10,11,11,0,22,0.5,True
held_out_22,train_1551,743de82f9a373231748367e77bef10fdfcf53451faa44b1104affea2d45c353f,4,4,2,6,0,5,1,0,7,7,7,7,9,9,11,11,0,22,0.5,True
held_out_22,train_1553,8b57b5791dc8434c1863751d5ef5b077dbbdf2fb9a94b2abbda91957edfe8bf0,3,4,6,3,2,1,3,6,7,7,4,2,6,6,11,11,0,22,0.5,True
held_out_22,train_1554,19c4170e8dde6da723527cf6261f8857e3ab696ae8bb24eb36d1aa81b11a4955,0,0,4,0,1,1,1,4,7,7,2,5,8,9,11,11,0,22,0.5,True
held_out_22,train_1556,3f8d1e3204a9cb375a8fd44a677ee9f45980cd04f91d70d50d92726b142a80ef,2,2,2,6,0,4,1,1,7,7,4,2,8,8,11,11,0,22,0.5,True
held_out_22,train_1558,c9df33ec45921818be02e9191a8a7acf84929f3c8c7be9147c4bc45ca969d003,0,4,6,2,2,5,1,0,7,7,3,5,7,7,11,11,0,22,0.5,True
held_out_22,train_1561,7e8f77860fd267cc85e0460728e914806f8efedc79a6c96066349c77ddbc2ad8,6,3,3,5,6,1,6,4,7,7,2,1,7,6,11,11,0,22,0.5,True
held_out_22,train_1562,e7c016476abf5f4214379f7395f8f88f8342d36f3b908ca849cb491c48af642e,2,0,6,3,4,2,2,1,7,7,4,1,7,8,11,11,0,22,0.5,True
held_out_22,train_1564,0eeba06de81a78b445030424b3400712e4944e9e47704df7b3195f631a8c9e62,5,2,3,4,0,5,3,0,7,7,8,4,4,4,11,11,0,22,0.5,True
held_out_22,train_1566,354eb2d2b66fef349029cde3555f2178c732d4d21e3ebc4a2131e1f3f735b6fc,1,4,5,0,0,1,5,5,7,7,4,7,8,7,11,11,0,22,0.5,True
held_out_22,train_1567,b419e648e140880cf178a984d44ff308caaee12fcb83e8d7cef0eaf856a7edc2,0,2,2,4,4,6,0,6,7,7,8,4,4,4,11,11,0,22,0.5,True
held_out_22,train_1570,8c3fec956fd3d9e9557629627f3f50965a4194d19c0985709fbaba373e4eea66,3,6,5,0,2,5,0,3,7,7,2,6,10,10,11,11,0,22,0.5,True
held_out_22,train_1571,468fb6be317a597c30f5e6f532a4ba641def477b279258d95ca33264fba4b989,4,5,6,1,2,6,0,3,7,7,3,6,9,10,11,11,0,22,0.5,True
held_out_22,train_1573,f0589bf28317087b1a6fe310ae7f7f93b1a8eb1983d83d5525231a4ca741a5fd,2,5,5,3,0,6,1,0,7,7,5,6,8,7,11,11,0,22,0.5,True
held_out_22,train_1574,943b3163f9dbf2b55850fc7560ec14fa884f5bf02cbd48ee9a09c2eb03832d7e,5,1,1,0,3,5,6,1,7,7,6,1,7,6,11,11,0,22,0.5,True
held_out_22,train_1577,4d9a1a9a4739843c7462b60ad8324a0569de64becb09cd7420e4d86e6bc3c817,1,3,5,0,5,5,1,4,7,7,8,1,7,8,11,11,0,22,0.5,True
held_out_22,train_1579,b11fb81ab8dc22a8b2802614f025feabb27494395662588f8e8eaac3a743ab8c,3,5,6,4,6,0,2,4,7,7,8,2,4,4,11,11,0,22,0.5,True
held_out_22,train_1580,bd99adc1ac72fed6559619654e7609be5ba99b0b89667bb8517a633d94528919,1,3,3,6,3,2,0,3,7,7,3,1,6,6,11,11,0,22,0.5,True
held_out_22,train_1581,be79bea11f6f9ceb458bb9925238290ef883c2474a1d2dc64b0ccd7d37ee132c,3,4,1,6,0,0,3,6,7,7,7,2,7,6,11,11,0,22,0.5,True
held_out_22,train_1584,fc53a267a9eafe9600a1030c2008424c464fedca71cc261541428f59e13c3b44,2,1,4,4,2,2,2,6,7,7,1,5,4,4,11,11,0,22,0.5,True
held_out_22,train_1585,a77d28f2269fc6573cc32e722aced59ed99ac79c513b2d51e2bd0841ca922c43,2,6,1,4,3,6,4,3,7,7,1,5,4,4,11,11,0,22,0.5,True
held_out_22,train_1587,65d66485580857c290a6302236ce255324dffa99c8c0042df4ed1f2c0a9b18ab,5,2,0,1,6,0,6,4,7,7,3,3,9,9,11,11,0,22,0.5,True
held_out_22,train_1589,b9493dfc39ffec9945843ac451129fd65023dc61377b50c93dcd7ecc9bcb111b,4,4,6,2,3,6,6,4,7,7,3,2,7,6,11,11,0,22,0.5,True
held_out_22,train_1590,85cdea648d85db793a12ba1586266256563fbaf6869248e90c14726cefd03e12,5,1,0,2,6,0,6,3,7,7,2,3,8,7,11,11,0,22,0.5,True
held_out_22,train_1592,4fef60a5b3a4b014183a29d4b52caf661ec990173993eb0e2e766a70fb8772b9,1,0,6,5,2,5,0,2,7,7,6,3,8,9,11,11,0,22,0.5,True
held_out_22,train_1593,f48df506c936f005bf27b8f388edd27baaa77e1c608245e3bdaaa83193ea97d6,4,4,2,0,1,4,4,6,7,7,3,2,7,8,11,11,0,22,0.5,True
held_out_22,train_1595,c966130a121d6bd56b48fcf4383971f4cff24126be8afb3aa204f7e8ed89e7f6,3,2,6,2,2,5,2,0,7,7,4,3,7,8,11,11,0,22,0.5,True
held_out_22,train_1597,da03ed5dc0a021a0d75baf467e2d2c817ca49c4550076ea36327a0b64d569008,3,0,5,4,6,0,2,2,7,7,5,3,5,5,11,11,0,22,0.5,True
held_out_22,train_1598,2fd56c3cff7be2266803fee8f6d7e98591ac1d83a355c63d9a48f40533f3cf97,1,2,4,2,6,2,2,4,7,7,7,3,4,4,11,11,0,22,0.5,True
held_out_22,train_1600,6e2937a762818af5efb28d1ab75ee5f8069d32fb99c89ca6207a665d42ec2afe,5,1,4,4,6,2,6,6,7,7,2,6,4,4,11,11,0,22,0.5,True
held_out_22,train_1601,0deab9fe95270994c9c6308a481d6bd0df6d7700486368404f656b695db93961,3,2,1,4,2,1,4,5,7,7,8,4,4,4,11,11,0,22,0.5,True
held_out_22,train_1603,d9c9d2ea1a480505af192bbd4267896cb44e9a8b75fb7ff82bd5222321d9a1fc,6,5,6,1,3,1,4,4,7,7,7,5,5,5,11,11,0,22,0.5,True
held_out_22,train_1604,b84abfb5175877ded6d9b8bb30cfffb7ac27f012958fc975ec79cd0cfbd1eb1a,5,3,6,1,1,3,0,1,7,7,6,7,7,8,11,11,0,22,0.5,True
held_out_22,train_1605,2d3fb67fa4f11a73cdc7ca308eca7a4bd32e496b4bdad2ea5ec06e2c99646826,6,3,4,0,2,6,1,4,7,7,7,8,8,7,11,11,0,22,0.5,True
held_out_22,train_1611,b35a6edcc4c0e80a78e5e9757f654748057053b2ecac951d2a3c157a76bdd9b3,0,5,0,2,3,0,2,5,7,7,8,2,5,5,11,11,0,22,0.5,True
held_out_22,train_1612,afb98a1315c8304655aa27cd3126c0a4f3337fb1374788ba8259c38bc5a136a7,0,0,5,4,6,0,3,1,7,7,8,4,5,5,11,11,0,22,0.5,True
held_out_22,train_1613,e8ee7a175f6e7457764357e0a4f21ad5d109815e68df5549d2c54b739741137b,0,1,2,5,5,1,3,4,7,7,7,6,11,10,11,11,0,22,0.5,True
held_out_22,train_1614,fb95e74a730f910fd4307c7ef7dc2a8c3842fedb85abf30d32ece2b39740eb0c,2,1,5,3,2,0,3,5,7,7,1,5,6,6,11,11,0,22,0.5,True
held_out_22,train_1615,f3a6bcac39adbe2a4f2c76b8167557e6b6102ec6b515e0146191382ca1ce139b,1,3,4,0,3,4,6,4,7,7,3,6,7,8,11,11,0,22,0.5,True
held_out_22,train_1616,9733b065c000fac429d181cc838af19b042051c651cec651c13f21b14fefd5a0,6,1,0,5,4,0,4,4,7,7,3,5,9,9,11,11,0,22,0.5,True
held_out_22,train_1617,454447d660129e53979f1585b8d398a05c84245cbc49d89b5abeb15d52562fa7,5,4,2,1,2,5,5,6,7,7,4,2,8,8,11,11,0,22,0.5,True
held_out_22,train_1620,83652e35c1f9d48ea5af4e844f6f72a374d18dbeea731d57eb09fe9029f2cc2d,3,2,4,5,5,1,1,1,7,7,3,3,7,7,11,11,0,22,0.5,True
held_out_22,train_1621,0edb3046cf8d42a46f4d1807fc03f16e3a8859ce2aece76974fb2f020f94b207,5,4,0,2,6,6,2,6,7,7,3,5,10,10,11,11,0,22,0.5,True
held_out_22,train_1622,4d74dcec2bd3a6fca4335a3a80f49639de3934cd8083dd13b6feb07c569ad275,6,1,0,6,6,2,5,4,7,7,1,4,10,11,11,11,0,22,0.5,True
held_out_22,train_1624,13138e4e79eae1767d2f323683fac27cf7d50c6e27aaf794487a8358824c5d93,2,1,2,5,6,5,5,6,7,7,8,8,6,6,11,11,0,22,0.5,True
held_out_22,train_1625,15160e39212efe15a0daa94074909ea92e50d32e896b4b6c9d0958f6a6b44569,3,6,6,3,3,0,1,1,7,7,6,7,8,9,11,11,0,22,0.5,True
held_out_22,train_1627,14017456521c23c396d2792ae6968905192a99efe083a9e767195d2671189dcc,1,6,6,2,0,1,2,3,7,7,6,4,7,7,11,11,0,22,0.5,True
held_out_22,train_1629,26dae4671156530f2c041cfc4fc5f74e4e51f0e9fde0a52f3c90f3b1477e1813,6,6,4,5,1,3,4,0,7,7,8,8,5,5,11,11,0,22,0.5,True
held_out_22,train_1630,d5c2e8e2c466c93bb4090098f914fd053412a429c770da1c39a407862bf8debd,6,3,3,4,1,6,1,2,7,7,8,6,4,4,11,11,0,22,0.5,True
held_out_22,train_1637,e68c1b45684aa214f10cc38ad6b87211e0aebc409558f03c58ce57bca4211b2d,3,4,1,6,1,0,0,2,7,7,6,7,10,11,11,11,0,22,0.5,True
held_out_22,train_1641,60be3568669ccc5920e8550196c9aebb50423aa9c4358845abadd50ff29ddd5e,2,2,5,0,4,3,0,6,7,7,5,6,10,11,11,11,0,22,0.5,True
held_out_22,train_1643,34e1180c66531f4443de794844092b9042a35a196e70ad429d268ad363c439a4,4,6,6,1,2,6,0,4,7,7,2,8,9,9,11,11,0,22,0.5,True
held_out_22,train_1645,3d7297e30beed463e9a9954a6f52198f756d582ecf052d3d2769abb0820e234e,2,4,0,6,2,0,6,3,7,7,8,5,12,11,11,11,0,22,0.5,True
held_out_22,train_1649,cd547cb4620bceb78048cdc8509cc96936d4e2a0d5b785946c0e237fa1250b2b,0,3,5,3,3,6,2,1,7,7,6,4,5,5,11,11,0,22,0.5,True
held_out_22,train_1650,80c200dbfeffdb42dcbbe12e62127785f3148c552a78ed1b59645b91ea262e7d,4,5,0,3,5,5,3,6,7,7,1,2,7,6,11,11,0,22,0.5,True
held_out_22,train_1652,d795dd3afecec1b4346d01b2dcca730abf79b706c94b12a22fd548cd31f677be,5,5,3,4,4,1,0,3,7,7,5,7,4,4,11,11,0,22,0.5,True
held_out_22,train_1655,122e285a0b011940a2193f12d589e2ca255a04fd76ad85882f66768f18438e6d,4,4,2,0,4,5,6,2,7,7,1,4,7,6,11,11,0,22,0.5,True
held_out_22,train_1656,117869970ce97449877df9e15218f70f383dcf67d1aeacf84c3c59407339a205,3,4,0,6,4,1,0,1,7,7,4,6,9,9,11,11,0,22,0.5,True
held_out_22,train_1658,879267477adcc46b80441d4a1c166a84c5b3dec2b619489f00768d3b247a27d1,6,5,3,2,1,4,6,1,7,7,6,6,4,4,11,11,0,22,0.5,True
held_out_22,train_1660,1993bfd7bf4b7375e9c1fba813335859441003d4b49639f5abdbf64fb627df30,1,6,4,6,6,3,2,3,7,7,8,6,5,5,11,11,0,22,0.5,True
held_out_22,train_1662,164afb2f6906b8a0598baa5a30d90c8dd5ea1407d676207f9d2aa78f20b039ad,0,5,6,2,1,0,2,6,7,7,6,3,9,10,11,11,0,22,0.5,True
held_out_22,train_1663,a75853a2d275dff51830dd34b6e5fa87459ca19bc4de0d9cca33f9ee8012ea5c,1,6,2,4,1,0,6,6,7,7,8,5,7,6,11,11,0,22,0.5,True
held_out_22,train_1664,3596dc56733b7987edf78aa234e527226660e5bb54f4f985bb93707cea458687,0,4,1,1,2,4,5,4,7,7,4,7,8,7,11,11,0,22,0.5,True
held_out_22,train_1665,3cb047634fc0664bced0670d90b388e0e220fb5f979d0c71aa8ad15148fae702,1,1,6,1,0,3,3,4,7,7,3,5,10,12,11,11,0,22,0.5,True
held_out_22,train_1670,68612d8d61142aff6b1176fbf37a5d674a456bb485129af736665e450073e168,2,5,5,1,1,5,0,3,7,7,1,4,8,7,11,11,0,22,0.5,True
held_out_22,train_1671,b2023fd39250ff3cf39759dfd907610d708c219acaa77c64dd1c7e903ce813f0,1,0,1,4,6,1,4,0,7,7,8,5,8,7,11,11,0,22,0.5,True
held_out_22,train_1673,2f688b3479345218dfe2618e38794dc87c7ea25950f6937c90b91a2d7a0e8da2,1,3,0,5,5,6,0,0,7,7,7,4,8,7,11,11,0,22,0.5,True
held_out_22,train_1676,e0c44568475111182cb8630395669a72d0321b35593a8299898077e5720dcb36,3,6,1,6,6,4,1,3,7,7,5,5,7,7,11,11,0,22,0.5,True
held_out_22,train_1679,3bc89c996b20c9f90b7877090afd3b0ca18ab0521d86799b9817ee5870a03518,3,3,0,2,4,2,2,6,7,7,2,4,6,6,11,11,0,22,0.5,True
held_out_22,train_1682,22ebee24ccd9d429ac2e957256ab63626ead67ed41ca98cb60006214179b9325,6,6,3,1,4,5,4,2,7,7,3,6,7,6,11,11,0,22,0.5,True
held_out_22,train_1683,cf4c57b1f770150644b7a2887e0a9fab3ff9fffcc34c2aceb5dc6089ec8992f3,2,1,0,5,6,5,1,0,7,7,8,2,8,8,11,11,0,22,0.5,True
held_out_22,train_1684,6f0d28ebb92054a29f3ae25bd31a0197af3a74b87c862acfad1dbbf90dd76a5c,2,4,3,0,0,3,1,5,7,7,3,2,6,7,11,11,0,22,0.5,True
held_out_22,train_1685,23cdf7ed7a86e319e0cf6248a717439bcdb049b5f2f0cd56a993ae88bf7e0695,6,5,3,4,1,6,5,6,7,7,6,2,4,4,11,11,0,22,0.5,True
held_out_22,train_1686,0ffd356e8a3724a72def872d1a76028e6c883f35fd4410ac1c8f0d9c63eed650,5,6,5,3,3,0,1,4,7,7,8,8,5,5,11,11,0,22,0.5,True
held_out_22,train_1688,f80e65407f78917c282c0468e9c150e410c92365969332c4d9aaa0c0d6ee262d,0,2,4,6,5,2,1,2,7,7,5,1,7,7,11,11,0,22,0.5,True
held_out_22,train_1689,6f248cd07e3b3e57cb852bfe6e4a5512fb4f04c23ebb6f6340c361a72697e59c,1,2,1,0,6,3,2,2,7,7,8,1,8,7,11,11,0,22,0.5,True
held_out_22,train_1690,2888bba09c21eda6150af2e8f1a2c62f98f5b1c83094b6d9b364949243f0c56b,4,0,1,2,4,3,3,0,7,7,3,1,4,4,11,11,0,22,0.5,True
held_out_22,train_1692,1ba341e7b50c273858622bc3f17d70d22866d3db432590f548e1ea5c0b7caffe,6,0,1,1,6,3,5,5,7,7,3,6,9,8,11,11,0,22,0.5,True
held_out_22,train_1698,6a0d339dd832ce78137504fdf3deda2b4c74228c64d0387e83c4883c20a059cc,4,6,3,0,0,6,5,6,7,7,4,1,9,8,11,11,0,22,0.5,True
held_out_22,train_1699,4cc2b18eda9275e9ce0d74bf09e1988213525c4ceabbb5f41e68d94ca2deffc5,3,3,4,4,6,4,2,4,7,7,8,2,4,4,11,11,0,22,0.5,True
held_out_22,train_1700,e0a2a46dc59d9bdd62123f3db48af69a837688554c317b8c9325dc266404980b,6,6,6,2,3,6,6,5,7,7,3,1,15,15,11,11,0,22,0.5,True
held_out_22,train_1701,e2c89f6730e584d41e8c5c2e67bb633f744b0fe5225ead4d15a68e5b17705af6,6,2,0,5,5,4,3,5,7,7,3,6,8,7,11,11,0,22,0.5,True
held_out_22,train_1703,5b193c011a4958b9c851f1f36fada3f9d958cc63c6bc89625476db12034b1dad,4,6,0,0,2,4,4,1,7,7,4,7,6,7,11,11,0,22,0.5,True
held_out_22,train_1709,dce73df9f22c6b88cf23d5bf038a5c25e2a41bd12af9203646ab4e0c8ee15c15,0,0,5,4,0,5,2,0,7,7,7,2,6,7,11,11,0,22,0.5,True
held_out_22,train_1712,657c8d61d151ef050d07b8dae8e1d78754119c36163126979bf49f4741b4e772,0,1,5,0,0,5,2,0,7,7,6,3,10,11,11,11,0,22,0.5,True
held_out_22,train_1715,6c23f9f91a840336ac23d9b4b2a241c9c579d0cfac964c7422a616da99e4c382,3,4,0,4,5,3,4,1,7,7,3,4,6,7,11,11,0,22,0.5,True
held_out_22,train_1717,c92b4081a1078e7e77d4ca0404fbcefb9df3067e37eaf9978c5cd4de3f3f78a3,2,3,5,5,2,2,5,0,7,7,1,6,6,7,11,11,0,22,0.5,True
held_out_22,train_1718,4bc627b37a275e576ed90c5077ebde9996e22930ec4c17bf745706838f88f9c2,5,2,5,6,1,3,4,1,7,7,5,2,7,6,11,11,0,22,0.5,True
held_out_22,train_1720,a25b903238990ce429f0ede42700782b42a204bd01b69d9040bb38ffd0e3163d,1,2,0,6,4,0,2,1,7,7,7,6,10,9,11,11,0,22,0.5,True
held_out_22,train_1722,065f36fd52ae199757ef4b30d8afd0821ed13ef6be8ff4ee855a7abdeddd7c10,2,0,5,5,0,4,2,5,7,7,6,7,8,7,11,11,0,22,0.5,True
held_out_22,train_1723,442e9f9f8280c5905ced0299d473f8d70b537ba55f2cc8af59efb9673ff9b35f,0,2,3,1,1,5,4,6,7,7,4,8,6,6,11,11,0,22,0.5,True
held_out_22,train_1726,4cf33f79387f5fec730548fc94db3d3d1e4e3f842d8cf6bf0f5f084ad035aa21,0,4,6,2,4,0,6,4,7,7,8,6,4,4,11,11,0,22,0.5,True
held_out_22,train_1730,9b4fe88e14b90b34bef354221e5b4a28c5823ea905325d54250d266d480d7753,4,2,1,6,6,6,5,0,7,7,6,3,9,10,11,11,0,22,0.5,True
held_out_22,train_1732,0f6bc4686a9a096966ab95e08c4ea7a17452dd404d7af8c14e1be3ba380b4a22,2,1,6,2,2,3,3,5,7,7,2,5,9,8,11,11,0,22,0.5,True
held_out_22,train_1734,6d082131de56f657dd0eb5f06b441ab76fb3781ef20e1bf6f2dd08231dbfe0c5,6,0,4,5,1,1,3,3,7,7,6,6,11,11,11,11,0,22,0.5,True
held_out_22,train_1735,2fd34f08898e681e385448a279aa0dc16d3bbd0bd6efb3bbe006e51a7f43a324,4,6,3,2,5,0,3,4,7,7,7,3,4,4,11,11,0,22,0.5,True
held_out_22,train_1737,59448210a5cde025a3ea3bed0461d8610df1a86450ed69c8560d5dea7523287f,0,5,3,0,6,6,2,6,7,7,7,3,9,9,11,11,0,22,0.5,True
held_out_22,train_1741,8c8c7fd005bfa3b5f58c948555aac20b8e663c9062fa075bd7c86d0a5cc576e3,1,0,5,0,3,6,0,3,7,7,8,4,8,8,11,11,0,22,0.5,True
held_out_22,train_1743,ac6853a1960f6748aa44624c76c533c028805185c4e8fc43585f1e67f66e85f0,4,2,1,4,2,1,5,3,7,7,3,8,6,7,11,11,0,22,0.5,True
held_out_22,train_1744,c30e85fceff5ac0b8e02e214bf27c1b8f33d0eff2a8092698f2e9b59030656f0,0,3,1,1,3,6,1,5,7,7,6,3,9,10,11,11,0,22,0.5,True
held_out_22,train_1746,27cfe2612efdf2d5abbfabd877658dd0bc2030f902930f810730eb6d3621ddc9,5,1,6,3,2,6,0,2,7,7,8,6,7,7,11,11,0,22,0.5,True
held_out_22,train_1747,cdaf7245a5b4eb7ffc741c0c4f61566d2b36c0a800ac29f73b79772370e0b6ab,4,5,1,3,6,4,4,6,7,7,3,1,6,6,11,11,0,22,0.5,True
held_out_22,train_1748,f94b84ec73bb1bd2dac133d9b40a424997bc3638d0248fe81ddb9e0c8208b8df,2,4,3,0,1,4,4,2,7,7,1,4,8,7,11,11,0,22,0.5,True
held_out_22,train_1749,7b0340351c540ebdaf41ea9bd1f8151f94d024ea08aa9236e6c7e0eecb4d6b8e,0,4,3,0,2,2,5,5,7,7,4,6,7,7,11,11,0,22,0.5,True
held_out_22,train_1750,83d811f62b22e86140091bb5fe893a1ab53b915d025f0d5242ea796de1c3eec1,5,3,2,5,5,2,4,0,7,7,1,4,6,7,11,11,0,22,0.5,True
held_out_22,train_1752,5dfda6ab3f56490072d4bff31f55f1079197f22eae78f33e6fd851b527e80bfd,3,4,2,1,5,3,6,0,7,7,3,7,5,5,11,11,0,22,0.5,True
held_out_22,train_1754,550f294309d9efe416b2c5ec6463accf7b07157fda0e8799ea493ad0384e976f,0,0,5,4,1,2,3,1,7,7,3,4,6,7,11,11,0,22,0.5,True
held_out_22,train_1757,8ab7865358444ccc1cd5a697517b9f7e7279bbec3c3648f050a0e58f3b2a9330,0,3,1,6,1,1,6,1,7,7,3,8,11,10,11,11,0,22,0.5,True
held_out_22,train_1759,dcc7efb0814e988d517ba4ca0503ac04c63735c2e6e57aa825926463d906d0d7,3,0,1,4,6,2,6,5,7,7,5,8,7,6,11,11,0,22,0.5,True
held_out_22,train_1761,070ab42ce0d1deae9ac4dd0f361a0d9d51c852ef09adc27de8ca0adb51fd2066,6,3,4,6,5,0,1,2,7,7,4,6,7,7,11,11,0,22,0.5,True
held_out_22,train_1762,1c19bf3b1560b1e26947bfe868ddf9f1296fdd5686ca80920285f0982581629a,3,1,4,5,5,1,0,4,7,7,2,6,9,9,11,11,0,22,0.5,True
held_out_22,train_1764,bf354b10107d34db4cf81c6d77adebf4b1aecbc69de7a5fc9cacd3afc83f17ca,0,6,3,2,1,3,5,6,7,7,4,7,11,10,11,11,0,22,0.5,True
held_out_22,train_1765,3ad769e7e069bf85050d019bf5bc01b3488ae266a2bfd132683019fe538adbd0,1,6,2,0,5,4,2,6,7,7,6,1,7,8,11,11,0,22,0.5,True
held_out_22,train_1766,e7b8d3422fd14bacb3b0e9f084735c264968c2fc57fe9fe148c8d222ad704d94,6,1,3,5,6,2,0,2,7,7,1,7,6,6,11,11,0,22,0.5,True
held_out_22,train_1768,c44ca7e9648a20bc97929c65cf890cdf1ad3f8c466aa1ccbd2693636a550e883,2,5,5,3,2,1,1,4,7,7,4,2,5,5,11,11,0,22,0.5,True
held_out_22,train_1769,55143c30a9a74cba79cdb89df0b55bcf9a0aecd8501f05b902ae687e6c6ff01d,4,4,2,1,6,3,1,6,7,7,3,5,6,6,11,11,0,22,0.5,True
held_out_22,train_1770,4272bf67200bb3096990fc6295b4547880763eff7ea3032ba1b79f9234204389,2,5,0,6,2,0,3,2,7,7,5,4,8,7,11,11,0,22,0.5,True
held_out_22,train_1771,28474806c6352afe27394f4dc47e8e33e33e92e3d5990416c9e9ef205ef889b6,5,6,3,2,0,3,2,5,7,7,8,4,4,4,11,11,0,22,0.5,True
held_out_22,train_1772,8c0a589984ab4aefb3fa5174e47088f795e49278d9e6342d27aac2d3cb935620,1,6,1,4,0,1,3,6,7,7,8,2,4,4,11,11,0,22,0.5,True
held_out_22,train_1778,267f9381431829f4c0a762fb77ac0ca47a62f591bfd6e3a3ae09e0adf7fc5a8e,3,3,1,1,4,1,3,4,7,7,7,1,5,5,11,11,0,22,0.5,True
held_out_22,train_1780,6f399c9908970b72b592a6c8e07c0341c56ba8cc9b0e110f8b4e7ced80a9ad0b,5,0,2,3,5,1,0,2,7,7,1,7,5,5,11,11,0,22,0.5,True
held_out_22,train_1781,8539b718b588d3d4dc5cbb081e657607742b702a7ed4c9709086836f8ca62913,3,5,5,0,3,4,4,6,7,7,1,2,8,9,11,11,0,22,0.5,True
held_out_22,train_1783,6a028d3559008154ddc9a4046460ce135623a680ed303ecc74a22a780ed7a287,2,4,6,6,5,3,1,4,7,7,4,1,8,7,11,11,0,22,0.5,True
held_out_22,train_1784,184fa4026577f0874ad3d807cf492d7ce696152de3fd690fb53bcc13aedf1417,4,6,1,2,6,5,1,5,7,7,3,4,10,9,11,11,0,22,0.5,True
held_out_22,train_1785,fc854a90766096d02fd9645d305734172242473ff1a9cec294936b05a82382fe,6,6,2,4,5,0,6,2,7,7,7,6,7,6,11,11,0,22,0.5,True
held_out_22,train_1786,79ed339178fba7d37cee9973906e84af37bfcb4daf161b346adc1a2ce6eea86c,4,2,1,1,6,2,3,2,7,7,2,1,8,9,11,11,0,22,0.5,True
held_out_22,train_1789,15f49de2885d55008a9f416539ac61253ee31eb2b9666c14afbdc55a382f6040,6,1,0,5,3,0,5,3,7,7,4,5,8,7,11,11,0,22,0.5,True
held_out_22,train_1791,95febf1fe4a4501cdae8106a7a8a8ad546746062b58b4b5d49066efce8301850,5,6,4,2,1,6,2,4,7,7,6,5,9,8,11,11,0,22,0.5,True
held_out_22,train_1794,e50dae51fff9387a87ac850e71f2560919773f99451a5a05388fd7b459a47e95,2,6,3,1,5,3,3,5,7,7,6,2,4,4,11,11,0,22,0.5,True
held_out_22,train_1795,1dfa0604bb9a92ea95aafad7ec9e5a3bdd976b9678512fb3dd6241ef151b0f21,5,1,1,3,6,4,5,2,7,7,4,1,8,7,11,11,0,22,0.5,True
held_out_22,train_1796,0477ea8dece2a2d7a3c7b7eae17bb02916b1e6b16ef914bdd6fc98f982b72127,2,4,4,5,4,0,0,4,7,7,6,2,5,5,11,11,0,22,0.5,True
held_out_22,train_1797,5401a9505f94704c91ea4fbbaf972cc0618488c1e0bd43ca9bcbd2111af78c5a,3,4,6,2,2,6,0,5,7,7,3,4,8,9,11,11,0,22,0.5,True
held_out_22,train_1799,23e9ff46b797f246505b2366dee50a3f0c09a07225667b49f32fdd7315b2affa,3,4,5,2,2,5,0,4,7,7,2,3,6,7,11,11,0,22,0.5,True
held_out_22,train_1800,3b3dccc8b91bcb146a90fa7768df054dd36ef836f8cc26bbeeb4aec0933a93c0,4,3,0,2,4,5,5,3,7,7,4,1,7,8,11,11,0,22,0.5,True
held_out_22,train_1802,dde238aa1615a649b61e924ee6668fe6c9856c5358f2d1f9ce2eabfe3facd37e,4,5,3,1,4,6,0,5,7,7,1,6,6,7,11,11,0,22,0.5,True
held_out_22,train_1803,fb2d9730ee0c4d179e41ad40a244c43da1ddd31d16e5e49147369c8c1e28ab5a,2,1,1,4,1,6,0,1,7,7,8,2,4,4,11,11,0,22,0.5,True
held_out_22,train_1805,a9eaf5b0f95a27017172a6db8b2d261db63311b399bed00f81062509be2237db,4,1,0,5,4,0,5,3,7,7,1,3,9,9,11,11,0,22,0.5,True
held_out_22,train_1806,1dc0cb682c01584d8b8545be93e4cc228359c6b075ea02f3c50dca9cc405c7da,1,2,1,5,5,2,2,1,7,7,6,6,7,7,11,11,0,22,0.5,True
held_out_22,train_1808,e80980ff8fca262b7e715b4ffa573290a0eb22a1bbeaf9d5be5ee6f157ba910d,0,4,0,1,2,6,4,2,7,7,4,8,7,7,11,11,0,22,0.5,True
held_out_22,train_1810,4c58068d024a17129d321700779ee00f9213d8fc80cde5676daf4434cc458e33,4,4,5,6,3,1,5,0,7,7,4,7,7,8,11,11,0,22,0.5,True
held_out_22,train_1812,378c02d4acf9f2aaabca82d8bc93b6b8a5a1c89522c1415645460d08b488c398,2,6,3,4,1,6,3,2,7,7,1,7,4,4,11,11,0,22,0.5,True
held_out_22,train_1814,5cfa189789a1ea68bbdc1fadc370e849ea8e3e29084464a526d5aa4ee5206f13,3,1,6,6,5,0,0,6,7,7,3,8,7,8,11,11,0,22,0.5,True
held_out_22,train_1817,09466731ee6fad6e5c2cdf2e3d7f8430dce9ba7d02b91a07959bb849ea318dc3,4,0,3,6,3,0,1,4,7,7,1,7,6,6,11,11,0,22,0.5,True
held_out_22,train_1821,ebb8c35be30eab84c1258510215e8a254a8d7d5c5411498ed82769c39243c633,5,3,2,2,2,6,5,6,7,7,6,3,6,7,11,11,0,22,0.5,True
held_out_22,train_1824,77f1ffe5db73aa478b5523f7a4e2fc944709a8d996c16706fd4933f7b65f397d,5,6,2,1,4,0,4,6,7,7,7,1,7,7,11,11,0,22,0.5,True
held_out_22,train_1828,eef3f345f9d6b3400b136ccf521591cf110f44089b8289a0eb3d5c8e6cb83402,3,5,0,2,6,5,5,1,7,7,5,8,9,8,11,11,0,22,0.5,True
held_out_22,train_1832,3ffd4a52330710dbe67e44b80418d037db3ec5d1b0ee4101c07001e917c8d9f3,1,0,3,0,4,3,1,2,7,7,6,2,4,4,11,11,0,22,0.5,True
held_out_22,train_1834,a81903e9999c0befe129093d724381d8a4625a61a98b6d445113f47c6a539dcf,3,5,4,2,2,5,6,5,7,7,1,3,5,5,11,11,0,22,0.5,True
held_out_22,train_1836,eb16c82288cfaaf362824b2bce8f7ffd46eb21be9b8e8dd8502ec9c3525c9af2,2,2,0,0,0,3,5,5,7,7,5,6,9,10,11,11,0,22,0.5,True
held_out_22,train_1838,d9bbeabff7d1c6c7e322e391c4019f97f1e1759c9075e1444f4603ad6c21eae5,1,1,1,4,4,2,6,4,7,7,4,8,5,5,11,11,0,22,0.5,True
held_out_22,train_1839,febaa72275e12fff2069e412cda4d7fbe97c0b6f96438b52427584fe5a41a1d8,5,1,0,4,3,3,5,2,7,7,4,1,6,7,11,11,0,22,0.5,True
held_out_22,train_1840,5abf84763870978f6b63e33f0c70d930d5fb19dd6a00e9d6644060f1434f6197,3,3,1,1,3,5,1,6,7,7,2,7,6,7,11,11,0,22,0.5,True
held_out_22,train_1841,ac047d1b844c4c4056243adc0290bf6be61e3c1b263c293aa3f2a9b361262ed0,4,4,2,5,0,1,3,0,7,7,7,5,6,6,11,11,0,22,0.5,True
held_out_22,train_1843,d02010c1349f7c7d59649fda94ae548d298b9835284b5fc1eede48278f141860,0,4,6,3,6,5,1,5,7,7,7,2,10,9,11,11,0,22,0.5,True
held_out_22,train_1844,cb0f70d00d5b2a67837c9246a2d88b97d6fc5cdf4937bb2b10d72b8c7624ffd8,1,0,6,6,5,3,3,5,7,7,7,7,4,4,11,11,0,22,0.5,True
held_out_22,train_1845,70f339c185481f6592aa2e9251d0d5301a2d427f603d00090a59e3353c3fd541,6,5,0,0,3,4,1,5,7,7,4,5,7,8,11,11,0,22,0.5,True
held_out_22,train_1848,340338cc1b2c630b8ab9d77c6abd1391ce3f44c2136c1ed59e4719e929c54a89,0,3,6,0,1,2,4,6,7,7,2,7,7,8,11,11,0,22,0.5,True
held_out_22,train_1849,fd5503d83d1d1d63184ba6a7173538120da6fa18be5942a2298792a4d111b8e7,2,6,1,0,0,6,3,4,7,7,2,3,9,8,11,11,0,22,0.5,True
held_out_22,train_1851,ae1e67b35b539d4129c777e30590094baef4274418161649a1f89e222d075758,6,5,3,1,2,4,5,3,7,7,5,3,4,4,11,11,0,22,0.5,True
held_out_22,train_1853,bf72df4490186efbde9f67606ef82bba71f079573e6bf2ccdfb1f8d9b207cdd3,4,6,4,0,2,2,6,2,7,7,6,6,4,4,11,11,0,22,0.5,True
held_out_22,train_1854,23fe67446bbf2d7aee3e1f7650d960eb2188f55b79c0feef378aad81912a0bf8,3,5,6,4,5,0,3,6,7,7,7,1,5,5,11,11,0,22,0.5,True
held_out_22,train_1858,4ac03417f028f5467daa2cbcd0a26cd6da98aa25b8210302d51014cb5ed9e30a,2,5,6,6,4,0,6,1,7,7,7,8,8,9,11,11,0,22,0.5,True
held_out_22,train_1859,ed573730321da63e3aceb81ff80aa3a06f916f54583a150ff4e6c8fd7ce6427f,3,0,0,0,3,6,5,5,7,7,8,7,11,10,11,11,0,22,0.5,True
held_out_22,train_1860,8396d4325a9c8521c03838b3334ea7b1526a8a110218683e9321528e00ad5c2f,1,4,6,5,5,0,0,6,7,7,8,3,6,7,11,11,0,22,0.5,True
held_out_22,train_1862,f24fc8326f24685d0618a45d29b7ae7a9082361a59125e9eb9bb5b23bfa5d274,0,3,4,1,2,4,4,6,7,7,5,7,5,5,11,11,0,22,0.5,True
held_out_22,train_1863,2c422444e7871dba82c61ec119a283eb942b949b26d6ec2bee779d17a10fd2b1,2,4,3,6,3,2,6,3,7,7,3,5,6,6,11,11,0,22,0.5,True
held_out_22,train_1864,4dfe9a527005c28df181b01424b95f18dc6b66cf4078ac6990ce2164801d865b,1,5,4,2,2,4,6,2,7,7,2,8,4,4,11,11,0,22,0.5,True
held_out_22,train_1865,9a39a3be1163fc46e307732578b8d5a9c7f62e98a36d25052fed12d103b3c243,0,4,6,6,4,1,6,2,7,7,7,8,7,6,11,11,0,22,0.5,True
held_out_22,train_1869,9f484bf5bb3eafc3d0a3119092e44ba4461be5580f60d0ae60cba4e064eea17b,2,3,2,5,1,1,5,6,7,7,3,8,7,8,11,11,0,22,0.5,True
held_out_22,train_1870,10bf89f68d699ed262fc04783be341f1c7e856dc11c0f1676fd8bca78c930232,0,6,4,4,4,2,2,6,7,7,8,2,4,4,11,11,0,22,0.5,True
held_out_22,train_1872,bcd56eea6f62768a0036f3ed7827870082563a3ef1618ee6d82c16bacdf4a0a5,3,4,2,1,5,5,0,6,7,7,3,5,7,7,11,11,0,22,0.5,True
held_out_22,train_1873,f992b037c70a1b7de373b9e6f8d674d371db312a61edb8964a12d0a4278ee9ee,3,3,1,5,2,0,4,5,7,7,4,3,8,7,11,11,0,22,0.5,True
held_out_22,train_1876,d4dbd771d5394dbb048a8dde8c53a61e7bc5e2c62b7a0a73afd93fa728615c22,2,5,2,0,5,6,3,5,7,7,4,1,9,8,11,11,0,22,0.5,True
held_out_22,train_1878,702aba197c9521806f676410ef41c4d8dcd5bbd0b36c795551f74aec1c1f0ca9,2,5,4,0,6,4,0,3,7,7,5,4,6,7,11,11,0,22,0.5,True
held_out_22,train_1879,b18c266c0e21410d6fa41923df0256da2a0403980ae49476c6ee89d23a25f91b,0,2,6,5,4,0,1,2,7,7,6,1,7,8,11,11,0,22,0.5,True
held_out_22,train_1881,98af80ea5f7843f14168dbd379d04e78fc7dc9682abcf129d5e380ae86b3288f,4,1,3,6,0,5,4,0,7,7,8,1,6,7,11,11,0,22,0.5,True
held_out_22,train_1882,1acbb7774c96913006330cf27676c51994061e44f0e33a8617795237f14ab1be,1,2,6,5,1,5,2,1,7,7,3,2,7,8,11,11,0,22,0.5,True
held_out_22,train_1884,7e782c8f61adf7c22e14e6352967c6c626c6c00c1be9b4a2037c3a30f99e936e,3,5,6,0,2,4,5,6,7,7,2,7,8,7,11,11,0,22,0.5,True
held_out_22,train_1887,df3226335fe77ed55581aca41cfbd13658814d434e2cddf9d5afc83766a5fbcd,1,4,3,6,6,4,0,4,7,7,5,1,5,5,11,11,0,22,0.5,True
held_out_22,train_1888,26dbcf6f558bcbb9a026a6429de41f6ab9bb5953056175c06db5a4d2e07e3894,5,0,6,2,2,2,4,4,7,7,5,5,4,4,11,11,0,22,0.5,True
held_out_22,train_1890,c95c3081129e8131da26e203c1d14b882360fe35abdb5466c5a36e5f32340137,1,4,5,4,5,0,2,0,7,7,8,5,6,7,11,11,0,22,0.5,True
held_out_22,train_1891,dcab906967ad4c8842b93dec496c93aa366681bc489f63bb287784d9a847b73c,5,1,5,5,6,1,2,3,7,7,1,7,5,5,11,11,0,22,0.5,True
held_out_22,train_1894,b41be9d6813b28d8ddd45dcaad8b0575708f93e626d8f605f789a8fd7637cef2,4,5,6,3,4,1,1,2,7,7,6,6,8,8,11,11,0,22,0.5,True
held_out_22,train_1896,ce86fc2570a8b557234c35b838dc5ba7401cde5ca41bed8e4527a711eef82ed1,1,2,1,6,5,5,2,0,7,7,7,3,7,7,11,11,0,22,0.5,True
held_out_22,train_1897,8b73e912f86a6005834d868ca58cb8173674cc7a1c49c0acc3e989d8fc13e1ca,4,3,1,4,6,2,4,1,7,7,3,2,11,10,11,11,0,22,0.5,True
held_out_22,train_1900,6757464a8ca55e415710b47b91e0af312c3f89c144214fd5b7f8e639064ce12e,1,3,0,5,6,4,3,0,7,7,6,5,9,8,11,11,0,22,0.5,True
held_out_22,train_1901,dacd03b3572d1d616311415e89133d16df11e42e2fcb87bc4afde9c33d85bdb4,2,4,0,5,2,3,0,1,7,7,1,5,4,4,11,11,0,22,0.5,True
held_out_22,train_1905,ca4c59529504c01e39813610039dc2304719ac5150d4f3f29299c4a39779c670,3,5,6,3,3,4,2,0,7,7,1,6,6,7,11,11,0,22,0.5,True
held_out_22,train_1907,aecb242fe18961be4f292564e3b381526e09bdfa4e23a80fc033168d5b52a0ae,5,4,6,6,1,2,2,0,7,7,6,7,9,10,11,11,0,22,0.5,True
held_out_22,train_1910,4733bb7e97d267a26ecc03d5675e4097b5084f0ed4d79c90b0a31b6d3a5c2877,2,1,5,4,5,1,2,2,7,7,5,1,5,5,11,11,0,22,0.5,True
held_out_22,train_1911,16280b36e252d1514ba592559b0eb632ebcc65239ab26fd5241391c2da3d9f88,4,6,1,5,5,6,2,1,7,7,1,7,5,5,11,11,0,22,0.5,True
held_out_22,train_1913,55873e6dba2b1f8e8718b4aafd1f60a66acacb49154f2606ebc93c2a2d06a23b,1,4,3,5,0,3,3,2,7,7,2,6,5,5,11,11,0,22,0.5,True
held_out_22,train_1916,85ab4b83b5b96569894beefd30aa83375989a2c2899bed521ece1106a06aa9cc,2,0,0,1,3,0,2,3,7,7,1,5,4,4,11,11,0,22,0.5,True
held_out_22,train_1917,5f836f7a765818a47de61dbc16373712484d939872a53f357ae86f7e0f7d1605,5,6,6,4,4,6,6,0,7,7,1,7,4,4,11,11,0,22,0.5,True
held_out_22,train_1920,cc179ea916b5cabf84789f419293593154ef22c201adf9eee3320d3eee509cd7,1,5,3,4,1,2,6,3,7,7,3,7,4,4,11,11,0,22,0.5,True
held_out_22,train_1921,5badf02882dbc23daccce7bb7305d792bfeecad3dc95d754e2f6c6b9f53083d0,5,2,6,5,3,5,0,4,7,7,7,7,9,9,11,11,0,22,0.5,True
held_out_22,train_1923,37d1cdea6194af18609996c77123c6a2bd83afcbd064cebdcc51c51fc3c570cb,3,0,3,6,3,3,4,1,7,7,5,2,11,12,11,11,0,22,0.5,True
held_out_22,train_1924,d3cd527225ce7860b4a770c0571f0e1b9886c1feb783fbc38406c2c50ec946bf,1,6,5,1,0,3,6,3,7,7,6,8,7,7,11,11,0,22,0.5,True
held_out_22,train_1925,b1f4880f4f1c1dbacbdec9a2b10793bd4384858c2abb2aef203122fd91c9a3f0,6,2,6,6,2,6,0,4,7,7,8,8,8,8,11,11,0,22,0.5,True
held_out_22,train_1926,d9fa2c25bcaff7d6210efe42c4ef23eaf7aa4a66d668ae37d47f62a5742bfe02,4,5,6,6,1,5,4,1,7,7,3,8,6,7,11,11,0,22,0.5,True
held_out_22,train_1927,0e8801bfb2f8abb2ed36fd0ff56845dfcbaa1ad14f0fdfb1bcbe3ae6e31ace0b,0,1,4,4,4,0,1,0,7,7,5,2,6,7,11,11,0,22,0.5,True
held_out_22,train_1928,4eeb14c0fd8ffb84f66d547e7f349f4258d1bcb40eb821e2dd604d44f435d6e3,2,3,0,6,1,1,5,2,7,7,3,4,8,9,11,11,0,22,0.5,True
held_out_22,train_1930,efb5ea55cdc6637780d5ce5739576c92b974cf681433a2fe476e6157fcd3bf68,5,5,6,0,1,6,4,6,7,7,5,2,11,12,11,11,0,22,0.5,True
held_out_22,train_1931,f07768800e347776ffffbfe078c6b616b7bf3fbe199317e00c9052d5048f1aff,5,2,3,1,0,5,2,6,7,7,8,7,7,6,11,11,0,22,0.5,True
held_out_22,train_1933,0eb637fd237a5531c9312e0664b0651cee302d5bddac18ea0de4ba57195ad577,4,2,6,4,2,5,3,0,7,7,5,3,7,7,11,11,0,22,0.5,True
held_out_22,train_1934,7802149b2da13adff323c2ff15e84c59149bd801d6edeaf2fc48a0101f9cd43c,6,4,1,6,4,1,5,3,7,7,5,2,8,7,11,11,0,22,0.5,True
held_out_22,train_1936,d75367f94b63c98d626357d476aaa90421750028d061716f4354f1e18388d80a,6,2,4,6,3,1,0,3,7,7,4,7,6,7,11,11,0,22,0.5,True
held_out_22,train_1937,138e1b559a3f5f663e79cbbb12ac8a60604609458673e7d0dab4889f7c62348f,5,4,4,1,5,6,2,5,7,7,4,4,8,8,11,11,0,22,0.5,True
held_out_22,train_1938,ff3213cb8da2aef43a70a59e5e2127b94258ce75d099f38090030dd30059a7d3,4,4,5,0,3,5,5,4,7,7,2,1,7,6,11,11,0,22,0.5,True
held_out_22,train_1939,ec605a6aac9e96191462f2963bac8c5c2c2498f41d79e1a3730b3ee99800a7a4,3,5,2,0,0,5,4,5,7,7,3,1,7,7,11,11,0,22,0.5,True
held_out_22,train_1940,b31145a0166562b34a471fa62e9b89012998d8d705025eb9a7bad0ff9f6ff39a,5,2,6,0,4,6,3,4,7,7,5,4,8,7,11,11,0,22,0.5,True
held_out_22,train_1941,a87391884d58cf767d3de865fdd78b5b38d80e7ed91a849cba0c1113c7ea059b,5,0,6,5,3,6,5,2,7,7,8,2,4,4,11,11,0,22,0.5,True
held_out_22,train_1944,48bf46cdf92ec28a720e5a1d8340ac527f898ca83b8d798ba314fb55d6d3d9b3,1,2,5,4,3,0,2,2,7,7,4,1,8,9,11,11,0,22,0.5,True
held_out_22,train_1945,08dcf3fc624ba45a22e49c6aa1e5d8c98dc224ab45bf69ce9836a9defbebea56,2,5,2,1,6,1,4,3,7,7,8,4,4,4,11,11,0,22,0.5,True
held_out_22,train_1947,2e952e283498fa73d1cd9371723c4398083a96a5c504a7cde91d401260eb1ce8,1,3,0,5,3,2,1,0,7,7,3,3,6,6,11,11,0,22,0.5,True
held_out_22,train_1950,d38aef01706ab1d5e1bdf6352eaf355b9c111e0d96b4a3432f6b3ac47bcc9567,6,4,1,4,2,0,5,3,7,7,8,2,5,5,11,11,0,22,0.5,True
held_out_22,train_1952,5b42563335ed338158b0e7355d0633ba3f932af17ae842eaff3641d8e0aa5e83,3,0,5,3,5,0,2,1,7,7,8,2,5,5,11,11,0,22,0.5,True
held_out_22,train_1953,8a074d077b1cb9fa2a9218e29947267cf22055fae12f040dc876ff85140220d1,4,3,3,1,6,6,3,6,7,7,5,8,8,7,11,11,0,22,0.5,True
held_out_22,train_1954,bd70f1e256269a22b5160ea99a04a89d182bf992540fd76533f77326579bb866,0,0,3,0,6,1,1,2,7,7,7,3,4,4,11,11,0,22,0.5,True
held_out_22,train_1959,c371015df7d2a48ca2dd47ec975e8f8a33d1790ba2208daa73985b0e095cd69a,0,4,1,0,4,2,1,3,7,7,6,2,5,5,11,11,0,22,0.5,True
held_out_22,train_1960,fd180fbd1d65aba3ff6bf306a7ecf4640f75b6e9684944ad8c197cb458a52419,1,6,3,4,1,1,6,6,7,7,7,7,5,5,11,11,0,22,0.5,True
held_out_22,train_1964,694c271cca62595d3954f73ca4a51ab1c9a519d2dd53e23b96315d76ff3e3d09,3,1,6,4,0,1,0,6,7,7,5,8,9,8,11,11,0,22,0.5,True
held_out_22,train_1965,170cf69d71a2c8f53864469ade2dbaf78299d8781483f1033ed1b3747eefc428,2,4,3,1,2,5,5,4,7,7,1,3,5,5,11,11,0,22,0.5,True
held_out_22,train_1967,5f3926d26356cd88d69849cd233d578b5c053a1bd03e56ee9cd810f2a7eee366,6,6,0,0,5,5,4,3,7,7,2,5,10,9,11,11,0,22,0.5,True
held_out_22,train_1968,7c57bc225e8131449d320cb541f83e5dbea0e2769f1ccfe309b1209f38185092,3,4,4,0,1,1,6,2,7,7,5,5,4,4,11,11,0,22,0.5,True
held_out_22,train_1970,6543705e593d48ee108730988c608c5f76ea798753cbc2e08557ad42c185e2db,4,4,5,6,0,4,4,1,7,7,6,3,7,6,11,11,0,22,0.5,True
held_out_22,train_1972,9902d892e60a931398ef58d33442d9dc4792a72caeca75370c4f8819c2c01697,0,1,6,1,0,0,3,4,7,7,1,6,7,6,11,11,0,22,0.5,True
held_out_22,train_1973,a7a005e797389250a9be4bfd785604e6dc51f8d9d451228550eb6f2f3f3260ba,3,2,3,4,6,1,4,0,7,7,4,3,10,9,11,11,0,22,0.5,True
held_out_22,train_1974,f1ef9b22dc90913b3b820578df843248e7e6d662229b30be8eff7dc1fd51971d,1,4,6,3,5,2,0,4,7,7,6,1,6,7,11,11,0,22,0.5,True
held_out_22,train_1975,15244ccfd91f3e62b8e4b6e1545d641e7c825053065e6b62d3c8988d041748ad,3,3,4,0,4,3,2,2,7,7,1,6,7,6,11,11,0,22,0.5,True
held_out_22,train_1977,f410de1866f6bd671eb9bb6396447e38e5cdb004ada97f2704aca18106191acf,4,6,0,4,2,1,4,5,7,7,7,1,5,5,11,11,0,22,0.5,True
held_out_22,train_1978,ec84d97df5cc1c1a054426aca14c23d8210ca88e5bb6240cff08f0fde84dd040,2,1,4,0,3,5,0,3,7,7,5,4,6,7,11,11,0,22,0.5,True
held_out_22,train_1982,c353d2ef095434f778a19c01d133a84d0e93501bc711dfc4230b3d6d5e4ae32d,5,6,4,3,6,5,3,0,7,7,8,8,4,4,11,11,0,22,0.5,True
held_out_22,train_1983,8a1728e56b1c5631ba2be2bdee71758bea2a076c1128983422921f58ab2ba4d9,3,3,0,5,3,0,5,3,7,7,3,2,8,7,11,11,0,22,0.5,True
held_out_22,train_1986,b1ff07715268c510602eab45f9262c0a36ec60f0094fa25477338f8d0a80e0fd,2,0,0,6,0,3,5,3,7,7,5,6,9,8,11,11,0,22,0.5,True
held_out_22,train_1987,c9343c82ed55cd9f7832b34a90ebde0c72236305f21714abbef5ad3929640c70,2,1,0,5,2,0,0,1,7,7,1,2,7,8,11,11,0,22,0.5,True
held_out_22,train_1988,8d1ad1b63f2459733e6ac488034d4cbdf4ba5704805544e7536fdc7c17fad33c,2,5,4,6,3,3,5,3,7,7,3,5,4,4,11,11,0,22,0.5,True
held_out_22,train_1990,750a2bfd6cccf5fe1579c85ca71b3928f54850cd66d2f95187c8580a8065a95f,1,6,4,0,2,5,6,4,7,7,2,7,7,6,11,11,0,22,0.5,True
held_out_22,train_1996,88724389569e80af1035a3a9d628a53bbfb2ce7598155b4e42e97c5c9e91999d,4,1,1,1,1,5,4,6,7,7,7,7,8,8,11,11,0,22,0.5,True
held_out_22,train_1997,45436b3e763a00565417d65ecef487ad142eb320dd4dd5ee179de39b66bfedd0,4,4,2,0,6,3,3,3,7,7,7,2,7,6,11,11,0,22,0.5,True
held_out_22,train_1998,8221e4e56d30f9f2ba4633855674d16677a03e2550e772a6797bde0f6ac0fa1c,1,5,6,2,5,1,1,3,7,7,8,4,6,6,11,11,0,22,0.5,True
held_out_22,train_1999,6df030bcbe55bcf440ca375ac5880e5018b0aab02a22bb06d8c2394033e35107,4,0,5,6,0,4,1,2,7,7,8,5,9,8,11,11,0,22,0.5,True
