layout_id,ego_to_red,ego_to_blue,partner_to_red,partner_to_blue,wall_count,grid_cells,wall_density_percent,partner_equidistant,partner_distance_delta_red_minus_blue
train_0000,2,2,8,8,12,49,24.489795918367346,True,0
train_0001,2,7,6,7,12,49,24.489795918367346,False,-1
train_0002,4,2,4,4,8,49,16.3265306122449,True,0
train_0003,4,5,7,6,17,49,34.69387755102041,False,1
train_0004,4,4,6,6,15,49,30.612244897959183,True,0
train_0005,2,3,7,8,13,49,26.53061224489796,False,-1
train_0006,2,7,7,8,9,49,18.367346938775512,False,-1
train_0007,6,7,8,9,9,49,18.367346938775512,False,-1
train_0008,6,10,7,7,6,49,12.244897959183673,True,0
train_0009,4,11,9,8,11,49,22.448979591836736,False,1
train_0010,2,5,8,7,8,49,16.3265306122449,False,1
train_0011,11,7,8,8,11,49,22.448979591836736,True,0
train_0012,4,6,8,8,20,49,40.816326530612244,True,0
train_0013,3,3,4,4,8,49,16.3265306122449,True,0
train_0014,6,1,7,6,11,49,22.448979591836736,False,1
train_0015,2,5,7,8,10,49,20.408163265306122,False,-1
train_0016,1,3,4,4,16,49,32.6530612244898,True,0
train_0017,11,4,9,10,13,49,26.53061224489796,False,-1
train_0018,4,1,7,6,5,49,10.204081632653061,False,1
train_0019,3,7,4,4,13,49,26.53061224489796,True,0
train_0020,4,3,9,8,9,49,18.367346938775512,False,1
train_0021,2,11,6,7,13,49,26.53061224489796,False,-1
train_0022,6,6,11,11,17,49,34.69387755102041,True,0
train_0023,3,7,6,6,8,49,16.3265306122449,True,0
train_0024,8,8,10,10,6,49,12.244897959183673,True,0
train_0025,1,8,7,6,12,49,24.489795918367346,False,1
train_0026,2,10,6,6,9,49,18.367346938775512,True,0
train_0027,5,6,8,7,9,49,18.367346938775512,False,1
train_0028,3,4,7,8,14,49,28.571428571428573,False,-1
train_0029,11,7,10,10,14,49,28.571428571428573,True,0
train_0030,3,7,4,4,11,49,22.448979591836736,True,0
train_0031,8,4,7,7,8,49,16.3265306122449,True,0
train_0032,5,11,5,5,20,49,40.816326530612244,True,0
train_0033,9,5,6,6,11,49,22.448979591836736,True,0
train_0034,2,8,6,6,6,49,12.244897959183673,True,0
train_0035,1,4,9,10,10,49,20.408163265306122,False,-1
train_0036,6,3,10,9,13,49,26.53061224489796,False,1
train_0037,8,4,4,4,13,49,26.53061224489796,True,0
train_0038,5,12,6,7,15,49,30.612244897959183,False,-1
train_0039,3,2,8,7,13,49,26.53061224489796,False,1
train_0040,2,1,7,8,10,49,20.408163265306122,False,-1
train_0041,5,1,5,5,14,49,28.571428571428573,True,0
train_0042,5,3,4,4,12,49,24.489795918367346,True,0
train_0043,1,11,5,5,15,49,30.612244897959183,True,0
train_0044,9,11,10,12,9,49,18.367346938775512,False,-2
train_0045,8,6,6,6,10,49,20.408163265306122,True,0
train_0046,12,12,7,7,20,49,40.816326530612244,True,0
train_0047,8,6,7,7,9,49,18.367346938775512,True,0
train_0048,5,3,6,6,13,49,26.53061224489796,True,0
train_0049,5,5,6,6,10,49,20.408163265306122,True,0
train_0050,2,10,7,7,16,49,32.6530612244898,True,0
train_0051,1,5,6,6,8,49,16.3265306122449,True,0
train_0052,8,4,4,4,11,49,22.448979591836736,True,0
train_0053,3,7,4,4,11,49,22.448979591836736,True,0
train_0054,3,5,10,12,19,49,38.775510204081634,False,-2
train_0055,4,8,7,7,8,49,16.3265306122449,True,0
train_0056,2,3,6,7,6,49,12.244897959183673,False,-1
train_0057,4,2,6,6,9,49,18.367346938775512,True,0
train_0058,4,7,7,6,4,49,8.16326530612245,False,1
train_0059,3,5,4,4,15,49,30.612244897959183,True,0
train_0060,6,7,8,9,16,49,32.6530612244898,False,-1
train_0061,5,6,6,7,22,49,44.89795918367347,False,-1
train_0062,1,4,9,8,8,49,16.3265306122449,False,1
train_0063,9,9,10,10,11,49,22.448979591836736,True,0
train_0064,8,4,9,9,8,49,16.3265306122449,True,0
train_0065,2,5,7,6,13,49,26.53061224489796,False,1
train_0066,3,3,6,6,10,49,20.408163265306122,True,0
train_0067,3,6,8,7,7,49,14.285714285714286,False,1
train_0068,7,7,10,10,10,49,20.408163265306122,True,0
train_0069,5,6,8,7,10,49,20.408163265306122,False,1
train_0070,10,5,8,9,11,49,22.448979591836736,False,-1
train_0071,6,7,7,6,11,49,22.448979591836736,False,1
train_0072,8,9,7,6,18,49,36.734693877551024,False,1
train_0073,6,3,7,8,21,49,42.857142857142854,False,-1
train_0074,6,8,4,4,14,49,28.571428571428573,True,0
train_0075,4,2,6,6,9,49,18.367346938775512,True,0
train_0076,3,2,6,7,10,49,20.408163265306122,False,-1
train_0077,2,5,8,7,12,49,24.489795918367346,False,1
train_0078,5,1,6,6,4,49,8.16326530612245,True,0
train_0079,6,3,7,8,12,49,24.489795918367346,False,-1
train_0080,5,1,4,4,12,49,24.489795918367346,True,0
train_0081,7,1,6,6,14,49,28.571428571428573,True,0
train_0082,8,4,5,5,9,49,18.367346938775512,True,0
train_0083,7,5,4,4,16,49,32.6530612244898,True,0
train_0084,5,1,5,5,13,49,26.53061224489796,True,0
train_0085,3,2,7,8,6,49,12.244897959183673,False,-1
train_0086,6,6,5,5,15,49,30.612244897959183,True,0
train_0087,6,2,6,6,12,49,24.489795918367346,True,0
train_0088,3,2,7,6,22,49,44.89795918367347,False,1
train_0089,7,8,9,8,10,49,20.408163265306122,False,1
train_0090,10,5,7,6,13,49,26.53061224489796,False,1
train_0091,4,1,7,6,16,49,32.6530612244898,False,1
train_0092,4,16,6,6,17,49,34.69387755102041,True,0
train_0093,2,5,11,10,6,49,12.244897959183673,False,1
train_0094,5,8,9,8,9,49,18.367346938775512,False,1
train_0095,2,1,8,7,20,49,40.816326530612244,False,1
train_0096,5,4,8,7,10,49,20.408163265306122,False,1
train_0097,2,4,6,6,8,49,16.3265306122449,True,0
train_0098,1,8,7,6,9,49,18.367346938775512,False,1
train_0099,8,7,8,7,26,49,53.06122448979592,False,1
train_0100,3,9,5,5,13,49,26.53061224489796,True,0
train_0101,4,2,6,6,14,49,28.571428571428573,True,0
train_0102,6,2,6,6,15,49,30.612244897959183,True,0
train_0103,5,3,6,6,11,49,22.448979591836736,True,0
train_0104,8,1,7,8,8,49,16.3265306122449,False,-1
train_0105,9,1,6,6,6,49,12.244897959183673,True,0
train_0106,2,2,7,7,17,49,34.69387755102041,True,0
train_0107,1,7,4,4,4,49,8.16326530612245,True,0
train_0108,5,1,10,10,9,49,18.367346938775512,True,0
train_0109,5,8,7,6,17,49,34.69387755102041,False,1
train_0110,6,9,7,6,13,49,26.53061224489796,False,1
train_0111,3,6,8,7,9,49,18.367346938775512,False,1
train_0112,2,3,8,9,15,49,30.612244897959183,False,-1
train_0113,3,5,8,8,17,49,34.69387755102041,True,0
train_0114,2,9,7,6,14,49,28.571428571428573,False,1
train_0115,2,1,7,6,12,49,24.489795918367346,False,1
train_0116,5,1,4,4,17,49,34.69387755102041,True,0
train_0117,5,8,6,7,5,49,10.204081632653061,False,-1
train_0118,8,1,6,7,8,49,16.3265306122449,False,-1
train_0119,1,5,4,4,12,49,24.489795918367346,True,0
train_0120,8,6,7,7,8,49,16.3265306122449,True,0
train_0121,5,3,7,7,11,49,22.448979591836736,True,0
train_0122,4,7,6,7,20,49,40.816326530612244,False,-1
train_0123,2,4,8,8,9,49,18.367346938775512,True,0
train_0124,2,1,9,8,18,49,36.734693877551024,False,1
train_0125,2,4,5,5,19,49,38.775510204081634,True,0
train_0126,4,3,7,6,18,49,36.734693877551024,False,1
train_0127,3,6,6,7,13,49,26.53061224489796,False,-1
train_0128,5,6,8,9,19,49,38.775510204081634,False,-1
train_0129,4,3,6,7,8,49,16.3265306122449,False,-1
train_0130,4,7,6,7,14,49,28.571428571428573,False,-1
train_0131,5,4,6,7,8,49,16.3265306122449,False,-1
train_0132,5,6,7,8,11,49,22.448979591836736,False,-1
train_0133,10,10,13,11,15,49,30.612244897959183,False,2
train_0134,1,5,4,4,8,49,16.3265306122449,True,0
train_0135,6,4,5,5,20,49,40.816326530612244,True,0
train_0136,8,4,8,8,9,49,18.367346938775512,True,0
train_0137,2,8,5,5,17,49,34.69387755102041,True,0
train_0138,4,5,7,8,20,49,40.816326530612244,False,-1
train_0139,8,8,11,11,16,49,32.6530612244898,True,0
train_0140,10,7,9,8,8,49,16.3265306122449,False,1
train_0141,7,5,5,5,10,49,20.408163265306122,True,0
train_0142,7,11,8,8,10,49,20.408163265306122,True,0
train_0143,6,3,7,6,8,49,16.3265306122449,False,1
train_0144,2,10,6,6,10,49,20.408163265306122,True,0
train_0145,9,6,6,7,6,49,12.244897959183673,False,-1
train_0146,7,6,8,7,13,49,26.53061224489796,False,1
train_0147,8,7,12,11,19,49,38.775510204081634,False,1
train_0148,8,1,7,6,6,49,12.244897959183673,False,1
train_0149,4,1,7,8,16,49,32.6530612244898,False,-1
train_0150,3,4,7,6,7,49,14.285714285714286,False,1
train_0151,8,2,5,5,9,49,18.367346938775512,True,0
train_0152,5,4,10,9,18,49,36.734693877551024,False,1
train_0153,5,8,7,6,8,49,16.3265306122449,False,1
train_0154,11,6,8,7,10,49,20.408163265306122,False,1
train_0155,7,3,5,5,9,49,18.367346938775512,True,0
train_0156,4,4,9,9,9,49,18.367346938775512,True,0
train_0157,6,2,5,5,10,49,20.408163265306122,True,0
train_0158,2,8,7,7,12,49,24.489795918367346,True,0
train_0159,1,4,9,8,11,49,22.448979591836736,False,1
train_0160,3,4,7,6,12,49,24.489795918367346,False,1
train_0161,3,7,5,5,11,49,22.448979591836736,True,0
train_0162,3,2,9,8,17,49,34.69387755102041,False,1
train_0163,1,5,7,7,4,49,8.16326530612245,True,0
train_0164,3,1,4,4,12,49,24.489795918367346,True,0
train_0165,6,1,6,7,10,49,20.408163265306122,False,-1
train_0166,5,1,6,6,11,49,22.448979591836736,True,0
train_0167,7,2,7,8,10,49,20.408163265306122,False,-1
train_0168,2,7,6,7,13,49,26.53061224489796,False,-1
train_0169,6,8,5,5,9,49,18.367346938775512,True,0
train_0170,17,9,5,5,18,49,36.734693877551024,True,0
train_0171,3,6,8,7,10,49,20.408163265306122,False,1
train_0172,7,7,10,10,16,49,32.6530612244898,True,0
train_0173,1,10,8,7,5,49,10.204081632653061,False,1
train_0174,5,4,9,8,12,49,24.489795918367346,False,1
train_0175,8,5,8,7,12,49,24.489795918367346,False,1
train_0176,6,7,8,7,19,49,38.775510204081634,False,1
train_0177,10,7,7,8,11,49,22.448979591836736,False,-1
train_0178,6,8,4,4,19,49,38.775510204081634,True,0
train_0179,8,1,8,7,14,49,28.571428571428573,False,1
train_0180,6,3,6,7,10,49,20.408163265306122,False,-1
train_0181,2,10,6,6,14,49,28.571428571428573,True,0
train_0182,2,4,5,5,13,49,26.53061224489796,True,0
train_0183,5,2,7,8,9,49,18.367346938775512,False,-1
train_0184,5,2,9,10,13,49,26.53061224489796,False,-1
train_0185,2,2,5,5,8,49,16.3265306122449,True,0
train_0186,7,1,5,5,18,49,36.734693877551024,True,0
train_0187,6,2,4,4,21,49,42.857142857142854,True,0
train_0188,4,1,7,6,13,49,26.53061224489796,False,1
train_0189,6,8,5,5,10,49,20.408163265306122,True,0
train_0190,2,1,8,7,13,49,26.53061224489796,False,1
train_0191,3,6,10,9,12,49,24.489795918367346,False,1
train_0192,7,10,7,6,16,49,32.6530612244898,False,1
train_0193,8,3,6,7,15,49,30.612244897959183,False,-1
train_0194,3,2,7,8,10,49,20.408163265306122,False,-1
train_0195,2,7,7,8,9,49,18.367346938775512,False,-1
train_0196,8,4,5,5,6,49,12.244897959183673,True,0
train_0197,2,9,6,7,11,49,22.448979591836736,False,-1
train_0198,3,6,11,10,7,49,14.285714285714286,False,1
train_0199,4,1,9,10,11,49,22.448979591836736,False,-1
train_0200,11,2,6,7,6,49,12.244897959183673,False,-1
train_0201,6,8,4,4,13,49,26.53061224489796,True,0
train_0202,7,4,8,7,10,49,20.408163265306122,False,1
train_0203,1,4,11,10,11,49,22.448979591836736,False,1
train_0204,3,2,8,9,18,49,36.734693877551024,False,-1
train_0205,8,6,14,12,16,49,32.6530612244898,False,2
train_0206,6,1,7,8,8,49,16.3265306122449,False,-1
train_0207,2,3,7,6,6,49,12.244897959183673,False,1
train_0208,4,9,9,10,13,49,26.53061224489796,False,-1
train_0209,5,1,4,4,7,49,14.285714285714286,True,0
train_0210,8,2,5,5,8,49,16.3265306122449,True,0
train_0211,6,8,12,14,16,49,32.6530612244898,False,-2
train_0212,2,3,6,7,13,49,26.53061224489796,False,-1
train_0213,4,13,6,7,15,49,30.612244897959183,False,-1
train_0214,7,8,6,7,8,49,16.3265306122449,False,-1
train_0215,5,4,7,8,11,49,22.448979591836736,False,-1
train_0216,8,8,8,8,17,49,34.69387755102041,True,0
train_0217,4,3,7,8,12,49,24.489795918367346,False,-1
train_0218,4,4,13,11,19,49,38.775510204081634,False,2
train_0219,6,6,4,4,13,49,26.53061224489796,True,0
train_0220,8,4,4,4,17,49,34.69387755102041,True,0
train_0221,5,2,9,8,14,49,28.571428571428573,False,1
train_0222,7,7,6,6,8,49,16.3265306122449,True,0
train_0223,3,4,8,7,12,49,24.489795918367346,False,1
train_0224,9,4,6,7,11,49,22.448979591836736,False,-1
train_0225,11,12,6,7,16,49,32.6530612244898,False,-1
train_0226,5,1,4,4,9,49,18.367346938775512,True,0
train_0227,3,8,7,6,20,49,40.816326530612244,False,1
train_0228,7,4,8,7,9,49,18.367346938775512,False,1
train_0229,3,3,7,7,13,49,26.53061224489796,True,0
train_0230,1,3,4,4,4,49,8.16326530612245,True,0
train_0231,2,7,7,8,20,49,40.816326530612244,False,-1
train_0232,4,3,12,11,19,49,38.775510204081634,False,1
train_0233,7,4,6,7,14,49,28.571428571428573,False,-1
train_0234,4,7,7,6,12,49,24.489795918367346,False,1
train_0235,8,8,8,8,16,49,32.6530612244898,True,0
train_0236,3,7,6,6,16,49,32.6530612244898,True,0
train_0237,8,1,8,7,20,49,40.816326530612244,False,1
train_0238,2,9,7,6,7,49,14.285714285714286,False,1
train_0239,11,4,8,7,9,49,18.367346938775512,False,1
train_0240,2,8,5,5,10,49,20.408163265306122,True,0
train_0241,6,10,7,7,11,49,22.448979591836736,True,0
train_0242,4,5,6,7,10,49,20.408163265306122,False,-1
train_0243,2,6,6,6,9,49,18.367346938775512,True,0
train_0244,6,8,8,8,7,49,14.285714285714286,True,0
train_0245,4,2,4,4,11,49,22.448979591836736,True,0
train_0246,4,1,9,8,6,49,12.244897959183673,False,1
train_0247,4,8,4,4,8,49,16.3265306122449,True,0
train_0248,1,8,8,7,11,49,22.448979591836736,False,1
train_0249,10,10,9,9,10,49,20.408163265306122,True,0
train_0250,7,1,8,8,16,49,32.6530612244898,True,0
train_0251,3,1,4,4,14,49,28.571428571428573,True,0
train_0252,7,2,6,7,13,49,26.53061224489796,False,-1
train_0253,9,3,9,9,16,49,32.6530612244898,True,0
train_0254,5,2,9,8,12,49,24.489795918367346,False,1
train_0255,8,9,8,9,15,49,30.612244897959183,False,-1
train_0256,2,9,8,7,8,49,16.3265306122449,False,1
train_0257,10,5,7,8,19,49,38.775510204081634,False,-1
train_0258,2,3,7,6,7,49,14.285714285714286,False,1
train_0259,8,3,8,9,8,49,16.3265306122449,False,-1
train_0260,5,2,7,6,15,49,30.612244897959183,False,1
train_0261,4,1,8,7,9,49,18.367346938775512,False,1
train_0262,2,1,6,7,8,49,16.3265306122449,False,-1
train_0263,3,7,4,4,17,49,34.69387755102041,True,0
train_0264,6,7,7,8,15,49,30.612244897959183,False,-1
train_0265,9,5,8,8,13,49,26.53061224489796,True,0
train_0266,6,6,12,12,14,49,28.571428571428573,True,0
train_0267,6,2,6,6,10,49,20.408163265306122,True,0
train_0268,1,6,11,12,14,49,28.571428571428573,False,-1
train_0269,2,8,5,5,16,49,32.6530612244898,True,0
train_0270,7,4,8,9,14,49,28.571428571428573,False,-1
train_0271,1,6,6,7,13,49,26.53061224489796,False,-1
train_0272,5,4,9,8,16,49,32.6530612244898,False,1
train_0273,3,1,4,4,15,49,30.612244897959183,True,0
train_0274,10,11,7,8,21,49,42.857142857142854,False,-1
train_0275,5,3,6,6,10,49,20.408163265306122,True,0
train_0276,7,4,9,8,11,49,22.448979591836736,False,1
train_0277,1,3,6,6,12,49,24.489795918367346,True,0
train_0278,7,1,4,4,13,49,26.53061224489796,True,0
train_0279,6,7,9,8,6,49,12.244897959183673,False,1
train_0280,3,4,7,8,23,49,46.93877551020408,False,-1
train_0281,3,7,7,7,7,49,14.285714285714286,True,0
train_0282,4,2,6,6,18,49,36.734693877551024,True,0
train_0283,6,7,9,10,10,49,20.408163265306122,False,-1
train_0284,1,3,7,7,12,49,24.489795918367346,True,0
train_0285,9,6,6,7,14,49,28.571428571428573,False,-1
train_0286,4,9,8,9,12,49,24.489795918367346,False,-1
train_0287,1,7,6,6,11,49,22.448979591836736,True,0
train_0288,8,5,6,7,15,49,30.612244897959183,False,-1
train_0289,3,1,6,6,9,49,18.367346938775512,True,0
train_0290,5,1,4,4,11,49,22.448979591836736,True,0
train_0291,4,3,8,9,13,49,26.53061224489796,False,-1
train_0292,4,2,12,10,12,49,24.489795918367346,False,2
train_0293,10,1,6,7,12,49,24.489795918367346,False,-1
train_0294,12,4,5,5,12,49,24.489795918367346,True,0
train_0295,8,2,12,10,9,49,18.367346938775512,False,2
train_0296,1,7,4,4,23,49,46.93877551020408,True,0
train_0297,3,4,8,7,8,49,16.3265306122449,False,1
train_0298,4,8,4,4,17,49,34.69387755102041,True,0
train_0299,6,7,6,7,10,49,20.408163265306122,False,-1
train_0300,2,6,4,4,7,49,14.285714285714286,True,0
train_0301,1,4,7,8,13,49,26.53061224489796,False,-1
train_0302,3,6,9,10,18,49,36.734693877551024,False,-1
train_0303,5,5,6,6,10,49,20.408163265306122,True,0
train_0304,2,8,7,7,17,49,34.69387755102041,True,0
train_0305,2,3,10,9,18,49,36.734693877551024,False,1
train_0306,5,4,8,7,15,49,30.612244897959183,False,1
train_0307,5,5,4,4,5,49,10.204081632653061,True,0
train_0308,6,2,5,5,9,49,18.367346938775512,True,0
train_0309,5,8,7,6,9,49,18.367346938775512,False,1
train_0310,4,5,7,6,7,49,14.285714285714286,False,1
train_0311,2,3,7,8,14,49,28.571428571428573,False,-1
train_0312,5,5,4,4,9,49,18.367346938775512,True,0
train_0313,9,1,9,9,19,49,38.775510204081634,True,0
train_0314,7,5,4,4,18,49,36.734693877551024,True,0
train_0315,5,1,5,5,13,49,26.53061224489796,True,0
train_0316,1,5,7,7,6,49,12.244897959183673,True,0
train_0317,4,9,7,8,12,49,24.489795918367346,False,-1
train_0318,10,8,5,5,11,49,22.448979591836736,True,0
train_0319,5,1,6,6,10,49,20.408163265306122,True,0
train_0320,4,3,11,10,6,49,12.244897959183673,False,1
train_0321,13,13,10,10,13,49,26.53061224489796,True,0
train_0322,2,5,11,10,14,49,28.571428571428573,False,1
train_0323,1,7,5,5,8,49,16.3265306122449,True,0
train_0324,8,5,6,7,19,49,38.775510204081634,False,-1
train_0325,3,2,6,7,9,49,18.367346938775512,False,-1
train_0326,9,6,8,7,9,49,18.367346938775512,False,1
train_0327,6,4,5,5,9,49,18.367346938775512,True,0
train_0328,2,8,5,5,21,49,42.857142857142854,True,0
train_0329,2,8,4,4,14,49,28.571428571428573,True,0
train_0330,2,6,6,6,12,49,24.489795918367346,True,0
train_0331,1,4,6,7,11,49,22.448979591836736,False,-1
train_0332,7,3,4,4,22,49,44.89795918367347,True,0
train_0333,1,7,10,10,17,49,34.69387755102041,True,0
train_0334,4,10,5,5,11,49,22.448979591836736,True,0
train_0335,5,8,9,8,9,49,18.367346938775512,False,1
train_0336,5,9,5,5,11,49,22.448979591836736,True,0
train_0337,6,2,8,8,10,49,20.408163265306122,True,0
train_0338,6,8,4,4,17,49,34.69387755102041,True,0
train_0339,3,4,9,10,19,49,38.775510204081634,False,-1
train_0340,6,6,4,4,13,49,26.53061224489796,True,0
train_0341,2,5,6,7,3,49,6.122448979591836,False,-1
train_0342,1,4,7,6,11,49,22.448979591836736,False,1
train_0343,5,7,8,8,13,49,26.53061224489796,True,0
train_0344,3,8,7,6,10,49,20.408163265306122,False,1
train_0345,6,12,5,5,15,49,30.612244897959183,True,0
train_0346,3,2,7,8,9,49,18.367346938775512,False,-1
train_0347,4,4,9,9,9,49,18.367346938775512,True,0
train_0348,10,5,7,6,18,49,36.734693877551024,False,1
train_0349,5,8,6,7,11,49,22.448979591836736,False,-1
train_0350,7,3,4,4,11,49,22.448979591836736,True,0
train_0351,2,1,7,8,15,49,30.612244897959183,False,-1
train_0352,8,2,6,6,12,49,24.489795918367346,True,0
train_0353,2,4,6,6,14,49,28.571428571428573,True,0
train_0354,5,1,8,8,14,49,28.571428571428573,True,0
train_0355,13,14,7,8,16,49,32.6530612244898,False,-1
train_0356,6,3,8,9,10,49,20.408163265306122,False,-1
train_0357,3,9,5,5,8,49,16.3265306122449,True,0
train_0358,7,1,7,7,12,49,24.489795918367346,True,0
train_0359,4,6,4,4,22,49,44.89795918367347,True,0
train_0360,2,1,6,7,7,49,14.285714285714286,False,-1
train_0361,9,1,6,6,7,49,14.285714285714286,True,0
train_0362,3,5,4,4,11,49,22.448979591836736,True,0
train_0363,5,5,4,4,11,49,22.448979591836736,True,0
train_0364,2,4,5,5,11,49,22.448979591836736,True,0
train_0365,1,5,9,9,11,49,22.448979591836736,True,0
train_0366,4,2,8,8,8,49,16.3265306122449,True,0
train_0367,11,12,8,9,17,49,34.69387755102041,False,-1
train_0368,6,1,6,7,14,49,28.571428571428573,False,-1
train_0369,9,5,13,15,12,49,24.489795918367346,False,-2
train_0370,3,5,6,6,4,49,8.16326530612245,True,0
train_0371,6,13,10,9,12,49,24.489795918367346,False,1
train_0372,4,10,5,5,13,49,26.53061224489796,True,0
train_0373,6,7,6,7,11,49,22.448979591836736,False,-1
train_0374,4,3,8,7,10,49,20.408163265306122,False,1
train_0375,3,2,11,10,17,49,34.69387755102041,False,1
train_0376,6,2,4,4,24,49,48.97959183673469,True,0
train_0377,1,4,6,7,18,49,36.734693877551024,False,-1
train_0378,2,5,9,8,10,49,20.408163265306122,False,1
train_0379,2,5,10,9,9,49,18.367346938775512,False,1
train_0380,14,4,5,5,11,49,22.448979591836736,True,0
train_0381,1,7,8,8,15,49,30.612244897959183,True,0
train_0382,8,4,5,5,29,49,59.183673469387756,True,0
train_0383,2,8,4,4,10,49,20.408163265306122,True,0
train_0384,2,3,6,7,10,49,20.408163265306122,False,-1
train_0385,2,3,7,6,11,49,22.448979591836736,False,1
train_0386,11,7,7,7,9,49,18.367346938775512,True,0
train_0387,5,14,6,7,13,49,26.53061224489796,False,-1
train_0388,7,3,4,4,11,49,22.448979591836736,True,0
train_0389,7,7,6,6,14,49,28.571428571428573,True,0
train_0390,7,5,6,6,9,49,18.367346938775512,True,0
train_0391,5,11,5,5,21,49,42.857142857142854,True,0
train_0392,1,7,9,9,20,49,40.816326530612244,True,0
train_0393,3,2,6,7,22,49,44.89795918367347,False,-1
train_0394,2,6,8,8,8,49,16.3265306122449,True,0
train_0395,2,6,4,4,12,49,24.489795918367346,True,0
train_0396,1,5,8,8,10,49,20.408163265306122,True,0
train_0397,5,6,6,7,12,49,24.489795918367346,False,-1
train_0398,5,2,8,9,14,49,28.571428571428573,False,-1
train_0399,1,7,6,6,5,49,10.204081632653061,True,0
train_0400,3,4,7,8,15,49,30.612244897959183,False,-1
train_0401,4,3,7,6,11,49,22.448979591836736,False,1
train_0402,3,4,7,6,23,49,46.93877551020408,False,1
train_0403,3,6,8,7,11,49,22.448979591836736,False,1
train_0404,2,4,5,5,12,49,24.489795918367346,True,0
train_0405,4,6,6,6,13,49,26.53061224489796,True,0
train_0406,5,4,6,7,19,49,38.775510204081634,False,-1
train_0407,9,1,10,12,22,49,44.89795918367347,False,-2
train_0408,4,8,7,7,10,49,20.408163265306122,True,0
train_0409,7,11,6,6,6,49,12.244897959183673,True,0
train_0410,7,4,8,7,16,49,32.6530612244898,False,1
train_0411,9,2,8,7,6,49,12.244897959183673,False,1
train_0412,3,4,7,6,24,49,48.97959183673469,False,1
train_0413,9,6,8,7,9,49,18.367346938775512,False,1
train_0414,1,7,4,4,17,49,34.69387755102041,True,0
train_0415,7,7,4,4,5,49,10.204081632653061,True,0
train_0416,5,4,7,8,8,49,16.3265306122449,False,-1
train_0417,1,7,4,4,13,49,26.53061224489796,True,0
train_0418,5,3,4,4,10,49,20.408163265306122,True,0
train_0419,2,2,10,10,13,49,26.53061224489796,True,0
train_0420,9,8,12,11,9,49,18.367346938775512,False,1
train_0421,2,1,6,7,17,49,34.69387755102041,False,-1
train_0422,5,1,8,8,19,49,38.775510204081634,True,0
train_0423,6,2,4,4,11,49,22.448979591836736,True,0
train_0424,5,10,7,8,12,49,24.489795918367346,False,-1
train_0425,5,3,9,9,19,49,38.775510204081634,True,0
train_0426,2,8,9,9,8,49,16.3265306122449,True,0
train_0427,5,2,6,7,6,49,12.244897959183673,False,-1
train_0428,2,4,6,6,16,49,32.6530612244898,True,0
train_0429,1,5,4,4,4,49,8.16326530612245,True,0
train_0430,4,2,4,4,10,49,20.408163265306122,True,0
train_0431,1,3,6,6,6,49,12.244897959183673,True,0
train_0432,4,3,7,8,14,49,28.571428571428573,False,-1
train_0433,3,1,8,8,10,49,20.408163265306122,True,0
train_0434,3,3,6,6,20,49,40.816326530612244,True,0
train_0435,4,2,5,5,13,49,26.53061224489796,True,0
train_0436,4,8,7,7,17,49,34.69387755102041,True,0
train_0437,7,4,7,6,9,49,18.367346938775512,False,1
train_0438,2,7,7,8,12,49,24.489795918367346,False,-1
train_0439,8,6,8,8,9,49,18.367346938775512,True,0
train_0440,5,3,8,8,14,49,28.571428571428573,True,0
train_0441,7,7,4,4,9,49,18.367346938775512,True,0
train_0442,6,3,7,6,23,49,46.93877551020408,False,1
train_0443,3,1,9,9,14,49,28.571428571428573,True,0
train_0444,3,6,7,6,10,49,20.408163265306122,False,1
train_0445,1,19,13,11,17,49,34.69387755102041,False,2
train_0446,7,1,7,7,13,49,26.53061224489796,True,0
train_0447,3,1,7,7,10,49,20.408163265306122,True,0
train_0448,2,8,8,8,4,49,8.16326530612245,True,0
train_0449,3,7,10,10,9,49,18.367346938775512,True,0
train_0450,6,6,4,4,12,49,24.489795918367346,True,0
train_0451,1,3,4,4,8,49,16.3265306122449,True,0
train_0452,5,7,6,6,6,49,12.244897959183673,True,0
train_0453,7,4,8,9,7,49,14.285714285714286,False,-1
train_0454,4,4,8,8,10,49,20.408163265306122,True,0
train_0455,4,3,7,8,6,49,12.244897959183673,False,-1
train_0456,6,4,7,7,4,49,8.16326530612245,True,0
train_0457,3,3,6,6,10,49,20.408163265306122,True,0
train_0458,10,5,7,6,10,49,20.408163265306122,False,1
train_0459,5,2,6,7,9,49,18.367346938775512,False,-1
train_0460,4,1,6,7,16,49,32.6530612244898,False,-1
train_0461,7,3,4,4,5,49,10.204081632653061,True,0
train_0462,3,2,8,9,11,49,22.448979591836736,False,-1
train_0463,2,6,4,4,15,49,30.612244897959183,True,0
train_0464,1,6,6,7,8,49,16.3265306122449,False,-1
train_0465,5,8,9,8,8,49,16.3265306122449,False,1
train_0466,5,3,6,6,7,49,14.285714285714286,True,0
train_0467,4,9,7,8,8,49,16.3265306122449,False,-1
train_0468,7,3,6,6,10,49,20.408163265306122,True,0
train_0469,7,8,8,9,17,49,34.69387755102041,False,-1
train_0470,8,7,8,7,6,49,12.244897959183673,False,1
train_0471,8,2,4,4,19,49,38.775510204081634,True,0
train_0472,6,11,9,10,7,49,14.285714285714286,False,-1
train_0473,3,7,6,6,13,49,26.53061224489796,True,0
train_0474,9,3,5,5,14,49,28.571428571428573,True,0
train_0475,4,11,9,8,9,49,18.367346938775512,False,1
train_0476,8,3,7,6,16,49,32.6530612244898,False,1
train_0477,12,8,5,5,11,49,22.448979591836736,True,0
train_0478,6,4,5,5,11,49,22.448979591836736,True,0
train_0479,4,2,5,5,8,49,16.3265306122449,True,0
train_0480,7,8,6,7,21,49,42.857142857142854,False,-1
train_0481,4,3,6,7,12,49,24.489795918367346,False,-1
train_0482,4,4,6,6,13,49,26.53061224489796,True,0
train_0483,2,7,7,6,11,49,22.448979591836736,False,1
train_0484,3,4,6,7,12,49,24.489795918367346,False,-1
train_0485,2,1,8,9,18,49,36.734693877551024,False,-1
train_0486,4,2,6,6,12,49,24.489795918367346,True,0
train_0487,4,5,7,6,5,49,10.204081632653061,False,1
train_0488,5,3,4,4,13,49,26.53061224489796,True,0
train_0489,8,1,7,6,15,49,30.612244897959183,False,1
train_0490,6,2,4,4,12,49,24.489795918367346,True,0
train_0491,6,12,7,7,10,49,20.408163265306122,True,0
train_0492,8,1,6,7,13,49,26.53061224489796,False,-1
train_0493,9,4,8,7,11,49,22.448979591836736,False,1
train_0494,1,14,6,7,14,49,28.571428571428573,False,-1
train_0495,8,4,9,9,13,49,26.53061224489796,True,0
train_0496,9,6,6,7,6,49,12.244897959183673,False,-1
train_0497,4,1,6,7,14,49,28.571428571428573,False,-1
train_0498,11,2,7,6,17,49,34.69387755102041,False,1
train_0499,6,4,5,5,8,49,16.3265306122449,True,0
train_0500,5,6,7,6,10,49,20.408163265306122,False,1
train_0501,3,1,5,5,19,49,38.775510204081634,True,0
train_0502,2,9,7,8,14,49,28.571428571428573,False,-1
train_0503,2,5,7,6,14,49,28.571428571428573,False,1
train_0504,6,5,8,7,11,49,22.448979591836736,False,1
train_0505,6,7,9,10,12,49,24.489795918367346,False,-1
train_0506,1,3,4,4,12,49,24.489795918367346,True,0
train_0507,10,5,9,8,12,49,24.489795918367346,False,1
train_0508,8,3,6,7,7,49,14.285714285714286,False,-1
train_0509,5,9,6,6,5,49,10.204081632653061,True,0
train_0510,8,9,7,8,16,49,32.6530612244898,False,-1
train_0511,10,11,6,7,21,49,42.857142857142854,False,-1
train_0512,11,6,10,9,15,49,30.612244897959183,False,1
train_0513,1,4,6,7,11,49,22.448979591836736,False,-1
train_0514,3,2,6,7,11,49,22.448979591836736,False,-1
train_0515,4,3,6,7,10,49,20.408163265306122,False,-1
train_0516,5,2,6,7,6,49,12.244897959183673,False,-1
train_0517,4,6,6,6,10,49,20.408163265306122,True,0
train_0518,1,9,10,12,17,49,34.69387755102041,False,-2
train_0519,2,7,9,8,22,49,44.89795918367347,False,1
train_0520,9,3,6,6,11,49,22.448979591836736,True,0
train_0521,7,7,6,6,12,49,24.489795918367346,True,0
train_0522,6,1,8,7,8,49,16.3265306122449,False,1
train_0523,4,5,8,9,24,49,48.97959183673469,False,-1
train_0524,8,3,12,11,10,49,20.408163265306122,False,1
train_0525,2,6,7,7,5,49,10.204081632653061,True,0
train_0526,8,2,4,4,13,49,26.53061224489796,True,0
train_0527,5,7,4,4,6,49,12.244897959183673,True,0
train_0528,1,2,9,10,13,49,26.53061224489796,False,-1
train_0529,14,6,5,5,17,49,34.69387755102041,True,0
train_0530,7,5,9,9,5,49,10.204081632653061,True,0
train_0531,9,3,6,6,17,49,34.69387755102041,True,0
train_0532,3,7,6,6,7,49,14.285714285714286,True,0
train_0533,5,6,7,6,11,49,22.448979591836736,False,1
train_0534,4,4,6,6,5,49,10.204081632653061,True,0
train_0535,2,4,7,7,19,49,38.775510204081634,True,0
train_0536,3,1,8,8,12,49,24.489795918367346,True,0
train_0537,3,8,8,9,9,49,18.367346938775512,False,-1
train_0538,3,6,8,7,12,49,24.489795918367346,False,1
train_0539,4,10,5,5,16,49,32.6530612244898,True,0
train_0540,7,4,9,8,9,49,18.367346938775512,False,1
train_0541,5,1,5,5,9,49,18.367346938775512,True,0
train_0542,2,3,9,8,17,49,34.69387755102041,False,1
train_0543,15,2,7,6,9,49,18.367346938775512,False,1
train_0544,8,7,7,6,10,49,20.408163265306122,False,1
train_0545,1,3,4,4,23,49,46.93877551020408,True,0
train_0546,5,1,7,7,20,49,40.816326530612244,True,0
train_0547,4,7,7,8,7,49,14.285714285714286,False,-1
train_0548,1,5,6,6,9,49,18.367346938775512,True,0
train_0549,4,4,7,7,11,49,22.448979591836736,True,0
train_0550,2,3,7,6,11,49,22.448979591836736,False,1
train_0551,4,5,6,7,11,49,22.448979591836736,False,-1
train_0552,2,3,11,10,6,49,12.244897959183673,False,1
train_0553,1,4,6,7,3,49,6.122448979591836,False,-1
train_0554,1,9,5,5,13,49,26.53061224489796,True,0
train_0555,3,11,6,6,10,49,20.408163265306122,True,0
train_0556,7,1,4,4,12,49,24.489795918367346,True,0
train_0557,2,11,6,7,16,49,32.6530612244898,False,-1
train_0558,8,6,12,10,12,49,24.489795918367346,False,2
train_0559,3,1,5,5,11,49,22.448979591836736,True,0
train_0560,2,2,4,4,13,49,26.53061224489796,True,0
train_0561,5,11,7,7,12,49,24.489795918367346,True,0
train_0562,5,4,11,10,11,49,22.448979591836736,False,1
train_0563,1,7,7,7,7,49,14.285714285714286,True,0
train_0564,5,10,9,10,20,49,40.816326530612244,False,-1
train_0565,2,9,6,7,12,49,24.489795918367346,False,-1
train_0566,11,1,12,10,18,49,36.734693877551024,False,2
train_0567,3,2,7,6,20,49,40.816326530612244,False,1
train_0568,5,4,6,7,14,49,28.571428571428573,False,-1
train_0569,5,6,11,12,18,49,36.734693877551024,False,-1
train_0570,7,3,7,7,10,49,20.408163265306122,True,0
train_0571,2,6,6,6,15,49,30.612244897959183,True,0
train_0572,2,2,4,4,17,49,34.69387755102041,True,0
train_0573,2,6,4,4,13,49,26.53061224489796,True,0
train_0574,7,3,6,6,16,49,32.6530612244898,True,0
train_0575,2,8,4,4,10,49,20.408163265306122,True,0
train_0576,1,5,4,4,9,49,18.367346938775512,True,0
train_0577,5,1,6,6,11,49,22.448979591836736,True,0
train_0578,7,3,4,4,7,49,14.285714285714286,True,0
train_0579,6,3,8,9,22,49,44.89795918367347,False,-1
train_0580,2,3,7,6,14,49,28.571428571428573,False,1
train_0581,10,9,7,6,16,49,32.6530612244898,False,1
train_0582,7,1,4,4,16,49,32.6530612244898,True,0
train_0583,1,3,6,6,12,49,24.489795918367346,True,0
train_0584,1,4,9,8,17,49,34.69387755102041,False,1
train_0585,8,1,7,6,14,49,28.571428571428573,False,1
train_0586,5,4,6,7,12,49,24.489795918367346,False,-1
train_0587,4,5,8,7,11,49,22.448979591836736,False,1
train_0588,4,2,6,6,9,49,18.367346938775512,True,0
train_0589,2,3,8,7,17,49,34.69387755102041,False,1
train_0590,7,1,7,7,15,49,30.612244897959183,True,0
train_0591,8,2,5,5,15,49,30.612244897959183,True,0
train_0592,2,5,7,6,16,49,32.6530612244898,False,1
train_0593,4,1,10,9,14,49,28.571428571428573,False,1
train_0594,7,3,7,7,17,49,34.69387755102041,True,0
train_0595,9,10,10,11,14,49,28.571428571428573,False,-1
train_0596,3,3,6,6,5,49,10.204081632653061,True,0
train_0597,6,4,5,5,19,49,38.775510204081634,True,0
train_0598,4,6,7,7,9,49,18.367346938775512,True,0
train_0599,4,8,5,5,10,49,20.408163265306122,True,0
train_0600,6,2,5,5,10,49,20.408163265306122,True,0
train_0601,4,3,7,6,12,49,24.489795918367346,False,1
train_0602,2,10,6,6,14,49,28.571428571428573,True,0
train_0603,2,8,5,5,7,49,14.285714285714286,True,0
train_0604,10,1,10,11,10,49,20.408163265306122,False,-1
train_0605,4,7,6,7,18,49,36.734693877551024,False,-1
train_0606,6,8,5,5,5,49,10.204081632653061,True,0
train_0607,10,5,7,6,11,49,22.448979591836736,False,1
train_0608,6,5,9,8,11,49,22.448979591836736,False,1
train_0609,8,2,6,6,3,49,6.122448979591836,True,0
train_0610,5,1,4,4,6,49,12.244897959183673,True,0
train_0611,7,4,7,8,8,49,16.3265306122449,False,-1
train_0612,5,1,5,5,7,49,14.285714285714286,True,0
train_0613,5,4,7,6,15,49,30.612244897959183,False,1
train_0614,6,10,11,11,16,49,32.6530612244898,True,0
train_0615,2,5,8,7,9,49,18.367346938775512,False,1
train_0616,3,6,7,6,3,49,6.122448979591836,False,1
train_0617,2,9,9,10,10,49,20.408163265306122,False,-1
train_0618,5,6,8,7,11,49,22.448979591836736,False,1
train_0619,3,5,6,6,4,49,8.16326530612245,True,0
train_0620,7,4,8,7,20,49,40.816326530612244,False,1
train_0621,1,2,10,9,22,49,44.89795918367347,False,1
train_0622,2,5,9,8,6,49,12.244897959183673,False,1
train_0623,5,5,6,6,14,49,28.571428571428573,True,0
train_0624,7,5,6,6,14,49,28.571428571428573,True,0
train_0625,2,9,8,9,12,49,24.489795918367346,False,-1
train_0626,7,3,4,4,16,49,32.6530612244898,True,0
train_0627,10,4,5,5,17,49,34.69387755102041,True,0
train_0628,7,1,6,6,11,49,22.448979591836736,True,0
train_0629,1,6,7,8,9,49,18.367346938775512,False,-1
train_0630,5,1,4,4,27,49,55.10204081632653,True,0
train_0631,1,6,10,9,13,49,26.53061224489796,False,1
train_0632,4,5,7,6,15,49,30.612244897959183,False,1
train_0633,6,3,8,9,19,49,38.775510204081634,False,-1
train_0634,4,8,9,9,15,49,30.612244897959183,True,0
train_0635,2,5,8,9,22,49,44.89795918367347,False,-1
train_0636,3,3,5,5,8,49,16.3265306122449,True,0
train_0637,7,4,7,8,17,49,34.69387755102041,False,-1
train_0638,1,4,6,7,17,49,34.69387755102041,False,-1
train_0639,2,8,6,6,25,49,51.02040816326531,True,0
train_0640,5,6,9,10,8,49,16.3265306122449,False,-1
train_0641,8,7,9,8,17,49,34.69387755102041,False,1
train_0642,1,10,7,8,12,49,24.489795918367346,False,-1
train_0643,1,8,7,8,17,49,34.69387755102041,False,-1
train_0644,3,4,7,6,13,49,26.53061224489796,False,1
train_0645,1,5,6,6,11,49,22.448979591836736,True,0
train_0646,3,7,7,7,8,49,16.3265306122449,True,0
train_0647,4,3,6,7,7,49,14.285714285714286,False,-1
train_0648,7,3,4,4,9,49,18.367346938775512,True,0
train_0649,1,4,8,7,12,49,24.489795918367346,False,1
train_0650,9,5,7,7,19,49,38.775510204081634,True,0
train_0651,6,6,8,8,16,49,32.6530612244898,True,0
train_0652,2,4,4,4,11,49,22.448979591836736,True,0
train_0653,5,9,6,6,7,49,14.285714285714286,True,0
train_0654,2,5,7,8,9,49,18.367346938775512,False,-1
train_0655,9,5,7,7,11,49,22.448979591836736,True,0
train_0656,6,5,8,7,5,49,10.204081632653061,False,1
train_0657,10,9,7,6,16,49,32.6530612244898,False,1
train_0658,5,5,12,10,10,49,20.408163265306122,False,2
train_0659,7,10,7,6,19,49,38.775510204081634,False,1
train_0660,4,8,4,4,14,49,28.571428571428573,True,0
train_0661,4,6,6,6,12,49,24.489795918367346,True,0
train_0662,3,9,6,6,15,49,30.612244897959183,True,0
train_0663,8,9,8,7,9,49,18.367346938775512,False,1
train_0664,2,3,6,7,10,49,20.408163265306122,False,-1
train_0665,5,7,11,13,15,49,30.612244897959183,False,-2
train_0666,5,3,6,6,9,49,18.367346938775512,True,0
train_0667,4,12,7,7,12,49,24.489795918367346,True,0
train_0668,1,7,4,4,17,49,34.69387755102041,True,0
train_0669,10,7,7,8,14,49,28.571428571428573,False,-1
train_0670,2,10,6,6,6,49,12.244897959183673,True,0
train_0671,5,6,9,10,12,49,24.489795918367346,False,-1
train_0672,4,3,7,6,5,49,10.204081632653061,False,1
train_0673,9,8,6,7,8,49,16.3265306122449,False,-1
train_0674,4,5,6,7,16,49,32.6530612244898,False,-1
train_0675,3,5,6,6,12,49,24.489795918367346,True,0
train_0676,10,5,8,9,12,49,24.489795918367346,False,-1
train_0677,3,2,10,9,16,49,32.6530612244898,False,1
train_0678,4,6,13,15,14,49,28.571428571428573,False,-2
train_0679,4,1,7,8,20,49,40.816326530612244,False,-1
train_0680,3,1,7,7,4,49,8.16326530612245,True,0
train_0681,2,3,7,8,22,49,44.89795918367347,False,-1
train_0682,4,13,8,7,24,49,48.97959183673469,False,1
train_0683,3,6,7,6,8,49,16.3265306122449,False,1
train_0684,9,8,11,10,12,49,24.489795918367346,False,1
train_0685,1,5,4,4,20,49,40.816326530612244,True,0
train_0686,6,9,7,6,8,49,16.3265306122449,False,1
train_0687,4,7,8,7,13,49,26.53061224489796,False,1
train_0688,2,1,7,6,12,49,24.489795918367346,False,1
train_0689,8,2,7,7,13,49,26.53061224489796,True,0
train_0690,6,9,9,10,18,49,36.734693877551024,False,-1
train_0691,5,6,7,8,7,49,14.285714285714286,False,-1
train_0692,7,3,4,4,11,49,22.448979591836736,True,0
train_0693,1,7,4,4,10,49,20.408163265306122,True,0
train_0694,7,3,8,8,12,49,24.489795918367346,True,0
train_0695,7,3,9,9,21,49,42.857142857142854,True,0
train_0696,11,2,7,6,17,49,34.69387755102041,False,1
train_0697,4,5,7,8,14,49,28.571428571428573,False,-1
train_0698,6,4,8,8,11,49,22.448979591836736,True,0
train_0699,5,1,7,7,16,49,32.6530612244898,True,0
train_0700,2,7,7,8,7,49,14.285714285714286,False,-1
train_0701,1,3,7,7,13,49,26.53061224489796,True,0
train_0702,1,5,4,4,17,49,34.69387755102041,True,0
train_0703,2,7,7,6,12,49,24.489795918367346,False,1
train_0704,1,7,4,4,7,49,14.285714285714286,True,0
train_0705,6,6,5,5,9,49,18.367346938775512,True,0
train_0706,12,13,8,9,14,49,28.571428571428573,False,-1
train_0707,7,8,8,9,15,49,30.612244897959183,False,-1
train_0708,1,4,6,7,14,49,28.571428571428573,False,-1
train_0709,8,7,6,7,15,49,30.612244897959183,False,-1
train_0710,11,8,6,7,10,49,20.408163265306122,False,-1
train_0711,6,2,5,5,6,49,12.244897959183673,True,0
train_0712,6,7,7,8,11,49,22.448979591836736,False,-1
train_0713,8,8,7,7,21,49,42.857142857142854,True,0
train_0714,7,3,4,4,19,49,38.775510204081634,True,0
train_0715,7,1,5,5,12,49,24.489795918367346,True,0
train_0716,5,5,4,4,17,49,34.69387755102041,True,0
train_0717,3,2,8,7,7,49,14.285714285714286,False,1
train_0718,4,3,6,7,15,49,30.612244897959183,False,-1
train_0719,2,2,9,9,11,49,22.448979591836736,True,0
train_0720,11,8,7,8,11,49,22.448979591836736,False,-1
train_0721,2,10,7,7,11,49,22.448979591836736,True,0
train_0722,4,3,8,7,7,49,14.285714285714286,False,1
train_0723,4,4,6,6,13,49,26.53061224489796,True,0
train_0724,4,3,8,7,15,49,30.612244897959183,False,1
train_0725,5,5,8,8,10,49,20.408163265306122,True,0
train_0726,1,6,8,7,16,49,32.6530612244898,False,1
train_0727,6,6,7,7,13,49,26.53061224489796,True,0
train_0728,3,2,7,8,18,49,36.734693877551024,False,-1
train_0729,6,4,5,5,10,49,20.408163265306122,True,0
train_0730,3,4,7,6,10,49,20.408163265306122,False,1
train_0731,6,4,4,4,13,49,26.53061224489796,True,0
train_0732,7,3,7,7,26,49,53.06122448979592,True,0
train_0733,3,5,5,5,15,49,30.612244897959183,True,0
train_0734,10,4,8,8,18,49,36.734693877551024,True,0
train_0735,1,7,5,5,13,49,26.53061224489796,True,0
train_0736,1,4,7,6,14,49,28.571428571428573,False,1
train_0737,13,6,9,8,14,49,28.571428571428573,False,1
train_0738,11,7,8,8,14,49,28.571428571428573,True,0
train_0739,6,3,7,6,17,49,34.69387755102041,False,1
train_0740,6,3,8,9,7,49,14.285714285714286,False,-1
train_0741,9,10,8,9,14,49,28.571428571428573,False,-1
train_0742,1,4,7,8,10,49,20.408163265306122,False,-1
train_0743,12,9,10,11,16,49,32.6530612244898,False,-1
train_0744,4,2,4,4,10,49,20.408163265306122,True,0
train_0745,8,2,5,5,13,49,26.53061224489796,True,0
train_0746,5,4,7,6,14,49,28.571428571428573,False,1
train_0747,1,11,5,5,12,49,24.489795918367346,True,0
train_0748,4,5,15,14,13,49,26.53061224489796,False,1
train_0749,5,2,6,7,8,49,16.3265306122449,False,-1
train_0750,1,5,8,8,6,49,12.244897959183673,True,0
train_0751,8,6,5,5,9,49,18.367346938775512,True,0
train_0752,2,6,5,5,24,49,48.97959183673469,True,0
train_0753,7,4,9,8,9,49,18.367346938775512,False,1
train_0754,8,5,7,8,10,49,20.408163265306122,False,-1
train_0755,2,7,7,8,19,49,38.775510204081634,False,-1
train_0756,3,9,5,5,10,49,20.408163265306122,True,0
train_0757,4,5,6,7,18,49,36.734693877551024,False,-1
train_0758,10,10,13,13,13,49,26.53061224489796,True,0
train_0759,6,2,4,4,8,49,16.3265306122449,True,0
train_0760,5,4,7,6,12,49,24.489795918367346,False,1
train_0761,3,1,8,8,13,49,26.53061224489796,True,0
train_0762,3,3,7,7,9,49,18.367346938775512,True,0
train_0763,2,6,7,7,14,49,28.571428571428573,True,0
train_0764,2,6,7,7,15,49,30.612244897959183,True,0
train_0765,9,1,5,5,14,49,28.571428571428573,True,0
train_0766,8,4,4,4,11,49,22.448979591836736,True,0
train_0767,14,13,7,6,10,49,20.408163265306122,False,1
train_0768,8,8,5,5,19,49,38.775510204081634,True,0
train_0769,4,8,6,6,10,49,20.408163265306122,True,0
train_0770,5,1,5,5,10,49,20.408163265306122,True,0
train_0771,6,12,5,5,8,49,16.3265306122449,True,0
train_0772,7,1,6,6,5,49,10.204081632653061,True,0
train_0773,3,4,11,12,9,49,18.367346938775512,False,-1
train_0774,8,5,8,7,9,49,18.367346938775512,False,1
train_0775,13,13,6,6,17,49,34.69387755102041,True,0
train_0776,6,1,7,6,20,49,40.816326530612244,False,1
train_0777,3,4,10,9,10,49,20.408163265306122,False,1
train_0778,7,2,11,10,14,49,28.571428571428573,False,1
train_0779,8,9,10,11,7,49,14.285714285714286,False,-1
train_0780,4,1,8,9,10,49,20.408163265306122,False,-1
train_0781,2,6,5,5,4,49,8.16326530612245,True,0
train_0782,7,1,4,4,14,49,28.571428571428573,True,0
train_0783,2,7,7,6,13,49,26.53061224489796,False,1
train_0784,2,2,6,6,16,49,32.6530612244898,True,0
train_0785,5,4,8,9,7,49,14.285714285714286,False,-1
train_0786,1,5,9,9,18,49,36.734693877551024,True,0
train_0787,6,8,9,9,15,49,30.612244897959183,True,0
train_0788,4,7,7,8,17,49,34.69387755102041,False,-1
train_0789,8,8,7,7,14,49,28.571428571428573,True,0
train_0790,5,7,10,12,13,49,26.53061224489796,False,-2
train_0791,4,7,8,7,10,49,20.408163265306122,False,1
train_0792,5,5,11,11,11,49,22.448979591836736,True,0
train_0793,4,6,6,6,12,49,24.489795918367346,True,0
train_0794,7,7,4,4,16,49,32.6530612244898,True,0
train_0795,6,7,8,9,13,49,26.53061224489796,False,-1
train_0796,1,4,8,7,13,49,26.53061224489796,False,1
train_0797,12,7,7,8,18,49,36.734693877551024,False,-1
train_0798,1,2,10,9,10,49,20.408163265306122,False,1
train_0799,11,7,9,9,22,49,44.89795918367347,True,0
train_0800,5,1,4,4,9,49,18.367346938775512,True,0
train_0801,8,1,8,7,10,49,20.408163265306122,False,1
train_0802,6,4,7,7,13,49,26.53061224489796,True,0
train_0803,4,8,5,5,9,49,18.367346938775512,True,0
train_0804,4,3,8,7,6,49,12.244897959183673,False,1
train_0805,6,6,4,4,7,49,14.285714285714286,True,0
train_0806,4,4,8,8,15,49,30.612244897959183,True,0
train_0807,7,3,8,8,4,49,8.16326530612245,True,0
train_0808,10,8,12,10,8,49,16.3265306122449,False,2
train_0809,8,7,11,10,10,49,20.408163265306122,False,1
train_0810,6,3,10,9,18,49,36.734693877551024,False,1
train_0811,4,3,10,9,14,49,28.571428571428573,False,1
train_0812,1,7,6,6,12,49,24.489795918367346,True,0
train_0813,7,4,7,8,11,49,22.448979591836736,False,-1
train_0814,2,2,7,7,28,49,57.142857142857146,True,0
train_0815,5,1,5,5,8,49,16.3265306122449,True,0
train_0816,4,7,8,7,16,49,32.6530612244898,False,1
train_0817,2,7,7,6,18,49,36.734693877551024,False,1
train_0818,6,2,4,4,12,49,24.489795918367346,True,0
train_0819,1,8,7,8,8,49,16.3265306122449,False,-1
train_0820,4,1,7,6,15,49,30.612244897959183,False,1
train_0821,1,3,8,8,23,49,46.93877551020408,True,0
train_0822,9,6,7,6,13,49,26.53061224489796,False,1
train_0823,3,5,4,4,24,49,48.97959183673469,True,0
train_0824,2,5,7,8,9,49,18.367346938775512,False,-1
train_0825,5,4,7,8,10,49,20.408163265306122,False,-1
train_0826,2,4,10,12,13,49,26.53061224489796,False,-2
train_0827,9,8,10,9,12,49,24.489795918367346,False,1
train_0828,2,1,7,6,6,49,12.244897959183673,False,1
train_0829,3,3,6,6,9,49,18.367346938775512,True,0
train_0830,4,2,5,5,11,49,22.448979591836736,True,0
train_0831,9,6,8,7,7,49,14.285714285714286,False,1
train_0832,3,3,4,4,10,49,20.408163265306122,True,0
train_0833,5,7,8,8,23,49,46.93877551020408,True,0
train_0834,9,8,10,9,16,49,32.6530612244898,False,1
train_0835,13,13,9,9,6,49,12.244897959183673,True,0
train_0836,12,6,9,9,12,49,24.489795918367346,True,0
train_0837,6,3,7,8,9,49,18.367346938775512,False,-1
train_0838,3,4,7,6,9,49,18.367346938775512,False,1
train_0839,11,10,10,9,9,49,18.367346938775512,False,1
train_0840,5,7,8,8,10,49,20.408163265306122,True,0
train_0841,5,4,7,8,12,49,24.489795918367346,False,-1
train_0842,9,6,6,7,15,49,30.612244897959183,False,-1
train_0843,6,3,10,9,15,49,30.612244897959183,False,1
train_0844,4,3,7,8,8,49,16.3265306122449,False,-1
train_0845,12,5,7,6,19,49,38.775510204081634,False,1
train_0846,2,12,6,6,8,49,16.3265306122449,True,0
train_0847,6,3,7,6,7,49,14.285714285714286,False,1
train_0848,3,9,7,7,6,49,12.244897959183673,True,0
train_0849,2,4,6,6,12,49,24.489795918367346,True,0
train_0850,11,3,6,6,13,49,26.53061224489796,True,0
train_0851,4,8,5,5,18,49,36.734693877551024,True,0
train_0852,5,1,8,8,13,49,26.53061224489796,True,0
train_0853,1,13,6,6,19,49,38.775510204081634,True,0
train_0854,7,3,6,6,8,49,16.3265306122449,True,0
train_0855,6,5,6,7,9,49,18.367346938775512,False,-1
train_0856,2,7,7,6,12,49,24.489795918367346,False,1
train_0857,2,8,5,5,18,49,36.734693877551024,True,0
train_0858,6,6,6,6,13,49,26.53061224489796,True,0
train_0859,4,3,7,6,26,49,53.06122448979592,False,1
train_0860,2,1,8,7,27,49,55.10204081632653,False,1
train_0861,6,1,6,7,19,49,38.775510204081634,False,-1
train_0862,4,3,8,7,17,49,34.69387755102041,False,1
train_0863,6,5,7,6,17,49,34.69387755102041,False,1
train_0864,8,2,4,4,8,49,16.3265306122449,True,0
train_0865,6,3,7,6,12,49,24.489795918367346,False,1
train_0866,5,1,9,9,10,49,20.408163265306122,True,0
train_0867,3,8,7,6,15,49,30.612244897959183,False,1
train_0868,12,2,5,5,7,49,14.285714285714286,True,0
train_0869,5,5,9,9,10,49,20.408163265306122,True,0
train_0870,6,9,8,7,8,49,16.3265306122449,False,1
train_0871,3,7,6,6,7,49,14.285714285714286,True,0
train_0872,5,1,6,6,15,49,30.612244897959183,True,0
train_0873,6,4,5,5,12,49,24.489795918367346,True,0
train_0874,3,3,6,6,5,49,10.204081632653061,True,0
train_0875,7,4,7,6,12,49,24.489795918367346,False,1
train_0876,3,1,5,5,16,49,32.6530612244898,True,0
train_0877,3,7,7,7,9,49,18.367346938775512,True,0
train_0878,4,6,4,4,13,49,26.53061224489796,True,0
train_0879,5,2,7,6,13,49,26.53061224489796,False,1
train_0880,3,2,9,8,17,49,34.69387755102041,False,1
train_0881,6,8,6,6,6,49,12.244897959183673,True,0
train_0882,4,7,9,10,7,49,14.285714285714286,False,-1
train_0883,3,3,6,6,28,49,57.142857142857146,True,0
train_0884,1,4,7,6,9,49,18.367346938775512,False,1
train_0885,6,2,5,5,10,49,20.408163265306122,True,0
train_0886,10,6,6,6,12,49,24.489795918367346,True,0
train_0887,1,5,5,5,24,49,48.97959183673469,True,0
train_0888,3,3,8,8,7,49,14.285714285714286,True,0
train_0889,4,4,7,7,11,49,22.448979591836736,True,0
train_0890,4,7,8,7,7,49,14.285714285714286,False,1
train_0891,3,2,6,7,10,49,20.408163265306122,False,-1
train_0892,8,2,7,7,11,49,22.448979591836736,True,0
train_0893,9,3,9,9,13,49,26.53061224489796,True,0
train_0894,4,6,4,4,14,49,28.571428571428573,True,0
train_0895,1,9,5,5,13,49,26.53061224489796,True,0
train_0896,1,6,6,7,16,49,32.6530612244898,False,-1
train_0897,4,1,7,6,11,49,22.448979591836736,False,1
train_0898,2,10,10,10,14,49,28.571428571428573,True,0
train_0899,6,2,8,8,15,49,30.612244897959183,True,0
train_0900,8,3,7,8,14,49,28.571428571428573,False,-1
train_0901,6,2,4,4,8,49,16.3265306122449,True,0
train_0902,5,8,6,7,13,49,26.53061224489796,False,-1
train_0903,7,4,8,7,19,49,38.775510204081634,False,1
train_0904,5,1,9,9,4,49,8.16326530612245,True,0
train_0905,7,3,7,7,5,49,10.204081632653061,True,0
train_0906,3,4,9,10,8,49,16.3265306122449,False,-1
train_0907,6,7,6,7,9,49,18.367346938775512,False,-1
train_0908,6,7,8,9,19,49,38.775510204081634,False,-1
train_0909,7,4,6,7,12,49,24.489795918367346,False,-1
train_0910,4,3,7,6,11,49,22.448979591836736,False,1
train_0911,4,8,4,4,7,49,14.285714285714286,True,0
train_0912,1,4,6,7,20,49,40.816326530612244,False,-1
train_0913,2,4,7,7,4,49,8.16326530612245,True,0
train_0914,2,12,5,5,11,49,22.448979591836736,True,0
train_0915,10,8,10,10,13,49,26.53061224489796,True,0
train_0916,7,8,6,7,8,49,16.3265306122449,False,-1
train_0917,4,4,7,7,18,49,36.734693877551024,True,0
train_0918,6,6,4,4,11,49,22.448979591836736,True,0
train_0919,8,1,7,6,6,49,12.244897959183673,False,1
train_0920,3,7,8,8,18,49,36.734693877551024,True,0
train_0921,8,7,9,8,13,49,26.53061224489796,False,1
train_0922,2,2,7,7,5,49,10.204081632653061,True,0
train_0923,2,2,9,9,8,49,16.3265306122449,True,0
train_0924,7,7,10,10,17,49,34.69387755102041,True,0
train_0925,3,5,6,6,13,49,26.53061224489796,True,0
train_0926,2,6,8,8,18,49,36.734693877551024,True,0
train_0927,4,6,5,5,4,49,8.16326530612245,True,0
train_0928,2,9,7,8,13,49,26.53061224489796,False,-1
train_0929,9,9,8,8,18,49,36.734693877551024,True,0
train_0930,8,2,5,5,11,49,22.448979591836736,True,0
train_0931,5,3,7,7,10,49,20.408163265306122,True,0
train_0932,4,2,5,5,11,49,22.448979591836736,True,0
train_0933,9,4,7,8,18,49,36.734693877551024,False,-1
train_0934,2,4,4,4,11,49,22.448979591836736,True,0
train_0935,6,1,9,8,15,49,30.612244897959183,False,1
train_0936,2,1,7,6,11,49,22.448979591836736,False,1
train_0937,4,7,9,8,9,49,18.367346938775512,False,1
train_0938,6,7,7,8,16,49,32.6530612244898,False,-1
train_0939,6,4,6,6,9,49,18.367346938775512,True,0
train_0940,2,8,6,6,16,49,32.6530612244898,True,0
train_0941,6,3,7,6,9,49,18.367346938775512,False,1
train_0942,5,1,6,6,8,49,16.3265306122449,True,0
train_0943,8,2,5,5,8,49,16.3265306122449,True,0
train_0944,11,9,8,8,13,49,26.53061224489796,True,0
train_0945,2,4,4,4,16,49,32.6530612244898,True,0
train_0946,8,1,7,6,14,49,28.571428571428573,False,1
train_0947,2,3,7,8,12,49,24.489795918367346,False,-1
train_0948,14,6,6,6,16,49,32.6530612244898,True,0
train_0949,7,1,4,4,10,49,20.408163265306122,True,0
train_0950,1,6,8,7,11,49,22.448979591836736,False,1
train_0951,7,3,6,6,17,49,34.69387755102041,True,0
train_0952,4,5,8,9,9,49,18.367346938775512,False,-1
train_0953,4,5,10,11,17,49,34.69387755102041,False,-1
train_0954,6,1,8,7,10,49,20.408163265306122,False,1
train_0955,6,1,6,7,13,49,26.53061224489796,False,-1
train_0956,10,2,6,6,11,49,22.448979591836736,True,0
train_0957,1,8,7,6,6,49,12.244897959183673,False,1
train_0958,6,5,6,7,14,49,28.571428571428573,False,-1
train_0959,2,5,6,7,8,49,16.3265306122449,False,-1
train_0960,4,3,7,6,12,49,24.489795918367346,False,1
train_0961,4,3,8,7,17,49,34.69387755102041,False,1
train_0962,4,2,7,7,11,49,22.448979591836736,True,0
train_0963,2,3,11,10,12,49,24.489795918367346,False,1
train_0964,5,3,7,7,21,49,42.857142857142854,True,0
train_0965,4,4,4,4,5,49,10.204081632653061,True,0
train_0966,2,6,4,4,9,49,18.367346938775512,True,0
train_0967,2,5,7,6,12,49,24.489795918367346,False,1
train_0968,5,6,8,7,14,49,28.571428571428573,False,1
train_0969,9,5,10,12,14,49,28.571428571428573,False,-2
train_0970,3,1,13,15,10,49,20.408163265306122,False,-2
train_0971,2,4,5,5,5,49,10.204081632653061,True,0
train_0972,6,7,9,10,14,49,28.571428571428573,False,-1
train_0973,2,6,5,5,9,49,18.367346938775512,True,0
train_0974,5,1,6,6,30,49,61.224489795918366,True,0
train_0975,8,9,13,14,12,49,24.489795918367346,False,-1
train_0976,1,3,8,8,19,49,38.775510204081634,True,0
train_0977,13,14,10,11,17,49,34.69387755102041,False,-1
train_0978,2,3,8,7,16,49,32.6530612244898,False,1
train_0979,3,4,7,8,14,49,28.571428571428573,False,-1
train_0980,3,8,6,7,8,49,16.3265306122449,False,-1
train_0981,3,8,6,7,11,49,22.448979591836736,False,-1
train_0982,3,7,4,4,11,49,22.448979591836736,True,0
train_0983,1,3,10,12,16,49,32.6530612244898,False,-2
train_0984,1,7,5,5,11,49,22.448979591836736,True,0
train_0985,9,8,6,7,9,49,18.367346938775512,False,-1
train_0986,3,3,5,5,11,49,22.448979591836736,True,0
train_0987,1,5,7,7,6,49,12.244897959183673,True,0
train_0988,7,7,10,10,17,49,34.69387755102041,True,0
train_0989,5,1,6,6,8,49,16.3265306122449,True,0
train_0990,8,3,8,7,17,49,34.69387755102041,False,1
train_0991,1,5,5,5,11,49,22.448979591836736,True,0
train_0992,2,8,5,5,16,49,32.6530612244898,True,0
train_0993,5,4,6,7,10,49,20.408163265306122,False,-1
train_0994,9,1,5,5,12,49,24.489795918367346,True,0
train_0995,4,8,6,6,11,49,22.448979591836736,True,0
train_0996,6,5,6,7,12,49,24.489795918367346,False,-1
train_0997,4,3,10,9,14,49,28.571428571428573,False,1
train_0998,3,2,9,10,17,49,34.69387755102041,False,-1
train_0999,5,4,6,7,25,49,51.02040816326531,False,-1
train_1000,3,9,5,5,11,49,22.448979591836736,True,0
train_1001,5,5,4,4,11,49,22.448979591836736,True,0
train_1002,5,2,9,8,12,49,24.489795918367346,False,1
train_1003,7,1,8,8,10,49,20.408163265306122,True,0
train_1004,1,3,11,13,16,49,32.6530612244898,False,-2
train_1005,6,2,6,6,8,49,16.3265306122449,True,0
train_1006,9,2,7,8,12,49,24.489795918367346,False,-1
train_1007,13,4,8,9,13,49,26.53061224489796,False,-1
train_1008,1,5,10,10,11,49,22.448979591836736,True,0
train_1009,6,1,7,8,13,49,26.53061224489796,False,-1
train_1010,1,8,7,8,10,49,20.408163265306122,False,-1
train_1011,1,4,7,6,4,49,8.16326530612245,False,1
train_1012,5,2,7,8,10,49,20.408163265306122,False,-1
train_1013,1,3,10,10,4,49,8.16326530612245,True,0
train_1014,1,7,8,8,12,49,24.489795918367346,True,0
train_1015,4,1,10,11,16,49,32.6530612244898,False,-1
train_1016,6,2,5,5,11,49,22.448979591836736,True,0
train_1017,11,11,6,6,12,49,24.489795918367346,True,0
train_1018,1,8,9,8,8,49,16.3265306122449,False,1
train_1019,4,5,7,8,12,49,24.489795918367346,False,-1
train_1020,3,5,6,6,9,49,18.367346938775512,True,0
train_1021,6,4,4,4,13,49,26.53061224489796,True,0
train_1022,1,2,7,8,9,49,18.367346938775512,False,-1
train_1023,8,4,8,8,10,49,20.408163265306122,True,0
train_1024,3,3,4,4,8,49,16.3265306122449,True,0
train_1025,3,7,4,4,10,49,20.408163265306122,True,0
train_1026,8,4,4,4,9,49,18.367346938775512,True,0
train_1027,6,2,7,7,15,49,30.612244897959183,True,0
train_1028,2,6,4,4,15,49,30.612244897959183,True,0
train_1029,5,8,11,10,10,49,20.408163265306122,False,1
train_1030,7,2,9,8,12,49,24.489795918367346,False,1
train_1031,8,2,4,4,23,49,46.93877551020408,True,0
train_1032,3,2,9,8,12,49,24.489795918367346,False,1
train_1033,1,5,4,4,19,49,38.775510204081634,True,0
train_1034,6,7,7,6,13,49,26.53061224489796,False,1
train_1035,5,4,6,7,5,49,10.204081632653061,False,-1
train_1036,2,9,7,6,8,49,16.3265306122449,False,1
train_1037,6,11,9,10,7,49,14.285714285714286,False,-1
train_1038,5,1,8,8,13,49,26.53061224489796,True,0
train_1039,6,11,9,8,6,49,12.244897959183673,False,1
train_1040,3,6,6,7,12,49,24.489795918367346,False,-1
train_1041,4,1,7,8,13,49,26.53061224489796,False,-1
train_1042,4,4,7,7,10,49,20.408163265306122,True,0
train_1043,5,3,6,6,26,49,53.06122448979592,True,0
train_1044,3,13,5,5,15,49,30.612244897959183,True,0
train_1045,4,4,6,6,9,49,18.367346938775512,True,0
train_1046,10,4,5,5,12,49,24.489795918367346,True,0
train_1047,2,5,9,10,9,49,18.367346938775512,False,-1
train_1048,2,17,9,8,17,49,34.69387755102041,False,1
train_1049,2,2,6,6,9,49,18.367346938775512,True,0
train_1050,6,7,7,6,10,49,20.408163265306122,False,1
train_1051,12,2,7,7,20,49,40.816326530612244,True,0
train_1052,3,3,12,10,11,49,22.448979591836736,False,2
train_1053,8,4,7,7,5,49,10.204081632653061,True,0
train_1054,8,2,5,5,11,49,22.448979591836736,True,0
train_1055,5,4,7,6,20,49,40.816326530612244,False,1
train_1056,3,6,8,7,10,49,20.408163265306122,False,1
train_1057,1,6,7,8,9,49,18.367346938775512,False,-1
train_1058,5,8,7,8,11,49,22.448979591836736,False,-1
train_1059,11,12,6,7,10,49,20.408163265306122,False,-1
train_1060,11,12,6,7,12,49,24.489795918367346,False,-1
train_1061,4,7,7,6,9,49,18.367346938775512,False,1
train_1062,8,3,7,6,9,49,18.367346938775512,False,1
train_1063,1,4,7,8,11,49,22.448979591836736,False,-1
train_1064,8,4,4,4,13,49,26.53061224489796,True,0
train_1065,2,10,6,6,12,49,24.489795918367346,True,0
train_1066,3,4,7,6,4,49,8.16326530612245,False,1
train_1067,7,7,6,6,14,49,28.571428571428573,True,0
train_1068,8,4,4,4,8,49,16.3265306122449,True,0
train_1069,10,5,7,6,14,49,28.571428571428573,False,1
train_1070,1,4,8,7,9,49,18.367346938775512,False,1
train_1071,6,1,9,8,16,49,32.6530612244898,False,1
train_1072,11,4,6,7,17,49,34.69387755102041,False,-1
train_1073,9,5,7,7,15,49,30.612244897959183,True,0
train_1074,7,8,12,13,13,49,26.53061224489796,False,-1
train_1075,3,6,7,8,9,49,18.367346938775512,False,-1
train_1076,1,4,6,7,10,49,20.408163265306122,False,-1
train_1077,6,4,6,6,9,49,18.367346938775512,True,0
train_1078,4,3,10,9,15,49,30.612244897959183,False,1
train_1079,4,3,7,6,14,49,28.571428571428573,False,1
train_1080,2,5,6,7,7,49,14.285714285714286,False,-1
train_1081,2,4,5,5,6,49,12.244897959183673,True,0
train_1082,4,6,4,4,7,49,14.285714285714286,True,0
train_1083,7,7,13,13,17,49,34.69387755102041,True,0
train_1084,11,3,8,8,17,49,34.69387755102041,True,0
train_1085,2,4,6,6,11,49,22.448979591836736,True,0
train_1086,2,8,10,10,13,49,26.53061224489796,True,0
train_1087,2,4,8,8,11,49,22.448979591836736,True,0
train_1088,3,4,10,9,7,49,14.285714285714286,False,1
train_1089,12,2,5,5,12,49,24.489795918367346,True,0
train_1090,4,2,9,9,16,49,32.6530612244898,True,0
train_1091,8,2,4,4,21,49,42.857142857142854,True,0
train_1092,7,5,5,5,9,49,18.367346938775512,True,0
train_1093,7,9,6,6,16,49,32.6530612244898,True,0
train_1094,1,6,7,6,10,49,20.408163265306122,False,1
train_1095,6,2,7,7,10,49,20.408163265306122,True,0
train_1096,2,7,8,7,7,49,14.285714285714286,False,1
train_1097,2,1,7,6,6,49,12.244897959183673,False,1
train_1098,2,9,6,7,14,49,28.571428571428573,False,-1
train_1099,4,3,6,7,7,49,14.285714285714286,False,-1
train_1100,5,4,9,8,12,49,24.489795918367346,False,1
train_1101,7,3,5,5,20,49,40.816326530612244,True,0
train_1102,11,12,10,11,16,49,32.6530612244898,False,-1
train_1103,4,2,5,5,8,49,16.3265306122449,True,0
train_1104,2,5,9,8,15,49,30.612244897959183,False,1
train_1105,2,6,7,7,11,49,22.448979591836736,True,0
train_1106,9,6,8,7,14,49,28.571428571428573,False,1
train_1107,8,4,7,7,5,49,10.204081632653061,True,0
train_1108,6,1,6,7,11,49,22.448979591836736,False,-1
train_1109,8,10,7,7,15,49,30.612244897959183,True,0
train_1110,8,2,8,8,7,49,14.285714285714286,True,0
train_1111,4,3,6,7,9,49,18.367346938775512,False,-1
train_1112,4,4,5,5,9,49,18.367346938775512,True,0
train_1113,4,2,4,4,13,49,26.53061224489796,True,0
train_1114,8,8,4,4,22,49,44.89795918367347,True,0
train_1115,1,5,11,13,12,49,24.489795918367346,False,-2
train_1116,12,8,9,9,13,49,26.53061224489796,True,0
train_1117,8,6,10,10,13,49,26.53061224489796,True,0
train_1118,6,3,7,8,8,49,16.3265306122449,False,-1
train_1119,10,1,6,7,14,49,28.571428571428573,False,-1
train_1120,1,7,6,6,11,49,22.448979591836736,True,0
train_1121,6,2,4,4,15,49,30.612244897959183,True,0
train_1122,2,1,6,7,17,49,34.69387755102041,False,-1
train_1123,4,7,8,9,8,49,16.3265306122449,False,-1
train_1124,5,3,4,4,6,49,12.244897959183673,True,0
train_1125,9,8,8,7,5,49,10.204081632653061,False,1
train_1126,7,7,6,6,17,49,34.69387755102041,True,0
train_1127,4,5,6,7,12,49,24.489795918367346,False,-1
train_1128,10,4,6,6,10,49,20.408163265306122,True,0
train_1129,2,6,10,12,11,49,22.448979591836736,False,-2
train_1130,5,3,4,4,10,49,20.408163265306122,True,0
train_1131,7,3,5,5,8,49,16.3265306122449,True,0
train_1132,4,8,6,6,15,49,30.612244897959183,True,0
train_1133,10,9,6,7,13,49,26.53061224489796,False,-1
train_1134,1,5,6,6,5,49,10.204081632653061,True,0
train_1135,2,7,7,6,11,49,22.448979591836736,False,1
train_1136,6,6,9,9,11,49,22.448979591836736,True,0
train_1137,3,8,7,6,12,49,24.489795918367346,False,1
train_1138,9,4,7,6,11,49,22.448979591836736,False,1
train_1139,10,4,6,6,10,49,20.408163265306122,True,0
train_1140,1,6,7,6,14,49,28.571428571428573,False,1
train_1141,10,3,7,8,8,49,16.3265306122449,False,-1
train_1142,10,2,5,5,10,49,20.408163265306122,True,0
train_1143,7,1,4,4,18,49,36.734693877551024,True,0
train_1144,10,3,9,10,12,49,24.489795918367346,False,-1
train_1145,2,5,7,8,10,49,20.408163265306122,False,-1
train_1146,5,6,6,7,12,49,24.489795918367346,False,-1
train_1147,3,4,8,9,15,49,30.612244897959183,False,-1
train_1148,9,5,5,5,18,49,36.734693877551024,True,0
train_1149,8,5,7,6,11,49,22.448979591836736,False,1
train_1150,1,3,8,8,7,49,14.285714285714286,True,0
train_1151,5,6,6,7,10,49,20.408163265306122,False,-1
train_1152,7,4,6,7,11,49,22.448979591836736,False,-1
train_1153,12,8,7,7,10,49,20.408163265306122,True,0
train_1154,8,4,7,7,6,49,12.244897959183673,True,0
train_1155,1,9,5,5,15,49,30.612244897959183,True,0
train_1156,6,2,4,4,16,49,32.6530612244898,True,0
train_1157,1,2,8,9,12,49,24.489795918367346,False,-1
train_1158,8,4,4,4,10,49,20.408163265306122,True,0
train_1159,4,6,5,5,7,49,14.285714285714286,True,0
train_1160,6,5,9,10,12,49,24.489795918367346,False,-1
train_1161,4,9,7,6,11,49,22.448979591836736,False,1
train_1162,8,6,4,4,12,49,24.489795918367346,True,0
train_1163,4,5,6,7,12,49,24.489795918367346,False,-1
train_1164,6,1,7,6,14,49,28.571428571428573,False,1
train_1165,5,6,7,6,11,49,22.448979591836736,False,1
train_1166,7,2,8,7,8,49,16.3265306122449,False,1
train_1167,3,6,6,7,11,49,22.448979591836736,False,-1
train_1168,2,3,10,11,28,49,57.142857142857146,False,-1
train_1169,15,16,9,10,17,49,34.69387755102041,False,-1
train_1170,7,8,9,10,15,49,30.612244897959183,False,-1
train_1171,3,7,5,5,13,49,26.53061224489796,True,0
train_1172,6,2,5,5,11,49,22.448979591836736,True,0
train_1173,4,4,10,10,13,49,26.53061224489796,True,0
train_1174,7,7,7,7,9,49,18.367346938775512,True,0
train_1175,6,8,4,4,10,49,20.408163265306122,True,0
train_1176,1,3,6,6,7,49,14.285714285714286,True,0
train_1177,3,5,6,6,13,49,26.53061224489796,True,0
train_1178,5,4,8,7,16,49,32.6530612244898,False,1
train_1179,8,4,5,5,11,49,22.448979591836736,True,0
train_1180,7,4,6,7,15,49,30.612244897959183,False,-1
train_1181,7,7,9,9,11,49,22.448979591836736,True,0
train_1182,2,2,8,8,20,49,40.816326530612244,True,0
train_1183,2,4,11,13,11,49,22.448979591836736,False,-2
train_1184,4,4,11,11,14,49,28.571428571428573,True,0
train_1185,4,4,5,5,9,49,18.367346938775512,True,0
train_1186,5,6,10,9,13,49,26.53061224489796,False,1
train_1187,8,9,8,9,15,49,30.612244897959183,False,-1
train_1188,5,6,8,9,4,49,8.16326530612245,False,-1
train_1189,2,11,7,8,8,49,16.3265306122449,False,-1
train_1190,6,3,7,6,9,49,18.367346938775512,False,1
train_1191,8,2,6,6,7,49,14.285714285714286,True,0
train_1192,4,4,7,7,8,49,16.3265306122449,True,0
train_1193,9,7,8,8,12,49,24.489795918367346,True,0
train_1194,6,2,6,6,10,49,20.408163265306122,True,0
train_1195,1,6,8,7,6,49,12.244897959183673,False,1
train_1196,3,5,6,6,10,49,20.408163265306122,True,0
train_1197,8,4,4,4,25,49,51.02040816326531,True,0
train_1198,6,1,10,11,12,49,24.489795918367346,False,-1
train_1199,3,6,8,7,14,49,28.571428571428573,False,1
train_1200,14,16,11,13,25,49,51.02040816326531,False,-2
train_1201,7,3,4,4,12,49,24.489795918367346,True,0
train_1202,3,6,8,7,18,49,36.734693877551024,False,1
train_1203,13,1,9,9,13,49,26.53061224489796,True,0
train_1204,6,5,9,8,12,49,24.489795918367346,False,1
train_1205,4,7,8,7,17,49,34.69387755102041,False,1
train_1206,9,7,5,5,17,49,34.69387755102041,True,0
train_1207,1,9,5,5,10,49,20.408163265306122,True,0
train_1208,8,8,7,7,16,49,32.6530612244898,True,0
train_1209,1,7,6,6,8,49,16.3265306122449,True,0
train_1210,7,10,6,7,11,49,22.448979591836736,False,-1
train_1211,7,8,6,7,7,49,14.285714285714286,False,-1
train_1212,1,4,6,7,8,49,16.3265306122449,False,-1
train_1213,1,5,4,4,15,49,30.612244897959183,True,0
train_1214,5,2,9,8,20,49,40.816326530612244,False,1
train_1215,1,9,5,5,10,49,20.408163265306122,True,0
train_1216,4,6,6,6,10,49,20.408163265306122,True,0
train_1217,2,9,7,6,16,49,32.6530612244898,False,1
train_1218,6,5,6,7,12,49,24.489795918367346,False,-1
train_1219,2,6,4,4,11,49,22.448979591836736,True,0
train_1220,6,2,4,4,5,49,10.204081632653061,True,0
train_1221,3,5,4,4,14,49,28.571428571428573,True,0
train_1222,2,7,7,6,9,49,18.367346938775512,False,1
train_1223,11,9,12,10,12,49,24.489795918367346,False,2
train_1224,1,4,7,6,18,49,36.734693877551024,False,1
train_1225,5,7,12,10,12,49,24.489795918367346,False,2
train_1226,3,6,7,8,19,49,38.775510204081634,False,-1
train_1227,2,6,9,9,15,49,30.612244897959183,True,0
train_1228,3,6,6,7,7,49,14.285714285714286,False,-1
train_1229,9,12,6,7,10,49,20.408163265306122,False,-1
train_1230,2,6,7,7,10,49,20.408163265306122,True,0
train_1231,6,8,7,7,7,49,14.285714285714286,True,0
train_1232,11,8,7,6,10,49,20.408163265306122,False,1
train_1233,1,3,5,5,12,49,24.489795918367346,True,0
train_1234,2,4,5,5,8,49,16.3265306122449,True,0
train_1235,6,8,4,4,11,49,22.448979591836736,True,0
train_1236,2,9,8,9,14,49,28.571428571428573,False,-1
train_1237,6,7,6,7,23,49,46.93877551020408,False,-1
train_1238,5,8,8,7,14,49,28.571428571428573,False,1
train_1239,2,6,5,5,27,49,55.10204081632653,True,0
train_1240,5,5,5,5,11,49,22.448979591836736,True,0
train_1241,6,7,9,10,23,49,46.93877551020408,False,-1
train_1242,4,5,8,9,8,49,16.3265306122449,False,-1
train_1243,3,3,6,6,4,49,8.16326530612245,True,0
train_1244,7,5,6,6,10,49,20.408163265306122,True,0
train_1245,2,6,5,5,15,49,30.612244897959183,True,0
train_1246,7,5,4,4,16,49,32.6530612244898,True,0
train_1247,5,2,9,8,17,49,34.69387755102041,False,1
train_1248,6,4,4,4,14,49,28.571428571428573,True,0
train_1249,3,3,9,9,12,49,24.489795918367346,True,0
train_1250,9,6,8,9,12,49,24.489795918367346,False,-1
train_1251,10,1,7,8,12,49,24.489795918367346,False,-1
train_1252,3,6,7,6,13,49,26.53061224489796,False,1
train_1253,2,6,4,4,8,49,16.3265306122449,True,0
train_1254,1,6,9,8,12,49,24.489795918367346,False,1
train_1255,2,5,8,7,8,49,16.3265306122449,False,1
train_1256,6,3,6,7,11,49,22.448979591836736,False,-1
train_1257,2,2,5,5,15,49,30.612244897959183,True,0
train_1258,13,1,8,8,20,49,40.816326530612244,True,0
train_1259,2,9,7,6,11,49,22.448979591836736,False,1
train_1260,9,8,8,7,15,49,30.612244897959183,False,1
train_1261,6,4,13,11,17,49,34.69387755102041,False,2
train_1262,3,6,7,6,18,49,36.734693877551024,False,1
train_1263,2,3,11,12,21,49,42.857142857142854,False,-1
train_1264,9,3,7,7,15,49,30.612244897959183,True,0
train_1265,6,5,7,6,17,49,34.69387755102041,False,1
train_1266,3,3,7,7,6,49,12.244897959183673,True,0
train_1267,1,4,7,6,10,49,20.408163265306122,False,1
train_1268,6,5,6,7,8,49,16.3265306122449,False,-1
train_1269,10,5,8,9,5,49,10.204081632653061,False,-1
train_1270,7,3,5,5,12,49,24.489795918367346,True,0
train_1271,6,5,9,8,13,49,26.53061224489796,False,1
train_1272,9,13,5,5,12,49,24.489795918367346,True,0
train_1273,13,11,14,12,12,49,24.489795918367346,False,2
train_1274,9,5,6,6,19,49,38.775510204081634,True,0
train_1275,5,3,6,6,8,49,16.3265306122449,True,0
train_1276,7,3,5,5,7,49,14.285714285714286,True,0
train_1277,2,6,7,7,9,49,18.367346938775512,True,0
train_1278,8,2,5,5,19,49,38.775510204081634,True,0
train_1279,2,8,4,4,15,49,30.612244897959183,True,0
train_1280,3,11,7,7,11,49,22.448979591836736,True,0
train_1281,2,7,7,6,13,49,26.53061224489796,False,1
train_1282,4,2,5,5,12,49,24.489795918367346,True,0
train_1283,1,4,7,6,16,49,32.6530612244898,False,1
train_1284,6,3,8,9,8,49,16.3265306122449,False,-1
train_1285,4,4,6,6,13,49,26.53061224489796,True,0
train_1286,4,7,7,6,6,49,12.244897959183673,False,1
train_1287,2,3,9,8,23,49,46.93877551020408,False,1
train_1288,6,4,6,6,10,49,20.408163265306122,True,0
train_1289,5,2,6,7,7,49,14.285714285714286,False,-1
train_1290,1,5,5,5,12,49,24.489795918367346,True,0
train_1291,2,4,4,4,8,49,16.3265306122449,True,0
train_1292,5,4,8,7,9,49,18.367346938775512,False,1
train_1293,6,5,7,6,16,49,32.6530612244898,False,1
train_1294,8,10,6,6,10,49,20.408163265306122,True,0
train_1295,1,5,5,5,11,49,22.448979591836736,True,0
train_1296,3,6,8,7,9,49,18.367346938775512,False,1
train_1297,1,4,7,8,7,49,14.285714285714286,False,-1
train_1298,3,4,7,6,2,49,4.081632653061225,False,1
train_1299,2,6,4,4,17,49,34.69387755102041,True,0
train_1300,4,2,5,5,4,49,8.16326530612245,True,0
train_1301,9,3,6,6,9,49,18.367346938775512,True,0
train_1302,5,6,8,7,22,49,44.89795918367347,False,1
train_1303,1,4,6,7,10,49,20.408163265306122,False,-1
train_1304,4,5,8,7,10,49,20.408163265306122,False,1
train_1305,13,13,5,5,9,49,18.367346938775512,True,0
train_1306,4,2,8,8,13,49,26.53061224489796,True,0
train_1307,6,1,7,6,10,49,20.408163265306122,False,1
train_1308,6,2,5,5,8,49,16.3265306122449,True,0
train_1309,8,2,4,4,11,49,22.448979591836736,True,0
train_1310,7,1,9,9,12,49,24.489795918367346,True,0
train_1311,3,4,6,7,12,49,24.489795918367346,False,-1
train_1312,1,2,7,6,22,49,44.89795918367347,False,1
train_1313,1,4,8,7,11,49,22.448979591836736,False,1
train_1314,1,3,8,8,11,49,22.448979591836736,True,0
train_1315,3,4,7,8,11,49,22.448979591836736,False,-1
train_1316,4,3,11,10,10,49,20.408163265306122,False,1
train_1317,1,5,8,8,10,49,20.408163265306122,True,0
train_1318,2,4,7,7,8,49,16.3265306122449,True,0
train_1319,1,5,6,6,12,49,24.489795918367346,True,0
train_1320,2,8,5,5,4,49,8.16326530612245,True,0
train_1321,6,9,8,7,12,49,24.489795918367346,False,1
train_1322,5,3,10,10,7,49,14.285714285714286,True,0
train_1323,4,5,7,8,13,49,26.53061224489796,False,-1
train_1324,2,5,7,6,17,49,34.69387755102041,False,1
train_1325,5,4,7,6,11,49,22.448979591836736,False,1
train_1326,13,4,9,8,15,49,30.612244897959183,False,1
train_1327,3,5,7,7,24,49,48.97959183673469,True,0
train_1328,1,5,11,11,16,49,32.6530612244898,True,0
train_1329,3,4,9,10,15,49,30.612244897959183,False,-1
train_1330,4,1,6,7,18,49,36.734693877551024,False,-1
train_1331,2,6,6,6,13,49,26.53061224489796,True,0
train_1332,3,5,9,9,10,49,20.408163265306122,True,0
train_1333,5,4,9,8,9,49,18.367346938775512,False,1
train_1334,2,4,4,4,10,49,20.408163265306122,True,0
train_1335,3,6,7,6,14,49,28.571428571428573,False,1
train_1336,1,13,6,6,14,49,28.571428571428573,True,0
train_1337,3,10,7,8,10,49,20.408163265306122,False,-1
train_1338,1,4,8,7,15,49,30.612244897959183,False,1
train_1339,3,5,4,4,14,49,28.571428571428573,True,0
train_1340,8,6,14,12,17,49,34.69387755102041,False,2
train_1341,7,5,4,4,13,49,26.53061224489796,True,0
train_1342,2,6,10,10,13,49,26.53061224489796,True,0
train_1343,6,2,4,4,5,49,10.204081632653061,True,0
train_1344,7,3,6,6,7,49,14.285714285714286,True,0
train_1345,8,3,8,7,14,49,28.571428571428573,False,1
train_1346,11,4,9,8,20,49,40.816326530612244,False,1
train_1347,8,4,6,6,9,49,18.367346938775512,True,0
train_1348,1,5,9,9,16,49,32.6530612244898,True,0
train_1349,2,3,7,6,4,49,8.16326530612245,False,1
train_1350,1,6,7,6,26,49,53.06122448979592,False,1
train_1351,3,6,8,9,14,49,28.571428571428573,False,-1
train_1352,1,4,10,9,6,49,12.244897959183673,False,1
train_1353,1,7,7,7,21,49,42.857142857142854,True,0
train_1354,3,7,4,4,19,49,38.775510204081634,True,0
train_1355,2,3,11,10,11,49,22.448979591836736,False,1
train_1356,5,8,8,7,8,49,16.3265306122449,False,1
train_1357,6,1,7,6,11,49,22.448979591836736,False,1
train_1358,2,6,10,12,14,49,28.571428571428573,False,-2
train_1359,1,7,4,4,21,49,42.857142857142854,True,0
train_1360,3,3,5,5,25,49,51.02040816326531,True,0
train_1361,5,1,4,4,11,49,22.448979591836736,True,0
train_1362,2,6,6,6,6,49,12.244897959183673,True,0
train_1363,8,5,7,6,5,49,10.204081632653061,False,1
train_1364,6,7,9,10,11,49,22.448979591836736,False,-1
train_1365,1,4,9,8,14,49,28.571428571428573,False,1
train_1366,3,1,4,4,12,49,24.489795918367346,True,0
train_1367,3,4,7,8,20,49,40.816326530612244,False,-1
train_1368,5,12,9,8,15,49,30.612244897959183,False,1
train_1369,4,10,5,5,12,49,24.489795918367346,True,0
train_1370,3,17,8,8,10,49,20.408163265306122,True,0
train_1371,1,5,13,11,6,49,12.244897959183673,False,2
train_1372,7,8,6,7,13,49,26.53061224489796,False,-1
train_1373,8,15,7,8,9,49,18.367346938775512,False,-1
train_1374,4,5,7,6,17,49,34.69387755102041,False,1
train_1375,3,7,4,4,15,49,30.612244897959183,True,0
train_1376,4,6,9,9,12,49,24.489795918367346,True,0
train_1377,7,3,7,7,18,49,36.734693877551024,True,0
train_1378,4,4,6,6,14,49,28.571428571428573,True,0
train_1379,6,6,8,8,10,49,20.408163265306122,True,0
train_1380,5,8,6,7,14,49,28.571428571428573,False,-1
train_1381,9,9,5,5,8,49,16.3265306122449,True,0
train_1382,9,3,5,5,12,49,24.489795918367346,True,0
train_1383,8,7,6,7,11,49,22.448979591836736,False,-1
train_1384,6,7,7,8,10,49,20.408163265306122,False,-1
train_1385,9,1,5,5,5,49,10.204081632653061,True,0
train_1386,5,8,7,6,16,49,32.6530612244898,False,1
train_1387,8,5,9,10,13,49,26.53061224489796,False,-1
train_1388,1,6,9,8,3,49,6.122448979591836,False,1
train_1389,7,3,7,7,7,49,14.285714285714286,True,0
train_1390,9,1,5,5,9,49,18.367346938775512,True,0
train_1391,9,5,8,8,7,49,14.285714285714286,True,0
train_1392,4,8,10,10,9,49,18.367346938775512,True,0
train_1393,9,5,6,6,11,49,22.448979591836736,True,0
train_1394,6,3,7,8,8,49,16.3265306122449,False,-1
train_1395,4,7,8,7,10,49,20.408163265306122,False,1
train_1396,7,3,5,5,9,49,18.367346938775512,True,0
train_1397,8,5,8,7,15,49,30.612244897959183,False,1
train_1398,5,3,6,6,11,49,22.448979591836736,True,0
train_1399,5,11,6,6,9,49,18.367346938775512,True,0
train_1400,6,10,7,7,15,49,30.612244897959183,True,0
train_1401,5,6,6,7,15,49,30.612244897959183,False,-1
train_1402,8,9,6,7,14,49,28.571428571428573,False,-1
train_1403,7,2,9,8,8,49,16.3265306122449,False,1
train_1404,5,8,6,7,12,49,24.489795918367346,False,-1
train_1405,4,1,8,7,9,49,18.367346938775512,False,1
train_1406,2,3,7,8,15,49,30.612244897959183,False,-1
train_1407,8,4,6,6,6,49,12.244897959183673,True,0
train_1408,7,7,4,4,13,49,26.53061224489796,True,0
train_1409,3,6,6,7,12,49,24.489795918367346,False,-1
train_1410,1,7,4,4,4,49,8.16326530612245,True,0
train_1411,1,8,9,10,15,49,30.612244897959183,False,-1
train_1412,8,7,9,8,11,49,22.448979591836736,False,1
train_1413,1,7,4,4,24,49,48.97959183673469,True,0
train_1414,7,6,10,9,8,49,16.3265306122449,False,1
train_1415,5,10,6,7,13,49,26.53061224489796,False,-1
train_1416,1,4,9,8,12,49,24.489795918367346,False,1
train_1417,3,4,7,8,11,49,22.448979591836736,False,-1
train_1418,3,5,8,8,8,49,16.3265306122449,True,0
train_1419,5,6,7,6,8,49,16.3265306122449,False,1
train_1420,3,2,7,8,9,49,18.367346938775512,False,-1
train_1421,1,6,7,6,9,49,18.367346938775512,False,1
train_1422,8,1,6,7,12,49,24.489795918367346,False,-1
train_1423,9,9,5,5,13,49,26.53061224489796,True,0
train_1424,2,3,8,7,11,49,22.448979591836736,False,1
train_1425,10,1,6,7,11,49,22.448979591836736,False,-1
train_1426,2,5,7,8,12,49,24.489795918367346,False,-1
train_1427,3,7,8,8,12,49,24.489795918367346,True,0
train_1428,6,6,5,5,9,49,18.367346938775512,True,0
train_1429,4,1,6,7,7,49,14.285714285714286,False,-1
train_1430,6,8,4,4,5,49,10.204081632653061,True,0
train_1431,2,8,5,5,10,49,20.408163265306122,True,0
train_1432,7,8,8,9,20,49,40.816326530612244,False,-1
train_1433,7,9,7,7,11,49,22.448979591836736,True,0
train_1434,2,3,7,6,7,49,14.285714285714286,False,1
train_1435,5,8,7,8,9,49,18.367346938775512,False,-1
train_1436,2,9,7,8,14,49,28.571428571428573,False,-1
train_1437,6,7,8,9,9,49,18.367346938775512,False,-1
train_1438,6,9,7,8,10,49,20.408163265306122,False,-1
train_1439,5,5,6,6,7,49,14.285714285714286,True,0
train_1440,11,4,9,8,16,49,32.6530612244898,False,1
train_1441,6,6,10,10,26,49,53.06122448979592,True,0
train_1442,10,9,9,8,7,49,14.285714285714286,False,1
train_1443,11,4,9,10,10,49,20.408163265306122,False,-1
train_1444,8,6,4,4,7,49,14.285714285714286,True,0
train_1445,8,6,13,11,10,49,20.408163265306122,False,2
train_1446,8,6,8,8,11,49,22.448979591836736,True,0
train_1447,6,4,6,6,23,49,46.93877551020408,True,0
train_1448,6,8,4,4,16,49,32.6530612244898,True,0
train_1449,3,5,5,5,11,49,22.448979591836736,True,0
train_1450,6,4,8,8,3,49,6.122448979591836,True,0
train_1451,2,8,5,5,9,49,18.367346938775512,True,0
train_1452,7,4,6,7,26,49,53.06122448979592,False,-1
train_1453,1,5,5,5,4,49,8.16326530612245,True,0
train_1454,1,7,6,6,17,49,34.69387755102041,True,0
train_1455,4,7,7,8,14,49,28.571428571428573,False,-1
train_1456,11,4,6,7,12,49,24.489795918367346,False,-1
train_1457,8,2,7,7,8,49,16.3265306122449,True,0
train_1458,8,7,10,9,12,49,24.489795918367346,False,1
train_1459,11,4,9,10,12,49,24.489795918367346,False,-1
train_1460,2,3,8,9,18,49,36.734693877551024,False,-1
train_1461,10,4,7,7,18,49,36.734693877551024,True,0
train_1462,6,4,10,12,12,49,24.489795918367346,False,-2
train_1463,6,5,7,6,8,49,16.3265306122449,False,1
train_1464,1,7,12,14,21,49,42.857142857142854,False,-2
train_1465,7,1,5,5,15,49,30.612244897959183,True,0
train_1466,10,10,5,5,12,49,24.489795918367346,True,0
train_1467,5,5,4,4,12,49,24.489795918367346,True,0
train_1468,2,8,5,5,14,49,28.571428571428573,True,0
train_1469,2,8,6,6,5,49,10.204081632653061,True,0
train_1470,3,6,7,6,15,49,30.612244897959183,False,1
train_1471,8,4,4,4,7,49,14.285714285714286,True,0
train_1472,4,7,8,7,12,49,24.489795918367346,False,1
train_1473,2,4,8,8,4,49,8.16326530612245,True,0
train_1474,2,9,6,7,14,49,28.571428571428573,False,-1
train_1475,3,4,12,13,13,49,26.53061224489796,False,-1
train_1476,4,8,8,8,4,49,8.16326530612245,True,0
train_1477,5,5,5,5,10,49,20.408163265306122,True,0
train_1478,3,1,7,7,14,49,28.571428571428573,True,0
train_1479,7,1,4,4,12,49,24.489795918367346,True,0
train_1480,5,1,7,7,15,49,30.612244897959183,True,0
train_1481,5,2,8,9,8,49,16.3265306122449,False,-1
train_1482,3,3,6,6,9,49,18.367346938775512,True,0
train_1483,7,3,6,6,14,49,28.571428571428573,True,0
train_1484,2,4,6,6,13,49,26.53061224489796,True,0
train_1485,5,7,4,4,9,49,18.367346938775512,True,0
train_1486,2,6,8,8,10,49,20.408163265306122,True,0
train_1487,6,7,7,8,10,49,20.408163265306122,False,-1
train_1488,1,11,6,6,7,49,14.285714285714286,True,0
train_1489,2,5,8,9,19,49,38.775510204081634,False,-1
train_1490,5,4,7,6,10,49,20.408163265306122,False,1
train_1491,4,1,10,9,22,49,44.89795918367347,False,1
train_1492,2,7,6,7,8,49,16.3265306122449,False,-1
train_1493,5,6,7,6,14,49,28.571428571428573,False,1
train_1494,10,3,7,8,12,49,24.489795918367346,False,-1
train_1495,5,1,5,5,11,49,22.448979591836736,True,0
train_1496,1,8,7,6,18,49,36.734693877551024,False,1
train_1497,4,8,6,6,21,49,42.857142857142854,True,0
train_1498,1,7,7,7,14,49,28.571428571428573,True,0
train_1499,3,1,5,5,16,49,32.6530612244898,True,0
train_1500,5,6,8,9,16,49,32.6530612244898,False,-1
train_1501,3,4,11,10,16,49,32.6530612244898,False,1
train_1502,5,4,7,8,18,49,36.734693877551024,False,-1
train_1503,7,4,8,7,7,49,14.285714285714286,False,1
train_1504,5,2,10,9,7,49,14.285714285714286,False,1
train_1505,2,6,6,6,16,49,32.6530612244898,True,0
train_1506,2,7,7,6,8,49,16.3265306122449,False,1
train_1507,8,9,6,7,16,49,32.6530612244898,False,-1
train_1508,6,8,5,5,13,49,26.53061224489796,True,0
train_1509,7,3,6,6,8,49,16.3265306122449,True,0
train_1510,1,7,6,6,14,49,28.571428571428573,True,0
train_1511,1,5,4,4,14,49,28.571428571428573,True,0
train_1512,2,4,5,5,12,49,24.489795918367346,True,0
train_1513,8,13,10,11,15,49,30.612244897959183,False,-1
train_1514,7,1,6,6,22,49,44.89795918367347,True,0
train_1515,2,9,8,7,12,49,24.489795918367346,False,1
train_1516,2,4,7,7,13,49,26.53061224489796,True,0
train_1517,5,8,8,9,10,49,20.408163265306122,False,-1
train_1518,2,4,7,7,9,49,18.367346938775512,True,0
train_1519,6,2,7,7,11,49,22.448979591836736,True,0
train_1520,3,2,8,7,16,49,32.6530612244898,False,1
train_1521,5,6,7,6,9,49,18.367346938775512,False,1
train_1522,5,5,4,4,16,49,32.6530612244898,True,0
train_1523,4,3,8,7,13,49,26.53061224489796,False,1
train_1524,6,1,10,9,17,49,34.69387755102041,False,1
train_1525,2,7,8,9,10,49,20.408163265306122,False,-1
train_1526,9,2,6,7,13,49,26.53061224489796,False,-1
train_1527,9,3,6,6,7,49,14.285714285714286,True,0
train_1528,8,7,10,9,15,49,30.612244897959183,False,1
train_1529,9,1,6,6,16,49,32.6530612244898,True,0
train_1530,5,4,7,8,11,49,22.448979591836736,False,-1
train_1531,7,1,4,4,12,49,24.489795918367346,True,0
train_1532,7,5,4,4,6,49,12.244897959183673,True,0
train_1533,4,9,9,8,13,49,26.53061224489796,False,1
train_1534,4,6,4,4,12,49,24.489795918367346,True,0
train_1535,8,7,13,12,20,49,40.816326530612244,False,1
train_1536,2,12,5,5,14,49,28.571428571428573,True,0
train_1537,4,1,8,9,7,49,14.285714285714286,False,-1
train_1538,10,5,6,7,14,49,28.571428571428573,False,-1
train_1539,3,9,6,6,18,49,36.734693877551024,True,0
train_1540,3,11,12,12,16,49,32.6530612244898,True,0
train_1541,4,4,8,8,8,49,16.3265306122449,True,0
train_1542,3,4,6,7,15,49,30.612244897959183,False,-1
train_1543,15,7,6,6,6,49,12.244897959183673,True,0
train_1544,5,1,7,7,11,49,22.448979591836736,True,0
train_1545,5,8,9,10,15,49,30.612244897959183,False,-1
train_1546,3,5,6,6,6,49,12.244897959183673,True,0
train_1547,8,7,7,8,11,49,22.448979591836736,False,-1
train_1548,2,3,9,8,13,49,26.53061224489796,False,1
train_1549,12,10,5,5,10,49,20.408163265306122,True,0
train_1550,10,2,5,5,19,49,38.775510204081634,True,0
train_1551,7,7,9,9,5,49,10.204081632653061,True,0
train_1552,10,4,6,6,15,49,30.612244897959183,True,0
train_1553,4,2,6,6,6,49,12.244897959183673,True,0
train_1554,2,5,8,9,7,49,14.285714285714286,False,-1
train_1555,3,1,5,5,10,49,20.408163265306122,True,0
train_1556,4,2,8,8,17,49,34.69387755102041,True,0
train_1557,1,9,5,5,18,49,36.734693877551024,True,0
train_1558,3,5,7,7,7,49,14.285714285714286,True,0
train_1559,3,4,8,9,8,49,16.3265306122449,False,-1
train_1560,6,13,9,10,15,49,30.612244897959183,False,-1
train_1561,2,1,7,6,8,49,16.3265306122449,False,1
train_1562,4,1,7,8,14,49,28.571428571428573,False,-1
train_1563,5,2,11,12,19,49,38.775510204081634,False,-1
train_1564,8,4,4,4,8,49,16.3265306122449,True,0
train_1565,6,2,7,7,5,49,10.204081632653061,True,0
train_1566,4,7,8,7,12,49,24.489795918367346,False,1
train_1567,8,4,4,4,16,49,32.6530612244898,True,0
train_1568,2,3,8,7,4,49,8.16326530612245,False,1
train_1569,11,12,8,9,20,49,40.816326530612244,False,-1
train_1570,2,6,10,10,7,49,14.285714285714286,True,0
train_1571,3,6,9,10,15,49,30.612244897959183,False,-1
train_1572,6,2,7,7,7,49,14.285714285714286,True,0
train_1573,5,6,8,7,18,49,36.734693877551024,False,1
train_1574,6,1,7,6,16,49,32.6530612244898,False,1
train_1575,4,7,8,7,18,49,36.734693877551024,False,1
train_1576,4,10,6,6,7,49,14.285714285714286,True,0
train_1577,8,1,7,8,20,49,40.816326530612244,False,-1
train_1578,2,9,7,8,18,49,36.734693877551024,False,-1
train_1579,8,2,4,4,12,49,24.489795918367346,True,0
train_1580,3,1,6,6,9,49,18.367346938775512,True,0
train_1581,7,2,7,6,10,49,20.408163265306122,False,1
train_1582,4,9,7,8,17,49,34.69387755102041,False,-1
train_1583,11,7,7,7,11,49,22.448979591836736,True,0
train_1584,1,5,4,4,11,49,22.448979591836736,True,0
train_1585,1,5,4,4,10,49,20.408163265306122,True,0
train_1586,6,10,7,7,9,49,18.367346938775512,True,0
train_1587,3,3,9,9,20,49,40.816326530612244,True,0
train_1588,5,4,8,7,6,49,12.244897959183673,False,1
train_1589,3,2,7,6,23,49,46.93877551020408,False,1
train_1590,2,3,8,7,7,49,14.285714285714286,False,1
train_1591,6,3,7,8,6,49,12.244897959183673,False,-1
train_1592,6,3,8,9,21,49,42.857142857142854,False,-1
train_1593,3,2,7,8,10,49,20.408163265306122,False,-1
train_1594,5,2,10,9,15,49,30.612244897959183,False,1
train_1595,4,3,7,8,12,49,24.489795918367346,False,-1
train_1596,6,6,4,4,11,49,22.448979591836736,True,0
train_1597,5,3,5,5,9,49,18.367346938775512,True,0
train_1598,7,3,4,4,14,49,28.571428571428573,True,0
train_1599,3,7,11,11,15,49,30.612244897959183,True,0
train_1600,2,6,4,4,9,49,18.367346938775512,True,0
train_1601,8,4,4,4,25,49,51.02040816326531,True,0
train_1602,4,10,9,9,14,49,28.571428571428573,True,0
train_1603,7,5,5,5,11,49,22.448979591836736,True,0
train_1604,6,7,7,8,13,49,26.53061224489796,False,-1
train_1605,7,8,8,7,12,49,24.489795918367346,False,1
train_1606,3,6,9,8,14,49,28.571428571428573,False,1
train_1607,10,9,6,7,10,49,20.408163265306122,False,-1
train_1608,5,3,4,4,11,49,22.448979591836736,True,0
train_1609,9,3,9,9,6,49,12.244897959183673,True,0
train_1610,3,6,6,7,12,49,24.489795918367346,False,-1
train_1611,8,2,5,5,19,49,38.775510204081634,True,0
train_1612,8,4,5,5,11,49,22.448979591836736,True,0
train_1613,7,6,11,10,13,49,26.53061224489796,False,1
train_1614,1,5,6,6,19,49,38.775510204081634,True,0
train_1615,3,6,7,8,14,49,28.571428571428573,False,-1
train_1616,3,5,9,9,16,49,32.6530612244898,True,0
train_1617,4,2,8,8,10,49,20.408163265306122,True,0
train_1618,5,9,6,6,7,49,14.285714285714286,True,0
train_1619,8,1,8,7,12,49,24.489795918367346,False,1
train_1620,3,3,7,7,11,49,22.448979591836736,True,0
train_1621,3,5,10,10,6,49,12.244897959183673,True,0
train_1622,1,4,10,11,15,49,30.612244897959183,False,-1
train_1623,1,9,5,5,9,49,18.367346938775512,True,0
train_1624,8,8,6,6,17,49,34.69387755102041,True,0
train_1625,6,7,8,9,16,49,32.6530612244898,False,-1
train_1626,4,5,7,8,9,49,18.367346938775512,False,-1
train_1627,6,4,7,7,14,49,28.571428571428573,True,0
train_1628,11,2,6,7,16,49,32.6530612244898,False,-1
train_1629,8,8,5,5,8,49,16.3265306122449,True,0
train_1630,8,6,4,4,19,49,38.775510204081634,True,0
train_1631,10,11,9,10,7,49,14.285714285714286,False,-1
train_1632,12,12,14,14,16,49,32.6530612244898,True,0
train_1633,3,3,4,4,8,49,16.3265306122449,True,0
train_1634,2,1,7,6,10,49,20.408163265306122,False,1
train_1635,2,4,6,6,17,49,34.69387755102041,True,0
train_1636,6,3,7,6,10,49,20.408163265306122,False,1
train_1637,6,7,10,11,11,49,22.448979591836736,False,-1
train_1638,11,1,6,6,21,49,42.857142857142854,True,0
train_1639,2,3,8,9,8,49,16.3265306122449,False,-1
train_1640,10,1,7,8,12,49,24.489795918367346,False,-1
train_1641,5,6,10,11,12,49,24.489795918367346,False,-1
train_1642,9,6,7,8,11,49,22.448979591836736,False,-1
train_1643,2,8,9,9,8,49,16.3265306122449,True,0
train_1644,1,7,5,5,8,49,16.3265306122449,True,0
train_1645,8,5,12,11,14,49,28.571428571428573,False,1
train_1646,5,4,6,7,18,49,36.734693877551024,False,-1
train_1647,5,4,10,9,16,49,32.6530612244898,False,1
train_1648,11,10,6,7,9,49,18.367346938775512,False,-1
train_1649,6,4,5,5,12,49,24.489795918367346,True,0
train_1650,1,2,7,6,20,49,40.816326530612244,False,1
train_1651,3,7,7,7,7,49,14.285714285714286,True,0
train_1652,5,7,4,4,10,49,20.408163265306122,True,0
train_1653,2,7,9,10,14,49,28.571428571428573,False,-1
train_1654,6,7,8,9,6,49,12.244897959183673,False,-1
train_1655,1,4,7,6,10,49,20.408163265306122,False,1
train_1656,4,6,9,9,16,49,32.6530612244898,True,0
train_1657,10,3,8,7,11,49,22.448979591836736,False,1
train_1658,6,6,4,4,9,49,18.367346938775512,True,0
train_1659,3,16,7,6,13,49,26.53061224489796,False,1
train_1660,8,6,5,5,8,49,16.3265306122449,True,0
train_1661,3,3,5,5,6,49,12.244897959183673,True,0
train_1662,6,3,9,10,11,49,22.448979591836736,False,-1
train_1663,8,5,7,6,9,49,18.367346938775512,False,1
train_1664,4,7,8,7,13,49,26.53061224489796,False,1
train_1665,3,5,10,12,14,49,28.571428571428573,False,-2
train_1666,6,3,10,9,18,49,36.734693877551024,False,1
train_1667,1,6,6,7,12,49,24.489795918367346,False,-1
train_1668,4,4,10,12,16,49,32.6530612244898,False,-2
train_1669,9,4,6,7,13,49,26.53061224489796,False,-1
train_1670,1,4,8,7,12,49,24.489795918367346,False,1
train_1671,8,5,8,7,13,49,26.53061224489796,False,1
train_1672,3,6,8,9,15,49,30.612244897959183,False,-1
train_1673,7,4,8,7,12,49,24.489795918367346,False,1
train_1674,7,9,7,7,11,49,22.448979591836736,True,0
train_1675,4,11,8,9,11,49,22.448979591836736,False,-1
train_1676,5,5,7,7,20,49,40.816326530612244,True,0
train_1677,8,4,5,5,13,49,26.53061224489796,True,0
train_1678,10,10,7,7,20,49,40.816326530612244,True,0
train_1679,2,4,6,6,9,49,18.367346938775512,True,0
train_1680,1,6,7,6,18,49,36.734693877551024,False,1
train_1681,9,19,6,6,16,49,32.6530612244898,True,0
train_1682,3,6,7,6,16,49,32.6530612244898,False,1
train_1683,8,2,8,8,9,49,18.367346938775512,True,0
train_1684,3,2,6,7,23,49,46.93877551020408,False,-1
train_1685,6,2,4,4,15,49,30.612244897959183,True,0
train_1686,8,8,5,5,22,49,44.89795918367347,True,0
train_1687,3,2,6,7,12,49,24.489795918367346,False,-1
train_1688,5,1,7,7,12,49,24.489795918367346,True,0
train_1689,8,1,8,7,15,49,30.612244897959183,False,1
train_1690,3,1,4,4,8,49,16.3265306122449,True,0
train_1691,9,3,12,10,21,49,42.857142857142854,False,2
train_1692,3,6,9,8,15,49,30.612244897959183,False,1
train_1693,9,8,11,10,13,49,26.53061224489796,False,1
train_1694,5,7,9,9,7,49,14.285714285714286,True,0
train_1695,3,13,8,8,17,49,34.69387755102041,True,0
train_1696,10,6,6,6,7,49,14.285714285714286,True,0
train_1697,10,7,7,6,7,49,14.285714285714286,False,1
train_1698,4,1,9,8,13,49,26.53061224489796,False,1
train_1699,8,2,4,4,16,49,32.6530612244898,True,0
train_1700,3,1,15,15,10,49,20.408163265306122,True,0
train_1701,3,6,8,7,12,49,24.489795918367346,False,1
train_1702,5,2,6,7,11,49,22.448979591836736,False,-1
train_1703,4,7,6,7,9,49,18.367346938775512,False,-1
train_1704,9,10,10,11,9,49,18.367346938775512,False,-1
train_1705,5,4,8,7,8,49,16.3265306122449,False,1
train_1706,12,7,7,6,14,49,28.571428571428573,False,1
train_1707,2,4,12,10,11,49,22.448979591836736,False,2
train_1708,10,6,5,5,12,49,24.489795918367346,True,0
train_1709,7,2,6,7,6,49,12.244897959183673,False,-1
train_1710,5,11,6,6,17,49,34.69387755102041,True,0
train_1711,2,12,7,7,14,49,28.571428571428573,True,0
train_1712,6,3,10,11,12,49,24.489795918367346,False,-1
train_1713,9,8,8,7,21,49,42.857142857142854,False,1
train_1714,9,6,8,7,12,49,24.489795918367346,False,1
train_1715,3,4,6,7,11,49,22.448979591836736,False,-1
train_1716,2,5,7,6,13,49,26.53061224489796,False,1
train_1717,1,6,6,7,4,49,8.16326530612245,False,-1
train_1718,5,2,7,6,6,49,12.244897959183673,False,1
train_1719,9,6,6,7,9,49,18.367346938775512,False,-1
train_1720,7,6,10,9,20,49,40.816326530612244,False,1
train_1721,1,9,8,8,14,49,28.571428571428573,True,0
train_1722,6,7,8,7,7,49,14.285714285714286,False,1
train_1723,4,8,6,6,12,49,24.489795918367346,True,0
train_1724,9,4,7,8,4,49,8.16326530612245,False,-1
train_1725,2,3,7,8,19,49,38.775510204081634,False,-1
train_1726,8,6,4,4,11,49,22.448979591836736,True,0
train_1727,9,3,10,12,22,49,44.89795918367347,False,-2
train_1728,1,5,9,9,16,49,32.6530612244898,True,0
train_1729,8,5,8,7,13,49,26.53061224489796,False,1
train_1730,6,3,9,10,15,49,30.612244897959183,False,-1
train_1731,3,1,6,6,8,49,16.3265306122449,True,0
train_1732,2,5,9,8,15,49,30.612244897959183,False,1
train_1733,4,10,6,6,15,49,30.612244897959183,True,0
train_1734,6,6,11,11,14,49,28.571428571428573,True,0
train_1735,7,3,4,4,10,49,20.408163265306122,True,0
train_1736,9,9,6,6,8,49,16.3265306122449,True,0
train_1737,7,3,9,9,16,49,32.6530612244898,True,0
train_1738,12,1,8,7,18,49,36.734693877551024,False,1
train_1739,6,5,7,6,9,49,18.367346938775512,False,1
train_1740,3,5,4,4,12,49,24.489795918367346,True,0
train_1741,8,4,8,8,18,49,36.734693877551024,True,0
train_1742,3,6,8,9,13,49,26.53061224489796,False,-1
train_1743,3,8,6,7,20,49,40.816326530612244,False,-1
train_1744,6,3,9,10,19,49,38.775510204081634,False,-1
train_1745,17,2,8,9,11,49,22.448979591836736,False,-1
train_1746,8,6,7,7,9,49,18.367346938775512,True,0
train_1747,3,1,6,6,10,49,20.408163265306122,True,0
train_1748,1,4,8,7,24,49,48.97959183673469,False,1
train_1749,4,6,7,7,9,49,18.367346938775512,True,0
train_1750,1,4,6,7,12,49,24.489795918367346,False,-1
train_1751,7,12,9,8,4,49,8.16326530612245,False,1
train_1752,3,7,5,5,10,49,20.408163265306122,True,0
train_1753,9,1,6,6,7,49,14.285714285714286,True,0
train_1754,3,4,6,7,8,49,16.3265306122449,False,-1
train_1755,14,2,7,7,14,49,28.571428571428573,True,0
train_1756,10,4,8,8,9,49,18.367346938775512,True,0
train_1757,3,8,11,10,12,49,24.489795918367346,False,1
train_1758,4,1,6,7,8,49,16.3265306122449,False,-1
train_1759,5,8,7,6,15,49,30.612244897959183,False,1
train_1760,10,10,5,5,15,49,30.612244897959183,True,0
train_1761,4,6,7,7,16,49,32.6530612244898,True,0
train_1762,2,6,9,9,18,49,36.734693877551024,True,0
train_1763,5,6,7,8,8,49,16.3265306122449,False,-1
train_1764,4,7,11,10,22,49,44.89795918367347,False,1
train_1765,6,1,7,8,13,49,26.53061224489796,False,-1
train_1766,1,7,6,6,9,49,18.367346938775512,True,0
train_1767,3,7,6,6,6,49,12.244897959183673,True,0
train_1768,4,2,5,5,13,49,26.53061224489796,True,0
train_1769,3,5,6,6,3,49,6.122448979591836,True,0
train_1770,5,4,8,7,7,49,14.285714285714286,False,1
train_1771,8,4,4,4,10,49,20.408163265306122,True,0
train_1772,8,2,4,4,25,49,51.02040816326531,True,0
train_1773,6,6,4,4,6,49,12.244897959183673,True,0
train_1774,3,3,5,5,14,49,28.571428571428573,True,0
train_1775,11,3,7,7,16,49,32.6530612244898,True,0
train_1776,12,4,6,6,13,49,26.53061224489796,True,0
train_1777,4,3,7,6,11,49,22.448979591836736,False,1
train_1778,7,1,5,5,11,49,22.448979591836736,True,0
train_1779,3,9,5,5,13,49,26.53061224489796,True,0
train_1780,1,7,5,5,7,49,14.285714285714286,True,0
train_1781,1,2,8,9,8,49,16.3265306122449,False,-1
train_1782,2,4,10,12,19,49,38.775510204081634,False,-2
train_1783,4,1,8,7,14,49,28.571428571428573,False,1
train_1784,3,4,10,9,12,49,24.489795918367346,False,1
train_1785,7,6,7,6,17,49,34.69387755102041,False,1
train_1786,2,1,8,9,21,49,42.857142857142854,False,-1
train_1787,3,4,7,6,9,49,18.367346938775512,False,1
train_1788,1,3,4,4,16,49,32.6530612244898,True,0
train_1789,4,5,8,7,17,49,34.69387755102041,False,1
train_1790,3,4,8,9,8,49,16.3265306122449,False,-1
train_1791,6,5,9,8,15,49,30.612244897959183,False,1
train_1792,4,3,9,8,14,49,28.571428571428573,False,1
train_1793,12,11,6,7,14,49,28.571428571428573,False,-1
train_1794,6,2,4,4,5,49,10.204081632653061,True,0
train_1795,4,1,8,7,11,49,22.448979591836736,False,1
train_1796,6,2,5,5,11,49,22.448979591836736,True,0
train_1797,3,4,8,9,10,49,20.408163265306122,False,-1
train_1798,5,2,7,6,10,49,20.408163265306122,False,1
train_1799,2,3,6,7,19,49,38.775510204081634,False,-1
train_1800,4,1,7,8,18,49,36.734693877551024,False,-1
train_1801,3,6,6,7,16,49,32.6530612244898,False,-1
train_1802,1,6,6,7,13,49,26.53061224489796,False,-1
train_1803,8,2,4,4,17,49,34.69387755102041,True,0
train_1804,3,11,11,11,12,49,24.489795918367346,True,0
train_1805,1,3,9,9,10,49,20.408163265306122,True,0
train_1806,6,6,7,7,14,49,28.571428571428573,True,0
train_1807,5,6,8,7,9,49,18.367346938775512,False,1
train_1808,4,8,7,7,20,49,40.816326530612244,True,0
train_1809,9,8,7,6,18,49,36.734693877551024,False,1
train_1810,4,7,7,8,17,49,34.69387755102041,False,-1
train_1811,3,3,10,10,11,49,22.448979591836736,True,0
train_1812,1,7,4,4,11,49,22.448979591836736,True,0
train_1813,9,8,7,8,8,49,16.3265306122449,False,-1
train_1814,3,8,7,8,4,49,8.16326530612245,False,-1
train_1815,2,3,8,9,11,49,22.448979591836736,False,-1
train_1816,2,12,6,6,18,49,36.734693877551024,True,0
train_1817,1,7,6,6,25,49,51.02040816326531,True,0
train_1818,2,5,6,7,10,49,20.408163265306122,False,-1
train_1819,3,9,6,6,12,49,24.489795918367346,True,0
train_1820,4,5,7,8,12,49,24.489795918367346,False,-1
train_1821,6,3,6,7,19,49,38.775510204081634,False,-1
train_1822,14,4,6,6,12,49,24.489795918367346,True,0
train_1823,1,5,9,9,17,49,34.69387755102041,True,0
train_1824,7,1,7,7,14,49,28.571428571428573,True,0
train_1825,6,4,5,5,10,49,20.408163265306122,True,0
train_1826,3,6,6,7,8,49,16.3265306122449,False,-1
train_1827,1,10,8,9,14,49,28.571428571428573,False,-1
train_1828,5,8,9,8,13,49,26.53061224489796,False,1
train_1829,9,9,6,6,15,49,30.612244897959183,True,0
train_1830,4,3,8,9,10,49,20.408163265306122,False,-1
train_1831,2,6,4,4,16,49,32.6530612244898,True,0
train_1832,6,2,4,4,11,49,22.448979591836736,True,0
train_1833,4,2,5,5,13,49,26.53061224489796,True,0
train_1834,1,3,5,5,5,49,10.204081632653061,True,0
train_1835,5,1,7,7,15,49,30.612244897959183,True,0
train_1836,5,6,9,10,10,49,20.408163265306122,False,-1
train_1837,5,5,12,12,14,49,28.571428571428573,True,0
train_1838,4,8,5,5,2,49,4.081632653061225,True,0
train_1839,4,1,6,7,17,49,34.69387755102041,False,-1
train_1840,2,7,6,7,18,49,36.734693877551024,False,-1
train_1841,7,5,6,6,18,49,36.734693877551024,True,0
train_1842,3,14,8,9,10,49,20.408163265306122,False,-1
train_1843,7,2,10,9,14,49,28.571428571428573,False,1
train_1844,7,7,4,4,6,49,12.244897959183673,True,0
train_1845,4,5,7,8,17,49,34.69387755102041,False,-1
train_1846,5,5,5,5,7,49,14.285714285714286,True,0
train_1847,2,11,8,7,7,49,14.285714285714286,False,1
train_1848,2,7,7,8,2,49,4.081632653061225,False,-1
train_1849,2,3,9,8,12,49,24.489795918367346,False,1
train_1850,2,1,10,9,16,49,32.6530612244898,False,1
train_1851,5,3,4,4,11,49,22.448979591836736,True,0
train_1852,3,4,7,6,7,49,14.285714285714286,False,1
train_1853,6,6,4,4,13,49,26.53061224489796,True,0
train_1854,7,1,5,5,8,49,16.3265306122449,True,0
train_1855,4,10,8,8,15,49,30.612244897959183,True,0
train_1856,4,1,8,9,8,49,16.3265306122449,False,-1
train_1857,4,5,7,6,6,49,12.244897959183673,False,1
train_1858,7,8,8,9,8,49,16.3265306122449,False,-1
train_1859,8,7,11,10,16,49,32.6530612244898,False,1
train_1860,8,3,6,7,5,49,10.204081632653061,False,-1
train_1861,2,6,4,4,19,49,38.775510204081634,True,0
train_1862,5,7,5,5,9,49,18.367346938775512,True,0
train_1863,3,5,6,6,20,49,40.816326530612244,True,0
train_1864,2,8,4,4,20,49,40.816326530612244,True,0
train_1865,7,8,7,6,12,49,24.489795918367346,False,1
train_1866,10,10,7,7,14,49,28.571428571428573,True,0
train_1867,2,3,7,6,8,49,16.3265306122449,False,1
train_1868,10,6,6,6,9,49,18.367346938775512,True,0
train_1869,3,8,7,8,19,49,38.775510204081634,False,-1
train_1870,8,2,4,4,14,49,28.571428571428573,True,0
train_1871,8,11,7,8,8,49,16.3265306122449,False,-1
train_1872,3,5,7,7,9,49,18.367346938775512,True,0
train_1873,4,3,8,7,15,49,30.612244897959183,False,1
train_1874,1,10,6,7,15,49,30.612244897959183,False,-1
train_1875,6,5,8,9,10,49,20.408163265306122,False,-1
train_1876,4,1,9,8,10,49,20.408163265306122,False,1
train_1877,2,4,4,4,26,49,53.06122448979592,True,0
train_1878,5,4,6,7,5,49,10.204081632653061,False,-1
train_1879,6,1,7,8,8,49,16.3265306122449,False,-1
train_1880,5,1,5,5,15,49,30.612244897959183,True,0
train_1881,8,1,6,7,8,49,16.3265306122449,False,-1
train_1882,3,2,7,8,9,49,18.367346938775512,False,-1
train_1883,6,4,5,5,9,49,18.367346938775512,True,0
train_1884,2,7,8,7,6,49,12.244897959183673,False,1
train_1885,3,12,7,6,13,49,26.53061224489796,False,1
train_1886,3,2,8,7,26,49,53.06122448979592,False,1
train_1887,5,1,5,5,12,49,24.489795918367346,True,0
train_1888,5,5,4,4,11,49,22.448979591836736,True,0
train_1889,5,5,4,4,13,49,26.53061224489796,True,0
train_1890,8,5,6,7,10,49,20.408163265306122,False,-1
train_1891,1,7,5,5,21,49,42.857142857142854,True,0
train_1892,5,3,8,8,17,49,34.69387755102041,True,0
train_1893,3,3,9,9,10,49,20.408163265306122,True,0
train_1894,6,6,8,8,21,49,42.857142857142854,True,0
train_1895,5,10,8,7,9,49,18.367346938775512,False,1
train_1896,7,3,7,7,13,49,26.53061224489796,True,0
train_1897,3,2,11,10,11,49,22.448979591836736,False,1
train_1898,9,3,5,5,15,49,30.612244897959183,True,0
train_1899,14,5,10,9,12,49,24.489795918367346,False,1
train_1900,6,5,9,8,12,49,24.489795918367346,False,1
train_1901,1,5,4,4,19,49,38.775510204081634,True,0
train_1902,4,6,5,5,17,49,34.69387755102041,True,0
train_1903,5,4,8,7,16,49,32.6530612244898,False,1
train_1904,3,4,7,8,16,49,32.6530612244898,False,-1
train_1905,1,6,6,7,16,49,32.6530612244898,False,-1
train_1906,9,3,5,5,12,49,24.489795918367346,True,0
train_1907,6,7,9,10,8,49,16.3265306122449,False,-1
train_1908,1,4,7,8,8,49,16.3265306122449,False,-1
train_1909,3,7,5,5,11,49,22.448979591836736,True,0
train_1910,5,1,5,5,16,49,32.6530612244898,True,0
train_1911,1,7,5,5,8,49,16.3265306122449,True,0
train_1912,10,8,7,7,19,49,38.775510204081634,True,0
train_1913,2,6,5,5,15,49,30.612244897959183,True,0
train_1914,5,2,10,9,16,49,32.6530612244898,False,1
train_1915,5,3,4,4,23,49,46.93877551020408,True,0
train_1916,1,5,4,4,6,49,12.244897959183673,True,0
train_1917,1,7,4,4,11,49,22.448979591836736,True,0
train_1918,2,10,6,6,18,49,36.734693877551024,True,0
train_1919,6,9,7,8,8,49,16.3265306122449,False,-1
train_1920,3,7,4,4,14,49,28.571428571428573,True,0
train_1921,7,7,9,9,15,49,30.612244897959183,True,0
train_1922,7,9,11,13,8,49,16.3265306122449,False,-2
train_1923,5,2,11,12,14,49,28.571428571428573,False,-1
train_1924,6,8,7,7,9,49,18.367346938775512,True,0
train_1925,8,8,8,8,13,49,26.53061224489796,True,0
train_1926,3,8,6,7,10,49,20.408163265306122,False,-1
train_1927,5,2,6,7,13,49,26.53061224489796,False,-1
train_1928,3,4,8,9,16,49,32.6530612244898,False,-1
train_1929,3,5,9,9,12,49,24.489795918367346,True,0
train_1930,5,2,11,12,10,49,20.408163265306122,False,-1
train_1931,8,7,7,6,12,49,24.489795918367346,False,1
train_1932,9,8,7,8,10,49,20.408163265306122,False,-1
train_1933,5,3,7,7,14,49,28.571428571428573,True,0
train_1934,5,2,8,7,21,49,42.857142857142854,False,1
train_1935,8,3,7,6,17,49,34.69387755102041,False,1
train_1936,4,7,6,7,5,49,10.204081632653061,False,-1
train_1937,4,4,8,8,19,49,38.775510204081634,True,0
train_1938,2,1,7,6,19,49,38.775510204081634,False,1
train_1939,3,1,7,7,11,49,22.448979591836736,True,0
train_1940,5,4,8,7,7,49,14.285714285714286,False,1
train_1941,8,2,4,4,7,49,14.285714285714286,True,0
train_1942,10,9,14,13,18,49,36.734693877551024,False,1
train_1943,3,11,5,5,11,49,22.448979591836736,True,0
train_1944,4,1,8,9,16,49,32.6530612244898,False,-1
train_1945,8,4,4,4,6,49,12.244897959183673,True,0
train_1946,5,9,5,5,8,49,16.3265306122449,True,0
train_1947,3,3,6,6,8,49,16.3265306122449,True,0
train_1948,5,3,4,4,20,49,40.816326530612244,True,0
train_1949,9,4,7,6,6,49,12.244897959183673,False,1
train_1950,8,2,5,5,12,49,24.489795918367346,True,0
train_1951,5,5,4,4,11,49,22.448979591836736,True,0
train_1952,8,2,5,5,16,49,32.6530612244898,True,0
train_1953,5,8,8,7,15,49,30.612244897959183,False,1
train_1954,7,3,4,4,12,49,24.489795918367346,True,0
train_1955,13,8,7,6,14,49,28.571428571428573,False,1
train_1956,4,5,7,8,6,49,12.244897959183673,False,-1
train_1957,9,11,10,12,7,49,14.285714285714286,False,-2
train_1958,3,7,7,7,7,49,14.285714285714286,True,0
train_1959,6,2,5,5,9,49,18.367346938775512,True,0
train_1960,7,7,5,5,8,49,16.3265306122449,True,0
train_1961,5,7,4,4,12,49,24.489795918367346,True,0
train_1962,7,5,4,4,12,49,24.489795918367346,True,0
train_1963,7,6,7,8,15,49,30.612244897959183,False,-1
train_1964,5,8,9,8,6,49,12.244897959183673,False,1
train_1965,1,3,5,5,10,49,20.408163265306122,True,0
train_1966,10,2,8,8,13,49,26.53061224489796,True,0
train_1967,2,5,10,9,13,49,26.53061224489796,False,1
train_1968,5,5,4,4,12,49,24.489795918367346,True,0
train_1969,3,9,8,8,15,49,30.612244897959183,True,0
train_1970,6,3,7,6,10,49,20.408163265306122,False,1
train_1971,4,5,10,11,12,49,24.489795918367346,False,-1
train_1972,1,6,7,6,8,49,16.3265306122449,False,1
train_1973,4,3,10,9,24,49,48.97959183673469,False,1
train_1974,6,1,6,7,15,49,30.612244897959183,False,-1
train_1975,1,6,7,6,14,49,28.571428571428573,False,1
train_1976,3,10,7,6,5,49,10.204081632653061,False,1
train_1977,7,1,5,5,5,49,10.204081632653061,True,0
train_1978,5,4,6,7,9,49,18.367346938775512,False,-1
train_1979,4,10,6,6,19,49,38.775510204081634,True,0
train_1980,12,5,8,9,10,49,20.408163265306122,False,-1
train_1981,8,9,7,6,10,49,20.408163265306122,False,1
train_1982,8,8,4,4,12,49,24.489795918367346,True,0
train_1983,3,2,8,7,8,49,16.3265306122449,False,1
train_1984,14,7,7,6,9,49,18.367346938775512,False,1
train_1985,11,7,11,11,16,49,32.6530612244898,True,0
train_1986,5,6,9,8,9,49,18.367346938775512,False,1
train_1987,1,2,7,8,9,49,18.367346938775512,False,-1
train_1988,3,5,4,4,23,49,46.93877551020408,True,0
train_1989,6,3,8,7,10,49,20.408163265306122,False,1
train_1990,2,7,7,6,7,49,14.285714285714286,False,1
train_1991,4,4,5,5,9,49,18.367346938775512,True,0
train_1992,5,3,4,4,5,49,10.204081632653061,True,0
train_1993,5,1,6,6,11,49,22.448979591836736,True,0
train_1994,3,13,5,5,19,49,38.775510204081634,True,0
train_1995,13,10,8,9,13,49,26.53061224489796,False,-1
train_1996,7,7,8,8,19,49,38.775510204081634,True,0
train_1997,7,2,7,6,18,49,36.734693877551024,False,1
train_1998,8,4,6,6,16,49,32.6530612244898,True,0
train_1999,8,5,9,8,11,49,22.448979591836736,False,1
