source_layout_id,seed,ego_to_red,ego_to_blue,partner_to_red,partner_to_blue,realized_wall_density,eligible_both_distances_in_range,selected,exclusion_reason
train_0000,1487336333,2,2,8,8,0.24489795918367346,True,True,
train_0001,1030308071,2,7,6,7,0.24489795918367346,True,True,
train_0002,744493965,4,2,4,4,0.16326530612244897,True,True,
train_0003,1731380364,4,5,7,6,0.3469387755102041,True,False,random_sampling_for_joint_quotas
train_0004,1683162062,4,4,6,6,0.30612244897959184,True,False,random_sampling_for_joint_quotas
train_0005,781907379,2,3,7,8,0.2653061224489796,True,True,
train_0006,1051545401,2,7,7,8,0.1836734693877551,True,True,
train_0007,1769694667,6,7,8,9,0.1836734693877551,True,False,random_sampling_for_joint_quotas
train_0008,2099004441,6,10,7,7,0.12244897959183673,False,False,outside_ego_distance_range
train_0009,193160804,4,11,9,8,0.22448979591836735,False,False,outside_ego_distance_range
train_0010,1305444798,2,5,8,7,0.16326530612244897,True,True,
train_0011,1497554590,11,7,8,8,0.22448979591836735,False,False,outside_ego_distance_range
train_0012,178181219,4,6,8,8,0.40816326530612246,True,False,random_sampling_for_joint_quotas
train_0013,696419634,3,3,4,4,0.16326530612244897,True,False,random_sampling_for_joint_quotas
train_0014,459195505,6,1,7,6,0.22448979591836735,True,False,random_sampling_for_joint_quotas
train_0015,1657925273,2,5,7,8,0.20408163265306123,True,True,
train_0016,384605363,1,3,4,4,0.32653061224489793,True,True,
train_0017,240323051,11,4,9,10,0.2653061224489796,False,False,outside_ego_distance_range
train_0018,522802202,4,1,7,6,0.10204081632653061,True,True,
train_0019,787666178,3,7,4,4,0.2653061224489796,True,True,
train_0020,1535122629,4,3,9,8,0.1836734693877551,True,True,
train_0021,823104530,2,11,6,7,0.2653061224489796,False,False,outside_ego_distance_range
train_0022,896431448,6,6,11,11,0.3469387755102041,True,True,
train_0023,1663622537,3,7,6,6,0.16326530612244897,True,False,random_sampling_for_joint_quotas
train_0024,1688213871,8,8,10,10,0.12244897959183673,True,True,
train_0025,746790376,1,8,7,6,0.24489795918367346,True,True,
train_0026,426485128,2,10,6,6,0.1836734693877551,False,False,outside_ego_distance_range
train_0027,408234942,5,6,8,7,0.1836734693877551,True,True,
train_0028,246515169,3,4,7,8,0.2857142857142857,True,False,random_sampling_for_joint_quotas
train_0029,1983210143,11,7,10,10,0.2857142857142857,False,False,outside_ego_distance_range
train_0030,1353016026,3,7,4,4,0.22448979591836735,True,True,
train_0031,624504833,8,4,7,7,0.16326530612244897,True,True,
train_0032,207168383,5,11,5,5,0.40816326530612246,False,False,outside_ego_distance_range
train_0033,832034358,9,5,6,6,0.22448979591836735,False,False,outside_ego_distance_range
train_0034,1697279459,2,8,6,6,0.12244897959183673,True,True,
train_0035,661613376,1,4,9,10,0.20408163265306123,True,False,random_sampling_for_joint_quotas
train_0036,2132035885,6,3,10,9,0.2653061224489796,True,False,random_sampling_for_joint_quotas
train_0037,874653122,8,4,4,4,0.2653061224489796,True,True,
train_0038,1860137658,5,12,6,7,0.30612244897959184,False,False,outside_ego_distance_range
train_0039,1860284274,3,2,8,7,0.2653061224489796,True,False,random_sampling_for_joint_quotas
train_0040,102597858,2,1,7,8,0.20408163265306123,True,True,
train_0041,1113985025,5,1,5,5,0.2857142857142857,True,True,
train_0042,1498036865,5,3,4,4,0.24489795918367346,True,False,random_sampling_for_joint_quotas
train_0043,2064964457,1,11,5,5,0.30612244897959184,False,False,outside_ego_distance_range
train_0044,1314804001,9,11,10,12,0.1836734693877551,False,False,outside_ego_distance_range
train_0045,630819913,8,6,6,6,0.20408163265306123,True,True,
train_0046,1529960503,12,12,7,7,0.40816326530612246,False,False,outside_ego_distance_range
train_0047,1259027607,8,6,7,7,0.1836734693877551,True,True,
train_0048,641993109,5,3,6,6,0.2653061224489796,True,True,
train_0049,2017093617,5,5,6,6,0.20408163265306123,True,True,
train_0050,976035165,2,10,7,7,0.32653061224489793,False,False,outside_ego_distance_range
train_0051,409144955,1,5,6,6,0.16326530612244897,True,False,random_sampling_for_joint_quotas
train_0052,410880808,8,4,4,4,0.22448979591836735,True,True,
train_0053,712343558,3,7,4,4,0.22448979591836735,True,False,random_sampling_for_joint_quotas
train_0054,907314270,3,5,10,12,0.3877551020408163,True,False,random_sampling_for_joint_quotas
train_0055,191357735,4,8,7,7,0.16326530612244897,True,True,
train_0056,213468947,2,3,6,7,0.12244897959183673,True,False,random_sampling_for_joint_quotas
train_0057,1761745978,4,2,6,6,0.1836734693877551,True,False,random_sampling_for_joint_quotas
train_0058,1149905258,4,7,7,6,0.08163265306122448,True,True,
train_0059,1880716291,3,5,4,4,0.30612244897959184,True,True,
train_0060,594457408,6,7,8,9,0.32653061224489793,True,True,
train_0061,879620136,5,6,6,7,0.4489795918367347,True,False,random_sampling_for_joint_quotas
train_0062,1566508632,1,4,9,8,0.16326530612244897,True,True,
train_0063,501682930,9,9,10,10,0.22448979591836735,False,False,outside_ego_distance_range
train_0064,1086052737,8,4,9,9,0.16326530612244897,True,True,
train_0065,739701824,2,5,7,6,0.2653061224489796,True,True,
train_0066,577967000,3,3,6,6,0.20408163265306123,True,False,random_sampling_for_joint_quotas
train_0067,622494040,3,6,8,7,0.14285714285714285,True,True,
train_0068,2008316370,7,7,10,10,0.20408163265306123,True,True,
train_0069,524592228,5,6,8,7,0.20408163265306123,True,True,
train_0070,888341087,10,5,8,9,0.22448979591836735,False,False,outside_ego_distance_range
train_0071,1926658066,6,7,7,6,0.22448979591836735,True,True,
train_0072,394810216,8,9,7,6,0.3673469387755102,False,False,outside_ego_distance_range
train_0073,382891270,6,3,7,8,0.42857142857142855,True,False,random_sampling_for_joint_quotas
train_0074,976379513,6,8,4,4,0.2857142857142857,True,True,
train_0075,1565274253,4,2,6,6,0.1836734693877551,True,True,
train_0076,406561292,3,2,6,7,0.20408163265306123,True,True,
train_0077,87775024,2,5,8,7,0.24489795918367346,True,False,random_sampling_for_joint_quotas
train_0078,1596155043,5,1,6,6,0.08163265306122448,True,True,
train_0079,1851467932,6,3,7,8,0.24489795918367346,True,True,
train_0080,1258940754,5,1,4,4,0.24489795918367346,True,False,random_sampling_for_joint_quotas
train_0081,1106737881,7,1,6,6,0.2857142857142857,True,True,
train_0082,1788499306,8,4,5,5,0.1836734693877551,True,True,
train_0083,1002176015,7,5,4,4,0.32653061224489793,True,True,
train_0084,1953659190,5,1,5,5,0.2653061224489796,True,False,random_sampling_for_joint_quotas
train_0085,1902871599,3,2,7,8,0.12244897959183673,True,False,random_sampling_for_joint_quotas
train_0086,1749429070,6,6,5,5,0.30612244897959184,True,True,
train_0087,510621910,6,2,6,6,0.24489795918367346,True,False,random_sampling_for_joint_quotas
train_0088,2034358733,3,2,7,6,0.4489795918367347,True,True,
train_0089,241141589,7,8,9,8,0.20408163265306123,True,True,
train_0090,1511943736,10,5,7,6,0.2653061224489796,False,False,outside_ego_distance_range
train_0091,516092927,4,1,7,6,0.32653061224489793,True,True,
train_0092,1581475160,4,16,6,6,0.3469387755102041,False,False,outside_ego_distance_range
train_0093,123265688,2,5,11,10,0.12244897959183673,True,False,random_sampling_for_joint_quotas
train_0094,1294999918,5,8,9,8,0.1836734693877551,True,True,
train_0095,1678321554,2,1,8,7,0.40816326530612246,True,False,random_sampling_for_joint_quotas
train_0096,52676071,5,4,8,7,0.20408163265306123,True,False,random_sampling_for_joint_quotas
train_0097,1366738682,2,4,6,6,0.16326530612244897,True,True,
train_0098,1282502488,1,8,7,6,0.1836734693877551,True,True,
train_0099,1792454961,8,7,8,7,0.5306122448979592,True,True,
train_0100,35957394,3,9,5,5,0.2653061224489796,False,False,outside_ego_distance_range
train_0101,367411830,4,2,6,6,0.2857142857142857,True,False,random_sampling_for_joint_quotas
train_0102,996052662,6,2,6,6,0.30612244897959184,True,True,
train_0103,1436575846,5,3,6,6,0.22448979591836735,True,False,random_sampling_for_joint_quotas
train_0104,1651567232,8,1,7,8,0.16326530612244897,True,True,
train_0105,689534811,9,1,6,6,0.12244897959183673,False,False,outside_ego_distance_range
train_0106,337244563,2,2,7,7,0.3469387755102041,True,True,
train_0107,203728127,1,7,4,4,0.08163265306122448,True,True,
train_0108,2088397792,5,1,10,10,0.1836734693877551,True,True,
train_0109,2097301630,5,8,7,6,0.3469387755102041,True,True,
train_0110,1276462057,6,9,7,6,0.2653061224489796,False,False,outside_ego_distance_range
train_0111,2012914760,3,6,8,7,0.1836734693877551,True,True,
train_0112,1069161328,2,3,8,9,0.30612244897959184,True,False,random_sampling_for_joint_quotas
train_0113,146174321,3,5,8,8,0.3469387755102041,True,False,random_sampling_for_joint_quotas
train_0114,1454950396,2,9,7,6,0.2857142857142857,False,False,outside_ego_distance_range
train_0115,1825031162,2,1,7,6,0.24489795918367346,True,True,
train_0116,2126191846,5,1,4,4,0.3469387755102041,True,True,
train_0117,352231169,5,8,6,7,0.10204081632653061,True,True,
train_0118,76903325,8,1,6,7,0.16326530612244897,True,True,
train_0119,1913759041,1,5,4,4,0.24489795918367346,True,True,
train_0120,1495164521,8,6,7,7,0.16326530612244897,True,True,
train_0121,1395760700,5,3,7,7,0.22448979591836735,True,False,random_sampling_for_joint_quotas
train_0122,1922935407,4,7,6,7,0.40816326530612246,True,True,
train_0123,1250899986,2,4,8,8,0.1836734693877551,True,False,random_sampling_for_joint_quotas
train_0124,1167107515,2,1,9,8,0.3673469387755102,True,False,random_sampling_for_joint_quotas
train_0125,583220757,2,4,5,5,0.3877551020408163,True,True,
train_0126,804246911,4,3,7,6,0.3673469387755102,True,True,
train_0127,732430853,3,6,6,7,0.2653061224489796,True,True,
train_0128,620628215,5,6,8,9,0.3877551020408163,True,False,random_sampling_for_joint_quotas
train_0129,76100239,4,3,6,7,0.16326530612244897,True,True,
train_0130,1129432138,4,7,6,7,0.2857142857142857,True,True,
train_0131,116384748,5,4,6,7,0.16326530612244897,True,False,random_sampling_for_joint_quotas
train_0132,1634356130,5,6,7,8,0.22448979591836735,True,False,random_sampling_for_joint_quotas
train_0133,1283183215,10,10,13,11,0.30612244897959184,False,False,outside_ego_distance_range
train_0134,35695714,1,5,4,4,0.16326530612244897,True,True,
train_0135,879421100,6,4,5,5,0.40816326530612246,True,False,random_sampling_for_joint_quotas
train_0136,772095583,8,4,8,8,0.1836734693877551,True,False,random_sampling_for_joint_quotas
train_0137,1158152016,2,8,5,5,0.3469387755102041,True,True,
train_0138,164190660,4,5,7,8,0.40816326530612246,True,True,
train_0139,746715590,8,8,11,11,0.32653061224489793,True,True,
train_0140,1058218754,10,7,9,8,0.16326530612244897,False,False,outside_ego_distance_range
train_0141,95535746,7,5,5,5,0.20408163265306123,True,True,
train_0142,1665655274,7,11,8,8,0.20408163265306123,False,False,outside_ego_distance_range
train_0143,85274424,6,3,7,6,0.16326530612244897,True,False,random_sampling_for_joint_quotas
train_0144,241521879,2,10,6,6,0.20408163265306123,False,False,outside_ego_distance_range
train_0145,1345681318,9,6,6,7,0.12244897959183673,False,False,outside_ego_distance_range
train_0146,1966666688,7,6,8,7,0.2653061224489796,True,True,
train_0147,117816249,8,7,12,11,0.3877551020408163,True,True,
train_0148,1262516308,8,1,7,6,0.12244897959183673,True,True,
train_0149,26779725,4,1,7,8,0.32653061224489793,True,True,
train_0150,936997106,3,4,7,6,0.14285714285714285,True,False,random_sampling_for_joint_quotas
train_0151,1580730907,8,2,5,5,0.1836734693877551,True,True,
train_0152,1121174538,5,4,10,9,0.3673469387755102,True,True,
train_0153,1657982862,5,8,7,6,0.16326530612244897,True,True,
train_0154,778162054,11,6,8,7,0.20408163265306123,False,False,outside_ego_distance_range
train_0155,1933901519,7,3,5,5,0.1836734693877551,True,True,
train_0156,370871963,4,4,9,9,0.1836734693877551,True,False,random_sampling_for_joint_quotas
train_0157,1824722820,6,2,5,5,0.20408163265306123,True,True,
train_0158,1749284461,2,8,7,7,0.24489795918367346,True,True,
train_0159,852895126,1,4,9,8,0.22448979591836735,True,True,
train_0160,840991720,3,4,7,6,0.24489795918367346,True,False,random_sampling_for_joint_quotas
train_0161,1687167330,3,7,5,5,0.22448979591836735,True,False,random_sampling_for_joint_quotas
train_0162,519624272,3,2,9,8,0.3469387755102041,True,False,random_sampling_for_joint_quotas
train_0163,1495118017,1,5,7,7,0.08163265306122448,True,True,
train_0164,1659602620,3,1,4,4,0.24489795918367346,True,True,
train_0165,1164303641,6,1,6,7,0.20408163265306123,True,True,
train_0166,150717125,5,1,6,6,0.22448979591836735,True,True,
train_0167,245477431,7,2,7,8,0.20408163265306123,True,True,
train_0168,1234199457,2,7,6,7,0.2653061224489796,True,True,
train_0169,129533955,6,8,5,5,0.1836734693877551,True,True,
train_0170,1532986424,17,9,5,5,0.3673469387755102,False,False,outside_ego_distance_range
train_0171,647516508,3,6,8,7,0.20408163265306123,True,False,random_sampling_for_joint_quotas
train_0172,1636040747,7,7,10,10,0.32653061224489793,True,True,
train_0173,2085503560,1,10,8,7,0.10204081632653061,False,False,outside_ego_distance_range
train_0174,1555326205,5,4,9,8,0.24489795918367346,True,True,
train_0175,871997005,8,5,8,7,0.24489795918367346,True,True,
train_0176,1660768247,6,7,8,7,0.3877551020408163,True,True,
train_0177,1277840817,10,7,7,8,0.22448979591836735,False,False,outside_ego_distance_range
train_0178,1475197405,6,8,4,4,0.3877551020408163,True,True,
train_0179,958509429,8,1,8,7,0.2857142857142857,True,True,
train_0180,711652883,6,3,6,7,0.20408163265306123,True,True,
train_0181,1084197026,2,10,6,6,0.2857142857142857,False,False,outside_ego_distance_range
train_0182,69922252,2,4,5,5,0.2653061224489796,True,False,random_sampling_for_joint_quotas
train_0183,960070138,5,2,7,8,0.1836734693877551,True,True,
train_0184,1348604089,5,2,9,10,0.2653061224489796,True,False,random_sampling_for_joint_quotas
train_0185,275829704,2,2,5,5,0.16326530612244897,True,False,random_sampling_for_joint_quotas
train_0186,198832159,7,1,5,5,0.3673469387755102,True,True,
train_0187,676271164,6,2,4,4,0.42857142857142855,True,True,
train_0188,1577712250,4,1,7,6,0.2653061224489796,True,False,random_sampling_for_joint_quotas
train_0189,1678471725,6,8,5,5,0.20408163265306123,True,True,
train_0190,1750401051,2,1,8,7,0.2653061224489796,True,True,
train_0191,619926369,3,6,10,9,0.24489795918367346,True,True,
train_0192,750637479,7,10,7,6,0.32653061224489793,False,False,outside_ego_distance_range
train_0193,1945044111,8,3,6,7,0.30612244897959184,True,True,
train_0194,636537042,3,2,7,8,0.20408163265306123,True,True,
train_0195,1440256183,2,7,7,8,0.1836734693877551,True,False,random_sampling_for_joint_quotas
train_0196,934814437,8,4,5,5,0.12244897959183673,True,True,
train_0197,1054580245,2,9,6,7,0.22448979591836735,False,False,outside_ego_distance_range
train_0198,646333328,3,6,11,10,0.14285714285714285,True,False,random_sampling_for_joint_quotas
train_0199,1286239377,4,1,9,10,0.22448979591836735,True,True,
train_0200,79513354,11,2,6,7,0.12244897959183673,False,False,outside_ego_distance_range
train_0201,198853069,6,8,4,4,0.2653061224489796,True,True,
train_0202,1873369046,7,4,8,7,0.20408163265306123,True,True,
train_0203,1405129587,1,4,11,10,0.22448979591836735,True,False,random_sampling_for_joint_quotas
train_0204,672017827,3,2,8,9,0.3673469387755102,True,True,
train_0205,1664119323,8,6,14,12,0.32653061224489793,True,False,random_sampling_for_joint_quotas
train_0206,1505429124,6,1,7,8,0.16326530612244897,True,True,
train_0207,547472015,2,3,7,6,0.12244897959183673,True,False,random_sampling_for_joint_quotas
train_0208,1379563978,4,9,9,10,0.2653061224489796,False,False,outside_ego_distance_range
train_0209,909830494,5,1,4,4,0.14285714285714285,True,True,
train_0210,1577277620,8,2,5,5,0.16326530612244897,True,True,
train_0211,56003067,6,8,12,14,0.32653061224489793,True,True,
train_0212,189450599,2,3,6,7,0.2653061224489796,True,True,
train_0213,164530811,4,13,6,7,0.30612244897959184,False,False,outside_ego_distance_range
train_0214,1038849449,7,8,6,7,0.16326530612244897,True,True,
train_0215,584268328,5,4,7,8,0.22448979591836735,True,False,random_sampling_for_joint_quotas
train_0216,1122404603,8,8,8,8,0.3469387755102041,True,True,
train_0217,1983502546,4,3,7,8,0.24489795918367346,True,True,
train_0218,1894903706,4,4,13,11,0.3877551020408163,True,True,
train_0219,1814036467,6,6,4,4,0.2653061224489796,True,True,
train_0220,824779193,8,4,4,4,0.3469387755102041,True,True,
train_0221,1905617972,5,2,9,8,0.2857142857142857,True,True,
train_0222,1569423713,7,7,6,6,0.16326530612244897,True,True,
train_0223,446458278,3,4,8,7,0.24489795918367346,True,False,random_sampling_for_joint_quotas
train_0224,660819959,9,4,6,7,0.22448979591836735,False,False,outside_ego_distance_range
train_0225,1521184341,11,12,6,7,0.32653061224489793,False,False,outside_ego_distance_range
train_0226,1182731411,5,1,4,4,0.1836734693877551,True,True,
train_0227,1676088912,3,8,7,6,0.40816326530612246,True,True,
train_0228,445298223,7,4,8,7,0.1836734693877551,True,True,
train_0229,1258106596,3,3,7,7,0.2653061224489796,True,True,
train_0230,1586851977,1,3,4,4,0.08163265306122448,True,True,
train_0231,1888661588,2,7,7,8,0.40816326530612246,True,False,random_sampling_for_joint_quotas
train_0232,684963967,4,3,12,11,0.3877551020408163,True,False,random_sampling_for_joint_quotas
train_0233,227300665,7,4,6,7,0.2857142857142857,True,True,
train_0234,903095948,4,7,7,6,0.24489795918367346,True,False,random_sampling_for_joint_quotas
train_0235,558089783,8,8,8,8,0.32653061224489793,True,True,
train_0236,1109290176,3,7,6,6,0.32653061224489793,True,True,
train_0237,1702972404,8,1,8,7,0.40816326530612246,True,True,
train_0238,1538529995,2,9,7,6,0.14285714285714285,False,False,outside_ego_distance_range
train_0239,1986352170,11,4,8,7,0.1836734693877551,False,False,outside_ego_distance_range
train_0240,956936060,2,8,5,5,0.20408163265306123,True,True,
train_0241,375715404,6,10,7,7,0.22448979591836735,False,False,outside_ego_distance_range
train_0242,197190165,4,5,6,7,0.20408163265306123,True,False,random_sampling_for_joint_quotas
train_0243,1057873148,2,6,6,6,0.1836734693877551,True,True,
train_0244,1302619885,6,8,8,8,0.14285714285714285,True,True,
train_0245,2060930517,4,2,4,4,0.22448979591836735,True,True,
train_0246,1253547570,4,1,9,8,0.12244897959183673,True,True,
train_0247,1850563793,4,8,4,4,0.16326530612244897,True,True,
train_0248,1856855583,1,8,8,7,0.22448979591836735,True,True,
train_0249,861358683,10,10,9,9,0.20408163265306123,False,False,outside_ego_distance_range
train_0250,201785298,7,1,8,8,0.32653061224489793,True,False,random_sampling_for_joint_quotas
train_0251,880152940,3,1,4,4,0.2857142857142857,True,False,random_sampling_for_joint_quotas
train_0252,1734155645,7,2,6,7,0.2653061224489796,True,True,
train_0253,1046495072,9,3,9,9,0.32653061224489793,False,False,outside_ego_distance_range
train_0254,973127804,5,2,9,8,0.24489795918367346,True,False,random_sampling_for_joint_quotas
train_0255,365382897,8,9,8,9,0.30612244897959184,False,False,outside_ego_distance_range
train_0256,1511715409,2,9,8,7,0.16326530612244897,False,False,outside_ego_distance_range
train_0257,1964562367,10,5,7,8,0.3877551020408163,False,False,outside_ego_distance_range
train_0258,1759209738,2,3,7,6,0.14285714285714285,True,False,random_sampling_for_joint_quotas
train_0259,1934028217,8,3,8,9,0.16326530612244897,True,True,
train_0260,1782746495,5,2,7,6,0.30612244897959184,True,True,
train_0261,1597127985,4,1,8,7,0.1836734693877551,True,True,
train_0262,818677624,2,1,6,7,0.16326530612244897,True,True,
train_0263,1414635691,3,7,4,4,0.3469387755102041,True,True,
train_0264,484963377,6,7,7,8,0.30612244897959184,True,True,
train_0265,2072354747,9,5,8,8,0.2653061224489796,False,False,outside_ego_distance_range
train_0266,1277197678,6,6,12,12,0.2857142857142857,True,False,random_sampling_for_joint_quotas
train_0267,557824620,6,2,6,6,0.20408163265306123,True,False,random_sampling_for_joint_quotas
train_0268,1907594753,1,6,11,12,0.2857142857142857,True,False,random_sampling_for_joint_quotas
train_0269,570542684,2,8,5,5,0.32653061224489793,True,True,
train_0270,213355008,7,4,8,9,0.2857142857142857,True,True,
train_0271,465952245,1,6,6,7,0.2653061224489796,True,True,
train_0272,1269008392,5,4,9,8,0.32653061224489793,True,False,random_sampling_for_joint_quotas
train_0273,295875150,3,1,4,4,0.30612244897959184,True,True,
train_0274,577927627,10,11,7,8,0.42857142857142855,False,False,outside_ego_distance_range
train_0275,198009314,5,3,6,6,0.20408163265306123,True,True,
train_0276,927262564,7,4,9,8,0.22448979591836735,True,True,
train_0277,1646712262,1,3,6,6,0.24489795918367346,True,False,random_sampling_for_joint_quotas
train_0278,1691069666,7,1,4,4,0.2653061224489796,True,True,
train_0279,78510910,6,7,9,8,0.12244897959183673,True,False,random_sampling_for_joint_quotas
train_0280,1380278094,3,4,7,8,0.46938775510204084,True,False,random_sampling_for_joint_quotas
train_0281,840664717,3,7,7,7,0.14285714285714285,True,True,
train_0282,1090399154,4,2,6,6,0.3673469387755102,True,True,
train_0283,1177063844,6,7,9,10,0.20408163265306123,True,False,random_sampling_for_joint_quotas
train_0284,1487939003,1,3,7,7,0.24489795918367346,True,False,random_sampling_for_joint_quotas
train_0285,885718849,9,6,6,7,0.2857142857142857,False,False,outside_ego_distance_range
train_0286,1422213781,4,9,8,9,0.24489795918367346,False,False,outside_ego_distance_range
train_0287,100390144,1,7,6,6,0.22448979591836735,True,True,
train_0288,1870113879,8,5,6,7,0.30612244897959184,True,True,
train_0289,1412063604,3,1,6,6,0.1836734693877551,True,True,
train_0290,1489623176,5,1,4,4,0.22448979591836735,True,False,random_sampling_for_joint_quotas
train_0291,1913814968,4,3,8,9,0.2653061224489796,True,True,
train_0292,399451812,4,2,12,10,0.24489795918367346,True,True,
train_0293,1599784527,10,1,6,7,0.24489795918367346,False,False,outside_ego_distance_range
train_0294,1228285712,12,4,5,5,0.24489795918367346,False,False,outside_ego_distance_range
train_0295,1571992859,8,2,12,10,0.1836734693877551,True,False,random_sampling_for_joint_quotas
train_0296,889719461,1,7,4,4,0.46938775510204084,True,True,
train_0297,1459659069,3,4,8,7,0.16326530612244897,True,True,
train_0298,2118448068,4,8,4,4,0.3469387755102041,True,True,
train_0299,1676616777,6,7,6,7,0.20408163265306123,True,True,
train_0300,2030820388,2,6,4,4,0.14285714285714285,True,True,
train_0301,723745289,1,4,7,8,0.2653061224489796,True,True,
train_0302,582306092,3,6,9,10,0.3673469387755102,True,True,
train_0303,1929184481,5,5,6,6,0.20408163265306123,True,True,
train_0304,530016932,2,8,7,7,0.3469387755102041,True,True,
train_0305,926320732,2,3,10,9,0.3673469387755102,True,False,random_sampling_for_joint_quotas
train_0306,891635456,5,4,8,7,0.30612244897959184,True,False,random_sampling_for_joint_quotas
train_0307,750732350,5,5,4,4,0.10204081632653061,True,False,random_sampling_for_joint_quotas
train_0308,1222931530,6,2,5,5,0.1836734693877551,True,False,random_sampling_for_joint_quotas
train_0309,1739880295,5,8,7,6,0.1836734693877551,True,True,
train_0310,928099322,4,5,7,6,0.14285714285714285,True,True,
train_0311,1335249751,2,3,7,8,0.2857142857142857,True,True,
train_0312,675515085,5,5,4,4,0.1836734693877551,True,True,
train_0313,1153975090,9,1,9,9,0.3877551020408163,False,False,outside_ego_distance_range
train_0314,1678356228,7,5,4,4,0.3673469387755102,True,True,
train_0315,91133241,5,1,5,5,0.2653061224489796,True,True,
train_0316,379836485,1,5,7,7,0.12244897959183673,True,True,
train_0317,262788150,4,9,7,8,0.24489795918367346,False,False,outside_ego_distance_range
train_0318,675017415,10,8,5,5,0.22448979591836735,False,False,outside_ego_distance_range
train_0319,724680272,5,1,6,6,0.20408163265306123,True,True,
train_0320,448850259,4,3,11,10,0.12244897959183673,True,False,random_sampling_for_joint_quotas
train_0321,1737728447,13,13,10,10,0.2653061224489796,False,False,outside_ego_distance_range
train_0322,1380354317,2,5,11,10,0.2857142857142857,True,True,
train_0323,1009100799,1,7,5,5,0.16326530612244897,True,True,
train_0324,1506424537,8,5,6,7,0.3877551020408163,True,True,
train_0325,2118722318,3,2,6,7,0.1836734693877551,True,True,
train_0326,1214304877,9,6,8,7,0.1836734693877551,False,False,outside_ego_distance_range
train_0327,617115143,6,4,5,5,0.1836734693877551,True,True,
train_0328,710204335,2,8,5,5,0.42857142857142855,True,True,
train_0329,1262990996,2,8,4,4,0.2857142857142857,True,True,
train_0330,1757080166,2,6,6,6,0.24489795918367346,True,True,
train_0331,2080416685,1,4,6,7,0.22448979591836735,True,True,
train_0332,877854580,7,3,4,4,0.4489795918367347,True,True,
train_0333,1894260247,1,7,10,10,0.3469387755102041,True,False,random_sampling_for_joint_quotas
train_0334,1492305297,4,10,5,5,0.22448979591836735,False,False,outside_ego_distance_range
train_0335,934803737,5,8,9,8,0.1836734693877551,True,True,
train_0336,547969264,5,9,5,5,0.22448979591836735,False,False,outside_ego_distance_range
train_0337,1648448769,6,2,8,8,0.20408163265306123,True,True,
train_0338,1858131625,6,8,4,4,0.3469387755102041,True,True,
train_0339,553105550,3,4,9,10,0.3877551020408163,True,True,
train_0340,1252086406,6,6,4,4,0.2653061224489796,True,True,
train_0341,352943966,2,5,6,7,0.061224489795918366,True,True,
train_0342,1565455432,1,4,7,6,0.22448979591836735,True,True,
train_0343,890651429,5,7,8,8,0.2653061224489796,True,True,
train_0344,620992230,3,8,7,6,0.20408163265306123,True,True,
train_0345,2003434732,6,12,5,5,0.30612244897959184,False,False,outside_ego_distance_range
train_0346,1929336895,3,2,7,8,0.1836734693877551,True,True,
train_0347,1758070225,4,4,9,9,0.1836734693877551,True,True,
train_0348,2047974563,10,5,7,6,0.3673469387755102,False,False,outside_ego_distance_range
train_0349,1537179836,5,8,6,7,0.22448979591836735,True,True,
train_0350,105687564,7,3,4,4,0.22448979591836735,True,False,random_sampling_for_joint_quotas
train_0351,1083133458,2,1,7,8,0.30612244897959184,True,False,random_sampling_for_joint_quotas
train_0352,1657200606,8,2,6,6,0.24489795918367346,True,True,
train_0353,1633467386,2,4,6,6,0.2857142857142857,True,False,random_sampling_for_joint_quotas
train_0354,333991112,5,1,8,8,0.2857142857142857,True,True,
train_0355,187877979,13,14,7,8,0.32653061224489793,False,False,outside_ego_distance_range
train_0356,961839044,6,3,8,9,0.20408163265306123,True,False,random_sampling_for_joint_quotas
train_0357,1283870596,3,9,5,5,0.16326530612244897,False,False,outside_ego_distance_range
train_0358,1787542724,7,1,7,7,0.24489795918367346,True,True,
train_0359,1130511983,4,6,4,4,0.4489795918367347,True,False,random_sampling_for_joint_quotas
train_0360,1743699474,2,1,6,7,0.14285714285714285,True,False,random_sampling_for_joint_quotas
train_0361,692944901,9,1,6,6,0.14285714285714285,False,False,outside_ego_distance_range
train_0362,445665686,3,5,4,4,0.22448979591836735,True,True,
train_0363,132018636,5,5,4,4,0.22448979591836735,True,True,
train_0364,633167308,2,4,5,5,0.22448979591836735,True,True,
train_0365,1680835545,1,5,9,9,0.22448979591836735,True,True,
train_0366,1045273164,4,2,8,8,0.16326530612244897,True,True,
train_0367,1609313999,11,12,8,9,0.3469387755102041,False,False,outside_ego_distance_range
train_0368,467280591,6,1,6,7,0.2857142857142857,True,False,random_sampling_for_joint_quotas
train_0369,1230102559,9,5,13,15,0.24489795918367346,False,False,outside_ego_distance_range
train_0370,1384670819,3,5,6,6,0.08163265306122448,True,True,
train_0371,1543778465,6,13,10,9,0.24489795918367346,False,False,outside_ego_distance_range
train_0372,108427585,4,10,5,5,0.2653061224489796,False,False,outside_ego_distance_range
train_0373,528429900,6,7,6,7,0.22448979591836735,True,False,random_sampling_for_joint_quotas
train_0374,88154218,4,3,8,7,0.20408163265306123,True,False,random_sampling_for_joint_quotas
train_0375,1854178316,3,2,11,10,0.3469387755102041,True,True,
train_0376,17179070,6,2,4,4,0.4897959183673469,True,True,
train_0377,1459434555,1,4,6,7,0.3673469387755102,True,True,
train_0378,52951693,2,5,9,8,0.20408163265306123,True,True,
train_0379,690488765,2,5,10,9,0.1836734693877551,True,True,
train_0380,2053991958,14,4,5,5,0.22448979591836735,False,False,outside_ego_distance_range
train_0381,1993395351,1,7,8,8,0.30612244897959184,True,True,
train_0382,155524106,8,4,5,5,0.5918367346938775,True,True,
train_0383,1189485191,2,8,4,4,0.20408163265306123,True,True,
train_0384,1395016873,2,3,6,7,0.20408163265306123,True,True,
train_0385,930442989,2,3,7,6,0.22448979591836735,True,False,random_sampling_for_joint_quotas
train_0386,743834354,11,7,7,7,0.1836734693877551,False,False,outside_ego_distance_range
train_0387,746757361,5,14,6,7,0.2653061224489796,False,False,outside_ego_distance_range
train_0388,493538426,7,3,4,4,0.22448979591836735,True,True,
train_0389,100817738,7,7,6,6,0.2857142857142857,True,False,random_sampling_for_joint_quotas
train_0390,350553199,7,5,6,6,0.1836734693877551,True,True,
train_0391,1871128536,5,11,5,5,0.42857142857142855,False,False,outside_ego_distance_range
train_0392,1541156579,1,7,9,9,0.40816326530612246,True,True,
train_0393,1031038018,3,2,6,7,0.4489795918367347,True,True,
train_0394,1985005922,2,6,8,8,0.16326530612244897,True,True,
train_0395,2074469165,2,6,4,4,0.24489795918367346,True,False,random_sampling_for_joint_quotas
train_0396,1824460435,1,5,8,8,0.20408163265306123,True,True,
train_0397,449627151,5,6,6,7,0.24489795918367346,True,True,
train_0398,1967665468,5,2,8,9,0.2857142857142857,True,False,random_sampling_for_joint_quotas
train_0399,70084999,1,7,6,6,0.10204081632653061,True,True,
train_0400,1778631284,3,4,7,8,0.30612244897959184,True,False,random_sampling_for_joint_quotas
train_0401,1618100883,4,3,7,6,0.22448979591836735,True,False,random_sampling_for_joint_quotas
train_0402,516732958,3,4,7,6,0.46938775510204084,True,True,
train_0403,142863080,3,6,8,7,0.22448979591836735,True,True,
train_0404,1833623794,2,4,5,5,0.24489795918367346,True,False,random_sampling_for_joint_quotas
train_0405,1616498393,4,6,6,6,0.2653061224489796,True,True,
train_0406,2024860087,5,4,6,7,0.3877551020408163,True,True,
train_0407,1258052054,9,1,10,12,0.4489795918367347,False,False,outside_ego_distance_range
train_0408,231792267,4,8,7,7,0.20408163265306123,True,True,
train_0409,983939550,7,11,6,6,0.12244897959183673,False,False,outside_ego_distance_range
train_0410,1249953846,7,4,8,7,0.32653061224489793,True,True,
train_0411,611961694,9,2,8,7,0.12244897959183673,False,False,outside_ego_distance_range
train_0412,1460557374,3,4,7,6,0.4897959183673469,True,True,
train_0413,1654672561,9,6,8,7,0.1836734693877551,False,False,outside_ego_distance_range
train_0414,1362096563,1,7,4,4,0.3469387755102041,True,True,
train_0415,1394837308,7,7,4,4,0.10204081632653061,True,True,
train_0416,814044767,5,4,7,8,0.16326530612244897,True,False,random_sampling_for_joint_quotas
train_0417,443044779,1,7,4,4,0.2653061224489796,True,True,
train_0418,1623464544,5,3,4,4,0.20408163265306123,True,True,
train_0419,1211757971,2,2,10,10,0.2653061224489796,True,True,
train_0420,1284860586,9,8,12,11,0.1836734693877551,False,False,outside_ego_distance_range
train_0421,1503687081,2,1,6,7,0.3469387755102041,True,True,
train_0422,63709870,5,1,8,8,0.3877551020408163,True,True,
train_0423,248342453,6,2,4,4,0.22448979591836735,True,True,
train_0424,1764371496,5,10,7,8,0.24489795918367346,False,False,outside_ego_distance_range
train_0425,1884767884,5,3,9,9,0.3877551020408163,True,False,random_sampling_for_joint_quotas
train_0426,1404830556,2,8,9,9,0.16326530612244897,True,True,
train_0427,663050810,5,2,6,7,0.12244897959183673,True,True,
train_0428,1027258209,2,4,6,6,0.32653061224489793,True,True,
train_0429,396475704,1,5,4,4,0.08163265306122448,True,False,random_sampling_for_joint_quotas
train_0430,2086214815,4,2,4,4,0.20408163265306123,True,True,
train_0431,126494182,1,3,6,6,0.12244897959183673,True,False,random_sampling_for_joint_quotas
train_0432,1974845649,4,3,7,8,0.2857142857142857,True,True,
train_0433,1885110740,3,1,8,8,0.20408163265306123,True,True,
train_0434,1901178629,3,3,6,6,0.40816326530612246,True,False,random_sampling_for_joint_quotas
train_0435,205953623,4,2,5,5,0.2653061224489796,True,True,
train_0436,969986510,4,8,7,7,0.3469387755102041,True,True,
train_0437,1543831718,7,4,7,6,0.1836734693877551,True,True,
train_0438,1349334574,2,7,7,8,0.24489795918367346,True,False,random_sampling_for_joint_quotas
train_0439,1744063458,8,6,8,8,0.1836734693877551,True,True,
train_0440,880647404,5,3,8,8,0.2857142857142857,True,False,random_sampling_for_joint_quotas
train_0441,1641025178,7,7,4,4,0.1836734693877551,True,True,
train_0442,2047169067,6,3,7,6,0.46938775510204084,True,False,random_sampling_for_joint_quotas
train_0443,87673846,3,1,9,9,0.2857142857142857,True,True,
train_0444,2081796792,3,6,7,6,0.20408163265306123,True,True,
train_0445,29188029,1,19,13,11,0.3469387755102041,False,False,outside_ego_distance_range
train_0446,876903004,7,1,7,7,0.2653061224489796,True,True,
train_0447,531525522,3,1,7,7,0.20408163265306123,True,False,random_sampling_for_joint_quotas
train_0448,1617823368,2,8,8,8,0.08163265306122448,True,True,
train_0449,29936730,3,7,10,10,0.1836734693877551,True,False,random_sampling_for_joint_quotas
train_0450,259853305,6,6,4,4,0.24489795918367346,True,False,random_sampling_for_joint_quotas
train_0451,519327461,1,3,4,4,0.16326530612244897,True,True,
train_0452,497163800,5,7,6,6,0.12244897959183673,True,True,
train_0453,2023594270,7,4,8,9,0.14285714285714285,True,True,
train_0454,1942712,4,4,8,8,0.20408163265306123,True,False,random_sampling_for_joint_quotas
train_0455,143109032,4,3,7,8,0.12244897959183673,True,True,
train_0456,667904021,6,4,7,7,0.08163265306122448,True,False,random_sampling_for_joint_quotas
train_0457,1254653888,3,3,6,6,0.20408163265306123,True,True,
train_0458,1657201669,10,5,7,6,0.20408163265306123,False,False,outside_ego_distance_range
train_0459,2044503700,5,2,6,7,0.1836734693877551,True,True,
train_0460,331934767,4,1,6,7,0.32653061224489793,True,True,
train_0461,126756425,7,3,4,4,0.10204081632653061,True,True,
train_0462,968500544,3,2,8,9,0.22448979591836735,True,True,
train_0463,1344967606,2,6,4,4,0.30612244897959184,True,True,
train_0464,408421752,1,6,6,7,0.16326530612244897,True,True,
train_0465,2101701231,5,8,9,8,0.16326530612244897,True,True,
train_0466,1459287997,5,3,6,6,0.14285714285714285,True,True,
train_0467,891351547,4,9,7,8,0.16326530612244897,False,False,outside_ego_distance_range
train_0468,909796426,7,3,6,6,0.20408163265306123,True,True,
train_0469,1432818464,7,8,8,9,0.3469387755102041,True,True,
train_0470,2006048534,8,7,8,7,0.12244897959183673,True,True,
train_0471,214874377,8,2,4,4,0.3877551020408163,True,True,
train_0472,1980008212,6,11,9,10,0.14285714285714285,False,False,outside_ego_distance_range
train_0473,970807573,3,7,6,6,0.2653061224489796,True,True,
train_0474,223387329,9,3,5,5,0.2857142857142857,False,False,outside_ego_distance_range
train_0475,549989281,4,11,9,8,0.1836734693877551,False,False,outside_ego_distance_range
train_0476,347337187,8,3,7,6,0.32653061224489793,True,False,random_sampling_for_joint_quotas
train_0477,629990453,12,8,5,5,0.22448979591836735,False,False,outside_ego_distance_range
train_0478,1281416488,6,4,5,5,0.22448979591836735,True,False,random_sampling_for_joint_quotas
train_0479,1509883996,4,2,5,5,0.16326530612244897,True,True,
train_0480,1353313378,7,8,6,7,0.42857142857142855,True,True,
train_0481,475970564,4,3,6,7,0.24489795918367346,True,False,random_sampling_for_joint_quotas
train_0482,982702484,4,4,6,6,0.2653061224489796,True,True,
train_0483,1371939701,2,7,7,6,0.22448979591836735,True,False,random_sampling_for_joint_quotas
train_0484,313265041,3,4,6,7,0.24489795918367346,True,True,
train_0485,1383298630,2,1,8,9,0.3673469387755102,True,True,
train_0486,998119995,4,2,6,6,0.24489795918367346,True,True,
train_0487,1755608370,4,5,7,6,0.10204081632653061,True,True,
train_0488,1267056646,5,3,4,4,0.2653061224489796,True,False,random_sampling_for_joint_quotas
train_0489,1630104483,8,1,7,6,0.30612244897959184,True,True,
train_0490,838234052,6,2,4,4,0.24489795918367346,True,True,
train_0491,1221643410,6,12,7,7,0.20408163265306123,False,False,outside_ego_distance_range
train_0492,1767750534,8,1,6,7,0.2653061224489796,True,True,
train_0493,1649722352,9,4,8,7,0.22448979591836735,False,False,outside_ego_distance_range
train_0494,485950791,1,14,6,7,0.2857142857142857,False,False,outside_ego_distance_range
train_0495,1488902141,8,4,9,9,0.2653061224489796,True,True,
train_0496,1930223161,9,6,6,7,0.12244897959183673,False,False,outside_ego_distance_range
train_0497,1356455844,4,1,6,7,0.2857142857142857,True,False,random_sampling_for_joint_quotas
train_0498,832011984,11,2,7,6,0.3469387755102041,False,False,outside_ego_distance_range
train_0499,107533914,6,4,5,5,0.16326530612244897,True,True,
train_0500,397482515,5,6,7,6,0.20408163265306123,True,False,random_sampling_for_joint_quotas
train_0501,706130955,3,1,5,5,0.3877551020408163,True,False,random_sampling_for_joint_quotas
train_0502,1488590710,2,9,7,8,0.2857142857142857,False,False,outside_ego_distance_range
train_0503,1998872559,2,5,7,6,0.2857142857142857,True,False,random_sampling_for_joint_quotas
train_0504,683385243,6,5,8,7,0.22448979591836735,True,False,random_sampling_for_joint_quotas
train_0505,1991188778,6,7,9,10,0.24489795918367346,True,True,
train_0506,470056468,1,3,4,4,0.24489795918367346,True,True,
train_0507,554817363,10,5,9,8,0.24489795918367346,False,False,outside_ego_distance_range
train_0508,1810387663,8,3,6,7,0.14285714285714285,True,True,
train_0509,258635384,5,9,6,6,0.10204081632653061,False,False,outside_ego_distance_range
train_0510,977429628,8,9,7,8,0.32653061224489793,False,False,outside_ego_distance_range
train_0511,35137184,10,11,6,7,0.42857142857142855,False,False,outside_ego_distance_range
train_0512,2072449416,11,6,10,9,0.30612244897959184,False,False,outside_ego_distance_range
train_0513,840229793,1,4,6,7,0.22448979591836735,True,True,
train_0514,597595722,3,2,6,7,0.22448979591836735,True,True,
train_0515,452477671,4,3,6,7,0.20408163265306123,True,False,random_sampling_for_joint_quotas
train_0516,885005066,5,2,6,7,0.12244897959183673,True,True,
train_0517,1289011460,4,6,6,6,0.20408163265306123,True,True,
train_0518,1960467747,1,9,10,12,0.3469387755102041,False,False,outside_ego_distance_range
train_0519,1892258906,2,7,9,8,0.4489795918367347,True,False,random_sampling_for_joint_quotas
train_0520,140205650,9,3,6,6,0.22448979591836735,False,False,outside_ego_distance_range
train_0521,683131349,7,7,6,6,0.24489795918367346,True,True,
train_0522,1089168448,6,1,8,7,0.16326530612244897,True,True,
train_0523,1367396998,4,5,8,9,0.4897959183673469,True,True,
train_0524,1290216681,8,3,12,11,0.20408163265306123,True,True,
train_0525,1804535823,2,6,7,7,0.10204081632653061,True,True,
train_0526,365822196,8,2,4,4,0.2653061224489796,True,True,
train_0527,487246906,5,7,4,4,0.12244897959183673,True,True,
train_0528,795346993,1,2,9,10,0.2653061224489796,True,True,
train_0529,301208213,14,6,5,5,0.3469387755102041,False,False,outside_ego_distance_range
train_0530,555736185,7,5,9,9,0.10204081632653061,True,True,
train_0531,245747222,9,3,6,6,0.3469387755102041,False,False,outside_ego_distance_range
train_0532,464707175,3,7,6,6,0.14285714285714285,True,True,
train_0533,1560936965,5,6,7,6,0.22448979591836735,True,False,random_sampling_for_joint_quotas
train_0534,1971451704,4,4,6,6,0.10204081632653061,True,True,
train_0535,1168002861,2,4,7,7,0.3877551020408163,True,False,random_sampling_for_joint_quotas
train_0536,695541254,3,1,8,8,0.24489795918367346,True,False,random_sampling_for_joint_quotas
train_0537,1412647004,3,8,8,9,0.1836734693877551,True,True,
train_0538,1657458646,3,6,8,7,0.24489795918367346,True,True,
train_0539,418931993,4,10,5,5,0.32653061224489793,False,False,outside_ego_distance_range
train_0540,554711066,7,4,9,8,0.1836734693877551,True,True,
train_0541,37742368,5,1,5,5,0.1836734693877551,True,False,random_sampling_for_joint_quotas
train_0542,1953204451,2,3,9,8,0.3469387755102041,True,True,
train_0543,160156448,15,2,7,6,0.1836734693877551,False,False,outside_ego_distance_range
train_0544,303619569,8,7,7,6,0.20408163265306123,True,True,
train_0545,138039788,1,3,4,4,0.46938775510204084,True,True,
train_0546,1195047902,5,1,7,7,0.40816326530612246,True,True,
train_0547,27857342,4,7,7,8,0.14285714285714285,True,False,random_sampling_for_joint_quotas
train_0548,1518344987,1,5,6,6,0.1836734693877551,True,False,random_sampling_for_joint_quotas
train_0549,1512066383,4,4,7,7,0.22448979591836735,True,False,random_sampling_for_joint_quotas
train_0550,268612276,2,3,7,6,0.22448979591836735,True,False,random_sampling_for_joint_quotas
train_0551,1952414,4,5,6,7,0.22448979591836735,True,True,
train_0552,945149908,2,3,11,10,0.12244897959183673,True,False,random_sampling_for_joint_quotas
train_0553,664312620,1,4,6,7,0.061224489795918366,True,False,random_sampling_for_joint_quotas
train_0554,1229186920,1,9,5,5,0.2653061224489796,False,False,outside_ego_distance_range
train_0555,474870386,3,11,6,6,0.20408163265306123,False,False,outside_ego_distance_range
train_0556,154247080,7,1,4,4,0.24489795918367346,True,True,
train_0557,1110925095,2,11,6,7,0.32653061224489793,False,False,outside_ego_distance_range
train_0558,2113352643,8,6,12,10,0.24489795918367346,True,True,
train_0559,1215318934,3,1,5,5,0.22448979591836735,True,True,
train_0560,715607025,2,2,4,4,0.2653061224489796,True,False,random_sampling_for_joint_quotas
train_0561,589373645,5,11,7,7,0.24489795918367346,False,False,outside_ego_distance_range
train_0562,899047537,5,4,11,10,0.22448979591836735,True,True,
train_0563,1530491030,1,7,7,7,0.14285714285714285,True,True,
train_0564,1545348640,5,10,9,10,0.40816326530612246,False,False,outside_ego_distance_range
train_0565,1059616843,2,9,6,7,0.24489795918367346,False,False,outside_ego_distance_range
train_0566,607142316,11,1,12,10,0.3673469387755102,False,False,outside_ego_distance_range
train_0567,1088598757,3,2,7,6,0.40816326530612246,True,True,
train_0568,1714615756,5,4,6,7,0.2857142857142857,True,False,random_sampling_for_joint_quotas
train_0569,2009311757,5,6,11,12,0.3673469387755102,True,True,
train_0570,474185083,7,3,7,7,0.20408163265306123,True,True,
train_0571,1548421876,2,6,6,6,0.30612244897959184,True,True,
train_0572,1148399600,2,2,4,4,0.3469387755102041,True,True,
train_0573,1082990837,2,6,4,4,0.2653061224489796,True,True,
train_0574,330334911,7,3,6,6,0.32653061224489793,True,True,
train_0575,957596962,2,8,4,4,0.20408163265306123,True,True,
train_0576,1608079012,1,5,4,4,0.1836734693877551,True,True,
train_0577,1546081478,5,1,6,6,0.22448979591836735,True,True,
train_0578,1717991879,7,3,4,4,0.14285714285714285,True,False,random_sampling_for_joint_quotas
train_0579,874957714,6,3,8,9,0.4489795918367347,True,True,
train_0580,589258836,2,3,7,6,0.2857142857142857,True,False,random_sampling_for_joint_quotas
train_0581,878411529,10,9,7,6,0.32653061224489793,False,False,outside_ego_distance_range
train_0582,1351681579,7,1,4,4,0.32653061224489793,True,True,
train_0583,521413923,1,3,6,6,0.24489795918367346,True,True,
train_0584,911673732,1,4,9,8,0.3469387755102041,True,False,random_sampling_for_joint_quotas
train_0585,1490430276,8,1,7,6,0.2857142857142857,True,True,
train_0586,700190830,5,4,6,7,0.24489795918367346,True,False,random_sampling_for_joint_quotas
train_0587,1546301784,4,5,8,7,0.22448979591836735,True,True,
train_0588,2129271433,4,2,6,6,0.1836734693877551,True,False,random_sampling_for_joint_quotas
train_0589,2069756915,2,3,8,7,0.3469387755102041,True,True,
train_0590,691884802,7,1,7,7,0.30612244897959184,True,True,
train_0591,572217182,8,2,5,5,0.30612244897959184,True,False,random_sampling_for_joint_quotas
train_0592,163697061,2,5,7,6,0.32653061224489793,True,True,
train_0593,742169187,4,1,10,9,0.2857142857142857,True,True,
train_0594,1448254210,7,3,7,7,0.3469387755102041,True,True,
train_0595,1245767040,9,10,10,11,0.2857142857142857,False,False,outside_ego_distance_range
train_0596,1677939869,3,3,6,6,0.10204081632653061,True,True,
train_0597,317701973,6,4,5,5,0.3877551020408163,True,True,
train_0598,393334809,4,6,7,7,0.1836734693877551,True,True,
train_0599,632778584,4,8,5,5,0.20408163265306123,True,True,
train_0600,1944453592,6,2,5,5,0.20408163265306123,True,True,
train_0601,2097733234,4,3,7,6,0.24489795918367346,True,False,random_sampling_for_joint_quotas
train_0602,503898171,2,10,6,6,0.2857142857142857,False,False,outside_ego_distance_range
train_0603,1848792900,2,8,5,5,0.14285714285714285,True,True,
train_0604,1449042186,10,1,10,11,0.20408163265306123,False,False,outside_ego_distance_range
train_0605,234652525,4,7,6,7,0.3673469387755102,True,True,
train_0606,418074952,6,8,5,5,0.10204081632653061,True,True,
train_0607,1747163622,10,5,7,6,0.22448979591836735,False,False,outside_ego_distance_range
train_0608,1051235714,6,5,9,8,0.22448979591836735,True,False,random_sampling_for_joint_quotas
train_0609,1771437764,8,2,6,6,0.061224489795918366,True,True,
train_0610,2116011495,5,1,4,4,0.12244897959183673,True,True,
train_0611,1407718710,7,4,7,8,0.16326530612244897,True,True,
train_0612,550740673,5,1,5,5,0.14285714285714285,True,True,
train_0613,2075549174,5,4,7,6,0.30612244897959184,True,False,random_sampling_for_joint_quotas
train_0614,1748784725,6,10,11,11,0.32653061224489793,False,False,outside_ego_distance_range
train_0615,737957949,2,5,8,7,0.1836734693877551,True,False,random_sampling_for_joint_quotas
train_0616,2117220865,3,6,7,6,0.061224489795918366,True,True,
train_0617,1008005498,2,9,9,10,0.20408163265306123,False,False,outside_ego_distance_range
train_0618,1764393662,5,6,8,7,0.22448979591836735,True,False,random_sampling_for_joint_quotas
train_0619,257807855,3,5,6,6,0.08163265306122448,True,True,
train_0620,362974352,7,4,8,7,0.40816326530612246,True,False,random_sampling_for_joint_quotas
train_0621,2117125876,1,2,10,9,0.4489795918367347,True,True,
train_0622,1840640147,2,5,9,8,0.12244897959183673,True,False,random_sampling_for_joint_quotas
train_0623,282716837,5,5,6,6,0.2857142857142857,True,False,random_sampling_for_joint_quotas
train_0624,297174856,7,5,6,6,0.2857142857142857,True,True,
train_0625,85400734,2,9,8,9,0.24489795918367346,False,False,outside_ego_distance_range
train_0626,735507255,7,3,4,4,0.32653061224489793,True,True,
train_0627,1471748055,10,4,5,5,0.3469387755102041,False,False,outside_ego_distance_range
train_0628,1920784994,7,1,6,6,0.22448979591836735,True,True,
train_0629,1529186770,1,6,7,8,0.1836734693877551,True,True,
train_0630,1369553515,5,1,4,4,0.5510204081632653,True,False,random_sampling_for_joint_quotas
train_0631,1412408628,1,6,10,9,0.2653061224489796,True,True,
train_0632,1458917657,4,5,7,6,0.30612244897959184,True,True,
train_0633,1290378202,6,3,8,9,0.3877551020408163,True,False,random_sampling_for_joint_quotas
train_0634,1480736524,4,8,9,9,0.30612244897959184,True,True,
train_0635,1109557677,2,5,8,9,0.4489795918367347,True,False,random_sampling_for_joint_quotas
train_0636,611468376,3,3,5,5,0.16326530612244897,True,False,random_sampling_for_joint_quotas
train_0637,738148872,7,4,7,8,0.3469387755102041,True,True,
train_0638,1284144781,1,4,6,7,0.3469387755102041,True,True,
train_0639,1063515525,2,8,6,6,0.5102040816326531,True,True,
train_0640,1472827498,5,6,9,10,0.16326530612244897,True,True,
train_0641,745144966,8,7,9,8,0.3469387755102041,True,False,random_sampling_for_joint_quotas
train_0642,80710117,1,10,7,8,0.24489795918367346,False,False,outside_ego_distance_range
train_0643,1607701500,1,8,7,8,0.3469387755102041,True,True,
train_0644,1060139916,3,4,7,6,0.2653061224489796,True,False,random_sampling_for_joint_quotas
train_0645,528537833,1,5,6,6,0.22448979591836735,True,True,
train_0646,523413978,3,7,7,7,0.16326530612244897,True,True,
train_0647,1902285614,4,3,6,7,0.14285714285714285,True,False,random_sampling_for_joint_quotas
train_0648,381197319,7,3,4,4,0.1836734693877551,True,True,
train_0649,913322935,1,4,8,7,0.24489795918367346,True,False,random_sampling_for_joint_quotas
train_0650,150588450,9,5,7,7,0.3877551020408163,False,False,outside_ego_distance_range
train_0651,1078064622,6,6,8,8,0.32653061224489793,True,True,
train_0652,539560669,2,4,4,4,0.22448979591836735,True,True,
train_0653,1000602679,5,9,6,6,0.14285714285714285,False,False,outside_ego_distance_range
train_0654,29124096,2,5,7,8,0.1836734693877551,True,True,
train_0655,1546011462,9,5,7,7,0.22448979591836735,False,False,outside_ego_distance_range
train_0656,64338335,6,5,8,7,0.10204081632653061,True,True,
train_0657,738555965,10,9,7,6,0.32653061224489793,False,False,outside_ego_distance_range
train_0658,2031448789,5,5,12,10,0.20408163265306123,True,True,
train_0659,204185515,7,10,7,6,0.3877551020408163,False,False,outside_ego_distance_range
train_0660,1294851798,4,8,4,4,0.2857142857142857,True,True,
train_0661,1246274452,4,6,6,6,0.24489795918367346,True,True,
train_0662,1519244093,3,9,6,6,0.30612244897959184,False,False,outside_ego_distance_range
train_0663,978817619,8,9,8,7,0.1836734693877551,False,False,outside_ego_distance_range
train_0664,1273422365,2,3,6,7,0.20408163265306123,True,False,random_sampling_for_joint_quotas
train_0665,1526971118,5,7,11,13,0.30612244897959184,True,True,
train_0666,1597499636,5,3,6,6,0.1836734693877551,True,False,random_sampling_for_joint_quotas
train_0667,1538638181,4,12,7,7,0.24489795918367346,False,False,outside_ego_distance_range
train_0668,571260769,1,7,4,4,0.3469387755102041,True,False,random_sampling_for_joint_quotas
train_0669,1915526184,10,7,7,8,0.2857142857142857,False,False,outside_ego_distance_range
train_0670,1127996760,2,10,6,6,0.12244897959183673,False,False,outside_ego_distance_range
train_0671,211382020,5,6,9,10,0.24489795918367346,True,True,
train_0672,1600050272,4,3,7,6,0.10204081632653061,True,True,
train_0673,1097179888,9,8,6,7,0.16326530612244897,False,False,outside_ego_distance_range
train_0674,1237190473,4,5,6,7,0.32653061224489793,True,False,random_sampling_for_joint_quotas
train_0675,1168701730,3,5,6,6,0.24489795918367346,True,True,
train_0676,1931252818,10,5,8,9,0.24489795918367346,False,False,outside_ego_distance_range
train_0677,453751571,3,2,10,9,0.32653061224489793,True,True,
train_0678,415379237,4,6,13,15,0.2857142857142857,True,False,random_sampling_for_joint_quotas
train_0679,2121076116,4,1,7,8,0.40816326530612246,True,False,random_sampling_for_joint_quotas
train_0680,932529014,3,1,7,7,0.08163265306122448,True,True,
train_0681,289455577,2,3,7,8,0.4489795918367347,True,False,random_sampling_for_joint_quotas
train_0682,1304550918,4,13,8,7,0.4897959183673469,False,False,outside_ego_distance_range
train_0683,2147242819,3,6,7,6,0.16326530612244897,True,False,random_sampling_for_joint_quotas
train_0684,841277011,9,8,11,10,0.24489795918367346,False,False,outside_ego_distance_range
train_0685,1616387274,1,5,4,4,0.40816326530612246,True,True,
train_0686,1729328632,6,9,7,6,0.16326530612244897,False,False,outside_ego_distance_range
train_0687,272085210,4,7,8,7,0.2653061224489796,True,True,
train_0688,87422438,2,1,7,6,0.24489795918367346,True,True,
train_0689,920070416,8,2,7,7,0.2653061224489796,True,True,
train_0690,1872016024,6,9,9,10,0.3673469387755102,False,False,outside_ego_distance_range
train_0691,2057059503,5,6,7,8,0.14285714285714285,True,True,
train_0692,10612964,7,3,4,4,0.22448979591836735,True,True,
train_0693,588627273,1,7,4,4,0.20408163265306123,True,True,
train_0694,1063053336,7,3,8,8,0.24489795918367346,True,True,
train_0695,1219961871,7,3,9,9,0.42857142857142855,True,True,
train_0696,2048896818,11,2,7,6,0.3469387755102041,False,False,outside_ego_distance_range
train_0697,1799020782,4,5,7,8,0.2857142857142857,True,True,
train_0698,1928503430,6,4,8,8,0.22448979591836735,True,False,random_sampling_for_joint_quotas
train_0699,1817753342,5,1,7,7,0.32653061224489793,True,True,
train_0700,1321007226,2,7,7,8,0.14285714285714285,True,False,random_sampling_for_joint_quotas
train_0701,772740513,1,3,7,7,0.2653061224489796,True,True,
train_0702,153868753,1,5,4,4,0.3469387755102041,True,False,random_sampling_for_joint_quotas
train_0703,498887550,2,7,7,6,0.24489795918367346,True,True,
train_0704,1483781023,1,7,4,4,0.14285714285714285,True,True,
train_0705,315587787,6,6,5,5,0.1836734693877551,True,True,
train_0706,107300540,12,13,8,9,0.2857142857142857,False,False,outside_ego_distance_range
train_0707,1203381789,7,8,8,9,0.30612244897959184,True,True,
train_0708,1213440436,1,4,6,7,0.2857142857142857,True,True,
train_0709,1561227475,8,7,6,7,0.30612244897959184,True,True,
train_0710,91326270,11,8,6,7,0.20408163265306123,False,False,outside_ego_distance_range
train_0711,1799673001,6,2,5,5,0.12244897959183673,True,True,
train_0712,482888740,6,7,7,8,0.22448979591836735,True,False,random_sampling_for_joint_quotas
train_0713,1728803339,8,8,7,7,0.42857142857142855,True,True,
train_0714,161183646,7,3,4,4,0.3877551020408163,True,True,
train_0715,1623420217,7,1,5,5,0.24489795918367346,True,True,
train_0716,485296007,5,5,4,4,0.3469387755102041,True,True,
train_0717,769253102,3,2,8,7,0.14285714285714285,True,False,random_sampling_for_joint_quotas
train_0718,1652886019,4,3,6,7,0.30612244897959184,True,False,random_sampling_for_joint_quotas
train_0719,915024658,2,2,9,9,0.22448979591836735,True,False,random_sampling_for_joint_quotas
train_0720,843290231,11,8,7,8,0.22448979591836735,False,False,outside_ego_distance_range
train_0721,1465839254,2,10,7,7,0.22448979591836735,False,False,outside_ego_distance_range
train_0722,1444658780,4,3,8,7,0.14285714285714285,True,False,random_sampling_for_joint_quotas
train_0723,85914390,4,4,6,6,0.2653061224489796,True,False,random_sampling_for_joint_quotas
train_0724,616040783,4,3,8,7,0.30612244897959184,True,False,random_sampling_for_joint_quotas
train_0725,100339029,5,5,8,8,0.20408163265306123,True,False,random_sampling_for_joint_quotas
train_0726,1730715727,1,6,8,7,0.32653061224489793,True,True,
train_0727,61850274,6,6,7,7,0.2653061224489796,True,False,random_sampling_for_joint_quotas
train_0728,514103662,3,2,7,8,0.3673469387755102,True,False,random_sampling_for_joint_quotas
train_0729,1591694515,6,4,5,5,0.20408163265306123,True,False,random_sampling_for_joint_quotas
train_0730,770751461,3,4,7,6,0.20408163265306123,True,True,
train_0731,593896649,6,4,4,4,0.2653061224489796,True,True,
train_0732,1883409047,7,3,7,7,0.5306122448979592,True,True,
train_0733,1037997630,3,5,5,5,0.30612244897959184,True,True,
train_0734,2100075240,10,4,8,8,0.3673469387755102,False,False,outside_ego_distance_range
train_0735,277202807,1,7,5,5,0.2653061224489796,True,True,
train_0736,1901638617,1,4,7,6,0.2857142857142857,True,False,random_sampling_for_joint_quotas
train_0737,1548600016,13,6,9,8,0.2857142857142857,False,False,outside_ego_distance_range
train_0738,300413629,11,7,8,8,0.2857142857142857,False,False,outside_ego_distance_range
train_0739,1876458204,6,3,7,6,0.3469387755102041,True,True,
train_0740,601934713,6,3,8,9,0.14285714285714285,True,True,
train_0741,1644346312,9,10,8,9,0.2857142857142857,False,False,outside_ego_distance_range
train_0742,201292173,1,4,7,8,0.20408163265306123,True,False,random_sampling_for_joint_quotas
train_0743,749055266,12,9,10,11,0.32653061224489793,False,False,outside_ego_distance_range
train_0744,1280259506,4,2,4,4,0.20408163265306123,True,True,
train_0745,925685549,8,2,5,5,0.2653061224489796,True,True,
train_0746,1045903536,5,4,7,6,0.2857142857142857,True,False,random_sampling_for_joint_quotas
train_0747,367940226,1,11,5,5,0.24489795918367346,False,False,outside_ego_distance_range
train_0748,1419475224,4,5,15,14,0.2653061224489796,True,False,random_sampling_for_joint_quotas
train_0749,1232122181,5,2,6,7,0.16326530612244897,True,True,
train_0750,40607209,1,5,8,8,0.12244897959183673,True,True,
train_0751,951155964,8,6,5,5,0.1836734693877551,True,True,
train_0752,846434927,2,6,5,5,0.4897959183673469,True,True,
train_0753,472299540,7,4,9,8,0.1836734693877551,True,True,
train_0754,1635692996,8,5,7,8,0.20408163265306123,True,True,
train_0755,1714366571,2,7,7,8,0.3877551020408163,True,False,random_sampling_for_joint_quotas
train_0756,1089672125,3,9,5,5,0.20408163265306123,False,False,outside_ego_distance_range
train_0757,389276676,4,5,6,7,0.3673469387755102,True,False,random_sampling_for_joint_quotas
train_0758,1844757732,10,10,13,13,0.2653061224489796,False,False,outside_ego_distance_range
train_0759,464598150,6,2,4,4,0.16326530612244897,True,True,
train_0760,1850061625,5,4,7,6,0.24489795918367346,True,False,random_sampling_for_joint_quotas
train_0761,204746023,3,1,8,8,0.2653061224489796,True,True,
train_0762,862141909,3,3,7,7,0.1836734693877551,True,False,random_sampling_for_joint_quotas
train_0763,38005127,2,6,7,7,0.2857142857142857,True,True,
train_0764,954286469,2,6,7,7,0.30612244897959184,True,False,random_sampling_for_joint_quotas
train_0765,1540507578,9,1,5,5,0.2857142857142857,False,False,outside_ego_distance_range
train_0766,1445006722,8,4,4,4,0.22448979591836735,True,False,random_sampling_for_joint_quotas
train_0767,1584420258,14,13,7,6,0.20408163265306123,False,False,outside_ego_distance_range
train_0768,465117446,8,8,5,5,0.3877551020408163,True,True,
train_0769,1480746981,4,8,6,6,0.20408163265306123,True,True,
train_0770,270015804,5,1,5,5,0.20408163265306123,True,True,
train_0771,104116402,6,12,5,5,0.16326530612244897,False,False,outside_ego_distance_range
train_0772,1876481614,7,1,6,6,0.10204081632653061,True,True,
train_0773,359507935,3,4,11,12,0.1836734693877551,True,False,random_sampling_for_joint_quotas
train_0774,1089513930,8,5,8,7,0.1836734693877551,True,True,
train_0775,916667619,13,13,6,6,0.3469387755102041,False,False,outside_ego_distance_range
train_0776,531702821,6,1,7,6,0.40816326530612246,True,False,random_sampling_for_joint_quotas
train_0777,136532963,3,4,10,9,0.20408163265306123,True,True,
train_0778,561958597,7,2,11,10,0.2857142857142857,True,True,
train_0779,991842416,8,9,10,11,0.14285714285714285,False,False,outside_ego_distance_range
train_0780,1253137594,4,1,8,9,0.20408163265306123,True,False,random_sampling_for_joint_quotas
train_0781,1694112136,2,6,5,5,0.08163265306122448,True,False,random_sampling_for_joint_quotas
train_0782,1879117918,7,1,4,4,0.2857142857142857,True,True,
train_0783,850345272,2,7,7,6,0.2653061224489796,True,True,
train_0784,184142738,2,2,6,6,0.32653061224489793,True,True,
train_0785,2012553057,5,4,8,9,0.14285714285714285,True,True,
train_0786,1649128231,1,5,9,9,0.3673469387755102,True,True,
train_0787,972671888,6,8,9,9,0.30612244897959184,True,True,
train_0788,1057691888,4,7,7,8,0.3469387755102041,True,False,random_sampling_for_joint_quotas
train_0789,1931447625,8,8,7,7,0.2857142857142857,True,True,
train_0790,806972434,5,7,10,12,0.2653061224489796,True,True,
train_0791,1429900493,4,7,8,7,0.20408163265306123,True,True,
train_0792,1768755661,5,5,11,11,0.22448979591836735,True,True,
train_0793,1165580674,4,6,6,6,0.24489795918367346,True,False,random_sampling_for_joint_quotas
train_0794,1831506636,7,7,4,4,0.32653061224489793,True,True,
train_0795,530768782,6,7,8,9,0.2653061224489796,True,False,random_sampling_for_joint_quotas
train_0796,537054300,1,4,8,7,0.2653061224489796,True,True,
train_0797,1648973945,12,7,7,8,0.3673469387755102,False,False,outside_ego_distance_range
train_0798,58247945,1,2,10,9,0.20408163265306123,True,False,random_sampling_for_joint_quotas
train_0799,942214150,11,7,9,9,0.4489795918367347,False,False,outside_ego_distance_range
train_0800,2110029490,5,1,4,4,0.1836734693877551,True,False,random_sampling_for_joint_quotas
train_0801,1899230033,8,1,8,7,0.20408163265306123,True,True,
train_0802,1066795385,6,4,7,7,0.2653061224489796,True,False,random_sampling_for_joint_quotas
train_0803,535153754,4,8,5,5,0.1836734693877551,True,True,
train_0804,1898687404,4,3,8,7,0.12244897959183673,True,True,
train_0805,2088771491,6,6,4,4,0.14285714285714285,True,True,
train_0806,1738861119,4,4,8,8,0.30612244897959184,True,False,random_sampling_for_joint_quotas
train_0807,1546682714,7,3,8,8,0.08163265306122448,True,True,
train_0808,54641725,10,8,12,10,0.16326530612244897,False,False,outside_ego_distance_range
train_0809,2068546120,8,7,11,10,0.20408163265306123,True,True,
train_0810,773990598,6,3,10,9,0.3673469387755102,True,True,
train_0811,365613775,4,3,10,9,0.2857142857142857,True,False,random_sampling_for_joint_quotas
train_0812,1197388249,1,7,6,6,0.24489795918367346,True,True,
train_0813,1875937210,7,4,7,8,0.22448979591836735,True,True,
train_0814,727666077,2,2,7,7,0.5714285714285714,True,False,random_sampling_for_joint_quotas
train_0815,1546740196,5,1,5,5,0.16326530612244897,True,True,
train_0816,1487159945,4,7,8,7,0.32653061224489793,True,False,random_sampling_for_joint_quotas
train_0817,141841171,2,7,7,6,0.3673469387755102,True,True,
train_0818,1060472359,6,2,4,4,0.24489795918367346,True,False,random_sampling_for_joint_quotas
train_0819,453798832,1,8,7,8,0.16326530612244897,True,True,
train_0820,1085763087,4,1,7,6,0.30612244897959184,True,False,random_sampling_for_joint_quotas
train_0821,1658367169,1,3,8,8,0.46938775510204084,True,True,
train_0822,1910972212,9,6,7,6,0.2653061224489796,False,False,outside_ego_distance_range
train_0823,1297174635,3,5,4,4,0.4897959183673469,True,False,random_sampling_for_joint_quotas
train_0824,844630338,2,5,7,8,0.1836734693877551,True,True,
train_0825,1104750973,5,4,7,8,0.20408163265306123,True,False,random_sampling_for_joint_quotas
train_0826,1535075165,2,4,10,12,0.2653061224489796,True,True,
train_0827,1012788455,9,8,10,9,0.24489795918367346,False,False,outside_ego_distance_range
train_0828,1706900842,2,1,7,6,0.12244897959183673,True,True,
train_0829,1154934930,3,3,6,6,0.1836734693877551,True,False,random_sampling_for_joint_quotas
train_0830,1407445293,4,2,5,5,0.22448979591836735,True,False,random_sampling_for_joint_quotas
train_0831,341292922,9,6,8,7,0.14285714285714285,False,False,outside_ego_distance_range
train_0832,926059339,3,3,4,4,0.20408163265306123,True,False,random_sampling_for_joint_quotas
train_0833,1854300120,5,7,8,8,0.46938775510204084,True,False,random_sampling_for_joint_quotas
train_0834,1003984780,9,8,10,9,0.32653061224489793,False,False,outside_ego_distance_range
train_0835,338568544,13,13,9,9,0.12244897959183673,False,False,outside_ego_distance_range
train_0836,586285488,12,6,9,9,0.24489795918367346,False,False,outside_ego_distance_range
train_0837,962934264,6,3,7,8,0.1836734693877551,True,False,random_sampling_for_joint_quotas
train_0838,731845373,3,4,7,6,0.1836734693877551,True,False,random_sampling_for_joint_quotas
train_0839,763425457,11,10,10,9,0.1836734693877551,False,False,outside_ego_distance_range
train_0840,1847429503,5,7,8,8,0.20408163265306123,True,False,random_sampling_for_joint_quotas
train_0841,1661166680,5,4,7,8,0.24489795918367346,True,True,
train_0842,1305294290,9,6,6,7,0.30612244897959184,False,False,outside_ego_distance_range
train_0843,342676106,6,3,10,9,0.30612244897959184,True,True,
train_0844,625986731,4,3,7,8,0.16326530612244897,True,False,random_sampling_for_joint_quotas
train_0845,742898281,12,5,7,6,0.3877551020408163,False,False,outside_ego_distance_range
train_0846,613034798,2,12,6,6,0.16326530612244897,False,False,outside_ego_distance_range
train_0847,2020788205,6,3,7,6,0.14285714285714285,True,False,random_sampling_for_joint_quotas
train_0848,1515332775,3,9,7,7,0.12244897959183673,False,False,outside_ego_distance_range
train_0849,828412976,2,4,6,6,0.24489795918367346,True,True,
train_0850,1515726030,11,3,6,6,0.2653061224489796,False,False,outside_ego_distance_range
train_0851,1653989641,4,8,5,5,0.3673469387755102,True,True,
train_0852,1429907766,5,1,8,8,0.2653061224489796,True,True,
train_0853,389570901,1,13,6,6,0.3877551020408163,False,False,outside_ego_distance_range
train_0854,560343469,7,3,6,6,0.16326530612244897,True,True,
train_0855,1188112550,6,5,6,7,0.1836734693877551,True,True,
train_0856,1940059664,2,7,7,6,0.24489795918367346,True,True,
train_0857,1435133608,2,8,5,5,0.3673469387755102,True,True,
train_0858,1420067347,6,6,6,6,0.2653061224489796,True,True,
train_0859,1529561369,4,3,7,6,0.5306122448979592,True,False,random_sampling_for_joint_quotas
train_0860,1353504243,2,1,8,7,0.5510204081632653,True,True,
train_0861,1440383219,6,1,6,7,0.3877551020408163,True,True,
train_0862,860025225,4,3,8,7,0.3469387755102041,True,False,random_sampling_for_joint_quotas
train_0863,1631242384,6,5,7,6,0.3469387755102041,True,True,
train_0864,970439888,8,2,4,4,0.16326530612244897,True,True,
train_0865,919230367,6,3,7,6,0.24489795918367346,True,False,random_sampling_for_joint_quotas
train_0866,342554183,5,1,9,9,0.20408163265306123,True,False,random_sampling_for_joint_quotas
train_0867,809464277,3,8,7,6,0.30612244897959184,True,True,
train_0868,467109136,12,2,5,5,0.14285714285714285,False,False,outside_ego_distance_range
train_0869,1303111354,5,5,9,9,0.20408163265306123,True,False,random_sampling_for_joint_quotas
train_0870,1878234071,6,9,8,7,0.16326530612244897,False,False,outside_ego_distance_range
train_0871,767806480,3,7,6,6,0.14285714285714285,True,True,
train_0872,721988048,5,1,6,6,0.30612244897959184,True,True,
train_0873,131262572,6,4,5,5,0.24489795918367346,True,True,
train_0874,976554528,3,3,6,6,0.10204081632653061,True,False,random_sampling_for_joint_quotas
train_0875,113619764,7,4,7,6,0.24489795918367346,True,True,
train_0876,832725469,3,1,5,5,0.32653061224489793,True,False,random_sampling_for_joint_quotas
train_0877,1994747054,3,7,7,7,0.1836734693877551,True,True,
train_0878,321851476,4,6,4,4,0.2653061224489796,True,True,
train_0879,1577261749,5,2,7,6,0.2653061224489796,True,True,
train_0880,166900543,3,2,9,8,0.3469387755102041,True,False,random_sampling_for_joint_quotas
train_0881,337161516,6,8,6,6,0.12244897959183673,True,True,
train_0882,869279238,4,7,9,10,0.14285714285714285,True,True,
train_0883,1698427022,3,3,6,6,0.5714285714285714,True,False,random_sampling_for_joint_quotas
train_0884,1335732631,1,4,7,6,0.1836734693877551,True,True,
train_0885,1929318155,6,2,5,5,0.20408163265306123,True,False,random_sampling_for_joint_quotas
train_0886,273945902,10,6,6,6,0.24489795918367346,False,False,outside_ego_distance_range
train_0887,696186581,1,5,5,5,0.4897959183673469,True,True,
train_0888,2082921448,3,3,8,8,0.14285714285714285,True,True,
train_0889,160147709,4,4,7,7,0.22448979591836735,True,True,
train_0890,531850356,4,7,8,7,0.14285714285714285,True,True,
train_0891,713830657,3,2,6,7,0.20408163265306123,True,False,random_sampling_for_joint_quotas
train_0892,1561433217,8,2,7,7,0.22448979591836735,True,True,
train_0893,232198457,9,3,9,9,0.2653061224489796,False,False,outside_ego_distance_range
train_0894,980521665,4,6,4,4,0.2857142857142857,True,False,random_sampling_for_joint_quotas
train_0895,908981620,1,9,5,5,0.2653061224489796,False,False,outside_ego_distance_range
train_0896,2031321789,1,6,6,7,0.32653061224489793,True,True,
train_0897,1062726228,4,1,7,6,0.22448979591836735,True,True,
train_0898,934711960,2,10,10,10,0.2857142857142857,False,False,outside_ego_distance_range
train_0899,1930720556,6,2,8,8,0.30612244897959184,True,False,random_sampling_for_joint_quotas
train_0900,715275836,8,3,7,8,0.2857142857142857,True,True,
train_0901,1548058254,6,2,4,4,0.16326530612244897,True,True,
train_0902,1909822497,5,8,6,7,0.2653061224489796,True,True,
train_0903,1479751695,7,4,8,7,0.3877551020408163,True,True,
train_0904,1313746679,5,1,9,9,0.08163265306122448,True,False,random_sampling_for_joint_quotas
train_0905,1687743295,7,3,7,7,0.10204081632653061,True,True,
train_0906,775094473,3,4,9,10,0.16326530612244897,True,False,random_sampling_for_joint_quotas
train_0907,1391263176,6,7,6,7,0.1836734693877551,True,True,
train_0908,1128403214,6,7,8,9,0.3877551020408163,True,True,
train_0909,2135273622,7,4,6,7,0.24489795918367346,True,False,random_sampling_for_joint_quotas
train_0910,675580168,4,3,7,6,0.22448979591836735,True,False,random_sampling_for_joint_quotas
train_0911,1014526972,4,8,4,4,0.14285714285714285,True,True,
train_0912,1671652020,1,4,6,7,0.40816326530612246,True,True,
train_0913,1387016198,2,4,7,7,0.08163265306122448,True,False,random_sampling_for_joint_quotas
train_0914,1474978513,2,12,5,5,0.22448979591836735,False,False,outside_ego_distance_range
train_0915,1332049691,10,8,10,10,0.2653061224489796,False,False,outside_ego_distance_range
train_0916,1981110679,7,8,6,7,0.16326530612244897,True,True,
train_0917,1558647234,4,4,7,7,0.3673469387755102,True,False,random_sampling_for_joint_quotas
train_0918,624326310,6,6,4,4,0.22448979591836735,True,True,
train_0919,1766622956,8,1,7,6,0.12244897959183673,True,True,
train_0920,789994573,3,7,8,8,0.3673469387755102,True,False,random_sampling_for_joint_quotas
train_0921,118176309,8,7,9,8,0.2653061224489796,True,True,
train_0922,1797212602,2,2,7,7,0.10204081632653061,True,True,
train_0923,1863532408,2,2,9,9,0.16326530612244897,True,True,
train_0924,1116074589,7,7,10,10,0.3469387755102041,True,False,random_sampling_for_joint_quotas
train_0925,1331171642,3,5,6,6,0.2653061224489796,True,True,
train_0926,328497183,2,6,8,8,0.3673469387755102,True,False,random_sampling_for_joint_quotas
train_0927,357626864,4,6,5,5,0.08163265306122448,True,True,
train_0928,1719115924,2,9,7,8,0.2653061224489796,False,False,outside_ego_distance_range
train_0929,888089878,9,9,8,8,0.3673469387755102,False,False,outside_ego_distance_range
train_0930,1038319220,8,2,5,5,0.22448979591836735,True,True,
train_0931,9887762,5,3,7,7,0.20408163265306123,True,False,random_sampling_for_joint_quotas
train_0932,1270610332,4,2,5,5,0.22448979591836735,True,True,
train_0933,456021873,9,4,7,8,0.3673469387755102,False,False,outside_ego_distance_range
train_0934,1458610660,2,4,4,4,0.22448979591836735,True,False,random_sampling_for_joint_quotas
train_0935,894648463,6,1,9,8,0.30612244897959184,True,True,
train_0936,219909206,2,1,7,6,0.22448979591836735,True,True,
train_0937,1023837948,4,7,9,8,0.1836734693877551,True,False,random_sampling_for_joint_quotas
train_0938,1232229579,6,7,7,8,0.32653061224489793,True,True,
train_0939,1810738831,6,4,6,6,0.1836734693877551,True,True,
train_0940,1104052142,2,8,6,6,0.32653061224489793,True,True,
train_0941,1767156034,6,3,7,6,0.1836734693877551,True,False,random_sampling_for_joint_quotas
train_0942,1562431643,5,1,6,6,0.16326530612244897,True,False,random_sampling_for_joint_quotas
train_0943,897968527,8,2,5,5,0.16326530612244897,True,True,
train_0944,1587402793,11,9,8,8,0.2653061224489796,False,False,outside_ego_distance_range
train_0945,569009629,2,4,4,4,0.32653061224489793,True,True,
train_0946,864642856,8,1,7,6,0.2857142857142857,True,True,
train_0947,166263252,2,3,7,8,0.24489795918367346,True,True,
train_0948,1551566940,14,6,6,6,0.32653061224489793,False,False,outside_ego_distance_range
train_0949,159783463,7,1,4,4,0.20408163265306123,True,True,
train_0950,1253819718,1,6,8,7,0.22448979591836735,True,False,random_sampling_for_joint_quotas
train_0951,1297107134,7,3,6,6,0.3469387755102041,True,True,
train_0952,1580036097,4,5,8,9,0.1836734693877551,True,True,
train_0953,1260472262,4,5,10,11,0.3469387755102041,True,True,
train_0954,1932244099,6,1,8,7,0.20408163265306123,True,True,
train_0955,258836672,6,1,6,7,0.2653061224489796,True,True,
train_0956,1253187163,10,2,6,6,0.22448979591836735,False,False,outside_ego_distance_range
train_0957,21957499,1,8,7,6,0.12244897959183673,True,True,
train_0958,535571008,6,5,6,7,0.2857142857142857,True,True,
train_0959,988063231,2,5,6,7,0.16326530612244897,True,True,
train_0960,1142676667,4,3,7,6,0.24489795918367346,True,True,
train_0961,5920496,4,3,8,7,0.3469387755102041,True,True,
train_0962,761892221,4,2,7,7,0.22448979591836735,True,True,
train_0963,1237477490,2,3,11,10,0.24489795918367346,True,False,random_sampling_for_joint_quotas
train_0964,2081536387,5,3,7,7,0.42857142857142855,True,True,
train_0965,1497096483,4,4,4,4,0.10204081632653061,True,False,random_sampling_for_joint_quotas
train_0966,1094362843,2,6,4,4,0.1836734693877551,True,True,
train_0967,1288165503,2,5,7,6,0.24489795918367346,True,False,random_sampling_for_joint_quotas
train_0968,774467619,5,6,8,7,0.2857142857142857,True,True,
train_0969,1568762970,9,5,10,12,0.2857142857142857,False,False,outside_ego_distance_range
train_0970,1389817933,3,1,13,15,0.20408163265306123,True,True,
train_0971,2012865138,2,4,5,5,0.10204081632653061,True,True,
train_0972,1578187013,6,7,9,10,0.2857142857142857,True,True,
train_0973,1495928907,2,6,5,5,0.1836734693877551,True,False,random_sampling_for_joint_quotas
train_0974,106978472,5,1,6,6,0.6122448979591837,True,True,
train_0975,345927530,8,9,13,14,0.24489795918367346,False,False,outside_ego_distance_range
train_0976,966781384,1,3,8,8,0.3877551020408163,True,False,random_sampling_for_joint_quotas
train_0977,903092915,13,14,10,11,0.3469387755102041,False,False,outside_ego_distance_range
train_0978,496881971,2,3,8,7,0.32653061224489793,True,False,random_sampling_for_joint_quotas
train_0979,2030576970,3,4,7,8,0.2857142857142857,True,True,
train_0980,1829903767,3,8,6,7,0.16326530612244897,True,True,
train_0981,2133260850,3,8,6,7,0.22448979591836735,True,True,
train_0982,1938390763,3,7,4,4,0.22448979591836735,True,True,
train_0983,1984259116,1,3,10,12,0.32653061224489793,True,False,random_sampling_for_joint_quotas
train_0984,1828719624,1,7,5,5,0.22448979591836735,True,False,random_sampling_for_joint_quotas
train_0985,1464000191,9,8,6,7,0.1836734693877551,False,False,outside_ego_distance_range
train_0986,1188537726,3,3,5,5,0.22448979591836735,True,True,
train_0987,1327412319,1,5,7,7,0.12244897959183673,True,True,
train_0988,1062721547,7,7,10,10,0.3469387755102041,True,True,
train_0989,939225158,5,1,6,6,0.16326530612244897,True,True,
train_0990,334596881,8,3,8,7,0.3469387755102041,True,True,
train_0991,921835025,1,5,5,5,0.22448979591836735,True,True,
train_0992,1388070801,2,8,5,5,0.32653061224489793,True,True,
train_0993,1154192807,5,4,6,7,0.20408163265306123,True,False,random_sampling_for_joint_quotas
train_0994,79275502,9,1,5,5,0.24489795918367346,False,False,outside_ego_distance_range
train_0995,1633402454,4,8,6,6,0.22448979591836735,True,True,
train_0996,1201658942,6,5,6,7,0.24489795918367346,True,False,random_sampling_for_joint_quotas
train_0997,1079421203,4,3,10,9,0.2857142857142857,True,False,random_sampling_for_joint_quotas
train_0998,1593026300,3,2,9,10,0.3469387755102041,True,False,random_sampling_for_joint_quotas
train_0999,37234690,5,4,6,7,0.5102040816326531,True,True,
train_1000,73203118,3,9,5,5,0.22448979591836735,False,False,outside_ego_distance_range
train_1001,763245774,5,5,4,4,0.22448979591836735,True,True,
train_1002,493530978,5,2,9,8,0.24489795918367346,True,True,
train_1003,1997379502,7,1,8,8,0.20408163265306123,True,True,
train_1004,2098789378,1,3,11,13,0.32653061224489793,True,True,
train_1005,945351979,6,2,6,6,0.16326530612244897,True,True,
train_1006,686429525,9,2,7,8,0.24489795918367346,False,False,outside_ego_distance_range
train_1007,641810316,13,4,8,9,0.2653061224489796,False,False,outside_ego_distance_range
train_1008,417329402,1,5,10,10,0.22448979591836735,True,True,
train_1009,1377778749,6,1,7,8,0.2653061224489796,True,True,
train_1010,971493090,1,8,7,8,0.20408163265306123,True,True,
train_1011,362637880,1,4,7,6,0.08163265306122448,True,True,
train_1012,488042132,5,2,7,8,0.20408163265306123,True,False,random_sampling_for_joint_quotas
train_1013,512662429,1,3,10,10,0.08163265306122448,True,True,
train_1014,1178366493,1,7,8,8,0.24489795918367346,True,False,random_sampling_for_joint_quotas
train_1015,1463855168,4,1,10,11,0.32653061224489793,True,True,
train_1016,2089863056,6,2,5,5,0.22448979591836735,True,True,
train_1017,889559814,11,11,6,6,0.24489795918367346,False,False,outside_ego_distance_range
train_1018,2073858443,1,8,9,8,0.16326530612244897,True,True,
train_1019,452003236,4,5,7,8,0.24489795918367346,True,True,
train_1020,1109134470,3,5,6,6,0.1836734693877551,True,False,random_sampling_for_joint_quotas
train_1021,1896950105,6,4,4,4,0.2653061224489796,True,True,
train_1022,1480131058,1,2,7,8,0.1836734693877551,True,True,
train_1023,214688254,8,4,8,8,0.20408163265306123,True,True,
train_1024,1641785286,3,3,4,4,0.16326530612244897,True,True,
train_1025,315719774,3,7,4,4,0.20408163265306123,True,False,random_sampling_for_joint_quotas
train_1026,1411525908,8,4,4,4,0.1836734693877551,True,False,random_sampling_for_joint_quotas
train_1027,646684926,6,2,7,7,0.30612244897959184,True,True,
train_1028,1412911705,2,6,4,4,0.30612244897959184,True,False,random_sampling_for_joint_quotas
train_1029,522295418,5,8,11,10,0.20408163265306123,True,True,
train_1030,813194571,7,2,9,8,0.24489795918367346,True,True,
train_1031,2018250126,8,2,4,4,0.46938775510204084,True,True,
train_1032,731106157,3,2,9,8,0.24489795918367346,True,True,
train_1033,2031016904,1,5,4,4,0.3877551020408163,True,True,
train_1034,1408565923,6,7,7,6,0.2653061224489796,True,False,random_sampling_for_joint_quotas
train_1035,128332053,5,4,6,7,0.10204081632653061,True,True,
train_1036,1973313573,2,9,7,6,0.16326530612244897,False,False,outside_ego_distance_range
train_1037,1840203010,6,11,9,10,0.14285714285714285,False,False,outside_ego_distance_range
train_1038,568082625,5,1,8,8,0.2653061224489796,True,True,
train_1039,2074551151,6,11,9,8,0.12244897959183673,False,False,outside_ego_distance_range
train_1040,1719799046,3,6,6,7,0.24489795918367346,True,True,
train_1041,1541714680,4,1,7,8,0.2653061224489796,True,True,
train_1042,1735495788,4,4,7,7,0.20408163265306123,True,False,random_sampling_for_joint_quotas
train_1043,17081087,5,3,6,6,0.5306122448979592,True,True,
train_1044,2046006975,3,13,5,5,0.30612244897959184,False,False,outside_ego_distance_range
train_1045,870867177,4,4,6,6,0.1836734693877551,True,False,random_sampling_for_joint_quotas
train_1046,625412274,10,4,5,5,0.24489795918367346,False,False,outside_ego_distance_range
train_1047,1968047100,2,5,9,10,0.1836734693877551,True,True,
train_1048,231009684,2,17,9,8,0.3469387755102041,False,False,outside_ego_distance_range
train_1049,1913359627,2,2,6,6,0.1836734693877551,True,True,
train_1050,1504337677,6,7,7,6,0.20408163265306123,True,True,
train_1051,179844212,12,2,7,7,0.40816326530612246,False,False,outside_ego_distance_range
train_1052,151359169,3,3,12,10,0.22448979591836735,True,True,
train_1053,1123081261,8,4,7,7,0.10204081632653061,True,True,
train_1054,1538685504,8,2,5,5,0.22448979591836735,True,True,
train_1055,1151804012,5,4,7,6,0.40816326530612246,True,False,random_sampling_for_joint_quotas
train_1056,272113933,3,6,8,7,0.20408163265306123,True,True,
train_1057,802002223,1,6,7,8,0.1836734693877551,True,True,
train_1058,1931580119,5,8,7,8,0.22448979591836735,True,True,
train_1059,164779037,11,12,6,7,0.20408163265306123,False,False,outside_ego_distance_range
train_1060,1278725655,11,12,6,7,0.24489795918367346,False,False,outside_ego_distance_range
train_1061,1594852710,4,7,7,6,0.1836734693877551,True,False,random_sampling_for_joint_quotas
train_1062,758498542,8,3,7,6,0.1836734693877551,True,True,
train_1063,1823492523,1,4,7,8,0.22448979591836735,True,False,random_sampling_for_joint_quotas
train_1064,2003773049,8,4,4,4,0.2653061224489796,True,False,random_sampling_for_joint_quotas
train_1065,1141613931,2,10,6,6,0.24489795918367346,False,False,outside_ego_distance_range
train_1066,869126768,3,4,7,6,0.08163265306122448,True,False,random_sampling_for_joint_quotas
train_1067,1762833266,7,7,6,6,0.2857142857142857,True,True,
train_1068,1841186137,8,4,4,4,0.16326530612244897,True,True,
train_1069,2090040748,10,5,7,6,0.2857142857142857,False,False,outside_ego_distance_range
train_1070,686313847,1,4,8,7,0.1836734693877551,True,True,
train_1071,1650634316,6,1,9,8,0.32653061224489793,True,True,
train_1072,1908267004,11,4,6,7,0.3469387755102041,False,False,outside_ego_distance_range
train_1073,531735527,9,5,7,7,0.30612244897959184,False,False,outside_ego_distance_range
train_1074,1508043858,7,8,12,13,0.2653061224489796,True,True,
train_1075,1715372257,3,6,7,8,0.1836734693877551,True,True,
train_1076,1314246501,1,4,6,7,0.20408163265306123,True,False,random_sampling_for_joint_quotas
train_1077,1579406546,6,4,6,6,0.1836734693877551,True,False,random_sampling_for_joint_quotas
train_1078,370769259,4,3,10,9,0.30612244897959184,True,True,
train_1079,135125170,4,3,7,6,0.2857142857142857,True,True,
train_1080,181858522,2,5,6,7,0.14285714285714285,True,True,
train_1081,1909486284,2,4,5,5,0.12244897959183673,True,True,
train_1082,1476333067,4,6,4,4,0.14285714285714285,True,False,random_sampling_for_joint_quotas
train_1083,529247494,7,7,13,13,0.3469387755102041,True,True,
train_1084,1922583238,11,3,8,8,0.3469387755102041,False,False,outside_ego_distance_range
train_1085,1333267468,2,4,6,6,0.22448979591836735,True,False,random_sampling_for_joint_quotas
train_1086,1417978046,2,8,10,10,0.2653061224489796,True,True,
train_1087,312836873,2,4,8,8,0.22448979591836735,True,False,random_sampling_for_joint_quotas
train_1088,226073146,3,4,10,9,0.14285714285714285,True,True,
train_1089,232347760,12,2,5,5,0.24489795918367346,False,False,outside_ego_distance_range
train_1090,89744856,4,2,9,9,0.32653061224489793,True,False,random_sampling_for_joint_quotas
train_1091,647446338,8,2,4,4,0.42857142857142855,True,True,
train_1092,2011700403,7,5,5,5,0.1836734693877551,True,True,
train_1093,808715621,7,9,6,6,0.32653061224489793,False,False,outside_ego_distance_range
train_1094,117351838,1,6,7,6,0.20408163265306123,True,True,
train_1095,1420025109,6,2,7,7,0.20408163265306123,True,True,
train_1096,1513755448,2,7,8,7,0.14285714285714285,True,False,random_sampling_for_joint_quotas
train_1097,8313981,2,1,7,6,0.12244897959183673,True,False,random_sampling_for_joint_quotas
train_1098,678258811,2,9,6,7,0.2857142857142857,False,False,outside_ego_distance_range
train_1099,1556662247,4,3,6,7,0.14285714285714285,True,False,random_sampling_for_joint_quotas
train_1100,1866521603,5,4,9,8,0.24489795918367346,True,False,random_sampling_for_joint_quotas
train_1101,493372275,7,3,5,5,0.40816326530612246,True,False,random_sampling_for_joint_quotas
train_1102,1517835682,11,12,10,11,0.32653061224489793,False,False,outside_ego_distance_range
train_1103,1158376398,4,2,5,5,0.16326530612244897,True,True,
train_1104,1108072897,2,5,9,8,0.30612244897959184,True,False,random_sampling_for_joint_quotas
train_1105,2058004773,2,6,7,7,0.22448979591836735,True,False,random_sampling_for_joint_quotas
train_1106,590013398,9,6,8,7,0.2857142857142857,False,False,outside_ego_distance_range
train_1107,942534824,8,4,7,7,0.10204081632653061,True,True,
train_1108,1819279519,6,1,6,7,0.22448979591836735,True,True,
train_1109,1444908030,8,10,7,7,0.30612244897959184,False,False,outside_ego_distance_range
train_1110,1349210458,8,2,8,8,0.14285714285714285,True,True,
train_1111,910723831,4,3,6,7,0.1836734693877551,True,True,
train_1112,1091616653,4,4,5,5,0.1836734693877551,True,True,
train_1113,1628869920,4,2,4,4,0.2653061224489796,True,False,random_sampling_for_joint_quotas
train_1114,319450835,8,8,4,4,0.4489795918367347,True,True,
train_1115,547681912,1,5,11,13,0.24489795918367346,True,True,
train_1116,814063128,12,8,9,9,0.2653061224489796,False,False,outside_ego_distance_range
train_1117,958452906,8,6,10,10,0.2653061224489796,True,True,
train_1118,267620826,6,3,7,8,0.16326530612244897,True,True,
train_1119,2074197131,10,1,6,7,0.2857142857142857,False,False,outside_ego_distance_range
train_1120,1483893377,1,7,6,6,0.22448979591836735,True,True,
train_1121,1026975692,6,2,4,4,0.30612244897959184,True,True,
train_1122,2076075063,2,1,6,7,0.3469387755102041,True,True,
train_1123,1579993023,4,7,8,9,0.16326530612244897,True,False,random_sampling_for_joint_quotas
train_1124,1702223239,5,3,4,4,0.12244897959183673,True,False,random_sampling_for_joint_quotas
train_1125,1459175890,9,8,8,7,0.10204081632653061,False,False,outside_ego_distance_range
train_1126,758763270,7,7,6,6,0.3469387755102041,True,True,
train_1127,1785080081,4,5,6,7,0.24489795918367346,True,False,random_sampling_for_joint_quotas
train_1128,2143427108,10,4,6,6,0.20408163265306123,False,False,outside_ego_distance_range
train_1129,1545887045,2,6,10,12,0.22448979591836735,True,False,random_sampling_for_joint_quotas
train_1130,1071314826,5,3,4,4,0.20408163265306123,True,True,
train_1131,282655941,7,3,5,5,0.16326530612244897,True,True,
train_1132,1170633320,4,8,6,6,0.30612244897959184,True,True,
train_1133,236805356,10,9,6,7,0.2653061224489796,False,False,outside_ego_distance_range
train_1134,1675590195,1,5,6,6,0.10204081632653061,True,False,random_sampling_for_joint_quotas
train_1135,775705029,2,7,7,6,0.22448979591836735,True,False,random_sampling_for_joint_quotas
train_1136,1358966553,6,6,9,9,0.22448979591836735,True,False,random_sampling_for_joint_quotas
train_1137,291504771,3,8,7,6,0.24489795918367346,True,True,
train_1138,1304321342,9,4,7,6,0.22448979591836735,False,False,outside_ego_distance_range
train_1139,621398204,10,4,6,6,0.20408163265306123,False,False,outside_ego_distance_range
train_1140,1923017236,1,6,7,6,0.2857142857142857,True,True,
train_1141,289732340,10,3,7,8,0.16326530612244897,False,False,outside_ego_distance_range
train_1142,1554416667,10,2,5,5,0.20408163265306123,False,False,outside_ego_distance_range
train_1143,575235022,7,1,4,4,0.3673469387755102,True,True,
train_1144,1948214559,10,3,9,10,0.24489795918367346,False,False,outside_ego_distance_range
train_1145,1355814694,2,5,7,8,0.20408163265306123,True,True,
train_1146,1038083965,5,6,6,7,0.24489795918367346,True,True,
train_1147,1592501066,3,4,8,9,0.30612244897959184,True,False,random_sampling_for_joint_quotas
train_1148,1006280348,9,5,5,5,0.3673469387755102,False,False,outside_ego_distance_range
train_1149,1891648078,8,5,7,6,0.22448979591836735,True,True,
train_1150,261147454,1,3,8,8,0.14285714285714285,True,True,
train_1151,1986447759,5,6,6,7,0.20408163265306123,True,True,
train_1152,1631494974,7,4,6,7,0.22448979591836735,True,True,
train_1153,304144456,12,8,7,7,0.20408163265306123,False,False,outside_ego_distance_range
train_1154,1350986613,8,4,7,7,0.12244897959183673,True,True,
train_1155,1133686977,1,9,5,5,0.30612244897959184,False,False,outside_ego_distance_range
train_1156,2083094914,6,2,4,4,0.32653061224489793,True,True,
train_1157,745421633,1,2,8,9,0.24489795918367346,True,False,random_sampling_for_joint_quotas
train_1158,1403881206,8,4,4,4,0.20408163265306123,True,True,
train_1159,1658423231,4,6,5,5,0.14285714285714285,True,True,
train_1160,993451178,6,5,9,10,0.24489795918367346,True,True,
train_1161,511381924,4,9,7,6,0.22448979591836735,False,False,outside_ego_distance_range
train_1162,1989809269,8,6,4,4,0.24489795918367346,True,True,
train_1163,265400271,4,5,6,7,0.24489795918367346,True,False,random_sampling_for_joint_quotas
train_1164,968677017,6,1,7,6,0.2857142857142857,True,False,random_sampling_for_joint_quotas
train_1165,9257702,5,6,7,6,0.22448979591836735,True,True,
train_1166,312873211,7,2,8,7,0.16326530612244897,True,True,
train_1167,2046155453,3,6,6,7,0.22448979591836735,True,False,random_sampling_for_joint_quotas
train_1168,1235240924,2,3,10,11,0.5714285714285714,True,True,
train_1169,1995828398,15,16,9,10,0.3469387755102041,False,False,outside_ego_distance_range
train_1170,559592920,7,8,9,10,0.30612244897959184,True,True,
train_1171,483966610,3,7,5,5,0.2653061224489796,True,True,
train_1172,1503544705,6,2,5,5,0.22448979591836735,True,True,
train_1173,585436785,4,4,10,10,0.2653061224489796,True,False,random_sampling_for_joint_quotas
train_1174,1484136712,7,7,7,7,0.1836734693877551,True,True,
train_1175,578852185,6,8,4,4,0.20408163265306123,True,True,
train_1176,988662179,1,3,6,6,0.14285714285714285,True,True,
train_1177,1764777402,3,5,6,6,0.2653061224489796,True,False,random_sampling_for_joint_quotas
train_1178,1028499012,5,4,8,7,0.32653061224489793,True,False,random_sampling_for_joint_quotas
train_1179,1562117439,8,4,5,5,0.22448979591836735,True,True,
train_1180,469039305,7,4,6,7,0.30612244897959184,True,True,
train_1181,1192146575,7,7,9,9,0.22448979591836735,True,True,
train_1182,454958718,2,2,8,8,0.40816326530612246,True,True,
train_1183,529598340,2,4,11,13,0.22448979591836735,True,True,
train_1184,1220790036,4,4,11,11,0.2857142857142857,True,True,
train_1185,1901717606,4,4,5,5,0.1836734693877551,True,False,random_sampling_for_joint_quotas
train_1186,140543569,5,6,10,9,0.2653061224489796,True,True,
train_1187,169666662,8,9,8,9,0.30612244897959184,False,False,outside_ego_distance_range
train_1188,56376271,5,6,8,9,0.08163265306122448,True,False,random_sampling_for_joint_quotas
train_1189,417551203,2,11,7,8,0.16326530612244897,False,False,outside_ego_distance_range
train_1190,512976278,6,3,7,6,0.1836734693877551,True,True,
train_1191,2023809906,8,2,6,6,0.14285714285714285,True,True,
train_1192,1888013875,4,4,7,7,0.16326530612244897,True,True,
train_1193,924748284,9,7,8,8,0.24489795918367346,False,False,outside_ego_distance_range
train_1194,530472650,6,2,6,6,0.20408163265306123,True,True,
train_1195,1736249674,1,6,8,7,0.12244897959183673,True,True,
train_1196,1872267245,3,5,6,6,0.20408163265306123,True,False,random_sampling_for_joint_quotas
train_1197,1755129519,8,4,4,4,0.5102040816326531,True,False,random_sampling_for_joint_quotas
train_1198,1420546445,6,1,10,11,0.24489795918367346,True,True,
train_1199,1172956648,3,6,8,7,0.2857142857142857,True,False,random_sampling_for_joint_quotas
train_1200,1160753276,14,16,11,13,0.5102040816326531,False,False,outside_ego_distance_range
train_1201,345219605,7,3,4,4,0.24489795918367346,True,False,random_sampling_for_joint_quotas
train_1202,868005890,3,6,8,7,0.3673469387755102,True,True,
train_1203,1372176103,13,1,9,9,0.2653061224489796,False,False,outside_ego_distance_range
train_1204,160282720,6,5,9,8,0.24489795918367346,True,True,
train_1205,348865342,4,7,8,7,0.3469387755102041,True,False,random_sampling_for_joint_quotas
train_1206,2106590391,9,7,5,5,0.3469387755102041,False,False,outside_ego_distance_range
train_1207,1828744960,1,9,5,5,0.20408163265306123,False,False,outside_ego_distance_range
train_1208,695140970,8,8,7,7,0.32653061224489793,True,True,
train_1209,2068647108,1,7,6,6,0.16326530612244897,True,False,random_sampling_for_joint_quotas
train_1210,2054039877,7,10,6,7,0.22448979591836735,False,False,outside_ego_distance_range
train_1211,1190997194,7,8,6,7,0.14285714285714285,True,True,
train_1212,312274403,1,4,6,7,0.16326530612244897,True,True,
train_1213,1707864895,1,5,4,4,0.30612244897959184,True,True,
train_1214,2126840363,5,2,9,8,0.40816326530612246,True,False,random_sampling_for_joint_quotas
train_1215,1274971829,1,9,5,5,0.20408163265306123,False,False,outside_ego_distance_range
train_1216,2093413442,4,6,6,6,0.20408163265306123,True,True,
train_1217,1532623384,2,9,7,6,0.32653061224489793,False,False,outside_ego_distance_range
train_1218,1010285313,6,5,6,7,0.24489795918367346,True,True,
train_1219,1311042081,2,6,4,4,0.22448979591836735,True,False,random_sampling_for_joint_quotas
train_1220,789946013,6,2,4,4,0.10204081632653061,True,True,
train_1221,1392888464,3,5,4,4,0.2857142857142857,True,True,
train_1222,1978989932,2,7,7,6,0.1836734693877551,True,False,random_sampling_for_joint_quotas
train_1223,1819931049,11,9,12,10,0.24489795918367346,False,False,outside_ego_distance_range
train_1224,429325344,1,4,7,6,0.3673469387755102,True,True,
train_1225,2104455037,5,7,12,10,0.24489795918367346,True,True,
train_1226,209379044,3,6,7,8,0.3877551020408163,True,True,
train_1227,242748611,2,6,9,9,0.30612244897959184,True,True,
train_1228,1410106472,3,6,6,7,0.14285714285714285,True,True,
train_1229,824162,9,12,6,7,0.20408163265306123,False,False,outside_ego_distance_range
train_1230,2131755865,2,6,7,7,0.20408163265306123,True,False,random_sampling_for_joint_quotas
train_1231,98112391,6,8,7,7,0.14285714285714285,True,True,
train_1232,1395543463,11,8,7,6,0.20408163265306123,False,False,outside_ego_distance_range
train_1233,1863531717,1,3,5,5,0.24489795918367346,True,True,
train_1234,1115008563,2,4,5,5,0.16326530612244897,True,False,random_sampling_for_joint_quotas
train_1235,67649601,6,8,4,4,0.22448979591836735,True,True,
train_1236,1095791201,2,9,8,9,0.2857142857142857,False,False,outside_ego_distance_range
train_1237,1570477909,6,7,6,7,0.46938775510204084,True,True,
train_1238,733179430,5,8,8,7,0.2857142857142857,True,True,
train_1239,722971528,2,6,5,5,0.5510204081632653,True,True,
train_1240,752108593,5,5,5,5,0.22448979591836735,True,False,random_sampling_for_joint_quotas
train_1241,573501888,6,7,9,10,0.46938775510204084,True,False,random_sampling_for_joint_quotas
train_1242,90457354,4,5,8,9,0.16326530612244897,True,True,
train_1243,11347560,3,3,6,6,0.08163265306122448,True,True,
train_1244,1612684476,7,5,6,6,0.20408163265306123,True,True,
train_1245,260305568,2,6,5,5,0.30612244897959184,True,True,
train_1246,128967109,7,5,4,4,0.32653061224489793,True,True,
train_1247,1790783528,5,2,9,8,0.3469387755102041,True,True,
train_1248,552397598,6,4,4,4,0.2857142857142857,True,False,random_sampling_for_joint_quotas
train_1249,1981925750,3,3,9,9,0.24489795918367346,True,True,
train_1250,787985268,9,6,8,9,0.24489795918367346,False,False,outside_ego_distance_range
train_1251,343586169,10,1,7,8,0.24489795918367346,False,False,outside_ego_distance_range
train_1252,109249104,3,6,7,6,0.2653061224489796,True,True,
train_1253,1824269701,2,6,4,4,0.16326530612244897,True,True,
train_1254,1524381604,1,6,9,8,0.24489795918367346,True,True,
train_1255,1788930985,2,5,8,7,0.16326530612244897,True,False,random_sampling_for_joint_quotas
train_1256,711277053,6,3,6,7,0.22448979591836735,True,False,random_sampling_for_joint_quotas
train_1257,1160205535,2,2,5,5,0.30612244897959184,True,False,random_sampling_for_joint_quotas
train_1258,2125649289,13,1,8,8,0.40816326530612246,False,False,outside_ego_distance_range
train_1259,361989202,2,9,7,6,0.22448979591836735,False,False,outside_ego_distance_range
train_1260,1077010348,9,8,8,7,0.30612244897959184,False,False,outside_ego_distance_range
train_1261,392096552,6,4,13,11,0.3469387755102041,True,False,random_sampling_for_joint_quotas
train_1262,885521210,3,6,7,6,0.3673469387755102,True,True,
train_1263,1453567740,2,3,11,12,0.42857142857142855,True,True,
train_1264,97751150,9,3,7,7,0.30612244897959184,False,False,outside_ego_distance_range
train_1265,1061476340,6,5,7,6,0.3469387755102041,True,True,
train_1266,1618309379,3,3,7,7,0.12244897959183673,True,True,
train_1267,1302226665,1,4,7,6,0.20408163265306123,True,False,random_sampling_for_joint_quotas
train_1268,1882896113,6,5,6,7,0.16326530612244897,True,True,
train_1269,1224607704,10,5,8,9,0.10204081632653061,False,False,outside_ego_distance_range
train_1270,1369102789,7,3,5,5,0.24489795918367346,True,True,
train_1271,1794779953,6,5,9,8,0.2653061224489796,True,True,
train_1272,696704756,9,13,5,5,0.24489795918367346,False,False,outside_ego_distance_range
train_1273,1459718957,13,11,14,12,0.24489795918367346,False,False,outside_ego_distance_range
train_1274,2128980018,9,5,6,6,0.3877551020408163,False,False,outside_ego_distance_range
train_1275,452415515,5,3,6,6,0.16326530612244897,True,True,
train_1276,1590575428,7,3,5,5,0.14285714285714285,True,True,
train_1277,1253187542,2,6,7,7,0.1836734693877551,True,False,random_sampling_for_joint_quotas
train_1278,1403586527,8,2,5,5,0.3877551020408163,True,True,
train_1279,1121436232,2,8,4,4,0.30612244897959184,True,True,
train_1280,1753467355,3,11,7,7,0.22448979591836735,False,False,outside_ego_distance_range
train_1281,44894813,2,7,7,6,0.2653061224489796,True,True,
train_1282,1882832680,4,2,5,5,0.24489795918367346,True,False,random_sampling_for_joint_quotas
train_1283,748617311,1,4,7,6,0.32653061224489793,True,True,
train_1284,1704025494,6,3,8,9,0.16326530612244897,True,True,
train_1285,2005045086,4,4,6,6,0.2653061224489796,True,True,
train_1286,1382836008,4,7,7,6,0.12244897959183673,True,False,random_sampling_for_joint_quotas
train_1287,962864921,2,3,9,8,0.46938775510204084,True,True,
train_1288,2135435716,6,4,6,6,0.20408163265306123,True,False,random_sampling_for_joint_quotas
train_1289,826692818,5,2,6,7,0.14285714285714285,True,True,
train_1290,769829450,1,5,5,5,0.24489795918367346,True,True,
train_1291,1223583626,2,4,4,4,0.16326530612244897,True,False,random_sampling_for_joint_quotas
train_1292,202910594,5,4,8,7,0.1836734693877551,True,False,random_sampling_for_joint_quotas
train_1293,1792464248,6,5,7,6,0.32653061224489793,True,False,random_sampling_for_joint_quotas
train_1294,1197501367,8,10,6,6,0.20408163265306123,False,False,outside_ego_distance_range
train_1295,996991376,1,5,5,5,0.22448979591836735,True,True,
train_1296,776862358,3,6,8,7,0.1836734693877551,True,True,
train_1297,765963529,1,4,7,8,0.14285714285714285,True,True,
train_1298,318188533,3,4,7,6,0.04081632653061224,True,False,random_sampling_for_joint_quotas
train_1299,260305859,2,6,4,4,0.3469387755102041,True,True,
train_1300,1948244134,4,2,5,5,0.08163265306122448,True,False,random_sampling_for_joint_quotas
train_1301,1439026736,9,3,6,6,0.1836734693877551,False,False,outside_ego_distance_range
train_1302,658081732,5,6,8,7,0.4489795918367347,True,True,
train_1303,1938784932,1,4,6,7,0.20408163265306123,True,False,random_sampling_for_joint_quotas
train_1304,1780922479,4,5,8,7,0.20408163265306123,True,True,
train_1305,568483358,13,13,5,5,0.1836734693877551,False,False,outside_ego_distance_range
train_1306,468584090,4,2,8,8,0.2653061224489796,True,True,
train_1307,773039762,6,1,7,6,0.20408163265306123,True,True,
train_1308,333713109,6,2,5,5,0.16326530612244897,True,False,random_sampling_for_joint_quotas
train_1309,344822803,8,2,4,4,0.22448979591836735,True,False,random_sampling_for_joint_quotas
train_1310,1064349988,7,1,9,9,0.24489795918367346,True,True,
train_1311,1907301408,3,4,6,7,0.24489795918367346,True,False,random_sampling_for_joint_quotas
train_1312,1007724916,1,2,7,6,0.4489795918367347,True,True,
train_1313,819572686,1,4,8,7,0.22448979591836735,True,True,
train_1314,709298611,1,3,8,8,0.22448979591836735,True,False,random_sampling_for_joint_quotas
train_1315,1819956926,3,4,7,8,0.22448979591836735,True,True,
train_1316,2137166175,4,3,11,10,0.20408163265306123,True,True,
train_1317,87458906,1,5,8,8,0.20408163265306123,True,False,random_sampling_for_joint_quotas
train_1318,1863032023,2,4,7,7,0.16326530612244897,True,False,random_sampling_for_joint_quotas
train_1319,51660434,1,5,6,6,0.24489795918367346,True,True,
train_1320,369889811,2,8,5,5,0.08163265306122448,True,True,
train_1321,1401058261,6,9,8,7,0.24489795918367346,False,False,outside_ego_distance_range
train_1322,1529269942,5,3,10,10,0.14285714285714285,True,True,
train_1323,832476401,4,5,7,8,0.2653061224489796,True,True,
train_1324,38675142,2,5,7,6,0.3469387755102041,True,True,
train_1325,1224485133,5,4,7,6,0.22448979591836735,True,False,random_sampling_for_joint_quotas
train_1326,1966460948,13,4,9,8,0.30612244897959184,False,False,outside_ego_distance_range
train_1327,1360031911,3,5,7,7,0.4897959183673469,True,True,
train_1328,642186471,1,5,11,11,0.32653061224489793,True,True,
train_1329,194084255,3,4,9,10,0.30612244897959184,True,False,random_sampling_for_joint_quotas
train_1330,1636310280,4,1,6,7,0.3673469387755102,True,False,random_sampling_for_joint_quotas
train_1331,2010859748,2,6,6,6,0.2653061224489796,True,True,
train_1332,1125871574,3,5,9,9,0.20408163265306123,True,True,
train_1333,73028789,5,4,9,8,0.1836734693877551,True,False,random_sampling_for_joint_quotas
train_1334,133940935,2,4,4,4,0.20408163265306123,True,False,random_sampling_for_joint_quotas
train_1335,1049225146,3,6,7,6,0.2857142857142857,True,False,random_sampling_for_joint_quotas
train_1336,1701555845,1,13,6,6,0.2857142857142857,False,False,outside_ego_distance_range
train_1337,1538065604,3,10,7,8,0.20408163265306123,False,False,outside_ego_distance_range
train_1338,698684352,1,4,8,7,0.30612244897959184,True,True,
train_1339,130407217,3,5,4,4,0.2857142857142857,True,False,random_sampling_for_joint_quotas
train_1340,279709790,8,6,14,12,0.3469387755102041,True,True,
train_1341,1895363569,7,5,4,4,0.2653061224489796,True,True,
train_1342,1512533513,2,6,10,10,0.2653061224489796,True,False,random_sampling_for_joint_quotas
train_1343,299247704,6,2,4,4,0.10204081632653061,True,False,random_sampling_for_joint_quotas
train_1344,1609419777,7,3,6,6,0.14285714285714285,True,True,
train_1345,9312645,8,3,8,7,0.2857142857142857,True,True,
train_1346,972084201,11,4,9,8,0.40816326530612246,False,False,outside_ego_distance_range
train_1347,1752238028,8,4,6,6,0.1836734693877551,True,True,
train_1348,187840496,1,5,9,9,0.32653061224489793,True,True,
train_1349,689591602,2,3,7,6,0.08163265306122448,True,True,
train_1350,327458170,1,6,7,6,0.5306122448979592,True,True,
train_1351,1757474216,3,6,8,9,0.2857142857142857,True,True,
train_1352,1553689495,1,4,10,9,0.12244897959183673,True,False,random_sampling_for_joint_quotas
train_1353,1861839177,1,7,7,7,0.42857142857142855,True,True,
train_1354,1259557745,3,7,4,4,0.3877551020408163,True,True,
train_1355,111288316,2,3,11,10,0.22448979591836735,True,True,
train_1356,156455631,5,8,8,7,0.16326530612244897,True,True,
train_1357,701071080,6,1,7,6,0.22448979591836735,True,False,random_sampling_for_joint_quotas
train_1358,1166355932,2,6,10,12,0.2857142857142857,True,True,
train_1359,502902935,1,7,4,4,0.42857142857142855,True,True,
train_1360,1999943344,3,3,5,5,0.5102040816326531,True,False,random_sampling_for_joint_quotas
train_1361,604471404,5,1,4,4,0.22448979591836735,True,True,
train_1362,1466694274,2,6,6,6,0.12244897959183673,True,True,
train_1363,563502254,8,5,7,6,0.10204081632653061,True,True,
train_1364,1062703593,6,7,9,10,0.22448979591836735,True,False,random_sampling_for_joint_quotas
train_1365,760441745,1,4,9,8,0.2857142857142857,True,False,random_sampling_for_joint_quotas
train_1366,145871297,3,1,4,4,0.24489795918367346,True,True,
train_1367,2090667400,3,4,7,8,0.40816326530612246,True,False,random_sampling_for_joint_quotas
train_1368,1272693489,5,12,9,8,0.30612244897959184,False,False,outside_ego_distance_range
train_1369,24780641,4,10,5,5,0.24489795918367346,False,False,outside_ego_distance_range
train_1370,1431615573,3,17,8,8,0.20408163265306123,False,False,outside_ego_distance_range
train_1371,884864210,1,5,13,11,0.12244897959183673,True,True,
train_1372,1132181773,7,8,6,7,0.2653061224489796,True,True,
train_1373,31248507,8,15,7,8,0.1836734693877551,False,False,outside_ego_distance_range
train_1374,254306497,4,5,7,6,0.3469387755102041,True,True,
train_1375,1126871568,3,7,4,4,0.30612244897959184,True,False,random_sampling_for_joint_quotas
train_1376,48446624,4,6,9,9,0.24489795918367346,True,True,
train_1377,1827106904,7,3,7,7,0.3673469387755102,True,True,
train_1378,1225914769,4,4,6,6,0.2857142857142857,True,False,random_sampling_for_joint_quotas
train_1379,902908032,6,6,8,8,0.20408163265306123,True,True,
train_1380,891991850,5,8,6,7,0.2857142857142857,True,True,
train_1381,1315244092,9,9,5,5,0.16326530612244897,False,False,outside_ego_distance_range
train_1382,425374772,9,3,5,5,0.24489795918367346,False,False,outside_ego_distance_range
train_1383,942993683,8,7,6,7,0.22448979591836735,True,True,
train_1384,641660156,6,7,7,8,0.20408163265306123,True,True,
train_1385,1190614807,9,1,5,5,0.10204081632653061,False,False,outside_ego_distance_range
train_1386,993657790,5,8,7,6,0.32653061224489793,True,True,
train_1387,213498427,8,5,9,10,0.2653061224489796,True,True,
train_1388,863288630,1,6,9,8,0.061224489795918366,True,True,
train_1389,1991544372,7,3,7,7,0.14285714285714285,True,True,
train_1390,1893528891,9,1,5,5,0.1836734693877551,False,False,outside_ego_distance_range
train_1391,988572250,9,5,8,8,0.14285714285714285,False,False,outside_ego_distance_range
train_1392,1922722558,4,8,10,10,0.1836734693877551,True,True,
train_1393,101739363,9,5,6,6,0.22448979591836735,False,False,outside_ego_distance_range
train_1394,1294912357,6,3,7,8,0.16326530612244897,True,True,
train_1395,1320839241,4,7,8,7,0.20408163265306123,True,True,
train_1396,992249751,7,3,5,5,0.1836734693877551,True,True,
train_1397,1784562158,8,5,8,7,0.30612244897959184,True,True,
train_1398,1511825138,5,3,6,6,0.22448979591836735,True,False,random_sampling_for_joint_quotas
train_1399,1059629598,5,11,6,6,0.1836734693877551,False,False,outside_ego_distance_range
train_1400,380923018,6,10,7,7,0.30612244897959184,False,False,outside_ego_distance_range
train_1401,1992046345,5,6,6,7,0.30612244897959184,True,True,
train_1402,836943756,8,9,6,7,0.2857142857142857,False,False,outside_ego_distance_range
train_1403,1158847458,7,2,9,8,0.16326530612244897,True,True,
train_1404,1091777206,5,8,6,7,0.24489795918367346,True,True,
train_1405,989242636,4,1,8,7,0.1836734693877551,True,True,
train_1406,1556124445,2,3,7,8,0.30612244897959184,True,True,
train_1407,646308738,8,4,6,6,0.12244897959183673,True,False,random_sampling_for_joint_quotas
train_1408,832571766,7,7,4,4,0.2653061224489796,True,True,
train_1409,1799320379,3,6,6,7,0.24489795918367346,True,True,
train_1410,995780600,1,7,4,4,0.08163265306122448,True,True,
train_1411,1429635428,1,8,9,10,0.30612244897959184,True,True,
train_1412,432231141,8,7,9,8,0.22448979591836735,True,True,
train_1413,915784765,1,7,4,4,0.4897959183673469,True,False,random_sampling_for_joint_quotas
train_1414,986658138,7,6,10,9,0.16326530612244897,True,True,
train_1415,109170851,5,10,6,7,0.2653061224489796,False,False,outside_ego_distance_range
train_1416,1467144078,1,4,9,8,0.24489795918367346,True,True,
train_1417,1139280131,3,4,7,8,0.22448979591836735,True,True,
train_1418,789839893,3,5,8,8,0.16326530612244897,True,False,random_sampling_for_joint_quotas
train_1419,749373530,5,6,7,6,0.16326530612244897,True,False,random_sampling_for_joint_quotas
train_1420,1111150532,3,2,7,8,0.1836734693877551,True,False,random_sampling_for_joint_quotas
train_1421,717698939,1,6,7,6,0.1836734693877551,True,True,
train_1422,1725215464,8,1,6,7,0.24489795918367346,True,True,
train_1423,537764536,9,9,5,5,0.2653061224489796,False,False,outside_ego_distance_range
train_1424,1544098774,2,3,8,7,0.22448979591836735,True,False,random_sampling_for_joint_quotas
train_1425,655275110,10,1,6,7,0.22448979591836735,False,False,outside_ego_distance_range
train_1426,1979727979,2,5,7,8,0.24489795918367346,True,False,random_sampling_for_joint_quotas
train_1427,1841607506,3,7,8,8,0.24489795918367346,True,True,
train_1428,2102667228,6,6,5,5,0.1836734693877551,True,True,
train_1429,1304281895,4,1,6,7,0.14285714285714285,True,True,
train_1430,992681653,6,8,4,4,0.10204081632653061,True,True,
train_1431,1525790751,2,8,5,5,0.20408163265306123,True,True,
train_1432,2079709750,7,8,8,9,0.40816326530612246,True,True,
train_1433,1699272931,7,9,7,7,0.22448979591836735,False,False,outside_ego_distance_range
train_1434,2028214308,2,3,7,6,0.14285714285714285,True,True,
train_1435,206568697,5,8,7,8,0.1836734693877551,True,True,
train_1436,12789964,2,9,7,8,0.2857142857142857,False,False,outside_ego_distance_range
train_1437,1522194170,6,7,8,9,0.1836734693877551,True,True,
train_1438,1499262315,6,9,7,8,0.20408163265306123,False,False,outside_ego_distance_range
train_1439,683881385,5,5,6,6,0.14285714285714285,True,True,
train_1440,1385764032,11,4,9,8,0.32653061224489793,False,False,outside_ego_distance_range
train_1441,1802880949,6,6,10,10,0.5306122448979592,True,False,random_sampling_for_joint_quotas
train_1442,1072074722,10,9,9,8,0.14285714285714285,False,False,outside_ego_distance_range
train_1443,378427749,11,4,9,10,0.20408163265306123,False,False,outside_ego_distance_range
train_1444,1742538231,8,6,4,4,0.14285714285714285,True,True,
train_1445,247167470,8,6,13,11,0.20408163265306123,True,True,
train_1446,1452183952,8,6,8,8,0.22448979591836735,True,True,
train_1447,106254486,6,4,6,6,0.46938775510204084,True,True,
train_1448,306920383,6,8,4,4,0.32653061224489793,True,True,
train_1449,1611512067,3,5,5,5,0.22448979591836735,True,False,random_sampling_for_joint_quotas
train_1450,1450322277,6,4,8,8,0.061224489795918366,True,False,random_sampling_for_joint_quotas
train_1451,136837852,2,8,5,5,0.1836734693877551,True,True,
train_1452,1371303522,7,4,6,7,0.5306122448979592,True,True,
train_1453,204033987,1,5,5,5,0.08163265306122448,True,True,
train_1454,834050108,1,7,6,6,0.3469387755102041,True,True,
train_1455,993159979,4,7,7,8,0.2857142857142857,True,True,
train_1456,1628620657,11,4,6,7,0.24489795918367346,False,False,outside_ego_distance_range
train_1457,1319925658,8,2,7,7,0.16326530612244897,True,True,
train_1458,1241469369,8,7,10,9,0.24489795918367346,True,True,
train_1459,1578625227,11,4,9,10,0.24489795918367346,False,False,outside_ego_distance_range
train_1460,1346226283,2,3,8,9,0.3673469387755102,True,False,random_sampling_for_joint_quotas
train_1461,1265744432,10,4,7,7,0.3673469387755102,False,False,outside_ego_distance_range
train_1462,1642967863,6,4,10,12,0.24489795918367346,True,True,
train_1463,1288839150,6,5,7,6,0.16326530612244897,True,True,
train_1464,682292219,1,7,12,14,0.42857142857142855,True,True,
train_1465,1044920119,7,1,5,5,0.30612244897959184,True,True,
train_1466,1417091043,10,10,5,5,0.24489795918367346,False,False,outside_ego_distance_range
train_1467,963234687,5,5,4,4,0.24489795918367346,True,False,random_sampling_for_joint_quotas
train_1468,193186579,2,8,5,5,0.2857142857142857,True,True,
train_1469,1400643891,2,8,6,6,0.10204081632653061,True,True,
train_1470,1262536925,3,6,7,6,0.30612244897959184,True,False,random_sampling_for_joint_quotas
train_1471,1981140980,8,4,4,4,0.14285714285714285,True,True,
train_1472,929458539,4,7,8,7,0.24489795918367346,True,True,
train_1473,293843722,2,4,8,8,0.08163265306122448,True,False,random_sampling_for_joint_quotas
train_1474,1927929299,2,9,6,7,0.2857142857142857,False,False,outside_ego_distance_range
train_1475,243945269,3,4,12,13,0.2653061224489796,True,False,random_sampling_for_joint_quotas
train_1476,290074465,4,8,8,8,0.08163265306122448,True,True,
train_1477,1435303575,5,5,5,5,0.20408163265306123,True,False,random_sampling_for_joint_quotas
train_1478,869772945,3,1,7,7,0.2857142857142857,True,True,
train_1479,544948797,7,1,4,4,0.24489795918367346,True,True,
train_1480,819477990,5,1,7,7,0.30612244897959184,True,False,random_sampling_for_joint_quotas
train_1481,8036137,5,2,8,9,0.16326530612244897,True,True,
train_1482,1692040768,3,3,6,6,0.1836734693877551,True,False,random_sampling_for_joint_quotas
train_1483,2047939653,7,3,6,6,0.2857142857142857,True,True,
train_1484,1173516421,2,4,6,6,0.2653061224489796,True,False,random_sampling_for_joint_quotas
train_1485,470443418,5,7,4,4,0.1836734693877551,True,False,random_sampling_for_joint_quotas
train_1486,1896337855,2,6,8,8,0.20408163265306123,True,False,random_sampling_for_joint_quotas
train_1487,490826066,6,7,7,8,0.20408163265306123,True,True,
train_1488,1641990589,1,11,6,6,0.14285714285714285,False,False,outside_ego_distance_range
train_1489,657816038,2,5,8,9,0.3877551020408163,True,False,random_sampling_for_joint_quotas
train_1490,756573697,5,4,7,6,0.20408163265306123,True,True,
train_1491,1994525814,4,1,10,9,0.4489795918367347,True,True,
train_1492,423911539,2,7,6,7,0.16326530612244897,True,True,
train_1493,617450969,5,6,7,6,0.2857142857142857,True,False,random_sampling_for_joint_quotas
train_1494,884766619,10,3,7,8,0.24489795918367346,False,False,outside_ego_distance_range
train_1495,1745535125,5,1,5,5,0.22448979591836735,True,True,
train_1496,1503897666,1,8,7,6,0.3673469387755102,True,True,
train_1497,1079418947,4,8,6,6,0.42857142857142855,True,True,
train_1498,1762264860,1,7,7,7,0.2857142857142857,True,True,
train_1499,1413773967,3,1,5,5,0.32653061224489793,True,True,
train_1500,1662331176,5,6,8,9,0.32653061224489793,True,False,random_sampling_for_joint_quotas
train_1501,714742041,3,4,11,10,0.32653061224489793,True,False,random_sampling_for_joint_quotas
train_1502,405453856,5,4,7,8,0.3673469387755102,True,True,
train_1503,135586031,7,4,8,7,0.14285714285714285,True,False,random_sampling_for_joint_quotas
train_1504,1611808120,5,2,10,9,0.14285714285714285,True,True,
train_1505,340283482,2,6,6,6,0.32653061224489793,True,True,
train_1506,2123433000,2,7,7,6,0.16326530612244897,True,True,
train_1507,1610701603,8,9,6,7,0.32653061224489793,False,False,outside_ego_distance_range
train_1508,1119578099,6,8,5,5,0.2653061224489796,True,True,
train_1509,1932575142,7,3,6,6,0.16326530612244897,True,True,
train_1510,1827265126,1,7,6,6,0.2857142857142857,True,False,random_sampling_for_joint_quotas
train_1511,1676520879,1,5,4,4,0.2857142857142857,True,True,
train_1512,1226121876,2,4,5,5,0.24489795918367346,True,True,
train_1513,1600990432,8,13,10,11,0.30612244897959184,False,False,outside_ego_distance_range
train_1514,563859675,7,1,6,6,0.4489795918367347,True,True,
train_1515,736071395,2,9,8,7,0.24489795918367346,False,False,outside_ego_distance_range
train_1516,1714126448,2,4,7,7,0.2653061224489796,True,False,random_sampling_for_joint_quotas
train_1517,476533066,5,8,8,9,0.20408163265306123,True,True,
train_1518,836983306,2,4,7,7,0.1836734693877551,True,True,
train_1519,1003355161,6,2,7,7,0.22448979591836735,True,False,random_sampling_for_joint_quotas
train_1520,1136262583,3,2,8,7,0.32653061224489793,True,True,
train_1521,55497007,5,6,7,6,0.1836734693877551,True,True,
train_1522,408048061,5,5,4,4,0.32653061224489793,True,True,
train_1523,2049336681,4,3,8,7,0.2653061224489796,True,True,
train_1524,1888042159,6,1,10,9,0.3469387755102041,True,False,random_sampling_for_joint_quotas
train_1525,1955778310,2,7,8,9,0.20408163265306123,True,True,
train_1526,1498392179,9,2,6,7,0.2653061224489796,False,False,outside_ego_distance_range
train_1527,28790870,9,3,6,6,0.14285714285714285,False,False,outside_ego_distance_range
train_1528,813418012,8,7,10,9,0.30612244897959184,True,True,
train_1529,1367494156,9,1,6,6,0.32653061224489793,False,False,outside_ego_distance_range
train_1530,1959073704,5,4,7,8,0.22448979591836735,True,True,
train_1531,200922218,7,1,4,4,0.24489795918367346,True,True,
train_1532,1909733419,7,5,4,4,0.12244897959183673,True,True,
train_1533,250356384,4,9,9,8,0.2653061224489796,False,False,outside_ego_distance_range
train_1534,1243847516,4,6,4,4,0.24489795918367346,True,True,
train_1535,907328908,8,7,13,12,0.40816326530612246,True,True,
train_1536,1530931336,2,12,5,5,0.2857142857142857,False,False,outside_ego_distance_range
train_1537,563569605,4,1,8,9,0.14285714285714285,True,False,random_sampling_for_joint_quotas
train_1538,1000946270,10,5,6,7,0.2857142857142857,False,False,outside_ego_distance_range
train_1539,1606686179,3,9,6,6,0.3673469387755102,False,False,outside_ego_distance_range
train_1540,1319642289,3,11,12,12,0.32653061224489793,False,False,outside_ego_distance_range
train_1541,1828135831,4,4,8,8,0.16326530612244897,True,False,random_sampling_for_joint_quotas
train_1542,303140898,3,4,6,7,0.30612244897959184,True,False,random_sampling_for_joint_quotas
train_1543,2112772863,15,7,6,6,0.12244897959183673,False,False,outside_ego_distance_range
train_1544,1995010445,5,1,7,7,0.22448979591836735,True,True,
train_1545,1293280103,5,8,9,10,0.30612244897959184,True,True,
train_1546,1224619854,3,5,6,6,0.12244897959183673,True,False,random_sampling_for_joint_quotas
train_1547,1543215118,8,7,7,8,0.22448979591836735,True,False,random_sampling_for_joint_quotas
train_1548,556917617,2,3,9,8,0.2653061224489796,True,False,random_sampling_for_joint_quotas
train_1549,1528337403,12,10,5,5,0.20408163265306123,False,False,outside_ego_distance_range
train_1550,1782847773,10,2,5,5,0.3877551020408163,False,False,outside_ego_distance_range
train_1551,1992648202,7,7,9,9,0.10204081632653061,True,True,
train_1552,2046483719,10,4,6,6,0.30612244897959184,False,False,outside_ego_distance_range
train_1553,1973444519,4,2,6,6,0.12244897959183673,True,True,
train_1554,934044989,2,5,8,9,0.14285714285714285,True,True,
train_1555,2127747268,3,1,5,5,0.20408163265306123,True,False,random_sampling_for_joint_quotas
train_1556,49481764,4,2,8,8,0.3469387755102041,True,True,
train_1557,838171190,1,9,5,5,0.3673469387755102,False,False,outside_ego_distance_range
train_1558,1301697761,3,5,7,7,0.14285714285714285,True,True,
train_1559,1508233334,3,4,8,9,0.16326530612244897,True,False,random_sampling_for_joint_quotas
train_1560,2105204623,6,13,9,10,0.30612244897959184,False,False,outside_ego_distance_range
train_1561,1317118852,2,1,7,6,0.16326530612244897,True,True,
train_1562,1135581267,4,1,7,8,0.2857142857142857,True,True,
train_1563,1393451410,5,2,11,12,0.3877551020408163,True,False,random_sampling_for_joint_quotas
train_1564,1894752982,8,4,4,4,0.16326530612244897,True,True,
train_1565,34011630,6,2,7,7,0.10204081632653061,True,False,random_sampling_for_joint_quotas
train_1566,1850905115,4,7,8,7,0.24489795918367346,True,True,
train_1567,915316980,8,4,4,4,0.32653061224489793,True,True,
train_1568,1718373153,2,3,8,7,0.08163265306122448,True,False,random_sampling_for_joint_quotas
train_1569,560919252,11,12,8,9,0.40816326530612246,False,False,outside_ego_distance_range
train_1570,2119921967,2,6,10,10,0.14285714285714285,True,True,
train_1571,2107164679,3,6,9,10,0.30612244897959184,True,True,
train_1572,495330506,6,2,7,7,0.14285714285714285,True,False,random_sampling_for_joint_quotas
train_1573,993575479,5,6,8,7,0.3673469387755102,True,True,
train_1574,2052835376,6,1,7,6,0.32653061224489793,True,True,
train_1575,490758975,4,7,8,7,0.3673469387755102,True,False,random_sampling_for_joint_quotas
train_1576,1302019198,4,10,6,6,0.14285714285714285,False,False,outside_ego_distance_range
train_1577,962181960,8,1,7,8,0.40816326530612246,True,True,
train_1578,1002663292,2,9,7,8,0.3673469387755102,False,False,outside_ego_distance_range
train_1579,1109568139,8,2,4,4,0.24489795918367346,True,True,
train_1580,262653735,3,1,6,6,0.1836734693877551,True,True,
train_1581,1782512203,7,2,7,6,0.20408163265306123,True,True,
train_1582,1750658879,4,9,7,8,0.3469387755102041,False,False,outside_ego_distance_range
train_1583,2005961460,11,7,7,7,0.22448979591836735,False,False,outside_ego_distance_range
train_1584,993352533,1,5,4,4,0.22448979591836735,True,True,
train_1585,1844299882,1,5,4,4,0.20408163265306123,True,True,
train_1586,1224071375,6,10,7,7,0.1836734693877551,False,False,outside_ego_distance_range
train_1587,1116510798,3,3,9,9,0.40816326530612246,True,True,
train_1588,1220541135,5,4,8,7,0.12244897959183673,True,False,random_sampling_for_joint_quotas
train_1589,2054714927,3,2,7,6,0.46938775510204084,True,True,
train_1590,146434746,2,3,8,7,0.14285714285714285,True,True,
train_1591,1095095513,6,3,7,8,0.12244897959183673,True,False,random_sampling_for_joint_quotas
train_1592,208241365,6,3,8,9,0.42857142857142855,True,True,
train_1593,1941518020,3,2,7,8,0.20408163265306123,True,True,
train_1594,1641400179,5,2,10,9,0.30612244897959184,True,False,random_sampling_for_joint_quotas
train_1595,145742278,4,3,7,8,0.24489795918367346,True,True,
train_1596,177314931,6,6,4,4,0.22448979591836735,True,False,random_sampling_for_joint_quotas
train_1597,1642461287,5,3,5,5,0.1836734693877551,True,True,
train_1598,1545379548,7,3,4,4,0.2857142857142857,True,True,
train_1599,1243163376,3,7,11,11,0.30612244897959184,True,False,random_sampling_for_joint_quotas
train_1600,1821705448,2,6,4,4,0.1836734693877551,True,True,
train_1601,312786457,8,4,4,4,0.5102040816326531,True,True,
train_1602,1496858666,4,10,9,9,0.2857142857142857,False,False,outside_ego_distance_range
train_1603,399619555,7,5,5,5,0.22448979591836735,True,True,
train_1604,125391032,6,7,7,8,0.2653061224489796,True,True,
train_1605,95670874,7,8,8,7,0.24489795918367346,True,True,
train_1606,1934619362,3,6,9,8,0.2857142857142857,True,False,random_sampling_for_joint_quotas
train_1607,645733427,10,9,6,7,0.20408163265306123,False,False,outside_ego_distance_range
train_1608,146208616,5,3,4,4,0.22448979591836735,True,False,random_sampling_for_joint_quotas
train_1609,733740439,9,3,9,9,0.12244897959183673,False,False,outside_ego_distance_range
train_1610,2885640,3,6,6,7,0.24489795918367346,True,False,random_sampling_for_joint_quotas
train_1611,167604970,8,2,5,5,0.3877551020408163,True,True,
train_1612,1149489753,8,4,5,5,0.22448979591836735,True,True,
train_1613,494539336,7,6,11,10,0.2653061224489796,True,True,
train_1614,288605676,1,5,6,6,0.3877551020408163,True,True,
train_1615,1641121999,3,6,7,8,0.2857142857142857,True,True,
train_1616,1309125409,3,5,9,9,0.32653061224489793,True,True,
train_1617,1490766523,4,2,8,8,0.20408163265306123,True,True,
train_1618,1968643122,5,9,6,6,0.14285714285714285,False,False,outside_ego_distance_range
train_1619,1686361813,8,1,8,7,0.24489795918367346,True,False,random_sampling_for_joint_quotas
train_1620,1389215780,3,3,7,7,0.22448979591836735,True,True,
train_1621,224844011,3,5,10,10,0.12244897959183673,True,True,
train_1622,1986225115,1,4,10,11,0.30612244897959184,True,True,
train_1623,1070426268,1,9,5,5,0.1836734693877551,False,False,outside_ego_distance_range
train_1624,1468015386,8,8,6,6,0.3469387755102041,True,True,
train_1625,1713669421,6,7,8,9,0.32653061224489793,True,True,
train_1626,1216353319,4,5,7,8,0.1836734693877551,True,False,random_sampling_for_joint_quotas
train_1627,1742490487,6,4,7,7,0.2857142857142857,True,True,
train_1628,815134324,11,2,6,7,0.32653061224489793,False,False,outside_ego_distance_range
train_1629,457991041,8,8,5,5,0.16326530612244897,True,True,
train_1630,899068148,8,6,4,4,0.3877551020408163,True,True,
train_1631,1352288250,10,11,9,10,0.14285714285714285,False,False,outside_ego_distance_range
train_1632,1462740816,12,12,14,14,0.32653061224489793,False,False,outside_ego_distance_range
train_1633,1248665159,3,3,4,4,0.16326530612244897,True,False,random_sampling_for_joint_quotas
train_1634,323906856,2,1,7,6,0.20408163265306123,True,False,random_sampling_for_joint_quotas
train_1635,694868849,2,4,6,6,0.3469387755102041,True,False,random_sampling_for_joint_quotas
train_1636,212508617,6,3,7,6,0.20408163265306123,True,False,random_sampling_for_joint_quotas
train_1637,311555521,6,7,10,11,0.22448979591836735,True,True,
train_1638,2127963927,11,1,6,6,0.42857142857142855,False,False,outside_ego_distance_range
train_1639,822335097,2,3,8,9,0.16326530612244897,True,False,random_sampling_for_joint_quotas
train_1640,1980418573,10,1,7,8,0.24489795918367346,False,False,outside_ego_distance_range
train_1641,234936166,5,6,10,11,0.24489795918367346,True,True,
train_1642,1640165264,9,6,7,8,0.22448979591836735,False,False,outside_ego_distance_range
train_1643,964764884,2,8,9,9,0.16326530612244897,True,True,
train_1644,155203476,1,7,5,5,0.16326530612244897,True,False,random_sampling_for_joint_quotas
train_1645,738295650,8,5,12,11,0.2857142857142857,True,True,
train_1646,1550895696,5,4,6,7,0.3673469387755102,True,False,random_sampling_for_joint_quotas
train_1647,632794314,5,4,10,9,0.32653061224489793,True,False,random_sampling_for_joint_quotas
train_1648,2015602120,11,10,6,7,0.1836734693877551,False,False,outside_ego_distance_range
train_1649,1282621381,6,4,5,5,0.24489795918367346,True,True,
train_1650,927106231,1,2,7,6,0.40816326530612246,True,True,
train_1651,544974560,3,7,7,7,0.14285714285714285,True,False,random_sampling_for_joint_quotas
train_1652,1971358597,5,7,4,4,0.20408163265306123,True,True,
train_1653,1125891681,2,7,9,10,0.2857142857142857,True,False,random_sampling_for_joint_quotas
train_1654,1956322555,6,7,8,9,0.12244897959183673,True,False,random_sampling_for_joint_quotas
train_1655,385445539,1,4,7,6,0.20408163265306123,True,True,
train_1656,145797241,4,6,9,9,0.32653061224489793,True,True,
train_1657,40240057,10,3,8,7,0.22448979591836735,False,False,outside_ego_distance_range
train_1658,1832109680,6,6,4,4,0.1836734693877551,True,True,
train_1659,179151232,3,16,7,6,0.2653061224489796,False,False,outside_ego_distance_range
train_1660,1799782820,8,6,5,5,0.16326530612244897,True,True,
train_1661,141122870,3,3,5,5,0.12244897959183673,True,False,random_sampling_for_joint_quotas
train_1662,852543295,6,3,9,10,0.22448979591836735,True,True,
train_1663,1446704254,8,5,7,6,0.1836734693877551,True,True,
train_1664,844503209,4,7,8,7,0.2653061224489796,True,True,
train_1665,155980828,3,5,10,12,0.2857142857142857,True,True,
train_1666,1171104607,6,3,10,9,0.3673469387755102,True,False,random_sampling_for_joint_quotas
train_1667,641569737,1,6,6,7,0.24489795918367346,True,False,random_sampling_for_joint_quotas
train_1668,277258590,4,4,10,12,0.32653061224489793,True,False,random_sampling_for_joint_quotas
train_1669,430116231,9,4,6,7,0.2653061224489796,False,False,outside_ego_distance_range
train_1670,2053875681,1,4,8,7,0.24489795918367346,True,True,
train_1671,1816958278,8,5,8,7,0.2653061224489796,True,True,
train_1672,781737828,3,6,8,9,0.30612244897959184,True,False,random_sampling_for_joint_quotas
train_1673,1803015607,7,4,8,7,0.24489795918367346,True,True,
train_1674,653444732,7,9,7,7,0.22448979591836735,False,False,outside_ego_distance_range
train_1675,6473026,4,11,8,9,0.22448979591836735,False,False,outside_ego_distance_range
train_1676,1429333205,5,5,7,7,0.40816326530612246,True,True,
train_1677,2100290432,8,4,5,5,0.2653061224489796,True,False,random_sampling_for_joint_quotas
train_1678,1562402235,10,10,7,7,0.40816326530612246,False,False,outside_ego_distance_range
train_1679,638516063,2,4,6,6,0.1836734693877551,True,True,
train_1680,174727314,1,6,7,6,0.3673469387755102,True,False,random_sampling_for_joint_quotas
train_1681,620636336,9,19,6,6,0.32653061224489793,False,False,outside_ego_distance_range
train_1682,2056394857,3,6,7,6,0.32653061224489793,True,True,
train_1683,837259179,8,2,8,8,0.1836734693877551,True,True,
train_1684,27922921,3,2,6,7,0.46938775510204084,True,True,
train_1685,1072942460,6,2,4,4,0.30612244897959184,True,True,
train_1686,1078320929,8,8,5,5,0.4489795918367347,True,True,
train_1687,807558433,3,2,6,7,0.24489795918367346,True,False,random_sampling_for_joint_quotas
train_1688,408425459,5,1,7,7,0.24489795918367346,True,True,
train_1689,641423452,8,1,8,7,0.30612244897959184,True,True,
train_1690,1614240910,3,1,4,4,0.16326530612244897,True,True,
train_1691,2121423002,9,3,12,10,0.42857142857142855,False,False,outside_ego_distance_range
train_1692,1569323356,3,6,9,8,0.30612244897959184,True,True,
train_1693,410604298,9,8,11,10,0.2653061224489796,False,False,outside_ego_distance_range
train_1694,426788744,5,7,9,9,0.14285714285714285,True,False,random_sampling_for_joint_quotas
train_1695,815569134,3,13,8,8,0.3469387755102041,False,False,outside_ego_distance_range
train_1696,116646703,10,6,6,6,0.14285714285714285,False,False,outside_ego_distance_range
train_1697,2082927871,10,7,7,6,0.14285714285714285,False,False,outside_ego_distance_range
train_1698,354787208,4,1,9,8,0.2653061224489796,True,True,
train_1699,1100574924,8,2,4,4,0.32653061224489793,True,True,
train_1700,1624562734,3,1,15,15,0.20408163265306123,True,True,
train_1701,1710015689,3,6,8,7,0.24489795918367346,True,True,
train_1702,900208546,5,2,6,7,0.22448979591836735,True,False,random_sampling_for_joint_quotas
train_1703,500923914,4,7,6,7,0.1836734693877551,True,True,
train_1704,1872553261,9,10,10,11,0.1836734693877551,False,False,outside_ego_distance_range
train_1705,289080243,5,4,8,7,0.16326530612244897,True,False,random_sampling_for_joint_quotas
train_1706,1056899793,12,7,7,6,0.2857142857142857,False,False,outside_ego_distance_range
train_1707,90909280,2,4,12,10,0.22448979591836735,True,False,random_sampling_for_joint_quotas
train_1708,848556963,10,6,5,5,0.24489795918367346,False,False,outside_ego_distance_range
train_1709,1198836136,7,2,6,7,0.12244897959183673,True,True,
train_1710,1966356036,5,11,6,6,0.3469387755102041,False,False,outside_ego_distance_range
train_1711,1746802526,2,12,7,7,0.2857142857142857,False,False,outside_ego_distance_range
train_1712,384339511,6,3,10,11,0.24489795918367346,True,True,
train_1713,126974173,9,8,8,7,0.42857142857142855,False,False,outside_ego_distance_range
train_1714,1303613486,9,6,8,7,0.24489795918367346,False,False,outside_ego_distance_range
train_1715,886390055,3,4,6,7,0.22448979591836735,True,True,
train_1716,75596961,2,5,7,6,0.2653061224489796,True,False,random_sampling_for_joint_quotas
train_1717,699404495,1,6,6,7,0.08163265306122448,True,True,
train_1718,68791874,5,2,7,6,0.12244897959183673,True,True,
train_1719,279924755,9,6,6,7,0.1836734693877551,False,False,outside_ego_distance_range
train_1720,1906789032,7,6,10,9,0.40816326530612246,True,True,
train_1721,1401326057,1,9,8,8,0.2857142857142857,False,False,outside_ego_distance_range
train_1722,148876871,6,7,8,7,0.14285714285714285,True,True,
train_1723,366505740,4,8,6,6,0.24489795918367346,True,True,
train_1724,226413285,9,4,7,8,0.08163265306122448,False,False,outside_ego_distance_range
train_1725,1777575530,2,3,7,8,0.3877551020408163,True,False,random_sampling_for_joint_quotas
train_1726,1720626742,8,6,4,4,0.22448979591836735,True,True,
train_1727,122196319,9,3,10,12,0.4489795918367347,False,False,outside_ego_distance_range
train_1728,648891822,1,5,9,9,0.32653061224489793,True,False,random_sampling_for_joint_quotas
train_1729,1060828533,8,5,8,7,0.2653061224489796,True,False,random_sampling_for_joint_quotas
train_1730,1827939574,6,3,9,10,0.30612244897959184,True,True,
train_1731,1992111537,3,1,6,6,0.16326530612244897,True,False,random_sampling_for_joint_quotas
train_1732,17357171,2,5,9,8,0.30612244897959184,True,True,
train_1733,1846358072,4,10,6,6,0.30612244897959184,False,False,outside_ego_distance_range
train_1734,536748692,6,6,11,11,0.2857142857142857,True,True,
train_1735,241087870,7,3,4,4,0.20408163265306123,True,True,
train_1736,1163681308,9,9,6,6,0.16326530612244897,False,False,outside_ego_distance_range
train_1737,594900840,7,3,9,9,0.32653061224489793,True,True,
train_1738,1981211559,12,1,8,7,0.3673469387755102,False,False,outside_ego_distance_range
train_1739,130945324,6,5,7,6,0.1836734693877551,True,False,random_sampling_for_joint_quotas
train_1740,2050528964,3,5,4,4,0.24489795918367346,True,False,random_sampling_for_joint_quotas
train_1741,1331823470,8,4,8,8,0.3673469387755102,True,True,
train_1742,1826422537,3,6,8,9,0.2653061224489796,True,False,random_sampling_for_joint_quotas
train_1743,1140451510,3,8,6,7,0.40816326530612246,True,True,
train_1744,206601500,6,3,9,10,0.3877551020408163,True,True,
train_1745,1133998634,17,2,8,9,0.22448979591836735,False,False,outside_ego_distance_range
train_1746,576909040,8,6,7,7,0.1836734693877551,True,True,
train_1747,681421950,3,1,6,6,0.20408163265306123,True,True,
train_1748,231222760,1,4,8,7,0.4897959183673469,True,True,
train_1749,1198648636,4,6,7,7,0.1836734693877551,True,True,
train_1750,1904379145,1,4,6,7,0.24489795918367346,True,True,
train_1751,2035047565,7,12,9,8,0.08163265306122448,False,False,outside_ego_distance_range
train_1752,928690278,3,7,5,5,0.20408163265306123,True,True,
train_1753,195244359,9,1,6,6,0.14285714285714285,False,False,outside_ego_distance_range
train_1754,1670538515,3,4,6,7,0.16326530612244897,True,True,
train_1755,58297170,14,2,7,7,0.2857142857142857,False,False,outside_ego_distance_range
train_1756,538294307,10,4,8,8,0.1836734693877551,False,False,outside_ego_distance_range
train_1757,1148781332,3,8,11,10,0.24489795918367346,True,True,
train_1758,1532069972,4,1,6,7,0.16326530612244897,True,False,random_sampling_for_joint_quotas
train_1759,1881035005,5,8,7,6,0.30612244897959184,True,True,
train_1760,475859260,10,10,5,5,0.30612244897959184,False,False,outside_ego_distance_range
train_1761,456422196,4,6,7,7,0.32653061224489793,True,True,
train_1762,1808527719,2,6,9,9,0.3673469387755102,True,True,
train_1763,75003687,5,6,7,8,0.16326530612244897,True,False,random_sampling_for_joint_quotas
train_1764,1905183946,4,7,11,10,0.4489795918367347,True,True,
train_1765,273096522,6,1,7,8,0.2653061224489796,True,True,
train_1766,51800678,1,7,6,6,0.1836734693877551,True,True,
train_1767,1139721236,3,7,6,6,0.12244897959183673,True,False,random_sampling_for_joint_quotas
train_1768,2010589062,4,2,5,5,0.2653061224489796,True,True,
train_1769,1212341735,3,5,6,6,0.061224489795918366,True,True,
train_1770,652922721,5,4,8,7,0.14285714285714285,True,True,
train_1771,215354500,8,4,4,4,0.20408163265306123,True,True,
train_1772,823163160,8,2,4,4,0.5102040816326531,True,True,
train_1773,1925225466,6,6,4,4,0.12244897959183673,True,False,random_sampling_for_joint_quotas
train_1774,311516251,3,3,5,5,0.2857142857142857,True,False,random_sampling_for_joint_quotas
train_1775,636987278,11,3,7,7,0.32653061224489793,False,False,outside_ego_distance_range
train_1776,1461263134,12,4,6,6,0.2653061224489796,False,False,outside_ego_distance_range
train_1777,1820252157,4,3,7,6,0.22448979591836735,True,False,random_sampling_for_joint_quotas
train_1778,1325863388,7,1,5,5,0.22448979591836735,True,True,
train_1779,857683926,3,9,5,5,0.2653061224489796,False,False,outside_ego_distance_range
train_1780,1020711374,1,7,5,5,0.14285714285714285,True,True,
train_1781,1498867453,1,2,8,9,0.16326530612244897,True,True,
train_1782,1795428217,2,4,10,12,0.3877551020408163,True,False,random_sampling_for_joint_quotas
train_1783,142693131,4,1,8,7,0.2857142857142857,True,True,
train_1784,2129606753,3,4,10,9,0.24489795918367346,True,True,
train_1785,643573994,7,6,7,6,0.3469387755102041,True,True,
train_1786,787555450,2,1,8,9,0.42857142857142855,True,True,
train_1787,722691908,3,4,7,6,0.1836734693877551,True,False,random_sampling_for_joint_quotas
train_1788,2108651603,1,3,4,4,0.32653061224489793,True,False,random_sampling_for_joint_quotas
train_1789,1759672274,4,5,8,7,0.3469387755102041,True,True,
train_1790,281664480,3,4,8,9,0.16326530612244897,True,False,random_sampling_for_joint_quotas
train_1791,747895772,6,5,9,8,0.30612244897959184,True,True,
train_1792,784221343,4,3,9,8,0.2857142857142857,True,False,random_sampling_for_joint_quotas
train_1793,1805874972,12,11,6,7,0.2857142857142857,False,False,outside_ego_distance_range
train_1794,1239785607,6,2,4,4,0.10204081632653061,True,True,
train_1795,118561770,4,1,8,7,0.22448979591836735,True,True,
train_1796,125903946,6,2,5,5,0.22448979591836735,True,True,
train_1797,2101806818,3,4,8,9,0.20408163265306123,True,True,
train_1798,371027037,5,2,7,6,0.20408163265306123,True,False,random_sampling_for_joint_quotas
train_1799,1641452969,2,3,6,7,0.3877551020408163,True,True,
train_1800,1423192880,4,1,7,8,0.3673469387755102,True,True,
train_1801,988103914,3,6,6,7,0.32653061224489793,True,False,random_sampling_for_joint_quotas
train_1802,703477587,1,6,6,7,0.2653061224489796,True,True,
train_1803,1283470907,8,2,4,4,0.3469387755102041,True,True,
train_1804,489555905,3,11,11,11,0.24489795918367346,False,False,outside_ego_distance_range
train_1805,893730104,1,3,9,9,0.20408163265306123,True,True,
train_1806,1006949373,6,6,7,7,0.2857142857142857,True,True,
train_1807,880916880,5,6,8,7,0.1836734693877551,True,False,random_sampling_for_joint_quotas
train_1808,600620825,4,8,7,7,0.40816326530612246,True,True,
train_1809,320292329,9,8,7,6,0.3673469387755102,False,False,outside_ego_distance_range
train_1810,1337238170,4,7,7,8,0.3469387755102041,True,True,
train_1811,223520039,3,3,10,10,0.22448979591836735,True,False,random_sampling_for_joint_quotas
train_1812,1915677682,1,7,4,4,0.22448979591836735,True,True,
train_1813,1695238008,9,8,7,8,0.16326530612244897,False,False,outside_ego_distance_range
train_1814,345439286,3,8,7,8,0.08163265306122448,True,True,
train_1815,1037569413,2,3,8,9,0.22448979591836735,True,False,random_sampling_for_joint_quotas
train_1816,1986339133,2,12,6,6,0.3673469387755102,False,False,outside_ego_distance_range
train_1817,189063464,1,7,6,6,0.5102040816326531,True,True,
train_1818,299903716,2,5,6,7,0.20408163265306123,True,False,random_sampling_for_joint_quotas
train_1819,564379968,3,9,6,6,0.24489795918367346,False,False,outside_ego_distance_range
train_1820,2110006274,4,5,7,8,0.24489795918367346,True,False,random_sampling_for_joint_quotas
train_1821,1327903359,6,3,6,7,0.3877551020408163,True,True,
train_1822,900630846,14,4,6,6,0.24489795918367346,False,False,outside_ego_distance_range
train_1823,1014770594,1,5,9,9,0.3469387755102041,True,False,random_sampling_for_joint_quotas
train_1824,1453196320,7,1,7,7,0.2857142857142857,True,True,
train_1825,853653207,6,4,5,5,0.20408163265306123,True,False,random_sampling_for_joint_quotas
train_1826,955198492,3,6,6,7,0.16326530612244897,True,False,random_sampling_for_joint_quotas
train_1827,2116324162,1,10,8,9,0.2857142857142857,False,False,outside_ego_distance_range
train_1828,51252162,5,8,9,8,0.2653061224489796,True,True,
train_1829,1413485181,9,9,6,6,0.30612244897959184,False,False,outside_ego_distance_range
train_1830,1456730543,4,3,8,9,0.20408163265306123,True,False,random_sampling_for_joint_quotas
train_1831,798741441,2,6,4,4,0.32653061224489793,True,False,random_sampling_for_joint_quotas
train_1832,1035007608,6,2,4,4,0.22448979591836735,True,True,
train_1833,500566055,4,2,5,5,0.2653061224489796,True,False,random_sampling_for_joint_quotas
train_1834,2068707040,1,3,5,5,0.10204081632653061,True,True,
train_1835,2000764076,5,1,7,7,0.30612244897959184,True,False,random_sampling_for_joint_quotas
train_1836,1577148291,5,6,9,10,0.20408163265306123,True,True,
train_1837,1795922915,5,5,12,12,0.2857142857142857,True,False,random_sampling_for_joint_quotas
train_1838,1150830026,4,8,5,5,0.04081632653061224,True,True,
train_1839,739257722,4,1,6,7,0.3469387755102041,True,True,
train_1840,268627746,2,7,6,7,0.3673469387755102,True,True,
train_1841,1879805328,7,5,6,6,0.3673469387755102,True,True,
train_1842,1953860197,3,14,8,9,0.20408163265306123,False,False,outside_ego_distance_range
train_1843,315691729,7,2,10,9,0.2857142857142857,True,True,
train_1844,61208506,7,7,4,4,0.12244897959183673,True,True,
train_1845,1431052854,4,5,7,8,0.3469387755102041,True,True,
train_1846,379235787,5,5,5,5,0.14285714285714285,True,False,random_sampling_for_joint_quotas
train_1847,704520611,2,11,8,7,0.14285714285714285,False,False,outside_ego_distance_range
train_1848,1435873908,2,7,7,8,0.04081632653061224,True,True,
train_1849,1663010594,2,3,9,8,0.24489795918367346,True,True,
train_1850,1384567171,2,1,10,9,0.32653061224489793,True,False,random_sampling_for_joint_quotas
train_1851,1211206834,5,3,4,4,0.22448979591836735,True,True,
train_1852,1369127617,3,4,7,6,0.14285714285714285,True,False,random_sampling_for_joint_quotas
train_1853,423238918,6,6,4,4,0.2653061224489796,True,True,
train_1854,957703491,7,1,5,5,0.16326530612244897,True,True,
train_1855,1544406620,4,10,8,8,0.30612244897959184,False,False,outside_ego_distance_range
train_1856,1329849767,4,1,8,9,0.16326530612244897,True,False,random_sampling_for_joint_quotas
train_1857,284418070,4,5,7,6,0.12244897959183673,True,False,random_sampling_for_joint_quotas
train_1858,1533123144,7,8,8,9,0.16326530612244897,True,True,
train_1859,702171117,8,7,11,10,0.32653061224489793,True,True,
train_1860,1897393961,8,3,6,7,0.10204081632653061,True,True,
train_1861,1123892314,2,6,4,4,0.3877551020408163,True,False,random_sampling_for_joint_quotas
train_1862,1850337409,5,7,5,5,0.1836734693877551,True,True,
train_1863,1691774803,3,5,6,6,0.40816326530612246,True,True,
train_1864,327154211,2,8,4,4,0.40816326530612246,True,True,
train_1865,443397439,7,8,7,6,0.24489795918367346,True,True,
train_1866,1490454200,10,10,7,7,0.2857142857142857,False,False,outside_ego_distance_range
train_1867,117627852,2,3,7,6,0.16326530612244897,True,False,random_sampling_for_joint_quotas
train_1868,555626932,10,6,6,6,0.1836734693877551,False,False,outside_ego_distance_range
train_1869,94987360,3,8,7,8,0.3877551020408163,True,True,
train_1870,872477558,8,2,4,4,0.2857142857142857,True,True,
train_1871,1526764755,8,11,7,8,0.16326530612244897,False,False,outside_ego_distance_range
train_1872,1655647591,3,5,7,7,0.1836734693877551,True,True,
train_1873,1594890049,4,3,8,7,0.30612244897959184,True,True,
train_1874,1121506881,1,10,6,7,0.30612244897959184,False,False,outside_ego_distance_range
train_1875,1254912783,6,5,8,9,0.20408163265306123,True,False,random_sampling_for_joint_quotas
train_1876,1549676876,4,1,9,8,0.20408163265306123,True,True,
train_1877,749430002,2,4,4,4,0.5306122448979592,True,False,random_sampling_for_joint_quotas
train_1878,763812360,5,4,6,7,0.10204081632653061,True,True,
train_1879,1964032865,6,1,7,8,0.16326530612244897,True,True,
train_1880,1804008460,5,1,5,5,0.30612244897959184,True,False,random_sampling_for_joint_quotas
train_1881,1791012770,8,1,6,7,0.16326530612244897,True,True,
train_1882,1245837540,3,2,7,8,0.1836734693877551,True,True,
train_1883,866101413,6,4,5,5,0.1836734693877551,True,False,random_sampling_for_joint_quotas
train_1884,497479065,2,7,8,7,0.12244897959183673,True,True,
train_1885,189450815,3,12,7,6,0.2653061224489796,False,False,outside_ego_distance_range
train_1886,2031867729,3,2,8,7,0.5306122448979592,True,False,random_sampling_for_joint_quotas
train_1887,1186398541,5,1,5,5,0.24489795918367346,True,True,
train_1888,340460806,5,5,4,4,0.22448979591836735,True,True,
train_1889,1416064841,5,5,4,4,0.2653061224489796,True,False,random_sampling_for_joint_quotas
train_1890,644961378,8,5,6,7,0.20408163265306123,True,True,
train_1891,1299399593,1,7,5,5,0.42857142857142855,True,True,
train_1892,980907027,5,3,8,8,0.3469387755102041,True,False,random_sampling_for_joint_quotas
train_1893,1816537514,3,3,9,9,0.20408163265306123,True,False,random_sampling_for_joint_quotas
train_1894,539841444,6,6,8,8,0.42857142857142855,True,True,
train_1895,601567111,5,10,8,7,0.1836734693877551,False,False,outside_ego_distance_range
train_1896,752770514,7,3,7,7,0.2653061224489796,True,True,
train_1897,2122044795,3,2,11,10,0.22448979591836735,True,True,
train_1898,934043874,9,3,5,5,0.30612244897959184,False,False,outside_ego_distance_range
train_1899,1355636932,14,5,10,9,0.24489795918367346,False,False,outside_ego_distance_range
train_1900,1201375627,6,5,9,8,0.24489795918367346,True,True,
train_1901,1057916811,1,5,4,4,0.3877551020408163,True,True,
train_1902,145223765,4,6,5,5,0.3469387755102041,True,False,random_sampling_for_joint_quotas
train_1903,1043309403,5,4,8,7,0.32653061224489793,True,False,random_sampling_for_joint_quotas
train_1904,1810485591,3,4,7,8,0.32653061224489793,True,False,random_sampling_for_joint_quotas
train_1905,282176130,1,6,6,7,0.32653061224489793,True,True,
train_1906,1003257341,9,3,5,5,0.24489795918367346,False,False,outside_ego_distance_range
train_1907,1371740968,6,7,9,10,0.16326530612244897,True,True,
train_1908,541279066,1,4,7,8,0.16326530612244897,True,False,random_sampling_for_joint_quotas
train_1909,1599608385,3,7,5,5,0.22448979591836735,True,False,random_sampling_for_joint_quotas
train_1910,311217827,5,1,5,5,0.32653061224489793,True,True,
train_1911,1672635118,1,7,5,5,0.16326530612244897,True,True,
train_1912,626569336,10,8,7,7,0.3877551020408163,False,False,outside_ego_distance_range
train_1913,1181223721,2,6,5,5,0.30612244897959184,True,True,
train_1914,456123964,5,2,10,9,0.32653061224489793,True,False,random_sampling_for_joint_quotas
train_1915,1536350112,5,3,4,4,0.46938775510204084,True,False,random_sampling_for_joint_quotas
train_1916,145559491,1,5,4,4,0.12244897959183673,True,True,
train_1917,658238848,1,7,4,4,0.22448979591836735,True,True,
train_1918,212017857,2,10,6,6,0.3673469387755102,False,False,outside_ego_distance_range
train_1919,406883799,6,9,7,8,0.16326530612244897,False,False,outside_ego_distance_range
train_1920,505320009,3,7,4,4,0.2857142857142857,True,True,
train_1921,1267818791,7,7,9,9,0.30612244897959184,True,True,
train_1922,835154317,7,9,11,13,0.16326530612244897,False,False,outside_ego_distance_range
train_1923,1276220117,5,2,11,12,0.2857142857142857,True,True,
train_1924,1408292712,6,8,7,7,0.1836734693877551,True,True,
train_1925,669387900,8,8,8,8,0.2653061224489796,True,True,
train_1926,603697418,3,8,6,7,0.20408163265306123,True,True,
train_1927,83899995,5,2,6,7,0.2653061224489796,True,True,
train_1928,468990837,3,4,8,9,0.32653061224489793,True,True,
train_1929,2116349043,3,5,9,9,0.24489795918367346,True,False,random_sampling_for_joint_quotas
train_1930,901798027,5,2,11,12,0.20408163265306123,True,True,
train_1931,775856871,8,7,7,6,0.24489795918367346,True,True,
train_1932,2119662450,9,8,7,8,0.20408163265306123,False,False,outside_ego_distance_range
train_1933,660621488,5,3,7,7,0.2857142857142857,True,True,
train_1934,1817704199,5,2,8,7,0.42857142857142855,True,True,
train_1935,1314278591,8,3,7,6,0.3469387755102041,True,False,random_sampling_for_joint_quotas
train_1936,660320197,4,7,6,7,0.10204081632653061,True,True,
train_1937,1860592189,4,4,8,8,0.3877551020408163,True,True,
train_1938,379185843,2,1,7,6,0.3877551020408163,True,True,
train_1939,1141331083,3,1,7,7,0.22448979591836735,True,True,
train_1940,1089707479,5,4,8,7,0.14285714285714285,True,True,
train_1941,1185171068,8,2,4,4,0.14285714285714285,True,True,
train_1942,2134731318,10,9,14,13,0.3673469387755102,False,False,outside_ego_distance_range
train_1943,1003918890,3,11,5,5,0.22448979591836735,False,False,outside_ego_distance_range
train_1944,9944339,4,1,8,9,0.32653061224489793,True,True,
train_1945,1748293889,8,4,4,4,0.12244897959183673,True,True,
train_1946,208263021,5,9,5,5,0.16326530612244897,False,False,outside_ego_distance_range
train_1947,184387335,3,3,6,6,0.16326530612244897,True,True,
train_1948,1412801368,5,3,4,4,0.40816326530612246,True,False,random_sampling_for_joint_quotas
train_1949,1298893695,9,4,7,6,0.12244897959183673,False,False,outside_ego_distance_range
train_1950,377408534,8,2,5,5,0.24489795918367346,True,True,
train_1951,180122696,5,5,4,4,0.22448979591836735,True,False,random_sampling_for_joint_quotas
train_1952,1221866209,8,2,5,5,0.32653061224489793,True,True,
train_1953,1228846959,5,8,8,7,0.30612244897959184,True,True,
train_1954,1524631742,7,3,4,4,0.24489795918367346,True,True,
train_1955,77362782,13,8,7,6,0.2857142857142857,False,False,outside_ego_distance_range
train_1956,646100213,4,5,7,8,0.12244897959183673,True,False,random_sampling_for_joint_quotas
train_1957,935461668,9,11,10,12,0.14285714285714285,False,False,outside_ego_distance_range
train_1958,1433566128,3,7,7,7,0.14285714285714285,True,False,random_sampling_for_joint_quotas
train_1959,827719958,6,2,5,5,0.1836734693877551,True,True,
train_1960,1105209896,7,7,5,5,0.16326530612244897,True,True,
train_1961,2023112907,5,7,4,4,0.24489795918367346,True,False,random_sampling_for_joint_quotas
train_1962,2140766065,7,5,4,4,0.24489795918367346,True,False,random_sampling_for_joint_quotas
train_1963,25074253,7,6,7,8,0.30612244897959184,True,False,random_sampling_for_joint_quotas
train_1964,1134025040,5,8,9,8,0.12244897959183673,True,True,
train_1965,267541023,1,3,5,5,0.20408163265306123,True,True,
train_1966,790345572,10,2,8,8,0.2653061224489796,False,False,outside_ego_distance_range
train_1967,399912478,2,5,10,9,0.2653061224489796,True,True,
train_1968,2044843515,5,5,4,4,0.24489795918367346,True,True,
train_1969,1539235374,3,9,8,8,0.30612244897959184,False,False,outside_ego_distance_range
train_1970,1563066745,6,3,7,6,0.20408163265306123,True,True,
train_1971,984187970,4,5,10,11,0.24489795918367346,True,False,random_sampling_for_joint_quotas
train_1972,1576394102,1,6,7,6,0.16326530612244897,True,True,
train_1973,2010634613,4,3,10,9,0.4897959183673469,True,True,
train_1974,382520426,6,1,6,7,0.30612244897959184,True,True,
train_1975,1804437543,1,6,7,6,0.2857142857142857,True,True,
train_1976,875019831,3,10,7,6,0.10204081632653061,False,False,outside_ego_distance_range
train_1977,1685539939,7,1,5,5,0.10204081632653061,True,True,
train_1978,174162858,5,4,6,7,0.1836734693877551,True,True,
train_1979,670626856,4,10,6,6,0.3877551020408163,False,False,outside_ego_distance_range
train_1980,2002007805,12,5,8,9,0.20408163265306123,False,False,outside_ego_distance_range
train_1981,1363527018,8,9,7,6,0.20408163265306123,False,False,outside_ego_distance_range
train_1982,2031780976,8,8,4,4,0.24489795918367346,True,True,
train_1983,35743268,3,2,8,7,0.16326530612244897,True,True,
train_1984,572994567,14,7,7,6,0.1836734693877551,False,False,outside_ego_distance_range
train_1985,1249388367,11,7,11,11,0.32653061224489793,False,False,outside_ego_distance_range
train_1986,1638884826,5,6,9,8,0.1836734693877551,True,True,
train_1987,1130945790,1,2,7,8,0.1836734693877551,True,True,
train_1988,1603182259,3,5,4,4,0.46938775510204084,True,True,
train_1989,368108573,6,3,8,7,0.20408163265306123,True,False,random_sampling_for_joint_quotas
train_1990,1274575449,2,7,7,6,0.14285714285714285,True,True,
train_1991,314210373,4,4,5,5,0.1836734693877551,True,False,random_sampling_for_joint_quotas
train_1992,1065521397,5,3,4,4,0.10204081632653061,True,False,random_sampling_for_joint_quotas
train_1993,1144415588,5,1,6,6,0.22448979591836735,True,False,random_sampling_for_joint_quotas
train_1994,139708801,3,13,5,5,0.3877551020408163,False,False,outside_ego_distance_range
train_1995,869593771,13,10,8,9,0.2653061224489796,False,False,outside_ego_distance_range
train_1996,402308424,7,7,8,8,0.3877551020408163,True,True,
train_1997,272257299,7,2,7,6,0.3673469387755102,True,True,
train_1998,1424923257,8,4,6,6,0.32653061224489793,True,True,
train_1999,1779039717,8,5,9,8,0.22448979591836735,True,True,
