====================================================================
  Capability experiment  (job=17648848)
====================================================================
  rounds_per_episode      : 20
  hide_partner_until_time : 0
  augment_symmetries      : false
  train / val / test      : 1600 / 200 / 200
  n_sweeps                : 256
  schedule_seed           : 2026
  TOTAL_TIMESTEPS         : 60000000
  NUM_ENVS / NUM_STEPS    : 256 / 256
  SAVE_PARAMS             : /juice6/u/jshe/emergent_partner_grid/dev/train_logs/capability_ms64_sp02_seed1_20260928_175534.safetensors
  GPU visible:
GPU 0: NVIDIA A100-SXM4-80GB (UUID: GPU-a4bcb943-36e6-0e77-581f-2f83e113365e)

[main] compiling and running 1 seed(s)...
[sweep schedule sanity check]
                        n_sweeps: 256
                           n_cap: 30
                       n_layouts: 1600
              rounds_per_episode: 20
              pairings_per_sweep: 48000
              episodes_per_sweep: 2400
      episodes_per_cap_per_sweep: 80
                     n_eps_total: 614400
                            seed: 2026
    ✓ per sweep: 48000 total pairings (30 cap × 1600 layouts), each cap×layout exactly once
    ✓ per sweep: 80 partner episodes per cap, 2400 total
[u    1] env=    65536 rsucc=0.322 n_rounds= 1124 ret=+0.000 len= 0.0 ent(t0,t>=1)=(0.693,1.609) aL=-0.0000 vL=0.0667 t0=[red=0.49 blue=0.51]
[u    2] env=   131072 rsucc=0.310 n_rounds= 1173 ret=+0.000 len= 0.0 ent(t0,t>=1)=(0.693,1.609) aL=-0.0000 vL=0.0497 t0=[red=0.49 blue=0.51]
[u    3] env=   196608 rsucc=0.288 n_rounds= 1189 ret=+0.000 len= 0.0 ent(t0,t>=1)=(0.693,1.609) aL=-0.0001 vL=0.0404 t0=[red=0.50 blue=0.50]
[u    4] env=   262144 rsucc=0.292 n_rounds= 1173 ret=-10.372 len=971.0 ent(t0,t>=1)=(0.693,1.608) aL=-0.0001 vL=0.0344 t0=[red=0.52 blue=0.48]
[u    5] env=   327680 rsucc=0.273 n_rounds= 1175 ret=-17.577 len=1136.6 ent(t0,t>=1)=(0.693,1.607) aL=-0.0001 vL=0.0321 t0=[red=0.52 blue=0.48]
[u    6] env=   393216 rsucc=0.304 n_rounds= 1191 ret=+0.000 len= 0.0 ent(t0,t>=1)=(0.693,1.603) aL=-0.0004 vL=0.0292 t0=[red=0.53 blue=0.47]
[u    7] env=   458752 rsucc=0.312 n_rounds= 1200 ret=+0.000 len= 0.0 ent(t0,t>=1)=(0.691,1.594) aL=-0.0003 vL=0.0274 t0=[red=0.50 blue=0.50]
[u    8] env=   524288 rsucc=0.302 n_rounds= 1197 ret=-11.664 len=994.4 ent(t0,t>=1)=(0.693,1.586) aL=-0.0002 vL=0.0286 t0=[red=0.51 blue=0.49]
[u    9] env=   589824 rsucc=0.287 n_rounds= 1189 ret=-15.505 len=1090.3 ent(t0,t>=1)=(0.692,1.567) aL=-0.0003 vL=0.0321 t0=[red=0.48 blue=0.52]
[u   10] env=   655360 rsucc=0.290 n_rounds= 1181 ret=-19.042 len=1172.5 ent(t0,t>=1)=(0.692,1.560) aL=-0.0004 vL=0.0256 t0=[red=0.51 blue=0.49]
[u   11] env=   720896 rsucc=0.288 n_rounds= 1193 ret=+0.000 len= 0.0 ent(t0,t>=1)=(0.673,1.554) aL=-0.0002 vL=0.0231 t0=[red=0.55 blue=0.45]
[u   12] env=   786432 rsucc=0.292 n_rounds= 1197 ret=-13.177 len=1032.0 ent(t0,t>=1)=(0.626,1.541) aL=-0.0006 vL=0.0259 t0=[red=0.64 blue=0.36]
[u   13] env=   851968 rsucc=0.273 n_rounds= 1172 ret=-14.852 len=1074.5 ent(t0,t>=1)=(0.572,1.520) aL=-0.0000 vL=0.0327 t0=[red=0.70 blue=0.30]
[u   14] env=   917504 rsucc=0.308 n_rounds= 1203 ret=-18.269 len=1149.6 ent(t0,t>=1)=(0.580,1.525) aL=-0.0001 vL=0.0337 t0=[red=0.73 blue=0.27]
[u   15] env=   983040 rsucc=0.298 n_rounds= 1183 ret=-20.470 len=1202.0 ent(t0,t>=1)=(0.586,1.540) aL=-0.0003 vL=0.0238 t0=[red=0.72 blue=0.28]
[u   16] env=  1048576 rsucc=0.308 n_rounds= 1204 ret=-11.533 len=994.9 ent(t0,t>=1)=(0.587,1.533) aL=-0.0010 vL=0.0254 t0=[red=0.73 blue=0.27]
[u   17] env=  1114112 rsucc=0.316 n_rounds= 1220 ret=-14.237 len=1055.6 ent(t0,t>=1)=(0.560,1.518) aL=-0.0008 vL=0.0346 t0=[red=0.74 blue=0.26]
[u   18] env=  1179648 rsucc=0.316 n_rounds= 1216 ret=-16.235 len=1108.8 ent(t0,t>=1)=(0.543,1.498) aL=-0.0004 vL=0.0381 t0=[red=0.73 blue=0.27]
[u   19] env=  1245184 rsucc=0.345 n_rounds= 1222 ret=-19.080 len=1179.2 ent(t0,t>=1)=(0.590,1.493) aL=-0.0009 vL=0.0290 t0=[red=0.79 blue=0.21]
[u   20] env=  1310720 rsucc=0.332 n_rounds= 1217 ret=-11.583 len=1002.8 ent(t0,t>=1)=(0.628,1.499) aL=-0.0013 vL=0.0264 t0=[red=0.70 blue=0.30]
[u   21] env=  1376256 rsucc=0.356 n_rounds= 1236 ret=-13.063 len=1037.7 ent(t0,t>=1)=(0.631,1.494) aL=-0.0018 vL=0.0335 t0=[red=0.64 blue=0.36]
[u   22] env=  1441792 rsucc=0.397 n_rounds= 1264 ret=-14.611 len=1074.3 ent(t0,t>=1)=(0.609,1.470) aL=-0.0027 vL=0.0462 t0=[red=0.71 blue=0.29]
[u   23] env=  1507328 rsucc=0.442 n_rounds= 1299 ret=-14.584 len=1081.7 ent(t0,t>=1)=(0.584,1.447) aL=-0.0044 vL=0.0394 t0=[red=0.69 blue=0.31]
[u   24] env=  1572864 rsucc=0.482 n_rounds= 1330 ret=-7.071 len=901.8 ent(t0,t>=1)=(0.531,1.435) aL=-0.0032 vL=0.0406 t0=[red=0.72 blue=0.28]
[u   25] env=  1638400 rsucc=0.490 n_rounds= 1353 ret=-9.697 len=968.4 ent(t0,t>=1)=(0.525,1.407) aL=-0.0021 vL=0.0489 t0=[red=0.76 blue=0.24]
[u   26] env=  1703936 rsucc=0.518 n_rounds= 1370 ret=-10.632 len=1003.9 ent(t0,t>=1)=(0.500,1.381) aL=-0.0016 vL=0.0530 t0=[red=0.78 blue=0.22]
[u   27] env=  1769472 rsucc=0.549 n_rounds= 1378 ret=-12.119 len=1045.3 ent(t0,t>=1)=(0.527,1.373) aL=-0.0029 vL=0.0440 t0=[red=0.77 blue=0.23]
[u   28] env=  1835008 rsucc=0.567 n_rounds= 1421 ret=-6.391 len=901.0 ent(t0,t>=1)=(0.556,1.348) aL=-0.0039 vL=0.0461 t0=[red=0.76 blue=0.24]
[u   29] env=  1900544 rsucc=0.617 n_rounds= 1490 ret=-6.381 len=909.2 ent(t0,t>=1)=(0.554,1.348) aL=-0.0040 vL=0.0581 t0=[red=0.72 blue=0.28]
[u   30] env=  1966080 rsucc=0.664 n_rounds= 1572 ret=-7.485 len=941.3 ent(t0,t>=1)=(0.497,1.322) aL=-0.0053 vL=0.0624 t0=[red=0.79 blue=0.21]
[u   31] env=  2031616 rsucc=0.695 n_rounds= 1650 ret=-4.552 len=867.0 ent(t0,t>=1)=(0.445,1.299) aL=-0.0043 vL=0.0630 t0=[red=0.82 blue=0.18]
[u   32] env=  2097152 rsucc=0.729 n_rounds= 1718 ret=-0.606 len=768.8 ent(t0,t>=1)=(0.408,1.271) aL=-0.0043 vL=0.0700 t0=[red=0.83 blue=0.17]
[u   33] env=  2162688 rsucc=0.762 n_rounds= 1824 ret=-2.002 len=803.6 ent(t0,t>=1)=(0.375,1.234) aL=-0.0045 vL=0.0769 t0=[red=0.85 blue=0.15]
[u   34] env=  2228224 rsucc=0.778 n_rounds= 1926 ret=-0.089 len=749.7 ent(t0,t>=1)=(0.307,1.208) aL=-0.0041 vL=0.0854 t0=[red=0.88 blue=0.12]
[u   35] env=  2293760 rsucc=0.788 n_rounds= 1952 ret=+2.496 len=675.8 ent(t0,t>=1)=(0.284,1.173) aL=-0.0021 vL=0.0875 t0=[red=0.91 blue=0.09]
[u   36] env=  2359296 rsucc=0.806 n_rounds= 2022 ret=+2.485 len=676.9 ent(t0,t>=1)=(0.239,1.158) aL=-0.0034 vL=0.0902 t0=[red=0.93 blue=0.07]
[u   37] env=  2424832 rsucc=0.795 n_rounds= 2007 ret=+3.761 len=633.3 ent(t0,t>=1)=(0.214,1.132) aL=-0.0038 vL=0.0901 t0=[red=0.92 blue=0.08]
[u   38] env=  2490368 rsucc=0.803 n_rounds= 2021 ret=+2.635 len=677.3 ent(t0,t>=1)=(0.189,1.114) aL=-0.0016 vL=0.0952 t0=[red=0.94 blue=0.06]
[u   39] env=  2555904 rsucc=0.806 n_rounds= 2063 ret=+3.613 len=637.3 ent(t0,t>=1)=(0.171,1.108) aL=-0.0034 vL=0.0924 t0=[red=0.95 blue=0.05]
[u   40] env=  2621440 rsucc=0.809 n_rounds= 2153 ret=+3.442 len=638.9 ent(t0,t>=1)=(0.128,1.095) aL=-0.0023 vL=0.1030 t0=[red=0.96 blue=0.04]
[u   41] env=  2686976 rsucc=0.821 n_rounds= 2119 ret=+4.408 len=613.9 ent(t0,t>=1)=(0.110,1.109) aL=-0.0012 vL=0.0987 t0=[red=0.97 blue=0.03]
[u   42] env=  2752512 rsucc=0.836 n_rounds= 2227 ret=+4.759 len=602.0 ent(t0,t>=1)=(0.085,1.102) aL=-0.0033 vL=0.1032 t0=[red=0.98 blue=0.02]
[u   43] env=  2818048 rsucc=0.818 n_rounds= 2114 ret=+5.202 len=593.1 ent(t0,t>=1)=(0.079,1.096) aL=-0.0010 vL=0.1008 t0=[red=0.99 blue=0.01]
[u   44] env=  2883584 rsucc=0.819 n_rounds= 2138 ret=+4.382 len=615.5 ent(t0,t>=1)=(0.073,1.101) aL=-0.0046 vL=0.0983 t0=[red=0.98 blue=0.02]
[u   45] env=  2949120 rsucc=0.824 n_rounds= 2179 ret=+4.717 len=609.0 ent(t0,t>=1)=(0.056,1.072) aL=-0.0016 vL=0.0981 t0=[red=0.99 blue=0.01]
[u   46] env=  3014656 rsucc=0.813 n_rounds= 2114 ret=+4.186 len=620.9 ent(t0,t>=1)=(0.047,1.080) aL=-0.0011 vL=0.0948 t0=[red=0.99 blue=0.01]
[u   47] env=  3080192 rsucc=0.819 n_rounds= 2169 ret=+4.721 len=594.9 ent(t0,t>=1)=(0.043,1.083) aL=-0.0000 vL=0.0999 t0=[red=0.99 blue=0.01]
[u   48] env=  3145728 rsucc=0.816 n_rounds= 2154 ret=+4.614 len=605.9 ent(t0,t>=1)=(0.049,1.076) aL=-0.0037 vL=0.0954 t0=[red=1.00 blue=0.00]
[u   49] env=  3211264 rsucc=0.812 n_rounds= 2085 ret=+4.235 len=616.5 ent(t0,t>=1)=(0.046,1.070) aL=-0.0041 vL=0.0854 t0=[red=0.99 blue=0.01]
[u   50] env=  3276800 rsucc=0.821 n_rounds= 2164 ret=+3.975 len=628.3 ent(t0,t>=1)=(0.039,1.068) aL=-0.0031 vL=0.0949 t0=[red=0.99 blue=0.01]
[u   51] env=  3342336 rsucc=0.821 n_rounds= 2133 ret=+4.046 len=625.6 ent(t0,t>=1)=(0.031,1.074) aL=-0.0043 vL=0.0848 t0=[red=0.99 blue=0.01]
[u   52] env=  3407872 rsucc=0.828 n_rounds= 2208 ret=+4.369 len=614.0 ent(t0,t>=1)=(0.023,1.049) aL=-0.0036 vL=0.0953 t0=[red=1.00 blue=0.00]
[u   53] env=  3473408 rsucc=0.821 n_rounds= 2183 ret=+5.163 len=593.7 ent(t0,t>=1)=(0.021,1.048) aL=-0.0028 vL=0.0897 t0=[red=1.00 blue=0.00]
[u   54] env=  3538944 rsucc=0.829 n_rounds= 2270 ret=+4.813 len=592.9 ent(t0,t>=1)=(0.017,1.052) aL=-0.0028 vL=0.0958 t0=[red=1.00 blue=0.00]
[u   55] env=  3604480 rsucc=0.828 n_rounds= 2217 ret=+5.524 len=579.1 ent(t0,t>=1)=(0.017,1.042) aL=-0.0037 vL=0.0911 t0=[red=1.00 blue=0.00]
[u   56] env=  3670016 rsucc=0.847 n_rounds= 2301 ret=+6.142 len=557.6 ent(t0,t>=1)=(0.014,1.038) aL=-0.0027 vL=0.0988 t0=[red=1.00 blue=0.00]
[u   57] env=  3735552 rsucc=0.844 n_rounds= 2274 ret=+4.649 len=610.5 ent(t0,t>=1)=(0.011,1.041) aL=-0.0035 vL=0.0962 t0=[red=1.00 blue=0.00]
[u   58] env=  3801088 rsucc=0.862 n_rounds= 2385 ret=+6.408 len=545.2 ent(t0,t>=1)=(0.010,1.050) aL=-0.0044 vL=0.0991 t0=[red=1.00 blue=0.00]
[u   59] env=  3866624 rsucc=0.839 n_rounds= 2289 ret=+6.396 len=553.7 ent(t0,t>=1)=(0.009,1.048) aL=-0.0049 vL=0.1015 t0=[red=1.00 blue=0.00]
[u   60] env=  3932160 rsucc=0.850 n_rounds= 2366 ret=+5.568 len=580.0 ent(t0,t>=1)=(0.009,1.052) aL=-0.0050 vL=0.1060 t0=[red=1.00 blue=0.00]
[u   61] env=  3997696 rsucc=0.854 n_rounds= 2276 ret=+5.899 len=568.6 ent(t0,t>=1)=(0.008,1.071) aL=-0.0044 vL=0.0996 t0=[red=1.00 blue=0.00]
[u   62] env=  4063232 rsucc=0.844 n_rounds= 2343 ret=+5.900 len=571.6 ent(t0,t>=1)=(0.007,1.055) aL=-0.0048 vL=0.1032 t0=[red=1.00 blue=0.00]
[u   63] env=  4128768 rsucc=0.861 n_rounds= 2417 ret=+6.766 len=535.2 ent(t0,t>=1)=(0.007,1.045) aL=-0.0032 vL=0.1094 t0=[red=1.00 blue=0.00]
[u   64] env=  4194304 rsucc=0.870 n_rounds= 2401 ret=+6.205 len=560.0 ent(t0,t>=1)=(0.006,1.055) aL=-0.0037 vL=0.0971 t0=[red=1.00 blue=0.00]
[u   65] env=  4259840 rsucc=0.866 n_rounds= 2411 ret=+6.168 len=565.5 ent(t0,t>=1)=(0.007,1.049) aL=-0.0044 vL=0.1003 t0=[red=1.00 blue=0.00]
[u   66] env=  4325376 rsucc=0.856 n_rounds= 2449 ret=+7.157 len=530.2 ent(t0,t>=1)=(0.006,1.053) aL=+0.0002 vL=0.1068 t0=[red=1.00 blue=0.00]
[u   67] env=  4390912 rsucc=0.858 n_rounds= 2429 ret=+6.895 len=535.6 ent(t0,t>=1)=(0.006,1.052) aL=-0.0035 vL=0.1063 t0=[red=1.00 blue=0.00]
[u   68] env=  4456448 rsucc=0.872 n_rounds= 2438 ret=+7.608 len=517.2 ent(t0,t>=1)=(0.005,1.042) aL=-0.0035 vL=0.1054 t0=[red=1.00 blue=0.00]
[u   69] env=  4521984 rsucc=0.861 n_rounds= 2438 ret=+6.735 len=538.3 ent(t0,t>=1)=(0.007,1.033) aL=-0.0040 vL=0.1075 t0=[red=1.00 blue=0.00]
[u   70] env=  4587520 rsucc=0.875 n_rounds= 2408 ret=+6.214 len=560.6 ent(t0,t>=1)=(0.006,1.036) aL=-0.0039 vL=0.1079 t0=[red=1.00 blue=0.00]
[u   71] env=  4653056 rsucc=0.873 n_rounds= 2505 ret=+7.938 len=505.6 ent(t0,t>=1)=(0.005,1.033) aL=-0.0044 vL=0.1118 t0=[red=1.00 blue=0.00]
[u   72] env=  4718592 rsucc=0.868 n_rounds= 2440 ret=+6.926 len=542.3 ent(t0,t>=1)=(0.005,1.032) aL=-0.0050 vL=0.1088 t0=[red=1.00 blue=0.00]
[u   73] env=  4784128 rsucc=0.878 n_rounds= 2548 ret=+6.764 len=542.8 ent(t0,t>=1)=(0.005,1.010) aL=-0.0056 vL=0.1116 t0=[red=1.00 blue=0.00]
[u   74] env=  4849664 rsucc=0.864 n_rounds= 2469 ret=+6.911 len=534.5 ent(t0,t>=1)=(0.004,1.011) aL=-0.0058 vL=0.1078 t0=[red=1.00 blue=0.00]
[u   75] env=  4915200 rsucc=0.882 n_rounds= 2512 ret=+7.635 len=512.5 ent(t0,t>=1)=(0.004,1.006) aL=-0.0054 vL=0.1077 t0=[red=1.00 blue=0.00]
[u   76] env=  4980736 rsucc=0.874 n_rounds= 2489 ret=+7.636 len=520.8 ent(t0,t>=1)=(0.004,1.017) aL=-0.0042 vL=0.1031 t0=[red=1.00 blue=0.00]
[u   77] env=  5046272 rsucc=0.868 n_rounds= 2470 ret=+7.337 len=524.6 ent(t0,t>=1)=(0.003,1.019) aL=-0.0051 vL=0.1005 t0=[red=1.00 blue=0.00]
[u   78] env=  5111808 rsucc=0.876 n_rounds= 2501 ret=+7.268 len=528.5 ent(t0,t>=1)=(0.003,1.040) aL=-0.0046 vL=0.1058 t0=[red=1.00 blue=0.00]
[u   79] env=  5177344 rsucc=0.886 n_rounds= 2512 ret=+7.257 len=527.6 ent(t0,t>=1)=(0.002,1.030) aL=-0.0055 vL=0.1022 t0=[red=1.00 blue=0.00]
[u   80] env=  5242880 rsucc=0.881 n_rounds= 2475 ret=+7.705 len=517.3 ent(t0,t>=1)=(0.002,1.020) aL=-0.0054 vL=0.0992 t0=[red=1.00 blue=0.00]
[u   81] env=  5308416 rsucc=0.872 n_rounds= 2443 ret=+6.920 len=545.3 ent(t0,t>=1)=(0.002,1.004) aL=-0.0058 vL=0.0952 t0=[red=1.00 blue=0.00]
[u   82] env=  5373952 rsucc=0.880 n_rounds= 2466 ret=+7.957 len=509.0 ent(t0,t>=1)=(0.002,0.993) aL=-0.0049 vL=0.1031 t0=[red=1.00 blue=0.00]
[u   83] env=  5439488 rsucc=0.883 n_rounds= 2517 ret=+6.812 len=545.2 ent(t0,t>=1)=(0.002,0.986) aL=-0.0031 vL=0.0959 t0=[red=1.00 blue=0.00]
[u   84] env=  5505024 rsucc=0.886 n_rounds= 2562 ret=+7.772 len=514.8 ent(t0,t>=1)=(0.002,0.970) aL=-0.0066 vL=0.1073 t0=[red=1.00 blue=0.00]
[u   85] env=  5570560 rsucc=0.899 n_rounds= 2626 ret=+7.778 len=515.2 ent(t0,t>=1)=(0.002,0.969) aL=-0.0048 vL=0.1079 t0=[red=1.00 blue=0.00]
[u   86] env=  5636096 rsucc=0.886 n_rounds= 2539 ret=+8.222 len=504.1 ent(t0,t>=1)=(0.002,0.986) aL=-0.0064 vL=0.1009 t0=[red=1.00 blue=0.00]
[u   87] env=  5701632 rsucc=0.904 n_rounds= 2629 ret=+7.855 len=511.1 ent(t0,t>=1)=(0.002,0.972) aL=-0.0060 vL=0.1012 t0=[red=1.00 blue=0.00]
[u   88] env=  5767168 rsucc=0.902 n_rounds= 2703 ret=+8.851 len=484.9 ent(t0,t>=1)=(0.002,0.978) aL=-0.0026 vL=0.1053 t0=[red=1.00 blue=0.00]
[u   89] env=  5832704 rsucc=0.892 n_rounds= 2538 ret=+8.238 len=500.6 ent(t0,t>=1)=(0.002,0.969) aL=-0.0035 vL=0.1009 t0=[red=1.00 blue=0.00]
[u   90] env=  5898240 rsucc=0.888 n_rounds= 2601 ret=+8.055 len=504.3 ent(t0,t>=1)=(0.002,0.961) aL=-0.0057 vL=0.1068 t0=[red=1.00 blue=0.00]
[u   91] env=  5963776 rsucc=0.897 n_rounds= 2607 ret=+7.848 len=517.0 ent(t0,t>=1)=(0.002,0.959) aL=-0.0060 vL=0.1023 t0=[red=1.00 blue=0.00]
[u   92] env=  6029312 rsucc=0.902 n_rounds= 2635 ret=+8.307 len=498.0 ent(t0,t>=1)=(0.002,0.960) aL=-0.0045 vL=0.1055 t0=[red=1.00 blue=0.00]
[u   93] env=  6094848 rsucc=0.899 n_rounds= 2616 ret=+8.244 len=509.1 ent(t0,t>=1)=(0.002,0.959) aL=-0.0025 vL=0.1007 t0=[red=1.00 blue=0.00]
[u   94] env=  6160384 rsucc=0.906 n_rounds= 2702 ret=+8.933 len=475.5 ent(t0,t>=1)=(0.002,0.946) aL=-0.0045 vL=0.1040 t0=[red=1.00 blue=0.00]
[u   95] env=  6225920 rsucc=0.899 n_rounds= 2618 ret=+8.499 len=498.3 ent(t0,t>=1)=(0.002,0.981) aL=-0.0046 vL=0.1088 t0=[red=1.00 blue=0.00]
[u   96] env=  6291456 rsucc=0.896 n_rounds= 2590 ret=+8.423 len=493.5 ent(t0,t>=1)=(0.002,0.976) aL=-0.0055 vL=0.1089 t0=[red=1.00 blue=0.00]
[u   97] env=  6356992 rsucc=0.903 n_rounds= 2567 ret=+8.078 len=510.8 ent(t0,t>=1)=(0.001,0.953) aL=-0.0043 vL=0.0971 t0=[red=1.00 blue=0.00]
[u   98] env=  6422528 rsucc=0.907 n_rounds= 2655 ret=+8.112 len=511.2 ent(t0,t>=1)=(0.001,0.961) aL=-0.0058 vL=0.1034 t0=[red=1.00 blue=0.00]
[u   99] env=  6488064 rsucc=0.908 n_rounds= 2708 ret=+8.822 len=489.5 ent(t0,t>=1)=(0.001,0.956) aL=-0.0044 vL=0.1087 t0=[red=1.00 blue=0.00]
[u  100] env=  6553600 rsucc=0.896 n_rounds= 2657 ret=+8.768 len=490.8 ent(t0,t>=1)=(0.001,0.973) aL=-0.0034 vL=0.1024 t0=[red=1.00 blue=0.00]
[u  101] env=  6619136 rsucc=0.887 n_rounds= 2648 ret=+9.172 len=464.5 ent(t0,t>=1)=(0.001,0.971) aL=-0.0059 vL=0.0991 t0=[red=1.00 blue=0.00]
[u  102] env=  6684672 rsucc=0.908 n_rounds= 2667 ret=+7.784 len=512.9 ent(t0,t>=1)=(0.001,0.970) aL=-0.0030 vL=0.1126 t0=[red=1.00 blue=0.00]
[u  103] env=  6750208 rsucc=0.903 n_rounds= 2661 ret=+8.470 len=493.0 ent(t0,t>=1)=(0.001,0.982) aL=-0.0052 vL=0.1057 t0=[red=1.00 blue=0.00]
[u  104] env=  6815744 rsucc=0.910 n_rounds= 2653 ret=+8.967 len=479.9 ent(t0,t>=1)=(0.001,0.954) aL=-0.0049 vL=0.0983 t0=[red=1.00 blue=0.00]
[u  105] env=  6881280 rsucc=0.906 n_rounds= 2699 ret=+8.713 len=493.7 ent(t0,t>=1)=(0.001,0.982) aL=-0.0032 vL=0.1206 t0=[red=1.00 blue=0.00]
[u  106] env=  6946816 rsucc=0.909 n_rounds= 2705 ret=+8.220 len=505.6 ent(t0,t>=1)=(0.001,0.966) aL=-0.0052 vL=0.1121 t0=[red=1.00 blue=0.00]
[u  107] env=  7012352 rsucc=0.909 n_rounds= 2761 ret=+9.347 len=464.4 ent(t0,t>=1)=(0.001,0.966) aL=-0.0070 vL=0.1087 t0=[red=1.00 blue=0.00]
[u  108] env=  7077888 rsucc=0.902 n_rounds= 2675 ret=+8.664 len=487.8 ent(t0,t>=1)=(0.001,0.956) aL=-0.0070 vL=0.0980 t0=[red=1.00 blue=0.00]
[u  109] env=  7143424 rsucc=0.890 n_rounds= 2592 ret=+8.804 len=487.2 ent(t0,t>=1)=(0.001,0.973) aL=-0.0052 vL=0.0989 t0=[red=1.00 blue=0.00]
[u  110] env=  7208960 rsucc=0.891 n_rounds= 2579 ret=+8.531 len=489.0 ent(t0,t>=1)=(0.001,0.978) aL=-0.0047 vL=0.0997 t0=[red=1.00 blue=0.00]
[u  111] env=  7274496 rsucc=0.907 n_rounds= 2678 ret=+7.784 len=514.8 ent(t0,t>=1)=(0.001,0.951) aL=-0.0050 vL=0.0988 t0=[red=1.00 blue=0.00]
[u  112] env=  7340032 rsucc=0.908 n_rounds= 2740 ret=+8.775 len=484.8 ent(t0,t>=1)=(0.001,0.967) aL=-0.0058 vL=0.1100 t0=[red=1.00 blue=0.00]
[u  113] env=  7405568 rsucc=0.898 n_rounds= 2586 ret=+8.753 len=492.9 ent(t0,t>=1)=(0.001,0.964) aL=-0.0060 vL=0.1068 t0=[red=1.00 blue=0.00]
[u  114] env=  7471104 rsucc=0.888 n_rounds= 2586 ret=+8.379 len=497.8 ent(t0,t>=1)=(0.001,0.991) aL=-0.0040 vL=0.0991 t0=[red=1.00 blue=0.00]
[u  115] env=  7536640 rsucc=0.918 n_rounds= 2772 ret=+7.889 len=514.8 ent(t0,t>=1)=(0.001,0.984) aL=-0.0039 vL=0.1111 t0=[red=1.00 blue=0.00]
[u  116] env=  7602176 rsucc=0.912 n_rounds= 2724 ret=+8.945 len=477.8 ent(t0,t>=1)=(0.001,0.977) aL=-0.0065 vL=0.1061 t0=[red=1.00 blue=0.00]
[u  117] env=  7667712 rsucc=0.913 n_rounds= 2705 ret=+9.448 len=468.0 ent(t0,t>=1)=(0.001,0.984) aL=-0.0045 vL=0.1041 t0=[red=1.00 blue=0.00]
[u  118] env=  7733248 rsucc=0.911 n_rounds= 2658 ret=+9.324 len=470.1 ent(t0,t>=1)=(0.001,0.982) aL=-0.0052 vL=0.0984 t0=[red=1.00 blue=0.00]
[u  119] env=  7798784 rsucc=0.904 n_rounds= 2653 ret=+7.856 len=524.1 ent(t0,t>=1)=(0.001,0.988) aL=-0.0045 vL=0.1010 t0=[red=1.00 blue=0.00]
[u  120] env=  7864320 rsucc=0.916 n_rounds= 2786 ret=+8.934 len=476.8 ent(t0,t>=1)=(0.001,0.943) aL=-0.0060 vL=0.1131 t0=[red=1.00 blue=0.00]
[u  121] env=  7929856 rsucc=0.908 n_rounds= 2769 ret=+9.433 len=466.7 ent(t0,t>=1)=(0.001,0.956) aL=-0.0053 vL=0.1087 t0=[red=1.00 blue=0.00]
[u  122] env=  7995392 rsucc=0.916 n_rounds= 2775 ret=+8.748 len=486.7 ent(t0,t>=1)=(0.001,0.967) aL=-0.0062 vL=0.1095 t0=[red=1.00 blue=0.00]
[u  123] env=  8060928 rsucc=0.917 n_rounds= 2786 ret=+9.083 len=477.9 ent(t0,t>=1)=(0.001,0.979) aL=-0.0064 vL=0.1152 t0=[red=1.00 blue=0.00]
[u  124] env=  8126464 rsucc=0.923 n_rounds= 2882 ret=+9.895 len=445.8 ent(t0,t>=1)=(0.001,0.973) aL=-0.0063 vL=0.1229 t0=[red=1.00 blue=0.00]
[u  125] env=  8192000 rsucc=0.920 n_rounds= 2873 ret=+9.849 len=450.8 ent(t0,t>=1)=(0.001,0.979) aL=-0.0051 vL=0.1259 t0=[red=1.00 blue=0.00]
[u  126] env=  8257536 rsucc=0.919 n_rounds= 2818 ret=+9.360 len=469.6 ent(t0,t>=1)=(0.001,0.981) aL=-0.0036 vL=0.1138 t0=[red=1.00 blue=0.00]
[u  127] env=  8323072 rsucc=0.913 n_rounds= 2753 ret=+9.471 len=465.2 ent(t0,t>=1)=(0.001,0.976) aL=-0.0062 vL=0.1077 t0=[red=1.00 blue=0.00]
[u  128] env=  8388608 rsucc=0.918 n_rounds= 2763 ret=+8.761 len=487.6 ent(t0,t>=1)=(0.001,0.972) aL=-0.0039 vL=0.1078 t0=[red=1.00 blue=0.00]
[u  129] env=  8454144 rsucc=0.908 n_rounds= 2737 ret=+9.543 len=461.3 ent(t0,t>=1)=(0.001,0.966) aL=-0.0056 vL=0.1121 t0=[red=1.00 blue=0.00]
[u  130] env=  8519680 rsucc=0.913 n_rounds= 2881 ret=+9.309 len=465.9 ent(t0,t>=1)=(0.001,0.951) aL=-0.0049 vL=0.1465 t0=[red=1.00 blue=0.00]
[u  131] env=  8585216 rsucc=0.917 n_rounds= 2791 ret=+9.191 len=469.0 ent(t0,t>=1)=(0.001,0.921) aL=-0.0063 vL=0.1139 t0=[red=1.00 blue=0.00]
[u  132] env=  8650752 rsucc=0.916 n_rounds= 2848 ret=+9.311 len=463.7 ent(t0,t>=1)=(0.001,0.924) aL=-0.0042 vL=0.1148 t0=[red=1.00 blue=0.00]
[u  133] env=  8716288 rsucc=0.911 n_rounds= 2683 ret=+9.039 len=475.5 ent(t0,t>=1)=(0.001,0.974) aL=-0.0047 vL=0.1078 t0=[red=1.00 blue=0.00]
[u  134] env=  8781824 rsucc=0.928 n_rounds= 2859 ret=+9.660 len=462.4 ent(t0,t>=1)=(0.001,0.952) aL=+0.0006 vL=0.1075 t0=[red=1.00 blue=0.00]
[u  135] env=  8847360 rsucc=0.920 n_rounds= 2775 ret=+9.621 len=464.8 ent(t0,t>=1)=(0.001,0.972) aL=-0.0064 vL=0.1044 t0=[red=1.00 blue=0.00]
[u  136] env=  8912896 rsucc=0.918 n_rounds= 2729 ret=+9.074 len=482.2 ent(t0,t>=1)=(0.001,0.941) aL=-0.0044 vL=0.1092 t0=[red=1.00 blue=0.00]
[u  137] env=  8978432 rsucc=0.914 n_rounds= 2726 ret=+9.220 len=474.5 ent(t0,t>=1)=(0.001,0.966) aL=-0.0054 vL=0.1085 t0=[red=1.00 blue=0.00]
[u  138] env=  9043968 rsucc=0.920 n_rounds= 2783 ret=+9.250 len=472.7 ent(t0,t>=1)=(0.001,0.942) aL=-0.0037 vL=0.1177 t0=[red=1.00 blue=0.00]
[u  139] env=  9109504 rsucc=0.923 n_rounds= 2774 ret=+9.198 len=478.2 ent(t0,t>=1)=(0.001,0.936) aL=-0.0070 vL=0.0991 t0=[red=1.00 blue=0.00]
[u  140] env=  9175040 rsucc=0.916 n_rounds= 2780 ret=+9.280 len=473.6 ent(t0,t>=1)=(0.000,0.937) aL=-0.0044 vL=0.1041 t0=[red=1.00 blue=0.00]
[u  141] env=  9240576 rsucc=0.923 n_rounds= 2796 ret=+9.098 len=477.8 ent(t0,t>=1)=(0.001,0.940) aL=-0.0059 vL=0.1043 t0=[red=1.00 blue=0.00]
[u  142] env=  9306112 rsucc=0.915 n_rounds= 2767 ret=+9.868 len=454.5 ent(t0,t>=1)=(0.001,0.955) aL=-0.0032 vL=0.0961 t0=[red=1.00 blue=0.00]
[u  143] env=  9371648 rsucc=0.918 n_rounds= 2802 ret=+9.026 len=479.6 ent(t0,t>=1)=(0.001,0.929) aL=-0.0060 vL=0.0964 t0=[red=1.00 blue=0.00]
[u  144] env=  9437184 rsucc=0.929 n_rounds= 2866 ret=+9.545 len=464.3 ent(t0,t>=1)=(0.001,0.947) aL=-0.0059 vL=0.1076 t0=[red=1.00 blue=0.00]
[u  145] env=  9502720 rsucc=0.920 n_rounds= 2749 ret=+9.563 len=464.5 ent(t0,t>=1)=(0.001,0.956) aL=-0.0042 vL=0.0985 t0=[red=1.00 blue=0.00]
[u  146] env=  9568256 rsucc=0.923 n_rounds= 2819 ret=+9.594 len=458.6 ent(t0,t>=1)=(0.001,0.951) aL=-0.0070 vL=0.1041 t0=[red=1.00 blue=0.00]
[u  147] env=  9633792 rsucc=0.920 n_rounds= 2904 ret=+9.179 len=479.1 ent(t0,t>=1)=(0.001,0.950) aL=-0.0058 vL=0.1145 t0=[red=1.00 blue=0.00]
[u  148] env=  9699328 rsucc=0.918 n_rounds= 2812 ret=+9.856 len=445.4 ent(t0,t>=1)=(0.001,0.979) aL=-0.0057 vL=0.1001 t0=[red=1.00 blue=0.00]
[u  149] env=  9764864 rsucc=0.922 n_rounds= 2753 ret=+9.652 len=463.8 ent(t0,t>=1)=(0.000,0.977) aL=-0.0063 vL=0.1056 t0=[red=1.00 blue=0.00]
[u  150] env=  9830400 rsucc=0.932 n_rounds= 2830 ret=+8.884 len=489.9 ent(t0,t>=1)=(0.001,0.962) aL=-0.0047 vL=0.1074 t0=[red=1.00 blue=0.00]
[u  151] env=  9895936 rsucc=0.924 n_rounds= 2963 ret=+9.826 len=453.4 ent(t0,t>=1)=(0.001,0.952) aL=-0.0050 vL=0.1094 t0=[red=1.00 blue=0.00]
[u  152] env=  9961472 rsucc=0.923 n_rounds= 2729 ret=+9.791 len=455.5 ent(t0,t>=1)=(0.001,0.977) aL=-0.0050 vL=0.1009 t0=[red=1.00 blue=0.00]
[u  153] env= 10027008 rsucc=0.921 n_rounds= 2817 ret=+10.173 len=444.4 ent(t0,t>=1)=(0.001,0.983) aL=-0.0057 vL=0.1028 t0=[red=1.00 blue=0.00]
[u  154] env= 10092544 rsucc=0.924 n_rounds= 2806 ret=+8.958 len=486.5 ent(t0,t>=1)=(0.001,0.990) aL=-0.0056 vL=0.1136 t0=[red=1.00 blue=0.00]
[u  155] env= 10158080 rsucc=0.922 n_rounds= 2870 ret=+9.703 len=455.5 ent(t0,t>=1)=(0.001,0.977) aL=-0.0048 vL=0.1240 t0=[red=1.00 blue=0.00]
[u  156] env= 10223616 rsucc=0.928 n_rounds= 2836 ret=+9.645 len=463.2 ent(t0,t>=1)=(0.001,0.983) aL=-0.0062 vL=0.1105 t0=[red=1.00 blue=0.00]
[u  157] env= 10289152 rsucc=0.925 n_rounds= 2822 ret=+9.906 len=449.1 ent(t0,t>=1)=(0.001,0.998) aL=-0.0059 vL=0.0999 t0=[red=1.00 blue=0.00]
[u  158] env= 10354688 rsucc=0.922 n_rounds= 2815 ret=+9.365 len=473.8 ent(t0,t>=1)=(0.000,0.968) aL=-0.0059 vL=0.1021 t0=[red=1.00 blue=0.00]
[u  159] env= 10420224 rsucc=0.931 n_rounds= 2941 ret=+9.832 len=454.9 ent(t0,t>=1)=(0.000,0.925) aL=-0.0031 vL=0.1193 t0=[red=1.00 blue=0.00]
[u  160] env= 10485760 rsucc=0.912 n_rounds= 2817 ret=+9.747 len=455.8 ent(t0,t>=1)=(0.001,0.952) aL=-0.0046 vL=0.1056 t0=[red=1.00 blue=0.00]
[u  161] env= 10551296 rsucc=0.920 n_rounds= 2756 ret=+9.385 len=463.8 ent(t0,t>=1)=(0.000,0.950) aL=-0.0061 vL=0.0964 t0=[red=1.00 blue=0.00]
[u  162] env= 10616832 rsucc=0.929 n_rounds= 2796 ret=+9.108 len=484.2 ent(t0,t>=1)=(0.000,0.939) aL=-0.0063 vL=0.1013 t0=[red=1.00 blue=0.00]
[u  163] env= 10682368 rsucc=0.916 n_rounds= 2901 ret=+9.541 len=462.6 ent(t0,t>=1)=(0.001,0.942) aL=-0.0041 vL=0.1157 t0=[red=1.00 blue=0.00]
[u  164] env= 10747904 rsucc=0.938 n_rounds= 2984 ret=+10.408 len=433.4 ent(t0,t>=1)=(0.000,0.918) aL=-0.0053 vL=0.1093 t0=[red=1.00 blue=0.00]
[u  165] env= 10813440 rsucc=0.932 n_rounds= 2978 ret=+9.808 len=453.9 ent(t0,t>=1)=(0.000,0.912) aL=-0.0060 vL=0.1038 t0=[red=1.00 blue=0.00]
[u  166] env= 10878976 rsucc=0.931 n_rounds= 2971 ret=+9.845 len=451.4 ent(t0,t>=1)=(0.000,0.934) aL=-0.0051 vL=0.1128 t0=[red=1.00 blue=0.00]
[u  167] env= 10944512 rsucc=0.931 n_rounds= 2967 ret=+10.767 len=419.1 ent(t0,t>=1)=(0.001,0.929) aL=-0.0065 vL=0.1102 t0=[red=1.00 blue=0.00]
[u  168] env= 11010048 rsucc=0.932 n_rounds= 3008 ret=+10.311 len=435.0 ent(t0,t>=1)=(0.000,0.934) aL=-0.0029 vL=0.1157 t0=[red=1.00 blue=0.00]
[u  169] env= 11075584 rsucc=0.928 n_rounds= 2921 ret=+9.803 len=455.7 ent(t0,t>=1)=(0.000,0.939) aL=-0.0048 vL=0.1065 t0=[red=1.00 blue=0.00]
[u  170] env= 11141120 rsucc=0.934 n_rounds= 2991 ret=+10.278 len=436.4 ent(t0,t>=1)=(0.000,0.919) aL=-0.0042 vL=0.1108 t0=[red=1.00 blue=0.00]
[u  171] env= 11206656 rsucc=0.920 n_rounds= 2929 ret=+10.314 len=433.2 ent(t0,t>=1)=(0.000,0.956) aL=-0.0051 vL=0.1119 t0=[red=1.00 blue=0.00]
[u  172] env= 11272192 rsucc=0.918 n_rounds= 2892 ret=+9.847 len=454.0 ent(t0,t>=1)=(0.001,0.955) aL=-0.0061 vL=0.1171 t0=[red=1.00 blue=0.00]
[u  173] env= 11337728 rsucc=0.921 n_rounds= 2915 ret=+9.973 len=442.1 ent(t0,t>=1)=(0.000,0.955) aL=-0.0067 vL=0.1175 t0=[red=1.00 blue=0.00]
[u  174] env= 11403264 rsucc=0.920 n_rounds= 2944 ret=+9.192 len=469.3 ent(t0,t>=1)=(0.001,0.926) aL=-0.0073 vL=0.1176 t0=[red=1.00 blue=0.00]
[u  175] env= 11468800 rsucc=0.925 n_rounds= 2874 ret=+9.604 len=452.2 ent(t0,t>=1)=(0.000,0.909) aL=-0.0045 vL=0.1154 t0=[red=1.00 blue=0.00]
[u  176] env= 11534336 rsucc=0.927 n_rounds= 2914 ret=+9.904 len=454.2 ent(t0,t>=1)=(0.000,0.893) aL=-0.0061 vL=0.1170 t0=[red=1.00 blue=0.00]
[u  177] env= 11599872 rsucc=0.927 n_rounds= 2908 ret=+10.330 len=431.8 ent(t0,t>=1)=(0.000,0.885) aL=-0.0067 vL=0.1154 t0=[red=1.00 blue=0.00]
[u  178] env= 11665408 rsucc=0.924 n_rounds= 2888 ret=+9.607 len=458.2 ent(t0,t>=1)=(0.000,0.891) aL=-0.0068 vL=0.1099 t0=[red=1.00 blue=0.00]
[u  179] env= 11730944 rsucc=0.930 n_rounds= 3021 ret=+9.803 len=458.1 ent(t0,t>=1)=(0.000,0.889) aL=-0.0072 vL=0.1102 t0=[red=1.00 blue=0.00]
[u  180] env= 11796480 rsucc=0.931 n_rounds= 3015 ret=+10.357 len=430.5 ent(t0,t>=1)=(0.000,0.905) aL=-0.0043 vL=0.1096 t0=[red=1.00 blue=0.00]
[u  181] env= 11862016 rsucc=0.927 n_rounds= 2974 ret=+10.354 len=427.4 ent(t0,t>=1)=(0.000,0.893) aL=-0.0042 vL=0.1124 t0=[red=1.00 blue=0.00]
[u  182] env= 11927552 rsucc=0.923 n_rounds= 2854 ret=+9.729 len=457.0 ent(t0,t>=1)=(0.000,0.905) aL=-0.0061 vL=0.1161 t0=[red=1.00 blue=0.00]
[u  183] env= 11993088 rsucc=0.928 n_rounds= 2922 ret=+9.998 len=448.9 ent(t0,t>=1)=(0.001,0.918) aL=-0.0065 vL=0.1124 t0=[red=1.00 blue=0.00]
[u  184] env= 12058624 rsucc=0.930 n_rounds= 3005 ret=+10.232 len=430.7 ent(t0,t>=1)=(0.000,0.887) aL=-0.0061 vL=0.1076 t0=[red=1.00 blue=0.00]
[u  185] env= 12124160 rsucc=0.932 n_rounds= 2989 ret=+9.895 len=452.6 ent(t0,t>=1)=(0.000,0.900) aL=-0.0061 vL=0.1100 t0=[red=1.00 blue=0.00]
[u  186] env= 12189696 rsucc=0.933 n_rounds= 2997 ret=+10.816 len=419.8 ent(t0,t>=1)=(0.000,0.890) aL=-0.0060 vL=0.1053 t0=[red=1.00 blue=0.00]
[u  187] env= 12255232 rsucc=0.933 n_rounds= 3024 ret=+9.859 len=452.4 ent(t0,t>=1)=(0.000,0.868) aL=-0.0060 vL=0.1086 t0=[red=1.00 blue=0.00]
[u  188] env= 12320768 rsucc=0.939 n_rounds= 3082 ret=+10.289 len=439.3 ent(t0,t>=1)=(0.000,0.873) aL=-0.0067 vL=0.1051 t0=[red=1.00 blue=0.00]
[u  189] env= 12386304 rsucc=0.937 n_rounds= 3013 ret=+10.455 len=426.7 ent(t0,t>=1)=(0.000,0.875) aL=-0.0034 vL=0.1350 t0=[red=1.00 blue=0.00]
[u  190] env= 12451840 rsucc=0.935 n_rounds= 3088 ret=+10.640 len=427.9 ent(t0,t>=1)=(0.000,0.884) aL=-0.0050 vL=0.1234 t0=[red=1.00 blue=0.00]
[u  191] env= 12517376 rsucc=0.933 n_rounds= 2995 ret=+10.678 len=421.7 ent(t0,t>=1)=(0.000,0.894) aL=-0.0053 vL=0.1115 t0=[red=1.00 blue=0.00]
[u  192] env= 12582912 rsucc=0.940 n_rounds= 3001 ret=+10.358 len=437.7 ent(t0,t>=1)=(0.000,0.906) aL=-0.0049 vL=0.1431 t0=[red=1.00 blue=0.00]
[u  193] env= 12648448 rsucc=0.922 n_rounds= 2890 ret=+9.774 len=457.0 ent(t0,t>=1)=(0.001,0.927) aL=-0.0046 vL=0.1128 t0=[red=1.00 blue=0.00]
[u  194] env= 12713984 rsucc=0.933 n_rounds= 2959 ret=+10.512 len=431.2 ent(t0,t>=1)=(0.000,0.914) aL=-0.0070 vL=0.1059 t0=[red=1.00 blue=0.00]
[u  195] env= 12779520 rsucc=0.938 n_rounds= 3009 ret=+10.190 len=442.0 ent(t0,t>=1)=(0.000,0.912) aL=-0.0073 vL=0.1172 t0=[red=1.00 blue=0.00]
[u  196] env= 12845056 rsucc=0.941 n_rounds= 3111 ret=+10.293 len=437.4 ent(t0,t>=1)=(0.000,0.927) aL=-0.0062 vL=0.1148 t0=[red=1.00 blue=0.00]
[u  197] env= 12910592 rsucc=0.929 n_rounds= 2993 ret=+10.526 len=428.8 ent(t0,t>=1)=(0.000,0.938) aL=-0.0064 vL=0.1061 t0=[red=1.00 blue=0.00]
[u  198] env= 12976128 rsucc=0.926 n_rounds= 2994 ret=+10.632 len=423.1 ent(t0,t>=1)=(0.000,0.940) aL=-0.0047 vL=0.1283 t0=[red=1.00 blue=0.00]
[u  199] env= 13041664 rsucc=0.936 n_rounds= 2998 ret=+10.547 len=426.9 ent(t0,t>=1)=(0.000,0.920) aL=-0.0062 vL=0.1164 t0=[red=1.00 blue=0.00]
[u  200] env= 13107200 rsucc=0.939 n_rounds= 3018 ret=+9.701 len=456.6 ent(t0,t>=1)=(0.000,0.927) aL=-0.0051 vL=0.1065 t0=[red=1.00 blue=0.00]
[u  201] env= 13172736 rsucc=0.942 n_rounds= 3032 ret=+9.952 len=451.6 ent(t0,t>=1)=(0.000,0.916) aL=-0.0026 vL=0.1105 t0=[red=1.00 blue=0.00]
[u  202] env= 13238272 rsucc=0.941 n_rounds= 3103 ret=+11.287 len=406.9 ent(t0,t>=1)=(0.000,0.904) aL=-0.0052 vL=0.1263 t0=[red=1.00 blue=0.00]
[u  203] env= 13303808 rsucc=0.940 n_rounds= 3059 ret=+10.845 len=421.1 ent(t0,t>=1)=(0.000,0.927) aL=-0.0059 vL=0.1216 t0=[red=1.00 blue=0.00]
[u  204] env= 13369344 rsucc=0.930 n_rounds= 2939 ret=+10.129 len=443.9 ent(t0,t>=1)=(0.000,0.928) aL=-0.0066 vL=0.1063 t0=[red=1.00 blue=0.00]
[u  205] env= 13434880 rsucc=0.928 n_rounds= 2971 ret=+10.199 len=441.8 ent(t0,t>=1)=(0.000,0.906) aL=-0.0049 vL=0.1132 t0=[red=1.00 blue=0.00]
[u  206] env= 13500416 rsucc=0.931 n_rounds= 3077 ret=+10.189 len=436.0 ent(t0,t>=1)=(0.000,0.909) aL=-0.0059 vL=0.1310 t0=[red=1.00 blue=0.00]
[u  207] env= 13565952 rsucc=0.931 n_rounds= 3003 ret=+9.998 len=440.2 ent(t0,t>=1)=(0.000,0.908) aL=-0.0041 vL=0.1138 t0=[red=1.00 blue=0.00]
[u  208] env= 13631488 rsucc=0.936 n_rounds= 2950 ret=+10.675 len=423.3 ent(t0,t>=1)=(0.000,0.919) aL=-0.0050 vL=0.1066 t0=[red=1.00 blue=0.00]
[u  209] env= 13697024 rsucc=0.929 n_rounds= 2984 ret=+10.239 len=441.3 ent(t0,t>=1)=(0.000,0.919) aL=-0.0062 vL=0.1095 t0=[red=1.00 blue=0.00]
[u  210] env= 13762560 rsucc=0.936 n_rounds= 2994 ret=+10.389 len=436.8 ent(t0,t>=1)=(0.000,0.916) aL=-0.0053 vL=0.1210 t0=[red=1.00 blue=0.00]
[u  211] env= 13828096 rsucc=0.938 n_rounds= 3030 ret=+10.299 len=438.5 ent(t0,t>=1)=(0.000,0.911) aL=-0.0051 vL=0.1260 t0=[red=1.00 blue=0.00]
[u  212] env= 13893632 rsucc=0.943 n_rounds= 3134 ret=+10.170 len=439.9 ent(t0,t>=1)=(0.000,0.890) aL=-0.0053 vL=0.1182 t0=[red=1.00 blue=0.00]
[u  213] env= 13959168 rsucc=0.938 n_rounds= 3074 ret=+10.828 len=422.0 ent(t0,t>=1)=(0.000,0.904) aL=-0.0032 vL=0.1482 t0=[red=1.00 blue=0.00]
[u  214] env= 14024704 rsucc=0.944 n_rounds= 3172 ret=+10.763 len=419.0 ent(t0,t>=1)=(0.000,0.873) aL=-0.0060 vL=0.1479 t0=[red=1.00 blue=0.00]
[u  215] env= 14090240 rsucc=0.940 n_rounds= 3001 ret=+10.845 len=422.7 ent(t0,t>=1)=(0.000,0.897) aL=-0.0050 vL=0.1414 t0=[red=1.00 blue=0.00]
[u  216] env= 14155776 rsucc=0.939 n_rounds= 3095 ret=+10.570 len=427.6 ent(t0,t>=1)=(0.000,0.897) aL=-0.0066 vL=0.1362 t0=[red=1.00 blue=0.00]
[u  217] env= 14221312 rsucc=0.934 n_rounds= 3097 ret=+10.950 len=412.7 ent(t0,t>=1)=(0.000,0.875) aL=-0.0045 vL=0.1202 t0=[red=1.00 blue=0.00]
[u  218] env= 14286848 rsucc=0.938 n_rounds= 3023 ret=+10.581 len=431.0 ent(t0,t>=1)=(0.000,0.878) aL=-0.0075 vL=0.1105 t0=[red=1.00 blue=0.00]
[u  219] env= 14352384 rsucc=0.934 n_rounds= 3045 ret=+10.263 len=437.3 ent(t0,t>=1)=(0.000,0.880) aL=-0.0053 vL=0.1167 t0=[red=1.00 blue=0.00]
[u  220] env= 14417920 rsucc=0.932 n_rounds= 3022 ret=+10.383 len=429.5 ent(t0,t>=1)=(0.000,0.889) aL=-0.0060 vL=0.1081 t0=[red=1.00 blue=0.00]
[u  221] env= 14483456 rsucc=0.941 n_rounds= 3055 ret=+10.581 len=429.4 ent(t0,t>=1)=(0.000,0.896) aL=-0.0052 vL=0.1083 t0=[red=1.00 blue=0.00]
[u  222] env= 14548992 rsucc=0.930 n_rounds= 3022 ret=+10.371 len=431.8 ent(t0,t>=1)=(0.000,0.891) aL=-0.0046 vL=0.1214 t0=[red=1.00 blue=0.00]
[u  223] env= 14614528 rsucc=0.941 n_rounds= 3078 ret=+10.551 len=428.4 ent(t0,t>=1)=(0.000,0.889) aL=-0.0055 vL=0.1078 t0=[red=1.00 blue=0.00]
[u  224] env= 14680064 rsucc=0.934 n_rounds= 3026 ret=+10.510 len=431.7 ent(t0,t>=1)=(0.000,0.902) aL=-0.0051 vL=0.1104 t0=[red=1.00 blue=0.00]
[u  225] env= 14745600 rsucc=0.934 n_rounds= 2971 ret=+10.273 len=440.1 ent(t0,t>=1)=(0.000,0.914) aL=-0.0039 vL=0.1111 t0=[red=1.00 blue=0.00]
[u  226] env= 14811136 rsucc=0.931 n_rounds= 2887 ret=+10.528 len=431.3 ent(t0,t>=1)=(0.000,0.924) aL=-0.0056 vL=0.0944 t0=[red=1.00 blue=0.00]
[u  227] env= 14876672 rsucc=0.933 n_rounds= 2887 ret=+9.868 len=456.0 ent(t0,t>=1)=(0.000,0.949) aL=-0.0052 vL=0.1214 t0=[red=1.00 blue=0.00]
[u  228] env= 14942208 rsucc=0.943 n_rounds= 3073 ret=+9.757 len=458.7 ent(t0,t>=1)=(0.000,0.914) aL=-0.0058 vL=0.1059 t0=[red=1.00 blue=0.00]
[u  229] env= 15007744 rsucc=0.943 n_rounds= 3195 ret=+10.786 len=423.0 ent(t0,t>=1)=(0.000,0.895) aL=-0.0047 vL=0.1212 t0=[red=1.00 blue=0.00]
[u  230] env= 15073280 rsucc=0.944 n_rounds= 2999 ret=+11.201 len=406.8 ent(t0,t>=1)=(0.000,0.915) aL=-0.0065 vL=0.0999 t0=[red=1.00 blue=0.00]
[u  231] env= 15138816 rsucc=0.938 n_rounds= 2899 ret=+10.762 len=425.8 ent(t0,t>=1)=(0.000,0.937) aL=-0.0064 vL=0.0994 t0=[red=1.00 blue=0.00]
[u  232] env= 15204352 rsucc=0.927 n_rounds= 2899 ret=+9.662 len=465.3 ent(t0,t>=1)=(0.000,0.950) aL=-0.0064 vL=0.0945 t0=[red=1.00 blue=0.00]
[u  233] env= 15269888 rsucc=0.939 n_rounds= 3025 ret=+10.060 len=447.9 ent(t0,t>=1)=(0.000,0.905) aL=-0.0035 vL=0.1362 t0=[red=1.00 blue=0.00]
[u  234] env= 15335424 rsucc=0.939 n_rounds= 2985 ret=+10.281 len=439.6 ent(t0,t>=1)=(0.000,0.879) aL=-0.0063 vL=0.1095 t0=[red=1.00 blue=0.00]
[u  235] env= 15400960 rsucc=0.941 n_rounds= 2950 ret=+10.401 len=439.8 ent(t0,t>=1)=(0.000,0.897) aL=-0.0068 vL=0.1033 t0=[red=1.00 blue=0.00]
[u  236] env= 15466496 rsucc=0.940 n_rounds= 2994 ret=+10.636 len=427.8 ent(t0,t>=1)=(0.000,0.892) aL=-0.0054 vL=0.1031 t0=[red=1.00 blue=0.00]
[u  237] env= 15532032 rsucc=0.929 n_rounds= 2959 ret=+9.952 len=457.5 ent(t0,t>=1)=(0.000,0.911) aL=-0.0032 vL=0.1290 t0=[red=1.00 blue=0.00]
[u  238] env= 15597568 rsucc=0.929 n_rounds= 2970 ret=+10.354 len=434.4 ent(t0,t>=1)=(0.000,0.916) aL=-0.0054 vL=0.0982 t0=[red=1.00 blue=0.00]
[u  239] env= 15663104 rsucc=0.935 n_rounds= 2944 ret=+10.636 len=424.2 ent(t0,t>=1)=(0.000,0.925) aL=-0.0027 vL=0.1218 t0=[red=1.00 blue=0.00]
[u  240] env= 15728640 rsucc=0.942 n_rounds= 3023 ret=+9.402 len=472.6 ent(t0,t>=1)=(0.000,0.917) aL=-0.0054 vL=0.1036 t0=[red=1.00 blue=0.00]
[u  241] env= 15794176 rsucc=0.930 n_rounds= 2906 ret=+10.748 len=424.5 ent(t0,t>=1)=(0.000,0.927) aL=-0.0050 vL=0.1018 t0=[red=1.00 blue=0.00]
[u  242] env= 15859712 rsucc=0.929 n_rounds= 2828 ret=+10.276 len=441.4 ent(t0,t>=1)=(0.000,0.931) aL=-0.0060 vL=0.0942 t0=[red=1.00 blue=0.00]
[u  243] env= 15925248 rsucc=0.930 n_rounds= 2905 ret=+9.875 len=453.6 ent(t0,t>=1)=(0.000,0.928) aL=-0.0054 vL=0.1032 t0=[red=1.00 blue=0.00]
[u  244] env= 15990784 rsucc=0.928 n_rounds= 2884 ret=+9.958 len=451.5 ent(t0,t>=1)=(0.000,0.929) aL=-0.0056 vL=0.1136 t0=[red=1.00 blue=0.00]
[u  245] env= 16056320 rsucc=0.935 n_rounds= 2989 ret=+9.964 len=449.8 ent(t0,t>=1)=(0.000,0.915) aL=-0.0051 vL=0.1059 t0=[red=1.00 blue=0.00]
[u  246] env= 16121856 rsucc=0.937 n_rounds= 2935 ret=+9.532 len=467.1 ent(t0,t>=1)=(0.000,0.910) aL=-0.0045 vL=0.1015 t0=[red=1.00 blue=0.00]
[u  247] env= 16187392 rsucc=0.941 n_rounds= 3065 ret=+10.247 len=444.5 ent(t0,t>=1)=(0.000,0.896) aL=-0.0049 vL=0.1263 t0=[red=1.00 blue=0.00]
[u  248] env= 16252928 rsucc=0.936 n_rounds= 3035 ret=+10.748 len=419.3 ent(t0,t>=1)=(0.000,0.904) aL=-0.0060 vL=0.1067 t0=[red=1.00 blue=0.00]
[u  249] env= 16318464 rsucc=0.929 n_rounds= 2961 ret=+10.374 len=437.4 ent(t0,t>=1)=(0.000,0.941) aL=-0.0043 vL=0.1242 t0=[red=1.00 blue=0.00]
[u  250] env= 16384000 rsucc=0.936 n_rounds= 3017 ret=+10.586 len=432.5 ent(t0,t>=1)=(0.000,0.923) aL=-0.0070 vL=0.1082 t0=[red=1.00 blue=0.00]
[u  251] env= 16449536 rsucc=0.939 n_rounds= 3081 ret=+9.922 len=447.6 ent(t0,t>=1)=(0.000,0.926) aL=-0.0053 vL=0.1390 t0=[red=1.00 blue=0.00]
[u  252] env= 16515072 rsucc=0.937 n_rounds= 3166 ret=+10.990 len=410.7 ent(t0,t>=1)=(0.000,0.929) aL=-0.0037 vL=0.1427 t0=[red=1.00 blue=0.00]
[u  253] env= 16580608 rsucc=0.940 n_rounds= 3105 ret=+10.706 len=419.2 ent(t0,t>=1)=(0.000,0.948) aL=-0.0056 vL=0.1160 t0=[red=1.00 blue=0.00]
[u  254] env= 16646144 rsucc=0.934 n_rounds= 3013 ret=+10.721 len=420.1 ent(t0,t>=1)=(0.000,0.962) aL=-0.0043 vL=0.1144 t0=[red=1.00 blue=0.00]
[u  255] env= 16711680 rsucc=0.941 n_rounds= 2950 ret=+10.315 len=440.4 ent(t0,t>=1)=(0.000,0.963) aL=-0.0051 vL=0.1288 t0=[red=1.00 blue=0.00]
[u  256] env= 16777216 rsucc=0.933 n_rounds= 3021 ret=+9.974 len=453.5 ent(t0,t>=1)=(0.000,0.996) aL=-0.0055 vL=0.1210 t0=[red=1.00 blue=0.00]
[u  257] env= 16842752 rsucc=0.936 n_rounds= 3090 ret=+11.347 len=398.2 ent(t0,t>=1)=(0.000,0.975) aL=-0.0054 vL=0.1143 t0=[red=1.00 blue=0.00]
[u  258] env= 16908288 rsucc=0.936 n_rounds= 3117 ret=+9.868 len=450.1 ent(t0,t>=1)=(0.000,0.958) aL=-0.0062 vL=0.1260 t0=[red=1.00 blue=0.00]
[u  259] env= 16973824 rsucc=0.935 n_rounds= 3020 ret=+10.209 len=438.3 ent(t0,t>=1)=(0.000,0.952) aL=-0.0072 vL=0.1165 t0=[red=1.00 blue=0.00]
[u  260] env= 17039360 rsucc=0.934 n_rounds= 3048 ret=+11.157 len=404.2 ent(t0,t>=1)=(0.000,0.954) aL=-0.0063 vL=0.1049 t0=[red=1.00 blue=0.00]
[u  261] env= 17104896 rsucc=0.930 n_rounds= 3031 ret=+10.386 len=435.8 ent(t0,t>=1)=(0.000,0.963) aL=-0.0060 vL=0.1146 t0=[red=1.00 blue=0.00]
[u  262] env= 17170432 rsucc=0.937 n_rounds= 2977 ret=+10.249 len=438.5 ent(t0,t>=1)=(0.000,0.975) aL=-0.0061 vL=0.1042 t0=[red=1.00 blue=0.00]
[u  263] env= 17235968 rsucc=0.936 n_rounds= 3015 ret=+10.088 len=448.2 ent(t0,t>=1)=(0.000,0.943) aL=-0.0042 vL=0.1214 t0=[red=1.00 blue=0.00]
[u  264] env= 17301504 rsucc=0.938 n_rounds= 3040 ret=+10.759 len=419.2 ent(t0,t>=1)=(0.000,0.952) aL=-0.0057 vL=0.1073 t0=[red=1.00 blue=0.00]
[u  265] env= 17367040 rsucc=0.936 n_rounds= 2906 ret=+9.926 len=453.3 ent(t0,t>=1)=(0.000,0.961) aL=-0.0062 vL=0.0971 t0=[red=1.00 blue=0.00]
[u  266] env= 17432576 rsucc=0.944 n_rounds= 3065 ret=+10.350 len=442.5 ent(t0,t>=1)=(0.000,0.947) aL=-0.0054 vL=0.1178 t0=[red=1.00 blue=0.00]
[u  267] env= 17498112 rsucc=0.941 n_rounds= 2991 ret=+10.797 len=421.8 ent(t0,t>=1)=(0.000,0.966) aL=-0.0074 vL=0.1035 t0=[red=1.00 blue=0.00]
[u  268] env= 17563648 rsucc=0.934 n_rounds= 3024 ret=+10.841 len=421.7 ent(t0,t>=1)=(0.000,0.969) aL=-0.0036 vL=0.1319 t0=[red=1.00 blue=0.00]
[u  269] env= 17629184 rsucc=0.932 n_rounds= 2968 ret=+9.915 len=453.8 ent(t0,t>=1)=(0.000,0.976) aL=-0.0059 vL=0.1027 t0=[red=1.00 blue=0.00]
[u  270] env= 17694720 rsucc=0.929 n_rounds= 2980 ret=+10.389 len=432.7 ent(t0,t>=1)=(0.000,0.982) aL=-0.0064 vL=0.1031 t0=[red=1.00 blue=0.00]
[u  271] env= 17760256 rsucc=0.937 n_rounds= 3026 ret=+9.790 len=455.4 ent(t0,t>=1)=(0.000,0.969) aL=-0.0055 vL=0.1016 t0=[red=1.00 blue=0.00]
[u  272] env= 17825792 rsucc=0.931 n_rounds= 2868 ret=+10.857 len=417.8 ent(t0,t>=1)=(0.000,1.000) aL=-0.0056 vL=0.1096 t0=[red=1.00 blue=0.00]
[u  273] env= 17891328 rsucc=0.932 n_rounds= 2908 ret=+10.457 len=433.6 ent(t0,t>=1)=(0.000,0.978) aL=-0.0050 vL=0.1084 t0=[red=1.00 blue=0.00]
[u  274] env= 17956864 rsucc=0.925 n_rounds= 2846 ret=+8.768 len=490.2 ent(t0,t>=1)=(0.000,0.987) aL=-0.0068 vL=0.1129 t0=[red=1.00 blue=0.00]
[u  275] env= 18022400 rsucc=0.931 n_rounds= 3114 ret=+10.081 len=444.8 ent(t0,t>=1)=(0.000,0.934) aL=-0.0062 vL=0.1164 t0=[red=1.00 blue=0.00]
[u  276] env= 18087936 rsucc=0.941 n_rounds= 3151 ret=+10.846 len=416.7 ent(t0,t>=1)=(0.000,0.904) aL=-0.0059 vL=0.1072 t0=[red=1.00 blue=0.00]
[u  277] env= 18153472 rsucc=0.938 n_rounds= 3039 ret=+10.501 len=425.9 ent(t0,t>=1)=(0.000,0.942) aL=-0.0069 vL=0.1037 t0=[red=1.00 blue=0.00]
[u  278] env= 18219008 rsucc=0.941 n_rounds= 3052 ret=+10.747 len=423.5 ent(t0,t>=1)=(0.000,0.952) aL=-0.0054 vL=0.0993 t0=[red=1.00 blue=0.00]
[u  279] env= 18284544 rsucc=0.933 n_rounds= 2991 ret=+10.456 len=434.7 ent(t0,t>=1)=(0.000,0.969) aL=-0.0070 vL=0.0975 t0=[red=1.00 blue=0.00]
[u  280] env= 18350080 rsucc=0.934 n_rounds= 2839 ret=+10.173 len=445.8 ent(t0,t>=1)=(0.000,0.995) aL=-0.0069 vL=0.0884 t0=[red=1.00 blue=0.00]
[u  281] env= 18415616 rsucc=0.923 n_rounds= 2890 ret=+10.190 len=444.0 ent(t0,t>=1)=(0.000,0.970) aL=-0.0051 vL=0.1179 t0=[red=1.00 blue=0.00]
[u  282] env= 18481152 rsucc=0.925 n_rounds= 2938 ret=+9.611 len=458.6 ent(t0,t>=1)=(0.000,0.948) aL=-0.0024 vL=0.1100 t0=[red=1.00 blue=0.00]
[u  283] env= 18546688 rsucc=0.925 n_rounds= 2881 ret=+9.825 len=451.7 ent(t0,t>=1)=(0.000,0.951) aL=-0.0057 vL=0.1108 t0=[red=1.00 blue=0.00]
[u  284] env= 18612224 rsucc=0.942 n_rounds= 3055 ret=+9.749 len=460.3 ent(t0,t>=1)=(0.000,0.914) aL=-0.0045 vL=0.1302 t0=[red=1.00 blue=0.00]
[u  285] env= 18677760 rsucc=0.943 n_rounds= 3167 ret=+10.776 len=417.9 ent(t0,t>=1)=(0.000,0.900) aL=-0.0056 vL=0.1225 t0=[red=1.00 blue=0.00]
[u  286] env= 18743296 rsucc=0.934 n_rounds= 3000 ret=+11.088 len=411.0 ent(t0,t>=1)=(0.000,0.911) aL=-0.0058 vL=0.1122 t0=[red=1.00 blue=0.00]
[u  287] env= 18808832 rsucc=0.926 n_rounds= 2826 ret=+10.239 len=443.2 ent(t0,t>=1)=(0.000,0.928) aL=-0.0055 vL=0.1030 t0=[red=1.00 blue=0.00]
[u  288] env= 18874368 rsucc=0.937 n_rounds= 3043 ret=+10.101 len=447.4 ent(t0,t>=1)=(0.000,0.913) aL=-0.0051 vL=0.1096 t0=[red=1.00 blue=0.00]
[u  289] env= 18939904 rsucc=0.937 n_rounds= 3095 ret=+10.530 len=426.5 ent(t0,t>=1)=(0.000,0.907) aL=-0.0061 vL=0.1064 t0=[red=1.00 blue=0.00]
[u  290] env= 19005440 rsucc=0.942 n_rounds= 3047 ret=+10.218 len=438.9 ent(t0,t>=1)=(0.000,0.915) aL=-0.0055 vL=0.1116 t0=[red=1.00 blue=0.00]
[u  291] env= 19070976 rsucc=0.923 n_rounds= 2994 ret=+10.996 len=416.9 ent(t0,t>=1)=(0.000,0.932) aL=-0.0049 vL=0.1144 t0=[red=1.00 blue=0.00]
[u  292] env= 19136512 rsucc=0.945 n_rounds= 3107 ret=+10.469 len=425.0 ent(t0,t>=1)=(0.000,0.914) aL=-0.0041 vL=0.1159 t0=[red=1.00 blue=0.00]
[u  293] env= 19202048 rsucc=0.938 n_rounds= 2971 ret=+9.940 len=450.4 ent(t0,t>=1)=(0.000,0.933) aL=-0.0059 vL=0.1031 t0=[red=1.00 blue=0.00]
[u  294] env= 19267584 rsucc=0.939 n_rounds= 3019 ret=+10.471 len=438.2 ent(t0,t>=1)=(0.000,0.917) aL=-0.0059 vL=0.1073 t0=[red=1.00 blue=0.00]
[u  295] env= 19333120 rsucc=0.939 n_rounds= 2963 ret=+10.415 len=436.1 ent(t0,t>=1)=(0.000,0.915) aL=-0.0038 vL=0.1158 t0=[red=1.00 blue=0.00]
[u  296] env= 19398656 rsucc=0.931 n_rounds= 2938 ret=+9.923 len=455.4 ent(t0,t>=1)=(0.000,0.907) aL=-0.0056 vL=0.1105 t0=[red=1.00 blue=0.00]
[u  297] env= 19464192 rsucc=0.932 n_rounds= 2957 ret=+11.013 len=415.2 ent(t0,t>=1)=(0.000,0.904) aL=-0.0052 vL=0.1016 t0=[red=1.00 blue=0.00]
[u  298] env= 19529728 rsucc=0.931 n_rounds= 3025 ret=+9.831 len=450.9 ent(t0,t>=1)=(0.000,0.915) aL=-0.0039 vL=0.1279 t0=[red=1.00 blue=0.00]
[u  299] env= 19595264 rsucc=0.942 n_rounds= 3040 ret=+10.382 len=436.7 ent(t0,t>=1)=(0.000,0.910) aL=-0.0055 vL=0.1064 t0=[red=1.00 blue=0.00]
[u  300] env= 19660800 rsucc=0.943 n_rounds= 3071 ret=+10.132 len=443.7 ent(t0,t>=1)=(0.000,0.899) aL=-0.0058 vL=0.1034 t0=[red=1.00 blue=0.00]
[u  301] env= 19726336 rsucc=0.942 n_rounds= 3086 ret=+11.075 len=412.0 ent(t0,t>=1)=(0.000,0.915) aL=-0.0058 vL=0.1121 t0=[red=1.00 blue=0.00]
[u  302] env= 19791872 rsucc=0.940 n_rounds= 3038 ret=+10.793 len=424.1 ent(t0,t>=1)=(0.000,0.921) aL=-0.0051 vL=0.1072 t0=[red=1.00 blue=0.00]
[u  303] env= 19857408 rsucc=0.926 n_rounds= 3002 ret=+10.132 len=441.9 ent(t0,t>=1)=(0.000,0.918) aL=-0.0050 vL=0.1056 t0=[red=1.00 blue=0.00]
[u  304] env= 19922944 rsucc=0.945 n_rounds= 3028 ret=+10.970 len=413.0 ent(t0,t>=1)=(0.000,0.903) aL=-0.0052 vL=0.1000 t0=[red=1.00 blue=0.00]
[u  305] env= 19988480 rsucc=0.947 n_rounds= 3132 ret=+10.348 len=444.5 ent(t0,t>=1)=(0.000,0.886) aL=-0.0044 vL=0.1081 t0=[red=1.00 blue=0.00]
[u  306] env= 20054016 rsucc=0.935 n_rounds= 3070 ret=+10.565 len=426.8 ent(t0,t>=1)=(0.000,0.888) aL=-0.0062 vL=0.1043 t0=[red=1.00 blue=0.00]
[u  307] env= 20119552 rsucc=0.929 n_rounds= 3003 ret=+10.575 len=426.9 ent(t0,t>=1)=(0.000,0.916) aL=-0.0042 vL=0.1188 t0=[red=1.00 blue=0.00]
[u  308] env= 20185088 rsucc=0.937 n_rounds= 3089 ret=+10.472 len=426.9 ent(t0,t>=1)=(0.000,0.906) aL=-0.0051 vL=0.1257 t0=[red=1.00 blue=0.00]
[u  309] env= 20250624 rsucc=0.943 n_rounds= 3137 ret=+10.374 len=435.7 ent(t0,t>=1)=(0.000,0.890) aL=-0.0054 vL=0.1154 t0=[red=1.00 blue=0.00]
[u  310] env= 20316160 rsucc=0.936 n_rounds= 3164 ret=+11.501 len=391.6 ent(t0,t>=1)=(0.000,0.903) aL=-0.0062 vL=0.1120 t0=[red=1.00 blue=0.00]
[u  311] env= 20381696 rsucc=0.938 n_rounds= 3075 ret=+10.358 len=433.0 ent(t0,t>=1)=(0.000,0.898) aL=-0.0060 vL=0.1137 t0=[red=1.00 blue=0.00]
[u  312] env= 20447232 rsucc=0.938 n_rounds= 2976 ret=+10.769 len=423.8 ent(t0,t>=1)=(0.000,0.907) aL=-0.0055 vL=0.1278 t0=[red=1.00 blue=0.00]
[u  313] env= 20512768 rsucc=0.934 n_rounds= 3038 ret=+10.216 len=442.2 ent(t0,t>=1)=(0.000,0.893) aL=-0.0038 vL=0.1255 t0=[red=1.00 blue=0.00]
[u  314] env= 20578304 rsucc=0.941 n_rounds= 3105 ret=+10.784 len=418.2 ent(t0,t>=1)=(0.000,0.901) aL=-0.0046 vL=0.1150 t0=[red=1.00 blue=0.00]
[u  315] env= 20643840 rsucc=0.939 n_rounds= 3081 ret=+10.472 len=431.2 ent(t0,t>=1)=(0.000,0.908) aL=-0.0040 vL=0.1111 t0=[red=1.00 blue=0.00]
[u  316] env= 20709376 rsucc=0.937 n_rounds= 3075 ret=+10.725 len=423.3 ent(t0,t>=1)=(0.000,0.906) aL=-0.0036 vL=0.1340 t0=[red=1.00 blue=0.00]
[u  317] env= 20774912 rsucc=0.940 n_rounds= 3152 ret=+10.696 len=424.2 ent(t0,t>=1)=(0.000,0.902) aL=-0.0035 vL=0.1373 t0=[red=1.00 blue=0.00]
[u  318] env= 20840448 rsucc=0.939 n_rounds= 3103 ret=+10.729 len=418.6 ent(t0,t>=1)=(0.000,0.899) aL=-0.0051 vL=0.1267 t0=[red=1.00 blue=0.00]
[u  319] env= 20905984 rsucc=0.941 n_rounds= 3140 ret=+10.635 len=425.4 ent(t0,t>=1)=(0.000,0.890) aL=-0.0048 vL=0.1211 t0=[red=1.00 blue=0.00]
[u  320] env= 20971520 rsucc=0.948 n_rounds= 3175 ret=+11.233 len=408.3 ent(t0,t>=1)=(0.000,0.899) aL=-0.0056 vL=0.1179 t0=[red=1.00 blue=0.00]
[u  321] env= 21037056 rsucc=0.940 n_rounds= 3096 ret=+11.006 len=409.4 ent(t0,t>=1)=(0.000,0.894) aL=-0.0045 vL=0.1129 t0=[red=1.00 blue=0.00]
[u  322] env= 21102592 rsucc=0.941 n_rounds= 3068 ret=+10.512 len=432.3 ent(t0,t>=1)=(0.000,0.912) aL=-0.0054 vL=0.1328 t0=[red=1.00 blue=0.00]
[u  323] env= 21168128 rsucc=0.940 n_rounds= 3064 ret=+10.204 len=439.0 ent(t0,t>=1)=(0.000,0.908) aL=-0.0048 vL=0.1125 t0=[red=1.00 blue=0.00]
[u  324] env= 21233664 rsucc=0.945 n_rounds= 2993 ret=+11.004 len=416.5 ent(t0,t>=1)=(0.000,0.923) aL=-0.0054 vL=0.1066 t0=[red=1.00 blue=0.00]
[u  325] env= 21299200 rsucc=0.940 n_rounds= 3015 ret=+10.158 len=450.8 ent(t0,t>=1)=(0.000,0.919) aL=-0.0044 vL=0.1091 t0=[red=1.00 blue=0.00]
[u  326] env= 21364736 rsucc=0.936 n_rounds= 2996 ret=+10.817 len=423.0 ent(t0,t>=1)=(0.000,0.922) aL=-0.0058 vL=0.1149 t0=[red=1.00 blue=0.00]
[u  327] env= 21430272 rsucc=0.938 n_rounds= 3025 ret=+10.576 len=427.5 ent(t0,t>=1)=(0.000,0.925) aL=-0.0043 vL=0.1089 t0=[red=1.00 blue=0.00]
[u  328] env= 21495808 rsucc=0.934 n_rounds= 3023 ret=+9.830 len=459.7 ent(t0,t>=1)=(0.000,0.938) aL=-0.0037 vL=0.1206 t0=[red=1.00 blue=0.00]
[u  329] env= 21561344 rsucc=0.940 n_rounds= 3186 ret=+11.119 len=400.4 ent(t0,t>=1)=(0.000,0.915) aL=-0.0065 vL=0.1274 t0=[red=1.00 blue=0.00]
[u  330] env= 21626880 rsucc=0.937 n_rounds= 3123 ret=+10.888 len=418.3 ent(t0,t>=1)=(0.000,0.924) aL=-0.0044 vL=0.1217 t0=[red=1.00 blue=0.00]
[u  331] env= 21692416 rsucc=0.936 n_rounds= 2999 ret=+10.683 len=423.9 ent(t0,t>=1)=(0.000,0.937) aL=-0.0056 vL=0.1145 t0=[red=1.00 blue=0.00]
[u  332] env= 21757952 rsucc=0.936 n_rounds= 2975 ret=+10.583 len=429.4 ent(t0,t>=1)=(0.000,0.946) aL=-0.0041 vL=0.1194 t0=[red=1.00 blue=0.00]
[u  333] env= 21823488 rsucc=0.936 n_rounds= 3039 ret=+10.056 len=444.9 ent(t0,t>=1)=(0.000,0.934) aL=-0.0056 vL=0.1219 t0=[red=1.00 blue=0.00]
[u  334] env= 21889024 rsucc=0.941 n_rounds= 3058 ret=+10.683 len=428.6 ent(t0,t>=1)=(0.000,0.927) aL=-0.0051 vL=0.1108 t0=[red=1.00 blue=0.00]
[u  335] env= 21954560 rsucc=0.941 n_rounds= 3057 ret=+10.262 len=440.2 ent(t0,t>=1)=(0.000,0.916) aL=-0.0052 vL=0.1065 t0=[red=1.00 blue=0.00]
[u  336] env= 22020096 rsucc=0.937 n_rounds= 3027 ret=+10.761 len=420.2 ent(t0,t>=1)=(0.000,0.919) aL=-0.0059 vL=0.1109 t0=[red=1.00 blue=0.00]
[u  337] env= 22085632 rsucc=0.941 n_rounds= 3008 ret=+10.206 len=443.8 ent(t0,t>=1)=(0.000,0.913) aL=-0.0055 vL=0.1058 t0=[red=1.00 blue=0.00]
[u  338] env= 22151168 rsucc=0.934 n_rounds= 3001 ret=+10.563 len=432.2 ent(t0,t>=1)=(0.000,0.915) aL=-0.0056 vL=0.1005 t0=[red=1.00 blue=0.00]
[u  339] env= 22216704 rsucc=0.939 n_rounds= 2990 ret=+10.177 len=448.8 ent(t0,t>=1)=(0.000,0.907) aL=-0.0044 vL=0.1061 t0=[red=1.00 blue=0.00]
[u  340] env= 22282240 rsucc=0.948 n_rounds= 3192 ret=+10.915 len=414.6 ent(t0,t>=1)=(0.000,0.877) aL=-0.0038 vL=0.1141 t0=[red=1.00 blue=0.00]
[u  341] env= 22347776 rsucc=0.939 n_rounds= 3068 ret=+10.828 len=418.1 ent(t0,t>=1)=(0.000,0.893) aL=-0.0040 vL=0.1135 t0=[red=1.00 blue=0.00]
[u  342] env= 22413312 rsucc=0.940 n_rounds= 3098 ret=+10.682 len=426.5 ent(t0,t>=1)=(0.000,0.907) aL=-0.0042 vL=0.1074 t0=[red=1.00 blue=0.00]
[u  343] env= 22478848 rsucc=0.933 n_rounds= 3084 ret=+10.458 len=431.3 ent(t0,t>=1)=(0.000,0.896) aL=-0.0052 vL=0.1028 t0=[red=1.00 blue=0.00]
[u  344] env= 22544384 rsucc=0.932 n_rounds= 3021 ret=+10.683 len=418.7 ent(t0,t>=1)=(0.000,0.885) aL=-0.0028 vL=0.0985 t0=[red=1.00 blue=0.00]
[u  345] env= 22609920 rsucc=0.948 n_rounds= 3089 ret=+10.745 len=425.5 ent(t0,t>=1)=(0.000,0.891) aL=-0.0053 vL=0.1038 t0=[red=1.00 blue=0.00]
[u  346] env= 22675456 rsucc=0.943 n_rounds= 3132 ret=+10.302 len=438.2 ent(t0,t>=1)=(0.000,0.881) aL=-0.0030 vL=0.1178 t0=[red=1.00 blue=0.00]
[u  347] env= 22740992 rsucc=0.936 n_rounds= 3114 ret=+11.139 len=408.8 ent(t0,t>=1)=(0.000,0.890) aL=-0.0057 vL=0.1116 t0=[red=1.00 blue=0.00]
[u  348] env= 22806528 rsucc=0.937 n_rounds= 3079 ret=+10.769 len=421.2 ent(t0,t>=1)=(0.000,0.900) aL=-0.0035 vL=0.1094 t0=[red=1.00 blue=0.00]
[u  349] env= 22872064 rsucc=0.935 n_rounds= 3041 ret=+10.757 len=417.6 ent(t0,t>=1)=(0.000,0.897) aL=-0.0029 vL=0.1086 t0=[red=1.00 blue=0.00]
[u  350] env= 22937600 rsucc=0.942 n_rounds= 3181 ret=+10.165 len=443.8 ent(t0,t>=1)=(0.000,0.883) aL=-0.0042 vL=0.1111 t0=[red=1.00 blue=0.00]
[u  351] env= 23003136 rsucc=0.943 n_rounds= 3130 ret=+11.066 len=408.5 ent(t0,t>=1)=(0.000,0.879) aL=-0.0041 vL=0.1073 t0=[red=1.00 blue=0.00]
[u  352] env= 23068672 rsucc=0.942 n_rounds= 3052 ret=+10.584 len=427.2 ent(t0,t>=1)=(0.000,0.914) aL=-0.0052 vL=0.1042 t0=[red=1.00 blue=0.00]
[u  353] env= 23134208 rsucc=0.940 n_rounds= 3023 ret=+10.892 len=417.9 ent(t0,t>=1)=(0.000,0.902) aL=-0.0053 vL=0.1129 t0=[red=1.00 blue=0.00]
[u  354] env= 23199744 rsucc=0.938 n_rounds= 3216 ret=+10.486 len=432.6 ent(t0,t>=1)=(0.000,0.896) aL=-0.0057 vL=0.1176 t0=[red=1.00 blue=0.00]
[u  355] env= 23265280 rsucc=0.944 n_rounds= 3141 ret=+10.987 len=413.6 ent(t0,t>=1)=(0.000,0.923) aL=-0.0046 vL=0.1198 t0=[red=1.00 blue=0.00]
[u  356] env= 23330816 rsucc=0.940 n_rounds= 3126 ret=+11.004 len=409.0 ent(t0,t>=1)=(0.000,0.907) aL=-0.0041 vL=0.1200 t0=[red=1.00 blue=0.00]
[u  357] env= 23396352 rsucc=0.943 n_rounds= 3064 ret=+10.710 len=425.1 ent(t0,t>=1)=(0.000,0.923) aL=-0.0063 vL=0.1061 t0=[red=1.00 blue=0.00]
[u  358] env= 23461888 rsucc=0.933 n_rounds= 3039 ret=+10.696 len=428.5 ent(t0,t>=1)=(0.000,0.928) aL=-0.0044 vL=0.1138 t0=[red=1.00 blue=0.00]
[u  359] env= 23527424 rsucc=0.936 n_rounds= 3076 ret=+10.327 len=433.7 ent(t0,t>=1)=(0.000,0.924) aL=-0.0051 vL=0.1204 t0=[red=1.00 blue=0.00]
[u  360] env= 23592960 rsucc=0.948 n_rounds= 3106 ret=+10.700 len=424.1 ent(t0,t>=1)=(0.000,0.917) aL=-0.0048 vL=0.1233 t0=[red=1.00 blue=0.00]
[u  361] env= 23658496 rsucc=0.949 n_rounds= 3112 ret=+10.762 len=424.0 ent(t0,t>=1)=(0.000,0.910) aL=-0.0050 vL=0.1141 t0=[red=1.00 blue=0.00]
[u  362] env= 23724032 rsucc=0.938 n_rounds= 3114 ret=+11.314 len=406.4 ent(t0,t>=1)=(0.000,0.912) aL=-0.0055 vL=0.1179 t0=[red=1.00 blue=0.00]
[u  363] env= 23789568 rsucc=0.934 n_rounds= 3041 ret=+10.511 len=428.0 ent(t0,t>=1)=(0.000,0.926) aL=-0.0058 vL=0.1047 t0=[red=1.00 blue=0.00]
[u  364] env= 23855104 rsucc=0.949 n_rounds= 3133 ret=+10.381 len=433.9 ent(t0,t>=1)=(0.000,0.920) aL=-0.0052 vL=0.1137 t0=[red=1.00 blue=0.00]
[u  365] env= 23920640 rsucc=0.941 n_rounds= 3081 ret=+10.764 len=423.3 ent(t0,t>=1)=(0.000,0.939) aL=-0.0054 vL=0.1106 t0=[red=1.00 blue=0.00]
[u  366] env= 23986176 rsucc=0.943 n_rounds= 3156 ret=+10.587 len=430.7 ent(t0,t>=1)=(0.000,0.923) aL=-0.0056 vL=0.1250 t0=[red=1.00 blue=0.00]
[u  367] env= 24051712 rsucc=0.940 n_rounds= 3126 ret=+11.459 len=391.6 ent(t0,t>=1)=(0.000,0.931) aL=-0.0046 vL=0.1280 t0=[red=1.00 blue=0.00]
[u  368] env= 24117248 rsucc=0.939 n_rounds= 3104 ret=+10.397 len=438.7 ent(t0,t>=1)=(0.000,0.934) aL=-0.0062 vL=0.1188 t0=[red=1.00 blue=0.00]
[u  369] env= 24182784 rsucc=0.940 n_rounds= 3126 ret=+11.370 len=397.1 ent(t0,t>=1)=(0.000,0.929) aL=-0.0042 vL=0.1260 t0=[red=1.00 blue=0.00]
[u  370] env= 24248320 rsucc=0.938 n_rounds= 3019 ret=+10.512 len=433.3 ent(t0,t>=1)=(0.000,0.945) aL=-0.0059 vL=0.1147 t0=[red=1.00 blue=0.00]
[u  371] env= 24313856 rsucc=0.937 n_rounds= 2977 ret=+10.613 len=425.7 ent(t0,t>=1)=(0.000,0.959) aL=-0.0059 vL=0.1087 t0=[red=1.00 blue=0.00]
[u  372] env= 24379392 rsucc=0.938 n_rounds= 3033 ret=+10.272 len=442.2 ent(t0,t>=1)=(0.000,0.959) aL=-0.0051 vL=0.1250 t0=[red=1.00 blue=0.00]
[u  373] env= 24444928 rsucc=0.935 n_rounds= 3081 ret=+10.268 len=438.2 ent(t0,t>=1)=(0.000,0.940) aL=-0.0055 vL=0.1187 t0=[red=1.00 blue=0.00]
[u  374] env= 24510464 rsucc=0.937 n_rounds= 3073 ret=+10.647 len=421.3 ent(t0,t>=1)=(0.000,0.933) aL=-0.0046 vL=0.1233 t0=[red=1.00 blue=0.00]
[u  375] env= 24576000 rsucc=0.940 n_rounds= 3081 ret=+10.863 len=420.8 ent(t0,t>=1)=(0.000,0.942) aL=-0.0052 vL=0.1137 t0=[red=1.00 blue=0.00]
[u  376] env= 24641536 rsucc=0.940 n_rounds= 3099 ret=+10.112 len=444.7 ent(t0,t>=1)=(0.000,0.946) aL=-0.0050 vL=0.1105 t0=[red=1.00 blue=0.00]
[u  377] env= 24707072 rsucc=0.940 n_rounds= 2990 ret=+11.041 len=414.1 ent(t0,t>=1)=(0.000,0.964) aL=-0.0062 vL=0.1128 t0=[red=1.00 blue=0.00]
[u  378] env= 24772608 rsucc=0.944 n_rounds= 3098 ret=+10.290 len=438.0 ent(t0,t>=1)=(0.000,0.955) aL=-0.0047 vL=0.1180 t0=[red=1.00 blue=0.00]
[u  379] env= 24838144 rsucc=0.940 n_rounds= 3093 ret=+10.353 len=437.2 ent(t0,t>=1)=(0.000,0.945) aL=-0.0051 vL=0.1262 t0=[red=1.00 blue=0.00]
[u  380] env= 24903680 rsucc=0.944 n_rounds= 3109 ret=+10.939 len=422.1 ent(t0,t>=1)=(0.000,0.969) aL=-0.0032 vL=0.1409 t0=[red=1.00 blue=0.00]
[u  381] env= 24969216 rsucc=0.936 n_rounds= 3069 ret=+11.243 len=398.9 ent(t0,t>=1)=(0.000,0.972) aL=-0.0062 vL=0.1194 t0=[red=1.00 blue=0.00]
[u  382] env= 25034752 rsucc=0.935 n_rounds= 2951 ret=+10.124 len=447.3 ent(t0,t>=1)=(0.000,0.980) aL=-0.0046 vL=0.1179 t0=[red=1.00 blue=0.00]
[u  383] env= 25100288 rsucc=0.935 n_rounds= 2960 ret=+10.695 len=420.6 ent(t0,t>=1)=(0.000,0.987) aL=-0.0053 vL=0.1046 t0=[red=1.00 blue=0.00]
[u  384] env= 25165824 rsucc=0.937 n_rounds= 3050 ret=+9.492 len=477.3 ent(t0,t>=1)=(0.000,0.960) aL=-0.0056 vL=0.1239 t0=[red=1.00 blue=0.00]
[u  385] env= 25231360 rsucc=0.940 n_rounds= 3053 ret=+10.311 len=437.0 ent(t0,t>=1)=(0.000,0.965) aL=-0.0044 vL=0.1313 t0=[red=1.00 blue=0.00]
[u  386] env= 25296896 rsucc=0.944 n_rounds= 3140 ret=+11.137 len=406.0 ent(t0,t>=1)=(0.000,0.949) aL=-0.0053 vL=0.1254 t0=[red=1.00 blue=0.00]
[u  387] env= 25362432 rsucc=0.925 n_rounds= 3031 ret=+10.690 len=424.4 ent(t0,t>=1)=(0.000,0.966) aL=-0.0046 vL=0.1178 t0=[red=1.00 blue=0.00]
[u  388] env= 25427968 rsucc=0.938 n_rounds= 3072 ret=+10.578 len=424.1 ent(t0,t>=1)=(0.000,0.967) aL=-0.0053 vL=0.1176 t0=[red=1.00 blue=0.00]
[u  389] env= 25493504 rsucc=0.943 n_rounds= 3144 ret=+10.112 len=442.2 ent(t0,t>=1)=(0.000,0.949) aL=-0.0052 vL=0.1076 t0=[red=1.00 blue=0.00]
[u  390] env= 25559040 rsucc=0.942 n_rounds= 3051 ret=+11.286 len=403.4 ent(t0,t>=1)=(0.000,0.962) aL=-0.0053 vL=0.1168 t0=[red=1.00 blue=0.00]
[u  391] env= 25624576 rsucc=0.927 n_rounds= 2963 ret=+10.745 len=426.2 ent(t0,t>=1)=(0.000,0.991) aL=-0.0062 vL=0.1170 t0=[red=1.00 blue=0.00]
[u  392] env= 25690112 rsucc=0.944 n_rounds= 3178 ret=+10.158 len=440.6 ent(t0,t>=1)=(0.000,0.953) aL=-0.0061 vL=0.1227 t0=[red=1.00 blue=0.00]
[u  393] env= 25755648 rsucc=0.946 n_rounds= 3167 ret=+10.676 len=425.6 ent(t0,t>=1)=(0.000,0.922) aL=-0.0057 vL=0.1143 t0=[red=1.00 blue=0.00]
[u  394] env= 25821184 rsucc=0.945 n_rounds= 3179 ret=+11.366 len=400.4 ent(t0,t>=1)=(0.000,0.937) aL=-0.0053 vL=0.1149 t0=[red=1.00 blue=0.00]
[u  395] env= 25886720 rsucc=0.935 n_rounds= 3219 ret=+10.993 len=408.1 ent(t0,t>=1)=(0.000,0.937) aL=-0.0060 vL=0.1240 t0=[red=1.00 blue=0.00]
[u  396] env= 25952256 rsucc=0.944 n_rounds= 3132 ret=+11.102 len=408.2 ent(t0,t>=1)=(0.000,0.939) aL=-0.0045 vL=0.1250 t0=[red=1.00 blue=0.00]
[u  397] env= 26017792 rsucc=0.937 n_rounds= 3099 ret=+10.636 len=422.6 ent(t0,t>=1)=(0.000,0.954) aL=-0.0033 vL=0.1263 t0=[red=1.00 blue=0.00]
[u  398] env= 26083328 rsucc=0.937 n_rounds= 3131 ret=+10.666 len=424.7 ent(t0,t>=1)=(0.000,0.946) aL=-0.0060 vL=0.1198 t0=[red=1.00 blue=0.00]
[u  399] env= 26148864 rsucc=0.944 n_rounds= 3085 ret=+10.900 len=415.7 ent(t0,t>=1)=(0.000,0.948) aL=-0.0058 vL=0.1124 t0=[red=1.00 blue=0.00]
[u  400] env= 26214400 rsucc=0.932 n_rounds= 2885 ret=+9.959 len=454.4 ent(t0,t>=1)=(0.000,0.961) aL=-0.0057 vL=0.1085 t0=[red=1.00 blue=0.00]
[u  401] env= 26279936 rsucc=0.941 n_rounds= 3056 ret=+10.589 len=427.7 ent(t0,t>=1)=(0.000,0.957) aL=-0.0061 vL=0.1092 t0=[red=1.00 blue=0.00]
[u  402] env= 26345472 rsucc=0.940 n_rounds= 3186 ret=+10.521 len=432.9 ent(t0,t>=1)=(0.000,0.930) aL=-0.0047 vL=0.1206 t0=[red=1.00 blue=0.00]
[u  403] env= 26411008 rsucc=0.952 n_rounds= 3168 ret=+10.957 len=414.9 ent(t0,t>=1)=(0.000,0.921) aL=-0.0066 vL=0.1116 t0=[red=1.00 blue=0.00]
[u  404] env= 26476544 rsucc=0.945 n_rounds= 3192 ret=+11.446 len=398.3 ent(t0,t>=1)=(0.000,0.916) aL=-0.0056 vL=0.1270 t0=[red=1.00 blue=0.00]
[u  405] env= 26542080 rsucc=0.944 n_rounds= 3044 ret=+10.972 len=416.2 ent(t0,t>=1)=(0.000,0.935) aL=-0.0060 vL=0.0993 t0=[red=1.00 blue=0.00]
[u  406] env= 26607616 rsucc=0.937 n_rounds= 3037 ret=+10.146 len=449.0 ent(t0,t>=1)=(0.000,0.946) aL=-0.0053 vL=0.1055 t0=[red=1.00 blue=0.00]
[u  407] env= 26673152 rsucc=0.943 n_rounds= 3094 ret=+11.020 len=410.7 ent(t0,t>=1)=(0.000,0.945) aL=-0.0043 vL=0.1055 t0=[red=1.00 blue=0.00]
[u  408] env= 26738688 rsucc=0.949 n_rounds= 3262 ret=+10.827 len=420.5 ent(t0,t>=1)=(0.000,0.920) aL=-0.0049 vL=0.1202 t0=[red=1.00 blue=0.00]
[u  409] env= 26804224 rsucc=0.941 n_rounds= 3204 ret=+10.605 len=426.7 ent(t0,t>=1)=(0.000,0.932) aL=-0.0062 vL=0.1084 t0=[red=1.00 blue=0.00]
[u  410] env= 26869760 rsucc=0.948 n_rounds= 3090 ret=+11.638 len=386.4 ent(t0,t>=1)=(0.000,0.939) aL=-0.0060 vL=0.0996 t0=[red=1.00 blue=0.00]
[u  411] env= 26935296 rsucc=0.939 n_rounds= 3177 ret=+10.571 len=434.7 ent(t0,t>=1)=(0.000,0.946) aL=-0.0049 vL=0.1172 t0=[red=1.00 blue=0.00]
[u  412] env= 27000832 rsucc=0.948 n_rounds= 3271 ret=+11.465 len=395.4 ent(t0,t>=1)=(0.000,0.928) aL=-0.0061 vL=0.1189 t0=[red=1.00 blue=0.00]
[u  413] env= 27066368 rsucc=0.937 n_rounds= 3117 ret=+11.146 len=400.8 ent(t0,t>=1)=(0.000,0.955) aL=-0.0060 vL=0.1049 t0=[red=1.00 blue=0.00]
[u  414] env= 27131904 rsucc=0.940 n_rounds= 3180 ret=+10.390 len=435.1 ent(t0,t>=1)=(0.000,0.935) aL=-0.0054 vL=0.1089 t0=[red=1.00 blue=0.00]
[u  415] env= 27197440 rsucc=0.952 n_rounds= 3298 ret=+11.088 len=406.8 ent(t0,t>=1)=(0.000,0.929) aL=-0.0060 vL=0.1094 t0=[red=1.00 blue=0.00]
[u  416] env= 27262976 rsucc=0.945 n_rounds= 3314 ret=+11.531 len=390.9 ent(t0,t>=1)=(0.000,0.925) aL=-0.0044 vL=0.1351 t0=[red=1.00 blue=0.00]
[u  417] env= 27328512 rsucc=0.943 n_rounds= 3202 ret=+11.483 len=393.3 ent(t0,t>=1)=(0.000,0.942) aL=-0.0054 vL=0.1117 t0=[red=1.00 blue=0.00]
[u  418] env= 27394048 rsucc=0.939 n_rounds= 3150 ret=+10.617 len=421.0 ent(t0,t>=1)=(0.000,0.952) aL=-0.0049 vL=0.1169 t0=[red=1.00 blue=0.00]
[u  419] env= 27459584 rsucc=0.947 n_rounds= 3199 ret=+11.021 len=417.3 ent(t0,t>=1)=(0.000,0.952) aL=-0.0066 vL=0.1122 t0=[red=1.00 blue=0.00]
[u  420] env= 27525120 rsucc=0.940 n_rounds= 3047 ret=+10.816 len=418.4 ent(t0,t>=1)=(0.000,0.979) aL=-0.0060 vL=0.1016 t0=[red=1.00 blue=0.00]
[u  421] env= 27590656 rsucc=0.946 n_rounds= 3113 ret=+10.829 len=420.0 ent(t0,t>=1)=(0.000,0.971) aL=-0.0029 vL=0.1093 t0=[red=1.00 blue=0.00]
[u  422] env= 27656192 rsucc=0.941 n_rounds= 3079 ret=+10.748 len=425.2 ent(t0,t>=1)=(0.000,0.985) aL=-0.0062 vL=0.1065 t0=[red=1.00 blue=0.00]
[u  423] env= 27721728 rsucc=0.941 n_rounds= 3049 ret=+10.792 len=423.4 ent(t0,t>=1)=(0.000,0.971) aL=-0.0049 vL=0.1264 t0=[red=1.00 blue=0.00]
[u  424] env= 27787264 rsucc=0.939 n_rounds= 3078 ret=+11.104 len=413.8 ent(t0,t>=1)=(0.000,0.972) aL=-0.0047 vL=0.1173 t0=[red=1.00 blue=0.00]
[u  425] env= 27852800 rsucc=0.933 n_rounds= 2994 ret=+10.169 len=442.9 ent(t0,t>=1)=(0.000,0.983) aL=-0.0051 vL=0.1115 t0=[red=1.00 blue=0.00]
[u  426] env= 27918336 rsucc=0.929 n_rounds= 3080 ret=+10.386 len=433.5 ent(t0,t>=1)=(0.000,0.983) aL=-0.0053 vL=0.1162 t0=[red=1.00 blue=0.00]
[u  427] env= 27983872 rsucc=0.947 n_rounds= 3147 ret=+10.301 len=435.7 ent(t0,t>=1)=(0.000,0.961) aL=-0.0046 vL=0.1153 t0=[red=1.00 blue=0.00]
[u  428] env= 28049408 rsucc=0.950 n_rounds= 3222 ret=+11.321 len=397.6 ent(t0,t>=1)=(0.000,0.949) aL=-0.0035 vL=0.1272 t0=[red=1.00 blue=0.00]
[u  429] env= 28114944 rsucc=0.935 n_rounds= 3047 ret=+10.713 len=420.9 ent(t0,t>=1)=(0.000,0.984) aL=-0.0060 vL=0.1062 t0=[red=1.00 blue=0.00]
[u  430] env= 28180480 rsucc=0.935 n_rounds= 3065 ret=+10.833 len=423.8 ent(t0,t>=1)=(0.000,0.974) aL=-0.0051 vL=0.1128 t0=[red=1.00 blue=0.00]
[u  431] env= 28246016 rsucc=0.943 n_rounds= 3073 ret=+10.577 len=429.1 ent(t0,t>=1)=(0.000,0.963) aL=-0.0059 vL=0.1152 t0=[red=1.00 blue=0.00]
[u  432] env= 28311552 rsucc=0.942 n_rounds= 3074 ret=+10.419 len=435.0 ent(t0,t>=1)=(0.000,0.979) aL=-0.0052 vL=0.1228 t0=[red=1.00 blue=0.00]
[u  433] env= 28377088 rsucc=0.942 n_rounds= 3275 ret=+10.967 len=414.5 ent(t0,t>=1)=(0.000,0.943) aL=-0.0053 vL=0.1216 t0=[red=1.00 blue=0.00]
[u  434] env= 28442624 rsucc=0.943 n_rounds= 3206 ret=+11.368 len=394.2 ent(t0,t>=1)=(0.000,0.954) aL=-0.0062 vL=0.1219 t0=[red=1.00 blue=0.00]
[u  435] env= 28508160 rsucc=0.942 n_rounds= 3083 ret=+10.542 len=424.4 ent(t0,t>=1)=(0.000,0.971) aL=-0.0057 vL=0.0985 t0=[red=1.00 blue=0.00]
[u  436] env= 28573696 rsucc=0.945 n_rounds= 3169 ret=+11.424 len=404.5 ent(t0,t>=1)=(0.000,0.964) aL=-0.0055 vL=0.1123 t0=[red=1.00 blue=0.00]
[u  437] env= 28639232 rsucc=0.948 n_rounds= 3153 ret=+10.345 len=437.6 ent(t0,t>=1)=(0.000,0.978) aL=-0.0064 vL=0.1190 t0=[red=1.00 blue=0.00]
[u  438] env= 28704768 rsucc=0.941 n_rounds= 3094 ret=+10.833 len=412.6 ent(t0,t>=1)=(0.000,0.993) aL=-0.0069 vL=0.1044 t0=[red=1.00 blue=0.00]
[u  439] env= 28770304 rsucc=0.938 n_rounds= 3115 ret=+10.950 len=418.7 ent(t0,t>=1)=(0.000,0.984) aL=-0.0045 vL=0.1196 t0=[red=1.00 blue=0.00]
[u  440] env= 28835840 rsucc=0.947 n_rounds= 3266 ret=+10.715 len=424.4 ent(t0,t>=1)=(0.000,0.963) aL=-0.0056 vL=0.1197 t0=[red=1.00 blue=0.00]
[u  441] env= 28901376 rsucc=0.943 n_rounds= 3288 ret=+11.751 len=380.8 ent(t0,t>=1)=(0.000,0.963) aL=-0.0052 vL=0.1175 t0=[red=1.00 blue=0.00]
[u  442] env= 28966912 rsucc=0.943 n_rounds= 3037 ret=+10.945 len=413.9 ent(t0,t>=1)=(0.000,1.000) aL=-0.0057 vL=0.1099 t0=[red=1.00 blue=0.00]
[u  443] env= 29032448 rsucc=0.941 n_rounds= 3111 ret=+10.531 len=431.9 ent(t0,t>=1)=(0.000,1.007) aL=-0.0062 vL=0.1051 t0=[red=1.00 blue=0.00]
[u  444] env= 29097984 rsucc=0.946 n_rounds= 3128 ret=+10.540 len=433.9 ent(t0,t>=1)=(0.000,0.991) aL=-0.0049 vL=0.1119 t0=[red=1.00 blue=0.00]
[u  445] env= 29163520 rsucc=0.949 n_rounds= 3166 ret=+11.342 len=397.5 ent(t0,t>=1)=(0.000,0.980) aL=-0.0060 vL=0.1060 t0=[red=1.00 blue=0.00]
[u  446] env= 29229056 rsucc=0.941 n_rounds= 3090 ret=+11.067 len=413.8 ent(t0,t>=1)=(0.000,0.987) aL=-0.0063 vL=0.1044 t0=[red=1.00 blue=0.00]
[u  447] env= 29294592 rsucc=0.942 n_rounds= 3071 ret=+11.044 len=414.4 ent(t0,t>=1)=(0.000,0.986) aL=-0.0051 vL=0.1016 t0=[red=1.00 blue=0.00]
[u  448] env= 29360128 rsucc=0.939 n_rounds= 3143 ret=+10.851 len=422.8 ent(t0,t>=1)=(0.000,0.994) aL=-0.0049 vL=0.1177 t0=[red=1.00 blue=0.00]
[u  449] env= 29425664 rsucc=0.950 n_rounds= 3330 ret=+10.604 len=420.9 ent(t0,t>=1)=(0.000,0.961) aL=-0.0050 vL=0.1234 t0=[red=1.00 blue=0.00]
[u  450] env= 29491200 rsucc=0.946 n_rounds= 3160 ret=+11.161 len=408.9 ent(t0,t>=1)=(0.000,0.989) aL=-0.0050 vL=0.1082 t0=[red=1.00 blue=0.00]
[u  451] env= 29556736 rsucc=0.941 n_rounds= 3128 ret=+11.578 len=396.7 ent(t0,t>=1)=(0.000,1.012) aL=-0.0055 vL=0.1078 t0=[red=1.00 blue=0.00]
[u  452] env= 29622272 rsucc=0.930 n_rounds= 2874 ret=+10.584 len=426.8 ent(t0,t>=1)=(0.000,1.032) aL=-0.0044 vL=0.1058 t0=[red=1.00 blue=0.00]
[u  453] env= 29687808 rsucc=0.931 n_rounds= 2947 ret=+9.788 len=455.4 ent(t0,t>=1)=(0.000,1.030) aL=-0.0054 vL=0.1118 t0=[red=1.00 blue=0.00]
[u  454] env= 29753344 rsucc=0.935 n_rounds= 3095 ret=+9.948 len=449.5 ent(t0,t>=1)=(0.000,1.024) aL=-0.0044 vL=0.1179 t0=[red=1.00 blue=0.00]
[u  455] env= 29818880 rsucc=0.953 n_rounds= 3268 ret=+11.133 len=408.1 ent(t0,t>=1)=(0.000,0.980) aL=-0.0057 vL=0.1194 t0=[red=1.00 blue=0.00]
[u  456] env= 29884416 rsucc=0.934 n_rounds= 3139 ret=+11.221 len=401.2 ent(t0,t>=1)=(0.000,0.998) aL=-0.0050 vL=0.1084 t0=[red=1.00 blue=0.00]
[u  457] env= 29949952 rsucc=0.944 n_rounds= 3241 ret=+10.559 len=427.0 ent(t0,t>=1)=(0.000,0.979) aL=-0.0056 vL=0.1153 t0=[red=1.00 blue=0.00]
[u  458] env= 30015488 rsucc=0.944 n_rounds= 3146 ret=+11.020 len=410.9 ent(t0,t>=1)=(0.000,1.003) aL=-0.0050 vL=0.1152 t0=[red=1.00 blue=0.00]
[u  459] env= 30081024 rsucc=0.946 n_rounds= 3221 ret=+11.424 len=399.2 ent(t0,t>=1)=(0.000,0.998) aL=-0.0057 vL=0.1138 t0=[red=1.00 blue=0.00]
[u  460] env= 30146560 rsucc=0.945 n_rounds= 3321 ret=+11.382 len=399.6 ent(t0,t>=1)=(0.000,0.981) aL=-0.0049 vL=0.1226 t0=[red=1.00 blue=0.00]
[u  461] env= 30212096 rsucc=0.941 n_rounds= 3245 ret=+10.851 len=409.8 ent(t0,t>=1)=(0.000,0.987) aL=-0.0050 vL=0.1213 t0=[red=1.00 blue=0.00]
[u  462] env= 30277632 rsucc=0.941 n_rounds= 3115 ret=+11.123 len=406.9 ent(t0,t>=1)=(0.000,1.007) aL=-0.0048 vL=0.1151 t0=[red=1.00 blue=0.00]
[u  463] env= 30343168 rsucc=0.945 n_rounds= 3132 ret=+10.761 len=422.5 ent(t0,t>=1)=(0.000,0.989) aL=-0.0045 vL=0.1199 t0=[red=1.00 blue=0.00]
[u  464] env= 30408704 rsucc=0.941 n_rounds= 3198 ret=+10.948 len=414.6 ent(t0,t>=1)=(0.000,0.979) aL=-0.0052 vL=0.1119 t0=[red=1.00 blue=0.00]
[u  465] env= 30474240 rsucc=0.949 n_rounds= 3233 ret=+10.848 len=415.9 ent(t0,t>=1)=(0.000,0.967) aL=-0.0054 vL=0.1120 t0=[red=1.00 blue=0.00]
[u  466] env= 30539776 rsucc=0.942 n_rounds= 3126 ret=+11.236 len=405.3 ent(t0,t>=1)=(0.000,0.972) aL=-0.0069 vL=0.1053 t0=[red=1.00 blue=0.00]
[u  467] env= 30605312 rsucc=0.938 n_rounds= 3021 ret=+10.571 len=427.0 ent(t0,t>=1)=(0.000,0.990) aL=-0.0055 vL=0.1045 t0=[red=1.00 blue=0.00]
[u  468] env= 30670848 rsucc=0.944 n_rounds= 3084 ret=+10.803 len=425.8 ent(t0,t>=1)=(0.000,0.974) aL=-0.0032 vL=0.1176 t0=[red=1.00 blue=0.00]
[u  469] env= 30736384 rsucc=0.941 n_rounds= 3129 ret=+10.381 len=436.0 ent(t0,t>=1)=(0.000,0.977) aL=-0.0060 vL=0.1128 t0=[red=1.00 blue=0.00]
[u  470] env= 30801920 rsucc=0.946 n_rounds= 3170 ret=+10.921 len=415.7 ent(t0,t>=1)=(0.000,0.965) aL=-0.0059 vL=0.1064 t0=[red=1.00 blue=0.00]
[u  471] env= 30867456 rsucc=0.945 n_rounds= 3131 ret=+11.358 len=404.1 ent(t0,t>=1)=(0.000,0.974) aL=-0.0053 vL=0.1058 t0=[red=1.00 blue=0.00]
[u  472] env= 30932992 rsucc=0.943 n_rounds= 3129 ret=+10.945 len=412.7 ent(t0,t>=1)=(0.000,0.984) aL=-0.0048 vL=0.1156 t0=[red=1.00 blue=0.00]
[u  473] env= 30998528 rsucc=0.941 n_rounds= 3178 ret=+10.586 len=429.3 ent(t0,t>=1)=(0.000,0.966) aL=-0.0041 vL=0.1183 t0=[red=1.00 blue=0.00]
[u  474] env= 31064064 rsucc=0.957 n_rounds= 3330 ret=+11.254 len=406.9 ent(t0,t>=1)=(0.000,0.955) aL=-0.0045 vL=0.1137 t0=[red=1.00 blue=0.00]
[u  475] env= 31129600 rsucc=0.933 n_rounds= 3082 ret=+11.223 len=403.6 ent(t0,t>=1)=(0.000,0.980) aL=-0.0049 vL=0.1262 t0=[red=1.00 blue=0.00]
[u  476] env= 31195136 rsucc=0.943 n_rounds= 3005 ret=+11.370 len=400.5 ent(t0,t>=1)=(0.000,0.990) aL=-0.0055 vL=0.0990 t0=[red=1.00 blue=0.00]
[u  477] env= 31260672 rsucc=0.938 n_rounds= 3026 ret=+10.058 len=451.8 ent(t0,t>=1)=(0.000,0.980) aL=-0.0060 vL=0.1095 t0=[red=1.00 blue=0.00]
[u  478] env= 31326208 rsucc=0.942 n_rounds= 3163 ret=+10.836 len=418.3 ent(t0,t>=1)=(0.000,0.971) aL=-0.0046 vL=0.1064 t0=[red=1.00 blue=0.00]
[u  479] env= 31391744 rsucc=0.935 n_rounds= 3029 ret=+10.667 len=426.8 ent(t0,t>=1)=(0.000,0.990) aL=-0.0045 vL=0.1089 t0=[red=1.00 blue=0.00]
[u  480] env= 31457280 rsucc=0.941 n_rounds= 3145 ret=+10.560 len=424.9 ent(t0,t>=1)=(0.000,0.965) aL=-0.0054 vL=0.1162 t0=[red=1.00 blue=0.00]
[u  481] env= 31522816 rsucc=0.949 n_rounds= 3374 ret=+10.639 len=423.5 ent(t0,t>=1)=(0.000,0.944) aL=-0.0057 vL=0.1226 t0=[red=1.00 blue=0.00]
[u  482] env= 31588352 rsucc=0.948 n_rounds= 3224 ret=+11.853 len=378.0 ent(t0,t>=1)=(0.000,0.959) aL=-0.0059 vL=0.1174 t0=[red=1.00 blue=0.00]
[u  483] env= 31653888 rsucc=0.936 n_rounds= 3001 ret=+11.347 len=401.3 ent(t0,t>=1)=(0.000,0.991) aL=-0.0057 vL=0.1073 t0=[red=1.00 blue=0.00]
[u  484] env= 31719424 rsucc=0.933 n_rounds= 3108 ret=+10.719 len=422.0 ent(t0,t>=1)=(0.000,0.987) aL=-0.0056 vL=0.1202 t0=[red=1.00 blue=0.00]
[u  485] env= 31784960 rsucc=0.945 n_rounds= 3294 ret=+9.823 len=452.8 ent(t0,t>=1)=(0.000,0.958) aL=-0.0047 vL=0.1300 t0=[red=1.00 blue=0.00]
[u  486] env= 31850496 rsucc=0.946 n_rounds= 3208 ret=+11.843 len=379.3 ent(t0,t>=1)=(0.000,0.973) aL=-0.0059 vL=0.1029 t0=[red=1.00 blue=0.00]
[u  487] env= 31916032 rsucc=0.945 n_rounds= 3154 ret=+11.299 len=406.5 ent(t0,t>=1)=(0.000,0.973) aL=-0.0047 vL=0.1229 t0=[red=1.00 blue=0.00]
[u  488] env= 31981568 rsucc=0.948 n_rounds= 3086 ret=+10.970 len=417.0 ent(t0,t>=1)=(0.000,0.988) aL=-0.0045 vL=0.1136 t0=[red=1.00 blue=0.00]
[u  489] env= 32047104 rsucc=0.943 n_rounds= 3203 ret=+10.679 len=424.1 ent(t0,t>=1)=(0.000,0.975) aL=-0.0046 vL=0.1246 t0=[red=1.00 blue=0.00]
[u  490] env= 32112640 rsucc=0.945 n_rounds= 3219 ret=+11.081 len=412.5 ent(t0,t>=1)=(0.000,0.973) aL=-0.0040 vL=0.1223 t0=[red=1.00 blue=0.00]
[u  491] env= 32178176 rsucc=0.944 n_rounds= 3170 ret=+10.817 len=417.0 ent(t0,t>=1)=(0.000,0.981) aL=-0.0047 vL=0.1248 t0=[red=1.00 blue=0.00]
[u  492] env= 32243712 rsucc=0.937 n_rounds= 3190 ret=+11.327 len=397.6 ent(t0,t>=1)=(0.000,0.991) aL=-0.0056 vL=0.1212 t0=[red=1.00 blue=0.00]
[u  493] env= 32309248 rsucc=0.949 n_rounds= 3240 ret=+10.850 len=416.4 ent(t0,t>=1)=(0.000,0.981) aL=-0.0056 vL=0.1262 t0=[red=1.00 blue=0.00]
[u  494] env= 32374784 rsucc=0.952 n_rounds= 3228 ret=+11.190 len=405.9 ent(t0,t>=1)=(0.000,0.986) aL=-0.0051 vL=0.1204 t0=[red=1.00 blue=0.00]
[u  495] env= 32440320 rsucc=0.943 n_rounds= 3277 ret=+11.634 len=391.9 ent(t0,t>=1)=(0.000,0.984) aL=-0.0055 vL=0.1289 t0=[red=1.00 blue=0.00]
[u  496] env= 32505856 rsucc=0.950 n_rounds= 3258 ret=+10.688 len=422.9 ent(t0,t>=1)=(0.000,0.977) aL=-0.0053 vL=0.1175 t0=[red=1.00 blue=0.00]
[u  497] env= 32571392 rsucc=0.948 n_rounds= 3220 ret=+11.562 len=392.7 ent(t0,t>=1)=(0.000,0.983) aL=-0.0055 vL=0.1297 t0=[red=1.00 blue=0.00]
[u  498] env= 32636928 rsucc=0.948 n_rounds= 3165 ret=+11.392 len=402.0 ent(t0,t>=1)=(0.000,0.986) aL=-0.0046 vL=0.1151 t0=[red=1.00 blue=0.00]
[u  499] env= 32702464 rsucc=0.939 n_rounds= 3138 ret=+11.306 len=402.4 ent(t0,t>=1)=(0.000,1.004) aL=-0.0043 vL=0.1247 t0=[red=1.00 blue=0.00]
[u  500] env= 32768000 rsucc=0.951 n_rounds= 3309 ret=+10.580 len=427.6 ent(t0,t>=1)=(0.000,0.983) aL=-0.0051 vL=0.1184 t0=[red=1.00 blue=0.00]
[u  501] env= 32833536 rsucc=0.945 n_rounds= 3280 ret=+11.105 len=409.8 ent(t0,t>=1)=(0.000,0.974) aL=-0.0053 vL=0.1193 t0=[red=1.00 blue=0.00]
[u  502] env= 32899072 rsucc=0.951 n_rounds= 3222 ret=+11.868 len=379.5 ent(t0,t>=1)=(0.000,0.983) aL=-0.0049 vL=0.1114 t0=[red=1.00 blue=0.00]
[u  503] env= 32964608 rsucc=0.941 n_rounds= 3096 ret=+10.913 len=416.6 ent(t0,t>=1)=(0.000,1.012) aL=-0.0048 vL=0.1251 t0=[red=1.00 blue=0.00]
[u  504] env= 33030144 rsucc=0.941 n_rounds= 3129 ret=+10.741 len=420.0 ent(t0,t>=1)=(0.000,1.005) aL=-0.0046 vL=0.1246 t0=[red=1.00 blue=0.00]
[u  505] env= 33095680 rsucc=0.936 n_rounds= 3100 ret=+10.703 len=424.9 ent(t0,t>=1)=(0.000,1.017) aL=-0.0054 vL=0.1092 t0=[red=1.00 blue=0.00]
[u  506] env= 33161216 rsucc=0.941 n_rounds= 3161 ret=+11.036 len=412.7 ent(t0,t>=1)=(0.000,1.015) aL=-0.0039 vL=0.1231 t0=[red=1.00 blue=0.00]
[u  507] env= 33226752 rsucc=0.951 n_rounds= 3270 ret=+10.654 len=423.6 ent(t0,t>=1)=(0.000,0.996) aL=-0.0058 vL=0.1128 t0=[red=1.00 blue=0.00]
[u  508] env= 33292288 rsucc=0.950 n_rounds= 3325 ret=+11.289 len=402.8 ent(t0,t>=1)=(0.000,0.978) aL=-0.0045 vL=0.1236 t0=[red=1.00 blue=0.00]
[u  509] env= 33357824 rsucc=0.939 n_rounds= 3108 ret=+11.416 len=399.6 ent(t0,t>=1)=(0.000,1.018) aL=-0.0053 vL=0.1165 t0=[red=1.00 blue=0.00]
[u  510] env= 33423360 rsucc=0.936 n_rounds= 3074 ret=+11.272 len=395.6 ent(t0,t>=1)=(0.000,1.029) aL=-0.0056 vL=0.1063 t0=[red=1.00 blue=0.00]
[u  511] env= 33488896 rsucc=0.938 n_rounds= 3197 ret=+10.468 len=431.1 ent(t0,t>=1)=(0.000,1.008) aL=-0.0056 vL=0.1188 t0=[red=1.00 blue=0.00]
[u  512] env= 33554432 rsucc=0.936 n_rounds= 3126 ret=+10.445 len=429.6 ent(t0,t>=1)=(0.000,1.006) aL=-0.0059 vL=0.1118 t0=[red=1.00 blue=0.00]
[u  513] env= 33619968 rsucc=0.943 n_rounds= 3178 ret=+11.188 len=404.9 ent(t0,t>=1)=(0.000,1.006) aL=-0.0045 vL=0.1098 t0=[red=1.00 blue=0.00]
[u  514] env= 33685504 rsucc=0.940 n_rounds= 3066 ret=+10.629 len=423.3 ent(t0,t>=1)=(0.000,1.015) aL=-0.0060 vL=0.1170 t0=[red=1.00 blue=0.00]
[u  515] env= 33751040 rsucc=0.944 n_rounds= 3335 ret=+11.195 len=402.6 ent(t0,t>=1)=(0.000,0.989) aL=-0.0051 vL=0.1221 t0=[red=1.00 blue=0.00]
[u  516] env= 33816576 rsucc=0.946 n_rounds= 3404 ret=+11.164 len=405.2 ent(t0,t>=1)=(0.000,0.965) aL=-0.0050 vL=0.1243 t0=[red=1.00 blue=0.00]
[u  517] env= 33882112 rsucc=0.949 n_rounds= 3262 ret=+12.038 len=369.7 ent(t0,t>=1)=(0.000,0.975) aL=-0.0057 vL=0.1160 t0=[red=1.00 blue=0.00]
[u  518] env= 33947648 rsucc=0.944 n_rounds= 3211 ret=+10.472 len=429.8 ent(t0,t>=1)=(0.000,0.991) aL=-0.0048 vL=0.1139 t0=[red=1.00 blue=0.00]
[u  519] env= 34013184 rsucc=0.946 n_rounds= 3176 ret=+11.302 len=400.7 ent(t0,t>=1)=(0.000,0.996) aL=-0.0062 vL=0.1100 t0=[red=1.00 blue=0.00]
[u  520] env= 34078720 rsucc=0.933 n_rounds= 3046 ret=+12.011 len=378.1 ent(t0,t>=1)=(0.000,1.022) aL=-0.0048 vL=0.1021 t0=[red=1.00 blue=0.00]
[u  521] env= 34144256 rsucc=0.935 n_rounds= 3021 ret=+9.604 len=466.1 ent(t0,t>=1)=(0.000,1.006) aL=-0.0064 vL=0.1074 t0=[red=1.00 blue=0.00]
[u  522] env= 34209792 rsucc=0.935 n_rounds= 3031 ret=+10.909 len=413.3 ent(t0,t>=1)=(0.000,1.023) aL=-0.0060 vL=0.1033 t0=[red=1.00 blue=0.00]
[u  523] env= 34275328 rsucc=0.930 n_rounds= 3006 ret=+10.361 len=433.7 ent(t0,t>=1)=(0.000,1.020) aL=-0.0054 vL=0.1026 t0=[red=1.00 blue=0.00]
[u  524] env= 34340864 rsucc=0.935 n_rounds= 3062 ret=+9.977 len=445.7 ent(t0,t>=1)=(0.000,1.022) aL=-0.0059 vL=0.1115 t0=[red=1.00 blue=0.00]
[u  525] env= 34406400 rsucc=0.942 n_rounds= 3173 ret=+10.536 len=425.9 ent(t0,t>=1)=(0.000,1.008) aL=-0.0057 vL=0.1132 t0=[red=1.00 blue=0.00]
[u  526] env= 34471936 rsucc=0.949 n_rounds= 3176 ret=+10.982 len=414.5 ent(t0,t>=1)=(0.000,0.991) aL=-0.0055 vL=0.0976 t0=[red=1.00 blue=0.00]
[u  527] env= 34537472 rsucc=0.938 n_rounds= 3081 ret=+11.105 len=412.7 ent(t0,t>=1)=(0.000,1.013) aL=-0.0042 vL=0.1116 t0=[red=1.00 blue=0.00]
[u  528] env= 34603008 rsucc=0.936 n_rounds= 2941 ret=+10.308 len=434.2 ent(t0,t>=1)=(0.000,1.033) aL=-0.0052 vL=0.1013 t0=[red=1.00 blue=0.00]
[u  529] env= 34668544 rsucc=0.933 n_rounds= 3092 ret=+10.652 len=428.7 ent(t0,t>=1)=(0.000,1.013) aL=-0.0044 vL=0.1161 t0=[red=1.00 blue=0.00]
[u  530] env= 34734080 rsucc=0.936 n_rounds= 3175 ret=+10.554 len=425.9 ent(t0,t>=1)=(0.000,1.000) aL=-0.0052 vL=0.1256 t0=[red=1.00 blue=0.00]
[u  531] env= 34799616 rsucc=0.936 n_rounds= 3118 ret=+10.889 len=409.3 ent(t0,t>=1)=(0.000,1.007) aL=-0.0059 vL=0.1122 t0=[red=1.00 blue=0.00]
[u  532] env= 34865152 rsucc=0.940 n_rounds= 3211 ret=+10.684 len=420.1 ent(t0,t>=1)=(0.000,0.999) aL=-0.0046 vL=0.1141 t0=[red=1.00 blue=0.00]
[u  533] env= 34930688 rsucc=0.940 n_rounds= 3126 ret=+11.157 len=403.3 ent(t0,t>=1)=(0.000,1.000) aL=-0.0064 vL=0.1007 t0=[red=1.00 blue=0.00]
[u  534] env= 34996224 rsucc=0.944 n_rounds= 3089 ret=+10.516 len=433.4 ent(t0,t>=1)=(0.000,1.003) aL=-0.0056 vL=0.1062 t0=[red=1.00 blue=0.00]
[u  535] env= 35061760 rsucc=0.942 n_rounds= 3122 ret=+10.744 len=422.7 ent(t0,t>=1)=(0.000,1.011) aL=-0.0053 vL=0.1205 t0=[red=1.00 blue=0.00]
[u  536] env= 35127296 rsucc=0.946 n_rounds= 3282 ret=+10.885 len=413.7 ent(t0,t>=1)=(0.000,0.986) aL=-0.0057 vL=0.1190 t0=[red=1.00 blue=0.00]
[u  537] env= 35192832 rsucc=0.941 n_rounds= 3154 ret=+11.113 len=407.9 ent(t0,t>=1)=(0.000,1.007) aL=-0.0058 vL=0.1171 t0=[red=1.00 blue=0.00]
[u  538] env= 35258368 rsucc=0.945 n_rounds= 3231 ret=+11.470 len=397.6 ent(t0,t>=1)=(0.000,0.991) aL=-0.0052 vL=0.1194 t0=[red=1.00 blue=0.00]
[u  539] env= 35323904 rsucc=0.942 n_rounds= 3227 ret=+10.947 len=409.5 ent(t0,t>=1)=(0.000,0.994) aL=-0.0046 vL=0.1166 t0=[red=1.00 blue=0.00]
[u  540] env= 35389440 rsucc=0.945 n_rounds= 3260 ret=+11.341 len=398.6 ent(t0,t>=1)=(0.000,0.999) aL=-0.0053 vL=0.1191 t0=[red=1.00 blue=0.00]
[u  541] env= 35454976 rsucc=0.946 n_rounds= 3140 ret=+11.154 len=408.2 ent(t0,t>=1)=(0.000,1.007) aL=-0.0056 vL=0.1175 t0=[red=1.00 blue=0.00]
[u  542] env= 35520512 rsucc=0.943 n_rounds= 3179 ret=+10.977 len=412.5 ent(t0,t>=1)=(0.000,1.010) aL=-0.0058 vL=0.1160 t0=[red=1.00 blue=0.00]
[u  543] env= 35586048 rsucc=0.943 n_rounds= 3129 ret=+10.908 len=417.2 ent(t0,t>=1)=(0.000,1.001) aL=-0.0060 vL=0.1092 t0=[red=1.00 blue=0.00]
[u  544] env= 35651584 rsucc=0.945 n_rounds= 3189 ret=+10.533 len=428.4 ent(t0,t>=1)=(0.000,1.000) aL=-0.0043 vL=0.1137 t0=[red=1.00 blue=0.00]
[u  545] env= 35717120 rsucc=0.932 n_rounds= 3150 ret=+11.164 len=406.1 ent(t0,t>=1)=(0.000,1.009) aL=-0.0059 vL=0.1074 t0=[red=1.00 blue=0.00]
[u  546] env= 35782656 rsucc=0.939 n_rounds= 3090 ret=+11.254 len=405.2 ent(t0,t>=1)=(0.000,1.008) aL=-0.0063 vL=0.1087 t0=[red=1.00 blue=0.00]
[u  547] env= 35848192 rsucc=0.941 n_rounds= 3112 ret=+10.378 len=432.0 ent(t0,t>=1)=(0.000,1.012) aL=-0.0058 vL=0.1099 t0=[red=1.00 blue=0.00]
[u  548] env= 35913728 rsucc=0.932 n_rounds= 3067 ret=+10.778 len=416.3 ent(t0,t>=1)=(0.000,1.020) aL=-0.0052 vL=0.1106 t0=[red=1.00 blue=0.00]
[u  549] env= 35979264 rsucc=0.938 n_rounds= 3129 ret=+10.400 len=431.4 ent(t0,t>=1)=(0.000,0.998) aL=-0.0028 vL=0.1166 t0=[red=1.00 blue=0.00]
[u  550] env= 36044800 rsucc=0.939 n_rounds= 3123 ret=+10.817 len=416.4 ent(t0,t>=1)=(0.000,1.014) aL=-0.0057 vL=0.1036 t0=[red=1.00 blue=0.00]
[u  551] env= 36110336 rsucc=0.947 n_rounds= 3219 ret=+10.969 len=417.1 ent(t0,t>=1)=(0.000,1.004) aL=-0.0057 vL=0.1130 t0=[red=1.00 blue=0.00]
[u  552] env= 36175872 rsucc=0.937 n_rounds= 3111 ret=+10.900 len=408.9 ent(t0,t>=1)=(0.000,1.024) aL=-0.0051 vL=0.1106 t0=[red=1.00 blue=0.00]
[u  553] env= 36241408 rsucc=0.942 n_rounds= 3123 ret=+10.992 len=412.7 ent(t0,t>=1)=(0.000,1.024) aL=-0.0054 vL=0.1070 t0=[red=1.00 blue=0.00]
[u  554] env= 36306944 rsucc=0.935 n_rounds= 3027 ret=+10.307 len=436.2 ent(t0,t>=1)=(0.000,1.027) aL=-0.0059 vL=0.1110 t0=[red=1.00 blue=0.00]
[u  555] env= 36372480 rsucc=0.932 n_rounds= 3043 ret=+10.619 len=425.6 ent(t0,t>=1)=(0.000,1.035) aL=-0.0055 vL=0.1051 t0=[red=1.00 blue=0.00]
[u  556] env= 36438016 rsucc=0.931 n_rounds= 3079 ret=+10.265 len=437.8 ent(t0,t>=1)=(0.000,1.034) aL=-0.0056 vL=0.1143 t0=[red=1.00 blue=0.00]
[u  557] env= 36503552 rsucc=0.929 n_rounds= 3061 ret=+10.286 len=431.6 ent(t0,t>=1)=(0.000,1.019) aL=-0.0046 vL=0.1096 t0=[red=1.00 blue=0.00]
[u  558] env= 36569088 rsucc=0.950 n_rounds= 3152 ret=+10.452 len=430.3 ent(t0,t>=1)=(0.000,1.003) aL=-0.0058 vL=0.1128 t0=[red=1.00 blue=0.00]
[u  559] env= 36634624 rsucc=0.943 n_rounds= 3110 ret=+11.124 len=412.8 ent(t0,t>=1)=(0.000,1.013) aL=-0.0060 vL=0.1055 t0=[red=1.00 blue=0.00]
[u  560] env= 36700160 rsucc=0.952 n_rounds= 3255 ret=+10.679 len=422.8 ent(t0,t>=1)=(0.000,0.989) aL=-0.0057 vL=0.1152 t0=[red=1.00 blue=0.00]
[u  561] env= 36765696 rsucc=0.936 n_rounds= 3055 ret=+11.339 len=399.7 ent(t0,t>=1)=(0.000,1.027) aL=-0.0057 vL=0.1026 t0=[red=1.00 blue=0.00]
[u  562] env= 36831232 rsucc=0.940 n_rounds= 3044 ret=+10.693 len=427.1 ent(t0,t>=1)=(0.000,1.029) aL=-0.0059 vL=0.1076 t0=[red=1.00 blue=0.00]
[u  563] env= 36896768 rsucc=0.938 n_rounds= 3132 ret=+10.481 len=432.9 ent(t0,t>=1)=(0.000,1.015) aL=-0.0057 vL=0.1027 t0=[red=1.00 blue=0.00]
[u  564] env= 36962304 rsucc=0.947 n_rounds= 3296 ret=+10.861 len=416.6 ent(t0,t>=1)=(0.000,0.979) aL=-0.0054 vL=0.1217 t0=[red=1.00 blue=0.00]
[u  565] env= 37027840 rsucc=0.949 n_rounds= 3324 ret=+11.421 len=394.5 ent(t0,t>=1)=(0.000,0.976) aL=-0.0053 vL=0.1112 t0=[red=1.00 blue=0.00]
[u  566] env= 37093376 rsucc=0.955 n_rounds= 3325 ret=+11.460 len=397.7 ent(t0,t>=1)=(0.000,0.974) aL=-0.0052 vL=0.1167 t0=[red=1.00 blue=0.00]
[u  567] env= 37158912 rsucc=0.951 n_rounds= 3195 ret=+11.568 len=390.6 ent(t0,t>=1)=(0.000,0.990) aL=-0.0053 vL=0.1141 t0=[red=1.00 blue=0.00]
[u  568] env= 37224448 rsucc=0.943 n_rounds= 3105 ret=+11.470 len=401.8 ent(t0,t>=1)=(0.000,1.014) aL=-0.0059 vL=0.1057 t0=[red=1.00 blue=0.00]
[u  569] env= 37289984 rsucc=0.936 n_rounds= 3048 ret=+10.448 len=435.8 ent(t0,t>=1)=(0.000,1.008) aL=-0.0062 vL=0.1130 t0=[red=1.00 blue=0.00]
[u  570] env= 37355520 rsucc=0.945 n_rounds= 3122 ret=+10.953 len=414.5 ent(t0,t>=1)=(0.000,0.994) aL=-0.0049 vL=0.1123 t0=[red=1.00 blue=0.00]
[u  571] env= 37421056 rsucc=0.941 n_rounds= 3170 ret=+10.518 len=433.2 ent(t0,t>=1)=(0.000,0.995) aL=-0.0052 vL=0.1230 t0=[red=1.00 blue=0.00]
[u  572] env= 37486592 rsucc=0.936 n_rounds= 3138 ret=+11.150 len=400.2 ent(t0,t>=1)=(0.000,1.012) aL=-0.0059 vL=0.1056 t0=[red=1.00 blue=0.00]
[u  573] env= 37552128 rsucc=0.944 n_rounds= 3081 ret=+10.672 len=429.3 ent(t0,t>=1)=(0.000,0.998) aL=-0.0048 vL=0.1081 t0=[red=1.00 blue=0.00]
[u  574] env= 37617664 rsucc=0.940 n_rounds= 3194 ret=+10.534 len=426.4 ent(t0,t>=1)=(0.000,0.993) aL=-0.0057 vL=0.1151 t0=[red=1.00 blue=0.00]
[u  575] env= 37683200 rsucc=0.945 n_rounds= 3217 ret=+11.407 len=397.0 ent(t0,t>=1)=(0.000,0.980) aL=-0.0062 vL=0.1216 t0=[red=1.00 blue=0.00]
[u  576] env= 37748736 rsucc=0.943 n_rounds= 3193 ret=+11.302 len=397.7 ent(t0,t>=1)=(0.000,0.989) aL=-0.0048 vL=0.1231 t0=[red=1.00 blue=0.00]
[u  577] env= 37814272 rsucc=0.937 n_rounds= 2966 ret=+10.305 len=436.3 ent(t0,t>=1)=(0.000,1.021) aL=-0.0056 vL=0.1021 t0=[red=1.00 blue=0.00]
[u  578] env= 37879808 rsucc=0.937 n_rounds= 3022 ret=+10.878 len=425.1 ent(t0,t>=1)=(0.000,1.010) aL=-0.0050 vL=0.1062 t0=[red=1.00 blue=0.00]
[u  579] env= 37945344 rsucc=0.939 n_rounds= 3111 ret=+10.500 len=432.9 ent(t0,t>=1)=(0.000,0.988) aL=-0.0051 vL=0.1115 t0=[red=1.00 blue=0.00]
[u  580] env= 38010880 rsucc=0.945 n_rounds= 3214 ret=+10.453 len=429.7 ent(t0,t>=1)=(0.000,0.970) aL=-0.0047 vL=0.1157 t0=[red=1.00 blue=0.00]
[u  581] env= 38076416 rsucc=0.943 n_rounds= 3225 ret=+11.192 len=402.0 ent(t0,t>=1)=(0.000,0.980) aL=-0.0048 vL=0.1193 t0=[red=1.00 blue=0.00]
[u  582] env= 38141952 rsucc=0.937 n_rounds= 3099 ret=+11.169 len=406.5 ent(t0,t>=1)=(0.000,1.013) aL=-0.0051 vL=0.1030 t0=[red=1.00 blue=0.00]
[u  583] env= 38207488 rsucc=0.943 n_rounds= 3194 ret=+10.587 len=424.6 ent(t0,t>=1)=(0.000,0.991) aL=-0.0048 vL=0.1160 t0=[red=1.00 blue=0.00]
[u  584] env= 38273024 rsucc=0.943 n_rounds= 3170 ret=+10.912 len=414.7 ent(t0,t>=1)=(0.000,0.988) aL=-0.0062 vL=0.1155 t0=[red=1.00 blue=0.00]
[u  585] env= 38338560 rsucc=0.934 n_rounds= 3068 ret=+11.143 len=408.1 ent(t0,t>=1)=(0.000,1.007) aL=-0.0054 vL=0.1121 t0=[red=1.00 blue=0.00]
[u  586] env= 38404096 rsucc=0.940 n_rounds= 3212 ret=+10.756 len=417.8 ent(t0,t>=1)=(0.000,0.973) aL=-0.0050 vL=0.1156 t0=[red=1.00 blue=0.00]
[u  587] env= 38469632 rsucc=0.939 n_rounds= 3165 ret=+11.157 len=404.4 ent(t0,t>=1)=(0.000,0.976) aL=-0.0042 vL=0.1178 t0=[red=1.00 blue=0.00]
[u  588] env= 38535168 rsucc=0.945 n_rounds= 3200 ret=+10.468 len=425.4 ent(t0,t>=1)=(0.000,0.971) aL=-0.0049 vL=0.1164 t0=[red=1.00 blue=0.00]
[u  589] env= 38600704 rsucc=0.948 n_rounds= 3266 ret=+11.122 len=409.0 ent(t0,t>=1)=(0.000,0.971) aL=-0.0050 vL=0.1203 t0=[red=1.00 blue=0.00]
[u  590] env= 38666240 rsucc=0.948 n_rounds= 3279 ret=+11.596 len=392.7 ent(t0,t>=1)=(0.000,0.970) aL=-0.0041 vL=0.1172 t0=[red=1.00 blue=0.00]
[u  591] env= 38731776 rsucc=0.943 n_rounds= 3201 ret=+11.248 len=404.6 ent(t0,t>=1)=(0.000,0.977) aL=-0.0049 vL=0.1244 t0=[red=1.00 blue=0.00]
[u  592] env= 38797312 rsucc=0.945 n_rounds= 3103 ret=+10.910 len=416.5 ent(t0,t>=1)=(0.000,0.984) aL=-0.0052 vL=0.1118 t0=[red=1.00 blue=0.00]
[u  593] env= 38862848 rsucc=0.949 n_rounds= 3226 ret=+10.906 len=420.2 ent(t0,t>=1)=(0.000,0.968) aL=-0.0049 vL=0.1192 t0=[red=1.00 blue=0.00]
[u  594] env= 38928384 rsucc=0.948 n_rounds= 3221 ret=+11.466 len=395.7 ent(t0,t>=1)=(0.000,0.970) aL=-0.0054 vL=0.1198 t0=[red=1.00 blue=0.00]
[u  595] env= 38993920 rsucc=0.946 n_rounds= 3329 ret=+10.794 len=417.1 ent(t0,t>=1)=(0.000,0.957) aL=-0.0041 vL=0.1312 t0=[red=1.00 blue=0.00]
[u  596] env= 39059456 rsucc=0.949 n_rounds= 3292 ret=+11.580 len=389.4 ent(t0,t>=1)=(0.000,0.963) aL=-0.0050 vL=0.1245 t0=[red=1.00 blue=0.00]
[u  597] env= 39124992 rsucc=0.945 n_rounds= 3193 ret=+11.572 len=392.0 ent(t0,t>=1)=(0.000,0.980) aL=-0.0053 vL=0.1140 t0=[red=1.00 blue=0.00]
[u  598] env= 39190528 rsucc=0.943 n_rounds= 3161 ret=+10.705 len=423.5 ent(t0,t>=1)=(0.000,0.966) aL=-0.0044 vL=0.1195 t0=[red=1.00 blue=0.00]
[u  599] env= 39256064 rsucc=0.942 n_rounds= 3302 ret=+11.283 len=404.5 ent(t0,t>=1)=(0.000,0.967) aL=-0.0048 vL=0.1283 t0=[red=1.00 blue=0.00]
[u  600] env= 39321600 rsucc=0.934 n_rounds= 3192 ret=+11.446 len=387.3 ent(t0,t>=1)=(0.000,0.982) aL=-0.0046 vL=0.1172 t0=[red=1.00 blue=0.00]
[u  601] env= 39387136 rsucc=0.936 n_rounds= 3023 ret=+10.385 len=427.2 ent(t0,t>=1)=(0.000,1.008) aL=-0.0041 vL=0.1114 t0=[red=1.00 blue=0.00]
[u  602] env= 39452672 rsucc=0.940 n_rounds= 3043 ret=+10.821 len=423.4 ent(t0,t>=1)=(0.000,0.994) aL=-0.0054 vL=0.1059 t0=[red=1.00 blue=0.00]
[u  603] env= 39518208 rsucc=0.947 n_rounds= 3253 ret=+10.309 len=437.8 ent(t0,t>=1)=(0.000,0.963) aL=-0.0049 vL=0.1198 t0=[red=1.00 blue=0.00]
[u  604] env= 39583744 rsucc=0.942 n_rounds= 3271 ret=+11.550 len=391.2 ent(t0,t>=1)=(0.000,0.968) aL=-0.0048 vL=0.1205 t0=[red=1.00 blue=0.00]
[u  605] env= 39649280 rsucc=0.942 n_rounds= 3245 ret=+11.194 len=403.3 ent(t0,t>=1)=(0.000,0.968) aL=-0.0040 vL=0.1238 t0=[red=1.00 blue=0.00]
[u  606] env= 39714816 rsucc=0.947 n_rounds= 3323 ret=+11.086 len=404.8 ent(t0,t>=1)=(0.000,0.959) aL=-0.0053 vL=0.1147 t0=[red=1.00 blue=0.00]
[u  607] env= 39780352 rsucc=0.941 n_rounds= 3286 ret=+11.737 len=382.5 ent(t0,t>=1)=(0.000,0.955) aL=-0.0049 vL=0.1116 t0=[red=1.00 blue=0.00]
[u  608] env= 39845888 rsucc=0.951 n_rounds= 3318 ret=+11.305 len=402.0 ent(t0,t>=1)=(0.000,0.966) aL=-0.0050 vL=0.1197 t0=[red=1.00 blue=0.00]
[u  609] env= 39911424 rsucc=0.931 n_rounds= 3213 ret=+11.292 len=392.0 ent(t0,t>=1)=(0.000,0.984) aL=-0.0048 vL=0.1164 t0=[red=1.00 blue=0.00]
[u  610] env= 39976960 rsucc=0.946 n_rounds= 3194 ret=+10.936 len=418.2 ent(t0,t>=1)=(0.000,0.976) aL=-0.0049 vL=0.1142 t0=[red=1.00 blue=0.00]
[u  611] env= 40042496 rsucc=0.940 n_rounds= 3162 ret=+10.930 len=409.8 ent(t0,t>=1)=(0.000,0.977) aL=-0.0048 vL=0.1196 t0=[red=1.00 blue=0.00]
[u  612] env= 40108032 rsucc=0.937 n_rounds= 3167 ret=+10.826 len=411.0 ent(t0,t>=1)=(0.000,0.990) aL=-0.0040 vL=0.1153 t0=[red=1.00 blue=0.00]
[u  613] env= 40173568 rsucc=0.941 n_rounds= 3053 ret=+10.603 len=425.3 ent(t0,t>=1)=(0.000,0.983) aL=-0.0048 vL=0.1106 t0=[red=1.00 blue=0.00]
[u  614] env= 40239104 rsucc=0.947 n_rounds= 3252 ret=+10.604 len=428.6 ent(t0,t>=1)=(0.000,0.955) aL=-0.0056 vL=0.1150 t0=[red=1.00 blue=0.00]
[u  615] env= 40304640 rsucc=0.952 n_rounds= 3351 ret=+11.293 len=402.9 ent(t0,t>=1)=(0.000,0.935) aL=-0.0053 vL=0.1179 t0=[red=1.00 blue=0.00]
[u  616] env= 40370176 rsucc=0.945 n_rounds= 3294 ret=+11.884 len=378.7 ent(t0,t>=1)=(0.000,0.938) aL=-0.0047 vL=0.1149 t0=[red=1.00 blue=0.00]
[u  617] env= 40435712 rsucc=0.939 n_rounds= 3165 ret=+11.078 len=409.2 ent(t0,t>=1)=(0.000,0.964) aL=-0.0047 vL=0.1104 t0=[red=1.00 blue=0.00]
[u  618] env= 40501248 rsucc=0.945 n_rounds= 3226 ret=+10.768 len=418.1 ent(t0,t>=1)=(0.000,0.954) aL=-0.0053 vL=0.1059 t0=[red=1.00 blue=0.00]
[u  619] env= 40566784 rsucc=0.943 n_rounds= 3209 ret=+11.557 len=390.2 ent(t0,t>=1)=(0.000,0.962) aL=-0.0054 vL=0.1125 t0=[red=1.00 blue=0.00]
[u  620] env= 40632320 rsucc=0.946 n_rounds= 3127 ret=+11.218 len=404.6 ent(t0,t>=1)=(0.000,0.982) aL=-0.0053 vL=0.1113 t0=[red=1.00 blue=0.00]
[u  621] env= 40697856 rsucc=0.936 n_rounds= 3089 ret=+10.132 len=447.1 ent(t0,t>=1)=(0.000,0.983) aL=-0.0054 vL=0.1158 t0=[red=1.00 blue=0.00]
[u  622] env= 40763392 rsucc=0.946 n_rounds= 3244 ret=+11.404 len=392.8 ent(t0,t>=1)=(0.000,0.968) aL=-0.0051 vL=0.1161 t0=[red=1.00 blue=0.00]
[u  623] env= 40828928 rsucc=0.951 n_rounds= 3312 ret=+10.994 len=414.4 ent(t0,t>=1)=(0.000,0.952) aL=-0.0052 vL=0.1113 t0=[red=1.00 blue=0.00]
[u  624] env= 40894464 rsucc=0.954 n_rounds= 3287 ret=+11.671 len=393.1 ent(t0,t>=1)=(0.000,0.957) aL=-0.0059 vL=0.1077 t0=[red=1.00 blue=0.00]
[u  625] env= 40960000 rsucc=0.945 n_rounds= 3220 ret=+11.028 len=412.4 ent(t0,t>=1)=(0.000,0.972) aL=-0.0039 vL=0.1091 t0=[red=1.00 blue=0.00]
[u  626] env= 41025536 rsucc=0.932 n_rounds= 3130 ret=+11.195 len=401.7 ent(t0,t>=1)=(0.000,0.989) aL=-0.0039 vL=0.1212 t0=[red=1.00 blue=0.00]
[u  627] env= 41091072 rsucc=0.942 n_rounds= 3235 ret=+10.699 len=416.5 ent(t0,t>=1)=(0.000,0.968) aL=-0.0051 vL=0.1183 t0=[red=1.00 blue=0.00]
[u  628] env= 41156608 rsucc=0.943 n_rounds= 3187 ret=+11.147 len=406.8 ent(t0,t>=1)=(0.000,0.975) aL=-0.0056 vL=0.1095 t0=[red=1.00 blue=0.00]
[u  629] env= 41222144 rsucc=0.940 n_rounds= 3222 ret=+10.998 len=413.0 ent(t0,t>=1)=(0.000,0.961) aL=-0.0048 vL=0.1157 t0=[red=1.00 blue=0.00]
[u  630] env= 41287680 rsucc=0.943 n_rounds= 3227 ret=+11.111 len=400.2 ent(t0,t>=1)=(0.000,0.964) aL=-0.0038 vL=0.1169 t0=[red=1.00 blue=0.00]
[u  631] env= 41353216 rsucc=0.944 n_rounds= 3144 ret=+11.301 len=404.3 ent(t0,t>=1)=(0.000,0.983) aL=-0.0043 vL=0.1054 t0=[red=1.00 blue=0.00]
[u  632] env= 41418752 rsucc=0.946 n_rounds= 3166 ret=+10.511 len=431.0 ent(t0,t>=1)=(0.000,0.970) aL=-0.0049 vL=0.1148 t0=[red=1.00 blue=0.00]
[u  633] env= 41484288 rsucc=0.949 n_rounds= 3235 ret=+10.878 len=414.9 ent(t0,t>=1)=(0.000,0.969) aL=-0.0050 vL=0.1177 t0=[red=1.00 blue=0.00]
[u  634] env= 41549824 rsucc=0.946 n_rounds= 3296 ret=+11.674 len=390.2 ent(t0,t>=1)=(0.000,0.968) aL=-0.0050 vL=0.1086 t0=[red=1.00 blue=0.00]
[u  635] env= 41615360 rsucc=0.950 n_rounds= 3298 ret=+11.425 len=397.1 ent(t0,t>=1)=(0.000,0.957) aL=-0.0049 vL=0.1141 t0=[red=1.00 blue=0.00]
[u  636] env= 41680896 rsucc=0.937 n_rounds= 3108 ret=+11.368 len=403.1 ent(t0,t>=1)=(0.000,0.986) aL=-0.0046 vL=0.1074 t0=[red=1.00 blue=0.00]
[u  637] env= 41746432 rsucc=0.936 n_rounds= 3142 ret=+10.472 len=426.5 ent(t0,t>=1)=(0.000,0.982) aL=-0.0046 vL=0.1105 t0=[red=1.00 blue=0.00]
[u  638] env= 41811968 rsucc=0.934 n_rounds= 3116 ret=+10.910 len=411.2 ent(t0,t>=1)=(0.000,0.985) aL=-0.0046 vL=0.1213 t0=[red=1.00 blue=0.00]
[u  639] env= 41877504 rsucc=0.942 n_rounds= 3269 ret=+10.789 len=417.4 ent(t0,t>=1)=(0.000,0.963) aL=-0.0046 vL=0.1141 t0=[red=1.00 blue=0.00]
[u  640] env= 41943040 rsucc=0.951 n_rounds= 3219 ret=+11.439 len=395.8 ent(t0,t>=1)=(0.000,0.964) aL=-0.0051 vL=0.1057 t0=[red=1.00 blue=0.00]
[u  641] env= 42008576 rsucc=0.947 n_rounds= 3292 ret=+10.651 len=421.7 ent(t0,t>=1)=(0.000,0.956) aL=-0.0043 vL=0.1194 t0=[red=1.00 blue=0.00]
[u  642] env= 42074112 rsucc=0.943 n_rounds= 3246 ret=+11.459 len=393.6 ent(t0,t>=1)=(0.000,0.963) aL=-0.0054 vL=0.1127 t0=[red=1.00 blue=0.00]
[u  643] env= 42139648 rsucc=0.942 n_rounds= 3267 ret=+11.449 len=396.5 ent(t0,t>=1)=(0.000,0.953) aL=-0.0038 vL=0.1237 t0=[red=1.00 blue=0.00]
[u  644] env= 42205184 rsucc=0.942 n_rounds= 3202 ret=+10.965 len=407.4 ent(t0,t>=1)=(0.000,0.973) aL=-0.0055 vL=0.1146 t0=[red=1.00 blue=0.00]
[u  645] env= 42270720 rsucc=0.942 n_rounds= 3069 ret=+11.062 len=413.3 ent(t0,t>=1)=(0.000,0.981) aL=-0.0045 vL=0.1085 t0=[red=1.00 blue=0.00]
[u  646] env= 42336256 rsucc=0.937 n_rounds= 3041 ret=+10.135 len=440.9 ent(t0,t>=1)=(0.000,0.996) aL=-0.0044 vL=0.1085 t0=[red=1.00 blue=0.00]
[u  647] env= 42401792 rsucc=0.939 n_rounds= 3239 ret=+11.411 len=397.1 ent(t0,t>=1)=(0.000,0.974) aL=-0.0042 vL=0.1107 t0=[red=1.00 blue=0.00]
[u  648] env= 42467328 rsucc=0.938 n_rounds= 3228 ret=+10.506 len=428.6 ent(t0,t>=1)=(0.000,0.974) aL=-0.0045 vL=0.1128 t0=[red=1.00 blue=0.00]
[u  649] env= 42532864 rsucc=0.943 n_rounds= 3254 ret=+11.431 len=387.6 ent(t0,t>=1)=(0.000,0.965) aL=-0.0047 vL=0.1138 t0=[red=1.00 blue=0.00]
[u  650] env= 42598400 rsucc=0.937 n_rounds= 3267 ret=+11.212 len=399.6 ent(t0,t>=1)=(0.000,0.978) aL=-0.0043 vL=0.1148 t0=[red=1.00 blue=0.00]
[u  651] env= 42663936 rsucc=0.942 n_rounds= 3158 ret=+10.967 len=410.4 ent(t0,t>=1)=(0.000,0.981) aL=-0.0044 vL=0.1092 t0=[red=1.00 blue=0.00]
[u  652] env= 42729472 rsucc=0.933 n_rounds= 3224 ret=+10.764 len=418.4 ent(t0,t>=1)=(0.000,0.971) aL=-0.0046 vL=0.1164 t0=[red=1.00 blue=0.00]
[u  653] env= 42795008 rsucc=0.945 n_rounds= 3192 ret=+11.072 len=403.4 ent(t0,t>=1)=(0.000,0.965) aL=-0.0044 vL=0.1166 t0=[red=1.00 blue=0.00]
[u  654] env= 42860544 rsucc=0.951 n_rounds= 3296 ret=+11.124 len=404.5 ent(t0,t>=1)=(0.000,0.947) aL=-0.0052 vL=0.1154 t0=[red=1.00 blue=0.00]
[u  655] env= 42926080 rsucc=0.943 n_rounds= 3156 ret=+10.933 len=417.6 ent(t0,t>=1)=(0.000,0.963) aL=-0.0047 vL=0.1157 t0=[red=1.00 blue=0.00]
[u  656] env= 42991616 rsucc=0.945 n_rounds= 3153 ret=+11.732 len=389.8 ent(t0,t>=1)=(0.000,0.972) aL=-0.0049 vL=0.1029 t0=[red=1.00 blue=0.00]
[u  657] env= 43057152 rsucc=0.942 n_rounds= 3174 ret=+10.762 len=424.4 ent(t0,t>=1)=(0.000,0.964) aL=-0.0045 vL=0.1142 t0=[red=1.00 blue=0.00]
[u  658] env= 43122688 rsucc=0.944 n_rounds= 3185 ret=+10.867 len=414.5 ent(t0,t>=1)=(0.000,0.965) aL=-0.0042 vL=0.1148 t0=[red=1.00 blue=0.00]
[u  659] env= 43188224 rsucc=0.943 n_rounds= 3189 ret=+10.488 len=428.4 ent(t0,t>=1)=(0.000,0.963) aL=-0.0046 vL=0.1071 t0=[red=1.00 blue=0.00]
[u  660] env= 43253760 rsucc=0.954 n_rounds= 3378 ret=+11.629 len=388.2 ent(t0,t>=1)=(0.000,0.946) aL=-0.0043 vL=0.1267 t0=[red=1.00 blue=0.00]
[u  661] env= 43319296 rsucc=0.951 n_rounds= 3265 ret=+11.526 len=393.3 ent(t0,t>=1)=(0.000,0.960) aL=-0.0050 vL=0.1129 t0=[red=1.00 blue=0.00]
[u  662] env= 43384832 rsucc=0.954 n_rounds= 3228 ret=+11.477 len=400.4 ent(t0,t>=1)=(0.000,0.958) aL=-0.0041 vL=0.1210 t0=[red=1.00 blue=0.00]
[u  663] env= 43450368 rsucc=0.939 n_rounds= 3090 ret=+11.227 len=407.6 ent(t0,t>=1)=(0.000,0.988) aL=-0.0047 vL=0.1068 t0=[red=1.00 blue=0.00]
[u  664] env= 43515904 rsucc=0.940 n_rounds= 3095 ret=+10.824 len=423.6 ent(t0,t>=1)=(0.000,0.993) aL=-0.0048 vL=0.1097 t0=[red=1.00 blue=0.00]
[u  665] env= 43581440 rsucc=0.942 n_rounds= 3111 ret=+10.628 len=425.2 ent(t0,t>=1)=(0.000,0.979) aL=-0.0047 vL=0.1186 t0=[red=1.00 blue=0.00]
[u  666] env= 43646976 rsucc=0.937 n_rounds= 3022 ret=+10.774 len=420.3 ent(t0,t>=1)=(0.000,0.998) aL=-0.0047 vL=0.1122 t0=[red=1.00 blue=0.00]
[u  667] env= 43712512 rsucc=0.946 n_rounds= 3234 ret=+10.567 len=428.4 ent(t0,t>=1)=(0.000,0.978) aL=-0.0042 vL=0.1157 t0=[red=1.00 blue=0.00]
[u  668] env= 43778048 rsucc=0.944 n_rounds= 3338 ret=+11.021 len=413.5 ent(t0,t>=1)=(0.000,0.968) aL=-0.0043 vL=0.1375 t0=[red=1.00 blue=0.00]
[u  669] env= 43843584 rsucc=0.954 n_rounds= 3427 ret=+11.725 len=380.1 ent(t0,t>=1)=(0.000,0.947) aL=-0.0036 vL=0.1327 t0=[red=1.00 blue=0.00]
[u  670] env= 43909120 rsucc=0.950 n_rounds= 3386 ret=+11.469 len=393.5 ent(t0,t>=1)=(0.000,0.957) aL=-0.0043 vL=0.1313 t0=[red=1.00 blue=0.00]
[u  671] env= 43974656 rsucc=0.954 n_rounds= 3446 ret=+11.843 len=379.1 ent(t0,t>=1)=(0.000,0.944) aL=-0.0049 vL=0.1250 t0=[red=1.00 blue=0.00]
[u  672] env= 44040192 rsucc=0.946 n_rounds= 3276 ret=+11.919 len=378.6 ent(t0,t>=1)=(0.000,0.980) aL=-0.0036 vL=0.1273 t0=[red=1.00 blue=0.00]
[u  673] env= 44105728 rsucc=0.942 n_rounds= 3302 ret=+11.504 len=388.8 ent(t0,t>=1)=(0.000,0.981) aL=-0.0031 vL=0.1261 t0=[red=1.00 blue=0.00]
[u  674] env= 44171264 rsucc=0.943 n_rounds= 3289 ret=+10.702 len=420.4 ent(t0,t>=1)=(0.000,0.988) aL=-0.0046 vL=0.1230 t0=[red=1.00 blue=0.00]
[u  675] env= 44236800 rsucc=0.949 n_rounds= 3395 ret=+11.674 len=382.3 ent(t0,t>=1)=(0.000,0.954) aL=-0.0040 vL=0.1258 t0=[red=1.00 blue=0.00]
[u  676] env= 44302336 rsucc=0.939 n_rounds= 3190 ret=+11.426 len=392.4 ent(t0,t>=1)=(0.000,0.992) aL=-0.0039 vL=0.1161 t0=[red=1.00 blue=0.00]
[u  677] env= 44367872 rsucc=0.942 n_rounds= 3131 ret=+10.900 len=417.4 ent(t0,t>=1)=(0.000,1.010) aL=-0.0048 vL=0.1056 t0=[red=1.00 blue=0.00]
[u  678] env= 44433408 rsucc=0.940 n_rounds= 3059 ret=+11.087 len=411.6 ent(t0,t>=1)=(0.000,1.026) aL=-0.0047 vL=0.0980 t0=[red=1.00 blue=0.00]
[u  679] env= 44498944 rsucc=0.942 n_rounds= 3155 ret=+10.320 len=438.8 ent(t0,t>=1)=(0.000,1.005) aL=-0.0037 vL=0.1186 t0=[red=1.00 blue=0.00]
[u  680] env= 44564480 rsucc=0.938 n_rounds= 3168 ret=+11.503 len=389.5 ent(t0,t>=1)=(0.000,1.011) aL=-0.0047 vL=0.1089 t0=[red=1.00 blue=0.00]
[u  681] env= 44630016 rsucc=0.929 n_rounds= 3051 ret=+10.036 len=443.5 ent(t0,t>=1)=(0.000,1.033) aL=-0.0039 vL=0.1146 t0=[red=1.00 blue=0.00]
[u  682] env= 44695552 rsucc=0.947 n_rounds= 3291 ret=+10.856 len=412.9 ent(t0,t>=1)=(0.000,0.982) aL=-0.0047 vL=0.1146 t0=[red=1.00 blue=0.00]
[u  683] env= 44761088 rsucc=0.943 n_rounds= 3210 ret=+11.095 len=407.9 ent(t0,t>=1)=(0.000,1.003) aL=-0.0040 vL=0.1160 t0=[red=1.00 blue=0.00]
[u  684] env= 44826624 rsucc=0.949 n_rounds= 3289 ret=+11.566 len=387.8 ent(t0,t>=1)=(0.000,0.997) aL=-0.0043 vL=0.1134 t0=[red=1.00 blue=0.00]
[u  685] env= 44892160 rsucc=0.946 n_rounds= 3238 ret=+10.877 len=420.6 ent(t0,t>=1)=(0.000,0.988) aL=-0.0040 vL=0.1112 t0=[red=1.00 blue=0.00]
[u  686] env= 44957696 rsucc=0.933 n_rounds= 3010 ret=+11.586 len=387.9 ent(t0,t>=1)=(0.000,1.030) aL=-0.0034 vL=0.1063 t0=[red=1.00 blue=0.00]
[u  687] env= 45023232 rsucc=0.938 n_rounds= 3088 ret=+10.760 len=424.5 ent(t0,t>=1)=(0.000,1.021) aL=-0.0037 vL=0.1095 t0=[red=1.00 blue=0.00]
[u  688] env= 45088768 rsucc=0.938 n_rounds= 3138 ret=+9.950 len=447.8 ent(t0,t>=1)=(0.000,1.003) aL=-0.0041 vL=0.1136 t0=[red=1.00 blue=0.00]
[u  689] env= 45154304 rsucc=0.945 n_rounds= 3246 ret=+11.110 len=402.7 ent(t0,t>=1)=(0.000,0.992) aL=-0.0047 vL=0.1107 t0=[red=1.00 blue=0.00]
[u  690] env= 45219840 rsucc=0.931 n_rounds= 3087 ret=+11.271 len=401.8 ent(t0,t>=1)=(0.000,1.020) aL=-0.0044 vL=0.1062 t0=[red=1.00 blue=0.00]
[u  691] env= 45285376 rsucc=0.942 n_rounds= 3141 ret=+11.043 len=407.8 ent(t0,t>=1)=(0.000,1.012) aL=-0.0051 vL=0.1046 t0=[red=1.00 blue=0.00]
[u  692] env= 45350912 rsucc=0.939 n_rounds= 3165 ret=+9.992 len=448.0 ent(t0,t>=1)=(0.000,1.007) aL=-0.0044 vL=0.1107 t0=[red=1.00 blue=0.00]
[u  693] env= 45416448 rsucc=0.943 n_rounds= 3146 ret=+10.813 len=414.0 ent(t0,t>=1)=(0.000,1.008) aL=-0.0046 vL=0.1094 t0=[red=1.00 blue=0.00]
[u  694] env= 45481984 rsucc=0.941 n_rounds= 3131 ret=+11.349 len=402.2 ent(t0,t>=1)=(0.000,1.007) aL=-0.0045 vL=0.1055 t0=[red=1.00 blue=0.00]
[u  695] env= 45547520 rsucc=0.943 n_rounds= 3195 ret=+10.753 len=421.2 ent(t0,t>=1)=(0.000,0.991) aL=-0.0042 vL=0.1104 t0=[red=1.00 blue=0.00]
[u  696] env= 45613056 rsucc=0.944 n_rounds= 3188 ret=+11.213 len=404.4 ent(t0,t>=1)=(0.000,0.997) aL=-0.0044 vL=0.1074 t0=[red=1.00 blue=0.00]
[u  697] env= 45678592 rsucc=0.937 n_rounds= 3146 ret=+11.151 len=408.8 ent(t0,t>=1)=(0.000,0.998) aL=-0.0040 vL=0.1149 t0=[red=1.00 blue=0.00]
[u  698] env= 45744128 rsucc=0.942 n_rounds= 3181 ret=+10.445 len=427.1 ent(t0,t>=1)=(0.000,0.993) aL=-0.0036 vL=0.1232 t0=[red=1.00 blue=0.00]
[u  699] env= 45809664 rsucc=0.937 n_rounds= 3305 ret=+10.924 len=409.2 ent(t0,t>=1)=(0.000,0.984) aL=-0.0043 vL=0.1202 t0=[red=1.00 blue=0.00]
[u  700] env= 45875200 rsucc=0.941 n_rounds= 3240 ret=+11.403 len=394.6 ent(t0,t>=1)=(0.000,0.975) aL=-0.0038 vL=0.1191 t0=[red=1.00 blue=0.00]
[u  701] env= 45940736 rsucc=0.939 n_rounds= 3183 ret=+10.971 len=408.3 ent(t0,t>=1)=(0.000,0.994) aL=-0.0044 vL=0.1131 t0=[red=1.00 blue=0.00]
[u  702] env= 46006272 rsucc=0.944 n_rounds= 3268 ret=+10.779 len=414.8 ent(t0,t>=1)=(0.000,0.981) aL=-0.0030 vL=0.1136 t0=[red=1.00 blue=0.00]
[u  703] env= 46071808 rsucc=0.941 n_rounds= 3278 ret=+11.568 len=390.0 ent(t0,t>=1)=(0.000,0.976) aL=-0.0043 vL=0.1109 t0=[red=1.00 blue=0.00]
[u  704] env= 46137344 rsucc=0.949 n_rounds= 3341 ret=+10.987 len=410.5 ent(t0,t>=1)=(0.000,0.956) aL=-0.0042 vL=0.1178 t0=[red=1.00 blue=0.00]
[u  705] env= 46202880 rsucc=0.954 n_rounds= 3427 ret=+11.499 len=389.6 ent(t0,t>=1)=(0.000,0.950) aL=-0.0036 vL=0.1156 t0=[red=1.00 blue=0.00]
[u  706] env= 46268416 rsucc=0.947 n_rounds= 3275 ret=+11.757 len=386.9 ent(t0,t>=1)=(0.000,0.982) aL=-0.0035 vL=0.1237 t0=[red=1.00 blue=0.00]
[u  707] env= 46333952 rsucc=0.942 n_rounds= 3144 ret=+11.372 len=399.7 ent(t0,t>=1)=(0.000,0.997) aL=-0.0039 vL=0.1072 t0=[red=1.00 blue=0.00]
[u  708] env= 46399488 rsucc=0.951 n_rounds= 3238 ret=+11.280 len=404.1 ent(t0,t>=1)=(0.000,0.982) aL=-0.0045 vL=0.1101 t0=[red=1.00 blue=0.00]
[u  709] env= 46465024 rsucc=0.944 n_rounds= 3115 ret=+10.523 len=430.0 ent(t0,t>=1)=(0.000,1.003) aL=-0.0038 vL=0.1019 t0=[red=1.00 blue=0.00]
[u  710] env= 46530560 rsucc=0.948 n_rounds= 3318 ret=+11.556 len=391.2 ent(t0,t>=1)=(0.000,0.969) aL=-0.0034 vL=0.1219 t0=[red=1.00 blue=0.00]
[u  711] env= 46596096 rsucc=0.945 n_rounds= 3312 ret=+11.156 len=404.5 ent(t0,t>=1)=(0.000,0.988) aL=-0.0036 vL=0.1203 t0=[red=1.00 blue=0.00]
[u  712] env= 46661632 rsucc=0.946 n_rounds= 3213 ret=+11.406 len=399.4 ent(t0,t>=1)=(0.000,0.984) aL=-0.0042 vL=0.1217 t0=[red=1.00 blue=0.00]
[u  713] env= 46727168 rsucc=0.943 n_rounds= 3286 ret=+10.973 len=410.9 ent(t0,t>=1)=(0.000,0.994) aL=-0.0038 vL=0.1093 t0=[red=1.00 blue=0.00]
[u  714] env= 46792704 rsucc=0.942 n_rounds= 3203 ret=+11.212 len=407.5 ent(t0,t>=1)=(0.000,0.984) aL=-0.0030 vL=0.1266 t0=[red=1.00 blue=0.00]
[u  715] env= 46858240 rsucc=0.945 n_rounds= 3267 ret=+11.071 len=403.5 ent(t0,t>=1)=(0.000,0.993) aL=-0.0039 vL=0.1237 t0=[red=1.00 blue=0.00]
[u  716] env= 46923776 rsucc=0.953 n_rounds= 3223 ret=+11.616 len=389.3 ent(t0,t>=1)=(0.000,0.993) aL=-0.0042 vL=0.1067 t0=[red=1.00 blue=0.00]
[u  717] env= 46989312 rsucc=0.946 n_rounds= 3254 ret=+11.240 len=404.6 ent(t0,t>=1)=(0.000,0.997) aL=-0.0034 vL=0.1176 t0=[red=1.00 blue=0.00]
[u  718] env= 47054848 rsucc=0.955 n_rounds= 3211 ret=+10.969 len=418.0 ent(t0,t>=1)=(0.000,0.986) aL=-0.0036 vL=0.1107 t0=[red=1.00 blue=0.00]
[u  719] env= 47120384 rsucc=0.948 n_rounds= 3191 ret=+11.185 len=409.7 ent(t0,t>=1)=(0.000,0.994) aL=-0.0036 vL=0.1074 t0=[red=1.00 blue=0.00]
[u  720] env= 47185920 rsucc=0.940 n_rounds= 3118 ret=+11.582 len=394.4 ent(t0,t>=1)=(0.000,1.017) aL=-0.0037 vL=0.1113 t0=[red=1.00 blue=0.00]
[u  721] env= 47251456 rsucc=0.940 n_rounds= 3184 ret=+11.114 len=409.0 ent(t0,t>=1)=(0.000,1.022) aL=-0.0043 vL=0.1063 t0=[red=1.00 blue=0.00]
[u  722] env= 47316992 rsucc=0.951 n_rounds= 3328 ret=+10.250 len=436.5 ent(t0,t>=1)=(0.000,0.978) aL=-0.0033 vL=0.1150 t0=[red=1.00 blue=0.00]
[u  723] env= 47382528 rsucc=0.946 n_rounds= 3258 ret=+11.796 len=385.7 ent(t0,t>=1)=(0.000,0.986) aL=-0.0031 vL=0.1200 t0=[red=1.00 blue=0.00]
[u  724] env= 47448064 rsucc=0.941 n_rounds= 3223 ret=+11.752 len=381.1 ent(t0,t>=1)=(0.000,1.002) aL=-0.0034 vL=0.1092 t0=[red=1.00 blue=0.00]
[u  725] env= 47513600 rsucc=0.947 n_rounds= 3245 ret=+10.905 len=416.5 ent(t0,t>=1)=(0.000,1.001) aL=-0.0034 vL=0.1256 t0=[red=1.00 blue=0.00]
[u  726] env= 47579136 rsucc=0.946 n_rounds= 3330 ret=+11.459 len=393.3 ent(t0,t>=1)=(0.000,0.978) aL=-0.0031 vL=0.1326 t0=[red=1.00 blue=0.00]
[u  727] env= 47644672 rsucc=0.941 n_rounds= 3225 ret=+10.973 len=408.4 ent(t0,t>=1)=(0.000,0.997) aL=-0.0040 vL=0.1125 t0=[red=1.00 blue=0.00]
[u  728] env= 47710208 rsucc=0.948 n_rounds= 3235 ret=+10.944 len=415.0 ent(t0,t>=1)=(0.000,0.993) aL=-0.0038 vL=0.1203 t0=[red=1.00 blue=0.00]
[u  729] env= 47775744 rsucc=0.946 n_rounds= 3274 ret=+11.635 len=389.6 ent(t0,t>=1)=(0.000,0.998) aL=-0.0028 vL=0.1213 t0=[red=1.00 blue=0.00]
[u  730] env= 47841280 rsucc=0.949 n_rounds= 3362 ret=+11.055 len=407.6 ent(t0,t>=1)=(0.000,0.989) aL=-0.0036 vL=0.1218 t0=[red=1.00 blue=0.00]
[u  731] env= 47906816 rsucc=0.951 n_rounds= 3431 ret=+11.486 len=390.7 ent(t0,t>=1)=(0.000,0.960) aL=-0.0037 vL=0.1216 t0=[red=1.00 blue=0.00]
[u  732] env= 47972352 rsucc=0.953 n_rounds= 3316 ret=+11.599 len=388.4 ent(t0,t>=1)=(0.000,0.982) aL=-0.0033 vL=0.1221 t0=[red=1.00 blue=0.00]
[u  733] env= 48037888 rsucc=0.935 n_rounds= 3032 ret=+11.676 len=389.6 ent(t0,t>=1)=(0.000,1.028) aL=-0.0038 vL=0.1077 t0=[red=1.00 blue=0.00]
[u  734] env= 48103424 rsucc=0.944 n_rounds= 3094 ret=+10.438 len=433.5 ent(t0,t>=1)=(0.000,1.020) aL=-0.0039 vL=0.1062 t0=[red=1.00 blue=0.00]
[u  735] env= 48168960 rsucc=0.951 n_rounds= 3271 ret=+10.766 len=426.3 ent(t0,t>=1)=(0.000,0.985) aL=-0.0030 vL=0.1286 t0=[red=1.00 blue=0.00]
[u  736] env= 48234496 rsucc=0.950 n_rounds= 3335 ret=+11.548 len=391.3 ent(t0,t>=1)=(0.000,0.980) aL=-0.0032 vL=0.1285 t0=[red=1.00 blue=0.00]
[u  737] env= 48300032 rsucc=0.945 n_rounds= 3250 ret=+11.168 len=409.4 ent(t0,t>=1)=(0.000,0.995) aL=-0.0042 vL=0.1184 t0=[red=1.00 blue=0.00]
[u  738] env= 48365568 rsucc=0.940 n_rounds= 3224 ret=+11.624 len=386.8 ent(t0,t>=1)=(0.000,1.008) aL=-0.0027 vL=0.1230 t0=[red=1.00 blue=0.00]
[u  739] env= 48431104 rsucc=0.934 n_rounds= 3116 ret=+11.227 len=399.5 ent(t0,t>=1)=(0.000,1.014) aL=-0.0035 vL=0.1142 t0=[red=1.00 blue=0.00]
[u  740] env= 48496640 rsucc=0.936 n_rounds= 3047 ret=+10.372 len=430.4 ent(t0,t>=1)=(0.000,1.025) aL=-0.0036 vL=0.1130 t0=[red=1.00 blue=0.00]
[u  741] env= 48562176 rsucc=0.944 n_rounds= 3243 ret=+10.301 len=434.1 ent(t0,t>=1)=(0.000,1.003) aL=-0.0034 vL=0.1231 t0=[red=1.00 blue=0.00]
[u  742] env= 48627712 rsucc=0.948 n_rounds= 3410 ret=+11.313 len=399.3 ent(t0,t>=1)=(0.000,0.974) aL=-0.0031 vL=0.1259 t0=[red=1.00 blue=0.00]
[u  743] env= 48693248 rsucc=0.944 n_rounds= 3290 ret=+11.534 len=386.8 ent(t0,t>=1)=(0.000,0.997) aL=-0.0035 vL=0.1028 t0=[red=1.00 blue=0.00]
[u  744] env= 48758784 rsucc=0.946 n_rounds= 3248 ret=+11.771 len=384.5 ent(t0,t>=1)=(0.000,1.001) aL=-0.0032 vL=0.1095 t0=[red=1.00 blue=0.00]
[u  745] env= 48824320 rsucc=0.939 n_rounds= 3165 ret=+10.962 len=410.3 ent(t0,t>=1)=(0.000,1.014) aL=-0.0027 vL=0.1232 t0=[red=1.00 blue=0.00]
[u  746] env= 48889856 rsucc=0.943 n_rounds= 3191 ret=+10.869 len=417.1 ent(t0,t>=1)=(0.000,1.001) aL=-0.0033 vL=0.1079 t0=[red=1.00 blue=0.00]
[u  747] env= 48955392 rsucc=0.938 n_rounds= 3076 ret=+10.898 len=417.8 ent(t0,t>=1)=(0.000,1.022) aL=-0.0031 vL=0.1134 t0=[red=1.00 blue=0.00]
[u  748] env= 49020928 rsucc=0.937 n_rounds= 3157 ret=+11.023 len=408.2 ent(t0,t>=1)=(0.000,1.021) aL=-0.0032 vL=0.1196 t0=[red=1.00 blue=0.00]
[u  749] env= 49086464 rsucc=0.942 n_rounds= 3232 ret=+10.703 len=418.8 ent(t0,t>=1)=(0.000,1.004) aL=-0.0031 vL=0.1095 t0=[red=1.00 blue=0.00]
[u  750] env= 49152000 rsucc=0.942 n_rounds= 3243 ret=+10.999 len=408.6 ent(t0,t>=1)=(0.000,1.010) aL=-0.0031 vL=0.1178 t0=[red=1.00 blue=0.00]
[u  751] env= 49217536 rsucc=0.947 n_rounds= 3117 ret=+11.388 len=402.3 ent(t0,t>=1)=(0.000,1.023) aL=-0.0033 vL=0.1094 t0=[red=1.00 blue=0.00]
[u  752] env= 49283072 rsucc=0.948 n_rounds= 3231 ret=+10.825 len=420.2 ent(t0,t>=1)=(0.000,0.996) aL=-0.0033 vL=0.1223 t0=[red=1.00 blue=0.00]
[u  753] env= 49348608 rsucc=0.948 n_rounds= 3237 ret=+11.092 len=407.2 ent(t0,t>=1)=(0.000,0.987) aL=-0.0033 vL=0.1172 t0=[red=1.00 blue=0.00]
[u  754] env= 49414144 rsucc=0.948 n_rounds= 3197 ret=+10.867 len=418.4 ent(t0,t>=1)=(0.000,1.012) aL=-0.0032 vL=0.1066 t0=[red=1.00 blue=0.00]
[u  755] env= 49479680 rsucc=0.949 n_rounds= 3160 ret=+11.269 len=408.3 ent(t0,t>=1)=(0.000,1.011) aL=-0.0035 vL=0.1091 t0=[red=1.00 blue=0.00]
[u  756] env= 49545216 rsucc=0.943 n_rounds= 3198 ret=+11.373 len=406.2 ent(t0,t>=1)=(0.000,0.996) aL=-0.0014 vL=0.1189 t0=[red=1.00 blue=0.00]
[u  757] env= 49610752 rsucc=0.942 n_rounds= 3167 ret=+11.081 len=406.1 ent(t0,t>=1)=(0.000,1.008) aL=-0.0032 vL=0.1079 t0=[red=1.00 blue=0.00]
[u  758] env= 49676288 rsucc=0.949 n_rounds= 3263 ret=+11.172 len=404.1 ent(t0,t>=1)=(0.000,0.984) aL=-0.0032 vL=0.1156 t0=[red=1.00 blue=0.00]
[u  759] env= 49741824 rsucc=0.944 n_rounds= 3231 ret=+10.820 len=421.2 ent(t0,t>=1)=(0.000,0.992) aL=-0.0030 vL=0.1191 t0=[red=1.00 blue=0.00]
[u  760] env= 49807360 rsucc=0.951 n_rounds= 3233 ret=+11.716 len=381.9 ent(t0,t>=1)=(0.000,0.995) aL=-0.0028 vL=0.1205 t0=[red=1.00 blue=0.00]
[u  761] env= 49872896 rsucc=0.947 n_rounds= 3216 ret=+10.566 len=435.1 ent(t0,t>=1)=(0.000,0.997) aL=-0.0029 vL=0.1202 t0=[red=1.00 blue=0.00]
[u  762] env= 49938432 rsucc=0.943 n_rounds= 3196 ret=+11.628 len=386.7 ent(t0,t>=1)=(0.000,0.991) aL=-0.0030 vL=0.1162 t0=[red=1.00 blue=0.00]
[u  763] env= 50003968 rsucc=0.939 n_rounds= 3078 ret=+11.144 len=408.6 ent(t0,t>=1)=(0.000,1.032) aL=-0.0023 vL=0.1085 t0=[red=1.00 blue=0.00]
[u  764] env= 50069504 rsucc=0.945 n_rounds= 3225 ret=+10.440 len=433.1 ent(t0,t>=1)=(0.000,0.996) aL=-0.0031 vL=0.1236 t0=[red=1.00 blue=0.00]
[u  765] env= 50135040 rsucc=0.943 n_rounds= 3222 ret=+11.173 len=405.9 ent(t0,t>=1)=(0.000,1.000) aL=-0.0023 vL=0.1113 t0=[red=1.00 blue=0.00]
[u  766] env= 50200576 rsucc=0.942 n_rounds= 3089 ret=+11.416 len=400.1 ent(t0,t>=1)=(0.000,1.019) aL=-0.0025 vL=0.1192 t0=[red=1.00 blue=0.00]
[u  767] env= 50266112 rsucc=0.941 n_rounds= 3246 ret=+10.591 len=423.7 ent(t0,t>=1)=(0.000,0.990) aL=-0.0028 vL=0.1273 t0=[red=1.00 blue=0.00]
[u  768] env= 50331648 rsucc=0.939 n_rounds= 3207 ret=+11.238 len=400.7 ent(t0,t>=1)=(0.000,1.006) aL=-0.0030 vL=0.1123 t0=[red=1.00 blue=0.00]
[u  769] env= 50397184 rsucc=0.940 n_rounds= 3154 ret=+10.549 len=426.2 ent(t0,t>=1)=(0.000,1.014) aL=-0.0027 vL=0.1125 t0=[red=1.00 blue=0.00]
[u  770] env= 50462720 rsucc=0.945 n_rounds= 3321 ret=+11.502 len=392.4 ent(t0,t>=1)=(0.000,0.998) aL=-0.0019 vL=0.1401 t0=[red=1.00 blue=0.00]
[u  771] env= 50528256 rsucc=0.939 n_rounds= 3197 ret=+11.206 len=400.7 ent(t0,t>=1)=(0.000,1.014) aL=-0.0026 vL=0.1136 t0=[red=1.00 blue=0.00]
[u  772] env= 50593792 rsucc=0.942 n_rounds= 3211 ret=+11.077 len=403.5 ent(t0,t>=1)=(0.000,1.008) aL=-0.0027 vL=0.1109 t0=[red=1.00 blue=0.00]
[u  773] env= 50659328 rsucc=0.952 n_rounds= 3346 ret=+10.881 len=416.3 ent(t0,t>=1)=(0.000,0.993) aL=-0.0019 vL=0.1213 t0=[red=1.00 blue=0.00]
[u  774] env= 50724864 rsucc=0.949 n_rounds= 3365 ret=+11.535 len=390.1 ent(t0,t>=1)=(0.000,0.983) aL=-0.0026 vL=0.1275 t0=[red=1.00 blue=0.00]
[u  775] env= 50790400 rsucc=0.942 n_rounds= 3233 ret=+11.771 len=381.0 ent(t0,t>=1)=(0.000,0.999) aL=-0.0030 vL=0.1248 t0=[red=1.00 blue=0.00]
[u  776] env= 50855936 rsucc=0.946 n_rounds= 3307 ret=+10.892 len=415.4 ent(t0,t>=1)=(0.000,1.000) aL=-0.0022 vL=0.1199 t0=[red=1.00 blue=0.00]
[u  777] env= 50921472 rsucc=0.953 n_rounds= 3452 ret=+11.357 len=398.9 ent(t0,t>=1)=(0.000,0.974) aL=-0.0023 vL=0.1273 t0=[red=1.00 blue=0.00]
[u  778] env= 50987008 rsucc=0.950 n_rounds= 3296 ret=+11.809 len=378.6 ent(t0,t>=1)=(0.000,0.989) aL=-0.0025 vL=0.1288 t0=[red=1.00 blue=0.00]
[u  779] env= 51052544 rsucc=0.939 n_rounds= 3234 ret=+11.827 len=378.3 ent(t0,t>=1)=(0.000,1.016) aL=-0.0028 vL=0.1157 t0=[red=1.00 blue=0.00]
[u  780] env= 51118080 rsucc=0.940 n_rounds= 3213 ret=+10.705 len=422.4 ent(t0,t>=1)=(0.000,1.003) aL=-0.0020 vL=0.1216 t0=[red=1.00 blue=0.00]
[u  781] env= 51183616 rsucc=0.946 n_rounds= 3278 ret=+10.929 len=414.6 ent(t0,t>=1)=(0.000,0.998) aL=-0.0021 vL=0.1297 t0=[red=1.00 blue=0.00]
[u  782] env= 51249152 rsucc=0.948 n_rounds= 3269 ret=+11.233 len=400.0 ent(t0,t>=1)=(0.000,1.004) aL=-0.0025 vL=0.1204 t0=[red=1.00 blue=0.00]
[u  783] env= 51314688 rsucc=0.942 n_rounds= 3209 ret=+11.370 len=395.1 ent(t0,t>=1)=(0.000,1.005) aL=-0.0024 vL=0.1183 t0=[red=1.00 blue=0.00]
[u  784] env= 51380224 rsucc=0.941 n_rounds= 3253 ret=+11.077 len=408.8 ent(t0,t>=1)=(0.000,0.997) aL=-0.0023 vL=0.1187 t0=[red=1.00 blue=0.00]
[u  785] env= 51445760 rsucc=0.948 n_rounds= 3349 ret=+11.278 len=400.4 ent(t0,t>=1)=(0.000,0.992) aL=-0.0023 vL=0.1203 t0=[red=1.00 blue=0.00]
[u  786] env= 51511296 rsucc=0.937 n_rounds= 3194 ret=+10.940 len=407.6 ent(t0,t>=1)=(0.000,0.999) aL=-0.0018 vL=0.1246 t0=[red=1.00 blue=0.00]
[u  787] env= 51576832 rsucc=0.947 n_rounds= 3172 ret=+11.294 len=402.6 ent(t0,t>=1)=(0.000,1.004) aL=-0.0025 vL=0.1087 t0=[red=1.00 blue=0.00]
[u  788] env= 51642368 rsucc=0.943 n_rounds= 3130 ret=+11.136 len=407.9 ent(t0,t>=1)=(0.000,1.012) aL=-0.0021 vL=0.1145 t0=[red=1.00 blue=0.00]
[u  789] env= 51707904 rsucc=0.940 n_rounds= 3238 ret=+10.714 len=422.6 ent(t0,t>=1)=(0.000,1.012) aL=-0.0021 vL=0.1161 t0=[red=1.00 blue=0.00]
[u  790] env= 51773440 rsucc=0.949 n_rounds= 3402 ret=+11.425 len=396.9 ent(t0,t>=1)=(0.000,0.981) aL=-0.0021 vL=0.1276 t0=[red=1.00 blue=0.00]
[u  791] env= 51838976 rsucc=0.945 n_rounds= 3303 ret=+11.174 len=398.4 ent(t0,t>=1)=(0.000,0.992) aL=-0.0024 vL=0.1172 t0=[red=1.00 blue=0.00]
[u  792] env= 51904512 rsucc=0.945 n_rounds= 3337 ret=+11.744 len=383.6 ent(t0,t>=1)=(0.000,0.987) aL=-0.0027 vL=0.1137 t0=[red=1.00 blue=0.00]
[u  793] env= 51970048 rsucc=0.946 n_rounds= 3319 ret=+11.486 len=387.1 ent(t0,t>=1)=(0.000,0.989) aL=-0.0023 vL=0.1133 t0=[red=1.00 blue=0.00]
[u  794] env= 52035584 rsucc=0.938 n_rounds= 3191 ret=+10.896 len=416.6 ent(t0,t>=1)=(0.000,1.004) aL=-0.0026 vL=0.1222 t0=[red=1.00 blue=0.00]
[u  795] env= 52101120 rsucc=0.944 n_rounds= 3262 ret=+11.685 len=382.7 ent(t0,t>=1)=(0.000,0.999) aL=-0.0021 vL=0.1195 t0=[red=1.00 blue=0.00]
[u  796] env= 52166656 rsucc=0.940 n_rounds= 3194 ret=+10.741 len=419.4 ent(t0,t>=1)=(0.000,1.009) aL=-0.0023 vL=0.1097 t0=[red=1.00 blue=0.00]
[u  797] env= 52232192 rsucc=0.941 n_rounds= 3196 ret=+10.996 len=408.2 ent(t0,t>=1)=(0.000,1.002) aL=-0.0020 vL=0.1255 t0=[red=1.00 blue=0.00]
[u  798] env= 52297728 rsucc=0.947 n_rounds= 3250 ret=+10.726 len=422.1 ent(t0,t>=1)=(0.000,0.995) aL=-0.0017 vL=0.1271 t0=[red=1.00 blue=0.00]
[u  799] env= 52363264 rsucc=0.944 n_rounds= 3207 ret=+11.631 len=387.5 ent(t0,t>=1)=(0.000,1.008) aL=-0.0021 vL=0.1123 t0=[red=1.00 blue=0.00]
[u  800] env= 52428800 rsucc=0.934 n_rounds= 3171 ret=+11.085 len=406.4 ent(t0,t>=1)=(0.000,1.011) aL=-0.0024 vL=0.1156 t0=[red=1.00 blue=0.00]
[u  801] env= 52494336 rsucc=0.944 n_rounds= 3189 ret=+10.357 len=433.8 ent(t0,t>=1)=(0.000,1.002) aL=-0.0020 vL=0.1277 t0=[red=1.00 blue=0.00]
[u  802] env= 52559872 rsucc=0.945 n_rounds= 3213 ret=+11.272 len=398.4 ent(t0,t>=1)=(0.000,0.995) aL=-0.0012 vL=0.1168 t0=[red=1.00 blue=0.00]
[u  803] env= 52625408 rsucc=0.939 n_rounds= 3181 ret=+11.066 len=412.9 ent(t0,t>=1)=(0.000,1.004) aL=-0.0021 vL=0.1212 t0=[red=1.00 blue=0.00]
[u  804] env= 52690944 rsucc=0.945 n_rounds= 3173 ret=+11.080 len=406.3 ent(t0,t>=1)=(0.000,0.996) aL=-0.0021 vL=0.1110 t0=[red=1.00 blue=0.00]
[u  805] env= 52756480 rsucc=0.945 n_rounds= 3302 ret=+11.282 len=400.2 ent(t0,t>=1)=(0.000,0.979) aL=-0.0009 vL=0.1278 t0=[red=1.00 blue=0.00]
[u  806] env= 52822016 rsucc=0.948 n_rounds= 3272 ret=+10.732 len=423.2 ent(t0,t>=1)=(0.000,0.985) aL=-0.0021 vL=0.1193 t0=[red=1.00 blue=0.00]
[u  807] env= 52887552 rsucc=0.942 n_rounds= 3267 ret=+11.865 len=378.6 ent(t0,t>=1)=(0.000,0.997) aL=-0.0016 vL=0.1355 t0=[red=1.00 blue=0.00]
[u  808] env= 52953088 rsucc=0.944 n_rounds= 3358 ret=+11.127 len=402.5 ent(t0,t>=1)=(0.000,0.982) aL=-0.0018 vL=0.1207 t0=[red=1.00 blue=0.00]
[u  809] env= 53018624 rsucc=0.952 n_rounds= 3414 ret=+11.338 len=396.2 ent(t0,t>=1)=(0.000,0.976) aL=-0.0016 vL=0.1290 t0=[red=1.00 blue=0.00]
[u  810] env= 53084160 rsucc=0.947 n_rounds= 3268 ret=+11.677 len=386.1 ent(t0,t>=1)=(0.000,0.993) aL=-0.0018 vL=0.1147 t0=[red=1.00 blue=0.00]
[u  811] env= 53149696 rsucc=0.944 n_rounds= 3158 ret=+11.481 len=392.5 ent(t0,t>=1)=(0.000,1.010) aL=-0.0019 vL=0.1097 t0=[red=1.00 blue=0.00]
[u  812] env= 53215232 rsucc=0.946 n_rounds= 3335 ret=+10.818 len=423.0 ent(t0,t>=1)=(0.000,0.989) aL=-0.0016 vL=0.1201 t0=[red=1.00 blue=0.00]
[u  813] env= 53280768 rsucc=0.940 n_rounds= 3185 ret=+11.327 len=399.6 ent(t0,t>=1)=(0.000,1.006) aL=-0.0020 vL=0.1309 t0=[red=1.00 blue=0.00]
[u  814] env= 53346304 rsucc=0.947 n_rounds= 3321 ret=+11.594 len=383.7 ent(t0,t>=1)=(0.000,0.988) aL=-0.0019 vL=0.1175 t0=[red=1.00 blue=0.00]
[u  815] env= 53411840 rsucc=0.946 n_rounds= 3162 ret=+10.781 len=417.8 ent(t0,t>=1)=(0.000,1.006) aL=-0.0018 vL=0.1092 t0=[red=1.00 blue=0.00]
[u  816] env= 53477376 rsucc=0.940 n_rounds= 3221 ret=+11.235 len=404.5 ent(t0,t>=1)=(0.000,1.012) aL=-0.0018 vL=0.1238 t0=[red=1.00 blue=0.00]
[u  817] env= 53542912 rsucc=0.937 n_rounds= 3144 ret=+11.087 len=410.2 ent(t0,t>=1)=(0.000,1.016) aL=-0.0015 vL=0.1202 t0=[red=1.00 blue=0.00]
[u  818] env= 53608448 rsucc=0.942 n_rounds= 3236 ret=+10.400 len=432.1 ent(t0,t>=1)=(0.000,1.006) aL=-0.0013 vL=0.1245 t0=[red=1.00 blue=0.00]
[u  819] env= 53673984 rsucc=0.947 n_rounds= 3261 ret=+11.561 len=387.4 ent(t0,t>=1)=(0.000,1.001) aL=-0.0018 vL=0.1175 t0=[red=1.00 blue=0.00]
[u  820] env= 53739520 rsucc=0.938 n_rounds= 3204 ret=+11.250 len=400.8 ent(t0,t>=1)=(0.000,1.015) aL=-0.0019 vL=0.1175 t0=[red=1.00 blue=0.00]
[u  821] env= 53805056 rsucc=0.942 n_rounds= 3179 ret=+10.913 len=412.0 ent(t0,t>=1)=(0.000,1.022) aL=-0.0013 vL=0.1136 t0=[red=1.00 blue=0.00]
[u  822] env= 53870592 rsucc=0.944 n_rounds= 3128 ret=+10.705 len=418.9 ent(t0,t>=1)=(0.000,1.030) aL=-0.0014 vL=0.1162 t0=[red=1.00 blue=0.00]
[u  823] env= 53936128 rsucc=0.939 n_rounds= 3108 ret=+10.428 len=437.0 ent(t0,t>=1)=(0.000,1.012) aL=-0.0015 vL=0.1246 t0=[red=1.00 blue=0.00]
[u  824] env= 54001664 rsucc=0.940 n_rounds= 3081 ret=+11.260 len=401.4 ent(t0,t>=1)=(0.000,1.017) aL=-0.0016 vL=0.1128 t0=[red=1.00 blue=0.00]
[u  825] env= 54067200 rsucc=0.941 n_rounds= 3155 ret=+10.228 len=439.7 ent(t0,t>=1)=(0.000,1.015) aL=-0.0016 vL=0.1179 t0=[red=1.00 blue=0.00]
[u  826] env= 54132736 rsucc=0.944 n_rounds= 3196 ret=+10.908 len=414.8 ent(t0,t>=1)=(0.000,1.014) aL=-0.0011 vL=0.1107 t0=[red=1.00 blue=0.00]
[u  827] env= 54198272 rsucc=0.951 n_rounds= 3334 ret=+11.428 len=399.2 ent(t0,t>=1)=(0.000,0.987) aL=-0.0014 vL=0.1270 t0=[red=1.00 blue=0.00]
[u  828] env= 54263808 rsucc=0.948 n_rounds= 3399 ret=+11.708 len=384.2 ent(t0,t>=1)=(0.000,0.981) aL=-0.0012 vL=0.1264 t0=[red=1.00 blue=0.00]
[u  829] env= 54329344 rsucc=0.944 n_rounds= 3290 ret=+11.449 len=396.6 ent(t0,t>=1)=(0.000,0.988) aL=-0.0016 vL=0.1185 t0=[red=1.00 blue=0.00]
[u  830] env= 54394880 rsucc=0.947 n_rounds= 3381 ret=+11.581 len=389.4 ent(t0,t>=1)=(0.000,0.992) aL=-0.0011 vL=0.1272 t0=[red=1.00 blue=0.00]
[u  831] env= 54460416 rsucc=0.948 n_rounds= 3281 ret=+11.256 len=396.5 ent(t0,t>=1)=(0.000,0.995) aL=-0.0012 vL=0.1202 t0=[red=1.00 blue=0.00]
[u  832] env= 54525952 rsucc=0.951 n_rounds= 3345 ret=+11.550 len=390.6 ent(t0,t>=1)=(0.000,0.991) aL=-0.0015 vL=0.1146 t0=[red=1.00 blue=0.00]
[u  833] env= 54591488 rsucc=0.946 n_rounds= 3196 ret=+11.142 len=409.6 ent(t0,t>=1)=(0.000,1.008) aL=-0.0007 vL=0.1194 t0=[red=1.00 blue=0.00]
[u  834] env= 54657024 rsucc=0.947 n_rounds= 3241 ret=+11.605 len=390.3 ent(t0,t>=1)=(0.000,1.007) aL=-0.0014 vL=0.1131 t0=[red=1.00 blue=0.00]
[u  835] env= 54722560 rsucc=0.940 n_rounds= 3111 ret=+11.045 len=413.1 ent(t0,t>=1)=(0.000,1.021) aL=-0.0013 vL=0.1115 t0=[red=1.00 blue=0.00]
[u  836] env= 54788096 rsucc=0.945 n_rounds= 3274 ret=+10.956 len=414.6 ent(t0,t>=1)=(0.000,1.011) aL=-0.0011 vL=0.1255 t0=[red=1.00 blue=0.00]
[u  837] env= 54853632 rsucc=0.938 n_rounds= 3248 ret=+11.088 len=404.0 ent(t0,t>=1)=(0.000,1.011) aL=-0.0007 vL=0.1311 t0=[red=1.00 blue=0.00]
[u  838] env= 54919168 rsucc=0.942 n_rounds= 3369 ret=+11.090 len=401.0 ent(t0,t>=1)=(0.000,0.992) aL=-0.0010 vL=0.1311 t0=[red=1.00 blue=0.00]
[u  839] env= 54984704 rsucc=0.948 n_rounds= 3351 ret=+11.738 len=381.1 ent(t0,t>=1)=(0.000,1.002) aL=-0.0013 vL=0.1228 t0=[red=1.00 blue=0.00]
[u  840] env= 55050240 rsucc=0.945 n_rounds= 3382 ret=+11.338 len=396.8 ent(t0,t>=1)=(0.000,0.989) aL=-0.0015 vL=0.1295 t0=[red=1.00 blue=0.00]
[u  841] env= 55115776 rsucc=0.945 n_rounds= 3263 ret=+11.498 len=388.0 ent(t0,t>=1)=(0.000,1.011) aL=-0.0011 vL=0.1270 t0=[red=1.00 blue=0.00]
[u  842] env= 55181312 rsucc=0.946 n_rounds= 3176 ret=+11.069 len=409.9 ent(t0,t>=1)=(0.000,1.017) aL=-0.0007 vL=0.1234 t0=[red=1.00 blue=0.00]
[u  843] env= 55246848 rsucc=0.948 n_rounds= 3161 ret=+10.980 len=413.5 ent(t0,t>=1)=(0.000,1.023) aL=-0.0006 vL=0.1104 t0=[red=1.00 blue=0.00]
[u  844] env= 55312384 rsucc=0.949 n_rounds= 3271 ret=+11.268 len=408.6 ent(t0,t>=1)=(0.000,1.008) aL=-0.0011 vL=0.1253 t0=[red=1.00 blue=0.00]
[u  845] env= 55377920 rsucc=0.949 n_rounds= 3384 ret=+11.238 len=403.9 ent(t0,t>=1)=(0.000,0.982) aL=-0.0008 vL=0.1196 t0=[red=1.00 blue=0.00]
[u  846] env= 55443456 rsucc=0.948 n_rounds= 3287 ret=+11.591 len=386.3 ent(t0,t>=1)=(0.000,1.004) aL=-0.0002 vL=0.1309 t0=[red=1.00 blue=0.00]
[u  847] env= 55508992 rsucc=0.946 n_rounds= 3287 ret=+11.576 len=390.2 ent(t0,t>=1)=(0.000,1.011) aL=-0.0010 vL=0.1174 t0=[red=1.00 blue=0.00]
[u  848] env= 55574528 rsucc=0.944 n_rounds= 3270 ret=+11.544 len=392.4 ent(t0,t>=1)=(0.000,1.012) aL=-0.0008 vL=0.1280 t0=[red=1.00 blue=0.00]
[u  849] env= 55640064 rsucc=0.942 n_rounds= 3303 ret=+11.050 len=408.3 ent(t0,t>=1)=(0.000,1.013) aL=-0.0009 vL=0.1219 t0=[red=1.00 blue=0.00]
[u  850] env= 55705600 rsucc=0.936 n_rounds= 3257 ret=+11.211 len=399.3 ent(t0,t>=1)=(0.000,1.020) aL=-0.0011 vL=0.1245 t0=[red=1.00 blue=0.00]
[u  851] env= 55771136 rsucc=0.939 n_rounds= 3235 ret=+11.203 len=397.0 ent(t0,t>=1)=(0.000,1.023) aL=-0.0007 vL=0.1227 t0=[red=1.00 blue=0.00]
[u  852] env= 55836672 rsucc=0.937 n_rounds= 3087 ret=+10.723 len=415.5 ent(t0,t>=1)=(0.000,1.036) aL=-0.0009 vL=0.1242 t0=[red=1.00 blue=0.00]
[u  853] env= 55902208 rsucc=0.936 n_rounds= 3150 ret=+10.508 len=428.4 ent(t0,t>=1)=(0.000,1.033) aL=+0.0003 vL=0.1297 t0=[red=1.00 blue=0.00]
[u  854] env= 55967744 rsucc=0.945 n_rounds= 3157 ret=+10.951 len=414.4 ent(t0,t>=1)=(0.000,1.016) aL=-0.0008 vL=0.1186 t0=[red=1.00 blue=0.00]
[u  855] env= 56033280 rsucc=0.937 n_rounds= 3262 ret=+11.161 len=402.0 ent(t0,t>=1)=(0.000,1.016) aL=-0.0010 vL=0.1283 t0=[red=1.00 blue=0.00]
[u  856] env= 56098816 rsucc=0.947 n_rounds= 3287 ret=+11.375 len=395.3 ent(t0,t>=1)=(0.000,1.007) aL=-0.0001 vL=0.1312 t0=[red=1.00 blue=0.00]
[u  857] env= 56164352 rsucc=0.945 n_rounds= 3328 ret=+11.046 len=408.3 ent(t0,t>=1)=(0.000,1.001) aL=-0.0007 vL=0.1255 t0=[red=1.00 blue=0.00]
[u  858] env= 56229888 rsucc=0.938 n_rounds= 3097 ret=+11.350 len=396.5 ent(t0,t>=1)=(0.000,1.041) aL=-0.0007 vL=0.1138 t0=[red=1.00 blue=0.00]
[u  859] env= 56295424 rsucc=0.946 n_rounds= 3226 ret=+10.281 len=435.0 ent(t0,t>=1)=(0.000,1.017) aL=-0.0006 vL=0.1209 t0=[red=1.00 blue=0.00]
[u  860] env= 56360960 rsucc=0.945 n_rounds= 3391 ret=+11.257 len=403.6 ent(t0,t>=1)=(0.000,0.980) aL=-0.0009 vL=0.1376 t0=[red=1.00 blue=0.00]
[u  861] env= 56426496 rsucc=0.944 n_rounds= 3351 ret=+11.946 len=368.9 ent(t0,t>=1)=(0.000,0.984) aL=-0.0006 vL=0.1186 t0=[red=1.00 blue=0.00]
[u  862] env= 56492032 rsucc=0.941 n_rounds= 3159 ret=+11.236 len=400.4 ent(t0,t>=1)=(0.000,1.019) aL=-0.0006 vL=0.1153 t0=[red=1.00 blue=0.00]
[u  863] env= 56557568 rsucc=0.948 n_rounds= 3171 ret=+11.016 len=414.5 ent(t0,t>=1)=(0.000,1.013) aL=-0.0010 vL=0.1192 t0=[red=1.00 blue=0.00]
[u  864] env= 56623104 rsucc=0.944 n_rounds= 3273 ret=+10.334 len=438.0 ent(t0,t>=1)=(0.000,0.990) aL=-0.0008 vL=0.1262 t0=[red=1.00 blue=0.00]
[u  865] env= 56688640 rsucc=0.949 n_rounds= 3342 ret=+11.793 len=383.4 ent(t0,t>=1)=(0.000,0.987) aL=+0.0001 vL=0.1247 t0=[red=1.00 blue=0.00]
[u  866] env= 56754176 rsucc=0.946 n_rounds= 3358 ret=+11.528 len=391.2 ent(t0,t>=1)=(0.000,0.988) aL=-0.0008 vL=0.1234 t0=[red=1.00 blue=0.00]
[u  867] env= 56819712 rsucc=0.954 n_rounds= 3366 ret=+11.762 len=384.0 ent(t0,t>=1)=(0.000,0.978) aL=-0.0006 vL=0.1271 t0=[red=1.00 blue=0.00]
[u  868] env= 56885248 rsucc=0.942 n_rounds= 3268 ret=+12.074 len=369.8 ent(t0,t>=1)=(0.000,0.998) aL=-0.0007 vL=0.1195 t0=[red=1.00 blue=0.00]
[u  869] env= 56950784 rsucc=0.939 n_rounds= 3115 ret=+10.728 len=417.2 ent(t0,t>=1)=(0.000,1.024) aL=-0.0000 vL=0.1256 t0=[red=1.00 blue=0.00]
[u  870] env= 57016320 rsucc=0.930 n_rounds= 3040 ret=+10.267 len=437.6 ent(t0,t>=1)=(0.000,1.044) aL=-0.0003 vL=0.1214 t0=[red=1.00 blue=0.00]
[u  871] env= 57081856 rsucc=0.939 n_rounds= 3102 ret=+10.646 len=423.0 ent(t0,t>=1)=(0.000,1.023) aL=-0.0007 vL=0.1064 t0=[red=1.00 blue=0.00]
[u  872] env= 57147392 rsucc=0.944 n_rounds= 3167 ret=+10.478 len=430.3 ent(t0,t>=1)=(0.000,1.021) aL=-0.0006 vL=0.1185 t0=[red=1.00 blue=0.00]
[u  873] env= 57212928 rsucc=0.952 n_rounds= 3279 ret=+10.880 len=417.3 ent(t0,t>=1)=(0.000,0.997) aL=-0.0006 vL=0.1383 t0=[red=1.00 blue=0.00]
[u  874] env= 57278464 rsucc=0.949 n_rounds= 3276 ret=+11.810 len=384.3 ent(t0,t>=1)=(0.000,1.001) aL=-0.0009 vL=0.1183 t0=[red=1.00 blue=0.00]
[u  875] env= 57344000 rsucc=0.948 n_rounds= 3360 ret=+11.469 len=394.3 ent(t0,t>=1)=(0.000,1.002) aL=-0.0006 vL=0.1225 t0=[red=1.00 blue=0.00]
[u  876] env= 57409536 rsucc=0.944 n_rounds= 3394 ret=+11.298 len=397.6 ent(t0,t>=1)=(0.000,0.990) aL=-0.0006 vL=0.1284 t0=[red=1.00 blue=0.00]
[u  877] env= 57475072 rsucc=0.942 n_rounds= 3212 ret=+11.355 len=394.6 ent(t0,t>=1)=(0.000,1.012) aL=-0.0006 vL=0.1276 t0=[red=1.00 blue=0.00]
[u  878] env= 57540608 rsucc=0.942 n_rounds= 3282 ret=+11.195 len=405.5 ent(t0,t>=1)=(0.000,1.000) aL=-0.0005 vL=0.1168 t0=[red=1.00 blue=0.00]
[u  879] env= 57606144 rsucc=0.944 n_rounds= 3245 ret=+11.349 len=396.9 ent(t0,t>=1)=(0.000,1.000) aL=-0.0007 vL=0.1279 t0=[red=1.00 blue=0.00]
[u  880] env= 57671680 rsucc=0.947 n_rounds= 3323 ret=+11.391 len=392.1 ent(t0,t>=1)=(0.000,0.998) aL=-0.0005 vL=0.1213 t0=[red=1.00 blue=0.00]
[u  881] env= 57737216 rsucc=0.949 n_rounds= 3389 ret=+11.039 len=407.3 ent(t0,t>=1)=(0.000,0.983) aL=-0.0006 vL=0.1233 t0=[red=1.00 blue=0.00]
[u  882] env= 57802752 rsucc=0.947 n_rounds= 3297 ret=+11.996 len=374.6 ent(t0,t>=1)=(0.000,1.003) aL=-0.0005 vL=0.1182 t0=[red=1.00 blue=0.00]
[u  883] env= 57868288 rsucc=0.947 n_rounds= 3333 ret=+11.345 len=398.0 ent(t0,t>=1)=(0.000,0.987) aL=-0.0003 vL=0.1251 t0=[red=1.00 blue=0.00]
[u  884] env= 57933824 rsucc=0.945 n_rounds= 3206 ret=+11.152 len=406.2 ent(t0,t>=1)=(0.000,1.011) aL=-0.0005 vL=0.1100 t0=[red=1.00 blue=0.00]
[u  885] env= 57999360 rsucc=0.950 n_rounds= 3246 ret=+11.236 len=405.1 ent(t0,t>=1)=(0.000,0.999) aL=-0.0004 vL=0.1202 t0=[red=1.00 blue=0.00]
[u  886] env= 58064896 rsucc=0.945 n_rounds= 3280 ret=+11.343 len=401.5 ent(t0,t>=1)=(0.000,0.992) aL=-0.0003 vL=0.1201 t0=[red=1.00 blue=0.00]
[u  887] env= 58130432 rsucc=0.943 n_rounds= 3301 ret=+11.407 len=394.5 ent(t0,t>=1)=(0.000,1.002) aL=-0.0005 vL=0.1227 t0=[red=1.00 blue=0.00]
[u  888] env= 58195968 rsucc=0.945 n_rounds= 3316 ret=+11.420 len=391.5 ent(t0,t>=1)=(0.000,0.988) aL=+0.0001 vL=0.1211 t0=[red=1.00 blue=0.00]
[u  889] env= 58261504 rsucc=0.959 n_rounds= 3493 ret=+11.086 len=407.1 ent(t0,t>=1)=(0.000,0.956) aL=-0.0004 vL=0.1320 t0=[red=1.00 blue=0.00]
[u  890] env= 58327040 rsucc=0.954 n_rounds= 3449 ret=+12.491 len=355.0 ent(t0,t>=1)=(0.000,0.977) aL=-0.0004 vL=0.1150 t0=[red=1.00 blue=0.00]
[u  891] env= 58392576 rsucc=0.945 n_rounds= 3170 ret=+11.611 len=391.5 ent(t0,t>=1)=(0.000,1.007) aL=+0.0108 vL=0.1202 t0=[red=1.00 blue=0.00]
[u  892] env= 58458112 rsucc=0.944 n_rounds= 3260 ret=+11.082 len=412.5 ent(t0,t>=1)=(0.000,1.002) aL=-0.0003 vL=0.1295 t0=[red=1.00 blue=0.00]
[u  893] env= 58523648 rsucc=0.944 n_rounds= 3332 ret=+11.334 len=395.2 ent(t0,t>=1)=(0.000,0.997) aL=-0.0003 vL=0.1231 t0=[red=1.00 blue=0.00]
[u  894] env= 58589184 rsucc=0.940 n_rounds= 3299 ret=+11.594 len=386.2 ent(t0,t>=1)=(0.000,1.002) aL=-0.0003 vL=0.1263 t0=[red=1.00 blue=0.00]
[u  895] env= 58654720 rsucc=0.939 n_rounds= 3152 ret=+10.708 len=417.7 ent(t0,t>=1)=(0.000,1.021) aL=-0.0002 vL=0.1162 t0=[red=1.00 blue=0.00]
[u  896] env= 58720256 rsucc=0.948 n_rounds= 3262 ret=+10.960 len=410.5 ent(t0,t>=1)=(0.000,1.004) aL=-0.0001 vL=0.1184 t0=[red=1.00 blue=0.00]
[u  897] env= 58785792 rsucc=0.945 n_rounds= 3312 ret=+11.376 len=399.6 ent(t0,t>=1)=(0.000,0.994) aL=+0.0013 vL=0.1253 t0=[red=1.00 blue=0.00]
[u  898] env= 58851328 rsucc=0.946 n_rounds= 3362 ret=+11.344 len=396.6 ent(t0,t>=1)=(0.000,0.985) aL=-0.0001 vL=0.1315 t0=[red=1.00 blue=0.00]
[u  899] env= 58916864 rsucc=0.945 n_rounds= 3270 ret=+11.464 len=389.3 ent(t0,t>=1)=(0.000,1.000) aL=-0.0002 vL=0.1178 t0=[red=1.00 blue=0.00]
[u  900] env= 58982400 rsucc=0.943 n_rounds= 3274 ret=+11.591 len=395.6 ent(t0,t>=1)=(0.000,1.003) aL=-0.0003 vL=0.1185 t0=[red=1.00 blue=0.00]
[u  901] env= 59047936 rsucc=0.939 n_rounds= 3228 ret=+10.886 len=410.4 ent(t0,t>=1)=(0.000,1.015) aL=+0.0002 vL=0.1274 t0=[red=1.00 blue=0.00]
[u  902] env= 59113472 rsucc=0.945 n_rounds= 3227 ret=+11.310 len=396.0 ent(t0,t>=1)=(0.000,1.000) aL=-0.0004 vL=0.1202 t0=[red=1.00 blue=0.00]
[u  903] env= 59179008 rsucc=0.936 n_rounds= 3125 ret=+10.743 len=417.5 ent(t0,t>=1)=(0.000,1.023) aL=-0.0004 vL=0.1168 t0=[red=1.00 blue=0.00]
[u  904] env= 59244544 rsucc=0.942 n_rounds= 3278 ret=+10.470 len=432.8 ent(t0,t>=1)=(0.000,0.993) aL=-0.0002 vL=0.1266 t0=[red=1.00 blue=0.00]
[u  905] env= 59310080 rsucc=0.935 n_rounds= 3178 ret=+11.445 len=389.6 ent(t0,t>=1)=(0.000,1.017) aL=+0.0001 vL=0.1280 t0=[red=1.00 blue=0.00]
[u  906] env= 59375616 rsucc=0.937 n_rounds= 3093 ret=+11.346 len=398.8 ent(t0,t>=1)=(0.000,1.027) aL=-0.0003 vL=0.1161 t0=[red=1.00 blue=0.00]
[u  907] env= 59441152 rsucc=0.946 n_rounds= 3280 ret=+10.536 len=422.6 ent(t0,t>=1)=(0.000,1.002) aL=+0.0002 vL=0.1169 t0=[red=1.00 blue=0.00]
[u  908] env= 59506688 rsucc=0.944 n_rounds= 3245 ret=+10.850 len=415.5 ent(t0,t>=1)=(0.000,0.999) aL=-0.0006 vL=0.1198 t0=[red=1.00 blue=0.00]
[u  909] env= 59572224 rsucc=0.941 n_rounds= 3277 ret=+11.252 len=401.9 ent(t0,t>=1)=(0.000,1.009) aL=-0.0003 vL=0.1279 t0=[red=1.00 blue=0.00]
[u  910] env= 59637760 rsucc=0.948 n_rounds= 3399 ret=+11.468 len=389.8 ent(t0,t>=1)=(0.000,0.985) aL=-0.0001 vL=0.1258 t0=[red=1.00 blue=0.00]
[u  911] env= 59703296 rsucc=0.946 n_rounds= 3275 ret=+11.513 len=387.8 ent(t0,t>=1)=(0.000,0.995) aL=-0.0004 vL=0.1244 t0=[red=1.00 blue=0.00]
[u  912] env= 59768832 rsucc=0.933 n_rounds= 3202 ret=+11.537 len=388.5 ent(t0,t>=1)=(0.000,1.017) aL=-0.0000 vL=0.1227 t0=[red=1.00 blue=0.00]
[u  913] env= 59834368 rsucc=0.946 n_rounds= 3202 ret=+10.530 len=426.9 ent(t0,t>=1)=(0.000,1.013) aL=-0.0001 vL=0.1209 t0=[red=1.00 blue=0.00]
[u  914] env= 59899904 rsucc=0.933 n_rounds= 3177 ret=+10.855 len=413.6 ent(t0,t>=1)=(0.000,1.017) aL=-0.0002 vL=0.1271 t0=[red=1.00 blue=0.00]
[u  915] env= 59965440 rsucc=0.935 n_rounds= 3138 ret=+11.311 len=396.3 ent(t0,t>=1)=(0.000,1.013) aL=+0.0008 vL=0.1305 t0=[red=1.00 blue=0.00]
[main] training done in 1161.8s
        round_success_rate: [+0.3221, +0.3103, +0.2885, +0.2916, +0.2732, +0.3039, +0.3117, +0.3016, +0.2868, +0.2904, +0.2875, +0.2916, +0.2730, +0.3076, +0.2975, +0.3081, +0.3156, +0.3158, +0.3445, +0.3320, +0.3560, +0.3972, +0.4419, +0.4820, +0.4900, +0.5175, +0.5493, +0.5665, +0.6174, +0.6641, +0.6952, +0.7288, +0.7615, +0.7778, +0.7879, +0.8061, +0.7952, +0.8026, +0.8056, +0.8091, +0.8211, +0.8361, +0.8184, +0.8185, +0.8238, +0.8127, +0.8188, +0.8157, +0.8115, +0.8212, +0.8209, +0.8284, +0.8213, +0.8286, +0.8277, +0.8470, +0.8439, +0.8616, +0.8392, +0.8495, +0.8537, +0.8438, +0.8606, +0.8701, +0.8660, +0.8559, +0.8580, +0.8720, +0.8614, +0.8754, +0.8735, +0.8676, +0.8779, +0.8643, +0.8822, +0.8738, +0.8680, +0.8760, +0.8857, +0.8808, +0.8723, +0.8800, +0.8828, +0.8856, +0.8995, +0.8858, +0.9041, +0.9016, +0.8916, +0.8881, +0.8968, +0.9021, +0.8995, +0.9056, +0.8988, +0.8961, +0.9030, +0.9073, +0.9081, +0.8965, +0.8875, +0.9081, +0.9030, +0.9103, +0.9055, +0.9091, +0.9095, +0.9017, +0.8904, +0.8910, +0.9074, +0.9077, +0.8975, +0.8882, +0.9177, +0.9115, +0.9131, +0.9108, +0.9035, +0.9164, +0.9079, +0.9164, +0.9171, +0.9230, +0.9196, +0.9194, +0.9132, +0.9182, +0.9083, +0.9125, +0.9169, +0.9161, +0.9113, +0.9283, +0.9196, +0.9183, +0.9138, +0.9199, +0.9229, +0.9162, +0.9227, +0.9147, +0.9176, +0.9288, +0.9200, +0.9234, +0.9205, +0.9179, +0.9223, +0.9318, +0.9237, +0.9230, +0.9208, +0.9241, +0.9223, +0.9277, +0.9249, +0.9222, +0.9310, +0.9120, +0.9198, +0.9288, +0.9155, +0.9377, +0.9318, +0.9310, +0.9309, +0.9315, +0.9281, +0.9341, +0.9201, +0.9180, +0.9211, +0.9198, +0.9248, +0.9272, +0.9268, +0.9238, +0.9298, +0.9313, +0.9274, +0.9226, +0.9281, +0.9298, +0.9317, +0.9326, +0.9332, +0.9390, +0.9373, +0.9349, +0.9326, +0.9404, +0.9225, +0.9327, +0.9375, +0.9405, +0.9288, +0.9259, +0.9356, +0.9394, +0.9420, +0.9410, +0.9398, +0.9299, +0.9276, +0.9314, +0.9314, +0.9359, +0.9290, +0.9359, +0.9376, +0.9429, +0.9375, +0.9442, +0.9400, +0.9386, +0.9341, +0.9385, +0.9343, +0.9315, +0.9411, +0.9298, +0.9409, +0.9342, +0.9344, +0.9307, +0.9328, +0.9431, +0.9427, +0.9440, +0.9383, +0.9272, +0.9388, +0.9387, +0.9414, +0.9395, +0.9294, +0.9290, +0.9355, +0.9418, +0.9301, +0.9286, +0.9298, +0.9279, +0.9354, +0.9370, +0.9409, +0.9357, +0.9291, +0.9357, +0.9390, +0.9368, +0.9398, +0.9343, +0.9414, +0.9335, +0.9359, +0.9358, +0.9348, +0.9341, +0.9304, +0.9372, +0.9357, +0.9385, +0.9363, +0.9439, +0.9408, +0.9335, +0.9319, +0.9289, +0.9369, +0.9306, +0.9316, +0.9248, +0.9313, +0.9413, +0.9385, +0.9410, +0.9331, +0.9338, +0.9228, +0.9248, +0.9250, +0.9421, +0.9425, +0.9340, +0.9264, +0.9372, +0.9367, +0.9416, +0.9232, +0.9453, +0.9381, +0.9387, +0.9386, +0.9306, +0.9324, +0.9309, +0.9424, +0.9430, +0.9423, +0.9404, +0.9260, +0.9452, +0.9473, +0.9345, +0.9291, +0.9365, +0.9433, +0.9362, +0.9382, +0.9382, +0.9338, +0.9411, +0.9390, +0.9372, +0.9400, +0.9391, +0.9414, +0.9480, +0.9399, +0.9410, +0.9403, +0.9445, +0.9403, +0.9359, +0.9375, +0.9335, +0.9401, +0.9372, +0.9363, +0.9365, +0.9365, +0.9415, +0.9411, +0.9372, +0.9412, +0.9340, +0.9388, +0.9477, +0.9390, +0.9396, +0.9326, +0.9321, +0.9476, +0.9432, +0.9364, +0.9367, +0.9352, +0.9422, +0.9428, +0.9420, +0.9405, +0.9375, +0.9440, +0.9405, +0.9426, +0.9325, +0.9360, +0.9475, +0.9486, +0.9377, +0.9339, +0.9486, +0.9413, +0.9430, +0.9395, +0.9394, +0.9402, +0.9381, +0.9372, +0.9377, +0.9351, +0.9365, +0.9400, +0.9400, +0.9405, +0.9445, +0.9399, +0.9444, +0.9361, +0.9346, +0.9355, +0.9367, +0.9401, +0.9443, +0.9254, +0.9385, +0.9434, +0.9420, +0.9274, +0.9443, +0.9460, +0.9453, +0.9348, +0.9441, +0.9374, +0.9368, +0.9442, +0.9321, +0.9411, +0.9401, +0.9520, +0.9449, +0.9438, +0.9371, +0.9428, +0.9488, +0.9410, +0.9479, +0.9389, +0.9477, +0.9371, +0.9396, +0.9518, +0.9454, +0.9425, +0.9390, +0.9469, +0.9403, +0.9464, +0.9409, +0.9406, +0.9389, +0.9329, +0.9286, +0.9469, +0.9497, +0.9347, +0.9351, +0.9427, +0.9421, +0.9423, +0.9429, +0.9423, +0.9451, +0.9477, +0.9412, +0.9377, +0.9467, +0.9428, +0.9434, +0.9415, +0.9460, +0.9488, +0.9408, +0.9417, +0.9389, +0.9495, +0.9456, +0.9409, +0.9301, +0.9315, +0.9351, +0.9526, +0.9344, +0.9442, +0.9441, +0.9460, +0.9446, +0.9414, +0.9409, +0.9454, +0.9409, +0.9493, +0.9424, +0.9384, +0.9436, +0.9412, +0.9464, +0.9451, +0.9431, +0.9412, +0.9571, +0.9335, +0.9431, +0.9382, +0.9415, +0.9346, +0.9412, +0.9487, +0.9479, +0.9360, +0.9334, +0.9451, +0.9458, +0.9455, +0.9485, +0.9429, +0.9453, +0.9438, +0.9373, +0.9491, +0.9517, +0.9426, +0.9503, +0.9484, +0.9479, +0.9388, +0.9510, +0.9448, +0.9507, +0.9409, +0.9412, +0.9358, +0.9408, +0.9511, +0.9501, +0.9389, +0.9362, +0.9384, +0.9360, +0.9427, +0.9397, +0.9436, +0.9459, +0.9488, +0.9443, +0.9462, +0.9330, +0.9348, +0.9353, +0.9301, +0.9350, +0.9417, +0.9487, +0.9383, +0.9364, +0.9334, +0.9364, +0.9362, +0.9402, +0.9399, +0.9437, +0.9417, +0.9458, +0.9407, +0.9446, +0.9417, +0.9451, +0.9462, +0.9434, +0.9431, +0.9454, +0.9324, +0.9385, +0.9409, +0.9322, +0.9380, +0.9385, +0.9466, +0.9370, +0.9417, +0.9349, +0.9323, +0.9315, +0.9291, +0.9499, +0.9428, +0.9524, +0.9355, +0.9399, +0.9384, +0.9469, +0.9489, +0.9546, +0.9505, +0.9433, +0.9360, +0.9446, +0.9413, +0.9363, +0.9438, +0.9399, +0.9447, +0.9430, +0.9370, +0.9368, +0.9392, +0.9449, +0.9426, +0.9371, +0.9427, +0.9429, +0.9345, +0.9402, +0.9390, +0.9450, +0.9479, +0.9485, +0.9425, +0.9449, +0.9489, +0.9485, +0.9459, +0.9493, +0.9452, +0.9434, +0.9422, +0.9339, +0.9362, +0.9395, +0.9474, +0.9416, +0.9424, +0.9470, +0.9413, +0.9509, +0.9312, +0.9455, +0.9396, +0.9368, +0.9410, +0.9468, +0.9517, +0.9451, +0.9393, +0.9454, +0.9427, +0.9460, +0.9359, +0.9457, +0.9514, +0.9538, +0.9450, +0.9323, +0.9419, +0.9432, +0.9401, +0.9433, +0.9443, +0.9463, +0.9487, +0.9460, +0.9497, +0.9366, +0.9357, +0.9339, +0.9425, +0.9509, +0.9474, +0.9430, +0.9418, +0.9416, +0.9423, +0.9365, +0.9386, +0.9384, +0.9435, +0.9373, +0.9424, +0.9333, +0.9449, +0.9512, +0.9426, +0.9448, +0.9423, +0.9441, +0.9426, +0.9538, +0.9507, +0.9535, +0.9392, +0.9396, +0.9425, +0.9375, +0.9456, +0.9437, +0.9542, +0.9504, +0.9541, +0.9457, +0.9422, +0.9428, +0.9493, +0.9389, +0.9419, +0.9398, +0.9417, +0.9381, +0.9292, +0.9468, +0.9433, +0.9486, +0.9456, +0.9329, +0.9381, +0.9379, +0.9445, +0.9313, +0.9417, +0.9390, +0.9431, +0.9412, +0.9430, +0.9439, +0.9371, +0.9422, +0.9368, +0.9414, +0.9394, +0.9443, +0.9408, +0.9494, +0.9545, +0.9475, +0.9424, +0.9512, +0.9438, +0.9476, +0.9454, +0.9458, +0.9428, +0.9422, +0.9449, +0.9528, +0.9459, +0.9552, +0.9483, +0.9400, +0.9403, +0.9507, +0.9457, +0.9414, +0.9473, +0.9459, +0.9408, +0.9478, +0.9459, +0.9485, +0.9513, +0.9530, +0.9354, +0.9444, +0.9508, +0.9499, +0.9449, +0.9401, +0.9336, +0.9360, +0.9442, +0.9478, +0.9444, +0.9458, +0.9387, +0.9427, +0.9379, +0.9366, +0.9425, +0.9423, +0.9471, +0.9477, +0.9478, +0.9481, +0.9491, +0.9434, +0.9422, +0.9488, +0.9440, +0.9505, +0.9468, +0.9431, +0.9392, +0.9454, +0.9432, +0.9421, +0.9412, +0.9392, +0.9401, +0.9446, +0.9387, +0.9421, +0.9522, +0.9492, +0.9415, +0.9462, +0.9528, +0.9496, +0.9391, +0.9396, +0.9463, +0.9480, +0.9420, +0.9413, +0.9477, +0.9368, +0.9470, +0.9435, +0.9398, +0.9486, +0.9449, +0.9449, +0.9458, +0.9383, +0.9436, +0.9399, +0.9412, +0.9471, +0.9442, +0.9338, +0.9445, +0.9452, +0.9387, +0.9445, +0.9446, +0.9477, +0.9421, +0.9443, +0.9520, +0.9471, +0.9440, +0.9457, +0.9403, +0.9473, +0.9462, +0.9404, +0.9370, +0.9422, +0.9473, +0.9382, +0.9418, +0.9444, +0.9389, +0.9396, +0.9407, +0.9443, +0.9514, +0.9482, +0.9444, +0.9468, +0.9482, +0.9507, +0.9465, +0.9472, +0.9399, +0.9453, +0.9384, +0.9421, +0.9478, +0.9450, +0.9451, +0.9458, +0.9478, +0.9489, +0.9495, +0.9480, +0.9465, +0.9440, +0.9416, +0.9364, +0.9394, +0.9365, +0.9362, +0.9446, +0.9375, +0.9471, +0.9453, +0.9380, +0.9458, +0.9446, +0.9439, +0.9411, +0.9483, +0.9444, +0.9494, +0.9464, +0.9537, +0.9416, +0.9387, +0.9303, +0.9391, +0.9438, +0.9518, +0.9487, +0.9479, +0.9440, +0.9421, +0.9424, +0.9439, +0.9470, +0.9492, +0.9469, +0.9469, +0.9451, +0.9501, +0.9445, +0.9427, +0.9454, +0.9588, +0.9542, +0.9448, +0.9436, +0.9442, +0.9403, +0.9394, +0.9482, +0.9447, +0.9462, +0.9450, +0.9432, +0.9387, +0.9448, +0.9363, +0.9423, +0.9349, +0.9370, +0.9463, +0.9436, +0.9408, +0.9476, +0.9456, +0.9325, +0.9463, +0.9330, +0.9353]
    partner_ep_success_rate: [+0.0000, +0.0000, +0.0000, +0.4074, +0.1931, +0.0000, +0.0000, +0.5312, +0.3036, +0.2857, +0.0000, +0.5455, +0.3103, +0.1983, +0.0000, +0.4667, +0.3412, +0.3417, +0.2222, +0.3846, +0.3770, +0.4016, +0.4035, +0.6875, +0.5556, +0.5210, +0.5641, +0.6333, +0.6091, +0.6600, +0.6829, +0.7547, +0.6495, +0.7647, +0.7798, +0.7634, +0.7789, +0.8091, +0.7944, +0.7921, +0.8302, +0.8673, +0.8462, +0.7981, +0.8261, +0.8378, +0.8788, +0.8103, +0.8229, +0.8431, +0.7845, +0.8036, +0.8704, +0.8053, +0.8257, +0.9107, +0.8678, +0.8407, +0.8390, +0.8393, +0.8707, +0.8049, +0.8136, +0.8548, +0.8288, +0.8175, +0.8615, +0.8727, +0.9083, +0.8855, +0.9098, +0.8814, +0.8550, +0.7851, +0.8661, +0.8889, +0.8843, +0.8898, +0.8145, +0.8443, +0.8438, +0.8943, +0.9200, +0.8968, +0.8788, +0.9141, +0.8769, +0.8741, +0.8692, +0.8880, +0.9000, +0.8788, +0.9130, +0.8955, +0.9444, +0.9270, +0.8952, +0.9213, +0.8865, +0.8712, +0.9091, +0.8639, +0.8788, +0.9000, +0.9091, +0.8951, +0.9343, +0.9124, +0.8960, +0.8889, +0.8593, +0.8705, +0.9231, +0.8740, +0.8633, +0.9310, +0.9520, +0.9375, +0.9225, +0.9058, +0.9441, +0.9127, +0.8954, +0.8824, +0.9310, +0.9510, +0.8594, +0.9320, +0.8864, +0.9060, +0.9111, +0.9362, +0.9007, +0.9275, +0.9433, +0.9429, +0.9040, +0.9122, +0.9197, +0.9275, +0.8658, +0.8906, +0.9155, +0.9574, +0.9355, +0.8938, +0.9438, +0.9530, +0.9426, +0.9060, +0.9412, +0.9077, +0.9160, +0.9497, +0.9248, +0.9241, +0.9281, +0.9583, +0.9103, +0.8618, +0.9180, +0.9137, +0.9114, +0.9716, +0.9536, +0.9320, +0.9533, +0.9329, +0.9091, +0.8800, +0.9474, +0.9073, +0.9297, +0.9080, +0.9030, +0.9384, +0.9333, +0.9028, +0.8917, +0.9110, +0.9504, +0.9085, +0.9295, +0.9320, +0.9103, +0.9496, +0.9419, +0.9456, +0.9156, +0.9509, +0.9375, +0.9671, +0.9225, +0.9296, +0.9554, +0.9490, +0.9351, +0.9333, +0.9577, +0.9412, +0.9474, +0.9679, +0.9346, +0.9437, +0.9122, +0.9259, +0.9133, +0.9220, +0.9371, +0.9643, +0.9156, +0.9423, +0.9455, +0.9521, +0.9735, +0.9568, +0.9669, +0.9648, +0.9490, +0.9177, +0.9419, +0.9437, +0.9231, +0.9184, +0.9236, +0.9429, +0.9493, +0.9193, +0.9643, +0.9429, +0.9603, +0.9041, +0.9664, +0.9533, +0.9448, +0.9252, +0.8940, +0.9139, +0.9254, +0.9193, +0.9091, +0.9143, +0.9608, +0.9565, +0.9470, +0.8993, +0.9375, +0.9351, +0.8973, +0.9595, +0.9355, +0.9627, +0.9226, +0.9226, +0.9424, +0.9342, +0.9379, +0.9054, +0.9416, +0.9048, +0.9286, +0.9306, +0.9308, +0.9308, +0.9380, +0.9367, +0.9671, +0.9548, +0.9252, +0.9459, +0.9255, +0.9714, +0.9478, +0.8819, +0.9162, +0.9494, +0.9306, +0.9400, +0.9404, +0.9028, +0.9493, +0.8750, +0.9398, +0.9255, +0.9647, +0.9577, +0.8951, +0.9310, +0.9467, +0.9444, +0.9539, +0.9416, +0.9375, +0.8851, +0.9313, +0.9041, +0.9726, +0.9189, +0.9097, +0.9494, +0.9716, +0.9545, +0.9299, +0.9507, +0.9458, +0.9216, +0.9517, +0.9610, +0.9524, +0.9542, +0.9255, +0.9690, +0.9527, +0.9586, +0.9394, +0.9433, +0.9286, +0.9333, +0.9484, +0.9441, +0.9542, +0.9363, +0.9474, +0.9338, +0.9459, +0.9329, +0.9342, +0.9079, +0.9441, +0.9259, +0.9262, +0.9167, +0.9405, +0.9048, +0.9281, +0.9660, +0.9205, +0.9545, +0.9797, +0.9688, +0.9484, +0.9474, +0.9226, +0.9441, +0.9348, +0.9128, +0.9363, +0.9225, +0.9545, +0.9198, +0.9295, +0.9597, +0.9595, +0.9464, +0.9375, +0.9276, +0.9404, +0.9404, +0.9487, +0.9371, +0.9613, +0.9667, +0.9484, +0.9119, +0.9262, +0.9273, +0.9470, +0.8874, +0.9756, +0.9615, +0.9433, +0.9404, +0.9207, +0.9441, +0.9630, +0.9467, +0.9301, +0.9379, +0.8940, +0.9363, +0.9688, +0.9103, +0.9329, +0.9270, +0.9464, +0.9667, +0.9236, +0.9346, +0.9295, +0.9177, +0.9209, +0.9434, +0.9763, +0.9467, +0.9102, +0.9735, +0.9299, +0.9281, +0.9481, +0.9252, +0.9669, +0.9554, +0.9568, +0.9207, +0.9452, +0.9451, +0.9524, +0.9509, +0.8875, +0.9677, +0.9470, +0.9483, +0.9262, +0.9438, +0.9264, +0.9529, +0.9321, +0.9262, +0.9308, +0.9337, +0.9507, +0.9811, +0.9342, +0.9548, +0.9216, +0.9527, +0.9560, +0.9573, +0.9167, +0.9304, +0.9474, +0.9187, +0.9747, +0.9341, +0.9342, +0.9536, +0.9480, +0.9463, +0.8966, +0.9306, +0.9618, +0.9733, +0.9125, +0.9697, +0.9571, +0.9398, +0.9067, +0.9484, +0.9583, +0.9360, +0.9714, +0.9363, +0.9424, +0.9682, +0.9759, +0.9603, +0.9438, +0.9708, +0.9329, +0.9277, +0.9560, +0.9302, +0.9669, +0.9255, +0.9739, +0.9217, +0.9167, +0.9530, +0.9068, +0.9503, +0.9484, +0.9605, +0.9337, +0.9521, +0.9167, +0.9928, +0.9600, +0.9518, +0.9400, +0.9145, +0.9293, +0.9545, +0.9595, +0.9595, +0.9497, +0.9200, +0.9518, +0.9379, +0.9430, +0.9576, +0.9294, +0.9536, +0.9477, +0.9548, +0.9487, +0.9394, +0.9408, +0.9299, +0.9467, +0.9636, +0.9337, +0.9613, +0.9367, +0.9509, +0.9189, +0.9317, +0.9451, +0.9540, +0.9247, +0.9333, +0.9455, +0.9255, +0.9408, +0.9193, +0.9441, +0.9480, +0.9497, +0.9480, +0.9379, +0.9493, +0.9268, +0.9353, +0.9448, +0.9182, +0.9264, +0.9503, +0.9392, +0.9296, +0.9434, +0.9371, +0.9603, +0.9425, +0.9396, +0.9441, +0.9521, +0.9281, +0.9235, +0.9600, +0.9226, +0.9477, +0.9634, +0.9796, +0.9503, +0.9091, +0.9198, +0.9324, +0.9500, +0.9189, +0.9563, +0.9459, +0.9489, +0.9530, +0.9434, +0.9195, +0.9252, +0.9216, +0.9400, +0.9747, +0.9423, +0.9415, +0.9267, +0.9032, +0.9276, +0.9762, +0.9379, +0.9667, +0.9400, +0.9610, +0.9679, +0.9459, +0.9699, +0.9557, +0.9536, +0.9202, +0.9494, +0.9490, +0.9539, +0.9673, +0.9456, +0.9405, +0.9458, +0.9868, +0.9325, +0.9671, +0.9467, +0.9325, +0.9404, +0.9322, +0.9745, +0.9686, +0.9484, +0.9379, +0.9444, +0.9748, +0.9064, +0.9455, +0.9423, +0.9119, +0.9217, +0.9474, +0.9448, +0.9407, +0.9558, +0.9548, +0.9545, +0.9355, +0.9740, +0.9767, +0.9423, +0.9608, +0.9375, +0.9320, +0.9355, +0.9355, +0.9494, +0.9494, +0.9515, +0.9375, +0.9202, +0.9524, +0.9448, +0.9815, +0.9281, +0.9699, +0.9392, +0.9167, +0.9357, +0.9367, +0.9405, +0.9221, +0.9521, +0.9405, +0.9625, +0.9401, +0.9821, +0.9379, +0.9371, +0.9506, +0.9371, +0.9560, +0.9202, +0.9277, +0.9532, +0.9673, +0.9745, +0.9281, +0.9615, +0.9371, +0.9415, +0.9018, +0.9313, +0.9062, +0.9346, +0.9538, +0.9497, +0.9868, +0.9639, +0.9603, +0.9222, +0.9268, +0.9627, +0.9212, +0.9517, +0.9591, +0.9324, +0.9150, +0.9416, +0.9595, +0.9415, +0.9486, +0.9387, +0.9458, +0.9630, +0.9176, +0.9711, +0.9416, +0.9484, +0.9404, +0.9422, +0.9408, +0.9348, +0.9422, +0.9702, +0.9427, +0.9556, +0.9638, +0.9645, +0.9451, +0.9353, +0.9221, +0.9178, +0.9259, +0.9187, +0.9346, +0.9353, +0.9477, +0.9542, +0.9317, +0.8935, +0.9675, +0.9268, +0.9187, +0.9506, +0.9422, +0.9123, +0.9527, +0.9536, +0.9591, +0.9000, +0.9563, +0.9231, +0.9627, +0.9073, +0.9213, +0.9461, +0.9301, +0.9588, +0.9383, +0.9709, +0.9252, +0.9419, +0.9591, +0.9268, +0.9267, +0.9706, +0.9277, +0.9202, +0.9455, +0.9673, +0.9096, +0.9500, +0.9586, +0.9664, +0.9860, +0.9711, +0.9464, +0.9405, +0.9497, +0.9400, +0.9085, +0.9273, +0.9435, +0.9458, +0.9408, +0.9416, +0.9524, +0.8896, +0.9481, +0.9458, +0.9503, +0.9404, +0.9583, +0.9506, +0.9221, +0.9760, +0.9329, +0.9321, +0.9176, +0.9177, +0.9481, +0.9632, +0.9451, +0.9504, +0.8786, +0.9497, +0.9379, +0.9576, +0.9313, +0.9412, +0.9767, +0.9673, +0.9329, +0.9326, +0.9645, +0.9329, +0.9608, +0.9727, +0.9636, +0.9490, +0.9317, +0.9518, +0.9398, +0.9379, +0.9198, +0.9755, +0.9387, +0.9474, +0.9398, +0.9392, +0.9290, +0.9222, +0.9521, +0.9259, +0.9355, +0.9529, +0.9351, +0.9321, +0.9524, +0.9481, +0.9542, +0.9455, +0.9545, +0.9506, +0.9512, +0.9568, +0.9651, +0.9627, +0.9193, +0.9425, +0.9500, +0.9390, +0.9444, +0.9515, +0.9632, +0.9423, +0.9701, +0.9060, +0.9325, +0.9689, +0.9527, +0.9216, +0.9548, +0.9367, +0.9679, +0.9205, +0.9464, +0.9497, +0.9209, +0.9568, +0.9415, +0.9571, +0.9398, +0.9295, +0.9576, +0.9608, +0.9568, +0.8966, +0.9448, +0.9563, +0.9477, +0.9581, +0.9249, +0.9571, +0.9762, +0.9253, +0.9259, +0.9613, +0.9231, +0.9405, +0.9255, +0.9464, +0.9400, +0.9620, +0.9408, +0.9699, +0.9212, +0.9634, +0.9281, +0.9245, +0.9270, +0.9451, +0.9245, +0.9470, +0.9042, +0.9695, +0.9438, +0.9524, +0.9529, +0.9296, +0.9161, +0.9477, +0.9506, +0.9313, +0.9820, +0.9394, +0.9080, +0.9321, +0.9568, +0.9146, +0.9623, +0.9162, +0.9560, +0.9515, +0.9245, +0.9532, +0.9529, +0.9497, +0.9304, +0.9519, +0.9695, +0.9474, +0.9769, +0.9273, +0.9576, +0.9740, +0.9515, +0.9448, +0.9341, +0.9360, +0.9430, +0.9464, +0.9530, +0.9024, +0.9379, +0.9387, +0.9241, +0.9423, +0.9162, +0.9313, +0.9598, +0.9515, +0.9412, +0.9438, +0.9212, +0.9618]
            ep_return_mean: [+0.0000, +0.0000, +0.0000, -10.3719, -17.5768, +0.0000, +0.0000, -11.6639, -15.5045, -19.0421, +0.0000, -13.1765, -14.8518, -18.2694, -20.4703, -11.5335, -14.2369, -16.2354, -19.0798, -11.5832, -13.0628, -14.6108, -14.5841, -7.0713, -9.6966, -10.6316, -12.1191, -6.3914, -6.3808, -7.4847, -4.5518, -0.6058, -2.0017, -0.0894, +2.4956, +2.4849, +3.7611, +2.6353, +3.6127, +3.4420, +4.4081, +4.7591, +5.2025, +4.3817, +4.7170, +4.1859, +4.7212, +4.6143, +4.2346, +3.9745, +4.0462, +4.3686, +5.1631, +4.8133, +5.5238, +6.1423, +4.6494, +6.4083, +6.3964, +5.5678, +5.8986, +5.9002, +6.7659, +6.2053, +6.1677, +7.1573, +6.8946, +7.6082, +6.7352, +6.2142, +7.9382, +6.9259, +6.7637, +6.9109, +7.6353, +7.6362, +7.3365, +7.2685, +7.2572, +7.7052, +6.9198, +7.9569, +6.8120, +7.7722, +7.7777, +8.2223, +7.8546, +8.8512, +8.2375, +8.0545, +7.8477, +8.3070, +8.2442, +8.9331, +8.4986, +8.4233, +8.0779, +8.1121, +8.8224, +8.7679, +9.1719, +7.7835, +8.4700, +8.9668, +8.7130, +8.2200, +9.3471, +8.6642, +8.8041, +8.5306, +7.7840, +8.7748, +8.7526, +8.3792, +7.8886, +8.9447, +9.4480, +9.3236, +7.8560, +8.9342, +9.4333, +8.7481, +9.0827, +9.8947, +9.8495, +9.3603, +9.4711, +8.7608, +9.5435, +9.3087, +9.1914, +9.3108, +9.0388, +9.6598, +9.6214, +9.0735, +9.2200, +9.2504, +9.1982, +9.2803, +9.0981, +9.8683, +9.0259, +9.5451, +9.5628, +9.5940, +9.1792, +9.8561, +9.6516, +8.8841, +9.8259, +9.7906, +10.1726, +8.9580, +9.7033, +9.6445, +9.9059, +9.3648, +9.8321, +9.7473, +9.3852, +9.1082, +9.5409, +10.4085, +9.8079, +9.8451, +10.7666, +10.3112, +9.8032, +10.2784, +10.3143, +9.8470, +9.9729, +9.1921, +9.6045, +9.9044, +10.3301, +9.6075, +9.8028, +10.3570, +10.3536, +9.7293, +9.9975, +10.2315, +9.8955, +10.8158, +9.8588, +10.2885, +10.4549, +10.6400, +10.6776, +10.3577, +9.7738, +10.5119, +10.1899, +10.2932, +10.5263, +10.6322, +10.5466, +9.7010, +9.9521, +11.2874, +10.8449, +10.1288, +10.1988, +10.1886, +9.9981, +10.6751, +10.2388, +10.3891, +10.2992, +10.1701, +10.8277, +10.7628, +10.8451, +10.5702, +10.9498, +10.5810, +10.2632, +10.3828, +10.5810, +10.3714, +10.5506, +10.5099, +10.2735, +10.5277, +9.8679, +9.7567, +10.7857, +11.2008, +10.7624, +9.6620, +10.0598, +10.2812, +10.4008, +10.6362, +9.9523, +10.3536, +10.6364, +9.4017, +10.7477, +10.2761, +9.8750, +9.9577, +9.9645, +9.5321, +10.2475, +10.7480, +10.3742, +10.5859, +9.9219, +10.9895, +10.7063, +10.7214, +10.3149, +9.9735, +11.3470, +9.8681, +10.2091, +11.1567, +10.3862, +10.2486, +10.0882, +10.7591, +9.9257, +10.3501, +10.7969, +10.8406, +9.9145, +10.3890, +9.7903, +10.8574, +10.4571, +8.7683, +10.0806, +10.8463, +10.5009, +10.7473, +10.4564, +10.1729, +10.1901, +9.6109, +9.8251, +9.7492, +10.7759, +11.0877, +10.2386, +10.1008, +10.5297, +10.2176, +10.9956, +10.4688, +9.9400, +10.4713, +10.4147, +9.9231, +11.0127, +9.8313, +10.3823, +10.1320, +11.0749, +10.7926, +10.1318, +10.9697, +10.3477, +10.5648, +10.5753, +10.4721, +10.3741, +11.5010, +10.3585, +10.7688, +10.2158, +10.7842, +10.4722, +10.7254, +10.6956, +10.7290, +10.6352, +11.2325, +11.0059, +10.5122, +10.2041, +11.0037, +10.1577, +10.8166, +10.5759, +9.8298, +11.1191, +10.8878, +10.6831, +10.5830, +10.0562, +10.6828, +10.2619, +10.7608, +10.2061, +10.5632, +10.1769, +10.9150, +10.8281, +10.6823, +10.4582, +10.6830, +10.7448, +10.3020, +11.1386, +10.7686, +10.7569, +10.1647, +11.0663, +10.5836, +10.8916, +10.4856, +10.9875, +11.0044, +10.7099, +10.6956, +10.3273, +10.7000, +10.7623, +11.3137, +10.5111, +10.3810, +10.7637, +10.5866, +11.4594, +10.3969, +11.3703, +10.5116, +10.6133, +10.2724, +10.2675, +10.6472, +10.8634, +10.1116, +11.0414, +10.2899, +10.3532, +10.9388, +11.2426, +10.1237, +10.6951, +9.4917, +10.3113, +11.1372, +10.6897, +10.5784, +10.1118, +11.2858, +10.7453, +10.1583, +10.6756, +11.3661, +10.9925, +11.1017, +10.6362, +10.6657, +10.8997, +9.9590, +10.5890, +10.5210, +10.9570, +11.4458, +10.9723, +10.1460, +11.0196, +10.8268, +10.6046, +11.6380, +10.5706, +11.4651, +11.1457, +10.3904, +11.0877, +11.5314, +11.4832, +10.6167, +11.0215, +10.8156, +10.8287, +10.7476, +10.7916, +11.1044, +10.1694, +10.3862, +10.3010, +11.3214, +10.7132, +10.8333, +10.5769, +10.4187, +10.9668, +11.3682, +10.5422, +11.4241, +10.3446, +10.8331, +10.9503, +10.7150, +11.7509, +10.9449, +10.5314, +10.5403, +11.3418, +11.0668, +11.0442, +10.8513, +10.6045, +11.1614, +11.5780, +10.5844, +9.7880, +9.9483, +11.1325, +11.2214, +10.5590, +11.0196, +11.4243, +11.3821, +10.8509, +11.1232, +10.7605, +10.9479, +10.8481, +11.2364, +10.5712, +10.8025, +10.3808, +10.9210, +11.3575, +10.9447, +10.5855, +11.2542, +11.2228, +11.3700, +10.0582, +10.8360, +10.6670, +10.5602, +10.6387, +11.8526, +11.3474, +10.7190, +9.8227, +11.8425, +11.2991, +10.9702, +10.6788, +11.0807, +10.8171, +11.3273, +10.8496, +11.1902, +11.6338, +10.6876, +11.5616, +11.3925, +11.3056, +10.5803, +11.1049, +11.8684, +10.9133, +10.7413, +10.7029, +11.0364, +10.6535, +11.2893, +11.4160, +11.2717, +10.4681, +10.4451, +11.1880, +10.6285, +11.1945, +11.1645, +12.0376, +10.4725, +11.3017, +12.0111, +9.6040, +10.9087, +10.3614, +9.9775, +10.5358, +10.9817, +11.1052, +10.3079, +10.6522, +10.5537, +10.8894, +10.6843, +11.1570, +10.5159, +10.7435, +10.8855, +11.1135, +11.4697, +10.9474, +11.3406, +11.1539, +10.9774, +10.9084, +10.5328, +11.1643, +11.2544, +10.3776, +10.7782, +10.4005, +10.8170, +10.9686, +10.9001, +10.9920, +10.3071, +10.6189, +10.2646, +10.2861, +10.4519, +11.1238, +10.6793, +11.3393, +10.6931, +10.4812, +10.8606, +11.4207, +11.4597, +11.5681, +11.4704, +10.4475, +10.9529, +10.5184, +11.1498, +10.6719, +10.5337, +11.4069, +11.3020, +10.3048, +10.8784, +10.4997, +10.4528, +11.1924, +11.1686, +10.5871, +10.9117, +11.1434, +10.7556, +11.1572, +10.4678, +11.1218, +11.5959, +11.2476, +10.9099, +10.9063, +11.4660, +10.7944, +11.5796, +11.5718, +10.7053, +11.2835, +11.4460, +10.3846, +10.8209, +10.3086, +11.5503, +11.1944, +11.0856, +11.7366, +11.3045, +11.2923, +10.9355, +10.9297, +10.8261, +10.6032, +10.6044, +11.2931, +11.8841, +11.0779, +10.7684, +11.5574, +11.2181, +10.1318, +11.4043, +10.9936, +11.6708, +11.0282, +11.1947, +10.6989, +11.1466, +10.9977, +11.1111, +11.3008, +10.5108, +10.8780, +11.6742, +11.4252, +11.3676, +10.4721, +10.9102, +10.7892, +11.4386, +10.6513, +11.4594, +11.4493, +10.9649, +11.0623, +10.1349, +11.4113, +10.5064, +11.4309, +11.2124, +10.9675, +10.7638, +11.0723, +11.1244, +10.9327, +11.7318, +10.7623, +10.8670, +10.4875, +11.6290, +11.5262, +11.4774, +11.2271, +10.8238, +10.6275, +10.7744, +10.5669, +11.0214, +11.7245, +11.4687, +11.8427, +11.9192, +11.5038, +10.7021, +11.6744, +11.4256, +10.8997, +11.0869, +10.3201, +11.5030, +10.0365, +10.8559, +11.0950, +11.5661, +10.8765, +11.5856, +10.7598, +9.9503, +11.1100, +11.2706, +11.0426, +9.9921, +10.8128, +11.3494, +10.7526, +11.2127, +11.1511, +10.4453, +10.9240, +11.4027, +10.9707, +10.7790, +11.5680, +10.9873, +11.4986, +11.7572, +11.3724, +11.2801, +10.5225, +11.5558, +11.1564, +11.4056, +10.9733, +11.2124, +11.0710, +11.6161, +11.2401, +10.9691, +11.1854, +11.5817, +11.1142, +10.2502, +11.7961, +11.7518, +10.9052, +11.4585, +10.9735, +10.9442, +11.6350, +11.0553, +11.4861, +11.5993, +11.6763, +10.4384, +10.7660, +11.5481, +11.1679, +11.6240, +11.2269, +10.3717, +10.3014, +11.3132, +11.5336, +11.7710, +10.9621, +10.8689, +10.8984, +11.0231, +10.7026, +10.9990, +11.3878, +10.8250, +11.0919, +10.8670, +11.2693, +11.3730, +11.0811, +11.1723, +10.8204, +11.7162, +10.5656, +11.6278, +11.1437, +10.4400, +11.1731, +11.4161, +10.5910, +11.2380, +10.5487, +11.5019, +11.2059, +11.0774, +10.8814, +11.5350, +11.7714, +10.8923, +11.3570, +11.8089, +11.8274, +10.7046, +10.9290, +11.2329, +11.3697, +11.0773, +11.2779, +10.9401, +11.2938, +11.1361, +10.7143, +11.4254, +11.1741, +11.7442, +11.4864, +10.8965, +11.6846, +10.7411, +10.9959, +10.7262, +11.6306, +11.0851, +10.3574, +11.2722, +11.0660, +11.0797, +11.2823, +10.7316, +11.8653, +11.1266, +11.3378, +11.6775, +11.4807, +10.8182, +11.3265, +11.5941, +10.7813, +11.2348, +11.0875, +10.3997, +11.5615, +11.2496, +10.9134, +10.7050, +10.4276, +11.2605, +10.2285, +10.9076, +11.4282, +11.7075, +11.4489, +11.5807, +11.2557, +11.5499, +11.1424, +11.6047, +11.0445, +10.9564, +11.0881, +11.0899, +11.7380, +11.3376, +11.4981, +11.0690, +10.9797, +11.2684, +11.2381, +11.5915, +11.5762, +11.5436, +11.0500, +11.2108, +11.2032, +10.7229, +10.5083, +10.9508, +11.1613, +11.3748, +11.0457, +11.3499, +10.2814, +11.2573, +11.9462, +11.2363, +11.0156, +10.3335, +11.7930, +11.5275, +11.7616, +12.0739, +10.7276, +10.2666, +10.6462, +10.4775, +10.8801, +11.8103, +11.4689, +11.2980, +11.3549, +11.1949, +11.3488, +11.3913, +11.0394, +11.9962, +11.3452, +11.1524, +11.2355, +11.3432, +11.4066, +11.4201, +11.0861, +12.4913, +11.6110, +11.0821, +11.3339, +11.5937, +10.7080, +10.9601, +11.3757, +11.3438, +11.4644, +11.5910, +10.8857, +11.3100, +10.7430, +10.4698, +11.4448, +11.3464, +10.5364, +10.8498, +11.2522, +11.4676, +11.5129, +11.5367, +10.5304, +10.8545, +11.3113]
            ep_length_mean: [+0.0000, +0.0000, +0.0000, +970.9815, +1136.6039, +0.0000, +0.0000, +994.3750, +1090.3214, +1172.4822, +0.0000, +1032.0455, +1074.5172, +1149.5518, +1202.0000, +994.8667, +1055.6353, +1108.8334, +1179.2223, +1002.8462, +1037.7213, +1074.2756, +1081.7194, +901.8125, +968.3828, +1003.8572, +1045.3334, +900.9667, +909.2454, +941.3500, +866.9512, +768.8302, +803.5671, +749.6706, +675.7798, +676.9462, +633.3158, +677.2818, +637.2710, +638.8515, +613.8774, +601.9646, +593.1442, +615.5481, +608.9739, +620.9460, +594.8788, +605.9483, +616.4896, +628.2745, +625.5604, +613.9643, +593.7315, +592.9380, +579.1100, +557.6072, +610.5041, +545.2301, +553.6610, +579.9554, +568.5517, +571.5773, +535.1865, +560.0242, +565.5045, +530.1826, +535.6077, +517.1909, +538.3167, +560.5725, +505.6230, +542.3135, +542.8321, +534.5206, +512.5433, +520.8096, +524.6198, +528.4724, +527.5806, +517.2705, +545.3125, +508.9594, +545.1680, +514.8175, +515.2045, +504.0938, +511.1461, +484.8815, +500.6308, +504.2560, +516.9846, +498.0151, +509.1159, +475.5299, +498.3334, +493.4818, +510.8145, +511.1890, +489.5390, +490.8106, +464.4628, +512.8640, +492.9545, +479.8571, +493.7273, +505.5734, +464.4160, +487.7664, +487.1760, +489.0397, +514.8222, +484.7626, +492.9231, +497.8347, +514.7626, +477.8000, +468.0400, +470.1484, +524.1197, +476.8333, +466.6643, +486.6667, +477.8628, +445.7647, +450.8483, +469.6014, +465.1641, +487.5918, +461.3030, +465.9128, +469.0074, +463.6738, +475.4610, +462.3551, +464.7802, +482.1714, +474.5440, +472.7094, +478.1898, +473.5725, +477.8121, +454.4688, +479.6338, +464.2553, +464.5355, +458.6106, +479.1187, +445.3893, +463.8443, +489.8792, +453.3726, +455.5385, +444.4046, +486.4591, +455.4586, +463.2069, +449.1223, +473.8403, +454.8828, +455.7961, +463.7869, +484.2374, +462.5823, +433.3830, +453.9470, +451.4149, +419.1067, +434.9530, +455.6573, +436.3800, +433.1513, +454.0199, +442.0625, +469.3435, +452.2388, +454.2192, +431.7533, +458.1667, +458.0701, +430.5411, +427.4468, +457.0352, +448.8526, +430.7075, +452.6474, +419.7698, +452.3677, +439.3061, +426.7143, +427.9264, +421.6597, +437.6908, +456.9648, +431.1901, +441.9618, +437.4459, +428.7727, +423.1067, +426.9437, +456.6144, +451.5987, +406.9167, +421.0850, +443.8803, +441.8311, +435.9568, +440.1933, +423.3050, +441.3396, +436.7928, +438.4740, +439.8974, +422.0485, +418.9795, +422.6888, +427.5803, +412.7285, +430.9718, +437.3249, +429.5253, +429.4193, +431.7535, +428.3910, +431.7075, +440.0573, +431.3214, +456.0145, +458.6708, +423.0357, +406.7714, +425.8146, +465.2877, +447.8658, +439.6400, +439.8138, +427.8231, +457.5364, +434.4305, +424.2388, +472.6211, +424.4825, +441.3500, +453.5817, +451.5290, +449.8344, +467.0791, +444.5125, +419.3441, +437.3630, +432.4662, +447.5677, +410.6522, +419.2065, +420.0968, +440.4101, +453.5461, +398.1615, +450.0946, +438.3441, +404.2245, +435.7792, +438.5070, +448.2327, +419.1761, +453.3411, +442.4557, +421.7697, +421.7032, +453.8435, +432.6621, +455.4099, +417.7500, +433.5821, +490.2083, +444.8144, +416.6772, +425.8889, +423.4733, +434.6954, +445.8333, +443.9710, +458.5921, +451.6692, +460.3168, +417.9059, +411.0211, +443.1608, +447.4276, +426.5333, +438.9136, +416.8684, +425.0260, +450.3958, +438.1959, +436.1500, +455.3767, +415.2192, +450.8986, +436.7226, +443.6772, +412.0000, +424.0714, +441.9427, +412.9718, +444.5482, +426.7582, +426.8690, +426.8506, +435.7202, +391.6144, +433.0186, +423.8372, +442.2130, +418.1793, +431.1697, +423.3263, +424.2024, +418.6067, +425.3936, +408.3230, +409.3726, +432.3440, +439.0000, +416.4503, +450.7770, +423.0336, +427.4539, +459.7237, +400.3727, +418.3148, +423.8926, +429.4167, +444.9405, +428.6122, +440.2353, +420.2041, +443.8344, +432.2273, +448.7838, +414.6438, +418.0516, +426.4934, +431.2839, +418.6956, +425.4783, +438.1860, +408.8217, +421.2324, +417.5779, +443.7654, +408.4936, +427.1544, +417.8716, +432.5774, +413.5688, +409.0461, +425.0596, +428.4768, +433.6731, +424.0566, +423.9742, +406.3733, +427.9807, +433.9119, +423.2819, +430.7031, +391.6358, +438.6821, +397.0610, +433.2820, +425.6738, +442.2053, +438.2073, +421.3007, +420.7901, +444.7200, +414.0769, +438.0311, +437.1523, +422.0573, +398.9000, +447.3379, +420.5503, +477.2920, +437.0417, +406.0200, +424.4459, +424.0784, +442.1602, +403.4177, +426.2302, +440.5534, +425.5621, +400.3533, +408.0719, +408.1722, +422.5732, +424.7124, +415.7338, +454.3946, +427.7285, +432.8790, +414.8519, +398.2622, +416.1918, +448.9512, +410.7347, +420.4601, +426.6562, +386.4387, +434.7285, +395.4483, +400.7584, +435.1375, +406.7914, +390.9294, +393.2654, +421.0470, +417.2830, +418.3856, +420.0211, +425.2012, +423.3816, +413.7806, +442.8628, +433.4932, +435.6667, +397.6402, +420.9445, +423.7848, +429.0789, +434.9937, +414.5253, +394.1737, +424.4408, +404.5497, +437.6185, +412.6242, +418.6690, +424.4046, +380.8026, +413.9333, +431.9125, +433.9455, +397.5357, +413.8133, +414.4066, +422.8129, +420.8631, +408.8546, +396.6571, +426.7834, +455.3813, +449.4968, +408.0723, +401.1722, +427.0250, +410.8596, +399.1544, +399.5844, +409.7736, +406.9070, +422.5298, +414.6335, +415.9281, +405.3374, +426.9792, +425.7920, +436.0186, +415.6646, +404.0839, +412.7039, +429.2771, +406.8982, +403.6090, +400.4964, +451.8066, +418.2892, +426.8066, +424.8816, +423.4837, +378.0260, +401.2838, +422.0203, +452.7933, +379.2533, +406.5000, +416.9724, +424.0823, +412.4909, +417.0412, +397.5695, +416.4360, +405.8710, +391.8846, +422.8727, +392.7278, +401.9745, +402.3600, +427.6182, +409.7591, +379.5290, +416.5570, +420.0429, +424.8919, +412.7454, +423.5732, +402.7758, +399.5959, +395.5533, +431.0667, +429.6398, +404.9013, +423.3168, +402.6211, +405.1734, +369.6855, +429.7514, +400.7454, +378.0507, +466.0975, +413.2878, +433.6966, +445.7484, +425.9386, +414.5280, +412.7027, +434.2113, +428.6918, +425.9182, +409.3311, +420.1264, +403.2752, +433.3851, +422.7397, +413.7306, +407.9235, +397.5533, +409.4881, +398.6340, +408.1951, +412.4966, +417.2422, +428.4485, +406.0617, +405.2432, +431.9500, +416.3040, +431.4438, +416.4324, +417.0909, +408.9329, +412.6604, +436.1879, +425.5646, +437.7712, +431.5733, +430.2658, +412.8077, +422.8070, +399.6533, +427.1032, +432.8618, +416.5595, +394.4783, +397.7111, +390.5933, +401.7727, +435.8333, +414.4594, +433.2470, +400.2089, +429.3245, +426.3558, +397.0380, +397.7261, +436.3092, +425.0784, +432.9116, +429.6607, +402.0060, +406.5166, +424.6258, +414.6908, +408.0866, +417.7669, +404.3841, +425.4407, +409.0128, +392.7296, +404.6451, +416.5342, +420.2222, +395.6981, +417.0526, +389.4000, +392.0449, +423.4717, +404.5181, +387.3026, +427.2393, +423.4222, +437.7901, +391.1548, +403.3182, +404.8495, +382.5000, +401.9942, +391.9615, +418.2222, +409.7614, +411.0408, +425.3484, +428.5806, +402.9101, +378.6646, +409.2303, +418.1500, +390.1902, +404.6259, +447.0797, +392.8025, +414.4312, +393.1386, +412.4189, +401.7436, +416.4561, +406.8291, +413.0417, +400.1948, +404.3082, +431.0119, +414.9000, +390.1737, +397.1310, +403.0828, +426.4717, +411.2099, +417.3522, +395.7862, +421.7300, +393.5723, +396.5322, +407.4183, +413.2866, +440.9216, +397.1282, +428.6038, +387.6140, +399.6196, +410.4250, +418.3750, +403.3856, +404.5260, +417.5534, +389.8411, +424.4337, +414.5033, +428.4371, +388.1707, +393.3230, +400.3818, +407.6414, +423.6316, +425.2162, +420.2810, +428.4026, +413.5087, +380.0877, +393.5257, +379.0552, +378.5663, +388.7716, +420.3941, +382.3295, +392.4221, +417.4323, +411.6159, +438.8439, +389.4868, +443.5218, +412.9364, +407.8750, +387.7707, +420.6389, +387.8696, +424.4965, +447.8475, +402.7000, +401.8247, +407.7877, +447.9877, +414.0125, +402.1961, +421.1706, +404.3660, +408.7778, +427.0932, +409.2189, +394.5584, +408.3354, +414.7500, +389.9691, +410.4971, +389.5965, +386.8698, +399.7020, +404.0994, +429.9533, +391.2063, +404.5385, +399.3540, +410.8742, +407.5168, +403.5389, +389.2657, +404.5941, +418.0247, +409.7267, +394.4218, +409.0129, +436.5088, +385.7256, +381.0667, +416.5412, +393.3073, +408.4356, +414.9879, +389.5817, +407.6325, +390.7278, +388.4319, +389.6309, +433.5245, +426.2774, +391.2917, +409.3869, +386.8365, +399.4933, +430.4118, +434.1455, +399.3051, +386.7892, +384.4737, +410.2987, +417.0536, +417.7857, +408.2403, +418.8133, +408.5963, +402.3112, +420.1607, +407.1605, +418.3636, +408.2815, +406.1678, +406.1296, +404.0824, +421.2025, +381.8636, +435.0859, +386.6768, +408.5603, +433.1445, +405.8553, +400.0932, +423.6849, +400.7250, +426.2288, +392.4186, +400.7059, +403.4899, +416.3315, +390.1361, +381.0488, +415.3856, +398.9180, +378.5515, +378.2803, +422.3665, +414.5603, +399.9819, +395.1304, +408.8395, +400.4110, +407.6012, +402.6316, +407.8916, +422.6013, +396.8907, +398.3832, +383.6228, +387.1235, +416.6064, +382.6706, +419.3571, +408.1852, +422.0655, +387.4675, +406.4118, +433.8182, +398.4351, +412.8642, +406.3049, +400.1605, +423.2267, +378.5839, +402.5342, +396.2471, +386.0813, +392.4756, +423.0494, +399.5818, +383.6626, +417.8398, +404.5090, +410.1745, +432.1165, +387.4410, +400.7870, +411.9935, +418.9419, +436.9684, +401.3974, +439.6755, +414.8155, +399.1949, +384.1978, +396.5556, +389.3684, +396.5153, +390.5844, +409.5898, +390.3091, +413.1046, +414.5679, +404.0402, +401.0491, +381.1438, +396.7791, +387.9880, +409.9480, +413.4572, +408.6131, +403.8678, +386.2778, +390.1871, +392.4201, +408.3036, +399.2733, +397.0000, +415.5133, +428.4114, +414.4145, +402.0241, +395.3152, +408.3170, +396.5033, +435.0440, +403.5562, +368.8902, +400.4465, +414.5033, +437.9701, +383.3902, +391.1910, +383.9524, +369.8059, +417.1761, +437.5742, +423.0196, +430.3272, +417.3438, +384.2874, +394.3152, +397.6494, +394.6420, +405.4753, +396.8963, +392.0566, +407.3408, +374.6415, +398.0303, +406.2453, +405.1345, +401.5412, +394.4969, +391.5380, +407.0588, +355.0061, +391.4671, +412.5376, +395.1940, +386.2243, +417.7013, +410.4849, +399.5890, +396.6168, +389.2558, +395.5823, +410.4464, +395.9664, +417.5427, +432.8385, +389.5644, +398.7722, +422.5641, +415.5150, +401.9250, +389.7586, +387.7879, +388.4967, +426.8625, +413.6000, +396.2866]
               reward_mean: [-0.0144, -0.0143, -0.0147, -0.0147, -0.0150, -0.0144, -0.0142, -0.0144, -0.0147, -0.0147, -0.0147, -0.0146, -0.0150, -0.0142, -0.0145, -0.0142, -0.0140, -0.0140, -0.0134, -0.0137, -0.0132, -0.0122, -0.0111, -0.0100, -0.0097, -0.0090, -0.0082, -0.0075, -0.0057, -0.0038, -0.0021, -0.0005, +0.0016, +0.0033, +0.0039, +0.0054, +0.0048, +0.0052, +0.0059, +0.0071, +0.0071, +0.0090, +0.0069, +0.0072, +0.0079, +0.0067, +0.0076, +0.0073, +0.0063, +0.0077, +0.0073, +0.0085, +0.0079, +0.0093, +0.0086, +0.0103, +0.0099, +0.0120, +0.0099, +0.0113, +0.0102, +0.0108, +0.0124, +0.0125, +0.0125, +0.0126, +0.0124, +0.0131, +0.0127, +0.0128, +0.0141, +0.0129, +0.0148, +0.0132, +0.0145, +0.0139, +0.0134, +0.0141, +0.0146, +0.0139, +0.0132, +0.0138, +0.0146, +0.0153, +0.0168, +0.0150, +0.0170, +0.0179, +0.0152, +0.0160, +0.0164, +0.0170, +0.0166, +0.0181, +0.0166, +0.0161, +0.0161, +0.0175, +0.0183, +0.0171, +0.0166, +0.0177, +0.0174, +0.0176, +0.0180, +0.0183, +0.0191, +0.0175, +0.0159, +0.0158, +0.0178, +0.0187, +0.0161, +0.0158, +0.0196, +0.0186, +0.0184, +0.0177, +0.0173, +0.0197, +0.0191, +0.0196, +0.0198, +0.0214, +0.0211, +0.0203, +0.0191, +0.0195, +0.0187, +0.0209, +0.0198, +0.0206, +0.0181, +0.0213, +0.0197, +0.0190, +0.0188, +0.0198, +0.0198, +0.0196, +0.0202, +0.0194, +0.0200, +0.0214, +0.0194, +0.0205, +0.0216, +0.0202, +0.0195, +0.0210, +0.0226, +0.0192, +0.0204, +0.0204, +0.0212, +0.0209, +0.0206, +0.0204, +0.0226, +0.0200, +0.0195, +0.0204, +0.0213, +0.0235, +0.0232, +0.0230, +0.0230, +0.0236, +0.0222, +0.0235, +0.0219, +0.0213, +0.0218, +0.0221, +0.0214, +0.0221, +0.0219, +0.0215, +0.0237, +0.0237, +0.0229, +0.0210, +0.0222, +0.0235, +0.0233, +0.0235, +0.0239, +0.0250, +0.0240, +0.0249, +0.0235, +0.0239, +0.0215, +0.0230, +0.0239, +0.0255, +0.0233, +0.0231, +0.0237, +0.0241, +0.0245, +0.0254, +0.0247, +0.0225, +0.0229, +0.0246, +0.0235, +0.0230, +0.0231, +0.0236, +0.0242, +0.0260, +0.0249, +0.0266, +0.0239, +0.0252, +0.0250, +0.0242, +0.0243, +0.0238, +0.0247, +0.0237, +0.0251, +0.0240, +0.0232, +0.0218, +0.0219, +0.0251, +0.0269, +0.0241, +0.0223, +0.0218, +0.0242, +0.0236, +0.0232, +0.0238, +0.0228, +0.0229, +0.0229, +0.0243, +0.0221, +0.0209, +0.0220, +0.0216, +0.0235, +0.0228, +0.0249, +0.0242, +0.0228, +0.0239, +0.0250, +0.0262, +0.0254, +0.0238, +0.0232, +0.0239, +0.0250, +0.0254, +0.0239, +0.0243, +0.0239, +0.0234, +0.0239, +0.0244, +0.0223, +0.0250, +0.0238, +0.0239, +0.0230, +0.0231, +0.0241, +0.0215, +0.0222, +0.0210, +0.0251, +0.0262, +0.0244, +0.0247, +0.0234, +0.0213, +0.0215, +0.0223, +0.0215, +0.0248, +0.0265, +0.0236, +0.0207, +0.0244, +0.0251, +0.0247, +0.0230, +0.0257, +0.0234, +0.0241, +0.0233, +0.0226, +0.0229, +0.0238, +0.0246, +0.0251, +0.0253, +0.0245, +0.0233, +0.0245, +0.0262, +0.0247, +0.0234, +0.0250, +0.0261, +0.0261, +0.0249, +0.0235, +0.0242, +0.0255, +0.0250, +0.0249, +0.0261, +0.0254, +0.0260, +0.0268, +0.0253, +0.0249, +0.0248, +0.0240, +0.0241, +0.0236, +0.0241, +0.0239, +0.0266, +0.0256, +0.0237, +0.0234, +0.0243, +0.0248, +0.0248, +0.0242, +0.0241, +0.0236, +0.0237, +0.0271, +0.0248, +0.0253, +0.0248, +0.0238, +0.0256, +0.0260, +0.0254, +0.0249, +0.0243, +0.0266, +0.0259, +0.0247, +0.0242, +0.0269, +0.0261, +0.0258, +0.0249, +0.0241, +0.0248, +0.0258, +0.0259, +0.0254, +0.0242, +0.0263, +0.0251, +0.0263, +0.0257, +0.0254, +0.0257, +0.0241, +0.0234, +0.0243, +0.0248, +0.0248, +0.0251, +0.0253, +0.0238, +0.0255, +0.0252, +0.0257, +0.0247, +0.0229, +0.0231, +0.0245, +0.0247, +0.0261, +0.0237, +0.0249, +0.0262, +0.0247, +0.0228, +0.0267, +0.0266, +0.0268, +0.0268, +0.0260, +0.0252, +0.0256, +0.0253, +0.0219, +0.0248, +0.0266, +0.0269, +0.0269, +0.0247, +0.0243, +0.0254, +0.0282, +0.0269, +0.0256, +0.0264, +0.0282, +0.0255, +0.0265, +0.0289, +0.0288, +0.0270, +0.0260, +0.0271, +0.0246, +0.0259, +0.0251, +0.0246, +0.0250, +0.0235, +0.0245, +0.0264, +0.0276, +0.0243, +0.0246, +0.0251, +0.0251, +0.0280, +0.0270, +0.0252, +0.0266, +0.0265, +0.0253, +0.0255, +0.0281, +0.0282, +0.0246, +0.0256, +0.0261, +0.0268, +0.0252, +0.0250, +0.0259, +0.0292, +0.0265, +0.0258, +0.0216, +0.0227, +0.0250, +0.0285, +0.0256, +0.0276, +0.0262, +0.0274, +0.0288, +0.0275, +0.0256, +0.0261, +0.0268, +0.0278, +0.0259, +0.0241, +0.0253, +0.0258, +0.0267, +0.0261, +0.0259, +0.0266, +0.0296, +0.0248, +0.0241, +0.0242, +0.0263, +0.0241, +0.0261, +0.0298, +0.0276, +0.0237, +0.0252, +0.0285, +0.0272, +0.0264, +0.0256, +0.0270, +0.0274, +0.0266, +0.0265, +0.0279, +0.0278, +0.0281, +0.0282, +0.0275, +0.0267, +0.0259, +0.0290, +0.0282, +0.0277, +0.0253, +0.0258, +0.0252, +0.0263, +0.0284, +0.0292, +0.0254, +0.0248, +0.0267, +0.0255, +0.0266, +0.0248, +0.0290, +0.0301, +0.0282, +0.0272, +0.0268, +0.0242, +0.0240, +0.0241, +0.0235, +0.0246, +0.0265, +0.0269, +0.0250, +0.0229, +0.0249, +0.0263, +0.0254, +0.0270, +0.0257, +0.0254, +0.0258, +0.0283, +0.0262, +0.0275, +0.0273, +0.0280, +0.0262, +0.0267, +0.0259, +0.0269, +0.0257, +0.0251, +0.0256, +0.0245, +0.0257, +0.0256, +0.0274, +0.0254, +0.0258, +0.0240, +0.0242, +0.0246, +0.0243, +0.0266, +0.0256, +0.0282, +0.0245, +0.0245, +0.0257, +0.0286, +0.0291, +0.0294, +0.0273, +0.0256, +0.0244, +0.0259, +0.0264, +0.0257, +0.0253, +0.0267, +0.0273, +0.0269, +0.0233, +0.0241, +0.0255, +0.0273, +0.0273, +0.0252, +0.0269, +0.0265, +0.0246, +0.0270, +0.0263, +0.0271, +0.0282, +0.0284, +0.0270, +0.0256, +0.0276, +0.0275, +0.0290, +0.0286, +0.0270, +0.0264, +0.0284, +0.0264, +0.0240, +0.0245, +0.0280, +0.0279, +0.0276, +0.0290, +0.0281, +0.0291, +0.0266, +0.0270, +0.0262, +0.0262, +0.0247, +0.0279, +0.0296, +0.0285, +0.0263, +0.0275, +0.0271, +0.0260, +0.0250, +0.0278, +0.0290, +0.0288, +0.0274, +0.0254, +0.0274, +0.0268, +0.0271, +0.0274, +0.0262, +0.0266, +0.0278, +0.0285, +0.0287, +0.0253, +0.0258, +0.0253, +0.0280, +0.0276, +0.0285, +0.0276, +0.0279, +0.0269, +0.0250, +0.0243, +0.0273, +0.0271, +0.0278, +0.0277, +0.0263, +0.0268, +0.0269, +0.0288, +0.0263, +0.0264, +0.0266, +0.0268, +0.0268, +0.0301, +0.0283, +0.0279, +0.0252, +0.0253, +0.0256, +0.0241, +0.0276, +0.0290, +0.0309, +0.0301, +0.0312, +0.0282, +0.0284, +0.0283, +0.0302, +0.0266, +0.0259, +0.0247, +0.0262, +0.0263, +0.0241, +0.0285, +0.0271, +0.0286, +0.0277, +0.0237, +0.0251, +0.0258, +0.0277, +0.0247, +0.0260, +0.0263, +0.0262, +0.0259, +0.0269, +0.0268, +0.0259, +0.0266, +0.0282, +0.0275, +0.0265, +0.0280, +0.0280, +0.0294, +0.0309, +0.0283, +0.0261, +0.0279, +0.0258, +0.0289, +0.0287, +0.0273, +0.0282, +0.0270, +0.0280, +0.0278, +0.0279, +0.0277, +0.0271, +0.0256, +0.0266, +0.0292, +0.0280, +0.0272, +0.0278, +0.0290, +0.0272, +0.0277, +0.0282, +0.0296, +0.0308, +0.0292, +0.0241, +0.0255, +0.0284, +0.0293, +0.0278, +0.0272, +0.0253, +0.0244, +0.0277, +0.0303, +0.0284, +0.0278, +0.0262, +0.0268, +0.0249, +0.0260, +0.0274, +0.0276, +0.0259, +0.0277, +0.0278, +0.0272, +0.0267, +0.0270, +0.0264, +0.0282, +0.0275, +0.0278, +0.0274, +0.0269, +0.0250, +0.0275, +0.0273, +0.0253, +0.0275, +0.0269, +0.0261, +0.0288, +0.0267, +0.0271, +0.0296, +0.0297, +0.0274, +0.0287, +0.0312, +0.0287, +0.0273, +0.0270, +0.0283, +0.0282, +0.0270, +0.0277, +0.0294, +0.0266, +0.0268, +0.0260, +0.0274, +0.0302, +0.0286, +0.0291, +0.0289, +0.0266, +0.0279, +0.0267, +0.0268, +0.0279, +0.0271, +0.0261, +0.0269, +0.0273, +0.0265, +0.0266, +0.0285, +0.0283, +0.0279, +0.0294, +0.0306, +0.0282, +0.0264, +0.0291, +0.0266, +0.0290, +0.0266, +0.0271, +0.0259, +0.0275, +0.0281, +0.0268, +0.0266, +0.0260, +0.0254, +0.0251, +0.0262, +0.0270, +0.0294, +0.0302, +0.0284, +0.0298, +0.0284, +0.0295, +0.0271, +0.0278, +0.0255, +0.0282, +0.0274, +0.0294, +0.0294, +0.0297, +0.0280, +0.0268, +0.0266, +0.0283, +0.0300, +0.0285, +0.0284, +0.0280, +0.0284, +0.0275, +0.0273, +0.0250, +0.0259, +0.0264, +0.0276, +0.0285, +0.0290, +0.0252, +0.0275, +0.0299, +0.0292, +0.0263, +0.0268, +0.0281, +0.0294, +0.0295, +0.0300, +0.0279, +0.0255, +0.0240, +0.0253, +0.0265, +0.0286, +0.0284, +0.0296, +0.0299, +0.0271, +0.0281, +0.0277, +0.0290, +0.0301, +0.0286, +0.0291, +0.0272, +0.0280, +0.0282, +0.0284, +0.0288, +0.0321, +0.0312, +0.0266, +0.0279, +0.0290, +0.0283, +0.0261, +0.0281, +0.0287, +0.0295, +0.0281, +0.0281, +0.0272, +0.0275, +0.0255, +0.0281, +0.0262, +0.0251, +0.0283, +0.0277, +0.0280, +0.0301, +0.0282, +0.0265, +0.0272, +0.0261, +0.0257]
                actor_loss: [-0.0000, -0.0000, -0.0001, -0.0001, -0.0001, -0.0004, -0.0003, -0.0002, -0.0003, -0.0004, -0.0002, -0.0006, -0.0000, -0.0001, -0.0003, -0.0010, -0.0008, -0.0004, -0.0009, -0.0013, -0.0018, -0.0027, -0.0044, -0.0032, -0.0021, -0.0016, -0.0029, -0.0039, -0.0040, -0.0053, -0.0043, -0.0043, -0.0045, -0.0041, -0.0021, -0.0034, -0.0038, -0.0016, -0.0034, -0.0023, -0.0012, -0.0033, -0.0010, -0.0046, -0.0016, -0.0011, -0.0000, -0.0037, -0.0041, -0.0031, -0.0043, -0.0036, -0.0028, -0.0028, -0.0037, -0.0027, -0.0035, -0.0044, -0.0049, -0.0050, -0.0044, -0.0048, -0.0032, -0.0037, -0.0044, +0.0002, -0.0035, -0.0035, -0.0040, -0.0039, -0.0044, -0.0050, -0.0056, -0.0058, -0.0054, -0.0042, -0.0051, -0.0046, -0.0055, -0.0054, -0.0058, -0.0049, -0.0031, -0.0066, -0.0048, -0.0064, -0.0060, -0.0026, -0.0035, -0.0057, -0.0060, -0.0045, -0.0025, -0.0045, -0.0046, -0.0055, -0.0043, -0.0058, -0.0044, -0.0034, -0.0059, -0.0030, -0.0052, -0.0049, -0.0032, -0.0052, -0.0070, -0.0070, -0.0052, -0.0047, -0.0050, -0.0058, -0.0060, -0.0040, -0.0039, -0.0065, -0.0045, -0.0052, -0.0045, -0.0060, -0.0053, -0.0062, -0.0064, -0.0063, -0.0051, -0.0036, -0.0062, -0.0039, -0.0056, -0.0049, -0.0063, -0.0042, -0.0047, +0.0006, -0.0064, -0.0044, -0.0054, -0.0037, -0.0070, -0.0044, -0.0059, -0.0032, -0.0060, -0.0059, -0.0042, -0.0070, -0.0058, -0.0057, -0.0063, -0.0047, -0.0050, -0.0050, -0.0057, -0.0056, -0.0048, -0.0062, -0.0059, -0.0059, -0.0031, -0.0046, -0.0061, -0.0063, -0.0041, -0.0053, -0.0060, -0.0051, -0.0065, -0.0029, -0.0048, -0.0042, -0.0051, -0.0061, -0.0067, -0.0073, -0.0045, -0.0061, -0.0067, -0.0068, -0.0072, -0.0043, -0.0042, -0.0061, -0.0065, -0.0061, -0.0061, -0.0060, -0.0060, -0.0067, -0.0034, -0.0050, -0.0053, -0.0049, -0.0046, -0.0070, -0.0073, -0.0062, -0.0064, -0.0047, -0.0062, -0.0051, -0.0026, -0.0052, -0.0059, -0.0066, -0.0049, -0.0059, -0.0041, -0.0050, -0.0062, -0.0053, -0.0051, -0.0053, -0.0032, -0.0060, -0.0050, -0.0066, -0.0045, -0.0075, -0.0053, -0.0060, -0.0052, -0.0046, -0.0055, -0.0051, -0.0039, -0.0056, -0.0052, -0.0058, -0.0047, -0.0065, -0.0064, -0.0064, -0.0035, -0.0063, -0.0068, -0.0054, -0.0032, -0.0054, -0.0027, -0.0054, -0.0050, -0.0060, -0.0054, -0.0056, -0.0051, -0.0045, -0.0049, -0.0060, -0.0043, -0.0070, -0.0053, -0.0037, -0.0056, -0.0043, -0.0051, -0.0055, -0.0054, -0.0062, -0.0072, -0.0063, -0.0060, -0.0061, -0.0042, -0.0057, -0.0062, -0.0054, -0.0074, -0.0036, -0.0059, -0.0064, -0.0055, -0.0056, -0.0050, -0.0068, -0.0062, -0.0059, -0.0069, -0.0054, -0.0070, -0.0069, -0.0051, -0.0024, -0.0057, -0.0045, -0.0056, -0.0058, -0.0055, -0.0051, -0.0061, -0.0055, -0.0049, -0.0041, -0.0059, -0.0059, -0.0038, -0.0056, -0.0052, -0.0039, -0.0055, -0.0058, -0.0058, -0.0051, -0.0050, -0.0052, -0.0044, -0.0062, -0.0042, -0.0051, -0.0054, -0.0062, -0.0060, -0.0055, -0.0038, -0.0046, -0.0040, -0.0036, -0.0035, -0.0051, -0.0048, -0.0056, -0.0045, -0.0054, -0.0048, -0.0054, -0.0044, -0.0058, -0.0043, -0.0037, -0.0065, -0.0044, -0.0056, -0.0041, -0.0056, -0.0051, -0.0052, -0.0059, -0.0055, -0.0056, -0.0044, -0.0038, -0.0040, -0.0042, -0.0052, -0.0028, -0.0053, -0.0030, -0.0057, -0.0035, -0.0029, -0.0042, -0.0041, -0.0052, -0.0053, -0.0057, -0.0046, -0.0041, -0.0063, -0.0044, -0.0051, -0.0048, -0.0050, -0.0055, -0.0058, -0.0052, -0.0054, -0.0056, -0.0046, -0.0062, -0.0042, -0.0059, -0.0059, -0.0051, -0.0055, -0.0046, -0.0052, -0.0050, -0.0062, -0.0047, -0.0051, -0.0032, -0.0062, -0.0046, -0.0053, -0.0056, -0.0044, -0.0053, -0.0046, -0.0053, -0.0052, -0.0053, -0.0062, -0.0061, -0.0057, -0.0053, -0.0060, -0.0045, -0.0033, -0.0060, -0.0058, -0.0057, -0.0061, -0.0047, -0.0066, -0.0056, -0.0060, -0.0053, -0.0043, -0.0049, -0.0062, -0.0060, -0.0049, -0.0061, -0.0060, -0.0054, -0.0060, -0.0044, -0.0054, -0.0049, -0.0066, -0.0060, -0.0029, -0.0062, -0.0049, -0.0047, -0.0051, -0.0053, -0.0046, -0.0035, -0.0060, -0.0051, -0.0059, -0.0052, -0.0053, -0.0062, -0.0057, -0.0055, -0.0064, -0.0069, -0.0045, -0.0056, -0.0052, -0.0057, -0.0062, -0.0049, -0.0060, -0.0063, -0.0051, -0.0049, -0.0050, -0.0050, -0.0055, -0.0044, -0.0054, -0.0044, -0.0057, -0.0050, -0.0056, -0.0050, -0.0057, -0.0049, -0.0050, -0.0048, -0.0045, -0.0052, -0.0054, -0.0069, -0.0055, -0.0032, -0.0060, -0.0059, -0.0053, -0.0048, -0.0041, -0.0045, -0.0049, -0.0055, -0.0060, -0.0046, -0.0045, -0.0054, -0.0057, -0.0059, -0.0057, -0.0056, -0.0047, -0.0059, -0.0047, -0.0045, -0.0046, -0.0040, -0.0047, -0.0056, -0.0056, -0.0051, -0.0055, -0.0053, -0.0055, -0.0046, -0.0043, -0.0051, -0.0053, -0.0049, -0.0048, -0.0046, -0.0054, -0.0039, -0.0058, -0.0045, -0.0053, -0.0056, -0.0056, -0.0059, -0.0045, -0.0060, -0.0051, -0.0050, -0.0057, -0.0048, -0.0062, -0.0048, -0.0064, -0.0060, -0.0054, -0.0059, -0.0057, -0.0055, -0.0042, -0.0052, -0.0044, -0.0052, -0.0059, -0.0046, -0.0064, -0.0056, -0.0053, -0.0057, -0.0058, -0.0052, -0.0046, -0.0053, -0.0056, -0.0058, -0.0060, -0.0043, -0.0059, -0.0063, -0.0058, -0.0052, -0.0028, -0.0057, -0.0057, -0.0051, -0.0054, -0.0059, -0.0055, -0.0056, -0.0046, -0.0058, -0.0060, -0.0057, -0.0057, -0.0059, -0.0057, -0.0054, -0.0053, -0.0052, -0.0053, -0.0059, -0.0062, -0.0049, -0.0052, -0.0059, -0.0048, -0.0057, -0.0062, -0.0048, -0.0056, -0.0050, -0.0051, -0.0047, -0.0048, -0.0051, -0.0048, -0.0062, -0.0054, -0.0050, -0.0042, -0.0049, -0.0050, -0.0041, -0.0049, -0.0052, -0.0049, -0.0054, -0.0041, -0.0050, -0.0053, -0.0044, -0.0048, -0.0046, -0.0041, -0.0054, -0.0049, -0.0048, -0.0040, -0.0053, -0.0049, -0.0050, -0.0048, -0.0049, -0.0048, -0.0040, -0.0048, -0.0056, -0.0053, -0.0047, -0.0047, -0.0053, -0.0054, -0.0053, -0.0054, -0.0051, -0.0052, -0.0059, -0.0039, -0.0039, -0.0051, -0.0056, -0.0048, -0.0038, -0.0043, -0.0049, -0.0050, -0.0050, -0.0049, -0.0046, -0.0046, -0.0046, -0.0046, -0.0051, -0.0043, -0.0054, -0.0038, -0.0055, -0.0045, -0.0044, -0.0042, -0.0045, -0.0047, -0.0043, -0.0044, -0.0046, -0.0044, -0.0052, -0.0047, -0.0049, -0.0045, -0.0042, -0.0046, -0.0043, -0.0050, -0.0041, -0.0047, -0.0048, -0.0047, -0.0047, -0.0042, -0.0043, -0.0036, -0.0043, -0.0049, -0.0036, -0.0031, -0.0046, -0.0040, -0.0039, -0.0048, -0.0047, -0.0037, -0.0047, -0.0039, -0.0047, -0.0040, -0.0043, -0.0040, -0.0034, -0.0037, -0.0041, -0.0047, -0.0044, -0.0051, -0.0044, -0.0046, -0.0045, -0.0042, -0.0044, -0.0040, -0.0036, -0.0043, -0.0038, -0.0044, -0.0030, -0.0043, -0.0042, -0.0036, -0.0035, -0.0039, -0.0045, -0.0038, -0.0034, -0.0036, -0.0042, -0.0038, -0.0030, -0.0039, -0.0042, -0.0034, -0.0036, -0.0036, -0.0037, -0.0043, -0.0033, -0.0031, -0.0034, -0.0034, -0.0031, -0.0040, -0.0038, -0.0028, -0.0036, -0.0037, -0.0033, -0.0038, -0.0039, -0.0030, -0.0032, -0.0042, -0.0027, -0.0035, -0.0036, -0.0034, -0.0031, -0.0035, -0.0032, -0.0027, -0.0033, -0.0031, -0.0032, -0.0031, -0.0031, -0.0033, -0.0033, -0.0033, -0.0032, -0.0035, -0.0014, -0.0032, -0.0032, -0.0030, -0.0028, -0.0029, -0.0030, -0.0023, -0.0031, -0.0023, -0.0025, -0.0028, -0.0030, -0.0027, -0.0019, -0.0026, -0.0027, -0.0019, -0.0026, -0.0030, -0.0022, -0.0023, -0.0025, -0.0028, -0.0020, -0.0021, -0.0025, -0.0024, -0.0023, -0.0023, -0.0018, -0.0025, -0.0021, -0.0021, -0.0021, -0.0024, -0.0027, -0.0023, -0.0026, -0.0021, -0.0023, -0.0020, -0.0017, -0.0021, -0.0024, -0.0020, -0.0012, -0.0021, -0.0021, -0.0009, -0.0021, -0.0016, -0.0018, -0.0016, -0.0018, -0.0019, -0.0016, -0.0020, -0.0019, -0.0018, -0.0018, -0.0015, -0.0013, -0.0018, -0.0019, -0.0013, -0.0014, -0.0015, -0.0016, -0.0016, -0.0011, -0.0014, -0.0012, -0.0016, -0.0011, -0.0012, -0.0015, -0.0007, -0.0014, -0.0013, -0.0011, -0.0007, -0.0010, -0.0013, -0.0015, -0.0011, -0.0007, -0.0006, -0.0011, -0.0008, -0.0002, -0.0010, -0.0008, -0.0009, -0.0011, -0.0007, -0.0009, +0.0003, -0.0008, -0.0010, -0.0001, -0.0007, -0.0007, -0.0006, -0.0009, -0.0006, -0.0006, -0.0010, -0.0008, +0.0001, -0.0008, -0.0006, -0.0007, -0.0000, -0.0003, -0.0007, -0.0006, -0.0006, -0.0009, -0.0006, -0.0006, -0.0006, -0.0005, -0.0007, -0.0005, -0.0006, -0.0005, -0.0003, -0.0005, -0.0004, -0.0003, -0.0005, +0.0001, -0.0004, -0.0004, +0.0108, -0.0003, -0.0003, -0.0003, -0.0002, -0.0001, +0.0013, -0.0001, -0.0002, -0.0003, +0.0002, -0.0004, -0.0004, -0.0002, +0.0001, -0.0003, +0.0002, -0.0006, -0.0003, -0.0001, -0.0004, -0.0000, -0.0001, -0.0002, +0.0008]
                value_loss: [+0.0667, +0.0497, +0.0404, +0.0344, +0.0321, +0.0292, +0.0274, +0.0286, +0.0321, +0.0256, +0.0231, +0.0259, +0.0327, +0.0337, +0.0238, +0.0254, +0.0346, +0.0381, +0.0290, +0.0264, +0.0335, +0.0462, +0.0394, +0.0406, +0.0489, +0.0530, +0.0440, +0.0461, +0.0581, +0.0624, +0.0630, +0.0700, +0.0769, +0.0854, +0.0875, +0.0902, +0.0901, +0.0952, +0.0924, +0.1030, +0.0987, +0.1032, +0.1008, +0.0983, +0.0981, +0.0948, +0.0999, +0.0954, +0.0854, +0.0949, +0.0848, +0.0953, +0.0897, +0.0958, +0.0911, +0.0988, +0.0962, +0.0991, +0.1015, +0.1060, +0.0996, +0.1032, +0.1094, +0.0971, +0.1003, +0.1068, +0.1063, +0.1054, +0.1075, +0.1079, +0.1118, +0.1088, +0.1116, +0.1078, +0.1077, +0.1031, +0.1005, +0.1058, +0.1022, +0.0992, +0.0952, +0.1031, +0.0959, +0.1073, +0.1079, +0.1009, +0.1012, +0.1053, +0.1009, +0.1068, +0.1023, +0.1055, +0.1007, +0.1040, +0.1088, +0.1089, +0.0971, +0.1034, +0.1087, +0.1024, +0.0991, +0.1126, +0.1057, +0.0983, +0.1206, +0.1121, +0.1087, +0.0980, +0.0989, +0.0997, +0.0988, +0.1100, +0.1068, +0.0991, +0.1111, +0.1061, +0.1041, +0.0984, +0.1010, +0.1131, +0.1087, +0.1095, +0.1152, +0.1229, +0.1259, +0.1138, +0.1077, +0.1078, +0.1121, +0.1465, +0.1139, +0.1148, +0.1078, +0.1075, +0.1044, +0.1092, +0.1085, +0.1177, +0.0991, +0.1041, +0.1043, +0.0961, +0.0964, +0.1076, +0.0985, +0.1041, +0.1145, +0.1001, +0.1056, +0.1074, +0.1094, +0.1009, +0.1028, +0.1136, +0.1240, +0.1105, +0.0999, +0.1021, +0.1193, +0.1056, +0.0964, +0.1013, +0.1157, +0.1093, +0.1038, +0.1128, +0.1102, +0.1157, +0.1065, +0.1108, +0.1119, +0.1171, +0.1175, +0.1176, +0.1154, +0.1170, +0.1154, +0.1099, +0.1102, +0.1096, +0.1124, +0.1161, +0.1124, +0.1076, +0.1100, +0.1053, +0.1086, +0.1051, +0.1350, +0.1234, +0.1115, +0.1431, +0.1128, +0.1059, +0.1172, +0.1148, +0.1061, +0.1283, +0.1164, +0.1065, +0.1105, +0.1263, +0.1216, +0.1063, +0.1132, +0.1310, +0.1138, +0.1066, +0.1095, +0.1210, +0.1260, +0.1182, +0.1482, +0.1479, +0.1414, +0.1362, +0.1202, +0.1105, +0.1167, +0.1081, +0.1083, +0.1214, +0.1078, +0.1104, +0.1111, +0.0944, +0.1214, +0.1059, +0.1212, +0.0999, +0.0994, +0.0945, +0.1362, +0.1095, +0.1033, +0.1031, +0.1290, +0.0982, +0.1218, +0.1036, +0.1018, +0.0942, +0.1032, +0.1136, +0.1059, +0.1015, +0.1263, +0.1067, +0.1242, +0.1082, +0.1390, +0.1427, +0.1160, +0.1144, +0.1288, +0.1210, +0.1143, +0.1260, +0.1165, +0.1049, +0.1146, +0.1042, +0.1214, +0.1073, +0.0971, +0.1178, +0.1035, +0.1319, +0.1027, +0.1031, +0.1016, +0.1096, +0.1084, +0.1129, +0.1164, +0.1072, +0.1037, +0.0993, +0.0975, +0.0884, +0.1179, +0.1100, +0.1108, +0.1302, +0.1225, +0.1122, +0.1030, +0.1096, +0.1064, +0.1116, +0.1144, +0.1159, +0.1031, +0.1073, +0.1158, +0.1105, +0.1016, +0.1279, +0.1064, +0.1034, +0.1121, +0.1072, +0.1056, +0.1000, +0.1081, +0.1043, +0.1188, +0.1257, +0.1154, +0.1120, +0.1137, +0.1278, +0.1255, +0.1150, +0.1111, +0.1340, +0.1373, +0.1267, +0.1211, +0.1179, +0.1129, +0.1328, +0.1125, +0.1066, +0.1091, +0.1149, +0.1089, +0.1206, +0.1274, +0.1217, +0.1145, +0.1194, +0.1219, +0.1108, +0.1065, +0.1109, +0.1058, +0.1005, +0.1061, +0.1141, +0.1135, +0.1074, +0.1028, +0.0985, +0.1038, +0.1178, +0.1116, +0.1094, +0.1086, +0.1111, +0.1073, +0.1042, +0.1129, +0.1176, +0.1198, +0.1200, +0.1061, +0.1138, +0.1204, +0.1233, +0.1141, +0.1179, +0.1047, +0.1137, +0.1106, +0.1250, +0.1280, +0.1188, +0.1260, +0.1147, +0.1087, +0.1250, +0.1187, +0.1233, +0.1137, +0.1105, +0.1128, +0.1180, +0.1262, +0.1409, +0.1194, +0.1179, +0.1046, +0.1239, +0.1313, +0.1254, +0.1178, +0.1176, +0.1076, +0.1168, +0.1170, +0.1227, +0.1143, +0.1149, +0.1240, +0.1250, +0.1263, +0.1198, +0.1124, +0.1085, +0.1092, +0.1206, +0.1116, +0.1270, +0.0993, +0.1055, +0.1055, +0.1202, +0.1084, +0.0996, +0.1172, +0.1189, +0.1049, +0.1089, +0.1094, +0.1351, +0.1117, +0.1169, +0.1122, +0.1016, +0.1093, +0.1065, +0.1264, +0.1173, +0.1115, +0.1162, +0.1153, +0.1272, +0.1062, +0.1128, +0.1152, +0.1228, +0.1216, +0.1219, +0.0985, +0.1123, +0.1190, +0.1044, +0.1196, +0.1197, +0.1175, +0.1099, +0.1051, +0.1119, +0.1060, +0.1044, +0.1016, +0.1177, +0.1234, +0.1082, +0.1078, +0.1058, +0.1118, +0.1179, +0.1194, +0.1084, +0.1153, +0.1152, +0.1138, +0.1226, +0.1213, +0.1151, +0.1199, +0.1119, +0.1120, +0.1053, +0.1045, +0.1176, +0.1128, +0.1064, +0.1058, +0.1156, +0.1183, +0.1137, +0.1262, +0.0990, +0.1095, +0.1064, +0.1089, +0.1162, +0.1226, +0.1174, +0.1073, +0.1202, +0.1300, +0.1029, +0.1229, +0.1136, +0.1246, +0.1223, +0.1248, +0.1212, +0.1262, +0.1204, +0.1289, +0.1175, +0.1297, +0.1151, +0.1247, +0.1184, +0.1193, +0.1114, +0.1251, +0.1246, +0.1092, +0.1231, +0.1128, +0.1236, +0.1165, +0.1063, +0.1188, +0.1118, +0.1098, +0.1170, +0.1221, +0.1243, +0.1160, +0.1139, +0.1100, +0.1021, +0.1074, +0.1033, +0.1026, +0.1115, +0.1132, +0.0976, +0.1116, +0.1013, +0.1161, +0.1256, +0.1122, +0.1141, +0.1007, +0.1062, +0.1205, +0.1190, +0.1171, +0.1194, +0.1166, +0.1191, +0.1175, +0.1160, +0.1092, +0.1137, +0.1074, +0.1087, +0.1099, +0.1106, +0.1166, +0.1036, +0.1130, +0.1106, +0.1070, +0.1110, +0.1051, +0.1143, +0.1096, +0.1128, +0.1055, +0.1152, +0.1026, +0.1076, +0.1027, +0.1217, +0.1112, +0.1167, +0.1141, +0.1057, +0.1130, +0.1123, +0.1230, +0.1056, +0.1081, +0.1151, +0.1216, +0.1231, +0.1021, +0.1062, +0.1115, +0.1157, +0.1193, +0.1030, +0.1160, +0.1155, +0.1121, +0.1156, +0.1178, +0.1164, +0.1203, +0.1172, +0.1244, +0.1118, +0.1192, +0.1198, +0.1312, +0.1245, +0.1140, +0.1195, +0.1283, +0.1172, +0.1114, +0.1059, +0.1198, +0.1205, +0.1238, +0.1147, +0.1116, +0.1197, +0.1164, +0.1142, +0.1196, +0.1153, +0.1106, +0.1150, +0.1179, +0.1149, +0.1104, +0.1059, +0.1125, +0.1113, +0.1158, +0.1161, +0.1113, +0.1077, +0.1091, +0.1212, +0.1183, +0.1095, +0.1157, +0.1169, +0.1054, +0.1148, +0.1177, +0.1086, +0.1141, +0.1074, +0.1105, +0.1213, +0.1141, +0.1057, +0.1194, +0.1127, +0.1237, +0.1146, +0.1085, +0.1085, +0.1107, +0.1128, +0.1138, +0.1148, +0.1092, +0.1164, +0.1166, +0.1154, +0.1157, +0.1029, +0.1142, +0.1148, +0.1071, +0.1267, +0.1129, +0.1210, +0.1068, +0.1097, +0.1186, +0.1122, +0.1157, +0.1375, +0.1327, +0.1313, +0.1250, +0.1273, +0.1261, +0.1230, +0.1258, +0.1161, +0.1056, +0.0980, +0.1186, +0.1089, +0.1146, +0.1146, +0.1160, +0.1134, +0.1112, +0.1063, +0.1095, +0.1136, +0.1107, +0.1062, +0.1046, +0.1107, +0.1094, +0.1055, +0.1104, +0.1074, +0.1149, +0.1232, +0.1202, +0.1191, +0.1131, +0.1136, +0.1109, +0.1178, +0.1156, +0.1237, +0.1072, +0.1101, +0.1019, +0.1219, +0.1203, +0.1217, +0.1093, +0.1266, +0.1237, +0.1067, +0.1176, +0.1107, +0.1074, +0.1113, +0.1063, +0.1150, +0.1200, +0.1092, +0.1256, +0.1326, +0.1125, +0.1203, +0.1213, +0.1218, +0.1216, +0.1221, +0.1077, +0.1062, +0.1286, +0.1285, +0.1184, +0.1230, +0.1142, +0.1130, +0.1231, +0.1259, +0.1028, +0.1095, +0.1232, +0.1079, +0.1134, +0.1196, +0.1095, +0.1178, +0.1094, +0.1223, +0.1172, +0.1066, +0.1091, +0.1189, +0.1079, +0.1156, +0.1191, +0.1205, +0.1202, +0.1162, +0.1085, +0.1236, +0.1113, +0.1192, +0.1273, +0.1123, +0.1125, +0.1401, +0.1136, +0.1109, +0.1213, +0.1275, +0.1248, +0.1199, +0.1273, +0.1288, +0.1157, +0.1216, +0.1297, +0.1204, +0.1183, +0.1187, +0.1203, +0.1246, +0.1087, +0.1145, +0.1161, +0.1276, +0.1172, +0.1137, +0.1133, +0.1222, +0.1195, +0.1097, +0.1255, +0.1271, +0.1123, +0.1156, +0.1277, +0.1168, +0.1212, +0.1110, +0.1278, +0.1193, +0.1355, +0.1207, +0.1290, +0.1147, +0.1097, +0.1201, +0.1309, +0.1175, +0.1092, +0.1238, +0.1202, +0.1245, +0.1175, +0.1175, +0.1136, +0.1162, +0.1246, +0.1128, +0.1179, +0.1107, +0.1270, +0.1264, +0.1185, +0.1272, +0.1202, +0.1146, +0.1194, +0.1131, +0.1115, +0.1255, +0.1311, +0.1311, +0.1228, +0.1295, +0.1270, +0.1234, +0.1104, +0.1253, +0.1196, +0.1309, +0.1174, +0.1280, +0.1219, +0.1245, +0.1227, +0.1242, +0.1297, +0.1186, +0.1283, +0.1312, +0.1255, +0.1138, +0.1209, +0.1376, +0.1186, +0.1153, +0.1192, +0.1262, +0.1247, +0.1234, +0.1271, +0.1195, +0.1256, +0.1214, +0.1064, +0.1185, +0.1383, +0.1183, +0.1225, +0.1284, +0.1276, +0.1168, +0.1279, +0.1213, +0.1233, +0.1182, +0.1251, +0.1100, +0.1202, +0.1201, +0.1227, +0.1211, +0.1320, +0.1150, +0.1202, +0.1295, +0.1231, +0.1263, +0.1162, +0.1184, +0.1253, +0.1315, +0.1178, +0.1185, +0.1274, +0.1202, +0.1168, +0.1266, +0.1280, +0.1161, +0.1169, +0.1198, +0.1279, +0.1258, +0.1244, +0.1227, +0.1209, +0.1271, +0.1305]
                   entropy: [+1.5909, +1.5922, +1.5922, +1.5914, +1.5902, +1.5863, +1.5774, +1.5695, +1.5506, +1.5442, +1.5382, +1.5241, +1.5034, +1.5074, +1.5229, +1.5158, +1.4997, +1.4807, +1.4763, +1.4827, +1.4775, +1.4530, +1.4303, +1.4166, +1.3886, +1.3629, +1.3549, +1.3307, +1.3296, +1.3017, +1.2771, +1.2487, +1.2103, +1.1815, +1.1462, +1.1295, +1.1035, +1.0857, +1.0785, +1.0635, +1.0764, +1.0679, +1.0631, +1.0671, +1.0378, +1.0464, +1.0484, +1.0425, +1.0370, +1.0344, +1.0396, +1.0144, +1.0133, +1.0163, +1.0074, +1.0020, +1.0052, +1.0122, +1.0118, +1.0147, +1.0347, +1.0178, +1.0069, +1.0164, +1.0105, +1.0134, +1.0130, +1.0039, +0.9949, +0.9982, +0.9934, +0.9937, +0.9711, +0.9729, +0.9675, +0.9781, +0.9805, +1.0001, +0.9908, +0.9815, +0.9666, +0.9558, +0.9482, +0.9319, +0.9302, +0.9478, +0.9329, +0.9383, +0.9315, +0.9231, +0.9214, +0.9219, +0.9210, +0.9071, +0.9417, +0.9378, +0.9163, +0.9217, +0.9170, +0.9338, +0.9319, +0.9305, +0.9422, +0.9151, +0.9412, +0.9265, +0.9255, +0.9175, +0.9343, +0.9397, +0.9124, +0.9270, +0.9260, +0.9515, +0.9429, +0.9366, +0.9429, +0.9425, +0.9484, +0.9028, +0.9159, +0.9258, +0.9373, +0.9299, +0.9361, +0.9392, +0.9355, +0.9311, +0.9256, +0.9089, +0.8820, +0.8840, +0.9342, +0.9102, +0.9305, +0.9016, +0.9264, +0.9020, +0.8968, +0.8972, +0.9002, +0.9143, +0.8893, +0.9055, +0.9164, +0.9104, +0.9083, +0.9369, +0.9364, +0.9205, +0.9087, +0.9364, +0.9406, +0.9475, +0.9344, +0.9408, +0.9548, +0.9267, +0.8836, +0.9112, +0.9102, +0.8994, +0.9002, +0.8764, +0.8703, +0.8920, +0.8870, +0.8915, +0.8970, +0.8771, +0.9134, +0.9125, +0.9122, +0.8845, +0.8695, +0.8538, +0.8453, +0.8517, +0.8482, +0.8632, +0.8529, +0.8654, +0.8769, +0.8465, +0.8589, +0.8497, +0.8277, +0.8323, +0.8348, +0.8422, +0.8530, +0.8651, +0.8866, +0.8725, +0.8705, +0.8829, +0.8957, +0.8972, +0.8781, +0.8845, +0.8734, +0.8610, +0.8838, +0.8869, +0.8653, +0.8663, +0.8665, +0.8780, +0.8769, +0.8742, +0.8688, +0.8479, +0.8621, +0.8311, +0.8564, +0.8550, +0.8337, +0.8372, +0.8390, +0.8481, +0.8547, +0.8503, +0.8471, +0.8606, +0.8731, +0.8828, +0.9074, +0.8717, +0.8519, +0.8730, +0.8956, +0.9081, +0.8634, +0.8393, +0.8569, +0.8510, +0.8695, +0.8747, +0.8833, +0.8751, +0.8859, +0.8906, +0.8873, +0.8880, +0.8731, +0.8691, +0.8546, +0.8623, +0.8982, +0.8803, +0.8824, +0.8840, +0.9034, +0.9181, +0.9194, +0.9502, +0.9297, +0.9129, +0.9081, +0.9097, +0.9188, +0.9305, +0.8993, +0.9075, +0.9186, +0.9028, +0.9219, +0.9242, +0.9322, +0.9371, +0.9248, +0.9566, +0.9351, +0.9443, +0.8898, +0.8612, +0.8979, +0.9080, +0.9244, +0.9520, +0.9276, +0.9057, +0.9090, +0.8711, +0.8570, +0.8692, +0.8876, +0.8710, +0.8643, +0.8729, +0.8893, +0.8709, +0.8904, +0.8745, +0.8736, +0.8660, +0.8632, +0.8728, +0.8681, +0.8565, +0.8725, +0.8782, +0.8763, +0.8617, +0.8440, +0.8465, +0.8744, +0.8638, +0.8476, +0.8596, +0.8565, +0.8659, +0.8516, +0.8580, +0.8650, +0.8633, +0.8585, +0.8563, +0.8474, +0.8551, +0.8523, +0.8695, +0.8657, +0.8812, +0.8768, +0.8799, +0.8819, +0.8952, +0.8710, +0.8805, +0.8937, +0.9034, +0.8903, +0.8837, +0.8738, +0.8766, +0.8710, +0.8731, +0.8652, +0.8345, +0.8517, +0.8647, +0.8540, +0.8441, +0.8494, +0.8387, +0.8482, +0.8582, +0.8558, +0.8399, +0.8372, +0.8711, +0.8608, +0.8519, +0.8788, +0.8642, +0.8798, +0.8850, +0.8805, +0.8734, +0.8671, +0.8685, +0.8834, +0.8761, +0.8953, +0.8786, +0.8865, +0.8897, +0.8853, +0.9016, +0.9152, +0.9146, +0.8960, +0.8896, +0.8973, +0.9016, +0.9196, +0.9098, +0.9006, +0.9234, +0.9260, +0.9360, +0.9423, +0.9154, +0.9204, +0.9033, +0.9215, +0.9216, +0.9037, +0.9175, +0.9469, +0.9068, +0.8771, +0.8915, +0.8910, +0.8943, +0.9092, +0.9011, +0.9038, +0.9192, +0.9125, +0.8850, +0.8763, +0.8716, +0.8913, +0.9027, +0.9008, +0.8743, +0.8863, +0.8948, +0.9005, +0.8822, +0.9096, +0.8900, +0.8824, +0.8785, +0.8961, +0.9063, +0.9054, +0.9330, +0.9246, +0.9393, +0.9260, +0.9262, +0.9384, +0.9371, +0.9154, +0.9027, +0.9386, +0.9286, +0.9174, +0.9327, +0.8960, +0.9075, +0.9253, +0.9172, +0.9307, +0.9459, +0.9378, +0.9150, +0.9150, +0.9538, +0.9595, +0.9441, +0.9324, +0.9403, +0.9400, +0.9468, +0.9123, +0.9414, +0.9637, +0.9868, +0.9842, +0.9756, +0.9309, +0.9503, +0.9304, +0.9547, +0.9489, +0.9310, +0.9381, +0.9593, +0.9415, +0.9310, +0.9195, +0.9260, +0.9447, +0.9282, +0.9307, +0.9189, +0.9271, +0.9370, +0.9187, +0.9069, +0.9340, +0.9448, +0.9353, +0.9240, +0.9444, +0.9188, +0.8959, +0.9116, +0.9461, +0.9408, +0.9103, +0.9256, +0.9266, +0.9420, +0.9278, +0.9256, +0.9334, +0.9428, +0.9322, +0.9373, +0.9347, +0.9287, +0.9347, +0.9388, +0.9561, +0.9336, +0.9253, +0.9349, +0.9643, +0.9574, +0.9689, +0.9663, +0.9460, +0.9287, +0.9702, +0.9807, +0.9586, +0.9579, +0.9570, +0.9680, +0.9392, +0.9153, +0.9271, +0.9429, +0.9476, +0.9750, +0.9597, +0.9761, +0.9735, +0.9739, +0.9591, +0.9434, +0.9651, +0.9864, +0.9649, +0.9514, +0.9587, +0.9500, +0.9523, +0.9558, +0.9630, +0.9369, +0.9591, +0.9418, +0.9456, +0.9499, +0.9585, +0.9610, +0.9533, +0.9512, +0.9605, +0.9607, +0.9637, +0.9720, +0.9504, +0.9661, +0.9552, +0.9756, +0.9749, +0.9793, +0.9868, +0.9862, +0.9716, +0.9545, +0.9650, +0.9402, +0.9792, +0.9811, +0.9667, +0.9304, +0.9266, +0.9243, +0.9423, +0.9661, +0.9609, +0.9470, +0.9469, +0.9639, +0.9512, +0.9451, +0.9323, +0.9409, +0.9752, +0.9638, +0.9409, +0.9226, +0.9320, +0.9651, +0.9425, +0.9405, +0.9600, +0.9250, +0.9290, +0.9235, +0.9230, +0.9214, +0.9294, +0.9373, +0.9204, +0.9220, +0.9088, +0.9151, +0.9327, +0.9200, +0.9180, +0.9344, +0.9616, +0.9481, +0.9156, +0.9200, +0.9199, +0.9109, +0.9075, +0.9172, +0.9358, +0.9283, +0.9300, +0.9419, +0.9370, +0.9079, +0.8878, +0.8905, +0.9179, +0.9075, +0.9149, +0.9353, +0.9369, +0.9201, +0.9037, +0.9088, +0.9241, +0.9414, +0.9204, +0.9276, +0.9140, +0.9170, +0.9356, +0.9233, +0.9216, +0.9195, +0.9091, +0.9397, +0.9347, +0.9386, +0.9156, +0.9168, +0.9082, +0.9153, +0.9051, +0.9259, +0.9354, +0.9502, +0.9260, +0.9264, +0.9176, +0.9290, +0.9336, +0.9234, +0.9183, +0.8999, +0.9166, +0.9256, +0.9176, +0.9183, +0.9163, +0.8973, +0.9120, +0.9112, +0.9417, +0.9464, +0.9327, +0.9521, +0.9297, +0.9188, +0.8971, +0.9078, +0.8946, +0.9316, +0.9316, +0.9389, +0.9044, +0.9440, +0.9614, +0.9784, +0.9568, +0.9625, +0.9849, +0.9330, +0.9539, +0.9470, +0.9393, +0.9825, +0.9730, +0.9554, +0.9430, +0.9718, +0.9636, +0.9587, +0.9597, +0.9587, +0.9428, +0.9488, +0.9499, +0.9449, +0.9345, +0.9272, +0.9463, +0.9325, +0.9272, +0.9071, +0.9004, +0.9334, +0.9496, +0.9333, +0.9552, +0.9196, +0.9383, +0.9359, +0.9440, +0.9356, +0.9437, +0.9444, +0.9481, +0.9373, +0.9458, +0.9685, +0.9721, +0.9288, +0.9371, +0.9531, +0.9513, +0.9288, +0.9482, +0.9447, +0.9486, +0.9386, +0.9098, +0.9327, +0.9805, +0.9715, +0.9359, +0.9300, +0.9454, +0.9580, +0.9664, +0.9778, +0.9540, +0.9239, +0.9470, +0.9511, +0.9650, +0.9525, +0.9745, +0.9721, +0.9547, +0.9597, +0.9741, +0.9473, +0.9387, +0.9624, +0.9626, +0.9480, +0.9599, +0.9354, +0.9428, +0.9464, +0.9482, +0.9432, +0.9833, +0.9469, +0.9513, +0.9705, +0.9409, +0.9573, +0.9652, +0.9474, +0.9645, +0.9585, +0.9421, +0.9322, +0.9497, +0.9495, +0.9228, +0.9394, +0.9658, +0.9536, +0.9485, +0.9546, +0.9558, +0.9481, +0.9417, +0.9504, +0.9561, +0.9636, +0.9623, +0.9301, +0.9416, +0.9371, +0.9394, +0.9550, +0.9493, +0.9601, +0.9538, +0.9454, +0.9586, +0.9620, +0.9536, +0.9468, +0.9554, +0.9475, +0.9300, +0.9357, +0.9477, +0.9317, +0.9255, +0.9436, +0.9620, +0.9392, +0.9573, +0.9385, +0.9580, +0.9622, +0.9670, +0.9566, +0.9517, +0.9659, +0.9729, +0.9809, +0.9645, +0.9692, +0.9664, +0.9651, +0.9373, +0.9306, +0.9386, +0.9408, +0.9457, +0.9408, +0.9586, +0.9570, +0.9731, +0.9601, +0.9612, +0.9410, +0.9508, +0.9388, +0.9607, +0.9679, +0.9739, +0.9581, +0.9319, +0.9541, +0.9608, +0.9622, +0.9622, +0.9693, +0.9723, +0.9873, +0.9834, +0.9669, +0.9657, +0.9566, +0.9503, +0.9919, +0.9673, +0.9291, +0.9336, +0.9698, +0.9642, +0.9409, +0.9370, +0.9371, +0.9284, +0.9484, +0.9755, +0.9954, +0.9749, +0.9713, +0.9470, +0.9512, +0.9508, +0.9385, +0.9627, +0.9505, +0.9502, +0.9479, +0.9327, +0.9525, +0.9369, +0.9620, +0.9491, +0.9429, +0.9513, +0.9385, +0.9056, +0.9258, +0.9587, +0.9526, +0.9469, +0.9521, +0.9723, +0.9540, +0.9444, +0.9349, +0.9505, +0.9535, +0.9649, +0.9513, +0.9745, +0.9440, +0.9676, +0.9786, +0.9525, +0.9500, +0.9583, +0.9341, +0.9455, +0.9675, +0.9632, +0.9674, +0.9648]
                entropy_t0: [+0.6931, +0.6931, +0.6931, +0.6930, +0.6931, +0.6926, +0.6911, +0.6931, +0.6925, +0.6920, +0.6731, +0.6260, +0.5722, +0.5802, +0.5861, +0.5867, +0.5597, +0.5425, +0.5903, +0.6283, +0.6306, +0.6089, +0.5838, +0.5309, +0.5254, +0.4996, +0.5274, +0.5562, +0.5543, +0.4967, +0.4453, +0.4083, +0.3748, +0.3067, +0.2842, +0.2387, +0.2144, +0.1892, +0.1710, +0.1283, +0.1105, +0.0854, +0.0789, +0.0727, +0.0559, +0.0470, +0.0430, +0.0487, +0.0460, +0.0394, +0.0310, +0.0233, +0.0209, +0.0172, +0.0168, +0.0137, +0.0115, +0.0099, +0.0091, +0.0086, +0.0077, +0.0067, +0.0065, +0.0064, +0.0066, +0.0065, +0.0058, +0.0055, +0.0066, +0.0063, +0.0052, +0.0052, +0.0046, +0.0041, +0.0036, +0.0036, +0.0032, +0.0030, +0.0024, +0.0020, +0.0019, +0.0018, +0.0017, +0.0017, +0.0018, +0.0020, +0.0020, +0.0021, +0.0020, +0.0020, +0.0021, +0.0023, +0.0022, +0.0018, +0.0017, +0.0017, +0.0013, +0.0011, +0.0012, +0.0011, +0.0012, +0.0013, +0.0013, +0.0012, +0.0013, +0.0011, +0.0010, +0.0010, +0.0009, +0.0009, +0.0008, +0.0009, +0.0008, +0.0008, +0.0008, +0.0007, +0.0007, +0.0007, +0.0008, +0.0007, +0.0007, +0.0008, +0.0008, +0.0006, +0.0007, +0.0007, +0.0008, +0.0007, +0.0007, +0.0007, +0.0006, +0.0006, +0.0007, +0.0007, +0.0007, +0.0006, +0.0006, +0.0005, +0.0005, +0.0005, +0.0005, +0.0006, +0.0006, +0.0006, +0.0006, +0.0005, +0.0006, +0.0006, +0.0005, +0.0005, +0.0005, +0.0005, +0.0005, +0.0007, +0.0006, +0.0005, +0.0005, +0.0004, +0.0005, +0.0005, +0.0004, +0.0005, +0.0005, +0.0004, +0.0004, +0.0005, +0.0005, +0.0005, +0.0005, +0.0005, +0.0004, +0.0005, +0.0005, +0.0005, +0.0004, +0.0004, +0.0004, +0.0004, +0.0004, +0.0004, +0.0004, +0.0005, +0.0005, +0.0004, +0.0004, +0.0004, +0.0003, +0.0004, +0.0004, +0.0004, +0.0004, +0.0005, +0.0005, +0.0004, +0.0004, +0.0004, +0.0003, +0.0003, +0.0003, +0.0003, +0.0003, +0.0003, +0.0004, +0.0004, +0.0004, +0.0004, +0.0004, +0.0004, +0.0004, +0.0003, +0.0003, +0.0003, +0.0003, +0.0002, +0.0003, +0.0003, +0.0002, +0.0002, +0.0002, +0.0002, +0.0002, +0.0002, +0.0002, +0.0002, +0.0002, +0.0002, +0.0002, +0.0002, +0.0002, +0.0002, +0.0002, +0.0003, +0.0002, +0.0003, +0.0002, +0.0002, +0.0002, +0.0002, +0.0002, +0.0002, +0.0002, +0.0002, +0.0002, +0.0002, +0.0002, +0.0002, +0.0002, +0.0003, +0.0003, +0.0003, +0.0002, +0.0002, +0.0003, +0.0003, +0.0002, +0.0003, +0.0002, +0.0002, +0.0002, +0.0002, +0.0002, +0.0002, +0.0002, +0.0002, +0.0002, +0.0002, +0.0002, +0.0002, +0.0002, +0.0003, +0.0002, +0.0003, +0.0003, +0.0003, +0.0002, +0.0002, +0.0002, +0.0002, +0.0002, +0.0002, +0.0002, +0.0002, +0.0002, +0.0001, +0.0001, +0.0001, +0.0001, +0.0001, +0.0001, +0.0001, +0.0001, +0.0001, +0.0001, +0.0001, +0.0001, +0.0001, +0.0001, +0.0002, +0.0002, +0.0002, +0.0002, +0.0002, +0.0002, +0.0002, +0.0001, +0.0001, +0.0001, +0.0001, +0.0001, +0.0001, +0.0001, +0.0001, +0.0001, +0.0001, +0.0001, +0.0001, +0.0001, +0.0002, +0.0001, +0.0001, +0.0001, +0.0001, +0.0001, +0.0001, +0.0001, +0.0001, +0.0001, +0.0001, +0.0001, +0.0001, +0.0001, +0.0001, +0.0001, +0.0001, +0.0001, +0.0001, +0.0001, +0.0001, +0.0001, +0.0001, +0.0001, +0.0001, +0.0001, +0.0001, +0.0001, +0.0001, +0.0001, +0.0001, +0.0001, +0.0001, +0.0001, +0.0001, +0.0001, +0.0001, +0.0001, +0.0001, +0.0001, +0.0001, +0.0002, +0.0001, +0.0001, +0.0001, +0.0001, +0.0001, +0.0001, +0.0001, +0.0002, +0.0001, +0.0001, +0.0002, +0.0002, +0.0001, +0.0002, +0.0002, +0.0002, +0.0002, +0.0002, +0.0002, +0.0002, +0.0002, +0.0002, +0.0002, +0.0002, +0.0002, +0.0002, +0.0001, +0.0001, +0.0001, +0.0001, +0.0002, +0.0002, +0.0001, +0.0001, +0.0001, +0.0001, +0.0002, +0.0002, +0.0002, +0.0002, +0.0002, +0.0002, +0.0001, +0.0001, +0.0001, +0.0001, +0.0001, +0.0002, +0.0001, +0.0001, +0.0001, +0.0002, +0.0001, +0.0002, +0.0001, +0.0001, +0.0001, +0.0002, +0.0002, +0.0002, +0.0002, +0.0001, +0.0002, +0.0002, +0.0002, +0.0002, +0.0002, +0.0002, +0.0002, +0.0002, +0.0002, +0.0002, +0.0002, +0.0002, +0.0002, +0.0002, +0.0002, +0.0002, +0.0002, +0.0003, +0.0002, +0.0002, +0.0002, +0.0003, +0.0002, +0.0002, +0.0002, +0.0002, +0.0002, +0.0002, +0.0002, +0.0002, +0.0003, +0.0003, +0.0003, +0.0002, +0.0003, +0.0003, +0.0003, +0.0003, +0.0002, +0.0003, +0.0003, +0.0002, +0.0002, +0.0002, +0.0002, +0.0002, +0.0002, +0.0002, +0.0002, +0.0002, +0.0002, +0.0002, +0.0002, +0.0002, +0.0003, +0.0002, +0.0003, +0.0003, +0.0003, +0.0002, +0.0002, +0.0003, +0.0003, +0.0003, +0.0003, +0.0003, +0.0003, +0.0003, +0.0003, +0.0003, +0.0003, +0.0002, +0.0002, +0.0002, +0.0002, +0.0003, +0.0003, +0.0003, +0.0002, +0.0002, +0.0002, +0.0003, +0.0003, +0.0003, +0.0003, +0.0003, +0.0002, +0.0003, +0.0003, +0.0003, +0.0003, +0.0003, +0.0003, +0.0003, +0.0003, +0.0002, +0.0003, +0.0003, +0.0003, +0.0003, +0.0004, +0.0003, +0.0004, +0.0004, +0.0003, +0.0004, +0.0004, +0.0004, +0.0004, +0.0004, +0.0004, +0.0004, +0.0003, +0.0004, +0.0003, +0.0004, +0.0004, +0.0004, +0.0004, +0.0004, +0.0004, +0.0003, +0.0003, +0.0003, +0.0003, +0.0003, +0.0003, +0.0003, +0.0003, +0.0003, +0.0003, +0.0003, +0.0003, +0.0004, +0.0003, +0.0003, +0.0002, +0.0003, +0.0003, +0.0003, +0.0003, +0.0003, +0.0002, +0.0002, +0.0002, +0.0002, +0.0002, +0.0002, +0.0002, +0.0002, +0.0002, +0.0002, +0.0002, +0.0002, +0.0002, +0.0002, +0.0002, +0.0002, +0.0002, +0.0002, +0.0002, +0.0002, +0.0002, +0.0002, +0.0002, +0.0001, +0.0002, +0.0002, +0.0002, +0.0002, +0.0002, +0.0001, +0.0001, +0.0001, +0.0001, +0.0002, +0.0001, +0.0001, +0.0002, +0.0002, +0.0002, +0.0001, +0.0001, +0.0002, +0.0002, +0.0002, +0.0001, +0.0002, +0.0002, +0.0002, +0.0002, +0.0002, +0.0001, +0.0001, +0.0001, +0.0002, +0.0001, +0.0002, +0.0002, +0.0002, +0.0002, +0.0001, +0.0002, +0.0002, +0.0002, +0.0002, +0.0002, +0.0002, +0.0002, +0.0002, +0.0002, +0.0002, +0.0002, +0.0002, +0.0002, +0.0002, +0.0002, +0.0002, +0.0002, +0.0002, +0.0002, +0.0002, +0.0002, +0.0002, +0.0002, +0.0002, +0.0002, +0.0002, +0.0002, +0.0002, +0.0001, +0.0002, +0.0001, +0.0001, +0.0001, +0.0002, +0.0001, +0.0001, +0.0001, +0.0001, +0.0001, +0.0001, +0.0002, +0.0001, +0.0001, +0.0001, +0.0001, +0.0001, +0.0001, +0.0001, +0.0001, +0.0001, +0.0001, +0.0001, +0.0001, +0.0001, +0.0002, +0.0002, +0.0002, +0.0002, +0.0002, +0.0002, +0.0001, +0.0001, +0.0002, +0.0002, +0.0002, +0.0002, +0.0002, +0.0002, +0.0002, +0.0002, +0.0002, +0.0002, +0.0002, +0.0002, +0.0002, +0.0001, +0.0001, +0.0001, +0.0001, +0.0001, +0.0001, +0.0001, +0.0001, +0.0001, +0.0001, +0.0001, +0.0001, +0.0001, +0.0001, +0.0001, +0.0001, +0.0001, +0.0001, +0.0001, +0.0001, +0.0002, +0.0002, +0.0002, +0.0001, +0.0002, +0.0002, +0.0002, +0.0001, +0.0001, +0.0002, +0.0002, +0.0001, +0.0001, +0.0001, +0.0002, +0.0002, +0.0001, +0.0001, +0.0001, +0.0002, +0.0002, +0.0002, +0.0002, +0.0002, +0.0002, +0.0002, +0.0002, +0.0002, +0.0002, +0.0002, +0.0002, +0.0002, +0.0002, +0.0001, +0.0001, +0.0001, +0.0002, +0.0002, +0.0002, +0.0001, +0.0001, +0.0001, +0.0001, +0.0001, +0.0002, +0.0001, +0.0001, +0.0002, +0.0001, +0.0002, +0.0002, +0.0002, +0.0002, +0.0002, +0.0001, +0.0001, +0.0002, +0.0001, +0.0001, +0.0001, +0.0002, +0.0001, +0.0001, +0.0001, +0.0001, +0.0001, +0.0001, +0.0001, +0.0001, +0.0001, +0.0001, +0.0001, +0.0001, +0.0001, +0.0001, +0.0001, +0.0001, +0.0002, +0.0002, +0.0001, +0.0001, +0.0001, +0.0002, +0.0001, +0.0001, +0.0001, +0.0002, +0.0001, +0.0001, +0.0001, +0.0001, +0.0001, +0.0001, +0.0001, +0.0001, +0.0001, +0.0001, +0.0001, +0.0002, +0.0001, +0.0002, +0.0001, +0.0001, +0.0002, +0.0002, +0.0002, +0.0001, +0.0001, +0.0001, +0.0001, +0.0001, +0.0001, +0.0001, +0.0001, +0.0001, +0.0001, +0.0001, +0.0001, +0.0001, +0.0001, +0.0001, +0.0002, +0.0001, +0.0001, +0.0002, +0.0001, +0.0001, +0.0002, +0.0001, +0.0002, +0.0002, +0.0002, +0.0002, +0.0002, +0.0002, +0.0001, +0.0002, +0.0001, +0.0001, +0.0002, +0.0002, +0.0001, +0.0002, +0.0002, +0.0001, +0.0001, +0.0001, +0.0001, +0.0001, +0.0001, +0.0001, +0.0002, +0.0001, +0.0001, +0.0001, +0.0001, +0.0001, +0.0001, +0.0002, +0.0001, +0.0001, +0.0001, +0.0001, +0.0002, +0.0001, +0.0001, +0.0001, +0.0001, +0.0002, +0.0001, +0.0001, +0.0001, +0.0001, +0.0001, +0.0001, +0.0001, +0.0002, +0.0001, +0.0001, +0.0002, +0.0001, +0.0001, +0.0002, +0.0001, +0.0002, +0.0001, +0.0001, +0.0002, +0.0001, +0.0001, +0.0001, +0.0001, +0.0001, +0.0001, +0.0002, +0.0002, +0.0002]
              entropy_tge1: [+1.6093, +1.6092, +1.6089, +1.6078, +1.6065, +1.6029, +1.5939, +1.5858, +1.5665, +1.5598, +1.5542, +1.5409, +1.5204, +1.5247, +1.5401, +1.5332, +1.5176, +1.4984, +1.4932, +1.4989, +1.4938, +1.4696, +1.4474, +1.4349, +1.4068, +1.3814, +1.3727, +1.3479, +1.3477, +1.3215, +1.2985, +1.2714, +1.2343, +1.2078, +1.1728, +1.1578, +1.1315, +1.1143, +1.1079, +1.0953, +1.1087, +1.1024, +1.0959, +1.1006, +1.0716, +1.0797, +1.0828, +1.0762, +1.0695, +1.0684, +1.0735, +1.0489, +1.0475, +1.0521, +1.0421, +1.0379, +1.0408, +1.0500, +1.0481, +1.0524, +1.0715, +1.0554, +1.0451, +1.0549, +1.0488, +1.0525, +1.0518, +1.0424, +1.0331, +1.0360, +1.0327, +1.0318, +1.0102, +1.0108, +1.0060, +1.0166, +1.0187, +1.0396, +1.0303, +1.0199, +1.0040, +0.9930, +0.9860, +0.9697, +0.9689, +0.9860, +0.9719, +0.9784, +0.9691, +0.9611, +0.9594, +0.9604, +0.9591, +0.9460, +0.9808, +0.9764, +0.9534, +0.9607, +0.9564, +0.9732, +0.9710, +0.9699, +0.9821, +0.9537, +0.9815, +0.9663, +0.9662, +0.9564, +0.9727, +0.9781, +0.9512, +0.9673, +0.9640, +0.9906, +0.9845, +0.9771, +0.9835, +0.9824, +0.9883, +0.9428, +0.9561, +0.9669, +0.9787, +0.9726, +0.9790, +0.9813, +0.9765, +0.9719, +0.9659, +0.9507, +0.9211, +0.9241, +0.9740, +0.9517, +0.9716, +0.9407, +0.9664, +0.9420, +0.9363, +0.9368, +0.9403, +0.9546, +0.9290, +0.9468, +0.9565, +0.9511, +0.9503, +0.9789, +0.9774, +0.9620, +0.9516, +0.9771, +0.9826, +0.9899, +0.9772, +0.9832, +0.9977, +0.9681, +0.9251, +0.9520, +0.9501, +0.9394, +0.9418, +0.9181, +0.9117, +0.9343, +0.9289, +0.9342, +0.9388, +0.9190, +0.9560, +0.9545, +0.9545, +0.9260, +0.9093, +0.8935, +0.8846, +0.8907, +0.8892, +0.9048, +0.8934, +0.9047, +0.9178, +0.8871, +0.8999, +0.8903, +0.8676, +0.8733, +0.8750, +0.8837, +0.8938, +0.9064, +0.9275, +0.9137, +0.9123, +0.9269, +0.9384, +0.9402, +0.9200, +0.9273, +0.9155, +0.9037, +0.9271, +0.9285, +0.9064, +0.9088, +0.9079, +0.9194, +0.9186, +0.9160, +0.9109, +0.8904, +0.9044, +0.8733, +0.8974, +0.8972, +0.8750, +0.8776, +0.8797, +0.8891, +0.8964, +0.8914, +0.8888, +0.9021, +0.9145, +0.9235, +0.9492, +0.9145, +0.8954, +0.9148, +0.9370, +0.9499, +0.9052, +0.8793, +0.8972, +0.8915, +0.9106, +0.9161, +0.9248, +0.9173, +0.9270, +0.9307, +0.9284, +0.9289, +0.9148, +0.9096, +0.8964, +0.9040, +0.9406, +0.9228, +0.9259, +0.9289, +0.9482, +0.9622, +0.9625, +0.9962, +0.9755, +0.9584, +0.9518, +0.9540, +0.9632, +0.9747, +0.9426, +0.9517, +0.9611, +0.9471, +0.9658, +0.9687, +0.9764, +0.9816, +0.9694, +1.0003, +0.9785, +0.9870, +0.9342, +0.9044, +0.9415, +0.9522, +0.9687, +0.9949, +0.9703, +0.9481, +0.9507, +0.9136, +0.9004, +0.9108, +0.9276, +0.9133, +0.9069, +0.9154, +0.9318, +0.9143, +0.9325, +0.9166, +0.9150, +0.9066, +0.9037, +0.9151, +0.9102, +0.8986, +0.9154, +0.9209, +0.9182, +0.9034, +0.8862, +0.8880, +0.9163, +0.9064, +0.8902, +0.9031, +0.8985, +0.9071, +0.8929, +0.9006, +0.9075, +0.9055, +0.9019, +0.8987, +0.8899, +0.8986, +0.8944, +0.9120, +0.9081, +0.9232, +0.9191, +0.9220, +0.9246, +0.9384, +0.9153, +0.9245, +0.9365, +0.9464, +0.9335, +0.9269, +0.9164, +0.9189, +0.9128, +0.9148, +0.9065, +0.8771, +0.8934, +0.9075, +0.8961, +0.8848, +0.8912, +0.8807, +0.8905, +0.9004, +0.8973, +0.8826, +0.8790, +0.9136, +0.9024, +0.8956, +0.9229, +0.9074, +0.9230, +0.9277, +0.9239, +0.9167, +0.9104, +0.9116, +0.9264, +0.9200, +0.9394, +0.9229, +0.9310, +0.9337, +0.9294, +0.9452, +0.9586, +0.9589, +0.9401, +0.9333, +0.9415, +0.9461, +0.9636, +0.9547, +0.9452, +0.9692, +0.9716, +0.9799, +0.9867, +0.9598, +0.9653, +0.9487, +0.9661, +0.9668, +0.9491, +0.9622, +0.9915, +0.9530, +0.9215, +0.9367, +0.9370, +0.9391, +0.9539, +0.9463, +0.9483, +0.9614, +0.9569, +0.9301, +0.9208, +0.9161, +0.9346, +0.9464, +0.9453, +0.9201, +0.9317, +0.9389, +0.9462, +0.9284, +0.9549, +0.9351, +0.9290, +0.9252, +0.9420, +0.9519, +0.9517, +0.9785, +0.9706, +0.9855, +0.9710, +0.9717, +0.9831, +0.9834, +0.9613, +0.9493, +0.9842, +0.9739, +0.9626, +0.9786, +0.9430, +0.9540, +0.9709, +0.9636, +0.9776, +0.9927, +0.9844, +0.9629, +0.9631, +1.0002, +1.0069, +0.9915, +0.9797, +0.9866, +0.9861, +0.9943, +0.9609, +0.9890, +1.0120, +1.0320, +1.0305, +1.0239, +0.9796, +0.9980, +0.9787, +1.0027, +0.9977, +0.9806, +0.9868, +1.0071, +0.9887, +0.9787, +0.9671, +0.9723, +0.9902, +0.9740, +0.9773, +0.9653, +0.9737, +0.9838, +0.9655, +0.9553, +0.9800, +0.9902, +0.9803, +0.9707, +0.9902, +0.9649, +0.9443, +0.9587, +0.9914, +0.9875, +0.9584, +0.9731, +0.9734, +0.9882, +0.9754, +0.9733, +0.9807, +0.9910, +0.9805, +0.9857, +0.9839, +0.9772, +0.9828, +0.9865, +1.0040, +0.9830, +0.9740, +0.9832, +1.0119, +1.0054, +1.0169, +1.0151, +0.9956, +0.9782, +1.0184, +1.0289, +1.0076, +1.0057, +1.0056, +1.0154, +0.9893, +0.9652, +0.9754, +0.9915, +0.9957, +1.0224, +1.0060, +1.0231, +1.0202, +1.0216, +1.0078, +0.9912, +1.0125, +1.0326, +1.0125, +0.9997, +1.0065, +0.9988, +1.0000, +1.0029, +1.0111, +0.9862, +1.0074, +0.9906, +0.9945, +0.9994, +1.0066, +1.0099, +1.0010, +0.9998, +1.0089, +1.0081, +1.0117, +1.0195, +0.9979, +1.0143, +1.0043, +1.0241, +1.0235, +1.0266, +1.0349, +1.0344, +1.0190, +1.0026, +1.0129, +0.9892, +1.0271, +1.0286, +1.0151, +0.9794, +0.9760, +0.9736, +0.9904, +1.0140, +1.0076, +0.9944, +0.9948, +1.0122, +0.9980, +0.9933, +0.9803, +0.9890, +1.0214, +1.0101, +0.9876, +0.9701, +0.9802, +1.0128, +0.9907, +0.9882, +1.0070, +0.9726, +0.9761, +0.9707, +0.9712, +0.9698, +0.9771, +0.9839, +0.9679, +0.9696, +0.9574, +0.9632, +0.9802, +0.9665, +0.9666, +0.9821, +1.0079, +0.9941, +0.9632, +0.9681, +0.9678, +0.9593, +0.9553, +0.9661, +0.9839, +0.9758, +0.9771, +0.9896, +0.9827, +0.9551, +0.9355, +0.9375, +0.9644, +0.9543, +0.9618, +0.9820, +0.9830, +0.9681, +0.9516, +0.9566, +0.9717, +0.9886, +0.9681, +0.9750, +0.9610, +0.9643, +0.9827, +0.9700, +0.9694, +0.9681, +0.9570, +0.9861, +0.9818, +0.9853, +0.9635, +0.9640, +0.9561, +0.9629, +0.9525, +0.9733, +0.9813, +0.9964, +0.9740, +0.9742, +0.9655, +0.9776, +0.9808, +0.9710, +0.9652, +0.9474, +0.9627, +0.9723, +0.9642, +0.9650, +0.9632, +0.9459, +0.9596, +0.9582, +0.9881, +0.9933, +0.9789, +0.9981, +0.9779, +0.9679, +0.9465, +0.9572, +0.9442, +0.9805, +0.9808, +0.9884, +0.9537, +0.9921, +1.0096, +1.0262, +1.0051, +1.0112, +1.0328, +0.9821, +1.0030, +0.9968, +0.9881, +1.0297, +1.0210, +1.0033, +0.9919, +1.0198, +1.0119, +1.0072, +1.0079, +1.0067, +0.9910, +0.9972, +0.9977, +0.9930, +0.9839, +0.9753, +0.9944, +0.9812, +0.9760, +0.9556, +0.9499, +0.9823, +0.9973, +0.9817, +1.0027, +0.9685, +0.9879, +0.9841, +0.9936, +0.9836, +0.9931, +0.9931, +0.9973, +0.9855, +0.9941, +1.0168, +1.0216, +0.9784, +0.9861, +1.0022, +1.0006, +0.9783, +0.9973, +0.9935, +0.9984, +0.9891, +0.9599, +0.9823, +1.0279, +1.0195, +0.9848, +0.9799, +0.9946, +1.0075, +1.0145, +1.0255, +1.0035, +0.9744, +0.9970, +1.0006, +1.0138, +1.0010, +1.0224, +1.0210, +1.0041, +1.0095, +1.0225, +0.9964, +0.9873, +1.0116, +1.0112, +0.9965, +1.0084, +0.9844, +0.9915, +0.9954, +0.9969, +0.9915, +1.0317, +0.9957, +1.0004, +1.0186, +0.9896, +1.0064, +1.0138, +0.9979, +1.0139, +1.0077, +0.9926, +0.9826, +0.9986, +0.9997, +0.9740, +0.9889, +1.0160, +1.0026, +0.9982, +1.0045, +1.0050, +0.9974, +0.9924, +0.9990, +1.0045, +1.0119, +1.0119, +0.9808, +0.9916, +0.9873, +0.9893, +1.0036, +0.9988, +1.0093, +1.0025, +0.9946, +1.0078, +1.0107, +1.0023, +0.9954, +1.0040, +0.9955, +0.9793, +0.9846, +0.9974, +0.9819, +0.9761, +0.9930, +1.0104, +0.9894, +1.0062, +0.9884, +1.0063, +1.0117, +1.0157, +1.0062, +1.0014, +1.0154, +1.0223, +1.0300, +1.0125, +1.0169, +1.0151, +1.0144, +0.9874, +0.9813, +0.9881, +0.9918, +0.9954, +0.9912, +1.0076, +1.0067, +1.0214, +1.0106, +1.0112, +0.9918, +1.0018, +0.9894, +1.0111, +1.0171, +1.0233, +1.0082, +0.9825, +1.0044, +1.0114, +1.0125, +1.0130, +1.0200, +1.0227, +1.0360, +1.0328, +1.0157, +1.0162, +1.0070, +1.0011, +1.0409, +1.0173, +0.9797, +0.9837, +1.0189, +1.0131, +0.9902, +0.9873, +0.9876, +0.9784, +0.9981, +1.0241, +1.0436, +1.0232, +1.0206, +0.9967, +1.0013, +1.0016, +0.9897, +1.0122, +1.0004, +0.9996, +0.9984, +0.9834, +1.0028, +0.9870, +1.0113, +0.9985, +0.9924, +1.0016, +0.9883, +0.9565, +0.9770, +1.0074, +1.0023, +0.9974, +1.0025, +1.0212, +1.0038, +0.9944, +0.9853, +1.0004, +1.0034, +1.0148, +1.0004, +1.0233, +0.9935, +1.0167, +1.0269, +1.0025, +0.9994, +1.0086, +0.9850, +0.9953, +1.0169, +1.0125, +1.0165, +1.0133]
              t0_alloc_red: [+0.4909, +0.4877, +0.5042, +0.5165, +0.5171, +0.5276, +0.5017, +0.5050, +0.4786, +0.5055, +0.5524, +0.6364, +0.7005, +0.7344, +0.7212, +0.7324, +0.7355, +0.7275, +0.7918, +0.7043, +0.6386, +0.7062, +0.6892, +0.7201, +0.7589, +0.7850, +0.7705, +0.7599, +0.7236, +0.7870, +0.8228, +0.8328, +0.8540, +0.8753, +0.9122, +0.9287, +0.9247, +0.9387, +0.9534, +0.9610, +0.9693, +0.9771, +0.9853, +0.9818, +0.9858, +0.9910, +0.9908, +0.9954, +0.9904, +0.9912, +0.9948, +0.9955, +0.9954, +0.9991, +0.9968, +0.9957, +0.9974, +0.9992, +0.9991, +0.9987, +0.9978, +1.0000, +0.9992, +0.9996, +0.9992, +0.9988, +0.9988, +0.9984, +0.9984, +0.9992, +0.9996, +0.9992, +0.9980, +0.9996, +1.0000, +0.9984, +1.0000, +0.9992, +0.9992, +0.9992, +0.9996, +1.0000, +0.9992, +1.0000, +0.9989, +1.0000, +0.9989, +1.0000, +0.9996, +1.0000, +0.9992, +1.0000, +0.9996, +0.9989, +1.0000, +0.9996, +0.9992, +0.9996, +1.0000, +1.0000, +1.0000, +1.0000, +0.9996, +0.9992, +0.9996, +0.9993, +0.9996, +1.0000, +1.0000, +0.9996, +1.0000, +1.0000, +0.9996, +0.9996, +0.9993, +0.9993, +0.9993, +0.9996, +1.0000, +0.9996, +1.0000, +1.0000, +0.9996, +1.0000, +0.9997, +1.0000, +0.9996, +1.0000, +0.9996, +1.0000, +0.9996, +1.0000, +1.0000, +1.0000, +1.0000, +0.9993, +0.9993, +1.0000, +0.9996, +0.9996, +1.0000, +1.0000, +1.0000, +1.0000, +1.0000, +1.0000, +1.0000, +1.0000, +1.0000, +1.0000, +1.0000, +1.0000, +1.0000, +1.0000, +0.9997, +1.0000, +0.9996, +1.0000, +0.9997, +0.9993, +1.0000, +1.0000, +1.0000, +1.0000, +1.0000, +1.0000, +1.0000, +1.0000, +0.9997, +1.0000, +0.9997, +0.9997, +1.0000, +1.0000, +1.0000, +0.9997, +1.0000, +1.0000, +1.0000, +1.0000, +1.0000, +0.9996, +0.9997, +1.0000, +1.0000, +0.9997, +1.0000, +0.9994, +1.0000, +1.0000, +1.0000, +1.0000, +0.9997, +1.0000, +0.9997, +0.9997, +0.9997, +1.0000, +0.9997, +0.9997, +1.0000, +1.0000, +1.0000, +1.0000, +1.0000, +1.0000, +1.0000, +0.9997, +1.0000, +1.0000, +1.0000, +1.0000, +1.0000, +1.0000, +1.0000, +1.0000, +0.9994, +1.0000, +1.0000, +1.0000, +1.0000, +1.0000, +1.0000, +1.0000, +1.0000, +1.0000, +1.0000, +1.0000, +0.9997, +1.0000, +0.9993, +0.9997, +0.9993, +1.0000, +0.9997, +1.0000, +1.0000, +1.0000, +1.0000, +0.9997, +1.0000, +1.0000, +1.0000, +0.9997, +1.0000, +0.9993, +1.0000, +1.0000, +1.0000, +1.0000, +0.9997, +1.0000, +1.0000, +1.0000, +1.0000, +0.9997, +1.0000, +1.0000, +1.0000, +1.0000, +1.0000, +1.0000, +1.0000, +1.0000, +1.0000, +1.0000, +1.0000, +1.0000, +1.0000, +1.0000, +1.0000, +1.0000, +1.0000, +0.9996, +1.0000, +1.0000, +1.0000, +1.0000, +1.0000, +1.0000, +1.0000, +1.0000, +0.9997, +1.0000, +1.0000, +1.0000, +1.0000, +1.0000, +1.0000, +1.0000, +1.0000, +1.0000, +1.0000, +1.0000, +1.0000, +1.0000, +1.0000, +1.0000, +1.0000, +1.0000, +1.0000, +1.0000, +1.0000, +1.0000, +1.0000, +1.0000, +1.0000, +0.9997, +1.0000, +1.0000, +1.0000, +1.0000, +0.9997, +1.0000, +1.0000, +1.0000, +1.0000, +1.0000, +1.0000, +1.0000, +1.0000, +1.0000, +0.9997, +1.0000, +1.0000, +1.0000, +1.0000, +1.0000, +0.9997, +1.0000, +1.0000, +1.0000, +1.0000, +1.0000, +1.0000, +1.0000, +1.0000, +1.0000, +1.0000, +1.0000, +1.0000, +1.0000, +1.0000, +1.0000, +1.0000, +0.9997, +1.0000, +1.0000, +1.0000, +1.0000, +1.0000, +1.0000, +1.0000, +1.0000, +1.0000, +1.0000, +1.0000, +1.0000, +1.0000, +1.0000, +1.0000, +0.9997, +1.0000, +1.0000, +1.0000, +1.0000, +1.0000, +1.0000, +1.0000, +1.0000, +1.0000, +1.0000, +0.9994, +1.0000, +1.0000, +1.0000, +1.0000, +1.0000, +1.0000, +1.0000, +1.0000, +1.0000, +1.0000, +1.0000, +0.9997, +1.0000, +1.0000, +1.0000, +0.9997, +1.0000, +1.0000, +1.0000, +0.9994, +1.0000, +1.0000, +1.0000, +1.0000, +1.0000, +1.0000, +1.0000, +1.0000, +1.0000, +1.0000, +1.0000, +1.0000, +1.0000, +1.0000, +1.0000, +1.0000, +1.0000, +1.0000, +1.0000, +1.0000, +1.0000, +1.0000, +1.0000, +1.0000, +1.0000, +1.0000, +0.9997, +1.0000, +1.0000, +1.0000, +1.0000, +1.0000, +1.0000, +1.0000, +1.0000, +1.0000, +0.9997, +1.0000, +1.0000, +1.0000, +1.0000, +1.0000, +1.0000, +1.0000, +1.0000, +1.0000, +1.0000, +1.0000, +1.0000, +1.0000, +1.0000, +1.0000, +1.0000, +1.0000, +1.0000, +1.0000, +1.0000, +1.0000, +1.0000, +1.0000, +0.9997, +0.9997, +1.0000, +1.0000, +1.0000, +1.0000, +0.9997, +1.0000, +1.0000, +0.9997, +1.0000, +1.0000, +1.0000, +1.0000, +1.0000, +1.0000, +1.0000, +1.0000, +1.0000, +0.9997, +0.9997, +1.0000, +1.0000, +1.0000, +1.0000, +1.0000, +1.0000, +1.0000, +1.0000, +1.0000, +1.0000, +1.0000, +1.0000, +1.0000, +0.9997, +1.0000, +1.0000, +1.0000, +0.9997, +1.0000, +1.0000, +1.0000, +1.0000, +1.0000, +1.0000, +1.0000, +1.0000, +1.0000, +1.0000, +1.0000, +1.0000, +1.0000, +1.0000, +1.0000, +1.0000, +1.0000, +1.0000, +1.0000, +1.0000, +1.0000, +1.0000, +0.9997, +1.0000, +1.0000, +1.0000, +1.0000, +1.0000, +1.0000, +1.0000, +0.9990, +0.9997, +1.0000, +1.0000, +0.9997, +1.0000, +1.0000, +1.0000, +0.9997, +1.0000, +1.0000, +1.0000, +1.0000, +1.0000, +0.9997, +0.9997, +1.0000, +1.0000, +1.0000, +0.9994, +1.0000, +1.0000, +1.0000, +1.0000, +1.0000, +1.0000, +1.0000, +1.0000, +1.0000, +1.0000, +1.0000, +1.0000, +1.0000, +1.0000, +0.9997, +1.0000, +1.0000, +0.9997, +0.9997, +1.0000, +1.0000, +0.9994, +1.0000, +1.0000, +1.0000, +1.0000, +1.0000, +1.0000, +0.9997, +1.0000, +1.0000, +1.0000, +0.9997, +0.9997, +1.0000, +0.9997, +1.0000, +1.0000, +0.9997, +1.0000, +1.0000, +0.9997, +1.0000, +1.0000, +1.0000, +1.0000, +1.0000, +1.0000, +1.0000, +1.0000, +1.0000, +1.0000, +1.0000, +1.0000, +1.0000, +1.0000, +1.0000, +1.0000, +1.0000, +1.0000, +1.0000, +1.0000, +1.0000, +1.0000, +1.0000, +1.0000, +1.0000, +0.9997, +1.0000, +1.0000, +1.0000, +1.0000, +1.0000, +1.0000, +1.0000, +1.0000, +1.0000, +1.0000, +1.0000, +1.0000, +1.0000, +1.0000, +1.0000, +1.0000, +1.0000, +1.0000, +1.0000, +1.0000, +1.0000, +1.0000, +1.0000, +1.0000, +0.9997, +1.0000, +1.0000, +1.0000, +1.0000, +1.0000, +1.0000, +1.0000, +1.0000, +1.0000, +1.0000, +1.0000, +1.0000, +0.9994, +1.0000, +1.0000, +1.0000, +1.0000, +1.0000, +1.0000, +1.0000, +1.0000, +1.0000, +0.9994, +1.0000, +1.0000, +1.0000, +1.0000, +1.0000, +1.0000, +1.0000, +0.9997, +1.0000, +1.0000, +1.0000, +1.0000, +1.0000, +1.0000, +1.0000, +1.0000, +1.0000, +1.0000, +1.0000, +1.0000, +1.0000, +1.0000, +1.0000, +1.0000, +1.0000, +1.0000, +1.0000, +1.0000, +1.0000, +1.0000, +1.0000, +1.0000, +1.0000, +0.9997, +1.0000, +1.0000, +1.0000, +1.0000, +1.0000, +1.0000, +1.0000, +1.0000, +1.0000, +1.0000, +1.0000, +1.0000, +1.0000, +1.0000, +1.0000, +0.9997, +1.0000, +1.0000, +1.0000, +1.0000, +1.0000, +1.0000, +1.0000, +1.0000, +0.9997, +1.0000, +1.0000, +1.0000, +1.0000, +1.0000, +1.0000, +1.0000, +1.0000, +1.0000, +1.0000, +1.0000, +1.0000, +1.0000, +1.0000, +1.0000, +1.0000, +1.0000, +1.0000, +1.0000, +1.0000, +1.0000, +1.0000, +1.0000, +1.0000, +1.0000, +1.0000, +1.0000, +1.0000, +0.9997, +1.0000, +1.0000, +1.0000, +1.0000, +0.9997, +1.0000, +1.0000, +1.0000, +1.0000, +1.0000, +1.0000, +1.0000, +1.0000, +1.0000, +1.0000, +1.0000, +1.0000, +0.9997, +1.0000, +1.0000, +0.9997, +1.0000, +1.0000, +1.0000, +1.0000, +1.0000, +1.0000, +1.0000, +1.0000, +1.0000, +1.0000, +0.9997, +1.0000, +1.0000, +0.9997, +1.0000, +1.0000, +1.0000, +1.0000, +1.0000, +1.0000, +1.0000, +1.0000, +0.9997, +1.0000, +1.0000, +1.0000, +1.0000, +1.0000, +1.0000, +1.0000, +1.0000, +1.0000, +1.0000, +1.0000, +1.0000, +1.0000, +1.0000, +0.9997, +1.0000, +1.0000, +0.9994, +1.0000, +1.0000, +1.0000, +1.0000, +1.0000, +1.0000, +1.0000, +1.0000, +0.9997, +1.0000, +1.0000, +1.0000, +1.0000, +1.0000, +1.0000, +1.0000, +1.0000, +0.9997, +1.0000, +0.9997, +0.9997, +1.0000, +0.9997, +1.0000, +1.0000, +1.0000, +1.0000, +1.0000, +1.0000, +1.0000, +1.0000, +1.0000, +1.0000, +1.0000, +1.0000, +0.9997, +1.0000, +1.0000, +1.0000, +1.0000, +1.0000, +1.0000, +1.0000, +1.0000, +1.0000, +1.0000, +1.0000, +1.0000, +1.0000, +1.0000, +0.9997, +1.0000, +1.0000, +0.9997, +1.0000, +1.0000, +1.0000, +1.0000, +1.0000, +1.0000, +1.0000, +1.0000, +1.0000, +1.0000, +1.0000, +1.0000, +1.0000, +1.0000, +1.0000, +1.0000, +1.0000, +1.0000, +1.0000, +1.0000, +1.0000, +1.0000, +1.0000, +1.0000, +0.9997, +0.9997, +1.0000, +1.0000, +1.0000, +1.0000, +1.0000, +1.0000, +1.0000, +1.0000, +1.0000, +1.0000, +1.0000, +1.0000, +1.0000, +1.0000, +1.0000, +1.0000, +1.0000, +1.0000, +1.0000, +1.0000, +1.0000, +1.0000, +0.9997, +1.0000, +1.0000, +1.0000, +1.0000]
             t0_alloc_blue: [+0.5091, +0.5123, +0.4958, +0.4835, +0.4829, +0.4724, +0.4983, +0.4950, +0.5214, +0.4945, +0.4476, +0.3636, +0.2995, +0.2656, +0.2788, +0.2676, +0.2645, +0.2725, +0.2082, +0.2957, +0.3614, +0.2938, +0.3108, +0.2799, +0.2411, +0.2150, +0.2295, +0.2401, +0.2764, +0.2130, +0.1772, +0.1672, +0.1460, +0.1247, +0.0878, +0.0713, +0.0753, +0.0613, +0.0466, +0.0390, +0.0307, +0.0229, +0.0147, +0.0182, +0.0142, +0.0090, +0.0092, +0.0046, +0.0096, +0.0088, +0.0052, +0.0045, +0.0046, +0.0009, +0.0032, +0.0043, +0.0026, +0.0008, +0.0009, +0.0013, +0.0022, +0.0000, +0.0008, +0.0004, +0.0008, +0.0012, +0.0012, +0.0016, +0.0016, +0.0008, +0.0004, +0.0008, +0.0020, +0.0004, +0.0000, +0.0016, +0.0000, +0.0008, +0.0008, +0.0008, +0.0004, +0.0000, +0.0008, +0.0000, +0.0011, +0.0000, +0.0011, +0.0000, +0.0004, +0.0000, +0.0008, +0.0000, +0.0004, +0.0011, +0.0000, +0.0004, +0.0008, +0.0004, +0.0000, +0.0000, +0.0000, +0.0000, +0.0004, +0.0008, +0.0004, +0.0007, +0.0004, +0.0000, +0.0000, +0.0004, +0.0000, +0.0000, +0.0004, +0.0004, +0.0007, +0.0007, +0.0007, +0.0004, +0.0000, +0.0004, +0.0000, +0.0000, +0.0004, +0.0000, +0.0003, +0.0000, +0.0004, +0.0000, +0.0004, +0.0000, +0.0004, +0.0000, +0.0000, +0.0000, +0.0000, +0.0007, +0.0007, +0.0000, +0.0004, +0.0004, +0.0000, +0.0000, +0.0000, +0.0000, +0.0000, +0.0000, +0.0000, +0.0000, +0.0000, +0.0000, +0.0000, +0.0000, +0.0000, +0.0000, +0.0003, +0.0000, +0.0004, +0.0000, +0.0003, +0.0007, +0.0000, +0.0000, +0.0000, +0.0000, +0.0000, +0.0000, +0.0000, +0.0000, +0.0003, +0.0000, +0.0003, +0.0003, +0.0000, +0.0000, +0.0000, +0.0003, +0.0000, +0.0000, +0.0000, +0.0000, +0.0000, +0.0004, +0.0003, +0.0000, +0.0000, +0.0003, +0.0000, +0.0006, +0.0000, +0.0000, +0.0000, +0.0000, +0.0003, +0.0000, +0.0003, +0.0003, +0.0003, +0.0000, +0.0003, +0.0003, +0.0000, +0.0000, +0.0000, +0.0000, +0.0000, +0.0000, +0.0000, +0.0003, +0.0000, +0.0000, +0.0000, +0.0000, +0.0000, +0.0000, +0.0000, +0.0000, +0.0006, +0.0000, +0.0000, +0.0000, +0.0000, +0.0000, +0.0000, +0.0000, +0.0000, +0.0000, +0.0000, +0.0000, +0.0003, +0.0000, +0.0007, +0.0003, +0.0007, +0.0000, +0.0003, +0.0000, +0.0000, +0.0000, +0.0000, +0.0003, +0.0000, +0.0000, +0.0000, +0.0003, +0.0000, +0.0007, +0.0000, +0.0000, +0.0000, +0.0000, +0.0003, +0.0000, +0.0000, +0.0000, +0.0000, +0.0003, +0.0000, +0.0000, +0.0000, +0.0000, +0.0000, +0.0000, +0.0000, +0.0000, +0.0000, +0.0000, +0.0000, +0.0000, +0.0000, +0.0000, +0.0000, +0.0000, +0.0000, +0.0004, +0.0000, +0.0000, +0.0000, +0.0000, +0.0000, +0.0000, +0.0000, +0.0000, +0.0003, +0.0000, +0.0000, +0.0000, +0.0000, +0.0000, +0.0000, +0.0000, +0.0000, +0.0000, +0.0000, +0.0000, +0.0000, +0.0000, +0.0000, +0.0000, +0.0000, +0.0000, +0.0000, +0.0000, +0.0000, +0.0000, +0.0000, +0.0000, +0.0000, +0.0003, +0.0000, +0.0000, +0.0000, +0.0000, +0.0003, +0.0000, +0.0000, +0.0000, +0.0000, +0.0000, +0.0000, +0.0000, +0.0000, +0.0000, +0.0003, +0.0000, +0.0000, +0.0000, +0.0000, +0.0000, +0.0003, +0.0000, +0.0000, +0.0000, +0.0000, +0.0000, +0.0000, +0.0000, +0.0000, +0.0000, +0.0000, +0.0000, +0.0000, +0.0000, +0.0000, +0.0000, +0.0000, +0.0003, +0.0000, +0.0000, +0.0000, +0.0000, +0.0000, +0.0000, +0.0000, +0.0000, +0.0000, +0.0000, +0.0000, +0.0000, +0.0000, +0.0000, +0.0000, +0.0003, +0.0000, +0.0000, +0.0000, +0.0000, +0.0000, +0.0000, +0.0000, +0.0000, +0.0000, +0.0000, +0.0006, +0.0000, +0.0000, +0.0000, +0.0000, +0.0000, +0.0000, +0.0000, +0.0000, +0.0000, +0.0000, +0.0000, +0.0003, +0.0000, +0.0000, +0.0000, +0.0003, +0.0000, +0.0000, +0.0000, +0.0006, +0.0000, +0.0000, +0.0000, +0.0000, +0.0000, +0.0000, +0.0000, +0.0000, +0.0000, +0.0000, +0.0000, +0.0000, +0.0000, +0.0000, +0.0000, +0.0000, +0.0000, +0.0000, +0.0000, +0.0000, +0.0000, +0.0000, +0.0000, +0.0000, +0.0000, +0.0000, +0.0003, +0.0000, +0.0000, +0.0000, +0.0000, +0.0000, +0.0000, +0.0000, +0.0000, +0.0000, +0.0003, +0.0000, +0.0000, +0.0000, +0.0000, +0.0000, +0.0000, +0.0000, +0.0000, +0.0000, +0.0000, +0.0000, +0.0000, +0.0000, +0.0000, +0.0000, +0.0000, +0.0000, +0.0000, +0.0000, +0.0000, +0.0000, +0.0000, +0.0000, +0.0003, +0.0003, +0.0000, +0.0000, +0.0000, +0.0000, +0.0003, +0.0000, +0.0000, +0.0003, +0.0000, +0.0000, +0.0000, +0.0000, +0.0000, +0.0000, +0.0000, +0.0000, +0.0000, +0.0003, +0.0003, +0.0000, +0.0000, +0.0000, +0.0000, +0.0000, +0.0000, +0.0000, +0.0000, +0.0000, +0.0000, +0.0000, +0.0000, +0.0000, +0.0003, +0.0000, +0.0000, +0.0000, +0.0003, +0.0000, +0.0000, +0.0000, +0.0000, +0.0000, +0.0000, +0.0000, +0.0000, +0.0000, +0.0000, +0.0000, +0.0000, +0.0000, +0.0000, +0.0000, +0.0000, +0.0000, +0.0000, +0.0000, +0.0000, +0.0000, +0.0000, +0.0003, +0.0000, +0.0000, +0.0000, +0.0000, +0.0000, +0.0000, +0.0000, +0.0010, +0.0003, +0.0000, +0.0000, +0.0003, +0.0000, +0.0000, +0.0000, +0.0003, +0.0000, +0.0000, +0.0000, +0.0000, +0.0000, +0.0003, +0.0003, +0.0000, +0.0000, +0.0000, +0.0006, +0.0000, +0.0000, +0.0000, +0.0000, +0.0000, +0.0000, +0.0000, +0.0000, +0.0000, +0.0000, +0.0000, +0.0000, +0.0000, +0.0000, +0.0003, +0.0000, +0.0000, +0.0003, +0.0003, +0.0000, +0.0000, +0.0006, +0.0000, +0.0000, +0.0000, +0.0000, +0.0000, +0.0000, +0.0003, +0.0000, +0.0000, +0.0000, +0.0003, +0.0003, +0.0000, +0.0003, +0.0000, +0.0000, +0.0003, +0.0000, +0.0000, +0.0003, +0.0000, +0.0000, +0.0000, +0.0000, +0.0000, +0.0000, +0.0000, +0.0000, +0.0000, +0.0000, +0.0000, +0.0000, +0.0000, +0.0000, +0.0000, +0.0000, +0.0000, +0.0000, +0.0000, +0.0000, +0.0000, +0.0000, +0.0000, +0.0000, +0.0000, +0.0003, +0.0000, +0.0000, +0.0000, +0.0000, +0.0000, +0.0000, +0.0000, +0.0000, +0.0000, +0.0000, +0.0000, +0.0000, +0.0000, +0.0000, +0.0000, +0.0000, +0.0000, +0.0000, +0.0000, +0.0000, +0.0000, +0.0000, +0.0000, +0.0000, +0.0003, +0.0000, +0.0000, +0.0000, +0.0000, +0.0000, +0.0000, +0.0000, +0.0000, +0.0000, +0.0000, +0.0000, +0.0000, +0.0006, +0.0000, +0.0000, +0.0000, +0.0000, +0.0000, +0.0000, +0.0000, +0.0000, +0.0000, +0.0006, +0.0000, +0.0000, +0.0000, +0.0000, +0.0000, +0.0000, +0.0000, +0.0003, +0.0000, +0.0000, +0.0000, +0.0000, +0.0000, +0.0000, +0.0000, +0.0000, +0.0000, +0.0000, +0.0000, +0.0000, +0.0000, +0.0000, +0.0000, +0.0000, +0.0000, +0.0000, +0.0000, +0.0000, +0.0000, +0.0000, +0.0000, +0.0000, +0.0000, +0.0003, +0.0000, +0.0000, +0.0000, +0.0000, +0.0000, +0.0000, +0.0000, +0.0000, +0.0000, +0.0000, +0.0000, +0.0000, +0.0000, +0.0000, +0.0000, +0.0003, +0.0000, +0.0000, +0.0000, +0.0000, +0.0000, +0.0000, +0.0000, +0.0000, +0.0003, +0.0000, +0.0000, +0.0000, +0.0000, +0.0000, +0.0000, +0.0000, +0.0000, +0.0000, +0.0000, +0.0000, +0.0000, +0.0000, +0.0000, +0.0000, +0.0000, +0.0000, +0.0000, +0.0000, +0.0000, +0.0000, +0.0000, +0.0000, +0.0000, +0.0000, +0.0000, +0.0000, +0.0000, +0.0003, +0.0000, +0.0000, +0.0000, +0.0000, +0.0003, +0.0000, +0.0000, +0.0000, +0.0000, +0.0000, +0.0000, +0.0000, +0.0000, +0.0000, +0.0000, +0.0000, +0.0000, +0.0003, +0.0000, +0.0000, +0.0003, +0.0000, +0.0000, +0.0000, +0.0000, +0.0000, +0.0000, +0.0000, +0.0000, +0.0000, +0.0000, +0.0003, +0.0000, +0.0000, +0.0003, +0.0000, +0.0000, +0.0000, +0.0000, +0.0000, +0.0000, +0.0000, +0.0000, +0.0003, +0.0000, +0.0000, +0.0000, +0.0000, +0.0000, +0.0000, +0.0000, +0.0000, +0.0000, +0.0000, +0.0000, +0.0000, +0.0000, +0.0000, +0.0003, +0.0000, +0.0000, +0.0006, +0.0000, +0.0000, +0.0000, +0.0000, +0.0000, +0.0000, +0.0000, +0.0000, +0.0003, +0.0000, +0.0000, +0.0000, +0.0000, +0.0000, +0.0000, +0.0000, +0.0000, +0.0003, +0.0000, +0.0003, +0.0003, +0.0000, +0.0003, +0.0000, +0.0000, +0.0000, +0.0000, +0.0000, +0.0000, +0.0000, +0.0000, +0.0000, +0.0000, +0.0000, +0.0000, +0.0003, +0.0000, +0.0000, +0.0000, +0.0000, +0.0000, +0.0000, +0.0000, +0.0000, +0.0000, +0.0000, +0.0000, +0.0000, +0.0000, +0.0000, +0.0003, +0.0000, +0.0000, +0.0003, +0.0000, +0.0000, +0.0000, +0.0000, +0.0000, +0.0000, +0.0000, +0.0000, +0.0000, +0.0000, +0.0000, +0.0000, +0.0000, +0.0000, +0.0000, +0.0000, +0.0000, +0.0000, +0.0000, +0.0000, +0.0000, +0.0000, +0.0000, +0.0000, +0.0003, +0.0003, +0.0000, +0.0000, +0.0000, +0.0000, +0.0000, +0.0000, +0.0000, +0.0000, +0.0000, +0.0000, +0.0000, +0.0000, +0.0000, +0.0000, +0.0000, +0.0000, +0.0000, +0.0000, +0.0000, +0.0000, +0.0000, +0.0000, +0.0003, +0.0000, +0.0000, +0.0000, +0.0000]
[main] saved params (seed 0) -> /juice6/u/jshe/emergent_partner_grid/dev/train_logs/capability_ms64_sp02_seed1_20260928_175534.safetensors
[eval] val/familiar: layouts_dir=/juice6/u/jshe/emergent_partner_grid/dev/grids_final/layouts/val, 16 episodes/cap × 30 capability pairs...
[eval] val/familiar: round_success_overall=0.816  (n_rounds=9600)
    cap=(1,1)  succ=0.850  n_rounds=320
    cap=(1,2)  succ=0.897  n_rounds=320
    cap=(1,3)  succ=0.887  n_rounds=320
    cap=(1,7)  succ=0.788  n_rounds=320
    cap=(1,9)  succ=0.741  n_rounds=320
    cap=(2,1)  succ=0.878  n_rounds=320
    cap=(2,2)  succ=0.881  n_rounds=320
    cap=(2,3)  succ=0.875  n_rounds=320
    cap=(2,4)  succ=0.884  n_rounds=320
    cap=(2,9)  succ=0.666  n_rounds=320
    cap=(3,1)  succ=0.825  n_rounds=320
    cap=(3,2)  succ=0.816  n_rounds=320
    cap=(3,3)  succ=0.856  n_rounds=320
    cap=(3,4)  succ=0.822  n_rounds=320
    cap=(3,7)  succ=0.800  n_rounds=320
    cap=(4,2)  succ=0.831  n_rounds=320
    cap=(4,3)  succ=0.863  n_rounds=320
    cap=(4,4)  succ=0.853  n_rounds=320
    cap=(4,7)  succ=0.809  n_rounds=320
    cap=(4,9)  succ=0.731  n_rounds=320
    cap=(7,1)  succ=0.847  n_rounds=320
    cap=(7,2)  succ=0.837  n_rounds=320
    cap=(7,4)  succ=0.856  n_rounds=320
    cap=(7,7)  succ=0.809  n_rounds=320
    cap=(7,9)  succ=0.681  n_rounds=320
    cap=(9,1)  succ=0.841  n_rounds=320
    cap=(9,3)  succ=0.834  n_rounds=320
    cap=(9,4)  succ=0.788  n_rounds=320
    cap=(9,7)  succ=0.769  n_rounds=320
    cap=(9,9)  succ=0.669  n_rounds=320
[eval] val/heldout: layouts_dir=/juice6/u/jshe/emergent_partner_grid/dev/grids_final/layouts/val, 16 episodes/cap × 6 capability pairs...
[eval] val/heldout: round_success_overall=0.826  (n_rounds=1920)
    cap=(1,4)  succ=0.850  n_rounds=320
    cap=(2,7)  succ=0.778  n_rounds=320
    cap=(3,9)  succ=0.731  n_rounds=320
    cap=(4,1)  succ=0.847  n_rounds=320
    cap=(7,3)  succ=0.856  n_rounds=320
    cap=(9,2)  succ=0.891  n_rounds=320
[eval] test/familiar: layouts_dir=/juice6/u/jshe/emergent_partner_grid/dev/grids_final/layouts/test, 16 episodes/cap × 30 capability pairs...
[eval] test/familiar: round_success_overall=0.824  (n_rounds=9600)
    cap=(1,1)  succ=0.863  n_rounds=320
    cap=(1,2)  succ=0.891  n_rounds=320
    cap=(1,3)  succ=0.853  n_rounds=320
    cap=(1,7)  succ=0.806  n_rounds=320
    cap=(1,9)  succ=0.700  n_rounds=320
    cap=(2,1)  succ=0.866  n_rounds=320
    cap=(2,2)  succ=0.856  n_rounds=320
    cap=(2,3)  succ=0.831  n_rounds=320
    cap=(2,4)  succ=0.863  n_rounds=320
    cap=(2,9)  succ=0.734  n_rounds=320
    cap=(3,1)  succ=0.872  n_rounds=320
    cap=(3,2)  succ=0.844  n_rounds=320
    cap=(3,3)  succ=0.837  n_rounds=320
    cap=(3,4)  succ=0.822  n_rounds=320
    cap=(3,7)  succ=0.816  n_rounds=320
    cap=(4,2)  succ=0.797  n_rounds=320
    cap=(4,3)  succ=0.875  n_rounds=320
    cap=(4,4)  succ=0.844  n_rounds=320
    cap=(4,7)  succ=0.797  n_rounds=320
    cap=(4,9)  succ=0.741  n_rounds=320
    cap=(7,1)  succ=0.863  n_rounds=320
    cap=(7,2)  succ=0.788  n_rounds=320
    cap=(7,4)  succ=0.875  n_rounds=320
    cap=(7,7)  succ=0.837  n_rounds=320
    cap=(7,9)  succ=0.747  n_rounds=320
    cap=(9,1)  succ=0.856  n_rounds=320
    cap=(9,3)  succ=0.872  n_rounds=320
    cap=(9,4)  succ=0.853  n_rounds=320
    cap=(9,7)  succ=0.819  n_rounds=320
    cap=(9,9)  succ=0.712  n_rounds=320
[eval] test/heldout: layouts_dir=/juice6/u/jshe/emergent_partner_grid/dev/grids_final/layouts/test, 16 episodes/cap × 6 capability pairs...
[eval] test/heldout: round_success_overall=0.840  (n_rounds=1920)
    cap=(1,4)  succ=0.834  n_rounds=320
    cap=(2,7)  succ=0.834  n_rounds=320
    cap=(3,9)  succ=0.772  n_rounds=320
    cap=(4,1)  succ=0.837  n_rounds=320
    cap=(7,3)  succ=0.878  n_rounds=320
    cap=(9,2)  succ=0.884  n_rounds=320
[eval] wrote per-capability / per-round numbers -> /juice6/u/jshe/emergent_partner_grid/dev/train_logs/capability_ms64_sp02_seed1_20260928_175534_eval.json

=== done at Mon Sep 28 06:29:40 PM PDT 2026 ===
