====================================================================
  Final experiment  (job=17597702/1)
====================================================================
  communication condition : universal
  partner_z_values        : [0.1,0.3,0.5,0.7,0.9]     (|z|=5)
  rounds_per_episode      : 20
  hide_partner_until_time : 0
  augment_symmetries      : false
  train / val / test      : 1600 / 200 / 200
  expected pairings/sweep : 8000  (must be 8000)
  n_sweeps                : 256
  schedule_seed           : 2026
  layouts (train)         : /juice6/u/jshe/emergent_partner_grid/dev/grids_final/layouts/train
  layouts (val)           : /juice6/u/jshe/emergent_partner_grid/dev/grids_final/layouts/val
  layouts (test)          : /juice6/u/jshe/emergent_partner_grid/dev/grids_final/layouts/test
  TOTAL_TIMESTEPS         : 60000000
  NUM_ENVS / NUM_STEPS    : 256 / 128
  SAVE_PARAMS             : /juice6/u/jshe/emergent_partner_grid/dev/train_logs/final_universal_seed1_20260925_002403.safetensors
  GPU visible:
GPU 0: NVIDIA A100-SXM4-80GB (UUID: GPU-51d5ad85-4dd0-fb93-eb0c-d84269d568db)

[main] compiling and running 1 seed(s)...
[sweep schedule sanity check]
                      n_sweeps: 256
                           n_z: 5
                     n_layouts: 1600
            rounds_per_episode: 20
            pairings_per_sweep: 8000
            episodes_per_sweep: 400
      episodes_per_z_per_sweep: 80
                   n_eps_total: 102400
                          seed: 2026
    ✓ per sweep: 8000 total pairings, 1600 pairings per z, each layout×z exactly once
    ✓ per sweep: 80 partner episodes per z, 400 total partner episodes across all z's
[u    1] env=    32768 rsucc=0.108 n_rounds= 2146 ret=+0.000 len= 0.0 ent(t0,t>=1)=(1.099,1.609) aL=-0.0000 vL=0.0415 t0=[none=0.34 m0=0.32 m1=0.34]
[u    2] env=    65536 rsucc=0.103 n_rounds= 2281 ret=+0.000 len= 0.0 ent(t0,t>=1)=(1.098,1.609) aL=-0.0001 vL=0.0354 t0=[none=0.31 m0=0.34 m1=0.35]
[u    3] env=    98304 rsucc=0.092 n_rounds= 2242 ret=-0.851 len=289.5 ent(t0,t>=1)=(1.098,1.609) aL=-0.0000 vL=0.0381 t0=[none=0.34 m0=0.33 m1=0.33]
[u    4] env=   131072 rsucc=0.107 n_rounds= 2274 ret=+0.000 len= 0.0 ent(t0,t>=1)=(1.098,1.609) aL=-0.0001 vL=0.0345 t0=[none=0.33 m0=0.34 m1=0.33]
[u    5] env=   163840 rsucc=0.093 n_rounds= 2257 ret=-0.868 len=289.6 ent(t0,t>=1)=(1.097,1.608) aL=-0.0003 vL=0.0275 t0=[none=0.32 m0=0.34 m1=0.34]
[u    6] env=   196608 rsucc=0.109 n_rounds= 2269 ret=+0.000 len= 0.0 ent(t0,t>=1)=(1.095,1.606) aL=-0.0001 vL=0.0310 t0=[none=0.29 m0=0.35 m1=0.36]
[u    7] env=   229376 rsucc=0.106 n_rounds= 2277 ret=-0.793 len=288.8 ent(t0,t>=1)=(1.095,1.605) aL=-0.0001 vL=0.0295 t0=[none=0.30 m0=0.35 m1=0.35]
[u    8] env=   262144 rsucc=0.124 n_rounds= 2284 ret=-1.970 len=298.0 ent(t0,t>=1)=(1.092,1.603) aL=-0.0001 vL=0.0353 t0=[none=0.28 m0=0.36 m1=0.36]
[u    9] env=   294912 rsucc=0.093 n_rounds= 2266 ret=+0.049 len=282.9 ent(t0,t>=1)=(1.089,1.600) aL=-0.0002 vL=0.0261 t0=[none=0.28 m0=0.34 m1=0.38]
[u   10] env=   327680 rsucc=0.109 n_rounds= 2275 ret=-1.159 len=291.4 ent(t0,t>=1)=(1.081,1.595) aL=-0.0009 vL=0.0305 t0=[none=0.27 m0=0.38 m1=0.35]
[u   11] env=   360448 rsucc=0.107 n_rounds= 2259 ret=-0.148 len=281.1 ent(t0,t>=1)=(1.064,1.585) aL=-0.0004 vL=0.0295 t0=[none=0.23 m0=0.41 m1=0.36]
[u   12] env=   393216 rsucc=0.126 n_rounds= 2288 ret=-0.635 len=288.6 ent(t0,t>=1)=(1.059,1.586) aL=-0.0001 vL=0.0338 t0=[none=0.24 m0=0.47 m1=0.29]
[u   13] env=   425984 rsucc=0.114 n_rounds= 2261 ret=+0.000 len= 0.0 ent(t0,t>=1)=(1.038,1.579) aL=-0.0007 vL=0.0322 t0=[none=0.24 m0=0.48 m1=0.28]
[u   14] env=   458752 rsucc=0.115 n_rounds= 2287 ret=-0.580 len=288.5 ent(t0,t>=1)=(1.022,1.565) aL=-0.0004 vL=0.0317 t0=[none=0.24 m0=0.49 m1=0.26]
[u   15] env=   491520 rsucc=0.115 n_rounds= 2268 ret=+0.000 len= 0.0 ent(t0,t>=1)=(0.968,1.540) aL=-0.0012 vL=0.0313 t0=[none=0.21 m0=0.54 m1=0.25]
[u   16] env=   524288 rsucc=0.120 n_rounds= 2284 ret=-0.394 len=287.2 ent(t0,t>=1)=(0.904,1.535) aL=-0.0002 vL=0.0324 t0=[none=0.18 m0=0.62 m1=0.19]
[u   17] env=   557056 rsucc=0.116 n_rounds= 2280 ret=-1.329 len=293.1 ent(t0,t>=1)=(0.882,1.522) aL=-0.0001 vL=0.0336 t0=[none=0.15 m0=0.66 m1=0.19]
[u   18] env=   589824 rsucc=0.127 n_rounds= 2291 ret=-0.020 len=283.9 ent(t0,t>=1)=(0.914,1.520) aL=-0.0003 vL=0.0352 t0=[none=0.16 m0=0.62 m1=0.22]
[u   19] env=   622592 rsucc=0.111 n_rounds= 2270 ret=-0.691 len=289.0 ent(t0,t>=1)=(0.866,1.511) aL=-0.0001 vL=0.0303 t0=[none=0.15 m0=0.64 m1=0.21]
[u   20] env=   655360 rsucc=0.114 n_rounds= 2264 ret=+0.033 len=283.5 ent(t0,t>=1)=(0.800,1.519) aL=-0.0002 vL=0.0330 t0=[none=0.12 m0=0.71 m1=0.17]
[u   21] env=   688128 rsucc=0.111 n_rounds= 2270 ret=-0.743 len=289.4 ent(t0,t>=1)=(0.807,1.534) aL=-0.0003 vL=0.0314 t0=[none=0.13 m0=0.71 m1=0.16]
[u   22] env=   720896 rsucc=0.126 n_rounds= 2285 ret=+1.290 len=275.0 ent(t0,t>=1)=(0.729,1.526) aL=-0.0007 vL=0.0353 t0=[none=0.13 m0=0.70 m1=0.16]
[u   23] env=   753664 rsucc=0.115 n_rounds= 2269 ret=-0.428 len=287.5 ent(t0,t>=1)=(0.741,1.517) aL=-0.0007 vL=0.0317 t0=[none=0.12 m0=0.76 m1=0.12]
[u   24] env=   786432 rsucc=0.112 n_rounds= 2277 ret=-1.920 len=293.0 ent(t0,t>=1)=(0.686,1.509) aL=-0.0006 vL=0.0309 t0=[none=0.11 m0=0.74 m1=0.15]
[u   25] env=   819200 rsucc=0.118 n_rounds= 2277 ret=-0.423 len=287.4 ent(t0,t>=1)=(0.710,1.497) aL=-0.0007 vL=0.0318 t0=[none=0.10 m0=0.76 m1=0.15]
[u   26] env=   851968 rsucc=0.121 n_rounds= 2283 ret=-1.236 len=292.7 ent(t0,t>=1)=(0.699,1.478) aL=-0.0003 vL=0.0352 t0=[none=0.09 m0=0.77 m1=0.14]
[u   27] env=   884736 rsucc=0.120 n_rounds= 2279 ret=-0.132 len=284.8 ent(t0,t>=1)=(0.733,1.476) aL=-0.0007 vL=0.0338 t0=[none=0.07 m0=0.74 m1=0.18]
[u   28] env=   917504 rsucc=0.109 n_rounds= 2269 ret=-0.747 len=289.2 ent(t0,t>=1)=(0.776,1.476) aL=-0.0004 vL=0.0286 t0=[none=0.08 m0=0.73 m1=0.18]
[u   29] env=   950272 rsucc=0.124 n_rounds= 2276 ret=-0.451 len=286.2 ent(t0,t>=1)=(0.737,1.484) aL=-0.0006 vL=0.0355 t0=[none=0.09 m0=0.69 m1=0.23]
[u   30] env=   983040 rsucc=0.108 n_rounds= 2274 ret=-0.540 len=288.8 ent(t0,t>=1)=(0.737,1.484) aL=-0.0008 vL=0.0296 t0=[none=0.08 m0=0.72 m1=0.19]
[u   31] env=  1015808 rsucc=0.108 n_rounds= 2278 ret=-0.646 len=286.8 ent(t0,t>=1)=(0.704,1.469) aL=-0.0006 vL=0.0308 t0=[none=0.08 m0=0.74 m1=0.18]
[u   32] env=  1048576 rsucc=0.124 n_rounds= 2281 ret=-0.636 len=288.0 ent(t0,t>=1)=(0.729,1.451) aL=-0.0013 vL=0.0334 t0=[none=0.07 m0=0.73 m1=0.19]
[u   33] env=  1081344 rsucc=0.116 n_rounds= 2276 ret=-1.260 len=294.3 ent(t0,t>=1)=(0.778,1.435) aL=-0.0011 vL=0.0323 t0=[none=0.07 m0=0.75 m1=0.19]
[u   34] env=  1114112 rsucc=0.119 n_rounds= 2293 ret=-0.329 len=286.4 ent(t0,t>=1)=(0.849,1.445) aL=-0.0006 vL=0.0339 t0=[none=0.09 m0=0.66 m1=0.25]
[u   35] env=  1146880 rsucc=0.123 n_rounds= 2268 ret=-0.627 len=290.0 ent(t0,t>=1)=(0.868,1.469) aL=-0.0009 vL=0.0324 t0=[none=0.08 m0=0.61 m1=0.30]
[u   36] env=  1179648 rsucc=0.124 n_rounds= 2285 ret=-0.277 len=286.4 ent(t0,t>=1)=(0.838,1.462) aL=-0.0004 vL=0.0340 t0=[none=0.10 m0=0.61 m1=0.29]
[u   37] env=  1212416 rsucc=0.123 n_rounds= 2283 ret=-0.589 len=288.2 ent(t0,t>=1)=(0.763,1.443) aL=-0.0010 vL=0.0317 t0=[none=0.07 m0=0.66 m1=0.26]
[u   38] env=  1245184 rsucc=0.108 n_rounds= 2273 ret=-0.062 len=285.7 ent(t0,t>=1)=(0.675,1.437) aL=-0.0008 vL=0.0294 t0=[none=0.07 m0=0.73 m1=0.20]
[u   39] env=  1277952 rsucc=0.144 n_rounds= 2303 ret=-0.637 len=288.6 ent(t0,t>=1)=(0.662,1.451) aL=-0.0013 vL=0.0379 t0=[none=0.07 m0=0.75 m1=0.18]
[u   40] env=  1310720 rsucc=0.133 n_rounds= 2281 ret=+1.259 len=278.1 ent(t0,t>=1)=(0.557,1.447) aL=-0.0017 vL=0.0351 t0=[none=0.06 m0=0.81 m1=0.14]
[u   41] env=  1343488 rsucc=0.144 n_rounds= 2301 ret=-0.061 len=285.6 ent(t0,t>=1)=(0.558,1.433) aL=-0.0027 vL=0.0376 t0=[none=0.07 m0=0.80 m1=0.14]
[u   42] env=  1376256 rsucc=0.159 n_rounds= 2295 ret=-0.180 len=287.3 ent(t0,t>=1)=(0.481,1.408) aL=-0.0045 vL=0.0409 t0=[none=0.04 m0=0.86 m1=0.10]
[u   43] env=  1409024 rsucc=0.182 n_rounds= 2317 ret=+0.467 len=283.8 ent(t0,t>=1)=(0.467,1.376) aL=-0.0052 vL=0.0458 t0=[none=0.05 m0=0.83 m1=0.12]
[u   44] env=  1441792 rsucc=0.202 n_rounds= 2344 ret=+0.154 len=287.6 ent(t0,t>=1)=(0.375,1.335) aL=-0.0057 vL=0.0516 t0=[none=0.04 m0=0.87 m1=0.09]
[u   45] env=  1474560 rsucc=0.252 n_rounds= 2384 ret=+2.127 len=275.9 ent(t0,t>=1)=(0.372,1.309) aL=-0.0057 vL=0.0668 t0=[none=0.04 m0=0.88 m1=0.08]
[u   46] env=  1507328 rsucc=0.296 n_rounds= 2446 ret=+1.291 len=280.5 ent(t0,t>=1)=(0.298,1.267) aL=-0.0073 vL=0.0812 t0=[none=0.03 m0=0.90 m1=0.07]
[u   47] env=  1540096 rsucc=0.359 n_rounds= 2511 ret=+3.848 len=265.2 ent(t0,t>=1)=(0.284,1.233) aL=-0.0066 vL=0.0936 t0=[none=0.03 m0=0.92 m1=0.05]
[u   48] env=  1572864 rsucc=0.420 n_rounds= 2533 ret=+3.797 len=268.0 ent(t0,t>=1)=(0.222,1.181) aL=-0.0059 vL=0.1071 t0=[none=0.03 m0=0.93 m1=0.04]
[u   49] env=  1605632 rsucc=0.464 n_rounds= 2626 ret=+6.786 len=251.0 ent(t0,t>=1)=(0.191,1.141) aL=-0.0046 vL=0.1223 t0=[none=0.02 m0=0.95 m1=0.04]
[u   50] env=  1638400 rsucc=0.514 n_rounds= 2687 ret=+6.288 len=255.4 ent(t0,t>=1)=(0.155,1.104) aL=-0.0043 vL=0.1524 t0=[none=0.03 m0=0.95 m1=0.02]
[u   51] env=  1671168 rsucc=0.543 n_rounds= 2740 ret=+8.240 len=239.9 ent(t0,t>=1)=(0.131,1.048) aL=-0.0061 vL=0.1657 t0=[none=0.02 m0=0.96 m1=0.01]
[u   52] env=  1703936 rsucc=0.590 n_rounds= 2806 ret=+8.002 len=245.9 ent(t0,t>=1)=(0.094,1.007) aL=-0.0064 vL=0.1797 t0=[none=0.01 m0=0.97 m1=0.01]
[u   53] env=  1736704 rsucc=0.610 n_rounds= 2851 ret=+9.833 len=232.0 ent(t0,t>=1)=(0.096,0.962) aL=-0.0031 vL=0.1823 t0=[none=0.02 m0=0.97 m1=0.01]
[u   54] env=  1769472 rsucc=0.631 n_rounds= 2936 ret=+9.768 len=229.5 ent(t0,t>=1)=(0.063,0.921) aL=-0.0043 vL=0.2055 t0=[none=0.01 m0=0.99 m1=0.00]
[u   55] env=  1802240 rsucc=0.636 n_rounds= 2949 ret=+10.377 len=224.3 ent(t0,t>=1)=(0.063,0.894) aL=-0.0051 vL=0.2249 t0=[none=0.01 m0=0.98 m1=0.01]
[u   56] env=  1835008 rsucc=0.668 n_rounds= 2997 ret=+11.226 len=219.0 ent(t0,t>=1)=(0.043,0.866) aL=-0.0037 vL=0.2253 t0=[none=0.01 m0=0.99 m1=0.00]
[u   57] env=  1867776 rsucc=0.658 n_rounds= 3017 ret=+10.939 len=221.0 ent(t0,t>=1)=(0.044,0.843) aL=-0.0052 vL=0.2391 t0=[none=0.01 m0=0.99 m1=0.00]
[u   58] env=  1900544 rsucc=0.672 n_rounds= 3049 ret=+11.474 len=214.9 ent(t0,t>=1)=(0.033,0.808) aL=-0.0032 vL=0.2627 t0=[none=0.01 m0=0.99 m1=0.00]
[u   59] env=  1933312 rsucc=0.665 n_rounds= 3029 ret=+11.066 len=218.1 ent(t0,t>=1)=(0.029,0.796) aL=-0.0032 vL=0.2340 t0=[none=0.00 m0=0.99 m1=0.00]
[u   60] env=  1966080 rsucc=0.649 n_rounds= 3018 ret=+11.303 len=215.3 ent(t0,t>=1)=(0.028,0.784) aL=-0.0034 vL=0.2743 t0=[none=0.01 m0=0.99 m1=0.00]
[u   61] env=  1998848 rsucc=0.670 n_rounds= 3055 ret=+11.171 len=214.7 ent(t0,t>=1)=(0.025,0.766) aL=-0.0037 vL=0.2431 t0=[none=0.00 m0=0.99 m1=0.00]
[u   62] env=  2031616 rsucc=0.691 n_rounds= 3088 ret=+11.338 len=215.7 ent(t0,t>=1)=(0.024,0.757) aL=-0.0029 vL=0.2863 t0=[none=0.01 m0=0.99 m1=0.00]
[u   63] env=  2064384 rsucc=0.687 n_rounds= 3086 ret=+11.710 len=211.8 ent(t0,t>=1)=(0.021,0.728) aL=-0.0022 vL=0.2783 t0=[none=0.00 m0=0.99 m1=0.00]
[u   64] env=  2097152 rsucc=0.694 n_rounds= 3136 ret=+11.672 len=213.1 ent(t0,t>=1)=(0.018,0.713) aL=-0.0035 vL=0.2627 t0=[none=0.00 m0=1.00 m1=0.00]
[u   65] env=  2129920 rsucc=0.699 n_rounds= 3110 ret=+11.902 len=210.6 ent(t0,t>=1)=(0.021,0.728) aL=-0.0042 vL=0.3063 t0=[none=0.00 m0=1.00 m1=0.00]
[u   66] env=  2162688 rsucc=0.685 n_rounds= 3108 ret=+12.168 len=208.9 ent(t0,t>=1)=(0.019,0.719) aL=-0.0040 vL=0.2559 t0=[none=0.00 m0=1.00 m1=0.00]
[u   67] env=  2195456 rsucc=0.692 n_rounds= 3095 ret=+11.637 len=212.5 ent(t0,t>=1)=(0.020,0.711) aL=-0.0013 vL=0.2822 t0=[none=0.00 m0=1.00 m1=0.00]
[u   68] env=  2228224 rsucc=0.687 n_rounds= 3102 ret=+11.952 len=210.3 ent(t0,t>=1)=(0.016,0.731) aL=-0.0044 vL=0.2825 t0=[none=0.00 m0=1.00 m1=0.00]
[u   69] env=  2260992 rsucc=0.707 n_rounds= 3145 ret=+11.647 len=212.0 ent(t0,t>=1)=(0.013,0.717) aL=-0.0033 vL=0.2957 t0=[none=0.00 m0=1.00 m1=0.00]
[u   70] env=  2293760 rsucc=0.703 n_rounds= 3134 ret=+12.244 len=208.3 ent(t0,t>=1)=(0.015,0.720) aL=-0.0028 vL=0.3262 t0=[none=0.00 m0=1.00 m1=0.00]
[u   71] env=  2326528 rsucc=0.699 n_rounds= 3116 ret=+12.054 len=209.3 ent(t0,t>=1)=(0.014,0.724) aL=-0.0041 vL=0.2721 t0=[none=0.00 m0=1.00 m1=0.00]
[u   72] env=  2359296 rsucc=0.697 n_rounds= 3116 ret=+11.994 len=211.4 ent(t0,t>=1)=(0.014,0.738) aL=-0.0043 vL=0.2909 t0=[none=0.00 m0=1.00 m1=0.00]
[u   73] env=  2392064 rsucc=0.714 n_rounds= 3152 ret=+12.150 len=208.2 ent(t0,t>=1)=(0.015,0.735) aL=-0.0034 vL=0.3399 t0=[none=0.00 m0=0.99 m1=0.00]
[u   74] env=  2424832 rsucc=0.706 n_rounds= 3168 ret=+12.071 len=209.0 ent(t0,t>=1)=(0.016,0.710) aL=-0.0031 vL=0.3037 t0=[none=0.00 m0=0.99 m1=0.00]
[u   75] env=  2457600 rsucc=0.709 n_rounds= 3150 ret=+12.357 len=206.7 ent(t0,t>=1)=(0.015,0.711) aL=-0.0019 vL=0.2637 t0=[none=0.00 m0=1.00 m1=0.00]
[u   76] env=  2490368 rsucc=0.708 n_rounds= 3169 ret=+12.275 len=206.2 ent(t0,t>=1)=(0.016,0.696) aL=-0.0030 vL=0.2495 t0=[none=0.00 m0=0.99 m1=0.00]
[u   77] env=  2523136 rsucc=0.715 n_rounds= 3179 ret=+12.292 len=208.0 ent(t0,t>=1)=(0.016,0.690) aL=-0.0026 vL=0.2698 t0=[none=0.00 m0=1.00 m1=0.00]
[u   78] env=  2555904 rsucc=0.717 n_rounds= 3182 ret=+12.403 len=205.8 ent(t0,t>=1)=(0.017,0.686) aL=-0.0021 vL=0.2564 t0=[none=0.00 m0=1.00 m1=0.00]
[u   79] env=  2588672 rsucc=0.733 n_rounds= 3212 ret=+12.578 len=205.7 ent(t0,t>=1)=(0.016,0.686) aL=-0.0030 vL=0.2466 t0=[none=0.00 m0=1.00 m1=0.00]
[u   80] env=  2621440 rsucc=0.724 n_rounds= 3228 ret=+12.401 len=205.5 ent(t0,t>=1)=(0.016,0.666) aL=-0.0032 vL=0.2980 t0=[none=0.00 m0=1.00 m1=0.00]
[u   81] env=  2654208 rsucc=0.727 n_rounds= 3233 ret=+12.862 len=201.4 ent(t0,t>=1)=(0.015,0.683) aL=-0.0031 vL=0.2779 t0=[none=0.00 m0=0.99 m1=0.00]
[u   82] env=  2686976 rsucc=0.717 n_rounds= 3209 ret=+12.648 len=203.2 ent(t0,t>=1)=(0.015,0.678) aL=-0.0012 vL=0.2416 t0=[none=0.00 m0=1.00 m1=0.00]
[u   83] env=  2719744 rsucc=0.732 n_rounds= 3250 ret=+12.446 len=203.9 ent(t0,t>=1)=(0.014,0.666) aL=-0.0030 vL=0.2337 t0=[none=0.01 m0=0.99 m1=0.00]
[u   84] env=  2752512 rsucc=0.737 n_rounds= 3241 ret=+12.807 len=201.7 ent(t0,t>=1)=(0.015,0.665) aL=-0.0004 vL=0.2478 t0=[none=0.00 m0=1.00 m1=0.00]
[u   85] env=  2785280 rsucc=0.722 n_rounds= 3207 ret=+12.700 len=203.2 ent(t0,t>=1)=(0.015,0.668) aL=-0.0047 vL=0.2037 t0=[none=0.00 m0=0.99 m1=0.00]
[u   86] env=  2818048 rsucc=0.740 n_rounds= 3245 ret=+12.770 len=202.5 ent(t0,t>=1)=(0.015,0.658) aL=+0.0004 vL=0.2312 t0=[none=0.00 m0=0.99 m1=0.00]
[u   87] env=  2850816 rsucc=0.739 n_rounds= 3247 ret=+12.959 len=201.3 ent(t0,t>=1)=(0.013,0.651) aL=-0.0038 vL=0.2463 t0=[none=0.00 m0=1.00 m1=0.00]
[u   88] env=  2883584 rsucc=0.745 n_rounds= 3269 ret=+12.943 len=202.7 ent(t0,t>=1)=(0.013,0.631) aL=-0.0021 vL=0.2154 t0=[none=0.00 m0=1.00 m1=0.00]
[u   89] env=  2916352 rsucc=0.746 n_rounds= 3284 ret=+13.107 len=198.3 ent(t0,t>=1)=(0.011,0.621) aL=-0.0007 vL=0.2704 t0=[none=0.01 m0=0.99 m1=0.00]
[u   90] env=  2949120 rsucc=0.721 n_rounds= 3217 ret=+12.978 len=200.6 ent(t0,t>=1)=(0.012,0.612) aL=-0.0001 vL=0.2277 t0=[none=0.00 m0=1.00 m1=0.00]
[u   91] env=  2981888 rsucc=0.729 n_rounds= 3225 ret=+12.453 len=205.3 ent(t0,t>=1)=(0.012,0.621) aL=-0.0032 vL=0.1951 t0=[none=0.01 m0=0.99 m1=0.00]
[u   92] env=  3014656 rsucc=0.754 n_rounds= 3310 ret=+12.782 len=201.5 ent(t0,t>=1)=(0.013,0.614) aL=+0.0005 vL=0.2252 t0=[none=0.00 m0=1.00 m1=0.00]
[u   93] env=  3047424 rsucc=0.750 n_rounds= 3292 ret=+13.045 len=200.2 ent(t0,t>=1)=(0.010,0.620) aL=-0.0038 vL=0.2229 t0=[none=0.00 m0=1.00 m1=0.00]
[u   94] env=  3080192 rsucc=0.759 n_rounds= 3304 ret=+13.408 len=197.2 ent(t0,t>=1)=(0.009,0.612) aL=-0.0014 vL=0.2337 t0=[none=0.00 m0=1.00 m1=0.00]
[u   95] env=  3112960 rsucc=0.768 n_rounds= 3311 ret=+13.398 len=198.4 ent(t0,t>=1)=(0.009,0.610) aL=-0.0021 vL=0.2668 t0=[none=0.00 m0=1.00 m1=0.00]
[u   96] env=  3145728 rsucc=0.750 n_rounds= 3298 ret=+13.548 len=196.9 ent(t0,t>=1)=(0.011,0.609) aL=-0.0039 vL=0.2423 t0=[none=0.00 m0=1.00 m1=0.00]
[u   97] env=  3178496 rsucc=0.758 n_rounds= 3310 ret=+13.041 len=199.8 ent(t0,t>=1)=(0.010,0.622) aL=-0.0033 vL=0.2342 t0=[none=0.00 m0=1.00 m1=0.00]
[u   98] env=  3211264 rsucc=0.774 n_rounds= 3317 ret=+13.555 len=197.4 ent(t0,t>=1)=(0.010,0.615) aL=-0.0035 vL=0.2464 t0=[none=0.01 m0=0.99 m1=0.00]
[u   99] env=  3244032 rsucc=0.766 n_rounds= 3298 ret=+13.468 len=198.7 ent(t0,t>=1)=(0.011,0.617) aL=-0.0028 vL=0.2446 t0=[none=0.00 m0=1.00 m1=0.00]
[u  100] env=  3276800 rsucc=0.772 n_rounds= 3297 ret=+13.536 len=199.5 ent(t0,t>=1)=(0.011,0.629) aL=-0.0052 vL=0.2591 t0=[none=0.00 m0=1.00 m1=0.00]
[u  101] env=  3309568 rsucc=0.765 n_rounds= 3304 ret=+13.510 len=198.3 ent(t0,t>=1)=(0.010,0.626) aL=-0.0026 vL=0.2776 t0=[none=0.00 m0=0.99 m1=0.00]
[u  102] env=  3342336 rsucc=0.754 n_rounds= 3286 ret=+13.450 len=198.4 ent(t0,t>=1)=(0.013,0.638) aL=-0.0019 vL=0.2364 t0=[none=0.01 m0=0.99 m1=0.00]
[u  103] env=  3375104 rsucc=0.754 n_rounds= 3286 ret=+13.264 len=199.0 ent(t0,t>=1)=(0.018,0.647) aL=-0.0002 vL=0.3392 t0=[none=0.01 m0=0.99 m1=0.00]
[u  104] env=  3407872 rsucc=0.745 n_rounds= 3256 ret=+13.071 len=200.0 ent(t0,t>=1)=(0.020,0.644) aL=+0.0020 vL=0.2900 t0=[none=0.01 m0=0.99 m1=0.00]
[u  105] env=  3440640 rsucc=0.758 n_rounds= 3269 ret=+13.369 len=199.9 ent(t0,t>=1)=(0.017,0.644) aL=-0.0036 vL=0.2769 t0=[none=0.01 m0=0.99 m1=0.00]
[u  106] env=  3473408 rsucc=0.772 n_rounds= 3316 ret=+13.268 len=200.6 ent(t0,t>=1)=(0.017,0.644) aL=-0.0024 vL=0.2559 t0=[none=0.01 m0=0.99 m1=0.00]
[u  107] env=  3506176 rsucc=0.760 n_rounds= 3303 ret=+13.368 len=198.6 ent(t0,t>=1)=(0.014,0.642) aL=+0.0003 vL=0.2609 t0=[none=0.00 m0=0.99 m1=0.00]
[u  108] env=  3538944 rsucc=0.738 n_rounds= 3255 ret=+13.272 len=199.1 ent(t0,t>=1)=(0.014,0.643) aL=-0.0037 vL=0.2653 t0=[none=0.01 m0=0.99 m1=0.00]
[u  109] env=  3571712 rsucc=0.766 n_rounds= 3327 ret=+13.287 len=198.6 ent(t0,t>=1)=(0.013,0.633) aL=-0.0052 vL=0.2279 t0=[none=0.00 m0=1.00 m1=0.00]
[u  110] env=  3604480 rsucc=0.782 n_rounds= 3388 ret=+13.500 len=197.4 ent(t0,t>=1)=(0.012,0.613) aL=-0.0060 vL=0.2278 t0=[none=0.00 m0=1.00 m1=0.00]
[u  111] env=  3637248 rsucc=0.788 n_rounds= 3366 ret=+13.918 len=194.6 ent(t0,t>=1)=(0.010,0.610) aL=-0.0051 vL=0.2045 t0=[none=0.00 m0=1.00 m1=0.00]
[u  112] env=  3670016 rsucc=0.782 n_rounds= 3372 ret=+13.944 len=193.2 ent(t0,t>=1)=(0.008,0.607) aL=-0.0020 vL=0.2280 t0=[none=0.00 m0=0.99 m1=0.00]
[u  113] env=  3702784 rsucc=0.793 n_rounds= 3420 ret=+13.910 len=193.6 ent(t0,t>=1)=(0.010,0.600) aL=-0.0042 vL=0.2344 t0=[none=0.00 m0=1.00 m1=0.00]
[u  114] env=  3735552 rsucc=0.799 n_rounds= 3440 ret=+14.220 len=191.6 ent(t0,t>=1)=(0.007,0.577) aL=-0.0009 vL=0.2723 t0=[none=0.00 m0=1.00 m1=0.00]
[u  115] env=  3768320 rsucc=0.776 n_rounds= 3367 ret=+13.880 len=193.1 ent(t0,t>=1)=(0.006,0.594) aL=-0.0033 vL=0.2683 t0=[none=0.00 m0=1.00 m1=0.00]
[u  116] env=  3801088 rsucc=0.793 n_rounds= 3390 ret=+13.832 len=193.4 ent(t0,t>=1)=(0.007,0.578) aL=-0.0029 vL=0.2959 t0=[none=0.00 m0=1.00 m1=0.00]
[u  117] env=  3833856 rsucc=0.792 n_rounds= 3429 ret=+14.274 len=192.1 ent(t0,t>=1)=(0.008,0.581) aL=-0.0039 vL=0.2734 t0=[none=0.00 m0=1.00 m1=0.00]
[u  118] env=  3866624 rsucc=0.786 n_rounds= 3413 ret=+13.998 len=191.4 ent(t0,t>=1)=(0.009,0.579) aL=-0.0057 vL=0.3065 t0=[none=0.00 m0=0.99 m1=0.00]
[u  119] env=  3899392 rsucc=0.801 n_rounds= 3417 ret=+14.040 len=192.8 ent(t0,t>=1)=(0.009,0.573) aL=-0.0046 vL=0.2771 t0=[none=0.00 m0=1.00 m1=0.00]
[u  120] env=  3932160 rsucc=0.791 n_rounds= 3414 ret=+14.222 len=191.6 ent(t0,t>=1)=(0.008,0.552) aL=-0.0065 vL=0.2724 t0=[none=0.00 m0=1.00 m1=0.00]
[u  121] env=  3964928 rsucc=0.794 n_rounds= 3427 ret=+14.047 len=191.4 ent(t0,t>=1)=(0.008,0.554) aL=-0.0036 vL=0.2760 t0=[none=0.00 m0=1.00 m1=0.00]
[u  122] env=  3997696 rsucc=0.802 n_rounds= 3448 ret=+14.254 len=189.4 ent(t0,t>=1)=(0.007,0.551) aL=-0.0051 vL=0.2752 t0=[none=0.00 m0=0.99 m1=0.00]
[u  123] env=  4030464 rsucc=0.810 n_rounds= 3467 ret=+14.459 len=190.5 ent(t0,t>=1)=(0.007,0.561) aL=-0.0056 vL=0.2458 t0=[none=0.00 m0=1.00 m1=0.00]
[u  124] env=  4063232 rsucc=0.809 n_rounds= 3449 ret=+14.170 len=190.9 ent(t0,t>=1)=(0.005,0.558) aL=-0.0029 vL=0.2675 t0=[none=0.00 m0=1.00 m1=0.00]
[u  125] env=  4096000 rsucc=0.819 n_rounds= 3459 ret=+14.689 len=188.7 ent(t0,t>=1)=(0.004,0.542) aL=-0.0048 vL=0.2533 t0=[none=0.00 m0=1.00 m1=0.00]
[u  126] env=  4128768 rsucc=0.815 n_rounds= 3456 ret=+14.590 len=190.1 ent(t0,t>=1)=(0.004,0.556) aL=-0.0034 vL=0.2855 t0=[none=0.00 m0=1.00 m1=0.00]
[u  127] env=  4161536 rsucc=0.820 n_rounds= 3508 ret=+14.641 len=187.8 ent(t0,t>=1)=(0.004,0.552) aL=-0.0055 vL=0.2767 t0=[none=0.00 m0=1.00 m1=0.00]
[u  128] env=  4194304 rsucc=0.818 n_rounds= 3498 ret=+14.515 len=188.3 ent(t0,t>=1)=(0.003,0.544) aL=-0.0057 vL=0.2475 t0=[none=0.00 m0=1.00 m1=0.00]
[u  129] env=  4227072 rsucc=0.815 n_rounds= 3513 ret=+14.544 len=187.4 ent(t0,t>=1)=(0.004,0.549) aL=-0.0034 vL=0.2718 t0=[none=0.00 m0=1.00 m1=0.00]
[u  130] env=  4259840 rsucc=0.820 n_rounds= 3504 ret=+14.648 len=186.9 ent(t0,t>=1)=(0.004,0.558) aL=-0.0024 vL=0.3001 t0=[none=0.00 m0=1.00 m1=0.00]
[u  131] env=  4292608 rsucc=0.816 n_rounds= 3519 ret=+14.819 len=185.9 ent(t0,t>=1)=(0.003,0.546) aL=-0.0016 vL=0.2986 t0=[none=0.00 m0=1.00 m1=0.00]
[u  132] env=  4325376 rsucc=0.819 n_rounds= 3510 ret=+14.491 len=188.3 ent(t0,t>=1)=(0.003,0.559) aL=-0.0036 vL=0.2415 t0=[none=0.00 m0=1.00 m1=0.00]
[u  133] env=  4358144 rsucc=0.826 n_rounds= 3501 ret=+14.815 len=185.9 ent(t0,t>=1)=(0.004,0.554) aL=-0.0024 vL=0.2458 t0=[none=0.00 m0=1.00 m1=0.00]
[u  134] env=  4390912 rsucc=0.811 n_rounds= 3470 ret=+14.650 len=187.5 ent(t0,t>=1)=(0.004,0.570) aL=-0.0047 vL=0.2185 t0=[none=0.00 m0=1.00 m1=0.00]
[u  135] env=  4423680 rsucc=0.814 n_rounds= 3487 ret=+14.714 len=186.8 ent(t0,t>=1)=(0.004,0.554) aL=-0.0043 vL=0.2453 t0=[none=0.00 m0=1.00 m1=0.00]
[u  136] env=  4456448 rsucc=0.822 n_rounds= 3488 ret=+14.565 len=188.2 ent(t0,t>=1)=(0.003,0.552) aL=-0.0038 vL=0.2320 t0=[none=0.00 m0=1.00 m1=0.00]
[u  137] env=  4489216 rsucc=0.831 n_rounds= 3525 ret=+14.793 len=188.3 ent(t0,t>=1)=(0.003,0.555) aL=-0.0053 vL=0.2861 t0=[none=0.00 m0=1.00 m1=0.00]
[u  138] env=  4521984 rsucc=0.821 n_rounds= 3483 ret=+14.969 len=185.2 ent(t0,t>=1)=(0.003,0.552) aL=-0.0041 vL=0.2927 t0=[none=0.00 m0=1.00 m1=0.00]
[u  139] env=  4554752 rsucc=0.833 n_rounds= 3515 ret=+14.586 len=188.3 ent(t0,t>=1)=(0.003,0.550) aL=-0.0067 vL=0.2404 t0=[none=0.00 m0=1.00 m1=0.00]
[u  140] env=  4587520 rsucc=0.833 n_rounds= 3552 ret=+14.983 len=186.7 ent(t0,t>=1)=(0.003,0.541) aL=-0.0041 vL=0.2600 t0=[none=0.00 m0=1.00 m1=0.00]
[u  141] env=  4620288 rsucc=0.822 n_rounds= 3508 ret=+14.959 len=185.0 ent(t0,t>=1)=(0.003,0.543) aL=-0.0049 vL=0.2495 t0=[none=0.00 m0=1.00 m1=0.00]
[u  142] env=  4653056 rsucc=0.823 n_rounds= 3487 ret=+14.727 len=187.2 ent(t0,t>=1)=(0.003,0.551) aL=-0.0040 vL=0.2980 t0=[none=0.00 m0=1.00 m1=0.00]
[u  143] env=  4685824 rsucc=0.822 n_rounds= 3452 ret=+14.802 len=187.9 ent(t0,t>=1)=(0.002,0.544) aL=-0.0025 vL=0.2541 t0=[none=0.00 m0=1.00 m1=0.00]
[u  144] env=  4718592 rsucc=0.839 n_rounds= 3568 ret=+14.816 len=188.0 ent(t0,t>=1)=(0.003,0.517) aL=+0.0023 vL=0.3354 t0=[none=0.00 m0=1.00 m1=0.00]
[u  145] env=  4751360 rsucc=0.838 n_rounds= 3572 ret=+15.015 len=184.1 ent(t0,t>=1)=(0.003,0.526) aL=+0.0031 vL=0.3338 t0=[none=0.00 m0=1.00 m1=0.00]
[u  146] env=  4784128 rsucc=0.818 n_rounds= 3511 ret=+15.135 len=184.7 ent(t0,t>=1)=(0.003,0.547) aL=-0.0053 vL=0.3169 t0=[none=0.00 m0=1.00 m1=0.00]
[u  147] env=  4816896 rsucc=0.832 n_rounds= 3572 ret=+14.661 len=185.1 ent(t0,t>=1)=(0.002,0.524) aL=-0.0007 vL=0.3035 t0=[none=0.00 m0=1.00 m1=0.00]
[u  148] env=  4849664 rsucc=0.840 n_rounds= 3561 ret=+15.014 len=183.9 ent(t0,t>=1)=(0.002,0.519) aL=-0.0045 vL=0.3627 t0=[none=0.00 m0=1.00 m1=0.00]
[u  149] env=  4882432 rsucc=0.835 n_rounds= 3570 ret=+15.228 len=182.1 ent(t0,t>=1)=(0.002,0.514) aL=-0.0037 vL=0.4041 t0=[none=0.00 m0=1.00 m1=0.00]
[u  150] env=  4915200 rsucc=0.839 n_rounds= 3562 ret=+15.075 len=184.9 ent(t0,t>=1)=(0.002,0.521) aL=-0.0045 vL=0.3405 t0=[none=0.00 m0=1.00 m1=0.00]
[u  151] env=  4947968 rsucc=0.837 n_rounds= 3556 ret=+14.935 len=184.3 ent(t0,t>=1)=(0.002,0.524) aL=-0.0058 vL=0.4039 t0=[none=0.00 m0=1.00 m1=0.00]
[u  152] env=  4980736 rsucc=0.841 n_rounds= 3575 ret=+15.156 len=182.9 ent(t0,t>=1)=(0.002,0.518) aL=-0.0069 vL=0.4459 t0=[none=0.00 m0=1.00 m1=0.00]
[u  153] env=  5013504 rsucc=0.850 n_rounds= 3618 ret=+15.332 len=183.1 ent(t0,t>=1)=(0.002,0.504) aL=-0.0026 vL=0.3819 t0=[none=0.00 m0=1.00 m1=0.00]
[u  154] env=  5046272 rsucc=0.841 n_rounds= 3554 ret=+15.115 len=183.8 ent(t0,t>=1)=(0.002,0.512) aL=-0.0016 vL=0.4040 t0=[none=0.00 m0=1.00 m1=0.00]
[u  155] env=  5079040 rsucc=0.846 n_rounds= 3582 ret=+15.258 len=181.8 ent(t0,t>=1)=(0.002,0.519) aL=+0.0015 vL=0.5374 t0=[none=0.00 m0=1.00 m1=0.00]
[u  156] env=  5111808 rsucc=0.848 n_rounds= 3587 ret=+15.304 len=184.1 ent(t0,t>=1)=(0.002,0.513) aL=-0.0020 vL=0.3344 t0=[none=0.00 m0=1.00 m1=0.00]
[u  157] env=  5144576 rsucc=0.839 n_rounds= 3594 ret=+15.236 len=182.2 ent(t0,t>=1)=(0.002,0.510) aL=-0.0052 vL=0.3144 t0=[none=0.00 m0=1.00 m1=0.00]
[u  158] env=  5177344 rsucc=0.853 n_rounds= 3601 ret=+15.215 len=182.7 ent(t0,t>=1)=(0.002,0.509) aL=-0.0031 vL=0.3235 t0=[none=0.00 m0=1.00 m1=0.00]
[u  159] env=  5210112 rsucc=0.839 n_rounds= 3544 ret=+15.269 len=183.2 ent(t0,t>=1)=(0.002,0.519) aL=+0.0025 vL=0.3000 t0=[none=0.00 m0=1.00 m1=0.00]
[u  160] env=  5242880 rsucc=0.822 n_rounds= 3521 ret=+14.987 len=184.5 ent(t0,t>=1)=(0.002,0.519) aL=-0.0012 vL=0.3297 t0=[none=0.00 m0=1.00 m1=0.00]
[u  161] env=  5275648 rsucc=0.830 n_rounds= 3572 ret=+14.929 len=184.6 ent(t0,t>=1)=(0.002,0.516) aL=-0.0047 vL=0.3048 t0=[none=0.00 m0=1.00 m1=0.00]
[u  162] env=  5308416 rsucc=0.845 n_rounds= 3595 ret=+14.886 len=184.1 ent(t0,t>=1)=(0.002,0.528) aL=-0.0011 vL=0.3586 t0=[none=0.00 m0=1.00 m1=0.00]
[u  163] env=  5341184 rsucc=0.833 n_rounds= 3542 ret=+15.310 len=182.0 ent(t0,t>=1)=(0.002,0.527) aL=-0.0034 vL=0.3341 t0=[none=0.00 m0=1.00 m1=0.00]
[u  164] env=  5373952 rsucc=0.850 n_rounds= 3607 ret=+15.038 len=184.6 ent(t0,t>=1)=(0.002,0.533) aL=-0.0044 vL=0.3379 t0=[none=0.00 m0=1.00 m1=0.00]
[u  165] env=  5406720 rsucc=0.849 n_rounds= 3573 ret=+15.211 len=183.5 ent(t0,t>=1)=(0.002,0.527) aL=-0.0043 vL=0.3524 t0=[none=0.00 m0=1.00 m1=0.00]
[u  166] env=  5439488 rsucc=0.856 n_rounds= 3571 ret=+15.405 len=182.7 ent(t0,t>=1)=(0.002,0.536) aL=-0.0017 vL=0.3169 t0=[none=0.00 m0=1.00 m1=0.00]
[u  167] env=  5472256 rsucc=0.849 n_rounds= 3588 ret=+15.356 len=184.1 ent(t0,t>=1)=(0.003,0.531) aL=-0.0020 vL=0.3070 t0=[none=0.00 m0=1.00 m1=0.00]
[u  168] env=  5505024 rsucc=0.840 n_rounds= 3552 ret=+15.403 len=182.0 ent(t0,t>=1)=(0.003,0.545) aL=-0.0022 vL=0.3627 t0=[none=0.00 m0=1.00 m1=0.00]
[u  169] env=  5537792 rsucc=0.843 n_rounds= 3555 ret=+15.134 len=184.3 ent(t0,t>=1)=(0.003,0.526) aL=-0.0039 vL=0.2785 t0=[none=0.00 m0=1.00 m1=0.00]
[u  170] env=  5570560 rsucc=0.849 n_rounds= 3572 ret=+15.222 len=184.6 ent(t0,t>=1)=(0.004,0.536) aL=+0.0063 vL=0.3570 t0=[none=0.00 m0=1.00 m1=0.00]
[u  171] env=  5603328 rsucc=0.852 n_rounds= 3571 ret=+15.222 len=183.9 ent(t0,t>=1)=(0.004,0.530) aL=-0.0013 vL=0.3540 t0=[none=0.00 m0=1.00 m1=0.00]
[u  172] env=  5636096 rsucc=0.845 n_rounds= 3580 ret=+15.417 len=182.0 ent(t0,t>=1)=(0.004,0.543) aL=+0.0091 vL=0.3323 t0=[none=0.00 m0=1.00 m1=0.00]
[u  173] env=  5668864 rsucc=0.847 n_rounds= 3578 ret=+15.331 len=183.3 ent(t0,t>=1)=(0.004,0.539) aL=+0.0005 vL=0.3042 t0=[none=0.00 m0=1.00 m1=0.00]
[u  174] env=  5701632 rsucc=0.844 n_rounds= 3540 ret=+15.180 len=184.6 ent(t0,t>=1)=(0.004,0.558) aL=-0.0033 vL=0.2768 t0=[none=0.00 m0=1.00 m1=0.00]
[u  175] env=  5734400 rsucc=0.859 n_rounds= 3612 ret=+15.386 len=182.9 ent(t0,t>=1)=(0.004,0.546) aL=-0.0042 vL=0.2494 t0=[none=0.00 m0=1.00 m1=0.00]
[u  176] env=  5767168 rsucc=0.839 n_rounds= 3549 ret=+15.359 len=182.3 ent(t0,t>=1)=(0.004,0.547) aL=-0.0049 vL=0.2942 t0=[none=0.00 m0=1.00 m1=0.00]
[u  177] env=  5799936 rsucc=0.857 n_rounds= 3612 ret=+15.265 len=183.8 ent(t0,t>=1)=(0.003,0.536) aL=-0.0034 vL=0.2494 t0=[none=0.00 m0=1.00 m1=0.00]
[u  178] env=  5832704 rsucc=0.859 n_rounds= 3554 ret=+15.444 len=182.4 ent(t0,t>=1)=(0.004,0.543) aL=-0.0025 vL=0.2903 t0=[none=0.00 m0=1.00 m1=0.00]
[u  179] env=  5865472 rsucc=0.844 n_rounds= 3562 ret=+15.384 len=184.3 ent(t0,t>=1)=(0.005,0.546) aL=-0.0027 vL=0.2890 t0=[none=0.00 m0=1.00 m1=0.00]
[u  180] env=  5898240 rsucc=0.851 n_rounds= 3565 ret=+15.236 len=184.8 ent(t0,t>=1)=(0.004,0.537) aL=-0.0009 vL=0.2848 t0=[none=0.00 m0=1.00 m1=0.00]
[u  181] env=  5931008 rsucc=0.842 n_rounds= 3534 ret=+15.296 len=184.1 ent(t0,t>=1)=(0.004,0.538) aL=-0.0043 vL=0.2548 t0=[none=0.00 m0=1.00 m1=0.00]
[u  182] env=  5963776 rsucc=0.856 n_rounds= 3601 ret=+15.388 len=183.3 ent(t0,t>=1)=(0.004,0.538) aL=-0.0030 vL=0.3072 t0=[none=0.00 m0=1.00 m1=0.00]
[u  183] env=  5996544 rsucc=0.849 n_rounds= 3546 ret=+15.223 len=183.3 ent(t0,t>=1)=(0.004,0.550) aL=-0.0012 vL=0.3073 t0=[none=0.00 m0=1.00 m1=0.00]
[u  184] env=  6029312 rsucc=0.849 n_rounds= 3587 ret=+15.401 len=183.8 ent(t0,t>=1)=(0.004,0.540) aL=-0.0059 vL=0.2950 t0=[none=0.00 m0=1.00 m1=0.00]
[u  185] env=  6062080 rsucc=0.845 n_rounds= 3552 ret=+15.359 len=182.7 ent(t0,t>=1)=(0.005,0.538) aL=-0.0042 vL=0.3367 t0=[none=0.00 m0=1.00 m1=0.00]
[u  186] env=  6094848 rsucc=0.851 n_rounds= 3581 ret=+15.219 len=185.3 ent(t0,t>=1)=(0.004,0.525) aL=-0.0010 vL=0.4251 t0=[none=0.00 m0=1.00 m1=0.00]
[u  187] env=  6127616 rsucc=0.863 n_rounds= 3637 ret=+15.486 len=182.0 ent(t0,t>=1)=(0.004,0.528) aL=-0.0048 vL=0.4328 t0=[none=0.00 m0=1.00 m1=0.00]
[u  188] env=  6160384 rsucc=0.859 n_rounds= 3634 ret=+15.584 len=179.9 ent(t0,t>=1)=(0.005,0.550) aL=-0.0043 vL=0.5091 t0=[none=0.00 m0=1.00 m1=0.00]
[u  189] env=  6193152 rsucc=0.851 n_rounds= 3570 ret=+15.537 len=181.0 ent(t0,t>=1)=(0.005,0.549) aL=-0.0052 vL=0.4586 t0=[none=0.00 m0=1.00 m1=0.00]
[u  190] env=  6225920 rsucc=0.863 n_rounds= 3600 ret=+15.394 len=183.7 ent(t0,t>=1)=(0.006,0.557) aL=-0.0049 vL=0.4885 t0=[none=0.00 m0=1.00 m1=0.00]
[u  191] env=  6258688 rsucc=0.842 n_rounds= 3537 ret=+15.454 len=183.1 ent(t0,t>=1)=(0.005,0.583) aL=+0.0005 vL=0.4298 t0=[none=0.00 m0=1.00 m1=0.00]
[u  192] env=  6291456 rsucc=0.844 n_rounds= 3529 ret=+15.291 len=184.3 ent(t0,t>=1)=(0.004,0.575) aL=-0.0027 vL=0.3872 t0=[none=0.00 m0=1.00 m1=0.00]
[u  193] env=  6324224 rsucc=0.840 n_rounds= 3492 ret=+15.165 len=186.5 ent(t0,t>=1)=(0.003,0.580) aL=-0.0035 vL=0.3401 t0=[none=0.00 m0=1.00 m1=0.00]
[u  194] env=  6356992 rsucc=0.846 n_rounds= 3540 ret=+15.048 len=187.1 ent(t0,t>=1)=(0.003,0.579) aL=-0.0018 vL=0.3683 t0=[none=0.00 m0=1.00 m1=0.00]
[u  195] env=  6389760 rsucc=0.843 n_rounds= 3531 ret=+15.134 len=185.5 ent(t0,t>=1)=(0.003,0.589) aL=-0.0066 vL=0.3346 t0=[none=0.00 m0=1.00 m1=0.00]
[u  196] env=  6422528 rsucc=0.849 n_rounds= 3532 ret=+15.261 len=184.5 ent(t0,t>=1)=(0.003,0.573) aL=-0.0040 vL=0.3955 t0=[none=0.00 m0=1.00 m1=0.00]
[u  197] env=  6455296 rsucc=0.852 n_rounds= 3584 ret=+15.235 len=185.7 ent(t0,t>=1)=(0.004,0.556) aL=-0.0049 vL=0.3344 t0=[none=0.00 m0=1.00 m1=0.00]
[u  198] env=  6488064 rsucc=0.842 n_rounds= 3513 ret=+15.412 len=183.9 ent(t0,t>=1)=(0.003,0.567) aL=-0.0017 vL=0.3158 t0=[none=0.00 m0=1.00 m1=0.00]
[u  199] env=  6520832 rsucc=0.844 n_rounds= 3556 ret=+15.179 len=185.4 ent(t0,t>=1)=(0.004,0.578) aL=-0.0067 vL=0.3406 t0=[none=0.00 m0=1.00 m1=0.00]
[u  200] env=  6553600 rsucc=0.846 n_rounds= 3542 ret=+15.095 len=186.3 ent(t0,t>=1)=(0.003,0.578) aL=-0.0034 vL=0.3212 t0=[none=0.00 m0=1.00 m1=0.00]
[u  201] env=  6586368 rsucc=0.839 n_rounds= 3504 ret=+15.164 len=185.7 ent(t0,t>=1)=(0.004,0.573) aL=-0.0083 vL=0.3263 t0=[none=0.00 m0=1.00 m1=0.00]
[u  202] env=  6619136 rsucc=0.848 n_rounds= 3550 ret=+15.128 len=186.3 ent(t0,t>=1)=(0.003,0.566) aL=-0.0010 vL=0.3339 t0=[none=0.00 m0=1.00 m1=0.00]
[u  203] env=  6651904 rsucc=0.835 n_rounds= 3510 ret=+15.294 len=184.1 ent(t0,t>=1)=(0.003,0.585) aL=+0.0015 vL=0.2973 t0=[none=0.00 m0=1.00 m1=0.00]
[u  204] env=  6684672 rsucc=0.836 n_rounds= 3474 ret=+15.002 len=187.0 ent(t0,t>=1)=(0.003,0.591) aL=-0.0032 vL=0.3865 t0=[none=0.00 m0=1.00 m1=0.00]
[u  205] env=  6717440 rsucc=0.836 n_rounds= 3522 ret=+15.010 len=187.4 ent(t0,t>=1)=(0.002,0.575) aL=-0.0034 vL=0.3069 t0=[none=0.00 m0=1.00 m1=0.00]
[u  206] env=  6750208 rsucc=0.835 n_rounds= 3496 ret=+15.150 len=186.5 ent(t0,t>=1)=(0.002,0.587) aL=-0.0052 vL=0.3030 t0=[none=0.00 m0=1.00 m1=0.00]
[u  207] env=  6782976 rsucc=0.853 n_rounds= 3504 ret=+15.011 len=187.7 ent(t0,t>=1)=(0.002,0.561) aL=-0.0037 vL=0.2913 t0=[none=0.00 m0=1.00 m1=0.00]
[u  208] env=  6815744 rsucc=0.843 n_rounds= 3492 ret=+15.159 len=187.6 ent(t0,t>=1)=(0.002,0.594) aL=-0.0062 vL=0.2390 t0=[none=0.00 m0=1.00 m1=0.00]
[u  209] env=  6848512 rsucc=0.834 n_rounds= 3480 ret=+15.281 len=187.2 ent(t0,t>=1)=(0.002,0.588) aL=-0.0020 vL=0.3262 t0=[none=0.00 m0=1.00 m1=0.00]
[u  210] env=  6881280 rsucc=0.840 n_rounds= 3499 ret=+14.957 len=188.0 ent(t0,t>=1)=(0.002,0.579) aL=-0.0060 vL=0.2886 t0=[none=0.00 m0=1.00 m1=0.00]
[u  211] env=  6914048 rsucc=0.853 n_rounds= 3579 ret=+15.398 len=184.1 ent(t0,t>=1)=(0.002,0.558) aL=-0.0024 vL=0.2464 t0=[none=0.00 m0=1.00 m1=0.00]
[u  212] env=  6946816 rsucc=0.832 n_rounds= 3480 ret=+15.128 len=186.3 ent(t0,t>=1)=(0.002,0.564) aL=-0.0002 vL=0.2912 t0=[none=0.00 m0=1.00 m1=0.00]
[u  213] env=  6979584 rsucc=0.838 n_rounds= 3472 ret=+14.966 len=188.8 ent(t0,t>=1)=(0.002,0.584) aL=-0.0016 vL=0.3080 t0=[none=0.00 m0=1.00 m1=0.00]
[u  214] env=  7012352 rsucc=0.838 n_rounds= 3475 ret=+15.137 len=187.2 ent(t0,t>=1)=(0.002,0.564) aL=-0.0001 vL=0.2547 t0=[none=0.00 m0=1.00 m1=0.00]
[u  215] env=  7045120 rsucc=0.832 n_rounds= 3497 ret=+14.944 len=188.1 ent(t0,t>=1)=(0.002,0.566) aL=-0.0044 vL=0.2569 t0=[none=0.00 m0=1.00 m1=0.00]
[u  216] env=  7077888 rsucc=0.843 n_rounds= 3526 ret=+14.947 len=188.3 ent(t0,t>=1)=(0.002,0.562) aL=-0.0041 vL=0.2560 t0=[none=0.00 m0=1.00 m1=0.00]
[u  217] env=  7110656 rsucc=0.834 n_rounds= 3479 ret=+15.278 len=185.7 ent(t0,t>=1)=(0.001,0.569) aL=-0.0026 vL=0.2515 t0=[none=0.00 m0=1.00 m1=0.00]
[u  218] env=  7143424 rsucc=0.840 n_rounds= 3510 ret=+14.898 len=187.8 ent(t0,t>=1)=(0.001,0.559) aL=+0.0024 vL=0.2059 t0=[none=0.00 m0=1.00 m1=0.00]
[u  219] env=  7176192 rsucc=0.845 n_rounds= 3553 ret=+15.063 len=186.4 ent(t0,t>=1)=(0.002,0.560) aL=-0.0028 vL=0.2454 t0=[none=0.00 m0=1.00 m1=0.00]
[u  220] env=  7208960 rsucc=0.864 n_rounds= 3590 ret=+15.379 len=184.7 ent(t0,t>=1)=(0.002,0.528) aL=-0.0046 vL=0.2345 t0=[none=0.00 m0=1.00 m1=0.00]
[u  221] env=  7241728 rsucc=0.851 n_rounds= 3530 ret=+15.557 len=182.5 ent(t0,t>=1)=(0.002,0.537) aL=-0.0034 vL=0.1929 t0=[none=0.00 m0=1.00 m1=0.00]
[u  222] env=  7274496 rsucc=0.855 n_rounds= 3557 ret=+15.392 len=184.7 ent(t0,t>=1)=(0.001,0.549) aL=-0.0030 vL=0.2052 t0=[none=0.00 m0=1.00 m1=0.00]
[u  223] env=  7307264 rsucc=0.850 n_rounds= 3530 ret=+15.300 len=185.4 ent(t0,t>=1)=(0.001,0.549) aL=-0.0038 vL=0.1802 t0=[none=0.00 m0=1.00 m1=0.00]
[u  224] env=  7340032 rsucc=0.822 n_rounds= 3451 ret=+15.098 len=187.8 ent(t0,t>=1)=(0.001,0.568) aL=-0.0032 vL=0.2208 t0=[none=0.00 m0=1.00 m1=0.00]
[u  225] env=  7372800 rsucc=0.831 n_rounds= 3465 ret=+14.754 len=189.6 ent(t0,t>=1)=(0.001,0.544) aL=-0.0035 vL=0.1977 t0=[none=0.00 m0=1.00 m1=0.00]
[u  226] env=  7405568 rsucc=0.836 n_rounds= 3485 ret=+15.062 len=187.2 ent(t0,t>=1)=(0.001,0.539) aL=-0.0033 vL=0.2215 t0=[none=0.00 m0=1.00 m1=0.00]
[u  227] env=  7438336 rsucc=0.855 n_rounds= 3580 ret=+15.200 len=186.1 ent(t0,t>=1)=(0.001,0.517) aL=-0.0014 vL=0.2147 t0=[none=0.00 m0=1.00 m1=0.00]
[u  228] env=  7471104 rsucc=0.860 n_rounds= 3564 ret=+15.393 len=183.9 ent(t0,t>=1)=(0.001,0.506) aL=-0.0040 vL=0.2008 t0=[none=0.00 m0=1.00 m1=0.00]
[u  229] env=  7503872 rsucc=0.852 n_rounds= 3552 ret=+15.632 len=183.4 ent(t0,t>=1)=(0.001,0.514) aL=-0.0050 vL=0.2051 t0=[none=0.00 m0=1.00 m1=0.00]
[u  230] env=  7536640 rsucc=0.861 n_rounds= 3603 ret=+15.415 len=183.5 ent(t0,t>=1)=(0.001,0.505) aL=-0.0001 vL=0.2197 t0=[none=0.00 m0=1.00 m1=0.00]
[u  231] env=  7569408 rsucc=0.862 n_rounds= 3604 ret=+15.443 len=182.2 ent(t0,t>=1)=(0.001,0.515) aL=+0.0017 vL=0.2285 t0=[none=0.00 m0=1.00 m1=0.00]
[u  232] env=  7602176 rsucc=0.854 n_rounds= 3621 ret=+15.564 len=182.2 ent(t0,t>=1)=(0.001,0.505) aL=-0.0033 vL=0.2382 t0=[none=0.00 m0=1.00 m1=0.00]
[u  233] env=  7634944 rsucc=0.861 n_rounds= 3581 ret=+15.537 len=181.3 ent(t0,t>=1)=(0.001,0.518) aL=-0.0007 vL=0.2733 t0=[none=0.00 m0=1.00 m1=0.00]
[u  234] env=  7667712 rsucc=0.872 n_rounds= 3634 ret=+15.776 len=180.0 ent(t0,t>=1)=(0.001,0.519) aL=-0.0058 vL=0.2049 t0=[none=0.00 m0=1.00 m1=0.00]
[u  235] env=  7700480 rsucc=0.856 n_rounds= 3587 ret=+15.469 len=183.5 ent(t0,t>=1)=(0.001,0.517) aL=-0.0047 vL=0.1886 t0=[none=0.00 m0=1.00 m1=0.00]
[u  236] env=  7733248 rsucc=0.859 n_rounds= 3593 ret=+15.446 len=183.3 ent(t0,t>=1)=(0.001,0.500) aL=-0.0044 vL=0.1964 t0=[none=0.00 m0=1.00 m1=0.00]
[u  237] env=  7766016 rsucc=0.853 n_rounds= 3553 ret=+15.631 len=182.3 ent(t0,t>=1)=(0.001,0.509) aL=-0.0064 vL=0.1950 t0=[none=0.00 m0=1.00 m1=0.00]
[u  238] env=  7798784 rsucc=0.862 n_rounds= 3603 ret=+15.461 len=182.8 ent(t0,t>=1)=(0.001,0.501) aL=-0.0053 vL=0.1762 t0=[none=0.00 m0=1.00 m1=0.00]
[u  239] env=  7831552 rsucc=0.856 n_rounds= 3568 ret=+15.501 len=182.7 ent(t0,t>=1)=(0.001,0.506) aL=-0.0041 vL=0.1761 t0=[none=0.00 m0=1.00 m1=0.00]
[u  240] env=  7864320 rsucc=0.846 n_rounds= 3538 ret=+15.526 len=184.1 ent(t0,t>=1)=(0.001,0.521) aL=-0.0056 vL=0.1917 t0=[none=0.00 m0=1.00 m1=0.00]
[u  241] env=  7897088 rsucc=0.852 n_rounds= 3592 ret=+15.396 len=183.7 ent(t0,t>=1)=(0.001,0.499) aL=-0.0037 vL=0.1859 t0=[none=0.00 m0=1.00 m1=0.00]
[u  242] env=  7929856 rsucc=0.864 n_rounds= 3600 ret=+15.424 len=181.7 ent(t0,t>=1)=(0.001,0.496) aL=-0.0060 vL=0.1886 t0=[none=0.00 m0=1.00 m1=0.00]
[u  243] env=  7962624 rsucc=0.859 n_rounds= 3658 ret=+15.422 len=182.6 ent(t0,t>=1)=(0.001,0.506) aL=-0.0018 vL=0.1845 t0=[none=0.00 m0=1.00 m1=0.00]
[u  244] env=  7995392 rsucc=0.862 n_rounds= 3594 ret=+15.616 len=180.5 ent(t0,t>=1)=(0.001,0.510) aL=-0.0018 vL=0.1849 t0=[none=0.00 m0=1.00 m1=0.00]
[u  245] env=  8028160 rsucc=0.857 n_rounds= 3596 ret=+15.567 len=181.6 ent(t0,t>=1)=(0.001,0.512) aL=-0.0066 vL=0.1827 t0=[none=0.00 m0=1.00 m1=0.00]
[u  246] env=  8060928 rsucc=0.862 n_rounds= 3618 ret=+15.615 len=182.0 ent(t0,t>=1)=(0.001,0.514) aL=-0.0033 vL=0.2008 t0=[none=0.00 m0=1.00 m1=0.00]
[u  247] env=  8093696 rsucc=0.865 n_rounds= 3639 ret=+15.634 len=180.8 ent(t0,t>=1)=(0.001,0.524) aL=+0.0013 vL=0.2109 t0=[none=0.00 m0=1.00 m1=0.00]
[u  248] env=  8126464 rsucc=0.860 n_rounds= 3601 ret=+15.549 len=181.0 ent(t0,t>=1)=(0.001,0.517) aL=-0.0050 vL=0.1970 t0=[none=0.00 m0=1.00 m1=0.00]
[u  249] env=  8159232 rsucc=0.858 n_rounds= 3622 ret=+15.683 len=180.6 ent(t0,t>=1)=(0.001,0.506) aL=-0.0060 vL=0.1933 t0=[none=0.00 m0=1.00 m1=0.00]
[u  250] env=  8192000 rsucc=0.869 n_rounds= 3647 ret=+15.610 len=180.6 ent(t0,t>=1)=(0.001,0.506) aL=-0.0031 vL=0.2049 t0=[none=0.00 m0=1.00 m1=0.00]
[u  251] env=  8224768 rsucc=0.867 n_rounds= 3629 ret=+15.655 len=180.2 ent(t0,t>=1)=(0.001,0.520) aL=-0.0036 vL=0.2019 t0=[none=0.00 m0=1.00 m1=0.00]
[u  252] env=  8257536 rsucc=0.858 n_rounds= 3604 ret=+15.678 len=181.0 ent(t0,t>=1)=(0.001,0.518) aL=-0.0049 vL=0.2018 t0=[none=0.00 m0=1.00 m1=0.00]
[u  253] env=  8290304 rsucc=0.862 n_rounds= 3635 ret=+15.519 len=181.0 ent(t0,t>=1)=(0.001,0.513) aL=-0.0043 vL=0.2407 t0=[none=0.00 m0=1.00 m1=0.00]
[u  254] env=  8323072 rsucc=0.867 n_rounds= 3667 ret=+15.684 len=179.5 ent(t0,t>=1)=(0.001,0.502) aL=-0.0020 vL=0.2591 t0=[none=0.00 m0=1.00 m1=0.00]
[u  255] env=  8355840 rsucc=0.873 n_rounds= 3659 ret=+15.788 len=178.9 ent(t0,t>=1)=(0.001,0.502) aL=-0.0054 vL=0.2626 t0=[none=0.00 m0=1.00 m1=0.00]
[u  256] env=  8388608 rsucc=0.859 n_rounds= 3584 ret=+15.627 len=181.1 ent(t0,t>=1)=(0.001,0.538) aL=-0.0031 vL=0.2610 t0=[none=0.00 m0=1.00 m1=0.00]
[u  257] env=  8421376 rsucc=0.855 n_rounds= 3591 ret=+15.366 len=184.0 ent(t0,t>=1)=(0.001,0.545) aL=-0.0043 vL=0.2491 t0=[none=0.00 m0=1.00 m1=0.00]
[u  258] env=  8454144 rsucc=0.862 n_rounds= 3606 ret=+15.560 len=182.3 ent(t0,t>=1)=(0.001,0.543) aL=-0.0053 vL=0.2707 t0=[none=0.00 m0=1.00 m1=0.00]
[u  259] env=  8486912 rsucc=0.863 n_rounds= 3600 ret=+15.710 len=180.6 ent(t0,t>=1)=(0.001,0.528) aL=-0.0050 vL=0.2677 t0=[none=0.00 m0=1.00 m1=0.00]
[u  260] env=  8519680 rsucc=0.864 n_rounds= 3618 ret=+15.743 len=181.2 ent(t0,t>=1)=(0.001,0.530) aL=-0.0030 vL=0.2773 t0=[none=0.00 m0=1.00 m1=0.00]
[u  261] env=  8552448 rsucc=0.864 n_rounds= 3609 ret=+15.433 len=183.1 ent(t0,t>=1)=(0.001,0.523) aL=-0.0043 vL=0.2497 t0=[none=0.00 m0=1.00 m1=0.00]
[u  262] env=  8585216 rsucc=0.857 n_rounds= 3603 ret=+15.628 len=180.9 ent(t0,t>=1)=(0.001,0.540) aL=-0.0077 vL=0.2961 t0=[none=0.00 m0=1.00 m1=0.00]
[u  263] env=  8617984 rsucc=0.851 n_rounds= 3587 ret=+15.408 len=182.4 ent(t0,t>=1)=(0.001,0.552) aL=-0.0036 vL=0.3422 t0=[none=0.00 m0=1.00 m1=0.00]
[u  264] env=  8650752 rsucc=0.848 n_rounds= 3535 ret=+15.274 len=184.5 ent(t0,t>=1)=(0.001,0.569) aL=-0.0006 vL=0.2950 t0=[none=0.00 m0=1.00 m1=0.00]
[u  265] env=  8683520 rsucc=0.844 n_rounds= 3561 ret=+15.264 len=183.7 ent(t0,t>=1)=(0.001,0.560) aL=-0.0040 vL=0.2989 t0=[none=0.00 m0=1.00 m1=0.00]
[u  266] env=  8716288 rsucc=0.841 n_rounds= 3533 ret=+15.117 len=185.9 ent(t0,t>=1)=(0.001,0.576) aL=-0.0036 vL=0.3068 t0=[none=0.00 m0=1.00 m1=0.00]
[u  267] env=  8749056 rsucc=0.859 n_rounds= 3565 ret=+15.289 len=185.3 ent(t0,t>=1)=(0.001,0.563) aL=-0.0031 vL=0.2639 t0=[none=0.00 m0=1.00 m1=0.00]
[u  268] env=  8781824 rsucc=0.857 n_rounds= 3576 ret=+15.424 len=183.5 ent(t0,t>=1)=(0.001,0.563) aL=-0.0025 vL=0.2829 t0=[none=0.00 m0=1.00 m1=0.00]
[u  269] env=  8814592 rsucc=0.861 n_rounds= 3592 ret=+15.462 len=182.4 ent(t0,t>=1)=(0.001,0.546) aL=-0.0049 vL=0.2645 t0=[none=0.00 m0=1.00 m1=0.00]
[u  270] env=  8847360 rsucc=0.867 n_rounds= 3635 ret=+15.804 len=181.0 ent(t0,t>=1)=(0.000,0.532) aL=-0.0060 vL=0.2502 t0=[none=0.00 m0=1.00 m1=0.00]
[u  271] env=  8880128 rsucc=0.858 n_rounds= 3596 ret=+15.579 len=182.2 ent(t0,t>=1)=(0.001,0.567) aL=-0.0039 vL=0.2845 t0=[none=0.00 m0=1.00 m1=0.00]
[u  272] env=  8912896 rsucc=0.855 n_rounds= 3591 ret=+15.437 len=182.6 ent(t0,t>=1)=(0.001,0.571) aL=-0.0035 vL=0.2792 t0=[none=0.00 m0=1.00 m1=0.00]
[u  273] env=  8945664 rsucc=0.862 n_rounds= 3589 ret=+15.488 len=181.9 ent(t0,t>=1)=(0.001,0.573) aL=+0.0004 vL=0.3101 t0=[none=0.00 m0=1.00 m1=0.00]
[u  274] env=  8978432 rsucc=0.864 n_rounds= 3630 ret=+15.612 len=182.6 ent(t0,t>=1)=(0.001,0.570) aL=+0.0020 vL=0.2660 t0=[none=0.00 m0=1.00 m1=0.00]
[u  275] env=  9011200 rsucc=0.854 n_rounds= 3594 ret=+15.509 len=180.6 ent(t0,t>=1)=(0.001,0.551) aL=-0.0014 vL=0.2619 t0=[none=0.00 m0=1.00 m1=0.00]
[u  276] env=  9043968 rsucc=0.869 n_rounds= 3642 ret=+15.695 len=180.3 ent(t0,t>=1)=(0.001,0.528) aL=+0.0003 vL=0.2998 t0=[none=0.00 m0=1.00 m1=0.00]
[u  277] env=  9076736 rsucc=0.876 n_rounds= 3665 ret=+15.839 len=180.4 ent(t0,t>=1)=(0.001,0.521) aL=-0.0021 vL=0.2449 t0=[none=0.00 m0=1.00 m1=0.00]
[u  278] env=  9109504 rsucc=0.868 n_rounds= 3628 ret=+15.633 len=179.8 ent(t0,t>=1)=(0.001,0.515) aL=-0.0014 vL=0.2159 t0=[none=0.00 m0=1.00 m1=0.00]
[u  279] env=  9142272 rsucc=0.829 n_rounds= 3467 ret=+15.332 len=185.0 ent(t0,t>=1)=(0.000,0.545) aL=-0.0060 vL=0.2514 t0=[none=0.00 m0=1.00 m1=0.00]
[u  280] env=  9175040 rsucc=0.845 n_rounds= 3524 ret=+15.210 len=186.5 ent(t0,t>=1)=(0.001,0.537) aL=-0.0060 vL=0.1983 t0=[none=0.00 m0=1.00 m1=0.00]
[u  281] env=  9207808 rsucc=0.869 n_rounds= 3628 ret=+15.387 len=184.0 ent(t0,t>=1)=(0.000,0.510) aL=-0.0038 vL=0.2308 t0=[none=0.00 m0=1.00 m1=0.00]
[u  282] env=  9240576 rsucc=0.873 n_rounds= 3663 ret=+15.658 len=180.7 ent(t0,t>=1)=(0.000,0.516) aL=-0.0057 vL=0.2172 t0=[none=0.00 m0=1.00 m1=0.00]
[u  283] env=  9273344 rsucc=0.872 n_rounds= 3618 ret=+15.848 len=179.4 ent(t0,t>=1)=(0.000,0.509) aL=+0.0000 vL=0.2227 t0=[none=0.00 m0=1.00 m1=0.00]
[u  284] env=  9306112 rsucc=0.876 n_rounds= 3668 ret=+15.837 len=180.2 ent(t0,t>=1)=(0.001,0.512) aL=-0.0025 vL=0.2215 t0=[none=0.00 m0=1.00 m1=0.00]
[u  285] env=  9338880 rsucc=0.866 n_rounds= 3615 ret=+15.754 len=180.1 ent(t0,t>=1)=(0.001,0.511) aL=-0.0011 vL=0.2519 t0=[none=0.00 m0=1.00 m1=0.00]
[u  286] env=  9371648 rsucc=0.881 n_rounds= 3678 ret=+15.833 len=179.5 ent(t0,t>=1)=(0.001,0.510) aL=-0.0063 vL=0.2110 t0=[none=0.00 m0=1.00 m1=0.00]
[u  287] env=  9404416 rsucc=0.882 n_rounds= 3691 ret=+16.165 len=176.8 ent(t0,t>=1)=(0.000,0.506) aL=-0.0057 vL=0.2379 t0=[none=0.00 m0=1.00 m1=0.00]
[u  288] env=  9437184 rsucc=0.880 n_rounds= 3660 ret=+15.834 len=180.1 ent(t0,t>=1)=(0.001,0.520) aL=-0.0003 vL=0.2355 t0=[none=0.00 m0=1.00 m1=0.00]
[u  289] env=  9469952 rsucc=0.882 n_rounds= 3662 ret=+16.197 len=178.3 ent(t0,t>=1)=(0.001,0.517) aL=-0.0015 vL=0.2673 t0=[none=0.00 m0=1.00 m1=0.00]
[u  290] env=  9502720 rsucc=0.876 n_rounds= 3613 ret=+15.857 len=180.7 ent(t0,t>=1)=(0.001,0.519) aL=-0.0049 vL=0.2184 t0=[none=0.00 m0=1.00 m1=0.00]
[u  291] env=  9535488 rsucc=0.870 n_rounds= 3611 ret=+15.854 len=179.5 ent(t0,t>=1)=(0.001,0.538) aL=-0.0046 vL=0.1917 t0=[none=0.00 m0=1.00 m1=0.00]
[u  292] env=  9568256 rsucc=0.874 n_rounds= 3621 ret=+15.785 len=182.6 ent(t0,t>=1)=(0.000,0.528) aL=-0.0052 vL=0.2083 t0=[none=0.00 m0=1.00 m1=0.00]
[u  293] env=  9601024 rsucc=0.878 n_rounds= 3602 ret=+15.876 len=181.8 ent(t0,t>=1)=(0.001,0.524) aL=-0.0016 vL=0.2554 t0=[none=0.00 m0=1.00 m1=0.00]
[u  294] env=  9633792 rsucc=0.886 n_rounds= 3662 ret=+16.000 len=179.9 ent(t0,t>=1)=(0.000,0.488) aL=-0.0032 vL=0.1893 t0=[none=0.00 m0=1.00 m1=0.00]
[u  295] env=  9666560 rsucc=0.881 n_rounds= 3668 ret=+16.151 len=178.3 ent(t0,t>=1)=(0.000,0.484) aL=+0.0046 vL=0.1984 t0=[none=0.00 m0=1.00 m1=0.00]
[u  296] env=  9699328 rsucc=0.872 n_rounds= 3663 ret=+15.772 len=179.3 ent(t0,t>=1)=(0.001,0.510) aL=-0.0040 vL=0.2073 t0=[none=0.00 m0=1.00 m1=0.00]
[u  297] env=  9732096 rsucc=0.873 n_rounds= 3608 ret=+15.975 len=179.5 ent(t0,t>=1)=(0.001,0.515) aL=-0.0035 vL=0.2170 t0=[none=0.00 m0=1.00 m1=0.00]
[u  298] env=  9764864 rsucc=0.879 n_rounds= 3647 ret=+15.795 len=181.6 ent(t0,t>=1)=(0.001,0.521) aL=-0.0024 vL=0.2114 t0=[none=0.00 m0=1.00 m1=0.00]
[u  299] env=  9797632 rsucc=0.875 n_rounds= 3615 ret=+16.032 len=179.9 ent(t0,t>=1)=(0.001,0.513) aL=-0.0043 vL=0.1805 t0=[none=0.00 m0=1.00 m1=0.00]
[u  300] env=  9830400 rsucc=0.871 n_rounds= 3634 ret=+15.718 len=180.8 ent(t0,t>=1)=(0.001,0.523) aL=+0.0011 vL=0.2056 t0=[none=0.00 m0=1.00 m1=0.00]
[u  301] env=  9863168 rsucc=0.880 n_rounds= 3620 ret=+16.045 len=179.8 ent(t0,t>=1)=(0.001,0.508) aL=+0.0019 vL=0.2099 t0=[none=0.00 m0=1.00 m1=0.00]
[u  302] env=  9895936 rsucc=0.890 n_rounds= 3692 ret=+15.896 len=180.5 ent(t0,t>=1)=(0.001,0.492) aL=-0.0017 vL=0.2170 t0=[none=0.00 m0=1.00 m1=0.00]
[u  303] env=  9928704 rsucc=0.884 n_rounds= 3656 ret=+16.225 len=178.0 ent(t0,t>=1)=(0.001,0.493) aL=-0.0014 vL=0.2216 t0=[none=0.00 m0=1.00 m1=0.00]
[u  304] env=  9961472 rsucc=0.884 n_rounds= 3678 ret=+16.080 len=178.1 ent(t0,t>=1)=(0.001,0.484) aL=-0.0027 vL=0.2326 t0=[none=0.00 m0=1.00 m1=0.00]
[u  305] env=  9994240 rsucc=0.881 n_rounds= 3700 ret=+16.057 len=177.3 ent(t0,t>=1)=(0.000,0.482) aL=-0.0019 vL=0.1982 t0=[none=0.00 m0=1.00 m1=0.00]
[u  306] env= 10027008 rsucc=0.883 n_rounds= 3706 ret=+16.016 len=177.8 ent(t0,t>=1)=(0.000,0.489) aL=-0.0029 vL=0.2277 t0=[none=0.00 m0=1.00 m1=0.00]
[u  307] env= 10059776 rsucc=0.889 n_rounds= 3707 ret=+16.097 len=176.6 ent(t0,t>=1)=(0.000,0.480) aL=-0.0041 vL=0.2505 t0=[none=0.00 m0=1.00 m1=0.00]
[u  308] env= 10092544 rsucc=0.878 n_rounds= 3680 ret=+16.068 len=177.0 ent(t0,t>=1)=(0.000,0.508) aL=-0.0033 vL=0.2600 t0=[none=0.00 m0=1.00 m1=0.00]
[u  309] env= 10125312 rsucc=0.892 n_rounds= 3724 ret=+15.966 len=179.1 ent(t0,t>=1)=(0.000,0.490) aL=-0.0030 vL=0.2391 t0=[none=0.00 m0=1.00 m1=0.00]
[u  310] env= 10158080 rsucc=0.896 n_rounds= 3737 ret=+16.260 len=175.6 ent(t0,t>=1)=(0.000,0.484) aL=-0.0031 vL=0.2342 t0=[none=0.00 m0=1.00 m1=0.00]
[u  311] env= 10190848 rsucc=0.883 n_rounds= 3675 ret=+16.374 len=175.7 ent(t0,t>=1)=(0.000,0.507) aL=-0.0042 vL=0.2257 t0=[none=0.00 m0=1.00 m1=0.00]
[u  312] env= 10223616 rsucc=0.893 n_rounds= 3716 ret=+16.128 len=178.0 ent(t0,t>=1)=(0.000,0.495) aL=-0.0031 vL=0.2393 t0=[none=0.00 m0=1.00 m1=0.00]
[u  313] env= 10256384 rsucc=0.888 n_rounds= 3729 ret=+16.258 len=174.4 ent(t0,t>=1)=(0.000,0.506) aL=-0.0019 vL=0.2480 t0=[none=0.00 m0=1.00 m1=0.00]
[u  314] env= 10289152 rsucc=0.890 n_rounds= 3681 ret=+16.166 len=178.0 ent(t0,t>=1)=(0.000,0.499) aL=-0.0049 vL=0.2061 t0=[none=0.00 m0=1.00 m1=0.00]
[u  315] env= 10321920 rsucc=0.866 n_rounds= 3600 ret=+16.032 len=178.6 ent(t0,t>=1)=(0.001,0.527) aL=-0.0014 vL=0.2501 t0=[none=0.00 m0=1.00 m1=0.00]
[u  316] env= 10354688 rsucc=0.881 n_rounds= 3707 ret=+15.711 len=181.3 ent(t0,t>=1)=(0.001,0.497) aL=-0.0045 vL=0.2196 t0=[none=0.00 m0=1.00 m1=0.00]
[u  317] env= 10387456 rsucc=0.893 n_rounds= 3716 ret=+16.227 len=176.4 ent(t0,t>=1)=(0.001,0.477) aL=-0.0019 vL=0.2325 t0=[none=0.00 m0=1.00 m1=0.00]
[u  318] env= 10420224 rsucc=0.882 n_rounds= 3668 ret=+16.104 len=177.3 ent(t0,t>=1)=(0.001,0.488) aL=-0.0029 vL=0.2319 t0=[none=0.00 m0=1.00 m1=0.00]
[u  319] env= 10452992 rsucc=0.887 n_rounds= 3687 ret=+16.087 len=177.2 ent(t0,t>=1)=(0.001,0.493) aL=-0.0014 vL=0.2543 t0=[none=0.00 m0=1.00 m1=0.00]
[u  320] env= 10485760 rsucc=0.888 n_rounds= 3714 ret=+16.170 len=177.4 ent(t0,t>=1)=(0.001,0.488) aL=-0.0025 vL=0.2337 t0=[none=0.00 m0=1.00 m1=0.00]
[u  321] env= 10518528 rsucc=0.886 n_rounds= 3690 ret=+16.076 len=178.2 ent(t0,t>=1)=(0.001,0.491) aL=-0.0014 vL=0.2498 t0=[none=0.00 m0=1.00 m1=0.00]
[u  322] env= 10551296 rsucc=0.891 n_rounds= 3704 ret=+16.163 len=177.6 ent(t0,t>=1)=(0.001,0.469) aL=-0.0036 vL=0.2450 t0=[none=0.00 m0=1.00 m1=0.00]
[u  323] env= 10584064 rsucc=0.898 n_rounds= 3732 ret=+16.444 len=175.3 ent(t0,t>=1)=(0.001,0.463) aL=-0.0027 vL=0.2528 t0=[none=0.00 m0=1.00 m1=0.00]
[u  324] env= 10616832 rsucc=0.900 n_rounds= 3739 ret=+16.325 len=175.8 ent(t0,t>=1)=(0.001,0.464) aL=-0.0040 vL=0.2888 t0=[none=0.00 m0=1.00 m1=0.00]
[u  325] env= 10649600 rsucc=0.897 n_rounds= 3744 ret=+16.467 len=174.0 ent(t0,t>=1)=(0.001,0.487) aL=-0.0033 vL=0.2528 t0=[none=0.00 m0=1.00 m1=0.00]
[u  326] env= 10682368 rsucc=0.879 n_rounds= 3661 ret=+16.184 len=177.8 ent(t0,t>=1)=(0.001,0.493) aL=+0.0008 vL=0.2326 t0=[none=0.00 m0=1.00 m1=0.00]
[u  327] env= 10715136 rsucc=0.890 n_rounds= 3713 ret=+16.018 len=178.1 ent(t0,t>=1)=(0.002,0.484) aL=-0.0041 vL=0.2215 t0=[none=0.00 m0=1.00 m1=0.00]
[u  328] env= 10747904 rsucc=0.887 n_rounds= 3671 ret=+16.273 len=175.9 ent(t0,t>=1)=(0.002,0.498) aL=-0.0043 vL=0.2392 t0=[none=0.00 m0=1.00 m1=0.00]
[u  329] env= 10780672 rsucc=0.892 n_rounds= 3723 ret=+16.169 len=177.9 ent(t0,t>=1)=(0.002,0.484) aL=-0.0026 vL=0.2529 t0=[none=0.00 m0=1.00 m1=0.00]
[u  330] env= 10813440 rsucc=0.882 n_rounds= 3690 ret=+16.293 len=175.4 ent(t0,t>=1)=(0.002,0.486) aL=-0.0016 vL=0.2200 t0=[none=0.00 m0=1.00 m1=0.00]
[u  331] env= 10846208 rsucc=0.889 n_rounds= 3716 ret=+15.996 len=178.3 ent(t0,t>=1)=(0.002,0.495) aL=-0.0047 vL=0.2011 t0=[none=0.00 m0=1.00 m1=0.00]
[u  332] env= 10878976 rsucc=0.896 n_rounds= 3729 ret=+16.229 len=176.3 ent(t0,t>=1)=(0.002,0.475) aL=-0.0010 vL=0.2646 t0=[none=0.00 m0=1.00 m1=0.00]
[u  333] env= 10911744 rsucc=0.890 n_rounds= 3707 ret=+16.318 len=175.8 ent(t0,t>=1)=(0.002,0.490) aL=-0.0003 vL=0.2771 t0=[none=0.00 m0=1.00 m1=0.00]
[u  334] env= 10944512 rsucc=0.892 n_rounds= 3710 ret=+16.327 len=175.5 ent(t0,t>=1)=(0.001,0.481) aL=-0.0043 vL=0.2187 t0=[none=0.00 m0=1.00 m1=0.00]
[u  335] env= 10977280 rsucc=0.897 n_rounds= 3736 ret=+16.202 len=177.7 ent(t0,t>=1)=(0.001,0.480) aL=-0.0028 vL=0.3249 t0=[none=0.00 m0=1.00 m1=0.00]
[u  336] env= 11010048 rsucc=0.888 n_rounds= 3709 ret=+16.166 len=176.6 ent(t0,t>=1)=(0.001,0.499) aL=-0.0037 vL=0.2477 t0=[none=0.00 m0=1.00 m1=0.00]
[u  337] env= 11042816 rsucc=0.894 n_rounds= 3725 ret=+16.253 len=176.1 ent(t0,t>=1)=(0.001,0.481) aL=-0.0026 vL=0.2292 t0=[none=0.00 m0=1.00 m1=0.00]
[u  338] env= 11075584 rsucc=0.903 n_rounds= 3704 ret=+16.313 len=176.2 ent(t0,t>=1)=(0.001,0.495) aL=-0.0030 vL=0.2638 t0=[none=0.00 m0=1.00 m1=0.00]
[u  339] env= 11108352 rsucc=0.889 n_rounds= 3700 ret=+16.413 len=175.5 ent(t0,t>=1)=(0.001,0.502) aL=-0.0047 vL=0.2282 t0=[none=0.00 m0=1.00 m1=0.00]
[u  340] env= 11141120 rsucc=0.895 n_rounds= 3665 ret=+16.357 len=178.5 ent(t0,t>=1)=(0.001,0.516) aL=-0.0038 vL=0.2716 t0=[none=0.00 m0=1.00 m1=0.00]
[u  341] env= 11173888 rsucc=0.875 n_rounds= 3654 ret=+16.070 len=179.1 ent(t0,t>=1)=(0.001,0.528) aL=-0.0040 vL=0.2488 t0=[none=0.00 m0=1.00 m1=0.00]
[u  342] env= 11206656 rsucc=0.888 n_rounds= 3700 ret=+16.078 len=177.5 ent(t0,t>=1)=(0.002,0.521) aL=-0.0036 vL=0.2209 t0=[none=0.00 m0=1.00 m1=0.00]
[u  343] env= 11239424 rsucc=0.891 n_rounds= 3696 ret=+16.041 len=179.1 ent(t0,t>=1)=(0.002,0.532) aL=-0.0010 vL=0.2770 t0=[none=0.00 m0=1.00 m1=0.00]
[u  344] env= 11272192 rsucc=0.886 n_rounds= 3667 ret=+16.314 len=176.7 ent(t0,t>=1)=(0.002,0.535) aL=-0.0031 vL=0.2396 t0=[none=0.00 m0=1.00 m1=0.00]
[u  345] env= 11304960 rsucc=0.884 n_rounds= 3666 ret=+16.017 len=179.3 ent(t0,t>=1)=(0.002,0.529) aL=+0.0004 vL=0.2404 t0=[none=0.00 m0=1.00 m1=0.00]
[u  346] env= 11337728 rsucc=0.883 n_rounds= 3695 ret=+16.172 len=176.8 ent(t0,t>=1)=(0.002,0.524) aL=-0.0009 vL=0.2480 t0=[none=0.00 m0=1.00 m1=0.00]
[u  347] env= 11370496 rsucc=0.894 n_rounds= 3697 ret=+16.099 len=177.5 ent(t0,t>=1)=(0.001,0.509) aL=-0.0046 vL=0.2407 t0=[none=0.00 m0=1.00 m1=0.00]
[u  348] env= 11403264 rsucc=0.896 n_rounds= 3718 ret=+16.297 len=177.0 ent(t0,t>=1)=(0.001,0.512) aL=-0.0008 vL=0.2590 t0=[none=0.00 m0=1.00 m1=0.00]
[u  349] env= 11436032 rsucc=0.883 n_rounds= 3700 ret=+16.182 len=176.9 ent(t0,t>=1)=(0.001,0.508) aL=-0.0058 vL=0.2141 t0=[none=0.00 m0=1.00 m1=0.00]
[u  350] env= 11468800 rsucc=0.891 n_rounds= 3704 ret=+16.249 len=176.6 ent(t0,t>=1)=(0.001,0.514) aL=-0.0034 vL=0.2292 t0=[none=0.00 m0=1.00 m1=0.00]
[u  351] env= 11501568 rsucc=0.894 n_rounds= 3713 ret=+16.158 len=178.6 ent(t0,t>=1)=(0.001,0.501) aL=-0.0012 vL=0.2373 t0=[none=0.00 m0=1.00 m1=0.00]
[u  352] env= 11534336 rsucc=0.891 n_rounds= 3695 ret=+16.322 len=176.5 ent(t0,t>=1)=(0.001,0.513) aL=-0.0030 vL=0.2175 t0=[none=0.00 m0=1.00 m1=0.00]
[u  353] env= 11567104 rsucc=0.888 n_rounds= 3660 ret=+16.165 len=177.3 ent(t0,t>=1)=(0.001,0.512) aL=+0.0000 vL=0.2230 t0=[none=0.00 m0=1.00 m1=0.00]
[u  354] env= 11599872 rsucc=0.878 n_rounds= 3652 ret=+16.129 len=178.4 ent(t0,t>=1)=(0.001,0.506) aL=-0.0052 vL=0.2009 t0=[none=0.00 m0=1.00 m1=0.00]
[u  355] env= 11632640 rsucc=0.879 n_rounds= 3624 ret=+15.979 len=180.4 ent(t0,t>=1)=(0.001,0.513) aL=+0.0000 vL=0.2225 t0=[none=0.00 m0=1.00 m1=0.00]
[u  356] env= 11665408 rsucc=0.882 n_rounds= 3651 ret=+15.899 len=181.1 ent(t0,t>=1)=(0.001,0.515) aL=-0.0051 vL=0.1970 t0=[none=0.00 m0=1.00 m1=0.00]
[u  357] env= 11698176 rsucc=0.882 n_rounds= 3683 ret=+16.090 len=178.1 ent(t0,t>=1)=(0.001,0.525) aL=-0.0038 vL=0.2173 t0=[none=0.00 m0=1.00 m1=0.00]
[u  358] env= 11730944 rsucc=0.887 n_rounds= 3672 ret=+16.044 len=177.9 ent(t0,t>=1)=(0.001,0.525) aL=-0.0050 vL=0.1884 t0=[none=0.00 m0=1.00 m1=0.00]
[u  359] env= 11763712 rsucc=0.888 n_rounds= 3656 ret=+16.104 len=178.8 ent(t0,t>=1)=(0.001,0.525) aL=-0.0057 vL=0.2006 t0=[none=0.00 m0=1.00 m1=0.00]
[u  360] env= 11796480 rsucc=0.895 n_rounds= 3698 ret=+16.188 len=178.4 ent(t0,t>=1)=(0.001,0.527) aL=-0.0044 vL=0.2280 t0=[none=0.00 m0=1.00 m1=0.00]
[u  361] env= 11829248 rsucc=0.894 n_rounds= 3673 ret=+16.290 len=178.2 ent(t0,t>=1)=(0.001,0.541) aL=-0.0049 vL=0.2018 t0=[none=0.00 m0=1.00 m1=0.00]
[u  362] env= 11862016 rsucc=0.887 n_rounds= 3630 ret=+16.172 len=179.0 ent(t0,t>=1)=(0.000,0.545) aL=-0.0063 vL=0.2029 t0=[none=0.00 m0=1.00 m1=0.00]
[u  363] env= 11894784 rsucc=0.901 n_rounds= 3706 ret=+16.239 len=179.2 ent(t0,t>=1)=(0.000,0.538) aL=-0.0018 vL=0.2178 t0=[none=0.00 m0=1.00 m1=0.00]
[u  364] env= 11927552 rsucc=0.899 n_rounds= 3720 ret=+16.353 len=177.8 ent(t0,t>=1)=(0.000,0.539) aL=-0.0053 vL=0.2002 t0=[none=0.00 m0=1.00 m1=0.00]
[u  365] env= 11960320 rsucc=0.904 n_rounds= 3677 ret=+16.528 len=176.1 ent(t0,t>=1)=(0.000,0.536) aL=-0.0018 vL=0.2002 t0=[none=0.00 m0=1.00 m1=0.00]
[u  366] env= 11993088 rsucc=0.898 n_rounds= 3666 ret=+16.373 len=178.0 ent(t0,t>=1)=(0.000,0.538) aL=+0.0012 vL=0.2310 t0=[none=0.00 m0=1.00 m1=0.00]
[u  367] env= 12025856 rsucc=0.896 n_rounds= 3706 ret=+16.301 len=178.4 ent(t0,t>=1)=(0.000,0.540) aL=-0.0031 vL=0.2081 t0=[none=0.00 m0=1.00 m1=0.00]
[u  368] env= 12058624 rsucc=0.900 n_rounds= 3713 ret=+16.374 len=176.0 ent(t0,t>=1)=(0.000,0.527) aL=-0.0040 vL=0.2198 t0=[none=0.00 m0=1.00 m1=0.00]
[u  369] env= 12091392 rsucc=0.905 n_rounds= 3736 ret=+16.494 len=176.0 ent(t0,t>=1)=(0.000,0.515) aL=-0.0020 vL=0.2344 t0=[none=0.00 m0=1.00 m1=0.00]
[u  370] env= 12124160 rsucc=0.895 n_rounds= 3713 ret=+16.405 len=176.5 ent(t0,t>=1)=(0.000,0.535) aL=-0.0053 vL=0.2426 t0=[none=0.00 m0=1.00 m1=0.00]
[u  371] env= 12156928 rsucc=0.912 n_rounds= 3745 ret=+16.530 len=175.1 ent(t0,t>=1)=(0.000,0.518) aL=-0.0059 vL=0.2110 t0=[none=0.00 m0=1.00 m1=0.00]
[u  372] env= 12189696 rsucc=0.907 n_rounds= 3708 ret=+16.511 len=177.1 ent(t0,t>=1)=(0.000,0.526) aL=-0.0034 vL=0.2065 t0=[none=0.00 m0=1.00 m1=0.00]
[u  373] env= 12222464 rsucc=0.904 n_rounds= 3704 ret=+16.588 len=175.5 ent(t0,t>=1)=(0.000,0.538) aL=-0.0049 vL=0.2038 t0=[none=0.00 m0=1.00 m1=0.00]
[u  374] env= 12255232 rsucc=0.902 n_rounds= 3687 ret=+16.516 len=177.1 ent(t0,t>=1)=(0.000,0.539) aL=-0.0049 vL=0.2039 t0=[none=0.00 m0=1.00 m1=0.00]
[u  375] env= 12288000 rsucc=0.893 n_rounds= 3660 ret=+16.208 len=180.2 ent(t0,t>=1)=(0.000,0.549) aL=-0.0048 vL=0.2148 t0=[none=0.00 m0=1.00 m1=0.00]
[u  376] env= 12320768 rsucc=0.914 n_rounds= 3736 ret=+16.561 len=176.2 ent(t0,t>=1)=(0.000,0.530) aL=-0.0034 vL=0.2285 t0=[none=0.00 m0=1.00 m1=0.00]
[u  377] env= 12353536 rsucc=0.899 n_rounds= 3705 ret=+16.540 len=176.0 ent(t0,t>=1)=(0.000,0.550) aL=-0.0048 vL=0.2231 t0=[none=0.00 m0=1.00 m1=0.00]
[u  378] env= 12386304 rsucc=0.904 n_rounds= 3708 ret=+16.467 len=176.7 ent(t0,t>=1)=(0.000,0.531) aL=-0.0066 vL=0.2105 t0=[none=0.00 m0=1.00 m1=0.00]
[u  379] env= 12419072 rsucc=0.899 n_rounds= 3638 ret=+16.488 len=177.9 ent(t0,t>=1)=(0.000,0.546) aL=-0.0039 vL=0.2038 t0=[none=0.00 m0=1.00 m1=0.00]
[u  380] env= 12451840 rsucc=0.897 n_rounds= 3687 ret=+16.355 len=178.5 ent(t0,t>=1)=(0.000,0.547) aL=-0.0000 vL=0.2382 t0=[none=0.00 m0=1.00 m1=0.00]
[u  381] env= 12484608 rsucc=0.894 n_rounds= 3660 ret=+16.321 len=178.0 ent(t0,t>=1)=(0.000,0.546) aL=-0.0037 vL=0.2205 t0=[none=0.00 m0=1.00 m1=0.00]
[u  382] env= 12517376 rsucc=0.886 n_rounds= 3611 ret=+16.209 len=180.6 ent(t0,t>=1)=(0.000,0.563) aL=-0.0052 vL=0.2169 t0=[none=0.00 m0=1.00 m1=0.00]
[u  383] env= 12550144 rsucc=0.897 n_rounds= 3634 ret=+16.179 len=180.7 ent(t0,t>=1)=(0.000,0.539) aL=-0.0015 vL=0.2466 t0=[none=0.00 m0=1.00 m1=0.00]
[u  384] env= 12582912 rsucc=0.896 n_rounds= 3627 ret=+16.204 len=181.1 ent(t0,t>=1)=(0.000,0.539) aL=-0.0027 vL=0.2220 t0=[none=0.00 m0=1.00 m1=0.00]
[u  385] env= 12615680 rsucc=0.896 n_rounds= 3650 ret=+16.380 len=180.0 ent(t0,t>=1)=(0.000,0.531) aL=-0.0053 vL=0.2138 t0=[none=0.00 m0=1.00 m1=0.00]
[u  386] env= 12648448 rsucc=0.906 n_rounds= 3721 ret=+16.402 len=178.3 ent(t0,t>=1)=(0.000,0.537) aL=-0.0022 vL=0.2200 t0=[none=0.00 m0=1.00 m1=0.00]
[u  387] env= 12681216 rsucc=0.903 n_rounds= 3701 ret=+16.467 len=177.1 ent(t0,t>=1)=(0.000,0.534) aL=-0.0046 vL=0.2115 t0=[none=0.00 m0=1.00 m1=0.00]
[u  388] env= 12713984 rsucc=0.902 n_rounds= 3693 ret=+16.466 len=177.2 ent(t0,t>=1)=(0.000,0.529) aL=-0.0009 vL=0.2314 t0=[none=0.00 m0=1.00 m1=0.00]
[u  389] env= 12746752 rsucc=0.902 n_rounds= 3676 ret=+16.371 len=178.3 ent(t0,t>=1)=(0.000,0.549) aL=-0.0032 vL=0.2037 t0=[none=0.00 m0=1.00 m1=0.00]
[u  390] env= 12779520 rsucc=0.902 n_rounds= 3690 ret=+16.451 len=177.5 ent(t0,t>=1)=(0.000,0.550) aL=-0.0029 vL=0.2197 t0=[none=0.00 m0=1.00 m1=0.00]
[u  391] env= 12812288 rsucc=0.900 n_rounds= 3662 ret=+16.390 len=178.4 ent(t0,t>=1)=(0.000,0.530) aL=-0.0048 vL=0.2059 t0=[none=0.00 m0=1.00 m1=0.00]
[u  392] env= 12845056 rsucc=0.903 n_rounds= 3648 ret=+16.485 len=178.2 ent(t0,t>=1)=(0.000,0.536) aL=-0.0029 vL=0.2285 t0=[none=0.00 m0=1.00 m1=0.00]
[u  393] env= 12877824 rsucc=0.910 n_rounds= 3698 ret=+16.444 len=179.3 ent(t0,t>=1)=(0.001,0.540) aL=-0.0047 vL=0.2005 t0=[none=0.00 m0=1.00 m1=0.00]
[u  394] env= 12910592 rsucc=0.917 n_rounds= 3742 ret=+16.695 len=177.3 ent(t0,t>=1)=(0.001,0.550) aL=-0.0058 vL=0.2018 t0=[none=0.00 m0=1.00 m1=0.00]
[u  395] env= 12943360 rsucc=0.905 n_rounds= 3692 ret=+16.710 len=176.1 ent(t0,t>=1)=(0.001,0.571) aL=-0.0040 vL=0.2254 t0=[none=0.00 m0=1.00 m1=0.00]
[u  396] env= 12976128 rsucc=0.917 n_rounds= 3686 ret=+16.615 len=176.6 ent(t0,t>=1)=(0.001,0.580) aL=-0.0055 vL=0.2204 t0=[none=0.00 m0=1.00 m1=0.00]
[u  397] env= 13008896 rsucc=0.906 n_rounds= 3686 ret=+16.653 len=178.0 ent(t0,t>=1)=(0.002,0.599) aL=-0.0026 vL=0.2223 t0=[none=0.00 m0=1.00 m1=0.00]
[u  398] env= 13041664 rsucc=0.902 n_rounds= 3676 ret=+16.460 len=178.7 ent(t0,t>=1)=(0.002,0.597) aL=-0.0025 vL=0.2162 t0=[none=0.00 m0=1.00 m1=0.00]
[u  399] env= 13074432 rsucc=0.892 n_rounds= 3607 ret=+16.377 len=179.8 ent(t0,t>=1)=(0.002,0.594) aL=-0.0072 vL=0.1948 t0=[none=0.00 m0=1.00 m1=0.00]
[u  400] env= 13107200 rsucc=0.899 n_rounds= 3668 ret=+16.339 len=179.8 ent(t0,t>=1)=(0.001,0.591) aL=-0.0043 vL=0.2211 t0=[none=0.00 m0=1.00 m1=0.00]
[u  401] env= 13139968 rsucc=0.909 n_rounds= 3729 ret=+16.418 len=176.8 ent(t0,t>=1)=(0.001,0.573) aL=-0.0062 vL=0.2152 t0=[none=0.00 m0=1.00 m1=0.00]
[u  402] env= 13172736 rsucc=0.905 n_rounds= 3697 ret=+16.582 len=177.3 ent(t0,t>=1)=(0.001,0.569) aL=-0.0041 vL=0.2298 t0=[none=0.00 m0=1.00 m1=0.00]
[u  403] env= 13205504 rsucc=0.889 n_rounds= 3690 ret=+16.274 len=177.7 ent(t0,t>=1)=(0.001,0.588) aL=-0.0061 vL=0.2104 t0=[none=0.00 m0=1.00 m1=0.00]
[u  404] env= 13238272 rsucc=0.906 n_rounds= 3729 ret=+16.389 len=177.5 ent(t0,t>=1)=(0.001,0.571) aL=-0.0063 vL=0.2105 t0=[none=0.00 m0=1.00 m1=0.00]
[u  405] env= 13271040 rsucc=0.901 n_rounds= 3715 ret=+16.496 len=176.2 ent(t0,t>=1)=(0.001,0.592) aL=-0.0062 vL=0.2037 t0=[none=0.00 m0=1.00 m1=0.00]
[u  406] env= 13303808 rsucc=0.901 n_rounds= 3667 ret=+16.247 len=177.6 ent(t0,t>=1)=(0.001,0.603) aL=-0.0043 vL=0.2351 t0=[none=0.00 m0=1.00 m1=0.00]
[u  407] env= 13336576 rsucc=0.900 n_rounds= 3677 ret=+16.526 len=178.0 ent(t0,t>=1)=(0.001,0.599) aL=-0.0035 vL=0.2361 t0=[none=0.00 m0=1.00 m1=0.00]
[u  408] env= 13369344 rsucc=0.900 n_rounds= 3667 ret=+16.323 len=179.1 ent(t0,t>=1)=(0.001,0.611) aL=-0.0046 vL=0.2211 t0=[none=0.00 m0=1.00 m1=0.00]
[u  409] env= 13402112 rsucc=0.894 n_rounds= 3648 ret=+16.326 len=178.5 ent(t0,t>=1)=(0.001,0.612) aL=-0.0048 vL=0.1981 t0=[none=0.00 m0=1.00 m1=0.00]
[u  410] env= 13434880 rsucc=0.911 n_rounds= 3703 ret=+16.475 len=178.1 ent(t0,t>=1)=(0.001,0.591) aL=-0.0044 vL=0.2045 t0=[none=0.00 m0=1.00 m1=0.00]
[u  411] env= 13467648 rsucc=0.907 n_rounds= 3713 ret=+16.604 len=176.7 ent(t0,t>=1)=(0.001,0.594) aL=-0.0026 vL=0.2432 t0=[none=0.00 m0=1.00 m1=0.00]
[u  412] env= 13500416 rsucc=0.903 n_rounds= 3696 ret=+16.566 len=175.8 ent(t0,t>=1)=(0.001,0.597) aL=-0.0039 vL=0.2578 t0=[none=0.00 m0=1.00 m1=0.00]
[u  413] env= 13533184 rsucc=0.910 n_rounds= 3716 ret=+16.461 len=178.2 ent(t0,t>=1)=(0.001,0.575) aL=-0.0030 vL=0.2340 t0=[none=0.00 m0=1.00 m1=0.00]
[u  414] env= 13565952 rsucc=0.903 n_rounds= 3718 ret=+16.550 len=176.2 ent(t0,t>=1)=(0.001,0.590) aL=-0.0058 vL=0.2115 t0=[none=0.00 m0=1.00 m1=0.00]
[u  415] env= 13598720 rsucc=0.904 n_rounds= 3703 ret=+16.643 len=174.9 ent(t0,t>=1)=(0.001,0.587) aL=-0.0046 vL=0.2036 t0=[none=0.00 m0=1.00 m1=0.00]
[u  416] env= 13631488 rsucc=0.906 n_rounds= 3736 ret=+16.523 len=176.7 ent(t0,t>=1)=(0.001,0.595) aL=-0.0045 vL=0.2345 t0=[none=0.00 m0=1.00 m1=0.00]
[u  417] env= 13664256 rsucc=0.907 n_rounds= 3707 ret=+16.415 len=177.0 ent(t0,t>=1)=(0.001,0.606) aL=-0.0026 vL=0.2386 t0=[none=0.00 m0=1.00 m1=0.00]
[u  418] env= 13697024 rsucc=0.900 n_rounds= 3700 ret=+16.515 len=177.2 ent(t0,t>=1)=(0.001,0.615) aL=-0.0054 vL=0.2166 t0=[none=0.00 m0=1.00 m1=0.00]
[u  419] env= 13729792 rsucc=0.913 n_rounds= 3703 ret=+16.467 len=177.0 ent(t0,t>=1)=(0.000,0.602) aL=-0.0040 vL=0.2126 t0=[none=0.00 m0=1.00 m1=0.00]
[u  420] env= 13762560 rsucc=0.908 n_rounds= 3715 ret=+16.737 len=176.4 ent(t0,t>=1)=(0.000,0.600) aL=-0.0020 vL=0.2532 t0=[none=0.00 m0=1.00 m1=0.00]
[u  421] env= 13795328 rsucc=0.906 n_rounds= 3752 ret=+16.491 len=176.7 ent(t0,t>=1)=(0.000,0.591) aL=-0.0069 vL=0.2216 t0=[none=0.00 m0=1.00 m1=0.00]
[u  422] env= 13828096 rsucc=0.899 n_rounds= 3686 ret=+16.549 len=175.7 ent(t0,t>=1)=(0.000,0.601) aL=-0.0042 vL=0.2384 t0=[none=0.00 m0=1.00 m1=0.00]
[u  423] env= 13860864 rsucc=0.907 n_rounds= 3684 ret=+16.414 len=177.8 ent(t0,t>=1)=(0.000,0.602) aL=-0.0018 vL=0.2338 t0=[none=0.00 m0=1.00 m1=0.00]
[u  424] env= 13893632 rsucc=0.899 n_rounds= 3683 ret=+16.495 len=177.9 ent(t0,t>=1)=(0.000,0.586) aL=-0.0050 vL=0.1999 t0=[none=0.00 m0=1.00 m1=0.00]
[u  425] env= 13926400 rsucc=0.905 n_rounds= 3688 ret=+16.304 len=178.7 ent(t0,t>=1)=(0.000,0.595) aL=-0.0042 vL=0.2365 t0=[none=0.00 m0=1.00 m1=0.00]
[u  426] env= 13959168 rsucc=0.911 n_rounds= 3709 ret=+16.580 len=176.7 ent(t0,t>=1)=(0.000,0.582) aL=-0.0053 vL=0.2008 t0=[none=0.00 m0=1.00 m1=0.00]
[u  427] env= 13991936 rsucc=0.907 n_rounds= 3722 ret=+16.672 len=176.5 ent(t0,t>=1)=(0.000,0.583) aL=-0.0029 vL=0.2333 t0=[none=0.00 m0=1.00 m1=0.00]
[u  428] env= 14024704 rsucc=0.908 n_rounds= 3719 ret=+16.583 len=175.9 ent(t0,t>=1)=(0.000,0.572) aL=-0.0032 vL=0.2335 t0=[none=0.00 m0=1.00 m1=0.00]
[u  429] env= 14057472 rsucc=0.905 n_rounds= 3695 ret=+16.518 len=177.0 ent(t0,t>=1)=(0.000,0.595) aL=-0.0040 vL=0.2265 t0=[none=0.00 m0=1.00 m1=0.00]
[u  430] env= 14090240 rsucc=0.911 n_rounds= 3759 ret=+16.696 len=175.8 ent(t0,t>=1)=(0.000,0.582) aL=-0.0038 vL=0.2159 t0=[none=0.00 m0=1.00 m1=0.00]
[u  431] env= 14123008 rsucc=0.898 n_rounds= 3685 ret=+16.457 len=175.6 ent(t0,t>=1)=(0.001,0.593) aL=-0.0052 vL=0.2160 t0=[none=0.00 m0=1.00 m1=0.00]
[u  432] env= 14155776 rsucc=0.911 n_rounds= 3717 ret=+16.495 len=177.6 ent(t0,t>=1)=(0.001,0.587) aL=-0.0049 vL=0.2225 t0=[none=0.00 m0=1.00 m1=0.00]
[u  433] env= 14188544 rsucc=0.911 n_rounds= 3713 ret=+16.538 len=177.3 ent(t0,t>=1)=(0.001,0.594) aL=-0.0019 vL=0.2308 t0=[none=0.00 m0=1.00 m1=0.00]
[u  434] env= 14221312 rsucc=0.901 n_rounds= 3721 ret=+16.597 len=175.7 ent(t0,t>=1)=(0.001,0.597) aL=-0.0063 vL=0.2100 t0=[none=0.00 m0=1.00 m1=0.00]
[u  435] env= 14254080 rsucc=0.910 n_rounds= 3708 ret=+16.544 len=176.3 ent(t0,t>=1)=(0.000,0.593) aL=-0.0048 vL=0.2161 t0=[none=0.00 m0=1.00 m1=0.00]
[u  436] env= 14286848 rsucc=0.917 n_rounds= 3724 ret=+16.619 len=176.8 ent(t0,t>=1)=(0.000,0.579) aL=-0.0034 vL=0.2453 t0=[none=0.00 m0=1.00 m1=0.00]
[u  437] env= 14319616 rsucc=0.912 n_rounds= 3742 ret=+16.689 len=175.7 ent(t0,t>=1)=(0.000,0.560) aL=-0.0003 vL=0.2318 t0=[none=0.00 m0=1.00 m1=0.00]
[u  438] env= 14352384 rsucc=0.911 n_rounds= 3700 ret=+16.782 len=175.1 ent(t0,t>=1)=(0.000,0.566) aL=-0.0026 vL=0.2169 t0=[none=0.00 m0=1.00 m1=0.00]
[u  439] env= 14385152 rsucc=0.908 n_rounds= 3698 ret=+16.564 len=176.8 ent(t0,t>=1)=(0.000,0.567) aL=-0.0008 vL=0.2424 t0=[none=0.00 m0=1.00 m1=0.00]
[u  440] env= 14417920 rsucc=0.909 n_rounds= 3704 ret=+16.655 len=176.9 ent(t0,t>=1)=(0.000,0.574) aL=-0.0033 vL=0.2460 t0=[none=0.00 m0=1.00 m1=0.00]
[u  441] env= 14450688 rsucc=0.908 n_rounds= 3702 ret=+16.457 len=177.1 ent(t0,t>=1)=(0.000,0.574) aL=-0.0045 vL=0.2211 t0=[none=0.00 m0=1.00 m1=0.00]
[u  442] env= 14483456 rsucc=0.903 n_rounds= 3730 ret=+16.564 len=176.3 ent(t0,t>=1)=(0.000,0.565) aL=-0.0051 vL=0.2159 t0=[none=0.00 m0=1.00 m1=0.00]
[u  443] env= 14516224 rsucc=0.906 n_rounds= 3656 ret=+16.375 len=177.7 ent(t0,t>=1)=(0.000,0.562) aL=-0.0039 vL=0.2387 t0=[none=0.00 m0=1.00 m1=0.00]
[u  444] env= 14548992 rsucc=0.908 n_rounds= 3755 ret=+16.800 len=175.8 ent(t0,t>=1)=(0.000,0.559) aL=-0.0043 vL=0.2283 t0=[none=0.00 m0=1.00 m1=0.00]
[u  445] env= 14581760 rsucc=0.915 n_rounds= 3746 ret=+16.564 len=176.3 ent(t0,t>=1)=(0.001,0.556) aL=-0.0044 vL=0.2367 t0=[none=0.00 m0=1.00 m1=0.00]
[u  446] env= 14614528 rsucc=0.908 n_rounds= 3739 ret=+16.567 len=175.3 ent(t0,t>=1)=(0.001,0.570) aL=-0.0029 vL=0.2296 t0=[none=0.00 m0=1.00 m1=0.00]
[u  447] env= 14647296 rsucc=0.916 n_rounds= 3717 ret=+16.712 len=175.5 ent(t0,t>=1)=(0.001,0.558) aL=-0.0016 vL=0.2542 t0=[none=0.00 m0=1.00 m1=0.00]
[u  448] env= 14680064 rsucc=0.911 n_rounds= 3695 ret=+16.655 len=177.0 ent(t0,t>=1)=(0.001,0.560) aL=-0.0035 vL=0.2422 t0=[none=0.00 m0=1.00 m1=0.00]
[u  449] env= 14712832 rsucc=0.916 n_rounds= 3741 ret=+16.791 len=175.0 ent(t0,t>=1)=(0.001,0.576) aL=-0.0040 vL=0.2278 t0=[none=0.00 m0=1.00 m1=0.00]
[u  450] env= 14745600 rsucc=0.908 n_rounds= 3729 ret=+16.562 len=176.2 ent(t0,t>=1)=(0.001,0.569) aL=-0.0048 vL=0.2235 t0=[none=0.00 m0=1.00 m1=0.00]
[u  451] env= 14778368 rsucc=0.920 n_rounds= 3751 ret=+16.735 len=175.6 ent(t0,t>=1)=(0.001,0.566) aL=-0.0055 vL=0.2076 t0=[none=0.00 m0=1.00 m1=0.00]
[u  452] env= 14811136 rsucc=0.923 n_rounds= 3803 ret=+16.971 len=173.4 ent(t0,t>=1)=(0.001,0.566) aL=-0.0042 vL=0.2163 t0=[none=0.00 m0=1.00 m1=0.00]
[u  453] env= 14843904 rsucc=0.913 n_rounds= 3743 ret=+16.698 len=173.7 ent(t0,t>=1)=(0.003,0.588) aL=-0.0022 vL=0.2441 t0=[none=0.00 m0=1.00 m1=0.00]
[u  454] env= 14876672 rsucc=0.916 n_rounds= 3752 ret=+16.699 len=175.1 ent(t0,t>=1)=(0.002,0.573) aL=-0.0047 vL=0.1918 t0=[none=0.00 m0=1.00 m1=0.00]
[u  455] env= 14909440 rsucc=0.910 n_rounds= 3735 ret=+16.693 len=174.8 ent(t0,t>=1)=(0.001,0.569) aL=-0.0000 vL=0.2800 t0=[none=0.00 m0=1.00 m1=0.00]
[u  456] env= 14942208 rsucc=0.915 n_rounds= 3724 ret=+16.660 len=175.5 ent(t0,t>=1)=(0.002,0.579) aL=-0.0043 vL=0.2303 t0=[none=0.00 m0=1.00 m1=0.00]
[u  457] env= 14974976 rsucc=0.908 n_rounds= 3725 ret=+16.805 len=175.4 ent(t0,t>=1)=(0.001,0.588) aL=-0.0038 vL=0.2264 t0=[none=0.00 m0=1.00 m1=0.00]
[u  458] env= 15007744 rsucc=0.912 n_rounds= 3711 ret=+16.637 len=176.0 ent(t0,t>=1)=(0.001,0.570) aL=-0.0041 vL=0.2061 t0=[none=0.00 m0=1.00 m1=0.00]
[u  459] env= 15040512 rsucc=0.906 n_rounds= 3707 ret=+16.529 len=177.3 ent(t0,t>=1)=(0.001,0.576) aL=-0.0057 vL=0.2098 t0=[none=0.00 m0=1.00 m1=0.00]
[u  460] env= 15073280 rsucc=0.913 n_rounds= 3758 ret=+16.771 len=174.6 ent(t0,t>=1)=(0.001,0.580) aL=-0.0049 vL=0.2478 t0=[none=0.00 m0=1.00 m1=0.00]
[u  461] env= 15106048 rsucc=0.916 n_rounds= 3771 ret=+16.660 len=174.6 ent(t0,t>=1)=(0.001,0.564) aL=-0.0063 vL=0.2080 t0=[none=0.00 m0=1.00 m1=0.00]
[u  462] env= 15138816 rsucc=0.915 n_rounds= 3786 ret=+16.702 len=173.9 ent(t0,t>=1)=(0.001,0.568) aL=-0.0065 vL=0.1958 t0=[none=0.00 m0=1.00 m1=0.00]
[u  463] env= 15171584 rsucc=0.907 n_rounds= 3715 ret=+16.710 len=174.4 ent(t0,t>=1)=(0.002,0.582) aL=-0.0055 vL=0.2165 t0=[none=0.00 m0=1.00 m1=0.00]
[u  464] env= 15204352 rsucc=0.911 n_rounds= 3746 ret=+16.612 len=175.3 ent(t0,t>=1)=(0.002,0.583) aL=-0.0050 vL=0.2097 t0=[none=0.00 m0=1.00 m1=0.00]
[u  465] env= 15237120 rsucc=0.902 n_rounds= 3702 ret=+16.500 len=177.2 ent(t0,t>=1)=(0.001,0.592) aL=-0.0035 vL=0.2201 t0=[none=0.00 m0=1.00 m1=0.00]
[u  466] env= 15269888 rsucc=0.909 n_rounds= 3736 ret=+16.601 len=174.8 ent(t0,t>=1)=(0.002,0.581) aL=-0.0075 vL=0.1996 t0=[none=0.00 m0=1.00 m1=0.00]
[u  467] env= 15302656 rsucc=0.905 n_rounds= 3674 ret=+16.531 len=177.2 ent(t0,t>=1)=(0.001,0.585) aL=-0.0068 vL=0.2039 t0=[none=0.00 m0=1.00 m1=0.00]
[u  468] env= 15335424 rsucc=0.905 n_rounds= 3702 ret=+16.499 len=177.4 ent(t0,t>=1)=(0.001,0.593) aL=-0.0057 vL=0.2048 t0=[none=0.00 m0=1.00 m1=0.00]
[u  469] env= 15368192 rsucc=0.911 n_rounds= 3727 ret=+16.562 len=177.3 ent(t0,t>=1)=(0.001,0.584) aL=-0.0063 vL=0.2040 t0=[none=0.00 m0=1.00 m1=0.00]
[u  470] env= 15400960 rsucc=0.909 n_rounds= 3736 ret=+16.646 len=175.2 ent(t0,t>=1)=(0.001,0.594) aL=-0.0053 vL=0.2142 t0=[none=0.00 m0=1.00 m1=0.00]
[u  471] env= 15433728 rsucc=0.917 n_rounds= 3735 ret=+16.648 len=176.4 ent(t0,t>=1)=(0.001,0.562) aL=-0.0049 vL=0.2100 t0=[none=0.00 m0=1.00 m1=0.00]
[u  472] env= 15466496 rsucc=0.911 n_rounds= 3737 ret=+16.744 len=174.8 ent(t0,t>=1)=(0.001,0.571) aL=-0.0038 vL=0.2249 t0=[none=0.00 m0=1.00 m1=0.00]
[u  473] env= 15499264 rsucc=0.910 n_rounds= 3708 ret=+16.698 len=175.3 ent(t0,t>=1)=(0.001,0.565) aL=-0.0059 vL=0.1919 t0=[none=0.00 m0=1.00 m1=0.00]
[u  474] env= 15532032 rsucc=0.894 n_rounds= 3706 ret=+16.404 len=177.1 ent(t0,t>=1)=(0.000,0.589) aL=-0.0047 vL=0.2147 t0=[none=0.00 m0=1.00 m1=0.00]
[u  475] env= 15564800 rsucc=0.908 n_rounds= 3734 ret=+16.395 len=176.9 ent(t0,t>=1)=(0.000,0.581) aL=-0.0022 vL=0.2344 t0=[none=0.00 m0=1.00 m1=0.00]
[u  476] env= 15597568 rsucc=0.913 n_rounds= 3750 ret=+16.683 len=174.1 ent(t0,t>=1)=(0.001,0.573) aL=-0.0052 vL=0.2074 t0=[none=0.00 m0=1.00 m1=0.00]
[u  477] env= 15630336 rsucc=0.901 n_rounds= 3696 ret=+16.669 len=175.8 ent(t0,t>=1)=(0.001,0.584) aL=-0.0048 vL=0.2084 t0=[none=0.00 m0=1.00 m1=0.00]
[u  478] env= 15663104 rsucc=0.893 n_rounds= 3654 ret=+16.461 len=177.3 ent(t0,t>=1)=(0.001,0.582) aL=-0.0052 vL=0.2127 t0=[none=0.00 m0=1.00 m1=0.00]
[u  479] env= 15695872 rsucc=0.904 n_rounds= 3716 ret=+16.309 len=178.4 ent(t0,t>=1)=(0.001,0.595) aL=-0.0056 vL=0.2140 t0=[none=0.00 m0=1.00 m1=0.00]
[u  480] env= 15728640 rsucc=0.910 n_rounds= 3739 ret=+16.517 len=176.4 ent(t0,t>=1)=(0.001,0.577) aL=-0.0062 vL=0.1846 t0=[none=0.00 m0=1.00 m1=0.00]
[u  481] env= 15761408 rsucc=0.899 n_rounds= 3716 ret=+16.494 len=175.8 ent(t0,t>=1)=(0.001,0.596) aL=-0.0029 vL=0.2122 t0=[none=0.00 m0=1.00 m1=0.00]
[u  482] env= 15794176 rsucc=0.896 n_rounds= 3657 ret=+16.338 len=177.9 ent(t0,t>=1)=(0.001,0.605) aL=-0.0055 vL=0.2247 t0=[none=0.00 m0=1.00 m1=0.00]
[u  483] env= 15826944 rsucc=0.904 n_rounds= 3726 ret=+16.535 len=176.3 ent(t0,t>=1)=(0.000,0.600) aL=-0.0066 vL=0.1805 t0=[none=0.00 m0=1.00 m1=0.00]
[u  484] env= 15859712 rsucc=0.917 n_rounds= 3755 ret=+16.504 len=176.1 ent(t0,t>=1)=(0.001,0.584) aL=-0.0062 vL=0.1928 t0=[none=0.00 m0=1.00 m1=0.00]
[u  485] env= 15892480 rsucc=0.897 n_rounds= 3702 ret=+16.570 len=175.7 ent(t0,t>=1)=(0.000,0.589) aL=-0.0034 vL=0.2413 t0=[none=0.00 m0=1.00 m1=0.00]
[u  486] env= 15925248 rsucc=0.900 n_rounds= 3684 ret=+16.455 len=177.0 ent(t0,t>=1)=(0.000,0.598) aL=-0.0040 vL=0.2013 t0=[none=0.00 m0=1.00 m1=0.00]
[u  487] env= 15958016 rsucc=0.910 n_rounds= 3737 ret=+16.445 len=176.3 ent(t0,t>=1)=(0.000,0.575) aL=-0.0066 vL=0.1878 t0=[none=0.00 m0=1.00 m1=0.00]
[u  488] env= 15990784 rsucc=0.907 n_rounds= 3742 ret=+16.581 len=176.8 ent(t0,t>=1)=(0.000,0.571) aL=-0.0050 vL=0.1971 t0=[none=0.00 m0=1.00 m1=0.00]
[u  489] env= 16023552 rsucc=0.900 n_rounds= 3683 ret=+16.618 len=175.1 ent(t0,t>=1)=(0.000,0.588) aL=-0.0052 vL=0.2035 t0=[none=0.00 m0=1.00 m1=0.00]
[u  490] env= 16056320 rsucc=0.899 n_rounds= 3701 ret=+16.339 len=177.7 ent(t0,t>=1)=(0.000,0.596) aL=-0.0063 vL=0.1857 t0=[none=0.00 m0=1.00 m1=0.00]
[u  491] env= 16089088 rsucc=0.886 n_rounds= 3656 ret=+16.209 len=178.9 ent(t0,t>=1)=(0.000,0.586) aL=-0.0039 vL=0.1976 t0=[none=0.00 m0=1.00 m1=0.00]
[u  492] env= 16121856 rsucc=0.897 n_rounds= 3685 ret=+16.333 len=178.0 ent(t0,t>=1)=(0.000,0.582) aL=-0.0030 vL=0.2260 t0=[none=0.00 m0=1.00 m1=0.00]
[u  493] env= 16154624 rsucc=0.892 n_rounds= 3662 ret=+16.286 len=178.1 ent(t0,t>=1)=(0.000,0.601) aL=-0.0073 vL=0.1800 t0=[none=0.00 m0=1.00 m1=0.00]
[u  494] env= 16187392 rsucc=0.905 n_rounds= 3688 ret=+16.291 len=179.7 ent(t0,t>=1)=(0.000,0.590) aL=-0.0070 vL=0.1709 t0=[none=0.00 m0=1.00 m1=0.00]
[u  495] env= 16220160 rsucc=0.898 n_rounds= 3688 ret=+16.381 len=177.8 ent(t0,t>=1)=(0.000,0.585) aL=-0.0058 vL=0.2007 t0=[none=0.00 m0=1.00 m1=0.00]
[u  496] env= 16252928 rsucc=0.899 n_rounds= 3668 ret=+16.456 len=177.4 ent(t0,t>=1)=(0.000,0.597) aL=-0.0050 vL=0.1985 t0=[none=0.00 m0=1.00 m1=0.00]
[u  497] env= 16285696 rsucc=0.901 n_rounds= 3721 ret=+16.369 len=176.7 ent(t0,t>=1)=(0.001,0.605) aL=-0.0036 vL=0.2067 t0=[none=0.00 m0=1.00 m1=0.00]
[u  498] env= 16318464 rsucc=0.903 n_rounds= 3725 ret=+16.396 len=176.7 ent(t0,t>=1)=(0.001,0.579) aL=-0.0050 vL=0.1922 t0=[none=0.00 m0=1.00 m1=0.00]
[u  499] env= 16351232 rsucc=0.909 n_rounds= 3745 ret=+16.601 len=175.1 ent(t0,t>=1)=(0.001,0.564) aL=-0.0043 vL=0.2026 t0=[none=0.00 m0=1.00 m1=0.00]
[u  500] env= 16384000 rsucc=0.908 n_rounds= 3757 ret=+16.628 len=174.8 ent(t0,t>=1)=(0.001,0.561) aL=-0.0067 vL=0.1773 t0=[none=0.00 m0=1.00 m1=0.00]
[u  501] env= 16416768 rsucc=0.894 n_rounds= 3700 ret=+16.475 len=175.7 ent(t0,t>=1)=(0.001,0.565) aL=-0.0051 vL=0.1918 t0=[none=0.00 m0=1.00 m1=0.00]
[u  502] env= 16449536 rsucc=0.908 n_rounds= 3730 ret=+16.411 len=176.4 ent(t0,t>=1)=(0.001,0.554) aL=-0.0057 vL=0.1952 t0=[none=0.00 m0=1.00 m1=0.00]
[u  503] env= 16482304 rsucc=0.900 n_rounds= 3708 ret=+16.444 len=176.3 ent(t0,t>=1)=(0.001,0.569) aL=-0.0021 vL=0.2133 t0=[none=0.00 m0=1.00 m1=0.00]
[u  504] env= 16515072 rsucc=0.902 n_rounds= 3731 ret=+16.374 len=176.0 ent(t0,t>=1)=(0.001,0.556) aL=-0.0045 vL=0.1998 t0=[none=0.00 m0=1.00 m1=0.00]
[u  505] env= 16547840 rsucc=0.906 n_rounds= 3723 ret=+16.511 len=176.5 ent(t0,t>=1)=(0.001,0.555) aL=-0.0021 vL=0.2207 t0=[none=0.00 m0=1.00 m1=0.00]
[u  506] env= 16580608 rsucc=0.904 n_rounds= 3757 ret=+16.614 len=174.0 ent(t0,t>=1)=(0.002,0.553) aL=-0.0040 vL=0.2125 t0=[none=0.00 m0=1.00 m1=0.00]
[u  507] env= 16613376 rsucc=0.904 n_rounds= 3731 ret=+16.499 len=174.4 ent(t0,t>=1)=(0.002,0.555) aL=-0.0058 vL=0.1983 t0=[none=0.00 m0=1.00 m1=0.00]
[u  508] env= 16646144 rsucc=0.900 n_rounds= 3725 ret=+16.431 len=177.1 ent(t0,t>=1)=(0.002,0.562) aL=-0.0063 vL=0.2036 t0=[none=0.00 m0=1.00 m1=0.00]
[u  509] env= 16678912 rsucc=0.904 n_rounds= 3705 ret=+16.480 len=175.7 ent(t0,t>=1)=(0.002,0.563) aL=-0.0021 vL=0.2485 t0=[none=0.00 m0=1.00 m1=0.00]
[u  510] env= 16711680 rsucc=0.911 n_rounds= 3771 ret=+16.456 len=176.8 ent(t0,t>=1)=(0.002,0.562) aL=-0.0044 vL=0.2330 t0=[none=0.00 m0=1.00 m1=0.00]
[u  511] env= 16744448 rsucc=0.902 n_rounds= 3709 ret=+16.573 len=175.2 ent(t0,t>=1)=(0.002,0.569) aL=-0.0062 vL=0.1891 t0=[none=0.00 m0=1.00 m1=0.00]
[u  512] env= 16777216 rsucc=0.907 n_rounds= 3748 ret=+16.590 len=176.1 ent(t0,t>=1)=(0.002,0.578) aL=-0.0035 vL=0.2509 t0=[none=0.00 m0=1.00 m1=0.00]
[u  513] env= 16809984 rsucc=0.902 n_rounds= 3685 ret=+16.433 len=175.7 ent(t0,t>=1)=(0.002,0.589) aL=-0.0056 vL=0.2197 t0=[none=0.00 m0=1.00 m1=0.00]
[u  514] env= 16842752 rsucc=0.906 n_rounds= 3741 ret=+16.488 len=177.4 ent(t0,t>=1)=(0.001,0.593) aL=-0.0054 vL=0.2271 t0=[none=0.00 m0=1.00 m1=0.00]
[u  515] env= 16875520 rsucc=0.905 n_rounds= 3723 ret=+16.511 len=176.2 ent(t0,t>=1)=(0.001,0.579) aL=-0.0023 vL=0.2469 t0=[none=0.00 m0=1.00 m1=0.00]
[u  516] env= 16908288 rsucc=0.902 n_rounds= 3725 ret=+16.563 len=175.6 ent(t0,t>=1)=(0.001,0.579) aL=-0.0034 vL=0.2177 t0=[none=0.00 m0=1.00 m1=0.00]
[u  517] env= 16941056 rsucc=0.902 n_rounds= 3711 ret=+16.552 len=174.4 ent(t0,t>=1)=(0.001,0.585) aL=-0.0048 vL=0.2078 t0=[none=0.00 m0=1.00 m1=0.00]
[u  518] env= 16973824 rsucc=0.903 n_rounds= 3726 ret=+16.379 len=177.1 ent(t0,t>=1)=(0.001,0.587) aL=-0.0046 vL=0.2311 t0=[none=0.00 m0=1.00 m1=0.00]
[u  519] env= 17006592 rsucc=0.906 n_rounds= 3759 ret=+16.454 len=175.9 ent(t0,t>=1)=(0.001,0.570) aL=-0.0054 vL=0.2106 t0=[none=0.00 m0=1.00 m1=0.00]
[u  520] env= 17039360 rsucc=0.894 n_rounds= 3633 ret=+16.445 len=177.6 ent(t0,t>=1)=(0.001,0.593) aL=-0.0040 vL=0.2236 t0=[none=0.00 m0=1.00 m1=0.00]
[u  521] env= 17072128 rsucc=0.904 n_rounds= 3743 ret=+16.396 len=176.6 ent(t0,t>=1)=(0.000,0.598) aL=-0.0045 vL=0.1899 t0=[none=0.00 m0=1.00 m1=0.00]
[u  522] env= 17104896 rsucc=0.897 n_rounds= 3689 ret=+16.424 len=176.2 ent(t0,t>=1)=(0.001,0.565) aL=-0.0036 vL=0.2190 t0=[none=0.00 m0=1.00 m1=0.00]
[u  523] env= 17137664 rsucc=0.898 n_rounds= 3706 ret=+16.382 len=178.3 ent(t0,t>=1)=(0.001,0.585) aL=-0.0069 vL=0.2094 t0=[none=0.00 m0=1.00 m1=0.00]
[u  524] env= 17170432 rsucc=0.896 n_rounds= 3658 ret=+16.336 len=177.6 ent(t0,t>=1)=(0.000,0.583) aL=-0.0049 vL=0.1948 t0=[none=0.00 m0=1.00 m1=0.00]
[u  525] env= 17203200 rsucc=0.907 n_rounds= 3727 ret=+16.457 len=176.9 ent(t0,t>=1)=(0.001,0.576) aL=-0.0018 vL=0.2544 t0=[none=0.00 m0=1.00 m1=0.00]
[u  526] env= 17235968 rsucc=0.899 n_rounds= 3723 ret=+16.508 len=176.7 ent(t0,t>=1)=(0.001,0.555) aL=-0.0055 vL=0.2121 t0=[none=0.00 m0=1.00 m1=0.00]
[u  527] env= 17268736 rsucc=0.900 n_rounds= 3715 ret=+16.531 len=176.1 ent(t0,t>=1)=(0.001,0.574) aL=-0.0065 vL=0.2046 t0=[none=0.00 m0=1.00 m1=0.00]
[u  528] env= 17301504 rsucc=0.905 n_rounds= 3697 ret=+16.319 len=176.9 ent(t0,t>=1)=(0.001,0.571) aL=-0.0056 vL=0.1921 t0=[none=0.00 m0=1.00 m1=0.00]
[u  529] env= 17334272 rsucc=0.905 n_rounds= 3710 ret=+16.531 len=177.6 ent(t0,t>=1)=(0.001,0.550) aL=-0.0057 vL=0.1906 t0=[none=0.00 m0=1.00 m1=0.00]
[u  530] env= 17367040 rsucc=0.902 n_rounds= 3709 ret=+16.449 len=176.3 ent(t0,t>=1)=(0.001,0.550) aL=-0.0037 vL=0.2536 t0=[none=0.00 m0=1.00 m1=0.00]
[u  531] env= 17399808 rsucc=0.904 n_rounds= 3694 ret=+16.502 len=176.0 ent(t0,t>=1)=(0.001,0.558) aL=-0.0042 vL=0.2317 t0=[none=0.00 m0=1.00 m1=0.00]
[u  532] env= 17432576 rsucc=0.897 n_rounds= 3700 ret=+16.339 len=178.1 ent(t0,t>=1)=(0.001,0.565) aL=-0.0044 vL=0.1940 t0=[none=0.00 m0=1.00 m1=0.00]
[u  533] env= 17465344 rsucc=0.898 n_rounds= 3682 ret=+16.350 len=178.6 ent(t0,t>=1)=(0.001,0.566) aL=-0.0033 vL=0.2116 t0=[none=0.00 m0=1.00 m1=0.00]
[u  534] env= 17498112 rsucc=0.901 n_rounds= 3691 ret=+16.473 len=176.3 ent(t0,t>=1)=(0.001,0.553) aL=-0.0042 vL=0.1949 t0=[none=0.00 m0=1.00 m1=0.00]
[u  535] env= 17530880 rsucc=0.895 n_rounds= 3677 ret=+16.363 len=178.0 ent(t0,t>=1)=(0.001,0.561) aL=-0.0048 vL=0.2070 t0=[none=0.00 m0=1.00 m1=0.00]
[u  536] env= 17563648 rsucc=0.903 n_rounds= 3725 ret=+16.293 len=178.7 ent(t0,t>=1)=(0.001,0.552) aL=-0.0028 vL=0.2112 t0=[none=0.00 m0=1.00 m1=0.00]
[u  537] env= 17596416 rsucc=0.903 n_rounds= 3751 ret=+16.604 len=174.7 ent(t0,t>=1)=(0.001,0.538) aL=-0.0033 vL=0.2318 t0=[none=0.00 m0=1.00 m1=0.00]
[u  538] env= 17629184 rsucc=0.905 n_rounds= 3737 ret=+16.407 len=174.2 ent(t0,t>=1)=(0.001,0.533) aL=-0.0058 vL=0.2029 t0=[none=0.00 m0=1.00 m1=0.00]
[u  539] env= 17661952 rsucc=0.905 n_rounds= 3746 ret=+16.584 len=175.5 ent(t0,t>=1)=(0.001,0.536) aL=-0.0041 vL=0.1951 t0=[none=0.00 m0=1.00 m1=0.00]
[u  540] env= 17694720 rsucc=0.903 n_rounds= 3759 ret=+16.388 len=176.4 ent(t0,t>=1)=(0.001,0.546) aL=-0.0043 vL=0.1948 t0=[none=0.00 m0=1.00 m1=0.00]
[u  541] env= 17727488 rsucc=0.900 n_rounds= 3735 ret=+16.496 len=174.2 ent(t0,t>=1)=(0.001,0.559) aL=-0.0028 vL=0.2497 t0=[none=0.00 m0=1.00 m1=0.00]
[u  542] env= 17760256 rsucc=0.907 n_rounds= 3748 ret=+16.616 len=174.6 ent(t0,t>=1)=(0.001,0.552) aL=-0.0035 vL=0.2061 t0=[none=0.00 m0=1.00 m1=0.00]
[u  543] env= 17793024 rsucc=0.908 n_rounds= 3723 ret=+16.608 len=174.9 ent(t0,t>=1)=(0.001,0.553) aL=-0.0020 vL=0.2113 t0=[none=0.00 m0=1.00 m1=0.00]
[u  544] env= 17825792 rsucc=0.898 n_rounds= 3727 ret=+16.505 len=175.9 ent(t0,t>=1)=(0.001,0.562) aL=-0.0013 vL=0.2488 t0=[none=0.00 m0=1.00 m1=0.00]
[u  545] env= 17858560 rsucc=0.901 n_rounds= 3785 ret=+16.366 len=175.2 ent(t0,t>=1)=(0.000,0.546) aL=-0.0036 vL=0.2039 t0=[none=0.00 m0=1.00 m1=0.00]
[u  546] env= 17891328 rsucc=0.906 n_rounds= 3728 ret=+16.493 len=174.4 ent(t0,t>=1)=(0.001,0.549) aL=-0.0049 vL=0.2126 t0=[none=0.00 m0=1.00 m1=0.00]
[u  547] env= 17924096 rsucc=0.904 n_rounds= 3765 ret=+16.565 len=174.3 ent(t0,t>=1)=(0.001,0.558) aL=-0.0042 vL=0.2016 t0=[none=0.00 m0=1.00 m1=0.00]
[u  548] env= 17956864 rsucc=0.899 n_rounds= 3717 ret=+16.535 len=175.1 ent(t0,t>=1)=(0.001,0.565) aL=-0.0028 vL=0.2371 t0=[none=0.00 m0=1.00 m1=0.00]
[u  549] env= 17989632 rsucc=0.902 n_rounds= 3710 ret=+16.377 len=175.6 ent(t0,t>=1)=(0.001,0.571) aL=-0.0042 vL=0.2296 t0=[none=0.00 m0=1.00 m1=0.00]
[u  550] env= 18022400 rsucc=0.906 n_rounds= 3777 ret=+16.480 len=176.1 ent(t0,t>=1)=(0.001,0.564) aL=-0.0069 vL=0.1933 t0=[none=0.00 m0=1.00 m1=0.00]
[u  551] env= 18055168 rsucc=0.898 n_rounds= 3738 ret=+16.639 len=172.9 ent(t0,t>=1)=(0.001,0.570) aL=-0.0071 vL=0.1872 t0=[none=0.00 m0=1.00 m1=0.00]
[u  552] env= 18087936 rsucc=0.896 n_rounds= 3674 ret=+16.249 len=177.2 ent(t0,t>=1)=(0.001,0.568) aL=+0.0026 vL=0.2262 t0=[none=0.00 m0=1.00 m1=0.00]
[u  553] env= 18120704 rsucc=0.899 n_rounds= 3733 ret=+16.419 len=176.6 ent(t0,t>=1)=(0.002,0.555) aL=-0.0040 vL=0.2020 t0=[none=0.00 m0=1.00 m1=0.00]
[u  554] env= 18153472 rsucc=0.897 n_rounds= 3690 ret=+16.387 len=177.1 ent(t0,t>=1)=(0.001,0.582) aL=-0.0069 vL=0.1817 t0=[none=0.00 m0=1.00 m1=0.00]
[u  555] env= 18186240 rsucc=0.908 n_rounds= 3763 ret=+16.345 len=176.3 ent(t0,t>=1)=(0.001,0.587) aL=-0.0054 vL=0.1915 t0=[none=0.00 m0=1.00 m1=0.00]
[u  556] env= 18219008 rsucc=0.896 n_rounds= 3707 ret=+16.526 len=175.0 ent(t0,t>=1)=(0.001,0.575) aL=-0.0073 vL=0.1846 t0=[none=0.00 m0=1.00 m1=0.00]
[u  557] env= 18251776 rsucc=0.898 n_rounds= 3695 ret=+16.301 len=177.0 ent(t0,t>=1)=(0.001,0.584) aL=-0.0048 vL=0.2124 t0=[none=0.00 m0=1.00 m1=0.00]
[u  558] env= 18284544 rsucc=0.908 n_rounds= 3729 ret=+16.464 len=177.0 ent(t0,t>=1)=(0.000,0.566) aL=-0.0036 vL=0.1838 t0=[none=0.00 m0=1.00 m1=0.00]
[u  559] env= 18317312 rsucc=0.902 n_rounds= 3749 ret=+16.449 len=175.8 ent(t0,t>=1)=(0.000,0.563) aL=-0.0027 vL=0.2198 t0=[none=0.00 m0=1.00 m1=0.00]
[u  560] env= 18350080 rsucc=0.901 n_rounds= 3734 ret=+16.578 len=174.7 ent(t0,t>=1)=(0.000,0.559) aL=-0.0041 vL=0.2098 t0=[none=0.00 m0=1.00 m1=0.00]
[u  561] env= 18382848 rsucc=0.909 n_rounds= 3732 ret=+16.472 len=175.3 ent(t0,t>=1)=(0.000,0.558) aL=-0.0033 vL=0.2117 t0=[none=0.00 m0=1.00 m1=0.00]
[u  562] env= 18415616 rsucc=0.902 n_rounds= 3764 ret=+16.673 len=174.2 ent(t0,t>=1)=(0.000,0.550) aL=-0.0046 vL=0.1952 t0=[none=0.00 m0=1.00 m1=0.00]
[u  563] env= 18448384 rsucc=0.900 n_rounds= 3725 ret=+16.367 len=176.5 ent(t0,t>=1)=(0.000,0.552) aL=-0.0057 vL=0.2116 t0=[none=0.00 m0=1.00 m1=0.00]
[u  564] env= 18481152 rsucc=0.900 n_rounds= 3742 ret=+16.341 len=175.6 ent(t0,t>=1)=(0.000,0.551) aL=-0.0059 vL=0.2204 t0=[none=0.00 m0=1.00 m1=0.00]
[u  565] env= 18513920 rsucc=0.909 n_rounds= 3770 ret=+16.525 len=174.8 ent(t0,t>=1)=(0.000,0.530) aL=-0.0052 vL=0.1984 t0=[none=0.00 m0=1.00 m1=0.00]
[u  566] env= 18546688 rsucc=0.909 n_rounds= 3798 ret=+16.675 len=173.5 ent(t0,t>=1)=(0.000,0.520) aL=-0.0048 vL=0.2217 t0=[none=0.00 m0=1.00 m1=0.00]
[u  567] env= 18579456 rsucc=0.904 n_rounds= 3771 ret=+16.573 len=173.3 ent(t0,t>=1)=(0.000,0.527) aL=-0.0047 vL=0.2313 t0=[none=0.00 m0=1.00 m1=0.00]
[u  568] env= 18612224 rsucc=0.908 n_rounds= 3770 ret=+16.502 len=173.7 ent(t0,t>=1)=(0.000,0.520) aL=-0.0051 vL=0.2186 t0=[none=0.00 m0=1.00 m1=0.00]
[u  569] env= 18644992 rsucc=0.908 n_rounds= 3788 ret=+16.641 len=172.9 ent(t0,t>=1)=(0.000,0.523) aL=-0.0044 vL=0.2240 t0=[none=0.00 m0=1.00 m1=0.00]
[u  570] env= 18677760 rsucc=0.910 n_rounds= 3801 ret=+16.662 len=172.8 ent(t0,t>=1)=(0.000,0.511) aL=-0.0031 vL=0.2200 t0=[none=0.00 m0=1.00 m1=0.00]
[u  571] env= 18710528 rsucc=0.900 n_rounds= 3710 ret=+16.616 len=173.8 ent(t0,t>=1)=(0.001,0.531) aL=-0.0042 vL=0.2378 t0=[none=0.00 m0=1.00 m1=0.00]
[u  572] env= 18743296 rsucc=0.910 n_rounds= 3757 ret=+16.629 len=175.1 ent(t0,t>=1)=(0.001,0.524) aL=-0.0032 vL=0.2211 t0=[none=0.00 m0=1.00 m1=0.00]
[u  573] env= 18776064 rsucc=0.912 n_rounds= 3775 ret=+16.545 len=174.7 ent(t0,t>=1)=(0.001,0.530) aL=-0.0040 vL=0.2147 t0=[none=0.00 m0=1.00 m1=0.00]
[u  574] env= 18808832 rsucc=0.908 n_rounds= 3749 ret=+16.566 len=174.2 ent(t0,t>=1)=(0.001,0.534) aL=-0.0032 vL=0.2128 t0=[none=0.00 m0=1.00 m1=0.00]
[u  575] env= 18841600 rsucc=0.895 n_rounds= 3727 ret=+16.612 len=175.0 ent(t0,t>=1)=(0.001,0.559) aL=-0.0017 vL=0.2611 t0=[none=0.00 m0=1.00 m1=0.00]
[u  576] env= 18874368 rsucc=0.912 n_rounds= 3768 ret=+16.433 len=174.7 ent(t0,t>=1)=(0.001,0.519) aL=-0.0052 vL=0.2057 t0=[none=0.00 m0=1.00 m1=0.00]
[u  577] env= 18907136 rsucc=0.896 n_rounds= 3704 ret=+16.486 len=175.6 ent(t0,t>=1)=(0.001,0.537) aL=-0.0043 vL=0.2229 t0=[none=0.00 m0=1.00 m1=0.00]
[u  578] env= 18939904 rsucc=0.907 n_rounds= 3746 ret=+16.368 len=176.9 ent(t0,t>=1)=(0.001,0.535) aL=-0.0035 vL=0.2609 t0=[none=0.00 m0=1.00 m1=0.00]
[u  579] env= 18972672 rsucc=0.907 n_rounds= 3755 ret=+16.578 len=174.4 ent(t0,t>=1)=(0.001,0.526) aL=-0.0051 vL=0.2218 t0=[none=0.00 m0=1.00 m1=0.00]
[u  580] env= 19005440 rsucc=0.899 n_rounds= 3738 ret=+16.480 len=175.0 ent(t0,t>=1)=(0.000,0.538) aL=-0.0028 vL=0.2363 t0=[none=0.00 m0=1.00 m1=0.00]
[u  581] env= 19038208 rsucc=0.896 n_rounds= 3705 ret=+16.413 len=175.6 ent(t0,t>=1)=(0.001,0.540) aL=-0.0047 vL=0.2300 t0=[none=0.00 m0=1.00 m1=0.00]
[u  582] env= 19070976 rsucc=0.904 n_rounds= 3762 ret=+16.531 len=174.6 ent(t0,t>=1)=(0.001,0.518) aL=-0.0059 vL=0.2155 t0=[none=0.00 m0=1.00 m1=0.00]
[u  583] env= 19103744 rsucc=0.907 n_rounds= 3777 ret=+16.517 len=174.5 ent(t0,t>=1)=(0.001,0.521) aL=-0.0055 vL=0.2185 t0=[none=0.00 m0=1.00 m1=0.00]
[u  584] env= 19136512 rsucc=0.902 n_rounds= 3759 ret=+16.571 len=173.9 ent(t0,t>=1)=(0.000,0.540) aL=-0.0025 vL=0.2368 t0=[none=0.00 m0=1.00 m1=0.00]
[u  585] env= 19169280 rsucc=0.908 n_rounds= 3798 ret=+16.365 len=174.8 ent(t0,t>=1)=(0.000,0.529) aL=-0.0029 vL=0.2157 t0=[none=0.00 m0=1.00 m1=0.00]
[u  586] env= 19202048 rsucc=0.912 n_rounds= 3814 ret=+16.767 len=171.7 ent(t0,t>=1)=(0.001,0.516) aL=-0.0043 vL=0.2169 t0=[none=0.00 m0=1.00 m1=0.00]
[u  587] env= 19234816 rsucc=0.903 n_rounds= 3791 ret=+16.707 len=171.4 ent(t0,t>=1)=(0.000,0.527) aL=-0.0045 vL=0.2153 t0=[none=0.00 m0=1.00 m1=0.00]
[u  588] env= 19267584 rsucc=0.913 n_rounds= 3803 ret=+16.506 len=174.4 ent(t0,t>=1)=(0.000,0.526) aL=-0.0017 vL=0.2208 t0=[none=0.00 m0=1.00 m1=0.00]
[u  589] env= 19300352 rsucc=0.901 n_rounds= 3755 ret=+16.591 len=172.8 ent(t0,t>=1)=(0.001,0.530) aL=-0.0052 vL=0.2105 t0=[none=0.00 m0=1.00 m1=0.00]
[u  590] env= 19333120 rsucc=0.907 n_rounds= 3755 ret=+16.515 len=175.2 ent(t0,t>=1)=(0.001,0.533) aL=-0.0050 vL=0.2171 t0=[none=0.00 m0=1.00 m1=0.00]
[u  591] env= 19365888 rsucc=0.909 n_rounds= 3795 ret=+16.618 len=172.0 ent(t0,t>=1)=(0.001,0.523) aL=-0.0047 vL=0.2436 t0=[none=0.00 m0=1.00 m1=0.00]
[u  592] env= 19398656 rsucc=0.910 n_rounds= 3772 ret=+16.573 len=173.9 ent(t0,t>=1)=(0.002,0.541) aL=-0.0048 vL=0.2071 t0=[none=0.00 m0=1.00 m1=0.00]
[u  593] env= 19431424 rsucc=0.908 n_rounds= 3771 ret=+16.647 len=174.2 ent(t0,t>=1)=(0.002,0.526) aL=-0.0050 vL=0.2498 t0=[none=0.00 m0=1.00 m1=0.00]
[u  594] env= 19464192 rsucc=0.910 n_rounds= 3745 ret=+16.649 len=173.2 ent(t0,t>=1)=(0.002,0.537) aL=-0.0053 vL=0.2397 t0=[none=0.00 m0=1.00 m1=0.00]
[u  595] env= 19496960 rsucc=0.906 n_rounds= 3781 ret=+16.557 len=174.7 ent(t0,t>=1)=(0.003,0.532) aL=-0.0032 vL=0.2437 t0=[none=0.00 m0=1.00 m1=0.00]
[u  596] env= 19529728 rsucc=0.903 n_rounds= 3750 ret=+16.648 len=173.2 ent(t0,t>=1)=(0.002,0.537) aL=-0.0034 vL=0.2720 t0=[none=0.00 m0=1.00 m1=0.00]
[u  597] env= 19562496 rsucc=0.909 n_rounds= 3741 ret=+16.389 len=176.8 ent(t0,t>=1)=(0.002,0.536) aL=-0.0057 vL=0.2166 t0=[none=0.00 m0=1.00 m1=0.00]
[u  598] env= 19595264 rsucc=0.921 n_rounds= 3774 ret=+16.611 len=175.0 ent(t0,t>=1)=(0.001,0.532) aL=-0.0051 vL=0.2454 t0=[none=0.00 m0=1.00 m1=0.00]
[u  599] env= 19628032 rsucc=0.915 n_rounds= 3796 ret=+16.885 len=172.3 ent(t0,t>=1)=(0.001,0.520) aL=-0.0047 vL=0.2692 t0=[none=0.00 m0=1.00 m1=0.00]
[u  600] env= 19660800 rsucc=0.920 n_rounds= 3834 ret=+16.918 len=170.7 ent(t0,t>=1)=(0.001,0.529) aL=-0.0054 vL=0.2559 t0=[none=0.00 m0=1.00 m1=0.00]
[u  601] env= 19693568 rsucc=0.928 n_rounds= 3783 ret=+16.819 len=173.3 ent(t0,t>=1)=(0.001,0.531) aL=-0.0060 vL=0.2715 t0=[none=0.00 m0=1.00 m1=0.00]
[u  602] env= 19726336 rsucc=0.918 n_rounds= 3778 ret=+16.944 len=173.0 ent(t0,t>=1)=(0.002,0.550) aL=-0.0041 vL=0.2684 t0=[none=0.00 m0=1.00 m1=0.00]
[u  603] env= 19759104 rsucc=0.920 n_rounds= 3781 ret=+16.838 len=173.9 ent(t0,t>=1)=(0.002,0.540) aL=-0.0052 vL=0.2679 t0=[none=0.00 m0=1.00 m1=0.00]
[u  604] env= 19791872 rsucc=0.925 n_rounds= 3801 ret=+16.820 len=173.4 ent(t0,t>=1)=(0.002,0.548) aL=-0.0054 vL=0.3381 t0=[none=0.00 m0=1.00 m1=0.00]
[u  605] env= 19824640 rsucc=0.915 n_rounds= 3751 ret=+16.812 len=173.0 ent(t0,t>=1)=(0.002,0.553) aL=-0.0062 vL=0.4273 t0=[none=0.00 m0=1.00 m1=0.00]
[u  606] env= 19857408 rsucc=0.916 n_rounds= 3754 ret=+16.759 len=174.4 ent(t0,t>=1)=(0.002,0.548) aL=-0.0077 vL=0.4455 t0=[none=0.00 m0=1.00 m1=0.00]
[u  607] env= 19890176 rsucc=0.920 n_rounds= 3742 ret=+16.785 len=175.2 ent(t0,t>=1)=(0.002,0.550) aL=-0.0069 vL=0.4125 t0=[none=0.00 m0=1.00 m1=0.00]
[u  608] env= 19922944 rsucc=0.920 n_rounds= 3750 ret=+16.842 len=175.5 ent(t0,t>=1)=(0.002,0.556) aL=-0.0032 vL=0.4686 t0=[none=0.00 m0=1.00 m1=0.00]
[u  609] env= 19955712 rsucc=0.919 n_rounds= 3724 ret=+16.883 len=174.8 ent(t0,t>=1)=(0.002,0.563) aL=-0.0049 vL=0.3836 t0=[none=0.00 m0=1.00 m1=0.00]
[u  610] env= 19988480 rsucc=0.926 n_rounds= 3797 ret=+16.761 len=175.4 ent(t0,t>=1)=(0.001,0.521) aL=-0.0052 vL=0.4003 t0=[none=0.00 m0=1.00 m1=0.00]
[u  611] env= 20021248 rsucc=0.915 n_rounds= 3739 ret=+16.911 len=173.7 ent(t0,t>=1)=(0.001,0.557) aL=-0.0030 vL=0.4288 t0=[none=0.00 m0=1.00 m1=0.00]
[u  612] env= 20054016 rsucc=0.917 n_rounds= 3742 ret=+16.696 len=175.5 ent(t0,t>=1)=(0.002,0.553) aL=-0.0055 vL=0.3838 t0=[none=0.00 m0=1.00 m1=0.00]
[u  613] env= 20086784 rsucc=0.917 n_rounds= 3782 ret=+16.745 len=173.3 ent(t0,t>=1)=(0.002,0.540) aL=-0.0078 vL=0.4164 t0=[none=0.00 m0=1.00 m1=0.00]
[u  614] env= 20119552 rsucc=0.918 n_rounds= 3802 ret=+16.839 len=173.7 ent(t0,t>=1)=(0.001,0.534) aL=-0.0037 vL=0.4049 t0=[none=0.00 m0=1.00 m1=0.00]
[u  615] env= 20152320 rsucc=0.923 n_rounds= 3757 ret=+16.883 len=173.9 ent(t0,t>=1)=(0.001,0.544) aL=-0.0032 vL=0.4466 t0=[none=0.00 m0=1.00 m1=0.00]
[u  616] env= 20185088 rsucc=0.916 n_rounds= 3757 ret=+16.732 len=175.3 ent(t0,t>=1)=(0.001,0.562) aL=-0.0038 vL=0.3830 t0=[none=0.00 m0=1.00 m1=0.00]
[u  617] env= 20217856 rsucc=0.925 n_rounds= 3783 ret=+16.974 len=172.5 ent(t0,t>=1)=(0.001,0.550) aL=-0.0019 vL=0.3235 t0=[none=0.00 m0=1.00 m1=0.00]
[u  618] env= 20250624 rsucc=0.916 n_rounds= 3726 ret=+16.796 len=175.6 ent(t0,t>=1)=(0.002,0.546) aL=-0.0050 vL=0.2868 t0=[none=0.00 m0=1.00 m1=0.00]
[u  619] env= 20283392 rsucc=0.920 n_rounds= 3748 ret=+16.754 len=175.2 ent(t0,t>=1)=(0.002,0.563) aL=-0.0015 vL=0.3257 t0=[none=0.00 m0=1.00 m1=0.00]
[u  620] env= 20316160 rsucc=0.918 n_rounds= 3712 ret=+16.866 len=174.7 ent(t0,t>=1)=(0.002,0.555) aL=-0.0048 vL=0.3154 t0=[none=0.00 m0=1.00 m1=0.00]
[u  621] env= 20348928 rsucc=0.923 n_rounds= 3756 ret=+16.844 len=175.1 ent(t0,t>=1)=(0.001,0.544) aL=-0.0054 vL=0.2604 t0=[none=0.00 m0=1.00 m1=0.00]
[u  622] env= 20381696 rsucc=0.923 n_rounds= 3758 ret=+16.839 len=175.4 ent(t0,t>=1)=(0.001,0.549) aL=-0.0021 vL=0.2822 t0=[none=0.00 m0=1.00 m1=0.00]
[u  623] env= 20414464 rsucc=0.926 n_rounds= 3781 ret=+16.965 len=173.8 ent(t0,t>=1)=(0.001,0.534) aL=-0.0026 vL=0.2846 t0=[none=0.00 m0=1.00 m1=0.00]
[u  624] env= 20447232 rsucc=0.920 n_rounds= 3764 ret=+16.905 len=173.4 ent(t0,t>=1)=(0.001,0.534) aL=-0.0028 vL=0.2552 t0=[none=0.00 m0=1.00 m1=0.00]
[u  625] env= 20480000 rsucc=0.925 n_rounds= 3816 ret=+16.963 len=173.0 ent(t0,t>=1)=(0.001,0.519) aL=-0.0029 vL=0.2244 t0=[none=0.00 m0=1.00 m1=0.00]
[u  626] env= 20512768 rsucc=0.917 n_rounds= 3769 ret=+16.784 len=173.8 ent(t0,t>=1)=(0.001,0.529) aL=-0.0021 vL=0.3110 t0=[none=0.00 m0=1.00 m1=0.00]
[u  627] env= 20545536 rsucc=0.918 n_rounds= 3765 ret=+16.788 len=173.7 ent(t0,t>=1)=(0.001,0.533) aL=-0.0035 vL=0.2451 t0=[none=0.00 m0=1.00 m1=0.00]
[u  628] env= 20578304 rsucc=0.920 n_rounds= 3778 ret=+16.843 len=172.9 ent(t0,t>=1)=(0.001,0.514) aL=-0.0057 vL=0.2098 t0=[none=0.00 m0=1.00 m1=0.00]
[u  629] env= 20611072 rsucc=0.928 n_rounds= 3809 ret=+16.970 len=172.9 ent(t0,t>=1)=(0.001,0.512) aL=-0.0016 vL=0.3012 t0=[none=0.00 m0=1.00 m1=0.00]
[u  630] env= 20643840 rsucc=0.919 n_rounds= 3769 ret=+16.960 len=172.3 ent(t0,t>=1)=(0.001,0.509) aL=-0.0064 vL=0.2340 t0=[none=0.00 m0=1.00 m1=0.00]
[u  631] env= 20676608 rsucc=0.923 n_rounds= 3783 ret=+16.861 len=174.6 ent(t0,t>=1)=(0.001,0.514) aL=-0.0044 vL=0.2861 t0=[none=0.00 m0=1.00 m1=0.00]
[u  632] env= 20709376 rsucc=0.932 n_rounds= 3819 ret=+16.994 len=172.3 ent(t0,t>=1)=(0.000,0.503) aL=-0.0057 vL=0.2636 t0=[none=0.00 m0=1.00 m1=0.00]
[u  633] env= 20742144 rsucc=0.927 n_rounds= 3832 ret=+17.009 len=170.4 ent(t0,t>=1)=(0.000,0.518) aL=-0.0033 vL=0.2637 t0=[none=0.00 m0=1.00 m1=0.00]
[u  634] env= 20774912 rsucc=0.921 n_rounds= 3781 ret=+16.985 len=172.7 ent(t0,t>=1)=(0.001,0.519) aL=-0.0058 vL=0.2313 t0=[none=0.00 m0=1.00 m1=0.00]
[u  635] env= 20807680 rsucc=0.926 n_rounds= 3836 ret=+17.025 len=171.6 ent(t0,t>=1)=(0.000,0.530) aL=-0.0026 vL=0.2474 t0=[none=0.00 m0=1.00 m1=0.00]
[u  636] env= 20840448 rsucc=0.924 n_rounds= 3773 ret=+16.982 len=172.0 ent(t0,t>=1)=(0.000,0.537) aL=-0.0040 vL=0.2349 t0=[none=0.00 m0=1.00 m1=0.00]
[u  637] env= 20873216 rsucc=0.924 n_rounds= 3808 ret=+16.888 len=173.1 ent(t0,t>=1)=(0.000,0.530) aL=-0.0043 vL=0.2048 t0=[none=0.00 m0=1.00 m1=0.00]
[u  638] env= 20905984 rsucc=0.917 n_rounds= 3763 ret=+16.834 len=173.8 ent(t0,t>=1)=(0.000,0.534) aL=-0.0042 vL=0.2299 t0=[none=0.00 m0=1.00 m1=0.00]
[u  639] env= 20938752 rsucc=0.916 n_rounds= 3761 ret=+16.779 len=173.8 ent(t0,t>=1)=(0.000,0.527) aL=-0.0026 vL=0.2544 t0=[none=0.00 m0=1.00 m1=0.00]
[u  640] env= 20971520 rsucc=0.921 n_rounds= 3751 ret=+16.826 len=174.0 ent(t0,t>=1)=(0.000,0.532) aL=-0.0029 vL=0.2404 t0=[none=0.00 m0=1.00 m1=0.00]
[u  641] env= 21004288 rsucc=0.926 n_rounds= 3802 ret=+16.896 len=174.1 ent(t0,t>=1)=(0.000,0.532) aL=-0.0044 vL=0.2301 t0=[none=0.00 m0=1.00 m1=0.00]
[u  642] env= 21037056 rsucc=0.914 n_rounds= 3735 ret=+16.864 len=173.9 ent(t0,t>=1)=(0.000,0.548) aL=-0.0059 vL=0.2101 t0=[none=0.00 m0=1.00 m1=0.00]
[u  643] env= 21069824 rsucc=0.921 n_rounds= 3811 ret=+16.769 len=174.2 ent(t0,t>=1)=(0.000,0.538) aL=-0.0059 vL=0.2063 t0=[none=0.00 m0=1.00 m1=0.00]
[u  644] env= 21102592 rsucc=0.923 n_rounds= 3793 ret=+16.969 len=171.3 ent(t0,t>=1)=(0.000,0.549) aL=-0.0027 vL=0.2741 t0=[none=0.00 m0=1.00 m1=0.00]
[u  645] env= 21135360 rsucc=0.926 n_rounds= 3793 ret=+16.889 len=173.0 ent(t0,t>=1)=(0.000,0.548) aL=-0.0050 vL=0.2212 t0=[none=0.00 m0=1.00 m1=0.00]
[u  646] env= 21168128 rsucc=0.932 n_rounds= 3805 ret=+17.137 len=171.6 ent(t0,t>=1)=(0.000,0.538) aL=-0.0050 vL=0.2040 t0=[none=0.00 m0=1.00 m1=0.00]
[u  647] env= 21200896 rsucc=0.919 n_rounds= 3748 ret=+16.987 len=174.5 ent(t0,t>=1)=(0.000,0.561) aL=-0.0054 vL=0.2128 t0=[none=0.00 m0=1.00 m1=0.00]
[u  648] env= 21233664 rsucc=0.924 n_rounds= 3758 ret=+16.866 len=173.4 ent(t0,t>=1)=(0.000,0.579) aL=-0.0059 vL=0.2096 t0=[none=0.00 m0=1.00 m1=0.00]
[u  649] env= 21266432 rsucc=0.926 n_rounds= 3801 ret=+16.879 len=174.0 ent(t0,t>=1)=(0.000,0.577) aL=-0.0049 vL=0.2111 t0=[none=0.00 m0=1.00 m1=0.00]
[u  650] env= 21299200 rsucc=0.918 n_rounds= 3762 ret=+16.927 len=172.8 ent(t0,t>=1)=(0.000,0.575) aL=-0.0038 vL=0.2128 t0=[none=0.00 m0=1.00 m1=0.00]
[u  651] env= 21331968 rsucc=0.927 n_rounds= 3802 ret=+16.922 len=174.4 ent(t0,t>=1)=(0.000,0.561) aL=-0.0065 vL=0.1949 t0=[none=0.00 m0=1.00 m1=0.00]
[u  652] env= 21364736 rsucc=0.928 n_rounds= 3758 ret=+16.977 len=172.9 ent(t0,t>=1)=(0.000,0.557) aL=-0.0058 vL=0.2009 t0=[none=0.00 m0=1.00 m1=0.00]
[u  653] env= 21397504 rsucc=0.925 n_rounds= 3756 ret=+16.916 len=175.3 ent(t0,t>=1)=(0.000,0.567) aL=-0.0043 vL=0.2291 t0=[none=0.00 m0=1.00 m1=0.00]
[u  654] env= 21430272 rsucc=0.926 n_rounds= 3801 ret=+17.013 len=173.0 ent(t0,t>=1)=(0.000,0.548) aL=-0.0055 vL=0.2172 t0=[none=0.00 m0=1.00 m1=0.00]
[u  655] env= 21463040 rsucc=0.935 n_rounds= 3799 ret=+17.009 len=172.7 ent(t0,t>=1)=(0.000,0.552) aL=-0.0049 vL=0.2158 t0=[none=0.00 m0=1.00 m1=0.00]
[u  656] env= 21495808 rsucc=0.930 n_rounds= 3796 ret=+17.149 len=172.2 ent(t0,t>=1)=(0.000,0.545) aL=-0.0047 vL=0.2109 t0=[none=0.00 m0=1.00 m1=0.00]
[u  657] env= 21528576 rsucc=0.927 n_rounds= 3767 ret=+16.942 len=173.7 ent(t0,t>=1)=(0.000,0.546) aL=-0.0026 vL=0.2403 t0=[none=0.00 m0=1.00 m1=0.00]
[u  658] env= 21561344 rsucc=0.934 n_rounds= 3773 ret=+17.094 len=173.6 ent(t0,t>=1)=(0.000,0.550) aL=-0.0045 vL=0.2200 t0=[none=0.00 m0=1.00 m1=0.00]
[u  659] env= 21594112 rsucc=0.935 n_rounds= 3793 ret=+17.123 len=173.6 ent(t0,t>=1)=(0.000,0.562) aL=-0.0054 vL=0.2211 t0=[none=0.00 m0=1.00 m1=0.00]
[u  660] env= 21626880 rsucc=0.920 n_rounds= 3761 ret=+17.009 len=173.3 ent(t0,t>=1)=(0.000,0.563) aL=-0.0033 vL=0.2380 t0=[none=0.00 m0=1.00 m1=0.00]
[u  661] env= 21659648 rsucc=0.921 n_rounds= 3774 ret=+16.898 len=174.7 ent(t0,t>=1)=(0.000,0.576) aL=-0.0045 vL=0.2298 t0=[none=0.00 m0=1.00 m1=0.00]
[u  662] env= 21692416 rsucc=0.928 n_rounds= 3772 ret=+16.876 len=173.1 ent(t0,t>=1)=(0.000,0.566) aL=-0.0050 vL=0.2170 t0=[none=0.00 m0=1.00 m1=0.00]
[u  663] env= 21725184 rsucc=0.936 n_rounds= 3809 ret=+17.186 len=172.8 ent(t0,t>=1)=(0.000,0.562) aL=-0.0027 vL=0.2269 t0=[none=0.00 m0=1.00 m1=0.00]
[u  664] env= 21757952 rsucc=0.929 n_rounds= 3767 ret=+16.915 len=174.8 ent(t0,t>=1)=(0.000,0.562) aL=-0.0045 vL=0.2072 t0=[none=0.00 m0=1.00 m1=0.00]
[u  665] env= 21790720 rsucc=0.927 n_rounds= 3769 ret=+17.101 len=172.1 ent(t0,t>=1)=(0.000,0.574) aL=-0.0056 vL=0.2280 t0=[none=0.00 m0=1.00 m1=0.00]
[u  666] env= 21823488 rsucc=0.924 n_rounds= 3727 ret=+16.943 len=175.2 ent(t0,t>=1)=(0.000,0.583) aL=-0.0038 vL=0.2406 t0=[none=0.00 m0=1.00 m1=0.00]
[u  667] env= 21856256 rsucc=0.930 n_rounds= 3740 ret=+16.940 len=174.5 ent(t0,t>=1)=(0.000,0.566) aL=-0.0042 vL=0.2416 t0=[none=0.00 m0=1.00 m1=0.00]
[u  668] env= 21889024 rsucc=0.929 n_rounds= 3768 ret=+17.080 len=175.5 ent(t0,t>=1)=(0.000,0.574) aL=-0.0045 vL=0.2215 t0=[none=0.00 m0=1.00 m1=0.00]
[u  669] env= 21921792 rsucc=0.927 n_rounds= 3732 ret=+16.984 len=175.7 ent(t0,t>=1)=(0.000,0.575) aL=-0.0048 vL=0.2099 t0=[none=0.00 m0=1.00 m1=0.00]
[u  670] env= 21954560 rsucc=0.934 n_rounds= 3751 ret=+16.944 len=174.4 ent(t0,t>=1)=(0.000,0.579) aL=-0.0052 vL=0.2206 t0=[none=0.00 m0=1.00 m1=0.00]
[u  671] env= 21987328 rsucc=0.923 n_rounds= 3764 ret=+17.084 len=175.2 ent(t0,t>=1)=(0.000,0.577) aL=-0.0041 vL=0.2260 t0=[none=0.00 m0=1.00 m1=0.00]
[u  672] env= 22020096 rsucc=0.935 n_rounds= 3824 ret=+16.991 len=172.4 ent(t0,t>=1)=(0.000,0.569) aL=-0.0017 vL=0.2350 t0=[none=0.00 m0=1.00 m1=0.00]
[u  673] env= 22052864 rsucc=0.927 n_rounds= 3731 ret=+17.159 len=173.1 ent(t0,t>=1)=(0.000,0.592) aL=-0.0056 vL=0.2211 t0=[none=0.00 m0=1.00 m1=0.00]
[u  674] env= 22085632 rsucc=0.935 n_rounds= 3785 ret=+17.060 len=174.0 ent(t0,t>=1)=(0.000,0.587) aL=-0.0039 vL=0.2264 t0=[none=0.00 m0=1.00 m1=0.00]
[u  675] env= 22118400 rsucc=0.925 n_rounds= 3754 ret=+17.094 len=174.5 ent(t0,t>=1)=(0.000,0.584) aL=-0.0035 vL=0.2316 t0=[none=0.00 m0=1.00 m1=0.00]
[u  676] env= 22151168 rsucc=0.935 n_rounds= 3765 ret=+16.976 len=173.9 ent(t0,t>=1)=(0.000,0.585) aL=-0.0030 vL=0.2141 t0=[none=0.00 m0=1.00 m1=0.00]
[u  677] env= 22183936 rsucc=0.922 n_rounds= 3742 ret=+16.987 len=174.6 ent(t0,t>=1)=(0.000,0.598) aL=-0.0033 vL=0.2376 t0=[none=0.00 m0=1.00 m1=0.00]
[u  678] env= 22216704 rsucc=0.923 n_rounds= 3739 ret=+16.902 len=175.4 ent(t0,t>=1)=(0.000,0.602) aL=-0.0048 vL=0.2225 t0=[none=0.00 m0=1.00 m1=0.00]
[u  679] env= 22249472 rsucc=0.925 n_rounds= 3790 ret=+16.935 len=173.6 ent(t0,t>=1)=(0.000,0.591) aL=-0.0036 vL=0.2490 t0=[none=0.00 m0=1.00 m1=0.00]
[u  680] env= 22282240 rsucc=0.940 n_rounds= 3840 ret=+17.146 len=172.1 ent(t0,t>=1)=(0.000,0.582) aL=-0.0051 vL=0.2263 t0=[none=0.00 m0=1.00 m1=0.00]
[u  681] env= 22315008 rsucc=0.933 n_rounds= 3814 ret=+17.207 len=171.5 ent(t0,t>=1)=(0.000,0.587) aL=-0.0028 vL=0.2442 t0=[none=0.00 m0=1.00 m1=0.00]
[u  682] env= 22347776 rsucc=0.934 n_rounds= 3815 ret=+17.132 len=171.6 ent(t0,t>=1)=(0.000,0.587) aL=-0.0040 vL=0.2241 t0=[none=0.00 m0=1.00 m1=0.00]
[u  683] env= 22380544 rsucc=0.932 n_rounds= 3783 ret=+17.154 len=171.6 ent(t0,t>=1)=(0.000,0.605) aL=-0.0043 vL=0.2309 t0=[none=0.00 m0=1.00 m1=0.00]
[u  684] env= 22413312 rsucc=0.932 n_rounds= 3810 ret=+17.011 len=173.4 ent(t0,t>=1)=(0.000,0.595) aL=-0.0042 vL=0.2466 t0=[none=0.00 m0=1.00 m1=0.00]
[u  685] env= 22446080 rsucc=0.933 n_rounds= 3813 ret=+17.172 len=171.4 ent(t0,t>=1)=(0.000,0.595) aL=-0.0056 vL=0.2346 t0=[none=0.00 m0=1.00 m1=0.00]
[u  686] env= 22478848 rsucc=0.932 n_rounds= 3802 ret=+17.061 len=173.4 ent(t0,t>=1)=(0.000,0.588) aL=-0.0045 vL=0.2558 t0=[none=0.00 m0=1.00 m1=0.00]
[u  687] env= 22511616 rsucc=0.931 n_rounds= 3816 ret=+17.110 len=172.0 ent(t0,t>=1)=(0.000,0.612) aL=-0.0030 vL=0.2724 t0=[none=0.00 m0=1.00 m1=0.00]
[u  688] env= 22544384 rsucc=0.926 n_rounds= 3792 ret=+17.058 len=171.6 ent(t0,t>=1)=(0.000,0.608) aL=-0.0057 vL=0.2409 t0=[none=0.00 m0=1.00 m1=0.00]
[u  689] env= 22577152 rsucc=0.934 n_rounds= 3829 ret=+16.986 len=173.0 ent(t0,t>=1)=(0.000,0.598) aL=-0.0037 vL=0.2483 t0=[none=0.00 m0=1.00 m1=0.00]
[u  690] env= 22609920 rsucc=0.931 n_rounds= 3775 ret=+17.211 len=172.1 ent(t0,t>=1)=(0.000,0.611) aL=-0.0052 vL=0.2080 t0=[none=0.00 m0=1.00 m1=0.00]
[u  691] env= 22642688 rsucc=0.933 n_rounds= 3791 ret=+16.988 len=172.9 ent(t0,t>=1)=(0.000,0.608) aL=-0.0045 vL=0.2436 t0=[none=0.00 m0=1.00 m1=0.00]
[u  692] env= 22675456 rsucc=0.934 n_rounds= 3801 ret=+17.150 len=173.0 ent(t0,t>=1)=(0.000,0.608) aL=-0.0031 vL=0.2528 t0=[none=0.00 m0=1.00 m1=0.00]
[u  693] env= 22708224 rsucc=0.928 n_rounds= 3749 ret=+17.147 len=173.1 ent(t0,t>=1)=(0.000,0.608) aL=-0.0054 vL=0.2209 t0=[none=0.00 m0=1.00 m1=0.00]
[u  694] env= 22740992 rsucc=0.923 n_rounds= 3754 ret=+16.980 len=174.2 ent(t0,t>=1)=(0.000,0.626) aL=-0.0029 vL=0.2572 t0=[none=0.00 m0=1.00 m1=0.00]
[u  695] env= 22773760 rsucc=0.933 n_rounds= 3737 ret=+16.833 len=176.5 ent(t0,t>=1)=(0.000,0.637) aL=-0.0054 vL=0.2440 t0=[none=0.00 m0=1.00 m1=0.00]
[u  696] env= 22806528 rsucc=0.932 n_rounds= 3762 ret=+17.117 len=174.2 ent(t0,t>=1)=(0.000,0.625) aL=-0.0042 vL=0.2329 t0=[none=0.00 m0=1.00 m1=0.00]
[u  697] env= 22839296 rsucc=0.925 n_rounds= 3717 ret=+17.082 len=175.4 ent(t0,t>=1)=(0.000,0.636) aL=-0.0049 vL=0.2324 t0=[none=0.00 m0=1.00 m1=0.00]
[u  698] env= 22872064 rsucc=0.932 n_rounds= 3747 ret=+17.074 len=174.5 ent(t0,t>=1)=(0.000,0.615) aL=-0.0043 vL=0.2321 t0=[none=0.00 m0=1.00 m1=0.00]
[u  699] env= 22904832 rsucc=0.927 n_rounds= 3772 ret=+16.878 len=175.7 ent(t0,t>=1)=(0.000,0.605) aL=-0.0028 vL=0.2707 t0=[none=0.00 m0=1.00 m1=0.00]
[u  700] env= 22937600 rsucc=0.925 n_rounds= 3696 ret=+16.993 len=175.1 ent(t0,t>=1)=(0.000,0.629) aL=-0.0033 vL=0.2147 t0=[none=0.00 m0=1.00 m1=0.00]
[u  701] env= 22970368 rsucc=0.932 n_rounds= 3773 ret=+17.050 len=174.8 ent(t0,t>=1)=(0.000,0.608) aL=-0.0037 vL=0.2390 t0=[none=0.00 m0=1.00 m1=0.00]
[u  702] env= 23003136 rsucc=0.925 n_rounds= 3767 ret=+16.993 len=173.8 ent(t0,t>=1)=(0.000,0.609) aL=-0.0045 vL=0.2248 t0=[none=0.00 m0=1.00 m1=0.00]
[u  703] env= 23035904 rsucc=0.931 n_rounds= 3757 ret=+17.012 len=174.0 ent(t0,t>=1)=(0.000,0.614) aL=-0.0037 vL=0.2573 t0=[none=0.00 m0=1.00 m1=0.00]
[u  704] env= 23068672 rsucc=0.927 n_rounds= 3765 ret=+17.153 len=174.3 ent(t0,t>=1)=(0.000,0.588) aL=-0.0049 vL=0.2569 t0=[none=0.00 m0=1.00 m1=0.00]
[u  705] env= 23101440 rsucc=0.927 n_rounds= 3757 ret=+16.874 len=174.5 ent(t0,t>=1)=(0.000,0.614) aL=-0.0026 vL=0.2558 t0=[none=0.00 m0=1.00 m1=0.00]
[u  706] env= 23134208 rsucc=0.932 n_rounds= 3784 ret=+17.002 len=174.7 ent(t0,t>=1)=(0.000,0.601) aL=-0.0032 vL=0.2516 t0=[none=0.00 m0=1.00 m1=0.00]
[u  707] env= 23166976 rsucc=0.932 n_rounds= 3776 ret=+17.106 len=172.6 ent(t0,t>=1)=(0.000,0.614) aL=-0.0068 vL=0.2040 t0=[none=0.00 m0=1.00 m1=0.00]
[u  708] env= 23199744 rsucc=0.936 n_rounds= 3819 ret=+17.166 len=172.4 ent(t0,t>=1)=(0.000,0.605) aL=-0.0049 vL=0.2282 t0=[none=0.00 m0=1.00 m1=0.00]
[u  709] env= 23232512 rsucc=0.933 n_rounds= 3802 ret=+17.064 len=172.8 ent(t0,t>=1)=(0.000,0.598) aL=-0.0024 vL=0.2379 t0=[none=0.00 m0=1.00 m1=0.00]
[u  710] env= 23265280 rsucc=0.934 n_rounds= 3761 ret=+17.165 len=172.3 ent(t0,t>=1)=(0.000,0.606) aL=-0.0030 vL=0.2570 t0=[none=0.00 m0=1.00 m1=0.00]
[u  711] env= 23298048 rsucc=0.931 n_rounds= 3835 ret=+17.154 len=171.9 ent(t0,t>=1)=(0.000,0.613) aL=-0.0047 vL=0.2431 t0=[none=0.00 m0=1.00 m1=0.00]
[u  712] env= 23330816 rsucc=0.936 n_rounds= 3792 ret=+17.128 len=173.3 ent(t0,t>=1)=(0.000,0.592) aL=-0.0061 vL=0.2216 t0=[none=0.00 m0=1.00 m1=0.00]
[u  713] env= 23363584 rsucc=0.937 n_rounds= 3851 ret=+17.207 len=171.1 ent(t0,t>=1)=(0.000,0.597) aL=-0.0017 vL=0.2769 t0=[none=0.00 m0=1.00 m1=0.00]
[u  714] env= 23396352 rsucc=0.933 n_rounds= 3834 ret=+17.216 len=170.4 ent(t0,t>=1)=(0.000,0.608) aL=-0.0040 vL=0.2240 t0=[none=0.00 m0=1.00 m1=0.00]
[u  715] env= 23429120 rsucc=0.933 n_rounds= 3825 ret=+17.137 len=170.9 ent(t0,t>=1)=(0.000,0.589) aL=-0.0034 vL=0.2439 t0=[none=0.00 m0=1.00 m1=0.00]
[u  716] env= 23461888 rsucc=0.933 n_rounds= 3844 ret=+17.089 len=171.1 ent(t0,t>=1)=(0.000,0.588) aL=-0.0051 vL=0.2440 t0=[none=0.00 m0=1.00 m1=0.00]
[u  717] env= 23494656 rsucc=0.928 n_rounds= 3782 ret=+17.001 len=172.3 ent(t0,t>=1)=(0.000,0.603) aL=-0.0036 vL=0.2305 t0=[none=0.00 m0=1.00 m1=0.00]
[u  718] env= 23527424 rsucc=0.938 n_rounds= 3833 ret=+17.177 len=171.5 ent(t0,t>=1)=(0.000,0.585) aL=-0.0033 vL=0.2491 t0=[none=0.00 m0=1.00 m1=0.00]
[u  719] env= 23560192 rsucc=0.937 n_rounds= 3879 ret=+17.215 len=170.8 ent(t0,t>=1)=(0.000,0.601) aL=-0.0050 vL=0.2469 t0=[none=0.00 m0=1.00 m1=0.00]
[u  720] env= 23592960 rsucc=0.925 n_rounds= 3768 ret=+17.136 len=171.9 ent(t0,t>=1)=(0.000,0.595) aL=-0.0031 vL=0.2546 t0=[none=0.00 m0=1.00 m1=0.00]
[u  721] env= 23625728 rsucc=0.939 n_rounds= 3863 ret=+17.184 len=171.6 ent(t0,t>=1)=(0.000,0.571) aL=-0.0045 vL=0.2399 t0=[none=0.00 m0=1.00 m1=0.00]
[u  722] env= 23658496 rsucc=0.936 n_rounds= 3810 ret=+17.131 len=171.3 ent(t0,t>=1)=(0.000,0.596) aL=-0.0046 vL=0.2429 t0=[none=0.00 m0=1.00 m1=0.00]
[u  723] env= 23691264 rsucc=0.936 n_rounds= 3841 ret=+17.138 len=170.6 ent(t0,t>=1)=(0.000,0.582) aL=-0.0031 vL=0.2658 t0=[none=0.00 m0=1.00 m1=0.00]
[u  724] env= 23724032 rsucc=0.942 n_rounds= 3851 ret=+17.309 len=170.8 ent(t0,t>=1)=(0.000,0.589) aL=-0.0033 vL=0.2651 t0=[none=0.00 m0=1.00 m1=0.00]
[u  725] env= 23756800 rsucc=0.937 n_rounds= 3815 ret=+17.240 len=170.9 ent(t0,t>=1)=(0.000,0.598) aL=-0.0033 vL=0.2465 t0=[none=0.00 m0=1.00 m1=0.00]
[u  726] env= 23789568 rsucc=0.941 n_rounds= 3835 ret=+17.307 len=170.7 ent(t0,t>=1)=(0.000,0.586) aL=-0.0047 vL=0.2222 t0=[none=0.00 m0=1.00 m1=0.00]
[u  727] env= 23822336 rsucc=0.934 n_rounds= 3828 ret=+17.252 len=171.5 ent(t0,t>=1)=(0.000,0.588) aL=-0.0053 vL=0.2357 t0=[none=0.00 m0=1.00 m1=0.00]
[u  728] env= 23855104 rsucc=0.938 n_rounds= 3842 ret=+17.203 len=170.6 ent(t0,t>=1)=(0.000,0.569) aL=-0.0034 vL=0.2652 t0=[none=0.00 m0=1.00 m1=0.00]
[u  729] env= 23887872 rsucc=0.933 n_rounds= 3805 ret=+17.243 len=171.2 ent(t0,t>=1)=(0.000,0.587) aL=+0.0030 vL=0.2734 t0=[none=0.00 m0=1.00 m1=0.00]
[u  730] env= 23920640 rsucc=0.934 n_rounds= 3816 ret=+17.146 len=171.1 ent(t0,t>=1)=(0.000,0.580) aL=-0.0039 vL=0.2697 t0=[none=0.00 m0=1.00 m1=0.00]
[u  731] env= 23953408 rsucc=0.937 n_rounds= 3830 ret=+17.073 len=173.1 ent(t0,t>=1)=(0.000,0.575) aL=-0.0031 vL=0.2312 t0=[none=0.00 m0=1.00 m1=0.00]
[u  732] env= 23986176 rsucc=0.939 n_rounds= 3846 ret=+17.348 len=169.4 ent(t0,t>=1)=(0.000,0.571) aL=-0.0032 vL=0.2891 t0=[none=0.00 m0=1.00 m1=0.00]
[u  733] env= 24018944 rsucc=0.932 n_rounds= 3837 ret=+17.101 len=170.8 ent(t0,t>=1)=(0.000,0.583) aL=-0.0052 vL=0.2356 t0=[none=0.00 m0=1.00 m1=0.00]
[u  734] env= 24051712 rsucc=0.935 n_rounds= 3819 ret=+17.149 len=170.6 ent(t0,t>=1)=(0.000,0.583) aL=-0.0031 vL=0.2158 t0=[none=0.00 m0=1.00 m1=0.00]
[u  735] env= 24084480 rsucc=0.931 n_rounds= 3799 ret=+17.116 len=172.5 ent(t0,t>=1)=(0.000,0.604) aL=-0.0031 vL=0.2306 t0=[none=0.00 m0=1.00 m1=0.00]
[u  736] env= 24117248 rsucc=0.935 n_rounds= 3797 ret=+17.182 len=172.4 ent(t0,t>=1)=(0.000,0.601) aL=-0.0031 vL=0.2303 t0=[none=0.00 m0=1.00 m1=0.00]
[u  737] env= 24150016 rsucc=0.930 n_rounds= 3793 ret=+17.029 len=173.4 ent(t0,t>=1)=(0.000,0.596) aL=-0.0053 vL=0.2274 t0=[none=0.00 m0=1.00 m1=0.00]
[u  738] env= 24182784 rsucc=0.926 n_rounds= 3763 ret=+17.126 len=172.5 ent(t0,t>=1)=(0.000,0.587) aL=-0.0048 vL=0.2043 t0=[none=0.00 m0=1.00 m1=0.00]
[u  739] env= 24215552 rsucc=0.937 n_rounds= 3875 ret=+17.055 len=172.4 ent(t0,t>=1)=(0.000,0.564) aL=-0.0016 vL=0.3030 t0=[none=0.00 m0=1.00 m1=0.00]
[u  740] env= 24248320 rsucc=0.934 n_rounds= 3867 ret=+17.159 len=170.1 ent(t0,t>=1)=(0.000,0.577) aL=-0.0015 vL=0.2352 t0=[none=0.00 m0=1.00 m1=0.00]
[u  741] env= 24281088 rsucc=0.938 n_rounds= 3892 ret=+17.168 len=168.8 ent(t0,t>=1)=(0.000,0.576) aL=-0.0030 vL=0.2492 t0=[none=0.00 m0=1.00 m1=0.00]
[u  742] env= 24313856 rsucc=0.934 n_rounds= 3837 ret=+17.230 len=169.5 ent(t0,t>=1)=(0.000,0.583) aL=-0.0034 vL=0.2411 t0=[none=0.00 m0=1.00 m1=0.00]
[u  743] env= 24346624 rsucc=0.938 n_rounds= 3845 ret=+17.241 len=169.6 ent(t0,t>=1)=(0.000,0.574) aL=-0.0041 vL=0.2357 t0=[none=0.00 m0=1.00 m1=0.00]
[u  744] env= 24379392 rsucc=0.927 n_rounds= 3825 ret=+17.182 len=170.6 ent(t0,t>=1)=(0.000,0.574) aL=-0.0047 vL=0.2231 t0=[none=0.00 m0=1.00 m1=0.00]
[u  745] env= 24412160 rsucc=0.938 n_rounds= 3850 ret=+17.008 len=171.9 ent(t0,t>=1)=(0.000,0.572) aL=-0.0008 vL=0.2556 t0=[none=0.00 m0=1.00 m1=0.00]
[u  746] env= 24444928 rsucc=0.929 n_rounds= 3825 ret=+17.185 len=170.9 ent(t0,t>=1)=(0.000,0.581) aL=-0.0047 vL=0.2288 t0=[none=0.00 m0=1.00 m1=0.00]
[u  747] env= 24477696 rsucc=0.931 n_rounds= 3756 ret=+17.080 len=172.5 ent(t0,t>=1)=(0.000,0.573) aL=-0.0034 vL=0.2514 t0=[none=0.00 m0=1.00 m1=0.00]
[u  748] env= 24510464 rsucc=0.932 n_rounds= 3782 ret=+17.022 len=173.0 ent(t0,t>=1)=(0.000,0.578) aL=-0.0040 vL=0.2129 t0=[none=0.00 m0=1.00 m1=0.00]
[u  749] env= 24543232 rsucc=0.939 n_rounds= 3814 ret=+17.216 len=172.7 ent(t0,t>=1)=(0.000,0.570) aL=-0.0051 vL=0.2398 t0=[none=0.00 m0=1.00 m1=0.00]
[u  750] env= 24576000 rsucc=0.935 n_rounds= 3836 ret=+17.142 len=173.1 ent(t0,t>=1)=(0.000,0.578) aL=-0.0072 vL=0.2091 t0=[none=0.00 m0=1.00 m1=0.00]
[u  751] env= 24608768 rsucc=0.938 n_rounds= 3852 ret=+17.245 len=169.7 ent(t0,t>=1)=(0.000,0.574) aL=-0.0040 vL=0.2567 t0=[none=0.00 m0=1.00 m1=0.00]
[u  752] env= 24641536 rsucc=0.932 n_rounds= 3786 ret=+17.158 len=171.9 ent(t0,t>=1)=(0.000,0.581) aL=-0.0047 vL=0.2372 t0=[none=0.00 m0=1.00 m1=0.00]
[u  753] env= 24674304 rsucc=0.931 n_rounds= 3805 ret=+17.100 len=171.6 ent(t0,t>=1)=(0.000,0.585) aL=-0.0036 vL=0.2951 t0=[none=0.00 m0=1.00 m1=0.00]
[u  754] env= 24707072 rsucc=0.939 n_rounds= 3846 ret=+17.150 len=171.9 ent(t0,t>=1)=(0.000,0.585) aL=-0.0033 vL=0.2778 t0=[none=0.00 m0=1.00 m1=0.00]
[u  755] env= 24739840 rsucc=0.940 n_rounds= 3775 ret=+17.208 len=172.7 ent(t0,t>=1)=(0.000,0.558) aL=-0.0039 vL=0.2442 t0=[none=0.00 m0=1.00 m1=0.00]
[u  756] env= 24772608 rsucc=0.932 n_rounds= 3815 ret=+17.324 len=170.9 ent(t0,t>=1)=(0.000,0.568) aL=-0.0029 vL=0.2657 t0=[none=0.00 m0=1.00 m1=0.00]
[u  757] env= 24805376 rsucc=0.942 n_rounds= 3783 ret=+17.056 len=173.1 ent(t0,t>=1)=(0.000,0.567) aL=-0.0017 vL=0.2502 t0=[none=0.00 m0=1.00 m1=0.00]
[u  758] env= 24838144 rsucc=0.925 n_rounds= 3785 ret=+17.210 len=172.7 ent(t0,t>=1)=(0.000,0.570) aL=-0.0027 vL=0.2458 t0=[none=0.00 m0=1.00 m1=0.00]
[u  759] env= 24870912 rsucc=0.936 n_rounds= 3806 ret=+17.097 len=172.3 ent(t0,t>=1)=(0.000,0.559) aL=-0.0040 vL=0.2463 t0=[none=0.00 m0=1.00 m1=0.00]
[u  760] env= 24903680 rsucc=0.933 n_rounds= 3767 ret=+17.123 len=173.4 ent(t0,t>=1)=(0.000,0.554) aL=-0.0056 vL=0.2321 t0=[none=0.00 m0=1.00 m1=0.00]
[u  761] env= 24936448 rsucc=0.929 n_rounds= 3782 ret=+17.118 len=172.8 ent(t0,t>=1)=(0.000,0.560) aL=-0.0038 vL=0.2499 t0=[none=0.00 m0=1.00 m1=0.00]
[u  762] env= 24969216 rsucc=0.931 n_rounds= 3770 ret=+17.054 len=174.3 ent(t0,t>=1)=(0.000,0.554) aL=-0.0049 vL=0.2201 t0=[none=0.00 m0=1.00 m1=0.00]
[u  763] env= 25001984 rsucc=0.934 n_rounds= 3776 ret=+17.175 len=173.5 ent(t0,t>=1)=(0.000,0.554) aL=-0.0043 vL=0.2214 t0=[none=0.00 m0=1.00 m1=0.00]
[u  764] env= 25034752 rsucc=0.929 n_rounds= 3785 ret=+17.039 len=173.3 ent(t0,t>=1)=(0.000,0.562) aL=-0.0036 vL=0.2021 t0=[none=0.00 m0=1.00 m1=0.00]
[u  765] env= 25067520 rsucc=0.928 n_rounds= 3758 ret=+16.932 len=174.3 ent(t0,t>=1)=(0.000,0.562) aL=-0.0024 vL=0.2168 t0=[none=0.00 m0=1.00 m1=0.00]
[u  766] env= 25100288 rsucc=0.927 n_rounds= 3740 ret=+17.108 len=173.0 ent(t0,t>=1)=(0.000,0.578) aL=-0.0035 vL=0.2140 t0=[none=0.00 m0=1.00 m1=0.00]
[u  767] env= 25133056 rsucc=0.932 n_rounds= 3787 ret=+16.946 len=175.9 ent(t0,t>=1)=(0.000,0.564) aL=-0.0048 vL=0.2025 t0=[none=0.00 m0=1.00 m1=0.00]
[u  768] env= 25165824 rsucc=0.930 n_rounds= 3782 ret=+17.148 len=172.4 ent(t0,t>=1)=(0.000,0.556) aL=-0.0047 vL=0.2106 t0=[none=0.00 m0=1.00 m1=0.00]
[u  769] env= 25198592 rsucc=0.929 n_rounds= 3798 ret=+17.094 len=171.6 ent(t0,t>=1)=(0.000,0.565) aL=-0.0048 vL=0.2238 t0=[none=0.00 m0=1.00 m1=0.00]
[u  770] env= 25231360 rsucc=0.934 n_rounds= 3817 ret=+17.081 len=172.4 ent(t0,t>=1)=(0.000,0.555) aL=-0.0038 vL=0.2045 t0=[none=0.00 m0=1.00 m1=0.00]
[u  771] env= 25264128 rsucc=0.937 n_rounds= 3856 ret=+17.172 len=171.6 ent(t0,t>=1)=(0.000,0.534) aL=-0.0040 vL=0.1981 t0=[none=0.00 m0=1.00 m1=0.00]
[u  772] env= 25296896 rsucc=0.928 n_rounds= 3768 ret=+17.103 len=171.1 ent(t0,t>=1)=(0.000,0.535) aL=-0.0042 vL=0.2235 t0=[none=0.00 m0=1.00 m1=0.00]
[u  773] env= 25329664 rsucc=0.931 n_rounds= 3820 ret=+17.055 len=173.1 ent(t0,t>=1)=(0.000,0.543) aL=-0.0063 vL=0.2234 t0=[none=0.00 m0=1.00 m1=0.00]
[u  774] env= 25362432 rsucc=0.932 n_rounds= 3818 ret=+17.165 len=170.9 ent(t0,t>=1)=(0.000,0.527) aL=-0.0019 vL=0.2577 t0=[none=0.00 m0=1.00 m1=0.00]
[u  775] env= 25395200 rsucc=0.932 n_rounds= 3841 ret=+17.031 len=172.7 ent(t0,t>=1)=(0.000,0.515) aL=-0.0030 vL=0.2082 t0=[none=0.00 m0=1.00 m1=0.00]
[u  776] env= 25427968 rsucc=0.926 n_rounds= 3795 ret=+17.113 len=170.6 ent(t0,t>=1)=(0.000,0.525) aL=-0.0041 vL=0.2437 t0=[none=0.00 m0=1.00 m1=0.00]
[u  777] env= 25460736 rsucc=0.933 n_rounds= 3762 ret=+17.069 len=173.3 ent(t0,t>=1)=(0.000,0.525) aL=-0.0037 vL=0.2345 t0=[none=0.00 m0=1.00 m1=0.00]
[u  778] env= 25493504 rsucc=0.940 n_rounds= 3856 ret=+17.137 len=172.2 ent(t0,t>=1)=(0.000,0.544) aL=-0.0060 vL=0.2050 t0=[none=0.00 m0=1.00 m1=0.00]
[u  779] env= 25526272 rsucc=0.930 n_rounds= 3792 ret=+17.262 len=171.6 ent(t0,t>=1)=(0.000,0.564) aL=-0.0053 vL=0.1968 t0=[none=0.00 m0=1.00 m1=0.00]
[u  780] env= 25559040 rsucc=0.926 n_rounds= 3753 ret=+16.852 len=174.3 ent(t0,t>=1)=(0.000,0.569) aL=-0.0044 vL=0.2028 t0=[none=0.00 m0=1.00 m1=0.00]
[u  781] env= 25591808 rsucc=0.929 n_rounds= 3772 ret=+17.037 len=174.0 ent(t0,t>=1)=(0.000,0.577) aL=-0.0040 vL=0.2052 t0=[none=0.00 m0=1.00 m1=0.00]
[u  782] env= 25624576 rsucc=0.928 n_rounds= 3828 ret=+17.169 len=170.8 ent(t0,t>=1)=(0.000,0.576) aL=-0.0035 vL=0.2065 t0=[none=0.00 m0=1.00 m1=0.00]
[u  783] env= 25657344 rsucc=0.925 n_rounds= 3779 ret=+16.948 len=172.9 ent(t0,t>=1)=(0.000,0.587) aL=-0.0023 vL=0.1998 t0=[none=0.00 m0=1.00 m1=0.00]
[u  784] env= 25690112 rsucc=0.926 n_rounds= 3779 ret=+17.041 len=173.1 ent(t0,t>=1)=(0.000,0.602) aL=-0.0038 vL=0.2142 t0=[none=0.00 m0=1.00 m1=0.00]
[u  785] env= 25722880 rsucc=0.923 n_rounds= 3733 ret=+16.867 len=175.1 ent(t0,t>=1)=(0.000,0.604) aL=-0.0055 vL=0.1940 t0=[none=0.00 m0=1.00 m1=0.00]
[u  786] env= 25755648 rsucc=0.926 n_rounds= 3788 ret=+16.983 len=173.4 ent(t0,t>=1)=(0.000,0.604) aL=-0.0051 vL=0.1830 t0=[none=0.00 m0=1.00 m1=0.00]
[u  787] env= 25788416 rsucc=0.925 n_rounds= 3761 ret=+16.930 len=174.9 ent(t0,t>=1)=(0.000,0.608) aL=-0.0034 vL=0.1915 t0=[none=0.00 m0=1.00 m1=0.00]
[u  788] env= 25821184 rsucc=0.925 n_rounds= 3704 ret=+16.998 len=173.7 ent(t0,t>=1)=(0.000,0.612) aL=-0.0059 vL=0.1919 t0=[none=0.00 m0=1.00 m1=0.00]
[u  789] env= 25853952 rsucc=0.927 n_rounds= 3762 ret=+16.866 len=175.8 ent(t0,t>=1)=(0.000,0.613) aL=-0.0045 vL=0.1913 t0=[none=0.00 m0=1.00 m1=0.00]
[u  790] env= 25886720 rsucc=0.925 n_rounds= 3744 ret=+16.893 len=174.5 ent(t0,t>=1)=(0.000,0.613) aL=-0.0042 vL=0.1902 t0=[none=0.00 m0=1.00 m1=0.00]
[u  791] env= 25919488 rsucc=0.928 n_rounds= 3750 ret=+17.044 len=176.2 ent(t0,t>=1)=(0.000,0.617) aL=-0.0024 vL=0.1926 t0=[none=0.00 m0=1.00 m1=0.00]
[u  792] env= 25952256 rsucc=0.930 n_rounds= 3753 ret=+16.861 len=175.8 ent(t0,t>=1)=(0.000,0.599) aL=-0.0051 vL=0.1882 t0=[none=0.00 m0=1.00 m1=0.00]
[u  793] env= 25985024 rsucc=0.931 n_rounds= 3810 ret=+17.185 len=171.8 ent(t0,t>=1)=(0.000,0.579) aL=-0.0030 vL=0.2079 t0=[none=0.00 m0=1.00 m1=0.00]
[u  794] env= 26017792 rsucc=0.934 n_rounds= 3788 ret=+17.058 len=172.9 ent(t0,t>=1)=(0.000,0.572) aL=-0.0062 vL=0.1921 t0=[none=0.00 m0=1.00 m1=0.00]
[u  795] env= 26050560 rsucc=0.931 n_rounds= 3786 ret=+17.069 len=172.6 ent(t0,t>=1)=(0.000,0.585) aL=-0.0041 vL=0.2097 t0=[none=0.00 m0=1.00 m1=0.00]
[u  796] env= 26083328 rsucc=0.931 n_rounds= 3786 ret=+17.140 len=172.9 ent(t0,t>=1)=(0.000,0.583) aL=-0.0046 vL=0.1962 t0=[none=0.00 m0=1.00 m1=0.00]
[u  797] env= 26116096 rsucc=0.935 n_rounds= 3808 ret=+17.200 len=172.9 ent(t0,t>=1)=(0.000,0.579) aL=-0.0048 vL=0.1987 t0=[none=0.00 m0=1.00 m1=0.00]
[u  798] env= 26148864 rsucc=0.931 n_rounds= 3808 ret=+16.983 len=173.2 ent(t0,t>=1)=(0.000,0.593) aL=-0.0024 vL=0.2522 t0=[none=0.00 m0=1.00 m1=0.00]
[u  799] env= 26181632 rsucc=0.927 n_rounds= 3772 ret=+17.161 len=172.5 ent(t0,t>=1)=(0.000,0.595) aL=-0.0054 vL=0.2226 t0=[none=0.00 m0=1.00 m1=0.00]
[u  800] env= 26214400 rsucc=0.929 n_rounds= 3808 ret=+16.919 len=172.0 ent(t0,t>=1)=(0.000,0.584) aL=-0.0036 vL=0.2030 t0=[none=0.00 m0=1.00 m1=0.00]
[u  801] env= 26247168 rsucc=0.928 n_rounds= 3797 ret=+17.046 len=173.6 ent(t0,t>=1)=(0.000,0.583) aL=-0.0020 vL=0.2108 t0=[none=0.00 m0=1.00 m1=0.00]
[u  802] env= 26279936 rsucc=0.928 n_rounds= 3804 ret=+17.093 len=171.8 ent(t0,t>=1)=(0.000,0.588) aL=-0.0051 vL=0.1871 t0=[none=0.00 m0=1.00 m1=0.00]
[u  803] env= 26312704 rsucc=0.939 n_rounds= 3792 ret=+17.082 len=172.1 ent(t0,t>=1)=(0.000,0.585) aL=-0.0036 vL=0.2235 t0=[none=0.00 m0=1.00 m1=0.00]
[u  804] env= 26345472 rsucc=0.933 n_rounds= 3793 ret=+17.088 len=173.8 ent(t0,t>=1)=(0.000,0.580) aL=-0.0058 vL=0.1912 t0=[none=0.00 m0=1.00 m1=0.00]
[u  805] env= 26378240 rsucc=0.924 n_rounds= 3806 ret=+17.081 len=172.0 ent(t0,t>=1)=(0.000,0.582) aL=-0.0021 vL=0.2204 t0=[none=0.00 m0=1.00 m1=0.00]
[u  806] env= 26411008 rsucc=0.931 n_rounds= 3825 ret=+17.077 len=170.7 ent(t0,t>=1)=(0.000,0.571) aL=-0.0050 vL=0.2014 t0=[none=0.00 m0=1.00 m1=0.00]
[u  807] env= 26443776 rsucc=0.923 n_rounds= 3786 ret=+17.099 len=172.8 ent(t0,t>=1)=(0.000,0.574) aL=-0.0029 vL=0.2090 t0=[none=0.00 m0=1.00 m1=0.00]
[u  808] env= 26476544 rsucc=0.923 n_rounds= 3796 ret=+16.920 len=172.1 ent(t0,t>=1)=(0.000,0.582) aL=-0.0044 vL=0.2210 t0=[none=0.00 m0=1.00 m1=0.00]
[u  809] env= 26509312 rsucc=0.920 n_rounds= 3788 ret=+16.847 len=173.8 ent(t0,t>=1)=(0.000,0.580) aL=-0.0044 vL=0.1977 t0=[none=0.00 m0=1.00 m1=0.00]
[u  810] env= 26542080 rsucc=0.926 n_rounds= 3796 ret=+16.847 len=173.5 ent(t0,t>=1)=(0.000,0.571) aL=-0.0043 vL=0.2130 t0=[none=0.00 m0=1.00 m1=0.00]
[u  811] env= 26574848 rsucc=0.934 n_rounds= 3822 ret=+17.022 len=171.5 ent(t0,t>=1)=(0.000,0.555) aL=-0.0040 vL=0.1938 t0=[none=0.00 m0=1.00 m1=0.00]
[u  812] env= 26607616 rsucc=0.932 n_rounds= 3822 ret=+17.123 len=171.6 ent(t0,t>=1)=(0.000,0.549) aL=-0.0045 vL=0.2042 t0=[none=0.00 m0=1.00 m1=0.00]
[u  813] env= 26640384 rsucc=0.929 n_rounds= 3789 ret=+17.132 len=172.0 ent(t0,t>=1)=(0.000,0.561) aL=-0.0037 vL=0.2100 t0=[none=0.00 m0=1.00 m1=0.00]
[u  814] env= 26673152 rsucc=0.936 n_rounds= 3815 ret=+17.026 len=172.8 ent(t0,t>=1)=(0.000,0.556) aL=-0.0031 vL=0.2156 t0=[none=0.00 m0=1.00 m1=0.00]
[u  815] env= 26705920 rsucc=0.929 n_rounds= 3813 ret=+17.166 len=171.7 ent(t0,t>=1)=(0.000,0.552) aL=-0.0053 vL=0.1952 t0=[none=0.00 m0=1.00 m1=0.00]
[u  816] env= 26738688 rsucc=0.917 n_rounds= 3774 ret=+17.048 len=172.4 ent(t0,t>=1)=(0.000,0.571) aL=-0.0036 vL=0.2290 t0=[none=0.00 m0=1.00 m1=0.00]
[u  817] env= 26771456 rsucc=0.934 n_rounds= 3797 ret=+16.935 len=173.0 ent(t0,t>=1)=(0.000,0.558) aL=-0.0040 vL=0.2104 t0=[none=0.00 m0=1.00 m1=0.00]
[u  818] env= 26804224 rsucc=0.933 n_rounds= 3844 ret=+17.173 len=171.1 ent(t0,t>=1)=(0.000,0.558) aL=-0.0031 vL=0.1987 t0=[none=0.00 m0=1.00 m1=0.00]
[u  819] env= 26836992 rsucc=0.921 n_rounds= 3741 ret=+16.904 len=174.4 ent(t0,t>=1)=(0.000,0.569) aL=-0.0044 vL=0.2086 t0=[none=0.00 m0=1.00 m1=0.00]
[u  820] env= 26869760 rsucc=0.919 n_rounds= 3755 ret=+16.823 len=174.5 ent(t0,t>=1)=(0.000,0.567) aL=-0.0061 vL=0.1921 t0=[none=0.00 m0=1.00 m1=0.00]
[u  821] env= 26902528 rsucc=0.929 n_rounds= 3834 ret=+16.830 len=174.0 ent(t0,t>=1)=(0.000,0.565) aL=-0.0039 vL=0.2107 t0=[none=0.00 m0=1.00 m1=0.00]
[u  822] env= 26935296 rsucc=0.925 n_rounds= 3763 ret=+17.116 len=171.0 ent(t0,t>=1)=(0.000,0.575) aL=-0.0041 vL=0.2080 t0=[none=0.00 m0=1.00 m1=0.00]
[u  823] env= 26968064 rsucc=0.935 n_rounds= 3851 ret=+17.071 len=171.9 ent(t0,t>=1)=(0.000,0.568) aL=-0.0030 vL=0.2296 t0=[none=0.00 m0=1.00 m1=0.00]
[u  824] env= 27000832 rsucc=0.930 n_rounds= 3774 ret=+17.020 len=172.8 ent(t0,t>=1)=(0.000,0.581) aL=-0.0038 vL=0.2118 t0=[none=0.00 m0=1.00 m1=0.00]
[u  825] env= 27033600 rsucc=0.932 n_rounds= 3765 ret=+17.081 len=173.4 ent(t0,t>=1)=(0.000,0.584) aL=-0.0050 vL=0.1977 t0=[none=0.00 m0=1.00 m1=0.00]
[u  826] env= 27066368 rsucc=0.937 n_rounds= 3811 ret=+17.161 len=173.4 ent(t0,t>=1)=(0.000,0.568) aL=-0.0052 vL=0.2054 t0=[none=0.00 m0=1.00 m1=0.00]
[u  827] env= 27099136 rsucc=0.933 n_rounds= 3805 ret=+17.217 len=172.0 ent(t0,t>=1)=(0.000,0.581) aL=-0.0029 vL=0.2380 t0=[none=0.00 m0=1.00 m1=0.00]
[u  828] env= 27131904 rsucc=0.938 n_rounds= 3840 ret=+17.143 len=171.1 ent(t0,t>=1)=(0.000,0.554) aL=-0.0036 vL=0.2079 t0=[none=0.00 m0=1.00 m1=0.00]
[u  829] env= 27164672 rsucc=0.938 n_rounds= 3855 ret=+17.263 len=170.2 ent(t0,t>=1)=(0.000,0.556) aL=-0.0029 vL=0.2268 t0=[none=0.00 m0=1.00 m1=0.00]
[u  830] env= 27197440 rsucc=0.934 n_rounds= 3869 ret=+17.212 len=169.7 ent(t0,t>=1)=(0.000,0.565) aL=-0.0031 vL=0.2072 t0=[none=0.00 m0=1.00 m1=0.00]
[u  831] env= 27230208 rsucc=0.934 n_rounds= 3799 ret=+17.129 len=171.4 ent(t0,t>=1)=(0.000,0.564) aL=-0.0038 vL=0.2078 t0=[none=0.00 m0=1.00 m1=0.00]
[u  832] env= 27262976 rsucc=0.931 n_rounds= 3813 ret=+17.086 len=172.2 ent(t0,t>=1)=(0.000,0.573) aL=-0.0047 vL=0.2415 t0=[none=0.00 m0=1.00 m1=0.00]
[u  833] env= 27295744 rsucc=0.933 n_rounds= 3822 ret=+17.118 len=171.5 ent(t0,t>=1)=(0.000,0.568) aL=-0.0048 vL=0.1948 t0=[none=0.00 m0=1.00 m1=0.00]
[u  834] env= 27328512 rsucc=0.931 n_rounds= 3842 ret=+17.209 len=170.9 ent(t0,t>=1)=(0.000,0.572) aL=-0.0007 vL=0.2263 t0=[none=0.00 m0=1.00 m1=0.00]
[u  835] env= 27361280 rsucc=0.947 n_rounds= 3880 ret=+17.158 len=170.2 ent(t0,t>=1)=(0.000,0.554) aL=-0.0044 vL=0.2186 t0=[none=0.00 m0=1.00 m1=0.00]
[u  836] env= 27394048 rsucc=0.939 n_rounds= 3861 ret=+17.330 len=169.3 ent(t0,t>=1)=(0.000,0.574) aL=-0.0037 vL=0.2388 t0=[none=0.00 m0=1.00 m1=0.00]
[u  837] env= 27426816 rsucc=0.932 n_rounds= 3834 ret=+17.266 len=170.5 ent(t0,t>=1)=(0.000,0.570) aL=-0.0044 vL=0.2082 t0=[none=0.00 m0=1.00 m1=0.00]
[u  838] env= 27459584 rsucc=0.946 n_rounds= 3880 ret=+17.143 len=169.9 ent(t0,t>=1)=(0.000,0.548) aL=-0.0038 vL=0.2244 t0=[none=0.00 m0=1.00 m1=0.00]
[u  839] env= 27492352 rsucc=0.934 n_rounds= 3841 ret=+17.358 len=169.8 ent(t0,t>=1)=(0.000,0.545) aL=-0.0046 vL=0.2241 t0=[none=0.00 m0=1.00 m1=0.00]
[u  840] env= 27525120 rsucc=0.933 n_rounds= 3842 ret=+17.214 len=170.7 ent(t0,t>=1)=(0.000,0.552) aL=-0.0037 vL=0.2362 t0=[none=0.00 m0=1.00 m1=0.00]
[u  841] env= 27557888 rsucc=0.943 n_rounds= 3905 ret=+17.216 len=169.5 ent(t0,t>=1)=(0.000,0.549) aL=-0.0048 vL=0.2269 t0=[none=0.00 m0=1.00 m1=0.00]
[u  842] env= 27590656 rsucc=0.933 n_rounds= 3862 ret=+17.269 len=168.5 ent(t0,t>=1)=(0.000,0.549) aL=-0.0044 vL=0.2443 t0=[none=0.00 m0=1.00 m1=0.00]
[u  843] env= 27623424 rsucc=0.939 n_rounds= 3896 ret=+17.168 len=169.4 ent(t0,t>=1)=(0.000,0.535) aL=-0.0022 vL=0.2711 t0=[none=0.00 m0=1.00 m1=0.00]
[u  844] env= 27656192 rsucc=0.940 n_rounds= 3871 ret=+17.365 len=168.1 ent(t0,t>=1)=(0.000,0.550) aL=-0.0050 vL=0.2274 t0=[none=0.00 m0=1.00 m1=0.00]
[u  845] env= 27688960 rsucc=0.933 n_rounds= 3830 ret=+17.186 len=171.1 ent(t0,t>=1)=(0.000,0.544) aL=-0.0049 vL=0.2307 t0=[none=0.00 m0=1.00 m1=0.00]
[u  846] env= 27721728 rsucc=0.930 n_rounds= 3822 ret=+17.122 len=170.9 ent(t0,t>=1)=(0.000,0.553) aL=-0.0042 vL=0.2204 t0=[none=0.00 m0=1.00 m1=0.00]
[u  847] env= 27754496 rsucc=0.930 n_rounds= 3814 ret=+17.053 len=171.8 ent(t0,t>=1)=(0.000,0.547) aL=-0.0026 vL=0.2530 t0=[none=0.00 m0=1.00 m1=0.00]
[u  848] env= 27787264 rsucc=0.935 n_rounds= 3803 ret=+17.138 len=171.9 ent(t0,t>=1)=(0.000,0.554) aL=-0.0051 vL=0.2301 t0=[none=0.00 m0=1.00 m1=0.00]
[u  849] env= 27820032 rsucc=0.942 n_rounds= 3855 ret=+17.211 len=170.6 ent(t0,t>=1)=(0.000,0.563) aL=-0.0032 vL=0.2359 t0=[none=0.00 m0=1.00 m1=0.00]
[u  850] env= 27852800 rsucc=0.936 n_rounds= 3835 ret=+17.252 len=171.1 ent(t0,t>=1)=(0.000,0.562) aL=-0.0041 vL=0.2119 t0=[none=0.00 m0=1.00 m1=0.00]
[u  851] env= 27885568 rsucc=0.936 n_rounds= 3834 ret=+17.205 len=170.5 ent(t0,t>=1)=(0.000,0.556) aL=-0.0039 vL=0.2349 t0=[none=0.00 m0=1.00 m1=0.00]
[u  852] env= 27918336 rsucc=0.933 n_rounds= 3794 ret=+17.178 len=172.4 ent(t0,t>=1)=(0.000,0.565) aL=-0.0043 vL=0.2243 t0=[none=0.00 m0=1.00 m1=0.00]
[u  853] env= 27951104 rsucc=0.942 n_rounds= 3851 ret=+17.275 len=170.6 ent(t0,t>=1)=(0.000,0.562) aL=-0.0035 vL=0.2241 t0=[none=0.00 m0=1.00 m1=0.00]
[u  854] env= 27983872 rsucc=0.936 n_rounds= 3873 ret=+17.207 len=170.3 ent(t0,t>=1)=(0.000,0.562) aL=-0.0035 vL=0.2421 t0=[none=0.00 m0=1.00 m1=0.00]
[u  855] env= 28016640 rsucc=0.942 n_rounds= 3900 ret=+17.288 len=168.9 ent(t0,t>=1)=(0.000,0.553) aL=-0.0049 vL=0.2345 t0=[none=0.00 m0=1.00 m1=0.00]
[u  856] env= 28049408 rsucc=0.939 n_rounds= 3874 ret=+17.290 len=169.4 ent(t0,t>=1)=(0.000,0.567) aL=-0.0037 vL=0.2413 t0=[none=0.00 m0=1.00 m1=0.00]
[u  857] env= 28082176 rsucc=0.935 n_rounds= 3834 ret=+17.308 len=168.8 ent(t0,t>=1)=(0.000,0.559) aL=-0.0049 vL=0.2168 t0=[none=0.00 m0=1.00 m1=0.00]
[u  858] env= 28114944 rsucc=0.937 n_rounds= 3872 ret=+17.156 len=170.4 ent(t0,t>=1)=(0.000,0.577) aL=-0.0008 vL=0.2380 t0=[none=0.00 m0=1.00 m1=0.00]
[u  859] env= 28147712 rsucc=0.940 n_rounds= 3886 ret=+17.263 len=169.4 ent(t0,t>=1)=(0.000,0.571) aL=-0.0033 vL=0.2526 t0=[none=0.00 m0=1.00 m1=0.00]
[u  860] env= 28180480 rsucc=0.934 n_rounds= 3775 ret=+17.227 len=170.2 ent(t0,t>=1)=(0.000,0.579) aL=-0.0040 vL=0.2166 t0=[none=0.00 m0=1.00 m1=0.00]
[u  861] env= 28213248 rsucc=0.934 n_rounds= 3871 ret=+17.126 len=171.9 ent(t0,t>=1)=(0.000,0.566) aL=-0.0027 vL=0.2180 t0=[none=0.00 m0=1.00 m1=0.00]
[u  862] env= 28246016 rsucc=0.934 n_rounds= 3841 ret=+17.139 len=170.2 ent(t0,t>=1)=(0.000,0.566) aL=-0.0029 vL=0.2367 t0=[none=0.00 m0=1.00 m1=0.00]
[u  863] env= 28278784 rsucc=0.935 n_rounds= 3858 ret=+17.263 len=170.1 ent(t0,t>=1)=(0.000,0.588) aL=-0.0033 vL=0.2258 t0=[none=0.00 m0=1.00 m1=0.00]
[u  864] env= 28311552 rsucc=0.930 n_rounds= 3833 ret=+17.093 len=170.5 ent(t0,t>=1)=(0.000,0.599) aL=-0.0041 vL=0.2097 t0=[none=0.00 m0=1.00 m1=0.00]
[u  865] env= 28344320 rsucc=0.937 n_rounds= 3846 ret=+17.088 len=170.9 ent(t0,t>=1)=(0.000,0.598) aL=-0.0013 vL=0.2400 t0=[none=0.00 m0=1.00 m1=0.00]
[u  866] env= 28377088 rsucc=0.941 n_rounds= 3875 ret=+17.248 len=170.4 ent(t0,t>=1)=(0.000,0.583) aL=-0.0043 vL=0.2253 t0=[none=0.00 m0=1.00 m1=0.00]
[u  867] env= 28409856 rsucc=0.940 n_rounds= 3852 ret=+17.431 len=168.9 ent(t0,t>=1)=(0.000,0.568) aL=-0.0043 vL=0.2140 t0=[none=0.00 m0=1.00 m1=0.00]
[u  868] env= 28442624 rsucc=0.943 n_rounds= 3896 ret=+17.258 len=169.7 ent(t0,t>=1)=(0.000,0.549) aL=-0.0044 vL=0.2054 t0=[none=0.00 m0=1.00 m1=0.00]
[u  869] env= 28475392 rsucc=0.945 n_rounds= 3895 ret=+17.333 len=168.0 ent(t0,t>=1)=(0.000,0.561) aL=-0.0022 vL=0.2454 t0=[none=0.00 m0=1.00 m1=0.00]
[u  870] env= 28508160 rsucc=0.934 n_rounds= 3839 ret=+17.349 len=168.3 ent(t0,t>=1)=(0.000,0.558) aL=-0.0056 vL=0.2375 t0=[none=0.00 m0=1.00 m1=0.00]
[u  871] env= 28540928 rsucc=0.943 n_rounds= 3903 ret=+17.246 len=169.8 ent(t0,t>=1)=(0.000,0.558) aL=-0.0030 vL=0.2364 t0=[none=0.00 m0=1.00 m1=0.00]
[u  872] env= 28573696 rsucc=0.942 n_rounds= 3871 ret=+17.350 len=168.7 ent(t0,t>=1)=(0.000,0.562) aL=-0.0040 vL=0.2120 t0=[none=0.00 m0=1.00 m1=0.00]
[u  873] env= 28606464 rsucc=0.938 n_rounds= 3877 ret=+17.294 len=170.0 ent(t0,t>=1)=(0.000,0.565) aL=-0.0009 vL=0.2633 t0=[none=0.00 m0=1.00 m1=0.00]
[u  874] env= 28639232 rsucc=0.935 n_rounds= 3860 ret=+17.182 len=169.3 ent(t0,t>=1)=(0.000,0.596) aL=-0.0028 vL=0.2482 t0=[none=0.00 m0=1.00 m1=0.00]
[u  875] env= 28672000 rsucc=0.943 n_rounds= 3855 ret=+17.280 len=169.1 ent(t0,t>=1)=(0.000,0.581) aL=-0.0044 vL=0.2247 t0=[none=0.00 m0=1.00 m1=0.00]
[u  876] env= 28704768 rsucc=0.940 n_rounds= 3878 ret=+17.366 len=169.3 ent(t0,t>=1)=(0.000,0.570) aL=-0.0045 vL=0.2066 t0=[none=0.00 m0=1.00 m1=0.00]
[u  877] env= 28737536 rsucc=0.946 n_rounds= 3891 ret=+17.301 len=169.8 ent(t0,t>=1)=(0.000,0.568) aL=-0.0038 vL=0.2168 t0=[none=0.00 m0=1.00 m1=0.00]
[u  878] env= 28770304 rsucc=0.937 n_rounds= 3860 ret=+17.303 len=168.7 ent(t0,t>=1)=(0.000,0.589) aL=-0.0042 vL=0.2154 t0=[none=0.00 m0=1.00 m1=0.00]
[u  879] env= 28803072 rsucc=0.947 n_rounds= 3911 ret=+17.284 len=169.7 ent(t0,t>=1)=(0.000,0.587) aL=-0.0014 vL=0.2337 t0=[none=0.00 m0=1.00 m1=0.00]
[u  880] env= 28835840 rsucc=0.943 n_rounds= 3854 ret=+17.479 len=168.5 ent(t0,t>=1)=(0.000,0.588) aL=-0.0038 vL=0.2227 t0=[none=0.00 m0=1.00 m1=0.00]
[u  881] env= 28868608 rsucc=0.947 n_rounds= 3909 ret=+17.414 len=168.4 ent(t0,t>=1)=(0.000,0.587) aL=-0.0034 vL=0.2424 t0=[none=0.00 m0=1.00 m1=0.00]
[u  882] env= 28901376 rsucc=0.951 n_rounds= 3904 ret=+17.487 len=168.7 ent(t0,t>=1)=(0.000,0.584) aL=-0.0038 vL=0.2534 t0=[none=0.00 m0=1.00 m1=0.00]
[u  883] env= 28934144 rsucc=0.940 n_rounds= 3844 ret=+17.418 len=167.9 ent(t0,t>=1)=(0.000,0.590) aL=-0.0043 vL=0.2215 t0=[none=0.00 m0=1.00 m1=0.00]
[u  884] env= 28966912 rsucc=0.946 n_rounds= 3867 ret=+17.381 len=169.4 ent(t0,t>=1)=(0.000,0.587) aL=-0.0045 vL=0.2179 t0=[none=0.00 m0=1.00 m1=0.00]
[u  885] env= 28999680 rsucc=0.935 n_rounds= 3868 ret=+17.285 len=169.7 ent(t0,t>=1)=(0.000,0.590) aL=-0.0051 vL=0.2234 t0=[none=0.00 m0=1.00 m1=0.00]
[u  886] env= 29032448 rsucc=0.941 n_rounds= 3878 ret=+17.267 len=169.8 ent(t0,t>=1)=(0.000,0.602) aL=-0.0047 vL=0.2148 t0=[none=0.00 m0=1.00 m1=0.00]
[u  887] env= 29065216 rsucc=0.943 n_rounds= 3871 ret=+17.408 len=169.0 ent(t0,t>=1)=(0.000,0.599) aL=-0.0035 vL=0.2301 t0=[none=0.00 m0=1.00 m1=0.00]
[u  888] env= 29097984 rsucc=0.935 n_rounds= 3863 ret=+17.292 len=169.1 ent(t0,t>=1)=(0.000,0.597) aL=-0.0051 vL=0.2134 t0=[none=0.00 m0=1.00 m1=0.00]
[u  889] env= 29130752 rsucc=0.939 n_rounds= 3866 ret=+17.177 len=170.1 ent(t0,t>=1)=(0.000,0.610) aL=-0.0027 vL=0.2380 t0=[none=0.00 m0=1.00 m1=0.00]
[u  890] env= 29163520 rsucc=0.947 n_rounds= 3892 ret=+17.355 len=168.7 ent(t0,t>=1)=(0.000,0.575) aL=-0.0028 vL=0.2392 t0=[none=0.00 m0=1.00 m1=0.00]
[u  891] env= 29196288 rsucc=0.938 n_rounds= 3871 ret=+17.298 len=168.7 ent(t0,t>=1)=(0.000,0.605) aL=-0.0044 vL=0.2254 t0=[none=0.00 m0=1.00 m1=0.00]
[u  892] env= 29229056 rsucc=0.948 n_rounds= 3912 ret=+17.311 len=169.8 ent(t0,t>=1)=(0.000,0.593) aL=-0.0031 vL=0.2620 t0=[none=0.00 m0=1.00 m1=0.00]
[u  893] env= 29261824 rsucc=0.943 n_rounds= 3902 ret=+17.551 len=166.0 ent(t0,t>=1)=(0.000,0.601) aL=-0.0033 vL=0.2466 t0=[none=0.00 m0=1.00 m1=0.00]
[u  894] env= 29294592 rsucc=0.941 n_rounds= 3871 ret=+17.265 len=169.7 ent(t0,t>=1)=(0.000,0.591) aL=-0.0040 vL=0.2333 t0=[none=0.00 m0=1.00 m1=0.00]
[u  895] env= 29327360 rsucc=0.937 n_rounds= 3883 ret=+17.300 len=168.5 ent(t0,t>=1)=(0.000,0.601) aL=-0.0025 vL=0.2367 t0=[none=0.00 m0=1.00 m1=0.00]
[u  896] env= 29360128 rsucc=0.943 n_rounds= 3889 ret=+17.243 len=168.8 ent(t0,t>=1)=(0.000,0.592) aL=-0.0055 vL=0.2193 t0=[none=0.00 m0=1.00 m1=0.00]
[u  897] env= 29392896 rsucc=0.946 n_rounds= 3882 ret=+17.458 len=168.5 ent(t0,t>=1)=(0.000,0.578) aL=-0.0023 vL=0.2796 t0=[none=0.00 m0=1.00 m1=0.00]
[u  898] env= 29425664 rsucc=0.943 n_rounds= 3898 ret=+17.357 len=168.7 ent(t0,t>=1)=(0.000,0.573) aL=-0.0062 vL=0.2330 t0=[none=0.00 m0=1.00 m1=0.00]
[u  899] env= 29458432 rsucc=0.942 n_rounds= 3888 ret=+17.447 len=167.7 ent(t0,t>=1)=(0.000,0.589) aL=-0.0035 vL=0.2397 t0=[none=0.00 m0=1.00 m1=0.00]
[u  900] env= 29491200 rsucc=0.935 n_rounds= 3868 ret=+17.193 len=169.4 ent(t0,t>=1)=(0.000,0.584) aL=-0.0045 vL=0.2238 t0=[none=0.00 m0=1.00 m1=0.00]
[u  901] env= 29523968 rsucc=0.949 n_rounds= 3917 ret=+17.334 len=168.3 ent(t0,t>=1)=(0.000,0.579) aL=-0.0032 vL=0.2468 t0=[none=0.00 m0=1.00 m1=0.00]
[u  902] env= 29556736 rsucc=0.941 n_rounds= 3906 ret=+17.415 len=167.3 ent(t0,t>=1)=(0.000,0.590) aL=-0.0033 vL=0.2571 t0=[none=0.00 m0=1.00 m1=0.00]
[u  903] env= 29589504 rsucc=0.940 n_rounds= 3858 ret=+17.333 len=169.5 ent(t0,t>=1)=(0.000,0.627) aL=-0.0038 vL=0.2242 t0=[none=0.00 m0=1.00 m1=0.00]
[u  904] env= 29622272 rsucc=0.940 n_rounds= 3833 ret=+17.220 len=170.1 ent(t0,t>=1)=(0.000,0.618) aL=-0.0051 vL=0.2157 t0=[none=0.00 m0=1.00 m1=0.00]
[u  905] env= 29655040 rsucc=0.940 n_rounds= 3875 ret=+17.333 len=170.1 ent(t0,t>=1)=(0.000,0.618) aL=-0.0039 vL=0.2546 t0=[none=0.00 m0=1.00 m1=0.00]
[u  906] env= 29687808 rsucc=0.941 n_rounds= 3859 ret=+17.306 len=170.0 ent(t0,t>=1)=(0.000,0.617) aL=-0.0033 vL=0.2310 t0=[none=0.00 m0=1.00 m1=0.00]
[u  907] env= 29720576 rsucc=0.939 n_rounds= 3877 ret=+17.310 len=168.8 ent(t0,t>=1)=(0.000,0.611) aL=-0.0040 vL=0.2277 t0=[none=0.00 m0=1.00 m1=0.00]
[u  908] env= 29753344 rsucc=0.946 n_rounds= 3877 ret=+17.302 len=170.0 ent(t0,t>=1)=(0.000,0.601) aL=-0.0022 vL=0.2422 t0=[none=0.00 m0=1.00 m1=0.00]
[u  909] env= 29786112 rsucc=0.939 n_rounds= 3876 ret=+17.337 len=169.6 ent(t0,t>=1)=(0.000,0.605) aL=-0.0020 vL=0.2427 t0=[none=0.00 m0=1.00 m1=0.00]
[u  910] env= 29818880 rsucc=0.947 n_rounds= 3862 ret=+17.379 len=168.7 ent(t0,t>=1)=(0.000,0.589) aL=-0.0041 vL=0.2257 t0=[none=0.00 m0=1.00 m1=0.00]
[u  911] env= 29851648 rsucc=0.936 n_rounds= 3856 ret=+17.364 len=169.5 ent(t0,t>=1)=(0.000,0.617) aL=-0.0034 vL=0.2316 t0=[none=0.00 m0=1.00 m1=0.00]
[u  912] env= 29884416 rsucc=0.945 n_rounds= 3885 ret=+17.332 len=168.3 ent(t0,t>=1)=(0.000,0.604) aL=-0.0034 vL=0.2395 t0=[none=0.00 m0=1.00 m1=0.00]
[u  913] env= 29917184 rsucc=0.945 n_rounds= 3888 ret=+17.265 len=170.2 ent(t0,t>=1)=(0.000,0.605) aL=-0.0044 vL=0.2484 t0=[none=0.00 m0=1.00 m1=0.00]
[u  914] env= 29949952 rsucc=0.944 n_rounds= 3894 ret=+17.559 len=167.2 ent(t0,t>=1)=(0.000,0.605) aL=-0.0032 vL=0.2416 t0=[none=0.00 m0=1.00 m1=0.00]
[u  915] env= 29982720 rsucc=0.942 n_rounds= 3862 ret=+17.310 len=169.6 ent(t0,t>=1)=(0.000,0.608) aL=-0.0014 vL=0.2697 t0=[none=0.00 m0=1.00 m1=0.00]
[u  916] env= 30015488 rsucc=0.945 n_rounds= 3887 ret=+17.327 len=169.1 ent(t0,t>=1)=(0.000,0.586) aL=-0.0029 vL=0.2402 t0=[none=0.00 m0=1.00 m1=0.00]
[u  917] env= 30048256 rsucc=0.942 n_rounds= 3859 ret=+17.395 len=169.1 ent(t0,t>=1)=(0.000,0.594) aL=-0.0013 vL=0.2580 t0=[none=0.00 m0=1.00 m1=0.00]
[u  918] env= 30081024 rsucc=0.945 n_rounds= 3885 ret=+17.364 len=169.5 ent(t0,t>=1)=(0.000,0.584) aL=-0.0023 vL=0.2480 t0=[none=0.00 m0=1.00 m1=0.00]
[u  919] env= 30113792 rsucc=0.941 n_rounds= 3871 ret=+17.353 len=168.9 ent(t0,t>=1)=(0.000,0.582) aL=-0.0040 vL=0.2270 t0=[none=0.00 m0=1.00 m1=0.00]
[u  920] env= 30146560 rsucc=0.938 n_rounds= 3856 ret=+17.304 len=168.5 ent(t0,t>=1)=(0.000,0.591) aL=-0.0040 vL=0.2360 t0=[none=0.00 m0=1.00 m1=0.00]
[u  921] env= 30179328 rsucc=0.940 n_rounds= 3855 ret=+17.298 len=169.9 ent(t0,t>=1)=(0.000,0.585) aL=-0.0033 vL=0.2153 t0=[none=0.00 m0=1.00 m1=0.00]
[u  922] env= 30212096 rsucc=0.942 n_rounds= 3884 ret=+17.268 len=169.8 ent(t0,t>=1)=(0.000,0.582) aL=-0.0037 vL=0.2327 t0=[none=0.00 m0=1.00 m1=0.00]
[u  923] env= 30244864 rsucc=0.948 n_rounds= 3895 ret=+17.464 len=168.6 ent(t0,t>=1)=(0.000,0.581) aL=-0.0047 vL=0.2141 t0=[none=0.00 m0=1.00 m1=0.00]
[u  924] env= 30277632 rsucc=0.940 n_rounds= 3858 ret=+17.409 len=169.2 ent(t0,t>=1)=(0.000,0.600) aL=-0.0053 vL=0.1986 t0=[none=0.00 m0=1.00 m1=0.00]
[u  925] env= 30310400 rsucc=0.938 n_rounds= 3836 ret=+17.208 len=170.4 ent(t0,t>=1)=(0.000,0.610) aL=-0.0037 vL=0.2128 t0=[none=0.00 m0=1.00 m1=0.00]
[u  926] env= 30343168 rsucc=0.938 n_rounds= 3822 ret=+17.259 len=170.5 ent(t0,t>=1)=(0.000,0.594) aL=-0.0039 vL=0.2064 t0=[none=0.00 m0=1.00 m1=0.00]
[u  927] env= 30375936 rsucc=0.943 n_rounds= 3848 ret=+17.355 len=170.2 ent(t0,t>=1)=(0.000,0.591) aL=-0.0039 vL=0.2091 t0=[none=0.00 m0=1.00 m1=0.00]
[u  928] env= 30408704 rsucc=0.933 n_rounds= 3848 ret=+17.240 len=170.1 ent(t0,t>=1)=(0.000,0.589) aL=-0.0027 vL=0.2230 t0=[none=0.00 m0=1.00 m1=0.00]
[u  929] env= 30441472 rsucc=0.939 n_rounds= 3902 ret=+17.116 len=171.2 ent(t0,t>=1)=(0.000,0.580) aL=-0.0041 vL=0.2223 t0=[none=0.00 m0=1.00 m1=0.00]
[u  930] env= 30474240 rsucc=0.947 n_rounds= 3875 ret=+17.388 len=168.1 ent(t0,t>=1)=(0.000,0.576) aL=-0.0005 vL=0.2421 t0=[none=0.00 m0=1.00 m1=0.00]
[u  931] env= 30507008 rsucc=0.940 n_rounds= 3873 ret=+17.401 len=168.7 ent(t0,t>=1)=(0.000,0.578) aL=-0.0044 vL=0.2322 t0=[none=0.00 m0=1.00 m1=0.00]
[u  932] env= 30539776 rsucc=0.937 n_rounds= 3847 ret=+17.311 len=169.2 ent(t0,t>=1)=(0.000,0.600) aL=-0.0037 vL=0.2258 t0=[none=0.00 m0=1.00 m1=0.00]
[u  933] env= 30572544 rsucc=0.944 n_rounds= 3919 ret=+17.254 len=169.3 ent(t0,t>=1)=(0.000,0.588) aL=-0.0043 vL=0.2271 t0=[none=0.00 m0=1.00 m1=0.00]
[u  934] env= 30605312 rsucc=0.940 n_rounds= 3860 ret=+17.302 len=169.1 ent(t0,t>=1)=(0.000,0.601) aL=-0.0017 vL=0.2559 t0=[none=0.00 m0=1.00 m1=0.00]
[u  935] env= 30638080 rsucc=0.945 n_rounds= 3840 ret=+17.364 len=169.6 ent(t0,t>=1)=(0.000,0.593) aL=-0.0031 vL=0.2332 t0=[none=0.00 m0=1.00 m1=0.00]
[u  936] env= 30670848 rsucc=0.940 n_rounds= 3824 ret=+17.349 len=170.6 ent(t0,t>=1)=(0.000,0.600) aL=-0.0052 vL=0.1989 t0=[none=0.00 m0=1.00 m1=0.00]
[u  937] env= 30703616 rsucc=0.942 n_rounds= 3859 ret=+17.338 len=170.1 ent(t0,t>=1)=(0.000,0.591) aL=-0.0049 vL=0.1992 t0=[none=0.00 m0=1.00 m1=0.00]
[u  938] env= 30736384 rsucc=0.946 n_rounds= 3819 ret=+17.295 len=170.5 ent(t0,t>=1)=(0.000,0.584) aL=-0.0038 vL=0.2008 t0=[none=0.00 m0=1.00 m1=0.00]
[u  939] env= 30769152 rsucc=0.947 n_rounds= 3881 ret=+17.506 len=170.5 ent(t0,t>=1)=(0.000,0.584) aL=-0.0033 vL=0.2072 t0=[none=0.00 m0=1.00 m1=0.00]
[u  940] env= 30801920 rsucc=0.946 n_rounds= 3862 ret=+17.415 len=169.7 ent(t0,t>=1)=(0.000,0.587) aL=-0.0030 vL=0.2282 t0=[none=0.00 m0=1.00 m1=0.00]
[u  941] env= 30834688 rsucc=0.934 n_rounds= 3816 ret=+17.275 len=170.7 ent(t0,t>=1)=(0.000,0.604) aL=-0.0038 vL=0.2029 t0=[none=0.00 m0=1.00 m1=0.00]
[u  942] env= 30867456 rsucc=0.944 n_rounds= 3854 ret=+17.285 len=169.5 ent(t0,t>=1)=(0.000,0.596) aL=-0.0040 vL=0.2032 t0=[none=0.00 m0=1.00 m1=0.00]
[u  943] env= 30900224 rsucc=0.938 n_rounds= 3853 ret=+17.319 len=170.8 ent(t0,t>=1)=(0.000,0.594) aL=-0.0046 vL=0.2145 t0=[none=0.00 m0=1.00 m1=0.00]
[u  944] env= 30932992 rsucc=0.938 n_rounds= 3832 ret=+17.174 len=171.7 ent(t0,t>=1)=(0.000,0.610) aL=-0.0024 vL=0.2223 t0=[none=0.00 m0=1.00 m1=0.00]
[u  945] env= 30965760 rsucc=0.937 n_rounds= 3846 ret=+17.298 len=169.7 ent(t0,t>=1)=(0.000,0.600) aL=-0.0013 vL=0.2093 t0=[none=0.00 m0=1.00 m1=0.00]
[u  946] env= 30998528 rsucc=0.942 n_rounds= 3876 ret=+17.187 len=170.1 ent(t0,t>=1)=(0.000,0.601) aL=-0.0027 vL=0.2081 t0=[none=0.00 m0=1.00 m1=0.00]
[u  947] env= 31031296 rsucc=0.939 n_rounds= 3854 ret=+17.409 len=169.2 ent(t0,t>=1)=(0.000,0.592) aL=-0.0050 vL=0.2229 t0=[none=0.00 m0=1.00 m1=0.00]
[u  948] env= 31064064 rsucc=0.947 n_rounds= 3829 ret=+17.251 len=170.6 ent(t0,t>=1)=(0.000,0.588) aL=-0.0038 vL=0.2014 t0=[none=0.00 m0=1.00 m1=0.00]
[u  949] env= 31096832 rsucc=0.940 n_rounds= 3833 ret=+17.363 len=171.3 ent(t0,t>=1)=(0.000,0.608) aL=-0.0037 vL=0.2301 t0=[none=0.00 m0=1.00 m1=0.00]
[u  950] env= 31129600 rsucc=0.943 n_rounds= 3825 ret=+17.255 len=172.0 ent(t0,t>=1)=(0.000,0.610) aL=-0.0044 vL=0.2586 t0=[none=0.00 m0=1.00 m1=0.00]
[u  951] env= 31162368 rsucc=0.940 n_rounds= 3829 ret=+17.331 len=171.0 ent(t0,t>=1)=(0.000,0.609) aL=-0.0034 vL=0.2235 t0=[none=0.00 m0=1.00 m1=0.00]
[u  952] env= 31195136 rsucc=0.941 n_rounds= 3815 ret=+17.285 len=171.9 ent(t0,t>=1)=(0.000,0.604) aL=-0.0046 vL=0.2275 t0=[none=0.00 m0=1.00 m1=0.00]
[u  953] env= 31227904 rsucc=0.942 n_rounds= 3859 ret=+17.310 len=170.8 ent(t0,t>=1)=(0.000,0.599) aL=-0.0050 vL=0.2140 t0=[none=0.00 m0=1.00 m1=0.00]
[u  954] env= 31260672 rsucc=0.941 n_rounds= 3877 ret=+17.324 len=169.6 ent(t0,t>=1)=(0.000,0.605) aL=-0.0032 vL=0.2322 t0=[none=0.00 m0=1.00 m1=0.00]
[u  955] env= 31293440 rsucc=0.943 n_rounds= 3837 ret=+17.372 len=169.0 ent(t0,t>=1)=(0.000,0.608) aL=-0.0033 vL=0.2279 t0=[none=0.00 m0=1.00 m1=0.00]
[u  956] env= 31326208 rsucc=0.944 n_rounds= 3839 ret=+17.320 len=171.2 ent(t0,t>=1)=(0.000,0.603) aL=-0.0047 vL=0.2193 t0=[none=0.00 m0=1.00 m1=0.00]
[u  957] env= 31358976 rsucc=0.945 n_rounds= 3852 ret=+17.431 len=169.5 ent(t0,t>=1)=(0.000,0.607) aL=-0.0022 vL=0.2527 t0=[none=0.00 m0=1.00 m1=0.00]
[u  958] env= 31391744 rsucc=0.948 n_rounds= 3867 ret=+17.381 len=170.3 ent(t0,t>=1)=(0.000,0.602) aL=-0.0033 vL=0.2048 t0=[none=0.00 m0=1.00 m1=0.00]
[u  959] env= 31424512 rsucc=0.942 n_rounds= 3891 ret=+17.449 len=168.6 ent(t0,t>=1)=(0.000,0.603) aL=-0.0039 vL=0.2081 t0=[none=0.00 m0=1.00 m1=0.00]
[u  960] env= 31457280 rsucc=0.945 n_rounds= 3869 ret=+17.340 len=169.4 ent(t0,t>=1)=(0.000,0.591) aL=-0.0041 vL=0.2186 t0=[none=0.00 m0=1.00 m1=0.00]
[u  961] env= 31490048 rsucc=0.945 n_rounds= 3878 ret=+17.514 len=168.6 ent(t0,t>=1)=(0.000,0.596) aL=-0.0037 vL=0.2191 t0=[none=0.00 m0=1.00 m1=0.00]
[u  962] env= 31522816 rsucc=0.941 n_rounds= 3859 ret=+17.262 len=169.9 ent(t0,t>=1)=(0.000,0.606) aL=-0.0045 vL=0.2191 t0=[none=0.00 m0=1.00 m1=0.00]
[u  963] env= 31555584 rsucc=0.929 n_rounds= 3822 ret=+17.256 len=169.2 ent(t0,t>=1)=(0.000,0.625) aL=-0.0043 vL=0.2060 t0=[none=0.00 m0=1.00 m1=0.00]
[u  964] env= 31588352 rsucc=0.940 n_rounds= 3837 ret=+17.158 len=171.8 ent(t0,t>=1)=(0.000,0.607) aL=-0.0042 vL=0.2023 t0=[none=0.00 m0=1.00 m1=0.00]
[u  965] env= 31621120 rsucc=0.941 n_rounds= 3876 ret=+17.259 len=170.5 ent(t0,t>=1)=(0.000,0.613) aL=-0.0050 vL=0.2221 t0=[none=0.00 m0=1.00 m1=0.00]
[u  966] env= 31653888 rsucc=0.943 n_rounds= 3870 ret=+17.273 len=168.8 ent(t0,t>=1)=(0.000,0.609) aL=-0.0036 vL=0.2092 t0=[none=0.00 m0=1.00 m1=0.00]
[u  967] env= 31686656 rsucc=0.946 n_rounds= 3911 ret=+17.442 len=168.7 ent(t0,t>=1)=(0.000,0.593) aL=-0.0010 vL=0.2174 t0=[none=0.00 m0=1.00 m1=0.00]
[u  968] env= 31719424 rsucc=0.939 n_rounds= 3845 ret=+17.395 len=168.4 ent(t0,t>=1)=(0.000,0.600) aL=-0.0040 vL=0.2260 t0=[none=0.00 m0=1.00 m1=0.00]
[u  969] env= 31752192 rsucc=0.945 n_rounds= 3909 ret=+17.316 len=168.8 ent(t0,t>=1)=(0.000,0.596) aL=-0.0030 vL=0.2379 t0=[none=0.00 m0=1.00 m1=0.00]
[u  970] env= 31784960 rsucc=0.945 n_rounds= 3894 ret=+17.421 len=168.0 ent(t0,t>=1)=(0.000,0.598) aL=-0.0033 vL=0.2315 t0=[none=0.00 m0=1.00 m1=0.00]
[u  971] env= 31817728 rsucc=0.942 n_rounds= 3878 ret=+17.401 len=168.6 ent(t0,t>=1)=(0.000,0.612) aL=-0.0029 vL=0.2297 t0=[none=0.00 m0=1.00 m1=0.00]
[u  972] env= 31850496 rsucc=0.940 n_rounds= 3880 ret=+17.257 len=169.4 ent(t0,t>=1)=(0.000,0.624) aL=-0.0038 vL=0.2169 t0=[none=0.00 m0=1.00 m1=0.00]
[u  973] env= 31883264 rsucc=0.942 n_rounds= 3877 ret=+17.302 len=169.3 ent(t0,t>=1)=(0.000,0.602) aL=-0.0053 vL=0.2198 t0=[none=0.00 m0=1.00 m1=0.00]
[u  974] env= 31916032 rsucc=0.941 n_rounds= 3879 ret=+17.385 len=168.5 ent(t0,t>=1)=(0.000,0.617) aL=-0.0010 vL=0.2555 t0=[none=0.00 m0=1.00 m1=0.00]
[u  975] env= 31948800 rsucc=0.944 n_rounds= 3906 ret=+17.353 len=168.6 ent(t0,t>=1)=(0.000,0.600) aL=-0.0043 vL=0.2139 t0=[none=0.00 m0=1.00 m1=0.00]
[u  976] env= 31981568 rsucc=0.951 n_rounds= 3871 ret=+17.382 len=169.9 ent(t0,t>=1)=(0.000,0.607) aL=-0.0012 vL=0.2246 t0=[none=0.00 m0=1.00 m1=0.00]
[u  977] env= 32014336 rsucc=0.946 n_rounds= 3879 ret=+17.533 len=167.9 ent(t0,t>=1)=(0.000,0.601) aL=-0.0035 vL=0.2172 t0=[none=0.00 m0=1.00 m1=0.00]
[u  978] env= 32047104 rsucc=0.939 n_rounds= 3862 ret=+17.342 len=169.4 ent(t0,t>=1)=(0.000,0.623) aL=-0.0026 vL=0.2613 t0=[none=0.00 m0=1.00 m1=0.00]
[u  979] env= 32079872 rsucc=0.941 n_rounds= 3880 ret=+17.373 len=168.3 ent(t0,t>=1)=(0.000,0.613) aL=-0.0027 vL=0.2322 t0=[none=0.00 m0=1.00 m1=0.00]
[u  980] env= 32112640 rsucc=0.942 n_rounds= 3845 ret=+17.241 len=170.3 ent(t0,t>=1)=(0.000,0.610) aL=-0.0019 vL=0.2465 t0=[none=0.00 m0=1.00 m1=0.00]
[u  981] env= 32145408 rsucc=0.937 n_rounds= 3850 ret=+17.231 len=171.7 ent(t0,t>=1)=(0.000,0.612) aL=-0.0039 vL=0.2137 t0=[none=0.00 m0=1.00 m1=0.00]
[u  982] env= 32178176 rsucc=0.950 n_rounds= 3866 ret=+17.397 len=169.7 ent(t0,t>=1)=(0.000,0.604) aL=-0.0036 vL=0.2498 t0=[none=0.00 m0=1.00 m1=0.00]
[u  983] env= 32210944 rsucc=0.943 n_rounds= 3894 ret=+17.384 len=168.4 ent(t0,t>=1)=(0.000,0.604) aL=-0.0036 vL=0.2400 t0=[none=0.00 m0=1.00 m1=0.00]
[u  984] env= 32243712 rsucc=0.941 n_rounds= 3893 ret=+17.482 len=167.1 ent(t0,t>=1)=(0.000,0.603) aL=-0.0021 vL=0.2531 t0=[none=0.00 m0=1.00 m1=0.00]
[u  985] env= 32276480 rsucc=0.947 n_rounds= 3901 ret=+17.405 len=169.2 ent(t0,t>=1)=(0.000,0.594) aL=-0.0030 vL=0.2508 t0=[none=0.00 m0=1.00 m1=0.00]
[u  986] env= 32309248 rsucc=0.947 n_rounds= 3870 ret=+17.419 len=168.1 ent(t0,t>=1)=(0.000,0.589) aL=-0.0044 vL=0.2422 t0=[none=0.00 m0=1.00 m1=0.00]
[u  987] env= 32342016 rsucc=0.947 n_rounds= 3893 ret=+17.361 len=169.8 ent(t0,t>=1)=(0.000,0.603) aL=-0.0043 vL=0.2276 t0=[none=0.00 m0=1.00 m1=0.00]
[u  988] env= 32374784 rsucc=0.951 n_rounds= 3911 ret=+17.487 len=167.8 ent(t0,t>=1)=(0.000,0.599) aL=-0.0035 vL=0.2416 t0=[none=0.00 m0=1.00 m1=0.00]
[u  989] env= 32407552 rsucc=0.946 n_rounds= 3881 ret=+17.575 len=167.8 ent(t0,t>=1)=(0.000,0.599) aL=-0.0035 vL=0.2371 t0=[none=0.00 m0=1.00 m1=0.00]
[u  990] env= 32440320 rsucc=0.947 n_rounds= 3930 ret=+17.309 len=167.9 ent(t0,t>=1)=(0.000,0.594) aL=-0.0034 vL=0.2714 t0=[none=0.00 m0=1.00 m1=0.00]
[u  991] env= 32473088 rsucc=0.945 n_rounds= 3953 ret=+17.475 len=167.0 ent(t0,t>=1)=(0.000,0.582) aL=-0.0041 vL=0.2719 t0=[none=0.00 m0=1.00 m1=0.00]
[u  992] env= 32505856 rsucc=0.950 n_rounds= 3938 ret=+17.492 len=166.6 ent(t0,t>=1)=(0.000,0.581) aL=-0.0042 vL=0.2505 t0=[none=0.00 m0=1.00 m1=0.00]
[u  993] env= 32538624 rsucc=0.955 n_rounds= 3935 ret=+17.528 len=167.2 ent(t0,t>=1)=(0.000,0.584) aL=-0.0024 vL=0.2602 t0=[none=0.00 m0=1.00 m1=0.00]
[u  994] env= 32571392 rsucc=0.949 n_rounds= 3900 ret=+17.520 len=167.5 ent(t0,t>=1)=(0.000,0.578) aL=-0.0043 vL=0.2288 t0=[none=0.00 m0=1.00 m1=0.00]
[u  995] env= 32604160 rsucc=0.947 n_rounds= 3901 ret=+17.513 len=167.2 ent(t0,t>=1)=(0.000,0.589) aL=-0.0012 vL=0.3140 t0=[none=0.00 m0=1.00 m1=0.00]
[u  996] env= 32636928 rsucc=0.946 n_rounds= 3909 ret=+17.509 len=167.1 ent(t0,t>=1)=(0.000,0.592) aL=-0.0040 vL=0.2394 t0=[none=0.00 m0=1.00 m1=0.00]
[u  997] env= 32669696 rsucc=0.947 n_rounds= 3899 ret=+17.401 len=168.1 ent(t0,t>=1)=(0.000,0.608) aL=-0.0040 vL=0.2484 t0=[none=0.00 m0=1.00 m1=0.00]
[u  998] env= 32702464 rsucc=0.946 n_rounds= 3895 ret=+17.402 len=168.3 ent(t0,t>=1)=(0.000,0.603) aL=+0.0001 vL=0.2601 t0=[none=0.00 m0=1.00 m1=0.00]
[u  999] env= 32735232 rsucc=0.941 n_rounds= 3853 ret=+17.302 len=169.5 ent(t0,t>=1)=(0.000,0.598) aL=-0.0023 vL=0.2456 t0=[none=0.00 m0=1.00 m1=0.00]
[u 1000] env= 32768000 rsucc=0.946 n_rounds= 3906 ret=+17.453 len=168.3 ent(t0,t>=1)=(0.000,0.592) aL=-0.0042 vL=0.2293 t0=[none=0.00 m0=1.00 m1=0.00]
[u 1001] env= 32800768 rsucc=0.948 n_rounds= 3901 ret=+17.461 len=168.3 ent(t0,t>=1)=(0.000,0.608) aL=-0.0031 vL=0.2451 t0=[none=0.00 m0=1.00 m1=0.00]
[u 1002] env= 32833536 rsucc=0.945 n_rounds= 3852 ret=+17.380 len=169.0 ent(t0,t>=1)=(0.000,0.616) aL=-0.0045 vL=0.2182 t0=[none=0.00 m0=1.00 m1=0.00]
[u 1003] env= 32866304 rsucc=0.939 n_rounds= 3845 ret=+17.376 len=169.6 ent(t0,t>=1)=(0.000,0.621) aL=-0.0027 vL=0.2688 t0=[none=0.00 m0=1.00 m1=0.00]
[u 1004] env= 32899072 rsucc=0.939 n_rounds= 3862 ret=+17.273 len=170.5 ent(t0,t>=1)=(0.000,0.615) aL=-0.0032 vL=0.2467 t0=[none=0.00 m0=1.00 m1=0.00]
[u 1005] env= 32931840 rsucc=0.938 n_rounds= 3849 ret=+17.311 len=169.9 ent(t0,t>=1)=(0.000,0.614) aL=-0.0033 vL=0.2554 t0=[none=0.00 m0=1.00 m1=0.00]
[u 1006] env= 32964608 rsucc=0.949 n_rounds= 3887 ret=+17.355 len=169.0 ent(t0,t>=1)=(0.000,0.593) aL=-0.0031 vL=0.2394 t0=[none=0.00 m0=1.00 m1=0.00]
[u 1007] env= 32997376 rsucc=0.945 n_rounds= 3889 ret=+17.445 len=168.3 ent(t0,t>=1)=(0.000,0.601) aL=-0.0043 vL=0.2232 t0=[none=0.00 m0=1.00 m1=0.00]
[u 1008] env= 33030144 rsucc=0.950 n_rounds= 3910 ret=+17.391 len=168.5 ent(t0,t>=1)=(0.000,0.617) aL=-0.0021 vL=0.2636 t0=[none=0.00 m0=1.00 m1=0.00]
[u 1009] env= 33062912 rsucc=0.949 n_rounds= 3867 ret=+17.493 len=169.2 ent(t0,t>=1)=(0.000,0.614) aL=-0.0037 vL=0.2238 t0=[none=0.00 m0=1.00 m1=0.00]
[u 1010] env= 33095680 rsucc=0.948 n_rounds= 3883 ret=+17.477 len=168.0 ent(t0,t>=1)=(0.000,0.615) aL=-0.0038 vL=0.2398 t0=[none=0.00 m0=1.00 m1=0.00]
[u 1011] env= 33128448 rsucc=0.943 n_rounds= 3876 ret=+17.428 len=169.5 ent(t0,t>=1)=(0.000,0.616) aL=-0.0046 vL=0.2195 t0=[none=0.00 m0=1.00 m1=0.00]
[u 1012] env= 33161216 rsucc=0.944 n_rounds= 3870 ret=+17.307 len=169.7 ent(t0,t>=1)=(0.000,0.625) aL=-0.0029 vL=0.2514 t0=[none=0.00 m0=1.00 m1=0.00]
[u 1013] env= 33193984 rsucc=0.943 n_rounds= 3850 ret=+17.380 len=169.4 ent(t0,t>=1)=(0.000,0.626) aL=-0.0043 vL=0.2224 t0=[none=0.00 m0=1.00 m1=0.00]
[u 1014] env= 33226752 rsucc=0.945 n_rounds= 3888 ret=+17.376 len=169.8 ent(t0,t>=1)=(0.000,0.615) aL=-0.0032 vL=0.2656 t0=[none=0.00 m0=1.00 m1=0.00]
[u 1015] env= 33259520 rsucc=0.934 n_rounds= 3805 ret=+17.343 len=168.7 ent(t0,t>=1)=(0.000,0.647) aL=-0.0043 vL=0.2198 t0=[none=0.00 m0=1.00 m1=0.00]
[u 1016] env= 33292288 rsucc=0.947 n_rounds= 3865 ret=+17.264 len=171.9 ent(t0,t>=1)=(0.000,0.619) aL=-0.0057 vL=0.1981 t0=[none=0.00 m0=1.00 m1=0.00]
[u 1017] env= 33325056 rsucc=0.945 n_rounds= 3817 ret=+17.412 len=170.8 ent(t0,t>=1)=(0.000,0.652) aL=-0.0044 vL=0.2106 t0=[none=0.00 m0=1.00 m1=0.00]
[u 1018] env= 33357824 rsucc=0.945 n_rounds= 3861 ret=+17.404 len=169.9 ent(t0,t>=1)=(0.000,0.644) aL=-0.0040 vL=0.2244 t0=[none=0.00 m0=1.00 m1=0.00]
[u 1019] env= 33390592 rsucc=0.938 n_rounds= 3816 ret=+17.226 len=171.3 ent(t0,t>=1)=(0.000,0.643) aL=-0.0053 vL=0.2190 t0=[none=0.00 m0=1.00 m1=0.00]
[u 1020] env= 33423360 rsucc=0.946 n_rounds= 3837 ret=+17.332 len=171.4 ent(t0,t>=1)=(0.000,0.642) aL=-0.0053 vL=0.2110 t0=[none=0.00 m0=1.00 m1=0.00]
[u 1021] env= 33456128 rsucc=0.941 n_rounds= 3843 ret=+17.418 len=170.3 ent(t0,t>=1)=(0.000,0.621) aL=-0.0055 vL=0.2137 t0=[none=0.00 m0=1.00 m1=0.00]
[u 1022] env= 33488896 rsucc=0.944 n_rounds= 3879 ret=+17.339 len=170.4 ent(t0,t>=1)=(0.000,0.622) aL=-0.0040 vL=0.2020 t0=[none=0.00 m0=1.00 m1=0.00]
[u 1023] env= 33521664 rsucc=0.944 n_rounds= 3865 ret=+17.397 len=168.7 ent(t0,t>=1)=(0.000,0.623) aL=-0.0047 vL=0.2175 t0=[none=0.00 m0=1.00 m1=0.00]
[u 1024] env= 33554432 rsucc=0.940 n_rounds= 3843 ret=+17.305 len=170.1 ent(t0,t>=1)=(0.000,0.625) aL=-0.0050 vL=0.2070 t0=[none=0.00 m0=1.00 m1=0.00]
[u 1025] env= 33587200 rsucc=0.942 n_rounds= 3842 ret=+17.267 len=171.2 ent(t0,t>=1)=(0.000,0.633) aL=-0.0045 vL=0.2413 t0=[none=0.00 m0=1.00 m1=0.00]
[u 1026] env= 33619968 rsucc=0.944 n_rounds= 3806 ret=+17.244 len=171.2 ent(t0,t>=1)=(0.000,0.633) aL=-0.0031 vL=0.2193 t0=[none=0.00 m0=1.00 m1=0.00]
[u 1027] env= 33652736 rsucc=0.944 n_rounds= 3812 ret=+17.347 len=172.0 ent(t0,t>=1)=(0.000,0.623) aL=-0.0042 vL=0.2354 t0=[none=0.00 m0=1.00 m1=0.00]
[u 1028] env= 33685504 rsucc=0.936 n_rounds= 3806 ret=+17.346 len=172.1 ent(t0,t>=1)=(0.000,0.622) aL=-0.0041 vL=0.2388 t0=[none=0.00 m0=1.00 m1=0.00]
[u 1029] env= 33718272 rsucc=0.941 n_rounds= 3861 ret=+17.279 len=170.8 ent(t0,t>=1)=(0.000,0.645) aL=-0.0034 vL=0.2231 t0=[none=0.00 m0=1.00 m1=0.00]
[u 1030] env= 33751040 rsucc=0.940 n_rounds= 3851 ret=+17.319 len=169.2 ent(t0,t>=1)=(0.000,0.631) aL=-0.0027 vL=0.2162 t0=[none=0.00 m0=1.00 m1=0.00]
[u 1031] env= 33783808 rsucc=0.939 n_rounds= 3818 ret=+17.250 len=171.4 ent(t0,t>=1)=(0.000,0.627) aL=-0.0049 vL=0.2122 t0=[none=0.00 m0=1.00 m1=0.00]
[u 1032] env= 33816576 rsucc=0.940 n_rounds= 3803 ret=+17.264 len=172.1 ent(t0,t>=1)=(0.000,0.621) aL=-0.0041 vL=0.2388 t0=[none=0.00 m0=1.00 m1=0.00]
[u 1033] env= 33849344 rsucc=0.947 n_rounds= 3846 ret=+17.367 len=170.0 ent(t0,t>=1)=(0.000,0.621) aL=-0.0031 vL=0.2248 t0=[none=0.00 m0=1.00 m1=0.00]
[u 1034] env= 33882112 rsucc=0.947 n_rounds= 3866 ret=+17.314 len=172.0 ent(t0,t>=1)=(0.000,0.611) aL=-0.0039 vL=0.2053 t0=[none=0.00 m0=1.00 m1=0.00]
[u 1035] env= 33914880 rsucc=0.943 n_rounds= 3840 ret=+17.435 len=169.5 ent(t0,t>=1)=(0.000,0.623) aL=-0.0049 vL=0.2069 t0=[none=0.00 m0=1.00 m1=0.00]
[u 1036] env= 33947648 rsucc=0.946 n_rounds= 3836 ret=+17.388 len=170.6 ent(t0,t>=1)=(0.000,0.617) aL=-0.0038 vL=0.2301 t0=[none=0.00 m0=1.00 m1=0.00]
[u 1037] env= 33980416 rsucc=0.945 n_rounds= 3880 ret=+17.494 len=168.6 ent(t0,t>=1)=(0.000,0.616) aL=-0.0051 vL=0.2211 t0=[none=0.00 m0=1.00 m1=0.00]
[u 1038] env= 34013184 rsucc=0.944 n_rounds= 3884 ret=+17.287 len=170.1 ent(t0,t>=1)=(0.000,0.623) aL=-0.0048 vL=0.1968 t0=[none=0.00 m0=1.00 m1=0.00]
[u 1039] env= 34045952 rsucc=0.941 n_rounds= 3826 ret=+17.386 len=170.1 ent(t0,t>=1)=(0.000,0.615) aL=-0.0037 vL=0.2126 t0=[none=0.00 m0=1.00 m1=0.00]
[u 1040] env= 34078720 rsucc=0.946 n_rounds= 3883 ret=+17.286 len=170.2 ent(t0,t>=1)=(0.000,0.603) aL=-0.0045 vL=0.2205 t0=[none=0.00 m0=1.00 m1=0.00]
[u 1041] env= 34111488 rsucc=0.945 n_rounds= 3882 ret=+17.485 len=167.9 ent(t0,t>=1)=(0.000,0.617) aL=-0.0036 vL=0.2162 t0=[none=0.00 m0=1.00 m1=0.00]
[u 1042] env= 34144256 rsucc=0.947 n_rounds= 3885 ret=+17.400 len=169.1 ent(t0,t>=1)=(0.000,0.600) aL=-0.0022 vL=0.2266 t0=[none=0.00 m0=1.00 m1=0.00]
[u 1043] env= 34177024 rsucc=0.947 n_rounds= 3861 ret=+17.428 len=168.7 ent(t0,t>=1)=(0.000,0.612) aL=-0.0017 vL=0.2356 t0=[none=0.00 m0=1.00 m1=0.00]
[u 1044] env= 34209792 rsucc=0.937 n_rounds= 3854 ret=+17.319 len=170.6 ent(t0,t>=1)=(0.000,0.610) aL=-0.0052 vL=0.2322 t0=[none=0.00 m0=1.00 m1=0.00]
[u 1045] env= 34242560 rsucc=0.945 n_rounds= 3859 ret=+17.398 len=169.0 ent(t0,t>=1)=(0.000,0.617) aL=-0.0040 vL=0.2209 t0=[none=0.00 m0=1.00 m1=0.00]
[u 1046] env= 34275328 rsucc=0.944 n_rounds= 3869 ret=+17.353 len=170.3 ent(t0,t>=1)=(0.000,0.614) aL=-0.0041 vL=0.2150 t0=[none=0.00 m0=1.00 m1=0.00]
[u 1047] env= 34308096 rsucc=0.940 n_rounds= 3850 ret=+17.267 len=170.5 ent(t0,t>=1)=(0.000,0.608) aL=-0.0042 vL=0.2468 t0=[none=0.00 m0=1.00 m1=0.00]
[u 1048] env= 34340864 rsucc=0.948 n_rounds= 3878 ret=+17.409 len=168.6 ent(t0,t>=1)=(0.000,0.599) aL=-0.0048 vL=0.2275 t0=[none=0.00 m0=1.00 m1=0.00]
[u 1049] env= 34373632 rsucc=0.945 n_rounds= 3869 ret=+17.420 len=169.1 ent(t0,t>=1)=(0.000,0.610) aL=-0.0029 vL=0.2276 t0=[none=0.00 m0=1.00 m1=0.00]
[u 1050] env= 34406400 rsucc=0.941 n_rounds= 3865 ret=+17.305 len=170.4 ent(t0,t>=1)=(0.000,0.613) aL=-0.0037 vL=0.2243 t0=[none=0.00 m0=1.00 m1=0.00]
[u 1051] env= 34439168 rsucc=0.942 n_rounds= 3889 ret=+17.413 len=168.5 ent(t0,t>=1)=(0.000,0.613) aL=-0.0042 vL=0.2175 t0=[none=0.00 m0=1.00 m1=0.00]
[u 1052] env= 34471936 rsucc=0.944 n_rounds= 3872 ret=+17.358 len=169.6 ent(t0,t>=1)=(0.000,0.617) aL=-0.0037 vL=0.2485 t0=[none=0.00 m0=1.00 m1=0.00]
[u 1053] env= 34504704 rsucc=0.942 n_rounds= 3854 ret=+17.280 len=169.4 ent(t0,t>=1)=(0.000,0.615) aL=-0.0031 vL=0.2411 t0=[none=0.00 m0=1.00 m1=0.00]
[u 1054] env= 34537472 rsucc=0.942 n_rounds= 3862 ret=+17.399 len=169.2 ent(t0,t>=1)=(0.000,0.615) aL=-0.0048 vL=0.2280 t0=[none=0.00 m0=1.00 m1=0.00]
[u 1055] env= 34570240 rsucc=0.943 n_rounds= 3835 ret=+17.270 len=171.1 ent(t0,t>=1)=(0.000,0.625) aL=-0.0046 vL=0.2233 t0=[none=0.00 m0=1.00 m1=0.00]
[u 1056] env= 34603008 rsucc=0.947 n_rounds= 3859 ret=+17.425 len=170.1 ent(t0,t>=1)=(0.000,0.616) aL=-0.0027 vL=0.2377 t0=[none=0.00 m0=1.00 m1=0.00]
[u 1057] env= 34635776 rsucc=0.950 n_rounds= 3883 ret=+17.472 len=169.3 ent(t0,t>=1)=(0.000,0.609) aL=-0.0038 vL=0.2066 t0=[none=0.00 m0=1.00 m1=0.00]
[u 1058] env= 34668544 rsucc=0.945 n_rounds= 3877 ret=+17.388 len=168.9 ent(t0,t>=1)=(0.000,0.621) aL=-0.0016 vL=0.2303 t0=[none=0.00 m0=1.00 m1=0.00]
[u 1059] env= 34701312 rsucc=0.950 n_rounds= 3897 ret=+17.498 len=168.6 ent(t0,t>=1)=(0.000,0.622) aL=-0.0031 vL=0.2231 t0=[none=0.00 m0=1.00 m1=0.00]
[u 1060] env= 34734080 rsucc=0.943 n_rounds= 3858 ret=+17.405 len=169.2 ent(t0,t>=1)=(0.000,0.639) aL=-0.0028 vL=0.2518 t0=[none=0.00 m0=1.00 m1=0.00]
[u 1061] env= 34766848 rsucc=0.946 n_rounds= 3868 ret=+17.429 len=168.8 ent(t0,t>=1)=(0.000,0.608) aL=-0.0055 vL=0.2165 t0=[none=0.00 m0=1.00 m1=0.00]
[u 1062] env= 34799616 rsucc=0.945 n_rounds= 3859 ret=+17.406 len=170.1 ent(t0,t>=1)=(0.000,0.603) aL=-0.0031 vL=0.2326 t0=[none=0.00 m0=1.00 m1=0.00]
[u 1063] env= 34832384 rsucc=0.947 n_rounds= 3913 ret=+17.371 len=169.2 ent(t0,t>=1)=(0.000,0.604) aL=-0.0032 vL=0.2432 t0=[none=0.00 m0=1.00 m1=0.00]
[u 1064] env= 34865152 rsucc=0.947 n_rounds= 3898 ret=+17.370 len=168.1 ent(t0,t>=1)=(0.000,0.604) aL=-0.0034 vL=0.2198 t0=[none=0.00 m0=1.00 m1=0.00]
[u 1065] env= 34897920 rsucc=0.945 n_rounds= 3880 ret=+17.461 len=167.7 ent(t0,t>=1)=(0.000,0.631) aL=-0.0035 vL=0.2150 t0=[none=0.00 m0=1.00 m1=0.00]
[u 1066] env= 34930688 rsucc=0.948 n_rounds= 3882 ret=+17.432 len=169.6 ent(t0,t>=1)=(0.000,0.607) aL=-0.0042 vL=0.2130 t0=[none=0.00 m0=1.00 m1=0.00]
[u 1067] env= 34963456 rsucc=0.945 n_rounds= 3904 ret=+17.443 len=167.7 ent(t0,t>=1)=(0.000,0.611) aL=-0.0049 vL=0.2175 t0=[none=0.00 m0=1.00 m1=0.00]
[u 1068] env= 34996224 rsucc=0.948 n_rounds= 3907 ret=+17.474 len=168.3 ent(t0,t>=1)=(0.000,0.602) aL=-0.0031 vL=0.2109 t0=[none=0.00 m0=1.00 m1=0.00]
[u 1069] env= 35028992 rsucc=0.952 n_rounds= 3934 ret=+17.462 len=167.2 ent(t0,t>=1)=(0.000,0.585) aL=-0.0029 vL=0.2291 t0=[none=0.00 m0=1.00 m1=0.00]
[u 1070] env= 35061760 rsucc=0.947 n_rounds= 3876 ret=+17.435 len=168.4 ent(t0,t>=1)=(0.000,0.604) aL=-0.0039 vL=0.2235 t0=[none=0.00 m0=1.00 m1=0.00]
[u 1071] env= 35094528 rsucc=0.949 n_rounds= 3902 ret=+17.461 len=168.2 ent(t0,t>=1)=(0.000,0.601) aL=-0.0025 vL=0.2359 t0=[none=0.00 m0=1.00 m1=0.00]
[u 1072] env= 35127296 rsucc=0.947 n_rounds= 3912 ret=+17.555 len=167.1 ent(t0,t>=1)=(0.000,0.617) aL=-0.0038 vL=0.2434 t0=[none=0.00 m0=1.00 m1=0.00]
[u 1073] env= 35160064 rsucc=0.945 n_rounds= 3878 ret=+17.426 len=168.3 ent(t0,t>=1)=(0.000,0.622) aL=-0.0038 vL=0.2226 t0=[none=0.00 m0=1.00 m1=0.00]
[u 1074] env= 35192832 rsucc=0.946 n_rounds= 3914 ret=+17.446 len=168.0 ent(t0,t>=1)=(0.000,0.614) aL=-0.0034 vL=0.2348 t0=[none=0.00 m0=1.00 m1=0.00]
[u 1075] env= 35225600 rsucc=0.947 n_rounds= 3907 ret=+17.451 len=167.4 ent(t0,t>=1)=(0.000,0.619) aL=-0.0035 vL=0.2237 t0=[none=0.00 m0=1.00 m1=0.00]
[u 1076] env= 35258368 rsucc=0.945 n_rounds= 3915 ret=+17.374 len=168.8 ent(t0,t>=1)=(0.000,0.611) aL=-0.0024 vL=0.2263 t0=[none=0.00 m0=1.00 m1=0.00]
[u 1077] env= 35291136 rsucc=0.945 n_rounds= 3894 ret=+17.499 len=166.6 ent(t0,t>=1)=(0.000,0.611) aL=-0.0042 vL=0.2374 t0=[none=0.00 m0=1.00 m1=0.00]
[u 1078] env= 35323904 rsucc=0.946 n_rounds= 3885 ret=+17.349 len=169.8 ent(t0,t>=1)=(0.000,0.587) aL=-0.0031 vL=0.2716 t0=[none=0.00 m0=1.00 m1=0.00]
[u 1079] env= 35356672 rsucc=0.942 n_rounds= 3921 ret=+17.433 len=167.3 ent(t0,t>=1)=(0.000,0.601) aL=-0.0035 vL=0.2436 t0=[none=0.00 m0=1.00 m1=0.00]
[u 1080] env= 35389440 rsucc=0.947 n_rounds= 3923 ret=+17.436 len=166.9 ent(t0,t>=1)=(0.000,0.587) aL=-0.0037 vL=0.2373 t0=[none=0.00 m0=1.00 m1=0.00]
[u 1081] env= 35422208 rsucc=0.950 n_rounds= 3922 ret=+17.410 len=167.5 ent(t0,t>=1)=(0.000,0.581) aL=-0.0028 vL=0.2576 t0=[none=0.00 m0=1.00 m1=0.00]
[u 1082] env= 35454976 rsucc=0.946 n_rounds= 3931 ret=+17.460 len=166.3 ent(t0,t>=1)=(0.000,0.591) aL=-0.0028 vL=0.2394 t0=[none=0.00 m0=1.00 m1=0.00]
[u 1083] env= 35487744 rsucc=0.949 n_rounds= 3897 ret=+17.508 len=167.7 ent(t0,t>=1)=(0.000,0.591) aL=-0.0035 vL=0.2411 t0=[none=0.00 m0=1.00 m1=0.00]
[u 1084] env= 35520512 rsucc=0.948 n_rounds= 3901 ret=+17.402 len=168.5 ent(t0,t>=1)=(0.000,0.604) aL=-0.0029 vL=0.2432 t0=[none=0.00 m0=1.00 m1=0.00]
[u 1085] env= 35553280 rsucc=0.943 n_rounds= 3854 ret=+17.397 len=168.5 ent(t0,t>=1)=(0.000,0.629) aL=-0.0031 vL=0.2234 t0=[none=0.00 m0=1.00 m1=0.00]
[u 1086] env= 35586048 rsucc=0.940 n_rounds= 3873 ret=+17.384 len=169.8 ent(t0,t>=1)=(0.000,0.615) aL=-0.0034 vL=0.2258 t0=[none=0.00 m0=1.00 m1=0.00]
[u 1087] env= 35618816 rsucc=0.942 n_rounds= 3865 ret=+17.338 len=168.3 ent(t0,t>=1)=(0.000,0.609) aL=-0.0051 vL=0.2056 t0=[none=0.00 m0=1.00 m1=0.00]
[u 1088] env= 35651584 rsucc=0.945 n_rounds= 3885 ret=+17.350 len=169.6 ent(t0,t>=1)=(0.000,0.610) aL=-0.0021 vL=0.2419 t0=[none=0.00 m0=1.00 m1=0.00]
[u 1089] env= 35684352 rsucc=0.944 n_rounds= 3872 ret=+17.360 len=169.3 ent(t0,t>=1)=(0.000,0.609) aL=-0.0041 vL=0.2471 t0=[none=0.00 m0=1.00 m1=0.00]
[u 1090] env= 35717120 rsucc=0.949 n_rounds= 3900 ret=+17.418 len=168.8 ent(t0,t>=1)=(0.000,0.595) aL=-0.0033 vL=0.2118 t0=[none=0.00 m0=1.00 m1=0.00]
[u 1091] env= 35749888 rsucc=0.945 n_rounds= 3903 ret=+17.493 len=168.0 ent(t0,t>=1)=(0.000,0.605) aL=-0.0028 vL=0.2138 t0=[none=0.00 m0=1.00 m1=0.00]
[u 1092] env= 35782656 rsucc=0.943 n_rounds= 3897 ret=+17.381 len=167.8 ent(t0,t>=1)=(0.000,0.630) aL=-0.0022 vL=0.2542 t0=[none=0.00 m0=1.00 m1=0.00]
[u 1093] env= 35815424 rsucc=0.939 n_rounds= 3841 ret=+17.324 len=169.2 ent(t0,t>=1)=(0.000,0.619) aL=-0.0044 vL=0.2255 t0=[none=0.00 m0=1.00 m1=0.00]
[u 1094] env= 35848192 rsucc=0.946 n_rounds= 3887 ret=+17.384 len=169.8 ent(t0,t>=1)=(0.000,0.608) aL=-0.0035 vL=0.2174 t0=[none=0.00 m0=1.00 m1=0.00]
[u 1095] env= 35880960 rsucc=0.946 n_rounds= 3865 ret=+17.424 len=168.9 ent(t0,t>=1)=(0.000,0.621) aL=-0.0017 vL=0.2389 t0=[none=0.00 m0=1.00 m1=0.00]
[u 1096] env= 35913728 rsucc=0.945 n_rounds= 3873 ret=+17.375 len=169.9 ent(t0,t>=1)=(0.000,0.605) aL=-0.0022 vL=0.2558 t0=[none=0.00 m0=1.00 m1=0.00]
[u 1097] env= 35946496 rsucc=0.946 n_rounds= 3886 ret=+17.435 len=167.8 ent(t0,t>=1)=(0.000,0.593) aL=-0.0045 vL=0.2231 t0=[none=0.00 m0=1.00 m1=0.00]
[u 1098] env= 35979264 rsucc=0.947 n_rounds= 3909 ret=+17.426 len=167.7 ent(t0,t>=1)=(0.000,0.606) aL=-0.0036 vL=0.2298 t0=[none=0.00 m0=1.00 m1=0.00]
[u 1099] env= 36012032 rsucc=0.942 n_rounds= 3913 ret=+17.384 len=169.0 ent(t0,t>=1)=(0.000,0.588) aL=-0.0018 vL=0.2337 t0=[none=0.00 m0=1.00 m1=0.00]
[u 1100] env= 36044800 rsucc=0.944 n_rounds= 3922 ret=+17.378 len=166.6 ent(t0,t>=1)=(0.000,0.585) aL=-0.0032 vL=0.2513 t0=[none=0.00 m0=1.00 m1=0.00]
[u 1101] env= 36077568 rsucc=0.946 n_rounds= 3907 ret=+17.403 len=168.4 ent(t0,t>=1)=(0.000,0.597) aL=-0.0017 vL=0.2812 t0=[none=0.00 m0=1.00 m1=0.00]
[u 1102] env= 36110336 rsucc=0.947 n_rounds= 3905 ret=+17.448 len=167.5 ent(t0,t>=1)=(0.000,0.604) aL=-0.0040 vL=0.2417 t0=[none=0.00 m0=1.00 m1=0.00]
[u 1103] env= 36143104 rsucc=0.946 n_rounds= 3887 ret=+17.474 len=167.9 ent(t0,t>=1)=(0.000,0.609) aL=-0.0045 vL=0.2210 t0=[none=0.00 m0=1.00 m1=0.00]
[u 1104] env= 36175872 rsucc=0.947 n_rounds= 3879 ret=+17.380 len=168.8 ent(t0,t>=1)=(0.000,0.605) aL=-0.0028 vL=0.2374 t0=[none=0.00 m0=1.00 m1=0.00]
[u 1105] env= 36208640 rsucc=0.943 n_rounds= 3876 ret=+17.364 len=168.8 ent(t0,t>=1)=(0.000,0.617) aL=-0.0023 vL=0.2574 t0=[none=0.00 m0=1.00 m1=0.00]
[u 1106] env= 36241408 rsucc=0.945 n_rounds= 3853 ret=+17.435 len=169.3 ent(t0,t>=1)=(0.000,0.614) aL=-0.0021 vL=0.2928 t0=[none=0.00 m0=1.00 m1=0.00]
[u 1107] env= 36274176 rsucc=0.944 n_rounds= 3891 ret=+17.301 len=170.6 ent(t0,t>=1)=(0.000,0.619) aL=-0.0037 vL=0.3291 t0=[none=0.00 m0=1.00 m1=0.00]
[u 1108] env= 36306944 rsucc=0.949 n_rounds= 3900 ret=+17.562 len=167.2 ent(t0,t>=1)=(0.000,0.604) aL=-0.0030 vL=0.2240 t0=[none=0.00 m0=1.00 m1=0.00]
[u 1109] env= 36339712 rsucc=0.948 n_rounds= 3866 ret=+17.359 len=169.8 ent(t0,t>=1)=(0.000,0.614) aL=-0.0022 vL=0.2791 t0=[none=0.00 m0=1.00 m1=0.00]
[u 1110] env= 36372480 rsucc=0.941 n_rounds= 3853 ret=+17.416 len=169.2 ent(t0,t>=1)=(0.000,0.623) aL=-0.0047 vL=0.2324 t0=[none=0.00 m0=1.00 m1=0.00]
[u 1111] env= 36405248 rsucc=0.949 n_rounds= 3899 ret=+17.417 len=168.8 ent(t0,t>=1)=(0.000,0.607) aL=-0.0036 vL=0.2268 t0=[none=0.00 m0=1.00 m1=0.00]
[u 1112] env= 36438016 rsucc=0.949 n_rounds= 3889 ret=+17.535 len=169.1 ent(t0,t>=1)=(0.000,0.598) aL=-0.0022 vL=0.2688 t0=[none=0.00 m0=1.00 m1=0.00]
[u 1113] env= 36470784 rsucc=0.950 n_rounds= 3905 ret=+17.396 len=168.8 ent(t0,t>=1)=(0.000,0.612) aL=-0.0031 vL=0.2385 t0=[none=0.00 m0=1.00 m1=0.00]
[u 1114] env= 36503552 rsucc=0.944 n_rounds= 3860 ret=+17.487 len=168.2 ent(t0,t>=1)=(0.000,0.605) aL=-0.0046 vL=0.2413 t0=[none=0.00 m0=1.00 m1=0.00]
[u 1115] env= 36536320 rsucc=0.942 n_rounds= 3834 ret=+17.446 len=168.6 ent(t0,t>=1)=(0.000,0.611) aL=-0.0039 vL=0.2273 t0=[none=0.00 m0=1.00 m1=0.00]
[u 1116] env= 36569088 rsucc=0.950 n_rounds= 3896 ret=+17.322 len=171.0 ent(t0,t>=1)=(0.000,0.593) aL=-0.0041 vL=0.2175 t0=[none=0.00 m0=1.00 m1=0.00]
[u 1117] env= 36601856 rsucc=0.950 n_rounds= 3938 ret=+17.552 len=166.4 ent(t0,t>=1)=(0.000,0.589) aL=-0.0030 vL=0.2423 t0=[none=0.00 m0=1.00 m1=0.00]
[u 1118] env= 36634624 rsucc=0.943 n_rounds= 3900 ret=+17.424 len=167.8 ent(t0,t>=1)=(0.000,0.595) aL=-0.0028 vL=0.2403 t0=[none=0.00 m0=1.00 m1=0.00]
[u 1119] env= 36667392 rsucc=0.942 n_rounds= 3856 ret=+17.363 len=168.9 ent(t0,t>=1)=(0.000,0.606) aL=-0.0039 vL=0.2270 t0=[none=0.00 m0=1.00 m1=0.00]
[u 1120] env= 36700160 rsucc=0.941 n_rounds= 3858 ret=+17.332 len=170.0 ent(t0,t>=1)=(0.000,0.604) aL=-0.0035 vL=0.2388 t0=[none=0.00 m0=1.00 m1=0.00]
[u 1121] env= 36732928 rsucc=0.945 n_rounds= 3866 ret=+17.291 len=169.1 ent(t0,t>=1)=(0.000,0.589) aL=-0.0038 vL=0.2223 t0=[none=0.00 m0=1.00 m1=0.00]
[u 1122] env= 36765696 rsucc=0.954 n_rounds= 3999 ret=+17.541 len=166.9 ent(t0,t>=1)=(0.000,0.582) aL=-0.0011 vL=0.2499 t0=[none=0.00 m0=1.00 m1=0.00]
[u 1123] env= 36798464 rsucc=0.951 n_rounds= 3912 ret=+17.631 len=165.4 ent(t0,t>=1)=(0.000,0.591) aL=-0.0029 vL=0.2189 t0=[none=0.00 m0=1.00 m1=0.00]
[u 1124] env= 36831232 rsucc=0.939 n_rounds= 3867 ret=+17.343 len=168.7 ent(t0,t>=1)=(0.000,0.625) aL=-0.0011 vL=0.2688 t0=[none=0.00 m0=1.00 m1=0.00]
[u 1125] env= 36864000 rsucc=0.942 n_rounds= 3871 ret=+17.375 len=169.3 ent(t0,t>=1)=(0.000,0.627) aL=-0.0035 vL=0.2689 t0=[none=0.00 m0=1.00 m1=0.00]
[u 1126] env= 36896768 rsucc=0.939 n_rounds= 3896 ret=+17.334 len=168.6 ent(t0,t>=1)=(0.000,0.628) aL=-0.0037 vL=0.2298 t0=[none=0.00 m0=1.00 m1=0.00]
[u 1127] env= 36929536 rsucc=0.942 n_rounds= 3861 ret=+17.272 len=168.8 ent(t0,t>=1)=(0.000,0.624) aL=-0.0031 vL=0.2390 t0=[none=0.00 m0=1.00 m1=0.00]
[u 1128] env= 36962304 rsucc=0.945 n_rounds= 3897 ret=+17.363 len=169.4 ent(t0,t>=1)=(0.000,0.617) aL=-0.0042 vL=0.2430 t0=[none=0.00 m0=1.00 m1=0.00]
[u 1129] env= 36995072 rsucc=0.947 n_rounds= 3882 ret=+17.447 len=168.2 ent(t0,t>=1)=(0.000,0.611) aL=-0.0033 vL=0.2320 t0=[none=0.00 m0=1.00 m1=0.00]
[u 1130] env= 37027840 rsucc=0.944 n_rounds= 3872 ret=+17.359 len=169.3 ent(t0,t>=1)=(0.000,0.632) aL=-0.0037 vL=0.2309 t0=[none=0.00 m0=1.00 m1=0.00]
[u 1131] env= 37060608 rsucc=0.947 n_rounds= 3891 ret=+17.442 len=168.3 ent(t0,t>=1)=(0.000,0.621) aL=-0.0020 vL=0.2426 t0=[none=0.00 m0=1.00 m1=0.00]
[u 1132] env= 37093376 rsucc=0.951 n_rounds= 3908 ret=+17.475 len=168.3 ent(t0,t>=1)=(0.000,0.613) aL=-0.0038 vL=0.2223 t0=[none=0.00 m0=1.00 m1=0.00]
[u 1133] env= 37126144 rsucc=0.946 n_rounds= 3863 ret=+17.427 len=168.8 ent(t0,t>=1)=(0.000,0.630) aL=-0.0037 vL=0.2302 t0=[none=0.00 m0=1.00 m1=0.00]
[u 1134] env= 37158912 rsucc=0.955 n_rounds= 3885 ret=+17.528 len=170.0 ent(t0,t>=1)=(0.000,0.599) aL=-0.0023 vL=0.2302 t0=[none=0.00 m0=1.00 m1=0.00]
[u 1135] env= 37191680 rsucc=0.948 n_rounds= 3892 ret=+17.541 len=168.4 ent(t0,t>=1)=(0.000,0.611) aL=-0.0035 vL=0.2363 t0=[none=0.00 m0=1.00 m1=0.00]
[u 1136] env= 37224448 rsucc=0.954 n_rounds= 3920 ret=+17.544 len=167.2 ent(t0,t>=1)=(0.000,0.602) aL=-0.0034 vL=0.2370 t0=[none=0.00 m0=1.00 m1=0.00]
[u 1137] env= 37257216 rsucc=0.950 n_rounds= 3908 ret=+17.463 len=167.9 ent(t0,t>=1)=(0.000,0.602) aL=-0.0032 vL=0.2234 t0=[none=0.00 m0=1.00 m1=0.00]
[u 1138] env= 37289984 rsucc=0.948 n_rounds= 3888 ret=+17.570 len=167.5 ent(t0,t>=1)=(0.000,0.604) aL=-0.0032 vL=0.2510 t0=[none=0.00 m0=1.00 m1=0.00]
[u 1139] env= 37322752 rsucc=0.952 n_rounds= 3931 ret=+17.545 len=167.6 ent(t0,t>=1)=(0.000,0.602) aL=-0.0031 vL=0.2386 t0=[none=0.00 m0=1.00 m1=0.00]
[u 1140] env= 37355520 rsucc=0.951 n_rounds= 3937 ret=+17.467 len=167.1 ent(t0,t>=1)=(0.000,0.591) aL=-0.0038 vL=0.2253 t0=[none=0.00 m0=1.00 m1=0.00]
[u 1141] env= 37388288 rsucc=0.946 n_rounds= 3884 ret=+17.497 len=167.8 ent(t0,t>=1)=(0.000,0.621) aL=-0.0017 vL=0.2903 t0=[none=0.00 m0=1.00 m1=0.00]
[u 1142] env= 37421056 rsucc=0.952 n_rounds= 3905 ret=+17.564 len=168.0 ent(t0,t>=1)=(0.000,0.619) aL=-0.0041 vL=0.2339 t0=[none=0.00 m0=1.00 m1=0.00]
[u 1143] env= 37453824 rsucc=0.947 n_rounds= 3871 ret=+17.446 len=168.2 ent(t0,t>=1)=(0.000,0.617) aL=-0.0033 vL=0.2528 t0=[none=0.00 m0=1.00 m1=0.00]
[u 1144] env= 37486592 rsucc=0.948 n_rounds= 3916 ret=+17.510 len=168.0 ent(t0,t>=1)=(0.000,0.618) aL=-0.0041 vL=0.2295 t0=[none=0.00 m0=1.00 m1=0.00]
[u 1145] env= 37519360 rsucc=0.945 n_rounds= 3905 ret=+17.364 len=169.6 ent(t0,t>=1)=(0.000,0.637) aL=-0.0033 vL=0.2554 t0=[none=0.00 m0=1.00 m1=0.00]
[u 1146] env= 37552128 rsucc=0.949 n_rounds= 3931 ret=+17.405 len=167.1 ent(t0,t>=1)=(0.000,0.611) aL=-0.0035 vL=0.2468 t0=[none=0.00 m0=1.00 m1=0.00]
[u 1147] env= 37584896 rsucc=0.952 n_rounds= 3929 ret=+17.606 len=167.0 ent(t0,t>=1)=(0.000,0.609) aL=-0.0041 vL=0.2356 t0=[none=0.00 m0=1.00 m1=0.00]
[u 1148] env= 37617664 rsucc=0.953 n_rounds= 3918 ret=+17.571 len=166.9 ent(t0,t>=1)=(0.000,0.620) aL=-0.0028 vL=0.2488 t0=[none=0.00 m0=1.00 m1=0.00]
[u 1149] env= 37650432 rsucc=0.944 n_rounds= 3922 ret=+17.444 len=166.8 ent(t0,t>=1)=(0.000,0.620) aL=-0.0043 vL=0.2380 t0=[none=0.00 m0=1.00 m1=0.00]
[u 1150] env= 37683200 rsucc=0.949 n_rounds= 3936 ret=+17.502 len=166.7 ent(t0,t>=1)=(0.000,0.616) aL=-0.0024 vL=0.2539 t0=[none=0.00 m0=1.00 m1=0.00]
[u 1151] env= 37715968 rsucc=0.953 n_rounds= 3936 ret=+17.495 len=166.0 ent(t0,t>=1)=(0.000,0.614) aL=-0.0026 vL=0.2296 t0=[none=0.00 m0=1.00 m1=0.00]
[u 1152] env= 37748736 rsucc=0.950 n_rounds= 3934 ret=+17.579 len=167.2 ent(t0,t>=1)=(0.000,0.618) aL=-0.0018 vL=0.2567 t0=[none=0.00 m0=1.00 m1=0.00]
[u 1153] env= 37781504 rsucc=0.949 n_rounds= 3944 ret=+17.502 len=165.7 ent(t0,t>=1)=(0.000,0.599) aL=-0.0018 vL=0.2445 t0=[none=0.00 m0=1.00 m1=0.00]
[u 1154] env= 37814272 rsucc=0.948 n_rounds= 3923 ret=+17.475 len=167.0 ent(t0,t>=1)=(0.000,0.595) aL=-0.0031 vL=0.2550 t0=[none=0.00 m0=1.00 m1=0.00]
[u 1155] env= 37847040 rsucc=0.945 n_rounds= 3905 ret=+17.496 len=166.8 ent(t0,t>=1)=(0.000,0.604) aL=-0.0035 vL=0.2390 t0=[none=0.00 m0=1.00 m1=0.00]
[u 1156] env= 37879808 rsucc=0.951 n_rounds= 3912 ret=+17.439 len=168.6 ent(t0,t>=1)=(0.000,0.609) aL=-0.0025 vL=0.2821 t0=[none=0.00 m0=1.00 m1=0.00]
[u 1157] env= 37912576 rsucc=0.949 n_rounds= 3939 ret=+17.485 len=166.2 ent(t0,t>=1)=(0.000,0.597) aL=-0.0048 vL=0.2217 t0=[none=0.00 m0=1.00 m1=0.00]
[u 1158] env= 37945344 rsucc=0.951 n_rounds= 3910 ret=+17.624 len=166.5 ent(t0,t>=1)=(0.000,0.594) aL=-0.0024 vL=0.2749 t0=[none=0.00 m0=1.00 m1=0.00]
[u 1159] env= 37978112 rsucc=0.941 n_rounds= 3930 ret=+17.406 len=168.0 ent(t0,t>=1)=(0.000,0.608) aL=-0.0032 vL=0.2909 t0=[none=0.00 m0=1.00 m1=0.00]
[u 1160] env= 38010880 rsucc=0.947 n_rounds= 3956 ret=+17.390 len=166.1 ent(t0,t>=1)=(0.000,0.604) aL=-0.0038 vL=0.2418 t0=[none=0.00 m0=1.00 m1=0.00]
[u 1161] env= 38043648 rsucc=0.956 n_rounds= 3947 ret=+17.494 len=166.4 ent(t0,t>=1)=(0.000,0.599) aL=-0.0024 vL=0.2265 t0=[none=0.00 m0=1.00 m1=0.00]
[u 1162] env= 38076416 rsucc=0.949 n_rounds= 3896 ret=+17.564 len=166.3 ent(t0,t>=1)=(0.000,0.618) aL=-0.0038 vL=0.2263 t0=[none=0.00 m0=1.00 m1=0.00]
[u 1163] env= 38109184 rsucc=0.947 n_rounds= 3888 ret=+17.539 len=168.8 ent(t0,t>=1)=(0.000,0.614) aL=-0.0039 vL=0.2207 t0=[none=0.00 m0=1.00 m1=0.00]
[u 1164] env= 38141952 rsucc=0.952 n_rounds= 3903 ret=+17.443 len=168.6 ent(t0,t>=1)=(0.000,0.602) aL=-0.0034 vL=0.2348 t0=[none=0.00 m0=1.00 m1=0.00]
[u 1165] env= 38174720 rsucc=0.945 n_rounds= 3922 ret=+17.507 len=167.3 ent(t0,t>=1)=(0.000,0.612) aL=-0.0046 vL=0.2356 t0=[none=0.00 m0=1.00 m1=0.00]
[u 1166] env= 38207488 rsucc=0.952 n_rounds= 3919 ret=+17.448 len=168.1 ent(t0,t>=1)=(0.000,0.602) aL=-0.0027 vL=0.2530 t0=[none=0.00 m0=1.00 m1=0.00]
[u 1167] env= 38240256 rsucc=0.955 n_rounds= 3917 ret=+17.712 len=165.9 ent(t0,t>=1)=(0.000,0.604) aL=-0.0009 vL=0.2533 t0=[none=0.00 m0=1.00 m1=0.00]
[u 1168] env= 38273024 rsucc=0.945 n_rounds= 3912 ret=+17.466 len=167.3 ent(t0,t>=1)=(0.000,0.618) aL=-0.0028 vL=0.2614 t0=[none=0.00 m0=1.00 m1=0.00]
[u 1169] env= 38305792 rsucc=0.946 n_rounds= 3957 ret=+17.385 len=167.1 ent(t0,t>=1)=(0.000,0.607) aL=-0.0037 vL=0.2544 t0=[none=0.00 m0=1.00 m1=0.00]
[u 1170] env= 38338560 rsucc=0.947 n_rounds= 3926 ret=+17.486 len=166.2 ent(t0,t>=1)=(0.000,0.607) aL=-0.0016 vL=0.2600 t0=[none=0.00 m0=1.00 m1=0.00]
[u 1171] env= 38371328 rsucc=0.951 n_rounds= 3913 ret=+17.473 len=167.5 ent(t0,t>=1)=(0.000,0.593) aL=-0.0036 vL=0.2309 t0=[none=0.00 m0=1.00 m1=0.00]
[u 1172] env= 38404096 rsucc=0.949 n_rounds= 3937 ret=+17.541 len=166.5 ent(t0,t>=1)=(0.000,0.590) aL=-0.0029 vL=0.2517 t0=[none=0.00 m0=1.00 m1=0.00]
[u 1173] env= 38436864 rsucc=0.949 n_rounds= 3909 ret=+17.553 len=166.7 ent(t0,t>=1)=(0.000,0.595) aL=-0.0027 vL=0.2629 t0=[none=0.00 m0=1.00 m1=0.00]
[u 1174] env= 38469632 rsucc=0.948 n_rounds= 3943 ret=+17.485 len=166.3 ent(t0,t>=1)=(0.000,0.590) aL=-0.0043 vL=0.2312 t0=[none=0.00 m0=1.00 m1=0.00]
[u 1175] env= 38502400 rsucc=0.950 n_rounds= 3904 ret=+17.371 len=168.4 ent(t0,t>=1)=(0.000,0.586) aL=-0.0014 vL=0.2741 t0=[none=0.00 m0=1.00 m1=0.00]
[u 1176] env= 38535168 rsucc=0.948 n_rounds= 3930 ret=+17.575 len=166.7 ent(t0,t>=1)=(0.000,0.593) aL=-0.0032 vL=0.2556 t0=[none=0.00 m0=1.00 m1=0.00]
[u 1177] env= 38567936 rsucc=0.947 n_rounds= 3944 ret=+17.461 len=166.9 ent(t0,t>=1)=(0.000,0.578) aL=-0.0031 vL=0.2243 t0=[none=0.00 m0=1.00 m1=0.00]
[u 1178] env= 38600704 rsucc=0.947 n_rounds= 3945 ret=+17.500 len=165.6 ent(t0,t>=1)=(0.000,0.606) aL=-0.0032 vL=0.2448 t0=[none=0.00 m0=1.00 m1=0.00]
[u 1179] env= 38633472 rsucc=0.951 n_rounds= 3940 ret=+17.494 len=167.0 ent(t0,t>=1)=(0.000,0.587) aL=-0.0026 vL=0.2335 t0=[none=0.00 m0=1.00 m1=0.00]
[u 1180] env= 38666240 rsucc=0.944 n_rounds= 3913 ret=+17.513 len=166.3 ent(t0,t>=1)=(0.000,0.600) aL=-0.0043 vL=0.2319 t0=[none=0.00 m0=1.00 m1=0.00]
[u 1181] env= 38699008 rsucc=0.953 n_rounds= 3931 ret=+17.381 len=168.4 ent(t0,t>=1)=(0.000,0.595) aL=-0.0030 vL=0.2348 t0=[none=0.00 m0=1.00 m1=0.00]
[u 1182] env= 38731776 rsucc=0.948 n_rounds= 3920 ret=+17.502 len=167.1 ent(t0,t>=1)=(0.000,0.588) aL=-0.0025 vL=0.2421 t0=[none=0.00 m0=1.00 m1=0.00]
[u 1183] env= 38764544 rsucc=0.950 n_rounds= 3937 ret=+17.576 len=165.4 ent(t0,t>=1)=(0.000,0.572) aL=-0.0035 vL=0.2574 t0=[none=0.00 m0=1.00 m1=0.00]
[u 1184] env= 38797312 rsucc=0.947 n_rounds= 3934 ret=+17.479 len=167.3 ent(t0,t>=1)=(0.000,0.584) aL=-0.0018 vL=0.2799 t0=[none=0.00 m0=1.00 m1=0.00]
[u 1185] env= 38830080 rsucc=0.952 n_rounds= 3928 ret=+17.548 len=166.3 ent(t0,t>=1)=(0.000,0.555) aL=-0.0034 vL=0.2345 t0=[none=0.00 m0=1.00 m1=0.00]
[u 1186] env= 38862848 rsucc=0.953 n_rounds= 4004 ret=+17.599 len=165.5 ent(t0,t>=1)=(0.000,0.569) aL=-0.0034 vL=0.2209 t0=[none=0.00 m0=1.00 m1=0.00]
[u 1187] env= 38895616 rsucc=0.956 n_rounds= 3942 ret=+17.584 len=165.4 ent(t0,t>=1)=(0.000,0.568) aL=-0.0033 vL=0.2422 t0=[none=0.00 m0=1.00 m1=0.00]
[u 1188] env= 38928384 rsucc=0.949 n_rounds= 3937 ret=+17.582 len=165.9 ent(t0,t>=1)=(0.000,0.574) aL=-0.0030 vL=0.2722 t0=[none=0.00 m0=1.00 m1=0.00]
[u 1189] env= 38961152 rsucc=0.951 n_rounds= 3887 ret=+17.468 len=166.9 ent(t0,t>=1)=(0.000,0.578) aL=-0.0044 vL=0.2224 t0=[none=0.00 m0=1.00 m1=0.00]
[u 1190] env= 38993920 rsucc=0.952 n_rounds= 3937 ret=+17.581 len=167.4 ent(t0,t>=1)=(0.000,0.569) aL=-0.0040 vL=0.2119 t0=[none=0.00 m0=1.00 m1=0.00]
[u 1191] env= 39026688 rsucc=0.949 n_rounds= 3942 ret=+17.544 len=167.3 ent(t0,t>=1)=(0.000,0.586) aL=-0.0030 vL=0.2303 t0=[none=0.00 m0=1.00 m1=0.00]
[u 1192] env= 39059456 rsucc=0.947 n_rounds= 3909 ret=+17.447 len=167.3 ent(t0,t>=1)=(0.000,0.572) aL=-0.0029 vL=0.2609 t0=[none=0.00 m0=1.00 m1=0.00]
[u 1193] env= 39092224 rsucc=0.945 n_rounds= 3942 ret=+17.492 len=166.1 ent(t0,t>=1)=(0.000,0.595) aL=-0.0032 vL=0.2265 t0=[none=0.00 m0=1.00 m1=0.00]
[u 1194] env= 39124992 rsucc=0.955 n_rounds= 3950 ret=+17.532 len=166.3 ent(t0,t>=1)=(0.000,0.561) aL=-0.0041 vL=0.2357 t0=[none=0.00 m0=1.00 m1=0.00]
[u 1195] env= 39157760 rsucc=0.944 n_rounds= 3888 ret=+17.506 len=167.3 ent(t0,t>=1)=(0.000,0.575) aL=-0.0042 vL=0.2154 t0=[none=0.00 m0=1.00 m1=0.00]
[u 1196] env= 39190528 rsucc=0.950 n_rounds= 3925 ret=+17.443 len=167.3 ent(t0,t>=1)=(0.000,0.581) aL=-0.0012 vL=0.2877 t0=[none=0.00 m0=1.00 m1=0.00]
[u 1197] env= 39223296 rsucc=0.953 n_rounds= 3954 ret=+17.520 len=166.5 ent(t0,t>=1)=(0.000,0.578) aL=-0.0033 vL=0.2455 t0=[none=0.00 m0=1.00 m1=0.00]
[u 1198] env= 39256064 rsucc=0.951 n_rounds= 3947 ret=+17.554 len=165.8 ent(t0,t>=1)=(0.000,0.569) aL=-0.0037 vL=0.2273 t0=[none=0.00 m0=1.00 m1=0.00]
[u 1199] env= 39288832 rsucc=0.954 n_rounds= 3981 ret=+17.690 len=164.9 ent(t0,t>=1)=(0.000,0.565) aL=-0.0037 vL=0.2178 t0=[none=0.00 m0=1.00 m1=0.00]
[u 1200] env= 39321600 rsucc=0.949 n_rounds= 3935 ret=+17.544 len=166.5 ent(t0,t>=1)=(0.000,0.566) aL=-0.0037 vL=0.2588 t0=[none=0.00 m0=1.00 m1=0.00]
[u 1201] env= 39354368 rsucc=0.948 n_rounds= 3950 ret=+17.479 len=166.7 ent(t0,t>=1)=(0.000,0.581) aL=-0.0017 vL=0.2696 t0=[none=0.00 m0=1.00 m1=0.00]
[u 1202] env= 39387136 rsucc=0.953 n_rounds= 3980 ret=+17.558 len=164.8 ent(t0,t>=1)=(0.000,0.577) aL=-0.0038 vL=0.2256 t0=[none=0.00 m0=1.00 m1=0.00]
[u 1203] env= 39419904 rsucc=0.954 n_rounds= 3946 ret=+17.666 len=164.0 ent(t0,t>=1)=(0.000,0.584) aL=-0.0013 vL=0.2663 t0=[none=0.00 m0=1.00 m1=0.00]
[u 1204] env= 39452672 rsucc=0.950 n_rounds= 3938 ret=+17.541 len=167.0 ent(t0,t>=1)=(0.000,0.572) aL=-0.0035 vL=0.2659 t0=[none=0.00 m0=1.00 m1=0.00]
[u 1205] env= 39485440 rsucc=0.951 n_rounds= 3894 ret=+17.551 len=166.3 ent(t0,t>=1)=(0.000,0.574) aL=-0.0033 vL=0.2472 t0=[none=0.00 m0=1.00 m1=0.00]
[u 1206] env= 39518208 rsucc=0.949 n_rounds= 3928 ret=+17.460 len=168.7 ent(t0,t>=1)=(0.000,0.579) aL=-0.0032 vL=0.2300 t0=[none=0.00 m0=1.00 m1=0.00]
[u 1207] env= 39550976 rsucc=0.944 n_rounds= 3922 ret=+17.428 len=166.9 ent(t0,t>=1)=(0.000,0.583) aL=-0.0037 vL=0.2257 t0=[none=0.00 m0=1.00 m1=0.00]
[u 1208] env= 39583744 rsucc=0.943 n_rounds= 3908 ret=+17.348 len=167.7 ent(t0,t>=1)=(0.000,0.578) aL=-0.0035 vL=0.2270 t0=[none=0.00 m0=1.00 m1=0.00]
[u 1209] env= 39616512 rsucc=0.949 n_rounds= 3949 ret=+17.482 len=166.8 ent(t0,t>=1)=(0.000,0.573) aL=-0.0032 vL=0.2319 t0=[none=0.00 m0=1.00 m1=0.00]
[u 1210] env= 39649280 rsucc=0.945 n_rounds= 3900 ret=+17.531 len=167.0 ent(t0,t>=1)=(0.000,0.591) aL=-0.0024 vL=0.2425 t0=[none=0.00 m0=1.00 m1=0.00]
[u 1211] env= 39682048 rsucc=0.951 n_rounds= 3954 ret=+17.405 len=167.2 ent(t0,t>=1)=(0.000,0.571) aL=-0.0035 vL=0.2401 t0=[none=0.00 m0=1.00 m1=0.00]
[u 1212] env= 39714816 rsucc=0.949 n_rounds= 3935 ret=+17.541 len=165.4 ent(t0,t>=1)=(0.000,0.571) aL=-0.0031 vL=0.2463 t0=[none=0.00 m0=1.00 m1=0.00]
[u 1213] env= 39747584 rsucc=0.953 n_rounds= 3943 ret=+17.617 len=166.6 ent(t0,t>=1)=(0.000,0.563) aL=-0.0025 vL=0.2485 t0=[none=0.00 m0=1.00 m1=0.00]
[u 1214] env= 39780352 rsucc=0.950 n_rounds= 3977 ret=+17.515 len=165.5 ent(t0,t>=1)=(0.000,0.568) aL=-0.0023 vL=0.2580 t0=[none=0.00 m0=1.00 m1=0.00]
[u 1215] env= 39813120 rsucc=0.949 n_rounds= 3952 ret=+17.596 len=165.5 ent(t0,t>=1)=(0.000,0.548) aL=-0.0031 vL=0.2587 t0=[none=0.00 m0=1.00 m1=0.00]
[u 1216] env= 39845888 rsucc=0.954 n_rounds= 3974 ret=+17.532 len=165.3 ent(t0,t>=1)=(0.000,0.551) aL=-0.0022 vL=0.2439 t0=[none=0.00 m0=1.00 m1=0.00]
[u 1217] env= 39878656 rsucc=0.946 n_rounds= 3951 ret=+17.501 len=166.4 ent(t0,t>=1)=(0.000,0.568) aL=-0.0020 vL=0.2531 t0=[none=0.00 m0=1.00 m1=0.00]
[u 1218] env= 39911424 rsucc=0.949 n_rounds= 3967 ret=+17.521 len=164.3 ent(t0,t>=1)=(0.000,0.566) aL=-0.0042 vL=0.2252 t0=[none=0.00 m0=1.00 m1=0.00]
[u 1219] env= 39944192 rsucc=0.948 n_rounds= 3942 ret=+17.511 len=165.7 ent(t0,t>=1)=(0.000,0.570) aL=-0.0032 vL=0.2489 t0=[none=0.00 m0=1.00 m1=0.00]
[u 1220] env= 39976960 rsucc=0.951 n_rounds= 3971 ret=+17.495 len=166.4 ent(t0,t>=1)=(0.000,0.581) aL=-0.0019 vL=0.2836 t0=[none=0.00 m0=1.00 m1=0.00]
[u 1221] env= 40009728 rsucc=0.945 n_rounds= 3936 ret=+17.506 len=164.9 ent(t0,t>=1)=(0.000,0.578) aL=-0.0031 vL=0.2536 t0=[none=0.00 m0=1.00 m1=0.00]
[u 1222] env= 40042496 rsucc=0.951 n_rounds= 3914 ret=+17.450 len=166.9 ent(t0,t>=1)=(0.000,0.590) aL=-0.0036 vL=0.2310 t0=[none=0.00 m0=1.00 m1=0.00]
[u 1223] env= 40075264 rsucc=0.948 n_rounds= 3981 ret=+17.578 len=166.1 ent(t0,t>=1)=(0.000,0.584) aL=-0.0037 vL=0.2331 t0=[none=0.00 m0=1.00 m1=0.00]
[u 1224] env= 40108032 rsucc=0.952 n_rounds= 3963 ret=+17.564 len=165.1 ent(t0,t>=1)=(0.000,0.562) aL=-0.0026 vL=0.2583 t0=[none=0.00 m0=1.00 m1=0.00]
[u 1225] env= 40140800 rsucc=0.949 n_rounds= 3926 ret=+17.432 len=167.0 ent(t0,t>=1)=(0.000,0.584) aL=-0.0026 vL=0.2525 t0=[none=0.00 m0=1.00 m1=0.00]
[u 1226] env= 40173568 rsucc=0.948 n_rounds= 3941 ret=+17.504 len=166.6 ent(t0,t>=1)=(0.000,0.586) aL=-0.0033 vL=0.2360 t0=[none=0.00 m0=1.00 m1=0.00]
[u 1227] env= 40206336 rsucc=0.943 n_rounds= 3917 ret=+17.429 len=166.9 ent(t0,t>=1)=(0.000,0.595) aL=-0.0019 vL=0.2637 t0=[none=0.00 m0=1.00 m1=0.00]
[u 1228] env= 40239104 rsucc=0.951 n_rounds= 3937 ret=+17.449 len=166.5 ent(t0,t>=1)=(0.000,0.573) aL=-0.0028 vL=0.2587 t0=[none=0.00 m0=1.00 m1=0.00]
[u 1229] env= 40271872 rsucc=0.954 n_rounds= 3977 ret=+17.622 len=165.1 ent(t0,t>=1)=(0.000,0.572) aL=-0.0039 vL=0.2341 t0=[none=0.00 m0=1.00 m1=0.00]
[u 1230] env= 40304640 rsucc=0.951 n_rounds= 3959 ret=+17.616 len=165.3 ent(t0,t>=1)=(0.000,0.572) aL=-0.0034 vL=0.2309 t0=[none=0.00 m0=1.00 m1=0.00]
[u 1231] env= 40337408 rsucc=0.948 n_rounds= 3952 ret=+17.538 len=165.7 ent(t0,t>=1)=(0.000,0.571) aL=-0.0025 vL=0.2507 t0=[none=0.00 m0=1.00 m1=0.00]
[u 1232] env= 40370176 rsucc=0.951 n_rounds= 3975 ret=+17.490 len=164.8 ent(t0,t>=1)=(0.000,0.567) aL=-0.0030 vL=0.2335 t0=[none=0.00 m0=1.00 m1=0.00]
[u 1233] env= 40402944 rsucc=0.945 n_rounds= 3932 ret=+17.466 len=167.1 ent(t0,t>=1)=(0.000,0.567) aL=-0.0032 vL=0.2213 t0=[none=0.00 m0=1.00 m1=0.00]
[u 1234] env= 40435712 rsucc=0.951 n_rounds= 3976 ret=+17.571 len=164.9 ent(t0,t>=1)=(0.000,0.560) aL=-0.0038 vL=0.2223 t0=[none=0.00 m0=1.00 m1=0.00]
[u 1235] env= 40468480 rsucc=0.952 n_rounds= 3973 ret=+17.573 len=165.1 ent(t0,t>=1)=(0.000,0.583) aL=-0.0018 vL=0.2817 t0=[none=0.00 m0=1.00 m1=0.00]
[u 1236] env= 40501248 rsucc=0.948 n_rounds= 3941 ret=+17.596 len=164.7 ent(t0,t>=1)=(0.000,0.574) aL=-0.0038 vL=0.2301 t0=[none=0.00 m0=1.00 m1=0.00]
[u 1237] env= 40534016 rsucc=0.949 n_rounds= 3969 ret=+17.420 len=166.5 ent(t0,t>=1)=(0.000,0.583) aL=-0.0029 vL=0.2324 t0=[none=0.00 m0=1.00 m1=0.00]
[u 1238] env= 40566784 rsucc=0.953 n_rounds= 3960 ret=+17.516 len=166.4 ent(t0,t>=1)=(0.000,0.563) aL=-0.0038 vL=0.2208 t0=[none=0.00 m0=1.00 m1=0.00]
[u 1239] env= 40599552 rsucc=0.952 n_rounds= 3916 ret=+17.552 len=166.8 ent(t0,t>=1)=(0.000,0.581) aL=-0.0027 vL=0.2621 t0=[none=0.00 m0=1.00 m1=0.00]
[u 1240] env= 40632320 rsucc=0.952 n_rounds= 3956 ret=+17.668 len=164.8 ent(t0,t>=1)=(0.000,0.578) aL=-0.0025 vL=0.2306 t0=[none=0.00 m0=1.00 m1=0.00]
[u 1241] env= 40665088 rsucc=0.949 n_rounds= 3923 ret=+17.516 len=166.4 ent(t0,t>=1)=(0.000,0.559) aL=-0.0030 vL=0.2450 t0=[none=0.00 m0=1.00 m1=0.00]
[u 1242] env= 40697856 rsucc=0.949 n_rounds= 3964 ret=+17.522 len=166.3 ent(t0,t>=1)=(0.000,0.566) aL=-0.0035 vL=0.2342 t0=[none=0.00 m0=1.00 m1=0.00]
[u 1243] env= 40730624 rsucc=0.952 n_rounds= 3948 ret=+17.559 len=165.7 ent(t0,t>=1)=(0.000,0.568) aL=-0.0042 vL=0.2273 t0=[none=0.00 m0=1.00 m1=0.00]
[u 1244] env= 40763392 rsucc=0.950 n_rounds= 3945 ret=+17.461 len=166.5 ent(t0,t>=1)=(0.000,0.564) aL=-0.0034 vL=0.2408 t0=[none=0.00 m0=1.00 m1=0.00]
[u 1245] env= 40796160 rsucc=0.952 n_rounds= 3984 ret=+17.606 len=164.6 ent(t0,t>=1)=(0.000,0.561) aL=-0.0027 vL=0.2384 t0=[none=0.00 m0=1.00 m1=0.00]
[u 1246] env= 40828928 rsucc=0.952 n_rounds= 3991 ret=+17.593 len=164.3 ent(t0,t>=1)=(0.000,0.542) aL=-0.0034 vL=0.2222 t0=[none=0.00 m0=1.00 m1=0.00]
[u 1247] env= 40861696 rsucc=0.951 n_rounds= 4005 ret=+17.535 len=165.0 ent(t0,t>=1)=(0.000,0.556) aL=-0.0033 vL=0.2446 t0=[none=0.00 m0=1.00 m1=0.00]
[u 1248] env= 40894464 rsucc=0.951 n_rounds= 3995 ret=+17.629 len=163.4 ent(t0,t>=1)=(0.000,0.561) aL=-0.0021 vL=0.2707 t0=[none=0.00 m0=1.00 m1=0.00]
[u 1249] env= 40927232 rsucc=0.949 n_rounds= 3988 ret=+17.497 len=164.1 ent(t0,t>=1)=(0.000,0.553) aL=-0.0033 vL=0.2432 t0=[none=0.00 m0=1.00 m1=0.00]
[u 1250] env= 40960000 rsucc=0.955 n_rounds= 3981 ret=+17.589 len=165.1 ent(t0,t>=1)=(0.000,0.559) aL=-0.0034 vL=0.2344 t0=[none=0.00 m0=1.00 m1=0.00]
[u 1251] env= 40992768 rsucc=0.956 n_rounds= 4010 ret=+17.687 len=163.3 ent(t0,t>=1)=(0.000,0.549) aL=-0.0037 vL=0.2184 t0=[none=0.00 m0=1.00 m1=0.00]
[u 1252] env= 41025536 rsucc=0.954 n_rounds= 3992 ret=+17.631 len=164.5 ent(t0,t>=1)=(0.000,0.561) aL=-0.0035 vL=0.2441 t0=[none=0.00 m0=1.00 m1=0.00]
[u 1253] env= 41058304 rsucc=0.955 n_rounds= 3986 ret=+17.601 len=164.2 ent(t0,t>=1)=(0.000,0.572) aL=-0.0011 vL=0.2859 t0=[none=0.00 m0=1.00 m1=0.00]
[u 1254] env= 41091072 rsucc=0.952 n_rounds= 3970 ret=+17.668 len=164.2 ent(t0,t>=1)=(0.000,0.579) aL=-0.0021 vL=0.2509 t0=[none=0.00 m0=1.00 m1=0.00]
[u 1255] env= 41123840 rsucc=0.953 n_rounds= 3936 ret=+17.651 len=165.4 ent(t0,t>=1)=(0.000,0.570) aL=-0.0027 vL=0.2429 t0=[none=0.00 m0=1.00 m1=0.00]
[u 1256] env= 41156608 rsucc=0.949 n_rounds= 3962 ret=+17.473 len=166.7 ent(t0,t>=1)=(0.000,0.573) aL=-0.0032 vL=0.2376 t0=[none=0.00 m0=1.00 m1=0.00]
[u 1257] env= 41189376 rsucc=0.953 n_rounds= 3977 ret=+17.572 len=164.8 ent(t0,t>=1)=(0.000,0.567) aL=-0.0026 vL=0.2579 t0=[none=0.00 m0=1.00 m1=0.00]
[u 1258] env= 41222144 rsucc=0.960 n_rounds= 4024 ret=+17.760 len=163.4 ent(t0,t>=1)=(0.000,0.559) aL=-0.0035 vL=0.2477 t0=[none=0.00 m0=1.00 m1=0.00]
[u 1259] env= 41254912 rsucc=0.955 n_rounds= 4026 ret=+17.630 len=163.3 ent(t0,t>=1)=(0.000,0.557) aL=-0.0038 vL=0.2386 t0=[none=0.00 m0=1.00 m1=0.00]
[u 1260] env= 41287680 rsucc=0.948 n_rounds= 3995 ret=+17.660 len=163.6 ent(t0,t>=1)=(0.000,0.563) aL=-0.0018 vL=0.2517 t0=[none=0.00 m0=1.00 m1=0.00]
[u 1261] env= 41320448 rsucc=0.955 n_rounds= 4015 ret=+17.586 len=162.9 ent(t0,t>=1)=(0.000,0.542) aL=-0.0028 vL=0.2446 t0=[none=0.00 m0=1.00 m1=0.00]
[u 1262] env= 41353216 rsucc=0.952 n_rounds= 4016 ret=+17.582 len=163.7 ent(t0,t>=1)=(0.000,0.563) aL=-0.0024 vL=0.2628 t0=[none=0.00 m0=1.00 m1=0.00]
[u 1263] env= 41385984 rsucc=0.950 n_rounds= 3979 ret=+17.565 len=163.5 ent(t0,t>=1)=(0.000,0.572) aL=-0.0025 vL=0.2426 t0=[none=0.00 m0=1.00 m1=0.00]
[u 1264] env= 41418752 rsucc=0.946 n_rounds= 3975 ret=+17.513 len=165.1 ent(t0,t>=1)=(0.000,0.589) aL=-0.0033 vL=0.2393 t0=[none=0.00 m0=1.00 m1=0.00]
[u 1265] env= 41451520 rsucc=0.948 n_rounds= 3900 ret=+17.519 len=165.5 ent(t0,t>=1)=(0.000,0.575) aL=-0.0015 vL=0.2599 t0=[none=0.00 m0=1.00 m1=0.00]
[u 1266] env= 41484288 rsucc=0.944 n_rounds= 3934 ret=+17.414 len=167.7 ent(t0,t>=1)=(0.000,0.582) aL=-0.0040 vL=0.2402 t0=[none=0.00 m0=1.00 m1=0.00]
[u 1267] env= 41517056 rsucc=0.956 n_rounds= 4008 ret=+17.601 len=164.8 ent(t0,t>=1)=(0.000,0.554) aL=-0.0040 vL=0.2331 t0=[none=0.00 m0=1.00 m1=0.00]
[u 1268] env= 41549824 rsucc=0.946 n_rounds= 3962 ret=+17.501 len=165.1 ent(t0,t>=1)=(0.000,0.595) aL=-0.0012 vL=0.2517 t0=[none=0.00 m0=1.00 m1=0.00]
[u 1269] env= 41582592 rsucc=0.950 n_rounds= 3960 ret=+17.424 len=165.8 ent(t0,t>=1)=(0.000,0.586) aL=-0.0031 vL=0.2626 t0=[none=0.00 m0=1.00 m1=0.00]
[u 1270] env= 41615360 rsucc=0.950 n_rounds= 3975 ret=+17.569 len=164.7 ent(t0,t>=1)=(0.000,0.583) aL=-0.0015 vL=0.2372 t0=[none=0.00 m0=1.00 m1=0.00]
[u 1271] env= 41648128 rsucc=0.950 n_rounds= 3965 ret=+17.470 len=165.3 ent(t0,t>=1)=(0.000,0.573) aL=-0.0013 vL=0.2890 t0=[none=0.00 m0=1.00 m1=0.00]
[u 1272] env= 41680896 rsucc=0.954 n_rounds= 4006 ret=+17.621 len=163.9 ent(t0,t>=1)=(0.000,0.558) aL=-0.0030 vL=0.2497 t0=[none=0.00 m0=1.00 m1=0.00]
[u 1273] env= 41713664 rsucc=0.952 n_rounds= 3986 ret=+17.586 len=164.8 ent(t0,t>=1)=(0.000,0.562) aL=-0.0024 vL=0.2359 t0=[none=0.00 m0=1.00 m1=0.00]
[u 1274] env= 41746432 rsucc=0.950 n_rounds= 3967 ret=+17.601 len=164.8 ent(t0,t>=1)=(0.000,0.558) aL=-0.0036 vL=0.2374 t0=[none=0.00 m0=1.00 m1=0.00]
[u 1275] env= 41779200 rsucc=0.949 n_rounds= 3936 ret=+17.487 len=166.2 ent(t0,t>=1)=(0.000,0.574) aL=-0.0015 vL=0.2722 t0=[none=0.00 m0=1.00 m1=0.00]
[u 1276] env= 41811968 rsucc=0.944 n_rounds= 3957 ret=+17.563 len=164.7 ent(t0,t>=1)=(0.000,0.573) aL=-0.0033 vL=0.2415 t0=[none=0.00 m0=1.00 m1=0.00]
[u 1277] env= 41844736 rsucc=0.950 n_rounds= 3957 ret=+17.390 len=166.6 ent(t0,t>=1)=(0.000,0.571) aL=-0.0027 vL=0.2361 t0=[none=0.00 m0=1.00 m1=0.00]
[u 1278] env= 41877504 rsucc=0.954 n_rounds= 3972 ret=+17.553 len=166.2 ent(t0,t>=1)=(0.000,0.586) aL=-0.0014 vL=0.2604 t0=[none=0.00 m0=1.00 m1=0.00]
[u 1279] env= 41910272 rsucc=0.948 n_rounds= 3957 ret=+17.516 len=165.9 ent(t0,t>=1)=(0.000,0.593) aL=-0.0022 vL=0.2574 t0=[none=0.00 m0=1.00 m1=0.00]
[u 1280] env= 41943040 rsucc=0.951 n_rounds= 3958 ret=+17.587 len=164.3 ent(t0,t>=1)=(0.000,0.578) aL=-0.0030 vL=0.2341 t0=[none=0.00 m0=1.00 m1=0.00]
[u 1281] env= 41975808 rsucc=0.952 n_rounds= 3976 ret=+17.563 len=164.7 ent(t0,t>=1)=(0.000,0.571) aL=-0.0036 vL=0.2232 t0=[none=0.00 m0=1.00 m1=0.00]
[u 1282] env= 42008576 rsucc=0.953 n_rounds= 3997 ret=+17.630 len=164.6 ent(t0,t>=1)=(0.000,0.590) aL=-0.0029 vL=0.2265 t0=[none=0.00 m0=1.00 m1=0.00]
[u 1283] env= 42041344 rsucc=0.951 n_rounds= 3952 ret=+17.630 len=164.6 ent(t0,t>=1)=(0.000,0.588) aL=-0.0032 vL=0.2276 t0=[none=0.00 m0=1.00 m1=0.00]
[u 1284] env= 42074112 rsucc=0.952 n_rounds= 3950 ret=+17.483 len=166.3 ent(t0,t>=1)=(0.000,0.597) aL=-0.0024 vL=0.2505 t0=[none=0.00 m0=1.00 m1=0.00]
[u 1285] env= 42106880 rsucc=0.951 n_rounds= 3940 ret=+17.567 len=165.4 ent(t0,t>=1)=(0.000,0.601) aL=-0.0025 vL=0.2369 t0=[none=0.00 m0=1.00 m1=0.00]
[u 1286] env= 42139648 rsucc=0.948 n_rounds= 3931 ret=+17.551 len=166.6 ent(t0,t>=1)=(0.000,0.606) aL=-0.0032 vL=0.2305 t0=[none=0.00 m0=1.00 m1=0.00]
[u 1287] env= 42172416 rsucc=0.948 n_rounds= 3927 ret=+17.561 len=166.4 ent(t0,t>=1)=(0.000,0.595) aL=-0.0032 vL=0.2368 t0=[none=0.00 m0=1.00 m1=0.00]
[u 1288] env= 42205184 rsucc=0.949 n_rounds= 3970 ret=+17.360 len=167.4 ent(t0,t>=1)=(0.000,0.603) aL=-0.0031 vL=0.2383 t0=[none=0.00 m0=1.00 m1=0.00]
[u 1289] env= 42237952 rsucc=0.954 n_rounds= 3916 ret=+17.572 len=165.5 ent(t0,t>=1)=(0.000,0.593) aL=-0.0033 vL=0.2351 t0=[none=0.00 m0=1.00 m1=0.00]
[u 1290] env= 42270720 rsucc=0.951 n_rounds= 3938 ret=+17.487 len=167.7 ent(t0,t>=1)=(0.000,0.596) aL=-0.0033 vL=0.2209 t0=[none=0.00 m0=1.00 m1=0.00]
[u 1291] env= 42303488 rsucc=0.952 n_rounds= 3941 ret=+17.618 len=165.6 ent(t0,t>=1)=(0.000,0.580) aL=-0.0039 vL=0.2207 t0=[none=0.00 m0=1.00 m1=0.00]
[u 1292] env= 42336256 rsucc=0.950 n_rounds= 3960 ret=+17.537 len=165.3 ent(t0,t>=1)=(0.000,0.598) aL=-0.0025 vL=0.2491 t0=[none=0.00 m0=1.00 m1=0.00]
[u 1293] env= 42369024 rsucc=0.949 n_rounds= 3967 ret=+17.530 len=166.0 ent(t0,t>=1)=(0.000,0.603) aL=-0.0025 vL=0.2354 t0=[none=0.00 m0=1.00 m1=0.00]
[u 1294] env= 42401792 rsucc=0.951 n_rounds= 3994 ret=+17.643 len=164.6 ent(t0,t>=1)=(0.000,0.587) aL=-0.0033 vL=0.2367 t0=[none=0.00 m0=1.00 m1=0.00]
[u 1295] env= 42434560 rsucc=0.947 n_rounds= 3948 ret=+17.445 len=165.4 ent(t0,t>=1)=(0.000,0.591) aL=-0.0023 vL=0.2541 t0=[none=0.00 m0=1.00 m1=0.00]
[u 1296] env= 42467328 rsucc=0.953 n_rounds= 3950 ret=+17.538 len=165.7 ent(t0,t>=1)=(0.000,0.593) aL=-0.0023 vL=0.2373 t0=[none=0.00 m0=1.00 m1=0.00]
[u 1297] env= 42500096 rsucc=0.954 n_rounds= 4010 ret=+17.559 len=164.5 ent(t0,t>=1)=(0.000,0.584) aL=-0.0028 vL=0.2376 t0=[none=0.00 m0=1.00 m1=0.00]
[u 1298] env= 42532864 rsucc=0.957 n_rounds= 3985 ret=+17.656 len=164.1 ent(t0,t>=1)=(0.000,0.583) aL=-0.0028 vL=0.2344 t0=[none=0.00 m0=1.00 m1=0.00]
[u 1299] env= 42565632 rsucc=0.955 n_rounds= 3983 ret=+17.718 len=164.6 ent(t0,t>=1)=(0.000,0.571) aL=-0.0034 vL=0.2725 t0=[none=0.00 m0=1.00 m1=0.00]
[u 1300] env= 42598400 rsucc=0.949 n_rounds= 3958 ret=+17.588 len=164.3 ent(t0,t>=1)=(0.000,0.596) aL=-0.0030 vL=0.2468 t0=[none=0.00 m0=1.00 m1=0.00]
[u 1301] env= 42631168 rsucc=0.943 n_rounds= 3953 ret=+17.493 len=166.5 ent(t0,t>=1)=(0.000,0.589) aL=-0.0031 vL=0.2567 t0=[none=0.00 m0=1.00 m1=0.00]
[u 1302] env= 42663936 rsucc=0.953 n_rounds= 3936 ret=+17.495 len=165.7 ent(t0,t>=1)=(0.000,0.588) aL=-0.0014 vL=0.2926 t0=[none=0.00 m0=1.00 m1=0.00]
[u 1303] env= 42696704 rsucc=0.955 n_rounds= 3986 ret=+17.551 len=166.0 ent(t0,t>=1)=(0.000,0.573) aL=-0.0030 vL=0.2274 t0=[none=0.00 m0=1.00 m1=0.00]
[u 1304] env= 42729472 rsucc=0.948 n_rounds= 3944 ret=+17.610 len=165.4 ent(t0,t>=1)=(0.000,0.590) aL=-0.0024 vL=0.2449 t0=[none=0.00 m0=1.00 m1=0.00]
[u 1305] env= 42762240 rsucc=0.952 n_rounds= 3941 ret=+17.564 len=165.7 ent(t0,t>=1)=(0.000,0.567) aL=-0.0030 vL=0.2412 t0=[none=0.00 m0=1.00 m1=0.00]
[u 1306] env= 42795008 rsucc=0.956 n_rounds= 3958 ret=+17.600 len=166.0 ent(t0,t>=1)=(0.000,0.582) aL=-0.0014 vL=0.2801 t0=[none=0.00 m0=1.00 m1=0.00]
[u 1307] env= 42827776 rsucc=0.950 n_rounds= 3934 ret=+17.595 len=165.6 ent(t0,t>=1)=(0.000,0.570) aL=-0.0033 vL=0.2564 t0=[none=0.00 m0=1.00 m1=0.00]
[u 1308] env= 42860544 rsucc=0.948 n_rounds= 3992 ret=+17.478 len=166.4 ent(t0,t>=1)=(0.000,0.583) aL=-0.0031 vL=0.2298 t0=[none=0.00 m0=1.00 m1=0.00]
[u 1309] env= 42893312 rsucc=0.950 n_rounds= 4002 ret=+17.549 len=163.6 ent(t0,t>=1)=(0.000,0.578) aL=-0.0027 vL=0.2647 t0=[none=0.00 m0=1.00 m1=0.00]
[u 1310] env= 42926080 rsucc=0.957 n_rounds= 4000 ret=+17.563 len=164.2 ent(t0,t>=1)=(0.000,0.575) aL=-0.0032 vL=0.2339 t0=[none=0.00 m0=1.00 m1=0.00]
[u 1311] env= 42958848 rsucc=0.954 n_rounds= 3993 ret=+17.682 len=163.7 ent(t0,t>=1)=(0.000,0.576) aL=-0.0025 vL=0.2467 t0=[none=0.00 m0=1.00 m1=0.00]
[u 1312] env= 42991616 rsucc=0.950 n_rounds= 3947 ret=+17.644 len=164.0 ent(t0,t>=1)=(0.000,0.580) aL=-0.0021 vL=0.2388 t0=[none=0.00 m0=1.00 m1=0.00]
[u 1313] env= 43024384 rsucc=0.953 n_rounds= 3966 ret=+17.425 len=166.3 ent(t0,t>=1)=(0.000,0.572) aL=-0.0015 vL=0.2561 t0=[none=0.00 m0=1.00 m1=0.00]
[u 1314] env= 43057152 rsucc=0.951 n_rounds= 3984 ret=+17.624 len=165.4 ent(t0,t>=1)=(0.000,0.581) aL=-0.0036 vL=0.2800 t0=[none=0.00 m0=1.00 m1=0.00]
[u 1315] env= 43089920 rsucc=0.951 n_rounds= 3973 ret=+17.648 len=164.3 ent(t0,t>=1)=(0.000,0.576) aL=-0.0021 vL=0.2513 t0=[none=0.00 m0=1.00 m1=0.00]
[u 1316] env= 43122688 rsucc=0.949 n_rounds= 3954 ret=+17.592 len=164.4 ent(t0,t>=1)=(0.000,0.599) aL=-0.0028 vL=0.2334 t0=[none=0.00 m0=1.00 m1=0.00]
[u 1317] env= 43155456 rsucc=0.953 n_rounds= 3986 ret=+17.508 len=165.5 ent(t0,t>=1)=(0.000,0.598) aL=-0.0005 vL=0.2357 t0=[none=0.00 m0=1.00 m1=0.00]
[u 1318] env= 43188224 rsucc=0.952 n_rounds= 3948 ret=+17.523 len=166.7 ent(t0,t>=1)=(0.000,0.595) aL=-0.0026 vL=0.2330 t0=[none=0.00 m0=1.00 m1=0.00]
[u 1319] env= 43220992 rsucc=0.952 n_rounds= 3970 ret=+17.568 len=165.1 ent(t0,t>=1)=(0.000,0.584) aL=-0.0036 vL=0.2415 t0=[none=0.00 m0=1.00 m1=0.00]
[u 1320] env= 43253760 rsucc=0.949 n_rounds= 3945 ret=+17.551 len=165.4 ent(t0,t>=1)=(0.000,0.580) aL=-0.0032 vL=0.2415 t0=[none=0.00 m0=1.00 m1=0.00]
[u 1321] env= 43286528 rsucc=0.951 n_rounds= 3985 ret=+17.539 len=164.6 ent(t0,t>=1)=(0.000,0.575) aL=-0.0035 vL=0.2411 t0=[none=0.00 m0=1.00 m1=0.00]
[u 1322] env= 43319296 rsucc=0.950 n_rounds= 3968 ret=+17.498 len=165.5 ent(t0,t>=1)=(0.000,0.575) aL=-0.0032 vL=0.2220 t0=[none=0.00 m0=1.00 m1=0.00]
[u 1323] env= 43352064 rsucc=0.956 n_rounds= 4013 ret=+17.617 len=163.5 ent(t0,t>=1)=(0.000,0.568) aL=-0.0032 vL=0.2446 t0=[none=0.00 m0=1.00 m1=0.00]
[u 1324] env= 43384832 rsucc=0.953 n_rounds= 4014 ret=+17.679 len=164.1 ent(t0,t>=1)=(0.000,0.572) aL=-0.0024 vL=0.2548 t0=[none=0.00 m0=1.00 m1=0.00]
[u 1325] env= 43417600 rsucc=0.952 n_rounds= 3993 ret=+17.586 len=163.8 ent(t0,t>=1)=(0.000,0.576) aL=-0.0023 vL=0.2439 t0=[none=0.00 m0=1.00 m1=0.00]
[u 1326] env= 43450368 rsucc=0.952 n_rounds= 4003 ret=+17.586 len=162.5 ent(t0,t>=1)=(0.000,0.565) aL=-0.0027 vL=0.2249 t0=[none=0.00 m0=1.00 m1=0.00]
[u 1327] env= 43483136 rsucc=0.953 n_rounds= 4002 ret=+17.528 len=165.2 ent(t0,t>=1)=(0.000,0.572) aL=-0.0039 vL=0.2357 t0=[none=0.00 m0=1.00 m1=0.00]
[u 1328] env= 43515904 rsucc=0.951 n_rounds= 3966 ret=+17.708 len=164.3 ent(t0,t>=1)=(0.000,0.584) aL=-0.0028 vL=0.2478 t0=[none=0.00 m0=1.00 m1=0.00]
[u 1329] env= 43548672 rsucc=0.952 n_rounds= 4005 ret=+17.524 len=164.6 ent(t0,t>=1)=(0.000,0.570) aL=-0.0025 vL=0.2410 t0=[none=0.00 m0=1.00 m1=0.00]
[u 1330] env= 43581440 rsucc=0.953 n_rounds= 3959 ret=+17.619 len=164.2 ent(t0,t>=1)=(0.000,0.566) aL=-0.0019 vL=0.2490 t0=[none=0.00 m0=1.00 m1=0.00]
[u 1331] env= 43614208 rsucc=0.955 n_rounds= 3985 ret=+17.615 len=165.1 ent(t0,t>=1)=(0.000,0.557) aL=-0.0022 vL=0.2459 t0=[none=0.00 m0=1.00 m1=0.00]
[u 1332] env= 43646976 rsucc=0.950 n_rounds= 3984 ret=+17.687 len=163.5 ent(t0,t>=1)=(0.000,0.559) aL=-0.0020 vL=0.2630 t0=[none=0.00 m0=1.00 m1=0.00]
[u 1333] env= 43679744 rsucc=0.946 n_rounds= 3983 ret=+17.447 len=164.5 ent(t0,t>=1)=(0.000,0.571) aL=-0.0024 vL=0.2627 t0=[none=0.00 m0=1.00 m1=0.00]
[u 1334] env= 43712512 rsucc=0.952 n_rounds= 4029 ret=+17.504 len=165.2 ent(t0,t>=1)=(0.000,0.540) aL=-0.0029 vL=0.2698 t0=[none=0.00 m0=1.00 m1=0.00]
[u 1335] env= 43745280 rsucc=0.956 n_rounds= 4029 ret=+17.672 len=162.2 ent(t0,t>=1)=(0.000,0.538) aL=-0.0023 vL=0.2707 t0=[none=0.00 m0=1.00 m1=0.00]
[u 1336] env= 43778048 rsucc=0.953 n_rounds= 4017 ret=+17.599 len=163.1 ent(t0,t>=1)=(0.000,0.542) aL=-0.0032 vL=0.2483 t0=[none=0.00 m0=1.00 m1=0.00]
[u 1337] env= 43810816 rsucc=0.952 n_rounds= 4027 ret=+17.654 len=162.7 ent(t0,t>=1)=(0.000,0.537) aL=-0.0035 vL=0.2464 t0=[none=0.00 m0=1.00 m1=0.00]
[u 1338] env= 43843584 rsucc=0.952 n_rounds= 4013 ret=+17.554 len=163.1 ent(t0,t>=1)=(0.000,0.556) aL=-0.0015 vL=0.2879 t0=[none=0.00 m0=1.00 m1=0.00]
[u 1339] env= 43876352 rsucc=0.951 n_rounds= 3977 ret=+17.601 len=163.9 ent(t0,t>=1)=(0.000,0.549) aL=-0.0026 vL=0.2724 t0=[none=0.00 m0=1.00 m1=0.00]
[u 1340] env= 43909120 rsucc=0.956 n_rounds= 4025 ret=+17.633 len=163.6 ent(t0,t>=1)=(0.000,0.539) aL=-0.0020 vL=0.2576 t0=[none=0.00 m0=1.00 m1=0.00]
[u 1341] env= 43941888 rsucc=0.951 n_rounds= 4023 ret=+17.653 len=162.7 ent(t0,t>=1)=(0.000,0.538) aL=-0.0018 vL=0.2830 t0=[none=0.00 m0=1.00 m1=0.00]
[u 1342] env= 43974656 rsucc=0.953 n_rounds= 4016 ret=+17.595 len=163.7 ent(t0,t>=1)=(0.000,0.543) aL=-0.0027 vL=0.2322 t0=[none=0.00 m0=1.00 m1=0.00]
[u 1343] env= 44007424 rsucc=0.952 n_rounds= 4025 ret=+17.591 len=163.4 ent(t0,t>=1)=(0.000,0.557) aL=-0.0027 vL=0.2462 t0=[none=0.00 m0=1.00 m1=0.00]
[u 1344] env= 44040192 rsucc=0.950 n_rounds= 4001 ret=+17.550 len=163.0 ent(t0,t>=1)=(0.000,0.557) aL=-0.0024 vL=0.2498 t0=[none=0.00 m0=1.00 m1=0.00]
[u 1345] env= 44072960 rsucc=0.945 n_rounds= 4013 ret=+17.561 len=162.9 ent(t0,t>=1)=(0.000,0.559) aL=-0.0021 vL=0.2638 t0=[none=0.00 m0=1.00 m1=0.00]
[u 1346] env= 44105728 rsucc=0.953 n_rounds= 4007 ret=+17.540 len=163.4 ent(t0,t>=1)=(0.000,0.572) aL=-0.0009 vL=0.2612 t0=[none=0.00 m0=1.00 m1=0.00]
[u 1347] env= 44138496 rsucc=0.950 n_rounds= 3987 ret=+17.599 len=164.0 ent(t0,t>=1)=(0.000,0.576) aL=-0.0016 vL=0.2347 t0=[none=0.00 m0=1.00 m1=0.00]
[u 1348] env= 44171264 rsucc=0.950 n_rounds= 3996 ret=+17.484 len=164.7 ent(t0,t>=1)=(0.000,0.580) aL=+0.0003 vL=0.2773 t0=[none=0.00 m0=1.00 m1=0.00]
[u 1349] env= 44204032 rsucc=0.948 n_rounds= 3945 ret=+17.554 len=164.6 ent(t0,t>=1)=(0.000,0.577) aL=-0.0020 vL=0.2529 t0=[none=0.00 m0=1.00 m1=0.00]
[u 1350] env= 44236800 rsucc=0.953 n_rounds= 3975 ret=+17.471 len=165.8 ent(t0,t>=1)=(0.000,0.553) aL=-0.0034 vL=0.2283 t0=[none=0.00 m0=1.00 m1=0.00]
[u 1351] env= 44269568 rsucc=0.959 n_rounds= 4004 ret=+17.698 len=164.4 ent(t0,t>=1)=(0.000,0.568) aL=-0.0034 vL=0.2448 t0=[none=0.00 m0=1.00 m1=0.00]
[u 1352] env= 44302336 rsucc=0.950 n_rounds= 3952 ret=+17.736 len=163.8 ent(t0,t>=1)=(0.000,0.563) aL=-0.0030 vL=0.2303 t0=[none=0.00 m0=1.00 m1=0.00]
[u 1353] env= 44335104 rsucc=0.952 n_rounds= 4007 ret=+17.475 len=165.1 ent(t0,t>=1)=(0.000,0.564) aL=-0.0031 vL=0.2443 t0=[none=0.00 m0=1.00 m1=0.00]
[u 1354] env= 44367872 rsucc=0.948 n_rounds= 3979 ret=+17.578 len=164.6 ent(t0,t>=1)=(0.000,0.564) aL=-0.0029 vL=0.2391 t0=[none=0.00 m0=1.00 m1=0.00]
[u 1355] env= 44400640 rsucc=0.951 n_rounds= 3993 ret=+17.592 len=163.0 ent(t0,t>=1)=(0.000,0.555) aL=-0.0028 vL=0.2408 t0=[none=0.00 m0=1.00 m1=0.00]
[u 1356] env= 44433408 rsucc=0.956 n_rounds= 3997 ret=+17.516 len=164.9 ent(t0,t>=1)=(0.000,0.541) aL=-0.0028 vL=0.2354 t0=[none=0.00 m0=1.00 m1=0.00]
[u 1357] env= 44466176 rsucc=0.949 n_rounds= 3992 ret=+17.619 len=163.8 ent(t0,t>=1)=(0.000,0.555) aL=-0.0034 vL=0.2385 t0=[none=0.00 m0=1.00 m1=0.00]
[u 1358] env= 44498944 rsucc=0.949 n_rounds= 3994 ret=+17.462 len=164.6 ent(t0,t>=1)=(0.000,0.564) aL=-0.0021 vL=0.2732 t0=[none=0.00 m0=1.00 m1=0.00]
[u 1359] env= 44531712 rsucc=0.959 n_rounds= 4010 ret=+17.697 len=163.5 ent(t0,t>=1)=(0.000,0.539) aL=-0.0028 vL=0.2561 t0=[none=0.00 m0=1.00 m1=0.00]
[u 1360] env= 44564480 rsucc=0.958 n_rounds= 4043 ret=+17.796 len=162.8 ent(t0,t>=1)=(0.000,0.527) aL=-0.0004 vL=0.2555 t0=[none=0.00 m0=1.00 m1=0.00]
[u 1361] env= 44597248 rsucc=0.955 n_rounds= 4001 ret=+17.631 len=162.8 ent(t0,t>=1)=(0.000,0.532) aL=-0.0027 vL=0.2529 t0=[none=0.00 m0=1.00 m1=0.00]
[u 1362] env= 44630016 rsucc=0.954 n_rounds= 3986 ret=+17.688 len=163.2 ent(t0,t>=1)=(0.000,0.532) aL=-0.0024 vL=0.2448 t0=[none=0.00 m0=1.00 m1=0.00]
[u 1363] env= 44662784 rsucc=0.955 n_rounds= 4001 ret=+17.612 len=165.4 ent(t0,t>=1)=(0.000,0.541) aL=-0.0018 vL=0.2365 t0=[none=0.00 m0=1.00 m1=0.00]
[u 1364] env= 44695552 rsucc=0.952 n_rounds= 3991 ret=+17.630 len=163.5 ent(t0,t>=1)=(0.000,0.535) aL=-0.0020 vL=0.2502 t0=[none=0.00 m0=1.00 m1=0.00]
[u 1365] env= 44728320 rsucc=0.954 n_rounds= 4047 ret=+17.629 len=163.2 ent(t0,t>=1)=(0.000,0.536) aL=-0.0013 vL=0.2465 t0=[none=0.00 m0=1.00 m1=0.00]
[u 1366] env= 44761088 rsucc=0.955 n_rounds= 4012 ret=+17.577 len=162.3 ent(t0,t>=1)=(0.000,0.532) aL=-0.0027 vL=0.2486 t0=[none=0.00 m0=1.00 m1=0.00]
[u 1367] env= 44793856 rsucc=0.954 n_rounds= 4030 ret=+17.686 len=163.4 ent(t0,t>=1)=(0.000,0.531) aL=-0.0035 vL=0.2369 t0=[none=0.00 m0=1.00 m1=0.00]
[u 1368] env= 44826624 rsucc=0.950 n_rounds= 4015 ret=+17.659 len=162.7 ent(t0,t>=1)=(0.000,0.554) aL=-0.0022 vL=0.2341 t0=[none=0.00 m0=1.00 m1=0.00]
[u 1369] env= 44859392 rsucc=0.955 n_rounds= 3997 ret=+17.548 len=163.7 ent(t0,t>=1)=(0.000,0.536) aL=-0.0016 vL=0.2561 t0=[none=0.00 m0=1.00 m1=0.00]
[u 1370] env= 44892160 rsucc=0.951 n_rounds= 3964 ret=+17.690 len=164.3 ent(t0,t>=1)=(0.000,0.553) aL=-0.0030 vL=0.2301 t0=[none=0.00 m0=1.00 m1=0.00]
[u 1371] env= 44924928 rsucc=0.953 n_rounds= 3992 ret=+17.476 len=165.4 ent(t0,t>=1)=(0.000,0.553) aL=-0.0034 vL=0.2355 t0=[none=0.00 m0=1.00 m1=0.00]
[u 1372] env= 44957696 rsucc=0.951 n_rounds= 3989 ret=+17.640 len=163.6 ent(t0,t>=1)=(0.000,0.555) aL=-0.0033 vL=0.2179 t0=[none=0.00 m0=1.00 m1=0.00]
[u 1373] env= 44990464 rsucc=0.954 n_rounds= 4010 ret=+17.640 len=163.9 ent(t0,t>=1)=(0.000,0.563) aL=-0.0020 vL=0.2942 t0=[none=0.00 m0=1.00 m1=0.00]
[u 1374] env= 45023232 rsucc=0.952 n_rounds= 3987 ret=+17.526 len=164.4 ent(t0,t>=1)=(0.000,0.559) aL=-0.0026 vL=0.2390 t0=[none=0.00 m0=1.00 m1=0.00]
[u 1375] env= 45056000 rsucc=0.954 n_rounds= 3989 ret=+17.685 len=164.1 ent(t0,t>=1)=(0.000,0.583) aL=-0.0011 vL=0.2727 t0=[none=0.00 m0=1.00 m1=0.00]
[u 1376] env= 45088768 rsucc=0.958 n_rounds= 4012 ret=+17.594 len=164.5 ent(t0,t>=1)=(0.000,0.556) aL=-0.0037 vL=0.2791 t0=[none=0.00 m0=1.00 m1=0.00]
[u 1377] env= 45121536 rsucc=0.953 n_rounds= 3977 ret=+17.736 len=163.9 ent(t0,t>=1)=(0.000,0.566) aL=-0.0032 vL=0.2487 t0=[none=0.00 m0=1.00 m1=0.00]
[u 1378] env= 45154304 rsucc=0.946 n_rounds= 3963 ret=+17.482 len=165.1 ent(t0,t>=1)=(0.000,0.574) aL=-0.0032 vL=0.2480 t0=[none=0.00 m0=1.00 m1=0.00]
[u 1379] env= 45187072 rsucc=0.950 n_rounds= 4007 ret=+17.558 len=163.2 ent(t0,t>=1)=(0.000,0.579) aL=-0.0019 vL=0.2642 t0=[none=0.00 m0=1.00 m1=0.00]
[u 1380] env= 45219840 rsucc=0.954 n_rounds= 3979 ret=+17.501 len=164.7 ent(t0,t>=1)=(0.000,0.567) aL=-0.0020 vL=0.2444 t0=[none=0.00 m0=1.00 m1=0.00]
[u 1381] env= 45252608 rsucc=0.954 n_rounds= 4013 ret=+17.682 len=163.6 ent(t0,t>=1)=(0.000,0.552) aL=-0.0024 vL=0.2375 t0=[none=0.00 m0=1.00 m1=0.00]
[u 1382] env= 45285376 rsucc=0.951 n_rounds= 3997 ret=+17.659 len=164.0 ent(t0,t>=1)=(0.000,0.558) aL=-0.0019 vL=0.2582 t0=[none=0.00 m0=1.00 m1=0.00]
[u 1383] env= 45318144 rsucc=0.952 n_rounds= 3988 ret=+17.451 len=165.2 ent(t0,t>=1)=(0.000,0.571) aL=-0.0010 vL=0.2641 t0=[none=0.00 m0=1.00 m1=0.00]
[u 1384] env= 45350912 rsucc=0.952 n_rounds= 3985 ret=+17.639 len=163.4 ent(t0,t>=1)=(0.000,0.562) aL=-0.0024 vL=0.2354 t0=[none=0.00 m0=1.00 m1=0.00]
[u 1385] env= 45383680 rsucc=0.948 n_rounds= 3984 ret=+17.590 len=165.2 ent(t0,t>=1)=(0.000,0.569) aL=-0.0023 vL=0.2504 t0=[none=0.00 m0=1.00 m1=0.00]
[u 1386] env= 45416448 rsucc=0.955 n_rounds= 4016 ret=+17.575 len=163.1 ent(t0,t>=1)=(0.000,0.561) aL=-0.0040 vL=0.2349 t0=[none=0.00 m0=1.00 m1=0.00]
[u 1387] env= 45449216 rsucc=0.947 n_rounds= 3972 ret=+17.507 len=164.3 ent(t0,t>=1)=(0.000,0.567) aL=-0.0020 vL=0.2461 t0=[none=0.00 m0=1.00 m1=0.00]
[u 1388] env= 45481984 rsucc=0.947 n_rounds= 3999 ret=+17.543 len=165.2 ent(t0,t>=1)=(0.000,0.571) aL=-0.0028 vL=0.2404 t0=[none=0.00 m0=1.00 m1=0.00]
[u 1389] env= 45514752 rsucc=0.951 n_rounds= 3997 ret=+17.449 len=164.2 ent(t0,t>=1)=(0.000,0.571) aL=-0.0022 vL=0.2442 t0=[none=0.00 m0=1.00 m1=0.00]
[u 1390] env= 45547520 rsucc=0.956 n_rounds= 4017 ret=+17.665 len=162.2 ent(t0,t>=1)=(0.000,0.546) aL=-0.0030 vL=0.2486 t0=[none=0.00 m0=1.00 m1=0.00]
[u 1391] env= 45580288 rsucc=0.946 n_rounds= 3991 ret=+17.617 len=164.1 ent(t0,t>=1)=(0.000,0.564) aL=-0.0024 vL=0.2535 t0=[none=0.00 m0=1.00 m1=0.00]
[u 1392] env= 45613056 rsucc=0.951 n_rounds= 4016 ret=+17.457 len=164.3 ent(t0,t>=1)=(0.000,0.558) aL=-0.0025 vL=0.2608 t0=[none=0.00 m0=1.00 m1=0.00]
[u 1393] env= 45645824 rsucc=0.948 n_rounds= 4001 ret=+17.629 len=163.2 ent(t0,t>=1)=(0.000,0.572) aL=-0.0012 vL=0.2613 t0=[none=0.00 m0=1.00 m1=0.00]
[u 1394] env= 45678592 rsucc=0.958 n_rounds= 4020 ret=+17.561 len=163.4 ent(t0,t>=1)=(0.000,0.542) aL=-0.0018 vL=0.2377 t0=[none=0.00 m0=1.00 m1=0.00]
[u 1395] env= 45711360 rsucc=0.953 n_rounds= 4024 ret=+17.691 len=162.7 ent(t0,t>=1)=(0.000,0.560) aL=-0.0021 vL=0.2689 t0=[none=0.00 m0=1.00 m1=0.00]
[u 1396] env= 45744128 rsucc=0.950 n_rounds= 3979 ret=+17.539 len=164.1 ent(t0,t>=1)=(0.000,0.565) aL=-0.0012 vL=0.2891 t0=[none=0.00 m0=1.00 m1=0.00]
[u 1397] env= 45776896 rsucc=0.953 n_rounds= 4011 ret=+17.672 len=163.3 ent(t0,t>=1)=(0.000,0.559) aL=-0.0025 vL=0.2618 t0=[none=0.00 m0=1.00 m1=0.00]
[u 1398] env= 45809664 rsucc=0.952 n_rounds= 4005 ret=+17.579 len=163.2 ent(t0,t>=1)=(0.000,0.565) aL=-0.0033 vL=0.2324 t0=[none=0.00 m0=1.00 m1=0.00]
[u 1399] env= 45842432 rsucc=0.952 n_rounds= 4009 ret=+17.634 len=162.9 ent(t0,t>=1)=(0.000,0.575) aL=-0.0019 vL=0.2773 t0=[none=0.00 m0=1.00 m1=0.00]
[u 1400] env= 45875200 rsucc=0.959 n_rounds= 3991 ret=+17.582 len=165.4 ent(t0,t>=1)=(0.000,0.561) aL=-0.0021 vL=0.2604 t0=[none=0.00 m0=1.00 m1=0.00]
[u 1401] env= 45907968 rsucc=0.948 n_rounds= 3970 ret=+17.604 len=164.4 ent(t0,t>=1)=(0.000,0.563) aL=-0.0025 vL=0.2778 t0=[none=0.00 m0=1.00 m1=0.00]
[u 1402] env= 45940736 rsucc=0.951 n_rounds= 3990 ret=+17.588 len=164.4 ent(t0,t>=1)=(0.000,0.571) aL=-0.0014 vL=0.2677 t0=[none=0.00 m0=1.00 m1=0.00]
[u 1403] env= 45973504 rsucc=0.956 n_rounds= 3973 ret=+17.542 len=165.9 ent(t0,t>=1)=(0.000,0.557) aL=-0.0020 vL=0.2727 t0=[none=0.00 m0=1.00 m1=0.00]
[u 1404] env= 46006272 rsucc=0.950 n_rounds= 4000 ret=+17.582 len=165.2 ent(t0,t>=1)=(0.000,0.561) aL=-0.0006 vL=0.2949 t0=[none=0.00 m0=1.00 m1=0.00]
[u 1405] env= 46039040 rsucc=0.953 n_rounds= 3985 ret=+17.626 len=162.6 ent(t0,t>=1)=(0.000,0.553) aL=-0.0019 vL=0.2577 t0=[none=0.00 m0=1.00 m1=0.00]
[u 1406] env= 46071808 rsucc=0.952 n_rounds= 4011 ret=+17.567 len=164.3 ent(t0,t>=1)=(0.000,0.555) aL=-0.0011 vL=0.2886 t0=[none=0.00 m0=1.00 m1=0.00]
[u 1407] env= 46104576 rsucc=0.953 n_rounds= 4014 ret=+17.620 len=162.6 ent(t0,t>=1)=(0.000,0.547) aL=-0.0023 vL=0.2346 t0=[none=0.00 m0=1.00 m1=0.00]
[u 1408] env= 46137344 rsucc=0.955 n_rounds= 3987 ret=+17.666 len=163.3 ent(t0,t>=1)=(0.000,0.542) aL=-0.0024 vL=0.2423 t0=[none=0.00 m0=1.00 m1=0.00]
[u 1409] env= 46170112 rsucc=0.948 n_rounds= 3978 ret=+17.507 len=165.8 ent(t0,t>=1)=(0.000,0.554) aL=-0.0030 vL=0.2407 t0=[none=0.00 m0=1.00 m1=0.00]
[u 1410] env= 46202880 rsucc=0.945 n_rounds= 4002 ret=+17.559 len=163.6 ent(t0,t>=1)=(0.000,0.571) aL=-0.0021 vL=0.2569 t0=[none=0.00 m0=1.00 m1=0.00]
[u 1411] env= 46235648 rsucc=0.948 n_rounds= 4013 ret=+17.578 len=163.2 ent(t0,t>=1)=(0.000,0.550) aL=-0.0014 vL=0.2529 t0=[none=0.00 m0=1.00 m1=0.00]
[u 1412] env= 46268416 rsucc=0.952 n_rounds= 3995 ret=+17.474 len=163.4 ent(t0,t>=1)=(0.000,0.541) aL=-0.0011 vL=0.2674 t0=[none=0.00 m0=1.00 m1=0.00]
[u 1413] env= 46301184 rsucc=0.952 n_rounds= 4043 ret=+17.604 len=163.5 ent(t0,t>=1)=(0.000,0.534) aL=-0.0026 vL=0.2382 t0=[none=0.00 m0=1.00 m1=0.00]
[u 1414] env= 46333952 rsucc=0.955 n_rounds= 4040 ret=+17.658 len=162.7 ent(t0,t>=1)=(0.000,0.534) aL=-0.0017 vL=0.2754 t0=[none=0.00 m0=1.00 m1=0.00]
[u 1415] env= 46366720 rsucc=0.952 n_rounds= 4006 ret=+17.604 len=163.0 ent(t0,t>=1)=(0.000,0.545) aL=-0.0011 vL=0.2627 t0=[none=0.00 m0=1.00 m1=0.00]
[u 1416] env= 46399488 rsucc=0.951 n_rounds= 4029 ret=+17.547 len=163.3 ent(t0,t>=1)=(0.000,0.544) aL=-0.0027 vL=0.2368 t0=[none=0.00 m0=1.00 m1=0.00]
[u 1417] env= 46432256 rsucc=0.953 n_rounds= 4023 ret=+17.647 len=162.4 ent(t0,t>=1)=(0.000,0.531) aL=-0.0024 vL=0.2425 t0=[none=0.00 m0=1.00 m1=0.00]
[u 1418] env= 46465024 rsucc=0.951 n_rounds= 4002 ret=+17.560 len=163.5 ent(t0,t>=1)=(0.000,0.542) aL=-0.0027 vL=0.2465 t0=[none=0.00 m0=1.00 m1=0.00]
[u 1419] env= 46497792 rsucc=0.954 n_rounds= 4000 ret=+17.636 len=163.2 ent(t0,t>=1)=(0.000,0.550) aL=-0.0018 vL=0.2408 t0=[none=0.00 m0=1.00 m1=0.00]
[u 1420] env= 46530560 rsucc=0.955 n_rounds= 4043 ret=+17.656 len=162.8 ent(t0,t>=1)=(0.000,0.553) aL=-0.0011 vL=0.2635 t0=[none=0.00 m0=1.00 m1=0.00]
[u 1421] env= 46563328 rsucc=0.951 n_rounds= 4025 ret=+17.715 len=162.7 ent(t0,t>=1)=(0.000,0.559) aL=-0.0023 vL=0.2646 t0=[none=0.00 m0=1.00 m1=0.00]
[u 1422] env= 46596096 rsucc=0.949 n_rounds= 3999 ret=+17.487 len=163.1 ent(t0,t>=1)=(0.000,0.550) aL=-0.0017 vL=0.2473 t0=[none=0.00 m0=1.00 m1=0.00]
[u 1423] env= 46628864 rsucc=0.949 n_rounds= 4016 ret=+17.488 len=164.4 ent(t0,t>=1)=(0.000,0.561) aL=-0.0021 vL=0.2636 t0=[none=0.00 m0=1.00 m1=0.00]
[u 1424] env= 46661632 rsucc=0.953 n_rounds= 4039 ret=+17.643 len=162.6 ent(t0,t>=1)=(0.000,0.542) aL=-0.0028 vL=0.2546 t0=[none=0.00 m0=1.00 m1=0.00]
[u 1425] env= 46694400 rsucc=0.953 n_rounds= 4036 ret=+17.585 len=162.0 ent(t0,t>=1)=(0.000,0.543) aL=-0.0013 vL=0.2792 t0=[none=0.00 m0=1.00 m1=0.00]
[u 1426] env= 46727168 rsucc=0.952 n_rounds= 4033 ret=+17.633 len=162.3 ent(t0,t>=1)=(0.000,0.545) aL=-0.0015 vL=0.2951 t0=[none=0.00 m0=1.00 m1=0.00]
[u 1427] env= 46759936 rsucc=0.955 n_rounds= 4011 ret=+17.613 len=163.5 ent(t0,t>=1)=(0.000,0.550) aL=-0.0016 vL=0.2506 t0=[none=0.00 m0=1.00 m1=0.00]
[u 1428] env= 46792704 rsucc=0.959 n_rounds= 4060 ret=+17.654 len=162.7 ent(t0,t>=1)=(0.000,0.534) aL=-0.0007 vL=0.2739 t0=[none=0.00 m0=1.00 m1=0.00]
[u 1429] env= 46825472 rsucc=0.954 n_rounds= 4023 ret=+17.769 len=161.3 ent(t0,t>=1)=(0.000,0.542) aL=-0.0024 vL=0.2498 t0=[none=0.00 m0=1.00 m1=0.00]
[u 1430] env= 46858240 rsucc=0.955 n_rounds= 4031 ret=+17.596 len=163.5 ent(t0,t>=1)=(0.000,0.541) aL=-0.0023 vL=0.2563 t0=[none=0.00 m0=1.00 m1=0.00]
[u 1431] env= 46891008 rsucc=0.957 n_rounds= 4042 ret=+17.789 len=161.4 ent(t0,t>=1)=(0.000,0.534) aL=-0.0020 vL=0.2615 t0=[none=0.00 m0=1.00 m1=0.00]
[u 1432] env= 46923776 rsucc=0.951 n_rounds= 4023 ret=+17.572 len=162.8 ent(t0,t>=1)=(0.000,0.530) aL=-0.0019 vL=0.2508 t0=[none=0.00 m0=1.00 m1=0.00]
[u 1433] env= 46956544 rsucc=0.956 n_rounds= 4056 ret=+17.656 len=162.6 ent(t0,t>=1)=(0.000,0.524) aL=-0.0015 vL=0.2495 t0=[none=0.00 m0=1.00 m1=0.00]
[u 1434] env= 46989312 rsucc=0.955 n_rounds= 4020 ret=+17.664 len=162.0 ent(t0,t>=1)=(0.000,0.523) aL=-0.0020 vL=0.2523 t0=[none=0.00 m0=1.00 m1=0.00]
[u 1435] env= 47022080 rsucc=0.955 n_rounds= 4021 ret=+17.692 len=162.8 ent(t0,t>=1)=(0.000,0.541) aL=-0.0021 vL=0.2664 t0=[none=0.00 m0=1.00 m1=0.00]
[u 1436] env= 47054848 rsucc=0.955 n_rounds= 4039 ret=+17.589 len=163.1 ent(t0,t>=1)=(0.000,0.529) aL=-0.0023 vL=0.2692 t0=[none=0.00 m0=1.00 m1=0.00]
[u 1437] env= 47087616 rsucc=0.962 n_rounds= 4087 ret=+17.681 len=161.7 ent(t0,t>=1)=(0.000,0.519) aL=-0.0009 vL=0.2681 t0=[none=0.00 m0=1.00 m1=0.00]
[u 1438] env= 47120384 rsucc=0.948 n_rounds= 4011 ret=+17.846 len=161.1 ent(t0,t>=1)=(0.000,0.537) aL=-0.0019 vL=0.2578 t0=[none=0.00 m0=1.00 m1=0.00]
[u 1439] env= 47153152 rsucc=0.954 n_rounds= 4026 ret=+17.487 len=163.8 ent(t0,t>=1)=(0.000,0.533) aL=-0.0026 vL=0.2342 t0=[none=0.00 m0=1.00 m1=0.00]
[u 1440] env= 47185920 rsucc=0.949 n_rounds= 4032 ret=+17.625 len=162.7 ent(t0,t>=1)=(0.000,0.552) aL=-0.0018 vL=0.2848 t0=[none=0.00 m0=1.00 m1=0.00]
[u 1441] env= 47218688 rsucc=0.952 n_rounds= 4023 ret=+17.602 len=162.0 ent(t0,t>=1)=(0.000,0.542) aL=-0.0012 vL=0.2472 t0=[none=0.00 m0=1.00 m1=0.00]
[u 1442] env= 47251456 rsucc=0.955 n_rounds= 4031 ret=+17.606 len=162.4 ent(t0,t>=1)=(0.000,0.532) aL=-0.0013 vL=0.2709 t0=[none=0.00 m0=1.00 m1=0.00]
[u 1443] env= 47284224 rsucc=0.952 n_rounds= 4056 ret=+17.631 len=162.7 ent(t0,t>=1)=(0.000,0.530) aL=-0.0018 vL=0.2543 t0=[none=0.00 m0=1.00 m1=0.00]
[u 1444] env= 47316992 rsucc=0.959 n_rounds= 4069 ret=+17.703 len=160.9 ent(t0,t>=1)=(0.000,0.523) aL=-0.0018 vL=0.2565 t0=[none=0.00 m0=1.00 m1=0.00]
[u 1445] env= 47349760 rsucc=0.959 n_rounds= 4074 ret=+17.717 len=161.2 ent(t0,t>=1)=(0.000,0.531) aL=-0.0021 vL=0.2569 t0=[none=0.00 m0=1.00 m1=0.00]
[u 1446] env= 47382528 rsucc=0.948 n_rounds= 3996 ret=+17.719 len=162.2 ent(t0,t>=1)=(0.000,0.540) aL=-0.0020 vL=0.2514 t0=[none=0.00 m0=1.00 m1=0.00]
[u 1447] env= 47415296 rsucc=0.951 n_rounds= 4041 ret=+17.553 len=163.2 ent(t0,t>=1)=(0.000,0.525) aL=-0.0029 vL=0.2806 t0=[none=0.00 m0=1.00 m1=0.00]
[u 1448] env= 47448064 rsucc=0.953 n_rounds= 4048 ret=+17.506 len=163.0 ent(t0,t>=1)=(0.000,0.530) aL=-0.0023 vL=0.2636 t0=[none=0.00 m0=1.00 m1=0.00]
[u 1449] env= 47480832 rsucc=0.956 n_rounds= 4048 ret=+17.649 len=161.2 ent(t0,t>=1)=(0.000,0.525) aL=-0.0023 vL=0.2719 t0=[none=0.00 m0=1.00 m1=0.00]
[u 1450] env= 47513600 rsucc=0.958 n_rounds= 4032 ret=+17.737 len=162.3 ent(t0,t>=1)=(0.000,0.532) aL=-0.0022 vL=0.2522 t0=[none=0.00 m0=1.00 m1=0.00]
[u 1451] env= 47546368 rsucc=0.952 n_rounds= 4054 ret=+17.651 len=162.8 ent(t0,t>=1)=(0.000,0.534) aL=-0.0024 vL=0.2551 t0=[none=0.00 m0=1.00 m1=0.00]
[u 1452] env= 47579136 rsucc=0.953 n_rounds= 4035 ret=+17.682 len=161.4 ent(t0,t>=1)=(0.000,0.539) aL=-0.0017 vL=0.2629 t0=[none=0.00 m0=1.00 m1=0.00]
[u 1453] env= 47611904 rsucc=0.955 n_rounds= 4042 ret=+17.575 len=162.5 ent(t0,t>=1)=(0.000,0.530) aL=-0.0023 vL=0.2615 t0=[none=0.00 m0=1.00 m1=0.00]
[u 1454] env= 47644672 rsucc=0.951 n_rounds= 4031 ret=+17.665 len=162.0 ent(t0,t>=1)=(0.000,0.547) aL=-0.0027 vL=0.2458 t0=[none=0.00 m0=1.00 m1=0.00]
[u 1455] env= 47677440 rsucc=0.948 n_rounds= 4021 ret=+17.579 len=163.1 ent(t0,t>=1)=(0.000,0.551) aL=-0.0024 vL=0.2546 t0=[none=0.00 m0=1.00 m1=0.00]
[u 1456] env= 47710208 rsucc=0.957 n_rounds= 4047 ret=+17.621 len=161.8 ent(t0,t>=1)=(0.000,0.534) aL=-0.0018 vL=0.2496 t0=[none=0.00 m0=1.00 m1=0.00]
[u 1457] env= 47742976 rsucc=0.963 n_rounds= 4088 ret=+17.748 len=161.8 ent(t0,t>=1)=(0.000,0.526) aL=-0.0013 vL=0.2561 t0=[none=0.00 m0=1.00 m1=0.00]
[u 1458] env= 47775744 rsucc=0.963 n_rounds= 4069 ret=+17.868 len=160.3 ent(t0,t>=1)=(0.000,0.527) aL=-0.0010 vL=0.2559 t0=[none=0.00 m0=1.00 m1=0.00]
[u 1459] env= 47808512 rsucc=0.950 n_rounds= 4008 ret=+17.727 len=161.2 ent(t0,t>=1)=(0.000,0.546) aL=-0.0021 vL=0.2444 t0=[none=0.00 m0=1.00 m1=0.00]
[u 1460] env= 47841280 rsucc=0.956 n_rounds= 4052 ret=+17.627 len=163.4 ent(t0,t>=1)=(0.000,0.536) aL=-0.0022 vL=0.2532 t0=[none=0.00 m0=1.00 m1=0.00]
[u 1461] env= 47874048 rsucc=0.954 n_rounds= 4056 ret=+17.716 len=161.6 ent(t0,t>=1)=(0.000,0.546) aL=-0.0016 vL=0.2731 t0=[none=0.00 m0=1.00 m1=0.00]
[u 1462] env= 47906816 rsucc=0.955 n_rounds= 4022 ret=+17.583 len=162.8 ent(t0,t>=1)=(0.000,0.543) aL=-0.0016 vL=0.2545 t0=[none=0.00 m0=1.00 m1=0.00]
[u 1463] env= 47939584 rsucc=0.946 n_rounds= 4006 ret=+17.621 len=163.0 ent(t0,t>=1)=(0.000,0.557) aL=-0.0020 vL=0.2590 t0=[none=0.00 m0=1.00 m1=0.00]
[u 1464] env= 47972352 rsucc=0.948 n_rounds= 4015 ret=+17.477 len=163.0 ent(t0,t>=1)=(0.000,0.558) aL=-0.0018 vL=0.2794 t0=[none=0.00 m0=1.00 m1=0.00]
[u 1465] env= 48005120 rsucc=0.955 n_rounds= 4035 ret=+17.636 len=162.6 ent(t0,t>=1)=(0.000,0.552) aL=-0.0028 vL=0.2562 t0=[none=0.00 m0=1.00 m1=0.00]
[u 1466] env= 48037888 rsucc=0.950 n_rounds= 3997 ret=+17.547 len=163.8 ent(t0,t>=1)=(0.000,0.556) aL=-0.0017 vL=0.2451 t0=[none=0.00 m0=1.00 m1=0.00]
[u 1467] env= 48070656 rsucc=0.953 n_rounds= 3997 ret=+17.610 len=163.8 ent(t0,t>=1)=(0.000,0.556) aL=-0.0012 vL=0.2537 t0=[none=0.00 m0=1.00 m1=0.00]
[u 1468] env= 48103424 rsucc=0.958 n_rounds= 4070 ret=+17.667 len=163.3 ent(t0,t>=1)=(0.000,0.552) aL=-0.0016 vL=0.2572 t0=[none=0.00 m0=1.00 m1=0.00]
[u 1469] env= 48136192 rsucc=0.957 n_rounds= 4014 ret=+17.664 len=162.1 ent(t0,t>=1)=(0.000,0.541) aL=-0.0019 vL=0.2552 t0=[none=0.00 m0=1.00 m1=0.00]
[u 1470] env= 48168960 rsucc=0.958 n_rounds= 4049 ret=+17.768 len=162.0 ent(t0,t>=1)=(0.000,0.541) aL=-0.0021 vL=0.2776 t0=[none=0.00 m0=1.00 m1=0.00]
[u 1471] env= 48201728 rsucc=0.954 n_rounds= 4049 ret=+17.622 len=162.1 ent(t0,t>=1)=(0.000,0.544) aL=-0.0020 vL=0.2582 t0=[none=0.00 m0=1.00 m1=0.00]
[u 1472] env= 48234496 rsucc=0.954 n_rounds= 4038 ret=+17.657 len=162.7 ent(t0,t>=1)=(0.000,0.555) aL=-0.0026 vL=0.2819 t0=[none=0.00 m0=1.00 m1=0.00]
[u 1473] env= 48267264 rsucc=0.953 n_rounds= 4042 ret=+17.637 len=161.7 ent(t0,t>=1)=(0.000,0.547) aL=-0.0015 vL=0.2768 t0=[none=0.00 m0=1.00 m1=0.00]
[u 1474] env= 48300032 rsucc=0.953 n_rounds= 4017 ret=+17.635 len=163.0 ent(t0,t>=1)=(0.000,0.549) aL=-0.0020 vL=0.2577 t0=[none=0.00 m0=1.00 m1=0.00]
[u 1475] env= 48332800 rsucc=0.956 n_rounds= 4056 ret=+17.690 len=161.9 ent(t0,t>=1)=(0.000,0.551) aL=-0.0014 vL=0.2700 t0=[none=0.00 m0=1.00 m1=0.00]
[u 1476] env= 48365568 rsucc=0.952 n_rounds= 4034 ret=+17.667 len=161.4 ent(t0,t>=1)=(0.000,0.559) aL=-0.0017 vL=0.2540 t0=[none=0.00 m0=1.00 m1=0.00]
[u 1477] env= 48398336 rsucc=0.953 n_rounds= 4027 ret=+17.537 len=163.8 ent(t0,t>=1)=(0.000,0.552) aL=-0.0023 vL=0.2687 t0=[none=0.00 m0=1.00 m1=0.00]
[u 1478] env= 48431104 rsucc=0.954 n_rounds= 4012 ret=+17.687 len=161.8 ent(t0,t>=1)=(0.000,0.556) aL=-0.0016 vL=0.2781 t0=[none=0.00 m0=1.00 m1=0.00]
[u 1479] env= 48463872 rsucc=0.954 n_rounds= 4038 ret=+17.588 len=164.2 ent(t0,t>=1)=(0.000,0.545) aL=-0.0028 vL=0.2424 t0=[none=0.00 m0=1.00 m1=0.00]
[u 1480] env= 48496640 rsucc=0.952 n_rounds= 4040 ret=+17.666 len=161.2 ent(t0,t>=1)=(0.000,0.552) aL=-0.0013 vL=0.2831 t0=[none=0.00 m0=1.00 m1=0.00]
[u 1481] env= 48529408 rsucc=0.947 n_rounds= 4054 ret=+17.689 len=161.2 ent(t0,t>=1)=(0.000,0.543) aL=-0.0020 vL=0.2479 t0=[none=0.00 m0=1.00 m1=0.00]
[u 1482] env= 48562176 rsucc=0.948 n_rounds= 3965 ret=+17.397 len=165.0 ent(t0,t>=1)=(0.000,0.549) aL=-0.0016 vL=0.2533 t0=[none=0.00 m0=1.00 m1=0.00]
[u 1483] env= 48594944 rsucc=0.952 n_rounds= 4043 ret=+17.546 len=163.4 ent(t0,t>=1)=(0.000,0.536) aL=-0.0004 vL=0.2570 t0=[none=0.00 m0=1.00 m1=0.00]
[u 1484] env= 48627712 rsucc=0.957 n_rounds= 4032 ret=+17.645 len=162.6 ent(t0,t>=1)=(0.000,0.535) aL=-0.0018 vL=0.2460 t0=[none=0.00 m0=1.00 m1=0.00]
[u 1485] env= 48660480 rsucc=0.952 n_rounds= 4036 ret=+17.641 len=162.1 ent(t0,t>=1)=(0.000,0.539) aL=-0.0021 vL=0.2662 t0=[none=0.00 m0=1.00 m1=0.00]
[u 1486] env= 48693248 rsucc=0.950 n_rounds= 4053 ret=+17.660 len=161.5 ent(t0,t>=1)=(0.000,0.554) aL=-0.0018 vL=0.2728 t0=[none=0.00 m0=1.00 m1=0.00]
[u 1487] env= 48726016 rsucc=0.955 n_rounds= 4036 ret=+17.538 len=163.7 ent(t0,t>=1)=(0.000,0.551) aL=-0.0002 vL=0.2863 t0=[none=0.00 m0=1.00 m1=0.00]
[u 1488] env= 48758784 rsucc=0.949 n_rounds= 4011 ret=+17.653 len=162.0 ent(t0,t>=1)=(0.000,0.562) aL=-0.0022 vL=0.2542 t0=[none=0.00 m0=1.00 m1=0.00]
[u 1489] env= 48791552 rsucc=0.949 n_rounds= 4013 ret=+17.590 len=162.9 ent(t0,t>=1)=(0.000,0.570) aL=-0.0017 vL=0.2555 t0=[none=0.00 m0=1.00 m1=0.00]
[u 1490] env= 48824320 rsucc=0.954 n_rounds= 4000 ret=+17.472 len=164.3 ent(t0,t>=1)=(0.000,0.557) aL=-0.0017 vL=0.2648 t0=[none=0.00 m0=1.00 m1=0.00]
[u 1491] env= 48857088 rsucc=0.954 n_rounds= 4024 ret=+17.701 len=162.8 ent(t0,t>=1)=(0.000,0.547) aL=-0.0018 vL=0.2483 t0=[none=0.00 m0=1.00 m1=0.00]
[u 1492] env= 48889856 rsucc=0.948 n_rounds= 4031 ret=+17.616 len=162.1 ent(t0,t>=1)=(0.000,0.558) aL=-0.0019 vL=0.2346 t0=[none=0.00 m0=1.00 m1=0.00]
[u 1493] env= 48922624 rsucc=0.953 n_rounds= 4041 ret=+17.573 len=162.7 ent(t0,t>=1)=(0.000,0.548) aL=-0.0017 vL=0.2431 t0=[none=0.00 m0=1.00 m1=0.00]
[u 1494] env= 48955392 rsucc=0.956 n_rounds= 4020 ret=+17.676 len=162.5 ent(t0,t>=1)=(0.000,0.558) aL=-0.0017 vL=0.2489 t0=[none=0.00 m0=1.00 m1=0.00]
[u 1495] env= 48988160 rsucc=0.955 n_rounds= 4047 ret=+17.587 len=163.2 ent(t0,t>=1)=(0.000,0.545) aL=-0.0020 vL=0.2479 t0=[none=0.00 m0=1.00 m1=0.00]
[u 1496] env= 49020928 rsucc=0.956 n_rounds= 4057 ret=+17.654 len=162.2 ent(t0,t>=1)=(0.000,0.542) aL=-0.0019 vL=0.2409 t0=[none=0.00 m0=1.00 m1=0.00]
[u 1497] env= 49053696 rsucc=0.957 n_rounds= 4048 ret=+17.793 len=160.8 ent(t0,t>=1)=(0.000,0.531) aL=-0.0017 vL=0.2530 t0=[none=0.00 m0=1.00 m1=0.00]
[u 1498] env= 49086464 rsucc=0.945 n_rounds= 4035 ret=+17.561 len=162.9 ent(t0,t>=1)=(0.000,0.547) aL=-0.0018 vL=0.2602 t0=[none=0.00 m0=1.00 m1=0.00]
[u 1499] env= 49119232 rsucc=0.954 n_rounds= 4057 ret=+17.617 len=160.9 ent(t0,t>=1)=(0.000,0.548) aL=-0.0012 vL=0.2405 t0=[none=0.00 m0=1.00 m1=0.00]
[u 1500] env= 49152000 rsucc=0.951 n_rounds= 4004 ret=+17.517 len=163.4 ent(t0,t>=1)=(0.000,0.553) aL=-0.0020 vL=0.2562 t0=[none=0.00 m0=1.00 m1=0.00]
[u 1501] env= 49184768 rsucc=0.946 n_rounds= 4025 ret=+17.563 len=162.1 ent(t0,t>=1)=(0.000,0.547) aL=-0.0018 vL=0.2428 t0=[none=0.00 m0=1.00 m1=0.00]
[u 1502] env= 49217536 rsucc=0.950 n_rounds= 4016 ret=+17.635 len=162.8 ent(t0,t>=1)=(0.000,0.541) aL=-0.0023 vL=0.2619 t0=[none=0.00 m0=1.00 m1=0.00]
[u 1503] env= 49250304 rsucc=0.957 n_rounds= 4066 ret=+17.546 len=162.4 ent(t0,t>=1)=(0.000,0.533) aL=-0.0011 vL=0.2691 t0=[none=0.00 m0=1.00 m1=0.00]
[u 1504] env= 49283072 rsucc=0.958 n_rounds= 4059 ret=+17.743 len=162.1 ent(t0,t>=1)=(0.000,0.518) aL=-0.0016 vL=0.2514 t0=[none=0.00 m0=1.00 m1=0.00]
[u 1505] env= 49315840 rsucc=0.959 n_rounds= 4075 ret=+17.788 len=160.7 ent(t0,t>=1)=(0.000,0.525) aL=-0.0018 vL=0.2607 t0=[none=0.00 m0=1.00 m1=0.00]
[u 1506] env= 49348608 rsucc=0.953 n_rounds= 4010 ret=+17.659 len=161.4 ent(t0,t>=1)=(0.000,0.532) aL=-0.0012 vL=0.2490 t0=[none=0.00 m0=1.00 m1=0.00]
[u 1507] env= 49381376 rsucc=0.955 n_rounds= 4062 ret=+17.650 len=162.5 ent(t0,t>=1)=(0.000,0.528) aL=-0.0022 vL=0.2555 t0=[none=0.00 m0=1.00 m1=0.00]
[u 1508] env= 49414144 rsucc=0.950 n_rounds= 4027 ret=+17.693 len=161.3 ent(t0,t>=1)=(0.000,0.533) aL=-0.0019 vL=0.2438 t0=[none=0.00 m0=1.00 m1=0.00]
[u 1509] env= 49446912 rsucc=0.957 n_rounds= 4088 ret=+17.583 len=163.2 ent(t0,t>=1)=(0.000,0.525) aL=-0.0017 vL=0.2524 t0=[none=0.00 m0=1.00 m1=0.00]
[u 1510] env= 49479680 rsucc=0.958 n_rounds= 4103 ret=+17.770 len=159.9 ent(t0,t>=1)=(0.000,0.522) aL=-0.0017 vL=0.2598 t0=[none=0.00 m0=1.00 m1=0.00]
[u 1511] env= 49512448 rsucc=0.960 n_rounds= 4057 ret=+17.693 len=160.6 ent(t0,t>=1)=(0.000,0.522) aL=-0.0020 vL=0.2455 t0=[none=0.00 m0=1.00 m1=0.00]
[u 1512] env= 49545216 rsucc=0.957 n_rounds= 4056 ret=+17.704 len=161.9 ent(t0,t>=1)=(0.000,0.540) aL=-0.0014 vL=0.2569 t0=[none=0.00 m0=1.00 m1=0.00]
[u 1513] env= 49577984 rsucc=0.952 n_rounds= 4052 ret=+17.762 len=160.8 ent(t0,t>=1)=(0.000,0.535) aL=-0.0015 vL=0.2556 t0=[none=0.00 m0=1.00 m1=0.00]
[u 1514] env= 49610752 rsucc=0.951 n_rounds= 4032 ret=+17.583 len=162.3 ent(t0,t>=1)=(0.000,0.533) aL=-0.0019 vL=0.2533 t0=[none=0.00 m0=1.00 m1=0.00]
[u 1515] env= 49643520 rsucc=0.951 n_rounds= 4043 ret=+17.621 len=162.5 ent(t0,t>=1)=(0.000,0.541) aL=-0.0019 vL=0.2497 t0=[none=0.00 m0=1.00 m1=0.00]
[u 1516] env= 49676288 rsucc=0.960 n_rounds= 4073 ret=+17.701 len=161.3 ent(t0,t>=1)=(0.000,0.525) aL=-0.0012 vL=0.2650 t0=[none=0.00 m0=1.00 m1=0.00]
[u 1517] env= 49709056 rsucc=0.961 n_rounds= 4068 ret=+17.769 len=161.3 ent(t0,t>=1)=(0.000,0.528) aL=-0.0013 vL=0.2498 t0=[none=0.00 m0=1.00 m1=0.00]
[u 1518] env= 49741824 rsucc=0.952 n_rounds= 4042 ret=+17.679 len=162.1 ent(t0,t>=1)=(0.000,0.535) aL=-0.0014 vL=0.2452 t0=[none=0.00 m0=1.00 m1=0.00]
[u 1519] env= 49774592 rsucc=0.955 n_rounds= 4048 ret=+17.631 len=161.2 ent(t0,t>=1)=(0.000,0.539) aL=+0.0004 vL=0.2487 t0=[none=0.00 m0=1.00 m1=0.00]
[u 1520] env= 49807360 rsucc=0.954 n_rounds= 4062 ret=+17.719 len=161.3 ent(t0,t>=1)=(0.000,0.532) aL=-0.0022 vL=0.2376 t0=[none=0.00 m0=1.00 m1=0.00]
[u 1521] env= 49840128 rsucc=0.949 n_rounds= 4035 ret=+17.609 len=162.1 ent(t0,t>=1)=(0.000,0.555) aL=-0.0006 vL=0.2898 t0=[none=0.00 m0=1.00 m1=0.00]
[u 1522] env= 49872896 rsucc=0.950 n_rounds= 4043 ret=+17.548 len=162.7 ent(t0,t>=1)=(0.000,0.538) aL=-0.0013 vL=0.2646 t0=[none=0.00 m0=1.00 m1=0.00]
[u 1523] env= 49905664 rsucc=0.949 n_rounds= 4037 ret=+17.557 len=161.7 ent(t0,t>=1)=(0.000,0.536) aL=-0.0009 vL=0.2481 t0=[none=0.00 m0=1.00 m1=0.00]
[u 1524] env= 49938432 rsucc=0.956 n_rounds= 4020 ret=+17.627 len=162.3 ent(t0,t>=1)=(0.000,0.529) aL=-0.0012 vL=0.2838 t0=[none=0.00 m0=1.00 m1=0.00]
[u 1525] env= 49971200 rsucc=0.961 n_rounds= 4099 ret=+17.724 len=161.8 ent(t0,t>=1)=(0.000,0.511) aL=-0.0019 vL=0.2448 t0=[none=0.00 m0=1.00 m1=0.00]
[u 1526] env= 50003968 rsucc=0.956 n_rounds= 4049 ret=+17.700 len=161.4 ent(t0,t>=1)=(0.000,0.541) aL=-0.0003 vL=0.2842 t0=[none=0.00 m0=1.00 m1=0.00]
[u 1527] env= 50036736 rsucc=0.957 n_rounds= 4072 ret=+17.712 len=161.5 ent(t0,t>=1)=(0.000,0.532) aL=-0.0009 vL=0.2689 t0=[none=0.00 m0=1.00 m1=0.00]
[u 1528] env= 50069504 rsucc=0.949 n_rounds= 4020 ret=+17.645 len=161.8 ent(t0,t>=1)=(0.000,0.550) aL=-0.0017 vL=0.2491 t0=[none=0.00 m0=1.00 m1=0.00]
[u 1529] env= 50102272 rsucc=0.956 n_rounds= 4047 ret=+17.662 len=162.2 ent(t0,t>=1)=(0.000,0.532) aL=-0.0015 vL=0.2603 t0=[none=0.00 m0=1.00 m1=0.00]
[u 1530] env= 50135040 rsucc=0.954 n_rounds= 4077 ret=+17.617 len=161.6 ent(t0,t>=1)=(0.000,0.552) aL=-0.0019 vL=0.2630 t0=[none=0.00 m0=1.00 m1=0.00]
[u 1531] env= 50167808 rsucc=0.951 n_rounds= 4035 ret=+17.659 len=161.5 ent(t0,t>=1)=(0.000,0.547) aL=-0.0018 vL=0.2387 t0=[none=0.00 m0=1.00 m1=0.00]
[u 1532] env= 50200576 rsucc=0.954 n_rounds= 4045 ret=+17.593 len=162.0 ent(t0,t>=1)=(0.000,0.545) aL=-0.0017 vL=0.2444 t0=[none=0.00 m0=1.00 m1=0.00]
[u 1533] env= 50233344 rsucc=0.953 n_rounds= 4052 ret=+17.723 len=161.1 ent(t0,t>=1)=(0.000,0.540) aL=-0.0015 vL=0.2462 t0=[none=0.00 m0=1.00 m1=0.00]
[u 1534] env= 50266112 rsucc=0.954 n_rounds= 4024 ret=+17.576 len=163.2 ent(t0,t>=1)=(0.000,0.548) aL=-0.0019 vL=0.2653 t0=[none=0.00 m0=1.00 m1=0.00]
[u 1535] env= 50298880 rsucc=0.950 n_rounds= 4020 ret=+17.719 len=160.9 ent(t0,t>=1)=(0.000,0.557) aL=-0.0010 vL=0.2716 t0=[none=0.00 m0=1.00 m1=0.00]
[u 1536] env= 50331648 rsucc=0.948 n_rounds= 4009 ret=+17.412 len=165.3 ent(t0,t>=1)=(0.000,0.555) aL=-0.0022 vL=0.2557 t0=[none=0.00 m0=1.00 m1=0.00]
[u 1537] env= 50364416 rsucc=0.950 n_rounds= 4076 ret=+17.555 len=162.0 ent(t0,t>=1)=(0.000,0.548) aL=-0.0019 vL=0.2546 t0=[none=0.00 m0=1.00 m1=0.00]
[u 1538] env= 50397184 rsucc=0.956 n_rounds= 4042 ret=+17.633 len=161.8 ent(t0,t>=1)=(0.000,0.527) aL=-0.0023 vL=0.2336 t0=[none=0.00 m0=1.00 m1=0.00]
[u 1539] env= 50429952 rsucc=0.953 n_rounds= 4064 ret=+17.666 len=161.5 ent(t0,t>=1)=(0.000,0.531) aL=-0.0012 vL=0.2617 t0=[none=0.00 m0=1.00 m1=0.00]
[u 1540] env= 50462720 rsucc=0.953 n_rounds= 4064 ret=+17.754 len=159.7 ent(t0,t>=1)=(0.000,0.527) aL=-0.0016 vL=0.2573 t0=[none=0.00 m0=1.00 m1=0.00]
[u 1541] env= 50495488 rsucc=0.958 n_rounds= 4040 ret=+17.600 len=162.6 ent(t0,t>=1)=(0.000,0.523) aL=-0.0019 vL=0.2306 t0=[none=0.00 m0=1.00 m1=0.00]
[u 1542] env= 50528256 rsucc=0.948 n_rounds= 4043 ret=+17.579 len=162.1 ent(t0,t>=1)=(0.000,0.532) aL=-0.0013 vL=0.2612 t0=[none=0.00 m0=1.00 m1=0.00]
[u 1543] env= 50561024 rsucc=0.952 n_rounds= 4068 ret=+17.594 len=162.5 ent(t0,t>=1)=(0.000,0.526) aL=-0.0022 vL=0.2475 t0=[none=0.00 m0=1.00 m1=0.00]
[u 1544] env= 50593792 rsucc=0.954 n_rounds= 4038 ret=+17.561 len=162.0 ent(t0,t>=1)=(0.000,0.537) aL=-0.0008 vL=0.2756 t0=[none=0.00 m0=1.00 m1=0.00]
[u 1545] env= 50626560 rsucc=0.948 n_rounds= 4041 ret=+17.696 len=160.8 ent(t0,t>=1)=(0.000,0.542) aL=-0.0016 vL=0.2337 t0=[none=0.00 m0=1.00 m1=0.00]
[u 1546] env= 50659328 rsucc=0.952 n_rounds= 4037 ret=+17.546 len=163.5 ent(t0,t>=1)=(0.000,0.536) aL=-0.0015 vL=0.2582 t0=[none=0.00 m0=1.00 m1=0.00]
[u 1547] env= 50692096 rsucc=0.950 n_rounds= 4046 ret=+17.547 len=162.2 ent(t0,t>=1)=(0.000,0.534) aL=-0.0015 vL=0.2312 t0=[none=0.00 m0=1.00 m1=0.00]
[u 1548] env= 50724864 rsucc=0.950 n_rounds= 4040 ret=+17.628 len=162.3 ent(t0,t>=1)=(0.000,0.537) aL=-0.0013 vL=0.2539 t0=[none=0.00 m0=1.00 m1=0.00]
[u 1549] env= 50757632 rsucc=0.954 n_rounds= 4038 ret=+17.546 len=161.3 ent(t0,t>=1)=(0.000,0.531) aL=-0.0020 vL=0.2415 t0=[none=0.00 m0=1.00 m1=0.00]
[u 1550] env= 50790400 rsucc=0.960 n_rounds= 4058 ret=+17.764 len=161.6 ent(t0,t>=1)=(0.000,0.511) aL=-0.0019 vL=0.2496 t0=[none=0.00 m0=1.00 m1=0.00]
[u 1551] env= 50823168 rsucc=0.952 n_rounds= 4101 ret=+17.587 len=162.2 ent(t0,t>=1)=(0.000,0.521) aL=-0.0018 vL=0.2662 t0=[none=0.00 m0=1.00 m1=0.00]
[u 1552] env= 50855936 rsucc=0.960 n_rounds= 4062 ret=+17.699 len=160.0 ent(t0,t>=1)=(0.000,0.518) aL=-0.0006 vL=0.2572 t0=[none=0.00 m0=1.00 m1=0.00]
[u 1553] env= 50888704 rsucc=0.959 n_rounds= 4076 ret=+17.903 len=160.3 ent(t0,t>=1)=(0.000,0.514) aL=-0.0020 vL=0.2543 t0=[none=0.00 m0=1.00 m1=0.00]
[u 1554] env= 50921472 rsucc=0.953 n_rounds= 4044 ret=+17.657 len=161.3 ent(t0,t>=1)=(0.000,0.524) aL=-0.0015 vL=0.2656 t0=[none=0.00 m0=1.00 m1=0.00]
[u 1555] env= 50954240 rsucc=0.951 n_rounds= 4080 ret=+17.572 len=162.3 ent(t0,t>=1)=(0.000,0.517) aL=-0.0013 vL=0.2613 t0=[none=0.00 m0=1.00 m1=0.00]
[u 1556] env= 50987008 rsucc=0.956 n_rounds= 4079 ret=+17.693 len=160.1 ent(t0,t>=1)=(0.000,0.524) aL=-0.0021 vL=0.2602 t0=[none=0.00 m0=1.00 m1=0.00]
[u 1557] env= 51019776 rsucc=0.949 n_rounds= 4023 ret=+17.611 len=162.5 ent(t0,t>=1)=(0.000,0.539) aL=-0.0017 vL=0.2305 t0=[none=0.00 m0=1.00 m1=0.00]
[u 1558] env= 51052544 rsucc=0.957 n_rounds= 4060 ret=+17.635 len=160.8 ent(t0,t>=1)=(0.000,0.533) aL=-0.0014 vL=0.2542 t0=[none=0.00 m0=1.00 m1=0.00]
[u 1559] env= 51085312 rsucc=0.952 n_rounds= 4061 ret=+17.668 len=161.5 ent(t0,t>=1)=(0.000,0.531) aL=-0.0003 vL=0.2504 t0=[none=0.00 m0=1.00 m1=0.00]
[u 1560] env= 51118080 rsucc=0.951 n_rounds= 4017 ret=+17.686 len=161.6 ent(t0,t>=1)=(0.000,0.523) aL=-0.0018 vL=0.2538 t0=[none=0.00 m0=1.00 m1=0.00]
[u 1561] env= 51150848 rsucc=0.953 n_rounds= 4052 ret=+17.560 len=163.6 ent(t0,t>=1)=(0.000,0.536) aL=-0.0014 vL=0.2372 t0=[none=0.00 m0=1.00 m1=0.00]
[u 1562] env= 51183616 rsucc=0.950 n_rounds= 4039 ret=+17.519 len=162.2 ent(t0,t>=1)=(0.000,0.539) aL=-0.0014 vL=0.2593 t0=[none=0.00 m0=1.00 m1=0.00]
[u 1563] env= 51216384 rsucc=0.953 n_rounds= 4071 ret=+17.644 len=162.0 ent(t0,t>=1)=(0.000,0.532) aL=-0.0005 vL=0.2511 t0=[none=0.00 m0=1.00 m1=0.00]
[u 1564] env= 51249152 rsucc=0.951 n_rounds= 4032 ret=+17.652 len=161.6 ent(t0,t>=1)=(0.000,0.531) aL=-0.0016 vL=0.2493 t0=[none=0.00 m0=1.00 m1=0.00]
[u 1565] env= 51281920 rsucc=0.950 n_rounds= 4046 ret=+17.568 len=161.7 ent(t0,t>=1)=(0.000,0.542) aL=-0.0015 vL=0.2547 t0=[none=0.00 m0=1.00 m1=0.00]
[u 1566] env= 51314688 rsucc=0.954 n_rounds= 4031 ret=+17.586 len=162.4 ent(t0,t>=1)=(0.000,0.534) aL=-0.0014 vL=0.2466 t0=[none=0.00 m0=1.00 m1=0.00]
[u 1567] env= 51347456 rsucc=0.954 n_rounds= 4064 ret=+17.684 len=162.3 ent(t0,t>=1)=(0.000,0.526) aL=-0.0012 vL=0.2672 t0=[none=0.00 m0=1.00 m1=0.00]
[u 1568] env= 51380224 rsucc=0.953 n_rounds= 4060 ret=+17.635 len=160.7 ent(t0,t>=1)=(0.000,0.533) aL=-0.0020 vL=0.2489 t0=[none=0.00 m0=1.00 m1=0.00]
[u 1569] env= 51412992 rsucc=0.955 n_rounds= 4073 ret=+17.672 len=161.6 ent(t0,t>=1)=(0.000,0.530) aL=-0.0015 vL=0.2567 t0=[none=0.00 m0=1.00 m1=0.00]
[u 1570] env= 51445760 rsucc=0.951 n_rounds= 4051 ret=+17.632 len=161.9 ent(t0,t>=1)=(0.000,0.532) aL=-0.0015 vL=0.2402 t0=[none=0.00 m0=1.00 m1=0.00]
[u 1571] env= 51478528 rsucc=0.950 n_rounds= 4055 ret=+17.586 len=161.4 ent(t0,t>=1)=(0.000,0.534) aL=-0.0015 vL=0.2448 t0=[none=0.00 m0=1.00 m1=0.00]
[u 1572] env= 51511296 rsucc=0.954 n_rounds= 4047 ret=+17.645 len=161.4 ent(t0,t>=1)=(0.000,0.536) aL=-0.0010 vL=0.2669 t0=[none=0.00 m0=1.00 m1=0.00]
[u 1573] env= 51544064 rsucc=0.958 n_rounds= 4058 ret=+17.545 len=163.0 ent(t0,t>=1)=(0.000,0.522) aL=-0.0013 vL=0.2498 t0=[none=0.00 m0=1.00 m1=0.00]
[u 1574] env= 51576832 rsucc=0.951 n_rounds= 4078 ret=+17.758 len=160.4 ent(t0,t>=1)=(0.000,0.534) aL=-0.0014 vL=0.2409 t0=[none=0.00 m0=1.00 m1=0.00]
[u 1575] env= 51609600 rsucc=0.952 n_rounds= 4044 ret=+17.582 len=161.3 ent(t0,t>=1)=(0.000,0.526) aL=-0.0014 vL=0.2457 t0=[none=0.00 m0=1.00 m1=0.00]
[u 1576] env= 51642368 rsucc=0.958 n_rounds= 4095 ret=+17.737 len=160.4 ent(t0,t>=1)=(0.000,0.530) aL=-0.0013 vL=0.2502 t0=[none=0.00 m0=1.00 m1=0.00]
[u 1577] env= 51675136 rsucc=0.955 n_rounds= 4070 ret=+17.636 len=162.0 ent(t0,t>=1)=(0.000,0.530) aL=-0.0013 vL=0.2329 t0=[none=0.00 m0=1.00 m1=0.00]
[u 1578] env= 51707904 rsucc=0.952 n_rounds= 4025 ret=+17.762 len=160.1 ent(t0,t>=1)=(0.000,0.533) aL=-0.0011 vL=0.2697 t0=[none=0.00 m0=1.00 m1=0.00]
[u 1579] env= 51740672 rsucc=0.955 n_rounds= 4066 ret=+17.580 len=162.5 ent(t0,t>=1)=(0.000,0.527) aL=-0.0018 vL=0.2450 t0=[none=0.00 m0=1.00 m1=0.00]
[u 1580] env= 51773440 rsucc=0.954 n_rounds= 4056 ret=+17.719 len=161.2 ent(t0,t>=1)=(0.000,0.537) aL=-0.0014 vL=0.2670 t0=[none=0.00 m0=1.00 m1=0.00]
[u 1581] env= 51806208 rsucc=0.958 n_rounds= 4061 ret=+17.682 len=161.8 ent(t0,t>=1)=(0.000,0.541) aL=-0.0013 vL=0.2569 t0=[none=0.00 m0=1.00 m1=0.00]
[u 1582] env= 51838976 rsucc=0.952 n_rounds= 4033 ret=+17.637 len=161.9 ent(t0,t>=1)=(0.000,0.547) aL=-0.0018 vL=0.2470 t0=[none=0.00 m0=1.00 m1=0.00]
[u 1583] env= 51871744 rsucc=0.954 n_rounds= 4080 ret=+17.585 len=162.1 ent(t0,t>=1)=(0.000,0.533) aL=-0.0012 vL=0.2463 t0=[none=0.00 m0=1.00 m1=0.00]
[u 1584] env= 51904512 rsucc=0.963 n_rounds= 4066 ret=+17.691 len=161.4 ent(t0,t>=1)=(0.000,0.524) aL=-0.0018 vL=0.2472 t0=[none=0.00 m0=1.00 m1=0.00]
[u 1585] env= 51937280 rsucc=0.951 n_rounds= 4020 ret=+17.781 len=161.7 ent(t0,t>=1)=(0.000,0.543) aL=-0.0011 vL=0.2614 t0=[none=0.00 m0=1.00 m1=0.00]
[u 1586] env= 51970048 rsucc=0.952 n_rounds= 4036 ret=+17.591 len=161.9 ent(t0,t>=1)=(0.000,0.542) aL=-0.0014 vL=0.2606 t0=[none=0.00 m0=1.00 m1=0.00]
[u 1587] env= 52002816 rsucc=0.954 n_rounds= 4076 ret=+17.714 len=161.2 ent(t0,t>=1)=(0.000,0.542) aL=-0.0013 vL=0.2687 t0=[none=0.00 m0=1.00 m1=0.00]
[u 1588] env= 52035584 rsucc=0.955 n_rounds= 4095 ret=+17.561 len=161.4 ent(t0,t>=1)=(0.000,0.543) aL=-0.0013 vL=0.2494 t0=[none=0.00 m0=1.00 m1=0.00]
[u 1589] env= 52068352 rsucc=0.951 n_rounds= 4028 ret=+17.718 len=160.8 ent(t0,t>=1)=(0.000,0.552) aL=-0.0017 vL=0.2696 t0=[none=0.00 m0=1.00 m1=0.00]
[u 1590] env= 52101120 rsucc=0.953 n_rounds= 4041 ret=+17.528 len=162.6 ent(t0,t>=1)=(0.000,0.558) aL=-0.0010 vL=0.2484 t0=[none=0.00 m0=1.00 m1=0.00]
[u 1591] env= 52133888 rsucc=0.955 n_rounds= 4078 ret=+17.653 len=162.3 ent(t0,t>=1)=(0.000,0.544) aL=-0.0009 vL=0.2651 t0=[none=0.00 m0=1.00 m1=0.00]
[u 1592] env= 52166656 rsucc=0.952 n_rounds= 4027 ret=+17.717 len=160.7 ent(t0,t>=1)=(0.000,0.546) aL=+0.0005 vL=0.2792 t0=[none=0.00 m0=1.00 m1=0.00]
[u 1593] env= 52199424 rsucc=0.947 n_rounds= 4054 ret=+17.523 len=162.8 ent(t0,t>=1)=(0.000,0.547) aL=-0.0015 vL=0.2502 t0=[none=0.00 m0=1.00 m1=0.00]
[u 1594] env= 52232192 rsucc=0.951 n_rounds= 4059 ret=+17.544 len=161.1 ent(t0,t>=1)=(0.000,0.539) aL=-0.0015 vL=0.2444 t0=[none=0.00 m0=1.00 m1=0.00]
[u 1595] env= 52264960 rsucc=0.955 n_rounds= 4069 ret=+17.692 len=160.9 ent(t0,t>=1)=(0.000,0.537) aL=-0.0011 vL=0.2470 t0=[none=0.00 m0=1.00 m1=0.00]
[u 1596] env= 52297728 rsucc=0.952 n_rounds= 4099 ret=+17.628 len=161.3 ent(t0,t>=1)=(0.000,0.547) aL=-0.0010 vL=0.2853 t0=[none=0.00 m0=1.00 m1=0.00]
[u 1597] env= 52330496 rsucc=0.957 n_rounds= 4064 ret=+17.619 len=161.9 ent(t0,t>=1)=(0.000,0.533) aL=-0.0014 vL=0.2544 t0=[none=0.00 m0=1.00 m1=0.00]
[u 1598] env= 52363264 rsucc=0.956 n_rounds= 4044 ret=+17.768 len=160.5 ent(t0,t>=1)=(0.000,0.537) aL=-0.0011 vL=0.2463 t0=[none=0.00 m0=1.00 m1=0.00]
[u 1599] env= 52396032 rsucc=0.950 n_rounds= 4027 ret=+17.645 len=161.0 ent(t0,t>=1)=(0.000,0.537) aL=-0.0014 vL=0.2464 t0=[none=0.00 m0=1.00 m1=0.00]
[u 1600] env= 52428800 rsucc=0.955 n_rounds= 4092 ret=+17.611 len=162.1 ent(t0,t>=1)=(0.000,0.526) aL=-0.0009 vL=0.2457 t0=[none=0.00 m0=1.00 m1=0.00]
[u 1601] env= 52461568 rsucc=0.953 n_rounds= 4082 ret=+17.620 len=160.3 ent(t0,t>=1)=(0.000,0.521) aL=-0.0016 vL=0.2516 t0=[none=0.00 m0=1.00 m1=0.00]
[u 1602] env= 52494336 rsucc=0.956 n_rounds= 4049 ret=+17.694 len=160.5 ent(t0,t>=1)=(0.000,0.532) aL=-0.0014 vL=0.2508 t0=[none=0.00 m0=1.00 m1=0.00]
[u 1603] env= 52527104 rsucc=0.954 n_rounds= 4092 ret=+17.625 len=162.5 ent(t0,t>=1)=(0.000,0.521) aL=-0.0014 vL=0.2598 t0=[none=0.00 m0=1.00 m1=0.00]
[u 1604] env= 52559872 rsucc=0.958 n_rounds= 4087 ret=+17.748 len=159.4 ent(t0,t>=1)=(0.000,0.516) aL=-0.0015 vL=0.2546 t0=[none=0.00 m0=1.00 m1=0.00]
[u 1605] env= 52592640 rsucc=0.950 n_rounds= 4062 ret=+17.636 len=161.2 ent(t0,t>=1)=(0.000,0.523) aL=-0.0015 vL=0.2530 t0=[none=0.00 m0=1.00 m1=0.00]
[u 1606] env= 52625408 rsucc=0.950 n_rounds= 4060 ret=+17.559 len=162.1 ent(t0,t>=1)=(0.000,0.521) aL=-0.0013 vL=0.2428 t0=[none=0.00 m0=1.00 m1=0.00]
[u 1607] env= 52658176 rsucc=0.954 n_rounds= 4037 ret=+17.632 len=161.6 ent(t0,t>=1)=(0.000,0.521) aL=-0.0011 vL=0.2576 t0=[none=0.00 m0=1.00 m1=0.00]
[u 1608] env= 52690944 rsucc=0.944 n_rounds= 4072 ret=+17.631 len=161.2 ent(t0,t>=1)=(0.000,0.529) aL=-0.0010 vL=0.2735 t0=[none=0.00 m0=1.00 m1=0.00]
[u 1609] env= 52723712 rsucc=0.954 n_rounds= 4072 ret=+17.497 len=161.3 ent(t0,t>=1)=(0.000,0.524) aL=-0.0013 vL=0.2521 t0=[none=0.00 m0=1.00 m1=0.00]
[u 1610] env= 52756480 rsucc=0.952 n_rounds= 4079 ret=+17.664 len=160.8 ent(t0,t>=1)=(0.000,0.523) aL=-0.0016 vL=0.2528 t0=[none=0.00 m0=1.00 m1=0.00]
[u 1611] env= 52789248 rsucc=0.957 n_rounds= 4070 ret=+17.689 len=160.8 ent(t0,t>=1)=(0.000,0.512) aL=-0.0004 vL=0.2868 t0=[none=0.00 m0=1.00 m1=0.00]
[u 1612] env= 52822016 rsucc=0.955 n_rounds= 4058 ret=+17.637 len=161.6 ent(t0,t>=1)=(0.000,0.522) aL=-0.0011 vL=0.2727 t0=[none=0.00 m0=1.00 m1=0.00]
[u 1613] env= 52854784 rsucc=0.951 n_rounds= 4076 ret=+17.684 len=160.7 ent(t0,t>=1)=(0.000,0.533) aL=-0.0018 vL=0.2534 t0=[none=0.00 m0=1.00 m1=0.00]
[u 1614] env= 52887552 rsucc=0.952 n_rounds= 4101 ret=+17.607 len=160.8 ent(t0,t>=1)=(0.000,0.532) aL=-0.0006 vL=0.2869 t0=[none=0.00 m0=1.00 m1=0.00]
[u 1615] env= 52920320 rsucc=0.950 n_rounds= 4061 ret=+17.631 len=160.4 ent(t0,t>=1)=(0.000,0.527) aL=-0.0008 vL=0.2629 t0=[none=0.00 m0=1.00 m1=0.00]
[u 1616] env= 52953088 rsucc=0.954 n_rounds= 4060 ret=+17.699 len=160.2 ent(t0,t>=1)=(0.000,0.528) aL=-0.0012 vL=0.2570 t0=[none=0.00 m0=1.00 m1=0.00]
[u 1617] env= 52985856 rsucc=0.959 n_rounds= 4101 ret=+17.661 len=161.4 ent(t0,t>=1)=(0.000,0.514) aL=-0.0016 vL=0.2654 t0=[none=0.00 m0=1.00 m1=0.00]
[u 1618] env= 53018624 rsucc=0.955 n_rounds= 4031 ret=+17.572 len=161.3 ent(t0,t>=1)=(0.000,0.524) aL=-0.0012 vL=0.2696 t0=[none=0.00 m0=1.00 m1=0.00]
[u 1619] env= 53051392 rsucc=0.954 n_rounds= 4065 ret=+17.717 len=161.9 ent(t0,t>=1)=(0.000,0.515) aL=-0.0015 vL=0.2711 t0=[none=0.00 m0=1.00 m1=0.00]
[u 1620] env= 53084160 rsucc=0.957 n_rounds= 4056 ret=+17.769 len=160.5 ent(t0,t>=1)=(0.000,0.520) aL=-0.0004 vL=0.2504 t0=[none=0.00 m0=1.00 m1=0.00]
[u 1621] env= 53116928 rsucc=0.960 n_rounds= 4096 ret=+17.667 len=162.1 ent(t0,t>=1)=(0.000,0.508) aL=-0.0013 vL=0.2677 t0=[none=0.00 m0=1.00 m1=0.00]
[u 1622] env= 53149696 rsucc=0.957 n_rounds= 4076 ret=+17.821 len=159.9 ent(t0,t>=1)=(0.000,0.516) aL=-0.0007 vL=0.2747 t0=[none=0.00 m0=1.00 m1=0.00]
[u 1623] env= 53182464 rsucc=0.959 n_rounds= 4065 ret=+17.743 len=161.1 ent(t0,t>=1)=(0.000,0.532) aL=-0.0006 vL=0.2490 t0=[none=0.00 m0=1.00 m1=0.00]
[u 1624] env= 53215232 rsucc=0.949 n_rounds= 4016 ret=+17.669 len=162.2 ent(t0,t>=1)=(0.000,0.540) aL=-0.0013 vL=0.2756 t0=[none=0.00 m0=1.00 m1=0.00]
[u 1625] env= 53248000 rsucc=0.953 n_rounds= 4051 ret=+17.533 len=162.7 ent(t0,t>=1)=(0.000,0.530) aL=-0.0007 vL=0.2575 t0=[none=0.00 m0=1.00 m1=0.00]
[u 1626] env= 53280768 rsucc=0.951 n_rounds= 4027 ret=+17.657 len=161.3 ent(t0,t>=1)=(0.000,0.530) aL=-0.0009 vL=0.2925 t0=[none=0.00 m0=1.00 m1=0.00]
[u 1627] env= 53313536 rsucc=0.950 n_rounds= 4016 ret=+17.473 len=163.8 ent(t0,t>=1)=(0.000,0.537) aL=-0.0010 vL=0.2671 t0=[none=0.00 m0=1.00 m1=0.00]
[u 1628] env= 53346304 rsucc=0.956 n_rounds= 4075 ret=+17.742 len=161.0 ent(t0,t>=1)=(0.000,0.526) aL=-0.0014 vL=0.2457 t0=[none=0.00 m0=1.00 m1=0.00]
[u 1629] env= 53379072 rsucc=0.950 n_rounds= 4042 ret=+17.613 len=161.7 ent(t0,t>=1)=(0.000,0.530) aL=-0.0015 vL=0.2488 t0=[none=0.00 m0=1.00 m1=0.00]
[u 1630] env= 53411840 rsucc=0.955 n_rounds= 4045 ret=+17.539 len=163.0 ent(t0,t>=1)=(0.000,0.528) aL=-0.0015 vL=0.2407 t0=[none=0.00 m0=1.00 m1=0.00]
[u 1631] env= 53444608 rsucc=0.954 n_rounds= 4110 ret=+17.734 len=160.5 ent(t0,t>=1)=(0.000,0.527) aL=-0.0011 vL=0.2668 t0=[none=0.00 m0=1.00 m1=0.00]
[u 1632] env= 53477376 rsucc=0.948 n_rounds= 4020 ret=+17.634 len=160.8 ent(t0,t>=1)=(0.000,0.535) aL=-0.0015 vL=0.2539 t0=[none=0.00 m0=1.00 m1=0.00]
[u 1633] env= 53510144 rsucc=0.948 n_rounds= 4073 ret=+17.536 len=161.9 ent(t0,t>=1)=(0.000,0.534) aL=-0.0011 vL=0.2693 t0=[none=0.00 m0=1.00 m1=0.00]
[u 1634] env= 53542912 rsucc=0.959 n_rounds= 4106 ret=+17.635 len=159.6 ent(t0,t>=1)=(0.000,0.520) aL=-0.0014 vL=0.2324 t0=[none=0.00 m0=1.00 m1=0.00]
[u 1635] env= 53575680 rsucc=0.946 n_rounds= 4018 ret=+17.641 len=161.9 ent(t0,t>=1)=(0.000,0.539) aL=-0.0007 vL=0.2728 t0=[none=0.00 m0=1.00 m1=0.00]
[u 1636] env= 53608448 rsucc=0.952 n_rounds= 4090 ret=+17.513 len=162.2 ent(t0,t>=1)=(0.000,0.525) aL=-0.0014 vL=0.2460 t0=[none=0.00 m0=1.00 m1=0.00]
[u 1637] env= 53641216 rsucc=0.954 n_rounds= 4044 ret=+17.670 len=161.2 ent(t0,t>=1)=(0.000,0.527) aL=-0.0013 vL=0.2693 t0=[none=0.00 m0=1.00 m1=0.00]
[u 1638] env= 53673984 rsucc=0.952 n_rounds= 4119 ret=+17.669 len=159.4 ent(t0,t>=1)=(0.000,0.526) aL=-0.0010 vL=0.2602 t0=[none=0.00 m0=1.00 m1=0.00]
[u 1639] env= 53706752 rsucc=0.950 n_rounds= 4048 ret=+17.610 len=161.2 ent(t0,t>=1)=(0.000,0.529) aL=-0.0010 vL=0.2553 t0=[none=0.00 m0=1.00 m1=0.00]
[u 1640] env= 53739520 rsucc=0.953 n_rounds= 4097 ret=+17.585 len=161.5 ent(t0,t>=1)=(0.000,0.515) aL=-0.0015 vL=0.2572 t0=[none=0.00 m0=1.00 m1=0.00]
[u 1641] env= 53772288 rsucc=0.951 n_rounds= 4022 ret=+17.661 len=160.8 ent(t0,t>=1)=(0.000,0.521) aL=-0.0015 vL=0.2481 t0=[none=0.00 m0=1.00 m1=0.00]
[u 1642] env= 53805056 rsucc=0.951 n_rounds= 4046 ret=+17.541 len=162.5 ent(t0,t>=1)=(0.000,0.539) aL=-0.0003 vL=0.2459 t0=[none=0.00 m0=1.00 m1=0.00]
[u 1643] env= 53837824 rsucc=0.949 n_rounds= 4055 ret=+17.551 len=162.3 ent(t0,t>=1)=(0.000,0.540) aL=-0.0005 vL=0.2471 t0=[none=0.00 m0=1.00 m1=0.00]
[u 1644] env= 53870592 rsucc=0.950 n_rounds= 4089 ret=+17.544 len=161.7 ent(t0,t>=1)=(0.000,0.529) aL=-0.0015 vL=0.2444 t0=[none=0.00 m0=1.00 m1=0.00]
[u 1645] env= 53903360 rsucc=0.957 n_rounds= 4062 ret=+17.693 len=159.7 ent(t0,t>=1)=(0.000,0.530) aL=-0.0013 vL=0.2611 t0=[none=0.00 m0=1.00 m1=0.00]
[u 1646] env= 53936128 rsucc=0.957 n_rounds= 4088 ret=+17.674 len=161.0 ent(t0,t>=1)=(0.000,0.535) aL=-0.0013 vL=0.2370 t0=[none=0.00 m0=1.00 m1=0.00]
[u 1647] env= 53968896 rsucc=0.959 n_rounds= 4050 ret=+17.801 len=160.9 ent(t0,t>=1)=(0.000,0.531) aL=-0.0006 vL=0.2894 t0=[none=0.00 m0=1.00 m1=0.00]
[u 1648] env= 54001664 rsucc=0.954 n_rounds= 4034 ret=+17.638 len=162.2 ent(t0,t>=1)=(0.000,0.542) aL=-0.0013 vL=0.2420 t0=[none=0.00 m0=1.00 m1=0.00]
[u 1649] env= 54034432 rsucc=0.952 n_rounds= 4074 ret=+17.678 len=161.6 ent(t0,t>=1)=(0.000,0.536) aL=-0.0010 vL=0.2603 t0=[none=0.00 m0=1.00 m1=0.00]
[u 1650] env= 54067200 rsucc=0.958 n_rounds= 4067 ret=+17.652 len=161.1 ent(t0,t>=1)=(0.000,0.537) aL=-0.0013 vL=0.2669 t0=[none=0.00 m0=1.00 m1=0.00]
[u 1651] env= 54099968 rsucc=0.955 n_rounds= 4037 ret=+17.770 len=161.6 ent(t0,t>=1)=(0.000,0.532) aL=-0.0011 vL=0.2525 t0=[none=0.00 m0=1.00 m1=0.00]
[u 1652] env= 54132736 rsucc=0.954 n_rounds= 4059 ret=+17.716 len=161.8 ent(t0,t>=1)=(0.000,0.534) aL=-0.0017 vL=0.2368 t0=[none=0.00 m0=1.00 m1=0.00]
[u 1653] env= 54165504 rsucc=0.957 n_rounds= 4055 ret=+17.590 len=161.5 ent(t0,t>=1)=(0.000,0.531) aL=-0.0010 vL=0.2480 t0=[none=0.00 m0=1.00 m1=0.00]
[u 1654] env= 54198272 rsucc=0.949 n_rounds= 4044 ret=+17.669 len=161.7 ent(t0,t>=1)=(0.000,0.544) aL=-0.0012 vL=0.2467 t0=[none=0.00 m0=1.00 m1=0.00]
[u 1655] env= 54231040 rsucc=0.953 n_rounds= 4071 ret=+17.577 len=161.8 ent(t0,t>=1)=(0.000,0.531) aL=-0.0016 vL=0.2520 t0=[none=0.00 m0=1.00 m1=0.00]
[u 1656] env= 54263808 rsucc=0.945 n_rounds= 4024 ret=+17.575 len=161.0 ent(t0,t>=1)=(0.000,0.543) aL=-0.0013 vL=0.2539 t0=[none=0.00 m0=1.00 m1=0.00]
[u 1657] env= 54296576 rsucc=0.956 n_rounds= 4110 ret=+17.504 len=163.2 ent(t0,t>=1)=(0.000,0.531) aL=-0.0010 vL=0.2552 t0=[none=0.00 m0=1.00 m1=0.00]
[u 1658] env= 54329344 rsucc=0.955 n_rounds= 4093 ret=+17.759 len=159.5 ent(t0,t>=1)=(0.000,0.518) aL=-0.0014 vL=0.2550 t0=[none=0.00 m0=1.00 m1=0.00]
[u 1659] env= 54362112 rsucc=0.955 n_rounds= 4076 ret=+17.649 len=159.8 ent(t0,t>=1)=(0.000,0.527) aL=-0.0008 vL=0.2455 t0=[none=0.00 m0=1.00 m1=0.00]
[u 1660] env= 54394880 rsucc=0.957 n_rounds= 4091 ret=+17.712 len=160.7 ent(t0,t>=1)=(0.000,0.526) aL=-0.0009 vL=0.2526 t0=[none=0.00 m0=1.00 m1=0.00]
[u 1661] env= 54427648 rsucc=0.957 n_rounds= 4074 ret=+17.740 len=159.7 ent(t0,t>=1)=(0.000,0.523) aL=-0.0009 vL=0.2505 t0=[none=0.00 m0=1.00 m1=0.00]
[u 1662] env= 54460416 rsucc=0.950 n_rounds= 4093 ret=+17.634 len=161.0 ent(t0,t>=1)=(0.000,0.535) aL=-0.0011 vL=0.2515 t0=[none=0.00 m0=1.00 m1=0.00]
[u 1663] env= 54493184 rsucc=0.951 n_rounds= 4059 ret=+17.618 len=160.5 ent(t0,t>=1)=(0.000,0.525) aL=-0.0009 vL=0.2657 t0=[none=0.00 m0=1.00 m1=0.00]
[u 1664] env= 54525952 rsucc=0.958 n_rounds= 4043 ret=+17.638 len=161.5 ent(t0,t>=1)=(0.000,0.513) aL=-0.0013 vL=0.2266 t0=[none=0.00 m0=1.00 m1=0.00]
[u 1665] env= 54558720 rsucc=0.956 n_rounds= 4074 ret=+17.715 len=162.3 ent(t0,t>=1)=(0.000,0.516) aL=-0.0010 vL=0.2602 t0=[none=0.00 m0=1.00 m1=0.00]
[u 1666] env= 54591488 rsucc=0.958 n_rounds= 4089 ret=+17.741 len=159.2 ent(t0,t>=1)=(0.000,0.510) aL=-0.0009 vL=0.2740 t0=[none=0.00 m0=1.00 m1=0.00]
[u 1667] env= 54624256 rsucc=0.955 n_rounds= 4074 ret=+17.770 len=161.2 ent(t0,t>=1)=(0.000,0.515) aL=-0.0012 vL=0.2520 t0=[none=0.00 m0=1.00 m1=0.00]
[u 1668] env= 54657024 rsucc=0.951 n_rounds= 4057 ret=+17.529 len=161.7 ent(t0,t>=1)=(0.000,0.529) aL=-0.0010 vL=0.2542 t0=[none=0.00 m0=1.00 m1=0.00]
[u 1669] env= 54689792 rsucc=0.956 n_rounds= 4088 ret=+17.710 len=160.7 ent(t0,t>=1)=(0.000,0.522) aL=-0.0011 vL=0.2336 t0=[none=0.00 m0=1.00 m1=0.00]
[u 1670] env= 54722560 rsucc=0.952 n_rounds= 4062 ret=+17.620 len=160.9 ent(t0,t>=1)=(0.000,0.522) aL=-0.0009 vL=0.2518 t0=[none=0.00 m0=1.00 m1=0.00]
[u 1671] env= 54755328 rsucc=0.954 n_rounds= 4038 ret=+17.600 len=162.5 ent(t0,t>=1)=(0.000,0.527) aL=-0.0009 vL=0.2539 t0=[none=0.00 m0=1.00 m1=0.00]
[u 1672] env= 54788096 rsucc=0.950 n_rounds= 4084 ret=+17.659 len=160.5 ent(t0,t>=1)=(0.000,0.529) aL=-0.0009 vL=0.2525 t0=[none=0.00 m0=1.00 m1=0.00]
[u 1673] env= 54820864 rsucc=0.956 n_rounds= 4048 ret=+17.623 len=161.4 ent(t0,t>=1)=(0.000,0.528) aL=-0.0014 vL=0.2476 t0=[none=0.00 m0=1.00 m1=0.00]
[u 1674] env= 54853632 rsucc=0.952 n_rounds= 4060 ret=+17.758 len=160.4 ent(t0,t>=1)=(0.000,0.522) aL=-0.0012 vL=0.2387 t0=[none=0.00 m0=1.00 m1=0.00]
[u 1675] env= 54886400 rsucc=0.958 n_rounds= 4073 ret=+17.626 len=162.0 ent(t0,t>=1)=(0.000,0.522) aL=-0.0012 vL=0.2412 t0=[none=0.00 m0=1.00 m1=0.00]
[u 1676] env= 54919168 rsucc=0.954 n_rounds= 4054 ret=+17.629 len=161.5 ent(t0,t>=1)=(0.000,0.538) aL=-0.0010 vL=0.2468 t0=[none=0.00 m0=1.00 m1=0.00]
[u 1677] env= 54951936 rsucc=0.950 n_rounds= 4058 ret=+17.736 len=161.2 ent(t0,t>=1)=(0.000,0.536) aL=-0.0006 vL=0.2587 t0=[none=0.00 m0=1.00 m1=0.00]
[u 1678] env= 54984704 rsucc=0.950 n_rounds= 4071 ret=+17.510 len=161.7 ent(t0,t>=1)=(0.000,0.547) aL=-0.0012 vL=0.2458 t0=[none=0.00 m0=1.00 m1=0.00]
[u 1679] env= 55017472 rsucc=0.958 n_rounds= 4060 ret=+17.670 len=161.7 ent(t0,t>=1)=(0.000,0.533) aL=-0.0009 vL=0.2497 t0=[none=0.00 m0=1.00 m1=0.00]
[u 1680] env= 55050240 rsucc=0.958 n_rounds= 4067 ret=+17.704 len=160.9 ent(t0,t>=1)=(0.000,0.516) aL=-0.0005 vL=0.2534 t0=[none=0.00 m0=1.00 m1=0.00]
[u 1681] env= 55083008 rsucc=0.948 n_rounds= 4065 ret=+17.737 len=160.4 ent(t0,t>=1)=(0.000,0.524) aL=-0.0011 vL=0.2451 t0=[none=0.00 m0=1.00 m1=0.00]
[u 1682] env= 55115776 rsucc=0.958 n_rounds= 4089 ret=+17.550 len=162.0 ent(t0,t>=1)=(0.000,0.506) aL=-0.0011 vL=0.2303 t0=[none=0.00 m0=1.00 m1=0.00]
[u 1683] env= 55148544 rsucc=0.954 n_rounds= 4065 ret=+17.815 len=159.3 ent(t0,t>=1)=(0.000,0.524) aL=-0.0007 vL=0.2700 t0=[none=0.00 m0=1.00 m1=0.00]
[u 1684] env= 55181312 rsucc=0.952 n_rounds= 4067 ret=+17.527 len=162.3 ent(t0,t>=1)=(0.000,0.519) aL=-0.0011 vL=0.2352 t0=[none=0.00 m0=1.00 m1=0.00]
[u 1685] env= 55214080 rsucc=0.953 n_rounds= 4076 ret=+17.696 len=160.9 ent(t0,t>=1)=(0.000,0.526) aL=-0.0002 vL=0.2608 t0=[none=0.00 m0=1.00 m1=0.00]
[u 1686] env= 55246848 rsucc=0.950 n_rounds= 4056 ret=+17.669 len=159.7 ent(t0,t>=1)=(0.000,0.526) aL=-0.0011 vL=0.2587 t0=[none=0.00 m0=1.00 m1=0.00]
[u 1687] env= 55279616 rsucc=0.954 n_rounds= 4035 ret=+17.580 len=163.0 ent(t0,t>=1)=(0.000,0.525) aL=-0.0006 vL=0.2516 t0=[none=0.00 m0=1.00 m1=0.00]
[u 1688] env= 55312384 rsucc=0.949 n_rounds= 4045 ret=+17.616 len=161.5 ent(t0,t>=1)=(0.000,0.514) aL=-0.0012 vL=0.2355 t0=[none=0.00 m0=1.00 m1=0.00]
[u 1689] env= 55345152 rsucc=0.943 n_rounds= 4036 ret=+17.524 len=162.6 ent(t0,t>=1)=(0.000,0.532) aL=-0.0009 vL=0.2610 t0=[none=0.00 m0=1.00 m1=0.00]
[u 1690] env= 55377920 rsucc=0.958 n_rounds= 4101 ret=+17.479 len=161.9 ent(t0,t>=1)=(0.000,0.514) aL=-0.0010 vL=0.2402 t0=[none=0.00 m0=1.00 m1=0.00]
[u 1691] env= 55410688 rsucc=0.956 n_rounds= 4103 ret=+17.700 len=159.5 ent(t0,t>=1)=(0.000,0.526) aL=+0.0009 vL=0.2858 t0=[none=0.00 m0=1.00 m1=0.00]
[u 1692] env= 55443456 rsucc=0.956 n_rounds= 4036 ret=+17.749 len=161.5 ent(t0,t>=1)=(0.000,0.519) aL=-0.0005 vL=0.2392 t0=[none=0.00 m0=1.00 m1=0.00]
[u 1693] env= 55476224 rsucc=0.949 n_rounds= 4034 ret=+17.702 len=161.4 ent(t0,t>=1)=(0.000,0.537) aL=-0.0004 vL=0.2738 t0=[none=0.00 m0=1.00 m1=0.00]
[u 1694] env= 55508992 rsucc=0.954 n_rounds= 4042 ret=+17.608 len=162.1 ent(t0,t>=1)=(0.000,0.529) aL=-0.0007 vL=0.2736 t0=[none=0.00 m0=1.00 m1=0.00]
[u 1695] env= 55541760 rsucc=0.952 n_rounds= 4054 ret=+17.567 len=162.3 ent(t0,t>=1)=(0.000,0.524) aL=-0.0011 vL=0.2478 t0=[none=0.00 m0=1.00 m1=0.00]
[u 1696] env= 55574528 rsucc=0.955 n_rounds= 4071 ret=+17.653 len=161.4 ent(t0,t>=1)=(0.000,0.520) aL=-0.0012 vL=0.2320 t0=[none=0.00 m0=1.00 m1=0.00]
[u 1697] env= 55607296 rsucc=0.952 n_rounds= 4088 ret=+17.644 len=160.9 ent(t0,t>=1)=(0.000,0.521) aL=-0.0011 vL=0.2480 t0=[none=0.00 m0=1.00 m1=0.00]
[u 1698] env= 55640064 rsucc=0.957 n_rounds= 4071 ret=+17.636 len=160.8 ent(t0,t>=1)=(0.000,0.516) aL=-0.0009 vL=0.2384 t0=[none=0.00 m0=1.00 m1=0.00]
[u 1699] env= 55672832 rsucc=0.956 n_rounds= 4076 ret=+17.697 len=161.5 ent(t0,t>=1)=(0.000,0.523) aL=-0.0006 vL=0.2357 t0=[none=0.00 m0=1.00 m1=0.00]
[u 1700] env= 55705600 rsucc=0.957 n_rounds= 4082 ret=+17.780 len=159.6 ent(t0,t>=1)=(0.000,0.508) aL=-0.0012 vL=0.2413 t0=[none=0.00 m0=1.00 m1=0.00]
[u 1701] env= 55738368 rsucc=0.953 n_rounds= 4044 ret=+17.599 len=162.6 ent(t0,t>=1)=(0.000,0.525) aL=-0.0004 vL=0.2718 t0=[none=0.00 m0=1.00 m1=0.00]
[u 1702] env= 55771136 rsucc=0.951 n_rounds= 4039 ret=+17.679 len=161.1 ent(t0,t>=1)=(0.000,0.528) aL=-0.0002 vL=0.2741 t0=[none=0.00 m0=1.00 m1=0.00]
[u 1703] env= 55803904 rsucc=0.953 n_rounds= 4049 ret=+17.660 len=161.7 ent(t0,t>=1)=(0.000,0.522) aL=-0.0010 vL=0.2578 t0=[none=0.00 m0=1.00 m1=0.00]
[u 1704] env= 55836672 rsucc=0.949 n_rounds= 4058 ret=+17.567 len=161.8 ent(t0,t>=1)=(0.000,0.538) aL=-0.0008 vL=0.2427 t0=[none=0.00 m0=1.00 m1=0.00]
[u 1705] env= 55869440 rsucc=0.957 n_rounds= 4079 ret=+17.607 len=161.7 ent(t0,t>=1)=(0.000,0.520) aL=-0.0008 vL=0.2503 t0=[none=0.00 m0=1.00 m1=0.00]
[u 1706] env= 55902208 rsucc=0.952 n_rounds= 4056 ret=+17.647 len=160.6 ent(t0,t>=1)=(0.000,0.523) aL=-0.0010 vL=0.2380 t0=[none=0.00 m0=1.00 m1=0.00]
[u 1707] env= 55934976 rsucc=0.958 n_rounds= 4059 ret=+17.624 len=162.7 ent(t0,t>=1)=(0.000,0.514) aL=-0.0008 vL=0.2614 t0=[none=0.00 m0=1.00 m1=0.00]
[u 1708] env= 55967744 rsucc=0.954 n_rounds= 4097 ret=+17.698 len=160.2 ent(t0,t>=1)=(0.000,0.525) aL=-0.0007 vL=0.2571 t0=[none=0.00 m0=1.00 m1=0.00]
[u 1709] env= 56000512 rsucc=0.953 n_rounds= 4075 ret=+17.723 len=160.1 ent(t0,t>=1)=(0.000,0.515) aL=-0.0000 vL=0.2733 t0=[none=0.00 m0=1.00 m1=0.00]
[u 1710] env= 56033280 rsucc=0.960 n_rounds= 4085 ret=+17.691 len=160.4 ent(t0,t>=1)=(0.000,0.514) aL=-0.0010 vL=0.2384 t0=[none=0.00 m0=1.00 m1=0.00]
[u 1711] env= 56066048 rsucc=0.957 n_rounds= 4081 ret=+17.732 len=160.6 ent(t0,t>=1)=(0.000,0.518) aL=-0.0008 vL=0.2407 t0=[none=0.00 m0=1.00 m1=0.00]
[u 1712] env= 56098816 rsucc=0.953 n_rounds= 4065 ret=+17.717 len=161.6 ent(t0,t>=1)=(0.000,0.531) aL=-0.0010 vL=0.2455 t0=[none=0.00 m0=1.00 m1=0.00]
[u 1713] env= 56131584 rsucc=0.954 n_rounds= 4043 ret=+17.655 len=160.5 ent(t0,t>=1)=(0.000,0.520) aL=-0.0005 vL=0.2481 t0=[none=0.00 m0=1.00 m1=0.00]
[u 1714] env= 56164352 rsucc=0.958 n_rounds= 4073 ret=+17.726 len=161.4 ent(t0,t>=1)=(0.000,0.525) aL=-0.0014 vL=0.2480 t0=[none=0.00 m0=1.00 m1=0.00]
[u 1715] env= 56197120 rsucc=0.953 n_rounds= 4069 ret=+17.658 len=161.7 ent(t0,t>=1)=(0.000,0.534) aL=-0.0008 vL=0.2466 t0=[none=0.00 m0=1.00 m1=0.00]
[u 1716] env= 56229888 rsucc=0.954 n_rounds= 4082 ret=+17.699 len=160.0 ent(t0,t>=1)=(0.000,0.526) aL=-0.0010 vL=0.2446 t0=[none=0.00 m0=1.00 m1=0.00]
[u 1717] env= 56262656 rsucc=0.955 n_rounds= 4050 ret=+17.579 len=162.1 ent(t0,t>=1)=(0.000,0.525) aL=-0.0007 vL=0.2572 t0=[none=0.00 m0=1.00 m1=0.00]
[u 1718] env= 56295424 rsucc=0.950 n_rounds= 4005 ret=+17.673 len=162.4 ent(t0,t>=1)=(0.000,0.540) aL=-0.0009 vL=0.2468 t0=[none=0.00 m0=1.00 m1=0.00]
[u 1719] env= 56328192 rsucc=0.952 n_rounds= 4041 ret=+17.557 len=162.3 ent(t0,t>=1)=(0.000,0.524) aL=-0.0009 vL=0.2450 t0=[none=0.00 m0=1.00 m1=0.00]
[u 1720] env= 56360960 rsucc=0.954 n_rounds= 4040 ret=+17.778 len=161.2 ent(t0,t>=1)=(0.000,0.539) aL=-0.0005 vL=0.2396 t0=[none=0.00 m0=1.00 m1=0.00]
[u 1721] env= 56393728 rsucc=0.953 n_rounds= 4064 ret=+17.486 len=162.7 ent(t0,t>=1)=(0.000,0.528) aL=-0.0008 vL=0.2384 t0=[none=0.00 m0=1.00 m1=0.00]
[u 1722] env= 56426496 rsucc=0.958 n_rounds= 4088 ret=+17.638 len=161.8 ent(t0,t>=1)=(0.000,0.516) aL=-0.0009 vL=0.2543 t0=[none=0.00 m0=1.00 m1=0.00]
[u 1723] env= 56459264 rsucc=0.954 n_rounds= 4058 ret=+17.745 len=159.5 ent(t0,t>=1)=(0.000,0.520) aL=-0.0006 vL=0.2441 t0=[none=0.00 m0=1.00 m1=0.00]
[u 1724] env= 56492032 rsucc=0.954 n_rounds= 4098 ret=+17.661 len=161.1 ent(t0,t>=1)=(0.000,0.530) aL=-0.0007 vL=0.2629 t0=[none=0.00 m0=1.00 m1=0.00]
[u 1725] env= 56524800 rsucc=0.954 n_rounds= 4076 ret=+17.706 len=161.3 ent(t0,t>=1)=(0.000,0.524) aL=-0.0004 vL=0.2365 t0=[none=0.00 m0=1.00 m1=0.00]
[u 1726] env= 56557568 rsucc=0.955 n_rounds= 4053 ret=+17.655 len=160.6 ent(t0,t>=1)=(0.000,0.522) aL=-0.0007 vL=0.2334 t0=[none=0.00 m0=1.00 m1=0.00]
[u 1727] env= 56590336 rsucc=0.960 n_rounds= 4107 ret=+17.713 len=161.4 ent(t0,t>=1)=(0.000,0.516) aL=-0.0008 vL=0.2678 t0=[none=0.00 m0=1.00 m1=0.00]
[u 1728] env= 56623104 rsucc=0.954 n_rounds= 4077 ret=+17.721 len=160.2 ent(t0,t>=1)=(0.000,0.525) aL=-0.0007 vL=0.2409 t0=[none=0.00 m0=1.00 m1=0.00]
[u 1729] env= 56655872 rsucc=0.951 n_rounds= 4035 ret=+17.691 len=161.3 ent(t0,t>=1)=(0.000,0.528) aL=-0.0008 vL=0.2519 t0=[none=0.00 m0=1.00 m1=0.00]
[u 1730] env= 56688640 rsucc=0.951 n_rounds= 4049 ret=+17.606 len=161.4 ent(t0,t>=1)=(0.000,0.531) aL=-0.0007 vL=0.2364 t0=[none=0.00 m0=1.00 m1=0.00]
[u 1731] env= 56721408 rsucc=0.952 n_rounds= 4058 ret=+17.537 len=161.9 ent(t0,t>=1)=(0.000,0.527) aL=-0.0003 vL=0.2885 t0=[none=0.00 m0=1.00 m1=0.00]
[u 1732] env= 56754176 rsucc=0.955 n_rounds= 4074 ret=+17.725 len=160.2 ent(t0,t>=1)=(0.000,0.521) aL=-0.0008 vL=0.2305 t0=[none=0.00 m0=1.00 m1=0.00]
[u 1733] env= 56786944 rsucc=0.949 n_rounds= 4047 ret=+17.568 len=162.2 ent(t0,t>=1)=(0.000,0.537) aL=-0.0008 vL=0.2503 t0=[none=0.00 m0=1.00 m1=0.00]
[u 1734] env= 56819712 rsucc=0.952 n_rounds= 4030 ret=+17.572 len=162.3 ent(t0,t>=1)=(0.000,0.532) aL=-0.0007 vL=0.2395 t0=[none=0.00 m0=1.00 m1=0.00]
[u 1735] env= 56852480 rsucc=0.953 n_rounds= 4059 ret=+17.581 len=162.0 ent(t0,t>=1)=(0.000,0.527) aL=-0.0006 vL=0.2667 t0=[none=0.00 m0=1.00 m1=0.00]
[u 1736] env= 56885248 rsucc=0.954 n_rounds= 4042 ret=+17.675 len=161.9 ent(t0,t>=1)=(0.000,0.529) aL=-0.0007 vL=0.2540 t0=[none=0.00 m0=1.00 m1=0.00]
[u 1737] env= 56918016 rsucc=0.953 n_rounds= 4056 ret=+17.693 len=162.1 ent(t0,t>=1)=(0.000,0.532) aL=-0.0002 vL=0.2786 t0=[none=0.00 m0=1.00 m1=0.00]
[u 1738] env= 56950784 rsucc=0.949 n_rounds= 4054 ret=+17.605 len=160.9 ent(t0,t>=1)=(0.000,0.531) aL=-0.0010 vL=0.2520 t0=[none=0.00 m0=1.00 m1=0.00]
[u 1739] env= 56983552 rsucc=0.953 n_rounds= 4033 ret=+17.543 len=162.1 ent(t0,t>=1)=(0.000,0.514) aL=-0.0008 vL=0.2449 t0=[none=0.00 m0=1.00 m1=0.00]
[u 1740] env= 57016320 rsucc=0.953 n_rounds= 4092 ret=+17.618 len=162.0 ent(t0,t>=1)=(0.000,0.532) aL=-0.0012 vL=0.2481 t0=[none=0.00 m0=1.00 m1=0.00]
[u 1741] env= 57049088 rsucc=0.952 n_rounds= 4110 ret=+17.681 len=159.2 ent(t0,t>=1)=(0.000,0.528) aL=-0.0008 vL=0.2522 t0=[none=0.00 m0=1.00 m1=0.00]
[u 1742] env= 57081856 rsucc=0.954 n_rounds= 4057 ret=+17.613 len=160.8 ent(t0,t>=1)=(0.000,0.514) aL=-0.0008 vL=0.2280 t0=[none=0.00 m0=1.00 m1=0.00]
[u 1743] env= 57114624 rsucc=0.953 n_rounds= 4057 ret=+17.654 len=161.2 ent(t0,t>=1)=(0.000,0.524) aL=-0.0005 vL=0.2482 t0=[none=0.00 m0=1.00 m1=0.00]
[u 1744] env= 57147392 rsucc=0.955 n_rounds= 4094 ret=+17.590 len=161.9 ent(t0,t>=1)=(0.000,0.512) aL=-0.0010 vL=0.2414 t0=[none=0.00 m0=1.00 m1=0.00]
[u 1745] env= 57180160 rsucc=0.955 n_rounds= 4054 ret=+17.686 len=160.8 ent(t0,t>=1)=(0.000,0.515) aL=-0.0004 vL=0.2774 t0=[none=0.00 m0=1.00 m1=0.00]
[u 1746] env= 57212928 rsucc=0.953 n_rounds= 4064 ret=+17.677 len=161.3 ent(t0,t>=1)=(0.000,0.519) aL=+0.0001 vL=0.2517 t0=[none=0.00 m0=1.00 m1=0.00]
[u 1747] env= 57245696 rsucc=0.952 n_rounds= 4038 ret=+17.641 len=162.0 ent(t0,t>=1)=(0.000,0.522) aL=-0.0008 vL=0.2475 t0=[none=0.00 m0=1.00 m1=0.00]
[u 1748] env= 57278464 rsucc=0.960 n_rounds= 4099 ret=+17.731 len=160.5 ent(t0,t>=1)=(0.000,0.512) aL=-0.0008 vL=0.2561 t0=[none=0.00 m0=1.00 m1=0.00]
[u 1749] env= 57311232 rsucc=0.959 n_rounds= 4099 ret=+17.764 len=160.0 ent(t0,t>=1)=(0.000,0.511) aL=-0.0009 vL=0.2452 t0=[none=0.00 m0=1.00 m1=0.00]
[u 1750] env= 57344000 rsucc=0.954 n_rounds= 4075 ret=+17.707 len=160.7 ent(t0,t>=1)=(0.000,0.509) aL=-0.0008 vL=0.2470 t0=[none=0.00 m0=1.00 m1=0.00]
[u 1751] env= 57376768 rsucc=0.957 n_rounds= 4100 ret=+17.680 len=160.1 ent(t0,t>=1)=(0.000,0.510) aL=-0.0005 vL=0.2743 t0=[none=0.00 m0=1.00 m1=0.00]
[u 1752] env= 57409536 rsucc=0.958 n_rounds= 4121 ret=+17.742 len=159.2 ent(t0,t>=1)=(0.000,0.504) aL=-0.0008 vL=0.2426 t0=[none=0.00 m0=1.00 m1=0.00]
[u 1753] env= 57442304 rsucc=0.953 n_rounds= 4048 ret=+17.694 len=160.4 ent(t0,t>=1)=(0.000,0.518) aL=-0.0008 vL=0.2614 t0=[none=0.00 m0=1.00 m1=0.00]
[u 1754] env= 57475072 rsucc=0.951 n_rounds= 4084 ret=+17.678 len=160.4 ent(t0,t>=1)=(0.000,0.518) aL=-0.0009 vL=0.2373 t0=[none=0.00 m0=1.00 m1=0.00]
[u 1755] env= 57507840 rsucc=0.954 n_rounds= 4055 ret=+17.649 len=161.3 ent(t0,t>=1)=(0.000,0.505) aL=-0.0012 vL=0.2474 t0=[none=0.00 m0=1.00 m1=0.00]
[u 1756] env= 57540608 rsucc=0.953 n_rounds= 4106 ret=+17.604 len=161.1 ent(t0,t>=1)=(0.000,0.515) aL=-0.0005 vL=0.2508 t0=[none=0.00 m0=1.00 m1=0.00]
[u 1757] env= 57573376 rsucc=0.956 n_rounds= 4055 ret=+17.701 len=160.3 ent(t0,t>=1)=(0.000,0.519) aL=-0.0004 vL=0.2513 t0=[none=0.00 m0=1.00 m1=0.00]
[u 1758] env= 57606144 rsucc=0.954 n_rounds= 4067 ret=+17.558 len=162.2 ent(t0,t>=1)=(0.000,0.516) aL=-0.0006 vL=0.2378 t0=[none=0.00 m0=1.00 m1=0.00]
[u 1759] env= 57638912 rsucc=0.957 n_rounds= 4077 ret=+17.733 len=160.7 ent(t0,t>=1)=(0.000,0.510) aL=+0.0015 vL=0.2858 t0=[none=0.00 m0=1.00 m1=0.00]
[u 1760] env= 57671680 rsucc=0.958 n_rounds= 4101 ret=+17.664 len=160.5 ent(t0,t>=1)=(0.000,0.513) aL=-0.0001 vL=0.2543 t0=[none=0.00 m0=1.00 m1=0.00]
[u 1761] env= 57704448 rsucc=0.956 n_rounds= 4090 ret=+17.783 len=160.2 ent(t0,t>=1)=(0.000,0.509) aL=-0.0007 vL=0.2568 t0=[none=0.00 m0=1.00 m1=0.00]
[u 1762] env= 57737216 rsucc=0.954 n_rounds= 4049 ret=+17.751 len=159.9 ent(t0,t>=1)=(0.000,0.518) aL=-0.0006 vL=0.2592 t0=[none=0.00 m0=1.00 m1=0.00]
[u 1763] env= 57769984 rsucc=0.956 n_rounds= 4091 ret=+17.560 len=162.0 ent(t0,t>=1)=(0.000,0.521) aL=-0.0007 vL=0.2369 t0=[none=0.00 m0=1.00 m1=0.00]
[u 1764] env= 57802752 rsucc=0.959 n_rounds= 4106 ret=+17.837 len=159.4 ent(t0,t>=1)=(0.000,0.507) aL=-0.0001 vL=0.2941 t0=[none=0.00 m0=1.00 m1=0.00]
[u 1765] env= 57835520 rsucc=0.959 n_rounds= 4102 ret=+17.751 len=160.4 ent(t0,t>=1)=(0.000,0.504) aL=-0.0009 vL=0.2561 t0=[none=0.00 m0=1.00 m1=0.00]
[u 1766] env= 57868288 rsucc=0.953 n_rounds= 4054 ret=+17.708 len=159.7 ent(t0,t>=1)=(0.000,0.522) aL=+0.0001 vL=0.3120 t0=[none=0.00 m0=1.00 m1=0.00]
[u 1767] env= 57901056 rsucc=0.959 n_rounds= 4086 ret=+17.666 len=161.3 ent(t0,t>=1)=(0.000,0.519) aL=-0.0008 vL=0.2812 t0=[none=0.00 m0=1.00 m1=0.00]
[u 1768] env= 57933824 rsucc=0.953 n_rounds= 4083 ret=+17.739 len=160.6 ent(t0,t>=1)=(0.000,0.519) aL=-0.0004 vL=0.2805 t0=[none=0.00 m0=1.00 m1=0.00]
[u 1769] env= 57966592 rsucc=0.957 n_rounds= 4101 ret=+17.660 len=160.9 ent(t0,t>=1)=(0.000,0.517) aL=-0.0009 vL=0.2507 t0=[none=0.00 m0=1.00 m1=0.00]
[u 1770] env= 57999360 rsucc=0.951 n_rounds= 4046 ret=+17.679 len=160.8 ent(t0,t>=1)=(0.000,0.525) aL=-0.0008 vL=0.2448 t0=[none=0.00 m0=1.00 m1=0.00]
[u 1771] env= 58032128 rsucc=0.952 n_rounds= 4046 ret=+17.587 len=161.3 ent(t0,t>=1)=(0.000,0.530) aL=+0.0002 vL=0.2557 t0=[none=0.00 m0=1.00 m1=0.00]
[u 1772] env= 58064896 rsucc=0.949 n_rounds= 4058 ret=+17.637 len=161.1 ent(t0,t>=1)=(0.000,0.528) aL=-0.0010 vL=0.2647 t0=[none=0.00 m0=1.00 m1=0.00]
[u 1773] env= 58097664 rsucc=0.947 n_rounds= 4049 ret=+17.553 len=161.1 ent(t0,t>=1)=(0.000,0.526) aL=-0.0008 vL=0.2303 t0=[none=0.00 m0=1.00 m1=0.00]
[u 1774] env= 58130432 rsucc=0.951 n_rounds= 4037 ret=+17.490 len=162.8 ent(t0,t>=1)=(0.000,0.527) aL=-0.0005 vL=0.2544 t0=[none=0.00 m0=1.00 m1=0.00]
[u 1775] env= 58163200 rsucc=0.947 n_rounds= 4070 ret=+17.454 len=162.8 ent(t0,t>=1)=(0.000,0.542) aL=-0.0006 vL=0.2678 t0=[none=0.00 m0=1.00 m1=0.00]
[u 1776] env= 58195968 rsucc=0.948 n_rounds= 4068 ret=+17.596 len=161.3 ent(t0,t>=1)=(0.000,0.530) aL=-0.0008 vL=0.2585 t0=[none=0.00 m0=1.00 m1=0.00]
[u 1777] env= 58228736 rsucc=0.958 n_rounds= 4035 ret=+17.690 len=160.5 ent(t0,t>=1)=(0.000,0.517) aL=-0.0002 vL=0.2774 t0=[none=0.00 m0=1.00 m1=0.00]
[u 1778] env= 58261504 rsucc=0.953 n_rounds= 4081 ret=+17.657 len=161.7 ent(t0,t>=1)=(0.000,0.520) aL=-0.0008 vL=0.2586 t0=[none=0.00 m0=1.00 m1=0.00]
[u 1779] env= 58294272 rsucc=0.952 n_rounds= 4084 ret=+17.662 len=160.1 ent(t0,t>=1)=(0.000,0.519) aL=-0.0007 vL=0.2659 t0=[none=0.00 m0=1.00 m1=0.00]
[u 1780] env= 58327040 rsucc=0.955 n_rounds= 4097 ret=+17.633 len=161.4 ent(t0,t>=1)=(0.000,0.522) aL=-0.0007 vL=0.2470 t0=[none=0.00 m0=1.00 m1=0.00]
[u 1781] env= 58359808 rsucc=0.949 n_rounds= 4040 ret=+17.556 len=161.5 ent(t0,t>=1)=(0.000,0.526) aL=-0.0006 vL=0.2690 t0=[none=0.00 m0=1.00 m1=0.00]
[u 1782] env= 58392576 rsucc=0.955 n_rounds= 4064 ret=+17.685 len=160.7 ent(t0,t>=1)=(0.000,0.512) aL=-0.0008 vL=0.2489 t0=[none=0.00 m0=1.00 m1=0.00]
[u 1783] env= 58425344 rsucc=0.950 n_rounds= 4062 ret=+17.620 len=160.4 ent(t0,t>=1)=(0.000,0.532) aL=-0.0007 vL=0.2401 t0=[none=0.00 m0=1.00 m1=0.00]
[u 1784] env= 58458112 rsucc=0.952 n_rounds= 4087 ret=+17.628 len=161.1 ent(t0,t>=1)=(0.000,0.528) aL=-0.0002 vL=0.2958 t0=[none=0.00 m0=1.00 m1=0.00]
[u 1785] env= 58490880 rsucc=0.957 n_rounds= 4084 ret=+17.617 len=160.8 ent(t0,t>=1)=(0.000,0.512) aL=-0.0007 vL=0.2428 t0=[none=0.00 m0=1.00 m1=0.00]
[u 1786] env= 58523648 rsucc=0.947 n_rounds= 4049 ret=+17.615 len=161.4 ent(t0,t>=1)=(0.000,0.535) aL=-0.0004 vL=0.2706 t0=[none=0.00 m0=1.00 m1=0.00]
[u 1787] env= 58556416 rsucc=0.960 n_rounds= 4093 ret=+17.673 len=160.6 ent(t0,t>=1)=(0.000,0.516) aL=-0.0008 vL=0.2295 t0=[none=0.00 m0=1.00 m1=0.00]
[u 1788] env= 58589184 rsucc=0.950 n_rounds= 4045 ret=+17.577 len=161.8 ent(t0,t>=1)=(0.000,0.538) aL=-0.0004 vL=0.3044 t0=[none=0.00 m0=1.00 m1=0.00]
[u 1789] env= 58621952 rsucc=0.954 n_rounds= 4087 ret=+17.742 len=160.4 ent(t0,t>=1)=(0.000,0.522) aL=-0.0005 vL=0.2664 t0=[none=0.00 m0=1.00 m1=0.00]
[u 1790] env= 58654720 rsucc=0.956 n_rounds= 4074 ret=+17.673 len=160.6 ent(t0,t>=1)=(0.000,0.519) aL=-0.0007 vL=0.2559 t0=[none=0.00 m0=1.00 m1=0.00]
[u 1791] env= 58687488 rsucc=0.956 n_rounds= 4102 ret=+17.725 len=160.2 ent(t0,t>=1)=(0.000,0.510) aL=-0.0002 vL=0.2587 t0=[none=0.00 m0=1.00 m1=0.00]
[u 1792] env= 58720256 rsucc=0.951 n_rounds= 4005 ret=+17.672 len=161.0 ent(t0,t>=1)=(0.000,0.533) aL=-0.0008 vL=0.2421 t0=[none=0.00 m0=1.00 m1=0.00]
[u 1793] env= 58753024 rsucc=0.952 n_rounds= 4043 ret=+17.531 len=163.5 ent(t0,t>=1)=(0.000,0.525) aL=-0.0006 vL=0.2556 t0=[none=0.00 m0=1.00 m1=0.00]
[u 1794] env= 58785792 rsucc=0.958 n_rounds= 4080 ret=+17.703 len=162.1 ent(t0,t>=1)=(0.000,0.522) aL=-0.0007 vL=0.2367 t0=[none=0.00 m0=1.00 m1=0.00]
[u 1795] env= 58818560 rsucc=0.955 n_rounds= 4068 ret=+17.728 len=159.9 ent(t0,t>=1)=(0.000,0.518) aL=-0.0006 vL=0.2457 t0=[none=0.00 m0=1.00 m1=0.00]
[u 1796] env= 58851328 rsucc=0.951 n_rounds= 4081 ret=+17.647 len=160.7 ent(t0,t>=1)=(0.000,0.531) aL=-0.0006 vL=0.2450 t0=[none=0.00 m0=1.00 m1=0.00]
[u 1797] env= 58884096 rsucc=0.954 n_rounds= 4048 ret=+17.556 len=161.9 ent(t0,t>=1)=(0.000,0.519) aL=+0.0008 vL=0.2433 t0=[none=0.00 m0=1.00 m1=0.00]
[u 1798] env= 58916864 rsucc=0.953 n_rounds= 4060 ret=+17.638 len=162.1 ent(t0,t>=1)=(0.000,0.520) aL=-0.0008 vL=0.2406 t0=[none=0.00 m0=1.00 m1=0.00]
[u 1799] env= 58949632 rsucc=0.951 n_rounds= 4046 ret=+17.617 len=160.9 ent(t0,t>=1)=(0.000,0.526) aL=-0.0007 vL=0.2275 t0=[none=0.00 m0=1.00 m1=0.00]
[u 1800] env= 58982400 rsucc=0.957 n_rounds= 4088 ret=+17.737 len=160.8 ent(t0,t>=1)=(0.000,0.512) aL=-0.0006 vL=0.2456 t0=[none=0.00 m0=1.00 m1=0.00]
[u 1801] env= 59015168 rsucc=0.952 n_rounds= 4059 ret=+17.539 len=162.1 ent(t0,t>=1)=(0.000,0.530) aL=-0.0004 vL=0.2558 t0=[none=0.00 m0=1.00 m1=0.00]
[u 1802] env= 59047936 rsucc=0.953 n_rounds= 4104 ret=+17.668 len=159.8 ent(t0,t>=1)=(0.000,0.513) aL=-0.0005 vL=0.2424 t0=[none=0.00 m0=1.00 m1=0.00]
[u 1803] env= 59080704 rsucc=0.951 n_rounds= 4091 ret=+17.707 len=159.8 ent(t0,t>=1)=(0.000,0.519) aL=-0.0009 vL=0.2465 t0=[none=0.00 m0=1.00 m1=0.00]
[u 1804] env= 59113472 rsucc=0.960 n_rounds= 4076 ret=+17.638 len=160.9 ent(t0,t>=1)=(0.000,0.515) aL=-0.0005 vL=0.2433 t0=[none=0.00 m0=1.00 m1=0.00]
[u 1805] env= 59146240 rsucc=0.958 n_rounds= 4080 ret=+17.835 len=160.2 ent(t0,t>=1)=(0.000,0.516) aL=-0.0007 vL=0.2575 t0=[none=0.00 m0=1.00 m1=0.00]
[u 1806] env= 59179008 rsucc=0.954 n_rounds= 4116 ret=+17.663 len=159.9 ent(t0,t>=1)=(0.000,0.523) aL=-0.0006 vL=0.2342 t0=[none=0.00 m0=1.00 m1=0.00]
[u 1807] env= 59211776 rsucc=0.957 n_rounds= 4092 ret=+17.742 len=159.8 ent(t0,t>=1)=(0.000,0.510) aL=-0.0007 vL=0.2584 t0=[none=0.00 m0=1.00 m1=0.00]
[u 1808] env= 59244544 rsucc=0.947 n_rounds= 4048 ret=+17.613 len=161.7 ent(t0,t>=1)=(0.000,0.513) aL=-0.0005 vL=0.2629 t0=[none=0.00 m0=1.00 m1=0.00]
[u 1809] env= 59277312 rsucc=0.955 n_rounds= 4040 ret=+17.531 len=161.7 ent(t0,t>=1)=(0.000,0.519) aL=-0.0005 vL=0.2408 t0=[none=0.00 m0=1.00 m1=0.00]
[u 1810] env= 59310080 rsucc=0.954 n_rounds= 4091 ret=+17.726 len=161.1 ent(t0,t>=1)=(0.000,0.522) aL=-0.0004 vL=0.2635 t0=[none=0.00 m0=1.00 m1=0.00]
[u 1811] env= 59342848 rsucc=0.956 n_rounds= 4059 ret=+17.728 len=160.7 ent(t0,t>=1)=(0.000,0.519) aL=-0.0004 vL=0.2697 t0=[none=0.00 m0=1.00 m1=0.00]
[u 1812] env= 59375616 rsucc=0.956 n_rounds= 4079 ret=+17.604 len=161.6 ent(t0,t>=1)=(0.000,0.517) aL=-0.0005 vL=0.2435 t0=[none=0.00 m0=1.00 m1=0.00]
[u 1813] env= 59408384 rsucc=0.952 n_rounds= 4032 ret=+17.732 len=160.5 ent(t0,t>=1)=(0.000,0.520) aL=-0.0004 vL=0.2840 t0=[none=0.00 m0=1.00 m1=0.00]
[u 1814] env= 59441152 rsucc=0.951 n_rounds= 4053 ret=+17.568 len=162.2 ent(t0,t>=1)=(0.000,0.526) aL=-0.0003 vL=0.2295 t0=[none=0.00 m0=1.00 m1=0.00]
[u 1815] env= 59473920 rsucc=0.953 n_rounds= 4092 ret=+17.557 len=161.9 ent(t0,t>=1)=(0.000,0.516) aL=-0.0005 vL=0.2463 t0=[none=0.00 m0=1.00 m1=0.00]
[u 1816] env= 59506688 rsucc=0.953 n_rounds= 4060 ret=+17.755 len=159.8 ent(t0,t>=1)=(0.000,0.525) aL=-0.0007 vL=0.2442 t0=[none=0.00 m0=1.00 m1=0.00]
[u 1817] env= 59539456 rsucc=0.955 n_rounds= 4102 ret=+17.575 len=161.5 ent(t0,t>=1)=(0.000,0.522) aL=-0.0002 vL=0.2731 t0=[none=0.00 m0=1.00 m1=0.00]
[u 1818] env= 59572224 rsucc=0.954 n_rounds= 4067 ret=+17.750 len=160.0 ent(t0,t>=1)=(0.000,0.519) aL=-0.0005 vL=0.2552 t0=[none=0.00 m0=1.00 m1=0.00]
[u 1819] env= 59604992 rsucc=0.959 n_rounds= 4066 ret=+17.737 len=161.0 ent(t0,t>=1)=(0.000,0.515) aL=-0.0003 vL=0.2467 t0=[none=0.00 m0=1.00 m1=0.00]
[u 1820] env= 59637760 rsucc=0.956 n_rounds= 4090 ret=+17.580 len=161.5 ent(t0,t>=1)=(0.000,0.519) aL=-0.0005 vL=0.2647 t0=[none=0.00 m0=1.00 m1=0.00]
[u 1821] env= 59670528 rsucc=0.957 n_rounds= 4080 ret=+17.710 len=160.6 ent(t0,t>=1)=(0.000,0.515) aL=-0.0005 vL=0.2480 t0=[none=0.00 m0=1.00 m1=0.00]
[u 1822] env= 59703296 rsucc=0.956 n_rounds= 4090 ret=+17.761 len=160.1 ent(t0,t>=1)=(0.000,0.522) aL=-0.0003 vL=0.2599 t0=[none=0.00 m0=1.00 m1=0.00]
[u 1823] env= 59736064 rsucc=0.954 n_rounds= 4037 ret=+17.717 len=160.6 ent(t0,t>=1)=(0.000,0.518) aL=-0.0006 vL=0.2411 t0=[none=0.00 m0=1.00 m1=0.00]
[u 1824] env= 59768832 rsucc=0.954 n_rounds= 4072 ret=+17.604 len=162.6 ent(t0,t>=1)=(0.000,0.521) aL=-0.0002 vL=0.2784 t0=[none=0.00 m0=1.00 m1=0.00]
[u 1825] env= 59801600 rsucc=0.955 n_rounds= 4084 ret=+17.682 len=160.5 ent(t0,t>=1)=(0.000,0.521) aL=-0.0005 vL=0.2564 t0=[none=0.00 m0=1.00 m1=0.00]
[u 1826] env= 59834368 rsucc=0.952 n_rounds= 4051 ret=+17.738 len=160.5 ent(t0,t>=1)=(0.000,0.535) aL=-0.0000 vL=0.2695 t0=[none=0.00 m0=1.00 m1=0.00]
[u 1827] env= 59867136 rsucc=0.960 n_rounds= 4114 ret=+17.625 len=161.0 ent(t0,t>=1)=(0.000,0.509) aL=-0.0007 vL=0.2498 t0=[none=0.00 m0=1.00 m1=0.00]
[u 1828] env= 59899904 rsucc=0.954 n_rounds= 4087 ret=+17.703 len=160.1 ent(t0,t>=1)=(0.000,0.516) aL=-0.0004 vL=0.2719 t0=[none=0.00 m0=1.00 m1=0.00]
[u 1829] env= 59932672 rsucc=0.949 n_rounds= 4056 ret=+17.654 len=160.5 ent(t0,t>=1)=(0.000,0.529) aL=-0.0004 vL=0.2533 t0=[none=0.00 m0=1.00 m1=0.00]
[u 1830] env= 59965440 rsucc=0.951 n_rounds= 4037 ret=+17.574 len=162.1 ent(t0,t>=1)=(0.000,0.528) aL=-0.0001 vL=0.2637 t0=[none=0.00 m0=1.00 m1=0.00]
[u 1831] env= 59998208 rsucc=0.954 n_rounds= 4104 ret=+17.606 len=161.4 ent(t0,t>=1)=(0.000,0.520) aL=-0.0006 vL=0.2357 t0=[none=0.00 m0=1.00 m1=0.00]
[main] training done in 1271.2s
        round_success_rate: [+0.1076, +0.1026, +0.0923, +0.1069, +0.0935, +0.1089, +0.1063, +0.1239, +0.0931, +0.1090, +0.1071, +0.1259, +0.1141, +0.1150, +0.1146, +0.1195, +0.1162, +0.1266, +0.1110, +0.1135, +0.1106, +0.1265, +0.1146, +0.1124, +0.1177, +0.1209, +0.1198, +0.1093, +0.1243, +0.1077, +0.1084, +0.1241, +0.1164, +0.1195, +0.1226, +0.1243, +0.1231, +0.1078, +0.1442, +0.1328, +0.1443, +0.1595, +0.1817, +0.2022, +0.2517, +0.2964, +0.3592, +0.4201, +0.4642, +0.5136, +0.5434, +0.5902, +0.6096, +0.6308, +0.6358, +0.6680, +0.6579, +0.6717, +0.6646, +0.6488, +0.6697, +0.6907, +0.6866, +0.6939, +0.6990, +0.6847, +0.6918, +0.6873, +0.7075, +0.7029, +0.6993, +0.6967, +0.7138, +0.7061, +0.7092, +0.7084, +0.7147, +0.7165, +0.7335, +0.7240, +0.7269, +0.7167, +0.7320, +0.7368, +0.7215, +0.7396, +0.7385, +0.7446, +0.7460, +0.7212, +0.7293, +0.7544, +0.7497, +0.7588, +0.7683, +0.7498, +0.7577, +0.7745, +0.7659, +0.7719, +0.7645, +0.7541, +0.7538, +0.7448, +0.7577, +0.7720, +0.7599, +0.7382, +0.7665, +0.7822, +0.7885, +0.7817, +0.7927, +0.7988, +0.7758, +0.7926, +0.7921, +0.7858, +0.8010, +0.7909, +0.7943, +0.8019, +0.8099, +0.8092, +0.8187, +0.8145, +0.8201, +0.8182, +0.8150, +0.8196, +0.8164, +0.8194, +0.8260, +0.8107, +0.8145, +0.8220, +0.8306, +0.8206, +0.8330, +0.8333, +0.8221, +0.8233, +0.8224, +0.8388, +0.8376, +0.8177, +0.8320, +0.8405, +0.8350, +0.8386, +0.8375, +0.8406, +0.8505, +0.8410, +0.8459, +0.8483, +0.8395, +0.8534, +0.8386, +0.8219, +0.8298, +0.8445, +0.8334, +0.8503, +0.8486, +0.8563, +0.8487, +0.8398, +0.8430, +0.8485, +0.8516, +0.8447, +0.8466, +0.8444, +0.8588, +0.8385, +0.8574, +0.8590, +0.8445, +0.8508, +0.8421, +0.8564, +0.8488, +0.8495, +0.8449, +0.8514, +0.8633, +0.8588, +0.8513, +0.8633, +0.8417, +0.8436, +0.8396, +0.8458, +0.8425, +0.8488, +0.8524, +0.8420, +0.8436, +0.8461, +0.8393, +0.8482, +0.8350, +0.8356, +0.8362, +0.8350, +0.8527, +0.8431, +0.8345, +0.8397, +0.8530, +0.8322, +0.8378, +0.8377, +0.8321, +0.8429, +0.8336, +0.8405, +0.8452, +0.8635, +0.8510, +0.8549, +0.8499, +0.8224, +0.8312, +0.8362, +0.8550, +0.8597, +0.8516, +0.8612, +0.8615, +0.8539, +0.8615, +0.8718, +0.8559, +0.8589, +0.8525, +0.8615, +0.8562, +0.8462, +0.8524, +0.8642, +0.8595, +0.8623, +0.8565, +0.8618, +0.8651, +0.8600, +0.8575, +0.8687, +0.8675, +0.8577, +0.8624, +0.8669, +0.8735, +0.8588, +0.8555, +0.8616, +0.8625, +0.8643, +0.8637, +0.8568, +0.8506, +0.8478, +0.8439, +0.8412, +0.8592, +0.8568, +0.8605, +0.8671, +0.8585, +0.8549, +0.8618, +0.8642, +0.8539, +0.8690, +0.8764, +0.8680, +0.8287, +0.8453, +0.8688, +0.8731, +0.8718, +0.8762, +0.8656, +0.8812, +0.8821, +0.8798, +0.8820, +0.8760, +0.8696, +0.8741, +0.8778, +0.8856, +0.8811, +0.8717, +0.8731, +0.8785, +0.8750, +0.8707, +0.8804, +0.8903, +0.8840, +0.8836, +0.8808, +0.8829, +0.8886, +0.8783, +0.8921, +0.8964, +0.8827, +0.8929, +0.8884, +0.8902, +0.8658, +0.8810, +0.8932, +0.8817, +0.8869, +0.8880, +0.8862, +0.8915, +0.8979, +0.9002, +0.8969, +0.8793, +0.8896, +0.8872, +0.8923, +0.8818, +0.8886, +0.8957, +0.8902, +0.8916, +0.8975, +0.8878, +0.8937, +0.9028, +0.8895, +0.8952, +0.8752, +0.8884, +0.8907, +0.8860, +0.8843, +0.8828, +0.8937, +0.8964, +0.8832, +0.8915, +0.8944, +0.8912, +0.8877, +0.8779, +0.8789, +0.8817, +0.8822, +0.8870, +0.8879, +0.8948, +0.8944, +0.8865, +0.9010, +0.8987, +0.9037, +0.8980, +0.8958, +0.9001, +0.9047, +0.8950, +0.9116, +0.9070, +0.9042, +0.9021, +0.8932, +0.9138, +0.8988, +0.9037, +0.8994, +0.8969, +0.8940, +0.8865, +0.8968, +0.8963, +0.8959, +0.9065, +0.9033, +0.9020, +0.9018, +0.9016, +0.9001, +0.9027, +0.9105, +0.9174, +0.9052, +0.9173, +0.9061, +0.9021, +0.8919, +0.8986, +0.9094, +0.9053, +0.8886, +0.9056, +0.9007, +0.9013, +0.8996, +0.9005, +0.8936, +0.9114, +0.9068, +0.9031, +0.9098, +0.9032, +0.9044, +0.9058, +0.9075, +0.9003, +0.9128, +0.9085, +0.9059, +0.8993, +0.9074, +0.8993, +0.9054, +0.9110, +0.9070, +0.9080, +0.9047, +0.9111, +0.8982, +0.9112, +0.9111, +0.9006, +0.9105, +0.9168, +0.9121, +0.9105, +0.9078, +0.9090, +0.9084, +0.9029, +0.9059, +0.9081, +0.9151, +0.9083, +0.9158, +0.9112, +0.9155, +0.9083, +0.9198, +0.9230, +0.9132, +0.9163, +0.9103, +0.9154, +0.9085, +0.9122, +0.9064, +0.9130, +0.9157, +0.9155, +0.9074, +0.9106, +0.9025, +0.9093, +0.9050, +0.9052, +0.9109, +0.9087, +0.9170, +0.9114, +0.9099, +0.8945, +0.9076, +0.9128, +0.9007, +0.8933, +0.9037, +0.9101, +0.8985, +0.8961, +0.9036, +0.9166, +0.8974, +0.8996, +0.9101, +0.9067, +0.9004, +0.8989, +0.8865, +0.8966, +0.8919, +0.9054, +0.8978, +0.8986, +0.9008, +0.9034, +0.9087, +0.9084, +0.8935, +0.9078, +0.8999, +0.9024, +0.9057, +0.9042, +0.9043, +0.8996, +0.9036, +0.9112, +0.9016, +0.9069, +0.9023, +0.9064, +0.9049, +0.9017, +0.9019, +0.9031, +0.9064, +0.8938, +0.9038, +0.8970, +0.8980, +0.8961, +0.9072, +0.8993, +0.8999, +0.9048, +0.9054, +0.9024, +0.9039, +0.8970, +0.8979, +0.9014, +0.8948, +0.9034, +0.9032, +0.9053, +0.9052, +0.9026, +0.8996, +0.9074, +0.9081, +0.8978, +0.9015, +0.9061, +0.9039, +0.8994, +0.9024, +0.9060, +0.8975, +0.8958, +0.8987, +0.8967, +0.9075, +0.8964, +0.8980, +0.9078, +0.9021, +0.9014, +0.9086, +0.9017, +0.9004, +0.8998, +0.9090, +0.9094, +0.9037, +0.9080, +0.9079, +0.9103, +0.9003, +0.9095, +0.9115, +0.9077, +0.8946, +0.9124, +0.8955, +0.9074, +0.9068, +0.8991, +0.8964, +0.9043, +0.9073, +0.9024, +0.9084, +0.9124, +0.9029, +0.9132, +0.9012, +0.9065, +0.9086, +0.9096, +0.9080, +0.9097, +0.9058, +0.9032, +0.9086, +0.9208, +0.9154, +0.9199, +0.9281, +0.9179, +0.9196, +0.9248, +0.9147, +0.9161, +0.9204, +0.9200, +0.9186, +0.9263, +0.9152, +0.9174, +0.9167, +0.9182, +0.9233, +0.9159, +0.9249, +0.9157, +0.9202, +0.9176, +0.9233, +0.9234, +0.9259, +0.9198, +0.9248, +0.9167, +0.9185, +0.9195, +0.9283, +0.9193, +0.9233, +0.9319, +0.9269, +0.9214, +0.9265, +0.9245, +0.9238, +0.9166, +0.9157, +0.9206, +0.9256, +0.9143, +0.9213, +0.9230, +0.9264, +0.9322, +0.9194, +0.9244, +0.9261, +0.9176, +0.9274, +0.9276, +0.9249, +0.9263, +0.9350, +0.9302, +0.9267, +0.9340, +0.9351, +0.9200, +0.9210, +0.9276, +0.9362, +0.9286, +0.9273, +0.9238, +0.9297, +0.9291, +0.9271, +0.9336, +0.9227, +0.9349, +0.9274, +0.9350, +0.9246, +0.9347, +0.9220, +0.9232, +0.9245, +0.9404, +0.9326, +0.9337, +0.9315, +0.9318, +0.9326, +0.9324, +0.9306, +0.9262, +0.9339, +0.9309, +0.9327, +0.9337, +0.9280, +0.9233, +0.9328, +0.9320, +0.9249, +0.9325, +0.9274, +0.9251, +0.9319, +0.9249, +0.9308, +0.9272, +0.9273, +0.9321, +0.9325, +0.9364, +0.9327, +0.9341, +0.9306, +0.9362, +0.9366, +0.9332, +0.9325, +0.9329, +0.9283, +0.9379, +0.9371, +0.9252, +0.9392, +0.9362, +0.9365, +0.9421, +0.9368, +0.9413, +0.9336, +0.9381, +0.9330, +0.9340, +0.9371, +0.9389, +0.9317, +0.9353, +0.9305, +0.9352, +0.9296, +0.9264, +0.9368, +0.9343, +0.9381, +0.9341, +0.9376, +0.9271, +0.9377, +0.9286, +0.9310, +0.9315, +0.9386, +0.9353, +0.9377, +0.9316, +0.9309, +0.9394, +0.9396, +0.9321, +0.9416, +0.9255, +0.9356, +0.9331, +0.9294, +0.9313, +0.9335, +0.9292, +0.9276, +0.9273, +0.9319, +0.9305, +0.9292, +0.9340, +0.9370, +0.9278, +0.9306, +0.9316, +0.9320, +0.9262, +0.9327, +0.9398, +0.9299, +0.9257, +0.9292, +0.9284, +0.9246, +0.9262, +0.9229, +0.9256, +0.9250, +0.9247, +0.9274, +0.9255, +0.9283, +0.9297, +0.9312, +0.9340, +0.9311, +0.9308, +0.9349, +0.9309, +0.9274, +0.9286, +0.9284, +0.9282, +0.9391, +0.9325, +0.9241, +0.9307, +0.9234, +0.9226, +0.9203, +0.9262, +0.9343, +0.9320, +0.9290, +0.9355, +0.9295, +0.9171, +0.9336, +0.9334, +0.9214, +0.9190, +0.9285, +0.9248, +0.9346, +0.9303, +0.9323, +0.9373, +0.9327, +0.9383, +0.9377, +0.9338, +0.9339, +0.9310, +0.9333, +0.9305, +0.9472, +0.9389, +0.9324, +0.9456, +0.9344, +0.9331, +0.9426, +0.9335, +0.9392, +0.9401, +0.9332, +0.9296, +0.9300, +0.9353, +0.9424, +0.9364, +0.9364, +0.9328, +0.9416, +0.9360, +0.9418, +0.9386, +0.9351, +0.9372, +0.9400, +0.9343, +0.9344, +0.9344, +0.9347, +0.9303, +0.9366, +0.9412, +0.9395, +0.9425, +0.9451, +0.9338, +0.9429, +0.9419, +0.9378, +0.9355, +0.9427, +0.9397, +0.9463, +0.9373, +0.9473, +0.9434, +0.9468, +0.9511, +0.9399, +0.9460, +0.9351, +0.9412, +0.9432, +0.9353, +0.9387, +0.9466, +0.9380, +0.9479, +0.9426, +0.9408, +0.9369, +0.9427, +0.9459, +0.9433, +0.9424, +0.9354, +0.9495, +0.9411, +0.9401, +0.9400, +0.9399, +0.9412, +0.9394, +0.9456, +0.9386, +0.9474, +0.9359, +0.9454, +0.9450, +0.9438, +0.9423, +0.9455, +0.9425, +0.9447, +0.9411, +0.9383, +0.9401, +0.9418, +0.9484, +0.9404, +0.9377, +0.9383, +0.9433, +0.9327, +0.9390, +0.9471, +0.9396, +0.9366, +0.9439, +0.9396, +0.9451, +0.9396, +0.9425, +0.9463, +0.9472, +0.9464, +0.9342, +0.9442, +0.9385, +0.9376, +0.9373, +0.9417, +0.9390, +0.9467, +0.9403, +0.9433, +0.9405, +0.9413, +0.9425, +0.9409, +0.9434, +0.9443, +0.9455, +0.9475, +0.9422, +0.9452, +0.9446, +0.9407, +0.9294, +0.9398, +0.9414, +0.9429, +0.9458, +0.9386, +0.9453, +0.9453, +0.9422, +0.9405, +0.9425, +0.9415, +0.9444, +0.9512, +0.9456, +0.9392, +0.9407, +0.9423, +0.9374, +0.9501, +0.9432, +0.9412, +0.9472, +0.9473, +0.9468, +0.9509, +0.9456, +0.9471, +0.9454, +0.9497, +0.9550, +0.9487, +0.9467, +0.9458, +0.9467, +0.9456, +0.9411, +0.9462, +0.9477, +0.9452, +0.9389, +0.9392, +0.9379, +0.9491, +0.9447, +0.9501, +0.9488, +0.9477, +0.9432, +0.9437, +0.9426, +0.9450, +0.9340, +0.9472, +0.9447, +0.9454, +0.9376, +0.9463, +0.9412, +0.9438, +0.9436, +0.9396, +0.9425, +0.9443, +0.9444, +0.9359, +0.9407, +0.9403, +0.9395, +0.9395, +0.9475, +0.9475, +0.9432, +0.9458, +0.9446, +0.9441, +0.9415, +0.9462, +0.9451, +0.9470, +0.9466, +0.9375, +0.9445, +0.9439, +0.9397, +0.9482, +0.9447, +0.9410, +0.9419, +0.9445, +0.9416, +0.9420, +0.9429, +0.9466, +0.9495, +0.9448, +0.9497, +0.9427, +0.9457, +0.9448, +0.9471, +0.9469, +0.9446, +0.9477, +0.9454, +0.9483, +0.9517, +0.9469, +0.9487, +0.9473, +0.9453, +0.9461, +0.9470, +0.9451, +0.9453, +0.9459, +0.9416, +0.9467, +0.9495, +0.9456, +0.9489, +0.9477, +0.9434, +0.9396, +0.9423, +0.9449, +0.9442, +0.9492, +0.9454, +0.9428, +0.9388, +0.9462, +0.9457, +0.9453, +0.9460, +0.9468, +0.9417, +0.9442, +0.9457, +0.9467, +0.9465, +0.9472, +0.9432, +0.9452, +0.9440, +0.9492, +0.9477, +0.9413, +0.9487, +0.9488, +0.9496, +0.9438, +0.9421, +0.9502, +0.9500, +0.9426, +0.9422, +0.9412, +0.9446, +0.9540, +0.9507, +0.9395, +0.9419, +0.9394, +0.9422, +0.9451, +0.9469, +0.9437, +0.9465, +0.9514, +0.9464, +0.9552, +0.9476, +0.9538, +0.9496, +0.9478, +0.9517, +0.9510, +0.9462, +0.9521, +0.9470, +0.9479, +0.9447, +0.9486, +0.9519, +0.9530, +0.9444, +0.9487, +0.9530, +0.9499, +0.9490, +0.9480, +0.9449, +0.9509, +0.9490, +0.9506, +0.9412, +0.9467, +0.9564, +0.9487, +0.9465, +0.9516, +0.9454, +0.9515, +0.9546, +0.9453, +0.9457, +0.9473, +0.9512, +0.9487, +0.9486, +0.9475, +0.9501, +0.9478, +0.9473, +0.9465, +0.9513, +0.9438, +0.9532, +0.9480, +0.9505, +0.9466, +0.9521, +0.9533, +0.9556, +0.9492, +0.9506, +0.9522, +0.9493, +0.9468, +0.9455, +0.9547, +0.9439, +0.9501, +0.9535, +0.9511, +0.9535, +0.9492, +0.9478, +0.9533, +0.9536, +0.9502, +0.9512, +0.9493, +0.9442, +0.9427, +0.9488, +0.9446, +0.9514, +0.9494, +0.9533, +0.9502, +0.9491, +0.9540, +0.9458, +0.9491, +0.9477, +0.9511, +0.9449, +0.9515, +0.9475, +0.9523, +0.9488, +0.9480, +0.9433, +0.9510, +0.9545, +0.9513, +0.9479, +0.9507, +0.9451, +0.9510, +0.9524, +0.9482, +0.9491, +0.9528, +0.9522, +0.9522, +0.9493, +0.9493, +0.9516, +0.9503, +0.9518, +0.9516, +0.9508, +0.9509, +0.9486, +0.9550, +0.9564, +0.9544, +0.9551, +0.9524, +0.9527, +0.9488, +0.9535, +0.9602, +0.9548, +0.9484, +0.9549, +0.9524, +0.9497, +0.9459, +0.9479, +0.9436, +0.9558, +0.9457, +0.9497, +0.9497, +0.9503, +0.9536, +0.9523, +0.9496, +0.9487, +0.9439, +0.9497, +0.9542, +0.9484, +0.9512, +0.9520, +0.9535, +0.9507, +0.9519, +0.9505, +0.9476, +0.9478, +0.9489, +0.9535, +0.9507, +0.9520, +0.9503, +0.9493, +0.9514, +0.9466, +0.9527, +0.9544, +0.9573, +0.9548, +0.9492, +0.9431, +0.9530, +0.9551, +0.9483, +0.9523, +0.9563, +0.9499, +0.9479, +0.9495, +0.9568, +0.9537, +0.9501, +0.9528, +0.9511, +0.9509, +0.9492, +0.9531, +0.9521, +0.9516, +0.9485, +0.9506, +0.9498, +0.9559, +0.9529, +0.9517, +0.9523, +0.9530, +0.9511, +0.9521, +0.9530, +0.9546, +0.9495, +0.9463, +0.9523, +0.9563, +0.9527, +0.9521, +0.9524, +0.9512, +0.9560, +0.9508, +0.9532, +0.9523, +0.9495, +0.9454, +0.9526, +0.9503, +0.9497, +0.9478, +0.9530, +0.9593, +0.9502, +0.9516, +0.9482, +0.9509, +0.9562, +0.9489, +0.9494, +0.9586, +0.9580, +0.9545, +0.9541, +0.9550, +0.9516, +0.9543, +0.9551, +0.9538, +0.9502, +0.9550, +0.9508, +0.9529, +0.9509, +0.9544, +0.9521, +0.9544, +0.9576, +0.9527, +0.9460, +0.9496, +0.9540, +0.9541, +0.9510, +0.9516, +0.9523, +0.9483, +0.9549, +0.9466, +0.9467, +0.9507, +0.9562, +0.9456, +0.9514, +0.9480, +0.9577, +0.9533, +0.9500, +0.9531, +0.9521, +0.9524, +0.9587, +0.9484, +0.9506, +0.9562, +0.9495, +0.9528, +0.9524, +0.9534, +0.9546, +0.9485, +0.9453, +0.9484, +0.9524, +0.9523, +0.9547, +0.9516, +0.9506, +0.9530, +0.9513, +0.9535, +0.9552, +0.9506, +0.9490, +0.9490, +0.9535, +0.9532, +0.9521, +0.9546, +0.9591, +0.9540, +0.9551, +0.9570, +0.9510, +0.9559, +0.9550, +0.9547, +0.9549, +0.9621, +0.9481, +0.9538, +0.9489, +0.9520, +0.9548, +0.9519, +0.9587, +0.9588, +0.9482, +0.9505, +0.9528, +0.9558, +0.9583, +0.9524, +0.9527, +0.9555, +0.9509, +0.9475, +0.9570, +0.9633, +0.9629, +0.9496, +0.9563, +0.9539, +0.9550, +0.9463, +0.9479, +0.9551, +0.9502, +0.9532, +0.9577, +0.9567, +0.9580, +0.9538, +0.9542, +0.9535, +0.9527, +0.9559, +0.9517, +0.9528, +0.9541, +0.9544, +0.9522, +0.9475, +0.9475, +0.9520, +0.9566, +0.9522, +0.9499, +0.9554, +0.9486, +0.9489, +0.9538, +0.9540, +0.9479, +0.9535, +0.9560, +0.9548, +0.9564, +0.9573, +0.9450, +0.9544, +0.9510, +0.9463, +0.9500, +0.9575, +0.9581, +0.9588, +0.9534, +0.9554, +0.9503, +0.9574, +0.9576, +0.9598, +0.9573, +0.9521, +0.9514, +0.9508, +0.9602, +0.9612, +0.9523, +0.9545, +0.9545, +0.9494, +0.9495, +0.9495, +0.9557, +0.9612, +0.9555, +0.9570, +0.9485, +0.9558, +0.9541, +0.9509, +0.9538, +0.9529, +0.9540, +0.9505, +0.9479, +0.9500, +0.9562, +0.9530, +0.9525, +0.9577, +0.9481, +0.9516, +0.9542, +0.9478, +0.9524, +0.9496, +0.9500, +0.9537, +0.9601, +0.9525, +0.9599, +0.9585, +0.9528, +0.9515, +0.9559, +0.9485, +0.9571, +0.9520, +0.9510, +0.9534, +0.9502, +0.9533, +0.9511, +0.9503, +0.9544, +0.9540, +0.9534, +0.9548, +0.9506, +0.9502, +0.9543, +0.9581, +0.9507, +0.9520, +0.9575, +0.9553, +0.9520, +0.9545, +0.9536, +0.9576, +0.9519, +0.9539, +0.9631, +0.9515, +0.9517, +0.9536, +0.9551, +0.9511, +0.9527, +0.9551, +0.9523, +0.9475, +0.9512, +0.9545, +0.9517, +0.9569, +0.9562, +0.9501, +0.9545, +0.9527, +0.9555, +0.9536, +0.9582, +0.9503, +0.9498, +0.9542, +0.9440, +0.9536, +0.9524, +0.9575, +0.9552, +0.9514, +0.9522, +0.9495, +0.9544, +0.9588, +0.9546, +0.9545, +0.9566, +0.9604, +0.9573, +0.9589, +0.9487, +0.9526, +0.9506, +0.9497, +0.9563, +0.9500, +0.9550, +0.9540, +0.9480, +0.9482, +0.9586, +0.9465, +0.9521, +0.9540, +0.9524, +0.9499, +0.9531, +0.9510, +0.9508, +0.9494, +0.9504, +0.9567, +0.9572, +0.9585, +0.9541, +0.9521, +0.9577, +0.9549, +0.9544, +0.9566, +0.9486, +0.9526, +0.9451, +0.9560, +0.9548, +0.9551, +0.9572, +0.9573, +0.9499, +0.9507, +0.9577, +0.9556, +0.9579, +0.9546, +0.9509, +0.9565, +0.9517, +0.9539, +0.9498, +0.9560, +0.9525, +0.9583, +0.9536, +0.9505, +0.9496, +0.9584, +0.9580, +0.9478, +0.9582, +0.9545, +0.9523, +0.9534, +0.9502, +0.9542, +0.9488, +0.9433, +0.9578, +0.9556, +0.9559, +0.9489, +0.9542, +0.9524, +0.9553, +0.9518, +0.9568, +0.9563, +0.9574, +0.9525, +0.9515, +0.9526, +0.9495, +0.9571, +0.9522, +0.9576, +0.9544, +0.9534, +0.9596, +0.9571, +0.9525, +0.9540, +0.9578, +0.9533, +0.9539, +0.9546, +0.9496, +0.9517, +0.9542, +0.9525, +0.9577, +0.9542, +0.9536, +0.9539, +0.9548, +0.9603, +0.9544, +0.9512, +0.9509, +0.9519, +0.9551, +0.9489, +0.9516, +0.9534, +0.9540, +0.9534, +0.9487, +0.9529, +0.9531, +0.9516, +0.9539, +0.9529, +0.9546, +0.9551, +0.9530, +0.9517, +0.9600, +0.9593, +0.9544, +0.9566, +0.9575, +0.9528, +0.9513, +0.9536, +0.9530, +0.9559, +0.9538, +0.9566, +0.9578, +0.9562, +0.9541, +0.9555, +0.9591, +0.9586, +0.9526, +0.9586, +0.9535, +0.9568, +0.9508, +0.9516, +0.9487, +0.9467, +0.9512, +0.9467, +0.9476, +0.9579, +0.9534, +0.9515, +0.9553, +0.9485, +0.9547, +0.9495, +0.9518, +0.9574, +0.9474, +0.9604, +0.9498, +0.9545, +0.9563, +0.9561, +0.9508, +0.9518, +0.9576, +0.9553, +0.9515, +0.9536, +0.9527, +0.9506, +0.9574, +0.9517, +0.9535, +0.9514, +0.9598, +0.9576, +0.9541, +0.9567, +0.9466, +0.9552, +0.9540, +0.9561, +0.9559, +0.9521, +0.9507, +0.9528, +0.9534, +0.9554, +0.9535, +0.9589, +0.9557, +0.9571, +0.9562, +0.9539, +0.9543, +0.9547, +0.9516, +0.9601, +0.9545, +0.9495, +0.9514, +0.9542]
    partner_ep_success_rate: [+0.0000, +0.0000, +0.0859, +0.0000, +0.0898, +0.0000, +0.1020, +0.0000, +0.1200, +0.0641, +0.1818, +0.1469, +0.0000, +0.1094, +0.0000, +0.1145, +0.1034, +0.1182, +0.1027, +0.2800, +0.0823, +0.0000, +0.0830, +0.0000, +0.1080, +0.0930, +0.1092, +0.1022, +0.2258, +0.1200, +0.2000, +0.1250, +0.0000, +0.1106, +0.1250, +0.1301, +0.1278, +0.1163, +0.1090, +0.0000, +0.1375, +0.2222, +0.1596, +0.1190, +0.2169, +0.3444, +0.3197, +0.3945, +0.5374, +0.4455, +0.5281, +0.5595, +0.6432, +0.5915, +0.6524, +0.7170, +0.6728, +0.6477, +0.6607, +0.6042, +0.7373, +0.6805, +0.7212, +0.6744, +0.6911, +0.6667, +0.6625, +0.7560, +0.6692, +0.6940, +0.7014, +0.7134, +0.7576, +0.6458, +0.6946, +0.7107, +0.6757, +0.7000, +0.7742, +0.7117, +0.7407, +0.7673, +0.7305, +0.6899, +0.7811, +0.8013, +0.7358, +0.7933, +0.7843, +0.7378, +0.7438, +0.7117, +0.7305, +0.7964, +0.8075, +0.8070, +0.7439, +0.8036, +0.7963, +0.7126, +0.7593, +0.7545, +0.7455, +0.7651, +0.7771, +0.7791, +0.7089, +0.7456, +0.7818, +0.7485, +0.7246, +0.8354, +0.8056, +0.8155, +0.7407, +0.8103, +0.7989, +0.7485, +0.8274, +0.8156, +0.7514, +0.8063, +0.7921, +0.8182, +0.8182, +0.8418, +0.8415, +0.7764, +0.7833, +0.8066, +0.7892, +0.7771, +0.8306, +0.7853, +0.8176, +0.8239, +0.8314, +0.7989, +0.7978, +0.8232, +0.8212, +0.7857, +0.8848, +0.7869, +0.8470, +0.7733, +0.8258, +0.8270, +0.8452, +0.8977, +0.8482, +0.8686, +0.8537, +0.8010, +0.8297, +0.8323, +0.8632, +0.8571, +0.8743, +0.7904, +0.8587, +0.8315, +0.7853, +0.8370, +0.8294, +0.8785, +0.8398, +0.8092, +0.8251, +0.8258, +0.8523, +0.8187, +0.8857, +0.8142, +0.8840, +0.8475, +0.7912, +0.8971, +0.8750, +0.8466, +0.8370, +0.8636, +0.8371, +0.9034, +0.8811, +0.8171, +0.8315, +0.8718, +0.8606, +0.8571, +0.8261, +0.8837, +0.8497, +0.8564, +0.7803, +0.8800, +0.8462, +0.7977, +0.8533, +0.8503, +0.8033, +0.8343, +0.8678, +0.7978, +0.8133, +0.8409, +0.8689, +0.8606, +0.8514, +0.8187, +0.8305, +0.8471, +0.8603, +0.8466, +0.8659, +0.8610, +0.8736, +0.8232, +0.8045, +0.8485, +0.8395, +0.8629, +0.8457, +0.7725, +0.8160, +0.8261, +0.8387, +0.8598, +0.8424, +0.8783, +0.8817, +0.8571, +0.8715, +0.8942, +0.8253, +0.8871, +0.8483, +0.8483, +0.8539, +0.8641, +0.8514, +0.8913, +0.8500, +0.8814, +0.8432, +0.8743, +0.8480, +0.8750, +0.8859, +0.8963, +0.9227, +0.9022, +0.8652, +0.8944, +0.9032, +0.8840, +0.8765, +0.8324, +0.9061, +0.9076, +0.8721, +0.8432, +0.8539, +0.8212, +0.8362, +0.8023, +0.7944, +0.8674, +0.8415, +0.8457, +0.8404, +0.8497, +0.8533, +0.8703, +0.8204, +0.8848, +0.8763, +0.9023, +0.8621, +0.8287, +0.8531, +0.8757, +0.8901, +0.8486, +0.8497, +0.8634, +0.8646, +0.8652, +0.9011, +0.8158, +0.8588, +0.8372, +0.8770, +0.9016, +0.8674, +0.7989, +0.8556, +0.8907, +0.8947, +0.8421, +0.8634, +0.8771, +0.9050, +0.8756, +0.9176, +0.8871, +0.9027, +0.9259, +0.8750, +0.8933, +0.8962, +0.8905, +0.8706, +0.8632, +0.9116, +0.8689, +0.8619, +0.8947, +0.8466, +0.9333, +0.8846, +0.9027, +0.8967, +0.8794, +0.8846, +0.8486, +0.8962, +0.9189, +0.8984, +0.8681, +0.8783, +0.8907, +0.8703, +0.8817, +0.8901, +0.8827, +0.8814, +0.9190, +0.9102, +0.9351, +0.9130, +0.8821, +0.8852, +0.9257, +0.8989, +0.9227, +0.9362, +0.9305, +0.9027, +0.9048, +0.9091, +0.9293, +0.8511, +0.8876, +0.9290, +0.8770, +0.8743, +0.9235, +0.8850, +0.8889, +0.8871, +0.8840, +0.9071, +0.9415, +0.9375, +0.8936, +0.9110, +0.9096, +0.9211, +0.9149, +0.9337, +0.8989, +0.8919, +0.8827, +0.9000, +0.9239, +0.9189, +0.8895, +0.9409, +0.8927, +0.8771, +0.8724, +0.9153, +0.8947, +0.9091, +0.9319, +0.8678, +0.9067, +0.9215, +0.8927, +0.8564, +0.9247, +0.9270, +0.9048, +0.9056, +0.9082, +0.9222, +0.9000, +0.8743, +0.8848, +0.8814, +0.9162, +0.9337, +0.9263, +0.8895, +0.8500, +0.8854, +0.9022, +0.8820, +0.9135, +0.9263, +0.9121, +0.8983, +0.9158, +0.8925, +0.8907, +0.8947, +0.9000, +0.8757, +0.9026, +0.8722, +0.8653, +0.8902, +0.8705, +0.8736, +0.8800, +0.8912, +0.9534, +0.9043, +0.9379, +0.9006, +0.9598, +0.8927, +0.8703, +0.9286, +0.9150, +0.8652, +0.9048, +0.9000, +0.9105, +0.8842, +0.8837, +0.8763, +0.9163, +0.8933, +0.8770, +0.9016, +0.8757, +0.8964, +0.9086, +0.9255, +0.9300, +0.9368, +0.9034, +0.8866, +0.9081, +0.9010, +0.9048, +0.8687, +0.9153, +0.9362, +0.9231, +0.9309, +0.8848, +0.8663, +0.9385, +0.8995, +0.8811, +0.8942, +0.9205, +0.9050, +0.9005, +0.9029, +0.9290, +0.8872, +0.9451, +0.9076, +0.9255, +0.9027, +0.9333, +0.8791, +0.9034, +0.9018, +0.9372, +0.9167, +0.8939, +0.9222, +0.9062, +0.9394, +0.9195, +0.8034, +0.9082, +0.9050, +0.9029, +0.9036, +0.9056, +0.8913, +0.9435, +0.9246, +0.9581, +0.9489, +0.9179, +0.8770, +0.8989, +0.9202, +0.9137, +0.9322, +0.8865, +0.9128, +0.9121, +0.9371, +0.9179, +0.9350, +0.9123, +0.9086, +0.9265, +0.9215, +0.9128, +0.8930, +0.8990, +0.9302, +0.8977, +0.9261, +0.9056, +0.8870, +0.9067, +0.9316, +0.9209, +0.9130, +0.9119, +0.9239, +0.8865, +0.9006, +0.8901, +0.8808, +0.8663, +0.9026, +0.9175, +0.8967, +0.9171, +0.9158, +0.9101, +0.9227, +0.9167, +0.8956, +0.9381, +0.9316, +0.9613, +0.8763, +0.9286, +0.9399, +0.8737, +0.9297, +0.9243, +0.9231, +0.8995, +0.9231, +0.9290, +0.8942, +0.9388, +0.9192, +0.8957, +0.8802, +0.8883, +0.9314, +0.9222, +0.9050, +0.9058, +0.9392, +0.9251, +0.8939, +0.9037, +0.8895, +0.9474, +0.9124, +0.9247, +0.8870, +0.8542, +0.9010, +0.8791, +0.8324, +0.8936, +0.8731, +0.9162, +0.8564, +0.9310, +0.9137, +0.9483, +0.8942, +0.9394, +0.9010, +0.9130, +0.9239, +0.9082, +0.9628, +0.9231, +0.8833, +0.9350, +0.9076, +0.9409, +0.9343, +0.9022, +0.9581, +0.9194, +0.9204, +0.8933, +0.8950, +0.8730, +0.9036, +0.9143, +0.9105, +0.9263, +0.9235, +0.9022, +0.9180, +0.8744, +0.8939, +0.8610, +0.8571, +0.8687, +0.9111, +0.8977, +0.8856, +0.8969, +0.9006, +0.8594, +0.9185, +0.8964, +0.9358, +0.9077, +0.8984, +0.9271, +0.9121, +0.9254, +0.9312, +0.9086, +0.9286, +0.9055, +0.9111, +0.8901, +0.9579, +0.8995, +0.9032, +0.9128, +0.9058, +0.9048, +0.9061, +0.9474, +0.9529, +0.9305, +0.9297, +0.9175, +0.9263, +0.9263, +0.9418, +0.9105, +0.9301, +0.9521, +0.9516, +0.8522, +0.8920, +0.9167, +0.9485, +0.8936, +0.8967, +0.9158, +0.9402, +0.9096, +0.9382, +0.9239, +0.9071, +0.9400, +0.9011, +0.9239, +0.9119, +0.9572, +0.9474, +0.8824, +0.9465, +0.9594, +0.9415, +0.9247, +0.9275, +0.9128, +0.9454, +0.9391, +0.9243, +0.9219, +0.9227, +0.9556, +0.8978, +0.8976, +0.9372, +0.9266, +0.8848, +0.8743, +0.9362, +0.9681, +0.9076, +0.8883, +0.9378, +0.9358, +0.9153, +0.9286, +0.9153, +0.9442, +0.9301, +0.9505, +0.8990, +0.9536, +0.8883, +0.9293, +0.9442, +0.9231, +0.9405, +0.9391, +0.9022, +0.9378, +0.9577, +0.9368, +0.9231, +0.9358, +0.9490, +0.9115, +0.9391, +0.9348, +0.9579, +0.9394, +0.8964, +0.9218, +0.9447, +0.9427, +0.9548, +0.9227, +0.9149, +0.9427, +0.9175, +0.9135, +0.9278, +0.9368, +0.9227, +0.9385, +0.8844, +0.9293, +0.9316, +0.9215, +0.8995, +0.9176, +0.9531, +0.9135, +0.8950, +0.9198, +0.9137, +0.9385, +0.9257, +0.9171, +0.9126, +0.9111, +0.9239, +0.9278, +0.8865, +0.9243, +0.9406, +0.9253, +0.9343, +0.8933, +0.9450, +0.9227, +0.9330, +0.9381, +0.9402, +0.9043, +0.9350, +0.8958, +0.9189, +0.9745, +0.9514, +0.9688, +0.9282, +0.9188, +0.9476, +0.9348, +0.9319, +0.9424, +0.9206, +0.9032, +0.9531, +0.9630, +0.9402, +0.9344, +0.9565, +0.9378, +0.9409, +0.9378, +0.9572, +0.9375, +0.9482, +0.9081, +0.9275, +0.9101, +0.8925, +0.9239, +0.9055, +0.9563, +0.9231, +0.9788, +0.9312, +0.9282, +0.9010, +0.9247, +0.9508, +0.9146, +0.9400, +0.9375, +0.9110, +0.9689, +0.9192, +0.9615, +0.9158, +0.9379, +0.9543, +0.9101, +0.9391, +0.9344, +0.9516, +0.9397, +0.9110, +0.9418, +0.9524, +0.9433, +0.9062, +0.9091, +0.9282, +0.9534, +0.9604, +0.9691, +0.9064, +0.9417, +0.9286, +0.9531, +0.9255, +0.9442, +0.9319, +0.9592, +0.9188, +0.8962, +0.9149, +0.9400, +0.9286, +0.9326, +0.9282, +0.9235, +0.9326, +0.9415, +0.9497, +0.9239, +0.9679, +0.9067, +0.9077, +0.9158, +0.9171, +0.8691, +0.9695, +0.9309, +0.9326, +0.9333, +0.9415, +0.9430, +0.9485, +0.9265, +0.9365, +0.9427, +0.9388, +0.9541, +0.9312, +0.9301, +0.9563, +0.9091, +0.9482, +0.9137, +0.9442, +0.9316, +0.9082, +0.9482, +0.9296, +0.9430, +0.9733, +0.9421, +0.9461, +0.9738, +0.9202, +0.9417, +0.9206, +0.9526, +0.9442, +0.9162, +0.9278, +0.9423, +0.9563, +0.9326, +0.9323, +0.9135, +0.9482, +0.9293, +0.9255, +0.9261, +0.9350, +0.9617, +0.9519, +0.9606, +0.9485, +0.9620, +0.9196, +0.9453, +0.9531, +0.9246, +0.9235, +0.9375, +0.9394, +0.9439, +0.9153, +0.9381, +0.9655, +0.9505, +0.9235, +0.9239, +0.9524, +0.9231, +0.9231, +0.9375, +0.9471, +0.9206, +0.9550, +0.9211, +0.9436, +0.9485, +0.9330, +0.9792, +0.9409, +0.9660, +0.9022, +0.9679, +0.9495, +0.9310, +0.9231, +0.9465, +0.9585, +0.9397, +0.9485, +0.9096, +0.9290, +0.9263, +0.8786, +0.9289, +0.9422, +0.9394, +0.9463, +0.9424, +0.9293, +0.9485, +0.9453, +0.8966, +0.9181, +0.9378, +0.9286, +0.9312, +0.9457, +0.9686, +0.9528, +0.9171, +0.9519, +0.9396, +0.9231, +0.9113, +0.9572, +0.9570, +0.9626, +0.9352, +0.9524, +0.9351, +0.9402, +0.9600, +0.9196, +0.9219, +0.9485, +0.9421, +0.9433, +0.9502, +0.9482, +0.9487, +0.9353, +0.9741, +0.9646, +0.9223, +0.9500, +0.9275, +0.9541, +0.9451, +0.9163, +0.9247, +0.9385, +0.9351, +0.9343, +0.9050, +0.9027, +0.9744, +0.9385, +0.9559, +0.9531, +0.9454, +0.9286, +0.9333, +0.9600, +0.9402, +0.9337, +0.9514, +0.9360, +0.9568, +0.8860, +0.9630, +0.9360, +0.9385, +0.9701, +0.9409, +0.9403, +0.8950, +0.9415, +0.9417, +0.9153, +0.9556, +0.9427, +0.9034, +0.9474, +0.9615, +0.9459, +0.9500, +0.9655, +0.9444, +0.9590, +0.9512, +0.9381, +0.9257, +0.9403, +0.9375, +0.9312, +0.9653, +0.9461, +0.9356, +0.9585, +0.9402, +0.9545, +0.9750, +0.9531, +0.9784, +0.9596, +0.9579, +0.9497, +0.9468, +0.9485, +0.9590, +0.9330, +0.9487, +0.9372, +0.9645, +0.9427, +0.9590, +0.9500, +0.9574, +0.9447, +0.9141, +0.9275, +0.9137, +0.9683, +0.9565, +0.9459, +0.9101, +0.9220, +0.9543, +0.9531, +0.9263, +0.9557, +0.9495, +0.9358, +0.9286, +0.9289, +0.9289, +0.9351, +0.9239, +0.9100, +0.9275, +0.9301, +0.9150, +0.9137, +0.9337, +0.9508, +0.9100, +0.9388, +0.9643, +0.9130, +0.9250, +0.9220, +0.9128, +0.9365, +0.9267, +0.9196, +0.9223, +0.8601, +0.9185, +0.8932, +0.9086, +0.9505, +0.9278, +0.9424, +0.9072, +0.9016, +0.9444, +0.9381, +0.9077, +0.9344, +0.9366, +0.9105, +0.9212, +0.9686, +0.9487, +0.9296, +0.9053, +0.9343, +0.9368, +0.9698, +0.9451, +0.9356, +0.9471, +0.9113, +0.9628, +0.9347, +0.9590, +0.9424, +0.9406, +0.9427, +0.9175, +0.9360, +0.9787, +0.9388, +0.9845, +0.9485, +0.9641, +0.9650, +0.9548, +0.9077, +0.9637, +0.9602, +0.9343, +0.9686, +0.9507, +0.9372, +0.9751, +0.9267, +0.9635, +0.9385, +0.9336, +0.9312, +0.9215, +0.9278, +0.9548, +0.9487, +0.9400, +0.9788, +0.9400, +0.9608, +0.9534, +0.9278, +0.9529, +0.9650, +0.9538, +0.9204, +0.9388, +0.9570, +0.9612, +0.9436, +0.9409, +0.9742, +0.9454, +0.9604, +0.9336, +0.9026, +0.9655, +0.9665, +0.9533, +0.9158, +0.9351, +0.9365, +0.9019, +0.9526, +0.9744, +0.9149, +0.9417, +0.9282, +0.9620, +0.9565, +0.9309, +0.9469, +0.9251, +0.9476, +0.9695, +0.9617, +0.9681, +0.9590, +0.9337, +0.9559, +0.9670, +0.9223, +0.9175, +0.9710, +0.9490, +0.9176, +0.9563, +0.9461, +0.9350, +0.9476, +0.9337, +0.9265, +0.9444, +0.9568, +0.9369, +0.9388, +0.9353, +0.9415, +0.9254, +0.9795, +0.9466, +0.9650, +0.9381, +0.9267, +0.9403, +0.9660, +0.9688, +0.9326, +0.9500, +0.9400, +0.9600, +0.9381, +0.9543, +0.9495, +0.9512, +0.9433, +0.9590, +0.9602, +0.9614, +0.9427, +0.9406, +0.9516, +0.9575, +0.9716, +0.9534, +0.9676, +0.9400, +0.9548, +0.9852, +0.9567, +0.9684, +0.9557, +0.9324, +0.9330, +0.9442, +0.9223, +0.9463, +0.9463, +0.9574, +0.9188, +0.9430, +0.9289, +0.9360, +0.9126, +0.9466, +0.9698, +0.9158, +0.9415, +0.9550, +0.9196, +0.9652, +0.9337, +0.9397, +0.9648, +0.9610, +0.9585, +0.9476, +0.9505, +0.9250, +0.9375, +0.9381, +0.9482, +0.9767, +0.9124, +0.9635, +0.9250, +0.9545, +0.9412, +0.9545, +0.9391, +0.9490, +0.9368, +0.9167, +0.9641, +0.9737, +0.9643, +0.9507, +0.9502, +0.9521, +0.9507, +0.9804, +0.9458, +0.9482, +0.9628, +0.9515, +0.9665, +0.9698, +0.9630, +0.9316, +0.9565, +0.9646, +0.9517, +0.9158, +0.9394, +0.9655, +0.9412, +0.9474, +0.9502, +0.9709, +0.9239, +0.9598, +0.9250, +0.9600, +0.9641, +0.9606, +0.9706, +0.9447, +0.9450, +0.9653, +0.9347, +0.9608, +0.9356, +0.9738, +0.9208, +0.9659, +0.9720, +0.9588, +0.9405, +0.9610, +0.9750, +0.9400, +0.9482, +0.9495, +0.9612, +0.9279, +0.9572, +0.9397, +0.9234, +0.9343, +0.9600, +0.9588, +0.9805, +0.9655, +0.9497, +0.9403, +0.9543, +0.9505, +0.9617, +0.9468, +0.9515, +0.9137, +0.9356, +0.9574, +0.9631, +0.9495, +0.9500, +0.9624, +0.9541, +0.9381, +0.9336, +0.9634, +0.9577, +0.9366, +0.9238, +0.9482, +0.9543, +0.9497, +0.9505, +0.9559, +0.9485, +0.9444, +0.9272, +0.9257, +0.9300, +0.9581, +0.9608, +0.9234, +0.9453, +0.9394, +0.9430, +0.9650, +0.9474, +0.9206, +0.9323, +0.8971, +0.9143, +0.9479, +0.9171, +0.9385, +0.9412, +0.9463, +0.9500, +0.9391, +0.9461, +0.9406, +0.9429, +0.9462, +0.9254, +0.9429, +0.9471, +0.9485, +0.9689, +0.9594, +0.9524, +0.9612, +0.9171, +0.9397, +0.9619, +0.9550, +0.9561, +0.9543, +0.9799, +0.9610, +0.9340, +0.9804, +0.9752, +0.9356, +0.9369, +0.9353, +0.9500, +0.9714, +0.9418, +0.9548, +0.9469, +0.9614, +0.9763, +0.9519, +0.9655, +0.9279, +0.9350, +0.9592, +0.9317, +0.9429, +0.9541, +0.9500, +0.9257, +0.9363, +0.9662, +0.9652, +0.9704, +0.9749, +0.9320, +0.9430, +0.9548, +0.9369, +0.9524, +0.9048, +0.9583, +0.9575, +0.9606, +0.9713, +0.9430, +0.9512, +0.9463, +0.9453, +0.9512, +0.9149, +0.8942, +0.9356, +0.9458, +0.9073, +0.9150, +0.9171, +0.9005, +0.9403, +0.9621, +0.9505, +0.8985, +0.9231, +0.9227, +0.9158, +0.9510, +0.9278, +0.9223, +0.9400, +0.9612, +0.9577, +0.9333, +0.9466, +0.9797, +0.9091, +0.9634, +0.9471, +0.9314, +0.9282, +0.9594, +0.9795, +0.9764, +0.9319, +0.9507, +0.9569, +0.9507, +0.9463, +0.9423, +0.8934, +0.9594, +0.9657, +0.9431, +0.9573, +0.9316, +0.9350, +0.9657, +0.9469, +0.9293, +0.9505, +0.9515, +0.9340, +0.9624, +0.9271, +0.9706, +0.9384, +0.9375, +0.9442, +0.9836, +0.9447, +0.9495, +0.9505, +0.9550, +0.9391, +0.9384, +0.9710, +0.9639, +0.9086, +0.9571, +0.9372, +0.9385, +0.9657, +0.9326, +0.9673, +0.9751, +0.9455, +0.9612, +0.9536, +0.9621, +0.9505, +0.9150, +0.9533, +0.9289, +0.9565, +0.9415, +0.9849, +0.9482, +0.9314, +0.9614, +0.9536, +0.9626, +0.9797, +0.9567, +0.9439, +0.9612, +0.9500, +0.9505, +0.9854, +0.9604, +0.9637, +0.9336, +0.9579, +0.9444, +0.9688, +0.9320, +0.9567, +0.9524, +0.9444, +0.9524, +0.9573, +0.9426, +0.9554, +0.9482, +0.9563, +0.9442, +0.9583, +0.9200, +0.9363, +0.9660, +0.9415, +0.9602, +0.9492, +0.9714, +0.9512, +0.9212, +0.9385, +0.9387, +0.9458, +0.9507, +0.9550, +0.9378, +0.9552, +0.9381, +0.9534, +0.9409, +0.9279, +0.9471, +0.9278, +0.9431, +0.9455, +0.9158, +0.9698, +0.9717, +0.9257, +0.9200, +0.9444, +0.9469, +0.9526, +0.9645, +0.9600, +0.9227, +0.9109, +0.8927, +0.9150, +0.9141, +0.9487, +0.9336, +0.9202, +0.9212, +0.9641, +0.9450, +0.9257, +0.9589, +0.9482, +0.9433, +0.9256, +0.9561, +0.9608, +0.9309, +0.9565, +0.9668, +0.9510, +0.9854, +0.9502, +0.9385, +0.9417, +0.9515, +0.9704, +0.9552, +0.9548, +0.9663, +0.9695, +0.9463, +0.9583, +0.9691, +0.9557, +0.9563, +0.9517, +0.9623, +0.9635, +0.9646, +0.9463, +0.9667, +0.9565, +0.9531, +0.9420, +0.9502, +0.9557, +0.9434, +0.9447, +0.9497, +0.9360, +0.9363, +0.9856, +0.9747, +0.9265, +0.9420, +0.9604, +0.9754, +0.9502, +0.9752, +0.9488, +0.9541, +0.9650, +0.9495, +0.9426, +0.9340, +0.9677, +0.9615, +0.9567, +0.9415, +0.9543, +0.9660, +0.9363, +0.9447, +0.9575, +0.9444, +0.9502, +0.9571, +0.9385, +0.9330, +0.9211, +0.9813, +0.9455, +0.9245, +0.9653, +0.9529, +0.9659, +0.9412, +0.9628, +0.9458, +0.9742, +0.9700, +0.9617, +0.9415, +0.9594, +0.9495, +0.9673, +0.9406, +0.9522, +0.9385, +0.9548, +0.9579, +0.9320, +0.9490, +0.9747, +0.9569, +0.9497, +0.9360, +0.9381, +0.9430, +0.9363, +0.9458, +0.9709, +0.9538, +0.9716, +0.9567, +0.9541, +0.9502, +0.9569, +0.9577, +0.9372, +0.9492, +0.9581, +0.9655, +0.9608, +0.9550, +0.9755, +0.9346, +0.9444, +0.9573, +0.9849, +0.9363, +0.9604, +0.9406, +0.9608, +0.9662, +0.9507, +0.9420, +0.9751, +0.9653, +0.9655, +0.9581, +0.9795, +0.9559, +0.9293, +0.9479, +0.9320, +0.9391, +0.9746, +0.9268, +0.9476, +0.9453, +0.9458, +0.9423, +0.9482, +0.9429, +0.9563, +0.9507, +0.9610, +0.9497, +0.9608, +0.9557, +0.9474, +0.9652, +0.9606, +0.9688, +0.9375, +0.9667, +0.9803, +0.9583, +0.9612, +0.9340, +0.9512, +0.9430, +0.9471, +0.9444, +0.9479, +0.9429, +0.9641, +0.9617, +0.9646, +0.9535, +0.9461, +0.9688, +0.9859, +0.9653, +0.9602, +0.9466, +0.9534, +0.9417, +0.9762, +0.9712, +0.9643, +0.9756, +0.9652, +0.9614, +0.9600, +0.9755, +0.9704, +0.9617, +0.9495, +0.9505, +0.9481, +0.9561, +0.9646, +0.9360]
            ep_return_mean: [+0.0000, +0.0000, -0.8509, +0.0000, -0.8682, +0.0000, -0.7932, -1.9700, +0.0490, -1.1593, -0.1482, -0.6348, +0.0000, -0.5805, +0.0000, -0.3935, -1.3290, -0.0203, -0.6906, +0.0332, -0.7432, +1.2900, -0.4281, -1.9200, -0.4227, -1.2358, -0.1320, -0.7466, -0.4513, -0.5405, -0.6460, -0.6360, -1.2600, -0.3289, -0.6275, -0.2773, -0.5889, -0.0623, -0.6365, +1.2590, -0.0615, -0.1800, +0.4674, +0.1543, +2.1267, +1.2912, +3.8480, +3.7966, +6.7861, +6.2876, +8.2402, +8.0020, +9.8333, +9.7683, +10.3775, +11.2260, +10.9391, +11.4743, +11.0661, +11.3033, +11.1708, +11.3380, +11.7103, +11.6725, +11.9019, +12.1682, +11.6365, +11.9525, +11.6467, +12.2445, +12.0538, +11.9941, +12.1501, +12.0710, +12.3569, +12.2752, +12.2923, +12.4029, +12.5780, +12.4013, +12.8618, +12.6483, +12.4459, +12.8073, +12.6999, +12.7700, +12.9590, +12.9427, +13.1073, +12.9780, +12.4529, +12.7819, +13.0452, +13.4081, +13.3979, +13.5476, +13.0412, +13.5550, +13.4684, +13.5359, +13.5102, +13.4497, +13.2643, +13.0708, +13.3695, +13.2675, +13.3682, +13.2724, +13.2865, +13.5004, +13.9178, +13.9444, +13.9101, +14.2202, +13.8802, +13.8316, +14.2738, +13.9982, +14.0397, +14.2216, +14.0471, +14.2537, +14.4589, +14.1703, +14.6891, +14.5896, +14.6408, +14.5151, +14.5436, +14.6480, +14.8186, +14.4910, +14.8146, +14.6497, +14.7141, +14.5651, +14.7933, +14.9692, +14.5856, +14.9827, +14.9586, +14.7267, +14.8015, +14.8157, +15.0146, +15.1355, +14.6607, +15.0141, +15.2283, +15.0746, +14.9354, +15.1560, +15.3324, +15.1152, +15.2579, +15.3037, +15.2361, +15.2148, +15.2685, +14.9866, +14.9292, +14.8860, +15.3101, +15.0385, +15.2107, +15.4048, +15.3564, +15.4027, +15.1339, +15.2223, +15.2216, +15.4169, +15.3310, +15.1804, +15.3856, +15.3586, +15.2654, +15.4445, +15.3843, +15.2363, +15.2961, +15.3884, +15.2232, +15.4006, +15.3592, +15.2193, +15.4862, +15.5838, +15.5371, +15.3937, +15.4539, +15.2913, +15.1653, +15.0483, +15.1338, +15.2612, +15.2350, +15.4123, +15.1790, +15.0948, +15.1644, +15.1282, +15.2937, +15.0019, +15.0096, +15.1497, +15.0114, +15.1593, +15.2811, +14.9570, +15.3978, +15.1284, +14.9663, +15.1374, +14.9440, +14.9466, +15.2778, +14.8975, +15.0631, +15.3791, +15.5571, +15.3917, +15.3000, +15.0982, +14.7540, +15.0616, +15.2000, +15.3927, +15.6324, +15.4151, +15.4432, +15.5643, +15.5372, +15.7764, +15.4688, +15.4458, +15.6309, +15.4610, +15.5014, +15.5264, +15.3965, +15.4243, +15.4225, +15.6164, +15.5668, +15.6149, +15.6339, +15.5493, +15.6826, +15.6100, +15.6547, +15.6780, +15.5192, +15.6839, +15.7880, +15.6266, +15.3661, +15.5604, +15.7096, +15.7426, +15.4328, +15.6284, +15.4083, +15.2738, +15.2643, +15.1175, +15.2888, +15.4245, +15.4622, +15.8041, +15.5788, +15.4371, +15.4882, +15.6119, +15.5092, +15.6949, +15.8386, +15.6328, +15.3318, +15.2105, +15.3874, +15.6578, +15.8481, +15.8370, +15.7544, +15.8327, +16.1650, +15.8338, +16.1971, +15.8569, +15.8541, +15.7849, +15.8760, +16.0004, +16.1512, +15.7723, +15.9745, +15.7952, +16.0324, +15.7182, +16.0451, +15.8956, +16.2250, +16.0798, +16.0571, +16.0159, +16.0972, +16.0681, +15.9661, +16.2595, +16.3737, +16.1283, +16.2576, +16.1656, +16.0315, +15.7107, +16.2266, +16.1036, +16.0874, +16.1704, +16.0765, +16.1633, +16.4437, +16.3252, +16.4674, +16.1839, +16.0180, +16.2733, +16.1686, +16.2926, +15.9964, +16.2292, +16.3184, +16.3269, +16.2023, +16.1659, +16.2530, +16.3126, +16.4127, +16.3569, +16.0704, +16.0784, +16.0410, +16.3144, +16.0167, +16.1721, +16.0989, +16.2969, +16.1819, +16.2485, +16.1583, +16.3216, +16.1654, +16.1295, +15.9786, +15.8991, +16.0898, +16.0442, +16.1039, +16.1882, +16.2898, +16.1719, +16.2393, +16.3532, +16.5277, +16.3728, +16.3008, +16.3741, +16.4941, +16.4047, +16.5298, +16.5111, +16.5884, +16.5162, +16.2079, +16.5612, +16.5399, +16.4666, +16.4877, +16.3550, +16.3210, +16.2091, +16.1788, +16.2040, +16.3802, +16.4021, +16.4667, +16.4660, +16.3708, +16.4510, +16.3903, +16.4851, +16.4435, +16.6954, +16.7103, +16.6148, +16.6529, +16.4605, +16.3769, +16.3392, +16.4182, +16.5818, +16.2742, +16.3892, +16.4958, +16.2469, +16.5262, +16.3230, +16.3264, +16.4755, +16.6040, +16.5659, +16.4611, +16.5505, +16.6426, +16.5233, +16.4152, +16.5147, +16.4667, +16.7368, +16.4915, +16.5488, +16.4141, +16.4954, +16.3040, +16.5802, +16.6719, +16.5835, +16.5177, +16.6959, +16.4574, +16.4950, +16.5380, +16.5973, +16.5442, +16.6192, +16.6895, +16.7819, +16.5635, +16.6550, +16.4570, +16.5642, +16.3754, +16.8005, +16.5641, +16.5672, +16.7124, +16.6553, +16.7912, +16.5625, +16.7351, +16.9711, +16.6981, +16.6991, +16.6925, +16.6599, +16.8046, +16.6365, +16.5294, +16.7709, +16.6595, +16.7015, +16.7096, +16.6120, +16.4997, +16.6011, +16.5307, +16.4992, +16.5615, +16.6455, +16.6480, +16.7442, +16.6979, +16.4039, +16.3953, +16.6833, +16.6691, +16.4611, +16.3090, +16.5166, +16.4939, +16.3379, +16.5349, +16.5035, +16.5705, +16.4552, +16.4449, +16.5808, +16.6177, +16.3389, +16.2092, +16.3334, +16.2861, +16.2911, +16.3812, +16.4565, +16.3690, +16.3957, +16.6011, +16.6278, +16.4747, +16.4113, +16.4441, +16.3742, +16.5113, +16.6138, +16.4988, +16.4307, +16.4799, +16.4564, +16.5727, +16.5902, +16.4330, +16.4882, +16.5108, +16.5630, +16.5520, +16.3793, +16.4538, +16.4451, +16.3964, +16.4236, +16.3817, +16.3364, +16.4566, +16.5076, +16.5306, +16.3194, +16.5306, +16.4488, +16.5022, +16.3389, +16.3496, +16.4726, +16.3631, +16.2927, +16.6036, +16.4066, +16.5844, +16.3882, +16.4965, +16.6161, +16.6080, +16.5048, +16.3665, +16.4935, +16.5650, +16.5351, +16.3770, +16.4800, +16.6389, +16.2488, +16.4192, +16.3868, +16.3450, +16.5258, +16.3015, +16.4635, +16.4488, +16.5775, +16.4725, +16.6733, +16.3674, +16.3409, +16.5248, +16.6750, +16.5728, +16.5016, +16.6407, +16.6624, +16.6157, +16.6287, +16.5447, +16.5658, +16.6123, +16.4329, +16.4862, +16.3684, +16.5779, +16.4796, +16.4135, +16.5308, +16.5165, +16.5710, +16.3648, +16.7665, +16.7070, +16.5059, +16.5908, +16.5150, +16.6176, +16.5730, +16.6470, +16.6492, +16.5570, +16.6482, +16.3894, +16.6115, +16.8849, +16.9183, +16.8190, +16.9437, +16.8380, +16.8202, +16.8121, +16.7590, +16.7853, +16.8416, +16.8833, +16.7611, +16.9110, +16.6961, +16.7454, +16.8386, +16.8827, +16.7318, +16.9736, +16.7962, +16.7535, +16.8662, +16.8443, +16.8389, +16.9649, +16.9045, +16.9632, +16.7839, +16.7883, +16.8434, +16.9697, +16.9597, +16.8609, +16.9936, +17.0085, +16.9854, +17.0250, +16.9816, +16.8875, +16.8336, +16.7786, +16.8264, +16.8963, +16.8635, +16.7688, +16.9692, +16.8885, +17.1370, +16.9874, +16.8656, +16.8790, +16.9271, +16.9221, +16.9773, +16.9162, +17.0131, +17.0085, +17.1492, +16.9423, +17.0936, +17.1232, +17.0089, +16.8980, +16.8755, +17.1862, +16.9155, +17.1014, +16.9432, +16.9396, +17.0802, +16.9844, +16.9439, +17.0843, +16.9911, +17.1590, +17.0601, +17.0940, +16.9757, +16.9870, +16.9017, +16.9354, +17.1463, +17.2068, +17.1315, +17.1543, +17.0110, +17.1724, +17.0612, +17.1096, +17.0583, +16.9863, +17.2114, +16.9883, +17.1497, +17.1474, +16.9799, +16.8328, +17.1167, +17.0818, +17.0742, +16.8784, +16.9935, +17.0499, +16.9931, +17.0116, +17.1532, +16.8736, +17.0022, +17.1057, +17.1660, +17.0636, +17.1652, +17.1539, +17.1275, +17.2073, +17.2164, +17.1366, +17.0893, +17.0008, +17.1770, +17.2152, +17.1364, +17.1840, +17.1310, +17.1384, +17.3085, +17.2397, +17.3070, +17.2516, +17.2035, +17.2428, +17.1456, +17.0730, +17.3483, +17.1012, +17.1494, +17.1159, +17.1822, +17.0293, +17.1265, +17.0546, +17.1590, +17.1683, +17.2304, +17.2406, +17.1820, +17.0083, +17.1847, +17.0797, +17.0217, +17.2159, +17.1422, +17.2451, +17.1578, +17.0998, +17.1498, +17.2079, +17.3239, +17.0556, +17.2104, +17.0974, +17.1232, +17.1178, +17.0535, +17.1749, +17.0389, +16.9317, +17.1082, +16.9461, +17.1481, +17.0940, +17.0807, +17.1724, +17.1025, +17.0550, +17.1649, +17.0315, +17.1127, +17.0691, +17.1369, +17.2619, +16.8524, +17.0371, +17.1694, +16.9482, +17.0413, +16.8667, +16.9831, +16.9304, +16.9984, +16.8662, +16.8928, +17.0439, +16.8613, +17.1845, +17.0579, +17.0693, +17.1399, +17.1996, +16.9831, +17.1614, +16.9194, +17.0465, +17.0929, +17.0819, +17.0877, +17.0811, +17.0770, +17.0988, +16.9198, +16.8466, +16.8468, +17.0224, +17.1234, +17.1320, +17.0259, +17.1658, +17.0476, +16.9346, +17.1733, +16.9040, +16.8226, +16.8300, +17.1162, +17.0713, +17.0203, +17.0815, +17.1612, +17.2165, +17.1426, +17.2630, +17.2117, +17.1287, +17.0857, +17.1180, +17.2088, +17.1584, +17.3305, +17.2659, +17.1431, +17.3581, +17.2145, +17.2160, +17.2690, +17.1678, +17.3649, +17.1863, +17.1218, +17.0529, +17.1379, +17.2108, +17.2521, +17.2050, +17.1776, +17.2750, +17.2073, +17.2880, +17.2904, +17.3079, +17.1561, +17.2629, +17.2271, +17.1256, +17.1390, +17.2630, +17.0933, +17.0883, +17.2482, +17.4308, +17.2575, +17.3333, +17.3487, +17.2463, +17.3501, +17.2945, +17.1824, +17.2800, +17.3663, +17.3009, +17.3034, +17.2836, +17.4791, +17.4136, +17.4868, +17.4182, +17.3810, +17.2848, +17.2670, +17.4083, +17.2918, +17.1767, +17.3548, +17.2984, +17.3108, +17.5514, +17.2646, +17.2999, +17.2432, +17.4578, +17.3569, +17.4469, +17.1927, +17.3337, +17.4146, +17.3332, +17.2202, +17.3333, +17.3062, +17.3102, +17.3018, +17.3374, +17.3789, +17.3644, +17.3318, +17.2652, +17.5586, +17.3096, +17.3268, +17.3946, +17.3635, +17.3530, +17.3043, +17.2985, +17.2682, +17.4641, +17.4087, +17.2080, +17.2590, +17.3547, +17.2399, +17.1158, +17.3883, +17.4015, +17.3111, +17.2542, +17.3020, +17.3642, +17.3485, +17.3384, +17.2954, +17.5063, +17.4145, +17.2748, +17.2847, +17.3188, +17.1743, +17.2984, +17.1869, +17.4088, +17.2509, +17.3629, +17.2546, +17.3314, +17.2852, +17.3103, +17.3243, +17.3718, +17.3199, +17.4307, +17.3811, +17.4487, +17.3402, +17.5140, +17.2617, +17.2559, +17.1581, +17.2587, +17.2727, +17.4424, +17.3945, +17.3163, +17.4209, +17.4009, +17.2572, +17.3024, +17.3852, +17.3530, +17.3821, +17.5325, +17.3417, +17.3734, +17.2409, +17.2311, +17.3973, +17.3844, +17.4820, +17.4046, +17.4188, +17.3614, +17.4867, +17.5751, +17.3095, +17.4751, +17.4924, +17.5280, +17.5202, +17.5134, +17.5086, +17.4012, +17.4017, +17.3025, +17.4525, +17.4606, +17.3800, +17.3763, +17.2730, +17.3108, +17.3546, +17.4452, +17.3910, +17.4930, +17.4774, +17.4276, +17.3068, +17.3800, +17.3763, +17.3432, +17.2639, +17.4121, +17.4036, +17.2257, +17.3317, +17.4178, +17.3390, +17.3973, +17.3047, +17.2669, +17.2439, +17.3467, +17.3462, +17.2785, +17.3187, +17.2502, +17.2641, +17.3673, +17.3143, +17.4350, +17.3875, +17.4940, +17.2874, +17.3858, +17.2855, +17.4849, +17.4005, +17.4279, +17.3191, +17.3980, +17.3532, +17.2672, +17.4085, +17.4203, +17.3052, +17.4131, +17.3580, +17.2804, +17.3994, +17.2701, +17.4254, +17.4716, +17.3880, +17.4984, +17.4051, +17.4287, +17.4064, +17.3709, +17.3705, +17.4606, +17.4317, +17.4425, +17.4743, +17.4618, +17.4349, +17.4611, +17.5550, +17.4265, +17.4461, +17.4506, +17.3737, +17.4994, +17.3487, +17.4325, +17.4364, +17.4101, +17.4603, +17.5081, +17.4019, +17.3974, +17.3842, +17.3381, +17.3501, +17.3602, +17.4178, +17.4932, +17.3809, +17.3238, +17.3840, +17.4238, +17.3751, +17.4346, +17.4258, +17.3843, +17.3776, +17.4027, +17.4480, +17.4739, +17.3803, +17.3644, +17.4346, +17.3012, +17.5620, +17.3594, +17.4163, +17.4171, +17.5351, +17.3960, +17.4868, +17.4465, +17.3221, +17.5515, +17.4236, +17.3627, +17.3324, +17.2915, +17.5409, +17.6313, +17.3427, +17.3754, +17.3336, +17.2723, +17.3629, +17.4472, +17.3586, +17.4418, +17.4747, +17.4273, +17.5280, +17.5411, +17.5437, +17.4632, +17.5695, +17.5451, +17.4667, +17.4967, +17.5642, +17.4457, +17.5102, +17.3638, +17.4050, +17.6058, +17.5715, +17.4444, +17.5022, +17.4951, +17.5794, +17.5017, +17.4754, +17.4959, +17.4391, +17.4853, +17.6245, +17.4060, +17.3904, +17.4941, +17.5644, +17.5385, +17.4434, +17.5071, +17.4481, +17.7122, +17.4665, +17.3852, +17.4862, +17.4729, +17.5407, +17.5529, +17.4851, +17.3708, +17.5750, +17.4608, +17.4999, +17.4942, +17.5125, +17.3814, +17.5022, +17.5755, +17.4790, +17.5477, +17.5988, +17.5840, +17.5825, +17.4679, +17.5810, +17.5439, +17.4466, +17.4918, +17.5320, +17.5065, +17.4430, +17.5203, +17.5536, +17.6896, +17.5438, +17.4793, +17.5579, +17.6663, +17.5406, +17.5512, +17.4600, +17.4276, +17.3483, +17.4824, +17.5312, +17.4049, +17.5409, +17.6167, +17.5148, +17.5955, +17.5317, +17.5014, +17.5213, +17.5113, +17.4947, +17.5062, +17.4495, +17.5785, +17.5635, +17.4320, +17.5042, +17.4293, +17.4495, +17.6217, +17.6156, +17.5383, +17.4904, +17.4665, +17.5715, +17.5734, +17.5959, +17.4202, +17.5159, +17.5522, +17.6682, +17.5160, +17.5218, +17.5586, +17.4614, +17.6063, +17.5932, +17.5351, +17.6295, +17.4968, +17.5890, +17.6871, +17.6311, +17.6008, +17.6679, +17.6511, +17.4729, +17.5724, +17.7595, +17.6295, +17.6600, +17.5857, +17.5823, +17.5649, +17.5134, +17.5189, +17.4141, +17.6009, +17.5011, +17.4243, +17.5693, +17.4704, +17.6210, +17.5865, +17.6011, +17.4870, +17.5634, +17.3898, +17.5532, +17.5159, +17.5871, +17.5633, +17.6298, +17.6302, +17.4827, +17.5674, +17.5509, +17.5606, +17.3596, +17.5715, +17.4872, +17.6179, +17.5369, +17.5296, +17.6435, +17.4449, +17.5380, +17.5595, +17.6565, +17.7180, +17.5880, +17.4931, +17.4954, +17.5506, +17.6101, +17.5643, +17.5999, +17.5945, +17.4780, +17.5489, +17.5630, +17.6820, +17.6442, +17.4246, +17.6240, +17.6483, +17.5920, +17.5081, +17.5233, +17.5678, +17.5513, +17.5393, +17.4981, +17.6166, +17.6786, +17.5862, +17.5863, +17.5281, +17.7084, +17.5238, +17.6193, +17.6147, +17.6867, +17.4466, +17.5036, +17.6721, +17.5992, +17.6542, +17.5540, +17.6013, +17.6331, +17.6526, +17.5949, +17.5906, +17.5503, +17.5607, +17.5401, +17.5995, +17.4837, +17.5543, +17.4711, +17.6979, +17.7356, +17.4753, +17.5781, +17.5920, +17.5157, +17.6192, +17.4625, +17.6966, +17.7961, +17.6309, +17.6876, +17.6125, +17.6301, +17.6294, +17.5766, +17.6865, +17.6593, +17.5476, +17.6904, +17.4758, +17.6403, +17.6396, +17.5260, +17.6852, +17.5939, +17.7360, +17.4817, +17.5583, +17.5011, +17.6820, +17.6586, +17.4513, +17.6393, +17.5896, +17.5746, +17.5070, +17.5432, +17.4489, +17.6652, +17.6173, +17.4568, +17.6291, +17.5610, +17.6913, +17.5391, +17.6721, +17.5786, +17.6339, +17.5818, +17.6038, +17.5884, +17.5419, +17.5824, +17.6261, +17.5666, +17.6198, +17.6659, +17.5071, +17.5589, +17.5782, +17.4736, +17.6044, +17.6578, +17.6035, +17.5465, +17.6468, +17.5600, +17.6356, +17.6555, +17.7146, +17.4871, +17.4882, +17.6426, +17.5854, +17.6329, +17.6125, +17.6542, +17.7691, +17.5957, +17.7891, +17.5723, +17.6560, +17.6642, +17.6925, +17.5890, +17.6809, +17.8456, +17.4866, +17.6252, +17.6020, +17.6062, +17.6311, +17.7027, +17.7170, +17.7193, +17.5526, +17.5061, +17.6486, +17.7369, +17.6510, +17.6817, +17.5754, +17.6655, +17.5791, +17.6213, +17.7479, +17.8684, +17.7274, +17.6272, +17.7159, +17.5833, +17.6210, +17.4771, +17.6363, +17.5469, +17.6100, +17.6668, +17.6636, +17.7678, +17.6218, +17.6567, +17.6371, +17.6349, +17.6897, +17.6669, +17.5373, +17.6875, +17.5876, +17.6665, +17.6891, +17.3968, +17.5458, +17.6449, +17.6407, +17.6598, +17.5378, +17.6530, +17.5900, +17.4721, +17.7005, +17.6156, +17.5727, +17.6759, +17.5870, +17.6539, +17.7935, +17.5607, +17.6169, +17.5172, +17.5633, +17.6346, +17.5458, +17.7425, +17.7883, +17.6591, +17.6503, +17.6932, +17.5832, +17.7702, +17.6930, +17.7036, +17.7617, +17.5828, +17.6215, +17.7012, +17.7689, +17.6789, +17.6310, +17.7187, +17.6086, +17.5485, +17.5572, +17.6270, +17.7239, +17.6995, +17.7120, +17.6452, +17.6623, +17.6169, +17.6590, +17.5932, +17.7227, +17.5764, +17.7187, +17.4118, +17.5551, +17.6332, +17.6664, +17.7537, +17.5999, +17.5789, +17.5941, +17.5607, +17.6962, +17.5456, +17.5474, +17.6284, +17.5464, +17.7641, +17.5873, +17.6990, +17.9031, +17.6571, +17.5719, +17.6933, +17.6112, +17.6352, +17.6685, +17.6859, +17.5596, +17.5187, +17.6435, +17.6520, +17.5682, +17.5864, +17.6837, +17.6347, +17.6721, +17.6318, +17.5859, +17.6450, +17.5446, +17.7585, +17.5820, +17.7368, +17.6361, +17.7625, +17.5798, +17.7188, +17.6823, +17.6368, +17.5848, +17.6906, +17.7812, +17.5911, +17.7142, +17.5610, +17.7182, +17.5276, +17.6526, +17.7170, +17.5228, +17.5443, +17.6918, +17.6284, +17.6192, +17.7677, +17.6448, +17.6107, +17.6198, +17.6940, +17.6250, +17.7479, +17.6362, +17.5588, +17.6316, +17.6305, +17.4972, +17.6643, +17.6893, +17.6369, +17.6838, +17.6071, +17.6314, +17.6994, +17.6613, +17.5723, +17.7169, +17.7686, +17.6668, +17.8209, +17.7428, +17.6690, +17.5334, +17.6568, +17.4730, +17.7419, +17.6134, +17.5392, +17.7336, +17.6342, +17.5359, +17.6351, +17.6414, +17.5128, +17.6702, +17.6692, +17.6096, +17.5847, +17.6613, +17.5407, +17.5507, +17.5440, +17.6932, +17.6737, +17.8014, +17.6384, +17.6776, +17.6521, +17.7702, +17.7159, +17.5901, +17.6692, +17.5768, +17.5749, +17.5037, +17.7590, +17.6489, +17.7123, +17.7404, +17.6336, +17.6181, +17.6380, +17.7154, +17.7406, +17.7700, +17.5295, +17.7096, +17.6197, +17.5999, +17.6593, +17.6233, +17.7583, +17.6260, +17.6292, +17.7360, +17.5099, +17.6701, +17.7043, +17.7368, +17.5495, +17.8154, +17.5269, +17.6958, +17.6686, +17.5802, +17.6156, +17.5236, +17.4787, +17.6998, +17.7486, +17.7024, +17.6080, +17.5669, +17.6534, +17.6443, +17.6364, +17.6968, +17.7795, +17.5994, +17.6790, +17.6598, +17.5670, +17.6066, +17.6474, +17.6244, +17.6977, +17.7227, +17.6914, +17.7317, +17.7166, +17.6547, +17.7261, +17.6579, +17.6992, +17.5791, +17.6728, +17.5571, +17.7777, +17.4864, +17.6385, +17.7454, +17.6611, +17.7062, +17.6548, +17.7131, +17.7207, +17.6906, +17.6062, +17.5373, +17.7249, +17.5681, +17.5722, +17.5807, +17.6749, +17.6933, +17.6051, +17.5432, +17.6176, +17.6808, +17.6130, +17.6536, +17.5898, +17.6864, +17.6773, +17.6414, +17.7309, +17.7639, +17.7068, +17.6803, +17.7419, +17.6941, +17.6781, +17.6489, +17.6043, +17.7011, +17.5583, +17.7330, +17.6639, +17.7830, +17.7506, +17.5604, +17.8370, +17.7509, +17.7079, +17.6662, +17.7394, +17.6601, +17.6794, +17.5869, +17.6374, +17.5529, +17.4905, +17.4536, +17.5960, +17.6901, +17.6573, +17.6618, +17.6332, +17.5558, +17.6855, +17.6204, +17.6282, +17.6172, +17.6153, +17.6733, +17.5766, +17.7416, +17.6735, +17.7245, +17.6723, +17.5313, +17.7034, +17.7278, +17.6465, +17.5562, +17.6379, +17.6172, +17.7369, +17.5387, +17.6684, +17.7075, +17.6380, +17.8348, +17.6626, +17.7420, +17.6130, +17.5310, +17.7255, +17.7278, +17.6037, +17.7317, +17.5676, +17.5565, +17.7550, +17.5751, +17.7499, +17.7372, +17.5800, +17.7104, +17.7608, +17.7173, +17.6042, +17.6817, +17.7376, +17.6252, +17.7031, +17.6544, +17.5743, +17.6058]
            ep_length_mean: [+0.0000, +0.0000, +289.4609, +0.0000, +289.6055, +0.0000, +288.8431, +298.0000, +282.9500, +291.3846, +281.0909, +288.5633, +0.0000, +288.4531, +0.0000, +287.1806, +293.1035, +283.9091, +289.0479, +283.5200, +289.4329, +275.0000, +287.5297, +293.0000, +287.4225, +292.6977, +284.7983, +289.1898, +286.2258, +288.8178, +286.8000, +288.0040, +294.3333, +286.3606, +290.0000, +286.3903, +288.2256, +285.7442, +288.6303, +278.1000, +285.5792, +287.3333, +283.7606, +287.5714, +275.8976, +280.4889, +265.1701, +268.0367, +251.0000, +255.4454, +239.8820, +245.8690, +231.9906, +229.4789, +224.2667, +218.9811, +220.9568, +214.9205, +218.1071, +215.2865, +214.7458, +215.6568, +211.7515, +213.0853, +210.5864, +208.9225, +212.4688, +210.3333, +212.0385, +208.3169, +209.3194, +211.3694, +208.1697, +209.0000, +206.7365, +206.1698, +207.9662, +205.7882, +205.7226, +205.4662, +201.3827, +203.1572, +203.8802, +201.6709, +203.1775, +202.5497, +201.3082, +202.6704, +198.3268, +200.5732, +205.3188, +201.4908, +200.1916, +197.1677, +198.4224, +196.8596, +199.7927, +197.3750, +198.7099, +199.5090, +198.2654, +198.4491, +198.9697, +200.0121, +199.9236, +200.5756, +198.6329, +199.1124, +198.5879, +197.4386, +194.5808, +193.2256, +193.5667, +191.5714, +193.0679, +193.3678, +192.1035, +191.3773, +192.7857, +191.5810, +191.4393, +189.3625, +190.5337, +190.9318, +188.7091, +190.1356, +187.7923, +188.3292, +187.4500, +186.9116, +185.8554, +188.2514, +185.8689, +187.5480, +186.7706, +188.1818, +188.3430, +185.2471, +188.3443, +186.7073, +185.0224, +187.1648, +187.8727, +187.9672, +184.0820, +184.6570, +185.1068, +183.9189, +182.1429, +184.8580, +184.3246, +182.9257, +183.1402, +183.8316, +181.7747, +184.1180, +182.2211, +182.6931, +183.2171, +184.4731, +184.5598, +184.1405, +181.9944, +184.6087, +183.4529, +182.6519, +184.1436, +181.9769, +184.2896, +184.5562, +183.9375, +181.9670, +183.3200, +184.6066, +182.9006, +182.2768, +183.8022, +182.3600, +184.3068, +184.7557, +184.0978, +183.3239, +183.3259, +183.8239, +182.7135, +185.2571, +182.0000, +179.8513, +181.0364, +183.7308, +183.1359, +184.3430, +186.4509, +187.0608, +185.5145, +184.5314, +185.7308, +183.9422, +185.3750, +186.3473, +185.6557, +186.2857, +184.1437, +187.0055, +187.4398, +186.5284, +187.7049, +187.6000, +187.1600, +188.0055, +184.0678, +186.3294, +188.7710, +187.1875, +188.1098, +188.3155, +185.7356, +187.8293, +186.4246, +184.7020, +182.4877, +184.7486, +185.3830, +187.8264, +189.5521, +187.2391, +186.1398, +183.8902, +183.3967, +183.5027, +182.2426, +182.2088, +181.3352, +179.9736, +183.5060, +183.2796, +182.2753, +182.8146, +182.7416, +184.1141, +183.6971, +181.7065, +182.6056, +180.4689, +181.6054, +181.9945, +180.7778, +181.0052, +180.5706, +180.6341, +180.1598, +181.0380, +180.9607, +179.4722, +178.9247, +181.1216, +183.9529, +182.2541, +180.6354, +181.1576, +183.1163, +180.9081, +182.4045, +184.5419, +183.7232, +185.8721, +185.3111, +183.4807, +182.3661, +181.0229, +182.2234, +182.6243, +181.9022, +182.5568, +180.5928, +180.2932, +180.3817, +179.8391, +184.9770, +186.4641, +183.9604, +180.6973, +179.3626, +180.2487, +180.0867, +179.5355, +176.7708, +180.1461, +178.3077, +180.7421, +179.5198, +182.5523, +181.7861, +179.8798, +178.3204, +179.2880, +179.4973, +181.6339, +179.9123, +180.7947, +179.8251, +180.4749, +178.0056, +178.0933, +177.3242, +177.8495, +176.6108, +176.9841, +179.1250, +175.5899, +175.6612, +178.0348, +174.4118, +178.0474, +178.5746, +181.2514, +176.3647, +177.3369, +177.1905, +177.3945, +178.1648, +177.6487, +175.2772, +175.8342, +174.0330, +177.7730, +178.1202, +175.9297, +177.9144, +175.4231, +178.2804, +176.3115, +175.7892, +175.5323, +177.6754, +176.5810, +176.1469, +176.1524, +175.5210, +178.4865, +179.1250, +177.5282, +179.1311, +176.7486, +179.2553, +176.7901, +177.4893, +176.9626, +176.8811, +176.5767, +178.6420, +176.5054, +177.2819, +178.3820, +180.4044, +181.1016, +178.1147, +177.9353, +178.8200, +178.4167, +178.1613, +179.0442, +179.1694, +177.8457, +176.1307, +178.0266, +178.4031, +176.0226, +176.0316, +176.4574, +175.0608, +177.0904, +175.5351, +177.0950, +180.1947, +176.1522, +176.0162, +176.6526, +177.9194, +178.5028, +178.0000, +180.5969, +180.7175, +181.0585, +179.9786, +178.3141, +177.1322, +177.1503, +178.2775, +177.4576, +178.4144, +178.1720, +179.3202, +177.3122, +176.1445, +176.6173, +177.9611, +178.6833, +179.7596, +179.8482, +176.7514, +177.2722, +177.7459, +177.4790, +176.2265, +177.5945, +178.0000, +179.1141, +178.5450, +178.0919, +176.7368, +175.8352, +178.1638, +176.2421, +174.9140, +176.7104, +177.0105, +177.1632, +177.0339, +176.4256, +176.7056, +175.6788, +177.7514, +177.8757, +178.7198, +176.7143, +176.4508, +175.8705, +176.9734, +175.7966, +175.6077, +177.6332, +177.3220, +175.7351, +176.3462, +176.7800, +175.7191, +175.0794, +176.7944, +176.9474, +177.0842, +176.2616, +177.7419, +175.7635, +176.3427, +175.3209, +175.4590, +177.0378, +174.9897, +176.1771, +175.6489, +173.4050, +173.7053, +175.0568, +174.7784, +175.4811, +175.4115, +175.9881, +177.2980, +174.5767, +174.6064, +173.9286, +174.4362, +175.3089, +177.2086, +174.8101, +177.2222, +177.3622, +177.3439, +175.2500, +176.4250, +174.7801, +175.3314, +177.0546, +176.9128, +174.0879, +175.7880, +177.2553, +178.3622, +176.4333, +175.8187, +177.8696, +176.2822, +176.1047, +175.6771, +176.9944, +176.3111, +176.7500, +175.1010, +177.7184, +178.9157, +177.9541, +178.1062, +179.6514, +177.8223, +177.4000, +176.7065, +176.7175, +175.1407, +174.7853, +175.6875, +176.3539, +176.2888, +176.0337, +176.5372, +174.0457, +174.3898, +177.1135, +175.7077, +176.8022, +175.1600, +176.0667, +175.7100, +177.4444, +176.1543, +175.5637, +174.4346, +177.1279, +175.8556, +177.5707, +176.5930, +176.2159, +178.3300, +177.6278, +176.9040, +176.6529, +176.1000, +176.9266, +177.5598, +176.2591, +176.0109, +178.1027, +178.5746, +176.2912, +178.0259, +178.7442, +174.7333, +174.2113, +175.4783, +176.3923, +174.2000, +174.5609, +174.9021, +175.9333, +175.2473, +174.3763, +174.2579, +175.0939, +175.6083, +176.1044, +172.8689, +177.1737, +176.6270, +177.1351, +176.2802, +175.0370, +176.9744, +177.0237, +175.7937, +174.6735, +175.3434, +174.2086, +176.5208, +175.5777, +174.7543, +173.5056, +173.3400, +173.6544, +172.8950, +172.8235, +173.7677, +175.1123, +174.6906, +174.1737, +174.9897, +174.7097, +175.6497, +176.9479, +174.4115, +175.0275, +175.5568, +174.5851, +174.5482, +173.8715, +174.8232, +171.6946, +171.3959, +174.3736, +172.8095, +175.1667, +172.0156, +173.8696, +174.1576, +173.1786, +174.6543, +173.1539, +176.8167, +175.0300, +172.3206, +170.6989, +173.3384, +173.0326, +173.8586, +173.4409, +172.9701, +174.4438, +175.1768, +175.5185, +174.7868, +175.3657, +173.6790, +175.5000, +173.3418, +173.6576, +173.8852, +175.2663, +172.5475, +175.6471, +175.2434, +174.7374, +175.0889, +175.4261, +173.7662, +173.3608, +173.0111, +173.8021, +173.7446, +172.9068, +172.8770, +172.2667, +174.5722, +172.2969, +170.4176, +172.7214, +171.6138, +171.9624, +173.0879, +173.8308, +173.8056, +173.9633, +174.0842, +173.8624, +174.2419, +171.3231, +173.0367, +171.6349, +174.4972, +173.4316, +173.9895, +172.8128, +174.3730, +172.8505, +175.2842, +173.0316, +172.7196, +172.1790, +173.7204, +173.6436, +173.5538, +173.3251, +174.6818, +173.0521, +172.7887, +174.8032, +172.0815, +175.2421, +174.5326, +175.5213, +175.7360, +174.3604, +175.2459, +172.4200, +173.1319, +174.0109, +174.5337, +173.8931, +174.5842, +175.3530, +173.6043, +172.0711, +171.4574, +171.6344, +171.6477, +173.3590, +171.4044, +173.4010, +172.0054, +171.6094, +172.9897, +172.0500, +172.9247, +172.9902, +173.0628, +174.2203, +176.4974, +174.2131, +175.3564, +174.5106, +175.7174, +175.0585, +174.7617, +173.7754, +174.0212, +174.2692, +174.4603, +174.6904, +172.5860, +172.4286, +172.8485, +172.2784, +171.9149, +173.3098, +171.0965, +170.4256, +170.9460, +171.1015, +172.2554, +171.4715, +170.7619, +171.8684, +171.5949, +171.3316, +170.6326, +170.7865, +170.9340, +170.7283, +171.5105, +170.5960, +171.1710, +171.1453, +173.1206, +169.4427, +170.8141, +170.5801, +172.4893, +172.3698, +173.3763, +172.5027, +172.4124, +170.1369, +168.8454, +169.5385, +169.5578, +170.6033, +171.9211, +170.9110, +172.4573, +172.9835, +172.6875, +173.1135, +169.7400, +171.8931, +171.5888, +171.8548, +172.7030, +170.9068, +173.1475, +172.7111, +172.3401, +173.3557, +172.8270, +174.3351, +173.5049, +173.3161, +174.3030, +172.9944, +175.9100, +172.3812, +171.5876, +172.3969, +171.5652, +171.1383, +173.0950, +170.9479, +172.7189, +170.6225, +173.3297, +172.1719, +171.6077, +174.2843, +174.0367, +170.7663, +172.8796, +173.0942, +175.1429, +173.4462, +174.9323, +173.7302, +175.8424, +174.5300, +176.1794, +175.8239, +171.7634, +172.9119, +172.6417, +172.9167, +172.8705, +173.1946, +172.5078, +172.0106, +173.6237, +171.8315, +172.1194, +173.7978, +172.0410, +170.6878, +172.7778, +172.1128, +173.8385, +173.5054, +171.5027, +171.6382, +171.9650, +172.7955, +171.7435, +172.3731, +172.9949, +171.1484, +174.3790, +174.5367, +173.9645, +171.0423, +171.8782, +172.8142, +173.3817, +173.4372, +171.9633, +171.0741, +170.2487, +169.7113, +171.4115, +172.1667, +171.4807, +170.9068, +170.1535, +169.2887, +170.5497, +169.8738, +169.7908, +170.7240, +169.4574, +168.5127, +169.4293, +168.0765, +171.1472, +170.9399, +171.8032, +171.8800, +170.6071, +171.0955, +170.5333, +172.3775, +170.5648, +170.3351, +168.8794, +169.4467, +168.7594, +170.4145, +169.4000, +170.2421, +171.9016, +170.1937, +170.1371, +170.4521, +170.9223, +170.3539, +168.9362, +169.6943, +167.9639, +168.2843, +169.7831, +168.7292, +169.9694, +169.3214, +169.0900, +169.3387, +169.7864, +168.6738, +169.7099, +168.5228, +168.4061, +168.7263, +167.9031, +169.3886, +169.7035, +169.7979, +168.9840, +169.0895, +170.1373, +168.7120, +168.7447, +169.7816, +166.0000, +169.6790, +168.5025, +168.7644, +168.5309, +168.7356, +167.6885, +169.3731, +168.2708, +167.3365, +169.4560, +170.0815, +170.0904, +169.9655, +168.7850, +170.0492, +169.5989, +168.6650, +169.5412, +168.2554, +170.1508, +167.1592, +169.6302, +169.0653, +169.0546, +169.4948, +168.9040, +168.4694, +169.9101, +169.7938, +168.6059, +169.2473, +170.3673, +170.5381, +170.1693, +170.1436, +171.1590, +168.0729, +168.6984, +169.1799, +169.3350, +169.1263, +169.6308, +170.6083, +170.0619, +170.5156, +170.5430, +169.6990, +170.6630, +169.4599, +170.7980, +171.7143, +169.7308, +170.0588, +169.2176, +170.5628, +171.2577, +172.0479, +170.9508, +171.8684, +170.8107, +169.6447, +168.9769, +171.1919, +169.5220, +170.3141, +168.6359, +169.3557, +168.6020, +169.9458, +169.1871, +171.7876, +170.5191, +168.7513, +168.7174, +168.4398, +168.7877, +168.0155, +168.6417, +169.4176, +169.3365, +168.5320, +168.5775, +169.9247, +167.9037, +169.3981, +168.3016, +170.3405, +171.7337, +169.6750, +168.3769, +167.1146, +169.1650, +168.0842, +169.8402, +167.8109, +167.7668, +167.8513, +166.9652, +166.6218, +167.2172, +167.4974, +167.1550, +167.0881, +168.0561, +168.2802, +169.4884, +168.3172, +168.2718, +168.9838, +169.6313, +170.4850, +169.8973, +169.0308, +168.2667, +168.5098, +169.1719, +167.9508, +169.5357, +169.6718, +169.3850, +169.8424, +168.7041, +171.8649, +170.8177, +169.9027, +171.3109, +171.4021, +170.2512, +170.4246, +168.7164, +170.0645, +171.1990, +171.1713, +171.9681, +172.1214, +170.8360, +169.1722, +171.3594, +172.0918, +170.0421, +172.0330, +169.4919, +170.6500, +168.6010, +170.0556, +170.0564, +170.2439, +167.9021, +169.1371, +168.6716, +170.5769, +169.0476, +170.2543, +170.4902, +168.6436, +169.1192, +170.3641, +168.5051, +169.5650, +169.3906, +169.2324, +171.0758, +170.0789, +169.2965, +168.9149, +168.6340, +169.1641, +168.8351, +170.0718, +169.2147, +168.1066, +167.6771, +169.6154, +167.6750, +168.3457, +167.2312, +168.3636, +168.1762, +167.0914, +168.3333, +168.0483, +167.3838, +168.7990, +166.5951, +169.7716, +167.3281, +166.8526, +167.5369, +166.3333, +167.6524, +168.5000, +168.4873, +169.8071, +168.2649, +169.6294, +169.3400, +168.8446, +168.0484, +167.7750, +169.1878, +169.7755, +168.8907, +169.8750, +167.8112, +167.6582, +169.0380, +166.5950, +168.3805, +167.4615, +167.8677, +168.8011, +168.8492, +169.2591, +170.5596, +167.1902, +169.8155, +169.2258, +168.7871, +169.1340, +168.8168, +168.2320, +168.5959, +170.9697, +166.4485, +167.8359, +168.9290, +169.9902, +169.1211, +166.8965, +165.3874, +168.6718, +169.2764, +168.6316, +168.8131, +169.4211, +168.1909, +169.2637, +168.3218, +168.3228, +168.8029, +169.9574, +168.4422, +167.2205, +167.9215, +167.5446, +167.6406, +167.1237, +167.8325, +167.9521, +168.2449, +167.9741, +169.5979, +167.1026, +167.0000, +166.9246, +166.7897, +166.6891, +165.9652, +167.1768, +165.6597, +166.9803, +166.7644, +168.5522, +166.2408, +166.5469, +168.0410, +166.0758, +166.3862, +166.2565, +168.7887, +168.5628, +167.2513, +168.1250, +165.9471, +167.3000, +167.1127, +166.1917, +167.5464, +166.5183, +166.7350, +166.3487, +168.3532, +166.6531, +166.9409, +165.5777, +166.9897, +166.2512, +168.3660, +167.1257, +165.4455, +167.2701, +166.3026, +165.5058, +165.4306, +165.9392, +166.8947, +167.4487, +167.2804, +167.2617, +166.0947, +166.3128, +167.2766, +167.3398, +166.4881, +165.8370, +164.8587, +166.4839, +166.6715, +164.8289, +164.0000, +166.9848, +166.2967, +168.6968, +166.9180, +167.6735, +166.7990, +166.9890, +167.2330, +165.4278, +166.5990, +165.4592, +165.5495, +165.3349, +166.3824, +164.3450, +165.7487, +166.4388, +164.9167, +166.9040, +166.0649, +165.0971, +167.0357, +166.5672, +166.9308, +166.5124, +165.1180, +165.2816, +165.6700, +164.7526, +167.0628, +164.8657, +165.0922, +164.6667, +166.5078, +166.4000, +166.8050, +164.8050, +166.3608, +166.3046, +165.6919, +166.4537, +164.6134, +164.3436, +164.9851, +163.3671, +164.0573, +165.0990, +163.3172, +164.4623, +164.1848, +164.2435, +165.3513, +166.6600, +164.7990, +163.4433, +163.3269, +163.6263, +162.9163, +163.6908, +163.5464, +165.0914, +165.5389, +167.7366, +164.8244, +165.1277, +165.7970, +164.6891, +165.2607, +163.8621, +164.7650, +164.7670, +166.2412, +164.6535, +166.5851, +166.2050, +165.8895, +164.3035, +164.7245, +164.6482, +164.6030, +166.2976, +165.3990, +166.5550, +166.4406, +167.3850, +165.5260, +167.6701, +165.5803, +165.3070, +166.0361, +164.6458, +165.4150, +165.7071, +164.5343, +164.0606, +164.6294, +164.3214, +166.5000, +165.7176, +166.0103, +165.4263, +165.6582, +165.9704, +165.5771, +166.3617, +163.6108, +164.1814, +163.7340, +164.0000, +166.3298, +165.4272, +164.3206, +164.3618, +165.5132, +166.6632, +165.1497, +165.3939, +164.5797, +165.4684, +163.4545, +164.0739, +163.8431, +162.4895, +165.1791, +164.3349, +164.5634, +164.1709, +165.1000, +163.4600, +164.4923, +165.1527, +162.1863, +163.1357, +162.6700, +163.0941, +163.9447, +163.6127, +162.7376, +163.7382, +163.4356, +162.9805, +162.9299, +163.4278, +163.9622, +164.7122, +164.5800, +165.8300, +164.3886, +163.8030, +165.0922, +164.5914, +163.0374, +164.8945, +163.8469, +164.5909, +163.4800, +162.8196, +162.8098, +163.1724, +165.3618, +163.5224, +163.2335, +162.3366, +163.3971, +162.7393, +163.7476, +164.3147, +165.4208, +163.5585, +163.8802, +164.3586, +164.1100, +164.4946, +163.9439, +165.0524, +163.1706, +164.6597, +163.6191, +163.9756, +165.2143, +163.4456, +165.1624, +163.0553, +164.2970, +165.1765, +164.2113, +162.1667, +164.1311, +164.3218, +163.1550, +163.4241, +162.7451, +164.1196, +163.3433, +163.1818, +162.9326, +165.3600, +164.4163, +164.4339, +165.8594, +165.2108, +162.6381, +164.2512, +162.6022, +163.2821, +165.8137, +163.6000, +163.1950, +163.4365, +163.5049, +162.7129, +162.9714, +163.2581, +162.3532, +163.4810, +163.2115, +162.8144, +162.7150, +163.1066, +164.4048, +162.5777, +162.0311, +162.3015, +163.5191, +162.6700, +161.3024, +163.5279, +161.4020, +162.7561, +162.6294, +161.9804, +162.7525, +163.0990, +161.6893, +161.0647, +163.7750, +162.7286, +162.0053, +162.4372, +162.7150, +160.9275, +161.1801, +162.1925, +163.2365, +163.0481, +161.2050, +162.3163, +162.7707, +161.4095, +162.4898, +162.0450, +163.0842, +161.8235, +161.7681, +160.2935, +161.1872, +163.3869, +161.6311, +162.7565, +162.9849, +162.9563, +162.5857, +163.7725, +163.7865, +163.2783, +162.0936, +162.0287, +162.0518, +162.6927, +161.6976, +163.0497, +161.8537, +161.4415, +163.8077, +161.7525, +164.2217, +161.2195, +161.2000, +165.0341, +163.3560, +162.5522, +162.1090, +161.5148, +163.6751, +161.9846, +162.9275, +164.2871, +162.8088, +162.1237, +162.7039, +162.5150, +163.2427, +162.1534, +160.8143, +162.9320, +160.8934, +163.4115, +162.1361, +162.8221, +162.4363, +162.1436, +160.6751, +161.3744, +162.5424, +161.3141, +163.1626, +159.8565, +160.6453, +161.9415, +160.7933, +162.2538, +162.4873, +161.2549, +161.2512, +162.1185, +161.2158, +161.2700, +162.1030, +162.6860, +161.7475, +162.2970, +161.8107, +161.3503, +161.5446, +161.8438, +162.1765, +161.6161, +161.5156, +162.0233, +161.0765, +163.2166, +160.8990, +165.3168, +161.9750, +161.8274, +161.4550, +159.7295, +162.6495, +162.1320, +162.4714, +161.9565, +160.7692, +163.4510, +162.1606, +162.2944, +161.3383, +161.5891, +162.2330, +160.0309, +160.2796, +161.2871, +162.3150, +160.0514, +162.4873, +160.8406, +161.5122, +161.5779, +163.5648, +162.1765, +161.9613, +161.6031, +161.7056, +162.4112, +162.2789, +160.6786, +161.5922, +161.8750, +161.4059, +161.3592, +163.0347, +160.4197, +161.2796, +160.4252, +162.0202, +160.1094, +162.4854, +161.2019, +161.8286, +161.9444, +162.1217, +161.4265, +161.6603, +161.8861, +161.1865, +161.4272, +160.8000, +162.5573, +162.3200, +160.6667, +162.7961, +161.1171, +160.8706, +161.2843, +161.8905, +160.4537, +160.9901, +162.0667, +160.3491, +160.5419, +162.4631, +159.3600, +161.1723, +162.1095, +161.6095, +161.1762, +161.3202, +160.8221, +160.7548, +161.5516, +160.6683, +160.7921, +160.3614, +160.2211, +161.4434, +161.2673, +161.9500, +160.5051, +162.0773, +159.8815, +161.1269, +162.1950, +162.7295, +161.3218, +163.8195, +160.9650, +161.7424, +163.0051, +160.4739, +160.7934, +161.9261, +159.6359, +161.9250, +162.2129, +161.2009, +159.4042, +161.1598, +161.4651, +160.7512, +162.4510, +162.3191, +161.6715, +159.7346, +161.0392, +160.9223, +162.1940, +161.5949, +161.1408, +161.5874, +161.8325, +161.4975, +161.7236, +161.8029, +160.9949, +163.2098, +159.4676, +159.8351, +160.6995, +159.6651, +161.0000, +160.5189, +161.5104, +162.2525, +159.2293, +161.2333, +161.6570, +160.6615, +160.9324, +162.5274, +160.5271, +161.4292, +160.4221, +161.9799, +161.5468, +161.2451, +161.6923, +161.6768, +160.9412, +160.4444, +162.0446, +159.3448, +162.2836, +160.9158, +159.6512, +163.0408, +161.4800, +162.5606, +161.9474, +159.4953, +161.5108, +161.3846, +162.0865, +162.3122, +161.3503, +160.9369, +160.8039, +161.5025, +159.6274, +162.6263, +161.1492, +161.6714, +161.7846, +161.7225, +160.6369, +162.6963, +160.2277, +160.0708, +160.3614, +160.6387, +161.6244, +160.4608, +161.4232, +161.6650, +160.0103, +162.0950, +162.3541, +162.3024, +161.2183, +162.7020, +161.7570, +159.4604, +161.1005, +161.3282, +160.6231, +161.3785, +160.1651, +161.2755, +161.4343, +161.8804, +160.2111, +162.1872, +162.2572, +161.9741, +161.9069, +162.1034, +160.9417, +162.0872, +162.0237, +159.1683, +160.7908, +161.1741, +161.9474, +160.7934, +161.3194, +162.0305, +160.4744, +160.0246, +160.6912, +160.0550, +159.1618, +160.4439, +160.3737, +161.2891, +161.1055, +160.2745, +162.1683, +160.6931, +160.5343, +160.2126, +159.8621, +161.9855, +159.4179, +160.4109, +159.6552, +161.3023, +160.5949, +160.9118, +160.7525, +161.2607, +161.1456, +161.1421, +162.7716, +162.8000, +161.3191, +160.5423, +161.7241, +160.1058, +161.4301, +161.4905, +160.7476, +160.4433, +161.1073, +160.8291, +161.4314, +160.6207, +161.8182, +160.4129, +160.6059, +160.2240, +160.9952, +163.4667, +162.0936, +159.8958, +160.7184, +161.9481, +162.1073, +160.9378, +160.8414, +162.0707, +159.8152, +159.7952, +160.8923, +160.1675, +159.8838, +159.8326, +161.6618, +161.6927, +161.1455, +160.7178, +161.6418, +160.5340, +162.2384, +161.8738, +159.8476, +161.4904, +159.9796, +161.0390, +161.4975, +160.6473, +160.0850, +160.6373, +162.5616, +160.4881, +160.5455, +160.9802, +160.1179, +160.4585, +162.0808, +161.3990]
               reward_mean: [-0.0029, -0.0028, -0.0036, -0.0025, -0.0035, -0.0024, -0.0025, -0.0013, -0.0035, -0.0024, -0.0025, -0.0011, -0.0020, -0.0019, -0.0020, -0.0016, -0.0018, -0.0011, -0.0022, -0.0021, -0.0023, -0.0011, -0.0020, -0.0021, -0.0017, -0.0015, -0.0016, -0.0024, -0.0013, -0.0024, -0.0024, -0.0013, -0.0018, -0.0016, -0.0014, -0.0012, -0.0013, -0.0024, +0.0002, -0.0007, +0.0002, +0.0013, +0.0030, +0.0046, +0.0085, +0.0123, +0.0178, +0.0228, +0.0276, +0.0325, +0.0359, +0.0410, +0.0436, +0.0471, +0.0478, +0.0517, +0.0512, +0.0531, +0.0520, +0.0504, +0.0531, +0.0557, +0.0553, +0.0571, +0.0570, +0.0556, +0.0560, +0.0557, +0.0586, +0.0579, +0.0572, +0.0569, +0.0594, +0.0590, +0.0589, +0.0592, +0.0600, +0.0603, +0.0626, +0.0620, +0.0624, +0.0609, +0.0633, +0.0636, +0.0613, +0.0640, +0.0639, +0.0650, +0.0655, +0.0615, +0.0625, +0.0670, +0.0661, +0.0673, +0.0684, +0.0662, +0.0673, +0.0692, +0.0679, +0.0684, +0.0679, +0.0664, +0.0663, +0.0647, +0.0663, +0.0689, +0.0674, +0.0641, +0.0686, +0.0717, +0.0718, +0.0712, +0.0736, +0.0747, +0.0705, +0.0728, +0.0737, +0.0727, +0.0744, +0.0732, +0.0739, +0.0752, +0.0766, +0.0760, +0.0773, +0.0768, +0.0787, +0.0782, +0.0782, +0.0785, +0.0786, +0.0786, +0.0791, +0.0767, +0.0775, +0.0784, +0.0802, +0.0781, +0.0802, +0.0812, +0.0789, +0.0785, +0.0775, +0.0823, +0.0822, +0.0785, +0.0816, +0.0823, +0.0819, +0.0821, +0.0818, +0.0826, +0.0848, +0.0821, +0.0834, +0.0838, +0.0830, +0.0847, +0.0816, +0.0792, +0.0814, +0.0836, +0.0810, +0.0845, +0.0835, +0.0843, +0.0839, +0.0819, +0.0824, +0.0834, +0.0837, +0.0832, +0.0834, +0.0821, +0.0856, +0.0817, +0.0855, +0.0841, +0.0827, +0.0835, +0.0817, +0.0851, +0.0828, +0.0839, +0.0825, +0.0840, +0.0868, +0.0862, +0.0837, +0.0858, +0.0818, +0.0818, +0.0804, +0.0823, +0.0817, +0.0824, +0.0842, +0.0812, +0.0825, +0.0824, +0.0806, +0.0828, +0.0803, +0.0795, +0.0808, +0.0800, +0.0821, +0.0807, +0.0795, +0.0806, +0.0841, +0.0793, +0.0797, +0.0797, +0.0797, +0.0816, +0.0794, +0.0809, +0.0826, +0.0856, +0.0826, +0.0837, +0.0825, +0.0775, +0.0788, +0.0798, +0.0843, +0.0844, +0.0832, +0.0856, +0.0857, +0.0853, +0.0851, +0.0876, +0.0846, +0.0851, +0.0834, +0.0857, +0.0842, +0.0823, +0.0844, +0.0859, +0.0869, +0.0855, +0.0849, +0.0861, +0.0870, +0.0855, +0.0857, +0.0876, +0.0870, +0.0853, +0.0866, +0.0880, +0.0885, +0.0849, +0.0847, +0.0858, +0.0857, +0.0864, +0.0861, +0.0851, +0.0840, +0.0824, +0.0826, +0.0816, +0.0844, +0.0844, +0.0853, +0.0872, +0.0851, +0.0846, +0.0853, +0.0867, +0.0846, +0.0876, +0.0890, +0.0871, +0.0786, +0.0818, +0.0872, +0.0886, +0.0872, +0.0891, +0.0864, +0.0899, +0.0904, +0.0892, +0.0896, +0.0876, +0.0868, +0.0876, +0.0875, +0.0900, +0.0896, +0.0884, +0.0871, +0.0888, +0.0875, +0.0875, +0.0882, +0.0913, +0.0896, +0.0902, +0.0905, +0.0909, +0.0915, +0.0896, +0.0924, +0.0933, +0.0900, +0.0923, +0.0921, +0.0910, +0.0861, +0.0907, +0.0923, +0.0897, +0.0908, +0.0917, +0.0908, +0.0918, +0.0933, +0.0937, +0.0935, +0.0892, +0.0918, +0.0904, +0.0924, +0.0903, +0.0918, +0.0929, +0.0917, +0.0920, +0.0933, +0.0915, +0.0926, +0.0931, +0.0914, +0.0911, +0.0886, +0.0913, +0.0915, +0.0901, +0.0899, +0.0905, +0.0918, +0.0927, +0.0907, +0.0918, +0.0924, +0.0915, +0.0901, +0.0888, +0.0882, +0.0892, +0.0901, +0.0904, +0.0901, +0.0920, +0.0913, +0.0892, +0.0929, +0.0930, +0.0924, +0.0915, +0.0923, +0.0930, +0.0942, +0.0924, +0.0952, +0.0937, +0.0932, +0.0925, +0.0908, +0.0952, +0.0926, +0.0933, +0.0909, +0.0919, +0.0909, +0.0887, +0.0905, +0.0902, +0.0908, +0.0940, +0.0930, +0.0927, +0.0922, +0.0925, +0.0916, +0.0915, +0.0938, +0.0958, +0.0930, +0.0942, +0.0929, +0.0922, +0.0892, +0.0916, +0.0945, +0.0932, +0.0911, +0.0941, +0.0931, +0.0919, +0.0920, +0.0918, +0.0905, +0.0940, +0.0938, +0.0929, +0.0942, +0.0935, +0.0932, +0.0943, +0.0937, +0.0927, +0.0942, +0.0940, +0.0948, +0.0922, +0.0930, +0.0921, +0.0929, +0.0942, +0.0941, +0.0941, +0.0930, +0.0956, +0.0920, +0.0944, +0.0943, +0.0933, +0.0941, +0.0952, +0.0952, +0.0938, +0.0935, +0.0938, +0.0937, +0.0938, +0.0921, +0.0951, +0.0957, +0.0947, +0.0949, +0.0938, +0.0956, +0.0944, +0.0963, +0.0982, +0.0954, +0.0960, +0.0948, +0.0951, +0.0943, +0.0943, +0.0936, +0.0958, +0.0964, +0.0968, +0.0939, +0.0951, +0.0930, +0.0947, +0.0925, +0.0933, +0.0946, +0.0946, +0.0956, +0.0950, +0.0940, +0.0922, +0.0945, +0.0955, +0.0926, +0.0906, +0.0935, +0.0949, +0.0929, +0.0910, +0.0938, +0.0961, +0.0924, +0.0921, +0.0948, +0.0946, +0.0922, +0.0925, +0.0899, +0.0918, +0.0907, +0.0929, +0.0921, +0.0916, +0.0933, +0.0937, +0.0949, +0.0952, +0.0919, +0.0944, +0.0929, +0.0938, +0.0939, +0.0947, +0.0940, +0.0933, +0.0932, +0.0959, +0.0931, +0.0948, +0.0925, +0.0945, +0.0938, +0.0935, +0.0932, +0.0937, +0.0950, +0.0901, +0.0943, +0.0920, +0.0926, +0.0910, +0.0942, +0.0932, +0.0930, +0.0931, +0.0935, +0.0932, +0.0929, +0.0923, +0.0919, +0.0925, +0.0914, +0.0937, +0.0944, +0.0943, +0.0945, +0.0946, +0.0936, +0.0948, +0.0942, +0.0931, +0.0952, +0.0941, +0.0949, +0.0930, +0.0932, +0.0955, +0.0934, +0.0914, +0.0934, +0.0920, +0.0953, +0.0924, +0.0923, +0.0943, +0.0942, +0.0937, +0.0945, +0.0946, +0.0934, +0.0938, +0.0956, +0.0965, +0.0950, +0.0955, +0.0960, +0.0966, +0.0929, +0.0953, +0.0961, +0.0949, +0.0928, +0.0960, +0.0922, +0.0948, +0.0950, +0.0936, +0.0924, +0.0949, +0.0956, +0.0946, +0.0963, +0.0973, +0.0955, +0.0970, +0.0943, +0.0949, +0.0963, +0.0958, +0.0955, +0.0950, +0.0956, +0.0944, +0.0948, +0.0971, +0.0971, +0.0987, +0.0982, +0.0969, +0.0972, +0.0983, +0.0958, +0.0960, +0.0962, +0.0963, +0.0954, +0.0984, +0.0955, +0.0958, +0.0969, +0.0976, +0.0969, +0.0961, +0.0978, +0.0952, +0.0963, +0.0950, +0.0969, +0.0970, +0.0979, +0.0967, +0.0988, +0.0965, +0.0966, +0.0971, +0.0990, +0.0968, +0.0977, +0.0997, +0.0995, +0.0974, +0.0995, +0.0975, +0.0984, +0.0963, +0.0962, +0.0964, +0.0985, +0.0953, +0.0982, +0.0979, +0.0983, +0.0993, +0.0962, +0.0971, +0.0985, +0.0964, +0.0987, +0.0974, +0.0971, +0.0985, +0.0995, +0.0988, +0.0976, +0.0986, +0.0993, +0.0966, +0.0971, +0.0978, +0.0999, +0.0978, +0.0977, +0.0961, +0.0972, +0.0979, +0.0966, +0.0979, +0.0970, +0.1002, +0.0966, +0.0991, +0.0970, +0.0985, +0.0963, +0.0964, +0.0980, +0.1013, +0.0996, +0.0998, +0.0986, +0.0994, +0.0996, +0.0993, +0.0995, +0.0982, +0.1002, +0.0983, +0.0990, +0.0994, +0.0972, +0.0968, +0.0974, +0.0981, +0.0960, +0.0977, +0.0978, +0.0954, +0.0984, +0.0974, +0.0978, +0.0976, +0.0974, +0.0987, +0.0985, +0.1002, +0.0993, +0.0983, +0.1000, +0.0994, +0.1012, +0.1003, +0.0999, +0.1005, +0.0982, +0.1008, +0.1020, +0.0974, +0.1018, +0.0999, +0.1009, +0.1018, +0.1002, +0.1013, +0.1002, +0.1011, +0.0994, +0.0999, +0.1006, +0.1013, +0.1002, +0.1001, +0.0990, +0.0995, +0.0987, +0.0974, +0.1019, +0.1014, +0.1025, +0.1005, +0.1011, +0.0993, +0.1013, +0.0995, +0.0978, +0.0986, +0.1003, +0.1006, +0.1013, +0.0987, +0.0992, +0.1014, +0.0993, +0.0996, +0.0998, +0.0980, +0.0998, +0.0983, +0.0983, +0.0982, +0.0987, +0.0984, +0.0974, +0.0969, +0.0988, +0.0985, +0.0988, +0.0999, +0.1014, +0.0978, +0.0996, +0.0996, +0.1003, +0.0983, +0.0982, +0.1017, +0.0987, +0.0971, +0.0980, +0.0995, +0.0977, +0.0979, +0.0962, +0.0981, +0.0972, +0.0956, +0.0975, +0.0968, +0.0973, +0.0975, +0.0994, +0.0991, +0.0987, +0.0986, +0.0997, +0.0993, +0.0978, +0.0990, +0.0987, +0.0988, +0.0998, +0.0990, +0.0984, +0.0997, +0.0978, +0.0979, +0.0974, +0.0984, +0.1001, +0.0998, +0.0985, +0.1000, +0.0992, +0.0967, +0.0993, +0.1006, +0.0962, +0.0964, +0.0997, +0.0973, +0.1009, +0.0982, +0.0982, +0.1001, +0.0994, +0.1011, +0.1014, +0.1014, +0.0994, +0.0994, +0.0999, +0.1002, +0.1033, +0.1017, +0.1002, +0.1031, +0.1006, +0.1005, +0.1035, +0.1011, +0.1028, +0.1022, +0.1002, +0.0995, +0.0993, +0.0996, +0.1020, +0.1007, +0.1007, +0.0991, +0.1018, +0.1017, +0.1032, +0.1021, +0.1005, +0.1019, +0.1026, +0.0987, +0.1015, +0.1006, +0.1011, +0.0999, +0.1010, +0.1024, +0.1015, +0.1032, +0.1035, +0.1005, +0.1034, +0.1024, +0.1021, +0.1013, +0.1020, +0.1023, +0.1035, +0.1015, +0.1042, +0.1021, +0.1041, +0.1044, +0.1014, +0.1027, +0.1015, +0.1025, +0.1025, +0.1014, +0.1019, +0.1036, +0.1019, +0.1043, +0.1034, +0.1023, +0.1021, +0.1030, +0.1032, +0.1033, +0.1029, +0.1015, +0.1046, +0.1033, +0.1018, +0.1011, +0.1023, +0.1019, +0.1023, +0.1030, +0.1021, +0.1028, +0.1012, +0.1032, +0.1032, +0.1033, +0.1022, +0.1033, +0.1021, +0.1031, +0.1023, +0.1015, +0.1017, +0.1027, +0.1039, +0.1018, +0.1009, +0.1005, +0.1019, +0.1006, +0.1029, +0.1031, +0.1022, +0.1011, +0.1040, +0.1018, +0.1019, +0.1007, +0.1021, +0.1014, +0.1033, +0.1027, +0.0999, +0.1022, +0.1015, +0.1007, +0.1011, +0.1025, +0.1015, +0.1017, +0.1011, +0.1012, +0.1010, +0.1007, +0.1021, +0.1024, +0.1016, +0.1017, +0.1023, +0.1029, +0.1030, +0.1027, +0.1029, +0.1019, +0.0995, +0.1011, +0.1025, +0.1025, +0.1040, +0.1012, +0.1039, +0.1035, +0.1026, +0.1025, +0.1026, +0.1026, +0.1037, +0.1035, +0.1031, +0.1018, +0.1025, +0.1017, +0.1012, +0.1032, +0.1032, +0.1029, +0.1039, +0.1030, +0.1036, +0.1046, +0.1031, +0.1047, +0.1052, +0.1053, +0.1058, +0.1040, +0.1038, +0.1040, +0.1038, +0.1035, +0.1018, +0.1039, +0.1040, +0.1022, +0.1013, +0.1018, +0.1013, +0.1037, +0.1032, +0.1045, +0.1031, +0.1034, +0.1027, +0.1026, +0.1019, +0.1032, +0.0995, +0.1028, +0.1011, +0.1025, +0.1003, +0.1019, +0.1015, +0.1028, +0.1024, +0.1013, +0.1016, +0.1008, +0.1010, +0.0998, +0.1019, +0.1016, +0.1006, +0.1001, +0.1023, +0.1029, +0.1016, +0.1018, +0.1030, +0.1030, +0.1010, +0.1032, +0.1031, +0.1034, +0.1027, +0.1014, +0.1023, +0.1026, +0.1015, +0.1033, +0.1027, +0.1021, +0.1029, +0.1027, +0.1019, +0.1021, +0.1015, +0.1026, +0.1036, +0.1029, +0.1041, +0.1021, +0.1027, +0.1024, +0.1042, +0.1038, +0.1030, +0.1034, +0.1038, +0.1042, +0.1054, +0.1031, +0.1041, +0.1042, +0.1030, +0.1041, +0.1040, +0.1040, +0.1035, +0.1033, +0.1038, +0.1045, +0.1048, +0.1046, +0.1040, +0.1040, +0.1021, +0.1022, +0.1023, +0.1032, +0.1027, +0.1041, +0.1037, +0.1032, +0.1011, +0.1034, +0.1027, +0.1028, +0.1033, +0.1041, +0.1036, +0.1041, +0.1039, +0.1040, +0.1034, +0.1032, +0.1027, +0.1023, +0.1032, +0.1041, +0.1029, +0.1018, +0.1040, +0.1037, +0.1043, +0.1023, +0.1013, +0.1041, +0.1053, +0.1033, +0.1020, +0.1019, +0.1026, +0.1076, +0.1046, +0.1020, +0.1024, +0.1028, +0.1021, +0.1035, +0.1033, +0.1026, +0.1035, +0.1046, +0.1027, +0.1044, +0.1037, +0.1052, +0.1044, +0.1036, +0.1053, +0.1054, +0.1033, +0.1046, +0.1030, +0.1044, +0.1037, +0.1049, +0.1053, +0.1051, +0.1042, +0.1051, +0.1056, +0.1052, +0.1054, +0.1046, +0.1037, +0.1047, +0.1052, +0.1046, +0.1040, +0.1054, +0.1064, +0.1039, +0.1034, +0.1045, +0.1043, +0.1049, +0.1052, +0.1040, +0.1053, +0.1046, +0.1047, +0.1051, +0.1043, +0.1052, +0.1043, +0.1048, +0.1052, +0.1051, +0.1055, +0.1038, +0.1055, +0.1045, +0.1053, +0.1048, +0.1053, +0.1077, +0.1061, +0.1052, +0.1039, +0.1056, +0.1053, +0.1041, +0.1049, +0.1062, +0.1031, +0.1049, +0.1062, +0.1057, +0.1070, +0.1051, +0.1054, +0.1069, +0.1060, +0.1053, +0.1042, +0.1049, +0.1041, +0.1036, +0.1055, +0.1036, +0.1060, +0.1052, +0.1059, +0.1065, +0.1056, +0.1068, +0.1052, +0.1060, +0.1052, +0.1064, +0.1046, +0.1048, +0.1063, +0.1063, +0.1048, +0.1052, +0.1039, +0.1054, +0.1070, +0.1061, +0.1055, +0.1065, +0.1045, +0.1065, +0.1066, +0.1052, +0.1061, +0.1063, +0.1049, +0.1061, +0.1048, +0.1060, +0.1058, +0.1056, +0.1069, +0.1071, +0.1074, +0.1071, +0.1066, +0.1072, +0.1082, +0.1074, +0.1073, +0.1065, +0.1056, +0.1059, +0.1069, +0.1091, +0.1085, +0.1068, +0.1082, +0.1079, +0.1065, +0.1059, +0.1040, +0.1044, +0.1081, +0.1055, +0.1059, +0.1064, +0.1061, +0.1077, +0.1070, +0.1061, +0.1051, +0.1051, +0.1058, +0.1068, +0.1057, +0.1060, +0.1067, +0.1075, +0.1058, +0.1059, +0.1054, +0.1048, +0.1047, +0.1061, +0.1051, +0.1054, +0.1056, +0.1060, +0.1061, +0.1071, +0.1052, +0.1060, +0.1080, +0.1076, +0.1072, +0.1058, +0.1049, +0.1056, +0.1073, +0.1053, +0.1057, +0.1067, +0.1052, +0.1066, +0.1071, +0.1080, +0.1074, +0.1056, +0.1065, +0.1068, +0.1064, +0.1057, +0.1071, +0.1059, +0.1064, +0.1053, +0.1068, +0.1062, +0.1082, +0.1079, +0.1071, +0.1075, +0.1076, +0.1063, +0.1075, +0.1063, +0.1072, +0.1066, +0.1062, +0.1083, +0.1088, +0.1080, +0.1082, +0.1078, +0.1066, +0.1086, +0.1079, +0.1080, +0.1081, +0.1071, +0.1069, +0.1077, +0.1068, +0.1070, +0.1052, +0.1068, +0.1084, +0.1057, +0.1075, +0.1063, +0.1070, +0.1078, +0.1068, +0.1069, +0.1085, +0.1094, +0.1077, +0.1072, +0.1078, +0.1071, +0.1090, +0.1081, +0.1085, +0.1076, +0.1077, +0.1062, +0.1072, +0.1069, +0.1080, +0.1070, +0.1073, +0.1084, +0.1068, +0.1056, +0.1073, +0.1070, +0.1080, +0.1072, +0.1070, +0.1070, +0.1064, +0.1082, +0.1059, +0.1067, +0.1071, +0.1084, +0.1063, +0.1078, +0.1069, +0.1087, +0.1082, +0.1065, +0.1078, +0.1075, +0.1077, +0.1079, +0.1060, +0.1069, +0.1071, +0.1071, +0.1070, +0.1077, +0.1080, +0.1073, +0.1063, +0.1066, +0.1073, +0.1073, +0.1087, +0.1089, +0.1075, +0.1081, +0.1082, +0.1073, +0.1076, +0.1090, +0.1079, +0.1070, +0.1075, +0.1087, +0.1086, +0.1084, +0.1080, +0.1100, +0.1083, +0.1087, +0.1092, +0.1079, +0.1095, +0.1083, +0.1083, +0.1089, +0.1112, +0.1072, +0.1084, +0.1079, +0.1081, +0.1086, +0.1090, +0.1102, +0.1104, +0.1068, +0.1084, +0.1089, +0.1093, +0.1091, +0.1090, +0.1085, +0.1090, +0.1081, +0.1074, +0.1094, +0.1114, +0.1108, +0.1073, +0.1094, +0.1093, +0.1084, +0.1068, +0.1073, +0.1088, +0.1071, +0.1074, +0.1101, +0.1084, +0.1096, +0.1090, +0.1088, +0.1088, +0.1080, +0.1095, +0.1083, +0.1083, +0.1080, +0.1088, +0.1086, +0.1084, +0.1058, +0.1086, +0.1089, +0.1085, +0.1087, +0.1089, +0.1073, +0.1074, +0.1076, +0.1083, +0.1078, +0.1088, +0.1085, +0.1091, +0.1096, +0.1094, +0.1075, +0.1093, +0.1074, +0.1074, +0.1076, +0.1100, +0.1099, +0.1104, +0.1078, +0.1096, +0.1080, +0.1106, +0.1111, +0.1100, +0.1097, +0.1089, +0.1082, +0.1085, +0.1105, +0.1105, +0.1086, +0.1091, +0.1095, +0.1081, +0.1083, +0.1081, +0.1084, +0.1114, +0.1093, +0.1101, +0.1075, +0.1092, +0.1099, +0.1083, +0.1089, +0.1090, +0.1083, +0.1078, +0.1071, +0.1093, +0.1091, +0.1094, +0.1093, +0.1093, +0.1081, +0.1093, +0.1088, +0.1081, +0.1085, +0.1084, +0.1083, +0.1087, +0.1101, +0.1104, +0.1102, +0.1104, +0.1088, +0.1097, +0.1102, +0.1076, +0.1098, +0.1092, +0.1077, +0.1091, +0.1083, +0.1096, +0.1082, +0.1085, +0.1086, +0.1095, +0.1093, +0.1099, +0.1087, +0.1088, +0.1090, +0.1098, +0.1095, +0.1087, +0.1109, +0.1098, +0.1081, +0.1096, +0.1092, +0.1099, +0.1083, +0.1100, +0.1107, +0.1079, +0.1084, +0.1098, +0.1105, +0.1081, +0.1087, +0.1101, +0.1082, +0.1084, +0.1090, +0.1097, +0.1102, +0.1099, +0.1092, +0.1079, +0.1104, +0.1099, +0.1093, +0.1103, +0.1107, +0.1090, +0.1089, +0.1087, +0.1085, +0.1097, +0.1097, +0.1101, +0.1095, +0.1095, +0.1104, +0.1089, +0.1094, +0.1112, +0.1086, +0.1096, +0.1096, +0.1113, +0.1103, +0.1101, +0.1074, +0.1089, +0.1080, +0.1076, +0.1101, +0.1084, +0.1091, +0.1109, +0.1075, +0.1090, +0.1113, +0.1072, +0.1100, +0.1089, +0.1109, +0.1085, +0.1104, +0.1079, +0.1086, +0.1087, +0.1098, +0.1098, +0.1106, +0.1097, +0.1086, +0.1096, +0.1101, +0.1088, +0.1094, +0.1096, +0.1082, +0.1095, +0.1072, +0.1111, +0.1105, +0.1100, +0.1107, +0.1102, +0.1098, +0.1089, +0.1093, +0.1100, +0.1107, +0.1099, +0.1089, +0.1105, +0.1092, +0.1087, +0.1096, +0.1093, +0.1092, +0.1103, +0.1092, +0.1089, +0.1092, +0.1099, +0.1101, +0.1088, +0.1108, +0.1096, +0.1094, +0.1098, +0.1088, +0.1087, +0.1083, +0.1073, +0.1111, +0.1109, +0.1089, +0.1080, +0.1089, +0.1090, +0.1099, +0.1099, +0.1101, +0.1101, +0.1105, +0.1087, +0.1085, +0.1089, +0.1088, +0.1103, +0.1090, +0.1098, +0.1105, +0.1097, +0.1108, +0.1104, +0.1093, +0.1089, +0.1102, +0.1096, +0.1100, +0.1092, +0.1072, +0.1085, +0.1088, +0.1093, +0.1107, +0.1093, +0.1105, +0.1098, +0.1093, +0.1116, +0.1099, +0.1083, +0.1087, +0.1091, +0.1099, +0.1084, +0.1082, +0.1093, +0.1089, +0.1092, +0.1085, +0.1085, +0.1102, +0.1105, +0.1093, +0.1092, +0.1105, +0.1093, +0.1094, +0.1085, +0.1113, +0.1112, +0.1099, +0.1109, +0.1116, +0.1089, +0.1097, +0.1092, +0.1106, +0.1095, +0.1096, +0.1102, +0.1111, +0.1105, +0.1091, +0.1105, +0.1114, +0.1112, +0.1090, +0.1107, +0.1100, +0.1109, +0.1086, +0.1087, +0.1087, +0.1081, +0.1084, +0.1088, +0.1088, +0.1091, +0.1099, +0.1098, +0.1106, +0.1081, +0.1096, +0.1089, +0.1099, +0.1105, +0.1082, +0.1112, +0.1084, +0.1102, +0.1101, +0.1109, +0.1074, +0.1086, +0.1104, +0.1098, +0.1097, +0.1090, +0.1092, +0.1085, +0.1106, +0.1091, +0.1106, +0.1100, +0.1106, +0.1104, +0.1110, +0.1107, +0.1081, +0.1089, +0.1103, +0.1096, +0.1102, +0.1083, +0.1088, +0.1102, +0.1093, +0.1108, +0.1095, +0.1102, +0.1105, +0.1104, +0.1105, +0.1087, +0.1098, +0.1102, +0.1088, +0.1117, +0.1102, +0.1087, +0.1084, +0.1107]
                actor_loss: [-0.0000, -0.0001, -0.0000, -0.0001, -0.0003, -0.0001, -0.0001, -0.0001, -0.0002, -0.0009, -0.0004, -0.0001, -0.0007, -0.0004, -0.0012, -0.0002, -0.0001, -0.0003, -0.0001, -0.0002, -0.0003, -0.0007, -0.0007, -0.0006, -0.0007, -0.0003, -0.0007, -0.0004, -0.0006, -0.0008, -0.0006, -0.0013, -0.0011, -0.0006, -0.0009, -0.0004, -0.0010, -0.0008, -0.0013, -0.0017, -0.0027, -0.0045, -0.0052, -0.0057, -0.0057, -0.0073, -0.0066, -0.0059, -0.0046, -0.0043, -0.0061, -0.0064, -0.0031, -0.0043, -0.0051, -0.0037, -0.0052, -0.0032, -0.0032, -0.0034, -0.0037, -0.0029, -0.0022, -0.0035, -0.0042, -0.0040, -0.0013, -0.0044, -0.0033, -0.0028, -0.0041, -0.0043, -0.0034, -0.0031, -0.0019, -0.0030, -0.0026, -0.0021, -0.0030, -0.0032, -0.0031, -0.0012, -0.0030, -0.0004, -0.0047, +0.0004, -0.0038, -0.0021, -0.0007, -0.0001, -0.0032, +0.0005, -0.0038, -0.0014, -0.0021, -0.0039, -0.0033, -0.0035, -0.0028, -0.0052, -0.0026, -0.0019, -0.0002, +0.0020, -0.0036, -0.0024, +0.0003, -0.0037, -0.0052, -0.0060, -0.0051, -0.0020, -0.0042, -0.0009, -0.0033, -0.0029, -0.0039, -0.0057, -0.0046, -0.0065, -0.0036, -0.0051, -0.0056, -0.0029, -0.0048, -0.0034, -0.0055, -0.0057, -0.0034, -0.0024, -0.0016, -0.0036, -0.0024, -0.0047, -0.0043, -0.0038, -0.0053, -0.0041, -0.0067, -0.0041, -0.0049, -0.0040, -0.0025, +0.0023, +0.0031, -0.0053, -0.0007, -0.0045, -0.0037, -0.0045, -0.0058, -0.0069, -0.0026, -0.0016, +0.0015, -0.0020, -0.0052, -0.0031, +0.0025, -0.0012, -0.0047, -0.0011, -0.0034, -0.0044, -0.0043, -0.0017, -0.0020, -0.0022, -0.0039, +0.0063, -0.0013, +0.0091, +0.0005, -0.0033, -0.0042, -0.0049, -0.0034, -0.0025, -0.0027, -0.0009, -0.0043, -0.0030, -0.0012, -0.0059, -0.0042, -0.0010, -0.0048, -0.0043, -0.0052, -0.0049, +0.0005, -0.0027, -0.0035, -0.0018, -0.0066, -0.0040, -0.0049, -0.0017, -0.0067, -0.0034, -0.0083, -0.0010, +0.0015, -0.0032, -0.0034, -0.0052, -0.0037, -0.0062, -0.0020, -0.0060, -0.0024, -0.0002, -0.0016, -0.0001, -0.0044, -0.0041, -0.0026, +0.0024, -0.0028, -0.0046, -0.0034, -0.0030, -0.0038, -0.0032, -0.0035, -0.0033, -0.0014, -0.0040, -0.0050, -0.0001, +0.0017, -0.0033, -0.0007, -0.0058, -0.0047, -0.0044, -0.0064, -0.0053, -0.0041, -0.0056, -0.0037, -0.0060, -0.0018, -0.0018, -0.0066, -0.0033, +0.0013, -0.0050, -0.0060, -0.0031, -0.0036, -0.0049, -0.0043, -0.0020, -0.0054, -0.0031, -0.0043, -0.0053, -0.0050, -0.0030, -0.0043, -0.0077, -0.0036, -0.0006, -0.0040, -0.0036, -0.0031, -0.0025, -0.0049, -0.0060, -0.0039, -0.0035, +0.0004, +0.0020, -0.0014, +0.0003, -0.0021, -0.0014, -0.0060, -0.0060, -0.0038, -0.0057, +0.0000, -0.0025, -0.0011, -0.0063, -0.0057, -0.0003, -0.0015, -0.0049, -0.0046, -0.0052, -0.0016, -0.0032, +0.0046, -0.0040, -0.0035, -0.0024, -0.0043, +0.0011, +0.0019, -0.0017, -0.0014, -0.0027, -0.0019, -0.0029, -0.0041, -0.0033, -0.0030, -0.0031, -0.0042, -0.0031, -0.0019, -0.0049, -0.0014, -0.0045, -0.0019, -0.0029, -0.0014, -0.0025, -0.0014, -0.0036, -0.0027, -0.0040, -0.0033, +0.0008, -0.0041, -0.0043, -0.0026, -0.0016, -0.0047, -0.0010, -0.0003, -0.0043, -0.0028, -0.0037, -0.0026, -0.0030, -0.0047, -0.0038, -0.0040, -0.0036, -0.0010, -0.0031, +0.0004, -0.0009, -0.0046, -0.0008, -0.0058, -0.0034, -0.0012, -0.0030, +0.0000, -0.0052, +0.0000, -0.0051, -0.0038, -0.0050, -0.0057, -0.0044, -0.0049, -0.0063, -0.0018, -0.0053, -0.0018, +0.0012, -0.0031, -0.0040, -0.0020, -0.0053, -0.0059, -0.0034, -0.0049, -0.0049, -0.0048, -0.0034, -0.0048, -0.0066, -0.0039, -0.0000, -0.0037, -0.0052, -0.0015, -0.0027, -0.0053, -0.0022, -0.0046, -0.0009, -0.0032, -0.0029, -0.0048, -0.0029, -0.0047, -0.0058, -0.0040, -0.0055, -0.0026, -0.0025, -0.0072, -0.0043, -0.0062, -0.0041, -0.0061, -0.0063, -0.0062, -0.0043, -0.0035, -0.0046, -0.0048, -0.0044, -0.0026, -0.0039, -0.0030, -0.0058, -0.0046, -0.0045, -0.0026, -0.0054, -0.0040, -0.0020, -0.0069, -0.0042, -0.0018, -0.0050, -0.0042, -0.0053, -0.0029, -0.0032, -0.0040, -0.0038, -0.0052, -0.0049, -0.0019, -0.0063, -0.0048, -0.0034, -0.0003, -0.0026, -0.0008, -0.0033, -0.0045, -0.0051, -0.0039, -0.0043, -0.0044, -0.0029, -0.0016, -0.0035, -0.0040, -0.0048, -0.0055, -0.0042, -0.0022, -0.0047, -0.0000, -0.0043, -0.0038, -0.0041, -0.0057, -0.0049, -0.0063, -0.0065, -0.0055, -0.0050, -0.0035, -0.0075, -0.0068, -0.0057, -0.0063, -0.0053, -0.0049, -0.0038, -0.0059, -0.0047, -0.0022, -0.0052, -0.0048, -0.0052, -0.0056, -0.0062, -0.0029, -0.0055, -0.0066, -0.0062, -0.0034, -0.0040, -0.0066, -0.0050, -0.0052, -0.0063, -0.0039, -0.0030, -0.0073, -0.0070, -0.0058, -0.0050, -0.0036, -0.0050, -0.0043, -0.0067, -0.0051, -0.0057, -0.0021, -0.0045, -0.0021, -0.0040, -0.0058, -0.0063, -0.0021, -0.0044, -0.0062, -0.0035, -0.0056, -0.0054, -0.0023, -0.0034, -0.0048, -0.0046, -0.0054, -0.0040, -0.0045, -0.0036, -0.0069, -0.0049, -0.0018, -0.0055, -0.0065, -0.0056, -0.0057, -0.0037, -0.0042, -0.0044, -0.0033, -0.0042, -0.0048, -0.0028, -0.0033, -0.0058, -0.0041, -0.0043, -0.0028, -0.0035, -0.0020, -0.0013, -0.0036, -0.0049, -0.0042, -0.0028, -0.0042, -0.0069, -0.0071, +0.0026, -0.0040, -0.0069, -0.0054, -0.0073, -0.0048, -0.0036, -0.0027, -0.0041, -0.0033, -0.0046, -0.0057, -0.0059, -0.0052, -0.0048, -0.0047, -0.0051, -0.0044, -0.0031, -0.0042, -0.0032, -0.0040, -0.0032, -0.0017, -0.0052, -0.0043, -0.0035, -0.0051, -0.0028, -0.0047, -0.0059, -0.0055, -0.0025, -0.0029, -0.0043, -0.0045, -0.0017, -0.0052, -0.0050, -0.0047, -0.0048, -0.0050, -0.0053, -0.0032, -0.0034, -0.0057, -0.0051, -0.0047, -0.0054, -0.0060, -0.0041, -0.0052, -0.0054, -0.0062, -0.0077, -0.0069, -0.0032, -0.0049, -0.0052, -0.0030, -0.0055, -0.0078, -0.0037, -0.0032, -0.0038, -0.0019, -0.0050, -0.0015, -0.0048, -0.0054, -0.0021, -0.0026, -0.0028, -0.0029, -0.0021, -0.0035, -0.0057, -0.0016, -0.0064, -0.0044, -0.0057, -0.0033, -0.0058, -0.0026, -0.0040, -0.0043, -0.0042, -0.0026, -0.0029, -0.0044, -0.0059, -0.0059, -0.0027, -0.0050, -0.0050, -0.0054, -0.0059, -0.0049, -0.0038, -0.0065, -0.0058, -0.0043, -0.0055, -0.0049, -0.0047, -0.0026, -0.0045, -0.0054, -0.0033, -0.0045, -0.0050, -0.0027, -0.0045, -0.0056, -0.0038, -0.0042, -0.0045, -0.0048, -0.0052, -0.0041, -0.0017, -0.0056, -0.0039, -0.0035, -0.0030, -0.0033, -0.0048, -0.0036, -0.0051, -0.0028, -0.0040, -0.0043, -0.0042, -0.0056, -0.0045, -0.0030, -0.0057, -0.0037, -0.0052, -0.0045, -0.0031, -0.0054, -0.0029, -0.0054, -0.0042, -0.0049, -0.0043, -0.0028, -0.0033, -0.0037, -0.0045, -0.0037, -0.0049, -0.0026, -0.0032, -0.0068, -0.0049, -0.0024, -0.0030, -0.0047, -0.0061, -0.0017, -0.0040, -0.0034, -0.0051, -0.0036, -0.0033, -0.0050, -0.0031, -0.0045, -0.0046, -0.0031, -0.0033, -0.0033, -0.0047, -0.0053, -0.0034, +0.0030, -0.0039, -0.0031, -0.0032, -0.0052, -0.0031, -0.0031, -0.0031, -0.0053, -0.0048, -0.0016, -0.0015, -0.0030, -0.0034, -0.0041, -0.0047, -0.0008, -0.0047, -0.0034, -0.0040, -0.0051, -0.0072, -0.0040, -0.0047, -0.0036, -0.0033, -0.0039, -0.0029, -0.0017, -0.0027, -0.0040, -0.0056, -0.0038, -0.0049, -0.0043, -0.0036, -0.0024, -0.0035, -0.0048, -0.0047, -0.0048, -0.0038, -0.0040, -0.0042, -0.0063, -0.0019, -0.0030, -0.0041, -0.0037, -0.0060, -0.0053, -0.0044, -0.0040, -0.0035, -0.0023, -0.0038, -0.0055, -0.0051, -0.0034, -0.0059, -0.0045, -0.0042, -0.0024, -0.0051, -0.0030, -0.0062, -0.0041, -0.0046, -0.0048, -0.0024, -0.0054, -0.0036, -0.0020, -0.0051, -0.0036, -0.0058, -0.0021, -0.0050, -0.0029, -0.0044, -0.0044, -0.0043, -0.0040, -0.0045, -0.0037, -0.0031, -0.0053, -0.0036, -0.0040, -0.0031, -0.0044, -0.0061, -0.0039, -0.0041, -0.0030, -0.0038, -0.0050, -0.0052, -0.0029, -0.0036, -0.0029, -0.0031, -0.0038, -0.0047, -0.0048, -0.0007, -0.0044, -0.0037, -0.0044, -0.0038, -0.0046, -0.0037, -0.0048, -0.0044, -0.0022, -0.0050, -0.0049, -0.0042, -0.0026, -0.0051, -0.0032, -0.0041, -0.0039, -0.0043, -0.0035, -0.0035, -0.0049, -0.0037, -0.0049, -0.0008, -0.0033, -0.0040, -0.0027, -0.0029, -0.0033, -0.0041, -0.0013, -0.0043, -0.0043, -0.0044, -0.0022, -0.0056, -0.0030, -0.0040, -0.0009, -0.0028, -0.0044, -0.0045, -0.0038, -0.0042, -0.0014, -0.0038, -0.0034, -0.0038, -0.0043, -0.0045, -0.0051, -0.0047, -0.0035, -0.0051, -0.0027, -0.0028, -0.0044, -0.0031, -0.0033, -0.0040, -0.0025, -0.0055, -0.0023, -0.0062, -0.0035, -0.0045, -0.0032, -0.0033, -0.0038, -0.0051, -0.0039, -0.0033, -0.0040, -0.0022, -0.0020, -0.0041, -0.0034, -0.0034, -0.0044, -0.0032, -0.0014, -0.0029, -0.0013, -0.0023, -0.0040, -0.0040, -0.0033, -0.0037, -0.0047, -0.0053, -0.0037, -0.0039, -0.0039, -0.0027, -0.0041, -0.0005, -0.0044, -0.0037, -0.0043, -0.0017, -0.0031, -0.0052, -0.0049, -0.0038, -0.0033, -0.0030, -0.0038, -0.0040, -0.0046, -0.0024, -0.0013, -0.0027, -0.0050, -0.0038, -0.0037, -0.0044, -0.0034, -0.0046, -0.0050, -0.0032, -0.0033, -0.0047, -0.0022, -0.0033, -0.0039, -0.0041, -0.0037, -0.0045, -0.0043, -0.0042, -0.0050, -0.0036, -0.0010, -0.0040, -0.0030, -0.0033, -0.0029, -0.0038, -0.0053, -0.0010, -0.0043, -0.0012, -0.0035, -0.0026, -0.0027, -0.0019, -0.0039, -0.0036, -0.0036, -0.0021, -0.0030, -0.0044, -0.0043, -0.0035, -0.0035, -0.0034, -0.0041, -0.0042, -0.0024, -0.0043, -0.0012, -0.0040, -0.0040, +0.0001, -0.0023, -0.0042, -0.0031, -0.0045, -0.0027, -0.0032, -0.0033, -0.0031, -0.0043, -0.0021, -0.0037, -0.0038, -0.0046, -0.0029, -0.0043, -0.0032, -0.0043, -0.0057, -0.0044, -0.0040, -0.0053, -0.0053, -0.0055, -0.0040, -0.0047, -0.0050, -0.0045, -0.0031, -0.0042, -0.0041, -0.0034, -0.0027, -0.0049, -0.0041, -0.0031, -0.0039, -0.0049, -0.0038, -0.0051, -0.0048, -0.0037, -0.0045, -0.0036, -0.0022, -0.0017, -0.0052, -0.0040, -0.0041, -0.0042, -0.0048, -0.0029, -0.0037, -0.0042, -0.0037, -0.0031, -0.0048, -0.0046, -0.0027, -0.0038, -0.0016, -0.0031, -0.0028, -0.0055, -0.0031, -0.0032, -0.0034, -0.0035, -0.0042, -0.0049, -0.0031, -0.0029, -0.0039, -0.0025, -0.0038, -0.0038, -0.0034, -0.0035, -0.0024, -0.0042, -0.0031, -0.0035, -0.0037, -0.0028, -0.0028, -0.0035, -0.0029, -0.0031, -0.0034, -0.0051, -0.0021, -0.0041, -0.0033, -0.0028, -0.0022, -0.0044, -0.0035, -0.0017, -0.0022, -0.0045, -0.0036, -0.0018, -0.0032, -0.0017, -0.0040, -0.0045, -0.0028, -0.0023, -0.0021, -0.0037, -0.0030, -0.0022, -0.0047, -0.0036, -0.0022, -0.0031, -0.0046, -0.0039, -0.0041, -0.0030, -0.0028, -0.0039, -0.0035, -0.0038, -0.0011, -0.0029, -0.0011, -0.0035, -0.0037, -0.0031, -0.0042, -0.0033, -0.0037, -0.0020, -0.0038, -0.0037, -0.0023, -0.0035, -0.0034, -0.0032, -0.0032, -0.0031, -0.0038, -0.0017, -0.0041, -0.0033, -0.0041, -0.0033, -0.0035, -0.0041, -0.0028, -0.0043, -0.0024, -0.0026, -0.0018, -0.0018, -0.0031, -0.0035, -0.0025, -0.0048, -0.0024, -0.0032, -0.0038, -0.0024, -0.0038, -0.0039, -0.0034, -0.0046, -0.0027, -0.0009, -0.0028, -0.0037, -0.0016, -0.0036, -0.0029, -0.0027, -0.0043, -0.0014, -0.0032, -0.0031, -0.0032, -0.0026, -0.0043, -0.0030, -0.0025, -0.0035, -0.0018, -0.0034, -0.0034, -0.0033, -0.0030, -0.0044, -0.0040, -0.0030, -0.0029, -0.0032, -0.0041, -0.0042, -0.0012, -0.0033, -0.0037, -0.0037, -0.0037, -0.0017, -0.0038, -0.0013, -0.0035, -0.0033, -0.0032, -0.0037, -0.0035, -0.0032, -0.0024, -0.0035, -0.0031, -0.0025, -0.0023, -0.0031, -0.0022, -0.0020, -0.0042, -0.0032, -0.0019, -0.0031, -0.0036, -0.0037, -0.0026, -0.0026, -0.0033, -0.0019, -0.0028, -0.0039, -0.0034, -0.0025, -0.0030, -0.0032, -0.0038, -0.0018, -0.0038, -0.0029, -0.0038, -0.0027, -0.0025, -0.0030, -0.0035, -0.0042, -0.0034, -0.0027, -0.0034, -0.0033, -0.0021, -0.0033, -0.0034, -0.0037, -0.0035, -0.0011, -0.0021, -0.0027, -0.0032, -0.0026, -0.0035, -0.0038, -0.0018, -0.0028, -0.0024, -0.0025, -0.0033, -0.0015, -0.0040, -0.0040, -0.0012, -0.0031, -0.0015, -0.0013, -0.0030, -0.0024, -0.0036, -0.0015, -0.0033, -0.0027, -0.0014, -0.0022, -0.0030, -0.0036, -0.0029, -0.0032, -0.0024, -0.0025, -0.0032, -0.0032, -0.0031, -0.0033, -0.0033, -0.0039, -0.0025, -0.0025, -0.0033, -0.0023, -0.0023, -0.0028, -0.0028, -0.0034, -0.0030, -0.0031, -0.0014, -0.0030, -0.0024, -0.0030, -0.0014, -0.0033, -0.0031, -0.0027, -0.0032, -0.0025, -0.0021, -0.0015, -0.0036, -0.0021, -0.0028, -0.0005, -0.0026, -0.0036, -0.0032, -0.0035, -0.0032, -0.0032, -0.0024, -0.0023, -0.0027, -0.0039, -0.0028, -0.0025, -0.0019, -0.0022, -0.0020, -0.0024, -0.0029, -0.0023, -0.0032, -0.0035, -0.0015, -0.0026, -0.0020, -0.0018, -0.0027, -0.0027, -0.0024, -0.0021, -0.0009, -0.0016, +0.0003, -0.0020, -0.0034, -0.0034, -0.0030, -0.0031, -0.0029, -0.0028, -0.0028, -0.0034, -0.0021, -0.0028, -0.0004, -0.0027, -0.0024, -0.0018, -0.0020, -0.0013, -0.0027, -0.0035, -0.0022, -0.0016, -0.0030, -0.0034, -0.0033, -0.0020, -0.0026, -0.0011, -0.0037, -0.0032, -0.0032, -0.0019, -0.0020, -0.0024, -0.0019, -0.0010, -0.0024, -0.0023, -0.0040, -0.0020, -0.0028, -0.0022, -0.0030, -0.0024, -0.0025, -0.0012, -0.0018, -0.0021, -0.0012, -0.0025, -0.0033, -0.0019, -0.0021, -0.0025, -0.0014, -0.0020, -0.0006, -0.0019, -0.0011, -0.0023, -0.0024, -0.0030, -0.0021, -0.0014, -0.0011, -0.0026, -0.0017, -0.0011, -0.0027, -0.0024, -0.0027, -0.0018, -0.0011, -0.0023, -0.0017, -0.0021, -0.0028, -0.0013, -0.0015, -0.0016, -0.0007, -0.0024, -0.0023, -0.0020, -0.0019, -0.0015, -0.0020, -0.0021, -0.0023, -0.0009, -0.0019, -0.0026, -0.0018, -0.0012, -0.0013, -0.0018, -0.0018, -0.0021, -0.0020, -0.0029, -0.0023, -0.0023, -0.0022, -0.0024, -0.0017, -0.0023, -0.0027, -0.0024, -0.0018, -0.0013, -0.0010, -0.0021, -0.0022, -0.0016, -0.0016, -0.0020, -0.0018, -0.0028, -0.0017, -0.0012, -0.0016, -0.0019, -0.0021, -0.0020, -0.0026, -0.0015, -0.0020, -0.0014, -0.0017, -0.0023, -0.0016, -0.0028, -0.0013, -0.0020, -0.0016, -0.0004, -0.0018, -0.0021, -0.0018, -0.0002, -0.0022, -0.0017, -0.0017, -0.0018, -0.0019, -0.0017, -0.0017, -0.0020, -0.0019, -0.0017, -0.0018, -0.0012, -0.0020, -0.0018, -0.0023, -0.0011, -0.0016, -0.0018, -0.0012, -0.0022, -0.0019, -0.0017, -0.0017, -0.0020, -0.0014, -0.0015, -0.0019, -0.0019, -0.0012, -0.0013, -0.0014, +0.0004, -0.0022, -0.0006, -0.0013, -0.0009, -0.0012, -0.0019, -0.0003, -0.0009, -0.0017, -0.0015, -0.0019, -0.0018, -0.0017, -0.0015, -0.0019, -0.0010, -0.0022, -0.0019, -0.0023, -0.0012, -0.0016, -0.0019, -0.0013, -0.0022, -0.0008, -0.0016, -0.0015, -0.0015, -0.0013, -0.0020, -0.0019, -0.0018, -0.0006, -0.0020, -0.0015, -0.0013, -0.0021, -0.0017, -0.0014, -0.0003, -0.0018, -0.0014, -0.0014, -0.0005, -0.0016, -0.0015, -0.0014, -0.0012, -0.0020, -0.0015, -0.0015, -0.0015, -0.0010, -0.0013, -0.0014, -0.0014, -0.0013, -0.0013, -0.0011, -0.0018, -0.0014, -0.0013, -0.0018, -0.0012, -0.0018, -0.0011, -0.0014, -0.0013, -0.0013, -0.0017, -0.0010, -0.0009, +0.0005, -0.0015, -0.0015, -0.0011, -0.0010, -0.0014, -0.0011, -0.0014, -0.0009, -0.0016, -0.0014, -0.0014, -0.0015, -0.0015, -0.0013, -0.0011, -0.0010, -0.0013, -0.0016, -0.0004, -0.0011, -0.0018, -0.0006, -0.0008, -0.0012, -0.0016, -0.0012, -0.0015, -0.0004, -0.0013, -0.0007, -0.0006, -0.0013, -0.0007, -0.0009, -0.0010, -0.0014, -0.0015, -0.0015, -0.0011, -0.0015, -0.0011, -0.0014, -0.0007, -0.0014, -0.0013, -0.0010, -0.0010, -0.0015, -0.0015, -0.0003, -0.0005, -0.0015, -0.0013, -0.0013, -0.0006, -0.0013, -0.0010, -0.0013, -0.0011, -0.0017, -0.0010, -0.0012, -0.0016, -0.0013, -0.0010, -0.0014, -0.0008, -0.0009, -0.0009, -0.0011, -0.0009, -0.0013, -0.0010, -0.0009, -0.0012, -0.0010, -0.0011, -0.0009, -0.0009, -0.0009, -0.0014, -0.0012, -0.0012, -0.0010, -0.0006, -0.0012, -0.0009, -0.0005, -0.0011, -0.0011, -0.0007, -0.0011, -0.0002, -0.0011, -0.0006, -0.0012, -0.0009, -0.0010, +0.0009, -0.0005, -0.0004, -0.0007, -0.0011, -0.0012, -0.0011, -0.0009, -0.0006, -0.0012, -0.0004, -0.0002, -0.0010, -0.0008, -0.0008, -0.0010, -0.0008, -0.0007, -0.0000, -0.0010, -0.0008, -0.0010, -0.0005, -0.0014, -0.0008, -0.0010, -0.0007, -0.0009, -0.0009, -0.0005, -0.0008, -0.0009, -0.0006, -0.0007, -0.0004, -0.0007, -0.0008, -0.0007, -0.0008, -0.0007, -0.0003, -0.0008, -0.0008, -0.0007, -0.0006, -0.0007, -0.0002, -0.0010, -0.0008, -0.0012, -0.0008, -0.0008, -0.0005, -0.0010, -0.0004, +0.0001, -0.0008, -0.0008, -0.0009, -0.0008, -0.0005, -0.0008, -0.0008, -0.0009, -0.0012, -0.0005, -0.0004, -0.0006, +0.0015, -0.0001, -0.0007, -0.0006, -0.0007, -0.0001, -0.0009, +0.0001, -0.0008, -0.0004, -0.0009, -0.0008, +0.0002, -0.0010, -0.0008, -0.0005, -0.0006, -0.0008, -0.0002, -0.0008, -0.0007, -0.0007, -0.0006, -0.0008, -0.0007, -0.0002, -0.0007, -0.0004, -0.0008, -0.0004, -0.0005, -0.0007, -0.0002, -0.0008, -0.0006, -0.0007, -0.0006, -0.0006, +0.0008, -0.0008, -0.0007, -0.0006, -0.0004, -0.0005, -0.0009, -0.0005, -0.0007, -0.0006, -0.0007, -0.0005, -0.0005, -0.0004, -0.0004, -0.0005, -0.0004, -0.0003, -0.0005, -0.0007, -0.0002, -0.0005, -0.0003, -0.0005, -0.0005, -0.0003, -0.0006, -0.0002, -0.0005, -0.0000, -0.0007, -0.0004, -0.0004, -0.0001, -0.0006]
                value_loss: [+0.0415, +0.0354, +0.0381, +0.0345, +0.0275, +0.0310, +0.0295, +0.0353, +0.0261, +0.0305, +0.0295, +0.0338, +0.0322, +0.0317, +0.0313, +0.0324, +0.0336, +0.0352, +0.0303, +0.0330, +0.0314, +0.0353, +0.0317, +0.0309, +0.0318, +0.0352, +0.0338, +0.0286, +0.0355, +0.0296, +0.0308, +0.0334, +0.0323, +0.0339, +0.0324, +0.0340, +0.0317, +0.0294, +0.0379, +0.0351, +0.0376, +0.0409, +0.0458, +0.0516, +0.0668, +0.0812, +0.0936, +0.1071, +0.1223, +0.1524, +0.1657, +0.1797, +0.1823, +0.2055, +0.2249, +0.2253, +0.2391, +0.2627, +0.2340, +0.2743, +0.2431, +0.2863, +0.2783, +0.2627, +0.3063, +0.2559, +0.2822, +0.2825, +0.2957, +0.3262, +0.2721, +0.2909, +0.3399, +0.3037, +0.2637, +0.2495, +0.2698, +0.2564, +0.2466, +0.2980, +0.2779, +0.2416, +0.2337, +0.2478, +0.2037, +0.2312, +0.2463, +0.2154, +0.2704, +0.2277, +0.1951, +0.2252, +0.2229, +0.2337, +0.2668, +0.2423, +0.2342, +0.2464, +0.2446, +0.2591, +0.2776, +0.2364, +0.3392, +0.2900, +0.2769, +0.2559, +0.2609, +0.2653, +0.2279, +0.2278, +0.2045, +0.2280, +0.2344, +0.2723, +0.2683, +0.2959, +0.2734, +0.3065, +0.2771, +0.2724, +0.2760, +0.2752, +0.2458, +0.2675, +0.2533, +0.2855, +0.2767, +0.2475, +0.2718, +0.3001, +0.2986, +0.2415, +0.2458, +0.2185, +0.2453, +0.2320, +0.2861, +0.2927, +0.2404, +0.2600, +0.2495, +0.2980, +0.2541, +0.3354, +0.3338, +0.3169, +0.3035, +0.3627, +0.4041, +0.3405, +0.4039, +0.4459, +0.3819, +0.4040, +0.5374, +0.3344, +0.3144, +0.3235, +0.3000, +0.3297, +0.3048, +0.3586, +0.3341, +0.3379, +0.3524, +0.3169, +0.3070, +0.3627, +0.2785, +0.3570, +0.3540, +0.3323, +0.3042, +0.2768, +0.2494, +0.2942, +0.2494, +0.2903, +0.2890, +0.2848, +0.2548, +0.3072, +0.3073, +0.2950, +0.3367, +0.4251, +0.4328, +0.5091, +0.4586, +0.4885, +0.4298, +0.3872, +0.3401, +0.3683, +0.3346, +0.3955, +0.3344, +0.3158, +0.3406, +0.3212, +0.3263, +0.3339, +0.2973, +0.3865, +0.3069, +0.3030, +0.2913, +0.2390, +0.3262, +0.2886, +0.2464, +0.2912, +0.3080, +0.2547, +0.2569, +0.2560, +0.2515, +0.2059, +0.2454, +0.2345, +0.1929, +0.2052, +0.1802, +0.2208, +0.1977, +0.2215, +0.2147, +0.2008, +0.2051, +0.2197, +0.2285, +0.2382, +0.2733, +0.2049, +0.1886, +0.1964, +0.1950, +0.1762, +0.1761, +0.1917, +0.1859, +0.1886, +0.1845, +0.1849, +0.1827, +0.2008, +0.2109, +0.1970, +0.1933, +0.2049, +0.2019, +0.2018, +0.2407, +0.2591, +0.2626, +0.2610, +0.2491, +0.2707, +0.2677, +0.2773, +0.2497, +0.2961, +0.3422, +0.2950, +0.2989, +0.3068, +0.2639, +0.2829, +0.2645, +0.2502, +0.2845, +0.2792, +0.3101, +0.2660, +0.2619, +0.2998, +0.2449, +0.2159, +0.2514, +0.1983, +0.2308, +0.2172, +0.2227, +0.2215, +0.2519, +0.2110, +0.2379, +0.2355, +0.2673, +0.2184, +0.1917, +0.2083, +0.2554, +0.1893, +0.1984, +0.2073, +0.2170, +0.2114, +0.1805, +0.2056, +0.2099, +0.2170, +0.2216, +0.2326, +0.1982, +0.2277, +0.2505, +0.2600, +0.2391, +0.2342, +0.2257, +0.2393, +0.2480, +0.2061, +0.2501, +0.2196, +0.2325, +0.2319, +0.2543, +0.2337, +0.2498, +0.2450, +0.2528, +0.2888, +0.2528, +0.2326, +0.2215, +0.2392, +0.2529, +0.2200, +0.2011, +0.2646, +0.2771, +0.2187, +0.3249, +0.2477, +0.2292, +0.2638, +0.2282, +0.2716, +0.2488, +0.2209, +0.2770, +0.2396, +0.2404, +0.2480, +0.2407, +0.2590, +0.2141, +0.2292, +0.2373, +0.2175, +0.2230, +0.2009, +0.2225, +0.1970, +0.2173, +0.1884, +0.2006, +0.2280, +0.2018, +0.2029, +0.2178, +0.2002, +0.2002, +0.2310, +0.2081, +0.2198, +0.2344, +0.2426, +0.2110, +0.2065, +0.2038, +0.2039, +0.2148, +0.2285, +0.2231, +0.2105, +0.2038, +0.2382, +0.2205, +0.2169, +0.2466, +0.2220, +0.2138, +0.2200, +0.2115, +0.2314, +0.2037, +0.2197, +0.2059, +0.2285, +0.2005, +0.2018, +0.2254, +0.2204, +0.2223, +0.2162, +0.1948, +0.2211, +0.2152, +0.2298, +0.2104, +0.2105, +0.2037, +0.2351, +0.2361, +0.2211, +0.1981, +0.2045, +0.2432, +0.2578, +0.2340, +0.2115, +0.2036, +0.2345, +0.2386, +0.2166, +0.2126, +0.2532, +0.2216, +0.2384, +0.2338, +0.1999, +0.2365, +0.2008, +0.2333, +0.2335, +0.2265, +0.2159, +0.2160, +0.2225, +0.2308, +0.2100, +0.2161, +0.2453, +0.2318, +0.2169, +0.2424, +0.2460, +0.2211, +0.2159, +0.2387, +0.2283, +0.2367, +0.2296, +0.2542, +0.2422, +0.2278, +0.2235, +0.2076, +0.2163, +0.2441, +0.1918, +0.2800, +0.2303, +0.2264, +0.2061, +0.2098, +0.2478, +0.2080, +0.1958, +0.2165, +0.2097, +0.2201, +0.1996, +0.2039, +0.2048, +0.2040, +0.2142, +0.2100, +0.2249, +0.1919, +0.2147, +0.2344, +0.2074, +0.2084, +0.2127, +0.2140, +0.1846, +0.2122, +0.2247, +0.1805, +0.1928, +0.2413, +0.2013, +0.1878, +0.1971, +0.2035, +0.1857, +0.1976, +0.2260, +0.1800, +0.1709, +0.2007, +0.1985, +0.2067, +0.1922, +0.2026, +0.1773, +0.1918, +0.1952, +0.2133, +0.1998, +0.2207, +0.2125, +0.1983, +0.2036, +0.2485, +0.2330, +0.1891, +0.2509, +0.2197, +0.2271, +0.2469, +0.2177, +0.2078, +0.2311, +0.2106, +0.2236, +0.1899, +0.2190, +0.2094, +0.1948, +0.2544, +0.2121, +0.2046, +0.1921, +0.1906, +0.2536, +0.2317, +0.1940, +0.2116, +0.1949, +0.2070, +0.2112, +0.2318, +0.2029, +0.1951, +0.1948, +0.2497, +0.2061, +0.2113, +0.2488, +0.2039, +0.2126, +0.2016, +0.2371, +0.2296, +0.1933, +0.1872, +0.2262, +0.2020, +0.1817, +0.1915, +0.1846, +0.2124, +0.1838, +0.2198, +0.2098, +0.2117, +0.1952, +0.2116, +0.2204, +0.1984, +0.2217, +0.2313, +0.2186, +0.2240, +0.2200, +0.2378, +0.2211, +0.2147, +0.2128, +0.2611, +0.2057, +0.2229, +0.2609, +0.2218, +0.2363, +0.2300, +0.2155, +0.2185, +0.2368, +0.2157, +0.2169, +0.2153, +0.2208, +0.2105, +0.2171, +0.2436, +0.2071, +0.2498, +0.2397, +0.2437, +0.2720, +0.2166, +0.2454, +0.2692, +0.2559, +0.2715, +0.2684, +0.2679, +0.3381, +0.4273, +0.4455, +0.4125, +0.4686, +0.3836, +0.4003, +0.4288, +0.3838, +0.4164, +0.4049, +0.4466, +0.3830, +0.3235, +0.2868, +0.3257, +0.3154, +0.2604, +0.2822, +0.2846, +0.2552, +0.2244, +0.3110, +0.2451, +0.2098, +0.3012, +0.2340, +0.2861, +0.2636, +0.2637, +0.2313, +0.2474, +0.2349, +0.2048, +0.2299, +0.2544, +0.2404, +0.2301, +0.2101, +0.2063, +0.2741, +0.2212, +0.2040, +0.2128, +0.2096, +0.2111, +0.2128, +0.1949, +0.2009, +0.2291, +0.2172, +0.2158, +0.2109, +0.2403, +0.2200, +0.2211, +0.2380, +0.2298, +0.2170, +0.2269, +0.2072, +0.2280, +0.2406, +0.2416, +0.2215, +0.2099, +0.2206, +0.2260, +0.2350, +0.2211, +0.2264, +0.2316, +0.2141, +0.2376, +0.2225, +0.2490, +0.2263, +0.2442, +0.2241, +0.2309, +0.2466, +0.2346, +0.2558, +0.2724, +0.2409, +0.2483, +0.2080, +0.2436, +0.2528, +0.2209, +0.2572, +0.2440, +0.2329, +0.2324, +0.2321, +0.2707, +0.2147, +0.2390, +0.2248, +0.2573, +0.2569, +0.2558, +0.2516, +0.2040, +0.2282, +0.2379, +0.2570, +0.2431, +0.2216, +0.2769, +0.2240, +0.2439, +0.2440, +0.2305, +0.2491, +0.2469, +0.2546, +0.2399, +0.2429, +0.2658, +0.2651, +0.2465, +0.2222, +0.2357, +0.2652, +0.2734, +0.2697, +0.2312, +0.2891, +0.2356, +0.2158, +0.2306, +0.2303, +0.2274, +0.2043, +0.3030, +0.2352, +0.2492, +0.2411, +0.2357, +0.2231, +0.2556, +0.2288, +0.2514, +0.2129, +0.2398, +0.2091, +0.2567, +0.2372, +0.2951, +0.2778, +0.2442, +0.2657, +0.2502, +0.2458, +0.2463, +0.2321, +0.2499, +0.2201, +0.2214, +0.2021, +0.2168, +0.2140, +0.2025, +0.2106, +0.2238, +0.2045, +0.1981, +0.2235, +0.2234, +0.2577, +0.2082, +0.2437, +0.2345, +0.2050, +0.1968, +0.2028, +0.2052, +0.2065, +0.1998, +0.2142, +0.1940, +0.1830, +0.1915, +0.1919, +0.1913, +0.1902, +0.1926, +0.1882, +0.2079, +0.1921, +0.2097, +0.1962, +0.1987, +0.2522, +0.2226, +0.2030, +0.2108, +0.1871, +0.2235, +0.1912, +0.2204, +0.2014, +0.2090, +0.2210, +0.1977, +0.2130, +0.1938, +0.2042, +0.2100, +0.2156, +0.1952, +0.2290, +0.2104, +0.1987, +0.2086, +0.1921, +0.2107, +0.2080, +0.2296, +0.2118, +0.1977, +0.2054, +0.2380, +0.2079, +0.2268, +0.2072, +0.2078, +0.2415, +0.1948, +0.2263, +0.2186, +0.2388, +0.2082, +0.2244, +0.2241, +0.2362, +0.2269, +0.2443, +0.2711, +0.2274, +0.2307, +0.2204, +0.2530, +0.2301, +0.2359, +0.2119, +0.2349, +0.2243, +0.2241, +0.2421, +0.2345, +0.2413, +0.2168, +0.2380, +0.2526, +0.2166, +0.2180, +0.2367, +0.2258, +0.2097, +0.2400, +0.2253, +0.2140, +0.2054, +0.2454, +0.2375, +0.2364, +0.2120, +0.2633, +0.2482, +0.2247, +0.2066, +0.2168, +0.2154, +0.2337, +0.2227, +0.2424, +0.2534, +0.2215, +0.2179, +0.2234, +0.2148, +0.2301, +0.2134, +0.2380, +0.2392, +0.2254, +0.2620, +0.2466, +0.2333, +0.2367, +0.2193, +0.2796, +0.2330, +0.2397, +0.2238, +0.2468, +0.2571, +0.2242, +0.2157, +0.2546, +0.2310, +0.2277, +0.2422, +0.2427, +0.2257, +0.2316, +0.2395, +0.2484, +0.2416, +0.2697, +0.2402, +0.2580, +0.2480, +0.2270, +0.2360, +0.2153, +0.2327, +0.2141, +0.1986, +0.2128, +0.2064, +0.2091, +0.2230, +0.2223, +0.2421, +0.2322, +0.2258, +0.2271, +0.2559, +0.2332, +0.1989, +0.1992, +0.2008, +0.2072, +0.2282, +0.2029, +0.2032, +0.2145, +0.2223, +0.2093, +0.2081, +0.2229, +0.2014, +0.2301, +0.2586, +0.2235, +0.2275, +0.2140, +0.2322, +0.2279, +0.2193, +0.2527, +0.2048, +0.2081, +0.2186, +0.2191, +0.2191, +0.2060, +0.2023, +0.2221, +0.2092, +0.2174, +0.2260, +0.2379, +0.2315, +0.2297, +0.2169, +0.2198, +0.2555, +0.2139, +0.2246, +0.2172, +0.2613, +0.2322, +0.2465, +0.2137, +0.2498, +0.2400, +0.2531, +0.2508, +0.2422, +0.2276, +0.2416, +0.2371, +0.2714, +0.2719, +0.2505, +0.2602, +0.2288, +0.3140, +0.2394, +0.2484, +0.2601, +0.2456, +0.2293, +0.2451, +0.2182, +0.2688, +0.2467, +0.2554, +0.2394, +0.2232, +0.2636, +0.2238, +0.2398, +0.2195, +0.2514, +0.2224, +0.2656, +0.2198, +0.1981, +0.2106, +0.2244, +0.2190, +0.2110, +0.2137, +0.2020, +0.2175, +0.2070, +0.2413, +0.2193, +0.2354, +0.2388, +0.2231, +0.2162, +0.2122, +0.2388, +0.2248, +0.2053, +0.2069, +0.2301, +0.2211, +0.1968, +0.2126, +0.2205, +0.2162, +0.2266, +0.2356, +0.2322, +0.2209, +0.2150, +0.2468, +0.2275, +0.2276, +0.2243, +0.2175, +0.2485, +0.2411, +0.2280, +0.2233, +0.2377, +0.2066, +0.2303, +0.2231, +0.2518, +0.2165, +0.2326, +0.2432, +0.2198, +0.2150, +0.2130, +0.2175, +0.2109, +0.2291, +0.2235, +0.2359, +0.2434, +0.2226, +0.2348, +0.2237, +0.2263, +0.2374, +0.2716, +0.2436, +0.2373, +0.2576, +0.2394, +0.2411, +0.2432, +0.2234, +0.2258, +0.2056, +0.2419, +0.2471, +0.2118, +0.2138, +0.2542, +0.2255, +0.2174, +0.2389, +0.2558, +0.2231, +0.2298, +0.2337, +0.2513, +0.2812, +0.2417, +0.2210, +0.2374, +0.2574, +0.2928, +0.3291, +0.2240, +0.2791, +0.2324, +0.2268, +0.2688, +0.2385, +0.2413, +0.2273, +0.2175, +0.2423, +0.2403, +0.2270, +0.2388, +0.2223, +0.2499, +0.2189, +0.2688, +0.2689, +0.2298, +0.2390, +0.2430, +0.2320, +0.2309, +0.2426, +0.2223, +0.2302, +0.2302, +0.2363, +0.2370, +0.2234, +0.2510, +0.2386, +0.2253, +0.2903, +0.2339, +0.2528, +0.2295, +0.2554, +0.2468, +0.2356, +0.2488, +0.2380, +0.2539, +0.2296, +0.2567, +0.2445, +0.2550, +0.2390, +0.2821, +0.2217, +0.2749, +0.2909, +0.2418, +0.2265, +0.2263, +0.2207, +0.2348, +0.2356, +0.2530, +0.2533, +0.2614, +0.2544, +0.2600, +0.2309, +0.2517, +0.2629, +0.2312, +0.2741, +0.2556, +0.2243, +0.2448, +0.2335, +0.2319, +0.2348, +0.2421, +0.2574, +0.2799, +0.2345, +0.2209, +0.2422, +0.2722, +0.2224, +0.2119, +0.2303, +0.2609, +0.2265, +0.2357, +0.2154, +0.2877, +0.2455, +0.2273, +0.2178, +0.2588, +0.2696, +0.2256, +0.2663, +0.2659, +0.2472, +0.2300, +0.2257, +0.2270, +0.2319, +0.2425, +0.2401, +0.2463, +0.2485, +0.2580, +0.2587, +0.2439, +0.2531, +0.2252, +0.2489, +0.2836, +0.2536, +0.2310, +0.2331, +0.2583, +0.2525, +0.2360, +0.2637, +0.2587, +0.2341, +0.2309, +0.2507, +0.2335, +0.2213, +0.2223, +0.2817, +0.2301, +0.2324, +0.2208, +0.2621, +0.2306, +0.2450, +0.2342, +0.2273, +0.2408, +0.2384, +0.2222, +0.2446, +0.2707, +0.2432, +0.2344, +0.2184, +0.2441, +0.2859, +0.2509, +0.2429, +0.2376, +0.2579, +0.2477, +0.2386, +0.2517, +0.2446, +0.2628, +0.2426, +0.2393, +0.2599, +0.2402, +0.2331, +0.2517, +0.2626, +0.2372, +0.2890, +0.2497, +0.2359, +0.2374, +0.2722, +0.2415, +0.2361, +0.2604, +0.2574, +0.2341, +0.2232, +0.2265, +0.2276, +0.2505, +0.2369, +0.2305, +0.2368, +0.2383, +0.2351, +0.2209, +0.2207, +0.2491, +0.2354, +0.2367, +0.2541, +0.2373, +0.2376, +0.2344, +0.2725, +0.2468, +0.2567, +0.2926, +0.2274, +0.2449, +0.2412, +0.2801, +0.2564, +0.2298, +0.2647, +0.2339, +0.2467, +0.2388, +0.2561, +0.2800, +0.2513, +0.2334, +0.2357, +0.2330, +0.2415, +0.2415, +0.2411, +0.2220, +0.2446, +0.2548, +0.2439, +0.2249, +0.2357, +0.2478, +0.2410, +0.2490, +0.2459, +0.2630, +0.2627, +0.2698, +0.2707, +0.2483, +0.2464, +0.2879, +0.2724, +0.2576, +0.2830, +0.2322, +0.2462, +0.2498, +0.2638, +0.2612, +0.2347, +0.2773, +0.2529, +0.2283, +0.2448, +0.2303, +0.2443, +0.2391, +0.2408, +0.2354, +0.2385, +0.2732, +0.2561, +0.2555, +0.2529, +0.2448, +0.2365, +0.2502, +0.2465, +0.2486, +0.2369, +0.2341, +0.2561, +0.2301, +0.2355, +0.2179, +0.2942, +0.2390, +0.2727, +0.2791, +0.2487, +0.2480, +0.2642, +0.2444, +0.2375, +0.2582, +0.2641, +0.2354, +0.2504, +0.2349, +0.2461, +0.2404, +0.2442, +0.2486, +0.2535, +0.2608, +0.2613, +0.2377, +0.2689, +0.2891, +0.2618, +0.2324, +0.2773, +0.2604, +0.2778, +0.2677, +0.2727, +0.2949, +0.2577, +0.2886, +0.2346, +0.2423, +0.2407, +0.2569, +0.2529, +0.2674, +0.2382, +0.2754, +0.2627, +0.2368, +0.2425, +0.2465, +0.2408, +0.2635, +0.2646, +0.2473, +0.2636, +0.2546, +0.2792, +0.2951, +0.2506, +0.2739, +0.2498, +0.2563, +0.2615, +0.2508, +0.2495, +0.2523, +0.2664, +0.2692, +0.2681, +0.2578, +0.2342, +0.2848, +0.2472, +0.2709, +0.2543, +0.2565, +0.2569, +0.2514, +0.2806, +0.2636, +0.2719, +0.2522, +0.2551, +0.2629, +0.2615, +0.2458, +0.2546, +0.2496, +0.2561, +0.2559, +0.2444, +0.2532, +0.2731, +0.2545, +0.2590, +0.2794, +0.2562, +0.2451, +0.2537, +0.2572, +0.2552, +0.2776, +0.2582, +0.2819, +0.2768, +0.2577, +0.2700, +0.2540, +0.2687, +0.2781, +0.2424, +0.2831, +0.2479, +0.2533, +0.2570, +0.2460, +0.2662, +0.2728, +0.2863, +0.2542, +0.2555, +0.2648, +0.2483, +0.2346, +0.2431, +0.2489, +0.2479, +0.2409, +0.2530, +0.2602, +0.2405, +0.2562, +0.2428, +0.2619, +0.2691, +0.2514, +0.2607, +0.2490, +0.2555, +0.2438, +0.2524, +0.2598, +0.2455, +0.2569, +0.2556, +0.2533, +0.2497, +0.2650, +0.2498, +0.2452, +0.2487, +0.2376, +0.2898, +0.2646, +0.2481, +0.2838, +0.2448, +0.2842, +0.2689, +0.2491, +0.2603, +0.2630, +0.2387, +0.2444, +0.2462, +0.2653, +0.2716, +0.2557, +0.2546, +0.2336, +0.2617, +0.2573, +0.2306, +0.2612, +0.2475, +0.2756, +0.2337, +0.2582, +0.2312, +0.2539, +0.2415, +0.2496, +0.2662, +0.2572, +0.2543, +0.2656, +0.2613, +0.2602, +0.2305, +0.2542, +0.2504, +0.2538, +0.2372, +0.2593, +0.2511, +0.2493, +0.2547, +0.2466, +0.2672, +0.2489, +0.2567, +0.2402, +0.2448, +0.2669, +0.2498, +0.2409, +0.2457, +0.2502, +0.2329, +0.2697, +0.2450, +0.2670, +0.2569, +0.2470, +0.2463, +0.2472, +0.2614, +0.2606, +0.2687, +0.2494, +0.2696, +0.2484, +0.2651, +0.2792, +0.2502, +0.2444, +0.2470, +0.2853, +0.2544, +0.2463, +0.2464, +0.2457, +0.2516, +0.2508, +0.2598, +0.2546, +0.2530, +0.2428, +0.2576, +0.2735, +0.2521, +0.2528, +0.2868, +0.2727, +0.2534, +0.2869, +0.2629, +0.2570, +0.2654, +0.2696, +0.2711, +0.2504, +0.2677, +0.2747, +0.2490, +0.2756, +0.2575, +0.2925, +0.2671, +0.2457, +0.2488, +0.2407, +0.2668, +0.2539, +0.2693, +0.2324, +0.2728, +0.2460, +0.2693, +0.2602, +0.2553, +0.2572, +0.2481, +0.2459, +0.2471, +0.2444, +0.2611, +0.2370, +0.2894, +0.2420, +0.2603, +0.2669, +0.2525, +0.2368, +0.2480, +0.2467, +0.2520, +0.2539, +0.2552, +0.2550, +0.2455, +0.2526, +0.2505, +0.2515, +0.2657, +0.2266, +0.2602, +0.2740, +0.2520, +0.2542, +0.2336, +0.2518, +0.2539, +0.2525, +0.2476, +0.2387, +0.2412, +0.2468, +0.2587, +0.2458, +0.2497, +0.2534, +0.2451, +0.2303, +0.2700, +0.2352, +0.2608, +0.2587, +0.2516, +0.2355, +0.2610, +0.2402, +0.2858, +0.2392, +0.2738, +0.2736, +0.2478, +0.2320, +0.2480, +0.2384, +0.2357, +0.2413, +0.2718, +0.2741, +0.2578, +0.2427, +0.2503, +0.2380, +0.2614, +0.2571, +0.2733, +0.2384, +0.2407, +0.2455, +0.2481, +0.2480, +0.2466, +0.2446, +0.2572, +0.2468, +0.2450, +0.2396, +0.2384, +0.2543, +0.2441, +0.2629, +0.2365, +0.2334, +0.2678, +0.2409, +0.2519, +0.2364, +0.2885, +0.2305, +0.2503, +0.2395, +0.2667, +0.2540, +0.2786, +0.2520, +0.2449, +0.2481, +0.2522, +0.2280, +0.2482, +0.2414, +0.2774, +0.2517, +0.2475, +0.2561, +0.2452, +0.2470, +0.2743, +0.2426, +0.2614, +0.2373, +0.2474, +0.2508, +0.2513, +0.2378, +0.2858, +0.2543, +0.2568, +0.2592, +0.2369, +0.2941, +0.2561, +0.3120, +0.2812, +0.2805, +0.2507, +0.2448, +0.2557, +0.2647, +0.2303, +0.2544, +0.2678, +0.2585, +0.2774, +0.2586, +0.2659, +0.2470, +0.2690, +0.2489, +0.2401, +0.2958, +0.2428, +0.2706, +0.2295, +0.3044, +0.2664, +0.2559, +0.2587, +0.2421, +0.2556, +0.2367, +0.2457, +0.2450, +0.2433, +0.2406, +0.2275, +0.2456, +0.2558, +0.2424, +0.2465, +0.2433, +0.2575, +0.2342, +0.2584, +0.2629, +0.2408, +0.2635, +0.2697, +0.2435, +0.2840, +0.2295, +0.2463, +0.2442, +0.2731, +0.2552, +0.2467, +0.2647, +0.2480, +0.2599, +0.2411, +0.2784, +0.2564, +0.2695, +0.2498, +0.2719, +0.2533, +0.2637, +0.2357]
                   entropy: [+1.5722, +1.5736, +1.5743, +1.5734, +1.5727, +1.5711, +1.5697, +1.5674, +1.5647, +1.5591, +1.5489, +1.5491, +1.5418, +1.5268, +1.5007, +1.4909, +1.4772, +1.4781, +1.4661, +1.4692, +1.4841, +1.4708, +1.4632, +1.4522, +1.4419, +1.4231, +1.4240, +1.4278, +1.4318, +1.4319, +1.4155, +1.4007, +1.3892, +1.4029, +1.4269, +1.4185, +1.3956, +1.3843, +1.3954, +1.3848, +1.3711, +1.3425, +1.3121, +1.2660, +1.2413, +1.1947, +1.1601, +1.1072, +1.0653, +1.0258, +0.9710, +0.9291, +0.8866, +0.8440, +0.8191, +0.7915, +0.7691, +0.7357, +0.7253, +0.7141, +0.6971, +0.6882, +0.6612, +0.6468, +0.6612, +0.6520, +0.6456, +0.6630, +0.6492, +0.6527, +0.6563, +0.6691, +0.6653, +0.6429, +0.6439, +0.6302, +0.6244, +0.6212, +0.6204, +0.6020, +0.6172, +0.6128, +0.6010, +0.6010, +0.6038, +0.5944, +0.5878, +0.5691, +0.5597, +0.5529, +0.5615, +0.5532, +0.5592, +0.5515, +0.5492, +0.5486, +0.5602, +0.5539, +0.5561, +0.5669, +0.5643, +0.5749, +0.5837, +0.5823, +0.5815, +0.5807, +0.5788, +0.5810, +0.5699, +0.5507, +0.5484, +0.5451, +0.5386, +0.5169, +0.5337, +0.5192, +0.5211, +0.5194, +0.5143, +0.4958, +0.4969, +0.4937, +0.5027, +0.4996, +0.4851, +0.4977, +0.4933, +0.4860, +0.4905, +0.4989, +0.4876, +0.4995, +0.4951, +0.5097, +0.4959, +0.4934, +0.4953, +0.4934, +0.4913, +0.4825, +0.4856, +0.4925, +0.4869, +0.4610, +0.4691, +0.4889, +0.4674, +0.4630, +0.4580, +0.4647, +0.4669, +0.4612, +0.4486, +0.4568, +0.4621, +0.4570, +0.4541, +0.4535, +0.4627, +0.4637, +0.4603, +0.4702, +0.4703, +0.4744, +0.4696, +0.4777, +0.4730, +0.4859, +0.4694, +0.4783, +0.4730, +0.4838, +0.4804, +0.4986, +0.4861, +0.4877, +0.4773, +0.4848, +0.4877, +0.4794, +0.4802, +0.4792, +0.4914, +0.4813, +0.4801, +0.4684, +0.4699, +0.4889, +0.4897, +0.4963, +0.5208, +0.5131, +0.5186, +0.5168, +0.5255, +0.5116, +0.4959, +0.5068, +0.5156, +0.5163, +0.5123, +0.5051, +0.5230, +0.5289, +0.5138, +0.5247, +0.5008, +0.5312, +0.5259, +0.5175, +0.4973, +0.5046, +0.5229, +0.5045, +0.5058, +0.5014, +0.5086, +0.4996, +0.4993, +0.4707, +0.4795, +0.4892, +0.4898, +0.5079, +0.4869, +0.4816, +0.4608, +0.4513, +0.4579, +0.4499, +0.4588, +0.4494, +0.4613, +0.4616, +0.4602, +0.4453, +0.4539, +0.4456, +0.4513, +0.4649, +0.4447, +0.4417, +0.4492, +0.4545, +0.4562, +0.4578, +0.4653, +0.4606, +0.4504, +0.4501, +0.4623, +0.4609, +0.4565, +0.4461, +0.4465, +0.4792, +0.4851, +0.4833, +0.4700, +0.4719, +0.4658, +0.4806, +0.4920, +0.5077, +0.4996, +0.5137, +0.5015, +0.5013, +0.4866, +0.4730, +0.5052, +0.5082, +0.5105, +0.5073, +0.4909, +0.4697, +0.4624, +0.4581, +0.4879, +0.4793, +0.4535, +0.4587, +0.4527, +0.4546, +0.4548, +0.4525, +0.4494, +0.4617, +0.4593, +0.4619, +0.4790, +0.4702, +0.4664, +0.4334, +0.4296, +0.4527, +0.4581, +0.4629, +0.4565, +0.4648, +0.4518, +0.4370, +0.4381, +0.4295, +0.4279, +0.4342, +0.4257, +0.4511, +0.4338, +0.4292, +0.4498, +0.4393, +0.4481, +0.4426, +0.4690, +0.4413, +0.4232, +0.4335, +0.4374, +0.4326, +0.4354, +0.4159, +0.4103, +0.4113, +0.4317, +0.4379, +0.4296, +0.4425, +0.4294, +0.4317, +0.4394, +0.4213, +0.4345, +0.4271, +0.4257, +0.4425, +0.4260, +0.4389, +0.4453, +0.4586, +0.4691, +0.4622, +0.4722, +0.4756, +0.4698, +0.4655, +0.4518, +0.4544, +0.4506, +0.4560, +0.4447, +0.4555, +0.4548, +0.4497, +0.4560, +0.4576, +0.4663, +0.4660, +0.4662, +0.4676, +0.4802, +0.4852, +0.4770, +0.4776, +0.4762, +0.4773, +0.4790, +0.4674, +0.4561, +0.4747, +0.4591, +0.4668, +0.4774, +0.4788, +0.4872, +0.4698, +0.4876, +0.4705, +0.4857, +0.4849, +0.4850, +0.5013, +0.4792, +0.4793, +0.4722, +0.4762, +0.4742, +0.4696, +0.4875, +0.4877, +0.4712, +0.4759, +0.4794, +0.4870, +0.5070, +0.5150, +0.5322, +0.5304, +0.5291, +0.5254, +0.5084, +0.5047, +0.5216, +0.5061, +0.5251, +0.5362, +0.5322, +0.5428, +0.5442, +0.5242, +0.5269, +0.5295, +0.5104, +0.5232, +0.5209, +0.5269, +0.5376, +0.5457, +0.5335, +0.5318, +0.5237, +0.5333, +0.5348, +0.5202, +0.5286, +0.5162, +0.5170, +0.5075, +0.5281, +0.5154, +0.5257, +0.5210, +0.5269, +0.5291, +0.5263, +0.5128, +0.4962, +0.5024, +0.5030, +0.5095, +0.5096, +0.5008, +0.4990, +0.4950, +0.4922, +0.5050, +0.4948, +0.4974, +0.5100, +0.5047, +0.5010, +0.5008, +0.5214, +0.5073, +0.5039, +0.5131, +0.5210, +0.5054, +0.5106, +0.5140, +0.4994, +0.5022, +0.5158, +0.5168, +0.5251, +0.5148, +0.5195, +0.5266, +0.5174, +0.5264, +0.4982, +0.5056, +0.5008, +0.5221, +0.5149, +0.5072, +0.5180, +0.5169, +0.5276, +0.5112, +0.5286, +0.5377, +0.5321, +0.5170, +0.5227, +0.5306, +0.5095, +0.5060, +0.5218, +0.5284, +0.5207, +0.5165, +0.5343, +0.5233, +0.5189, +0.5301, +0.5360, +0.5134, +0.4993, +0.4973, +0.5012, +0.4908, +0.5048, +0.4928, +0.4923, +0.4903, +0.4919, +0.4985, +0.4997, +0.4971, +0.5046, +0.5118, +0.5228, +0.5253, +0.5138, +0.5132, +0.5185, +0.5202, +0.5050, +0.5274, +0.5296, +0.5016, +0.5193, +0.5183, +0.5104, +0.4919, +0.5087, +0.5069, +0.4879, +0.4874, +0.4952, +0.5012, +0.5022, +0.4912, +0.4982, +0.4898, +0.4767, +0.4725, +0.4752, +0.4840, +0.4956, +0.4894, +0.4901, +0.4980, +0.4830, +0.4868, +0.4937, +0.5014, +0.5061, +0.4992, +0.5053, +0.5042, +0.4923, +0.5169, +0.5196, +0.5104, +0.5178, +0.5020, +0.4983, +0.4950, +0.4942, +0.4870, +0.4893, +0.4881, +0.4688, +0.4595, +0.4669, +0.4600, +0.4625, +0.4513, +0.4706, +0.4644, +0.4687, +0.4729, +0.4957, +0.4593, +0.4766, +0.4743, +0.4661, +0.4767, +0.4787, +0.4585, +0.4615, +0.4781, +0.4678, +0.4560, +0.4659, +0.4648, +0.4690, +0.4722, +0.4627, +0.4786, +0.4658, +0.4757, +0.4707, +0.4757, +0.4752, +0.4709, +0.4597, +0.4669, +0.4700, +0.4865, +0.4778, +0.4846, +0.4903, +0.4859, +0.4872, +0.4925, +0.4989, +0.4609, +0.4938, +0.4898, +0.4783, +0.4723, +0.4814, +0.4981, +0.4868, +0.4843, +0.4993, +0.4921, +0.4817, +0.4861, +0.4729, +0.4725, +0.4592, +0.4680, +0.4717, +0.4549, +0.4521, +0.4507, +0.4547, +0.4443, +0.4572, +0.4594, +0.4686, +0.4752, +0.4683, +0.4728, +0.4663, +0.4707, +0.4706, +0.4856, +0.4758, +0.4851, +0.4851, +0.4757, +0.4971, +0.5126, +0.5104, +0.5090, +0.4956, +0.4928, +0.5023, +0.4842, +0.4880, +0.4823, +0.4835, +0.4863, +0.4966, +0.4990, +0.5099, +0.5004, +0.4971, +0.4980, +0.5082, +0.5168, +0.5017, +0.5078, +0.5098, +0.5123, +0.5105, +0.5023, +0.5247, +0.5189, +0.5170, +0.5176, +0.5296, +0.5336, +0.5230, +0.5134, +0.5188, +0.5185, +0.5355, +0.5255, +0.5260, +0.5195, +0.5410, +0.5374, +0.5284, +0.5411, +0.5380, +0.5374, +0.5382, +0.5542, +0.5642, +0.5538, +0.5635, +0.5449, +0.5359, +0.5583, +0.5382, +0.5389, +0.5436, +0.5206, +0.5431, +0.5316, +0.5435, +0.5343, +0.5288, +0.5364, +0.5408, +0.5237, +0.5270, +0.5370, +0.5202, +0.5191, +0.5336, +0.5163, +0.5305, +0.5260, +0.5037, +0.5265, +0.5141, +0.5196, +0.5283, +0.5178, +0.5193, +0.5026, +0.5188, +0.5123, +0.5076, +0.5039, +0.5152, +0.5148, +0.5342, +0.5313, +0.5273, +0.5198, +0.4979, +0.5092, +0.5078, +0.5147, +0.5071, +0.5069, +0.5047, +0.5130, +0.5073, +0.5112, +0.5036, +0.5101, +0.5062, +0.5135, +0.5169, +0.5168, +0.4935, +0.5019, +0.5014, +0.5041, +0.4943, +0.4909, +0.4955, +0.4902, +0.4906, +0.4978, +0.4971, +0.5123, +0.4988, +0.4921, +0.4991, +0.4903, +0.4714, +0.4732, +0.4796, +0.4651, +0.4546, +0.4645, +0.4643, +0.4799, +0.4984, +0.5044, +0.5099, +0.5085, +0.5196, +0.5322, +0.5350, +0.5344, +0.5381, +0.5430, +0.5423, +0.5428, +0.5465, +0.5301, +0.5113, +0.5062, +0.5178, +0.5151, +0.5116, +0.5238, +0.5264, +0.5165, +0.5157, +0.5202, +0.5170, +0.5134, +0.5144, +0.5042, +0.5082, +0.5148, +0.5133, +0.5049, +0.4902, +0.4846, +0.4964, +0.4911, +0.4875, +0.5052, +0.4935, +0.4924, +0.5037, +0.5022, +0.4989, +0.5095, +0.5013, +0.5145, +0.5171, +0.5016, +0.5138, +0.4893, +0.4902, +0.4981, +0.4986, +0.5059, +0.5019, +0.5046, +0.4881, +0.5065, +0.5036, +0.4830, +0.4809, +0.4870, +0.4841, +0.4847, +0.4708, +0.4855, +0.4801, +0.4882, +0.4835, +0.4894, +0.4970, +0.4965, +0.4912, +0.4996, +0.4959, +0.4960, +0.4870, +0.5003, +0.4937, +0.5088, +0.5027, +0.5122, +0.4992, +0.4997, +0.5189, +0.5294, +0.5274, +0.5141, +0.5011, +0.4836, +0.4946, +0.4925, +0.4918, +0.4959, +0.4987, +0.5253, +0.5129, +0.5028, +0.5003, +0.5197, +0.5173, +0.5191, +0.5172, +0.5142, +0.5206, +0.5174, +0.5208, +0.5306, +0.5283, +0.5263, +0.5386, +0.5065, +0.5335, +0.5219, +0.5296, +0.5213, +0.5298, +0.5216, +0.5095, +0.5053, +0.5193, +0.5150, +0.5096, +0.5200, +0.5534, +0.5458, +0.5449, +0.5442, +0.5385, +0.5296, +0.5339, +0.5200, +0.5443, +0.5321, +0.5336, +0.5328, +0.5359, +0.5163, +0.5243, +0.5148, +0.5130, +0.5209, +0.5160, +0.5125, +0.5121, +0.5295, +0.5386, +0.5243, +0.5221, +0.5193, +0.5108, +0.5077, +0.5101, +0.5289, +0.5182, +0.5303, +0.5232, +0.5297, +0.5219, +0.5154, +0.5154, +0.5179, +0.5331, +0.5260, +0.5244, +0.5385, +0.5293, +0.5302, +0.5222, +0.5191, +0.5373, +0.5383, +0.5383, +0.5335, +0.5281, +0.5332, +0.5369, +0.5324, +0.5355, +0.5314, +0.5311, +0.5216, +0.5259, +0.5344, +0.5521, +0.5358, +0.5404, +0.5372, +0.5219, +0.5297, +0.5255, +0.5264, +0.5401, +0.5497, +0.5310, +0.5444, +0.5284, +0.5353, +0.5297, +0.5494, +0.5403, +0.5387, +0.5397, +0.5332, +0.5323, +0.5313, +0.5234, +0.5198, +0.5310, +0.5272, +0.5279, +0.5221, +0.5117, +0.5112, +0.5139, +0.5089, +0.5188, +0.5217, +0.5356, +0.5317, +0.5280, +0.5219, +0.5356, +0.5433, +0.5477, +0.5428, +0.5421, +0.5224, +0.5295, +0.5433, +0.5414, +0.5419, +0.5431, +0.5510, +0.5529, +0.5421, +0.5719, +0.5466, +0.5761, +0.5678, +0.5681, +0.5671, +0.5483, +0.5478, +0.5493, +0.5521, +0.5586, +0.5594, +0.5503, +0.5494, +0.5692, +0.5567, +0.5542, +0.5488, +0.5477, +0.5390, +0.5500, +0.5446, +0.5428, +0.5488, +0.5429, +0.5315, +0.5441, +0.5285, +0.5394, +0.5380, +0.5450, +0.5415, +0.5364, +0.5284, +0.5382, +0.5405, +0.5407, +0.5437, +0.5429, +0.5429, +0.5521, +0.5439, +0.5366, +0.5478, +0.5478, +0.5644, +0.5359, +0.5323, +0.5317, +0.5316, +0.5568, +0.5354, +0.5381, +0.5304, +0.5145, +0.5327, +0.5300, +0.5433, +0.5486, +0.5409, +0.5454, +0.5382, +0.5386, +0.5174, +0.5288, +0.5164, +0.5115, +0.5202, +0.5208, +0.5317, +0.5552, +0.5417, +0.5373, +0.5377, +0.5368, +0.5246, +0.5328, +0.5550, +0.5466, +0.5361, +0.5476, +0.5338, +0.5229, +0.5332, +0.5178, +0.5148, +0.5259, +0.5320, +0.5364, +0.5331, +0.5438, +0.5415, +0.5452, +0.5324, +0.5415, +0.5498, +0.5352, +0.5268, +0.5394, +0.5337, +0.5397, +0.5225, +0.5183, +0.5243, +0.5344, +0.5333, +0.5196, +0.5111, +0.5203, +0.5511, +0.5529, +0.5536, +0.5507, +0.5433, +0.5387, +0.5571, +0.5470, +0.5398, +0.5559, +0.5283, +0.5386, +0.5302, +0.5301, +0.5319, +0.5298, +0.5202, +0.5471, +0.5454, +0.5438, +0.5444, +0.5611, +0.5375, +0.5359, +0.5457, +0.5462, +0.5418, +0.5407, +0.5436, +0.5268, +0.5239, +0.5323, +0.5359, +0.5253, +0.5225, +0.5346, +0.5313, +0.5269, +0.5441, +0.5410, +0.5297, +0.5390, +0.5303, +0.5316, +0.5438, +0.5336, +0.5341, +0.5217, +0.5188, +0.5241, +0.5196, +0.5161, +0.5219, +0.5088, +0.5333, +0.5166, +0.5285, +0.5238, +0.5179, +0.5031, +0.5136, +0.4887, +0.4996, +0.4996, +0.5055, +0.5094, +0.5010, +0.5152, +0.5034, +0.5240, +0.4935, +0.5065, +0.5113, +0.5083, +0.5000, +0.4959, +0.4986, +0.5107, +0.5068, +0.5138, +0.5036, +0.5055, +0.5097, +0.5128, +0.5092, +0.5046, +0.5206, +0.5021, +0.5028, +0.4953, +0.4996, +0.4823, +0.4839, +0.4998, +0.4978, +0.5014, +0.5104, +0.5084, +0.5195, +0.5129, +0.4940, +0.5138, +0.5159, +0.5241, +0.5041, +0.5024, +0.5029, +0.5024, +0.4977, +0.4991, +0.4925, +0.5123, +0.5051, +0.5123, +0.4953, +0.5113, +0.5086, +0.4920, +0.4979, +0.4998, +0.4956, +0.4928, +0.4763, +0.4882, +0.4923, +0.4859, +0.4911, +0.4815, +0.4925, +0.5024, +0.5094, +0.5015, +0.5043, +0.4984, +0.4903, +0.4882, +0.4941, +0.4755, +0.4943, +0.5027, +0.5178, +0.5064, +0.5118, +0.4866, +0.5233, +0.5153, +0.5122, +0.5038, +0.4899, +0.4938, +0.4905, +0.5048, +0.5034, +0.5022, +0.5154, +0.5212, +0.5082, +0.5021, +0.5178, +0.5174, +0.5248, +0.5287, +0.5338, +0.5235, +0.5302, +0.5217, +0.5246, +0.5104, +0.5253, +0.5298, +0.5155, +0.5200, +0.5213, +0.5124, +0.5118, +0.5021, +0.5238, +0.5182, +0.5172, +0.5029, +0.5186, +0.4986, +0.5119, +0.5013, +0.5121, +0.5078, +0.5048, +0.5053, +0.5101, +0.5029, +0.5103, +0.5065, +0.5271, +0.5254, +0.5233, +0.5132, +0.5102, +0.5047, +0.5060, +0.4987, +0.5020, +0.5057, +0.4956, +0.5024, +0.5134, +0.5005, +0.4972, +0.4894, +0.4909, +0.5012, +0.4737, +0.4714, +0.4759, +0.4710, +0.4874, +0.4825, +0.4728, +0.4723, +0.4765, +0.4884, +0.4893, +0.4904, +0.5019, +0.5056, +0.5092, +0.5077, +0.4863, +0.4983, +0.4950, +0.4947, +0.4952, +0.4878, +0.4749, +0.4875, +0.4956, +0.4730, +0.4617, +0.4671, +0.4677, +0.4753, +0.4699, +0.4695, +0.4672, +0.4662, +0.4859, +0.4710, +0.4864, +0.4854, +0.4874, +0.4942, +0.4913, +0.5121, +0.4881, +0.4973, +0.5046, +0.5083, +0.4984, +0.4845, +0.4902, +0.5017, +0.4934, +0.4995, +0.4926, +0.4986, +0.5017, +0.5013, +0.4789, +0.4949, +0.4896, +0.5023, +0.4760, +0.4910, +0.4968, +0.4903, +0.4958, +0.5051, +0.4928, +0.4952, +0.5010, +0.4892, +0.4923, +0.4857, +0.4871, +0.4799, +0.4756, +0.4866, +0.5013, +0.4827, +0.4747, +0.4678, +0.4686, +0.4781, +0.4774, +0.4658, +0.4759, +0.4829, +0.4847, +0.4901, +0.4826, +0.4928, +0.4755, +0.4757, +0.4776, +0.4830, +0.4678, +0.4760, +0.4739, +0.4686, +0.4649, +0.4592, +0.4594, +0.4746, +0.4639, +0.4542, +0.4709, +0.4675, +0.4843, +0.4758, +0.4670, +0.4646, +0.4582, +0.4652, +0.4743, +0.4604, +0.4643, +0.4603, +0.4661, +0.4682, +0.4724, +0.4646, +0.4799, +0.4834, +0.4678, +0.4603, +0.4616, +0.4788, +0.4699, +0.4786, +0.4766, +0.4885, +0.4897, +0.4845, +0.4885, +0.4881, +0.4835, +0.4748, +0.4738, +0.4767, +0.4869, +0.4792, +0.4813, +0.4830, +0.4898, +0.4843, +0.4882, +0.4782, +0.4838, +0.4762, +0.4826, +0.4700, +0.4694, +0.4730, +0.4853, +0.4833, +0.4931, +0.5003, +0.4891, +0.4801, +0.4899, +0.4801, +0.4893, +0.4777, +0.4751, +0.4656, +0.4801, +0.4803, +0.4851, +0.4802, +0.4749, +0.4667, +0.4540, +0.4600, +0.4669, +0.4628, +0.4680, +0.4595, +0.4568, +0.4569, +0.4734, +0.4692, +0.4669, +0.4744, +0.4597, +0.4625, +0.4689, +0.4727, +0.4659, +0.4867, +0.4717, +0.4696, +0.4639, +0.4470, +0.4740, +0.4663, +0.4827, +0.4664, +0.4834, +0.4800, +0.4778, +0.4731, +0.4809, +0.4891, +0.4870, +0.4795, +0.4619, +0.4656, +0.4617, +0.4589, +0.4664, +0.4612, +0.4707, +0.4754, +0.4702, +0.4681, +0.4712, +0.4653, +0.4475, +0.4561, +0.4537, +0.4499, +0.4589, +0.4529, +0.4593, +0.4730, +0.4671, +0.4651, +0.4587, +0.4699, +0.4730, +0.4657, +0.4651, +0.4747, +0.4683, +0.4606, +0.4669, +0.4642, +0.4659, +0.4680, +0.4698, +0.4573, +0.4675, +0.4606, +0.4640, +0.4644, +0.4675, +0.4621, +0.4706, +0.4743, +0.4794, +0.4667, +0.4594, +0.4768, +0.4751, +0.4741, +0.4754, +0.4843, +0.4896, +0.4765, +0.4792, +0.4787, +0.4727, +0.4702, +0.4783, +0.4670, +0.4709, +0.4714, +0.4600, +0.4555, +0.4660, +0.4564, +0.4519, +0.4580, +0.4563, +0.4568, +0.4631, +0.4589, +0.4577, +0.4483, +0.4575, +0.4666, +0.4655, +0.4615, +0.4622, +0.4498, +0.4598, +0.4512, +0.4559, +0.4445, +0.4520, +0.4662, +0.4738, +0.4646, +0.4654, +0.4709, +0.4607, +0.4649, +0.4627, +0.4611, +0.4690, +0.4675, +0.4544, +0.4732, +0.4590, +0.4624, +0.4601, +0.4636, +0.4506, +0.4566, +0.4721, +0.4736, +0.4632, +0.4642, +0.4681, +0.4652, +0.4755, +0.4694, +0.4699, +0.4669, +0.4684, +0.4649, +0.4775, +0.4649, +0.4765, +0.4645, +0.4536, +0.4615, +0.4603, +0.4577, +0.4684, +0.4596, +0.4498, +0.4522, +0.4463, +0.4514, +0.4637, +0.4573, +0.4573, +0.4618, +0.4633, +0.4626, +0.4576, +0.4572, +0.4713, +0.4701, +0.4794, +0.4671, +0.4521, +0.4590, +0.4425, +0.4585, +0.4546, +0.4609, +0.4606, +0.4604, +0.4505, +0.4661, +0.4496, +0.4602, +0.4553, +0.4710, +0.4639, +0.4586, +0.4555, +0.4556, +0.4520, +0.4576, +0.4450, +0.4607, +0.4625, +0.4575, +0.4712, +0.4554, +0.4581, +0.4509, +0.4595, +0.4510, +0.4496, +0.4535, +0.4651, +0.4563, +0.4594, +0.4682, +0.4609, +0.4602, +0.4740, +0.4593, +0.4722, +0.4628, +0.4518, +0.4554, +0.4634, +0.4589, +0.4578, +0.4509, +0.4596, +0.4627, +0.4655, +0.4617, +0.4560, +0.4709, +0.4661, +0.4620, +0.4640, +0.4657, +0.4651, +0.4505, +0.4652, +0.4622, +0.4507, +0.4589, +0.4478, +0.4515, +0.4549, +0.4573, +0.4477, +0.4468, +0.4458, +0.4465, +0.4405, +0.4537, +0.4535, +0.4429, +0.4508, +0.4550, +0.4525, +0.4463, +0.4487, +0.4456, +0.4542, +0.4565, +0.4438, +0.4414, +0.4573, +0.4547, +0.4546, +0.4523, +0.4604, +0.4644, +0.4623, +0.4606, +0.4622, +0.4745, +0.4642, +0.4529, +0.4558, +0.4538, +0.4569, +0.4614, +0.4485, +0.4663, +0.4623, +0.4484, +0.4689, +0.4518, +0.4721, +0.4563, +0.4541, +0.4465, +0.4679, +0.4605, +0.4567, +0.4539, +0.4653, +0.4548, +0.4560, +0.4611, +0.4486, +0.4644, +0.4491, +0.4538, +0.4507, +0.4516, +0.4570, +0.4463, +0.4497, +0.4554, +0.4572, +0.4548, +0.4522, +0.4560, +0.4612, +0.4519, +0.4603, +0.4566, +0.4546, +0.4513, +0.4540, +0.4511, +0.4566, +0.4541, +0.4563, +0.4564, +0.4690, +0.4452, +0.4518, +0.4631, +0.4629, +0.4553]
                entropy_t0: [+1.0985, +1.0985, +1.0983, +1.0980, +1.0970, +1.0954, +1.0949, +1.0923, +1.0887, +1.0806, +1.0639, +1.0592, +1.0377, +1.0220, +0.9681, +0.9037, +0.8817, +0.9137, +0.8660, +0.8000, +0.8073, +0.7292, +0.7407, +0.6861, +0.7101, +0.6987, +0.7328, +0.7758, +0.7371, +0.7368, +0.7043, +0.7295, +0.7782, +0.8491, +0.8679, +0.8383, +0.7633, +0.6753, +0.6621, +0.5573, +0.5584, +0.4814, +0.4671, +0.3751, +0.3717, +0.2984, +0.2835, +0.2220, +0.1906, +0.1555, +0.1314, +0.0939, +0.0961, +0.0626, +0.0633, +0.0435, +0.0436, +0.0331, +0.0288, +0.0280, +0.0250, +0.0237, +0.0205, +0.0182, +0.0207, +0.0191, +0.0202, +0.0165, +0.0135, +0.0147, +0.0140, +0.0140, +0.0149, +0.0158, +0.0152, +0.0156, +0.0163, +0.0170, +0.0159, +0.0160, +0.0146, +0.0148, +0.0136, +0.0155, +0.0153, +0.0150, +0.0135, +0.0130, +0.0112, +0.0120, +0.0119, +0.0127, +0.0104, +0.0089, +0.0094, +0.0110, +0.0099, +0.0104, +0.0114, +0.0109, +0.0095, +0.0125, +0.0178, +0.0202, +0.0170, +0.0174, +0.0138, +0.0141, +0.0133, +0.0119, +0.0104, +0.0078, +0.0098, +0.0072, +0.0057, +0.0071, +0.0078, +0.0089, +0.0090, +0.0080, +0.0076, +0.0071, +0.0070, +0.0047, +0.0037, +0.0038, +0.0038, +0.0034, +0.0038, +0.0039, +0.0033, +0.0034, +0.0043, +0.0038, +0.0039, +0.0031, +0.0028, +0.0032, +0.0033, +0.0026, +0.0026, +0.0026, +0.0023, +0.0026, +0.0027, +0.0026, +0.0022, +0.0021, +0.0019, +0.0019, +0.0019, +0.0017, +0.0016, +0.0020, +0.0022, +0.0020, +0.0021, +0.0021, +0.0021, +0.0024, +0.0023, +0.0021, +0.0019, +0.0021, +0.0018, +0.0024, +0.0027, +0.0027, +0.0028, +0.0036, +0.0039, +0.0044, +0.0040, +0.0042, +0.0039, +0.0035, +0.0026, +0.0038, +0.0051, +0.0044, +0.0042, +0.0038, +0.0040, +0.0039, +0.0048, +0.0042, +0.0042, +0.0055, +0.0049, +0.0059, +0.0051, +0.0038, +0.0034, +0.0029, +0.0029, +0.0034, +0.0037, +0.0032, +0.0036, +0.0032, +0.0038, +0.0030, +0.0028, +0.0027, +0.0024, +0.0023, +0.0022, +0.0021, +0.0021, +0.0021, +0.0018, +0.0019, +0.0022, +0.0020, +0.0016, +0.0016, +0.0015, +0.0015, +0.0016, +0.0022, +0.0015, +0.0014, +0.0011, +0.0009, +0.0008, +0.0009, +0.0008, +0.0006, +0.0007, +0.0008, +0.0011, +0.0010, +0.0010, +0.0010, +0.0009, +0.0010, +0.0010, +0.0009, +0.0008, +0.0008, +0.0008, +0.0009, +0.0006, +0.0005, +0.0006, +0.0008, +0.0007, +0.0007, +0.0007, +0.0006, +0.0007, +0.0006, +0.0006, +0.0006, +0.0005, +0.0008, +0.0007, +0.0009, +0.0008, +0.0007, +0.0006, +0.0008, +0.0007, +0.0007, +0.0006, +0.0006, +0.0005, +0.0006, +0.0006, +0.0005, +0.0006, +0.0006, +0.0006, +0.0007, +0.0007, +0.0007, +0.0005, +0.0005, +0.0004, +0.0005, +0.0004, +0.0004, +0.0004, +0.0007, +0.0005, +0.0005, +0.0004, +0.0005, +0.0006, +0.0008, +0.0006, +0.0004, +0.0006, +0.0004, +0.0005, +0.0008, +0.0009, +0.0007, +0.0006, +0.0008, +0.0007, +0.0005, +0.0006, +0.0005, +0.0004, +0.0004, +0.0004, +0.0004, +0.0004, +0.0004, +0.0004, +0.0004, +0.0003, +0.0005, +0.0009, +0.0012, +0.0014, +0.0012, +0.0009, +0.0008, +0.0007, +0.0006, +0.0007, +0.0008, +0.0007, +0.0012, +0.0016, +0.0018, +0.0017, +0.0019, +0.0021, +0.0017, +0.0019, +0.0013, +0.0010, +0.0010, +0.0007, +0.0009, +0.0007, +0.0010, +0.0013, +0.0015, +0.0018, +0.0017, +0.0017, +0.0016, +0.0011, +0.0013, +0.0014, +0.0011, +0.0011, +0.0010, +0.0012, +0.0009, +0.0009, +0.0010, +0.0012, +0.0008, +0.0007, +0.0006, +0.0006, +0.0004, +0.0004, +0.0003, +0.0003, +0.0003, +0.0003, +0.0003, +0.0003, +0.0004, +0.0004, +0.0003, +0.0003, +0.0003, +0.0004, +0.0003, +0.0003, +0.0003, +0.0003, +0.0003, +0.0003, +0.0003, +0.0003, +0.0002, +0.0002, +0.0002, +0.0003, +0.0003, +0.0003, +0.0004, +0.0004, +0.0005, +0.0005, +0.0009, +0.0013, +0.0015, +0.0022, +0.0021, +0.0017, +0.0010, +0.0008, +0.0006, +0.0005, +0.0006, +0.0007, +0.0007, +0.0006, +0.0006, +0.0006, +0.0006, +0.0006, +0.0006, +0.0005, +0.0007, +0.0006, +0.0006, +0.0006, +0.0006, +0.0004, +0.0004, +0.0003, +0.0003, +0.0003, +0.0003, +0.0003, +0.0003, +0.0004, +0.0003, +0.0005, +0.0005, +0.0005, +0.0006, +0.0005, +0.0006, +0.0004, +0.0004, +0.0003, +0.0003, +0.0003, +0.0003, +0.0003, +0.0003, +0.0003, +0.0005, +0.0006, +0.0005, +0.0005, +0.0007, +0.0008, +0.0008, +0.0011, +0.0014, +0.0027, +0.0017, +0.0014, +0.0017, +0.0012, +0.0008, +0.0007, +0.0006, +0.0008, +0.0010, +0.0015, +0.0018, +0.0014, +0.0015, +0.0010, +0.0009, +0.0010, +0.0008, +0.0008, +0.0007, +0.0005, +0.0005, +0.0005, +0.0006, +0.0006, +0.0006, +0.0005, +0.0005, +0.0006, +0.0007, +0.0005, +0.0005, +0.0004, +0.0004, +0.0004, +0.0003, +0.0004, +0.0004, +0.0003, +0.0004, +0.0004, +0.0003, +0.0004, +0.0003, +0.0005, +0.0006, +0.0008, +0.0007, +0.0006, +0.0011, +0.0012, +0.0010, +0.0010, +0.0017, +0.0016, +0.0018, +0.0020, +0.0017, +0.0015, +0.0016, +0.0015, +0.0012, +0.0011, +0.0013, +0.0011, +0.0009, +0.0007, +0.0006, +0.0004, +0.0006, +0.0006, +0.0005, +0.0006, +0.0006, +0.0006, +0.0005, +0.0007, +0.0008, +0.0007, +0.0009, +0.0007, +0.0008, +0.0012, +0.0013, +0.0012, +0.0009, +0.0006, +0.0006, +0.0006, +0.0005, +0.0006, +0.0005, +0.0005, +0.0006, +0.0007, +0.0010, +0.0008, +0.0009, +0.0011, +0.0015, +0.0015, +0.0015, +0.0012, +0.0008, +0.0005, +0.0004, +0.0004, +0.0003, +0.0003, +0.0002, +0.0003, +0.0003, +0.0002, +0.0002, +0.0003, +0.0003, +0.0002, +0.0004, +0.0006, +0.0007, +0.0006, +0.0005, +0.0006, +0.0006, +0.0006, +0.0006, +0.0005, +0.0005, +0.0006, +0.0006, +0.0005, +0.0005, +0.0004, +0.0005, +0.0004, +0.0005, +0.0007, +0.0010, +0.0014, +0.0016, +0.0016, +0.0023, +0.0026, +0.0019, +0.0015, +0.0012, +0.0009, +0.0009, +0.0010, +0.0020, +0.0022, +0.0022, +0.0022, +0.0018, +0.0021, +0.0019, +0.0021, +0.0013, +0.0015, +0.0017, +0.0015, +0.0014, +0.0013, +0.0014, +0.0012, +0.0015, +0.0017, +0.0017, +0.0012, +0.0011, +0.0011, +0.0010, +0.0007, +0.0007, +0.0008, +0.0007, +0.0010, +0.0008, +0.0006, +0.0004, +0.0004, +0.0005, +0.0004, +0.0003, +0.0003, +0.0004, +0.0003, +0.0003, +0.0004, +0.0004, +0.0003, +0.0003, +0.0003, +0.0002, +0.0002, +0.0002, +0.0002, +0.0002, +0.0002, +0.0002, +0.0001, +0.0001, +0.0002, +0.0002, +0.0002, +0.0002, +0.0001, +0.0002, +0.0001, +0.0001, +0.0001, +0.0001, +0.0001, +0.0001, +0.0001, +0.0001, +0.0001, +0.0002, +0.0001, +0.0001, +0.0001, +0.0001, +0.0001, +0.0001, +0.0001, +0.0001, +0.0001, +0.0001, +0.0001, +0.0001, +0.0001, +0.0001, +0.0001, +0.0001, +0.0001, +0.0001, +0.0001, +0.0001, +0.0001, +0.0001, +0.0001, +0.0001, +0.0001, +0.0001, +0.0001, +0.0001, +0.0001, +0.0001, +0.0000, +0.0000, +0.0000, +0.0000, +0.0000, +0.0000, +0.0000, +0.0000, +0.0000, +0.0000, +0.0000, +0.0000, +0.0000, +0.0000, +0.0000, +0.0000, +0.0000, +0.0000, +0.0000, +0.0000, +0.0000, +0.0000, +0.0000, +0.0000, +0.0000, +0.0000, +0.0000, +0.0000, +0.0000, +0.0000, +0.0000, +0.0000, +0.0000, +0.0000, +0.0000, +0.0000, +0.0000, +0.0000, +0.0000, +0.0000, +0.0000, +0.0000, +0.0000, +0.0000, +0.0000, +0.0000, +0.0000, +0.0000, +0.0000, +0.0000, +0.0000, +0.0000, +0.0000, +0.0000, +0.0000, +0.0000, +0.0000, +0.0000, +0.0000, +0.0000, +0.0000, +0.0000, +0.0000, +0.0000, +0.0000, +0.0000, +0.0000, +0.0000, +0.0000, +0.0000, +0.0000, +0.0000, +0.0000, +0.0000, +0.0000, +0.0000, +0.0000, +0.0000, +0.0000, +0.0000, +0.0000, +0.0000, +0.0000, +0.0000, +0.0000, +0.0000, +0.0000, +0.0000, +0.0000, +0.0000, +0.0000, +0.0000, +0.0000, +0.0000, +0.0000, +0.0000, +0.0000, +0.0000, +0.0000, +0.0000, +0.0000, +0.0000, +0.0000, +0.0000, +0.0000, +0.0000, +0.0000, +0.0000, +0.0000, +0.0000, +0.0000, +0.0000, +0.0000, +0.0000, +0.0000, +0.0000, +0.0000, +0.0000, +0.0000, +0.0000, +0.0000, +0.0000, +0.0000, +0.0000, +0.0000, +0.0000, +0.0000, +0.0000, +0.0000, +0.0000, +0.0000, +0.0000, +0.0000, +0.0000, +0.0000, +0.0000, +0.0000, +0.0000, +0.0000, +0.0000, +0.0000, +0.0000, +0.0000, +0.0000, +0.0000, +0.0000, +0.0000, +0.0000, +0.0000, +0.0000, +0.0000, +0.0000, +0.0000, +0.0000, +0.0000, +0.0000, +0.0000, +0.0000, +0.0000, +0.0000, +0.0000, +0.0000, +0.0000, +0.0000, +0.0000, +0.0000, +0.0000, +0.0000, +0.0000, +0.0000, +0.0000, +0.0000, +0.0000, +0.0000, +0.0000, +0.0000, +0.0000, +0.0000, +0.0000, +0.0000, +0.0000, +0.0000, +0.0000, +0.0000, +0.0000, +0.0000, +0.0000, +0.0000, +0.0000, +0.0000, +0.0000, +0.0000, +0.0000, +0.0000, +0.0000, +0.0000, +0.0000, +0.0000, +0.0000, +0.0000, +0.0000, +0.0000, +0.0000, +0.0000, +0.0000, +0.0000, +0.0000, +0.0000, +0.0000, +0.0000, +0.0000, +0.0000, +0.0000, +0.0000, +0.0000, +0.0000, +0.0000, +0.0000, +0.0000, +0.0000, +0.0000, +0.0000, +0.0000, +0.0000, +0.0000, +0.0000, +0.0000, +0.0000, +0.0000, +0.0000, +0.0000, +0.0000, +0.0000, +0.0000, +0.0000, +0.0000, +0.0000, +0.0000, +0.0000, +0.0000, +0.0000, +0.0000, +0.0000, +0.0000, +0.0000, +0.0000, +0.0000, +0.0000, +0.0000, +0.0000, +0.0000, +0.0000, +0.0000, +0.0000, +0.0000, +0.0000, +0.0000, +0.0000, +0.0000, +0.0000, +0.0000, +0.0000, +0.0000, +0.0000, +0.0000, +0.0000, +0.0000, +0.0000, +0.0000, +0.0000, +0.0000, +0.0000, +0.0000, +0.0000, +0.0000, +0.0000, +0.0000, +0.0000, +0.0000, +0.0000, +0.0000, +0.0000, +0.0000, +0.0000, +0.0000, +0.0000, +0.0000, +0.0000, +0.0000, +0.0000, +0.0000, +0.0000, +0.0000, +0.0000, +0.0000, +0.0000, +0.0000, +0.0000, +0.0000, +0.0000, +0.0000, +0.0000, +0.0000, +0.0000, +0.0000, +0.0000, +0.0000, +0.0000, +0.0000, +0.0000, +0.0000, +0.0000, +0.0000, +0.0000, +0.0000, +0.0000, +0.0000, +0.0000, +0.0000, +0.0000, +0.0000, +0.0000, +0.0000, +0.0000, +0.0000, +0.0000, +0.0000, +0.0000, +0.0000, +0.0000, +0.0000, +0.0000, +0.0000, +0.0000, +0.0000, +0.0000, +0.0000, +0.0000, +0.0000, +0.0000, +0.0000, +0.0000, +0.0000, +0.0000, +0.0000, +0.0000, +0.0000, +0.0000, +0.0000, +0.0000, +0.0000, +0.0000, +0.0000, +0.0000, +0.0000, +0.0000, +0.0000, +0.0000, +0.0000, +0.0000, +0.0000, +0.0000, +0.0000, +0.0000, +0.0000, +0.0000, +0.0000, +0.0000, +0.0000, +0.0000, +0.0000, +0.0000, +0.0000, +0.0000, +0.0000, +0.0000, +0.0000, +0.0000, +0.0000, +0.0000, +0.0000, +0.0000, +0.0000, +0.0000, +0.0000, +0.0000, +0.0000, +0.0000, +0.0000, +0.0000, +0.0000, +0.0000, +0.0000, +0.0000, +0.0000, +0.0000, +0.0000, +0.0000, +0.0000, +0.0000, +0.0000, +0.0000, +0.0000, +0.0000, +0.0000, +0.0000, +0.0000, +0.0000, +0.0000, +0.0000, +0.0000, +0.0000, +0.0000, +0.0000, +0.0000, +0.0000, +0.0000, +0.0000, +0.0000, +0.0000, +0.0000, +0.0000, +0.0000, +0.0000, +0.0000, +0.0000, +0.0000, +0.0000, +0.0000, +0.0000, +0.0000, +0.0000, +0.0000, +0.0000, +0.0000, +0.0000, +0.0000, +0.0000, +0.0000, +0.0000, +0.0000, +0.0000, +0.0000, +0.0000, +0.0000, +0.0000, +0.0000, +0.0000, +0.0000, +0.0000, +0.0000, +0.0000, +0.0000, +0.0000, +0.0000, +0.0000, +0.0000, +0.0000, +0.0000, +0.0000, +0.0000, +0.0000, +0.0000, +0.0000, +0.0000, +0.0000, +0.0000, +0.0000, +0.0000, +0.0000, +0.0000, +0.0000, +0.0000, +0.0000, +0.0000, +0.0000, +0.0000, +0.0000, +0.0000, +0.0000, +0.0000, +0.0000, +0.0000, +0.0000, +0.0000, +0.0000, +0.0000, +0.0000, +0.0000, +0.0000, +0.0000, +0.0000, +0.0000, +0.0000, +0.0000, +0.0000, +0.0000, +0.0000, +0.0000, +0.0000, +0.0000, +0.0000, +0.0000, +0.0000, +0.0000, +0.0000, +0.0000, +0.0000, +0.0000, +0.0000, +0.0000, +0.0000, +0.0000, +0.0000, +0.0000, +0.0000, +0.0000, +0.0000, +0.0000, +0.0000, +0.0000, +0.0000, +0.0000, +0.0000, +0.0000, +0.0000, +0.0000, +0.0000, +0.0000, +0.0000, +0.0000, +0.0000, +0.0000, +0.0000, +0.0000, +0.0000, +0.0000, +0.0000, +0.0000, +0.0000, +0.0000, +0.0000, +0.0000, +0.0000, +0.0000, +0.0000, +0.0000, +0.0000, +0.0000, +0.0000, +0.0000, +0.0000, +0.0000, +0.0000, +0.0000, +0.0000, +0.0000, +0.0000, +0.0000, +0.0000, +0.0000, +0.0000, +0.0000, +0.0000, +0.0000, +0.0000, +0.0000, +0.0000, +0.0000, +0.0000, +0.0000, +0.0000, +0.0000, +0.0000, +0.0000, +0.0000, +0.0000, +0.0000, +0.0000, +0.0000, +0.0000, +0.0000, +0.0000, +0.0000, +0.0000, +0.0000, +0.0000, +0.0000, +0.0000, +0.0000, +0.0000, +0.0000, +0.0000, +0.0000, +0.0000, +0.0000, +0.0000, +0.0000, +0.0000, +0.0000, +0.0000, +0.0000, +0.0000, +0.0000, +0.0000, +0.0000, +0.0000, +0.0000, +0.0000, +0.0000, +0.0000, +0.0000, +0.0000, +0.0000, +0.0000, +0.0000, +0.0000, +0.0000, +0.0000, +0.0000, +0.0000, +0.0000, +0.0000, +0.0000, +0.0000, +0.0000, +0.0000, +0.0000, +0.0000, +0.0000, +0.0000, +0.0000, +0.0000, +0.0000, +0.0000, +0.0000, +0.0000, +0.0000, +0.0000, +0.0000, +0.0000, +0.0000, +0.0000, +0.0000, +0.0000, +0.0000, +0.0000, +0.0000, +0.0000, +0.0000, +0.0000, +0.0000, +0.0000, +0.0000, +0.0000, +0.0000, +0.0000, +0.0000, +0.0000, +0.0000, +0.0000, +0.0000, +0.0000, +0.0000, +0.0000, +0.0000, +0.0000, +0.0000, +0.0000, +0.0000, +0.0000, +0.0000, +0.0000, +0.0000, +0.0000, +0.0000, +0.0000, +0.0000, +0.0000, +0.0000, +0.0000, +0.0000, +0.0000, +0.0000, +0.0000, +0.0000, +0.0000, +0.0000, +0.0000, +0.0000, +0.0000, +0.0000, +0.0000, +0.0000, +0.0000, +0.0000, +0.0000, +0.0000, +0.0000, +0.0000, +0.0000, +0.0000, +0.0000, +0.0000, +0.0000, +0.0000, +0.0000, +0.0000, +0.0000, +0.0000, +0.0000, +0.0000, +0.0000, +0.0000, +0.0000, +0.0000, +0.0000, +0.0000, +0.0000, +0.0000, +0.0000, +0.0000, +0.0000, +0.0000, +0.0000, +0.0000, +0.0000, +0.0000, +0.0000, +0.0000, +0.0000, +0.0000, +0.0000, +0.0000, +0.0000, +0.0000, +0.0000, +0.0000, +0.0000, +0.0000, +0.0000, +0.0000, +0.0000, +0.0000, +0.0000, +0.0000, +0.0000, +0.0000, +0.0000, +0.0000, +0.0000, +0.0000, +0.0000, +0.0000, +0.0000, +0.0000, +0.0000, +0.0000, +0.0000, +0.0000, +0.0000, +0.0000, +0.0000, +0.0000, +0.0000, +0.0000, +0.0000, +0.0000, +0.0000, +0.0000, +0.0000, +0.0000, +0.0000, +0.0000, +0.0000, +0.0000, +0.0000, +0.0000, +0.0000, +0.0000, +0.0000, +0.0000, +0.0000, +0.0000, +0.0000, +0.0000, +0.0000, +0.0000, +0.0000, +0.0000, +0.0000, +0.0000, +0.0000, +0.0000, +0.0000, +0.0000, +0.0000, +0.0000, +0.0000, +0.0000, +0.0000, +0.0000, +0.0000, +0.0000, +0.0000, +0.0000, +0.0000, +0.0000, +0.0000, +0.0000, +0.0000, +0.0000, +0.0000, +0.0000, +0.0000, +0.0000, +0.0000, +0.0000, +0.0000, +0.0000, +0.0000, +0.0000, +0.0000, +0.0000, +0.0000, +0.0000, +0.0000, +0.0000, +0.0000, +0.0000, +0.0000, +0.0000, +0.0000, +0.0000, +0.0000, +0.0000, +0.0000, +0.0000, +0.0000, +0.0000, +0.0000, +0.0000, +0.0000, +0.0000, +0.0000, +0.0000, +0.0000, +0.0000, +0.0000, +0.0000, +0.0000, +0.0000, +0.0000, +0.0000, +0.0000, +0.0000, +0.0000, +0.0000, +0.0000, +0.0000, +0.0000, +0.0000, +0.0000, +0.0000, +0.0000, +0.0000, +0.0000, +0.0000, +0.0000, +0.0000, +0.0000, +0.0000, +0.0000, +0.0000, +0.0000, +0.0000, +0.0000, +0.0000, +0.0000, +0.0000, +0.0000, +0.0000, +0.0000, +0.0000, +0.0000, +0.0000, +0.0000, +0.0000, +0.0000, +0.0000, +0.0000, +0.0000, +0.0000, +0.0000, +0.0000, +0.0000, +0.0000, +0.0000, +0.0000, +0.0000, +0.0000, +0.0000, +0.0000, +0.0000, +0.0000, +0.0000, +0.0000, +0.0000, +0.0000, +0.0000, +0.0000, +0.0000, +0.0000, +0.0000, +0.0000, +0.0000, +0.0000, +0.0000, +0.0000, +0.0000, +0.0000, +0.0000, +0.0000, +0.0000, +0.0000, +0.0000, +0.0000, +0.0000, +0.0000, +0.0000, +0.0000, +0.0000, +0.0000, +0.0000, +0.0000, +0.0000, +0.0000, +0.0000, +0.0000, +0.0000, +0.0000, +0.0000, +0.0000, +0.0000, +0.0000, +0.0000, +0.0000, +0.0000, +0.0000, +0.0000, +0.0000, +0.0000, +0.0000, +0.0000, +0.0000, +0.0000, +0.0000, +0.0000, +0.0000, +0.0000, +0.0000, +0.0000, +0.0000, +0.0000, +0.0000, +0.0000, +0.0000, +0.0000, +0.0000, +0.0000, +0.0000, +0.0000, +0.0000, +0.0000, +0.0000, +0.0000, +0.0000, +0.0000, +0.0000, +0.0000, +0.0000, +0.0000, +0.0000, +0.0000, +0.0000, +0.0000, +0.0000, +0.0000, +0.0000, +0.0000, +0.0000, +0.0000, +0.0000, +0.0000, +0.0000, +0.0000, +0.0000, +0.0000, +0.0000, +0.0000, +0.0000, +0.0000, +0.0000, +0.0000, +0.0000, +0.0000, +0.0000, +0.0000, +0.0000, +0.0000, +0.0000, +0.0000, +0.0000, +0.0000, +0.0000, +0.0000, +0.0000, +0.0000, +0.0000, +0.0000, +0.0000, +0.0000, +0.0000, +0.0000, +0.0000, +0.0000, +0.0000, +0.0000, +0.0000, +0.0000, +0.0000, +0.0000, +0.0000, +0.0000, +0.0000, +0.0000, +0.0000, +0.0000, +0.0000, +0.0000, +0.0000, +0.0000, +0.0000, +0.0000, +0.0000, +0.0000, +0.0000, +0.0000, +0.0000, +0.0000, +0.0000, +0.0000, +0.0000, +0.0000, +0.0000, +0.0000, +0.0000, +0.0000, +0.0000, +0.0000, +0.0000, +0.0000, +0.0000, +0.0000, +0.0000, +0.0000, +0.0000, +0.0000, +0.0000, +0.0000, +0.0000, +0.0000, +0.0000, +0.0000, +0.0000, +0.0000, +0.0000, +0.0000, +0.0000, +0.0000, +0.0000, +0.0000, +0.0000, +0.0000, +0.0000, +0.0000, +0.0000, +0.0000, +0.0000, +0.0000, +0.0000, +0.0000, +0.0000, +0.0000, +0.0000, +0.0000, +0.0000, +0.0000, +0.0000, +0.0000, +0.0000, +0.0000, +0.0000, +0.0000, +0.0000, +0.0000, +0.0000, +0.0000, +0.0000, +0.0000, +0.0000, +0.0000, +0.0000, +0.0000, +0.0000, +0.0000, +0.0000, +0.0000, +0.0000, +0.0000, +0.0000, +0.0000, +0.0000, +0.0000, +0.0000, +0.0000, +0.0000, +0.0000, +0.0000, +0.0000, +0.0000]
              entropy_tge1: [+1.6094, +1.6093, +1.6091, +1.6088, +1.6080, +1.6064, +1.6052, +1.6030, +1.6000, +1.5948, +1.5850, +1.5859, +1.5792, +1.5647, +1.5403, +1.5349, +1.5219, +1.5204, +1.5109, +1.5189, +1.5345, +1.5263, +1.5172, +1.5090, +1.4966, +1.4776, +1.4755, +1.4762, +1.4836, +1.4838, +1.4686, +1.4509, +1.4347, +1.4445, +1.4686, +1.4621, +1.4430, +1.4371, +1.4509, +1.4468, +1.4325, +1.4076, +1.3762, +1.3349, +1.3094, +1.2670, +1.2327, +1.1815, +1.1414, +1.1038, +1.0476, +1.0070, +0.9620, +0.9210, +0.8941, +0.8663, +0.8430, +0.8076, +0.7961, +0.7836, +0.7663, +0.7571, +0.7281, +0.7133, +0.7281, +0.7188, +0.7107, +0.7305, +0.7166, +0.7203, +0.7238, +0.7379, +0.7345, +0.7100, +0.7109, +0.6958, +0.6898, +0.6860, +0.6862, +0.6662, +0.6829, +0.6779, +0.6657, +0.6653, +0.6678, +0.6579, +0.6509, +0.6309, +0.6206, +0.6120, +0.6214, +0.6139, +0.6204, +0.6123, +0.6101, +0.6088, +0.6218, +0.6154, +0.6169, +0.6292, +0.6265, +0.6376, +0.6468, +0.6443, +0.6442, +0.6439, +0.6423, +0.6435, +0.6329, +0.6127, +0.6100, +0.6068, +0.6003, +0.5766, +0.5943, +0.5782, +0.5811, +0.5788, +0.5732, +0.5524, +0.5541, +0.5510, +0.5613, +0.5578, +0.5418, +0.5561, +0.5520, +0.5437, +0.5489, +0.5582, +0.5460, +0.5590, +0.5537, +0.5698, +0.5543, +0.5518, +0.5547, +0.5518, +0.5498, +0.5411, +0.5434, +0.5507, +0.5440, +0.5172, +0.5260, +0.5474, +0.5240, +0.5193, +0.5136, +0.5213, +0.5236, +0.5176, +0.5039, +0.5123, +0.5185, +0.5129, +0.5098, +0.5092, +0.5187, +0.5191, +0.5163, +0.5280, +0.5272, +0.5327, +0.5269, +0.5359, +0.5307, +0.5445, +0.5263, +0.5362, +0.5303, +0.5426, +0.5389, +0.5584, +0.5457, +0.5467, +0.5359, +0.5434, +0.5464, +0.5374, +0.5378, +0.5378, +0.5505, +0.5401, +0.5379, +0.5252, +0.5280, +0.5495, +0.5488, +0.5567, +0.5831, +0.5746, +0.5799, +0.5792, +0.5887, +0.5729, +0.5562, +0.5672, +0.5780, +0.5784, +0.5729, +0.5663, +0.5853, +0.5914, +0.5753, +0.5869, +0.5607, +0.5941, +0.5883, +0.5791, +0.5582, +0.5642, +0.5845, +0.5642, +0.5659, +0.5616, +0.5690, +0.5594, +0.5599, +0.5283, +0.5371, +0.5486, +0.5487, +0.5676, +0.5444, +0.5388, +0.5171, +0.5063, +0.5137, +0.5053, +0.5153, +0.5050, +0.5180, +0.5189, +0.5166, +0.5001, +0.5090, +0.5005, +0.5064, +0.5211, +0.4993, +0.4961, +0.5057, +0.5105, +0.5123, +0.5144, +0.5235, +0.5173, +0.5064, +0.5064, +0.5196, +0.5177, +0.5133, +0.5024, +0.5025, +0.5379, +0.5448, +0.5429, +0.5280, +0.5304, +0.5234, +0.5397, +0.5522, +0.5691, +0.5604, +0.5757, +0.5628, +0.5629, +0.5464, +0.5318, +0.5674, +0.5706, +0.5734, +0.5703, +0.5512, +0.5284, +0.5206, +0.5150, +0.5455, +0.5369, +0.5102, +0.5162, +0.5090, +0.5116, +0.5111, +0.5097, +0.5063, +0.5197, +0.5168, +0.5190, +0.5385, +0.5283, +0.5241, +0.4877, +0.4837, +0.5096, +0.5146, +0.5207, +0.5131, +0.5225, +0.5080, +0.4924, +0.4929, +0.4838, +0.4823, +0.4894, +0.4801, +0.5079, +0.4896, +0.4841, +0.5066, +0.4955, +0.5055, +0.4986, +0.5267, +0.4974, +0.4771, +0.4881, +0.4927, +0.4876, +0.4906, +0.4687, +0.4630, +0.4643, +0.4871, +0.4930, +0.4842, +0.4982, +0.4842, +0.4863, +0.4951, +0.4753, +0.4896, +0.4815, +0.4804, +0.4989, +0.4805, +0.4947, +0.5016, +0.5164, +0.5280, +0.5208, +0.5318, +0.5352, +0.5290, +0.5242, +0.5092, +0.5124, +0.5077, +0.5138, +0.5014, +0.5132, +0.5119, +0.5060, +0.5126, +0.5147, +0.5252, +0.5246, +0.5247, +0.5270, +0.5407, +0.5455, +0.5378, +0.5386, +0.5364, +0.5376, +0.5399, +0.5271, +0.5147, +0.5353, +0.5182, +0.5265, +0.5381, +0.5393, +0.5485, +0.5302, +0.5498, +0.5305, +0.5462, +0.5466, +0.5456, +0.5634, +0.5390, +0.5390, +0.5312, +0.5374, +0.5344, +0.5293, +0.5491, +0.5496, +0.5303, +0.5356, +0.5401, +0.5497, +0.5713, +0.5799, +0.5995, +0.5972, +0.5943, +0.5915, +0.5733, +0.5690, +0.5876, +0.5710, +0.5921, +0.6035, +0.5995, +0.6112, +0.6123, +0.5909, +0.5941, +0.5969, +0.5754, +0.5902, +0.5871, +0.5946, +0.6063, +0.6149, +0.6016, +0.5997, +0.5912, +0.6009, +0.6025, +0.5861, +0.5954, +0.5820, +0.5832, +0.5723, +0.5953, +0.5818, +0.5925, +0.5873, +0.5941, +0.5971, +0.5934, +0.5786, +0.5597, +0.5664, +0.5670, +0.5744, +0.5744, +0.5651, +0.5619, +0.5586, +0.5556, +0.5700, +0.5582, +0.5603, +0.5756, +0.5694, +0.5659, +0.5661, +0.5884, +0.5725, +0.5688, +0.5785, +0.5877, +0.5698, +0.5756, +0.5805, +0.5644, +0.5677, +0.5816, +0.5830, +0.5918, +0.5808, +0.5853, +0.5933, +0.5838, +0.5940, +0.5623, +0.5706, +0.5645, +0.5885, +0.5813, +0.5726, +0.5837, +0.5817, +0.5949, +0.5770, +0.5962, +0.6049, +0.6003, +0.5838, +0.5892, +0.5977, +0.5750, +0.5713, +0.5880, +0.5956, +0.5858, +0.5822, +0.6013, +0.5897, +0.5846, +0.5970, +0.6045, +0.5789, +0.5638, +0.5613, +0.5651, +0.5535, +0.5692, +0.5559, +0.5554, +0.5534, +0.5549, +0.5621, +0.5631, +0.5616, +0.5688, +0.5776, +0.5890, +0.5929, +0.5795, +0.5787, +0.5846, +0.5868, +0.5702, +0.5932, +0.5977, +0.5653, +0.5853, +0.5835, +0.5758, +0.5547, +0.5738, +0.5713, +0.5500, +0.5497, +0.5580, +0.5648, +0.5658, +0.5533, +0.5609, +0.5523, +0.5384, +0.5334, +0.5364, +0.5464, +0.5594, +0.5523, +0.5528, +0.5621, +0.5460, +0.5491, +0.5576, +0.5653, +0.5707, +0.5643, +0.5701, +0.5677, +0.5553, +0.5824, +0.5870, +0.5751, +0.5838, +0.5663, +0.5628, +0.5585, +0.5576, +0.5500, +0.5521, +0.5511, +0.5297, +0.5197, +0.5275, +0.5196, +0.5230, +0.5105, +0.5305, +0.5244, +0.5297, +0.5340, +0.5593, +0.5188, +0.5372, +0.5354, +0.5263, +0.5380, +0.5397, +0.5180, +0.5214, +0.5401, +0.5292, +0.5158, +0.5270, +0.5256, +0.5297, +0.5333, +0.5231, +0.5406, +0.5264, +0.5367, +0.5316, +0.5370, +0.5363, +0.5321, +0.5196, +0.5286, +0.5312, +0.5496, +0.5397, +0.5478, +0.5534, +0.5484, +0.5500, +0.5558, +0.5627, +0.5211, +0.5572, +0.5527, +0.5405, +0.5340, +0.5437, +0.5622, +0.5504, +0.5461, +0.5634, +0.5547, +0.5441, +0.5488, +0.5343, +0.5339, +0.5195, +0.5287, +0.5329, +0.5141, +0.5115, +0.5090, +0.5142, +0.5029, +0.5176, +0.5194, +0.5303, +0.5373, +0.5297, +0.5340, +0.5267, +0.5315, +0.5324, +0.5479, +0.5382, +0.5486, +0.5485, +0.5383, +0.5612, +0.5791, +0.5773, +0.5750, +0.5605, +0.5565, +0.5673, +0.5475, +0.5521, +0.5455, +0.5464, +0.5496, +0.5617, +0.5635, +0.5762, +0.5656, +0.5625, +0.5625, +0.5745, +0.5829, +0.5663, +0.5739, +0.5752, +0.5786, +0.5768, +0.5686, +0.5921, +0.5865, +0.5839, +0.5849, +0.5980, +0.6022, +0.5913, +0.5816, +0.5870, +0.5867, +0.6054, +0.5946, +0.5952, +0.5879, +0.6122, +0.6077, +0.5983, +0.6113, +0.6084, +0.6079, +0.6079, +0.6258, +0.6369, +0.6254, +0.6355, +0.6155, +0.6055, +0.6291, +0.6085, +0.6087, +0.6142, +0.5879, +0.6137, +0.6009, +0.6143, +0.6047, +0.5983, +0.6058, +0.6126, +0.5920, +0.5970, +0.6085, +0.5887, +0.5883, +0.6033, +0.5846, +0.6014, +0.5945, +0.5710, +0.5958, +0.5823, +0.5888, +0.5981, +0.5864, +0.5878, +0.5694, +0.5871, +0.5797, +0.5746, +0.5711, +0.5835, +0.5827, +0.6043, +0.6009, +0.5963, +0.5873, +0.5645, +0.5774, +0.5764, +0.5829, +0.5744, +0.5740, +0.5720, +0.5806, +0.5730, +0.5780, +0.5698, +0.5775, +0.5737, +0.5807, +0.5848, +0.5854, +0.5579, +0.5679, +0.5670, +0.5698, +0.5594, +0.5544, +0.5601, +0.5540, +0.5545, +0.5625, +0.5618, +0.5782, +0.5641, +0.5562, +0.5646, +0.5550, +0.5343, +0.5348, +0.5425, +0.5266, +0.5150, +0.5252, +0.5246, +0.5440, +0.5637, +0.5692, +0.5766, +0.5758, +0.5871, +0.6015, +0.6040, +0.6039, +0.6078, +0.6124, +0.6128, +0.6126, +0.6172, +0.5987, +0.5787, +0.5723, +0.5852, +0.5826, +0.5787, +0.5929, +0.5949, +0.5844, +0.5832, +0.5884, +0.5850, +0.5802, +0.5823, +0.5707, +0.5745, +0.5821, +0.5805, +0.5711, +0.5549, +0.5485, +0.5611, +0.5559, +0.5517, +0.5712, +0.5582, +0.5577, +0.5687, +0.5670, +0.5651, +0.5755, +0.5679, +0.5815, +0.5843, +0.5677, +0.5812, +0.5543, +0.5555, +0.5648, +0.5639, +0.5728, +0.5681, +0.5715, +0.5537, +0.5743, +0.5700, +0.5480, +0.5446, +0.5517, +0.5495, +0.5493, +0.5347, +0.5503, +0.5435, +0.5527, +0.5472, +0.5538, +0.5630, +0.5623, +0.5564, +0.5651, +0.5620, +0.5621, +0.5529, +0.5674, +0.5591, +0.5768, +0.5707, +0.5786, +0.5661, +0.5660, +0.5883, +0.5995, +0.5976, +0.5829, +0.5678, +0.5489, +0.5614, +0.5581, +0.5582, +0.5625, +0.5655, +0.5956, +0.5811, +0.5703, +0.5676, +0.5892, +0.5875, +0.5882, +0.5872, +0.5837, +0.5897, +0.5868, +0.5902, +0.6016, +0.5993, +0.5968, +0.6104, +0.5748, +0.6050, +0.5927, +0.6012, +0.5910, +0.6012, +0.5916, +0.5781, +0.5734, +0.5892, +0.5840, +0.5788, +0.5905, +0.6273, +0.6179, +0.6180, +0.6168, +0.6108, +0.6006, +0.6055, +0.5895, +0.6170, +0.6037, +0.6054, +0.6046, +0.6076, +0.5856, +0.5945, +0.5839, +0.5817, +0.5905, +0.5845, +0.5816, +0.5812, +0.6002, +0.6099, +0.5935, +0.5914, +0.5886, +0.5795, +0.5759, +0.5783, +0.5996, +0.5883, +0.6012, +0.5926, +0.5998, +0.5913, +0.5837, +0.5844, +0.5871, +0.6036, +0.5963, +0.5939, +0.6099, +0.5999, +0.6012, +0.5917, +0.5880, +0.6084, +0.6096, +0.6092, +0.6039, +0.5986, +0.6047, +0.6080, +0.6031, +0.6066, +0.6025, +0.6029, +0.5913, +0.5965, +0.6057, +0.6253, +0.6067, +0.6127, +0.6093, +0.5926, +0.6002, +0.5964, +0.5976, +0.6125, +0.6237, +0.6021, +0.6174, +0.5999, +0.6070, +0.6008, +0.6228, +0.6128, +0.6102, +0.6117, +0.6045, +0.6040, +0.6028, +0.5941, +0.5894, +0.6026, +0.5987, +0.5987, +0.5937, +0.5816, +0.5808, +0.5842, +0.5778, +0.5887, +0.5925, +0.6081, +0.6032, +0.5984, +0.5925, +0.6080, +0.6156, +0.6206, +0.6152, +0.6141, +0.5928, +0.6007, +0.6170, +0.6141, +0.6147, +0.6158, +0.6247, +0.6265, +0.6153, +0.6469, +0.6195, +0.6522, +0.6436, +0.6430, +0.6423, +0.6209, +0.6215, +0.6226, +0.6253, +0.6330, +0.6328, +0.6226, +0.6218, +0.6453, +0.6305, +0.6274, +0.6209, +0.6205, +0.6112, +0.6229, +0.6169, +0.6156, +0.6225, +0.6147, +0.6029, +0.6171, +0.5996, +0.6115, +0.6099, +0.6173, +0.6142, +0.6077, +0.5994, +0.6101, +0.6128, +0.6133, +0.6168, +0.6154, +0.6151, +0.6255, +0.6164, +0.6088, +0.6214, +0.6217, +0.6394, +0.6078, +0.6034, +0.6038, +0.6035, +0.6314, +0.6073, +0.6108, +0.6022, +0.5848, +0.6042, +0.6015, +0.6170, +0.6223, +0.6142, +0.6191, +0.6112, +0.6111, +0.5871, +0.6008, +0.5867, +0.5810, +0.5911, +0.5909, +0.6036, +0.6291, +0.6145, +0.6090, +0.6101, +0.6088, +0.5953, +0.6049, +0.6298, +0.6192, +0.6083, +0.6208, +0.6053, +0.5931, +0.6056, +0.5880, +0.5848, +0.5971, +0.6038, +0.6086, +0.6046, +0.6168, +0.6135, +0.6188, +0.6040, +0.6141, +0.6232, +0.6074, +0.5977, +0.6124, +0.6050, +0.6112, +0.5929, +0.5892, +0.5950, +0.6057, +0.6045, +0.5893, +0.5820, +0.5908, +0.6247, +0.6273, +0.6279, +0.6243, +0.6165, +0.6112, +0.6319, +0.6206, +0.6129, +0.6303, +0.5993, +0.6112, +0.6023, +0.6019, +0.6035, +0.6021, +0.5913, +0.6205, +0.6192, +0.6169, +0.6180, +0.6371, +0.6107, +0.6088, +0.6199, +0.6205, +0.6158, +0.6143, +0.6178, +0.5989, +0.5953, +0.6039, +0.6086, +0.5968, +0.5935, +0.6077, +0.6040, +0.5992, +0.6175, +0.6137, +0.6016, +0.6121, +0.6025, +0.6036, +0.6178, +0.6068, +0.6065, +0.5926, +0.5896, +0.5950, +0.5904, +0.5861, +0.5931, +0.5783, +0.6061, +0.5874, +0.6001, +0.5951, +0.5885, +0.5718, +0.5837, +0.5553, +0.5689, +0.5683, +0.5743, +0.5781, +0.5693, +0.5859, +0.5716, +0.5955, +0.5610, +0.5748, +0.5810, +0.5778, +0.5687, +0.5646, +0.5664, +0.5807, +0.5770, +0.5840, +0.5723, +0.5738, +0.5792, +0.5826, +0.5783, +0.5734, +0.5909, +0.5710, +0.5713, +0.5630, +0.5685, +0.5484, +0.5506, +0.5685, +0.5665, +0.5698, +0.5808, +0.5778, +0.5902, +0.5837, +0.5617, +0.5840, +0.5864, +0.5952, +0.5731, +0.5717, +0.5721, +0.5713, +0.5665, +0.5669, +0.5604, +0.5831, +0.5742, +0.5827, +0.5634, +0.5806, +0.5785, +0.5591, +0.5662, +0.5679, +0.5636, +0.5612, +0.5422, +0.5561, +0.5608, +0.5533, +0.5590, +0.5486, +0.5607, +0.5720, +0.5794, +0.5701, +0.5735, +0.5673, +0.5589, +0.5566, +0.5627, +0.5419, +0.5632, +0.5723, +0.5892, +0.5749, +0.5815, +0.5542, +0.5953, +0.5864, +0.5829, +0.5731, +0.5584, +0.5618, +0.5579, +0.5740, +0.5727, +0.5710, +0.5864, +0.5930, +0.5780, +0.5712, +0.5899, +0.5884, +0.5968, +0.6008, +0.6065, +0.5948, +0.6031, +0.5928, +0.5961, +0.5800, +0.5976, +0.6029, +0.5869, +0.5912, +0.5928, +0.5838, +0.5827, +0.5715, +0.5957, +0.5894, +0.5878, +0.5725, +0.5897, +0.5666, +0.5823, +0.5696, +0.5832, +0.5781, +0.5751, +0.5756, +0.5799, +0.5722, +0.5809, +0.5763, +0.5994, +0.5979, +0.5950, +0.5839, +0.5802, +0.5747, +0.5755, +0.5684, +0.5719, +0.5759, +0.5648, +0.5721, +0.5842, +0.5699, +0.5655, +0.5571, +0.5589, +0.5706, +0.5399, +0.5376, +0.5423, +0.5371, +0.5555, +0.5491, +0.5389, +0.5384, +0.5432, +0.5567, +0.5574, +0.5587, +0.5718, +0.5756, +0.5800, +0.5773, +0.5532, +0.5678, +0.5629, +0.5636, +0.5638, +0.5554, +0.5410, +0.5550, +0.5644, +0.5390, +0.5266, +0.5322, +0.5324, +0.5413, +0.5351, +0.5357, +0.5325, +0.5314, +0.5539, +0.5364, +0.5533, +0.5529, +0.5549, +0.5631, +0.5592, +0.5830, +0.5563, +0.5658, +0.5740, +0.5794, +0.5674, +0.5519, +0.5583, +0.5710, +0.5618, +0.5688, +0.5612, +0.5674, +0.5713, +0.5710, +0.5458, +0.5636, +0.5579, +0.5721, +0.5424, +0.5598, +0.5655, +0.5588, +0.5647, +0.5754, +0.5611, +0.5633, +0.5706, +0.5568, +0.5605, +0.5531, +0.5551, +0.5468, +0.5417, +0.5536, +0.5709, +0.5497, +0.5409, +0.5337, +0.5343, +0.5449, +0.5442, +0.5310, +0.5421, +0.5498, +0.5531, +0.5586, +0.5499, +0.5614, +0.5423, +0.5427, +0.5447, +0.5502, +0.5340, +0.5425, +0.5407, +0.5343, +0.5302, +0.5239, +0.5235, +0.5412, +0.5292, +0.5189, +0.5366, +0.5328, +0.5522, +0.5425, +0.5324, +0.5303, +0.5232, +0.5311, +0.5402, +0.5252, +0.5298, +0.5250, +0.5316, +0.5342, +0.5388, +0.5299, +0.5472, +0.5510, +0.5337, +0.5257, +0.5270, +0.5456, +0.5362, +0.5463, +0.5434, +0.5566, +0.5579, +0.5525, +0.5565, +0.5560, +0.5518, +0.5412, +0.5406, +0.5438, +0.5552, +0.5467, +0.5486, +0.5510, +0.5586, +0.5521, +0.5564, +0.5454, +0.5518, +0.5434, +0.5489, +0.5361, +0.5354, +0.5393, +0.5535, +0.5514, +0.5619, +0.5700, +0.5571, +0.5474, +0.5585, +0.5475, +0.5578, +0.5450, +0.5422, +0.5314, +0.5472, +0.5482, +0.5528, +0.5474, +0.5411, +0.5326, +0.5182, +0.5255, +0.5320, +0.5283, +0.5334, +0.5248, +0.5223, +0.5216, +0.5405, +0.5351, +0.5325, +0.5409, +0.5250, +0.5279, +0.5350, +0.5392, +0.5318, +0.5551, +0.5379, +0.5358, +0.5286, +0.5109, +0.5409, +0.5322, +0.5505, +0.5321, +0.5520, +0.5473, +0.5452, +0.5397, +0.5484, +0.5573, +0.5549, +0.5477, +0.5266, +0.5315, +0.5271, +0.5234, +0.5319, +0.5265, +0.5370, +0.5423, +0.5363, +0.5341, +0.5373, +0.5307, +0.5109, +0.5213, +0.5177, +0.5137, +0.5237, +0.5174, +0.5244, +0.5393, +0.5331, +0.5309, +0.5229, +0.5360, +0.5394, +0.5316, +0.5305, +0.5416, +0.5339, +0.5259, +0.5329, +0.5300, +0.5318, +0.5340, +0.5360, +0.5219, +0.5337, +0.5256, +0.5301, +0.5302, +0.5330, +0.5273, +0.5373, +0.5412, +0.5468, +0.5331, +0.5243, +0.5434, +0.5418, +0.5415, +0.5432, +0.5522, +0.5584, +0.5442, +0.5463, +0.5465, +0.5393, +0.5369, +0.5465, +0.5333, +0.5372, +0.5373, +0.5255, +0.5205, +0.5316, +0.5213, +0.5165, +0.5229, +0.5205, +0.5211, +0.5290, +0.5239, +0.5226, +0.5120, +0.5222, +0.5329, +0.5321, +0.5266, +0.5275, +0.5141, +0.5244, +0.5149, +0.5202, +0.5083, +0.5160, +0.5322, +0.5401, +0.5302, +0.5304, +0.5367, +0.5262, +0.5302, +0.5279, +0.5271, +0.5346, +0.5339, +0.5195, +0.5390, +0.5247, +0.5274, +0.5262, +0.5291, +0.5149, +0.5205, +0.5386, +0.5403, +0.5295, +0.5297, +0.5347, +0.5311, +0.5421, +0.5360, +0.5366, +0.5324, +0.5342, +0.5308, +0.5445, +0.5310, +0.5433, +0.5310, +0.5184, +0.5270, +0.5261, +0.5226, +0.5353, +0.5246, +0.5132, +0.5163, +0.5098, +0.5155, +0.5293, +0.5225, +0.5219, +0.5268, +0.5293, +0.5277, +0.5221, +0.5222, +0.5379, +0.5365, +0.5472, +0.5331, +0.5163, +0.5238, +0.5056, +0.5236, +0.5189, +0.5263, +0.5258, +0.5251, +0.5138, +0.5316, +0.5139, +0.5261, +0.5192, +0.5373, +0.5288, +0.5237, +0.5202, +0.5206, +0.5160, +0.5227, +0.5081, +0.5255, +0.5276, +0.5219, +0.5375, +0.5203, +0.5229, +0.5144, +0.5252, +0.5153, +0.5136, +0.5181, +0.5309, +0.5204, +0.5247, +0.5344, +0.5263, +0.5253, +0.5400, +0.5237, +0.5387, +0.5283, +0.5160, +0.5199, +0.5296, +0.5243, +0.5221, +0.5157, +0.5247, +0.5277, +0.5312, +0.5270, +0.5206, +0.5372, +0.5316, +0.5272, +0.5291, +0.5316, +0.5306, +0.5138, +0.5315, +0.5284, +0.5144, +0.5237, +0.5116, +0.5153, +0.5193, +0.5217, +0.5116, +0.5107, +0.5091, +0.5103, +0.5038, +0.5177, +0.5181, +0.5055, +0.5153, +0.5190, +0.5165, +0.5100, +0.5128, +0.5091, +0.5183, +0.5214, +0.5074, +0.5045, +0.5220, +0.5193, +0.5194, +0.5171, +0.5253, +0.5296, +0.5276, +0.5256, +0.5271, +0.5418, +0.5299, +0.5165, +0.5205, +0.5187, +0.5221, +0.5261, +0.5121, +0.5321, +0.5285, +0.5122, +0.5351, +0.5162, +0.5383, +0.5215, +0.5186, +0.5104, +0.5331, +0.5253, +0.5216, +0.5185, +0.5311, +0.5190, +0.5204, +0.5261, +0.5125, +0.5303, +0.5131, +0.5187, +0.5148, +0.5159, +0.5226, +0.5099, +0.5131, +0.5194, +0.5221, +0.5192, +0.5166, +0.5201, +0.5263, +0.5162, +0.5254, +0.5220, +0.5189, +0.5154, +0.5186, +0.5151, +0.5217, +0.5179, +0.5212, +0.5210, +0.5353, +0.5091, +0.5161, +0.5285, +0.5279, +0.5204]
               t0_msg_none: [+0.3424, +0.3115, +0.3389, +0.3300, +0.3236, +0.2889, +0.2975, +0.2849, +0.2824, +0.2689, +0.2291, +0.2417, +0.2351, +0.2446, +0.2082, +0.1826, +0.1500, +0.1564, +0.1459, +0.1211, +0.1298, +0.1350, +0.1207, +0.1104, +0.0987, +0.0885, +0.0734, +0.0830, +0.0861, +0.0834, +0.0818, +0.0745, +0.0651, +0.0878, +0.0831, +0.0962, +0.0744, +0.0736, +0.0686, +0.0569, +0.0661, +0.0413, +0.0506, +0.0374, +0.0433, +0.0343, +0.0343, +0.0276, +0.0183, +0.0278, +0.0245, +0.0136, +0.0172, +0.0088, +0.0108, +0.0074, +0.0083, +0.0072, +0.0050, +0.0070, +0.0033, +0.0062, +0.0045, +0.0026, +0.0029, +0.0038, +0.0036, +0.0019, +0.0013, +0.0035, +0.0035, +0.0019, +0.0048, +0.0044, +0.0029, +0.0038, +0.0038, +0.0038, +0.0028, +0.0025, +0.0047, +0.0028, +0.0062, +0.0022, +0.0044, +0.0046, +0.0037, +0.0027, +0.0055, +0.0043, +0.0053, +0.0033, +0.0033, +0.0039, +0.0030, +0.0021, +0.0030, +0.0060, +0.0033, +0.0045, +0.0048, +0.0061, +0.0061, +0.0052, +0.0073, +0.0064, +0.0042, +0.0055, +0.0048, +0.0041, +0.0030, +0.0044, +0.0029, +0.0023, +0.0044, +0.0032, +0.0026, +0.0050, +0.0023, +0.0032, +0.0032, +0.0046, +0.0020, +0.0015, +0.0014, +0.0014, +0.0023, +0.0017, +0.0023, +0.0017, +0.0020, +0.0026, +0.0020, +0.0029, +0.0017, +0.0014, +0.0020, +0.0011, +0.0009, +0.0020, +0.0011, +0.0009, +0.0017, +0.0008, +0.0011, +0.0009, +0.0011, +0.0008, +0.0006, +0.0017, +0.0006, +0.0008, +0.0003, +0.0017, +0.0014, +0.0006, +0.0017, +0.0006, +0.0017, +0.0009, +0.0006, +0.0011, +0.0008, +0.0019, +0.0006, +0.0020, +0.0008, +0.0011, +0.0022, +0.0025, +0.0020, +0.0031, +0.0017, +0.0031, +0.0017, +0.0014, +0.0019, +0.0037, +0.0017, +0.0022, +0.0031, +0.0022, +0.0020, +0.0025, +0.0025, +0.0020, +0.0030, +0.0036, +0.0034, +0.0031, +0.0023, +0.0020, +0.0011, +0.0017, +0.0017, +0.0017, +0.0008, +0.0014, +0.0011, +0.0017, +0.0006, +0.0022, +0.0017, +0.0014, +0.0003, +0.0006, +0.0009, +0.0006, +0.0009, +0.0006, +0.0011, +0.0014, +0.0003, +0.0011, +0.0006, +0.0003, +0.0011, +0.0000, +0.0014, +0.0008, +0.0009, +0.0000, +0.0003, +0.0003, +0.0000, +0.0000, +0.0003, +0.0000, +0.0003, +0.0006, +0.0006, +0.0000, +0.0003, +0.0003, +0.0003, +0.0003, +0.0003, +0.0003, +0.0003, +0.0006, +0.0003, +0.0000, +0.0000, +0.0003, +0.0003, +0.0000, +0.0003, +0.0000, +0.0003, +0.0000, +0.0003, +0.0000, +0.0006, +0.0000, +0.0008, +0.0003, +0.0003, +0.0003, +0.0003, +0.0006, +0.0003, +0.0003, +0.0000, +0.0000, +0.0003, +0.0000, +0.0000, +0.0003, +0.0000, +0.0000, +0.0000, +0.0000, +0.0000, +0.0003, +0.0000, +0.0000, +0.0003, +0.0000, +0.0003, +0.0000, +0.0003, +0.0000, +0.0003, +0.0003, +0.0003, +0.0000, +0.0003, +0.0003, +0.0003, +0.0000, +0.0000, +0.0000, +0.0000, +0.0005, +0.0000, +0.0000, +0.0003, +0.0000, +0.0000, +0.0000, +0.0000, +0.0000, +0.0003, +0.0000, +0.0000, +0.0003, +0.0000, +0.0003, +0.0003, +0.0000, +0.0000, +0.0000, +0.0000, +0.0011, +0.0003, +0.0000, +0.0000, +0.0000, +0.0000, +0.0003, +0.0000, +0.0000, +0.0000, +0.0000, +0.0003, +0.0008, +0.0003, +0.0000, +0.0003, +0.0000, +0.0000, +0.0003, +0.0003, +0.0003, +0.0000, +0.0003, +0.0000, +0.0000, +0.0003, +0.0003, +0.0008, +0.0005, +0.0005, +0.0000, +0.0003, +0.0005, +0.0000, +0.0003, +0.0000, +0.0003, +0.0003, +0.0003, +0.0005, +0.0000, +0.0003, +0.0003, +0.0000, +0.0000, +0.0000, +0.0000, +0.0000, +0.0000, +0.0000, +0.0000, +0.0003, +0.0000, +0.0000, +0.0000, +0.0003, +0.0003, +0.0003, +0.0000, +0.0000, +0.0000, +0.0003, +0.0000, +0.0000, +0.0000, +0.0000, +0.0000, +0.0000, +0.0000, +0.0000, +0.0000, +0.0000, +0.0005, +0.0003, +0.0000, +0.0003, +0.0003, +0.0000, +0.0003, +0.0003, +0.0005, +0.0000, +0.0011, +0.0005, +0.0014, +0.0000, +0.0003, +0.0000, +0.0000, +0.0000, +0.0005, +0.0000, +0.0005, +0.0005, +0.0003, +0.0005, +0.0000, +0.0003, +0.0000, +0.0003, +0.0003, +0.0000, +0.0003, +0.0003, +0.0000, +0.0000, +0.0000, +0.0000, +0.0003, +0.0003, +0.0003, +0.0008, +0.0000, +0.0003, +0.0003, +0.0003, +0.0000, +0.0003, +0.0000, +0.0008, +0.0000, +0.0003, +0.0003, +0.0000, +0.0000, +0.0000, +0.0000, +0.0003, +0.0000, +0.0005, +0.0003, +0.0003, +0.0000, +0.0005, +0.0008, +0.0005, +0.0008, +0.0003, +0.0008, +0.0011, +0.0005, +0.0013, +0.0005, +0.0000, +0.0003, +0.0003, +0.0003, +0.0008, +0.0000, +0.0005, +0.0003, +0.0008, +0.0003, +0.0003, +0.0005, +0.0003, +0.0000, +0.0000, +0.0005, +0.0000, +0.0000, +0.0005, +0.0005, +0.0000, +0.0003, +0.0000, +0.0003, +0.0005, +0.0003, +0.0000, +0.0003, +0.0000, +0.0000, +0.0003, +0.0000, +0.0000, +0.0000, +0.0003, +0.0003, +0.0003, +0.0000, +0.0000, +0.0005, +0.0003, +0.0005, +0.0000, +0.0000, +0.0003, +0.0005, +0.0000, +0.0003, +0.0003, +0.0005, +0.0000, +0.0005, +0.0003, +0.0008, +0.0005, +0.0005, +0.0000, +0.0003, +0.0005, +0.0003, +0.0003, +0.0000, +0.0000, +0.0000, +0.0003, +0.0003, +0.0000, +0.0000, +0.0000, +0.0005, +0.0000, +0.0003, +0.0003, +0.0000, +0.0005, +0.0000, +0.0003, +0.0000, +0.0003, +0.0003, +0.0000, +0.0000, +0.0000, +0.0003, +0.0000, +0.0000, +0.0003, +0.0000, +0.0000, +0.0003, +0.0003, +0.0000, +0.0003, +0.0000, +0.0000, +0.0005, +0.0000, +0.0003, +0.0000, +0.0000, +0.0003, +0.0000, +0.0000, +0.0000, +0.0000, +0.0000, +0.0003, +0.0000, +0.0000, +0.0000, +0.0000, +0.0000, +0.0003, +0.0003, +0.0000, +0.0005, +0.0000, +0.0000, +0.0000, +0.0000, +0.0000, +0.0000, +0.0000, +0.0000, +0.0000, +0.0000, +0.0003, +0.0000, +0.0005, +0.0000, +0.0000, +0.0000, +0.0000, +0.0000, +0.0000, +0.0005, +0.0000, +0.0005, +0.0000, +0.0003, +0.0000, +0.0000, +0.0000, +0.0000, +0.0005, +0.0003, +0.0003, +0.0005, +0.0000, +0.0003, +0.0005, +0.0000, +0.0003, +0.0000, +0.0003, +0.0000, +0.0000, +0.0000, +0.0000, +0.0003, +0.0003, +0.0003, +0.0008, +0.0005, +0.0000, +0.0003, +0.0003, +0.0000, +0.0000, +0.0003, +0.0000, +0.0003, +0.0000, +0.0000, +0.0000, +0.0000, +0.0003, +0.0000, +0.0000, +0.0000, +0.0000, +0.0000, +0.0000, +0.0000, +0.0000, +0.0000, +0.0000, +0.0000, +0.0000, +0.0000, +0.0000, +0.0000, +0.0000, +0.0000, +0.0000, +0.0000, +0.0000, +0.0003, +0.0003, +0.0000, +0.0000, +0.0000, +0.0000, +0.0000, +0.0000, +0.0000, +0.0000, +0.0000, +0.0000, +0.0000, +0.0003, +0.0000, +0.0000, +0.0003, +0.0000, +0.0000, +0.0000, +0.0000, +0.0003, +0.0000, +0.0000, +0.0000, +0.0000, +0.0000, +0.0000, +0.0000, +0.0000, +0.0000, +0.0000, +0.0000, +0.0000, +0.0000, +0.0000, +0.0000, +0.0000, +0.0000, +0.0000, +0.0000, +0.0000, +0.0000, +0.0000, +0.0000, +0.0000, +0.0000, +0.0000, +0.0000, +0.0000, +0.0000, +0.0000, +0.0000, +0.0000, +0.0000, +0.0000, +0.0000, +0.0000, +0.0000, +0.0000, +0.0000, +0.0000, +0.0000, +0.0000, +0.0000, +0.0000, +0.0000, +0.0000, +0.0000, +0.0000, +0.0000, +0.0000, +0.0000, +0.0000, +0.0000, +0.0000, +0.0000, +0.0000, +0.0000, +0.0000, +0.0000, +0.0000, +0.0000, +0.0000, +0.0000, +0.0000, +0.0000, +0.0000, +0.0000, +0.0000, +0.0000, +0.0000, +0.0000, +0.0000, +0.0000, +0.0000, +0.0000, +0.0000, +0.0000, +0.0000, +0.0000, +0.0000, +0.0000, +0.0000, +0.0003, +0.0000, +0.0000, +0.0000, +0.0000, +0.0000, +0.0000, +0.0000, +0.0000, +0.0000, +0.0000, +0.0000, +0.0000, +0.0000, +0.0000, +0.0000, +0.0000, +0.0000, +0.0000, +0.0000, +0.0000, +0.0000, +0.0000, +0.0000, +0.0000, +0.0000, +0.0000, +0.0000, +0.0000, +0.0003, +0.0000, +0.0000, +0.0000, +0.0000, +0.0000, +0.0000, +0.0000, +0.0000, +0.0000, +0.0000, +0.0000, +0.0000, +0.0000, +0.0000, +0.0000, +0.0000, +0.0000, +0.0000, +0.0000, +0.0000, +0.0000, +0.0000, +0.0000, +0.0000, +0.0000, +0.0000, +0.0003, +0.0000, +0.0000, +0.0000, +0.0000, +0.0000, +0.0000, +0.0000, +0.0000, +0.0000, +0.0000, +0.0000, +0.0000, +0.0000, +0.0000, +0.0000, +0.0000, +0.0000, +0.0000, +0.0000, +0.0000, +0.0000, +0.0000, +0.0000, +0.0003, +0.0000, +0.0000, +0.0000, +0.0000, +0.0000, +0.0000, +0.0000, +0.0000, +0.0000, +0.0000, +0.0000, +0.0000, +0.0003, +0.0000, +0.0000, +0.0000, +0.0000, +0.0000, +0.0000, +0.0000, +0.0000, +0.0000, +0.0000, +0.0000, +0.0000, +0.0003, +0.0000, +0.0000, +0.0000, +0.0000, +0.0000, +0.0000, +0.0000, +0.0000, +0.0000, +0.0000, +0.0000, +0.0000, +0.0000, +0.0000, +0.0000, +0.0000, +0.0000, +0.0000, +0.0000, +0.0000, +0.0000, +0.0000, +0.0000, +0.0000, +0.0000, +0.0000, +0.0000, +0.0000, +0.0000, +0.0000, +0.0003, +0.0000, +0.0000, +0.0000, +0.0000, +0.0000, +0.0000, +0.0000, +0.0000, +0.0000, +0.0000, +0.0000, +0.0000, +0.0000, +0.0000, +0.0000, +0.0000, +0.0000, +0.0000, +0.0000, +0.0000, +0.0000, +0.0000, +0.0000, +0.0000, +0.0000, +0.0000, +0.0000, +0.0000, +0.0000, +0.0000, +0.0000, +0.0000, +0.0000, +0.0000, +0.0000, +0.0000, +0.0000, +0.0000, +0.0000, +0.0000, +0.0000, +0.0000, +0.0000, +0.0000, +0.0000, +0.0000, +0.0000, +0.0000, +0.0000, +0.0000, +0.0000, +0.0000, +0.0000, +0.0000, +0.0000, +0.0000, +0.0000, +0.0000, +0.0000, +0.0000, +0.0000, +0.0000, +0.0000, +0.0000, +0.0000, +0.0000, +0.0000, +0.0000, +0.0000, +0.0000, +0.0000, +0.0000, +0.0000, +0.0000, +0.0000, +0.0000, +0.0000, +0.0000, +0.0000, +0.0003, +0.0000, +0.0000, +0.0000, +0.0000, +0.0000, +0.0000, +0.0000, +0.0000, +0.0000, +0.0000, +0.0000, +0.0000, +0.0000, +0.0000, +0.0000, +0.0000, +0.0000, +0.0000, +0.0003, +0.0000, +0.0000, +0.0000, +0.0000, +0.0000, +0.0000, +0.0000, +0.0000, +0.0000, +0.0000, +0.0000, +0.0000, +0.0000, +0.0000, +0.0000, +0.0000, +0.0000, +0.0000, +0.0000, +0.0000, +0.0000, +0.0000, +0.0000, +0.0000, +0.0000, +0.0000, +0.0000, +0.0000, +0.0000, +0.0000, +0.0000, +0.0000, +0.0000, +0.0000, +0.0003, +0.0000, +0.0000, +0.0000, +0.0000, +0.0003, +0.0000, +0.0000, +0.0000, +0.0000, +0.0000, +0.0000, +0.0000, +0.0000, +0.0000, +0.0000, +0.0000, +0.0000, +0.0000, +0.0000, +0.0000, +0.0000, +0.0000, +0.0000, +0.0000, +0.0000, +0.0000, +0.0000, +0.0000, +0.0000, +0.0000, +0.0000, +0.0000, +0.0003, +0.0000, +0.0000, +0.0000, +0.0000, +0.0000, +0.0000, +0.0000, +0.0000, +0.0000, +0.0000, +0.0000, +0.0000, +0.0000, +0.0000, +0.0000, +0.0000, +0.0000, +0.0000, +0.0003, +0.0000, +0.0000, +0.0000, +0.0000, +0.0000, +0.0000, +0.0000, +0.0000, +0.0000, +0.0000, +0.0000, +0.0000, +0.0000, +0.0000, +0.0000, +0.0000, +0.0000, +0.0000, +0.0000, +0.0000, +0.0000, +0.0000, +0.0000, +0.0000, +0.0000, +0.0000, +0.0000, +0.0000, +0.0000, +0.0000, +0.0000, +0.0000, +0.0000, +0.0000, +0.0000, +0.0000, +0.0000, +0.0000, +0.0000, +0.0000, +0.0000, +0.0000, +0.0000, +0.0003, +0.0000, +0.0000, +0.0000, +0.0000, +0.0000, +0.0000, +0.0000, +0.0000, +0.0000, +0.0000, +0.0000, +0.0000, +0.0000, +0.0000, +0.0000, +0.0000, +0.0000, +0.0000, +0.0000, +0.0000, +0.0000, +0.0000, +0.0000, +0.0000, +0.0000, +0.0000, +0.0000, +0.0000, +0.0000, +0.0000, +0.0000, +0.0000, +0.0003, +0.0000, +0.0000, +0.0000, +0.0000, +0.0000, +0.0000, +0.0000, +0.0000, +0.0000, +0.0000, +0.0003, +0.0000, +0.0000, +0.0000, +0.0000, +0.0000, +0.0000, +0.0000, +0.0000, +0.0000, +0.0000, +0.0000, +0.0000, +0.0000, +0.0000, +0.0000, +0.0000, +0.0000, +0.0000, +0.0000, +0.0000, +0.0000, +0.0000, +0.0000, +0.0000, +0.0000, +0.0000, +0.0003, +0.0000, +0.0000, +0.0000, +0.0000, +0.0000, +0.0000, +0.0000, +0.0000, +0.0000, +0.0003, +0.0000, +0.0000, +0.0000, +0.0000, +0.0000, +0.0000, +0.0000, +0.0000, +0.0000, +0.0000, +0.0000, +0.0000, +0.0000, +0.0000, +0.0000, +0.0000, +0.0000, +0.0000, +0.0000, +0.0000, +0.0000, +0.0000, +0.0000, +0.0000, +0.0000, +0.0000, +0.0000, +0.0000, +0.0000, +0.0000, +0.0000, +0.0000, +0.0000, +0.0000, +0.0000, +0.0000, +0.0000, +0.0000, +0.0000, +0.0000, +0.0000, +0.0000, +0.0003, +0.0000, +0.0000, +0.0000, +0.0000, +0.0003, +0.0000, +0.0000, +0.0000, +0.0000, +0.0000, +0.0000, +0.0000, +0.0000, +0.0000, +0.0000, +0.0000, +0.0000, +0.0000, +0.0000, +0.0000, +0.0000, +0.0000, +0.0000, +0.0000, +0.0000, +0.0000, +0.0000, +0.0000, +0.0000, +0.0000, +0.0000, +0.0000, +0.0000, +0.0000, +0.0000, +0.0000, +0.0000, +0.0000, +0.0000, +0.0000, +0.0000, +0.0000, +0.0000, +0.0000, +0.0000, +0.0000, +0.0000, +0.0000, +0.0000, +0.0000, +0.0000, +0.0000, +0.0000, +0.0000, +0.0000, +0.0000, +0.0000, +0.0000, +0.0000, +0.0000, +0.0000, +0.0000, +0.0000, +0.0000, +0.0000, +0.0000, +0.0000, +0.0000, +0.0000, +0.0000, +0.0000, +0.0000, +0.0000, +0.0000, +0.0000, +0.0000, +0.0000, +0.0000, +0.0000, +0.0000, +0.0000, +0.0000, +0.0000, +0.0000, +0.0000, +0.0000, +0.0000, +0.0000, +0.0000, +0.0000, +0.0000, +0.0000, +0.0000, +0.0000, +0.0000, +0.0000, +0.0000, +0.0000, +0.0003, +0.0000, +0.0000, +0.0000, +0.0000, +0.0000, +0.0000, +0.0000, +0.0000, +0.0000, +0.0003, +0.0000, +0.0000, +0.0000, +0.0000, +0.0000, +0.0000, +0.0000, +0.0000, +0.0000, +0.0000, +0.0000, +0.0000, +0.0000, +0.0000, +0.0000, +0.0000, +0.0000, +0.0000, +0.0000, +0.0000, +0.0000, +0.0000, +0.0000, +0.0000, +0.0003, +0.0000, +0.0000, +0.0000, +0.0000, +0.0000, +0.0000, +0.0000, +0.0000, +0.0000, +0.0000, +0.0000, +0.0000, +0.0000, +0.0000, +0.0000, +0.0000, +0.0000, +0.0000, +0.0000, +0.0000, +0.0000, +0.0000, +0.0000, +0.0000, +0.0000, +0.0000, +0.0000, +0.0000, +0.0000, +0.0000, +0.0000, +0.0000, +0.0000, +0.0000, +0.0000, +0.0000, +0.0000, +0.0000, +0.0000, +0.0000, +0.0000, +0.0000, +0.0000, +0.0000, +0.0000, +0.0000, +0.0000, +0.0000, +0.0000, +0.0000, +0.0000, +0.0000, +0.0000, +0.0000, +0.0000, +0.0000, +0.0000, +0.0000, +0.0000, +0.0000, +0.0000, +0.0000, +0.0000, +0.0000, +0.0000, +0.0000, +0.0000, +0.0000, +0.0000, +0.0000, +0.0000, +0.0000, +0.0000, +0.0000, +0.0000, +0.0000, +0.0000, +0.0000, +0.0000, +0.0002, +0.0000, +0.0000, +0.0000, +0.0000, +0.0000, +0.0000, +0.0000, +0.0000, +0.0000, +0.0000, +0.0000, +0.0000, +0.0000, +0.0000, +0.0000, +0.0000, +0.0000, +0.0000, +0.0000, +0.0000, +0.0000, +0.0000, +0.0000, +0.0002, +0.0000, +0.0000, +0.0000, +0.0000, +0.0000, +0.0000, +0.0000, +0.0000, +0.0000, +0.0000, +0.0000, +0.0000, +0.0000, +0.0000, +0.0000, +0.0000, +0.0000, +0.0000, +0.0000, +0.0000, +0.0000, +0.0000, +0.0000, +0.0000, +0.0002, +0.0000, +0.0000, +0.0002, +0.0000, +0.0000, +0.0000, +0.0000, +0.0000, +0.0000, +0.0000, +0.0000, +0.0000, +0.0000, +0.0000, +0.0000, +0.0000, +0.0000, +0.0000, +0.0000, +0.0000, +0.0000, +0.0000, +0.0000, +0.0000, +0.0000, +0.0000, +0.0000, +0.0000, +0.0000, +0.0000, +0.0000, +0.0000, +0.0000, +0.0000, +0.0000, +0.0000, +0.0000, +0.0000, +0.0000, +0.0000, +0.0000, +0.0000, +0.0000, +0.0000, +0.0000, +0.0000, +0.0000, +0.0000, +0.0000, +0.0000, +0.0000, +0.0000, +0.0002, +0.0000, +0.0000, +0.0000, +0.0000, +0.0000, +0.0000, +0.0000, +0.0000, +0.0000, +0.0000, +0.0000, +0.0000, +0.0000, +0.0000, +0.0000, +0.0000, +0.0000, +0.0000, +0.0000, +0.0000, +0.0000, +0.0000, +0.0000, +0.0000, +0.0000, +0.0000, +0.0000, +0.0000, +0.0000, +0.0000, +0.0000, +0.0000, +0.0000, +0.0000, +0.0000, +0.0000, +0.0000, +0.0000, +0.0000, +0.0000, +0.0000, +0.0000, +0.0000, +0.0000, +0.0000, +0.0000, +0.0000, +0.0000, +0.0000, +0.0000, +0.0000, +0.0000, +0.0000, +0.0000, +0.0000, +0.0000, +0.0000, +0.0000, +0.0000, +0.0000, +0.0000, +0.0000, +0.0000, +0.0000, +0.0000, +0.0000, +0.0000, +0.0000, +0.0000, +0.0000, +0.0000, +0.0000, +0.0000, +0.0000, +0.0000, +0.0000, +0.0000, +0.0000, +0.0000, +0.0000, +0.0000, +0.0000, +0.0000, +0.0000, +0.0000, +0.0000, +0.0000, +0.0000, +0.0000, +0.0000, +0.0000, +0.0000, +0.0000, +0.0000, +0.0000, +0.0000, +0.0000, +0.0000, +0.0000, +0.0000, +0.0000, +0.0000, +0.0000, +0.0000, +0.0002, +0.0000, +0.0000, +0.0000, +0.0000, +0.0000, +0.0000, +0.0000, +0.0000, +0.0000, +0.0000, +0.0000, +0.0000, +0.0000, +0.0000, +0.0000, +0.0000, +0.0000, +0.0000, +0.0000, +0.0000, +0.0000, +0.0000, +0.0000, +0.0000, +0.0000, +0.0000, +0.0000, +0.0000, +0.0000, +0.0000, +0.0000, +0.0000, +0.0000, +0.0000, +0.0002, +0.0000, +0.0000, +0.0000, +0.0000, +0.0000, +0.0000, +0.0000, +0.0000, +0.0000, +0.0000, +0.0000, +0.0000, +0.0000, +0.0000, +0.0000, +0.0000, +0.0000, +0.0000, +0.0000, +0.0002, +0.0000, +0.0000, +0.0000, +0.0000, +0.0000, +0.0000, +0.0000, +0.0000, +0.0000, +0.0000, +0.0000, +0.0000, +0.0000, +0.0000, +0.0000, +0.0000, +0.0000, +0.0000, +0.0000, +0.0000, +0.0002, +0.0000, +0.0002, +0.0000, +0.0000, +0.0000, +0.0000, +0.0000, +0.0000, +0.0000, +0.0000, +0.0000, +0.0000, +0.0000, +0.0000, +0.0000, +0.0000, +0.0000, +0.0000, +0.0000, +0.0000, +0.0000, +0.0000, +0.0000, +0.0000, +0.0000, +0.0000, +0.0000, +0.0000, +0.0000, +0.0000, +0.0000, +0.0000, +0.0000, +0.0000, +0.0000, +0.0000, +0.0000, +0.0000, +0.0000, +0.0000, +0.0000, +0.0000, +0.0000, +0.0000, +0.0000, +0.0000, +0.0000, +0.0000, +0.0000, +0.0000, +0.0000, +0.0000, +0.0000, +0.0000, +0.0000, +0.0000, +0.0000, +0.0000, +0.0000, +0.0000, +0.0000, +0.0000, +0.0000, +0.0000, +0.0000, +0.0000, +0.0000, +0.0002, +0.0000, +0.0000, +0.0000, +0.0000, +0.0000, +0.0000, +0.0000, +0.0000, +0.0000, +0.0000, +0.0000, +0.0000, +0.0000, +0.0000, +0.0000, +0.0000, +0.0000]
                 t0_msg_m0: [+0.3214, +0.3390, +0.3286, +0.3396, +0.3386, +0.3463, +0.3511, +0.3589, +0.3354, +0.3825, +0.4071, +0.4703, +0.4821, +0.4950, +0.5417, +0.6243, +0.6616, +0.6249, +0.6391, +0.7070, +0.7064, +0.7042, +0.7578, +0.7429, +0.7552, +0.7710, +0.7433, +0.7320, +0.6886, +0.7216, +0.7378, +0.7321, +0.7457, +0.6591, +0.6132, +0.6143, +0.6611, +0.7260, +0.7490, +0.8069, +0.7957, +0.8570, +0.8290, +0.8749, +0.8815, +0.8990, +0.9190, +0.9314, +0.9466, +0.9522, +0.9620, +0.9732, +0.9695, +0.9871, +0.9824, +0.9886, +0.9878, +0.9905, +0.9927, +0.9884, +0.9938, +0.9929, +0.9948, +0.9968, +0.9952, +0.9952, +0.9951, +0.9971, +0.9981, +0.9962, +0.9958, +0.9971, +0.9946, +0.9937, +0.9965, +0.9946, +0.9953, +0.9959, +0.9960, +0.9960, +0.9938, +0.9966, +0.9932, +0.9972, +0.9932, +0.9944, +0.9957, +0.9957, +0.9933, +0.9950, +0.9938, +0.9958, +0.9951, +0.9955, +0.9955, +0.9973, +0.9958, +0.9928, +0.9957, +0.9952, +0.9949, +0.9933, +0.9924, +0.9920, +0.9915, +0.9918, +0.9940, +0.9945, +0.9952, +0.9953, +0.9952, +0.9950, +0.9962, +0.9974, +0.9956, +0.9962, +0.9968, +0.9947, +0.9974, +0.9968, +0.9962, +0.9948, +0.9971, +0.9985, +0.9983, +0.9974, +0.9971, +0.9977, +0.9977, +0.9983, +0.9980, +0.9972, +0.9980, +0.9968, +0.9983, +0.9986, +0.9974, +0.9989, +0.9991, +0.9975, +0.9986, +0.9991, +0.9983, +0.9992, +0.9989, +0.9991, +0.9989, +0.9983, +0.9992, +0.9983, +0.9986, +0.9986, +0.9994, +0.9983, +0.9983, +0.9989, +0.9978, +0.9994, +0.9980, +0.9989, +0.9992, +0.9989, +0.9992, +0.9981, +0.9994, +0.9978, +0.9992, +0.9989, +0.9978, +0.9969, +0.9978, +0.9964, +0.9978, +0.9969, +0.9981, +0.9983, +0.9981, +0.9963, +0.9980, +0.9975, +0.9966, +0.9978, +0.9975, +0.9975, +0.9969, +0.9978, +0.9970, +0.9962, +0.9966, +0.9967, +0.9975, +0.9975, +0.9983, +0.9975, +0.9980, +0.9983, +0.9989, +0.9983, +0.9983, +0.9972, +0.9991, +0.9978, +0.9983, +0.9986, +0.9994, +0.9994, +0.9991, +0.9991, +0.9991, +0.9994, +0.9989, +0.9986, +0.9994, +0.9983, +0.9994, +0.9991, +0.9989, +0.9997, +0.9986, +0.9992, +0.9991, +0.9994, +0.9997, +0.9997, +0.9997, +1.0000, +0.9997, +1.0000, +0.9997, +0.9994, +0.9994, +1.0000, +0.9992, +0.9994, +0.9997, +0.9997, +0.9997, +0.9997, +0.9992, +0.9994, +0.9997, +1.0000, +1.0000, +0.9997, +0.9994, +1.0000, +0.9997, +0.9997, +0.9997, +0.9997, +0.9994, +0.9997, +0.9994, +1.0000, +0.9989, +0.9997, +0.9994, +0.9994, +0.9994, +0.9992, +0.9997, +0.9997, +1.0000, +0.9997, +0.9997, +1.0000, +1.0000, +0.9992, +1.0000, +0.9997, +0.9997, +1.0000, +1.0000, +0.9992, +1.0000, +1.0000, +0.9997, +1.0000, +0.9997, +1.0000, +0.9997, +1.0000, +0.9989, +0.9997, +0.9997, +1.0000, +0.9997, +0.9995, +0.9997, +1.0000, +1.0000, +0.9997, +0.9997, +0.9995, +0.9997, +0.9995, +0.9997, +1.0000, +0.9994, +1.0000, +0.9997, +0.9997, +0.9997, +1.0000, +1.0000, +0.9995, +1.0000, +0.9997, +0.9997, +0.9997, +1.0000, +1.0000, +1.0000, +0.9986, +0.9992, +0.9992, +0.9992, +1.0000, +0.9997, +0.9997, +1.0000, +0.9995, +0.9997, +1.0000, +0.9992, +0.9989, +0.9989, +0.9995, +0.9995, +0.9992, +0.9989, +0.9989, +0.9995, +0.9995, +0.9995, +0.9997, +0.9997, +0.9997, +0.9992, +0.9995, +0.9989, +0.9986, +0.9989, +0.9995, +0.9989, +0.9989, +0.9997, +0.9992, +0.9995, +0.9995, +0.9995, +0.9995, +0.9995, +0.9997, +0.9997, +0.9995, +1.0000, +0.9997, +0.9997, +1.0000, +1.0000, +1.0000, +1.0000, +1.0000, +0.9997, +1.0000, +1.0000, +0.9995, +0.9995, +0.9997, +0.9997, +1.0000, +1.0000, +0.9997, +0.9997, +0.9997, +1.0000, +1.0000, +1.0000, +1.0000, +0.9997, +1.0000, +1.0000, +1.0000, +1.0000, +0.9995, +0.9997, +1.0000, +0.9997, +0.9997, +0.9997, +0.9997, +0.9997, +0.9992, +1.0000, +0.9989, +0.9995, +0.9986, +0.9997, +0.9995, +1.0000, +1.0000, +0.9997, +0.9992, +0.9997, +0.9995, +0.9995, +0.9997, +0.9995, +0.9997, +0.9997, +0.9997, +0.9997, +0.9997, +0.9997, +0.9997, +0.9995, +1.0000, +1.0000, +1.0000, +1.0000, +0.9995, +0.9997, +0.9997, +0.9992, +0.9997, +0.9997, +0.9997, +0.9997, +0.9995, +0.9997, +1.0000, +0.9989, +1.0000, +0.9997, +0.9997, +1.0000, +1.0000, +1.0000, +1.0000, +0.9997, +1.0000, +0.9995, +0.9995, +0.9995, +1.0000, +0.9995, +0.9989, +0.9995, +0.9992, +0.9995, +0.9984, +0.9989, +0.9992, +0.9987, +0.9995, +1.0000, +0.9997, +0.9997, +0.9997, +0.9989, +0.9995, +0.9989, +0.9997, +0.9989, +0.9997, +0.9997, +0.9992, +0.9997, +0.9997, +1.0000, +0.9995, +0.9997, +1.0000, +0.9989, +0.9992, +1.0000, +0.9995, +1.0000, +0.9997, +0.9995, +0.9997, +1.0000, +0.9997, +0.9997, +1.0000, +0.9997, +0.9997, +0.9997, +1.0000, +0.9997, +0.9995, +0.9997, +1.0000, +1.0000, +0.9995, +0.9995, +0.9992, +1.0000, +0.9997, +0.9995, +0.9992, +0.9997, +0.9997, +0.9992, +0.9989, +0.9997, +0.9989, +0.9995, +0.9992, +0.9992, +0.9995, +0.9997, +0.9997, +0.9992, +0.9995, +0.9997, +1.0000, +1.0000, +1.0000, +0.9997, +0.9997, +0.9997, +1.0000, +0.9997, +0.9992, +1.0000, +0.9995, +0.9997, +1.0000, +0.9992, +0.9997, +0.9997, +0.9997, +0.9995, +0.9992, +1.0000, +1.0000, +1.0000, +0.9997, +1.0000, +0.9997, +0.9997, +1.0000, +0.9997, +0.9997, +0.9992, +0.9997, +0.9997, +0.9997, +0.9995, +0.9995, +0.9997, +0.9995, +1.0000, +1.0000, +0.9997, +1.0000, +0.9997, +1.0000, +1.0000, +1.0000, +0.9997, +0.9997, +1.0000, +1.0000, +1.0000, +0.9997, +0.9995, +0.9995, +1.0000, +0.9992, +1.0000, +0.9997, +0.9997, +0.9997, +1.0000, +1.0000, +0.9995, +1.0000, +1.0000, +0.9997, +0.9997, +1.0000, +0.9995, +1.0000, +1.0000, +0.9997, +0.9995, +0.9997, +0.9992, +0.9992, +0.9995, +0.9984, +1.0000, +0.9995, +1.0000, +0.9997, +1.0000, +1.0000, +0.9992, +0.9992, +0.9995, +0.9989, +0.9997, +0.9997, +0.9987, +1.0000, +0.9995, +0.9995, +0.9995, +0.9997, +0.9997, +0.9997, +0.9997, +0.9992, +0.9995, +0.9992, +0.9992, +0.9995, +1.0000, +0.9997, +0.9997, +1.0000, +0.9997, +0.9997, +0.9997, +0.9995, +1.0000, +1.0000, +1.0000, +1.0000, +0.9997, +1.0000, +1.0000, +1.0000, +0.9997, +1.0000, +1.0000, +0.9997, +1.0000, +0.9997, +1.0000, +1.0000, +1.0000, +1.0000, +1.0000, +1.0000, +1.0000, +1.0000, +1.0000, +1.0000, +1.0000, +0.9997, +0.9997, +1.0000, +1.0000, +1.0000, +1.0000, +0.9997, +1.0000, +1.0000, +1.0000, +1.0000, +1.0000, +1.0000, +0.9997, +1.0000, +1.0000, +0.9997, +1.0000, +1.0000, +1.0000, +1.0000, +0.9997, +1.0000, +1.0000, +1.0000, +1.0000, +1.0000, +1.0000, +1.0000, +1.0000, +1.0000, +1.0000, +1.0000, +1.0000, +1.0000, +1.0000, +1.0000, +1.0000, +1.0000, +1.0000, +1.0000, +1.0000, +1.0000, +1.0000, +1.0000, +1.0000, +1.0000, +1.0000, +1.0000, +1.0000, +1.0000, +1.0000, +1.0000, +1.0000, +1.0000, +1.0000, +1.0000, +1.0000, +1.0000, +1.0000, +1.0000, +1.0000, +1.0000, +1.0000, +1.0000, +1.0000, +1.0000, +1.0000, +1.0000, +1.0000, +1.0000, +1.0000, +1.0000, +1.0000, +1.0000, +1.0000, +1.0000, +1.0000, +1.0000, +1.0000, +1.0000, +1.0000, +1.0000, +1.0000, +1.0000, +1.0000, +1.0000, +1.0000, +1.0000, +1.0000, +1.0000, +1.0000, +1.0000, +1.0000, +1.0000, +1.0000, +1.0000, +1.0000, +1.0000, +1.0000, +1.0000, +1.0000, +1.0000, +1.0000, +0.9997, +1.0000, +1.0000, +1.0000, +1.0000, +1.0000, +1.0000, +1.0000, +1.0000, +1.0000, +1.0000, +1.0000, +1.0000, +1.0000, +1.0000, +1.0000, +1.0000, +1.0000, +1.0000, +1.0000, +1.0000, +1.0000, +1.0000, +1.0000, +1.0000, +1.0000, +1.0000, +1.0000, +1.0000, +0.9997, +1.0000, +1.0000, +1.0000, +1.0000, +1.0000, +1.0000, +1.0000, +1.0000, +1.0000, +1.0000, +1.0000, +1.0000, +1.0000, +1.0000, +1.0000, +1.0000, +1.0000, +1.0000, +1.0000, +1.0000, +1.0000, +1.0000, +1.0000, +1.0000, +1.0000, +1.0000, +0.9997, +1.0000, +1.0000, +1.0000, +1.0000, +1.0000, +1.0000, +1.0000, +1.0000, +1.0000, +1.0000, +1.0000, +1.0000, +1.0000, +1.0000, +1.0000, +1.0000, +1.0000, +1.0000, +1.0000, +1.0000, +1.0000, +1.0000, +1.0000, +0.9997, +1.0000, +1.0000, +1.0000, +1.0000, +1.0000, +1.0000, +1.0000, +1.0000, +1.0000, +1.0000, +1.0000, +1.0000, +0.9997, +1.0000, +1.0000, +1.0000, +1.0000, +1.0000, +0.9997, +1.0000, +1.0000, +1.0000, +1.0000, +1.0000, +1.0000, +0.9997, +1.0000, +1.0000, +1.0000, +1.0000, +1.0000, +1.0000, +1.0000, +1.0000, +1.0000, +1.0000, +1.0000, +1.0000, +1.0000, +1.0000, +1.0000, +1.0000, +1.0000, +1.0000, +1.0000, +1.0000, +1.0000, +1.0000, +1.0000, +1.0000, +1.0000, +1.0000, +1.0000, +1.0000, +1.0000, +1.0000, +0.9997, +1.0000, +1.0000, +1.0000, +1.0000, +1.0000, +1.0000, +1.0000, +1.0000, +1.0000, +1.0000, +1.0000, +1.0000, +1.0000, +1.0000, +1.0000, +1.0000, +1.0000, +1.0000, +1.0000, +1.0000, +1.0000, +1.0000, +0.9997, +1.0000, +1.0000, +1.0000, +1.0000, +1.0000, +1.0000, +1.0000, +1.0000, +1.0000, +1.0000, +1.0000, +1.0000, +1.0000, +1.0000, +1.0000, +1.0000, +1.0000, +1.0000, +1.0000, +1.0000, +1.0000, +1.0000, +1.0000, +1.0000, +1.0000, +1.0000, +1.0000, +1.0000, +1.0000, +1.0000, +1.0000, +1.0000, +1.0000, +1.0000, +1.0000, +1.0000, +1.0000, +1.0000, +1.0000, +1.0000, +1.0000, +1.0000, +1.0000, +1.0000, +1.0000, +1.0000, +1.0000, +1.0000, +1.0000, +1.0000, +1.0000, +1.0000, +1.0000, +1.0000, +1.0000, +1.0000, +0.9997, +1.0000, +1.0000, +1.0000, +1.0000, +1.0000, +1.0000, +1.0000, +1.0000, +1.0000, +1.0000, +1.0000, +1.0000, +1.0000, +1.0000, +1.0000, +1.0000, +1.0000, +1.0000, +0.9997, +1.0000, +1.0000, +1.0000, +1.0000, +1.0000, +1.0000, +1.0000, +1.0000, +1.0000, +1.0000, +1.0000, +1.0000, +1.0000, +1.0000, +1.0000, +1.0000, +1.0000, +1.0000, +1.0000, +1.0000, +1.0000, +1.0000, +1.0000, +1.0000, +1.0000, +1.0000, +1.0000, +1.0000, +1.0000, +1.0000, +1.0000, +1.0000, +1.0000, +1.0000, +0.9997, +1.0000, +1.0000, +1.0000, +1.0000, +0.9997, +1.0000, +1.0000, +1.0000, +1.0000, +1.0000, +1.0000, +1.0000, +1.0000, +1.0000, +1.0000, +1.0000, +1.0000, +1.0000, +1.0000, +1.0000, +1.0000, +1.0000, +1.0000, +1.0000, +1.0000, +0.9997, +1.0000, +1.0000, +1.0000, +1.0000, +1.0000, +1.0000, +0.9997, +1.0000, +1.0000, +1.0000, +1.0000, +1.0000, +1.0000, +1.0000, +1.0000, +1.0000, +1.0000, +1.0000, +1.0000, +1.0000, +1.0000, +1.0000, +1.0000, +1.0000, +1.0000, +0.9997, +1.0000, +1.0000, +1.0000, +1.0000, +1.0000, +1.0000, +1.0000, +1.0000, +1.0000, +1.0000, +1.0000, +1.0000, +1.0000, +1.0000, +1.0000, +1.0000, +1.0000, +1.0000, +1.0000, +1.0000, +1.0000, +1.0000, +1.0000, +1.0000, +1.0000, +1.0000, +1.0000, +1.0000, +1.0000, +1.0000, +1.0000, +1.0000, +1.0000, +1.0000, +1.0000, +1.0000, +1.0000, +1.0000, +1.0000, +1.0000, +1.0000, +1.0000, +1.0000, +0.9997, +1.0000, +1.0000, +1.0000, +1.0000, +1.0000, +1.0000, +1.0000, +1.0000, +1.0000, +1.0000, +1.0000, +1.0000, +1.0000, +1.0000, +1.0000, +1.0000, +1.0000, +1.0000, +1.0000, +1.0000, +1.0000, +1.0000, +1.0000, +1.0000, +1.0000, +1.0000, +1.0000, +1.0000, +1.0000, +1.0000, +1.0000, +1.0000, +0.9997, +1.0000, +1.0000, +1.0000, +1.0000, +1.0000, +1.0000, +1.0000, +1.0000, +1.0000, +1.0000, +0.9997, +1.0000, +1.0000, +1.0000, +1.0000, +1.0000, +1.0000, +1.0000, +1.0000, +1.0000, +1.0000, +1.0000, +1.0000, +1.0000, +1.0000, +1.0000, +1.0000, +1.0000, +1.0000, +1.0000, +1.0000, +1.0000, +1.0000, +1.0000, +1.0000, +1.0000, +1.0000, +0.9997, +1.0000, +1.0000, +1.0000, +1.0000, +1.0000, +1.0000, +1.0000, +1.0000, +1.0000, +0.9997, +1.0000, +1.0000, +1.0000, +1.0000, +1.0000, +1.0000, +1.0000, +1.0000, +1.0000, +1.0000, +1.0000, +1.0000, +1.0000, +1.0000, +1.0000, +1.0000, +1.0000, +1.0000, +1.0000, +1.0000, +1.0000, +1.0000, +1.0000, +1.0000, +1.0000, +1.0000, +1.0000, +1.0000, +1.0000, +1.0000, +1.0000, +1.0000, +1.0000, +1.0000, +1.0000, +1.0000, +1.0000, +1.0000, +1.0000, +1.0000, +1.0000, +1.0000, +0.9997, +1.0000, +1.0000, +1.0000, +1.0000, +0.9997, +1.0000, +1.0000, +1.0000, +1.0000, +1.0000, +1.0000, +1.0000, +1.0000, +1.0000, +1.0000, +1.0000, +1.0000, +1.0000, +1.0000, +1.0000, +1.0000, +1.0000, +1.0000, +1.0000, +1.0000, +1.0000, +1.0000, +1.0000, +1.0000, +1.0000, +1.0000, +1.0000, +1.0000, +1.0000, +1.0000, +1.0000, +1.0000, +1.0000, +1.0000, +1.0000, +1.0000, +1.0000, +1.0000, +1.0000, +1.0000, +1.0000, +1.0000, +1.0000, +1.0000, +1.0000, +1.0000, +1.0000, +1.0000, +1.0000, +1.0000, +1.0000, +1.0000, +1.0000, +1.0000, +1.0000, +1.0000, +1.0000, +1.0000, +1.0000, +1.0000, +1.0000, +1.0000, +1.0000, +1.0000, +1.0000, +1.0000, +1.0000, +1.0000, +1.0000, +1.0000, +1.0000, +1.0000, +1.0000, +1.0000, +1.0000, +1.0000, +1.0000, +1.0000, +1.0000, +1.0000, +1.0000, +1.0000, +1.0000, +1.0000, +1.0000, +1.0000, +1.0000, +1.0000, +1.0000, +1.0000, +1.0000, +1.0000, +1.0000, +0.9997, +1.0000, +1.0000, +1.0000, +1.0000, +1.0000, +1.0000, +1.0000, +1.0000, +1.0000, +0.9997, +1.0000, +1.0000, +1.0000, +1.0000, +1.0000, +1.0000, +1.0000, +1.0000, +1.0000, +1.0000, +1.0000, +1.0000, +1.0000, +1.0000, +1.0000, +1.0000, +1.0000, +1.0000, +1.0000, +1.0000, +1.0000, +1.0000, +1.0000, +1.0000, +0.9997, +1.0000, +1.0000, +1.0000, +1.0000, +1.0000, +1.0000, +1.0000, +1.0000, +1.0000, +1.0000, +1.0000, +1.0000, +1.0000, +1.0000, +1.0000, +1.0000, +1.0000, +1.0000, +1.0000, +1.0000, +1.0000, +1.0000, +1.0000, +1.0000, +1.0000, +1.0000, +1.0000, +1.0000, +1.0000, +1.0000, +1.0000, +1.0000, +1.0000, +1.0000, +1.0000, +1.0000, +1.0000, +1.0000, +1.0000, +1.0000, +1.0000, +1.0000, +1.0000, +1.0000, +1.0000, +1.0000, +1.0000, +1.0000, +1.0000, +1.0000, +1.0000, +1.0000, +1.0000, +1.0000, +1.0000, +1.0000, +1.0000, +1.0000, +1.0000, +1.0000, +1.0000, +1.0000, +1.0000, +1.0000, +1.0000, +1.0000, +1.0000, +1.0000, +1.0000, +1.0000, +1.0000, +1.0000, +1.0000, +1.0000, +1.0000, +1.0000, +1.0000, +1.0000, +1.0000, +0.9998, +1.0000, +1.0000, +1.0000, +1.0000, +1.0000, +1.0000, +1.0000, +1.0000, +1.0000, +1.0000, +1.0000, +1.0000, +1.0000, +1.0000, +1.0000, +1.0000, +1.0000, +1.0000, +1.0000, +1.0000, +1.0000, +1.0000, +1.0000, +0.9998, +1.0000, +1.0000, +1.0000, +1.0000, +1.0000, +1.0000, +1.0000, +1.0000, +1.0000, +1.0000, +1.0000, +1.0000, +1.0000, +1.0000, +1.0000, +1.0000, +1.0000, +1.0000, +1.0000, +1.0000, +1.0000, +1.0000, +1.0000, +1.0000, +0.9998, +1.0000, +1.0000, +0.9998, +1.0000, +1.0000, +1.0000, +1.0000, +1.0000, +1.0000, +1.0000, +1.0000, +1.0000, +1.0000, +1.0000, +1.0000, +1.0000, +1.0000, +1.0000, +1.0000, +1.0000, +1.0000, +1.0000, +1.0000, +1.0000, +1.0000, +1.0000, +1.0000, +1.0000, +1.0000, +1.0000, +1.0000, +1.0000, +1.0000, +1.0000, +1.0000, +1.0000, +1.0000, +1.0000, +1.0000, +1.0000, +1.0000, +1.0000, +1.0000, +1.0000, +1.0000, +1.0000, +1.0000, +1.0000, +1.0000, +1.0000, +1.0000, +1.0000, +0.9998, +1.0000, +1.0000, +1.0000, +1.0000, +1.0000, +1.0000, +1.0000, +1.0000, +1.0000, +1.0000, +1.0000, +1.0000, +1.0000, +1.0000, +1.0000, +1.0000, +1.0000, +1.0000, +1.0000, +1.0000, +1.0000, +1.0000, +1.0000, +1.0000, +1.0000, +1.0000, +1.0000, +1.0000, +1.0000, +1.0000, +1.0000, +1.0000, +1.0000, +1.0000, +1.0000, +1.0000, +1.0000, +1.0000, +1.0000, +1.0000, +1.0000, +1.0000, +1.0000, +1.0000, +1.0000, +1.0000, +1.0000, +1.0000, +1.0000, +1.0000, +1.0000, +1.0000, +1.0000, +1.0000, +1.0000, +1.0000, +1.0000, +1.0000, +1.0000, +1.0000, +1.0000, +1.0000, +1.0000, +1.0000, +1.0000, +1.0000, +1.0000, +1.0000, +1.0000, +1.0000, +1.0000, +1.0000, +1.0000, +1.0000, +1.0000, +1.0000, +1.0000, +1.0000, +1.0000, +1.0000, +1.0000, +1.0000, +1.0000, +1.0000, +1.0000, +1.0000, +1.0000, +1.0000, +1.0000, +1.0000, +1.0000, +1.0000, +1.0000, +1.0000, +1.0000, +1.0000, +1.0000, +1.0000, +1.0000, +1.0000, +1.0000, +1.0000, +1.0000, +1.0000, +0.9998, +1.0000, +1.0000, +1.0000, +1.0000, +1.0000, +1.0000, +1.0000, +1.0000, +1.0000, +1.0000, +1.0000, +1.0000, +1.0000, +1.0000, +1.0000, +1.0000, +1.0000, +1.0000, +1.0000, +1.0000, +1.0000, +1.0000, +1.0000, +1.0000, +1.0000, +1.0000, +1.0000, +1.0000, +1.0000, +1.0000, +1.0000, +1.0000, +1.0000, +1.0000, +0.9998, +1.0000, +1.0000, +1.0000, +1.0000, +1.0000, +1.0000, +1.0000, +1.0000, +1.0000, +1.0000, +1.0000, +1.0000, +1.0000, +1.0000, +1.0000, +1.0000, +1.0000, +1.0000, +1.0000, +0.9998, +1.0000, +1.0000, +1.0000, +1.0000, +1.0000, +1.0000, +1.0000, +1.0000, +1.0000, +1.0000, +1.0000, +1.0000, +1.0000, +1.0000, +1.0000, +1.0000, +1.0000, +1.0000, +1.0000, +1.0000, +0.9998, +1.0000, +0.9998, +1.0000, +1.0000, +1.0000, +1.0000, +1.0000, +1.0000, +1.0000, +1.0000, +1.0000, +1.0000, +1.0000, +1.0000, +1.0000, +1.0000, +1.0000, +1.0000, +1.0000, +1.0000, +1.0000, +1.0000, +1.0000, +1.0000, +1.0000, +1.0000, +1.0000, +1.0000, +1.0000, +1.0000, +1.0000, +1.0000, +1.0000, +1.0000, +1.0000, +1.0000, +1.0000, +1.0000, +1.0000, +1.0000, +1.0000, +1.0000, +1.0000, +1.0000, +1.0000, +1.0000, +1.0000, +1.0000, +1.0000, +1.0000, +1.0000, +1.0000, +1.0000, +1.0000, +1.0000, +1.0000, +1.0000, +1.0000, +1.0000, +1.0000, +1.0000, +1.0000, +1.0000, +1.0000, +1.0000, +1.0000, +1.0000, +0.9998, +1.0000, +1.0000, +1.0000, +1.0000, +1.0000, +1.0000, +1.0000, +1.0000, +1.0000, +1.0000, +1.0000, +1.0000, +1.0000, +1.0000, +1.0000, +1.0000, +1.0000]
                 t0_msg_m1: [+0.3361, +0.3495, +0.3326, +0.3304, +0.3377, +0.3648, +0.3515, +0.3562, +0.3822, +0.3486, +0.3638, +0.2880, +0.2829, +0.2604, +0.2501, +0.1931, +0.1885, +0.2187, +0.2149, +0.1719, +0.1637, +0.1608, +0.1215, +0.1466, +0.1461, +0.1404, +0.1833, +0.1850, +0.2253, +0.1950, +0.1804, +0.1933, +0.1892, +0.2531, +0.3037, +0.2895, +0.2644, +0.2004, +0.1824, +0.1362, +0.1382, +0.1017, +0.1203, +0.0877, +0.0752, +0.0666, +0.0467, +0.0410, +0.0351, +0.0200, +0.0135, +0.0132, +0.0133, +0.0041, +0.0068, +0.0040, +0.0040, +0.0023, +0.0023, +0.0046, +0.0029, +0.0010, +0.0006, +0.0006, +0.0019, +0.0010, +0.0013, +0.0010, +0.0006, +0.0003, +0.0006, +0.0010, +0.0006, +0.0019, +0.0006, +0.0016, +0.0009, +0.0003, +0.0012, +0.0015, +0.0016, +0.0006, +0.0006, +0.0006, +0.0025, +0.0009, +0.0006, +0.0015, +0.0012, +0.0006, +0.0009, +0.0009, +0.0015, +0.0006, +0.0015, +0.0006, +0.0012, +0.0012, +0.0009, +0.0003, +0.0003, +0.0006, +0.0015, +0.0028, +0.0012, +0.0018, +0.0018, +0.0000, +0.0000, +0.0006, +0.0018, +0.0006, +0.0009, +0.0003, +0.0000, +0.0006, +0.0006, +0.0003, +0.0003, +0.0000, +0.0006, +0.0006, +0.0009, +0.0000, +0.0003, +0.0012, +0.0006, +0.0006, +0.0000, +0.0000, +0.0000, +0.0003, +0.0000, +0.0003, +0.0000, +0.0000, +0.0006, +0.0000, +0.0000, +0.0006, +0.0003, +0.0000, +0.0000, +0.0000, +0.0000, +0.0000, +0.0000, +0.0008, +0.0003, +0.0000, +0.0008, +0.0006, +0.0003, +0.0000, +0.0003, +0.0006, +0.0006, +0.0000, +0.0003, +0.0003, +0.0003, +0.0000, +0.0000, +0.0000, +0.0000, +0.0003, +0.0000, +0.0000, +0.0000, +0.0006, +0.0003, +0.0006, +0.0006, +0.0000, +0.0003, +0.0003, +0.0000, +0.0000, +0.0003, +0.0003, +0.0003, +0.0000, +0.0006, +0.0000, +0.0006, +0.0003, +0.0000, +0.0003, +0.0000, +0.0003, +0.0003, +0.0006, +0.0006, +0.0008, +0.0003, +0.0000, +0.0003, +0.0003, +0.0006, +0.0011, +0.0003, +0.0000, +0.0000, +0.0000, +0.0003, +0.0000, +0.0000, +0.0003, +0.0000, +0.0000, +0.0000, +0.0000, +0.0003, +0.0006, +0.0000, +0.0006, +0.0000, +0.0003, +0.0000, +0.0000, +0.0000, +0.0006, +0.0000, +0.0000, +0.0003, +0.0000, +0.0000, +0.0000, +0.0000, +0.0000, +0.0000, +0.0000, +0.0006, +0.0003, +0.0000, +0.0000, +0.0000, +0.0000, +0.0006, +0.0000, +0.0000, +0.0000, +0.0000, +0.0000, +0.0003, +0.0000, +0.0000, +0.0003, +0.0000, +0.0003, +0.0003, +0.0003, +0.0000, +0.0000, +0.0003, +0.0000, +0.0003, +0.0003, +0.0003, +0.0003, +0.0000, +0.0000, +0.0000, +0.0003, +0.0000, +0.0000, +0.0000, +0.0006, +0.0000, +0.0003, +0.0003, +0.0000, +0.0000, +0.0006, +0.0000, +0.0000, +0.0000, +0.0000, +0.0000, +0.0000, +0.0000, +0.0000, +0.0008, +0.0000, +0.0000, +0.0000, +0.0000, +0.0003, +0.0000, +0.0000, +0.0000, +0.0003, +0.0003, +0.0000, +0.0003, +0.0005, +0.0000, +0.0000, +0.0006, +0.0000, +0.0003, +0.0003, +0.0000, +0.0000, +0.0000, +0.0003, +0.0000, +0.0000, +0.0000, +0.0003, +0.0000, +0.0000, +0.0000, +0.0003, +0.0006, +0.0008, +0.0008, +0.0000, +0.0003, +0.0000, +0.0000, +0.0005, +0.0003, +0.0000, +0.0005, +0.0003, +0.0008, +0.0005, +0.0003, +0.0008, +0.0011, +0.0008, +0.0003, +0.0003, +0.0005, +0.0000, +0.0003, +0.0003, +0.0005, +0.0003, +0.0003, +0.0008, +0.0005, +0.0005, +0.0008, +0.0005, +0.0003, +0.0005, +0.0005, +0.0003, +0.0003, +0.0003, +0.0000, +0.0003, +0.0000, +0.0003, +0.0000, +0.0003, +0.0003, +0.0000, +0.0000, +0.0000, +0.0000, +0.0000, +0.0000, +0.0000, +0.0000, +0.0005, +0.0003, +0.0000, +0.0000, +0.0000, +0.0000, +0.0003, +0.0000, +0.0003, +0.0000, +0.0000, +0.0000, +0.0000, +0.0003, +0.0000, +0.0000, +0.0000, +0.0000, +0.0000, +0.0000, +0.0000, +0.0000, +0.0000, +0.0003, +0.0000, +0.0000, +0.0003, +0.0000, +0.0000, +0.0000, +0.0000, +0.0003, +0.0003, +0.0000, +0.0000, +0.0003, +0.0003, +0.0003, +0.0000, +0.0000, +0.0000, +0.0000, +0.0003, +0.0000, +0.0003, +0.0000, +0.0000, +0.0003, +0.0000, +0.0003, +0.0000, +0.0000, +0.0000, +0.0000, +0.0003, +0.0000, +0.0000, +0.0000, +0.0003, +0.0000, +0.0000, +0.0000, +0.0005, +0.0000, +0.0000, +0.0003, +0.0000, +0.0000, +0.0000, +0.0000, +0.0000, +0.0000, +0.0000, +0.0000, +0.0000, +0.0000, +0.0003, +0.0003, +0.0000, +0.0000, +0.0003, +0.0000, +0.0000, +0.0003, +0.0008, +0.0000, +0.0003, +0.0000, +0.0000, +0.0000, +0.0000, +0.0000, +0.0000, +0.0003, +0.0005, +0.0005, +0.0000, +0.0003, +0.0000, +0.0000, +0.0003, +0.0000, +0.0003, +0.0000, +0.0000, +0.0003, +0.0000, +0.0005, +0.0003, +0.0000, +0.0003, +0.0000, +0.0000, +0.0000, +0.0000, +0.0000, +0.0000, +0.0003, +0.0000, +0.0000, +0.0003, +0.0003, +0.0000, +0.0000, +0.0003, +0.0000, +0.0000, +0.0000, +0.0000, +0.0003, +0.0003, +0.0000, +0.0003, +0.0003, +0.0003, +0.0003, +0.0000, +0.0005, +0.0005, +0.0003, +0.0005, +0.0003, +0.0000, +0.0003, +0.0000, +0.0003, +0.0000, +0.0003, +0.0003, +0.0000, +0.0000, +0.0000, +0.0000, +0.0000, +0.0000, +0.0003, +0.0000, +0.0003, +0.0003, +0.0000, +0.0003, +0.0000, +0.0000, +0.0003, +0.0003, +0.0000, +0.0003, +0.0003, +0.0005, +0.0000, +0.0000, +0.0000, +0.0000, +0.0000, +0.0003, +0.0000, +0.0000, +0.0003, +0.0000, +0.0005, +0.0003, +0.0000, +0.0003, +0.0005, +0.0000, +0.0003, +0.0003, +0.0000, +0.0000, +0.0000, +0.0000, +0.0003, +0.0000, +0.0000, +0.0000, +0.0000, +0.0003, +0.0000, +0.0000, +0.0000, +0.0003, +0.0003, +0.0003, +0.0000, +0.0003, +0.0000, +0.0003, +0.0003, +0.0003, +0.0000, +0.0000, +0.0005, +0.0000, +0.0000, +0.0003, +0.0000, +0.0000, +0.0000, +0.0000, +0.0000, +0.0003, +0.0005, +0.0003, +0.0008, +0.0003, +0.0005, +0.0011, +0.0000, +0.0003, +0.0000, +0.0003, +0.0000, +0.0000, +0.0003, +0.0005, +0.0003, +0.0005, +0.0003, +0.0000, +0.0008, +0.0000, +0.0003, +0.0005, +0.0003, +0.0003, +0.0003, +0.0003, +0.0003, +0.0005, +0.0003, +0.0005, +0.0000, +0.0000, +0.0000, +0.0000, +0.0000, +0.0000, +0.0003, +0.0000, +0.0003, +0.0003, +0.0000, +0.0000, +0.0000, +0.0000, +0.0000, +0.0000, +0.0000, +0.0000, +0.0003, +0.0000, +0.0000, +0.0003, +0.0000, +0.0003, +0.0000, +0.0000, +0.0000, +0.0000, +0.0000, +0.0000, +0.0000, +0.0000, +0.0000, +0.0000, +0.0000, +0.0000, +0.0000, +0.0000, +0.0000, +0.0000, +0.0000, +0.0003, +0.0000, +0.0000, +0.0000, +0.0000, +0.0000, +0.0000, +0.0000, +0.0000, +0.0000, +0.0000, +0.0000, +0.0000, +0.0000, +0.0000, +0.0000, +0.0000, +0.0000, +0.0000, +0.0000, +0.0000, +0.0000, +0.0000, +0.0000, +0.0000, +0.0000, +0.0000, +0.0000, +0.0000, +0.0000, +0.0000, +0.0000, +0.0000, +0.0000, +0.0000, +0.0000, +0.0000, +0.0000, +0.0000, +0.0000, +0.0000, +0.0000, +0.0000, +0.0000, +0.0000, +0.0000, +0.0000, +0.0000, +0.0000, +0.0000, +0.0000, +0.0000, +0.0000, +0.0000, +0.0000, +0.0000, +0.0000, +0.0000, +0.0000, +0.0000, +0.0000, +0.0000, +0.0000, +0.0000, +0.0000, +0.0000, +0.0000, +0.0000, +0.0000, +0.0000, +0.0000, +0.0000, +0.0000, +0.0000, +0.0000, +0.0000, +0.0000, +0.0000, +0.0000, +0.0000, +0.0000, +0.0000, +0.0000, +0.0000, +0.0000, +0.0000, +0.0000, +0.0000, +0.0000, +0.0000, +0.0000, +0.0000, +0.0000, +0.0000, +0.0000, +0.0000, +0.0000, +0.0000, +0.0000, +0.0000, +0.0000, +0.0000, +0.0000, +0.0000, +0.0000, +0.0000, +0.0000, +0.0000, +0.0000, +0.0000, +0.0000, +0.0000, +0.0000, +0.0000, +0.0000, +0.0000, +0.0000, +0.0000, +0.0000, +0.0000, +0.0000, +0.0000, +0.0000, +0.0000, +0.0000, +0.0000, +0.0000, +0.0000, +0.0000, +0.0000, +0.0000, +0.0000, +0.0000, +0.0000, +0.0000, +0.0000, +0.0000, +0.0000, +0.0000, +0.0000, +0.0000, +0.0000, +0.0000, +0.0000, +0.0000, +0.0000, +0.0000, +0.0000, +0.0000, +0.0000, +0.0000, +0.0000, +0.0000, +0.0000, +0.0000, +0.0000, +0.0000, +0.0000, +0.0000, +0.0000, +0.0000, +0.0000, +0.0000, +0.0000, +0.0000, +0.0000, +0.0000, +0.0000, +0.0000, +0.0000, +0.0000, +0.0000, +0.0000, +0.0000, +0.0000, +0.0000, +0.0000, +0.0000, +0.0000, +0.0000, +0.0000, +0.0000, +0.0000, +0.0000, +0.0000, +0.0000, +0.0000, +0.0000, +0.0000, +0.0000, +0.0000, +0.0000, +0.0000, +0.0000, +0.0000, +0.0000, +0.0000, +0.0003, +0.0000, +0.0000, +0.0000, +0.0000, +0.0000, +0.0000, +0.0000, +0.0000, +0.0000, +0.0000, +0.0000, +0.0000, +0.0000, +0.0000, +0.0000, +0.0000, +0.0000, +0.0000, +0.0000, +0.0000, +0.0000, +0.0000, +0.0000, +0.0000, +0.0000, +0.0000, +0.0000, +0.0000, +0.0000, +0.0000, +0.0000, +0.0000, +0.0000, +0.0000, +0.0000, +0.0000, +0.0000, +0.0000, +0.0000, +0.0000, +0.0000, +0.0000, +0.0000, +0.0000, +0.0000, +0.0000, +0.0000, +0.0000, +0.0000, +0.0000, +0.0000, +0.0000, +0.0000, +0.0000, +0.0000, +0.0000, +0.0000, +0.0000, +0.0000, +0.0000, +0.0003, +0.0000, +0.0000, +0.0000, +0.0000, +0.0000, +0.0000, +0.0000, +0.0000, +0.0000, +0.0000, +0.0000, +0.0000, +0.0000, +0.0000, +0.0000, +0.0000, +0.0000, +0.0000, +0.0000, +0.0000, +0.0000, +0.0000, +0.0000, +0.0000, +0.0000, +0.0000, +0.0000, +0.0000, +0.0000, +0.0000, +0.0000, +0.0000, +0.0000, +0.0000, +0.0000, +0.0000, +0.0000, +0.0000, +0.0000, +0.0000, +0.0000, +0.0000, +0.0000, +0.0000, +0.0000, +0.0000, +0.0000, +0.0000, +0.0000, +0.0000, +0.0000, +0.0000, +0.0000, +0.0000, +0.0000, +0.0000, +0.0000, +0.0000, +0.0000, +0.0000, +0.0000, +0.0000, +0.0000, +0.0000, +0.0000, +0.0000, +0.0000, +0.0000, +0.0000, +0.0000, +0.0000, +0.0000, +0.0000, +0.0000, +0.0000, +0.0000, +0.0000, +0.0000, +0.0000, +0.0000, +0.0000, +0.0000, +0.0000, +0.0000, +0.0000, +0.0000, +0.0000, +0.0000, +0.0000, +0.0000, +0.0000, +0.0000, +0.0000, +0.0000, +0.0000, +0.0000, +0.0000, +0.0000, +0.0000, +0.0000, +0.0000, +0.0000, +0.0000, +0.0000, +0.0000, +0.0000, +0.0000, +0.0000, +0.0000, +0.0000, +0.0000, +0.0000, +0.0000, +0.0000, +0.0000, +0.0000, +0.0000, +0.0000, +0.0000, +0.0000, +0.0000, +0.0000, +0.0000, +0.0000, +0.0000, +0.0000, +0.0000, +0.0000, +0.0000, +0.0000, +0.0000, +0.0000, +0.0000, +0.0000, +0.0000, +0.0000, +0.0003, +0.0000, +0.0000, +0.0000, +0.0000, +0.0000, +0.0000, +0.0000, +0.0000, +0.0000, +0.0000, +0.0000, +0.0000, +0.0000, +0.0000, +0.0000, +0.0000, +0.0000, +0.0000, +0.0000, +0.0000, +0.0000, +0.0000, +0.0000, +0.0000, +0.0000, +0.0000, +0.0000, +0.0000, +0.0000, +0.0000, +0.0000, +0.0000, +0.0000, +0.0000, +0.0000, +0.0000, +0.0000, +0.0000, +0.0000, +0.0000, +0.0000, +0.0000, +0.0000, +0.0000, +0.0000, +0.0000, +0.0000, +0.0000, +0.0000, +0.0000, +0.0000, +0.0000, +0.0000, +0.0000, +0.0000, +0.0000, +0.0000, +0.0000, +0.0000, +0.0000, +0.0000, +0.0000, +0.0000, +0.0000, +0.0000, +0.0000, +0.0000, +0.0000, +0.0000, +0.0000, +0.0000, +0.0000, +0.0000, +0.0000, +0.0000, +0.0000, +0.0000, +0.0000, +0.0000, +0.0000, +0.0000, +0.0000, +0.0000, +0.0000, +0.0000, +0.0000, +0.0000, +0.0000, +0.0000, +0.0000, +0.0000, +0.0000, +0.0000, +0.0000, +0.0000, +0.0000, +0.0000, +0.0000, +0.0000, +0.0000, +0.0000, +0.0000, +0.0000, +0.0000, +0.0000, +0.0000, +0.0000, +0.0000, +0.0000, +0.0000, +0.0000, +0.0000, +0.0000, +0.0000, +0.0000, +0.0000, +0.0000, +0.0000, +0.0000, +0.0000, +0.0000, +0.0000, +0.0000, +0.0000, +0.0000, +0.0000, +0.0000, +0.0000, +0.0000, +0.0000, +0.0000, +0.0000, +0.0000, +0.0000, +0.0000, +0.0000, +0.0000, +0.0000, +0.0000, +0.0000, +0.0000, +0.0000, +0.0000, +0.0000, +0.0000, +0.0000, +0.0000, +0.0000, +0.0000, +0.0000, +0.0000, +0.0000, +0.0000, +0.0000, +0.0000, +0.0000, +0.0000, +0.0000, +0.0000, +0.0000, +0.0000, +0.0000, +0.0000, +0.0000, +0.0000, +0.0000, +0.0000, +0.0000, +0.0000, +0.0000, +0.0000, +0.0000, +0.0000, +0.0000, +0.0000, +0.0000, +0.0000, +0.0000, +0.0000, +0.0000, +0.0000, +0.0000, +0.0000, +0.0000, +0.0000, +0.0000, +0.0000, +0.0000, +0.0000, +0.0000, +0.0000, +0.0000, +0.0000, +0.0000, +0.0000, +0.0000, +0.0000, +0.0000, +0.0000, +0.0000, +0.0000, +0.0000, +0.0000, +0.0000, +0.0000, +0.0000, +0.0000, +0.0000, +0.0000, +0.0000, +0.0000, +0.0000, +0.0000, +0.0000, +0.0000, +0.0000, +0.0000, +0.0000, +0.0000, +0.0000, +0.0000, +0.0000, +0.0000, +0.0000, +0.0000, +0.0000, +0.0000, +0.0000, +0.0000, +0.0000, +0.0000, +0.0000, +0.0000, +0.0000, +0.0000, +0.0000, +0.0000, +0.0000, +0.0000, +0.0000, +0.0000, +0.0000, +0.0000, +0.0000, +0.0000, +0.0000, +0.0000, +0.0000, +0.0000, +0.0000, +0.0000, +0.0000, +0.0000, +0.0000, +0.0000, +0.0000, +0.0000, +0.0000, +0.0000, +0.0000, +0.0000, +0.0000, +0.0000, +0.0000, +0.0000, +0.0000, +0.0000, +0.0000, +0.0000, +0.0000, +0.0000, +0.0000, +0.0000, +0.0000, +0.0000, +0.0000, +0.0000, +0.0000, +0.0000, +0.0000, +0.0000, +0.0000, +0.0000, +0.0000, +0.0000, +0.0000, +0.0000, +0.0000, +0.0000, +0.0000, +0.0000, +0.0000, +0.0000, +0.0000, +0.0000, +0.0000, +0.0000, +0.0000, +0.0000, +0.0000, +0.0000, +0.0000, +0.0000, +0.0000, +0.0000, +0.0000, +0.0000, +0.0000, +0.0000, +0.0000, +0.0000, +0.0000, +0.0000, +0.0000, +0.0000, +0.0000, +0.0000, +0.0000, +0.0000, +0.0000, +0.0000, +0.0000, +0.0000, +0.0000, +0.0000, +0.0000, +0.0000, +0.0000, +0.0000, +0.0000, +0.0000, +0.0000, +0.0000, +0.0000, +0.0000, +0.0000, +0.0000, +0.0000, +0.0000, +0.0000, +0.0000, +0.0000, +0.0000, +0.0000, +0.0000, +0.0000, +0.0000, +0.0000, +0.0000, +0.0000, +0.0000, +0.0000, +0.0000, +0.0000, +0.0000, +0.0000, +0.0000, +0.0000, +0.0000, +0.0000, +0.0000, +0.0000, +0.0000, +0.0000, +0.0000, +0.0000, +0.0000, +0.0000, +0.0000, +0.0000, +0.0000, +0.0000, +0.0000, +0.0000, +0.0000, +0.0000, +0.0000, +0.0000, +0.0000, +0.0000, +0.0000, +0.0000, +0.0000, +0.0000, +0.0000, +0.0000, +0.0000, +0.0000, +0.0000, +0.0000, +0.0000, +0.0000, +0.0000, +0.0000, +0.0000, +0.0000, +0.0000, +0.0000, +0.0000, +0.0000, +0.0000, +0.0000, +0.0000, +0.0000, +0.0000, +0.0000, +0.0000, +0.0000, +0.0000, +0.0000, +0.0000, +0.0000, +0.0000, +0.0000, +0.0000, +0.0000, +0.0000, +0.0000, +0.0000, +0.0000, +0.0000, +0.0000, +0.0000, +0.0000, +0.0000, +0.0000, +0.0000, +0.0000, +0.0000, +0.0000, +0.0000, +0.0000, +0.0000, +0.0000, +0.0000, +0.0000, +0.0000, +0.0000, +0.0000, +0.0000, +0.0000, +0.0000, +0.0000, +0.0000, +0.0000, +0.0000, +0.0000, +0.0000, +0.0000, +0.0000, +0.0000, +0.0000, +0.0000, +0.0000, +0.0000, +0.0000, +0.0000, +0.0000, +0.0000, +0.0000, +0.0000, +0.0000, +0.0000, +0.0000, +0.0000, +0.0000, +0.0000, +0.0000, +0.0000, +0.0000, +0.0000, +0.0000, +0.0000, +0.0000, +0.0000, +0.0000, +0.0000, +0.0000, +0.0000, +0.0000, +0.0000, +0.0000, +0.0000, +0.0000, +0.0000, +0.0000, +0.0000, +0.0000, +0.0000, +0.0000, +0.0000, +0.0000, +0.0000, +0.0000, +0.0000, +0.0000, +0.0000, +0.0000, +0.0000, +0.0000, +0.0000, +0.0000, +0.0000, +0.0000, +0.0000, +0.0000, +0.0000, +0.0000, +0.0000, +0.0000, +0.0000, +0.0000, +0.0000, +0.0000, +0.0000, +0.0000, +0.0000, +0.0000, +0.0000, +0.0000, +0.0000, +0.0000, +0.0000, +0.0000, +0.0000, +0.0000, +0.0000, +0.0000, +0.0000, +0.0000, +0.0000, +0.0000, +0.0000, +0.0000, +0.0000, +0.0000, +0.0000, +0.0000, +0.0000, +0.0000, +0.0000, +0.0000, +0.0000, +0.0000, +0.0000, +0.0000, +0.0000, +0.0000, +0.0000, +0.0000, +0.0000, +0.0000, +0.0000, +0.0000, +0.0000, +0.0000, +0.0000, +0.0000, +0.0000, +0.0000, +0.0000, +0.0000, +0.0000, +0.0000, +0.0000, +0.0000, +0.0000, +0.0000, +0.0000, +0.0000, +0.0000, +0.0000, +0.0000, +0.0000, +0.0000, +0.0000, +0.0000, +0.0000, +0.0000, +0.0000, +0.0000, +0.0000, +0.0000, +0.0000, +0.0000, +0.0000, +0.0000, +0.0000, +0.0000, +0.0000, +0.0000, +0.0000, +0.0000, +0.0000, +0.0000, +0.0000, +0.0000, +0.0000, +0.0000, +0.0000, +0.0000, +0.0000, +0.0000, +0.0000, +0.0000, +0.0000, +0.0000, +0.0000, +0.0000, +0.0000, +0.0000, +0.0000, +0.0000, +0.0000, +0.0000, +0.0000, +0.0000, +0.0000, +0.0000, +0.0000, +0.0000, +0.0000, +0.0000, +0.0000, +0.0000, +0.0000, +0.0000, +0.0000, +0.0000, +0.0000, +0.0000, +0.0000, +0.0000, +0.0000, +0.0000, +0.0000, +0.0000, +0.0000, +0.0000, +0.0000, +0.0000, +0.0000, +0.0000, +0.0000, +0.0000, +0.0000, +0.0000, +0.0000, +0.0000, +0.0000, +0.0000, +0.0000, +0.0000, +0.0000, +0.0000, +0.0000, +0.0000, +0.0000, +0.0000, +0.0000, +0.0000, +0.0000, +0.0000, +0.0000, +0.0000, +0.0000, +0.0000, +0.0000, +0.0000, +0.0000, +0.0000, +0.0000, +0.0000, +0.0000, +0.0000, +0.0000, +0.0000, +0.0000, +0.0000, +0.0000, +0.0000, +0.0000, +0.0000, +0.0000, +0.0000, +0.0000, +0.0000, +0.0000, +0.0000, +0.0000, +0.0000, +0.0000, +0.0000, +0.0000, +0.0000, +0.0000, +0.0000, +0.0000, +0.0000, +0.0000, +0.0000, +0.0000, +0.0000, +0.0000, +0.0000, +0.0000, +0.0000, +0.0000, +0.0000, +0.0000, +0.0000, +0.0000, +0.0000, +0.0000, +0.0000, +0.0000, +0.0000, +0.0000, +0.0000, +0.0000, +0.0000, +0.0000, +0.0000, +0.0000, +0.0000, +0.0000, +0.0000, +0.0000, +0.0000, +0.0000, +0.0000, +0.0000, +0.0000, +0.0000, +0.0000, +0.0000, +0.0000, +0.0000, +0.0000, +0.0000, +0.0000, +0.0000, +0.0000, +0.0000, +0.0000, +0.0000, +0.0000, +0.0000, +0.0000, +0.0000, +0.0000, +0.0000, +0.0000, +0.0000, +0.0000, +0.0000, +0.0000, +0.0000, +0.0000, +0.0000, +0.0000, +0.0000, +0.0000, +0.0000, +0.0000, +0.0000, +0.0000, +0.0000, +0.0000, +0.0000, +0.0000, +0.0000, +0.0000, +0.0000, +0.0000, +0.0000]
[main] saved params (seed 0) -> /juice6/u/jshe/emergent_partner_grid/dev/train_logs/final_universal_seed1_20260925_002403.safetensors
[eval] val: layouts_dir=/juice6/u/jshe/emergent_partner_grid/dev/grids_final/layouts/val, 64 episodes/z × 5 z-values...
[eval] val: round_success_overall=0.790  (n_rounds=6400)
[eval] val: per-z round-success:
    z=0.10  succ=0.773  n_rounds=1280
    z=0.30  succ=0.807  n_rounds=1280
    z=0.50  succ=0.779  n_rounds=1280
    z=0.70  succ=0.800  n_rounds=1280
    z=0.90  succ=0.791  n_rounds=1280
[eval] val: per-round-index success (across rounds):
    round= 0  succ=0.741  n=320
    round= 1  succ=0.791  n=320
    round= 2  succ=0.775  n=320
    round= 3  succ=0.781  n=320
    round= 4  succ=0.806  n=320
    round= 5  succ=0.784  n=320
    round= 6  succ=0.822  n=320
    round= 7  succ=0.809  n=320
    round= 8  succ=0.788  n=320
    round= 9  succ=0.834  n=320
    round=10  succ=0.806  n=320
    round=11  succ=0.775  n=320
    round=12  succ=0.784  n=320
    round=13  succ=0.781  n=320
    round=14  succ=0.797  n=320
    round=15  succ=0.812  n=320
    round=16  succ=0.784  n=320
    round=17  succ=0.781  n=320
    round=18  succ=0.788  n=320
    round=19  succ=0.759  n=320
[eval] test: layouts_dir=/juice6/u/jshe/emergent_partner_grid/dev/grids_final/layouts/test, 64 episodes/z × 5 z-values...
[eval] test: round_success_overall=0.731  (n_rounds=6400)
[eval] test: per-z round-success:
    z=0.10  succ=0.732  n_rounds=1280
    z=0.30  succ=0.737  n_rounds=1280
    z=0.50  succ=0.717  n_rounds=1280
    z=0.70  succ=0.752  n_rounds=1280
    z=0.90  succ=0.716  n_rounds=1280
[eval] test: per-round-index success (across rounds):
    round= 0  succ=0.675  n=320
    round= 1  succ=0.716  n=320
    round= 2  succ=0.694  n=320
    round= 3  succ=0.731  n=320
    round= 4  succ=0.747  n=320
    round= 5  succ=0.734  n=320
    round= 6  succ=0.744  n=320
    round= 7  succ=0.744  n=320
    round= 8  succ=0.719  n=320
    round= 9  succ=0.712  n=320
    round=10  succ=0.744  n=320
    round=11  succ=0.762  n=320
    round=12  succ=0.703  n=320
    round=13  succ=0.753  n=320
    round=14  succ=0.741  n=320
    round=15  succ=0.728  n=320
    round=16  succ=0.747  n=320
    round=17  succ=0.772  n=320
    round=18  succ=0.712  n=320
    round=19  succ=0.734  n=320
[eval] wrote per-z / per-round-index numbers -> /juice6/u/jshe/emergent_partner_grid/dev/train_logs/final_universal_seed1_20260925_002403_eval.json

=== done at Fri Sep 25 12:50:05 AM PDT 2026 ===
