=== Stage B training  (job=17586190, tag=stage_b_z1.0_seed1_20260924_134017) ===
REPO_ROOT      = /juice6/u/jshe/emergent_partner_grid
TRAIN_LAYOUTS  = /juice6/u/jshe/emergent_partner_grid/dev/grids/layouts/train
VAL_LAYOUTS    = /juice6/u/jshe/emergent_partner_grid/dev/grids/layouts/val
TEST_LAYOUTS   = /juice6/u/jshe/emergent_partner_grid/dev/grids/layouts/test
PARTNER_Z      = 1.0
TOTAL_TIMESTEPS= 20000000
NUM_ENVS       = 256   NUM_STEPS=32
SAVE_PARAMS    = /juice6/u/jshe/emergent_partner_grid/dev/train_logs/stage_b_z1.0_seed1_20260924_134017.safetensors
WANDB_MODE     = disabled
GPU visible:
GPU 0: NVIDIA A100-SXM4-80GB (UUID: GPU-97add670-f994-7438-8dcb-8a5b79c83868)

[main] compiling and running 1 seed(s)...
[u    1] env=     8192 succ=0.116 ret=-0.027 len=14.3 ent=2.708 aL=-0.0000 vL=0.2260 t0=[none=0.33 m0=0.30 m1=0.36]
[u    2] env=    16384 succ=0.128 ret=-0.014 len=14.3 ent=2.708 aL=-0.0001 vL=0.1415 t0=[none=0.36 m0=0.33 m1=0.31]
[u    3] env=    24576 succ=0.119 ret=-0.023 len=14.3 ent=2.708 aL=-0.0001 vL=0.0758 t0=[none=0.37 m0=0.30 m1=0.33]
[u    4] env=    32768 succ=0.127 ret=-0.016 len=14.4 ent=2.708 aL=-0.0001 vL=0.0414 t0=[none=0.35 m0=0.32 m1=0.32]
[u    5] env=    40960 succ=0.112 ret=-0.030 len=14.4 ent=2.708 aL=-0.0005 vL=0.0295 t0=[none=0.34 m0=0.31 m1=0.36]
[u    6] env=    49152 succ=0.112 ret=-0.031 len=14.4 ent=2.707 aL=-0.0005 vL=0.0253 t0=[none=0.34 m0=0.32 m1=0.33]
[u    7] env=    57344 succ=0.101 ret=-0.044 len=14.5 ent=2.707 aL=-0.0004 vL=0.0196 t0=[none=0.35 m0=0.32 m1=0.33]
[u    8] env=    65536 succ=0.118 ret=-0.024 len=14.3 ent=2.707 aL=-0.0000 vL=0.0226 t0=[none=0.33 m0=0.32 m1=0.35]
[u    9] env=    73728 succ=0.106 ret=-0.037 len=14.5 ent=2.707 aL=-0.0002 vL=0.0196 t0=[none=0.30 m0=0.33 m1=0.37]
[u   10] env=    81920 succ=0.108 ret=-0.036 len=14.5 ent=2.707 aL=-0.0002 vL=0.0210 t0=[none=0.35 m0=0.34 m1=0.32]
[u   11] env=    90112 succ=0.112 ret=-0.032 len=14.5 ent=2.706 aL=-0.0006 vL=0.0210 t0=[none=0.36 m0=0.31 m1=0.32]
[u   12] env=    98304 succ=0.107 ret=-0.037 len=14.5 ent=2.705 aL=-0.0005 vL=0.0203 t0=[none=0.31 m0=0.33 m1=0.36]
[u   13] env=   106496 succ=0.089 ret=-0.055 len=14.5 ent=2.703 aL=-0.0009 vL=0.0167 t0=[none=0.34 m0=0.32 m1=0.34]
[u   14] env=   114688 succ=0.096 ret=-0.048 len=14.6 ent=2.700 aL=-0.0008 vL=0.0180 t0=[none=0.33 m0=0.35 m1=0.33]
[u   15] env=   122880 succ=0.110 ret=-0.033 len=14.4 ent=2.699 aL=-0.0004 vL=0.0195 t0=[none=0.30 m0=0.33 m1=0.37]
[u   16] env=   131072 succ=0.122 ret=-0.021 len=14.4 ent=2.699 aL=-0.0010 vL=0.0218 t0=[none=0.34 m0=0.28 m1=0.38]
[u   17] env=   139264 succ=0.108 ret=-0.036 len=14.4 ent=2.695 aL=-0.0012 vL=0.0181 t0=[none=0.35 m0=0.30 m1=0.34]
[u   18] env=   147456 succ=0.120 ret=-0.024 len=14.4 ent=2.692 aL=-0.0011 vL=0.0220 t0=[none=0.37 m0=0.30 m1=0.34]
[u   19] env=   155648 succ=0.111 ret=-0.032 len=14.4 ent=2.692 aL=-0.0013 vL=0.0197 t0=[none=0.33 m0=0.33 m1=0.34]
[u   20] env=   163840 succ=0.104 ret=-0.040 len=14.5 ent=2.690 aL=-0.0011 vL=0.0195 t0=[none=0.33 m0=0.30 m1=0.37]
[u   21] env=   172032 succ=0.127 ret=-0.015 len=14.4 ent=2.689 aL=-0.0009 vL=0.0221 t0=[none=0.30 m0=0.34 m1=0.36]
[u   22] env=   180224 succ=0.112 ret=-0.032 len=14.5 ent=2.685 aL=-0.0022 vL=0.0192 t0=[none=0.33 m0=0.32 m1=0.35]
[u   23] env=   188416 succ=0.125 ret=-0.017 len=14.4 ent=2.668 aL=-0.0025 vL=0.0223 t0=[none=0.30 m0=0.27 m1=0.43]
[u   24] env=   196608 succ=0.111 ret=-0.032 len=14.4 ent=2.652 aL=-0.0011 vL=0.0214 t0=[none=0.32 m0=0.27 m1=0.41]
[u   25] env=   204800 succ=0.112 ret=-0.031 len=14.4 ent=2.635 aL=-0.0004 vL=0.0192 t0=[none=0.32 m0=0.29 m1=0.38]
[u   26] env=   212992 succ=0.125 ret=-0.017 len=14.3 ent=2.624 aL=-0.0002 vL=0.0210 t0=[none=0.34 m0=0.29 m1=0.37]
[u   27] env=   221184 succ=0.114 ret=-0.029 len=14.4 ent=2.625 aL=-0.0016 vL=0.0195 t0=[none=0.35 m0=0.30 m1=0.36]
[u   28] env=   229376 succ=0.102 ret=-0.041 len=14.5 ent=2.640 aL=-0.0015 vL=0.0174 t0=[none=0.29 m0=0.31 m1=0.40]
[u   29] env=   237568 succ=0.111 ret=-0.032 len=14.4 ent=2.630 aL=-0.0016 vL=0.0203 t0=[none=0.33 m0=0.29 m1=0.38]
[u   30] env=   245760 succ=0.122 ret=-0.021 len=14.4 ent=2.618 aL=-0.0018 vL=0.0209 t0=[none=0.34 m0=0.29 m1=0.38]
[u   31] env=   253952 succ=0.114 ret=-0.028 len=14.4 ent=2.607 aL=-0.0015 vL=0.0197 t0=[none=0.35 m0=0.23 m1=0.42]
[u   32] env=   262144 succ=0.133 ret=-0.009 len=14.3 ent=2.585 aL=-0.0027 vL=0.0215 t0=[none=0.30 m0=0.26 m1=0.44]
[u   33] env=   270336 succ=0.134 ret=-0.007 len=14.3 ent=2.555 aL=-0.0017 vL=0.0223 t0=[none=0.33 m0=0.24 m1=0.42]
[u   34] env=   278528 succ=0.128 ret=-0.015 len=14.4 ent=2.530 aL=-0.0029 vL=0.0210 t0=[none=0.31 m0=0.25 m1=0.44]
[u   35] env=   286720 succ=0.116 ret=-0.027 len=14.4 ent=2.524 aL=-0.0032 vL=0.0196 t0=[none=0.32 m0=0.24 m1=0.44]
[u   36] env=   294912 succ=0.113 ret=-0.030 len=14.4 ent=2.507 aL=-0.0032 vL=0.0194 t0=[none=0.32 m0=0.21 m1=0.47]
[u   37] env=   303104 succ=0.109 ret=-0.034 len=14.4 ent=2.508 aL=-0.0020 vL=0.0180 t0=[none=0.29 m0=0.24 m1=0.46]
[u   38] env=   311296 succ=0.121 ret=-0.020 len=14.3 ent=2.505 aL=-0.0031 vL=0.0211 t0=[none=0.31 m0=0.22 m1=0.47]
[u   39] env=   319488 succ=0.142 ret=+0.001 len=14.2 ent=2.477 aL=-0.0032 vL=0.0212 t0=[none=0.32 m0=0.25 m1=0.43]
[u   40] env=   327680 succ=0.113 ret=-0.030 len=14.4 ent=2.430 aL=-0.0021 vL=0.0185 t0=[none=0.33 m0=0.26 m1=0.41]
[u   41] env=   335872 succ=0.119 ret=-0.024 len=14.4 ent=2.383 aL=-0.0021 vL=0.0190 t0=[none=0.35 m0=0.20 m1=0.45]
[u   42] env=   344064 succ=0.134 ret=-0.008 len=14.3 ent=2.337 aL=-0.0034 vL=0.0212 t0=[none=0.36 m0=0.23 m1=0.41]
[u   43] env=   352256 succ=0.119 ret=-0.023 len=14.3 ent=2.282 aL=-0.0022 vL=0.0181 t0=[none=0.38 m0=0.17 m1=0.46]
[u   44] env=   360448 succ=0.126 ret=-0.015 len=14.3 ent=2.313 aL=-0.0010 vL=0.0199 t0=[none=0.37 m0=0.18 m1=0.45]
[u   45] env=   368640 succ=0.108 ret=-0.036 len=14.4 ent=2.298 aL=-0.0025 vL=0.0199 t0=[none=0.35 m0=0.15 m1=0.50]
[u   46] env=   376832 succ=0.112 ret=-0.031 len=14.4 ent=2.316 aL=-0.0043 vL=0.0191 t0=[none=0.42 m0=0.14 m1=0.44]
[u   47] env=   385024 succ=0.100 ret=-0.044 len=14.5 ent=2.298 aL=-0.0042 vL=0.0157 t0=[none=0.42 m0=0.15 m1=0.43]
[u   48] env=   393216 succ=0.120 ret=-0.023 len=14.4 ent=2.284 aL=-0.0019 vL=0.0199 t0=[none=0.42 m0=0.13 m1=0.46]
[u   49] env=   401408 succ=0.118 ret=-0.025 len=14.4 ent=2.276 aL=-0.0030 vL=0.0208 t0=[none=0.34 m0=0.17 m1=0.50]
[u   50] env=   409600 succ=0.132 ret=-0.009 len=14.2 ent=2.279 aL=-0.0058 vL=0.0205 t0=[none=0.42 m0=0.14 m1=0.44]
[u   51] env=   417792 succ=0.118 ret=-0.025 len=14.4 ent=2.291 aL=-0.0042 vL=0.0202 t0=[none=0.40 m0=0.14 m1=0.46]
[u   52] env=   425984 succ=0.099 ret=-0.046 len=14.5 ent=2.320 aL=-0.0031 vL=0.0180 t0=[none=0.40 m0=0.13 m1=0.47]
[u   53] env=   434176 succ=0.117 ret=-0.026 len=14.4 ent=2.347 aL=-0.0047 vL=0.0198 t0=[none=0.39 m0=0.16 m1=0.45]
[u   54] env=   442368 succ=0.141 ret=-0.000 len=14.2 ent=2.383 aL=-0.0041 vL=0.0226 t0=[none=0.39 m0=0.16 m1=0.45]
[u   55] env=   450560 succ=0.107 ret=-0.035 len=14.4 ent=2.385 aL=-0.0032 vL=0.0162 t0=[none=0.38 m0=0.19 m1=0.44]
[u   56] env=   458752 succ=0.121 ret=-0.021 len=14.4 ent=2.394 aL=-0.0052 vL=0.0199 t0=[none=0.34 m0=0.16 m1=0.50]
[u   57] env=   466944 succ=0.135 ret=-0.007 len=14.3 ent=2.372 aL=-0.0057 vL=0.0207 t0=[none=0.33 m0=0.15 m1=0.52]
[u   58] env=   475136 succ=0.138 ret=-0.004 len=14.3 ent=2.346 aL=-0.0083 vL=0.0231 t0=[none=0.35 m0=0.16 m1=0.49]
[u   59] env=   483328 succ=0.167 ret=+0.029 len=14.0 ent=2.366 aL=-0.0051 vL=0.0252 t0=[none=0.31 m0=0.17 m1=0.52]
[u   60] env=   491520 succ=0.167 ret=+0.027 len=14.2 ent=2.287 aL=-0.0073 vL=0.0262 t0=[none=0.29 m0=0.16 m1=0.55]
[u   61] env=   499712 succ=0.166 ret=+0.029 len=14.0 ent=2.336 aL=-0.0062 vL=0.0254 t0=[none=0.33 m0=0.15 m1=0.52]
[u   62] env=   507904 succ=0.145 ret=+0.005 len=14.1 ent=2.329 aL=-0.0096 vL=0.0223 t0=[none=0.30 m0=0.16 m1=0.54]
[u   63] env=   516096 succ=0.137 ret=-0.003 len=14.2 ent=2.310 aL=-0.0056 vL=0.0220 t0=[none=0.27 m0=0.16 m1=0.57]
[u   64] env=   524288 succ=0.146 ret=+0.007 len=14.1 ent=2.260 aL=-0.0077 vL=0.0230 t0=[none=0.27 m0=0.19 m1=0.54]
[u   65] env=   532480 succ=0.155 ret=+0.015 len=14.1 ent=2.252 aL=-0.0094 vL=0.0230 t0=[none=0.29 m0=0.12 m1=0.59]
[u   66] env=   540672 succ=0.180 ret=+0.042 len=14.0 ent=2.236 aL=-0.0075 vL=0.0251 t0=[none=0.26 m0=0.11 m1=0.64]
[u   67] env=   548864 succ=0.175 ret=+0.038 len=13.9 ent=2.185 aL=-0.0078 vL=0.0238 t0=[none=0.28 m0=0.11 m1=0.61]
[u   68] env=   557056 succ=0.195 ret=+0.057 len=13.9 ent=2.154 aL=-0.0092 vL=0.0288 t0=[none=0.28 m0=0.11 m1=0.62]
[u   69] env=   565248 succ=0.192 ret=+0.053 len=14.0 ent=2.209 aL=-0.0082 vL=0.0287 t0=[none=0.25 m0=0.15 m1=0.61]
[u   70] env=   573440 succ=0.190 ret=+0.053 len=13.9 ent=2.205 aL=-0.0088 vL=0.0266 t0=[none=0.25 m0=0.12 m1=0.63]
[u   71] env=   581632 succ=0.206 ret=+0.072 len=13.7 ent=2.186 aL=-0.0118 vL=0.0237 t0=[none=0.26 m0=0.12 m1=0.62]
[u   72] env=   589824 succ=0.226 ret=+0.090 len=13.8 ent=2.212 aL=-0.0112 vL=0.0304 t0=[none=0.22 m0=0.13 m1=0.65]
[u   73] env=   598016 succ=0.244 ret=+0.111 len=13.5 ent=2.132 aL=-0.0108 vL=0.0283 t0=[none=0.21 m0=0.12 m1=0.66]
[u   74] env=   606208 succ=0.255 ret=+0.123 len=13.4 ent=2.187 aL=-0.0118 vL=0.0307 t0=[none=0.24 m0=0.14 m1=0.62]
[u   75] env=   614400 succ=0.246 ret=+0.113 len=13.6 ent=2.183 aL=-0.0137 vL=0.0300 t0=[none=0.22 m0=0.11 m1=0.67]
[u   76] env=   622592 succ=0.250 ret=+0.117 len=13.6 ent=2.168 aL=-0.0117 vL=0.0327 t0=[none=0.20 m0=0.14 m1=0.66]
[u   77] env=   630784 succ=0.258 ret=+0.126 len=13.4 ent=2.169 aL=-0.0122 vL=0.0324 t0=[none=0.23 m0=0.14 m1=0.64]
[u   78] env=   638976 succ=0.256 ret=+0.126 len=13.3 ent=2.179 aL=-0.0144 vL=0.0275 t0=[none=0.19 m0=0.14 m1=0.67]
[u   79] env=   647168 succ=0.266 ret=+0.136 len=13.3 ent=2.164 aL=-0.0145 vL=0.0311 t0=[none=0.21 m0=0.16 m1=0.64]
[u   80] env=   655360 succ=0.270 ret=+0.140 len=13.3 ent=2.201 aL=-0.0118 vL=0.0293 t0=[none=0.19 m0=0.16 m1=0.65]
[u   81] env=   663552 succ=0.293 ret=+0.164 len=13.2 ent=2.186 aL=-0.0156 vL=0.0337 t0=[none=0.19 m0=0.15 m1=0.66]
[u   82] env=   671744 succ=0.301 ret=+0.173 len=13.1 ent=2.154 aL=-0.0151 vL=0.0311 t0=[none=0.19 m0=0.14 m1=0.67]
[u   83] env=   679936 succ=0.272 ret=+0.142 len=13.2 ent=2.164 aL=-0.0169 vL=0.0290 t0=[none=0.21 m0=0.16 m1=0.62]
[u   84] env=   688128 succ=0.300 ret=+0.173 len=13.1 ent=2.182 aL=-0.0182 vL=0.0308 t0=[none=0.20 m0=0.19 m1=0.61]
[u   85] env=   696320 succ=0.324 ret=+0.198 len=12.9 ent=2.142 aL=-0.0159 vL=0.0314 t0=[none=0.17 m0=0.16 m1=0.67]
[u   86] env=   704512 succ=0.330 ret=+0.204 len=12.9 ent=2.113 aL=-0.0190 vL=0.0348 t0=[none=0.20 m0=0.17 m1=0.63]
[u   87] env=   712704 succ=0.342 ret=+0.217 len=12.8 ent=2.116 aL=-0.0174 vL=0.0366 t0=[none=0.17 m0=0.18 m1=0.64]
[u   88] env=   720896 succ=0.343 ret=+0.219 len=12.8 ent=2.074 aL=-0.0196 vL=0.0364 t0=[none=0.18 m0=0.19 m1=0.62]
[u   89] env=   729088 succ=0.331 ret=+0.205 len=12.9 ent=2.114 aL=-0.0206 vL=0.0334 t0=[none=0.22 m0=0.20 m1=0.58]
[u   90] env=   737280 succ=0.304 ret=+0.176 len=13.2 ent=2.142 aL=-0.0192 vL=0.0339 t0=[none=0.19 m0=0.24 m1=0.57]
[u   91] env=   745472 succ=0.380 ret=+0.258 len=12.6 ent=2.116 aL=-0.0214 vL=0.0366 t0=[none=0.18 m0=0.22 m1=0.61]
[u   92] env=   753664 succ=0.402 ret=+0.282 len=12.4 ent=2.099 aL=-0.0238 vL=0.0381 t0=[none=0.19 m0=0.24 m1=0.57]
[u   93] env=   761856 succ=0.357 ret=+0.233 len=12.7 ent=2.054 aL=-0.0228 vL=0.0336 t0=[none=0.18 m0=0.23 m1=0.59]
[u   94] env=   770048 succ=0.432 ret=+0.315 len=12.1 ent=2.043 aL=-0.0274 vL=0.0365 t0=[none=0.18 m0=0.27 m1=0.56]
[u   95] env=   778240 succ=0.406 ret=+0.287 len=12.3 ent=2.015 aL=-0.0255 vL=0.0377 t0=[none=0.15 m0=0.26 m1=0.59]
[u   96] env=   786432 succ=0.427 ret=+0.311 len=12.0 ent=1.973 aL=-0.0273 vL=0.0351 t0=[none=0.16 m0=0.27 m1=0.56]
[u   97] env=   794624 succ=0.433 ret=+0.316 len=12.2 ent=1.958 aL=-0.0273 vL=0.0408 t0=[none=0.14 m0=0.32 m1=0.54]
[u   98] env=   802816 succ=0.432 ret=+0.316 len=12.0 ent=1.923 aL=-0.0286 vL=0.0359 t0=[none=0.14 m0=0.32 m1=0.55]
[u   99] env=   811008 succ=0.477 ret=+0.364 len=11.7 ent=1.883 aL=-0.0311 vL=0.0389 t0=[none=0.16 m0=0.29 m1=0.55]
[u  100] env=   819200 succ=0.507 ret=+0.397 len=11.5 ent=1.880 aL=-0.0245 vL=0.0389 t0=[none=0.14 m0=0.28 m1=0.57]
[u  101] env=   827392 succ=0.519 ret=+0.409 len=11.5 ent=1.884 aL=-0.0284 vL=0.0411 t0=[none=0.16 m0=0.32 m1=0.52]
[u  102] env=   835584 succ=0.479 ret=+0.368 len=11.6 ent=1.860 aL=-0.0282 vL=0.0345 t0=[none=0.12 m0=0.34 m1=0.54]
[u  103] env=   843776 succ=0.567 ret=+0.464 len=10.8 ent=1.764 aL=-0.0297 vL=0.0378 t0=[none=0.10 m0=0.29 m1=0.61]
[u  104] env=   851968 succ=0.584 ret=+0.481 len=10.9 ent=1.748 aL=-0.0285 vL=0.0379 t0=[none=0.12 m0=0.29 m1=0.59]
[u  105] env=   860160 succ=0.578 ret=+0.475 len=10.9 ent=1.728 aL=-0.0322 vL=0.0392 t0=[none=0.10 m0=0.33 m1=0.57]
[u  106] env=   868352 succ=0.577 ret=+0.475 len=10.8 ent=1.728 aL=-0.0312 vL=0.0352 t0=[none=0.11 m0=0.35 m1=0.55]
[u  107] env=   876544 succ=0.595 ret=+0.494 len=10.7 ent=1.697 aL=-0.0258 vL=0.0351 t0=[none=0.11 m0=0.31 m1=0.58]
[u  108] env=   884736 succ=0.603 ret=+0.500 len=10.9 ent=1.757 aL=-0.0339 vL=0.0402 t0=[none=0.12 m0=0.36 m1=0.52]
[u  109] env=   892928 succ=0.613 ret=+0.512 len=10.6 ent=1.718 aL=-0.0327 vL=0.0388 t0=[none=0.12 m0=0.38 m1=0.51]
[u  110] env=   901120 succ=0.616 ret=+0.517 len=10.5 ent=1.685 aL=-0.0298 vL=0.0365 t0=[none=0.10 m0=0.34 m1=0.56]
[u  111] env=   909312 succ=0.615 ret=+0.516 len=10.5 ent=1.697 aL=-0.0325 vL=0.0348 t0=[none=0.10 m0=0.37 m1=0.53]
[u  112] env=   917504 succ=0.598 ret=+0.496 len=10.8 ent=1.701 aL=-0.0319 vL=0.0344 t0=[none=0.10 m0=0.36 m1=0.53]
[u  113] env=   925696 succ=0.663 ret=+0.568 len=10.2 ent=1.623 aL=-0.0300 vL=0.0356 t0=[none=0.09 m0=0.37 m1=0.54]
[u  114] env=   933888 succ=0.637 ret=+0.539 len=10.5 ent=1.616 aL=-0.0305 vL=0.0308 t0=[none=0.08 m0=0.36 m1=0.56]
[u  115] env=   942080 succ=0.672 ret=+0.576 len=10.3 ent=1.561 aL=-0.0283 vL=0.0317 t0=[none=0.08 m0=0.36 m1=0.56]
[u  116] env=   950272 succ=0.674 ret=+0.579 len=10.3 ent=1.523 aL=-0.0334 vL=0.0314 t0=[none=0.07 m0=0.37 m1=0.56]
[u  117] env=   958464 succ=0.704 ret=+0.612 len=10.0 ent=1.494 aL=-0.0331 vL=0.0314 t0=[none=0.07 m0=0.40 m1=0.53]
[u  118] env=   966656 succ=0.711 ret=+0.620 len= 9.7 ent=1.466 aL=-0.0278 vL=0.0260 t0=[none=0.04 m0=0.34 m1=0.61]
[u  119] env=   974848 succ=0.716 ret=+0.624 len= 9.8 ent=1.488 aL=-0.0321 vL=0.0276 t0=[none=0.06 m0=0.42 m1=0.52]
[u  120] env=   983040 succ=0.717 ret=+0.627 len= 9.7 ent=1.437 aL=-0.0313 vL=0.0296 t0=[none=0.07 m0=0.38 m1=0.55]
[u  121] env=   991232 succ=0.731 ret=+0.642 len= 9.6 ent=1.398 aL=-0.0304 vL=0.0286 t0=[none=0.05 m0=0.42 m1=0.53]
[u  122] env=   999424 succ=0.748 ret=+0.658 len= 9.7 ent=1.371 aL=-0.0249 vL=0.0298 t0=[none=0.05 m0=0.40 m1=0.55]
[u  123] env=  1007616 succ=0.757 ret=+0.668 len= 9.6 ent=1.355 aL=-0.0293 vL=0.0259 t0=[none=0.04 m0=0.39 m1=0.57]
[u  124] env=  1015808 succ=0.752 ret=+0.664 len= 9.6 ent=1.340 aL=-0.0240 vL=0.0290 t0=[none=0.03 m0=0.41 m1=0.56]
[u  125] env=  1024000 succ=0.781 ret=+0.696 len= 9.2 ent=1.317 aL=-0.0296 vL=0.0292 t0=[none=0.03 m0=0.41 m1=0.56]
[u  126] env=  1032192 succ=0.769 ret=+0.681 len= 9.6 ent=1.315 aL=-0.0282 vL=0.0307 t0=[none=0.04 m0=0.36 m1=0.59]
[u  127] env=  1040384 succ=0.796 ret=+0.712 len= 9.1 ent=1.268 aL=-0.0297 vL=0.0243 t0=[none=0.04 m0=0.41 m1=0.55]
[u  128] env=  1048576 succ=0.788 ret=+0.701 len= 9.5 ent=1.285 aL=-0.0270 vL=0.0289 t0=[none=0.03 m0=0.47 m1=0.51]
[u  129] env=  1056768 succ=0.788 ret=+0.703 len= 9.3 ent=1.238 aL=-0.0309 vL=0.0275 t0=[none=0.04 m0=0.41 m1=0.55]
[u  130] env=  1064960 succ=0.805 ret=+0.723 len= 9.0 ent=1.184 aL=-0.0304 vL=0.0228 t0=[none=0.02 m0=0.43 m1=0.55]
[u  131] env=  1073152 succ=0.826 ret=+0.745 len= 9.0 ent=1.158 aL=-0.0256 vL=0.0246 t0=[none=0.03 m0=0.40 m1=0.57]
[u  132] env=  1081344 succ=0.818 ret=+0.735 len= 9.1 ent=1.162 aL=-0.0240 vL=0.0249 t0=[none=0.02 m0=0.40 m1=0.57]
[u  133] env=  1089536 succ=0.844 ret=+0.764 len= 8.9 ent=1.146 aL=-0.0274 vL=0.0229 t0=[none=0.02 m0=0.39 m1=0.58]
[u  134] env=  1097728 succ=0.825 ret=+0.742 len= 9.0 ent=1.152 aL=-0.0241 vL=0.0227 t0=[none=0.03 m0=0.39 m1=0.58]
[u  135] env=  1105920 succ=0.841 ret=+0.758 len= 9.1 ent=1.130 aL=-0.0207 vL=0.0216 t0=[none=0.02 m0=0.40 m1=0.58]
[u  136] env=  1114112 succ=0.839 ret=+0.756 len= 9.2 ent=1.129 aL=-0.0264 vL=0.0193 t0=[none=0.03 m0=0.38 m1=0.59]
[u  137] env=  1122304 succ=0.852 ret=+0.772 len= 8.9 ent=1.103 aL=-0.0258 vL=0.0187 t0=[none=0.01 m0=0.38 m1=0.60]
[u  138] env=  1130496 succ=0.860 ret=+0.780 len= 8.9 ent=1.056 aL=-0.0214 vL=0.0190 t0=[none=0.03 m0=0.37 m1=0.60]
[u  139] env=  1138688 succ=0.830 ret=+0.749 len= 9.0 ent=1.063 aL=-0.0238 vL=0.0213 t0=[none=0.02 m0=0.38 m1=0.60]
[u  140] env=  1146880 succ=0.863 ret=+0.783 len= 8.8 ent=1.014 aL=-0.0247 vL=0.0189 t0=[none=0.02 m0=0.38 m1=0.60]
[u  141] env=  1155072 succ=0.834 ret=+0.751 len= 9.1 ent=1.051 aL=-0.0231 vL=0.0223 t0=[none=0.02 m0=0.40 m1=0.58]
[u  142] env=  1163264 succ=0.878 ret=+0.801 len= 8.6 ent=0.979 aL=-0.0208 vL=0.0171 t0=[none=0.02 m0=0.35 m1=0.63]
[u  143] env=  1171456 succ=0.876 ret=+0.799 len= 8.6 ent=0.986 aL=-0.0203 vL=0.0170 t0=[none=0.02 m0=0.39 m1=0.59]
[u  144] env=  1179648 succ=0.888 ret=+0.812 len= 8.5 ent=0.968 aL=-0.0231 vL=0.0197 t0=[none=0.03 m0=0.37 m1=0.61]
[u  145] env=  1187840 succ=0.858 ret=+0.778 len= 8.9 ent=0.965 aL=-0.0234 vL=0.0191 t0=[none=0.02 m0=0.39 m1=0.58]
[u  146] env=  1196032 succ=0.870 ret=+0.793 len= 8.6 ent=0.938 aL=-0.0233 vL=0.0184 t0=[none=0.02 m0=0.40 m1=0.57]
[u  147] env=  1204224 succ=0.885 ret=+0.808 len= 8.6 ent=0.951 aL=-0.0211 vL=0.0167 t0=[none=0.02 m0=0.38 m1=0.60]
[u  148] env=  1212416 succ=0.871 ret=+0.792 len= 8.7 ent=0.952 aL=-0.0205 vL=0.0186 t0=[none=0.01 m0=0.38 m1=0.61]
[u  149] env=  1220608 succ=0.909 ret=+0.834 len= 8.4 ent=0.943 aL=-0.0201 vL=0.0174 t0=[none=0.02 m0=0.39 m1=0.58]
[u  150] env=  1228800 succ=0.898 ret=+0.822 len= 8.5 ent=0.937 aL=-0.0254 vL=0.0184 t0=[none=0.03 m0=0.37 m1=0.60]
[u  151] env=  1236992 succ=0.884 ret=+0.808 len= 8.5 ent=0.911 aL=-0.0242 vL=0.0194 t0=[none=0.03 m0=0.35 m1=0.62]
[u  152] env=  1245184 succ=0.881 ret=+0.803 len= 8.6 ent=0.940 aL=-0.0259 vL=0.0181 t0=[none=0.03 m0=0.41 m1=0.57]
[u  153] env=  1253376 succ=0.884 ret=+0.807 len= 8.6 ent=0.896 aL=-0.0208 vL=0.0189 t0=[none=0.02 m0=0.36 m1=0.62]
[u  154] env=  1261568 succ=0.900 ret=+0.824 len= 8.5 ent=0.913 aL=-0.0240 vL=0.0125 t0=[none=0.03 m0=0.39 m1=0.58]
[u  155] env=  1269760 succ=0.887 ret=+0.811 len= 8.5 ent=0.904 aL=-0.0208 vL=0.0180 t0=[none=0.03 m0=0.39 m1=0.58]
[u  156] env=  1277952 succ=0.870 ret=+0.791 len= 8.7 ent=0.879 aL=-0.0233 vL=0.0183 t0=[none=0.03 m0=0.39 m1=0.58]
[u  157] env=  1286144 succ=0.880 ret=+0.805 len= 8.4 ent=0.881 aL=-0.0199 vL=0.0151 t0=[none=0.02 m0=0.38 m1=0.61]
[u  158] env=  1294336 succ=0.903 ret=+0.830 len= 8.3 ent=0.828 aL=-0.0207 vL=0.0127 t0=[none=0.02 m0=0.37 m1=0.61]
[u  159] env=  1302528 succ=0.887 ret=+0.810 len= 8.6 ent=0.849 aL=-0.0192 vL=0.0165 t0=[none=0.02 m0=0.35 m1=0.63]
[u  160] env=  1310720 succ=0.885 ret=+0.808 len= 8.6 ent=0.835 aL=-0.0223 vL=0.0160 t0=[none=0.02 m0=0.38 m1=0.60]
[u  161] env=  1318912 succ=0.908 ret=+0.835 len= 8.2 ent=0.799 aL=-0.0198 vL=0.0127 t0=[none=0.02 m0=0.36 m1=0.62]
[u  162] env=  1327104 succ=0.897 ret=+0.821 len= 8.5 ent=0.823 aL=-0.0186 vL=0.0162 t0=[none=0.02 m0=0.38 m1=0.61]
[u  163] env=  1335296 succ=0.904 ret=+0.829 len= 8.4 ent=0.802 aL=-0.0178 vL=0.0123 t0=[none=0.02 m0=0.38 m1=0.60]
[u  164] env=  1343488 succ=0.897 ret=+0.820 len= 8.6 ent=0.813 aL=-0.0188 vL=0.0152 t0=[none=0.02 m0=0.39 m1=0.59]
[u  165] env=  1351680 succ=0.902 ret=+0.828 len= 8.3 ent=0.792 aL=-0.0181 vL=0.0143 t0=[none=0.02 m0=0.39 m1=0.60]
[u  166] env=  1359872 succ=0.924 ret=+0.851 len= 8.2 ent=0.782 aL=-0.0202 vL=0.0120 t0=[none=0.02 m0=0.37 m1=0.62]
[u  167] env=  1368064 succ=0.911 ret=+0.836 len= 8.4 ent=0.765 aL=-0.0179 vL=0.0120 t0=[none=0.02 m0=0.38 m1=0.60]
[u  168] env=  1376256 succ=0.916 ret=+0.843 len= 8.2 ent=0.751 aL=-0.0191 vL=0.0121 t0=[none=0.02 m0=0.39 m1=0.58]
[u  169] env=  1384448 succ=0.883 ret=+0.809 len= 8.3 ent=0.752 aL=-0.0183 vL=0.0155 t0=[none=0.01 m0=0.35 m1=0.63]
[u  170] env=  1392640 succ=0.923 ret=+0.851 len= 8.1 ent=0.736 aL=-0.0165 vL=0.0111 t0=[none=0.02 m0=0.39 m1=0.59]
[u  171] env=  1400832 succ=0.905 ret=+0.832 len= 8.2 ent=0.747 aL=-0.0179 vL=0.0137 t0=[none=0.02 m0=0.38 m1=0.60]
[u  172] env=  1409024 succ=0.903 ret=+0.828 len= 8.4 ent=0.737 aL=-0.0162 vL=0.0126 t0=[none=0.02 m0=0.39 m1=0.59]
[u  173] env=  1417216 succ=0.917 ret=+0.843 len= 8.4 ent=0.699 aL=-0.0159 vL=0.0128 t0=[none=0.02 m0=0.35 m1=0.62]
[u  174] env=  1425408 succ=0.908 ret=+0.835 len= 8.2 ent=0.721 aL=-0.0215 vL=0.0120 t0=[none=0.02 m0=0.38 m1=0.60]
[u  175] env=  1433600 succ=0.928 ret=+0.856 len= 8.1 ent=0.682 aL=-0.0177 vL=0.0085 t0=[none=0.02 m0=0.40 m1=0.58]
[u  176] env=  1441792 succ=0.907 ret=+0.833 len= 8.3 ent=0.708 aL=-0.0188 vL=0.0141 t0=[none=0.03 m0=0.38 m1=0.60]
[u  177] env=  1449984 succ=0.897 ret=+0.821 len= 8.5 ent=0.711 aL=-0.0139 vL=0.0149 t0=[none=0.03 m0=0.38 m1=0.59]
[u  178] env=  1458176 succ=0.918 ret=+0.844 len= 8.3 ent=0.681 aL=-0.0142 vL=0.0134 t0=[none=0.01 m0=0.36 m1=0.63]
[u  179] env=  1466368 succ=0.922 ret=+0.850 len= 8.1 ent=0.669 aL=-0.0206 vL=0.0111 t0=[none=0.01 m0=0.35 m1=0.64]
[u  180] env=  1474560 succ=0.904 ret=+0.830 len= 8.4 ent=0.677 aL=-0.0187 vL=0.0188 t0=[none=0.02 m0=0.35 m1=0.63]
[u  181] env=  1482752 succ=0.925 ret=+0.852 len= 8.2 ent=0.675 aL=-0.0180 vL=0.0134 t0=[none=0.02 m0=0.36 m1=0.62]
[u  182] env=  1490944 succ=0.939 ret=+0.869 len= 8.0 ent=0.665 aL=-0.0224 vL=0.0103 t0=[none=0.01 m0=0.38 m1=0.61]
[u  183] env=  1499136 succ=0.927 ret=+0.857 len= 8.0 ent=0.672 aL=-0.0164 vL=0.0129 t0=[none=0.02 m0=0.35 m1=0.62]
[u  184] env=  1507328 succ=0.914 ret=+0.840 len= 8.2 ent=0.675 aL=-0.0211 vL=0.0150 t0=[none=0.02 m0=0.39 m1=0.59]
[u  185] env=  1515520 succ=0.934 ret=+0.863 len= 8.0 ent=0.651 aL=-0.0201 vL=0.0123 t0=[none=0.01 m0=0.39 m1=0.60]
[u  186] env=  1523712 succ=0.925 ret=+0.852 len= 8.2 ent=0.630 aL=-0.0148 vL=0.0137 t0=[none=0.03 m0=0.33 m1=0.65]
[u  187] env=  1531904 succ=0.935 ret=+0.864 len= 8.1 ent=0.632 aL=-0.0168 vL=0.0128 t0=[none=0.02 m0=0.39 m1=0.59]
[u  188] env=  1540096 succ=0.914 ret=+0.839 len= 8.4 ent=0.669 aL=-0.0187 vL=0.0149 t0=[none=0.02 m0=0.38 m1=0.60]
[u  189] env=  1548288 succ=0.934 ret=+0.863 len= 8.1 ent=0.624 aL=-0.0217 vL=0.0122 t0=[none=0.03 m0=0.39 m1=0.58]
[u  190] env=  1556480 succ=0.929 ret=+0.856 len= 8.2 ent=0.627 aL=-0.0130 vL=0.0119 t0=[none=0.03 m0=0.38 m1=0.59]
[u  191] env=  1564672 succ=0.913 ret=+0.840 len= 8.3 ent=0.611 aL=-0.0185 vL=0.0146 t0=[none=0.03 m0=0.36 m1=0.61]
[u  192] env=  1572864 succ=0.937 ret=+0.866 len= 8.1 ent=0.576 aL=-0.0168 vL=0.0111 t0=[none=0.03 m0=0.34 m1=0.63]
[u  193] env=  1581056 succ=0.917 ret=+0.844 len= 8.3 ent=0.600 aL=-0.0169 vL=0.0143 t0=[none=0.02 m0=0.37 m1=0.61]
[u  194] env=  1589248 succ=0.936 ret=+0.866 len= 7.9 ent=0.559 aL=-0.0195 vL=0.0116 t0=[none=0.02 m0=0.36 m1=0.62]
[u  195] env=  1597440 succ=0.927 ret=+0.856 len= 8.1 ent=0.580 aL=-0.0131 vL=0.0110 t0=[none=0.03 m0=0.37 m1=0.60]
[u  196] env=  1605632 succ=0.928 ret=+0.857 len= 8.0 ent=0.563 aL=-0.0120 vL=0.0131 t0=[none=0.03 m0=0.35 m1=0.62]
[u  197] env=  1613824 succ=0.927 ret=+0.856 len= 8.0 ent=0.549 aL=-0.0124 vL=0.0153 t0=[none=0.03 m0=0.33 m1=0.64]
[u  198] env=  1622016 succ=0.923 ret=+0.851 len= 8.2 ent=0.576 aL=-0.0175 vL=0.0163 t0=[none=0.03 m0=0.34 m1=0.63]
[u  199] env=  1630208 succ=0.936 ret=+0.865 len= 8.1 ent=0.557 aL=-0.0189 vL=0.0093 t0=[none=0.04 m0=0.36 m1=0.60]
[u  200] env=  1638400 succ=0.918 ret=+0.844 len= 8.2 ent=0.588 aL=-0.0192 vL=0.0108 t0=[none=0.03 m0=0.36 m1=0.60]
[u  201] env=  1646592 succ=0.929 ret=+0.857 len= 8.1 ent=0.554 aL=-0.0193 vL=0.0123 t0=[none=0.02 m0=0.34 m1=0.64]
[u  202] env=  1654784 succ=0.948 ret=+0.876 len= 8.1 ent=0.559 aL=-0.0190 vL=0.0092 t0=[none=0.03 m0=0.35 m1=0.63]
[u  203] env=  1662976 succ=0.932 ret=+0.862 len= 8.0 ent=0.565 aL=-0.0135 vL=0.0106 t0=[none=0.04 m0=0.37 m1=0.60]
[u  204] env=  1671168 succ=0.927 ret=+0.854 len= 8.1 ent=0.560 aL=-0.0101 vL=0.0118 t0=[none=0.03 m0=0.36 m1=0.62]
[u  205] env=  1679360 succ=0.919 ret=+0.845 len= 8.3 ent=0.565 aL=-0.0177 vL=0.0148 t0=[none=0.04 m0=0.36 m1=0.60]
[u  206] env=  1687552 succ=0.933 ret=+0.863 len= 8.0 ent=0.550 aL=-0.0179 vL=0.0107 t0=[none=0.04 m0=0.34 m1=0.62]
[u  207] env=  1695744 succ=0.943 ret=+0.872 len= 8.1 ent=0.573 aL=-0.0199 vL=0.0110 t0=[none=0.03 m0=0.33 m1=0.64]
[u  208] env=  1703936 succ=0.941 ret=+0.871 len= 8.0 ent=0.561 aL=-0.0149 vL=0.0104 t0=[none=0.03 m0=0.35 m1=0.62]
[u  209] env=  1712128 succ=0.924 ret=+0.850 len= 8.3 ent=0.573 aL=-0.0214 vL=0.0129 t0=[none=0.03 m0=0.37 m1=0.60]
[u  210] env=  1720320 succ=0.940 ret=+0.868 len= 8.1 ent=0.536 aL=-0.0180 vL=0.0112 t0=[none=0.03 m0=0.38 m1=0.58]
[u  211] env=  1728512 succ=0.920 ret=+0.848 len= 8.1 ent=0.563 aL=-0.0152 vL=0.0114 t0=[none=0.04 m0=0.33 m1=0.63]
[u  212] env=  1736704 succ=0.938 ret=+0.867 len= 8.1 ent=0.547 aL=-0.0160 vL=0.0117 t0=[none=0.04 m0=0.34 m1=0.62]
[u  213] env=  1744896 succ=0.943 ret=+0.875 len= 7.8 ent=0.522 aL=-0.0169 vL=0.0108 t0=[none=0.03 m0=0.35 m1=0.62]
[u  214] env=  1753088 succ=0.942 ret=+0.871 len= 8.1 ent=0.526 aL=-0.0117 vL=0.0088 t0=[none=0.03 m0=0.37 m1=0.60]
[u  215] env=  1761280 succ=0.928 ret=+0.858 len= 8.0 ent=0.557 aL=-0.0151 vL=0.0112 t0=[none=0.04 m0=0.35 m1=0.61]
[u  216] env=  1769472 succ=0.935 ret=+0.864 len= 8.0 ent=0.543 aL=-0.0191 vL=0.0121 t0=[none=0.04 m0=0.35 m1=0.61]
[u  217] env=  1777664 succ=0.923 ret=+0.851 len= 8.1 ent=0.543 aL=-0.0207 vL=0.0133 t0=[none=0.03 m0=0.37 m1=0.60]
[u  218] env=  1785856 succ=0.927 ret=+0.857 len= 7.9 ent=0.519 aL=-0.0158 vL=0.0111 t0=[none=0.04 m0=0.35 m1=0.61]
[u  219] env=  1794048 succ=0.937 ret=+0.866 len= 8.0 ent=0.512 aL=-0.0176 vL=0.0114 t0=[none=0.04 m0=0.35 m1=0.61]
[u  220] env=  1802240 succ=0.940 ret=+0.870 len= 7.9 ent=0.521 aL=-0.0218 vL=0.0113 t0=[none=0.03 m0=0.38 m1=0.59]
[u  221] env=  1810432 succ=0.938 ret=+0.867 len= 8.1 ent=0.522 aL=-0.0182 vL=0.0089 t0=[none=0.04 m0=0.35 m1=0.61]
[u  222] env=  1818624 succ=0.937 ret=+0.866 len= 8.0 ent=0.514 aL=-0.0108 vL=0.0125 t0=[none=0.04 m0=0.35 m1=0.61]
[u  223] env=  1826816 succ=0.936 ret=+0.866 len= 8.0 ent=0.522 aL=-0.0130 vL=0.0132 t0=[none=0.03 m0=0.35 m1=0.61]
[u  224] env=  1835008 succ=0.939 ret=+0.866 len= 8.2 ent=0.524 aL=-0.0151 vL=0.0125 t0=[none=0.04 m0=0.36 m1=0.60]
[u  225] env=  1843200 succ=0.941 ret=+0.871 len= 7.9 ent=0.541 aL=-0.0210 vL=0.0113 t0=[none=0.04 m0=0.34 m1=0.62]
[u  226] env=  1851392 succ=0.938 ret=+0.866 len= 8.1 ent=0.553 aL=-0.0159 vL=0.0107 t0=[none=0.03 m0=0.36 m1=0.60]
[u  227] env=  1859584 succ=0.960 ret=+0.889 len= 8.1 ent=0.543 aL=-0.0201 vL=0.0082 t0=[none=0.02 m0=0.35 m1=0.62]
[u  228] env=  1867776 succ=0.935 ret=+0.864 len= 8.0 ent=0.559 aL=-0.0146 vL=0.0138 t0=[none=0.03 m0=0.38 m1=0.59]
[u  229] env=  1875968 succ=0.911 ret=+0.837 len= 8.3 ent=0.580 aL=-0.0121 vL=0.0164 t0=[none=0.02 m0=0.37 m1=0.61]
[u  230] env=  1884160 succ=0.935 ret=+0.863 len= 8.1 ent=0.564 aL=-0.0194 vL=0.0142 t0=[none=0.03 m0=0.32 m1=0.65]
[u  231] env=  1892352 succ=0.935 ret=+0.862 len= 8.2 ent=0.564 aL=-0.0160 vL=0.0125 t0=[none=0.04 m0=0.34 m1=0.62]
[u  232] env=  1900544 succ=0.929 ret=+0.856 len= 8.2 ent=0.549 aL=-0.0084 vL=0.0142 t0=[none=0.04 m0=0.34 m1=0.62]
[u  233] env=  1908736 succ=0.928 ret=+0.856 len= 8.1 ent=0.545 aL=-0.0178 vL=0.0127 t0=[none=0.04 m0=0.34 m1=0.62]
[u  234] env=  1916928 succ=0.941 ret=+0.870 len= 8.0 ent=0.550 aL=-0.0197 vL=0.0132 t0=[none=0.04 m0=0.36 m1=0.60]
[u  235] env=  1925120 succ=0.918 ret=+0.846 len= 8.1 ent=0.569 aL=-0.0198 vL=0.0132 t0=[none=0.04 m0=0.34 m1=0.62]
[u  236] env=  1933312 succ=0.940 ret=+0.868 len= 8.1 ent=0.552 aL=-0.0191 vL=0.0078 t0=[none=0.03 m0=0.37 m1=0.59]
[u  237] env=  1941504 succ=0.946 ret=+0.875 len= 8.0 ent=0.560 aL=-0.0137 vL=0.0112 t0=[none=0.04 m0=0.36 m1=0.60]
[u  238] env=  1949696 succ=0.938 ret=+0.867 len= 8.0 ent=0.556 aL=-0.0173 vL=0.0108 t0=[none=0.04 m0=0.39 m1=0.58]
[u  239] env=  1957888 succ=0.932 ret=+0.860 len= 8.1 ent=0.574 aL=-0.0192 vL=0.0152 t0=[none=0.04 m0=0.37 m1=0.59]
[u  240] env=  1966080 succ=0.942 ret=+0.870 len= 8.1 ent=0.543 aL=-0.0199 vL=0.0121 t0=[none=0.03 m0=0.36 m1=0.61]
[u  241] env=  1974272 succ=0.953 ret=+0.883 len= 8.0 ent=0.505 aL=-0.0189 vL=0.0113 t0=[none=0.03 m0=0.33 m1=0.64]
[u  242] env=  1982464 succ=0.940 ret=+0.869 len= 8.0 ent=0.528 aL=-0.0198 vL=0.0108 t0=[none=0.04 m0=0.34 m1=0.62]
[u  243] env=  1990656 succ=0.934 ret=+0.861 len= 8.2 ent=0.533 aL=-0.0171 vL=0.0113 t0=[none=0.04 m0=0.37 m1=0.59]
[u  244] env=  1998848 succ=0.904 ret=+0.829 len= 8.4 ent=0.541 aL=-0.0101 vL=0.0166 t0=[none=0.04 m0=0.34 m1=0.62]
[u  245] env=  2007040 succ=0.932 ret=+0.859 len= 8.2 ent=0.500 aL=-0.0199 vL=0.0150 t0=[none=0.03 m0=0.36 m1=0.61]
[u  246] env=  2015232 succ=0.925 ret=+0.854 len= 8.1 ent=0.493 aL=-0.0166 vL=0.0134 t0=[none=0.03 m0=0.35 m1=0.62]
[u  247] env=  2023424 succ=0.927 ret=+0.856 len= 8.1 ent=0.506 aL=-0.0200 vL=0.0093 t0=[none=0.05 m0=0.33 m1=0.62]
[u  248] env=  2031616 succ=0.944 ret=+0.874 len= 7.9 ent=0.506 aL=-0.0154 vL=0.0128 t0=[none=0.04 m0=0.34 m1=0.62]
[u  249] env=  2039808 succ=0.928 ret=+0.856 len= 8.0 ent=0.522 aL=-0.0118 vL=0.0113 t0=[none=0.03 m0=0.33 m1=0.63]
[u  250] env=  2048000 succ=0.939 ret=+0.867 len= 8.1 ent=0.497 aL=-0.0129 vL=0.0078 t0=[none=0.04 m0=0.32 m1=0.64]
[u  251] env=  2056192 succ=0.923 ret=+0.851 len= 8.1 ent=0.528 aL=-0.0143 vL=0.0115 t0=[none=0.03 m0=0.35 m1=0.61]
[u  252] env=  2064384 succ=0.938 ret=+0.868 len= 7.9 ent=0.503 aL=-0.0169 vL=0.0128 t0=[none=0.03 m0=0.33 m1=0.64]
[u  253] env=  2072576 succ=0.926 ret=+0.853 len= 8.2 ent=0.515 aL=-0.0183 vL=0.0098 t0=[none=0.04 m0=0.37 m1=0.59]
[u  254] env=  2080768 succ=0.919 ret=+0.845 len= 8.2 ent=0.526 aL=-0.0156 vL=0.0105 t0=[none=0.05 m0=0.34 m1=0.61]
[u  255] env=  2088960 succ=0.935 ret=+0.865 len= 7.9 ent=0.519 aL=-0.0155 vL=0.0123 t0=[none=0.05 m0=0.33 m1=0.62]
[u  256] env=  2097152 succ=0.920 ret=+0.847 len= 8.2 ent=0.527 aL=-0.0187 vL=0.0122 t0=[none=0.05 m0=0.31 m1=0.64]
[u  257] env=  2105344 succ=0.942 ret=+0.872 len= 7.9 ent=0.490 aL=-0.0180 vL=0.0076 t0=[none=0.04 m0=0.36 m1=0.60]
[u  258] env=  2113536 succ=0.938 ret=+0.866 len= 8.1 ent=0.514 aL=-0.0153 vL=0.0094 t0=[none=0.05 m0=0.33 m1=0.62]
[u  259] env=  2121728 succ=0.924 ret=+0.850 len= 8.3 ent=0.510 aL=-0.0143 vL=0.0100 t0=[none=0.05 m0=0.33 m1=0.62]
[u  260] env=  2129920 succ=0.908 ret=+0.833 len= 8.3 ent=0.515 aL=-0.0182 vL=0.0172 t0=[none=0.05 m0=0.36 m1=0.59]
[u  261] env=  2138112 succ=0.932 ret=+0.860 len= 8.1 ent=0.506 aL=-0.0183 vL=0.0135 t0=[none=0.04 m0=0.33 m1=0.63]
[u  262] env=  2146304 succ=0.938 ret=+0.868 len= 8.0 ent=0.521 aL=-0.0188 vL=0.0110 t0=[none=0.04 m0=0.37 m1=0.60]
[u  263] env=  2154496 succ=0.936 ret=+0.863 len= 8.2 ent=0.510 aL=-0.0167 vL=0.0133 t0=[none=0.03 m0=0.33 m1=0.64]
[u  264] env=  2162688 succ=0.912 ret=+0.837 len= 8.3 ent=0.527 aL=-0.0250 vL=0.0183 t0=[none=0.03 m0=0.39 m1=0.58]
[u  265] env=  2170880 succ=0.928 ret=+0.853 len= 8.4 ent=0.484 aL=-0.0219 vL=0.0164 t0=[none=0.04 m0=0.38 m1=0.58]
[u  266] env=  2179072 succ=0.923 ret=+0.850 len= 8.2 ent=0.490 aL=-0.0188 vL=0.0140 t0=[none=0.04 m0=0.38 m1=0.58]
[u  267] env=  2187264 succ=0.932 ret=+0.861 len= 8.0 ent=0.495 aL=-0.0190 vL=0.0116 t0=[none=0.04 m0=0.36 m1=0.59]
[u  268] env=  2195456 succ=0.937 ret=+0.866 len= 8.1 ent=0.502 aL=-0.0176 vL=0.0127 t0=[none=0.03 m0=0.34 m1=0.63]
[u  269] env=  2203648 succ=0.937 ret=+0.863 len= 8.3 ent=0.514 aL=-0.0201 vL=0.0138 t0=[none=0.04 m0=0.37 m1=0.59]
[u  270] env=  2211840 succ=0.936 ret=+0.864 len= 8.2 ent=0.521 aL=-0.0214 vL=0.0133 t0=[none=0.05 m0=0.37 m1=0.57]
[u  271] env=  2220032 succ=0.911 ret=+0.837 len= 8.4 ent=0.531 aL=-0.0221 vL=0.0163 t0=[none=0.04 m0=0.39 m1=0.58]
[u  272] env=  2228224 succ=0.946 ret=+0.873 len= 8.2 ent=0.527 aL=-0.0197 vL=0.0111 t0=[none=0.05 m0=0.37 m1=0.58]
[u  273] env=  2236416 succ=0.930 ret=+0.857 len= 8.2 ent=0.516 aL=-0.0193 vL=0.0110 t0=[none=0.04 m0=0.33 m1=0.62]
[u  274] env=  2244608 succ=0.940 ret=+0.869 len= 8.1 ent=0.510 aL=-0.0174 vL=0.0119 t0=[none=0.04 m0=0.38 m1=0.58]
[u  275] env=  2252800 succ=0.951 ret=+0.882 len= 7.9 ent=0.512 aL=-0.0209 vL=0.0128 t0=[none=0.04 m0=0.36 m1=0.60]
[u  276] env=  2260992 succ=0.943 ret=+0.870 len= 8.2 ent=0.513 aL=-0.0184 vL=0.0100 t0=[none=0.05 m0=0.32 m1=0.63]
[u  277] env=  2269184 succ=0.935 ret=+0.864 len= 8.0 ent=0.524 aL=-0.0205 vL=0.0139 t0=[none=0.04 m0=0.33 m1=0.62]
[u  278] env=  2277376 succ=0.953 ret=+0.883 len= 8.0 ent=0.504 aL=-0.0166 vL=0.0103 t0=[none=0.04 m0=0.38 m1=0.59]
[u  279] env=  2285568 succ=0.945 ret=+0.873 len= 8.1 ent=0.520 aL=-0.0151 vL=0.0134 t0=[none=0.04 m0=0.38 m1=0.58]
[u  280] env=  2293760 succ=0.936 ret=+0.863 len= 8.2 ent=0.551 aL=-0.0206 vL=0.0141 t0=[none=0.03 m0=0.36 m1=0.61]
[u  281] env=  2301952 succ=0.925 ret=+0.853 len= 8.1 ent=0.546 aL=-0.0172 vL=0.0138 t0=[none=0.04 m0=0.35 m1=0.60]
[u  282] env=  2310144 succ=0.922 ret=+0.848 len= 8.2 ent=0.567 aL=-0.0193 vL=0.0141 t0=[none=0.04 m0=0.35 m1=0.61]
[u  283] env=  2318336 succ=0.945 ret=+0.873 len= 8.2 ent=0.524 aL=-0.0200 vL=0.0103 t0=[none=0.04 m0=0.37 m1=0.59]
[u  284] env=  2326528 succ=0.939 ret=+0.868 len= 8.0 ent=0.524 aL=-0.0210 vL=0.0101 t0=[none=0.03 m0=0.38 m1=0.58]
[u  285] env=  2334720 succ=0.937 ret=+0.866 len= 8.0 ent=0.528 aL=-0.0151 vL=0.0122 t0=[none=0.04 m0=0.35 m1=0.61]
[u  286] env=  2342912 succ=0.933 ret=+0.862 len= 8.0 ent=0.541 aL=-0.0163 vL=0.0104 t0=[none=0.05 m0=0.34 m1=0.61]
[u  287] env=  2351104 succ=0.935 ret=+0.865 len= 7.9 ent=0.545 aL=-0.0212 vL=0.0112 t0=[none=0.04 m0=0.35 m1=0.61]
[u  288] env=  2359296 succ=0.944 ret=+0.873 len= 8.1 ent=0.535 aL=-0.0209 vL=0.0094 t0=[none=0.03 m0=0.36 m1=0.60]
[u  289] env=  2367488 succ=0.946 ret=+0.876 len= 8.0 ent=0.504 aL=-0.0189 vL=0.0102 t0=[none=0.06 m0=0.37 m1=0.57]
[u  290] env=  2375680 succ=0.934 ret=+0.863 len= 8.1 ent=0.510 aL=-0.0174 vL=0.0105 t0=[none=0.05 m0=0.36 m1=0.60]
[u  291] env=  2383872 succ=0.946 ret=+0.874 len= 8.1 ent=0.485 aL=-0.0164 vL=0.0082 t0=[none=0.04 m0=0.39 m1=0.58]
[u  292] env=  2392064 succ=0.950 ret=+0.879 len= 8.1 ent=0.473 aL=-0.0176 vL=0.0096 t0=[none=0.05 m0=0.35 m1=0.60]
[u  293] env=  2400256 succ=0.943 ret=+0.872 len= 8.1 ent=0.468 aL=-0.0179 vL=0.0099 t0=[none=0.04 m0=0.38 m1=0.58]
[u  294] env=  2408448 succ=0.939 ret=+0.868 len= 8.0 ent=0.479 aL=-0.0207 vL=0.0125 t0=[none=0.05 m0=0.38 m1=0.57]
[u  295] env=  2416640 succ=0.930 ret=+0.857 len= 8.2 ent=0.509 aL=-0.0150 vL=0.0143 t0=[none=0.04 m0=0.33 m1=0.64]
[u  296] env=  2424832 succ=0.935 ret=+0.863 len= 8.2 ent=0.515 aL=-0.0187 vL=0.0111 t0=[none=0.04 m0=0.36 m1=0.60]
[u  297] env=  2433024 succ=0.937 ret=+0.864 len= 8.3 ent=0.513 aL=-0.0157 vL=0.0098 t0=[none=0.06 m0=0.34 m1=0.60]
[u  298] env=  2441216 succ=0.938 ret=+0.866 len= 8.1 ent=0.507 aL=-0.0171 vL=0.0109 t0=[none=0.04 m0=0.36 m1=0.61]
[u  299] env=  2449408 succ=0.943 ret=+0.871 len= 8.2 ent=0.529 aL=-0.0036 vL=0.0141 t0=[none=0.05 m0=0.39 m1=0.56]
[u  300] env=  2457600 succ=0.943 ret=+0.869 len= 8.3 ent=0.551 aL=-0.0226 vL=0.0117 t0=[none=0.04 m0=0.39 m1=0.57]
[u  301] env=  2465792 succ=0.927 ret=+0.853 len= 8.4 ent=0.544 aL=-0.0214 vL=0.0118 t0=[none=0.04 m0=0.38 m1=0.57]
[u  302] env=  2473984 succ=0.939 ret=+0.866 len= 8.2 ent=0.531 aL=-0.0187 vL=0.0133 t0=[none=0.04 m0=0.35 m1=0.61]
[u  303] env=  2482176 succ=0.933 ret=+0.860 len= 8.2 ent=0.545 aL=-0.0199 vL=0.0118 t0=[none=0.04 m0=0.35 m1=0.61]
[u  304] env=  2490368 succ=0.944 ret=+0.871 len= 8.2 ent=0.532 aL=-0.0152 vL=0.0105 t0=[none=0.03 m0=0.36 m1=0.61]
[u  305] env=  2498560 succ=0.941 ret=+0.868 len= 8.3 ent=0.552 aL=-0.0174 vL=0.0115 t0=[none=0.03 m0=0.36 m1=0.61]
[u  306] env=  2506752 succ=0.930 ret=+0.857 len= 8.2 ent=0.565 aL=-0.0201 vL=0.0159 t0=[none=0.05 m0=0.37 m1=0.59]
[u  307] env=  2514944 succ=0.933 ret=+0.860 len= 8.2 ent=0.570 aL=-0.0178 vL=0.0127 t0=[none=0.05 m0=0.35 m1=0.60]
[u  308] env=  2523136 succ=0.936 ret=+0.864 len= 8.1 ent=0.558 aL=-0.0199 vL=0.0115 t0=[none=0.04 m0=0.35 m1=0.61]
[u  309] env=  2531328 succ=0.925 ret=+0.854 len= 8.1 ent=0.530 aL=-0.0193 vL=0.0143 t0=[none=0.04 m0=0.36 m1=0.61]
[u  310] env=  2539520 succ=0.943 ret=+0.872 len= 8.0 ent=0.512 aL=-0.0172 vL=0.0126 t0=[none=0.04 m0=0.37 m1=0.59]
[u  311] env=  2547712 succ=0.934 ret=+0.862 len= 8.2 ent=0.516 aL=-0.0182 vL=0.0125 t0=[none=0.05 m0=0.36 m1=0.59]
[u  312] env=  2555904 succ=0.946 ret=+0.875 len= 8.1 ent=0.533 aL=-0.0183 vL=0.0103 t0=[none=0.05 m0=0.36 m1=0.59]
[u  313] env=  2564096 succ=0.951 ret=+0.879 len= 8.2 ent=0.515 aL=-0.0180 vL=0.0094 t0=[none=0.05 m0=0.35 m1=0.60]
[u  314] env=  2572288 succ=0.938 ret=+0.866 len= 8.1 ent=0.531 aL=-0.0121 vL=0.0125 t0=[none=0.04 m0=0.35 m1=0.61]
[u  315] env=  2580480 succ=0.937 ret=+0.866 len= 8.0 ent=0.539 aL=-0.0185 vL=0.0115 t0=[none=0.06 m0=0.34 m1=0.60]
[u  316] env=  2588672 succ=0.940 ret=+0.870 len= 8.0 ent=0.552 aL=-0.0162 vL=0.0131 t0=[none=0.04 m0=0.36 m1=0.60]
[u  317] env=  2596864 succ=0.943 ret=+0.872 len= 8.0 ent=0.553 aL=-0.0152 vL=0.0122 t0=[none=0.03 m0=0.36 m1=0.61]
[u  318] env=  2605056 succ=0.937 ret=+0.866 len= 8.1 ent=0.525 aL=-0.0229 vL=0.0096 t0=[none=0.05 m0=0.36 m1=0.60]
[u  319] env=  2613248 succ=0.915 ret=+0.841 len= 8.3 ent=0.566 aL=-0.0210 vL=0.0131 t0=[none=0.04 m0=0.36 m1=0.59]
[u  320] env=  2621440 succ=0.948 ret=+0.879 len= 7.9 ent=0.522 aL=-0.0176 vL=0.0086 t0=[none=0.03 m0=0.37 m1=0.60]
[u  321] env=  2629632 succ=0.950 ret=+0.879 len= 8.0 ent=0.546 aL=-0.0200 vL=0.0088 t0=[none=0.04 m0=0.36 m1=0.60]
[u  322] env=  2637824 succ=0.935 ret=+0.864 len= 8.1 ent=0.539 aL=-0.0177 vL=0.0145 t0=[none=0.03 m0=0.33 m1=0.64]
[u  323] env=  2646016 succ=0.946 ret=+0.875 len= 8.1 ent=0.555 aL=-0.0202 vL=0.0110 t0=[none=0.03 m0=0.37 m1=0.60]
[u  324] env=  2654208 succ=0.940 ret=+0.868 len= 8.2 ent=0.558 aL=-0.0183 vL=0.0106 t0=[none=0.03 m0=0.37 m1=0.60]
[u  325] env=  2662400 succ=0.947 ret=+0.878 len= 7.9 ent=0.548 aL=-0.0180 vL=0.0112 t0=[none=0.02 m0=0.38 m1=0.60]
[u  326] env=  2670592 succ=0.950 ret=+0.878 len= 8.1 ent=0.552 aL=-0.0186 vL=0.0102 t0=[none=0.02 m0=0.38 m1=0.60]
[u  327] env=  2678784 succ=0.955 ret=+0.884 len= 8.0 ent=0.552 aL=-0.0183 vL=0.0099 t0=[none=0.03 m0=0.37 m1=0.61]
[u  328] env=  2686976 succ=0.961 ret=+0.890 len= 8.0 ent=0.575 aL=-0.0194 vL=0.0086 t0=[none=0.03 m0=0.37 m1=0.60]
[u  329] env=  2695168 succ=0.928 ret=+0.855 len= 8.2 ent=0.623 aL=-0.0191 vL=0.0125 t0=[none=0.03 m0=0.40 m1=0.57]
[u  330] env=  2703360 succ=0.937 ret=+0.866 len= 8.0 ent=0.584 aL=-0.0183 vL=0.0128 t0=[none=0.03 m0=0.39 m1=0.58]
[u  331] env=  2711552 succ=0.932 ret=+0.860 len= 8.2 ent=0.577 aL=-0.0201 vL=0.0133 t0=[none=0.03 m0=0.36 m1=0.61]
[u  332] env=  2719744 succ=0.920 ret=+0.847 len= 8.3 ent=0.591 aL=-0.0215 vL=0.0131 t0=[none=0.03 m0=0.38 m1=0.60]
[u  333] env=  2727936 succ=0.935 ret=+0.864 len= 8.0 ent=0.569 aL=-0.0229 vL=0.0127 t0=[none=0.03 m0=0.38 m1=0.59]
[u  334] env=  2736128 succ=0.928 ret=+0.855 len= 8.2 ent=0.547 aL=-0.0205 vL=0.0115 t0=[none=0.02 m0=0.38 m1=0.60]
[u  335] env=  2744320 succ=0.935 ret=+0.863 len= 8.2 ent=0.557 aL=-0.0201 vL=0.0143 t0=[none=0.04 m0=0.36 m1=0.60]
[u  336] env=  2752512 succ=0.921 ret=+0.847 len= 8.4 ent=0.582 aL=-0.0187 vL=0.0135 t0=[none=0.05 m0=0.35 m1=0.60]
[u  337] env=  2760704 succ=0.922 ret=+0.851 len= 8.0 ent=0.600 aL=-0.0142 vL=0.0131 t0=[none=0.04 m0=0.39 m1=0.57]
[u  338] env=  2768896 succ=0.936 ret=+0.864 len= 8.2 ent=0.564 aL=-0.0175 vL=0.0123 t0=[none=0.03 m0=0.36 m1=0.60]
[u  339] env=  2777088 succ=0.945 ret=+0.874 len= 8.0 ent=0.560 aL=-0.0151 vL=0.0114 t0=[none=0.04 m0=0.39 m1=0.58]
[u  340] env=  2785280 succ=0.935 ret=+0.863 len= 8.1 ent=0.567 aL=-0.0181 vL=0.0116 t0=[none=0.04 m0=0.38 m1=0.58]
[u  341] env=  2793472 succ=0.941 ret=+0.870 len= 8.0 ent=0.570 aL=-0.0181 vL=0.0145 t0=[none=0.04 m0=0.34 m1=0.62]
[u  342] env=  2801664 succ=0.931 ret=+0.860 len= 8.1 ent=0.559 aL=-0.0218 vL=0.0097 t0=[none=0.03 m0=0.39 m1=0.58]
[u  343] env=  2809856 succ=0.943 ret=+0.873 len= 7.9 ent=0.550 aL=-0.0174 vL=0.0132 t0=[none=0.03 m0=0.34 m1=0.62]
[u  344] env=  2818048 succ=0.937 ret=+0.863 len= 8.3 ent=0.559 aL=-0.0165 vL=0.0152 t0=[none=0.04 m0=0.38 m1=0.59]
[u  345] env=  2826240 succ=0.932 ret=+0.861 len= 8.0 ent=0.555 aL=-0.0181 vL=0.0123 t0=[none=0.04 m0=0.37 m1=0.59]
[u  346] env=  2834432 succ=0.931 ret=+0.860 len= 8.0 ent=0.526 aL=-0.0138 vL=0.0136 t0=[none=0.03 m0=0.37 m1=0.60]
[u  347] env=  2842624 succ=0.949 ret=+0.878 len= 8.0 ent=0.550 aL=-0.0200 vL=0.0080 t0=[none=0.04 m0=0.34 m1=0.62]
[u  348] env=  2850816 succ=0.946 ret=+0.876 len= 7.9 ent=0.537 aL=-0.0182 vL=0.0112 t0=[none=0.04 m0=0.36 m1=0.60]
[u  349] env=  2859008 succ=0.947 ret=+0.878 len= 7.9 ent=0.537 aL=-0.0181 vL=0.0111 t0=[none=0.04 m0=0.37 m1=0.59]
[u  350] env=  2867200 succ=0.930 ret=+0.858 len= 8.2 ent=0.554 aL=-0.0169 vL=0.0149 t0=[none=0.05 m0=0.38 m1=0.57]
[u  351] env=  2875392 succ=0.932 ret=+0.861 len= 8.0 ent=0.524 aL=-0.0167 vL=0.0133 t0=[none=0.04 m0=0.35 m1=0.61]
[u  352] env=  2883584 succ=0.943 ret=+0.873 len= 7.9 ent=0.524 aL=-0.0184 vL=0.0109 t0=[none=0.04 m0=0.35 m1=0.61]
[u  353] env=  2891776 succ=0.943 ret=+0.873 len= 8.0 ent=0.549 aL=-0.0165 vL=0.0103 t0=[none=0.05 m0=0.39 m1=0.56]
[u  354] env=  2899968 succ=0.960 ret=+0.890 len= 7.9 ent=0.519 aL=-0.0181 vL=0.0097 t0=[none=0.05 m0=0.36 m1=0.59]
[u  355] env=  2908160 succ=0.940 ret=+0.870 len= 7.9 ent=0.543 aL=-0.0169 vL=0.0096 t0=[none=0.04 m0=0.38 m1=0.58]
[u  356] env=  2916352 succ=0.937 ret=+0.866 len= 8.0 ent=0.551 aL=-0.0192 vL=0.0112 t0=[none=0.04 m0=0.34 m1=0.62]
[u  357] env=  2924544 succ=0.923 ret=+0.851 len= 8.2 ent=0.563 aL=-0.0134 vL=0.0131 t0=[none=0.07 m0=0.36 m1=0.57]
[u  358] env=  2932736 succ=0.925 ret=+0.854 len= 8.0 ent=0.564 aL=-0.0166 vL=0.0150 t0=[none=0.07 m0=0.36 m1=0.57]
[u  359] env=  2940928 succ=0.928 ret=+0.857 len= 8.1 ent=0.567 aL=-0.0170 vL=0.0131 t0=[none=0.06 m0=0.36 m1=0.58]
[u  360] env=  2949120 succ=0.932 ret=+0.860 len= 8.2 ent=0.558 aL=-0.0172 vL=0.0104 t0=[none=0.07 m0=0.35 m1=0.57]
[u  361] env=  2957312 succ=0.943 ret=+0.873 len= 8.0 ent=0.543 aL=-0.0104 vL=0.0092 t0=[none=0.05 m0=0.34 m1=0.61]
[u  362] env=  2965504 succ=0.942 ret=+0.872 len= 7.9 ent=0.527 aL=-0.0204 vL=0.0127 t0=[none=0.04 m0=0.35 m1=0.61]
[u  363] env=  2973696 succ=0.949 ret=+0.878 len= 8.0 ent=0.538 aL=-0.0198 vL=0.0117 t0=[none=0.04 m0=0.33 m1=0.63]
[u  364] env=  2981888 succ=0.942 ret=+0.870 len= 8.1 ent=0.531 aL=-0.0181 vL=0.0128 t0=[none=0.04 m0=0.39 m1=0.56]
[u  365] env=  2990080 succ=0.958 ret=+0.889 len= 7.9 ent=0.494 aL=-0.0196 vL=0.0123 t0=[none=0.04 m0=0.38 m1=0.58]
[u  366] env=  2998272 succ=0.946 ret=+0.876 len= 7.9 ent=0.492 aL=-0.0162 vL=0.0112 t0=[none=0.03 m0=0.34 m1=0.62]
[u  367] env=  3006464 succ=0.946 ret=+0.877 len= 7.9 ent=0.492 aL=-0.0180 vL=0.0110 t0=[none=0.05 m0=0.37 m1=0.58]
[u  368] env=  3014656 succ=0.942 ret=+0.872 len= 8.0 ent=0.500 aL=-0.0172 vL=0.0110 t0=[none=0.04 m0=0.36 m1=0.60]
[u  369] env=  3022848 succ=0.949 ret=+0.879 len= 7.9 ent=0.488 aL=-0.0187 vL=0.0096 t0=[none=0.03 m0=0.36 m1=0.61]
[u  370] env=  3031040 succ=0.958 ret=+0.889 len= 7.8 ent=0.500 aL=-0.0165 vL=0.0077 t0=[none=0.02 m0=0.37 m1=0.61]
[u  371] env=  3039232 succ=0.945 ret=+0.874 len= 8.0 ent=0.536 aL=-0.0177 vL=0.0116 t0=[none=0.03 m0=0.37 m1=0.60]
[u  372] env=  3047424 succ=0.955 ret=+0.886 len= 7.9 ent=0.502 aL=-0.0202 vL=0.0112 t0=[none=0.02 m0=0.41 m1=0.57]
[u  373] env=  3055616 succ=0.960 ret=+0.890 len= 7.9 ent=0.483 aL=-0.0164 vL=0.0061 t0=[none=0.02 m0=0.39 m1=0.59]
[u  374] env=  3063808 succ=0.965 ret=+0.897 len= 7.8 ent=0.528 aL=-0.0172 vL=0.0109 t0=[none=0.02 m0=0.35 m1=0.63]
[u  375] env=  3072000 succ=0.954 ret=+0.883 len= 8.1 ent=0.534 aL=-0.0163 vL=0.0104 t0=[none=0.03 m0=0.40 m1=0.58]
[u  376] env=  3080192 succ=0.962 ret=+0.892 len= 7.9 ent=0.519 aL=-0.0181 vL=0.0099 t0=[none=0.03 m0=0.37 m1=0.60]
[u  377] env=  3088384 succ=0.946 ret=+0.876 len= 7.9 ent=0.536 aL=-0.0199 vL=0.0112 t0=[none=0.03 m0=0.39 m1=0.57]
[u  378] env=  3096576 succ=0.944 ret=+0.873 len= 8.0 ent=0.529 aL=-0.0171 vL=0.0117 t0=[none=0.04 m0=0.36 m1=0.60]
[u  379] env=  3104768 succ=0.960 ret=+0.891 len= 7.8 ent=0.506 aL=-0.0178 vL=0.0087 t0=[none=0.03 m0=0.38 m1=0.59]
[u  380] env=  3112960 succ=0.952 ret=+0.882 len= 7.9 ent=0.532 aL=-0.0185 vL=0.0088 t0=[none=0.03 m0=0.37 m1=0.60]
[u  381] env=  3121152 succ=0.942 ret=+0.872 len= 8.0 ent=0.521 aL=-0.0184 vL=0.0098 t0=[none=0.03 m0=0.38 m1=0.59]
[u  382] env=  3129344 succ=0.957 ret=+0.888 len= 7.8 ent=0.501 aL=-0.0136 vL=0.0102 t0=[none=0.03 m0=0.38 m1=0.58]
[u  383] env=  3137536 succ=0.951 ret=+0.882 len= 7.9 ent=0.496 aL=-0.0163 vL=0.0128 t0=[none=0.03 m0=0.39 m1=0.59]
[u  384] env=  3145728 succ=0.940 ret=+0.870 len= 8.0 ent=0.523 aL=-0.0201 vL=0.0120 t0=[none=0.02 m0=0.36 m1=0.61]
[u  385] env=  3153920 succ=0.960 ret=+0.891 len= 7.8 ent=0.481 aL=-0.0159 vL=0.0111 t0=[none=0.02 m0=0.37 m1=0.61]
[u  386] env=  3162112 succ=0.959 ret=+0.890 len= 7.8 ent=0.505 aL=-0.0186 vL=0.0103 t0=[none=0.02 m0=0.39 m1=0.58]
[u  387] env=  3170304 succ=0.949 ret=+0.878 len= 8.0 ent=0.505 aL=-0.0184 vL=0.0127 t0=[none=0.02 m0=0.40 m1=0.58]
[u  388] env=  3178496 succ=0.957 ret=+0.887 len= 7.9 ent=0.507 aL=-0.0175 vL=0.0138 t0=[none=0.02 m0=0.39 m1=0.59]
[u  389] env=  3186688 succ=0.937 ret=+0.867 len= 7.9 ent=0.523 aL=-0.0173 vL=0.0123 t0=[none=0.02 m0=0.38 m1=0.60]
[u  390] env=  3194880 succ=0.953 ret=+0.883 len= 8.0 ent=0.519 aL=-0.0163 vL=0.0123 t0=[none=0.02 m0=0.38 m1=0.60]
[u  391] env=  3203072 succ=0.946 ret=+0.874 len= 8.1 ent=0.494 aL=-0.0138 vL=0.0134 t0=[none=0.02 m0=0.39 m1=0.59]
[u  392] env=  3211264 succ=0.956 ret=+0.886 len= 7.9 ent=0.510 aL=-0.0162 vL=0.0116 t0=[none=0.02 m0=0.37 m1=0.61]
[u  393] env=  3219456 succ=0.948 ret=+0.879 len= 7.9 ent=0.493 aL=-0.0215 vL=0.0108 t0=[none=0.02 m0=0.39 m1=0.59]
[u  394] env=  3227648 succ=0.950 ret=+0.880 len= 7.9 ent=0.491 aL=-0.0156 vL=0.0112 t0=[none=0.02 m0=0.39 m1=0.59]
[u  395] env=  3235840 succ=0.963 ret=+0.895 len= 7.8 ent=0.501 aL=-0.0153 vL=0.0112 t0=[none=0.02 m0=0.42 m1=0.57]
[u  396] env=  3244032 succ=0.953 ret=+0.883 len= 7.9 ent=0.536 aL=-0.0166 vL=0.0103 t0=[none=0.02 m0=0.40 m1=0.58]
[u  397] env=  3252224 succ=0.944 ret=+0.872 len= 8.1 ent=0.534 aL=-0.0193 vL=0.0114 t0=[none=0.02 m0=0.41 m1=0.57]
[u  398] env=  3260416 succ=0.934 ret=+0.863 len= 8.1 ent=0.538 aL=-0.0183 vL=0.0105 t0=[none=0.03 m0=0.38 m1=0.60]
[u  399] env=  3268608 succ=0.947 ret=+0.876 len= 8.1 ent=0.519 aL=-0.0201 vL=0.0124 t0=[none=0.03 m0=0.41 m1=0.56]
[u  400] env=  3276800 succ=0.945 ret=+0.874 len= 8.1 ent=0.515 aL=-0.0187 vL=0.0128 t0=[none=0.03 m0=0.38 m1=0.60]
[u  401] env=  3284992 succ=0.939 ret=+0.867 len= 8.1 ent=0.536 aL=-0.0214 vL=0.0133 t0=[none=0.02 m0=0.36 m1=0.61]
[u  402] env=  3293184 succ=0.957 ret=+0.886 len= 8.0 ent=0.498 aL=-0.0167 vL=0.0095 t0=[none=0.02 m0=0.39 m1=0.59]
[u  403] env=  3301376 succ=0.938 ret=+0.867 len= 8.0 ent=0.518 aL=-0.0151 vL=0.0117 t0=[none=0.02 m0=0.38 m1=0.60]
[u  404] env=  3309568 succ=0.951 ret=+0.881 len= 8.0 ent=0.504 aL=-0.0211 vL=0.0099 t0=[none=0.03 m0=0.38 m1=0.60]
[u  405] env=  3317760 succ=0.959 ret=+0.891 len= 7.8 ent=0.486 aL=-0.0132 vL=0.0087 t0=[none=0.02 m0=0.37 m1=0.61]
[u  406] env=  3325952 succ=0.948 ret=+0.879 len= 7.9 ent=0.493 aL=-0.0196 vL=0.0094 t0=[none=0.03 m0=0.38 m1=0.59]
[u  407] env=  3334144 succ=0.947 ret=+0.878 len= 7.9 ent=0.489 aL=-0.0205 vL=0.0105 t0=[none=0.03 m0=0.38 m1=0.60]
[u  408] env=  3342336 succ=0.953 ret=+0.885 len= 7.8 ent=0.493 aL=-0.0168 vL=0.0114 t0=[none=0.03 m0=0.35 m1=0.62]
[u  409] env=  3350528 succ=0.942 ret=+0.871 len= 8.0 ent=0.491 aL=-0.0177 vL=0.0108 t0=[none=0.04 m0=0.37 m1=0.59]
[u  410] env=  3358720 succ=0.956 ret=+0.887 len= 7.8 ent=0.468 aL=-0.0140 vL=0.0114 t0=[none=0.03 m0=0.39 m1=0.58]
[u  411] env=  3366912 succ=0.951 ret=+0.881 len= 8.0 ent=0.481 aL=-0.0160 vL=0.0094 t0=[none=0.03 m0=0.38 m1=0.59]
[u  412] env=  3375104 succ=0.950 ret=+0.880 len= 7.9 ent=0.470 aL=-0.0190 vL=0.0092 t0=[none=0.03 m0=0.38 m1=0.59]
[u  413] env=  3383296 succ=0.955 ret=+0.886 len= 7.9 ent=0.477 aL=-0.0181 vL=0.0101 t0=[none=0.03 m0=0.40 m1=0.56]
[u  414] env=  3391488 succ=0.961 ret=+0.891 len= 7.9 ent=0.489 aL=-0.0127 vL=0.0080 t0=[none=0.04 m0=0.33 m1=0.62]
[u  415] env=  3399680 succ=0.941 ret=+0.869 len= 8.1 ent=0.508 aL=-0.0127 vL=0.0091 t0=[none=0.05 m0=0.37 m1=0.58]
[u  416] env=  3407872 succ=0.953 ret=+0.885 len= 7.8 ent=0.481 aL=-0.0154 vL=0.0091 t0=[none=0.03 m0=0.36 m1=0.61]
[u  417] env=  3416064 succ=0.954 ret=+0.885 len= 7.9 ent=0.490 aL=-0.0160 vL=0.0087 t0=[none=0.03 m0=0.38 m1=0.58]
[u  418] env=  3424256 succ=0.957 ret=+0.890 len= 7.7 ent=0.482 aL=-0.0162 vL=0.0101 t0=[none=0.04 m0=0.38 m1=0.57]
[u  419] env=  3432448 succ=0.951 ret=+0.882 len= 7.9 ent=0.483 aL=-0.0168 vL=0.0088 t0=[none=0.04 m0=0.39 m1=0.57]
[u  420] env=  3440640 succ=0.938 ret=+0.867 len= 8.0 ent=0.501 aL=-0.0158 vL=0.0124 t0=[none=0.05 m0=0.37 m1=0.58]
[u  421] env=  3448832 succ=0.957 ret=+0.890 len= 7.7 ent=0.482 aL=-0.0142 vL=0.0108 t0=[none=0.04 m0=0.38 m1=0.59]
[u  422] env=  3457024 succ=0.940 ret=+0.871 len= 7.8 ent=0.497 aL=-0.0175 vL=0.0097 t0=[none=0.04 m0=0.37 m1=0.59]
[u  423] env=  3465216 succ=0.959 ret=+0.890 len= 7.8 ent=0.478 aL=-0.0150 vL=0.0121 t0=[none=0.04 m0=0.36 m1=0.60]
[u  424] env=  3473408 succ=0.954 ret=+0.885 len= 7.9 ent=0.472 aL=-0.0182 vL=0.0085 t0=[none=0.05 m0=0.35 m1=0.60]
[u  425] env=  3481600 succ=0.949 ret=+0.880 len= 7.9 ent=0.474 aL=-0.0121 vL=0.0102 t0=[none=0.04 m0=0.36 m1=0.60]
[u  426] env=  3489792 succ=0.962 ret=+0.893 len= 7.8 ent=0.476 aL=-0.0170 vL=0.0065 t0=[none=0.04 m0=0.38 m1=0.58]
[u  427] env=  3497984 succ=0.961 ret=+0.892 len= 7.8 ent=0.483 aL=-0.0198 vL=0.0070 t0=[none=0.03 m0=0.36 m1=0.60]
[u  428] env=  3506176 succ=0.971 ret=+0.903 len= 7.8 ent=0.474 aL=-0.0172 vL=0.0066 t0=[none=0.05 m0=0.35 m1=0.60]
[u  429] env=  3514368 succ=0.957 ret=+0.889 len= 7.8 ent=0.480 aL=-0.0183 vL=0.0103 t0=[none=0.04 m0=0.37 m1=0.60]
[u  430] env=  3522560 succ=0.942 ret=+0.872 len= 8.0 ent=0.512 aL=-0.0195 vL=0.0121 t0=[none=0.04 m0=0.36 m1=0.60]
[u  431] env=  3530752 succ=0.955 ret=+0.886 len= 7.9 ent=0.480 aL=-0.0186 vL=0.0084 t0=[none=0.03 m0=0.36 m1=0.60]
[u  432] env=  3538944 succ=0.945 ret=+0.876 len= 7.9 ent=0.497 aL=-0.0137 vL=0.0100 t0=[none=0.04 m0=0.33 m1=0.62]
[u  433] env=  3547136 succ=0.948 ret=+0.877 len= 8.0 ent=0.486 aL=-0.0151 vL=0.0114 t0=[none=0.03 m0=0.37 m1=0.60]
[u  434] env=  3555328 succ=0.953 ret=+0.885 len= 7.8 ent=0.479 aL=-0.0166 vL=0.0106 t0=[none=0.04 m0=0.37 m1=0.60]
[u  435] env=  3563520 succ=0.952 ret=+0.883 len= 7.8 ent=0.492 aL=-0.0184 vL=0.0098 t0=[none=0.03 m0=0.37 m1=0.60]
[u  436] env=  3571712 succ=0.959 ret=+0.890 len= 7.9 ent=0.489 aL=-0.0188 vL=0.0102 t0=[none=0.03 m0=0.35 m1=0.62]
[u  437] env=  3579904 succ=0.940 ret=+0.869 len= 8.0 ent=0.528 aL=-0.0181 vL=0.0120 t0=[none=0.03 m0=0.36 m1=0.60]
[u  438] env=  3588096 succ=0.953 ret=+0.883 len= 7.9 ent=0.518 aL=-0.0194 vL=0.0110 t0=[none=0.04 m0=0.38 m1=0.58]
[u  439] env=  3596288 succ=0.947 ret=+0.877 len= 7.9 ent=0.530 aL=-0.0148 vL=0.0127 t0=[none=0.04 m0=0.37 m1=0.59]
[u  440] env=  3604480 succ=0.957 ret=+0.887 len= 7.9 ent=0.502 aL=-0.0201 vL=0.0116 t0=[none=0.03 m0=0.37 m1=0.60]
[u  441] env=  3612672 succ=0.948 ret=+0.881 len= 7.7 ent=0.508 aL=-0.0238 vL=0.0090 t0=[none=0.03 m0=0.32 m1=0.65]
[u  442] env=  3620864 succ=0.948 ret=+0.878 len= 7.9 ent=0.508 aL=-0.0184 vL=0.0123 t0=[none=0.03 m0=0.34 m1=0.63]
[u  443] env=  3629056 succ=0.944 ret=+0.873 len= 8.0 ent=0.541 aL=-0.0160 vL=0.0134 t0=[none=0.04 m0=0.36 m1=0.60]
[u  444] env=  3637248 succ=0.936 ret=+0.864 len= 8.2 ent=0.534 aL=-0.0166 vL=0.0134 t0=[none=0.03 m0=0.35 m1=0.62]
[u  445] env=  3645440 succ=0.950 ret=+0.879 len= 8.0 ent=0.528 aL=-0.0226 vL=0.0116 t0=[none=0.05 m0=0.34 m1=0.61]
[u  446] env=  3653632 succ=0.933 ret=+0.861 len= 8.1 ent=0.530 aL=-0.0207 vL=0.0127 t0=[none=0.03 m0=0.34 m1=0.63]
[u  447] env=  3661824 succ=0.963 ret=+0.893 len= 8.0 ent=0.500 aL=-0.0173 vL=0.0127 t0=[none=0.04 m0=0.33 m1=0.63]
[u  448] env=  3670016 succ=0.955 ret=+0.885 len= 7.9 ent=0.527 aL=-0.0222 vL=0.0091 t0=[none=0.04 m0=0.35 m1=0.61]
[u  449] env=  3678208 succ=0.948 ret=+0.878 len= 8.0 ent=0.522 aL=-0.0178 vL=0.0108 t0=[none=0.03 m0=0.31 m1=0.66]
[u  450] env=  3686400 succ=0.965 ret=+0.896 len= 7.9 ent=0.518 aL=-0.0206 vL=0.0083 t0=[none=0.04 m0=0.35 m1=0.61]
[u  451] env=  3694592 succ=0.956 ret=+0.886 len= 7.9 ent=0.523 aL=-0.0190 vL=0.0091 t0=[none=0.04 m0=0.35 m1=0.62]
[u  452] env=  3702784 succ=0.950 ret=+0.881 len= 7.9 ent=0.532 aL=-0.0212 vL=0.0112 t0=[none=0.04 m0=0.34 m1=0.62]
[u  453] env=  3710976 succ=0.945 ret=+0.877 len= 7.8 ent=0.546 aL=-0.0174 vL=0.0114 t0=[none=0.05 m0=0.34 m1=0.61]
[u  454] env=  3719168 succ=0.939 ret=+0.870 len= 7.9 ent=0.530 aL=-0.0196 vL=0.0138 t0=[none=0.05 m0=0.33 m1=0.63]
[u  455] env=  3727360 succ=0.946 ret=+0.875 len= 8.0 ent=0.523 aL=-0.0189 vL=0.0107 t0=[none=0.04 m0=0.36 m1=0.60]
[u  456] env=  3735552 succ=0.957 ret=+0.888 len= 7.9 ent=0.507 aL=-0.0173 vL=0.0108 t0=[none=0.05 m0=0.34 m1=0.61]
[u  457] env=  3743744 succ=0.949 ret=+0.879 len= 8.0 ent=0.532 aL=-0.0178 vL=0.0099 t0=[none=0.06 m0=0.34 m1=0.61]
[u  458] env=  3751936 succ=0.928 ret=+0.857 len= 8.0 ent=0.543 aL=-0.0159 vL=0.0135 t0=[none=0.05 m0=0.34 m1=0.61]
[u  459] env=  3760128 succ=0.949 ret=+0.879 len= 8.0 ent=0.518 aL=-0.0133 vL=0.0098 t0=[none=0.06 m0=0.36 m1=0.58]
[u  460] env=  3768320 succ=0.944 ret=+0.873 len= 8.0 ent=0.528 aL=-0.0192 vL=0.0099 t0=[none=0.05 m0=0.35 m1=0.60]
[u  461] env=  3776512 succ=0.942 ret=+0.871 len= 8.1 ent=0.540 aL=-0.0224 vL=0.0106 t0=[none=0.05 m0=0.34 m1=0.61]
[u  462] env=  3784704 succ=0.943 ret=+0.873 len= 7.9 ent=0.532 aL=-0.0040 vL=0.0104 t0=[none=0.04 m0=0.34 m1=0.62]
[u  463] env=  3792896 succ=0.955 ret=+0.886 len= 7.8 ent=0.535 aL=-0.0171 vL=0.0104 t0=[none=0.03 m0=0.33 m1=0.64]
[u  464] env=  3801088 succ=0.945 ret=+0.875 len= 7.9 ent=0.537 aL=-0.0241 vL=0.0088 t0=[none=0.05 m0=0.35 m1=0.61]
[u  465] env=  3809280 succ=0.960 ret=+0.892 len= 7.8 ent=0.525 aL=-0.0168 vL=0.0096 t0=[none=0.06 m0=0.33 m1=0.62]
[u  466] env=  3817472 succ=0.949 ret=+0.879 len= 7.9 ent=0.527 aL=-0.0217 vL=0.0095 t0=[none=0.05 m0=0.35 m1=0.60]
[u  467] env=  3825664 succ=0.948 ret=+0.880 len= 7.8 ent=0.517 aL=-0.0195 vL=0.0084 t0=[none=0.04 m0=0.35 m1=0.61]
[u  468] env=  3833856 succ=0.959 ret=+0.890 len= 7.9 ent=0.525 aL=-0.0209 vL=0.0074 t0=[none=0.03 m0=0.35 m1=0.62]
[u  469] env=  3842048 succ=0.947 ret=+0.876 len= 8.0 ent=0.546 aL=-0.0193 vL=0.0098 t0=[none=0.05 m0=0.32 m1=0.63]
[u  470] env=  3850240 succ=0.938 ret=+0.869 len= 7.9 ent=0.524 aL=-0.0192 vL=0.0098 t0=[none=0.05 m0=0.32 m1=0.63]
[u  471] env=  3858432 succ=0.949 ret=+0.879 len= 8.0 ent=0.527 aL=-0.0160 vL=0.0102 t0=[none=0.03 m0=0.33 m1=0.63]
[u  472] env=  3866624 succ=0.941 ret=+0.871 len= 7.9 ent=0.509 aL=-0.0174 vL=0.0091 t0=[none=0.04 m0=0.35 m1=0.61]
[u  473] env=  3874816 succ=0.949 ret=+0.879 len= 7.9 ent=0.518 aL=-0.0156 vL=0.0107 t0=[none=0.04 m0=0.34 m1=0.62]
[u  474] env=  3883008 succ=0.946 ret=+0.877 len= 7.9 ent=0.533 aL=-0.0190 vL=0.0104 t0=[none=0.04 m0=0.35 m1=0.61]
[u  475] env=  3891200 succ=0.957 ret=+0.886 len= 8.0 ent=0.510 aL=-0.0151 vL=0.0081 t0=[none=0.04 m0=0.35 m1=0.61]
[u  476] env=  3899392 succ=0.957 ret=+0.887 len= 7.9 ent=0.513 aL=-0.0205 vL=0.0087 t0=[none=0.04 m0=0.32 m1=0.64]
[u  477] env=  3907584 succ=0.957 ret=+0.887 len= 8.0 ent=0.525 aL=-0.0191 vL=0.0098 t0=[none=0.08 m0=0.32 m1=0.60]
[u  478] env=  3915776 succ=0.948 ret=+0.876 len= 8.1 ent=0.521 aL=-0.0153 vL=0.0101 t0=[none=0.05 m0=0.35 m1=0.59]
[u  479] env=  3923968 succ=0.947 ret=+0.878 len= 7.8 ent=0.521 aL=-0.0199 vL=0.0095 t0=[none=0.06 m0=0.33 m1=0.61]
[u  480] env=  3932160 succ=0.955 ret=+0.885 len= 8.0 ent=0.533 aL=-0.0186 vL=0.0083 t0=[none=0.06 m0=0.34 m1=0.60]
[u  481] env=  3940352 succ=0.949 ret=+0.880 len= 7.9 ent=0.522 aL=-0.0212 vL=0.0109 t0=[none=0.04 m0=0.35 m1=0.61]
[u  482] env=  3948544 succ=0.959 ret=+0.891 len= 7.8 ent=0.528 aL=-0.0165 vL=0.0069 t0=[none=0.04 m0=0.32 m1=0.64]
[u  483] env=  3956736 succ=0.961 ret=+0.892 len= 7.8 ent=0.548 aL=-0.0216 vL=0.0067 t0=[none=0.04 m0=0.35 m1=0.61]
[u  484] env=  3964928 succ=0.936 ret=+0.863 len= 8.2 ent=0.595 aL=-0.0216 vL=0.0114 t0=[none=0.05 m0=0.31 m1=0.64]
[u  485] env=  3973120 succ=0.955 ret=+0.887 len= 7.8 ent=0.518 aL=-0.0161 vL=0.0084 t0=[none=0.03 m0=0.34 m1=0.63]
[u  486] env=  3981312 succ=0.953 ret=+0.882 len= 8.0 ent=0.571 aL=-0.0209 vL=0.0107 t0=[none=0.04 m0=0.34 m1=0.62]
[u  487] env=  3989504 succ=0.942 ret=+0.871 len= 8.1 ent=0.554 aL=-0.0240 vL=0.0131 t0=[none=0.03 m0=0.33 m1=0.63]
[u  488] env=  3997696 succ=0.946 ret=+0.877 len= 7.9 ent=0.552 aL=-0.0170 vL=0.0110 t0=[none=0.04 m0=0.34 m1=0.62]
[u  489] env=  4005888 succ=0.945 ret=+0.873 len= 8.1 ent=0.543 aL=-0.0198 vL=0.0117 t0=[none=0.04 m0=0.33 m1=0.62]
[u  490] env=  4014080 succ=0.943 ret=+0.872 len= 8.0 ent=0.537 aL=-0.0211 vL=0.0109 t0=[none=0.05 m0=0.32 m1=0.63]
[u  491] env=  4022272 succ=0.963 ret=+0.895 len= 7.7 ent=0.508 aL=-0.0213 vL=0.0068 t0=[none=0.04 m0=0.32 m1=0.64]
[u  492] env=  4030464 succ=0.961 ret=+0.891 len= 8.0 ent=0.519 aL=-0.0203 vL=0.0096 t0=[none=0.03 m0=0.36 m1=0.60]
[u  493] env=  4038656 succ=0.956 ret=+0.888 len= 7.8 ent=0.512 aL=-0.0213 vL=0.0098 t0=[none=0.02 m0=0.36 m1=0.62]
[u  494] env=  4046848 succ=0.951 ret=+0.881 len= 7.9 ent=0.505 aL=-0.0228 vL=0.0103 t0=[none=0.03 m0=0.35 m1=0.62]
[u  495] env=  4055040 succ=0.963 ret=+0.893 len= 7.9 ent=0.499 aL=-0.0212 vL=0.0100 t0=[none=0.03 m0=0.36 m1=0.60]
[u  496] env=  4063232 succ=0.964 ret=+0.894 len= 7.9 ent=0.496 aL=-0.0200 vL=0.0054 t0=[none=0.04 m0=0.35 m1=0.61]
[u  497] env=  4071424 succ=0.954 ret=+0.883 len= 8.0 ent=0.518 aL=-0.0191 vL=0.0079 t0=[none=0.04 m0=0.35 m1=0.61]
[u  498] env=  4079616 succ=0.951 ret=+0.882 len= 7.9 ent=0.512 aL=-0.0203 vL=0.0086 t0=[none=0.03 m0=0.35 m1=0.61]
[u  499] env=  4087808 succ=0.948 ret=+0.878 len= 7.9 ent=0.499 aL=-0.0174 vL=0.0096 t0=[none=0.04 m0=0.37 m1=0.59]
[u  500] env=  4096000 succ=0.956 ret=+0.887 len= 7.9 ent=0.499 aL=-0.0173 vL=0.0070 t0=[none=0.04 m0=0.34 m1=0.62]
[u  501] env=  4104192 succ=0.948 ret=+0.879 len= 7.8 ent=0.509 aL=-0.0200 vL=0.0085 t0=[none=0.03 m0=0.34 m1=0.63]
[u  502] env=  4112384 succ=0.953 ret=+0.883 len= 7.9 ent=0.512 aL=-0.0192 vL=0.0085 t0=[none=0.04 m0=0.33 m1=0.63]
[u  503] env=  4120576 succ=0.951 ret=+0.881 len= 8.0 ent=0.533 aL=-0.0164 vL=0.0085 t0=[none=0.03 m0=0.34 m1=0.62]
[u  504] env=  4128768 succ=0.942 ret=+0.871 len= 8.1 ent=0.554 aL=-0.0179 vL=0.0107 t0=[none=0.04 m0=0.36 m1=0.60]
[u  505] env=  4136960 succ=0.951 ret=+0.881 len= 8.0 ent=0.531 aL=-0.0150 vL=0.0112 t0=[none=0.04 m0=0.36 m1=0.61]
[u  506] env=  4145152 succ=0.955 ret=+0.886 len= 7.8 ent=0.523 aL=-0.0182 vL=0.0089 t0=[none=0.03 m0=0.36 m1=0.61]
[u  507] env=  4153344 succ=0.947 ret=+0.877 len= 8.0 ent=0.522 aL=-0.0182 vL=0.0085 t0=[none=0.03 m0=0.35 m1=0.62]
[u  508] env=  4161536 succ=0.955 ret=+0.884 len= 8.0 ent=0.542 aL=-0.0177 vL=0.0118 t0=[none=0.03 m0=0.32 m1=0.66]
[u  509] env=  4169728 succ=0.950 ret=+0.881 len= 7.9 ent=0.544 aL=-0.0202 vL=0.0088 t0=[none=0.03 m0=0.34 m1=0.64]
[u  510] env=  4177920 succ=0.961 ret=+0.892 len= 7.8 ent=0.533 aL=-0.0209 vL=0.0077 t0=[none=0.04 m0=0.36 m1=0.60]
[u  511] env=  4186112 succ=0.961 ret=+0.892 len= 8.0 ent=0.544 aL=-0.0191 vL=0.0087 t0=[none=0.04 m0=0.32 m1=0.64]
[u  512] env=  4194304 succ=0.953 ret=+0.883 len= 8.0 ent=0.548 aL=-0.0165 vL=0.0102 t0=[none=0.04 m0=0.34 m1=0.63]
[u  513] env=  4202496 succ=0.952 ret=+0.883 len= 7.8 ent=0.543 aL=-0.0202 vL=0.0100 t0=[none=0.04 m0=0.34 m1=0.62]
[u  514] env=  4210688 succ=0.964 ret=+0.896 len= 7.7 ent=0.536 aL=-0.0206 vL=0.0064 t0=[none=0.02 m0=0.34 m1=0.64]
[u  515] env=  4218880 succ=0.961 ret=+0.892 len= 7.9 ent=0.539 aL=-0.0177 vL=0.0092 t0=[none=0.04 m0=0.34 m1=0.62]
[u  516] env=  4227072 succ=0.954 ret=+0.885 len= 7.8 ent=0.536 aL=-0.0153 vL=0.0078 t0=[none=0.04 m0=0.34 m1=0.62]
[u  517] env=  4235264 succ=0.958 ret=+0.889 len= 7.8 ent=0.520 aL=-0.0157 vL=0.0085 t0=[none=0.03 m0=0.35 m1=0.62]
[u  518] env=  4243456 succ=0.962 ret=+0.893 len= 7.8 ent=0.515 aL=-0.0153 vL=0.0078 t0=[none=0.02 m0=0.36 m1=0.62]
[u  519] env=  4251648 succ=0.960 ret=+0.890 len= 7.9 ent=0.526 aL=-0.0169 vL=0.0066 t0=[none=0.02 m0=0.33 m1=0.65]
[u  520] env=  4259840 succ=0.964 ret=+0.896 len= 7.8 ent=0.519 aL=-0.0207 vL=0.0070 t0=[none=0.03 m0=0.31 m1=0.67]
[u  521] env=  4268032 succ=0.950 ret=+0.881 len= 7.8 ent=0.526 aL=-0.0195 vL=0.0111 t0=[none=0.03 m0=0.35 m1=0.62]
[u  522] env=  4276224 succ=0.965 ret=+0.897 len= 7.8 ent=0.526 aL=-0.0219 vL=0.0066 t0=[none=0.04 m0=0.35 m1=0.61]
[u  523] env=  4284416 succ=0.951 ret=+0.882 len= 7.9 ent=0.559 aL=-0.0213 vL=0.0107 t0=[none=0.04 m0=0.37 m1=0.59]
[u  524] env=  4292608 succ=0.951 ret=+0.880 len= 8.1 ent=0.561 aL=-0.0203 vL=0.0092 t0=[none=0.03 m0=0.37 m1=0.60]
[u  525] env=  4300800 succ=0.959 ret=+0.890 len= 7.9 ent=0.556 aL=-0.0193 vL=0.0102 t0=[none=0.03 m0=0.35 m1=0.63]
[u  526] env=  4308992 succ=0.970 ret=+0.902 len= 7.8 ent=0.539 aL=-0.0168 vL=0.0104 t0=[none=0.03 m0=0.34 m1=0.63]
[u  527] env=  4317184 succ=0.954 ret=+0.885 len= 7.9 ent=0.563 aL=-0.0207 vL=0.0088 t0=[none=0.05 m0=0.37 m1=0.58]
[u  528] env=  4325376 succ=0.935 ret=+0.865 len= 8.0 ent=0.576 aL=-0.0213 vL=0.0122 t0=[none=0.03 m0=0.36 m1=0.61]
[u  529] env=  4333568 succ=0.956 ret=+0.887 len= 7.8 ent=0.528 aL=-0.0221 vL=0.0082 t0=[none=0.03 m0=0.33 m1=0.64]
[u  530] env=  4341760 succ=0.965 ret=+0.897 len= 7.8 ent=0.521 aL=-0.0189 vL=0.0079 t0=[none=0.03 m0=0.34 m1=0.63]
[u  531] env=  4349952 succ=0.949 ret=+0.880 len= 7.8 ent=0.571 aL=-0.0182 vL=0.0090 t0=[none=0.03 m0=0.31 m1=0.65]
[u  532] env=  4358144 succ=0.963 ret=+0.894 len= 7.9 ent=0.538 aL=-0.0208 vL=0.0071 t0=[none=0.02 m0=0.36 m1=0.61]
[u  533] env=  4366336 succ=0.943 ret=+0.873 len= 7.9 ent=0.553 aL=-0.0238 vL=0.0148 t0=[none=0.03 m0=0.35 m1=0.62]
[u  534] env=  4374528 succ=0.950 ret=+0.881 len= 7.8 ent=0.544 aL=-0.0192 vL=0.0094 t0=[none=0.02 m0=0.31 m1=0.67]
[u  535] env=  4382720 succ=0.957 ret=+0.888 len= 7.9 ent=0.540 aL=-0.0207 vL=0.0092 t0=[none=0.02 m0=0.34 m1=0.64]
[u  536] env=  4390912 succ=0.946 ret=+0.878 len= 7.8 ent=0.547 aL=-0.0183 vL=0.0090 t0=[none=0.03 m0=0.32 m1=0.64]
[u  537] env=  4399104 succ=0.938 ret=+0.869 len= 7.9 ent=0.540 aL=-0.0208 vL=0.0143 t0=[none=0.03 m0=0.32 m1=0.65]
[u  538] env=  4407296 succ=0.958 ret=+0.889 len= 7.8 ent=0.523 aL=-0.0236 vL=0.0102 t0=[none=0.03 m0=0.35 m1=0.62]
[u  539] env=  4415488 succ=0.935 ret=+0.863 len= 8.1 ent=0.542 aL=-0.0209 vL=0.0122 t0=[none=0.04 m0=0.35 m1=0.60]
[u  540] env=  4423680 succ=0.958 ret=+0.890 len= 7.8 ent=0.512 aL=-0.0171 vL=0.0103 t0=[none=0.04 m0=0.35 m1=0.61]
[u  541] env=  4431872 succ=0.948 ret=+0.879 len= 7.9 ent=0.537 aL=-0.0200 vL=0.0104 t0=[none=0.03 m0=0.35 m1=0.62]
[u  542] env=  4440064 succ=0.949 ret=+0.880 len= 7.9 ent=0.529 aL=-0.0192 vL=0.0094 t0=[none=0.03 m0=0.38 m1=0.59]
[u  543] env=  4448256 succ=0.966 ret=+0.897 len= 7.8 ent=0.519 aL=-0.0194 vL=0.0091 t0=[none=0.03 m0=0.34 m1=0.63]
[u  544] env=  4456448 succ=0.956 ret=+0.888 len= 7.8 ent=0.542 aL=-0.0208 vL=0.0100 t0=[none=0.04 m0=0.34 m1=0.62]
[u  545] env=  4464640 succ=0.962 ret=+0.894 len= 7.8 ent=0.527 aL=-0.0163 vL=0.0101 t0=[none=0.03 m0=0.34 m1=0.64]
[u  546] env=  4472832 succ=0.950 ret=+0.882 len= 7.8 ent=0.556 aL=-0.0190 vL=0.0103 t0=[none=0.03 m0=0.34 m1=0.63]
[u  547] env=  4481024 succ=0.958 ret=+0.892 len= 7.6 ent=0.525 aL=-0.0179 vL=0.0087 t0=[none=0.03 m0=0.35 m1=0.62]
[u  548] env=  4489216 succ=0.952 ret=+0.883 len= 7.9 ent=0.546 aL=-0.0223 vL=0.0097 t0=[none=0.03 m0=0.36 m1=0.61]
[u  549] env=  4497408 succ=0.961 ret=+0.893 len= 7.8 ent=0.535 aL=-0.0206 vL=0.0085 t0=[none=0.02 m0=0.34 m1=0.63]
[u  550] env=  4505600 succ=0.952 ret=+0.881 len= 8.1 ent=0.553 aL=-0.0213 vL=0.0102 t0=[none=0.02 m0=0.36 m1=0.61]
[u  551] env=  4513792 succ=0.957 ret=+0.888 len= 7.9 ent=0.555 aL=-0.0194 vL=0.0088 t0=[none=0.02 m0=0.34 m1=0.64]
[u  552] env=  4521984 succ=0.967 ret=+0.898 len= 7.9 ent=0.537 aL=-0.0230 vL=0.0067 t0=[none=0.02 m0=0.35 m1=0.63]
[u  553] env=  4530176 succ=0.952 ret=+0.883 len= 7.9 ent=0.540 aL=-0.0200 vL=0.0087 t0=[none=0.02 m0=0.35 m1=0.64]
[u  554] env=  4538368 succ=0.966 ret=+0.897 len= 7.9 ent=0.528 aL=-0.0197 vL=0.0073 t0=[none=0.02 m0=0.36 m1=0.62]
[u  555] env=  4546560 succ=0.950 ret=+0.879 len= 8.0 ent=0.548 aL=-0.0242 vL=0.0105 t0=[none=0.02 m0=0.35 m1=0.63]
[u  556] env=  4554752 succ=0.954 ret=+0.885 len= 7.8 ent=0.533 aL=-0.0171 vL=0.0122 t0=[none=0.02 m0=0.35 m1=0.64]
[u  557] env=  4562944 succ=0.955 ret=+0.887 len= 7.8 ent=0.546 aL=-0.0199 vL=0.0079 t0=[none=0.02 m0=0.34 m1=0.64]
[u  558] env=  4571136 succ=0.961 ret=+0.892 len= 7.9 ent=0.540 aL=-0.0167 vL=0.0090 t0=[none=0.02 m0=0.35 m1=0.63]
[u  559] env=  4579328 succ=0.957 ret=+0.888 len= 7.9 ent=0.551 aL=-0.0205 vL=0.0092 t0=[none=0.01 m0=0.33 m1=0.66]
[u  560] env=  4587520 succ=0.961 ret=+0.891 len= 7.9 ent=0.547 aL=-0.0238 vL=0.0110 t0=[none=0.01 m0=0.35 m1=0.63]
[u  561] env=  4595712 succ=0.952 ret=+0.882 len= 7.9 ent=0.552 aL=-0.0162 vL=0.0093 t0=[none=0.02 m0=0.35 m1=0.62]
[u  562] env=  4603904 succ=0.953 ret=+0.883 len= 7.9 ent=0.542 aL=-0.0219 vL=0.0115 t0=[none=0.01 m0=0.36 m1=0.63]
[u  563] env=  4612096 succ=0.952 ret=+0.884 len= 7.8 ent=0.539 aL=-0.0216 vL=0.0100 t0=[none=0.02 m0=0.34 m1=0.64]
[u  564] env=  4620288 succ=0.949 ret=+0.879 len= 8.0 ent=0.554 aL=-0.0198 vL=0.0106 t0=[none=0.02 m0=0.34 m1=0.65]
[u  565] env=  4628480 succ=0.952 ret=+0.881 len= 8.0 ent=0.543 aL=-0.0241 vL=0.0100 t0=[none=0.02 m0=0.34 m1=0.64]
[u  566] env=  4636672 succ=0.942 ret=+0.873 len= 7.9 ent=0.539 aL=-0.0179 vL=0.0106 t0=[none=0.01 m0=0.34 m1=0.64]
[u  567] env=  4644864 succ=0.945 ret=+0.875 len= 7.9 ent=0.533 aL=-0.0161 vL=0.0111 t0=[none=0.01 m0=0.35 m1=0.64]
[u  568] env=  4653056 succ=0.967 ret=+0.898 len= 7.9 ent=0.504 aL=-0.0221 vL=0.0080 t0=[none=0.01 m0=0.33 m1=0.66]
[u  569] env=  4661248 succ=0.963 ret=+0.894 len= 7.8 ent=0.509 aL=-0.0218 vL=0.0099 t0=[none=0.01 m0=0.35 m1=0.64]
[u  570] env=  4669440 succ=0.950 ret=+0.879 len= 8.0 ent=0.560 aL=-0.0198 vL=0.0127 t0=[none=0.03 m0=0.36 m1=0.61]
[u  571] env=  4677632 succ=0.954 ret=+0.884 len= 7.9 ent=0.527 aL=-0.0189 vL=0.0076 t0=[none=0.03 m0=0.37 m1=0.61]
[u  572] env=  4685824 succ=0.964 ret=+0.895 len= 7.8 ent=0.524 aL=-0.0190 vL=0.0081 t0=[none=0.02 m0=0.36 m1=0.62]
[u  573] env=  4694016 succ=0.960 ret=+0.893 len= 7.7 ent=0.538 aL=-0.0199 vL=0.0091 t0=[none=0.03 m0=0.36 m1=0.61]
[u  574] env=  4702208 succ=0.961 ret=+0.891 len= 7.9 ent=0.534 aL=-0.0155 vL=0.0061 t0=[none=0.02 m0=0.34 m1=0.64]
[u  575] env=  4710400 succ=0.957 ret=+0.888 len= 7.9 ent=0.545 aL=-0.0221 vL=0.0092 t0=[none=0.02 m0=0.37 m1=0.61]
[u  576] env=  4718592 succ=0.952 ret=+0.883 len= 7.9 ent=0.540 aL=-0.0195 vL=0.0107 t0=[none=0.01 m0=0.37 m1=0.61]
[u  577] env=  4726784 succ=0.966 ret=+0.898 len= 7.8 ent=0.525 aL=-0.0207 vL=0.0080 t0=[none=0.01 m0=0.37 m1=0.62]
[u  578] env=  4734976 succ=0.975 ret=+0.908 len= 7.6 ent=0.525 aL=-0.0194 vL=0.0076 t0=[none=0.02 m0=0.38 m1=0.60]
[u  579] env=  4743168 succ=0.970 ret=+0.903 len= 7.7 ent=0.543 aL=-0.0209 vL=0.0086 t0=[none=0.02 m0=0.37 m1=0.61]
[u  580] env=  4751360 succ=0.950 ret=+0.880 len= 7.9 ent=0.572 aL=-0.0219 vL=0.0099 t0=[none=0.02 m0=0.34 m1=0.64]
[u  581] env=  4759552 succ=0.952 ret=+0.883 len= 7.9 ent=0.584 aL=-0.0227 vL=0.0125 t0=[none=0.02 m0=0.36 m1=0.62]
[u  582] env=  4767744 succ=0.947 ret=+0.879 len= 7.8 ent=0.563 aL=-0.0219 vL=0.0113 t0=[none=0.02 m0=0.36 m1=0.62]
[u  583] env=  4775936 succ=0.965 ret=+0.899 len= 7.7 ent=0.538 aL=-0.0220 vL=0.0077 t0=[none=0.00 m0=0.38 m1=0.62]
[u  584] env=  4784128 succ=0.965 ret=+0.895 len= 8.0 ent=0.539 aL=-0.0204 vL=0.0077 t0=[none=0.02 m0=0.38 m1=0.60]
[u  585] env=  4792320 succ=0.953 ret=+0.885 len= 7.8 ent=0.551 aL=-0.0144 vL=0.0095 t0=[none=0.01 m0=0.37 m1=0.62]
[u  586] env=  4800512 succ=0.965 ret=+0.898 len= 7.6 ent=0.526 aL=-0.0167 vL=0.0059 t0=[none=0.02 m0=0.37 m1=0.62]
[u  587] env=  4808704 succ=0.951 ret=+0.883 len= 7.8 ent=0.535 aL=-0.0162 vL=0.0101 t0=[none=0.02 m0=0.36 m1=0.63]
[u  588] env=  4816896 succ=0.968 ret=+0.901 len= 7.7 ent=0.515 aL=-0.0177 vL=0.0090 t0=[none=0.01 m0=0.36 m1=0.62]
[u  589] env=  4825088 succ=0.961 ret=+0.892 len= 7.8 ent=0.515 aL=-0.0206 vL=0.0069 t0=[none=0.01 m0=0.38 m1=0.60]
[u  590] env=  4833280 succ=0.965 ret=+0.898 len= 7.7 ent=0.510 aL=-0.0212 vL=0.0087 t0=[none=0.02 m0=0.34 m1=0.64]
[u  591] env=  4841472 succ=0.951 ret=+0.882 len= 7.8 ent=0.532 aL=-0.0143 vL=0.0109 t0=[none=0.01 m0=0.38 m1=0.61]
[u  592] env=  4849664 succ=0.948 ret=+0.878 len= 7.9 ent=0.526 aL=-0.0210 vL=0.0110 t0=[none=0.02 m0=0.38 m1=0.61]
[u  593] env=  4857856 succ=0.960 ret=+0.892 len= 7.7 ent=0.522 aL=-0.0174 vL=0.0077 t0=[none=0.02 m0=0.37 m1=0.61]
[u  594] env=  4866048 succ=0.953 ret=+0.886 len= 7.7 ent=0.550 aL=-0.0216 vL=0.0108 t0=[none=0.02 m0=0.34 m1=0.64]
[u  595] env=  4874240 succ=0.961 ret=+0.892 len= 7.9 ent=0.531 aL=-0.0192 vL=0.0073 t0=[none=0.02 m0=0.38 m1=0.60]
[u  596] env=  4882432 succ=0.954 ret=+0.885 len= 7.9 ent=0.521 aL=-0.0183 vL=0.0094 t0=[none=0.02 m0=0.35 m1=0.63]
[u  597] env=  4890624 succ=0.969 ret=+0.903 len= 7.6 ent=0.501 aL=-0.0229 vL=0.0066 t0=[none=0.02 m0=0.37 m1=0.62]
[u  598] env=  4898816 succ=0.949 ret=+0.880 len= 7.9 ent=0.512 aL=-0.0192 vL=0.0126 t0=[none=0.01 m0=0.36 m1=0.63]
[u  599] env=  4907008 succ=0.955 ret=+0.887 len= 7.7 ent=0.528 aL=-0.0171 vL=0.0079 t0=[none=0.02 m0=0.39 m1=0.59]
[u  600] env=  4915200 succ=0.951 ret=+0.882 len= 7.8 ent=0.507 aL=-0.0205 vL=0.0100 t0=[none=0.02 m0=0.38 m1=0.60]
[u  601] env=  4923392 succ=0.946 ret=+0.878 len= 7.8 ent=0.514 aL=-0.0215 vL=0.0085 t0=[none=0.03 m0=0.36 m1=0.61]
[u  602] env=  4931584 succ=0.947 ret=+0.876 len= 8.0 ent=0.512 aL=-0.0154 vL=0.0098 t0=[none=0.02 m0=0.36 m1=0.62]
[u  603] env=  4939776 succ=0.962 ret=+0.895 len= 7.7 ent=0.473 aL=-0.0189 vL=0.0066 t0=[none=0.01 m0=0.35 m1=0.64]
[u  604] env=  4947968 succ=0.969 ret=+0.902 len= 7.7 ent=0.520 aL=-0.0212 vL=0.0064 t0=[none=0.02 m0=0.36 m1=0.63]
[u  605] env=  4956160 succ=0.959 ret=+0.890 len= 7.9 ent=0.526 aL=-0.0167 vL=0.0084 t0=[none=0.02 m0=0.37 m1=0.61]
[u  606] env=  4964352 succ=0.951 ret=+0.883 len= 7.8 ent=0.533 aL=-0.0165 vL=0.0093 t0=[none=0.02 m0=0.35 m1=0.63]
[u  607] env=  4972544 succ=0.948 ret=+0.879 len= 7.8 ent=0.536 aL=-0.0152 vL=0.0072 t0=[none=0.02 m0=0.38 m1=0.60]
[u  608] env=  4980736 succ=0.946 ret=+0.876 len= 7.9 ent=0.530 aL=-0.0179 vL=0.0096 t0=[none=0.03 m0=0.37 m1=0.60]
[u  609] env=  4988928 succ=0.954 ret=+0.885 len= 7.8 ent=0.513 aL=-0.0142 vL=0.0103 t0=[none=0.02 m0=0.35 m1=0.64]
[u  610] env=  4997120 succ=0.959 ret=+0.892 len= 7.7 ent=0.503 aL=-0.0219 vL=0.0078 t0=[none=0.02 m0=0.37 m1=0.61]
[u  611] env=  5005312 succ=0.939 ret=+0.870 len= 7.9 ent=0.530 aL=-0.0201 vL=0.0105 t0=[none=0.03 m0=0.35 m1=0.62]
[u  612] env=  5013504 succ=0.938 ret=+0.869 len= 7.8 ent=0.545 aL=-0.0174 vL=0.0095 t0=[none=0.04 m0=0.37 m1=0.59]
[u  613] env=  5021696 succ=0.938 ret=+0.868 len= 7.9 ent=0.558 aL=-0.0201 vL=0.0095 t0=[none=0.02 m0=0.37 m1=0.61]
[u  614] env=  5029888 succ=0.957 ret=+0.889 len= 7.8 ent=0.537 aL=-0.0175 vL=0.0077 t0=[none=0.02 m0=0.38 m1=0.60]
[u  615] env=  5038080 succ=0.956 ret=+0.888 len= 7.8 ent=0.551 aL=-0.0177 vL=0.0111 t0=[none=0.04 m0=0.35 m1=0.61]
[u  616] env=  5046272 succ=0.955 ret=+0.888 len= 7.7 ent=0.530 aL=-0.0183 vL=0.0064 t0=[none=0.02 m0=0.36 m1=0.62]
[u  617] env=  5054464 succ=0.959 ret=+0.891 len= 7.7 ent=0.529 aL=-0.0165 vL=0.0087 t0=[none=0.03 m0=0.35 m1=0.62]
[u  618] env=  5062656 succ=0.967 ret=+0.899 len= 7.7 ent=0.518 aL=-0.0197 vL=0.0069 t0=[none=0.01 m0=0.36 m1=0.62]
[u  619] env=  5070848 succ=0.954 ret=+0.888 len= 7.6 ent=0.544 aL=-0.0181 vL=0.0074 t0=[none=0.03 m0=0.36 m1=0.61]
[u  620] env=  5079040 succ=0.937 ret=+0.867 len= 7.9 ent=0.554 aL=-0.0209 vL=0.0114 t0=[none=0.02 m0=0.34 m1=0.64]
[u  621] env=  5087232 succ=0.955 ret=+0.886 len= 7.8 ent=0.530 aL=-0.0156 vL=0.0084 t0=[none=0.03 m0=0.35 m1=0.62]
[u  622] env=  5095424 succ=0.955 ret=+0.885 len= 7.9 ent=0.524 aL=-0.0170 vL=0.0102 t0=[none=0.02 m0=0.38 m1=0.60]
[u  623] env=  5103616 succ=0.960 ret=+0.893 len= 7.6 ent=0.511 aL=-0.0187 vL=0.0058 t0=[none=0.03 m0=0.37 m1=0.60]
[u  624] env=  5111808 succ=0.952 ret=+0.885 len= 7.7 ent=0.535 aL=-0.0172 vL=0.0099 t0=[none=0.03 m0=0.39 m1=0.59]
[u  625] env=  5120000 succ=0.940 ret=+0.870 len= 7.9 ent=0.549 aL=-0.0156 vL=0.0090 t0=[none=0.03 m0=0.36 m1=0.60]
[u  626] env=  5128192 succ=0.960 ret=+0.892 len= 7.7 ent=0.517 aL=-0.0164 vL=0.0059 t0=[none=0.03 m0=0.34 m1=0.63]
[u  627] env=  5136384 succ=0.950 ret=+0.881 len= 7.8 ent=0.553 aL=-0.0169 vL=0.0100 t0=[none=0.03 m0=0.34 m1=0.64]
[u  628] env=  5144576 succ=0.956 ret=+0.888 len= 7.8 ent=0.540 aL=-0.0198 vL=0.0065 t0=[none=0.02 m0=0.39 m1=0.59]
[u  629] env=  5152768 succ=0.957 ret=+0.890 len= 7.7 ent=0.537 aL=-0.0187 vL=0.0096 t0=[none=0.02 m0=0.35 m1=0.63]
[u  630] env=  5160960 succ=0.958 ret=+0.890 len= 7.8 ent=0.530 aL=-0.0188 vL=0.0098 t0=[none=0.02 m0=0.37 m1=0.61]
[u  631] env=  5169152 succ=0.969 ret=+0.903 len= 7.6 ent=0.498 aL=-0.0194 vL=0.0069 t0=[none=0.02 m0=0.35 m1=0.63]
[u  632] env=  5177344 succ=0.958 ret=+0.890 len= 7.8 ent=0.533 aL=-0.0158 vL=0.0067 t0=[none=0.03 m0=0.35 m1=0.62]
[u  633] env=  5185536 succ=0.957 ret=+0.888 len= 7.8 ent=0.537 aL=-0.0139 vL=0.0097 t0=[none=0.01 m0=0.36 m1=0.62]
[u  634] env=  5193728 succ=0.954 ret=+0.886 len= 7.8 ent=0.522 aL=-0.0193 vL=0.0097 t0=[none=0.01 m0=0.35 m1=0.63]
[u  635] env=  5201920 succ=0.959 ret=+0.891 len= 7.7 ent=0.517 aL=-0.0184 vL=0.0068 t0=[none=0.03 m0=0.34 m1=0.63]
[u  636] env=  5210112 succ=0.962 ret=+0.896 len= 7.6 ent=0.504 aL=-0.0144 vL=0.0067 t0=[none=0.02 m0=0.35 m1=0.63]
[u  637] env=  5218304 succ=0.959 ret=+0.891 len= 7.7 ent=0.501 aL=-0.0126 vL=0.0084 t0=[none=0.03 m0=0.36 m1=0.61]
[u  638] env=  5226496 succ=0.959 ret=+0.892 len= 7.6 ent=0.504 aL=-0.0174 vL=0.0074 t0=[none=0.02 m0=0.36 m1=0.62]
[u  639] env=  5234688 succ=0.958 ret=+0.890 len= 7.7 ent=0.503 aL=-0.0195 vL=0.0080 t0=[none=0.02 m0=0.37 m1=0.60]
[u  640] env=  5242880 succ=0.968 ret=+0.901 len= 7.7 ent=0.492 aL=-0.0202 vL=0.0056 t0=[none=0.03 m0=0.36 m1=0.62]
[u  641] env=  5251072 succ=0.965 ret=+0.898 len= 7.6 ent=0.502 aL=-0.0168 vL=0.0070 t0=[none=0.02 m0=0.37 m1=0.61]
[u  642] env=  5259264 succ=0.949 ret=+0.881 len= 7.8 ent=0.515 aL=-0.0125 vL=0.0101 t0=[none=0.03 m0=0.35 m1=0.62]
[u  643] env=  5267456 succ=0.947 ret=+0.879 len= 7.7 ent=0.523 aL=-0.0174 vL=0.0087 t0=[none=0.03 m0=0.35 m1=0.62]
[u  644] env=  5275648 succ=0.952 ret=+0.885 len= 7.7 ent=0.517 aL=-0.0104 vL=0.0085 t0=[none=0.03 m0=0.37 m1=0.60]
[u  645] env=  5283840 succ=0.963 ret=+0.895 len= 7.8 ent=0.507 aL=-0.0182 vL=0.0069 t0=[none=0.03 m0=0.38 m1=0.59]
[u  646] env=  5292032 succ=0.955 ret=+0.887 len= 7.8 ent=0.527 aL=-0.0196 vL=0.0075 t0=[none=0.04 m0=0.37 m1=0.59]
[u  647] env=  5300224 succ=0.946 ret=+0.878 len= 7.8 ent=0.540 aL=-0.0209 vL=0.0072 t0=[none=0.04 m0=0.33 m1=0.63]
[u  648] env=  5308416 succ=0.945 ret=+0.876 len= 7.8 ent=0.532 aL=-0.0173 vL=0.0129 t0=[none=0.03 m0=0.36 m1=0.61]
[u  649] env=  5316608 succ=0.943 ret=+0.873 len= 8.0 ent=0.521 aL=-0.0171 vL=0.0076 t0=[none=0.02 m0=0.36 m1=0.62]
[u  650] env=  5324800 succ=0.948 ret=+0.878 len= 7.9 ent=0.509 aL=-0.0196 vL=0.0092 t0=[none=0.03 m0=0.36 m1=0.61]
[u  651] env=  5332992 succ=0.951 ret=+0.882 len= 7.8 ent=0.511 aL=-0.0079 vL=0.0126 t0=[none=0.04 m0=0.36 m1=0.60]
[u  652] env=  5341184 succ=0.944 ret=+0.875 len= 7.9 ent=0.533 aL=-0.0192 vL=0.0100 t0=[none=0.04 m0=0.36 m1=0.60]
[u  653] env=  5349376 succ=0.948 ret=+0.880 len= 7.7 ent=0.504 aL=-0.0214 vL=0.0081 t0=[none=0.03 m0=0.37 m1=0.60]
[u  654] env=  5357568 succ=0.948 ret=+0.880 len= 7.8 ent=0.511 aL=-0.0094 vL=0.0107 t0=[none=0.03 m0=0.37 m1=0.60]
[u  655] env=  5365760 succ=0.946 ret=+0.877 len= 7.9 ent=0.518 aL=-0.0183 vL=0.0095 t0=[none=0.04 m0=0.33 m1=0.63]
[u  656] env=  5373952 succ=0.944 ret=+0.875 len= 7.8 ent=0.521 aL=-0.0166 vL=0.0106 t0=[none=0.03 m0=0.34 m1=0.63]
[u  657] env=  5382144 succ=0.946 ret=+0.876 len= 7.9 ent=0.507 aL=-0.0156 vL=0.0089 t0=[none=0.03 m0=0.37 m1=0.61]
[u  658] env=  5390336 succ=0.950 ret=+0.882 len= 7.8 ent=0.529 aL=-0.0171 vL=0.0089 t0=[none=0.03 m0=0.39 m1=0.58]
[u  659] env=  5398528 succ=0.934 ret=+0.864 len= 7.9 ent=0.558 aL=-0.0184 vL=0.0089 t0=[none=0.03 m0=0.37 m1=0.61]
[u  660] env=  5406720 succ=0.955 ret=+0.886 len= 7.8 ent=0.516 aL=-0.0152 vL=0.0072 t0=[none=0.02 m0=0.36 m1=0.62]
[u  661] env=  5414912 succ=0.963 ret=+0.895 len= 7.7 ent=0.517 aL=-0.0168 vL=0.0071 t0=[none=0.03 m0=0.32 m1=0.65]
[u  662] env=  5423104 succ=0.946 ret=+0.876 len= 7.9 ent=0.535 aL=-0.0209 vL=0.0085 t0=[none=0.03 m0=0.33 m1=0.64]
[u  663] env=  5431296 succ=0.943 ret=+0.874 len= 7.8 ent=0.531 aL=-0.0165 vL=0.0087 t0=[none=0.03 m0=0.38 m1=0.59]
[u  664] env=  5439488 succ=0.946 ret=+0.877 len= 7.9 ent=0.548 aL=-0.0191 vL=0.0090 t0=[none=0.03 m0=0.34 m1=0.63]
[u  665] env=  5447680 succ=0.951 ret=+0.883 len= 7.8 ent=0.517 aL=-0.0191 vL=0.0077 t0=[none=0.03 m0=0.36 m1=0.61]
[u  666] env=  5455872 succ=0.946 ret=+0.878 len= 7.8 ent=0.528 aL=-0.0206 vL=0.0124 t0=[none=0.03 m0=0.37 m1=0.60]
[u  667] env=  5464064 succ=0.944 ret=+0.875 len= 7.8 ent=0.510 aL=-0.0176 vL=0.0097 t0=[none=0.03 m0=0.37 m1=0.60]
[u  668] env=  5472256 succ=0.942 ret=+0.873 len= 7.7 ent=0.531 aL=-0.0136 vL=0.0110 t0=[none=0.03 m0=0.38 m1=0.59]
[u  669] env=  5480448 succ=0.956 ret=+0.888 len= 7.8 ent=0.499 aL=-0.0183 vL=0.0073 t0=[none=0.02 m0=0.33 m1=0.65]
[u  670] env=  5488640 succ=0.939 ret=+0.870 len= 7.9 ent=0.528 aL=-0.0198 vL=0.0083 t0=[none=0.03 m0=0.42 m1=0.55]
[u  671] env=  5496832 succ=0.938 ret=+0.869 len= 7.8 ent=0.544 aL=-0.0196 vL=0.0107 t0=[none=0.03 m0=0.37 m1=0.59]
[u  672] env=  5505024 succ=0.952 ret=+0.886 len= 7.6 ent=0.527 aL=-0.0172 vL=0.0080 t0=[none=0.03 m0=0.36 m1=0.62]
[u  673] env=  5513216 succ=0.953 ret=+0.884 len= 7.8 ent=0.515 aL=-0.0179 vL=0.0075 t0=[none=0.03 m0=0.37 m1=0.60]
[u  674] env=  5521408 succ=0.947 ret=+0.878 len= 7.8 ent=0.518 aL=-0.0151 vL=0.0073 t0=[none=0.02 m0=0.39 m1=0.58]
[u  675] env=  5529600 succ=0.962 ret=+0.894 len= 7.8 ent=0.501 aL=-0.0195 vL=0.0047 t0=[none=0.02 m0=0.37 m1=0.61]
[u  676] env=  5537792 succ=0.947 ret=+0.878 len= 7.9 ent=0.531 aL=-0.0175 vL=0.0083 t0=[none=0.03 m0=0.38 m1=0.59]
[u  677] env=  5545984 succ=0.955 ret=+0.887 len= 7.8 ent=0.491 aL=-0.0175 vL=0.0081 t0=[none=0.03 m0=0.38 m1=0.59]
[u  678] env=  5554176 succ=0.941 ret=+0.873 len= 7.7 ent=0.528 aL=-0.0172 vL=0.0088 t0=[none=0.03 m0=0.34 m1=0.63]
[u  679] env=  5562368 succ=0.946 ret=+0.877 len= 7.9 ent=0.533 aL=-0.0172 vL=0.0084 t0=[none=0.03 m0=0.35 m1=0.62]
[u  680] env=  5570560 succ=0.952 ret=+0.883 len= 7.8 ent=0.506 aL=-0.0148 vL=0.0068 t0=[none=0.02 m0=0.35 m1=0.63]
[u  681] env=  5578752 succ=0.954 ret=+0.885 len= 7.9 ent=0.500 aL=-0.0171 vL=0.0070 t0=[none=0.03 m0=0.36 m1=0.61]
[u  682] env=  5586944 succ=0.954 ret=+0.885 len= 7.9 ent=0.513 aL=-0.0119 vL=0.0066 t0=[none=0.02 m0=0.35 m1=0.63]
[u  683] env=  5595136 succ=0.942 ret=+0.873 len= 7.9 ent=0.516 aL=-0.0120 vL=0.0096 t0=[none=0.02 m0=0.37 m1=0.61]
[u  684] env=  5603328 succ=0.946 ret=+0.877 len= 7.9 ent=0.524 aL=-0.0164 vL=0.0095 t0=[none=0.03 m0=0.34 m1=0.63]
[u  685] env=  5611520 succ=0.952 ret=+0.883 len= 7.8 ent=0.504 aL=-0.0161 vL=0.0087 t0=[none=0.02 m0=0.33 m1=0.65]
[u  686] env=  5619712 succ=0.947 ret=+0.878 len= 7.8 ent=0.509 aL=-0.0157 vL=0.0069 t0=[none=0.02 m0=0.35 m1=0.62]
[u  687] env=  5627904 succ=0.958 ret=+0.891 len= 7.7 ent=0.500 aL=-0.0131 vL=0.0064 t0=[none=0.03 m0=0.34 m1=0.63]
[u  688] env=  5636096 succ=0.955 ret=+0.886 len= 7.8 ent=0.501 aL=-0.0126 vL=0.0069 t0=[none=0.02 m0=0.36 m1=0.63]
[u  689] env=  5644288 succ=0.959 ret=+0.891 len= 7.9 ent=0.482 aL=-0.0202 vL=0.0052 t0=[none=0.02 m0=0.34 m1=0.64]
[u  690] env=  5652480 succ=0.948 ret=+0.878 len= 8.0 ent=0.486 aL=-0.0120 vL=0.0092 t0=[none=0.03 m0=0.36 m1=0.61]
[u  691] env=  5660672 succ=0.951 ret=+0.882 len= 7.8 ent=0.508 aL=-0.0194 vL=0.0081 t0=[none=0.03 m0=0.35 m1=0.63]
[u  692] env=  5668864 succ=0.954 ret=+0.886 len= 7.7 ent=0.480 aL=-0.0138 vL=0.0072 t0=[none=0.02 m0=0.38 m1=0.60]
[u  693] env=  5677056 succ=0.957 ret=+0.888 len= 7.9 ent=0.487 aL=-0.0134 vL=0.0051 t0=[none=0.02 m0=0.33 m1=0.64]
[u  694] env=  5685248 succ=0.951 ret=+0.881 len= 7.9 ent=0.483 aL=-0.0146 vL=0.0063 t0=[none=0.02 m0=0.40 m1=0.58]
[u  695] env=  5693440 succ=0.950 ret=+0.880 len= 8.0 ent=0.489 aL=-0.0128 vL=0.0062 t0=[none=0.01 m0=0.34 m1=0.64]
[u  696] env=  5701632 succ=0.962 ret=+0.895 len= 7.7 ent=0.483 aL=-0.0179 vL=0.0064 t0=[none=0.02 m0=0.34 m1=0.64]
[u  697] env=  5709824 succ=0.951 ret=+0.882 len= 7.8 ent=0.505 aL=-0.0190 vL=0.0064 t0=[none=0.02 m0=0.35 m1=0.63]
[u  698] env=  5718016 succ=0.945 ret=+0.876 len= 7.9 ent=0.490 aL=-0.0127 vL=0.0088 t0=[none=0.02 m0=0.34 m1=0.64]
[u  699] env=  5726208 succ=0.953 ret=+0.887 len= 7.6 ent=0.495 aL=-0.0176 vL=0.0054 t0=[none=0.02 m0=0.34 m1=0.64]
[u  700] env=  5734400 succ=0.964 ret=+0.895 len= 7.9 ent=0.498 aL=-0.0157 vL=0.0059 t0=[none=0.03 m0=0.38 m1=0.58]
[u  701] env=  5742592 succ=0.948 ret=+0.879 len= 7.8 ent=0.520 aL=-0.0138 vL=0.0062 t0=[none=0.02 m0=0.36 m1=0.62]
[u  702] env=  5750784 succ=0.941 ret=+0.873 len= 7.8 ent=0.515 aL=-0.0143 vL=0.0084 t0=[none=0.03 m0=0.35 m1=0.62]
[u  703] env=  5758976 succ=0.942 ret=+0.872 len= 7.9 ent=0.518 aL=-0.0174 vL=0.0085 t0=[none=0.03 m0=0.38 m1=0.59]
[u  704] env=  5767168 succ=0.947 ret=+0.878 len= 7.8 ent=0.530 aL=-0.0188 vL=0.0092 t0=[none=0.02 m0=0.35 m1=0.63]
[u  705] env=  5775360 succ=0.948 ret=+0.881 len= 7.7 ent=0.517 aL=-0.0148 vL=0.0093 t0=[none=0.04 m0=0.36 m1=0.60]
[u  706] env=  5783552 succ=0.945 ret=+0.875 len= 7.9 ent=0.547 aL=-0.0192 vL=0.0086 t0=[none=0.03 m0=0.38 m1=0.59]
[u  707] env=  5791744 succ=0.955 ret=+0.886 len= 7.8 ent=0.522 aL=-0.0143 vL=0.0079 t0=[none=0.02 m0=0.37 m1=0.61]
[u  708] env=  5799936 succ=0.951 ret=+0.882 len= 7.8 ent=0.548 aL=-0.0164 vL=0.0084 t0=[none=0.02 m0=0.38 m1=0.59]
[u  709] env=  5808128 succ=0.943 ret=+0.873 len= 7.9 ent=0.543 aL=-0.0187 vL=0.0086 t0=[none=0.02 m0=0.37 m1=0.61]
[u  710] env=  5816320 succ=0.962 ret=+0.895 len= 7.7 ent=0.520 aL=-0.0187 vL=0.0087 t0=[none=0.02 m0=0.35 m1=0.63]
[u  711] env=  5824512 succ=0.952 ret=+0.884 len= 7.8 ent=0.546 aL=-0.0169 vL=0.0058 t0=[none=0.03 m0=0.35 m1=0.62]
[u  712] env=  5832704 succ=0.962 ret=+0.894 len= 7.8 ent=0.526 aL=-0.0144 vL=0.0062 t0=[none=0.02 m0=0.36 m1=0.62]
[u  713] env=  5840896 succ=0.962 ret=+0.895 len= 7.7 ent=0.536 aL=-0.0172 vL=0.0058 t0=[none=0.04 m0=0.36 m1=0.60]
[u  714] env=  5849088 succ=0.964 ret=+0.896 len= 7.7 ent=0.539 aL=-0.0162 vL=0.0061 t0=[none=0.02 m0=0.35 m1=0.63]
[u  715] env=  5857280 succ=0.960 ret=+0.893 len= 7.7 ent=0.535 aL=-0.0198 vL=0.0060 t0=[none=0.02 m0=0.36 m1=0.62]
[u  716] env=  5865472 succ=0.958 ret=+0.889 len= 7.8 ent=0.533 aL=-0.0136 vL=0.0061 t0=[none=0.03 m0=0.34 m1=0.63]
[u  717] env=  5873664 succ=0.955 ret=+0.885 len= 7.9 ent=0.534 aL=-0.0167 vL=0.0086 t0=[none=0.03 m0=0.35 m1=0.62]
[u  718] env=  5881856 succ=0.943 ret=+0.872 len= 8.0 ent=0.539 aL=-0.0122 vL=0.0093 t0=[none=0.04 m0=0.37 m1=0.60]
[u  719] env=  5890048 succ=0.951 ret=+0.882 len= 7.8 ent=0.541 aL=-0.0127 vL=0.0063 t0=[none=0.03 m0=0.34 m1=0.63]
[u  720] env=  5898240 succ=0.950 ret=+0.882 len= 7.7 ent=0.528 aL=-0.0160 vL=0.0057 t0=[none=0.04 m0=0.33 m1=0.64]
[u  721] env=  5906432 succ=0.956 ret=+0.887 len= 7.9 ent=0.541 aL=-0.0150 vL=0.0081 t0=[none=0.04 m0=0.38 m1=0.59]
[u  722] env=  5914624 succ=0.952 ret=+0.881 len= 8.0 ent=0.522 aL=-0.0167 vL=0.0069 t0=[none=0.03 m0=0.37 m1=0.60]
[u  723] env=  5922816 succ=0.962 ret=+0.894 len= 7.7 ent=0.510 aL=-0.0175 vL=0.0052 t0=[none=0.03 m0=0.38 m1=0.59]
[u  724] env=  5931008 succ=0.969 ret=+0.900 len= 7.9 ent=0.512 aL=-0.0172 vL=0.0069 t0=[none=0.03 m0=0.36 m1=0.60]
[u  725] env=  5939200 succ=0.951 ret=+0.883 len= 7.8 ent=0.544 aL=-0.0169 vL=0.0077 t0=[none=0.03 m0=0.33 m1=0.64]
[u  726] env=  5947392 succ=0.959 ret=+0.891 len= 7.8 ent=0.545 aL=-0.0159 vL=0.0056 t0=[none=0.04 m0=0.35 m1=0.61]
[u  727] env=  5955584 succ=0.962 ret=+0.895 len= 7.7 ent=0.503 aL=-0.0163 vL=0.0068 t0=[none=0.02 m0=0.36 m1=0.62]
[u  728] env=  5963776 succ=0.957 ret=+0.889 len= 7.7 ent=0.535 aL=-0.0173 vL=0.0061 t0=[none=0.03 m0=0.36 m1=0.61]
[u  729] env=  5971968 succ=0.969 ret=+0.902 len= 7.7 ent=0.508 aL=-0.0178 vL=0.0060 t0=[none=0.02 m0=0.37 m1=0.61]
[u  730] env=  5980160 succ=0.961 ret=+0.893 len= 7.8 ent=0.537 aL=-0.0162 vL=0.0062 t0=[none=0.02 m0=0.37 m1=0.61]
[u  731] env=  5988352 succ=0.968 ret=+0.901 len= 7.7 ent=0.505 aL=-0.0179 vL=0.0066 t0=[none=0.03 m0=0.35 m1=0.63]
[u  732] env=  5996544 succ=0.958 ret=+0.889 len= 7.8 ent=0.500 aL=-0.0185 vL=0.0087 t0=[none=0.03 m0=0.37 m1=0.59]
[u  733] env=  6004736 succ=0.972 ret=+0.906 len= 7.6 ent=0.506 aL=-0.0174 vL=0.0065 t0=[none=0.02 m0=0.36 m1=0.62]
[u  734] env=  6012928 succ=0.972 ret=+0.906 len= 7.6 ent=0.492 aL=-0.0183 vL=0.0056 t0=[none=0.03 m0=0.35 m1=0.63]
[u  735] env=  6021120 succ=0.966 ret=+0.900 len= 7.5 ent=0.501 aL=-0.0167 vL=0.0061 t0=[none=0.02 m0=0.37 m1=0.61]
[u  736] env=  6029312 succ=0.968 ret=+0.901 len= 7.7 ent=0.496 aL=-0.0176 vL=0.0055 t0=[none=0.01 m0=0.37 m1=0.62]
[u  737] env=  6037504 succ=0.968 ret=+0.902 len= 7.6 ent=0.491 aL=-0.0154 vL=0.0075 t0=[none=0.02 m0=0.38 m1=0.61]
[u  738] env=  6045696 succ=0.969 ret=+0.901 len= 7.7 ent=0.496 aL=-0.0154 vL=0.0054 t0=[none=0.02 m0=0.38 m1=0.60]
[u  739] env=  6053888 succ=0.967 ret=+0.900 len= 7.7 ent=0.499 aL=-0.0153 vL=0.0041 t0=[none=0.02 m0=0.37 m1=0.61]
[u  740] env=  6062080 succ=0.970 ret=+0.905 len= 7.5 ent=0.478 aL=-0.0164 vL=0.0053 t0=[none=0.02 m0=0.35 m1=0.63]
[u  741] env=  6070272 succ=0.968 ret=+0.902 len= 7.5 ent=0.512 aL=-0.0166 vL=0.0068 t0=[none=0.02 m0=0.35 m1=0.63]
[u  742] env=  6078464 succ=0.961 ret=+0.895 len= 7.6 ent=0.504 aL=-0.0177 vL=0.0091 t0=[none=0.03 m0=0.38 m1=0.60]
[u  743] env=  6086656 succ=0.954 ret=+0.885 len= 7.9 ent=0.518 aL=-0.0132 vL=0.0085 t0=[none=0.03 m0=0.35 m1=0.61]
[u  744] env=  6094848 succ=0.962 ret=+0.895 len= 7.7 ent=0.498 aL=-0.0115 vL=0.0087 t0=[none=0.02 m0=0.37 m1=0.61]
[u  745] env=  6103040 succ=0.964 ret=+0.898 len= 7.6 ent=0.501 aL=-0.0215 vL=0.0073 t0=[none=0.03 m0=0.37 m1=0.61]
[u  746] env=  6111232 succ=0.954 ret=+0.886 len= 7.7 ent=0.543 aL=-0.0160 vL=0.0077 t0=[none=0.03 m0=0.35 m1=0.62]
[u  747] env=  6119424 succ=0.966 ret=+0.900 len= 7.6 ent=0.504 aL=-0.0200 vL=0.0072 t0=[none=0.03 m0=0.35 m1=0.61]
[u  748] env=  6127616 succ=0.959 ret=+0.890 len= 7.8 ent=0.542 aL=-0.0191 vL=0.0066 t0=[none=0.04 m0=0.35 m1=0.61]
[u  749] env=  6135808 succ=0.966 ret=+0.900 len= 7.6 ent=0.500 aL=-0.0182 vL=0.0073 t0=[none=0.03 m0=0.37 m1=0.60]
[u  750] env=  6144000 succ=0.970 ret=+0.903 len= 7.6 ent=0.482 aL=-0.0156 vL=0.0063 t0=[none=0.02 m0=0.36 m1=0.62]
[u  751] env=  6152192 succ=0.954 ret=+0.886 len= 7.7 ent=0.521 aL=-0.0129 vL=0.0087 t0=[none=0.03 m0=0.35 m1=0.62]
[u  752] env=  6160384 succ=0.971 ret=+0.905 len= 7.6 ent=0.487 aL=-0.0180 vL=0.0056 t0=[none=0.02 m0=0.37 m1=0.60]
[u  753] env=  6168576 succ=0.968 ret=+0.900 len= 7.7 ent=0.505 aL=-0.0199 vL=0.0058 t0=[none=0.02 m0=0.36 m1=0.62]
[u  754] env=  6176768 succ=0.967 ret=+0.900 len= 7.7 ent=0.476 aL=-0.0177 vL=0.0057 t0=[none=0.02 m0=0.37 m1=0.61]
[u  755] env=  6184960 succ=0.975 ret=+0.909 len= 7.6 ent=0.481 aL=-0.0167 vL=0.0057 t0=[none=0.02 m0=0.37 m1=0.60]
[u  756] env=  6193152 succ=0.954 ret=+0.887 len= 7.6 ent=0.499 aL=-0.0142 vL=0.0070 t0=[none=0.03 m0=0.36 m1=0.61]
[u  757] env=  6201344 succ=0.960 ret=+0.893 len= 7.7 ent=0.507 aL=-0.0144 vL=0.0080 t0=[none=0.03 m0=0.36 m1=0.61]
[u  758] env=  6209536 succ=0.966 ret=+0.898 len= 7.7 ent=0.494 aL=-0.0136 vL=0.0059 t0=[none=0.02 m0=0.36 m1=0.61]
[u  759] env=  6217728 succ=0.960 ret=+0.892 len= 7.7 ent=0.497 aL=-0.0192 vL=0.0066 t0=[none=0.02 m0=0.39 m1=0.59]
[u  760] env=  6225920 succ=0.965 ret=+0.899 len= 7.6 ent=0.490 aL=-0.0179 vL=0.0062 t0=[none=0.02 m0=0.39 m1=0.59]
[u  761] env=  6234112 succ=0.955 ret=+0.888 len= 7.7 ent=0.533 aL=-0.0144 vL=0.0062 t0=[none=0.03 m0=0.39 m1=0.58]
[u  762] env=  6242304 succ=0.948 ret=+0.878 len= 7.9 ent=0.534 aL=-0.0168 vL=0.0080 t0=[none=0.03 m0=0.38 m1=0.59]
[u  763] env=  6250496 succ=0.962 ret=+0.895 len= 7.7 ent=0.531 aL=-0.0173 vL=0.0078 t0=[none=0.03 m0=0.36 m1=0.60]
[u  764] env=  6258688 succ=0.960 ret=+0.892 len= 7.7 ent=0.514 aL=-0.0172 vL=0.0078 t0=[none=0.03 m0=0.38 m1=0.59]
[u  765] env=  6266880 succ=0.957 ret=+0.888 len= 7.8 ent=0.515 aL=-0.0193 vL=0.0070 t0=[none=0.02 m0=0.38 m1=0.60]
[u  766] env=  6275072 succ=0.961 ret=+0.893 len= 7.8 ent=0.525 aL=-0.0171 vL=0.0053 t0=[none=0.04 m0=0.38 m1=0.58]
[u  767] env=  6283264 succ=0.959 ret=+0.893 len= 7.6 ent=0.516 aL=-0.0154 vL=0.0058 t0=[none=0.03 m0=0.36 m1=0.60]
[u  768] env=  6291456 succ=0.961 ret=+0.895 len= 7.6 ent=0.529 aL=-0.0158 vL=0.0060 t0=[none=0.04 m0=0.37 m1=0.59]
[u  769] env=  6299648 succ=0.966 ret=+0.900 len= 7.6 ent=0.497 aL=-0.0171 vL=0.0046 t0=[none=0.03 m0=0.38 m1=0.59]
[u  770] env=  6307840 succ=0.967 ret=+0.899 len= 7.8 ent=0.537 aL=-0.0189 vL=0.0066 t0=[none=0.03 m0=0.38 m1=0.59]
[u  771] env=  6316032 succ=0.969 ret=+0.903 len= 7.6 ent=0.523 aL=-0.0154 vL=0.0057 t0=[none=0.03 m0=0.40 m1=0.58]
[u  772] env=  6324224 succ=0.956 ret=+0.888 len= 7.8 ent=0.526 aL=-0.0169 vL=0.0085 t0=[none=0.04 m0=0.38 m1=0.59]
[u  773] env=  6332416 succ=0.968 ret=+0.902 len= 7.5 ent=0.505 aL=-0.0140 vL=0.0081 t0=[none=0.03 m0=0.37 m1=0.60]
[u  774] env=  6340608 succ=0.965 ret=+0.898 len= 7.7 ent=0.540 aL=-0.0155 vL=0.0092 t0=[none=0.03 m0=0.40 m1=0.57]
[u  775] env=  6348800 succ=0.964 ret=+0.896 len= 7.8 ent=0.527 aL=-0.0202 vL=0.0079 t0=[none=0.03 m0=0.40 m1=0.57]
[u  776] env=  6356992 succ=0.953 ret=+0.885 len= 7.8 ent=0.561 aL=-0.0183 vL=0.0057 t0=[none=0.04 m0=0.38 m1=0.58]
[u  777] env=  6365184 succ=0.966 ret=+0.899 len= 7.7 ent=0.538 aL=-0.0178 vL=0.0061 t0=[none=0.03 m0=0.36 m1=0.61]
[u  778] env=  6373376 succ=0.958 ret=+0.891 len= 7.7 ent=0.535 aL=-0.0150 vL=0.0079 t0=[none=0.02 m0=0.38 m1=0.60]
[u  779] env=  6381568 succ=0.966 ret=+0.900 len= 7.6 ent=0.520 aL=-0.0186 vL=0.0050 t0=[none=0.03 m0=0.36 m1=0.61]
[u  780] env=  6389760 succ=0.964 ret=+0.896 len= 7.7 ent=0.505 aL=-0.0134 vL=0.0083 t0=[none=0.02 m0=0.37 m1=0.60]
[u  781] env=  6397952 succ=0.958 ret=+0.891 len= 7.6 ent=0.519 aL=-0.0148 vL=0.0087 t0=[none=0.03 m0=0.37 m1=0.60]
[u  782] env=  6406144 succ=0.955 ret=+0.887 len= 7.7 ent=0.551 aL=-0.0172 vL=0.0062 t0=[none=0.04 m0=0.38 m1=0.59]
[u  783] env=  6414336 succ=0.958 ret=+0.890 len= 7.7 ent=0.507 aL=-0.0149 vL=0.0060 t0=[none=0.04 m0=0.38 m1=0.58]
[u  784] env=  6422528 succ=0.954 ret=+0.886 len= 7.8 ent=0.525 aL=-0.0186 vL=0.0084 t0=[none=0.04 m0=0.36 m1=0.61]
[u  785] env=  6430720 succ=0.951 ret=+0.884 len= 7.7 ent=0.539 aL=-0.0179 vL=0.0076 t0=[none=0.03 m0=0.36 m1=0.60]
[u  786] env=  6438912 succ=0.955 ret=+0.887 len= 7.8 ent=0.517 aL=-0.0171 vL=0.0080 t0=[none=0.04 m0=0.34 m1=0.62]
[u  787] env=  6447104 succ=0.959 ret=+0.892 len= 7.7 ent=0.495 aL=-0.0145 vL=0.0064 t0=[none=0.03 m0=0.38 m1=0.59]
[u  788] env=  6455296 succ=0.962 ret=+0.896 len= 7.6 ent=0.526 aL=-0.0159 vL=0.0069 t0=[none=0.03 m0=0.36 m1=0.61]
[u  789] env=  6463488 succ=0.955 ret=+0.888 len= 7.7 ent=0.540 aL=-0.0183 vL=0.0056 t0=[none=0.03 m0=0.37 m1=0.60]
[u  790] env=  6471680 succ=0.959 ret=+0.892 len= 7.7 ent=0.533 aL=-0.0153 vL=0.0059 t0=[none=0.03 m0=0.35 m1=0.63]
[u  791] env=  6479872 succ=0.969 ret=+0.902 len= 7.6 ent=0.513 aL=-0.0173 vL=0.0064 t0=[none=0.03 m0=0.35 m1=0.62]
[u  792] env=  6488064 succ=0.946 ret=+0.877 len= 7.8 ent=0.561 aL=-0.0171 vL=0.0082 t0=[none=0.03 m0=0.35 m1=0.62]
[u  793] env=  6496256 succ=0.965 ret=+0.898 len= 7.7 ent=0.515 aL=-0.0186 vL=0.0088 t0=[none=0.02 m0=0.35 m1=0.62]
[u  794] env=  6504448 succ=0.946 ret=+0.877 len= 7.8 ent=0.547 aL=-0.0207 vL=0.0107 t0=[none=0.02 m0=0.36 m1=0.62]
[u  795] env=  6512640 succ=0.961 ret=+0.895 len= 7.6 ent=0.535 aL=-0.0226 vL=0.0084 t0=[none=0.03 m0=0.36 m1=0.61]
[u  796] env=  6520832 succ=0.945 ret=+0.877 len= 7.8 ent=0.551 aL=-0.0194 vL=0.0110 t0=[none=0.02 m0=0.37 m1=0.61]
[u  797] env=  6529024 succ=0.957 ret=+0.888 len= 7.9 ent=0.542 aL=-0.0193 vL=0.0101 t0=[none=0.02 m0=0.39 m1=0.59]
[u  798] env=  6537216 succ=0.960 ret=+0.892 len= 7.7 ent=0.526 aL=-0.0185 vL=0.0086 t0=[none=0.02 m0=0.35 m1=0.62]
[u  799] env=  6545408 succ=0.962 ret=+0.895 len= 7.6 ent=0.514 aL=-0.0175 vL=0.0082 t0=[none=0.01 m0=0.38 m1=0.61]
[u  800] env=  6553600 succ=0.953 ret=+0.885 len= 7.7 ent=0.558 aL=-0.0183 vL=0.0110 t0=[none=0.03 m0=0.36 m1=0.61]
[u  801] env=  6561792 succ=0.946 ret=+0.878 len= 7.8 ent=0.567 aL=-0.0167 vL=0.0102 t0=[none=0.02 m0=0.37 m1=0.61]
[u  802] env=  6569984 succ=0.962 ret=+0.894 len= 7.8 ent=0.599 aL=-0.0205 vL=0.0080 t0=[none=0.02 m0=0.38 m1=0.60]
[u  803] env=  6578176 succ=0.936 ret=+0.866 len= 7.9 ent=0.591 aL=-0.0178 vL=0.0105 t0=[none=0.03 m0=0.38 m1=0.60]
[u  804] env=  6586368 succ=0.962 ret=+0.893 len= 7.8 ent=0.572 aL=-0.0185 vL=0.0073 t0=[none=0.03 m0=0.36 m1=0.61]
[u  805] env=  6594560 succ=0.954 ret=+0.887 len= 7.7 ent=0.563 aL=-0.0182 vL=0.0070 t0=[none=0.02 m0=0.37 m1=0.61]
[u  806] env=  6602752 succ=0.962 ret=+0.892 len= 8.0 ent=0.564 aL=-0.0233 vL=0.0078 t0=[none=0.02 m0=0.35 m1=0.62]
[u  807] env=  6610944 succ=0.958 ret=+0.889 len= 7.8 ent=0.540 aL=-0.0188 vL=0.0073 t0=[none=0.02 m0=0.37 m1=0.61]
[u  808] env=  6619136 succ=0.964 ret=+0.896 len= 7.7 ent=0.551 aL=-0.0214 vL=0.0085 t0=[none=0.02 m0=0.37 m1=0.61]
[u  809] env=  6627328 succ=0.956 ret=+0.889 len= 7.7 ent=0.546 aL=-0.0185 vL=0.0081 t0=[none=0.02 m0=0.37 m1=0.61]
[u  810] env=  6635520 succ=0.958 ret=+0.891 len= 7.7 ent=0.540 aL=-0.0179 vL=0.0081 t0=[none=0.02 m0=0.35 m1=0.62]
[u  811] env=  6643712 succ=0.955 ret=+0.887 len= 7.7 ent=0.566 aL=-0.0184 vL=0.0085 t0=[none=0.02 m0=0.37 m1=0.61]
[u  812] env=  6651904 succ=0.955 ret=+0.888 len= 7.6 ent=0.573 aL=-0.0181 vL=0.0087 t0=[none=0.02 m0=0.37 m1=0.62]
[u  813] env=  6660096 succ=0.960 ret=+0.893 len= 7.6 ent=0.570 aL=-0.0226 vL=0.0063 t0=[none=0.02 m0=0.38 m1=0.60]
[u  814] env=  6668288 succ=0.954 ret=+0.886 len= 7.7 ent=0.584 aL=-0.0162 vL=0.0101 t0=[none=0.02 m0=0.38 m1=0.60]
[u  815] env=  6676480 succ=0.956 ret=+0.889 len= 7.7 ent=0.560 aL=-0.0188 vL=0.0096 t0=[none=0.02 m0=0.34 m1=0.63]
[u  816] env=  6684672 succ=0.951 ret=+0.882 len= 7.9 ent=0.561 aL=-0.0169 vL=0.0068 t0=[none=0.02 m0=0.36 m1=0.62]
[u  817] env=  6692864 succ=0.947 ret=+0.878 len= 7.8 ent=0.572 aL=-0.0185 vL=0.0107 t0=[none=0.02 m0=0.38 m1=0.60]
[u  818] env=  6701056 succ=0.952 ret=+0.884 len= 7.8 ent=0.561 aL=-0.0182 vL=0.0069 t0=[none=0.02 m0=0.38 m1=0.61]
[u  819] env=  6709248 succ=0.957 ret=+0.889 len= 7.8 ent=0.569 aL=-0.0197 vL=0.0056 t0=[none=0.02 m0=0.36 m1=0.62]
[u  820] env=  6717440 succ=0.952 ret=+0.883 len= 7.9 ent=0.560 aL=-0.0199 vL=0.0081 t0=[none=0.02 m0=0.34 m1=0.64]
[u  821] env=  6725632 succ=0.968 ret=+0.902 len= 7.6 ent=0.547 aL=-0.0191 vL=0.0062 t0=[none=0.01 m0=0.38 m1=0.61]
[u  822] env=  6733824 succ=0.965 ret=+0.897 len= 7.7 ent=0.562 aL=-0.0203 vL=0.0065 t0=[none=0.02 m0=0.34 m1=0.64]
[u  823] env=  6742016 succ=0.969 ret=+0.902 len= 7.7 ent=0.540 aL=-0.0195 vL=0.0058 t0=[none=0.02 m0=0.37 m1=0.61]
[u  824] env=  6750208 succ=0.962 ret=+0.894 len= 7.8 ent=0.551 aL=-0.0152 vL=0.0064 t0=[none=0.03 m0=0.36 m1=0.62]
[u  825] env=  6758400 succ=0.962 ret=+0.893 len= 7.9 ent=0.551 aL=-0.0189 vL=0.0063 t0=[none=0.02 m0=0.38 m1=0.60]
[u  826] env=  6766592 succ=0.961 ret=+0.893 len= 7.7 ent=0.537 aL=-0.0179 vL=0.0072 t0=[none=0.02 m0=0.39 m1=0.59]
[u  827] env=  6774784 succ=0.962 ret=+0.894 len= 7.7 ent=0.535 aL=-0.0156 vL=0.0062 t0=[none=0.02 m0=0.40 m1=0.58]
[u  828] env=  6782976 succ=0.959 ret=+0.891 len= 7.7 ent=0.548 aL=-0.0184 vL=0.0091 t0=[none=0.01 m0=0.34 m1=0.65]
[u  829] env=  6791168 succ=0.967 ret=+0.898 len= 7.8 ent=0.530 aL=-0.0195 vL=0.0052 t0=[none=0.02 m0=0.37 m1=0.61]
[u  830] env=  6799360 succ=0.958 ret=+0.890 len= 7.7 ent=0.552 aL=-0.0221 vL=0.0085 t0=[none=0.02 m0=0.36 m1=0.62]
[u  831] env=  6807552 succ=0.964 ret=+0.896 len= 7.7 ent=0.549 aL=-0.0183 vL=0.0078 t0=[none=0.02 m0=0.38 m1=0.60]
[u  832] env=  6815744 succ=0.961 ret=+0.893 len= 7.8 ent=0.542 aL=-0.0174 vL=0.0065 t0=[none=0.02 m0=0.39 m1=0.59]
[u  833] env=  6823936 succ=0.964 ret=+0.897 len= 7.6 ent=0.562 aL=-0.0152 vL=0.0076 t0=[none=0.03 m0=0.37 m1=0.60]
[u  834] env=  6832128 succ=0.969 ret=+0.902 len= 7.7 ent=0.526 aL=-0.0162 vL=0.0053 t0=[none=0.03 m0=0.38 m1=0.60]
[u  835] env=  6840320 succ=0.952 ret=+0.883 len= 7.8 ent=0.559 aL=-0.0175 vL=0.0060 t0=[none=0.01 m0=0.37 m1=0.61]
[u  836] env=  6848512 succ=0.952 ret=+0.884 len= 7.8 ent=0.536 aL=-0.0188 vL=0.0095 t0=[none=0.02 m0=0.40 m1=0.58]
[u  837] env=  6856704 succ=0.961 ret=+0.895 len= 7.6 ent=0.543 aL=-0.0172 vL=0.0067 t0=[none=0.03 m0=0.40 m1=0.57]
[u  838] env=  6864896 succ=0.939 ret=+0.870 len= 7.9 ent=0.572 aL=-0.0186 vL=0.0105 t0=[none=0.04 m0=0.37 m1=0.59]
[u  839] env=  6873088 succ=0.956 ret=+0.888 len= 7.7 ent=0.527 aL=-0.0191 vL=0.0076 t0=[none=0.02 m0=0.41 m1=0.57]
[u  840] env=  6881280 succ=0.955 ret=+0.887 len= 7.8 ent=0.537 aL=-0.0166 vL=0.0088 t0=[none=0.03 m0=0.38 m1=0.58]
[u  841] env=  6889472 succ=0.932 ret=+0.863 len= 7.9 ent=0.583 aL=-0.0176 vL=0.0099 t0=[none=0.04 m0=0.38 m1=0.58]
[u  842] env=  6897664 succ=0.954 ret=+0.885 len= 7.8 ent=0.561 aL=-0.0161 vL=0.0101 t0=[none=0.03 m0=0.39 m1=0.58]
[u  843] env=  6905856 succ=0.949 ret=+0.880 len= 7.9 ent=0.568 aL=-0.0176 vL=0.0084 t0=[none=0.04 m0=0.36 m1=0.61]
[u  844] env=  6914048 succ=0.956 ret=+0.888 len= 7.8 ent=0.553 aL=-0.0206 vL=0.0081 t0=[none=0.03 m0=0.39 m1=0.58]
[u  845] env=  6922240 succ=0.961 ret=+0.894 len= 7.6 ent=0.586 aL=-0.0139 vL=0.0060 t0=[none=0.04 m0=0.37 m1=0.59]
[u  846] env=  6930432 succ=0.947 ret=+0.877 len= 7.9 ent=0.560 aL=-0.0143 vL=0.0102 t0=[none=0.03 m0=0.38 m1=0.59]
[u  847] env=  6938624 succ=0.957 ret=+0.889 len= 7.7 ent=0.552 aL=-0.0205 vL=0.0061 t0=[none=0.03 m0=0.38 m1=0.59]
[u  848] env=  6946816 succ=0.955 ret=+0.886 len= 7.8 ent=0.551 aL=-0.0160 vL=0.0097 t0=[none=0.03 m0=0.38 m1=0.59]
[u  849] env=  6955008 succ=0.956 ret=+0.888 len= 7.8 ent=0.553 aL=-0.0204 vL=0.0063 t0=[none=0.02 m0=0.37 m1=0.61]
[u  850] env=  6963200 succ=0.967 ret=+0.901 len= 7.6 ent=0.514 aL=-0.0169 vL=0.0063 t0=[none=0.03 m0=0.37 m1=0.59]
[u  851] env=  6971392 succ=0.950 ret=+0.881 len= 7.8 ent=0.549 aL=-0.0219 vL=0.0076 t0=[none=0.03 m0=0.38 m1=0.60]
[u  852] env=  6979584 succ=0.951 ret=+0.882 len= 7.8 ent=0.540 aL=-0.0194 vL=0.0091 t0=[none=0.03 m0=0.39 m1=0.58]
[u  853] env=  6987776 succ=0.948 ret=+0.880 len= 7.8 ent=0.520 aL=-0.0182 vL=0.0071 t0=[none=0.02 m0=0.37 m1=0.60]
[u  854] env=  6995968 succ=0.968 ret=+0.903 len= 7.6 ent=0.508 aL=-0.0147 vL=0.0054 t0=[none=0.02 m0=0.39 m1=0.59]
[u  855] env=  7004160 succ=0.957 ret=+0.889 len= 7.8 ent=0.517 aL=-0.0196 vL=0.0093 t0=[none=0.03 m0=0.36 m1=0.61]
[u  856] env=  7012352 succ=0.963 ret=+0.896 len= 7.7 ent=0.498 aL=-0.0197 vL=0.0067 t0=[none=0.02 m0=0.37 m1=0.61]
[u  857] env=  7020544 succ=0.967 ret=+0.901 len= 7.6 ent=0.508 aL=-0.0190 vL=0.0057 t0=[none=0.02 m0=0.38 m1=0.60]
[u  858] env=  7028736 succ=0.956 ret=+0.889 len= 7.7 ent=0.512 aL=-0.0185 vL=0.0069 t0=[none=0.02 m0=0.36 m1=0.62]
[u  859] env=  7036928 succ=0.962 ret=+0.894 len= 7.7 ent=0.546 aL=-0.0197 vL=0.0069 t0=[none=0.03 m0=0.39 m1=0.58]
[u  860] env=  7045120 succ=0.960 ret=+0.893 len= 7.7 ent=0.515 aL=-0.0174 vL=0.0065 t0=[none=0.02 m0=0.37 m1=0.61]
[u  861] env=  7053312 succ=0.953 ret=+0.885 len= 7.8 ent=0.526 aL=-0.0193 vL=0.0068 t0=[none=0.02 m0=0.37 m1=0.61]
[u  862] env=  7061504 succ=0.960 ret=+0.893 len= 7.7 ent=0.504 aL=-0.0194 vL=0.0074 t0=[none=0.03 m0=0.37 m1=0.61]
[u  863] env=  7069696 succ=0.960 ret=+0.893 len= 7.7 ent=0.518 aL=-0.0207 vL=0.0053 t0=[none=0.02 m0=0.38 m1=0.59]
[u  864] env=  7077888 succ=0.956 ret=+0.889 len= 7.7 ent=0.522 aL=-0.0188 vL=0.0089 t0=[none=0.02 m0=0.35 m1=0.63]
[u  865] env=  7086080 succ=0.956 ret=+0.889 len= 7.6 ent=0.526 aL=-0.0205 vL=0.0081 t0=[none=0.01 m0=0.36 m1=0.62]
[u  866] env=  7094272 succ=0.965 ret=+0.898 len= 7.7 ent=0.515 aL=-0.0171 vL=0.0078 t0=[none=0.03 m0=0.39 m1=0.58]
[u  867] env=  7102464 succ=0.960 ret=+0.893 len= 7.7 ent=0.514 aL=-0.0184 vL=0.0070 t0=[none=0.02 m0=0.38 m1=0.60]
[u  868] env=  7110656 succ=0.951 ret=+0.882 len= 7.9 ent=0.520 aL=-0.0173 vL=0.0075 t0=[none=0.03 m0=0.38 m1=0.59]
[u  869] env=  7118848 succ=0.956 ret=+0.888 len= 7.7 ent=0.521 aL=-0.0203 vL=0.0076 t0=[none=0.02 m0=0.37 m1=0.60]
[u  870] env=  7127040 succ=0.946 ret=+0.876 len= 7.9 ent=0.536 aL=-0.0167 vL=0.0097 t0=[none=0.03 m0=0.38 m1=0.59]
[u  871] env=  7135232 succ=0.943 ret=+0.874 len= 7.9 ent=0.518 aL=-0.0181 vL=0.0099 t0=[none=0.02 m0=0.36 m1=0.61]
[u  872] env=  7143424 succ=0.957 ret=+0.890 len= 7.6 ent=0.499 aL=-0.0185 vL=0.0064 t0=[none=0.02 m0=0.39 m1=0.59]
[u  873] env=  7151616 succ=0.953 ret=+0.884 len= 7.9 ent=0.500 aL=-0.0181 vL=0.0103 t0=[none=0.03 m0=0.36 m1=0.61]
[u  874] env=  7159808 succ=0.941 ret=+0.871 len= 7.9 ent=0.515 aL=-0.0171 vL=0.0106 t0=[none=0.02 m0=0.38 m1=0.60]
[u  875] env=  7168000 succ=0.953 ret=+0.885 len= 7.8 ent=0.508 aL=-0.0187 vL=0.0087 t0=[none=0.02 m0=0.37 m1=0.61]
[u  876] env=  7176192 succ=0.966 ret=+0.899 len= 7.6 ent=0.498 aL=-0.0206 vL=0.0062 t0=[none=0.02 m0=0.37 m1=0.61]
[u  877] env=  7184384 succ=0.951 ret=+0.881 len= 7.9 ent=0.535 aL=-0.0192 vL=0.0079 t0=[none=0.03 m0=0.37 m1=0.60]
[u  878] env=  7192576 succ=0.960 ret=+0.893 len= 7.6 ent=0.498 aL=-0.0183 vL=0.0072 t0=[none=0.02 m0=0.38 m1=0.60]
[u  879] env=  7200768 succ=0.965 ret=+0.897 len= 7.7 ent=0.527 aL=-0.0183 vL=0.0086 t0=[none=0.03 m0=0.40 m1=0.58]
[u  880] env=  7208960 succ=0.954 ret=+0.886 len= 7.8 ent=0.523 aL=-0.0138 vL=0.0076 t0=[none=0.03 m0=0.37 m1=0.60]
[u  881] env=  7217152 succ=0.952 ret=+0.884 len= 7.8 ent=0.514 aL=-0.0153 vL=0.0083 t0=[none=0.02 m0=0.37 m1=0.61]
[u  882] env=  7225344 succ=0.959 ret=+0.891 len= 7.7 ent=0.488 aL=-0.0165 vL=0.0076 t0=[none=0.02 m0=0.37 m1=0.60]
[u  883] env=  7233536 succ=0.958 ret=+0.890 len= 7.8 ent=0.512 aL=-0.0118 vL=0.0075 t0=[none=0.03 m0=0.37 m1=0.60]
[u  884] env=  7241728 succ=0.948 ret=+0.879 len= 7.9 ent=0.531 aL=-0.0191 vL=0.0118 t0=[none=0.03 m0=0.35 m1=0.62]
[u  885] env=  7249920 succ=0.958 ret=+0.889 len= 7.8 ent=0.525 aL=-0.0189 vL=0.0091 t0=[none=0.02 m0=0.35 m1=0.63]
[u  886] env=  7258112 succ=0.950 ret=+0.882 len= 7.8 ent=0.495 aL=-0.0187 vL=0.0100 t0=[none=0.03 m0=0.37 m1=0.60]
[u  887] env=  7266304 succ=0.962 ret=+0.894 len= 7.7 ent=0.520 aL=-0.0210 vL=0.0073 t0=[none=0.04 m0=0.38 m1=0.58]
[u  888] env=  7274496 succ=0.954 ret=+0.886 len= 7.7 ent=0.508 aL=-0.0194 vL=0.0075 t0=[none=0.02 m0=0.38 m1=0.60]
[u  889] env=  7282688 succ=0.970 ret=+0.903 len= 7.7 ent=0.490 aL=-0.0191 vL=0.0061 t0=[none=0.03 m0=0.39 m1=0.58]
[u  890] env=  7290880 succ=0.965 ret=+0.897 len= 7.7 ent=0.487 aL=-0.0184 vL=0.0058 t0=[none=0.02 m0=0.38 m1=0.60]
[u  891] env=  7299072 succ=0.967 ret=+0.899 len= 7.8 ent=0.485 aL=-0.0140 vL=0.0073 t0=[none=0.02 m0=0.36 m1=0.62]
[u  892] env=  7307264 succ=0.963 ret=+0.895 len= 7.7 ent=0.522 aL=-0.0191 vL=0.0077 t0=[none=0.04 m0=0.39 m1=0.57]
[u  893] env=  7315456 succ=0.945 ret=+0.876 len= 7.9 ent=0.525 aL=-0.0180 vL=0.0079 t0=[none=0.03 m0=0.36 m1=0.61]
[u  894] env=  7323648 succ=0.958 ret=+0.889 len= 7.8 ent=0.489 aL=-0.0187 vL=0.0086 t0=[none=0.02 m0=0.39 m1=0.59]
[u  895] env=  7331840 succ=0.966 ret=+0.900 len= 7.7 ent=0.495 aL=-0.0204 vL=0.0081 t0=[none=0.02 m0=0.36 m1=0.62]
[u  896] env=  7340032 succ=0.965 ret=+0.897 len= 7.7 ent=0.501 aL=-0.0161 vL=0.0065 t0=[none=0.03 m0=0.33 m1=0.64]
[u  897] env=  7348224 succ=0.954 ret=+0.886 len= 7.8 ent=0.515 aL=-0.0173 vL=0.0083 t0=[none=0.02 m0=0.37 m1=0.61]
[u  898] env=  7356416 succ=0.964 ret=+0.896 len= 7.7 ent=0.488 aL=-0.0217 vL=0.0058 t0=[none=0.02 m0=0.37 m1=0.61]
[u  899] env=  7364608 succ=0.967 ret=+0.901 len= 7.6 ent=0.483 aL=-0.0177 vL=0.0078 t0=[none=0.02 m0=0.37 m1=0.61]
[u  900] env=  7372800 succ=0.971 ret=+0.903 len= 7.7 ent=0.475 aL=-0.0189 vL=0.0057 t0=[none=0.02 m0=0.37 m1=0.61]
[u  901] env=  7380992 succ=0.959 ret=+0.893 len= 7.6 ent=0.479 aL=-0.0130 vL=0.0071 t0=[none=0.02 m0=0.34 m1=0.64]
[u  902] env=  7389184 succ=0.963 ret=+0.895 len= 7.7 ent=0.481 aL=-0.0214 vL=0.0050 t0=[none=0.01 m0=0.38 m1=0.60]
[u  903] env=  7397376 succ=0.959 ret=+0.891 len= 7.8 ent=0.488 aL=-0.0196 vL=0.0067 t0=[none=0.01 m0=0.36 m1=0.62]
[u  904] env=  7405568 succ=0.961 ret=+0.893 len= 7.8 ent=0.475 aL=-0.0166 vL=0.0092 t0=[none=0.02 m0=0.41 m1=0.56]
[u  905] env=  7413760 succ=0.948 ret=+0.879 len= 7.9 ent=0.488 aL=-0.0188 vL=0.0089 t0=[none=0.02 m0=0.39 m1=0.59]
[u  906] env=  7421952 succ=0.957 ret=+0.888 len= 7.9 ent=0.483 aL=-0.0179 vL=0.0069 t0=[none=0.02 m0=0.39 m1=0.59]
[u  907] env=  7430144 succ=0.948 ret=+0.878 len= 7.9 ent=0.505 aL=-0.0180 vL=0.0093 t0=[none=0.01 m0=0.36 m1=0.63]
[u  908] env=  7438336 succ=0.964 ret=+0.896 len= 7.7 ent=0.460 aL=-0.0158 vL=0.0070 t0=[none=0.01 m0=0.40 m1=0.59]
[u  909] env=  7446528 succ=0.949 ret=+0.880 len= 7.9 ent=0.482 aL=-0.0157 vL=0.0072 t0=[none=0.02 m0=0.36 m1=0.62]
[u  910] env=  7454720 succ=0.945 ret=+0.874 len= 8.0 ent=0.510 aL=-0.0191 vL=0.0118 t0=[none=0.02 m0=0.36 m1=0.62]
[u  911] env=  7462912 succ=0.952 ret=+0.882 len= 7.9 ent=0.502 aL=-0.0180 vL=0.0080 t0=[none=0.02 m0=0.37 m1=0.61]
[u  912] env=  7471104 succ=0.954 ret=+0.884 len= 7.9 ent=0.527 aL=-0.0169 vL=0.0094 t0=[none=0.02 m0=0.39 m1=0.59]
[u  913] env=  7479296 succ=0.949 ret=+0.880 len= 7.9 ent=0.508 aL=-0.0174 vL=0.0096 t0=[none=0.01 m0=0.39 m1=0.60]
[u  914] env=  7487488 succ=0.952 ret=+0.883 len= 7.9 ent=0.513 aL=-0.0150 vL=0.0102 t0=[none=0.03 m0=0.35 m1=0.61]
[u  915] env=  7495680 succ=0.958 ret=+0.889 len= 7.9 ent=0.501 aL=-0.0189 vL=0.0071 t0=[none=0.02 m0=0.38 m1=0.60]
[u  916] env=  7503872 succ=0.962 ret=+0.895 len= 7.6 ent=0.487 aL=-0.0148 vL=0.0081 t0=[none=0.01 m0=0.38 m1=0.61]
[u  917] env=  7512064 succ=0.962 ret=+0.894 len= 7.7 ent=0.495 aL=-0.0181 vL=0.0082 t0=[none=0.01 m0=0.35 m1=0.64]
[u  918] env=  7520256 succ=0.954 ret=+0.885 len= 7.8 ent=0.509 aL=-0.0154 vL=0.0072 t0=[none=0.02 m0=0.39 m1=0.59]
[u  919] env=  7528448 succ=0.945 ret=+0.875 len= 7.9 ent=0.514 aL=-0.0187 vL=0.0085 t0=[none=0.02 m0=0.35 m1=0.62]
[u  920] env=  7536640 succ=0.961 ret=+0.893 len= 7.8 ent=0.510 aL=-0.0178 vL=0.0070 t0=[none=0.03 m0=0.37 m1=0.60]
[u  921] env=  7544832 succ=0.959 ret=+0.891 len= 7.8 ent=0.525 aL=-0.0186 vL=0.0062 t0=[none=0.02 m0=0.36 m1=0.62]
[u  922] env=  7553024 succ=0.961 ret=+0.892 len= 7.8 ent=0.501 aL=-0.0186 vL=0.0068 t0=[none=0.03 m0=0.37 m1=0.60]
[u  923] env=  7561216 succ=0.952 ret=+0.883 len= 7.8 ent=0.506 aL=-0.0170 vL=0.0083 t0=[none=0.02 m0=0.38 m1=0.60]
[u  924] env=  7569408 succ=0.952 ret=+0.883 len= 7.9 ent=0.512 aL=-0.0218 vL=0.0076 t0=[none=0.03 m0=0.35 m1=0.63]
[u  925] env=  7577600 succ=0.967 ret=+0.900 len= 7.7 ent=0.459 aL=-0.0168 vL=0.0081 t0=[none=0.03 m0=0.37 m1=0.60]
[u  926] env=  7585792 succ=0.954 ret=+0.885 len= 7.9 ent=0.476 aL=-0.0210 vL=0.0081 t0=[none=0.03 m0=0.35 m1=0.62]
[u  927] env=  7593984 succ=0.966 ret=+0.896 len= 7.9 ent=0.480 aL=-0.0167 vL=0.0091 t0=[none=0.03 m0=0.37 m1=0.61]
[u  928] env=  7602176 succ=0.949 ret=+0.881 len= 7.8 ent=0.496 aL=-0.0161 vL=0.0075 t0=[none=0.03 m0=0.37 m1=0.60]
[u  929] env=  7610368 succ=0.951 ret=+0.881 len= 7.9 ent=0.478 aL=-0.0186 vL=0.0088 t0=[none=0.02 m0=0.41 m1=0.57]
[u  930] env=  7618560 succ=0.960 ret=+0.892 len= 7.7 ent=0.459 aL=-0.0191 vL=0.0085 t0=[none=0.03 m0=0.38 m1=0.59]
[u  931] env=  7626752 succ=0.968 ret=+0.901 len= 7.7 ent=0.468 aL=-0.0208 vL=0.0064 t0=[none=0.03 m0=0.38 m1=0.59]
[u  932] env=  7634944 succ=0.958 ret=+0.889 len= 7.9 ent=0.490 aL=-0.0195 vL=0.0079 t0=[none=0.03 m0=0.36 m1=0.61]
[u  933] env=  7643136 succ=0.958 ret=+0.890 len= 7.8 ent=0.485 aL=-0.0202 vL=0.0072 t0=[none=0.03 m0=0.33 m1=0.63]
[u  934] env=  7651328 succ=0.949 ret=+0.878 len= 8.1 ent=0.499 aL=-0.0162 vL=0.0082 t0=[none=0.02 m0=0.36 m1=0.62]
[u  935] env=  7659520 succ=0.962 ret=+0.893 len= 7.9 ent=0.480 aL=-0.0210 vL=0.0084 t0=[none=0.02 m0=0.39 m1=0.59]
[u  936] env=  7667712 succ=0.960 ret=+0.891 len= 7.9 ent=0.499 aL=-0.0181 vL=0.0067 t0=[none=0.03 m0=0.35 m1=0.63]
[u  937] env=  7675904 succ=0.965 ret=+0.897 len= 7.8 ent=0.479 aL=-0.0164 vL=0.0103 t0=[none=0.02 m0=0.35 m1=0.62]
[u  938] env=  7684096 succ=0.953 ret=+0.883 len= 8.0 ent=0.508 aL=-0.0200 vL=0.0088 t0=[none=0.03 m0=0.35 m1=0.62]
[u  939] env=  7692288 succ=0.965 ret=+0.896 len= 7.8 ent=0.500 aL=-0.0209 vL=0.0104 t0=[none=0.03 m0=0.36 m1=0.62]
[u  940] env=  7700480 succ=0.948 ret=+0.878 len= 7.9 ent=0.503 aL=-0.0183 vL=0.0101 t0=[none=0.03 m0=0.37 m1=0.60]
[u  941] env=  7708672 succ=0.958 ret=+0.888 len= 8.0 ent=0.501 aL=-0.0160 vL=0.0089 t0=[none=0.02 m0=0.40 m1=0.58]
[u  942] env=  7716864 succ=0.970 ret=+0.902 len= 7.7 ent=0.483 aL=-0.0171 vL=0.0069 t0=[none=0.03 m0=0.35 m1=0.62]
[u  943] env=  7725056 succ=0.959 ret=+0.890 len= 7.8 ent=0.452 aL=-0.0161 vL=0.0092 t0=[none=0.02 m0=0.37 m1=0.62]
[u  944] env=  7733248 succ=0.969 ret=+0.901 len= 7.8 ent=0.466 aL=-0.0202 vL=0.0080 t0=[none=0.02 m0=0.37 m1=0.61]
[u  945] env=  7741440 succ=0.957 ret=+0.888 len= 7.9 ent=0.507 aL=-0.0212 vL=0.0101 t0=[none=0.02 m0=0.35 m1=0.63]
[u  946] env=  7749632 succ=0.953 ret=+0.884 len= 7.8 ent=0.510 aL=-0.0174 vL=0.0081 t0=[none=0.02 m0=0.35 m1=0.63]
[u  947] env=  7757824 succ=0.956 ret=+0.887 len= 7.8 ent=0.521 aL=-0.0178 vL=0.0099 t0=[none=0.02 m0=0.36 m1=0.62]
[u  948] env=  7766016 succ=0.953 ret=+0.884 len= 7.9 ent=0.495 aL=-0.0204 vL=0.0083 t0=[none=0.02 m0=0.35 m1=0.63]
[u  949] env=  7774208 succ=0.963 ret=+0.895 len= 7.8 ent=0.478 aL=-0.0217 vL=0.0083 t0=[none=0.02 m0=0.38 m1=0.60]
[u  950] env=  7782400 succ=0.963 ret=+0.895 len= 7.8 ent=0.483 aL=-0.0184 vL=0.0056 t0=[none=0.02 m0=0.36 m1=0.63]
[u  951] env=  7790592 succ=0.960 ret=+0.891 len= 7.9 ent=0.495 aL=-0.0151 vL=0.0102 t0=[none=0.02 m0=0.34 m1=0.64]
[u  952] env=  7798784 succ=0.947 ret=+0.877 len= 7.9 ent=0.499 aL=-0.0176 vL=0.0084 t0=[none=0.02 m0=0.36 m1=0.62]
[u  953] env=  7806976 succ=0.957 ret=+0.889 len= 7.8 ent=0.470 aL=-0.0179 vL=0.0062 t0=[none=0.02 m0=0.39 m1=0.59]
[u  954] env=  7815168 succ=0.964 ret=+0.897 len= 7.6 ent=0.446 aL=-0.0191 vL=0.0084 t0=[none=0.02 m0=0.36 m1=0.62]
[u  955] env=  7823360 succ=0.972 ret=+0.904 len= 7.8 ent=0.463 aL=-0.0168 vL=0.0056 t0=[none=0.02 m0=0.35 m1=0.63]
[u  956] env=  7831552 succ=0.952 ret=+0.883 len= 7.8 ent=0.480 aL=-0.0180 vL=0.0103 t0=[none=0.02 m0=0.37 m1=0.60]
[u  957] env=  7839744 succ=0.949 ret=+0.879 len= 7.9 ent=0.501 aL=-0.0177 vL=0.0071 t0=[none=0.03 m0=0.36 m1=0.62]
[u  958] env=  7847936 succ=0.954 ret=+0.885 len= 7.9 ent=0.518 aL=-0.0202 vL=0.0093 t0=[none=0.02 m0=0.38 m1=0.61]
[u  959] env=  7856128 succ=0.953 ret=+0.883 len= 8.0 ent=0.508 aL=-0.0200 vL=0.0076 t0=[none=0.03 m0=0.38 m1=0.59]
[u  960] env=  7864320 succ=0.955 ret=+0.887 len= 7.8 ent=0.505 aL=-0.0172 vL=0.0066 t0=[none=0.02 m0=0.39 m1=0.59]
[u  961] env=  7872512 succ=0.964 ret=+0.896 len= 7.8 ent=0.497 aL=-0.0198 vL=0.0087 t0=[none=0.03 m0=0.38 m1=0.59]
[u  962] env=  7880704 succ=0.953 ret=+0.883 len= 8.0 ent=0.500 aL=-0.0193 vL=0.0099 t0=[none=0.03 m0=0.36 m1=0.61]
[u  963] env=  7888896 succ=0.956 ret=+0.887 len= 7.9 ent=0.504 aL=-0.0085 vL=0.0096 t0=[none=0.02 m0=0.36 m1=0.62]
[u  964] env=  7897088 succ=0.945 ret=+0.876 len= 7.8 ent=0.524 aL=-0.0165 vL=0.0109 t0=[none=0.03 m0=0.35 m1=0.62]
[u  965] env=  7905280 succ=0.947 ret=+0.877 len= 7.9 ent=0.516 aL=-0.0208 vL=0.0087 t0=[none=0.03 m0=0.40 m1=0.56]
[u  966] env=  7913472 succ=0.960 ret=+0.892 len= 7.8 ent=0.480 aL=-0.0192 vL=0.0060 t0=[none=0.02 m0=0.36 m1=0.61]
[u  967] env=  7921664 succ=0.967 ret=+0.898 len= 7.9 ent=0.509 aL=-0.0196 vL=0.0071 t0=[none=0.02 m0=0.36 m1=0.62]
[u  968] env=  7929856 succ=0.956 ret=+0.888 len= 7.7 ent=0.524 aL=-0.0158 vL=0.0075 t0=[none=0.02 m0=0.35 m1=0.62]
[u  969] env=  7938048 succ=0.971 ret=+0.904 len= 7.7 ent=0.478 aL=-0.0171 vL=0.0058 t0=[none=0.03 m0=0.39 m1=0.58]
[u  970] env=  7946240 succ=0.960 ret=+0.891 len= 7.8 ent=0.505 aL=-0.0173 vL=0.0070 t0=[none=0.02 m0=0.37 m1=0.60]
[u  971] env=  7954432 succ=0.951 ret=+0.881 len= 7.9 ent=0.536 aL=-0.0186 vL=0.0085 t0=[none=0.03 m0=0.36 m1=0.62]
[u  972] env=  7962624 succ=0.957 ret=+0.889 len= 7.8 ent=0.521 aL=-0.0182 vL=0.0075 t0=[none=0.02 m0=0.37 m1=0.60]
[u  973] env=  7970816 succ=0.964 ret=+0.896 len= 7.7 ent=0.498 aL=-0.0182 vL=0.0057 t0=[none=0.02 m0=0.35 m1=0.63]
[u  974] env=  7979008 succ=0.962 ret=+0.894 len= 7.8 ent=0.495 aL=-0.0186 vL=0.0056 t0=[none=0.02 m0=0.39 m1=0.59]
[u  975] env=  7987200 succ=0.956 ret=+0.887 len= 7.9 ent=0.515 aL=-0.0178 vL=0.0053 t0=[none=0.02 m0=0.36 m1=0.62]
[u  976] env=  7995392 succ=0.960 ret=+0.892 len= 7.8 ent=0.493 aL=-0.0186 vL=0.0067 t0=[none=0.02 m0=0.39 m1=0.60]
[u  977] env=  8003584 succ=0.969 ret=+0.903 len= 7.6 ent=0.468 aL=-0.0216 vL=0.0063 t0=[none=0.02 m0=0.37 m1=0.61]
[u  978] env=  8011776 succ=0.953 ret=+0.884 len= 7.9 ent=0.505 aL=-0.0218 vL=0.0069 t0=[none=0.02 m0=0.39 m1=0.60]
[u  979] env=  8019968 succ=0.962 ret=+0.895 len= 7.7 ent=0.507 aL=-0.0194 vL=0.0074 t0=[none=0.02 m0=0.35 m1=0.64]
[u  980] env=  8028160 succ=0.953 ret=+0.884 len= 7.8 ent=0.505 aL=-0.0195 vL=0.0065 t0=[none=0.02 m0=0.35 m1=0.63]
[u  981] env=  8036352 succ=0.969 ret=+0.902 len= 7.7 ent=0.489 aL=-0.0218 vL=0.0052 t0=[none=0.02 m0=0.38 m1=0.61]
[u  982] env=  8044544 succ=0.964 ret=+0.896 len= 7.8 ent=0.505 aL=-0.0190 vL=0.0081 t0=[none=0.01 m0=0.39 m1=0.60]
[u  983] env=  8052736 succ=0.961 ret=+0.892 len= 7.9 ent=0.519 aL=-0.0173 vL=0.0081 t0=[none=0.02 m0=0.37 m1=0.62]
[u  984] env=  8060928 succ=0.963 ret=+0.894 len= 7.8 ent=0.516 aL=-0.0185 vL=0.0067 t0=[none=0.02 m0=0.40 m1=0.57]
[u  985] env=  8069120 succ=0.960 ret=+0.892 len= 7.8 ent=0.506 aL=-0.0157 vL=0.0079 t0=[none=0.02 m0=0.37 m1=0.62]
[u  986] env=  8077312 succ=0.968 ret=+0.901 len= 7.7 ent=0.493 aL=-0.0180 vL=0.0056 t0=[none=0.01 m0=0.38 m1=0.61]
[u  987] env=  8085504 succ=0.957 ret=+0.888 len= 7.9 ent=0.508 aL=-0.0157 vL=0.0071 t0=[none=0.02 m0=0.35 m1=0.62]
[u  988] env=  8093696 succ=0.967 ret=+0.901 len= 7.6 ent=0.489 aL=-0.0180 vL=0.0058 t0=[none=0.02 m0=0.40 m1=0.59]
[u  989] env=  8101888 succ=0.964 ret=+0.894 len= 8.0 ent=0.505 aL=-0.0192 vL=0.0069 t0=[none=0.02 m0=0.39 m1=0.59]
[u  990] env=  8110080 succ=0.951 ret=+0.882 len= 7.9 ent=0.498 aL=-0.0231 vL=0.0070 t0=[none=0.02 m0=0.37 m1=0.61]
[u  991] env=  8118272 succ=0.965 ret=+0.896 len= 7.9 ent=0.505 aL=-0.0166 vL=0.0068 t0=[none=0.02 m0=0.37 m1=0.61]
[u  992] env=  8126464 succ=0.962 ret=+0.893 len= 7.9 ent=0.503 aL=-0.0151 vL=0.0083 t0=[none=0.02 m0=0.39 m1=0.59]
[u  993] env=  8134656 succ=0.949 ret=+0.880 len= 7.9 ent=0.525 aL=-0.0163 vL=0.0056 t0=[none=0.02 m0=0.37 m1=0.61]
[u  994] env=  8142848 succ=0.963 ret=+0.894 len= 7.9 ent=0.524 aL=-0.0192 vL=0.0081 t0=[none=0.01 m0=0.35 m1=0.64]
[u  995] env=  8151040 succ=0.964 ret=+0.896 len= 7.8 ent=0.520 aL=-0.0189 vL=0.0060 t0=[none=0.02 m0=0.35 m1=0.62]
[u  996] env=  8159232 succ=0.949 ret=+0.880 len= 7.9 ent=0.547 aL=-0.0190 vL=0.0122 t0=[none=0.02 m0=0.35 m1=0.62]
[u  997] env=  8167424 succ=0.957 ret=+0.887 len= 7.9 ent=0.516 aL=-0.0184 vL=0.0085 t0=[none=0.02 m0=0.40 m1=0.58]
[u  998] env=  8175616 succ=0.958 ret=+0.887 len= 8.1 ent=0.514 aL=-0.0213 vL=0.0087 t0=[none=0.02 m0=0.36 m1=0.63]
[u  999] env=  8183808 succ=0.956 ret=+0.885 len= 8.0 ent=0.528 aL=-0.0202 vL=0.0080 t0=[none=0.02 m0=0.36 m1=0.63]
[u 1000] env=  8192000 succ=0.958 ret=+0.890 len= 7.8 ent=0.523 aL=-0.0175 vL=0.0078 t0=[none=0.02 m0=0.36 m1=0.62]
[u 1001] env=  8200192 succ=0.968 ret=+0.898 len= 7.9 ent=0.521 aL=-0.0175 vL=0.0063 t0=[none=0.02 m0=0.40 m1=0.58]
[u 1002] env=  8208384 succ=0.974 ret=+0.907 len= 7.7 ent=0.491 aL=-0.0170 vL=0.0055 t0=[none=0.02 m0=0.37 m1=0.61]
[u 1003] env=  8216576 succ=0.963 ret=+0.894 len= 7.9 ent=0.516 aL=-0.0176 vL=0.0089 t0=[none=0.02 m0=0.34 m1=0.64]
[u 1004] env=  8224768 succ=0.964 ret=+0.895 len= 7.8 ent=0.522 aL=-0.0197 vL=0.0084 t0=[none=0.01 m0=0.37 m1=0.62]
[u 1005] env=  8232960 succ=0.951 ret=+0.880 len= 8.0 ent=0.545 aL=-0.0161 vL=0.0099 t0=[none=0.02 m0=0.39 m1=0.59]
[u 1006] env=  8241152 succ=0.952 ret=+0.883 len= 7.9 ent=0.532 aL=-0.0175 vL=0.0076 t0=[none=0.02 m0=0.37 m1=0.61]
[u 1007] env=  8249344 succ=0.949 ret=+0.878 len= 8.0 ent=0.526 aL=-0.0160 vL=0.0086 t0=[none=0.03 m0=0.34 m1=0.63]
[u 1008] env=  8257536 succ=0.967 ret=+0.898 len= 7.9 ent=0.495 aL=-0.0194 vL=0.0061 t0=[none=0.02 m0=0.37 m1=0.62]
[u 1009] env=  8265728 succ=0.952 ret=+0.881 len= 8.1 ent=0.488 aL=-0.0199 vL=0.0103 t0=[none=0.02 m0=0.35 m1=0.63]
[u 1010] env=  8273920 succ=0.964 ret=+0.897 len= 7.7 ent=0.497 aL=-0.0198 vL=0.0073 t0=[none=0.02 m0=0.39 m1=0.59]
[u 1011] env=  8282112 succ=0.954 ret=+0.883 len= 8.0 ent=0.513 aL=-0.0101 vL=0.0098 t0=[none=0.03 m0=0.37 m1=0.60]
[u 1012] env=  8290304 succ=0.950 ret=+0.882 len= 7.8 ent=0.520 aL=-0.0172 vL=0.0101 t0=[none=0.03 m0=0.37 m1=0.60]
[u 1013] env=  8298496 succ=0.941 ret=+0.870 len= 8.0 ent=0.564 aL=-0.0186 vL=0.0090 t0=[none=0.02 m0=0.36 m1=0.62]
[u 1014] env=  8306688 succ=0.949 ret=+0.879 len= 7.9 ent=0.525 aL=-0.0154 vL=0.0077 t0=[none=0.03 m0=0.39 m1=0.58]
[u 1015] env=  8314880 succ=0.950 ret=+0.880 len= 7.9 ent=0.536 aL=-0.0219 vL=0.0109 t0=[none=0.03 m0=0.36 m1=0.61]
[u 1016] env=  8323072 succ=0.938 ret=+0.867 len= 8.0 ent=0.533 aL=-0.0168 vL=0.0082 t0=[none=0.02 m0=0.38 m1=0.60]
[u 1017] env=  8331264 succ=0.972 ret=+0.904 len= 7.8 ent=0.501 aL=-0.0203 vL=0.0073 t0=[none=0.02 m0=0.38 m1=0.59]
[u 1018] env=  8339456 succ=0.954 ret=+0.885 len= 7.8 ent=0.522 aL=-0.0155 vL=0.0084 t0=[none=0.02 m0=0.36 m1=0.62]
[u 1019] env=  8347648 succ=0.949 ret=+0.879 len= 8.0 ent=0.527 aL=-0.0204 vL=0.0092 t0=[none=0.03 m0=0.34 m1=0.63]
[u 1020] env=  8355840 succ=0.956 ret=+0.885 len= 8.0 ent=0.518 aL=-0.0196 vL=0.0090 t0=[none=0.03 m0=0.37 m1=0.60]
[u 1021] env=  8364032 succ=0.949 ret=+0.878 len= 8.0 ent=0.513 aL=-0.0189 vL=0.0093 t0=[none=0.03 m0=0.36 m1=0.62]
[u 1022] env=  8372224 succ=0.955 ret=+0.886 len= 7.9 ent=0.506 aL=-0.0184 vL=0.0092 t0=[none=0.03 m0=0.35 m1=0.62]
[u 1023] env=  8380416 succ=0.948 ret=+0.877 len= 8.0 ent=0.504 aL=-0.0194 vL=0.0104 t0=[none=0.03 m0=0.37 m1=0.60]
[u 1024] env=  8388608 succ=0.965 ret=+0.898 len= 7.7 ent=0.495 aL=-0.0154 vL=0.0057 t0=[none=0.02 m0=0.36 m1=0.62]
[u 1025] env=  8396800 succ=0.956 ret=+0.888 len= 7.8 ent=0.486 aL=-0.0199 vL=0.0091 t0=[none=0.02 m0=0.39 m1=0.59]
[u 1026] env=  8404992 succ=0.951 ret=+0.881 len= 8.0 ent=0.514 aL=-0.0173 vL=0.0099 t0=[none=0.02 m0=0.36 m1=0.62]
[u 1027] env=  8413184 succ=0.938 ret=+0.868 len= 7.9 ent=0.532 aL=-0.0220 vL=0.0092 t0=[none=0.04 m0=0.35 m1=0.61]
[u 1028] env=  8421376 succ=0.958 ret=+0.888 len= 8.0 ent=0.491 aL=-0.0183 vL=0.0103 t0=[none=0.03 m0=0.36 m1=0.61]
[u 1029] env=  8429568 succ=0.951 ret=+0.883 len= 7.8 ent=0.483 aL=-0.0199 vL=0.0085 t0=[none=0.03 m0=0.36 m1=0.61]
[u 1030] env=  8437760 succ=0.940 ret=+0.871 len= 7.9 ent=0.526 aL=-0.0244 vL=0.0102 t0=[none=0.03 m0=0.37 m1=0.60]
[u 1031] env=  8445952 succ=0.956 ret=+0.887 len= 7.9 ent=0.505 aL=-0.0193 vL=0.0074 t0=[none=0.03 m0=0.36 m1=0.61]
[u 1032] env=  8454144 succ=0.951 ret=+0.882 len= 7.9 ent=0.512 aL=-0.0186 vL=0.0089 t0=[none=0.03 m0=0.33 m1=0.64]
[u 1033] env=  8462336 succ=0.948 ret=+0.879 len= 7.9 ent=0.489 aL=-0.0158 vL=0.0071 t0=[none=0.03 m0=0.36 m1=0.62]
[u 1034] env=  8470528 succ=0.962 ret=+0.894 len= 7.7 ent=0.476 aL=-0.0159 vL=0.0061 t0=[none=0.03 m0=0.37 m1=0.60]
[u 1035] env=  8478720 succ=0.959 ret=+0.891 len= 7.8 ent=0.503 aL=-0.0175 vL=0.0082 t0=[none=0.03 m0=0.37 m1=0.60]
[u 1036] env=  8486912 succ=0.952 ret=+0.882 len= 7.9 ent=0.507 aL=-0.0165 vL=0.0081 t0=[none=0.03 m0=0.34 m1=0.63]
[u 1037] env=  8495104 succ=0.962 ret=+0.894 len= 7.8 ent=0.481 aL=-0.0161 vL=0.0078 t0=[none=0.03 m0=0.36 m1=0.61]
[u 1038] env=  8503296 succ=0.964 ret=+0.895 len= 7.9 ent=0.482 aL=-0.0198 vL=0.0083 t0=[none=0.03 m0=0.35 m1=0.62]
[u 1039] env=  8511488 succ=0.956 ret=+0.887 len= 7.8 ent=0.484 aL=-0.0192 vL=0.0087 t0=[none=0.04 m0=0.35 m1=0.61]
[u 1040] env=  8519680 succ=0.952 ret=+0.884 len= 7.8 ent=0.494 aL=-0.0184 vL=0.0087 t0=[none=0.03 m0=0.35 m1=0.62]
[u 1041] env=  8527872 succ=0.962 ret=+0.893 len= 7.8 ent=0.498 aL=-0.0171 vL=0.0064 t0=[none=0.04 m0=0.34 m1=0.62]
[u 1042] env=  8536064 succ=0.962 ret=+0.893 len= 7.8 ent=0.490 aL=-0.0189 vL=0.0098 t0=[none=0.04 m0=0.37 m1=0.59]
[u 1043] env=  8544256 succ=0.938 ret=+0.868 len= 7.9 ent=0.513 aL=-0.0182 vL=0.0119 t0=[none=0.04 m0=0.38 m1=0.58]
[u 1044] env=  8552448 succ=0.942 ret=+0.873 len= 7.9 ent=0.493 aL=-0.0166 vL=0.0106 t0=[none=0.03 m0=0.36 m1=0.60]
[u 1045] env=  8560640 succ=0.968 ret=+0.901 len= 7.7 ent=0.472 aL=-0.0168 vL=0.0086 t0=[none=0.03 m0=0.35 m1=0.62]
[u 1046] env=  8568832 succ=0.950 ret=+0.880 len= 7.9 ent=0.493 aL=-0.0165 vL=0.0091 t0=[none=0.03 m0=0.33 m1=0.63]
[u 1047] env=  8577024 succ=0.945 ret=+0.874 len= 8.0 ent=0.525 aL=-0.0151 vL=0.0093 t0=[none=0.05 m0=0.37 m1=0.58]
[u 1048] env=  8585216 succ=0.950 ret=+0.878 len= 8.1 ent=0.482 aL=-0.0129 vL=0.0094 t0=[none=0.03 m0=0.38 m1=0.59]
[u 1049] env=  8593408 succ=0.964 ret=+0.897 len= 7.7 ent=0.467 aL=-0.0183 vL=0.0074 t0=[none=0.03 m0=0.37 m1=0.61]
[u 1050] env=  8601600 succ=0.956 ret=+0.887 len= 7.9 ent=0.501 aL=-0.0155 vL=0.0061 t0=[none=0.03 m0=0.34 m1=0.62]
[u 1051] env=  8609792 succ=0.944 ret=+0.874 len= 8.0 ent=0.505 aL=-0.0176 vL=0.0072 t0=[none=0.04 m0=0.33 m1=0.63]
[u 1052] env=  8617984 succ=0.955 ret=+0.887 len= 7.8 ent=0.488 aL=-0.0193 vL=0.0106 t0=[none=0.03 m0=0.34 m1=0.64]
[u 1053] env=  8626176 succ=0.956 ret=+0.888 len= 7.7 ent=0.494 aL=-0.0188 vL=0.0075 t0=[none=0.04 m0=0.35 m1=0.61]
[u 1054] env=  8634368 succ=0.959 ret=+0.891 len= 7.7 ent=0.519 aL=-0.0194 vL=0.0082 t0=[none=0.03 m0=0.35 m1=0.62]
[u 1055] env=  8642560 succ=0.937 ret=+0.867 len= 7.9 ent=0.540 aL=-0.0198 vL=0.0082 t0=[none=0.03 m0=0.35 m1=0.61]
[u 1056] env=  8650752 succ=0.962 ret=+0.894 len= 7.7 ent=0.501 aL=-0.0190 vL=0.0082 t0=[none=0.03 m0=0.34 m1=0.63]
[u 1057] env=  8658944 succ=0.963 ret=+0.895 len= 7.7 ent=0.493 aL=-0.0213 vL=0.0076 t0=[none=0.03 m0=0.36 m1=0.61]
[u 1058] env=  8667136 succ=0.958 ret=+0.888 len= 7.9 ent=0.496 aL=-0.0174 vL=0.0092 t0=[none=0.03 m0=0.35 m1=0.62]
[u 1059] env=  8675328 succ=0.963 ret=+0.895 len= 7.7 ent=0.477 aL=-0.0188 vL=0.0059 t0=[none=0.03 m0=0.37 m1=0.60]
[u 1060] env=  8683520 succ=0.972 ret=+0.905 len= 7.7 ent=0.487 aL=-0.0185 vL=0.0060 t0=[none=0.03 m0=0.35 m1=0.62]
[u 1061] env=  8691712 succ=0.954 ret=+0.886 len= 7.8 ent=0.519 aL=-0.0206 vL=0.0061 t0=[none=0.03 m0=0.37 m1=0.60]
[u 1062] env=  8699904 succ=0.960 ret=+0.892 len= 7.8 ent=0.475 aL=-0.0150 vL=0.0080 t0=[none=0.02 m0=0.35 m1=0.63]
[u 1063] env=  8708096 succ=0.967 ret=+0.899 len= 7.7 ent=0.482 aL=-0.0201 vL=0.0070 t0=[none=0.03 m0=0.36 m1=0.60]
[u 1064] env=  8716288 succ=0.963 ret=+0.896 len= 7.6 ent=0.475 aL=-0.0200 vL=0.0069 t0=[none=0.03 m0=0.34 m1=0.63]
[u 1065] env=  8724480 succ=0.959 ret=+0.889 len= 7.9 ent=0.488 aL=-0.0187 vL=0.0069 t0=[none=0.04 m0=0.34 m1=0.62]
[u 1066] env=  8732672 succ=0.973 ret=+0.907 len= 7.6 ent=0.448 aL=-0.0187 vL=0.0063 t0=[none=0.03 m0=0.35 m1=0.62]
[u 1067] env=  8740864 succ=0.977 ret=+0.910 len= 7.6 ent=0.463 aL=-0.0199 vL=0.0054 t0=[none=0.03 m0=0.37 m1=0.60]
[u 1068] env=  8749056 succ=0.967 ret=+0.900 len= 7.7 ent=0.466 aL=-0.0180 vL=0.0057 t0=[none=0.02 m0=0.37 m1=0.62]
[u 1069] env=  8757248 succ=0.971 ret=+0.903 len= 7.7 ent=0.460 aL=-0.0206 vL=0.0060 t0=[none=0.03 m0=0.36 m1=0.62]
[u 1070] env=  8765440 succ=0.966 ret=+0.899 len= 7.6 ent=0.479 aL=-0.0173 vL=0.0068 t0=[none=0.02 m0=0.36 m1=0.61]
[u 1071] env=  8773632 succ=0.968 ret=+0.899 len= 7.8 ent=0.466 aL=-0.0175 vL=0.0079 t0=[none=0.03 m0=0.33 m1=0.64]
[u 1072] env=  8781824 succ=0.961 ret=+0.894 len= 7.7 ent=0.482 aL=-0.0163 vL=0.0066 t0=[none=0.04 m0=0.33 m1=0.63]
[u 1073] env=  8790016 succ=0.970 ret=+0.902 len= 7.8 ent=0.493 aL=-0.0166 vL=0.0064 t0=[none=0.03 m0=0.36 m1=0.61]
[u 1074] env=  8798208 succ=0.958 ret=+0.890 len= 7.8 ent=0.509 aL=-0.0205 vL=0.0059 t0=[none=0.02 m0=0.32 m1=0.65]
[u 1075] env=  8806400 succ=0.955 ret=+0.887 len= 7.8 ent=0.519 aL=-0.0154 vL=0.0064 t0=[none=0.02 m0=0.36 m1=0.62]
[u 1076] env=  8814592 succ=0.964 ret=+0.897 len= 7.7 ent=0.483 aL=-0.0181 vL=0.0051 t0=[none=0.03 m0=0.36 m1=0.61]
[u 1077] env=  8822784 succ=0.961 ret=+0.894 len= 7.7 ent=0.471 aL=-0.0187 vL=0.0054 t0=[none=0.04 m0=0.35 m1=0.62]
[u 1078] env=  8830976 succ=0.974 ret=+0.907 len= 7.6 ent=0.458 aL=-0.0203 vL=0.0066 t0=[none=0.03 m0=0.35 m1=0.62]
[u 1079] env=  8839168 succ=0.973 ret=+0.906 len= 7.7 ent=0.466 aL=-0.0185 vL=0.0066 t0=[none=0.03 m0=0.35 m1=0.61]
[u 1080] env=  8847360 succ=0.953 ret=+0.884 len= 7.8 ent=0.526 aL=-0.0185 vL=0.0088 t0=[none=0.03 m0=0.35 m1=0.62]
[u 1081] env=  8855552 succ=0.959 ret=+0.892 len= 7.7 ent=0.492 aL=-0.0171 vL=0.0061 t0=[none=0.03 m0=0.35 m1=0.62]
[u 1082] env=  8863744 succ=0.961 ret=+0.891 len= 8.0 ent=0.491 aL=-0.0181 vL=0.0063 t0=[none=0.04 m0=0.38 m1=0.58]
[u 1083] env=  8871936 succ=0.969 ret=+0.901 len= 7.8 ent=0.469 aL=-0.0176 vL=0.0054 t0=[none=0.04 m0=0.34 m1=0.62]
[u 1084] env=  8880128 succ=0.969 ret=+0.901 len= 7.8 ent=0.468 aL=-0.0208 vL=0.0065 t0=[none=0.03 m0=0.36 m1=0.61]
[u 1085] env=  8888320 succ=0.966 ret=+0.899 len= 7.7 ent=0.467 aL=-0.0210 vL=0.0063 t0=[none=0.04 m0=0.36 m1=0.61]
[u 1086] env=  8896512 succ=0.956 ret=+0.889 len= 7.7 ent=0.455 aL=-0.0203 vL=0.0099 t0=[none=0.03 m0=0.36 m1=0.61]
[u 1087] env=  8904704 succ=0.960 ret=+0.892 len= 7.7 ent=0.474 aL=-0.0173 vL=0.0073 t0=[none=0.04 m0=0.35 m1=0.61]
[u 1088] env=  8912896 succ=0.955 ret=+0.885 len= 8.0 ent=0.461 aL=-0.0174 vL=0.0073 t0=[none=0.04 m0=0.35 m1=0.61]
[u 1089] env=  8921088 succ=0.965 ret=+0.897 len= 7.8 ent=0.462 aL=-0.0200 vL=0.0092 t0=[none=0.05 m0=0.33 m1=0.62]
[u 1090] env=  8929280 succ=0.961 ret=+0.893 len= 7.7 ent=0.468 aL=-0.0164 vL=0.0074 t0=[none=0.06 m0=0.36 m1=0.58]
[u 1091] env=  8937472 succ=0.954 ret=+0.885 len= 7.9 ent=0.488 aL=-0.0186 vL=0.0091 t0=[none=0.04 m0=0.36 m1=0.60]
[u 1092] env=  8945664 succ=0.957 ret=+0.889 len= 7.8 ent=0.479 aL=-0.0128 vL=0.0067 t0=[none=0.03 m0=0.36 m1=0.60]
[u 1093] env=  8953856 succ=0.972 ret=+0.904 len= 7.7 ent=0.460 aL=-0.0196 vL=0.0058 t0=[none=0.05 m0=0.34 m1=0.61]
[u 1094] env=  8962048 succ=0.955 ret=+0.887 len= 7.8 ent=0.469 aL=-0.0183 vL=0.0082 t0=[none=0.05 m0=0.36 m1=0.58]
[u 1095] env=  8970240 succ=0.955 ret=+0.887 len= 7.8 ent=0.478 aL=-0.0200 vL=0.0090 t0=[none=0.05 m0=0.34 m1=0.61]
[u 1096] env=  8978432 succ=0.957 ret=+0.889 len= 7.7 ent=0.491 aL=-0.0190 vL=0.0086 t0=[none=0.05 m0=0.33 m1=0.61]
[u 1097] env=  8986624 succ=0.954 ret=+0.886 len= 7.7 ent=0.485 aL=-0.0220 vL=0.0098 t0=[none=0.05 m0=0.35 m1=0.61]
[u 1098] env=  8994816 succ=0.950 ret=+0.880 len= 7.9 ent=0.459 aL=-0.0168 vL=0.0120 t0=[none=0.04 m0=0.35 m1=0.61]
[u 1099] env=  9003008 succ=0.957 ret=+0.889 len= 7.8 ent=0.482 aL=-0.0167 vL=0.0077 t0=[none=0.04 m0=0.34 m1=0.62]
[u 1100] env=  9011200 succ=0.956 ret=+0.886 len= 7.9 ent=0.460 aL=-0.0209 vL=0.0072 t0=[none=0.04 m0=0.34 m1=0.62]
[u 1101] env=  9019392 succ=0.966 ret=+0.898 len= 7.8 ent=0.445 aL=-0.0211 vL=0.0065 t0=[none=0.06 m0=0.35 m1=0.59]
[u 1102] env=  9027584 succ=0.973 ret=+0.906 len= 7.7 ent=0.446 aL=-0.0179 vL=0.0074 t0=[none=0.04 m0=0.37 m1=0.59]
[u 1103] env=  9035776 succ=0.959 ret=+0.891 len= 7.8 ent=0.467 aL=-0.0195 vL=0.0067 t0=[none=0.04 m0=0.34 m1=0.62]
[u 1104] env=  9043968 succ=0.964 ret=+0.894 len= 8.0 ent=0.465 aL=-0.0226 vL=0.0069 t0=[none=0.04 m0=0.34 m1=0.61]
[u 1105] env=  9052160 succ=0.950 ret=+0.882 len= 7.8 ent=0.490 aL=-0.0162 vL=0.0104 t0=[none=0.04 m0=0.33 m1=0.63]
[u 1106] env=  9060352 succ=0.951 ret=+0.882 len= 7.9 ent=0.465 aL=-0.0162 vL=0.0121 t0=[none=0.05 m0=0.35 m1=0.60]
[u 1107] env=  9068544 succ=0.971 ret=+0.903 len= 7.7 ent=0.460 aL=-0.0198 vL=0.0071 t0=[none=0.05 m0=0.34 m1=0.60]
[u 1108] env=  9076736 succ=0.961 ret=+0.892 len= 7.8 ent=0.487 aL=-0.0226 vL=0.0071 t0=[none=0.03 m0=0.36 m1=0.61]
[u 1109] env=  9084928 succ=0.947 ret=+0.877 len= 7.9 ent=0.490 aL=-0.0175 vL=0.0113 t0=[none=0.04 m0=0.33 m1=0.63]
[u 1110] env=  9093120 succ=0.957 ret=+0.888 len= 7.8 ent=0.493 aL=-0.0177 vL=0.0074 t0=[none=0.06 m0=0.36 m1=0.58]
[u 1111] env=  9101312 succ=0.958 ret=+0.890 len= 7.8 ent=0.481 aL=-0.0161 vL=0.0079 t0=[none=0.04 m0=0.34 m1=0.61]
[u 1112] env=  9109504 succ=0.960 ret=+0.892 len= 7.8 ent=0.473 aL=-0.0207 vL=0.0086 t0=[none=0.04 m0=0.33 m1=0.63]
[u 1113] env=  9117696 succ=0.962 ret=+0.893 len= 7.9 ent=0.476 aL=-0.0175 vL=0.0075 t0=[none=0.04 m0=0.35 m1=0.61]
[u 1114] env=  9125888 succ=0.956 ret=+0.886 len= 7.9 ent=0.482 aL=-0.0176 vL=0.0062 t0=[none=0.04 m0=0.37 m1=0.60]
[u 1115] env=  9134080 succ=0.966 ret=+0.898 len= 7.8 ent=0.464 aL=-0.0179 vL=0.0051 t0=[none=0.04 m0=0.35 m1=0.61]
[u 1116] env=  9142272 succ=0.960 ret=+0.891 len= 7.9 ent=0.473 aL=-0.0125 vL=0.0072 t0=[none=0.05 m0=0.36 m1=0.60]
[u 1117] env=  9150464 succ=0.960 ret=+0.892 len= 7.8 ent=0.463 aL=-0.0169 vL=0.0073 t0=[none=0.04 m0=0.33 m1=0.63]
[u 1118] env=  9158656 succ=0.968 ret=+0.900 len= 7.7 ent=0.451 aL=-0.0205 vL=0.0059 t0=[none=0.04 m0=0.33 m1=0.63]
[u 1119] env=  9166848 succ=0.951 ret=+0.883 len= 7.7 ent=0.460 aL=-0.0156 vL=0.0077 t0=[none=0.03 m0=0.35 m1=0.61]
[u 1120] env=  9175040 succ=0.965 ret=+0.898 len= 7.7 ent=0.433 aL=-0.0161 vL=0.0045 t0=[none=0.04 m0=0.37 m1=0.59]
[u 1121] env=  9183232 succ=0.970 ret=+0.904 len= 7.6 ent=0.440 aL=-0.0160 vL=0.0066 t0=[none=0.03 m0=0.35 m1=0.62]
[u 1122] env=  9191424 succ=0.971 ret=+0.903 len= 7.7 ent=0.432 aL=-0.0177 vL=0.0046 t0=[none=0.03 m0=0.35 m1=0.62]
[u 1123] env=  9199616 succ=0.968 ret=+0.901 len= 7.7 ent=0.445 aL=-0.0129 vL=0.0069 t0=[none=0.04 m0=0.33 m1=0.63]
[u 1124] env=  9207808 succ=0.968 ret=+0.902 len= 7.6 ent=0.451 aL=-0.0190 vL=0.0052 t0=[none=0.04 m0=0.37 m1=0.59]
[u 1125] env=  9216000 succ=0.951 ret=+0.883 len= 7.8 ent=0.458 aL=-0.0197 vL=0.0073 t0=[none=0.04 m0=0.36 m1=0.60]
[u 1126] env=  9224192 succ=0.964 ret=+0.896 len= 7.8 ent=0.450 aL=-0.0179 vL=0.0081 t0=[none=0.04 m0=0.35 m1=0.61]
[u 1127] env=  9232384 succ=0.966 ret=+0.897 len= 7.9 ent=0.442 aL=-0.0124 vL=0.0066 t0=[none=0.02 m0=0.35 m1=0.62]
[u 1128] env=  9240576 succ=0.968 ret=+0.899 len= 7.8 ent=0.446 aL=-0.0175 vL=0.0053 t0=[none=0.03 m0=0.35 m1=0.62]
[u 1129] env=  9248768 succ=0.976 ret=+0.909 len= 7.6 ent=0.418 aL=-0.0159 vL=0.0038 t0=[none=0.02 m0=0.37 m1=0.61]
[u 1130] env=  9256960 succ=0.968 ret=+0.900 len= 7.8 ent=0.443 aL=-0.0201 vL=0.0079 t0=[none=0.03 m0=0.33 m1=0.64]
[u 1131] env=  9265152 succ=0.963 ret=+0.895 len= 7.8 ent=0.435 aL=-0.0162 vL=0.0080 t0=[none=0.04 m0=0.33 m1=0.62]
[u 1132] env=  9273344 succ=0.973 ret=+0.904 len= 7.8 ent=0.439 aL=-0.0199 vL=0.0051 t0=[none=0.02 m0=0.37 m1=0.61]
[u 1133] env=  9281536 succ=0.971 ret=+0.904 len= 7.7 ent=0.431 aL=-0.0183 vL=0.0048 t0=[none=0.04 m0=0.34 m1=0.62]
[u 1134] env=  9289728 succ=0.968 ret=+0.901 len= 7.7 ent=0.448 aL=-0.0174 vL=0.0045 t0=[none=0.03 m0=0.34 m1=0.63]
[u 1135] env=  9297920 succ=0.959 ret=+0.891 len= 7.7 ent=0.454 aL=-0.0165 vL=0.0064 t0=[none=0.04 m0=0.35 m1=0.61]
[u 1136] env=  9306112 succ=0.969 ret=+0.900 len= 7.8 ent=0.429 aL=-0.0197 vL=0.0055 t0=[none=0.03 m0=0.32 m1=0.66]
[u 1137] env=  9314304 succ=0.965 ret=+0.897 len= 7.8 ent=0.443 aL=-0.0168 vL=0.0074 t0=[none=0.03 m0=0.36 m1=0.61]
[u 1138] env=  9322496 succ=0.976 ret=+0.908 len= 7.7 ent=0.425 aL=-0.0197 vL=0.0043 t0=[none=0.02 m0=0.37 m1=0.61]
[u 1139] env=  9330688 succ=0.963 ret=+0.895 len= 7.8 ent=0.454 aL=-0.0170 vL=0.0069 t0=[none=0.03 m0=0.37 m1=0.60]
[u 1140] env=  9338880 succ=0.959 ret=+0.890 len= 7.8 ent=0.458 aL=-0.0138 vL=0.0086 t0=[none=0.03 m0=0.34 m1=0.63]
[u 1141] env=  9347072 succ=0.972 ret=+0.903 len= 7.8 ent=0.448 aL=-0.0194 vL=0.0049 t0=[none=0.03 m0=0.32 m1=0.65]
[u 1142] env=  9355264 succ=0.968 ret=+0.899 len= 7.8 ent=0.439 aL=-0.0183 vL=0.0039 t0=[none=0.02 m0=0.36 m1=0.62]
[u 1143] env=  9363456 succ=0.972 ret=+0.905 len= 7.7 ent=0.442 aL=-0.0166 vL=0.0041 t0=[none=0.02 m0=0.35 m1=0.63]
[u 1144] env=  9371648 succ=0.961 ret=+0.893 len= 7.8 ent=0.460 aL=-0.0119 vL=0.0053 t0=[none=0.03 m0=0.36 m1=0.61]
[u 1145] env=  9379840 succ=0.968 ret=+0.899 len= 7.8 ent=0.451 aL=-0.0179 vL=0.0067 t0=[none=0.03 m0=0.34 m1=0.63]
[u 1146] env=  9388032 succ=0.962 ret=+0.894 len= 7.7 ent=0.437 aL=-0.0119 vL=0.0073 t0=[none=0.03 m0=0.38 m1=0.59]
[u 1147] env=  9396224 succ=0.965 ret=+0.897 len= 7.7 ent=0.442 aL=-0.0214 vL=0.0061 t0=[none=0.03 m0=0.33 m1=0.63]
[u 1148] env=  9404416 succ=0.962 ret=+0.895 len= 7.7 ent=0.445 aL=-0.0173 vL=0.0076 t0=[none=0.05 m0=0.36 m1=0.59]
[u 1149] env=  9412608 succ=0.970 ret=+0.901 len= 7.8 ent=0.462 aL=-0.0136 vL=0.0060 t0=[none=0.02 m0=0.37 m1=0.61]
[u 1150] env=  9420800 succ=0.960 ret=+0.891 len= 7.8 ent=0.454 aL=-0.0148 vL=0.0052 t0=[none=0.03 m0=0.38 m1=0.59]
[u 1151] env=  9428992 succ=0.960 ret=+0.890 len= 7.9 ent=0.455 aL=-0.0159 vL=0.0079 t0=[none=0.04 m0=0.35 m1=0.61]
[u 1152] env=  9437184 succ=0.967 ret=+0.898 len= 7.9 ent=0.454 aL=-0.0169 vL=0.0067 t0=[none=0.03 m0=0.35 m1=0.62]
[u 1153] env=  9445376 succ=0.960 ret=+0.891 len= 7.9 ent=0.438 aL=-0.0130 vL=0.0064 t0=[none=0.02 m0=0.37 m1=0.61]
[u 1154] env=  9453568 succ=0.963 ret=+0.896 len= 7.8 ent=0.447 aL=-0.0170 vL=0.0052 t0=[none=0.04 m0=0.36 m1=0.60]
[u 1155] env=  9461760 succ=0.967 ret=+0.899 len= 7.8 ent=0.429 aL=-0.0174 vL=0.0072 t0=[none=0.03 m0=0.37 m1=0.60]
[u 1156] env=  9469952 succ=0.966 ret=+0.898 len= 7.7 ent=0.437 aL=-0.0169 vL=0.0066 t0=[none=0.03 m0=0.32 m1=0.66]
[u 1157] env=  9478144 succ=0.965 ret=+0.896 len= 7.9 ent=0.457 aL=-0.0126 vL=0.0054 t0=[none=0.02 m0=0.37 m1=0.61]
[u 1158] env=  9486336 succ=0.965 ret=+0.898 len= 7.7 ent=0.457 aL=-0.0177 vL=0.0071 t0=[none=0.02 m0=0.36 m1=0.62]
[u 1159] env=  9494528 succ=0.976 ret=+0.908 len= 7.8 ent=0.459 aL=-0.0204 vL=0.0049 t0=[none=0.04 m0=0.36 m1=0.60]
[u 1160] env=  9502720 succ=0.966 ret=+0.899 len= 7.7 ent=0.468 aL=-0.0185 vL=0.0063 t0=[none=0.04 m0=0.34 m1=0.62]
[u 1161] env=  9510912 succ=0.972 ret=+0.906 len= 7.6 ent=0.462 aL=-0.0184 vL=0.0046 t0=[none=0.02 m0=0.38 m1=0.59]
[u 1162] env=  9519104 succ=0.971 ret=+0.904 len= 7.7 ent=0.460 aL=-0.0136 vL=0.0042 t0=[none=0.02 m0=0.37 m1=0.61]
[u 1163] env=  9527296 succ=0.969 ret=+0.901 len= 7.7 ent=0.445 aL=-0.0168 vL=0.0068 t0=[none=0.02 m0=0.34 m1=0.63]
[u 1164] env=  9535488 succ=0.960 ret=+0.892 len= 7.8 ent=0.468 aL=-0.0156 vL=0.0068 t0=[none=0.04 m0=0.35 m1=0.61]
[u 1165] env=  9543680 succ=0.967 ret=+0.898 len= 7.8 ent=0.463 aL=-0.0186 vL=0.0056 t0=[none=0.02 m0=0.36 m1=0.62]
[u 1166] env=  9551872 succ=0.966 ret=+0.898 len= 7.8 ent=0.459 aL=-0.0182 vL=0.0061 t0=[none=0.02 m0=0.37 m1=0.62]
[u 1167] env=  9560064 succ=0.965 ret=+0.897 len= 7.8 ent=0.477 aL=-0.0126 vL=0.0061 t0=[none=0.03 m0=0.34 m1=0.64]
[u 1168] env=  9568256 succ=0.970 ret=+0.902 len= 7.8 ent=0.476 aL=-0.0127 vL=0.0065 t0=[none=0.03 m0=0.35 m1=0.62]
[u 1169] env=  9576448 succ=0.961 ret=+0.892 len= 7.8 ent=0.493 aL=-0.0143 vL=0.0069 t0=[none=0.02 m0=0.37 m1=0.61]
[u 1170] env=  9584640 succ=0.957 ret=+0.887 len= 7.9 ent=0.498 aL=-0.0191 vL=0.0068 t0=[none=0.03 m0=0.35 m1=0.62]
[u 1171] env=  9592832 succ=0.966 ret=+0.897 len= 7.8 ent=0.479 aL=-0.0162 vL=0.0065 t0=[none=0.02 m0=0.34 m1=0.64]
[u 1172] env=  9601024 succ=0.971 ret=+0.902 len= 7.8 ent=0.477 aL=-0.0196 vL=0.0073 t0=[none=0.02 m0=0.35 m1=0.63]
[u 1173] env=  9609216 succ=0.961 ret=+0.893 len= 7.7 ent=0.487 aL=-0.0172 vL=0.0080 t0=[none=0.03 m0=0.34 m1=0.63]
[u 1174] env=  9617408 succ=0.970 ret=+0.903 len= 7.7 ent=0.449 aL=-0.0163 vL=0.0050 t0=[none=0.02 m0=0.37 m1=0.61]
[u 1175] env=  9625600 succ=0.971 ret=+0.904 len= 7.6 ent=0.454 aL=-0.0150 vL=0.0061 t0=[none=0.02 m0=0.37 m1=0.61]
[u 1176] env=  9633792 succ=0.966 ret=+0.898 len= 7.8 ent=0.473 aL=-0.0166 vL=0.0066 t0=[none=0.03 m0=0.35 m1=0.62]
[u 1177] env=  9641984 succ=0.967 ret=+0.899 len= 7.8 ent=0.460 aL=-0.0160 vL=0.0078 t0=[none=0.03 m0=0.37 m1=0.60]
[u 1178] env=  9650176 succ=0.970 ret=+0.901 len= 7.8 ent=0.463 aL=-0.0152 vL=0.0074 t0=[none=0.02 m0=0.34 m1=0.64]
[u 1179] env=  9658368 succ=0.965 ret=+0.895 len= 7.9 ent=0.467 aL=-0.0178 vL=0.0067 t0=[none=0.03 m0=0.36 m1=0.61]
[u 1180] env=  9666560 succ=0.962 ret=+0.893 len= 7.8 ent=0.470 aL=-0.0181 vL=0.0076 t0=[none=0.03 m0=0.36 m1=0.61]
[u 1181] env=  9674752 succ=0.957 ret=+0.887 len= 7.9 ent=0.476 aL=-0.0182 vL=0.0099 t0=[none=0.04 m0=0.35 m1=0.61]
[u 1182] env=  9682944 succ=0.970 ret=+0.901 len= 7.9 ent=0.471 aL=-0.0160 vL=0.0084 t0=[none=0.02 m0=0.36 m1=0.62]
[u 1183] env=  9691136 succ=0.949 ret=+0.878 len= 8.0 ent=0.493 aL=-0.0196 vL=0.0081 t0=[none=0.03 m0=0.36 m1=0.61]
[u 1184] env=  9699328 succ=0.967 ret=+0.898 len= 7.8 ent=0.479 aL=-0.0195 vL=0.0085 t0=[none=0.03 m0=0.36 m1=0.61]
[u 1185] env=  9707520 succ=0.964 ret=+0.896 len= 7.7 ent=0.474 aL=-0.0173 vL=0.0069 t0=[none=0.04 m0=0.35 m1=0.61]
[u 1186] env=  9715712 succ=0.959 ret=+0.891 len= 7.8 ent=0.467 aL=-0.0183 vL=0.0084 t0=[none=0.03 m0=0.36 m1=0.61]
[u 1187] env=  9723904 succ=0.977 ret=+0.911 len= 7.6 ent=0.459 aL=-0.0170 vL=0.0056 t0=[none=0.02 m0=0.38 m1=0.60]
[u 1188] env=  9732096 succ=0.963 ret=+0.893 len= 7.9 ent=0.499 aL=-0.0203 vL=0.0079 t0=[none=0.04 m0=0.39 m1=0.57]
[u 1189] env=  9740288 succ=0.956 ret=+0.887 len= 7.9 ent=0.502 aL=-0.0152 vL=0.0089 t0=[none=0.03 m0=0.35 m1=0.62]
[u 1190] env=  9748480 succ=0.953 ret=+0.884 len= 7.9 ent=0.499 aL=-0.0226 vL=0.0110 t0=[none=0.03 m0=0.34 m1=0.63]
[u 1191] env=  9756672 succ=0.955 ret=+0.887 len= 7.8 ent=0.520 aL=-0.0186 vL=0.0086 t0=[none=0.03 m0=0.33 m1=0.64]
[u 1192] env=  9764864 succ=0.965 ret=+0.897 len= 7.8 ent=0.485 aL=-0.0120 vL=0.0069 t0=[none=0.03 m0=0.37 m1=0.60]
[u 1193] env=  9773056 succ=0.965 ret=+0.897 len= 7.7 ent=0.472 aL=-0.0194 vL=0.0065 t0=[none=0.04 m0=0.33 m1=0.63]
[u 1194] env=  9781248 succ=0.958 ret=+0.889 len= 7.9 ent=0.499 aL=-0.0159 vL=0.0072 t0=[none=0.04 m0=0.33 m1=0.63]
[u 1195] env=  9789440 succ=0.957 ret=+0.888 len= 7.9 ent=0.498 aL=-0.0155 vL=0.0070 t0=[none=0.03 m0=0.36 m1=0.61]
[u 1196] env=  9797632 succ=0.943 ret=+0.873 len= 7.9 ent=0.485 aL=-0.0183 vL=0.0105 t0=[none=0.04 m0=0.38 m1=0.58]
[u 1197] env=  9805824 succ=0.951 ret=+0.882 len= 7.9 ent=0.498 aL=-0.0171 vL=0.0089 t0=[none=0.03 m0=0.34 m1=0.63]
[u 1198] env=  9814016 succ=0.962 ret=+0.892 len= 7.9 ent=0.493 aL=-0.0159 vL=0.0085 t0=[none=0.04 m0=0.33 m1=0.63]
[u 1199] env=  9822208 succ=0.956 ret=+0.888 len= 7.8 ent=0.495 aL=-0.0201 vL=0.0073 t0=[none=0.03 m0=0.34 m1=0.63]
[u 1200] env=  9830400 succ=0.954 ret=+0.885 len= 7.9 ent=0.481 aL=-0.0160 vL=0.0069 t0=[none=0.04 m0=0.35 m1=0.61]
[u 1201] env=  9838592 succ=0.959 ret=+0.889 len= 7.9 ent=0.466 aL=-0.0193 vL=0.0087 t0=[none=0.03 m0=0.34 m1=0.63]
[u 1202] env=  9846784 succ=0.947 ret=+0.877 len= 8.0 ent=0.486 aL=-0.0149 vL=0.0074 t0=[none=0.03 m0=0.34 m1=0.62]
[u 1203] env=  9854976 succ=0.969 ret=+0.901 len= 7.7 ent=0.460 aL=-0.0206 vL=0.0074 t0=[none=0.02 m0=0.33 m1=0.65]
[u 1204] env=  9863168 succ=0.966 ret=+0.898 len= 7.7 ent=0.455 aL=-0.0160 vL=0.0081 t0=[none=0.03 m0=0.33 m1=0.64]
[u 1205] env=  9871360 succ=0.934 ret=+0.863 len= 8.0 ent=0.519 aL=-0.0201 vL=0.0099 t0=[none=0.04 m0=0.33 m1=0.64]
[u 1206] env=  9879552 succ=0.967 ret=+0.898 len= 7.8 ent=0.450 aL=-0.0194 vL=0.0072 t0=[none=0.03 m0=0.32 m1=0.65]
[u 1207] env=  9887744 succ=0.953 ret=+0.885 len= 7.7 ent=0.471 aL=-0.0187 vL=0.0100 t0=[none=0.03 m0=0.35 m1=0.63]
[u 1208] env=  9895936 succ=0.947 ret=+0.877 len= 7.9 ent=0.475 aL=-0.0154 vL=0.0084 t0=[none=0.03 m0=0.35 m1=0.62]
[u 1209] env=  9904128 succ=0.959 ret=+0.889 len= 7.9 ent=0.469 aL=-0.0188 vL=0.0070 t0=[none=0.04 m0=0.32 m1=0.64]
[u 1210] env=  9912320 succ=0.944 ret=+0.876 len= 7.8 ent=0.480 aL=-0.0171 vL=0.0094 t0=[none=0.02 m0=0.34 m1=0.63]
[u 1211] env=  9920512 succ=0.960 ret=+0.892 len= 7.7 ent=0.470 aL=-0.0147 vL=0.0075 t0=[none=0.03 m0=0.35 m1=0.62]
[u 1212] env=  9928704 succ=0.967 ret=+0.900 len= 7.7 ent=0.512 aL=-0.0212 vL=0.0070 t0=[none=0.02 m0=0.34 m1=0.64]
[u 1213] env=  9936896 succ=0.966 ret=+0.899 len= 7.7 ent=0.494 aL=-0.0208 vL=0.0063 t0=[none=0.02 m0=0.35 m1=0.63]
[u 1214] env=  9945088 succ=0.962 ret=+0.892 len= 8.0 ent=0.495 aL=-0.0164 vL=0.0084 t0=[none=0.03 m0=0.33 m1=0.64]
[u 1215] env=  9953280 succ=0.971 ret=+0.903 len= 7.8 ent=0.470 aL=-0.0170 vL=0.0082 t0=[none=0.03 m0=0.35 m1=0.62]
[u 1216] env=  9961472 succ=0.962 ret=+0.893 len= 7.8 ent=0.498 aL=-0.0193 vL=0.0066 t0=[none=0.02 m0=0.37 m1=0.61]
[u 1217] env=  9969664 succ=0.957 ret=+0.888 len= 7.9 ent=0.499 aL=-0.0176 vL=0.0077 t0=[none=0.02 m0=0.34 m1=0.64]
[u 1218] env=  9977856 succ=0.952 ret=+0.882 len= 8.0 ent=0.510 aL=-0.0157 vL=0.0099 t0=[none=0.02 m0=0.33 m1=0.65]
[u 1219] env=  9986048 succ=0.965 ret=+0.896 len= 7.8 ent=0.487 aL=-0.0182 vL=0.0087 t0=[none=0.02 m0=0.35 m1=0.63]
[u 1220] env=  9994240 succ=0.967 ret=+0.899 len= 7.8 ent=0.499 aL=-0.0211 vL=0.0063 t0=[none=0.02 m0=0.36 m1=0.62]
[u 1221] env= 10002432 succ=0.961 ret=+0.892 len= 7.8 ent=0.505 aL=-0.0153 vL=0.0065 t0=[none=0.02 m0=0.35 m1=0.63]
[u 1222] env= 10010624 succ=0.954 ret=+0.884 len= 7.9 ent=0.520 aL=-0.0154 vL=0.0091 t0=[none=0.03 m0=0.36 m1=0.60]
[u 1223] env= 10018816 succ=0.938 ret=+0.867 len= 8.0 ent=0.529 aL=-0.0189 vL=0.0149 t0=[none=0.03 m0=0.33 m1=0.63]
[u 1224] env= 10027008 succ=0.952 ret=+0.882 len= 7.9 ent=0.523 aL=-0.0189 vL=0.0090 t0=[none=0.03 m0=0.37 m1=0.60]
[u 1225] env= 10035200 succ=0.970 ret=+0.901 len= 7.9 ent=0.469 aL=-0.0176 vL=0.0068 t0=[none=0.03 m0=0.35 m1=0.62]
[u 1226] env= 10043392 succ=0.959 ret=+0.888 len= 8.0 ent=0.489 aL=-0.0193 vL=0.0080 t0=[none=0.03 m0=0.35 m1=0.62]
[u 1227] env= 10051584 succ=0.936 ret=+0.866 len= 8.0 ent=0.511 aL=-0.0166 vL=0.0109 t0=[none=0.03 m0=0.34 m1=0.62]
[u 1228] env= 10059776 succ=0.974 ret=+0.906 len= 7.8 ent=0.465 aL=-0.0209 vL=0.0057 t0=[none=0.02 m0=0.37 m1=0.62]
[u 1229] env= 10067968 succ=0.971 ret=+0.903 len= 7.7 ent=0.501 aL=-0.0209 vL=0.0068 t0=[none=0.02 m0=0.34 m1=0.63]
[u 1230] env= 10076160 succ=0.961 ret=+0.891 len= 7.9 ent=0.493 aL=-0.0199 vL=0.0083 t0=[none=0.03 m0=0.36 m1=0.61]
[u 1231] env= 10084352 succ=0.953 ret=+0.884 len= 7.9 ent=0.497 aL=-0.0159 vL=0.0085 t0=[none=0.02 m0=0.36 m1=0.62]
[u 1232] env= 10092544 succ=0.953 ret=+0.882 len= 8.0 ent=0.497 aL=-0.0193 vL=0.0089 t0=[none=0.03 m0=0.37 m1=0.60]
[u 1233] env= 10100736 succ=0.967 ret=+0.899 len= 7.8 ent=0.460 aL=-0.0164 vL=0.0082 t0=[none=0.02 m0=0.35 m1=0.63]
[u 1234] env= 10108928 succ=0.949 ret=+0.880 len= 7.9 ent=0.513 aL=-0.0152 vL=0.0066 t0=[none=0.04 m0=0.34 m1=0.62]
[u 1235] env= 10117120 succ=0.966 ret=+0.898 len= 7.8 ent=0.482 aL=-0.0156 vL=0.0064 t0=[none=0.03 m0=0.33 m1=0.64]
[u 1236] env= 10125312 succ=0.964 ret=+0.895 len= 7.8 ent=0.470 aL=-0.0169 vL=0.0042 t0=[none=0.03 m0=0.37 m1=0.60]
[u 1237] env= 10133504 succ=0.956 ret=+0.886 len= 8.0 ent=0.494 aL=-0.0171 vL=0.0071 t0=[none=0.04 m0=0.35 m1=0.61]
[u 1238] env= 10141696 succ=0.955 ret=+0.886 len= 7.9 ent=0.497 aL=-0.0177 vL=0.0068 t0=[none=0.02 m0=0.35 m1=0.63]
[u 1239] env= 10149888 succ=0.972 ret=+0.904 len= 7.8 ent=0.485 aL=-0.0139 vL=0.0053 t0=[none=0.02 m0=0.35 m1=0.62]
[u 1240] env= 10158080 succ=0.961 ret=+0.891 len= 7.9 ent=0.509 aL=-0.0188 vL=0.0086 t0=[none=0.04 m0=0.35 m1=0.61]
[u 1241] env= 10166272 succ=0.953 ret=+0.883 len= 8.0 ent=0.513 aL=-0.0152 vL=0.0084 t0=[none=0.03 m0=0.34 m1=0.64]
[u 1242] env= 10174464 succ=0.951 ret=+0.880 len= 8.0 ent=0.495 aL=-0.0177 vL=0.0072 t0=[none=0.04 m0=0.34 m1=0.62]
[u 1243] env= 10182656 succ=0.963 ret=+0.896 len= 7.7 ent=0.489 aL=-0.0168 vL=0.0091 t0=[none=0.05 m0=0.35 m1=0.60]
[u 1244] env= 10190848 succ=0.965 ret=+0.895 len= 7.9 ent=0.519 aL=-0.0166 vL=0.0076 t0=[none=0.04 m0=0.35 m1=0.62]
[u 1245] env= 10199040 succ=0.959 ret=+0.890 len= 7.9 ent=0.490 aL=-0.0182 vL=0.0069 t0=[none=0.03 m0=0.35 m1=0.62]
[u 1246] env= 10207232 succ=0.969 ret=+0.902 len= 7.7 ent=0.470 aL=-0.0150 vL=0.0061 t0=[none=0.03 m0=0.35 m1=0.63]
[u 1247] env= 10215424 succ=0.951 ret=+0.881 len= 7.9 ent=0.522 aL=-0.0164 vL=0.0072 t0=[none=0.03 m0=0.37 m1=0.60]
[u 1248] env= 10223616 succ=0.961 ret=+0.891 len= 7.9 ent=0.471 aL=-0.0168 vL=0.0053 t0=[none=0.03 m0=0.37 m1=0.60]
[u 1249] env= 10231808 succ=0.962 ret=+0.893 len= 7.9 ent=0.469 aL=-0.0180 vL=0.0068 t0=[none=0.03 m0=0.37 m1=0.60]
[u 1250] env= 10240000 succ=0.962 ret=+0.893 len= 7.9 ent=0.465 aL=-0.0174 vL=0.0075 t0=[none=0.03 m0=0.37 m1=0.60]
[u 1251] env= 10248192 succ=0.962 ret=+0.894 len= 7.8 ent=0.477 aL=-0.0137 vL=0.0073 t0=[none=0.02 m0=0.36 m1=0.62]
[u 1252] env= 10256384 succ=0.962 ret=+0.894 len= 7.8 ent=0.465 aL=-0.0147 vL=0.0045 t0=[none=0.03 m0=0.37 m1=0.60]
[u 1253] env= 10264576 succ=0.962 ret=+0.894 len= 7.8 ent=0.456 aL=-0.0178 vL=0.0068 t0=[none=0.02 m0=0.34 m1=0.64]
[u 1254] env= 10272768 succ=0.962 ret=+0.894 len= 7.8 ent=0.472 aL=-0.0150 vL=0.0047 t0=[none=0.02 m0=0.37 m1=0.61]
[u 1255] env= 10280960 succ=0.963 ret=+0.894 len= 7.8 ent=0.451 aL=-0.0185 vL=0.0092 t0=[none=0.03 m0=0.34 m1=0.63]
[u 1256] env= 10289152 succ=0.970 ret=+0.900 len= 7.9 ent=0.460 aL=-0.0165 vL=0.0059 t0=[none=0.03 m0=0.35 m1=0.62]
[u 1257] env= 10297344 succ=0.947 ret=+0.877 len= 8.0 ent=0.489 aL=-0.0141 vL=0.0070 t0=[none=0.04 m0=0.35 m1=0.60]
[u 1258] env= 10305536 succ=0.950 ret=+0.878 len= 8.1 ent=0.490 aL=-0.0181 vL=0.0104 t0=[none=0.02 m0=0.34 m1=0.64]
[u 1259] env= 10313728 succ=0.955 ret=+0.884 len= 8.0 ent=0.466 aL=-0.0184 vL=0.0091 t0=[none=0.02 m0=0.37 m1=0.60]
[u 1260] env= 10321920 succ=0.951 ret=+0.882 len= 7.8 ent=0.474 aL=-0.0160 vL=0.0081 t0=[none=0.03 m0=0.32 m1=0.65]
[u 1261] env= 10330112 succ=0.960 ret=+0.890 len= 7.9 ent=0.460 aL=-0.0192 vL=0.0089 t0=[none=0.03 m0=0.35 m1=0.62]
[u 1262] env= 10338304 succ=0.956 ret=+0.886 len= 7.9 ent=0.477 aL=-0.0155 vL=0.0089 t0=[none=0.03 m0=0.35 m1=0.62]
[u 1263] env= 10346496 succ=0.955 ret=+0.884 len= 8.0 ent=0.472 aL=-0.0186 vL=0.0083 t0=[none=0.03 m0=0.39 m1=0.58]
[u 1264] env= 10354688 succ=0.951 ret=+0.882 len= 7.9 ent=0.483 aL=-0.0163 vL=0.0073 t0=[none=0.02 m0=0.35 m1=0.62]
[u 1265] env= 10362880 succ=0.961 ret=+0.893 len= 7.7 ent=0.444 aL=-0.0138 vL=0.0066 t0=[none=0.03 m0=0.32 m1=0.65]
[u 1266] env= 10371072 succ=0.950 ret=+0.881 len= 7.9 ent=0.445 aL=-0.0124 vL=0.0060 t0=[none=0.02 m0=0.34 m1=0.64]
[u 1267] env= 10379264 succ=0.959 ret=+0.892 len= 7.7 ent=0.456 aL=-0.0133 vL=0.0062 t0=[none=0.03 m0=0.35 m1=0.61]
[u 1268] env= 10387456 succ=0.962 ret=+0.893 len= 7.8 ent=0.465 aL=-0.0140 vL=0.0062 t0=[none=0.03 m0=0.34 m1=0.62]
[u 1269] env= 10395648 succ=0.961 ret=+0.892 len= 7.9 ent=0.474 aL=-0.0175 vL=0.0059 t0=[none=0.03 m0=0.36 m1=0.61]
[u 1270] env= 10403840 succ=0.962 ret=+0.893 len= 7.8 ent=0.475 aL=-0.0154 vL=0.0053 t0=[none=0.04 m0=0.34 m1=0.62]
[u 1271] env= 10412032 succ=0.948 ret=+0.879 len= 7.8 ent=0.479 aL=-0.0139 vL=0.0083 t0=[none=0.03 m0=0.34 m1=0.62]
[u 1272] env= 10420224 succ=0.959 ret=+0.892 len= 7.7 ent=0.458 aL=-0.0161 vL=0.0058 t0=[none=0.04 m0=0.34 m1=0.62]
[u 1273] env= 10428416 succ=0.962 ret=+0.893 len= 7.8 ent=0.463 aL=-0.0159 vL=0.0061 t0=[none=0.03 m0=0.34 m1=0.63]
[u 1274] env= 10436608 succ=0.955 ret=+0.887 len= 7.7 ent=0.462 aL=-0.0139 vL=0.0059 t0=[none=0.03 m0=0.34 m1=0.63]
[u 1275] env= 10444800 succ=0.961 ret=+0.891 len= 7.9 ent=0.464 aL=-0.0177 vL=0.0061 t0=[none=0.03 m0=0.37 m1=0.60]
[u 1276] env= 10452992 succ=0.960 ret=+0.891 len= 7.8 ent=0.443 aL=-0.0165 vL=0.0064 t0=[none=0.03 m0=0.34 m1=0.63]
[u 1277] env= 10461184 succ=0.959 ret=+0.890 len= 7.9 ent=0.454 aL=-0.0189 vL=0.0085 t0=[none=0.03 m0=0.36 m1=0.62]
[u 1278] env= 10469376 succ=0.968 ret=+0.900 len= 7.8 ent=0.443 aL=-0.0175 vL=0.0070 t0=[none=0.02 m0=0.36 m1=0.62]
[u 1279] env= 10477568 succ=0.964 ret=+0.896 len= 7.8 ent=0.468 aL=-0.0176 vL=0.0059 t0=[none=0.04 m0=0.34 m1=0.62]
[u 1280] env= 10485760 succ=0.956 ret=+0.886 len= 8.0 ent=0.470 aL=-0.0157 vL=0.0062 t0=[none=0.02 m0=0.34 m1=0.64]
[u 1281] env= 10493952 succ=0.958 ret=+0.888 len= 7.9 ent=0.465 aL=-0.0127 vL=0.0067 t0=[none=0.03 m0=0.35 m1=0.62]
[u 1282] env= 10502144 succ=0.960 ret=+0.893 len= 7.7 ent=0.452 aL=-0.0128 vL=0.0055 t0=[none=0.03 m0=0.35 m1=0.62]
[u 1283] env= 10510336 succ=0.962 ret=+0.893 len= 7.8 ent=0.453 aL=-0.0176 vL=0.0071 t0=[none=0.03 m0=0.35 m1=0.61]
[u 1284] env= 10518528 succ=0.953 ret=+0.883 len= 7.9 ent=0.469 aL=-0.0149 vL=0.0073 t0=[none=0.03 m0=0.33 m1=0.63]
[u 1285] env= 10526720 succ=0.964 ret=+0.895 len= 7.9 ent=0.454 aL=-0.0161 vL=0.0060 t0=[none=0.03 m0=0.35 m1=0.62]
[u 1286] env= 10534912 succ=0.952 ret=+0.882 len= 8.0 ent=0.468 aL=-0.0155 vL=0.0075 t0=[none=0.03 m0=0.34 m1=0.63]
[u 1287] env= 10543104 succ=0.959 ret=+0.890 len= 7.8 ent=0.471 aL=-0.0106 vL=0.0057 t0=[none=0.03 m0=0.33 m1=0.64]
[u 1288] env= 10551296 succ=0.968 ret=+0.901 len= 7.6 ent=0.458 aL=-0.0196 vL=0.0048 t0=[none=0.03 m0=0.33 m1=0.63]
[u 1289] env= 10559488 succ=0.961 ret=+0.892 len= 7.9 ent=0.456 aL=-0.0168 vL=0.0053 t0=[none=0.03 m0=0.37 m1=0.60]
[u 1290] env= 10567680 succ=0.962 ret=+0.894 len= 7.8 ent=0.450 aL=-0.0137 vL=0.0078 t0=[none=0.03 m0=0.34 m1=0.63]
[u 1291] env= 10575872 succ=0.957 ret=+0.888 len= 7.9 ent=0.446 aL=-0.0150 vL=0.0060 t0=[none=0.02 m0=0.36 m1=0.62]
[u 1292] env= 10584064 succ=0.963 ret=+0.895 len= 7.8 ent=0.471 aL=-0.0153 vL=0.0065 t0=[none=0.03 m0=0.33 m1=0.65]
[u 1293] env= 10592256 succ=0.960 ret=+0.892 len= 7.7 ent=0.458 aL=-0.0162 vL=0.0055 t0=[none=0.03 m0=0.33 m1=0.64]
[u 1294] env= 10600448 succ=0.963 ret=+0.895 len= 7.8 ent=0.455 aL=-0.0144 vL=0.0077 t0=[none=0.02 m0=0.37 m1=0.61]
[u 1295] env= 10608640 succ=0.960 ret=+0.891 len= 7.9 ent=0.452 aL=-0.0140 vL=0.0064 t0=[none=0.03 m0=0.35 m1=0.62]
[u 1296] env= 10616832 succ=0.960 ret=+0.892 len= 7.7 ent=0.435 aL=-0.0170 vL=0.0071 t0=[none=0.04 m0=0.34 m1=0.62]
[u 1297] env= 10625024 succ=0.959 ret=+0.891 len= 7.8 ent=0.431 aL=-0.0170 vL=0.0053 t0=[none=0.03 m0=0.35 m1=0.62]
[u 1298] env= 10633216 succ=0.967 ret=+0.900 len= 7.7 ent=0.435 aL=-0.0138 vL=0.0055 t0=[none=0.03 m0=0.36 m1=0.61]
[u 1299] env= 10641408 succ=0.955 ret=+0.886 len= 7.8 ent=0.470 aL=-0.0140 vL=0.0056 t0=[none=0.04 m0=0.32 m1=0.64]
[u 1300] env= 10649600 succ=0.952 ret=+0.883 len= 7.8 ent=0.473 aL=-0.0143 vL=0.0058 t0=[none=0.03 m0=0.35 m1=0.62]
[u 1301] env= 10657792 succ=0.965 ret=+0.897 len= 7.7 ent=0.450 aL=-0.0139 vL=0.0051 t0=[none=0.03 m0=0.31 m1=0.66]
[u 1302] env= 10665984 succ=0.955 ret=+0.888 len= 7.7 ent=0.448 aL=-0.0113 vL=0.0058 t0=[none=0.02 m0=0.35 m1=0.63]
[u 1303] env= 10674176 succ=0.959 ret=+0.891 len= 7.8 ent=0.446 aL=-0.0154 vL=0.0054 t0=[none=0.03 m0=0.38 m1=0.59]
[u 1304] env= 10682368 succ=0.969 ret=+0.901 len= 7.7 ent=0.427 aL=-0.0112 vL=0.0050 t0=[none=0.04 m0=0.35 m1=0.61]
[u 1305] env= 10690560 succ=0.963 ret=+0.894 len= 7.9 ent=0.434 aL=-0.0174 vL=0.0059 t0=[none=0.03 m0=0.37 m1=0.60]
[u 1306] env= 10698752 succ=0.962 ret=+0.894 len= 7.7 ent=0.423 aL=-0.0110 vL=0.0052 t0=[none=0.02 m0=0.37 m1=0.61]
[u 1307] env= 10706944 succ=0.962 ret=+0.893 len= 7.9 ent=0.413 aL=-0.0125 vL=0.0060 t0=[none=0.04 m0=0.36 m1=0.60]
[u 1308] env= 10715136 succ=0.955 ret=+0.885 len= 7.9 ent=0.433 aL=-0.0139 vL=0.0058 t0=[none=0.03 m0=0.36 m1=0.61]
[u 1309] env= 10723328 succ=0.953 ret=+0.885 len= 7.8 ent=0.445 aL=-0.0134 vL=0.0068 t0=[none=0.04 m0=0.36 m1=0.60]
[u 1310] env= 10731520 succ=0.963 ret=+0.895 len= 7.8 ent=0.433 aL=-0.0146 vL=0.0053 t0=[none=0.04 m0=0.33 m1=0.62]
[u 1311] env= 10739712 succ=0.951 ret=+0.882 len= 7.8 ent=0.435 aL=-0.0168 vL=0.0052 t0=[none=0.03 m0=0.37 m1=0.60]
[u 1312] env= 10747904 succ=0.959 ret=+0.890 len= 7.8 ent=0.447 aL=-0.0152 vL=0.0066 t0=[none=0.04 m0=0.35 m1=0.61]
[u 1313] env= 10756096 succ=0.941 ret=+0.871 len= 7.9 ent=0.468 aL=-0.0139 vL=0.0057 t0=[none=0.03 m0=0.38 m1=0.59]
[u 1314] env= 10764288 succ=0.969 ret=+0.901 len= 7.7 ent=0.418 aL=-0.0181 vL=0.0048 t0=[none=0.03 m0=0.34 m1=0.63]
[u 1315] env= 10772480 succ=0.959 ret=+0.891 len= 7.8 ent=0.435 aL=-0.0139 vL=0.0047 t0=[none=0.05 m0=0.36 m1=0.60]
[u 1316] env= 10780672 succ=0.955 ret=+0.886 len= 7.9 ent=0.454 aL=-0.0163 vL=0.0070 t0=[none=0.05 m0=0.33 m1=0.62]
[u 1317] env= 10788864 succ=0.961 ret=+0.894 len= 7.7 ent=0.430 aL=-0.0174 vL=0.0056 t0=[none=0.05 m0=0.35 m1=0.60]
[u 1318] env= 10797056 succ=0.961 ret=+0.893 len= 7.7 ent=0.431 aL=-0.0185 vL=0.0051 t0=[none=0.05 m0=0.34 m1=0.61]
[u 1319] env= 10805248 succ=0.960 ret=+0.891 len= 7.8 ent=0.429 aL=-0.0109 vL=0.0055 t0=[none=0.04 m0=0.34 m1=0.62]
[u 1320] env= 10813440 succ=0.962 ret=+0.893 len= 7.8 ent=0.420 aL=-0.0162 vL=0.0044 t0=[none=0.03 m0=0.34 m1=0.62]
[u 1321] env= 10821632 succ=0.962 ret=+0.893 len= 7.9 ent=0.434 aL=-0.0138 vL=0.0046 t0=[none=0.03 m0=0.36 m1=0.61]
[u 1322] env= 10829824 succ=0.970 ret=+0.903 len= 7.6 ent=0.421 aL=-0.0146 vL=0.0038 t0=[none=0.03 m0=0.32 m1=0.65]
[u 1323] env= 10838016 succ=0.959 ret=+0.892 len= 7.6 ent=0.423 aL=-0.0158 vL=0.0051 t0=[none=0.03 m0=0.32 m1=0.65]
[u 1324] env= 10846208 succ=0.960 ret=+0.892 len= 7.8 ent=0.437 aL=-0.0162 vL=0.0046 t0=[none=0.03 m0=0.33 m1=0.64]
[u 1325] env= 10854400 succ=0.951 ret=+0.882 len= 7.9 ent=0.448 aL=-0.0151 vL=0.0056 t0=[none=0.03 m0=0.35 m1=0.62]
[u 1326] env= 10862592 succ=0.967 ret=+0.901 len= 7.6 ent=0.432 aL=-0.0130 vL=0.0052 t0=[none=0.03 m0=0.35 m1=0.61]
[u 1327] env= 10870784 succ=0.968 ret=+0.902 len= 7.6 ent=0.419 aL=-0.0158 vL=0.0040 t0=[none=0.03 m0=0.38 m1=0.60]
[u 1328] env= 10878976 succ=0.972 ret=+0.904 len= 7.8 ent=0.401 aL=-0.0144 vL=0.0038 t0=[none=0.03 m0=0.35 m1=0.63]
[u 1329] env= 10887168 succ=0.956 ret=+0.887 len= 7.9 ent=0.430 aL=-0.0150 vL=0.0062 t0=[none=0.04 m0=0.34 m1=0.62]
[u 1330] env= 10895360 succ=0.967 ret=+0.900 len= 7.7 ent=0.423 aL=-0.0171 vL=0.0038 t0=[none=0.03 m0=0.37 m1=0.60]
[u 1331] env= 10903552 succ=0.967 ret=+0.900 len= 7.7 ent=0.439 aL=-0.0144 vL=0.0036 t0=[none=0.03 m0=0.32 m1=0.65]
[u 1332] env= 10911744 succ=0.950 ret=+0.882 len= 7.7 ent=0.446 aL=-0.0164 vL=0.0086 t0=[none=0.04 m0=0.36 m1=0.61]
[u 1333] env= 10919936 succ=0.951 ret=+0.883 len= 7.8 ent=0.447 aL=-0.0157 vL=0.0075 t0=[none=0.04 m0=0.35 m1=0.60]
[u 1334] env= 10928128 succ=0.956 ret=+0.888 len= 7.8 ent=0.443 aL=-0.0113 vL=0.0075 t0=[none=0.04 m0=0.35 m1=0.61]
[u 1335] env= 10936320 succ=0.956 ret=+0.888 len= 7.7 ent=0.455 aL=-0.0172 vL=0.0056 t0=[none=0.04 m0=0.35 m1=0.61]
[u 1336] env= 10944512 succ=0.956 ret=+0.888 len= 7.8 ent=0.459 aL=-0.0126 vL=0.0077 t0=[none=0.04 m0=0.36 m1=0.60]
[u 1337] env= 10952704 succ=0.954 ret=+0.885 len= 7.9 ent=0.444 aL=-0.0153 vL=0.0072 t0=[none=0.03 m0=0.36 m1=0.61]
[u 1338] env= 10960896 succ=0.964 ret=+0.895 len= 7.9 ent=0.451 aL=-0.0161 vL=0.0061 t0=[none=0.04 m0=0.35 m1=0.61]
[u 1339] env= 10969088 succ=0.953 ret=+0.883 len= 7.9 ent=0.479 aL=-0.0166 vL=0.0082 t0=[none=0.04 m0=0.35 m1=0.61]
[u 1340] env= 10977280 succ=0.949 ret=+0.880 len= 7.8 ent=0.465 aL=-0.0155 vL=0.0062 t0=[none=0.03 m0=0.32 m1=0.64]
[u 1341] env= 10985472 succ=0.963 ret=+0.896 len= 7.7 ent=0.439 aL=-0.0165 vL=0.0073 t0=[none=0.03 m0=0.34 m1=0.63]
[u 1342] env= 10993664 succ=0.956 ret=+0.888 len= 7.8 ent=0.452 aL=-0.0130 vL=0.0078 t0=[none=0.06 m0=0.36 m1=0.58]
[u 1343] env= 11001856 succ=0.955 ret=+0.887 len= 7.8 ent=0.466 aL=-0.0158 vL=0.0051 t0=[none=0.04 m0=0.36 m1=0.60]
[u 1344] env= 11010048 succ=0.944 ret=+0.875 len= 7.9 ent=0.502 aL=-0.0201 vL=0.0053 t0=[none=0.04 m0=0.34 m1=0.61]
[u 1345] env= 11018240 succ=0.953 ret=+0.884 len= 7.9 ent=0.464 aL=-0.0162 vL=0.0057 t0=[none=0.05 m0=0.36 m1=0.59]
[u 1346] env= 11026432 succ=0.963 ret=+0.893 len= 7.9 ent=0.462 aL=-0.0160 vL=0.0063 t0=[none=0.04 m0=0.34 m1=0.62]
[u 1347] env= 11034624 succ=0.952 ret=+0.882 len= 7.9 ent=0.455 aL=-0.0153 vL=0.0059 t0=[none=0.03 m0=0.35 m1=0.62]
[u 1348] env= 11042816 succ=0.954 ret=+0.884 len= 8.0 ent=0.469 aL=-0.0165 vL=0.0059 t0=[none=0.04 m0=0.33 m1=0.63]
[u 1349] env= 11051008 succ=0.957 ret=+0.889 len= 7.7 ent=0.438 aL=-0.0136 vL=0.0054 t0=[none=0.04 m0=0.32 m1=0.64]
[u 1350] env= 11059200 succ=0.957 ret=+0.889 len= 7.8 ent=0.454 aL=-0.0153 vL=0.0070 t0=[none=0.05 m0=0.33 m1=0.62]
[u 1351] env= 11067392 succ=0.957 ret=+0.887 len= 7.9 ent=0.429 aL=-0.0160 vL=0.0062 t0=[none=0.03 m0=0.36 m1=0.60]
[u 1352] env= 11075584 succ=0.967 ret=+0.898 len= 7.8 ent=0.418 aL=-0.0173 vL=0.0049 t0=[none=0.03 m0=0.33 m1=0.63]
[u 1353] env= 11083776 succ=0.951 ret=+0.881 len= 7.9 ent=0.467 aL=-0.0132 vL=0.0060 t0=[none=0.04 m0=0.34 m1=0.61]
[u 1354] env= 11091968 succ=0.951 ret=+0.882 len= 7.8 ent=0.448 aL=-0.0174 vL=0.0092 t0=[none=0.04 m0=0.35 m1=0.61]
[u 1355] env= 11100160 succ=0.949 ret=+0.879 len= 7.9 ent=0.454 aL=-0.0175 vL=0.0056 t0=[none=0.04 m0=0.36 m1=0.60]
[u 1356] env= 11108352 succ=0.955 ret=+0.888 len= 7.7 ent=0.425 aL=-0.0130 vL=0.0065 t0=[none=0.05 m0=0.33 m1=0.62]
[u 1357] env= 11116544 succ=0.957 ret=+0.889 len= 7.8 ent=0.432 aL=-0.0144 vL=0.0055 t0=[none=0.03 m0=0.37 m1=0.59]
[u 1358] env= 11124736 succ=0.950 ret=+0.881 len= 7.9 ent=0.445 aL=-0.0178 vL=0.0086 t0=[none=0.04 m0=0.34 m1=0.62]
[u 1359] env= 11132928 succ=0.966 ret=+0.899 len= 7.7 ent=0.434 aL=-0.0163 vL=0.0067 t0=[none=0.03 m0=0.34 m1=0.63]
[u 1360] env= 11141120 succ=0.962 ret=+0.894 len= 7.7 ent=0.428 aL=-0.0163 vL=0.0056 t0=[none=0.03 m0=0.35 m1=0.61]
[u 1361] env= 11149312 succ=0.955 ret=+0.887 len= 7.8 ent=0.423 aL=-0.0160 vL=0.0069 t0=[none=0.05 m0=0.38 m1=0.58]
[u 1362] env= 11157504 succ=0.955 ret=+0.886 len= 7.8 ent=0.425 aL=-0.0153 vL=0.0062 t0=[none=0.04 m0=0.36 m1=0.59]
[u 1363] env= 11165696 succ=0.955 ret=+0.887 len= 7.8 ent=0.405 aL=-0.0104 vL=0.0056 t0=[none=0.03 m0=0.36 m1=0.61]
[u 1364] env= 11173888 succ=0.967 ret=+0.898 len= 7.8 ent=0.417 aL=-0.0155 vL=0.0058 t0=[none=0.03 m0=0.38 m1=0.59]
[u 1365] env= 11182080 succ=0.948 ret=+0.878 len= 8.0 ent=0.444 aL=-0.0160 vL=0.0064 t0=[none=0.02 m0=0.35 m1=0.62]
[u 1366] env= 11190272 succ=0.950 ret=+0.881 len= 7.9 ent=0.435 aL=-0.0153 vL=0.0067 t0=[none=0.04 m0=0.36 m1=0.60]
[u 1367] env= 11198464 succ=0.953 ret=+0.884 len= 7.9 ent=0.422 aL=-0.0129 vL=0.0061 t0=[none=0.04 m0=0.34 m1=0.61]
[u 1368] env= 11206656 succ=0.946 ret=+0.877 len= 7.9 ent=0.429 aL=-0.0140 vL=0.0053 t0=[none=0.05 m0=0.35 m1=0.60]
[u 1369] env= 11214848 succ=0.955 ret=+0.885 len= 7.9 ent=0.434 aL=-0.0155 vL=0.0051 t0=[none=0.03 m0=0.34 m1=0.62]
[u 1370] env= 11223040 succ=0.953 ret=+0.884 len= 7.8 ent=0.448 aL=-0.0127 vL=0.0086 t0=[none=0.02 m0=0.33 m1=0.65]
[u 1371] env= 11231232 succ=0.969 ret=+0.901 len= 7.7 ent=0.431 aL=-0.0168 vL=0.0044 t0=[none=0.03 m0=0.35 m1=0.62]
[u 1372] env= 11239424 succ=0.955 ret=+0.885 len= 7.9 ent=0.440 aL=-0.0175 vL=0.0044 t0=[none=0.04 m0=0.35 m1=0.61]
[u 1373] env= 11247616 succ=0.960 ret=+0.892 len= 7.8 ent=0.437 aL=-0.0130 vL=0.0046 t0=[none=0.04 m0=0.35 m1=0.61]
[u 1374] env= 11255808 succ=0.948 ret=+0.878 len= 7.9 ent=0.472 aL=-0.0143 vL=0.0071 t0=[none=0.04 m0=0.34 m1=0.62]
[u 1375] env= 11264000 succ=0.965 ret=+0.898 len= 7.7 ent=0.424 aL=-0.0173 vL=0.0071 t0=[none=0.04 m0=0.37 m1=0.58]
[u 1376] env= 11272192 succ=0.959 ret=+0.890 len= 7.9 ent=0.457 aL=-0.0148 vL=0.0073 t0=[none=0.04 m0=0.36 m1=0.60]
[u 1377] env= 11280384 succ=0.970 ret=+0.901 len= 7.8 ent=0.433 aL=-0.0160 vL=0.0041 t0=[none=0.03 m0=0.34 m1=0.63]
[u 1378] env= 11288576 succ=0.961 ret=+0.892 len= 7.8 ent=0.458 aL=-0.0142 vL=0.0047 t0=[none=0.04 m0=0.34 m1=0.61]
[u 1379] env= 11296768 succ=0.966 ret=+0.897 len= 7.8 ent=0.432 aL=-0.0156 vL=0.0050 t0=[none=0.05 m0=0.37 m1=0.58]
[u 1380] env= 11304960 succ=0.959 ret=+0.890 len= 7.8 ent=0.441 aL=-0.0133 vL=0.0064 t0=[none=0.04 m0=0.35 m1=0.62]
[u 1381] env= 11313152 succ=0.954 ret=+0.885 len= 7.9 ent=0.448 aL=-0.0109 vL=0.0046 t0=[none=0.04 m0=0.34 m1=0.63]
[u 1382] env= 11321344 succ=0.957 ret=+0.887 len= 7.9 ent=0.444 aL=-0.0144 vL=0.0059 t0=[none=0.03 m0=0.36 m1=0.61]
[u 1383] env= 11329536 succ=0.959 ret=+0.891 len= 7.7 ent=0.446 aL=-0.0160 vL=0.0059 t0=[none=0.04 m0=0.35 m1=0.61]
[u 1384] env= 11337728 succ=0.952 ret=+0.883 len= 7.8 ent=0.437 aL=-0.0149 vL=0.0062 t0=[none=0.04 m0=0.33 m1=0.63]
[u 1385] env= 11345920 succ=0.960 ret=+0.892 len= 7.8 ent=0.446 aL=-0.0147 vL=0.0064 t0=[none=0.03 m0=0.35 m1=0.62]
[u 1386] env= 11354112 succ=0.945 ret=+0.875 len= 8.0 ent=0.450 aL=-0.0171 vL=0.0067 t0=[none=0.03 m0=0.34 m1=0.62]
[u 1387] env= 11362304 succ=0.958 ret=+0.889 len= 7.8 ent=0.437 aL=-0.0157 vL=0.0071 t0=[none=0.04 m0=0.38 m1=0.58]
[u 1388] env= 11370496 succ=0.959 ret=+0.890 len= 7.8 ent=0.464 aL=-0.0178 vL=0.0046 t0=[none=0.03 m0=0.36 m1=0.61]
[u 1389] env= 11378688 succ=0.950 ret=+0.883 len= 7.7 ent=0.453 aL=-0.0129 vL=0.0077 t0=[none=0.03 m0=0.38 m1=0.59]
[u 1390] env= 11386880 succ=0.950 ret=+0.882 len= 7.8 ent=0.449 aL=-0.0167 vL=0.0065 t0=[none=0.04 m0=0.36 m1=0.60]
[u 1391] env= 11395072 succ=0.964 ret=+0.896 len= 7.8 ent=0.457 aL=-0.0164 vL=0.0066 t0=[none=0.03 m0=0.34 m1=0.63]
[u 1392] env= 11403264 succ=0.963 ret=+0.896 len= 7.7 ent=0.451 aL=-0.0190 vL=0.0051 t0=[none=0.04 m0=0.36 m1=0.60]
[u 1393] env= 11411456 succ=0.958 ret=+0.890 len= 7.7 ent=0.445 aL=-0.0156 vL=0.0062 t0=[none=0.05 m0=0.35 m1=0.61]
[u 1394] env= 11419648 succ=0.954 ret=+0.885 len= 7.9 ent=0.462 aL=-0.0166 vL=0.0061 t0=[none=0.04 m0=0.36 m1=0.60]
[u 1395] env= 11427840 succ=0.962 ret=+0.893 len= 7.9 ent=0.466 aL=-0.0164 vL=0.0052 t0=[none=0.04 m0=0.36 m1=0.60]
[u 1396] env= 11436032 succ=0.960 ret=+0.892 len= 7.7 ent=0.437 aL=-0.0153 vL=0.0039 t0=[none=0.03 m0=0.36 m1=0.61]
[u 1397] env= 11444224 succ=0.960 ret=+0.891 len= 7.9 ent=0.483 aL=-0.0127 vL=0.0073 t0=[none=0.05 m0=0.34 m1=0.61]
[u 1398] env= 11452416 succ=0.956 ret=+0.888 len= 7.8 ent=0.445 aL=-0.0158 vL=0.0062 t0=[none=0.04 m0=0.33 m1=0.63]
[u 1399] env= 11460608 succ=0.968 ret=+0.900 len= 7.8 ent=0.435 aL=-0.0114 vL=0.0045 t0=[none=0.03 m0=0.35 m1=0.62]
[u 1400] env= 11468800 succ=0.959 ret=+0.890 len= 7.8 ent=0.447 aL=-0.0140 vL=0.0056 t0=[none=0.04 m0=0.35 m1=0.61]
[u 1401] env= 11476992 succ=0.958 ret=+0.889 len= 7.8 ent=0.445 aL=-0.0154 vL=0.0070 t0=[none=0.04 m0=0.36 m1=0.60]
[u 1402] env= 11485184 succ=0.967 ret=+0.899 len= 7.7 ent=0.442 aL=-0.0143 vL=0.0064 t0=[none=0.05 m0=0.35 m1=0.60]
[u 1403] env= 11493376 succ=0.968 ret=+0.899 len= 7.8 ent=0.434 aL=-0.0142 vL=0.0044 t0=[none=0.05 m0=0.35 m1=0.60]
[u 1404] env= 11501568 succ=0.969 ret=+0.900 len= 7.8 ent=0.455 aL=-0.0135 vL=0.0044 t0=[none=0.05 m0=0.35 m1=0.60]
[u 1405] env= 11509760 succ=0.958 ret=+0.891 len= 7.7 ent=0.449 aL=-0.0178 vL=0.0083 t0=[none=0.04 m0=0.36 m1=0.59]
[u 1406] env= 11517952 succ=0.962 ret=+0.893 len= 7.9 ent=0.432 aL=-0.0154 vL=0.0061 t0=[none=0.04 m0=0.36 m1=0.60]
[u 1407] env= 11526144 succ=0.963 ret=+0.895 len= 7.8 ent=0.429 aL=-0.0163 vL=0.0057 t0=[none=0.05 m0=0.37 m1=0.58]
[u 1408] env= 11534336 succ=0.972 ret=+0.904 len= 7.7 ent=0.405 aL=-0.0176 vL=0.0048 t0=[none=0.04 m0=0.35 m1=0.61]
[u 1409] env= 11542528 succ=0.967 ret=+0.898 len= 7.8 ent=0.437 aL=-0.0156 vL=0.0064 t0=[none=0.05 m0=0.35 m1=0.60]
[u 1410] env= 11550720 succ=0.956 ret=+0.889 len= 7.7 ent=0.447 aL=-0.0104 vL=0.0063 t0=[none=0.04 m0=0.34 m1=0.62]
[u 1411] env= 11558912 succ=0.960 ret=+0.892 len= 7.8 ent=0.429 aL=-0.0144 vL=0.0064 t0=[none=0.05 m0=0.35 m1=0.60]
[u 1412] env= 11567104 succ=0.962 ret=+0.894 len= 7.7 ent=0.431 aL=-0.0152 vL=0.0062 t0=[none=0.04 m0=0.36 m1=0.61]
[u 1413] env= 11575296 succ=0.960 ret=+0.891 len= 7.8 ent=0.445 aL=-0.0165 vL=0.0059 t0=[none=0.05 m0=0.32 m1=0.63]
[u 1414] env= 11583488 succ=0.952 ret=+0.884 len= 7.7 ent=0.408 aL=-0.0160 vL=0.0060 t0=[none=0.03 m0=0.36 m1=0.60]
[u 1415] env= 11591680 succ=0.963 ret=+0.894 len= 7.8 ent=0.398 aL=-0.0120 vL=0.0065 t0=[none=0.03 m0=0.34 m1=0.62]
[u 1416] env= 11599872 succ=0.957 ret=+0.890 len= 7.7 ent=0.425 aL=-0.0129 vL=0.0060 t0=[none=0.03 m0=0.36 m1=0.61]
[u 1417] env= 11608064 succ=0.971 ret=+0.905 len= 7.6 ent=0.391 aL=-0.0152 vL=0.0036 t0=[none=0.03 m0=0.34 m1=0.62]
[u 1418] env= 11616256 succ=0.963 ret=+0.895 len= 7.7 ent=0.406 aL=-0.0176 vL=0.0067 t0=[none=0.03 m0=0.38 m1=0.59]
[u 1419] env= 11624448 succ=0.959 ret=+0.891 len= 7.7 ent=0.405 aL=-0.0158 vL=0.0055 t0=[none=0.02 m0=0.34 m1=0.63]
[u 1420] env= 11632640 succ=0.976 ret=+0.908 len= 7.7 ent=0.390 aL=-0.0174 vL=0.0037 t0=[none=0.03 m0=0.37 m1=0.60]
[u 1421] env= 11640832 succ=0.962 ret=+0.894 len= 7.8 ent=0.412 aL=-0.0153 vL=0.0046 t0=[none=0.04 m0=0.34 m1=0.62]
[u 1422] env= 11649024 succ=0.971 ret=+0.903 len= 7.8 ent=0.383 aL=-0.0170 vL=0.0049 t0=[none=0.03 m0=0.36 m1=0.61]
[u 1423] env= 11657216 succ=0.957 ret=+0.889 len= 7.8 ent=0.420 aL=-0.0149 vL=0.0071 t0=[none=0.04 m0=0.33 m1=0.63]
[u 1424] env= 11665408 succ=0.969 ret=+0.899 len= 8.0 ent=0.410 aL=-0.0153 vL=0.0046 t0=[none=0.03 m0=0.38 m1=0.60]
[u 1425] env= 11673600 succ=0.968 ret=+0.900 len= 7.8 ent=0.398 aL=-0.0175 vL=0.0065 t0=[none=0.04 m0=0.35 m1=0.60]
[u 1426] env= 11681792 succ=0.969 ret=+0.902 len= 7.7 ent=0.390 aL=-0.0136 vL=0.0048 t0=[none=0.04 m0=0.37 m1=0.59]
[u 1427] env= 11689984 succ=0.968 ret=+0.901 len= 7.7 ent=0.407 aL=-0.0153 vL=0.0059 t0=[none=0.04 m0=0.33 m1=0.63]
[u 1428] env= 11698176 succ=0.973 ret=+0.905 len= 7.7 ent=0.396 aL=-0.0151 vL=0.0047 t0=[none=0.03 m0=0.36 m1=0.61]
[u 1429] env= 11706368 succ=0.977 ret=+0.911 len= 7.6 ent=0.394 aL=-0.0155 vL=0.0043 t0=[none=0.04 m0=0.34 m1=0.62]
[u 1430] env= 11714560 succ=0.954 ret=+0.886 len= 7.8 ent=0.411 aL=-0.0159 vL=0.0063 t0=[none=0.03 m0=0.36 m1=0.60]
[u 1431] env= 11722752 succ=0.950 ret=+0.881 len= 7.9 ent=0.434 aL=-0.0142 vL=0.0061 t0=[none=0.04 m0=0.35 m1=0.60]
[u 1432] env= 11730944 succ=0.967 ret=+0.900 len= 7.6 ent=0.388 aL=-0.0151 vL=0.0069 t0=[none=0.04 m0=0.38 m1=0.58]
[u 1433] env= 11739136 succ=0.957 ret=+0.888 len= 7.9 ent=0.427 aL=-0.0166 vL=0.0044 t0=[none=0.03 m0=0.36 m1=0.61]
[u 1434] env= 11747328 succ=0.971 ret=+0.904 len= 7.6 ent=0.400 aL=-0.0117 vL=0.0055 t0=[none=0.03 m0=0.36 m1=0.61]
[u 1435] env= 11755520 succ=0.969 ret=+0.901 len= 7.7 ent=0.413 aL=-0.0155 vL=0.0039 t0=[none=0.03 m0=0.35 m1=0.62]
[u 1436] env= 11763712 succ=0.965 ret=+0.897 len= 7.8 ent=0.417 aL=-0.0136 vL=0.0056 t0=[none=0.04 m0=0.35 m1=0.61]
[u 1437] env= 11771904 succ=0.979 ret=+0.912 len= 7.7 ent=0.391 aL=-0.0166 vL=0.0042 t0=[none=0.04 m0=0.33 m1=0.63]
[u 1438] env= 11780096 succ=0.959 ret=+0.891 len= 7.8 ent=0.428 aL=-0.0114 vL=0.0078 t0=[none=0.05 m0=0.35 m1=0.60]
[u 1439] env= 11788288 succ=0.956 ret=+0.888 len= 7.7 ent=0.423 aL=-0.0102 vL=0.0072 t0=[none=0.05 m0=0.31 m1=0.64]
[u 1440] env= 11796480 succ=0.967 ret=+0.900 len= 7.7 ent=0.402 aL=-0.0112 vL=0.0053 t0=[none=0.06 m0=0.37 m1=0.58]
[u 1441] env= 11804672 succ=0.970 ret=+0.903 len= 7.7 ent=0.429 aL=-0.0155 vL=0.0064 t0=[none=0.04 m0=0.35 m1=0.61]
[u 1442] env= 11812864 succ=0.966 ret=+0.898 len= 7.8 ent=0.415 aL=-0.0190 vL=0.0043 t0=[none=0.04 m0=0.33 m1=0.62]
[u 1443] env= 11821056 succ=0.971 ret=+0.903 len= 7.8 ent=0.409 aL=-0.0164 vL=0.0037 t0=[none=0.04 m0=0.37 m1=0.60]
[u 1444] env= 11829248 succ=0.962 ret=+0.894 len= 7.8 ent=0.423 aL=-0.0116 vL=0.0053 t0=[none=0.04 m0=0.33 m1=0.62]
[u 1445] env= 11837440 succ=0.964 ret=+0.897 len= 7.7 ent=0.397 aL=-0.0192 vL=0.0048 t0=[none=0.04 m0=0.36 m1=0.61]
[u 1446] env= 11845632 succ=0.974 ret=+0.907 len= 7.7 ent=0.394 aL=-0.0129 vL=0.0055 t0=[none=0.05 m0=0.36 m1=0.59]
[u 1447] env= 11853824 succ=0.974 ret=+0.907 len= 7.7 ent=0.408 aL=-0.0173 vL=0.0051 t0=[none=0.05 m0=0.32 m1=0.63]
[u 1448] env= 11862016 succ=0.967 ret=+0.899 len= 7.8 ent=0.401 aL=-0.0172 vL=0.0041 t0=[none=0.04 m0=0.37 m1=0.59]
[u 1449] env= 11870208 succ=0.970 ret=+0.903 len= 7.6 ent=0.402 aL=-0.0182 vL=0.0052 t0=[none=0.04 m0=0.35 m1=0.61]
[u 1450] env= 11878400 succ=0.963 ret=+0.894 len= 7.8 ent=0.427 aL=-0.0160 vL=0.0058 t0=[none=0.05 m0=0.33 m1=0.62]
[u 1451] env= 11886592 succ=0.968 ret=+0.900 len= 7.8 ent=0.423 aL=-0.0163 vL=0.0046 t0=[none=0.07 m0=0.36 m1=0.58]
[u 1452] env= 11894784 succ=0.960 ret=+0.892 len= 7.8 ent=0.433 aL=-0.0125 vL=0.0053 t0=[none=0.04 m0=0.34 m1=0.62]
[u 1453] env= 11902976 succ=0.965 ret=+0.897 len= 7.7 ent=0.420 aL=-0.0155 vL=0.0035 t0=[none=0.04 m0=0.36 m1=0.61]
[u 1454] env= 11911168 succ=0.955 ret=+0.886 len= 7.8 ent=0.444 aL=-0.0087 vL=0.0058 t0=[none=0.04 m0=0.35 m1=0.61]
[u 1455] env= 11919360 succ=0.961 ret=+0.892 len= 7.8 ent=0.454 aL=-0.0107 vL=0.0050 t0=[none=0.05 m0=0.36 m1=0.60]
[u 1456] env= 11927552 succ=0.958 ret=+0.890 len= 7.8 ent=0.401 aL=-0.0125 vL=0.0047 t0=[none=0.04 m0=0.37 m1=0.59]
[u 1457] env= 11935744 succ=0.978 ret=+0.911 len= 7.7 ent=0.394 aL=-0.0147 vL=0.0023 t0=[none=0.05 m0=0.33 m1=0.63]
[u 1458] env= 11943936 succ=0.972 ret=+0.905 len= 7.7 ent=0.390 aL=-0.0120 vL=0.0043 t0=[none=0.04 m0=0.36 m1=0.60]
[u 1459] env= 11952128 succ=0.973 ret=+0.905 len= 7.8 ent=0.399 aL=-0.0158 vL=0.0039 t0=[none=0.05 m0=0.34 m1=0.61]
[u 1460] env= 11960320 succ=0.966 ret=+0.899 len= 7.7 ent=0.395 aL=-0.0082 vL=0.0040 t0=[none=0.04 m0=0.38 m1=0.58]
[u 1461] env= 11968512 succ=0.966 ret=+0.898 len= 7.8 ent=0.403 aL=-0.0113 vL=0.0039 t0=[none=0.03 m0=0.38 m1=0.59]
[u 1462] env= 11976704 succ=0.965 ret=+0.898 len= 7.7 ent=0.395 aL=-0.0182 vL=0.0032 t0=[none=0.04 m0=0.34 m1=0.61]
[u 1463] env= 11984896 succ=0.969 ret=+0.901 len= 7.7 ent=0.384 aL=-0.0129 vL=0.0055 t0=[none=0.04 m0=0.35 m1=0.61]
[u 1464] env= 11993088 succ=0.979 ret=+0.910 len= 7.9 ent=0.399 aL=-0.0162 vL=0.0047 t0=[none=0.05 m0=0.34 m1=0.61]
[u 1465] env= 12001280 succ=0.963 ret=+0.897 len= 7.6 ent=0.406 aL=-0.0168 vL=0.0038 t0=[none=0.05 m0=0.34 m1=0.61]
[u 1466] env= 12009472 succ=0.978 ret=+0.911 len= 7.7 ent=0.371 aL=-0.0182 vL=0.0025 t0=[none=0.03 m0=0.36 m1=0.61]
[u 1467] env= 12017664 succ=0.973 ret=+0.905 len= 7.7 ent=0.390 aL=-0.0167 vL=0.0069 t0=[none=0.05 m0=0.33 m1=0.62]
[u 1468] env= 12025856 succ=0.955 ret=+0.885 len= 8.0 ent=0.404 aL=-0.0120 vL=0.0050 t0=[none=0.05 m0=0.37 m1=0.58]
[u 1469] env= 12034048 succ=0.972 ret=+0.903 len= 7.9 ent=0.395 aL=-0.0164 vL=0.0051 t0=[none=0.05 m0=0.35 m1=0.59]
[u 1470] env= 12042240 succ=0.973 ret=+0.904 len= 7.8 ent=0.384 aL=-0.0130 vL=0.0038 t0=[none=0.06 m0=0.37 m1=0.57]
[u 1471] env= 12050432 succ=0.957 ret=+0.888 len= 7.9 ent=0.404 aL=-0.0143 vL=0.0070 t0=[none=0.05 m0=0.36 m1=0.59]
[u 1472] env= 12058624 succ=0.966 ret=+0.897 len= 7.8 ent=0.386 aL=-0.0146 vL=0.0056 t0=[none=0.05 m0=0.36 m1=0.59]
[u 1473] env= 12066816 succ=0.964 ret=+0.896 len= 7.7 ent=0.395 aL=-0.0170 vL=0.0052 t0=[none=0.06 m0=0.37 m1=0.58]
[u 1474] env= 12075008 succ=0.973 ret=+0.905 len= 7.8 ent=0.371 aL=-0.0161 vL=0.0054 t0=[none=0.04 m0=0.33 m1=0.63]
[u 1475] env= 12083200 succ=0.971 ret=+0.904 len= 7.7 ent=0.377 aL=-0.0160 vL=0.0047 t0=[none=0.05 m0=0.34 m1=0.60]
[u 1476] env= 12091392 succ=0.959 ret=+0.890 len= 7.9 ent=0.398 aL=-0.0164 vL=0.0061 t0=[none=0.05 m0=0.37 m1=0.58]
[u 1477] env= 12099584 succ=0.963 ret=+0.894 len= 7.9 ent=0.390 aL=-0.0136 vL=0.0050 t0=[none=0.04 m0=0.37 m1=0.58]
[u 1478] env= 12107776 succ=0.962 ret=+0.893 len= 7.9 ent=0.402 aL=-0.0161 vL=0.0062 t0=[none=0.05 m0=0.36 m1=0.59]
[u 1479] env= 12115968 succ=0.972 ret=+0.906 len= 7.6 ent=0.386 aL=-0.0149 vL=0.0065 t0=[none=0.05 m0=0.36 m1=0.60]
[u 1480] env= 12124160 succ=0.958 ret=+0.890 len= 7.8 ent=0.385 aL=-0.0146 vL=0.0060 t0=[none=0.03 m0=0.34 m1=0.63]
[u 1481] env= 12132352 succ=0.956 ret=+0.887 len= 7.9 ent=0.406 aL=-0.0197 vL=0.0055 t0=[none=0.05 m0=0.34 m1=0.62]
[u 1482] env= 12140544 succ=0.969 ret=+0.902 len= 7.7 ent=0.388 aL=-0.0118 vL=0.0057 t0=[none=0.03 m0=0.34 m1=0.62]
[u 1483] env= 12148736 succ=0.968 ret=+0.900 len= 7.8 ent=0.390 aL=-0.0142 vL=0.0073 t0=[none=0.06 m0=0.38 m1=0.56]
[u 1484] env= 12156928 succ=0.955 ret=+0.887 len= 7.7 ent=0.402 aL=-0.0140 vL=0.0062 t0=[none=0.04 m0=0.37 m1=0.59]
[u 1485] env= 12165120 succ=0.960 ret=+0.893 len= 7.6 ent=0.379 aL=-0.0116 vL=0.0051 t0=[none=0.04 m0=0.34 m1=0.62]
[u 1486] env= 12173312 succ=0.956 ret=+0.887 len= 7.8 ent=0.403 aL=-0.0160 vL=0.0063 t0=[none=0.06 m0=0.33 m1=0.62]
[u 1487] env= 12181504 succ=0.968 ret=+0.899 len= 7.8 ent=0.387 aL=-0.0126 vL=0.0056 t0=[none=0.04 m0=0.35 m1=0.61]
[u 1488] env= 12189696 succ=0.960 ret=+0.892 len= 7.8 ent=0.402 aL=-0.0178 vL=0.0053 t0=[none=0.04 m0=0.33 m1=0.63]
[u 1489] env= 12197888 succ=0.957 ret=+0.887 len= 8.0 ent=0.405 aL=-0.0119 vL=0.0062 t0=[none=0.04 m0=0.35 m1=0.61]
[u 1490] env= 12206080 succ=0.958 ret=+0.891 len= 7.7 ent=0.397 aL=-0.0156 vL=0.0062 t0=[none=0.05 m0=0.36 m1=0.59]
[u 1491] env= 12214272 succ=0.966 ret=+0.897 len= 7.8 ent=0.395 aL=-0.0113 vL=0.0065 t0=[none=0.04 m0=0.34 m1=0.62]
[u 1492] env= 12222464 succ=0.961 ret=+0.893 len= 7.7 ent=0.382 aL=-0.0163 vL=0.0057 t0=[none=0.04 m0=0.34 m1=0.62]
[u 1493] env= 12230656 succ=0.963 ret=+0.895 len= 7.8 ent=0.386 aL=-0.0158 vL=0.0061 t0=[none=0.04 m0=0.32 m1=0.64]
[u 1494] env= 12238848 succ=0.957 ret=+0.889 len= 7.7 ent=0.382 aL=-0.0073 vL=0.0064 t0=[none=0.05 m0=0.33 m1=0.62]
[u 1495] env= 12247040 succ=0.974 ret=+0.906 len= 7.8 ent=0.356 aL=-0.0152 vL=0.0039 t0=[none=0.04 m0=0.32 m1=0.64]
[u 1496] env= 12255232 succ=0.966 ret=+0.897 len= 7.8 ent=0.374 aL=-0.0101 vL=0.0063 t0=[none=0.05 m0=0.34 m1=0.60]
[u 1497] env= 12263424 succ=0.961 ret=+0.892 len= 7.8 ent=0.389 aL=-0.0137 vL=0.0035 t0=[none=0.04 m0=0.36 m1=0.60]
[u 1498] env= 12271616 succ=0.968 ret=+0.899 len= 7.9 ent=0.385 aL=-0.0157 vL=0.0046 t0=[none=0.06 m0=0.34 m1=0.60]
[u 1499] env= 12279808 succ=0.963 ret=+0.896 len= 7.7 ent=0.375 aL=-0.0155 vL=0.0050 t0=[none=0.05 m0=0.34 m1=0.62]
[u 1500] env= 12288000 succ=0.969 ret=+0.900 len= 7.8 ent=0.362 aL=-0.0125 vL=0.0042 t0=[none=0.04 m0=0.33 m1=0.63]
[u 1501] env= 12296192 succ=0.975 ret=+0.910 len= 7.5 ent=0.364 aL=-0.0192 vL=0.0032 t0=[none=0.05 m0=0.32 m1=0.63]
[u 1502] env= 12304384 succ=0.967 ret=+0.898 len= 7.9 ent=0.382 aL=-0.0145 vL=0.0057 t0=[none=0.06 m0=0.35 m1=0.60]
[u 1503] env= 12312576 succ=0.973 ret=+0.906 len= 7.7 ent=0.384 aL=-0.0169 vL=0.0032 t0=[none=0.05 m0=0.34 m1=0.61]
[u 1504] env= 12320768 succ=0.953 ret=+0.884 len= 7.9 ent=0.389 aL=-0.0153 vL=0.0065 t0=[none=0.05 m0=0.34 m1=0.60]
[u 1505] env= 12328960 succ=0.971 ret=+0.904 len= 7.7 ent=0.363 aL=-0.0089 vL=0.0043 t0=[none=0.04 m0=0.34 m1=0.62]
[u 1506] env= 12337152 succ=0.976 ret=+0.909 len= 7.6 ent=0.376 aL=-0.0143 vL=0.0025 t0=[none=0.04 m0=0.34 m1=0.62]
[u 1507] env= 12345344 succ=0.971 ret=+0.903 len= 7.7 ent=0.381 aL=-0.0099 vL=0.0032 t0=[none=0.05 m0=0.34 m1=0.61]
[u 1508] env= 12353536 succ=0.973 ret=+0.906 len= 7.7 ent=0.355 aL=-0.0124 vL=0.0025 t0=[none=0.05 m0=0.34 m1=0.61]
[u 1509] env= 12361728 succ=0.967 ret=+0.899 len= 7.8 ent=0.374 aL=-0.0110 vL=0.0037 t0=[none=0.05 m0=0.33 m1=0.61]
[u 1510] env= 12369920 succ=0.970 ret=+0.901 len= 7.8 ent=0.363 aL=-0.0169 vL=0.0035 t0=[none=0.04 m0=0.32 m1=0.64]
[u 1511] env= 12378112 succ=0.971 ret=+0.903 len= 7.7 ent=0.387 aL=-0.0095 vL=0.0052 t0=[none=0.05 m0=0.33 m1=0.62]
[u 1512] env= 12386304 succ=0.964 ret=+0.897 len= 7.6 ent=0.397 aL=-0.0124 vL=0.0036 t0=[none=0.04 m0=0.35 m1=0.61]
[u 1513] env= 12394496 succ=0.969 ret=+0.903 len= 7.6 ent=0.382 aL=-0.0137 vL=0.0042 t0=[none=0.04 m0=0.35 m1=0.61]
[u 1514] env= 12402688 succ=0.965 ret=+0.898 len= 7.7 ent=0.379 aL=-0.0152 vL=0.0033 t0=[none=0.05 m0=0.37 m1=0.57]
[u 1515] env= 12410880 succ=0.971 ret=+0.904 len= 7.6 ent=0.368 aL=-0.0143 vL=0.0034 t0=[none=0.04 m0=0.34 m1=0.62]
[u 1516] env= 12419072 succ=0.962 ret=+0.894 len= 7.8 ent=0.391 aL=-0.0116 vL=0.0041 t0=[none=0.04 m0=0.34 m1=0.62]
[u 1517] env= 12427264 succ=0.970 ret=+0.903 len= 7.6 ent=0.380 aL=-0.0136 vL=0.0031 t0=[none=0.05 m0=0.32 m1=0.63]
[u 1518] env= 12435456 succ=0.975 ret=+0.908 len= 7.6 ent=0.372 aL=-0.0145 vL=0.0039 t0=[none=0.04 m0=0.35 m1=0.61]
[u 1519] env= 12443648 succ=0.958 ret=+0.888 len= 7.9 ent=0.417 aL=-0.0103 vL=0.0049 t0=[none=0.05 m0=0.34 m1=0.61]
[u 1520] env= 12451840 succ=0.968 ret=+0.901 len= 7.7 ent=0.367 aL=-0.0127 vL=0.0044 t0=[none=0.04 m0=0.35 m1=0.61]
[u 1521] env= 12460032 succ=0.970 ret=+0.902 len= 7.7 ent=0.381 aL=-0.0131 vL=0.0021 t0=[none=0.05 m0=0.36 m1=0.59]
[u 1522] env= 12468224 succ=0.972 ret=+0.904 len= 7.8 ent=0.393 aL=-0.0146 vL=0.0038 t0=[none=0.04 m0=0.35 m1=0.61]
[u 1523] env= 12476416 succ=0.964 ret=+0.895 len= 7.8 ent=0.403 aL=-0.0152 vL=0.0030 t0=[none=0.04 m0=0.34 m1=0.61]
[u 1524] env= 12484608 succ=0.970 ret=+0.901 len= 7.9 ent=0.386 aL=-0.0159 vL=0.0031 t0=[none=0.05 m0=0.37 m1=0.58]
[u 1525] env= 12492800 succ=0.975 ret=+0.909 len= 7.6 ent=0.366 aL=-0.0121 vL=0.0046 t0=[none=0.04 m0=0.33 m1=0.64]
[u 1526] env= 12500992 succ=0.971 ret=+0.904 len= 7.6 ent=0.396 aL=-0.0133 vL=0.0026 t0=[none=0.03 m0=0.36 m1=0.61]
[u 1527] env= 12509184 succ=0.970 ret=+0.904 len= 7.6 ent=0.379 aL=-0.0182 vL=0.0042 t0=[none=0.04 m0=0.34 m1=0.62]
[u 1528] env= 12517376 succ=0.974 ret=+0.907 len= 7.7 ent=0.393 aL=-0.0178 vL=0.0035 t0=[none=0.04 m0=0.35 m1=0.61]
[u 1529] env= 12525568 succ=0.970 ret=+0.902 len= 7.8 ent=0.403 aL=-0.0152 vL=0.0042 t0=[none=0.04 m0=0.35 m1=0.61]
[u 1530] env= 12533760 succ=0.962 ret=+0.894 len= 7.7 ent=0.429 aL=-0.0162 vL=0.0035 t0=[none=0.04 m0=0.38 m1=0.58]
[u 1531] env= 12541952 succ=0.978 ret=+0.911 len= 7.7 ent=0.368 aL=-0.0132 vL=0.0036 t0=[none=0.03 m0=0.38 m1=0.59]
[u 1532] env= 12550144 succ=0.979 ret=+0.913 len= 7.6 ent=0.376 aL=-0.0147 vL=0.0058 t0=[none=0.02 m0=0.32 m1=0.66]
[u 1533] env= 12558336 succ=0.973 ret=+0.907 len= 7.6 ent=0.397 aL=-0.0139 vL=0.0040 t0=[none=0.03 m0=0.36 m1=0.61]
[u 1534] env= 12566528 succ=0.976 ret=+0.909 len= 7.7 ent=0.387 aL=-0.0113 vL=0.0051 t0=[none=0.04 m0=0.38 m1=0.58]
[u 1535] env= 12574720 succ=0.975 ret=+0.909 len= 7.6 ent=0.387 aL=-0.0157 vL=0.0038 t0=[none=0.02 m0=0.38 m1=0.60]
[u 1536] env= 12582912 succ=0.972 ret=+0.905 len= 7.7 ent=0.411 aL=-0.0127 vL=0.0035 t0=[none=0.04 m0=0.35 m1=0.61]
[u 1537] env= 12591104 succ=0.968 ret=+0.901 len= 7.6 ent=0.400 aL=-0.0149 vL=0.0037 t0=[none=0.03 m0=0.34 m1=0.63]
[u 1538] env= 12599296 succ=0.978 ret=+0.910 len= 7.7 ent=0.386 aL=-0.0129 vL=0.0036 t0=[none=0.03 m0=0.39 m1=0.58]
[u 1539] env= 12607488 succ=0.976 ret=+0.909 len= 7.7 ent=0.393 aL=-0.0124 vL=0.0034 t0=[none=0.03 m0=0.36 m1=0.61]
[u 1540] env= 12615680 succ=0.984 ret=+0.918 len= 7.6 ent=0.346 aL=-0.0137 vL=0.0033 t0=[none=0.02 m0=0.36 m1=0.62]
[u 1541] env= 12623872 succ=0.977 ret=+0.910 len= 7.6 ent=0.380 aL=-0.0160 vL=0.0033 t0=[none=0.04 m0=0.35 m1=0.62]
[u 1542] env= 12632064 succ=0.981 ret=+0.915 len= 7.6 ent=0.359 aL=-0.0175 vL=0.0035 t0=[none=0.04 m0=0.33 m1=0.63]
[u 1543] env= 12640256 succ=0.973 ret=+0.905 len= 7.8 ent=0.377 aL=-0.0099 vL=0.0042 t0=[none=0.04 m0=0.37 m1=0.59]
[u 1544] env= 12648448 succ=0.981 ret=+0.916 len= 7.4 ent=0.373 aL=-0.0114 vL=0.0032 t0=[none=0.03 m0=0.36 m1=0.61]
[u 1545] env= 12656640 succ=0.980 ret=+0.914 len= 7.6 ent=0.374 aL=-0.0149 vL=0.0039 t0=[none=0.04 m0=0.36 m1=0.60]
[u 1546] env= 12664832 succ=0.978 ret=+0.911 len= 7.6 ent=0.380 aL=-0.0116 vL=0.0028 t0=[none=0.03 m0=0.36 m1=0.61]
[u 1547] env= 12673024 succ=0.978 ret=+0.911 len= 7.7 ent=0.374 aL=-0.0140 vL=0.0037 t0=[none=0.04 m0=0.35 m1=0.61]
[u 1548] env= 12681216 succ=0.971 ret=+0.905 len= 7.6 ent=0.381 aL=-0.0086 vL=0.0026 t0=[none=0.03 m0=0.33 m1=0.64]
[u 1549] env= 12689408 succ=0.986 ret=+0.920 len= 7.6 ent=0.359 aL=-0.0114 vL=0.0030 t0=[none=0.03 m0=0.36 m1=0.61]
[u 1550] env= 12697600 succ=0.976 ret=+0.911 len= 7.5 ent=0.397 aL=-0.0122 vL=0.0018 t0=[none=0.03 m0=0.34 m1=0.63]
[u 1551] env= 12705792 succ=0.980 ret=+0.915 len= 7.5 ent=0.368 aL=-0.0094 vL=0.0024 t0=[none=0.02 m0=0.36 m1=0.62]
[u 1552] env= 12713984 succ=0.978 ret=+0.911 len= 7.7 ent=0.351 aL=-0.0069 vL=0.0027 t0=[none=0.02 m0=0.35 m1=0.62]
[u 1553] env= 12722176 succ=0.973 ret=+0.907 len= 7.6 ent=0.366 aL=-0.0154 vL=0.0026 t0=[none=0.03 m0=0.36 m1=0.61]
[u 1554] env= 12730368 succ=0.978 ret=+0.912 len= 7.6 ent=0.378 aL=-0.0156 vL=0.0018 t0=[none=0.03 m0=0.35 m1=0.63]
[u 1555] env= 12738560 succ=0.985 ret=+0.920 len= 7.6 ent=0.369 aL=-0.0155 vL=0.0024 t0=[none=0.02 m0=0.36 m1=0.62]
[u 1556] env= 12746752 succ=0.977 ret=+0.911 len= 7.5 ent=0.395 aL=-0.0125 vL=0.0017 t0=[none=0.02 m0=0.35 m1=0.63]
[u 1557] env= 12754944 succ=0.981 ret=+0.916 len= 7.5 ent=0.399 aL=-0.0093 vL=0.0023 t0=[none=0.03 m0=0.34 m1=0.63]
[u 1558] env= 12763136 succ=0.975 ret=+0.910 len= 7.5 ent=0.384 aL=-0.0061 vL=0.0020 t0=[none=0.03 m0=0.35 m1=0.62]
[u 1559] env= 12771328 succ=0.981 ret=+0.915 len= 7.5 ent=0.362 aL=-0.0095 vL=0.0038 t0=[none=0.03 m0=0.33 m1=0.63]
[u 1560] env= 12779520 succ=0.976 ret=+0.909 len= 7.7 ent=0.392 aL=-0.0137 vL=0.0032 t0=[none=0.03 m0=0.35 m1=0.62]
[u 1561] env= 12787712 succ=0.976 ret=+0.911 len= 7.5 ent=0.363 aL=-0.0088 vL=0.0030 t0=[none=0.03 m0=0.36 m1=0.61]
[u 1562] env= 12795904 succ=0.984 ret=+0.918 len= 7.6 ent=0.357 aL=-0.0110 vL=0.0028 t0=[none=0.03 m0=0.35 m1=0.62]
[u 1563] env= 12804096 succ=0.969 ret=+0.902 len= 7.7 ent=0.380 aL=-0.0111 vL=0.0043 t0=[none=0.03 m0=0.35 m1=0.62]
[u 1564] env= 12812288 succ=0.970 ret=+0.902 len= 7.7 ent=0.378 aL=-0.0125 vL=0.0027 t0=[none=0.03 m0=0.36 m1=0.62]
[u 1565] env= 12820480 succ=0.972 ret=+0.905 len= 7.7 ent=0.372 aL=-0.0120 vL=0.0032 t0=[none=0.03 m0=0.36 m1=0.61]
[u 1566] env= 12828672 succ=0.986 ret=+0.920 len= 7.6 ent=0.364 aL=-0.0042 vL=0.0022 t0=[none=0.04 m0=0.37 m1=0.59]
[u 1567] env= 12836864 succ=0.982 ret=+0.916 len= 7.5 ent=0.369 aL=-0.0087 vL=0.0025 t0=[none=0.04 m0=0.38 m1=0.58]
[u 1568] env= 12845056 succ=0.977 ret=+0.911 len= 7.5 ent=0.360 aL=-0.0128 vL=0.0021 t0=[none=0.02 m0=0.37 m1=0.60]
[u 1569] env= 12853248 succ=0.979 ret=+0.912 len= 7.6 ent=0.369 aL=-0.0157 vL=0.0033 t0=[none=0.02 m0=0.37 m1=0.61]
[u 1570] env= 12861440 succ=0.978 ret=+0.911 len= 7.7 ent=0.362 aL=-0.0120 vL=0.0015 t0=[none=0.03 m0=0.33 m1=0.64]
[u 1571] env= 12869632 succ=0.985 ret=+0.920 len= 7.4 ent=0.366 aL=-0.0119 vL=0.0023 t0=[none=0.03 m0=0.35 m1=0.62]
[u 1572] env= 12877824 succ=0.969 ret=+0.902 len= 7.6 ent=0.385 aL=-0.0167 vL=0.0034 t0=[none=0.03 m0=0.35 m1=0.62]
[u 1573] env= 12886016 succ=0.979 ret=+0.913 len= 7.6 ent=0.357 aL=-0.0082 vL=0.0016 t0=[none=0.03 m0=0.36 m1=0.61]
[u 1574] env= 12894208 succ=0.979 ret=+0.913 len= 7.5 ent=0.363 aL=-0.0106 vL=0.0032 t0=[none=0.03 m0=0.35 m1=0.62]
[u 1575] env= 12902400 succ=0.982 ret=+0.916 len= 7.6 ent=0.342 aL=-0.0108 vL=0.0019 t0=[none=0.04 m0=0.36 m1=0.60]
[u 1576] env= 12910592 succ=0.972 ret=+0.904 len= 7.8 ent=0.368 aL=-0.0100 vL=0.0032 t0=[none=0.03 m0=0.37 m1=0.61]
[u 1577] env= 12918784 succ=0.973 ret=+0.907 len= 7.6 ent=0.377 aL=-0.0126 vL=0.0029 t0=[none=0.04 m0=0.38 m1=0.58]
[u 1578] env= 12926976 succ=0.978 ret=+0.912 len= 7.5 ent=0.354 aL=-0.0120 vL=0.0020 t0=[none=0.04 m0=0.36 m1=0.60]
[u 1579] env= 12935168 succ=0.984 ret=+0.920 len= 7.5 ent=0.344 aL=-0.0129 vL=0.0026 t0=[none=0.03 m0=0.34 m1=0.64]
[u 1580] env= 12943360 succ=0.982 ret=+0.915 len= 7.7 ent=0.364 aL=-0.0116 vL=0.0023 t0=[none=0.04 m0=0.35 m1=0.61]
[u 1581] env= 12951552 succ=0.974 ret=+0.909 len= 7.5 ent=0.359 aL=-0.0117 vL=0.0023 t0=[none=0.03 m0=0.33 m1=0.64]
[u 1582] env= 12959744 succ=0.982 ret=+0.916 len= 7.6 ent=0.333 aL=-0.0119 vL=0.0028 t0=[none=0.04 m0=0.36 m1=0.60]
[u 1583] env= 12967936 succ=0.975 ret=+0.910 len= 7.5 ent=0.343 aL=-0.0107 vL=0.0045 t0=[none=0.03 m0=0.34 m1=0.63]
[u 1584] env= 12976128 succ=0.982 ret=+0.917 len= 7.5 ent=0.349 aL=-0.0124 vL=0.0020 t0=[none=0.03 m0=0.33 m1=0.63]
[u 1585] env= 12984320 succ=0.964 ret=+0.897 len= 7.7 ent=0.373 aL=-0.0096 vL=0.0048 t0=[none=0.04 m0=0.37 m1=0.59]
[u 1586] env= 12992512 succ=0.978 ret=+0.912 len= 7.6 ent=0.364 aL=-0.0125 vL=0.0038 t0=[none=0.03 m0=0.35 m1=0.62]
[u 1587] env= 13000704 succ=0.970 ret=+0.904 len= 7.6 ent=0.362 aL=-0.0134 vL=0.0038 t0=[none=0.04 m0=0.34 m1=0.62]
[u 1588] env= 13008896 succ=0.983 ret=+0.917 len= 7.6 ent=0.360 aL=-0.0119 vL=0.0021 t0=[none=0.03 m0=0.37 m1=0.61]
[u 1589] env= 13017088 succ=0.967 ret=+0.900 len= 7.6 ent=0.354 aL=-0.0118 vL=0.0027 t0=[none=0.04 m0=0.35 m1=0.61]
[u 1590] env= 13025280 succ=0.985 ret=+0.919 len= 7.6 ent=0.342 aL=-0.0139 vL=0.0021 t0=[none=0.03 m0=0.35 m1=0.62]
[u 1591] env= 13033472 succ=0.981 ret=+0.916 len= 7.4 ent=0.346 aL=-0.0116 vL=0.0030 t0=[none=0.03 m0=0.34 m1=0.63]
[u 1592] env= 13041664 succ=0.975 ret=+0.909 len= 7.6 ent=0.359 aL=-0.0147 vL=0.0017 t0=[none=0.04 m0=0.34 m1=0.62]
[u 1593] env= 13049856 succ=0.982 ret=+0.916 len= 7.6 ent=0.360 aL=-0.0097 vL=0.0023 t0=[none=0.04 m0=0.34 m1=0.62]
[u 1594] env= 13058048 succ=0.973 ret=+0.906 len= 7.7 ent=0.377 aL=-0.0063 vL=0.0031 t0=[none=0.03 m0=0.35 m1=0.61]
[u 1595] env= 13066240 succ=0.984 ret=+0.918 len= 7.6 ent=0.364 aL=-0.0097 vL=0.0019 t0=[none=0.04 m0=0.35 m1=0.61]
[u 1596] env= 13074432 succ=0.977 ret=+0.910 len= 7.6 ent=0.361 aL=-0.0089 vL=0.0042 t0=[none=0.03 m0=0.34 m1=0.63]
[u 1597] env= 13082624 succ=0.983 ret=+0.918 len= 7.4 ent=0.339 aL=-0.0170 vL=0.0014 t0=[none=0.03 m0=0.35 m1=0.61]
[u 1598] env= 13090816 succ=0.982 ret=+0.916 len= 7.5 ent=0.361 aL=-0.0113 vL=0.0036 t0=[none=0.03 m0=0.37 m1=0.59]
[u 1599] env= 13099008 succ=0.974 ret=+0.907 len= 7.7 ent=0.377 aL=-0.0094 vL=0.0018 t0=[none=0.03 m0=0.35 m1=0.62]
[u 1600] env= 13107200 succ=0.977 ret=+0.911 len= 7.5 ent=0.373 aL=-0.0106 vL=0.0033 t0=[none=0.03 m0=0.37 m1=0.61]
[u 1601] env= 13115392 succ=0.981 ret=+0.915 len= 7.5 ent=0.354 aL=-0.0124 vL=0.0031 t0=[none=0.03 m0=0.36 m1=0.61]
[u 1602] env= 13123584 succ=0.982 ret=+0.916 len= 7.5 ent=0.351 aL=-0.0126 vL=0.0025 t0=[none=0.03 m0=0.38 m1=0.59]
[u 1603] env= 13131776 succ=0.973 ret=+0.908 len= 7.4 ent=0.382 aL=-0.0120 vL=0.0031 t0=[none=0.03 m0=0.35 m1=0.61]
[u 1604] env= 13139968 succ=0.977 ret=+0.910 len= 7.7 ent=0.379 aL=-0.0142 vL=0.0033 t0=[none=0.03 m0=0.36 m1=0.61]
[u 1605] env= 13148160 succ=0.982 ret=+0.916 len= 7.6 ent=0.379 aL=-0.0128 vL=0.0029 t0=[none=0.03 m0=0.36 m1=0.61]
[u 1606] env= 13156352 succ=0.965 ret=+0.897 len= 7.7 ent=0.393 aL=-0.0069 vL=0.0040 t0=[none=0.03 m0=0.38 m1=0.60]
[u 1607] env= 13164544 succ=0.979 ret=+0.912 len= 7.7 ent=0.362 aL=-0.0134 vL=0.0039 t0=[none=0.02 m0=0.36 m1=0.62]
[u 1608] env= 13172736 succ=0.983 ret=+0.916 len= 7.7 ent=0.361 aL=-0.0111 vL=0.0021 t0=[none=0.03 m0=0.36 m1=0.60]
[u 1609] env= 13180928 succ=0.982 ret=+0.914 len= 7.7 ent=0.357 aL=-0.0079 vL=0.0027 t0=[none=0.03 m0=0.36 m1=0.61]
[u 1610] env= 13189120 succ=0.977 ret=+0.910 len= 7.7 ent=0.366 aL=-0.0118 vL=0.0037 t0=[none=0.04 m0=0.35 m1=0.61]
[u 1611] env= 13197312 succ=0.978 ret=+0.911 len= 7.7 ent=0.364 aL=-0.0122 vL=0.0045 t0=[none=0.03 m0=0.34 m1=0.63]
[u 1612] env= 13205504 succ=0.975 ret=+0.907 len= 7.8 ent=0.381 aL=-0.0150 vL=0.0040 t0=[none=0.03 m0=0.36 m1=0.61]
[u 1613] env= 13213696 succ=0.973 ret=+0.905 len= 7.8 ent=0.391 aL=-0.0130 vL=0.0045 t0=[none=0.03 m0=0.33 m1=0.64]
[u 1614] env= 13221888 succ=0.969 ret=+0.902 len= 7.6 ent=0.379 aL=-0.0137 vL=0.0039 t0=[none=0.02 m0=0.36 m1=0.61]
[u 1615] env= 13230080 succ=0.979 ret=+0.912 len= 7.7 ent=0.368 aL=-0.0129 vL=0.0048 t0=[none=0.02 m0=0.38 m1=0.60]
[u 1616] env= 13238272 succ=0.971 ret=+0.904 len= 7.7 ent=0.380 aL=-0.0133 vL=0.0034 t0=[none=0.02 m0=0.34 m1=0.63]
[u 1617] env= 13246464 succ=0.968 ret=+0.901 len= 7.7 ent=0.403 aL=-0.0123 vL=0.0048 t0=[none=0.03 m0=0.34 m1=0.63]
[u 1618] env= 13254656 succ=0.971 ret=+0.905 len= 7.6 ent=0.373 aL=-0.0126 vL=0.0052 t0=[none=0.02 m0=0.36 m1=0.62]
[u 1619] env= 13262848 succ=0.979 ret=+0.912 len= 7.6 ent=0.368 aL=-0.0127 vL=0.0038 t0=[none=0.02 m0=0.32 m1=0.66]
[u 1620] env= 13271040 succ=0.987 ret=+0.921 len= 7.6 ent=0.349 aL=-0.0132 vL=0.0017 t0=[none=0.02 m0=0.36 m1=0.62]
[u 1621] env= 13279232 succ=0.982 ret=+0.917 len= 7.5 ent=0.351 aL=-0.0138 vL=0.0034 t0=[none=0.03 m0=0.37 m1=0.60]
[u 1622] env= 13287424 succ=0.976 ret=+0.910 len= 7.7 ent=0.385 aL=-0.0144 vL=0.0052 t0=[none=0.03 m0=0.34 m1=0.62]
[u 1623] env= 13295616 succ=0.976 ret=+0.908 len= 7.8 ent=0.385 aL=-0.0070 vL=0.0021 t0=[none=0.03 m0=0.35 m1=0.62]
[u 1624] env= 13303808 succ=0.984 ret=+0.919 len= 7.5 ent=0.363 aL=-0.0173 vL=0.0018 t0=[none=0.04 m0=0.33 m1=0.64]
[u 1625] env= 13312000 succ=0.980 ret=+0.913 len= 7.7 ent=0.385 aL=-0.0126 vL=0.0034 t0=[none=0.03 m0=0.35 m1=0.62]
[u 1626] env= 13320192 succ=0.967 ret=+0.900 len= 7.7 ent=0.388 aL=-0.0101 vL=0.0041 t0=[none=0.02 m0=0.36 m1=0.62]
[u 1627] env= 13328384 succ=0.980 ret=+0.914 len= 7.5 ent=0.365 aL=-0.0140 vL=0.0024 t0=[none=0.02 m0=0.35 m1=0.63]
[u 1628] env= 13336576 succ=0.978 ret=+0.912 len= 7.6 ent=0.372 aL=-0.0163 vL=0.0036 t0=[none=0.02 m0=0.37 m1=0.60]
[u 1629] env= 13344768 succ=0.982 ret=+0.915 len= 7.7 ent=0.380 aL=-0.0076 vL=0.0019 t0=[none=0.03 m0=0.34 m1=0.62]
[u 1630] env= 13352960 succ=0.976 ret=+0.909 len= 7.6 ent=0.386 aL=-0.0125 vL=0.0018 t0=[none=0.02 m0=0.34 m1=0.63]
[u 1631] env= 13361152 succ=0.973 ret=+0.905 len= 7.7 ent=0.386 aL=-0.0113 vL=0.0036 t0=[none=0.03 m0=0.37 m1=0.60]
[u 1632] env= 13369344 succ=0.975 ret=+0.908 len= 7.6 ent=0.363 aL=-0.0072 vL=0.0025 t0=[none=0.04 m0=0.33 m1=0.63]
[u 1633] env= 13377536 succ=0.985 ret=+0.920 len= 7.4 ent=0.340 aL=-0.0114 vL=0.0028 t0=[none=0.03 m0=0.33 m1=0.64]
[u 1634] env= 13385728 succ=0.975 ret=+0.910 len= 7.5 ent=0.356 aL=-0.0132 vL=0.0015 t0=[none=0.03 m0=0.35 m1=0.62]
[u 1635] env= 13393920 succ=0.985 ret=+0.919 len= 7.6 ent=0.355 aL=-0.0133 vL=0.0015 t0=[none=0.03 m0=0.36 m1=0.62]
[u 1636] env= 13402112 succ=0.975 ret=+0.908 len= 7.7 ent=0.364 aL=-0.0116 vL=0.0035 t0=[none=0.04 m0=0.34 m1=0.62]
[u 1637] env= 13410304 succ=0.981 ret=+0.914 len= 7.7 ent=0.366 aL=-0.0130 vL=0.0020 t0=[none=0.03 m0=0.35 m1=0.62]
[u 1638] env= 13418496 succ=0.981 ret=+0.914 len= 7.6 ent=0.354 aL=-0.0123 vL=0.0032 t0=[none=0.03 m0=0.35 m1=0.61]
[u 1639] env= 13426688 succ=0.980 ret=+0.914 len= 7.6 ent=0.353 aL=-0.0121 vL=0.0025 t0=[none=0.03 m0=0.32 m1=0.65]
[u 1640] env= 13434880 succ=0.986 ret=+0.919 len= 7.7 ent=0.350 aL=-0.0140 vL=0.0025 t0=[none=0.03 m0=0.35 m1=0.62]
[u 1641] env= 13443072 succ=0.989 ret=+0.924 len= 7.5 ent=0.346 aL=-0.0102 vL=0.0009 t0=[none=0.02 m0=0.33 m1=0.64]
[u 1642] env= 13451264 succ=0.982 ret=+0.916 len= 7.6 ent=0.367 aL=-0.0117 vL=0.0022 t0=[none=0.04 m0=0.32 m1=0.64]
[u 1643] env= 13459456 succ=0.984 ret=+0.918 len= 7.6 ent=0.346 aL=-0.0146 vL=0.0015 t0=[none=0.03 m0=0.36 m1=0.60]
[u 1644] env= 13467648 succ=0.985 ret=+0.919 len= 7.6 ent=0.361 aL=-0.0110 vL=0.0030 t0=[none=0.03 m0=0.38 m1=0.59]
[u 1645] env= 13475840 succ=0.974 ret=+0.907 len= 7.7 ent=0.390 aL=-0.0142 vL=0.0019 t0=[none=0.02 m0=0.37 m1=0.61]
[u 1646] env= 13484032 succ=0.980 ret=+0.913 len= 7.7 ent=0.356 aL=-0.0150 vL=0.0025 t0=[none=0.02 m0=0.36 m1=0.62]
[u 1647] env= 13492224 succ=0.981 ret=+0.915 len= 7.6 ent=0.357 aL=-0.0075 vL=0.0025 t0=[none=0.02 m0=0.36 m1=0.62]
[u 1648] env= 13500416 succ=0.981 ret=+0.913 len= 7.8 ent=0.372 aL=-0.0139 vL=0.0031 t0=[none=0.02 m0=0.34 m1=0.63]
[u 1649] env= 13508608 succ=0.979 ret=+0.911 len= 7.7 ent=0.361 aL=-0.0130 vL=0.0027 t0=[none=0.03 m0=0.38 m1=0.59]
[u 1650] env= 13516800 succ=0.980 ret=+0.913 len= 7.7 ent=0.359 aL=-0.0106 vL=0.0017 t0=[none=0.02 m0=0.37 m1=0.61]
[u 1651] env= 13524992 succ=0.981 ret=+0.915 len= 7.7 ent=0.352 aL=-0.0104 vL=0.0029 t0=[none=0.02 m0=0.37 m1=0.61]
[u 1652] env= 13533184 succ=0.976 ret=+0.909 len= 7.7 ent=0.374 aL=-0.0143 vL=0.0020 t0=[none=0.03 m0=0.34 m1=0.63]
[u 1653] env= 13541376 succ=0.970 ret=+0.902 len= 7.8 ent=0.362 aL=-0.0140 vL=0.0033 t0=[none=0.02 m0=0.37 m1=0.61]
[u 1654] env= 13549568 succ=0.973 ret=+0.906 len= 7.6 ent=0.362 aL=-0.0151 vL=0.0030 t0=[none=0.02 m0=0.36 m1=0.62]
[u 1655] env= 13557760 succ=0.986 ret=+0.921 len= 7.5 ent=0.342 aL=-0.0096 vL=0.0018 t0=[none=0.03 m0=0.35 m1=0.62]
[u 1656] env= 13565952 succ=0.965 ret=+0.897 len= 7.7 ent=0.378 aL=-0.0138 vL=0.0044 t0=[none=0.02 m0=0.35 m1=0.63]
[u 1657] env= 13574144 succ=0.981 ret=+0.915 len= 7.6 ent=0.364 aL=-0.0065 vL=0.0022 t0=[none=0.04 m0=0.36 m1=0.60]
[u 1658] env= 13582336 succ=0.975 ret=+0.908 len= 7.7 ent=0.368 aL=-0.0137 vL=0.0026 t0=[none=0.03 m0=0.36 m1=0.62]
[u 1659] env= 13590528 succ=0.981 ret=+0.915 len= 7.6 ent=0.360 aL=-0.0133 vL=0.0021 t0=[none=0.02 m0=0.34 m1=0.64]
[u 1660] env= 13598720 succ=0.979 ret=+0.914 len= 7.5 ent=0.343 aL=-0.0125 vL=0.0033 t0=[none=0.04 m0=0.34 m1=0.61]
[u 1661] env= 13606912 succ=0.976 ret=+0.912 len= 7.4 ent=0.362 aL=-0.0139 vL=0.0046 t0=[none=0.03 m0=0.34 m1=0.64]
[u 1662] env= 13615104 succ=0.974 ret=+0.907 len= 7.7 ent=0.387 aL=-0.0144 vL=0.0028 t0=[none=0.03 m0=0.37 m1=0.60]
[u 1663] env= 13623296 succ=0.974 ret=+0.906 len= 7.8 ent=0.369 aL=-0.0153 vL=0.0041 t0=[none=0.02 m0=0.38 m1=0.60]
[u 1664] env= 13631488 succ=0.974 ret=+0.906 len= 7.7 ent=0.382 aL=-0.0122 vL=0.0041 t0=[none=0.03 m0=0.37 m1=0.60]
[u 1665] env= 13639680 succ=0.980 ret=+0.914 len= 7.6 ent=0.367 aL=-0.0127 vL=0.0022 t0=[none=0.02 m0=0.34 m1=0.63]
[u 1666] env= 13647872 succ=0.979 ret=+0.914 len= 7.5 ent=0.361 aL=-0.0119 vL=0.0028 t0=[none=0.01 m0=0.33 m1=0.65]
[u 1667] env= 13656064 succ=0.977 ret=+0.911 len= 7.6 ent=0.370 aL=-0.0092 vL=0.0039 t0=[none=0.04 m0=0.33 m1=0.63]
[u 1668] env= 13664256 succ=0.968 ret=+0.902 len= 7.6 ent=0.379 aL=-0.0127 vL=0.0062 t0=[none=0.03 m0=0.34 m1=0.63]
[u 1669] env= 13672448 succ=0.978 ret=+0.910 len= 7.7 ent=0.381 aL=-0.0165 vL=0.0029 t0=[none=0.02 m0=0.34 m1=0.64]
[u 1670] env= 13680640 succ=0.979 ret=+0.911 len= 7.8 ent=0.364 aL=-0.0113 vL=0.0035 t0=[none=0.02 m0=0.35 m1=0.62]
[u 1671] env= 13688832 succ=0.967 ret=+0.898 len= 7.8 ent=0.400 aL=-0.0125 vL=0.0045 t0=[none=0.04 m0=0.34 m1=0.62]
[u 1672] env= 13697024 succ=0.974 ret=+0.909 len= 7.5 ent=0.375 aL=-0.0094 vL=0.0039 t0=[none=0.02 m0=0.35 m1=0.63]
[u 1673] env= 13705216 succ=0.982 ret=+0.916 len= 7.6 ent=0.365 aL=-0.0145 vL=0.0017 t0=[none=0.03 m0=0.34 m1=0.63]
[u 1674] env= 13713408 succ=0.974 ret=+0.907 len= 7.6 ent=0.354 aL=-0.0103 vL=0.0037 t0=[none=0.03 m0=0.34 m1=0.63]
[u 1675] env= 13721600 succ=0.980 ret=+0.913 len= 7.6 ent=0.341 aL=-0.0114 vL=0.0033 t0=[none=0.03 m0=0.35 m1=0.61]
[u 1676] env= 13729792 succ=0.981 ret=+0.914 len= 7.7 ent=0.334 aL=-0.0119 vL=0.0043 t0=[none=0.03 m0=0.38 m1=0.59]
[u 1677] env= 13737984 succ=0.978 ret=+0.911 len= 7.6 ent=0.363 aL=-0.0145 vL=0.0034 t0=[none=0.03 m0=0.37 m1=0.61]
[u 1678] env= 13746176 succ=0.976 ret=+0.910 len= 7.6 ent=0.361 aL=-0.0121 vL=0.0057 t0=[none=0.04 m0=0.36 m1=0.60]
[u 1679] env= 13754368 succ=0.970 ret=+0.904 len= 7.6 ent=0.380 aL=-0.0079 vL=0.0053 t0=[none=0.03 m0=0.36 m1=0.61]
[u 1680] env= 13762560 succ=0.970 ret=+0.904 len= 7.6 ent=0.378 aL=-0.0136 vL=0.0042 t0=[none=0.03 m0=0.35 m1=0.62]
[u 1681] env= 13770752 succ=0.976 ret=+0.910 len= 7.6 ent=0.353 aL=-0.0135 vL=0.0030 t0=[none=0.03 m0=0.36 m1=0.61]
[u 1682] env= 13778944 succ=0.972 ret=+0.904 len= 7.7 ent=0.372 aL=-0.0095 vL=0.0045 t0=[none=0.03 m0=0.36 m1=0.60]
[u 1683] env= 13787136 succ=0.970 ret=+0.902 len= 7.7 ent=0.377 aL=-0.0106 vL=0.0036 t0=[none=0.02 m0=0.38 m1=0.60]
[u 1684] env= 13795328 succ=0.975 ret=+0.908 len= 7.6 ent=0.361 aL=-0.0157 vL=0.0038 t0=[none=0.03 m0=0.34 m1=0.63]
[u 1685] env= 13803520 succ=0.976 ret=+0.910 len= 7.6 ent=0.353 aL=-0.0129 vL=0.0027 t0=[none=0.04 m0=0.38 m1=0.58]
[u 1686] env= 13811712 succ=0.977 ret=+0.911 len= 7.6 ent=0.349 aL=-0.0078 vL=0.0036 t0=[none=0.03 m0=0.37 m1=0.60]
[u 1687] env= 13819904 succ=0.973 ret=+0.904 len= 7.8 ent=0.358 aL=-0.0137 vL=0.0035 t0=[none=0.03 m0=0.35 m1=0.62]
[u 1688] env= 13828096 succ=0.970 ret=+0.902 len= 7.7 ent=0.358 aL=-0.0104 vL=0.0046 t0=[none=0.03 m0=0.34 m1=0.63]
[u 1689] env= 13836288 succ=0.971 ret=+0.904 len= 7.6 ent=0.345 aL=-0.0133 vL=0.0039 t0=[none=0.03 m0=0.39 m1=0.58]
[u 1690] env= 13844480 succ=0.976 ret=+0.910 len= 7.6 ent=0.346 aL=-0.0143 vL=0.0044 t0=[none=0.03 m0=0.34 m1=0.62]
[u 1691] env= 13852672 succ=0.977 ret=+0.911 len= 7.5 ent=0.348 aL=-0.0125 vL=0.0038 t0=[none=0.02 m0=0.37 m1=0.60]
[u 1692] env= 13860864 succ=0.963 ret=+0.896 len= 7.7 ent=0.367 aL=-0.0117 vL=0.0050 t0=[none=0.03 m0=0.39 m1=0.58]
[u 1693] env= 13869056 succ=0.976 ret=+0.911 len= 7.5 ent=0.340 aL=-0.0128 vL=0.0041 t0=[none=0.03 m0=0.37 m1=0.60]
[u 1694] env= 13877248 succ=0.975 ret=+0.909 len= 7.6 ent=0.367 aL=-0.0092 vL=0.0039 t0=[none=0.03 m0=0.33 m1=0.64]
[u 1695] env= 13885440 succ=0.967 ret=+0.900 len= 7.6 ent=0.355 aL=-0.0128 vL=0.0047 t0=[none=0.03 m0=0.34 m1=0.62]
[u 1696] env= 13893632 succ=0.978 ret=+0.910 len= 7.7 ent=0.355 aL=-0.0116 vL=0.0029 t0=[none=0.02 m0=0.33 m1=0.64]
[u 1697] env= 13901824 succ=0.979 ret=+0.913 len= 7.5 ent=0.351 aL=-0.0130 vL=0.0031 t0=[none=0.02 m0=0.36 m1=0.62]
[u 1698] env= 13910016 succ=0.974 ret=+0.907 len= 7.6 ent=0.342 aL=-0.0140 vL=0.0055 t0=[none=0.04 m0=0.34 m1=0.62]
[u 1699] env= 13918208 succ=0.978 ret=+0.912 len= 7.6 ent=0.331 aL=-0.0109 vL=0.0034 t0=[none=0.03 m0=0.34 m1=0.63]
[u 1700] env= 13926400 succ=0.980 ret=+0.914 len= 7.6 ent=0.335 aL=-0.0091 vL=0.0038 t0=[none=0.02 m0=0.35 m1=0.62]
[u 1701] env= 13934592 succ=0.976 ret=+0.909 len= 7.7 ent=0.356 aL=-0.0136 vL=0.0024 t0=[none=0.02 m0=0.34 m1=0.64]
[u 1702] env= 13942784 succ=0.973 ret=+0.907 len= 7.6 ent=0.365 aL=-0.0120 vL=0.0034 t0=[none=0.03 m0=0.33 m1=0.63]
[u 1703] env= 13950976 succ=0.973 ret=+0.907 len= 7.6 ent=0.356 aL=-0.0115 vL=0.0029 t0=[none=0.04 m0=0.36 m1=0.61]
[u 1704] env= 13959168 succ=0.972 ret=+0.905 len= 7.7 ent=0.374 aL=-0.0161 vL=0.0036 t0=[none=0.04 m0=0.33 m1=0.63]
[u 1705] env= 13967360 succ=0.981 ret=+0.915 len= 7.6 ent=0.346 aL=-0.0102 vL=0.0040 t0=[none=0.04 m0=0.33 m1=0.62]
[u 1706] env= 13975552 succ=0.959 ret=+0.890 len= 7.9 ent=0.406 aL=-0.0123 vL=0.0054 t0=[none=0.05 m0=0.32 m1=0.63]
[u 1707] env= 13983744 succ=0.972 ret=+0.907 len= 7.5 ent=0.361 aL=-0.0157 vL=0.0039 t0=[none=0.04 m0=0.33 m1=0.63]
[u 1708] env= 13991936 succ=0.968 ret=+0.900 len= 7.8 ent=0.351 aL=-0.0107 vL=0.0059 t0=[none=0.04 m0=0.34 m1=0.62]
[u 1709] env= 14000128 succ=0.972 ret=+0.905 len= 7.6 ent=0.369 aL=-0.0134 vL=0.0043 t0=[none=0.04 m0=0.36 m1=0.60]
[u 1710] env= 14008320 succ=0.966 ret=+0.899 len= 7.7 ent=0.373 aL=-0.0121 vL=0.0039 t0=[none=0.03 m0=0.37 m1=0.60]
[u 1711] env= 14016512 succ=0.972 ret=+0.905 len= 7.6 ent=0.378 aL=-0.0141 vL=0.0045 t0=[none=0.03 m0=0.35 m1=0.62]
[u 1712] env= 14024704 succ=0.971 ret=+0.904 len= 7.7 ent=0.346 aL=-0.0106 vL=0.0034 t0=[none=0.03 m0=0.34 m1=0.64]
[u 1713] env= 14032896 succ=0.977 ret=+0.909 len= 7.7 ent=0.359 aL=-0.0113 vL=0.0044 t0=[none=0.03 m0=0.36 m1=0.61]
[u 1714] env= 14041088 succ=0.972 ret=+0.905 len= 7.7 ent=0.357 aL=-0.0154 vL=0.0068 t0=[none=0.04 m0=0.34 m1=0.62]
[u 1715] env= 14049280 succ=0.972 ret=+0.907 len= 7.5 ent=0.378 aL=-0.0076 vL=0.0041 t0=[none=0.05 m0=0.35 m1=0.60]
[u 1716] env= 14057472 succ=0.973 ret=+0.907 len= 7.6 ent=0.341 aL=-0.0110 vL=0.0033 t0=[none=0.03 m0=0.35 m1=0.63]
[u 1717] env= 14065664 succ=0.977 ret=+0.910 len= 7.7 ent=0.349 aL=-0.0121 vL=0.0043 t0=[none=0.02 m0=0.36 m1=0.62]
[u 1718] env= 14073856 succ=0.978 ret=+0.912 len= 7.5 ent=0.345 aL=-0.0117 vL=0.0043 t0=[none=0.03 m0=0.37 m1=0.59]
[u 1719] env= 14082048 succ=0.981 ret=+0.915 len= 7.5 ent=0.359 aL=-0.0113 vL=0.0036 t0=[none=0.03 m0=0.38 m1=0.59]
[u 1720] env= 14090240 succ=0.970 ret=+0.904 len= 7.6 ent=0.357 aL=-0.0114 vL=0.0044 t0=[none=0.03 m0=0.37 m1=0.60]
[u 1721] env= 14098432 succ=0.964 ret=+0.896 len= 7.8 ent=0.376 aL=-0.0104 vL=0.0042 t0=[none=0.03 m0=0.36 m1=0.60]
[u 1722] env= 14106624 succ=0.977 ret=+0.911 len= 7.6 ent=0.358 aL=-0.0120 vL=0.0033 t0=[none=0.02 m0=0.38 m1=0.60]
[u 1723] env= 14114816 succ=0.975 ret=+0.909 len= 7.6 ent=0.362 aL=-0.0099 vL=0.0044 t0=[none=0.03 m0=0.37 m1=0.61]
[u 1724] env= 14123008 succ=0.973 ret=+0.908 len= 7.5 ent=0.354 aL=-0.0105 vL=0.0041 t0=[none=0.03 m0=0.36 m1=0.60]
[u 1725] env= 14131200 succ=0.969 ret=+0.903 len= 7.7 ent=0.352 aL=-0.0145 vL=0.0048 t0=[none=0.02 m0=0.38 m1=0.60]
[u 1726] env= 14139392 succ=0.976 ret=+0.909 len= 7.6 ent=0.356 aL=-0.0061 vL=0.0049 t0=[none=0.03 m0=0.37 m1=0.60]
[u 1727] env= 14147584 succ=0.972 ret=+0.903 len= 7.8 ent=0.358 aL=-0.0120 vL=0.0040 t0=[none=0.04 m0=0.37 m1=0.60]
[u 1728] env= 14155776 succ=0.970 ret=+0.904 len= 7.6 ent=0.377 aL=-0.0132 vL=0.0033 t0=[none=0.03 m0=0.37 m1=0.60]
[u 1729] env= 14163968 succ=0.966 ret=+0.898 len= 7.8 ent=0.367 aL=-0.0145 vL=0.0055 t0=[none=0.04 m0=0.35 m1=0.62]
[u 1730] env= 14172160 succ=0.972 ret=+0.905 len= 7.7 ent=0.365 aL=-0.0118 vL=0.0042 t0=[none=0.04 m0=0.35 m1=0.62]
[u 1731] env= 14180352 succ=0.965 ret=+0.897 len= 7.8 ent=0.395 aL=-0.0103 vL=0.0043 t0=[none=0.03 m0=0.33 m1=0.63]
[u 1732] env= 14188544 succ=0.963 ret=+0.896 len= 7.7 ent=0.386 aL=-0.0104 vL=0.0050 t0=[none=0.03 m0=0.38 m1=0.59]
[u 1733] env= 14196736 succ=0.980 ret=+0.915 len= 7.5 ent=0.340 aL=-0.0133 vL=0.0031 t0=[none=0.03 m0=0.35 m1=0.62]
[u 1734] env= 14204928 succ=0.976 ret=+0.909 len= 7.6 ent=0.346 aL=-0.0131 vL=0.0040 t0=[none=0.03 m0=0.35 m1=0.62]
[u 1735] env= 14213120 succ=0.974 ret=+0.908 len= 7.6 ent=0.380 aL=-0.0116 vL=0.0044 t0=[none=0.04 m0=0.35 m1=0.61]
[u 1736] env= 14221312 succ=0.963 ret=+0.895 len= 7.7 ent=0.388 aL=-0.0130 vL=0.0045 t0=[none=0.02 m0=0.34 m1=0.64]
[u 1737] env= 14229504 succ=0.970 ret=+0.904 len= 7.6 ent=0.367 aL=-0.0118 vL=0.0033 t0=[none=0.04 m0=0.35 m1=0.61]
[u 1738] env= 14237696 succ=0.970 ret=+0.902 len= 7.8 ent=0.380 aL=-0.0120 vL=0.0043 t0=[none=0.03 m0=0.35 m1=0.62]
[u 1739] env= 14245888 succ=0.967 ret=+0.899 len= 7.8 ent=0.388 aL=-0.0116 vL=0.0042 t0=[none=0.04 m0=0.37 m1=0.59]
[u 1740] env= 14254080 succ=0.969 ret=+0.903 len= 7.6 ent=0.378 aL=-0.0084 vL=0.0021 t0=[none=0.03 m0=0.35 m1=0.62]
[u 1741] env= 14262272 succ=0.972 ret=+0.906 len= 7.6 ent=0.360 aL=-0.0132 vL=0.0037 t0=[none=0.04 m0=0.33 m1=0.63]
[u 1742] env= 14270464 succ=0.967 ret=+0.900 len= 7.7 ent=0.368 aL=-0.0140 vL=0.0059 t0=[none=0.04 m0=0.36 m1=0.60]
[u 1743] env= 14278656 succ=0.970 ret=+0.903 len= 7.7 ent=0.372 aL=-0.0113 vL=0.0038 t0=[none=0.03 m0=0.36 m1=0.61]
[u 1744] env= 14286848 succ=0.971 ret=+0.903 len= 7.7 ent=0.373 aL=-0.0094 vL=0.0038 t0=[none=0.03 m0=0.37 m1=0.59]
[u 1745] env= 14295040 succ=0.977 ret=+0.911 len= 7.6 ent=0.364 aL=-0.0092 vL=0.0019 t0=[none=0.04 m0=0.33 m1=0.63]
[u 1746] env= 14303232 succ=0.970 ret=+0.902 len= 7.7 ent=0.380 aL=-0.0105 vL=0.0038 t0=[none=0.04 m0=0.36 m1=0.60]
[u 1747] env= 14311424 succ=0.972 ret=+0.907 len= 7.5 ent=0.358 aL=-0.0103 vL=0.0022 t0=[none=0.03 m0=0.36 m1=0.61]
[u 1748] env= 14319616 succ=0.970 ret=+0.903 len= 7.7 ent=0.363 aL=-0.0090 vL=0.0031 t0=[none=0.04 m0=0.39 m1=0.57]
[u 1749] env= 14327808 succ=0.970 ret=+0.905 len= 7.5 ent=0.348 aL=-0.0098 vL=0.0036 t0=[none=0.02 m0=0.36 m1=0.62]
[u 1750] env= 14336000 succ=0.972 ret=+0.906 len= 7.6 ent=0.348 aL=-0.0059 vL=0.0031 t0=[none=0.04 m0=0.36 m1=0.59]
[u 1751] env= 14344192 succ=0.977 ret=+0.911 len= 7.6 ent=0.335 aL=-0.0133 vL=0.0037 t0=[none=0.03 m0=0.38 m1=0.59]
[u 1752] env= 14352384 succ=0.971 ret=+0.905 len= 7.5 ent=0.358 aL=-0.0095 vL=0.0025 t0=[none=0.04 m0=0.36 m1=0.60]
[u 1753] env= 14360576 succ=0.974 ret=+0.909 len= 7.5 ent=0.349 aL=-0.0090 vL=0.0030 t0=[none=0.03 m0=0.35 m1=0.62]
[u 1754] env= 14368768 succ=0.970 ret=+0.905 len= 7.5 ent=0.342 aL=-0.0102 vL=0.0036 t0=[none=0.03 m0=0.36 m1=0.61]
[u 1755] env= 14376960 succ=0.972 ret=+0.907 len= 7.5 ent=0.350 aL=-0.0140 vL=0.0024 t0=[none=0.02 m0=0.37 m1=0.61]
[u 1756] env= 14385152 succ=0.980 ret=+0.915 len= 7.6 ent=0.332 aL=-0.0107 vL=0.0021 t0=[none=0.03 m0=0.37 m1=0.60]
[u 1757] env= 14393344 succ=0.982 ret=+0.918 len= 7.4 ent=0.337 aL=-0.0102 vL=0.0018 t0=[none=0.03 m0=0.36 m1=0.61]
[u 1758] env= 14401536 succ=0.978 ret=+0.911 len= 7.6 ent=0.344 aL=-0.0122 vL=0.0021 t0=[none=0.03 m0=0.34 m1=0.63]
[u 1759] env= 14409728 succ=0.966 ret=+0.900 len= 7.6 ent=0.358 aL=-0.0125 vL=0.0046 t0=[none=0.03 m0=0.33 m1=0.64]
[u 1760] env= 14417920 succ=0.969 ret=+0.903 len= 7.6 ent=0.351 aL=-0.0121 vL=0.0041 t0=[none=0.03 m0=0.35 m1=0.62]
[u 1761] env= 14426112 succ=0.977 ret=+0.911 len= 7.6 ent=0.337 aL=-0.0106 vL=0.0032 t0=[none=0.04 m0=0.35 m1=0.60]
[u 1762] env= 14434304 succ=0.980 ret=+0.914 len= 7.6 ent=0.342 aL=-0.0114 vL=0.0029 t0=[none=0.03 m0=0.36 m1=0.61]
[u 1763] env= 14442496 succ=0.967 ret=+0.901 len= 7.6 ent=0.354 aL=-0.0103 vL=0.0032 t0=[none=0.04 m0=0.37 m1=0.60]
[u 1764] env= 14450688 succ=0.975 ret=+0.908 len= 7.7 ent=0.348 aL=-0.0112 vL=0.0011 t0=[none=0.03 m0=0.36 m1=0.61]
[u 1765] env= 14458880 succ=0.978 ret=+0.911 len= 7.6 ent=0.336 aL=-0.0089 vL=0.0037 t0=[none=0.02 m0=0.39 m1=0.58]
[u 1766] env= 14467072 succ=0.972 ret=+0.907 len= 7.5 ent=0.353 aL=-0.0095 vL=0.0032 t0=[none=0.04 m0=0.35 m1=0.60]
[u 1767] env= 14475264 succ=0.975 ret=+0.908 len= 7.8 ent=0.347 aL=-0.0125 vL=0.0033 t0=[none=0.03 m0=0.37 m1=0.60]
[u 1768] env= 14483456 succ=0.980 ret=+0.913 len= 7.6 ent=0.339 aL=-0.0107 vL=0.0025 t0=[none=0.03 m0=0.35 m1=0.61]
[u 1769] env= 14491648 succ=0.971 ret=+0.904 len= 7.6 ent=0.363 aL=-0.0109 vL=0.0033 t0=[none=0.04 m0=0.34 m1=0.62]
[u 1770] env= 14499840 succ=0.975 ret=+0.909 len= 7.6 ent=0.342 aL=-0.0096 vL=0.0024 t0=[none=0.04 m0=0.36 m1=0.60]
[u 1771] env= 14508032 succ=0.964 ret=+0.896 len= 7.7 ent=0.372 aL=-0.0116 vL=0.0043 t0=[none=0.04 m0=0.36 m1=0.60]
[u 1772] env= 14516224 succ=0.982 ret=+0.916 len= 7.5 ent=0.351 aL=-0.0113 vL=0.0019 t0=[none=0.03 m0=0.34 m1=0.63]
[u 1773] env= 14524416 succ=0.976 ret=+0.911 len= 7.5 ent=0.350 aL=-0.0118 vL=0.0037 t0=[none=0.03 m0=0.37 m1=0.60]
[u 1774] env= 14532608 succ=0.968 ret=+0.901 len= 7.7 ent=0.345 aL=-0.0090 vL=0.0026 t0=[none=0.04 m0=0.37 m1=0.58]
[u 1775] env= 14540800 succ=0.983 ret=+0.918 len= 7.5 ent=0.346 aL=-0.0148 vL=0.0013 t0=[none=0.02 m0=0.36 m1=0.62]
[u 1776] env= 14548992 succ=0.967 ret=+0.899 len= 7.7 ent=0.385 aL=-0.0131 vL=0.0037 t0=[none=0.02 m0=0.36 m1=0.61]
[u 1777] env= 14557184 succ=0.974 ret=+0.908 len= 7.6 ent=0.355 aL=-0.0125 vL=0.0034 t0=[none=0.03 m0=0.36 m1=0.61]
[u 1778] env= 14565376 succ=0.962 ret=+0.895 len= 7.6 ent=0.383 aL=-0.0057 vL=0.0044 t0=[none=0.03 m0=0.36 m1=0.61]
[u 1779] env= 14573568 succ=0.962 ret=+0.896 len= 7.6 ent=0.387 aL=-0.0113 vL=0.0052 t0=[none=0.03 m0=0.36 m1=0.61]
[u 1780] env= 14581760 succ=0.968 ret=+0.902 len= 7.6 ent=0.362 aL=-0.0086 vL=0.0040 t0=[none=0.03 m0=0.34 m1=0.63]
[u 1781] env= 14589952 succ=0.975 ret=+0.909 len= 7.6 ent=0.375 aL=-0.0100 vL=0.0050 t0=[none=0.03 m0=0.34 m1=0.63]
[u 1782] env= 14598144 succ=0.959 ret=+0.892 len= 7.7 ent=0.371 aL=-0.0116 vL=0.0039 t0=[none=0.03 m0=0.36 m1=0.61]
[u 1783] env= 14606336 succ=0.965 ret=+0.899 len= 7.6 ent=0.376 aL=-0.0126 vL=0.0040 t0=[none=0.03 m0=0.37 m1=0.60]
[u 1784] env= 14614528 succ=0.975 ret=+0.909 len= 7.5 ent=0.365 aL=-0.0112 vL=0.0032 t0=[none=0.03 m0=0.36 m1=0.60]
[u 1785] env= 14622720 succ=0.955 ret=+0.888 len= 7.7 ent=0.394 aL=-0.0111 vL=0.0053 t0=[none=0.03 m0=0.34 m1=0.63]
[u 1786] env= 14630912 succ=0.975 ret=+0.910 len= 7.5 ent=0.353 aL=-0.0129 vL=0.0039 t0=[none=0.02 m0=0.36 m1=0.62]
[u 1787] env= 14639104 succ=0.974 ret=+0.906 len= 7.7 ent=0.363 aL=-0.0105 vL=0.0039 t0=[none=0.04 m0=0.37 m1=0.59]
[u 1788] env= 14647296 succ=0.967 ret=+0.899 len= 7.8 ent=0.367 aL=-0.0132 vL=0.0045 t0=[none=0.03 m0=0.35 m1=0.62]
[u 1789] env= 14655488 succ=0.966 ret=+0.900 len= 7.6 ent=0.355 aL=-0.0105 vL=0.0054 t0=[none=0.04 m0=0.37 m1=0.59]
[u 1790] env= 14663680 succ=0.970 ret=+0.903 len= 7.7 ent=0.363 aL=-0.0139 vL=0.0033 t0=[none=0.05 m0=0.37 m1=0.58]
[u 1791] env= 14671872 succ=0.981 ret=+0.915 len= 7.6 ent=0.350 aL=-0.0119 vL=0.0047 t0=[none=0.03 m0=0.34 m1=0.64]
[u 1792] env= 14680064 succ=0.969 ret=+0.904 len= 7.5 ent=0.361 aL=-0.0092 vL=0.0043 t0=[none=0.03 m0=0.38 m1=0.59]
[u 1793] env= 14688256 succ=0.969 ret=+0.902 len= 7.7 ent=0.367 aL=-0.0130 vL=0.0050 t0=[none=0.03 m0=0.37 m1=0.60]
[u 1794] env= 14696448 succ=0.975 ret=+0.908 len= 7.7 ent=0.387 aL=-0.0102 vL=0.0032 t0=[none=0.03 m0=0.37 m1=0.60]
[u 1795] env= 14704640 succ=0.969 ret=+0.902 len= 7.6 ent=0.361 aL=-0.0117 vL=0.0047 t0=[none=0.04 m0=0.35 m1=0.61]
[u 1796] env= 14712832 succ=0.970 ret=+0.903 len= 7.7 ent=0.371 aL=-0.0097 vL=0.0041 t0=[none=0.04 m0=0.37 m1=0.59]
[u 1797] env= 14721024 succ=0.970 ret=+0.904 len= 7.6 ent=0.359 aL=-0.0110 vL=0.0035 t0=[none=0.03 m0=0.38 m1=0.59]
[u 1798] env= 14729216 succ=0.972 ret=+0.906 len= 7.6 ent=0.375 aL=-0.0111 vL=0.0031 t0=[none=0.03 m0=0.36 m1=0.61]
[u 1799] env= 14737408 succ=0.967 ret=+0.899 len= 7.7 ent=0.373 aL=-0.0142 vL=0.0038 t0=[none=0.03 m0=0.34 m1=0.63]
[u 1800] env= 14745600 succ=0.969 ret=+0.901 len= 7.7 ent=0.360 aL=-0.0096 vL=0.0042 t0=[none=0.04 m0=0.36 m1=0.60]
[u 1801] env= 14753792 succ=0.973 ret=+0.907 len= 7.6 ent=0.352 aL=-0.0109 vL=0.0046 t0=[none=0.03 m0=0.38 m1=0.59]
[u 1802] env= 14761984 succ=0.980 ret=+0.914 len= 7.6 ent=0.353 aL=-0.0123 vL=0.0042 t0=[none=0.04 m0=0.32 m1=0.64]
[u 1803] env= 14770176 succ=0.957 ret=+0.890 len= 7.7 ent=0.381 aL=-0.0119 vL=0.0041 t0=[none=0.04 m0=0.35 m1=0.61]
[u 1804] env= 14778368 succ=0.968 ret=+0.900 len= 7.8 ent=0.390 aL=-0.0104 vL=0.0042 t0=[none=0.04 m0=0.38 m1=0.58]
[u 1805] env= 14786560 succ=0.961 ret=+0.893 len= 7.7 ent=0.370 aL=-0.0087 vL=0.0059 t0=[none=0.04 m0=0.34 m1=0.63]
[u 1806] env= 14794752 succ=0.962 ret=+0.895 len= 7.7 ent=0.375 aL=-0.0117 vL=0.0037 t0=[none=0.03 m0=0.35 m1=0.62]
[u 1807] env= 14802944 succ=0.971 ret=+0.904 len= 7.6 ent=0.353 aL=-0.0086 vL=0.0041 t0=[none=0.04 m0=0.36 m1=0.60]
[u 1808] env= 14811136 succ=0.975 ret=+0.909 len= 7.6 ent=0.357 aL=-0.0162 vL=0.0032 t0=[none=0.03 m0=0.34 m1=0.63]
[u 1809] env= 14819328 succ=0.966 ret=+0.898 len= 7.7 ent=0.371 aL=-0.0086 vL=0.0056 t0=[none=0.04 m0=0.36 m1=0.60]
[u 1810] env= 14827520 succ=0.969 ret=+0.902 len= 7.7 ent=0.353 aL=-0.0098 vL=0.0046 t0=[none=0.03 m0=0.33 m1=0.64]
[u 1811] env= 14835712 succ=0.971 ret=+0.906 len= 7.5 ent=0.355 aL=-0.0105 vL=0.0044 t0=[none=0.03 m0=0.34 m1=0.63]
[u 1812] env= 14843904 succ=0.962 ret=+0.894 len= 7.8 ent=0.367 aL=-0.0144 vL=0.0052 t0=[none=0.05 m0=0.33 m1=0.63]
[u 1813] env= 14852096 succ=0.974 ret=+0.908 len= 7.6 ent=0.354 aL=-0.0086 vL=0.0041 t0=[none=0.03 m0=0.36 m1=0.60]
[u 1814] env= 14860288 succ=0.966 ret=+0.898 len= 7.7 ent=0.367 aL=-0.0151 vL=0.0037 t0=[none=0.04 m0=0.35 m1=0.61]
[u 1815] env= 14868480 succ=0.972 ret=+0.905 len= 7.7 ent=0.356 aL=-0.0104 vL=0.0037 t0=[none=0.03 m0=0.34 m1=0.62]
[u 1816] env= 14876672 succ=0.964 ret=+0.896 len= 7.8 ent=0.357 aL=-0.0135 vL=0.0063 t0=[none=0.05 m0=0.32 m1=0.62]
[u 1817] env= 14884864 succ=0.968 ret=+0.901 len= 7.7 ent=0.343 aL=-0.0111 vL=0.0045 t0=[none=0.04 m0=0.34 m1=0.62]
[u 1818] env= 14893056 succ=0.974 ret=+0.907 len= 7.7 ent=0.335 aL=-0.0109 vL=0.0027 t0=[none=0.03 m0=0.37 m1=0.59]
[u 1819] env= 14901248 succ=0.970 ret=+0.904 len= 7.6 ent=0.352 aL=-0.0126 vL=0.0041 t0=[none=0.03 m0=0.35 m1=0.62]
[u 1820] env= 14909440 succ=0.967 ret=+0.900 len= 7.6 ent=0.369 aL=-0.0121 vL=0.0046 t0=[none=0.04 m0=0.35 m1=0.61]
[u 1821] env= 14917632 succ=0.963 ret=+0.895 len= 7.8 ent=0.361 aL=-0.0096 vL=0.0035 t0=[none=0.03 m0=0.35 m1=0.62]
[u 1822] env= 14925824 succ=0.968 ret=+0.901 len= 7.7 ent=0.335 aL=-0.0087 vL=0.0039 t0=[none=0.03 m0=0.38 m1=0.58]
[u 1823] env= 14934016 succ=0.969 ret=+0.901 len= 7.7 ent=0.352 aL=-0.0110 vL=0.0034 t0=[none=0.04 m0=0.35 m1=0.61]
[u 1824] env= 14942208 succ=0.975 ret=+0.909 len= 7.6 ent=0.339 aL=-0.0117 vL=0.0028 t0=[none=0.03 m0=0.35 m1=0.62]
[u 1825] env= 14950400 succ=0.959 ret=+0.889 len= 7.9 ent=0.367 aL=-0.0089 vL=0.0054 t0=[none=0.05 m0=0.38 m1=0.57]
[u 1826] env= 14958592 succ=0.966 ret=+0.898 len= 7.8 ent=0.355 aL=-0.0127 vL=0.0025 t0=[none=0.03 m0=0.36 m1=0.60]
[u 1827] env= 14966784 succ=0.962 ret=+0.894 len= 7.7 ent=0.352 aL=-0.0073 vL=0.0048 t0=[none=0.04 m0=0.34 m1=0.62]
[u 1828] env= 14974976 succ=0.966 ret=+0.898 len= 7.7 ent=0.356 aL=-0.0083 vL=0.0035 t0=[none=0.04 m0=0.38 m1=0.58]
[u 1829] env= 14983168 succ=0.957 ret=+0.889 len= 7.7 ent=0.361 aL=-0.0111 vL=0.0049 t0=[none=0.05 m0=0.35 m1=0.60]
[u 1830] env= 14991360 succ=0.972 ret=+0.906 len= 7.6 ent=0.353 aL=-0.0107 vL=0.0023 t0=[none=0.05 m0=0.36 m1=0.59]
[u 1831] env= 14999552 succ=0.958 ret=+0.890 len= 7.7 ent=0.364 aL=-0.0105 vL=0.0046 t0=[none=0.03 m0=0.34 m1=0.62]
[u 1832] env= 15007744 succ=0.977 ret=+0.911 len= 7.6 ent=0.336 aL=-0.0084 vL=0.0041 t0=[none=0.04 m0=0.37 m1=0.59]
[u 1833] env= 15015936 succ=0.979 ret=+0.911 len= 7.8 ent=0.350 aL=-0.0073 vL=0.0032 t0=[none=0.05 m0=0.36 m1=0.59]
[u 1834] env= 15024128 succ=0.971 ret=+0.904 len= 7.7 ent=0.332 aL=-0.0121 vL=0.0043 t0=[none=0.04 m0=0.36 m1=0.60]
[u 1835] env= 15032320 succ=0.967 ret=+0.900 len= 7.7 ent=0.347 aL=-0.0065 vL=0.0030 t0=[none=0.04 m0=0.35 m1=0.61]
[u 1836] env= 15040512 succ=0.961 ret=+0.893 len= 7.7 ent=0.354 aL=-0.0092 vL=0.0037 t0=[none=0.04 m0=0.37 m1=0.59]
[u 1837] env= 15048704 succ=0.978 ret=+0.912 len= 7.6 ent=0.351 aL=-0.0097 vL=0.0042 t0=[none=0.03 m0=0.36 m1=0.61]
[u 1838] env= 15056896 succ=0.965 ret=+0.898 len= 7.7 ent=0.342 aL=-0.0080 vL=0.0029 t0=[none=0.05 m0=0.40 m1=0.55]
[u 1839] env= 15065088 succ=0.974 ret=+0.908 len= 7.6 ent=0.326 aL=-0.0068 vL=0.0034 t0=[none=0.05 m0=0.38 m1=0.58]
[u 1840] env= 15073280 succ=0.976 ret=+0.909 len= 7.6 ent=0.342 aL=-0.0118 vL=0.0021 t0=[none=0.04 m0=0.36 m1=0.60]
[u 1841] env= 15081472 succ=0.974 ret=+0.909 len= 7.5 ent=0.342 aL=-0.0070 vL=0.0028 t0=[none=0.04 m0=0.35 m1=0.61]
[u 1842] env= 15089664 succ=0.965 ret=+0.898 len= 7.7 ent=0.356 aL=-0.0108 vL=0.0039 t0=[none=0.04 m0=0.35 m1=0.61]
[u 1843] env= 15097856 succ=0.979 ret=+0.912 len= 7.6 ent=0.334 aL=-0.0115 vL=0.0025 t0=[none=0.04 m0=0.34 m1=0.62]
[u 1844] env= 15106048 succ=0.972 ret=+0.905 len= 7.7 ent=0.348 aL=-0.0105 vL=0.0043 t0=[none=0.04 m0=0.38 m1=0.58]
[u 1845] env= 15114240 succ=0.965 ret=+0.898 len= 7.7 ent=0.343 aL=-0.0083 vL=0.0027 t0=[none=0.04 m0=0.38 m1=0.58]
[u 1846] env= 15122432 succ=0.971 ret=+0.905 len= 7.6 ent=0.326 aL=-0.0092 vL=0.0032 t0=[none=0.04 m0=0.37 m1=0.59]
[u 1847] env= 15130624 succ=0.965 ret=+0.897 len= 7.7 ent=0.353 aL=-0.0089 vL=0.0027 t0=[none=0.05 m0=0.35 m1=0.61]
[u 1848] env= 15138816 succ=0.974 ret=+0.909 len= 7.5 ent=0.325 aL=-0.0118 vL=0.0028 t0=[none=0.05 m0=0.35 m1=0.60]
[u 1849] env= 15147008 succ=0.975 ret=+0.908 len= 7.7 ent=0.330 aL=-0.0081 vL=0.0023 t0=[none=0.04 m0=0.35 m1=0.60]
[u 1850] env= 15155200 succ=0.973 ret=+0.907 len= 7.5 ent=0.321 aL=-0.0062 vL=0.0040 t0=[none=0.03 m0=0.37 m1=0.60]
[u 1851] env= 15163392 succ=0.972 ret=+0.905 len= 7.7 ent=0.343 aL=-0.0080 vL=0.0018 t0=[none=0.05 m0=0.36 m1=0.59]
[u 1852] env= 15171584 succ=0.969 ret=+0.901 len= 7.7 ent=0.345 aL=-0.0090 vL=0.0028 t0=[none=0.03 m0=0.35 m1=0.62]
[u 1853] env= 15179776 succ=0.972 ret=+0.905 len= 7.7 ent=0.331 aL=-0.0104 vL=0.0038 t0=[none=0.04 m0=0.37 m1=0.59]
[u 1854] env= 15187968 succ=0.962 ret=+0.895 len= 7.6 ent=0.346 aL=-0.0117 vL=0.0050 t0=[none=0.04 m0=0.36 m1=0.60]
[u 1855] env= 15196160 succ=0.979 ret=+0.912 len= 7.6 ent=0.321 aL=-0.0068 vL=0.0034 t0=[none=0.05 m0=0.36 m1=0.59]
[u 1856] env= 15204352 succ=0.972 ret=+0.905 len= 7.7 ent=0.337 aL=-0.0128 vL=0.0021 t0=[none=0.06 m0=0.35 m1=0.59]
[u 1857] env= 15212544 succ=0.969 ret=+0.903 len= 7.6 ent=0.338 aL=-0.0021 vL=0.0043 t0=[none=0.04 m0=0.35 m1=0.60]
[u 1858] env= 15220736 succ=0.976 ret=+0.909 len= 7.7 ent=0.314 aL=-0.0050 vL=0.0033 t0=[none=0.04 m0=0.36 m1=0.60]
[u 1859] env= 15228928 succ=0.978 ret=+0.910 len= 7.7 ent=0.323 aL=-0.0077 vL=0.0029 t0=[none=0.05 m0=0.36 m1=0.59]
[u 1860] env= 15237120 succ=0.973 ret=+0.905 len= 7.7 ent=0.322 aL=-0.0105 vL=0.0042 t0=[none=0.05 m0=0.36 m1=0.60]
[u 1861] env= 15245312 succ=0.976 ret=+0.908 len= 7.8 ent=0.330 aL=-0.0148 vL=0.0025 t0=[none=0.03 m0=0.38 m1=0.59]
[u 1862] env= 15253504 succ=0.969 ret=+0.902 len= 7.7 ent=0.324 aL=-0.0081 vL=0.0032 t0=[none=0.04 m0=0.38 m1=0.58]
[u 1863] env= 15261696 succ=0.978 ret=+0.912 len= 7.6 ent=0.317 aL=-0.0112 vL=0.0032 t0=[none=0.05 m0=0.38 m1=0.57]
[u 1864] env= 15269888 succ=0.977 ret=+0.910 len= 7.7 ent=0.310 aL=-0.0102 vL=0.0021 t0=[none=0.06 m0=0.36 m1=0.58]
[u 1865] env= 15278080 succ=0.973 ret=+0.908 len= 7.5 ent=0.326 aL=-0.0085 vL=0.0031 t0=[none=0.04 m0=0.36 m1=0.60]
[u 1866] env= 15286272 succ=0.970 ret=+0.903 len= 7.7 ent=0.324 aL=-0.0078 vL=0.0032 t0=[none=0.04 m0=0.40 m1=0.57]
[u 1867] env= 15294464 succ=0.977 ret=+0.912 len= 7.5 ent=0.313 aL=-0.0103 vL=0.0018 t0=[none=0.04 m0=0.35 m1=0.61]
[u 1868] env= 15302656 succ=0.982 ret=+0.917 len= 7.5 ent=0.321 aL=-0.0113 vL=0.0032 t0=[none=0.06 m0=0.36 m1=0.58]
[u 1869] env= 15310848 succ=0.973 ret=+0.907 len= 7.6 ent=0.321 aL=-0.0088 vL=0.0023 t0=[none=0.03 m0=0.38 m1=0.59]
[u 1870] env= 15319040 succ=0.980 ret=+0.914 len= 7.6 ent=0.323 aL=-0.0088 vL=0.0033 t0=[none=0.04 m0=0.38 m1=0.58]
[u 1871] env= 15327232 succ=0.968 ret=+0.901 len= 7.7 ent=0.324 aL=-0.0115 vL=0.0034 t0=[none=0.05 m0=0.35 m1=0.61]
[u 1872] env= 15335424 succ=0.977 ret=+0.910 len= 7.7 ent=0.310 aL=-0.0072 vL=0.0023 t0=[none=0.05 m0=0.36 m1=0.59]
[u 1873] env= 15343616 succ=0.979 ret=+0.913 len= 7.5 ent=0.307 aL=-0.0063 vL=0.0040 t0=[none=0.05 m0=0.37 m1=0.58]
[u 1874] env= 15351808 succ=0.968 ret=+0.901 len= 7.7 ent=0.319 aL=-0.0107 vL=0.0031 t0=[none=0.04 m0=0.33 m1=0.63]
[u 1875] env= 15360000 succ=0.973 ret=+0.906 len= 7.7 ent=0.318 aL=-0.0071 vL=0.0029 t0=[none=0.04 m0=0.34 m1=0.61]
[u 1876] env= 15368192 succ=0.967 ret=+0.899 len= 7.7 ent=0.317 aL=-0.0100 vL=0.0032 t0=[none=0.05 m0=0.36 m1=0.59]
[u 1877] env= 15376384 succ=0.977 ret=+0.911 len= 7.6 ent=0.312 aL=-0.0075 vL=0.0028 t0=[none=0.05 m0=0.34 m1=0.61]
[u 1878] env= 15384576 succ=0.984 ret=+0.918 len= 7.5 ent=0.295 aL=-0.0095 vL=0.0031 t0=[none=0.04 m0=0.36 m1=0.60]
[u 1879] env= 15392768 succ=0.982 ret=+0.916 len= 7.6 ent=0.300 aL=-0.0121 vL=0.0033 t0=[none=0.04 m0=0.37 m1=0.59]
[u 1880] env= 15400960 succ=0.977 ret=+0.911 len= 7.6 ent=0.316 aL=-0.0111 vL=0.0028 t0=[none=0.05 m0=0.35 m1=0.60]
[u 1881] env= 15409152 succ=0.979 ret=+0.913 len= 7.6 ent=0.303 aL=-0.0123 vL=0.0015 t0=[none=0.05 m0=0.36 m1=0.59]
[u 1882] env= 15417344 succ=0.981 ret=+0.915 len= 7.6 ent=0.326 aL=-0.0132 vL=0.0026 t0=[none=0.06 m0=0.34 m1=0.60]
[u 1883] env= 15425536 succ=0.979 ret=+0.912 len= 7.6 ent=0.314 aL=-0.0085 vL=0.0033 t0=[none=0.05 m0=0.36 m1=0.58]
[u 1884] env= 15433728 succ=0.971 ret=+0.903 len= 7.8 ent=0.329 aL=-0.0070 vL=0.0042 t0=[none=0.04 m0=0.33 m1=0.62]
[u 1885] env= 15441920 succ=0.977 ret=+0.911 len= 7.6 ent=0.298 aL=-0.0041 vL=0.0029 t0=[none=0.04 m0=0.37 m1=0.59]
[u 1886] env= 15450112 succ=0.976 ret=+0.908 len= 7.8 ent=0.324 aL=-0.0111 vL=0.0025 t0=[none=0.05 m0=0.38 m1=0.57]
[u 1887] env= 15458304 succ=0.979 ret=+0.912 len= 7.7 ent=0.318 aL=-0.0117 vL=0.0028 t0=[none=0.06 m0=0.36 m1=0.58]
[u 1888] env= 15466496 succ=0.975 ret=+0.909 len= 7.7 ent=0.317 aL=-0.0119 vL=0.0028 t0=[none=0.05 m0=0.36 m1=0.59]
[u 1889] env= 15474688 succ=0.964 ret=+0.897 len= 7.7 ent=0.315 aL=-0.0102 vL=0.0044 t0=[none=0.05 m0=0.36 m1=0.59]
[u 1890] env= 15482880 succ=0.979 ret=+0.911 len= 7.7 ent=0.325 aL=-0.0127 vL=0.0034 t0=[none=0.04 m0=0.35 m1=0.61]
[u 1891] env= 15491072 succ=0.978 ret=+0.913 len= 7.5 ent=0.308 aL=-0.0065 vL=0.0024 t0=[none=0.05 m0=0.35 m1=0.59]
[u 1892] env= 15499264 succ=0.972 ret=+0.904 len= 7.7 ent=0.326 aL=-0.0104 vL=0.0043 t0=[none=0.05 m0=0.35 m1=0.60]
[u 1893] env= 15507456 succ=0.984 ret=+0.919 len= 7.5 ent=0.300 aL=-0.0123 vL=0.0026 t0=[none=0.04 m0=0.35 m1=0.60]
[u 1894] env= 15515648 succ=0.978 ret=+0.911 len= 7.7 ent=0.331 aL=-0.0022 vL=0.0023 t0=[none=0.03 m0=0.37 m1=0.60]
[u 1895] env= 15523840 succ=0.977 ret=+0.911 len= 7.7 ent=0.317 aL=-0.0105 vL=0.0033 t0=[none=0.04 m0=0.37 m1=0.59]
[u 1896] env= 15532032 succ=0.975 ret=+0.909 len= 7.6 ent=0.323 aL=-0.0113 vL=0.0027 t0=[none=0.06 m0=0.35 m1=0.60]
[u 1897] env= 15540224 succ=0.978 ret=+0.911 len= 7.7 ent=0.320 aL=-0.0099 vL=0.0018 t0=[none=0.05 m0=0.37 m1=0.58]
[u 1898] env= 15548416 succ=0.972 ret=+0.905 len= 7.7 ent=0.325 aL=-0.0048 vL=0.0038 t0=[none=0.05 m0=0.37 m1=0.58]
[u 1899] env= 15556608 succ=0.973 ret=+0.906 len= 7.6 ent=0.322 aL=-0.0090 vL=0.0034 t0=[none=0.05 m0=0.36 m1=0.59]
[u 1900] env= 15564800 succ=0.974 ret=+0.908 len= 7.6 ent=0.317 aL=-0.0116 vL=0.0036 t0=[none=0.04 m0=0.37 m1=0.59]
[u 1901] env= 15572992 succ=0.978 ret=+0.911 len= 7.6 ent=0.306 aL=-0.0101 vL=0.0034 t0=[none=0.05 m0=0.34 m1=0.61]
[u 1902] env= 15581184 succ=0.980 ret=+0.913 len= 7.7 ent=0.313 aL=-0.0088 vL=0.0033 t0=[none=0.04 m0=0.39 m1=0.57]
[u 1903] env= 15589376 succ=0.983 ret=+0.917 len= 7.6 ent=0.308 aL=-0.0091 vL=0.0026 t0=[none=0.04 m0=0.34 m1=0.62]
[u 1904] env= 15597568 succ=0.974 ret=+0.909 len= 7.5 ent=0.327 aL=-0.0082 vL=0.0027 t0=[none=0.04 m0=0.34 m1=0.62]
[u 1905] env= 15605760 succ=0.980 ret=+0.913 len= 7.7 ent=0.313 aL=-0.0077 vL=0.0022 t0=[none=0.03 m0=0.38 m1=0.60]
[u 1906] env= 15613952 succ=0.978 ret=+0.911 len= 7.6 ent=0.313 aL=-0.0110 vL=0.0028 t0=[none=0.04 m0=0.35 m1=0.61]
[u 1907] env= 15622144 succ=0.977 ret=+0.911 len= 7.7 ent=0.310 aL=-0.0123 vL=0.0027 t0=[none=0.05 m0=0.35 m1=0.60]
[u 1908] env= 15630336 succ=0.978 ret=+0.912 len= 7.7 ent=0.315 aL=-0.0080 vL=0.0025 t0=[none=0.04 m0=0.33 m1=0.63]
[u 1909] env= 15638528 succ=0.985 ret=+0.919 len= 7.5 ent=0.307 aL=-0.0077 vL=0.0015 t0=[none=0.04 m0=0.34 m1=0.62]
[u 1910] env= 15646720 succ=0.979 ret=+0.912 len= 7.6 ent=0.315 aL=-0.0076 vL=0.0028 t0=[none=0.04 m0=0.37 m1=0.59]
[u 1911] env= 15654912 succ=0.979 ret=+0.914 len= 7.6 ent=0.313 aL=-0.0099 vL=0.0011 t0=[none=0.04 m0=0.37 m1=0.59]
[u 1912] env= 15663104 succ=0.986 ret=+0.921 len= 7.5 ent=0.312 aL=-0.0113 vL=0.0018 t0=[none=0.04 m0=0.35 m1=0.61]
[u 1913] env= 15671296 succ=0.981 ret=+0.915 len= 7.5 ent=0.317 aL=-0.0100 vL=0.0030 t0=[none=0.04 m0=0.35 m1=0.62]
[u 1914] env= 15679488 succ=0.975 ret=+0.909 len= 7.6 ent=0.319 aL=-0.0112 vL=0.0015 t0=[none=0.05 m0=0.36 m1=0.60]
[u 1915] env= 15687680 succ=0.978 ret=+0.911 len= 7.7 ent=0.329 aL=-0.0076 vL=0.0031 t0=[none=0.04 m0=0.35 m1=0.61]
[u 1916] env= 15695872 succ=0.980 ret=+0.913 len= 7.7 ent=0.320 aL=-0.0099 vL=0.0021 t0=[none=0.05 m0=0.36 m1=0.59]
[u 1917] env= 15704064 succ=0.980 ret=+0.914 len= 7.6 ent=0.317 aL=-0.0087 vL=0.0023 t0=[none=0.05 m0=0.35 m1=0.60]
[u 1918] env= 15712256 succ=0.979 ret=+0.912 len= 7.7 ent=0.318 aL=-0.0099 vL=0.0037 t0=[none=0.06 m0=0.35 m1=0.59]
[u 1919] env= 15720448 succ=0.981 ret=+0.916 len= 7.5 ent=0.317 aL=-0.0055 vL=0.0036 t0=[none=0.03 m0=0.38 m1=0.59]
[u 1920] env= 15728640 succ=0.976 ret=+0.909 len= 7.6 ent=0.324 aL=-0.0106 vL=0.0022 t0=[none=0.03 m0=0.38 m1=0.59]
[u 1921] env= 15736832 succ=0.983 ret=+0.918 len= 7.5 ent=0.326 aL=-0.0128 vL=0.0010 t0=[none=0.04 m0=0.37 m1=0.59]
[u 1922] env= 15745024 succ=0.982 ret=+0.915 len= 7.7 ent=0.322 aL=-0.0105 vL=0.0015 t0=[none=0.04 m0=0.37 m1=0.59]
[u 1923] env= 15753216 succ=0.973 ret=+0.907 len= 7.6 ent=0.326 aL=-0.0090 vL=0.0039 t0=[none=0.05 m0=0.37 m1=0.58]
[u 1924] env= 15761408 succ=0.974 ret=+0.907 len= 7.6 ent=0.329 aL=-0.0093 vL=0.0023 t0=[none=0.04 m0=0.37 m1=0.59]
[u 1925] env= 15769600 succ=0.978 ret=+0.910 len= 7.7 ent=0.325 aL=-0.0054 vL=0.0034 t0=[none=0.03 m0=0.36 m1=0.61]
[u 1926] env= 15777792 succ=0.980 ret=+0.914 len= 7.7 ent=0.341 aL=-0.0122 vL=0.0025 t0=[none=0.04 m0=0.35 m1=0.61]
[u 1927] env= 15785984 succ=0.978 ret=+0.912 len= 7.6 ent=0.327 aL=-0.0048 vL=0.0020 t0=[none=0.04 m0=0.36 m1=0.60]
[u 1928] env= 15794176 succ=0.986 ret=+0.920 len= 7.6 ent=0.319 aL=-0.0114 vL=0.0011 t0=[none=0.04 m0=0.36 m1=0.59]
[u 1929] env= 15802368 succ=0.977 ret=+0.910 len= 7.6 ent=0.316 aL=-0.0085 vL=0.0030 t0=[none=0.03 m0=0.38 m1=0.59]
[u 1930] env= 15810560 succ=0.974 ret=+0.906 len= 7.7 ent=0.330 aL=-0.0117 vL=0.0017 t0=[none=0.04 m0=0.37 m1=0.59]
[u 1931] env= 15818752 succ=0.982 ret=+0.916 len= 7.6 ent=0.313 aL=-0.0117 vL=0.0024 t0=[none=0.05 m0=0.34 m1=0.61]
[u 1932] env= 15826944 succ=0.986 ret=+0.921 len= 7.5 ent=0.313 aL=-0.0078 vL=0.0023 t0=[none=0.04 m0=0.36 m1=0.60]
[u 1933] env= 15835136 succ=0.977 ret=+0.910 len= 7.6 ent=0.324 aL=-0.0086 vL=0.0020 t0=[none=0.03 m0=0.36 m1=0.62]
[u 1934] env= 15843328 succ=0.979 ret=+0.913 len= 7.5 ent=0.319 aL=-0.0093 vL=0.0025 t0=[none=0.04 m0=0.38 m1=0.58]
[u 1935] env= 15851520 succ=0.986 ret=+0.921 len= 7.5 ent=0.307 aL=-0.0103 vL=0.0018 t0=[none=0.03 m0=0.37 m1=0.60]
[u 1936] env= 15859712 succ=0.987 ret=+0.921 len= 7.6 ent=0.318 aL=-0.0133 vL=0.0009 t0=[none=0.04 m0=0.34 m1=0.63]
[u 1937] env= 15867904 succ=0.973 ret=+0.905 len= 7.7 ent=0.325 aL=-0.0047 vL=0.0034 t0=[none=0.03 m0=0.39 m1=0.58]
[u 1938] env= 15876096 succ=0.975 ret=+0.909 len= 7.6 ent=0.319 aL=-0.0106 vL=0.0027 t0=[none=0.03 m0=0.36 m1=0.61]
[u 1939] env= 15884288 succ=0.987 ret=+0.922 len= 7.5 ent=0.305 aL=-0.0111 vL=0.0022 t0=[none=0.04 m0=0.36 m1=0.60]
[u 1940] env= 15892480 succ=0.972 ret=+0.904 len= 7.7 ent=0.318 aL=-0.0075 vL=0.0018 t0=[none=0.04 m0=0.34 m1=0.62]
[u 1941] env= 15900672 succ=0.984 ret=+0.918 len= 7.6 ent=0.314 aL=-0.0101 vL=0.0015 t0=[none=0.03 m0=0.37 m1=0.60]
[u 1942] env= 15908864 succ=0.983 ret=+0.917 len= 7.6 ent=0.312 aL=-0.0111 vL=0.0014 t0=[none=0.03 m0=0.36 m1=0.61]
[u 1943] env= 15917056 succ=0.985 ret=+0.921 len= 7.5 ent=0.309 aL=-0.0126 vL=0.0017 t0=[none=0.05 m0=0.36 m1=0.60]
[u 1944] env= 15925248 succ=0.984 ret=+0.918 len= 7.6 ent=0.298 aL=-0.0078 vL=0.0015 t0=[none=0.04 m0=0.36 m1=0.60]
[u 1945] env= 15933440 succ=0.982 ret=+0.917 len= 7.6 ent=0.309 aL=-0.0127 vL=0.0024 t0=[none=0.05 m0=0.35 m1=0.60]
[u 1946] env= 15941632 succ=0.990 ret=+0.925 len= 7.5 ent=0.317 aL=-0.0116 vL=0.0027 t0=[none=0.04 m0=0.35 m1=0.61]
[u 1947] env= 15949824 succ=0.979 ret=+0.912 len= 7.6 ent=0.318 aL=-0.0106 vL=0.0017 t0=[none=0.03 m0=0.34 m1=0.62]
[u 1948] env= 15958016 succ=0.986 ret=+0.920 len= 7.6 ent=0.309 aL=-0.0058 vL=0.0023 t0=[none=0.04 m0=0.38 m1=0.59]
[u 1949] env= 15966208 succ=0.983 ret=+0.917 len= 7.6 ent=0.309 aL=-0.0085 vL=0.0015 t0=[none=0.03 m0=0.39 m1=0.59]
[u 1950] env= 15974400 succ=0.974 ret=+0.906 len= 7.7 ent=0.310 aL=-0.0087 vL=0.0031 t0=[none=0.03 m0=0.37 m1=0.60]
[u 1951] env= 15982592 succ=0.971 ret=+0.905 len= 7.6 ent=0.316 aL=-0.0082 vL=0.0021 t0=[none=0.03 m0=0.35 m1=0.62]
[u 1952] env= 15990784 succ=0.989 ret=+0.924 len= 7.5 ent=0.301 aL=-0.0086 vL=0.0009 t0=[none=0.04 m0=0.36 m1=0.60]
[u 1953] env= 15998976 succ=0.987 ret=+0.922 len= 7.5 ent=0.288 aL=-0.0081 vL=0.0013 t0=[none=0.04 m0=0.36 m1=0.61]
[u 1954] env= 16007168 succ=0.984 ret=+0.918 len= 7.6 ent=0.299 aL=-0.0123 vL=0.0017 t0=[none=0.04 m0=0.35 m1=0.60]
[u 1955] env= 16015360 succ=0.976 ret=+0.909 len= 7.7 ent=0.314 aL=-0.0084 vL=0.0022 t0=[none=0.04 m0=0.38 m1=0.58]
[u 1956] env= 16023552 succ=0.981 ret=+0.916 len= 7.4 ent=0.311 aL=-0.0086 vL=0.0026 t0=[none=0.03 m0=0.37 m1=0.60]
[u 1957] env= 16031744 succ=0.983 ret=+0.917 len= 7.5 ent=0.303 aL=-0.0047 vL=0.0014 t0=[none=0.03 m0=0.37 m1=0.60]
[u 1958] env= 16039936 succ=0.986 ret=+0.919 len= 7.7 ent=0.298 aL=-0.0029 vL=0.0010 t0=[none=0.04 m0=0.39 m1=0.57]
[u 1959] env= 16048128 succ=0.973 ret=+0.906 len= 7.7 ent=0.315 aL=-0.0073 vL=0.0021 t0=[none=0.04 m0=0.39 m1=0.57]
[u 1960] env= 16056320 succ=0.980 ret=+0.914 len= 7.5 ent=0.314 aL=-0.0102 vL=0.0013 t0=[none=0.03 m0=0.35 m1=0.62]
[u 1961] env= 16064512 succ=0.986 ret=+0.920 len= 7.6 ent=0.304 aL=-0.0066 vL=0.0016 t0=[none=0.04 m0=0.37 m1=0.58]
[u 1962] env= 16072704 succ=0.982 ret=+0.916 len= 7.6 ent=0.312 aL=-0.0105 vL=0.0011 t0=[none=0.04 m0=0.36 m1=0.60]
[u 1963] env= 16080896 succ=0.980 ret=+0.914 len= 7.5 ent=0.308 aL=-0.0088 vL=0.0022 t0=[none=0.05 m0=0.36 m1=0.59]
[u 1964] env= 16089088 succ=0.987 ret=+0.923 len= 7.4 ent=0.301 aL=-0.0121 vL=0.0017 t0=[none=0.03 m0=0.36 m1=0.61]
[u 1965] env= 16097280 succ=0.981 ret=+0.915 len= 7.6 ent=0.304 aL=-0.0113 vL=0.0021 t0=[none=0.04 m0=0.37 m1=0.58]
[u 1966] env= 16105472 succ=0.972 ret=+0.905 len= 7.7 ent=0.322 aL=-0.0088 vL=0.0032 t0=[none=0.03 m0=0.35 m1=0.62]
[u 1967] env= 16113664 succ=0.981 ret=+0.917 len= 7.4 ent=0.302 aL=-0.0028 vL=0.0019 t0=[none=0.03 m0=0.36 m1=0.61]
[u 1968] env= 16121856 succ=0.982 ret=+0.917 len= 7.6 ent=0.308 aL=-0.0115 vL=0.0018 t0=[none=0.05 m0=0.36 m1=0.60]
[u 1969] env= 16130048 succ=0.980 ret=+0.915 len= 7.5 ent=0.303 aL=-0.0132 vL=0.0017 t0=[none=0.03 m0=0.35 m1=0.62]
[u 1970] env= 16138240 succ=0.980 ret=+0.915 len= 7.5 ent=0.311 aL=-0.0074 vL=0.0013 t0=[none=0.03 m0=0.37 m1=0.60]
[u 1971] env= 16146432 succ=0.980 ret=+0.913 len= 7.7 ent=0.309 aL=-0.0132 vL=0.0009 t0=[none=0.03 m0=0.36 m1=0.61]
[u 1972] env= 16154624 succ=0.977 ret=+0.911 len= 7.6 ent=0.317 aL=-0.0090 vL=0.0012 t0=[none=0.05 m0=0.36 m1=0.59]
[u 1973] env= 16162816 succ=0.980 ret=+0.914 len= 7.6 ent=0.307 aL=-0.0050 vL=0.0016 t0=[none=0.03 m0=0.37 m1=0.60]
[u 1974] env= 16171008 succ=0.986 ret=+0.921 len= 7.5 ent=0.303 aL=-0.0066 vL=0.0022 t0=[none=0.04 m0=0.37 m1=0.60]
[u 1975] env= 16179200 succ=0.979 ret=+0.912 len= 7.7 ent=0.317 aL=-0.0089 vL=0.0019 t0=[none=0.03 m0=0.38 m1=0.59]
[u 1976] env= 16187392 succ=0.976 ret=+0.910 len= 7.6 ent=0.309 aL=-0.0105 vL=0.0021 t0=[none=0.02 m0=0.38 m1=0.60]
[u 1977] env= 16195584 succ=0.980 ret=+0.914 len= 7.5 ent=0.300 aL=-0.0098 vL=0.0027 t0=[none=0.03 m0=0.40 m1=0.57]
[u 1978] env= 16203776 succ=0.980 ret=+0.916 len= 7.4 ent=0.300 aL=-0.0078 vL=0.0018 t0=[none=0.04 m0=0.36 m1=0.60]
[u 1979] env= 16211968 succ=0.981 ret=+0.917 len= 7.4 ent=0.291 aL=-0.0086 vL=0.0017 t0=[none=0.04 m0=0.36 m1=0.59]
[u 1980] env= 16220160 succ=0.982 ret=+0.917 len= 7.5 ent=0.299 aL=-0.0086 vL=0.0009 t0=[none=0.03 m0=0.37 m1=0.60]
[u 1981] env= 16228352 succ=0.985 ret=+0.920 len= 7.5 ent=0.296 aL=-0.0090 vL=0.0017 t0=[none=0.03 m0=0.37 m1=0.60]
[u 1982] env= 16236544 succ=0.981 ret=+0.916 len= 7.5 ent=0.313 aL=-0.0112 vL=0.0021 t0=[none=0.03 m0=0.35 m1=0.62]
[u 1983] env= 16244736 succ=0.982 ret=+0.917 len= 7.5 ent=0.296 aL=-0.0102 vL=0.0018 t0=[none=0.03 m0=0.38 m1=0.59]
[u 1984] env= 16252928 succ=0.984 ret=+0.919 len= 7.6 ent=0.306 aL=-0.0085 vL=0.0011 t0=[none=0.04 m0=0.36 m1=0.60]
[u 1985] env= 16261120 succ=0.982 ret=+0.917 len= 7.5 ent=0.291 aL=-0.0114 vL=0.0017 t0=[none=0.03 m0=0.35 m1=0.61]
[u 1986] env= 16269312 succ=0.981 ret=+0.914 len= 7.6 ent=0.297 aL=-0.0095 vL=0.0019 t0=[none=0.03 m0=0.37 m1=0.60]
[u 1987] env= 16277504 succ=0.981 ret=+0.916 len= 7.6 ent=0.297 aL=-0.0102 vL=0.0023 t0=[none=0.03 m0=0.37 m1=0.60]
[u 1988] env= 16285696 succ=0.981 ret=+0.916 len= 7.6 ent=0.296 aL=-0.0029 vL=0.0017 t0=[none=0.03 m0=0.36 m1=0.61]
[u 1989] env= 16293888 succ=0.981 ret=+0.915 len= 7.6 ent=0.306 aL=-0.0097 vL=0.0021 t0=[none=0.03 m0=0.37 m1=0.60]
[u 1990] env= 16302080 succ=0.977 ret=+0.910 len= 7.7 ent=0.308 aL=-0.0048 vL=0.0022 t0=[none=0.04 m0=0.36 m1=0.60]
[u 1991] env= 16310272 succ=0.984 ret=+0.918 len= 7.5 ent=0.299 aL=-0.0103 vL=0.0024 t0=[none=0.03 m0=0.38 m1=0.58]
[u 1992] env= 16318464 succ=0.984 ret=+0.918 len= 7.6 ent=0.289 aL=-0.0085 vL=0.0020 t0=[none=0.03 m0=0.36 m1=0.61]
[u 1993] env= 16326656 succ=0.984 ret=+0.919 len= 7.5 ent=0.294 aL=-0.0118 vL=0.0021 t0=[none=0.03 m0=0.38 m1=0.59]
[u 1994] env= 16334848 succ=0.982 ret=+0.917 len= 7.5 ent=0.297 aL=-0.0058 vL=0.0023 t0=[none=0.03 m0=0.36 m1=0.61]
[u 1995] env= 16343040 succ=0.978 ret=+0.912 len= 7.6 ent=0.305 aL=-0.0060 vL=0.0021 t0=[none=0.03 m0=0.38 m1=0.59]
[u 1996] env= 16351232 succ=0.984 ret=+0.918 len= 7.6 ent=0.295 aL=-0.0080 vL=0.0020 t0=[none=0.03 m0=0.35 m1=0.62]
[u 1997] env= 16359424 succ=0.984 ret=+0.919 len= 7.6 ent=0.294 aL=-0.0083 vL=0.0016 t0=[none=0.03 m0=0.36 m1=0.62]
[u 1998] env= 16367616 succ=0.976 ret=+0.910 len= 7.6 ent=0.305 aL=-0.0082 vL=0.0023 t0=[none=0.04 m0=0.35 m1=0.61]
[u 1999] env= 16375808 succ=0.981 ret=+0.914 len= 7.6 ent=0.291 aL=-0.0106 vL=0.0023 t0=[none=0.04 m0=0.36 m1=0.61]
[u 2000] env= 16384000 succ=0.981 ret=+0.915 len= 7.6 ent=0.294 aL=-0.0128 vL=0.0013 t0=[none=0.03 m0=0.37 m1=0.59]
[u 2001] env= 16392192 succ=0.983 ret=+0.917 len= 7.6 ent=0.303 aL=-0.0092 vL=0.0015 t0=[none=0.04 m0=0.38 m1=0.58]
[u 2002] env= 16400384 succ=0.984 ret=+0.917 len= 7.7 ent=0.289 aL=-0.0145 vL=0.0010 t0=[none=0.04 m0=0.37 m1=0.59]
[u 2003] env= 16408576 succ=0.989 ret=+0.924 len= 7.5 ent=0.284 aL=-0.0092 vL=0.0018 t0=[none=0.03 m0=0.36 m1=0.61]
[u 2004] env= 16416768 succ=0.978 ret=+0.913 len= 7.5 ent=0.291 aL=-0.0105 vL=0.0013 t0=[none=0.04 m0=0.38 m1=0.58]
[u 2005] env= 16424960 succ=0.980 ret=+0.914 len= 7.5 ent=0.305 aL=-0.0056 vL=0.0011 t0=[none=0.03 m0=0.38 m1=0.59]
[u 2006] env= 16433152 succ=0.975 ret=+0.907 len= 7.7 ent=0.298 aL=-0.0117 vL=0.0026 t0=[none=0.04 m0=0.35 m1=0.60]
[u 2007] env= 16441344 succ=0.985 ret=+0.920 len= 7.5 ent=0.296 aL=-0.0107 vL=0.0011 t0=[none=0.04 m0=0.35 m1=0.61]
[u 2008] env= 16449536 succ=0.986 ret=+0.922 len= 7.4 ent=0.290 aL=-0.0128 vL=0.0022 t0=[none=0.03 m0=0.38 m1=0.59]
[u 2009] env= 16457728 succ=0.987 ret=+0.922 len= 7.5 ent=0.309 aL=-0.0099 vL=0.0021 t0=[none=0.04 m0=0.36 m1=0.59]
[u 2010] env= 16465920 succ=0.981 ret=+0.915 len= 7.6 ent=0.296 aL=+0.0010 vL=0.0017 t0=[none=0.04 m0=0.36 m1=0.59]
[u 2011] env= 16474112 succ=0.987 ret=+0.921 len= 7.6 ent=0.301 aL=-0.0109 vL=0.0012 t0=[none=0.04 m0=0.36 m1=0.60]
[u 2012] env= 16482304 succ=0.986 ret=+0.921 len= 7.5 ent=0.300 aL=-0.0126 vL=0.0026 t0=[none=0.04 m0=0.36 m1=0.60]
[u 2013] env= 16490496 succ=0.975 ret=+0.908 len= 7.7 ent=0.299 aL=+0.0005 vL=0.0015 t0=[none=0.02 m0=0.38 m1=0.60]
[u 2014] env= 16498688 succ=0.987 ret=+0.922 len= 7.5 ent=0.293 aL=-0.0096 vL=0.0019 t0=[none=0.04 m0=0.34 m1=0.62]
[u 2015] env= 16506880 succ=0.979 ret=+0.914 len= 7.5 ent=0.283 aL=-0.0046 vL=0.0016 t0=[none=0.04 m0=0.39 m1=0.57]
[u 2016] env= 16515072 succ=0.982 ret=+0.916 len= 7.5 ent=0.286 aL=-0.0034 vL=0.0017 t0=[none=0.04 m0=0.37 m1=0.59]
[u 2017] env= 16523264 succ=0.984 ret=+0.920 len= 7.5 ent=0.277 aL=-0.0105 vL=0.0012 t0=[none=0.04 m0=0.39 m1=0.57]
[u 2018] env= 16531456 succ=0.987 ret=+0.922 len= 7.5 ent=0.288 aL=-0.0059 vL=0.0014 t0=[none=0.03 m0=0.35 m1=0.62]
[u 2019] env= 16539648 succ=0.972 ret=+0.905 len= 7.6 ent=0.290 aL=-0.0081 vL=0.0029 t0=[none=0.03 m0=0.36 m1=0.61]
[u 2020] env= 16547840 succ=0.986 ret=+0.922 len= 7.4 ent=0.285 aL=-0.0104 vL=0.0017 t0=[none=0.03 m0=0.36 m1=0.61]
[u 2021] env= 16556032 succ=0.981 ret=+0.915 len= 7.6 ent=0.297 aL=-0.0083 vL=0.0018 t0=[none=0.04 m0=0.35 m1=0.61]
[u 2022] env= 16564224 succ=0.979 ret=+0.913 len= 7.5 ent=0.284 aL=-0.0080 vL=0.0012 t0=[none=0.04 m0=0.38 m1=0.58]
[u 2023] env= 16572416 succ=0.977 ret=+0.910 len= 7.6 ent=0.284 aL=-0.0132 vL=0.0030 t0=[none=0.04 m0=0.36 m1=0.59]
[u 2024] env= 16580608 succ=0.981 ret=+0.915 len= 7.5 ent=0.282 aL=-0.0126 vL=0.0011 t0=[none=0.04 m0=0.37 m1=0.58]
[u 2025] env= 16588800 succ=0.986 ret=+0.923 len= 7.3 ent=0.281 aL=-0.0112 vL=0.0011 t0=[none=0.04 m0=0.35 m1=0.61]
[u 2026] env= 16596992 succ=0.973 ret=+0.907 len= 7.6 ent=0.304 aL=-0.0085 vL=0.0027 t0=[none=0.05 m0=0.35 m1=0.60]
[u 2027] env= 16605184 succ=0.980 ret=+0.914 len= 7.5 ent=0.277 aL=-0.0093 vL=0.0015 t0=[none=0.04 m0=0.35 m1=0.61]
[u 2028] env= 16613376 succ=0.982 ret=+0.917 len= 7.5 ent=0.294 aL=-0.0048 vL=0.0012 t0=[none=0.04 m0=0.37 m1=0.58]
[u 2029] env= 16621568 succ=0.978 ret=+0.913 len= 7.5 ent=0.275 aL=-0.0054 vL=0.0017 t0=[none=0.04 m0=0.37 m1=0.59]
[u 2030] env= 16629760 succ=0.982 ret=+0.916 len= 7.6 ent=0.281 aL=-0.0103 vL=0.0016 t0=[none=0.04 m0=0.36 m1=0.60]
[u 2031] env= 16637952 succ=0.979 ret=+0.912 len= 7.6 ent=0.282 aL=-0.0096 vL=0.0019 t0=[none=0.04 m0=0.37 m1=0.59]
[u 2032] env= 16646144 succ=0.982 ret=+0.917 len= 7.5 ent=0.284 aL=-0.0108 vL=0.0018 t0=[none=0.04 m0=0.39 m1=0.57]
[u 2033] env= 16654336 succ=0.981 ret=+0.914 len= 7.6 ent=0.296 aL=-0.0129 vL=0.0008 t0=[none=0.03 m0=0.36 m1=0.61]
[u 2034] env= 16662528 succ=0.981 ret=+0.916 len= 7.6 ent=0.298 aL=-0.0099 vL=0.0020 t0=[none=0.04 m0=0.34 m1=0.62]
[u 2035] env= 16670720 succ=0.970 ret=+0.902 len= 7.7 ent=0.291 aL=-0.0067 vL=0.0036 t0=[none=0.04 m0=0.37 m1=0.59]
[u 2036] env= 16678912 succ=0.987 ret=+0.922 len= 7.5 ent=0.291 aL=-0.0094 vL=0.0007 t0=[none=0.03 m0=0.36 m1=0.61]
[u 2037] env= 16687104 succ=0.978 ret=+0.912 len= 7.6 ent=0.291 aL=-0.0073 vL=0.0014 t0=[none=0.02 m0=0.36 m1=0.62]
[u 2038] env= 16695296 succ=0.983 ret=+0.917 len= 7.6 ent=0.291 aL=-0.0080 vL=0.0020 t0=[none=0.04 m0=0.37 m1=0.59]
[u 2039] env= 16703488 succ=0.982 ret=+0.917 len= 7.5 ent=0.297 aL=-0.0051 vL=0.0013 t0=[none=0.04 m0=0.34 m1=0.62]
[u 2040] env= 16711680 succ=0.980 ret=+0.913 len= 7.6 ent=0.288 aL=-0.0073 vL=0.0021 t0=[none=0.04 m0=0.36 m1=0.60]
[u 2041] env= 16719872 succ=0.979 ret=+0.913 len= 7.6 ent=0.280 aL=-0.0128 vL=0.0012 t0=[none=0.03 m0=0.38 m1=0.58]
[u 2042] env= 16728064 succ=0.979 ret=+0.913 len= 7.5 ent=0.295 aL=-0.0034 vL=0.0017 t0=[none=0.04 m0=0.39 m1=0.57]
[u 2043] env= 16736256 succ=0.984 ret=+0.920 len= 7.4 ent=0.278 aL=-0.0078 vL=0.0017 t0=[none=0.03 m0=0.37 m1=0.60]
[u 2044] env= 16744448 succ=0.981 ret=+0.915 len= 7.6 ent=0.286 aL=-0.0044 vL=0.0022 t0=[none=0.03 m0=0.34 m1=0.63]
[u 2045] env= 16752640 succ=0.986 ret=+0.921 len= 7.5 ent=0.278 aL=+0.0124 vL=0.0013 t0=[none=0.03 m0=0.38 m1=0.59]
[u 2046] env= 16760832 succ=0.980 ret=+0.915 len= 7.5 ent=0.277 aL=-0.0098 vL=0.0015 t0=[none=0.04 m0=0.35 m1=0.61]
[u 2047] env= 16769024 succ=0.983 ret=+0.918 len= 7.6 ent=0.280 aL=-0.0032 vL=0.0014 t0=[none=0.04 m0=0.36 m1=0.60]
[u 2048] env= 16777216 succ=0.980 ret=+0.914 len= 7.6 ent=0.282 aL=-0.0063 vL=0.0028 t0=[none=0.04 m0=0.36 m1=0.61]
[u 2049] env= 16785408 succ=0.983 ret=+0.916 len= 7.7 ent=0.280 aL=-0.0072 vL=0.0023 t0=[none=0.04 m0=0.37 m1=0.58]
[u 2050] env= 16793600 succ=0.970 ret=+0.902 len= 7.8 ent=0.294 aL=-0.0075 vL=0.0018 t0=[none=0.04 m0=0.40 m1=0.56]
[u 2051] env= 16801792 succ=0.973 ret=+0.906 len= 7.6 ent=0.289 aL=-0.0088 vL=0.0015 t0=[none=0.05 m0=0.37 m1=0.59]
[u 2052] env= 16809984 succ=0.976 ret=+0.910 len= 7.6 ent=0.288 aL=-0.0104 vL=0.0029 t0=[none=0.04 m0=0.37 m1=0.59]
[u 2053] env= 16818176 succ=0.981 ret=+0.915 len= 7.5 ent=0.294 aL=-0.0080 vL=0.0012 t0=[none=0.04 m0=0.35 m1=0.61]
[u 2054] env= 16826368 succ=0.986 ret=+0.921 len= 7.4 ent=0.279 aL=-0.0055 vL=0.0015 t0=[none=0.04 m0=0.38 m1=0.58]
[u 2055] env= 16834560 succ=0.982 ret=+0.917 len= 7.5 ent=0.283 aL=-0.0079 vL=0.0015 t0=[none=0.03 m0=0.38 m1=0.59]
[u 2056] env= 16842752 succ=0.978 ret=+0.911 len= 7.7 ent=0.290 aL=-0.0118 vL=0.0010 t0=[none=0.05 m0=0.37 m1=0.59]
[u 2057] env= 16850944 succ=0.982 ret=+0.916 len= 7.5 ent=0.282 aL=-0.0059 vL=0.0017 t0=[none=0.05 m0=0.38 m1=0.57]
[u 2058] env= 16859136 succ=0.987 ret=+0.921 len= 7.6 ent=0.278 aL=-0.0095 vL=0.0021 t0=[none=0.04 m0=0.35 m1=0.61]
[u 2059] env= 16867328 succ=0.979 ret=+0.913 len= 7.5 ent=0.283 aL=-0.0038 vL=0.0018 t0=[none=0.03 m0=0.36 m1=0.61]
[u 2060] env= 16875520 succ=0.975 ret=+0.908 len= 7.6 ent=0.276 aL=-0.0025 vL=0.0022 t0=[none=0.04 m0=0.35 m1=0.61]
[u 2061] env= 16883712 succ=0.984 ret=+0.918 len= 7.5 ent=0.285 aL=-0.0065 vL=0.0035 t0=[none=0.05 m0=0.37 m1=0.59]
[u 2062] env= 16891904 succ=0.974 ret=+0.907 len= 7.7 ent=0.287 aL=-0.0003 vL=0.0019 t0=[none=0.04 m0=0.35 m1=0.61]
[u 2063] env= 16900096 succ=0.979 ret=+0.914 len= 7.5 ent=0.288 aL=-0.0046 vL=0.0021 t0=[none=0.04 m0=0.33 m1=0.63]
[u 2064] env= 16908288 succ=0.981 ret=+0.916 len= 7.5 ent=0.275 aL=-0.0094 vL=0.0010 t0=[none=0.03 m0=0.36 m1=0.61]
[u 2065] env= 16916480 succ=0.982 ret=+0.915 len= 7.6 ent=0.277 aL=-0.0066 vL=0.0015 t0=[none=0.04 m0=0.37 m1=0.59]
[u 2066] env= 16924672 succ=0.986 ret=+0.921 len= 7.5 ent=0.275 aL=-0.0076 vL=0.0016 t0=[none=0.03 m0=0.36 m1=0.61]
[u 2067] env= 16932864 succ=0.983 ret=+0.918 len= 7.6 ent=0.273 aL=-0.0119 vL=0.0025 t0=[none=0.03 m0=0.37 m1=0.60]
[u 2068] env= 16941056 succ=0.980 ret=+0.914 len= 7.5 ent=0.280 aL=-0.0078 vL=0.0010 t0=[none=0.04 m0=0.35 m1=0.61]
[u 2069] env= 16949248 succ=0.985 ret=+0.920 len= 7.6 ent=0.272 aL=-0.0053 vL=0.0021 t0=[none=0.03 m0=0.38 m1=0.59]
[u 2070] env= 16957440 succ=0.980 ret=+0.914 len= 7.6 ent=0.278 aL=-0.0047 vL=0.0024 t0=[none=0.03 m0=0.38 m1=0.59]
[u 2071] env= 16965632 succ=0.984 ret=+0.919 len= 7.5 ent=0.277 aL=-0.0076 vL=0.0020 t0=[none=0.04 m0=0.36 m1=0.59]
[u 2072] env= 16973824 succ=0.978 ret=+0.913 len= 7.5 ent=0.271 aL=-0.0095 vL=0.0012 t0=[none=0.03 m0=0.38 m1=0.59]
[u 2073] env= 16982016 succ=0.985 ret=+0.920 len= 7.5 ent=0.270 aL=-0.0070 vL=0.0012 t0=[none=0.04 m0=0.34 m1=0.62]
[u 2074] env= 16990208 succ=0.987 ret=+0.923 len= 7.4 ent=0.279 aL=-0.0076 vL=0.0014 t0=[none=0.03 m0=0.39 m1=0.58]
[u 2075] env= 16998400 succ=0.980 ret=+0.915 len= 7.5 ent=0.286 aL=-0.0099 vL=0.0012 t0=[none=0.03 m0=0.36 m1=0.61]
[u 2076] env= 17006592 succ=0.978 ret=+0.913 len= 7.5 ent=0.270 aL=+0.0309 vL=0.0013 t0=[none=0.04 m0=0.35 m1=0.61]
[u 2077] env= 17014784 succ=0.984 ret=+0.919 len= 7.5 ent=0.279 aL=-0.0074 vL=0.0024 t0=[none=0.04 m0=0.35 m1=0.60]
[u 2078] env= 17022976 succ=0.986 ret=+0.919 len= 7.6 ent=0.278 aL=-0.0071 vL=0.0009 t0=[none=0.04 m0=0.40 m1=0.56]
[u 2079] env= 17031168 succ=0.979 ret=+0.912 len= 7.7 ent=0.278 aL=-0.0087 vL=0.0016 t0=[none=0.04 m0=0.36 m1=0.60]
[u 2080] env= 17039360 succ=0.972 ret=+0.906 len= 7.6 ent=0.286 aL=-0.0088 vL=0.0022 t0=[none=0.04 m0=0.39 m1=0.57]
[u 2081] env= 17047552 succ=0.978 ret=+0.911 len= 7.7 ent=0.296 aL=-0.0094 vL=0.0019 t0=[none=0.03 m0=0.38 m1=0.58]
[u 2082] env= 17055744 succ=0.977 ret=+0.912 len= 7.5 ent=0.277 aL=-0.0037 vL=0.0025 t0=[none=0.05 m0=0.35 m1=0.60]
[u 2083] env= 17063936 succ=0.979 ret=+0.914 len= 7.5 ent=0.278 aL=-0.0058 vL=0.0014 t0=[none=0.05 m0=0.38 m1=0.58]
[u 2084] env= 17072128 succ=0.979 ret=+0.914 len= 7.5 ent=0.272 aL=-0.0108 vL=0.0023 t0=[none=0.05 m0=0.36 m1=0.59]
[u 2085] env= 17080320 succ=0.986 ret=+0.921 len= 7.5 ent=0.268 aL=-0.0098 vL=0.0013 t0=[none=0.04 m0=0.37 m1=0.60]
[u 2086] env= 17088512 succ=0.983 ret=+0.918 len= 7.4 ent=0.264 aL=-0.0036 vL=0.0012 t0=[none=0.04 m0=0.39 m1=0.57]
[u 2087] env= 17096704 succ=0.984 ret=+0.919 len= 7.5 ent=0.274 aL=-0.0094 vL=0.0015 t0=[none=0.03 m0=0.40 m1=0.57]
[u 2088] env= 17104896 succ=0.983 ret=+0.919 len= 7.4 ent=0.277 aL=-0.0111 vL=0.0016 t0=[none=0.03 m0=0.33 m1=0.64]
[u 2089] env= 17113088 succ=0.986 ret=+0.920 len= 7.6 ent=0.270 aL=-0.0077 vL=0.0015 t0=[none=0.04 m0=0.35 m1=0.61]
[u 2090] env= 17121280 succ=0.983 ret=+0.917 len= 7.5 ent=0.266 aL=-0.0083 vL=0.0031 t0=[none=0.04 m0=0.36 m1=0.60]
[u 2091] env= 17129472 succ=0.985 ret=+0.920 len= 7.5 ent=0.271 aL=-0.0048 vL=0.0012 t0=[none=0.04 m0=0.37 m1=0.59]
[u 2092] env= 17137664 succ=0.985 ret=+0.919 len= 7.6 ent=0.283 aL=-0.0052 vL=0.0011 t0=[none=0.03 m0=0.37 m1=0.60]
[u 2093] env= 17145856 succ=0.989 ret=+0.925 len= 7.4 ent=0.270 aL=-0.0051 vL=0.0014 t0=[none=0.03 m0=0.36 m1=0.60]
[u 2094] env= 17154048 succ=0.985 ret=+0.919 len= 7.6 ent=0.271 aL=-0.0099 vL=0.0012 t0=[none=0.02 m0=0.36 m1=0.61]
[u 2095] env= 17162240 succ=0.983 ret=+0.919 len= 7.5 ent=0.276 aL=-0.0114 vL=0.0021 t0=[none=0.04 m0=0.37 m1=0.59]
[u 2096] env= 17170432 succ=0.982 ret=+0.917 len= 7.4 ent=0.280 aL=-0.0063 vL=0.0025 t0=[none=0.03 m0=0.35 m1=0.62]
[u 2097] env= 17178624 succ=0.980 ret=+0.914 len= 7.7 ent=0.280 aL=-0.0091 vL=0.0021 t0=[none=0.04 m0=0.38 m1=0.59]
[u 2098] env= 17186816 succ=0.975 ret=+0.909 len= 7.6 ent=0.279 aL=-0.0067 vL=0.0036 t0=[none=0.05 m0=0.36 m1=0.60]
[u 2099] env= 17195008 succ=0.984 ret=+0.919 len= 7.5 ent=0.275 aL=-0.0079 vL=0.0016 t0=[none=0.04 m0=0.37 m1=0.59]
[u 2100] env= 17203200 succ=0.986 ret=+0.921 len= 7.5 ent=0.279 aL=-0.0038 vL=0.0012 t0=[none=0.04 m0=0.35 m1=0.61]
[u 2101] env= 17211392 succ=0.978 ret=+0.912 len= 7.6 ent=0.283 aL=-0.0079 vL=0.0011 t0=[none=0.04 m0=0.38 m1=0.58]
[u 2102] env= 17219584 succ=0.985 ret=+0.919 len= 7.5 ent=0.263 aL=+0.0009 vL=0.0009 t0=[none=0.04 m0=0.35 m1=0.61]
[u 2103] env= 17227776 succ=0.984 ret=+0.920 len= 7.4 ent=0.273 aL=-0.0059 vL=0.0021 t0=[none=0.04 m0=0.34 m1=0.62]
[u 2104] env= 17235968 succ=0.984 ret=+0.918 len= 7.6 ent=0.274 aL=-0.0037 vL=0.0019 t0=[none=0.03 m0=0.35 m1=0.61]
[u 2105] env= 17244160 succ=0.981 ret=+0.917 len= 7.4 ent=0.272 aL=-0.0017 vL=0.0029 t0=[none=0.03 m0=0.33 m1=0.64]
[u 2106] env= 17252352 succ=0.981 ret=+0.916 len= 7.5 ent=0.270 aL=-0.0095 vL=0.0017 t0=[none=0.03 m0=0.37 m1=0.60]
[u 2107] env= 17260544 succ=0.985 ret=+0.920 len= 7.5 ent=0.272 aL=-0.0074 vL=0.0016 t0=[none=0.04 m0=0.37 m1=0.59]
[u 2108] env= 17268736 succ=0.978 ret=+0.914 len= 7.4 ent=0.271 aL=-0.0018 vL=0.0020 t0=[none=0.04 m0=0.36 m1=0.60]
[u 2109] env= 17276928 succ=0.980 ret=+0.914 len= 7.6 ent=0.273 aL=-0.0124 vL=0.0020 t0=[none=0.04 m0=0.35 m1=0.61]
[u 2110] env= 17285120 succ=0.987 ret=+0.922 len= 7.5 ent=0.269 aL=-0.0076 vL=0.0019 t0=[none=0.04 m0=0.34 m1=0.62]
[u 2111] env= 17293312 succ=0.986 ret=+0.921 len= 7.5 ent=0.272 aL=+0.0221 vL=0.0009 t0=[none=0.03 m0=0.36 m1=0.62]
[u 2112] env= 17301504 succ=0.982 ret=+0.916 len= 7.6 ent=0.267 aL=-0.0057 vL=0.0011 t0=[none=0.04 m0=0.36 m1=0.60]
[u 2113] env= 17309696 succ=0.984 ret=+0.918 len= 7.5 ent=0.274 aL=-0.0063 vL=0.0013 t0=[none=0.04 m0=0.37 m1=0.60]
[u 2114] env= 17317888 succ=0.981 ret=+0.916 len= 7.5 ent=0.268 aL=-0.0060 vL=0.0018 t0=[none=0.04 m0=0.35 m1=0.61]
[u 2115] env= 17326080 succ=0.985 ret=+0.919 len= 7.6 ent=0.272 aL=-0.0085 vL=0.0008 t0=[none=0.04 m0=0.38 m1=0.58]
[u 2116] env= 17334272 succ=0.973 ret=+0.906 len= 7.6 ent=0.290 aL=-0.0104 vL=0.0018 t0=[none=0.04 m0=0.35 m1=0.61]
[u 2117] env= 17342464 succ=0.968 ret=+0.901 len= 7.7 ent=0.287 aL=-0.0055 vL=0.0030 t0=[none=0.04 m0=0.36 m1=0.60]
[u 2118] env= 17350656 succ=0.982 ret=+0.916 len= 7.6 ent=0.279 aL=-0.0082 vL=0.0014 t0=[none=0.03 m0=0.37 m1=0.60]
[u 2119] env= 17358848 succ=0.972 ret=+0.906 len= 7.6 ent=0.284 aL=-0.0028 vL=0.0024 t0=[none=0.04 m0=0.34 m1=0.62]
[u 2120] env= 17367040 succ=0.978 ret=+0.912 len= 7.6 ent=0.282 aL=-0.0046 vL=0.0014 t0=[none=0.04 m0=0.38 m1=0.58]
[u 2121] env= 17375232 succ=0.979 ret=+0.913 len= 7.6 ent=0.275 aL=-0.0138 vL=0.0013 t0=[none=0.03 m0=0.37 m1=0.60]
[u 2122] env= 17383424 succ=0.975 ret=+0.910 len= 7.4 ent=0.278 aL=-0.0078 vL=0.0027 t0=[none=0.05 m0=0.34 m1=0.61]
[u 2123] env= 17391616 succ=0.987 ret=+0.921 len= 7.6 ent=0.278 aL=-0.0088 vL=0.0012 t0=[none=0.04 m0=0.37 m1=0.59]
[u 2124] env= 17399808 succ=0.987 ret=+0.921 len= 7.6 ent=0.274 aL=-0.0128 vL=0.0005 t0=[none=0.04 m0=0.37 m1=0.58]
[u 2125] env= 17408000 succ=0.983 ret=+0.918 len= 7.5 ent=0.272 aL=-0.0023 vL=0.0012 t0=[none=0.04 m0=0.36 m1=0.60]
[u 2126] env= 17416192 succ=0.979 ret=+0.913 len= 7.5 ent=0.284 aL=-0.0054 vL=0.0019 t0=[none=0.03 m0=0.35 m1=0.62]
[u 2127] env= 17424384 succ=0.985 ret=+0.920 len= 7.5 ent=0.272 aL=-0.0102 vL=0.0012 t0=[none=0.04 m0=0.36 m1=0.60]
[u 2128] env= 17432576 succ=0.981 ret=+0.916 len= 7.5 ent=0.280 aL=-0.0051 vL=0.0020 t0=[none=0.04 m0=0.35 m1=0.61]
[u 2129] env= 17440768 succ=0.987 ret=+0.923 len= 7.4 ent=0.264 aL=+0.0023 vL=0.0016 t0=[none=0.03 m0=0.40 m1=0.58]
[u 2130] env= 17448960 succ=0.982 ret=+0.917 len= 7.4 ent=0.266 aL=-0.0039 vL=0.0015 t0=[none=0.04 m0=0.39 m1=0.57]
[u 2131] env= 17457152 succ=0.979 ret=+0.914 len= 7.5 ent=0.273 aL=-0.0059 vL=0.0022 t0=[none=0.03 m0=0.39 m1=0.57]
[u 2132] env= 17465344 succ=0.985 ret=+0.919 len= 7.6 ent=0.278 aL=-0.0008 vL=0.0009 t0=[none=0.04 m0=0.35 m1=0.61]
[u 2133] env= 17473536 succ=0.988 ret=+0.922 len= 7.5 ent=0.275 aL=-0.0017 vL=0.0024 t0=[none=0.03 m0=0.36 m1=0.61]
[u 2134] env= 17481728 succ=0.981 ret=+0.915 len= 7.6 ent=0.264 aL=-0.0008 vL=0.0014 t0=[none=0.04 m0=0.38 m1=0.58]
[u 2135] env= 17489920 succ=0.972 ret=+0.905 len= 7.7 ent=0.277 aL=-0.0082 vL=0.0017 t0=[none=0.04 m0=0.35 m1=0.61]
[u 2136] env= 17498112 succ=0.977 ret=+0.911 len= 7.6 ent=0.271 aL=-0.0035 vL=0.0013 t0=[none=0.04 m0=0.38 m1=0.59]
[u 2137] env= 17506304 succ=0.985 ret=+0.920 len= 7.5 ent=0.259 aL=-0.0013 vL=0.0020 t0=[none=0.04 m0=0.35 m1=0.61]
[u 2138] env= 17514496 succ=0.982 ret=+0.917 len= 7.6 ent=0.263 aL=-0.0051 vL=0.0027 t0=[none=0.04 m0=0.39 m1=0.57]
[u 2139] env= 17522688 succ=0.982 ret=+0.916 len= 7.6 ent=0.278 aL=-0.0018 vL=0.0015 t0=[none=0.02 m0=0.37 m1=0.60]
[u 2140] env= 17530880 succ=0.983 ret=+0.917 len= 7.6 ent=0.265 aL=-0.0034 vL=0.0008 t0=[none=0.04 m0=0.36 m1=0.60]
[u 2141] env= 17539072 succ=0.977 ret=+0.911 len= 7.6 ent=0.266 aL=-0.0059 vL=0.0019 t0=[none=0.04 m0=0.37 m1=0.59]
[u 2142] env= 17547264 succ=0.986 ret=+0.921 len= 7.5 ent=0.273 aL=-0.0056 vL=0.0019 t0=[none=0.04 m0=0.37 m1=0.59]
[u 2143] env= 17555456 succ=0.986 ret=+0.922 len= 7.4 ent=0.264 aL=-0.0097 vL=0.0008 t0=[none=0.03 m0=0.37 m1=0.60]
[u 2144] env= 17563648 succ=0.984 ret=+0.918 len= 7.6 ent=0.262 aL=-0.0084 vL=0.0027 t0=[none=0.04 m0=0.35 m1=0.61]
[u 2145] env= 17571840 succ=0.986 ret=+0.921 len= 7.5 ent=0.267 aL=-0.0086 vL=0.0024 t0=[none=0.04 m0=0.35 m1=0.61]
[u 2146] env= 17580032 succ=0.976 ret=+0.910 len= 7.7 ent=0.273 aL=-0.0032 vL=0.0008 t0=[none=0.04 m0=0.39 m1=0.56]
[u 2147] env= 17588224 succ=0.979 ret=+0.915 len= 7.4 ent=0.268 aL=-0.0031 vL=0.0019 t0=[none=0.03 m0=0.38 m1=0.60]
[u 2148] env= 17596416 succ=0.985 ret=+0.920 len= 7.5 ent=0.271 aL=-0.0052 vL=0.0007 t0=[none=0.03 m0=0.36 m1=0.62]
[u 2149] env= 17604608 succ=0.977 ret=+0.910 len= 7.6 ent=0.283 aL=-0.0058 vL=0.0013 t0=[none=0.04 m0=0.37 m1=0.59]
[u 2150] env= 17612800 succ=0.982 ret=+0.917 len= 7.5 ent=0.269 aL=-0.0116 vL=0.0008 t0=[none=0.03 m0=0.38 m1=0.59]
[u 2151] env= 17620992 succ=0.986 ret=+0.921 len= 7.5 ent=0.272 aL=-0.0045 vL=0.0008 t0=[none=0.04 m0=0.38 m1=0.58]
[u 2152] env= 17629184 succ=0.981 ret=+0.915 len= 7.5 ent=0.269 aL=-0.0050 vL=0.0019 t0=[none=0.04 m0=0.35 m1=0.61]
[u 2153] env= 17637376 succ=0.982 ret=+0.917 len= 7.5 ent=0.276 aL=-0.0038 vL=0.0012 t0=[none=0.03 m0=0.36 m1=0.61]
[u 2154] env= 17645568 succ=0.980 ret=+0.913 len= 7.6 ent=0.276 aL=-0.0048 vL=0.0022 t0=[none=0.04 m0=0.38 m1=0.59]
[u 2155] env= 17653760 succ=0.981 ret=+0.914 len= 7.6 ent=0.282 aL=-0.0095 vL=0.0017 t0=[none=0.03 m0=0.37 m1=0.60]
[u 2156] env= 17661952 succ=0.982 ret=+0.917 len= 7.5 ent=0.270 aL=-0.0033 vL=0.0025 t0=[none=0.04 m0=0.36 m1=0.60]
[u 2157] env= 17670144 succ=0.978 ret=+0.913 len= 7.5 ent=0.269 aL=-0.0047 vL=0.0011 t0=[none=0.03 m0=0.38 m1=0.59]
[u 2158] env= 17678336 succ=0.981 ret=+0.916 len= 7.6 ent=0.267 aL=-0.0021 vL=0.0020 t0=[none=0.04 m0=0.35 m1=0.61]
[u 2159] env= 17686528 succ=0.983 ret=+0.918 len= 7.4 ent=0.255 aL=-0.0064 vL=0.0026 t0=[none=0.04 m0=0.37 m1=0.60]
[u 2160] env= 17694720 succ=0.979 ret=+0.913 len= 7.5 ent=0.281 aL=-0.0018 vL=0.0013 t0=[none=0.04 m0=0.37 m1=0.59]
[u 2161] env= 17702912 succ=0.981 ret=+0.914 len= 7.6 ent=0.265 aL=-0.0045 vL=0.0022 t0=[none=0.03 m0=0.36 m1=0.61]
[u 2162] env= 17711104 succ=0.989 ret=+0.924 len= 7.5 ent=0.254 aL=-0.0082 vL=0.0016 t0=[none=0.04 m0=0.34 m1=0.63]
[u 2163] env= 17719296 succ=0.980 ret=+0.914 len= 7.6 ent=0.272 aL=-0.0014 vL=0.0016 t0=[none=0.04 m0=0.36 m1=0.60]
[u 2164] env= 17727488 succ=0.973 ret=+0.907 len= 7.6 ent=0.274 aL=-0.0085 vL=0.0009 t0=[none=0.02 m0=0.37 m1=0.60]
[u 2165] env= 17735680 succ=0.982 ret=+0.916 len= 7.6 ent=0.263 aL=-0.0071 vL=0.0022 t0=[none=0.04 m0=0.36 m1=0.59]
[u 2166] env= 17743872 succ=0.981 ret=+0.915 len= 7.6 ent=0.264 aL=-0.0082 vL=0.0009 t0=[none=0.04 m0=0.37 m1=0.59]
[u 2167] env= 17752064 succ=0.987 ret=+0.923 len= 7.4 ent=0.265 aL=-0.0009 vL=0.0019 t0=[none=0.05 m0=0.35 m1=0.60]
[u 2168] env= 17760256 succ=0.983 ret=+0.917 len= 7.6 ent=0.269 aL=-0.0049 vL=0.0011 t0=[none=0.04 m0=0.35 m1=0.61]
[u 2169] env= 17768448 succ=0.984 ret=+0.919 len= 7.4 ent=0.265 aL=-0.0038 vL=0.0016 t0=[none=0.03 m0=0.38 m1=0.59]
[u 2170] env= 17776640 succ=0.980 ret=+0.914 len= 7.5 ent=0.279 aL=-0.0054 vL=0.0009 t0=[none=0.03 m0=0.36 m1=0.61]
[u 2171] env= 17784832 succ=0.985 ret=+0.919 len= 7.6 ent=0.273 aL=-0.0014 vL=0.0010 t0=[none=0.03 m0=0.37 m1=0.61]
[u 2172] env= 17793024 succ=0.982 ret=+0.917 len= 7.4 ent=0.266 aL=-0.0040 vL=0.0013 t0=[none=0.03 m0=0.39 m1=0.58]
[u 2173] env= 17801216 succ=0.985 ret=+0.920 len= 7.5 ent=0.266 aL=-0.0066 vL=0.0008 t0=[none=0.04 m0=0.38 m1=0.59]
[u 2174] env= 17809408 succ=0.979 ret=+0.914 len= 7.5 ent=0.277 aL=-0.0067 vL=0.0012 t0=[none=0.04 m0=0.38 m1=0.58]
[u 2175] env= 17817600 succ=0.980 ret=+0.914 len= 7.7 ent=0.266 aL=-0.0052 vL=0.0010 t0=[none=0.02 m0=0.38 m1=0.60]
[u 2176] env= 17825792 succ=0.983 ret=+0.917 len= 7.6 ent=0.269 aL=-0.0101 vL=0.0015 t0=[none=0.03 m0=0.37 m1=0.60]
[u 2177] env= 17833984 succ=0.987 ret=+0.922 len= 7.5 ent=0.263 aL=-0.0038 vL=0.0010 t0=[none=0.03 m0=0.38 m1=0.59]
[u 2178] env= 17842176 succ=0.986 ret=+0.921 len= 7.5 ent=0.268 aL=-0.0070 vL=0.0010 t0=[none=0.04 m0=0.36 m1=0.60]
[u 2179] env= 17850368 succ=0.976 ret=+0.910 len= 7.5 ent=0.283 aL=-0.0039 vL=0.0031 t0=[none=0.04 m0=0.37 m1=0.59]
[u 2180] env= 17858560 succ=0.980 ret=+0.915 len= 7.5 ent=0.268 aL=-0.0038 vL=0.0016 t0=[none=0.02 m0=0.35 m1=0.63]
[u 2181] env= 17866752 succ=0.979 ret=+0.914 len= 7.4 ent=0.275 aL=-0.0068 vL=0.0020 t0=[none=0.03 m0=0.36 m1=0.61]
[u 2182] env= 17874944 succ=0.986 ret=+0.921 len= 7.6 ent=0.273 aL=-0.0096 vL=0.0014 t0=[none=0.04 m0=0.37 m1=0.59]
[u 2183] env= 17883136 succ=0.984 ret=+0.920 len= 7.5 ent=0.270 aL=-0.0082 vL=0.0022 t0=[none=0.03 m0=0.36 m1=0.61]
[u 2184] env= 17891328 succ=0.975 ret=+0.909 len= 7.6 ent=0.278 aL=-0.0088 vL=0.0024 t0=[none=0.04 m0=0.34 m1=0.62]
[u 2185] env= 17899520 succ=0.977 ret=+0.910 len= 7.6 ent=0.274 aL=+0.0078 vL=0.0017 t0=[none=0.03 m0=0.38 m1=0.59]
[u 2186] env= 17907712 succ=0.983 ret=+0.917 len= 7.6 ent=0.271 aL=-0.0020 vL=0.0014 t0=[none=0.04 m0=0.36 m1=0.60]
[u 2187] env= 17915904 succ=0.984 ret=+0.918 len= 7.6 ent=0.275 aL=-0.0025 vL=0.0025 t0=[none=0.04 m0=0.38 m1=0.59]
[u 2188] env= 17924096 succ=0.986 ret=+0.921 len= 7.5 ent=0.272 aL=-0.0074 vL=0.0013 t0=[none=0.03 m0=0.36 m1=0.60]
[u 2189] env= 17932288 succ=0.989 ret=+0.924 len= 7.5 ent=0.270 aL=-0.0036 vL=0.0010 t0=[none=0.03 m0=0.37 m1=0.60]
[u 2190] env= 17940480 succ=0.979 ret=+0.914 len= 7.5 ent=0.262 aL=-0.0044 vL=0.0025 t0=[none=0.02 m0=0.38 m1=0.59]
[u 2191] env= 17948672 succ=0.978 ret=+0.913 len= 7.5 ent=0.270 aL=+0.0005 vL=0.0018 t0=[none=0.03 m0=0.39 m1=0.57]
[u 2192] env= 17956864 succ=0.982 ret=+0.917 len= 7.5 ent=0.266 aL=-0.0055 vL=0.0014 t0=[none=0.03 m0=0.38 m1=0.59]
[u 2193] env= 17965056 succ=0.976 ret=+0.910 len= 7.6 ent=0.267 aL=-0.0047 vL=0.0022 t0=[none=0.03 m0=0.36 m1=0.61]
[u 2194] env= 17973248 succ=0.980 ret=+0.916 len= 7.4 ent=0.260 aL=-0.0070 vL=0.0019 t0=[none=0.04 m0=0.37 m1=0.60]
[u 2195] env= 17981440 succ=0.989 ret=+0.925 len= 7.4 ent=0.266 aL=-0.0063 vL=0.0016 t0=[none=0.04 m0=0.34 m1=0.62]
[u 2196] env= 17989632 succ=0.980 ret=+0.914 len= 7.6 ent=0.268 aL=-0.0053 vL=0.0012 t0=[none=0.04 m0=0.37 m1=0.59]
[u 2197] env= 17997824 succ=0.989 ret=+0.924 len= 7.5 ent=0.260 aL=-0.0065 vL=0.0006 t0=[none=0.03 m0=0.36 m1=0.61]
[u 2198] env= 18006016 succ=0.980 ret=+0.914 len= 7.6 ent=0.276 aL=-0.0059 vL=0.0015 t0=[none=0.04 m0=0.38 m1=0.58]
[u 2199] env= 18014208 succ=0.988 ret=+0.923 len= 7.5 ent=0.262 aL=-0.0027 vL=0.0012 t0=[none=0.03 m0=0.36 m1=0.60]
[u 2200] env= 18022400 succ=0.981 ret=+0.915 len= 7.5 ent=0.280 aL=-0.0040 vL=0.0008 t0=[none=0.04 m0=0.34 m1=0.63]
[u 2201] env= 18030592 succ=0.974 ret=+0.909 len= 7.5 ent=0.281 aL=-0.0049 vL=0.0017 t0=[none=0.04 m0=0.36 m1=0.60]
[u 2202] env= 18038784 succ=0.984 ret=+0.919 len= 7.5 ent=0.273 aL=-0.0038 vL=0.0014 t0=[none=0.03 m0=0.39 m1=0.58]
[u 2203] env= 18046976 succ=0.988 ret=+0.922 len= 7.6 ent=0.269 aL=-0.0088 vL=0.0014 t0=[none=0.03 m0=0.36 m1=0.61]
[u 2204] env= 18055168 succ=0.983 ret=+0.917 len= 7.5 ent=0.277 aL=-0.0089 vL=0.0010 t0=[none=0.04 m0=0.36 m1=0.60]
[u 2205] env= 18063360 succ=0.981 ret=+0.915 len= 7.6 ent=0.270 aL=-0.0016 vL=0.0023 t0=[none=0.04 m0=0.38 m1=0.58]
[u 2206] env= 18071552 succ=0.982 ret=+0.916 len= 7.5 ent=0.268 aL=-0.0044 vL=0.0023 t0=[none=0.04 m0=0.36 m1=0.60]
[u 2207] env= 18079744 succ=0.983 ret=+0.917 len= 7.5 ent=0.269 aL=-0.0083 vL=0.0009 t0=[none=0.03 m0=0.35 m1=0.61]
[u 2208] env= 18087936 succ=0.980 ret=+0.913 len= 7.6 ent=0.274 aL=-0.0042 vL=0.0010 t0=[none=0.04 m0=0.35 m1=0.61]
[u 2209] env= 18096128 succ=0.981 ret=+0.916 len= 7.5 ent=0.275 aL=-0.0086 vL=0.0017 t0=[none=0.04 m0=0.36 m1=0.60]
[u 2210] env= 18104320 succ=0.984 ret=+0.919 len= 7.6 ent=0.281 aL=-0.0063 vL=0.0016 t0=[none=0.04 m0=0.38 m1=0.59]
[u 2211] env= 18112512 succ=0.977 ret=+0.910 len= 7.6 ent=0.277 aL=-0.0037 vL=0.0016 t0=[none=0.04 m0=0.38 m1=0.58]
[u 2212] env= 18120704 succ=0.986 ret=+0.922 len= 7.4 ent=0.258 aL=+0.0003 vL=0.0006 t0=[none=0.03 m0=0.41 m1=0.56]
[u 2213] env= 18128896 succ=0.988 ret=+0.923 len= 7.5 ent=0.268 aL=-0.0088 vL=0.0016 t0=[none=0.04 m0=0.37 m1=0.59]
[u 2214] env= 18137088 succ=0.984 ret=+0.919 len= 7.4 ent=0.264 aL=-0.0078 vL=0.0012 t0=[none=0.04 m0=0.35 m1=0.61]
[u 2215] env= 18145280 succ=0.980 ret=+0.916 len= 7.4 ent=0.273 aL=-0.0056 vL=0.0022 t0=[none=0.04 m0=0.37 m1=0.59]
[u 2216] env= 18153472 succ=0.988 ret=+0.923 len= 7.5 ent=0.270 aL=-0.0055 vL=0.0023 t0=[none=0.03 m0=0.39 m1=0.57]
[u 2217] env= 18161664 succ=0.978 ret=+0.911 len= 7.6 ent=0.267 aL=-0.0099 vL=0.0019 t0=[none=0.04 m0=0.36 m1=0.60]
[u 2218] env= 18169856 succ=0.980 ret=+0.913 len= 7.7 ent=0.277 aL=-0.0086 vL=0.0012 t0=[none=0.03 m0=0.37 m1=0.60]
[u 2219] env= 18178048 succ=0.982 ret=+0.916 len= 7.5 ent=0.273 aL=-0.0037 vL=0.0017 t0=[none=0.03 m0=0.35 m1=0.62]
[u 2220] env= 18186240 succ=0.977 ret=+0.912 len= 7.5 ent=0.286 aL=-0.0067 vL=0.0020 t0=[none=0.04 m0=0.36 m1=0.60]
[u 2221] env= 18194432 succ=0.974 ret=+0.907 len= 7.7 ent=0.266 aL=-0.0084 vL=0.0018 t0=[none=0.04 m0=0.37 m1=0.59]
[u 2222] env= 18202624 succ=0.982 ret=+0.916 len= 7.5 ent=0.269 aL=-0.0068 vL=0.0021 t0=[none=0.04 m0=0.36 m1=0.60]
[u 2223] env= 18210816 succ=0.982 ret=+0.917 len= 7.5 ent=0.270 aL=+0.0014 vL=0.0015 t0=[none=0.04 m0=0.38 m1=0.58]
[u 2224] env= 18219008 succ=0.988 ret=+0.924 len= 7.4 ent=0.263 aL=-0.0035 vL=0.0020 t0=[none=0.03 m0=0.36 m1=0.60]
[u 2225] env= 18227200 succ=0.973 ret=+0.907 len= 7.6 ent=0.273 aL=-0.0021 vL=0.0014 t0=[none=0.03 m0=0.36 m1=0.60]
[u 2226] env= 18235392 succ=0.987 ret=+0.922 len= 7.5 ent=0.266 aL=-0.0030 vL=0.0016 t0=[none=0.03 m0=0.35 m1=0.63]
[u 2227] env= 18243584 succ=0.985 ret=+0.920 len= 7.5 ent=0.277 aL=-0.0029 vL=0.0021 t0=[none=0.04 m0=0.37 m1=0.59]
[u 2228] env= 18251776 succ=0.977 ret=+0.911 len= 7.6 ent=0.272 aL=-0.0046 vL=0.0038 t0=[none=0.04 m0=0.36 m1=0.60]
[u 2229] env= 18259968 succ=0.982 ret=+0.916 len= 7.5 ent=0.264 aL=-0.0068 vL=0.0016 t0=[none=0.04 m0=0.37 m1=0.59]
[u 2230] env= 18268160 succ=0.984 ret=+0.919 len= 7.5 ent=0.268 aL=-0.0023 vL=0.0011 t0=[none=0.03 m0=0.35 m1=0.62]
[u 2231] env= 18276352 succ=0.974 ret=+0.907 len= 7.7 ent=0.272 aL=-0.0071 vL=0.0012 t0=[none=0.04 m0=0.36 m1=0.60]
[u 2232] env= 18284544 succ=0.984 ret=+0.919 len= 7.5 ent=0.275 aL=-0.0020 vL=0.0009 t0=[none=0.04 m0=0.37 m1=0.59]
[u 2233] env= 18292736 succ=0.980 ret=+0.913 len= 7.6 ent=0.268 aL=-0.0074 vL=0.0008 t0=[none=0.03 m0=0.38 m1=0.58]
[u 2234] env= 18300928 succ=0.985 ret=+0.921 len= 7.5 ent=0.270 aL=-0.0032 vL=0.0009 t0=[none=0.04 m0=0.35 m1=0.62]
[u 2235] env= 18309120 succ=0.976 ret=+0.910 len= 7.6 ent=0.275 aL=-0.0054 vL=0.0017 t0=[none=0.04 m0=0.37 m1=0.60]
[u 2236] env= 18317312 succ=0.980 ret=+0.914 len= 7.7 ent=0.267 aL=-0.0056 vL=0.0016 t0=[none=0.04 m0=0.36 m1=0.61]
[u 2237] env= 18325504 succ=0.975 ret=+0.909 len= 7.5 ent=0.276 aL=-0.0037 vL=0.0013 t0=[none=0.03 m0=0.38 m1=0.59]
[u 2238] env= 18333696 succ=0.981 ret=+0.915 len= 7.6 ent=0.269 aL=+0.0026 vL=0.0022 t0=[none=0.04 m0=0.37 m1=0.59]
[u 2239] env= 18341888 succ=0.983 ret=+0.917 len= 7.5 ent=0.273 aL=+0.0034 vL=0.0015 t0=[none=0.03 m0=0.34 m1=0.62]
[u 2240] env= 18350080 succ=0.983 ret=+0.918 len= 7.6 ent=0.265 aL=-0.0040 vL=0.0019 t0=[none=0.03 m0=0.37 m1=0.60]
[u 2241] env= 18358272 succ=0.981 ret=+0.916 len= 7.5 ent=0.257 aL=-0.0066 vL=0.0019 t0=[none=0.04 m0=0.38 m1=0.57]
[u 2242] env= 18366464 succ=0.984 ret=+0.919 len= 7.5 ent=0.283 aL=-0.0082 vL=0.0010 t0=[none=0.05 m0=0.35 m1=0.60]
[u 2243] env= 18374656 succ=0.983 ret=+0.917 len= 7.6 ent=0.276 aL=-0.0079 vL=0.0009 t0=[none=0.03 m0=0.37 m1=0.59]
[u 2244] env= 18382848 succ=0.971 ret=+0.904 len= 7.6 ent=0.275 aL=+0.0009 vL=0.0022 t0=[none=0.03 m0=0.38 m1=0.59]
[u 2245] env= 18391040 succ=0.976 ret=+0.911 len= 7.5 ent=0.278 aL=-0.0029 vL=0.0017 t0=[none=0.04 m0=0.36 m1=0.60]
[u 2246] env= 18399232 succ=0.982 ret=+0.916 len= 7.6 ent=0.272 aL=-0.0067 vL=0.0022 t0=[none=0.05 m0=0.35 m1=0.60]
[u 2247] env= 18407424 succ=0.990 ret=+0.923 len= 7.7 ent=0.275 aL=-0.0051 vL=0.0006 t0=[none=0.04 m0=0.40 m1=0.57]
[u 2248] env= 18415616 succ=0.985 ret=+0.918 len= 7.7 ent=0.268 aL=-0.0070 vL=0.0018 t0=[none=0.03 m0=0.38 m1=0.59]
[u 2249] env= 18423808 succ=0.979 ret=+0.914 len= 7.5 ent=0.274 aL=-0.0005 vL=0.0008 t0=[none=0.03 m0=0.37 m1=0.60]
[u 2250] env= 18432000 succ=0.982 ret=+0.916 len= 7.6 ent=0.266 aL=-0.0033 vL=0.0014 t0=[none=0.03 m0=0.37 m1=0.60]
[u 2251] env= 18440192 succ=0.987 ret=+0.922 len= 7.5 ent=0.262 aL=+0.0004 vL=0.0019 t0=[none=0.05 m0=0.39 m1=0.57]
[u 2252] env= 18448384 succ=0.981 ret=+0.914 len= 7.6 ent=0.265 aL=-0.0038 vL=0.0030 t0=[none=0.04 m0=0.36 m1=0.60]
[u 2253] env= 18456576 succ=0.983 ret=+0.918 len= 7.5 ent=0.256 aL=-0.0079 vL=0.0021 t0=[none=0.03 m0=0.38 m1=0.59]
[u 2254] env= 18464768 succ=0.990 ret=+0.925 len= 7.5 ent=0.264 aL=-0.0044 vL=0.0012 t0=[none=0.04 m0=0.37 m1=0.60]
[u 2255] env= 18472960 succ=0.981 ret=+0.917 len= 7.4 ent=0.260 aL=+0.0047 vL=0.0011 t0=[none=0.03 m0=0.39 m1=0.58]
[u 2256] env= 18481152 succ=0.983 ret=+0.918 len= 7.6 ent=0.262 aL=-0.0020 vL=0.0016 t0=[none=0.03 m0=0.37 m1=0.59]
[u 2257] env= 18489344 succ=0.986 ret=+0.922 len= 7.4 ent=0.260 aL=-0.0086 vL=0.0008 t0=[none=0.03 m0=0.41 m1=0.57]
[u 2258] env= 18497536 succ=0.977 ret=+0.911 len= 7.6 ent=0.270 aL=-0.0072 vL=0.0017 t0=[none=0.04 m0=0.35 m1=0.61]
[u 2259] env= 18505728 succ=0.983 ret=+0.918 len= 7.5 ent=0.271 aL=-0.0100 vL=0.0009 t0=[none=0.03 m0=0.35 m1=0.62]
[u 2260] env= 18513920 succ=0.985 ret=+0.919 len= 7.6 ent=0.272 aL=-0.0080 vL=0.0017 t0=[none=0.04 m0=0.37 m1=0.59]
[u 2261] env= 18522112 succ=0.978 ret=+0.911 len= 7.6 ent=0.272 aL=-0.0088 vL=0.0007 t0=[none=0.03 m0=0.37 m1=0.60]
[u 2262] env= 18530304 succ=0.978 ret=+0.913 len= 7.4 ent=0.277 aL=-0.0049 vL=0.0027 t0=[none=0.05 m0=0.38 m1=0.57]
[u 2263] env= 18538496 succ=0.984 ret=+0.919 len= 7.5 ent=0.260 aL=+0.0024 vL=0.0010 t0=[none=0.04 m0=0.35 m1=0.61]
[u 2264] env= 18546688 succ=0.980 ret=+0.915 len= 7.5 ent=0.275 aL=-0.0054 vL=0.0020 t0=[none=0.03 m0=0.36 m1=0.61]
[u 2265] env= 18554880 succ=0.986 ret=+0.921 len= 7.5 ent=0.265 aL=-0.0058 vL=0.0012 t0=[none=0.03 m0=0.34 m1=0.62]
[u 2266] env= 18563072 succ=0.980 ret=+0.914 len= 7.5 ent=0.271 aL=-0.0033 vL=0.0015 t0=[none=0.03 m0=0.35 m1=0.62]
[u 2267] env= 18571264 succ=0.984 ret=+0.919 len= 7.5 ent=0.267 aL=+0.0122 vL=0.0016 t0=[none=0.04 m0=0.37 m1=0.59]
[u 2268] env= 18579456 succ=0.980 ret=+0.914 len= 7.6 ent=0.268 aL=+0.0025 vL=0.0017 t0=[none=0.04 m0=0.37 m1=0.59]
[u 2269] env= 18587648 succ=0.981 ret=+0.915 len= 7.6 ent=0.263 aL=-0.0012 vL=0.0016 t0=[none=0.03 m0=0.36 m1=0.61]
[u 2270] env= 18595840 succ=0.979 ret=+0.913 len= 7.6 ent=0.271 aL=-0.0036 vL=0.0007 t0=[none=0.05 m0=0.36 m1=0.59]
[u 2271] env= 18604032 succ=0.987 ret=+0.923 len= 7.4 ent=0.267 aL=-0.0086 vL=0.0010 t0=[none=0.03 m0=0.38 m1=0.59]
[u 2272] env= 18612224 succ=0.978 ret=+0.912 len= 7.6 ent=0.272 aL=-0.0065 vL=0.0019 t0=[none=0.04 m0=0.35 m1=0.61]
[u 2273] env= 18620416 succ=0.982 ret=+0.916 len= 7.7 ent=0.277 aL=+0.0040 vL=0.0009 t0=[none=0.04 m0=0.37 m1=0.59]
[u 2274] env= 18628608 succ=0.989 ret=+0.924 len= 7.5 ent=0.260 aL=-0.0032 vL=0.0011 t0=[none=0.04 m0=0.37 m1=0.59]
[u 2275] env= 18636800 succ=0.982 ret=+0.918 len= 7.4 ent=0.257 aL=-0.0049 vL=0.0020 t0=[none=0.03 m0=0.37 m1=0.59]
[u 2276] env= 18644992 succ=0.980 ret=+0.914 len= 7.5 ent=0.274 aL=-0.0067 vL=0.0020 t0=[none=0.03 m0=0.37 m1=0.60]
[u 2277] env= 18653184 succ=0.988 ret=+0.921 len= 7.6 ent=0.268 aL=-0.0089 vL=0.0010 t0=[none=0.04 m0=0.36 m1=0.60]
[u 2278] env= 18661376 succ=0.980 ret=+0.914 len= 7.6 ent=0.287 aL=-0.0102 vL=0.0023 t0=[none=0.03 m0=0.34 m1=0.63]
[u 2279] env= 18669568 succ=0.977 ret=+0.911 len= 7.6 ent=0.280 aL=-0.0051 vL=0.0024 t0=[none=0.04 m0=0.35 m1=0.61]
[u 2280] env= 18677760 succ=0.971 ret=+0.906 len= 7.5 ent=0.287 aL=-0.0029 vL=0.0021 t0=[none=0.04 m0=0.36 m1=0.60]
[u 2281] env= 18685952 succ=0.981 ret=+0.916 len= 7.5 ent=0.258 aL=-0.0078 vL=0.0016 t0=[none=0.03 m0=0.37 m1=0.60]
[u 2282] env= 18694144 succ=0.981 ret=+0.914 len= 7.6 ent=0.282 aL=-0.0001 vL=0.0014 t0=[none=0.04 m0=0.35 m1=0.61]
[u 2283] env= 18702336 succ=0.977 ret=+0.912 len= 7.5 ent=0.274 aL=-0.0072 vL=0.0023 t0=[none=0.03 m0=0.36 m1=0.61]
[u 2284] env= 18710528 succ=0.985 ret=+0.920 len= 7.6 ent=0.274 aL=-0.0036 vL=0.0012 t0=[none=0.04 m0=0.36 m1=0.59]
[u 2285] env= 18718720 succ=0.978 ret=+0.912 len= 7.6 ent=0.275 aL=-0.0017 vL=0.0014 t0=[none=0.04 m0=0.34 m1=0.63]
[u 2286] env= 18726912 succ=0.980 ret=+0.913 len= 7.7 ent=0.274 aL=-0.0010 vL=0.0013 t0=[none=0.04 m0=0.34 m1=0.62]
[u 2287] env= 18735104 succ=0.984 ret=+0.919 len= 7.5 ent=0.264 aL=-0.0021 vL=0.0013 t0=[none=0.04 m0=0.36 m1=0.60]
[u 2288] env= 18743296 succ=0.973 ret=+0.906 len= 7.6 ent=0.289 aL=-0.0033 vL=0.0022 t0=[none=0.04 m0=0.39 m1=0.57]
[u 2289] env= 18751488 succ=0.976 ret=+0.909 len= 7.6 ent=0.278 aL=-0.0042 vL=0.0013 t0=[none=0.03 m0=0.36 m1=0.61]
[u 2290] env= 18759680 succ=0.981 ret=+0.916 len= 7.5 ent=0.265 aL=-0.0046 vL=0.0009 t0=[none=0.04 m0=0.37 m1=0.59]
[u 2291] env= 18767872 succ=0.978 ret=+0.912 len= 7.5 ent=0.282 aL=-0.0045 vL=0.0025 t0=[none=0.03 m0=0.34 m1=0.62]
[u 2292] env= 18776064 succ=0.979 ret=+0.912 len= 7.6 ent=0.274 aL=-0.0070 vL=0.0018 t0=[none=0.04 m0=0.38 m1=0.58]
[u 2293] env= 18784256 succ=0.977 ret=+0.911 len= 7.6 ent=0.284 aL=+0.0003 vL=0.0017 t0=[none=0.03 m0=0.36 m1=0.61]
[u 2294] env= 18792448 succ=0.983 ret=+0.917 len= 7.6 ent=0.275 aL=-0.0108 vL=0.0014 t0=[none=0.03 m0=0.37 m1=0.60]
[u 2295] env= 18800640 succ=0.982 ret=+0.916 len= 7.5 ent=0.277 aL=-0.0061 vL=0.0010 t0=[none=0.04 m0=0.36 m1=0.60]
[u 2296] env= 18808832 succ=0.988 ret=+0.922 len= 7.6 ent=0.273 aL=+0.0002 vL=0.0010 t0=[none=0.03 m0=0.39 m1=0.58]
[u 2297] env= 18817024 succ=0.982 ret=+0.916 len= 7.6 ent=0.274 aL=-0.0025 vL=0.0018 t0=[none=0.04 m0=0.34 m1=0.62]
[u 2298] env= 18825216 succ=0.976 ret=+0.909 len= 7.6 ent=0.282 aL=+0.0009 vL=0.0018 t0=[none=0.04 m0=0.36 m1=0.60]
[u 2299] env= 18833408 succ=0.962 ret=+0.894 len= 7.8 ent=0.304 aL=-0.0068 vL=0.0034 t0=[none=0.04 m0=0.36 m1=0.61]
[u 2300] env= 18841600 succ=0.986 ret=+0.921 len= 7.5 ent=0.260 aL=-0.0036 vL=0.0013 t0=[none=0.04 m0=0.38 m1=0.59]
[u 2301] env= 18849792 succ=0.977 ret=+0.911 len= 7.5 ent=0.275 aL=-0.0047 vL=0.0017 t0=[none=0.03 m0=0.38 m1=0.59]
[u 2302] env= 18857984 succ=0.982 ret=+0.918 len= 7.4 ent=0.266 aL=+0.0001 vL=0.0021 t0=[none=0.02 m0=0.36 m1=0.62]
[u 2303] env= 18866176 succ=0.982 ret=+0.916 len= 7.6 ent=0.275 aL=-0.0046 vL=0.0015 t0=[none=0.03 m0=0.39 m1=0.58]
[u 2304] env= 18874368 succ=0.982 ret=+0.916 len= 7.5 ent=0.274 aL=-0.0081 vL=0.0020 t0=[none=0.04 m0=0.35 m1=0.61]
[u 2305] env= 18882560 succ=0.985 ret=+0.920 len= 7.5 ent=0.261 aL=-0.0008 vL=0.0021 t0=[none=0.03 m0=0.37 m1=0.60]
[u 2306] env= 18890752 succ=0.979 ret=+0.914 len= 7.5 ent=0.264 aL=-0.0005 vL=0.0011 t0=[none=0.03 m0=0.36 m1=0.61]
[u 2307] env= 18898944 succ=0.983 ret=+0.918 len= 7.6 ent=0.271 aL=+0.0004 vL=0.0013 t0=[none=0.04 m0=0.36 m1=0.60]
[u 2308] env= 18907136 succ=0.982 ret=+0.916 len= 7.5 ent=0.274 aL=-0.0063 vL=0.0008 t0=[none=0.03 m0=0.38 m1=0.58]
[u 2309] env= 18915328 succ=0.975 ret=+0.909 len= 7.5 ent=0.271 aL=-0.0022 vL=0.0016 t0=[none=0.03 m0=0.36 m1=0.62]
[u 2310] env= 18923520 succ=0.985 ret=+0.919 len= 7.6 ent=0.265 aL=+0.0617 vL=0.0010 t0=[none=0.03 m0=0.38 m1=0.59]
[u 2311] env= 18931712 succ=0.976 ret=+0.909 len= 7.7 ent=0.266 aL=+0.0009 vL=0.0019 t0=[none=0.04 m0=0.37 m1=0.59]
[u 2312] env= 18939904 succ=0.986 ret=+0.920 len= 7.6 ent=0.262 aL=-0.0040 vL=0.0018 t0=[none=0.04 m0=0.36 m1=0.60]
[u 2313] env= 18948096 succ=0.981 ret=+0.914 len= 7.6 ent=0.281 aL=-0.0060 vL=0.0014 t0=[none=0.04 m0=0.33 m1=0.63]
[u 2314] env= 18956288 succ=0.979 ret=+0.913 len= 7.6 ent=0.271 aL=+0.0030 vL=0.0020 t0=[none=0.03 m0=0.35 m1=0.63]
[u 2315] env= 18964480 succ=0.975 ret=+0.909 len= 7.6 ent=0.271 aL=-0.0046 vL=0.0026 t0=[none=0.04 m0=0.37 m1=0.59]
[u 2316] env= 18972672 succ=0.985 ret=+0.919 len= 7.5 ent=0.261 aL=-0.0040 vL=0.0009 t0=[none=0.03 m0=0.35 m1=0.62]
[u 2317] env= 18980864 succ=0.987 ret=+0.923 len= 7.4 ent=0.265 aL=-0.0020 vL=0.0007 t0=[none=0.03 m0=0.36 m1=0.61]
[u 2318] env= 18989056 succ=0.978 ret=+0.912 len= 7.6 ent=0.277 aL=-0.0056 vL=0.0015 t0=[none=0.04 m0=0.35 m1=0.62]
[u 2319] env= 18997248 succ=0.984 ret=+0.919 len= 7.4 ent=0.270 aL=-0.0004 vL=0.0009 t0=[none=0.03 m0=0.37 m1=0.60]
[u 2320] env= 19005440 succ=0.988 ret=+0.924 len= 7.4 ent=0.270 aL=-0.0006 vL=0.0012 t0=[none=0.04 m0=0.35 m1=0.61]
[u 2321] env= 19013632 succ=0.977 ret=+0.911 len= 7.5 ent=0.275 aL=+0.0034 vL=0.0013 t0=[none=0.03 m0=0.36 m1=0.61]
[u 2322] env= 19021824 succ=0.982 ret=+0.916 len= 7.6 ent=0.267 aL=-0.0039 vL=0.0018 t0=[none=0.04 m0=0.37 m1=0.59]
[u 2323] env= 19030016 succ=0.973 ret=+0.907 len= 7.6 ent=0.284 aL=-0.0069 vL=0.0021 t0=[none=0.03 m0=0.36 m1=0.61]
[u 2324] env= 19038208 succ=0.979 ret=+0.913 len= 7.6 ent=0.273 aL=-0.0023 vL=0.0019 t0=[none=0.04 m0=0.37 m1=0.59]
[u 2325] env= 19046400 succ=0.976 ret=+0.910 len= 7.6 ent=0.269 aL=-0.0072 vL=0.0024 t0=[none=0.04 m0=0.34 m1=0.62]
[u 2326] env= 19054592 succ=0.981 ret=+0.914 len= 7.6 ent=0.266 aL=-0.0009 vL=0.0020 t0=[none=0.04 m0=0.36 m1=0.60]
[u 2327] env= 19062784 succ=0.983 ret=+0.917 len= 7.6 ent=0.267 aL=-0.0059 vL=0.0020 t0=[none=0.04 m0=0.36 m1=0.61]
[u 2328] env= 19070976 succ=0.972 ret=+0.907 len= 7.5 ent=0.280 aL=-0.0026 vL=0.0022 t0=[none=0.04 m0=0.40 m1=0.57]
[u 2329] env= 19079168 succ=0.986 ret=+0.921 len= 7.5 ent=0.270 aL=-0.0057 vL=0.0008 t0=[none=0.04 m0=0.35 m1=0.61]
[u 2330] env= 19087360 succ=0.978 ret=+0.913 len= 7.5 ent=0.270 aL=-0.0024 vL=0.0021 t0=[none=0.03 m0=0.35 m1=0.61]
[u 2331] env= 19095552 succ=0.981 ret=+0.917 len= 7.4 ent=0.268 aL=+0.0189 vL=0.0011 t0=[none=0.03 m0=0.38 m1=0.59]
[u 2332] env= 19103744 succ=0.986 ret=+0.921 len= 7.5 ent=0.264 aL=-0.0045 vL=0.0015 t0=[none=0.03 m0=0.38 m1=0.59]
[u 2333] env= 19111936 succ=0.977 ret=+0.911 len= 7.6 ent=0.276 aL=-0.0060 vL=0.0015 t0=[none=0.04 m0=0.35 m1=0.61]
[u 2334] env= 19120128 succ=0.983 ret=+0.918 len= 7.5 ent=0.266 aL=-0.0028 vL=0.0015 t0=[none=0.03 m0=0.34 m1=0.63]
[u 2335] env= 19128320 succ=0.978 ret=+0.912 len= 7.6 ent=0.276 aL=-0.0043 vL=0.0017 t0=[none=0.04 m0=0.37 m1=0.59]
[u 2336] env= 19136512 succ=0.980 ret=+0.913 len= 7.6 ent=0.267 aL=-0.0050 vL=0.0016 t0=[none=0.04 m0=0.34 m1=0.62]
[u 2337] env= 19144704 succ=0.980 ret=+0.914 len= 7.6 ent=0.278 aL=-0.0035 vL=0.0025 t0=[none=0.04 m0=0.39 m1=0.57]
[u 2338] env= 19152896 succ=0.977 ret=+0.912 len= 7.5 ent=0.270 aL=-0.0048 vL=0.0015 t0=[none=0.03 m0=0.35 m1=0.62]
[u 2339] env= 19161088 succ=0.979 ret=+0.913 len= 7.6 ent=0.269 aL=+0.0045 vL=0.0016 t0=[none=0.03 m0=0.36 m1=0.60]
[u 2340] env= 19169280 succ=0.982 ret=+0.916 len= 7.5 ent=0.274 aL=-0.0025 vL=0.0014 t0=[none=0.04 m0=0.36 m1=0.61]
[u 2341] env= 19177472 succ=0.982 ret=+0.917 len= 7.5 ent=0.266 aL=-0.0055 vL=0.0012 t0=[none=0.04 m0=0.33 m1=0.63]
[u 2342] env= 19185664 succ=0.978 ret=+0.911 len= 7.7 ent=0.277 aL=-0.0051 vL=0.0013 t0=[none=0.03 m0=0.35 m1=0.62]
[u 2343] env= 19193856 succ=0.983 ret=+0.918 len= 7.5 ent=0.273 aL=-0.0028 vL=0.0018 t0=[none=0.04 m0=0.40 m1=0.57]
[u 2344] env= 19202048 succ=0.985 ret=+0.920 len= 7.5 ent=0.277 aL=-0.0042 vL=0.0012 t0=[none=0.03 m0=0.35 m1=0.62]
[u 2345] env= 19210240 succ=0.978 ret=+0.912 len= 7.6 ent=0.273 aL=-0.0037 vL=0.0008 t0=[none=0.04 m0=0.32 m1=0.64]
[u 2346] env= 19218432 succ=0.989 ret=+0.924 len= 7.5 ent=0.262 aL=-0.0032 vL=0.0008 t0=[none=0.03 m0=0.38 m1=0.59]
[u 2347] env= 19226624 succ=0.983 ret=+0.918 len= 7.5 ent=0.266 aL=-0.0041 vL=0.0011 t0=[none=0.03 m0=0.37 m1=0.60]
[u 2348] env= 19234816 succ=0.981 ret=+0.916 len= 7.4 ent=0.270 aL=+0.0010 vL=0.0014 t0=[none=0.03 m0=0.37 m1=0.59]
[u 2349] env= 19243008 succ=0.979 ret=+0.913 len= 7.6 ent=0.269 aL=-0.0028 vL=0.0011 t0=[none=0.04 m0=0.36 m1=0.60]
[u 2350] env= 19251200 succ=0.988 ret=+0.923 len= 7.5 ent=0.264 aL=-0.0072 vL=0.0015 t0=[none=0.03 m0=0.36 m1=0.61]
[u 2351] env= 19259392 succ=0.975 ret=+0.908 len= 7.7 ent=0.271 aL=-0.0040 vL=0.0018 t0=[none=0.05 m0=0.36 m1=0.59]
[u 2352] env= 19267584 succ=0.982 ret=+0.916 len= 7.6 ent=0.279 aL=+0.0003 vL=0.0013 t0=[none=0.04 m0=0.36 m1=0.60]
[u 2353] env= 19275776 succ=0.988 ret=+0.922 len= 7.6 ent=0.263 aL=-0.0026 vL=0.0016 t0=[none=0.03 m0=0.36 m1=0.61]
[u 2354] env= 19283968 succ=0.980 ret=+0.917 len= 7.3 ent=0.277 aL=+0.0009 vL=0.0011 t0=[none=0.03 m0=0.37 m1=0.60]
[u 2355] env= 19292160 succ=0.973 ret=+0.906 len= 7.7 ent=0.282 aL=+0.0020 vL=0.0016 t0=[none=0.02 m0=0.36 m1=0.61]
[u 2356] env= 19300352 succ=0.984 ret=+0.919 len= 7.5 ent=0.260 aL=-0.0031 vL=0.0013 t0=[none=0.04 m0=0.33 m1=0.63]
[u 2357] env= 19308544 succ=0.986 ret=+0.922 len= 7.5 ent=0.264 aL=+0.0026 vL=0.0006 t0=[none=0.03 m0=0.38 m1=0.59]
[u 2358] env= 19316736 succ=0.984 ret=+0.920 len= 7.4 ent=0.271 aL=-0.0019 vL=0.0015 t0=[none=0.03 m0=0.40 m1=0.57]
[u 2359] env= 19324928 succ=0.979 ret=+0.913 len= 7.6 ent=0.268 aL=-0.0069 vL=0.0020 t0=[none=0.04 m0=0.36 m1=0.60]
[u 2360] env= 19333120 succ=0.976 ret=+0.912 len= 7.4 ent=0.271 aL=-0.0014 vL=0.0015 t0=[none=0.04 m0=0.36 m1=0.60]
[u 2361] env= 19341312 succ=0.978 ret=+0.912 len= 7.6 ent=0.271 aL=-0.0010 vL=0.0014 t0=[none=0.04 m0=0.37 m1=0.59]
[u 2362] env= 19349504 succ=0.980 ret=+0.914 len= 7.5 ent=0.279 aL=-0.0045 vL=0.0032 t0=[none=0.04 m0=0.34 m1=0.62]
[u 2363] env= 19357696 succ=0.983 ret=+0.918 len= 7.4 ent=0.262 aL=-0.0018 vL=0.0014 t0=[none=0.03 m0=0.35 m1=0.63]
[u 2364] env= 19365888 succ=0.982 ret=+0.916 len= 7.5 ent=0.278 aL=-0.0048 vL=0.0015 t0=[none=0.03 m0=0.36 m1=0.61]
[u 2365] env= 19374080 succ=0.981 ret=+0.915 len= 7.5 ent=0.272 aL=-0.0029 vL=0.0017 t0=[none=0.04 m0=0.39 m1=0.57]
[u 2366] env= 19382272 succ=0.981 ret=+0.916 len= 7.6 ent=0.273 aL=-0.0054 vL=0.0014 t0=[none=0.03 m0=0.35 m1=0.63]
[u 2367] env= 19390464 succ=0.977 ret=+0.911 len= 7.6 ent=0.263 aL=-0.0043 vL=0.0019 t0=[none=0.04 m0=0.35 m1=0.61]
[u 2368] env= 19398656 succ=0.978 ret=+0.912 len= 7.5 ent=0.274 aL=-0.0007 vL=0.0030 t0=[none=0.04 m0=0.35 m1=0.60]
[u 2369] env= 19406848 succ=0.975 ret=+0.907 len= 7.7 ent=0.278 aL=-0.0041 vL=0.0017 t0=[none=0.03 m0=0.42 m1=0.55]
[u 2370] env= 19415040 succ=0.981 ret=+0.915 len= 7.6 ent=0.267 aL=+0.0003 vL=0.0016 t0=[none=0.03 m0=0.36 m1=0.61]
[u 2371] env= 19423232 succ=0.981 ret=+0.917 len= 7.4 ent=0.273 aL=-0.0050 vL=0.0016 t0=[none=0.03 m0=0.35 m1=0.62]
[u 2372] env= 19431424 succ=0.979 ret=+0.913 len= 7.6 ent=0.274 aL=-0.0032 vL=0.0017 t0=[none=0.04 m0=0.36 m1=0.60]
[u 2373] env= 19439616 succ=0.980 ret=+0.913 len= 7.7 ent=0.269 aL=+0.0004 vL=0.0027 t0=[none=0.03 m0=0.39 m1=0.58]
[u 2374] env= 19447808 succ=0.980 ret=+0.914 len= 7.6 ent=0.262 aL=-0.0075 vL=0.0011 t0=[none=0.03 m0=0.38 m1=0.59]
[u 2375] env= 19456000 succ=0.982 ret=+0.917 len= 7.5 ent=0.265 aL=-0.0035 vL=0.0010 t0=[none=0.03 m0=0.38 m1=0.59]
[u 2376] env= 19464192 succ=0.973 ret=+0.907 len= 7.6 ent=0.268 aL=-0.0014 vL=0.0019 t0=[none=0.03 m0=0.35 m1=0.62]
[u 2377] env= 19472384 succ=0.980 ret=+0.915 len= 7.5 ent=0.265 aL=-0.0023 vL=0.0018 t0=[none=0.04 m0=0.37 m1=0.59]
[u 2378] env= 19480576 succ=0.984 ret=+0.918 len= 7.6 ent=0.278 aL=-0.0006 vL=0.0012 t0=[none=0.04 m0=0.33 m1=0.63]
[u 2379] env= 19488768 succ=0.980 ret=+0.914 len= 7.6 ent=0.277 aL=-0.0072 vL=0.0011 t0=[none=0.04 m0=0.36 m1=0.61]
[u 2380] env= 19496960 succ=0.978 ret=+0.913 len= 7.5 ent=0.261 aL=-0.0071 vL=0.0011 t0=[none=0.03 m0=0.36 m1=0.61]
[u 2381] env= 19505152 succ=0.972 ret=+0.906 len= 7.6 ent=0.277 aL=-0.0043 vL=0.0028 t0=[none=0.03 m0=0.38 m1=0.59]
[u 2382] env= 19513344 succ=0.979 ret=+0.914 len= 7.5 ent=0.269 aL=-0.0015 vL=0.0014 t0=[none=0.03 m0=0.38 m1=0.60]
[u 2383] env= 19521536 succ=0.977 ret=+0.910 len= 7.7 ent=0.278 aL=+0.0027 vL=0.0020 t0=[none=0.04 m0=0.38 m1=0.59]
[u 2384] env= 19529728 succ=0.975 ret=+0.909 len= 7.6 ent=0.276 aL=-0.0015 vL=0.0019 t0=[none=0.04 m0=0.38 m1=0.59]
[u 2385] env= 19537920 succ=0.978 ret=+0.911 len= 7.7 ent=0.278 aL=-0.0053 vL=0.0015 t0=[none=0.04 m0=0.38 m1=0.59]
[u 2386] env= 19546112 succ=0.980 ret=+0.914 len= 7.5 ent=0.274 aL=-0.0022 vL=0.0011 t0=[none=0.03 m0=0.37 m1=0.60]
[u 2387] env= 19554304 succ=0.977 ret=+0.912 len= 7.5 ent=0.272 aL=-0.0040 vL=0.0017 t0=[none=0.04 m0=0.37 m1=0.59]
[u 2388] env= 19562496 succ=0.975 ret=+0.909 len= 7.6 ent=0.276 aL=-0.0055 vL=0.0014 t0=[none=0.03 m0=0.37 m1=0.60]
[u 2389] env= 19570688 succ=0.980 ret=+0.913 len= 7.7 ent=0.269 aL=-0.0004 vL=0.0012 t0=[none=0.04 m0=0.37 m1=0.59]
[u 2390] env= 19578880 succ=0.981 ret=+0.916 len= 7.5 ent=0.265 aL=-0.0043 vL=0.0016 t0=[none=0.04 m0=0.38 m1=0.58]
[u 2391] env= 19587072 succ=0.984 ret=+0.919 len= 7.5 ent=0.262 aL=-0.0035 vL=0.0018 t0=[none=0.05 m0=0.37 m1=0.59]
[u 2392] env= 19595264 succ=0.975 ret=+0.909 len= 7.6 ent=0.279 aL=-0.0036 vL=0.0022 t0=[none=0.03 m0=0.37 m1=0.60]
[u 2393] env= 19603456 succ=0.973 ret=+0.906 len= 7.6 ent=0.278 aL=-0.0080 vL=0.0010 t0=[none=0.03 m0=0.36 m1=0.61]
[u 2394] env= 19611648 succ=0.984 ret=+0.918 len= 7.5 ent=0.266 aL=-0.0076 vL=0.0017 t0=[none=0.04 m0=0.34 m1=0.63]
[u 2395] env= 19619840 succ=0.986 ret=+0.923 len= 7.3 ent=0.265 aL=-0.0020 vL=0.0015 t0=[none=0.03 m0=0.35 m1=0.62]
[u 2396] env= 19628032 succ=0.976 ret=+0.910 len= 7.6 ent=0.279 aL=-0.0002 vL=0.0011 t0=[none=0.03 m0=0.34 m1=0.63]
[u 2397] env= 19636224 succ=0.980 ret=+0.914 len= 7.6 ent=0.275 aL=-0.0020 vL=0.0017 t0=[none=0.04 m0=0.36 m1=0.60]
[u 2398] env= 19644416 succ=0.974 ret=+0.908 len= 7.6 ent=0.282 aL=-0.0074 vL=0.0020 t0=[none=0.02 m0=0.38 m1=0.60]
[u 2399] env= 19652608 succ=0.980 ret=+0.914 len= 7.6 ent=0.273 aL=-0.0036 vL=0.0016 t0=[none=0.04 m0=0.34 m1=0.62]
[u 2400] env= 19660800 succ=0.977 ret=+0.913 len= 7.4 ent=0.275 aL=-0.0030 vL=0.0019 t0=[none=0.02 m0=0.35 m1=0.62]
[u 2401] env= 19668992 succ=0.978 ret=+0.913 len= 7.5 ent=0.267 aL=+0.0240 vL=0.0017 t0=[none=0.03 m0=0.35 m1=0.61]
[u 2402] env= 19677184 succ=0.983 ret=+0.917 len= 7.6 ent=0.271 aL=-0.0031 vL=0.0013 t0=[none=0.04 m0=0.36 m1=0.60]
[u 2403] env= 19685376 succ=0.987 ret=+0.921 len= 7.5 ent=0.269 aL=-0.0023 vL=0.0008 t0=[none=0.04 m0=0.37 m1=0.59]
[u 2404] env= 19693568 succ=0.972 ret=+0.905 len= 7.7 ent=0.280 aL=-0.0054 vL=0.0024 t0=[none=0.04 m0=0.35 m1=0.60]
[u 2405] env= 19701760 succ=0.980 ret=+0.913 len= 7.6 ent=0.274 aL=-0.0005 vL=0.0016 t0=[none=0.03 m0=0.35 m1=0.62]
[u 2406] env= 19709952 succ=0.987 ret=+0.922 len= 7.5 ent=0.266 aL=-0.0045 vL=0.0015 t0=[none=0.03 m0=0.39 m1=0.58]
[u 2407] env= 19718144 succ=0.977 ret=+0.912 len= 7.5 ent=0.268 aL=+0.0007 vL=0.0016 t0=[none=0.03 m0=0.39 m1=0.59]
[u 2408] env= 19726336 succ=0.975 ret=+0.908 len= 7.6 ent=0.272 aL=-0.0039 vL=0.0019 t0=[none=0.03 m0=0.36 m1=0.61]
[u 2409] env= 19734528 succ=0.983 ret=+0.918 len= 7.6 ent=0.279 aL=-0.0043 vL=0.0010 t0=[none=0.04 m0=0.38 m1=0.58]
[u 2410] env= 19742720 succ=0.979 ret=+0.913 len= 7.6 ent=0.267 aL=-0.0006 vL=0.0017 t0=[none=0.04 m0=0.37 m1=0.59]
[u 2411] env= 19750912 succ=0.985 ret=+0.920 len= 7.5 ent=0.267 aL=-0.0060 vL=0.0011 t0=[none=0.03 m0=0.37 m1=0.59]
[u 2412] env= 19759104 succ=0.978 ret=+0.912 len= 7.6 ent=0.267 aL=-0.0042 vL=0.0017 t0=[none=0.04 m0=0.35 m1=0.61]
[u 2413] env= 19767296 succ=0.981 ret=+0.915 len= 7.5 ent=0.267 aL=-0.0001 vL=0.0012 t0=[none=0.04 m0=0.36 m1=0.60]
[u 2414] env= 19775488 succ=0.983 ret=+0.917 len= 7.5 ent=0.267 aL=+0.0050 vL=0.0010 t0=[none=0.04 m0=0.36 m1=0.60]
[u 2415] env= 19783680 succ=0.983 ret=+0.918 len= 7.5 ent=0.269 aL=+0.0015 vL=0.0017 t0=[none=0.04 m0=0.36 m1=0.61]
[u 2416] env= 19791872 succ=0.979 ret=+0.914 len= 7.5 ent=0.276 aL=-0.0021 vL=0.0011 t0=[none=0.03 m0=0.36 m1=0.61]
[u 2417] env= 19800064 succ=0.974 ret=+0.909 len= 7.5 ent=0.272 aL=+0.0006 vL=0.0016 t0=[none=0.03 m0=0.38 m1=0.58]
[u 2418] env= 19808256 succ=0.985 ret=+0.920 len= 7.5 ent=0.263 aL=+0.0040 vL=0.0016 t0=[none=0.04 m0=0.35 m1=0.61]
[u 2419] env= 19816448 succ=0.980 ret=+0.915 len= 7.4 ent=0.263 aL=+0.0001 vL=0.0013 t0=[none=0.04 m0=0.35 m1=0.61]
[u 2420] env= 19824640 succ=0.980 ret=+0.915 len= 7.5 ent=0.267 aL=-0.0034 vL=0.0021 t0=[none=0.04 m0=0.37 m1=0.60]
[u 2421] env= 19832832 succ=0.975 ret=+0.909 len= 7.6 ent=0.277 aL=+0.0006 vL=0.0018 t0=[none=0.04 m0=0.34 m1=0.62]
[u 2422] env= 19841024 succ=0.980 ret=+0.915 len= 7.5 ent=0.274 aL=-0.0023 vL=0.0018 t0=[none=0.04 m0=0.35 m1=0.61]
[u 2423] env= 19849216 succ=0.983 ret=+0.918 len= 7.6 ent=0.278 aL=-0.0093 vL=0.0011 t0=[none=0.05 m0=0.34 m1=0.62]
[u 2424] env= 19857408 succ=0.980 ret=+0.914 len= 7.6 ent=0.271 aL=-0.0066 vL=0.0014 t0=[none=0.04 m0=0.38 m1=0.58]
[u 2425] env= 19865600 succ=0.984 ret=+0.920 len= 7.5 ent=0.265 aL=+0.0002 vL=0.0015 t0=[none=0.04 m0=0.36 m1=0.60]
[u 2426] env= 19873792 succ=0.981 ret=+0.915 len= 7.6 ent=0.272 aL=-0.0025 vL=0.0016 t0=[none=0.04 m0=0.34 m1=0.62]
[u 2427] env= 19881984 succ=0.978 ret=+0.913 len= 7.5 ent=0.271 aL=-0.0080 vL=0.0012 t0=[none=0.03 m0=0.39 m1=0.58]
[u 2428] env= 19890176 succ=0.984 ret=+0.920 len= 7.4 ent=0.270 aL=-0.0029 vL=0.0016 t0=[none=0.03 m0=0.34 m1=0.63]
[u 2429] env= 19898368 succ=0.973 ret=+0.906 len= 7.7 ent=0.284 aL=-0.0006 vL=0.0023 t0=[none=0.04 m0=0.36 m1=0.60]
[u 2430] env= 19906560 succ=0.983 ret=+0.916 len= 7.6 ent=0.264 aL=-0.0006 vL=0.0011 t0=[none=0.03 m0=0.37 m1=0.60]
[u 2431] env= 19914752 succ=0.981 ret=+0.916 len= 7.6 ent=0.270 aL=-0.0002 vL=0.0016 t0=[none=0.04 m0=0.36 m1=0.61]
[u 2432] env= 19922944 succ=0.973 ret=+0.906 len= 7.6 ent=0.275 aL=-0.0036 vL=0.0028 t0=[none=0.03 m0=0.35 m1=0.62]
[u 2433] env= 19931136 succ=0.980 ret=+0.915 len= 7.5 ent=0.278 aL=-0.0017 vL=0.0011 t0=[none=0.03 m0=0.38 m1=0.59]
[u 2434] env= 19939328 succ=0.980 ret=+0.914 len= 7.6 ent=0.271 aL=-0.0036 vL=0.0013 t0=[none=0.02 m0=0.38 m1=0.59]
[u 2435] env= 19947520 succ=0.985 ret=+0.920 len= 7.5 ent=0.266 aL=-0.0001 vL=0.0011 t0=[none=0.03 m0=0.35 m1=0.62]
[u 2436] env= 19955712 succ=0.980 ret=+0.914 len= 7.5 ent=0.266 aL=-0.0028 vL=0.0019 t0=[none=0.04 m0=0.37 m1=0.59]
[u 2437] env= 19963904 succ=0.976 ret=+0.910 len= 7.6 ent=0.269 aL=-0.0060 vL=0.0011 t0=[none=0.04 m0=0.35 m1=0.61]
[u 2438] env= 19972096 succ=0.981 ret=+0.915 len= 7.5 ent=0.268 aL=-0.0033 vL=0.0013 t0=[none=0.04 m0=0.34 m1=0.62]
[u 2439] env= 19980288 succ=0.983 ret=+0.918 len= 7.5 ent=0.272 aL=-0.0032 vL=0.0018 t0=[none=0.05 m0=0.37 m1=0.58]
[u 2440] env= 19988480 succ=0.984 ret=+0.918 len= 7.5 ent=0.261 aL=-0.0031 vL=0.0014 t0=[none=0.04 m0=0.38 m1=0.59]
[u 2441] env= 19996672 succ=0.984 ret=+0.918 len= 7.5 ent=0.266 aL=-0.0017 vL=0.0015 t0=[none=0.05 m0=0.38 m1=0.58]
[main] training done in 478.0s
    success_rate: [+0.1156, +0.1276, +0.1190, +0.1266, +0.1125, +0.1125, +0.1007, +0.1184, +0.1065, +0.1083, +0.1117, +0.1071, +0.0895, +0.0963, +0.1099, +0.1224, +0.1075, +0.1196, +0.1113, +0.1036, +0.1274, +0.1119, +0.1254, +0.1113, +0.1123, +0.1254, +0.1136, +0.1023, +0.1105, +0.1224, +0.1142, +0.1325, +0.1345, +0.1281, +0.1161, +0.1135, +0.1090, +0.1215, +0.1419, +0.1133, +0.1188, +0.1339, +0.1191, +0.1261, +0.1078, +0.1125, +0.1000, +0.1196, +0.1175, +0.1323, +0.1176, +0.0988, +0.1174, +0.1409, +0.1075, +0.1215, +0.1346, +0.1376, +0.1670, +0.1672, +0.1664, +0.1448, +0.1374, +0.1463, +0.1548, +0.1797, +0.1750, +0.1949, +0.1915, +0.1899, +0.2065, +0.2256, +0.2435, +0.2545, +0.2463, +0.2504, +0.2578, +0.2565, +0.2658, +0.2704, +0.2929, +0.3008, +0.2720, +0.3005, +0.3243, +0.3297, +0.3418, +0.3431, +0.3307, +0.3045, +0.3798, +0.4018, +0.3573, +0.4315, +0.4063, +0.4269, +0.4335, +0.4321, +0.4766, +0.5070, +0.5190, +0.4789, +0.5670, +0.5840, +0.5783, +0.5771, +0.5954, +0.6029, +0.6126, +0.6164, +0.6147, +0.5982, +0.6634, +0.6371, +0.6717, +0.6744, +0.7044, +0.7107, +0.7157, +0.7168, +0.7310, +0.7476, +0.7571, +0.7520, +0.7805, +0.7692, +0.7960, +0.7875, +0.7879, +0.8050, +0.8264, +0.8178, +0.8439, +0.8245, +0.8408, +0.8394, +0.8522, +0.8601, +0.8301, +0.8629, +0.8337, +0.8784, +0.8763, +0.8884, +0.8581, +0.8700, +0.8850, +0.8707, +0.9088, +0.8984, +0.8843, +0.8806, +0.8838, +0.9001, +0.8867, +0.8696, +0.8802, +0.9033, +0.8870, +0.8849, +0.9083, +0.8972, +0.9039, +0.8968, +0.9017, +0.9236, +0.9106, +0.9159, +0.8834, +0.9229, +0.9054, +0.9031, +0.9171, +0.9082, +0.9278, +0.9071, +0.8972, +0.9180, +0.9225, +0.9044, +0.9251, +0.9388, +0.9275, +0.9136, +0.9340, +0.9251, +0.9354, +0.9138, +0.9342, +0.9286, +0.9133, +0.9373, +0.9173, +0.9355, +0.9272, +0.9278, +0.9268, +0.9232, +0.9365, +0.9175, +0.9286, +0.9481, +0.9323, +0.9266, +0.9189, +0.9335, +0.9431, +0.9412, +0.9241, +0.9395, +0.9201, +0.9379, +0.9433, +0.9420, +0.9281, +0.9345, +0.9228, +0.9266, +0.9367, +0.9400, +0.9378, +0.9368, +0.9360, +0.9394, +0.9411, +0.9379, +0.9600, +0.9350, +0.9115, +0.9347, +0.9347, +0.9291, +0.9281, +0.9409, +0.9180, +0.9397, +0.9459, +0.9382, +0.9318, +0.9418, +0.9534, +0.9401, +0.9338, +0.9043, +0.9323, +0.9252, +0.9269, +0.9442, +0.9277, +0.9390, +0.9234, +0.9377, +0.9257, +0.9187, +0.9353, +0.9203, +0.9419, +0.9376, +0.9242, +0.9075, +0.9316, +0.9384, +0.9355, +0.9117, +0.9281, +0.9226, +0.9319, +0.9369, +0.9367, +0.9365, +0.9113, +0.9459, +0.9296, +0.9404, +0.9511, +0.9427, +0.9345, +0.9534, +0.9447, +0.9357, +0.9248, +0.9215, +0.9453, +0.9388, +0.9366, +0.9326, +0.9350, +0.9442, +0.9462, +0.9344, +0.9458, +0.9501, +0.9433, +0.9386, +0.9298, +0.9353, +0.9373, +0.9376, +0.9434, +0.9425, +0.9271, +0.9394, +0.9327, +0.9443, +0.9411, +0.9299, +0.9331, +0.9358, +0.9254, +0.9427, +0.9337, +0.9464, +0.9511, +0.9377, +0.9367, +0.9401, +0.9427, +0.9372, +0.9146, +0.9483, +0.9496, +0.9349, +0.9462, +0.9398, +0.9472, +0.9499, +0.9550, +0.9608, +0.9281, +0.9370, +0.9324, +0.9205, +0.9354, +0.9284, +0.9352, +0.9213, +0.9218, +0.9359, +0.9446, +0.9348, +0.9405, +0.9314, +0.9428, +0.9371, +0.9318, +0.9306, +0.9488, +0.9457, +0.9472, +0.9302, +0.9320, +0.9425, +0.9433, +0.9595, +0.9401, +0.9366, +0.9231, +0.9255, +0.9281, +0.9320, +0.9432, +0.9417, +0.9491, +0.9416, +0.9582, +0.9461, +0.9465, +0.9424, +0.9491, +0.9579, +0.9447, +0.9545, +0.9601, +0.9646, +0.9536, +0.9616, +0.9461, +0.9435, +0.9601, +0.9521, +0.9425, +0.9569, +0.9511, +0.9404, +0.9597, +0.9590, +0.9489, +0.9565, +0.9373, +0.9534, +0.9458, +0.9559, +0.9482, +0.9495, +0.9627, +0.9527, +0.9441, +0.9345, +0.9474, +0.9449, +0.9390, +0.9569, +0.9381, +0.9507, +0.9592, +0.9484, +0.9469, +0.9530, +0.9417, +0.9561, +0.9515, +0.9500, +0.9552, +0.9605, +0.9407, +0.9528, +0.9541, +0.9572, +0.9512, +0.9378, +0.9572, +0.9400, +0.9589, +0.9537, +0.9493, +0.9619, +0.9609, +0.9706, +0.9574, +0.9422, +0.9549, +0.9455, +0.9477, +0.9529, +0.9516, +0.9594, +0.9405, +0.9529, +0.9466, +0.9566, +0.9485, +0.9476, +0.9439, +0.9363, +0.9498, +0.9330, +0.9631, +0.9548, +0.9482, +0.9654, +0.9556, +0.9501, +0.9452, +0.9393, +0.9462, +0.9574, +0.9494, +0.9275, +0.9487, +0.9436, +0.9417, +0.9432, +0.9548, +0.9446, +0.9602, +0.9487, +0.9482, +0.9595, +0.9470, +0.9384, +0.9490, +0.9410, +0.9488, +0.9465, +0.9568, +0.9567, +0.9574, +0.9481, +0.9468, +0.9550, +0.9492, +0.9594, +0.9605, +0.9361, +0.9555, +0.9527, +0.9422, +0.9464, +0.9450, +0.9425, +0.9625, +0.9610, +0.9560, +0.9506, +0.9626, +0.9638, +0.9537, +0.9513, +0.9480, +0.9564, +0.9483, +0.9527, +0.9508, +0.9423, +0.9512, +0.9545, +0.9468, +0.9550, +0.9502, +0.9606, +0.9615, +0.9530, +0.9519, +0.9639, +0.9606, +0.9536, +0.9577, +0.9618, +0.9596, +0.9641, +0.9502, +0.9648, +0.9512, +0.9512, +0.9593, +0.9702, +0.9545, +0.9354, +0.9556, +0.9652, +0.9489, +0.9633, +0.9429, +0.9503, +0.9567, +0.9464, +0.9383, +0.9576, +0.9347, +0.9582, +0.9483, +0.9488, +0.9656, +0.9561, +0.9615, +0.9504, +0.9583, +0.9522, +0.9615, +0.9515, +0.9572, +0.9673, +0.9523, +0.9661, +0.9496, +0.9537, +0.9555, +0.9615, +0.9572, +0.9606, +0.9516, +0.9525, +0.9523, +0.9490, +0.9517, +0.9423, +0.9454, +0.9668, +0.9627, +0.9495, +0.9536, +0.9636, +0.9603, +0.9605, +0.9574, +0.9519, +0.9661, +0.9747, +0.9699, +0.9497, +0.9521, +0.9472, +0.9655, +0.9654, +0.9533, +0.9650, +0.9508, +0.9679, +0.9607, +0.9654, +0.9505, +0.9482, +0.9597, +0.9532, +0.9610, +0.9540, +0.9694, +0.9494, +0.9548, +0.9507, +0.9462, +0.9466, +0.9625, +0.9690, +0.9593, +0.9515, +0.9481, +0.9460, +0.9538, +0.9587, +0.9388, +0.9377, +0.9377, +0.9573, +0.9564, +0.9553, +0.9586, +0.9667, +0.9543, +0.9366, +0.9545, +0.9546, +0.9597, +0.9522, +0.9398, +0.9596, +0.9498, +0.9559, +0.9574, +0.9580, +0.9694, +0.9582, +0.9567, +0.9541, +0.9588, +0.9620, +0.9586, +0.9588, +0.9578, +0.9685, +0.9647, +0.9495, +0.9472, +0.9525, +0.9634, +0.9553, +0.9461, +0.9450, +0.9433, +0.9477, +0.9512, +0.9441, +0.9477, +0.9480, +0.9458, +0.9443, +0.9457, +0.9498, +0.9337, +0.9550, +0.9629, +0.9457, +0.9429, +0.9457, +0.9507, +0.9463, +0.9436, +0.9415, +0.9561, +0.9392, +0.9376, +0.9524, +0.9528, +0.9473, +0.9621, +0.9470, +0.9555, +0.9406, +0.9459, +0.9516, +0.9539, +0.9544, +0.9423, +0.9461, +0.9517, +0.9466, +0.9577, +0.9549, +0.9595, +0.9481, +0.9506, +0.9535, +0.9574, +0.9512, +0.9504, +0.9620, +0.9514, +0.9455, +0.9535, +0.9636, +0.9482, +0.9412, +0.9419, +0.9468, +0.9485, +0.9448, +0.9550, +0.9507, +0.9425, +0.9619, +0.9520, +0.9622, +0.9622, +0.9639, +0.9601, +0.9577, +0.9547, +0.9432, +0.9509, +0.9500, +0.9560, +0.9519, +0.9619, +0.9692, +0.9512, +0.9590, +0.9623, +0.9566, +0.9688, +0.9611, +0.9679, +0.9577, +0.9720, +0.9724, +0.9658, +0.9682, +0.9682, +0.9688, +0.9674, +0.9704, +0.9675, +0.9610, +0.9539, +0.9620, +0.9638, +0.9536, +0.9659, +0.9585, +0.9662, +0.9697, +0.9536, +0.9711, +0.9680, +0.9672, +0.9749, +0.9540, +0.9602, +0.9655, +0.9596, +0.9654, +0.9554, +0.9480, +0.9625, +0.9596, +0.9572, +0.9612, +0.9594, +0.9615, +0.9659, +0.9668, +0.9688, +0.9563, +0.9678, +0.9651, +0.9639, +0.9533, +0.9662, +0.9584, +0.9664, +0.9637, +0.9582, +0.9545, +0.9582, +0.9542, +0.9512, +0.9555, +0.9591, +0.9622, +0.9551, +0.9591, +0.9690, +0.9455, +0.9653, +0.9455, +0.9609, +0.9455, +0.9573, +0.9599, +0.9622, +0.9528, +0.9463, +0.9623, +0.9358, +0.9616, +0.9545, +0.9619, +0.9578, +0.9637, +0.9564, +0.9579, +0.9548, +0.9548, +0.9597, +0.9537, +0.9563, +0.9512, +0.9473, +0.9523, +0.9575, +0.9519, +0.9683, +0.9650, +0.9691, +0.9618, +0.9617, +0.9607, +0.9621, +0.9588, +0.9671, +0.9577, +0.9641, +0.9614, +0.9637, +0.9688, +0.9518, +0.9517, +0.9611, +0.9394, +0.9561, +0.9555, +0.9324, +0.9540, +0.9491, +0.9562, +0.9609, +0.9466, +0.9569, +0.9552, +0.9564, +0.9673, +0.9501, +0.9508, +0.9484, +0.9685, +0.9574, +0.9632, +0.9671, +0.9563, +0.9615, +0.9599, +0.9528, +0.9599, +0.9603, +0.9557, +0.9558, +0.9653, +0.9604, +0.9507, +0.9562, +0.9456, +0.9430, +0.9571, +0.9529, +0.9407, +0.9532, +0.9656, +0.9506, +0.9597, +0.9649, +0.9543, +0.9525, +0.9587, +0.9581, +0.9483, +0.9575, +0.9503, +0.9622, +0.9542, +0.9700, +0.9646, +0.9673, +0.9627, +0.9454, +0.9576, +0.9665, +0.9650, +0.9543, +0.9636, +0.9674, +0.9707, +0.9591, +0.9632, +0.9589, +0.9611, +0.9484, +0.9571, +0.9477, +0.9636, +0.9491, +0.9450, +0.9517, +0.9537, +0.9489, +0.9523, +0.9585, +0.9615, +0.9617, +0.9540, +0.9448, +0.9611, +0.9595, +0.9606, +0.9515, +0.9519, +0.9669, +0.9541, +0.9655, +0.9494, +0.9508, +0.9595, +0.9681, +0.9585, +0.9584, +0.9489, +0.9622, +0.9600, +0.9655, +0.9528, +0.9645, +0.9476, +0.9583, +0.9700, +0.9591, +0.9689, +0.9571, +0.9533, +0.9555, +0.9533, +0.9633, +0.9629, +0.9600, +0.9468, +0.9572, +0.9637, +0.9722, +0.9519, +0.9486, +0.9541, +0.9529, +0.9553, +0.9640, +0.9532, +0.9564, +0.9446, +0.9471, +0.9602, +0.9672, +0.9559, +0.9715, +0.9596, +0.9508, +0.9571, +0.9638, +0.9619, +0.9564, +0.9601, +0.9693, +0.9533, +0.9619, +0.9526, +0.9686, +0.9644, +0.9611, +0.9625, +0.9600, +0.9681, +0.9570, +0.9672, +0.9639, +0.9512, +0.9653, +0.9625, +0.9492, +0.9633, +0.9639, +0.9489, +0.9569, +0.9580, +0.9557, +0.9578, +0.9676, +0.9743, +0.9633, +0.9638, +0.9512, +0.9518, +0.9490, +0.9671, +0.9521, +0.9641, +0.9541, +0.9503, +0.9406, +0.9489, +0.9496, +0.9377, +0.9719, +0.9540, +0.9488, +0.9556, +0.9485, +0.9547, +0.9477, +0.9650, +0.9561, +0.9513, +0.9376, +0.9582, +0.9515, +0.9405, +0.9561, +0.9510, +0.9483, +0.9618, +0.9595, +0.9515, +0.9624, +0.9642, +0.9557, +0.9522, +0.9621, +0.9620, +0.9382, +0.9423, +0.9680, +0.9497, +0.9446, +0.9497, +0.9644, +0.9561, +0.9440, +0.9552, +0.9561, +0.9586, +0.9365, +0.9620, +0.9627, +0.9577, +0.9627, +0.9717, +0.9542, +0.9602, +0.9668, +0.9628, +0.9587, +0.9732, +0.9766, +0.9673, +0.9705, +0.9662, +0.9679, +0.9613, +0.9696, +0.9584, +0.9555, +0.9642, +0.9612, +0.9739, +0.9729, +0.9526, +0.9591, +0.9610, +0.9689, +0.9694, +0.9664, +0.9562, +0.9603, +0.9551, +0.9652, +0.9610, +0.9541, +0.9573, +0.9716, +0.9553, +0.9552, +0.9568, +0.9540, +0.9497, +0.9572, +0.9559, +0.9658, +0.9734, +0.9593, +0.9644, +0.9502, +0.9507, +0.9707, +0.9606, +0.9469, +0.9570, +0.9584, +0.9597, +0.9625, +0.9558, +0.9659, +0.9596, +0.9595, +0.9677, +0.9505, +0.9654, +0.9701, +0.9707, +0.9681, +0.9681, +0.9514, +0.9637, +0.9663, +0.9676, +0.9758, +0.9684, +0.9631, +0.9727, +0.9715, +0.9680, +0.9589, +0.9690, +0.9648, +0.9755, +0.9631, +0.9589, +0.9716, +0.9675, +0.9718, +0.9609, +0.9677, +0.9618, +0.9647, +0.9622, +0.9697, +0.9600, +0.9598, +0.9670, +0.9605, +0.9635, +0.9673, +0.9658, +0.9650, +0.9653, +0.9762, +0.9661, +0.9721, +0.9711, +0.9689, +0.9599, +0.9667, +0.9659, +0.9655, +0.9695, +0.9607, +0.9569, +0.9656, +0.9706, +0.9613, +0.9699, +0.9710, +0.9663, +0.9668, +0.9696, +0.9650, +0.9619, +0.9569, +0.9705, +0.9487, +0.9666, +0.9638, +0.9586, +0.9770, +0.9630, +0.9559, +0.9533, +0.9552, +0.9648, +0.9649, +0.9577, +0.9570, +0.9428, +0.9511, +0.9616, +0.9564, +0.9545, +0.9587, +0.9474, +0.9688, +0.9657, +0.9337, +0.9668, +0.9530, +0.9473, +0.9591, +0.9442, +0.9599, +0.9669, +0.9662, +0.9622, +0.9713, +0.9618, +0.9569, +0.9522, +0.9650, +0.9674, +0.9606, +0.9537, +0.9383, +0.9515, +0.9703, +0.9587, +0.9364, +0.9740, +0.9705, +0.9608, +0.9532, +0.9525, +0.9671, +0.9494, +0.9659, +0.9639, +0.9560, +0.9550, +0.9723, +0.9605, +0.9528, +0.9508, +0.9632, +0.9648, +0.9592, +0.9690, +0.9506, +0.9605, +0.9625, +0.9621, +0.9623, +0.9617, +0.9623, +0.9623, +0.9629, +0.9699, +0.9475, +0.9497, +0.9547, +0.9510, +0.9598, +0.9555, +0.9548, +0.9515, +0.9610, +0.9500, +0.9593, +0.9617, +0.9611, +0.9616, +0.9477, +0.9595, +0.9622, +0.9554, +0.9611, +0.9602, +0.9592, +0.9681, +0.9643, +0.9556, +0.9579, +0.9600, +0.9618, +0.9527, +0.9637, +0.9522, +0.9589, +0.9676, +0.9611, +0.9623, +0.9570, +0.9634, +0.9597, +0.9628, +0.9600, +0.9600, +0.9590, +0.9673, +0.9549, +0.9518, +0.9650, +0.9552, +0.9592, +0.9689, +0.9635, +0.9622, +0.9624, +0.9551, +0.9534, +0.9634, +0.9510, +0.9592, +0.9410, +0.9688, +0.9595, +0.9546, +0.9615, +0.9610, +0.9597, +0.9615, +0.9625, +0.9701, +0.9586, +0.9603, +0.9510, +0.9675, +0.9682, +0.9717, +0.9565, +0.9673, +0.9669, +0.9500, +0.9509, +0.9560, +0.9561, +0.9559, +0.9542, +0.9640, +0.9526, +0.9490, +0.9631, +0.9563, +0.9552, +0.9441, +0.9533, +0.9627, +0.9515, +0.9544, +0.9565, +0.9569, +0.9566, +0.9668, +0.9506, +0.9512, +0.9489, +0.9555, +0.9573, +0.9503, +0.9659, +0.9616, +0.9550, +0.9546, +0.9553, +0.9667, +0.9482, +0.9499, +0.9532, +0.9464, +0.9547, +0.9526, +0.9689, +0.9549, +0.9600, +0.9475, +0.9655, +0.9594, +0.9696, +0.9607, +0.9656, +0.9587, +0.9545, +0.9567, +0.9587, +0.9521, +0.9597, +0.9451, +0.9576, +0.9589, +0.9505, +0.9504, +0.9641, +0.9633, +0.9582, +0.9544, +0.9623, +0.9595, +0.9600, +0.9564, +0.9676, +0.9587, +0.9578, +0.9667, +0.9677, +0.9685, +0.9583, +0.9621, +0.9635, +0.9718, +0.9666, +0.9562, +0.9599, +0.9621, +0.9595, +0.9518, +0.9625, +0.9569, +0.9707, +0.9629, +0.9592, +0.9755, +0.9624, +0.9709, +0.9570, +0.9691, +0.9683, +0.9690, +0.9679, +0.9726, +0.9774, +0.9544, +0.9501, +0.9666, +0.9567, +0.9709, +0.9687, +0.9654, +0.9792, +0.9593, +0.9555, +0.9673, +0.9701, +0.9663, +0.9713, +0.9615, +0.9641, +0.9741, +0.9739, +0.9668, +0.9701, +0.9626, +0.9683, +0.9603, +0.9645, +0.9547, +0.9605, +0.9582, +0.9783, +0.9717, +0.9735, +0.9662, +0.9659, +0.9653, +0.9689, +0.9789, +0.9635, +0.9783, +0.9727, +0.9553, +0.9718, +0.9726, +0.9573, +0.9656, +0.9639, +0.9733, +0.9711, +0.9589, +0.9631, +0.9625, +0.9721, +0.9583, +0.9564, +0.9692, +0.9677, +0.9547, +0.9599, +0.9559, +0.9676, +0.9603, +0.9573, +0.9578, +0.9655, +0.9607, +0.9631, +0.9568, +0.9742, +0.9656, +0.9608, +0.9684, +0.9632, +0.9688, +0.9750, +0.9670, +0.9734, +0.9532, +0.9708, +0.9756, +0.9709, +0.9727, +0.9667, +0.9695, +0.9706, +0.9640, +0.9694, +0.9652, +0.9712, +0.9619, +0.9700, +0.9751, +0.9578, +0.9684, +0.9697, +0.9722, +0.9637, +0.9697, +0.9749, +0.9709, +0.9704, +0.9744, +0.9698, +0.9616, +0.9782, +0.9792, +0.9734, +0.9758, +0.9748, +0.9718, +0.9677, +0.9776, +0.9763, +0.9842, +0.9766, +0.9805, +0.9728, +0.9809, +0.9796, +0.9777, +0.9777, +0.9711, +0.9862, +0.9761, +0.9798, +0.9777, +0.9733, +0.9777, +0.9854, +0.9767, +0.9810, +0.9750, +0.9807, +0.9759, +0.9755, +0.9839, +0.9691, +0.9695, +0.9724, +0.9862, +0.9815, +0.9770, +0.9787, +0.9782, +0.9846, +0.9690, +0.9790, +0.9786, +0.9817, +0.9719, +0.9729, +0.9780, +0.9844, +0.9823, +0.9741, +0.9816, +0.9754, +0.9824, +0.9645, +0.9776, +0.9704, +0.9834, +0.9665, +0.9852, +0.9807, +0.9746, +0.9824, +0.9735, +0.9841, +0.9766, +0.9829, +0.9816, +0.9738, +0.9770, +0.9808, +0.9815, +0.9727, +0.9768, +0.9822, +0.9647, +0.9785, +0.9829, +0.9820, +0.9765, +0.9778, +0.9751, +0.9734, +0.9685, +0.9792, +0.9706, +0.9683, +0.9713, +0.9787, +0.9869, +0.9819, +0.9763, +0.9763, +0.9845, +0.9801, +0.9672, +0.9797, +0.9780, +0.9821, +0.9758, +0.9726, +0.9749, +0.9847, +0.9753, +0.9851, +0.9748, +0.9813, +0.9807, +0.9802, +0.9861, +0.9890, +0.9822, +0.9844, +0.9849, +0.9741, +0.9804, +0.9810, +0.9810, +0.9785, +0.9802, +0.9815, +0.9764, +0.9699, +0.9728, +0.9863, +0.9648, +0.9814, +0.9746, +0.9814, +0.9791, +0.9763, +0.9738, +0.9735, +0.9738, +0.9804, +0.9790, +0.9774, +0.9683, +0.9775, +0.9789, +0.9669, +0.9742, +0.9822, +0.9739, +0.9795, +0.9813, +0.9779, +0.9760, +0.9701, +0.9701, +0.9762, +0.9716, +0.9700, +0.9747, +0.9759, +0.9774, +0.9726, +0.9700, +0.9705, +0.9759, +0.9770, +0.9634, +0.9763, +0.9754, +0.9667, +0.9776, +0.9787, +0.9740, +0.9779, +0.9803, +0.9758, +0.9731, +0.9732, +0.9720, +0.9812, +0.9590, +0.9722, +0.9681, +0.9719, +0.9662, +0.9718, +0.9708, +0.9769, +0.9723, +0.9723, +0.9730, +0.9767, +0.9780, +0.9807, +0.9704, +0.9643, +0.9775, +0.9751, +0.9730, +0.9695, +0.9757, +0.9716, +0.9701, +0.9658, +0.9721, +0.9652, +0.9634, +0.9797, +0.9759, +0.9742, +0.9631, +0.9702, +0.9699, +0.9666, +0.9689, +0.9721, +0.9669, +0.9700, +0.9706, +0.9770, +0.9698, +0.9723, +0.9702, +0.9698, +0.9721, +0.9770, +0.9711, +0.9743, +0.9698, +0.9717, +0.9805, +0.9820, +0.9775, +0.9661, +0.9694, +0.9769, +0.9804, +0.9671, +0.9748, +0.9776, +0.9725, +0.9754, +0.9795, +0.9710, +0.9751, +0.9642, +0.9815, +0.9761, +0.9684, +0.9835, +0.9670, +0.9741, +0.9615, +0.9621, +0.9677, +0.9747, +0.9593, +0.9654, +0.9751, +0.9551, +0.9751, +0.9737, +0.9665, +0.9664, +0.9700, +0.9808, +0.9691, +0.9688, +0.9750, +0.9691, +0.9704, +0.9705, +0.9719, +0.9671, +0.9691, +0.9730, +0.9804, +0.9574, +0.9685, +0.9608, +0.9620, +0.9706, +0.9747, +0.9656, +0.9691, +0.9711, +0.9624, +0.9739, +0.9661, +0.9718, +0.9644, +0.9680, +0.9745, +0.9704, +0.9670, +0.9633, +0.9682, +0.9687, +0.9751, +0.9586, +0.9660, +0.9618, +0.9656, +0.9565, +0.9720, +0.9583, +0.9769, +0.9791, +0.9709, +0.9672, +0.9606, +0.9776, +0.9651, +0.9742, +0.9756, +0.9743, +0.9654, +0.9785, +0.9718, +0.9652, +0.9705, +0.9653, +0.9742, +0.9751, +0.9729, +0.9719, +0.9687, +0.9721, +0.9618, +0.9785, +0.9720, +0.9692, +0.9764, +0.9776, +0.9726, +0.9756, +0.9688, +0.9778, +0.9774, +0.9734, +0.9701, +0.9771, +0.9824, +0.9731, +0.9804, +0.9681, +0.9767, +0.9787, +0.9681, +0.9728, +0.9665, +0.9775, +0.9836, +0.9824, +0.9775, +0.9790, +0.9811, +0.9788, +0.9706, +0.9773, +0.9757, +0.9785, +0.9755, +0.9639, +0.9790, +0.9782, +0.9717, +0.9844, +0.9783, +0.9775, +0.9748, +0.9778, +0.9723, +0.9730, +0.9741, +0.9777, +0.9802, +0.9825, +0.9743, +0.9796, +0.9778, +0.9774, +0.9785, +0.9845, +0.9785, +0.9795, +0.9863, +0.9807, +0.9750, +0.9784, +0.9802, +0.9801, +0.9786, +0.9809, +0.9759, +0.9834, +0.9815, +0.9728, +0.9739, +0.9775, +0.9804, +0.9785, +0.9860, +0.9767, +0.9739, +0.9824, +0.9863, +0.9769, +0.9787, +0.9863, +0.9871, +0.9729, +0.9749, +0.9870, +0.9717, +0.9835, +0.9826, +0.9853, +0.9842, +0.9824, +0.9899, +0.9788, +0.9860, +0.9832, +0.9737, +0.9714, +0.9891, +0.9871, +0.9842, +0.9765, +0.9810, +0.9825, +0.9859, +0.9728, +0.9798, +0.9861, +0.9825, +0.9796, +0.9873, +0.9806, +0.9720, +0.9810, +0.9824, +0.9800, +0.9796, +0.9804, +0.9768, +0.9798, +0.9861, +0.9793, +0.9759, +0.9798, +0.9803, +0.9811, +0.9817, +0.9854, +0.9814, +0.9818, +0.9845, +0.9823, +0.9806, +0.9815, +0.9814, +0.9807, +0.9774, +0.9835, +0.9842, +0.9838, +0.9823, +0.9779, +0.9842, +0.9844, +0.9765, +0.9806, +0.9809, +0.9829, +0.9843, +0.9889, +0.9781, +0.9798, +0.9747, +0.9853, +0.9865, +0.9870, +0.9806, +0.9870, +0.9861, +0.9750, +0.9871, +0.9791, +0.9817, +0.9844, +0.9871, +0.9715, +0.9863, +0.9807, +0.9788, +0.9766, +0.9810, +0.9864, +0.9731, +0.9798, +0.9817, +0.9782, +0.9823, +0.9788, +0.9824, +0.9807, +0.9813, +0.9696, +0.9872, +0.9778, +0.9834, +0.9824, +0.9798, +0.9787, +0.9787, +0.9837, +0.9806, +0.9862, +0.9799, +0.9835, +0.9797, +0.9830, +0.9701, +0.9729, +0.9760, +0.9807, +0.9855, +0.9822, +0.9778, +0.9815, +0.9871, +0.9788, +0.9747, +0.9835, +0.9743, +0.9792, +0.9811, +0.9821, +0.9861, +0.9834, +0.9798, +0.9852, +0.9797, +0.9837, +0.9777, +0.9855, +0.9873, +0.9799, +0.9780, +0.9836, +0.9860, +0.9794, +0.9719, +0.9783, +0.9771, +0.9791, +0.9789, +0.9864, +0.9826, +0.9844, +0.9829, +0.9860, +0.9828, +0.9852, +0.9845, +0.9889, +0.9846, +0.9833, +0.9818, +0.9803, +0.9754, +0.9842, +0.9862, +0.9779, +0.9845, +0.9844, +0.9843, +0.9811, +0.9809, +0.9851, +0.9781, +0.9799, +0.9873, +0.9861, +0.9817, +0.9836, +0.9808, +0.9845, +0.9726, +0.9685, +0.9822, +0.9720, +0.9781, +0.9790, +0.9747, +0.9872, +0.9870, +0.9826, +0.9788, +0.9854, +0.9815, +0.9874, +0.9816, +0.9791, +0.9852, +0.9880, +0.9806, +0.9717, +0.9770, +0.9845, +0.9824, +0.9816, +0.9833, +0.9769, +0.9863, +0.9862, +0.9842, +0.9856, +0.9765, +0.9792, +0.9853, +0.9766, +0.9819, +0.9863, +0.9807, +0.9816, +0.9797, +0.9805, +0.9824, +0.9781, +0.9815, +0.9828, +0.9785, +0.9807, +0.9890, +0.9804, +0.9733, +0.9815, +0.9814, +0.9874, +0.9833, +0.9838, +0.9797, +0.9851, +0.9816, +0.9847, +0.9788, +0.9804, +0.9833, +0.9872, +0.9856, +0.9759, +0.9800, +0.9787, +0.9863, +0.9844, +0.9752, +0.9768, +0.9832, +0.9843, +0.9863, +0.9889, +0.9793, +0.9781, +0.9817, +0.9764, +0.9803, +0.9890, +0.9805, +0.9890, +0.9798, +0.9881, +0.9806, +0.9741, +0.9844, +0.9880, +0.9825, +0.9807, +0.9816, +0.9826, +0.9796, +0.9814, +0.9845, +0.9766, +0.9864, +0.9881, +0.9836, +0.9803, +0.9880, +0.9776, +0.9795, +0.9817, +0.9768, +0.9737, +0.9819, +0.9825, +0.9883, +0.9732, +0.9871, +0.9852, +0.9770, +0.9816, +0.9843, +0.9743, +0.9843, +0.9796, +0.9854, +0.9761, +0.9804, +0.9751, +0.9806, +0.9826, +0.9834, +0.9809, +0.9841, +0.9826, +0.9711, +0.9761, +0.9825, +0.9897, +0.9851, +0.9789, +0.9823, +0.9871, +0.9806, +0.9829, +0.9898, +0.9811, +0.9834, +0.9862, +0.9770, +0.9826, +0.9853, +0.9777, +0.9781, +0.9844, +0.9800, +0.9863, +0.9796, +0.9844, +0.9796, +0.9815, +0.9789, +0.9872, +0.9779, +0.9824, +0.9889, +0.9821, +0.9796, +0.9879, +0.9803, +0.9771, +0.9709, +0.9807, +0.9806, +0.9769, +0.9854, +0.9777, +0.9804, +0.9837, +0.9728, +0.9759, +0.9815, +0.9779, +0.9787, +0.9767, +0.9834, +0.9815, +0.9881, +0.9822, +0.9755, +0.9616, +0.9856, +0.9765, +0.9819, +0.9816, +0.9818, +0.9854, +0.9795, +0.9833, +0.9818, +0.9750, +0.9851, +0.9759, +0.9860, +0.9806, +0.9794, +0.9749, +0.9846, +0.9873, +0.9778, +0.9837, +0.9881, +0.9771, +0.9822, +0.9733, +0.9786, +0.9762, +0.9805, +0.9833, +0.9724, +0.9862, +0.9779, +0.9809, +0.9856, +0.9767, +0.9828, +0.9777, +0.9797, +0.9796, +0.9773, +0.9787, +0.9817, +0.9816, +0.9784, +0.9834, +0.9852, +0.9781, +0.9890, +0.9827, +0.9809, +0.9788, +0.9881, +0.9754, +0.9824, +0.9881, +0.9802, +0.9726, +0.9837, +0.9864, +0.9844, +0.9789, +0.9762, +0.9779, +0.9796, +0.9828, +0.9817, +0.9806, +0.9814, +0.9772, +0.9777, +0.9748, +0.9805, +0.9811, +0.9786, +0.9803, +0.9805, +0.9817, +0.9734, +0.9797, +0.9835, +0.9803, +0.9783, +0.9719, +0.9791, +0.9771, +0.9753, +0.9781, +0.9800, +0.9771, +0.9750, +0.9795, +0.9807, +0.9844, +0.9748, +0.9729, +0.9838, +0.9864, +0.9759, +0.9803, +0.9744, +0.9805, +0.9773, +0.9780, +0.9834, +0.9870, +0.9718, +0.9798, +0.9870, +0.9771, +0.9748, +0.9833, +0.9787, +0.9854, +0.9777, +0.9806, +0.9828, +0.9834, +0.9790, +0.9743, +0.9853, +0.9799, +0.9799, +0.9752, +0.9798, +0.9834, +0.9798, +0.9844, +0.9808, +0.9778, +0.9845, +0.9726, +0.9825, +0.9815, +0.9725, +0.9797, +0.9798, +0.9853, +0.9797, +0.9763, +0.9807, +0.9834, +0.9835, +0.9835]
    ep_return_mean: [-0.0266, -0.0144, -0.0229, -0.0159, -0.0303, -0.0308, -0.0436, -0.0235, -0.0373, -0.0357, -0.0318, -0.0367, -0.0548, -0.0483, -0.0334, -0.0206, -0.0357, -0.0235, -0.0316, -0.0404, -0.0153, -0.0317, -0.0173, -0.0321, -0.0310, -0.0167, -0.0294, -0.0412, -0.0322, -0.0206, -0.0281, -0.0094, -0.0073, -0.0146, -0.0272, -0.0298, -0.0338, -0.0202, +0.0012, -0.0298, -0.0237, -0.0079, -0.0225, -0.0154, -0.0355, -0.0307, -0.0443, -0.0228, -0.0252, -0.0087, -0.0248, -0.0456, -0.0257, -0.0002, -0.0351, -0.0210, -0.0066, -0.0040, +0.0286, +0.0274, +0.0285, +0.0049, -0.0031, +0.0067, +0.0150, +0.0418, +0.0380, +0.0574, +0.0533, +0.0526, +0.0717, +0.0903, +0.1107, +0.1228, +0.1130, +0.1172, +0.1264, +0.1264, +0.1356, +0.1405, +0.1642, +0.1729, +0.1424, +0.1727, +0.1985, +0.2040, +0.2172, +0.2187, +0.2052, +0.1757, +0.2575, +0.2820, +0.2334, +0.3152, +0.2869, +0.3113, +0.3162, +0.3164, +0.3645, +0.3969, +0.4090, +0.3679, +0.4644, +0.4809, +0.4747, +0.4746, +0.4943, +0.4997, +0.5122, +0.5174, +0.5155, +0.4957, +0.5681, +0.5386, +0.5758, +0.5786, +0.6117, +0.6203, +0.6244, +0.6274, +0.6424, +0.6582, +0.6682, +0.6639, +0.6960, +0.6814, +0.7124, +0.7007, +0.7031, +0.7230, +0.7449, +0.7355, +0.7638, +0.7424, +0.7581, +0.7560, +0.7719, +0.7799, +0.7485, +0.7834, +0.7506, +0.8013, +0.7994, +0.8122, +0.7778, +0.7929, +0.8075, +0.7920, +0.8340, +0.8224, +0.8077, +0.8032, +0.8065, +0.8237, +0.8109, +0.7911, +0.8048, +0.8296, +0.8099, +0.8083, +0.8352, +0.8209, +0.8287, +0.8201, +0.8280, +0.8509, +0.8362, +0.8426, +0.8088, +0.8508, +0.8320, +0.8284, +0.8425, +0.8351, +0.8559, +0.8335, +0.8208, +0.8444, +0.8504, +0.8297, +0.8523, +0.8686, +0.8569, +0.8403, +0.8631, +0.8523, +0.8640, +0.8392, +0.8627, +0.8562, +0.8399, +0.8657, +0.8437, +0.8660, +0.8559, +0.8566, +0.8560, +0.8508, +0.8652, +0.8443, +0.8568, +0.8764, +0.8616, +0.8545, +0.8447, +0.8627, +0.8720, +0.8708, +0.8502, +0.8679, +0.8478, +0.8667, +0.8745, +0.8707, +0.8576, +0.8638, +0.8510, +0.8567, +0.8664, +0.8701, +0.8666, +0.8660, +0.8656, +0.8664, +0.8711, +0.8658, +0.8890, +0.8640, +0.8374, +0.8635, +0.8625, +0.8561, +0.8561, +0.8705, +0.8460, +0.8684, +0.8754, +0.8675, +0.8600, +0.8700, +0.8829, +0.8694, +0.8611, +0.8294, +0.8592, +0.8535, +0.8556, +0.8745, +0.8565, +0.8671, +0.8514, +0.8682, +0.8534, +0.8454, +0.8653, +0.8473, +0.8719, +0.8656, +0.8505, +0.8334, +0.8597, +0.8683, +0.8632, +0.8374, +0.8531, +0.8497, +0.8607, +0.8658, +0.8632, +0.8639, +0.8366, +0.8730, +0.8568, +0.8689, +0.8818, +0.8704, +0.8642, +0.8828, +0.8734, +0.8635, +0.8527, +0.8484, +0.8731, +0.8680, +0.8659, +0.8619, +0.8649, +0.8730, +0.8758, +0.8627, +0.8743, +0.8790, +0.8715, +0.8676, +0.8566, +0.8627, +0.8640, +0.8662, +0.8712, +0.8691, +0.8527, +0.8664, +0.8602, +0.8715, +0.8679, +0.8571, +0.8604, +0.8638, +0.8538, +0.8719, +0.8616, +0.8752, +0.8786, +0.8662, +0.8656, +0.8696, +0.8723, +0.8658, +0.8408, +0.8785, +0.8789, +0.8635, +0.8748, +0.8677, +0.8780, +0.8780, +0.8845, +0.8902, +0.8554, +0.8659, +0.8599, +0.8470, +0.8643, +0.8554, +0.8629, +0.8468, +0.8507, +0.8636, +0.8740, +0.8629, +0.8701, +0.8596, +0.8727, +0.8630, +0.8609, +0.8599, +0.8782, +0.8757, +0.8776, +0.8578, +0.8611, +0.8729, +0.8730, +0.8901, +0.8703, +0.8657, +0.8505, +0.8543, +0.8566, +0.8597, +0.8729, +0.8719, +0.8785, +0.8698, +0.8886, +0.8761, +0.8770, +0.8719, +0.8794, +0.8892, +0.8742, +0.8855, +0.8904, +0.8967, +0.8827, +0.8918, +0.8762, +0.8734, +0.8912, +0.8824, +0.8715, +0.8880, +0.8815, +0.8701, +0.8912, +0.8901, +0.8782, +0.8868, +0.8674, +0.8833, +0.8745, +0.8861, +0.8788, +0.8800, +0.8947, +0.8833, +0.8721, +0.8628, +0.8758, +0.8735, +0.8674, +0.8861, +0.8675, +0.8807, +0.8908, +0.8793, +0.8776, +0.8846, +0.8713, +0.8874, +0.8813, +0.8800, +0.8860, +0.8913, +0.8695, +0.8846, +0.8847, +0.8896, +0.8818, +0.8673, +0.8899, +0.8712, +0.8903, +0.8845, +0.8802, +0.8932, +0.8922, +0.9025, +0.8887, +0.8719, +0.8859, +0.8758, +0.8772, +0.8849, +0.8828, +0.8901, +0.8695, +0.8832, +0.8772, +0.8871, +0.8805, +0.8785, +0.8733, +0.8639, +0.8795, +0.8613, +0.8932, +0.8854, +0.8780, +0.8958, +0.8861, +0.8806, +0.8771, +0.8695, +0.8754, +0.8876, +0.8791, +0.8570, +0.8785, +0.8731, +0.8706, +0.8733, +0.8860, +0.8750, +0.8917, +0.8790, +0.8799, +0.8901, +0.8764, +0.8688, +0.8787, +0.8712, +0.8792, +0.8772, +0.8859, +0.8869, +0.8866, +0.8761, +0.8782, +0.8849, +0.8796, +0.8907, +0.8919, +0.8634, +0.8866, +0.8819, +0.8709, +0.8766, +0.8732, +0.8720, +0.8948, +0.8905, +0.8875, +0.8812, +0.8933, +0.8944, +0.8833, +0.8816, +0.8782, +0.8872, +0.8793, +0.8833, +0.8806, +0.8709, +0.8810, +0.8859, +0.8766, +0.8844, +0.8809, +0.8922, +0.8915, +0.8826, +0.8831, +0.8962, +0.8916, +0.8854, +0.8891, +0.8932, +0.8900, +0.8958, +0.8813, +0.8966, +0.8818, +0.8798, +0.8904, +0.9017, +0.8852, +0.8648, +0.8867, +0.8967, +0.8803, +0.8940, +0.8730, +0.8814, +0.8877, +0.8775, +0.8686, +0.8895, +0.8631, +0.8899, +0.8785, +0.8797, +0.8970, +0.8876, +0.8936, +0.8823, +0.8917, +0.8830, +0.8933, +0.8805, +0.8878, +0.8977, +0.8831, +0.8968, +0.8790, +0.8854, +0.8867, +0.8920, +0.8882, +0.8910, +0.8817, +0.8831, +0.8842, +0.8789, +0.8812, +0.8730, +0.8754, +0.8978, +0.8942, +0.8788, +0.8841, +0.8953, +0.8929, +0.8911, +0.8877, +0.8827, +0.8982, +0.9082, +0.9027, +0.8801, +0.8829, +0.8789, +0.8986, +0.8955, +0.8847, +0.8983, +0.8826, +0.9009, +0.8924, +0.8984, +0.8824, +0.8782, +0.8920, +0.8856, +0.8921, +0.8848, +0.9028, +0.8800, +0.8873, +0.8817, +0.8775, +0.8761, +0.8949, +0.9016, +0.8900, +0.8828, +0.8791, +0.8762, +0.8851, +0.8917, +0.8695, +0.8689, +0.8684, +0.8890, +0.8883, +0.8883, +0.8907, +0.8994, +0.8877, +0.8667, +0.8864, +0.8848, +0.8934, +0.8850, +0.8705, +0.8923, +0.8811, +0.8877, +0.8898, +0.8900, +0.9028, +0.8899, +0.8883, +0.8860, +0.8912, +0.8960, +0.8913, +0.8923, +0.8900, +0.9008, +0.8984, +0.8808, +0.8793, +0.8847, +0.8948, +0.8873, +0.8778, +0.8765, +0.8731, +0.8785, +0.8824, +0.8748, +0.8800, +0.8798, +0.8766, +0.8753, +0.8763, +0.8816, +0.8640, +0.8865, +0.8950, +0.8758, +0.8744, +0.8766, +0.8826, +0.8776, +0.8751, +0.8734, +0.8880, +0.8698, +0.8690, +0.8855, +0.8841, +0.8785, +0.8939, +0.8779, +0.8873, +0.8726, +0.8768, +0.8828, +0.8850, +0.8846, +0.8728, +0.8767, +0.8835, +0.8780, +0.8906, +0.8860, +0.8905, +0.8779, +0.8818, +0.8857, +0.8880, +0.8813, +0.8804, +0.8947, +0.8824, +0.8762, +0.8866, +0.8946, +0.8792, +0.8729, +0.8721, +0.8779, +0.8811, +0.8752, +0.8865, +0.8820, +0.8726, +0.8947, +0.8839, +0.8935, +0.8949, +0.8963, +0.8929, +0.8890, +0.8851, +0.8723, +0.8824, +0.8822, +0.8869, +0.8813, +0.8941, +0.9004, +0.8832, +0.8908, +0.8949, +0.8889, +0.9017, +0.8927, +0.9007, +0.8890, +0.9058, +0.9063, +0.9000, +0.9011, +0.9016, +0.9012, +0.9000, +0.9046, +0.9017, +0.8947, +0.8846, +0.8949, +0.8975, +0.8865, +0.8995, +0.8900, +0.9002, +0.9034, +0.8858, +0.9050, +0.9005, +0.8999, +0.9085, +0.8874, +0.8928, +0.8977, +0.8920, +0.8986, +0.8884, +0.8784, +0.8950, +0.8922, +0.8884, +0.8931, +0.8927, +0.8954, +0.8996, +0.8985, +0.9027, +0.8883, +0.9023, +0.8979, +0.8958, +0.8845, +0.8986, +0.8909, +0.8997, +0.8960, +0.8913, +0.8868, +0.8904, +0.8860, +0.8837, +0.8872, +0.8917, +0.8958, +0.8877, +0.8921, +0.9022, +0.8770, +0.8984, +0.8772, +0.8948, +0.8768, +0.8884, +0.8920, +0.8955, +0.8848, +0.8778, +0.8939, +0.8657, +0.8933, +0.8872, +0.8918, +0.8890, +0.8963, +0.8886, +0.8906, +0.8870, +0.8879, +0.8934, +0.8860, +0.8887, +0.8822, +0.8783, +0.8838, +0.8893, +0.8826, +0.9016, +0.8973, +0.9017, +0.8937, +0.8927, +0.8932, +0.8943, +0.8911, +0.8984, +0.8899, +0.8963, +0.8934, +0.8968, +0.9018, +0.8832, +0.8836, +0.8948, +0.8701, +0.8882, +0.8870, +0.8627, +0.8853, +0.8801, +0.8879, +0.8945, +0.8768, +0.8891, +0.8865, +0.8880, +0.9009, +0.8815, +0.8825, +0.8798, +0.9026, +0.8892, +0.8955, +0.9008, +0.8890, +0.8939, +0.8927, +0.8847, +0.8926, +0.8926, +0.8888, +0.8889, +0.8983, +0.8932, +0.8817, +0.8884, +0.8760, +0.8736, +0.8902, +0.8837, +0.8712, +0.8845, +0.8989, +0.8813, +0.8933, +0.8973, +0.8863, +0.8842, +0.8910, +0.8898, +0.8787, +0.8888, +0.8816, +0.8944, +0.8863, +0.9029, +0.8969, +0.8993, +0.8950, +0.8756, +0.8891, +0.8996, +0.8972, +0.8858, +0.8958, +0.9012, +0.9034, +0.8925, +0.8954, +0.8910, +0.8927, +0.8793, +0.8881, +0.8785, +0.8962, +0.8800, +0.8744, +0.8822, +0.8841, +0.8797, +0.8827, +0.8890, +0.8947, +0.8945, +0.8853, +0.8753, +0.8927, +0.8913, +0.8922, +0.8827, +0.8828, +0.8997, +0.8851, +0.8964, +0.8807, +0.8812, +0.8919, +0.9006, +0.8888, +0.8899, +0.8776, +0.8926, +0.8909, +0.8972, +0.8825, +0.8964, +0.8779, +0.8878, +0.9025, +0.8904, +0.9010, +0.8880, +0.8845, +0.8871, +0.8839, +0.8953, +0.8950, +0.8909, +0.8774, +0.8885, +0.8969, +0.9043, +0.8830, +0.8788, +0.8845, +0.8829, +0.8870, +0.8956, +0.8829, +0.8868, +0.8761, +0.8775, +0.8921, +0.8983, +0.8880, +0.9041, +0.8910, +0.8813, +0.8886, +0.8960, +0.8940, +0.8872, +0.8917, +0.9030, +0.8842, +0.8945, +0.8844, +0.9017, +0.8958, +0.8922, +0.8938, +0.8916, +0.9010, +0.8877, +0.9011, +0.8939, +0.8819, +0.8964, +0.8932, +0.8798, +0.8935, +0.8955, +0.8796, +0.8872, +0.8869, +0.8851, +0.8899, +0.8982, +0.9072, +0.8942, +0.8952, +0.8805, +0.8828, +0.8782, +0.8983, +0.8810, +0.8965, +0.8833, +0.8818, +0.8703, +0.8793, +0.8797, +0.8670, +0.9035, +0.8855, +0.8786, +0.8853, +0.8784, +0.8856, +0.8770, +0.8975, +0.8877, +0.8811, +0.8682, +0.8881, +0.8834, +0.8708, +0.8867, +0.8819, +0.8785, +0.8940, +0.8911, +0.8825, +0.8942, +0.8949, +0.8868, +0.8837, +0.8933, +0.8932, +0.8683, +0.8727, +0.9008, +0.8801, +0.8743, +0.8778, +0.8971, +0.8867, +0.8738, +0.8868, +0.8884, +0.8912, +0.8666, +0.8944, +0.8948, +0.8880, +0.8949, +0.9049, +0.8856, +0.8919, +0.8994, +0.8959, +0.8892, +0.9066, +0.9100, +0.9002, +0.9029, +0.8994, +0.8995, +0.8939, +0.9017, +0.8900, +0.8872, +0.8968, +0.8936, +0.9074, +0.9058, +0.8837, +0.8919, +0.8911, +0.9006, +0.9010, +0.8994, +0.8889, +0.8925, +0.8850, +0.8966, +0.8933, +0.8845, +0.8892, +0.9040, +0.8867, +0.8873, +0.8891, +0.8861, +0.8805, +0.8885, +0.8863, +0.8977, +0.9057, +0.8912, +0.8944, +0.8822, +0.8816, +0.9032, +0.8920, +0.8772, +0.8883, +0.8903, +0.8918, +0.8933, +0.8862, +0.8975, +0.8905, +0.8915, +0.9000, +0.8830, +0.8982, +0.9037, +0.9032, +0.9006, +0.9016, +0.8828, +0.8956, +0.8968, +0.8993, +0.9091, +0.9000, +0.8949, +0.9045, +0.9039, +0.9005, +0.8910, +0.9005, +0.8968, +0.9079, +0.8953, +0.8902, +0.9032, +0.8991, +0.9048, +0.8927, +0.8993, +0.8945, +0.8972, +0.8951, +0.9013, +0.8912, +0.8903, +0.8979, +0.8911, +0.8956, +0.8987, +0.8983, +0.8960, +0.8982, +0.9082, +0.8987, +0.9062, +0.9040, +0.9014, +0.8916, +0.8979, +0.8980, +0.8967, +0.9016, +0.8921, +0.8873, +0.8974, +0.9019, +0.8935, +0.9027, +0.9044, +0.8977, +0.8985, +0.9011, +0.8953, +0.8933, +0.8874, +0.9012, +0.8781, +0.8981, +0.8960, +0.8906, +0.9108, +0.8934, +0.8868, +0.8840, +0.8871, +0.8966, +0.8971, +0.8886, +0.8879, +0.8735, +0.8816, +0.8922, +0.8881, +0.8850, +0.8894, +0.8770, +0.9012, +0.8981, +0.8632, +0.8984, +0.8852, +0.8774, +0.8893, +0.8759, +0.8922, +0.9000, +0.8993, +0.8918, +0.9027, +0.8932, +0.8878, +0.8817, +0.8963, +0.8989, +0.8923, +0.8841, +0.8673, +0.8816, +0.9013, +0.8883, +0.8656, +0.9057, +0.9028, +0.8914, +0.8838, +0.8820, +0.8988, +0.8798, +0.8977, +0.8955, +0.8860, +0.8859, +0.9039, +0.8913, +0.8826, +0.8799, +0.8962, +0.8951, +0.8900, +0.9017, +0.8814, +0.8907, +0.8934, +0.8926, +0.8937, +0.8938, +0.8938, +0.8939, +0.8945, +0.9004, +0.8767, +0.8783, +0.8837, +0.8822, +0.8901, +0.8860, +0.8844, +0.8821, +0.8934, +0.8809, +0.8916, +0.8930, +0.8921, +0.8930, +0.8787, +0.8921, +0.8935, +0.8875, +0.8913, +0.8913, +0.8900, +0.9002, +0.8959, +0.8855, +0.8880, +0.8928, +0.8934, +0.8834, +0.8946, +0.8819, +0.8901, +0.9010, +0.8916, +0.8942, +0.8879, +0.8949, +0.8920, +0.8946, +0.8911, +0.8921, +0.8910, +0.8997, +0.8865, +0.8829, +0.8974, +0.8876, +0.8909, +0.9014, +0.8943, +0.8944, +0.8932, +0.8851, +0.8845, +0.8952, +0.8820, +0.8905, +0.8710, +0.9013, +0.8911, +0.8855, +0.8938, +0.8935, +0.8912, +0.8933, +0.8929, +0.9035, +0.8924, +0.8920, +0.8820, +0.9007, +0.9016, +0.9039, +0.8868, +0.9003, +0.8996, +0.8820, +0.8828, +0.8876, +0.8884, +0.8877, +0.8851, +0.8947, +0.8834, +0.8805, +0.8956, +0.8877, +0.8866, +0.8750, +0.8842, +0.8930, +0.8822, +0.8844, +0.8886, +0.8887, +0.8871, +0.8985, +0.8811, +0.8824, +0.8791, +0.8877, +0.8890, +0.8806, +0.8989, +0.8939, +0.8868, +0.8862, +0.8871, +0.8982, +0.8778, +0.8805, +0.8835, +0.8772, +0.8855, +0.8842, +0.9012, +0.8854, +0.8917, +0.8783, +0.8982, +0.8904, +0.9012, +0.8920, +0.8970, +0.8904, +0.8853, +0.8874, +0.8913, +0.8831, +0.8918, +0.8749, +0.8893, +0.8902, +0.8828, +0.8816, +0.8956, +0.8958, +0.8903, +0.8853, +0.8933, +0.8918, +0.8906, +0.8877, +0.8995, +0.8899, +0.8889, +0.8992, +0.8991, +0.9005, +0.8911, +0.8931, +0.8953, +0.9043, +0.8979, +0.8885, +0.8916, +0.8945, +0.8913, +0.8841, +0.8938, +0.8895, +0.9046, +0.8954, +0.8913, +0.9083, +0.8939, +0.9028, +0.8888, +0.8993, +0.8997, +0.9019, +0.9009, +0.9053, +0.9108, +0.8858, +0.8809, +0.9002, +0.8878, +0.9042, +0.9010, +0.8974, +0.9123, +0.8909, +0.8878, +0.9001, +0.9027, +0.8976, +0.9035, +0.8935, +0.8969, +0.9066, +0.9067, +0.8989, +0.9034, +0.8941, +0.9004, +0.8918, +0.8969, +0.8858, +0.8919, +0.8900, +0.9115, +0.9048, +0.9052, +0.8987, +0.8979, +0.8980, +0.9015, +0.9101, +0.8968, +0.9109, +0.9052, +0.8849, +0.9029, +0.9039, +0.8881, +0.8974, +0.8962, +0.9050, +0.9036, +0.8897, +0.8942, +0.8933, +0.9058, +0.8903, +0.8866, +0.9021, +0.8995, +0.8872, +0.8931, +0.8871, +0.8992, +0.8922, +0.8872, +0.8906, +0.8975, +0.8931, +0.8948, +0.8894, +0.9064, +0.8970, +0.8924, +0.8994, +0.8958, +0.9003, +0.9095, +0.8979, +0.9060, +0.8842, +0.9038, +0.9089, +0.9033, +0.9058, +0.8987, +0.9008, +0.9032, +0.8973, +0.9031, +0.8979, +0.9045, +0.8937, +0.9034, +0.9085, +0.8881, +0.9008, +0.9020, +0.9039, +0.8953, +0.9006, +0.9085, +0.9045, +0.9039, +0.9069, +0.9020, +0.8938, +0.9112, +0.9132, +0.9069, +0.9087, +0.9087, +0.9046, +0.9013, +0.9103, +0.9091, +0.9178, +0.9099, +0.9146, +0.9048, +0.9163, +0.9136, +0.9112, +0.9109, +0.9051, +0.9204, +0.9106, +0.9149, +0.9110, +0.9071, +0.9119, +0.9195, +0.9111, +0.9160, +0.9097, +0.9153, +0.9089, +0.9107, +0.9176, +0.9018, +0.9021, +0.9051, +0.9203, +0.9161, +0.9113, +0.9122, +0.9111, +0.9200, +0.9024, +0.9133, +0.9131, +0.9157, +0.9041, +0.9070, +0.9123, +0.9195, +0.9153, +0.9088, +0.9157, +0.9097, +0.9170, +0.8968, +0.9118, +0.9040, +0.9174, +0.8998, +0.9194, +0.9160, +0.9088, +0.9159, +0.9059, +0.9182, +0.9099, +0.9185, +0.9163, +0.9066, +0.9115, +0.9151, +0.9163, +0.9080, +0.9097, +0.9160, +0.8972, +0.9118, +0.9156, +0.9144, +0.9096, +0.9108, +0.9072, +0.9052, +0.9019, +0.9122, +0.9036, +0.9009, +0.9046, +0.9121, +0.9210, +0.9171, +0.9095, +0.9085, +0.9193, +0.9128, +0.9000, +0.9144, +0.9118, +0.9149, +0.9091, +0.9048, +0.9084, +0.9201, +0.9103, +0.9189, +0.9077, +0.9144, +0.9144, +0.9142, +0.9190, +0.9241, +0.9161, +0.9182, +0.9187, +0.9069, +0.9135, +0.9146, +0.9126, +0.9109, +0.9133, +0.9146, +0.9093, +0.9019, +0.9060, +0.9207, +0.8971, +0.9151, +0.9076, +0.9148, +0.9137, +0.9118, +0.9067, +0.9055, +0.9064, +0.9142, +0.9137, +0.9107, +0.9015, +0.9101, +0.9108, +0.8982, +0.9089, +0.9157, +0.9074, +0.9131, +0.9143, +0.9112, +0.9100, +0.9039, +0.9035, +0.9103, +0.9041, +0.9023, +0.9080, +0.9096, +0.9112, +0.9044, +0.9024, +0.9043, +0.9099, +0.9114, +0.8960, +0.9109, +0.9089, +0.9005, +0.9104, +0.9133, +0.9074, +0.9116, +0.9142, +0.9090, +0.9069, +0.9069, +0.9047, +0.9154, +0.8898, +0.9066, +0.8999, +0.9053, +0.8992, +0.9052, +0.9037, +0.9093, +0.9054, +0.9072, +0.9071, +0.9098, +0.9123, +0.9155, +0.9040, +0.8963, +0.9110, +0.9090, +0.9079, +0.9026, +0.9090, +0.9035, +0.9035, +0.8976, +0.9047, +0.8965, +0.8957, +0.9147, +0.9092, +0.9084, +0.8954, +0.9035, +0.9019, +0.8986, +0.9027, +0.9059, +0.8995, +0.9028, +0.9031, +0.9105, +0.9021, +0.9070, +0.9034, +0.9046, +0.9055, +0.9110, +0.9054, +0.9086, +0.9047, +0.9065, +0.9147, +0.9175, +0.9109, +0.9001, +0.9030, +0.9109, +0.9140, +0.9006, +0.9076, +0.9111, +0.9067, +0.9076, +0.9130, +0.9043, +0.9090, +0.8964, +0.9159, +0.9109, +0.9013, +0.9181, +0.8994, +0.9080, +0.8948, +0.8960, +0.9018, +0.9090, +0.8917, +0.8988, +0.9094, +0.8875, +0.9099, +0.9060, +0.8987, +0.8997, +0.9031, +0.9151, +0.9040, +0.9017, +0.9078, +0.9025, +0.9029, +0.9037, +0.9056, +0.8994, +0.9014, +0.9068, +0.9141, +0.8900, +0.8997, +0.8934, +0.8946, +0.9040, +0.9087, +0.8983, +0.9020, +0.9057, +0.8943, +0.9080, +0.8984, +0.9046, +0.8963, +0.9011, +0.9069, +0.9043, +0.9002, +0.8954, +0.9011, +0.9015, +0.9087, +0.8895, +0.8978, +0.8940, +0.8978, +0.8887, +0.9058, +0.8905, +0.9106, +0.9112, +0.9037, +0.8996, +0.8929, +0.9115, +0.8975, +0.9080, +0.9088, +0.9089, +0.8981, +0.9125, +0.9048, +0.8976, +0.9046, +0.8975, +0.9088, +0.9082, +0.9072, +0.9048, +0.9015, +0.9051, +0.8953, +0.9119, +0.9050, +0.9026, +0.9091, +0.9104, +0.9053, +0.9078, +0.9016, +0.9115, +0.9105, +0.9077, +0.9030, +0.9119, +0.9168, +0.9067, +0.9143, +0.9010, +0.9098, +0.9131, +0.9012, +0.9060, +0.8990, +0.9112, +0.9181, +0.9165, +0.9109, +0.9130, +0.9148, +0.9125, +0.9027, +0.9107, +0.9077, +0.9116, +0.9087, +0.8969, +0.9115, +0.9125, +0.9045, +0.9189, +0.9106, +0.9106, +0.9086, +0.9108, +0.9049, +0.9064, +0.9077, +0.9115, +0.9131, +0.9167, +0.9092, +0.9128, +0.9113, +0.9105, +0.9117, +0.9190, +0.9120, +0.9135, +0.9213, +0.9152, +0.9089, +0.9109, +0.9130, +0.9137, +0.9115, +0.9159, +0.9095, +0.9181, +0.9147, +0.9070, +0.9072, +0.9102, +0.9137, +0.9119, +0.9197, +0.9104, +0.9064, +0.9163, +0.9214, +0.9105, +0.9131, +0.9209, +0.9215, +0.9055, +0.9092, +0.9219, +0.9039, +0.9176, +0.9169, +0.9205, +0.9178, +0.9166, +0.9253, +0.9124, +0.9196, +0.9167, +0.9064, +0.9053, +0.9242, +0.9220, +0.9183, +0.9092, +0.9163, +0.9170, +0.9190, +0.9056, +0.9142, +0.9202, +0.9165, +0.9140, +0.9228, +0.9147, +0.9047, +0.9170, +0.9167, +0.9149, +0.9146, +0.9132, +0.9108, +0.9138, +0.9208, +0.9123, +0.9096, +0.9141, +0.9158, +0.9173, +0.9168, +0.9198, +0.9158, +0.9168, +0.9186, +0.9167, +0.9142, +0.9157, +0.9156, +0.9148, +0.9102, +0.9183, +0.9184, +0.9186, +0.9168, +0.9121, +0.9180, +0.9186, +0.9100, +0.9145, +0.9147, +0.9168, +0.9173, +0.9238, +0.9126, +0.9144, +0.9074, +0.9196, +0.9220, +0.9219, +0.9146, +0.9210, +0.9212, +0.9077, +0.9218, +0.9142, +0.9163, +0.9196, +0.9218, +0.9052, +0.9217, +0.9149, +0.9133, +0.9101, +0.9153, +0.9228, +0.9071, +0.9142, +0.9170, +0.9134, +0.9160, +0.9125, +0.9168, +0.9142, +0.9156, +0.9023, +0.9217, +0.9119, +0.9172, +0.9170, +0.9131, +0.9127, +0.9131, +0.9195, +0.9148, +0.9213, +0.9148, +0.9178, +0.9139, +0.9160, +0.9022, +0.9062, +0.9099, +0.9154, +0.9211, +0.9166, +0.9109, +0.9161, +0.9211, +0.9132, +0.9080, +0.9181, +0.9075, +0.9142, +0.9162, +0.9154, +0.9207, +0.9176, +0.9142, +0.9195, +0.9137, +0.9187, +0.9125, +0.9203, +0.9232, +0.9150, +0.9125, +0.9186, +0.9195, +0.9117, +0.9058, +0.9109, +0.9118, +0.9143, +0.9136, +0.9212, +0.9182, +0.9192, +0.9186, +0.9198, +0.9171, +0.9200, +0.9188, +0.9246, +0.9186, +0.9185, +0.9171, +0.9135, +0.9094, +0.9187, +0.9208, +0.9121, +0.9195, +0.9200, +0.9183, +0.9168, +0.9156, +0.9202, +0.9136, +0.9142, +0.9217, +0.9212, +0.9159, +0.9183, +0.9158, +0.9187, +0.9062, +0.9013, +0.9164, +0.9057, +0.9121, +0.9131, +0.9101, +0.9210, +0.9214, +0.9177, +0.9134, +0.9200, +0.9163, +0.9228, +0.9170, +0.9142, +0.9190, +0.9224, +0.9147, +0.9048, +0.9111, +0.9196, +0.9165, +0.9158, +0.9171, +0.9109, +0.9206, +0.9216, +0.9181, +0.9208, +0.9097, +0.9147, +0.9201, +0.9101, +0.9172, +0.9214, +0.9152, +0.9166, +0.9130, +0.9144, +0.9171, +0.9125, +0.9156, +0.9184, +0.9129, +0.9142, +0.9241, +0.9141, +0.9074, +0.9158, +0.9150, +0.9228, +0.9171, +0.9191, +0.9143, +0.9191, +0.9170, +0.9197, +0.9137, +0.9136, +0.9175, +0.9221, +0.9207, +0.9102, +0.9148, +0.9144, +0.9205, +0.9195, +0.9094, +0.9103, +0.9175, +0.9179, +0.9215, +0.9235, +0.9145, +0.9134, +0.9167, +0.9098, +0.9158, +0.9246, +0.9143, +0.9239, +0.9137, +0.9230, +0.9150, +0.9086, +0.9188, +0.9224, +0.9170, +0.9149, +0.9164, +0.9171, +0.9135, +0.9158, +0.9185, +0.9100, +0.9220, +0.9234, +0.9190, +0.9157, +0.9230, +0.9110, +0.9128, +0.9164, +0.9117, +0.9069, +0.9162, +0.9170, +0.9240, +0.9074, +0.9218, +0.9203, +0.9105, +0.9161, +0.9190, +0.9072, +0.9191, +0.9130, +0.9206, +0.9104, +0.9137, +0.9094, +0.9149, +0.9174, +0.9176, +0.9156, +0.9185, +0.9169, +0.9044, +0.9108, +0.9162, +0.9229, +0.9184, +0.9136, +0.9164, +0.9216, +0.9140, +0.9180, +0.9249, +0.9167, +0.9175, +0.9218, +0.9110, +0.9175, +0.9193, +0.9111, +0.9135, +0.9195, +0.9151, +0.9207, +0.9140, +0.9191, +0.9138, +0.9153, +0.9128, +0.9230, +0.9121, +0.9156, +0.9242, +0.9176, +0.9139, +0.9215, +0.9139, +0.9114, +0.9060, +0.9159, +0.9143, +0.9116, +0.9196, +0.9119, +0.9133, +0.9188, +0.9062, +0.9092, +0.9158, +0.9122, +0.9120, +0.9106, +0.9174, +0.9160, +0.9221, +0.9165, +0.9090, +0.8935, +0.9207, +0.9109, +0.9179, +0.9158, +0.9165, +0.9199, +0.9138, +0.9175, +0.9161, +0.9094, +0.9187, +0.9091, +0.9201, +0.9144, +0.9128, +0.9087, +0.9194, +0.9227, +0.9120, +0.9193, +0.9240, +0.9115, +0.9156, +0.9066, +0.9128, +0.9101, +0.9142, +0.9171, +0.9069, +0.9208, +0.9126, +0.9167, +0.9207, +0.9106, +0.9180, +0.9118, +0.9131, +0.9135, +0.9124, +0.9130, +0.9163, +0.9165, +0.9112, +0.9182, +0.9197, +0.9120, +0.9240, +0.9179, +0.9162, +0.9131, +0.9225, +0.9080, +0.9164, +0.9223, +0.9166, +0.9056, +0.9185, +0.9217, +0.9199, +0.9128, +0.9118, +0.9116, +0.9143, +0.9183, +0.9162, +0.9153, +0.9156, +0.9113, +0.9121, +0.9074, +0.9148, +0.9166, +0.9127, +0.9133, +0.9145, +0.9167, +0.9072, +0.9146, +0.9175, +0.9138, +0.9128, +0.9058, +0.9138, +0.9099, +0.9088, +0.9113, +0.9144, +0.9117, +0.9088, +0.9127, +0.9158, +0.9188, +0.9085, +0.9064, +0.9184, +0.9228, +0.9097, +0.9138, +0.9082, +0.9140, +0.9130, +0.9129, +0.9173, +0.9215, +0.9047, +0.9133, +0.9218, +0.9121, +0.9082, +0.9175, +0.9129, +0.9200, +0.9115, +0.9150, +0.9173, +0.9185, +0.9139, +0.9087, +0.9199, +0.9153, +0.9151, +0.9094, +0.9146, +0.9176, +0.9141, +0.9195, +0.9149, +0.9125, +0.9198, +0.9056, +0.9164, +0.9158, +0.9063, +0.9148, +0.9139, +0.9201, +0.9140, +0.9105, +0.9153, +0.9184, +0.9182, +0.9180]
    ep_length_mean: [+14.3391, +14.3257, +14.3187, +14.3708, +14.3910, +14.4411, +14.5342, +14.3130, +14.4838, +14.5151, +14.4642, +14.4946, +14.5140, +14.5544, +14.4415, +14.4213, +14.4283, +14.4298, +14.4052, +14.5054, +14.3965, +14.4689, +14.3955, +14.4488, +14.4439, +14.3432, +14.4196, +14.4515, +14.3789, +14.4213, +14.3515, +14.3233, +14.3121, +14.3982, +14.4464, +14.4379, +14.3841, +14.2870, +14.2128, +14.4195, +14.3614, +14.3125, +14.2820, +14.2746, +14.4435, +14.4321, +14.5286, +14.3622, +14.3930, +14.2275, +14.3633, +14.5379, +14.4324, +14.2452, +14.3622, +14.3697, +14.2605, +14.2892, +14.0000, +14.1517, +13.9542, +14.1363, +14.1913, +14.1115, +14.1344, +13.9627, +13.8731, +13.9419, +14.0119, +13.9210, +13.6826, +13.7559, +13.5242, +13.4302, +13.5752, +13.5693, +13.3941, +13.2679, +13.2869, +13.2590, +13.1685, +13.0959, +13.2368, +13.0811, +12.9078, +12.8984, +12.7975, +12.7831, +12.8797, +13.1811, +12.6140, +12.3853, +12.7426, +12.0648, +12.3474, +11.9825, +12.1599, +11.9986, +11.6894, +11.5196, +11.5162, +11.5789, +10.8271, +10.8885, +10.9424, +10.8285, +10.7036, +10.9182, +10.6479, +10.5090, +10.5322, +10.8393, +10.1863, +10.4813, +10.2607, +10.2617, +9.9766, +9.7467, +9.8399, +9.6533, +9.5883, +9.6875, +9.6439, +9.5675, +9.2398, +9.5524, +9.1491, +9.4734, +9.2615, +9.0120, +8.9814, +9.0500, +8.8558, +9.0309, +9.1047, +9.1799, +8.8803, +8.8829, +8.9870, +8.8089, +9.1458, +8.5794, +8.5713, +8.5103, +8.8832, +8.5786, +8.6329, +8.7393, +8.3876, +8.5036, +8.5447, +8.6230, +8.6073, +8.5369, +8.4596, +8.7174, +8.4143, +8.2737, +8.6010, +8.5523, +8.2147, +8.5306, +8.4298, +8.5686, +8.2768, +8.1992, +8.3594, +8.2442, +8.3377, +8.1311, +8.2480, +8.3643, +8.3736, +8.2170, +8.1157, +8.2677, +8.5379, +8.2773, +8.1302, +8.3754, +8.1998, +7.9524, +7.9863, +8.2422, +8.0256, +8.2076, +8.0725, +8.3785, +8.0847, +8.1759, +8.2550, +8.0882, +8.2714, +7.8835, +8.0551, +8.0495, +7.9990, +8.1685, +8.0626, +8.2434, +8.1124, +8.1089, +7.9990, +8.1338, +8.3327, +8.0137, +8.0539, +7.9821, +8.3127, +8.0966, +8.1486, +8.0563, +7.8213, +8.0727, +7.9728, +8.0049, +8.1098, +7.9208, +7.9679, +7.9362, +8.0564, +8.0237, +7.9783, +8.2403, +7.9382, +8.1440, +8.0609, +8.0374, +8.3204, +8.0575, +8.1568, +8.2355, +8.1291, +7.9833, +8.1166, +8.0652, +8.0010, +8.0147, +8.1117, +8.1135, +8.0068, +8.0118, +8.2077, +8.4012, +8.2385, +8.0947, +8.0565, +7.9158, +8.0489, +8.1250, +8.1189, +7.8872, +8.1516, +8.2450, +7.9373, +8.2180, +7.9390, +8.1396, +8.2932, +8.3171, +8.1189, +7.9511, +8.1716, +8.3398, +8.4245, +8.2123, +8.0494, +8.0505, +8.2939, +8.1925, +8.3770, +8.2288, +8.2111, +8.0875, +7.8772, +8.1759, +7.9623, +8.0184, +8.0750, +8.1602, +8.1395, +8.2324, +8.1660, +8.0204, +8.0098, +8.0068, +7.9476, +8.0617, +7.9892, +8.1029, +8.0968, +8.0587, +8.1243, +8.0436, +8.2487, +8.1901, +8.2659, +8.0711, +8.1646, +8.2843, +8.3696, +8.2404, +8.1749, +8.2239, +8.2567, +8.2043, +8.2046, +8.1324, +8.0804, +8.0247, +8.1503, +8.0606, +8.2016, +8.0818, +8.0495, +7.9892, +7.9806, +8.0788, +8.2955, +7.9234, +8.0208, +8.0690, +8.0886, +8.1530, +7.8588, +8.1481, +8.0108, +8.0264, +8.1976, +8.0417, +8.1816, +8.2714, +8.0477, +8.2209, +8.1621, +8.3695, +8.0317, +8.1663, +8.0058, +8.1225, +7.9812, +8.1159, +7.9497, +8.3469, +8.0217, +8.0020, +8.0048, +7.9428, +7.9068, +8.1769, +8.0282, +7.9090, +7.9791, +7.9075, +7.9191, +8.0277, +8.1795, +8.0433, +8.0807, +8.1578, +7.9745, +7.9226, +8.0060, +8.1217, +7.9164, +7.9451, +7.8959, +7.9971, +7.9203, +7.8306, +7.9893, +7.8538, +7.9249, +7.7543, +8.0503, +7.9443, +7.9383, +7.9572, +7.8498, +7.9258, +8.0400, +7.8459, +7.9080, +7.9707, +7.8100, +7.8464, +8.0177, +7.9333, +7.9325, +7.9653, +8.0774, +7.9344, +7.8926, +7.9057, +7.7636, +7.8987, +8.1369, +8.0993, +8.1023, +8.0793, +8.0987, +8.0316, +8.0010, +7.9507, +7.7911, +7.8547, +7.8745, +7.7919, +7.9825, +7.8284, +7.9641, +7.9481, +7.8754, +7.8826, +8.0603, +7.7668, +7.9024, +7.7108, +7.8938, +7.9922, +7.6806, +7.8200, +7.8163, +7.8678, +7.8633, +7.8284, +7.8332, +7.7789, +7.8288, +7.9785, +7.8571, +7.9104, +8.0020, +7.7552, +7.8262, +7.8897, +8.0407, +7.9212, +7.8834, +7.8990, +7.7424, +7.8583, +8.0039, +8.1703, +7.9836, +8.0980, +7.9534, +7.8981, +7.9629, +7.9192, +7.9073, +7.9012, +7.7589, +7.9171, +8.0215, +7.9371, +7.9825, +7.9833, +7.9720, +7.9961, +8.0504, +7.9297, +7.8325, +7.9054, +7.8065, +7.9167, +7.7852, +7.8986, +8.0020, +7.8961, +7.9794, +7.9248, +7.9093, +7.8735, +8.0472, +7.9394, +8.0357, +8.1440, +7.8082, +7.9667, +7.9072, +7.8300, +7.8239, +8.1988, +7.8456, +8.0316, +8.0725, +7.9279, +8.1218, +7.9911, +7.7357, +8.0078, +7.8029, +7.8917, +7.8936, +7.8980, +8.0010, +7.9172, +7.9329, +7.8700, +7.8459, +7.8938, +7.9784, +8.0870, +7.9707, +7.8210, +7.9626, +8.0215, +7.8774, +7.8039, +7.9536, +7.9961, +7.8340, +7.7372, +7.8665, +7.7699, +7.8154, +7.8136, +7.9172, +7.7941, +7.8439, +7.7833, +7.8917, +8.0907, +7.8577, +7.8231, +7.8795, +7.9901, +7.8432, +7.8109, +7.8081, +7.8870, +7.9293, +7.8405, +7.8606, +7.8314, +7.9026, +7.7700, +8.0940, +7.7854, +7.9308, +7.8616, +7.8220, +7.8122, +7.7549, +7.7619, +7.6160, +7.8660, +7.7773, +8.0534, +7.8989, +7.9230, +7.8702, +7.8944, +8.0078, +7.7828, +7.8306, +7.9104, +7.8641, +7.9122, +7.9354, +7.8924, +7.7617, +7.9647, +7.9981, +7.8681, +7.9463, +7.8691, +7.8124, +8.0168, +7.9033, +7.7912, +7.7073, +7.9066, +7.9255, +7.8721, +7.7533, +7.6238, +7.6877, +7.9110, +7.8658, +7.7726, +7.6539, +7.9577, +7.8171, +7.6316, +7.7748, +7.6660, +7.7944, +7.6620, +7.7631, +7.9482, +7.7263, +7.7132, +7.8527, +7.8793, +7.6267, +7.8901, +7.7046, +7.8435, +7.8096, +8.0000, +7.7176, +7.7176, +7.8817, +7.8173, +7.8473, +7.9257, +7.8268, +7.6576, +7.8622, +7.8247, +7.8736, +7.7903, +7.7649, +7.6546, +7.7486, +7.7006, +7.6166, +7.9241, +7.7737, +7.9372, +7.5927, +7.6816, +7.8700, +7.6870, +7.8199, +7.7754, +7.7108, +7.7564, +7.6252, +7.7842, +7.7940, +7.7582, +7.7212, +7.5644, +7.6983, +7.6080, +7.7326, +7.7380, +7.5920, +7.8179, +7.7408, +7.7288, +7.8296, +7.7576, +7.7739, +7.8023, +7.9693, +7.8707, +7.8311, +7.8786, +7.7180, +7.7682, +7.8635, +7.8473, +7.8829, +7.7659, +7.8976, +7.8088, +7.7467, +7.9438, +7.7886, +7.8581, +7.7524, +7.8167, +7.7902, +7.7491, +7.7703, +7.8803, +7.7906, +7.6418, +7.8263, +7.8284, +7.7820, +7.8555, +7.7727, +7.7396, +7.8610, +7.8291, +7.8522, +7.9370, +7.8885, +7.8893, +7.7716, +7.8122, +7.6692, +7.8464, +7.8554, +7.9615, +7.8300, +7.7306, +7.8953, +7.9395, +7.9542, +7.6961, +7.8456, +7.8660, +7.6400, +7.8571, +7.8455, +7.7724, +7.9229, +7.8364, +7.6832, +7.8992, +7.8049, +7.8221, +7.9310, +7.6857, +7.7611, +7.8338, +7.6850, +7.7334, +7.6760, +7.8277, +7.9084, +8.0391, +7.7948, +7.7327, +7.8581, +8.0106, +7.7422, +7.8527, +7.7505, +7.7829, +7.7043, +7.7214, +7.6805, +7.8008, +7.6906, +7.8289, +7.5933, +7.5797, +7.5499, +7.6782, +7.6355, +7.7294, +7.7135, +7.5463, +7.5460, +7.5928, +7.8906, +7.6701, +7.5918, +7.6676, +7.6037, +7.8110, +7.5676, +7.5947, +7.7358, +7.5840, +7.7194, +7.6992, +7.6134, +7.6154, +7.7027, +7.7437, +7.7268, +7.6449, +7.6603, +7.9045, +7.7132, +7.6977, +7.8422, +7.7699, +7.6378, +7.5677, +7.5917, +7.7943, +7.5748, +7.7519, +7.5189, +7.6890, +7.7709, +7.8275, +7.7261, +7.7010, +7.6321, +7.7340, +7.6416, +7.7282, +7.7447, +7.7786, +7.7064, +7.7782, +7.6912, +7.6091, +7.7037, +7.6512, +7.6498, +7.7992, +7.6529, +7.7734, +7.5678, +7.8111, +7.8520, +7.7444, +7.6355, +7.7488, +7.7926, +7.8027, +7.9454, +7.7939, +7.6784, +7.9668, +7.8321, +7.6990, +7.7396, +7.6866, +7.7267, +7.6463, +7.5839, +7.7233, +7.7186, +7.8528, +7.8408, +7.8055, +7.7722, +7.8749, +7.6343, +7.7320, +7.7138, +7.7786, +7.8554, +7.7131, +7.7422, +7.7334, +7.8364, +7.7338, +7.7391, +7.7568, +7.6472, +7.6651, +7.8102, +7.7623, +7.5850, +7.8750, +7.7393, +7.8038, +7.8995, +7.8257, +7.8560, +7.7878, +7.6034, +7.9323, +7.7404, +7.8305, +7.7913, +7.6088, +7.8145, +7.7819, +7.8047, +7.5510, +7.7784, +7.7292, +7.6019, +7.6859, +7.7174, +7.6794, +7.7709, +7.6838, +7.7268, +7.6535, +7.6464, +7.6614, +7.6814, +7.8580, +7.7363, +7.9009, +7.8898, +7.6467, +7.8761, +7.8909, +7.8145, +7.6335, +7.8798, +7.6075, +7.7201, +7.7545, +7.7804, +7.7270, +7.7916, +7.9112, +7.8302, +7.8203, +7.7427, +7.7449, +7.6764, +7.7311, +7.7645, +7.7294, +7.9282, +7.8044, +7.6508, +7.7493, +7.8038, +7.7374, +7.5862, +7.6973, +7.6202, +7.7434, +7.7517, +7.7930, +7.8528, +7.8531, +7.8653, +7.7012, +7.8608, +8.0069, +7.9073, +7.9171, +7.8680, +7.9065, +7.9064, +7.6394, +7.6863, +7.8217, +7.9013, +7.8036, +7.7719, +7.8002, +7.8289, +7.8635, +7.6890, +7.8507, +7.8764, +7.8157, +7.9093, +7.7197, +7.7223, +7.9217, +7.8143, +8.0708, +7.9214, +7.8735, +7.7967, +7.9865, +7.7776, +7.9136, +8.0058, +7.7226, +7.8316, +7.7606, +7.8663, +7.8390, +7.7988, +7.8942, +7.7716, +7.7526, +7.8672, +7.8878, +7.8279, +7.6365, +7.7574, +7.8431, +7.9295, +7.9171, +7.9577, +7.7852, +7.8016, +7.9838, +7.9205, +7.7897, +7.9135, +7.7676, +7.8642, +7.7462, +7.7111, +7.8183, +7.8997, +7.8065, +7.7460, +7.7552, +7.8672, +7.7928, +7.6006, +7.8665, +7.7041, +7.7685, +7.6534, +7.8227, +7.8558, +7.8338, +7.7992, +7.6832, +7.8824, +7.5805, +7.9639, +7.8853, +7.8573, +7.8932, +7.8926, +7.9372, +7.7994, +7.8804, +7.9206, +8.0606, +8.0167, +7.7505, +7.9065, +7.6873, +7.8705, +7.8278, +8.0273, +7.8545, +8.0294, +7.8570, +8.0664, +7.7183, +8.0342, +7.8023, +7.9698, +7.9123, +7.9457, +8.0058, +7.8060, +7.8056, +7.9749, +7.9882, +7.9621, +7.8709, +8.0213, +7.7083, +7.8055, +7.9649, +7.8742, +7.9640, +7.7583, +7.9069, +7.8996, +7.8588, +7.9282, +7.7428, +7.8033, +7.8536, +7.7900, +7.8936, +7.8475, +7.7992, +7.8385, +7.8386, +7.9353, +7.9029, +7.6871, +7.9061, +7.9737, +8.1362, +7.6954, +7.9006, +7.9624, +7.7863, +7.7187, +7.6911, +7.9327, +7.7296, +7.7464, +7.9240, +7.7465, +7.6541, +7.8138, +7.7848, +7.7011, +7.6443, +7.9010, +7.6340, +7.6393, +7.6785, +7.7279, +7.6463, +7.8081, +7.6991, +7.7593, +7.7987, +7.7888, +7.7038, +7.7221, +7.6220, +7.6869, +7.8482, +7.6812, +7.9532, +7.8000, +7.8078, +7.6607, +7.6927, +7.7476, +7.9717, +7.8203, +7.7238, +7.9140, +7.7723, +7.7304, +7.8173, +7.7524, +7.7315, +7.7450, +7.8738, +7.8280, +7.9224, +7.7789, +7.7364, +7.7673, +7.9625, +7.7500, +7.8557, +7.7229, +7.8199, +7.9121, +7.8300, +7.7673, +7.7507, +7.8846, +7.9144, +7.8021, +7.8633, +7.7629, +7.7310, +7.7059, +7.6876, +7.6075, +7.7183, +7.7254, +7.6176, +7.8065, +7.7786, +7.9153, +7.8030, +7.6431, +7.8073, +7.7786, +7.7949, +7.7329, +7.7116, +7.7445, +7.8194, +7.7590, +7.7363, +7.7514, +7.8268, +7.8127, +7.8061, +7.6726, +7.7796, +7.8169, +7.6903, +7.7125, +7.6742, +7.8078, +7.8371, +7.9100, +7.8788, +7.9007, +7.7519, +7.8229, +7.7091, +7.8617, +7.6748, +7.7762, +7.7072, +7.5636, +7.6838, +7.7260, +7.7882, +7.8459, +7.7507, +7.8418, +7.7657, +7.8157, +7.9167, +7.7832, +7.8398, +7.7403, +7.6889, +7.6292, +7.8229, +7.7932, +7.8194, +7.9447, +7.8160, +7.9060, +7.8986, +8.0116, +7.8197, +7.7486, +7.7601, +7.5912, +7.9220, +7.8629, +7.8876, +7.7657, +7.7838, +7.7438, +7.8585, +7.8644, +7.8749, +7.8974, +7.9021, +7.7877, +7.9012, +7.8875, +7.9854, +7.7297, +7.7283, +7.9904, +7.7996, +7.7313, +7.9358, +7.9357, +7.7741, +7.7292, +7.6509, +7.6573, +7.9971, +7.8278, +7.8185, +7.8621, +8.0059, +7.8316, +7.8167, +7.7964, +7.9113, +8.0333, +7.9428, +7.8737, +8.0020, +8.0077, +7.8064, +7.7450, +7.9015, +7.8937, +8.0010, +7.7902, +7.9056, +7.7791, +7.8121, +7.9511, +7.8708, +7.8090, +7.8816, +7.9813, +8.0396, +7.6601, +7.9384, +7.8767, +7.7045, +7.8702, +7.9490, +7.8760, +7.9125, +7.8242, +7.7523, +7.8075, +7.8027, +7.8070, +7.9203, +8.0272, +8.0947, +8.0493, +7.8300, +7.9262, +7.9043, +7.9921, +7.8835, +7.7245, +7.8646, +7.7342, +7.8276, +7.8566, +7.8255, +7.8498, +7.6956, +7.8357, +7.7436, +7.9387, +7.8445, +7.8737, +7.7608, +7.8100, +7.9633, +7.9471, +7.6840, +7.8015, +7.8793, +7.8768, +7.9815, +7.8395, +7.6250, +7.9046, +7.7651, +7.8663, +7.8160, +7.7282, +7.7827, +7.8516, +7.7498, +7.7648, +7.7222, +7.7975, +7.8440, +7.7287, +7.7210, +7.7922, +7.7210, +7.8876, +7.7389, +7.8863, +7.9492, +7.8363, +7.7801, +7.8483, +7.8321, +7.9440, +7.7212, +7.8002, +7.8678, +7.7284, +7.7108, +7.8146, +7.7806, +7.9202, +7.6286, +7.5768, +7.7890, +7.8519, +7.6459, +7.6277, +7.7517, +7.9236, +7.6623, +7.6970, +7.7469, +7.7552, +7.7990, +7.7252, +7.7747, +7.8634, +7.8970, +7.8730, +7.8067, +7.7155, +7.8129, +7.8238, +7.8593, +7.8646, +7.9422, +7.8831, +7.9544, +7.7456, +7.7720, +7.9026, +7.8038, +7.9042, +7.8354, +7.9287, +7.7289, +7.7854, +7.9198, +7.6682, +7.7301, +7.7720, +7.7900, +7.7795, +7.8105, +7.9961, +7.8882, +7.9240, +7.8699, +7.8815, +7.7886, +7.7370, +7.9012, +7.7907, +7.8727, +7.6872, +7.8657, +7.8002, +7.8324, +7.8271, +7.7887, +7.8711, +7.8923, +7.6995, +7.8496, +7.7524, +7.9663, +7.7919, +7.8191, +7.7181, +7.8379, +7.8100, +7.7090, +7.7452, +7.8708, +7.8598, +7.7288, +7.8994, +7.8303, +7.7691, +7.8357, +7.8499, +7.7181, +7.8310, +7.7710, +7.6784, +7.8646, +7.7769, +7.7211, +7.8348, +7.7250, +7.7806, +7.7223, +7.7815, +7.7259, +7.8377, +7.6957, +7.5802, +7.7133, +7.7488, +7.7018, +7.8149, +7.7763, +7.7784, +7.9507, +7.8271, +7.6767, +7.6688, +7.6985, +7.6447, +7.8070, +7.8763, +7.6135, +7.8519, +7.6435, +7.7481, +7.7659, +7.6783, +7.7936, +7.7275, +7.6878, +7.7148, +7.8313, +7.7510, +7.7587, +7.6814, +7.7220, +7.6931, +7.7564, +7.6364, +7.8092, +7.7658, +7.8032, +7.7283, +7.8390, +7.8227, +7.7779, +7.6569, +7.6654, +7.8009, +7.7146, +7.7663, +7.6973, +7.7088, +7.8580, +7.6273, +7.7210, +7.7229, +7.9913, +7.8658, +7.8374, +7.8699, +7.7761, +7.7272, +7.8004, +7.7251, +7.8776, +7.8526, +7.8749, +7.6110, +7.7661, +7.9331, +7.6841, +7.7863, +7.7044, +7.6321, +7.8292, +7.8076, +7.7771, +7.9699, +7.6776, +7.7720, +7.7144, +7.7947, +7.7023, +7.7507, +7.8262, +7.7964, +7.8677, +7.6997, +7.8202, +7.5204, +7.8832, +7.7170, +7.8597, +7.6739, +7.6394, +7.7357, +7.6689, +7.7648, +7.8410, +7.7137, +7.6316, +7.5961, +7.6933, +7.6431, +7.7859, +7.6298, +7.6375, +7.9253, +7.7302, +7.7336, +7.8025, +7.8073, +7.8739, +7.6099, +7.6109, +7.6189, +7.7277, +7.7587, +7.7348, +7.6780, +7.5750, +7.6277, +7.6825, +7.5836, +7.6836, +7.6070, +7.7049, +7.6957, +7.6299, +7.6401, +7.5686, +7.7728, +7.4335, +7.5835, +7.6220, +7.6589, +7.5764, +7.5651, +7.5216, +7.4729, +7.6509, +7.5952, +7.5559, +7.5686, +7.5423, +7.4805, +7.5000, +7.5179, +7.6775, +7.4551, +7.6185, +7.7041, +7.7089, +7.7012, +7.5733, +7.5203, +7.5410, +7.6327, +7.6887, +7.4437, +7.6329, +7.5516, +7.5325, +7.5788, +7.7545, +7.5566, +7.5500, +7.4711, +7.6810, +7.5051, +7.5696, +7.5406, +7.5296, +7.7297, +7.5593, +7.6100, +7.5758, +7.6385, +7.5635, +7.4489, +7.5581, +7.6314, +7.7318, +7.5812, +7.6457, +7.4275, +7.5106, +7.6901, +7.5317, +7.5475, +7.4991, +7.4390, +7.6812, +7.6013, +7.7187, +7.6505, +7.7098, +7.7388, +7.6735, +7.6784, +7.7663, +7.7909, +7.6290, +7.6830, +7.6771, +7.7043, +7.6426, +7.6401, +7.5832, +7.4665, +7.6537, +7.7604, +7.5082, +7.7083, +7.6882, +7.5157, +7.5967, +7.6997, +7.6471, +7.7446, +7.6201, +7.4410, +7.4675, +7.5976, +7.6794, +7.6710, +7.6171, +7.5833, +7.6905, +7.4812, +7.5955, +7.6044, +7.6011, +7.6926, +7.6778, +7.6246, +7.8124, +7.7383, +7.6673, +7.6704, +7.6840, +7.7726, +7.6498, +7.5430, +7.7367, +7.6084, +7.6751, +7.6397, +7.5100, +7.4215, +7.6842, +7.7729, +7.7079, +7.6076, +7.5110, +7.6494, +7.6387, +7.7250, +7.7862, +7.8286, +7.5060, +7.6305, +7.6226, +7.6192, +7.6801, +7.6436, +7.5738, +7.5856, +7.6221, +7.5623, +7.7256, +7.7345, +7.6451, +7.6056, +7.5981, +7.7843, +7.7303, +7.5917, +7.5787, +7.5322, +7.7023, +7.5141, +7.6327, +7.5883, +7.6919, +7.5199, +7.6305, +7.6063, +7.5859, +7.6558, +7.5955, +7.5985, +7.6993, +7.5596, +7.8788, +7.5338, +7.7822, +7.6333, +7.6695, +7.6284, +7.6843, +7.7401, +7.6667, +7.4760, +7.5697, +7.6648, +7.5495, +7.5069, +7.6152, +7.7690, +7.6254, +7.5825, +7.4888, +7.6522, +7.6461, +7.7812, +7.6315, +7.7852, +7.7123, +7.8277, +7.7383, +7.4788, +7.6423, +7.5576, +7.7313, +7.6375, +7.7627, +7.7670, +7.5833, +7.5948, +7.6998, +7.6954, +7.7132, +7.6237, +7.7436, +7.4954, +7.6514, +7.4973, +7.6292, +7.5718, +7.5456, +7.5455, +7.4790, +7.4877, +7.5632, +7.4256, +7.6427, +7.5718, +7.6122, +7.5750, +7.6229, +7.6178, +7.6971, +7.6206, +7.5427, +7.7512, +7.6350, +7.6417, +7.5862, +7.7474, +7.5420, +7.4913, +7.6794, +7.5230, +7.7274, +7.5791, +7.6329, +7.5762, +7.5586, +7.5519, +7.7274, +7.6262, +7.5439, +7.7150, +7.4949, +7.7387, +7.7553, +7.6365, +7.6629, +7.5517, +7.4818, +7.6805, +7.6865, +7.6289, +7.7261, +7.6476, +7.6043, +7.7385, +7.7338, +7.5909, +7.6110, +7.7020, +7.8424, +7.6984, +7.7075, +7.6364, +7.5783, +7.6933, +7.6801, +7.5196, +7.7765, +7.5670, +7.7366, +7.6849, +7.7692, +7.6654, +7.7335, +7.5791, +7.6453, +7.7575, +7.6791, +7.6898, +7.6138, +7.8739, +7.7856, +7.7490, +7.7423, +7.7391, +7.5888, +7.7343, +7.6068, +7.7690, +7.6930, +7.7282, +7.7270, +7.5822, +7.7177, +7.6007, +7.6494, +7.5152, +7.6991, +7.5826, +7.6682, +7.7250, +7.5617, +7.7486, +7.5092, +7.6722, +7.5466, +7.6811, +7.6895, +7.6738, +7.6136, +7.6446, +7.6803, +7.6271, +7.7060, +7.6991, +7.7092, +7.7591, +7.6947, +7.6015, +7.6714, +7.5417, +7.6835, +7.4977, +7.5499, +7.6128, +7.5950, +7.6798, +7.6626, +7.5407, +7.6635, +7.6567, +7.7191, +7.6079, +7.5283, +7.5776, +7.6379, +7.5839, +7.6102, +7.6116, +7.7602, +7.6431, +7.7776, +7.6654, +7.6500, +7.6580, +7.7285, +7.5418, +7.6925, +7.5390, +7.7491, +7.6614, +7.6011, +7.6774, +7.7132, +7.6338, +7.6052, +7.5976, +7.6943, +7.5608, +7.4867, +7.6602, +7.6219, +7.6585, +7.6548, +7.5373, +7.6327, +7.5728, +7.4900, +7.5349, +7.5848, +7.7310, +7.7018, +7.6197, +7.6884, +7.4777, +7.6169, +7.5170, +7.6679, +7.5502, +7.6405, +7.7100, +7.6508, +7.6339, +7.6147, +7.6065, +7.7174, +7.5885, +7.4675, +7.6167, +7.5453, +7.5266, +7.5537, +7.7147, +7.5525, +7.4940, +7.7488, +7.5784, +7.5540, +7.4661, +7.6230, +7.5616, +7.4506, +7.6218, +7.6217, +7.6341, +7.7054, +7.5871, +7.4828, +7.4986, +7.5771, +7.7062, +7.4442, +7.5391, +7.6736, +7.6926, +7.5390, +7.5787, +7.5789, +7.5380, +7.4401, +7.5680, +7.7062, +7.3788, +7.5587, +7.4850, +7.4843, +7.7020, +7.5729, +7.5827, +7.5162, +7.6773, +7.6065, +7.5428, +7.4237, +7.3684, +7.4679, +7.5462, +7.5405, +7.4808, +7.5689, +7.5446, +7.6142, +7.5578, +7.5668, +7.5702, +7.6981, +7.5073, +7.5714, +7.4973, +7.5321, +7.5634, +7.6006, +7.5615, +7.6252, +7.5906, +7.5971, +7.5924, +7.6821, +7.5014, +7.5265, +7.5143, +7.7119, +7.5492, +7.4319, +7.4972, +7.5825, +7.5917, +7.4806, +7.7105, +7.5097, +7.4687, +7.5147, +7.4634, +7.5111, +7.6079, +7.4441, +7.5616, +7.5350, +7.6277, +7.5467, +7.3479, +7.5759, +7.5408, +7.4539, +7.4573, +7.6119, +7.6101, +7.5495, +7.6259, +7.5556, +7.7030, +7.5410, +7.5616, +7.5974, +7.5190, +7.6449, +7.5786, +7.5444, +7.3956, +7.5677, +7.4802, +7.4881, +7.5505, +7.5654, +7.6840, +7.7549, +7.6452, +7.5895, +7.5133, +7.4327, +7.5467, +7.6608, +7.5203, +7.5914, +7.5392, +7.6423, +7.5288, +7.6511, +7.4819, +7.4725, +7.6484, +7.5309, +7.5613, +7.5426, +7.5519, +7.5825, +7.4882, +7.4921, +7.5027, +7.3933, +7.4643, +7.5243, +7.4822, +7.6381, +7.7491, +7.5848, +7.7194, +7.5073, +7.4632, +7.5128, +7.5068, +7.4260, +7.5046, +7.4067, +7.6030, +7.5472, +7.5032, +7.5618, +7.4214, +7.5822, +7.4635, +7.4481, +7.6639, +7.5725, +7.5338, +7.5290, +7.5539, +7.4927, +7.4265, +7.5834, +7.4090, +7.5091, +7.4796, +7.4234, +7.5503, +7.5469, +7.4746, +7.5615, +7.5191, +7.4789, +7.5624, +7.6131, +7.6865, +7.5637, +7.5944, +7.5847, +7.5679, +7.4415, +7.6055, +7.5504, +7.4748, +7.5239, +7.5341, +7.4977, +7.4431, +7.4490, +7.4760, +7.6072, +7.5458, +7.5679, +7.6692, +7.5758, +7.4740, +7.5690, +7.5548, +7.5976, +7.5782, +7.5489, +7.4430, +7.5903, +7.4740, +7.6566, +7.4281, +7.5078, +7.6268, +7.4503, +7.4818, +7.5281, +7.4775, +7.6488, +7.5894, +7.5162, +7.5311, +7.5763, +7.4230, +7.5466, +7.6324, +7.4784, +7.6179, +7.5626, +7.5527, +7.6216, +7.4477, +7.6024, +7.4468, +7.5162, +7.5887, +7.4481, +7.4897, +7.4885, +7.6673, +7.5677, +7.4941, +7.4716, +7.5496, +7.5068, +7.4168, +7.5573, +7.4748, +7.5501, +7.6265, +7.5605, +7.6289, +7.4643, +7.5250, +7.4599, +7.4508, +7.4849, +7.6364, +7.4379, +7.4291, +7.5963, +7.4968, +7.5914, +7.5005, +7.5470, +7.5208, +7.5445, +7.5535, +7.5331, +7.5571, +7.5018, +7.5284, +7.5963, +7.5432, +7.5794, +7.6333, +7.4318, +7.4582, +7.4486, +7.4396, +7.4922, +7.6327, +7.6540, +7.5087, +7.4856, +7.6554, +7.5454, +7.5272, +7.4166, +7.5605, +7.5207, +7.4759, +7.6234, +7.5318, +7.5120, +7.6893, +7.5046, +7.6397, +7.4644, +7.5500, +7.6502, +7.5452, +7.5503, +7.5009, +7.5581, +7.5050, +7.5389, +7.5567, +7.6443, +7.5051, +7.6138, +7.6635, +7.6533, +7.5055, +7.5725, +7.5296, +7.6420, +7.4748, +7.4750, +7.4207, +7.5755, +7.4270, +7.5700, +7.4848, +7.5868, +7.6388, +7.4472, +7.4733, +7.4699, +7.5429, +7.5454, +7.5110, +7.5598, +7.6004, +7.5881, +7.4091, +7.5599, +7.6611, +7.4640, +7.4325, +7.5493, +7.6351, +7.6204, +7.5512, +7.4536, +7.4601, +7.6093, +7.5000, +7.5590, +7.5594, +7.6912, +7.4696, +7.6323, +7.6416, +7.5496, +7.5452, +7.6444, +7.5885, +7.5817, +7.5342, +7.5931, +7.5548, +7.6312, +7.7717, +7.4771, +7.5395, +7.3825, +7.5680, +7.5159, +7.5333, +7.5425, +7.5590, +7.5464, +7.5343, +7.6288, +7.6540, +7.5737, +7.6092, +7.6370, +7.5976, +7.5018, +7.4451, +7.5565, +7.4180, +7.4040, +7.5362, +7.6404, +7.6400, +7.5540, +7.5883, +7.6182, +7.5970, +7.5180, +7.5203, +7.5083, +7.3982, +7.4757, +7.5840, +7.4624, +7.5624, +7.6396, +7.5827, +7.4687, +7.5564, +7.5193, +7.4904, +7.7048, +7.4982, +7.5338, +7.5885, +7.4853, +7.4663, +7.4448, +7.5534, +7.5423, +7.7243, +7.5775, +7.5642, +7.3372, +7.6739, +7.5018, +7.4571, +7.4298, +7.5894, +7.4232, +7.6024, +7.5180, +7.4334, +7.5302, +7.5065, +7.5655, +7.5656, +7.5436, +7.7162, +7.5519, +7.4367, +7.5708, +7.6845, +7.5818, +7.4743, +7.5886, +7.4894, +7.5820, +7.6367, +7.5249, +7.5732, +7.5036, +7.6988, +7.6273, +7.6508, +7.5369, +7.5192, +7.5954, +7.6595, +7.4729, +7.5418, +7.6009, +7.6278, +7.5194, +7.3394, +7.6019, +7.6292, +7.5907, +7.6310, +7.4060, +7.4899, +7.5956, +7.5435, +7.6789, +7.6237, +7.5120, +7.4840, +7.6390, +7.5634, +7.5630, +7.5287, +7.5974, +7.5356, +7.5327, +7.4784, +7.4812, +7.5390, +7.5294, +7.4425, +7.4617, +7.5560, +7.5069, +7.5614, +7.5573, +7.4701, +7.5683, +7.5074, +7.4498, +7.6774, +7.6002, +7.5541, +7.5885, +7.4719, +7.5666, +7.4977, +7.5494, +7.5641, +7.5156, +7.4824, +7.5137, +7.5393]
     reward_mean: [-0.0026, -0.0017, -0.0020, -0.0012, -0.0020, -0.0021, -0.0031, -0.0014, -0.0027, -0.0025, -0.0021, -0.0026, -0.0037, -0.0033, -0.0024, -0.0014, -0.0026, -0.0015, -0.0021, -0.0028, -0.0011, -0.0022, -0.0011, -0.0022, -0.0022, -0.0011, -0.0020, -0.0028, -0.0022, -0.0014, -0.0020, -0.0008, -0.0004, -0.0010, -0.0020, -0.0021, -0.0022, -0.0015, +0.0001, -0.0021, -0.0015, -0.0008, -0.0016, -0.0010, -0.0024, -0.0022, -0.0031, -0.0015, -0.0017, -0.0008, -0.0016, -0.0031, -0.0019, -0.0000, -0.0024, -0.0015, -0.0005, -0.0004, +0.0021, +0.0020, +0.0021, +0.0005, -0.0003, +0.0004, +0.0012, +0.0031, +0.0026, +0.0041, +0.0039, +0.0039, +0.0049, +0.0065, +0.0086, +0.0091, +0.0084, +0.0085, +0.0094, +0.0095, +0.0102, +0.0105, +0.0129, +0.0128, +0.0110, +0.0133, +0.0152, +0.0160, +0.0166, +0.0175, +0.0158, +0.0134, +0.0202, +0.0230, +0.0182, +0.0261, +0.0232, +0.0260, +0.0258, +0.0269, +0.0314, +0.0346, +0.0355, +0.0319, +0.0422, +0.0449, +0.0433, +0.0435, +0.0470, +0.0463, +0.0477, +0.0494, +0.0488, +0.0460, +0.0558, +0.0510, +0.0561, +0.0577, +0.0605, +0.0630, +0.0639, +0.0652, +0.0671, +0.0682, +0.0692, +0.0704, +0.0751, +0.0714, +0.0775, +0.0741, +0.0766, +0.0806, +0.0833, +0.0807, +0.0867, +0.0821, +0.0831, +0.0815, +0.0874, +0.0878, +0.0846, +0.0885, +0.0802, +0.0950, +0.0931, +0.0960, +0.0869, +0.0923, +0.0934, +0.0929, +0.0981, +0.0969, +0.0937, +0.0937, +0.0941, +0.0966, +0.0942, +0.0936, +0.0950, +0.0982, +0.0955, +0.0943, +0.1011, +0.0965, +0.0979, +0.0971, +0.1008, +0.1003, +0.1018, +0.1015, +0.0974, +0.1037, +0.1021, +0.0991, +0.1005, +0.1010, +0.1056, +0.1019, +0.0965, +0.1018, +0.1044, +0.0996, +0.1042, +0.1091, +0.1066, +0.1021, +0.1069, +0.1043, +0.1077, +0.0999, +0.1055, +0.1039, +0.1031, +0.1079, +0.1021, +0.1098, +0.1061, +0.1056, +0.1070, +0.1042, +0.1081, +0.1011, +0.1071, +0.1070, +0.1089, +0.1036, +0.1017, +0.1076, +0.1086, +0.1065, +0.1040, +0.1087, +0.1022, +0.1091, +0.1111, +0.1082, +0.1077, +0.1079, +0.1050, +0.1084, +0.1086, +0.1098, +0.1090, +0.1070, +0.1072, +0.1066, +0.1082, +0.1072, +0.1085, +0.1071, +0.1005, +0.1082, +0.1047, +0.1048, +0.1061, +0.1077, +0.1045, +0.1091, +0.1086, +0.1080, +0.1063, +0.1076, +0.1112, +0.1080, +0.1031, +0.0984, +0.1071, +0.1044, +0.1072, +0.1089, +0.1070, +0.1058, +0.1059, +0.1089, +0.1052, +0.1028, +0.1095, +0.1024, +0.1100, +0.1068, +0.1027, +0.1001, +0.1059, +0.1084, +0.1063, +0.0995, +0.1013, +0.1047, +0.1064, +0.1090, +0.1032, +0.1045, +0.1015, +0.1042, +0.1056, +0.1066, +0.1122, +0.1076, +0.1061, +0.1112, +0.1080, +0.1066, +0.1053, +0.1029, +0.1052, +0.1092, +0.1084, +0.1077, +0.1089, +0.1089, +0.1092, +0.1042, +0.1105, +0.1097, +0.1070, +0.1069, +0.1043, +0.1040, +0.1043, +0.1103, +0.1052, +0.1053, +0.1013, +0.1047, +0.1044, +0.1070, +0.1061, +0.1028, +0.1053, +0.1050, +0.1077, +0.1076, +0.1064, +0.1075, +0.1075, +0.1087, +0.1068, +0.1081, +0.1096, +0.1059, +0.1022, +0.1121, +0.1085, +0.1086, +0.1071, +0.1074, +0.1116, +0.1070, +0.1105, +0.1109, +0.1029, +0.1091, +0.1039, +0.1042, +0.1060, +0.1050, +0.1038, +0.1040, +0.1048, +0.1052, +0.1098, +0.1066, +0.1070, +0.1089, +0.1079, +0.1039, +0.1063, +0.1074, +0.1111, +0.1102, +0.1116, +0.1034, +0.1084, +0.1113, +0.1070, +0.1128, +0.1118, +0.1066, +0.1054, +0.1033, +0.1063, +0.1065, +0.1087, +0.1114, +0.1071, +0.1092, +0.1116, +0.1111, +0.1100, +0.1091, +0.1119, +0.1134, +0.1100, +0.1116, +0.1145, +0.1144, +0.1092, +0.1135, +0.1091, +0.1095, +0.1145, +0.1102, +0.1092, +0.1133, +0.1123, +0.1086, +0.1133, +0.1139, +0.1091, +0.1121, +0.1098, +0.1085, +0.1105, +0.1103, +0.1119, +0.1129, +0.1140, +0.1118, +0.1065, +0.1060, +0.1076, +0.1105, +0.1038, +0.1132, +0.1077, +0.1112, +0.1145, +0.1123, +0.1109, +0.1126, +0.1095, +0.1137, +0.1108, +0.1118, +0.1109, +0.1130, +0.1092, +0.1144, +0.1106, +0.1140, +0.1126, +0.1090, +0.1167, +0.1117, +0.1135, +0.1118, +0.1124, +0.1144, +0.1143, +0.1161, +0.1121, +0.1086, +0.1153, +0.1097, +0.1085, +0.1148, +0.1135, +0.1123, +0.1069, +0.1122, +0.1101, +0.1149, +0.1126, +0.1103, +0.1102, +0.1059, +0.1113, +0.1050, +0.1122, +0.1124, +0.1096, +0.1138, +0.1121, +0.1122, +0.1113, +0.1102, +0.1092, +0.1121, +0.1103, +0.1068, +0.1109, +0.1097, +0.1075, +0.1107, +0.1123, +0.1119, +0.1148, +0.1108, +0.1119, +0.1126, +0.1089, +0.1102, +0.1092, +0.1119, +0.1112, +0.1100, +0.1101, +0.1127, +0.1091, +0.1093, +0.1129, +0.1103, +0.1098, +0.1153, +0.1130, +0.1055, +0.1144, +0.1091, +0.1086, +0.1097, +0.1086, +0.1072, +0.1166, +0.1116, +0.1132, +0.1134, +0.1105, +0.1146, +0.1095, +0.1103, +0.1137, +0.1116, +0.1122, +0.1117, +0.1092, +0.1089, +0.1101, +0.1143, +0.1085, +0.1105, +0.1123, +0.1163, +0.1100, +0.1101, +0.1144, +0.1153, +0.1133, +0.1142, +0.1128, +0.1140, +0.1129, +0.1159, +0.1123, +0.1151, +0.1102, +0.1102, +0.1122, +0.1144, +0.1140, +0.1060, +0.1148, +0.1165, +0.1113, +0.1129, +0.1101, +0.1127, +0.1127, +0.1118, +0.1100, +0.1153, +0.1065, +0.1144, +0.1100, +0.1134, +0.1144, +0.1137, +0.1163, +0.1106, +0.1174, +0.1127, +0.1161, +0.1086, +0.1114, +0.1139, +0.1130, +0.1129, +0.1108, +0.1145, +0.1117, +0.1130, +0.1142, +0.1101, +0.1135, +0.1112, +0.1132, +0.1093, +0.1114, +0.1107, +0.1095, +0.1156, +0.1140, +0.1082, +0.1140, +0.1140, +0.1154, +0.1130, +0.1119, +0.1121, +0.1165, +0.1181, +0.1171, +0.1111, +0.1124, +0.1138, +0.1176, +0.1138, +0.1134, +0.1156, +0.1139, +0.1165, +0.1167, +0.1171, +0.1132, +0.1097, +0.1163, +0.1129, +0.1146, +0.1128, +0.1187, +0.1103, +0.1151, +0.1135, +0.1113, +0.1102, +0.1165, +0.1174, +0.1119, +0.1133, +0.1117, +0.1109, +0.1122, +0.1160, +0.1109, +0.1107, +0.1107, +0.1144, +0.1144, +0.1165, +0.1155, +0.1154, +0.1161, +0.1102, +0.1143, +0.1118, +0.1164, +0.1154, +0.1112, +0.1159, +0.1135, +0.1128, +0.1174, +0.1137, +0.1188, +0.1143, +0.1126, +0.1155, +0.1164, +0.1180, +0.1158, +0.1164, +0.1159, +0.1149, +0.1180, +0.1128, +0.1139, +0.1160, +0.1134, +0.1139, +0.1133, +0.1108, +0.1111, +0.1129, +0.1101, +0.1108, +0.1151, +0.1135, +0.1105, +0.1112, +0.1124, +0.1135, +0.1080, +0.1156, +0.1146, +0.1103, +0.1121, +0.1124, +0.1135, +0.1116, +0.1137, +0.1130, +0.1137, +0.1100, +0.1103, +0.1159, +0.1144, +0.1118, +0.1151, +0.1112, +0.1144, +0.1129, +0.1108, +0.1135, +0.1126, +0.1113, +0.1108, +0.1112, +0.1138, +0.1124, +0.1156, +0.1127, +0.1127, +0.1116, +0.1134, +0.1139, +0.1118, +0.1102, +0.1129, +0.1149, +0.1130, +0.1118, +0.1164, +0.1139, +0.1118, +0.1103, +0.1119, +0.1106, +0.1148, +0.1102, +0.1155, +0.1112, +0.1113, +0.1145, +0.1148, +0.1156, +0.1154, +0.1153, +0.1175, +0.1127, +0.1121, +0.1089, +0.1117, +0.1166, +0.1105, +0.1121, +0.1146, +0.1142, +0.1150, +0.1142, +0.1160, +0.1149, +0.1164, +0.1149, +0.1165, +0.1156, +0.1185, +0.1201, +0.1188, +0.1176, +0.1177, +0.1163, +0.1182, +0.1192, +0.1185, +0.1177, +0.1126, +0.1180, +0.1181, +0.1142, +0.1192, +0.1126, +0.1203, +0.1201, +0.1142, +0.1183, +0.1167, +0.1172, +0.1193, +0.1154, +0.1150, +0.1177, +0.1160, +0.1174, +0.1142, +0.1137, +0.1133, +0.1160, +0.1142, +0.1151, +0.1183, +0.1161, +0.1192, +0.1158, +0.1201, +0.1140, +0.1197, +0.1163, +0.1150, +0.1133, +0.1170, +0.1149, +0.1176, +0.1177, +0.1143, +0.1143, +0.1172, +0.1133, +0.1150, +0.1143, +0.1171, +0.1156, +0.1160, +0.1171, +0.1172, +0.1119, +0.1169, +0.1119, +0.1202, +0.1097, +0.1144, +0.1169, +0.1156, +0.1144, +0.1138, +0.1127, +0.1105, +0.1137, +0.1166, +0.1113, +0.1130, +0.1175, +0.1145, +0.1163, +0.1149, +0.1151, +0.1191, +0.1145, +0.1140, +0.1127, +0.1118, +0.1132, +0.1149, +0.1119, +0.1180, +0.1156, +0.1177, +0.1143, +0.1138, +0.1167, +0.1151, +0.1164, +0.1132, +0.1155, +0.1158, +0.1158, +0.1143, +0.1202, +0.1118, +0.1164, +0.1148, +0.1105, +0.1161, +0.1143, +0.1090, +0.1128, +0.1119, +0.1139, +0.1172, +0.1124, +0.1132, +0.1137, +0.1143, +0.1177, +0.1144, +0.1114, +0.1145, +0.1187, +0.1146, +0.1159, +0.1170, +0.1169, +0.1163, +0.1170, +0.1121, +0.1169, +0.1153, +0.1151, +0.1180, +0.1169, +0.1156, +0.1113, +0.1165, +0.1100, +0.1124, +0.1139, +0.1123, +0.1112, +0.1129, +0.1180, +0.1109, +0.1193, +0.1154, +0.1137, +0.1135, +0.1160, +0.1142, +0.1098, +0.1151, +0.1126, +0.1154, +0.1159, +0.1175, +0.1143, +0.1176, +0.1142, +0.1117, +0.1126, +0.1180, +0.1158, +0.1135, +0.1171, +0.1180, +0.1165, +0.1174, +0.1159, +0.1138, +0.1148, +0.1123, +0.1137, +0.1106, +0.1172, +0.1119, +0.1087, +0.1116, +0.1119, +0.1114, +0.1130, +0.1124, +0.1163, +0.1170, +0.1127, +0.1103, +0.1149, +0.1155, +0.1133, +0.1134, +0.1121, +0.1161, +0.1129, +0.1143, +0.1126, +0.1114, +0.1158, +0.1172, +0.1123, +0.1122, +0.1090, +0.1123, +0.1144, +0.1142, +0.1121, +0.1140, +0.1103, +0.1117, +0.1176, +0.1143, +0.1167, +0.1109, +0.1134, +0.1118, +0.1133, +0.1164, +0.1148, +0.1112, +0.1128, +0.1142, +0.1175, +0.1150, +0.1119, +0.1128, +0.1106, +0.1123, +0.1139, +0.1122, +0.1132, +0.1117, +0.1118, +0.1114, +0.1148, +0.1138, +0.1130, +0.1202, +0.1130, +0.1116, +0.1138, +0.1149, +0.1145, +0.1143, +0.1145, +0.1183, +0.1133, +0.1146, +0.1138, +0.1192, +0.1134, +0.1149, +0.1135, +0.1144, +0.1174, +0.1134, +0.1174, +0.1118, +0.1127, +0.1134, +0.1133, +0.1121, +0.1129, +0.1150, +0.1113, +0.1103, +0.1108, +0.1097, +0.1159, +0.1150, +0.1164, +0.1129, +0.1149, +0.1102, +0.1118, +0.1093, +0.1134, +0.1102, +0.1158, +0.1103, +0.1127, +0.1091, +0.1114, +0.1108, +0.1087, +0.1135, +0.1153, +0.1112, +0.1095, +0.1105, +0.1122, +0.1107, +0.1156, +0.1137, +0.1103, +0.1103, +0.1114, +0.1133, +0.1108, +0.1109, +0.1121, +0.1122, +0.1172, +0.1127, +0.1134, +0.1132, +0.1129, +0.1151, +0.1128, +0.1119, +0.1149, +0.1098, +0.1108, +0.1166, +0.1109, +0.1097, +0.1086, +0.1169, +0.1109, +0.1106, +0.1134, +0.1161, +0.1155, +0.1101, +0.1150, +0.1140, +0.1127, +0.1174, +0.1171, +0.1132, +0.1149, +0.1156, +0.1175, +0.1129, +0.1198, +0.1188, +0.1176, +0.1158, +0.1170, +0.1163, +0.1156, +0.1156, +0.1150, +0.1144, +0.1160, +0.1154, +0.1190, +0.1183, +0.1114, +0.1172, +0.1116, +0.1166, +0.1150, +0.1175, +0.1166, +0.1124, +0.1107, +0.1165, +0.1144, +0.1130, +0.1144, +0.1166, +0.1138, +0.1137, +0.1156, +0.1127, +0.1134, +0.1114, +0.1130, +0.1155, +0.1161, +0.1150, +0.1135, +0.1123, +0.1159, +0.1127, +0.1163, +0.1108, +0.1135, +0.1149, +0.1134, +0.1134, +0.1126, +0.1158, +0.1129, +0.1158, +0.1155, +0.1155, +0.1172, +0.1180, +0.1166, +0.1174, +0.1174, +0.1130, +0.1145, +0.1138, +0.1154, +0.1191, +0.1145, +0.1155, +0.1175, +0.1160, +0.1166, +0.1135, +0.1170, +0.1149, +0.1177, +0.1156, +0.1135, +0.1166, +0.1149, +0.1174, +0.1142, +0.1158, +0.1171, +0.1145, +0.1156, +0.1163, +0.1143, +0.1137, +0.1129, +0.1128, +0.1169, +0.1139, +0.1153, +0.1156, +0.1170, +0.1164, +0.1165, +0.1191, +0.1183, +0.1169, +0.1140, +0.1153, +0.1156, +0.1142, +0.1155, +0.1134, +0.1133, +0.1146, +0.1163, +0.1155, +0.1172, +0.1179, +0.1138, +0.1156, +0.1158, +0.1126, +0.1144, +0.1130, +0.1116, +0.1109, +0.1149, +0.1148, +0.1156, +0.1208, +0.1118, +0.1129, +0.1134, +0.1137, +0.1149, +0.1154, +0.1127, +0.1135, +0.1098, +0.1123, +0.1135, +0.1144, +0.1114, +0.1129, +0.1098, +0.1164, +0.1149, +0.1098, +0.1155, +0.1124, +0.1119, +0.1113, +0.1132, +0.1167, +0.1160, +0.1169, +0.1123, +0.1151, +0.1142, +0.1132, +0.1103, +0.1158, +0.1143, +0.1133, +0.1119, +0.1081, +0.1109, +0.1150, +0.1102, +0.1097, +0.1146, +0.1158, +0.1139, +0.1105, +0.1112, +0.1167, +0.1102, +0.1156, +0.1153, +0.1105, +0.1130, +0.1155, +0.1130, +0.1096, +0.1114, +0.1158, +0.1117, +0.1146, +0.1174, +0.1109, +0.1130, +0.1134, +0.1121, +0.1128, +0.1169, +0.1158, +0.1127, +0.1149, +0.1130, +0.1101, +0.1087, +0.1095, +0.1121, +0.1135, +0.1118, +0.1098, +0.1108, +0.1177, +0.1119, +0.1150, +0.1138, +0.1148, +0.1137, +0.1106, +0.1155, +0.1156, +0.1140, +0.1118, +0.1149, +0.1117, +0.1172, +0.1133, +0.1121, +0.1106, +0.1174, +0.1143, +0.1117, +0.1144, +0.1105, +0.1138, +0.1188, +0.1117, +0.1158, +0.1135, +0.1133, +0.1163, +0.1145, +0.1144, +0.1144, +0.1142, +0.1175, +0.1127, +0.1142, +0.1159, +0.1137, +0.1146, +0.1167, +0.1137, +0.1154, +0.1132, +0.1106, +0.1135, +0.1132, +0.1144, +0.1146, +0.1080, +0.1164, +0.1155, +0.1119, +0.1161, +0.1145, +0.1164, +0.1132, +0.1134, +0.1179, +0.1185, +0.1151, +0.1119, +0.1183, +0.1176, +0.1169, +0.1119, +0.1175, +0.1159, +0.1140, +0.1140, +0.1132, +0.1161, +0.1129, +0.1132, +0.1123, +0.1139, +0.1117, +0.1156, +0.1142, +0.1137, +0.1108, +0.1133, +0.1111, +0.1134, +0.1087, +0.1175, +0.1132, +0.1123, +0.1158, +0.1111, +0.1126, +0.1114, +0.1143, +0.1143, +0.1127, +0.1156, +0.1165, +0.1129, +0.1144, +0.1139, +0.1151, +0.1097, +0.1116, +0.1106, +0.1119, +0.1122, +0.1139, +0.1167, +0.1127, +0.1144, +0.1102, +0.1175, +0.1124, +0.1156, +0.1137, +0.1146, +0.1159, +0.1114, +0.1127, +0.1159, +0.1126, +0.1133, +0.1111, +0.1154, +0.1135, +0.1130, +0.1129, +0.1158, +0.1161, +0.1143, +0.1139, +0.1127, +0.1156, +0.1112, +0.1144, +0.1150, +0.1130, +0.1159, +0.1151, +0.1156, +0.1151, +0.1145, +0.1153, +0.1135, +0.1176, +0.1148, +0.1139, +0.1167, +0.1151, +0.1156, +0.1142, +0.1135, +0.1160, +0.1206, +0.1146, +0.1148, +0.1179, +0.1130, +0.1174, +0.1135, +0.1137, +0.1143, +0.1171, +0.1201, +0.1169, +0.1182, +0.1138, +0.1122, +0.1186, +0.1127, +0.1176, +0.1161, +0.1171, +0.1180, +0.1149, +0.1145, +0.1176, +0.1142, +0.1171, +0.1150, +0.1163, +0.1191, +0.1153, +0.1187, +0.1158, +0.1180, +0.1138, +0.1144, +0.1151, +0.1174, +0.1121, +0.1129, +0.1171, +0.1176, +0.1171, +0.1166, +0.1169, +0.1159, +0.1170, +0.1167, +0.1158, +0.1169, +0.1180, +0.1172, +0.1112, +0.1132, +0.1169, +0.1143, +0.1144, +0.1150, +0.1156, +0.1185, +0.1107, +0.1156, +0.1133, +0.1191, +0.1148, +0.1117, +0.1182, +0.1156, +0.1146, +0.1167, +0.1128, +0.1153, +0.1154, +0.1116, +0.1160, +0.1143, +0.1165, +0.1155, +0.1156, +0.1158, +0.1146, +0.1139, +0.1145, +0.1158, +0.1163, +0.1198, +0.1166, +0.1164, +0.1132, +0.1170, +0.1181, +0.1177, +0.1175, +0.1151, +0.1155, +0.1163, +0.1187, +0.1187, +0.1165, +0.1188, +0.1146, +0.1176, +0.1203, +0.1102, +0.1183, +0.1161, +0.1150, +0.1145, +0.1161, +0.1191, +0.1174, +0.1193, +0.1166, +0.1169, +0.1165, +0.1174, +0.1235, +0.1164, +0.1192, +0.1187, +0.1172, +0.1193, +0.1191, +0.1170, +0.1208, +0.1185, +0.1203, +0.1177, +0.1228, +0.1202, +0.1195, +0.1197, +0.1186, +0.1225, +0.1208, +0.1216, +0.1198, +0.1204, +0.1195, +0.1229, +0.1195, +0.1234, +0.1198, +0.1217, +0.1198, +0.1227, +0.1185, +0.1176, +0.1193, +0.1160, +0.1219, +0.1209, +0.1207, +0.1204, +0.1175, +0.1238, +0.1172, +0.1222, +0.1198, +0.1222, +0.1179, +0.1182, +0.1216, +0.1222, +0.1198, +0.1198, +0.1213, +0.1219, +0.1211, +0.1171, +0.1191, +0.1195, +0.1212, +0.1182, +0.1211, +0.1214, +0.1224, +0.1204, +0.1166, +0.1201, +0.1185, +0.1246, +0.1218, +0.1182, +0.1212, +0.1223, +0.1209, +0.1217, +0.1196, +0.1191, +0.1181, +0.1191, +0.1174, +0.1175, +0.1183, +0.1204, +0.1155, +0.1163, +0.1191, +0.1180, +0.1164, +0.1180, +0.1193, +0.1201, +0.1202, +0.1239, +0.1169, +0.1171, +0.1230, +0.1176, +0.1174, +0.1212, +0.1216, +0.1182, +0.1192, +0.1167, +0.1191, +0.1249, +0.1212, +0.1201, +0.1186, +0.1195, +0.1217, +0.1185, +0.1208, +0.1230, +0.1193, +0.1225, +0.1185, +0.1197, +0.1198, +0.1176, +0.1170, +0.1191, +0.1179, +0.1207, +0.1176, +0.1172, +0.1177, +0.1228, +0.1151, +0.1201, +0.1176, +0.1203, +0.1225, +0.1219, +0.1181, +0.1169, +0.1182, +0.1197, +0.1220, +0.1179, +0.1179, +0.1188, +0.1159, +0.1159, +0.1203, +0.1195, +0.1188, +0.1197, +0.1193, +0.1209, +0.1204, +0.1179, +0.1179, +0.1214, +0.1166, +0.1175, +0.1183, +0.1199, +0.1177, +0.1167, +0.1177, +0.1198, +0.1199, +0.1208, +0.1165, +0.1220, +0.1174, +0.1188, +0.1191, +0.1202, +0.1193, +0.1211, +0.1187, +0.1193, +0.1193, +0.1197, +0.1183, +0.1188, +0.1139, +0.1196, +0.1171, +0.1181, +0.1169, +0.1174, +0.1212, +0.1151, +0.1198, +0.1197, +0.1191, +0.1190, +0.1214, +0.1217, +0.1193, +0.1166, +0.1183, +0.1204, +0.1191, +0.1192, +0.1185, +0.1165, +0.1182, +0.1153, +0.1187, +0.1129, +0.1166, +0.1209, +0.1198, +0.1203, +0.1155, +0.1183, +0.1170, +0.1148, +0.1204, +0.1190, +0.1159, +0.1176, +0.1160, +0.1209, +0.1169, +0.1197, +0.1183, +0.1208, +0.1190, +0.1208, +0.1186, +0.1208, +0.1208, +0.1212, +0.1201, +0.1243, +0.1188, +0.1202, +0.1188, +0.1201, +0.1198, +0.1170, +0.1190, +0.1190, +0.1206, +0.1171, +0.1197, +0.1180, +0.1204, +0.1161, +0.1211, +0.1208, +0.1185, +0.1219, +0.1164, +0.1198, +0.1163, +0.1185, +0.1192, +0.1185, +0.1180, +0.1174, +0.1202, +0.1160, +0.1204, +0.1177, +0.1146, +0.1179, +0.1177, +0.1222, +0.1214, +0.1164, +0.1196, +0.1175, +0.1154, +0.1197, +0.1181, +0.1167, +0.1175, +0.1187, +0.1196, +0.1148, +0.1150, +0.1169, +0.1149, +0.1203, +0.1182, +0.1181, +0.1177, +0.1186, +0.1164, +0.1190, +0.1166, +0.1174, +0.1167, +0.1170, +0.1171, +0.1193, +0.1164, +0.1164, +0.1176, +0.1159, +0.1204, +0.1128, +0.1161, +0.1143, +0.1180, +0.1148, +0.1182, +0.1145, +0.1202, +0.1170, +0.1175, +0.1172, +0.1163, +0.1190, +0.1160, +0.1206, +0.1180, +0.1208, +0.1174, +0.1192, +0.1175, +0.1164, +0.1199, +0.1169, +0.1202, +0.1206, +0.1186, +0.1177, +0.1158, +0.1190, +0.1174, +0.1193, +0.1186, +0.1179, +0.1174, +0.1190, +0.1170, +0.1183, +0.1164, +0.1201, +0.1180, +0.1209, +0.1181, +0.1217, +0.1211, +0.1192, +0.1198, +0.1171, +0.1192, +0.1206, +0.1174, +0.1179, +0.1181, +0.1185, +0.1229, +0.1211, +0.1185, +0.1223, +0.1179, +0.1208, +0.1163, +0.1176, +0.1187, +0.1191, +0.1175, +0.1182, +0.1163, +0.1227, +0.1170, +0.1224, +0.1179, +0.1185, +0.1190, +0.1204, +0.1154, +0.1191, +0.1196, +0.1197, +0.1185, +0.1216, +0.1211, +0.1201, +0.1201, +0.1177, +0.1190, +0.1233, +0.1191, +0.1195, +0.1233, +0.1218, +0.1197, +0.1187, +0.1185, +0.1177, +0.1197, +0.1227, +0.1197, +0.1218, +0.1212, +0.1177, +0.1186, +0.1188, +0.1198, +0.1188, +0.1203, +0.1195, +0.1187, +0.1207, +0.1227, +0.1201, +0.1206, +0.1228, +0.1225, +0.1182, +0.1195, +0.1211, +0.1169, +0.1223, +0.1223, +0.1227, +0.1207, +0.1207, +0.1235, +0.1208, +0.1198, +0.1202, +0.1180, +0.1199, +0.1244, +0.1220, +0.1206, +0.1179, +0.1234, +0.1217, +0.1192, +0.1180, +0.1218, +0.1213, +0.1212, +0.1204, +0.1241, +0.1207, +0.1185, +0.1238, +0.1209, +0.1228, +0.1204, +0.1198, +0.1197, +0.1214, +0.1217, +0.1183, +0.1199, +0.1213, +0.1246, +0.1246, +0.1219, +0.1228, +0.1201, +0.1227, +0.1229, +0.1203, +0.1207, +0.1208, +0.1204, +0.1217, +0.1177, +0.1224, +0.1208, +0.1244, +0.1202, +0.1212, +0.1203, +0.1223, +0.1179, +0.1208, +0.1227, +0.1172, +0.1213, +0.1220, +0.1219, +0.1213, +0.1185, +0.1220, +0.1249, +0.1209, +0.1212, +0.1214, +0.1216, +0.1199, +0.1218, +0.1229, +0.1219, +0.1225, +0.1219, +0.1204, +0.1228, +0.1216, +0.1211, +0.1187, +0.1234, +0.1239, +0.1196, +0.1218, +0.1225, +0.1227, +0.1198, +0.1209, +0.1209, +0.1216, +0.1196, +0.1160, +0.1236, +0.1201, +0.1213, +0.1204, +0.1213, +0.1206, +0.1206, +0.1236, +0.1212, +0.1222, +0.1222, +0.1222, +0.1212, +0.1185, +0.1179, +0.1185, +0.1204, +0.1214, +0.1245, +0.1196, +0.1201, +0.1209, +0.1225, +0.1209, +0.1183, +0.1225, +0.1160, +0.1235, +0.1244, +0.1185, +0.1217, +0.1216, +0.1218, +0.1212, +0.1211, +0.1241, +0.1196, +0.1239, +0.1240, +0.1219, +0.1216, +0.1228, +0.1203, +0.1190, +0.1179, +0.1181, +0.1216, +0.1229, +0.1216, +0.1241, +0.1225, +0.1220, +0.1244, +0.1198, +0.1235, +0.1216, +0.1235, +0.1219, +0.1236, +0.1211, +0.1229, +0.1191, +0.1219, +0.1209, +0.1222, +0.1208, +0.1235, +0.1220, +0.1217, +0.1243, +0.1228, +0.1207, +0.1222, +0.1222, +0.1238, +0.1214, +0.1219, +0.1232, +0.1220, +0.1232, +0.1167, +0.1187, +0.1193, +0.1182, +0.1224, +0.1224, +0.1185, +0.1233, +0.1216, +0.1224, +0.1211, +0.1235, +0.1208, +0.1249, +0.1218, +0.1232, +0.1214, +0.1217, +0.1209, +0.1171, +0.1212, +0.1232, +0.1207, +0.1213, +0.1204, +0.1202, +0.1229, +0.1223, +0.1203, +0.1254, +0.1180, +0.1234, +0.1223, +0.1187, +0.1239, +0.1233, +0.1214, +0.1216, +0.1211, +0.1204, +0.1207, +0.1219, +0.1208, +0.1238, +0.1193, +0.1216, +0.1228, +0.1197, +0.1203, +0.1209, +0.1198, +0.1251, +0.1208, +0.1244, +0.1208, +0.1208, +0.1218, +0.1251, +0.1207, +0.1197, +0.1207, +0.1230, +0.1250, +0.1198, +0.1230, +0.1206, +0.1227, +0.1227, +0.1207, +0.1199, +0.1202, +0.1218, +0.1228, +0.1217, +0.1241, +0.1224, +0.1225, +0.1175, +0.1253, +0.1233, +0.1199, +0.1230, +0.1216, +0.1234, +0.1211, +0.1198, +0.1222, +0.1220, +0.1218, +0.1213, +0.1214, +0.1220, +0.1204, +0.1203, +0.1230, +0.1187, +0.1246, +0.1227, +0.1233, +0.1250, +0.1222, +0.1190, +0.1198, +0.1223, +0.1199, +0.1179, +0.1234, +0.1214, +0.1251, +0.1199, +0.1225, +0.1212, +0.1208, +0.1213, +0.1211, +0.1211, +0.1211, +0.1201, +0.1229, +0.1211, +0.1196, +0.1203, +0.1209, +0.1220, +0.1214, +0.1227, +0.1195, +0.1225, +0.1186, +0.1211, +0.1214, +0.1198, +0.1203, +0.1216, +0.1203, +0.1217, +0.1207, +0.1245, +0.1216, +0.1243, +0.1217, +0.1224, +0.1208, +0.1219, +0.1223, +0.1198, +0.1224, +0.1220, +0.1227, +0.1233, +0.1204, +0.1220, +0.1203, +0.1208, +0.1216, +0.1233, +0.1209, +0.1208, +0.1219, +0.1255, +0.1199, +0.1212, +0.1190, +0.1218, +0.1214, +0.1217, +0.1206, +0.1201, +0.1228, +0.1199, +0.1196, +0.1238, +0.1179, +0.1196, +0.1206, +0.1207, +0.1203, +0.1193, +0.1213, +0.1209, +0.1235, +0.1192, +0.1179, +0.1167, +0.1253, +0.1181, +0.1239, +0.1217, +0.1230, +0.1230, +0.1193, +0.1206, +0.1229, +0.1196, +0.1206, +0.1197, +0.1203, +0.1212, +0.1191, +0.1193, +0.1238, +0.1243, +0.1202, +0.1238, +0.1233, +0.1214, +0.1190, +0.1203, +0.1196, +0.1216, +0.1204, +0.1206, +0.1201, +0.1218, +0.1212, +0.1230, +0.1251, +0.1191, +0.1239, +0.1195, +0.1211, +0.1199, +0.1227, +0.1206, +0.1219, +0.1218, +0.1187, +0.1214, +0.1213, +0.1222, +0.1229, +0.1230, +0.1227, +0.1211, +0.1225, +0.1174, +0.1204, +0.1228, +0.1244, +0.1169, +0.1241, +0.1246, +0.1222, +0.1217, +0.1217, +0.1207, +0.1206, +0.1236, +0.1224, +0.1206, +0.1203, +0.1223, +0.1199, +0.1187, +0.1203, +0.1246, +0.1196, +0.1191, +0.1201, +0.1219, +0.1207, +0.1211, +0.1223, +0.1191, +0.1233, +0.1177, +0.1228, +0.1164, +0.1213, +0.1164, +0.1228, +0.1216, +0.1198, +0.1198, +0.1217, +0.1222, +0.1186, +0.1186, +0.1248, +0.1236, +0.1199, +0.1191, +0.1212, +0.1201, +0.1227, +0.1217, +0.1213, +0.1214, +0.1172, +0.1213, +0.1214, +0.1217, +0.1188, +0.1211, +0.1203, +0.1233, +0.1199, +0.1207, +0.1235, +0.1218, +0.1219, +0.1211, +0.1222, +0.1224, +0.1224, +0.1211, +0.1218, +0.1213, +0.1218, +0.1219, +0.1219, +0.1204, +0.1230, +0.1171, +0.1218, +0.1208, +0.1208, +0.1211, +0.1216, +0.1218, +0.1208, +0.1223, +0.1216, +0.1212, +0.1224, +0.1227]
      actor_loss: [-0.0000, -0.0001, -0.0001, -0.0001, -0.0005, -0.0005, -0.0004, -0.0000, -0.0002, -0.0002, -0.0006, -0.0005, -0.0009, -0.0008, -0.0004, -0.0010, -0.0012, -0.0011, -0.0013, -0.0011, -0.0009, -0.0022, -0.0025, -0.0011, -0.0004, -0.0002, -0.0016, -0.0015, -0.0016, -0.0018, -0.0015, -0.0027, -0.0017, -0.0029, -0.0032, -0.0032, -0.0020, -0.0031, -0.0032, -0.0021, -0.0021, -0.0034, -0.0022, -0.0010, -0.0025, -0.0043, -0.0042, -0.0019, -0.0030, -0.0058, -0.0042, -0.0031, -0.0047, -0.0041, -0.0032, -0.0052, -0.0057, -0.0083, -0.0051, -0.0073, -0.0062, -0.0096, -0.0056, -0.0077, -0.0094, -0.0075, -0.0078, -0.0092, -0.0082, -0.0088, -0.0118, -0.0112, -0.0108, -0.0118, -0.0137, -0.0117, -0.0122, -0.0144, -0.0145, -0.0118, -0.0156, -0.0151, -0.0169, -0.0182, -0.0159, -0.0190, -0.0174, -0.0196, -0.0206, -0.0192, -0.0214, -0.0238, -0.0228, -0.0274, -0.0255, -0.0273, -0.0273, -0.0286, -0.0311, -0.0245, -0.0284, -0.0282, -0.0297, -0.0285, -0.0322, -0.0312, -0.0258, -0.0339, -0.0327, -0.0298, -0.0325, -0.0319, -0.0300, -0.0305, -0.0283, -0.0334, -0.0331, -0.0278, -0.0321, -0.0313, -0.0304, -0.0249, -0.0293, -0.0240, -0.0296, -0.0282, -0.0297, -0.0270, -0.0309, -0.0304, -0.0256, -0.0240, -0.0274, -0.0241, -0.0207, -0.0264, -0.0258, -0.0214, -0.0238, -0.0247, -0.0231, -0.0208, -0.0203, -0.0231, -0.0234, -0.0233, -0.0211, -0.0205, -0.0201, -0.0254, -0.0242, -0.0259, -0.0208, -0.0240, -0.0208, -0.0233, -0.0199, -0.0207, -0.0192, -0.0223, -0.0198, -0.0186, -0.0178, -0.0188, -0.0181, -0.0202, -0.0179, -0.0191, -0.0183, -0.0165, -0.0179, -0.0162, -0.0159, -0.0215, -0.0177, -0.0188, -0.0139, -0.0142, -0.0206, -0.0187, -0.0180, -0.0224, -0.0164, -0.0211, -0.0201, -0.0148, -0.0168, -0.0187, -0.0217, -0.0130, -0.0185, -0.0168, -0.0169, -0.0195, -0.0131, -0.0120, -0.0124, -0.0175, -0.0189, -0.0192, -0.0193, -0.0190, -0.0135, -0.0101, -0.0177, -0.0179, -0.0199, -0.0149, -0.0214, -0.0180, -0.0152, -0.0160, -0.0169, -0.0117, -0.0151, -0.0191, -0.0207, -0.0158, -0.0176, -0.0218, -0.0182, -0.0108, -0.0130, -0.0151, -0.0210, -0.0159, -0.0201, -0.0146, -0.0121, -0.0194, -0.0160, -0.0084, -0.0178, -0.0197, -0.0198, -0.0191, -0.0137, -0.0173, -0.0192, -0.0199, -0.0189, -0.0198, -0.0171, -0.0101, -0.0199, -0.0166, -0.0200, -0.0154, -0.0118, -0.0129, -0.0143, -0.0169, -0.0183, -0.0156, -0.0155, -0.0187, -0.0180, -0.0153, -0.0143, -0.0182, -0.0183, -0.0188, -0.0167, -0.0250, -0.0219, -0.0188, -0.0190, -0.0176, -0.0201, -0.0214, -0.0221, -0.0197, -0.0193, -0.0174, -0.0209, -0.0184, -0.0205, -0.0166, -0.0151, -0.0206, -0.0172, -0.0193, -0.0200, -0.0210, -0.0151, -0.0163, -0.0212, -0.0209, -0.0189, -0.0174, -0.0164, -0.0176, -0.0179, -0.0207, -0.0150, -0.0187, -0.0157, -0.0171, -0.0036, -0.0226, -0.0214, -0.0187, -0.0199, -0.0152, -0.0174, -0.0201, -0.0178, -0.0199, -0.0193, -0.0172, -0.0182, -0.0183, -0.0180, -0.0121, -0.0185, -0.0162, -0.0152, -0.0229, -0.0210, -0.0176, -0.0200, -0.0177, -0.0202, -0.0183, -0.0180, -0.0186, -0.0183, -0.0194, -0.0191, -0.0183, -0.0201, -0.0215, -0.0229, -0.0205, -0.0201, -0.0187, -0.0142, -0.0175, -0.0151, -0.0181, -0.0181, -0.0218, -0.0174, -0.0165, -0.0181, -0.0138, -0.0200, -0.0182, -0.0181, -0.0169, -0.0167, -0.0184, -0.0165, -0.0181, -0.0169, -0.0192, -0.0134, -0.0166, -0.0170, -0.0172, -0.0104, -0.0204, -0.0198, -0.0181, -0.0196, -0.0162, -0.0180, -0.0172, -0.0187, -0.0165, -0.0177, -0.0202, -0.0164, -0.0172, -0.0163, -0.0181, -0.0199, -0.0171, -0.0178, -0.0185, -0.0184, -0.0136, -0.0163, -0.0201, -0.0159, -0.0186, -0.0184, -0.0175, -0.0173, -0.0163, -0.0138, -0.0162, -0.0215, -0.0156, -0.0153, -0.0166, -0.0193, -0.0183, -0.0201, -0.0187, -0.0214, -0.0167, -0.0151, -0.0211, -0.0132, -0.0196, -0.0205, -0.0168, -0.0177, -0.0140, -0.0160, -0.0190, -0.0181, -0.0127, -0.0127, -0.0154, -0.0160, -0.0162, -0.0168, -0.0158, -0.0142, -0.0175, -0.0150, -0.0182, -0.0121, -0.0170, -0.0198, -0.0172, -0.0183, -0.0195, -0.0186, -0.0137, -0.0151, -0.0166, -0.0184, -0.0188, -0.0181, -0.0194, -0.0148, -0.0201, -0.0238, -0.0184, -0.0160, -0.0166, -0.0226, -0.0207, -0.0173, -0.0222, -0.0178, -0.0206, -0.0190, -0.0212, -0.0174, -0.0196, -0.0189, -0.0173, -0.0178, -0.0159, -0.0133, -0.0192, -0.0224, -0.0040, -0.0171, -0.0241, -0.0168, -0.0217, -0.0195, -0.0209, -0.0193, -0.0192, -0.0160, -0.0174, -0.0156, -0.0190, -0.0151, -0.0205, -0.0191, -0.0153, -0.0199, -0.0186, -0.0212, -0.0165, -0.0216, -0.0216, -0.0161, -0.0209, -0.0240, -0.0170, -0.0198, -0.0211, -0.0213, -0.0203, -0.0213, -0.0228, -0.0212, -0.0200, -0.0191, -0.0203, -0.0174, -0.0173, -0.0200, -0.0192, -0.0164, -0.0179, -0.0150, -0.0182, -0.0182, -0.0177, -0.0202, -0.0209, -0.0191, -0.0165, -0.0202, -0.0206, -0.0177, -0.0153, -0.0157, -0.0153, -0.0169, -0.0207, -0.0195, -0.0219, -0.0213, -0.0203, -0.0193, -0.0168, -0.0207, -0.0213, -0.0221, -0.0189, -0.0182, -0.0208, -0.0238, -0.0192, -0.0207, -0.0183, -0.0208, -0.0236, -0.0209, -0.0171, -0.0200, -0.0192, -0.0194, -0.0208, -0.0163, -0.0190, -0.0179, -0.0223, -0.0206, -0.0213, -0.0194, -0.0230, -0.0200, -0.0197, -0.0242, -0.0171, -0.0199, -0.0167, -0.0205, -0.0238, -0.0162, -0.0219, -0.0216, -0.0198, -0.0241, -0.0179, -0.0161, -0.0221, -0.0218, -0.0198, -0.0189, -0.0190, -0.0199, -0.0155, -0.0221, -0.0195, -0.0207, -0.0194, -0.0209, -0.0219, -0.0227, -0.0219, -0.0220, -0.0204, -0.0144, -0.0167, -0.0162, -0.0177, -0.0206, -0.0212, -0.0143, -0.0210, -0.0174, -0.0216, -0.0192, -0.0183, -0.0229, -0.0192, -0.0171, -0.0205, -0.0215, -0.0154, -0.0189, -0.0212, -0.0167, -0.0165, -0.0152, -0.0179, -0.0142, -0.0219, -0.0201, -0.0174, -0.0201, -0.0175, -0.0177, -0.0183, -0.0165, -0.0197, -0.0181, -0.0209, -0.0156, -0.0170, -0.0187, -0.0172, -0.0156, -0.0164, -0.0169, -0.0198, -0.0187, -0.0188, -0.0194, -0.0158, -0.0139, -0.0193, -0.0184, -0.0144, -0.0126, -0.0174, -0.0195, -0.0202, -0.0168, -0.0125, -0.0174, -0.0104, -0.0182, -0.0196, -0.0209, -0.0173, -0.0171, -0.0196, -0.0079, -0.0192, -0.0214, -0.0094, -0.0183, -0.0166, -0.0156, -0.0171, -0.0184, -0.0152, -0.0168, -0.0209, -0.0165, -0.0191, -0.0191, -0.0206, -0.0176, -0.0136, -0.0183, -0.0198, -0.0196, -0.0172, -0.0179, -0.0151, -0.0195, -0.0175, -0.0175, -0.0172, -0.0172, -0.0148, -0.0171, -0.0119, -0.0120, -0.0164, -0.0161, -0.0157, -0.0131, -0.0126, -0.0202, -0.0120, -0.0194, -0.0138, -0.0134, -0.0146, -0.0128, -0.0179, -0.0190, -0.0127, -0.0176, -0.0157, -0.0138, -0.0143, -0.0174, -0.0188, -0.0148, -0.0192, -0.0143, -0.0164, -0.0187, -0.0187, -0.0169, -0.0144, -0.0172, -0.0162, -0.0198, -0.0136, -0.0167, -0.0122, -0.0127, -0.0160, -0.0150, -0.0167, -0.0175, -0.0172, -0.0169, -0.0159, -0.0163, -0.0173, -0.0178, -0.0162, -0.0179, -0.0185, -0.0174, -0.0183, -0.0167, -0.0176, -0.0154, -0.0154, -0.0153, -0.0164, -0.0166, -0.0177, -0.0132, -0.0115, -0.0215, -0.0160, -0.0200, -0.0191, -0.0182, -0.0156, -0.0129, -0.0180, -0.0199, -0.0177, -0.0167, -0.0142, -0.0144, -0.0136, -0.0192, -0.0179, -0.0144, -0.0168, -0.0173, -0.0172, -0.0193, -0.0171, -0.0154, -0.0158, -0.0171, -0.0189, -0.0154, -0.0169, -0.0140, -0.0155, -0.0202, -0.0183, -0.0178, -0.0150, -0.0186, -0.0134, -0.0148, -0.0172, -0.0149, -0.0186, -0.0179, -0.0171, -0.0145, -0.0159, -0.0183, -0.0153, -0.0173, -0.0171, -0.0186, -0.0207, -0.0226, -0.0194, -0.0193, -0.0185, -0.0175, -0.0183, -0.0167, -0.0205, -0.0178, -0.0185, -0.0182, -0.0233, -0.0188, -0.0214, -0.0185, -0.0179, -0.0184, -0.0181, -0.0226, -0.0162, -0.0188, -0.0169, -0.0185, -0.0182, -0.0197, -0.0199, -0.0191, -0.0203, -0.0195, -0.0152, -0.0189, -0.0179, -0.0156, -0.0184, -0.0195, -0.0221, -0.0183, -0.0174, -0.0152, -0.0162, -0.0175, -0.0188, -0.0172, -0.0186, -0.0191, -0.0166, -0.0176, -0.0161, -0.0176, -0.0206, -0.0139, -0.0143, -0.0205, -0.0160, -0.0204, -0.0169, -0.0219, -0.0194, -0.0182, -0.0147, -0.0196, -0.0197, -0.0190, -0.0185, -0.0197, -0.0174, -0.0193, -0.0194, -0.0207, -0.0188, -0.0205, -0.0171, -0.0184, -0.0173, -0.0203, -0.0167, -0.0181, -0.0185, -0.0181, -0.0171, -0.0187, -0.0206, -0.0192, -0.0183, -0.0183, -0.0138, -0.0153, -0.0165, -0.0118, -0.0191, -0.0189, -0.0187, -0.0210, -0.0194, -0.0191, -0.0184, -0.0140, -0.0191, -0.0180, -0.0187, -0.0204, -0.0161, -0.0173, -0.0217, -0.0177, -0.0189, -0.0130, -0.0214, -0.0196, -0.0166, -0.0188, -0.0179, -0.0180, -0.0158, -0.0157, -0.0191, -0.0180, -0.0169, -0.0174, -0.0150, -0.0189, -0.0148, -0.0181, -0.0154, -0.0187, -0.0178, -0.0186, -0.0186, -0.0170, -0.0218, -0.0168, -0.0210, -0.0167, -0.0161, -0.0186, -0.0191, -0.0208, -0.0195, -0.0202, -0.0162, -0.0210, -0.0181, -0.0164, -0.0200, -0.0209, -0.0183, -0.0160, -0.0171, -0.0161, -0.0202, -0.0212, -0.0174, -0.0178, -0.0204, -0.0217, -0.0184, -0.0151, -0.0176, -0.0179, -0.0191, -0.0168, -0.0180, -0.0177, -0.0202, -0.0200, -0.0172, -0.0198, -0.0193, -0.0085, -0.0165, -0.0208, -0.0192, -0.0196, -0.0158, -0.0171, -0.0173, -0.0186, -0.0182, -0.0182, -0.0186, -0.0178, -0.0186, -0.0216, -0.0218, -0.0194, -0.0195, -0.0218, -0.0190, -0.0173, -0.0185, -0.0157, -0.0180, -0.0157, -0.0180, -0.0192, -0.0231, -0.0166, -0.0151, -0.0163, -0.0192, -0.0189, -0.0190, -0.0184, -0.0213, -0.0202, -0.0175, -0.0175, -0.0170, -0.0176, -0.0197, -0.0161, -0.0175, -0.0160, -0.0194, -0.0199, -0.0198, -0.0101, -0.0172, -0.0186, -0.0154, -0.0219, -0.0168, -0.0203, -0.0155, -0.0204, -0.0196, -0.0189, -0.0184, -0.0194, -0.0154, -0.0199, -0.0173, -0.0220, -0.0183, -0.0199, -0.0244, -0.0193, -0.0186, -0.0158, -0.0159, -0.0175, -0.0165, -0.0161, -0.0198, -0.0192, -0.0184, -0.0171, -0.0189, -0.0182, -0.0166, -0.0168, -0.0165, -0.0151, -0.0129, -0.0183, -0.0155, -0.0176, -0.0193, -0.0188, -0.0194, -0.0198, -0.0190, -0.0213, -0.0174, -0.0188, -0.0185, -0.0206, -0.0150, -0.0201, -0.0200, -0.0187, -0.0187, -0.0199, -0.0180, -0.0206, -0.0173, -0.0175, -0.0163, -0.0166, -0.0205, -0.0154, -0.0181, -0.0187, -0.0203, -0.0185, -0.0185, -0.0171, -0.0181, -0.0176, -0.0208, -0.0210, -0.0203, -0.0173, -0.0174, -0.0200, -0.0164, -0.0186, -0.0128, -0.0196, -0.0183, -0.0200, -0.0190, -0.0220, -0.0168, -0.0167, -0.0209, -0.0211, -0.0179, -0.0195, -0.0226, -0.0162, -0.0162, -0.0198, -0.0226, -0.0175, -0.0177, -0.0161, -0.0207, -0.0175, -0.0176, -0.0179, -0.0125, -0.0169, -0.0205, -0.0156, -0.0161, -0.0160, -0.0177, -0.0129, -0.0190, -0.0197, -0.0179, -0.0124, -0.0175, -0.0159, -0.0201, -0.0162, -0.0199, -0.0183, -0.0174, -0.0165, -0.0197, -0.0168, -0.0197, -0.0170, -0.0138, -0.0194, -0.0183, -0.0166, -0.0119, -0.0179, -0.0119, -0.0214, -0.0173, -0.0136, -0.0148, -0.0159, -0.0169, -0.0130, -0.0170, -0.0174, -0.0169, -0.0126, -0.0177, -0.0204, -0.0185, -0.0184, -0.0136, -0.0168, -0.0156, -0.0186, -0.0182, -0.0126, -0.0127, -0.0143, -0.0191, -0.0162, -0.0196, -0.0172, -0.0163, -0.0150, -0.0166, -0.0160, -0.0152, -0.0178, -0.0181, -0.0182, -0.0160, -0.0196, -0.0195, -0.0173, -0.0183, -0.0170, -0.0203, -0.0152, -0.0226, -0.0186, -0.0120, -0.0194, -0.0159, -0.0155, -0.0183, -0.0171, -0.0159, -0.0201, -0.0160, -0.0193, -0.0149, -0.0206, -0.0160, -0.0201, -0.0194, -0.0187, -0.0154, -0.0188, -0.0171, -0.0147, -0.0212, -0.0208, -0.0164, -0.0170, -0.0193, -0.0176, -0.0157, -0.0182, -0.0211, -0.0153, -0.0154, -0.0189, -0.0189, -0.0176, -0.0193, -0.0166, -0.0209, -0.0209, -0.0199, -0.0159, -0.0193, -0.0164, -0.0152, -0.0156, -0.0169, -0.0171, -0.0177, -0.0139, -0.0188, -0.0152, -0.0177, -0.0168, -0.0166, -0.0182, -0.0150, -0.0164, -0.0168, -0.0180, -0.0174, -0.0137, -0.0147, -0.0178, -0.0150, -0.0185, -0.0165, -0.0141, -0.0181, -0.0184, -0.0160, -0.0192, -0.0155, -0.0186, -0.0163, -0.0138, -0.0124, -0.0133, -0.0140, -0.0175, -0.0154, -0.0139, -0.0161, -0.0159, -0.0139, -0.0177, -0.0165, -0.0189, -0.0175, -0.0176, -0.0157, -0.0127, -0.0128, -0.0176, -0.0149, -0.0161, -0.0155, -0.0106, -0.0196, -0.0168, -0.0137, -0.0150, -0.0153, -0.0162, -0.0144, -0.0140, -0.0170, -0.0170, -0.0138, -0.0140, -0.0143, -0.0139, -0.0113, -0.0154, -0.0112, -0.0174, -0.0110, -0.0125, -0.0139, -0.0134, -0.0146, -0.0168, -0.0152, -0.0139, -0.0181, -0.0139, -0.0163, -0.0174, -0.0185, -0.0109, -0.0162, -0.0138, -0.0146, -0.0158, -0.0162, -0.0151, -0.0130, -0.0158, -0.0144, -0.0150, -0.0171, -0.0144, -0.0164, -0.0157, -0.0113, -0.0172, -0.0126, -0.0153, -0.0161, -0.0166, -0.0155, -0.0165, -0.0130, -0.0158, -0.0201, -0.0162, -0.0160, -0.0153, -0.0165, -0.0136, -0.0153, -0.0160, -0.0173, -0.0132, -0.0174, -0.0175, -0.0130, -0.0144, -0.0178, -0.0163, -0.0163, -0.0160, -0.0153, -0.0104, -0.0155, -0.0160, -0.0153, -0.0129, -0.0140, -0.0155, -0.0127, -0.0168, -0.0175, -0.0130, -0.0143, -0.0173, -0.0148, -0.0160, -0.0142, -0.0156, -0.0133, -0.0109, -0.0144, -0.0160, -0.0149, -0.0147, -0.0171, -0.0157, -0.0178, -0.0129, -0.0167, -0.0164, -0.0190, -0.0156, -0.0166, -0.0164, -0.0153, -0.0127, -0.0158, -0.0114, -0.0140, -0.0154, -0.0143, -0.0142, -0.0135, -0.0178, -0.0154, -0.0163, -0.0176, -0.0156, -0.0104, -0.0144, -0.0152, -0.0165, -0.0160, -0.0120, -0.0129, -0.0152, -0.0176, -0.0158, -0.0174, -0.0153, -0.0170, -0.0149, -0.0153, -0.0175, -0.0136, -0.0153, -0.0151, -0.0155, -0.0159, -0.0142, -0.0151, -0.0166, -0.0117, -0.0155, -0.0136, -0.0166, -0.0114, -0.0102, -0.0112, -0.0155, -0.0190, -0.0164, -0.0116, -0.0192, -0.0129, -0.0173, -0.0172, -0.0182, -0.0160, -0.0163, -0.0125, -0.0155, -0.0087, -0.0107, -0.0125, -0.0147, -0.0120, -0.0158, -0.0082, -0.0113, -0.0182, -0.0129, -0.0162, -0.0168, -0.0182, -0.0167, -0.0120, -0.0164, -0.0130, -0.0143, -0.0146, -0.0170, -0.0161, -0.0160, -0.0164, -0.0136, -0.0161, -0.0149, -0.0146, -0.0197, -0.0118, -0.0142, -0.0140, -0.0116, -0.0160, -0.0126, -0.0178, -0.0119, -0.0156, -0.0113, -0.0163, -0.0158, -0.0073, -0.0152, -0.0101, -0.0137, -0.0157, -0.0155, -0.0125, -0.0192, -0.0145, -0.0169, -0.0153, -0.0089, -0.0143, -0.0099, -0.0124, -0.0110, -0.0169, -0.0095, -0.0124, -0.0137, -0.0152, -0.0143, -0.0116, -0.0136, -0.0145, -0.0103, -0.0127, -0.0131, -0.0146, -0.0152, -0.0159, -0.0121, -0.0133, -0.0182, -0.0178, -0.0152, -0.0162, -0.0132, -0.0147, -0.0139, -0.0113, -0.0157, -0.0127, -0.0149, -0.0129, -0.0124, -0.0137, -0.0160, -0.0175, -0.0099, -0.0114, -0.0149, -0.0116, -0.0140, -0.0086, -0.0114, -0.0122, -0.0094, -0.0069, -0.0154, -0.0156, -0.0155, -0.0125, -0.0093, -0.0061, -0.0095, -0.0137, -0.0088, -0.0110, -0.0111, -0.0125, -0.0120, -0.0042, -0.0087, -0.0128, -0.0157, -0.0120, -0.0119, -0.0167, -0.0082, -0.0106, -0.0108, -0.0100, -0.0126, -0.0120, -0.0129, -0.0116, -0.0117, -0.0119, -0.0107, -0.0124, -0.0096, -0.0125, -0.0134, -0.0119, -0.0118, -0.0139, -0.0116, -0.0147, -0.0097, -0.0063, -0.0097, -0.0089, -0.0170, -0.0113, -0.0094, -0.0106, -0.0124, -0.0126, -0.0120, -0.0142, -0.0128, -0.0069, -0.0134, -0.0111, -0.0079, -0.0118, -0.0122, -0.0150, -0.0130, -0.0137, -0.0129, -0.0133, -0.0123, -0.0126, -0.0127, -0.0132, -0.0138, -0.0144, -0.0070, -0.0173, -0.0126, -0.0101, -0.0140, -0.0163, -0.0076, -0.0125, -0.0113, -0.0072, -0.0114, -0.0132, -0.0133, -0.0116, -0.0130, -0.0123, -0.0121, -0.0140, -0.0102, -0.0117, -0.0146, -0.0110, -0.0142, -0.0150, -0.0075, -0.0139, -0.0130, -0.0106, -0.0104, -0.0143, -0.0140, -0.0151, -0.0096, -0.0138, -0.0065, -0.0137, -0.0133, -0.0125, -0.0139, -0.0144, -0.0153, -0.0122, -0.0127, -0.0119, -0.0092, -0.0127, -0.0165, -0.0113, -0.0125, -0.0094, -0.0145, -0.0103, -0.0114, -0.0119, -0.0145, -0.0121, -0.0079, -0.0136, -0.0135, -0.0095, -0.0106, -0.0157, -0.0129, -0.0078, -0.0137, -0.0104, -0.0133, -0.0143, -0.0125, -0.0117, -0.0128, -0.0092, -0.0128, -0.0116, -0.0130, -0.0140, -0.0109, -0.0091, -0.0136, -0.0120, -0.0115, -0.0161, -0.0102, -0.0123, -0.0157, -0.0107, -0.0134, -0.0121, -0.0141, -0.0106, -0.0113, -0.0154, -0.0076, -0.0110, -0.0121, -0.0117, -0.0113, -0.0114, -0.0104, -0.0120, -0.0099, -0.0105, -0.0145, -0.0061, -0.0120, -0.0132, -0.0145, -0.0118, -0.0103, -0.0104, -0.0133, -0.0131, -0.0116, -0.0130, -0.0118, -0.0120, -0.0116, -0.0084, -0.0132, -0.0140, -0.0113, -0.0094, -0.0092, -0.0105, -0.0103, -0.0090, -0.0098, -0.0059, -0.0133, -0.0095, -0.0090, -0.0102, -0.0140, -0.0107, -0.0102, -0.0122, -0.0125, -0.0121, -0.0106, -0.0114, -0.0103, -0.0112, -0.0089, -0.0095, -0.0125, -0.0107, -0.0109, -0.0096, -0.0116, -0.0113, -0.0118, -0.0090, -0.0148, -0.0131, -0.0125, -0.0057, -0.0113, -0.0086, -0.0100, -0.0116, -0.0126, -0.0112, -0.0111, -0.0129, -0.0105, -0.0132, -0.0105, -0.0139, -0.0119, -0.0092, -0.0130, -0.0102, -0.0117, -0.0097, -0.0110, -0.0111, -0.0142, -0.0096, -0.0109, -0.0123, -0.0119, -0.0104, -0.0087, -0.0117, -0.0086, -0.0162, -0.0086, -0.0098, -0.0105, -0.0144, -0.0086, -0.0151, -0.0104, -0.0135, -0.0111, -0.0109, -0.0126, -0.0121, -0.0096, -0.0087, -0.0110, -0.0117, -0.0089, -0.0127, -0.0073, -0.0083, -0.0111, -0.0107, -0.0105, -0.0084, -0.0073, -0.0121, -0.0065, -0.0092, -0.0097, -0.0080, -0.0068, -0.0118, -0.0070, -0.0108, -0.0115, -0.0105, -0.0083, -0.0092, -0.0089, -0.0118, -0.0081, -0.0062, -0.0080, -0.0090, -0.0104, -0.0117, -0.0068, -0.0128, -0.0021, -0.0050, -0.0077, -0.0105, -0.0148, -0.0081, -0.0112, -0.0102, -0.0085, -0.0078, -0.0103, -0.0113, -0.0088, -0.0088, -0.0115, -0.0072, -0.0063, -0.0107, -0.0071, -0.0100, -0.0075, -0.0095, -0.0121, -0.0111, -0.0123, -0.0132, -0.0085, -0.0070, -0.0041, -0.0111, -0.0117, -0.0119, -0.0102, -0.0127, -0.0065, -0.0104, -0.0123, -0.0022, -0.0105, -0.0113, -0.0099, -0.0048, -0.0090, -0.0116, -0.0101, -0.0088, -0.0091, -0.0082, -0.0077, -0.0110, -0.0123, -0.0080, -0.0077, -0.0076, -0.0099, -0.0113, -0.0100, -0.0112, -0.0076, -0.0099, -0.0087, -0.0099, -0.0055, -0.0106, -0.0128, -0.0105, -0.0090, -0.0093, -0.0054, -0.0122, -0.0048, -0.0114, -0.0085, -0.0117, -0.0117, -0.0078, -0.0086, -0.0093, -0.0103, -0.0133, -0.0047, -0.0106, -0.0111, -0.0075, -0.0101, -0.0111, -0.0126, -0.0078, -0.0127, -0.0116, -0.0106, -0.0058, -0.0085, -0.0087, -0.0082, -0.0086, -0.0081, -0.0123, -0.0084, -0.0086, -0.0047, -0.0029, -0.0073, -0.0102, -0.0066, -0.0105, -0.0088, -0.0121, -0.0113, -0.0088, -0.0028, -0.0115, -0.0132, -0.0074, -0.0132, -0.0090, -0.0050, -0.0066, -0.0089, -0.0105, -0.0098, -0.0078, -0.0086, -0.0086, -0.0090, -0.0112, -0.0102, -0.0085, -0.0114, -0.0095, -0.0102, -0.0029, -0.0097, -0.0048, -0.0103, -0.0085, -0.0118, -0.0058, -0.0060, -0.0080, -0.0083, -0.0082, -0.0106, -0.0128, -0.0092, -0.0145, -0.0092, -0.0105, -0.0056, -0.0117, -0.0107, -0.0128, -0.0099, +0.0010, -0.0109, -0.0126, +0.0005, -0.0096, -0.0046, -0.0034, -0.0105, -0.0059, -0.0081, -0.0104, -0.0083, -0.0080, -0.0132, -0.0126, -0.0112, -0.0085, -0.0093, -0.0048, -0.0054, -0.0103, -0.0096, -0.0108, -0.0129, -0.0099, -0.0067, -0.0094, -0.0073, -0.0080, -0.0051, -0.0073, -0.0128, -0.0034, -0.0078, -0.0044, +0.0124, -0.0098, -0.0032, -0.0063, -0.0072, -0.0075, -0.0088, -0.0104, -0.0080, -0.0055, -0.0079, -0.0118, -0.0059, -0.0095, -0.0038, -0.0025, -0.0065, -0.0003, -0.0046, -0.0094, -0.0066, -0.0076, -0.0119, -0.0078, -0.0053, -0.0047, -0.0076, -0.0095, -0.0070, -0.0076, -0.0099, +0.0309, -0.0074, -0.0071, -0.0087, -0.0088, -0.0094, -0.0037, -0.0058, -0.0108, -0.0098, -0.0036, -0.0094, -0.0111, -0.0077, -0.0083, -0.0048, -0.0052, -0.0051, -0.0099, -0.0114, -0.0063, -0.0091, -0.0067, -0.0079, -0.0038, -0.0079, +0.0009, -0.0059, -0.0037, -0.0017, -0.0095, -0.0074, -0.0018, -0.0124, -0.0076, +0.0221, -0.0057, -0.0063, -0.0060, -0.0085, -0.0104, -0.0055, -0.0082, -0.0028, -0.0046, -0.0138, -0.0078, -0.0088, -0.0128, -0.0023, -0.0054, -0.0102, -0.0051, +0.0023, -0.0039, -0.0059, -0.0008, -0.0017, -0.0008, -0.0082, -0.0035, -0.0013, -0.0051, -0.0018, -0.0034, -0.0059, -0.0056, -0.0097, -0.0084, -0.0086, -0.0032, -0.0031, -0.0052, -0.0058, -0.0116, -0.0045, -0.0050, -0.0038, -0.0048, -0.0095, -0.0033, -0.0047, -0.0021, -0.0064, -0.0018, -0.0045, -0.0082, -0.0014, -0.0085, -0.0071, -0.0082, -0.0009, -0.0049, -0.0038, -0.0054, -0.0014, -0.0040, -0.0066, -0.0067, -0.0052, -0.0101, -0.0038, -0.0070, -0.0039, -0.0038, -0.0068, -0.0096, -0.0082, -0.0088, +0.0078, -0.0020, -0.0025, -0.0074, -0.0036, -0.0044, +0.0005, -0.0055, -0.0047, -0.0070, -0.0063, -0.0053, -0.0065, -0.0059, -0.0027, -0.0040, -0.0049, -0.0038, -0.0088, -0.0089, -0.0016, -0.0044, -0.0083, -0.0042, -0.0086, -0.0063, -0.0037, +0.0003, -0.0088, -0.0078, -0.0056, -0.0055, -0.0099, -0.0086, -0.0037, -0.0067, -0.0084, -0.0068, +0.0014, -0.0035, -0.0021, -0.0030, -0.0029, -0.0046, -0.0068, -0.0023, -0.0071, -0.0020, -0.0074, -0.0032, -0.0054, -0.0056, -0.0037, +0.0026, +0.0034, -0.0040, -0.0066, -0.0082, -0.0079, +0.0009, -0.0029, -0.0067, -0.0051, -0.0070, -0.0005, -0.0033, +0.0004, -0.0038, -0.0079, -0.0044, +0.0047, -0.0020, -0.0086, -0.0072, -0.0100, -0.0080, -0.0088, -0.0049, +0.0024, -0.0054, -0.0058, -0.0033, +0.0122, +0.0025, -0.0012, -0.0036, -0.0086, -0.0065, +0.0040, -0.0032, -0.0049, -0.0067, -0.0089, -0.0102, -0.0051, -0.0029, -0.0078, -0.0001, -0.0072, -0.0036, -0.0017, -0.0010, -0.0021, -0.0033, -0.0042, -0.0046, -0.0045, -0.0070, +0.0003, -0.0108, -0.0061, +0.0002, -0.0025, +0.0009, -0.0068, -0.0036, -0.0047, +0.0001, -0.0046, -0.0081, -0.0008, -0.0005, +0.0004, -0.0063, -0.0022, +0.0617, +0.0009, -0.0040, -0.0060, +0.0030, -0.0046, -0.0040, -0.0020, -0.0056, -0.0004, -0.0006, +0.0034, -0.0039, -0.0069, -0.0023, -0.0072, -0.0009, -0.0059, -0.0026, -0.0057, -0.0024, +0.0189, -0.0045, -0.0060, -0.0028, -0.0043, -0.0050, -0.0035, -0.0048, +0.0045, -0.0025, -0.0055, -0.0051, -0.0028, -0.0042, -0.0037, -0.0032, -0.0041, +0.0010, -0.0028, -0.0072, -0.0040, +0.0003, -0.0026, +0.0009, +0.0020, -0.0031, +0.0026, -0.0019, -0.0069, -0.0014, -0.0010, -0.0045, -0.0018, -0.0048, -0.0029, -0.0054, -0.0043, -0.0007, -0.0041, +0.0003, -0.0050, -0.0032, +0.0004, -0.0075, -0.0035, -0.0014, -0.0023, -0.0006, -0.0072, -0.0071, -0.0043, -0.0015, +0.0027, -0.0015, -0.0053, -0.0022, -0.0040, -0.0055, -0.0004, -0.0043, -0.0035, -0.0036, -0.0080, -0.0076, -0.0020, -0.0002, -0.0020, -0.0074, -0.0036, -0.0030, +0.0240, -0.0031, -0.0023, -0.0054, -0.0005, -0.0045, +0.0007, -0.0039, -0.0043, -0.0006, -0.0060, -0.0042, -0.0001, +0.0050, +0.0015, -0.0021, +0.0006, +0.0040, +0.0001, -0.0034, +0.0006, -0.0023, -0.0093, -0.0066, +0.0002, -0.0025, -0.0080, -0.0029, -0.0006, -0.0006, -0.0002, -0.0036, -0.0017, -0.0036, -0.0001, -0.0028, -0.0060, -0.0033, -0.0032, -0.0031, -0.0017]
      value_loss: [+0.2260, +0.1415, +0.0758, +0.0414, +0.0295, +0.0253, +0.0196, +0.0226, +0.0196, +0.0210, +0.0210, +0.0203, +0.0167, +0.0180, +0.0195, +0.0218, +0.0181, +0.0220, +0.0197, +0.0195, +0.0221, +0.0192, +0.0223, +0.0214, +0.0192, +0.0210, +0.0195, +0.0174, +0.0203, +0.0209, +0.0197, +0.0215, +0.0223, +0.0210, +0.0196, +0.0194, +0.0180, +0.0211, +0.0212, +0.0185, +0.0190, +0.0212, +0.0181, +0.0199, +0.0199, +0.0191, +0.0157, +0.0199, +0.0208, +0.0205, +0.0202, +0.0180, +0.0198, +0.0226, +0.0162, +0.0199, +0.0207, +0.0231, +0.0252, +0.0262, +0.0254, +0.0223, +0.0220, +0.0230, +0.0230, +0.0251, +0.0238, +0.0288, +0.0287, +0.0266, +0.0237, +0.0304, +0.0283, +0.0307, +0.0300, +0.0327, +0.0324, +0.0275, +0.0311, +0.0293, +0.0337, +0.0311, +0.0290, +0.0308, +0.0314, +0.0348, +0.0366, +0.0364, +0.0334, +0.0339, +0.0366, +0.0381, +0.0336, +0.0365, +0.0377, +0.0351, +0.0408, +0.0359, +0.0389, +0.0389, +0.0411, +0.0345, +0.0378, +0.0379, +0.0392, +0.0352, +0.0351, +0.0402, +0.0388, +0.0365, +0.0348, +0.0344, +0.0356, +0.0308, +0.0317, +0.0314, +0.0314, +0.0260, +0.0276, +0.0296, +0.0286, +0.0298, +0.0259, +0.0290, +0.0292, +0.0307, +0.0243, +0.0289, +0.0275, +0.0228, +0.0246, +0.0249, +0.0229, +0.0227, +0.0216, +0.0193, +0.0187, +0.0190, +0.0213, +0.0189, +0.0223, +0.0171, +0.0170, +0.0197, +0.0191, +0.0184, +0.0167, +0.0186, +0.0174, +0.0184, +0.0194, +0.0181, +0.0189, +0.0125, +0.0180, +0.0183, +0.0151, +0.0127, +0.0165, +0.0160, +0.0127, +0.0162, +0.0123, +0.0152, +0.0143, +0.0120, +0.0120, +0.0121, +0.0155, +0.0111, +0.0137, +0.0126, +0.0128, +0.0120, +0.0085, +0.0141, +0.0149, +0.0134, +0.0111, +0.0188, +0.0134, +0.0103, +0.0129, +0.0150, +0.0123, +0.0137, +0.0128, +0.0149, +0.0122, +0.0119, +0.0146, +0.0111, +0.0143, +0.0116, +0.0110, +0.0131, +0.0153, +0.0163, +0.0093, +0.0108, +0.0123, +0.0092, +0.0106, +0.0118, +0.0148, +0.0107, +0.0110, +0.0104, +0.0129, +0.0112, +0.0114, +0.0117, +0.0108, +0.0088, +0.0112, +0.0121, +0.0133, +0.0111, +0.0114, +0.0113, +0.0089, +0.0125, +0.0132, +0.0125, +0.0113, +0.0107, +0.0082, +0.0138, +0.0164, +0.0142, +0.0125, +0.0142, +0.0127, +0.0132, +0.0132, +0.0078, +0.0112, +0.0108, +0.0152, +0.0121, +0.0113, +0.0108, +0.0113, +0.0166, +0.0150, +0.0134, +0.0093, +0.0128, +0.0113, +0.0078, +0.0115, +0.0128, +0.0098, +0.0105, +0.0123, +0.0122, +0.0076, +0.0094, +0.0100, +0.0172, +0.0135, +0.0110, +0.0133, +0.0183, +0.0164, +0.0140, +0.0116, +0.0127, +0.0138, +0.0133, +0.0163, +0.0111, +0.0110, +0.0119, +0.0128, +0.0100, +0.0139, +0.0103, +0.0134, +0.0141, +0.0138, +0.0141, +0.0103, +0.0101, +0.0122, +0.0104, +0.0112, +0.0094, +0.0102, +0.0105, +0.0082, +0.0096, +0.0099, +0.0125, +0.0143, +0.0111, +0.0098, +0.0109, +0.0141, +0.0117, +0.0118, +0.0133, +0.0118, +0.0105, +0.0115, +0.0159, +0.0127, +0.0115, +0.0143, +0.0126, +0.0125, +0.0103, +0.0094, +0.0125, +0.0115, +0.0131, +0.0122, +0.0096, +0.0131, +0.0086, +0.0088, +0.0145, +0.0110, +0.0106, +0.0112, +0.0102, +0.0099, +0.0086, +0.0125, +0.0128, +0.0133, +0.0131, +0.0127, +0.0115, +0.0143, +0.0135, +0.0131, +0.0123, +0.0114, +0.0116, +0.0145, +0.0097, +0.0132, +0.0152, +0.0123, +0.0136, +0.0080, +0.0112, +0.0111, +0.0149, +0.0133, +0.0109, +0.0103, +0.0097, +0.0096, +0.0112, +0.0131, +0.0150, +0.0131, +0.0104, +0.0092, +0.0127, +0.0117, +0.0128, +0.0123, +0.0112, +0.0110, +0.0110, +0.0096, +0.0077, +0.0116, +0.0112, +0.0061, +0.0109, +0.0104, +0.0099, +0.0112, +0.0117, +0.0087, +0.0088, +0.0098, +0.0102, +0.0128, +0.0120, +0.0111, +0.0103, +0.0127, +0.0138, +0.0123, +0.0123, +0.0134, +0.0116, +0.0108, +0.0112, +0.0112, +0.0103, +0.0114, +0.0105, +0.0124, +0.0128, +0.0133, +0.0095, +0.0117, +0.0099, +0.0087, +0.0094, +0.0105, +0.0114, +0.0108, +0.0114, +0.0094, +0.0092, +0.0101, +0.0080, +0.0091, +0.0091, +0.0087, +0.0101, +0.0088, +0.0124, +0.0108, +0.0097, +0.0121, +0.0085, +0.0102, +0.0065, +0.0070, +0.0066, +0.0103, +0.0121, +0.0084, +0.0100, +0.0114, +0.0106, +0.0098, +0.0102, +0.0120, +0.0110, +0.0127, +0.0116, +0.0090, +0.0123, +0.0134, +0.0134, +0.0116, +0.0127, +0.0127, +0.0091, +0.0108, +0.0083, +0.0091, +0.0112, +0.0114, +0.0138, +0.0107, +0.0108, +0.0099, +0.0135, +0.0098, +0.0099, +0.0106, +0.0104, +0.0104, +0.0088, +0.0096, +0.0095, +0.0084, +0.0074, +0.0098, +0.0098, +0.0102, +0.0091, +0.0107, +0.0104, +0.0081, +0.0087, +0.0098, +0.0101, +0.0095, +0.0083, +0.0109, +0.0069, +0.0067, +0.0114, +0.0084, +0.0107, +0.0131, +0.0110, +0.0117, +0.0109, +0.0068, +0.0096, +0.0098, +0.0103, +0.0100, +0.0054, +0.0079, +0.0086, +0.0096, +0.0070, +0.0085, +0.0085, +0.0085, +0.0107, +0.0112, +0.0089, +0.0085, +0.0118, +0.0088, +0.0077, +0.0087, +0.0102, +0.0100, +0.0064, +0.0092, +0.0078, +0.0085, +0.0078, +0.0066, +0.0070, +0.0111, +0.0066, +0.0107, +0.0092, +0.0102, +0.0104, +0.0088, +0.0122, +0.0082, +0.0079, +0.0090, +0.0071, +0.0148, +0.0094, +0.0092, +0.0090, +0.0143, +0.0102, +0.0122, +0.0103, +0.0104, +0.0094, +0.0091, +0.0100, +0.0101, +0.0103, +0.0087, +0.0097, +0.0085, +0.0102, +0.0088, +0.0067, +0.0087, +0.0073, +0.0105, +0.0122, +0.0079, +0.0090, +0.0092, +0.0110, +0.0093, +0.0115, +0.0100, +0.0106, +0.0100, +0.0106, +0.0111, +0.0080, +0.0099, +0.0127, +0.0076, +0.0081, +0.0091, +0.0061, +0.0092, +0.0107, +0.0080, +0.0076, +0.0086, +0.0099, +0.0125, +0.0113, +0.0077, +0.0077, +0.0095, +0.0059, +0.0101, +0.0090, +0.0069, +0.0087, +0.0109, +0.0110, +0.0077, +0.0108, +0.0073, +0.0094, +0.0066, +0.0126, +0.0079, +0.0100, +0.0085, +0.0098, +0.0066, +0.0064, +0.0084, +0.0093, +0.0072, +0.0096, +0.0103, +0.0078, +0.0105, +0.0095, +0.0095, +0.0077, +0.0111, +0.0064, +0.0087, +0.0069, +0.0074, +0.0114, +0.0084, +0.0102, +0.0058, +0.0099, +0.0090, +0.0059, +0.0100, +0.0065, +0.0096, +0.0098, +0.0069, +0.0067, +0.0097, +0.0097, +0.0068, +0.0067, +0.0084, +0.0074, +0.0080, +0.0056, +0.0070, +0.0101, +0.0087, +0.0085, +0.0069, +0.0075, +0.0072, +0.0129, +0.0076, +0.0092, +0.0126, +0.0100, +0.0081, +0.0107, +0.0095, +0.0106, +0.0089, +0.0089, +0.0089, +0.0072, +0.0071, +0.0085, +0.0087, +0.0090, +0.0077, +0.0124, +0.0097, +0.0110, +0.0073, +0.0083, +0.0107, +0.0080, +0.0075, +0.0073, +0.0047, +0.0083, +0.0081, +0.0088, +0.0084, +0.0068, +0.0070, +0.0066, +0.0096, +0.0095, +0.0087, +0.0069, +0.0064, +0.0069, +0.0052, +0.0092, +0.0081, +0.0072, +0.0051, +0.0063, +0.0062, +0.0064, +0.0064, +0.0088, +0.0054, +0.0059, +0.0062, +0.0084, +0.0085, +0.0092, +0.0093, +0.0086, +0.0079, +0.0084, +0.0086, +0.0087, +0.0058, +0.0062, +0.0058, +0.0061, +0.0060, +0.0061, +0.0086, +0.0093, +0.0063, +0.0057, +0.0081, +0.0069, +0.0052, +0.0069, +0.0077, +0.0056, +0.0068, +0.0061, +0.0060, +0.0062, +0.0066, +0.0087, +0.0065, +0.0056, +0.0061, +0.0055, +0.0075, +0.0054, +0.0041, +0.0053, +0.0068, +0.0091, +0.0085, +0.0087, +0.0073, +0.0077, +0.0072, +0.0066, +0.0073, +0.0063, +0.0087, +0.0056, +0.0058, +0.0057, +0.0057, +0.0070, +0.0080, +0.0059, +0.0066, +0.0062, +0.0062, +0.0080, +0.0078, +0.0078, +0.0070, +0.0053, +0.0058, +0.0060, +0.0046, +0.0066, +0.0057, +0.0085, +0.0081, +0.0092, +0.0079, +0.0057, +0.0061, +0.0079, +0.0050, +0.0083, +0.0087, +0.0062, +0.0060, +0.0084, +0.0076, +0.0080, +0.0064, +0.0069, +0.0056, +0.0059, +0.0064, +0.0082, +0.0088, +0.0107, +0.0084, +0.0110, +0.0101, +0.0086, +0.0082, +0.0110, +0.0102, +0.0080, +0.0105, +0.0073, +0.0070, +0.0078, +0.0073, +0.0085, +0.0081, +0.0081, +0.0085, +0.0087, +0.0063, +0.0101, +0.0096, +0.0068, +0.0107, +0.0069, +0.0056, +0.0081, +0.0062, +0.0065, +0.0058, +0.0064, +0.0063, +0.0072, +0.0062, +0.0091, +0.0052, +0.0085, +0.0078, +0.0065, +0.0076, +0.0053, +0.0060, +0.0095, +0.0067, +0.0105, +0.0076, +0.0088, +0.0099, +0.0101, +0.0084, +0.0081, +0.0060, +0.0102, +0.0061, +0.0097, +0.0063, +0.0063, +0.0076, +0.0091, +0.0071, +0.0054, +0.0093, +0.0067, +0.0057, +0.0069, +0.0069, +0.0065, +0.0068, +0.0074, +0.0053, +0.0089, +0.0081, +0.0078, +0.0070, +0.0075, +0.0076, +0.0097, +0.0099, +0.0064, +0.0103, +0.0106, +0.0087, +0.0062, +0.0079, +0.0072, +0.0086, +0.0076, +0.0083, +0.0076, +0.0075, +0.0118, +0.0091, +0.0100, +0.0073, +0.0075, +0.0061, +0.0058, +0.0073, +0.0077, +0.0079, +0.0086, +0.0081, +0.0065, +0.0083, +0.0058, +0.0078, +0.0057, +0.0071, +0.0050, +0.0067, +0.0092, +0.0089, +0.0069, +0.0093, +0.0070, +0.0072, +0.0118, +0.0080, +0.0094, +0.0096, +0.0102, +0.0071, +0.0081, +0.0082, +0.0072, +0.0085, +0.0070, +0.0062, +0.0068, +0.0083, +0.0076, +0.0081, +0.0081, +0.0091, +0.0075, +0.0088, +0.0085, +0.0064, +0.0079, +0.0072, +0.0082, +0.0084, +0.0067, +0.0103, +0.0088, +0.0104, +0.0101, +0.0089, +0.0069, +0.0092, +0.0080, +0.0101, +0.0081, +0.0099, +0.0083, +0.0083, +0.0056, +0.0102, +0.0084, +0.0062, +0.0084, +0.0056, +0.0103, +0.0071, +0.0093, +0.0076, +0.0066, +0.0087, +0.0099, +0.0096, +0.0109, +0.0087, +0.0060, +0.0071, +0.0075, +0.0058, +0.0070, +0.0085, +0.0075, +0.0057, +0.0056, +0.0053, +0.0067, +0.0063, +0.0069, +0.0074, +0.0065, +0.0052, +0.0081, +0.0081, +0.0067, +0.0079, +0.0056, +0.0071, +0.0058, +0.0069, +0.0070, +0.0068, +0.0083, +0.0056, +0.0081, +0.0060, +0.0122, +0.0085, +0.0087, +0.0080, +0.0078, +0.0063, +0.0055, +0.0089, +0.0084, +0.0099, +0.0076, +0.0086, +0.0061, +0.0103, +0.0073, +0.0098, +0.0101, +0.0090, +0.0077, +0.0109, +0.0082, +0.0073, +0.0084, +0.0092, +0.0090, +0.0093, +0.0092, +0.0104, +0.0057, +0.0091, +0.0099, +0.0092, +0.0103, +0.0085, +0.0102, +0.0074, +0.0089, +0.0071, +0.0061, +0.0082, +0.0081, +0.0078, +0.0083, +0.0087, +0.0087, +0.0064, +0.0098, +0.0119, +0.0106, +0.0086, +0.0091, +0.0093, +0.0094, +0.0074, +0.0061, +0.0072, +0.0106, +0.0075, +0.0082, +0.0082, +0.0082, +0.0076, +0.0092, +0.0059, +0.0060, +0.0061, +0.0080, +0.0070, +0.0069, +0.0069, +0.0063, +0.0054, +0.0057, +0.0060, +0.0068, +0.0079, +0.0066, +0.0064, +0.0059, +0.0064, +0.0051, +0.0054, +0.0066, +0.0066, +0.0088, +0.0061, +0.0063, +0.0054, +0.0065, +0.0063, +0.0099, +0.0073, +0.0073, +0.0092, +0.0074, +0.0091, +0.0067, +0.0058, +0.0082, +0.0090, +0.0086, +0.0098, +0.0120, +0.0077, +0.0072, +0.0065, +0.0074, +0.0067, +0.0069, +0.0104, +0.0121, +0.0071, +0.0071, +0.0113, +0.0074, +0.0079, +0.0086, +0.0075, +0.0062, +0.0051, +0.0072, +0.0073, +0.0059, +0.0077, +0.0045, +0.0066, +0.0046, +0.0069, +0.0052, +0.0073, +0.0081, +0.0066, +0.0053, +0.0038, +0.0079, +0.0080, +0.0051, +0.0048, +0.0045, +0.0064, +0.0055, +0.0074, +0.0043, +0.0069, +0.0086, +0.0049, +0.0039, +0.0041, +0.0053, +0.0067, +0.0073, +0.0061, +0.0076, +0.0060, +0.0052, +0.0079, +0.0067, +0.0064, +0.0052, +0.0072, +0.0066, +0.0054, +0.0071, +0.0049, +0.0063, +0.0046, +0.0042, +0.0068, +0.0068, +0.0056, +0.0061, +0.0061, +0.0065, +0.0069, +0.0068, +0.0065, +0.0073, +0.0080, +0.0050, +0.0061, +0.0066, +0.0078, +0.0074, +0.0067, +0.0076, +0.0099, +0.0084, +0.0081, +0.0085, +0.0069, +0.0084, +0.0056, +0.0079, +0.0089, +0.0110, +0.0086, +0.0069, +0.0065, +0.0072, +0.0070, +0.0105, +0.0089, +0.0085, +0.0073, +0.0069, +0.0087, +0.0074, +0.0074, +0.0081, +0.0099, +0.0072, +0.0100, +0.0084, +0.0070, +0.0094, +0.0075, +0.0070, +0.0063, +0.0084, +0.0082, +0.0066, +0.0077, +0.0099, +0.0087, +0.0063, +0.0065, +0.0091, +0.0149, +0.0090, +0.0068, +0.0080, +0.0109, +0.0057, +0.0068, +0.0083, +0.0085, +0.0089, +0.0082, +0.0066, +0.0064, +0.0042, +0.0071, +0.0068, +0.0053, +0.0086, +0.0084, +0.0072, +0.0091, +0.0076, +0.0069, +0.0061, +0.0072, +0.0053, +0.0068, +0.0075, +0.0073, +0.0045, +0.0068, +0.0047, +0.0092, +0.0059, +0.0070, +0.0104, +0.0091, +0.0081, +0.0089, +0.0089, +0.0083, +0.0073, +0.0066, +0.0060, +0.0062, +0.0062, +0.0059, +0.0053, +0.0083, +0.0058, +0.0061, +0.0059, +0.0061, +0.0064, +0.0085, +0.0070, +0.0059, +0.0062, +0.0067, +0.0055, +0.0071, +0.0073, +0.0060, +0.0075, +0.0057, +0.0048, +0.0053, +0.0078, +0.0060, +0.0065, +0.0055, +0.0077, +0.0064, +0.0071, +0.0053, +0.0055, +0.0056, +0.0058, +0.0051, +0.0058, +0.0054, +0.0050, +0.0059, +0.0052, +0.0060, +0.0058, +0.0068, +0.0053, +0.0052, +0.0066, +0.0057, +0.0048, +0.0047, +0.0070, +0.0056, +0.0051, +0.0055, +0.0044, +0.0046, +0.0038, +0.0051, +0.0046, +0.0056, +0.0052, +0.0040, +0.0038, +0.0062, +0.0038, +0.0036, +0.0086, +0.0075, +0.0075, +0.0056, +0.0077, +0.0072, +0.0061, +0.0082, +0.0062, +0.0073, +0.0078, +0.0051, +0.0053, +0.0057, +0.0063, +0.0059, +0.0059, +0.0054, +0.0070, +0.0062, +0.0049, +0.0060, +0.0092, +0.0056, +0.0065, +0.0055, +0.0086, +0.0067, +0.0056, +0.0069, +0.0062, +0.0056, +0.0058, +0.0064, +0.0067, +0.0061, +0.0053, +0.0051, +0.0086, +0.0044, +0.0044, +0.0046, +0.0071, +0.0071, +0.0073, +0.0041, +0.0047, +0.0050, +0.0064, +0.0046, +0.0059, +0.0059, +0.0062, +0.0064, +0.0067, +0.0071, +0.0046, +0.0077, +0.0065, +0.0066, +0.0051, +0.0062, +0.0061, +0.0052, +0.0039, +0.0073, +0.0062, +0.0045, +0.0056, +0.0070, +0.0064, +0.0044, +0.0044, +0.0083, +0.0061, +0.0057, +0.0048, +0.0064, +0.0063, +0.0064, +0.0062, +0.0059, +0.0060, +0.0065, +0.0060, +0.0036, +0.0067, +0.0055, +0.0037, +0.0046, +0.0049, +0.0071, +0.0046, +0.0065, +0.0048, +0.0059, +0.0047, +0.0043, +0.0063, +0.0061, +0.0069, +0.0044, +0.0055, +0.0039, +0.0056, +0.0042, +0.0078, +0.0072, +0.0053, +0.0064, +0.0043, +0.0037, +0.0053, +0.0048, +0.0055, +0.0051, +0.0041, +0.0052, +0.0058, +0.0046, +0.0053, +0.0035, +0.0058, +0.0050, +0.0047, +0.0023, +0.0043, +0.0039, +0.0040, +0.0039, +0.0032, +0.0055, +0.0047, +0.0038, +0.0025, +0.0069, +0.0050, +0.0051, +0.0038, +0.0070, +0.0056, +0.0052, +0.0054, +0.0047, +0.0061, +0.0050, +0.0062, +0.0065, +0.0060, +0.0055, +0.0057, +0.0073, +0.0062, +0.0051, +0.0063, +0.0056, +0.0053, +0.0062, +0.0062, +0.0065, +0.0057, +0.0061, +0.0064, +0.0039, +0.0063, +0.0035, +0.0046, +0.0050, +0.0042, +0.0032, +0.0057, +0.0032, +0.0065, +0.0043, +0.0025, +0.0032, +0.0025, +0.0037, +0.0035, +0.0052, +0.0036, +0.0042, +0.0033, +0.0034, +0.0041, +0.0031, +0.0039, +0.0049, +0.0044, +0.0021, +0.0038, +0.0030, +0.0031, +0.0046, +0.0026, +0.0042, +0.0035, +0.0042, +0.0035, +0.0036, +0.0058, +0.0040, +0.0051, +0.0038, +0.0035, +0.0037, +0.0036, +0.0034, +0.0033, +0.0033, +0.0035, +0.0042, +0.0032, +0.0039, +0.0028, +0.0037, +0.0026, +0.0030, +0.0018, +0.0024, +0.0027, +0.0026, +0.0018, +0.0024, +0.0017, +0.0023, +0.0020, +0.0038, +0.0032, +0.0030, +0.0028, +0.0043, +0.0027, +0.0032, +0.0022, +0.0025, +0.0021, +0.0033, +0.0015, +0.0023, +0.0034, +0.0016, +0.0032, +0.0019, +0.0032, +0.0029, +0.0020, +0.0026, +0.0023, +0.0023, +0.0028, +0.0045, +0.0020, +0.0048, +0.0038, +0.0038, +0.0021, +0.0027, +0.0021, +0.0030, +0.0017, +0.0023, +0.0031, +0.0019, +0.0042, +0.0014, +0.0036, +0.0018, +0.0033, +0.0031, +0.0025, +0.0031, +0.0033, +0.0029, +0.0040, +0.0039, +0.0021, +0.0027, +0.0037, +0.0045, +0.0040, +0.0045, +0.0039, +0.0048, +0.0034, +0.0048, +0.0052, +0.0038, +0.0017, +0.0034, +0.0052, +0.0021, +0.0018, +0.0034, +0.0041, +0.0024, +0.0036, +0.0019, +0.0018, +0.0036, +0.0025, +0.0028, +0.0015, +0.0015, +0.0035, +0.0020, +0.0032, +0.0025, +0.0025, +0.0009, +0.0022, +0.0015, +0.0030, +0.0019, +0.0025, +0.0025, +0.0031, +0.0027, +0.0017, +0.0029, +0.0020, +0.0033, +0.0030, +0.0018, +0.0044, +0.0022, +0.0026, +0.0021, +0.0033, +0.0046, +0.0028, +0.0041, +0.0041, +0.0022, +0.0028, +0.0039, +0.0062, +0.0029, +0.0035, +0.0045, +0.0039, +0.0017, +0.0037, +0.0033, +0.0043, +0.0034, +0.0057, +0.0053, +0.0042, +0.0030, +0.0045, +0.0036, +0.0038, +0.0027, +0.0036, +0.0035, +0.0046, +0.0039, +0.0044, +0.0038, +0.0050, +0.0041, +0.0039, +0.0047, +0.0029, +0.0031, +0.0055, +0.0034, +0.0038, +0.0024, +0.0034, +0.0029, +0.0036, +0.0040, +0.0054, +0.0039, +0.0059, +0.0043, +0.0039, +0.0045, +0.0034, +0.0044, +0.0068, +0.0041, +0.0033, +0.0043, +0.0043, +0.0036, +0.0044, +0.0042, +0.0033, +0.0044, +0.0041, +0.0048, +0.0049, +0.0040, +0.0033, +0.0055, +0.0042, +0.0043, +0.0050, +0.0031, +0.0040, +0.0044, +0.0045, +0.0033, +0.0043, +0.0042, +0.0021, +0.0037, +0.0059, +0.0038, +0.0038, +0.0019, +0.0038, +0.0022, +0.0031, +0.0036, +0.0031, +0.0037, +0.0025, +0.0030, +0.0036, +0.0024, +0.0021, +0.0018, +0.0021, +0.0046, +0.0041, +0.0032, +0.0029, +0.0032, +0.0011, +0.0037, +0.0032, +0.0033, +0.0025, +0.0033, +0.0024, +0.0043, +0.0019, +0.0037, +0.0026, +0.0013, +0.0037, +0.0034, +0.0044, +0.0052, +0.0040, +0.0050, +0.0039, +0.0040, +0.0032, +0.0053, +0.0039, +0.0039, +0.0045, +0.0054, +0.0033, +0.0047, +0.0043, +0.0050, +0.0032, +0.0047, +0.0041, +0.0035, +0.0031, +0.0038, +0.0042, +0.0046, +0.0042, +0.0041, +0.0042, +0.0059, +0.0037, +0.0041, +0.0032, +0.0056, +0.0046, +0.0044, +0.0052, +0.0041, +0.0037, +0.0037, +0.0063, +0.0045, +0.0027, +0.0041, +0.0046, +0.0035, +0.0039, +0.0034, +0.0028, +0.0054, +0.0025, +0.0048, +0.0035, +0.0049, +0.0023, +0.0046, +0.0041, +0.0032, +0.0043, +0.0030, +0.0037, +0.0042, +0.0029, +0.0034, +0.0021, +0.0028, +0.0039, +0.0025, +0.0043, +0.0027, +0.0032, +0.0027, +0.0028, +0.0023, +0.0040, +0.0018, +0.0028, +0.0038, +0.0050, +0.0034, +0.0021, +0.0043, +0.0033, +0.0029, +0.0042, +0.0025, +0.0032, +0.0032, +0.0021, +0.0031, +0.0032, +0.0018, +0.0032, +0.0023, +0.0033, +0.0034, +0.0023, +0.0040, +0.0031, +0.0029, +0.0032, +0.0028, +0.0031, +0.0033, +0.0028, +0.0015, +0.0026, +0.0033, +0.0042, +0.0029, +0.0025, +0.0028, +0.0028, +0.0044, +0.0034, +0.0024, +0.0043, +0.0026, +0.0023, +0.0033, +0.0027, +0.0018, +0.0038, +0.0034, +0.0036, +0.0034, +0.0033, +0.0026, +0.0027, +0.0022, +0.0028, +0.0027, +0.0025, +0.0015, +0.0028, +0.0011, +0.0018, +0.0030, +0.0015, +0.0031, +0.0021, +0.0023, +0.0037, +0.0036, +0.0022, +0.0010, +0.0015, +0.0039, +0.0023, +0.0034, +0.0025, +0.0020, +0.0011, +0.0030, +0.0017, +0.0024, +0.0023, +0.0020, +0.0025, +0.0018, +0.0009, +0.0034, +0.0027, +0.0022, +0.0018, +0.0015, +0.0014, +0.0017, +0.0015, +0.0024, +0.0027, +0.0017, +0.0023, +0.0015, +0.0031, +0.0021, +0.0009, +0.0013, +0.0017, +0.0022, +0.0026, +0.0014, +0.0010, +0.0021, +0.0013, +0.0016, +0.0011, +0.0022, +0.0017, +0.0021, +0.0032, +0.0019, +0.0018, +0.0017, +0.0013, +0.0009, +0.0012, +0.0016, +0.0022, +0.0019, +0.0021, +0.0027, +0.0018, +0.0017, +0.0009, +0.0017, +0.0021, +0.0018, +0.0011, +0.0017, +0.0019, +0.0023, +0.0017, +0.0021, +0.0022, +0.0024, +0.0020, +0.0021, +0.0023, +0.0021, +0.0020, +0.0016, +0.0023, +0.0023, +0.0013, +0.0015, +0.0010, +0.0018, +0.0013, +0.0011, +0.0026, +0.0011, +0.0022, +0.0021, +0.0017, +0.0012, +0.0026, +0.0015, +0.0019, +0.0016, +0.0017, +0.0012, +0.0014, +0.0029, +0.0017, +0.0018, +0.0012, +0.0030, +0.0011, +0.0011, +0.0027, +0.0015, +0.0012, +0.0017, +0.0016, +0.0019, +0.0018, +0.0008, +0.0020, +0.0036, +0.0007, +0.0014, +0.0020, +0.0013, +0.0021, +0.0012, +0.0017, +0.0017, +0.0022, +0.0013, +0.0015, +0.0014, +0.0028, +0.0023, +0.0018, +0.0015, +0.0029, +0.0012, +0.0015, +0.0015, +0.0010, +0.0017, +0.0021, +0.0018, +0.0022, +0.0035, +0.0019, +0.0021, +0.0010, +0.0015, +0.0016, +0.0025, +0.0010, +0.0021, +0.0024, +0.0020, +0.0012, +0.0012, +0.0014, +0.0012, +0.0013, +0.0024, +0.0009, +0.0016, +0.0022, +0.0019, +0.0025, +0.0014, +0.0023, +0.0013, +0.0012, +0.0015, +0.0016, +0.0015, +0.0031, +0.0012, +0.0011, +0.0014, +0.0012, +0.0021, +0.0025, +0.0021, +0.0036, +0.0016, +0.0012, +0.0011, +0.0009, +0.0021, +0.0019, +0.0029, +0.0017, +0.0016, +0.0020, +0.0020, +0.0019, +0.0009, +0.0011, +0.0013, +0.0018, +0.0008, +0.0018, +0.0030, +0.0014, +0.0024, +0.0014, +0.0013, +0.0027, +0.0012, +0.0005, +0.0012, +0.0019, +0.0012, +0.0020, +0.0016, +0.0015, +0.0022, +0.0009, +0.0024, +0.0014, +0.0017, +0.0013, +0.0020, +0.0027, +0.0015, +0.0008, +0.0019, +0.0019, +0.0008, +0.0027, +0.0024, +0.0008, +0.0019, +0.0007, +0.0013, +0.0008, +0.0008, +0.0019, +0.0012, +0.0022, +0.0017, +0.0025, +0.0011, +0.0020, +0.0026, +0.0013, +0.0022, +0.0016, +0.0016, +0.0009, +0.0022, +0.0009, +0.0019, +0.0011, +0.0016, +0.0009, +0.0010, +0.0013, +0.0008, +0.0012, +0.0010, +0.0015, +0.0010, +0.0010, +0.0031, +0.0016, +0.0020, +0.0014, +0.0022, +0.0024, +0.0017, +0.0014, +0.0025, +0.0013, +0.0010, +0.0025, +0.0018, +0.0014, +0.0022, +0.0019, +0.0016, +0.0012, +0.0006, +0.0015, +0.0012, +0.0008, +0.0017, +0.0014, +0.0014, +0.0010, +0.0023, +0.0023, +0.0009, +0.0010, +0.0017, +0.0016, +0.0016, +0.0006, +0.0016, +0.0012, +0.0022, +0.0023, +0.0019, +0.0012, +0.0017, +0.0020, +0.0018, +0.0021, +0.0015, +0.0020, +0.0014, +0.0016, +0.0021, +0.0038, +0.0016, +0.0011, +0.0012, +0.0009, +0.0008, +0.0009, +0.0017, +0.0016, +0.0013, +0.0022, +0.0015, +0.0019, +0.0019, +0.0010, +0.0009, +0.0022, +0.0017, +0.0022, +0.0006, +0.0018, +0.0008, +0.0014, +0.0019, +0.0030, +0.0021, +0.0012, +0.0011, +0.0016, +0.0008, +0.0017, +0.0009, +0.0017, +0.0007, +0.0027, +0.0010, +0.0020, +0.0012, +0.0015, +0.0016, +0.0017, +0.0016, +0.0007, +0.0010, +0.0019, +0.0009, +0.0011, +0.0020, +0.0020, +0.0010, +0.0023, +0.0024, +0.0021, +0.0016, +0.0014, +0.0023, +0.0012, +0.0014, +0.0013, +0.0013, +0.0022, +0.0013, +0.0009, +0.0025, +0.0018, +0.0017, +0.0014, +0.0010, +0.0010, +0.0018, +0.0018, +0.0034, +0.0013, +0.0017, +0.0021, +0.0015, +0.0020, +0.0021, +0.0011, +0.0013, +0.0008, +0.0016, +0.0010, +0.0019, +0.0018, +0.0014, +0.0020, +0.0026, +0.0009, +0.0007, +0.0015, +0.0009, +0.0012, +0.0013, +0.0018, +0.0021, +0.0019, +0.0024, +0.0020, +0.0020, +0.0022, +0.0008, +0.0021, +0.0011, +0.0015, +0.0015, +0.0015, +0.0017, +0.0016, +0.0025, +0.0015, +0.0016, +0.0014, +0.0012, +0.0013, +0.0018, +0.0012, +0.0008, +0.0008, +0.0011, +0.0014, +0.0011, +0.0015, +0.0018, +0.0013, +0.0016, +0.0011, +0.0016, +0.0013, +0.0006, +0.0015, +0.0020, +0.0015, +0.0014, +0.0032, +0.0014, +0.0015, +0.0017, +0.0014, +0.0019, +0.0030, +0.0017, +0.0016, +0.0016, +0.0017, +0.0027, +0.0011, +0.0010, +0.0019, +0.0018, +0.0012, +0.0011, +0.0011, +0.0028, +0.0014, +0.0020, +0.0019, +0.0015, +0.0011, +0.0017, +0.0014, +0.0012, +0.0016, +0.0018, +0.0022, +0.0010, +0.0017, +0.0015, +0.0011, +0.0017, +0.0020, +0.0016, +0.0019, +0.0017, +0.0013, +0.0008, +0.0024, +0.0016, +0.0015, +0.0016, +0.0019, +0.0010, +0.0017, +0.0011, +0.0017, +0.0012, +0.0010, +0.0017, +0.0011, +0.0016, +0.0016, +0.0013, +0.0021, +0.0018, +0.0018, +0.0011, +0.0014, +0.0015, +0.0016, +0.0012, +0.0016, +0.0023, +0.0011, +0.0016, +0.0028, +0.0011, +0.0013, +0.0011, +0.0019, +0.0011, +0.0013, +0.0018, +0.0014, +0.0015]
         entropy: [+2.7080, +2.7080, +2.7080, +2.7080, +2.7078, +2.7074, +2.7069, +2.7067, +2.7066, +2.7066, +2.7062, +2.7051, +2.7032, +2.7001, +2.6993, +2.6986, +2.6952, +2.6922, +2.6915, +2.6902, +2.6895, +2.6852, +2.6679, +2.6523, +2.6350, +2.6237, +2.6252, +2.6395, +2.6302, +2.6180, +2.6067, +2.5852, +2.5554, +2.5302, +2.5236, +2.5072, +2.5076, +2.5055, +2.4767, +2.4299, +2.3834, +2.3374, +2.2824, +2.3126, +2.2977, +2.3159, +2.2980, +2.2842, +2.2756, +2.2793, +2.2912, +2.3201, +2.3475, +2.3834, +2.3850, +2.3938, +2.3720, +2.3457, +2.3660, +2.2867, +2.3358, +2.3293, +2.3103, +2.2598, +2.2516, +2.2357, +2.1848, +2.1537, +2.2087, +2.2046, +2.1861, +2.2116, +2.1325, +2.1870, +2.1833, +2.1683, +2.1693, +2.1794, +2.1640, +2.2009, +2.1863, +2.1540, +2.1644, +2.1821, +2.1421, +2.1129, +2.1159, +2.0742, +2.1143, +2.1417, +2.1157, +2.0993, +2.0540, +2.0432, +2.0152, +1.9730, +1.9577, +1.9227, +1.8828, +1.8796, +1.8845, +1.8602, +1.7644, +1.7477, +1.7282, +1.7281, +1.6966, +1.7574, +1.7184, +1.6852, +1.6973, +1.7009, +1.6227, +1.6161, +1.5610, +1.5234, +1.4944, +1.4664, +1.4881, +1.4372, +1.3979, +1.3706, +1.3545, +1.3405, +1.3174, +1.3148, +1.2679, +1.2852, +1.2384, +1.1842, +1.1583, +1.1624, +1.1464, +1.1518, +1.1299, +1.1294, +1.1034, +1.0555, +1.0632, +1.0137, +1.0507, +0.9787, +0.9863, +0.9679, +0.9655, +0.9384, +0.9507, +0.9516, +0.9433, +0.9367, +0.9105, +0.9395, +0.8962, +0.9133, +0.9040, +0.8786, +0.8806, +0.8285, +0.8494, +0.8345, +0.7994, +0.8231, +0.8020, +0.8133, +0.7917, +0.7819, +0.7653, +0.7513, +0.7523, +0.7361, +0.7466, +0.7371, +0.6991, +0.7215, +0.6820, +0.7075, +0.7106, +0.6807, +0.6689, +0.6775, +0.6747, +0.6654, +0.6722, +0.6746, +0.6506, +0.6300, +0.6321, +0.6691, +0.6241, +0.6268, +0.6114, +0.5760, +0.6001, +0.5594, +0.5797, +0.5635, +0.5492, +0.5756, +0.5575, +0.5875, +0.5545, +0.5586, +0.5650, +0.5600, +0.5646, +0.5504, +0.5726, +0.5609, +0.5728, +0.5358, +0.5631, +0.5468, +0.5220, +0.5261, +0.5566, +0.5430, +0.5427, +0.5194, +0.5120, +0.5211, +0.5220, +0.5136, +0.5221, +0.5238, +0.5413, +0.5534, +0.5434, +0.5586, +0.5801, +0.5643, +0.5643, +0.5494, +0.5455, +0.5504, +0.5688, +0.5516, +0.5603, +0.5564, +0.5739, +0.5426, +0.5046, +0.5281, +0.5326, +0.5406, +0.4995, +0.4932, +0.5060, +0.5058, +0.5220, +0.4970, +0.5281, +0.5031, +0.5145, +0.5260, +0.5191, +0.5273, +0.4897, +0.5135, +0.5099, +0.5154, +0.5064, +0.5212, +0.5101, +0.5268, +0.4838, +0.4900, +0.4949, +0.5024, +0.5139, +0.5214, +0.5314, +0.5272, +0.5155, +0.5105, +0.5123, +0.5130, +0.5243, +0.5039, +0.5199, +0.5509, +0.5462, +0.5673, +0.5239, +0.5243, +0.5282, +0.5406, +0.5453, +0.5349, +0.5043, +0.5102, +0.4852, +0.4732, +0.4682, +0.4791, +0.5095, +0.5149, +0.5132, +0.5070, +0.5285, +0.5506, +0.5441, +0.5309, +0.5453, +0.5321, +0.5524, +0.5650, +0.5697, +0.5585, +0.5300, +0.5121, +0.5158, +0.5329, +0.5153, +0.5315, +0.5388, +0.5518, +0.5530, +0.5247, +0.5656, +0.5223, +0.5458, +0.5391, +0.5547, +0.5581, +0.5477, +0.5522, +0.5524, +0.5746, +0.6231, +0.5835, +0.5770, +0.5907, +0.5689, +0.5470, +0.5574, +0.5815, +0.6003, +0.5642, +0.5602, +0.5666, +0.5699, +0.5590, +0.5501, +0.5588, +0.5554, +0.5258, +0.5500, +0.5372, +0.5370, +0.5536, +0.5242, +0.5241, +0.5492, +0.5195, +0.5431, +0.5510, +0.5634, +0.5638, +0.5668, +0.5582, +0.5431, +0.5273, +0.5384, +0.5306, +0.4939, +0.4923, +0.4921, +0.5005, +0.4880, +0.5001, +0.5358, +0.5016, +0.4834, +0.5281, +0.5339, +0.5186, +0.5362, +0.5294, +0.5063, +0.5322, +0.5211, +0.5007, +0.4956, +0.5234, +0.4813, +0.5051, +0.5051, +0.5073, +0.5228, +0.5189, +0.4943, +0.5101, +0.4934, +0.4906, +0.5009, +0.5361, +0.5338, +0.5376, +0.5192, +0.5153, +0.5359, +0.4984, +0.5180, +0.5041, +0.4857, +0.4926, +0.4886, +0.4934, +0.4911, +0.4684, +0.4813, +0.4698, +0.4769, +0.4891, +0.5077, +0.4811, +0.4902, +0.4817, +0.4825, +0.5008, +0.4820, +0.4969, +0.4782, +0.4721, +0.4738, +0.4756, +0.4831, +0.4737, +0.4803, +0.5117, +0.4805, +0.4972, +0.4859, +0.4786, +0.4923, +0.4890, +0.5284, +0.5176, +0.5297, +0.5016, +0.5081, +0.5077, +0.5406, +0.5341, +0.5281, +0.5302, +0.5004, +0.5274, +0.5219, +0.5180, +0.5227, +0.5317, +0.5456, +0.5298, +0.5233, +0.5072, +0.5316, +0.5427, +0.5177, +0.5282, +0.5402, +0.5322, +0.5347, +0.5374, +0.5248, +0.5269, +0.5172, +0.5254, +0.5465, +0.5236, +0.5267, +0.5087, +0.5183, +0.5330, +0.5095, +0.5135, +0.5253, +0.5214, +0.5210, +0.5333, +0.5220, +0.5284, +0.5484, +0.5948, +0.5180, +0.5708, +0.5537, +0.5518, +0.5428, +0.5368, +0.5076, +0.5194, +0.5124, +0.5055, +0.4992, +0.4964, +0.5178, +0.5123, +0.4991, +0.4993, +0.5093, +0.5121, +0.5334, +0.5537, +0.5312, +0.5235, +0.5223, +0.5424, +0.5443, +0.5333, +0.5440, +0.5477, +0.5430, +0.5365, +0.5386, +0.5356, +0.5205, +0.5145, +0.5264, +0.5185, +0.5256, +0.5258, +0.5587, +0.5608, +0.5558, +0.5391, +0.5631, +0.5759, +0.5283, +0.5209, +0.5710, +0.5379, +0.5531, +0.5436, +0.5397, +0.5469, +0.5401, +0.5234, +0.5415, +0.5123, +0.5372, +0.5293, +0.5185, +0.5424, +0.5269, +0.5557, +0.5248, +0.5456, +0.5347, +0.5529, +0.5548, +0.5371, +0.5401, +0.5282, +0.5476, +0.5328, +0.5459, +0.5404, +0.5510, +0.5466, +0.5516, +0.5420, +0.5394, +0.5540, +0.5426, +0.5392, +0.5332, +0.5044, +0.5088, +0.5601, +0.5268, +0.5244, +0.5376, +0.5340, +0.5451, +0.5396, +0.5251, +0.5255, +0.5431, +0.5716, +0.5835, +0.5630, +0.5381, +0.5391, +0.5512, +0.5262, +0.5346, +0.5148, +0.5154, +0.5099, +0.5318, +0.5257, +0.5217, +0.5504, +0.5308, +0.5211, +0.5011, +0.5122, +0.5279, +0.5074, +0.5144, +0.5119, +0.4734, +0.5196, +0.5264, +0.5328, +0.5362, +0.5297, +0.5132, +0.5026, +0.5295, +0.5455, +0.5579, +0.5370, +0.5509, +0.5296, +0.5295, +0.5176, +0.5438, +0.5536, +0.5298, +0.5239, +0.5110, +0.5349, +0.5493, +0.5172, +0.5532, +0.5400, +0.5373, +0.5301, +0.4982, +0.5330, +0.5371, +0.5217, +0.5165, +0.5040, +0.5009, +0.5038, +0.5025, +0.4923, +0.5024, +0.5149, +0.5234, +0.5166, +0.5067, +0.5275, +0.5402, +0.5321, +0.5205, +0.5090, +0.5108, +0.5327, +0.5040, +0.5114, +0.5182, +0.5213, +0.5071, +0.5293, +0.5581, +0.5160, +0.5171, +0.5348, +0.5314, +0.5478, +0.5171, +0.5277, +0.5100, +0.5310, +0.4986, +0.5276, +0.5436, +0.5266, +0.5150, +0.5178, +0.5013, +0.5311, +0.4906, +0.5278, +0.5332, +0.5064, +0.4997, +0.5134, +0.5165, +0.5237, +0.5043, +0.5094, +0.5000, +0.5008, +0.4822, +0.4860, +0.5083, +0.4796, +0.4867, +0.4827, +0.4887, +0.4835, +0.5050, +0.4900, +0.4951, +0.4985, +0.5197, +0.5151, +0.5184, +0.5296, +0.5175, +0.5467, +0.5216, +0.5475, +0.5433, +0.5201, +0.5461, +0.5262, +0.5357, +0.5391, +0.5348, +0.5326, +0.5344, +0.5394, +0.5410, +0.5276, +0.5413, +0.5220, +0.5096, +0.5116, +0.5441, +0.5449, +0.5027, +0.5351, +0.5085, +0.5372, +0.5053, +0.4999, +0.5063, +0.4918, +0.5015, +0.4959, +0.4911, +0.4959, +0.4990, +0.4779, +0.5116, +0.5037, +0.5181, +0.4977, +0.5012, +0.5432, +0.5040, +0.5422, +0.5004, +0.4822, +0.5209, +0.4870, +0.5052, +0.4761, +0.4806, +0.4988, +0.5065, +0.4941, +0.4974, +0.4899, +0.5334, +0.5343, +0.5309, +0.5136, +0.5152, +0.5247, +0.5162, +0.5294, +0.4966, +0.5370, +0.5227, +0.5260, +0.5050, +0.5405, +0.5271, +0.5606, +0.5376, +0.5349, +0.5205, +0.5051, +0.5189, +0.5515, +0.5074, +0.5248, +0.5391, +0.5166, +0.4949, +0.5258, +0.5396, +0.5328, +0.5127, +0.5606, +0.5148, +0.5472, +0.5350, +0.5513, +0.5417, +0.5262, +0.5143, +0.5584, +0.5672, +0.5993, +0.5907, +0.5724, +0.5635, +0.5639, +0.5400, +0.5514, +0.5464, +0.5399, +0.5658, +0.5732, +0.5701, +0.5841, +0.5599, +0.5613, +0.5722, +0.5615, +0.5687, +0.5604, +0.5468, +0.5621, +0.5405, +0.5511, +0.5511, +0.5369, +0.5351, +0.5476, +0.5304, +0.5520, +0.5491, +0.5424, +0.5615, +0.5260, +0.5586, +0.5361, +0.5435, +0.5722, +0.5273, +0.5372, +0.5830, +0.5613, +0.5679, +0.5533, +0.5862, +0.5598, +0.5520, +0.5509, +0.5530, +0.5137, +0.5489, +0.5396, +0.5196, +0.5078, +0.5173, +0.4984, +0.5081, +0.5120, +0.5460, +0.5153, +0.5261, +0.5043, +0.5181, +0.5216, +0.5257, +0.5148, +0.5136, +0.5205, +0.5209, +0.5357, +0.5183, +0.4994, +0.4997, +0.5146, +0.5082, +0.4985, +0.5348, +0.4984, +0.5273, +0.5229, +0.5137, +0.4875, +0.5122, +0.5308, +0.5250, +0.4954, +0.5204, +0.5084, +0.4897, +0.4870, +0.4850, +0.5220, +0.5248, +0.4888, +0.4947, +0.5010, +0.5154, +0.4879, +0.4829, +0.4745, +0.4794, +0.4808, +0.4876, +0.4747, +0.4883, +0.4832, +0.5046, +0.4599, +0.4824, +0.5095, +0.5022, +0.5267, +0.5081, +0.5125, +0.5013, +0.4867, +0.4952, +0.5088, +0.5142, +0.5095, +0.5252, +0.5010, +0.5055, +0.5115, +0.4585, +0.4764, +0.4802, +0.4961, +0.4782, +0.4588, +0.4681, +0.4904, +0.4851, +0.4988, +0.4795, +0.4986, +0.4793, +0.5084, +0.5001, +0.5029, +0.5011, +0.4828, +0.4521, +0.4661, +0.5070, +0.5099, +0.5209, +0.4951, +0.4782, +0.4834, +0.4954, +0.4987, +0.4695, +0.4461, +0.4633, +0.4804, +0.5010, +0.5179, +0.5079, +0.5048, +0.4974, +0.5001, +0.5038, +0.5240, +0.5161, +0.4805, +0.5094, +0.5238, +0.4778, +0.5046, +0.5365, +0.5209, +0.4982, +0.4951, +0.5154, +0.4929, +0.4685, +0.5053, +0.5072, +0.5050, +0.4895, +0.5051, +0.5190, +0.5157, +0.5061, +0.4926, +0.5076, +0.4890, +0.5052, +0.4976, +0.5054, +0.5032, +0.5249, +0.5237, +0.5197, +0.5471, +0.5163, +0.5145, +0.5278, +0.5232, +0.5210, +0.4912, +0.5161, +0.5219, +0.5445, +0.5324, +0.5260, +0.4950, +0.4884, +0.4974, +0.5133, +0.5202, +0.5637, +0.5246, +0.5356, +0.5326, +0.5006, +0.5219, +0.5273, +0.5178, +0.5132, +0.5064, +0.5040, +0.4946, +0.4858, +0.5139, +0.5320, +0.4910, +0.4829, +0.5265, +0.5052, +0.5120, +0.4891, +0.4764, +0.5033, +0.5071, +0.4809, +0.4821, +0.4840, +0.4941, +0.4976, +0.4896, +0.5128, +0.4927, +0.4718, +0.4928, +0.5245, +0.4818, +0.4672, +0.5008, +0.5050, +0.4879, +0.4943, +0.5189, +0.5396, +0.5009, +0.4925, +0.4960, +0.4771, +0.4867, +0.5193, +0.4748, +0.4820, +0.4746, +0.4879, +0.4476, +0.4629, +0.4662, +0.4600, +0.4787, +0.4660, +0.4819, +0.4934, +0.5092, +0.5191, +0.4828, +0.4714, +0.4577, +0.4659, +0.5258, +0.4922, +0.4909, +0.4686, +0.4676, +0.4665, +0.4551, +0.4744, +0.4613, +0.4620, +0.4684, +0.4878, +0.4792, +0.4597, +0.4685, +0.4780, +0.4915, +0.4849, +0.4591, +0.4818, +0.4598, +0.4453, +0.4458, +0.4674, +0.4651, +0.4901, +0.4655, +0.4604, +0.4869, +0.4903, +0.4928, +0.4808, +0.4728, +0.4760, +0.4824, +0.4641, +0.4727, +0.4633, +0.4511, +0.4596, +0.4334, +0.4404, +0.4323, +0.4451, +0.4505, +0.4578, +0.4503, +0.4415, +0.4460, +0.4184, +0.4425, +0.4353, +0.4387, +0.4310, +0.4481, +0.4537, +0.4290, +0.4435, +0.4249, +0.4540, +0.4576, +0.4483, +0.4388, +0.4417, +0.4603, +0.4509, +0.4368, +0.4422, +0.4453, +0.4622, +0.4542, +0.4550, +0.4544, +0.4383, +0.4471, +0.4292, +0.4370, +0.4570, +0.4567, +0.4586, +0.4681, +0.4620, +0.4602, +0.4451, +0.4681, +0.4635, +0.4589, +0.4772, +0.4761, +0.4934, +0.4981, +0.4794, +0.4769, +0.4871, +0.4492, +0.4536, +0.4726, +0.4595, +0.4633, +0.4672, +0.4698, +0.4759, +0.4710, +0.4933, +0.4789, +0.4744, +0.4674, +0.4588, +0.4994, +0.5017, +0.4987, +0.5201, +0.4849, +0.4718, +0.4986, +0.4976, +0.4854, +0.4977, +0.4927, +0.4947, +0.4808, +0.4663, +0.4863, +0.4605, +0.4553, +0.5186, +0.4496, +0.4713, +0.4753, +0.4694, +0.4800, +0.4697, +0.5124, +0.4945, +0.4953, +0.4704, +0.4982, +0.4993, +0.5100, +0.4872, +0.4986, +0.5053, +0.5203, +0.5295, +0.5225, +0.4687, +0.4886, +0.5108, +0.4646, +0.5008, +0.4931, +0.4966, +0.4970, +0.4597, +0.5131, +0.4817, +0.4695, +0.4943, +0.4969, +0.4846, +0.5085, +0.5125, +0.4954, +0.4886, +0.5194, +0.4900, +0.4701, +0.5215, +0.4714, +0.4691, +0.4647, +0.4773, +0.4653, +0.4556, +0.4718, +0.4511, +0.4601, +0.4888, +0.4898, +0.4657, +0.4741, +0.4605, +0.4772, +0.4721, +0.4825, +0.4436, +0.4453, +0.4564, +0.4648, +0.4744, +0.4745, +0.4785, +0.4577, +0.4629, +0.4622, +0.4637, +0.4427, +0.4540, +0.4428, +0.4685, +0.4697, +0.4652, +0.4519, +0.4526, +0.4691, +0.4538, +0.4681, +0.4707, +0.4578, +0.4563, +0.4505, +0.4456, +0.4711, +0.4576, +0.4554, +0.4523, +0.4350, +0.4308, +0.4350, +0.4699, +0.4726, +0.4504, +0.4475, +0.4458, +0.4268, +0.4339, +0.4227, +0.4126, +0.4334, +0.4447, +0.4333, +0.4352, +0.4473, +0.4676, +0.4178, +0.4348, +0.4544, +0.4295, +0.4305, +0.4292, +0.4198, +0.4343, +0.4206, +0.4228, +0.4369, +0.4480, +0.4324, +0.4189, +0.4009, +0.4302, +0.4235, +0.4391, +0.4463, +0.4475, +0.4432, +0.4550, +0.4585, +0.4443, +0.4508, +0.4787, +0.4649, +0.4389, +0.4517, +0.4657, +0.5015, +0.4643, +0.4616, +0.4550, +0.4695, +0.4376, +0.4537, +0.4286, +0.4183, +0.4668, +0.4476, +0.4538, +0.4253, +0.4319, +0.4454, +0.4337, +0.4283, +0.4234, +0.4255, +0.4053, +0.4171, +0.4440, +0.4351, +0.4216, +0.4292, +0.4342, +0.4479, +0.4315, +0.4396, +0.4366, +0.4724, +0.4242, +0.4566, +0.4334, +0.4576, +0.4319, +0.4406, +0.4480, +0.4442, +0.4463, +0.4369, +0.4463, +0.4495, +0.4374, +0.4641, +0.4531, +0.4490, +0.4572, +0.4509, +0.4453, +0.4625, +0.4660, +0.4366, +0.4834, +0.4449, +0.4345, +0.4471, +0.4450, +0.4423, +0.4340, +0.4550, +0.4485, +0.4316, +0.4293, +0.4052, +0.4373, +0.4474, +0.4293, +0.4313, +0.4450, +0.4081, +0.3976, +0.4247, +0.3912, +0.4055, +0.4046, +0.3899, +0.4117, +0.3832, +0.4198, +0.4098, +0.3981, +0.3904, +0.4075, +0.3964, +0.3939, +0.4107, +0.4337, +0.3875, +0.4269, +0.3997, +0.4133, +0.4169, +0.3911, +0.4285, +0.4229, +0.4021, +0.4293, +0.4147, +0.4090, +0.4229, +0.3968, +0.3938, +0.4082, +0.4010, +0.4024, +0.4271, +0.4227, +0.4329, +0.4197, +0.4441, +0.4544, +0.4006, +0.3936, +0.3896, +0.3990, +0.3950, +0.4031, +0.3947, +0.3843, +0.3987, +0.4056, +0.3711, +0.3898, +0.4044, +0.3946, +0.3845, +0.4037, +0.3859, +0.3953, +0.3710, +0.3766, +0.3977, +0.3895, +0.4022, +0.3864, +0.3848, +0.4065, +0.3884, +0.3898, +0.4022, +0.3791, +0.4032, +0.3867, +0.4016, +0.4054, +0.3970, +0.3951, +0.3817, +0.3859, +0.3820, +0.3560, +0.3737, +0.3893, +0.3847, +0.3748, +0.3619, +0.3645, +0.3819, +0.3841, +0.3894, +0.3629, +0.3757, +0.3805, +0.3546, +0.3742, +0.3629, +0.3868, +0.3973, +0.3815, +0.3794, +0.3678, +0.3908, +0.3805, +0.3724, +0.4172, +0.3673, +0.3813, +0.3934, +0.4028, +0.3862, +0.3665, +0.3960, +0.3791, +0.3928, +0.4032, +0.4289, +0.3684, +0.3757, +0.3974, +0.3868, +0.3874, +0.4111, +0.3999, +0.3858, +0.3928, +0.3461, +0.3800, +0.3587, +0.3773, +0.3727, +0.3738, +0.3803, +0.3743, +0.3814, +0.3591, +0.3970, +0.3678, +0.3511, +0.3663, +0.3785, +0.3689, +0.3949, +0.3989, +0.3835, +0.3624, +0.3917, +0.3629, +0.3569, +0.3797, +0.3785, +0.3717, +0.3642, +0.3685, +0.3597, +0.3686, +0.3620, +0.3659, +0.3852, +0.3568, +0.3634, +0.3421, +0.3681, +0.3772, +0.3536, +0.3441, +0.3641, +0.3586, +0.3335, +0.3426, +0.3490, +0.3726, +0.3640, +0.3616, +0.3601, +0.3537, +0.3423, +0.3464, +0.3592, +0.3599, +0.3767, +0.3641, +0.3607, +0.3386, +0.3612, +0.3773, +0.3725, +0.3541, +0.3515, +0.3822, +0.3791, +0.3794, +0.3926, +0.3622, +0.3607, +0.3571, +0.3660, +0.3639, +0.3810, +0.3912, +0.3790, +0.3679, +0.3800, +0.4026, +0.3730, +0.3681, +0.3489, +0.3514, +0.3853, +0.3845, +0.3634, +0.3849, +0.3877, +0.3653, +0.3721, +0.3795, +0.3858, +0.3859, +0.3630, +0.3400, +0.3563, +0.3554, +0.3635, +0.3658, +0.3544, +0.3533, +0.3503, +0.3460, +0.3671, +0.3460, +0.3614, +0.3898, +0.3564, +0.3568, +0.3717, +0.3612, +0.3594, +0.3519, +0.3736, +0.3622, +0.3624, +0.3417, +0.3784, +0.3636, +0.3684, +0.3605, +0.3425, +0.3617, +0.3872, +0.3694, +0.3815, +0.3671, +0.3608, +0.3698, +0.3792, +0.3810, +0.3638, +0.4001, +0.3752, +0.3650, +0.3542, +0.3408, +0.3345, +0.3632, +0.3608, +0.3799, +0.3782, +0.3532, +0.3717, +0.3773, +0.3614, +0.3530, +0.3486, +0.3582, +0.3575, +0.3447, +0.3459, +0.3477, +0.3671, +0.3397, +0.3669, +0.3549, +0.3550, +0.3511, +0.3424, +0.3309, +0.3353, +0.3555, +0.3646, +0.3561, +0.3738, +0.3456, +0.4064, +0.3610, +0.3511, +0.3693, +0.3734, +0.3784, +0.3461, +0.3592, +0.3568, +0.3782, +0.3410, +0.3491, +0.3445, +0.3590, +0.3572, +0.3756, +0.3582, +0.3620, +0.3539, +0.3518, +0.3558, +0.3584, +0.3772, +0.3669, +0.3655, +0.3948, +0.3859, +0.3403, +0.3463, +0.3799, +0.3884, +0.3671, +0.3805, +0.3878, +0.3778, +0.3605, +0.3682, +0.3717, +0.3726, +0.3636, +0.3797, +0.3581, +0.3629, +0.3477, +0.3479, +0.3346, +0.3582, +0.3485, +0.3422, +0.3504, +0.3323, +0.3371, +0.3443, +0.3578, +0.3510, +0.3366, +0.3416, +0.3536, +0.3477, +0.3357, +0.3526, +0.3472, +0.3394, +0.3631, +0.3420, +0.3725, +0.3514, +0.3504, +0.3449, +0.3460, +0.3847, +0.3555, +0.3834, +0.3868, +0.3620, +0.3746, +0.3711, +0.3755, +0.3646, +0.3937, +0.3534, +0.3628, +0.3667, +0.3553, +0.3625, +0.3498, +0.3605, +0.3669, +0.3867, +0.3614, +0.3710, +0.3591, +0.3755, +0.3729, +0.3599, +0.3521, +0.3526, +0.3814, +0.3904, +0.3703, +0.3755, +0.3534, +0.3567, +0.3712, +0.3533, +0.3545, +0.3668, +0.3545, +0.3671, +0.3557, +0.3571, +0.3429, +0.3354, +0.3515, +0.3693, +0.3608, +0.3349, +0.3519, +0.3392, +0.3670, +0.3548, +0.3524, +0.3560, +0.3615, +0.3527, +0.3635, +0.3356, +0.3499, +0.3323, +0.3470, +0.3543, +0.3509, +0.3419, +0.3261, +0.3415, +0.3422, +0.3559, +0.3342, +0.3477, +0.3429, +0.3260, +0.3526, +0.3250, +0.3304, +0.3213, +0.3429, +0.3446, +0.3307, +0.3461, +0.3206, +0.3373, +0.3383, +0.3141, +0.3233, +0.3223, +0.3298, +0.3236, +0.3170, +0.3097, +0.3258, +0.3242, +0.3128, +0.3208, +0.3213, +0.3226, +0.3236, +0.3101, +0.3074, +0.3186, +0.3177, +0.3175, +0.3117, +0.2952, +0.3001, +0.3163, +0.3027, +0.3259, +0.3136, +0.3288, +0.2984, +0.3237, +0.3176, +0.3169, +0.3151, +0.3245, +0.3078, +0.3257, +0.2995, +0.3314, +0.3171, +0.3233, +0.3200, +0.3248, +0.3224, +0.3167, +0.3062, +0.3130, +0.3081, +0.3271, +0.3127, +0.3130, +0.3097, +0.3148, +0.3065, +0.3148, +0.3130, +0.3120, +0.3172, +0.3194, +0.3293, +0.3203, +0.3173, +0.3177, +0.3171, +0.3236, +0.3258, +0.3218, +0.3259, +0.3291, +0.3246, +0.3413, +0.3267, +0.3186, +0.3158, +0.3296, +0.3134, +0.3133, +0.3242, +0.3193, +0.3066, +0.3183, +0.3250, +0.3192, +0.3055, +0.3178, +0.3143, +0.3120, +0.3087, +0.2984, +0.3086, +0.3171, +0.3178, +0.3093, +0.3093, +0.3103, +0.3161, +0.3009, +0.2885, +0.2992, +0.3144, +0.3110, +0.3034, +0.2978, +0.3153, +0.3140, +0.3036, +0.3125, +0.3075, +0.3010, +0.3044, +0.3217, +0.3024, +0.3082, +0.3030, +0.3112, +0.3086, +0.3165, +0.3073, +0.3029, +0.3175, +0.3087, +0.2997, +0.3002, +0.2915, +0.2988, +0.2960, +0.3133, +0.2964, +0.3061, +0.2908, +0.2970, +0.2966, +0.2960, +0.3064, +0.3083, +0.2990, +0.2890, +0.2940, +0.2971, +0.3049, +0.2948, +0.2942, +0.3051, +0.2914, +0.2944, +0.3025, +0.2890, +0.2844, +0.2906, +0.3055, +0.2979, +0.2957, +0.2899, +0.3086, +0.2962, +0.3009, +0.3003, +0.2986, +0.2934, +0.2828, +0.2856, +0.2767, +0.2883, +0.2897, +0.2851, +0.2969, +0.2843, +0.2841, +0.2822, +0.2807, +0.3044, +0.2775, +0.2939, +0.2753, +0.2807, +0.2824, +0.2836, +0.2959, +0.2983, +0.2908, +0.2909, +0.2915, +0.2906, +0.2969, +0.2882, +0.2801, +0.2953, +0.2776, +0.2862, +0.2785, +0.2773, +0.2805, +0.2820, +0.2802, +0.2938, +0.2891, +0.2883, +0.2944, +0.2791, +0.2829, +0.2904, +0.2819, +0.2775, +0.2827, +0.2764, +0.2847, +0.2865, +0.2884, +0.2751, +0.2768, +0.2749, +0.2731, +0.2800, +0.2722, +0.2783, +0.2767, +0.2708, +0.2700, +0.2787, +0.2859, +0.2696, +0.2785, +0.2781, +0.2778, +0.2865, +0.2961, +0.2771, +0.2784, +0.2723, +0.2685, +0.2639, +0.2742, +0.2766, +0.2705, +0.2662, +0.2712, +0.2834, +0.2701, +0.2709, +0.2761, +0.2803, +0.2796, +0.2793, +0.2745, +0.2789, +0.2826, +0.2629, +0.2730, +0.2745, +0.2723, +0.2705, +0.2718, +0.2709, +0.2728, +0.2690, +0.2719, +0.2672, +0.2735, +0.2682, +0.2716, +0.2905, +0.2868, +0.2794, +0.2841, +0.2818, +0.2747, +0.2782, +0.2783, +0.2740, +0.2719, +0.2840, +0.2724, +0.2803, +0.2638, +0.2655, +0.2727, +0.2780, +0.2745, +0.2641, +0.2772, +0.2712, +0.2590, +0.2633, +0.2783, +0.2654, +0.2663, +0.2730, +0.2637, +0.2624, +0.2673, +0.2733, +0.2683, +0.2711, +0.2834, +0.2688, +0.2716, +0.2691, +0.2756, +0.2761, +0.2816, +0.2700, +0.2691, +0.2668, +0.2545, +0.2808, +0.2647, +0.2536, +0.2718, +0.2743, +0.2635, +0.2644, +0.2646, +0.2691, +0.2650, +0.2791, +0.2727, +0.2664, +0.2664, +0.2774, +0.2661, +0.2685, +0.2632, +0.2677, +0.2829, +0.2676, +0.2754, +0.2731, +0.2696, +0.2783, +0.2741, +0.2706, +0.2751, +0.2720, +0.2705, +0.2616, +0.2697, +0.2657, +0.2667, +0.2595, +0.2664, +0.2683, +0.2600, +0.2762, +0.2622, +0.2797, +0.2814, +0.2726, +0.2692, +0.2773, +0.2700, +0.2682, +0.2693, +0.2736, +0.2750, +0.2815, +0.2775, +0.2576, +0.2677, +0.2639, +0.2734, +0.2702, +0.2666, +0.2775, +0.2734, +0.2857, +0.2663, +0.2686, +0.2697, +0.2626, +0.2726, +0.2660, +0.2768, +0.2719, +0.2635, +0.2685, +0.2724, +0.2753, +0.2678, +0.2699, +0.2754, +0.2670, +0.2759, +0.2690, +0.2731, +0.2646, +0.2570, +0.2830, +0.2755, +0.2749, +0.2778, +0.2716, +0.2747, +0.2682, +0.2741, +0.2663, +0.2618, +0.2646, +0.2559, +0.2645, +0.2603, +0.2620, +0.2602, +0.2699, +0.2712, +0.2716, +0.2721, +0.2768, +0.2600, +0.2753, +0.2653, +0.2710, +0.2669, +0.2684, +0.2626, +0.2711, +0.2668, +0.2719, +0.2769, +0.2597, +0.2572, +0.2742, +0.2682, +0.2870, +0.2803, +0.2869, +0.2577, +0.2821, +0.2744, +0.2745, +0.2753, +0.2744, +0.2642, +0.2894, +0.2781, +0.2651, +0.2825, +0.2744, +0.2838, +0.2750, +0.2767, +0.2732, +0.2742, +0.2823, +0.3040, +0.2602, +0.2747, +0.2656, +0.2751, +0.2738, +0.2607, +0.2637, +0.2710, +0.2736, +0.2706, +0.2652, +0.2661, +0.2621, +0.2812, +0.2712, +0.2705, +0.2614, +0.2653, +0.2771, +0.2696, +0.2698, +0.2748, +0.2669, +0.2841, +0.2732, +0.2695, +0.2656, +0.2666, +0.2800, +0.2696, +0.2701, +0.2681, +0.2642, +0.2763, +0.2658, +0.2761, +0.2668, +0.2776, +0.2700, +0.2688, +0.2741, +0.2661, +0.2767, +0.2728, +0.2772, +0.2727, +0.2623, +0.2664, +0.2701, +0.2687, +0.2638, +0.2705, +0.2786, +0.2634, +0.2768, +0.2816, +0.2603, +0.2637, +0.2708, +0.2683, +0.2708, +0.2710, +0.2790, +0.2620, +0.2775, +0.2716, +0.2727, +0.2628, +0.2745, +0.2778, +0.2674, +0.2726, +0.2736, +0.2693, +0.2623, +0.2645, +0.2677, +0.2648, +0.2782, +0.2774, +0.2611, +0.2775, +0.2689, +0.2775, +0.2759, +0.2776, +0.2739, +0.2724, +0.2764, +0.2693, +0.2646, +0.2619, +0.2788, +0.2780, +0.2664, +0.2653, +0.2789, +0.2752, +0.2817, +0.2728, +0.2746, +0.2673, +0.2707, +0.2686, +0.2798, +0.2742, +0.2661, +0.2678, +0.2717, +0.2785, +0.2666, +0.2671, +0.2668, +0.2670, +0.2672, +0.2685, +0.2760, +0.2718, +0.2631, +0.2634, +0.2670, +0.2773, +0.2745, +0.2778, +0.2709, +0.2649, +0.2725, +0.2715, +0.2703, +0.2838, +0.2638, +0.2697, +0.2751, +0.2776, +0.2709, +0.2659, +0.2664, +0.2687, +0.2681, +0.2725, +0.2608, +0.2662]
     t0_msg_none: [+0.3329, +0.3640, +0.3689, +0.3500, +0.3357, +0.3440, +0.3468, +0.3272, +0.2973, +0.3455, +0.3643, +0.3146, +0.3387, +0.3292, +0.2989, +0.3386, +0.3548, +0.3676, +0.3310, +0.3292, +0.3007, +0.3327, +0.2990, +0.3200, +0.3237, +0.3397, +0.3481, +0.2872, +0.3293, +0.3380, +0.3486, +0.2982, +0.3327, +0.3135, +0.3239, +0.3204, +0.2944, +0.3094, +0.3211, +0.3280, +0.3546, +0.3619, +0.3750, +0.3715, +0.3498, +0.4188, +0.4222, +0.4186, +0.3351, +0.4243, +0.4035, +0.3975, +0.3905, +0.3892, +0.3759, +0.3368, +0.3328, +0.3544, +0.3080, +0.2923, +0.3288, +0.3007, +0.2715, +0.2651, +0.2897, +0.2592, +0.2786, +0.2776, +0.2458, +0.2542, +0.2642, +0.2226, +0.2111, +0.2365, +0.2165, +0.1956, +0.2260, +0.1881, +0.2055, +0.1881, +0.1885, +0.1923, +0.2132, +0.2022, +0.1677, +0.1997, +0.1738, +0.1841, +0.2204, +0.1895, +0.1780, +0.1946, +0.1784, +0.1762, +0.1513, +0.1642, +0.1401, +0.1358, +0.1579, +0.1425, +0.1560, +0.1231, +0.0963, +0.1203, +0.1007, +0.1053, +0.1140, +0.1202, +0.1157, +0.0997, +0.0959, +0.1034, +0.0899, +0.0792, +0.0798, +0.0729, +0.0654, +0.0433, +0.0609, +0.0671, +0.0515, +0.0470, +0.0392, +0.0314, +0.0335, +0.0447, +0.0446, +0.0264, +0.0378, +0.0249, +0.0252, +0.0245, +0.0237, +0.0275, +0.0233, +0.0316, +0.0140, +0.0327, +0.0218, +0.0225, +0.0226, +0.0221, +0.0197, +0.0280, +0.0248, +0.0222, +0.0210, +0.0114, +0.0209, +0.0342, +0.0294, +0.0254, +0.0210, +0.0279, +0.0272, +0.0271, +0.0184, +0.0195, +0.0219, +0.0229, +0.0202, +0.0157, +0.0186, +0.0206, +0.0172, +0.0172, +0.0183, +0.0242, +0.0143, +0.0190, +0.0200, +0.0183, +0.0246, +0.0172, +0.0208, +0.0258, +0.0280, +0.0144, +0.0117, +0.0184, +0.0180, +0.0107, +0.0244, +0.0221, +0.0128, +0.0260, +0.0226, +0.0195, +0.0298, +0.0329, +0.0300, +0.0255, +0.0201, +0.0174, +0.0315, +0.0297, +0.0262, +0.0279, +0.0383, +0.0324, +0.0207, +0.0258, +0.0386, +0.0262, +0.0393, +0.0352, +0.0277, +0.0312, +0.0346, +0.0342, +0.0363, +0.0411, +0.0296, +0.0346, +0.0415, +0.0393, +0.0346, +0.0444, +0.0431, +0.0339, +0.0398, +0.0385, +0.0320, +0.0374, +0.0417, +0.0326, +0.0219, +0.0294, +0.0245, +0.0300, +0.0393, +0.0350, +0.0376, +0.0394, +0.0420, +0.0337, +0.0380, +0.0360, +0.0378, +0.0266, +0.0262, +0.0392, +0.0388, +0.0398, +0.0287, +0.0337, +0.0531, +0.0354, +0.0340, +0.0425, +0.0326, +0.0312, +0.0427, +0.0515, +0.0499, +0.0483, +0.0378, +0.0513, +0.0539, +0.0468, +0.0365, +0.0362, +0.0297, +0.0330, +0.0410, +0.0372, +0.0448, +0.0313, +0.0397, +0.0519, +0.0388, +0.0543, +0.0410, +0.0378, +0.0375, +0.0493, +0.0447, +0.0360, +0.0423, +0.0298, +0.0445, +0.0423, +0.0409, +0.0331, +0.0404, +0.0484, +0.0378, +0.0345, +0.0624, +0.0463, +0.0357, +0.0455, +0.0371, +0.0477, +0.0386, +0.0424, +0.0589, +0.0350, +0.0462, +0.0445, +0.0440, +0.0403, +0.0414, +0.0318, +0.0339, +0.0457, +0.0539, +0.0368, +0.0351, +0.0365, +0.0452, +0.0466, +0.0455, +0.0401, +0.0569, +0.0355, +0.0321, +0.0455, +0.0425, +0.0279, +0.0380, +0.0277, +0.0289, +0.0305, +0.0202, +0.0230, +0.0282, +0.0288, +0.0339, +0.0263, +0.0301, +0.0261, +0.0269, +0.0209, +0.0369, +0.0457, +0.0375, +0.0339, +0.0351, +0.0404, +0.0395, +0.0294, +0.0342, +0.0396, +0.0430, +0.0334, +0.0350, +0.0374, +0.0377, +0.0483, +0.0399, +0.0443, +0.0466, +0.0473, +0.0434, +0.0401, +0.0703, +0.0690, +0.0576, +0.0735, +0.0498, +0.0444, +0.0406, +0.0447, +0.0391, +0.0344, +0.0469, +0.0383, +0.0343, +0.0202, +0.0271, +0.0206, +0.0180, +0.0237, +0.0267, +0.0319, +0.0314, +0.0434, +0.0305, +0.0304, +0.0255, +0.0331, +0.0271, +0.0233, +0.0152, +0.0233, +0.0155, +0.0214, +0.0183, +0.0237, +0.0167, +0.0183, +0.0203, +0.0228, +0.0172, +0.0185, +0.0199, +0.0266, +0.0291, +0.0254, +0.0209, +0.0221, +0.0198, +0.0272, +0.0228, +0.0277, +0.0292, +0.0313, +0.0377, +0.0288, +0.0292, +0.0279, +0.0329, +0.0423, +0.0472, +0.0265, +0.0340, +0.0429, +0.0382, +0.0494, +0.0383, +0.0398, +0.0421, +0.0462, +0.0386, +0.0353, +0.0340, +0.0479, +0.0374, +0.0440, +0.0342, +0.0418, +0.0316, +0.0357, +0.0324, +0.0251, +0.0326, +0.0402, +0.0383, +0.0281, +0.0315, +0.0312, +0.0384, +0.0312, +0.0502, +0.0259, +0.0377, +0.0415, +0.0303, +0.0415, +0.0366, +0.0403, +0.0498, +0.0455, +0.0369, +0.0496, +0.0554, +0.0484, +0.0551, +0.0472, +0.0457, +0.0417, +0.0326, +0.0455, +0.0583, +0.0488, +0.0361, +0.0341, +0.0543, +0.0453, +0.0342, +0.0384, +0.0395, +0.0409, +0.0374, +0.0448, +0.0782, +0.0538, +0.0556, +0.0595, +0.0420, +0.0411, +0.0428, +0.0480, +0.0314, +0.0414, +0.0336, +0.0408, +0.0421, +0.0493, +0.0378, +0.0339, +0.0173, +0.0342, +0.0312, +0.0364, +0.0393, +0.0341, +0.0371, +0.0376, +0.0277, +0.0409, +0.0342, +0.0411, +0.0373, +0.0266, +0.0342, +0.0253, +0.0260, +0.0407, +0.0371, +0.0352, +0.0390, +0.0236, +0.0365, +0.0416, +0.0298, +0.0239, +0.0231, +0.0255, +0.0337, +0.0359, +0.0357, +0.0297, +0.0252, +0.0280, +0.0451, +0.0259, +0.0313, +0.0347, +0.0329, +0.0212, +0.0280, +0.0181, +0.0222, +0.0326, +0.0337, +0.0274, +0.0446, +0.0354, +0.0329, +0.0275, +0.0259, +0.0428, +0.0255, +0.0298, +0.0332, +0.0269, +0.0228, +0.0246, +0.0202, +0.0203, +0.0174, +0.0182, +0.0195, +0.0162, +0.0181, +0.0176, +0.0132, +0.0137, +0.0219, +0.0125, +0.0211, +0.0155, +0.0176, +0.0124, +0.0088, +0.0125, +0.0076, +0.0305, +0.0255, +0.0192, +0.0293, +0.0230, +0.0155, +0.0125, +0.0132, +0.0197, +0.0179, +0.0183, +0.0182, +0.0208, +0.0046, +0.0173, +0.0134, +0.0189, +0.0189, +0.0141, +0.0133, +0.0213, +0.0123, +0.0157, +0.0196, +0.0190, +0.0201, +0.0161, +0.0151, +0.0077, +0.0178, +0.0210, +0.0259, +0.0185, +0.0094, +0.0179, +0.0194, +0.0226, +0.0192, +0.0311, +0.0163, +0.0235, +0.0295, +0.0376, +0.0220, +0.0180, +0.0381, +0.0249, +0.0276, +0.0143, +0.0278, +0.0203, +0.0302, +0.0214, +0.0288, +0.0262, +0.0326, +0.0328, +0.0268, +0.0238, +0.0178, +0.0209, +0.0212, +0.0286, +0.0145, +0.0149, +0.0291, +0.0249, +0.0328, +0.0197, +0.0225, +0.0268, +0.0204, +0.0266, +0.0275, +0.0296, +0.0337, +0.0402, +0.0376, +0.0309, +0.0172, +0.0288, +0.0388, +0.0403, +0.0254, +0.0314, +0.0394, +0.0339, +0.0273, +0.0306, +0.0269, +0.0247, +0.0276, +0.0299, +0.0298, +0.0275, +0.0282, +0.0327, +0.0322, +0.0293, +0.0211, +0.0287, +0.0345, +0.0271, +0.0311, +0.0229, +0.0181, +0.0297, +0.0276, +0.0309, +0.0329, +0.0222, +0.0258, +0.0203, +0.0201, +0.0329, +0.0228, +0.0248, +0.0263, +0.0192, +0.0193, +0.0260, +0.0285, +0.0237, +0.0202, +0.0245, +0.0142, +0.0219, +0.0238, +0.0172, +0.0206, +0.0337, +0.0172, +0.0325, +0.0318, +0.0211, +0.0385, +0.0312, +0.0245, +0.0219, +0.0212, +0.0199, +0.0299, +0.0237, +0.0350, +0.0219, +0.0214, +0.0305, +0.0312, +0.0359, +0.0252, +0.0379, +0.0353, +0.0299, +0.0322, +0.0316, +0.0283, +0.0370, +0.0228, +0.0262, +0.0208, +0.0237, +0.0266, +0.0337, +0.0223, +0.0269, +0.0230, +0.0142, +0.0187, +0.0170, +0.0198, +0.0212, +0.0193, +0.0279, +0.0326, +0.0250, +0.0280, +0.0303, +0.0340, +0.0363, +0.0277, +0.0232, +0.0269, +0.0235, +0.0228, +0.0236, +0.0231, +0.0261, +0.0263, +0.0226, +0.0197, +0.0177, +0.0305, +0.0284, +0.0336, +0.0251, +0.0247, +0.0362, +0.0315, +0.0391, +0.0314, +0.0320, +0.0260, +0.0360, +0.0287, +0.0298, +0.0305, +0.0364, +0.0348, +0.0235, +0.0279, +0.0245, +0.0265, +0.0360, +0.0364, +0.0370, +0.0339, +0.0368, +0.0308, +0.0348, +0.0315, +0.0273, +0.0272, +0.0275, +0.0216, +0.0211, +0.0274, +0.0193, +0.0199, +0.0236, +0.0122, +0.0265, +0.0197, +0.0242, +0.0260, +0.0279, +0.0242, +0.0233, +0.0192, +0.0233, +0.0152, +0.0224, +0.0209, +0.0170, +0.0182, +0.0208, +0.0239, +0.0237, +0.0221, +0.0161, +0.0210, +0.0193, +0.0140, +0.0179, +0.0178, +0.0256, +0.0231, +0.0177, +0.0220, +0.0103, +0.0191, +0.0218, +0.0180, +0.0216, +0.0256, +0.0250, +0.0134, +0.0206, +0.0282, +0.0375, +0.0225, +0.0346, +0.0365, +0.0308, +0.0382, +0.0340, +0.0382, +0.0287, +0.0278, +0.0255, +0.0240, +0.0345, +0.0262, +0.0274, +0.0224, +0.0247, +0.0257, +0.0180, +0.0205, +0.0159, +0.0310, +0.0187, +0.0192, +0.0253, +0.0243, +0.0217, +0.0129, +0.0263, +0.0244, +0.0290, +0.0242, +0.0312, +0.0211, +0.0225, +0.0289, +0.0191, +0.0172, +0.0235, +0.0297, +0.0214, +0.0255, +0.0263, +0.0211, +0.0225, +0.0257, +0.0350, +0.0248, +0.0320, +0.0362, +0.0227, +0.0344, +0.0202, +0.0178, +0.0371, +0.0250, +0.0211, +0.0226, +0.0273, +0.0237, +0.0188, +0.0193, +0.0201, +0.0204, +0.0142, +0.0142, +0.0239, +0.0238, +0.0172, +0.0135, +0.0122, +0.0192, +0.0176, +0.0195, +0.0212, +0.0144, +0.0334, +0.0182, +0.0132, +0.0113, +0.0246, +0.0213, +0.0295, +0.0208, +0.0296, +0.0191, +0.0288, +0.0301, +0.0259, +0.0250, +0.0296, +0.0203, +0.0297, +0.0264, +0.0313, +0.0336, +0.0226, +0.0213, +0.0260, +0.0230, +0.0251, +0.0258, +0.0279, +0.0184, +0.0256, +0.0170, +0.0238, +0.0212, +0.0248, +0.0201, +0.0230, +0.0189, +0.0152, +0.0194, +0.0180, +0.0153, +0.0233, +0.0239, +0.0242, +0.0276, +0.0195, +0.0308, +0.0237, +0.0319, +0.0268, +0.0233, +0.0277, +0.0329, +0.0246, +0.0202, +0.0249, +0.0317, +0.0249, +0.0259, +0.0247, +0.0208, +0.0211, +0.0160, +0.0164, +0.0211, +0.0173, +0.0188, +0.0171, +0.0158, +0.0145, +0.0162, +0.0239, +0.0162, +0.0121, +0.0248, +0.0188, +0.0205, +0.0172, +0.0230, +0.0205, +0.0153, +0.0146, +0.0217, +0.0205, +0.0173, +0.0187, +0.0157, +0.0215, +0.0184, +0.0208, +0.0230, +0.0134, +0.0159, +0.0190, +0.0253, +0.0173, +0.0217, +0.0179, +0.0273, +0.0310, +0.0221, +0.0261, +0.0273, +0.0203, +0.0231, +0.0207, +0.0285, +0.0291, +0.0282, +0.0329, +0.0291, +0.0236, +0.0220, +0.0203, +0.0365, +0.0293, +0.0313, +0.0296, +0.0311, +0.0291, +0.0259, +0.0307, +0.0279, +0.0323, +0.0298, +0.0308, +0.0390, +0.0336, +0.0426, +0.0418, +0.0394, +0.0326, +0.0315, +0.0348, +0.0522, +0.0324, +0.0264, +0.0341, +0.0446, +0.0285, +0.0383, +0.0302, +0.0329, +0.0276, +0.0312, +0.0317, +0.0284, +0.0325, +0.0276, +0.0201, +0.0341, +0.0314, +0.0362, +0.0294, +0.0261, +0.0169, +0.0253, +0.0247, +0.0273, +0.0398, +0.0303, +0.0229, +0.0215, +0.0334, +0.0367, +0.0260, +0.0345, +0.0340, +0.0298, +0.0408, +0.0425, +0.0304, +0.0368, +0.0300, +0.0422, +0.0355, +0.0478, +0.0580, +0.0438, +0.0345, +0.0535, +0.0529, +0.0495, +0.0522, +0.0465, +0.0421, +0.0437, +0.0448, +0.0598, +0.0427, +0.0380, +0.0444, +0.0410, +0.0534, +0.0542, +0.0283, +0.0416, +0.0579, +0.0438, +0.0365, +0.0405, +0.0376, +0.0397, +0.0452, +0.0423, +0.0353, +0.0333, +0.0434, +0.0329, +0.0299, +0.0412, +0.0366, +0.0381, +0.0353, +0.0241, +0.0298, +0.0231, +0.0259, +0.0435, +0.0247, +0.0370, +0.0308, +0.0380, +0.0255, +0.0318, +0.0177, +0.0324, +0.0276, +0.0332, +0.0221, +0.0244, +0.0303, +0.0316, +0.0308, +0.0331, +0.0453, +0.0238, +0.0295, +0.0393, +0.0270, +0.0231, +0.0378, +0.0289, +0.0255, +0.0152, +0.0225, +0.0408, +0.0379, +0.0240, +0.0178, +0.0224, +0.0395, +0.0228, +0.0180, +0.0259, +0.0293, +0.0231, +0.0345, +0.0172, +0.0199, +0.0257, +0.0207, +0.0225, +0.0258, +0.0265, +0.0249, +0.0289, +0.0259, +0.0385, +0.0233, +0.0301, +0.0306, +0.0368, +0.0312, +0.0248, +0.0366, +0.0305, +0.0302, +0.0307, +0.0274, +0.0371, +0.0356, +0.0329, +0.0383, +0.0262, +0.0397, +0.0316, +0.0397, +0.0276, +0.0312, +0.0219, +0.0266, +0.0370, +0.0292, +0.0256, +0.0278, +0.0354, +0.0218, +0.0318, +0.0244, +0.0233, +0.0310, +0.0338, +0.0199, +0.0230, +0.0196, +0.0209, +0.0231, +0.0201, +0.0349, +0.0349, +0.0282, +0.0288, +0.0316, +0.0338, +0.0172, +0.0238, +0.0280, +0.0233, +0.0337, +0.0208, +0.0360, +0.0292, +0.0307, +0.0418, +0.0231, +0.0237, +0.0354, +0.0295, +0.0389, +0.0491, +0.0362, +0.0324, +0.0263, +0.0268, +0.0290, +0.0346, +0.0290, +0.0241, +0.0265, +0.0171, +0.0180, +0.0289, +0.0299, +0.0431, +0.0197, +0.0246, +0.0296, +0.0302, +0.0279, +0.0274, +0.0222, +0.0326, +0.0230, +0.0313, +0.0336, +0.0325, +0.0372, +0.0340, +0.0393, +0.0295, +0.0291, +0.0274, +0.0321, +0.0284, +0.0237, +0.0373, +0.0240, +0.0283, +0.0305, +0.0315, +0.0320, +0.0277, +0.0256, +0.0334, +0.0332, +0.0292, +0.0257, +0.0208, +0.0252, +0.0261, +0.0238, +0.0337, +0.0414, +0.0334, +0.0287, +0.0361, +0.0311, +0.0331, +0.0244, +0.0315, +0.0415, +0.0320, +0.0236, +0.0354, +0.0341, +0.0427, +0.0435, +0.0302, +0.0372, +0.0324, +0.0348, +0.0455, +0.0453, +0.0452, +0.0480, +0.0381, +0.0343, +0.0328, +0.0262, +0.0284, +0.0330, +0.0329, +0.0314, +0.0254, +0.0254, +0.0428, +0.0328, +0.0337, +0.0382, +0.0436, +0.0383, +0.0412, +0.0436, +0.0329, +0.0444, +0.0431, +0.0323, +0.0301, +0.0556, +0.0407, +0.0446, +0.0470, +0.0409, +0.0321, +0.0445, +0.0447, +0.0528, +0.0346, +0.0311, +0.0420, +0.0429, +0.0412, +0.0506, +0.0349, +0.0359, +0.0311, +0.0320, +0.0451, +0.0440, +0.0295, +0.0307, +0.0245, +0.0392, +0.0444, +0.0521, +0.0333, +0.0182, +0.0318, +0.0407, +0.0398, +0.0407, +0.0428, +0.0386, +0.0315, +0.0412, +0.0490, +0.0355, +0.0356, +0.0340, +0.0380, +0.0397, +0.0334, +0.0336, +0.0356, +0.0331, +0.0277, +0.0369, +0.0313, +0.0401, +0.0471, +0.0411, +0.0432, +0.0320, +0.0509, +0.0442, +0.0287, +0.0402, +0.0408, +0.0513, +0.0522, +0.0483, +0.0448, +0.0444, +0.0496, +0.0388, +0.0489, +0.0377, +0.0489, +0.0368, +0.0504, +0.0346, +0.0330, +0.0306, +0.0314, +0.0340, +0.0209, +0.0329, +0.0382, +0.0285, +0.0387, +0.0254, +0.0440, +0.0367, +0.0422, +0.0282, +0.0388, +0.0341, +0.0445, +0.0371, +0.0346, +0.0343, +0.0341, +0.0386, +0.0395, +0.0469, +0.0495, +0.0552, +0.0363, +0.0446, +0.0361, +0.0437, +0.0369, +0.0482, +0.0509, +0.0414, +0.0434, +0.0520, +0.0673, +0.0414, +0.0369, +0.0402, +0.0453, +0.0401, +0.0455, +0.0421, +0.0467, +0.0386, +0.0302, +0.0432, +0.0414, +0.0542, +0.0476, +0.0327, +0.0463, +0.0474, +0.0522, +0.0620, +0.0490, +0.0514, +0.0555, +0.0429, +0.0544, +0.0499, +0.0406, +0.0523, +0.0452, +0.0286, +0.0467, +0.0344, +0.0589, +0.0357, +0.0375, +0.0565, +0.0429, +0.0408, +0.0409, +0.0532, +0.0431, +0.0438, +0.0390, +0.0450, +0.0417, +0.0536, +0.0374, +0.0565, +0.0468, +0.0399, +0.0511, +0.0582, +0.0481, +0.0522, +0.0431, +0.0410, +0.0500, +0.0467, +0.0524, +0.0410, +0.0456, +0.0388, +0.0416, +0.0530, +0.0424, +0.0411, +0.0455, +0.0390, +0.0469, +0.0414, +0.0501, +0.0408, +0.0434, +0.0518, +0.0397, +0.0327, +0.0394, +0.0416, +0.0378, +0.0367, +0.0350, +0.0238, +0.0291, +0.0381, +0.0235, +0.0391, +0.0298, +0.0299, +0.0343, +0.0221, +0.0384, +0.0350, +0.0415, +0.0318, +0.0402, +0.0315, +0.0381, +0.0325, +0.0349, +0.0304, +0.0231, +0.0210, +0.0281, +0.0285, +0.0211, +0.0241, +0.0284, +0.0311, +0.0349, +0.0289, +0.0308, +0.0282, +0.0322, +0.0285, +0.0285, +0.0406, +0.0360, +0.0247, +0.0242, +0.0292, +0.0327, +0.0347, +0.0295, +0.0294, +0.0381, +0.0289, +0.0391, +0.0351, +0.0283, +0.0404, +0.0282, +0.0375, +0.0269, +0.0334, +0.0445, +0.0289, +0.0394, +0.0261, +0.0378, +0.0342, +0.0305, +0.0383, +0.0378, +0.0326, +0.0375, +0.0278, +0.0334, +0.0340, +0.0308, +0.0278, +0.0263, +0.0333, +0.0317, +0.0320, +0.0288, +0.0253, +0.0243, +0.0343, +0.0265, +0.0356, +0.0261, +0.0276, +0.0324, +0.0248, +0.0227, +0.0228, +0.0282, +0.0230, +0.0241, +0.0205, +0.0255, +0.0348, +0.0286, +0.0354, +0.0322, +0.0234, +0.0246, +0.0249, +0.0339, +0.0244, +0.0292, +0.0439, +0.0297, +0.0285, +0.0260, +0.0376, +0.0300, +0.0350, +0.0316, +0.0319, +0.0248, +0.0354, +0.0350, +0.0273, +0.0242, +0.0242, +0.0244, +0.0231, +0.0270, +0.0209, +0.0233, +0.0282, +0.0245, +0.0224, +0.0259, +0.0207, +0.0410, +0.0284, +0.0212, +0.0440, +0.0272, +0.0282, +0.0238, +0.0291, +0.0243, +0.0128, +0.0373, +0.0281, +0.0226, +0.0249, +0.0365, +0.0194, +0.0271, +0.0252, +0.0307, +0.0271, +0.0260, +0.0362, +0.0277, +0.0309, +0.0295, +0.0343, +0.0214, +0.0331, +0.0426, +0.0297, +0.0257, +0.0328, +0.0280, +0.0342, +0.0220, +0.0336, +0.0323, +0.0325, +0.0325, +0.0222, +0.0234, +0.0410, +0.0256, +0.0244, +0.0232, +0.0315, +0.0358, +0.0408, +0.0436, +0.0461, +0.0370, +0.0377, +0.0355, +0.0298, +0.0263, +0.0267, +0.0267, +0.0352, +0.0463, +0.0287, +0.0215, +0.0343, +0.0291, +0.0296, +0.0341, +0.0234, +0.0257, +0.0314, +0.0223, +0.0329, +0.0371, +0.0344, +0.0377, +0.0366, +0.0347, +0.0281, +0.0314, +0.0307, +0.0395, +0.0228, +0.0371, +0.0275, +0.0415, +0.0305, +0.0363, +0.0415, +0.0288, +0.0315, +0.0371, +0.0413, +0.0340, +0.0368, +0.0201, +0.0435, +0.0311, +0.0411, +0.0313, +0.0299, +0.0239, +0.0268, +0.0288, +0.0289, +0.0315, +0.0297, +0.0425, +0.0295, +0.0360, +0.0335, +0.0243, +0.0403, +0.0334, +0.0335, +0.0353, +0.0379, +0.0389, +0.0304, +0.0323, +0.0416, +0.0222, +0.0224, +0.0307, +0.0273, +0.0277, +0.0271, +0.0302, +0.0259, +0.0282, +0.0342, +0.0301, +0.0230, +0.0431, +0.0284, +0.0375, +0.0455, +0.0260, +0.0344, +0.0310, +0.0299, +0.0385, +0.0398, +0.0288, +0.0290, +0.0275, +0.0405, +0.0304, +0.0419, +0.0367, +0.0392, +0.0364, +0.0312, +0.0360, +0.0251, +0.0415, +0.0287, +0.0328, +0.0451, +0.0317, +0.0405, +0.0337, +0.0521, +0.0400, +0.0347, +0.0345, +0.0406, +0.0345, +0.0346, +0.0443, +0.0339, +0.0534, +0.0350, +0.0391, +0.0405, +0.0505, +0.0469, +0.0330, +0.0394, +0.0487, +0.0366, +0.0378, +0.0431, +0.0345, +0.0480, +0.0494, +0.0427, +0.0391, +0.0387, +0.0372, +0.0434, +0.0403, +0.0389, +0.0483, +0.0515, +0.0417, +0.0305, +0.0471, +0.0336, +0.0403, +0.0422, +0.0455, +0.0562, +0.0445, +0.0431, +0.0491, +0.0483, +0.0349, +0.0357, +0.0513, +0.0578, +0.0439, +0.0356, +0.0402, +0.0593, +0.0253, +0.0445, +0.0466, +0.0478, +0.0495, +0.0422, +0.0425, +0.0514, +0.0502, +0.0384, +0.0360, +0.0452, +0.0491, +0.0564, +0.0550, +0.0432, +0.0446, +0.0515, +0.0609, +0.0490, +0.0539, +0.0436, +0.0542, +0.0488, +0.0424, +0.0310, +0.0422, +0.0563, +0.0474, +0.0489, +0.0528, +0.0406, +0.0459, +0.0391, +0.0415, +0.0384, +0.0273, +0.0400, +0.0547, +0.0394, +0.0366, +0.0437, +0.0408, +0.0404, +0.0376, +0.0477, +0.0384, +0.0486, +0.0481, +0.0641, +0.0328, +0.0297, +0.0387, +0.0426, +0.0483, +0.0384, +0.0310, +0.0437, +0.0423, +0.0416, +0.0326, +0.0359, +0.0503, +0.0417, +0.0284, +0.0372, +0.0311, +0.0387, +0.0271, +0.0304, +0.0400, +0.0404, +0.0314, +0.0298, +0.0451, +0.0446, +0.0478, +0.0421, +0.0345, +0.0366, +0.0270, +0.0336, +0.0334, +0.0391, +0.0373, +0.0432, +0.0402, +0.0321, +0.0301, +0.0395, +0.0355, +0.0314, +0.0427, +0.0387, +0.0495, +0.0327, +0.0436, +0.0336, +0.0255, +0.0480, +0.0290, +0.0298, +0.0261, +0.0461, +0.0349, +0.0370, +0.0300, +0.0214, +0.0311, +0.0371, +0.0442, +0.0329, +0.0328, +0.0305, +0.0349, +0.0353, +0.0331, +0.0294, +0.0299, +0.0278, +0.0322, +0.0420, +0.0331, +0.0316, +0.0281, +0.0279, +0.0349, +0.0323, +0.0288, +0.0392, +0.0379, +0.0333, +0.0439, +0.0352, +0.0277, +0.0393, +0.0323, +0.0404, +0.0395, +0.0325, +0.0433, +0.0426, +0.0377, +0.0400, +0.0205, +0.0356, +0.0414, +0.0399, +0.0374, +0.0333, +0.0313, +0.0346, +0.0416, +0.0422, +0.0417, +0.0436, +0.0420, +0.0515, +0.0359, +0.0411, +0.0394, +0.0391, +0.0395, +0.0380, +0.0332, +0.0447, +0.0397, +0.0318, +0.0240, +0.0439, +0.0444, +0.0372, +0.0311, +0.0368, +0.0327, +0.0307, +0.0290, +0.0374, +0.0386, +0.0360, +0.0406, +0.0433, +0.0477, +0.0376, +0.0396, +0.0428, +0.0306, +0.0454, +0.0461, +0.0378, +0.0332, +0.0394, +0.0461, +0.0377, +0.0414, +0.0283, +0.0395, +0.0333, +0.0336, +0.0378, +0.0314, +0.0288, +0.0445, +0.0331, +0.0382, +0.0283, +0.0320, +0.0391, +0.0413, +0.0361, +0.0398, +0.0402, +0.0347, +0.0458, +0.0455, +0.0494, +0.0365, +0.0383, +0.0338, +0.0254, +0.0447, +0.0399, +0.0428, +0.0321, +0.0348, +0.0238, +0.0448, +0.0338, +0.0353, +0.0453, +0.0423, +0.0390, +0.0416, +0.0387, +0.0384, +0.0341, +0.0344, +0.0311, +0.0403, +0.0374, +0.0423, +0.0409, +0.0277, +0.0445, +0.0367, +0.0426, +0.0376, +0.0426, +0.0417, +0.0334, +0.0400, +0.0383, +0.0279, +0.0466, +0.0426, +0.0428, +0.0417, +0.0304, +0.0383, +0.0402, +0.0274, +0.0418, +0.0339, +0.0370, +0.0285, +0.0363, +0.0400, +0.0357, +0.0357, +0.0434, +0.0240, +0.0399, +0.0416, +0.0352, +0.0273, +0.0378, +0.0418, +0.0439, +0.0290, +0.0258, +0.0427, +0.0329, +0.0427, +0.0403, +0.0341, +0.0358, +0.0337, +0.0360, +0.0339, +0.0391, +0.0359, +0.0353, +0.0317, +0.0374, +0.0353, +0.0231, +0.0424, +0.0367, +0.0467, +0.0362, +0.0290, +0.0331, +0.0269, +0.0318, +0.0380, +0.0361, +0.0233, +0.0294, +0.0295, +0.0371, +0.0379, +0.0219, +0.0274, +0.0406, +0.0311, +0.0406, +0.0332, +0.0408, +0.0388, +0.0339, +0.0331, +0.0245, +0.0336, +0.0257, +0.0345, +0.0354, +0.0392, +0.0370, +0.0339, +0.0389, +0.0319, +0.0351, +0.0415, +0.0331, +0.0296, +0.0369, +0.0376, +0.0368, +0.0349, +0.0352, +0.0424, +0.0369, +0.0390, +0.0315, +0.0402, +0.0386, +0.0391, +0.0322, +0.0364, +0.0327, +0.0312, +0.0413, +0.0357, +0.0356, +0.0359, +0.0321, +0.0302, +0.0285, +0.0378, +0.0361, +0.0449, +0.0314, +0.0362, +0.0394, +0.0323, +0.0357, +0.0351, +0.0381, +0.0302, +0.0390, +0.0320, +0.0279, +0.0434, +0.0457, +0.0322, +0.0317, +0.0401, +0.0483, +0.0386, +0.0343, +0.0284, +0.0344, +0.0453, +0.0408, +0.0301, +0.0360, +0.0278, +0.0324, +0.0257, +0.0441, +0.0308, +0.0373, +0.0298, +0.0491, +0.0410, +0.0343, +0.0334, +0.0311, +0.0360, +0.0434, +0.0323, +0.0512, +0.0307, +0.0404, +0.0411, +0.0394, +0.0335, +0.0314, +0.0410, +0.0316, +0.0356, +0.0394, +0.0266, +0.0352, +0.0285, +0.0432, +0.0395, +0.0416, +0.0353, +0.0383, +0.0316, +0.0409, +0.0312, +0.0401, +0.0325, +0.0302, +0.0441, +0.0304, +0.0382, +0.0386, +0.0382, +0.0354, +0.0281, +0.0223, +0.0344, +0.0376, +0.0312, +0.0283, +0.0371, +0.0331, +0.0279, +0.0324, +0.0413, +0.0406, +0.0408, +0.0281, +0.0358, +0.0312, +0.0317, +0.0370, +0.0280, +0.0428, +0.0277, +0.0371, +0.0288, +0.0380, +0.0443, +0.0423, +0.0375, +0.0360, +0.0365, +0.0322, +0.0316, +0.0291, +0.0408, +0.0329, +0.0368, +0.0363, +0.0378, +0.0275, +0.0313, +0.0356, +0.0378, +0.0337, +0.0351, +0.0295, +0.0411, +0.0323, +0.0318, +0.0338, +0.0367, +0.0312, +0.0454, +0.0396, +0.0343, +0.0296, +0.0245, +0.0399, +0.0307, +0.0329, +0.0416, +0.0357, +0.0396, +0.0368, +0.0281, +0.0321, +0.0410, +0.0273, +0.0351, +0.0444, +0.0292, +0.0321, +0.0309, +0.0368, +0.0301, +0.0315, +0.0275, +0.0329, +0.0398, +0.0367, +0.0384, +0.0264, +0.0336, +0.0256, +0.0350, +0.0359, +0.0359, +0.0302, +0.0383, +0.0340, +0.0403, +0.0377, +0.0451, +0.0345, +0.0344, +0.0357, +0.0315, +0.0316, +0.0440, +0.0203, +0.0360, +0.0245, +0.0348, +0.0406, +0.0445, +0.0429, +0.0345, +0.0312, +0.0265, +0.0314, +0.0373, +0.0387, +0.0332, +0.0385, +0.0383, +0.0355, +0.0350, +0.0328, +0.0350, +0.0403, +0.0432, +0.0370, +0.0390, +0.0437, +0.0468, +0.0351, +0.0392, +0.0396, +0.0306, +0.0329, +0.0373, +0.0332, +0.0352, +0.0339, +0.0341, +0.0249, +0.0347, +0.0397, +0.0387, +0.0366, +0.0454, +0.0354, +0.0460]
       t0_msg_m0: [+0.3045, +0.3276, +0.3034, +0.3250, +0.3061, +0.3245, +0.3204, +0.3204, +0.3297, +0.3364, +0.3117, +0.3304, +0.3191, +0.3450, +0.3274, +0.2772, +0.3029, +0.2962, +0.3310, +0.2989, +0.3357, +0.3183, +0.2745, +0.2730, +0.2950, +0.2877, +0.2951, +0.3121, +0.2944, +0.2855, +0.2324, +0.2649, +0.2434, +0.2452, +0.2389, +0.2077, +0.2422, +0.2220, +0.2474, +0.2642, +0.1979, +0.2325, +0.1690, +0.1823, +0.1484, +0.1449, +0.1503, +0.1261, +0.1693, +0.1391, +0.1368, +0.1278, +0.1555, +0.1571, +0.1888, +0.1640, +0.1463, +0.1579, +0.1696, +0.1624, +0.1508, +0.1581, +0.1629, +0.1910, +0.1224, +0.1054, +0.1111, +0.1052, +0.1492, +0.1203, +0.1187, +0.1282, +0.1244, +0.1403, +0.1140, +0.1433, +0.1378, +0.1370, +0.1570, +0.1592, +0.1470, +0.1410, +0.1632, +0.1911, +0.1597, +0.1714, +0.1848, +0.1946, +0.1977, +0.2357, +0.2152, +0.2380, +0.2316, +0.2658, +0.2587, +0.2713, +0.3193, +0.3150, +0.2945, +0.2835, +0.3234, +0.3366, +0.2941, +0.2928, +0.3262, +0.3493, +0.3086, +0.3591, +0.3753, +0.3407, +0.3692, +0.3621, +0.3695, +0.3602, +0.3561, +0.3670, +0.4020, +0.3442, +0.4224, +0.3816, +0.4180, +0.4007, +0.3948, +0.4053, +0.4112, +0.3612, +0.4091, +0.4661, +0.4124, +0.4292, +0.4026, +0.4042, +0.3927, +0.3883, +0.3965, +0.3774, +0.3811, +0.3693, +0.3798, +0.3788, +0.4007, +0.3529, +0.3894, +0.3662, +0.3942, +0.4040, +0.3817, +0.3828, +0.3944, +0.3654, +0.3519, +0.4070, +0.3624, +0.3878, +0.3887, +0.3921, +0.3753, +0.3678, +0.3476, +0.3805, +0.3609, +0.3787, +0.3791, +0.3891, +0.3860, +0.3670, +0.3773, +0.3915, +0.3534, +0.3882, +0.3812, +0.3909, +0.3514, +0.3844, +0.3984, +0.3777, +0.3797, +0.3591, +0.3529, +0.3480, +0.3600, +0.3791, +0.3506, +0.3863, +0.3910, +0.3280, +0.3868, +0.3809, +0.3857, +0.3765, +0.3630, +0.3438, +0.3731, +0.3643, +0.3734, +0.3518, +0.3340, +0.3383, +0.3609, +0.3634, +0.3396, +0.3472, +0.3662, +0.3585, +0.3625, +0.3444, +0.3327, +0.3480, +0.3679, +0.3828, +0.3337, +0.3363, +0.3518, +0.3672, +0.3472, +0.3484, +0.3656, +0.3472, +0.3464, +0.3763, +0.3518, +0.3514, +0.3544, +0.3623, +0.3417, +0.3636, +0.3539, +0.3790, +0.3691, +0.3214, +0.3444, +0.3410, +0.3376, +0.3629, +0.3382, +0.3740, +0.3580, +0.3856, +0.3745, +0.3639, +0.3307, +0.3431, +0.3714, +0.3388, +0.3634, +0.3479, +0.3304, +0.3409, +0.3343, +0.3225, +0.3534, +0.3304, +0.3714, +0.3350, +0.3327, +0.3142, +0.3576, +0.3297, +0.3283, +0.3615, +0.3314, +0.3673, +0.3304, +0.3887, +0.3781, +0.3829, +0.3635, +0.3428, +0.3747, +0.3733, +0.3857, +0.3698, +0.3340, +0.3791, +0.3593, +0.3205, +0.3350, +0.3784, +0.3819, +0.3579, +0.3531, +0.3471, +0.3683, +0.3833, +0.3531, +0.3388, +0.3485, +0.3619, +0.3698, +0.3551, +0.3880, +0.3525, +0.3788, +0.3778, +0.3252, +0.3552, +0.3413, +0.3580, +0.3899, +0.3856, +0.3814, +0.3478, +0.3532, +0.3602, +0.3603, +0.3689, +0.3493, +0.3549, +0.3564, +0.3695, +0.3614, +0.3615, +0.3529, +0.3532, +0.3382, +0.3606, +0.3596, +0.3587, +0.3630, +0.3746, +0.3626, +0.3320, +0.3723, +0.3687, +0.3766, +0.3812, +0.3664, +0.3668, +0.4008, +0.3902, +0.3604, +0.3758, +0.3842, +0.3781, +0.3603, +0.3533, +0.3949, +0.3643, +0.3856, +0.3823, +0.3399, +0.3879, +0.3425, +0.3753, +0.3695, +0.3690, +0.3434, +0.3580, +0.3694, +0.3783, +0.3544, +0.3459, +0.3948, +0.3578, +0.3757, +0.3434, +0.3554, +0.3600, +0.3580, +0.3515, +0.3428, +0.3462, +0.3300, +0.3932, +0.3773, +0.3423, +0.3721, +0.3595, +0.3597, +0.3744, +0.3702, +0.4078, +0.3932, +0.3510, +0.3968, +0.3729, +0.3941, +0.3597, +0.3775, +0.3670, +0.3810, +0.3828, +0.3863, +0.3628, +0.3704, +0.3949, +0.4046, +0.3928, +0.3773, +0.3801, +0.3941, +0.3748, +0.3877, +0.3897, +0.4170, +0.3988, +0.4108, +0.3754, +0.4062, +0.3756, +0.3642, +0.3868, +0.3804, +0.3751, +0.3672, +0.3840, +0.3755, +0.3536, +0.3685, +0.3929, +0.3836, +0.3782, +0.4037, +0.3333, +0.3713, +0.3629, +0.3848, +0.3848, +0.3901, +0.3663, +0.3757, +0.3729, +0.3582, +0.3513, +0.3578, +0.3804, +0.3632, +0.3534, +0.3676, +0.3568, +0.3618, +0.3343, +0.3698, +0.3669, +0.3673, +0.3510, +0.3626, +0.3780, +0.3723, +0.3687, +0.3203, +0.3418, +0.3641, +0.3511, +0.3440, +0.3423, +0.3343, +0.3488, +0.3105, +0.3533, +0.3474, +0.3375, +0.3378, +0.3288, +0.3586, +0.3450, +0.3353, +0.3439, +0.3617, +0.3507, +0.3436, +0.3421, +0.3253, +0.3456, +0.3250, +0.3512, +0.3495, +0.3489, +0.3198, +0.3230, +0.3350, +0.3497, +0.3369, +0.3460, +0.3547, +0.3190, +0.3198, +0.3532, +0.3324, +0.3372, +0.3473, +0.3200, +0.3482, +0.3113, +0.3422, +0.3383, +0.3337, +0.3408, +0.3346, +0.3245, +0.3239, +0.3630, +0.3580, +0.3463, +0.3645, +0.3502, +0.3484, +0.3538, +0.3743, +0.3427, +0.3432, +0.3327, +0.3441, +0.3578, +0.3553, +0.3587, +0.3467, +0.3181, +0.3382, +0.3642, +0.3245, +0.3359, +0.3403, +0.3393, +0.3433, +0.3377, +0.3465, +0.3554, +0.3292, +0.3066, +0.3462, +0.3532, +0.3703, +0.3683, +0.3476, +0.3404, +0.3703, +0.3609, +0.3251, +0.3365, +0.3124, +0.3639, +0.3494, +0.3139, +0.3427, +0.3238, +0.3176, +0.3491, +0.3545, +0.3515, +0.3507, +0.3837, +0.3410, +0.3397, +0.3387, +0.3359, +0.3509, +0.3615, +0.3447, +0.3628, +0.3436, +0.3465, +0.3462, +0.3617, +0.3499, +0.3464, +0.3378, +0.3522, +0.3289, +0.3529, +0.3531, +0.3552, +0.3413, +0.3369, +0.3412, +0.3448, +0.3482, +0.3308, +0.3505, +0.3593, +0.3690, +0.3615, +0.3642, +0.3417, +0.3748, +0.3736, +0.3661, +0.3835, +0.3731, +0.3382, +0.3637, +0.3595, +0.3791, +0.3834, +0.3665, +0.3660, +0.3560, +0.3644, +0.3834, +0.3414, +0.3774, +0.3766, +0.3667, +0.3429, +0.3828, +0.3498, +0.3678, +0.3616, +0.3923, +0.3750, +0.3608, +0.3649, +0.3539, +0.3551, +0.3744, +0.3484, +0.3764, +0.3658, +0.3467, +0.3668, +0.3467, +0.3722, +0.3707, +0.3780, +0.3533, +0.3598, +0.3480, +0.3635, +0.3605, +0.3414, +0.3538, +0.3816, +0.3712, +0.3888, +0.3649, +0.3408, +0.3365, +0.3907, +0.3524, +0.3725, +0.3459, +0.3524, +0.3647, +0.3541, +0.3383, +0.3487, +0.3574, +0.3590, +0.3746, +0.3560, +0.3726, +0.3495, +0.3526, +0.3676, +0.3773, +0.3659, +0.3346, +0.3617, +0.3614, +0.3576, +0.3614, +0.3618, +0.3722, +0.3654, +0.3324, +0.3404, +0.3675, +0.3859, +0.3677, +0.3597, +0.3241, +0.3324, +0.3798, +0.3403, +0.3594, +0.3715, +0.3655, +0.3787, +0.3257, +0.4211, +0.3714, +0.3557, +0.3679, +0.3931, +0.3693, +0.3758, +0.3810, +0.3414, +0.3517, +0.3487, +0.3645, +0.3504, +0.3697, +0.3408, +0.3321, +0.3518, +0.3446, +0.3551, +0.3394, +0.3648, +0.3454, +0.3803, +0.3349, +0.3953, +0.3444, +0.3416, +0.3457, +0.3397, +0.3393, +0.3837, +0.3639, +0.3505, +0.3821, +0.3525, +0.3606, +0.3811, +0.3679, +0.3832, +0.3678, +0.3469, +0.3505, +0.3586, +0.3617, +0.3492, +0.3565, +0.3352, +0.3463, +0.3653, +0.3440, +0.3265, +0.3765, +0.3658, +0.3763, +0.3634, +0.3349, +0.3520, +0.3577, +0.3605, +0.3736, +0.3666, +0.3457, +0.3714, +0.3599, +0.3473, +0.3682, +0.3677, +0.3754, +0.3836, +0.3745, +0.3530, +0.3533, +0.3767, +0.3547, +0.3663, +0.3657, +0.3456, +0.3548, +0.3550, +0.3708, +0.3603, +0.3544, +0.3724, +0.3618, +0.3676, +0.3728, +0.3629, +0.3612, +0.3637, +0.3912, +0.3886, +0.3884, +0.3778, +0.3631, +0.3814, +0.3802, +0.3819, +0.3646, +0.3693, +0.3771, +0.3754, +0.3987, +0.3773, +0.3706, +0.4035, +0.4029, +0.3797, +0.3590, +0.3750, +0.3575, +0.3745, +0.3693, +0.3759, +0.3791, +0.3577, +0.3616, +0.3447, +0.3776, +0.3559, +0.3655, +0.3468, +0.3521, +0.3520, +0.3534, +0.3634, +0.3586, +0.3668, +0.3875, +0.3544, +0.3761, +0.3621, +0.3727, +0.3772, +0.3786, +0.3635, +0.3674, +0.3534, +0.3744, +0.3674, +0.3729, +0.3532, +0.3662, +0.3654, +0.3787, +0.3762, +0.3413, +0.3552, +0.3787, +0.3780, +0.3603, +0.3439, +0.3765, +0.3387, +0.3727, +0.3567, +0.3761, +0.3883, +0.3956, +0.3417, +0.3684, +0.3577, +0.3841, +0.3882, +0.3735, +0.3796, +0.3725, +0.3968, +0.4002, +0.3727, +0.4110, +0.3837, +0.3829, +0.3904, +0.3563, +0.3890, +0.3681, +0.3822, +0.3826, +0.3830, +0.3701, +0.3741, +0.3758, +0.3937, +0.3738, +0.3886, +0.3594, +0.3748, +0.3808, +0.3595, +0.3869, +0.3713, +0.3734, +0.3683, +0.3811, +0.3531, +0.3625, +0.3895, +0.3790, +0.3843, +0.3717, +0.3807, +0.3647, +0.3918, +0.3597, +0.3813, +0.3702, +0.3690, +0.3669, +0.3830, +0.3974, +0.3703, +0.3656, +0.3746, +0.3749, +0.3489, +0.3467, +0.3650, +0.3838, +0.3775, +0.3857, +0.3791, +0.3636, +0.3882, +0.3603, +0.3851, +0.3588, +0.3327, +0.3671, +0.3724, +0.3697, +0.3662, +0.3395, +0.3827, +0.3634, +0.4140, +0.3869, +0.3931, +0.3551, +0.3953, +0.3583, +0.3646, +0.3707, +0.3934, +0.3866, +0.3524, +0.3781, +0.3789, +0.3507, +0.3886, +0.3549, +0.3663, +0.3623, +0.3671, +0.3785, +0.3452, +0.3719, +0.3512, +0.3690, +0.3702, +0.4076, +0.3835, +0.3792, +0.3597, +0.3317, +0.3582, +0.3855, +0.3484, +0.3522, +0.3517, +0.3589, +0.3698, +0.4016, +0.3539, +0.3661, +0.3699, +0.3475, +0.3492, +0.3592, +0.3493, +0.3788, +0.3589, +0.3417, +0.3621, +0.3902, +0.3600, +0.3464, +0.3740, +0.3555, +0.3755, +0.3792, +0.3880, +0.3752, +0.3592, +0.3560, +0.3524, +0.4029, +0.3626, +0.3558, +0.3547, +0.3862, +0.3732, +0.3560, +0.3736, +0.3523, +0.3868, +0.3648, +0.3857, +0.3686, +0.3865, +0.3456, +0.3514, +0.3763, +0.3873, +0.3677, +0.4021, +0.3687, +0.3806, +0.3540, +0.3959, +0.3879, +0.3738, +0.3703, +0.3899, +0.3731, +0.3496, +0.3547, +0.3548, +0.4019, +0.3560, +0.3576, +0.3626, +0.4014, +0.3736, +0.3417, +0.3653, +0.3915, +0.3704, +0.3441, +0.3651, +0.3514, +0.3898, +0.3713, +0.3653, +0.3564, +0.3892, +0.3635, +0.3820, +0.3825, +0.3577, +0.3438, +0.3738, +0.3554, +0.3479, +0.3663, +0.3582, +0.3870, +0.3576, +0.3506, +0.3558, +0.3586, +0.3668, +0.3615, +0.3314, +0.3576, +0.3669, +0.3680, +0.3390, +0.3602, +0.3487, +0.3511, +0.3452, +0.3404, +0.3723, +0.3775, +0.3637, +0.3451, +0.3308, +0.3656, +0.3782, +0.3657, +0.3447, +0.3288, +0.3352, +0.3483, +0.3522, +0.3549, +0.3432, +0.3623, +0.3525, +0.3684, +0.3476, +0.3733, +0.3506, +0.3623, +0.3364, +0.3412, +0.3495, +0.3715, +0.3650, +0.3592, +0.3637, +0.3293, +0.3314, +0.3583, +0.3241, +0.3555, +0.3613, +0.3475, +0.3500, +0.3545, +0.3499, +0.3458, +0.3796, +0.3409, +0.3609, +0.3560, +0.3608, +0.3519, +0.3541, +0.3343, +0.3603, +0.3552, +0.3621, +0.3352, +0.3638, +0.3430, +0.3333, +0.3457, +0.3522, +0.3359, +0.3378, +0.3491, +0.3656, +0.3422, +0.3417, +0.3327, +0.3496, +0.3424, +0.3619, +0.3288, +0.3578, +0.3448, +0.3317, +0.3545, +0.3661, +0.3456, +0.3561, +0.3255, +0.3321, +0.3537, +0.3651, +0.3477, +0.3458, +0.3321, +0.3737, +0.3590, +0.3524, +0.3513, +0.3500, +0.3712, +0.3324, +0.3349, +0.3694, +0.3390, +0.3402, +0.3542, +0.3170, +0.3555, +0.3700, +0.3718, +0.3438, +0.3169, +0.3576, +0.3502, +0.3630, +0.3410, +0.3774, +0.3327, +0.3645, +0.3698, +0.3758, +0.3484, +0.3504, +0.3671, +0.3582, +0.3722, +0.3185, +0.3700, +0.3577, +0.3640, +0.3400, +0.3825, +0.3699, +0.3442, +0.3478, +0.3616, +0.3668, +0.3356, +0.3538, +0.3692, +0.3458, +0.3441, +0.3454, +0.3413, +0.3719, +0.3667, +0.3512, +0.3690, +0.3359, +0.3568, +0.3634, +0.3536, +0.3580, +0.3589, +0.3610, +0.3513, +0.3573, +0.3763, +0.3891, +0.3489, +0.3374, +0.3282, +0.3749, +0.3333, +0.3298, +0.3591, +0.3770, +0.3391, +0.3273, +0.3404, +0.3475, +0.3394, +0.3447, +0.3254, +0.3311, +0.3268, +0.3223, +0.3466, +0.3506, +0.3242, +0.3435, +0.3471, +0.3399, +0.3464, +0.3337, +0.3491, +0.3742, +0.3400, +0.3288, +0.3520, +0.3565, +0.3493, +0.3634, +0.3337, +0.3712, +0.3500, +0.3498, +0.3449, +0.3671, +0.3413, +0.3645, +0.3589, +0.3673, +0.3507, +0.3408, +0.3333, +0.3727, +0.3492, +0.3513, +0.3517, +0.3499, +0.3353, +0.3366, +0.3488, +0.3457, +0.3511, +0.3474, +0.3694, +0.3675, +0.3696, +0.3685, +0.3584, +0.3690, +0.3425, +0.3733, +0.3449, +0.3487, +0.3520, +0.3393, +0.3723, +0.3238, +0.3505, +0.3525, +0.3933, +0.3533, +0.3172, +0.3378, +0.3542, +0.3445, +0.3572, +0.3394, +0.3437, +0.3433, +0.3394, +0.3402, +0.3708, +0.3352, +0.3562, +0.3555, +0.3413, +0.3353, +0.3525, +0.3540, +0.3550, +0.3350, +0.3486, +0.3435, +0.3273, +0.3343, +0.3712, +0.3403, +0.3636, +0.3295, +0.3305, +0.3667, +0.3487, +0.3390, +0.3486, +0.3574, +0.3239, +0.3538, +0.3116, +0.3459, +0.3765, +0.3509, +0.3692, +0.3673, +0.3621, +0.3603, +0.3618, +0.3337, +0.3723, +0.3489, +0.3824, +0.3352, +0.3573, +0.3343, +0.3500, +0.3390, +0.3410, +0.3410, +0.3610, +0.3218, +0.3229, +0.3274, +0.3495, +0.3546, +0.3756, +0.3487, +0.3421, +0.3661, +0.3202, +0.3559, +0.3523, +0.3522, +0.3489, +0.3592, +0.3578, +0.3456, +0.3483, +0.3232, +0.3387, +0.3649, +0.3570, +0.3421, +0.3608, +0.3408, +0.3459, +0.3300, +0.3200, +0.3295, +0.3609, +0.3340, +0.3444, +0.3454, +0.3615, +0.3302, +0.3726, +0.3440, +0.3406, +0.3550, +0.3759, +0.3633, +0.3584, +0.3793, +0.3526, +0.3579, +0.3449, +0.3491, +0.3444, +0.3301, +0.3530, +0.3488, +0.3520, +0.3362, +0.3724, +0.3629, +0.3397, +0.3448, +0.3737, +0.3452, +0.3382, +0.3563, +0.3516, +0.3340, +0.3464, +0.3429, +0.3837, +0.3560, +0.3820, +0.3608, +0.3352, +0.3560, +0.3477, +0.3608, +0.3580, +0.3622, +0.3359, +0.3274, +0.3512, +0.3502, +0.3564, +0.3517, +0.3510, +0.3526, +0.3645, +0.3563, +0.3721, +0.3504, +0.3522, +0.3440, +0.3547, +0.3572, +0.3197, +0.3630, +0.3447, +0.3605, +0.3444, +0.3762, +0.3444, +0.3656, +0.3391, +0.3578, +0.3324, +0.3757, +0.3537, +0.3712, +0.3284, +0.3594, +0.3431, +0.3611, +0.3549, +0.3818, +0.3577, +0.3599, +0.3479, +0.3540, +0.3274, +0.3544, +0.3084, +0.3661, +0.3502, +0.3340, +0.3672, +0.3337, +0.3558, +0.3623, +0.3226, +0.3701, +0.3475, +0.3327, +0.3567, +0.3412, +0.3561, +0.3534, +0.3568, +0.3663, +0.3251, +0.3573, +0.3448, +0.3801, +0.3836, +0.3443, +0.3512, +0.3379, +0.3399, +0.3570, +0.3336, +0.3746, +0.3540, +0.3664, +0.3612, +0.3616, +0.3650, +0.3286, +0.3449, +0.3699, +0.3745, +0.3576, +0.3558, +0.3413, +0.3366, +0.3429, +0.3799, +0.3712, +0.3405, +0.3254, +0.3486, +0.3305, +0.3463, +0.3595, +0.3365, +0.3380, +0.3187, +0.3311, +0.3232, +0.3429, +0.3621, +0.3439, +0.3371, +0.3343, +0.3160, +0.3464, +0.3384, +0.3433, +0.3380, +0.3430, +0.3412, +0.3408, +0.3343, +0.3213, +0.3346, +0.3466, +0.3512, +0.3728, +0.3419, +0.3438, +0.3203, +0.3532, +0.3441, +0.3524, +0.3611, +0.3469, +0.3449, +0.3695, +0.3251, +0.3589, +0.3364, +0.3463, +0.3472, +0.3819, +0.3781, +0.3208, +0.3602, +0.3833, +0.3780, +0.3486, +0.3392, +0.3901, +0.3590, +0.3552, +0.3455, +0.3327, +0.3676, +0.3612, +0.3564, +0.3556, +0.3526, +0.3259, +0.3585, +0.3361, +0.3589, +0.3547, +0.3646, +0.3453, +0.3600, +0.3460, +0.3413, +0.3519, +0.3339, +0.3520, +0.3626, +0.3531, +0.3469, +0.3551, +0.3622, +0.3653, +0.3804, +0.3735, +0.3653, +0.3261, +0.3460, +0.3465, +0.3628, +0.3495, +0.3643, +0.3657, +0.3830, +0.3644, +0.3355, +0.3531, +0.3291, +0.3580, +0.3384, +0.3340, +0.3680, +0.3492, +0.3358, +0.3669, +0.3545, +0.3503, +0.3438, +0.3370, +0.3415, +0.3547, +0.3502, +0.3420, +0.3520, +0.3722, +0.3479, +0.3661, +0.3603, +0.3756, +0.3536, +0.3612, +0.3563, +0.3770, +0.3601, +0.3644, +0.3629, +0.3539, +0.3430, +0.3603, +0.3302, +0.3615, +0.3809, +0.3441, +0.3399, +0.3573, +0.3176, +0.3554, +0.3727, +0.3409, +0.3537, +0.3288, +0.3517, +0.3605, +0.3464, +0.3718, +0.3415, +0.3418, +0.3745, +0.3262, +0.3309, +0.3489, +0.3565, +0.3380, +0.3493, +0.3542, +0.3166, +0.3524, +0.3343, +0.3200, +0.3643, +0.3782, +0.3706, +0.3597, +0.3581, +0.3429, +0.3801, +0.3729, +0.3684, +0.3437, +0.3672, +0.3604, +0.3518, +0.3462, +0.3554, +0.3563, +0.3404, +0.3446, +0.3351, +0.3718, +0.3756, +0.3741, +0.3442, +0.3339, +0.3281, +0.3405, +0.3371, +0.3525, +0.3446, +0.3459, +0.3439, +0.3448, +0.3547, +0.3832, +0.3677, +0.3625, +0.3586, +0.3536, +0.3641, +0.3625, +0.3773, +0.3381, +0.3791, +0.3735, +0.3514, +0.3371, +0.3922, +0.3414, +0.3747, +0.3896, +0.3706, +0.3324, +0.3448, +0.3336, +0.3607, +0.3377, +0.3425, +0.3515, +0.3383, +0.3343, +0.3588, +0.3312, +0.3321, +0.3234, +0.3293, +0.3390, +0.3623, +0.3678, +0.3528, +0.3370, +0.3645, +0.3432, +0.3537, +0.3451, +0.3561, +0.3731, +0.3791, +0.3678, +0.3621, +0.3755, +0.3673, +0.3641, +0.3764, +0.3694, +0.3657, +0.3684, +0.3459, +0.3474, +0.3346, +0.3783, +0.3527, +0.3457, +0.3511, +0.3409, +0.3547, +0.3529, +0.3664, +0.3453, +0.3349, +0.3553, +0.3637, +0.3737, +0.3287, +0.3624, +0.3575, +0.3906, +0.3645, +0.3639, +0.3773, +0.3567, +0.3508, +0.3629, +0.3661, +0.3737, +0.3627, +0.3396, +0.3327, +0.3531, +0.3536, +0.3561, +0.3661, +0.3600, +0.3925, +0.3550, +0.3687, +0.3544, +0.3433, +0.3601, +0.3590, +0.3431, +0.3699, +0.3737, +0.3574, +0.3645, +0.3643, +0.3625, +0.3592, +0.3439, +0.3368, +0.3602, +0.3681, +0.3629, +0.3440, +0.3576, +0.3655, +0.3542, +0.3677, +0.3720, +0.3358, +0.3756, +0.3668, +0.3692, +0.3546, +0.3703, +0.3777, +0.3579, +0.3419, +0.3556, +0.3755, +0.3187, +0.3550, +0.3761, +0.3380, +0.3488, +0.3610, +0.3405, +0.3575, +0.3346, +0.3365, +0.3296, +0.3635, +0.3459, +0.3427, +0.3239, +0.3448, +0.3718, +0.3489, +0.3497, +0.3504, +0.3811, +0.3475, +0.3503, +0.3765, +0.3611, +0.3432, +0.3804, +0.3477, +0.3643, +0.3440, +0.3694, +0.3645, +0.3624, +0.3535, +0.3683, +0.3582, +0.3998, +0.3756, +0.3603, +0.3544, +0.3536, +0.3448, +0.3768, +0.3820, +0.3735, +0.3450, +0.3523, +0.3550, +0.3660, +0.3582, +0.3511, +0.3689, +0.3621, +0.3603, +0.3533, +0.3516, +0.3558, +0.3648, +0.3551, +0.3783, +0.3848, +0.3756, +0.3616, +0.3559, +0.3989, +0.3519, +0.3596, +0.3817, +0.3763, +0.3451, +0.3580, +0.3709, +0.3327, +0.3443, +0.3630, +0.3411, +0.3638, +0.3730, +0.3522, +0.3591, +0.3442, +0.3621, +0.3324, +0.3672, +0.3764, +0.3571, +0.3610, +0.3587, +0.3513, +0.3539, +0.3490, +0.3536, +0.3724, +0.3664, +0.3462, +0.3733, +0.3706, +0.3610, +0.3659, +0.3446, +0.3892, +0.3367, +0.3434, +0.3770, +0.3460, +0.3494, +0.3349, +0.3397, +0.3680, +0.3661, +0.3486, +0.3459, +0.3570, +0.3468, +0.3598, +0.3509, +0.3467, +0.3780, +0.3829, +0.3672, +0.3691, +0.3717, +0.3683, +0.3630, +0.3488, +0.3577, +0.3645, +0.3756, +0.3692, +0.3394, +0.3587, +0.3566, +0.3799, +0.3680, +0.3352, +0.3903, +0.3644, +0.3628, +0.3440, +0.3708, +0.3637, +0.3589, +0.3587, +0.3526, +0.3495, +0.3448, +0.3780, +0.3868, +0.3669, +0.3516, +0.3621, +0.3570, +0.3546, +0.3789, +0.3651, +0.3689, +0.3863, +0.3935, +0.3515, +0.3742, +0.3622, +0.3569, +0.3588, +0.3729, +0.3489, +0.3636, +0.3570, +0.3529, +0.3724, +0.3625, +0.3607, +0.3667, +0.3663, +0.3775, +0.3777, +0.4027, +0.3623, +0.3628, +0.3669, +0.3689, +0.3518, +0.3752, +0.3649, +0.3523, +0.3719, +0.3735, +0.3648, +0.3674, +0.3567, +0.3829, +0.3600, +0.3795, +0.3606, +0.3792, +0.3484, +0.3556, +0.3464, +0.3555, +0.3737, +0.3782, +0.3735, +0.3586, +0.3839, +0.3751, +0.3549, +0.3483, +0.3818, +0.3637, +0.3624, +0.3634, +0.3628, +0.3754, +0.3425, +0.3851, +0.3739, +0.3932, +0.3500, +0.3628, +0.3552, +0.3497, +0.3774, +0.3646, +0.3733, +0.3492, +0.3456, +0.3539, +0.3741, +0.3703, +0.3635, +0.3664, +0.3880, +0.3567, +0.3402, +0.3709, +0.3624, +0.3558, +0.3660, +0.3383, +0.3641, +0.3846, +0.3882, +0.3678, +0.3411, +0.3762, +0.3549, +0.3579, +0.3583, +0.3745, +0.3998, +0.3673, +0.3719, +0.3481, +0.3801, +0.3772, +0.3694, +0.3828, +0.3530, +0.3567, +0.3543, +0.3677, +0.3493, +0.3321, +0.3573, +0.3741, +0.3574, +0.3651, +0.3478, +0.3835, +0.3798, +0.3639, +0.3812, +0.3439, +0.3883, +0.3605, +0.3527, +0.3545, +0.3996, +0.3570, +0.3910, +0.3805, +0.3492, +0.3794, +0.3647, +0.3659, +0.3905, +0.3967, +0.3306, +0.3498, +0.3590, +0.3721, +0.3716, +0.3623, +0.3632, +0.3702, +0.3461, +0.3760, +0.3567, +0.3698, +0.3497, +0.3774, +0.3532, +0.3382, +0.3548, +0.3279, +0.3687, +0.3731, +0.3616, +0.3520, +0.3403, +0.3564, +0.3553, +0.3655, +0.3451, +0.3780, +0.3494, +0.3602, +0.3670, +0.3405, +0.3810, +0.3721, +0.3437, +0.3670, +0.3740, +0.3587, +0.3527, +0.3619, +0.3473, +0.3963, +0.3900, +0.3925, +0.3525, +0.3618, +0.3793, +0.3501, +0.3776, +0.3547, +0.3878, +0.3725, +0.3593, +0.3688, +0.3704, +0.3701, +0.3539, +0.3488, +0.3912, +0.3757, +0.3558, +0.3668, +0.3784, +0.3797, +0.3486, +0.3604, +0.3780, +0.3699, +0.3644, +0.3758, +0.3516, +0.3662, +0.3730, +0.3569, +0.3358, +0.3646, +0.3749, +0.3646, +0.3735, +0.3492, +0.3532, +0.3784, +0.3569, +0.3679, +0.3893, +0.3750, +0.3806, +0.3774, +0.3686, +0.3757, +0.3620, +0.3721, +0.3522, +0.3611, +0.3696, +0.3553, +0.3355, +0.3795, +0.3599, +0.3762, +0.3630, +0.3658, +0.3826, +0.3920, +0.3841, +0.3601, +0.3684, +0.3385, +0.3697, +0.3556, +0.3774, +0.3650, +0.3367, +0.3576, +0.3866, +0.3589, +0.3610, +0.3804, +0.3640, +0.3502, +0.3537, +0.3579, +0.3755, +0.3773, +0.4054, +0.3729, +0.3542, +0.3694, +0.3945, +0.3625, +0.3688, +0.3456, +0.3590, +0.3728, +0.3610, +0.3809, +0.3648, +0.3648, +0.3453, +0.3705, +0.3648, +0.3700, +0.3509, +0.3612, +0.3694, +0.3832, +0.3492, +0.3697, +0.3565, +0.3846, +0.3699, +0.3449, +0.3715, +0.3834, +0.3517, +0.3738, +0.3797, +0.3604, +0.3491, +0.3960, +0.3753, +0.3669, +0.3662, +0.3872, +0.3590, +0.3810, +0.3675, +0.3880, +0.3728, +0.4051, +0.3502, +0.3463, +0.3679, +0.3696, +0.3840, +0.3491, +0.3586, +0.3426, +0.3471, +0.3725, +0.3690, +0.3577, +0.3603, +0.3778, +0.3535, +0.3682, +0.3688, +0.3726, +0.3651, +0.3551, +0.3364, +0.3546, +0.3581, +0.3716, +0.3546, +0.3591, +0.3634, +0.3352, +0.3403, +0.3632, +0.3950, +0.3600, +0.3699, +0.3450, +0.3791, +0.3606, +0.3731, +0.3600, +0.3877, +0.3442, +0.3572, +0.3563, +0.3753, +0.3789, +0.3625, +0.3875, +0.3489, +0.3695, +0.3629, +0.3599, +0.3838, +0.3569, +0.3787, +0.3696, +0.3601, +0.3340, +0.3461, +0.3734, +0.3511, +0.3623, +0.3451, +0.3686, +0.3515, +0.3595, +0.3711, +0.3590, +0.3735, +0.3386, +0.3557, +0.3555, +0.3989, +0.3498, +0.3542, +0.3794, +0.3794, +0.3485, +0.3358, +0.3732, +0.3423, +0.3941, +0.3511, +0.3650, +0.3574, +0.3315, +0.3480, +0.3961, +0.3508, +0.3184, +0.3758, +0.3694, +0.3739, +0.3636, +0.3572, +0.3605, +0.3604, +0.3599, +0.3737, +0.3638, +0.3291, +0.3791, +0.3952, +0.3592, +0.3599, +0.3714, +0.3419, +0.3463, +0.3618, +0.3873, +0.3452, +0.3506, +0.3534, +0.4170, +0.3575, +0.3518, +0.3600, +0.3900, +0.3803, +0.3835, +0.3468, +0.3657, +0.3339, +0.3564, +0.3631, +0.3804, +0.3772, +0.3784, +0.3785, +0.3790, +0.3660, +0.3692, +0.3673, +0.3691, +0.3810, +0.3689, +0.3700, +0.3563, +0.3352, +0.3471, +0.3405, +0.3571, +0.3810, +0.3401, +0.3533, +0.3507, +0.3638, +0.3652, +0.3541, +0.3461, +0.3851, +0.3885, +0.3573, +0.3812, +0.3714, +0.3733, +0.3501, +0.3585, +0.3636, +0.3567, +0.3585, +0.3812, +0.3535, +0.3505, +0.3677, +0.3408, +0.3452, +0.3379, +0.3813, +0.3625, +0.3392, +0.3863, +0.3394, +0.3616, +0.3662, +0.3562, +0.3471, +0.3757, +0.3810, +0.3461, +0.3708, +0.3471, +0.3434, +0.3735, +0.3753, +0.3775]
       t0_msg_m1: [+0.3626, +0.3084, +0.3277, +0.3250, +0.3583, +0.3316, +0.3327, +0.3524, +0.3730, +0.3182, +0.3240, +0.3550, +0.3422, +0.3257, +0.3737, +0.3842, +0.3423, +0.3362, +0.3380, +0.3719, +0.3636, +0.3489, +0.4266, +0.4070, +0.3813, +0.3726, +0.3569, +0.4007, +0.3763, +0.3765, +0.4190, +0.4368, +0.4238, +0.4413, +0.4372, +0.4718, +0.4634, +0.4685, +0.4316, +0.4078, +0.4475, +0.4056, +0.4560, +0.4462, +0.5018, +0.4363, +0.4275, +0.4553, +0.4956, +0.4366, +0.4596, +0.4746, +0.4541, +0.4538, +0.4353, +0.4991, +0.5209, +0.4877, +0.5225, +0.5453, +0.5203, +0.5412, +0.5657, +0.5439, +0.5879, +0.6355, +0.6103, +0.6172, +0.6051, +0.6254, +0.6171, +0.6492, +0.6645, +0.6232, +0.6694, +0.6610, +0.6362, +0.6749, +0.6375, +0.6527, +0.6645, +0.6667, +0.6236, +0.6067, +0.6725, +0.6289, +0.6414, +0.6213, +0.5818, +0.5748, +0.6068, +0.5674, +0.5900, +0.5580, +0.5900, +0.5645, +0.5407, +0.5491, +0.5477, +0.5740, +0.5206, +0.5403, +0.6096, +0.5869, +0.5732, +0.5453, +0.5775, +0.5207, +0.5090, +0.5596, +0.5350, +0.5345, +0.5406, +0.5607, +0.5640, +0.5601, +0.5327, +0.6125, +0.5167, +0.5512, +0.5304, +0.5523, +0.5660, +0.5633, +0.5553, +0.5941, +0.5463, +0.5075, +0.5498, +0.5459, +0.5722, +0.5713, +0.5836, +0.5842, +0.5803, +0.5910, +0.6050, +0.5980, +0.5985, +0.5987, +0.5767, +0.6250, +0.5909, +0.6058, +0.5810, +0.5738, +0.5973, +0.6058, +0.5847, +0.6004, +0.6187, +0.5677, +0.6166, +0.5843, +0.5841, +0.5808, +0.6063, +0.6127, +0.6305, +0.5967, +0.6190, +0.6056, +0.6023, +0.5903, +0.5968, +0.6158, +0.6045, +0.5843, +0.6323, +0.5928, +0.5988, +0.5909, +0.6240, +0.5984, +0.5808, +0.5964, +0.5923, +0.6265, +0.6354, +0.6337, +0.6220, +0.6101, +0.6250, +0.5915, +0.5963, +0.6460, +0.5906, +0.5996, +0.5845, +0.5906, +0.6070, +0.6306, +0.6068, +0.6182, +0.5951, +0.6184, +0.6398, +0.6337, +0.6008, +0.6043, +0.6397, +0.6270, +0.5952, +0.6153, +0.5982, +0.6204, +0.6396, +0.6209, +0.5976, +0.5830, +0.6300, +0.6227, +0.6185, +0.5982, +0.6114, +0.6124, +0.5998, +0.6085, +0.6106, +0.5897, +0.6084, +0.6101, +0.6136, +0.6002, +0.6165, +0.6038, +0.6243, +0.5916, +0.6063, +0.6486, +0.6163, +0.6240, +0.6248, +0.5976, +0.6197, +0.5923, +0.6039, +0.5784, +0.5876, +0.6095, +0.6431, +0.6176, +0.5898, +0.6214, +0.6079, +0.6184, +0.6165, +0.6238, +0.6317, +0.6350, +0.6140, +0.6384, +0.5859, +0.6135, +0.6174, +0.6375, +0.6047, +0.6190, +0.6179, +0.5916, +0.6321, +0.5965, +0.6400, +0.5784, +0.5809, +0.5799, +0.5916, +0.6259, +0.5855, +0.5749, +0.5755, +0.5759, +0.6250, +0.5831, +0.6033, +0.6302, +0.6203, +0.5856, +0.5758, +0.6123, +0.6024, +0.6107, +0.5908, +0.5837, +0.6065, +0.6128, +0.6137, +0.6036, +0.5678, +0.5986, +0.5763, +0.6020, +0.5842, +0.5745, +0.6362, +0.6024, +0.5998, +0.6070, +0.5638, +0.5698, +0.5746, +0.6119, +0.6054, +0.6080, +0.6058, +0.5854, +0.5968, +0.6083, +0.6086, +0.5941, +0.5934, +0.5918, +0.6016, +0.6067, +0.6049, +0.6039, +0.6084, +0.5958, +0.5945, +0.5975, +0.5994, +0.6403, +0.5988, +0.6008, +0.6033, +0.5958, +0.6054, +0.6044, +0.5653, +0.5834, +0.6094, +0.5982, +0.5888, +0.6010, +0.6028, +0.6010, +0.5676, +0.6018, +0.5794, +0.5773, +0.6206, +0.5828, +0.6233, +0.5852, +0.5875, +0.5976, +0.6216, +0.6046, +0.5928, +0.5734, +0.6056, +0.6098, +0.5585, +0.5950, +0.5809, +0.6164, +0.5743, +0.5710, +0.5844, +0.5750, +0.6074, +0.6095, +0.6293, +0.5621, +0.5836, +0.6233, +0.5811, +0.6022, +0.6061, +0.6054, +0.6027, +0.5716, +0.5888, +0.6252, +0.5765, +0.5952, +0.5745, +0.5969, +0.5920, +0.6026, +0.5935, +0.5841, +0.5866, +0.6138, +0.6144, +0.5817, +0.5799, +0.5858, +0.6044, +0.5962, +0.5892, +0.6069, +0.5921, +0.5875, +0.5658, +0.5827, +0.5693, +0.5980, +0.5647, +0.5990, +0.6149, +0.5912, +0.5998, +0.5977, +0.6101, +0.5883, +0.5953, +0.6152, +0.5938, +0.5783, +0.5871, +0.5938, +0.5634, +0.6244, +0.5815, +0.6106, +0.5811, +0.5724, +0.5717, +0.5843, +0.5860, +0.5873, +0.5996, +0.6025, +0.6037, +0.5844, +0.6028, +0.5987, +0.5950, +0.5992, +0.6040, +0.6239, +0.5986, +0.5974, +0.6004, +0.6239, +0.6047, +0.5818, +0.5894, +0.6032, +0.6482, +0.6271, +0.5975, +0.6177, +0.6058, +0.6318, +0.6280, +0.6097, +0.6592, +0.6052, +0.6160, +0.6222, +0.6124, +0.6257, +0.6045, +0.6054, +0.6093, +0.6077, +0.5832, +0.6021, +0.6107, +0.6163, +0.6420, +0.6089, +0.6166, +0.6000, +0.6144, +0.6170, +0.6260, +0.6316, +0.6309, +0.6119, +0.6237, +0.6131, +0.6079, +0.6362, +0.6020, +0.5930, +0.6121, +0.6033, +0.6107, +0.6390, +0.6089, +0.6406, +0.6264, +0.6203, +0.6328, +0.6184, +0.6233, +0.6262, +0.6383, +0.6031, +0.6246, +0.6195, +0.6043, +0.6134, +0.6124, +0.6121, +0.5886, +0.6197, +0.6291, +0.6265, +0.6217, +0.6012, +0.6075, +0.6147, +0.6191, +0.6566, +0.6358, +0.5951, +0.6383, +0.6289, +0.6207, +0.6371, +0.6202, +0.6206, +0.6237, +0.6207, +0.6477, +0.6679, +0.6202, +0.6110, +0.5940, +0.6020, +0.6272, +0.6316, +0.5846, +0.6132, +0.6436, +0.6289, +0.6547, +0.6149, +0.6226, +0.6679, +0.6351, +0.6437, +0.6487, +0.6236, +0.6010, +0.6130, +0.6164, +0.5888, +0.6331, +0.6175, +0.6358, +0.6343, +0.6159, +0.6115, +0.6325, +0.6126, +0.6362, +0.6332, +0.6364, +0.6201, +0.6306, +0.6374, +0.6441, +0.6302, +0.6578, +0.6333, +0.6250, +0.6322, +0.6376, +0.6476, +0.6413, +0.6429, +0.6430, +0.6567, +0.6418, +0.6102, +0.6055, +0.6192, +0.6064, +0.6353, +0.6097, +0.6140, +0.6206, +0.5968, +0.6090, +0.6435, +0.6180, +0.6197, +0.6163, +0.5992, +0.6201, +0.6151, +0.6251, +0.6215, +0.6032, +0.6373, +0.6104, +0.6077, +0.6137, +0.6381, +0.5971, +0.6341, +0.6171, +0.6307, +0.5899, +0.6040, +0.6132, +0.6166, +0.6367, +0.6270, +0.6062, +0.6290, +0.6044, +0.6031, +0.6370, +0.6098, +0.6238, +0.5902, +0.6073, +0.6040, +0.6086, +0.6153, +0.6244, +0.6223, +0.6117, +0.6384, +0.6160, +0.5971, +0.6000, +0.5850, +0.6025, +0.6264, +0.6366, +0.5856, +0.6298, +0.6066, +0.6328, +0.6190, +0.6208, +0.6309, +0.6325, +0.6264, +0.6098, +0.6212, +0.6028, +0.6172, +0.6070, +0.6239, +0.6199, +0.6028, +0.5890, +0.5939, +0.6278, +0.6074, +0.6214, +0.6136, +0.5998, +0.5979, +0.6024, +0.6032, +0.6282, +0.6256, +0.6053, +0.5836, +0.6054, +0.6156, +0.6482, +0.6378, +0.5904, +0.6322, +0.6124, +0.5958, +0.6023, +0.5921, +0.6533, +0.5502, +0.5940, +0.6172, +0.6009, +0.5840, +0.6126, +0.5944, +0.5914, +0.6277, +0.6155, +0.6291, +0.6097, +0.6292, +0.6102, +0.6263, +0.6452, +0.6235, +0.6291, +0.6257, +0.6413, +0.6092, +0.6261, +0.5960, +0.6449, +0.5802, +0.6414, +0.6365, +0.6305, +0.6431, +0.6401, +0.5827, +0.6189, +0.6170, +0.5861, +0.6263, +0.6009, +0.5877, +0.6075, +0.5949, +0.6110, +0.6332, +0.6196, +0.6176, +0.6032, +0.6288, +0.6221, +0.6343, +0.6224, +0.5988, +0.6308, +0.6355, +0.5882, +0.6042, +0.5915, +0.6050, +0.6368, +0.6110, +0.6195, +0.6133, +0.6057, +0.6097, +0.6277, +0.5949, +0.6178, +0.6258, +0.6088, +0.6181, +0.6060, +0.5994, +0.6057, +0.6258, +0.6274, +0.5953, +0.6127, +0.6087, +0.6063, +0.6241, +0.6112, +0.6088, +0.6015, +0.6165, +0.6187, +0.6041, +0.6154, +0.6089, +0.6041, +0.6110, +0.6124, +0.6137, +0.5891, +0.5937, +0.5811, +0.5938, +0.6033, +0.5935, +0.5951, +0.5819, +0.6039, +0.5916, +0.5915, +0.5927, +0.5753, +0.5867, +0.6007, +0.5666, +0.5667, +0.5839, +0.6062, +0.6015, +0.6147, +0.6009, +0.6042, +0.5881, +0.5845, +0.6053, +0.6045, +0.6185, +0.5916, +0.6092, +0.6030, +0.6259, +0.6208, +0.6205, +0.6250, +0.6155, +0.6141, +0.6139, +0.5926, +0.6221, +0.6118, +0.6114, +0.6077, +0.5986, +0.5954, +0.6087, +0.6084, +0.6233, +0.6064, +0.6093, +0.6120, +0.6244, +0.6129, +0.6176, +0.6031, +0.6030, +0.6348, +0.6211, +0.5992, +0.6059, +0.6187, +0.6368, +0.6095, +0.6434, +0.6096, +0.6176, +0.6008, +0.5940, +0.5824, +0.6480, +0.6124, +0.6205, +0.5979, +0.5902, +0.6009, +0.5954, +0.6141, +0.5826, +0.5716, +0.5898, +0.5665, +0.5817, +0.5806, +0.5788, +0.6055, +0.5770, +0.5937, +0.5891, +0.5896, +0.5915, +0.6059, +0.5914, +0.5979, +0.5788, +0.6037, +0.5866, +0.6149, +0.6072, +0.5987, +0.6246, +0.5822, +0.6101, +0.6073, +0.6064, +0.5946, +0.6252, +0.6245, +0.5842, +0.5966, +0.5866, +0.6041, +0.5881, +0.6142, +0.5858, +0.6114, +0.5996, +0.6126, +0.6075, +0.6034, +0.5955, +0.5771, +0.6034, +0.6134, +0.6028, +0.5994, +0.6161, +0.6285, +0.6030, +0.5800, +0.5998, +0.5799, +0.6008, +0.6187, +0.5747, +0.6146, +0.5939, +0.6186, +0.6400, +0.6093, +0.6088, +0.6110, +0.6138, +0.6401, +0.6030, +0.6224, +0.5621, +0.5894, +0.5897, +0.6314, +0.5925, +0.6225, +0.6178, +0.6098, +0.5853, +0.5990, +0.6141, +0.6036, +0.6079, +0.6380, +0.5867, +0.6238, +0.6042, +0.6170, +0.6033, +0.6025, +0.6261, +0.5979, +0.6228, +0.6060, +0.6002, +0.5721, +0.5868, +0.5943, +0.6090, +0.6347, +0.6192, +0.5932, +0.6256, +0.6249, +0.6232, +0.6153, +0.6023, +0.5800, +0.6205, +0.6168, +0.6063, +0.6313, +0.6260, +0.6207, +0.6278, +0.6023, +0.6259, +0.6388, +0.6199, +0.5944, +0.6167, +0.6297, +0.6017, +0.6169, +0.6051, +0.5900, +0.5882, +0.5928, +0.6140, +0.6206, +0.6199, +0.5643, +0.6128, +0.6240, +0.6205, +0.5821, +0.6019, +0.6180, +0.6017, +0.6269, +0.5921, +0.6192, +0.5979, +0.6103, +0.5962, +0.6356, +0.6314, +0.6080, +0.5983, +0.6160, +0.5740, +0.6151, +0.6073, +0.6212, +0.5854, +0.5916, +0.6090, +0.6067, +0.5897, +0.6116, +0.6358, +0.6236, +0.6248, +0.5808, +0.6252, +0.6267, +0.6159, +0.5803, +0.6057, +0.6353, +0.6213, +0.5927, +0.6106, +0.6306, +0.6175, +0.6270, +0.5923, +0.6014, +0.6037, +0.6215, +0.5847, +0.6092, +0.5977, +0.5944, +0.6216, +0.6277, +0.5971, +0.6164, +0.6192, +0.6047, +0.6183, +0.5910, +0.6221, +0.6129, +0.6149, +0.6101, +0.6036, +0.6074, +0.6395, +0.6165, +0.6024, +0.6040, +0.6287, +0.6100, +0.6204, +0.6099, +0.6213, +0.6170, +0.5859, +0.5831, +0.6036, +0.6235, +0.6344, +0.5822, +0.5894, +0.6079, +0.6212, +0.6266, +0.6363, +0.6134, +0.6176, +0.6122, +0.6293, +0.6064, +0.6158, +0.6032, +0.6199, +0.5990, +0.6293, +0.6036, +0.6322, +0.6227, +0.6211, +0.6024, +0.6181, +0.6155, +0.6116, +0.6435, +0.6288, +0.6114, +0.6530, +0.6230, +0.6053, +0.6158, +0.6240, +0.6110, +0.6161, +0.6244, +0.5796, +0.6166, +0.6087, +0.6072, +0.6092, +0.6059, +0.6104, +0.6180, +0.5817, +0.6010, +0.6034, +0.6113, +0.5833, +0.6075, +0.6144, +0.6078, +0.6057, +0.6204, +0.6174, +0.5911, +0.5916, +0.6198, +0.6139, +0.6263, +0.5970, +0.6035, +0.6098, +0.6296, +0.5844, +0.6114, +0.6317, +0.6050, +0.5963, +0.6147, +0.5987, +0.6322, +0.6326, +0.6130, +0.5915, +0.6194, +0.6243, +0.6268, +0.5897, +0.6029, +0.6122, +0.6246, +0.6202, +0.6057, +0.6417, +0.6216, +0.6059, +0.6239, +0.6290, +0.6078, +0.6575, +0.6127, +0.6123, +0.5958, +0.6286, +0.6499, +0.6203, +0.6254, +0.6066, +0.6274, +0.5918, +0.6342, +0.5902, +0.6065, +0.5947, +0.6123, +0.6226, +0.6098, +0.6040, +0.5988, +0.6560, +0.6148, +0.6197, +0.5953, +0.6222, +0.5935, +0.6124, +0.6334, +0.6127, +0.6156, +0.6152, +0.6385, +0.6168, +0.6077, +0.6197, +0.6387, +0.6347, +0.6331, +0.6073, +0.6109, +0.6230, +0.6045, +0.6392, +0.6143, +0.6107, +0.6079, +0.6187, +0.6111, +0.6084, +0.6119, +0.6115, +0.5989, +0.5743, +0.6206, +0.6324, +0.6411, +0.5977, +0.6295, +0.6346, +0.6079, +0.5847, +0.6347, +0.6329, +0.6280, +0.6128, +0.6330, +0.6240, +0.6527, +0.6423, +0.6362, +0.6484, +0.6277, +0.6216, +0.6405, +0.6347, +0.6211, +0.6357, +0.6303, +0.6353, +0.6172, +0.6059, +0.6370, +0.6517, +0.6271, +0.6204, +0.6306, +0.6017, +0.6314, +0.6006, +0.6212, +0.6186, +0.6213, +0.6157, +0.6350, +0.6075, +0.6178, +0.5990, +0.6285, +0.6232, +0.6375, +0.5965, +0.6089, +0.6256, +0.6246, +0.6147, +0.6352, +0.6245, +0.6021, +0.6180, +0.6164, +0.6263, +0.6038, +0.6035, +0.5958, +0.6025, +0.6175, +0.6045, +0.6404, +0.6087, +0.6262, +0.6214, +0.6049, +0.6410, +0.6031, +0.6466, +0.6193, +0.6196, +0.5793, +0.6245, +0.6502, +0.6392, +0.6144, +0.6219, +0.6103, +0.6235, +0.6223, +0.6174, +0.6312, +0.6306, +0.6018, +0.6327, +0.6155, +0.6209, +0.6214, +0.6407, +0.6191, +0.6155, +0.6135, +0.6330, +0.6237, +0.6309, +0.6393, +0.6325, +0.5996, +0.6340, +0.6155, +0.6453, +0.6434, +0.6095, +0.6175, +0.6196, +0.6180, +0.6139, +0.6400, +0.6151, +0.6553, +0.6297, +0.5920, +0.6075, +0.5988, +0.6091, +0.6025, +0.6056, +0.5954, +0.6228, +0.5975, +0.6139, +0.5853, +0.6299, +0.5972, +0.6204, +0.6049, +0.6130, +0.6210, +0.6248, +0.6062, +0.6520, +0.6486, +0.6396, +0.6176, +0.6140, +0.5991, +0.6258, +0.6152, +0.6011, +0.6461, +0.6059, +0.6042, +0.6096, +0.6099, +0.5972, +0.6093, +0.6100, +0.6086, +0.6445, +0.6312, +0.5795, +0.6023, +0.6134, +0.5921, +0.6183, +0.6219, +0.6255, +0.6353, +0.6177, +0.6044, +0.6349, +0.6137, +0.6116, +0.5973, +0.6193, +0.5925, +0.6202, +0.6283, +0.6130, +0.5789, +0.5927, +0.6122, +0.5900, +0.6229, +0.6029, +0.6106, +0.5988, +0.6223, +0.6516, +0.6152, +0.6105, +0.6082, +0.6231, +0.5847, +0.5985, +0.6288, +0.6140, +0.5773, +0.6193, +0.6262, +0.6097, +0.6104, +0.6263, +0.6202, +0.6234, +0.5808, +0.6110, +0.5903, +0.6023, +0.6334, +0.6039, +0.6052, +0.5981, +0.5988, +0.6058, +0.6131, +0.6284, +0.6201, +0.6096, +0.6028, +0.5970, +0.5968, +0.5991, +0.5906, +0.5992, +0.5782, +0.6108, +0.5988, +0.6183, +0.5964, +0.6060, +0.6299, +0.6024, +0.6223, +0.6089, +0.6242, +0.5898, +0.6346, +0.6015, +0.6227, +0.6137, +0.6289, +0.5988, +0.6023, +0.5921, +0.6294, +0.6124, +0.6181, +0.6047, +0.6006, +0.5811, +0.6077, +0.6058, +0.6180, +0.6073, +0.6331, +0.5987, +0.6421, +0.5787, +0.6135, +0.6214, +0.5968, +0.6226, +0.6074, +0.5894, +0.6264, +0.5885, +0.6091, +0.6153, +0.5760, +0.6175, +0.6070, +0.6063, +0.5979, +0.5937, +0.6294, +0.6006, +0.6086, +0.5814, +0.5862, +0.6126, +0.6073, +0.6079, +0.6125, +0.6103, +0.6200, +0.5779, +0.5938, +0.5716, +0.5898, +0.5871, +0.5795, +0.6286, +0.6007, +0.5802, +0.5849, +0.5901, +0.5991, +0.6301, +0.6167, +0.6227, +0.5613, +0.5930, +0.6220, +0.6182, +0.6086, +0.6287, +0.6128, +0.5873, +0.6203, +0.6182, +0.6422, +0.6238, +0.6351, +0.6034, +0.6006, +0.5996, +0.6161, +0.6258, +0.6329, +0.5954, +0.6136, +0.6044, +0.6189, +0.6160, +0.6089, +0.6125, +0.6133, +0.6378, +0.6198, +0.6146, +0.6072, +0.5743, +0.6157, +0.6151, +0.6342, +0.6078, +0.6090, +0.6062, +0.5888, +0.6123, +0.6118, +0.5787, +0.6352, +0.6084, +0.6242, +0.6121, +0.6149, +0.5814, +0.5870, +0.6554, +0.6107, +0.5786, +0.5985, +0.6123, +0.6309, +0.5800, +0.6067, +0.6227, +0.6161, +0.6323, +0.5910, +0.6071, +0.6034, +0.6130, +0.6093, +0.6416, +0.6066, +0.6335, +0.6181, +0.6243, +0.6073, +0.6262, +0.6189, +0.6300, +0.6303, +0.6170, +0.6312, +0.6190, +0.6065, +0.6186, +0.6209, +0.6164, +0.6093, +0.5941, +0.5836, +0.6018, +0.6104, +0.6447, +0.6213, +0.6188, +0.6077, +0.6211, +0.5976, +0.6054, +0.5778, +0.6006, +0.6363, +0.6066, +0.6427, +0.6045, +0.6346, +0.6327, +0.5875, +0.6218, +0.6248, +0.6071, +0.6077, +0.6155, +0.6257, +0.6248, +0.6206, +0.6127, +0.6124, +0.6302, +0.6146, +0.5938, +0.6213, +0.6061, +0.6134, +0.5911, +0.6147, +0.6068, +0.6149, +0.5978, +0.6157, +0.6013, +0.6106, +0.6105, +0.6309, +0.6120, +0.6375, +0.6136, +0.5964, +0.6331, +0.6319, +0.6197, +0.6583, +0.6241, +0.6018, +0.6243, +0.6177, +0.6358, +0.6161, +0.6161, +0.6290, +0.6033, +0.6246, +0.6338, +0.5962, +0.6299, +0.6394, +0.6226, +0.6175, +0.6244, +0.6208, +0.6109, +0.6518, +0.6157, +0.6410, +0.6446, +0.6007, +0.5945, +0.6052, +0.6162, +0.6175, +0.6340, +0.5929, +0.6063, +0.6084, +0.6281, +0.6083, +0.6172, +0.6223, +0.6331, +0.6035, +0.6153, +0.6385, +0.6114, +0.6377, +0.6000, +0.6006, +0.5968, +0.6315, +0.6532, +0.6347, +0.6314, +0.6403, +0.6226, +0.6189, +0.6347, +0.6290, +0.6300, +0.6145, +0.5897, +0.6063, +0.6013, +0.6137, +0.6155, +0.6065, +0.6032, +0.6013, +0.6288, +0.5783, +0.5968, +0.6229, +0.6301, +0.5798, +0.6244, +0.6033, +0.5769, +0.5970, +0.6351, +0.6227, +0.6442, +0.6159, +0.6213, +0.6319, +0.6241, +0.6386, +0.6343, +0.6055, +0.6280, +0.6243, +0.6305, +0.6337, +0.6234, +0.6022, +0.6024, +0.6209, +0.6363, +0.6088, +0.6216, +0.6000, +0.6263, +0.6224, +0.5926, +0.5918, +0.6026, +0.6038, +0.6011, +0.6070, +0.6044, +0.6013, +0.5977, +0.5971, +0.5972, +0.6164, +0.6160, +0.6307, +0.5936, +0.6159, +0.6236, +0.6094, +0.6363, +0.6082, +0.6195, +0.5921, +0.6242, +0.6288, +0.6032, +0.6074, +0.5949, +0.6342, +0.5962, +0.6085, +0.5726, +0.6154, +0.5926, +0.5916, +0.6022, +0.6179, +0.6072, +0.6099, +0.5994, +0.6085, +0.6315, +0.6358, +0.6172, +0.6039, +0.6144, +0.5979, +0.6065, +0.5832, +0.6048, +0.5979, +0.6121, +0.6214, +0.6020, +0.6021, +0.6265, +0.5978, +0.5846, +0.6204, +0.6131, +0.6050, +0.6102, +0.6131, +0.6290, +0.6330, +0.6139, +0.6038, +0.6030, +0.6259, +0.6194, +0.5914, +0.6174, +0.5947, +0.5826, +0.6382, +0.5900, +0.6023, +0.6009, +0.6069, +0.5900, +0.5935, +0.6131, +0.6307, +0.6040, +0.5941, +0.6393, +0.6083, +0.5847, +0.6256, +0.6200, +0.6030, +0.6344, +0.6009, +0.6367, +0.6307, +0.6254, +0.6048, +0.6136, +0.6236, +0.6241, +0.6152, +0.5934, +0.6166, +0.6096, +0.6151, +0.5843, +0.6083, +0.6158, +0.5701, +0.6040, +0.6177, +0.5791, +0.6019, +0.5887, +0.6230, +0.5912, +0.5868, +0.6009, +0.6087, +0.5886, +0.6073, +0.5522, +0.5750, +0.5970, +0.6065, +0.6077, +0.6180, +0.5798, +0.5777, +0.5876, +0.6066, +0.5961, +0.6033, +0.6035, +0.5947, +0.6153, +0.5908, +0.5957, +0.5942, +0.5904, +0.6039, +0.6011, +0.5860, +0.5966, +0.5868, +0.5795, +0.5732, +0.5806, +0.6002, +0.5655, +0.6079, +0.5811, +0.5931, +0.5792, +0.6082, +0.5942, +0.5797, +0.6251, +0.6132, +0.5856, +0.6087, +0.5978, +0.5910, +0.6026, +0.5918, +0.5994, +0.5830, +0.6244, +0.5882, +0.5721, +0.5820, +0.5900, +0.5874, +0.6051, +0.5919, +0.6023, +0.6041, +0.5966, +0.5914, +0.5976, +0.5794, +0.5804, +0.5862, +0.5935, +0.6096, +0.5717, +0.6218, +0.6183, +0.5957, +0.6140, +0.5959, +0.6257, +0.6236, +0.5883, +0.5931, +0.6110, +0.6165, +0.5953, +0.6148, +0.5916, +0.6009, +0.5892, +0.5893, +0.5874, +0.5941, +0.5883, +0.5799, +0.5933, +0.6060, +0.6074, +0.6000, +0.5939, +0.5918, +0.5949, +0.6102, +0.5996, +0.6150, +0.5829, +0.6009, +0.6262, +0.5826, +0.6052, +0.5972, +0.6156, +0.5978, +0.6065, +0.5960, +0.5967, +0.5996, +0.6084, +0.6207, +0.5854, +0.5862, +0.5994, +0.6150, +0.5987, +0.6056, +0.6023, +0.5809, +0.6028, +0.6011, +0.5742, +0.5710, +0.6172, +0.5831, +0.5991, +0.5936, +0.6085, +0.5835, +0.6175, +0.6109, +0.5950, +0.6181, +0.5978, +0.6114, +0.5932, +0.5983, +0.5967, +0.5925, +0.6009, +0.5662, +0.6005, +0.5930, +0.6002, +0.5984, +0.6177, +0.5899, +0.5998, +0.6145, +0.5987, +0.5966, +0.6074, +0.6004, +0.6013, +0.5840, +0.6084, +0.5924, +0.6115, +0.5859, +0.6192, +0.6156, +0.6144, +0.6066, +0.5930, +0.5780, +0.5913, +0.6137, +0.5768, +0.5926, +0.6047, +0.6121, +0.5857, +0.5930, +0.5950, +0.5989, +0.5972, +0.6041, +0.6219, +0.5735, +0.5862, +0.5693, +0.6167, +0.6059, +0.6102, +0.6087, +0.5803, +0.5937, +0.5831, +0.6088, +0.6029, +0.6101, +0.5849, +0.5903, +0.5974, +0.5941, +0.5741, +0.6101, +0.6151, +0.5894, +0.6058, +0.6201, +0.5901, +0.6174, +0.5987, +0.5842, +0.5750, +0.5995, +0.6283, +0.5947, +0.6077, +0.6035, +0.6057, +0.5849, +0.5569, +0.5850, +0.5904, +0.6123, +0.5770, +0.5922, +0.5852, +0.5710, +0.6092, +0.6101, +0.6064, +0.5862, +0.6130, +0.6265, +0.6144, +0.5865, +0.6093, +0.6013, +0.6144, +0.5850, +0.5915, +0.5917, +0.5856, +0.6178, +0.5834, +0.6075, +0.6082, +0.6042, +0.5643, +0.6032, +0.5688, +0.5848, +0.6049, +0.5751, +0.5859, +0.5976, +0.5712, +0.5695, +0.6440, +0.6056, +0.6011, +0.5851, +0.5963, +0.6029, +0.6130, +0.5850, +0.6201, +0.5887, +0.5980, +0.5879, +0.6113, +0.5809, +0.6081, +0.6234, +0.6111, +0.6377, +0.6002, +0.5866, +0.6009, +0.6057, +0.6187, +0.6159, +0.6002, +0.5978, +0.6123, +0.5844, +0.6080, +0.5981, +0.5996, +0.6195, +0.5807, +0.6000, +0.6097, +0.5904, +0.5833, +0.5996, +0.6169, +0.5998, +0.6124, +0.5763, +0.5682, +0.5737, +0.6105, +0.6097, +0.5843, +0.6099, +0.5866, +0.6095, +0.5688, +0.6035, +0.6007, +0.5896, +0.5944, +0.6026, +0.6083, +0.6094, +0.5649, +0.5953, +0.6184, +0.5905, +0.5887, +0.5777, +0.6112, +0.6055, +0.5862, +0.5964, +0.5996, +0.5903, +0.6093, +0.5978, +0.5916, +0.6114, +0.6268, +0.6002, +0.6020, +0.5930, +0.5898, +0.6041, +0.6106, +0.5926, +0.6099, +0.6052, +0.5789, +0.5870, +0.5833, +0.5993, +0.6020, +0.5948, +0.6009, +0.5900, +0.6259, +0.6115, +0.5899, +0.6136, +0.6240, +0.5873, +0.5993, +0.5850, +0.6031, +0.6011, +0.5929, +0.5744, +0.5903, +0.6054, +0.5962, +0.6223, +0.5933, +0.6104, +0.5837, +0.6031, +0.6282, +0.6009, +0.5803, +0.6115, +0.6020, +0.5820, +0.5993, +0.6149, +0.6111, +0.5996, +0.5876, +0.5836, +0.5631, +0.5868, +0.6072, +0.5915, +0.5733, +0.6011, +0.5985, +0.6233, +0.5996, +0.5915, +0.6035, +0.5833, +0.6031, +0.6049, +0.6262, +0.5917, +0.5991, +0.5852, +0.6177, +0.6026, +0.5912, +0.5845, +0.6150, +0.5952, +0.6054, +0.5852, +0.5911, +0.6231, +0.6006, +0.5732, +0.6026, +0.5939, +0.5886, +0.5995, +0.6026, +0.5654, +0.5904, +0.6048, +0.5994, +0.5675, +0.6002, +0.5889, +0.5965, +0.5842, +0.5948, +0.5692, +0.6057, +0.6228, +0.5948, +0.6006, +0.5669, +0.6098, +0.6070, +0.6240, +0.6218, +0.5915, +0.5876, +0.6100, +0.5885, +0.5915, +0.6061, +0.5907, +0.5917, +0.5938, +0.6035, +0.6039, +0.6320, +0.6098, +0.6026, +0.6018, +0.6102, +0.6123, +0.5934, +0.6253, +0.6181, +0.6014, +0.5668, +0.6084, +0.5892, +0.6239, +0.5808, +0.6069, +0.5967, +0.5960, +0.5820, +0.6175, +0.6041, +0.6054, +0.5893, +0.5931, +0.6152, +0.5781, +0.6134, +0.5993, +0.6088, +0.6030, +0.5831, +0.6152, +0.5889, +0.5891, +0.5993, +0.6252, +0.6258, +0.5908, +0.6176, +0.6060, +0.6179, +0.6034, +0.6056, +0.6128, +0.5918, +0.6122, +0.5885, +0.6172, +0.6020, +0.6069, +0.5651, +0.6137, +0.6136, +0.5890, +0.5914, +0.6108, +0.6313, +0.5901, +0.6214, +0.5681, +0.6214, +0.6037, +0.6069, +0.6308, +0.6183, +0.5688, +0.6197, +0.6405, +0.5919, +0.5987, +0.5923, +0.5996, +0.6116, +0.5941, +0.6000, +0.6058, +0.5968, +0.6117, +0.6310, +0.5903, +0.5718, +0.5993, +0.6044, +0.5889, +0.6213, +0.6256, +0.6061, +0.5717, +0.6275, +0.6144, +0.6022, +0.5538, +0.6104, +0.6173, +0.6031, +0.5799, +0.5881, +0.5890, +0.6203, +0.5944, +0.6294, +0.6052, +0.6106, +0.5860, +0.5973, +0.5866, +0.5856, +0.5851, +0.6038, +0.5925, +0.5987, +0.5906, +0.5813, +0.5860, +0.5955, +0.6093, +0.6291, +0.6214, +0.6279, +0.5989, +0.5987, +0.6238, +0.6223, +0.6145, +0.5956, +0.5904, +0.6030, +0.6194, +0.5836, +0.5850, +0.6113, +0.5815, +0.5899, +0.5935, +0.6114, +0.6032, +0.6009, +0.6083, +0.6087, +0.5838, +0.6062, +0.6063, +0.5953, +0.6202, +0.6111, +0.6152, +0.5836, +0.5984, +0.6212, +0.5831, +0.6276, +0.6011, +0.6006, +0.6087, +0.6190, +0.5902, +0.5941, +0.6192, +0.5895, +0.6142, +0.6200, +0.5811, +0.5893, +0.5764]
[main] saved params (seed 0) -> /juice6/u/jshe/emergent_partner_grid/dev/train_logs/stage_b_z1.0_seed1_20260924_134017.safetensors
[eval] val: layouts_dir=/juice6/u/jshe/emergent_partner_grid/dev/grids/layouts/val × 32 trials/layout...
[eval] val: n_layouts=45  mean_success=0.160  mean_return=+0.021  mean_length=14.0
[eval] test: layouts_dir=/juice6/u/jshe/emergent_partner_grid/dev/grids/layouts/test × 32 trials/layout...
[eval] test: n_layouts=45  mean_success=0.140  mean_return=-0.002  mean_length=14.3
[eval] wrote per-layout numbers -> /juice6/u/jshe/emergent_partner_grid/dev/train_logs/stage_b_z1.0_seed1_20260924_134017_eval.json

=== done at Thu Sep 24 01:50:25 PM PDT 2026 ===
