condition,training_seed,target,capability_subset,n_train,probe_initialization_seed,final_train_loss,n_test,distance_accuracy,exact_accuracy,mae,round_idx
rnn_diverse_influence,1,d_R,all,736,10000,1.072389841079712,184,0.6793478260869565,0.14673913043478262,2.885869565217391,0
rnn_diverse_influence,1,d_R,familiar,736,10000,1.072389841079712,96,0.7060185185185186,0.14583333333333334,2.6458333333333335,0
rnn_diverse_influence,1,d_R,novel,736,10000,1.072389841079712,88,0.6502525252525252,0.14772727272727273,3.147727272727273,0
rnn_diverse_influence,1,d_B,all,736,10001,1.1092939376831055,184,0.6672705314009663,0.14130434782608695,2.994565217391304,0
rnn_diverse_influence,1,d_B,familiar,736,10001,1.1092939376831055,96,0.6875,0.17708333333333334,2.8125,0
rnn_diverse_influence,1,d_B,novel,736,10001,1.1092939376831055,88,0.6452020202020202,0.10227272727272728,3.1931818181818183,0
rnn_diverse_influence,1,d_R,all,736,10000,1.0888804197311401,184,0.7041062801932366,0.11956521739130435,2.6630434782608696,1
rnn_diverse_influence,1,d_R,familiar,736,10000,1.0888804197311401,96,0.7222222222222223,0.13541666666666666,2.5,1
rnn_diverse_influence,1,d_R,novel,736,10000,1.0888804197311401,88,0.6843434343434343,0.10227272727272728,2.840909090909091,1
rnn_diverse_influence,1,d_B,all,736,10001,1.1818064451217651,184,0.7035024154589372,0.16304347826086957,2.6684782608695654,1
rnn_diverse_influence,1,d_B,familiar,736,10001,1.1818064451217651,96,0.726851851851852,0.17708333333333334,2.4583333333333335,1
rnn_diverse_influence,1,d_B,novel,736,10001,1.1818064451217651,88,0.6780303030303031,0.14772727272727273,2.897727272727273,1
rnn_diverse_influence,1,d_R,all,736,10000,1.106747031211853,184,0.7192028985507245,0.15760869565217392,2.527173913043478,2
rnn_diverse_influence,1,d_R,familiar,736,10000,1.106747031211853,96,0.7164351851851851,0.15625,2.5520833333333335,2
rnn_diverse_influence,1,d_R,novel,736,10000,1.106747031211853,88,0.7222222222222222,0.1590909090909091,2.5,2
rnn_diverse_influence,1,d_B,all,736,10001,1.1059988737106323,184,0.7143719806763286,0.15760869565217392,2.5706521739130435,2
rnn_diverse_influence,1,d_B,familiar,736,10001,1.1059988737106323,96,0.6909722222222223,0.14583333333333334,2.78125,2
rnn_diverse_influence,1,d_B,novel,736,10001,1.1059988737106323,88,0.73989898989899,0.17045454545454544,2.340909090909091,2
rnn_diverse_influence,1,d_R,all,736,10000,0.992895781993866,184,0.7421497584541064,0.14673913043478262,2.3206521739130435,3
rnn_diverse_influence,1,d_R,familiar,736,10000,0.992895781993866,96,0.7361111111111112,0.16666666666666666,2.375,3
rnn_diverse_influence,1,d_R,novel,736,10000,0.992895781993866,88,0.7487373737373737,0.125,2.2613636363636362,3
rnn_diverse_influence,1,d_B,all,736,10001,0.9622085690498352,184,0.717391304347826,0.1956521739130435,2.5434782608695654,3
rnn_diverse_influence,1,d_B,familiar,736,10001,0.9622085690498352,96,0.6875,0.1875,2.8125,3
rnn_diverse_influence,1,d_B,novel,736,10001,0.9622085690498352,88,0.75,0.20454545454545456,2.25,3
rnn_diverse_influence,1,d_R,all,736,10000,0.9343752861022949,184,0.7336956521739131,0.16847826086956522,2.3967391304347827,4
rnn_diverse_influence,1,d_R,familiar,736,10000,0.9343752861022949,96,0.7256944444444443,0.17708333333333334,2.46875,4
rnn_diverse_influence,1,d_R,novel,736,10000,0.9343752861022949,88,0.7424242424242425,0.1590909090909091,2.3181818181818183,4
rnn_diverse_influence,1,d_B,all,736,10001,0.8539299964904785,184,0.7421497584541064,0.16304347826086957,2.3206521739130435,4
rnn_diverse_influence,1,d_B,familiar,736,10001,0.8539299964904785,96,0.7337962962962964,0.16666666666666666,2.3958333333333335,4
rnn_diverse_influence,1,d_B,novel,736,10001,0.8539299964904785,88,0.7512626262626263,0.1590909090909091,2.2386363636363638,4
rnn_diverse_influence,1,d_R,all,736,10000,0.8553483486175537,184,0.7349033816425121,0.1358695652173913,2.385869565217391,5
rnn_diverse_influence,1,d_R,familiar,736,10000,0.8553483486175537,96,0.7222222222222222,0.125,2.5,5
rnn_diverse_influence,1,d_R,novel,736,10000,0.8553483486175537,88,0.7487373737373737,0.14772727272727273,2.2613636363636362,5
rnn_diverse_influence,1,d_B,all,736,10001,0.8448649644851685,184,0.734903381642512,0.1793478260869565,2.385869565217391,5
rnn_diverse_influence,1,d_B,familiar,736,10001,0.8448649644851685,96,0.7141203703703706,0.1875,2.5729166666666665,5
rnn_diverse_influence,1,d_B,novel,736,10001,0.8448649644851685,88,0.7575757575757575,0.17045454545454544,2.1818181818181817,5
rnn_diverse_influence,1,d_R,all,736,10000,0.8417941927909851,184,0.7300724637681159,0.1358695652173913,2.4293478260869565,6
rnn_diverse_influence,1,d_R,familiar,736,10000,0.8417941927909851,96,0.7245370370370371,0.125,2.4791666666666665,6
rnn_diverse_influence,1,d_R,novel,736,10000,0.8417941927909851,88,0.736111111111111,0.14772727272727273,2.375,6
rnn_diverse_influence,1,d_B,all,736,10001,0.8595747947692871,184,0.7445652173913043,0.20108695652173914,2.2989130434782608,6
rnn_diverse_influence,1,d_B,familiar,736,10001,0.8595747947692871,96,0.7476851851851852,0.21875,2.2708333333333335,6
rnn_diverse_influence,1,d_B,novel,736,10001,0.8595747947692871,88,0.7411616161616162,0.18181818181818182,2.3295454545454546,6
rnn_diverse_influence,1,d_R,all,736,10000,0.8231304883956909,184,0.7481884057971014,0.14673913043478262,2.266304347826087,7
rnn_diverse_influence,1,d_R,familiar,736,10000,0.8231304883956909,96,0.7349537037037037,0.14583333333333334,2.3854166666666665,7
rnn_diverse_influence,1,d_R,novel,736,10000,0.8231304883956909,88,0.7626262626262627,0.14772727272727273,2.1363636363636362,7
rnn_diverse_influence,1,d_B,all,736,10001,0.8046620488166809,184,0.7644927536231885,0.21195652173913043,2.119565217391304,7
rnn_diverse_influence,1,d_B,familiar,736,10001,0.8046620488166809,96,0.7465277777777778,0.17708333333333334,2.28125,7
rnn_diverse_influence,1,d_B,novel,736,10001,0.8046620488166809,88,0.7840909090909091,0.25,1.9431818181818181,7
rnn_diverse_influence,1,d_R,all,736,10000,0.7782357335090637,184,0.7457729468599034,0.1358695652173913,2.2880434782608696,8
rnn_diverse_influence,1,d_R,familiar,736,10000,0.7782357335090637,96,0.7488425925925926,0.11458333333333333,2.2604166666666665,8
rnn_diverse_influence,1,d_R,novel,736,10000,0.7782357335090637,88,0.7424242424242425,0.1590909090909091,2.3181818181818183,8
rnn_diverse_influence,1,d_B,all,736,10001,0.767019510269165,184,0.7699275362318841,0.20108695652173914,2.0706521739130435,8
rnn_diverse_influence,1,d_B,familiar,736,10001,0.767019510269165,96,0.7905092592592594,0.21875,1.8854166666666667,8
rnn_diverse_influence,1,d_B,novel,736,10001,0.767019510269165,88,0.7474747474747474,0.18181818181818182,2.272727272727273,8
rnn_diverse_influence,1,d_R,all,736,10000,0.7387287020683289,184,0.781400966183575,0.15217391304347827,1.9673913043478262,9
rnn_diverse_influence,1,d_R,familiar,736,10000,0.7387287020683289,96,0.7615740740740741,0.11458333333333333,2.1458333333333335,9
rnn_diverse_influence,1,d_R,novel,736,10000,0.7387287020683289,88,0.8030303030303029,0.19318181818181818,1.7727272727272727,9
rnn_diverse_influence,1,d_B,all,736,10001,0.7453333735466003,184,0.7795893719806763,0.21739130434782608,1.983695652173913,9
rnn_diverse_influence,1,d_B,familiar,736,10001,0.7453333735466003,96,0.7974537037037037,0.2604166666666667,1.8229166666666667,9
rnn_diverse_influence,1,d_B,novel,736,10001,0.7453333735466003,88,0.7601010101010103,0.17045454545454544,2.159090909090909,9
rnn_diverse_influence,1,d_R,all,736,10000,0.6955327987670898,184,0.807367149758454,0.21195652173913043,1.733695652173913,10
rnn_diverse_influence,1,d_R,familiar,736,10000,0.6955327987670898,96,0.7951388888888888,0.19791666666666666,1.84375,10
rnn_diverse_influence,1,d_R,novel,736,10000,0.6955327987670898,88,0.8207070707070708,0.22727272727272727,1.6136363636363635,10
rnn_diverse_influence,1,d_B,all,736,10001,0.7250555157661438,184,0.7807971014492753,0.23369565217391305,1.9728260869565217,10
rnn_diverse_influence,1,d_B,familiar,736,10001,0.7250555157661438,96,0.8148148148148149,0.28125,1.6666666666666667,10
rnn_diverse_influence,1,d_B,novel,736,10001,0.7250555157661438,88,0.7436868686868688,0.18181818181818182,2.3068181818181817,10
rnn_diverse_influence,1,d_R,all,736,10000,0.6782228350639343,184,0.8158212560386475,0.24456521739130435,1.6576086956521738,11
rnn_diverse_influence,1,d_R,familiar,736,10000,0.6782228350639343,96,0.8055555555555557,0.22916666666666666,1.75,11
rnn_diverse_influence,1,d_R,novel,736,10000,0.6782228350639343,88,0.827020202020202,0.26136363636363635,1.5568181818181819,11
rnn_diverse_influence,1,d_B,all,736,10001,0.7161306142807007,184,0.7977053140096618,0.2391304347826087,1.8206521739130435,11
rnn_diverse_influence,1,d_B,familiar,736,10001,0.7161306142807007,96,0.8148148148148149,0.23958333333333334,1.6666666666666667,11
rnn_diverse_influence,1,d_B,novel,736,10001,0.7161306142807007,88,0.7790404040404041,0.23863636363636365,1.9886363636363635,11
rnn_diverse_influence,1,d_R,all,736,10000,0.6614241003990173,184,0.823671497584541,0.24456521739130435,1.5869565217391304,12
rnn_diverse_influence,1,d_R,familiar,736,10000,0.6614241003990173,96,0.8217592592592592,0.25,1.6041666666666667,12
rnn_diverse_influence,1,d_R,novel,736,10000,0.6614241003990173,88,0.8257575757575758,0.23863636363636365,1.5681818181818181,12
rnn_diverse_influence,1,d_B,all,736,10001,0.695020854473114,184,0.8031400966183575,0.28804347826086957,1.7717391304347827,12
rnn_diverse_influence,1,d_B,familiar,736,10001,0.695020854473114,96,0.8125,0.3020833333333333,1.6875,12
rnn_diverse_influence,1,d_B,novel,736,10001,0.695020854473114,88,0.7929292929292928,0.2727272727272727,1.8636363636363635,12
rnn_diverse_influence,1,d_R,all,736,10000,0.6639209985733032,184,0.8254830917874396,0.23369565217391305,1.5706521739130435,13
rnn_diverse_influence,1,d_R,familiar,736,10000,0.6639209985733032,96,0.8287037037037036,0.20833333333333334,1.5416666666666667,13
rnn_diverse_influence,1,d_R,novel,736,10000,0.6639209985733032,88,0.8219696969696971,0.26136363636363635,1.6022727272727273,13
rnn_diverse_influence,1,d_B,all,736,10001,0.6929389238357544,184,0.807367149758454,0.28804347826086957,1.733695652173913,13
rnn_diverse_influence,1,d_B,familiar,736,10001,0.6929389238357544,96,0.8078703703703703,0.3229166666666667,1.7291666666666667,13
rnn_diverse_influence,1,d_B,novel,736,10001,0.6929389238357544,88,0.8068181818181818,0.25,1.7386363636363635,13
rnn_diverse_influence,1,d_R,all,736,10000,0.6750123500823975,184,0.8242753623188407,0.2554347826086957,1.5815217391304348,14
rnn_diverse_influence,1,d_R,familiar,736,10000,0.6750123500823975,96,0.8252314814814815,0.2604166666666667,1.5729166666666667,14
rnn_diverse_influence,1,d_R,novel,736,10000,0.6750123500823975,88,0.8232323232323231,0.25,1.5909090909090908,14
rnn_diverse_influence,1,d_B,all,736,10001,0.7022616267204285,184,0.8019323671497584,0.266304347826087,1.7826086956521738,14
rnn_diverse_influence,1,d_B,familiar,736,10001,0.7022616267204285,96,0.8101851851851852,0.3125,1.7083333333333333,14
rnn_diverse_influence,1,d_B,novel,736,10001,0.7022616267204285,88,0.7929292929292928,0.2159090909090909,1.8636363636363635,14
rnn_diverse_influence,1,d_R,all,736,10000,0.6469841599464417,184,0.8254830917874396,0.2391304347826087,1.5706521739130435,15
rnn_diverse_influence,1,d_R,familiar,736,10000,0.6469841599464417,96,0.8252314814814815,0.25,1.5729166666666667,15
rnn_diverse_influence,1,d_R,novel,736,10000,0.6469841599464417,88,0.8257575757575758,0.22727272727272727,1.5681818181818181,15
rnn_diverse_influence,1,d_B,all,736,10001,0.7082325220108032,184,0.8031400966183575,0.25,1.7717391304347827,15
rnn_diverse_influence,1,d_B,familiar,736,10001,0.7082325220108032,96,0.7858796296296298,0.2708333333333333,1.9270833333333333,15
rnn_diverse_influence,1,d_B,novel,736,10001,0.7082325220108032,88,0.8219696969696971,0.22727272727272727,1.6022727272727273,15
rnn_diverse_influence,1,d_R,all,736,10000,0.6319447159767151,184,0.8309178743961353,0.25,1.5217391304347827,16
rnn_diverse_influence,1,d_R,familiar,736,10000,0.6319447159767151,96,0.8333333333333334,0.28125,1.5,16
rnn_diverse_influence,1,d_R,novel,736,10000,0.6319447159767151,88,0.8282828282828283,0.2159090909090909,1.5454545454545454,16
rnn_diverse_influence,1,d_B,all,736,10001,0.7198430895805359,184,0.8049516908212561,0.2554347826086957,1.7554347826086956,16
rnn_diverse_influence,1,d_B,familiar,736,10001,0.7198430895805359,96,0.7870370370370371,0.22916666666666666,1.9166666666666667,16
rnn_diverse_influence,1,d_B,novel,736,10001,0.7198430895805359,88,0.8244949494949495,0.2840909090909091,1.5795454545454546,16
rnn_diverse_influence,1,d_R,all,736,10000,0.6347516775131226,184,0.8345410628019323,0.2608695652173913,1.4891304347826086,17
rnn_diverse_influence,1,d_R,familiar,736,10000,0.6347516775131226,96,0.8425925925925926,0.28125,1.4166666666666667,17
rnn_diverse_influence,1,d_R,novel,736,10000,0.6347516775131226,88,0.8257575757575757,0.23863636363636365,1.5681818181818181,17
rnn_diverse_influence,1,d_B,all,736,10001,0.7035946249961853,184,0.8085748792270531,0.266304347826087,1.7228260869565217,17
rnn_diverse_influence,1,d_B,familiar,736,10001,0.7035946249961853,96,0.8032407407407408,0.28125,1.7708333333333333,17
rnn_diverse_influence,1,d_B,novel,736,10001,0.7035946249961853,88,0.8143939393939394,0.25,1.6704545454545454,17
rnn_diverse_influence,1,d_R,all,736,10000,0.6380423903465271,184,0.8357487922705313,0.25,1.4782608695652173,18
rnn_diverse_influence,1,d_R,familiar,736,10000,0.6380423903465271,96,0.8391203703703702,0.2604166666666667,1.4479166666666667,18
rnn_diverse_influence,1,d_R,novel,736,10000,0.6380423903465271,88,0.8320707070707072,0.23863636363636365,1.5113636363636365,18
rnn_diverse_influence,1,d_B,all,736,10001,0.6910499930381775,184,0.8158212560386475,0.2826086956521739,1.6576086956521738,18
rnn_diverse_influence,1,d_B,familiar,736,10001,0.6910499930381775,96,0.8009259259259259,0.2604166666666667,1.7916666666666667,18
rnn_diverse_influence,1,d_B,novel,736,10001,0.6910499930381775,88,0.8320707070707072,0.3068181818181818,1.5113636363636365,18
rnn_diverse_influence,1,d_R,all,736,10000,0.6163968443870544,184,0.8472222222222222,0.27717391304347827,1.375,19
rnn_diverse_influence,1,d_R,familiar,736,10000,0.6163968443870544,96,0.8657407407407408,0.3125,1.2083333333333333,19
rnn_diverse_influence,1,d_R,novel,736,10000,0.6163968443870544,88,0.827020202020202,0.23863636363636365,1.5568181818181819,19
rnn_diverse_influence,1,d_B,all,736,10001,0.6931635141372681,184,0.8303140096618357,0.2826086956521739,1.5271739130434783,19
rnn_diverse_influence,1,d_B,familiar,736,10001,0.6931635141372681,96,0.8310185185185185,0.2916666666666667,1.5208333333333333,19
rnn_diverse_influence,1,d_B,novel,736,10001,0.6931635141372681,88,0.8295454545454546,0.2727272727272727,1.5340909090909092,19
rnn_diverse_influence,2,d_R,all,736,10000,0.7812684774398804,184,0.783816425120773,0.2554347826086957,1.9456521739130435,0
rnn_diverse_influence,2,d_R,familiar,736,10000,0.7812684774398804,96,0.8055555555555557,0.2708333333333333,1.75,0
rnn_diverse_influence,2,d_R,novel,736,10000,0.7812684774398804,88,0.76010101010101,0.23863636363636365,2.159090909090909,0
rnn_diverse_influence,2,d_B,all,736,10001,0.9376581311225891,184,0.7294685990338164,0.1793478260869565,2.4347826086956523,0
rnn_diverse_influence,2,d_B,familiar,736,10001,0.9376581311225891,96,0.7349537037037037,0.14583333333333334,2.3854166666666665,0
rnn_diverse_influence,2,d_B,novel,736,10001,0.9376581311225891,88,0.7234848484848485,0.2159090909090909,2.4886363636363638,0
rnn_diverse_influence,2,d_R,all,736,10000,0.6570315361022949,184,0.7964975845410628,0.20652173913043478,1.8315217391304348,1
rnn_diverse_influence,2,d_R,familiar,736,10000,0.6570315361022949,96,0.798611111111111,0.17708333333333334,1.8125,1
rnn_diverse_influence,2,d_R,novel,736,10000,0.6570315361022949,88,0.7941919191919191,0.23863636363636365,1.8522727272727273,1
rnn_diverse_influence,2,d_B,all,736,10001,0.7229834198951721,184,0.783816425120773,0.1793478260869565,1.9456521739130435,1
rnn_diverse_influence,2,d_B,familiar,736,10001,0.7229834198951721,96,0.7939814814814815,0.17708333333333334,1.8541666666666667,1
rnn_diverse_influence,2,d_B,novel,736,10001,0.7229834198951721,88,0.7727272727272727,0.18181818181818182,2.0454545454545454,1
rnn_diverse_influence,2,d_R,all,736,10000,0.5462259650230408,184,0.7983091787439613,0.1793478260869565,1.815217391304348,2
rnn_diverse_influence,2,d_R,familiar,736,10000,0.5462259650230408,96,0.8020833333333334,0.16666666666666666,1.78125,2
rnn_diverse_influence,2,d_R,novel,736,10000,0.5462259650230408,88,0.7941919191919191,0.19318181818181818,1.8522727272727273,2
rnn_diverse_influence,2,d_B,all,736,10001,0.6041193008422852,184,0.7850241545893719,0.22826086956521738,1.934782608695652,2
rnn_diverse_influence,2,d_B,familiar,736,10001,0.6041193008422852,96,0.8043981481481483,0.2604166666666667,1.7604166666666667,2
rnn_diverse_influence,2,d_B,novel,736,10001,0.6041193008422852,88,0.763888888888889,0.19318181818181818,2.125,2
rnn_diverse_influence,2,d_R,all,736,10000,0.5038241744041443,184,0.835144927536232,0.24456521739130435,1.483695652173913,3
rnn_diverse_influence,2,d_R,familiar,736,10000,0.5038241744041443,96,0.8217592592592592,0.21875,1.6041666666666667,3
rnn_diverse_influence,2,d_R,novel,736,10000,0.5038241744041443,88,0.8497474747474747,0.2727272727272727,1.3522727272727273,3
rnn_diverse_influence,2,d_B,all,736,10001,0.5066460967063904,184,0.8309178743961354,0.27717391304347827,1.5217391304347827,3
rnn_diverse_influence,2,d_B,familiar,736,10001,0.5066460967063904,96,0.857638888888889,0.3333333333333333,1.28125,3
rnn_diverse_influence,2,d_B,novel,736,10001,0.5066460967063904,88,0.8017676767676768,0.2159090909090909,1.7840909090909092,3
rnn_diverse_influence,2,d_R,all,736,10000,0.46623408794403076,184,0.8478260869565217,0.30434782608695654,1.3695652173913044,4
rnn_diverse_influence,2,d_R,familiar,736,10000,0.46623408794403076,96,0.8229166666666666,0.25,1.59375,4
rnn_diverse_influence,2,d_R,novel,736,10000,0.46623408794403076,88,0.875,0.36363636363636365,1.125,4
rnn_diverse_influence,2,d_B,all,736,10001,0.4297347664833069,184,0.8454106280193238,0.32608695652173914,1.391304347826087,4
rnn_diverse_influence,2,d_B,familiar,736,10001,0.4297347664833069,96,0.8680555555555555,0.3958333333333333,1.1875,4
rnn_diverse_influence,2,d_B,novel,736,10001,0.4297347664833069,88,0.8207070707070708,0.25,1.6136363636363635,4
rnn_diverse_influence,2,d_R,all,736,10000,0.46433207392692566,184,0.8623188405797102,0.33152173913043476,1.2391304347826086,5
rnn_diverse_influence,2,d_R,familiar,736,10000,0.46433207392692566,96,0.8611111111111113,0.2916666666666667,1.25,5
rnn_diverse_influence,2,d_R,novel,736,10000,0.46433207392692566,88,0.8636363636363636,0.375,1.2272727272727273,5
rnn_diverse_influence,2,d_B,all,736,10001,0.40981343388557434,184,0.853864734299517,0.30434782608695654,1.315217391304348,5
rnn_diverse_influence,2,d_B,familiar,736,10001,0.40981343388557434,96,0.8726851851851851,0.3645833333333333,1.1458333333333333,5
rnn_diverse_influence,2,d_B,novel,736,10001,0.40981343388557434,88,0.8333333333333335,0.23863636363636365,1.5,5
rnn_diverse_influence,2,d_R,all,736,10000,0.4205171465873718,184,0.8629227053140096,0.33152173913043476,1.233695652173913,6
rnn_diverse_influence,2,d_R,familiar,736,10000,0.4205171465873718,96,0.857638888888889,0.3125,1.28125,6
rnn_diverse_influence,2,d_R,novel,736,10000,0.4205171465873718,88,0.8686868686868686,0.3522727272727273,1.1818181818181819,6
rnn_diverse_influence,2,d_B,all,736,10001,0.36712753772735596,184,0.8665458937198068,0.3532608695652174,1.201086956521739,6
rnn_diverse_influence,2,d_B,familiar,736,10001,0.36712753772735596,96,0.8842592592592594,0.3958333333333333,1.0416666666666667,6
rnn_diverse_influence,2,d_B,novel,736,10001,0.36712753772735596,88,0.8472222222222222,0.3068181818181818,1.375,6
rnn_diverse_influence,2,d_R,all,736,10000,0.41667744517326355,184,0.8641304347826086,0.375,1.2228260869565217,7
rnn_diverse_influence,2,d_R,familiar,736,10000,0.41667744517326355,96,0.8483796296296298,0.3229166666666667,1.3645833333333333,7
rnn_diverse_influence,2,d_R,novel,736,10000,0.41667744517326355,88,0.8813131313131314,0.4318181818181818,1.0681818181818181,7
rnn_diverse_influence,2,d_B,all,736,10001,0.3395737409591675,184,0.8647342995169083,0.3858695652173913,1.2173913043478262,7
rnn_diverse_influence,2,d_B,familiar,736,10001,0.3395737409591675,96,0.8877314814814815,0.4270833333333333,1.0104166666666667,7
rnn_diverse_influence,2,d_B,novel,736,10001,0.3395737409591675,88,0.8396464646464646,0.3409090909090909,1.4431818181818181,7
rnn_diverse_influence,2,d_R,all,736,10000,0.4035387337207794,184,0.8683574879227053,0.375,1.184782608695652,8
rnn_diverse_influence,2,d_R,familiar,736,10000,0.4035387337207794,96,0.8576388888888888,0.3541666666666667,1.28125,8
rnn_diverse_influence,2,d_R,novel,736,10000,0.4035387337207794,88,0.8800505050505052,0.3977272727272727,1.0795454545454546,8
rnn_diverse_influence,2,d_B,all,736,10001,0.3586379289627075,184,0.872584541062802,0.40217391304347827,1.1467391304347827,8
rnn_diverse_influence,2,d_B,familiar,736,10001,0.3586379289627075,96,0.8935185185185185,0.4166666666666667,0.9583333333333334,8
rnn_diverse_influence,2,d_B,novel,736,10001,0.3586379289627075,88,0.8497474747474747,0.38636363636363635,1.3522727272727273,8
rnn_diverse_influence,2,d_R,all,736,10000,0.4092804789543152,184,0.8671497584541062,0.3695652173913043,1.1956521739130435,9
rnn_diverse_influence,2,d_R,familiar,736,10000,0.4092804789543152,96,0.8495370370370371,0.34375,1.3541666666666667,9
rnn_diverse_influence,2,d_R,novel,736,10000,0.4092804789543152,88,0.8863636363636364,0.3977272727272727,1.0227272727272727,9
rnn_diverse_influence,2,d_B,all,736,10001,0.3532061278820038,184,0.8774154589371982,0.43478260869565216,1.1032608695652173,9
rnn_diverse_influence,2,d_B,familiar,736,10001,0.3532061278820038,96,0.8900462962962963,0.4375,0.9895833333333334,9
rnn_diverse_influence,2,d_B,novel,736,10001,0.3532061278820038,88,0.8636363636363636,0.4318181818181818,1.2272727272727273,9
rnn_diverse_influence,2,d_R,all,736,10000,0.4166402518749237,184,0.8756038647342995,0.4076086956521739,1.1195652173913044,10
rnn_diverse_influence,2,d_R,familiar,736,10000,0.4166402518749237,96,0.8564814814814815,0.3541666666666667,1.2916666666666667,10
rnn_diverse_influence,2,d_R,novel,736,10000,0.4166402518749237,88,0.8964646464646464,0.4659090909090909,0.9318181818181818,10
rnn_diverse_influence,2,d_B,all,736,10001,0.34607863426208496,184,0.8907004830917876,0.44021739130434784,0.9836956521739131,10
rnn_diverse_influence,2,d_B,familiar,736,10001,0.34607863426208496,96,0.9097222222222223,0.4895833333333333,0.8125,10
rnn_diverse_influence,2,d_B,novel,736,10001,0.34607863426208496,88,0.8699494949494949,0.38636363636363635,1.1704545454545454,10
rnn_diverse_influence,2,d_R,all,736,10000,0.40183600783348083,184,0.875,0.375,1.125,11
rnn_diverse_influence,2,d_R,familiar,736,10000,0.40183600783348083,96,0.8553240740740741,0.3125,1.3020833333333333,11
rnn_diverse_influence,2,d_R,novel,736,10000,0.40183600783348083,88,0.8964646464646464,0.4431818181818182,0.9318181818181818,11
rnn_diverse_influence,2,d_B,all,736,10001,0.34056711196899414,184,0.8955314009661836,0.4782608695652174,0.9402173913043478,11
rnn_diverse_influence,2,d_B,familiar,736,10001,0.34056711196899414,96,0.9131944444444443,0.53125,0.78125,11
rnn_diverse_influence,2,d_B,novel,736,10001,0.34056711196899414,88,0.8762626262626263,0.42045454545454547,1.1136363636363635,11
rnn_diverse_influence,2,d_R,all,736,10000,0.393473744392395,184,0.8683574879227053,0.3858695652173913,1.184782608695652,12
rnn_diverse_influence,2,d_R,familiar,736,10000,0.393473744392395,96,0.8472222222222222,0.34375,1.375,12
rnn_diverse_influence,2,d_R,novel,736,10000,0.393473744392395,88,0.8914141414141415,0.4318181818181818,0.9772727272727273,12
rnn_diverse_influence,2,d_B,all,736,10001,0.35133659839630127,184,0.8900966183574879,0.47282608695652173,0.9891304347826086,12
rnn_diverse_influence,2,d_B,familiar,736,10001,0.35133659839630127,96,0.9027777777777777,0.5208333333333334,0.875,12
rnn_diverse_influence,2,d_B,novel,736,10001,0.35133659839630127,88,0.8762626262626263,0.42045454545454547,1.1136363636363635,12
rnn_diverse_influence,2,d_R,all,736,10000,0.40115031599998474,184,0.8774154589371982,0.4076086956521739,1.1032608695652173,13
rnn_diverse_influence,2,d_R,familiar,736,10000,0.40115031599998474,96,0.8518518518518517,0.3333333333333333,1.3333333333333333,13
rnn_diverse_influence,2,d_R,novel,736,10000,0.40115031599998474,88,0.9053030303030304,0.48863636363636365,0.8522727272727273,13
rnn_diverse_influence,2,d_B,all,736,10001,0.35388195514678955,184,0.8961352657004832,0.483695652173913,0.9347826086956522,13
rnn_diverse_influence,2,d_B,familiar,736,10001,0.35388195514678955,96,0.9085648148148149,0.5104166666666666,0.8229166666666666,13
rnn_diverse_influence,2,d_B,novel,736,10001,0.35388195514678955,88,0.8825757575757575,0.45454545454545453,1.0568181818181819,13
rnn_diverse_influence,2,d_R,all,736,10000,0.3962882161140442,184,0.8834541062801932,0.4076086956521739,1.048913043478261,14
rnn_diverse_influence,2,d_R,familiar,736,10000,0.3962882161140442,96,0.8530092592592592,0.3020833333333333,1.3229166666666667,14
rnn_diverse_influence,2,d_R,novel,736,10000,0.3962882161140442,88,0.9166666666666669,0.5227272727272727,0.75,14
rnn_diverse_influence,2,d_B,all,736,10001,0.3531584143638611,184,0.8943236714975846,0.47282608695652173,0.9510869565217391,14
rnn_diverse_influence,2,d_B,familiar,736,10001,0.3531584143638611,96,0.90625,0.53125,0.84375,14
rnn_diverse_influence,2,d_B,novel,736,10001,0.3531584143638611,88,0.8813131313131314,0.4090909090909091,1.0681818181818181,14
rnn_diverse_influence,2,d_R,all,736,10000,0.4020683467388153,184,0.8967391304347826,0.45652173913043476,0.9293478260869565,15
rnn_diverse_influence,2,d_R,familiar,736,10000,0.4020683467388153,96,0.8738425925925926,0.3854166666666667,1.1354166666666667,15
rnn_diverse_influence,2,d_R,novel,736,10000,0.4020683467388153,88,0.9217171717171717,0.5340909090909091,0.7045454545454546,15
rnn_diverse_influence,2,d_B,all,736,10001,0.3512497842311859,184,0.8913043478260869,0.5,0.9782608695652174,15
rnn_diverse_influence,2,d_B,familiar,736,10001,0.3512497842311859,96,0.8958333333333334,0.5416666666666666,0.9375,15
rnn_diverse_influence,2,d_B,novel,736,10001,0.3512497842311859,88,0.8863636363636364,0.45454545454545453,1.0227272727272727,15
rnn_diverse_influence,2,d_R,all,736,10000,0.41434571146965027,184,0.8882850241545894,0.42391304347826086,1.0054347826086956,16
rnn_diverse_influence,2,d_R,familiar,736,10000,0.41434571146965027,96,0.8680555555555557,0.3541666666666667,1.1875,16
rnn_diverse_influence,2,d_R,novel,736,10000,0.41434571146965027,88,0.9103535353535354,0.5,0.8068181818181818,16
rnn_diverse_influence,2,d_B,all,736,10001,0.34154078364372253,184,0.8997584541062803,0.5271739130434783,0.9021739130434783,16
rnn_diverse_influence,2,d_B,familiar,736,10001,0.34154078364372253,96,0.9097222222222222,0.5833333333333334,0.8125,16
rnn_diverse_influence,2,d_B,novel,736,10001,0.34154078364372253,88,0.888888888888889,0.4659090909090909,1.0,16
rnn_diverse_influence,2,d_R,all,736,10000,0.41456636786460876,184,0.8816425120772947,0.3967391304347826,1.065217391304348,17
rnn_diverse_influence,2,d_R,familiar,736,10000,0.41456636786460876,96,0.8680555555555557,0.3645833333333333,1.1875,17
rnn_diverse_influence,2,d_R,novel,736,10000,0.41456636786460876,88,0.8964646464646466,0.4318181818181818,0.9318181818181818,17
rnn_diverse_influence,2,d_B,all,736,10001,0.3540664315223694,184,0.8991545893719808,0.4945652173913043,0.907608695652174,17
rnn_diverse_influence,2,d_B,familiar,736,10001,0.3540664315223694,96,0.9016203703703702,0.5104166666666666,0.8854166666666666,17
rnn_diverse_influence,2,d_B,novel,736,10001,0.3540664315223694,88,0.8964646464646466,0.4772727272727273,0.9318181818181818,17
rnn_diverse_influence,2,d_R,all,736,10000,0.396228551864624,184,0.888888888888889,0.41304347826086957,1.0,18
rnn_diverse_influence,2,d_R,familiar,736,10000,0.396228551864624,96,0.875,0.3645833333333333,1.125,18
rnn_diverse_influence,2,d_R,novel,736,10000,0.396228551864624,88,0.9040404040404041,0.4659090909090909,0.8636363636363636,18
rnn_diverse_influence,2,d_B,all,736,10001,0.35585522651672363,184,0.905193236714976,0.532608695652174,0.8532608695652174,18
rnn_diverse_influence,2,d_B,familiar,736,10001,0.35585522651672363,96,0.9155092592592592,0.5833333333333334,0.7604166666666666,18
rnn_diverse_influence,2,d_B,novel,736,10001,0.35585522651672363,88,0.893939393939394,0.4772727272727273,0.9545454545454546,18
rnn_diverse_influence,2,d_R,all,736,10000,0.3901497721672058,184,0.8937198067632851,0.4076086956521739,0.9565217391304348,19
rnn_diverse_influence,2,d_R,familiar,736,10000,0.3901497721672058,96,0.8692129629629631,0.3020833333333333,1.1770833333333333,19
rnn_diverse_influence,2,d_R,novel,736,10000,0.3901497721672058,88,0.9204545454545456,0.5227272727272727,0.7159090909090909,19
rnn_diverse_influence,2,d_B,all,736,10001,0.3498063385486603,184,0.9045893719806763,0.532608695652174,0.8586956521739131,19
rnn_diverse_influence,2,d_B,familiar,736,10001,0.3498063385486603,96,0.9143518518518517,0.5625,0.7708333333333334,19
rnn_diverse_influence,2,d_B,novel,736,10001,0.3498063385486603,88,0.893939393939394,0.5,0.9545454545454546,19
rnn_diverse_influence,3,d_R,all,736,10000,0.696410059928894,184,0.7940821256038649,0.22282608695652173,1.8532608695652173,0
rnn_diverse_influence,3,d_R,familiar,736,10000,0.696410059928894,96,0.7974537037037037,0.25,1.8229166666666667,0
rnn_diverse_influence,3,d_R,novel,736,10000,0.696410059928894,88,0.7904040404040402,0.19318181818181818,1.8863636363636365,0
rnn_diverse_influence,3,d_B,all,736,10001,0.6699498295783997,184,0.8158212560386474,0.2608695652173913,1.6576086956521738,0
rnn_diverse_influence,3,d_B,familiar,736,10001,0.6699498295783997,96,0.8159722222222223,0.2708333333333333,1.65625,0
rnn_diverse_influence,3,d_B,novel,736,10001,0.6699498295783997,88,0.8156565656565656,0.25,1.6590909090909092,0
rnn_diverse_influence,3,d_R,all,736,10000,0.6196338534355164,184,0.8339371980676329,0.32065217391304346,1.4945652173913044,1
rnn_diverse_influence,3,d_R,familiar,736,10000,0.6196338534355164,96,0.8368055555555557,0.3125,1.46875,1
rnn_diverse_influence,3,d_R,novel,736,10000,0.6196338534355164,88,0.8308080808080809,0.32954545454545453,1.5227272727272727,1
rnn_diverse_influence,3,d_B,all,736,10001,0.5313438177108765,184,0.8417874396135268,0.2608695652173913,1.423913043478261,1
rnn_diverse_influence,3,d_B,familiar,736,10001,0.5313438177108765,96,0.8587962962962964,0.2604166666666667,1.2708333333333333,1
rnn_diverse_influence,3,d_B,novel,736,10001,0.5313438177108765,88,0.8232323232323232,0.26136363636363635,1.5909090909090908,1
rnn_diverse_influence,3,d_R,all,736,10000,0.5458232760429382,184,0.8526570048309179,0.3641304347826087,1.326086956521739,2
rnn_diverse_influence,3,d_R,familiar,736,10000,0.5458232760429382,96,0.8692129629629631,0.3958333333333333,1.1770833333333333,2
rnn_diverse_influence,3,d_R,novel,736,10000,0.5458232760429382,88,0.8345959595959596,0.32954545454545453,1.4886363636363635,2
rnn_diverse_influence,3,d_B,all,736,10001,0.5048079490661621,184,0.853864734299517,0.29891304347826086,1.315217391304348,2
rnn_diverse_influence,3,d_B,familiar,736,10001,0.5048079490661621,96,0.851851851851852,0.28125,1.3333333333333333,2
rnn_diverse_influence,3,d_B,novel,736,10001,0.5048079490661621,88,0.856060606060606,0.3181818181818182,1.2954545454545454,2
rnn_diverse_influence,3,d_R,all,736,10000,0.4991312325000763,184,0.8719806763285025,0.3423913043478261,1.1521739130434783,3
rnn_diverse_influence,3,d_R,familiar,736,10000,0.4991312325000763,96,0.8645833333333334,0.3125,1.21875,3
rnn_diverse_influence,3,d_R,novel,736,10000,0.4991312325000763,88,0.8800505050505052,0.375,1.0795454545454546,3
rnn_diverse_influence,3,d_B,all,736,10001,0.44714978337287903,184,0.8719806763285025,0.32065217391304346,1.1521739130434783,3
rnn_diverse_influence,3,d_B,familiar,736,10001,0.44714978337287903,96,0.8819444444444445,0.34375,1.0625,3
rnn_diverse_influence,3,d_B,novel,736,10001,0.44714978337287903,88,0.861111111111111,0.29545454545454547,1.25,3
rnn_diverse_influence,3,d_R,all,736,10000,0.4453776478767395,184,0.8816425120772947,0.44021739130434784,1.065217391304348,4
rnn_diverse_influence,3,d_R,familiar,736,10000,0.4453776478767395,96,0.8807870370370371,0.4375,1.0729166666666667,4
rnn_diverse_influence,3,d_R,novel,736,10000,0.4453776478767395,88,0.8825757575757577,0.4431818181818182,1.0568181818181819,4
rnn_diverse_influence,3,d_B,all,736,10001,0.3792532980442047,184,0.8743961352657006,0.3695652173913043,1.1304347826086956,4
rnn_diverse_influence,3,d_B,familiar,736,10001,0.3792532980442047,96,0.8819444444444445,0.40625,1.0625,4
rnn_diverse_influence,3,d_B,novel,736,10001,0.3792532980442047,88,0.8661616161616162,0.32954545454545453,1.2045454545454546,4
rnn_diverse_influence,3,d_R,all,736,10000,0.43357375264167786,184,0.8864734299516907,0.45652173913043476,1.0217391304347827,5
rnn_diverse_influence,3,d_R,familiar,736,10000,0.43357375264167786,96,0.8761574074074074,0.4479166666666667,1.1145833333333333,5
rnn_diverse_influence,3,d_R,novel,736,10000,0.43357375264167786,88,0.8977272727272727,0.4659090909090909,0.9204545454545454,5
rnn_diverse_influence,3,d_B,all,736,10001,0.4079706072807312,184,0.8701690821256038,0.358695652173913,1.1684782608695652,5
rnn_diverse_influence,3,d_B,familiar,736,10001,0.4079706072807312,96,0.8680555555555557,0.3958333333333333,1.1875,5
rnn_diverse_influence,3,d_B,novel,736,10001,0.4079706072807312,88,0.8724747474747477,0.3181818181818182,1.1477272727272727,5
rnn_diverse_influence,3,d_R,all,736,10000,0.44238734245300293,184,0.8919082125603864,0.4673913043478261,0.9728260869565217,6
rnn_diverse_influence,3,d_R,familiar,736,10000,0.44238734245300293,96,0.8854166666666669,0.4479166666666667,1.03125,6
rnn_diverse_influence,3,d_R,novel,736,10000,0.44238734245300293,88,0.898989898989899,0.48863636363636365,0.9090909090909091,6
rnn_diverse_influence,3,d_B,all,736,10001,0.4040469825267792,184,0.8611111111111112,0.3423913043478261,1.25,6
rnn_diverse_influence,3,d_B,familiar,736,10001,0.4040469825267792,96,0.8587962962962964,0.3541666666666667,1.2708333333333333,6
rnn_diverse_influence,3,d_B,novel,736,10001,0.4040469825267792,88,0.8636363636363636,0.32954545454545453,1.2272727272727273,6
rnn_diverse_influence,3,d_R,all,736,10000,0.42845577001571655,184,0.8894927536231885,0.4891304347826087,0.9945652173913043,7
rnn_diverse_influence,3,d_R,familiar,736,10000,0.42845577001571655,96,0.8784722222222223,0.4791666666666667,1.09375,7
rnn_diverse_influence,3,d_R,novel,736,10000,0.42845577001571655,88,0.9015151515151516,0.5,0.8863636363636364,7
rnn_diverse_influence,3,d_B,all,736,10001,0.39627575874328613,184,0.8737922705314011,0.3858695652173913,1.1358695652173914,7
rnn_diverse_influence,3,d_B,familiar,736,10001,0.39627575874328613,96,0.857638888888889,0.34375,1.28125,7
rnn_diverse_influence,3,d_B,novel,736,10001,0.39627575874328613,88,0.8914141414141415,0.4318181818181818,0.9772727272727273,7
rnn_diverse_influence,3,d_R,all,736,10000,0.42516499757766724,184,0.8900966183574879,0.5,0.9891304347826086,8
rnn_diverse_influence,3,d_R,familiar,736,10000,0.42516499757766724,96,0.8726851851851852,0.4895833333333333,1.1458333333333333,8
rnn_diverse_influence,3,d_R,novel,736,10000,0.42516499757766724,88,0.9090909090909093,0.5113636363636364,0.8181818181818182,8
rnn_diverse_influence,3,d_B,all,736,10001,0.3922017514705658,184,0.8834541062801933,0.43478260869565216,1.048913043478261,8
rnn_diverse_influence,3,d_B,familiar,736,10001,0.3922017514705658,96,0.875,0.3958333333333333,1.125,8
rnn_diverse_influence,3,d_B,novel,736,10001,0.3922017514705658,88,0.8926767676767677,0.4772727272727273,0.9659090909090909,8
rnn_diverse_influence,3,d_R,all,736,10000,0.417489230632782,184,0.9009661835748792,0.5217391304347826,0.8913043478260869,9
rnn_diverse_influence,3,d_R,familiar,736,10000,0.417489230632782,96,0.8900462962962964,0.5208333333333334,0.9895833333333334,9
rnn_diverse_influence,3,d_R,novel,736,10000,0.417489230632782,88,0.912878787878788,0.5227272727272727,0.7840909090909091,9
rnn_diverse_influence,3,d_B,all,736,10001,0.40969669818878174,184,0.8858695652173914,0.45108695652173914,1.0271739130434783,9
rnn_diverse_influence,3,d_B,familiar,736,10001,0.40969669818878174,96,0.8842592592592592,0.4791666666666667,1.0416666666666667,9
rnn_diverse_influence,3,d_B,novel,736,10001,0.40969669818878174,88,0.8876262626262627,0.42045454545454547,1.0113636363636365,9
rnn_diverse_influence,3,d_R,all,736,10000,0.41970890760421753,184,0.9033816425120773,0.4945652173913043,0.8695652173913043,10
rnn_diverse_influence,3,d_R,familiar,736,10000,0.41970890760421753,96,0.9004629629629631,0.4791666666666667,0.8958333333333334,10
rnn_diverse_influence,3,d_R,novel,736,10000,0.41970890760421753,88,0.9065656565656567,0.5113636363636364,0.8409090909090909,10
rnn_diverse_influence,3,d_B,all,736,10001,0.4306497573852539,184,0.8907004830917876,0.44565217391304346,0.9836956521739131,10
rnn_diverse_influence,3,d_B,familiar,736,10001,0.4306497573852539,96,0.888888888888889,0.4791666666666667,1.0,10
rnn_diverse_influence,3,d_B,novel,736,10001,0.4306497573852539,88,0.8926767676767675,0.4090909090909091,0.9659090909090909,10
rnn_diverse_influence,3,d_R,all,736,10000,0.42369481921195984,184,0.8973429951690821,0.5054347826086957,0.9239130434782609,11
rnn_diverse_influence,3,d_R,familiar,736,10000,0.42369481921195984,96,0.8854166666666666,0.4791666666666667,1.03125,11
rnn_diverse_influence,3,d_R,novel,736,10000,0.42369481921195984,88,0.9103535353535354,0.5340909090909091,0.8068181818181818,11
rnn_diverse_influence,3,d_B,all,736,10001,0.4328937530517578,184,0.8943236714975845,0.4673913043478261,0.9510869565217391,11
rnn_diverse_influence,3,d_B,familiar,736,10001,0.4328937530517578,96,0.8993055555555557,0.53125,0.90625,11
rnn_diverse_influence,3,d_B,novel,736,10001,0.4328937530517578,88,0.888888888888889,0.3977272727272727,1.0,11
rnn_diverse_influence,3,d_R,all,736,10000,0.44004419445991516,184,0.8973429951690821,0.483695652173913,0.9239130434782609,12
rnn_diverse_influence,3,d_R,familiar,736,10000,0.44004419445991516,96,0.888888888888889,0.4895833333333333,1.0,12
rnn_diverse_influence,3,d_R,novel,736,10000,0.44004419445991516,88,0.9065656565656567,0.4772727272727273,0.8409090909090909,12
rnn_diverse_influence,3,d_B,all,736,10001,0.41677504777908325,184,0.9003623188405798,0.5108695652173914,0.8967391304347826,12
rnn_diverse_influence,3,d_B,familiar,736,10001,0.41677504777908325,96,0.9108796296296297,0.59375,0.8020833333333334,12
rnn_diverse_influence,3,d_B,novel,736,10001,0.41677504777908325,88,0.8888888888888888,0.42045454545454547,1.0,12
rnn_diverse_influence,3,d_R,all,736,10000,0.437198668718338,184,0.9064009661835748,0.5434782608695652,0.842391304347826,13
rnn_diverse_influence,3,d_R,familiar,736,10000,0.437198668718338,96,0.9039351851851855,0.5729166666666666,0.8645833333333334,13
rnn_diverse_influence,3,d_R,novel,736,10000,0.437198668718338,88,0.9090909090909091,0.5113636363636364,0.8181818181818182,13
rnn_diverse_influence,3,d_B,all,736,10001,0.39319533109664917,184,0.8949275362318841,0.46195652173913043,0.9456521739130435,13
rnn_diverse_influence,3,d_B,familiar,736,10001,0.39319533109664917,96,0.8993055555555555,0.5208333333333334,0.90625,13
rnn_diverse_influence,3,d_B,novel,736,10001,0.39319533109664917,88,0.8901515151515151,0.3977272727272727,0.9886363636363636,13
rnn_diverse_influence,3,d_R,all,736,10000,0.4219936430454254,184,0.8997584541062801,0.5163043478260869,0.9021739130434783,14
rnn_diverse_influence,3,d_R,familiar,736,10000,0.4219936430454254,96,0.8819444444444445,0.5,1.0625,14
rnn_diverse_influence,3,d_R,novel,736,10000,0.4219936430454254,88,0.9191919191919193,0.5340909090909091,0.7272727272727273,14
rnn_diverse_influence,3,d_B,all,736,10001,0.3875221312046051,184,0.8979468599033816,0.4945652173913043,0.9184782608695652,14
rnn_diverse_influence,3,d_B,familiar,736,10001,0.3875221312046051,96,0.8993055555555557,0.5520833333333334,0.90625,14
rnn_diverse_influence,3,d_B,novel,736,10001,0.3875221312046051,88,0.8964646464646464,0.4318181818181818,0.9318181818181818,14
rnn_diverse_influence,3,d_R,all,736,10000,0.43584147095680237,184,0.908816425120773,0.5434782608695652,0.8206521739130435,15
rnn_diverse_influence,3,d_R,familiar,736,10000,0.43584147095680237,96,0.8946759259259259,0.5104166666666666,0.9479166666666666,15
rnn_diverse_influence,3,d_R,novel,736,10000,0.43584147095680237,88,0.9242424242424243,0.5795454545454546,0.6818181818181818,15
rnn_diverse_influence,3,d_B,all,736,10001,0.37601438164711,184,0.8907004830917874,0.47282608695652173,0.9836956521739131,15
rnn_diverse_influence,3,d_B,familiar,736,10001,0.37601438164711,96,0.8865740740740741,0.53125,1.0208333333333333,15
rnn_diverse_influence,3,d_B,novel,736,10001,0.37601438164711,88,0.8952020202020201,0.4090909090909091,0.9431818181818182,15
rnn_diverse_influence,3,d_R,all,736,10000,0.4380561113357544,184,0.905193236714976,0.5489130434782609,0.8532608695652174,16
rnn_diverse_influence,3,d_R,familiar,736,10000,0.4380561113357544,96,0.8935185185185186,0.5,0.9583333333333334,16
rnn_diverse_influence,3,d_R,novel,736,10000,0.4380561113357544,88,0.9179292929292932,0.6022727272727273,0.7386363636363636,16
rnn_diverse_influence,3,d_B,all,736,10001,0.39153820276260376,184,0.890096618357488,0.483695652173913,0.9891304347826086,16
rnn_diverse_influence,3,d_B,familiar,736,10001,0.39153820276260376,96,0.8819444444444443,0.5208333333333334,1.0625,16
rnn_diverse_influence,3,d_B,novel,736,10001,0.39153820276260376,88,0.898989898989899,0.4431818181818182,0.9090909090909091,16
rnn_diverse_influence,3,d_R,all,736,10000,0.4297643005847931,184,0.9070048309178745,0.5489130434782609,0.8369565217391305,17
rnn_diverse_influence,3,d_R,familiar,736,10000,0.4297643005847931,96,0.8958333333333335,0.5208333333333334,0.9375,17
rnn_diverse_influence,3,d_R,novel,736,10000,0.4297643005847931,88,0.9191919191919193,0.5795454545454546,0.7272727272727273,17
rnn_diverse_influence,3,d_B,all,736,10001,0.4037056863307953,184,0.9039855072463768,0.5108695652173914,0.8641304347826086,17
rnn_diverse_influence,3,d_B,familiar,736,10001,0.4037056863307953,96,0.9050925925925926,0.5520833333333334,0.8541666666666666,17
rnn_diverse_influence,3,d_B,novel,736,10001,0.4037056863307953,88,0.9027777777777779,0.4659090909090909,0.875,17
rnn_diverse_influence,3,d_R,all,736,10000,0.4331327974796295,184,0.911231884057971,0.5652173913043478,0.7989130434782609,18
rnn_diverse_influence,3,d_R,familiar,736,10000,0.4331327974796295,96,0.902777777777778,0.5520833333333334,0.875,18
rnn_diverse_influence,3,d_R,novel,736,10000,0.4331327974796295,88,0.9204545454545454,0.5795454545454546,0.7159090909090909,18
rnn_diverse_influence,3,d_B,all,736,10001,0.4113442897796631,184,0.9003623188405797,0.5217391304347826,0.8967391304347826,18
rnn_diverse_influence,3,d_B,familiar,736,10001,0.4113442897796631,96,0.9027777777777777,0.53125,0.875,18
rnn_diverse_influence,3,d_B,novel,736,10001,0.4113442897796631,88,0.8977272727272727,0.5113636363636364,0.9204545454545454,18
rnn_diverse_influence,3,d_R,all,736,10000,0.43105560541152954,184,0.9154589371980677,0.5760869565217391,0.7608695652173914,19
rnn_diverse_influence,3,d_R,familiar,736,10000,0.43105560541152954,96,0.9004629629629631,0.5625,0.8958333333333334,19
rnn_diverse_influence,3,d_R,novel,736,10000,0.43105560541152954,88,0.931818181818182,0.5909090909090909,0.6136363636363636,19
rnn_diverse_influence,3,d_B,all,736,10001,0.41934746503829956,184,0.9027777777777778,0.5380434782608695,0.875,19
rnn_diverse_influence,3,d_B,familiar,736,10001,0.41934746503829956,96,0.9004629629629629,0.5520833333333334,0.8958333333333334,19
rnn_diverse_influence,3,d_B,novel,736,10001,0.41934746503829956,88,0.9053030303030302,0.5227272727272727,0.8522727272727273,19
rnn_diverse_influence,4,d_R,all,736,10000,1.1720397472381592,184,0.657608695652174,0.125,3.0815217391304346,0
rnn_diverse_influence,4,d_R,familiar,736,10000,1.1720397472381592,96,0.6793981481481483,0.13541666666666666,2.8854166666666665,0
rnn_diverse_influence,4,d_R,novel,736,10000,1.1720397472381592,88,0.6338383838383838,0.11363636363636363,3.2954545454545454,0
rnn_diverse_influence,4,d_B,all,736,10001,1.2627984285354614,184,0.6708937198067633,0.125,2.9619565217391304,0
rnn_diverse_influence,4,d_B,familiar,736,10001,1.2627984285354614,96,0.6620370370370371,0.13541666666666666,3.0416666666666665,0
rnn_diverse_influence,4,d_B,novel,736,10001,1.2627984285354614,88,0.6805555555555555,0.11363636363636363,2.875,0
rnn_diverse_influence,4,d_R,all,736,10000,1.287041425704956,184,0.6841787439613526,0.15217391304347827,2.842391304347826,1
rnn_diverse_influence,4,d_R,familiar,736,10000,1.287041425704956,96,0.6817129629629629,0.125,2.8645833333333335,1
rnn_diverse_influence,4,d_R,novel,736,10000,1.287041425704956,88,0.6868686868686869,0.18181818181818182,2.8181818181818183,1
rnn_diverse_influence,4,d_B,all,736,10001,1.2432490587234497,184,0.6865942028985508,0.15760869565217392,2.8206521739130435,1
rnn_diverse_influence,4,d_B,familiar,736,10001,1.2432490587234497,96,0.7002314814814815,0.20833333333333334,2.6979166666666665,1
rnn_diverse_influence,4,d_B,novel,736,10001,1.2432490587234497,88,0.6717171717171717,0.10227272727272728,2.9545454545454546,1
rnn_diverse_influence,4,d_R,all,736,10000,1.2334527969360352,184,0.6829710144927537,0.16847826086956522,2.8532608695652173,2
rnn_diverse_influence,4,d_R,familiar,736,10000,1.2334527969360352,96,0.7037037037037037,0.19791666666666666,2.6666666666666665,2
rnn_diverse_influence,4,d_R,novel,736,10000,1.2334527969360352,88,0.6603535353535354,0.13636363636363635,3.0568181818181817,2
rnn_diverse_influence,4,d_B,all,736,10001,1.1947431564331055,184,0.6859903381642513,0.14130434782608695,2.8260869565217392,2
rnn_diverse_influence,4,d_B,familiar,736,10001,1.1947431564331055,96,0.7164351851851852,0.19791666666666666,2.5520833333333335,2
rnn_diverse_influence,4,d_B,novel,736,10001,1.1947431564331055,88,0.6527777777777778,0.07954545454545454,3.125,2
rnn_diverse_influence,4,d_R,all,736,10000,1.1464955806732178,184,0.6696859903381643,0.14673913043478262,2.972826086956522,3
rnn_diverse_influence,4,d_R,familiar,736,10000,1.1464955806732178,96,0.6886574074074073,0.14583333333333334,2.8020833333333335,3
rnn_diverse_influence,4,d_R,novel,736,10000,1.1464955806732178,88,0.6489898989898989,0.14772727272727273,3.159090909090909,3
rnn_diverse_influence,4,d_B,all,736,10001,1.2151345014572144,184,0.6853864734299517,0.13043478260869565,2.8315217391304346,3
rnn_diverse_influence,4,d_B,familiar,736,10001,1.2151345014572144,96,0.701388888888889,0.16666666666666666,2.6875,3
rnn_diverse_influence,4,d_B,novel,736,10001,1.2151345014572144,88,0.667929292929293,0.09090909090909091,2.9886363636363638,3
rnn_diverse_influence,4,d_R,all,736,10000,1.1314373016357422,184,0.6944444444444444,0.14130434782608695,2.75,4
rnn_diverse_influence,4,d_R,familiar,736,10000,1.1314373016357422,96,0.6909722222222223,0.13541666666666666,2.78125,4
rnn_diverse_influence,4,d_R,novel,736,10000,1.1314373016357422,88,0.6982323232323232,0.14772727272727273,2.715909090909091,4
rnn_diverse_influence,4,d_B,all,736,10001,1.1598681211471558,184,0.6799516908212561,0.14130434782608695,2.880434782608696,4
rnn_diverse_influence,4,d_B,familiar,736,10001,1.1598681211471558,96,0.7037037037037037,0.17708333333333334,2.6666666666666665,4
rnn_diverse_influence,4,d_B,novel,736,10001,1.1598681211471558,88,0.6540404040404041,0.10227272727272728,3.1136363636363638,4
rnn_diverse_influence,4,d_R,all,736,10000,1.099635124206543,184,0.7089371980676329,0.16847826086956522,2.619565217391304,5
rnn_diverse_influence,4,d_R,familiar,736,10000,1.099635124206543,96,0.7002314814814815,0.14583333333333334,2.6979166666666665,5
rnn_diverse_influence,4,d_R,novel,736,10000,1.099635124206543,88,0.7184343434343434,0.19318181818181818,2.534090909090909,5
rnn_diverse_influence,4,d_B,all,736,10001,1.18021821975708,184,0.6733091787439615,0.11413043478260869,2.9402173913043477,5
rnn_diverse_influence,4,d_B,familiar,736,10001,1.18021821975708,96,0.6932870370370371,0.125,2.7604166666666665,5
rnn_diverse_influence,4,d_B,novel,736,10001,1.18021821975708,88,0.6515151515151515,0.10227272727272728,3.1363636363636362,5
rnn_diverse_influence,4,d_R,all,736,10000,1.0581614971160889,184,0.6980676328502416,0.16847826086956522,2.717391304347826,6
rnn_diverse_influence,4,d_R,familiar,736,10000,1.0581614971160889,96,0.6944444444444445,0.14583333333333334,2.75,6
rnn_diverse_influence,4,d_R,novel,736,10000,1.0581614971160889,88,0.702020202020202,0.19318181818181818,2.6818181818181817,6
rnn_diverse_influence,4,d_B,all,736,10001,1.1616443395614624,184,0.7022946859903382,0.13043478260869565,2.6793478260869565,6
rnn_diverse_influence,4,d_B,familiar,736,10001,1.1616443395614624,96,0.7303240740740741,0.14583333333333334,2.4270833333333335,6
rnn_diverse_influence,4,d_B,novel,736,10001,1.1616443395614624,88,0.6717171717171717,0.11363636363636363,2.9545454545454546,6
rnn_diverse_influence,4,d_R,all,736,10000,1.0155000686645508,184,0.7047101449275364,0.16847826086956522,2.657608695652174,7
rnn_diverse_influence,4,d_R,familiar,736,10000,1.0155000686645508,96,0.6967592592592592,0.125,2.7291666666666665,7
rnn_diverse_influence,4,d_R,novel,736,10000,1.0155000686645508,88,0.7133838383838383,0.2159090909090909,2.5795454545454546,7
rnn_diverse_influence,4,d_B,all,736,10001,1.1273611783981323,184,0.6817632850241546,0.11413043478260869,2.864130434782609,7
rnn_diverse_influence,4,d_B,familiar,736,10001,1.1273611783981323,96,0.715277777777778,0.14583333333333334,2.5625,7
rnn_diverse_influence,4,d_B,novel,736,10001,1.1273611783981323,88,0.6452020202020203,0.07954545454545454,3.1931818181818183,7
rnn_diverse_influence,4,d_R,all,736,10000,0.998634934425354,184,0.6992753623188407,0.14673913043478262,2.7065217391304346,8
rnn_diverse_influence,4,d_R,familiar,736,10000,0.998634934425354,96,0.7048611111111112,0.14583333333333334,2.65625,8
rnn_diverse_influence,4,d_R,novel,736,10000,0.998634934425354,88,0.6931818181818182,0.14772727272727273,2.7613636363636362,8
rnn_diverse_influence,4,d_B,all,736,10001,1.0788668394088745,184,0.7053140096618357,0.13043478260869565,2.652173913043478,8
rnn_diverse_influence,4,d_B,familiar,736,10001,1.0788668394088745,96,0.726851851851852,0.15625,2.4583333333333335,8
rnn_diverse_influence,4,d_B,novel,736,10001,1.0788668394088745,88,0.6818181818181818,0.10227272727272728,2.8636363636363638,8
rnn_diverse_influence,4,d_R,all,736,10000,0.9851731061935425,184,0.6956521739130435,0.14130434782608695,2.739130434782609,9
rnn_diverse_influence,4,d_R,familiar,736,10000,0.9851731061935425,96,0.6886574074074074,0.11458333333333333,2.8020833333333335,9
rnn_diverse_influence,4,d_R,novel,736,10000,0.9851731061935425,88,0.7032828282828283,0.17045454545454544,2.6704545454545454,9
rnn_diverse_influence,4,d_B,all,736,10001,1.0420573949813843,184,0.7053140096618359,0.13043478260869565,2.652173913043478,9
rnn_diverse_influence,4,d_B,familiar,736,10001,1.0420573949813843,96,0.7083333333333335,0.13541666666666666,2.625,9
rnn_diverse_influence,4,d_B,novel,736,10001,1.0420573949813843,88,0.7020202020202021,0.125,2.6818181818181817,9
rnn_diverse_influence,4,d_R,all,736,10000,0.9676597714424133,184,0.7041062801932366,0.15760869565217392,2.6630434782608696,10
rnn_diverse_influence,4,d_R,familiar,736,10000,0.9676597714424133,96,0.7071759259259259,0.14583333333333334,2.6354166666666665,10
rnn_diverse_influence,4,d_R,novel,736,10000,0.9676597714424133,88,0.7007575757575758,0.17045454545454544,2.6931818181818183,10
rnn_diverse_influence,4,d_B,all,736,10001,1.0362942218780518,184,0.698671497584541,0.15217391304347827,2.7119565217391304,10
rnn_diverse_influence,4,d_B,familiar,736,10001,1.0362942218780518,96,0.695601851851852,0.13541666666666666,2.7395833333333335,10
rnn_diverse_influence,4,d_B,novel,736,10001,1.0362942218780518,88,0.7020202020202021,0.17045454545454544,2.6818181818181817,10
rnn_diverse_influence,4,d_R,all,736,10000,0.9339501857757568,184,0.7336956521739131,0.15217391304347827,2.3967391304347827,11
rnn_diverse_influence,4,d_R,familiar,736,10000,0.9339501857757568,96,0.7199074074074074,0.13541666666666666,2.5208333333333335,11
rnn_diverse_influence,4,d_R,novel,736,10000,0.9339501857757568,88,0.7487373737373737,0.17045454545454544,2.2613636363636362,11
rnn_diverse_influence,4,d_B,all,736,10001,0.9638789892196655,184,0.7035024154589372,0.15760869565217392,2.6684782608695654,11
rnn_diverse_influence,4,d_B,familiar,736,10001,0.9638789892196655,96,0.7083333333333334,0.1875,2.625,11
rnn_diverse_influence,4,d_B,novel,736,10001,0.9638789892196655,88,0.6982323232323233,0.125,2.715909090909091,11
rnn_diverse_influence,4,d_R,all,736,10000,0.9341611266136169,184,0.7312801932367151,0.1358695652173913,2.4184782608695654,12
rnn_diverse_influence,4,d_R,familiar,736,10000,0.9341611266136169,96,0.7384259259259259,0.13541666666666666,2.3541666666666665,12
rnn_diverse_influence,4,d_R,novel,736,10000,0.9341611266136169,88,0.7234848484848485,0.13636363636363635,2.4886363636363638,12
rnn_diverse_influence,4,d_B,all,736,10001,0.9597636461257935,184,0.7252415458937199,0.16847826086956522,2.472826086956522,12
rnn_diverse_influence,4,d_B,familiar,736,10001,0.9597636461257935,96,0.7465277777777778,0.20833333333333334,2.28125,12
rnn_diverse_influence,4,d_B,novel,736,10001,0.9597636461257935,88,0.702020202020202,0.125,2.6818181818181817,12
rnn_diverse_influence,4,d_R,all,736,10000,0.9225813150405884,184,0.7403381642512078,0.15760869565217392,2.3369565217391304,13
rnn_diverse_influence,4,d_R,familiar,736,10000,0.9225813150405884,96,0.7337962962962963,0.15625,2.3958333333333335,13
rnn_diverse_influence,4,d_R,novel,736,10000,0.9225813150405884,88,0.7474747474747474,0.1590909090909091,2.272727272727273,13
rnn_diverse_influence,4,d_B,all,736,10001,0.9350289106369019,184,0.7439613526570048,0.20652173913043478,2.3043478260869565,13
rnn_diverse_influence,4,d_B,familiar,736,10001,0.9350289106369019,96,0.7685185185185186,0.2604166666666667,2.0833333333333335,13
rnn_diverse_influence,4,d_B,novel,736,10001,0.9350289106369019,88,0.7171717171717172,0.14772727272727273,2.5454545454545454,13
rnn_diverse_influence,4,d_R,all,736,10000,0.9172416925430298,184,0.7367149758454106,0.13043478260869565,2.369565217391304,14
rnn_diverse_influence,4,d_R,familiar,736,10000,0.9172416925430298,96,0.7314814814814815,0.10416666666666667,2.4166666666666665,14
rnn_diverse_influence,4,d_R,novel,736,10000,0.9172416925430298,88,0.7424242424242423,0.1590909090909091,2.3181818181818183,14
rnn_diverse_influence,4,d_B,all,736,10001,0.9428094625473022,184,0.7143719806763286,0.18478260869565216,2.5706521739130435,14
rnn_diverse_influence,4,d_B,familiar,736,10001,0.9428094625473022,96,0.7291666666666666,0.21875,2.4375,14
rnn_diverse_influence,4,d_B,novel,736,10001,0.9428094625473022,88,0.6982323232323232,0.14772727272727273,2.715909090909091,14
rnn_diverse_influence,4,d_R,all,736,10000,0.9518553614616394,184,0.7330917874396137,0.16304347826086957,2.402173913043478,15
rnn_diverse_influence,4,d_R,familiar,736,10000,0.9518553614616394,96,0.7256944444444445,0.14583333333333334,2.46875,15
rnn_diverse_influence,4,d_R,novel,736,10000,0.9518553614616394,88,0.7411616161616162,0.18181818181818182,2.3295454545454546,15
rnn_diverse_influence,4,d_B,all,736,10001,0.9571802616119385,184,0.7234299516908211,0.17391304347826086,2.489130434782609,15
rnn_diverse_influence,4,d_B,familiar,736,10001,0.9571802616119385,96,0.7210648148148149,0.19791666666666666,2.5104166666666665,15
rnn_diverse_influence,4,d_B,novel,736,10001,0.9571802616119385,88,0.7260101010101011,0.14772727272727273,2.465909090909091,15
rnn_diverse_influence,4,d_R,all,736,10000,0.9458868503570557,184,0.7222222222222222,0.15760869565217392,2.5,16
rnn_diverse_influence,4,d_R,familiar,736,10000,0.9458868503570557,96,0.7303240740740741,0.16666666666666666,2.4270833333333335,16
rnn_diverse_influence,4,d_R,novel,736,10000,0.9458868503570557,88,0.7133838383838385,0.14772727272727273,2.5795454545454546,16
rnn_diverse_influence,4,d_B,all,736,10001,0.9502614736557007,184,0.7185990338164252,0.15760869565217392,2.532608695652174,16
rnn_diverse_influence,4,d_B,familiar,736,10001,0.9502614736557007,96,0.7245370370370371,0.19791666666666666,2.4791666666666665,16
rnn_diverse_influence,4,d_B,novel,736,10001,0.9502614736557007,88,0.7121212121212122,0.11363636363636363,2.590909090909091,16
rnn_diverse_influence,4,d_R,all,736,10000,0.9185490608215332,184,0.7330917874396137,0.1793478260869565,2.402173913043478,17
rnn_diverse_influence,4,d_R,familiar,736,10000,0.9185490608215332,96,0.7511574074074074,0.1875,2.2395833333333335,17
rnn_diverse_influence,4,d_R,novel,736,10000,0.9185490608215332,88,0.7133838383838383,0.17045454545454544,2.5795454545454546,17
rnn_diverse_influence,4,d_B,all,736,10001,0.9716533422470093,184,0.7306763285024155,0.14673913043478262,2.4239130434782608,17
rnn_diverse_influence,4,d_B,familiar,736,10001,0.9716533422470093,96,0.7372685185185185,0.17708333333333334,2.3645833333333335,17
rnn_diverse_influence,4,d_B,novel,736,10001,0.9716533422470093,88,0.7234848484848485,0.11363636363636363,2.4886363636363638,17
rnn_diverse_influence,4,d_R,all,736,10000,0.8924621343612671,184,0.730072463768116,0.16304347826086957,2.4293478260869565,18
rnn_diverse_influence,4,d_R,familiar,736,10000,0.8924621343612671,96,0.7349537037037037,0.16666666666666666,2.3854166666666665,18
rnn_diverse_influence,4,d_R,novel,736,10000,0.8924621343612671,88,0.7247474747474748,0.1590909090909091,2.477272727272727,18
rnn_diverse_influence,4,d_B,all,736,10001,0.9525682330131531,184,0.7336956521739131,0.19021739130434784,2.3967391304347827,18
rnn_diverse_influence,4,d_B,familiar,736,10001,0.9525682330131531,96,0.7395833333333334,0.25,2.34375,18
rnn_diverse_influence,4,d_B,novel,736,10001,0.9525682330131531,88,0.7272727272727273,0.125,2.4545454545454546,18
rnn_diverse_influence,4,d_R,all,736,10000,0.8744430541992188,184,0.7433574879227053,0.1956521739130435,2.3097826086956523,19
rnn_diverse_influence,4,d_R,familiar,736,10000,0.8744430541992188,96,0.7465277777777778,0.19791666666666666,2.28125,19
rnn_diverse_influence,4,d_R,novel,736,10000,0.8744430541992188,88,0.73989898989899,0.19318181818181818,2.340909090909091,19
rnn_diverse_influence,4,d_B,all,736,10001,0.9394360184669495,184,0.7409420289855071,0.15760869565217392,2.3315217391304346,19
rnn_diverse_influence,4,d_B,familiar,736,10001,0.9394360184669495,96,0.7442129629629631,0.19791666666666666,2.3020833333333335,19
rnn_diverse_influence,4,d_B,novel,736,10001,0.9394360184669495,88,0.7373737373737373,0.11363636363636363,2.3636363636363638,19
rnn_diverse_influence,5,d_R,all,736,10000,0.5805916786193848,184,0.8001207729468599,0.20652173913043478,1.798913043478261,0
rnn_diverse_influence,5,d_R,familiar,736,10000,0.5805916786193848,96,0.7962962962962964,0.22916666666666666,1.8333333333333333,0
rnn_diverse_influence,5,d_R,novel,736,10000,0.5805916786193848,88,0.8042929292929292,0.18181818181818182,1.7613636363636365,0
rnn_diverse_influence,5,d_B,all,736,10001,0.3945503532886505,184,0.8544685990338164,0.3641304347826087,1.309782608695652,0
rnn_diverse_influence,5,d_B,familiar,736,10001,0.3945503532886505,96,0.8518518518518517,0.3854166666666667,1.3333333333333333,0
rnn_diverse_influence,5,d_B,novel,736,10001,0.3945503532886505,88,0.8573232323232325,0.3409090909090909,1.2840909090909092,0
rnn_diverse_influence,5,d_R,all,736,10000,0.49865058064460754,184,0.8297101449275364,0.28804347826086957,1.5326086956521738,1
rnn_diverse_influence,5,d_R,familiar,736,10000,0.49865058064460754,96,0.8356481481481483,0.3020833333333333,1.4791666666666667,1
rnn_diverse_influence,5,d_R,novel,736,10000,0.49865058064460754,88,0.8232323232323234,0.2727272727272727,1.5909090909090908,1
rnn_diverse_influence,5,d_B,all,736,10001,0.34164780378341675,184,0.8834541062801932,0.3858695652173913,1.048913043478261,1
rnn_diverse_influence,5,d_B,familiar,736,10001,0.34164780378341675,96,0.883101851851852,0.40625,1.0520833333333333,1
rnn_diverse_influence,5,d_B,novel,736,10001,0.34164780378341675,88,0.883838383838384,0.36363636363636365,1.0454545454545454,1
rnn_diverse_influence,5,d_R,all,736,10000,0.4550040364265442,184,0.8568840579710146,0.375,1.2880434782608696,2
rnn_diverse_influence,5,d_R,familiar,736,10000,0.4550040364265442,96,0.8541666666666666,0.375,1.3125,2
rnn_diverse_influence,5,d_R,novel,736,10000,0.4550040364265442,88,0.8598484848484851,0.375,1.2613636363636365,2
rnn_diverse_influence,5,d_B,all,736,10001,0.2875303328037262,184,0.8900966183574879,0.40217391304347827,0.9891304347826086,2
rnn_diverse_influence,5,d_B,familiar,736,10001,0.2875303328037262,96,0.8993055555555557,0.40625,0.90625,2
rnn_diverse_influence,5,d_B,novel,736,10001,0.2875303328037262,88,0.8800505050505052,0.3977272727272727,1.0795454545454546,2
rnn_diverse_influence,5,d_R,all,736,10000,0.45447149872779846,184,0.8774154589371982,0.43478260869565216,1.1032608695652173,3
rnn_diverse_influence,5,d_R,familiar,736,10000,0.45447149872779846,96,0.883101851851852,0.4375,1.0520833333333333,3
rnn_diverse_influence,5,d_R,novel,736,10000,0.45447149872779846,88,0.8712121212121214,0.4318181818181818,1.1590909090909092,3
rnn_diverse_influence,5,d_B,all,736,10001,0.3198426365852356,184,0.8937198067632851,0.45108695652173914,0.9565217391304348,3
rnn_diverse_influence,5,d_B,familiar,736,10001,0.3198426365852356,96,0.888888888888889,0.4479166666666667,1.0,3
rnn_diverse_influence,5,d_B,novel,736,10001,0.3198426365852356,88,0.898989898989899,0.45454545454545453,0.9090909090909091,3
rnn_diverse_influence,5,d_R,all,736,10000,0.463098406791687,184,0.8858695652173914,0.5,1.0271739130434783,4
rnn_diverse_influence,5,d_R,familiar,736,10000,0.463098406791687,96,0.8865740740740743,0.5208333333333334,1.0208333333333333,4
rnn_diverse_influence,5,d_R,novel,736,10000,0.463098406791687,88,0.88510101010101,0.4772727272727273,1.0340909090909092,4
rnn_diverse_influence,5,d_B,all,736,10001,0.31977081298828125,184,0.9070048309178745,0.5,0.8369565217391305,4
rnn_diverse_influence,5,d_B,familiar,736,10001,0.31977081298828125,96,0.9108796296296297,0.5416666666666666,0.8020833333333334,4
rnn_diverse_influence,5,d_B,novel,736,10001,0.31977081298828125,88,0.9027777777777779,0.45454545454545453,0.875,4
rnn_diverse_influence,5,d_R,all,736,10000,0.47077158093452454,184,0.8979468599033816,0.5108695652173914,0.9184782608695652,5
rnn_diverse_influence,5,d_R,familiar,736,10000,0.47077158093452454,96,0.9131944444444445,0.5625,0.78125,5
rnn_diverse_influence,5,d_R,novel,736,10000,0.47077158093452454,88,0.8813131313131314,0.45454545454545453,1.0681818181818181,5
rnn_diverse_influence,5,d_B,all,736,10001,0.3185819685459137,184,0.906400966183575,0.5380434782608695,0.842391304347826,5
rnn_diverse_influence,5,d_B,familiar,736,10001,0.3185819685459137,96,0.8923611111111112,0.5,0.96875,5
rnn_diverse_influence,5,d_B,novel,736,10001,0.3185819685459137,88,0.9217171717171717,0.5795454545454546,0.7045454545454546,5
rnn_diverse_influence,5,d_R,all,736,10000,0.4663758873939514,184,0.8967391304347826,0.5380434782608695,0.9293478260869565,6
rnn_diverse_influence,5,d_R,familiar,736,10000,0.4663758873939514,96,0.9039351851851852,0.59375,0.8645833333333334,6
rnn_diverse_influence,5,d_R,novel,736,10000,0.4663758873939514,88,0.888888888888889,0.4772727272727273,1.0,6
rnn_diverse_influence,5,d_B,all,736,10001,0.33737221360206604,184,0.9148550724637683,0.5489130434782609,0.7663043478260869,6
rnn_diverse_influence,5,d_B,familiar,736,10001,0.33737221360206604,96,0.9120370370370369,0.5520833333333334,0.7916666666666666,6
rnn_diverse_influence,5,d_B,novel,736,10001,0.33737221360206604,88,0.917929292929293,0.5454545454545454,0.7386363636363636,6
rnn_diverse_influence,5,d_R,all,736,10000,0.4507569968700409,184,0.8961352657004832,0.5380434782608695,0.9347826086956522,7
rnn_diverse_influence,5,d_R,familiar,736,10000,0.4507569968700409,96,0.8900462962962964,0.5729166666666666,0.9895833333333334,7
rnn_diverse_influence,5,d_R,novel,736,10000,0.4507569968700409,88,0.9027777777777779,0.5,0.875,7
rnn_diverse_influence,5,d_B,all,736,10001,0.34647127985954285,184,0.9184782608695652,0.5652173913043478,0.7336956521739131,7
rnn_diverse_influence,5,d_B,familiar,736,10001,0.34647127985954285,96,0.9166666666666666,0.5416666666666666,0.75,7
rnn_diverse_influence,5,d_B,novel,736,10001,0.34647127985954285,88,0.9204545454545454,0.5909090909090909,0.7159090909090909,7
rnn_diverse_influence,5,d_R,all,736,10000,0.4526781439781189,184,0.8961352657004831,0.5543478260869565,0.9347826086956522,8
rnn_diverse_influence,5,d_R,familiar,736,10000,0.4526781439781189,96,0.9004629629629631,0.6145833333333334,0.8958333333333334,8
rnn_diverse_influence,5,d_R,novel,736,10000,0.4526781439781189,88,0.8914141414141415,0.48863636363636365,0.9772727272727273,8
rnn_diverse_influence,5,d_B,all,736,10001,0.3571101129055023,184,0.9233091787439613,0.592391304347826,0.6902173913043478,8
rnn_diverse_influence,5,d_B,familiar,736,10001,0.3571101129055023,96,0.9224537037037037,0.5729166666666666,0.6979166666666666,8
rnn_diverse_influence,5,d_B,novel,736,10001,0.3571101129055023,88,0.9242424242424242,0.6136363636363636,0.6818181818181818,8
rnn_diverse_influence,5,d_R,all,736,10000,0.4470230042934418,184,0.9045893719806763,0.5760869565217391,0.8586956521739131,9
rnn_diverse_influence,5,d_R,familiar,736,10000,0.4470230042934418,96,0.9108796296296298,0.625,0.8020833333333334,9
rnn_diverse_influence,5,d_R,novel,736,10000,0.4470230042934418,88,0.8977272727272729,0.5227272727272727,0.9204545454545454,9
rnn_diverse_influence,5,d_B,all,736,10001,0.3562958836555481,184,0.9208937198067634,0.6195652173913043,0.7119565217391305,9
rnn_diverse_influence,5,d_B,familiar,736,10001,0.3562958836555481,96,0.9120370370370371,0.5625,0.7916666666666666,9
rnn_diverse_influence,5,d_B,novel,736,10001,0.3562958836555481,88,0.9305555555555557,0.6818181818181818,0.625,9
rnn_diverse_influence,5,d_R,all,736,10000,0.44629520177841187,184,0.9003623188405798,0.5760869565217391,0.8967391304347826,10
rnn_diverse_influence,5,d_R,familiar,736,10000,0.44629520177841187,96,0.9016203703703706,0.6041666666666666,0.8854166666666666,10
rnn_diverse_influence,5,d_R,novel,736,10000,0.44629520177841187,88,0.898989898989899,0.5454545454545454,0.9090909090909091,10
rnn_diverse_influence,5,d_B,all,736,10001,0.3771072030067444,184,0.920289855072464,0.5869565217391305,0.717391304347826,10
rnn_diverse_influence,5,d_B,familiar,736,10001,0.3771072030067444,96,0.9201388888888888,0.5833333333333334,0.71875,10
rnn_diverse_influence,5,d_B,novel,736,10001,0.3771072030067444,88,0.9204545454545454,0.5909090909090909,0.7159090909090909,10
rnn_diverse_influence,5,d_R,all,736,10000,0.4509284496307373,184,0.9021739130434783,0.5869565217391305,0.8804347826086957,11
rnn_diverse_influence,5,d_R,familiar,736,10000,0.4509284496307373,96,0.9050925925925927,0.625,0.8541666666666666,11
rnn_diverse_influence,5,d_R,novel,736,10000,0.4509284496307373,88,0.898989898989899,0.5454545454545454,0.9090909090909091,11
rnn_diverse_influence,5,d_B,all,736,10001,0.3834514319896698,184,0.9130434782608695,0.5760869565217391,0.782608695652174,11
rnn_diverse_influence,5,d_B,familiar,736,10001,0.3834514319896698,96,0.9131944444444443,0.5729166666666666,0.78125,11
rnn_diverse_influence,5,d_B,novel,736,10001,0.3834514319896698,88,0.912878787878788,0.5795454545454546,0.7840909090909091,11
rnn_diverse_influence,5,d_R,all,736,10000,0.4484143555164337,184,0.9064009661835748,0.6032608695652174,0.842391304347826,12
rnn_diverse_influence,5,d_R,familiar,736,10000,0.4484143555164337,96,0.9074074074074074,0.6458333333333334,0.8333333333333334,12
rnn_diverse_influence,5,d_R,novel,736,10000,0.4484143555164337,88,0.9053030303030305,0.5568181818181818,0.8522727272727273,12
rnn_diverse_influence,5,d_B,all,736,10001,0.39103642106056213,184,0.9148550724637682,0.5815217391304348,0.7663043478260869,12
rnn_diverse_influence,5,d_B,familiar,736,10001,0.39103642106056213,96,0.9143518518518517,0.5729166666666666,0.7708333333333334,12
rnn_diverse_influence,5,d_B,novel,736,10001,0.39103642106056213,88,0.9154040404040402,0.5909090909090909,0.7613636363636364,12
rnn_diverse_influence,5,d_R,all,736,10000,0.4547633230686188,184,0.8991545893719806,0.6032608695652174,0.907608695652174,13
rnn_diverse_influence,5,d_R,familiar,736,10000,0.4547633230686188,96,0.894675925925926,0.625,0.9479166666666666,13
rnn_diverse_influence,5,d_R,novel,736,10000,0.4547633230686188,88,0.9040404040404041,0.5795454545454546,0.8636363636363636,13
rnn_diverse_influence,5,d_B,all,736,10001,0.4027937054634094,184,0.9214975845410628,0.5760869565217391,0.7065217391304348,13
rnn_diverse_influence,5,d_B,familiar,736,10001,0.4027937054634094,96,0.920138888888889,0.5833333333333334,0.71875,13
rnn_diverse_influence,5,d_B,novel,736,10001,0.4027937054634094,88,0.922979797979798,0.5681818181818182,0.6931818181818182,13
rnn_diverse_influence,5,d_R,all,736,10000,0.4752047657966614,184,0.9057971014492755,0.5869565217391305,0.8478260869565217,14
rnn_diverse_influence,5,d_R,familiar,736,10000,0.4752047657966614,96,0.9050925925925927,0.6041666666666666,0.8541666666666666,14
rnn_diverse_influence,5,d_R,novel,736,10000,0.4752047657966614,88,0.9065656565656567,0.5681818181818182,0.8409090909090909,14
rnn_diverse_influence,5,d_B,all,736,10001,0.3978109657764435,184,0.9208937198067634,0.5652173913043478,0.7119565217391305,14
rnn_diverse_influence,5,d_B,familiar,736,10001,0.3978109657764435,96,0.9212962962962964,0.5833333333333334,0.7083333333333334,14
rnn_diverse_influence,5,d_B,novel,736,10001,0.3978109657764435,88,0.9204545454545454,0.5454545454545454,0.7159090909090909,14
rnn_diverse_influence,5,d_R,all,736,10000,0.47856372594833374,184,0.9045893719806763,0.6086956521739131,0.8586956521739131,15
rnn_diverse_influence,5,d_R,familiar,736,10000,0.47856372594833374,96,0.9004629629629631,0.625,0.8958333333333334,15
rnn_diverse_influence,5,d_R,novel,736,10000,0.47856372594833374,88,0.9090909090909091,0.5909090909090909,0.8181818181818182,15
rnn_diverse_influence,5,d_B,all,736,10001,0.4024851322174072,184,0.9245169082125604,0.5760869565217391,0.6793478260869565,15
rnn_diverse_influence,5,d_B,familiar,736,10001,0.4024851322174072,96,0.9189814814814815,0.5729166666666666,0.7291666666666666,15
rnn_diverse_influence,5,d_B,novel,736,10001,0.4024851322174072,88,0.9305555555555555,0.5795454545454546,0.625,15
rnn_diverse_influence,5,d_R,all,736,10000,0.48322388529777527,184,0.9106280193236714,0.6141304347826086,0.8043478260869565,16
rnn_diverse_influence,5,d_R,familiar,736,10000,0.48322388529777527,96,0.9085648148148149,0.625,0.8229166666666666,16
rnn_diverse_influence,5,d_R,novel,736,10000,0.48322388529777527,88,0.912878787878788,0.6022727272727273,0.7840909090909091,16
rnn_diverse_influence,5,d_B,all,736,10001,0.4030246436595917,184,0.9214975845410629,0.5869565217391305,0.7065217391304348,16
rnn_diverse_influence,5,d_B,familiar,736,10001,0.4030246436595917,96,0.9212962962962963,0.6041666666666666,0.7083333333333334,16
rnn_diverse_influence,5,d_B,novel,736,10001,0.4030246436595917,88,0.9217171717171717,0.5681818181818182,0.7045454545454546,16
rnn_diverse_influence,5,d_R,all,736,10000,0.48843422532081604,184,0.908816425120773,0.5869565217391305,0.8206521739130435,17
rnn_diverse_influence,5,d_R,familiar,736,10000,0.48843422532081604,96,0.90625,0.6145833333333334,0.84375,17
rnn_diverse_influence,5,d_R,novel,736,10000,0.48843422532081604,88,0.9116161616161617,0.5568181818181818,0.7954545454545454,17
rnn_diverse_influence,5,d_B,all,736,10001,0.4098520278930664,184,0.9221014492753624,0.5869565217391305,0.7010869565217391,17
rnn_diverse_influence,5,d_B,familiar,736,10001,0.4098520278930664,96,0.9212962962962963,0.6041666666666666,0.7083333333333334,17
rnn_diverse_influence,5,d_B,novel,736,10001,0.4098520278930664,88,0.9229797979797979,0.5681818181818182,0.6931818181818182,17
rnn_diverse_influence,5,d_R,all,736,10000,0.4921226501464844,184,0.9021739130434783,0.5869565217391305,0.8804347826086957,18
rnn_diverse_influence,5,d_R,familiar,736,10000,0.4921226501464844,96,0.8923611111111112,0.59375,0.96875,18
rnn_diverse_influence,5,d_R,novel,736,10000,0.4921226501464844,88,0.912878787878788,0.5795454545454546,0.7840909090909091,18
rnn_diverse_influence,5,d_B,all,736,10001,0.4156751334667206,184,0.926328502415459,0.6141304347826086,0.6630434782608695,18
rnn_diverse_influence,5,d_B,familiar,736,10001,0.4156751334667206,96,0.9224537037037036,0.6145833333333334,0.6979166666666666,18
rnn_diverse_influence,5,d_B,novel,736,10001,0.4156751334667206,88,0.9305555555555557,0.6136363636363636,0.625,18
rnn_diverse_influence,5,d_R,all,736,10000,0.4895845353603363,184,0.9039855072463768,0.5978260869565217,0.8641304347826086,19
rnn_diverse_influence,5,d_R,familiar,736,10000,0.4895845353603363,96,0.8958333333333335,0.6041666666666666,0.9375,19
rnn_diverse_influence,5,d_R,novel,736,10000,0.4895845353603363,88,0.912878787878788,0.5909090909090909,0.7840909090909091,19
rnn_diverse_influence,5,d_B,all,736,10001,0.4185645878314972,184,0.9251207729468599,0.6141304347826086,0.6739130434782609,19
rnn_diverse_influence,5,d_B,familiar,736,10001,0.4185645878314972,96,0.920138888888889,0.625,0.71875,19
rnn_diverse_influence,5,d_B,novel,736,10001,0.4185645878314972,88,0.9305555555555555,0.6022727272727273,0.625,19
rnn_single_influence,1,d_R,all,736,10000,0.5255038142204285,184,0.8979468599033816,0.41304347826086957,0.9184782608695652,0
rnn_single_influence,1,d_R,familiar,736,10000,0.5255038142204285,96,0.9016203703703706,0.3854166666666667,0.8854166666666666,0
rnn_single_influence,1,d_R,novel,736,10000,0.5255038142204285,88,0.8939393939393941,0.4431818181818182,0.9545454545454546,0
rnn_single_influence,1,d_B,all,736,10001,0.9953871965408325,184,0.8121980676328503,0.17391304347826086,1.690217391304348,0
rnn_single_influence,1,d_B,familiar,736,10001,0.9953871965408325,96,0.7997685185185186,0.15625,1.8020833333333333,0
rnn_single_influence,1,d_B,novel,736,10001,0.9953871965408325,88,0.8257575757575758,0.19318181818181818,1.5681818181818181,0
rnn_single_influence,1,d_R,all,736,10000,0.42613428831100464,184,0.9208937198067634,0.45652173913043476,0.7119565217391305,1
rnn_single_influence,1,d_R,familiar,736,10000,0.42613428831100464,96,0.9270833333333334,0.4166666666666667,0.65625,1
rnn_single_influence,1,d_R,novel,736,10000,0.42613428831100464,88,0.9141414141414143,0.5,0.7727272727272727,1
rnn_single_influence,1,d_B,all,736,10001,0.9700393676757812,184,0.8266908212560388,0.24456521739130435,1.559782608695652,1
rnn_single_influence,1,d_B,familiar,736,10001,0.9700393676757812,96,0.8067129629629631,0.23958333333333334,1.7395833333333333,1
rnn_single_influence,1,d_B,novel,736,10001,0.9700393676757812,88,0.8484848484848485,0.25,1.3636363636363635,1
rnn_single_influence,1,d_R,all,736,10000,0.38647863268852234,184,0.9384057971014493,0.5489130434782609,0.5543478260869565,2
rnn_single_influence,1,d_R,familiar,736,10000,0.38647863268852234,96,0.9421296296296298,0.5416666666666666,0.5208333333333334,2
rnn_single_influence,1,d_R,novel,736,10000,0.38647863268852234,88,0.9343434343434344,0.5568181818181818,0.5909090909090909,2
rnn_single_influence,1,d_B,all,736,10001,0.9680375456809998,184,0.8224637681159422,0.25,1.5978260869565217,2
rnn_single_influence,1,d_B,familiar,736,10001,0.9680375456809998,96,0.8171296296296298,0.2708333333333333,1.6458333333333333,2
rnn_single_influence,1,d_B,novel,736,10001,0.9680375456809998,88,0.8282828282828284,0.22727272727272727,1.5454545454545454,2
rnn_single_influence,1,d_R,all,736,10000,0.35704317688941956,184,0.940217391304348,0.5543478260869565,0.5380434782608695,3
rnn_single_influence,1,d_R,familiar,736,10000,0.35704317688941956,96,0.9398148148148149,0.5208333333333334,0.5416666666666666,3
rnn_single_influence,1,d_R,novel,736,10000,0.35704317688941956,88,0.9406565656565656,0.5909090909090909,0.5340909090909091,3
rnn_single_influence,1,d_B,all,736,10001,0.9866580367088318,184,0.823671497584541,0.2554347826086957,1.5869565217391304,3
rnn_single_influence,1,d_B,familiar,736,10001,0.9866580367088318,96,0.8020833333333334,0.25,1.78125,3
rnn_single_influence,1,d_B,novel,736,10001,0.9866580367088318,88,0.8472222222222222,0.26136363636363635,1.375,3
rnn_single_influence,1,d_R,all,736,10000,0.33370089530944824,184,0.942632850241546,0.5978260869565217,0.5163043478260869,4
rnn_single_influence,1,d_R,familiar,736,10000,0.33370089530944824,96,0.9421296296296298,0.5833333333333334,0.5208333333333334,4
rnn_single_influence,1,d_R,novel,736,10000,0.33370089530944824,88,0.9431818181818183,0.6136363636363636,0.5113636363636364,4
rnn_single_influence,1,d_B,all,736,10001,0.9868181347846985,184,0.8254830917874397,0.1793478260869565,1.5706521739130435,4
rnn_single_influence,1,d_B,familiar,736,10001,0.9868181347846985,96,0.8275462962962964,0.21875,1.5520833333333333,4
rnn_single_influence,1,d_B,novel,736,10001,0.9868181347846985,88,0.8232323232323234,0.13636363636363635,1.5909090909090908,4
rnn_single_influence,1,d_R,all,736,10000,0.3276396095752716,184,0.9547101449275364,0.6467391304347826,0.4076086956521739,5
rnn_single_influence,1,d_R,familiar,736,10000,0.3276396095752716,96,0.9560185185185186,0.6354166666666666,0.3958333333333333,5
rnn_single_influence,1,d_R,novel,736,10000,0.3276396095752716,88,0.9532828282828284,0.6590909090909091,0.42045454545454547,5
rnn_single_influence,1,d_B,all,736,10001,0.9952418208122253,184,0.8218599033816425,0.1793478260869565,1.6032608695652173,5
rnn_single_influence,1,d_B,familiar,736,10001,0.9952418208122253,96,0.8333333333333334,0.19791666666666666,1.5,5
rnn_single_influence,1,d_B,novel,736,10001,0.9952418208122253,88,0.8093434343434344,0.1590909090909091,1.7159090909090908,5
rnn_single_influence,1,d_R,all,736,10000,0.3142256736755371,184,0.9613526570048311,0.6847826086956522,0.34782608695652173,6
rnn_single_influence,1,d_R,familiar,736,10000,0.3142256736755371,96,0.9606481481481484,0.6666666666666666,0.3541666666666667,6
rnn_single_influence,1,d_R,novel,736,10000,0.3142256736755371,88,0.9621212121212122,0.7045454545454546,0.3409090909090909,6
rnn_single_influence,1,d_B,all,736,10001,0.9941310286521912,184,0.8315217391304348,0.21739130434782608,1.516304347826087,6
rnn_single_influence,1,d_B,familiar,736,10001,0.9941310286521912,96,0.8391203703703703,0.2604166666666667,1.4479166666666667,6
rnn_single_influence,1,d_B,novel,736,10001,0.9941310286521912,88,0.8232323232323234,0.17045454545454544,1.5909090909090908,6
rnn_single_influence,1,d_R,all,736,10000,0.3012767434120178,184,0.9577294685990339,0.6630434782608695,0.3804347826086957,7
rnn_single_influence,1,d_R,familiar,736,10000,0.3012767434120178,96,0.9594907407407408,0.65625,0.3645833333333333,7
rnn_single_influence,1,d_R,novel,736,10000,0.3012767434120178,88,0.955808080808081,0.6704545454545454,0.3977272727272727,7
rnn_single_influence,1,d_B,all,736,10001,1.0026501417160034,184,0.8309178743961353,0.20108695652173914,1.5217391304347827,7
rnn_single_influence,1,d_B,familiar,736,10001,1.0026501417160034,96,0.8344907407407408,0.20833333333333334,1.4895833333333333,7
rnn_single_influence,1,d_B,novel,736,10001,1.0026501417160034,88,0.827020202020202,0.19318181818181818,1.5568181818181819,7
rnn_single_influence,1,d_R,all,736,10000,0.30484676361083984,184,0.9589371980676329,0.6793478260869565,0.3695652173913043,8
rnn_single_influence,1,d_R,familiar,736,10000,0.30484676361083984,96,0.9594907407407409,0.65625,0.3645833333333333,8
rnn_single_influence,1,d_R,novel,736,10000,0.30484676361083984,88,0.9583333333333335,0.7045454545454546,0.375,8
rnn_single_influence,1,d_B,all,736,10001,0.994621217250824,184,0.8182367149758454,0.15760869565217392,1.6358695652173914,8
rnn_single_influence,1,d_B,familiar,736,10001,0.994621217250824,96,0.8125,0.14583333333333334,1.6875,8
rnn_single_influence,1,d_B,novel,736,10001,0.994621217250824,88,0.8244949494949497,0.17045454545454544,1.5795454545454546,8
rnn_single_influence,1,d_R,all,736,10000,0.29788848757743835,184,0.9583333333333334,0.6793478260869565,0.375,9
rnn_single_influence,1,d_R,familiar,736,10000,0.29788848757743835,96,0.9618055555555557,0.6666666666666666,0.34375,9
rnn_single_influence,1,d_R,novel,736,10000,0.29788848757743835,88,0.9545454545454546,0.6931818181818182,0.4090909090909091,9
rnn_single_influence,1,d_B,all,736,10001,0.9831184148788452,184,0.8230676328502416,0.1793478260869565,1.5923913043478262,9
rnn_single_influence,1,d_B,familiar,736,10001,0.9831184148788452,96,0.8125,0.15625,1.6875,9
rnn_single_influence,1,d_B,novel,736,10001,0.9831184148788452,88,0.8345959595959598,0.20454545454545456,1.4886363636363635,9
rnn_single_influence,1,d_R,all,736,10000,0.2906675636768341,184,0.9535024154589372,0.6413043478260869,0.41847826086956524,10
rnn_single_influence,1,d_R,familiar,736,10000,0.2906675636768341,96,0.9560185185185186,0.625,0.3958333333333333,10
rnn_single_influence,1,d_R,novel,736,10000,0.2906675636768341,88,0.9507575757575758,0.6590909090909091,0.4431818181818182,10
rnn_single_influence,1,d_B,all,736,10001,0.9703301191329956,184,0.8393719806763286,0.22826086956521738,1.4456521739130435,10
rnn_single_influence,1,d_B,familiar,736,10001,0.9703301191329956,96,0.8414351851851851,0.20833333333333334,1.4270833333333333,10
rnn_single_influence,1,d_B,novel,736,10001,0.9703301191329956,88,0.8371212121212122,0.25,1.4659090909090908,10
rnn_single_influence,1,d_R,all,736,10000,0.2863005995750427,184,0.9565217391304348,0.6467391304347826,0.391304347826087,11
rnn_single_influence,1,d_R,familiar,736,10000,0.2863005995750427,96,0.9594907407407408,0.6458333333333334,0.3645833333333333,11
rnn_single_influence,1,d_R,novel,736,10000,0.2863005995750427,88,0.9532828282828284,0.6477272727272727,0.42045454545454547,11
rnn_single_influence,1,d_B,all,736,10001,0.9636721611022949,184,0.8357487922705313,0.20652173913043478,1.4782608695652173,11
rnn_single_influence,1,d_B,familiar,736,10001,0.9636721611022949,96,0.8310185185185185,0.1875,1.5208333333333333,11
rnn_single_influence,1,d_B,novel,736,10001,0.9636721611022949,88,0.840909090909091,0.22727272727272727,1.4318181818181819,11
rnn_single_influence,1,d_R,all,736,10000,0.28074362874031067,184,0.9595410628019324,0.6739130434782609,0.3641304347826087,12
rnn_single_influence,1,d_R,familiar,736,10000,0.28074362874031067,96,0.9629629629629631,0.6770833333333334,0.3333333333333333,12
rnn_single_influence,1,d_R,novel,736,10000,0.28074362874031067,88,0.9558080808080809,0.6704545454545454,0.3977272727272727,12
rnn_single_influence,1,d_B,all,736,10001,0.956642210483551,184,0.838768115942029,0.2554347826086957,1.451086956521739,12
rnn_single_influence,1,d_B,familiar,736,10001,0.956642210483551,96,0.8333333333333334,0.2604166666666667,1.5,12
rnn_single_influence,1,d_B,novel,736,10001,0.956642210483551,88,0.8446969696969698,0.25,1.3977272727272727,12
rnn_single_influence,1,d_R,all,736,10000,0.269666850566864,184,0.96256038647343,0.7010869565217391,0.33695652173913043,13
rnn_single_influence,1,d_R,familiar,736,10000,0.269666850566864,96,0.965277777777778,0.7083333333333334,0.3125,13
rnn_single_influence,1,d_R,novel,736,10000,0.269666850566864,88,0.9595959595959598,0.6931818181818182,0.36363636363636365,13
rnn_single_influence,1,d_B,all,736,10001,0.9530728459358215,184,0.8381642512077295,0.21739130434782608,1.4565217391304348,13
rnn_single_influence,1,d_B,familiar,736,10001,0.9530728459358215,96,0.8240740740740741,0.1875,1.5833333333333333,13
rnn_single_influence,1,d_B,novel,736,10001,0.9530728459358215,88,0.8535353535353536,0.25,1.3181818181818181,13
rnn_single_influence,1,d_R,all,736,10000,0.2588333785533905,184,0.963768115942029,0.7010869565217391,0.32608695652173914,14
rnn_single_influence,1,d_R,familiar,736,10000,0.2588333785533905,96,0.965277777777778,0.6979166666666666,0.3125,14
rnn_single_influence,1,d_R,novel,736,10000,0.2588333785533905,88,0.9621212121212122,0.7045454545454546,0.3409090909090909,14
rnn_single_influence,1,d_B,all,736,10001,0.9293223023414612,184,0.8375603864734301,0.20652173913043478,1.4619565217391304,14
rnn_single_influence,1,d_B,familiar,736,10001,0.9293223023414612,96,0.8321759259259259,0.20833333333333334,1.5104166666666667,14
rnn_single_influence,1,d_B,novel,736,10001,0.9293223023414612,88,0.8434343434343435,0.20454545454545456,1.4090909090909092,14
rnn_single_influence,1,d_R,all,736,10000,0.2580707371234894,184,0.9595410628019324,0.6902173913043478,0.3641304347826087,15
rnn_single_influence,1,d_R,familiar,736,10000,0.2580707371234894,96,0.9618055555555557,0.6875,0.34375,15
rnn_single_influence,1,d_R,novel,736,10000,0.2580707371234894,88,0.9570707070707072,0.6931818181818182,0.38636363636363635,15
rnn_single_influence,1,d_B,all,736,10001,0.9322264194488525,184,0.851449275362319,0.25,1.3369565217391304,15
rnn_single_influence,1,d_B,familiar,736,10001,0.9322264194488525,96,0.8414351851851851,0.25,1.4270833333333333,15
rnn_single_influence,1,d_B,novel,736,10001,0.9322264194488525,88,0.8623737373737373,0.25,1.2386363636363635,15
rnn_single_influence,1,d_R,all,736,10000,0.26034530997276306,184,0.9643719806763286,0.717391304347826,0.32065217391304346,16
rnn_single_influence,1,d_R,familiar,736,10000,0.26034530997276306,96,0.9629629629629631,0.6979166666666666,0.3333333333333333,16
rnn_single_influence,1,d_R,novel,736,10000,0.26034530997276306,88,0.9659090909090909,0.7386363636363636,0.3068181818181818,16
rnn_single_influence,1,d_B,all,736,10001,0.9310296177864075,184,0.8532608695652174,0.2391304347826087,1.3206521739130435,16
rnn_single_influence,1,d_B,familiar,736,10001,0.9310296177864075,96,0.8425925925925927,0.22916666666666666,1.4166666666666667,16
rnn_single_influence,1,d_B,novel,736,10001,0.9310296177864075,88,0.86489898989899,0.25,1.2159090909090908,16
rnn_single_influence,1,d_R,all,736,10000,0.25732579827308655,184,0.9613526570048311,0.6847826086956522,0.34782608695652173,17
rnn_single_influence,1,d_R,familiar,736,10000,0.25732579827308655,96,0.9548611111111113,0.625,0.40625,17
rnn_single_influence,1,d_R,novel,736,10000,0.25732579827308655,88,0.9684343434343435,0.75,0.2840909090909091,17
rnn_single_influence,1,d_B,all,736,10001,0.9325208067893982,184,0.8502415458937199,0.22282608695652173,1.3478260869565217,17
rnn_single_influence,1,d_B,familiar,736,10001,0.9325208067893982,96,0.8449074074074074,0.21875,1.3958333333333333,17
rnn_single_influence,1,d_B,novel,736,10001,0.9325208067893982,88,0.8560606060606062,0.22727272727272727,1.2954545454545454,17
rnn_single_influence,1,d_R,all,736,10000,0.25785720348358154,184,0.9655797101449276,0.717391304347826,0.30978260869565216,18
rnn_single_influence,1,d_R,familiar,736,10000,0.25785720348358154,96,0.9618055555555557,0.6770833333333334,0.34375,18
rnn_single_influence,1,d_R,novel,736,10000,0.25785720348358154,88,0.9696969696969698,0.7613636363636364,0.2727272727272727,18
rnn_single_influence,1,d_B,all,736,10001,0.9305469393730164,184,0.8484299516908212,0.21739130434782608,1.3641304347826086,18
rnn_single_influence,1,d_B,familiar,736,10001,0.9305469393730164,96,0.8391203703703703,0.20833333333333334,1.4479166666666667,18
rnn_single_influence,1,d_B,novel,736,10001,0.9305469393730164,88,0.8585858585858586,0.22727272727272727,1.2727272727272727,18
rnn_single_influence,1,d_R,all,736,10000,0.26159828901290894,184,0.9692028985507247,0.7336956521739131,0.27717391304347827,19
rnn_single_influence,1,d_R,familiar,736,10000,0.26159828901290894,96,0.9629629629629631,0.6770833333333334,0.3333333333333333,19
rnn_single_influence,1,d_R,novel,736,10000,0.26159828901290894,88,0.9760101010101011,0.7954545454545454,0.2159090909090909,19
rnn_single_influence,1,d_B,all,736,10001,0.9176446795463562,184,0.8490338164251208,0.25,1.358695652173913,19
rnn_single_influence,1,d_B,familiar,736,10001,0.9176446795463562,96,0.8391203703703706,0.2604166666666667,1.4479166666666667,19
rnn_single_influence,1,d_B,novel,736,10001,0.9176446795463562,88,0.8598484848484849,0.23863636363636365,1.2613636363636365,19
rnn_single_influence,2,d_R,all,736,10000,0.7965259552001953,184,0.801328502415459,0.1956521739130435,1.7880434782608696,0
rnn_single_influence,2,d_R,familiar,736,10000,0.7965259552001953,96,0.8101851851851851,0.23958333333333334,1.7083333333333333,0
rnn_single_influence,2,d_R,novel,736,10000,0.7965259552001953,88,0.7916666666666665,0.14772727272727273,1.875,0
rnn_single_influence,2,d_B,all,736,10001,0.7357119917869568,184,0.842391304347826,0.25,1.4184782608695652,0
rnn_single_influence,2,d_B,familiar,736,10001,0.7357119917869568,96,0.8495370370370372,0.28125,1.3541666666666667,0
rnn_single_influence,2,d_B,novel,736,10001,0.7357119917869568,88,0.8345959595959598,0.2159090909090909,1.4886363636363635,0
rnn_single_influence,2,d_R,all,736,10000,0.5628482103347778,184,0.876207729468599,0.29347826086956524,1.1141304347826086,1
rnn_single_influence,2,d_R,familiar,736,10000,0.5628482103347778,96,0.875,0.3125,1.125,1
rnn_single_influence,2,d_R,novel,736,10000,0.5628482103347778,88,0.8775252525252526,0.2727272727272727,1.1022727272727273,1
rnn_single_influence,2,d_B,all,736,10001,0.7520948648452759,184,0.8502415458937199,0.2826086956521739,1.3478260869565217,1
rnn_single_influence,2,d_B,familiar,736,10001,0.7520948648452759,96,0.8379629629629631,0.2916666666666667,1.4583333333333333,1
rnn_single_influence,2,d_B,novel,736,10001,0.7520948648452759,88,0.8636363636363636,0.2727272727272727,1.2272727272727273,1
rnn_single_influence,2,d_R,all,736,10000,0.45447486639022827,184,0.8925120772946861,0.3532608695652174,0.967391304347826,2
rnn_single_influence,2,d_R,familiar,736,10000,0.45447486639022827,96,0.8854166666666666,0.375,1.03125,2
rnn_single_influence,2,d_R,novel,736,10000,0.45447486639022827,88,0.9002525252525253,0.32954545454545453,0.8977272727272727,2
rnn_single_influence,2,d_B,all,736,10001,0.7765646576881409,184,0.8399758454106281,0.2554347826086957,1.440217391304348,2
rnn_single_influence,2,d_B,familiar,736,10001,0.7765646576881409,96,0.8310185185185187,0.22916666666666666,1.5208333333333333,2
rnn_single_influence,2,d_B,novel,736,10001,0.7765646576881409,88,0.8497474747474747,0.2840909090909091,1.3522727272727273,2
rnn_single_influence,2,d_R,all,736,10000,0.42157116532325745,184,0.9106280193236715,0.41304347826086957,0.8043478260869565,3
rnn_single_influence,2,d_R,familiar,736,10000,0.42157116532325745,96,0.9085648148148149,0.4270833333333333,0.8229166666666666,3
rnn_single_influence,2,d_R,novel,736,10000,0.42157116532325745,88,0.912878787878788,0.3977272727272727,0.7840909090909091,3
rnn_single_influence,2,d_B,all,736,10001,0.8432424664497375,184,0.83756038647343,0.2608695652173913,1.4619565217391304,3
rnn_single_influence,2,d_B,familiar,736,10001,0.8432424664497375,96,0.8182870370370372,0.20833333333333334,1.6354166666666667,3
rnn_single_influence,2,d_B,novel,736,10001,0.8432424664497375,88,0.8585858585858586,0.3181818181818182,1.2727272727272727,3
rnn_single_influence,2,d_R,all,736,10000,0.3751676678657532,184,0.9190821256038649,0.5217391304347826,0.7282608695652174,4
rnn_single_influence,2,d_R,familiar,736,10000,0.3751676678657532,96,0.9131944444444446,0.5104166666666666,0.78125,4
rnn_single_influence,2,d_R,novel,736,10000,0.3751676678657532,88,0.9255050505050506,0.5340909090909091,0.6704545454545454,4
rnn_single_influence,2,d_B,all,736,10001,0.8393827676773071,184,0.839975845410628,0.28804347826086957,1.440217391304348,4
rnn_single_influence,2,d_B,familiar,736,10001,0.8393827676773071,96,0.826388888888889,0.25,1.5625,4
rnn_single_influence,2,d_B,novel,736,10001,0.8393827676773071,88,0.8547979797979799,0.32954545454545453,1.3068181818181819,4
rnn_single_influence,2,d_R,all,736,10000,0.3644154667854309,184,0.9420289855072465,0.6032608695652174,0.5217391304347826,5
rnn_single_influence,2,d_R,familiar,736,10000,0.3644154667854309,96,0.9363425925925927,0.59375,0.5729166666666666,5
rnn_single_influence,2,d_R,novel,736,10000,0.3644154667854309,88,0.9482323232323234,0.6136363636363636,0.4659090909090909,5
rnn_single_influence,2,d_B,all,736,10001,0.8662202954292297,184,0.838768115942029,0.2608695652173913,1.451086956521739,5
rnn_single_influence,2,d_B,familiar,736,10001,0.8662202954292297,96,0.820601851851852,0.20833333333333334,1.6145833333333333,5
rnn_single_influence,2,d_B,novel,736,10001,0.8662202954292297,88,0.8585858585858588,0.3181818181818182,1.2727272727272727,5
rnn_single_influence,2,d_R,all,736,10000,0.3585579991340637,184,0.9408212560386475,0.6032608695652174,0.532608695652174,6
rnn_single_influence,2,d_R,familiar,736,10000,0.3585579991340637,96,0.9305555555555557,0.5729166666666666,0.625,6
rnn_single_influence,2,d_R,novel,736,10000,0.3585579991340637,88,0.9520202020202023,0.6363636363636364,0.4318181818181818,6
rnn_single_influence,2,d_B,all,736,10001,0.8756992220878601,184,0.8224637681159421,0.18478260869565216,1.5978260869565217,6
rnn_single_influence,2,d_B,familiar,736,10001,0.8756992220878601,96,0.8067129629629631,0.13541666666666666,1.7395833333333333,6
rnn_single_influence,2,d_B,novel,736,10001,0.8756992220878601,88,0.8396464646464646,0.23863636363636365,1.4431818181818181,6
rnn_single_influence,2,d_R,all,736,10000,0.3394973874092102,184,0.9492753623188407,0.6304347826086957,0.45652173913043476,7
rnn_single_influence,2,d_R,familiar,736,10000,0.3394973874092102,96,0.9363425925925929,0.5520833333333334,0.5729166666666666,7
rnn_single_influence,2,d_R,novel,736,10000,0.3394973874092102,88,0.9633838383838385,0.7159090909090909,0.32954545454545453,7
rnn_single_influence,2,d_B,all,736,10001,0.8921477198600769,184,0.8278985507246377,0.20652173913043478,1.548913043478261,7
rnn_single_influence,2,d_B,familiar,736,10001,0.8921477198600769,96,0.8101851851851852,0.17708333333333334,1.7083333333333333,7
rnn_single_influence,2,d_B,novel,736,10001,0.8921477198600769,88,0.8472222222222224,0.23863636363636365,1.375,7
rnn_single_influence,2,d_R,all,736,10000,0.33801552653312683,184,0.9504830917874397,0.6467391304347826,0.44565217391304346,8
rnn_single_influence,2,d_R,familiar,736,10000,0.33801552653312683,96,0.9375000000000001,0.59375,0.5625,8
rnn_single_influence,2,d_R,novel,736,10000,0.33801552653312683,88,0.9646464646464648,0.7045454545454546,0.3181818181818182,8
rnn_single_influence,2,d_B,all,736,10001,0.9227222204208374,184,0.8357487922705313,0.22826086956521738,1.4782608695652173,8
rnn_single_influence,2,d_B,familiar,736,10001,0.9227222204208374,96,0.8113425925925926,0.16666666666666666,1.6979166666666667,8
rnn_single_influence,2,d_B,novel,736,10001,0.9227222204208374,88,0.8623737373737373,0.29545454545454547,1.2386363636363635,8
rnn_single_influence,2,d_R,all,736,10000,0.3275267779827118,184,0.9522946859903384,0.657608695652174,0.42934782608695654,9
rnn_single_influence,2,d_R,familiar,736,10000,0.3275267779827118,96,0.9421296296296298,0.625,0.5208333333333334,9
rnn_single_influence,2,d_R,novel,736,10000,0.3275267779827118,88,0.9633838383838385,0.6931818181818182,0.32954545454545453,9
rnn_single_influence,2,d_B,all,736,10001,0.9200282096862793,184,0.841183574879227,0.25,1.4293478260869565,9
rnn_single_influence,2,d_B,familiar,736,10001,0.9200282096862793,96,0.8252314814814815,0.19791666666666666,1.5729166666666667,9
rnn_single_influence,2,d_B,novel,736,10001,0.9200282096862793,88,0.8585858585858588,0.3068181818181818,1.2727272727272727,9
rnn_single_influence,2,d_R,all,736,10000,0.31708523631095886,184,0.9547101449275361,0.657608695652174,0.4076086956521739,10
rnn_single_influence,2,d_R,familiar,736,10000,0.31708523631095886,96,0.9479166666666666,0.625,0.46875,10
rnn_single_influence,2,d_R,novel,736,10000,0.31708523631095886,88,0.9621212121212122,0.6931818181818182,0.3409090909090909,10
rnn_single_influence,2,d_B,all,736,10001,0.9085252285003662,184,0.8435990338164252,0.2391304347826087,1.4076086956521738,10
rnn_single_influence,2,d_B,familiar,736,10001,0.9085252285003662,96,0.8298611111111112,0.1875,1.53125,10
rnn_single_influence,2,d_B,novel,736,10001,0.9085252285003662,88,0.8585858585858585,0.29545454545454547,1.2727272727272727,10
rnn_single_influence,2,d_R,all,736,10000,0.3115743100643158,184,0.9565217391304348,0.6684782608695652,0.391304347826087,11
rnn_single_influence,2,d_R,familiar,736,10000,0.3115743100643158,96,0.951388888888889,0.6458333333333334,0.4375,11
rnn_single_influence,2,d_R,novel,736,10000,0.3115743100643158,88,0.9621212121212124,0.6931818181818182,0.3409090909090909,11
rnn_single_influence,2,d_B,all,736,10001,0.9134248495101929,184,0.8502415458937199,0.2717391304347826,1.3478260869565217,11
rnn_single_influence,2,d_B,familiar,736,10001,0.9134248495101929,96,0.8344907407407408,0.22916666666666666,1.4895833333333333,11
rnn_single_influence,2,d_B,novel,736,10001,0.9134248495101929,88,0.8674242424242423,0.3181818181818182,1.1931818181818181,11
rnn_single_influence,2,d_R,all,736,10000,0.31092560291290283,184,0.9589371980676329,0.6793478260869565,0.3695652173913043,12
rnn_single_influence,2,d_R,familiar,736,10000,0.31092560291290283,96,0.9537037037037038,0.6458333333333334,0.4166666666666667,12
rnn_single_influence,2,d_R,novel,736,10000,0.31092560291290283,88,0.9646464646464648,0.7159090909090909,0.3181818181818182,12
rnn_single_influence,2,d_B,all,736,10001,0.9198735356330872,184,0.8580917874396136,0.29891304347826086,1.2771739130434783,12
rnn_single_influence,2,d_B,familiar,736,10001,0.9198735356330872,96,0.84375,0.25,1.40625,12
rnn_single_influence,2,d_B,novel,736,10001,0.9198735356330872,88,0.8737373737373737,0.3522727272727273,1.1363636363636365,12
rnn_single_influence,2,d_R,all,736,10000,0.3019019067287445,184,0.9631642512077295,0.7119565217391305,0.33152173913043476,13
rnn_single_influence,2,d_R,familiar,736,10000,0.3019019067287445,96,0.9560185185185186,0.6666666666666666,0.3958333333333333,13
rnn_single_influence,2,d_R,novel,736,10000,0.3019019067287445,88,0.9709595959595961,0.7613636363636364,0.26136363636363635,13
rnn_single_influence,2,d_B,all,736,10001,0.9257442355155945,184,0.8701690821256041,0.3423913043478261,1.1684782608695652,13
rnn_single_influence,2,d_B,familiar,736,10001,0.9257442355155945,96,0.8553240740740741,0.28125,1.3020833333333333,13
rnn_single_influence,2,d_B,novel,736,10001,0.9257442355155945,88,0.8863636363636364,0.4090909090909091,1.0227272727272727,13
rnn_single_influence,2,d_R,all,736,10000,0.2995099425315857,184,0.9667874396135268,0.7228260869565217,0.29891304347826086,14
rnn_single_influence,2,d_R,familiar,736,10000,0.2995099425315857,96,0.9606481481481483,0.6770833333333334,0.3541666666666667,14
rnn_single_influence,2,d_R,novel,736,10000,0.2995099425315857,88,0.9734848484848485,0.7727272727272727,0.23863636363636365,14
rnn_single_influence,2,d_B,all,736,10001,0.9324082732200623,184,0.8683574879227053,0.34782608695652173,1.184782608695652,14
rnn_single_influence,2,d_B,familiar,736,10001,0.9324082732200623,96,0.8414351851851852,0.23958333333333334,1.4270833333333333,14
rnn_single_influence,2,d_B,novel,736,10001,0.9324082732200623,88,0.8977272727272727,0.4659090909090909,0.9204545454545454,14
rnn_single_influence,2,d_R,all,736,10000,0.29921790957450867,184,0.9661835748792271,0.7228260869565217,0.30434782608695654,15
rnn_single_influence,2,d_R,familiar,736,10000,0.29921790957450867,96,0.9618055555555557,0.6979166666666666,0.34375,15
rnn_single_influence,2,d_R,novel,736,10000,0.29921790957450867,88,0.9709595959595961,0.75,0.26136363636363635,15
rnn_single_influence,2,d_B,all,736,10001,0.9280266165733337,184,0.8689613526570049,0.32065217391304346,1.1793478260869565,15
rnn_single_influence,2,d_B,familiar,736,10001,0.9280266165733337,96,0.8437500000000001,0.22916666666666666,1.40625,15
rnn_single_influence,2,d_B,novel,736,10001,0.9280266165733337,88,0.8964646464646464,0.42045454545454547,0.9318181818181818,15
rnn_single_influence,2,d_R,all,736,10000,0.2942201495170593,184,0.9643719806763286,0.7119565217391305,0.32065217391304346,16
rnn_single_influence,2,d_R,familiar,736,10000,0.2942201495170593,96,0.9594907407407409,0.6875,0.3645833333333333,16
rnn_single_influence,2,d_R,novel,736,10000,0.2942201495170593,88,0.9696969696969698,0.7386363636363636,0.2727272727272727,16
rnn_single_influence,2,d_B,all,736,10001,0.9243820905685425,184,0.8641304347826089,0.30434782608695654,1.2228260869565217,16
rnn_single_influence,2,d_B,familiar,736,10001,0.9243820905685425,96,0.8460648148148149,0.2604166666666667,1.3854166666666667,16
rnn_single_influence,2,d_B,novel,736,10001,0.9243820905685425,88,0.883838383838384,0.3522727272727273,1.0454545454545454,16
rnn_single_influence,2,d_R,all,736,10000,0.2881949543952942,184,0.96256038647343,0.6902173913043478,0.33695652173913043,17
rnn_single_influence,2,d_R,familiar,736,10000,0.2881949543952942,96,0.957175925925926,0.65625,0.3854166666666667,17
rnn_single_influence,2,d_R,novel,736,10000,0.2881949543952942,88,0.9684343434343435,0.7272727272727273,0.2840909090909091,17
rnn_single_influence,2,d_B,all,736,10001,0.9295499920845032,184,0.8671497584541062,0.31521739130434784,1.1956521739130435,17
rnn_single_influence,2,d_B,familiar,736,10001,0.9295499920845032,96,0.851851851851852,0.2604166666666667,1.3333333333333333,17
rnn_single_influence,2,d_B,novel,736,10001,0.9295499920845032,88,0.883838383838384,0.375,1.0454545454545454,17
rnn_single_influence,2,d_R,all,736,10000,0.2841658294200897,184,0.9716183574879228,0.7608695652173914,0.2554347826086957,18
rnn_single_influence,2,d_R,familiar,736,10000,0.2841658294200897,96,0.9687500000000001,0.75,0.28125,18
rnn_single_influence,2,d_R,novel,736,10000,0.2841658294200897,88,0.9747474747474748,0.7727272727272727,0.22727272727272727,18
rnn_single_influence,2,d_B,all,736,10001,0.9348931312561035,184,0.8683574879227053,0.33152173913043476,1.184782608695652,18
rnn_single_influence,2,d_B,familiar,736,10001,0.9348931312561035,96,0.8530092592592594,0.28125,1.3229166666666667,18
rnn_single_influence,2,d_B,novel,736,10001,0.9348931312561035,88,0.88510101010101,0.38636363636363635,1.0340909090909092,18
rnn_single_influence,2,d_R,all,736,10000,0.2803790867328644,184,0.9752415458937199,0.7934782608695652,0.22282608695652173,19
rnn_single_influence,2,d_R,familiar,736,10000,0.2803790867328644,96,0.9722222222222223,0.78125,0.25,19
rnn_single_influence,2,d_R,novel,736,10000,0.2803790867328644,88,0.9785353535353536,0.8068181818181818,0.19318181818181818,19
rnn_single_influence,2,d_B,all,736,10001,0.9340623617172241,184,0.8647342995169084,0.31521739130434784,1.2173913043478262,19
rnn_single_influence,2,d_B,familiar,736,10001,0.9340623617172241,96,0.8449074074074074,0.2604166666666667,1.3958333333333333,19
rnn_single_influence,2,d_B,novel,736,10001,0.9340623617172241,88,0.8863636363636364,0.375,1.0227272727272727,19
rnn_single_influence,3,d_R,all,736,10000,0.8874399662017822,184,0.730072463768116,0.23369565217391305,2.4293478260869565,0
rnn_single_influence,3,d_R,familiar,736,10000,0.8874399662017822,96,0.6828703703703702,0.14583333333333334,2.8541666666666665,0
rnn_single_influence,3,d_R,novel,736,10000,0.8874399662017822,88,0.7815656565656565,0.32954545454545453,1.9659090909090908,0
rnn_single_influence,3,d_B,all,736,10001,0.9953157901763916,184,0.7403381642512078,0.18478260869565216,2.3369565217391304,0
rnn_single_influence,3,d_B,familiar,736,10001,0.9953157901763916,96,0.7233796296296297,0.16666666666666666,2.4895833333333335,0
rnn_single_influence,3,d_B,novel,736,10001,0.9953157901763916,88,0.7588383838383838,0.20454545454545456,2.1704545454545454,0
rnn_single_influence,3,d_R,all,736,10000,0.8371651768684387,184,0.7536231884057972,0.20108695652173914,2.217391304347826,1
rnn_single_influence,3,d_R,familiar,736,10000,0.8371651768684387,96,0.7627314814814815,0.19791666666666666,2.1354166666666665,1
rnn_single_influence,3,d_R,novel,736,10000,0.8371651768684387,88,0.7436868686868686,0.20454545454545456,2.3068181818181817,1
rnn_single_influence,3,d_B,all,736,10001,0.9970076084136963,184,0.7433574879227053,0.1793478260869565,2.3097826086956523,1
rnn_single_influence,3,d_B,familiar,736,10001,0.9970076084136963,96,0.7453703703703702,0.17708333333333334,2.2916666666666665,1
rnn_single_influence,3,d_B,novel,736,10001,0.9970076084136963,88,0.741161616161616,0.18181818181818182,2.3295454545454546,1
rnn_single_influence,3,d_R,all,736,10000,0.733859658241272,184,0.7759661835748793,0.1956521739130435,2.016304347826087,2
rnn_single_influence,3,d_R,familiar,736,10000,0.733859658241272,96,0.7650462962962963,0.15625,2.1145833333333335,2
rnn_single_influence,3,d_R,novel,736,10000,0.733859658241272,88,0.7878787878787878,0.23863636363636365,1.9090909090909092,2
rnn_single_influence,3,d_B,all,736,10001,0.8612491488456726,184,0.730072463768116,0.19021739130434784,2.4293478260869565,2
rnn_single_influence,3,d_B,familiar,736,10001,0.8612491488456726,96,0.7199074074074074,0.21875,2.5208333333333335,2
rnn_single_influence,3,d_B,novel,736,10001,0.8612491488456726,88,0.741161616161616,0.1590909090909091,2.3295454545454546,2
rnn_single_influence,3,d_R,all,736,10000,0.6999080777168274,184,0.7904589371980677,0.2391304347826087,1.8858695652173914,3
rnn_single_influence,3,d_R,familiar,736,10000,0.6999080777168274,96,0.7777777777777778,0.21875,2.0,3
rnn_single_influence,3,d_R,novel,736,10000,0.6999080777168274,88,0.8042929292929292,0.26136363636363635,1.7613636363636365,3
rnn_single_influence,3,d_B,all,736,10001,0.8220971822738647,184,0.7445652173913043,0.19021739130434784,2.2989130434782608,3
rnn_single_influence,3,d_B,familiar,736,10001,0.8220971822738647,96,0.7141203703703702,0.22916666666666666,2.5729166666666665,3
rnn_single_influence,3,d_B,novel,736,10001,0.8220971822738647,88,0.7777777777777779,0.14772727272727273,2.0,3
rnn_single_influence,3,d_R,all,736,10000,0.6190834045410156,184,0.7862318840579711,0.21739130434782608,1.923913043478261,4
rnn_single_influence,3,d_R,familiar,736,10000,0.6190834045410156,96,0.789351851851852,0.21875,1.8958333333333333,4
rnn_single_influence,3,d_R,novel,736,10000,0.6190834045410156,88,0.7828282828282828,0.2159090909090909,1.9545454545454546,4
rnn_single_influence,3,d_B,all,736,10001,0.8192722201347351,184,0.7657004830917874,0.21739130434782608,2.108695652173913,4
rnn_single_influence,3,d_B,familiar,736,10001,0.8192722201347351,96,0.7592592592592592,0.20833333333333334,2.1666666666666665,4
rnn_single_influence,3,d_B,novel,736,10001,0.8192722201347351,88,0.7727272727272727,0.22727272727272727,2.0454545454545454,4
rnn_single_influence,3,d_R,all,736,10000,0.5649518966674805,184,0.8158212560386475,0.23369565217391305,1.6576086956521738,5
rnn_single_influence,3,d_R,familiar,736,10000,0.5649518966674805,96,0.8159722222222223,0.20833333333333334,1.65625,5
rnn_single_influence,3,d_R,novel,736,10000,0.5649518966674805,88,0.8156565656565656,0.26136363636363635,1.6590909090909092,5
rnn_single_influence,3,d_B,all,736,10001,0.7801462411880493,184,0.7657004830917874,0.14130434782608695,2.108695652173913,5
rnn_single_influence,3,d_B,familiar,736,10001,0.7801462411880493,96,0.7650462962962964,0.13541666666666666,2.1145833333333335,5
rnn_single_influence,3,d_B,novel,736,10001,0.7801462411880493,88,0.7664141414141414,0.14772727272727273,2.102272727272727,5
rnn_single_influence,3,d_R,all,736,10000,0.5640212297439575,184,0.8369565217391306,0.266304347826087,1.4673913043478262,6
rnn_single_influence,3,d_R,familiar,736,10000,0.5640212297439575,96,0.8460648148148149,0.23958333333333334,1.3854166666666667,6
rnn_single_influence,3,d_R,novel,736,10000,0.5640212297439575,88,0.827020202020202,0.29545454545454547,1.5568181818181819,6
rnn_single_influence,3,d_B,all,736,10001,0.7467870116233826,184,0.7705314009661836,0.125,2.0652173913043477,6
rnn_single_influence,3,d_B,familiar,736,10001,0.7467870116233826,96,0.7743055555555557,0.14583333333333334,2.03125,6
rnn_single_influence,3,d_B,novel,736,10001,0.7467870116233826,88,0.7664141414141414,0.10227272727272728,2.102272727272727,6
rnn_single_influence,3,d_R,all,736,10000,0.563248872756958,184,0.8381642512077295,0.32065217391304346,1.4565217391304348,7
rnn_single_influence,3,d_R,familiar,736,10000,0.563248872756958,96,0.8472222222222223,0.3229166666666667,1.375,7
rnn_single_influence,3,d_R,novel,736,10000,0.563248872756958,88,0.8282828282828283,0.3181818181818182,1.5454545454545454,7
rnn_single_influence,3,d_B,all,736,10001,0.7652225494384766,184,0.7928743961352659,0.15217391304347827,1.8641304347826086,7
rnn_single_influence,3,d_B,familiar,736,10001,0.7652225494384766,96,0.7939814814814815,0.13541666666666666,1.8541666666666667,7
rnn_single_influence,3,d_B,novel,736,10001,0.7652225494384766,88,0.7916666666666665,0.17045454545454544,1.875,7
rnn_single_influence,3,d_R,all,736,10000,0.5442994832992554,184,0.8315217391304349,0.28804347826086957,1.516304347826087,8
rnn_single_influence,3,d_R,familiar,736,10000,0.5442994832992554,96,0.8368055555555557,0.2604166666666667,1.46875,8
rnn_single_influence,3,d_R,novel,736,10000,0.5442994832992554,88,0.8257575757575758,0.3181818181818182,1.5681818181818181,8
rnn_single_influence,3,d_B,all,736,10001,0.7247427105903625,184,0.7916666666666667,0.19021739130434784,1.875,8
rnn_single_influence,3,d_B,familiar,736,10001,0.7247427105903625,96,0.7905092592592592,0.19791666666666666,1.8854166666666667,8
rnn_single_influence,3,d_B,novel,736,10001,0.7247427105903625,88,0.7929292929292928,0.18181818181818182,1.8636363636363635,8
rnn_single_influence,3,d_R,all,736,10000,0.556965172290802,184,0.8429951690821258,0.32065217391304346,1.4130434782608696,9
rnn_single_influence,3,d_R,familiar,736,10000,0.556965172290802,96,0.8483796296296298,0.3125,1.3645833333333333,9
rnn_single_influence,3,d_R,novel,736,10000,0.556965172290802,88,0.837121212121212,0.32954545454545453,1.4659090909090908,9
rnn_single_influence,3,d_B,all,736,10001,0.7363227605819702,184,0.7868357487922705,0.19021739130434784,1.9184782608695652,9
rnn_single_influence,3,d_B,familiar,736,10001,0.7363227605819702,96,0.795138888888889,0.21875,1.84375,9
rnn_single_influence,3,d_B,novel,736,10001,0.7363227605819702,88,0.7777777777777778,0.1590909090909091,2.0,9
rnn_single_influence,3,d_R,all,736,10000,0.5711992383003235,184,0.8369565217391305,0.32608695652173914,1.4673913043478262,10
rnn_single_influence,3,d_R,familiar,736,10000,0.5711992383003235,96,0.8506944444444446,0.3333333333333333,1.34375,10
rnn_single_influence,3,d_R,novel,736,10000,0.5711992383003235,88,0.8219696969696969,0.3181818181818182,1.6022727272727273,10
rnn_single_influence,3,d_B,all,736,10001,0.7662294507026672,184,0.8109903381642513,0.21739130434782608,1.701086956521739,10
rnn_single_influence,3,d_B,familiar,736,10001,0.7662294507026672,96,0.8171296296296298,0.21875,1.6458333333333333,10
rnn_single_influence,3,d_B,novel,736,10001,0.7662294507026672,88,0.8042929292929292,0.2159090909090909,1.7613636363636365,10
rnn_single_influence,3,d_R,all,736,10000,0.5380167961120605,184,0.8435990338164252,0.30978260869565216,1.4076086956521738,11
rnn_single_influence,3,d_R,familiar,736,10000,0.5380167961120605,96,0.8611111111111112,0.2916666666666667,1.25,11
rnn_single_influence,3,d_R,novel,736,10000,0.5380167961120605,88,0.8244949494949495,0.32954545454545453,1.5795454545454546,11
rnn_single_influence,3,d_B,all,736,10001,0.7498294711112976,184,0.8037439613526571,0.21195652173913043,1.766304347826087,11
rnn_single_influence,3,d_B,familiar,736,10001,0.7498294711112976,96,0.8032407407407408,0.19791666666666666,1.7708333333333333,11
rnn_single_influence,3,d_B,novel,736,10001,0.7498294711112976,88,0.8042929292929292,0.22727272727272727,1.7613636363636365,11
rnn_single_influence,3,d_R,all,736,10000,0.5325332283973694,184,0.853864734299517,0.358695652173913,1.315217391304348,12
rnn_single_influence,3,d_R,familiar,736,10000,0.5325332283973694,96,0.883101851851852,0.375,1.0520833333333333,12
rnn_single_influence,3,d_R,novel,736,10000,0.5325332283973694,88,0.8219696969696969,0.3409090909090909,1.6022727272727273,12
rnn_single_influence,3,d_B,all,736,10001,0.7638341784477234,184,0.8121980676328503,0.25,1.690217391304348,12
rnn_single_influence,3,d_B,familiar,736,10001,0.7638341784477234,96,0.8159722222222223,0.28125,1.65625,12
rnn_single_influence,3,d_B,novel,736,10001,0.7638341784477234,88,0.8080808080808081,0.2159090909090909,1.7272727272727273,12
rnn_single_influence,3,d_R,all,736,10000,0.5288503766059875,184,0.8701690821256038,0.3641304347826087,1.1684782608695652,13
rnn_single_influence,3,d_R,familiar,736,10000,0.5288503766059875,96,0.8773148148148149,0.34375,1.1041666666666667,13
rnn_single_influence,3,d_R,novel,736,10000,0.5288503766059875,88,0.8623737373737373,0.38636363636363635,1.2386363636363635,13
rnn_single_influence,3,d_B,all,736,10001,0.7527681589126587,184,0.8043478260869565,0.22826086956521738,1.7608695652173914,13
rnn_single_influence,3,d_B,familiar,736,10001,0.7527681589126587,96,0.7939814814814815,0.2604166666666667,1.8541666666666667,13
rnn_single_influence,3,d_B,novel,736,10001,0.7527681589126587,88,0.8156565656565656,0.19318181818181818,1.6590909090909092,13
rnn_single_influence,3,d_R,all,736,10000,0.5107497572898865,184,0.8816425120772947,0.3804347826086957,1.065217391304348,14
rnn_single_influence,3,d_R,familiar,736,10000,0.5107497572898865,96,0.8900462962962964,0.375,0.9895833333333334,14
rnn_single_influence,3,d_R,novel,736,10000,0.5107497572898865,88,0.8724747474747475,0.38636363636363635,1.1477272727272727,14
rnn_single_influence,3,d_B,all,736,10001,0.7334128618240356,184,0.8278985507246379,0.27717391304347827,1.548913043478261,14
rnn_single_influence,3,d_B,familiar,736,10001,0.7334128618240356,96,0.8414351851851852,0.3333333333333333,1.4270833333333333,14
rnn_single_influence,3,d_B,novel,736,10001,0.7334128618240356,88,0.8131313131313131,0.2159090909090909,1.6818181818181819,14
rnn_single_influence,3,d_R,all,736,10000,0.5057172179222107,184,0.8858695652173914,0.3858695652173913,1.0271739130434783,15
rnn_single_influence,3,d_R,familiar,736,10000,0.5057172179222107,96,0.8912037037037038,0.3541666666666667,0.9791666666666666,15
rnn_single_influence,3,d_R,novel,736,10000,0.5057172179222107,88,0.8800505050505052,0.42045454545454547,1.0795454545454546,15
rnn_single_influence,3,d_B,all,736,10001,0.7250434756278992,184,0.8291062801932366,0.2717391304347826,1.5380434782608696,15
rnn_single_influence,3,d_B,familiar,736,10001,0.7250434756278992,96,0.820601851851852,0.28125,1.6145833333333333,15
rnn_single_influence,3,d_B,novel,736,10001,0.7250434756278992,88,0.8383838383838385,0.26136363636363635,1.4545454545454546,15
rnn_single_influence,3,d_R,all,736,10000,0.49111661314964294,184,0.8695652173913043,0.34782608695652173,1.173913043478261,16
rnn_single_influence,3,d_R,familiar,736,10000,0.49111661314964294,96,0.8761574074074074,0.3125,1.1145833333333333,16
rnn_single_influence,3,d_R,novel,736,10000,0.49111661314964294,88,0.8623737373737375,0.38636363636363635,1.2386363636363635,16
rnn_single_influence,3,d_B,all,736,10001,0.7198984622955322,184,0.8254830917874396,0.24456521739130435,1.5706521739130435,16
rnn_single_influence,3,d_B,familiar,736,10001,0.7198984622955322,96,0.8275462962962964,0.2708333333333333,1.5520833333333333,16
rnn_single_influence,3,d_B,novel,736,10001,0.7198984622955322,88,0.8232323232323234,0.2159090909090909,1.5909090909090908,16
rnn_single_influence,3,d_R,all,736,10000,0.491704523563385,184,0.8870772946859904,0.3967391304347826,1.016304347826087,17
rnn_single_influence,3,d_R,familiar,736,10000,0.491704523563385,96,0.8912037037037038,0.4166666666666667,0.9791666666666666,17
rnn_single_influence,3,d_R,novel,736,10000,0.491704523563385,88,0.8825757575757575,0.375,1.0568181818181819,17
rnn_single_influence,3,d_B,all,736,10001,0.724678635597229,184,0.8291062801932366,0.23369565217391305,1.5380434782608696,17
rnn_single_influence,3,d_B,familiar,736,10001,0.724678635597229,96,0.8240740740740741,0.25,1.5833333333333333,17
rnn_single_influence,3,d_B,novel,736,10001,0.724678635597229,88,0.8345959595959598,0.2159090909090909,1.4886363636363635,17
rnn_single_influence,3,d_R,all,736,10000,0.4833782911300659,184,0.8840579710144929,0.3804347826086957,1.0434782608695652,18
rnn_single_influence,3,d_R,familiar,736,10000,0.4833782911300659,96,0.9016203703703706,0.3958333333333333,0.8854166666666666,18
rnn_single_influence,3,d_R,novel,736,10000,0.4833782911300659,88,0.86489898989899,0.36363636363636365,1.2159090909090908,18
rnn_single_influence,3,d_B,all,736,10001,0.71877521276474,184,0.8345410628019323,0.23369565217391305,1.4891304347826086,18
rnn_single_influence,3,d_B,familiar,736,10001,0.71877521276474,96,0.8287037037037037,0.25,1.5416666666666667,18
rnn_single_influence,3,d_B,novel,736,10001,0.71877521276474,88,0.8409090909090909,0.2159090909090909,1.4318181818181819,18
rnn_single_influence,3,d_R,all,736,10000,0.4774687886238098,184,0.8937198067632851,0.42934782608695654,0.9565217391304348,19
rnn_single_influence,3,d_R,familiar,736,10000,0.4774687886238098,96,0.9004629629629631,0.4375,0.8958333333333334,19
rnn_single_influence,3,d_R,novel,736,10000,0.4774687886238098,88,0.8863636363636364,0.42045454545454547,1.0227272727272727,19
rnn_single_influence,3,d_B,all,736,10001,0.7261723875999451,184,0.8260869565217391,0.19021739130434784,1.565217391304348,19
rnn_single_influence,3,d_B,familiar,736,10001,0.7261723875999451,96,0.8136574074074074,0.1875,1.6770833333333333,19
rnn_single_influence,3,d_B,novel,736,10001,0.7261723875999451,88,0.8396464646464646,0.19318181818181818,1.4431818181818181,19
rnn_single_influence,4,d_R,all,736,10000,1.0257412195205688,184,0.7469806763285025,0.16847826086956522,2.277173913043478,0
rnn_single_influence,4,d_R,familiar,736,10000,1.0257412195205688,96,0.7696759259259259,0.13541666666666666,2.0729166666666665,0
rnn_single_influence,4,d_R,novel,736,10000,1.0257412195205688,88,0.7222222222222222,0.20454545454545456,2.5,0
rnn_single_influence,4,d_B,all,736,10001,1.0016570091247559,184,0.6974637681159419,0.1358695652173913,2.722826086956522,0
rnn_single_influence,4,d_B,familiar,736,10001,1.0016570091247559,96,0.7222222222222223,0.1875,2.5,0
rnn_single_influence,4,d_B,novel,736,10001,1.0016570091247559,88,0.6704545454545454,0.07954545454545454,2.965909090909091,0
rnn_single_influence,4,d_R,all,736,10000,0.9209858179092407,184,0.7669082125603864,0.16304347826086957,2.097826086956522,1
rnn_single_influence,4,d_R,familiar,736,10000,0.9209858179092407,96,0.7743055555555555,0.15625,2.03125,1
rnn_single_influence,4,d_R,novel,736,10000,0.9209858179092407,88,0.7588383838383838,0.17045454545454544,2.1704545454545454,1
rnn_single_influence,4,d_B,all,736,10001,0.8828901052474976,184,0.7119565217391305,0.10326086956521739,2.592391304347826,1
rnn_single_influence,4,d_B,familiar,736,10001,0.8828901052474976,96,0.7118055555555557,0.08333333333333333,2.59375,1
rnn_single_influence,4,d_B,novel,736,10001,0.8828901052474976,88,0.712121212121212,0.125,2.590909090909091,1
rnn_single_influence,4,d_R,all,736,10000,0.7275331020355225,184,0.7934782608695652,0.19021739130434784,1.858695652173913,2
rnn_single_influence,4,d_R,familiar,736,10000,0.7275331020355225,96,0.8009259259259259,0.17708333333333334,1.7916666666666667,2
rnn_single_influence,4,d_R,novel,736,10000,0.7275331020355225,88,0.7853535353535354,0.20454545454545456,1.9318181818181819,2
rnn_single_influence,4,d_B,all,736,10001,0.8402903079986572,184,0.7566425120772947,0.10869565217391304,2.1902173913043477,2
rnn_single_influence,4,d_B,familiar,736,10001,0.8402903079986572,96,0.7546296296296298,0.07291666666666667,2.2083333333333335,2
rnn_single_influence,4,d_B,novel,736,10001,0.8402903079986572,88,0.7588383838383838,0.14772727272727273,2.1704545454545454,2
rnn_single_influence,4,d_R,all,736,10000,0.6574696898460388,184,0.7995169082125604,0.16304347826086957,1.8043478260869565,3
rnn_single_influence,4,d_R,familiar,736,10000,0.6574696898460388,96,0.7881944444444445,0.125,1.90625,3
rnn_single_influence,4,d_R,novel,736,10000,0.6574696898460388,88,0.8118686868686869,0.20454545454545456,1.6931818181818181,3
rnn_single_influence,4,d_B,all,736,10001,0.7965688109397888,184,0.7590579710144929,0.11413043478260869,2.1684782608695654,3
rnn_single_influence,4,d_B,familiar,736,10001,0.7965688109397888,96,0.758101851851852,0.125,2.1770833333333335,3
rnn_single_influence,4,d_B,novel,736,10001,0.7965688109397888,88,0.76010101010101,0.10227272727272728,2.159090909090909,3
rnn_single_influence,4,d_R,all,736,10000,0.6005920171737671,184,0.8321256038647344,0.21195652173913043,1.5108695652173914,4
rnn_single_influence,4,d_R,familiar,736,10000,0.6005920171737671,96,0.8136574074074074,0.16666666666666666,1.6770833333333333,4
rnn_single_influence,4,d_R,novel,736,10000,0.6005920171737671,88,0.8522727272727273,0.26136363636363635,1.3295454545454546,4
rnn_single_influence,4,d_B,all,736,10001,0.7582685947418213,184,0.75,0.10326086956521739,2.25,4
rnn_single_influence,4,d_B,familiar,736,10001,0.7582685947418213,96,0.7534722222222223,0.10416666666666667,2.21875,4
rnn_single_influence,4,d_B,novel,736,10001,0.7582685947418213,88,0.7462121212121212,0.10227272727272728,2.284090909090909,4
rnn_single_influence,4,d_R,all,736,10000,0.5460197329521179,184,0.8448067632850242,0.20652173913043478,1.3967391304347827,5
rnn_single_influence,4,d_R,familiar,736,10000,0.5460197329521179,96,0.8333333333333334,0.16666666666666666,1.5,5
rnn_single_influence,4,d_R,novel,736,10000,0.5460197329521179,88,0.8573232323232323,0.25,1.2840909090909092,5
rnn_single_influence,4,d_B,all,736,10001,0.7752043604850769,184,0.7717391304347826,0.14673913043478262,2.0543478260869565,5
rnn_single_influence,4,d_B,familiar,736,10001,0.7752043604850769,96,0.7615740740740741,0.1875,2.1458333333333335,5
rnn_single_influence,4,d_B,novel,736,10001,0.7752043604850769,88,0.7828282828282828,0.10227272727272728,1.9545454545454546,5
rnn_single_influence,4,d_R,all,736,10000,0.49336308240890503,184,0.8435990338164252,0.23369565217391305,1.4076086956521738,6
rnn_single_influence,4,d_R,familiar,736,10000,0.49336308240890503,96,0.8414351851851852,0.21875,1.4270833333333333,6
rnn_single_influence,4,d_R,novel,736,10000,0.49336308240890503,88,0.8459595959595959,0.25,1.3863636363636365,6
rnn_single_influence,4,d_B,all,736,10001,0.7409471273422241,184,0.7814009661835748,0.17391304347826086,1.9673913043478262,6
rnn_single_influence,4,d_B,familiar,736,10001,0.7409471273422241,96,0.7604166666666666,0.16666666666666666,2.15625,6
rnn_single_influence,4,d_B,novel,736,10001,0.7409471273422241,88,0.8042929292929292,0.18181818181818182,1.7613636363636365,6
rnn_single_influence,4,d_R,all,736,10000,0.4926791787147522,184,0.8641304347826086,0.2826086956521739,1.2228260869565217,7
rnn_single_influence,4,d_R,familiar,736,10000,0.4926791787147522,96,0.8599537037037038,0.2708333333333333,1.2604166666666667,7
rnn_single_influence,4,d_R,novel,736,10000,0.4926791787147522,88,0.8686868686868688,0.29545454545454547,1.1818181818181819,7
rnn_single_influence,4,d_B,all,736,10001,0.7181295156478882,184,0.7952898550724639,0.15217391304347827,1.8423913043478262,7
rnn_single_influence,4,d_B,familiar,736,10001,0.7181295156478882,96,0.7881944444444445,0.16666666666666666,1.90625,7
rnn_single_influence,4,d_B,novel,736,10001,0.7181295156478882,88,0.8030303030303029,0.13636363636363635,1.7727272727272727,7
rnn_single_influence,4,d_R,all,736,10000,0.49782735109329224,184,0.8574879227053142,0.29347826086956524,1.2826086956521738,8
rnn_single_influence,4,d_R,familiar,736,10000,0.49782735109329224,96,0.8472222222222223,0.2604166666666667,1.375,8
rnn_single_influence,4,d_R,novel,736,10000,0.49782735109329224,88,0.8686868686868686,0.32954545454545453,1.1818181818181819,8
rnn_single_influence,4,d_B,all,736,10001,0.6869710683822632,184,0.7977053140096618,0.16847826086956522,1.8206521739130435,8
rnn_single_influence,4,d_B,familiar,736,10001,0.6869710683822632,96,0.7997685185185186,0.21875,1.8020833333333333,8
rnn_single_influence,4,d_B,novel,736,10001,0.6869710683822632,88,0.7954545454545454,0.11363636363636363,1.8409090909090908,8
rnn_single_influence,4,d_R,all,736,10000,0.47414517402648926,184,0.8768115942028984,0.33695652173913043,1.108695652173913,9
rnn_single_influence,4,d_R,familiar,736,10000,0.47414517402648926,96,0.8761574074074076,0.3229166666666667,1.1145833333333333,9
rnn_single_influence,4,d_R,novel,736,10000,0.47414517402648926,88,0.8775252525252526,0.3522727272727273,1.1022727272727273,9
rnn_single_influence,4,d_B,all,736,10001,0.7152512669563293,184,0.7977053140096618,0.15217391304347827,1.8206521739130435,9
rnn_single_influence,4,d_B,familiar,736,10001,0.7152512669563293,96,0.8032407407407408,0.20833333333333334,1.7708333333333333,9
rnn_single_influence,4,d_B,novel,736,10001,0.7152512669563293,88,0.7916666666666665,0.09090909090909091,1.875,9
rnn_single_influence,4,d_R,all,736,10000,0.46933692693710327,184,0.8719806763285025,0.33152173913043476,1.1521739130434783,10
rnn_single_influence,4,d_R,familiar,736,10000,0.46933692693710327,96,0.8622685185185185,0.3020833333333333,1.2395833333333333,10
rnn_single_influence,4,d_R,novel,736,10000,0.46933692693710327,88,0.8825757575757575,0.36363636363636365,1.0568181818181819,10
rnn_single_influence,4,d_B,all,736,10001,0.7409564256668091,184,0.7983091787439615,0.1793478260869565,1.815217391304348,10
rnn_single_influence,4,d_B,familiar,736,10001,0.7409564256668091,96,0.7986111111111113,0.21875,1.8125,10
rnn_single_influence,4,d_B,novel,736,10001,0.7409564256668091,88,0.797979797979798,0.13636363636363635,1.8181818181818181,10
rnn_single_influence,4,d_R,all,736,10000,0.4602566957473755,184,0.8840579710144929,0.33152173913043476,1.0434782608695652,11
rnn_single_influence,4,d_R,familiar,736,10000,0.4602566957473755,96,0.8784722222222223,0.2916666666666667,1.09375,11
rnn_single_influence,4,d_R,novel,736,10000,0.4602566957473755,88,0.8901515151515152,0.375,0.9886363636363636,11
rnn_single_influence,4,d_B,all,736,10001,0.7630519270896912,184,0.8067632850241546,0.17391304347826086,1.7391304347826086,11
rnn_single_influence,4,d_B,familiar,736,10001,0.7630519270896912,96,0.8020833333333334,0.21875,1.78125,11
rnn_single_influence,4,d_B,novel,736,10001,0.7630519270896912,88,0.811868686868687,0.125,1.6931818181818181,11
rnn_single_influence,4,d_R,all,736,10000,0.43851739168167114,184,0.8840579710144927,0.3532608695652174,1.0434782608695652,12
rnn_single_influence,4,d_R,familiar,736,10000,0.43851739168167114,96,0.8692129629629631,0.3020833333333333,1.1770833333333333,12
rnn_single_influence,4,d_R,novel,736,10000,0.43851739168167114,88,0.9002525252525253,0.4090909090909091,0.8977272727272727,12
rnn_single_influence,4,d_B,all,736,10001,0.7559945583343506,184,0.806159420289855,0.20108695652173914,1.7445652173913044,12
rnn_single_influence,4,d_B,familiar,736,10001,0.7559945583343506,96,0.8009259259259259,0.28125,1.7916666666666667,12
rnn_single_influence,4,d_B,novel,736,10001,0.7559945583343506,88,0.8118686868686869,0.11363636363636363,1.6931818181818181,12
rnn_single_influence,4,d_R,all,736,10000,0.44125258922576904,184,0.8870772946859904,0.33695652173913043,1.016304347826087,13
rnn_single_influence,4,d_R,familiar,736,10000,0.44125258922576904,96,0.8807870370370372,0.3020833333333333,1.0729166666666667,13
rnn_single_influence,4,d_R,novel,736,10000,0.44125258922576904,88,0.893939393939394,0.375,0.9545454545454546,13
rnn_single_influence,4,d_B,all,736,10001,0.7324334979057312,184,0.8121980676328502,0.21195652173913043,1.690217391304348,13
rnn_single_influence,4,d_B,familiar,736,10001,0.7324334979057312,96,0.8125,0.2604166666666667,1.6875,13
rnn_single_influence,4,d_B,novel,736,10001,0.7324334979057312,88,0.811868686868687,0.1590909090909091,1.6931818181818181,13
rnn_single_influence,4,d_R,all,736,10000,0.44815361499786377,184,0.8737922705314011,0.30434782608695654,1.1358695652173914,14
rnn_single_influence,4,d_R,familiar,736,10000,0.44815361499786377,96,0.8530092592592594,0.23958333333333334,1.3229166666666667,14
rnn_single_influence,4,d_R,novel,736,10000,0.44815361499786377,88,0.8964646464646464,0.375,0.9318181818181818,14
rnn_single_influence,4,d_B,all,736,10001,0.7317414283752441,184,0.8218599033816425,0.22282608695652173,1.6032608695652173,14
rnn_single_influence,4,d_B,familiar,736,10001,0.7317414283752441,96,0.8229166666666666,0.3020833333333333,1.59375,14
rnn_single_influence,4,d_B,novel,736,10001,0.7317414283752441,88,0.8207070707070708,0.13636363636363635,1.6136363636363635,14
rnn_single_influence,4,d_R,all,736,10000,0.45116549730300903,184,0.8900966183574879,0.3858695652173913,0.9891304347826086,15
rnn_single_influence,4,d_R,familiar,736,10000,0.45116549730300903,96,0.871527777777778,0.3229166666666667,1.15625,15
rnn_single_influence,4,d_R,novel,736,10000,0.45116549730300903,88,0.9103535353535354,0.45454545454545453,0.8068181818181818,15
rnn_single_influence,4,d_B,all,736,10001,0.745054304599762,184,0.8224637681159421,0.21739130434782608,1.5978260869565217,15
rnn_single_influence,4,d_B,familiar,736,10001,0.745054304599762,96,0.8240740740740741,0.2916666666666667,1.5833333333333333,15
rnn_single_influence,4,d_B,novel,736,10001,0.745054304599762,88,0.8207070707070708,0.13636363636363635,1.6136363636363635,15
rnn_single_influence,4,d_R,all,736,10000,0.45141929388046265,184,0.8919082125603864,0.3804347826086957,0.9728260869565217,16
rnn_single_influence,4,d_R,familiar,736,10000,0.45141929388046265,96,0.8703703703703706,0.3020833333333333,1.1666666666666667,16
rnn_single_influence,4,d_R,novel,736,10000,0.45141929388046265,88,0.9154040404040406,0.4659090909090909,0.7613636363636364,16
rnn_single_influence,4,d_B,all,736,10001,0.7419508099555969,184,0.8140096618357487,0.24456521739130435,1.673913043478261,16
rnn_single_influence,4,d_B,familiar,736,10001,0.7419508099555969,96,0.7974537037037037,0.28125,1.8229166666666667,16
rnn_single_influence,4,d_B,novel,736,10001,0.7419508099555969,88,0.8320707070707072,0.20454545454545456,1.5113636363636365,16
rnn_single_influence,4,d_R,all,736,10000,0.43818730115890503,184,0.8925120772946861,0.41304347826086957,0.967391304347826,17
rnn_single_influence,4,d_R,familiar,736,10000,0.43818730115890503,96,0.8865740740740741,0.3958333333333333,1.0208333333333333,17
rnn_single_influence,4,d_R,novel,736,10000,0.43818730115890503,88,0.898989898989899,0.4318181818181818,0.9090909090909091,17
rnn_single_influence,4,d_B,all,736,10001,0.7490942478179932,184,0.8128019323671498,0.22282608695652173,1.684782608695652,17
rnn_single_influence,4,d_B,familiar,736,10001,0.7490942478179932,96,0.8078703703703703,0.2604166666666667,1.7291666666666667,17
rnn_single_influence,4,d_B,novel,736,10001,0.7490942478179932,88,0.8181818181818182,0.18181818181818182,1.6363636363636365,17
rnn_single_influence,4,d_R,all,736,10000,0.42489326000213623,184,0.8870772946859904,0.391304347826087,1.016304347826087,18
rnn_single_influence,4,d_R,familiar,736,10000,0.42489326000213623,96,0.8784722222222223,0.3645833333333333,1.09375,18
rnn_single_influence,4,d_R,novel,736,10000,0.42489326000213623,88,0.8964646464646464,0.42045454545454547,0.9318181818181818,18
rnn_single_influence,4,d_B,all,736,10001,0.733725905418396,184,0.8182367149758455,0.21195652173913043,1.6358695652173914,18
rnn_single_influence,4,d_B,familiar,736,10001,0.733725905418396,96,0.8125,0.22916666666666666,1.6875,18
rnn_single_influence,4,d_B,novel,736,10001,0.733725905418396,88,0.8244949494949495,0.19318181818181818,1.5795454545454546,18
rnn_single_influence,4,d_R,all,736,10000,0.42310813069343567,184,0.9009661835748793,0.3967391304347826,0.8913043478260869,19
rnn_single_influence,4,d_R,familiar,736,10000,0.42310813069343567,96,0.8958333333333335,0.34375,0.9375,19
rnn_single_influence,4,d_R,novel,736,10000,0.42310813069343567,88,0.9065656565656565,0.45454545454545453,0.8409090909090909,19
rnn_single_influence,4,d_B,all,736,10001,0.7383282780647278,184,0.8134057971014493,0.22826086956521738,1.6793478260869565,19
rnn_single_influence,4,d_B,familiar,736,10001,0.7383282780647278,96,0.8136574074074074,0.2604166666666667,1.6770833333333333,19
rnn_single_influence,4,d_B,novel,736,10001,0.7383282780647278,88,0.8131313131313131,0.19318181818181818,1.6818181818181819,19
rnn_single_influence,5,d_R,all,736,10000,0.5817430019378662,184,0.9057971014492755,0.4891304347826087,0.8478260869565217,0
rnn_single_influence,5,d_R,familiar,736,10000,0.5817430019378662,96,0.9097222222222223,0.4375,0.8125,0
rnn_single_influence,5,d_R,novel,736,10000,0.5817430019378662,88,0.9015151515151516,0.5454545454545454,0.8863636363636364,0
rnn_single_influence,5,d_B,all,736,10001,1.138827919960022,184,0.7904589371980677,0.18478260869565216,1.8858695652173914,0
rnn_single_influence,5,d_B,familiar,736,10001,1.138827919960022,96,0.7766203703703703,0.15625,2.0104166666666665,0
rnn_single_influence,5,d_B,novel,736,10001,1.138827919960022,88,0.8055555555555555,0.2159090909090909,1.75,0
rnn_single_influence,5,d_R,all,736,10000,0.4633137583732605,184,0.9468599033816425,0.6304347826086957,0.4782608695652174,1
rnn_single_influence,5,d_R,familiar,736,10000,0.4633137583732605,96,0.9398148148148149,0.5729166666666666,0.5416666666666666,1
rnn_single_influence,5,d_R,novel,736,10000,0.4633137583732605,88,0.9545454545454546,0.6931818181818182,0.4090909090909091,1
rnn_single_influence,5,d_B,all,736,10001,1.1110390424728394,184,0.8152173913043478,0.20108695652173914,1.6630434782608696,1
rnn_single_influence,5,d_B,familiar,736,10001,1.1110390424728394,96,0.8043981481481483,0.1875,1.7604166666666667,1
rnn_single_influence,5,d_B,novel,736,10001,1.1110390424728394,88,0.827020202020202,0.2159090909090909,1.5568181818181819,1
rnn_single_influence,5,d_R,all,736,10000,0.4384925365447998,184,0.9498792270531401,0.6358695652173914,0.45108695652173914,2
rnn_single_influence,5,d_R,familiar,736,10000,0.4384925365447998,96,0.9502314814814815,0.625,0.4479166666666667,2
rnn_single_influence,5,d_R,novel,736,10000,0.4384925365447998,88,0.9494949494949497,0.6477272727272727,0.45454545454545453,2
rnn_single_influence,5,d_B,all,736,10001,1.1333739757537842,184,0.821256038647343,0.20108695652173914,1.608695652173913,2
rnn_single_influence,5,d_B,familiar,736,10001,1.1333739757537842,96,0.8090277777777778,0.1875,1.71875,2
rnn_single_influence,5,d_B,novel,736,10001,1.1333739757537842,88,0.8345959595959596,0.2159090909090909,1.4886363636363635,2
rnn_single_influence,5,d_R,all,736,10000,0.41800564527511597,184,0.9547101449275364,0.6793478260869565,0.4076086956521739,3
rnn_single_influence,5,d_R,familiar,736,10000,0.41800564527511597,96,0.9525462962962964,0.6458333333333334,0.4270833333333333,3
rnn_single_influence,5,d_R,novel,736,10000,0.41800564527511597,88,0.9570707070707072,0.7159090909090909,0.38636363636363635,3
rnn_single_influence,5,d_B,all,736,10001,1.141270399093628,184,0.8242753623188407,0.20108695652173914,1.5815217391304348,3
rnn_single_influence,5,d_B,familiar,736,10001,1.141270399093628,96,0.8009259259259259,0.17708333333333334,1.7916666666666667,3
rnn_single_influence,5,d_B,novel,736,10001,1.141270399093628,88,0.8497474747474747,0.22727272727272727,1.3522727272727273,3
rnn_single_influence,5,d_R,all,736,10000,0.39950212836265564,184,0.9547101449275364,0.6739130434782609,0.4076086956521739,4
rnn_single_influence,5,d_R,familiar,736,10000,0.39950212836265564,96,0.9560185185185187,0.6770833333333334,0.3958333333333333,4
rnn_single_influence,5,d_R,novel,736,10000,0.39950212836265564,88,0.9532828282828283,0.6704545454545454,0.42045454545454547,4
rnn_single_influence,5,d_B,all,736,10001,1.127617359161377,184,0.8260869565217392,0.22826086956521738,1.565217391304348,4
rnn_single_influence,5,d_B,familiar,736,10001,1.127617359161377,96,0.7870370370370372,0.16666666666666666,1.9166666666666667,4
rnn_single_influence,5,d_B,novel,736,10001,1.127617359161377,88,0.8686868686868686,0.29545454545454547,1.1818181818181819,4
rnn_single_influence,5,d_R,all,736,10000,0.39370718598365784,184,0.9619565217391305,0.7228260869565217,0.3423913043478261,5
rnn_single_influence,5,d_R,familiar,736,10000,0.39370718598365784,96,0.9583333333333335,0.6979166666666666,0.375,5
rnn_single_influence,5,d_R,novel,736,10000,0.39370718598365784,88,0.965909090909091,0.75,0.3068181818181818,5
rnn_single_influence,5,d_B,all,736,10001,1.1341421604156494,184,0.8429951690821258,0.27717391304347827,1.4130434782608696,5
rnn_single_influence,5,d_B,familiar,736,10001,1.1341421604156494,96,0.8159722222222223,0.25,1.65625,5
rnn_single_influence,5,d_B,novel,736,10001,1.1341421604156494,88,0.8724747474747475,0.3068181818181818,1.1477272727272727,5
rnn_single_influence,5,d_R,all,736,10000,0.3881317973136902,184,0.9631642512077295,0.7228260869565217,0.33152173913043476,6
rnn_single_influence,5,d_R,familiar,736,10000,0.3881317973136902,96,0.9571759259259262,0.6875,0.3854166666666667,6
rnn_single_influence,5,d_R,novel,736,10000,0.3881317973136902,88,0.9696969696969698,0.7613636363636364,0.2727272727272727,6
rnn_single_influence,5,d_B,all,736,10001,1.1375386714935303,184,0.8417874396135268,0.2826086956521739,1.423913043478261,6
rnn_single_influence,5,d_B,familiar,736,10001,1.1375386714935303,96,0.8159722222222223,0.2708333333333333,1.65625,6
rnn_single_influence,5,d_B,novel,736,10001,1.1375386714935303,88,0.8699494949494949,0.29545454545454547,1.1704545454545454,6
rnn_single_influence,5,d_R,all,736,10000,0.38048893213272095,184,0.9649758454106281,0.7282608695652174,0.31521739130434784,7
rnn_single_influence,5,d_R,familiar,736,10000,0.38048893213272095,96,0.9583333333333334,0.6875,0.375,7
rnn_single_influence,5,d_R,novel,736,10000,0.38048893213272095,88,0.9722222222222224,0.7727272727272727,0.25,7
rnn_single_influence,5,d_B,all,736,10001,1.1387726068496704,184,0.8285024154589372,0.25,1.5434782608695652,7
rnn_single_influence,5,d_B,familiar,736,10001,1.1387726068496704,96,0.8125,0.23958333333333334,1.6875,7
rnn_single_influence,5,d_B,novel,736,10001,1.1387726068496704,88,0.8459595959595959,0.26136363636363635,1.3863636363636365,7
rnn_single_influence,5,d_R,all,736,10000,0.3788328170776367,184,0.9619565217391305,0.6902173913043478,0.3423913043478261,8
rnn_single_influence,5,d_R,familiar,736,10000,0.3788328170776367,96,0.9560185185185187,0.6354166666666666,0.3958333333333333,8
rnn_single_influence,5,d_R,novel,736,10000,0.3788328170776367,88,0.9684343434343435,0.75,0.2840909090909091,8
rnn_single_influence,5,d_B,all,736,10001,1.118747591972351,184,0.8339371980676329,0.23369565217391305,1.4945652173913044,8
rnn_single_influence,5,d_B,familiar,736,10001,1.118747591972351,96,0.8148148148148149,0.22916666666666666,1.6666666666666667,8
rnn_single_influence,5,d_B,novel,736,10001,1.118747591972351,88,0.8547979797979799,0.23863636363636365,1.3068181818181819,8
rnn_single_influence,5,d_R,all,736,10000,0.37498536705970764,184,0.9643719806763286,0.717391304347826,0.32065217391304346,9
rnn_single_influence,5,d_R,familiar,736,10000,0.37498536705970764,96,0.9583333333333335,0.6666666666666666,0.375,9
rnn_single_influence,5,d_R,novel,736,10000,0.37498536705970764,88,0.9709595959595959,0.7727272727272727,0.26136363636363635,9
rnn_single_influence,5,d_B,all,736,10001,1.1185047626495361,184,0.8272946859903382,0.23369565217391305,1.5543478260869565,9
rnn_single_influence,5,d_B,familiar,736,10001,1.1185047626495361,96,0.8194444444444445,0.25,1.625,9
rnn_single_influence,5,d_B,novel,736,10001,1.1185047626495361,88,0.8358585858585859,0.2159090909090909,1.4772727272727273,9
rnn_single_influence,5,d_R,all,736,10000,0.3676680624485016,184,0.9667874396135265,0.7336956521739131,0.29891304347826086,10
rnn_single_influence,5,d_R,familiar,736,10000,0.3676680624485016,96,0.965277777777778,0.7083333333333334,0.3125,10
rnn_single_influence,5,d_R,novel,736,10000,0.3676680624485016,88,0.9684343434343435,0.7613636363636364,0.2840909090909091,10
rnn_single_influence,5,d_B,all,736,10001,1.1347421407699585,184,0.8260869565217391,0.22826086956521738,1.565217391304348,10
rnn_single_influence,5,d_B,familiar,736,10001,1.1347421407699585,96,0.820601851851852,0.25,1.6145833333333333,10
rnn_single_influence,5,d_B,novel,736,10001,1.1347421407699585,88,0.8320707070707072,0.20454545454545456,1.5113636363636365,10
rnn_single_influence,5,d_R,all,736,10000,0.3633193075656891,184,0.9698067632850242,0.7445652173913043,0.2717391304347826,11
rnn_single_influence,5,d_R,familiar,736,10000,0.3633193075656891,96,0.96875,0.7291666666666666,0.28125,11
rnn_single_influence,5,d_R,novel,736,10000,0.3633193075656891,88,0.9709595959595961,0.7613636363636364,0.26136363636363635,11
rnn_single_influence,5,d_B,all,736,10001,1.1306781768798828,184,0.8393719806763286,0.22282608695652173,1.4456521739130435,11
rnn_single_influence,5,d_B,familiar,736,10001,1.1306781768798828,96,0.8368055555555557,0.28125,1.46875,11
rnn_single_influence,5,d_B,novel,736,10001,1.1306781768798828,88,0.8421717171717172,0.1590909090909091,1.4204545454545454,11
rnn_single_influence,5,d_R,all,736,10000,0.3573184907436371,184,0.9728260869565217,0.7717391304347826,0.24456521739130435,12
rnn_single_influence,5,d_R,familiar,736,10000,0.3573184907436371,96,0.96875,0.7395833333333334,0.28125,12
rnn_single_influence,5,d_R,novel,736,10000,0.3573184907436371,88,0.9772727272727274,0.8068181818181818,0.20454545454545456,12
rnn_single_influence,5,d_B,all,736,10001,1.1371527910232544,184,0.8363526570048309,0.22826086956521738,1.4728260869565217,12
rnn_single_influence,5,d_B,familiar,736,10001,1.1371527910232544,96,0.8344907407407408,0.2708333333333333,1.4895833333333333,12
rnn_single_influence,5,d_B,novel,736,10001,1.1371527910232544,88,0.8383838383838383,0.18181818181818182,1.4545454545454546,12
rnn_single_influence,5,d_R,all,736,10000,0.3509690761566162,184,0.9746376811594203,0.782608695652174,0.22826086956521738,13
rnn_single_influence,5,d_R,familiar,736,10000,0.3509690761566162,96,0.9722222222222223,0.7604166666666666,0.25,13
rnn_single_influence,5,d_R,novel,736,10000,0.3509690761566162,88,0.9772727272727273,0.8068181818181818,0.20454545454545456,13
rnn_single_influence,5,d_B,all,736,10001,1.14767324924469,184,0.838768115942029,0.22826086956521738,1.451086956521739,13
rnn_single_influence,5,d_B,familiar,736,10001,1.14767324924469,96,0.8391203703703703,0.2708333333333333,1.4479166666666667,13
rnn_single_influence,5,d_B,novel,736,10001,1.14767324924469,88,0.8383838383838385,0.18181818181818182,1.4545454545454546,13
rnn_single_influence,5,d_R,all,736,10000,0.3489176630973816,184,0.9728260869565217,0.7717391304347826,0.24456521739130435,14
rnn_single_influence,5,d_R,familiar,736,10000,0.3489176630973816,96,0.9675925925925927,0.7291666666666666,0.2916666666666667,14
rnn_single_influence,5,d_R,novel,736,10000,0.3489176630973816,88,0.9785353535353536,0.8181818181818182,0.19318181818181818,14
rnn_single_influence,5,d_B,all,736,10001,1.1455458402633667,184,0.8393719806763286,0.24456521739130435,1.4456521739130435,14
rnn_single_influence,5,d_B,familiar,736,10001,1.1455458402633667,96,0.8333333333333334,0.2916666666666667,1.5,14
rnn_single_influence,5,d_B,novel,736,10001,1.1455458402633667,88,0.8459595959595961,0.19318181818181818,1.3863636363636365,14
rnn_single_influence,5,d_R,all,736,10000,0.3491308391094208,184,0.9734299516908212,0.782608695652174,0.2391304347826087,15
rnn_single_influence,5,d_R,familiar,736,10000,0.3491308391094208,96,0.9687500000000001,0.75,0.28125,15
rnn_single_influence,5,d_R,novel,736,10000,0.3491308391094208,88,0.9785353535353536,0.8181818181818182,0.19318181818181818,15
rnn_single_influence,5,d_B,all,736,10001,1.1515376567840576,184,0.841183574879227,0.21739130434782608,1.4293478260869565,15
rnn_single_influence,5,d_B,familiar,736,10001,1.1515376567840576,96,0.8379629629629631,0.25,1.4583333333333333,15
rnn_single_influence,5,d_B,novel,736,10001,1.1515376567840576,88,0.8446969696969698,0.18181818181818182,1.3977272727272727,15
rnn_single_influence,5,d_R,all,736,10000,0.3474040627479553,184,0.9752415458937199,0.7934782608695652,0.22282608695652173,16
rnn_single_influence,5,d_R,familiar,736,10000,0.3474040627479553,96,0.9710648148148149,0.7604166666666666,0.2604166666666667,16
rnn_single_influence,5,d_R,novel,736,10000,0.3474040627479553,88,0.9797979797979799,0.8295454545454546,0.18181818181818182,16
rnn_single_influence,5,d_B,all,736,10001,1.155171275138855,184,0.8417874396135265,0.21195652173913043,1.423913043478261,16
rnn_single_influence,5,d_B,familiar,736,10001,1.155171275138855,96,0.8356481481481483,0.21875,1.4791666666666667,16
rnn_single_influence,5,d_B,novel,736,10001,1.155171275138855,88,0.8484848484848485,0.20454545454545456,1.3636363636363635,16
rnn_single_influence,5,d_R,all,736,10000,0.33764776587486267,184,0.9770531400966184,0.8097826086956522,0.20652173913043478,17
rnn_single_influence,5,d_R,familiar,736,10000,0.33764776587486267,96,0.9733796296296298,0.78125,0.23958333333333334,17
rnn_single_influence,5,d_R,novel,736,10000,0.33764776587486267,88,0.9810606060606062,0.8409090909090909,0.17045454545454544,17
rnn_single_influence,5,d_B,all,736,10001,1.1548537015914917,184,0.8508454106280192,0.21739130434782608,1.3423913043478262,17
rnn_single_influence,5,d_B,familiar,736,10001,1.1548537015914917,96,0.8495370370370372,0.21875,1.3541666666666667,17
rnn_single_influence,5,d_B,novel,736,10001,1.1548537015914917,88,0.8522727272727273,0.2159090909090909,1.3295454545454546,17
rnn_single_influence,5,d_R,all,736,10000,0.33743128180503845,184,0.9794685990338164,0.8260869565217391,0.18478260869565216,18
rnn_single_influence,5,d_R,familiar,736,10000,0.33743128180503845,96,0.976851851851852,0.8020833333333334,0.20833333333333334,18
rnn_single_influence,5,d_R,novel,736,10000,0.33743128180503845,88,0.9823232323232325,0.8522727272727273,0.1590909090909091,18
rnn_single_influence,5,d_B,all,736,10001,1.1590229272842407,184,0.8411835748792271,0.1956521739130435,1.4293478260869565,18
rnn_single_influence,5,d_B,familiar,736,10001,1.1590229272842407,96,0.8449074074074074,0.21875,1.3958333333333333,18
rnn_single_influence,5,d_B,novel,736,10001,1.1590229272842407,88,0.837121212121212,0.17045454545454544,1.4659090909090908,18
rnn_single_influence,5,d_R,all,736,10000,0.3326963484287262,184,0.976449275362319,0.7989130434782609,0.21195652173913043,19
rnn_single_influence,5,d_R,familiar,736,10000,0.3326963484287262,96,0.9745370370370371,0.78125,0.22916666666666666,19
rnn_single_influence,5,d_R,novel,736,10000,0.3326963484287262,88,0.9785353535353536,0.8181818181818182,0.19318181818181818,19
rnn_single_influence,5,d_B,all,736,10001,1.1621580123901367,184,0.8381642512077295,0.1956521739130435,1.4565217391304348,19
rnn_single_influence,5,d_B,familiar,736,10001,1.1621580123901367,96,0.8391203703703706,0.23958333333333334,1.4479166666666667,19
rnn_single_influence,5,d_B,novel,736,10001,1.1621580123901367,88,0.8371212121212122,0.14772727272727273,1.4659090909090908,19
rnn_diverse_noinfluence,1,d_R,all,736,10000,1.2077807188034058,184,0.6654589371980676,0.09782608695652174,3.010869565217391,0
rnn_diverse_noinfluence,1,d_R,familiar,736,10000,1.2077807188034058,96,0.6458333333333334,0.11458333333333333,3.1875,0
rnn_diverse_noinfluence,1,d_R,novel,736,10000,1.2077807188034058,88,0.6868686868686869,0.07954545454545454,2.8181818181818183,0
rnn_diverse_noinfluence,1,d_B,all,736,10001,1.2354507446289062,184,0.6841787439613526,0.11413043478260869,2.842391304347826,0
rnn_diverse_noinfluence,1,d_B,familiar,736,10001,1.2354507446289062,96,0.6840277777777778,0.10416666666666667,2.84375,0
rnn_diverse_noinfluence,1,d_B,novel,736,10001,1.2354507446289062,88,0.6843434343434344,0.125,2.840909090909091,0
rnn_diverse_noinfluence,1,d_R,all,736,10000,1.3194934129714966,184,0.6485507246376813,0.10326086956521739,3.1630434782608696,1
rnn_diverse_noinfluence,1,d_R,familiar,736,10000,1.3194934129714966,96,0.6354166666666666,0.09375,3.28125,1
rnn_diverse_noinfluence,1,d_R,novel,736,10000,1.3194934129714966,88,0.6628787878787878,0.11363636363636363,3.034090909090909,1
rnn_diverse_noinfluence,1,d_B,all,736,10001,1.2773253917694092,184,0.6382850241545893,0.09239130434782608,3.255434782608696,1
rnn_diverse_noinfluence,1,d_B,familiar,736,10001,1.2773253917694092,96,0.625,0.09375,3.375,1
rnn_diverse_noinfluence,1,d_B,novel,736,10001,1.2773253917694092,88,0.6527777777777778,0.09090909090909091,3.125,1
rnn_diverse_noinfluence,1,d_R,all,736,10000,1.2615158557891846,184,0.6793478260869565,0.13043478260869565,2.885869565217391,2
rnn_diverse_noinfluence,1,d_R,familiar,736,10000,1.2615158557891846,96,0.6655092592592592,0.125,3.0104166666666665,2
rnn_diverse_noinfluence,1,d_R,novel,736,10000,1.2615158557891846,88,0.6944444444444445,0.13636363636363635,2.75,2
rnn_diverse_noinfluence,1,d_B,all,736,10001,1.298539400100708,184,0.644927536231884,0.14673913043478262,3.1956521739130435,2
rnn_diverse_noinfluence,1,d_B,familiar,736,10001,1.298539400100708,96,0.6608796296296297,0.15625,3.0520833333333335,2
rnn_diverse_noinfluence,1,d_B,novel,736,10001,1.298539400100708,88,0.6275252525252526,0.13636363636363635,3.352272727272727,2
rnn_diverse_noinfluence,1,d_R,all,736,10000,1.2099835872650146,184,0.6491545893719807,0.125,3.157608695652174,3
rnn_diverse_noinfluence,1,d_R,familiar,736,10000,1.2099835872650146,96,0.6458333333333334,0.125,3.1875,3
rnn_diverse_noinfluence,1,d_R,novel,736,10000,1.2099835872650146,88,0.6527777777777778,0.125,3.125,3
rnn_diverse_noinfluence,1,d_B,all,736,10001,1.2284764051437378,184,0.6521739130434783,0.16847826086956522,3.130434782608696,3
rnn_diverse_noinfluence,1,d_B,familiar,736,10001,1.2284764051437378,96,0.625,0.15625,3.375,3
rnn_diverse_noinfluence,1,d_B,novel,736,10001,1.2284764051437378,88,0.6818181818181818,0.18181818181818182,2.8636363636363638,3
rnn_diverse_noinfluence,1,d_R,all,736,10000,1.236241102218628,184,0.6564009661835749,0.125,3.092391304347826,4
rnn_diverse_noinfluence,1,d_R,familiar,736,10000,1.236241102218628,96,0.6296296296296297,0.11458333333333333,3.3333333333333335,4
rnn_diverse_noinfluence,1,d_R,novel,736,10000,1.236241102218628,88,0.6856060606060607,0.13636363636363635,2.8295454545454546,4
rnn_diverse_noinfluence,1,d_B,all,736,10001,1.2597661018371582,184,0.644927536231884,0.11956521739130435,3.1956521739130435,4
rnn_diverse_noinfluence,1,d_B,familiar,736,10001,1.2597661018371582,96,0.6284722222222222,0.13541666666666666,3.34375,4
rnn_diverse_noinfluence,1,d_B,novel,736,10001,1.2597661018371582,88,0.662878787878788,0.10227272727272728,3.034090909090909,4
rnn_diverse_noinfluence,1,d_R,all,736,10000,1.223159909248352,184,0.6660628019323672,0.10326086956521739,3.005434782608696,5
rnn_diverse_noinfluence,1,d_R,familiar,736,10000,1.223159909248352,96,0.6412037037037036,0.09375,3.2291666666666665,5
rnn_diverse_noinfluence,1,d_R,novel,736,10000,1.223159909248352,88,0.6931818181818182,0.11363636363636363,2.7613636363636362,5
rnn_diverse_noinfluence,1,d_B,all,736,10001,1.2633873224258423,184,0.6443236714975845,0.10326086956521739,3.2010869565217392,5
rnn_diverse_noinfluence,1,d_B,familiar,736,10001,1.2633873224258423,96,0.6215277777777778,0.07291666666666667,3.40625,5
rnn_diverse_noinfluence,1,d_B,novel,736,10001,1.2633873224258423,88,0.6691919191919191,0.13636363636363635,2.977272727272727,5
rnn_diverse_noinfluence,1,d_R,all,736,10000,1.2041282653808594,184,0.6497584541062801,0.11956521739130435,3.152173913043478,6
rnn_diverse_noinfluence,1,d_R,familiar,736,10000,1.2041282653808594,96,0.6076388888888888,0.07291666666666667,3.53125,6
rnn_diverse_noinfluence,1,d_R,novel,736,10000,1.2041282653808594,88,0.6957070707070708,0.17045454545454544,2.7386363636363638,6
rnn_diverse_noinfluence,1,d_B,all,736,10001,1.2710741758346558,184,0.6533816425120773,0.13043478260869565,3.119565217391304,6
rnn_diverse_noinfluence,1,d_B,familiar,736,10001,1.2710741758346558,96,0.6446759259259259,0.125,3.1979166666666665,6
rnn_diverse_noinfluence,1,d_B,novel,736,10001,1.2710741758346558,88,0.662878787878788,0.13636363636363635,3.034090909090909,6
rnn_diverse_noinfluence,1,d_R,all,736,10000,1.2009562253952026,184,0.6545893719806763,0.11413043478260869,3.108695652173913,7
rnn_diverse_noinfluence,1,d_R,familiar,736,10000,1.2009562253952026,96,0.6331018518518517,0.08333333333333333,3.3020833333333335,7
rnn_diverse_noinfluence,1,d_R,novel,736,10000,1.2009562253952026,88,0.6780303030303031,0.14772727272727273,2.897727272727273,7
rnn_diverse_noinfluence,1,d_B,all,736,10001,1.2526942491531372,184,0.6636473429951691,0.14130434782608695,3.027173913043478,7
rnn_diverse_noinfluence,1,d_B,familiar,736,10001,1.2526942491531372,96,0.6412037037037037,0.14583333333333334,3.2291666666666665,7
rnn_diverse_noinfluence,1,d_B,novel,736,10001,1.2526942491531372,88,0.6881313131313131,0.13636363636363635,2.8068181818181817,7
rnn_diverse_noinfluence,1,d_R,all,736,10000,1.196018934249878,184,0.6322463768115942,0.10326086956521739,3.3097826086956523,8
rnn_diverse_noinfluence,1,d_R,familiar,736,10000,1.196018934249878,96,0.6168981481481483,0.07291666666666667,3.4479166666666665,8
rnn_diverse_noinfluence,1,d_R,novel,736,10000,1.196018934249878,88,0.648989898989899,0.13636363636363635,3.159090909090909,8
rnn_diverse_noinfluence,1,d_B,all,736,10001,1.237104058265686,184,0.6243961352657005,0.10326086956521739,3.380434782608696,8
rnn_diverse_noinfluence,1,d_B,familiar,736,10001,1.237104058265686,96,0.6087962962962963,0.10416666666666667,3.5208333333333335,8
rnn_diverse_noinfluence,1,d_B,novel,736,10001,1.237104058265686,88,0.6414141414141414,0.10227272727272728,3.227272727272727,8
rnn_diverse_noinfluence,1,d_R,all,736,10000,1.1882439851760864,184,0.6781400966183575,0.14130434782608695,2.8967391304347827,9
rnn_diverse_noinfluence,1,d_R,familiar,736,10000,1.1882439851760864,96,0.6493055555555556,0.10416666666666667,3.15625,9
rnn_diverse_noinfluence,1,d_R,novel,736,10000,1.1882439851760864,88,0.7095959595959596,0.18181818181818182,2.6136363636363638,9
rnn_diverse_noinfluence,1,d_B,all,736,10001,1.248894214630127,184,0.6666666666666667,0.16304347826086957,3.0,9
rnn_diverse_noinfluence,1,d_B,familiar,736,10001,1.248894214630127,96,0.6620370370370371,0.16666666666666666,3.0416666666666665,9
rnn_diverse_noinfluence,1,d_B,novel,736,10001,1.248894214630127,88,0.6717171717171717,0.1590909090909091,2.9545454545454546,9
rnn_diverse_noinfluence,1,d_R,all,736,10000,1.2028281688690186,184,0.6739130434782609,0.15217391304347827,2.9347826086956523,10
rnn_diverse_noinfluence,1,d_R,familiar,736,10000,1.2028281688690186,96,0.6493055555555555,0.10416666666666667,3.15625,10
rnn_diverse_noinfluence,1,d_R,novel,736,10000,1.2028281688690186,88,0.7007575757575757,0.20454545454545456,2.6931818181818183,10
rnn_diverse_noinfluence,1,d_B,all,736,10001,1.228753685951233,184,0.6666666666666666,0.125,3.0,10
rnn_diverse_noinfluence,1,d_B,familiar,736,10001,1.228753685951233,96,0.6724537037037038,0.14583333333333334,2.9479166666666665,10
rnn_diverse_noinfluence,1,d_B,novel,736,10001,1.228753685951233,88,0.6603535353535354,0.10227272727272728,3.0568181818181817,10
rnn_diverse_noinfluence,1,d_R,all,736,10000,1.2140101194381714,184,0.6642512077294687,0.15217391304347827,3.0217391304347827,11
rnn_diverse_noinfluence,1,d_R,familiar,736,10000,1.2140101194381714,96,0.6516203703703702,0.10416666666666667,3.1354166666666665,11
rnn_diverse_noinfluence,1,d_R,novel,736,10000,1.2140101194381714,88,0.6780303030303031,0.20454545454545456,2.897727272727273,11
rnn_diverse_noinfluence,1,d_B,all,736,10001,1.2319120168685913,184,0.6648550724637682,0.125,3.016304347826087,11
rnn_diverse_noinfluence,1,d_B,familiar,736,10001,1.2319120168685913,96,0.6516203703703703,0.13541666666666666,3.1354166666666665,11
rnn_diverse_noinfluence,1,d_B,novel,736,10001,1.2319120168685913,88,0.6792929292929292,0.11363636363636363,2.8863636363636362,11
rnn_diverse_noinfluence,1,d_R,all,736,10000,1.2206426858901978,184,0.6871980676328503,0.1793478260869565,2.8152173913043477,12
rnn_diverse_noinfluence,1,d_R,familiar,736,10000,1.2206426858901978,96,0.6851851851851851,0.14583333333333334,2.8333333333333335,12
rnn_diverse_noinfluence,1,d_R,novel,736,10000,1.2206426858901978,88,0.6893939393939393,0.2159090909090909,2.7954545454545454,12
rnn_diverse_noinfluence,1,d_B,all,736,10001,1.220685362815857,184,0.6564009661835749,0.11413043478260869,3.092391304347826,12
rnn_diverse_noinfluence,1,d_B,familiar,736,10001,1.220685362815857,96,0.6296296296296297,0.09375,3.3333333333333335,12
rnn_diverse_noinfluence,1,d_B,novel,736,10001,1.220685362815857,88,0.6856060606060607,0.13636363636363635,2.8295454545454546,12
rnn_diverse_noinfluence,1,d_R,all,736,10000,1.2272262573242188,184,0.6980676328502416,0.17391304347826086,2.717391304347826,13
rnn_diverse_noinfluence,1,d_R,familiar,736,10000,1.2272262573242188,96,0.6747685185185185,0.14583333333333334,2.9270833333333335,13
rnn_diverse_noinfluence,1,d_R,novel,736,10000,1.2272262573242188,88,0.7234848484848485,0.20454545454545456,2.4886363636363638,13
rnn_diverse_noinfluence,1,d_B,all,736,10001,1.2351154088974,184,0.6708937198067634,0.125,2.9619565217391304,13
rnn_diverse_noinfluence,1,d_B,familiar,736,10001,1.2351154088974,96,0.6354166666666667,0.11458333333333333,3.28125,13
rnn_diverse_noinfluence,1,d_B,novel,736,10001,1.2351154088974,88,0.7095959595959597,0.13636363636363635,2.6136363636363638,13
rnn_diverse_noinfluence,1,d_R,all,736,10000,1.21797776222229,184,0.6714975845410628,0.16847826086956522,2.9565217391304346,14
rnn_diverse_noinfluence,1,d_R,familiar,736,10000,1.21797776222229,96,0.6388888888888888,0.11458333333333333,3.25,14
rnn_diverse_noinfluence,1,d_R,novel,736,10000,1.21797776222229,88,0.7070707070707071,0.22727272727272727,2.6363636363636362,14
rnn_diverse_noinfluence,1,d_B,all,736,10001,1.2214596271514893,184,0.6733091787439613,0.11956521739130435,2.9402173913043477,14
rnn_diverse_noinfluence,1,d_B,familiar,736,10001,1.2214596271514893,96,0.6493055555555555,0.13541666666666666,3.15625,14
rnn_diverse_noinfluence,1,d_B,novel,736,10001,1.2214596271514893,88,0.6994949494949496,0.10227272727272728,2.7045454545454546,14
rnn_diverse_noinfluence,1,d_R,all,736,10000,1.2426685094833374,184,0.6733091787439613,0.15760869565217392,2.9402173913043477,15
rnn_diverse_noinfluence,1,d_R,familiar,736,10000,1.2426685094833374,96,0.6516203703703703,0.11458333333333333,3.1354166666666665,15
rnn_diverse_noinfluence,1,d_R,novel,736,10000,1.2426685094833374,88,0.696969696969697,0.20454545454545456,2.727272727272727,15
rnn_diverse_noinfluence,1,d_B,all,736,10001,1.2297512292861938,184,0.6757246376811594,0.14130434782608695,2.9184782608695654,15
rnn_diverse_noinfluence,1,d_B,familiar,736,10001,1.2297512292861938,96,0.6655092592592593,0.14583333333333334,3.0104166666666665,15
rnn_diverse_noinfluence,1,d_B,novel,736,10001,1.2297512292861938,88,0.686868686868687,0.13636363636363635,2.8181818181818183,15
rnn_diverse_noinfluence,1,d_R,all,736,10000,1.2469522953033447,184,0.6896135265700483,0.1793478260869565,2.7934782608695654,16
rnn_diverse_noinfluence,1,d_R,familiar,736,10000,1.2469522953033447,96,0.6712962962962963,0.14583333333333334,2.9583333333333335,16
rnn_diverse_noinfluence,1,d_R,novel,736,10000,1.2469522953033447,88,0.7095959595959596,0.2159090909090909,2.6136363636363638,16
rnn_diverse_noinfluence,1,d_B,all,736,10001,1.2426458597183228,184,0.6654589371980677,0.14130434782608695,3.010869565217391,16
rnn_diverse_noinfluence,1,d_B,familiar,736,10001,1.2426458597183228,96,0.6516203703703703,0.15625,3.1354166666666665,16
rnn_diverse_noinfluence,1,d_B,novel,736,10001,1.2426458597183228,88,0.6805555555555555,0.125,2.875,16
rnn_diverse_noinfluence,1,d_R,all,736,10000,1.2641066312789917,184,0.7113526570048309,0.18478260869565216,2.597826086956522,17
rnn_diverse_noinfluence,1,d_R,familiar,736,10000,1.2641066312789917,96,0.6863425925925926,0.14583333333333334,2.8229166666666665,17
rnn_diverse_noinfluence,1,d_R,novel,736,10000,1.2641066312789917,88,0.7386363636363636,0.22727272727272727,2.352272727272727,17
rnn_diverse_noinfluence,1,d_B,all,736,10001,1.2418822050094604,184,0.6678743961352657,0.15760869565217392,2.989130434782609,17
rnn_diverse_noinfluence,1,d_B,familiar,736,10001,1.2418822050094604,96,0.6562499999999999,0.15625,3.09375,17
rnn_diverse_noinfluence,1,d_B,novel,736,10001,1.2418822050094604,88,0.6805555555555556,0.1590909090909091,2.875,17
rnn_diverse_noinfluence,1,d_R,all,736,10000,1.2757949829101562,184,0.6956521739130435,0.1793478260869565,2.739130434782609,18
rnn_diverse_noinfluence,1,d_R,familiar,736,10000,1.2757949829101562,96,0.6666666666666666,0.15625,3.0,18
rnn_diverse_noinfluence,1,d_R,novel,736,10000,1.2757949829101562,88,0.7272727272727273,0.20454545454545456,2.4545454545454546,18
rnn_diverse_noinfluence,1,d_B,all,736,10001,1.2334800958633423,184,0.6352657004830918,0.11956521739130435,3.282608695652174,18
rnn_diverse_noinfluence,1,d_B,familiar,736,10001,1.2334800958633423,96,0.6273148148148148,0.10416666666666667,3.3541666666666665,18
rnn_diverse_noinfluence,1,d_B,novel,736,10001,1.2334800958633423,88,0.6439393939393939,0.13636363636363635,3.2045454545454546,18
rnn_diverse_noinfluence,1,d_R,all,736,10000,1.2596104145050049,184,0.6926328502415459,0.17391304347826086,2.766304347826087,19
rnn_diverse_noinfluence,1,d_R,familiar,736,10000,1.2596104145050049,96,0.6527777777777778,0.125,3.125,19
rnn_diverse_noinfluence,1,d_R,novel,736,10000,1.2596104145050049,88,0.7361111111111112,0.22727272727272727,2.375,19
rnn_diverse_noinfluence,1,d_B,all,736,10001,1.2270206212997437,184,0.657608695652174,0.14130434782608695,3.0815217391304346,19
rnn_diverse_noinfluence,1,d_B,familiar,736,10001,1.2270206212997437,96,0.6435185185185185,0.14583333333333334,3.2083333333333335,19
rnn_diverse_noinfluence,1,d_B,novel,736,10001,1.2270206212997437,88,0.672979797979798,0.13636363636363635,2.9431818181818183,19
rnn_diverse_noinfluence,2,d_R,all,736,10000,0.8951839208602905,184,0.7536231884057972,0.16304347826086957,2.217391304347826,0
rnn_diverse_noinfluence,2,d_R,familiar,736,10000,0.8951839208602905,96,0.7291666666666666,0.125,2.4375,0
rnn_diverse_noinfluence,2,d_R,novel,736,10000,0.8951839208602905,88,0.7803030303030304,0.20454545454545456,1.9772727272727273,0
rnn_diverse_noinfluence,2,d_B,all,736,10001,0.7022902369499207,184,0.8194444444444444,0.2391304347826087,1.625,0
rnn_diverse_noinfluence,2,d_B,familiar,736,10001,0.7022902369499207,96,0.8171296296296298,0.19791666666666666,1.6458333333333333,0
rnn_diverse_noinfluence,2,d_B,novel,736,10001,0.7022902369499207,88,0.8219696969696969,0.2840909090909091,1.6022727272727273,0
rnn_diverse_noinfluence,2,d_R,all,736,10000,0.7823560237884521,184,0.7632850241545894,0.20108695652173914,2.130434782608696,1
rnn_diverse_noinfluence,2,d_R,familiar,736,10000,0.7823560237884521,96,0.7592592592592592,0.1875,2.1666666666666665,1
rnn_diverse_noinfluence,2,d_R,novel,736,10000,0.7823560237884521,88,0.7676767676767677,0.2159090909090909,2.090909090909091,1
rnn_diverse_noinfluence,2,d_B,all,736,10001,0.8309906125068665,184,0.7681159420289856,0.22826086956521738,2.0869565217391304,1
rnn_diverse_noinfluence,2,d_B,familiar,736,10001,0.8309906125068665,96,0.78125,0.28125,1.96875,1
rnn_diverse_noinfluence,2,d_B,novel,736,10001,0.8309906125068665,88,0.7537878787878789,0.17045454545454544,2.215909090909091,1
rnn_diverse_noinfluence,2,d_R,all,736,10000,0.8480167984962463,184,0.6739130434782609,0.1358695652173913,2.9347826086956523,2
rnn_diverse_noinfluence,2,d_R,familiar,736,10000,0.8480167984962463,96,0.6712962962962964,0.13541666666666666,2.9583333333333335,2
rnn_diverse_noinfluence,2,d_R,novel,736,10000,0.8480167984962463,88,0.6767676767676768,0.13636363636363635,2.909090909090909,2
rnn_diverse_noinfluence,2,d_B,all,736,10001,0.8122302293777466,184,0.7059178743961354,0.16304347826086957,2.6467391304347827,2
rnn_diverse_noinfluence,2,d_B,familiar,736,10001,0.8122302293777466,96,0.7118055555555555,0.1875,2.59375,2
rnn_diverse_noinfluence,2,d_B,novel,736,10001,0.8122302293777466,88,0.6994949494949495,0.13636363636363635,2.7045454545454546,2
rnn_diverse_noinfluence,2,d_R,all,736,10000,0.9047711491584778,184,0.75,0.20652173913043478,2.25,3
rnn_diverse_noinfluence,2,d_R,familiar,736,10000,0.9047711491584778,96,0.7604166666666666,0.17708333333333334,2.15625,3
rnn_diverse_noinfluence,2,d_R,novel,736,10000,0.9047711491584778,88,0.7386363636363636,0.23863636363636365,2.352272727272727,3
rnn_diverse_noinfluence,2,d_B,all,736,10001,0.8362509608268738,184,0.7506038647342995,0.25,2.244565217391304,3
rnn_diverse_noinfluence,2,d_B,familiar,736,10001,0.8362509608268738,96,0.7673611111111112,0.3125,2.09375,3
rnn_diverse_noinfluence,2,d_B,novel,736,10001,0.8362509608268738,88,0.7323232323232325,0.18181818181818182,2.409090909090909,3
rnn_diverse_noinfluence,2,d_R,all,736,10000,0.9278603196144104,184,0.6835748792270532,0.16847826086956522,2.847826086956522,4
rnn_diverse_noinfluence,2,d_R,familiar,736,10000,0.9278603196144104,96,0.6585648148148149,0.15625,3.0729166666666665,4
rnn_diverse_noinfluence,2,d_R,novel,736,10000,0.9278603196144104,88,0.7108585858585857,0.18181818181818182,2.602272727272727,4
rnn_diverse_noinfluence,2,d_B,all,736,10001,0.886233389377594,184,0.6805555555555555,0.20108695652173914,2.875,4
rnn_diverse_noinfluence,2,d_B,familiar,736,10001,0.886233389377594,96,0.6909722222222223,0.22916666666666666,2.78125,4
rnn_diverse_noinfluence,2,d_B,novel,736,10001,0.886233389377594,88,0.6691919191919192,0.17045454545454544,2.977272727272727,4
rnn_diverse_noinfluence,2,d_R,all,736,10000,0.9070889949798584,184,0.7318840579710146,0.20108695652173914,2.4130434782608696,5
rnn_diverse_noinfluence,2,d_R,familiar,736,10000,0.9070889949798584,96,0.7303240740740741,0.1875,2.4270833333333335,5
rnn_diverse_noinfluence,2,d_R,novel,736,10000,0.9070889949798584,88,0.7335858585858586,0.2159090909090909,2.397727272727273,5
rnn_diverse_noinfluence,2,d_B,all,736,10001,0.8573254346847534,184,0.7234299516908212,0.20652173913043478,2.489130434782609,5
rnn_diverse_noinfluence,2,d_B,familiar,736,10001,0.8573254346847534,96,0.6979166666666666,0.21875,2.71875,5
rnn_diverse_noinfluence,2,d_B,novel,736,10001,0.8573254346847534,88,0.7512626262626263,0.19318181818181818,2.2386363636363638,5
rnn_diverse_noinfluence,2,d_R,all,736,10000,0.9916706681251526,184,0.6793478260869565,0.15760869565217392,2.885869565217391,6
rnn_diverse_noinfluence,2,d_R,familiar,736,10000,0.9916706681251526,96,0.673611111111111,0.1875,2.9375,6
rnn_diverse_noinfluence,2,d_R,novel,736,10000,0.9916706681251526,88,0.6856060606060606,0.125,2.8295454545454546,6
rnn_diverse_noinfluence,2,d_B,all,736,10001,0.8519935011863708,184,0.6956521739130435,0.18478260869565216,2.739130434782609,6
rnn_diverse_noinfluence,2,d_B,familiar,736,10001,0.8519935011863708,96,0.6840277777777778,0.1875,2.84375,6
rnn_diverse_noinfluence,2,d_B,novel,736,10001,0.8519935011863708,88,0.7083333333333334,0.18181818181818182,2.625,6
rnn_diverse_noinfluence,2,d_R,all,736,10000,0.9538410305976868,184,0.7657004830917873,0.25,2.108695652173913,7
rnn_diverse_noinfluence,2,d_R,familiar,736,10000,0.9538410305976868,96,0.7800925925925926,0.25,1.9791666666666667,7
rnn_diverse_noinfluence,2,d_R,novel,736,10000,0.9538410305976868,88,0.75,0.25,2.25,7
rnn_diverse_noinfluence,2,d_B,all,736,10001,0.8494278192520142,184,0.7469806763285025,0.22282608695652173,2.277173913043478,7
rnn_diverse_noinfluence,2,d_B,familiar,736,10001,0.8494278192520142,96,0.7245370370370371,0.21875,2.4791666666666665,7
rnn_diverse_noinfluence,2,d_B,novel,736,10001,0.8494278192520142,88,0.7714646464646464,0.22727272727272727,2.0568181818181817,7
rnn_diverse_noinfluence,2,d_R,all,736,10000,1.0107401609420776,184,0.6835748792270533,0.20108695652173914,2.847826086956522,8
rnn_diverse_noinfluence,2,d_R,familiar,736,10000,1.0107401609420776,96,0.6828703703703703,0.22916666666666666,2.8541666666666665,8
rnn_diverse_noinfluence,2,d_R,novel,736,10000,1.0107401609420776,88,0.6843434343434344,0.17045454545454544,2.840909090909091,8
rnn_diverse_noinfluence,2,d_B,all,736,10001,0.8747001886367798,184,0.6751207729468599,0.18478260869565216,2.9239130434782608,8
rnn_diverse_noinfluence,2,d_B,familiar,736,10001,0.8747001886367798,96,0.6747685185185185,0.20833333333333334,2.9270833333333335,8
rnn_diverse_noinfluence,2,d_B,novel,736,10001,0.8747001886367798,88,0.6755050505050505,0.1590909090909091,2.9204545454545454,8
rnn_diverse_noinfluence,2,d_R,all,736,10000,0.9547345638275146,184,0.7415458937198068,0.2554347826086957,2.3260869565217392,9
rnn_diverse_noinfluence,2,d_R,familiar,736,10000,0.9547345638275146,96,0.7569444444444443,0.3020833333333333,2.1875,9
rnn_diverse_noinfluence,2,d_R,novel,736,10000,0.9547345638275146,88,0.7247474747474747,0.20454545454545456,2.477272727272727,9
rnn_diverse_noinfluence,2,d_B,all,736,10001,0.830403208732605,184,0.7361111111111112,0.24456521739130435,2.375,9
rnn_diverse_noinfluence,2,d_B,familiar,736,10001,0.830403208732605,96,0.7326388888888888,0.23958333333333334,2.40625,9
rnn_diverse_noinfluence,2,d_B,novel,736,10001,0.830403208732605,88,0.73989898989899,0.25,2.340909090909091,9
rnn_diverse_noinfluence,2,d_R,all,736,10000,1.0169241428375244,184,0.6859903381642513,0.22282608695652173,2.8260869565217392,10
rnn_diverse_noinfluence,2,d_R,familiar,736,10000,1.0169241428375244,96,0.6967592592592592,0.25,2.7291666666666665,10
rnn_diverse_noinfluence,2,d_R,novel,736,10000,1.0169241428375244,88,0.6742424242424242,0.19318181818181818,2.9318181818181817,10
rnn_diverse_noinfluence,2,d_B,all,736,10001,0.863602340221405,184,0.6896135265700483,0.15217391304347827,2.7934782608695654,10
rnn_diverse_noinfluence,2,d_B,familiar,736,10001,0.863602340221405,96,0.6932870370370369,0.17708333333333334,2.7604166666666665,10
rnn_diverse_noinfluence,2,d_B,novel,736,10001,0.863602340221405,88,0.6856060606060607,0.125,2.8295454545454546,10
rnn_diverse_noinfluence,2,d_R,all,736,10000,0.9744373559951782,184,0.7318840579710146,0.22282608695652173,2.4130434782608696,11
rnn_diverse_noinfluence,2,d_R,familiar,736,10000,0.9744373559951782,96,0.7418981481481483,0.20833333333333334,2.3229166666666665,11
rnn_diverse_noinfluence,2,d_R,novel,736,10000,0.9744373559951782,88,0.7209595959595959,0.23863636363636365,2.5113636363636362,11
rnn_diverse_noinfluence,2,d_B,all,736,10001,0.8340244889259338,184,0.7385265700483093,0.21739130434782608,2.3532608695652173,11
rnn_diverse_noinfluence,2,d_B,familiar,736,10001,0.8340244889259338,96,0.7314814814814815,0.23958333333333334,2.4166666666666665,11
rnn_diverse_noinfluence,2,d_B,novel,736,10001,0.8340244889259338,88,0.7462121212121211,0.19318181818181818,2.284090909090909,11
rnn_diverse_noinfluence,2,d_R,all,736,10000,1.009360432624817,184,0.7059178743961353,0.1956521739130435,2.6467391304347827,12
rnn_diverse_noinfluence,2,d_R,familiar,736,10000,1.009360432624817,96,0.7025462962962964,0.20833333333333334,2.6770833333333335,12
rnn_diverse_noinfluence,2,d_R,novel,736,10000,1.009360432624817,88,0.7095959595959596,0.18181818181818182,2.6136363636363638,12
rnn_diverse_noinfluence,2,d_B,all,736,10001,0.8783975839614868,184,0.6908212560386474,0.14130434782608695,2.782608695652174,12
rnn_diverse_noinfluence,2,d_B,familiar,736,10001,0.8783975839614868,96,0.6736111111111112,0.15625,2.9375,12
rnn_diverse_noinfluence,2,d_B,novel,736,10001,0.8783975839614868,88,0.7095959595959596,0.125,2.6136363636363638,12
rnn_diverse_noinfluence,2,d_R,all,736,10000,0.962673008441925,184,0.7228260869565217,0.21739130434782608,2.494565217391304,13
rnn_diverse_noinfluence,2,d_R,familiar,736,10000,0.962673008441925,96,0.7210648148148149,0.23958333333333334,2.5104166666666665,13
rnn_diverse_noinfluence,2,d_R,novel,736,10000,0.962673008441925,88,0.7247474747474748,0.19318181818181818,2.477272727272727,13
rnn_diverse_noinfluence,2,d_B,all,736,10001,0.8400768041610718,184,0.7566425120772947,0.21195652173913043,2.1902173913043477,13
rnn_diverse_noinfluence,2,d_B,familiar,736,10001,0.8400768041610718,96,0.7511574074074074,0.2604166666666667,2.2395833333333335,13
rnn_diverse_noinfluence,2,d_B,novel,736,10001,0.8400768041610718,88,0.7626262626262627,0.1590909090909091,2.1363636363636362,13
rnn_diverse_noinfluence,2,d_R,all,736,10000,0.9839795827865601,184,0.7016908212560388,0.21195652173913043,2.6847826086956523,14
rnn_diverse_noinfluence,2,d_R,familiar,736,10000,0.9839795827865601,96,0.707175925925926,0.22916666666666666,2.6354166666666665,14
rnn_diverse_noinfluence,2,d_R,novel,736,10000,0.9839795827865601,88,0.6957070707070707,0.19318181818181818,2.7386363636363638,14
rnn_diverse_noinfluence,2,d_B,all,736,10001,0.8656991124153137,184,0.7185990338164252,0.1956521739130435,2.532608695652174,14
rnn_diverse_noinfluence,2,d_B,familiar,736,10001,0.8656991124153137,96,0.736111111111111,0.23958333333333334,2.375,14
rnn_diverse_noinfluence,2,d_B,novel,736,10001,0.8656991124153137,88,0.6994949494949495,0.14772727272727273,2.7045454545454546,14
rnn_diverse_noinfluence,2,d_R,all,736,10000,0.9344711899757385,184,0.7566425120772947,0.2554347826086957,2.1902173913043477,15
rnn_diverse_noinfluence,2,d_R,familiar,736,10000,0.9344711899757385,96,0.7511574074074074,0.22916666666666666,2.2395833333333335,15
rnn_diverse_noinfluence,2,d_R,novel,736,10000,0.9344711899757385,88,0.7626262626262627,0.2840909090909091,2.1363636363636362,15
rnn_diverse_noinfluence,2,d_B,all,736,10001,0.8179677128791809,184,0.7475845410628018,0.22282608695652173,2.2717391304347827,15
rnn_diverse_noinfluence,2,d_B,familiar,736,10001,0.8179677128791809,96,0.7511574074074074,0.2604166666666667,2.2395833333333335,15
rnn_diverse_noinfluence,2,d_B,novel,736,10001,0.8179677128791809,88,0.7436868686868686,0.18181818181818182,2.3068181818181817,15
rnn_diverse_noinfluence,2,d_R,all,736,10000,0.9508222341537476,184,0.7041062801932366,0.20652173913043478,2.6630434782608696,16
rnn_diverse_noinfluence,2,d_R,familiar,736,10000,0.9508222341537476,96,0.6967592592592592,0.16666666666666666,2.7291666666666665,16
rnn_diverse_noinfluence,2,d_R,novel,736,10000,0.9508222341537476,88,0.7121212121212122,0.25,2.590909090909091,16
rnn_diverse_noinfluence,2,d_B,all,736,10001,0.8624941110610962,184,0.7246376811594203,0.21195652173913043,2.4782608695652173,16
rnn_diverse_noinfluence,2,d_B,familiar,736,10001,0.8624941110610962,96,0.7442129629629631,0.3020833333333333,2.3020833333333335,16
rnn_diverse_noinfluence,2,d_B,novel,736,10001,0.8624941110610962,88,0.7032828282828283,0.11363636363636363,2.6704545454545454,16
rnn_diverse_noinfluence,2,d_R,all,736,10000,0.9161816239356995,184,0.751207729468599,0.22826086956521738,2.239130434782609,17
rnn_diverse_noinfluence,2,d_R,familiar,736,10000,0.9161816239356995,96,0.7465277777777778,0.16666666666666666,2.28125,17
rnn_diverse_noinfluence,2,d_R,novel,736,10000,0.9161816239356995,88,0.7563131313131314,0.29545454545454547,2.1931818181818183,17
rnn_diverse_noinfluence,2,d_B,all,736,10001,0.8049901723861694,184,0.7403381642512078,0.22826086956521738,2.3369565217391304,17
rnn_diverse_noinfluence,2,d_B,familiar,736,10001,0.8049901723861694,96,0.7523148148148149,0.2916666666666667,2.2291666666666665,17
rnn_diverse_noinfluence,2,d_B,novel,736,10001,0.8049901723861694,88,0.7272727272727273,0.1590909090909091,2.4545454545454546,17
rnn_diverse_noinfluence,2,d_R,all,736,10000,0.9514262080192566,184,0.7065217391304348,0.20652173913043478,2.641304347826087,18
rnn_diverse_noinfluence,2,d_R,familiar,736,10000,0.9514262080192566,96,0.6956018518518517,0.17708333333333334,2.7395833333333335,18
rnn_diverse_noinfluence,2,d_R,novel,736,10000,0.9514262080192566,88,0.7184343434343434,0.23863636363636365,2.534090909090909,18
rnn_diverse_noinfluence,2,d_B,all,736,10001,0.86488938331604,184,0.7258454106280194,0.21195652173913043,2.467391304347826,18
rnn_diverse_noinfluence,2,d_B,familiar,736,10001,0.86488938331604,96,0.7349537037037036,0.23958333333333334,2.3854166666666665,18
rnn_diverse_noinfluence,2,d_B,novel,736,10001,0.86488938331604,88,0.7159090909090909,0.18181818181818182,2.5568181818181817,18
rnn_diverse_noinfluence,2,d_R,all,736,10000,0.8985905647277832,184,0.751207729468599,0.24456521739130435,2.239130434782609,19
rnn_diverse_noinfluence,2,d_R,familiar,736,10000,0.8985905647277832,96,0.75,0.20833333333333334,2.25,19
rnn_diverse_noinfluence,2,d_R,novel,736,10000,0.8985905647277832,88,0.7525252525252526,0.2840909090909091,2.227272727272727,19
rnn_diverse_noinfluence,2,d_B,all,736,10001,0.8203001618385315,184,0.7590579710144929,0.24456521739130435,2.1684782608695654,19
rnn_diverse_noinfluence,2,d_B,familiar,736,10001,0.8203001618385315,96,0.7418981481481483,0.25,2.3229166666666665,19
rnn_diverse_noinfluence,2,d_B,novel,736,10001,0.8203001618385315,88,0.7777777777777778,0.23863636363636365,2.0,19
rnn_diverse_noinfluence,3,d_R,all,736,10000,0.6921454071998596,184,0.75,0.18478260869565216,2.25,0
rnn_diverse_noinfluence,3,d_R,familiar,736,10000,0.6921454071998596,96,0.7581018518518517,0.21875,2.1770833333333335,0
rnn_diverse_noinfluence,3,d_R,novel,736,10000,0.6921454071998596,88,0.7411616161616162,0.14772727272727273,2.3295454545454546,0
rnn_diverse_noinfluence,3,d_B,all,736,10001,0.5360047817230225,184,0.8224637681159419,0.2826086956521739,1.5978260869565217,0
rnn_diverse_noinfluence,3,d_B,familiar,736,10001,0.5360047817230225,96,0.8310185185185186,0.3333333333333333,1.5208333333333333,0
rnn_diverse_noinfluence,3,d_B,novel,736,10001,0.5360047817230225,88,0.8131313131313131,0.22727272727272727,1.6818181818181819,0
rnn_diverse_noinfluence,3,d_R,all,736,10000,0.6450419425964355,184,0.7693236714975846,0.20108695652173914,2.0760869565217392,1
rnn_diverse_noinfluence,3,d_R,familiar,736,10000,0.6450419425964355,96,0.7673611111111112,0.19791666666666666,2.09375,1
rnn_diverse_noinfluence,3,d_R,novel,736,10000,0.6450419425964355,88,0.7714646464646464,0.20454545454545456,2.0568181818181817,1
rnn_diverse_noinfluence,3,d_B,all,736,10001,0.6222765445709229,184,0.8031400966183575,0.266304347826087,1.7717391304347827,1
rnn_diverse_noinfluence,3,d_B,familiar,736,10001,0.6222765445709229,96,0.8194444444444443,0.34375,1.625,1
rnn_diverse_noinfluence,3,d_B,novel,736,10001,0.6222765445709229,88,0.7853535353535354,0.18181818181818182,1.9318181818181819,1
rnn_diverse_noinfluence,3,d_R,all,736,10000,0.9377361536026001,184,0.7077294685990339,0.1793478260869565,2.630434782608696,2
rnn_diverse_noinfluence,3,d_R,familiar,736,10000,0.9377361536026001,96,0.6712962962962963,0.14583333333333334,2.9583333333333335,2
rnn_diverse_noinfluence,3,d_R,novel,736,10000,0.9377361536026001,88,0.7474747474747474,0.2159090909090909,2.272727272727273,2
rnn_diverse_noinfluence,3,d_B,all,736,10001,0.750540018081665,184,0.7451690821256038,0.19021739130434784,2.2934782608695654,2
rnn_diverse_noinfluence,3,d_B,familiar,736,10001,0.750540018081665,96,0.7488425925925926,0.14583333333333334,2.2604166666666665,2
rnn_diverse_noinfluence,3,d_B,novel,736,10001,0.750540018081665,88,0.7411616161616162,0.23863636363636365,2.3295454545454546,2
rnn_diverse_noinfluence,3,d_R,all,736,10000,0.8740111589431763,184,0.7572463768115941,0.22282608695652173,2.1847826086956523,3
rnn_diverse_noinfluence,3,d_R,familiar,736,10000,0.8740111589431763,96,0.7280092592592592,0.17708333333333334,2.4479166666666665,3
rnn_diverse_noinfluence,3,d_R,novel,736,10000,0.8740111589431763,88,0.7891414141414143,0.2727272727272727,1.8977272727272727,3
rnn_diverse_noinfluence,3,d_B,all,736,10001,0.7096163630485535,184,0.7946859903381643,0.2391304347826087,1.8478260869565217,3
rnn_diverse_noinfluence,3,d_B,familiar,736,10001,0.7096163630485535,96,0.8090277777777778,0.2604166666666667,1.71875,3
rnn_diverse_noinfluence,3,d_B,novel,736,10001,0.7096163630485535,88,0.7790404040404041,0.2159090909090909,1.9886363636363635,3
rnn_diverse_noinfluence,3,d_R,all,736,10000,0.982110321521759,184,0.6835748792270531,0.16847826086956522,2.847826086956522,4
rnn_diverse_noinfluence,3,d_R,familiar,736,10000,0.982110321521759,96,0.6631944444444444,0.125,3.03125,4
rnn_diverse_noinfluence,3,d_R,novel,736,10000,0.982110321521759,88,0.7058080808080809,0.2159090909090909,2.647727272727273,4
rnn_diverse_noinfluence,3,d_B,all,736,10001,0.8225647211074829,184,0.7179951690821255,0.16304347826086957,2.5380434782608696,4
rnn_diverse_noinfluence,3,d_B,familiar,736,10001,0.8225647211074829,96,0.7245370370370372,0.1875,2.4791666666666665,4
rnn_diverse_noinfluence,3,d_B,novel,736,10001,0.8225647211074829,88,0.7108585858585859,0.13636363636363635,2.602272727272727,4
rnn_diverse_noinfluence,3,d_R,all,736,10000,0.9091886281967163,184,0.7312801932367151,0.21195652173913043,2.4184782608695654,5
rnn_diverse_noinfluence,3,d_R,familiar,736,10000,0.9091886281967163,96,0.7164351851851851,0.21875,2.5520833333333335,5
rnn_diverse_noinfluence,3,d_R,novel,736,10000,0.9091886281967163,88,0.7474747474747474,0.20454545454545456,2.272727272727273,5
rnn_diverse_noinfluence,3,d_B,all,736,10001,0.793376088142395,184,0.7657004830917874,0.21195652173913043,2.108695652173913,5
rnn_diverse_noinfluence,3,d_B,familiar,736,10001,0.793376088142395,96,0.7766203703703703,0.2604166666666667,2.0104166666666665,5
rnn_diverse_noinfluence,3,d_B,novel,736,10001,0.793376088142395,88,0.7537878787878789,0.1590909090909091,2.215909090909091,5
rnn_diverse_noinfluence,3,d_R,all,736,10000,0.9954450726509094,184,0.6745169082125603,0.19021739130434784,2.9293478260869565,6
rnn_diverse_noinfluence,3,d_R,familiar,736,10000,0.9954450726509094,96,0.6435185185185185,0.1875,3.2083333333333335,6
rnn_diverse_noinfluence,3,d_R,novel,736,10000,0.9954450726509094,88,0.7083333333333334,0.19318181818181818,2.625,6
rnn_diverse_noinfluence,3,d_B,all,736,10001,0.8689361214637756,184,0.7342995169082124,0.21195652173913043,2.391304347826087,6
rnn_diverse_noinfluence,3,d_B,familiar,736,10001,0.8689361214637756,96,0.7164351851851851,0.17708333333333334,2.5520833333333335,6
rnn_diverse_noinfluence,3,d_B,novel,736,10001,0.8689361214637756,88,0.7537878787878789,0.25,2.215909090909091,6
rnn_diverse_noinfluence,3,d_R,all,736,10000,0.901412308216095,184,0.727657004830918,0.2391304347826087,2.4510869565217392,7
rnn_diverse_noinfluence,3,d_R,familiar,736,10000,0.901412308216095,96,0.71875,0.19791666666666666,2.53125,7
rnn_diverse_noinfluence,3,d_R,novel,736,10000,0.901412308216095,88,0.7373737373737373,0.2840909090909091,2.3636363636363638,7
rnn_diverse_noinfluence,3,d_B,all,736,10001,0.8213855028152466,184,0.7705314009661836,0.2608695652173913,2.0652173913043477,7
rnn_diverse_noinfluence,3,d_B,familiar,736,10001,0.8213855028152466,96,0.7476851851851851,0.25,2.2708333333333335,7
rnn_diverse_noinfluence,3,d_B,novel,736,10001,0.8213855028152466,88,0.7954545454545454,0.2727272727272727,1.8409090909090908,7
rnn_diverse_noinfluence,3,d_R,all,736,10000,0.9957242012023926,184,0.6992753623188407,0.22826086956521738,2.7065217391304346,8
rnn_diverse_noinfluence,3,d_R,familiar,736,10000,0.9957242012023926,96,0.6967592592592592,0.21875,2.7291666666666665,8
rnn_diverse_noinfluence,3,d_R,novel,736,10000,0.9957242012023926,88,0.702020202020202,0.23863636363636365,2.6818181818181817,8
rnn_diverse_noinfluence,3,d_B,all,736,10001,0.882682204246521,184,0.7137681159420289,0.25,2.5760869565217392,8
rnn_diverse_noinfluence,3,d_B,familiar,736,10001,0.882682204246521,96,0.7210648148148149,0.2604166666666667,2.5104166666666665,8
rnn_diverse_noinfluence,3,d_B,novel,736,10001,0.882682204246521,88,0.7058080808080809,0.23863636363636365,2.647727272727273,8
rnn_diverse_noinfluence,3,d_R,all,736,10000,0.9042638540267944,184,0.7276570048309179,0.2554347826086957,2.4510869565217392,9
rnn_diverse_noinfluence,3,d_R,familiar,736,10000,0.9042638540267944,96,0.7407407407407408,0.20833333333333334,2.3333333333333335,9
rnn_diverse_noinfluence,3,d_R,novel,736,10000,0.9042638540267944,88,0.7133838383838383,0.3068181818181818,2.5795454545454546,9
rnn_diverse_noinfluence,3,d_B,all,736,10001,0.833071231842041,184,0.7602657004830919,0.28804347826086957,2.157608695652174,9
rnn_diverse_noinfluence,3,d_B,familiar,736,10001,0.833071231842041,96,0.7557870370370372,0.3229166666666667,2.1979166666666665,9
rnn_diverse_noinfluence,3,d_B,novel,736,10001,0.833071231842041,88,0.7651515151515152,0.25,2.1136363636363638,9
rnn_diverse_noinfluence,3,d_R,all,736,10000,0.9805054068565369,184,0.6908212560386474,0.23369565217391305,2.782608695652174,10
rnn_diverse_noinfluence,3,d_R,familiar,736,10000,0.9805054068565369,96,0.673611111111111,0.22916666666666666,2.9375,10
rnn_diverse_noinfluence,3,d_R,novel,736,10000,0.9805054068565369,88,0.7095959595959596,0.23863636363636365,2.6136363636363638,10
rnn_diverse_noinfluence,3,d_B,all,736,10001,0.9024906754493713,184,0.7179951690821256,0.21739130434782608,2.5380434782608696,10
rnn_diverse_noinfluence,3,d_B,familiar,736,10001,0.9024906754493713,96,0.726851851851852,0.2708333333333333,2.4583333333333335,10
rnn_diverse_noinfluence,3,d_B,novel,736,10001,0.9024906754493713,88,0.7083333333333335,0.1590909090909091,2.625,10
rnn_diverse_noinfluence,3,d_R,all,736,10000,0.9058157205581665,184,0.717391304347826,0.27717391304347827,2.5434782608695654,11
rnn_diverse_noinfluence,3,d_R,familiar,736,10000,0.9058157205581665,96,0.7291666666666666,0.28125,2.4375,11
rnn_diverse_noinfluence,3,d_R,novel,736,10000,0.9058157205581665,88,0.7045454545454546,0.2727272727272727,2.659090909090909,11
rnn_diverse_noinfluence,3,d_B,all,736,10001,0.829653799533844,184,0.7542270531400966,0.266304347826087,2.2119565217391304,11
rnn_diverse_noinfluence,3,d_B,familiar,736,10001,0.829653799533844,96,0.7662037037037037,0.3125,2.1041666666666665,11
rnn_diverse_noinfluence,3,d_B,novel,736,10001,0.829653799533844,88,0.7411616161616162,0.2159090909090909,2.3295454545454546,11
rnn_diverse_noinfluence,3,d_R,all,736,10000,0.9307436943054199,184,0.6950483091787439,0.22826086956521738,2.744565217391304,12
rnn_diverse_noinfluence,3,d_R,familiar,736,10000,0.9307436943054199,96,0.7025462962962963,0.21875,2.6770833333333335,12
rnn_diverse_noinfluence,3,d_R,novel,736,10000,0.9307436943054199,88,0.6868686868686869,0.23863636363636365,2.8181818181818183,12
rnn_diverse_noinfluence,3,d_B,all,736,10001,0.8450216054916382,184,0.7216183574879227,0.266304347826087,2.505434782608696,12
rnn_diverse_noinfluence,3,d_B,familiar,736,10001,0.8450216054916382,96,0.7430555555555557,0.3020833333333333,2.3125,12
rnn_diverse_noinfluence,3,d_B,novel,736,10001,0.8450216054916382,88,0.6982323232323232,0.22727272727272727,2.715909090909091,12
rnn_diverse_noinfluence,3,d_R,all,736,10000,0.860207736492157,184,0.7409420289855073,0.25,2.3315217391304346,13
rnn_diverse_noinfluence,3,d_R,familiar,736,10000,0.860207736492157,96,0.7303240740740741,0.2604166666666667,2.4270833333333335,13
rnn_diverse_noinfluence,3,d_R,novel,736,10000,0.860207736492157,88,0.7525252525252526,0.23863636363636365,2.227272727272727,13
rnn_diverse_noinfluence,3,d_B,all,736,10001,0.8116989135742188,184,0.7493961352657006,0.2554347826086957,2.255434782608696,13
rnn_diverse_noinfluence,3,d_B,familiar,736,10001,0.8116989135742188,96,0.7407407407407408,0.28125,2.3333333333333335,13
rnn_diverse_noinfluence,3,d_B,novel,736,10001,0.8116989135742188,88,0.7588383838383838,0.22727272727272727,2.1704545454545454,13
rnn_diverse_noinfluence,3,d_R,all,736,10000,0.9266523122787476,184,0.7192028985507245,0.21739130434782608,2.527173913043478,14
rnn_diverse_noinfluence,3,d_R,familiar,736,10000,0.9266523122787476,96,0.7060185185185185,0.23958333333333334,2.6458333333333335,14
rnn_diverse_noinfluence,3,d_R,novel,736,10000,0.9266523122787476,88,0.7335858585858586,0.19318181818181818,2.397727272727273,14
rnn_diverse_noinfluence,3,d_B,all,736,10001,0.825618326663971,184,0.714975845410628,0.2717391304347826,2.5652173913043477,14
rnn_diverse_noinfluence,3,d_B,familiar,736,10001,0.825618326663971,96,0.7048611111111112,0.2916666666666667,2.65625,14
rnn_diverse_noinfluence,3,d_B,novel,736,10001,0.825618326663971,88,0.7260101010101011,0.25,2.465909090909091,14
rnn_diverse_noinfluence,3,d_R,all,736,10000,0.8737767338752747,184,0.7409420289855073,0.2554347826086957,2.3315217391304346,15
rnn_diverse_noinfluence,3,d_R,familiar,736,10000,0.8737767338752747,96,0.7175925925925926,0.2604166666666667,2.5416666666666665,15
rnn_diverse_noinfluence,3,d_R,novel,736,10000,0.8737767338752747,88,0.7664141414141414,0.25,2.102272727272727,15
rnn_diverse_noinfluence,3,d_B,all,736,10001,0.8013194799423218,184,0.7306763285024155,0.27717391304347827,2.4239130434782608,15
rnn_diverse_noinfluence,3,d_B,familiar,736,10001,0.8013194799423218,96,0.7210648148148149,0.3020833333333333,2.5104166666666665,15
rnn_diverse_noinfluence,3,d_B,novel,736,10001,0.8013194799423218,88,0.7411616161616162,0.25,2.3295454545454546,15
rnn_diverse_noinfluence,3,d_R,all,736,10000,0.9224051833152771,184,0.6902173913043478,0.22282608695652173,2.7880434782608696,16
rnn_diverse_noinfluence,3,d_R,familiar,736,10000,0.9224051833152771,96,0.6956018518518517,0.22916666666666666,2.7395833333333335,16
rnn_diverse_noinfluence,3,d_R,novel,736,10000,0.9224051833152771,88,0.6843434343434344,0.2159090909090909,2.840909090909091,16
rnn_diverse_noinfluence,3,d_B,all,736,10001,0.8270739912986755,184,0.7083333333333333,0.2717391304347826,2.625,16
rnn_diverse_noinfluence,3,d_B,familiar,736,10001,0.8270739912986755,96,0.7129629629629629,0.28125,2.5833333333333335,16
rnn_diverse_noinfluence,3,d_B,novel,736,10001,0.8270739912986755,88,0.7032828282828283,0.26136363636363635,2.6704545454545454,16
rnn_diverse_noinfluence,3,d_R,all,736,10000,0.8859890103340149,184,0.7324879227053139,0.27717391304347827,2.407608695652174,17
rnn_diverse_noinfluence,3,d_R,familiar,736,10000,0.8859890103340149,96,0.7222222222222223,0.2916666666666667,2.5,17
rnn_diverse_noinfluence,3,d_R,novel,736,10000,0.8859890103340149,88,0.7436868686868686,0.26136363636363635,2.3068181818181817,17
rnn_diverse_noinfluence,3,d_B,all,736,10001,0.8265493512153625,184,0.7391304347826086,0.28804347826086957,2.347826086956522,17
rnn_diverse_noinfluence,3,d_B,familiar,736,10001,0.8265493512153625,96,0.7106481481481483,0.3020833333333333,2.6041666666666665,17
rnn_diverse_noinfluence,3,d_B,novel,736,10001,0.8265493512153625,88,0.7702020202020201,0.2727272727272727,2.0681818181818183,17
rnn_diverse_noinfluence,3,d_R,all,736,10000,0.9431447386741638,184,0.6974637681159419,0.266304347826087,2.722826086956522,18
rnn_diverse_noinfluence,3,d_R,familiar,736,10000,0.9431447386741638,96,0.7037037037037038,0.28125,2.6666666666666665,18
rnn_diverse_noinfluence,3,d_R,novel,736,10000,0.9431447386741638,88,0.6906565656565656,0.25,2.784090909090909,18
rnn_diverse_noinfluence,3,d_B,all,736,10001,0.8287607431411743,184,0.7022946859903382,0.266304347826087,2.6793478260869565,18
rnn_diverse_noinfluence,3,d_B,familiar,736,10001,0.8287607431411743,96,0.6956018518518517,0.23958333333333334,2.7395833333333335,18
rnn_diverse_noinfluence,3,d_B,novel,736,10001,0.8287607431411743,88,0.7095959595959596,0.29545454545454547,2.6136363636363638,18
rnn_diverse_noinfluence,3,d_R,all,736,10000,0.9094619750976562,184,0.7294685990338164,0.29891304347826086,2.4347826086956523,19
rnn_diverse_noinfluence,3,d_R,familiar,736,10000,0.9094619750976562,96,0.7233796296296298,0.3125,2.4895833333333335,19
rnn_diverse_noinfluence,3,d_R,novel,736,10000,0.9094619750976562,88,0.7361111111111112,0.2840909090909091,2.375,19
rnn_diverse_noinfluence,3,d_B,all,736,10001,0.8436484932899475,184,0.7101449275362318,0.2608695652173913,2.608695652173913,19
rnn_diverse_noinfluence,3,d_B,familiar,736,10001,0.8436484932899475,96,0.7025462962962964,0.2604166666666667,2.6770833333333335,19
rnn_diverse_noinfluence,3,d_B,novel,736,10001,0.8436484932899475,88,0.7184343434343434,0.26136363636363635,2.534090909090909,19
rnn_diverse_noinfluence,4,d_R,all,736,10000,0.9724059104919434,184,0.7016908212560387,0.16304347826086957,2.6847826086956523,0
rnn_diverse_noinfluence,4,d_R,familiar,736,10000,0.9724059104919434,96,0.7002314814814815,0.14583333333333334,2.6979166666666665,0
rnn_diverse_noinfluence,4,d_R,novel,736,10000,0.9724059104919434,88,0.7032828282828283,0.18181818181818182,2.6704545454545454,0
rnn_diverse_noinfluence,4,d_B,all,736,10001,0.9516544342041016,184,0.7246376811594203,0.14673913043478262,2.4782608695652173,0
rnn_diverse_noinfluence,4,d_B,familiar,736,10001,0.9516544342041016,96,0.7314814814814815,0.15625,2.4166666666666665,0
rnn_diverse_noinfluence,4,d_B,novel,736,10001,0.9516544342041016,88,0.7171717171717172,0.13636363636363635,2.5454545454545454,0
rnn_diverse_noinfluence,4,d_R,all,736,10000,1.2508323192596436,184,0.6672705314009661,0.15217391304347827,2.994565217391304,1
rnn_diverse_noinfluence,4,d_R,familiar,736,10000,1.2508323192596436,96,0.6990740740740741,0.16666666666666666,2.7083333333333335,1
rnn_diverse_noinfluence,4,d_R,novel,736,10000,1.2508323192596436,88,0.6325757575757576,0.13636363636363635,3.3068181818181817,1
rnn_diverse_noinfluence,4,d_B,all,736,10001,1.269526481628418,184,0.6364734299516909,0.08152173913043478,3.2717391304347827,1
rnn_diverse_noinfluence,4,d_B,familiar,736,10001,1.269526481628418,96,0.6400462962962963,0.10416666666666667,3.2395833333333335,1
rnn_diverse_noinfluence,4,d_B,novel,736,10001,1.269526481628418,88,0.6325757575757575,0.056818181818181816,3.3068181818181817,1
rnn_diverse_noinfluence,4,d_R,all,736,10000,1.254349708557129,184,0.6642512077294687,0.1358695652173913,3.0217391304347827,2
rnn_diverse_noinfluence,4,d_R,familiar,736,10000,1.254349708557129,96,0.670138888888889,0.13541666666666666,2.96875,2
rnn_diverse_noinfluence,4,d_R,novel,736,10000,1.254349708557129,88,0.6578282828282829,0.13636363636363635,3.0795454545454546,2
rnn_diverse_noinfluence,4,d_B,all,736,10001,1.1373155117034912,184,0.673913043478261,0.125,2.9347826086956523,2
rnn_diverse_noinfluence,4,d_B,familiar,736,10001,1.1373155117034912,96,0.673611111111111,0.13541666666666666,2.9375,2
rnn_diverse_noinfluence,4,d_B,novel,736,10001,1.1373155117034912,88,0.6742424242424243,0.11363636363636363,2.9318181818181817,2
rnn_diverse_noinfluence,4,d_R,all,736,10000,1.2134382724761963,184,0.6491545893719807,0.11413043478260869,3.157608695652174,3
rnn_diverse_noinfluence,4,d_R,familiar,736,10000,1.2134382724761963,96,0.6759259259259259,0.11458333333333333,2.9166666666666665,3
rnn_diverse_noinfluence,4,d_R,novel,736,10000,1.2134382724761963,88,0.6199494949494949,0.11363636363636363,3.4204545454545454,3
rnn_diverse_noinfluence,4,d_B,all,736,10001,1.1447200775146484,184,0.6497584541062802,0.11956521739130435,3.152173913043478,3
rnn_diverse_noinfluence,4,d_B,familiar,736,10001,1.1447200775146484,96,0.6701388888888888,0.13541666666666666,2.96875,3
rnn_diverse_noinfluence,4,d_B,novel,736,10001,1.1447200775146484,88,0.6275252525252526,0.10227272727272728,3.352272727272727,3
rnn_diverse_noinfluence,4,d_R,all,736,10000,1.216522216796875,184,0.657608695652174,0.14673913043478262,3.0815217391304346,4
rnn_diverse_noinfluence,4,d_R,familiar,736,10000,1.216522216796875,96,0.6678240740740741,0.125,2.9895833333333335,4
rnn_diverse_noinfluence,4,d_R,novel,736,10000,1.216522216796875,88,0.6464646464646464,0.17045454545454544,3.1818181818181817,4
rnn_diverse_noinfluence,4,d_B,all,736,10001,1.1812933683395386,184,0.657608695652174,0.09782608695652174,3.0815217391304346,4
rnn_diverse_noinfluence,4,d_B,familiar,736,10001,1.1812933683395386,96,0.6481481481481483,0.11458333333333333,3.1666666666666665,4
rnn_diverse_noinfluence,4,d_B,novel,736,10001,1.1812933683395386,88,0.667929292929293,0.07954545454545454,2.9886363636363638,4
rnn_diverse_noinfluence,4,d_R,all,736,10000,1.2738698720932007,184,0.6648550724637681,0.13043478260869565,3.016304347826087,5
rnn_diverse_noinfluence,4,d_R,familiar,736,10000,1.2738698720932007,96,0.6712962962962964,0.10416666666666667,2.9583333333333335,5
rnn_diverse_noinfluence,4,d_R,novel,736,10000,1.2738698720932007,88,0.6578282828282829,0.1590909090909091,3.0795454545454546,5
rnn_diverse_noinfluence,4,d_B,all,736,10001,1.2041373252868652,184,0.6733091787439613,0.11413043478260869,2.9402173913043477,5
rnn_diverse_noinfluence,4,d_B,familiar,736,10001,1.2041373252868652,96,0.6620370370370371,0.125,3.0416666666666665,5
rnn_diverse_noinfluence,4,d_B,novel,736,10001,1.2041373252868652,88,0.6856060606060607,0.10227272727272728,2.8295454545454546,5
rnn_diverse_noinfluence,4,d_R,all,736,10000,1.283242106437683,184,0.677536231884058,0.15760869565217392,2.902173913043478,6
rnn_diverse_noinfluence,4,d_R,familiar,736,10000,1.283242106437683,96,0.7060185185185185,0.16666666666666666,2.6458333333333335,6
rnn_diverse_noinfluence,4,d_R,novel,736,10000,1.283242106437683,88,0.6464646464646464,0.14772727272727273,3.1818181818181817,6
rnn_diverse_noinfluence,4,d_B,all,736,10001,1.1890499591827393,184,0.6799516908212562,0.10326086956521739,2.880434782608696,6
rnn_diverse_noinfluence,4,d_B,familiar,736,10001,1.1890499591827393,96,0.6678240740740741,0.07291666666666667,2.9895833333333335,6
rnn_diverse_noinfluence,4,d_B,novel,736,10001,1.1890499591827393,88,0.6931818181818182,0.13636363636363635,2.7613636363636362,6
rnn_diverse_noinfluence,4,d_R,all,736,10000,1.351097822189331,184,0.6533816425120773,0.11413043478260869,3.119565217391304,7
rnn_diverse_noinfluence,4,d_R,familiar,736,10000,1.351097822189331,96,0.6527777777777778,0.11458333333333333,3.125,7
rnn_diverse_noinfluence,4,d_R,novel,736,10000,1.351097822189331,88,0.6540404040404041,0.11363636363636363,3.1136363636363638,7
rnn_diverse_noinfluence,4,d_B,all,736,10001,1.2094136476516724,184,0.6461352657004831,0.08695652173913043,3.1847826086956523,7
rnn_diverse_noinfluence,4,d_B,familiar,736,10001,1.2094136476516724,96,0.6527777777777778,0.09375,3.125,7
rnn_diverse_noinfluence,4,d_B,novel,736,10001,1.2094136476516724,88,0.638888888888889,0.07954545454545454,3.25,7
rnn_diverse_noinfluence,4,d_R,all,736,10000,1.3287204504013062,184,0.6588164251207729,0.11956521739130435,3.0706521739130435,8
rnn_diverse_noinfluence,4,d_R,familiar,736,10000,1.3287204504013062,96,0.6585648148148148,0.10416666666666667,3.0729166666666665,8
rnn_diverse_noinfluence,4,d_R,novel,736,10000,1.3287204504013062,88,0.6590909090909091,0.13636363636363635,3.0681818181818183,8
rnn_diverse_noinfluence,4,d_B,all,736,10001,1.176875352859497,184,0.6714975845410628,0.14130434782608695,2.9565217391304346,8
rnn_diverse_noinfluence,4,d_B,familiar,736,10001,1.176875352859497,96,0.6932870370370369,0.19791666666666666,2.7604166666666665,8
rnn_diverse_noinfluence,4,d_B,novel,736,10001,1.176875352859497,88,0.6477272727272727,0.07954545454545454,3.1704545454545454,8
rnn_diverse_noinfluence,4,d_R,all,736,10000,1.327072024345398,184,0.6497584541062801,0.09239130434782608,3.152173913043478,9
rnn_diverse_noinfluence,4,d_R,familiar,736,10000,1.327072024345398,96,0.6516203703703703,0.09375,3.1354166666666665,9
rnn_diverse_noinfluence,4,d_R,novel,736,10000,1.327072024345398,88,0.6477272727272727,0.09090909090909091,3.1704545454545454,9
rnn_diverse_noinfluence,4,d_B,all,736,10001,1.2349188327789307,184,0.6630434782608695,0.10869565217391304,3.032608695652174,9
rnn_diverse_noinfluence,4,d_B,familiar,736,10001,1.2349188327789307,96,0.6527777777777778,0.11458333333333333,3.125,9
rnn_diverse_noinfluence,4,d_B,novel,736,10001,1.2349188327789307,88,0.6742424242424243,0.10227272727272728,2.9318181818181817,9
rnn_diverse_noinfluence,4,d_R,all,736,10000,1.3545013666152954,184,0.6286231884057971,0.08695652173913043,3.342391304347826,10
rnn_diverse_noinfluence,4,d_R,familiar,736,10000,1.3545013666152954,96,0.6273148148148149,0.09375,3.3541666666666665,10
rnn_diverse_noinfluence,4,d_R,novel,736,10000,1.3545013666152954,88,0.6300505050505051,0.07954545454545454,3.3295454545454546,10
rnn_diverse_noinfluence,4,d_B,all,736,10001,1.2252634763717651,184,0.6714975845410628,0.10869565217391304,2.9565217391304346,10
rnn_diverse_noinfluence,4,d_B,familiar,736,10001,1.2252634763717651,96,0.6747685185185185,0.11458333333333333,2.9270833333333335,10
rnn_diverse_noinfluence,4,d_B,novel,736,10001,1.2252634763717651,88,0.6679292929292929,0.10227272727272728,2.9886363636363638,10
rnn_diverse_noinfluence,4,d_R,all,736,10000,1.3286042213439941,184,0.6660628019323671,0.10869565217391304,3.005434782608696,11
rnn_diverse_noinfluence,4,d_R,familiar,736,10000,1.3286042213439941,96,0.667824074074074,0.125,2.9895833333333335,11
rnn_diverse_noinfluence,4,d_R,novel,736,10000,1.3286042213439941,88,0.6641414141414143,0.09090909090909091,3.022727272727273,11
rnn_diverse_noinfluence,4,d_B,all,736,10001,1.2512130737304688,184,0.6654589371980677,0.11413043478260869,3.010869565217391,11
rnn_diverse_noinfluence,4,d_B,familiar,736,10001,1.2512130737304688,96,0.6574074074074074,0.10416666666666667,3.0833333333333335,11
rnn_diverse_noinfluence,4,d_B,novel,736,10001,1.2512130737304688,88,0.6742424242424242,0.125,2.9318181818181817,11
rnn_diverse_noinfluence,4,d_R,all,736,10000,1.3333208560943604,184,0.6545893719806763,0.14130434782608695,3.108695652173913,12
rnn_diverse_noinfluence,4,d_R,familiar,736,10000,1.3333208560943604,96,0.6273148148148148,0.13541666666666666,3.3541666666666665,12
rnn_diverse_noinfluence,4,d_R,novel,736,10000,1.3333208560943604,88,0.6843434343434344,0.14772727272727273,2.840909090909091,12
rnn_diverse_noinfluence,4,d_B,all,736,10001,1.202876091003418,184,0.6805555555555555,0.15217391304347827,2.875,12
rnn_diverse_noinfluence,4,d_B,familiar,736,10001,1.202876091003418,96,0.6886574074074074,0.16666666666666666,2.8020833333333335,12
rnn_diverse_noinfluence,4,d_B,novel,736,10001,1.202876091003418,88,0.6717171717171717,0.13636363636363635,2.9545454545454546,12
rnn_diverse_noinfluence,4,d_R,all,736,10000,1.3355158567428589,184,0.6479468599033816,0.13043478260869565,3.1684782608695654,13
rnn_diverse_noinfluence,4,d_R,familiar,736,10000,1.3355158567428589,96,0.625,0.13541666666666666,3.375,13
rnn_diverse_noinfluence,4,d_R,novel,736,10000,1.3355158567428589,88,0.672979797979798,0.125,2.9431818181818183,13
rnn_diverse_noinfluence,4,d_B,all,736,10001,1.2080602645874023,184,0.6467391304347826,0.125,3.1793478260869565,13
rnn_diverse_noinfluence,4,d_B,familiar,736,10001,1.2080602645874023,96,0.6620370370370371,0.14583333333333334,3.0416666666666665,13
rnn_diverse_noinfluence,4,d_B,novel,736,10001,1.2080602645874023,88,0.6300505050505051,0.10227272727272728,3.3295454545454546,13
rnn_diverse_noinfluence,4,d_R,all,736,10000,1.3142811059951782,184,0.6551932367149759,0.1793478260869565,3.1032608695652173,14
rnn_diverse_noinfluence,4,d_R,familiar,736,10000,1.3142811059951782,96,0.6608796296296297,0.21875,3.0520833333333335,14
rnn_diverse_noinfluence,4,d_R,novel,736,10000,1.3142811059951782,88,0.648989898989899,0.13636363636363635,3.159090909090909,14
rnn_diverse_noinfluence,4,d_B,all,736,10001,1.1891908645629883,184,0.6539855072463768,0.10869565217391304,3.114130434782609,14
rnn_diverse_noinfluence,4,d_B,familiar,736,10001,1.1891908645629883,96,0.6678240740740741,0.14583333333333334,2.9895833333333335,14
rnn_diverse_noinfluence,4,d_B,novel,736,10001,1.1891908645629883,88,0.638888888888889,0.06818181818181818,3.25,14
rnn_diverse_noinfluence,4,d_R,all,736,10000,1.2981234788894653,184,0.6485507246376813,0.16847826086956522,3.1630434782608696,15
rnn_diverse_noinfluence,4,d_R,familiar,736,10000,1.2981234788894653,96,0.6319444444444444,0.14583333333333334,3.3125,15
rnn_diverse_noinfluence,4,d_R,novel,736,10000,1.2981234788894653,88,0.6666666666666667,0.19318181818181818,3.0,15
rnn_diverse_noinfluence,4,d_B,all,736,10001,1.2278844118118286,184,0.6467391304347826,0.1358695652173913,3.1793478260869565,15
rnn_diverse_noinfluence,4,d_B,familiar,736,10001,1.2278844118118286,96,0.6493055555555556,0.125,3.15625,15
rnn_diverse_noinfluence,4,d_B,novel,736,10001,1.2278844118118286,88,0.643939393939394,0.14772727272727273,3.2045454545454546,15
rnn_diverse_noinfluence,4,d_R,all,736,10000,1.2915098667144775,184,0.6310386473429952,0.11956521739130435,3.3206521739130435,16
rnn_diverse_noinfluence,4,d_R,familiar,736,10000,1.2915098667144775,96,0.6273148148148148,0.10416666666666667,3.3541666666666665,16
rnn_diverse_noinfluence,4,d_R,novel,736,10000,1.2915098667144775,88,0.63510101010101,0.13636363636363635,3.284090909090909,16
rnn_diverse_noinfluence,4,d_B,all,736,10001,1.2395927906036377,184,0.638888888888889,0.11956521739130435,3.25,16
rnn_diverse_noinfluence,4,d_B,familiar,736,10001,1.2395927906036377,96,0.619212962962963,0.10416666666666667,3.4270833333333335,16
rnn_diverse_noinfluence,4,d_B,novel,736,10001,1.2395927906036377,88,0.6603535353535354,0.13636363636363635,3.0568181818181817,16
rnn_diverse_noinfluence,4,d_R,all,736,10000,1.299072265625,184,0.6539855072463768,0.14130434782608695,3.114130434782609,17
rnn_diverse_noinfluence,4,d_R,familiar,736,10000,1.299072265625,96,0.6550925925925926,0.14583333333333334,3.1041666666666665,17
rnn_diverse_noinfluence,4,d_R,novel,736,10000,1.299072265625,88,0.6527777777777778,0.13636363636363635,3.125,17
rnn_diverse_noinfluence,4,d_B,all,736,10001,1.2329925298690796,184,0.6515700483091788,0.14673913043478262,3.135869565217391,17
rnn_diverse_noinfluence,4,d_B,familiar,736,10001,1.2329925298690796,96,0.6481481481481483,0.13541666666666666,3.1666666666666665,17
rnn_diverse_noinfluence,4,d_B,novel,736,10001,1.2329925298690796,88,0.6553030303030304,0.1590909090909091,3.102272727272727,17
rnn_diverse_noinfluence,4,d_R,all,736,10000,1.285481572151184,184,0.6467391304347826,0.11956521739130435,3.1793478260869565,18
rnn_diverse_noinfluence,4,d_R,familiar,736,10000,1.285481572151184,96,0.6284722222222222,0.11458333333333333,3.34375,18
rnn_diverse_noinfluence,4,d_R,novel,736,10000,1.285481572151184,88,0.6666666666666666,0.125,3.0,18
rnn_diverse_noinfluence,4,d_B,all,736,10001,1.2412337064743042,184,0.6733091787439613,0.14673913043478262,2.9402173913043477,18
rnn_diverse_noinfluence,4,d_B,familiar,736,10001,1.2412337064743042,96,0.6863425925925926,0.15625,2.8229166666666665,18
rnn_diverse_noinfluence,4,d_B,novel,736,10001,1.2412337064743042,88,0.6590909090909091,0.13636363636363635,3.0681818181818183,18
rnn_diverse_noinfluence,4,d_R,all,736,10000,1.2833328247070312,184,0.6443236714975845,0.11413043478260869,3.2010869565217392,19
rnn_diverse_noinfluence,4,d_R,familiar,736,10000,1.2833328247070312,96,0.6122685185185185,0.09375,3.4895833333333335,19
rnn_diverse_noinfluence,4,d_R,novel,736,10000,1.2833328247070312,88,0.6792929292929292,0.13636363636363635,2.8863636363636362,19
rnn_diverse_noinfluence,4,d_B,all,736,10001,1.2484965324401855,184,0.6606280193236715,0.16304347826086957,3.0543478260869565,19
rnn_diverse_noinfluence,4,d_B,familiar,736,10001,1.2484965324401855,96,0.6782407407407408,0.17708333333333334,2.8958333333333335,19
rnn_diverse_noinfluence,4,d_B,novel,736,10001,1.2484965324401855,88,0.6414141414141414,0.14772727272727273,3.227272727272727,19
rnn_diverse_noinfluence,5,d_R,all,736,10000,0.7211074233055115,184,0.8103864734299517,0.1793478260869565,1.7065217391304348,0
rnn_diverse_noinfluence,5,d_R,familiar,736,10000,0.7211074233055115,96,0.7835648148148149,0.15625,1.9479166666666667,0
rnn_diverse_noinfluence,5,d_R,novel,736,10000,0.7211074233055115,88,0.8396464646464646,0.20454545454545456,1.4431818181818181,0
rnn_diverse_noinfluence,5,d_B,all,736,10001,0.3155596852302551,184,0.8798309178743962,0.29891304347826086,1.0815217391304348,0
rnn_diverse_noinfluence,5,d_B,familiar,736,10001,0.3155596852302551,96,0.8819444444444443,0.2916666666666667,1.0625,0
rnn_diverse_noinfluence,5,d_B,novel,736,10001,0.3155596852302551,88,0.8775252525252526,0.3068181818181818,1.1022727272727273,0
rnn_diverse_noinfluence,5,d_R,all,736,10000,0.6029626131057739,184,0.7922705314009661,0.266304347826087,1.8695652173913044,1
rnn_diverse_noinfluence,5,d_R,familiar,736,10000,0.6029626131057739,96,0.7858796296296298,0.21875,1.9270833333333333,1
rnn_diverse_noinfluence,5,d_R,novel,736,10000,0.6029626131057739,88,0.7992424242424243,0.3181818181818182,1.8068181818181819,1
rnn_diverse_noinfluence,5,d_B,all,736,10001,0.45756587386131287,184,0.8321256038647344,0.266304347826087,1.5108695652173914,1
rnn_diverse_noinfluence,5,d_B,familiar,736,10001,0.45756587386131287,96,0.8194444444444445,0.23958333333333334,1.625,1
rnn_diverse_noinfluence,5,d_B,novel,736,10001,0.45756587386131287,88,0.8459595959595961,0.29545454545454547,1.3863636363636365,1
rnn_diverse_noinfluence,5,d_R,all,736,10000,0.6417237520217896,184,0.7832125603864735,0.25,1.951086956521739,2
rnn_diverse_noinfluence,5,d_R,familiar,736,10000,0.6417237520217896,96,0.78125,0.28125,1.96875,2
rnn_diverse_noinfluence,5,d_R,novel,736,10000,0.6417237520217896,88,0.7853535353535354,0.2159090909090909,1.9318181818181819,2
rnn_diverse_noinfluence,5,d_B,all,736,10001,0.4598286747932434,184,0.8260869565217391,0.30434782608695654,1.565217391304348,2
rnn_diverse_noinfluence,5,d_B,familiar,736,10001,0.4598286747932434,96,0.8159722222222223,0.28125,1.65625,2
rnn_diverse_noinfluence,5,d_B,novel,736,10001,0.4598286747932434,88,0.8371212121212122,0.32954545454545453,1.4659090909090908,2
rnn_diverse_noinfluence,5,d_R,all,736,10000,0.7776778936386108,184,0.7469806763285025,0.2554347826086957,2.277173913043478,3
rnn_diverse_noinfluence,5,d_R,familiar,736,10000,0.7776778936386108,96,0.7245370370370371,0.20833333333333334,2.4791666666666665,3
rnn_diverse_noinfluence,5,d_R,novel,736,10000,0.7776778936386108,88,0.7714646464646464,0.3068181818181818,2.0568181818181817,3
rnn_diverse_noinfluence,5,d_B,all,736,10001,0.6091919541358948,184,0.8140096618357487,0.2717391304347826,1.673913043478261,3
rnn_diverse_noinfluence,5,d_B,familiar,736,10001,0.6091919541358948,96,0.8252314814814815,0.25,1.5729166666666667,3
rnn_diverse_noinfluence,5,d_B,novel,736,10001,0.6091919541358948,88,0.8017676767676768,0.29545454545454547,1.7840909090909092,3
rnn_diverse_noinfluence,5,d_R,all,736,10000,0.7401862740516663,184,0.751207729468599,0.21195652173913043,2.239130434782609,4
rnn_diverse_noinfluence,5,d_R,familiar,736,10000,0.7401862740516663,96,0.7395833333333334,0.1875,2.34375,4
rnn_diverse_noinfluence,5,d_R,novel,736,10000,0.7401862740516663,88,0.763888888888889,0.23863636363636365,2.125,4
rnn_diverse_noinfluence,5,d_B,all,736,10001,0.5233830809593201,184,0.8134057971014493,0.27717391304347827,1.6793478260869565,4
rnn_diverse_noinfluence,5,d_B,familiar,736,10001,0.5233830809593201,96,0.8275462962962963,0.2916666666666667,1.5520833333333333,4
rnn_diverse_noinfluence,5,d_B,novel,736,10001,0.5233830809593201,88,0.7979797979797979,0.26136363636363635,1.8181818181818181,4
rnn_diverse_noinfluence,5,d_R,all,736,10000,0.7816011309623718,184,0.7228260869565217,0.266304347826087,2.494565217391304,5
rnn_diverse_noinfluence,5,d_R,familiar,736,10000,0.7816011309623718,96,0.7395833333333334,0.25,2.34375,5
rnn_diverse_noinfluence,5,d_R,novel,736,10000,0.7816011309623718,88,0.7045454545454546,0.2840909090909091,2.659090909090909,5
rnn_diverse_noinfluence,5,d_B,all,736,10001,0.6652300357818604,184,0.8001207729468599,0.28804347826086957,1.798913043478261,5
rnn_diverse_noinfluence,5,d_B,familiar,736,10001,0.6652300357818604,96,0.8136574074074074,0.28125,1.6770833333333333,5
rnn_diverse_noinfluence,5,d_B,novel,736,10001,0.6652300357818604,88,0.7853535353535354,0.29545454545454547,1.9318181818181819,5
rnn_diverse_noinfluence,5,d_R,all,736,10000,0.7875484228134155,184,0.75,0.24456521739130435,2.25,6
rnn_diverse_noinfluence,5,d_R,familiar,736,10000,0.7875484228134155,96,0.7430555555555557,0.21875,2.3125,6
rnn_diverse_noinfluence,5,d_R,novel,736,10000,0.7875484228134155,88,0.7575757575757577,0.2727272727272727,2.1818181818181817,6
rnn_diverse_noinfluence,5,d_B,all,736,10001,0.5814722180366516,184,0.8037439613526571,0.30434782608695654,1.766304347826087,6
rnn_diverse_noinfluence,5,d_B,familiar,736,10001,0.5814722180366516,96,0.8148148148148149,0.2916666666666667,1.6666666666666667,6
rnn_diverse_noinfluence,5,d_B,novel,736,10001,0.5814722180366516,88,0.7916666666666665,0.3181818181818182,1.875,6
rnn_diverse_noinfluence,5,d_R,all,736,10000,0.7860421538352966,184,0.7192028985507245,0.24456521739130435,2.527173913043478,7
rnn_diverse_noinfluence,5,d_R,familiar,736,10000,0.7860421538352966,96,0.7002314814814815,0.17708333333333334,2.6979166666666665,7
rnn_diverse_noinfluence,5,d_R,novel,736,10000,0.7860421538352966,88,0.73989898989899,0.3181818181818182,2.340909090909091,7
rnn_diverse_noinfluence,5,d_B,all,736,10001,0.7143925428390503,184,0.7608695652173914,0.2717391304347826,2.152173913043478,7
rnn_diverse_noinfluence,5,d_B,familiar,736,10001,0.7143925428390503,96,0.7650462962962963,0.25,2.1145833333333335,7
rnn_diverse_noinfluence,5,d_B,novel,736,10001,0.7143925428390503,88,0.7563131313131315,0.29545454545454547,2.1931818181818183,7
rnn_diverse_noinfluence,5,d_R,all,736,10000,0.8208813667297363,184,0.7644927536231884,0.2826086956521739,2.119565217391304,8
rnn_diverse_noinfluence,5,d_R,familiar,736,10000,0.8208813667297363,96,0.7870370370370371,0.2916666666666667,1.9166666666666667,8
rnn_diverse_noinfluence,5,d_R,novel,736,10000,0.8208813667297363,88,0.73989898989899,0.2727272727272727,2.340909090909091,8
rnn_diverse_noinfluence,5,d_B,all,736,10001,0.6143311858177185,184,0.7989130434782609,0.31521739130434784,1.809782608695652,8
rnn_diverse_noinfluence,5,d_B,familiar,736,10001,0.6143311858177185,96,0.8020833333333334,0.3125,1.78125,8
rnn_diverse_noinfluence,5,d_B,novel,736,10001,0.6143311858177185,88,0.7954545454545454,0.3181818181818182,1.8409090909090908,8
rnn_diverse_noinfluence,5,d_R,all,736,10000,0.7910717725753784,184,0.7059178743961354,0.2608695652173913,2.6467391304347827,9
rnn_diverse_noinfluence,5,d_R,familiar,736,10000,0.7910717725753784,96,0.7291666666666666,0.2708333333333333,2.4375,9
rnn_diverse_noinfluence,5,d_R,novel,736,10000,0.7910717725753784,88,0.6805555555555556,0.25,2.875,9
rnn_diverse_noinfluence,5,d_B,all,736,10001,0.7263692617416382,184,0.7481884057971016,0.2717391304347826,2.266304347826087,9
rnn_diverse_noinfluence,5,d_B,familiar,736,10001,0.7263692617416382,96,0.7708333333333334,0.2916666666666667,2.0625,9
rnn_diverse_noinfluence,5,d_B,novel,736,10001,0.7263692617416382,88,0.7234848484848485,0.25,2.4886363636363638,9
rnn_diverse_noinfluence,5,d_R,all,736,10000,0.7788724303245544,184,0.7530193236714975,0.30434782608695654,2.222826086956522,10
rnn_diverse_noinfluence,5,d_R,familiar,736,10000,0.7788724303245544,96,0.7129629629629631,0.2604166666666667,2.5833333333333335,10
rnn_diverse_noinfluence,5,d_R,novel,736,10000,0.7788724303245544,88,0.7967171717171717,0.3522727272727273,1.8295454545454546,10
rnn_diverse_noinfluence,5,d_B,all,736,10001,0.6633243560791016,184,0.7717391304347826,0.2826086956521739,2.0543478260869565,10
rnn_diverse_noinfluence,5,d_B,familiar,736,10001,0.6633243560791016,96,0.7893518518518517,0.3229166666666667,1.8958333333333333,10
rnn_diverse_noinfluence,5,d_B,novel,736,10001,0.6633243560791016,88,0.7525252525252525,0.23863636363636365,2.227272727272727,10
rnn_diverse_noinfluence,5,d_R,all,736,10000,0.7966181039810181,184,0.7035024154589372,0.2391304347826087,2.6684782608695654,11
rnn_diverse_noinfluence,5,d_R,familiar,736,10000,0.7966181039810181,96,0.7233796296296298,0.21875,2.4895833333333335,11
rnn_diverse_noinfluence,5,d_R,novel,736,10000,0.7966181039810181,88,0.6818181818181818,0.26136363636363635,2.8636363636363638,11
rnn_diverse_noinfluence,5,d_B,all,736,10001,0.751039445400238,184,0.7119565217391305,0.21195652173913043,2.592391304347826,11
rnn_diverse_noinfluence,5,d_B,familiar,736,10001,0.751039445400238,96,0.7303240740740741,0.25,2.4270833333333335,11
rnn_diverse_noinfluence,5,d_B,novel,736,10001,0.751039445400238,88,0.6919191919191919,0.17045454545454544,2.772727272727273,11
rnn_diverse_noinfluence,5,d_R,all,736,10000,0.7744998335838318,184,0.7403381642512078,0.266304347826087,2.3369565217391304,12
rnn_diverse_noinfluence,5,d_R,familiar,736,10000,0.7744998335838318,96,0.7430555555555555,0.2604166666666667,2.3125,12
rnn_diverse_noinfluence,5,d_R,novel,736,10000,0.7744998335838318,88,0.7373737373737373,0.2727272727272727,2.3636363636363638,12
rnn_diverse_noinfluence,5,d_B,all,736,10001,0.6725622415542603,184,0.7469806763285025,0.2717391304347826,2.277173913043478,12
rnn_diverse_noinfluence,5,d_B,familiar,736,10001,0.6725622415542603,96,0.7743055555555555,0.3229166666666667,2.03125,12
rnn_diverse_noinfluence,5,d_B,novel,736,10001,0.6725622415542603,88,0.7171717171717172,0.2159090909090909,2.5454545454545454,12
rnn_diverse_noinfluence,5,d_R,all,736,10000,0.7859877943992615,184,0.7107487922705313,0.2717391304347826,2.6032608695652173,13
rnn_diverse_noinfluence,5,d_R,familiar,736,10000,0.7859877943992615,96,0.7233796296296298,0.3020833333333333,2.4895833333333335,13
rnn_diverse_noinfluence,5,d_R,novel,736,10000,0.7859877943992615,88,0.6969696969696969,0.23863636363636365,2.727272727272727,13
rnn_diverse_noinfluence,5,d_B,all,736,10001,0.7308681607246399,184,0.7258454106280194,0.2608695652173913,2.467391304347826,13
rnn_diverse_noinfluence,5,d_B,familiar,736,10001,0.7308681607246399,96,0.7291666666666666,0.2708333333333333,2.4375,13
rnn_diverse_noinfluence,5,d_B,novel,736,10001,0.7308681607246399,88,0.7222222222222222,0.25,2.5,13
rnn_diverse_noinfluence,5,d_R,all,736,10000,0.7843170762062073,184,0.7330917874396137,0.2608695652173913,2.402173913043478,14
rnn_diverse_noinfluence,5,d_R,familiar,736,10000,0.7843170762062073,96,0.7407407407407408,0.2604166666666667,2.3333333333333335,14
rnn_diverse_noinfluence,5,d_R,novel,736,10000,0.7843170762062073,88,0.7247474747474748,0.26136363636363635,2.477272727272727,14
rnn_diverse_noinfluence,5,d_B,all,736,10001,0.6809288263320923,184,0.7614734299516909,0.31521739130434784,2.1467391304347827,14
rnn_diverse_noinfluence,5,d_B,familiar,736,10001,0.6809288263320923,96,0.7615740740740741,0.375,2.1458333333333335,14
rnn_diverse_noinfluence,5,d_B,novel,736,10001,0.6809288263320923,88,0.7613636363636364,0.25,2.147727272727273,14
rnn_diverse_noinfluence,5,d_R,all,736,10000,0.7752060294151306,184,0.7198067632850242,0.29347826086956524,2.5217391304347827,15
rnn_diverse_noinfluence,5,d_R,familiar,736,10000,0.7752060294151306,96,0.7465277777777778,0.3541666666666667,2.28125,15
rnn_diverse_noinfluence,5,d_R,novel,736,10000,0.7752060294151306,88,0.6906565656565656,0.22727272727272727,2.784090909090909,15
rnn_diverse_noinfluence,5,d_B,all,736,10001,0.740264892578125,184,0.7240338164251208,0.2608695652173913,2.483695652173913,15
rnn_diverse_noinfluence,5,d_B,familiar,736,10001,0.740264892578125,96,0.7476851851851851,0.2916666666666667,2.2708333333333335,15
rnn_diverse_noinfluence,5,d_B,novel,736,10001,0.740264892578125,88,0.6982323232323232,0.22727272727272727,2.715909090909091,15
rnn_diverse_noinfluence,5,d_R,all,736,10000,0.788510799407959,184,0.7421497584541062,0.27717391304347827,2.3206521739130435,16
rnn_diverse_noinfluence,5,d_R,familiar,736,10000,0.788510799407959,96,0.7534722222222223,0.3125,2.21875,16
rnn_diverse_noinfluence,5,d_R,novel,736,10000,0.788510799407959,88,0.7297979797979799,0.23863636363636365,2.4318181818181817,16
rnn_diverse_noinfluence,5,d_B,all,736,10001,0.6928882598876953,184,0.751207729468599,0.30434782608695654,2.239130434782609,16
rnn_diverse_noinfluence,5,d_B,familiar,736,10001,0.6928882598876953,96,0.7685185185185185,0.34375,2.0833333333333335,16
rnn_diverse_noinfluence,5,d_B,novel,736,10001,0.6928882598876953,88,0.7323232323232323,0.26136363636363635,2.409090909090909,16
rnn_diverse_noinfluence,5,d_R,all,736,10000,0.7995359301567078,184,0.716183574879227,0.29347826086956524,2.5543478260869565,17
rnn_diverse_noinfluence,5,d_R,familiar,736,10000,0.7995359301567078,96,0.7245370370370369,0.3229166666666667,2.4791666666666665,17
rnn_diverse_noinfluence,5,d_R,novel,736,10000,0.7995359301567078,88,0.7070707070707072,0.26136363636363635,2.6363636363636362,17
rnn_diverse_noinfluence,5,d_B,all,736,10001,0.7369706630706787,184,0.7433574879227053,0.29347826086956524,2.3097826086956523,17
rnn_diverse_noinfluence,5,d_B,familiar,736,10001,0.7369706630706787,96,0.7777777777777778,0.3125,2.0,17
rnn_diverse_noinfluence,5,d_B,novel,736,10001,0.7369706630706787,88,0.7058080808080809,0.2727272727272727,2.647727272727273,17
rnn_diverse_noinfluence,5,d_R,all,736,10000,0.8174858689308167,184,0.7264492753623187,0.2826086956521739,2.4619565217391304,18
rnn_diverse_noinfluence,5,d_R,familiar,736,10000,0.8174858689308167,96,0.7615740740740741,0.375,2.1458333333333335,18
rnn_diverse_noinfluence,5,d_R,novel,736,10000,0.8174858689308167,88,0.6881313131313131,0.18181818181818182,2.8068181818181817,18
rnn_diverse_noinfluence,5,d_B,all,736,10001,0.7176271677017212,184,0.7433574879227053,0.29891304347826086,2.3097826086956523,18
rnn_diverse_noinfluence,5,d_B,familiar,736,10001,0.7176271677017212,96,0.7847222222222223,0.34375,1.9375,18
rnn_diverse_noinfluence,5,d_B,novel,736,10001,0.7176271677017212,88,0.6982323232323232,0.25,2.715909090909091,18
rnn_diverse_noinfluence,5,d_R,all,736,10000,0.8004962801933289,184,0.7047101449275364,0.32065217391304346,2.657608695652174,19
rnn_diverse_noinfluence,5,d_R,familiar,736,10000,0.8004962801933289,96,0.7407407407407408,0.3854166666666667,2.3333333333333335,19
rnn_diverse_noinfluence,5,d_R,novel,736,10000,0.8004962801933289,88,0.6654040404040404,0.25,3.0113636363636362,19
rnn_diverse_noinfluence,5,d_B,all,736,10001,0.741270899772644,184,0.717391304347826,0.2608695652173913,2.5434782608695654,19
rnn_diverse_noinfluence,5,d_B,familiar,736,10001,0.741270899772644,96,0.7592592592592592,0.2916666666666667,2.1666666666666665,19
rnn_diverse_noinfluence,5,d_B,novel,736,10001,0.741270899772644,88,0.6717171717171717,0.22727272727272727,2.9545454545454546,19
