condition,training_seed,source_file,source_episode,capability_slice,capability_index,d_R,d_B,rollout_rep,valid_length,scan_length,probe_partition,umap_1,umap_2,delay_diff,relative_red_speed_advantage
rnn_diverse_influence,5,/juice6/u/jshe/emergent_partner_grid/dev/eval_out/rnn_diverse_influence_seed5_test.h5,0,test,0,0,5,0,295,2000,train,20.34592,12.66522,-5,5
rnn_diverse_influence,5,/juice6/u/jshe/emergent_partner_grid/dev/eval_out/rnn_diverse_influence_seed5_test.h5,1,test,0,0,5,1,317,2000,test,20.102697,13.201912,-5,5
rnn_diverse_influence,5,/juice6/u/jshe/emergent_partner_grid/dev/eval_out/rnn_diverse_influence_seed5_test.h5,2,test,0,0,5,2,274,2000,train,19.898338,12.624603,-5,5
rnn_diverse_influence,5,/juice6/u/jshe/emergent_partner_grid/dev/eval_out/rnn_diverse_influence_seed5_test.h5,3,test,0,0,5,3,309,2000,train,18.196472,10.127134,-5,5
rnn_diverse_influence,5,/juice6/u/jshe/emergent_partner_grid/dev/eval_out/rnn_diverse_influence_seed5_test.h5,4,test,0,0,5,4,356,2000,train,21.220383,13.652605,-5,5
rnn_diverse_influence,5,/juice6/u/jshe/emergent_partner_grid/dev/eval_out/rnn_diverse_influence_seed5_test.h5,5,test,0,0,5,5,290,2000,train,21.188883,12.932914,-5,5
rnn_diverse_influence,5,/juice6/u/jshe/emergent_partner_grid/dev/eval_out/rnn_diverse_influence_seed5_test.h5,6,test,0,0,5,6,278,2000,train,20.221323,12.268615,-5,5
rnn_diverse_influence,5,/juice6/u/jshe/emergent_partner_grid/dev/eval_out/rnn_diverse_influence_seed5_test.h5,7,test,0,0,5,7,310,2000,train,20.793446,10.497148,-5,5
rnn_diverse_influence,5,/juice6/u/jshe/emergent_partner_grid/dev/eval_out/rnn_diverse_influence_seed5_test.h5,8,test,0,0,5,8,281,2000,train,20.67583,13.753979,-5,5
rnn_diverse_influence,5,/juice6/u/jshe/emergent_partner_grid/dev/eval_out/rnn_diverse_influence_seed5_test.h5,9,test,0,0,5,9,238,2000,test,20.724756,13.0089245,-5,5
rnn_diverse_influence,5,/juice6/u/jshe/emergent_partner_grid/dev/eval_out/rnn_diverse_influence_seed5_test.h5,10,test,0,0,5,10,276,2000,train,20.297346,10.579699,-5,5
rnn_diverse_influence,5,/juice6/u/jshe/emergent_partner_grid/dev/eval_out/rnn_diverse_influence_seed5_test.h5,11,test,0,0,5,11,262,2000,train,21.198385,13.258064,-5,5
rnn_diverse_influence,5,/juice6/u/jshe/emergent_partner_grid/dev/eval_out/rnn_diverse_influence_seed5_test.h5,12,test,0,0,5,12,251,2000,train,22.240185,12.985824,-5,5
rnn_diverse_influence,5,/juice6/u/jshe/emergent_partner_grid/dev/eval_out/rnn_diverse_influence_seed5_test.h5,13,test,0,0,5,13,388,2000,train,20.938759,10.598616,-5,5
rnn_diverse_influence,5,/juice6/u/jshe/emergent_partner_grid/dev/eval_out/rnn_diverse_influence_seed5_test.h5,14,test,0,0,5,14,285,2000,test,19.742704,11.090855,-5,5
rnn_diverse_influence,5,/juice6/u/jshe/emergent_partner_grid/dev/eval_out/rnn_diverse_influence_seed5_test.h5,15,test,0,0,5,15,327,2000,test,21.18177,11.820405,-5,5
rnn_diverse_influence,5,/juice6/u/jshe/emergent_partner_grid/dev/eval_out/rnn_diverse_influence_seed5_test.h5,16,test,0,0,5,16,298,2000,train,19.912735,10.756601,-5,5
rnn_diverse_influence,5,/juice6/u/jshe/emergent_partner_grid/dev/eval_out/rnn_diverse_influence_seed5_test.h5,17,test,0,0,5,17,279,2000,train,20.54921,12.502391,-5,5
rnn_diverse_influence,5,/juice6/u/jshe/emergent_partner_grid/dev/eval_out/rnn_diverse_influence_seed5_test.h5,18,test,0,0,5,18,326,2000,train,20.63047,12.9406185,-5,5
rnn_diverse_influence,5,/juice6/u/jshe/emergent_partner_grid/dev/eval_out/rnn_diverse_influence_seed5_test.h5,19,test,0,0,5,19,417,2000,train,21.43071,13.900226,-5,5
rnn_diverse_influence,5,/juice6/u/jshe/emergent_partner_grid/dev/eval_out/rnn_diverse_influence_seed5_test.h5,20,test,1,0,6,0,279,2000,train,19.4341,11.974072,-6,6
rnn_diverse_influence,5,/juice6/u/jshe/emergent_partner_grid/dev/eval_out/rnn_diverse_influence_seed5_test.h5,21,test,1,0,6,1,262,2000,test,19.887627,12.690103,-6,6
rnn_diverse_influence,5,/juice6/u/jshe/emergent_partner_grid/dev/eval_out/rnn_diverse_influence_seed5_test.h5,22,test,1,0,6,2,260,2000,train,19.450089,10.000962,-6,6
rnn_diverse_influence,5,/juice6/u/jshe/emergent_partner_grid/dev/eval_out/rnn_diverse_influence_seed5_test.h5,23,test,1,0,6,3,260,2000,train,19.984243,9.823642,-6,6
rnn_diverse_influence,5,/juice6/u/jshe/emergent_partner_grid/dev/eval_out/rnn_diverse_influence_seed5_test.h5,24,test,1,0,6,4,291,2000,train,18.744614,9.263493,-6,6
rnn_diverse_influence,5,/juice6/u/jshe/emergent_partner_grid/dev/eval_out/rnn_diverse_influence_seed5_test.h5,25,test,1,0,6,5,257,2000,train,20.655397,13.036791,-6,6
rnn_diverse_influence,5,/juice6/u/jshe/emergent_partner_grid/dev/eval_out/rnn_diverse_influence_seed5_test.h5,26,test,1,0,6,6,297,2000,train,20.858711,12.935737,-6,6
rnn_diverse_influence,5,/juice6/u/jshe/emergent_partner_grid/dev/eval_out/rnn_diverse_influence_seed5_test.h5,27,test,1,0,6,7,279,2000,train,20.8101,13.817994,-6,6
rnn_diverse_influence,5,/juice6/u/jshe/emergent_partner_grid/dev/eval_out/rnn_diverse_influence_seed5_test.h5,28,test,1,0,6,8,318,2000,train,20.622978,9.323287,-6,6
rnn_diverse_influence,5,/juice6/u/jshe/emergent_partner_grid/dev/eval_out/rnn_diverse_influence_seed5_test.h5,29,test,1,0,6,9,296,2000,test,19.79067,10.489468,-6,6
rnn_diverse_influence,5,/juice6/u/jshe/emergent_partner_grid/dev/eval_out/rnn_diverse_influence_seed5_test.h5,30,test,1,0,6,10,367,2000,train,19.865978,12.817184,-6,6
rnn_diverse_influence,5,/juice6/u/jshe/emergent_partner_grid/dev/eval_out/rnn_diverse_influence_seed5_test.h5,31,test,1,0,6,11,338,2000,train,21.296127,13.916265,-6,6
rnn_diverse_influence,5,/juice6/u/jshe/emergent_partner_grid/dev/eval_out/rnn_diverse_influence_seed5_test.h5,32,test,1,0,6,12,277,2000,train,20.064732,11.237676,-6,6
rnn_diverse_influence,5,/juice6/u/jshe/emergent_partner_grid/dev/eval_out/rnn_diverse_influence_seed5_test.h5,33,test,1,0,6,13,255,2000,train,20.25022,13.447244,-6,6
rnn_diverse_influence,5,/juice6/u/jshe/emergent_partner_grid/dev/eval_out/rnn_diverse_influence_seed5_test.h5,34,test,1,0,6,14,360,2000,test,19.224293,10.005655,-6,6
rnn_diverse_influence,5,/juice6/u/jshe/emergent_partner_grid/dev/eval_out/rnn_diverse_influence_seed5_test.h5,35,test,1,0,6,15,318,2000,test,20.283112,9.526309,-6,6
rnn_diverse_influence,5,/juice6/u/jshe/emergent_partner_grid/dev/eval_out/rnn_diverse_influence_seed5_test.h5,36,test,1,0,6,16,287,2000,train,19.410336,10.564227,-6,6
rnn_diverse_influence,5,/juice6/u/jshe/emergent_partner_grid/dev/eval_out/rnn_diverse_influence_seed5_test.h5,37,test,1,0,6,17,300,2000,train,20.285511,10.570785,-6,6
rnn_diverse_influence,5,/juice6/u/jshe/emergent_partner_grid/dev/eval_out/rnn_diverse_influence_seed5_test.h5,38,test,1,0,6,18,287,2000,train,21.80747,13.813848,-6,6
rnn_diverse_influence,5,/juice6/u/jshe/emergent_partner_grid/dev/eval_out/rnn_diverse_influence_seed5_test.h5,39,test,1,0,6,19,267,2000,train,20.13488,12.747446,-6,6
rnn_diverse_influence,5,/juice6/u/jshe/emergent_partner_grid/dev/eval_out/rnn_diverse_influence_seed5_test.h5,380,test,19,0,7,0,293,2000,train,20.231153,13.6647415,-7,7
rnn_diverse_influence,5,/juice6/u/jshe/emergent_partner_grid/dev/eval_out/rnn_diverse_influence_seed5_test.h5,381,test,19,0,7,1,260,2000,test,21.658175,13.456111,-7,7
rnn_diverse_influence,5,/juice6/u/jshe/emergent_partner_grid/dev/eval_out/rnn_diverse_influence_seed5_test.h5,382,test,19,0,7,2,295,2000,train,20.960213,14.228645,-7,7
rnn_diverse_influence,5,/juice6/u/jshe/emergent_partner_grid/dev/eval_out/rnn_diverse_influence_seed5_test.h5,383,test,19,0,7,3,276,2000,train,20.775982,11.419777,-7,7
rnn_diverse_influence,5,/juice6/u/jshe/emergent_partner_grid/dev/eval_out/rnn_diverse_influence_seed5_test.h5,384,test,19,0,7,4,358,2000,train,20.731815,11.625869,-7,7
rnn_diverse_influence,5,/juice6/u/jshe/emergent_partner_grid/dev/eval_out/rnn_diverse_influence_seed5_test.h5,385,test,19,0,7,5,333,2000,train,19.945192,10.933315,-7,7
rnn_diverse_influence,5,/juice6/u/jshe/emergent_partner_grid/dev/eval_out/rnn_diverse_influence_seed5_test.h5,386,test,19,0,7,6,419,2000,train,20.912682,11.973968,-7,7
rnn_diverse_influence,5,/juice6/u/jshe/emergent_partner_grid/dev/eval_out/rnn_diverse_influence_seed5_test.h5,387,test,19,0,7,7,304,2000,train,19.41839,9.572295,-7,7
rnn_diverse_influence,5,/juice6/u/jshe/emergent_partner_grid/dev/eval_out/rnn_diverse_influence_seed5_test.h5,388,test,19,0,7,8,321,2000,train,19.674387,9.613015,-7,7
rnn_diverse_influence,5,/juice6/u/jshe/emergent_partner_grid/dev/eval_out/rnn_diverse_influence_seed5_test.h5,389,test,19,0,7,9,271,2000,test,21.468342,13.083735,-7,7
rnn_diverse_influence,5,/juice6/u/jshe/emergent_partner_grid/dev/eval_out/rnn_diverse_influence_seed5_test.h5,390,test,19,0,7,10,354,2000,train,19.665115,11.319447,-7,7
rnn_diverse_influence,5,/juice6/u/jshe/emergent_partner_grid/dev/eval_out/rnn_diverse_influence_seed5_test.h5,391,test,19,0,7,11,295,2000,train,20.426455,9.4169445,-7,7
rnn_diverse_influence,5,/juice6/u/jshe/emergent_partner_grid/dev/eval_out/rnn_diverse_influence_seed5_test.h5,392,test,19,0,7,12,321,2000,train,21.74343,13.463301,-7,7
rnn_diverse_influence,5,/juice6/u/jshe/emergent_partner_grid/dev/eval_out/rnn_diverse_influence_seed5_test.h5,393,test,19,0,7,13,314,2000,train,20.928307,12.781532,-7,7
rnn_diverse_influence,5,/juice6/u/jshe/emergent_partner_grid/dev/eval_out/rnn_diverse_influence_seed5_test.h5,394,test,19,0,7,14,242,2000,test,19.756435,10.164277,-7,7
rnn_diverse_influence,5,/juice6/u/jshe/emergent_partner_grid/dev/eval_out/rnn_diverse_influence_seed5_test.h5,395,test,19,0,7,15,320,2000,test,21.973728,13.369903,-7,7
rnn_diverse_influence,5,/juice6/u/jshe/emergent_partner_grid/dev/eval_out/rnn_diverse_influence_seed5_test.h5,396,test,19,0,7,16,422,2000,train,18.86647,9.087962,-7,7
rnn_diverse_influence,5,/juice6/u/jshe/emergent_partner_grid/dev/eval_out/rnn_diverse_influence_seed5_test.h5,397,test,19,0,7,17,330,2000,train,20.948654,13.682467,-7,7
rnn_diverse_influence,5,/juice6/u/jshe/emergent_partner_grid/dev/eval_out/rnn_diverse_influence_seed5_test.h5,398,test,19,0,7,18,373,2000,train,20.595274,13.885217,-7,7
rnn_diverse_influence,5,/juice6/u/jshe/emergent_partner_grid/dev/eval_out/rnn_diverse_influence_seed5_test.h5,399,test,19,0,7,19,298,2000,train,21.38004,12.949462,-7,7
rnn_diverse_influence,5,/juice6/u/jshe/emergent_partner_grid/dev/eval_out/rnn_diverse_influence_seed5_test.h5,400,test,20,0,8,0,349,2000,train,18.512018,9.44198,-8,8
rnn_diverse_influence,5,/juice6/u/jshe/emergent_partner_grid/dev/eval_out/rnn_diverse_influence_seed5_test.h5,401,test,20,0,8,1,290,2000,test,19.530918,12.878731,-8,8
rnn_diverse_influence,5,/juice6/u/jshe/emergent_partner_grid/dev/eval_out/rnn_diverse_influence_seed5_test.h5,402,test,20,0,8,2,258,2000,train,19.560715,11.905405,-8,8
rnn_diverse_influence,5,/juice6/u/jshe/emergent_partner_grid/dev/eval_out/rnn_diverse_influence_seed5_test.h5,403,test,20,0,8,3,280,2000,train,19.586763,13.210628,-8,8
rnn_diverse_influence,5,/juice6/u/jshe/emergent_partner_grid/dev/eval_out/rnn_diverse_influence_seed5_test.h5,404,test,20,0,8,4,230,2000,train,20.622494,13.236534,-8,8
rnn_diverse_influence,5,/juice6/u/jshe/emergent_partner_grid/dev/eval_out/rnn_diverse_influence_seed5_test.h5,405,test,20,0,8,5,308,2000,train,20.34225,12.8776,-8,8
rnn_diverse_influence,5,/juice6/u/jshe/emergent_partner_grid/dev/eval_out/rnn_diverse_influence_seed5_test.h5,406,test,20,0,8,6,431,2000,train,20.112476,10.819271,-8,8
rnn_diverse_influence,5,/juice6/u/jshe/emergent_partner_grid/dev/eval_out/rnn_diverse_influence_seed5_test.h5,407,test,20,0,8,7,440,2000,train,19.96301,12.634255,-8,8
rnn_diverse_influence,5,/juice6/u/jshe/emergent_partner_grid/dev/eval_out/rnn_diverse_influence_seed5_test.h5,408,test,20,0,8,8,370,2000,train,20.986885,9.8704605,-8,8
rnn_diverse_influence,5,/juice6/u/jshe/emergent_partner_grid/dev/eval_out/rnn_diverse_influence_seed5_test.h5,409,test,20,0,8,9,318,2000,test,21.750376,11.033523,-8,8
rnn_diverse_influence,5,/juice6/u/jshe/emergent_partner_grid/dev/eval_out/rnn_diverse_influence_seed5_test.h5,410,test,20,0,8,10,411,2000,train,19.84852,11.590005,-8,8
rnn_diverse_influence,5,/juice6/u/jshe/emergent_partner_grid/dev/eval_out/rnn_diverse_influence_seed5_test.h5,411,test,20,0,8,11,291,2000,train,21.434088,13.582402,-8,8
rnn_diverse_influence,5,/juice6/u/jshe/emergent_partner_grid/dev/eval_out/rnn_diverse_influence_seed5_test.h5,412,test,20,0,8,12,277,2000,train,22.032337,13.8249855,-8,8
rnn_diverse_influence,5,/juice6/u/jshe/emergent_partner_grid/dev/eval_out/rnn_diverse_influence_seed5_test.h5,413,test,20,0,8,13,216,2000,train,20.407587,13.959032,-8,8
rnn_diverse_influence,5,/juice6/u/jshe/emergent_partner_grid/dev/eval_out/rnn_diverse_influence_seed5_test.h5,414,test,20,0,8,14,294,2000,test,19.964422,11.529435,-8,8
rnn_diverse_influence,5,/juice6/u/jshe/emergent_partner_grid/dev/eval_out/rnn_diverse_influence_seed5_test.h5,415,test,20,0,8,15,285,2000,test,21.2324,12.1798725,-8,8
rnn_diverse_influence,5,/juice6/u/jshe/emergent_partner_grid/dev/eval_out/rnn_diverse_influence_seed5_test.h5,416,test,20,0,8,16,262,2000,train,21.01135,13.393799,-8,8
rnn_diverse_influence,5,/juice6/u/jshe/emergent_partner_grid/dev/eval_out/rnn_diverse_influence_seed5_test.h5,417,test,20,0,8,17,296,2000,train,20.331024,12.354656,-8,8
rnn_diverse_influence,5,/juice6/u/jshe/emergent_partner_grid/dev/eval_out/rnn_diverse_influence_seed5_test.h5,418,test,20,0,8,18,274,2000,train,20.811552,11.47348,-8,8
rnn_diverse_influence,5,/juice6/u/jshe/emergent_partner_grid/dev/eval_out/rnn_diverse_influence_seed5_test.h5,419,test,20,0,8,19,325,2000,train,20.239874,9.4270315,-8,8
rnn_diverse_influence,5,/juice6/u/jshe/emergent_partner_grid/dev/eval_out/rnn_diverse_influence_seed5_test.h5,420,test,21,0,9,0,391,2000,train,20.457733,12.967926,-9,9
rnn_diverse_influence,5,/juice6/u/jshe/emergent_partner_grid/dev/eval_out/rnn_diverse_influence_seed5_test.h5,421,test,21,0,9,1,365,2000,test,19.726074,12.5413685,-9,9
rnn_diverse_influence,5,/juice6/u/jshe/emergent_partner_grid/dev/eval_out/rnn_diverse_influence_seed5_test.h5,422,test,21,0,9,2,317,2000,train,20.69552,13.988845,-9,9
rnn_diverse_influence,5,/juice6/u/jshe/emergent_partner_grid/dev/eval_out/rnn_diverse_influence_seed5_test.h5,423,test,21,0,9,3,266,2000,train,19.780306,13.039151,-9,9
rnn_diverse_influence,5,/juice6/u/jshe/emergent_partner_grid/dev/eval_out/rnn_diverse_influence_seed5_test.h5,424,test,21,0,9,4,257,2000,train,20.191032,12.615173,-9,9
rnn_diverse_influence,5,/juice6/u/jshe/emergent_partner_grid/dev/eval_out/rnn_diverse_influence_seed5_test.h5,425,test,21,0,9,5,292,2000,train,21.241116,13.483497,-9,9
rnn_diverse_influence,5,/juice6/u/jshe/emergent_partner_grid/dev/eval_out/rnn_diverse_influence_seed5_test.h5,426,test,21,0,9,6,301,2000,train,20.129227,11.474617,-9,9
rnn_diverse_influence,5,/juice6/u/jshe/emergent_partner_grid/dev/eval_out/rnn_diverse_influence_seed5_test.h5,427,test,21,0,9,7,351,2000,train,20.766674,11.409254,-9,9
rnn_diverse_influence,5,/juice6/u/jshe/emergent_partner_grid/dev/eval_out/rnn_diverse_influence_seed5_test.h5,428,test,21,0,9,8,313,2000,train,21.691639,9.722375,-9,9
rnn_diverse_influence,5,/juice6/u/jshe/emergent_partner_grid/dev/eval_out/rnn_diverse_influence_seed5_test.h5,429,test,21,0,9,9,292,2000,test,19.573185,12.289496,-9,9
rnn_diverse_influence,5,/juice6/u/jshe/emergent_partner_grid/dev/eval_out/rnn_diverse_influence_seed5_test.h5,430,test,21,0,9,10,334,2000,train,21.894398,13.696221,-9,9
rnn_diverse_influence,5,/juice6/u/jshe/emergent_partner_grid/dev/eval_out/rnn_diverse_influence_seed5_test.h5,431,test,21,0,9,11,336,2000,train,19.420534,9.916007,-9,9
rnn_diverse_influence,5,/juice6/u/jshe/emergent_partner_grid/dev/eval_out/rnn_diverse_influence_seed5_test.h5,432,test,21,0,9,12,229,2000,train,22.370888,13.743267,-9,9
rnn_diverse_influence,5,/juice6/u/jshe/emergent_partner_grid/dev/eval_out/rnn_diverse_influence_seed5_test.h5,433,test,21,0,9,13,308,2000,train,20.301329,13.992896,-9,9
rnn_diverse_influence,5,/juice6/u/jshe/emergent_partner_grid/dev/eval_out/rnn_diverse_influence_seed5_test.h5,434,test,21,0,9,14,301,2000,test,20.87349,12.859475,-9,9
rnn_diverse_influence,5,/juice6/u/jshe/emergent_partner_grid/dev/eval_out/rnn_diverse_influence_seed5_test.h5,435,test,21,0,9,15,258,2000,test,19.863403,13.342902,-9,9
rnn_diverse_influence,5,/juice6/u/jshe/emergent_partner_grid/dev/eval_out/rnn_diverse_influence_seed5_test.h5,436,test,21,0,9,16,370,2000,train,20.773304,10.073991,-9,9
rnn_diverse_influence,5,/juice6/u/jshe/emergent_partner_grid/dev/eval_out/rnn_diverse_influence_seed5_test.h5,437,test,21,0,9,17,256,2000,train,21.798687,13.4579315,-9,9
rnn_diverse_influence,5,/juice6/u/jshe/emergent_partner_grid/dev/eval_out/rnn_diverse_influence_seed5_test.h5,438,test,21,0,9,18,240,2000,train,20.199982,12.334991,-9,9
rnn_diverse_influence,5,/juice6/u/jshe/emergent_partner_grid/dev/eval_out/rnn_diverse_influence_seed5_test.h5,439,test,21,0,9,19,337,2000,train,20.472795,12.066782,-9,9
rnn_diverse_influence,5,/juice6/u/jshe/emergent_partner_grid/dev/eval_out/rnn_diverse_influence_seed5_train.h5,0,train,0,1,4,0,300,2000,train,20.958641,12.057162,-3,3
rnn_diverse_influence,5,/juice6/u/jshe/emergent_partner_grid/dev/eval_out/rnn_diverse_influence_seed5_train.h5,1,train,0,1,4,1,296,2000,test,22.240604,11.847424,-3,3
rnn_diverse_influence,5,/juice6/u/jshe/emergent_partner_grid/dev/eval_out/rnn_diverse_influence_seed5_train.h5,2,train,0,1,4,2,278,2000,train,22.808134,12.1362095,-3,3
rnn_diverse_influence,5,/juice6/u/jshe/emergent_partner_grid/dev/eval_out/rnn_diverse_influence_seed5_train.h5,3,train,0,1,4,3,414,2000,train,22.666128,11.640166,-3,3
rnn_diverse_influence,5,/juice6/u/jshe/emergent_partner_grid/dev/eval_out/rnn_diverse_influence_seed5_train.h5,4,train,0,1,4,4,339,2000,train,23.093853,13.517775,-3,3
rnn_diverse_influence,5,/juice6/u/jshe/emergent_partner_grid/dev/eval_out/rnn_diverse_influence_seed5_train.h5,5,train,0,1,4,5,281,2000,train,21.503256,11.988487,-3,3
rnn_diverse_influence,5,/juice6/u/jshe/emergent_partner_grid/dev/eval_out/rnn_diverse_influence_seed5_train.h5,6,train,0,1,4,6,321,2000,train,20.5272,11.176862,-3,3
rnn_diverse_influence,5,/juice6/u/jshe/emergent_partner_grid/dev/eval_out/rnn_diverse_influence_seed5_train.h5,7,train,0,1,4,7,264,2000,train,21.717594,11.246403,-3,3
rnn_diverse_influence,5,/juice6/u/jshe/emergent_partner_grid/dev/eval_out/rnn_diverse_influence_seed5_train.h5,8,train,0,1,4,8,322,2000,train,21.80284,10.775321,-3,3
rnn_diverse_influence,5,/juice6/u/jshe/emergent_partner_grid/dev/eval_out/rnn_diverse_influence_seed5_train.h5,9,train,0,1,4,9,310,2000,test,23.414173,12.706801,-3,3
rnn_diverse_influence,5,/juice6/u/jshe/emergent_partner_grid/dev/eval_out/rnn_diverse_influence_seed5_train.h5,10,train,0,1,4,10,395,2000,train,17.909195,9.219789,-3,3
rnn_diverse_influence,5,/juice6/u/jshe/emergent_partner_grid/dev/eval_out/rnn_diverse_influence_seed5_train.h5,11,train,0,1,4,11,317,2000,train,21.848438,11.306475,-3,3
rnn_diverse_influence,5,/juice6/u/jshe/emergent_partner_grid/dev/eval_out/rnn_diverse_influence_seed5_train.h5,12,train,0,1,4,12,300,2000,train,22.58261,13.654199,-3,3
rnn_diverse_influence,5,/juice6/u/jshe/emergent_partner_grid/dev/eval_out/rnn_diverse_influence_seed5_train.h5,13,train,0,1,4,13,397,2000,train,17.614714,9.7968235,-3,3
rnn_diverse_influence,5,/juice6/u/jshe/emergent_partner_grid/dev/eval_out/rnn_diverse_influence_seed5_train.h5,14,train,0,1,4,14,423,2000,test,20.212534,9.956031,-3,3
rnn_diverse_influence,5,/juice6/u/jshe/emergent_partner_grid/dev/eval_out/rnn_diverse_influence_seed5_train.h5,15,train,0,1,4,15,298,2000,test,22.001036,11.848232,-3,3
rnn_diverse_influence,5,/juice6/u/jshe/emergent_partner_grid/dev/eval_out/rnn_diverse_influence_seed5_train.h5,16,train,0,1,4,16,377,2000,train,22.77322,12.583227,-3,3
rnn_diverse_influence,5,/juice6/u/jshe/emergent_partner_grid/dev/eval_out/rnn_diverse_influence_seed5_train.h5,17,train,0,1,4,17,353,2000,train,18.936056,10.043982,-3,3
rnn_diverse_influence,5,/juice6/u/jshe/emergent_partner_grid/dev/eval_out/rnn_diverse_influence_seed5_train.h5,18,train,0,1,4,18,306,2000,train,21.046003,11.2225,-3,3
rnn_diverse_influence,5,/juice6/u/jshe/emergent_partner_grid/dev/eval_out/rnn_diverse_influence_seed5_train.h5,19,train,0,1,4,19,274,2000,train,23.038887,12.491043,-3,3
rnn_diverse_influence,5,/juice6/u/jshe/emergent_partner_grid/dev/eval_out/rnn_diverse_influence_seed5_test.h5,40,test,2,1,5,0,305,2000,train,20.144077,9.503914,-4,4
rnn_diverse_influence,5,/juice6/u/jshe/emergent_partner_grid/dev/eval_out/rnn_diverse_influence_seed5_test.h5,41,test,2,1,5,1,306,2000,test,22.5105,10.975399,-4,4
rnn_diverse_influence,5,/juice6/u/jshe/emergent_partner_grid/dev/eval_out/rnn_diverse_influence_seed5_test.h5,42,test,2,1,5,2,310,2000,train,21.40077,12.367504,-4,4
rnn_diverse_influence,5,/juice6/u/jshe/emergent_partner_grid/dev/eval_out/rnn_diverse_influence_seed5_test.h5,43,test,2,1,5,3,280,2000,train,20.883617,10.529358,-4,4
rnn_diverse_influence,5,/juice6/u/jshe/emergent_partner_grid/dev/eval_out/rnn_diverse_influence_seed5_test.h5,44,test,2,1,5,4,326,2000,train,20.73071,11.139643,-4,4
rnn_diverse_influence,5,/juice6/u/jshe/emergent_partner_grid/dev/eval_out/rnn_diverse_influence_seed5_test.h5,45,test,2,1,5,5,299,2000,train,22.068323,12.931642,-4,4
rnn_diverse_influence,5,/juice6/u/jshe/emergent_partner_grid/dev/eval_out/rnn_diverse_influence_seed5_test.h5,46,test,2,1,5,6,300,2000,train,23.485857,13.064175,-4,4
rnn_diverse_influence,5,/juice6/u/jshe/emergent_partner_grid/dev/eval_out/rnn_diverse_influence_seed5_test.h5,47,test,2,1,5,7,371,2000,train,21.446531,11.937658,-4,4
rnn_diverse_influence,5,/juice6/u/jshe/emergent_partner_grid/dev/eval_out/rnn_diverse_influence_seed5_test.h5,48,test,2,1,5,8,358,2000,train,18.294895,9.881204,-4,4
rnn_diverse_influence,5,/juice6/u/jshe/emergent_partner_grid/dev/eval_out/rnn_diverse_influence_seed5_test.h5,49,test,2,1,5,9,393,2000,test,22.627216,13.4101925,-4,4
rnn_diverse_influence,5,/juice6/u/jshe/emergent_partner_grid/dev/eval_out/rnn_diverse_influence_seed5_test.h5,50,test,2,1,5,10,291,2000,train,21.76163,13.312428,-4,4
rnn_diverse_influence,5,/juice6/u/jshe/emergent_partner_grid/dev/eval_out/rnn_diverse_influence_seed5_test.h5,51,test,2,1,5,11,368,2000,train,22.640911,11.933804,-4,4
rnn_diverse_influence,5,/juice6/u/jshe/emergent_partner_grid/dev/eval_out/rnn_diverse_influence_seed5_test.h5,52,test,2,1,5,12,292,2000,train,21.162556,11.010448,-4,4
rnn_diverse_influence,5,/juice6/u/jshe/emergent_partner_grid/dev/eval_out/rnn_diverse_influence_seed5_test.h5,53,test,2,1,5,13,389,2000,train,21.335577,10.8528385,-4,4
rnn_diverse_influence,5,/juice6/u/jshe/emergent_partner_grid/dev/eval_out/rnn_diverse_influence_seed5_test.h5,54,test,2,1,5,14,313,2000,test,21.291035,12.328344,-4,4
rnn_diverse_influence,5,/juice6/u/jshe/emergent_partner_grid/dev/eval_out/rnn_diverse_influence_seed5_test.h5,55,test,2,1,5,15,292,2000,test,22.243765,13.918765,-4,4
rnn_diverse_influence,5,/juice6/u/jshe/emergent_partner_grid/dev/eval_out/rnn_diverse_influence_seed5_test.h5,56,test,2,1,5,16,329,2000,train,20.535309,11.725679,-4,4
rnn_diverse_influence,5,/juice6/u/jshe/emergent_partner_grid/dev/eval_out/rnn_diverse_influence_seed5_test.h5,57,test,2,1,5,17,325,2000,train,22.605045,12.923432,-4,4
rnn_diverse_influence,5,/juice6/u/jshe/emergent_partner_grid/dev/eval_out/rnn_diverse_influence_seed5_test.h5,58,test,2,1,5,18,300,2000,train,21.954071,12.595451,-4,4
rnn_diverse_influence,5,/juice6/u/jshe/emergent_partner_grid/dev/eval_out/rnn_diverse_influence_seed5_test.h5,59,test,2,1,5,19,326,2000,train,23.214256,12.473557,-4,4
rnn_diverse_influence,5,/juice6/u/jshe/emergent_partner_grid/dev/eval_out/rnn_diverse_influence_seed5_test.h5,60,test,3,1,6,0,292,2000,train,19.494535,10.307319,-5,5
rnn_diverse_influence,5,/juice6/u/jshe/emergent_partner_grid/dev/eval_out/rnn_diverse_influence_seed5_test.h5,61,test,3,1,6,1,311,2000,test,22.46323,12.97518,-5,5
rnn_diverse_influence,5,/juice6/u/jshe/emergent_partner_grid/dev/eval_out/rnn_diverse_influence_seed5_test.h5,62,test,3,1,6,2,243,2000,train,20.80456,10.847272,-5,5
rnn_diverse_influence,5,/juice6/u/jshe/emergent_partner_grid/dev/eval_out/rnn_diverse_influence_seed5_test.h5,63,test,3,1,6,3,322,2000,train,23.641695,12.51102,-5,5
rnn_diverse_influence,5,/juice6/u/jshe/emergent_partner_grid/dev/eval_out/rnn_diverse_influence_seed5_test.h5,64,test,3,1,6,4,338,2000,train,19.072832,9.312046,-5,5
rnn_diverse_influence,5,/juice6/u/jshe/emergent_partner_grid/dev/eval_out/rnn_diverse_influence_seed5_test.h5,65,test,3,1,6,5,301,2000,train,20.505114,11.963186,-5,5
rnn_diverse_influence,5,/juice6/u/jshe/emergent_partner_grid/dev/eval_out/rnn_diverse_influence_seed5_test.h5,66,test,3,1,6,6,330,2000,train,21.710285,11.337696,-5,5
rnn_diverse_influence,5,/juice6/u/jshe/emergent_partner_grid/dev/eval_out/rnn_diverse_influence_seed5_test.h5,67,test,3,1,6,7,305,2000,train,21.528177,12.75814,-5,5
rnn_diverse_influence,5,/juice6/u/jshe/emergent_partner_grid/dev/eval_out/rnn_diverse_influence_seed5_test.h5,68,test,3,1,6,8,290,2000,train,21.859297,10.929293,-5,5
rnn_diverse_influence,5,/juice6/u/jshe/emergent_partner_grid/dev/eval_out/rnn_diverse_influence_seed5_test.h5,69,test,3,1,6,9,393,2000,test,21.783047,11.370221,-5,5
rnn_diverse_influence,5,/juice6/u/jshe/emergent_partner_grid/dev/eval_out/rnn_diverse_influence_seed5_test.h5,70,test,3,1,6,10,313,2000,train,20.85491,11.791676,-5,5
rnn_diverse_influence,5,/juice6/u/jshe/emergent_partner_grid/dev/eval_out/rnn_diverse_influence_seed5_test.h5,71,test,3,1,6,11,383,2000,train,22.177778,11.197107,-5,5
rnn_diverse_influence,5,/juice6/u/jshe/emergent_partner_grid/dev/eval_out/rnn_diverse_influence_seed5_test.h5,72,test,3,1,6,12,338,2000,train,22.43475,12.149121,-5,5
rnn_diverse_influence,5,/juice6/u/jshe/emergent_partner_grid/dev/eval_out/rnn_diverse_influence_seed5_test.h5,73,test,3,1,6,13,297,2000,train,21.862251,11.739717,-5,5
rnn_diverse_influence,5,/juice6/u/jshe/emergent_partner_grid/dev/eval_out/rnn_diverse_influence_seed5_test.h5,74,test,3,1,6,14,299,2000,test,22.558369,11.804189,-5,5
rnn_diverse_influence,5,/juice6/u/jshe/emergent_partner_grid/dev/eval_out/rnn_diverse_influence_seed5_test.h5,75,test,3,1,6,15,336,2000,test,22.989227,12.989834,-5,5
rnn_diverse_influence,5,/juice6/u/jshe/emergent_partner_grid/dev/eval_out/rnn_diverse_influence_seed5_test.h5,76,test,3,1,6,16,322,2000,train,20.609295,10.770698,-5,5
rnn_diverse_influence,5,/juice6/u/jshe/emergent_partner_grid/dev/eval_out/rnn_diverse_influence_seed5_test.h5,77,test,3,1,6,17,460,2000,train,20.003153,9.295463,-5,5
rnn_diverse_influence,5,/juice6/u/jshe/emergent_partner_grid/dev/eval_out/rnn_diverse_influence_seed5_test.h5,78,test,3,1,6,18,291,2000,train,23.861229,13.08664,-5,5
rnn_diverse_influence,5,/juice6/u/jshe/emergent_partner_grid/dev/eval_out/rnn_diverse_influence_seed5_test.h5,79,test,3,1,6,19,279,2000,train,21.484215,10.904395,-5,5
rnn_diverse_influence,5,/juice6/u/jshe/emergent_partner_grid/dev/eval_out/rnn_diverse_influence_seed5_train.h5,20,train,1,1,7,0,288,2000,train,20.88217,11.85725,-6,6
rnn_diverse_influence,5,/juice6/u/jshe/emergent_partner_grid/dev/eval_out/rnn_diverse_influence_seed5_train.h5,21,train,1,1,7,1,328,2000,test,21.595816,11.035034,-6,6
rnn_diverse_influence,5,/juice6/u/jshe/emergent_partner_grid/dev/eval_out/rnn_diverse_influence_seed5_train.h5,22,train,1,1,7,2,326,2000,train,21.423622,11.893401,-6,6
rnn_diverse_influence,5,/juice6/u/jshe/emergent_partner_grid/dev/eval_out/rnn_diverse_influence_seed5_train.h5,23,train,1,1,7,3,296,2000,train,23.379488,12.906839,-6,6
rnn_diverse_influence,5,/juice6/u/jshe/emergent_partner_grid/dev/eval_out/rnn_diverse_influence_seed5_train.h5,24,train,1,1,7,4,353,2000,train,23.116877,13.098535,-6,6
rnn_diverse_influence,5,/juice6/u/jshe/emergent_partner_grid/dev/eval_out/rnn_diverse_influence_seed5_train.h5,25,train,1,1,7,5,425,2000,train,21.680492,12.09372,-6,6
rnn_diverse_influence,5,/juice6/u/jshe/emergent_partner_grid/dev/eval_out/rnn_diverse_influence_seed5_train.h5,26,train,1,1,7,6,439,2000,train,19.737709,9.1775,-6,6
rnn_diverse_influence,5,/juice6/u/jshe/emergent_partner_grid/dev/eval_out/rnn_diverse_influence_seed5_train.h5,27,train,1,1,7,7,314,2000,train,22.940416,13.304662,-6,6
rnn_diverse_influence,5,/juice6/u/jshe/emergent_partner_grid/dev/eval_out/rnn_diverse_influence_seed5_train.h5,28,train,1,1,7,8,407,2000,train,22.373135,12.973869,-6,6
rnn_diverse_influence,5,/juice6/u/jshe/emergent_partner_grid/dev/eval_out/rnn_diverse_influence_seed5_train.h5,29,train,1,1,7,9,343,2000,test,22.903124,12.606828,-6,6
rnn_diverse_influence,5,/juice6/u/jshe/emergent_partner_grid/dev/eval_out/rnn_diverse_influence_seed5_train.h5,30,train,1,1,7,10,375,2000,train,22.863106,13.351711,-6,6
rnn_diverse_influence,5,/juice6/u/jshe/emergent_partner_grid/dev/eval_out/rnn_diverse_influence_seed5_train.h5,31,train,1,1,7,11,306,2000,train,21.328707,11.2634,-6,6
rnn_diverse_influence,5,/juice6/u/jshe/emergent_partner_grid/dev/eval_out/rnn_diverse_influence_seed5_train.h5,32,train,1,1,7,12,348,2000,train,21.747313,12.623102,-6,6
rnn_diverse_influence,5,/juice6/u/jshe/emergent_partner_grid/dev/eval_out/rnn_diverse_influence_seed5_train.h5,33,train,1,1,7,13,360,2000,train,21.49779,12.417992,-6,6
rnn_diverse_influence,5,/juice6/u/jshe/emergent_partner_grid/dev/eval_out/rnn_diverse_influence_seed5_train.h5,34,train,1,1,7,14,336,2000,test,22.19608,12.113583,-6,6
rnn_diverse_influence,5,/juice6/u/jshe/emergent_partner_grid/dev/eval_out/rnn_diverse_influence_seed5_train.h5,35,train,1,1,7,15,325,2000,test,22.032278,12.386599,-6,6
rnn_diverse_influence,5,/juice6/u/jshe/emergent_partner_grid/dev/eval_out/rnn_diverse_influence_seed5_train.h5,36,train,1,1,7,16,386,2000,train,23.274075,12.548376,-6,6
rnn_diverse_influence,5,/juice6/u/jshe/emergent_partner_grid/dev/eval_out/rnn_diverse_influence_seed5_train.h5,37,train,1,1,7,17,326,2000,train,21.386703,11.627801,-6,6
rnn_diverse_influence,5,/juice6/u/jshe/emergent_partner_grid/dev/eval_out/rnn_diverse_influence_seed5_train.h5,38,train,1,1,7,18,310,2000,train,22.726057,11.942397,-6,6
rnn_diverse_influence,5,/juice6/u/jshe/emergent_partner_grid/dev/eval_out/rnn_diverse_influence_seed5_train.h5,39,train,1,1,7,19,361,2000,train,23.758402,12.509755,-6,6
rnn_diverse_influence,5,/juice6/u/jshe/emergent_partner_grid/dev/eval_out/rnn_diverse_influence_seed5_train.h5,40,train,2,1,8,0,348,2000,train,21.183002,10.367417,-7,7
rnn_diverse_influence,5,/juice6/u/jshe/emergent_partner_grid/dev/eval_out/rnn_diverse_influence_seed5_train.h5,41,train,2,1,8,1,425,2000,test,22.86072,12.034122,-7,7
rnn_diverse_influence,5,/juice6/u/jshe/emergent_partner_grid/dev/eval_out/rnn_diverse_influence_seed5_train.h5,42,train,2,1,8,2,333,2000,train,21.780394,11.775936,-7,7
rnn_diverse_influence,5,/juice6/u/jshe/emergent_partner_grid/dev/eval_out/rnn_diverse_influence_seed5_train.h5,43,train,2,1,8,3,307,2000,train,21.207142,10.73041,-7,7
rnn_diverse_influence,5,/juice6/u/jshe/emergent_partner_grid/dev/eval_out/rnn_diverse_influence_seed5_train.h5,44,train,2,1,8,4,437,2000,train,22.794176,11.672182,-7,7
rnn_diverse_influence,5,/juice6/u/jshe/emergent_partner_grid/dev/eval_out/rnn_diverse_influence_seed5_train.h5,45,train,2,1,8,5,296,2000,train,20.317608,12.134214,-7,7
rnn_diverse_influence,5,/juice6/u/jshe/emergent_partner_grid/dev/eval_out/rnn_diverse_influence_seed5_train.h5,46,train,2,1,8,6,436,2000,train,21.777466,12.432934,-7,7
rnn_diverse_influence,5,/juice6/u/jshe/emergent_partner_grid/dev/eval_out/rnn_diverse_influence_seed5_train.h5,47,train,2,1,8,7,344,2000,train,20.804125,10.772593,-7,7
rnn_diverse_influence,5,/juice6/u/jshe/emergent_partner_grid/dev/eval_out/rnn_diverse_influence_seed5_train.h5,48,train,2,1,8,8,285,2000,train,23.33938,12.251125,-7,7
rnn_diverse_influence,5,/juice6/u/jshe/emergent_partner_grid/dev/eval_out/rnn_diverse_influence_seed5_train.h5,49,train,2,1,8,9,450,2000,test,19.21816,8.802054,-7,7
rnn_diverse_influence,5,/juice6/u/jshe/emergent_partner_grid/dev/eval_out/rnn_diverse_influence_seed5_train.h5,50,train,2,1,8,10,370,2000,train,21.548143,11.753265,-7,7
rnn_diverse_influence,5,/juice6/u/jshe/emergent_partner_grid/dev/eval_out/rnn_diverse_influence_seed5_train.h5,51,train,2,1,8,11,348,2000,train,20.54488,11.45535,-7,7
rnn_diverse_influence,5,/juice6/u/jshe/emergent_partner_grid/dev/eval_out/rnn_diverse_influence_seed5_train.h5,52,train,2,1,8,12,255,2000,train,21.428675,10.810811,-7,7
rnn_diverse_influence,5,/juice6/u/jshe/emergent_partner_grid/dev/eval_out/rnn_diverse_influence_seed5_train.h5,53,train,2,1,8,13,285,2000,train,21.779652,12.161297,-7,7
rnn_diverse_influence,5,/juice6/u/jshe/emergent_partner_grid/dev/eval_out/rnn_diverse_influence_seed5_train.h5,54,train,2,1,8,14,312,2000,test,23.391384,13.541028,-7,7
rnn_diverse_influence,5,/juice6/u/jshe/emergent_partner_grid/dev/eval_out/rnn_diverse_influence_seed5_train.h5,55,train,2,1,8,15,311,2000,test,22.086256,12.292038,-7,7
rnn_diverse_influence,5,/juice6/u/jshe/emergent_partner_grid/dev/eval_out/rnn_diverse_influence_seed5_train.h5,56,train,2,1,8,16,296,2000,train,21.678274,12.227989,-7,7
rnn_diverse_influence,5,/juice6/u/jshe/emergent_partner_grid/dev/eval_out/rnn_diverse_influence_seed5_train.h5,57,train,2,1,8,17,389,2000,train,22.148235,13.225149,-7,7
rnn_diverse_influence,5,/juice6/u/jshe/emergent_partner_grid/dev/eval_out/rnn_diverse_influence_seed5_train.h5,58,train,2,1,8,18,342,2000,train,22.201378,12.63987,-7,7
rnn_diverse_influence,5,/juice6/u/jshe/emergent_partner_grid/dev/eval_out/rnn_diverse_influence_seed5_train.h5,59,train,2,1,8,19,311,2000,train,21.53939,12.736713,-7,7
rnn_diverse_influence,5,/juice6/u/jshe/emergent_partner_grid/dev/eval_out/rnn_diverse_influence_seed5_train.h5,60,train,3,1,9,0,531,2000,train,18.343245,9.511235,-8,8
rnn_diverse_influence,5,/juice6/u/jshe/emergent_partner_grid/dev/eval_out/rnn_diverse_influence_seed5_train.h5,61,train,3,1,9,1,377,2000,test,20.790993,9.625929,-8,8
rnn_diverse_influence,5,/juice6/u/jshe/emergent_partner_grid/dev/eval_out/rnn_diverse_influence_seed5_train.h5,62,train,3,1,9,2,395,2000,train,21.315685,12.484586,-8,8
rnn_diverse_influence,5,/juice6/u/jshe/emergent_partner_grid/dev/eval_out/rnn_diverse_influence_seed5_train.h5,63,train,3,1,9,3,337,2000,train,20.581902,9.177008,-8,8
rnn_diverse_influence,5,/juice6/u/jshe/emergent_partner_grid/dev/eval_out/rnn_diverse_influence_seed5_train.h5,64,train,3,1,9,4,276,2000,train,20.755928,11.307422,-8,8
rnn_diverse_influence,5,/juice6/u/jshe/emergent_partner_grid/dev/eval_out/rnn_diverse_influence_seed5_train.h5,65,train,3,1,9,5,354,2000,train,23.122612,12.884335,-8,8
rnn_diverse_influence,5,/juice6/u/jshe/emergent_partner_grid/dev/eval_out/rnn_diverse_influence_seed5_train.h5,66,train,3,1,9,6,398,2000,train,22.82655,13.269002,-8,8
rnn_diverse_influence,5,/juice6/u/jshe/emergent_partner_grid/dev/eval_out/rnn_diverse_influence_seed5_train.h5,67,train,3,1,9,7,365,2000,train,22.782566,12.546115,-8,8
rnn_diverse_influence,5,/juice6/u/jshe/emergent_partner_grid/dev/eval_out/rnn_diverse_influence_seed5_train.h5,68,train,3,1,9,8,381,2000,train,20.461674,10.355995,-8,8
rnn_diverse_influence,5,/juice6/u/jshe/emergent_partner_grid/dev/eval_out/rnn_diverse_influence_seed5_train.h5,69,train,3,1,9,9,301,2000,test,23.51152,12.402625,-8,8
rnn_diverse_influence,5,/juice6/u/jshe/emergent_partner_grid/dev/eval_out/rnn_diverse_influence_seed5_train.h5,70,train,3,1,9,10,323,2000,train,22.950266,12.078997,-8,8
rnn_diverse_influence,5,/juice6/u/jshe/emergent_partner_grid/dev/eval_out/rnn_diverse_influence_seed5_train.h5,71,train,3,1,9,11,328,2000,train,21.852524,10.806923,-8,8
rnn_diverse_influence,5,/juice6/u/jshe/emergent_partner_grid/dev/eval_out/rnn_diverse_influence_seed5_train.h5,72,train,3,1,9,12,397,2000,train,19.477062,8.963788,-8,8
rnn_diverse_influence,5,/juice6/u/jshe/emergent_partner_grid/dev/eval_out/rnn_diverse_influence_seed5_train.h5,73,train,3,1,9,13,366,2000,train,19.350132,8.747738,-8,8
rnn_diverse_influence,5,/juice6/u/jshe/emergent_partner_grid/dev/eval_out/rnn_diverse_influence_seed5_train.h5,74,train,3,1,9,14,319,2000,test,22.71612,12.775655,-8,8
rnn_diverse_influence,5,/juice6/u/jshe/emergent_partner_grid/dev/eval_out/rnn_diverse_influence_seed5_train.h5,75,train,3,1,9,15,348,2000,test,21.707226,12.202487,-8,8
rnn_diverse_influence,5,/juice6/u/jshe/emergent_partner_grid/dev/eval_out/rnn_diverse_influence_seed5_train.h5,76,train,3,1,9,16,321,2000,train,21.82979,12.163044,-8,8
rnn_diverse_influence,5,/juice6/u/jshe/emergent_partner_grid/dev/eval_out/rnn_diverse_influence_seed5_train.h5,77,train,3,1,9,17,414,2000,train,22.359945,11.560077,-8,8
rnn_diverse_influence,5,/juice6/u/jshe/emergent_partner_grid/dev/eval_out/rnn_diverse_influence_seed5_train.h5,78,train,3,1,9,18,453,2000,train,21.58284,11.729332,-8,8
rnn_diverse_influence,5,/juice6/u/jshe/emergent_partner_grid/dev/eval_out/rnn_diverse_influence_seed5_train.h5,79,train,3,1,9,19,361,2000,train,22.556332,11.984743,-8,8
rnn_diverse_influence,5,/juice6/u/jshe/emergent_partner_grid/dev/eval_out/rnn_diverse_influence_seed5_train.h5,80,train,4,2,4,0,379,2000,train,23.07623,9.466206,-2,2
rnn_diverse_influence,5,/juice6/u/jshe/emergent_partner_grid/dev/eval_out/rnn_diverse_influence_seed5_train.h5,81,train,4,2,4,1,468,2000,test,24.10466,9.643272,-2,2
rnn_diverse_influence,5,/juice6/u/jshe/emergent_partner_grid/dev/eval_out/rnn_diverse_influence_seed5_train.h5,82,train,4,2,4,2,459,2000,train,23.187235,9.475269,-2,2
rnn_diverse_influence,5,/juice6/u/jshe/emergent_partner_grid/dev/eval_out/rnn_diverse_influence_seed5_train.h5,83,train,4,2,4,3,391,2000,train,23.356537,10.448678,-2,2
rnn_diverse_influence,5,/juice6/u/jshe/emergent_partner_grid/dev/eval_out/rnn_diverse_influence_seed5_train.h5,84,train,4,2,4,4,490,2000,train,23.799519,10.820196,-2,2
rnn_diverse_influence,5,/juice6/u/jshe/emergent_partner_grid/dev/eval_out/rnn_diverse_influence_seed5_train.h5,85,train,4,2,4,5,402,2000,train,23.23765,8.878355,-2,2
rnn_diverse_influence,5,/juice6/u/jshe/emergent_partner_grid/dev/eval_out/rnn_diverse_influence_seed5_train.h5,86,train,4,2,4,6,405,2000,train,19.585653,8.265732,-2,2
rnn_diverse_influence,5,/juice6/u/jshe/emergent_partner_grid/dev/eval_out/rnn_diverse_influence_seed5_train.h5,87,train,4,2,4,7,408,2000,train,24.6571,11.66817,-2,2
rnn_diverse_influence,5,/juice6/u/jshe/emergent_partner_grid/dev/eval_out/rnn_diverse_influence_seed5_train.h5,88,train,4,2,4,8,429,2000,train,24.246138,12.021597,-2,2
rnn_diverse_influence,5,/juice6/u/jshe/emergent_partner_grid/dev/eval_out/rnn_diverse_influence_seed5_train.h5,89,train,4,2,4,9,422,2000,test,22.918837,11.3697605,-2,2
rnn_diverse_influence,5,/juice6/u/jshe/emergent_partner_grid/dev/eval_out/rnn_diverse_influence_seed5_train.h5,90,train,4,2,4,10,417,2000,train,21.531626,8.794128,-2,2
rnn_diverse_influence,5,/juice6/u/jshe/emergent_partner_grid/dev/eval_out/rnn_diverse_influence_seed5_train.h5,91,train,4,2,4,11,412,2000,train,22.71303,10.113076,-2,2
rnn_diverse_influence,5,/juice6/u/jshe/emergent_partner_grid/dev/eval_out/rnn_diverse_influence_seed5_train.h5,92,train,4,2,4,12,396,2000,train,22.633617,9.8255005,-2,2
rnn_diverse_influence,5,/juice6/u/jshe/emergent_partner_grid/dev/eval_out/rnn_diverse_influence_seed5_train.h5,93,train,4,2,4,13,389,2000,train,22.045702,10.40673,-2,2
rnn_diverse_influence,5,/juice6/u/jshe/emergent_partner_grid/dev/eval_out/rnn_diverse_influence_seed5_train.h5,94,train,4,2,4,14,401,2000,test,23.403463,9.932042,-2,2
rnn_diverse_influence,5,/juice6/u/jshe/emergent_partner_grid/dev/eval_out/rnn_diverse_influence_seed5_train.h5,95,train,4,2,4,15,390,2000,test,24.05339,10.963754,-2,2
rnn_diverse_influence,5,/juice6/u/jshe/emergent_partner_grid/dev/eval_out/rnn_diverse_influence_seed5_train.h5,96,train,4,2,4,16,472,2000,train,24.270338,11.861833,-2,2
rnn_diverse_influence,5,/juice6/u/jshe/emergent_partner_grid/dev/eval_out/rnn_diverse_influence_seed5_train.h5,97,train,4,2,4,17,370,2000,train,23.669352,10.582128,-2,2
rnn_diverse_influence,5,/juice6/u/jshe/emergent_partner_grid/dev/eval_out/rnn_diverse_influence_seed5_train.h5,98,train,4,2,4,18,427,2000,train,22.494038,8.908986,-2,2
rnn_diverse_influence,5,/juice6/u/jshe/emergent_partner_grid/dev/eval_out/rnn_diverse_influence_seed5_train.h5,99,train,4,2,4,19,430,2000,train,23.029493,9.530828,-2,2
rnn_diverse_influence,5,/juice6/u/jshe/emergent_partner_grid/dev/eval_out/rnn_diverse_influence_seed5_test.h5,80,test,4,2,5,0,444,2000,train,21.54821,9.566671,-3,3
rnn_diverse_influence,5,/juice6/u/jshe/emergent_partner_grid/dev/eval_out/rnn_diverse_influence_seed5_test.h5,81,test,4,2,5,1,385,2000,test,22.157562,9.499647,-3,3
rnn_diverse_influence,5,/juice6/u/jshe/emergent_partner_grid/dev/eval_out/rnn_diverse_influence_seed5_test.h5,82,test,4,2,5,2,351,2000,train,22.264706,9.921431,-3,3
rnn_diverse_influence,5,/juice6/u/jshe/emergent_partner_grid/dev/eval_out/rnn_diverse_influence_seed5_test.h5,83,test,4,2,5,3,356,2000,train,22.726236,10.172525,-3,3
rnn_diverse_influence,5,/juice6/u/jshe/emergent_partner_grid/dev/eval_out/rnn_diverse_influence_seed5_test.h5,84,test,4,2,5,4,375,2000,train,23.11981,10.099545,-3,3
rnn_diverse_influence,5,/juice6/u/jshe/emergent_partner_grid/dev/eval_out/rnn_diverse_influence_seed5_test.h5,85,test,4,2,5,5,364,2000,train,23.541016,9.727751,-3,3
rnn_diverse_influence,5,/juice6/u/jshe/emergent_partner_grid/dev/eval_out/rnn_diverse_influence_seed5_test.h5,86,test,4,2,5,6,397,2000,train,24.685892,9.735503,-3,3
rnn_diverse_influence,5,/juice6/u/jshe/emergent_partner_grid/dev/eval_out/rnn_diverse_influence_seed5_test.h5,87,test,4,2,5,7,393,2000,train,21.797068,10.756768,-3,3
rnn_diverse_influence,5,/juice6/u/jshe/emergent_partner_grid/dev/eval_out/rnn_diverse_influence_seed5_test.h5,88,test,4,2,5,8,437,2000,train,23.313927,10.922611,-3,3
rnn_diverse_influence,5,/juice6/u/jshe/emergent_partner_grid/dev/eval_out/rnn_diverse_influence_seed5_test.h5,89,test,4,2,5,9,413,2000,test,21.874386,9.880352,-3,3
rnn_diverse_influence,5,/juice6/u/jshe/emergent_partner_grid/dev/eval_out/rnn_diverse_influence_seed5_test.h5,90,test,4,2,5,10,408,2000,train,21.838331,10.294125,-3,3
rnn_diverse_influence,5,/juice6/u/jshe/emergent_partner_grid/dev/eval_out/rnn_diverse_influence_seed5_test.h5,91,test,4,2,5,11,484,2000,train,22.83617,10.962182,-3,3
rnn_diverse_influence,5,/juice6/u/jshe/emergent_partner_grid/dev/eval_out/rnn_diverse_influence_seed5_test.h5,92,test,4,2,5,12,389,2000,train,23.983002,10.361059,-3,3
rnn_diverse_influence,5,/juice6/u/jshe/emergent_partner_grid/dev/eval_out/rnn_diverse_influence_seed5_test.h5,93,test,4,2,5,13,457,2000,train,23.535742,9.224076,-3,3
rnn_diverse_influence,5,/juice6/u/jshe/emergent_partner_grid/dev/eval_out/rnn_diverse_influence_seed5_test.h5,94,test,4,2,5,14,421,2000,test,22.192314,8.959169,-3,3
rnn_diverse_influence,5,/juice6/u/jshe/emergent_partner_grid/dev/eval_out/rnn_diverse_influence_seed5_test.h5,95,test,4,2,5,15,388,2000,test,23.143242,9.600537,-3,3
rnn_diverse_influence,5,/juice6/u/jshe/emergent_partner_grid/dev/eval_out/rnn_diverse_influence_seed5_test.h5,96,test,4,2,5,16,457,2000,train,22.254501,9.468596,-3,3
rnn_diverse_influence,5,/juice6/u/jshe/emergent_partner_grid/dev/eval_out/rnn_diverse_influence_seed5_test.h5,97,test,4,2,5,17,356,2000,train,23.44184,10.121972,-3,3
rnn_diverse_influence,5,/juice6/u/jshe/emergent_partner_grid/dev/eval_out/rnn_diverse_influence_seed5_test.h5,98,test,4,2,5,18,367,2000,train,22.250574,10.512388,-3,3
rnn_diverse_influence,5,/juice6/u/jshe/emergent_partner_grid/dev/eval_out/rnn_diverse_influence_seed5_test.h5,99,test,4,2,5,19,421,2000,train,24.146992,10.79745,-3,3
rnn_diverse_influence,5,/juice6/u/jshe/emergent_partner_grid/dev/eval_out/rnn_diverse_influence_seed5_test.h5,100,test,5,2,6,0,433,2000,train,24.577648,11.139216,-4,4
rnn_diverse_influence,5,/juice6/u/jshe/emergent_partner_grid/dev/eval_out/rnn_diverse_influence_seed5_test.h5,101,test,5,2,6,1,473,2000,test,20.243933,8.524675,-4,4
rnn_diverse_influence,5,/juice6/u/jshe/emergent_partner_grid/dev/eval_out/rnn_diverse_influence_seed5_test.h5,102,test,5,2,6,2,561,2000,train,24.278316,10.915479,-4,4
rnn_diverse_influence,5,/juice6/u/jshe/emergent_partner_grid/dev/eval_out/rnn_diverse_influence_seed5_test.h5,103,test,5,2,6,3,409,2000,train,22.545488,10.05829,-4,4
rnn_diverse_influence,5,/juice6/u/jshe/emergent_partner_grid/dev/eval_out/rnn_diverse_influence_seed5_test.h5,104,test,5,2,6,4,382,2000,train,21.749775,8.763435,-4,4
rnn_diverse_influence,5,/juice6/u/jshe/emergent_partner_grid/dev/eval_out/rnn_diverse_influence_seed5_test.h5,105,test,5,2,6,5,361,2000,train,21.511312,10.084502,-4,4
rnn_diverse_influence,5,/juice6/u/jshe/emergent_partner_grid/dev/eval_out/rnn_diverse_influence_seed5_test.h5,106,test,5,2,6,6,404,2000,train,24.051243,8.507746,-4,4
rnn_diverse_influence,5,/juice6/u/jshe/emergent_partner_grid/dev/eval_out/rnn_diverse_influence_seed5_test.h5,107,test,5,2,6,7,379,2000,train,23.138954,8.460085,-4,4
rnn_diverse_influence,5,/juice6/u/jshe/emergent_partner_grid/dev/eval_out/rnn_diverse_influence_seed5_test.h5,108,test,5,2,6,8,426,2000,train,22.925762,10.477999,-4,4
rnn_diverse_influence,5,/juice6/u/jshe/emergent_partner_grid/dev/eval_out/rnn_diverse_influence_seed5_test.h5,109,test,5,2,6,9,445,2000,test,23.153278,10.283146,-4,4
rnn_diverse_influence,5,/juice6/u/jshe/emergent_partner_grid/dev/eval_out/rnn_diverse_influence_seed5_test.h5,110,test,5,2,6,10,414,2000,train,23.67438,10.92395,-4,4
rnn_diverse_influence,5,/juice6/u/jshe/emergent_partner_grid/dev/eval_out/rnn_diverse_influence_seed5_test.h5,111,test,5,2,6,11,380,2000,train,22.105862,9.103614,-4,4
rnn_diverse_influence,5,/juice6/u/jshe/emergent_partner_grid/dev/eval_out/rnn_diverse_influence_seed5_test.h5,112,test,5,2,6,12,438,2000,train,19.198095,8.732497,-4,4
rnn_diverse_influence,5,/juice6/u/jshe/emergent_partner_grid/dev/eval_out/rnn_diverse_influence_seed5_test.h5,113,test,5,2,6,13,446,2000,train,24.841597,11.514108,-4,4
rnn_diverse_influence,5,/juice6/u/jshe/emergent_partner_grid/dev/eval_out/rnn_diverse_influence_seed5_test.h5,114,test,5,2,6,14,376,2000,test,24.157621,11.621192,-4,4
rnn_diverse_influence,5,/juice6/u/jshe/emergent_partner_grid/dev/eval_out/rnn_diverse_influence_seed5_test.h5,115,test,5,2,6,15,466,2000,test,23.199167,10.996288,-4,4
rnn_diverse_influence,5,/juice6/u/jshe/emergent_partner_grid/dev/eval_out/rnn_diverse_influence_seed5_test.h5,116,test,5,2,6,16,402,2000,train,22.92141,9.917329,-4,4
rnn_diverse_influence,5,/juice6/u/jshe/emergent_partner_grid/dev/eval_out/rnn_diverse_influence_seed5_test.h5,117,test,5,2,6,17,403,2000,train,24.758213,10.938278,-4,4
rnn_diverse_influence,5,/juice6/u/jshe/emergent_partner_grid/dev/eval_out/rnn_diverse_influence_seed5_test.h5,118,test,5,2,6,18,415,2000,train,24.546165,11.65622,-4,4
rnn_diverse_influence,5,/juice6/u/jshe/emergent_partner_grid/dev/eval_out/rnn_diverse_influence_seed5_test.h5,119,test,5,2,6,19,370,2000,train,23.187626,11.46331,-4,4
rnn_diverse_influence,5,/juice6/u/jshe/emergent_partner_grid/dev/eval_out/rnn_diverse_influence_seed5_train.h5,100,train,5,2,7,0,482,2000,train,24.30531,10.078309,-5,5
rnn_diverse_influence,5,/juice6/u/jshe/emergent_partner_grid/dev/eval_out/rnn_diverse_influence_seed5_train.h5,101,train,5,2,7,1,369,2000,test,23.544167,10.025946,-5,5
rnn_diverse_influence,5,/juice6/u/jshe/emergent_partner_grid/dev/eval_out/rnn_diverse_influence_seed5_train.h5,102,train,5,2,7,2,416,2000,train,22.302078,9.929936,-5,5
rnn_diverse_influence,5,/juice6/u/jshe/emergent_partner_grid/dev/eval_out/rnn_diverse_influence_seed5_train.h5,103,train,5,2,7,3,397,2000,train,24.257954,11.751904,-5,5
rnn_diverse_influence,5,/juice6/u/jshe/emergent_partner_grid/dev/eval_out/rnn_diverse_influence_seed5_train.h5,104,train,5,2,7,4,445,2000,train,23.731823,9.670446,-5,5
rnn_diverse_influence,5,/juice6/u/jshe/emergent_partner_grid/dev/eval_out/rnn_diverse_influence_seed5_train.h5,105,train,5,2,7,5,464,2000,train,19.413507,8.987521,-5,5
rnn_diverse_influence,5,/juice6/u/jshe/emergent_partner_grid/dev/eval_out/rnn_diverse_influence_seed5_train.h5,106,train,5,2,7,6,465,2000,train,23.408283,10.196854,-5,5
rnn_diverse_influence,5,/juice6/u/jshe/emergent_partner_grid/dev/eval_out/rnn_diverse_influence_seed5_train.h5,107,train,5,2,7,7,463,2000,train,24.17019,9.558183,-5,5
rnn_diverse_influence,5,/juice6/u/jshe/emergent_partner_grid/dev/eval_out/rnn_diverse_influence_seed5_train.h5,108,train,5,2,7,8,357,2000,train,22.111633,10.438237,-5,5
rnn_diverse_influence,5,/juice6/u/jshe/emergent_partner_grid/dev/eval_out/rnn_diverse_influence_seed5_train.h5,109,train,5,2,7,9,390,2000,test,22.262884,9.7101555,-5,5
rnn_diverse_influence,5,/juice6/u/jshe/emergent_partner_grid/dev/eval_out/rnn_diverse_influence_seed5_train.h5,110,train,5,2,7,10,409,2000,train,23.60001,11.254238,-5,5
rnn_diverse_influence,5,/juice6/u/jshe/emergent_partner_grid/dev/eval_out/rnn_diverse_influence_seed5_train.h5,111,train,5,2,7,11,490,2000,train,23.073309,10.670617,-5,5
rnn_diverse_influence,5,/juice6/u/jshe/emergent_partner_grid/dev/eval_out/rnn_diverse_influence_seed5_train.h5,112,train,5,2,7,12,462,2000,train,24.387537,11.508849,-5,5
rnn_diverse_influence,5,/juice6/u/jshe/emergent_partner_grid/dev/eval_out/rnn_diverse_influence_seed5_train.h5,113,train,5,2,7,13,376,2000,train,21.901423,10.618912,-5,5
rnn_diverse_influence,5,/juice6/u/jshe/emergent_partner_grid/dev/eval_out/rnn_diverse_influence_seed5_train.h5,114,train,5,2,7,14,503,2000,test,22.12382,9.294694,-5,5
rnn_diverse_influence,5,/juice6/u/jshe/emergent_partner_grid/dev/eval_out/rnn_diverse_influence_seed5_train.h5,115,train,5,2,7,15,397,2000,test,23.238558,10.795177,-5,5
rnn_diverse_influence,5,/juice6/u/jshe/emergent_partner_grid/dev/eval_out/rnn_diverse_influence_seed5_train.h5,116,train,5,2,7,16,405,2000,train,23.594646,11.2144985,-5,5
rnn_diverse_influence,5,/juice6/u/jshe/emergent_partner_grid/dev/eval_out/rnn_diverse_influence_seed5_train.h5,117,train,5,2,7,17,390,2000,train,21.84376,10.243853,-5,5
rnn_diverse_influence,5,/juice6/u/jshe/emergent_partner_grid/dev/eval_out/rnn_diverse_influence_seed5_train.h5,118,train,5,2,7,18,355,2000,train,22.362291,9.453934,-5,5
rnn_diverse_influence,5,/juice6/u/jshe/emergent_partner_grid/dev/eval_out/rnn_diverse_influence_seed5_train.h5,119,train,5,2,7,19,452,2000,train,23.387955,10.979392,-5,5
rnn_diverse_influence,5,/juice6/u/jshe/emergent_partner_grid/dev/eval_out/rnn_diverse_influence_seed5_train.h5,120,train,6,2,8,0,379,2000,train,22.33639,10.716933,-6,6
rnn_diverse_influence,5,/juice6/u/jshe/emergent_partner_grid/dev/eval_out/rnn_diverse_influence_seed5_train.h5,121,train,6,2,8,1,479,2000,test,22.44081,9.832564,-6,6
rnn_diverse_influence,5,/juice6/u/jshe/emergent_partner_grid/dev/eval_out/rnn_diverse_influence_seed5_train.h5,122,train,6,2,8,2,403,2000,train,22.611479,10.384728,-6,6
rnn_diverse_influence,5,/juice6/u/jshe/emergent_partner_grid/dev/eval_out/rnn_diverse_influence_seed5_train.h5,123,train,6,2,8,3,445,2000,train,22.88579,10.427042,-6,6
rnn_diverse_influence,5,/juice6/u/jshe/emergent_partner_grid/dev/eval_out/rnn_diverse_influence_seed5_train.h5,124,train,6,2,8,4,444,2000,train,24.230625,11.838296,-6,6
rnn_diverse_influence,5,/juice6/u/jshe/emergent_partner_grid/dev/eval_out/rnn_diverse_influence_seed5_train.h5,125,train,6,2,8,5,415,2000,train,21.430956,10.040446,-6,6
rnn_diverse_influence,5,/juice6/u/jshe/emergent_partner_grid/dev/eval_out/rnn_diverse_influence_seed5_train.h5,126,train,6,2,8,6,373,2000,train,24.255465,9.984424,-6,6
rnn_diverse_influence,5,/juice6/u/jshe/emergent_partner_grid/dev/eval_out/rnn_diverse_influence_seed5_train.h5,127,train,6,2,8,7,417,2000,train,22.248077,11.049294,-6,6
rnn_diverse_influence,5,/juice6/u/jshe/emergent_partner_grid/dev/eval_out/rnn_diverse_influence_seed5_train.h5,128,train,6,2,8,8,386,2000,train,22.53048,10.905616,-6,6
rnn_diverse_influence,5,/juice6/u/jshe/emergent_partner_grid/dev/eval_out/rnn_diverse_influence_seed5_train.h5,129,train,6,2,8,9,461,2000,test,23.684193,11.5075,-6,6
rnn_diverse_influence,5,/juice6/u/jshe/emergent_partner_grid/dev/eval_out/rnn_diverse_influence_seed5_train.h5,130,train,6,2,8,10,350,2000,train,22.688126,10.726186,-6,6
rnn_diverse_influence,5,/juice6/u/jshe/emergent_partner_grid/dev/eval_out/rnn_diverse_influence_seed5_train.h5,131,train,6,2,8,11,410,2000,train,20.755766,8.801669,-6,6
rnn_diverse_influence,5,/juice6/u/jshe/emergent_partner_grid/dev/eval_out/rnn_diverse_influence_seed5_train.h5,132,train,6,2,8,12,483,2000,train,23.169466,8.626536,-6,6
rnn_diverse_influence,5,/juice6/u/jshe/emergent_partner_grid/dev/eval_out/rnn_diverse_influence_seed5_train.h5,133,train,6,2,8,13,465,2000,train,23.937088,11.747544,-6,6
rnn_diverse_influence,5,/juice6/u/jshe/emergent_partner_grid/dev/eval_out/rnn_diverse_influence_seed5_train.h5,134,train,6,2,8,14,495,2000,test,23.256025,9.592812,-6,6
rnn_diverse_influence,5,/juice6/u/jshe/emergent_partner_grid/dev/eval_out/rnn_diverse_influence_seed5_train.h5,135,train,6,2,8,15,400,2000,test,21.751898,9.115274,-6,6
rnn_diverse_influence,5,/juice6/u/jshe/emergent_partner_grid/dev/eval_out/rnn_diverse_influence_seed5_train.h5,136,train,6,2,8,16,448,2000,train,21.702225,8.823781,-6,6
rnn_diverse_influence,5,/juice6/u/jshe/emergent_partner_grid/dev/eval_out/rnn_diverse_influence_seed5_train.h5,137,train,6,2,8,17,423,2000,train,22.365572,9.405782,-6,6
rnn_diverse_influence,5,/juice6/u/jshe/emergent_partner_grid/dev/eval_out/rnn_diverse_influence_seed5_train.h5,138,train,6,2,8,18,397,2000,train,22.23838,10.069754,-6,6
rnn_diverse_influence,5,/juice6/u/jshe/emergent_partner_grid/dev/eval_out/rnn_diverse_influence_seed5_train.h5,139,train,6,2,8,19,491,2000,train,24.129608,9.82166,-6,6
rnn_diverse_influence,5,/juice6/u/jshe/emergent_partner_grid/dev/eval_out/rnn_diverse_influence_seed5_train.h5,140,train,7,2,9,0,466,2000,train,23.383753,11.280908,-7,7
rnn_diverse_influence,5,/juice6/u/jshe/emergent_partner_grid/dev/eval_out/rnn_diverse_influence_seed5_train.h5,141,train,7,2,9,1,402,2000,test,23.61746,11.465857,-7,7
rnn_diverse_influence,5,/juice6/u/jshe/emergent_partner_grid/dev/eval_out/rnn_diverse_influence_seed5_train.h5,142,train,7,2,9,2,354,2000,train,23.650574,9.943109,-7,7
rnn_diverse_influence,5,/juice6/u/jshe/emergent_partner_grid/dev/eval_out/rnn_diverse_influence_seed5_train.h5,143,train,7,2,9,3,372,2000,train,22.883297,9.680094,-7,7
rnn_diverse_influence,5,/juice6/u/jshe/emergent_partner_grid/dev/eval_out/rnn_diverse_influence_seed5_train.h5,144,train,7,2,9,4,388,2000,train,20.508274,8.686489,-7,7
rnn_diverse_influence,5,/juice6/u/jshe/emergent_partner_grid/dev/eval_out/rnn_diverse_influence_seed5_train.h5,145,train,7,2,9,5,478,2000,train,20.703709,8.5792885,-7,7
rnn_diverse_influence,5,/juice6/u/jshe/emergent_partner_grid/dev/eval_out/rnn_diverse_influence_seed5_train.h5,146,train,7,2,9,6,410,2000,train,23.28161,11.5209055,-7,7
rnn_diverse_influence,5,/juice6/u/jshe/emergent_partner_grid/dev/eval_out/rnn_diverse_influence_seed5_train.h5,147,train,7,2,9,7,441,2000,train,23.000406,11.173215,-7,7
rnn_diverse_influence,5,/juice6/u/jshe/emergent_partner_grid/dev/eval_out/rnn_diverse_influence_seed5_train.h5,148,train,7,2,9,8,412,2000,train,24.428375,10.6874,-7,7
rnn_diverse_influence,5,/juice6/u/jshe/emergent_partner_grid/dev/eval_out/rnn_diverse_influence_seed5_train.h5,149,train,7,2,9,9,425,2000,test,22.549257,9.556081,-7,7
rnn_diverse_influence,5,/juice6/u/jshe/emergent_partner_grid/dev/eval_out/rnn_diverse_influence_seed5_train.h5,150,train,7,2,9,10,413,2000,train,23.00683,10.641222,-7,7
rnn_diverse_influence,5,/juice6/u/jshe/emergent_partner_grid/dev/eval_out/rnn_diverse_influence_seed5_train.h5,151,train,7,2,9,11,419,2000,train,22.414932,8.72972,-7,7
rnn_diverse_influence,5,/juice6/u/jshe/emergent_partner_grid/dev/eval_out/rnn_diverse_influence_seed5_train.h5,152,train,7,2,9,12,396,2000,train,24.061352,11.923102,-7,7
rnn_diverse_influence,5,/juice6/u/jshe/emergent_partner_grid/dev/eval_out/rnn_diverse_influence_seed5_train.h5,153,train,7,2,9,13,433,2000,train,21.824999,9.915018,-7,7
rnn_diverse_influence,5,/juice6/u/jshe/emergent_partner_grid/dev/eval_out/rnn_diverse_influence_seed5_train.h5,154,train,7,2,9,14,451,2000,test,24.36457,12.418786,-7,7
rnn_diverse_influence,5,/juice6/u/jshe/emergent_partner_grid/dev/eval_out/rnn_diverse_influence_seed5_train.h5,155,train,7,2,9,15,388,2000,test,23.13612,9.960211,-7,7
rnn_diverse_influence,5,/juice6/u/jshe/emergent_partner_grid/dev/eval_out/rnn_diverse_influence_seed5_train.h5,156,train,7,2,9,16,478,2000,train,20.219032,8.32027,-7,7
rnn_diverse_influence,5,/juice6/u/jshe/emergent_partner_grid/dev/eval_out/rnn_diverse_influence_seed5_train.h5,157,train,7,2,9,17,408,2000,train,21.443151,8.819387,-7,7
rnn_diverse_influence,5,/juice6/u/jshe/emergent_partner_grid/dev/eval_out/rnn_diverse_influence_seed5_train.h5,158,train,7,2,9,18,337,2000,train,23.287743,9.929056,-7,7
rnn_diverse_influence,5,/juice6/u/jshe/emergent_partner_grid/dev/eval_out/rnn_diverse_influence_seed5_train.h5,159,train,7,2,9,19,406,2000,train,23.210833,11.188798,-7,7
rnn_diverse_influence,5,/juice6/u/jshe/emergent_partner_grid/dev/eval_out/rnn_diverse_influence_seed5_train.h5,160,train,8,3,4,0,460,2000,train,23.548515,8.333526,-1,1
rnn_diverse_influence,5,/juice6/u/jshe/emergent_partner_grid/dev/eval_out/rnn_diverse_influence_seed5_train.h5,161,train,8,3,4,1,447,2000,test,23.976032,9.542119,-1,1
rnn_diverse_influence,5,/juice6/u/jshe/emergent_partner_grid/dev/eval_out/rnn_diverse_influence_seed5_train.h5,162,train,8,3,4,2,533,2000,train,18.12886,8.018346,-1,1
rnn_diverse_influence,5,/juice6/u/jshe/emergent_partner_grid/dev/eval_out/rnn_diverse_influence_seed5_train.h5,163,train,8,3,4,3,528,2000,train,24.921803,10.239571,-1,1
rnn_diverse_influence,5,/juice6/u/jshe/emergent_partner_grid/dev/eval_out/rnn_diverse_influence_seed5_train.h5,164,train,8,3,4,4,541,2000,train,23.585783,9.773463,-1,1
rnn_diverse_influence,5,/juice6/u/jshe/emergent_partner_grid/dev/eval_out/rnn_diverse_influence_seed5_train.h5,165,train,8,3,4,5,472,2000,train,24.703403,11.085423,-1,1
rnn_diverse_influence,5,/juice6/u/jshe/emergent_partner_grid/dev/eval_out/rnn_diverse_influence_seed5_train.h5,166,train,8,3,4,6,483,2000,train,22.43085,8.240191,-1,1
rnn_diverse_influence,5,/juice6/u/jshe/emergent_partner_grid/dev/eval_out/rnn_diverse_influence_seed5_train.h5,167,train,8,3,4,7,424,2000,train,23.847692,7.9997168,-1,1
rnn_diverse_influence,5,/juice6/u/jshe/emergent_partner_grid/dev/eval_out/rnn_diverse_influence_seed5_train.h5,168,train,8,3,4,8,442,2000,train,17.589443,9.408353,-1,1
rnn_diverse_influence,5,/juice6/u/jshe/emergent_partner_grid/dev/eval_out/rnn_diverse_influence_seed5_train.h5,169,train,8,3,4,9,448,2000,test,21.911371,7.862499,-1,1
rnn_diverse_influence,5,/juice6/u/jshe/emergent_partner_grid/dev/eval_out/rnn_diverse_influence_seed5_train.h5,170,train,8,3,4,10,491,2000,train,23.86344,8.564057,-1,1
rnn_diverse_influence,5,/juice6/u/jshe/emergent_partner_grid/dev/eval_out/rnn_diverse_influence_seed5_train.h5,171,train,8,3,4,11,597,2000,train,25.137539,10.14055,-1,1
rnn_diverse_influence,5,/juice6/u/jshe/emergent_partner_grid/dev/eval_out/rnn_diverse_influence_seed5_train.h5,172,train,8,3,4,12,507,2000,train,24.837925,9.576479,-1,1
rnn_diverse_influence,5,/juice6/u/jshe/emergent_partner_grid/dev/eval_out/rnn_diverse_influence_seed5_train.h5,173,train,8,3,4,13,535,2000,train,24.289888,8.521851,-1,1
rnn_diverse_influence,5,/juice6/u/jshe/emergent_partner_grid/dev/eval_out/rnn_diverse_influence_seed5_train.h5,174,train,8,3,4,14,549,2000,test,22.570295,9.059777,-1,1
rnn_diverse_influence,5,/juice6/u/jshe/emergent_partner_grid/dev/eval_out/rnn_diverse_influence_seed5_train.h5,175,train,8,3,4,15,543,2000,test,24.187147,9.169302,-1,1
rnn_diverse_influence,5,/juice6/u/jshe/emergent_partner_grid/dev/eval_out/rnn_diverse_influence_seed5_train.h5,176,train,8,3,4,16,516,2000,train,23.45214,9.010763,-1,1
rnn_diverse_influence,5,/juice6/u/jshe/emergent_partner_grid/dev/eval_out/rnn_diverse_influence_seed5_train.h5,177,train,8,3,4,17,472,2000,train,23.237015,8.631746,-1,1
rnn_diverse_influence,5,/juice6/u/jshe/emergent_partner_grid/dev/eval_out/rnn_diverse_influence_seed5_train.h5,178,train,8,3,4,18,497,2000,train,25.191658,10.402142,-1,1
rnn_diverse_influence,5,/juice6/u/jshe/emergent_partner_grid/dev/eval_out/rnn_diverse_influence_seed5_train.h5,179,train,8,3,4,19,451,2000,train,24.168762,10.591105,-1,1
rnn_diverse_influence,5,/juice6/u/jshe/emergent_partner_grid/dev/eval_out/rnn_diverse_influence_seed5_test.h5,120,test,6,3,5,0,477,2000,train,24.202148,8.159141,-2,2
rnn_diverse_influence,5,/juice6/u/jshe/emergent_partner_grid/dev/eval_out/rnn_diverse_influence_seed5_test.h5,121,test,6,3,5,1,482,2000,test,19.936491,8.136004,-2,2
rnn_diverse_influence,5,/juice6/u/jshe/emergent_partner_grid/dev/eval_out/rnn_diverse_influence_seed5_test.h5,122,test,6,3,5,2,550,2000,train,23.982412,7.887989,-2,2
rnn_diverse_influence,5,/juice6/u/jshe/emergent_partner_grid/dev/eval_out/rnn_diverse_influence_seed5_test.h5,123,test,6,3,5,3,541,2000,train,23.515179,8.246193,-2,2
rnn_diverse_influence,5,/juice6/u/jshe/emergent_partner_grid/dev/eval_out/rnn_diverse_influence_seed5_test.h5,124,test,6,3,5,4,504,2000,train,24.394804,10.772028,-2,2
rnn_diverse_influence,5,/juice6/u/jshe/emergent_partner_grid/dev/eval_out/rnn_diverse_influence_seed5_test.h5,125,test,6,3,5,5,483,2000,train,22.850496,9.186615,-2,2
rnn_diverse_influence,5,/juice6/u/jshe/emergent_partner_grid/dev/eval_out/rnn_diverse_influence_seed5_test.h5,126,test,6,3,5,6,447,2000,train,25.127092,9.8462105,-2,2
rnn_diverse_influence,5,/juice6/u/jshe/emergent_partner_grid/dev/eval_out/rnn_diverse_influence_seed5_test.h5,127,test,6,3,5,7,421,2000,train,19.212788,7.460539,-2,2
rnn_diverse_influence,5,/juice6/u/jshe/emergent_partner_grid/dev/eval_out/rnn_diverse_influence_seed5_test.h5,128,test,6,3,5,8,465,2000,train,23.130432,7.630086,-2,2
rnn_diverse_influence,5,/juice6/u/jshe/emergent_partner_grid/dev/eval_out/rnn_diverse_influence_seed5_test.h5,129,test,6,3,5,9,505,2000,test,24.472519,9.583992,-2,2
rnn_diverse_influence,5,/juice6/u/jshe/emergent_partner_grid/dev/eval_out/rnn_diverse_influence_seed5_test.h5,130,test,6,3,5,10,546,2000,train,22.409447,8.055647,-2,2
rnn_diverse_influence,5,/juice6/u/jshe/emergent_partner_grid/dev/eval_out/rnn_diverse_influence_seed5_test.h5,131,test,6,3,5,11,488,2000,train,24.363749,8.104344,-2,2
rnn_diverse_influence,5,/juice6/u/jshe/emergent_partner_grid/dev/eval_out/rnn_diverse_influence_seed5_test.h5,132,test,6,3,5,12,502,2000,train,23.281288,8.782652,-2,2
rnn_diverse_influence,5,/juice6/u/jshe/emergent_partner_grid/dev/eval_out/rnn_diverse_influence_seed5_test.h5,133,test,6,3,5,13,472,2000,train,24.186867,8.676932,-2,2
rnn_diverse_influence,5,/juice6/u/jshe/emergent_partner_grid/dev/eval_out/rnn_diverse_influence_seed5_test.h5,134,test,6,3,5,14,507,2000,test,23.986464,10.717812,-2,2
rnn_diverse_influence,5,/juice6/u/jshe/emergent_partner_grid/dev/eval_out/rnn_diverse_influence_seed5_test.h5,135,test,6,3,5,15,506,2000,test,22.912586,7.644222,-2,2
rnn_diverse_influence,5,/juice6/u/jshe/emergent_partner_grid/dev/eval_out/rnn_diverse_influence_seed5_test.h5,136,test,6,3,5,16,517,2000,train,22.06285,8.983014,-2,2
rnn_diverse_influence,5,/juice6/u/jshe/emergent_partner_grid/dev/eval_out/rnn_diverse_influence_seed5_test.h5,137,test,6,3,5,17,467,2000,train,22.563295,7.963261,-2,2
rnn_diverse_influence,5,/juice6/u/jshe/emergent_partner_grid/dev/eval_out/rnn_diverse_influence_seed5_test.h5,138,test,6,3,5,18,476,2000,train,25.107176,10.752978,-2,2
rnn_diverse_influence,5,/juice6/u/jshe/emergent_partner_grid/dev/eval_out/rnn_diverse_influence_seed5_test.h5,139,test,6,3,5,19,559,2000,train,17.68521,9.915605,-2,2
rnn_diverse_influence,5,/juice6/u/jshe/emergent_partner_grid/dev/eval_out/rnn_diverse_influence_seed5_test.h5,140,test,7,3,6,0,485,2000,train,22.552551,7.9321637,-3,3
rnn_diverse_influence,5,/juice6/u/jshe/emergent_partner_grid/dev/eval_out/rnn_diverse_influence_seed5_test.h5,141,test,7,3,6,1,552,2000,test,23.844015,10.191081,-3,3
rnn_diverse_influence,5,/juice6/u/jshe/emergent_partner_grid/dev/eval_out/rnn_diverse_influence_seed5_test.h5,142,test,7,3,6,2,538,2000,train,22.671654,8.979611,-3,3
rnn_diverse_influence,5,/juice6/u/jshe/emergent_partner_grid/dev/eval_out/rnn_diverse_influence_seed5_test.h5,143,test,7,3,6,3,577,2000,train,23.204027,7.586954,-3,3
rnn_diverse_influence,5,/juice6/u/jshe/emergent_partner_grid/dev/eval_out/rnn_diverse_influence_seed5_test.h5,144,test,7,3,6,4,518,2000,train,25.3854,9.572889,-3,3
rnn_diverse_influence,5,/juice6/u/jshe/emergent_partner_grid/dev/eval_out/rnn_diverse_influence_seed5_test.h5,145,test,7,3,6,5,467,2000,train,23.252403,7.594528,-3,3
rnn_diverse_influence,5,/juice6/u/jshe/emergent_partner_grid/dev/eval_out/rnn_diverse_influence_seed5_test.h5,146,test,7,3,6,6,502,2000,train,23.705757,8.189658,-3,3
rnn_diverse_influence,5,/juice6/u/jshe/emergent_partner_grid/dev/eval_out/rnn_diverse_influence_seed5_test.h5,147,test,7,3,6,7,511,2000,train,25.193605,8.909852,-3,3
rnn_diverse_influence,5,/juice6/u/jshe/emergent_partner_grid/dev/eval_out/rnn_diverse_influence_seed5_test.h5,148,test,7,3,6,8,552,2000,train,24.789225,11.092886,-3,3
rnn_diverse_influence,5,/juice6/u/jshe/emergent_partner_grid/dev/eval_out/rnn_diverse_influence_seed5_test.h5,149,test,7,3,6,9,502,2000,test,22.892265,8.490709,-3,3
rnn_diverse_influence,5,/juice6/u/jshe/emergent_partner_grid/dev/eval_out/rnn_diverse_influence_seed5_test.h5,150,test,7,3,6,10,486,2000,train,23.927475,8.377882,-3,3
rnn_diverse_influence,5,/juice6/u/jshe/emergent_partner_grid/dev/eval_out/rnn_diverse_influence_seed5_test.h5,151,test,7,3,6,11,496,2000,train,23.939056,8.85422,-3,3
rnn_diverse_influence,5,/juice6/u/jshe/emergent_partner_grid/dev/eval_out/rnn_diverse_influence_seed5_test.h5,152,test,7,3,6,12,513,2000,train,24.83229,10.390239,-3,3
rnn_diverse_influence,5,/juice6/u/jshe/emergent_partner_grid/dev/eval_out/rnn_diverse_influence_seed5_test.h5,153,test,7,3,6,13,582,2000,train,24.578259,9.735472,-3,3
rnn_diverse_influence,5,/juice6/u/jshe/emergent_partner_grid/dev/eval_out/rnn_diverse_influence_seed5_test.h5,154,test,7,3,6,14,554,2000,test,24.388952,8.658129,-3,3
rnn_diverse_influence,5,/juice6/u/jshe/emergent_partner_grid/dev/eval_out/rnn_diverse_influence_seed5_test.h5,155,test,7,3,6,15,483,2000,test,21.92546,8.7454605,-3,3
rnn_diverse_influence,5,/juice6/u/jshe/emergent_partner_grid/dev/eval_out/rnn_diverse_influence_seed5_test.h5,156,test,7,3,6,16,484,2000,train,24.73875,8.868079,-3,3
rnn_diverse_influence,5,/juice6/u/jshe/emergent_partner_grid/dev/eval_out/rnn_diverse_influence_seed5_test.h5,157,test,7,3,6,17,549,2000,train,24.91256,9.609374,-3,3
rnn_diverse_influence,5,/juice6/u/jshe/emergent_partner_grid/dev/eval_out/rnn_diverse_influence_seed5_test.h5,158,test,7,3,6,18,534,2000,train,24.96183,10.318156,-3,3
rnn_diverse_influence,5,/juice6/u/jshe/emergent_partner_grid/dev/eval_out/rnn_diverse_influence_seed5_test.h5,159,test,7,3,6,19,464,2000,train,24.345448,10.6783495,-3,3
rnn_diverse_influence,5,/juice6/u/jshe/emergent_partner_grid/dev/eval_out/rnn_diverse_influence_seed5_train.h5,180,train,9,3,7,0,458,2000,train,20.917385,8.2337885,-4,4
rnn_diverse_influence,5,/juice6/u/jshe/emergent_partner_grid/dev/eval_out/rnn_diverse_influence_seed5_train.h5,181,train,9,3,7,1,495,2000,test,21.02997,8.04658,-4,4
rnn_diverse_influence,5,/juice6/u/jshe/emergent_partner_grid/dev/eval_out/rnn_diverse_influence_seed5_train.h5,182,train,9,3,7,2,511,2000,train,25.427437,10.663099,-4,4
rnn_diverse_influence,5,/juice6/u/jshe/emergent_partner_grid/dev/eval_out/rnn_diverse_influence_seed5_train.h5,183,train,9,3,7,3,428,2000,train,22.710508,8.560308,-4,4
rnn_diverse_influence,5,/juice6/u/jshe/emergent_partner_grid/dev/eval_out/rnn_diverse_influence_seed5_train.h5,184,train,9,3,7,4,486,2000,train,23.37454,8.812668,-4,4
rnn_diverse_influence,5,/juice6/u/jshe/emergent_partner_grid/dev/eval_out/rnn_diverse_influence_seed5_train.h5,185,train,9,3,7,5,492,2000,train,24.199326,10.168006,-4,4
rnn_diverse_influence,5,/juice6/u/jshe/emergent_partner_grid/dev/eval_out/rnn_diverse_influence_seed5_train.h5,186,train,9,3,7,6,545,2000,train,19.688702,8.467983,-4,4
rnn_diverse_influence,5,/juice6/u/jshe/emergent_partner_grid/dev/eval_out/rnn_diverse_influence_seed5_train.h5,187,train,9,3,7,7,530,2000,train,20.456474,7.7209487,-4,4
rnn_diverse_influence,5,/juice6/u/jshe/emergent_partner_grid/dev/eval_out/rnn_diverse_influence_seed5_train.h5,188,train,9,3,7,8,564,2000,train,23.846756,10.855375,-4,4
rnn_diverse_influence,5,/juice6/u/jshe/emergent_partner_grid/dev/eval_out/rnn_diverse_influence_seed5_train.h5,189,train,9,3,7,9,489,2000,test,23.979174,9.470988,-4,4
rnn_diverse_influence,5,/juice6/u/jshe/emergent_partner_grid/dev/eval_out/rnn_diverse_influence_seed5_train.h5,190,train,9,3,7,10,547,2000,train,21.821863,7.9717746,-4,4
rnn_diverse_influence,5,/juice6/u/jshe/emergent_partner_grid/dev/eval_out/rnn_diverse_influence_seed5_train.h5,191,train,9,3,7,11,540,2000,train,23.655937,8.451074,-4,4
rnn_diverse_influence,5,/juice6/u/jshe/emergent_partner_grid/dev/eval_out/rnn_diverse_influence_seed5_train.h5,192,train,9,3,7,12,480,2000,train,24.06192,8.797278,-4,4
rnn_diverse_influence,5,/juice6/u/jshe/emergent_partner_grid/dev/eval_out/rnn_diverse_influence_seed5_train.h5,193,train,9,3,7,13,512,2000,train,25.048405,8.992152,-4,4
rnn_diverse_influence,5,/juice6/u/jshe/emergent_partner_grid/dev/eval_out/rnn_diverse_influence_seed5_train.h5,194,train,9,3,7,14,538,2000,test,23.539663,9.081983,-4,4
rnn_diverse_influence,5,/juice6/u/jshe/emergent_partner_grid/dev/eval_out/rnn_diverse_influence_seed5_train.h5,195,train,9,3,7,15,527,2000,test,24.814417,10.206039,-4,4
rnn_diverse_influence,5,/juice6/u/jshe/emergent_partner_grid/dev/eval_out/rnn_diverse_influence_seed5_train.h5,196,train,9,3,7,16,464,2000,train,21.292873,8.330336,-4,4
rnn_diverse_influence,5,/juice6/u/jshe/emergent_partner_grid/dev/eval_out/rnn_diverse_influence_seed5_train.h5,197,train,9,3,7,17,515,2000,train,23.929623,10.317566,-4,4
rnn_diverse_influence,5,/juice6/u/jshe/emergent_partner_grid/dev/eval_out/rnn_diverse_influence_seed5_train.h5,198,train,9,3,7,18,457,2000,train,24.699965,10.086937,-4,4
rnn_diverse_influence,5,/juice6/u/jshe/emergent_partner_grid/dev/eval_out/rnn_diverse_influence_seed5_train.h5,199,train,9,3,7,19,543,2000,train,22.539646,8.327594,-4,4
rnn_diverse_influence,5,/juice6/u/jshe/emergent_partner_grid/dev/eval_out/rnn_diverse_influence_seed5_train.h5,200,train,10,3,8,0,544,2000,train,23.868734,8.649999,-5,5
rnn_diverse_influence,5,/juice6/u/jshe/emergent_partner_grid/dev/eval_out/rnn_diverse_influence_seed5_train.h5,201,train,10,3,8,1,515,2000,test,24.459023,8.779915,-5,5
rnn_diverse_influence,5,/juice6/u/jshe/emergent_partner_grid/dev/eval_out/rnn_diverse_influence_seed5_train.h5,202,train,10,3,8,2,482,2000,train,23.763842,9.932544,-5,5
rnn_diverse_influence,5,/juice6/u/jshe/emergent_partner_grid/dev/eval_out/rnn_diverse_influence_seed5_train.h5,203,train,10,3,8,3,521,2000,train,22.149292,8.168765,-5,5
rnn_diverse_influence,5,/juice6/u/jshe/emergent_partner_grid/dev/eval_out/rnn_diverse_influence_seed5_train.h5,204,train,10,3,8,4,562,2000,train,24.239492,9.016177,-5,5
rnn_diverse_influence,5,/juice6/u/jshe/emergent_partner_grid/dev/eval_out/rnn_diverse_influence_seed5_train.h5,205,train,10,3,8,5,503,2000,train,23.42915,7.646802,-5,5
rnn_diverse_influence,5,/juice6/u/jshe/emergent_partner_grid/dev/eval_out/rnn_diverse_influence_seed5_train.h5,206,train,10,3,8,6,557,2000,train,21.864946,7.5594325,-5,5
rnn_diverse_influence,5,/juice6/u/jshe/emergent_partner_grid/dev/eval_out/rnn_diverse_influence_seed5_train.h5,207,train,10,3,8,7,497,2000,train,24.112999,9.5664425,-5,5
rnn_diverse_influence,5,/juice6/u/jshe/emergent_partner_grid/dev/eval_out/rnn_diverse_influence_seed5_train.h5,208,train,10,3,8,8,506,2000,train,25.251762,9.095296,-5,5
rnn_diverse_influence,5,/juice6/u/jshe/emergent_partner_grid/dev/eval_out/rnn_diverse_influence_seed5_train.h5,209,train,10,3,8,9,506,2000,test,24.247913,11.023256,-5,5
rnn_diverse_influence,5,/juice6/u/jshe/emergent_partner_grid/dev/eval_out/rnn_diverse_influence_seed5_train.h5,210,train,10,3,8,10,529,2000,train,24.739643,9.9928055,-5,5
rnn_diverse_influence,5,/juice6/u/jshe/emergent_partner_grid/dev/eval_out/rnn_diverse_influence_seed5_train.h5,211,train,10,3,8,11,578,2000,train,23.189102,8.688919,-5,5
rnn_diverse_influence,5,/juice6/u/jshe/emergent_partner_grid/dev/eval_out/rnn_diverse_influence_seed5_train.h5,212,train,10,3,8,12,485,2000,train,22.173185,9.138113,-5,5
rnn_diverse_influence,5,/juice6/u/jshe/emergent_partner_grid/dev/eval_out/rnn_diverse_influence_seed5_train.h5,213,train,10,3,8,13,476,2000,train,23.145079,8.336572,-5,5
rnn_diverse_influence,5,/juice6/u/jshe/emergent_partner_grid/dev/eval_out/rnn_diverse_influence_seed5_train.h5,214,train,10,3,8,14,477,2000,test,23.721525,10.14401,-5,5
rnn_diverse_influence,5,/juice6/u/jshe/emergent_partner_grid/dev/eval_out/rnn_diverse_influence_seed5_train.h5,215,train,10,3,8,15,489,2000,test,24.903755,9.005938,-5,5
rnn_diverse_influence,5,/juice6/u/jshe/emergent_partner_grid/dev/eval_out/rnn_diverse_influence_seed5_train.h5,216,train,10,3,8,16,506,2000,train,24.772612,11.263449,-5,5
rnn_diverse_influence,5,/juice6/u/jshe/emergent_partner_grid/dev/eval_out/rnn_diverse_influence_seed5_train.h5,217,train,10,3,8,17,486,2000,train,23.011534,8.501821,-5,5
rnn_diverse_influence,5,/juice6/u/jshe/emergent_partner_grid/dev/eval_out/rnn_diverse_influence_seed5_train.h5,218,train,10,3,8,18,597,2000,train,25.15287,8.561679,-5,5
rnn_diverse_influence,5,/juice6/u/jshe/emergent_partner_grid/dev/eval_out/rnn_diverse_influence_seed5_train.h5,219,train,10,3,8,19,554,2000,train,24.3491,7.929287,-5,5
rnn_diverse_influence,5,/juice6/u/jshe/emergent_partner_grid/dev/eval_out/rnn_diverse_influence_seed5_train.h5,220,train,11,3,9,0,471,2000,train,23.373713,7.664943,-6,6
rnn_diverse_influence,5,/juice6/u/jshe/emergent_partner_grid/dev/eval_out/rnn_diverse_influence_seed5_train.h5,221,train,11,3,9,1,481,2000,test,23.773657,9.626207,-6,6
rnn_diverse_influence,5,/juice6/u/jshe/emergent_partner_grid/dev/eval_out/rnn_diverse_influence_seed5_train.h5,222,train,11,3,9,2,561,2000,train,24.677729,9.010222,-6,6
rnn_diverse_influence,5,/juice6/u/jshe/emergent_partner_grid/dev/eval_out/rnn_diverse_influence_seed5_train.h5,223,train,11,3,9,3,716,2000,train,25.454079,9.198738,-6,6
rnn_diverse_influence,5,/juice6/u/jshe/emergent_partner_grid/dev/eval_out/rnn_diverse_influence_seed5_train.h5,224,train,11,3,9,4,555,2000,train,21.004606,7.841004,-6,6
rnn_diverse_influence,5,/juice6/u/jshe/emergent_partner_grid/dev/eval_out/rnn_diverse_influence_seed5_train.h5,225,train,11,3,9,5,522,2000,train,20.216501,8.006767,-6,6
rnn_diverse_influence,5,/juice6/u/jshe/emergent_partner_grid/dev/eval_out/rnn_diverse_influence_seed5_train.h5,226,train,11,3,9,6,519,2000,train,25.265442,10.659217,-6,6
rnn_diverse_influence,5,/juice6/u/jshe/emergent_partner_grid/dev/eval_out/rnn_diverse_influence_seed5_train.h5,227,train,11,3,9,7,499,2000,train,22.589409,8.077995,-6,6
rnn_diverse_influence,5,/juice6/u/jshe/emergent_partner_grid/dev/eval_out/rnn_diverse_influence_seed5_train.h5,228,train,11,3,9,8,610,2000,train,24.145649,7.8548183,-6,6
rnn_diverse_influence,5,/juice6/u/jshe/emergent_partner_grid/dev/eval_out/rnn_diverse_influence_seed5_train.h5,229,train,11,3,9,9,605,2000,test,25.577007,9.61605,-6,6
rnn_diverse_influence,5,/juice6/u/jshe/emergent_partner_grid/dev/eval_out/rnn_diverse_influence_seed5_train.h5,230,train,11,3,9,10,579,2000,train,24.353956,8.100202,-6,6
rnn_diverse_influence,5,/juice6/u/jshe/emergent_partner_grid/dev/eval_out/rnn_diverse_influence_seed5_train.h5,231,train,11,3,9,11,535,2000,train,24.4827,10.312291,-6,6
rnn_diverse_influence,5,/juice6/u/jshe/emergent_partner_grid/dev/eval_out/rnn_diverse_influence_seed5_train.h5,232,train,11,3,9,12,470,2000,train,24.222698,8.6352825,-6,6
rnn_diverse_influence,5,/juice6/u/jshe/emergent_partner_grid/dev/eval_out/rnn_diverse_influence_seed5_train.h5,233,train,11,3,9,13,576,2000,train,22.194544,8.106697,-6,6
rnn_diverse_influence,5,/juice6/u/jshe/emergent_partner_grid/dev/eval_out/rnn_diverse_influence_seed5_train.h5,234,train,11,3,9,14,562,2000,test,23.896639,7.4995317,-6,6
rnn_diverse_influence,5,/juice6/u/jshe/emergent_partner_grid/dev/eval_out/rnn_diverse_influence_seed5_train.h5,235,train,11,3,9,15,495,2000,test,22.970257,7.6524563,-6,6
rnn_diverse_influence,5,/juice6/u/jshe/emergent_partner_grid/dev/eval_out/rnn_diverse_influence_seed5_train.h5,236,train,11,3,9,16,596,2000,train,24.552298,10.300734,-6,6
rnn_diverse_influence,5,/juice6/u/jshe/emergent_partner_grid/dev/eval_out/rnn_diverse_influence_seed5_train.h5,237,train,11,3,9,17,495,2000,train,24.87247,9.651502,-6,6
rnn_diverse_influence,5,/juice6/u/jshe/emergent_partner_grid/dev/eval_out/rnn_diverse_influence_seed5_train.h5,238,train,11,3,9,18,527,2000,train,23.218061,7.699576,-6,6
rnn_diverse_influence,5,/juice6/u/jshe/emergent_partner_grid/dev/eval_out/rnn_diverse_influence_seed5_train.h5,239,train,11,3,9,19,653,2000,train,24.168148,9.306202,-6,6
rnn_diverse_influence,5,/juice6/u/jshe/emergent_partner_grid/dev/eval_out/rnn_diverse_influence_seed5_train.h5,240,train,12,4,1,0,296,2000,train,15.192796,7.3164277,3,-3
rnn_diverse_influence,5,/juice6/u/jshe/emergent_partner_grid/dev/eval_out/rnn_diverse_influence_seed5_train.h5,241,train,12,4,1,1,273,2000,test,14.221137,7.1238914,3,-3
rnn_diverse_influence,5,/juice6/u/jshe/emergent_partner_grid/dev/eval_out/rnn_diverse_influence_seed5_train.h5,242,train,12,4,1,2,308,2000,train,14.559973,6.663406,3,-3
rnn_diverse_influence,5,/juice6/u/jshe/emergent_partner_grid/dev/eval_out/rnn_diverse_influence_seed5_train.h5,243,train,12,4,1,3,403,2000,train,15.4286375,8.824858,3,-3
rnn_diverse_influence,5,/juice6/u/jshe/emergent_partner_grid/dev/eval_out/rnn_diverse_influence_seed5_train.h5,244,train,12,4,1,4,277,2000,train,13.10309,7.6586266,3,-3
rnn_diverse_influence,5,/juice6/u/jshe/emergent_partner_grid/dev/eval_out/rnn_diverse_influence_seed5_train.h5,245,train,12,4,1,5,287,2000,train,15.836724,7.5891113,3,-3
rnn_diverse_influence,5,/juice6/u/jshe/emergent_partner_grid/dev/eval_out/rnn_diverse_influence_seed5_train.h5,246,train,12,4,1,6,287,2000,train,15.603406,5.7348647,3,-3
rnn_diverse_influence,5,/juice6/u/jshe/emergent_partner_grid/dev/eval_out/rnn_diverse_influence_seed5_train.h5,247,train,12,4,1,7,309,2000,train,14.753858,8.60812,3,-3
rnn_diverse_influence,5,/juice6/u/jshe/emergent_partner_grid/dev/eval_out/rnn_diverse_influence_seed5_train.h5,248,train,12,4,1,8,272,2000,train,15.678088,7.4097176,3,-3
rnn_diverse_influence,5,/juice6/u/jshe/emergent_partner_grid/dev/eval_out/rnn_diverse_influence_seed5_train.h5,249,train,12,4,1,9,302,2000,test,16.628922,8.243409,3,-3
rnn_diverse_influence,5,/juice6/u/jshe/emergent_partner_grid/dev/eval_out/rnn_diverse_influence_seed5_train.h5,250,train,12,4,1,10,331,2000,train,13.4292345,8.490059,3,-3
rnn_diverse_influence,5,/juice6/u/jshe/emergent_partner_grid/dev/eval_out/rnn_diverse_influence_seed5_train.h5,251,train,12,4,1,11,275,2000,train,14.921342,6.734877,3,-3
rnn_diverse_influence,5,/juice6/u/jshe/emergent_partner_grid/dev/eval_out/rnn_diverse_influence_seed5_train.h5,252,train,12,4,1,12,317,2000,train,14.424032,8.984343,3,-3
rnn_diverse_influence,5,/juice6/u/jshe/emergent_partner_grid/dev/eval_out/rnn_diverse_influence_seed5_train.h5,253,train,12,4,1,13,303,2000,train,14.190282,7.6499734,3,-3
rnn_diverse_influence,5,/juice6/u/jshe/emergent_partner_grid/dev/eval_out/rnn_diverse_influence_seed5_train.h5,254,train,12,4,1,14,281,2000,test,14.725089,6.713356,3,-3
rnn_diverse_influence,5,/juice6/u/jshe/emergent_partner_grid/dev/eval_out/rnn_diverse_influence_seed5_train.h5,255,train,12,4,1,15,304,2000,test,14.575048,6.7428045,3,-3
rnn_diverse_influence,5,/juice6/u/jshe/emergent_partner_grid/dev/eval_out/rnn_diverse_influence_seed5_train.h5,256,train,12,4,1,16,321,2000,train,14.389747,9.12425,3,-3
rnn_diverse_influence,5,/juice6/u/jshe/emergent_partner_grid/dev/eval_out/rnn_diverse_influence_seed5_train.h5,257,train,12,4,1,17,357,2000,train,17.050581,9.259887,3,-3
rnn_diverse_influence,5,/juice6/u/jshe/emergent_partner_grid/dev/eval_out/rnn_diverse_influence_seed5_train.h5,258,train,12,4,1,18,280,2000,train,13.119257,7.3336587,3,-3
rnn_diverse_influence,5,/juice6/u/jshe/emergent_partner_grid/dev/eval_out/rnn_diverse_influence_seed5_train.h5,259,train,12,4,1,19,290,2000,train,16.149685,6.3310633,3,-3
rnn_diverse_influence,5,/juice6/u/jshe/emergent_partner_grid/dev/eval_out/rnn_diverse_influence_seed5_train.h5,260,train,13,4,2,0,375,2000,train,15.926052,8.575387,2,-2
rnn_diverse_influence,5,/juice6/u/jshe/emergent_partner_grid/dev/eval_out/rnn_diverse_influence_seed5_train.h5,261,train,13,4,2,1,395,2000,test,17.540337,6.0190315,2,-2
rnn_diverse_influence,5,/juice6/u/jshe/emergent_partner_grid/dev/eval_out/rnn_diverse_influence_seed5_train.h5,262,train,13,4,2,2,402,2000,train,17.420328,6.047208,2,-2
rnn_diverse_influence,5,/juice6/u/jshe/emergent_partner_grid/dev/eval_out/rnn_diverse_influence_seed5_train.h5,263,train,13,4,2,3,445,2000,train,16.889013,9.180674,2,-2
rnn_diverse_influence,5,/juice6/u/jshe/emergent_partner_grid/dev/eval_out/rnn_diverse_influence_seed5_train.h5,264,train,13,4,2,4,404,2000,train,15.341253,9.150742,2,-2
rnn_diverse_influence,5,/juice6/u/jshe/emergent_partner_grid/dev/eval_out/rnn_diverse_influence_seed5_train.h5,265,train,13,4,2,5,393,2000,train,16.208252,5.960614,2,-2
rnn_diverse_influence,5,/juice6/u/jshe/emergent_partner_grid/dev/eval_out/rnn_diverse_influence_seed5_train.h5,266,train,13,4,2,6,415,2000,train,15.335038,6.296172,2,-2
rnn_diverse_influence,5,/juice6/u/jshe/emergent_partner_grid/dev/eval_out/rnn_diverse_influence_seed5_train.h5,267,train,13,4,2,7,392,2000,train,15.291987,6.25166,2,-2
rnn_diverse_influence,5,/juice6/u/jshe/emergent_partner_grid/dev/eval_out/rnn_diverse_influence_seed5_train.h5,268,train,13,4,2,8,360,2000,train,14.663317,5.131857,2,-2
rnn_diverse_influence,5,/juice6/u/jshe/emergent_partner_grid/dev/eval_out/rnn_diverse_influence_seed5_train.h5,269,train,13,4,2,9,404,2000,test,17.596725,8.824859,2,-2
rnn_diverse_influence,5,/juice6/u/jshe/emergent_partner_grid/dev/eval_out/rnn_diverse_influence_seed5_train.h5,270,train,13,4,2,10,430,2000,train,14.299386,8.635707,2,-2
rnn_diverse_influence,5,/juice6/u/jshe/emergent_partner_grid/dev/eval_out/rnn_diverse_influence_seed5_train.h5,271,train,13,4,2,11,389,2000,train,16.223297,10.281767,2,-2
rnn_diverse_influence,5,/juice6/u/jshe/emergent_partner_grid/dev/eval_out/rnn_diverse_influence_seed5_train.h5,272,train,13,4,2,12,366,2000,train,15.072445,8.124054,2,-2
rnn_diverse_influence,5,/juice6/u/jshe/emergent_partner_grid/dev/eval_out/rnn_diverse_influence_seed5_train.h5,273,train,13,4,2,13,389,2000,train,17.058437,6.193465,2,-2
rnn_diverse_influence,5,/juice6/u/jshe/emergent_partner_grid/dev/eval_out/rnn_diverse_influence_seed5_train.h5,274,train,13,4,2,14,481,2000,test,14.083667,8.57844,2,-2
rnn_diverse_influence,5,/juice6/u/jshe/emergent_partner_grid/dev/eval_out/rnn_diverse_influence_seed5_train.h5,275,train,13,4,2,15,416,2000,test,16.85808,5.8269343,2,-2
rnn_diverse_influence,5,/juice6/u/jshe/emergent_partner_grid/dev/eval_out/rnn_diverse_influence_seed5_train.h5,276,train,13,4,2,16,403,2000,train,17.35076,6.4221206,2,-2
rnn_diverse_influence,5,/juice6/u/jshe/emergent_partner_grid/dev/eval_out/rnn_diverse_influence_seed5_train.h5,277,train,13,4,2,17,387,2000,train,14.611916,7.1041574,2,-2
rnn_diverse_influence,5,/juice6/u/jshe/emergent_partner_grid/dev/eval_out/rnn_diverse_influence_seed5_train.h5,278,train,13,4,2,18,424,2000,train,15.428417,6.4262943,2,-2
rnn_diverse_influence,5,/juice6/u/jshe/emergent_partner_grid/dev/eval_out/rnn_diverse_influence_seed5_train.h5,279,train,13,4,2,19,391,2000,train,14.863639,9.112511,2,-2
rnn_diverse_influence,5,/juice6/u/jshe/emergent_partner_grid/dev/eval_out/rnn_diverse_influence_seed5_train.h5,280,train,14,4,3,0,479,2000,train,15.68234,5.2390122,1,-1
rnn_diverse_influence,5,/juice6/u/jshe/emergent_partner_grid/dev/eval_out/rnn_diverse_influence_seed5_train.h5,281,train,14,4,3,1,429,2000,test,18.213379,6.608558,1,-1
rnn_diverse_influence,5,/juice6/u/jshe/emergent_partner_grid/dev/eval_out/rnn_diverse_influence_seed5_train.h5,282,train,14,4,3,2,433,2000,train,16.888271,7.6058416,1,-1
rnn_diverse_influence,5,/juice6/u/jshe/emergent_partner_grid/dev/eval_out/rnn_diverse_influence_seed5_train.h5,283,train,14,4,3,3,444,2000,train,17.296162,6.7722535,1,-1
rnn_diverse_influence,5,/juice6/u/jshe/emergent_partner_grid/dev/eval_out/rnn_diverse_influence_seed5_train.h5,284,train,14,4,3,4,500,2000,train,15.569355,6.9000597,1,-1
rnn_diverse_influence,5,/juice6/u/jshe/emergent_partner_grid/dev/eval_out/rnn_diverse_influence_seed5_train.h5,285,train,14,4,3,5,412,2000,train,16.635752,7.720772,1,-1
rnn_diverse_influence,5,/juice6/u/jshe/emergent_partner_grid/dev/eval_out/rnn_diverse_influence_seed5_train.h5,286,train,14,4,3,6,542,2000,train,16.625319,8.820812,1,-1
rnn_diverse_influence,5,/juice6/u/jshe/emergent_partner_grid/dev/eval_out/rnn_diverse_influence_seed5_train.h5,287,train,14,4,3,7,445,2000,train,16.757664,7.8848815,1,-1
rnn_diverse_influence,5,/juice6/u/jshe/emergent_partner_grid/dev/eval_out/rnn_diverse_influence_seed5_train.h5,288,train,14,4,3,8,461,2000,train,18.375603,7.432662,1,-1
rnn_diverse_influence,5,/juice6/u/jshe/emergent_partner_grid/dev/eval_out/rnn_diverse_influence_seed5_train.h5,289,train,14,4,3,9,444,2000,test,15.681123,7.810671,1,-1
rnn_diverse_influence,5,/juice6/u/jshe/emergent_partner_grid/dev/eval_out/rnn_diverse_influence_seed5_train.h5,290,train,14,4,3,10,492,2000,train,24.92988,8.564855,1,-1
rnn_diverse_influence,5,/juice6/u/jshe/emergent_partner_grid/dev/eval_out/rnn_diverse_influence_seed5_train.h5,291,train,14,4,3,11,517,2000,train,16.436264,10.20273,1,-1
rnn_diverse_influence,5,/juice6/u/jshe/emergent_partner_grid/dev/eval_out/rnn_diverse_influence_seed5_train.h5,292,train,14,4,3,12,540,2000,train,16.275402,5.530316,1,-1
rnn_diverse_influence,5,/juice6/u/jshe/emergent_partner_grid/dev/eval_out/rnn_diverse_influence_seed5_train.h5,293,train,14,4,3,13,475,2000,train,18.11392,7.46895,1,-1
rnn_diverse_influence,5,/juice6/u/jshe/emergent_partner_grid/dev/eval_out/rnn_diverse_influence_seed5_train.h5,294,train,14,4,3,14,490,2000,test,16.065077,8.815718,1,-1
rnn_diverse_influence,5,/juice6/u/jshe/emergent_partner_grid/dev/eval_out/rnn_diverse_influence_seed5_train.h5,295,train,14,4,3,15,460,2000,test,16.892464,5.1750836,1,-1
rnn_diverse_influence,5,/juice6/u/jshe/emergent_partner_grid/dev/eval_out/rnn_diverse_influence_seed5_train.h5,296,train,14,4,3,16,501,2000,train,17.948711,5.4726324,1,-1
rnn_diverse_influence,5,/juice6/u/jshe/emergent_partner_grid/dev/eval_out/rnn_diverse_influence_seed5_train.h5,297,train,14,4,3,17,523,2000,train,16.921658,9.073627,1,-1
rnn_diverse_influence,5,/juice6/u/jshe/emergent_partner_grid/dev/eval_out/rnn_diverse_influence_seed5_train.h5,298,train,14,4,3,18,506,2000,train,15.632938,5.080688,1,-1
rnn_diverse_influence,5,/juice6/u/jshe/emergent_partner_grid/dev/eval_out/rnn_diverse_influence_seed5_train.h5,299,train,14,4,3,19,574,2000,train,14.956096,7.8664627,1,-1
rnn_diverse_influence,5,/juice6/u/jshe/emergent_partner_grid/dev/eval_out/rnn_diverse_influence_seed5_test.h5,220,test,11,5,0,0,302,2000,train,13.099037,6.123549,5,-5
rnn_diverse_influence,5,/juice6/u/jshe/emergent_partner_grid/dev/eval_out/rnn_diverse_influence_seed5_test.h5,221,test,11,5,0,1,222,2000,test,12.912049,7.171589,5,-5
rnn_diverse_influence,5,/juice6/u/jshe/emergent_partner_grid/dev/eval_out/rnn_diverse_influence_seed5_test.h5,222,test,11,5,0,2,276,2000,train,14.548891,6.3512974,5,-5
rnn_diverse_influence,5,/juice6/u/jshe/emergent_partner_grid/dev/eval_out/rnn_diverse_influence_seed5_test.h5,223,test,11,5,0,3,321,2000,train,12.531453,7.5707035,5,-5
rnn_diverse_influence,5,/juice6/u/jshe/emergent_partner_grid/dev/eval_out/rnn_diverse_influence_seed5_test.h5,224,test,11,5,0,4,253,2000,train,12.043354,6.4626355,5,-5
rnn_diverse_influence,5,/juice6/u/jshe/emergent_partner_grid/dev/eval_out/rnn_diverse_influence_seed5_test.h5,225,test,11,5,0,5,421,2000,train,13.996908,5.211371,5,-5
rnn_diverse_influence,5,/juice6/u/jshe/emergent_partner_grid/dev/eval_out/rnn_diverse_influence_seed5_test.h5,226,test,11,5,0,6,318,2000,train,12.41229,6.7110534,5,-5
rnn_diverse_influence,5,/juice6/u/jshe/emergent_partner_grid/dev/eval_out/rnn_diverse_influence_seed5_test.h5,227,test,11,5,0,7,215,2000,train,14.706981,7.2970653,5,-5
rnn_diverse_influence,5,/juice6/u/jshe/emergent_partner_grid/dev/eval_out/rnn_diverse_influence_seed5_test.h5,228,test,11,5,0,8,255,2000,train,13.858297,6.1904593,5,-5
rnn_diverse_influence,5,/juice6/u/jshe/emergent_partner_grid/dev/eval_out/rnn_diverse_influence_seed5_test.h5,229,test,11,5,0,9,211,2000,test,11.968851,7.1489425,5,-5
rnn_diverse_influence,5,/juice6/u/jshe/emergent_partner_grid/dev/eval_out/rnn_diverse_influence_seed5_test.h5,230,test,11,5,0,10,341,2000,train,13.112086,5.3645883,5,-5
rnn_diverse_influence,5,/juice6/u/jshe/emergent_partner_grid/dev/eval_out/rnn_diverse_influence_seed5_test.h5,231,test,11,5,0,11,314,2000,train,15.241695,6.378923,5,-5
rnn_diverse_influence,5,/juice6/u/jshe/emergent_partner_grid/dev/eval_out/rnn_diverse_influence_seed5_test.h5,232,test,11,5,0,12,209,2000,train,11.717485,7.1016545,5,-5
rnn_diverse_influence,5,/juice6/u/jshe/emergent_partner_grid/dev/eval_out/rnn_diverse_influence_seed5_test.h5,233,test,11,5,0,13,230,2000,train,13.827316,5.3515162,5,-5
rnn_diverse_influence,5,/juice6/u/jshe/emergent_partner_grid/dev/eval_out/rnn_diverse_influence_seed5_test.h5,234,test,11,5,0,14,211,2000,test,12.701785,7.672979,5,-5
rnn_diverse_influence,5,/juice6/u/jshe/emergent_partner_grid/dev/eval_out/rnn_diverse_influence_seed5_test.h5,235,test,11,5,0,15,259,2000,test,14.615387,8.904019,5,-5
rnn_diverse_influence,5,/juice6/u/jshe/emergent_partner_grid/dev/eval_out/rnn_diverse_influence_seed5_test.h5,236,test,11,5,0,16,208,2000,train,13.413104,7.1768503,5,-5
rnn_diverse_influence,5,/juice6/u/jshe/emergent_partner_grid/dev/eval_out/rnn_diverse_influence_seed5_test.h5,237,test,11,5,0,17,290,2000,train,12.262377,8.218932,5,-5
rnn_diverse_influence,5,/juice6/u/jshe/emergent_partner_grid/dev/eval_out/rnn_diverse_influence_seed5_test.h5,238,test,11,5,0,18,228,2000,train,12.113108,5.9226527,5,-5
rnn_diverse_influence,5,/juice6/u/jshe/emergent_partner_grid/dev/eval_out/rnn_diverse_influence_seed5_test.h5,239,test,11,5,0,19,362,2000,train,12.321851,7.020949,5,-5
rnn_diverse_influence,5,/juice6/u/jshe/emergent_partner_grid/dev/eval_out/rnn_diverse_influence_seed5_test.h5,240,test,12,5,1,0,302,2000,train,14.662968,7.528613,4,-4
rnn_diverse_influence,5,/juice6/u/jshe/emergent_partner_grid/dev/eval_out/rnn_diverse_influence_seed5_test.h5,241,test,12,5,1,1,396,2000,test,14.173375,8.568436,4,-4
rnn_diverse_influence,5,/juice6/u/jshe/emergent_partner_grid/dev/eval_out/rnn_diverse_influence_seed5_test.h5,242,test,12,5,1,2,294,2000,train,16.022387,7.1406293,4,-4
rnn_diverse_influence,5,/juice6/u/jshe/emergent_partner_grid/dev/eval_out/rnn_diverse_influence_seed5_test.h5,243,test,12,5,1,3,295,2000,train,14.149699,6.5509334,4,-4
rnn_diverse_influence,5,/juice6/u/jshe/emergent_partner_grid/dev/eval_out/rnn_diverse_influence_seed5_test.h5,244,test,12,5,1,4,308,2000,train,17.082962,8.985904,4,-4
rnn_diverse_influence,5,/juice6/u/jshe/emergent_partner_grid/dev/eval_out/rnn_diverse_influence_seed5_test.h5,245,test,12,5,1,5,273,2000,train,14.033469,6.0692587,4,-4
rnn_diverse_influence,5,/juice6/u/jshe/emergent_partner_grid/dev/eval_out/rnn_diverse_influence_seed5_test.h5,246,test,12,5,1,6,320,2000,train,14.310152,8.254422,4,-4
rnn_diverse_influence,5,/juice6/u/jshe/emergent_partner_grid/dev/eval_out/rnn_diverse_influence_seed5_test.h5,247,test,12,5,1,7,333,2000,train,16.102428,9.99296,4,-4
rnn_diverse_influence,5,/juice6/u/jshe/emergent_partner_grid/dev/eval_out/rnn_diverse_influence_seed5_test.h5,248,test,12,5,1,8,328,2000,train,15.330112,8.535979,4,-4
rnn_diverse_influence,5,/juice6/u/jshe/emergent_partner_grid/dev/eval_out/rnn_diverse_influence_seed5_test.h5,249,test,12,5,1,9,397,2000,test,14.04676,8.914227,4,-4
rnn_diverse_influence,5,/juice6/u/jshe/emergent_partner_grid/dev/eval_out/rnn_diverse_influence_seed5_test.h5,250,test,12,5,1,10,322,2000,train,18.229944,7.735792,4,-4
rnn_diverse_influence,5,/juice6/u/jshe/emergent_partner_grid/dev/eval_out/rnn_diverse_influence_seed5_test.h5,251,test,12,5,1,11,282,2000,train,15.539444,7.4189024,4,-4
rnn_diverse_influence,5,/juice6/u/jshe/emergent_partner_grid/dev/eval_out/rnn_diverse_influence_seed5_test.h5,252,test,12,5,1,12,289,2000,train,16.297348,9.710813,4,-4
rnn_diverse_influence,5,/juice6/u/jshe/emergent_partner_grid/dev/eval_out/rnn_diverse_influence_seed5_test.h5,253,test,12,5,1,13,339,2000,train,17.564102,8.487321,4,-4
rnn_diverse_influence,5,/juice6/u/jshe/emergent_partner_grid/dev/eval_out/rnn_diverse_influence_seed5_test.h5,254,test,12,5,1,14,323,2000,test,13.8166275,8.33782,4,-4
rnn_diverse_influence,5,/juice6/u/jshe/emergent_partner_grid/dev/eval_out/rnn_diverse_influence_seed5_test.h5,255,test,12,5,1,15,332,2000,test,14.090851,9.805741,4,-4
rnn_diverse_influence,5,/juice6/u/jshe/emergent_partner_grid/dev/eval_out/rnn_diverse_influence_seed5_test.h5,256,test,12,5,1,16,283,2000,train,14.412134,5.143867,4,-4
rnn_diverse_influence,5,/juice6/u/jshe/emergent_partner_grid/dev/eval_out/rnn_diverse_influence_seed5_test.h5,257,test,12,5,1,17,304,2000,train,15.005834,9.027032,4,-4
rnn_diverse_influence,5,/juice6/u/jshe/emergent_partner_grid/dev/eval_out/rnn_diverse_influence_seed5_test.h5,258,test,12,5,1,18,318,2000,train,15.713361,5.8490376,4,-4
rnn_diverse_influence,5,/juice6/u/jshe/emergent_partner_grid/dev/eval_out/rnn_diverse_influence_seed5_test.h5,259,test,12,5,1,19,313,2000,train,14.692691,8.299661,4,-4
rnn_diverse_influence,5,/juice6/u/jshe/emergent_partner_grid/dev/eval_out/rnn_diverse_influence_seed5_test.h5,260,test,13,5,2,0,398,2000,train,16.62625,5.55058,3,-3
rnn_diverse_influence,5,/juice6/u/jshe/emergent_partner_grid/dev/eval_out/rnn_diverse_influence_seed5_test.h5,261,test,13,5,2,1,341,2000,test,17.57795,8.366851,3,-3
rnn_diverse_influence,5,/juice6/u/jshe/emergent_partner_grid/dev/eval_out/rnn_diverse_influence_seed5_test.h5,262,test,13,5,2,2,403,2000,train,17.105583,7.4950967,3,-3
rnn_diverse_influence,5,/juice6/u/jshe/emergent_partner_grid/dev/eval_out/rnn_diverse_influence_seed5_test.h5,263,test,13,5,2,3,372,2000,train,14.936557,8.160694,3,-3
rnn_diverse_influence,5,/juice6/u/jshe/emergent_partner_grid/dev/eval_out/rnn_diverse_influence_seed5_test.h5,264,test,13,5,2,4,386,2000,train,16.747936,9.849254,3,-3
rnn_diverse_influence,5,/juice6/u/jshe/emergent_partner_grid/dev/eval_out/rnn_diverse_influence_seed5_test.h5,265,test,13,5,2,5,417,2000,train,16.601446,8.353079,3,-3
rnn_diverse_influence,5,/juice6/u/jshe/emergent_partner_grid/dev/eval_out/rnn_diverse_influence_seed5_test.h5,266,test,13,5,2,6,350,2000,train,17.176702,6.6925683,3,-3
rnn_diverse_influence,5,/juice6/u/jshe/emergent_partner_grid/dev/eval_out/rnn_diverse_influence_seed5_test.h5,267,test,13,5,2,7,403,2000,train,14.951397,8.674121,3,-3
rnn_diverse_influence,5,/juice6/u/jshe/emergent_partner_grid/dev/eval_out/rnn_diverse_influence_seed5_test.h5,268,test,13,5,2,8,384,2000,train,16.396935,8.266372,3,-3
rnn_diverse_influence,5,/juice6/u/jshe/emergent_partner_grid/dev/eval_out/rnn_diverse_influence_seed5_test.h5,269,test,13,5,2,9,403,2000,test,15.238686,8.5225115,3,-3
rnn_diverse_influence,5,/juice6/u/jshe/emergent_partner_grid/dev/eval_out/rnn_diverse_influence_seed5_test.h5,270,test,13,5,2,10,391,2000,train,17.74777,6.6678004,3,-3
rnn_diverse_influence,5,/juice6/u/jshe/emergent_partner_grid/dev/eval_out/rnn_diverse_influence_seed5_test.h5,271,test,13,5,2,11,404,2000,train,15.533304,6.8144264,3,-3
rnn_diverse_influence,5,/juice6/u/jshe/emergent_partner_grid/dev/eval_out/rnn_diverse_influence_seed5_test.h5,272,test,13,5,2,12,367,2000,train,16.394876,9.355546,3,-3
rnn_diverse_influence,5,/juice6/u/jshe/emergent_partner_grid/dev/eval_out/rnn_diverse_influence_seed5_test.h5,273,test,13,5,2,13,418,2000,train,15.600072,6.6771073,3,-3
rnn_diverse_influence,5,/juice6/u/jshe/emergent_partner_grid/dev/eval_out/rnn_diverse_influence_seed5_test.h5,274,test,13,5,2,14,375,2000,test,14.604459,9.427387,3,-3
rnn_diverse_influence,5,/juice6/u/jshe/emergent_partner_grid/dev/eval_out/rnn_diverse_influence_seed5_test.h5,275,test,13,5,2,15,356,2000,test,17.07409,4.829595,3,-3
rnn_diverse_influence,5,/juice6/u/jshe/emergent_partner_grid/dev/eval_out/rnn_diverse_influence_seed5_test.h5,276,test,13,5,2,16,460,2000,train,16.46414,6.899431,3,-3
rnn_diverse_influence,5,/juice6/u/jshe/emergent_partner_grid/dev/eval_out/rnn_diverse_influence_seed5_test.h5,277,test,13,5,2,17,498,2000,train,15.075822,4.458749,3,-3
rnn_diverse_influence,5,/juice6/u/jshe/emergent_partner_grid/dev/eval_out/rnn_diverse_influence_seed5_test.h5,278,test,13,5,2,18,399,2000,train,15.178795,4.7727695,3,-3
rnn_diverse_influence,5,/juice6/u/jshe/emergent_partner_grid/dev/eval_out/rnn_diverse_influence_seed5_test.h5,279,test,13,5,2,19,420,2000,train,14.494357,9.003738,3,-3
rnn_diverse_influence,5,/juice6/u/jshe/emergent_partner_grid/dev/eval_out/rnn_diverse_influence_seed5_test.h5,280,test,14,5,3,0,573,2000,train,16.769861,7.2342863,2,-2
rnn_diverse_influence,5,/juice6/u/jshe/emergent_partner_grid/dev/eval_out/rnn_diverse_influence_seed5_test.h5,281,test,14,5,3,1,440,2000,test,18.018951,6.371873,2,-2
rnn_diverse_influence,5,/juice6/u/jshe/emergent_partner_grid/dev/eval_out/rnn_diverse_influence_seed5_test.h5,282,test,14,5,3,2,517,2000,train,15.745145,7.1477246,2,-2
rnn_diverse_influence,5,/juice6/u/jshe/emergent_partner_grid/dev/eval_out/rnn_diverse_influence_seed5_test.h5,283,test,14,5,3,3,521,2000,train,15.774626,8.5321665,2,-2
rnn_diverse_influence,5,/juice6/u/jshe/emergent_partner_grid/dev/eval_out/rnn_diverse_influence_seed5_test.h5,284,test,14,5,3,4,480,2000,train,18.428429,7.8574834,2,-2
rnn_diverse_influence,5,/juice6/u/jshe/emergent_partner_grid/dev/eval_out/rnn_diverse_influence_seed5_test.h5,285,test,14,5,3,5,521,2000,train,21.258778,9.44819,2,-2
rnn_diverse_influence,5,/juice6/u/jshe/emergent_partner_grid/dev/eval_out/rnn_diverse_influence_seed5_test.h5,286,test,14,5,3,6,440,2000,train,18.02087,7.1004143,2,-2
rnn_diverse_influence,5,/juice6/u/jshe/emergent_partner_grid/dev/eval_out/rnn_diverse_influence_seed5_test.h5,287,test,14,5,3,7,483,2000,train,18.503704,6.490565,2,-2
rnn_diverse_influence,5,/juice6/u/jshe/emergent_partner_grid/dev/eval_out/rnn_diverse_influence_seed5_test.h5,288,test,14,5,3,8,501,2000,train,17.815886,7.616024,2,-2
rnn_diverse_influence,5,/juice6/u/jshe/emergent_partner_grid/dev/eval_out/rnn_diverse_influence_seed5_test.h5,289,test,14,5,3,9,446,2000,test,16.698362,6.260822,2,-2
rnn_diverse_influence,5,/juice6/u/jshe/emergent_partner_grid/dev/eval_out/rnn_diverse_influence_seed5_test.h5,290,test,14,5,3,10,519,2000,train,18.30956,6.46847,2,-2
rnn_diverse_influence,5,/juice6/u/jshe/emergent_partner_grid/dev/eval_out/rnn_diverse_influence_seed5_test.h5,291,test,14,5,3,11,462,2000,train,18.092915,8.1711855,2,-2
rnn_diverse_influence,5,/juice6/u/jshe/emergent_partner_grid/dev/eval_out/rnn_diverse_influence_seed5_test.h5,292,test,14,5,3,12,451,2000,train,17.655684,6.8140364,2,-2
rnn_diverse_influence,5,/juice6/u/jshe/emergent_partner_grid/dev/eval_out/rnn_diverse_influence_seed5_test.h5,293,test,14,5,3,13,545,2000,train,16.558891,4.8318496,2,-2
rnn_diverse_influence,5,/juice6/u/jshe/emergent_partner_grid/dev/eval_out/rnn_diverse_influence_seed5_test.h5,294,test,14,5,3,14,573,2000,test,16.685776,5.81783,2,-2
rnn_diverse_influence,5,/juice6/u/jshe/emergent_partner_grid/dev/eval_out/rnn_diverse_influence_seed5_test.h5,295,test,14,5,3,15,509,2000,test,16.256187,8.051116,2,-2
rnn_diverse_influence,5,/juice6/u/jshe/emergent_partner_grid/dev/eval_out/rnn_diverse_influence_seed5_test.h5,296,test,14,5,3,16,592,2000,train,15.045538,7.964681,2,-2
rnn_diverse_influence,5,/juice6/u/jshe/emergent_partner_grid/dev/eval_out/rnn_diverse_influence_seed5_test.h5,297,test,14,5,3,17,490,2000,train,17.422937,5.3153152,2,-2
rnn_diverse_influence,5,/juice6/u/jshe/emergent_partner_grid/dev/eval_out/rnn_diverse_influence_seed5_test.h5,298,test,14,5,3,18,472,2000,train,17.475407,8.771563,2,-2
rnn_diverse_influence,5,/juice6/u/jshe/emergent_partner_grid/dev/eval_out/rnn_diverse_influence_seed5_test.h5,299,test,14,5,3,19,530,2000,train,17.043839,5.3602777,2,-2
rnn_diverse_influence,5,/juice6/u/jshe/emergent_partner_grid/dev/eval_out/rnn_diverse_influence_seed5_test.h5,300,test,15,6,0,0,227,2000,train,13.386046,8.989065,6,-6
rnn_diverse_influence,5,/juice6/u/jshe/emergent_partner_grid/dev/eval_out/rnn_diverse_influence_seed5_test.h5,301,test,15,6,0,1,287,2000,test,13.298396,6.908321,6,-6
rnn_diverse_influence,5,/juice6/u/jshe/emergent_partner_grid/dev/eval_out/rnn_diverse_influence_seed5_test.h5,302,test,15,6,0,2,205,2000,train,13.587917,7.479862,6,-6
rnn_diverse_influence,5,/juice6/u/jshe/emergent_partner_grid/dev/eval_out/rnn_diverse_influence_seed5_test.h5,303,test,15,6,0,3,307,2000,train,13.361648,6.6735587,6,-6
rnn_diverse_influence,5,/juice6/u/jshe/emergent_partner_grid/dev/eval_out/rnn_diverse_influence_seed5_test.h5,304,test,15,6,0,4,244,2000,train,13.243602,5.083414,6,-6
rnn_diverse_influence,5,/juice6/u/jshe/emergent_partner_grid/dev/eval_out/rnn_diverse_influence_seed5_test.h5,305,test,15,6,0,5,261,2000,train,12.206843,5.6567,6,-6
rnn_diverse_influence,5,/juice6/u/jshe/emergent_partner_grid/dev/eval_out/rnn_diverse_influence_seed5_test.h5,306,test,15,6,0,6,208,2000,train,12.511817,6.7458444,6,-6
rnn_diverse_influence,5,/juice6/u/jshe/emergent_partner_grid/dev/eval_out/rnn_diverse_influence_seed5_test.h5,307,test,15,6,0,7,279,2000,train,12.314703,8.034919,6,-6
rnn_diverse_influence,5,/juice6/u/jshe/emergent_partner_grid/dev/eval_out/rnn_diverse_influence_seed5_test.h5,308,test,15,6,0,8,220,2000,train,12.084756,6.1137977,6,-6
rnn_diverse_influence,5,/juice6/u/jshe/emergent_partner_grid/dev/eval_out/rnn_diverse_influence_seed5_test.h5,309,test,15,6,0,9,221,2000,test,11.950942,6.760637,6,-6
rnn_diverse_influence,5,/juice6/u/jshe/emergent_partner_grid/dev/eval_out/rnn_diverse_influence_seed5_test.h5,310,test,15,6,0,10,243,2000,train,14.255618,8.715875,6,-6
rnn_diverse_influence,5,/juice6/u/jshe/emergent_partner_grid/dev/eval_out/rnn_diverse_influence_seed5_test.h5,311,test,15,6,0,11,438,2000,train,14.368775,5.8588147,6,-6
rnn_diverse_influence,5,/juice6/u/jshe/emergent_partner_grid/dev/eval_out/rnn_diverse_influence_seed5_test.h5,312,test,15,6,0,12,416,2000,train,12.581401,6.1598325,6,-6
rnn_diverse_influence,5,/juice6/u/jshe/emergent_partner_grid/dev/eval_out/rnn_diverse_influence_seed5_test.h5,313,test,15,6,0,13,250,2000,train,16.208355,8.478035,6,-6
rnn_diverse_influence,5,/juice6/u/jshe/emergent_partner_grid/dev/eval_out/rnn_diverse_influence_seed5_test.h5,314,test,15,6,0,14,322,2000,test,15.280625,4.971369,6,-6
rnn_diverse_influence,5,/juice6/u/jshe/emergent_partner_grid/dev/eval_out/rnn_diverse_influence_seed5_test.h5,315,test,15,6,0,15,205,2000,test,12.30037,7.20221,6,-6
rnn_diverse_influence,5,/juice6/u/jshe/emergent_partner_grid/dev/eval_out/rnn_diverse_influence_seed5_test.h5,316,test,15,6,0,16,249,2000,train,11.661805,6.559476,6,-6
rnn_diverse_influence,5,/juice6/u/jshe/emergent_partner_grid/dev/eval_out/rnn_diverse_influence_seed5_test.h5,317,test,15,6,0,17,434,2000,train,14.046042,5.6116767,6,-6
rnn_diverse_influence,5,/juice6/u/jshe/emergent_partner_grid/dev/eval_out/rnn_diverse_influence_seed5_test.h5,318,test,15,6,0,18,282,2000,train,15.078184,7.931258,6,-6
rnn_diverse_influence,5,/juice6/u/jshe/emergent_partner_grid/dev/eval_out/rnn_diverse_influence_seed5_test.h5,319,test,15,6,0,19,369,2000,train,13.179465,7.599473,6,-6
rnn_diverse_influence,5,/juice6/u/jshe/emergent_partner_grid/dev/eval_out/rnn_diverse_influence_seed5_test.h5,320,test,16,6,1,0,302,2000,train,16.116516,5.0295653,5,-5
rnn_diverse_influence,5,/juice6/u/jshe/emergent_partner_grid/dev/eval_out/rnn_diverse_influence_seed5_test.h5,321,test,16,6,1,1,329,2000,test,13.049876,8.722729,5,-5
rnn_diverse_influence,5,/juice6/u/jshe/emergent_partner_grid/dev/eval_out/rnn_diverse_influence_seed5_test.h5,322,test,16,6,1,2,305,2000,train,14.158455,6.4709954,5,-5
rnn_diverse_influence,5,/juice6/u/jshe/emergent_partner_grid/dev/eval_out/rnn_diverse_influence_seed5_test.h5,323,test,16,6,1,3,396,2000,train,14.964649,5.674125,5,-5
rnn_diverse_influence,5,/juice6/u/jshe/emergent_partner_grid/dev/eval_out/rnn_diverse_influence_seed5_test.h5,324,test,16,6,1,4,324,2000,train,17.109358,8.024358,5,-5
rnn_diverse_influence,5,/juice6/u/jshe/emergent_partner_grid/dev/eval_out/rnn_diverse_influence_seed5_test.h5,325,test,16,6,1,5,334,2000,train,14.287823,5.634486,5,-5
rnn_diverse_influence,5,/juice6/u/jshe/emergent_partner_grid/dev/eval_out/rnn_diverse_influence_seed5_test.h5,326,test,16,6,1,6,276,2000,train,16.088728,8.357396,5,-5
rnn_diverse_influence,5,/juice6/u/jshe/emergent_partner_grid/dev/eval_out/rnn_diverse_influence_seed5_test.h5,327,test,16,6,1,7,351,2000,train,14.959052,6.73244,5,-5
rnn_diverse_influence,5,/juice6/u/jshe/emergent_partner_grid/dev/eval_out/rnn_diverse_influence_seed5_test.h5,328,test,16,6,1,8,373,2000,train,15.331639,9.694167,5,-5
rnn_diverse_influence,5,/juice6/u/jshe/emergent_partner_grid/dev/eval_out/rnn_diverse_influence_seed5_test.h5,329,test,16,6,1,9,325,2000,test,16.081528,9.664664,5,-5
rnn_diverse_influence,5,/juice6/u/jshe/emergent_partner_grid/dev/eval_out/rnn_diverse_influence_seed5_test.h5,330,test,16,6,1,10,362,2000,train,15.387693,6.8315654,5,-5
rnn_diverse_influence,5,/juice6/u/jshe/emergent_partner_grid/dev/eval_out/rnn_diverse_influence_seed5_test.h5,331,test,16,6,1,11,341,2000,train,16.42501,8.6785145,5,-5
rnn_diverse_influence,5,/juice6/u/jshe/emergent_partner_grid/dev/eval_out/rnn_diverse_influence_seed5_test.h5,332,test,16,6,1,12,350,2000,train,17.826075,7.6918435,5,-5
rnn_diverse_influence,5,/juice6/u/jshe/emergent_partner_grid/dev/eval_out/rnn_diverse_influence_seed5_test.h5,333,test,16,6,1,13,280,2000,train,15.189645,7.1048293,5,-5
rnn_diverse_influence,5,/juice6/u/jshe/emergent_partner_grid/dev/eval_out/rnn_diverse_influence_seed5_test.h5,334,test,16,6,1,14,331,2000,test,15.147502,10.107534,5,-5
rnn_diverse_influence,5,/juice6/u/jshe/emergent_partner_grid/dev/eval_out/rnn_diverse_influence_seed5_test.h5,335,test,16,6,1,15,327,2000,test,14.132159,6.469464,5,-5
rnn_diverse_influence,5,/juice6/u/jshe/emergent_partner_grid/dev/eval_out/rnn_diverse_influence_seed5_test.h5,336,test,16,6,1,16,322,2000,train,15.046846,8.371884,5,-5
rnn_diverse_influence,5,/juice6/u/jshe/emergent_partner_grid/dev/eval_out/rnn_diverse_influence_seed5_test.h5,337,test,16,6,1,17,272,2000,train,16.382093,7.346877,5,-5
rnn_diverse_influence,5,/juice6/u/jshe/emergent_partner_grid/dev/eval_out/rnn_diverse_influence_seed5_test.h5,338,test,16,6,1,18,333,2000,train,13.64914,8.794158,5,-5
rnn_diverse_influence,5,/juice6/u/jshe/emergent_partner_grid/dev/eval_out/rnn_diverse_influence_seed5_test.h5,339,test,16,6,1,19,357,2000,train,17.43779,8.396403,5,-5
rnn_diverse_influence,5,/juice6/u/jshe/emergent_partner_grid/dev/eval_out/rnn_diverse_influence_seed5_test.h5,340,test,17,6,2,0,381,2000,train,14.066021,7.559402,4,-4
rnn_diverse_influence,5,/juice6/u/jshe/emergent_partner_grid/dev/eval_out/rnn_diverse_influence_seed5_test.h5,341,test,17,6,2,1,455,2000,test,14.874737,5.7383447,4,-4
rnn_diverse_influence,5,/juice6/u/jshe/emergent_partner_grid/dev/eval_out/rnn_diverse_influence_seed5_test.h5,342,test,17,6,2,2,383,2000,train,16.825165,9.591287,4,-4
rnn_diverse_influence,5,/juice6/u/jshe/emergent_partner_grid/dev/eval_out/rnn_diverse_influence_seed5_test.h5,343,test,17,6,2,3,345,2000,train,14.549669,7.556209,4,-4
rnn_diverse_influence,5,/juice6/u/jshe/emergent_partner_grid/dev/eval_out/rnn_diverse_influence_seed5_test.h5,344,test,17,6,2,4,444,2000,train,15.6744,8.335552,4,-4
rnn_diverse_influence,5,/juice6/u/jshe/emergent_partner_grid/dev/eval_out/rnn_diverse_influence_seed5_test.h5,345,test,17,6,2,5,481,2000,train,16.010973,9.399306,4,-4
rnn_diverse_influence,5,/juice6/u/jshe/emergent_partner_grid/dev/eval_out/rnn_diverse_influence_seed5_test.h5,346,test,17,6,2,6,341,2000,train,15.253546,9.692004,4,-4
rnn_diverse_influence,5,/juice6/u/jshe/emergent_partner_grid/dev/eval_out/rnn_diverse_influence_seed5_test.h5,347,test,17,6,2,7,388,2000,train,15.852271,8.250991,4,-4
rnn_diverse_influence,5,/juice6/u/jshe/emergent_partner_grid/dev/eval_out/rnn_diverse_influence_seed5_test.h5,348,test,17,6,2,8,376,2000,train,17.791183,8.930825,4,-4
rnn_diverse_influence,5,/juice6/u/jshe/emergent_partner_grid/dev/eval_out/rnn_diverse_influence_seed5_test.h5,349,test,17,6,2,9,380,2000,test,15.433833,9.123256,4,-4
rnn_diverse_influence,5,/juice6/u/jshe/emergent_partner_grid/dev/eval_out/rnn_diverse_influence_seed5_test.h5,350,test,17,6,2,10,332,2000,train,14.9575205,7.184524,4,-4
rnn_diverse_influence,5,/juice6/u/jshe/emergent_partner_grid/dev/eval_out/rnn_diverse_influence_seed5_test.h5,351,test,17,6,2,11,429,2000,train,14.57658,7.3569117,4,-4
rnn_diverse_influence,5,/juice6/u/jshe/emergent_partner_grid/dev/eval_out/rnn_diverse_influence_seed5_test.h5,352,test,17,6,2,12,382,2000,train,15.857472,5.4711185,4,-4
rnn_diverse_influence,5,/juice6/u/jshe/emergent_partner_grid/dev/eval_out/rnn_diverse_influence_seed5_test.h5,353,test,17,6,2,13,387,2000,train,16.206823,6.270599,4,-4
rnn_diverse_influence,5,/juice6/u/jshe/emergent_partner_grid/dev/eval_out/rnn_diverse_influence_seed5_test.h5,354,test,17,6,2,14,402,2000,test,18.593039,6.510058,4,-4
rnn_diverse_influence,5,/juice6/u/jshe/emergent_partner_grid/dev/eval_out/rnn_diverse_influence_seed5_test.h5,355,test,17,6,2,15,424,2000,test,16.606455,8.735913,4,-4
rnn_diverse_influence,5,/juice6/u/jshe/emergent_partner_grid/dev/eval_out/rnn_diverse_influence_seed5_test.h5,356,test,17,6,2,16,427,2000,train,16.32001,5.8226175,4,-4
rnn_diverse_influence,5,/juice6/u/jshe/emergent_partner_grid/dev/eval_out/rnn_diverse_influence_seed5_test.h5,357,test,17,6,2,17,383,2000,train,14.749656,4.446695,4,-4
rnn_diverse_influence,5,/juice6/u/jshe/emergent_partner_grid/dev/eval_out/rnn_diverse_influence_seed5_test.h5,358,test,17,6,2,18,388,2000,train,15.411057,5.3124,4,-4
rnn_diverse_influence,5,/juice6/u/jshe/emergent_partner_grid/dev/eval_out/rnn_diverse_influence_seed5_test.h5,359,test,17,6,2,19,373,2000,train,16.366598,9.540712,4,-4
rnn_diverse_influence,5,/juice6/u/jshe/emergent_partner_grid/dev/eval_out/rnn_diverse_influence_seed5_test.h5,360,test,18,6,3,0,469,2000,train,16.675661,6.058419,3,-3
rnn_diverse_influence,5,/juice6/u/jshe/emergent_partner_grid/dev/eval_out/rnn_diverse_influence_seed5_test.h5,361,test,18,6,3,1,470,2000,test,18.123323,8.2694435,3,-3
rnn_diverse_influence,5,/juice6/u/jshe/emergent_partner_grid/dev/eval_out/rnn_diverse_influence_seed5_test.h5,362,test,18,6,3,2,529,2000,train,17.14173,5.1076536,3,-3
rnn_diverse_influence,5,/juice6/u/jshe/emergent_partner_grid/dev/eval_out/rnn_diverse_influence_seed5_test.h5,363,test,18,6,3,3,508,2000,train,15.308725,8.3756695,3,-3
rnn_diverse_influence,5,/juice6/u/jshe/emergent_partner_grid/dev/eval_out/rnn_diverse_influence_seed5_test.h5,364,test,18,6,3,4,551,2000,train,15.496587,5.56889,3,-3
rnn_diverse_influence,5,/juice6/u/jshe/emergent_partner_grid/dev/eval_out/rnn_diverse_influence_seed5_test.h5,365,test,18,6,3,5,466,2000,train,15.777875,9.164902,3,-3
rnn_diverse_influence,5,/juice6/u/jshe/emergent_partner_grid/dev/eval_out/rnn_diverse_influence_seed5_test.h5,366,test,18,6,3,6,509,2000,train,17.69625,5.690545,3,-3
rnn_diverse_influence,5,/juice6/u/jshe/emergent_partner_grid/dev/eval_out/rnn_diverse_influence_seed5_test.h5,367,test,18,6,3,7,466,2000,train,17.060705,5.606377,3,-3
rnn_diverse_influence,5,/juice6/u/jshe/emergent_partner_grid/dev/eval_out/rnn_diverse_influence_seed5_test.h5,368,test,18,6,3,8,431,2000,train,17.478462,5.9759154,3,-3
rnn_diverse_influence,5,/juice6/u/jshe/emergent_partner_grid/dev/eval_out/rnn_diverse_influence_seed5_test.h5,369,test,18,6,3,9,526,2000,test,16.009712,6.9572887,3,-3
rnn_diverse_influence,5,/juice6/u/jshe/emergent_partner_grid/dev/eval_out/rnn_diverse_influence_seed5_test.h5,370,test,18,6,3,10,542,2000,train,16.826738,7.048312,3,-3
rnn_diverse_influence,5,/juice6/u/jshe/emergent_partner_grid/dev/eval_out/rnn_diverse_influence_seed5_test.h5,371,test,18,6,3,11,532,2000,train,16.299355,6.196763,3,-3
rnn_diverse_influence,5,/juice6/u/jshe/emergent_partner_grid/dev/eval_out/rnn_diverse_influence_seed5_test.h5,372,test,18,6,3,12,528,2000,train,16.652517,6.115381,3,-3
rnn_diverse_influence,5,/juice6/u/jshe/emergent_partner_grid/dev/eval_out/rnn_diverse_influence_seed5_test.h5,373,test,18,6,3,13,475,2000,train,18.54895,7.585901,3,-3
rnn_diverse_influence,5,/juice6/u/jshe/emergent_partner_grid/dev/eval_out/rnn_diverse_influence_seed5_test.h5,374,test,18,6,3,14,492,2000,test,14.790501,8.121916,3,-3
rnn_diverse_influence,5,/juice6/u/jshe/emergent_partner_grid/dev/eval_out/rnn_diverse_influence_seed5_test.h5,375,test,18,6,3,15,479,2000,test,15.979812,8.758298,3,-3
rnn_diverse_influence,5,/juice6/u/jshe/emergent_partner_grid/dev/eval_out/rnn_diverse_influence_seed5_test.h5,376,test,18,6,3,16,474,2000,train,17.249681,6.537825,3,-3
rnn_diverse_influence,5,/juice6/u/jshe/emergent_partner_grid/dev/eval_out/rnn_diverse_influence_seed5_test.h5,377,test,18,6,3,17,523,2000,train,16.862251,5.3834243,3,-3
rnn_diverse_influence,5,/juice6/u/jshe/emergent_partner_grid/dev/eval_out/rnn_diverse_influence_seed5_test.h5,378,test,18,6,3,18,474,2000,train,14.420653,9.36036,3,-3
rnn_diverse_influence,5,/juice6/u/jshe/emergent_partner_grid/dev/eval_out/rnn_diverse_influence_seed5_test.h5,379,test,18,6,3,19,550,2000,train,15.847684,9.250503,3,-3
rnn_diverse_influence,5,/juice6/u/jshe/emergent_partner_grid/dev/eval_out/rnn_diverse_influence_seed5_test.h5,160,test,8,7,0,0,288,2000,train,14.731387,8.858703,7,-7
rnn_diverse_influence,5,/juice6/u/jshe/emergent_partner_grid/dev/eval_out/rnn_diverse_influence_seed5_test.h5,161,test,8,7,0,1,203,2000,test,13.218721,6.3618484,7,-7
rnn_diverse_influence,5,/juice6/u/jshe/emergent_partner_grid/dev/eval_out/rnn_diverse_influence_seed5_test.h5,162,test,8,7,0,2,338,2000,train,13.170365,7.980653,7,-7
rnn_diverse_influence,5,/juice6/u/jshe/emergent_partner_grid/dev/eval_out/rnn_diverse_influence_seed5_test.h5,163,test,8,7,0,3,295,2000,train,13.550094,7.4665256,7,-7
rnn_diverse_influence,5,/juice6/u/jshe/emergent_partner_grid/dev/eval_out/rnn_diverse_influence_seed5_test.h5,164,test,8,7,0,4,474,2000,train,12.452138,5.8079257,7,-7
rnn_diverse_influence,5,/juice6/u/jshe/emergent_partner_grid/dev/eval_out/rnn_diverse_influence_seed5_test.h5,165,test,8,7,0,5,264,2000,train,13.758699,6.6043754,7,-7
rnn_diverse_influence,5,/juice6/u/jshe/emergent_partner_grid/dev/eval_out/rnn_diverse_influence_seed5_test.h5,166,test,8,7,0,6,241,2000,train,12.457208,6.788982,7,-7
rnn_diverse_influence,5,/juice6/u/jshe/emergent_partner_grid/dev/eval_out/rnn_diverse_influence_seed5_test.h5,167,test,8,7,0,7,255,2000,train,13.991332,7.495529,7,-7
rnn_diverse_influence,5,/juice6/u/jshe/emergent_partner_grid/dev/eval_out/rnn_diverse_influence_seed5_test.h5,168,test,8,7,0,8,303,2000,train,12.3578205,8.189769,7,-7
rnn_diverse_influence,5,/juice6/u/jshe/emergent_partner_grid/dev/eval_out/rnn_diverse_influence_seed5_test.h5,169,test,8,7,0,9,242,2000,test,11.888143,7.7277446,7,-7
rnn_diverse_influence,5,/juice6/u/jshe/emergent_partner_grid/dev/eval_out/rnn_diverse_influence_seed5_test.h5,170,test,8,7,0,10,416,2000,train,12.879098,5.901999,7,-7
rnn_diverse_influence,5,/juice6/u/jshe/emergent_partner_grid/dev/eval_out/rnn_diverse_influence_seed5_test.h5,171,test,8,7,0,11,248,2000,train,12.841543,5.380099,7,-7
rnn_diverse_influence,5,/juice6/u/jshe/emergent_partner_grid/dev/eval_out/rnn_diverse_influence_seed5_test.h5,172,test,8,7,0,12,256,2000,train,15.253274,5.7779756,7,-7
rnn_diverse_influence,5,/juice6/u/jshe/emergent_partner_grid/dev/eval_out/rnn_diverse_influence_seed5_test.h5,173,test,8,7,0,13,406,2000,train,18.031406,7.420542,7,-7
rnn_diverse_influence,5,/juice6/u/jshe/emergent_partner_grid/dev/eval_out/rnn_diverse_influence_seed5_test.h5,174,test,8,7,0,14,218,2000,test,11.879175,6.3183165,7,-7
rnn_diverse_influence,5,/juice6/u/jshe/emergent_partner_grid/dev/eval_out/rnn_diverse_influence_seed5_test.h5,175,test,8,7,0,15,278,2000,test,14.528529,6.2596383,7,-7
rnn_diverse_influence,5,/juice6/u/jshe/emergent_partner_grid/dev/eval_out/rnn_diverse_influence_seed5_test.h5,176,test,8,7,0,16,332,2000,train,13.649262,6.4551625,7,-7
rnn_diverse_influence,5,/juice6/u/jshe/emergent_partner_grid/dev/eval_out/rnn_diverse_influence_seed5_test.h5,177,test,8,7,0,17,420,2000,train,12.31145,7.3201447,7,-7
rnn_diverse_influence,5,/juice6/u/jshe/emergent_partner_grid/dev/eval_out/rnn_diverse_influence_seed5_test.h5,178,test,8,7,0,18,244,2000,train,13.643577,6.3911586,7,-7
rnn_diverse_influence,5,/juice6/u/jshe/emergent_partner_grid/dev/eval_out/rnn_diverse_influence_seed5_test.h5,179,test,8,7,0,19,249,2000,train,13.284278,9.220547,7,-7
rnn_diverse_influence,5,/juice6/u/jshe/emergent_partner_grid/dev/eval_out/rnn_diverse_influence_seed5_train.h5,300,train,15,7,1,0,359,2000,train,14.914586,7.0168266,6,-6
rnn_diverse_influence,5,/juice6/u/jshe/emergent_partner_grid/dev/eval_out/rnn_diverse_influence_seed5_train.h5,301,train,15,7,1,1,357,2000,test,15.428948,5.0639367,6,-6
rnn_diverse_influence,5,/juice6/u/jshe/emergent_partner_grid/dev/eval_out/rnn_diverse_influence_seed5_train.h5,302,train,15,7,1,2,311,2000,train,14.287051,7.5349846,6,-6
rnn_diverse_influence,5,/juice6/u/jshe/emergent_partner_grid/dev/eval_out/rnn_diverse_influence_seed5_train.h5,303,train,15,7,1,3,395,2000,train,14.113446,7.395501,6,-6
rnn_diverse_influence,5,/juice6/u/jshe/emergent_partner_grid/dev/eval_out/rnn_diverse_influence_seed5_train.h5,304,train,15,7,1,4,358,2000,train,14.417535,7.104873,6,-6
rnn_diverse_influence,5,/juice6/u/jshe/emergent_partner_grid/dev/eval_out/rnn_diverse_influence_seed5_train.h5,305,train,15,7,1,5,301,2000,train,16.979162,6.035381,6,-6
rnn_diverse_influence,5,/juice6/u/jshe/emergent_partner_grid/dev/eval_out/rnn_diverse_influence_seed5_train.h5,306,train,15,7,1,6,339,2000,train,14.8335085,8.035844,6,-6
rnn_diverse_influence,5,/juice6/u/jshe/emergent_partner_grid/dev/eval_out/rnn_diverse_influence_seed5_train.h5,307,train,15,7,1,7,288,2000,train,17.54071,7.6004057,6,-6
rnn_diverse_influence,5,/juice6/u/jshe/emergent_partner_grid/dev/eval_out/rnn_diverse_influence_seed5_train.h5,308,train,15,7,1,8,280,2000,train,18.028934,8.609206,6,-6
rnn_diverse_influence,5,/juice6/u/jshe/emergent_partner_grid/dev/eval_out/rnn_diverse_influence_seed5_train.h5,309,train,15,7,1,9,334,2000,test,16.584183,8.489963,6,-6
rnn_diverse_influence,5,/juice6/u/jshe/emergent_partner_grid/dev/eval_out/rnn_diverse_influence_seed5_train.h5,310,train,15,7,1,10,341,2000,train,15.536891,5.2753983,6,-6
rnn_diverse_influence,5,/juice6/u/jshe/emergent_partner_grid/dev/eval_out/rnn_diverse_influence_seed5_train.h5,311,train,15,7,1,11,347,2000,train,15.512831,4.5763235,6,-6
rnn_diverse_influence,5,/juice6/u/jshe/emergent_partner_grid/dev/eval_out/rnn_diverse_influence_seed5_train.h5,312,train,15,7,1,12,372,2000,train,17.41474,9.082304,6,-6
rnn_diverse_influence,5,/juice6/u/jshe/emergent_partner_grid/dev/eval_out/rnn_diverse_influence_seed5_train.h5,313,train,15,7,1,13,321,2000,train,14.784901,6.1241345,6,-6
rnn_diverse_influence,5,/juice6/u/jshe/emergent_partner_grid/dev/eval_out/rnn_diverse_influence_seed5_train.h5,314,train,15,7,1,14,265,2000,test,12.980849,6.458401,6,-6
rnn_diverse_influence,5,/juice6/u/jshe/emergent_partner_grid/dev/eval_out/rnn_diverse_influence_seed5_train.h5,315,train,15,7,1,15,277,2000,test,15.393062,7.205761,6,-6
rnn_diverse_influence,5,/juice6/u/jshe/emergent_partner_grid/dev/eval_out/rnn_diverse_influence_seed5_train.h5,316,train,15,7,1,16,447,2000,train,13.776402,8.47974,6,-6
rnn_diverse_influence,5,/juice6/u/jshe/emergent_partner_grid/dev/eval_out/rnn_diverse_influence_seed5_train.h5,317,train,15,7,1,17,400,2000,train,17.100946,8.345221,6,-6
rnn_diverse_influence,5,/juice6/u/jshe/emergent_partner_grid/dev/eval_out/rnn_diverse_influence_seed5_train.h5,318,train,15,7,1,18,282,2000,train,13.477176,6.9899435,6,-6
rnn_diverse_influence,5,/juice6/u/jshe/emergent_partner_grid/dev/eval_out/rnn_diverse_influence_seed5_train.h5,319,train,15,7,1,19,342,2000,train,17.641363,8.592789,6,-6
rnn_diverse_influence,5,/juice6/u/jshe/emergent_partner_grid/dev/eval_out/rnn_diverse_influence_seed5_train.h5,320,train,16,7,2,0,394,2000,train,16.625917,5.9714665,5,-5
rnn_diverse_influence,5,/juice6/u/jshe/emergent_partner_grid/dev/eval_out/rnn_diverse_influence_seed5_train.h5,321,train,16,7,2,1,425,2000,test,16.939716,8.102306,5,-5
rnn_diverse_influence,5,/juice6/u/jshe/emergent_partner_grid/dev/eval_out/rnn_diverse_influence_seed5_train.h5,322,train,16,7,2,2,393,2000,train,16.390194,8.202702,5,-5
rnn_diverse_influence,5,/juice6/u/jshe/emergent_partner_grid/dev/eval_out/rnn_diverse_influence_seed5_train.h5,323,train,16,7,2,3,426,2000,train,15.810405,8.423724,5,-5
rnn_diverse_influence,5,/juice6/u/jshe/emergent_partner_grid/dev/eval_out/rnn_diverse_influence_seed5_train.h5,324,train,16,7,2,4,436,2000,train,15.141944,7.989889,5,-5
rnn_diverse_influence,5,/juice6/u/jshe/emergent_partner_grid/dev/eval_out/rnn_diverse_influence_seed5_train.h5,325,train,16,7,2,5,386,2000,train,16.290455,9.893564,5,-5
rnn_diverse_influence,5,/juice6/u/jshe/emergent_partner_grid/dev/eval_out/rnn_diverse_influence_seed5_train.h5,326,train,16,7,2,6,394,2000,train,16.38223,5.7827477,5,-5
rnn_diverse_influence,5,/juice6/u/jshe/emergent_partner_grid/dev/eval_out/rnn_diverse_influence_seed5_train.h5,327,train,16,7,2,7,365,2000,train,17.042105,7.587032,5,-5
rnn_diverse_influence,5,/juice6/u/jshe/emergent_partner_grid/dev/eval_out/rnn_diverse_influence_seed5_train.h5,328,train,16,7,2,8,394,2000,train,17.79628,6.9146667,5,-5
rnn_diverse_influence,5,/juice6/u/jshe/emergent_partner_grid/dev/eval_out/rnn_diverse_influence_seed5_train.h5,329,train,16,7,2,9,387,2000,test,16.41607,7.054185,5,-5
rnn_diverse_influence,5,/juice6/u/jshe/emergent_partner_grid/dev/eval_out/rnn_diverse_influence_seed5_train.h5,330,train,16,7,2,10,461,2000,train,14.699605,7.9266195,5,-5
rnn_diverse_influence,5,/juice6/u/jshe/emergent_partner_grid/dev/eval_out/rnn_diverse_influence_seed5_train.h5,331,train,16,7,2,11,366,2000,train,17.217001,6.5360427,5,-5
rnn_diverse_influence,5,/juice6/u/jshe/emergent_partner_grid/dev/eval_out/rnn_diverse_influence_seed5_train.h5,332,train,16,7,2,12,420,2000,train,16.192125,7.6920605,5,-5
rnn_diverse_influence,5,/juice6/u/jshe/emergent_partner_grid/dev/eval_out/rnn_diverse_influence_seed5_train.h5,333,train,16,7,2,13,390,2000,train,15.860236,7.8293066,5,-5
rnn_diverse_influence,5,/juice6/u/jshe/emergent_partner_grid/dev/eval_out/rnn_diverse_influence_seed5_train.h5,334,train,16,7,2,14,410,2000,test,15.142309,4.667094,5,-5
rnn_diverse_influence,5,/juice6/u/jshe/emergent_partner_grid/dev/eval_out/rnn_diverse_influence_seed5_train.h5,335,train,16,7,2,15,434,2000,test,16.583063,7.421156,5,-5
rnn_diverse_influence,5,/juice6/u/jshe/emergent_partner_grid/dev/eval_out/rnn_diverse_influence_seed5_train.h5,336,train,16,7,2,16,398,2000,train,16.396713,6.434775,5,-5
rnn_diverse_influence,5,/juice6/u/jshe/emergent_partner_grid/dev/eval_out/rnn_diverse_influence_seed5_train.h5,337,train,16,7,2,17,409,2000,train,15.064991,6.472573,5,-5
rnn_diverse_influence,5,/juice6/u/jshe/emergent_partner_grid/dev/eval_out/rnn_diverse_influence_seed5_train.h5,338,train,16,7,2,18,416,2000,train,15.864236,7.6432123,5,-5
rnn_diverse_influence,5,/juice6/u/jshe/emergent_partner_grid/dev/eval_out/rnn_diverse_influence_seed5_train.h5,339,train,16,7,2,19,432,2000,train,17.01052,9.857234,5,-5
rnn_diverse_influence,5,/juice6/u/jshe/emergent_partner_grid/dev/eval_out/rnn_diverse_influence_seed5_train.h5,340,train,17,7,3,0,509,2000,train,15.9010315,5.6940846,4,-4
rnn_diverse_influence,5,/juice6/u/jshe/emergent_partner_grid/dev/eval_out/rnn_diverse_influence_seed5_train.h5,341,train,17,7,3,1,529,2000,test,16.554192,7.444128,4,-4
rnn_diverse_influence,5,/juice6/u/jshe/emergent_partner_grid/dev/eval_out/rnn_diverse_influence_seed5_train.h5,342,train,17,7,3,2,496,2000,train,16.543354,6.7127614,4,-4
rnn_diverse_influence,5,/juice6/u/jshe/emergent_partner_grid/dev/eval_out/rnn_diverse_influence_seed5_train.h5,343,train,17,7,3,3,515,2000,train,16.362576,4.4688654,4,-4
rnn_diverse_influence,5,/juice6/u/jshe/emergent_partner_grid/dev/eval_out/rnn_diverse_influence_seed5_train.h5,344,train,17,7,3,4,515,2000,train,15.726551,6.568576,4,-4
rnn_diverse_influence,5,/juice6/u/jshe/emergent_partner_grid/dev/eval_out/rnn_diverse_influence_seed5_train.h5,345,train,17,7,3,5,575,2000,train,14.95616,4.5440984,4,-4
rnn_diverse_influence,5,/juice6/u/jshe/emergent_partner_grid/dev/eval_out/rnn_diverse_influence_seed5_train.h5,346,train,17,7,3,6,565,2000,train,15.14733,8.810596,4,-4
rnn_diverse_influence,5,/juice6/u/jshe/emergent_partner_grid/dev/eval_out/rnn_diverse_influence_seed5_train.h5,347,train,17,7,3,7,482,2000,train,16.201313,7.0930734,4,-4
rnn_diverse_influence,5,/juice6/u/jshe/emergent_partner_grid/dev/eval_out/rnn_diverse_influence_seed5_train.h5,348,train,17,7,3,8,530,2000,train,17.763523,7.3959794,4,-4
rnn_diverse_influence,5,/juice6/u/jshe/emergent_partner_grid/dev/eval_out/rnn_diverse_influence_seed5_train.h5,349,train,17,7,3,9,505,2000,test,15.972238,9.317876,4,-4
rnn_diverse_influence,5,/juice6/u/jshe/emergent_partner_grid/dev/eval_out/rnn_diverse_influence_seed5_train.h5,350,train,17,7,3,10,497,2000,train,17.046654,8.726553,4,-4
rnn_diverse_influence,5,/juice6/u/jshe/emergent_partner_grid/dev/eval_out/rnn_diverse_influence_seed5_train.h5,351,train,17,7,3,11,496,2000,train,18.008245,6.531348,4,-4
rnn_diverse_influence,5,/juice6/u/jshe/emergent_partner_grid/dev/eval_out/rnn_diverse_influence_seed5_train.h5,352,train,17,7,3,12,484,2000,train,17.645832,6.3868184,4,-4
rnn_diverse_influence,5,/juice6/u/jshe/emergent_partner_grid/dev/eval_out/rnn_diverse_influence_seed5_train.h5,353,train,17,7,3,13,642,2000,train,17.073635,5.596707,4,-4
rnn_diverse_influence,5,/juice6/u/jshe/emergent_partner_grid/dev/eval_out/rnn_diverse_influence_seed5_train.h5,354,train,17,7,3,14,402,2000,test,16.99023,4.9986925,4,-4
rnn_diverse_influence,5,/juice6/u/jshe/emergent_partner_grid/dev/eval_out/rnn_diverse_influence_seed5_train.h5,355,train,17,7,3,15,494,2000,test,15.7354145,7.325476,4,-4
rnn_diverse_influence,5,/juice6/u/jshe/emergent_partner_grid/dev/eval_out/rnn_diverse_influence_seed5_train.h5,356,train,17,7,3,16,494,2000,train,15.970932,7.8211803,4,-4
rnn_diverse_influence,5,/juice6/u/jshe/emergent_partner_grid/dev/eval_out/rnn_diverse_influence_seed5_train.h5,357,train,17,7,3,17,511,2000,train,15.38386,9.9746685,4,-4
rnn_diverse_influence,5,/juice6/u/jshe/emergent_partner_grid/dev/eval_out/rnn_diverse_influence_seed5_train.h5,358,train,17,7,3,18,515,2000,train,17.08427,8.385409,4,-4
rnn_diverse_influence,5,/juice6/u/jshe/emergent_partner_grid/dev/eval_out/rnn_diverse_influence_seed5_train.h5,359,train,17,7,3,19,564,2000,train,16.120598,7.4400115,4,-4
rnn_diverse_influence,5,/juice6/u/jshe/emergent_partner_grid/dev/eval_out/rnn_diverse_influence_seed5_test.h5,180,test,9,8,0,0,285,2000,train,13.480708,5.278604,8,-8
rnn_diverse_influence,5,/juice6/u/jshe/emergent_partner_grid/dev/eval_out/rnn_diverse_influence_seed5_test.h5,181,test,9,8,0,1,352,2000,test,13.305154,8.61709,8,-8
rnn_diverse_influence,5,/juice6/u/jshe/emergent_partner_grid/dev/eval_out/rnn_diverse_influence_seed5_test.h5,182,test,9,8,0,2,342,2000,train,15.225672,5.558669,8,-8
rnn_diverse_influence,5,/juice6/u/jshe/emergent_partner_grid/dev/eval_out/rnn_diverse_influence_seed5_test.h5,183,test,9,8,0,3,330,2000,train,14.584311,5.098108,8,-8
rnn_diverse_influence,5,/juice6/u/jshe/emergent_partner_grid/dev/eval_out/rnn_diverse_influence_seed5_test.h5,184,test,9,8,0,4,300,2000,train,15.341536,4.2529726,8,-8
rnn_diverse_influence,5,/juice6/u/jshe/emergent_partner_grid/dev/eval_out/rnn_diverse_influence_seed5_test.h5,185,test,9,8,0,5,274,2000,train,12.305957,6.3792205,8,-8
rnn_diverse_influence,5,/juice6/u/jshe/emergent_partner_grid/dev/eval_out/rnn_diverse_influence_seed5_test.h5,186,test,9,8,0,6,303,2000,train,15.161251,5.6920433,8,-8
rnn_diverse_influence,5,/juice6/u/jshe/emergent_partner_grid/dev/eval_out/rnn_diverse_influence_seed5_test.h5,187,test,9,8,0,7,236,2000,train,12.533988,5.4946055,8,-8
rnn_diverse_influence,5,/juice6/u/jshe/emergent_partner_grid/dev/eval_out/rnn_diverse_influence_seed5_test.h5,188,test,9,8,0,8,267,2000,train,13.952888,7.836621,8,-8
rnn_diverse_influence,5,/juice6/u/jshe/emergent_partner_grid/dev/eval_out/rnn_diverse_influence_seed5_test.h5,189,test,9,8,0,9,345,2000,test,12.671638,5.375727,8,-8
rnn_diverse_influence,5,/juice6/u/jshe/emergent_partner_grid/dev/eval_out/rnn_diverse_influence_seed5_test.h5,190,test,9,8,0,10,281,2000,train,12.881028,6.2035084,8,-8
rnn_diverse_influence,5,/juice6/u/jshe/emergent_partner_grid/dev/eval_out/rnn_diverse_influence_seed5_test.h5,191,test,9,8,0,11,405,2000,train,11.663214,6.4488077,8,-8
rnn_diverse_influence,5,/juice6/u/jshe/emergent_partner_grid/dev/eval_out/rnn_diverse_influence_seed5_test.h5,192,test,9,8,0,12,245,2000,train,13.541215,7.5322466,8,-8
rnn_diverse_influence,5,/juice6/u/jshe/emergent_partner_grid/dev/eval_out/rnn_diverse_influence_seed5_test.h5,193,test,9,8,0,13,330,2000,train,11.849113,7.571023,8,-8
rnn_diverse_influence,5,/juice6/u/jshe/emergent_partner_grid/dev/eval_out/rnn_diverse_influence_seed5_test.h5,194,test,9,8,0,14,378,2000,test,13.643361,5.899211,8,-8
rnn_diverse_influence,5,/juice6/u/jshe/emergent_partner_grid/dev/eval_out/rnn_diverse_influence_seed5_test.h5,195,test,9,8,0,15,437,2000,test,15.785954,9.597276,8,-8
rnn_diverse_influence,5,/juice6/u/jshe/emergent_partner_grid/dev/eval_out/rnn_diverse_influence_seed5_test.h5,196,test,9,8,0,16,427,2000,train,12.261333,8.318205,8,-8
rnn_diverse_influence,5,/juice6/u/jshe/emergent_partner_grid/dev/eval_out/rnn_diverse_influence_seed5_test.h5,197,test,9,8,0,17,376,2000,train,14.23009,4.7975006,8,-8
rnn_diverse_influence,5,/juice6/u/jshe/emergent_partner_grid/dev/eval_out/rnn_diverse_influence_seed5_test.h5,198,test,9,8,0,18,251,2000,train,11.543524,7.0206122,8,-8
rnn_diverse_influence,5,/juice6/u/jshe/emergent_partner_grid/dev/eval_out/rnn_diverse_influence_seed5_test.h5,199,test,9,8,0,19,405,2000,train,13.7151375,6.8518114,8,-8
rnn_diverse_influence,5,/juice6/u/jshe/emergent_partner_grid/dev/eval_out/rnn_diverse_influence_seed5_train.h5,360,train,18,8,1,0,459,2000,train,17.31795,8.670792,7,-7
rnn_diverse_influence,5,/juice6/u/jshe/emergent_partner_grid/dev/eval_out/rnn_diverse_influence_seed5_train.h5,361,train,18,8,1,1,320,2000,test,14.328372,5.68986,7,-7
rnn_diverse_influence,5,/juice6/u/jshe/emergent_partner_grid/dev/eval_out/rnn_diverse_influence_seed5_train.h5,362,train,18,8,1,2,302,2000,train,12.896337,8.519948,7,-7
rnn_diverse_influence,5,/juice6/u/jshe/emergent_partner_grid/dev/eval_out/rnn_diverse_influence_seed5_train.h5,363,train,18,8,1,3,338,2000,train,13.018304,7.5349417,7,-7
rnn_diverse_influence,5,/juice6/u/jshe/emergent_partner_grid/dev/eval_out/rnn_diverse_influence_seed5_train.h5,364,train,18,8,1,4,418,2000,train,13.50818,7.9306893,7,-7
rnn_diverse_influence,5,/juice6/u/jshe/emergent_partner_grid/dev/eval_out/rnn_diverse_influence_seed5_train.h5,365,train,18,8,1,5,374,2000,train,17.762985,7.3344994,7,-7
rnn_diverse_influence,5,/juice6/u/jshe/emergent_partner_grid/dev/eval_out/rnn_diverse_influence_seed5_train.h5,366,train,18,8,1,6,304,2000,train,16.745317,8.004075,7,-7
rnn_diverse_influence,5,/juice6/u/jshe/emergent_partner_grid/dev/eval_out/rnn_diverse_influence_seed5_train.h5,367,train,18,8,1,7,392,2000,train,12.969793,7.8691273,7,-7
rnn_diverse_influence,5,/juice6/u/jshe/emergent_partner_grid/dev/eval_out/rnn_diverse_influence_seed5_train.h5,368,train,18,8,1,8,325,2000,train,13.247005,8.895562,7,-7
rnn_diverse_influence,5,/juice6/u/jshe/emergent_partner_grid/dev/eval_out/rnn_diverse_influence_seed5_train.h5,369,train,18,8,1,9,333,2000,test,15.494733,10.241101,7,-7
rnn_diverse_influence,5,/juice6/u/jshe/emergent_partner_grid/dev/eval_out/rnn_diverse_influence_seed5_train.h5,370,train,18,8,1,10,375,2000,train,15.786721,9.377026,7,-7
rnn_diverse_influence,5,/juice6/u/jshe/emergent_partner_grid/dev/eval_out/rnn_diverse_influence_seed5_train.h5,371,train,18,8,1,11,348,2000,train,13.740943,4.8966956,7,-7
rnn_diverse_influence,5,/juice6/u/jshe/emergent_partner_grid/dev/eval_out/rnn_diverse_influence_seed5_train.h5,372,train,18,8,1,12,284,2000,train,14.465726,8.419166,7,-7
rnn_diverse_influence,5,/juice6/u/jshe/emergent_partner_grid/dev/eval_out/rnn_diverse_influence_seed5_train.h5,373,train,18,8,1,13,372,2000,train,14.55545,4.9126773,7,-7
rnn_diverse_influence,5,/juice6/u/jshe/emergent_partner_grid/dev/eval_out/rnn_diverse_influence_seed5_train.h5,374,train,18,8,1,14,318,2000,test,15.748165,6.122216,7,-7
rnn_diverse_influence,5,/juice6/u/jshe/emergent_partner_grid/dev/eval_out/rnn_diverse_influence_seed5_train.h5,375,train,18,8,1,15,364,2000,test,15.75902,8.089261,7,-7
rnn_diverse_influence,5,/juice6/u/jshe/emergent_partner_grid/dev/eval_out/rnn_diverse_influence_seed5_train.h5,376,train,18,8,1,16,314,2000,train,16.573284,7.4587703,7,-7
rnn_diverse_influence,5,/juice6/u/jshe/emergent_partner_grid/dev/eval_out/rnn_diverse_influence_seed5_train.h5,377,train,18,8,1,17,281,2000,train,16.542562,8.832683,7,-7
rnn_diverse_influence,5,/juice6/u/jshe/emergent_partner_grid/dev/eval_out/rnn_diverse_influence_seed5_train.h5,378,train,18,8,1,18,364,2000,train,14.316046,7.1126113,7,-7
rnn_diverse_influence,5,/juice6/u/jshe/emergent_partner_grid/dev/eval_out/rnn_diverse_influence_seed5_train.h5,379,train,18,8,1,19,317,2000,train,14.3262415,4.5380855,7,-7
rnn_diverse_influence,5,/juice6/u/jshe/emergent_partner_grid/dev/eval_out/rnn_diverse_influence_seed5_train.h5,380,train,19,8,2,0,383,2000,train,15.791854,4.785127,6,-6
rnn_diverse_influence,5,/juice6/u/jshe/emergent_partner_grid/dev/eval_out/rnn_diverse_influence_seed5_train.h5,381,train,19,8,2,1,412,2000,test,15.9971,9.00704,6,-6
rnn_diverse_influence,5,/juice6/u/jshe/emergent_partner_grid/dev/eval_out/rnn_diverse_influence_seed5_train.h5,382,train,19,8,2,2,442,2000,train,15.767381,8.194402,6,-6
rnn_diverse_influence,5,/juice6/u/jshe/emergent_partner_grid/dev/eval_out/rnn_diverse_influence_seed5_train.h5,383,train,19,8,2,3,413,2000,train,21.390766,8.737513,6,-6
rnn_diverse_influence,5,/juice6/u/jshe/emergent_partner_grid/dev/eval_out/rnn_diverse_influence_seed5_train.h5,384,train,19,8,2,4,420,2000,train,17.014282,9.324618,6,-6
rnn_diverse_influence,5,/juice6/u/jshe/emergent_partner_grid/dev/eval_out/rnn_diverse_influence_seed5_train.h5,385,train,19,8,2,5,371,2000,train,17.802935,5.2637906,6,-6
rnn_diverse_influence,5,/juice6/u/jshe/emergent_partner_grid/dev/eval_out/rnn_diverse_influence_seed5_train.h5,386,train,19,8,2,6,384,2000,train,16.734438,10.0419655,6,-6
rnn_diverse_influence,5,/juice6/u/jshe/emergent_partner_grid/dev/eval_out/rnn_diverse_influence_seed5_train.h5,387,train,19,8,2,7,393,2000,train,17.15254,9.831743,6,-6
rnn_diverse_influence,5,/juice6/u/jshe/emergent_partner_grid/dev/eval_out/rnn_diverse_influence_seed5_train.h5,388,train,19,8,2,8,469,2000,train,17.57258,7.25996,6,-6
rnn_diverse_influence,5,/juice6/u/jshe/emergent_partner_grid/dev/eval_out/rnn_diverse_influence_seed5_train.h5,389,train,19,8,2,9,423,2000,test,16.614765,7.8029566,6,-6
rnn_diverse_influence,5,/juice6/u/jshe/emergent_partner_grid/dev/eval_out/rnn_diverse_influence_seed5_train.h5,390,train,19,8,2,10,403,2000,train,16.241476,6.598842,6,-6
rnn_diverse_influence,5,/juice6/u/jshe/emergent_partner_grid/dev/eval_out/rnn_diverse_influence_seed5_train.h5,391,train,19,8,2,11,396,2000,train,13.473629,6.5473094,6,-6
rnn_diverse_influence,5,/juice6/u/jshe/emergent_partner_grid/dev/eval_out/rnn_diverse_influence_seed5_train.h5,392,train,19,8,2,12,411,2000,train,15.452964,6.7156773,6,-6
rnn_diverse_influence,5,/juice6/u/jshe/emergent_partner_grid/dev/eval_out/rnn_diverse_influence_seed5_train.h5,393,train,19,8,2,13,433,2000,train,17.818737,8.520303,6,-6
rnn_diverse_influence,5,/juice6/u/jshe/emergent_partner_grid/dev/eval_out/rnn_diverse_influence_seed5_train.h5,394,train,19,8,2,14,458,2000,test,14.993877,4.3034697,6,-6
rnn_diverse_influence,5,/juice6/u/jshe/emergent_partner_grid/dev/eval_out/rnn_diverse_influence_seed5_train.h5,395,train,19,8,2,15,439,2000,test,14.240055,7.602608,6,-6
rnn_diverse_influence,5,/juice6/u/jshe/emergent_partner_grid/dev/eval_out/rnn_diverse_influence_seed5_train.h5,396,train,19,8,2,16,359,2000,train,15.986784,9.93397,6,-6
rnn_diverse_influence,5,/juice6/u/jshe/emergent_partner_grid/dev/eval_out/rnn_diverse_influence_seed5_train.h5,397,train,19,8,2,17,399,2000,train,17.102144,9.584543,6,-6
rnn_diverse_influence,5,/juice6/u/jshe/emergent_partner_grid/dev/eval_out/rnn_diverse_influence_seed5_train.h5,398,train,19,8,2,18,412,2000,train,17.005701,5.9739633,6,-6
rnn_diverse_influence,5,/juice6/u/jshe/emergent_partner_grid/dev/eval_out/rnn_diverse_influence_seed5_train.h5,399,train,19,8,2,19,443,2000,train,16.519453,8.261878,6,-6
rnn_diverse_influence,5,/juice6/u/jshe/emergent_partner_grid/dev/eval_out/rnn_diverse_influence_seed5_train.h5,400,train,20,8,3,0,424,2000,train,18.175776,6.4887104,5,-5
rnn_diverse_influence,5,/juice6/u/jshe/emergent_partner_grid/dev/eval_out/rnn_diverse_influence_seed5_train.h5,401,train,20,8,3,1,505,2000,test,16.553759,7.0205727,5,-5
rnn_diverse_influence,5,/juice6/u/jshe/emergent_partner_grid/dev/eval_out/rnn_diverse_influence_seed5_train.h5,402,train,20,8,3,2,487,2000,train,17.5055,5.5625386,5,-5
rnn_diverse_influence,5,/juice6/u/jshe/emergent_partner_grid/dev/eval_out/rnn_diverse_influence_seed5_train.h5,403,train,20,8,3,3,601,2000,train,15.196948,4.6177773,5,-5
rnn_diverse_influence,5,/juice6/u/jshe/emergent_partner_grid/dev/eval_out/rnn_diverse_influence_seed5_train.h5,404,train,20,8,3,4,576,2000,train,17.049166,6.4617405,5,-5
rnn_diverse_influence,5,/juice6/u/jshe/emergent_partner_grid/dev/eval_out/rnn_diverse_influence_seed5_train.h5,405,train,20,8,3,5,473,2000,train,17.060045,10.206234,5,-5
rnn_diverse_influence,5,/juice6/u/jshe/emergent_partner_grid/dev/eval_out/rnn_diverse_influence_seed5_train.h5,406,train,20,8,3,6,458,2000,train,17.290972,6.993767,5,-5
rnn_diverse_influence,5,/juice6/u/jshe/emergent_partner_grid/dev/eval_out/rnn_diverse_influence_seed5_train.h5,407,train,20,8,3,7,562,2000,train,15.989064,6.068861,5,-5
rnn_diverse_influence,5,/juice6/u/jshe/emergent_partner_grid/dev/eval_out/rnn_diverse_influence_seed5_train.h5,408,train,20,8,3,8,475,2000,train,17.725296,6.6106367,5,-5
rnn_diverse_influence,5,/juice6/u/jshe/emergent_partner_grid/dev/eval_out/rnn_diverse_influence_seed5_train.h5,409,train,20,8,3,9,517,2000,test,15.825115,4.968178,5,-5
rnn_diverse_influence,5,/juice6/u/jshe/emergent_partner_grid/dev/eval_out/rnn_diverse_influence_seed5_train.h5,410,train,20,8,3,10,517,2000,train,16.825075,10.235063,5,-5
rnn_diverse_influence,5,/juice6/u/jshe/emergent_partner_grid/dev/eval_out/rnn_diverse_influence_seed5_train.h5,411,train,20,8,3,11,470,2000,train,18.022482,5.9648924,5,-5
rnn_diverse_influence,5,/juice6/u/jshe/emergent_partner_grid/dev/eval_out/rnn_diverse_influence_seed5_train.h5,412,train,20,8,3,12,488,2000,train,18.586897,7.138984,5,-5
rnn_diverse_influence,5,/juice6/u/jshe/emergent_partner_grid/dev/eval_out/rnn_diverse_influence_seed5_train.h5,413,train,20,8,3,13,530,2000,train,18.363735,7.155979,5,-5
rnn_diverse_influence,5,/juice6/u/jshe/emergent_partner_grid/dev/eval_out/rnn_diverse_influence_seed5_train.h5,414,train,20,8,3,14,560,2000,test,15.595957,9.506617,5,-5
rnn_diverse_influence,5,/juice6/u/jshe/emergent_partner_grid/dev/eval_out/rnn_diverse_influence_seed5_train.h5,415,train,20,8,3,15,607,2000,test,15.230093,7.906994,5,-5
rnn_diverse_influence,5,/juice6/u/jshe/emergent_partner_grid/dev/eval_out/rnn_diverse_influence_seed5_train.h5,416,train,20,8,3,16,588,2000,train,16.381947,5.3308334,5,-5
rnn_diverse_influence,5,/juice6/u/jshe/emergent_partner_grid/dev/eval_out/rnn_diverse_influence_seed5_train.h5,417,train,20,8,3,17,497,2000,train,17.202833,7.9193,5,-5
rnn_diverse_influence,5,/juice6/u/jshe/emergent_partner_grid/dev/eval_out/rnn_diverse_influence_seed5_train.h5,418,train,20,8,3,18,543,2000,train,17.226782,7.0694566,5,-5
rnn_diverse_influence,5,/juice6/u/jshe/emergent_partner_grid/dev/eval_out/rnn_diverse_influence_seed5_train.h5,419,train,20,8,3,19,475,2000,train,17.49921,7.9203286,5,-5
rnn_diverse_influence,5,/juice6/u/jshe/emergent_partner_grid/dev/eval_out/rnn_diverse_influence_seed5_test.h5,200,test,10,9,0,0,396,2000,train,12.772766,5.8881884,9,-9
rnn_diverse_influence,5,/juice6/u/jshe/emergent_partner_grid/dev/eval_out/rnn_diverse_influence_seed5_test.h5,201,test,10,9,0,1,411,2000,test,13.39123,5.772738,9,-9
rnn_diverse_influence,5,/juice6/u/jshe/emergent_partner_grid/dev/eval_out/rnn_diverse_influence_seed5_test.h5,202,test,10,9,0,2,316,2000,train,12.072437,7.2182593,9,-9
rnn_diverse_influence,5,/juice6/u/jshe/emergent_partner_grid/dev/eval_out/rnn_diverse_influence_seed5_test.h5,203,test,10,9,0,3,489,2000,train,13.499724,9.104566,9,-9
rnn_diverse_influence,5,/juice6/u/jshe/emergent_partner_grid/dev/eval_out/rnn_diverse_influence_seed5_test.h5,204,test,10,9,0,4,354,2000,train,15.178432,4.219118,9,-9
rnn_diverse_influence,5,/juice6/u/jshe/emergent_partner_grid/dev/eval_out/rnn_diverse_influence_seed5_test.h5,205,test,10,9,0,5,352,2000,train,12.85644,7.3861,9,-9
rnn_diverse_influence,5,/juice6/u/jshe/emergent_partner_grid/dev/eval_out/rnn_diverse_influence_seed5_test.h5,206,test,10,9,0,6,292,2000,train,13.955803,7.769135,9,-9
rnn_diverse_influence,5,/juice6/u/jshe/emergent_partner_grid/dev/eval_out/rnn_diverse_influence_seed5_test.h5,207,test,10,9,0,7,239,2000,train,12.71093,6.8863473,9,-9
rnn_diverse_influence,5,/juice6/u/jshe/emergent_partner_grid/dev/eval_out/rnn_diverse_influence_seed5_test.h5,208,test,10,9,0,8,342,2000,train,12.873037,8.574413,9,-9
rnn_diverse_influence,5,/juice6/u/jshe/emergent_partner_grid/dev/eval_out/rnn_diverse_influence_seed5_test.h5,209,test,10,9,0,9,398,2000,test,16.655422,7.31005,9,-9
rnn_diverse_influence,5,/juice6/u/jshe/emergent_partner_grid/dev/eval_out/rnn_diverse_influence_seed5_test.h5,210,test,10,9,0,10,200,2000,train,12.735215,5.7136145,9,-9
rnn_diverse_influence,5,/juice6/u/jshe/emergent_partner_grid/dev/eval_out/rnn_diverse_influence_seed5_test.h5,211,test,10,9,0,11,218,2000,train,13.275095,8.082954,9,-9
rnn_diverse_influence,5,/juice6/u/jshe/emergent_partner_grid/dev/eval_out/rnn_diverse_influence_seed5_test.h5,212,test,10,9,0,12,302,2000,train,13.716343,8.167555,9,-9
rnn_diverse_influence,5,/juice6/u/jshe/emergent_partner_grid/dev/eval_out/rnn_diverse_influence_seed5_test.h5,213,test,10,9,0,13,262,2000,train,15.100161,7.3356957,9,-9
rnn_diverse_influence,5,/juice6/u/jshe/emergent_partner_grid/dev/eval_out/rnn_diverse_influence_seed5_test.h5,214,test,10,9,0,14,407,2000,test,13.798332,4.7602096,9,-9
rnn_diverse_influence,5,/juice6/u/jshe/emergent_partner_grid/dev/eval_out/rnn_diverse_influence_seed5_test.h5,215,test,10,9,0,15,303,2000,test,11.977353,7.692507,9,-9
rnn_diverse_influence,5,/juice6/u/jshe/emergent_partner_grid/dev/eval_out/rnn_diverse_influence_seed5_test.h5,216,test,10,9,0,16,286,2000,train,12.86669,6.562848,9,-9
rnn_diverse_influence,5,/juice6/u/jshe/emergent_partner_grid/dev/eval_out/rnn_diverse_influence_seed5_test.h5,217,test,10,9,0,17,361,2000,train,15.125116,5.4566345,9,-9
rnn_diverse_influence,5,/juice6/u/jshe/emergent_partner_grid/dev/eval_out/rnn_diverse_influence_seed5_test.h5,218,test,10,9,0,18,290,2000,train,11.599329,6.72412,9,-9
rnn_diverse_influence,5,/juice6/u/jshe/emergent_partner_grid/dev/eval_out/rnn_diverse_influence_seed5_test.h5,219,test,10,9,0,19,223,2000,train,12.216128,5.9471154,9,-9
rnn_diverse_influence,5,/juice6/u/jshe/emergent_partner_grid/dev/eval_out/rnn_diverse_influence_seed5_train.h5,420,train,21,9,1,0,399,2000,train,14.121707,5.90899,8,-8
rnn_diverse_influence,5,/juice6/u/jshe/emergent_partner_grid/dev/eval_out/rnn_diverse_influence_seed5_train.h5,421,train,21,9,1,1,336,2000,test,14.724754,6.3349614,8,-8
rnn_diverse_influence,5,/juice6/u/jshe/emergent_partner_grid/dev/eval_out/rnn_diverse_influence_seed5_train.h5,422,train,21,9,1,2,297,2000,train,15.492169,5.979456,8,-8
rnn_diverse_influence,5,/juice6/u/jshe/emergent_partner_grid/dev/eval_out/rnn_diverse_influence_seed5_train.h5,423,train,21,9,1,3,285,2000,train,13.544879,9.300965,8,-8
rnn_diverse_influence,5,/juice6/u/jshe/emergent_partner_grid/dev/eval_out/rnn_diverse_influence_seed5_train.h5,424,train,21,9,1,4,351,2000,train,14.489754,5.4765096,8,-8
rnn_diverse_influence,5,/juice6/u/jshe/emergent_partner_grid/dev/eval_out/rnn_diverse_influence_seed5_train.h5,425,train,21,9,1,5,314,2000,train,13.557196,8.030824,8,-8
rnn_diverse_influence,5,/juice6/u/jshe/emergent_partner_grid/dev/eval_out/rnn_diverse_influence_seed5_train.h5,426,train,21,9,1,6,305,2000,train,13.694098,8.488041,8,-8
rnn_diverse_influence,5,/juice6/u/jshe/emergent_partner_grid/dev/eval_out/rnn_diverse_influence_seed5_train.h5,427,train,21,9,1,7,352,2000,train,14.912203,8.440756,8,-8
rnn_diverse_influence,5,/juice6/u/jshe/emergent_partner_grid/dev/eval_out/rnn_diverse_influence_seed5_train.h5,428,train,21,9,1,8,287,2000,train,15.786571,7.1148443,8,-8
rnn_diverse_influence,5,/juice6/u/jshe/emergent_partner_grid/dev/eval_out/rnn_diverse_influence_seed5_train.h5,429,train,21,9,1,9,299,2000,test,15.346027,9.910951,8,-8
rnn_diverse_influence,5,/juice6/u/jshe/emergent_partner_grid/dev/eval_out/rnn_diverse_influence_seed5_train.h5,430,train,21,9,1,10,327,2000,train,15.063058,5.4527082,8,-8
rnn_diverse_influence,5,/juice6/u/jshe/emergent_partner_grid/dev/eval_out/rnn_diverse_influence_seed5_train.h5,431,train,21,9,1,11,311,2000,train,14.681834,9.130771,8,-8
rnn_diverse_influence,5,/juice6/u/jshe/emergent_partner_grid/dev/eval_out/rnn_diverse_influence_seed5_train.h5,432,train,21,9,1,12,397,2000,train,14.401078,7.9983644,8,-8
rnn_diverse_influence,5,/juice6/u/jshe/emergent_partner_grid/dev/eval_out/rnn_diverse_influence_seed5_train.h5,433,train,21,9,1,13,300,2000,train,16.139307,4.860449,8,-8
rnn_diverse_influence,5,/juice6/u/jshe/emergent_partner_grid/dev/eval_out/rnn_diverse_influence_seed5_train.h5,434,train,21,9,1,14,333,2000,test,14.398331,6.629489,8,-8
rnn_diverse_influence,5,/juice6/u/jshe/emergent_partner_grid/dev/eval_out/rnn_diverse_influence_seed5_train.h5,435,train,21,9,1,15,379,2000,test,15.824762,10.345117,8,-8
rnn_diverse_influence,5,/juice6/u/jshe/emergent_partner_grid/dev/eval_out/rnn_diverse_influence_seed5_train.h5,436,train,21,9,1,16,297,2000,train,15.021573,9.676757,8,-8
rnn_diverse_influence,5,/juice6/u/jshe/emergent_partner_grid/dev/eval_out/rnn_diverse_influence_seed5_train.h5,437,train,21,9,1,17,370,2000,train,12.76496,6.956374,8,-8
rnn_diverse_influence,5,/juice6/u/jshe/emergent_partner_grid/dev/eval_out/rnn_diverse_influence_seed5_train.h5,438,train,21,9,1,18,386,2000,train,14.394231,5.9741673,8,-8
rnn_diverse_influence,5,/juice6/u/jshe/emergent_partner_grid/dev/eval_out/rnn_diverse_influence_seed5_train.h5,439,train,21,9,1,19,294,2000,train,13.6683445,7.108519,8,-8
rnn_diverse_influence,5,/juice6/u/jshe/emergent_partner_grid/dev/eval_out/rnn_diverse_influence_seed5_train.h5,440,train,22,9,2,0,368,2000,train,15.990349,6.33825,7,-7
rnn_diverse_influence,5,/juice6/u/jshe/emergent_partner_grid/dev/eval_out/rnn_diverse_influence_seed5_train.h5,441,train,22,9,2,1,411,2000,test,18.37314,8.392886,7,-7
rnn_diverse_influence,5,/juice6/u/jshe/emergent_partner_grid/dev/eval_out/rnn_diverse_influence_seed5_train.h5,442,train,22,9,2,2,462,2000,train,15.566188,8.94745,7,-7
rnn_diverse_influence,5,/juice6/u/jshe/emergent_partner_grid/dev/eval_out/rnn_diverse_influence_seed5_train.h5,443,train,22,9,2,3,397,2000,train,14.792389,9.438939,7,-7
rnn_diverse_influence,5,/juice6/u/jshe/emergent_partner_grid/dev/eval_out/rnn_diverse_influence_seed5_train.h5,444,train,22,9,2,4,451,2000,train,15.473809,8.160672,7,-7
rnn_diverse_influence,5,/juice6/u/jshe/emergent_partner_grid/dev/eval_out/rnn_diverse_influence_seed5_train.h5,445,train,22,9,2,5,369,2000,train,18.175217,8.094816,7,-7
rnn_diverse_influence,5,/juice6/u/jshe/emergent_partner_grid/dev/eval_out/rnn_diverse_influence_seed5_train.h5,446,train,22,9,2,6,347,2000,train,14.195092,9.655584,7,-7
rnn_diverse_influence,5,/juice6/u/jshe/emergent_partner_grid/dev/eval_out/rnn_diverse_influence_seed5_train.h5,447,train,22,9,2,7,370,2000,train,16.379389,6.5770135,7,-7
rnn_diverse_influence,5,/juice6/u/jshe/emergent_partner_grid/dev/eval_out/rnn_diverse_influence_seed5_train.h5,448,train,22,9,2,8,444,2000,train,18.129297,7.911387,7,-7
rnn_diverse_influence,5,/juice6/u/jshe/emergent_partner_grid/dev/eval_out/rnn_diverse_influence_seed5_train.h5,449,train,22,9,2,9,428,2000,test,17.094898,8.890243,7,-7
rnn_diverse_influence,5,/juice6/u/jshe/emergent_partner_grid/dev/eval_out/rnn_diverse_influence_seed5_train.h5,450,train,22,9,2,10,455,2000,train,15.156619,7.715844,7,-7
rnn_diverse_influence,5,/juice6/u/jshe/emergent_partner_grid/dev/eval_out/rnn_diverse_influence_seed5_train.h5,451,train,22,9,2,11,422,2000,train,16.956312,7.488611,7,-7
rnn_diverse_influence,5,/juice6/u/jshe/emergent_partner_grid/dev/eval_out/rnn_diverse_influence_seed5_train.h5,452,train,22,9,2,12,425,2000,train,14.823259,9.385835,7,-7
rnn_diverse_influence,5,/juice6/u/jshe/emergent_partner_grid/dev/eval_out/rnn_diverse_influence_seed5_train.h5,453,train,22,9,2,13,445,2000,train,18.071453,6.828334,7,-7
rnn_diverse_influence,5,/juice6/u/jshe/emergent_partner_grid/dev/eval_out/rnn_diverse_influence_seed5_train.h5,454,train,22,9,2,14,410,2000,test,17.547453,6.0510693,7,-7
rnn_diverse_influence,5,/juice6/u/jshe/emergent_partner_grid/dev/eval_out/rnn_diverse_influence_seed5_train.h5,455,train,22,9,2,15,341,2000,test,17.34779,7.260271,7,-7
rnn_diverse_influence,5,/juice6/u/jshe/emergent_partner_grid/dev/eval_out/rnn_diverse_influence_seed5_train.h5,456,train,22,9,2,16,517,2000,train,17.15184,7.837985,7,-7
rnn_diverse_influence,5,/juice6/u/jshe/emergent_partner_grid/dev/eval_out/rnn_diverse_influence_seed5_train.h5,457,train,22,9,2,17,531,2000,train,15.72861,4.049665,7,-7
rnn_diverse_influence,5,/juice6/u/jshe/emergent_partner_grid/dev/eval_out/rnn_diverse_influence_seed5_train.h5,458,train,22,9,2,18,383,2000,train,16.876423,7.1692357,7,-7
rnn_diverse_influence,5,/juice6/u/jshe/emergent_partner_grid/dev/eval_out/rnn_diverse_influence_seed5_train.h5,459,train,22,9,2,19,437,2000,train,15.21127,4.146298,7,-7
rnn_diverse_influence,5,/juice6/u/jshe/emergent_partner_grid/dev/eval_out/rnn_diverse_influence_seed5_train.h5,460,train,23,9,3,0,505,2000,train,14.2505,4.567508,6,-6
rnn_diverse_influence,5,/juice6/u/jshe/emergent_partner_grid/dev/eval_out/rnn_diverse_influence_seed5_train.h5,461,train,23,9,3,1,452,2000,test,17.127993,9.136779,6,-6
rnn_diverse_influence,5,/juice6/u/jshe/emergent_partner_grid/dev/eval_out/rnn_diverse_influence_seed5_train.h5,462,train,23,9,3,2,531,2000,train,16.52916,9.693985,6,-6
rnn_diverse_influence,5,/juice6/u/jshe/emergent_partner_grid/dev/eval_out/rnn_diverse_influence_seed5_train.h5,463,train,23,9,3,3,559,2000,train,16.192953,7.847575,6,-6
rnn_diverse_influence,5,/juice6/u/jshe/emergent_partner_grid/dev/eval_out/rnn_diverse_influence_seed5_train.h5,464,train,23,9,3,4,487,2000,train,17.801796,5.820243,6,-6
rnn_diverse_influence,5,/juice6/u/jshe/emergent_partner_grid/dev/eval_out/rnn_diverse_influence_seed5_train.h5,465,train,23,9,3,5,462,2000,train,16.408304,6.4271374,6,-6
rnn_diverse_influence,5,/juice6/u/jshe/emergent_partner_grid/dev/eval_out/rnn_diverse_influence_seed5_train.h5,466,train,23,9,3,6,561,2000,train,14.78767,4.180128,6,-6
rnn_diverse_influence,5,/juice6/u/jshe/emergent_partner_grid/dev/eval_out/rnn_diverse_influence_seed5_train.h5,467,train,23,9,3,7,518,2000,train,17.750475,6.1224723,6,-6
rnn_diverse_influence,5,/juice6/u/jshe/emergent_partner_grid/dev/eval_out/rnn_diverse_influence_seed5_train.h5,468,train,23,9,3,8,482,2000,train,15.945537,9.226668,6,-6
rnn_diverse_influence,5,/juice6/u/jshe/emergent_partner_grid/dev/eval_out/rnn_diverse_influence_seed5_train.h5,469,train,23,9,3,9,416,2000,test,16.258486,5.2738414,6,-6
rnn_diverse_influence,5,/juice6/u/jshe/emergent_partner_grid/dev/eval_out/rnn_diverse_influence_seed5_train.h5,470,train,23,9,3,10,475,2000,train,16.42211,6.5651855,6,-6
rnn_diverse_influence,5,/juice6/u/jshe/emergent_partner_grid/dev/eval_out/rnn_diverse_influence_seed5_train.h5,471,train,23,9,3,11,535,2000,train,17.746323,7.7029243,6,-6
rnn_diverse_influence,5,/juice6/u/jshe/emergent_partner_grid/dev/eval_out/rnn_diverse_influence_seed5_train.h5,472,train,23,9,3,12,519,2000,train,16.316425,7.2164183,6,-6
rnn_diverse_influence,5,/juice6/u/jshe/emergent_partner_grid/dev/eval_out/rnn_diverse_influence_seed5_train.h5,473,train,23,9,3,13,486,2000,train,15.133966,9.101549,6,-6
rnn_diverse_influence,5,/juice6/u/jshe/emergent_partner_grid/dev/eval_out/rnn_diverse_influence_seed5_train.h5,474,train,23,9,3,14,566,2000,test,15.997922,8.483867,6,-6
rnn_diverse_influence,5,/juice6/u/jshe/emergent_partner_grid/dev/eval_out/rnn_diverse_influence_seed5_train.h5,475,train,23,9,3,15,523,2000,test,15.543192,5.1260233,6,-6
rnn_diverse_influence,5,/juice6/u/jshe/emergent_partner_grid/dev/eval_out/rnn_diverse_influence_seed5_train.h5,476,train,23,9,3,16,497,2000,train,17.495726,7.4300017,6,-6
rnn_diverse_influence,5,/juice6/u/jshe/emergent_partner_grid/dev/eval_out/rnn_diverse_influence_seed5_train.h5,477,train,23,9,3,17,475,2000,train,17.566181,5.684706,6,-6
rnn_diverse_influence,5,/juice6/u/jshe/emergent_partner_grid/dev/eval_out/rnn_diverse_influence_seed5_train.h5,478,train,23,9,3,18,524,2000,train,15.715083,8.384434,6,-6
rnn_diverse_influence,5,/juice6/u/jshe/emergent_partner_grid/dev/eval_out/rnn_diverse_influence_seed5_train.h5,479,train,23,9,3,19,518,2000,train,16.355364,7.7613316,6,-6
rnn_single_influence,5,/juice6/u/jshe/emergent_partner_grid/dev/eval_out/rnn_single_influence_seed5_test.h5,0,test,0,0,5,0,247,2000,train,-0.88272613,-15.048793,-5,5
rnn_single_influence,5,/juice6/u/jshe/emergent_partner_grid/dev/eval_out/rnn_single_influence_seed5_test.h5,1,test,0,0,5,1,283,2000,test,0.9928684,-13.731315,-5,5
rnn_single_influence,5,/juice6/u/jshe/emergent_partner_grid/dev/eval_out/rnn_single_influence_seed5_test.h5,2,test,0,0,5,2,211,2000,train,0.6313241,-15.470657,-5,5
rnn_single_influence,5,/juice6/u/jshe/emergent_partner_grid/dev/eval_out/rnn_single_influence_seed5_test.h5,3,test,0,0,5,3,372,2000,train,5.262208,-14.501164,-5,5
rnn_single_influence,5,/juice6/u/jshe/emergent_partner_grid/dev/eval_out/rnn_single_influence_seed5_test.h5,4,test,0,0,5,4,211,2000,train,-0.38314754,-15.314165,-5,5
rnn_single_influence,5,/juice6/u/jshe/emergent_partner_grid/dev/eval_out/rnn_single_influence_seed5_test.h5,5,test,0,0,5,5,327,2000,train,5.8920593,-13.000864,-5,5
rnn_single_influence,5,/juice6/u/jshe/emergent_partner_grid/dev/eval_out/rnn_single_influence_seed5_test.h5,6,test,0,0,5,6,195,2000,train,-0.7598746,-14.488194,-5,5
rnn_single_influence,5,/juice6/u/jshe/emergent_partner_grid/dev/eval_out/rnn_single_influence_seed5_test.h5,7,test,0,0,5,7,225,2000,train,1.1125104,-13.998628,-5,5
rnn_single_influence,5,/juice6/u/jshe/emergent_partner_grid/dev/eval_out/rnn_single_influence_seed5_test.h5,8,test,0,0,5,8,214,2000,train,0.13271576,-15.48838,-5,5
rnn_single_influence,5,/juice6/u/jshe/emergent_partner_grid/dev/eval_out/rnn_single_influence_seed5_test.h5,9,test,0,0,5,9,195,2000,test,-0.21113841,-15.347432,-5,5
rnn_single_influence,5,/juice6/u/jshe/emergent_partner_grid/dev/eval_out/rnn_single_influence_seed5_test.h5,10,test,0,0,5,10,298,2000,train,2.3606834,-13.879039,-5,5
rnn_single_influence,5,/juice6/u/jshe/emergent_partner_grid/dev/eval_out/rnn_single_influence_seed5_test.h5,11,test,0,0,5,11,190,2000,train,-1.1915165,-16.161451,-5,5
rnn_single_influence,5,/juice6/u/jshe/emergent_partner_grid/dev/eval_out/rnn_single_influence_seed5_test.h5,12,test,0,0,5,12,243,2000,train,-0.5914852,-16.226042,-5,5
rnn_single_influence,5,/juice6/u/jshe/emergent_partner_grid/dev/eval_out/rnn_single_influence_seed5_test.h5,13,test,0,0,5,13,326,2000,train,2.3040922,-15.588449,-5,5
rnn_single_influence,5,/juice6/u/jshe/emergent_partner_grid/dev/eval_out/rnn_single_influence_seed5_test.h5,14,test,0,0,5,14,252,2000,test,-0.4867505,-16.526516,-5,5
rnn_single_influence,5,/juice6/u/jshe/emergent_partner_grid/dev/eval_out/rnn_single_influence_seed5_test.h5,15,test,0,0,5,15,242,2000,test,0.110391274,-16.732246,-5,5
rnn_single_influence,5,/juice6/u/jshe/emergent_partner_grid/dev/eval_out/rnn_single_influence_seed5_test.h5,16,test,0,0,5,16,194,2000,train,-1.4031003,-15.610665,-5,5
rnn_single_influence,5,/juice6/u/jshe/emergent_partner_grid/dev/eval_out/rnn_single_influence_seed5_test.h5,17,test,0,0,5,17,221,2000,train,0.8381459,-15.018737,-5,5
rnn_single_influence,5,/juice6/u/jshe/emergent_partner_grid/dev/eval_out/rnn_single_influence_seed5_test.h5,18,test,0,0,5,18,327,2000,train,0.7592097,-16.125587,-5,5
rnn_single_influence,5,/juice6/u/jshe/emergent_partner_grid/dev/eval_out/rnn_single_influence_seed5_test.h5,19,test,0,0,5,19,201,2000,train,-0.9652405,-16.701532,-5,5
rnn_single_influence,5,/juice6/u/jshe/emergent_partner_grid/dev/eval_out/rnn_single_influence_seed5_test.h5,20,test,1,0,6,0,207,2000,train,2.0249295,-13.710695,-6,6
rnn_single_influence,5,/juice6/u/jshe/emergent_partner_grid/dev/eval_out/rnn_single_influence_seed5_test.h5,21,test,1,0,6,1,292,2000,test,-0.14646302,-15.832353,-6,6
rnn_single_influence,5,/juice6/u/jshe/emergent_partner_grid/dev/eval_out/rnn_single_influence_seed5_test.h5,22,test,1,0,6,2,256,2000,train,0.63384956,-16.577953,-6,6
rnn_single_influence,5,/juice6/u/jshe/emergent_partner_grid/dev/eval_out/rnn_single_influence_seed5_test.h5,23,test,1,0,6,3,374,2000,train,7.8935604,-11.787026,-6,6
rnn_single_influence,5,/juice6/u/jshe/emergent_partner_grid/dev/eval_out/rnn_single_influence_seed5_test.h5,24,test,1,0,6,4,305,2000,train,5.0731483,-14.097802,-6,6
rnn_single_influence,5,/juice6/u/jshe/emergent_partner_grid/dev/eval_out/rnn_single_influence_seed5_test.h5,25,test,1,0,6,5,223,2000,train,0.34828246,-15.788467,-6,6
rnn_single_influence,5,/juice6/u/jshe/emergent_partner_grid/dev/eval_out/rnn_single_influence_seed5_test.h5,26,test,1,0,6,6,298,2000,train,-0.8983389,-16.399837,-6,6
rnn_single_influence,5,/juice6/u/jshe/emergent_partner_grid/dev/eval_out/rnn_single_influence_seed5_test.h5,27,test,1,0,6,7,221,2000,train,-0.6340315,-15.505376,-6,6
rnn_single_influence,5,/juice6/u/jshe/emergent_partner_grid/dev/eval_out/rnn_single_influence_seed5_test.h5,28,test,1,0,6,8,231,2000,train,5.021617,-14.610281,-6,6
rnn_single_influence,5,/juice6/u/jshe/emergent_partner_grid/dev/eval_out/rnn_single_influence_seed5_test.h5,29,test,1,0,6,9,236,2000,test,4.2259927,-14.736929,-6,6
rnn_single_influence,5,/juice6/u/jshe/emergent_partner_grid/dev/eval_out/rnn_single_influence_seed5_test.h5,30,test,1,0,6,10,221,2000,train,-0.57303727,-16.052156,-6,6
rnn_single_influence,5,/juice6/u/jshe/emergent_partner_grid/dev/eval_out/rnn_single_influence_seed5_test.h5,31,test,1,0,6,11,377,2000,train,1.3473715,-16.541689,-6,6
rnn_single_influence,5,/juice6/u/jshe/emergent_partner_grid/dev/eval_out/rnn_single_influence_seed5_test.h5,32,test,1,0,6,12,248,2000,train,3.2711892,-14.408266,-6,6
rnn_single_influence,5,/juice6/u/jshe/emergent_partner_grid/dev/eval_out/rnn_single_influence_seed5_test.h5,33,test,1,0,6,13,212,2000,train,1.6272138,-15.965813,-6,6
rnn_single_influence,5,/juice6/u/jshe/emergent_partner_grid/dev/eval_out/rnn_single_influence_seed5_test.h5,34,test,1,0,6,14,292,2000,test,4.613514,-15.055948,-6,6
rnn_single_influence,5,/juice6/u/jshe/emergent_partner_grid/dev/eval_out/rnn_single_influence_seed5_test.h5,35,test,1,0,6,15,267,2000,test,5.187127,-15.027732,-6,6
rnn_single_influence,5,/juice6/u/jshe/emergent_partner_grid/dev/eval_out/rnn_single_influence_seed5_test.h5,36,test,1,0,6,16,301,2000,train,0.74419934,-15.328361,-6,6
rnn_single_influence,5,/juice6/u/jshe/emergent_partner_grid/dev/eval_out/rnn_single_influence_seed5_test.h5,37,test,1,0,6,17,345,2000,train,3.1033256,-14.682186,-6,6
rnn_single_influence,5,/juice6/u/jshe/emergent_partner_grid/dev/eval_out/rnn_single_influence_seed5_test.h5,38,test,1,0,6,18,212,2000,train,0.4559956,-15.754096,-6,6
rnn_single_influence,5,/juice6/u/jshe/emergent_partner_grid/dev/eval_out/rnn_single_influence_seed5_test.h5,39,test,1,0,6,19,310,2000,train,0.046150286,-16.093884,-6,6
rnn_single_influence,5,/juice6/u/jshe/emergent_partner_grid/dev/eval_out/rnn_single_influence_seed5_test.h5,380,test,19,0,7,0,226,2000,train,2.5783694,-14.342999,-7,7
rnn_single_influence,5,/juice6/u/jshe/emergent_partner_grid/dev/eval_out/rnn_single_influence_seed5_test.h5,381,test,19,0,7,1,204,2000,test,-0.7773647,-15.467974,-7,7
rnn_single_influence,5,/juice6/u/jshe/emergent_partner_grid/dev/eval_out/rnn_single_influence_seed5_test.h5,382,test,19,0,7,2,319,2000,train,-0.4005507,-16.448498,-7,7
rnn_single_influence,5,/juice6/u/jshe/emergent_partner_grid/dev/eval_out/rnn_single_influence_seed5_test.h5,383,test,19,0,7,3,243,2000,train,0.3220996,-16.399422,-7,7
rnn_single_influence,5,/juice6/u/jshe/emergent_partner_grid/dev/eval_out/rnn_single_influence_seed5_test.h5,384,test,19,0,7,4,296,2000,train,-1.1641078,-16.28986,-7,7
rnn_single_influence,5,/juice6/u/jshe/emergent_partner_grid/dev/eval_out/rnn_single_influence_seed5_test.h5,385,test,19,0,7,5,272,2000,train,6.766372,-12.277842,-7,7
rnn_single_influence,5,/juice6/u/jshe/emergent_partner_grid/dev/eval_out/rnn_single_influence_seed5_test.h5,386,test,19,0,7,6,258,2000,train,0.44999522,-15.954594,-7,7
rnn_single_influence,5,/juice6/u/jshe/emergent_partner_grid/dev/eval_out/rnn_single_influence_seed5_test.h5,387,test,19,0,7,7,316,2000,train,5.1734695,-14.218649,-7,7
rnn_single_influence,5,/juice6/u/jshe/emergent_partner_grid/dev/eval_out/rnn_single_influence_seed5_test.h5,388,test,19,0,7,8,242,2000,train,-0.19331257,-14.376583,-7,7
rnn_single_influence,5,/juice6/u/jshe/emergent_partner_grid/dev/eval_out/rnn_single_influence_seed5_test.h5,389,test,19,0,7,9,315,2000,test,-0.09019187,-16.90305,-7,7
rnn_single_influence,5,/juice6/u/jshe/emergent_partner_grid/dev/eval_out/rnn_single_influence_seed5_test.h5,390,test,19,0,7,10,272,2000,train,-0.4351128,-17.081507,-7,7
rnn_single_influence,5,/juice6/u/jshe/emergent_partner_grid/dev/eval_out/rnn_single_influence_seed5_test.h5,391,test,19,0,7,11,270,2000,train,5.049208,-13.806105,-7,7
rnn_single_influence,5,/juice6/u/jshe/emergent_partner_grid/dev/eval_out/rnn_single_influence_seed5_test.h5,392,test,19,0,7,12,378,2000,train,-0.2694595,-16.2978,-7,7
rnn_single_influence,5,/juice6/u/jshe/emergent_partner_grid/dev/eval_out/rnn_single_influence_seed5_test.h5,393,test,19,0,7,13,252,2000,train,0.19797277,-13.3942175,-7,7
rnn_single_influence,5,/juice6/u/jshe/emergent_partner_grid/dev/eval_out/rnn_single_influence_seed5_test.h5,394,test,19,0,7,14,214,2000,test,4.5675883,-14.93146,-7,7
rnn_single_influence,5,/juice6/u/jshe/emergent_partner_grid/dev/eval_out/rnn_single_influence_seed5_test.h5,395,test,19,0,7,15,284,2000,test,-0.6296046,-16.23139,-7,7
rnn_single_influence,5,/juice6/u/jshe/emergent_partner_grid/dev/eval_out/rnn_single_influence_seed5_test.h5,396,test,19,0,7,16,435,2000,train,6.348999,-13.792548,-7,7
rnn_single_influence,5,/juice6/u/jshe/emergent_partner_grid/dev/eval_out/rnn_single_influence_seed5_test.h5,397,test,19,0,7,17,279,2000,train,-0.73240644,-16.504644,-7,7
rnn_single_influence,5,/juice6/u/jshe/emergent_partner_grid/dev/eval_out/rnn_single_influence_seed5_test.h5,398,test,19,0,7,18,291,2000,train,1.2627238,-16.168465,-7,7
rnn_single_influence,5,/juice6/u/jshe/emergent_partner_grid/dev/eval_out/rnn_single_influence_seed5_test.h5,399,test,19,0,7,19,231,2000,train,0.03803243,-15.407486,-7,7
rnn_single_influence,5,/juice6/u/jshe/emergent_partner_grid/dev/eval_out/rnn_single_influence_seed5_test.h5,400,test,20,0,8,0,203,2000,train,1.2887216,-15.200968,-8,8
rnn_single_influence,5,/juice6/u/jshe/emergent_partner_grid/dev/eval_out/rnn_single_influence_seed5_test.h5,401,test,20,0,8,1,235,2000,test,-0.8245392,-13.962197,-8,8
rnn_single_influence,5,/juice6/u/jshe/emergent_partner_grid/dev/eval_out/rnn_single_influence_seed5_test.h5,402,test,20,0,8,2,190,2000,train,0.34770715,-15.057641,-8,8
rnn_single_influence,5,/juice6/u/jshe/emergent_partner_grid/dev/eval_out/rnn_single_influence_seed5_test.h5,403,test,20,0,8,3,243,2000,train,-0.7139952,-14.65279,-8,8
rnn_single_influence,5,/juice6/u/jshe/emergent_partner_grid/dev/eval_out/rnn_single_influence_seed5_test.h5,404,test,20,0,8,4,182,2000,train,-1.448587,-15.342175,-8,8
rnn_single_influence,5,/juice6/u/jshe/emergent_partner_grid/dev/eval_out/rnn_single_influence_seed5_test.h5,405,test,20,0,8,5,255,2000,train,1.332849,-16.74193,-8,8
rnn_single_influence,5,/juice6/u/jshe/emergent_partner_grid/dev/eval_out/rnn_single_influence_seed5_test.h5,406,test,20,0,8,6,384,2000,train,6.819394,-8.387567,-8,8
rnn_single_influence,5,/juice6/u/jshe/emergent_partner_grid/dev/eval_out/rnn_single_influence_seed5_test.h5,407,test,20,0,8,7,307,2000,train,0.4086504,-16.414341,-8,8
rnn_single_influence,5,/juice6/u/jshe/emergent_partner_grid/dev/eval_out/rnn_single_influence_seed5_test.h5,408,test,20,0,8,8,253,2000,train,4.554249,-14.2381,-8,8
rnn_single_influence,5,/juice6/u/jshe/emergent_partner_grid/dev/eval_out/rnn_single_influence_seed5_test.h5,409,test,20,0,8,9,175,2000,test,-1.3390654,-15.72327,-8,8
rnn_single_influence,5,/juice6/u/jshe/emergent_partner_grid/dev/eval_out/rnn_single_influence_seed5_test.h5,410,test,20,0,8,10,278,2000,train,-0.39400285,-14.6329975,-8,8
rnn_single_influence,5,/juice6/u/jshe/emergent_partner_grid/dev/eval_out/rnn_single_influence_seed5_test.h5,411,test,20,0,8,11,272,2000,train,0.9211624,-16.759054,-8,8
rnn_single_influence,5,/juice6/u/jshe/emergent_partner_grid/dev/eval_out/rnn_single_influence_seed5_test.h5,412,test,20,0,8,12,298,2000,train,1.9252427,-16.185606,-8,8
rnn_single_influence,5,/juice6/u/jshe/emergent_partner_grid/dev/eval_out/rnn_single_influence_seed5_test.h5,413,test,20,0,8,13,171,2000,train,-1.4857088,-15.991723,-8,8
rnn_single_influence,5,/juice6/u/jshe/emergent_partner_grid/dev/eval_out/rnn_single_influence_seed5_test.h5,414,test,20,0,8,14,222,2000,test,0.7337519,-12.842252,-8,8
rnn_single_influence,5,/juice6/u/jshe/emergent_partner_grid/dev/eval_out/rnn_single_influence_seed5_test.h5,415,test,20,0,8,15,248,2000,test,-0.2542548,-13.095377,-8,8
rnn_single_influence,5,/juice6/u/jshe/emergent_partner_grid/dev/eval_out/rnn_single_influence_seed5_test.h5,416,test,20,0,8,16,231,2000,train,0.19968082,-14.816456,-8,8
rnn_single_influence,5,/juice6/u/jshe/emergent_partner_grid/dev/eval_out/rnn_single_influence_seed5_test.h5,417,test,20,0,8,17,235,2000,train,-0.09402937,-15.652093,-8,8
rnn_single_influence,5,/juice6/u/jshe/emergent_partner_grid/dev/eval_out/rnn_single_influence_seed5_test.h5,418,test,20,0,8,18,253,2000,train,-0.99199575,-14.70009,-8,8
rnn_single_influence,5,/juice6/u/jshe/emergent_partner_grid/dev/eval_out/rnn_single_influence_seed5_test.h5,419,test,20,0,8,19,210,2000,train,0.25769657,-14.96212,-8,8
rnn_single_influence,5,/juice6/u/jshe/emergent_partner_grid/dev/eval_out/rnn_single_influence_seed5_test.h5,420,test,21,0,9,0,435,2000,train,0.9237882,-16.49127,-9,9
rnn_single_influence,5,/juice6/u/jshe/emergent_partner_grid/dev/eval_out/rnn_single_influence_seed5_test.h5,421,test,21,0,9,1,282,2000,test,0.072978474,-15.952892,-9,9
rnn_single_influence,5,/juice6/u/jshe/emergent_partner_grid/dev/eval_out/rnn_single_influence_seed5_test.h5,422,test,21,0,9,2,292,2000,train,0.8019957,-16.65897,-9,9
rnn_single_influence,5,/juice6/u/jshe/emergent_partner_grid/dev/eval_out/rnn_single_influence_seed5_test.h5,423,test,21,0,9,3,258,2000,train,-0.790507,-16.051548,-9,9
rnn_single_influence,5,/juice6/u/jshe/emergent_partner_grid/dev/eval_out/rnn_single_influence_seed5_test.h5,424,test,21,0,9,4,220,2000,train,-1.3678113,-15.090117,-9,9
rnn_single_influence,5,/juice6/u/jshe/emergent_partner_grid/dev/eval_out/rnn_single_influence_seed5_test.h5,425,test,21,0,9,5,239,2000,train,-1.2780557,-15.889543,-9,9
rnn_single_influence,5,/juice6/u/jshe/emergent_partner_grid/dev/eval_out/rnn_single_influence_seed5_test.h5,426,test,21,0,9,6,221,2000,train,-0.06310128,-14.663564,-9,9
rnn_single_influence,5,/juice6/u/jshe/emergent_partner_grid/dev/eval_out/rnn_single_influence_seed5_test.h5,427,test,21,0,9,7,258,2000,train,1.6269766,-12.66052,-9,9
rnn_single_influence,5,/juice6/u/jshe/emergent_partner_grid/dev/eval_out/rnn_single_influence_seed5_test.h5,428,test,21,0,9,8,270,2000,train,-1.2665136,-16.108793,-9,9
rnn_single_influence,5,/juice6/u/jshe/emergent_partner_grid/dev/eval_out/rnn_single_influence_seed5_test.h5,429,test,21,0,9,9,202,2000,test,-0.99399555,-15.614782,-9,9
rnn_single_influence,5,/juice6/u/jshe/emergent_partner_grid/dev/eval_out/rnn_single_influence_seed5_test.h5,430,test,21,0,9,10,293,2000,train,0.2508273,-16.70481,-9,9
rnn_single_influence,5,/juice6/u/jshe/emergent_partner_grid/dev/eval_out/rnn_single_influence_seed5_test.h5,431,test,21,0,9,11,340,2000,train,4.6938243,-13.987566,-9,9
rnn_single_influence,5,/juice6/u/jshe/emergent_partner_grid/dev/eval_out/rnn_single_influence_seed5_test.h5,432,test,21,0,9,12,183,2000,train,-0.22607976,-16.739658,-9,9
rnn_single_influence,5,/juice6/u/jshe/emergent_partner_grid/dev/eval_out/rnn_single_influence_seed5_test.h5,433,test,21,0,9,13,198,2000,train,-0.7174998,-14.900978,-9,9
rnn_single_influence,5,/juice6/u/jshe/emergent_partner_grid/dev/eval_out/rnn_single_influence_seed5_test.h5,434,test,21,0,9,14,214,2000,test,-0.22190166,-13.320955,-9,9
rnn_single_influence,5,/juice6/u/jshe/emergent_partner_grid/dev/eval_out/rnn_single_influence_seed5_test.h5,435,test,21,0,9,15,212,2000,test,-0.04333227,-16.648775,-9,9
rnn_single_influence,5,/juice6/u/jshe/emergent_partner_grid/dev/eval_out/rnn_single_influence_seed5_test.h5,436,test,21,0,9,16,294,2000,train,4.22919,-13.421485,-9,9
rnn_single_influence,5,/juice6/u/jshe/emergent_partner_grid/dev/eval_out/rnn_single_influence_seed5_test.h5,437,test,21,0,9,17,236,2000,train,-0.015919017,-15.837328,-9,9
rnn_single_influence,5,/juice6/u/jshe/emergent_partner_grid/dev/eval_out/rnn_single_influence_seed5_test.h5,438,test,21,0,9,18,190,2000,train,-0.8127439,-15.1316595,-9,9
rnn_single_influence,5,/juice6/u/jshe/emergent_partner_grid/dev/eval_out/rnn_single_influence_seed5_test.h5,439,test,21,0,9,19,296,2000,train,-0.4358035,-14.245105,-9,9
rnn_single_influence,5,/juice6/u/jshe/emergent_partner_grid/dev/eval_out/rnn_single_influence_seed5_train.h5,0,train,0,1,4,0,234,2000,train,1.2819415,-13.970296,-3,3
rnn_single_influence,5,/juice6/u/jshe/emergent_partner_grid/dev/eval_out/rnn_single_influence_seed5_train.h5,1,train,0,1,4,1,246,2000,test,0.54433006,-13.142495,-3,3
rnn_single_influence,5,/juice6/u/jshe/emergent_partner_grid/dev/eval_out/rnn_single_influence_seed5_train.h5,2,train,0,1,4,2,264,2000,train,-0.06388727,-13.339376,-3,3
rnn_single_influence,5,/juice6/u/jshe/emergent_partner_grid/dev/eval_out/rnn_single_influence_seed5_train.h5,3,train,0,1,4,3,305,2000,train,2.3514955,-13.2942505,-3,3
rnn_single_influence,5,/juice6/u/jshe/emergent_partner_grid/dev/eval_out/rnn_single_influence_seed5_train.h5,4,train,0,1,4,4,282,2000,train,0.46905074,-15.651601,-3,3
rnn_single_influence,5,/juice6/u/jshe/emergent_partner_grid/dev/eval_out/rnn_single_influence_seed5_train.h5,5,train,0,1,4,5,247,2000,train,0.4887809,-14.631756,-3,3
rnn_single_influence,5,/juice6/u/jshe/emergent_partner_grid/dev/eval_out/rnn_single_influence_seed5_train.h5,6,train,0,1,4,6,288,2000,train,0.15040965,-13.974783,-3,3
rnn_single_influence,5,/juice6/u/jshe/emergent_partner_grid/dev/eval_out/rnn_single_influence_seed5_train.h5,7,train,0,1,4,7,235,2000,train,1.2528903,-12.947341,-3,3
rnn_single_influence,5,/juice6/u/jshe/emergent_partner_grid/dev/eval_out/rnn_single_influence_seed5_train.h5,8,train,0,1,4,8,262,2000,train,2.209147,-15.066999,-3,3
rnn_single_influence,5,/juice6/u/jshe/emergent_partner_grid/dev/eval_out/rnn_single_influence_seed5_train.h5,9,train,0,1,4,9,256,2000,test,1.652282,-15.57454,-3,3
rnn_single_influence,5,/juice6/u/jshe/emergent_partner_grid/dev/eval_out/rnn_single_influence_seed5_train.h5,10,train,0,1,4,10,320,2000,train,2.500346,-12.73934,-3,3
rnn_single_influence,5,/juice6/u/jshe/emergent_partner_grid/dev/eval_out/rnn_single_influence_seed5_train.h5,11,train,0,1,4,11,263,2000,train,1.5690395,-12.868546,-3,3
rnn_single_influence,5,/juice6/u/jshe/emergent_partner_grid/dev/eval_out/rnn_single_influence_seed5_train.h5,12,train,0,1,4,12,265,2000,train,0.3272322,-14.245886,-3,3
rnn_single_influence,5,/juice6/u/jshe/emergent_partner_grid/dev/eval_out/rnn_single_influence_seed5_train.h5,13,train,0,1,4,13,336,2000,train,0.7131453,-14.539319,-3,3
rnn_single_influence,5,/juice6/u/jshe/emergent_partner_grid/dev/eval_out/rnn_single_influence_seed5_train.h5,14,train,0,1,4,14,306,2000,test,3.36027,-14.009563,-3,3
rnn_single_influence,5,/juice6/u/jshe/emergent_partner_grid/dev/eval_out/rnn_single_influence_seed5_train.h5,15,train,0,1,4,15,264,2000,test,0.46836233,-12.864132,-3,3
rnn_single_influence,5,/juice6/u/jshe/emergent_partner_grid/dev/eval_out/rnn_single_influence_seed5_train.h5,16,train,0,1,4,16,312,2000,train,1.7448227,-14.452115,-3,3
rnn_single_influence,5,/juice6/u/jshe/emergent_partner_grid/dev/eval_out/rnn_single_influence_seed5_train.h5,17,train,0,1,4,17,312,2000,train,4.9006143,-14.701562,-3,3
rnn_single_influence,5,/juice6/u/jshe/emergent_partner_grid/dev/eval_out/rnn_single_influence_seed5_train.h5,18,train,0,1,4,18,248,2000,train,1.0696305,-12.068277,-3,3
rnn_single_influence,5,/juice6/u/jshe/emergent_partner_grid/dev/eval_out/rnn_single_influence_seed5_train.h5,19,train,0,1,4,19,242,2000,train,0.56721276,-13.878649,-3,3
rnn_single_influence,5,/juice6/u/jshe/emergent_partner_grid/dev/eval_out/rnn_single_influence_seed5_test.h5,40,test,2,1,5,0,269,2000,train,4.0342045,-14.41174,-4,4
rnn_single_influence,5,/juice6/u/jshe/emergent_partner_grid/dev/eval_out/rnn_single_influence_seed5_test.h5,41,test,2,1,5,1,249,2000,test,1.5918164,-12.850017,-4,4
rnn_single_influence,5,/juice6/u/jshe/emergent_partner_grid/dev/eval_out/rnn_single_influence_seed5_test.h5,42,test,2,1,5,2,260,2000,train,-0.5627792,-13.298626,-4,4
rnn_single_influence,5,/juice6/u/jshe/emergent_partner_grid/dev/eval_out/rnn_single_influence_seed5_test.h5,43,test,2,1,5,3,246,2000,train,1.1986231,-15.408865,-4,4
rnn_single_influence,5,/juice6/u/jshe/emergent_partner_grid/dev/eval_out/rnn_single_influence_seed5_test.h5,44,test,2,1,5,4,273,2000,train,2.0554018,-13.913857,-4,4
rnn_single_influence,5,/juice6/u/jshe/emergent_partner_grid/dev/eval_out/rnn_single_influence_seed5_test.h5,45,test,2,1,5,5,266,2000,train,1.0409917,-14.278499,-4,4
rnn_single_influence,5,/juice6/u/jshe/emergent_partner_grid/dev/eval_out/rnn_single_influence_seed5_test.h5,46,test,2,1,5,6,257,2000,train,0.9321911,-15.121273,-4,4
rnn_single_influence,5,/juice6/u/jshe/emergent_partner_grid/dev/eval_out/rnn_single_influence_seed5_test.h5,47,test,2,1,5,7,310,2000,train,1.8306421,-12.878555,-4,4
rnn_single_influence,5,/juice6/u/jshe/emergent_partner_grid/dev/eval_out/rnn_single_influence_seed5_test.h5,48,test,2,1,5,8,329,2000,train,5.7076583,-14.665705,-4,4
rnn_single_influence,5,/juice6/u/jshe/emergent_partner_grid/dev/eval_out/rnn_single_influence_seed5_test.h5,49,test,2,1,5,9,308,2000,test,0.596597,-15.218631,-4,4
rnn_single_influence,5,/juice6/u/jshe/emergent_partner_grid/dev/eval_out/rnn_single_influence_seed5_test.h5,50,test,2,1,5,10,231,2000,train,2.1305845,-13.707994,-4,4
rnn_single_influence,5,/juice6/u/jshe/emergent_partner_grid/dev/eval_out/rnn_single_influence_seed5_test.h5,51,test,2,1,5,11,318,2000,train,2.0328562,-13.877844,-4,4
rnn_single_influence,5,/juice6/u/jshe/emergent_partner_grid/dev/eval_out/rnn_single_influence_seed5_test.h5,52,test,2,1,5,12,247,2000,train,1.4230942,-14.486244,-4,4
rnn_single_influence,5,/juice6/u/jshe/emergent_partner_grid/dev/eval_out/rnn_single_influence_seed5_test.h5,53,test,2,1,5,13,248,2000,train,0.034808986,-12.513035,-4,4
rnn_single_influence,5,/juice6/u/jshe/emergent_partner_grid/dev/eval_out/rnn_single_influence_seed5_test.h5,54,test,2,1,5,14,243,2000,test,0.26119122,-12.786095,-4,4
rnn_single_influence,5,/juice6/u/jshe/emergent_partner_grid/dev/eval_out/rnn_single_influence_seed5_test.h5,55,test,2,1,5,15,262,2000,test,1.2205211,-15.34644,-4,4
rnn_single_influence,5,/juice6/u/jshe/emergent_partner_grid/dev/eval_out/rnn_single_influence_seed5_test.h5,56,test,2,1,5,16,255,2000,train,0.8948628,-12.352131,-4,4
rnn_single_influence,5,/juice6/u/jshe/emergent_partner_grid/dev/eval_out/rnn_single_influence_seed5_test.h5,57,test,2,1,5,17,253,2000,train,1.3814372,-13.307854,-4,4
rnn_single_influence,5,/juice6/u/jshe/emergent_partner_grid/dev/eval_out/rnn_single_influence_seed5_test.h5,58,test,2,1,5,18,258,2000,train,1.8627039,-15.305285,-4,4
rnn_single_influence,5,/juice6/u/jshe/emergent_partner_grid/dev/eval_out/rnn_single_influence_seed5_test.h5,59,test,2,1,5,19,274,2000,train,0.8669557,-15.036561,-4,4
rnn_single_influence,5,/juice6/u/jshe/emergent_partner_grid/dev/eval_out/rnn_single_influence_seed5_test.h5,60,test,3,1,6,0,256,2000,train,4.721586,-14.549823,-5,5
rnn_single_influence,5,/juice6/u/jshe/emergent_partner_grid/dev/eval_out/rnn_single_influence_seed5_test.h5,61,test,3,1,6,1,278,2000,test,2.0441988,-15.09258,-5,5
rnn_single_influence,5,/juice6/u/jshe/emergent_partner_grid/dev/eval_out/rnn_single_influence_seed5_test.h5,62,test,3,1,6,2,224,2000,train,-0.40165666,-13.997789,-5,5
rnn_single_influence,5,/juice6/u/jshe/emergent_partner_grid/dev/eval_out/rnn_single_influence_seed5_test.h5,63,test,3,1,6,3,329,2000,train,1.4001266,-14.797552,-5,5
rnn_single_influence,5,/juice6/u/jshe/emergent_partner_grid/dev/eval_out/rnn_single_influence_seed5_test.h5,64,test,3,1,6,4,275,2000,train,5.228988,-14.7248,-5,5
rnn_single_influence,5,/juice6/u/jshe/emergent_partner_grid/dev/eval_out/rnn_single_influence_seed5_test.h5,65,test,3,1,6,5,271,2000,train,0.91177523,-12.485396,-5,5
rnn_single_influence,5,/juice6/u/jshe/emergent_partner_grid/dev/eval_out/rnn_single_influence_seed5_test.h5,66,test,3,1,6,6,280,2000,train,0.7005145,-14.2800455,-5,5
rnn_single_influence,5,/juice6/u/jshe/emergent_partner_grid/dev/eval_out/rnn_single_influence_seed5_test.h5,67,test,3,1,6,7,277,2000,train,0.12081385,-14.583359,-5,5
rnn_single_influence,5,/juice6/u/jshe/emergent_partner_grid/dev/eval_out/rnn_single_influence_seed5_test.h5,68,test,3,1,6,8,241,2000,train,0.5064818,-13.558351,-5,5
rnn_single_influence,5,/juice6/u/jshe/emergent_partner_grid/dev/eval_out/rnn_single_influence_seed5_test.h5,69,test,3,1,6,9,235,2000,test,0.92955846,-13.547106,-5,5
rnn_single_influence,5,/juice6/u/jshe/emergent_partner_grid/dev/eval_out/rnn_single_influence_seed5_test.h5,70,test,3,1,6,10,366,2000,train,-0.107957415,-13.948244,-5,5
rnn_single_influence,5,/juice6/u/jshe/emergent_partner_grid/dev/eval_out/rnn_single_influence_seed5_test.h5,71,test,3,1,6,11,277,2000,train,-0.539201,-13.620576,-5,5
rnn_single_influence,5,/juice6/u/jshe/emergent_partner_grid/dev/eval_out/rnn_single_influence_seed5_test.h5,72,test,3,1,6,12,265,2000,train,3.1891801,-13.953159,-5,5
rnn_single_influence,5,/juice6/u/jshe/emergent_partner_grid/dev/eval_out/rnn_single_influence_seed5_test.h5,73,test,3,1,6,13,276,2000,train,0.77282894,-12.872329,-5,5
rnn_single_influence,5,/juice6/u/jshe/emergent_partner_grid/dev/eval_out/rnn_single_influence_seed5_test.h5,74,test,3,1,6,14,247,2000,test,0.4520924,-14.652847,-5,5
rnn_single_influence,5,/juice6/u/jshe/emergent_partner_grid/dev/eval_out/rnn_single_influence_seed5_test.h5,75,test,3,1,6,15,310,2000,test,2.1656237,-15.472974,-5,5
rnn_single_influence,5,/juice6/u/jshe/emergent_partner_grid/dev/eval_out/rnn_single_influence_seed5_test.h5,76,test,3,1,6,16,271,2000,train,-0.5505817,-13.493322,-5,5
rnn_single_influence,5,/juice6/u/jshe/emergent_partner_grid/dev/eval_out/rnn_single_influence_seed5_test.h5,77,test,3,1,6,17,287,2000,train,4.823127,-14.69149,-5,5
rnn_single_influence,5,/juice6/u/jshe/emergent_partner_grid/dev/eval_out/rnn_single_influence_seed5_test.h5,78,test,3,1,6,18,238,2000,train,1.0095806,-15.157545,-5,5
rnn_single_influence,5,/juice6/u/jshe/emergent_partner_grid/dev/eval_out/rnn_single_influence_seed5_test.h5,79,test,3,1,6,19,269,2000,train,1.1886117,-14.745614,-5,5
rnn_single_influence,5,/juice6/u/jshe/emergent_partner_grid/dev/eval_out/rnn_single_influence_seed5_train.h5,20,train,1,1,7,0,257,2000,train,2.024878,-15.321047,-6,6
rnn_single_influence,5,/juice6/u/jshe/emergent_partner_grid/dev/eval_out/rnn_single_influence_seed5_train.h5,21,train,1,1,7,1,273,2000,test,0.28766114,-14.292173,-6,6
rnn_single_influence,5,/juice6/u/jshe/emergent_partner_grid/dev/eval_out/rnn_single_influence_seed5_train.h5,22,train,1,1,7,2,286,2000,train,-0.23113635,-14.002708,-6,6
rnn_single_influence,5,/juice6/u/jshe/emergent_partner_grid/dev/eval_out/rnn_single_influence_seed5_train.h5,23,train,1,1,7,3,251,2000,train,1.010591,-13.53457,-6,6
rnn_single_influence,5,/juice6/u/jshe/emergent_partner_grid/dev/eval_out/rnn_single_influence_seed5_train.h5,24,train,1,1,7,4,239,2000,train,2.4995086,-14.640762,-6,6
rnn_single_influence,5,/juice6/u/jshe/emergent_partner_grid/dev/eval_out/rnn_single_influence_seed5_train.h5,25,train,1,1,7,5,304,2000,train,0.4714923,-13.574428,-6,6
rnn_single_influence,5,/juice6/u/jshe/emergent_partner_grid/dev/eval_out/rnn_single_influence_seed5_train.h5,26,train,1,1,7,6,287,2000,train,1.4058669,-14.942661,-6,6
rnn_single_influence,5,/juice6/u/jshe/emergent_partner_grid/dev/eval_out/rnn_single_influence_seed5_train.h5,27,train,1,1,7,7,275,2000,train,1.0929928,-14.508885,-6,6
rnn_single_influence,5,/juice6/u/jshe/emergent_partner_grid/dev/eval_out/rnn_single_influence_seed5_train.h5,28,train,1,1,7,8,236,2000,train,1.3482428,-14.078583,-6,6
rnn_single_influence,5,/juice6/u/jshe/emergent_partner_grid/dev/eval_out/rnn_single_influence_seed5_train.h5,29,train,1,1,7,9,315,2000,test,1.4153985,-15.006208,-6,6
rnn_single_influence,5,/juice6/u/jshe/emergent_partner_grid/dev/eval_out/rnn_single_influence_seed5_train.h5,30,train,1,1,7,10,333,2000,train,1.7518154,-15.289545,-6,6
rnn_single_influence,5,/juice6/u/jshe/emergent_partner_grid/dev/eval_out/rnn_single_influence_seed5_train.h5,31,train,1,1,7,11,247,2000,train,-0.8197631,-13.650738,-6,6
rnn_single_influence,5,/juice6/u/jshe/emergent_partner_grid/dev/eval_out/rnn_single_influence_seed5_train.h5,32,train,1,1,7,12,282,2000,train,1.9375502,-16.06588,-6,6
rnn_single_influence,5,/juice6/u/jshe/emergent_partner_grid/dev/eval_out/rnn_single_influence_seed5_train.h5,33,train,1,1,7,13,279,2000,train,2.0817726,-13.731902,-6,6
rnn_single_influence,5,/juice6/u/jshe/emergent_partner_grid/dev/eval_out/rnn_single_influence_seed5_train.h5,34,train,1,1,7,14,278,2000,test,1.9961123,-14.036448,-6,6
rnn_single_influence,5,/juice6/u/jshe/emergent_partner_grid/dev/eval_out/rnn_single_influence_seed5_train.h5,35,train,1,1,7,15,255,2000,test,1.26514,-14.041439,-6,6
rnn_single_influence,5,/juice6/u/jshe/emergent_partner_grid/dev/eval_out/rnn_single_influence_seed5_train.h5,36,train,1,1,7,16,255,2000,train,2.0714679,-14.932788,-6,6
rnn_single_influence,5,/juice6/u/jshe/emergent_partner_grid/dev/eval_out/rnn_single_influence_seed5_train.h5,37,train,1,1,7,17,273,2000,train,0.19880074,-13.999611,-6,6
rnn_single_influence,5,/juice6/u/jshe/emergent_partner_grid/dev/eval_out/rnn_single_influence_seed5_train.h5,38,train,1,1,7,18,307,2000,train,0.5064476,-13.122271,-6,6
rnn_single_influence,5,/juice6/u/jshe/emergent_partner_grid/dev/eval_out/rnn_single_influence_seed5_train.h5,39,train,1,1,7,19,269,2000,train,1.9155804,-15.604784,-6,6
rnn_single_influence,5,/juice6/u/jshe/emergent_partner_grid/dev/eval_out/rnn_single_influence_seed5_train.h5,40,train,2,1,8,0,276,2000,train,3.1312592,-13.162844,-7,7
rnn_single_influence,5,/juice6/u/jshe/emergent_partner_grid/dev/eval_out/rnn_single_influence_seed5_train.h5,41,train,2,1,8,1,254,2000,test,1.6056845,-14.395059,-7,7
rnn_single_influence,5,/juice6/u/jshe/emergent_partner_grid/dev/eval_out/rnn_single_influence_seed5_train.h5,42,train,2,1,8,2,281,2000,train,-0.18361995,-14.278527,-7,7
rnn_single_influence,5,/juice6/u/jshe/emergent_partner_grid/dev/eval_out/rnn_single_influence_seed5_train.h5,43,train,2,1,8,3,239,2000,train,-0.5079071,-13.619854,-7,7
rnn_single_influence,5,/juice6/u/jshe/emergent_partner_grid/dev/eval_out/rnn_single_influence_seed5_train.h5,44,train,2,1,8,4,358,2000,train,1.5858467,-14.711977,-7,7
rnn_single_influence,5,/juice6/u/jshe/emergent_partner_grid/dev/eval_out/rnn_single_influence_seed5_train.h5,45,train,2,1,8,5,249,2000,train,-0.37887853,-13.221315,-7,7
rnn_single_influence,5,/juice6/u/jshe/emergent_partner_grid/dev/eval_out/rnn_single_influence_seed5_train.h5,46,train,2,1,8,6,282,2000,train,2.0067918,-14.044674,-7,7
rnn_single_influence,5,/juice6/u/jshe/emergent_partner_grid/dev/eval_out/rnn_single_influence_seed5_train.h5,47,train,2,1,8,7,305,2000,train,2.4809866,-14.450781,-7,7
rnn_single_influence,5,/juice6/u/jshe/emergent_partner_grid/dev/eval_out/rnn_single_influence_seed5_train.h5,48,train,2,1,8,8,239,2000,train,1.6914954,-13.504253,-7,7
rnn_single_influence,5,/juice6/u/jshe/emergent_partner_grid/dev/eval_out/rnn_single_influence_seed5_train.h5,49,train,2,1,8,9,431,2000,test,6.393617,-13.920864,-7,7
rnn_single_influence,5,/juice6/u/jshe/emergent_partner_grid/dev/eval_out/rnn_single_influence_seed5_train.h5,50,train,2,1,8,10,315,2000,train,1.464687,-14.839027,-7,7
rnn_single_influence,5,/juice6/u/jshe/emergent_partner_grid/dev/eval_out/rnn_single_influence_seed5_train.h5,51,train,2,1,8,11,328,2000,train,1.0976177,-14.211792,-7,7
rnn_single_influence,5,/juice6/u/jshe/emergent_partner_grid/dev/eval_out/rnn_single_influence_seed5_train.h5,52,train,2,1,8,12,218,2000,train,1.260572,-13.118583,-7,7
rnn_single_influence,5,/juice6/u/jshe/emergent_partner_grid/dev/eval_out/rnn_single_influence_seed5_train.h5,53,train,2,1,8,13,246,2000,train,1.1470845,-14.805007,-7,7
rnn_single_influence,5,/juice6/u/jshe/emergent_partner_grid/dev/eval_out/rnn_single_influence_seed5_train.h5,54,train,2,1,8,14,241,2000,test,2.3997586,-14.720401,-7,7
rnn_single_influence,5,/juice6/u/jshe/emergent_partner_grid/dev/eval_out/rnn_single_influence_seed5_train.h5,55,train,2,1,8,15,287,2000,test,-0.13004784,-14.042619,-7,7
rnn_single_influence,5,/juice6/u/jshe/emergent_partner_grid/dev/eval_out/rnn_single_influence_seed5_train.h5,56,train,2,1,8,16,236,2000,train,-0.11102092,-12.9637375,-7,7
rnn_single_influence,5,/juice6/u/jshe/emergent_partner_grid/dev/eval_out/rnn_single_influence_seed5_train.h5,57,train,2,1,8,17,290,2000,train,1.9613603,-14.102475,-7,7
rnn_single_influence,5,/juice6/u/jshe/emergent_partner_grid/dev/eval_out/rnn_single_influence_seed5_train.h5,58,train,2,1,8,18,267,2000,train,-0.22308867,-14.9877205,-7,7
rnn_single_influence,5,/juice6/u/jshe/emergent_partner_grid/dev/eval_out/rnn_single_influence_seed5_train.h5,59,train,2,1,8,19,271,2000,train,0.99046147,-13.2195635,-7,7
rnn_single_influence,5,/juice6/u/jshe/emergent_partner_grid/dev/eval_out/rnn_single_influence_seed5_train.h5,60,train,3,1,9,0,268,2000,train,0.81614524,-13.925841,-8,8
rnn_single_influence,5,/juice6/u/jshe/emergent_partner_grid/dev/eval_out/rnn_single_influence_seed5_train.h5,61,train,3,1,9,1,310,2000,test,4.074423,-13.082175,-8,8
rnn_single_influence,5,/juice6/u/jshe/emergent_partner_grid/dev/eval_out/rnn_single_influence_seed5_train.h5,62,train,3,1,9,2,311,2000,train,0.65909535,-13.196524,-8,8
rnn_single_influence,5,/juice6/u/jshe/emergent_partner_grid/dev/eval_out/rnn_single_influence_seed5_train.h5,63,train,3,1,9,3,294,2000,train,4.4283113,-13.830422,-8,8
rnn_single_influence,5,/juice6/u/jshe/emergent_partner_grid/dev/eval_out/rnn_single_influence_seed5_train.h5,64,train,3,1,9,4,250,2000,train,0.25227556,-12.484604,-8,8
rnn_single_influence,5,/juice6/u/jshe/emergent_partner_grid/dev/eval_out/rnn_single_influence_seed5_train.h5,65,train,3,1,9,5,289,2000,train,1.3596636,-15.788017,-8,8
rnn_single_influence,5,/juice6/u/jshe/emergent_partner_grid/dev/eval_out/rnn_single_influence_seed5_train.h5,66,train,3,1,9,6,318,2000,train,0.4751003,-14.296654,-8,8
rnn_single_influence,5,/juice6/u/jshe/emergent_partner_grid/dev/eval_out/rnn_single_influence_seed5_train.h5,67,train,3,1,9,7,289,2000,train,1.4007883,-14.612915,-8,8
rnn_single_influence,5,/juice6/u/jshe/emergent_partner_grid/dev/eval_out/rnn_single_influence_seed5_train.h5,68,train,3,1,9,8,271,2000,train,2.781746,-14.916403,-8,8
rnn_single_influence,5,/juice6/u/jshe/emergent_partner_grid/dev/eval_out/rnn_single_influence_seed5_train.h5,69,train,3,1,9,9,255,2000,test,1.3832432,-15.843495,-8,8
rnn_single_influence,5,/juice6/u/jshe/emergent_partner_grid/dev/eval_out/rnn_single_influence_seed5_train.h5,70,train,3,1,9,10,265,2000,train,2.1356459,-14.579292,-8,8
rnn_single_influence,5,/juice6/u/jshe/emergent_partner_grid/dev/eval_out/rnn_single_influence_seed5_train.h5,71,train,3,1,9,11,224,2000,train,-0.5265542,-13.273603,-8,8
rnn_single_influence,5,/juice6/u/jshe/emergent_partner_grid/dev/eval_out/rnn_single_influence_seed5_train.h5,72,train,3,1,9,12,344,2000,train,1.0337026,-13.547071,-8,8
rnn_single_influence,5,/juice6/u/jshe/emergent_partner_grid/dev/eval_out/rnn_single_influence_seed5_train.h5,73,train,3,1,9,13,248,2000,train,-0.79298633,-13.734441,-8,8
rnn_single_influence,5,/juice6/u/jshe/emergent_partner_grid/dev/eval_out/rnn_single_influence_seed5_train.h5,74,train,3,1,9,14,240,2000,test,0.8293555,-13.720417,-8,8
rnn_single_influence,5,/juice6/u/jshe/emergent_partner_grid/dev/eval_out/rnn_single_influence_seed5_train.h5,75,train,3,1,9,15,252,2000,test,1.0655847,-12.668468,-8,8
rnn_single_influence,5,/juice6/u/jshe/emergent_partner_grid/dev/eval_out/rnn_single_influence_seed5_train.h5,76,train,3,1,9,16,221,2000,train,0.88594043,-14.007032,-8,8
rnn_single_influence,5,/juice6/u/jshe/emergent_partner_grid/dev/eval_out/rnn_single_influence_seed5_train.h5,77,train,3,1,9,17,272,2000,train,0.57962406,-13.070782,-8,8
rnn_single_influence,5,/juice6/u/jshe/emergent_partner_grid/dev/eval_out/rnn_single_influence_seed5_train.h5,78,train,3,1,9,18,364,2000,train,1.8307505,-16.091059,-8,8
rnn_single_influence,5,/juice6/u/jshe/emergent_partner_grid/dev/eval_out/rnn_single_influence_seed5_train.h5,79,train,3,1,9,19,299,2000,train,0.90509945,-15.766446,-8,8
rnn_single_influence,5,/juice6/u/jshe/emergent_partner_grid/dev/eval_out/rnn_single_influence_seed5_train.h5,80,train,4,2,4,0,361,2000,train,2.9911098,-11.132684,-2,2
rnn_single_influence,5,/juice6/u/jshe/emergent_partner_grid/dev/eval_out/rnn_single_influence_seed5_train.h5,81,train,4,2,4,1,360,2000,test,2.8016205,-9.919571,-2,2
rnn_single_influence,5,/juice6/u/jshe/emergent_partner_grid/dev/eval_out/rnn_single_influence_seed5_train.h5,82,train,4,2,4,2,333,2000,train,2.4523015,-10.104946,-2,2
rnn_single_influence,5,/juice6/u/jshe/emergent_partner_grid/dev/eval_out/rnn_single_influence_seed5_train.h5,83,train,4,2,4,3,376,2000,train,2.1319737,-10.994436,-2,2
rnn_single_influence,5,/juice6/u/jshe/emergent_partner_grid/dev/eval_out/rnn_single_influence_seed5_train.h5,84,train,4,2,4,4,435,2000,train,2.7012486,-11.738009,-2,2
rnn_single_influence,5,/juice6/u/jshe/emergent_partner_grid/dev/eval_out/rnn_single_influence_seed5_train.h5,85,train,4,2,4,5,357,2000,train,2.9965668,-9.967275,-2,2
rnn_single_influence,5,/juice6/u/jshe/emergent_partner_grid/dev/eval_out/rnn_single_influence_seed5_train.h5,86,train,4,2,4,6,384,2000,train,4.8746533,-14.373836,-2,2
rnn_single_influence,5,/juice6/u/jshe/emergent_partner_grid/dev/eval_out/rnn_single_influence_seed5_train.h5,87,train,4,2,4,7,477,2000,train,3.5129051,-12.55807,-2,2
rnn_single_influence,5,/juice6/u/jshe/emergent_partner_grid/dev/eval_out/rnn_single_influence_seed5_train.h5,88,train,4,2,4,8,411,2000,train,4.0901637,-12.453172,-2,2
rnn_single_influence,5,/juice6/u/jshe/emergent_partner_grid/dev/eval_out/rnn_single_influence_seed5_train.h5,89,train,4,2,4,9,388,2000,test,1.7287513,-10.614984,-2,2
rnn_single_influence,5,/juice6/u/jshe/emergent_partner_grid/dev/eval_out/rnn_single_influence_seed5_train.h5,90,train,4,2,4,10,359,2000,train,3.3746188,-12.03772,-2,2
rnn_single_influence,5,/juice6/u/jshe/emergent_partner_grid/dev/eval_out/rnn_single_influence_seed5_train.h5,91,train,4,2,4,11,480,2000,train,6.9771295,-10.829511,-2,2
rnn_single_influence,5,/juice6/u/jshe/emergent_partner_grid/dev/eval_out/rnn_single_influence_seed5_train.h5,92,train,4,2,4,12,363,2000,train,2.527792,-11.1808,-2,2
rnn_single_influence,5,/juice6/u/jshe/emergent_partner_grid/dev/eval_out/rnn_single_influence_seed5_train.h5,93,train,4,2,4,13,361,2000,train,2.0200927,-11.691882,-2,2
rnn_single_influence,5,/juice6/u/jshe/emergent_partner_grid/dev/eval_out/rnn_single_influence_seed5_train.h5,94,train,4,2,4,14,366,2000,test,1.9045593,-10.917042,-2,2
rnn_single_influence,5,/juice6/u/jshe/emergent_partner_grid/dev/eval_out/rnn_single_influence_seed5_train.h5,95,train,4,2,4,15,346,2000,test,3.3404012,-12.842297,-2,2
rnn_single_influence,5,/juice6/u/jshe/emergent_partner_grid/dev/eval_out/rnn_single_influence_seed5_train.h5,96,train,4,2,4,16,363,2000,train,4.0528655,-11.662801,-2,2
rnn_single_influence,5,/juice6/u/jshe/emergent_partner_grid/dev/eval_out/rnn_single_influence_seed5_train.h5,97,train,4,2,4,17,338,2000,train,2.5332143,-10.020038,-2,2
rnn_single_influence,5,/juice6/u/jshe/emergent_partner_grid/dev/eval_out/rnn_single_influence_seed5_train.h5,98,train,4,2,4,18,384,2000,train,3.9888902,-10.9820385,-2,2
rnn_single_influence,5,/juice6/u/jshe/emergent_partner_grid/dev/eval_out/rnn_single_influence_seed5_train.h5,99,train,4,2,4,19,382,2000,train,2.614856,-10.898829,-2,2
rnn_single_influence,5,/juice6/u/jshe/emergent_partner_grid/dev/eval_out/rnn_single_influence_seed5_test.h5,80,test,4,2,5,0,400,2000,train,3.6891727,-10.145681,-3,3
rnn_single_influence,5,/juice6/u/jshe/emergent_partner_grid/dev/eval_out/rnn_single_influence_seed5_test.h5,81,test,4,2,5,1,364,2000,test,2.7398894,-10.143837,-3,3
rnn_single_influence,5,/juice6/u/jshe/emergent_partner_grid/dev/eval_out/rnn_single_influence_seed5_test.h5,82,test,4,2,5,2,307,2000,train,1.3678575,-9.946038,-3,3
rnn_single_influence,5,/juice6/u/jshe/emergent_partner_grid/dev/eval_out/rnn_single_influence_seed5_test.h5,83,test,4,2,5,3,339,2000,train,3.9502532,-11.398415,-3,3
rnn_single_influence,5,/juice6/u/jshe/emergent_partner_grid/dev/eval_out/rnn_single_influence_seed5_test.h5,84,test,4,2,5,4,347,2000,train,3.2909236,-11.441014,-3,3
rnn_single_influence,5,/juice6/u/jshe/emergent_partner_grid/dev/eval_out/rnn_single_influence_seed5_test.h5,85,test,4,2,5,5,345,2000,train,2.7989035,-11.1632395,-3,3
rnn_single_influence,5,/juice6/u/jshe/emergent_partner_grid/dev/eval_out/rnn_single_influence_seed5_test.h5,86,test,4,2,5,6,385,2000,train,4.603443,-11.85708,-3,3
rnn_single_influence,5,/juice6/u/jshe/emergent_partner_grid/dev/eval_out/rnn_single_influence_seed5_test.h5,87,test,4,2,5,7,362,2000,train,1.6308144,-11.784307,-3,3
rnn_single_influence,5,/juice6/u/jshe/emergent_partner_grid/dev/eval_out/rnn_single_influence_seed5_test.h5,88,test,4,2,5,8,402,2000,train,3.6073096,-10.6992855,-3,3
rnn_single_influence,5,/juice6/u/jshe/emergent_partner_grid/dev/eval_out/rnn_single_influence_seed5_test.h5,89,test,4,2,5,9,377,2000,test,2.5202084,-12.747265,-3,3
rnn_single_influence,5,/juice6/u/jshe/emergent_partner_grid/dev/eval_out/rnn_single_influence_seed5_test.h5,90,test,4,2,5,10,386,2000,train,2.8417165,-12.205895,-3,3
rnn_single_influence,5,/juice6/u/jshe/emergent_partner_grid/dev/eval_out/rnn_single_influence_seed5_test.h5,91,test,4,2,5,11,336,2000,train,2.3545241,-10.675364,-3,3
rnn_single_influence,5,/juice6/u/jshe/emergent_partner_grid/dev/eval_out/rnn_single_influence_seed5_test.h5,92,test,4,2,5,12,337,2000,train,2.220253,-11.684545,-3,3
rnn_single_influence,5,/juice6/u/jshe/emergent_partner_grid/dev/eval_out/rnn_single_influence_seed5_test.h5,93,test,4,2,5,13,395,2000,train,3.0201316,-10.714159,-3,3
rnn_single_influence,5,/juice6/u/jshe/emergent_partner_grid/dev/eval_out/rnn_single_influence_seed5_test.h5,94,test,4,2,5,14,392,2000,test,1.5317254,-10.381266,-3,3
rnn_single_influence,5,/juice6/u/jshe/emergent_partner_grid/dev/eval_out/rnn_single_influence_seed5_test.h5,95,test,4,2,5,15,334,2000,test,2.5161934,-11.482398,-3,3
rnn_single_influence,5,/juice6/u/jshe/emergent_partner_grid/dev/eval_out/rnn_single_influence_seed5_test.h5,96,test,4,2,5,16,415,2000,train,8.373167,-10.053811,-3,3
rnn_single_influence,5,/juice6/u/jshe/emergent_partner_grid/dev/eval_out/rnn_single_influence_seed5_test.h5,97,test,4,2,5,17,328,2000,train,1.296736,-11.103473,-3,3
rnn_single_influence,5,/juice6/u/jshe/emergent_partner_grid/dev/eval_out/rnn_single_influence_seed5_test.h5,98,test,4,2,5,18,338,2000,train,1.4638499,-11.270903,-3,3
rnn_single_influence,5,/juice6/u/jshe/emergent_partner_grid/dev/eval_out/rnn_single_influence_seed5_test.h5,99,test,4,2,5,19,392,2000,train,1.9030442,-12.083538,-3,3
rnn_single_influence,5,/juice6/u/jshe/emergent_partner_grid/dev/eval_out/rnn_single_influence_seed5_test.h5,100,test,5,2,6,0,386,2000,train,6.8111815,-12.495246,-4,4
rnn_single_influence,5,/juice6/u/jshe/emergent_partner_grid/dev/eval_out/rnn_single_influence_seed5_test.h5,101,test,5,2,6,1,432,2000,test,6.0421853,-13.993804,-4,4
rnn_single_influence,5,/juice6/u/jshe/emergent_partner_grid/dev/eval_out/rnn_single_influence_seed5_test.h5,102,test,5,2,6,2,374,2000,train,1.3887845,-10.79896,-4,4
rnn_single_influence,5,/juice6/u/jshe/emergent_partner_grid/dev/eval_out/rnn_single_influence_seed5_test.h5,103,test,5,2,6,3,383,2000,train,1.8659391,-9.792935,-4,4
rnn_single_influence,5,/juice6/u/jshe/emergent_partner_grid/dev/eval_out/rnn_single_influence_seed5_test.h5,104,test,5,2,6,4,363,2000,train,4.1793127,-12.971663,-4,4
rnn_single_influence,5,/juice6/u/jshe/emergent_partner_grid/dev/eval_out/rnn_single_influence_seed5_test.h5,105,test,5,2,6,5,320,2000,train,2.914385,-11.14335,-4,4
rnn_single_influence,5,/juice6/u/jshe/emergent_partner_grid/dev/eval_out/rnn_single_influence_seed5_test.h5,106,test,5,2,6,6,363,2000,train,2.5528297,-11.53065,-4,4
rnn_single_influence,5,/juice6/u/jshe/emergent_partner_grid/dev/eval_out/rnn_single_influence_seed5_test.h5,107,test,5,2,6,7,364,2000,train,2.2571507,-10.821336,-4,4
rnn_single_influence,5,/juice6/u/jshe/emergent_partner_grid/dev/eval_out/rnn_single_influence_seed5_test.h5,108,test,5,2,6,8,388,2000,train,2.3040438,-10.012195,-4,4
rnn_single_influence,5,/juice6/u/jshe/emergent_partner_grid/dev/eval_out/rnn_single_influence_seed5_test.h5,109,test,5,2,6,9,416,2000,test,3.2878864,-12.65423,-4,4
rnn_single_influence,5,/juice6/u/jshe/emergent_partner_grid/dev/eval_out/rnn_single_influence_seed5_test.h5,110,test,5,2,6,10,391,2000,train,2.8227022,-10.418871,-4,4
rnn_single_influence,5,/juice6/u/jshe/emergent_partner_grid/dev/eval_out/rnn_single_influence_seed5_test.h5,111,test,5,2,6,11,336,2000,train,3.270048,-10.283743,-4,4
rnn_single_influence,5,/juice6/u/jshe/emergent_partner_grid/dev/eval_out/rnn_single_influence_seed5_test.h5,112,test,5,2,6,12,398,2000,train,5.536336,-14.844221,-4,4
rnn_single_influence,5,/juice6/u/jshe/emergent_partner_grid/dev/eval_out/rnn_single_influence_seed5_test.h5,113,test,5,2,6,13,377,2000,train,4.057452,-11.598877,-4,4
rnn_single_influence,5,/juice6/u/jshe/emergent_partner_grid/dev/eval_out/rnn_single_influence_seed5_test.h5,114,test,5,2,6,14,355,2000,test,3.0896335,-13.208223,-4,4
rnn_single_influence,5,/juice6/u/jshe/emergent_partner_grid/dev/eval_out/rnn_single_influence_seed5_test.h5,115,test,5,2,6,15,365,2000,test,1.8092303,-11.815974,-4,4
rnn_single_influence,5,/juice6/u/jshe/emergent_partner_grid/dev/eval_out/rnn_single_influence_seed5_test.h5,116,test,5,2,6,16,379,2000,train,1.8832191,-10.330945,-4,4
rnn_single_influence,5,/juice6/u/jshe/emergent_partner_grid/dev/eval_out/rnn_single_influence_seed5_test.h5,117,test,5,2,6,17,443,2000,train,9.187395,-6.8545504,-4,4
rnn_single_influence,5,/juice6/u/jshe/emergent_partner_grid/dev/eval_out/rnn_single_influence_seed5_test.h5,118,test,5,2,6,18,368,2000,train,3.1293766,-10.766871,-4,4
rnn_single_influence,5,/juice6/u/jshe/emergent_partner_grid/dev/eval_out/rnn_single_influence_seed5_test.h5,119,test,5,2,6,19,333,2000,train,2.4777904,-10.993033,-4,4
rnn_single_influence,5,/juice6/u/jshe/emergent_partner_grid/dev/eval_out/rnn_single_influence_seed5_train.h5,100,train,5,2,7,0,415,2000,train,3.6350553,-11.299492,-5,5
rnn_single_influence,5,/juice6/u/jshe/emergent_partner_grid/dev/eval_out/rnn_single_influence_seed5_train.h5,101,train,5,2,7,1,353,2000,test,3.7682836,-12.152752,-5,5
rnn_single_influence,5,/juice6/u/jshe/emergent_partner_grid/dev/eval_out/rnn_single_influence_seed5_train.h5,102,train,5,2,7,2,360,2000,train,1.7432678,-11.489996,-5,5
rnn_single_influence,5,/juice6/u/jshe/emergent_partner_grid/dev/eval_out/rnn_single_influence_seed5_train.h5,103,train,5,2,7,3,340,2000,train,2.8288138,-12.743435,-5,5
rnn_single_influence,5,/juice6/u/jshe/emergent_partner_grid/dev/eval_out/rnn_single_influence_seed5_train.h5,104,train,5,2,7,4,404,2000,train,2.0936131,-11.428522,-5,5
rnn_single_influence,5,/juice6/u/jshe/emergent_partner_grid/dev/eval_out/rnn_single_influence_seed5_train.h5,105,train,5,2,7,5,408,2000,train,5.527488,-14.679649,-5,5
rnn_single_influence,5,/juice6/u/jshe/emergent_partner_grid/dev/eval_out/rnn_single_influence_seed5_train.h5,106,train,5,2,7,6,359,2000,train,1.507555,-10.638518,-5,5
rnn_single_influence,5,/juice6/u/jshe/emergent_partner_grid/dev/eval_out/rnn_single_influence_seed5_train.h5,107,train,5,2,7,7,417,2000,train,5.5203595,-11.573636,-5,5
rnn_single_influence,5,/juice6/u/jshe/emergent_partner_grid/dev/eval_out/rnn_single_influence_seed5_train.h5,108,train,5,2,7,8,347,2000,train,1.470322,-11.469232,-5,5
rnn_single_influence,5,/juice6/u/jshe/emergent_partner_grid/dev/eval_out/rnn_single_influence_seed5_train.h5,109,train,5,2,7,9,365,2000,test,2.166328,-9.858099,-5,5
rnn_single_influence,5,/juice6/u/jshe/emergent_partner_grid/dev/eval_out/rnn_single_influence_seed5_train.h5,110,train,5,2,7,10,377,2000,train,2.5466678,-11.663931,-5,5
rnn_single_influence,5,/juice6/u/jshe/emergent_partner_grid/dev/eval_out/rnn_single_influence_seed5_train.h5,111,train,5,2,7,11,430,2000,train,3.1162295,-12.079548,-5,5
rnn_single_influence,5,/juice6/u/jshe/emergent_partner_grid/dev/eval_out/rnn_single_influence_seed5_train.h5,112,train,5,2,7,12,396,2000,train,3.901714,-12.407842,-5,5
rnn_single_influence,5,/juice6/u/jshe/emergent_partner_grid/dev/eval_out/rnn_single_influence_seed5_train.h5,113,train,5,2,7,13,372,2000,train,2.1122844,-10.978737,-5,5
rnn_single_influence,5,/juice6/u/jshe/emergent_partner_grid/dev/eval_out/rnn_single_influence_seed5_train.h5,114,train,5,2,7,14,390,2000,test,3.853459,-10.373746,-5,5
rnn_single_influence,5,/juice6/u/jshe/emergent_partner_grid/dev/eval_out/rnn_single_influence_seed5_train.h5,115,train,5,2,7,15,362,2000,test,2.7765882,-10.342577,-5,5
rnn_single_influence,5,/juice6/u/jshe/emergent_partner_grid/dev/eval_out/rnn_single_influence_seed5_train.h5,116,train,5,2,7,16,372,2000,train,3.0355244,-10.4329195,-5,5
rnn_single_influence,5,/juice6/u/jshe/emergent_partner_grid/dev/eval_out/rnn_single_influence_seed5_train.h5,117,train,5,2,7,17,325,2000,train,1.6445684,-11.339246,-5,5
rnn_single_influence,5,/juice6/u/jshe/emergent_partner_grid/dev/eval_out/rnn_single_influence_seed5_train.h5,118,train,5,2,7,18,386,2000,train,2.0549533,-9.919733,-5,5
rnn_single_influence,5,/juice6/u/jshe/emergent_partner_grid/dev/eval_out/rnn_single_influence_seed5_train.h5,119,train,5,2,7,19,422,2000,train,3.2514799,-11.7022085,-5,5
rnn_single_influence,5,/juice6/u/jshe/emergent_partner_grid/dev/eval_out/rnn_single_influence_seed5_train.h5,120,train,6,2,8,0,425,2000,train,2.9481733,-10.717427,-6,6
rnn_single_influence,5,/juice6/u/jshe/emergent_partner_grid/dev/eval_out/rnn_single_influence_seed5_train.h5,121,train,6,2,8,1,420,2000,test,4.609523,-11.013818,-6,6
rnn_single_influence,5,/juice6/u/jshe/emergent_partner_grid/dev/eval_out/rnn_single_influence_seed5_train.h5,122,train,6,2,8,2,341,2000,train,2.9681716,-10.758313,-6,6
rnn_single_influence,5,/juice6/u/jshe/emergent_partner_grid/dev/eval_out/rnn_single_influence_seed5_train.h5,123,train,6,2,8,3,463,2000,train,3.7495155,-12.313483,-6,6
rnn_single_influence,5,/juice6/u/jshe/emergent_partner_grid/dev/eval_out/rnn_single_influence_seed5_train.h5,124,train,6,2,8,4,395,2000,train,5.039378,-12.216647,-6,6
rnn_single_influence,5,/juice6/u/jshe/emergent_partner_grid/dev/eval_out/rnn_single_influence_seed5_train.h5,125,train,6,2,8,5,377,2000,train,3.2674022,-9.873355,-6,6
rnn_single_influence,5,/juice6/u/jshe/emergent_partner_grid/dev/eval_out/rnn_single_influence_seed5_train.h5,126,train,6,2,8,6,354,2000,train,1.8870194,-11.156495,-6,6
rnn_single_influence,5,/juice6/u/jshe/emergent_partner_grid/dev/eval_out/rnn_single_influence_seed5_train.h5,127,train,6,2,8,7,329,2000,train,2.1574783,-12.084535,-6,6
rnn_single_influence,5,/juice6/u/jshe/emergent_partner_grid/dev/eval_out/rnn_single_influence_seed5_train.h5,128,train,6,2,8,8,334,2000,train,1.963705,-10.621737,-6,6
rnn_single_influence,5,/juice6/u/jshe/emergent_partner_grid/dev/eval_out/rnn_single_influence_seed5_train.h5,129,train,6,2,8,9,422,2000,test,3.671855,-11.161172,-6,6
rnn_single_influence,5,/juice6/u/jshe/emergent_partner_grid/dev/eval_out/rnn_single_influence_seed5_train.h5,130,train,6,2,8,10,322,2000,train,1.3874439,-10.10988,-6,6
rnn_single_influence,5,/juice6/u/jshe/emergent_partner_grid/dev/eval_out/rnn_single_influence_seed5_train.h5,131,train,6,2,8,11,392,2000,train,3.1133676,-12.13974,-6,6
rnn_single_influence,5,/juice6/u/jshe/emergent_partner_grid/dev/eval_out/rnn_single_influence_seed5_train.h5,132,train,6,2,8,12,448,2000,train,5.137797,-11.744067,-6,6
rnn_single_influence,5,/juice6/u/jshe/emergent_partner_grid/dev/eval_out/rnn_single_influence_seed5_train.h5,133,train,6,2,8,13,464,2000,train,3.8402743,-12.849132,-6,6
rnn_single_influence,5,/juice6/u/jshe/emergent_partner_grid/dev/eval_out/rnn_single_influence_seed5_train.h5,134,train,6,2,8,14,447,2000,test,1.4445121,-10.335234,-6,6
rnn_single_influence,5,/juice6/u/jshe/emergent_partner_grid/dev/eval_out/rnn_single_influence_seed5_train.h5,135,train,6,2,8,15,368,2000,test,3.1344914,-11.16569,-6,6
rnn_single_influence,5,/juice6/u/jshe/emergent_partner_grid/dev/eval_out/rnn_single_influence_seed5_train.h5,136,train,6,2,8,16,372,2000,train,4.6954155,-12.959761,-6,6
rnn_single_influence,5,/juice6/u/jshe/emergent_partner_grid/dev/eval_out/rnn_single_influence_seed5_train.h5,137,train,6,2,8,17,388,2000,train,3.7980418,-10.666882,-6,6
rnn_single_influence,5,/juice6/u/jshe/emergent_partner_grid/dev/eval_out/rnn_single_influence_seed5_train.h5,138,train,6,2,8,18,360,2000,train,3.7811177,-10.948183,-6,6
rnn_single_influence,5,/juice6/u/jshe/emergent_partner_grid/dev/eval_out/rnn_single_influence_seed5_train.h5,139,train,6,2,8,19,443,2000,train,6.8817043,-12.279766,-6,6
rnn_single_influence,5,/juice6/u/jshe/emergent_partner_grid/dev/eval_out/rnn_single_influence_seed5_train.h5,140,train,7,2,9,0,411,2000,train,2.9613478,-12.9638,-7,7
rnn_single_influence,5,/juice6/u/jshe/emergent_partner_grid/dev/eval_out/rnn_single_influence_seed5_train.h5,141,train,7,2,9,1,371,2000,test,3.8836813,-12.039873,-7,7
rnn_single_influence,5,/juice6/u/jshe/emergent_partner_grid/dev/eval_out/rnn_single_influence_seed5_train.h5,142,train,7,2,9,2,339,2000,train,2.8212092,-11.336192,-7,7
rnn_single_influence,5,/juice6/u/jshe/emergent_partner_grid/dev/eval_out/rnn_single_influence_seed5_train.h5,143,train,7,2,9,3,329,2000,train,1.9348942,-11.488054,-7,7
rnn_single_influence,5,/juice6/u/jshe/emergent_partner_grid/dev/eval_out/rnn_single_influence_seed5_train.h5,144,train,7,2,9,4,333,2000,train,2.374726,-11.800989,-7,7
rnn_single_influence,5,/juice6/u/jshe/emergent_partner_grid/dev/eval_out/rnn_single_influence_seed5_train.h5,145,train,7,2,9,5,400,2000,train,4.8029876,-12.110803,-7,7
rnn_single_influence,5,/juice6/u/jshe/emergent_partner_grid/dev/eval_out/rnn_single_influence_seed5_train.h5,146,train,7,2,9,6,361,2000,train,2.8472846,-12.227566,-7,7
rnn_single_influence,5,/juice6/u/jshe/emergent_partner_grid/dev/eval_out/rnn_single_influence_seed5_train.h5,147,train,7,2,9,7,367,2000,train,2.173117,-10.997805,-7,7
rnn_single_influence,5,/juice6/u/jshe/emergent_partner_grid/dev/eval_out/rnn_single_influence_seed5_train.h5,148,train,7,2,9,8,353,2000,train,2.726669,-11.885915,-7,7
rnn_single_influence,5,/juice6/u/jshe/emergent_partner_grid/dev/eval_out/rnn_single_influence_seed5_train.h5,149,train,7,2,9,9,377,2000,test,3.0378683,-10.948046,-7,7
rnn_single_influence,5,/juice6/u/jshe/emergent_partner_grid/dev/eval_out/rnn_single_influence_seed5_train.h5,150,train,7,2,9,10,355,2000,train,2.2009864,-10.19548,-7,7
rnn_single_influence,5,/juice6/u/jshe/emergent_partner_grid/dev/eval_out/rnn_single_influence_seed5_train.h5,151,train,7,2,9,11,378,2000,train,2.0568867,-9.919101,-7,7
rnn_single_influence,5,/juice6/u/jshe/emergent_partner_grid/dev/eval_out/rnn_single_influence_seed5_train.h5,152,train,7,2,9,12,386,2000,train,2.7805707,-11.983721,-7,7
rnn_single_influence,5,/juice6/u/jshe/emergent_partner_grid/dev/eval_out/rnn_single_influence_seed5_train.h5,153,train,7,2,9,13,369,2000,train,1.0479094,-11.0783415,-7,7
rnn_single_influence,5,/juice6/u/jshe/emergent_partner_grid/dev/eval_out/rnn_single_influence_seed5_train.h5,154,train,7,2,9,14,374,2000,test,8.049976,-11.668697,-7,7
rnn_single_influence,5,/juice6/u/jshe/emergent_partner_grid/dev/eval_out/rnn_single_influence_seed5_train.h5,155,train,7,2,9,15,338,2000,test,3.5105312,-11.664246,-7,7
rnn_single_influence,5,/juice6/u/jshe/emergent_partner_grid/dev/eval_out/rnn_single_influence_seed5_train.h5,156,train,7,2,9,16,397,2000,train,5.359996,-13.7365265,-7,7
rnn_single_influence,5,/juice6/u/jshe/emergent_partner_grid/dev/eval_out/rnn_single_influence_seed5_train.h5,157,train,7,2,9,17,375,2000,train,4.292187,-11.988702,-7,7
rnn_single_influence,5,/juice6/u/jshe/emergent_partner_grid/dev/eval_out/rnn_single_influence_seed5_train.h5,158,train,7,2,9,18,336,2000,train,3.529004,-11.955078,-7,7
rnn_single_influence,5,/juice6/u/jshe/emergent_partner_grid/dev/eval_out/rnn_single_influence_seed5_train.h5,159,train,7,2,9,19,372,2000,train,3.2186556,-11.029943,-7,7
rnn_single_influence,5,/juice6/u/jshe/emergent_partner_grid/dev/eval_out/rnn_single_influence_seed5_train.h5,160,train,8,3,4,0,441,2000,train,3.7558794,-10.313167,-1,1
rnn_single_influence,5,/juice6/u/jshe/emergent_partner_grid/dev/eval_out/rnn_single_influence_seed5_train.h5,161,train,8,3,4,1,437,2000,test,3.6221294,-9.977183,-1,1
rnn_single_influence,5,/juice6/u/jshe/emergent_partner_grid/dev/eval_out/rnn_single_influence_seed5_train.h5,162,train,8,3,4,2,478,2000,train,5.508587,-9.982564,-1,1
rnn_single_influence,5,/juice6/u/jshe/emergent_partner_grid/dev/eval_out/rnn_single_influence_seed5_train.h5,163,train,8,3,4,3,502,2000,train,5.81219,-11.034449,-1,1
rnn_single_influence,5,/juice6/u/jshe/emergent_partner_grid/dev/eval_out/rnn_single_influence_seed5_train.h5,164,train,8,3,4,4,484,2000,train,6.2179046,-12.039454,-1,1
rnn_single_influence,5,/juice6/u/jshe/emergent_partner_grid/dev/eval_out/rnn_single_influence_seed5_train.h5,165,train,8,3,4,5,446,2000,train,4.627733,-10.076757,-1,1
rnn_single_influence,5,/juice6/u/jshe/emergent_partner_grid/dev/eval_out/rnn_single_influence_seed5_train.h5,166,train,8,3,4,6,494,2000,train,4.08072,-9.687629,-1,1
rnn_single_influence,5,/juice6/u/jshe/emergent_partner_grid/dev/eval_out/rnn_single_influence_seed5_train.h5,167,train,8,3,4,7,439,2000,train,5.1511164,-10.176598,-1,1
rnn_single_influence,5,/juice6/u/jshe/emergent_partner_grid/dev/eval_out/rnn_single_influence_seed5_train.h5,168,train,8,3,4,8,397,2000,train,4.627103,-9.737958,-1,1
rnn_single_influence,5,/juice6/u/jshe/emergent_partner_grid/dev/eval_out/rnn_single_influence_seed5_train.h5,169,train,8,3,4,9,434,2000,test,5.4867797,-12.505211,-1,1
rnn_single_influence,5,/juice6/u/jshe/emergent_partner_grid/dev/eval_out/rnn_single_influence_seed5_train.h5,170,train,8,3,4,10,497,2000,train,8.784838,-9.549116,-1,1
rnn_single_influence,5,/juice6/u/jshe/emergent_partner_grid/dev/eval_out/rnn_single_influence_seed5_train.h5,171,train,8,3,4,11,610,2000,train,6.7999125,-11.925282,-1,1
rnn_single_influence,5,/juice6/u/jshe/emergent_partner_grid/dev/eval_out/rnn_single_influence_seed5_train.h5,172,train,8,3,4,12,483,2000,train,4.4326324,-10.636856,-1,1
rnn_single_influence,5,/juice6/u/jshe/emergent_partner_grid/dev/eval_out/rnn_single_influence_seed5_train.h5,173,train,8,3,4,13,510,2000,train,5.622655,-11.264762,-1,1
rnn_single_influence,5,/juice6/u/jshe/emergent_partner_grid/dev/eval_out/rnn_single_influence_seed5_train.h5,174,train,8,3,4,14,451,2000,test,3.6062634,-9.561547,-1,1
rnn_single_influence,5,/juice6/u/jshe/emergent_partner_grid/dev/eval_out/rnn_single_influence_seed5_train.h5,175,train,8,3,4,15,525,2000,test,7.3173194,-12.239987,-1,1
rnn_single_influence,5,/juice6/u/jshe/emergent_partner_grid/dev/eval_out/rnn_single_influence_seed5_train.h5,176,train,8,3,4,16,538,2000,train,6.3828278,-11.215132,-1,1
rnn_single_influence,5,/juice6/u/jshe/emergent_partner_grid/dev/eval_out/rnn_single_influence_seed5_train.h5,177,train,8,3,4,17,542,2000,train,4.6271567,-9.653165,-1,1
rnn_single_influence,5,/juice6/u/jshe/emergent_partner_grid/dev/eval_out/rnn_single_influence_seed5_train.h5,178,train,8,3,4,18,494,2000,train,5.3831024,-9.832019,-1,1
rnn_single_influence,5,/juice6/u/jshe/emergent_partner_grid/dev/eval_out/rnn_single_influence_seed5_train.h5,179,train,8,3,4,19,438,2000,train,6.6303835,-11.752432,-1,1
rnn_single_influence,5,/juice6/u/jshe/emergent_partner_grid/dev/eval_out/rnn_single_influence_seed5_test.h5,120,test,6,3,5,0,422,2000,train,6.6479683,-11.562599,-2,2
rnn_single_influence,5,/juice6/u/jshe/emergent_partner_grid/dev/eval_out/rnn_single_influence_seed5_test.h5,121,test,6,3,5,1,453,2000,test,4.769539,-11.928575,-2,2
rnn_single_influence,5,/juice6/u/jshe/emergent_partner_grid/dev/eval_out/rnn_single_influence_seed5_test.h5,122,test,6,3,5,2,452,2000,train,4.953382,-10.252895,-2,2
rnn_single_influence,5,/juice6/u/jshe/emergent_partner_grid/dev/eval_out/rnn_single_influence_seed5_test.h5,123,test,6,3,5,3,501,2000,train,4.309968,-9.750804,-2,2
rnn_single_influence,5,/juice6/u/jshe/emergent_partner_grid/dev/eval_out/rnn_single_influence_seed5_test.h5,124,test,6,3,5,4,480,2000,train,6.0576615,-10.041585,-2,2
rnn_single_influence,5,/juice6/u/jshe/emergent_partner_grid/dev/eval_out/rnn_single_influence_seed5_test.h5,125,test,6,3,5,5,458,2000,train,5.4512553,-10.123884,-2,2
rnn_single_influence,5,/juice6/u/jshe/emergent_partner_grid/dev/eval_out/rnn_single_influence_seed5_test.h5,126,test,6,3,5,6,429,2000,train,6.1913037,-11.917857,-2,2
rnn_single_influence,5,/juice6/u/jshe/emergent_partner_grid/dev/eval_out/rnn_single_influence_seed5_test.h5,127,test,6,3,5,7,405,2000,train,4.4926414,-11.876562,-2,2
rnn_single_influence,5,/juice6/u/jshe/emergent_partner_grid/dev/eval_out/rnn_single_influence_seed5_test.h5,128,test,6,3,5,8,448,2000,train,5.119639,-11.270913,-2,2
rnn_single_influence,5,/juice6/u/jshe/emergent_partner_grid/dev/eval_out/rnn_single_influence_seed5_test.h5,129,test,6,3,5,9,449,2000,test,4.2936535,-10.602558,-2,2
rnn_single_influence,5,/juice6/u/jshe/emergent_partner_grid/dev/eval_out/rnn_single_influence_seed5_test.h5,130,test,6,3,5,10,506,2000,train,8.453624,-10.249041,-2,2
rnn_single_influence,5,/juice6/u/jshe/emergent_partner_grid/dev/eval_out/rnn_single_influence_seed5_test.h5,131,test,6,3,5,11,460,2000,train,7.619971,-12.016737,-2,2
rnn_single_influence,5,/juice6/u/jshe/emergent_partner_grid/dev/eval_out/rnn_single_influence_seed5_test.h5,132,test,6,3,5,12,482,2000,train,5.372818,-11.907716,-2,2
rnn_single_influence,5,/juice6/u/jshe/emergent_partner_grid/dev/eval_out/rnn_single_influence_seed5_test.h5,133,test,6,3,5,13,452,2000,train,4.6082764,-9.882836,-2,2
rnn_single_influence,5,/juice6/u/jshe/emergent_partner_grid/dev/eval_out/rnn_single_influence_seed5_test.h5,134,test,6,3,5,14,483,2000,test,3.9985075,-10.57681,-2,2
rnn_single_influence,5,/juice6/u/jshe/emergent_partner_grid/dev/eval_out/rnn_single_influence_seed5_test.h5,135,test,6,3,5,15,483,2000,test,5.247025,-11.549641,-2,2
rnn_single_influence,5,/juice6/u/jshe/emergent_partner_grid/dev/eval_out/rnn_single_influence_seed5_test.h5,136,test,6,3,5,16,439,2000,train,5.779745,-10.58808,-2,2
rnn_single_influence,5,/juice6/u/jshe/emergent_partner_grid/dev/eval_out/rnn_single_influence_seed5_test.h5,137,test,6,3,5,17,437,2000,train,4.422453,-9.356768,-2,2
rnn_single_influence,5,/juice6/u/jshe/emergent_partner_grid/dev/eval_out/rnn_single_influence_seed5_test.h5,138,test,6,3,5,18,460,2000,train,6.0673857,-10.463675,-2,2
rnn_single_influence,5,/juice6/u/jshe/emergent_partner_grid/dev/eval_out/rnn_single_influence_seed5_test.h5,139,test,6,3,5,19,517,2000,train,5.8703423,-13.80767,-2,2
rnn_single_influence,5,/juice6/u/jshe/emergent_partner_grid/dev/eval_out/rnn_single_influence_seed5_test.h5,140,test,7,3,6,0,430,2000,train,6.1575923,-12.23941,-3,3
rnn_single_influence,5,/juice6/u/jshe/emergent_partner_grid/dev/eval_out/rnn_single_influence_seed5_test.h5,141,test,7,3,6,1,475,2000,test,7.104455,-10.943135,-3,3
rnn_single_influence,5,/juice6/u/jshe/emergent_partner_grid/dev/eval_out/rnn_single_influence_seed5_test.h5,142,test,7,3,6,2,490,2000,train,6.966718,-11.498492,-3,3
rnn_single_influence,5,/juice6/u/jshe/emergent_partner_grid/dev/eval_out/rnn_single_influence_seed5_test.h5,143,test,7,3,6,3,507,2000,train,6.354294,-10.931623,-3,3
rnn_single_influence,5,/juice6/u/jshe/emergent_partner_grid/dev/eval_out/rnn_single_influence_seed5_test.h5,144,test,7,3,6,4,487,2000,train,6.3774204,-12.425428,-3,3
rnn_single_influence,5,/juice6/u/jshe/emergent_partner_grid/dev/eval_out/rnn_single_influence_seed5_test.h5,145,test,7,3,6,5,454,2000,train,5.347433,-9.231083,-3,3
rnn_single_influence,5,/juice6/u/jshe/emergent_partner_grid/dev/eval_out/rnn_single_influence_seed5_test.h5,146,test,7,3,6,6,464,2000,train,7.611839,-11.497335,-3,3
rnn_single_influence,5,/juice6/u/jshe/emergent_partner_grid/dev/eval_out/rnn_single_influence_seed5_test.h5,147,test,7,3,6,7,483,2000,train,7.6016593,-11.919279,-3,3
rnn_single_influence,5,/juice6/u/jshe/emergent_partner_grid/dev/eval_out/rnn_single_influence_seed5_test.h5,148,test,7,3,6,8,433,2000,train,4.308786,-12.843705,-3,3
rnn_single_influence,5,/juice6/u/jshe/emergent_partner_grid/dev/eval_out/rnn_single_influence_seed5_test.h5,149,test,7,3,6,9,456,2000,test,5.858365,-12.135607,-3,3
rnn_single_influence,5,/juice6/u/jshe/emergent_partner_grid/dev/eval_out/rnn_single_influence_seed5_test.h5,150,test,7,3,6,10,462,2000,train,4.4913726,-9.268282,-3,3
rnn_single_influence,5,/juice6/u/jshe/emergent_partner_grid/dev/eval_out/rnn_single_influence_seed5_test.h5,151,test,7,3,6,11,474,2000,train,6.5627813,-10.931393,-3,3
rnn_single_influence,5,/juice6/u/jshe/emergent_partner_grid/dev/eval_out/rnn_single_influence_seed5_test.h5,152,test,7,3,6,12,460,2000,train,5.733611,-9.7683525,-3,3
rnn_single_influence,5,/juice6/u/jshe/emergent_partner_grid/dev/eval_out/rnn_single_influence_seed5_test.h5,153,test,7,3,6,13,533,2000,train,6.030288,-14.256778,-3,3
rnn_single_influence,5,/juice6/u/jshe/emergent_partner_grid/dev/eval_out/rnn_single_influence_seed5_test.h5,154,test,7,3,6,14,486,2000,test,3.8140538,-9.241234,-3,3
rnn_single_influence,5,/juice6/u/jshe/emergent_partner_grid/dev/eval_out/rnn_single_influence_seed5_test.h5,155,test,7,3,6,15,463,2000,test,3.605125,-12.522962,-3,3
rnn_single_influence,5,/juice6/u/jshe/emergent_partner_grid/dev/eval_out/rnn_single_influence_seed5_test.h5,156,test,7,3,6,16,454,2000,train,5.6692896,-10.658675,-3,3
rnn_single_influence,5,/juice6/u/jshe/emergent_partner_grid/dev/eval_out/rnn_single_influence_seed5_test.h5,157,test,7,3,6,17,517,2000,train,7.097063,-10.997152,-3,3
rnn_single_influence,5,/juice6/u/jshe/emergent_partner_grid/dev/eval_out/rnn_single_influence_seed5_test.h5,158,test,7,3,6,18,463,2000,train,6.133089,-11.213356,-3,3
rnn_single_influence,5,/juice6/u/jshe/emergent_partner_grid/dev/eval_out/rnn_single_influence_seed5_test.h5,159,test,7,3,6,19,442,2000,train,7.2643137,-11.568228,-3,3
rnn_single_influence,5,/juice6/u/jshe/emergent_partner_grid/dev/eval_out/rnn_single_influence_seed5_train.h5,180,train,9,3,7,0,438,2000,train,5.7132115,-14.338966,-4,4
rnn_single_influence,5,/juice6/u/jshe/emergent_partner_grid/dev/eval_out/rnn_single_influence_seed5_train.h5,181,train,9,3,7,1,454,2000,test,5.2046537,-13.709204,-4,4
rnn_single_influence,5,/juice6/u/jshe/emergent_partner_grid/dev/eval_out/rnn_single_influence_seed5_train.h5,182,train,9,3,7,2,484,2000,train,7.680664,-11.089179,-4,4
rnn_single_influence,5,/juice6/u/jshe/emergent_partner_grid/dev/eval_out/rnn_single_influence_seed5_train.h5,183,train,9,3,7,3,405,2000,train,3.978925,-8.9622555,-4,4
rnn_single_influence,5,/juice6/u/jshe/emergent_partner_grid/dev/eval_out/rnn_single_influence_seed5_train.h5,184,train,9,3,7,4,455,2000,train,5.0173526,-11.129686,-4,4
rnn_single_influence,5,/juice6/u/jshe/emergent_partner_grid/dev/eval_out/rnn_single_influence_seed5_train.h5,185,train,9,3,7,5,452,2000,train,7.7414293,-12.128111,-4,4
rnn_single_influence,5,/juice6/u/jshe/emergent_partner_grid/dev/eval_out/rnn_single_influence_seed5_train.h5,186,train,9,3,7,6,473,2000,train,4.2292747,-11.514751,-4,4
rnn_single_influence,5,/juice6/u/jshe/emergent_partner_grid/dev/eval_out/rnn_single_influence_seed5_train.h5,187,train,9,3,7,7,540,2000,train,5.7738338,-13.347636,-4,4
rnn_single_influence,5,/juice6/u/jshe/emergent_partner_grid/dev/eval_out/rnn_single_influence_seed5_train.h5,188,train,9,3,7,8,491,2000,train,5.888372,-12.298445,-4,4
rnn_single_influence,5,/juice6/u/jshe/emergent_partner_grid/dev/eval_out/rnn_single_influence_seed5_train.h5,189,train,9,3,7,9,465,2000,test,3.9848006,-11.107109,-4,4
rnn_single_influence,5,/juice6/u/jshe/emergent_partner_grid/dev/eval_out/rnn_single_influence_seed5_train.h5,190,train,9,3,7,10,492,2000,train,4.6885953,-12.794923,-4,4
rnn_single_influence,5,/juice6/u/jshe/emergent_partner_grid/dev/eval_out/rnn_single_influence_seed5_train.h5,191,train,9,3,7,11,513,2000,train,4.3396244,-10.329084,-4,4
rnn_single_influence,5,/juice6/u/jshe/emergent_partner_grid/dev/eval_out/rnn_single_influence_seed5_train.h5,192,train,9,3,7,12,452,2000,train,5.287945,-10.794899,-4,4
rnn_single_influence,5,/juice6/u/jshe/emergent_partner_grid/dev/eval_out/rnn_single_influence_seed5_train.h5,193,train,9,3,7,13,511,2000,train,5.186448,-9.394577,-4,4
rnn_single_influence,5,/juice6/u/jshe/emergent_partner_grid/dev/eval_out/rnn_single_influence_seed5_train.h5,194,train,9,3,7,14,488,2000,test,7.8331676,-11.365034,-4,4
rnn_single_influence,5,/juice6/u/jshe/emergent_partner_grid/dev/eval_out/rnn_single_influence_seed5_train.h5,195,train,9,3,7,15,465,2000,test,6.219918,-10.764165,-4,4
rnn_single_influence,5,/juice6/u/jshe/emergent_partner_grid/dev/eval_out/rnn_single_influence_seed5_train.h5,196,train,9,3,7,16,447,2000,train,5.5458117,-13.588795,-4,4
rnn_single_influence,5,/juice6/u/jshe/emergent_partner_grid/dev/eval_out/rnn_single_influence_seed5_train.h5,197,train,9,3,7,17,477,2000,train,5.1700935,-12.027094,-4,4
rnn_single_influence,5,/juice6/u/jshe/emergent_partner_grid/dev/eval_out/rnn_single_influence_seed5_train.h5,198,train,9,3,7,18,441,2000,train,5.890143,-11.230867,-4,4
rnn_single_influence,5,/juice6/u/jshe/emergent_partner_grid/dev/eval_out/rnn_single_influence_seed5_train.h5,199,train,9,3,7,19,487,2000,train,6.2533307,-10.428534,-4,4
rnn_single_influence,5,/juice6/u/jshe/emergent_partner_grid/dev/eval_out/rnn_single_influence_seed5_train.h5,200,train,10,3,8,0,470,2000,train,5.5641766,-10.858038,-5,5
rnn_single_influence,5,/juice6/u/jshe/emergent_partner_grid/dev/eval_out/rnn_single_influence_seed5_train.h5,201,train,10,3,8,1,508,2000,test,6.159058,-10.87645,-5,5
rnn_single_influence,5,/juice6/u/jshe/emergent_partner_grid/dev/eval_out/rnn_single_influence_seed5_train.h5,202,train,10,3,8,2,432,2000,train,7.1816664,-11.378862,-5,5
rnn_single_influence,5,/juice6/u/jshe/emergent_partner_grid/dev/eval_out/rnn_single_influence_seed5_train.h5,203,train,10,3,8,3,489,2000,train,3.1328042,-9.312056,-5,5
rnn_single_influence,5,/juice6/u/jshe/emergent_partner_grid/dev/eval_out/rnn_single_influence_seed5_train.h5,204,train,10,3,8,4,495,2000,train,7.8027906,-11.069634,-5,5
rnn_single_influence,5,/juice6/u/jshe/emergent_partner_grid/dev/eval_out/rnn_single_influence_seed5_train.h5,205,train,10,3,8,5,465,2000,train,5.3201637,-9.605697,-5,5
rnn_single_influence,5,/juice6/u/jshe/emergent_partner_grid/dev/eval_out/rnn_single_influence_seed5_train.h5,206,train,10,3,8,6,496,2000,train,6.069496,-13.296231,-5,5
rnn_single_influence,5,/juice6/u/jshe/emergent_partner_grid/dev/eval_out/rnn_single_influence_seed5_train.h5,207,train,10,3,8,7,477,2000,train,6.168769,-11.61536,-5,5
rnn_single_influence,5,/juice6/u/jshe/emergent_partner_grid/dev/eval_out/rnn_single_influence_seed5_train.h5,208,train,10,3,8,8,469,2000,train,6.8778777,-10.76631,-5,5
rnn_single_influence,5,/juice6/u/jshe/emergent_partner_grid/dev/eval_out/rnn_single_influence_seed5_train.h5,209,train,10,3,8,9,432,2000,test,4.8969593,-11.045858,-5,5
rnn_single_influence,5,/juice6/u/jshe/emergent_partner_grid/dev/eval_out/rnn_single_influence_seed5_train.h5,210,train,10,3,8,10,466,2000,train,4.5910797,-10.145665,-5,5
rnn_single_influence,5,/juice6/u/jshe/emergent_partner_grid/dev/eval_out/rnn_single_influence_seed5_train.h5,211,train,10,3,8,11,515,2000,train,6.43911,-12.061469,-5,5
rnn_single_influence,5,/juice6/u/jshe/emergent_partner_grid/dev/eval_out/rnn_single_influence_seed5_train.h5,212,train,10,3,8,12,472,2000,train,4.45924,-11.194072,-5,5
rnn_single_influence,5,/juice6/u/jshe/emergent_partner_grid/dev/eval_out/rnn_single_influence_seed5_train.h5,213,train,10,3,8,13,459,2000,train,5.722117,-10.603975,-5,5
rnn_single_influence,5,/juice6/u/jshe/emergent_partner_grid/dev/eval_out/rnn_single_influence_seed5_train.h5,214,train,10,3,8,14,486,2000,test,5.1434054,-12.361817,-5,5
rnn_single_influence,5,/juice6/u/jshe/emergent_partner_grid/dev/eval_out/rnn_single_influence_seed5_train.h5,215,train,10,3,8,15,449,2000,test,5.9309087,-10.752301,-5,5
rnn_single_influence,5,/juice6/u/jshe/emergent_partner_grid/dev/eval_out/rnn_single_influence_seed5_train.h5,216,train,10,3,8,16,466,2000,train,7.9823184,-11.211894,-5,5
rnn_single_influence,5,/juice6/u/jshe/emergent_partner_grid/dev/eval_out/rnn_single_influence_seed5_train.h5,217,train,10,3,8,17,455,2000,train,6.5227857,-10.548352,-5,5
rnn_single_influence,5,/juice6/u/jshe/emergent_partner_grid/dev/eval_out/rnn_single_influence_seed5_train.h5,218,train,10,3,8,18,441,2000,train,4.97024,-11.774741,-5,5
rnn_single_influence,5,/juice6/u/jshe/emergent_partner_grid/dev/eval_out/rnn_single_influence_seed5_train.h5,219,train,10,3,8,19,517,2000,train,7.081726,-10.496015,-5,5
rnn_single_influence,5,/juice6/u/jshe/emergent_partner_grid/dev/eval_out/rnn_single_influence_seed5_train.h5,220,train,11,3,9,0,421,2000,train,4.010798,-9.760522,-6,6
rnn_single_influence,5,/juice6/u/jshe/emergent_partner_grid/dev/eval_out/rnn_single_influence_seed5_train.h5,221,train,11,3,9,1,465,2000,test,5.5072303,-11.107916,-6,6
rnn_single_influence,5,/juice6/u/jshe/emergent_partner_grid/dev/eval_out/rnn_single_influence_seed5_train.h5,222,train,11,3,9,2,447,2000,train,4.7336574,-10.525973,-6,6
rnn_single_influence,5,/juice6/u/jshe/emergent_partner_grid/dev/eval_out/rnn_single_influence_seed5_train.h5,223,train,11,3,9,3,602,2000,train,8.527381,-9.636134,-6,6
rnn_single_influence,5,/juice6/u/jshe/emergent_partner_grid/dev/eval_out/rnn_single_influence_seed5_train.h5,224,train,11,3,9,4,579,2000,train,8.647834,-11.546651,-6,6
rnn_single_influence,5,/juice6/u/jshe/emergent_partner_grid/dev/eval_out/rnn_single_influence_seed5_train.h5,225,train,11,3,9,5,463,2000,train,5.7319493,-12.340433,-6,6
rnn_single_influence,5,/juice6/u/jshe/emergent_partner_grid/dev/eval_out/rnn_single_influence_seed5_train.h5,226,train,11,3,9,6,498,2000,train,4.508671,-10.621541,-6,6
rnn_single_influence,5,/juice6/u/jshe/emergent_partner_grid/dev/eval_out/rnn_single_influence_seed5_train.h5,227,train,11,3,9,7,472,2000,train,4.740236,-9.650335,-6,6
rnn_single_influence,5,/juice6/u/jshe/emergent_partner_grid/dev/eval_out/rnn_single_influence_seed5_train.h5,228,train,11,3,9,8,560,2000,train,4.8491936,-10.340986,-6,6
rnn_single_influence,5,/juice6/u/jshe/emergent_partner_grid/dev/eval_out/rnn_single_influence_seed5_train.h5,229,train,11,3,9,9,536,2000,test,8.133736,-11.718653,-6,6
rnn_single_influence,5,/juice6/u/jshe/emergent_partner_grid/dev/eval_out/rnn_single_influence_seed5_train.h5,230,train,11,3,9,10,531,2000,train,6.760437,-11.286239,-6,6
rnn_single_influence,5,/juice6/u/jshe/emergent_partner_grid/dev/eval_out/rnn_single_influence_seed5_train.h5,231,train,11,3,9,11,462,2000,train,4.90987,-9.734409,-6,6
rnn_single_influence,5,/juice6/u/jshe/emergent_partner_grid/dev/eval_out/rnn_single_influence_seed5_train.h5,232,train,11,3,9,12,431,2000,train,4.0976896,-9.459358,-6,6
rnn_single_influence,5,/juice6/u/jshe/emergent_partner_grid/dev/eval_out/rnn_single_influence_seed5_train.h5,233,train,11,3,9,13,500,2000,train,5.330173,-8.992173,-6,6
rnn_single_influence,5,/juice6/u/jshe/emergent_partner_grid/dev/eval_out/rnn_single_influence_seed5_train.h5,234,train,11,3,9,14,501,2000,test,5.4151235,-10.4014015,-6,6
rnn_single_influence,5,/juice6/u/jshe/emergent_partner_grid/dev/eval_out/rnn_single_influence_seed5_train.h5,235,train,11,3,9,15,483,2000,test,4.76354,-11.433319,-6,6
rnn_single_influence,5,/juice6/u/jshe/emergent_partner_grid/dev/eval_out/rnn_single_influence_seed5_train.h5,236,train,11,3,9,16,478,2000,train,4.8394766,-11.09416,-6,6
rnn_single_influence,5,/juice6/u/jshe/emergent_partner_grid/dev/eval_out/rnn_single_influence_seed5_train.h5,237,train,11,3,9,17,435,2000,train,4.9813128,-11.789947,-6,6
rnn_single_influence,5,/juice6/u/jshe/emergent_partner_grid/dev/eval_out/rnn_single_influence_seed5_train.h5,238,train,11,3,9,18,471,2000,train,4.0539255,-9.2447605,-6,6
rnn_single_influence,5,/juice6/u/jshe/emergent_partner_grid/dev/eval_out/rnn_single_influence_seed5_train.h5,239,train,11,3,9,19,576,2000,train,7.039837,-10.299136,-6,6
rnn_single_influence,5,/juice6/u/jshe/emergent_partner_grid/dev/eval_out/rnn_single_influence_seed5_train.h5,240,train,12,4,1,0,508,2000,train,6.606211,-10.653099,3,-3
rnn_single_influence,5,/juice6/u/jshe/emergent_partner_grid/dev/eval_out/rnn_single_influence_seed5_train.h5,241,train,12,4,1,1,537,2000,test,8.424145,-8.445152,3,-3
rnn_single_influence,5,/juice6/u/jshe/emergent_partner_grid/dev/eval_out/rnn_single_influence_seed5_train.h5,242,train,12,4,1,2,555,2000,train,6.089714,-10.504066,3,-3
rnn_single_influence,5,/juice6/u/jshe/emergent_partner_grid/dev/eval_out/rnn_single_influence_seed5_train.h5,243,train,12,4,1,3,552,2000,train,5.0062385,-10.759856,3,-3
rnn_single_influence,5,/juice6/u/jshe/emergent_partner_grid/dev/eval_out/rnn_single_influence_seed5_train.h5,244,train,12,4,1,4,555,2000,train,6.21218,-9.642494,3,-3
rnn_single_influence,5,/juice6/u/jshe/emergent_partner_grid/dev/eval_out/rnn_single_influence_seed5_train.h5,245,train,12,4,1,5,502,2000,train,8.59639,-10.643457,3,-3
rnn_single_influence,5,/juice6/u/jshe/emergent_partner_grid/dev/eval_out/rnn_single_influence_seed5_train.h5,246,train,12,4,1,6,556,2000,train,4.901173,-9.031373,3,-3
rnn_single_influence,5,/juice6/u/jshe/emergent_partner_grid/dev/eval_out/rnn_single_influence_seed5_train.h5,247,train,12,4,1,7,597,2000,train,6.6563277,-7.539153,3,-3
rnn_single_influence,5,/juice6/u/jshe/emergent_partner_grid/dev/eval_out/rnn_single_influence_seed5_train.h5,248,train,12,4,1,8,551,2000,train,7.38766,-11.829373,3,-3
rnn_single_influence,5,/juice6/u/jshe/emergent_partner_grid/dev/eval_out/rnn_single_influence_seed5_train.h5,249,train,12,4,1,9,558,2000,test,8.296194,-12.102451,3,-3
rnn_single_influence,5,/juice6/u/jshe/emergent_partner_grid/dev/eval_out/rnn_single_influence_seed5_train.h5,250,train,12,4,1,10,579,2000,train,8.212748,-7.4811783,3,-3
rnn_single_influence,5,/juice6/u/jshe/emergent_partner_grid/dev/eval_out/rnn_single_influence_seed5_train.h5,251,train,12,4,1,11,536,2000,train,4.727704,-9.073652,3,-3
rnn_single_influence,5,/juice6/u/jshe/emergent_partner_grid/dev/eval_out/rnn_single_influence_seed5_train.h5,252,train,12,4,1,12,588,2000,train,7.3397036,-9.489698,3,-3
rnn_single_influence,5,/juice6/u/jshe/emergent_partner_grid/dev/eval_out/rnn_single_influence_seed5_train.h5,253,train,12,4,1,13,576,2000,train,7.237824,-9.734807,3,-3
rnn_single_influence,5,/juice6/u/jshe/emergent_partner_grid/dev/eval_out/rnn_single_influence_seed5_train.h5,254,train,12,4,1,14,534,2000,test,6.0152283,-9.749491,3,-3
rnn_single_influence,5,/juice6/u/jshe/emergent_partner_grid/dev/eval_out/rnn_single_influence_seed5_train.h5,255,train,12,4,1,15,561,2000,test,7.0443287,-10.6841345,3,-3
rnn_single_influence,5,/juice6/u/jshe/emergent_partner_grid/dev/eval_out/rnn_single_influence_seed5_train.h5,256,train,12,4,1,16,557,2000,train,8.185224,-10.268217,3,-3
rnn_single_influence,5,/juice6/u/jshe/emergent_partner_grid/dev/eval_out/rnn_single_influence_seed5_train.h5,257,train,12,4,1,17,563,2000,train,8.372284,-11.995433,3,-3
rnn_single_influence,5,/juice6/u/jshe/emergent_partner_grid/dev/eval_out/rnn_single_influence_seed5_train.h5,258,train,12,4,1,18,530,2000,train,5.8695292,-11.466658,3,-3
rnn_single_influence,5,/juice6/u/jshe/emergent_partner_grid/dev/eval_out/rnn_single_influence_seed5_train.h5,259,train,12,4,1,19,490,2000,train,5.712095,-9.012342,3,-3
rnn_single_influence,5,/juice6/u/jshe/emergent_partner_grid/dev/eval_out/rnn_single_influence_seed5_train.h5,260,train,13,4,2,0,554,2000,train,8.102673,-10.832257,2,-2
rnn_single_influence,5,/juice6/u/jshe/emergent_partner_grid/dev/eval_out/rnn_single_influence_seed5_train.h5,261,train,13,4,2,1,523,2000,test,5.020137,-8.89489,2,-2
rnn_single_influence,5,/juice6/u/jshe/emergent_partner_grid/dev/eval_out/rnn_single_influence_seed5_train.h5,262,train,13,4,2,2,602,2000,train,8.104558,-10.947179,2,-2
rnn_single_influence,5,/juice6/u/jshe/emergent_partner_grid/dev/eval_out/rnn_single_influence_seed5_train.h5,263,train,13,4,2,3,626,2000,train,9.14473,-8.494233,2,-2
rnn_single_influence,5,/juice6/u/jshe/emergent_partner_grid/dev/eval_out/rnn_single_influence_seed5_train.h5,264,train,13,4,2,4,591,2000,train,8.950219,-9.612525,2,-2
rnn_single_influence,5,/juice6/u/jshe/emergent_partner_grid/dev/eval_out/rnn_single_influence_seed5_train.h5,265,train,13,4,2,5,520,2000,train,6.4421043,-9.610016,2,-2
rnn_single_influence,5,/juice6/u/jshe/emergent_partner_grid/dev/eval_out/rnn_single_influence_seed5_train.h5,266,train,13,4,2,6,585,2000,train,6.7061753,-11.334557,2,-2
rnn_single_influence,5,/juice6/u/jshe/emergent_partner_grid/dev/eval_out/rnn_single_influence_seed5_train.h5,267,train,13,4,2,7,603,2000,train,6.966531,-7.108641,2,-2
rnn_single_influence,5,/juice6/u/jshe/emergent_partner_grid/dev/eval_out/rnn_single_influence_seed5_train.h5,268,train,13,4,2,8,487,2000,train,6.282536,-9.769544,2,-2
rnn_single_influence,5,/juice6/u/jshe/emergent_partner_grid/dev/eval_out/rnn_single_influence_seed5_train.h5,269,train,13,4,2,9,554,2000,test,9.524062,-9.870424,2,-2
rnn_single_influence,5,/juice6/u/jshe/emergent_partner_grid/dev/eval_out/rnn_single_influence_seed5_train.h5,270,train,13,4,2,10,592,2000,train,9.266471,-10.839269,2,-2
rnn_single_influence,5,/juice6/u/jshe/emergent_partner_grid/dev/eval_out/rnn_single_influence_seed5_train.h5,271,train,13,4,2,11,574,2000,train,9.314506,-11.106433,2,-2
rnn_single_influence,5,/juice6/u/jshe/emergent_partner_grid/dev/eval_out/rnn_single_influence_seed5_train.h5,272,train,13,4,2,12,532,2000,train,6.2024317,-9.151222,2,-2
rnn_single_influence,5,/juice6/u/jshe/emergent_partner_grid/dev/eval_out/rnn_single_influence_seed5_train.h5,273,train,13,4,2,13,588,2000,train,8.856945,-9.648619,2,-2
rnn_single_influence,5,/juice6/u/jshe/emergent_partner_grid/dev/eval_out/rnn_single_influence_seed5_train.h5,274,train,13,4,2,14,604,2000,test,6.90718,-10.20793,2,-2
rnn_single_influence,5,/juice6/u/jshe/emergent_partner_grid/dev/eval_out/rnn_single_influence_seed5_train.h5,275,train,13,4,2,15,594,2000,test,8.695746,-10.114952,2,-2
rnn_single_influence,5,/juice6/u/jshe/emergent_partner_grid/dev/eval_out/rnn_single_influence_seed5_train.h5,276,train,13,4,2,16,629,2000,train,4.859744,-9.28019,2,-2
rnn_single_influence,5,/juice6/u/jshe/emergent_partner_grid/dev/eval_out/rnn_single_influence_seed5_train.h5,277,train,13,4,2,17,530,2000,train,7.2051105,-9.667487,2,-2
rnn_single_influence,5,/juice6/u/jshe/emergent_partner_grid/dev/eval_out/rnn_single_influence_seed5_train.h5,278,train,13,4,2,18,609,2000,train,9.4625845,-10.087012,2,-2
rnn_single_influence,5,/juice6/u/jshe/emergent_partner_grid/dev/eval_out/rnn_single_influence_seed5_train.h5,279,train,13,4,2,19,560,2000,train,8.3343115,-8.222138,2,-2
rnn_single_influence,5,/juice6/u/jshe/emergent_partner_grid/dev/eval_out/rnn_single_influence_seed5_train.h5,280,train,14,4,3,0,532,2000,train,7.8293104,-10.399583,1,-1
rnn_single_influence,5,/juice6/u/jshe/emergent_partner_grid/dev/eval_out/rnn_single_influence_seed5_train.h5,281,train,14,4,3,1,496,2000,test,5.516009,-9.300458,1,-1
rnn_single_influence,5,/juice6/u/jshe/emergent_partner_grid/dev/eval_out/rnn_single_influence_seed5_train.h5,282,train,14,4,3,2,521,2000,train,5.704379,-12.309504,1,-1
rnn_single_influence,5,/juice6/u/jshe/emergent_partner_grid/dev/eval_out/rnn_single_influence_seed5_train.h5,283,train,14,4,3,3,507,2000,train,5.5293837,-11.152051,1,-1
rnn_single_influence,5,/juice6/u/jshe/emergent_partner_grid/dev/eval_out/rnn_single_influence_seed5_train.h5,284,train,14,4,3,4,586,2000,train,6.3950515,-11.556896,1,-1
rnn_single_influence,5,/juice6/u/jshe/emergent_partner_grid/dev/eval_out/rnn_single_influence_seed5_train.h5,285,train,14,4,3,5,497,2000,train,5.3697057,-9.071927,1,-1
rnn_single_influence,5,/juice6/u/jshe/emergent_partner_grid/dev/eval_out/rnn_single_influence_seed5_train.h5,286,train,14,4,3,6,635,2000,train,5.9810195,-6.264703,1,-1
rnn_single_influence,5,/juice6/u/jshe/emergent_partner_grid/dev/eval_out/rnn_single_influence_seed5_train.h5,287,train,14,4,3,7,487,2000,train,6.5838327,-9.349366,1,-1
rnn_single_influence,5,/juice6/u/jshe/emergent_partner_grid/dev/eval_out/rnn_single_influence_seed5_train.h5,288,train,14,4,3,8,552,2000,train,6.577208,-10.303502,1,-1
rnn_single_influence,5,/juice6/u/jshe/emergent_partner_grid/dev/eval_out/rnn_single_influence_seed5_train.h5,289,train,14,4,3,9,487,2000,test,5.654574,-9.877375,1,-1
rnn_single_influence,5,/juice6/u/jshe/emergent_partner_grid/dev/eval_out/rnn_single_influence_seed5_train.h5,290,train,14,4,3,10,496,2000,train,7.3235784,-11.201551,1,-1
rnn_single_influence,5,/juice6/u/jshe/emergent_partner_grid/dev/eval_out/rnn_single_influence_seed5_train.h5,291,train,14,4,3,11,560,2000,train,5.2805743,-10.352135,1,-1
rnn_single_influence,5,/juice6/u/jshe/emergent_partner_grid/dev/eval_out/rnn_single_influence_seed5_train.h5,292,train,14,4,3,12,593,2000,train,8.634416,-9.894901,1,-1
rnn_single_influence,5,/juice6/u/jshe/emergent_partner_grid/dev/eval_out/rnn_single_influence_seed5_train.h5,293,train,14,4,3,13,573,2000,train,8.871003,-11.009592,1,-1
rnn_single_influence,5,/juice6/u/jshe/emergent_partner_grid/dev/eval_out/rnn_single_influence_seed5_train.h5,294,train,14,4,3,14,574,2000,test,6.23179,-6.799342,1,-1
rnn_single_influence,5,/juice6/u/jshe/emergent_partner_grid/dev/eval_out/rnn_single_influence_seed5_train.h5,295,train,14,4,3,15,504,2000,test,4.4739075,-11.287555,1,-1
rnn_single_influence,5,/juice6/u/jshe/emergent_partner_grid/dev/eval_out/rnn_single_influence_seed5_train.h5,296,train,14,4,3,16,564,2000,train,5.662269,-9.146021,1,-1
rnn_single_influence,5,/juice6/u/jshe/emergent_partner_grid/dev/eval_out/rnn_single_influence_seed5_train.h5,297,train,14,4,3,17,604,2000,train,9.819962,-9.872158,1,-1
rnn_single_influence,5,/juice6/u/jshe/emergent_partner_grid/dev/eval_out/rnn_single_influence_seed5_train.h5,298,train,14,4,3,18,572,2000,train,8.653306,-11.550191,1,-1
rnn_single_influence,5,/juice6/u/jshe/emergent_partner_grid/dev/eval_out/rnn_single_influence_seed5_train.h5,299,train,14,4,3,19,561,2000,train,7.780893,-12.425394,1,-1
rnn_single_influence,5,/juice6/u/jshe/emergent_partner_grid/dev/eval_out/rnn_single_influence_seed5_test.h5,220,test,11,5,0,0,624,2000,train,7.6297097,-8.280197,5,-5
rnn_single_influence,5,/juice6/u/jshe/emergent_partner_grid/dev/eval_out/rnn_single_influence_seed5_test.h5,221,test,11,5,0,1,609,2000,test,9.223596,-8.7999115,5,-5
rnn_single_influence,5,/juice6/u/jshe/emergent_partner_grid/dev/eval_out/rnn_single_influence_seed5_test.h5,222,test,11,5,0,2,642,2000,train,6.638282,-7.3652363,5,-5
rnn_single_influence,5,/juice6/u/jshe/emergent_partner_grid/dev/eval_out/rnn_single_influence_seed5_test.h5,223,test,11,5,0,3,708,2000,train,6.5043306,-5.886339,5,-5
rnn_single_influence,5,/juice6/u/jshe/emergent_partner_grid/dev/eval_out/rnn_single_influence_seed5_test.h5,224,test,11,5,0,4,657,2000,train,10.13817,-9.136458,5,-5
rnn_single_influence,5,/juice6/u/jshe/emergent_partner_grid/dev/eval_out/rnn_single_influence_seed5_test.h5,225,test,11,5,0,5,573,2000,train,7.3257422,-10.340539,5,-5
rnn_single_influence,5,/juice6/u/jshe/emergent_partner_grid/dev/eval_out/rnn_single_influence_seed5_test.h5,226,test,11,5,0,6,770,2000,train,7.3548565,-5.703671,5,-5
rnn_single_influence,5,/juice6/u/jshe/emergent_partner_grid/dev/eval_out/rnn_single_influence_seed5_test.h5,227,test,11,5,0,7,642,2000,train,8.568729,-11.117879,5,-5
rnn_single_influence,5,/juice6/u/jshe/emergent_partner_grid/dev/eval_out/rnn_single_influence_seed5_test.h5,228,test,11,5,0,8,626,2000,train,7.5515523,-8.176449,5,-5
rnn_single_influence,5,/juice6/u/jshe/emergent_partner_grid/dev/eval_out/rnn_single_influence_seed5_test.h5,229,test,11,5,0,9,646,2000,test,8.233236,-9.83884,5,-5
rnn_single_influence,5,/juice6/u/jshe/emergent_partner_grid/dev/eval_out/rnn_single_influence_seed5_test.h5,230,test,11,5,0,10,683,2000,train,8.85629,-10.720129,5,-5
rnn_single_influence,5,/juice6/u/jshe/emergent_partner_grid/dev/eval_out/rnn_single_influence_seed5_test.h5,231,test,11,5,0,11,711,2000,train,7.405039,-6.4210176,5,-5
rnn_single_influence,5,/juice6/u/jshe/emergent_partner_grid/dev/eval_out/rnn_single_influence_seed5_test.h5,232,test,11,5,0,12,644,2000,train,9.04217,-9.025253,5,-5
rnn_single_influence,5,/juice6/u/jshe/emergent_partner_grid/dev/eval_out/rnn_single_influence_seed5_test.h5,233,test,11,5,0,13,648,2000,train,7.4073186,-10.007711,5,-5
rnn_single_influence,5,/juice6/u/jshe/emergent_partner_grid/dev/eval_out/rnn_single_influence_seed5_test.h5,234,test,11,5,0,14,634,2000,test,9.242348,-9.031785,5,-5
rnn_single_influence,5,/juice6/u/jshe/emergent_partner_grid/dev/eval_out/rnn_single_influence_seed5_test.h5,235,test,11,5,0,15,660,2000,test,9.030394,-6.41551,5,-5
rnn_single_influence,5,/juice6/u/jshe/emergent_partner_grid/dev/eval_out/rnn_single_influence_seed5_test.h5,236,test,11,5,0,16,611,2000,train,6.4786015,-9.616653,5,-5
rnn_single_influence,5,/juice6/u/jshe/emergent_partner_grid/dev/eval_out/rnn_single_influence_seed5_test.h5,237,test,11,5,0,17,711,2000,train,6.709306,-5.6615396,5,-5
rnn_single_influence,5,/juice6/u/jshe/emergent_partner_grid/dev/eval_out/rnn_single_influence_seed5_test.h5,238,test,11,5,0,18,610,2000,train,6.962989,-7.8428903,5,-5
rnn_single_influence,5,/juice6/u/jshe/emergent_partner_grid/dev/eval_out/rnn_single_influence_seed5_test.h5,239,test,11,5,0,19,725,2000,train,8.404678,-9.523497,5,-5
rnn_single_influence,5,/juice6/u/jshe/emergent_partner_grid/dev/eval_out/rnn_single_influence_seed5_test.h5,240,test,12,5,1,0,643,2000,train,9.240012,-10.263032,4,-4
rnn_single_influence,5,/juice6/u/jshe/emergent_partner_grid/dev/eval_out/rnn_single_influence_seed5_test.h5,241,test,12,5,1,1,801,2000,test,5.6462607,-3.9197392,4,-4
rnn_single_influence,5,/juice6/u/jshe/emergent_partner_grid/dev/eval_out/rnn_single_influence_seed5_test.h5,242,test,12,5,1,2,641,2000,train,8.757561,-7.8707104,4,-4
rnn_single_influence,5,/juice6/u/jshe/emergent_partner_grid/dev/eval_out/rnn_single_influence_seed5_test.h5,243,test,12,5,1,3,643,2000,train,9.096029,-10.435155,4,-4
rnn_single_influence,5,/juice6/u/jshe/emergent_partner_grid/dev/eval_out/rnn_single_influence_seed5_test.h5,244,test,12,5,1,4,644,2000,train,9.777775,-10.594444,4,-4
rnn_single_influence,5,/juice6/u/jshe/emergent_partner_grid/dev/eval_out/rnn_single_influence_seed5_test.h5,245,test,12,5,1,5,582,2000,train,7.840453,-10.708632,4,-4
rnn_single_influence,5,/juice6/u/jshe/emergent_partner_grid/dev/eval_out/rnn_single_influence_seed5_test.h5,246,test,12,5,1,6,743,2000,train,7.077052,-7.43169,4,-4
rnn_single_influence,5,/juice6/u/jshe/emergent_partner_grid/dev/eval_out/rnn_single_influence_seed5_test.h5,247,test,12,5,1,7,622,2000,train,9.126041,-9.26582,4,-4
rnn_single_influence,5,/juice6/u/jshe/emergent_partner_grid/dev/eval_out/rnn_single_influence_seed5_test.h5,248,test,12,5,1,8,621,2000,train,7.5235515,-7.4059215,4,-4
rnn_single_influence,5,/juice6/u/jshe/emergent_partner_grid/dev/eval_out/rnn_single_influence_seed5_test.h5,249,test,12,5,1,9,664,2000,test,8.907733,-11.247358,4,-4
rnn_single_influence,5,/juice6/u/jshe/emergent_partner_grid/dev/eval_out/rnn_single_influence_seed5_test.h5,250,test,12,5,1,10,635,2000,train,7.6914487,-8.308256,4,-4
rnn_single_influence,5,/juice6/u/jshe/emergent_partner_grid/dev/eval_out/rnn_single_influence_seed5_test.h5,251,test,12,5,1,11,618,2000,train,7.237711,-7.5476646,4,-4
rnn_single_influence,5,/juice6/u/jshe/emergent_partner_grid/dev/eval_out/rnn_single_influence_seed5_test.h5,252,test,12,5,1,12,664,2000,train,8.102566,-12.329294,4,-4
rnn_single_influence,5,/juice6/u/jshe/emergent_partner_grid/dev/eval_out/rnn_single_influence_seed5_test.h5,253,test,12,5,1,13,703,2000,train,7.4122753,-7.6042485,4,-4
rnn_single_influence,5,/juice6/u/jshe/emergent_partner_grid/dev/eval_out/rnn_single_influence_seed5_test.h5,254,test,12,5,1,14,662,2000,test,8.612427,-7.6133313,4,-4
rnn_single_influence,5,/juice6/u/jshe/emergent_partner_grid/dev/eval_out/rnn_single_influence_seed5_test.h5,255,test,12,5,1,15,694,2000,test,8.645792,-8.314416,4,-4
rnn_single_influence,5,/juice6/u/jshe/emergent_partner_grid/dev/eval_out/rnn_single_influence_seed5_test.h5,256,test,12,5,1,16,597,2000,train,7.605916,-10.181572,4,-4
rnn_single_influence,5,/juice6/u/jshe/emergent_partner_grid/dev/eval_out/rnn_single_influence_seed5_test.h5,257,test,12,5,1,17,670,2000,train,9.752223,-10.317074,4,-4
rnn_single_influence,5,/juice6/u/jshe/emergent_partner_grid/dev/eval_out/rnn_single_influence_seed5_test.h5,258,test,12,5,1,18,637,2000,train,9.572363,-8.2244,4,-4
rnn_single_influence,5,/juice6/u/jshe/emergent_partner_grid/dev/eval_out/rnn_single_influence_seed5_test.h5,259,test,12,5,1,19,785,2000,train,7.089872,-12.574931,4,-4
rnn_single_influence,5,/juice6/u/jshe/emergent_partner_grid/dev/eval_out/rnn_single_influence_seed5_test.h5,260,test,13,5,2,0,681,2000,train,9.203223,-10.246484,3,-3
rnn_single_influence,5,/juice6/u/jshe/emergent_partner_grid/dev/eval_out/rnn_single_influence_seed5_test.h5,261,test,13,5,2,1,625,2000,test,8.82957,-8.3428545,3,-3
rnn_single_influence,5,/juice6/u/jshe/emergent_partner_grid/dev/eval_out/rnn_single_influence_seed5_test.h5,262,test,13,5,2,2,681,2000,train,10.194557,-9.704151,3,-3
rnn_single_influence,5,/juice6/u/jshe/emergent_partner_grid/dev/eval_out/rnn_single_influence_seed5_test.h5,263,test,13,5,2,3,665,2000,train,9.026996,-8.057814,3,-3
rnn_single_influence,5,/juice6/u/jshe/emergent_partner_grid/dev/eval_out/rnn_single_influence_seed5_test.h5,264,test,13,5,2,4,703,2000,train,6.9557486,-7.122065,3,-3
rnn_single_influence,5,/juice6/u/jshe/emergent_partner_grid/dev/eval_out/rnn_single_influence_seed5_test.h5,265,test,13,5,2,5,616,2000,train,9.462362,-9.408709,3,-3
rnn_single_influence,5,/juice6/u/jshe/emergent_partner_grid/dev/eval_out/rnn_single_influence_seed5_test.h5,266,test,13,5,2,6,604,2000,train,6.6124907,-10.147998,3,-3
rnn_single_influence,5,/juice6/u/jshe/emergent_partner_grid/dev/eval_out/rnn_single_influence_seed5_test.h5,267,test,13,5,2,7,619,2000,train,9.538686,-9.065554,3,-3
rnn_single_influence,5,/juice6/u/jshe/emergent_partner_grid/dev/eval_out/rnn_single_influence_seed5_test.h5,268,test,13,5,2,8,627,2000,train,9.585385,-9.869645,3,-3
rnn_single_influence,5,/juice6/u/jshe/emergent_partner_grid/dev/eval_out/rnn_single_influence_seed5_test.h5,269,test,13,5,2,9,708,2000,test,9.875187,-9.394345,3,-3
rnn_single_influence,5,/juice6/u/jshe/emergent_partner_grid/dev/eval_out/rnn_single_influence_seed5_test.h5,270,test,13,5,2,10,631,2000,train,8.832053,-8.982889,3,-3
rnn_single_influence,5,/juice6/u/jshe/emergent_partner_grid/dev/eval_out/rnn_single_influence_seed5_test.h5,271,test,13,5,2,11,680,2000,train,6.0054975,-6.7033257,3,-3
rnn_single_influence,5,/juice6/u/jshe/emergent_partner_grid/dev/eval_out/rnn_single_influence_seed5_test.h5,272,test,13,5,2,12,619,2000,train,8.108509,-8.568419,3,-3
rnn_single_influence,5,/juice6/u/jshe/emergent_partner_grid/dev/eval_out/rnn_single_influence_seed5_test.h5,273,test,13,5,2,13,642,2000,train,8.551709,-8.247281,3,-3
rnn_single_influence,5,/juice6/u/jshe/emergent_partner_grid/dev/eval_out/rnn_single_influence_seed5_test.h5,274,test,13,5,2,14,633,2000,test,9.754105,-10.050203,3,-3
rnn_single_influence,5,/juice6/u/jshe/emergent_partner_grid/dev/eval_out/rnn_single_influence_seed5_test.h5,275,test,13,5,2,15,635,2000,test,8.877088,-11.161585,3,-3
rnn_single_influence,5,/juice6/u/jshe/emergent_partner_grid/dev/eval_out/rnn_single_influence_seed5_test.h5,276,test,13,5,2,16,627,2000,train,8.804935,-10.9051285,3,-3
rnn_single_influence,5,/juice6/u/jshe/emergent_partner_grid/dev/eval_out/rnn_single_influence_seed5_test.h5,277,test,13,5,2,17,734,2000,train,8.12612,-7.2627234,3,-3
rnn_single_influence,5,/juice6/u/jshe/emergent_partner_grid/dev/eval_out/rnn_single_influence_seed5_test.h5,278,test,13,5,2,18,714,2000,train,6.9768896,-9.856501,3,-3
rnn_single_influence,5,/juice6/u/jshe/emergent_partner_grid/dev/eval_out/rnn_single_influence_seed5_test.h5,279,test,13,5,2,19,672,2000,train,8.372006,-7.7053866,3,-3
rnn_single_influence,5,/juice6/u/jshe/emergent_partner_grid/dev/eval_out/rnn_single_influence_seed5_test.h5,280,test,14,5,3,0,675,2000,train,7.92515,-7.0718746,2,-2
rnn_single_influence,5,/juice6/u/jshe/emergent_partner_grid/dev/eval_out/rnn_single_influence_seed5_test.h5,281,test,14,5,3,1,551,2000,test,7.185548,-13.105901,2,-2
rnn_single_influence,5,/juice6/u/jshe/emergent_partner_grid/dev/eval_out/rnn_single_influence_seed5_test.h5,282,test,14,5,3,2,683,2000,train,9.273384,-9.309872,2,-2
rnn_single_influence,5,/juice6/u/jshe/emergent_partner_grid/dev/eval_out/rnn_single_influence_seed5_test.h5,283,test,14,5,3,3,711,2000,train,10.146634,-7.5608997,2,-2
rnn_single_influence,5,/juice6/u/jshe/emergent_partner_grid/dev/eval_out/rnn_single_influence_seed5_test.h5,284,test,14,5,3,4,604,2000,train,9.232763,-9.746377,2,-2
rnn_single_influence,5,/juice6/u/jshe/emergent_partner_grid/dev/eval_out/rnn_single_influence_seed5_test.h5,285,test,14,5,3,5,678,2000,train,8.98751,-7.769967,2,-2
rnn_single_influence,5,/juice6/u/jshe/emergent_partner_grid/dev/eval_out/rnn_single_influence_seed5_test.h5,286,test,14,5,3,6,681,2000,train,6.8826675,-9.642527,2,-2
rnn_single_influence,5,/juice6/u/jshe/emergent_partner_grid/dev/eval_out/rnn_single_influence_seed5_test.h5,287,test,14,5,3,7,748,2000,train,8.076414,-11.486267,2,-2
rnn_single_influence,5,/juice6/u/jshe/emergent_partner_grid/dev/eval_out/rnn_single_influence_seed5_test.h5,288,test,14,5,3,8,630,2000,train,8.079566,-8.91552,2,-2
rnn_single_influence,5,/juice6/u/jshe/emergent_partner_grid/dev/eval_out/rnn_single_influence_seed5_test.h5,289,test,14,5,3,9,662,2000,test,9.174977,-10.980644,2,-2
rnn_single_influence,5,/juice6/u/jshe/emergent_partner_grid/dev/eval_out/rnn_single_influence_seed5_test.h5,290,test,14,5,3,10,695,2000,train,8.838498,-9.879956,2,-2
rnn_single_influence,5,/juice6/u/jshe/emergent_partner_grid/dev/eval_out/rnn_single_influence_seed5_test.h5,291,test,14,5,3,11,599,2000,train,6.448461,-9.27385,2,-2
rnn_single_influence,5,/juice6/u/jshe/emergent_partner_grid/dev/eval_out/rnn_single_influence_seed5_test.h5,292,test,14,5,3,12,629,2000,train,9.408919,-10.506192,2,-2
rnn_single_influence,5,/juice6/u/jshe/emergent_partner_grid/dev/eval_out/rnn_single_influence_seed5_test.h5,293,test,14,5,3,13,647,2000,train,9.542464,-10.632006,2,-2
rnn_single_influence,5,/juice6/u/jshe/emergent_partner_grid/dev/eval_out/rnn_single_influence_seed5_test.h5,294,test,14,5,3,14,701,2000,test,9.297708,-10.339889,2,-2
rnn_single_influence,5,/juice6/u/jshe/emergent_partner_grid/dev/eval_out/rnn_single_influence_seed5_test.h5,295,test,14,5,3,15,668,2000,test,10.3807,-8.469839,2,-2
rnn_single_influence,5,/juice6/u/jshe/emergent_partner_grid/dev/eval_out/rnn_single_influence_seed5_test.h5,296,test,14,5,3,16,790,2000,train,8.484169,-7.35245,2,-2
rnn_single_influence,5,/juice6/u/jshe/emergent_partner_grid/dev/eval_out/rnn_single_influence_seed5_test.h5,297,test,14,5,3,17,655,2000,train,8.842373,-10.014348,2,-2
rnn_single_influence,5,/juice6/u/jshe/emergent_partner_grid/dev/eval_out/rnn_single_influence_seed5_test.h5,298,test,14,5,3,18,619,2000,train,8.148062,-10.459943,2,-2
rnn_single_influence,5,/juice6/u/jshe/emergent_partner_grid/dev/eval_out/rnn_single_influence_seed5_test.h5,299,test,14,5,3,19,687,2000,train,9.868077,-10.124218,2,-2
rnn_single_influence,5,/juice6/u/jshe/emergent_partner_grid/dev/eval_out/rnn_single_influence_seed5_test.h5,300,test,15,6,0,0,802,2000,train,9.290696,-4.024607,6,-6
rnn_single_influence,5,/juice6/u/jshe/emergent_partner_grid/dev/eval_out/rnn_single_influence_seed5_test.h5,301,test,15,6,0,1,804,2000,test,5.8617496,-3.9286256,6,-6
rnn_single_influence,5,/juice6/u/jshe/emergent_partner_grid/dev/eval_out/rnn_single_influence_seed5_test.h5,302,test,15,6,0,2,768,2000,train,6.2306876,-4.977794,6,-6
rnn_single_influence,5,/juice6/u/jshe/emergent_partner_grid/dev/eval_out/rnn_single_influence_seed5_test.h5,303,test,15,6,0,3,860,2000,train,8.301872,-11.5588455,6,-6
rnn_single_influence,5,/juice6/u/jshe/emergent_partner_grid/dev/eval_out/rnn_single_influence_seed5_test.h5,304,test,15,6,0,4,783,2000,train,9.041294,-8.670244,6,-6
rnn_single_influence,5,/juice6/u/jshe/emergent_partner_grid/dev/eval_out/rnn_single_influence_seed5_test.h5,305,test,15,6,0,5,900,2000,train,10.492154,-8.524861,6,-6
rnn_single_influence,5,/juice6/u/jshe/emergent_partner_grid/dev/eval_out/rnn_single_influence_seed5_test.h5,306,test,15,6,0,6,653,2000,train,9.438839,-7.994392,6,-6
rnn_single_influence,5,/juice6/u/jshe/emergent_partner_grid/dev/eval_out/rnn_single_influence_seed5_test.h5,307,test,15,6,0,7,962,2000,train,6.849758,-3.1734076,6,-6
rnn_single_influence,5,/juice6/u/jshe/emergent_partner_grid/dev/eval_out/rnn_single_influence_seed5_test.h5,308,test,15,6,0,8,762,2000,train,6.57302,-4.64566,6,-6
rnn_single_influence,5,/juice6/u/jshe/emergent_partner_grid/dev/eval_out/rnn_single_influence_seed5_test.h5,309,test,15,6,0,9,746,2000,test,6.429294,-6.118406,6,-6
rnn_single_influence,5,/juice6/u/jshe/emergent_partner_grid/dev/eval_out/rnn_single_influence_seed5_test.h5,310,test,15,6,0,10,771,2000,train,9.534673,-6.2057076,6,-6
rnn_single_influence,5,/juice6/u/jshe/emergent_partner_grid/dev/eval_out/rnn_single_influence_seed5_test.h5,311,test,15,6,0,11,744,2000,train,7.6516366,-8.575692,6,-6
rnn_single_influence,5,/juice6/u/jshe/emergent_partner_grid/dev/eval_out/rnn_single_influence_seed5_test.h5,312,test,15,6,0,12,797,2000,train,8.050879,-7.654844,6,-6
rnn_single_influence,5,/juice6/u/jshe/emergent_partner_grid/dev/eval_out/rnn_single_influence_seed5_test.h5,313,test,15,6,0,13,751,2000,train,6.498234,-5.2299085,6,-6
rnn_single_influence,5,/juice6/u/jshe/emergent_partner_grid/dev/eval_out/rnn_single_influence_seed5_test.h5,314,test,15,6,0,14,714,2000,test,7.7069664,-6.1021576,6,-6
rnn_single_influence,5,/juice6/u/jshe/emergent_partner_grid/dev/eval_out/rnn_single_influence_seed5_test.h5,315,test,15,6,0,15,790,2000,test,9.979337,-7.3284655,6,-6
rnn_single_influence,5,/juice6/u/jshe/emergent_partner_grid/dev/eval_out/rnn_single_influence_seed5_test.h5,316,test,15,6,0,16,827,2000,train,10.608686,-8.875219,6,-6
rnn_single_influence,5,/juice6/u/jshe/emergent_partner_grid/dev/eval_out/rnn_single_influence_seed5_test.h5,317,test,15,6,0,17,810,2000,train,5.8490076,-5.376979,6,-6
rnn_single_influence,5,/juice6/u/jshe/emergent_partner_grid/dev/eval_out/rnn_single_influence_seed5_test.h5,318,test,15,6,0,18,715,2000,train,7.5552883,-5.4457455,6,-6
rnn_single_influence,5,/juice6/u/jshe/emergent_partner_grid/dev/eval_out/rnn_single_influence_seed5_test.h5,319,test,15,6,0,19,710,2000,train,7.2296395,-5.318643,6,-6
rnn_single_influence,5,/juice6/u/jshe/emergent_partner_grid/dev/eval_out/rnn_single_influence_seed5_test.h5,320,test,16,6,1,0,685,2000,train,9.520409,-8.96422,5,-5
rnn_single_influence,5,/juice6/u/jshe/emergent_partner_grid/dev/eval_out/rnn_single_influence_seed5_test.h5,321,test,16,6,1,1,792,2000,test,7.4039783,-5.2114983,5,-5
rnn_single_influence,5,/juice6/u/jshe/emergent_partner_grid/dev/eval_out/rnn_single_influence_seed5_test.h5,322,test,16,6,1,2,808,2000,train,8.597157,-4.8882613,5,-5
rnn_single_influence,5,/juice6/u/jshe/emergent_partner_grid/dev/eval_out/rnn_single_influence_seed5_test.h5,323,test,16,6,1,3,762,2000,train,7.3982882,-7.9643073,5,-5
rnn_single_influence,5,/juice6/u/jshe/emergent_partner_grid/dev/eval_out/rnn_single_influence_seed5_test.h5,324,test,16,6,1,4,749,2000,train,9.451753,-8.094878,5,-5
rnn_single_influence,5,/juice6/u/jshe/emergent_partner_grid/dev/eval_out/rnn_single_influence_seed5_test.h5,325,test,16,6,1,5,760,2000,train,6.6932793,-6.0525823,5,-5
rnn_single_influence,5,/juice6/u/jshe/emergent_partner_grid/dev/eval_out/rnn_single_influence_seed5_test.h5,326,test,16,6,1,6,766,2000,train,6.021387,-4.895496,5,-5
rnn_single_influence,5,/juice6/u/jshe/emergent_partner_grid/dev/eval_out/rnn_single_influence_seed5_test.h5,327,test,16,6,1,7,821,2000,train,6.7094145,-6.0956373,5,-5
rnn_single_influence,5,/juice6/u/jshe/emergent_partner_grid/dev/eval_out/rnn_single_influence_seed5_test.h5,328,test,16,6,1,8,891,2000,train,8.084173,-3.1291547,5,-5
rnn_single_influence,5,/juice6/u/jshe/emergent_partner_grid/dev/eval_out/rnn_single_influence_seed5_test.h5,329,test,16,6,1,9,869,2000,test,10.638769,-8.68448,5,-5
rnn_single_influence,5,/juice6/u/jshe/emergent_partner_grid/dev/eval_out/rnn_single_influence_seed5_test.h5,330,test,16,6,1,10,740,2000,train,8.171305,-7.231333,5,-5
rnn_single_influence,5,/juice6/u/jshe/emergent_partner_grid/dev/eval_out/rnn_single_influence_seed5_test.h5,331,test,16,6,1,11,771,2000,train,7.6889024,-7.059702,5,-5
rnn_single_influence,5,/juice6/u/jshe/emergent_partner_grid/dev/eval_out/rnn_single_influence_seed5_test.h5,332,test,16,6,1,12,709,2000,train,9.439999,-7.1696734,5,-5
rnn_single_influence,5,/juice6/u/jshe/emergent_partner_grid/dev/eval_out/rnn_single_influence_seed5_test.h5,333,test,16,6,1,13,757,2000,train,10.113288,-8.496778,5,-5
rnn_single_influence,5,/juice6/u/jshe/emergent_partner_grid/dev/eval_out/rnn_single_influence_seed5_test.h5,334,test,16,6,1,14,744,2000,test,6.383724,-6.221899,5,-5
rnn_single_influence,5,/juice6/u/jshe/emergent_partner_grid/dev/eval_out/rnn_single_influence_seed5_test.h5,335,test,16,6,1,15,749,2000,test,8.399596,-8.107215,5,-5
rnn_single_influence,5,/juice6/u/jshe/emergent_partner_grid/dev/eval_out/rnn_single_influence_seed5_test.h5,336,test,16,6,1,16,856,2000,train,7.6642475,-5.43721,5,-5
rnn_single_influence,5,/juice6/u/jshe/emergent_partner_grid/dev/eval_out/rnn_single_influence_seed5_test.h5,337,test,16,6,1,17,663,2000,train,8.009943,-9.224205,5,-5
rnn_single_influence,5,/juice6/u/jshe/emergent_partner_grid/dev/eval_out/rnn_single_influence_seed5_test.h5,338,test,16,6,1,18,852,2000,train,10.050073,-5.9328876,5,-5
rnn_single_influence,5,/juice6/u/jshe/emergent_partner_grid/dev/eval_out/rnn_single_influence_seed5_test.h5,339,test,16,6,1,19,720,2000,train,8.805391,-10.763841,5,-5
rnn_single_influence,5,/juice6/u/jshe/emergent_partner_grid/dev/eval_out/rnn_single_influence_seed5_test.h5,340,test,17,6,2,0,704,2000,train,6.7393365,-6.8295894,4,-4
rnn_single_influence,5,/juice6/u/jshe/emergent_partner_grid/dev/eval_out/rnn_single_influence_seed5_test.h5,341,test,17,6,2,1,706,2000,test,5.963332,-5.622574,4,-4
rnn_single_influence,5,/juice6/u/jshe/emergent_partner_grid/dev/eval_out/rnn_single_influence_seed5_test.h5,342,test,17,6,2,2,727,2000,train,7.2224283,-6.31644,4,-4
rnn_single_influence,5,/juice6/u/jshe/emergent_partner_grid/dev/eval_out/rnn_single_influence_seed5_test.h5,343,test,17,6,2,3,659,2000,train,9.71077,-9.02011,4,-4
rnn_single_influence,5,/juice6/u/jshe/emergent_partner_grid/dev/eval_out/rnn_single_influence_seed5_test.h5,344,test,17,6,2,4,812,2000,train,10.216063,-6.650806,4,-4
rnn_single_influence,5,/juice6/u/jshe/emergent_partner_grid/dev/eval_out/rnn_single_influence_seed5_test.h5,345,test,17,6,2,5,933,2000,train,9.604545,-4.8716025,4,-4
rnn_single_influence,5,/juice6/u/jshe/emergent_partner_grid/dev/eval_out/rnn_single_influence_seed5_test.h5,346,test,17,6,2,6,758,2000,train,10.3099,-8.9802475,4,-4
rnn_single_influence,5,/juice6/u/jshe/emergent_partner_grid/dev/eval_out/rnn_single_influence_seed5_test.h5,347,test,17,6,2,7,795,2000,train,8.327734,-5.2976913,4,-4
rnn_single_influence,5,/juice6/u/jshe/emergent_partner_grid/dev/eval_out/rnn_single_influence_seed5_test.h5,348,test,17,6,2,8,726,2000,train,9.321089,-8.398502,4,-4
rnn_single_influence,5,/juice6/u/jshe/emergent_partner_grid/dev/eval_out/rnn_single_influence_seed5_test.h5,349,test,17,6,2,9,748,2000,test,9.442995,-7.2971635,4,-4
rnn_single_influence,5,/juice6/u/jshe/emergent_partner_grid/dev/eval_out/rnn_single_influence_seed5_test.h5,350,test,17,6,2,10,652,2000,train,8.022069,-6.4825306,4,-4
rnn_single_influence,5,/juice6/u/jshe/emergent_partner_grid/dev/eval_out/rnn_single_influence_seed5_test.h5,351,test,17,6,2,11,766,2000,train,9.934515,-8.00786,4,-4
rnn_single_influence,5,/juice6/u/jshe/emergent_partner_grid/dev/eval_out/rnn_single_influence_seed5_test.h5,352,test,17,6,2,12,752,2000,train,8.182638,-8.194016,4,-4
rnn_single_influence,5,/juice6/u/jshe/emergent_partner_grid/dev/eval_out/rnn_single_influence_seed5_test.h5,353,test,17,6,2,13,761,2000,train,5.975826,-6.0023246,4,-4
rnn_single_influence,5,/juice6/u/jshe/emergent_partner_grid/dev/eval_out/rnn_single_influence_seed5_test.h5,354,test,17,6,2,14,756,2000,test,8.32663,-10.085216,4,-4
rnn_single_influence,5,/juice6/u/jshe/emergent_partner_grid/dev/eval_out/rnn_single_influence_seed5_test.h5,355,test,17,6,2,15,857,2000,test,7.9081526,-6.3761854,4,-4
rnn_single_influence,5,/juice6/u/jshe/emergent_partner_grid/dev/eval_out/rnn_single_influence_seed5_test.h5,356,test,17,6,2,16,762,2000,train,7.0425487,-5.441285,4,-4
rnn_single_influence,5,/juice6/u/jshe/emergent_partner_grid/dev/eval_out/rnn_single_influence_seed5_test.h5,357,test,17,6,2,17,710,2000,train,8.579596,-10.2790575,4,-4
rnn_single_influence,5,/juice6/u/jshe/emergent_partner_grid/dev/eval_out/rnn_single_influence_seed5_test.h5,358,test,17,6,2,18,701,2000,train,6.773011,-7.005387,4,-4
rnn_single_influence,5,/juice6/u/jshe/emergent_partner_grid/dev/eval_out/rnn_single_influence_seed5_test.h5,359,test,17,6,2,19,724,2000,train,7.352211,-7.268974,4,-4
rnn_single_influence,5,/juice6/u/jshe/emergent_partner_grid/dev/eval_out/rnn_single_influence_seed5_test.h5,360,test,18,6,3,0,754,2000,train,8.587125,-6.151296,3,-3
rnn_single_influence,5,/juice6/u/jshe/emergent_partner_grid/dev/eval_out/rnn_single_influence_seed5_test.h5,361,test,18,6,3,1,731,2000,test,9.489641,-8.570965,3,-3
rnn_single_influence,5,/juice6/u/jshe/emergent_partner_grid/dev/eval_out/rnn_single_influence_seed5_test.h5,362,test,18,6,3,2,812,2000,train,10.147517,-9.471566,3,-3
rnn_single_influence,5,/juice6/u/jshe/emergent_partner_grid/dev/eval_out/rnn_single_influence_seed5_test.h5,363,test,18,6,3,3,795,2000,train,9.597832,-5.857606,3,-3
rnn_single_influence,5,/juice6/u/jshe/emergent_partner_grid/dev/eval_out/rnn_single_influence_seed5_test.h5,364,test,18,6,3,4,812,2000,train,8.413493,-5.7304826,3,-3
rnn_single_influence,5,/juice6/u/jshe/emergent_partner_grid/dev/eval_out/rnn_single_influence_seed5_test.h5,365,test,18,6,3,5,795,2000,train,8.659015,-5.8796263,3,-3
rnn_single_influence,5,/juice6/u/jshe/emergent_partner_grid/dev/eval_out/rnn_single_influence_seed5_test.h5,366,test,18,6,3,6,779,2000,train,7.2627325,-5.9378667,3,-3
rnn_single_influence,5,/juice6/u/jshe/emergent_partner_grid/dev/eval_out/rnn_single_influence_seed5_test.h5,367,test,18,6,3,7,744,2000,train,8.520228,-6.053921,3,-3
rnn_single_influence,5,/juice6/u/jshe/emergent_partner_grid/dev/eval_out/rnn_single_influence_seed5_test.h5,368,test,18,6,3,8,694,2000,train,6.044536,-6.443638,3,-3
rnn_single_influence,5,/juice6/u/jshe/emergent_partner_grid/dev/eval_out/rnn_single_influence_seed5_test.h5,369,test,18,6,3,9,814,2000,test,6.8688574,-5.466781,3,-3
rnn_single_influence,5,/juice6/u/jshe/emergent_partner_grid/dev/eval_out/rnn_single_influence_seed5_test.h5,370,test,18,6,3,10,849,2000,train,6.7183237,-3.7605171,3,-3
rnn_single_influence,5,/juice6/u/jshe/emergent_partner_grid/dev/eval_out/rnn_single_influence_seed5_test.h5,371,test,18,6,3,11,842,2000,train,6.0930047,-5.277644,3,-3
rnn_single_influence,5,/juice6/u/jshe/emergent_partner_grid/dev/eval_out/rnn_single_influence_seed5_test.h5,372,test,18,6,3,12,837,2000,train,10.582225,-9.492817,3,-3
rnn_single_influence,5,/juice6/u/jshe/emergent_partner_grid/dev/eval_out/rnn_single_influence_seed5_test.h5,373,test,18,6,3,13,671,2000,train,8.2616625,-9.650854,3,-3
rnn_single_influence,5,/juice6/u/jshe/emergent_partner_grid/dev/eval_out/rnn_single_influence_seed5_test.h5,374,test,18,6,3,14,755,2000,test,8.264669,-5.3632455,3,-3
rnn_single_influence,5,/juice6/u/jshe/emergent_partner_grid/dev/eval_out/rnn_single_influence_seed5_test.h5,375,test,18,6,3,15,709,2000,test,7.683939,-5.673647,3,-3
rnn_single_influence,5,/juice6/u/jshe/emergent_partner_grid/dev/eval_out/rnn_single_influence_seed5_test.h5,376,test,18,6,3,16,771,2000,train,8.339984,-6.912751,3,-3
rnn_single_influence,5,/juice6/u/jshe/emergent_partner_grid/dev/eval_out/rnn_single_influence_seed5_test.h5,377,test,18,6,3,17,775,2000,train,7.5502295,-6.830687,3,-3
rnn_single_influence,5,/juice6/u/jshe/emergent_partner_grid/dev/eval_out/rnn_single_influence_seed5_test.h5,378,test,18,6,3,18,728,2000,train,9.927691,-7.3460574,3,-3
rnn_single_influence,5,/juice6/u/jshe/emergent_partner_grid/dev/eval_out/rnn_single_influence_seed5_test.h5,379,test,18,6,3,19,822,2000,train,8.12946,-6.5204363,3,-3
rnn_single_influence,5,/juice6/u/jshe/emergent_partner_grid/dev/eval_out/rnn_single_influence_seed5_test.h5,160,test,8,7,0,0,903,2000,train,6.711573,-5.2201934,7,-7
rnn_single_influence,5,/juice6/u/jshe/emergent_partner_grid/dev/eval_out/rnn_single_influence_seed5_test.h5,161,test,8,7,0,1,794,2000,test,6.1131444,-4.8010254,7,-7
rnn_single_influence,5,/juice6/u/jshe/emergent_partner_grid/dev/eval_out/rnn_single_influence_seed5_test.h5,162,test,8,7,0,2,804,2000,train,6.4946103,-4.138634,7,-7
rnn_single_influence,5,/juice6/u/jshe/emergent_partner_grid/dev/eval_out/rnn_single_influence_seed5_test.h5,163,test,8,7,0,3,823,2000,train,8.357332,-5.2850733,7,-7
rnn_single_influence,5,/juice6/u/jshe/emergent_partner_grid/dev/eval_out/rnn_single_influence_seed5_test.h5,164,test,8,7,0,4,813,2000,train,8.9143505,-6.5811768,7,-7
rnn_single_influence,5,/juice6/u/jshe/emergent_partner_grid/dev/eval_out/rnn_single_influence_seed5_test.h5,165,test,8,7,0,5,924,2000,train,7.969699,-5.2429748,7,-7
rnn_single_influence,5,/juice6/u/jshe/emergent_partner_grid/dev/eval_out/rnn_single_influence_seed5_test.h5,166,test,8,7,0,6,845,2000,train,6.70585,-5.899089,7,-7
rnn_single_influence,5,/juice6/u/jshe/emergent_partner_grid/dev/eval_out/rnn_single_influence_seed5_test.h5,167,test,8,7,0,7,783,2000,train,7.204691,-5.696469,7,-7
rnn_single_influence,5,/juice6/u/jshe/emergent_partner_grid/dev/eval_out/rnn_single_influence_seed5_test.h5,168,test,8,7,0,8,829,2000,train,7.450045,-5.5829983,7,-7
rnn_single_influence,5,/juice6/u/jshe/emergent_partner_grid/dev/eval_out/rnn_single_influence_seed5_test.h5,169,test,8,7,0,9,891,2000,test,10.5231905,-6.4449744,7,-7
rnn_single_influence,5,/juice6/u/jshe/emergent_partner_grid/dev/eval_out/rnn_single_influence_seed5_test.h5,170,test,8,7,0,10,910,2000,train,6.362356,-4.1010265,7,-7
rnn_single_influence,5,/juice6/u/jshe/emergent_partner_grid/dev/eval_out/rnn_single_influence_seed5_test.h5,171,test,8,7,0,11,1017,2000,train,8.792874,-2.109142,7,-7
rnn_single_influence,5,/juice6/u/jshe/emergent_partner_grid/dev/eval_out/rnn_single_influence_seed5_test.h5,172,test,8,7,0,12,795,2000,train,9.799099,-8.090415,7,-7
rnn_single_influence,5,/juice6/u/jshe/emergent_partner_grid/dev/eval_out/rnn_single_influence_seed5_test.h5,173,test,8,7,0,13,946,2000,train,10.570317,-7.4068418,7,-7
rnn_single_influence,5,/juice6/u/jshe/emergent_partner_grid/dev/eval_out/rnn_single_influence_seed5_test.h5,174,test,8,7,0,14,902,2000,test,7.9107475,-4.44738,7,-7
rnn_single_influence,5,/juice6/u/jshe/emergent_partner_grid/dev/eval_out/rnn_single_influence_seed5_test.h5,175,test,8,7,0,15,935,2000,test,9.169297,-3.7362113,7,-7
rnn_single_influence,5,/juice6/u/jshe/emergent_partner_grid/dev/eval_out/rnn_single_influence_seed5_test.h5,176,test,8,7,0,16,873,2000,train,10.219731,-7.92197,7,-7
rnn_single_influence,5,/juice6/u/jshe/emergent_partner_grid/dev/eval_out/rnn_single_influence_seed5_test.h5,177,test,8,7,0,17,852,2000,train,6.7699485,-5.5206966,7,-7
rnn_single_influence,5,/juice6/u/jshe/emergent_partner_grid/dev/eval_out/rnn_single_influence_seed5_test.h5,178,test,8,7,0,18,811,2000,train,6.51632,-5.037464,7,-7
rnn_single_influence,5,/juice6/u/jshe/emergent_partner_grid/dev/eval_out/rnn_single_influence_seed5_test.h5,179,test,8,7,0,19,1072,2000,train,10.812037,-5.1773286,7,-7
rnn_single_influence,5,/juice6/u/jshe/emergent_partner_grid/dev/eval_out/rnn_single_influence_seed5_train.h5,300,train,15,7,1,0,949,2000,train,6.9175396,-2.748005,6,-6
rnn_single_influence,5,/juice6/u/jshe/emergent_partner_grid/dev/eval_out/rnn_single_influence_seed5_train.h5,301,train,15,7,1,1,835,2000,test,6.340396,-4.012007,6,-6
rnn_single_influence,5,/juice6/u/jshe/emergent_partner_grid/dev/eval_out/rnn_single_influence_seed5_train.h5,302,train,15,7,1,2,843,2000,train,7.3937073,-6.923429,6,-6
rnn_single_influence,5,/juice6/u/jshe/emergent_partner_grid/dev/eval_out/rnn_single_influence_seed5_train.h5,303,train,15,7,1,3,1096,2000,train,7.3086324,-3.8788364,6,-6
rnn_single_influence,5,/juice6/u/jshe/emergent_partner_grid/dev/eval_out/rnn_single_influence_seed5_train.h5,304,train,15,7,1,4,936,2000,train,8.740311,-3.8016381,6,-6
rnn_single_influence,5,/juice6/u/jshe/emergent_partner_grid/dev/eval_out/rnn_single_influence_seed5_train.h5,305,train,15,7,1,5,831,2000,train,8.490334,-7.284047,6,-6
rnn_single_influence,5,/juice6/u/jshe/emergent_partner_grid/dev/eval_out/rnn_single_influence_seed5_train.h5,306,train,15,7,1,6,810,2000,train,9.995536,-4.6671352,6,-6
rnn_single_influence,5,/juice6/u/jshe/emergent_partner_grid/dev/eval_out/rnn_single_influence_seed5_train.h5,307,train,15,7,1,7,790,2000,train,6.6768713,-5.525774,6,-6
rnn_single_influence,5,/juice6/u/jshe/emergent_partner_grid/dev/eval_out/rnn_single_influence_seed5_train.h5,308,train,15,7,1,8,805,2000,train,8.210767,-8.043721,6,-6
rnn_single_influence,5,/juice6/u/jshe/emergent_partner_grid/dev/eval_out/rnn_single_influence_seed5_train.h5,309,train,15,7,1,9,846,2000,test,9.869794,-7.7561703,6,-6
rnn_single_influence,5,/juice6/u/jshe/emergent_partner_grid/dev/eval_out/rnn_single_influence_seed5_train.h5,310,train,15,7,1,10,821,2000,train,9.41103,-5.3841324,6,-6
rnn_single_influence,5,/juice6/u/jshe/emergent_partner_grid/dev/eval_out/rnn_single_influence_seed5_train.h5,311,train,15,7,1,11,836,2000,train,8.902151,-6.6974645,6,-6
rnn_single_influence,5,/juice6/u/jshe/emergent_partner_grid/dev/eval_out/rnn_single_influence_seed5_train.h5,312,train,15,7,1,12,926,2000,train,6.953655,-2.9249024,6,-6
rnn_single_influence,5,/juice6/u/jshe/emergent_partner_grid/dev/eval_out/rnn_single_influence_seed5_train.h5,313,train,15,7,1,13,744,2000,train,8.168548,-5.584866,6,-6
rnn_single_influence,5,/juice6/u/jshe/emergent_partner_grid/dev/eval_out/rnn_single_influence_seed5_train.h5,314,train,15,7,1,14,756,2000,test,8.337437,-6.1382747,6,-6
rnn_single_influence,5,/juice6/u/jshe/emergent_partner_grid/dev/eval_out/rnn_single_influence_seed5_train.h5,315,train,15,7,1,15,762,2000,test,6.234926,-6.656103,6,-6
rnn_single_influence,5,/juice6/u/jshe/emergent_partner_grid/dev/eval_out/rnn_single_influence_seed5_train.h5,316,train,15,7,1,16,977,2000,train,9.166063,-3.4657397,6,-6
rnn_single_influence,5,/juice6/u/jshe/emergent_partner_grid/dev/eval_out/rnn_single_influence_seed5_train.h5,317,train,15,7,1,17,924,2000,train,9.223101,-3.3231027,6,-6
rnn_single_influence,5,/juice6/u/jshe/emergent_partner_grid/dev/eval_out/rnn_single_influence_seed5_train.h5,318,train,15,7,1,18,940,2000,train,6.646051,-3.9260576,6,-6
rnn_single_influence,5,/juice6/u/jshe/emergent_partner_grid/dev/eval_out/rnn_single_influence_seed5_train.h5,319,train,15,7,1,19,909,2000,train,7.637044,-3.3279567,6,-6
rnn_single_influence,5,/juice6/u/jshe/emergent_partner_grid/dev/eval_out/rnn_single_influence_seed5_train.h5,320,train,16,7,2,0,797,2000,train,7.0058827,-4.3612022,5,-5
rnn_single_influence,5,/juice6/u/jshe/emergent_partner_grid/dev/eval_out/rnn_single_influence_seed5_train.h5,321,train,16,7,2,1,851,2000,test,7.4265366,-4.2686253,5,-5
rnn_single_influence,5,/juice6/u/jshe/emergent_partner_grid/dev/eval_out/rnn_single_influence_seed5_train.h5,322,train,16,7,2,2,845,2000,train,8.692157,-6.0292187,5,-5
rnn_single_influence,5,/juice6/u/jshe/emergent_partner_grid/dev/eval_out/rnn_single_influence_seed5_train.h5,323,train,16,7,2,3,858,2000,train,7.1899104,-1.9267597,5,-5
rnn_single_influence,5,/juice6/u/jshe/emergent_partner_grid/dev/eval_out/rnn_single_influence_seed5_train.h5,324,train,16,7,2,4,886,2000,train,8.014888,-5.016266,5,-5
rnn_single_influence,5,/juice6/u/jshe/emergent_partner_grid/dev/eval_out/rnn_single_influence_seed5_train.h5,325,train,16,7,2,5,871,2000,train,9.057183,-2.7500772,5,-5
rnn_single_influence,5,/juice6/u/jshe/emergent_partner_grid/dev/eval_out/rnn_single_influence_seed5_train.h5,326,train,16,7,2,6,931,2000,train,7.76768,-4.3608155,5,-5
rnn_single_influence,5,/juice6/u/jshe/emergent_partner_grid/dev/eval_out/rnn_single_influence_seed5_train.h5,327,train,16,7,2,7,902,2000,train,10.455966,-8.151843,5,-5
rnn_single_influence,5,/juice6/u/jshe/emergent_partner_grid/dev/eval_out/rnn_single_influence_seed5_train.h5,328,train,16,7,2,8,852,2000,train,6.130773,-4.900898,5,-5
rnn_single_influence,5,/juice6/u/jshe/emergent_partner_grid/dev/eval_out/rnn_single_influence_seed5_train.h5,329,train,16,7,2,9,791,2000,test,7.6522174,-4.9766707,5,-5
rnn_single_influence,5,/juice6/u/jshe/emergent_partner_grid/dev/eval_out/rnn_single_influence_seed5_train.h5,330,train,16,7,2,10,981,2000,train,8.049881,-3.1856499,5,-5
rnn_single_influence,5,/juice6/u/jshe/emergent_partner_grid/dev/eval_out/rnn_single_influence_seed5_train.h5,331,train,16,7,2,11,824,2000,train,7.4947033,-5.373415,5,-5
rnn_single_influence,5,/juice6/u/jshe/emergent_partner_grid/dev/eval_out/rnn_single_influence_seed5_train.h5,332,train,16,7,2,12,852,2000,train,8.2251215,-4.836605,5,-5
rnn_single_influence,5,/juice6/u/jshe/emergent_partner_grid/dev/eval_out/rnn_single_influence_seed5_train.h5,333,train,16,7,2,13,855,2000,train,7.576915,-4.2750263,5,-5
rnn_single_influence,5,/juice6/u/jshe/emergent_partner_grid/dev/eval_out/rnn_single_influence_seed5_train.h5,334,train,16,7,2,14,818,2000,test,7.17785,-4.072476,5,-5
rnn_single_influence,5,/juice6/u/jshe/emergent_partner_grid/dev/eval_out/rnn_single_influence_seed5_train.h5,335,train,16,7,2,15,908,2000,test,7.9755116,-4.9681215,5,-5
rnn_single_influence,5,/juice6/u/jshe/emergent_partner_grid/dev/eval_out/rnn_single_influence_seed5_train.h5,336,train,16,7,2,16,851,2000,train,8.010326,-5.806475,5,-5
rnn_single_influence,5,/juice6/u/jshe/emergent_partner_grid/dev/eval_out/rnn_single_influence_seed5_train.h5,337,train,16,7,2,17,960,2000,train,9.42621,-5.9275274,5,-5
rnn_single_influence,5,/juice6/u/jshe/emergent_partner_grid/dev/eval_out/rnn_single_influence_seed5_train.h5,338,train,16,7,2,18,894,2000,train,6.4041457,-4.9323883,5,-5
rnn_single_influence,5,/juice6/u/jshe/emergent_partner_grid/dev/eval_out/rnn_single_influence_seed5_train.h5,339,train,16,7,2,19,757,2000,train,7.260654,-8.540964,5,-5
rnn_single_influence,5,/juice6/u/jshe/emergent_partner_grid/dev/eval_out/rnn_single_influence_seed5_train.h5,340,train,17,7,3,0,777,2000,train,8.888936,-6.992191,4,-4
rnn_single_influence,5,/juice6/u/jshe/emergent_partner_grid/dev/eval_out/rnn_single_influence_seed5_train.h5,341,train,17,7,3,1,875,2000,test,7.032465,-4.2742105,4,-4
rnn_single_influence,5,/juice6/u/jshe/emergent_partner_grid/dev/eval_out/rnn_single_influence_seed5_train.h5,342,train,17,7,3,2,872,2000,train,7.384699,-5.0482554,4,-4
rnn_single_influence,5,/juice6/u/jshe/emergent_partner_grid/dev/eval_out/rnn_single_influence_seed5_train.h5,343,train,17,7,3,3,849,2000,train,7.9719515,-6.182618,4,-4
rnn_single_influence,5,/juice6/u/jshe/emergent_partner_grid/dev/eval_out/rnn_single_influence_seed5_train.h5,344,train,17,7,3,4,842,2000,train,7.1383157,-3.6439085,4,-4
rnn_single_influence,5,/juice6/u/jshe/emergent_partner_grid/dev/eval_out/rnn_single_influence_seed5_train.h5,345,train,17,7,3,5,972,2000,train,8.826084,-4.274601,4,-4
rnn_single_influence,5,/juice6/u/jshe/emergent_partner_grid/dev/eval_out/rnn_single_influence_seed5_train.h5,346,train,17,7,3,6,868,2000,train,8.47052,-4.7118053,4,-4
rnn_single_influence,5,/juice6/u/jshe/emergent_partner_grid/dev/eval_out/rnn_single_influence_seed5_train.h5,347,train,17,7,3,7,767,2000,train,7.445926,-4.6804256,4,-4
rnn_single_influence,5,/juice6/u/jshe/emergent_partner_grid/dev/eval_out/rnn_single_influence_seed5_train.h5,348,train,17,7,3,8,944,2000,train,8.24645,-5.8600783,4,-4
rnn_single_influence,5,/juice6/u/jshe/emergent_partner_grid/dev/eval_out/rnn_single_influence_seed5_train.h5,349,train,17,7,3,9,890,2000,test,5.921312,-3.6879685,4,-4
rnn_single_influence,5,/juice6/u/jshe/emergent_partner_grid/dev/eval_out/rnn_single_influence_seed5_train.h5,350,train,17,7,3,10,813,2000,train,6.162448,-3.3278806,4,-4
rnn_single_influence,5,/juice6/u/jshe/emergent_partner_grid/dev/eval_out/rnn_single_influence_seed5_train.h5,351,train,17,7,3,11,876,2000,train,9.144733,-7.284609,4,-4
rnn_single_influence,5,/juice6/u/jshe/emergent_partner_grid/dev/eval_out/rnn_single_influence_seed5_train.h5,352,train,17,7,3,12,885,2000,train,6.954569,-4.903302,4,-4
rnn_single_influence,5,/juice6/u/jshe/emergent_partner_grid/dev/eval_out/rnn_single_influence_seed5_train.h5,353,train,17,7,3,13,883,2000,train,5.8845067,-4.357965,4,-4
rnn_single_influence,5,/juice6/u/jshe/emergent_partner_grid/dev/eval_out/rnn_single_influence_seed5_train.h5,354,train,17,7,3,14,685,2000,test,5.7311497,-5.5716076,4,-4
rnn_single_influence,5,/juice6/u/jshe/emergent_partner_grid/dev/eval_out/rnn_single_influence_seed5_train.h5,355,train,17,7,3,15,806,2000,test,6.5318737,-4.0854526,4,-4
rnn_single_influence,5,/juice6/u/jshe/emergent_partner_grid/dev/eval_out/rnn_single_influence_seed5_train.h5,356,train,17,7,3,16,888,2000,train,8.551458,-3.9926739,4,-4
rnn_single_influence,5,/juice6/u/jshe/emergent_partner_grid/dev/eval_out/rnn_single_influence_seed5_train.h5,357,train,17,7,3,17,879,2000,train,9.437663,-4.9122148,4,-4
rnn_single_influence,5,/juice6/u/jshe/emergent_partner_grid/dev/eval_out/rnn_single_influence_seed5_train.h5,358,train,17,7,3,18,861,2000,train,6.003925,-3.0703814,4,-4
rnn_single_influence,5,/juice6/u/jshe/emergent_partner_grid/dev/eval_out/rnn_single_influence_seed5_train.h5,359,train,17,7,3,19,922,2000,train,6.6278687,-2.9906926,4,-4
rnn_single_influence,5,/juice6/u/jshe/emergent_partner_grid/dev/eval_out/rnn_single_influence_seed5_test.h5,180,test,9,8,0,0,826,2000,train,8.895355,-6.085216,8,-8
rnn_single_influence,5,/juice6/u/jshe/emergent_partner_grid/dev/eval_out/rnn_single_influence_seed5_test.h5,181,test,9,8,0,1,1009,2000,test,10.681346,-3.5344732,8,-8
rnn_single_influence,5,/juice6/u/jshe/emergent_partner_grid/dev/eval_out/rnn_single_influence_seed5_test.h5,182,test,9,8,0,2,1043,2000,train,8.757472,-2.450833,8,-8
rnn_single_influence,5,/juice6/u/jshe/emergent_partner_grid/dev/eval_out/rnn_single_influence_seed5_test.h5,183,test,9,8,0,3,952,2000,train,8.83719,-2.8193283,8,-8
rnn_single_influence,5,/juice6/u/jshe/emergent_partner_grid/dev/eval_out/rnn_single_influence_seed5_test.h5,184,test,9,8,0,4,934,2000,train,7.4312444,-2.1458523,8,-8
rnn_single_influence,5,/juice6/u/jshe/emergent_partner_grid/dev/eval_out/rnn_single_influence_seed5_test.h5,185,test,9,8,0,5,882,2000,train,7.6279564,-4.2003365,8,-8
rnn_single_influence,5,/juice6/u/jshe/emergent_partner_grid/dev/eval_out/rnn_single_influence_seed5_test.h5,186,test,9,8,0,6,925,2000,train,8.450089,-5.5245924,8,-8
rnn_single_influence,5,/juice6/u/jshe/emergent_partner_grid/dev/eval_out/rnn_single_influence_seed5_test.h5,187,test,9,8,0,7,1099,2000,train,10.144882,-5.036754,8,-8
rnn_single_influence,5,/juice6/u/jshe/emergent_partner_grid/dev/eval_out/rnn_single_influence_seed5_test.h5,188,test,9,8,0,8,905,2000,train,8.328089,-2.1557424,8,-8
rnn_single_influence,5,/juice6/u/jshe/emergent_partner_grid/dev/eval_out/rnn_single_influence_seed5_test.h5,189,test,9,8,0,9,848,2000,test,6.9108286,-4.5253515,8,-8
rnn_single_influence,5,/juice6/u/jshe/emergent_partner_grid/dev/eval_out/rnn_single_influence_seed5_test.h5,190,test,9,8,0,10,1051,2000,train,9.510504,-5.3509502,8,-8
rnn_single_influence,5,/juice6/u/jshe/emergent_partner_grid/dev/eval_out/rnn_single_influence_seed5_test.h5,191,test,9,8,0,11,1046,2000,train,9.298397,-2.5201335,8,-8
rnn_single_influence,5,/juice6/u/jshe/emergent_partner_grid/dev/eval_out/rnn_single_influence_seed5_test.h5,192,test,9,8,0,12,1048,2000,train,9.03637,-1.9622958,8,-8
rnn_single_influence,5,/juice6/u/jshe/emergent_partner_grid/dev/eval_out/rnn_single_influence_seed5_test.h5,193,test,9,8,0,13,1105,2000,train,8.608309,-3.4444308,8,-8
rnn_single_influence,5,/juice6/u/jshe/emergent_partner_grid/dev/eval_out/rnn_single_influence_seed5_test.h5,194,test,9,8,0,14,1087,2000,test,10.871333,-3.2747276,8,-8
rnn_single_influence,5,/juice6/u/jshe/emergent_partner_grid/dev/eval_out/rnn_single_influence_seed5_test.h5,195,test,9,8,0,15,1129,2000,test,10.207309,-3.7691307,8,-8
rnn_single_influence,5,/juice6/u/jshe/emergent_partner_grid/dev/eval_out/rnn_single_influence_seed5_test.h5,196,test,9,8,0,16,1007,2000,train,7.543911,-2.9571157,8,-8
rnn_single_influence,5,/juice6/u/jshe/emergent_partner_grid/dev/eval_out/rnn_single_influence_seed5_test.h5,197,test,9,8,0,17,994,2000,train,9.151637,-3.256086,8,-8
rnn_single_influence,5,/juice6/u/jshe/emergent_partner_grid/dev/eval_out/rnn_single_influence_seed5_test.h5,198,test,9,8,0,18,1008,2000,train,7.7423143,-2.2960727,8,-8
rnn_single_influence,5,/juice6/u/jshe/emergent_partner_grid/dev/eval_out/rnn_single_influence_seed5_test.h5,199,test,9,8,0,19,1043,2000,train,10.121498,-5.9180474,8,-8
rnn_single_influence,5,/juice6/u/jshe/emergent_partner_grid/dev/eval_out/rnn_single_influence_seed5_train.h5,360,train,18,8,1,0,976,2000,train,6.1412888,-3.4683821,7,-7
rnn_single_influence,5,/juice6/u/jshe/emergent_partner_grid/dev/eval_out/rnn_single_influence_seed5_train.h5,361,train,18,8,1,1,933,2000,test,7.771249,-4.055952,7,-7
rnn_single_influence,5,/juice6/u/jshe/emergent_partner_grid/dev/eval_out/rnn_single_influence_seed5_train.h5,362,train,18,8,1,2,970,2000,train,7.8699255,-4.2944427,7,-7
rnn_single_influence,5,/juice6/u/jshe/emergent_partner_grid/dev/eval_out/rnn_single_influence_seed5_train.h5,363,train,18,8,1,3,1021,2000,train,9.308487,-3.3330488,7,-7
rnn_single_influence,5,/juice6/u/jshe/emergent_partner_grid/dev/eval_out/rnn_single_influence_seed5_train.h5,364,train,18,8,1,4,924,2000,train,7.5903573,-6.700761,7,-7
rnn_single_influence,5,/juice6/u/jshe/emergent_partner_grid/dev/eval_out/rnn_single_influence_seed5_train.h5,365,train,18,8,1,5,1014,2000,train,10.47275,-5.8069854,7,-7
rnn_single_influence,5,/juice6/u/jshe/emergent_partner_grid/dev/eval_out/rnn_single_influence_seed5_train.h5,366,train,18,8,1,6,938,2000,train,9.556581,-4.155434,7,-7
rnn_single_influence,5,/juice6/u/jshe/emergent_partner_grid/dev/eval_out/rnn_single_influence_seed5_train.h5,367,train,18,8,1,7,1020,2000,train,10.1508465,-5.4831576,7,-7
rnn_single_influence,5,/juice6/u/jshe/emergent_partner_grid/dev/eval_out/rnn_single_influence_seed5_train.h5,368,train,18,8,1,8,1082,2000,train,9.90595,-3.6527421,7,-7
rnn_single_influence,5,/juice6/u/jshe/emergent_partner_grid/dev/eval_out/rnn_single_influence_seed5_train.h5,369,train,18,8,1,9,924,2000,test,6.6668816,-3.6270378,7,-7
rnn_single_influence,5,/juice6/u/jshe/emergent_partner_grid/dev/eval_out/rnn_single_influence_seed5_train.h5,370,train,18,8,1,10,1026,2000,train,10.91805,-4.223352,7,-7
rnn_single_influence,5,/juice6/u/jshe/emergent_partner_grid/dev/eval_out/rnn_single_influence_seed5_train.h5,371,train,18,8,1,11,869,2000,train,5.614497,-5.051909,7,-7
rnn_single_influence,5,/juice6/u/jshe/emergent_partner_grid/dev/eval_out/rnn_single_influence_seed5_train.h5,372,train,18,8,1,12,972,2000,train,9.362742,-3.195777,7,-7
rnn_single_influence,5,/juice6/u/jshe/emergent_partner_grid/dev/eval_out/rnn_single_influence_seed5_train.h5,373,train,18,8,1,13,943,2000,train,10.753124,-5.6303353,7,-7
rnn_single_influence,5,/juice6/u/jshe/emergent_partner_grid/dev/eval_out/rnn_single_influence_seed5_train.h5,374,train,18,8,1,14,936,2000,test,6.8438663,-2.3713934,7,-7
rnn_single_influence,5,/juice6/u/jshe/emergent_partner_grid/dev/eval_out/rnn_single_influence_seed5_train.h5,375,train,18,8,1,15,995,2000,test,7.5469365,-2.3106916,7,-7
rnn_single_influence,5,/juice6/u/jshe/emergent_partner_grid/dev/eval_out/rnn_single_influence_seed5_train.h5,376,train,18,8,1,16,908,2000,train,8.038017,-4.388795,7,-7
rnn_single_influence,5,/juice6/u/jshe/emergent_partner_grid/dev/eval_out/rnn_single_influence_seed5_train.h5,377,train,18,8,1,17,774,2000,train,9.198524,-6.495066,7,-7
rnn_single_influence,5,/juice6/u/jshe/emergent_partner_grid/dev/eval_out/rnn_single_influence_seed5_train.h5,378,train,18,8,1,18,1101,2000,train,9.438686,-5.029564,7,-7
rnn_single_influence,5,/juice6/u/jshe/emergent_partner_grid/dev/eval_out/rnn_single_influence_seed5_train.h5,379,train,18,8,1,19,1017,2000,train,7.2574687,-4.3854966,7,-7
rnn_single_influence,5,/juice6/u/jshe/emergent_partner_grid/dev/eval_out/rnn_single_influence_seed5_train.h5,380,train,19,8,2,0,917,2000,train,7.533823,-3.6638858,6,-6
rnn_single_influence,5,/juice6/u/jshe/emergent_partner_grid/dev/eval_out/rnn_single_influence_seed5_train.h5,381,train,19,8,2,1,979,2000,test,8.399974,-5.0093827,6,-6
rnn_single_influence,5,/juice6/u/jshe/emergent_partner_grid/dev/eval_out/rnn_single_influence_seed5_train.h5,382,train,19,8,2,2,950,2000,train,10.506317,-3.380291,6,-6
rnn_single_influence,5,/juice6/u/jshe/emergent_partner_grid/dev/eval_out/rnn_single_influence_seed5_train.h5,383,train,19,8,2,3,897,2000,train,9.360891,-7.607813,6,-6
rnn_single_influence,5,/juice6/u/jshe/emergent_partner_grid/dev/eval_out/rnn_single_influence_seed5_train.h5,384,train,19,8,2,4,918,2000,train,8.060775,-5.77222,6,-6
rnn_single_influence,5,/juice6/u/jshe/emergent_partner_grid/dev/eval_out/rnn_single_influence_seed5_train.h5,385,train,19,8,2,5,864,2000,train,9.620462,-6.6374273,6,-6
rnn_single_influence,5,/juice6/u/jshe/emergent_partner_grid/dev/eval_out/rnn_single_influence_seed5_train.h5,386,train,19,8,2,6,819,2000,train,9.5454855,-4.2298765,6,-6
rnn_single_influence,5,/juice6/u/jshe/emergent_partner_grid/dev/eval_out/rnn_single_influence_seed5_train.h5,387,train,19,8,2,7,906,2000,train,10.730504,-3.036162,6,-6
rnn_single_influence,5,/juice6/u/jshe/emergent_partner_grid/dev/eval_out/rnn_single_influence_seed5_train.h5,388,train,19,8,2,8,1013,2000,train,7.941341,-2.5624952,6,-6
rnn_single_influence,5,/juice6/u/jshe/emergent_partner_grid/dev/eval_out/rnn_single_influence_seed5_train.h5,389,train,19,8,2,9,898,2000,test,6.690812,-3.0100617,6,-6
rnn_single_influence,5,/juice6/u/jshe/emergent_partner_grid/dev/eval_out/rnn_single_influence_seed5_train.h5,390,train,19,8,2,10,963,2000,train,9.031714,-4.494367,6,-6
rnn_single_influence,5,/juice6/u/jshe/emergent_partner_grid/dev/eval_out/rnn_single_influence_seed5_train.h5,391,train,19,8,2,11,999,2000,train,9.312338,-4.803652,6,-6
rnn_single_influence,5,/juice6/u/jshe/emergent_partner_grid/dev/eval_out/rnn_single_influence_seed5_train.h5,392,train,19,8,2,12,1032,2000,train,9.537036,-3.464568,6,-6
rnn_single_influence,5,/juice6/u/jshe/emergent_partner_grid/dev/eval_out/rnn_single_influence_seed5_train.h5,393,train,19,8,2,13,918,2000,train,9.252971,-5.374307,6,-6
rnn_single_influence,5,/juice6/u/jshe/emergent_partner_grid/dev/eval_out/rnn_single_influence_seed5_train.h5,394,train,19,8,2,14,868,2000,test,8.877929,-3.134857,6,-6
rnn_single_influence,5,/juice6/u/jshe/emergent_partner_grid/dev/eval_out/rnn_single_influence_seed5_train.h5,395,train,19,8,2,15,972,2000,test,7.7428274,-2.7624261,6,-6
rnn_single_influence,5,/juice6/u/jshe/emergent_partner_grid/dev/eval_out/rnn_single_influence_seed5_train.h5,396,train,19,8,2,16,846,2000,train,8.445122,-6.605239,6,-6
rnn_single_influence,5,/juice6/u/jshe/emergent_partner_grid/dev/eval_out/rnn_single_influence_seed5_train.h5,397,train,19,8,2,17,983,2000,train,9.230955,-5.1065245,6,-6
rnn_single_influence,5,/juice6/u/jshe/emergent_partner_grid/dev/eval_out/rnn_single_influence_seed5_train.h5,398,train,19,8,2,18,927,2000,train,8.085228,-2.46111,6,-6
rnn_single_influence,5,/juice6/u/jshe/emergent_partner_grid/dev/eval_out/rnn_single_influence_seed5_train.h5,399,train,19,8,2,19,1030,2000,train,7.735755,-3.359684,6,-6
rnn_single_influence,5,/juice6/u/jshe/emergent_partner_grid/dev/eval_out/rnn_single_influence_seed5_train.h5,400,train,20,8,3,0,851,2000,train,5.692402,-4.5214067,5,-5
rnn_single_influence,5,/juice6/u/jshe/emergent_partner_grid/dev/eval_out/rnn_single_influence_seed5_train.h5,401,train,20,8,3,1,1012,2000,test,8.928601,-2.581019,5,-5
rnn_single_influence,5,/juice6/u/jshe/emergent_partner_grid/dev/eval_out/rnn_single_influence_seed5_train.h5,402,train,20,8,3,2,998,2000,train,7.0626917,-2.7520072,5,-5
rnn_single_influence,5,/juice6/u/jshe/emergent_partner_grid/dev/eval_out/rnn_single_influence_seed5_train.h5,403,train,20,8,3,3,967,2000,train,9.170279,-5.257058,5,-5
rnn_single_influence,5,/juice6/u/jshe/emergent_partner_grid/dev/eval_out/rnn_single_influence_seed5_train.h5,404,train,20,8,3,4,1018,2000,train,10.546478,-5.126427,5,-5
rnn_single_influence,5,/juice6/u/jshe/emergent_partner_grid/dev/eval_out/rnn_single_influence_seed5_train.h5,405,train,20,8,3,5,937,2000,train,10.03585,-4.432362,5,-5
rnn_single_influence,5,/juice6/u/jshe/emergent_partner_grid/dev/eval_out/rnn_single_influence_seed5_train.h5,406,train,20,8,3,6,961,2000,train,8.167727,-4.6958895,5,-5
rnn_single_influence,5,/juice6/u/jshe/emergent_partner_grid/dev/eval_out/rnn_single_influence_seed5_train.h5,407,train,20,8,3,7,988,2000,train,7.934185,-2.8263206,5,-5
rnn_single_influence,5,/juice6/u/jshe/emergent_partner_grid/dev/eval_out/rnn_single_influence_seed5_train.h5,408,train,20,8,3,8,895,2000,train,7.503912,-2.288052,5,-5
rnn_single_influence,5,/juice6/u/jshe/emergent_partner_grid/dev/eval_out/rnn_single_influence_seed5_train.h5,409,train,20,8,3,9,988,2000,test,5.9476867,-3.822103,5,-5
rnn_single_influence,5,/juice6/u/jshe/emergent_partner_grid/dev/eval_out/rnn_single_influence_seed5_train.h5,410,train,20,8,3,10,991,2000,train,9.530267,-5.0735903,5,-5
rnn_single_influence,5,/juice6/u/jshe/emergent_partner_grid/dev/eval_out/rnn_single_influence_seed5_train.h5,411,train,20,8,3,11,905,2000,train,8.740563,-5.513567,5,-5
rnn_single_influence,5,/juice6/u/jshe/emergent_partner_grid/dev/eval_out/rnn_single_influence_seed5_train.h5,412,train,20,8,3,12,903,2000,train,7.6956534,-5.1551743,5,-5
rnn_single_influence,5,/juice6/u/jshe/emergent_partner_grid/dev/eval_out/rnn_single_influence_seed5_train.h5,413,train,20,8,3,13,944,2000,train,9.908028,-5.9321632,5,-5
rnn_single_influence,5,/juice6/u/jshe/emergent_partner_grid/dev/eval_out/rnn_single_influence_seed5_train.h5,414,train,20,8,3,14,1069,2000,test,8.799466,-3.1223729,5,-5
rnn_single_influence,5,/juice6/u/jshe/emergent_partner_grid/dev/eval_out/rnn_single_influence_seed5_train.h5,415,train,20,8,3,15,1032,2000,test,8.466871,-3.5636165,5,-5
rnn_single_influence,5,/juice6/u/jshe/emergent_partner_grid/dev/eval_out/rnn_single_influence_seed5_train.h5,416,train,20,8,3,16,903,2000,train,8.435864,-3.0358477,5,-5
rnn_single_influence,5,/juice6/u/jshe/emergent_partner_grid/dev/eval_out/rnn_single_influence_seed5_train.h5,417,train,20,8,3,17,926,2000,train,8.674491,-5.081883,5,-5
rnn_single_influence,5,/juice6/u/jshe/emergent_partner_grid/dev/eval_out/rnn_single_influence_seed5_train.h5,418,train,20,8,3,18,1062,2000,train,7.0053744,-3.474796,5,-5
rnn_single_influence,5,/juice6/u/jshe/emergent_partner_grid/dev/eval_out/rnn_single_influence_seed5_train.h5,419,train,20,8,3,19,900,2000,train,6.250044,-3.5567214,5,-5
rnn_single_influence,5,/juice6/u/jshe/emergent_partner_grid/dev/eval_out/rnn_single_influence_seed5_test.h5,200,test,10,9,0,0,1118,2000,train,9.1103325,-4.7240343,9,-9
rnn_single_influence,5,/juice6/u/jshe/emergent_partner_grid/dev/eval_out/rnn_single_influence_seed5_test.h5,201,test,10,9,0,1,1057,2000,test,7.7381535,-2.3106945,9,-9
rnn_single_influence,5,/juice6/u/jshe/emergent_partner_grid/dev/eval_out/rnn_single_influence_seed5_test.h5,202,test,10,9,0,2,1054,2000,train,7.195733,-2.6287477,9,-9
rnn_single_influence,5,/juice6/u/jshe/emergent_partner_grid/dev/eval_out/rnn_single_influence_seed5_test.h5,203,test,10,9,0,3,1044,2000,train,8.527244,-4.0540557,9,-9
rnn_single_influence,5,/juice6/u/jshe/emergent_partner_grid/dev/eval_out/rnn_single_influence_seed5_test.h5,204,test,10,9,0,4,1059,2000,train,8.378468,-3.3068202,9,-9
rnn_single_influence,5,/juice6/u/jshe/emergent_partner_grid/dev/eval_out/rnn_single_influence_seed5_test.h5,205,test,10,9,0,5,954,2000,train,6.8291717,-4.404123,9,-9
rnn_single_influence,5,/juice6/u/jshe/emergent_partner_grid/dev/eval_out/rnn_single_influence_seed5_test.h5,206,test,10,9,0,6,1056,2000,train,9.587369,-3.3070953,9,-9
rnn_single_influence,5,/juice6/u/jshe/emergent_partner_grid/dev/eval_out/rnn_single_influence_seed5_test.h5,207,test,10,9,0,7,1065,2000,train,9.1345215,-2.7266605,9,-9
rnn_single_influence,5,/juice6/u/jshe/emergent_partner_grid/dev/eval_out/rnn_single_influence_seed5_test.h5,208,test,10,9,0,8,1135,2000,train,9.4398575,-4.7703743,9,-9
rnn_single_influence,5,/juice6/u/jshe/emergent_partner_grid/dev/eval_out/rnn_single_influence_seed5_test.h5,209,test,10,9,0,9,1031,2000,test,8.203986,-4.362156,9,-9
rnn_single_influence,5,/juice6/u/jshe/emergent_partner_grid/dev/eval_out/rnn_single_influence_seed5_test.h5,210,test,10,9,0,10,893,2000,train,8.734233,-4.3031015,9,-9
rnn_single_influence,5,/juice6/u/jshe/emergent_partner_grid/dev/eval_out/rnn_single_influence_seed5_test.h5,211,test,10,9,0,11,1079,2000,train,10.852554,-3.795576,9,-9
rnn_single_influence,5,/juice6/u/jshe/emergent_partner_grid/dev/eval_out/rnn_single_influence_seed5_test.h5,212,test,10,9,0,12,1002,2000,train,10.022966,-3.0080333,9,-9
rnn_single_influence,5,/juice6/u/jshe/emergent_partner_grid/dev/eval_out/rnn_single_influence_seed5_test.h5,213,test,10,9,0,13,1182,2000,train,10.068889,-2.6669836,9,-9
rnn_single_influence,5,/juice6/u/jshe/emergent_partner_grid/dev/eval_out/rnn_single_influence_seed5_test.h5,214,test,10,9,0,14,1043,2000,test,7.7714577,-3.413392,9,-9
rnn_single_influence,5,/juice6/u/jshe/emergent_partner_grid/dev/eval_out/rnn_single_influence_seed5_test.h5,215,test,10,9,0,15,1088,2000,test,9.174948,-2.1076107,9,-9
rnn_single_influence,5,/juice6/u/jshe/emergent_partner_grid/dev/eval_out/rnn_single_influence_seed5_test.h5,216,test,10,9,0,16,1092,2000,train,8.210134,-3.9416692,9,-9
rnn_single_influence,5,/juice6/u/jshe/emergent_partner_grid/dev/eval_out/rnn_single_influence_seed5_test.h5,217,test,10,9,0,17,1117,2000,train,10.038088,-3.6067808,9,-9
rnn_single_influence,5,/juice6/u/jshe/emergent_partner_grid/dev/eval_out/rnn_single_influence_seed5_test.h5,218,test,10,9,0,18,1106,2000,train,9.139043,-3.7763329,9,-9
rnn_single_influence,5,/juice6/u/jshe/emergent_partner_grid/dev/eval_out/rnn_single_influence_seed5_test.h5,219,test,10,9,0,19,1170,2000,train,10.253544,-4.892593,9,-9
rnn_single_influence,5,/juice6/u/jshe/emergent_partner_grid/dev/eval_out/rnn_single_influence_seed5_train.h5,420,train,21,9,1,0,1055,2000,train,10.055515,-4.9123406,8,-8
rnn_single_influence,5,/juice6/u/jshe/emergent_partner_grid/dev/eval_out/rnn_single_influence_seed5_train.h5,421,train,21,9,1,1,1111,2000,test,10.109014,-4.1226606,8,-8
rnn_single_influence,5,/juice6/u/jshe/emergent_partner_grid/dev/eval_out/rnn_single_influence_seed5_train.h5,422,train,21,9,1,2,1073,2000,train,8.99821,-4.557342,8,-8
rnn_single_influence,5,/juice6/u/jshe/emergent_partner_grid/dev/eval_out/rnn_single_influence_seed5_train.h5,423,train,21,9,1,3,1049,2000,train,6.873427,-2.3064756,8,-8
rnn_single_influence,5,/juice6/u/jshe/emergent_partner_grid/dev/eval_out/rnn_single_influence_seed5_train.h5,424,train,21,9,1,4,924,2000,train,6.7392607,-4.838863,8,-8
rnn_single_influence,5,/juice6/u/jshe/emergent_partner_grid/dev/eval_out/rnn_single_influence_seed5_train.h5,425,train,21,9,1,5,991,2000,train,10.696117,-4.100923,8,-8
rnn_single_influence,5,/juice6/u/jshe/emergent_partner_grid/dev/eval_out/rnn_single_influence_seed5_train.h5,426,train,21,9,1,6,1135,2000,train,10.535423,-4.28984,8,-8
rnn_single_influence,5,/juice6/u/jshe/emergent_partner_grid/dev/eval_out/rnn_single_influence_seed5_train.h5,427,train,21,9,1,7,1092,2000,train,9.491054,-2.9263084,8,-8
rnn_single_influence,5,/juice6/u/jshe/emergent_partner_grid/dev/eval_out/rnn_single_influence_seed5_train.h5,428,train,21,9,1,8,1028,2000,train,8.839529,-3.3975806,8,-8
rnn_single_influence,5,/juice6/u/jshe/emergent_partner_grid/dev/eval_out/rnn_single_influence_seed5_train.h5,429,train,21,9,1,9,1007,2000,test,11.02402,-4.806539,8,-8
rnn_single_influence,5,/juice6/u/jshe/emergent_partner_grid/dev/eval_out/rnn_single_influence_seed5_train.h5,430,train,21,9,1,10,1056,2000,train,9.090082,-4.36281,8,-8
rnn_single_influence,5,/juice6/u/jshe/emergent_partner_grid/dev/eval_out/rnn_single_influence_seed5_train.h5,431,train,21,9,1,11,1045,2000,train,8.302549,-2.0766327,8,-8
rnn_single_influence,5,/juice6/u/jshe/emergent_partner_grid/dev/eval_out/rnn_single_influence_seed5_train.h5,432,train,21,9,1,12,1305,2000,train,10.408651,-4.260251,8,-8
rnn_single_influence,5,/juice6/u/jshe/emergent_partner_grid/dev/eval_out/rnn_single_influence_seed5_train.h5,433,train,21,9,1,13,997,2000,train,7.45961,-2.3902888,8,-8
rnn_single_influence,5,/juice6/u/jshe/emergent_partner_grid/dev/eval_out/rnn_single_influence_seed5_train.h5,434,train,21,9,1,14,997,2000,test,10.341559,-4.531506,8,-8
rnn_single_influence,5,/juice6/u/jshe/emergent_partner_grid/dev/eval_out/rnn_single_influence_seed5_train.h5,435,train,21,9,1,15,1175,2000,test,10.438218,-3.1382134,8,-8
rnn_single_influence,5,/juice6/u/jshe/emergent_partner_grid/dev/eval_out/rnn_single_influence_seed5_train.h5,436,train,21,9,1,16,1112,2000,train,9.371688,-2.6432946,8,-8
rnn_single_influence,5,/juice6/u/jshe/emergent_partner_grid/dev/eval_out/rnn_single_influence_seed5_train.h5,437,train,21,9,1,17,1075,2000,train,8.956745,-4.5652666,8,-8
rnn_single_influence,5,/juice6/u/jshe/emergent_partner_grid/dev/eval_out/rnn_single_influence_seed5_train.h5,438,train,21,9,1,18,1214,2000,train,10.978276,-3.6430886,8,-8
rnn_single_influence,5,/juice6/u/jshe/emergent_partner_grid/dev/eval_out/rnn_single_influence_seed5_train.h5,439,train,21,9,1,19,999,2000,train,10.486304,-3.8164916,8,-8
rnn_single_influence,5,/juice6/u/jshe/emergent_partner_grid/dev/eval_out/rnn_single_influence_seed5_train.h5,440,train,22,9,2,0,994,2000,train,7.3347893,-4.016434,7,-7
rnn_single_influence,5,/juice6/u/jshe/emergent_partner_grid/dev/eval_out/rnn_single_influence_seed5_train.h5,441,train,22,9,2,1,1053,2000,test,9.711128,-2.9449203,7,-7
rnn_single_influence,5,/juice6/u/jshe/emergent_partner_grid/dev/eval_out/rnn_single_influence_seed5_train.h5,442,train,22,9,2,2,1285,2000,train,10.391743,-4.079605,7,-7
rnn_single_influence,5,/juice6/u/jshe/emergent_partner_grid/dev/eval_out/rnn_single_influence_seed5_train.h5,443,train,22,9,2,3,1079,2000,train,8.453021,-4.08346,7,-7
rnn_single_influence,5,/juice6/u/jshe/emergent_partner_grid/dev/eval_out/rnn_single_influence_seed5_train.h5,444,train,22,9,2,4,1099,2000,train,10.753861,-4.656372,7,-7
rnn_single_influence,5,/juice6/u/jshe/emergent_partner_grid/dev/eval_out/rnn_single_influence_seed5_train.h5,445,train,22,9,2,5,910,2000,train,7.971099,-3.1630297,7,-7
rnn_single_influence,5,/juice6/u/jshe/emergent_partner_grid/dev/eval_out/rnn_single_influence_seed5_train.h5,446,train,22,9,2,6,976,2000,train,8.382144,-1.700133,7,-7
rnn_single_influence,5,/juice6/u/jshe/emergent_partner_grid/dev/eval_out/rnn_single_influence_seed5_train.h5,447,train,22,9,2,7,963,2000,train,6.984571,-6.092413,7,-7
rnn_single_influence,5,/juice6/u/jshe/emergent_partner_grid/dev/eval_out/rnn_single_influence_seed5_train.h5,448,train,22,9,2,8,1016,2000,train,8.069192,-1.8719041,7,-7
rnn_single_influence,5,/juice6/u/jshe/emergent_partner_grid/dev/eval_out/rnn_single_influence_seed5_train.h5,449,train,22,9,2,9,1156,2000,test,7.9217324,-3.4574597,7,-7
rnn_single_influence,5,/juice6/u/jshe/emergent_partner_grid/dev/eval_out/rnn_single_influence_seed5_train.h5,450,train,22,9,2,10,1147,2000,train,8.918081,-1.8854026,7,-7
rnn_single_influence,5,/juice6/u/jshe/emergent_partner_grid/dev/eval_out/rnn_single_influence_seed5_train.h5,451,train,22,9,2,11,1249,2000,train,10.498884,-3.1849008,7,-7
rnn_single_influence,5,/juice6/u/jshe/emergent_partner_grid/dev/eval_out/rnn_single_influence_seed5_train.h5,452,train,22,9,2,12,1071,2000,train,10.235843,-5.3504567,7,-7
rnn_single_influence,5,/juice6/u/jshe/emergent_partner_grid/dev/eval_out/rnn_single_influence_seed5_train.h5,453,train,22,9,2,13,981,2000,train,6.594455,-3.63127,7,-7
rnn_single_influence,5,/juice6/u/jshe/emergent_partner_grid/dev/eval_out/rnn_single_influence_seed5_train.h5,454,train,22,9,2,14,973,2000,test,5.7096057,-3.9642723,7,-7
rnn_single_influence,5,/juice6/u/jshe/emergent_partner_grid/dev/eval_out/rnn_single_influence_seed5_train.h5,455,train,22,9,2,15,953,2000,test,10.538045,-7.0956125,7,-7
rnn_single_influence,5,/juice6/u/jshe/emergent_partner_grid/dev/eval_out/rnn_single_influence_seed5_train.h5,456,train,22,9,2,16,1099,2000,train,9.10438,-5.630883,7,-7
rnn_single_influence,5,/juice6/u/jshe/emergent_partner_grid/dev/eval_out/rnn_single_influence_seed5_train.h5,457,train,22,9,2,17,1206,2000,train,10.81312,-3.2565804,7,-7
rnn_single_influence,5,/juice6/u/jshe/emergent_partner_grid/dev/eval_out/rnn_single_influence_seed5_train.h5,458,train,22,9,2,18,1062,2000,train,8.601651,-3.1437078,7,-7
rnn_single_influence,5,/juice6/u/jshe/emergent_partner_grid/dev/eval_out/rnn_single_influence_seed5_train.h5,459,train,22,9,2,19,1065,2000,train,8.952213,-2.343123,7,-7
rnn_single_influence,5,/juice6/u/jshe/emergent_partner_grid/dev/eval_out/rnn_single_influence_seed5_train.h5,460,train,23,9,3,0,1114,2000,train,7.4831676,-3.437799,6,-6
rnn_single_influence,5,/juice6/u/jshe/emergent_partner_grid/dev/eval_out/rnn_single_influence_seed5_train.h5,461,train,23,9,3,1,1015,2000,test,9.425245,-3.6930728,6,-6
rnn_single_influence,5,/juice6/u/jshe/emergent_partner_grid/dev/eval_out/rnn_single_influence_seed5_train.h5,462,train,23,9,3,2,1063,2000,train,9.574653,-4.6799583,6,-6
rnn_single_influence,5,/juice6/u/jshe/emergent_partner_grid/dev/eval_out/rnn_single_influence_seed5_train.h5,463,train,23,9,3,3,1155,2000,train,10.224647,-2.3645196,6,-6
rnn_single_influence,5,/juice6/u/jshe/emergent_partner_grid/dev/eval_out/rnn_single_influence_seed5_train.h5,464,train,23,9,3,4,862,2000,train,10.314005,-8.50583,6,-6
rnn_single_influence,5,/juice6/u/jshe/emergent_partner_grid/dev/eval_out/rnn_single_influence_seed5_train.h5,465,train,23,9,3,5,1057,2000,train,9.785564,-3.796242,6,-6
rnn_single_influence,5,/juice6/u/jshe/emergent_partner_grid/dev/eval_out/rnn_single_influence_seed5_train.h5,466,train,23,9,3,6,1157,2000,train,10.080209,-2.6625535,6,-6
rnn_single_influence,5,/juice6/u/jshe/emergent_partner_grid/dev/eval_out/rnn_single_influence_seed5_train.h5,467,train,23,9,3,7,1046,2000,train,6.9154544,-2.5507083,6,-6
rnn_single_influence,5,/juice6/u/jshe/emergent_partner_grid/dev/eval_out/rnn_single_influence_seed5_train.h5,468,train,23,9,3,8,1102,2000,train,8.597714,-2.0909824,6,-6
rnn_single_influence,5,/juice6/u/jshe/emergent_partner_grid/dev/eval_out/rnn_single_influence_seed5_train.h5,469,train,23,9,3,9,861,2000,test,6.460866,-2.6847842,6,-6
rnn_single_influence,5,/juice6/u/jshe/emergent_partner_grid/dev/eval_out/rnn_single_influence_seed5_train.h5,470,train,23,9,3,10,1047,2000,train,9.579846,-3.500216,6,-6
rnn_single_influence,5,/juice6/u/jshe/emergent_partner_grid/dev/eval_out/rnn_single_influence_seed5_train.h5,471,train,23,9,3,11,1062,2000,train,8.723701,-3.6490273,6,-6
rnn_single_influence,5,/juice6/u/jshe/emergent_partner_grid/dev/eval_out/rnn_single_influence_seed5_train.h5,472,train,23,9,3,12,1054,2000,train,10.308976,-5.1426096,6,-6
rnn_single_influence,5,/juice6/u/jshe/emergent_partner_grid/dev/eval_out/rnn_single_influence_seed5_train.h5,473,train,23,9,3,13,994,2000,train,11.09105,-3.8501012,6,-6
rnn_single_influence,5,/juice6/u/jshe/emergent_partner_grid/dev/eval_out/rnn_single_influence_seed5_train.h5,474,train,23,9,3,14,1174,2000,test,9.744995,-2.4443731,6,-6
rnn_single_influence,5,/juice6/u/jshe/emergent_partner_grid/dev/eval_out/rnn_single_influence_seed5_train.h5,475,train,23,9,3,15,998,2000,test,9.872155,-6.130621,6,-6
rnn_single_influence,5,/juice6/u/jshe/emergent_partner_grid/dev/eval_out/rnn_single_influence_seed5_train.h5,476,train,23,9,3,16,1033,2000,train,8.313539,-2.7893465,6,-6
rnn_single_influence,5,/juice6/u/jshe/emergent_partner_grid/dev/eval_out/rnn_single_influence_seed5_train.h5,477,train,23,9,3,17,1035,2000,train,8.282269,-4.3258553,6,-6
rnn_single_influence,5,/juice6/u/jshe/emergent_partner_grid/dev/eval_out/rnn_single_influence_seed5_train.h5,478,train,23,9,3,18,1074,2000,train,10.837329,-3.6723583,6,-6
rnn_single_influence,5,/juice6/u/jshe/emergent_partner_grid/dev/eval_out/rnn_single_influence_seed5_train.h5,479,train,23,9,3,19,1068,2000,train,11.10531,-4.38293,6,-6
rnn_diverse_noinfluence,3,/juice6/u/jshe/emergent_partner_grid/dev/eval_out/rnn_diverse_noinfluence_seed3_test.h5,0,test,0,0,5,0,595,2000,train,1.1498699,1.6530334,-5,5
rnn_diverse_noinfluence,3,/juice6/u/jshe/emergent_partner_grid/dev/eval_out/rnn_diverse_noinfluence_seed3_test.h5,1,test,0,0,5,1,596,2000,test,-2.239084,3.6022303,-5,5
rnn_diverse_noinfluence,3,/juice6/u/jshe/emergent_partner_grid/dev/eval_out/rnn_diverse_noinfluence_seed3_test.h5,2,test,0,0,5,2,520,2000,train,-0.52617073,3.0709343,-5,5
rnn_diverse_noinfluence,3,/juice6/u/jshe/emergent_partner_grid/dev/eval_out/rnn_diverse_noinfluence_seed3_test.h5,3,test,0,0,5,3,621,2000,train,1.0878611,3.8262231,-5,5
rnn_diverse_noinfluence,3,/juice6/u/jshe/emergent_partner_grid/dev/eval_out/rnn_diverse_noinfluence_seed3_test.h5,4,test,0,0,5,4,482,2000,train,1.6016248,2.7217565,-5,5
rnn_diverse_noinfluence,3,/juice6/u/jshe/emergent_partner_grid/dev/eval_out/rnn_diverse_noinfluence_seed3_test.h5,5,test,0,0,5,5,416,2000,train,-3.5188882,3.0752287,-5,5
rnn_diverse_noinfluence,3,/juice6/u/jshe/emergent_partner_grid/dev/eval_out/rnn_diverse_noinfluence_seed3_test.h5,6,test,0,0,5,6,408,2000,train,-1.4950204,2.1323462,-5,5
rnn_diverse_noinfluence,3,/juice6/u/jshe/emergent_partner_grid/dev/eval_out/rnn_diverse_noinfluence_seed3_test.h5,7,test,0,0,5,7,527,2000,train,-1.8330442,0.4622503,-5,5
rnn_diverse_noinfluence,3,/juice6/u/jshe/emergent_partner_grid/dev/eval_out/rnn_diverse_noinfluence_seed3_test.h5,8,test,0,0,5,8,484,2000,train,-0.8169808,1.9781085,-5,5
rnn_diverse_noinfluence,3,/juice6/u/jshe/emergent_partner_grid/dev/eval_out/rnn_diverse_noinfluence_seed3_test.h5,9,test,0,0,5,9,420,2000,test,0.59111553,1.1085533,-5,5
rnn_diverse_noinfluence,3,/juice6/u/jshe/emergent_partner_grid/dev/eval_out/rnn_diverse_noinfluence_seed3_test.h5,10,test,0,0,5,10,620,2000,train,1.0768303,4.2332945,-5,5
rnn_diverse_noinfluence,3,/juice6/u/jshe/emergent_partner_grid/dev/eval_out/rnn_diverse_noinfluence_seed3_test.h5,11,test,0,0,5,11,660,2000,train,1.0540956,3.5380394,-5,5
rnn_diverse_noinfluence,3,/juice6/u/jshe/emergent_partner_grid/dev/eval_out/rnn_diverse_noinfluence_seed3_test.h5,12,test,0,0,5,12,464,2000,train,0.45065776,2.582123,-5,5
rnn_diverse_noinfluence,3,/juice6/u/jshe/emergent_partner_grid/dev/eval_out/rnn_diverse_noinfluence_seed3_test.h5,13,test,0,0,5,13,658,2000,train,-0.34352654,2.6971858,-5,5
rnn_diverse_noinfluence,3,/juice6/u/jshe/emergent_partner_grid/dev/eval_out/rnn_diverse_noinfluence_seed3_test.h5,14,test,0,0,5,14,498,2000,test,0.904647,2.053452,-5,5
rnn_diverse_noinfluence,3,/juice6/u/jshe/emergent_partner_grid/dev/eval_out/rnn_diverse_noinfluence_seed3_test.h5,15,test,0,0,5,15,552,2000,test,-0.9292137,4.1684146,-5,5
rnn_diverse_noinfluence,3,/juice6/u/jshe/emergent_partner_grid/dev/eval_out/rnn_diverse_noinfluence_seed3_test.h5,16,test,0,0,5,16,477,2000,train,-1.8335526,0.1083881,-5,5
rnn_diverse_noinfluence,3,/juice6/u/jshe/emergent_partner_grid/dev/eval_out/rnn_diverse_noinfluence_seed3_test.h5,17,test,0,0,5,17,584,2000,train,-2.4477963,2.5229971,-5,5
rnn_diverse_noinfluence,3,/juice6/u/jshe/emergent_partner_grid/dev/eval_out/rnn_diverse_noinfluence_seed3_test.h5,18,test,0,0,5,18,549,2000,train,-0.21491483,0.85742086,-5,5
rnn_diverse_noinfluence,3,/juice6/u/jshe/emergent_partner_grid/dev/eval_out/rnn_diverse_noinfluence_seed3_test.h5,19,test,0,0,5,19,465,2000,train,-2.795301,4.016684,-5,5
rnn_diverse_noinfluence,3,/juice6/u/jshe/emergent_partner_grid/dev/eval_out/rnn_diverse_noinfluence_seed3_test.h5,20,test,1,0,6,0,572,2000,train,-1.4220567,2.8349328,-6,6
rnn_diverse_noinfluence,3,/juice6/u/jshe/emergent_partner_grid/dev/eval_out/rnn_diverse_noinfluence_seed3_test.h5,21,test,1,0,6,1,427,2000,test,-1.0527816,0.63675755,-6,6
rnn_diverse_noinfluence,3,/juice6/u/jshe/emergent_partner_grid/dev/eval_out/rnn_diverse_noinfluence_seed3_test.h5,22,test,1,0,6,2,676,2000,train,2.5029297,1.3100984,-6,6
rnn_diverse_noinfluence,3,/juice6/u/jshe/emergent_partner_grid/dev/eval_out/rnn_diverse_noinfluence_seed3_test.h5,23,test,1,0,6,3,657,2000,train,-1.1731659,0.066913016,-6,6
rnn_diverse_noinfluence,3,/juice6/u/jshe/emergent_partner_grid/dev/eval_out/rnn_diverse_noinfluence_seed3_test.h5,24,test,1,0,6,4,582,2000,train,0.75261456,3.5758216,-6,6
rnn_diverse_noinfluence,3,/juice6/u/jshe/emergent_partner_grid/dev/eval_out/rnn_diverse_noinfluence_seed3_test.h5,25,test,1,0,6,5,536,2000,train,-3.6023254,0.19954371,-6,6
rnn_diverse_noinfluence,3,/juice6/u/jshe/emergent_partner_grid/dev/eval_out/rnn_diverse_noinfluence_seed3_test.h5,26,test,1,0,6,6,611,2000,train,0.38220826,-0.41605085,-6,6
rnn_diverse_noinfluence,3,/juice6/u/jshe/emergent_partner_grid/dev/eval_out/rnn_diverse_noinfluence_seed3_test.h5,27,test,1,0,6,7,508,2000,train,-0.664624,-1.2590667,-6,6
rnn_diverse_noinfluence,3,/juice6/u/jshe/emergent_partner_grid/dev/eval_out/rnn_diverse_noinfluence_seed3_test.h5,28,test,1,0,6,8,615,2000,train,-3.1620057,2.0589213,-6,6
rnn_diverse_noinfluence,3,/juice6/u/jshe/emergent_partner_grid/dev/eval_out/rnn_diverse_noinfluence_seed3_test.h5,29,test,1,0,6,9,536,2000,test,-4.3589315,2.571882,-6,6
rnn_diverse_noinfluence,3,/juice6/u/jshe/emergent_partner_grid/dev/eval_out/rnn_diverse_noinfluence_seed3_test.h5,30,test,1,0,6,10,733,2000,train,-1.1394674,1.59571,-6,6
rnn_diverse_noinfluence,3,/juice6/u/jshe/emergent_partner_grid/dev/eval_out/rnn_diverse_noinfluence_seed3_test.h5,31,test,1,0,6,11,671,2000,train,-0.105087504,4.566173,-6,6
rnn_diverse_noinfluence,3,/juice6/u/jshe/emergent_partner_grid/dev/eval_out/rnn_diverse_noinfluence_seed3_test.h5,32,test,1,0,6,12,621,2000,train,1.3313719,-0.114267156,-6,6
rnn_diverse_noinfluence,3,/juice6/u/jshe/emergent_partner_grid/dev/eval_out/rnn_diverse_noinfluence_seed3_test.h5,33,test,1,0,6,13,545,2000,train,-2.1863246,-0.29955804,-6,6
rnn_diverse_noinfluence,3,/juice6/u/jshe/emergent_partner_grid/dev/eval_out/rnn_diverse_noinfluence_seed3_test.h5,34,test,1,0,6,14,583,2000,test,-0.62210035,-1.5804311,-6,6
rnn_diverse_noinfluence,3,/juice6/u/jshe/emergent_partner_grid/dev/eval_out/rnn_diverse_noinfluence_seed3_test.h5,35,test,1,0,6,15,703,2000,test,0.13726401,-0.77414805,-6,6
rnn_diverse_noinfluence,3,/juice6/u/jshe/emergent_partner_grid/dev/eval_out/rnn_diverse_noinfluence_seed3_test.h5,36,test,1,0,6,16,626,2000,train,-0.15146007,4.168812,-6,6
rnn_diverse_noinfluence,3,/juice6/u/jshe/emergent_partner_grid/dev/eval_out/rnn_diverse_noinfluence_seed3_test.h5,37,test,1,0,6,17,688,2000,train,-1.814768,5.262838,-6,6
rnn_diverse_noinfluence,3,/juice6/u/jshe/emergent_partner_grid/dev/eval_out/rnn_diverse_noinfluence_seed3_test.h5,38,test,1,0,6,18,734,2000,train,-1.1958941,3.2319372,-6,6
rnn_diverse_noinfluence,3,/juice6/u/jshe/emergent_partner_grid/dev/eval_out/rnn_diverse_noinfluence_seed3_test.h5,39,test,1,0,6,19,506,2000,train,0.529478,0.552818,-6,6
rnn_diverse_noinfluence,3,/juice6/u/jshe/emergent_partner_grid/dev/eval_out/rnn_diverse_noinfluence_seed3_test.h5,380,test,19,0,7,0,671,2000,train,1.3964841,1.2880073,-7,7
rnn_diverse_noinfluence,3,/juice6/u/jshe/emergent_partner_grid/dev/eval_out/rnn_diverse_noinfluence_seed3_test.h5,381,test,19,0,7,1,517,2000,test,0.10750746,3.0967262,-7,7
rnn_diverse_noinfluence,3,/juice6/u/jshe/emergent_partner_grid/dev/eval_out/rnn_diverse_noinfluence_seed3_test.h5,382,test,19,0,7,2,818,2000,train,-2.9606311,5.2643123,-7,7
rnn_diverse_noinfluence,3,/juice6/u/jshe/emergent_partner_grid/dev/eval_out/rnn_diverse_noinfluence_seed3_test.h5,383,test,19,0,7,3,571,2000,train,-3.713475,0.32866734,-7,7
rnn_diverse_noinfluence,3,/juice6/u/jshe/emergent_partner_grid/dev/eval_out/rnn_diverse_noinfluence_seed3_test.h5,384,test,19,0,7,4,608,2000,train,-4.4098907,1.9786284,-7,7
rnn_diverse_noinfluence,3,/juice6/u/jshe/emergent_partner_grid/dev/eval_out/rnn_diverse_noinfluence_seed3_test.h5,385,test,19,0,7,5,590,2000,train,-1.3027593,2.789157,-7,7
rnn_diverse_noinfluence,3,/juice6/u/jshe/emergent_partner_grid/dev/eval_out/rnn_diverse_noinfluence_seed3_test.h5,386,test,19,0,7,6,669,2000,train,-1.8399414,4.8641057,-7,7
rnn_diverse_noinfluence,3,/juice6/u/jshe/emergent_partner_grid/dev/eval_out/rnn_diverse_noinfluence_seed3_test.h5,387,test,19,0,7,7,523,2000,train,-2.2042818,-0.22012313,-7,7
rnn_diverse_noinfluence,3,/juice6/u/jshe/emergent_partner_grid/dev/eval_out/rnn_diverse_noinfluence_seed3_test.h5,388,test,19,0,7,8,641,2000,train,-1.3463336,3.3298151,-7,7
rnn_diverse_noinfluence,3,/juice6/u/jshe/emergent_partner_grid/dev/eval_out/rnn_diverse_noinfluence_seed3_test.h5,389,test,19,0,7,9,536,2000,test,-3.4414184,4.3515406,-7,7
rnn_diverse_noinfluence,3,/juice6/u/jshe/emergent_partner_grid/dev/eval_out/rnn_diverse_noinfluence_seed3_test.h5,390,test,19,0,7,10,682,2000,train,-4.087912,2.0219524,-7,7
rnn_diverse_noinfluence,3,/juice6/u/jshe/emergent_partner_grid/dev/eval_out/rnn_diverse_noinfluence_seed3_test.h5,391,test,19,0,7,11,578,2000,train,-0.5750045,-0.48952433,-7,7
rnn_diverse_noinfluence,3,/juice6/u/jshe/emergent_partner_grid/dev/eval_out/rnn_diverse_noinfluence_seed3_test.h5,392,test,19,0,7,12,714,2000,train,-0.8244362,1.2051955,-7,7
rnn_diverse_noinfluence,3,/juice6/u/jshe/emergent_partner_grid/dev/eval_out/rnn_diverse_noinfluence_seed3_test.h5,393,test,19,0,7,13,528,2000,train,-2.8880532,2.8561373,-7,7
rnn_diverse_noinfluence,3,/juice6/u/jshe/emergent_partner_grid/dev/eval_out/rnn_diverse_noinfluence_seed3_test.h5,394,test,19,0,7,14,696,2000,test,-0.89682204,0.92319506,-7,7
rnn_diverse_noinfluence,3,/juice6/u/jshe/emergent_partner_grid/dev/eval_out/rnn_diverse_noinfluence_seed3_test.h5,395,test,19,0,7,15,612,2000,test,-2.2251272,4.2459755,-7,7
rnn_diverse_noinfluence,3,/juice6/u/jshe/emergent_partner_grid/dev/eval_out/rnn_diverse_noinfluence_seed3_test.h5,396,test,19,0,7,16,775,2000,train,-2.1963632,1.786042,-7,7
rnn_diverse_noinfluence,3,/juice6/u/jshe/emergent_partner_grid/dev/eval_out/rnn_diverse_noinfluence_seed3_test.h5,397,test,19,0,7,17,535,2000,train,-2.6504948,0.9251649,-7,7
rnn_diverse_noinfluence,3,/juice6/u/jshe/emergent_partner_grid/dev/eval_out/rnn_diverse_noinfluence_seed3_test.h5,398,test,19,0,7,18,683,2000,train,1.2965838,1.6498225,-7,7
rnn_diverse_noinfluence,3,/juice6/u/jshe/emergent_partner_grid/dev/eval_out/rnn_diverse_noinfluence_seed3_test.h5,399,test,19,0,7,19,540,2000,train,-1.3818592,4.417991,-7,7
rnn_diverse_noinfluence,3,/juice6/u/jshe/emergent_partner_grid/dev/eval_out/rnn_diverse_noinfluence_seed3_test.h5,400,test,20,0,8,0,671,2000,train,-2.8349915,1.8513131,-8,8
rnn_diverse_noinfluence,3,/juice6/u/jshe/emergent_partner_grid/dev/eval_out/rnn_diverse_noinfluence_seed3_test.h5,401,test,20,0,8,1,688,2000,test,-0.3331233,-1.1457939,-8,8
rnn_diverse_noinfluence,3,/juice6/u/jshe/emergent_partner_grid/dev/eval_out/rnn_diverse_noinfluence_seed3_test.h5,402,test,20,0,8,2,757,2000,train,-2.0244045,0.46377793,-8,8
rnn_diverse_noinfluence,3,/juice6/u/jshe/emergent_partner_grid/dev/eval_out/rnn_diverse_noinfluence_seed3_test.h5,403,test,20,0,8,3,573,2000,train,1.9395143,2.0199623,-8,8
rnn_diverse_noinfluence,3,/juice6/u/jshe/emergent_partner_grid/dev/eval_out/rnn_diverse_noinfluence_seed3_test.h5,404,test,20,0,8,4,550,2000,train,-1.2972031,3.4373279,-8,8
rnn_diverse_noinfluence,3,/juice6/u/jshe/emergent_partner_grid/dev/eval_out/rnn_diverse_noinfluence_seed3_test.h5,405,test,20,0,8,5,661,2000,train,-0.4963856,-1.2224526,-8,8
rnn_diverse_noinfluence,3,/juice6/u/jshe/emergent_partner_grid/dev/eval_out/rnn_diverse_noinfluence_seed3_test.h5,406,test,20,0,8,6,834,2000,train,-1.1622993,-1.0241001,-8,8
rnn_diverse_noinfluence,3,/juice6/u/jshe/emergent_partner_grid/dev/eval_out/rnn_diverse_noinfluence_seed3_test.h5,407,test,20,0,8,7,707,2000,train,-0.8220506,0.0077440157,-8,8
rnn_diverse_noinfluence,3,/juice6/u/jshe/emergent_partner_grid/dev/eval_out/rnn_diverse_noinfluence_seed3_test.h5,408,test,20,0,8,8,661,2000,train,-3.8476062,0.85525364,-8,8
rnn_diverse_noinfluence,3,/juice6/u/jshe/emergent_partner_grid/dev/eval_out/rnn_diverse_noinfluence_seed3_test.h5,409,test,20,0,8,9,655,2000,test,-3.1566634,0.70691484,-8,8
rnn_diverse_noinfluence,3,/juice6/u/jshe/emergent_partner_grid/dev/eval_out/rnn_diverse_noinfluence_seed3_test.h5,410,test,20,0,8,10,712,2000,train,-2.0023024,4.4126687,-8,8
rnn_diverse_noinfluence,3,/juice6/u/jshe/emergent_partner_grid/dev/eval_out/rnn_diverse_noinfluence_seed3_test.h5,411,test,20,0,8,11,641,2000,train,-1.1320564,-1.3478376,-8,8
rnn_diverse_noinfluence,3,/juice6/u/jshe/emergent_partner_grid/dev/eval_out/rnn_diverse_noinfluence_seed3_test.h5,412,test,20,0,8,12,650,2000,train,-3.5388427,3.5623188,-8,8
rnn_diverse_noinfluence,3,/juice6/u/jshe/emergent_partner_grid/dev/eval_out/rnn_diverse_noinfluence_seed3_test.h5,413,test,20,0,8,13,581,2000,train,-0.9773549,0.20610145,-8,8
rnn_diverse_noinfluence,3,/juice6/u/jshe/emergent_partner_grid/dev/eval_out/rnn_diverse_noinfluence_seed3_test.h5,414,test,20,0,8,14,580,2000,test,-3.8147576,2.5033362,-8,8
rnn_diverse_noinfluence,3,/juice6/u/jshe/emergent_partner_grid/dev/eval_out/rnn_diverse_noinfluence_seed3_test.h5,415,test,20,0,8,15,633,2000,test,-1.4737961,2.593353,-8,8
rnn_diverse_noinfluence,3,/juice6/u/jshe/emergent_partner_grid/dev/eval_out/rnn_diverse_noinfluence_seed3_test.h5,416,test,20,0,8,16,600,2000,train,1.2034068,-0.4549248,-8,8
rnn_diverse_noinfluence,3,/juice6/u/jshe/emergent_partner_grid/dev/eval_out/rnn_diverse_noinfluence_seed3_test.h5,417,test,20,0,8,17,656,2000,train,-0.8149346,-0.47965258,-8,8
rnn_diverse_noinfluence,3,/juice6/u/jshe/emergent_partner_grid/dev/eval_out/rnn_diverse_noinfluence_seed3_test.h5,418,test,20,0,8,18,777,2000,train,-2.3727117,-1.3607026,-8,8
rnn_diverse_noinfluence,3,/juice6/u/jshe/emergent_partner_grid/dev/eval_out/rnn_diverse_noinfluence_seed3_test.h5,419,test,20,0,8,19,656,2000,train,-0.971835,2.451325,-8,8
rnn_diverse_noinfluence,3,/juice6/u/jshe/emergent_partner_grid/dev/eval_out/rnn_diverse_noinfluence_seed3_test.h5,420,test,21,0,9,0,754,2000,train,-0.7110898,2.8311205,-9,9
rnn_diverse_noinfluence,3,/juice6/u/jshe/emergent_partner_grid/dev/eval_out/rnn_diverse_noinfluence_seed3_test.h5,421,test,21,0,9,1,661,2000,test,0.09188155,0.7781709,-9,9
rnn_diverse_noinfluence,3,/juice6/u/jshe/emergent_partner_grid/dev/eval_out/rnn_diverse_noinfluence_seed3_test.h5,422,test,21,0,9,2,720,2000,train,-0.48789662,-0.5460448,-9,9
rnn_diverse_noinfluence,3,/juice6/u/jshe/emergent_partner_grid/dev/eval_out/rnn_diverse_noinfluence_seed3_test.h5,423,test,21,0,9,3,794,2000,train,-0.42906463,2.2204938,-9,9
rnn_diverse_noinfluence,3,/juice6/u/jshe/emergent_partner_grid/dev/eval_out/rnn_diverse_noinfluence_seed3_test.h5,424,test,21,0,9,4,769,2000,train,-5.0383444,1.6017305,-9,9
rnn_diverse_noinfluence,3,/juice6/u/jshe/emergent_partner_grid/dev/eval_out/rnn_diverse_noinfluence_seed3_test.h5,425,test,21,0,9,5,612,2000,train,-3.7050471,0.47525382,-9,9
rnn_diverse_noinfluence,3,/juice6/u/jshe/emergent_partner_grid/dev/eval_out/rnn_diverse_noinfluence_seed3_test.h5,426,test,21,0,9,6,828,2000,train,-2.605948,2.0042877,-9,9
rnn_diverse_noinfluence,3,/juice6/u/jshe/emergent_partner_grid/dev/eval_out/rnn_diverse_noinfluence_seed3_test.h5,427,test,21,0,9,7,715,2000,train,-3.7088666,2.071003,-9,9
rnn_diverse_noinfluence,3,/juice6/u/jshe/emergent_partner_grid/dev/eval_out/rnn_diverse_noinfluence_seed3_test.h5,428,test,21,0,9,8,717,2000,train,-0.8811116,-1.699728,-9,9
rnn_diverse_noinfluence,3,/juice6/u/jshe/emergent_partner_grid/dev/eval_out/rnn_diverse_noinfluence_seed3_test.h5,429,test,21,0,9,9,575,2000,test,-5.2339697,2.4245062,-9,9
rnn_diverse_noinfluence,3,/juice6/u/jshe/emergent_partner_grid/dev/eval_out/rnn_diverse_noinfluence_seed3_test.h5,430,test,21,0,9,10,698,2000,train,1.0461735,4.012166,-9,9
rnn_diverse_noinfluence,3,/juice6/u/jshe/emergent_partner_grid/dev/eval_out/rnn_diverse_noinfluence_seed3_test.h5,431,test,21,0,9,11,754,2000,train,-3.6730356,2.9747381,-9,9
rnn_diverse_noinfluence,3,/juice6/u/jshe/emergent_partner_grid/dev/eval_out/rnn_diverse_noinfluence_seed3_test.h5,432,test,21,0,9,12,726,2000,train,-2.9871392,3.9073071,-9,9
rnn_diverse_noinfluence,3,/juice6/u/jshe/emergent_partner_grid/dev/eval_out/rnn_diverse_noinfluence_seed3_test.h5,433,test,21,0,9,13,639,2000,train,0.60157216,1.6346719,-9,9
rnn_diverse_noinfluence,3,/juice6/u/jshe/emergent_partner_grid/dev/eval_out/rnn_diverse_noinfluence_seed3_test.h5,434,test,21,0,9,14,649,2000,test,-4.9783,1.6607499,-9,9
rnn_diverse_noinfluence,3,/juice6/u/jshe/emergent_partner_grid/dev/eval_out/rnn_diverse_noinfluence_seed3_test.h5,435,test,21,0,9,15,790,2000,test,-1.2069353,-0.7881518,-9,9
rnn_diverse_noinfluence,3,/juice6/u/jshe/emergent_partner_grid/dev/eval_out/rnn_diverse_noinfluence_seed3_test.h5,436,test,21,0,9,16,715,2000,train,-1.6062828,-1.4817928,-9,9
rnn_diverse_noinfluence,3,/juice6/u/jshe/emergent_partner_grid/dev/eval_out/rnn_diverse_noinfluence_seed3_test.h5,437,test,21,0,9,17,659,2000,train,-3.379402,0.7797085,-9,9
rnn_diverse_noinfluence,3,/juice6/u/jshe/emergent_partner_grid/dev/eval_out/rnn_diverse_noinfluence_seed3_test.h5,438,test,21,0,9,18,681,2000,train,-5.364864,1.7685838,-9,9
rnn_diverse_noinfluence,3,/juice6/u/jshe/emergent_partner_grid/dev/eval_out/rnn_diverse_noinfluence_seed3_test.h5,439,test,21,0,9,19,872,2000,train,-3.5429857,1.7284237,-9,9
rnn_diverse_noinfluence,3,/juice6/u/jshe/emergent_partner_grid/dev/eval_out/rnn_diverse_noinfluence_seed3_train.h5,0,train,0,1,4,0,414,2000,train,-2.6620464,4.936923,-3,3
rnn_diverse_noinfluence,3,/juice6/u/jshe/emergent_partner_grid/dev/eval_out/rnn_diverse_noinfluence_seed3_train.h5,1,train,0,1,4,1,420,2000,test,-2.4847565,3.6448174,-3,3
rnn_diverse_noinfluence,3,/juice6/u/jshe/emergent_partner_grid/dev/eval_out/rnn_diverse_noinfluence_seed3_train.h5,2,train,0,1,4,2,443,2000,train,-3.914499,3.909563,-3,3
rnn_diverse_noinfluence,3,/juice6/u/jshe/emergent_partner_grid/dev/eval_out/rnn_diverse_noinfluence_seed3_train.h5,3,train,0,1,4,3,449,2000,train,0.40423778,3.3149464,-3,3
rnn_diverse_noinfluence,3,/juice6/u/jshe/emergent_partner_grid/dev/eval_out/rnn_diverse_noinfluence_seed3_train.h5,4,train,0,1,4,4,477,2000,train,0.2527364,3.940385,-3,3
rnn_diverse_noinfluence,3,/juice6/u/jshe/emergent_partner_grid/dev/eval_out/rnn_diverse_noinfluence_seed3_train.h5,5,train,0,1,4,5,480,2000,train,-1.5933429,3.2186093,-3,3
rnn_diverse_noinfluence,3,/juice6/u/jshe/emergent_partner_grid/dev/eval_out/rnn_diverse_noinfluence_seed3_train.h5,6,train,0,1,4,6,501,2000,train,-2.6590433,3.1272094,-3,3
rnn_diverse_noinfluence,3,/juice6/u/jshe/emergent_partner_grid/dev/eval_out/rnn_diverse_noinfluence_seed3_train.h5,7,train,0,1,4,7,509,2000,train,-3.0290692,1.267741,-3,3
rnn_diverse_noinfluence,3,/juice6/u/jshe/emergent_partner_grid/dev/eval_out/rnn_diverse_noinfluence_seed3_train.h5,8,train,0,1,4,8,458,2000,train,0.9964337,2.5487099,-3,3
rnn_diverse_noinfluence,3,/juice6/u/jshe/emergent_partner_grid/dev/eval_out/rnn_diverse_noinfluence_seed3_train.h5,9,train,0,1,4,9,459,2000,test,-0.66263974,2.1737397,-3,3
rnn_diverse_noinfluence,3,/juice6/u/jshe/emergent_partner_grid/dev/eval_out/rnn_diverse_noinfluence_seed3_train.h5,10,train,0,1,4,10,493,2000,train,-1.511362,2.4035857,-3,3
rnn_diverse_noinfluence,3,/juice6/u/jshe/emergent_partner_grid/dev/eval_out/rnn_diverse_noinfluence_seed3_train.h5,11,train,0,1,4,11,459,2000,train,-3.1987128,4.9125576,-3,3
rnn_diverse_noinfluence,3,/juice6/u/jshe/emergent_partner_grid/dev/eval_out/rnn_diverse_noinfluence_seed3_train.h5,12,train,0,1,4,12,461,2000,train,0.119920306,4.9567175,-3,3
rnn_diverse_noinfluence,3,/juice6/u/jshe/emergent_partner_grid/dev/eval_out/rnn_diverse_noinfluence_seed3_train.h5,13,train,0,1,4,13,637,2000,train,0.38427907,3.5152085,-3,3
rnn_diverse_noinfluence,3,/juice6/u/jshe/emergent_partner_grid/dev/eval_out/rnn_diverse_noinfluence_seed3_train.h5,14,train,0,1,4,14,588,2000,test,-1.8018625,3.9802356,-3,3
rnn_diverse_noinfluence,3,/juice6/u/jshe/emergent_partner_grid/dev/eval_out/rnn_diverse_noinfluence_seed3_train.h5,15,train,0,1,4,15,486,2000,test,-2.3121533,5.3763523,-3,3
rnn_diverse_noinfluence,3,/juice6/u/jshe/emergent_partner_grid/dev/eval_out/rnn_diverse_noinfluence_seed3_train.h5,16,train,0,1,4,16,488,2000,train,0.6808381,2.8321135,-3,3
rnn_diverse_noinfluence,3,/juice6/u/jshe/emergent_partner_grid/dev/eval_out/rnn_diverse_noinfluence_seed3_train.h5,17,train,0,1,4,17,524,2000,train,-1.4347562,0.7806033,-3,3
rnn_diverse_noinfluence,3,/juice6/u/jshe/emergent_partner_grid/dev/eval_out/rnn_diverse_noinfluence_seed3_train.h5,18,train,0,1,4,18,467,2000,train,-3.307443,2.9880836,-3,3
rnn_diverse_noinfluence,3,/juice6/u/jshe/emergent_partner_grid/dev/eval_out/rnn_diverse_noinfluence_seed3_train.h5,19,train,0,1,4,19,458,2000,train,-2.3990037,2.3129542,-3,3
rnn_diverse_noinfluence,3,/juice6/u/jshe/emergent_partner_grid/dev/eval_out/rnn_diverse_noinfluence_seed3_test.h5,40,test,2,1,5,0,475,2000,train,0.953399,0.9749513,-4,4
rnn_diverse_noinfluence,3,/juice6/u/jshe/emergent_partner_grid/dev/eval_out/rnn_diverse_noinfluence_seed3_test.h5,41,test,2,1,5,1,482,2000,test,-0.17833488,2.4035506,-4,4
rnn_diverse_noinfluence,3,/juice6/u/jshe/emergent_partner_grid/dev/eval_out/rnn_diverse_noinfluence_seed3_test.h5,42,test,2,1,5,2,502,2000,train,-0.2868091,3.7352161,-4,4
rnn_diverse_noinfluence,3,/juice6/u/jshe/emergent_partner_grid/dev/eval_out/rnn_diverse_noinfluence_seed3_test.h5,43,test,2,1,5,3,458,2000,train,1.5214707,0.7957454,-4,4
rnn_diverse_noinfluence,3,/juice6/u/jshe/emergent_partner_grid/dev/eval_out/rnn_diverse_noinfluence_seed3_test.h5,44,test,2,1,5,4,509,2000,train,-2.0049386,2.3119504,-4,4
rnn_diverse_noinfluence,3,/juice6/u/jshe/emergent_partner_grid/dev/eval_out/rnn_diverse_noinfluence_seed3_test.h5,45,test,2,1,5,5,609,2000,train,-2.5443134,0.89383125,-4,4
rnn_diverse_noinfluence,3,/juice6/u/jshe/emergent_partner_grid/dev/eval_out/rnn_diverse_noinfluence_seed3_test.h5,46,test,2,1,5,6,539,2000,train,-1.406449,0.9654412,-4,4
rnn_diverse_noinfluence,3,/juice6/u/jshe/emergent_partner_grid/dev/eval_out/rnn_diverse_noinfluence_seed3_test.h5,47,test,2,1,5,7,607,2000,train,-3.0130067,4.6579747,-4,4
rnn_diverse_noinfluence,3,/juice6/u/jshe/emergent_partner_grid/dev/eval_out/rnn_diverse_noinfluence_seed3_test.h5,48,test,2,1,5,8,529,2000,train,0.32171565,5.2571874,-4,4
rnn_diverse_noinfluence,3,/juice6/u/jshe/emergent_partner_grid/dev/eval_out/rnn_diverse_noinfluence_seed3_test.h5,49,test,2,1,5,9,566,2000,test,-0.4001009,4.6872983,-4,4
rnn_diverse_noinfluence,3,/juice6/u/jshe/emergent_partner_grid/dev/eval_out/rnn_diverse_noinfluence_seed3_test.h5,50,test,2,1,5,10,448,2000,train,0.4280542,3.2897375,-4,4
rnn_diverse_noinfluence,3,/juice6/u/jshe/emergent_partner_grid/dev/eval_out/rnn_diverse_noinfluence_seed3_test.h5,51,test,2,1,5,11,550,2000,train,0.45144644,2.7203138,-4,4
rnn_diverse_noinfluence,3,/juice6/u/jshe/emergent_partner_grid/dev/eval_out/rnn_diverse_noinfluence_seed3_test.h5,52,test,2,1,5,12,457,2000,train,-0.7727791,2.3582563,-4,4
rnn_diverse_noinfluence,3,/juice6/u/jshe/emergent_partner_grid/dev/eval_out/rnn_diverse_noinfluence_seed3_test.h5,53,test,2,1,5,13,541,2000,train,-2.0739236,0.89750004,-4,4
rnn_diverse_noinfluence,3,/juice6/u/jshe/emergent_partner_grid/dev/eval_out/rnn_diverse_noinfluence_seed3_test.h5,54,test,2,1,5,14,491,2000,test,-2.8657541,3.7355366,-4,4
rnn_diverse_noinfluence,3,/juice6/u/jshe/emergent_partner_grid/dev/eval_out/rnn_diverse_noinfluence_seed3_test.h5,55,test,2,1,5,15,522,2000,test,-0.26043272,3.7084858,-4,4
rnn_diverse_noinfluence,3,/juice6/u/jshe/emergent_partner_grid/dev/eval_out/rnn_diverse_noinfluence_seed3_test.h5,56,test,2,1,5,16,549,2000,train,-1.6658119,2.6208224,-4,4
rnn_diverse_noinfluence,3,/juice6/u/jshe/emergent_partner_grid/dev/eval_out/rnn_diverse_noinfluence_seed3_test.h5,57,test,2,1,5,17,486,2000,train,-2.3374794,4.0492806,-4,4
rnn_diverse_noinfluence,3,/juice6/u/jshe/emergent_partner_grid/dev/eval_out/rnn_diverse_noinfluence_seed3_test.h5,58,test,2,1,5,18,608,2000,train,-1.6885672,3.362472,-4,4
rnn_diverse_noinfluence,3,/juice6/u/jshe/emergent_partner_grid/dev/eval_out/rnn_diverse_noinfluence_seed3_test.h5,59,test,2,1,5,19,529,2000,train,-0.5249487,2.46657,-4,4
rnn_diverse_noinfluence,3,/juice6/u/jshe/emergent_partner_grid/dev/eval_out/rnn_diverse_noinfluence_seed3_test.h5,60,test,3,1,6,0,500,2000,train,1.953858,0.95234996,-5,5
rnn_diverse_noinfluence,3,/juice6/u/jshe/emergent_partner_grid/dev/eval_out/rnn_diverse_noinfluence_seed3_test.h5,61,test,3,1,6,1,566,2000,test,-0.26762742,2.2614124,-5,5
rnn_diverse_noinfluence,3,/juice6/u/jshe/emergent_partner_grid/dev/eval_out/rnn_diverse_noinfluence_seed3_test.h5,62,test,3,1,6,2,502,2000,train,-1.2852504,1.5329283,-5,5
rnn_diverse_noinfluence,3,/juice6/u/jshe/emergent_partner_grid/dev/eval_out/rnn_diverse_noinfluence_seed3_test.h5,63,test,3,1,6,3,581,2000,train,-2.8006523,1.5993749,-5,5
rnn_diverse_noinfluence,3,/juice6/u/jshe/emergent_partner_grid/dev/eval_out/rnn_diverse_noinfluence_seed3_test.h5,64,test,3,1,6,4,577,2000,train,-2.616292,3.0951772,-5,5
rnn_diverse_noinfluence,3,/juice6/u/jshe/emergent_partner_grid/dev/eval_out/rnn_diverse_noinfluence_seed3_test.h5,65,test,3,1,6,5,585,2000,train,-2.4858127,3.275281,-5,5
rnn_diverse_noinfluence,3,/juice6/u/jshe/emergent_partner_grid/dev/eval_out/rnn_diverse_noinfluence_seed3_test.h5,66,test,3,1,6,6,593,2000,train,-2.8173954,2.9656599,-5,5
rnn_diverse_noinfluence,3,/juice6/u/jshe/emergent_partner_grid/dev/eval_out/rnn_diverse_noinfluence_seed3_test.h5,67,test,3,1,6,7,608,2000,train,-2.6318069,1.6513107,-5,5
rnn_diverse_noinfluence,3,/juice6/u/jshe/emergent_partner_grid/dev/eval_out/rnn_diverse_noinfluence_seed3_test.h5,68,test,3,1,6,8,487,2000,train,-2.4924452,1.9953632,-5,5
rnn_diverse_noinfluence,3,/juice6/u/jshe/emergent_partner_grid/dev/eval_out/rnn_diverse_noinfluence_seed3_test.h5,69,test,3,1,6,9,572,2000,test,-2.768322,3.9698029,-5,5
rnn_diverse_noinfluence,3,/juice6/u/jshe/emergent_partner_grid/dev/eval_out/rnn_diverse_noinfluence_seed3_test.h5,70,test,3,1,6,10,550,2000,train,-3.8928676,4.3837113,-5,5
rnn_diverse_noinfluence,3,/juice6/u/jshe/emergent_partner_grid/dev/eval_out/rnn_diverse_noinfluence_seed3_test.h5,71,test,3,1,6,11,568,2000,train,-1.6734879,-0.028625283,-5,5
rnn_diverse_noinfluence,3,/juice6/u/jshe/emergent_partner_grid/dev/eval_out/rnn_diverse_noinfluence_seed3_test.h5,72,test,3,1,6,12,586,2000,train,-1.5920994,3.8911595,-5,5
rnn_diverse_noinfluence,3,/juice6/u/jshe/emergent_partner_grid/dev/eval_out/rnn_diverse_noinfluence_seed3_test.h5,73,test,3,1,6,13,641,2000,train,-1.6377028,2.0737097,-5,5
rnn_diverse_noinfluence,3,/juice6/u/jshe/emergent_partner_grid/dev/eval_out/rnn_diverse_noinfluence_seed3_test.h5,74,test,3,1,6,14,536,2000,test,-3.2739117,1.9768827,-5,5
rnn_diverse_noinfluence,3,/juice6/u/jshe/emergent_partner_grid/dev/eval_out/rnn_diverse_noinfluence_seed3_test.h5,75,test,3,1,6,15,701,2000,test,-3.9615617,2.679332,-5,5
rnn_diverse_noinfluence,3,/juice6/u/jshe/emergent_partner_grid/dev/eval_out/rnn_diverse_noinfluence_seed3_test.h5,76,test,3,1,6,16,551,2000,train,1.322112,2.5473697,-5,5
rnn_diverse_noinfluence,3,/juice6/u/jshe/emergent_partner_grid/dev/eval_out/rnn_diverse_noinfluence_seed3_test.h5,77,test,3,1,6,17,552,2000,train,-3.0592973,4.553489,-5,5
rnn_diverse_noinfluence,3,/juice6/u/jshe/emergent_partner_grid/dev/eval_out/rnn_diverse_noinfluence_seed3_test.h5,78,test,3,1,6,18,530,2000,train,-0.70435303,4.1257534,-5,5
rnn_diverse_noinfluence,3,/juice6/u/jshe/emergent_partner_grid/dev/eval_out/rnn_diverse_noinfluence_seed3_test.h5,79,test,3,1,6,19,665,2000,train,-0.11907254,1.7023722,-5,5
rnn_diverse_noinfluence,3,/juice6/u/jshe/emergent_partner_grid/dev/eval_out/rnn_diverse_noinfluence_seed3_train.h5,20,train,1,1,7,0,626,2000,train,-0.3363367,-0.48544344,-6,6
rnn_diverse_noinfluence,3,/juice6/u/jshe/emergent_partner_grid/dev/eval_out/rnn_diverse_noinfluence_seed3_train.h5,21,train,1,1,7,1,564,2000,test,0.5123651,-1.3799824,-6,6
rnn_diverse_noinfluence,3,/juice6/u/jshe/emergent_partner_grid/dev/eval_out/rnn_diverse_noinfluence_seed3_train.h5,22,train,1,1,7,2,577,2000,train,0.23131323,2.0705187,-6,6
rnn_diverse_noinfluence,3,/juice6/u/jshe/emergent_partner_grid/dev/eval_out/rnn_diverse_noinfluence_seed3_train.h5,23,train,1,1,7,3,604,2000,train,-2.39244,0.25435078,-6,6
rnn_diverse_noinfluence,3,/juice6/u/jshe/emergent_partner_grid/dev/eval_out/rnn_diverse_noinfluence_seed3_train.h5,24,train,1,1,7,4,634,2000,train,-2.583679,2.181115,-6,6
rnn_diverse_noinfluence,3,/juice6/u/jshe/emergent_partner_grid/dev/eval_out/rnn_diverse_noinfluence_seed3_train.h5,25,train,1,1,7,5,630,2000,train,-1.3052807,1.8187505,-6,6
rnn_diverse_noinfluence,3,/juice6/u/jshe/emergent_partner_grid/dev/eval_out/rnn_diverse_noinfluence_seed3_train.h5,26,train,1,1,7,6,696,2000,train,-1.3522347,-0.32352865,-6,6
rnn_diverse_noinfluence,3,/juice6/u/jshe/emergent_partner_grid/dev/eval_out/rnn_diverse_noinfluence_seed3_train.h5,27,train,1,1,7,7,610,2000,train,-1.8843843,0.8167906,-6,6
rnn_diverse_noinfluence,3,/juice6/u/jshe/emergent_partner_grid/dev/eval_out/rnn_diverse_noinfluence_seed3_train.h5,28,train,1,1,7,8,532,2000,train,-1.8157011,-0.8794568,-6,6
rnn_diverse_noinfluence,3,/juice6/u/jshe/emergent_partner_grid/dev/eval_out/rnn_diverse_noinfluence_seed3_train.h5,29,train,1,1,7,9,629,2000,test,-2.8052092,3.7468522,-6,6
rnn_diverse_noinfluence,3,/juice6/u/jshe/emergent_partner_grid/dev/eval_out/rnn_diverse_noinfluence_seed3_train.h5,30,train,1,1,7,10,652,2000,train,-0.07757222,0.22716232,-6,6
rnn_diverse_noinfluence,3,/juice6/u/jshe/emergent_partner_grid/dev/eval_out/rnn_diverse_noinfluence_seed3_train.h5,31,train,1,1,7,11,626,2000,train,-2.21287,0.8632761,-6,6
rnn_diverse_noinfluence,3,/juice6/u/jshe/emergent_partner_grid/dev/eval_out/rnn_diverse_noinfluence_seed3_train.h5,32,train,1,1,7,12,613,2000,train,0.03977468,3.6316555,-6,6
rnn_diverse_noinfluence,3,/juice6/u/jshe/emergent_partner_grid/dev/eval_out/rnn_diverse_noinfluence_seed3_train.h5,33,train,1,1,7,13,662,2000,train,1.2570167,-0.01650191,-6,6
rnn_diverse_noinfluence,3,/juice6/u/jshe/emergent_partner_grid/dev/eval_out/rnn_diverse_noinfluence_seed3_train.h5,34,train,1,1,7,14,650,2000,test,1.8661083,1.9479975,-6,6
rnn_diverse_noinfluence,3,/juice6/u/jshe/emergent_partner_grid/dev/eval_out/rnn_diverse_noinfluence_seed3_train.h5,35,train,1,1,7,15,630,2000,test,-3.8846874,3.111769,-6,6
rnn_diverse_noinfluence,3,/juice6/u/jshe/emergent_partner_grid/dev/eval_out/rnn_diverse_noinfluence_seed3_train.h5,36,train,1,1,7,16,551,2000,train,-0.6403219,-0.10745934,-6,6
rnn_diverse_noinfluence,3,/juice6/u/jshe/emergent_partner_grid/dev/eval_out/rnn_diverse_noinfluence_seed3_train.h5,37,train,1,1,7,17,624,2000,train,0.65221715,3.0575612,-6,6
rnn_diverse_noinfluence,3,/juice6/u/jshe/emergent_partner_grid/dev/eval_out/rnn_diverse_noinfluence_seed3_train.h5,38,train,1,1,7,18,581,2000,train,-0.07623049,2.3954084,-6,6
rnn_diverse_noinfluence,3,/juice6/u/jshe/emergent_partner_grid/dev/eval_out/rnn_diverse_noinfluence_seed3_train.h5,39,train,1,1,7,19,642,2000,train,-0.80438215,-1.2629533,-6,6
rnn_diverse_noinfluence,3,/juice6/u/jshe/emergent_partner_grid/dev/eval_out/rnn_diverse_noinfluence_seed3_train.h5,40,train,2,1,8,0,703,2000,train,0.5187695,-1.1666127,-7,7
rnn_diverse_noinfluence,3,/juice6/u/jshe/emergent_partner_grid/dev/eval_out/rnn_diverse_noinfluence_seed3_train.h5,41,train,2,1,8,1,670,2000,test,0.27419892,1.6300846,-7,7
rnn_diverse_noinfluence,3,/juice6/u/jshe/emergent_partner_grid/dev/eval_out/rnn_diverse_noinfluence_seed3_train.h5,42,train,2,1,8,2,658,2000,train,-0.28888366,1.034274,-7,7
rnn_diverse_noinfluence,3,/juice6/u/jshe/emergent_partner_grid/dev/eval_out/rnn_diverse_noinfluence_seed3_train.h5,43,train,2,1,8,3,658,2000,train,-1.5804526,1.6999981,-7,7
rnn_diverse_noinfluence,3,/juice6/u/jshe/emergent_partner_grid/dev/eval_out/rnn_diverse_noinfluence_seed3_train.h5,44,train,2,1,8,4,844,2000,train,-1.9215863,-0.9562521,-7,7
rnn_diverse_noinfluence,3,/juice6/u/jshe/emergent_partner_grid/dev/eval_out/rnn_diverse_noinfluence_seed3_train.h5,45,train,2,1,8,5,598,2000,train,-4.826799,1.5234151,-7,7
rnn_diverse_noinfluence,3,/juice6/u/jshe/emergent_partner_grid/dev/eval_out/rnn_diverse_noinfluence_seed3_train.h5,46,train,2,1,8,6,789,2000,train,-0.7552801,-0.19003353,-7,7
rnn_diverse_noinfluence,3,/juice6/u/jshe/emergent_partner_grid/dev/eval_out/rnn_diverse_noinfluence_seed3_train.h5,47,train,2,1,8,7,796,2000,train,-1.9887252,3.891105,-7,7
rnn_diverse_noinfluence,3,/juice6/u/jshe/emergent_partner_grid/dev/eval_out/rnn_diverse_noinfluence_seed3_train.h5,48,train,2,1,8,8,594,2000,train,-4.247212,-0.04363562,-7,7
rnn_diverse_noinfluence,3,/juice6/u/jshe/emergent_partner_grid/dev/eval_out/rnn_diverse_noinfluence_seed3_train.h5,49,train,2,1,8,9,892,2000,test,0.6354547,4.197483,-7,7
rnn_diverse_noinfluence,3,/juice6/u/jshe/emergent_partner_grid/dev/eval_out/rnn_diverse_noinfluence_seed3_train.h5,50,train,2,1,8,10,691,2000,train,-3.3527012,-0.32116568,-7,7
rnn_diverse_noinfluence,3,/juice6/u/jshe/emergent_partner_grid/dev/eval_out/rnn_diverse_noinfluence_seed3_train.h5,51,train,2,1,8,11,774,2000,train,-4.844653,2.0876403,-7,7
rnn_diverse_noinfluence,3,/juice6/u/jshe/emergent_partner_grid/dev/eval_out/rnn_diverse_noinfluence_seed3_train.h5,52,train,2,1,8,12,650,2000,train,-0.47307074,0.35722128,-7,7
rnn_diverse_noinfluence,3,/juice6/u/jshe/emergent_partner_grid/dev/eval_out/rnn_diverse_noinfluence_seed3_train.h5,53,train,2,1,8,13,659,2000,train,-3.1742294,4.0257287,-7,7
rnn_diverse_noinfluence,3,/juice6/u/jshe/emergent_partner_grid/dev/eval_out/rnn_diverse_noinfluence_seed3_train.h5,54,train,2,1,8,14,693,2000,test,-3.8403585,0.26798612,-7,7
rnn_diverse_noinfluence,3,/juice6/u/jshe/emergent_partner_grid/dev/eval_out/rnn_diverse_noinfluence_seed3_train.h5,55,train,2,1,8,15,807,2000,test,-2.7472205,2.4658291,-7,7
rnn_diverse_noinfluence,3,/juice6/u/jshe/emergent_partner_grid/dev/eval_out/rnn_diverse_noinfluence_seed3_train.h5,56,train,2,1,8,16,601,2000,train,1.6064843,1.079958,-7,7
rnn_diverse_noinfluence,3,/juice6/u/jshe/emergent_partner_grid/dev/eval_out/rnn_diverse_noinfluence_seed3_train.h5,57,train,2,1,8,17,755,2000,train,-4.308143,0.79209894,-7,7
rnn_diverse_noinfluence,3,/juice6/u/jshe/emergent_partner_grid/dev/eval_out/rnn_diverse_noinfluence_seed3_train.h5,58,train,2,1,8,18,732,2000,train,-0.023977315,0.821975,-7,7
rnn_diverse_noinfluence,3,/juice6/u/jshe/emergent_partner_grid/dev/eval_out/rnn_diverse_noinfluence_seed3_train.h5,59,train,2,1,8,19,702,2000,train,-5.0210743,2.173688,-7,7
rnn_diverse_noinfluence,3,/juice6/u/jshe/emergent_partner_grid/dev/eval_out/rnn_diverse_noinfluence_seed3_train.h5,60,train,3,1,9,0,773,2000,train,-5.200864,1.305264,-8,8
rnn_diverse_noinfluence,3,/juice6/u/jshe/emergent_partner_grid/dev/eval_out/rnn_diverse_noinfluence_seed3_train.h5,61,train,3,1,9,1,780,2000,test,-2.8695679,0.038986176,-8,8
rnn_diverse_noinfluence,3,/juice6/u/jshe/emergent_partner_grid/dev/eval_out/rnn_diverse_noinfluence_seed3_train.h5,62,train,3,1,9,2,815,2000,train,-2.9843771,-0.1401126,-8,8
rnn_diverse_noinfluence,3,/juice6/u/jshe/emergent_partner_grid/dev/eval_out/rnn_diverse_noinfluence_seed3_train.h5,63,train,3,1,9,3,729,2000,train,-2.3748078,-0.72704184,-8,8
rnn_diverse_noinfluence,3,/juice6/u/jshe/emergent_partner_grid/dev/eval_out/rnn_diverse_noinfluence_seed3_train.h5,64,train,3,1,9,4,639,2000,train,-4.004565,0.35463926,-8,8
rnn_diverse_noinfluence,3,/juice6/u/jshe/emergent_partner_grid/dev/eval_out/rnn_diverse_noinfluence_seed3_train.h5,65,train,3,1,9,5,713,2000,train,-3.7016401,1.1322176,-8,8
rnn_diverse_noinfluence,3,/juice6/u/jshe/emergent_partner_grid/dev/eval_out/rnn_diverse_noinfluence_seed3_train.h5,66,train,3,1,9,6,834,2000,train,-3.432603,4.3680277,-8,8
rnn_diverse_noinfluence,3,/juice6/u/jshe/emergent_partner_grid/dev/eval_out/rnn_diverse_noinfluence_seed3_train.h5,67,train,3,1,9,7,779,2000,train,-1.3321575,-1.7176846,-8,8
rnn_diverse_noinfluence,3,/juice6/u/jshe/emergent_partner_grid/dev/eval_out/rnn_diverse_noinfluence_seed3_train.h5,68,train,3,1,9,8,867,2000,train,1.3708318,2.36962,-8,8
rnn_diverse_noinfluence,3,/juice6/u/jshe/emergent_partner_grid/dev/eval_out/rnn_diverse_noinfluence_seed3_train.h5,69,train,3,1,9,9,690,2000,test,-3.3593378,-0.80358446,-8,8
rnn_diverse_noinfluence,3,/juice6/u/jshe/emergent_partner_grid/dev/eval_out/rnn_diverse_noinfluence_seed3_train.h5,70,train,3,1,9,10,715,2000,train,-2.4243984,5.6428533,-8,8
rnn_diverse_noinfluence,3,/juice6/u/jshe/emergent_partner_grid/dev/eval_out/rnn_diverse_noinfluence_seed3_train.h5,71,train,3,1,9,11,633,2000,train,-2.1384752,2.0581374,-8,8
rnn_diverse_noinfluence,3,/juice6/u/jshe/emergent_partner_grid/dev/eval_out/rnn_diverse_noinfluence_seed3_train.h5,72,train,3,1,9,12,699,2000,train,-4.5110135,4.0106792,-8,8
rnn_diverse_noinfluence,3,/juice6/u/jshe/emergent_partner_grid/dev/eval_out/rnn_diverse_noinfluence_seed3_train.h5,73,train,3,1,9,13,721,2000,train,-4.1728673,-0.57290184,-8,8
rnn_diverse_noinfluence,3,/juice6/u/jshe/emergent_partner_grid/dev/eval_out/rnn_diverse_noinfluence_seed3_train.h5,74,train,3,1,9,14,668,2000,test,-0.80743426,3.465296,-8,8
rnn_diverse_noinfluence,3,/juice6/u/jshe/emergent_partner_grid/dev/eval_out/rnn_diverse_noinfluence_seed3_train.h5,75,train,3,1,9,15,675,2000,test,-4.5365815,2.8547227,-8,8
rnn_diverse_noinfluence,3,/juice6/u/jshe/emergent_partner_grid/dev/eval_out/rnn_diverse_noinfluence_seed3_train.h5,76,train,3,1,9,16,597,2000,train,0.03755407,2.0382771,-8,8
rnn_diverse_noinfluence,3,/juice6/u/jshe/emergent_partner_grid/dev/eval_out/rnn_diverse_noinfluence_seed3_train.h5,77,train,3,1,9,17,818,2000,train,-3.85839,1.8656051,-8,8
rnn_diverse_noinfluence,3,/juice6/u/jshe/emergent_partner_grid/dev/eval_out/rnn_diverse_noinfluence_seed3_train.h5,78,train,3,1,9,18,798,2000,train,-3.2797265,0.35704598,-8,8
rnn_diverse_noinfluence,3,/juice6/u/jshe/emergent_partner_grid/dev/eval_out/rnn_diverse_noinfluence_seed3_train.h5,79,train,3,1,9,19,817,2000,train,-0.74987245,1.3937969,-8,8
rnn_diverse_noinfluence,3,/juice6/u/jshe/emergent_partner_grid/dev/eval_out/rnn_diverse_noinfluence_seed3_train.h5,80,train,4,2,4,0,545,2000,train,-1.9481508,2.167659,-2,2
rnn_diverse_noinfluence,3,/juice6/u/jshe/emergent_partner_grid/dev/eval_out/rnn_diverse_noinfluence_seed3_train.h5,81,train,4,2,4,1,562,2000,test,-4.4023967,3.485297,-2,2
rnn_diverse_noinfluence,3,/juice6/u/jshe/emergent_partner_grid/dev/eval_out/rnn_diverse_noinfluence_seed3_train.h5,82,train,4,2,4,2,468,2000,train,-2.7885048,4.442,-2,2
rnn_diverse_noinfluence,3,/juice6/u/jshe/emergent_partner_grid/dev/eval_out/rnn_diverse_noinfluence_seed3_train.h5,83,train,4,2,4,3,520,2000,train,-2.425172,3.3659627,-2,2
rnn_diverse_noinfluence,3,/juice6/u/jshe/emergent_partner_grid/dev/eval_out/rnn_diverse_noinfluence_seed3_train.h5,84,train,4,2,4,4,632,2000,train,0.76432407,1.919598,-2,2
rnn_diverse_noinfluence,3,/juice6/u/jshe/emergent_partner_grid/dev/eval_out/rnn_diverse_noinfluence_seed3_train.h5,85,train,4,2,4,5,550,2000,train,-2.0058415,2.5170066,-2,2
rnn_diverse_noinfluence,3,/juice6/u/jshe/emergent_partner_grid/dev/eval_out/rnn_diverse_noinfluence_seed3_train.h5,86,train,4,2,4,6,565,2000,train,0.7486138,4.4389925,-2,2
rnn_diverse_noinfluence,3,/juice6/u/jshe/emergent_partner_grid/dev/eval_out/rnn_diverse_noinfluence_seed3_train.h5,87,train,4,2,4,7,557,2000,train,-1.7103032,4.1585217,-2,2
rnn_diverse_noinfluence,3,/juice6/u/jshe/emergent_partner_grid/dev/eval_out/rnn_diverse_noinfluence_seed3_train.h5,88,train,4,2,4,8,582,2000,train,-0.71714526,3.9463046,-2,2
rnn_diverse_noinfluence,3,/juice6/u/jshe/emergent_partner_grid/dev/eval_out/rnn_diverse_noinfluence_seed3_train.h5,89,train,4,2,4,9,536,2000,test,-1.8620404,1.990382,-2,2
rnn_diverse_noinfluence,3,/juice6/u/jshe/emergent_partner_grid/dev/eval_out/rnn_diverse_noinfluence_seed3_train.h5,90,train,4,2,4,10,511,2000,train,-1.5458133,3.296083,-2,2
rnn_diverse_noinfluence,3,/juice6/u/jshe/emergent_partner_grid/dev/eval_out/rnn_diverse_noinfluence_seed3_train.h5,91,train,4,2,4,11,655,2000,train,-0.46499717,3.6992815,-2,2
rnn_diverse_noinfluence,3,/juice6/u/jshe/emergent_partner_grid/dev/eval_out/rnn_diverse_noinfluence_seed3_train.h5,92,train,4,2,4,12,546,2000,train,-2.0736618,1.714851,-2,2
rnn_diverse_noinfluence,3,/juice6/u/jshe/emergent_partner_grid/dev/eval_out/rnn_diverse_noinfluence_seed3_train.h5,93,train,4,2,4,13,500,2000,train,-0.02957478,-1.2215238,-2,2
rnn_diverse_noinfluence,3,/juice6/u/jshe/emergent_partner_grid/dev/eval_out/rnn_diverse_noinfluence_seed3_train.h5,94,train,4,2,4,14,510,2000,test,-1.5642368,2.6773717,-2,2
rnn_diverse_noinfluence,3,/juice6/u/jshe/emergent_partner_grid/dev/eval_out/rnn_diverse_noinfluence_seed3_train.h5,95,train,4,2,4,15,477,2000,test,-0.059081905,3.7494676,-2,2
rnn_diverse_noinfluence,3,/juice6/u/jshe/emergent_partner_grid/dev/eval_out/rnn_diverse_noinfluence_seed3_train.h5,96,train,4,2,4,16,573,2000,train,-1.2471241,4.073493,-2,2
rnn_diverse_noinfluence,3,/juice6/u/jshe/emergent_partner_grid/dev/eval_out/rnn_diverse_noinfluence_seed3_train.h5,97,train,4,2,4,17,525,2000,train,-0.46792305,4.4082274,-2,2
rnn_diverse_noinfluence,3,/juice6/u/jshe/emergent_partner_grid/dev/eval_out/rnn_diverse_noinfluence_seed3_train.h5,98,train,4,2,4,18,573,2000,train,-2.217154,2.148573,-2,2
rnn_diverse_noinfluence,3,/juice6/u/jshe/emergent_partner_grid/dev/eval_out/rnn_diverse_noinfluence_seed3_train.h5,99,train,4,2,4,19,503,2000,train,-2.575645,2.5244663,-2,2
rnn_diverse_noinfluence,3,/juice6/u/jshe/emergent_partner_grid/dev/eval_out/rnn_diverse_noinfluence_seed3_test.h5,80,test,4,2,5,0,699,2000,train,-2.5323498,4.57588,-3,3
rnn_diverse_noinfluence,3,/juice6/u/jshe/emergent_partner_grid/dev/eval_out/rnn_diverse_noinfluence_seed3_test.h5,81,test,4,2,5,1,563,2000,test,-2.947673,1.1987802,-3,3
rnn_diverse_noinfluence,3,/juice6/u/jshe/emergent_partner_grid/dev/eval_out/rnn_diverse_noinfluence_seed3_test.h5,82,test,4,2,5,2,484,2000,train,-2.5205362,0.51001394,-3,3
rnn_diverse_noinfluence,3,/juice6/u/jshe/emergent_partner_grid/dev/eval_out/rnn_diverse_noinfluence_seed3_test.h5,83,test,4,2,5,3,527,2000,train,-0.92534983,1.4117585,-3,3
rnn_diverse_noinfluence,3,/juice6/u/jshe/emergent_partner_grid/dev/eval_out/rnn_diverse_noinfluence_seed3_test.h5,84,test,4,2,5,4,663,2000,train,-2.0929847,-0.08998122,-3,3
rnn_diverse_noinfluence,3,/juice6/u/jshe/emergent_partner_grid/dev/eval_out/rnn_diverse_noinfluence_seed3_test.h5,85,test,4,2,5,5,591,2000,train,-2.1942885,4.0642843,-3,3
rnn_diverse_noinfluence,3,/juice6/u/jshe/emergent_partner_grid/dev/eval_out/rnn_diverse_noinfluence_seed3_test.h5,86,test,4,2,5,6,577,2000,train,-1.8309073,3.3664706,-3,3
rnn_diverse_noinfluence,3,/juice6/u/jshe/emergent_partner_grid/dev/eval_out/rnn_diverse_noinfluence_seed3_test.h5,87,test,4,2,5,7,553,2000,train,-1.1324054,3.1234465,-3,3
rnn_diverse_noinfluence,3,/juice6/u/jshe/emergent_partner_grid/dev/eval_out/rnn_diverse_noinfluence_seed3_test.h5,88,test,4,2,5,8,596,2000,train,2.3071113,1.0923613,-3,3
rnn_diverse_noinfluence,3,/juice6/u/jshe/emergent_partner_grid/dev/eval_out/rnn_diverse_noinfluence_seed3_test.h5,89,test,4,2,5,9,736,2000,test,-3.9716043,1.6882443,-3,3
rnn_diverse_noinfluence,3,/juice6/u/jshe/emergent_partner_grid/dev/eval_out/rnn_diverse_noinfluence_seed3_test.h5,90,test,4,2,5,10,672,2000,train,-1.7298542,2.1049058,-3,3
rnn_diverse_noinfluence,3,/juice6/u/jshe/emergent_partner_grid/dev/eval_out/rnn_diverse_noinfluence_seed3_test.h5,91,test,4,2,5,11,557,2000,train,-1.0279442,3.4704506,-3,3
rnn_diverse_noinfluence,3,/juice6/u/jshe/emergent_partner_grid/dev/eval_out/rnn_diverse_noinfluence_seed3_test.h5,92,test,4,2,5,12,509,2000,train,1.5751024,0.9893758,-3,3
rnn_diverse_noinfluence,3,/juice6/u/jshe/emergent_partner_grid/dev/eval_out/rnn_diverse_noinfluence_seed3_test.h5,93,test,4,2,5,13,708,2000,train,-4.2549887,2.7695038,-3,3
rnn_diverse_noinfluence,3,/juice6/u/jshe/emergent_partner_grid/dev/eval_out/rnn_diverse_noinfluence_seed3_test.h5,94,test,4,2,5,14,699,2000,test,-1.997467,1.2740606,-3,3
rnn_diverse_noinfluence,3,/juice6/u/jshe/emergent_partner_grid/dev/eval_out/rnn_diverse_noinfluence_seed3_test.h5,95,test,4,2,5,15,485,2000,test,-1.8054719,3.697822,-3,3
rnn_diverse_noinfluence,3,/juice6/u/jshe/emergent_partner_grid/dev/eval_out/rnn_diverse_noinfluence_seed3_test.h5,96,test,4,2,5,16,616,2000,train,-1.539463,0.61904943,-3,3
rnn_diverse_noinfluence,3,/juice6/u/jshe/emergent_partner_grid/dev/eval_out/rnn_diverse_noinfluence_seed3_test.h5,97,test,4,2,5,17,558,2000,train,-0.46224484,-0.775937,-3,3
rnn_diverse_noinfluence,3,/juice6/u/jshe/emergent_partner_grid/dev/eval_out/rnn_diverse_noinfluence_seed3_test.h5,98,test,4,2,5,18,508,2000,train,-1.1929181,2.2682395,-3,3
rnn_diverse_noinfluence,3,/juice6/u/jshe/emergent_partner_grid/dev/eval_out/rnn_diverse_noinfluence_seed3_test.h5,99,test,4,2,5,19,615,2000,train,-0.60954386,2.0423334,-3,3
rnn_diverse_noinfluence,3,/juice6/u/jshe/emergent_partner_grid/dev/eval_out/rnn_diverse_noinfluence_seed3_test.h5,100,test,5,2,6,0,673,2000,train,1.358066,2.2015266,-4,4
rnn_diverse_noinfluence,3,/juice6/u/jshe/emergent_partner_grid/dev/eval_out/rnn_diverse_noinfluence_seed3_test.h5,101,test,5,2,6,1,626,2000,test,-1.5297958,-0.7917093,-4,4
rnn_diverse_noinfluence,3,/juice6/u/jshe/emergent_partner_grid/dev/eval_out/rnn_diverse_noinfluence_seed3_test.h5,102,test,5,2,6,2,664,2000,train,-1.1911373,0.813294,-4,4
rnn_diverse_noinfluence,3,/juice6/u/jshe/emergent_partner_grid/dev/eval_out/rnn_diverse_noinfluence_seed3_test.h5,103,test,5,2,6,3,676,2000,train,-2.3090277,1.8365663,-4,4
rnn_diverse_noinfluence,3,/juice6/u/jshe/emergent_partner_grid/dev/eval_out/rnn_diverse_noinfluence_seed3_test.h5,104,test,5,2,6,4,719,2000,train,-0.4946261,1.6550157,-4,4
rnn_diverse_noinfluence,3,/juice6/u/jshe/emergent_partner_grid/dev/eval_out/rnn_diverse_noinfluence_seed3_test.h5,105,test,5,2,6,5,545,2000,train,-3.1862888,-0.23507291,-4,4
rnn_diverse_noinfluence,3,/juice6/u/jshe/emergent_partner_grid/dev/eval_out/rnn_diverse_noinfluence_seed3_test.h5,106,test,5,2,6,6,699,2000,train,-1.3260629,2.429668,-4,4
rnn_diverse_noinfluence,3,/juice6/u/jshe/emergent_partner_grid/dev/eval_out/rnn_diverse_noinfluence_seed3_test.h5,107,test,5,2,6,7,680,2000,train,-0.0046657133,2.3190897,-4,4
rnn_diverse_noinfluence,3,/juice6/u/jshe/emergent_partner_grid/dev/eval_out/rnn_diverse_noinfluence_seed3_test.h5,108,test,5,2,6,8,656,2000,train,-1.5777992,0.39297882,-4,4
rnn_diverse_noinfluence,3,/juice6/u/jshe/emergent_partner_grid/dev/eval_out/rnn_diverse_noinfluence_seed3_test.h5,109,test,5,2,6,9,652,2000,test,0.25267088,1.2462171,-4,4
rnn_diverse_noinfluence,3,/juice6/u/jshe/emergent_partner_grid/dev/eval_out/rnn_diverse_noinfluence_seed3_test.h5,110,test,5,2,6,10,666,2000,train,-0.6700775,1.4818101,-4,4
rnn_diverse_noinfluence,3,/juice6/u/jshe/emergent_partner_grid/dev/eval_out/rnn_diverse_noinfluence_seed3_test.h5,111,test,5,2,6,11,552,2000,train,-3.3243356,2.470246,-4,4
rnn_diverse_noinfluence,3,/juice6/u/jshe/emergent_partner_grid/dev/eval_out/rnn_diverse_noinfluence_seed3_test.h5,112,test,5,2,6,12,618,2000,train,0.37024164,-1.2336608,-4,4
rnn_diverse_noinfluence,3,/juice6/u/jshe/emergent_partner_grid/dev/eval_out/rnn_diverse_noinfluence_seed3_test.h5,113,test,5,2,6,13,737,2000,train,2.1863973,3.3839495,-4,4
rnn_diverse_noinfluence,3,/juice6/u/jshe/emergent_partner_grid/dev/eval_out/rnn_diverse_noinfluence_seed3_test.h5,114,test,5,2,6,14,637,2000,test,-1.2927711,-2.1394825,-4,4
rnn_diverse_noinfluence,3,/juice6/u/jshe/emergent_partner_grid/dev/eval_out/rnn_diverse_noinfluence_seed3_test.h5,115,test,5,2,6,15,652,2000,test,-3.6787732,4.4265237,-4,4
rnn_diverse_noinfluence,3,/juice6/u/jshe/emergent_partner_grid/dev/eval_out/rnn_diverse_noinfluence_seed3_test.h5,116,test,5,2,6,16,595,2000,train,-4.6019034,4.1625457,-4,4
rnn_diverse_noinfluence,3,/juice6/u/jshe/emergent_partner_grid/dev/eval_out/rnn_diverse_noinfluence_seed3_test.h5,117,test,5,2,6,17,686,2000,train,-3.3219576,2.6767201,-4,4
rnn_diverse_noinfluence,3,/juice6/u/jshe/emergent_partner_grid/dev/eval_out/rnn_diverse_noinfluence_seed3_test.h5,118,test,5,2,6,18,619,2000,train,-1.085652,3.5017319,-4,4
rnn_diverse_noinfluence,3,/juice6/u/jshe/emergent_partner_grid/dev/eval_out/rnn_diverse_noinfluence_seed3_test.h5,119,test,5,2,6,19,557,2000,train,1.8736748,0.50677586,-4,4
rnn_diverse_noinfluence,3,/juice6/u/jshe/emergent_partner_grid/dev/eval_out/rnn_diverse_noinfluence_seed3_train.h5,100,train,5,2,7,0,642,2000,train,-0.40743664,0.82670236,-5,5
rnn_diverse_noinfluence,3,/juice6/u/jshe/emergent_partner_grid/dev/eval_out/rnn_diverse_noinfluence_seed3_train.h5,101,train,5,2,7,1,634,2000,test,-1.2881021,3.8139524,-5,5
rnn_diverse_noinfluence,3,/juice6/u/jshe/emergent_partner_grid/dev/eval_out/rnn_diverse_noinfluence_seed3_train.h5,102,train,5,2,7,2,680,2000,train,-2.0579226,-0.0024906837,-5,5
rnn_diverse_noinfluence,3,/juice6/u/jshe/emergent_partner_grid/dev/eval_out/rnn_diverse_noinfluence_seed3_train.h5,103,train,5,2,7,3,678,2000,train,-2.0757213,-1.8962156,-5,5
rnn_diverse_noinfluence,3,/juice6/u/jshe/emergent_partner_grid/dev/eval_out/rnn_diverse_noinfluence_seed3_train.h5,104,train,5,2,7,4,764,2000,train,-3.8574421,2.0067432,-5,5
rnn_diverse_noinfluence,3,/juice6/u/jshe/emergent_partner_grid/dev/eval_out/rnn_diverse_noinfluence_seed3_train.h5,105,train,5,2,7,5,639,2000,train,-2.3908994,3.5232968,-5,5
rnn_diverse_noinfluence,3,/juice6/u/jshe/emergent_partner_grid/dev/eval_out/rnn_diverse_noinfluence_seed3_train.h5,106,train,5,2,7,6,711,2000,train,-3.4240234,0.2478181,-5,5
rnn_diverse_noinfluence,3,/juice6/u/jshe/emergent_partner_grid/dev/eval_out/rnn_diverse_noinfluence_seed3_train.h5,107,train,5,2,7,7,683,2000,train,-0.26866412,4.055585,-5,5
rnn_diverse_noinfluence,3,/juice6/u/jshe/emergent_partner_grid/dev/eval_out/rnn_diverse_noinfluence_seed3_train.h5,108,train,5,2,7,8,615,2000,train,-3.581286,0.76591164,-5,5
rnn_diverse_noinfluence,3,/juice6/u/jshe/emergent_partner_grid/dev/eval_out/rnn_diverse_noinfluence_seed3_train.h5,109,train,5,2,7,9,642,2000,test,0.671697,-0.67851067,-5,5
rnn_diverse_noinfluence,3,/juice6/u/jshe/emergent_partner_grid/dev/eval_out/rnn_diverse_noinfluence_seed3_train.h5,110,train,5,2,7,10,605,2000,train,-2.4727654,2.9297788,-5,5
rnn_diverse_noinfluence,3,/juice6/u/jshe/emergent_partner_grid/dev/eval_out/rnn_diverse_noinfluence_seed3_train.h5,111,train,5,2,7,11,730,2000,train,-0.9943351,-0.9245377,-5,5
rnn_diverse_noinfluence,3,/juice6/u/jshe/emergent_partner_grid/dev/eval_out/rnn_diverse_noinfluence_seed3_train.h5,112,train,5,2,7,12,680,2000,train,-3.2655382,2.079925,-5,5
rnn_diverse_noinfluence,3,/juice6/u/jshe/emergent_partner_grid/dev/eval_out/rnn_diverse_noinfluence_seed3_train.h5,113,train,5,2,7,13,646,2000,train,-0.9893828,3.1165798,-5,5
rnn_diverse_noinfluence,3,/juice6/u/jshe/emergent_partner_grid/dev/eval_out/rnn_diverse_noinfluence_seed3_train.h5,114,train,5,2,7,14,739,2000,test,-4.6532364,2.7422638,-5,5
rnn_diverse_noinfluence,3,/juice6/u/jshe/emergent_partner_grid/dev/eval_out/rnn_diverse_noinfluence_seed3_train.h5,115,train,5,2,7,15,686,2000,test,-1.1233766,3.235318,-5,5
rnn_diverse_noinfluence,3,/juice6/u/jshe/emergent_partner_grid/dev/eval_out/rnn_diverse_noinfluence_seed3_train.h5,116,train,5,2,7,16,742,2000,train,-3.2607613,3.32506,-5,5
rnn_diverse_noinfluence,3,/juice6/u/jshe/emergent_partner_grid/dev/eval_out/rnn_diverse_noinfluence_seed3_train.h5,117,train,5,2,7,17,703,2000,train,1.9589552,-0.09754664,-5,5
rnn_diverse_noinfluence,3,/juice6/u/jshe/emergent_partner_grid/dev/eval_out/rnn_diverse_noinfluence_seed3_train.h5,118,train,5,2,7,18,632,2000,train,-4.4321365,1.1905425,-5,5
rnn_diverse_noinfluence,3,/juice6/u/jshe/emergent_partner_grid/dev/eval_out/rnn_diverse_noinfluence_seed3_train.h5,119,train,5,2,7,19,707,2000,train,-0.9760678,1.6052878,-5,5
rnn_diverse_noinfluence,3,/juice6/u/jshe/emergent_partner_grid/dev/eval_out/rnn_diverse_noinfluence_seed3_train.h5,120,train,6,2,8,0,629,2000,train,-1.6931965,-1.1386477,-6,6
rnn_diverse_noinfluence,3,/juice6/u/jshe/emergent_partner_grid/dev/eval_out/rnn_diverse_noinfluence_seed3_train.h5,121,train,6,2,8,1,782,2000,test,-2.5149608,-0.59557694,-6,6
rnn_diverse_noinfluence,3,/juice6/u/jshe/emergent_partner_grid/dev/eval_out/rnn_diverse_noinfluence_seed3_train.h5,122,train,6,2,8,2,712,2000,train,-1.4410672,4.691481,-6,6
rnn_diverse_noinfluence,3,/juice6/u/jshe/emergent_partner_grid/dev/eval_out/rnn_diverse_noinfluence_seed3_train.h5,123,train,6,2,8,3,706,2000,train,-2.0389166,-1.439461,-6,6
rnn_diverse_noinfluence,3,/juice6/u/jshe/emergent_partner_grid/dev/eval_out/rnn_diverse_noinfluence_seed3_train.h5,124,train,6,2,8,4,712,2000,train,-4.462058,0.9893497,-6,6
rnn_diverse_noinfluence,3,/juice6/u/jshe/emergent_partner_grid/dev/eval_out/rnn_diverse_noinfluence_seed3_train.h5,125,train,6,2,8,5,784,2000,train,-1.2200042,0.27255428,-6,6
rnn_diverse_noinfluence,3,/juice6/u/jshe/emergent_partner_grid/dev/eval_out/rnn_diverse_noinfluence_seed3_train.h5,126,train,6,2,8,6,693,2000,train,-4.093888,1.9251107,-6,6
rnn_diverse_noinfluence,3,/juice6/u/jshe/emergent_partner_grid/dev/eval_out/rnn_diverse_noinfluence_seed3_train.h5,127,train,6,2,8,7,760,2000,train,-2.9672332,0.3696199,-6,6
rnn_diverse_noinfluence,3,/juice6/u/jshe/emergent_partner_grid/dev/eval_out/rnn_diverse_noinfluence_seed3_train.h5,128,train,6,2,8,8,655,2000,train,-4.308558,2.2646499,-6,6
rnn_diverse_noinfluence,3,/juice6/u/jshe/emergent_partner_grid/dev/eval_out/rnn_diverse_noinfluence_seed3_train.h5,129,train,6,2,8,9,668,2000,test,-2.0139737,-1.6911821,-6,6
rnn_diverse_noinfluence,3,/juice6/u/jshe/emergent_partner_grid/dev/eval_out/rnn_diverse_noinfluence_seed3_train.h5,130,train,6,2,8,10,655,2000,train,-1.9446256,0.89850944,-6,6
rnn_diverse_noinfluence,3,/juice6/u/jshe/emergent_partner_grid/dev/eval_out/rnn_diverse_noinfluence_seed3_train.h5,131,train,6,2,8,11,715,2000,train,1.0615427,-0.41602385,-6,6
rnn_diverse_noinfluence,3,/juice6/u/jshe/emergent_partner_grid/dev/eval_out/rnn_diverse_noinfluence_seed3_train.h5,132,train,6,2,8,12,864,2000,train,-3.7136161,0.70252043,-6,6
rnn_diverse_noinfluence,3,/juice6/u/jshe/emergent_partner_grid/dev/eval_out/rnn_diverse_noinfluence_seed3_train.h5,133,train,6,2,8,13,801,2000,train,-1.5150151,-0.46642125,-6,6
rnn_diverse_noinfluence,3,/juice6/u/jshe/emergent_partner_grid/dev/eval_out/rnn_diverse_noinfluence_seed3_train.h5,134,train,6,2,8,14,903,2000,test,-2.4342983,-0.5198384,-6,6
rnn_diverse_noinfluence,3,/juice6/u/jshe/emergent_partner_grid/dev/eval_out/rnn_diverse_noinfluence_seed3_train.h5,135,train,6,2,8,15,734,2000,test,-0.09423467,1.2111865,-6,6
rnn_diverse_noinfluence,3,/juice6/u/jshe/emergent_partner_grid/dev/eval_out/rnn_diverse_noinfluence_seed3_train.h5,136,train,6,2,8,16,588,2000,train,-5.224799,1.1147374,-6,6
rnn_diverse_noinfluence,3,/juice6/u/jshe/emergent_partner_grid/dev/eval_out/rnn_diverse_noinfluence_seed3_train.h5,137,train,6,2,8,17,676,2000,train,-2.4271748,-0.43652976,-6,6
rnn_diverse_noinfluence,3,/juice6/u/jshe/emergent_partner_grid/dev/eval_out/rnn_diverse_noinfluence_seed3_train.h5,138,train,6,2,8,18,680,2000,train,-2.3675523,-1.5386827,-6,6
rnn_diverse_noinfluence,3,/juice6/u/jshe/emergent_partner_grid/dev/eval_out/rnn_diverse_noinfluence_seed3_train.h5,139,train,6,2,8,19,890,2000,train,1.4754117,4.3082323,-6,6
rnn_diverse_noinfluence,3,/juice6/u/jshe/emergent_partner_grid/dev/eval_out/rnn_diverse_noinfluence_seed3_train.h5,140,train,7,2,9,0,974,2000,train,-3.841375,-0.4400423,-7,7
rnn_diverse_noinfluence,3,/juice6/u/jshe/emergent_partner_grid/dev/eval_out/rnn_diverse_noinfluence_seed3_train.h5,141,train,7,2,9,1,715,2000,test,1.0356628,1.0867157,-7,7
rnn_diverse_noinfluence,3,/juice6/u/jshe/emergent_partner_grid/dev/eval_out/rnn_diverse_noinfluence_seed3_train.h5,142,train,7,2,9,2,731,2000,train,-1.6693909,-1.464788,-7,7
rnn_diverse_noinfluence,3,/juice6/u/jshe/emergent_partner_grid/dev/eval_out/rnn_diverse_noinfluence_seed3_train.h5,143,train,7,2,9,3,651,2000,train,-2.363809,-1.5790615,-7,7
rnn_diverse_noinfluence,3,/juice6/u/jshe/emergent_partner_grid/dev/eval_out/rnn_diverse_noinfluence_seed3_train.h5,144,train,7,2,9,4,699,2000,train,-4.9659977,1.943071,-7,7
rnn_diverse_noinfluence,3,/juice6/u/jshe/emergent_partner_grid/dev/eval_out/rnn_diverse_noinfluence_seed3_train.h5,145,train,7,2,9,5,846,2000,train,0.4108615,4.961757,-7,7
rnn_diverse_noinfluence,3,/juice6/u/jshe/emergent_partner_grid/dev/eval_out/rnn_diverse_noinfluence_seed3_train.h5,146,train,7,2,9,6,778,2000,train,-2.1271875,-0.5626929,-7,7
rnn_diverse_noinfluence,3,/juice6/u/jshe/emergent_partner_grid/dev/eval_out/rnn_diverse_noinfluence_seed3_train.h5,147,train,7,2,9,7,800,2000,train,-5.344018,2.9634597,-7,7
rnn_diverse_noinfluence,3,/juice6/u/jshe/emergent_partner_grid/dev/eval_out/rnn_diverse_noinfluence_seed3_train.h5,148,train,7,2,9,8,739,2000,train,-1.7664415,4.6421757,-7,7
rnn_diverse_noinfluence,3,/juice6/u/jshe/emergent_partner_grid/dev/eval_out/rnn_diverse_noinfluence_seed3_train.h5,149,train,7,2,9,9,695,2000,test,-1.6116242,1.6072835,-7,7
rnn_diverse_noinfluence,3,/juice6/u/jshe/emergent_partner_grid/dev/eval_out/rnn_diverse_noinfluence_seed3_train.h5,150,train,7,2,9,10,789,2000,train,0.4843896,2.7865334,-7,7
rnn_diverse_noinfluence,3,/juice6/u/jshe/emergent_partner_grid/dev/eval_out/rnn_diverse_noinfluence_seed3_train.h5,151,train,7,2,9,11,689,2000,train,-4.852528,1.302834,-7,7
rnn_diverse_noinfluence,3,/juice6/u/jshe/emergent_partner_grid/dev/eval_out/rnn_diverse_noinfluence_seed3_train.h5,152,train,7,2,9,12,853,2000,train,-2.419361,4.44608,-7,7
rnn_diverse_noinfluence,3,/juice6/u/jshe/emergent_partner_grid/dev/eval_out/rnn_diverse_noinfluence_seed3_train.h5,153,train,7,2,9,13,712,2000,train,-2.6333733,-0.70909566,-7,7
rnn_diverse_noinfluence,3,/juice6/u/jshe/emergent_partner_grid/dev/eval_out/rnn_diverse_noinfluence_seed3_train.h5,154,train,7,2,9,14,806,2000,test,-4.718834,2.365475,-7,7
rnn_diverse_noinfluence,3,/juice6/u/jshe/emergent_partner_grid/dev/eval_out/rnn_diverse_noinfluence_seed3_train.h5,155,train,7,2,9,15,717,2000,test,-0.47584492,0.47970226,-7,7
rnn_diverse_noinfluence,3,/juice6/u/jshe/emergent_partner_grid/dev/eval_out/rnn_diverse_noinfluence_seed3_train.h5,156,train,7,2,9,16,883,2000,train,-1.1133312,-1.1320189,-7,7
rnn_diverse_noinfluence,3,/juice6/u/jshe/emergent_partner_grid/dev/eval_out/rnn_diverse_noinfluence_seed3_train.h5,157,train,7,2,9,17,675,2000,train,-4.170598,3.1118672,-7,7
rnn_diverse_noinfluence,3,/juice6/u/jshe/emergent_partner_grid/dev/eval_out/rnn_diverse_noinfluence_seed3_train.h5,158,train,7,2,9,18,811,2000,train,-0.6150799,-0.97350055,-7,7
rnn_diverse_noinfluence,3,/juice6/u/jshe/emergent_partner_grid/dev/eval_out/rnn_diverse_noinfluence_seed3_train.h5,159,train,7,2,9,19,810,2000,train,-5.015858,3.167259,-7,7
rnn_diverse_noinfluence,3,/juice6/u/jshe/emergent_partner_grid/dev/eval_out/rnn_diverse_noinfluence_seed3_train.h5,160,train,8,3,4,0,517,2000,train,-3.3828669,1.3515166,-1,1
rnn_diverse_noinfluence,3,/juice6/u/jshe/emergent_partner_grid/dev/eval_out/rnn_diverse_noinfluence_seed3_train.h5,161,train,8,3,4,1,496,2000,test,-1.3807602,4.173999,-1,1
rnn_diverse_noinfluence,3,/juice6/u/jshe/emergent_partner_grid/dev/eval_out/rnn_diverse_noinfluence_seed3_train.h5,162,train,8,3,4,2,724,2000,train,-1.3053664,4.002615,-1,1
rnn_diverse_noinfluence,3,/juice6/u/jshe/emergent_partner_grid/dev/eval_out/rnn_diverse_noinfluence_seed3_train.h5,163,train,8,3,4,3,642,2000,train,-4.163297,4.2257767,-1,1
rnn_diverse_noinfluence,3,/juice6/u/jshe/emergent_partner_grid/dev/eval_out/rnn_diverse_noinfluence_seed3_train.h5,164,train,8,3,4,4,576,2000,train,0.5629329,0.3437409,-1,1
rnn_diverse_noinfluence,3,/juice6/u/jshe/emergent_partner_grid/dev/eval_out/rnn_diverse_noinfluence_seed3_train.h5,165,train,8,3,4,5,526,2000,train,-0.57320124,4.9286594,-1,1
rnn_diverse_noinfluence,3,/juice6/u/jshe/emergent_partner_grid/dev/eval_out/rnn_diverse_noinfluence_seed3_train.h5,166,train,8,3,4,6,592,2000,train,-1.6114256,2.601775,-1,1
rnn_diverse_noinfluence,3,/juice6/u/jshe/emergent_partner_grid/dev/eval_out/rnn_diverse_noinfluence_seed3_train.h5,167,train,8,3,4,7,542,2000,train,-3.8180695,2.088278,-1,1
rnn_diverse_noinfluence,3,/juice6/u/jshe/emergent_partner_grid/dev/eval_out/rnn_diverse_noinfluence_seed3_train.h5,168,train,8,3,4,8,470,2000,train,-3.9053137,3.494659,-1,1
rnn_diverse_noinfluence,3,/juice6/u/jshe/emergent_partner_grid/dev/eval_out/rnn_diverse_noinfluence_seed3_train.h5,169,train,8,3,4,9,535,2000,test,-1.9017946,0.20302129,-1,1
rnn_diverse_noinfluence,3,/juice6/u/jshe/emergent_partner_grid/dev/eval_out/rnn_diverse_noinfluence_seed3_train.h5,170,train,8,3,4,10,643,2000,train,-1.4770894,4.9423633,-1,1
rnn_diverse_noinfluence,3,/juice6/u/jshe/emergent_partner_grid/dev/eval_out/rnn_diverse_noinfluence_seed3_train.h5,171,train,8,3,4,11,732,2000,train,0.30387327,1.3316706,-1,1
rnn_diverse_noinfluence,3,/juice6/u/jshe/emergent_partner_grid/dev/eval_out/rnn_diverse_noinfluence_seed3_train.h5,172,train,8,3,4,12,584,2000,train,-1.6503476,0.054635264,-1,1
rnn_diverse_noinfluence,3,/juice6/u/jshe/emergent_partner_grid/dev/eval_out/rnn_diverse_noinfluence_seed3_train.h5,173,train,8,3,4,13,592,2000,train,-3.093905,2.9169652,-1,1
rnn_diverse_noinfluence,3,/juice6/u/jshe/emergent_partner_grid/dev/eval_out/rnn_diverse_noinfluence_seed3_train.h5,174,train,8,3,4,14,575,2000,test,-3.6849394,4.601376,-1,1
rnn_diverse_noinfluence,3,/juice6/u/jshe/emergent_partner_grid/dev/eval_out/rnn_diverse_noinfluence_seed3_train.h5,175,train,8,3,4,15,627,2000,test,-0.5482524,1.0783194,-1,1
rnn_diverse_noinfluence,3,/juice6/u/jshe/emergent_partner_grid/dev/eval_out/rnn_diverse_noinfluence_seed3_train.h5,176,train,8,3,4,16,552,2000,train,-2.9363964,3.1702075,-1,1
rnn_diverse_noinfluence,3,/juice6/u/jshe/emergent_partner_grid/dev/eval_out/rnn_diverse_noinfluence_seed3_train.h5,177,train,8,3,4,17,533,2000,train,-1.9706328,0.72744507,-1,1
rnn_diverse_noinfluence,3,/juice6/u/jshe/emergent_partner_grid/dev/eval_out/rnn_diverse_noinfluence_seed3_train.h5,178,train,8,3,4,18,573,2000,train,1.358458,2.6157339,-1,1
rnn_diverse_noinfluence,3,/juice6/u/jshe/emergent_partner_grid/dev/eval_out/rnn_diverse_noinfluence_seed3_train.h5,179,train,8,3,4,19,501,2000,train,0.013445856,1.9131564,-1,1
rnn_diverse_noinfluence,3,/juice6/u/jshe/emergent_partner_grid/dev/eval_out/rnn_diverse_noinfluence_seed3_test.h5,120,test,6,3,5,0,550,2000,train,-1.1467631,3.9882154,-2,2
rnn_diverse_noinfluence,3,/juice6/u/jshe/emergent_partner_grid/dev/eval_out/rnn_diverse_noinfluence_seed3_test.h5,121,test,6,3,5,1,696,2000,test,-0.3792436,1.5131155,-2,2
rnn_diverse_noinfluence,3,/juice6/u/jshe/emergent_partner_grid/dev/eval_out/rnn_diverse_noinfluence_seed3_test.h5,122,test,6,3,5,2,591,2000,train,-1.3616251,4.2042027,-2,2
rnn_diverse_noinfluence,3,/juice6/u/jshe/emergent_partner_grid/dev/eval_out/rnn_diverse_noinfluence_seed3_test.h5,123,test,6,3,5,3,653,2000,train,-2.531958,1.8379638,-2,2
rnn_diverse_noinfluence,3,/juice6/u/jshe/emergent_partner_grid/dev/eval_out/rnn_diverse_noinfluence_seed3_test.h5,124,test,6,3,5,4,639,2000,train,-2.4469314,2.8470411,-2,2
rnn_diverse_noinfluence,3,/juice6/u/jshe/emergent_partner_grid/dev/eval_out/rnn_diverse_noinfluence_seed3_test.h5,125,test,6,3,5,5,606,2000,train,-0.86482257,4.389584,-2,2
rnn_diverse_noinfluence,3,/juice6/u/jshe/emergent_partner_grid/dev/eval_out/rnn_diverse_noinfluence_seed3_test.h5,126,test,6,3,5,6,550,2000,train,0.9332488,3.4131668,-2,2
rnn_diverse_noinfluence,3,/juice6/u/jshe/emergent_partner_grid/dev/eval_out/rnn_diverse_noinfluence_seed3_test.h5,127,test,6,3,5,7,652,2000,train,0.37353694,0.99291414,-2,2
rnn_diverse_noinfluence,3,/juice6/u/jshe/emergent_partner_grid/dev/eval_out/rnn_diverse_noinfluence_seed3_test.h5,128,test,6,3,5,8,575,2000,train,-3.2013226,-0.56502765,-2,2
rnn_diverse_noinfluence,3,/juice6/u/jshe/emergent_partner_grid/dev/eval_out/rnn_diverse_noinfluence_seed3_test.h5,129,test,6,3,5,9,558,2000,test,-0.5612246,2.4302855,-2,2
rnn_diverse_noinfluence,3,/juice6/u/jshe/emergent_partner_grid/dev/eval_out/rnn_diverse_noinfluence_seed3_test.h5,130,test,6,3,5,10,730,2000,train,0.080465294,0.60399616,-2,2
rnn_diverse_noinfluence,3,/juice6/u/jshe/emergent_partner_grid/dev/eval_out/rnn_diverse_noinfluence_seed3_test.h5,131,test,6,3,5,11,631,2000,train,-1.3604634,1.6426476,-2,2
rnn_diverse_noinfluence,3,/juice6/u/jshe/emergent_partner_grid/dev/eval_out/rnn_diverse_noinfluence_seed3_test.h5,132,test,6,3,5,12,638,2000,train,-3.548206,3.7465415,-2,2
rnn_diverse_noinfluence,3,/juice6/u/jshe/emergent_partner_grid/dev/eval_out/rnn_diverse_noinfluence_seed3_test.h5,133,test,6,3,5,13,570,2000,train,-3.68022,1.2141477,-2,2
rnn_diverse_noinfluence,3,/juice6/u/jshe/emergent_partner_grid/dev/eval_out/rnn_diverse_noinfluence_seed3_test.h5,134,test,6,3,5,14,651,2000,test,-0.38032627,-1.2500783,-2,2
rnn_diverse_noinfluence,3,/juice6/u/jshe/emergent_partner_grid/dev/eval_out/rnn_diverse_noinfluence_seed3_test.h5,135,test,6,3,5,15,598,2000,test,-3.6959646,3.5744433,-2,2
rnn_diverse_noinfluence,3,/juice6/u/jshe/emergent_partner_grid/dev/eval_out/rnn_diverse_noinfluence_seed3_test.h5,136,test,6,3,5,16,597,2000,train,-1.2856848,2.3937948,-2,2
rnn_diverse_noinfluence,3,/juice6/u/jshe/emergent_partner_grid/dev/eval_out/rnn_diverse_noinfluence_seed3_test.h5,137,test,6,3,5,17,567,2000,train,-2.792877,2.7783105,-2,2
rnn_diverse_noinfluence,3,/juice6/u/jshe/emergent_partner_grid/dev/eval_out/rnn_diverse_noinfluence_seed3_test.h5,138,test,6,3,5,18,583,2000,train,-0.6436117,4.787651,-2,2
rnn_diverse_noinfluence,3,/juice6/u/jshe/emergent_partner_grid/dev/eval_out/rnn_diverse_noinfluence_seed3_test.h5,139,test,6,3,5,19,663,2000,train,0.74144584,3.9266486,-2,2
rnn_diverse_noinfluence,3,/juice6/u/jshe/emergent_partner_grid/dev/eval_out/rnn_diverse_noinfluence_seed3_test.h5,140,test,7,3,6,0,621,2000,train,-0.81555843,2.0819414,-3,3
rnn_diverse_noinfluence,3,/juice6/u/jshe/emergent_partner_grid/dev/eval_out/rnn_diverse_noinfluence_seed3_test.h5,141,test,7,3,6,1,783,2000,test,0.09646987,1.2007185,-3,3
rnn_diverse_noinfluence,3,/juice6/u/jshe/emergent_partner_grid/dev/eval_out/rnn_diverse_noinfluence_seed3_test.h5,142,test,7,3,6,2,673,2000,train,-1.9886278,1.0852544,-3,3
rnn_diverse_noinfluence,3,/juice6/u/jshe/emergent_partner_grid/dev/eval_out/rnn_diverse_noinfluence_seed3_test.h5,143,test,7,3,6,3,748,2000,train,0.7235894,-0.109978415,-3,3
rnn_diverse_noinfluence,3,/juice6/u/jshe/emergent_partner_grid/dev/eval_out/rnn_diverse_noinfluence_seed3_test.h5,144,test,7,3,6,4,662,2000,train,-1.2661859,0.48231694,-3,3
rnn_diverse_noinfluence,3,/juice6/u/jshe/emergent_partner_grid/dev/eval_out/rnn_diverse_noinfluence_seed3_test.h5,145,test,7,3,6,5,614,2000,train,-2.4106853,1.0601057,-3,3
rnn_diverse_noinfluence,3,/juice6/u/jshe/emergent_partner_grid/dev/eval_out/rnn_diverse_noinfluence_seed3_test.h5,146,test,7,3,6,6,655,2000,train,0.034131225,2.2795177,-3,3
rnn_diverse_noinfluence,3,/juice6/u/jshe/emergent_partner_grid/dev/eval_out/rnn_diverse_noinfluence_seed3_test.h5,147,test,7,3,6,7,642,2000,train,-0.52611506,5.175278,-3,3
rnn_diverse_noinfluence,3,/juice6/u/jshe/emergent_partner_grid/dev/eval_out/rnn_diverse_noinfluence_seed3_test.h5,148,test,7,3,6,8,603,2000,train,1.182015,0.89438075,-3,3
rnn_diverse_noinfluence,3,/juice6/u/jshe/emergent_partner_grid/dev/eval_out/rnn_diverse_noinfluence_seed3_test.h5,149,test,7,3,6,9,665,2000,test,1.4466609,3.7556093,-3,3
rnn_diverse_noinfluence,3,/juice6/u/jshe/emergent_partner_grid/dev/eval_out/rnn_diverse_noinfluence_seed3_test.h5,150,test,7,3,6,10,651,2000,train,-2.3701677,0.89019895,-3,3
rnn_diverse_noinfluence,3,/juice6/u/jshe/emergent_partner_grid/dev/eval_out/rnn_diverse_noinfluence_seed3_test.h5,151,test,7,3,6,11,706,2000,train,2.0483403,1.122886,-3,3
rnn_diverse_noinfluence,3,/juice6/u/jshe/emergent_partner_grid/dev/eval_out/rnn_diverse_noinfluence_seed3_test.h5,152,test,7,3,6,12,714,2000,train,0.4942939,-1.3110735,-3,3
rnn_diverse_noinfluence,3,/juice6/u/jshe/emergent_partner_grid/dev/eval_out/rnn_diverse_noinfluence_seed3_test.h5,153,test,7,3,6,13,722,2000,train,1.7415115,0.029012147,-3,3
rnn_diverse_noinfluence,3,/juice6/u/jshe/emergent_partner_grid/dev/eval_out/rnn_diverse_noinfluence_seed3_test.h5,154,test,7,3,6,14,844,2000,test,-3.639816,3.1821074,-3,3
rnn_diverse_noinfluence,3,/juice6/u/jshe/emergent_partner_grid/dev/eval_out/rnn_diverse_noinfluence_seed3_test.h5,155,test,7,3,6,15,661,2000,test,0.6630092,0.118388124,-3,3
rnn_diverse_noinfluence,3,/juice6/u/jshe/emergent_partner_grid/dev/eval_out/rnn_diverse_noinfluence_seed3_test.h5,156,test,7,3,6,16,660,2000,train,-1.261595,0.8291491,-3,3
rnn_diverse_noinfluence,3,/juice6/u/jshe/emergent_partner_grid/dev/eval_out/rnn_diverse_noinfluence_seed3_test.h5,157,test,7,3,6,17,721,2000,train,-3.5102882,1.2763844,-3,3
rnn_diverse_noinfluence,3,/juice6/u/jshe/emergent_partner_grid/dev/eval_out/rnn_diverse_noinfluence_seed3_test.h5,158,test,7,3,6,18,717,2000,train,-3.619017,2.3146856,-3,3
rnn_diverse_noinfluence,3,/juice6/u/jshe/emergent_partner_grid/dev/eval_out/rnn_diverse_noinfluence_seed3_test.h5,159,test,7,3,6,19,596,2000,train,-2.1018732,3.6894653,-3,3
rnn_diverse_noinfluence,3,/juice6/u/jshe/emergent_partner_grid/dev/eval_out/rnn_diverse_noinfluence_seed3_train.h5,180,train,9,3,7,0,620,2000,train,-0.21977445,0.42866823,-4,4
rnn_diverse_noinfluence,3,/juice6/u/jshe/emergent_partner_grid/dev/eval_out/rnn_diverse_noinfluence_seed3_train.h5,181,train,9,3,7,1,667,2000,test,-1.6684669,0.80721855,-4,4
rnn_diverse_noinfluence,3,/juice6/u/jshe/emergent_partner_grid/dev/eval_out/rnn_diverse_noinfluence_seed3_train.h5,182,train,9,3,7,2,821,2000,train,0.26899034,2.249461,-4,4
rnn_diverse_noinfluence,3,/juice6/u/jshe/emergent_partner_grid/dev/eval_out/rnn_diverse_noinfluence_seed3_train.h5,183,train,9,3,7,3,643,2000,train,-0.6238176,0.06462756,-4,4
rnn_diverse_noinfluence,3,/juice6/u/jshe/emergent_partner_grid/dev/eval_out/rnn_diverse_noinfluence_seed3_train.h5,184,train,9,3,7,4,683,2000,train,-3.2931516,1.438318,-4,4
rnn_diverse_noinfluence,3,/juice6/u/jshe/emergent_partner_grid/dev/eval_out/rnn_diverse_noinfluence_seed3_train.h5,185,train,9,3,7,5,730,2000,train,-2.8978565,-1.1654522,-4,4
rnn_diverse_noinfluence,3,/juice6/u/jshe/emergent_partner_grid/dev/eval_out/rnn_diverse_noinfluence_seed3_train.h5,186,train,9,3,7,6,707,2000,train,-0.79148984,3.8032737,-4,4
rnn_diverse_noinfluence,3,/juice6/u/jshe/emergent_partner_grid/dev/eval_out/rnn_diverse_noinfluence_seed3_train.h5,187,train,9,3,7,7,721,2000,train,1.2822251,1.5127827,-4,4
rnn_diverse_noinfluence,3,/juice6/u/jshe/emergent_partner_grid/dev/eval_out/rnn_diverse_noinfluence_seed3_train.h5,188,train,9,3,7,8,697,2000,train,-0.060759675,-0.58496344,-4,4
rnn_diverse_noinfluence,3,/juice6/u/jshe/emergent_partner_grid/dev/eval_out/rnn_diverse_noinfluence_seed3_train.h5,189,train,9,3,7,9,758,2000,test,-0.60719424,4.3813806,-4,4
rnn_diverse_noinfluence,3,/juice6/u/jshe/emergent_partner_grid/dev/eval_out/rnn_diverse_noinfluence_seed3_train.h5,190,train,9,3,7,10,805,2000,train,-4.402952,0.9564152,-4,4
rnn_diverse_noinfluence,3,/juice6/u/jshe/emergent_partner_grid/dev/eval_out/rnn_diverse_noinfluence_seed3_train.h5,191,train,9,3,7,11,816,2000,train,-4.6412015,3.2025998,-4,4
rnn_diverse_noinfluence,3,/juice6/u/jshe/emergent_partner_grid/dev/eval_out/rnn_diverse_noinfluence_seed3_train.h5,192,train,9,3,7,12,719,2000,train,-4.546531,1.7103909,-4,4
rnn_diverse_noinfluence,3,/juice6/u/jshe/emergent_partner_grid/dev/eval_out/rnn_diverse_noinfluence_seed3_train.h5,193,train,9,3,7,13,727,2000,train,-4.148742,1.6605475,-4,4
rnn_diverse_noinfluence,3,/juice6/u/jshe/emergent_partner_grid/dev/eval_out/rnn_diverse_noinfluence_seed3_train.h5,194,train,9,3,7,14,783,2000,test,-1.910726,-0.48718682,-4,4
rnn_diverse_noinfluence,3,/juice6/u/jshe/emergent_partner_grid/dev/eval_out/rnn_diverse_noinfluence_seed3_train.h5,195,train,9,3,7,15,740,2000,test,-0.7804521,-0.09012952,-4,4
rnn_diverse_noinfluence,3,/juice6/u/jshe/emergent_partner_grid/dev/eval_out/rnn_diverse_noinfluence_seed3_train.h5,196,train,9,3,7,16,649,2000,train,-2.4185631,-0.3182152,-4,4
rnn_diverse_noinfluence,3,/juice6/u/jshe/emergent_partner_grid/dev/eval_out/rnn_diverse_noinfluence_seed3_train.h5,197,train,9,3,7,17,702,2000,train,-4.901888,3.8047423,-4,4
rnn_diverse_noinfluence,3,/juice6/u/jshe/emergent_partner_grid/dev/eval_out/rnn_diverse_noinfluence_seed3_train.h5,198,train,9,3,7,18,701,2000,train,-1.8057247,3.701806,-4,4
rnn_diverse_noinfluence,3,/juice6/u/jshe/emergent_partner_grid/dev/eval_out/rnn_diverse_noinfluence_seed3_train.h5,199,train,9,3,7,19,755,2000,train,-2.0632138,0.3592564,-4,4
rnn_diverse_noinfluence,3,/juice6/u/jshe/emergent_partner_grid/dev/eval_out/rnn_diverse_noinfluence_seed3_train.h5,200,train,10,3,8,0,737,2000,train,-0.79697603,-0.25896555,-5,5
rnn_diverse_noinfluence,3,/juice6/u/jshe/emergent_partner_grid/dev/eval_out/rnn_diverse_noinfluence_seed3_train.h5,201,train,10,3,8,1,817,2000,test,-2.2278106,-1.6387776,-5,5
rnn_diverse_noinfluence,3,/juice6/u/jshe/emergent_partner_grid/dev/eval_out/rnn_diverse_noinfluence_seed3_train.h5,202,train,10,3,8,2,723,2000,train,-2.9153485,1.6014314,-5,5
rnn_diverse_noinfluence,3,/juice6/u/jshe/emergent_partner_grid/dev/eval_out/rnn_diverse_noinfluence_seed3_train.h5,203,train,10,3,8,3,758,2000,train,-3.3562863,0.21586467,-5,5
rnn_diverse_noinfluence,3,/juice6/u/jshe/emergent_partner_grid/dev/eval_out/rnn_diverse_noinfluence_seed3_train.h5,204,train,10,3,8,4,725,2000,train,-3.249449,-1.3143933,-5,5
rnn_diverse_noinfluence,3,/juice6/u/jshe/emergent_partner_grid/dev/eval_out/rnn_diverse_noinfluence_seed3_train.h5,205,train,10,3,8,5,779,2000,train,-4.0352364,-0.34627378,-5,5
rnn_diverse_noinfluence,3,/juice6/u/jshe/emergent_partner_grid/dev/eval_out/rnn_diverse_noinfluence_seed3_train.h5,206,train,10,3,8,6,756,2000,train,-1.6795224,-0.48852637,-5,5
rnn_diverse_noinfluence,3,/juice6/u/jshe/emergent_partner_grid/dev/eval_out/rnn_diverse_noinfluence_seed3_train.h5,207,train,10,3,8,7,819,2000,train,-1.4275508,-0.8475268,-5,5
rnn_diverse_noinfluence,3,/juice6/u/jshe/emergent_partner_grid/dev/eval_out/rnn_diverse_noinfluence_seed3_train.h5,208,train,10,3,8,8,792,2000,train,-3.0548313,4.1855774,-5,5
rnn_diverse_noinfluence,3,/juice6/u/jshe/emergent_partner_grid/dev/eval_out/rnn_diverse_noinfluence_seed3_train.h5,209,train,10,3,8,9,828,2000,test,-0.75065285,-1.8619186,-5,5
rnn_diverse_noinfluence,3,/juice6/u/jshe/emergent_partner_grid/dev/eval_out/rnn_diverse_noinfluence_seed3_train.h5,210,train,10,3,8,10,729,2000,train,-4.17115,-0.44620034,-5,5
rnn_diverse_noinfluence,3,/juice6/u/jshe/emergent_partner_grid/dev/eval_out/rnn_diverse_noinfluence_seed3_train.h5,211,train,10,3,8,11,827,2000,train,-1.476637,-0.24137048,-5,5
rnn_diverse_noinfluence,3,/juice6/u/jshe/emergent_partner_grid/dev/eval_out/rnn_diverse_noinfluence_seed3_train.h5,212,train,10,3,8,12,777,2000,train,-4.68134,-0.093961634,-5,5
rnn_diverse_noinfluence,3,/juice6/u/jshe/emergent_partner_grid/dev/eval_out/rnn_diverse_noinfluence_seed3_train.h5,213,train,10,3,8,13,851,2000,train,-0.98660254,-0.9291493,-5,5
rnn_diverse_noinfluence,3,/juice6/u/jshe/emergent_partner_grid/dev/eval_out/rnn_diverse_noinfluence_seed3_train.h5,214,train,10,3,8,14,690,2000,test,-0.9327044,2.4064357,-5,5
rnn_diverse_noinfluence,3,/juice6/u/jshe/emergent_partner_grid/dev/eval_out/rnn_diverse_noinfluence_seed3_train.h5,215,train,10,3,8,15,706,2000,test,-0.74104005,-0.8389736,-5,5
rnn_diverse_noinfluence,3,/juice6/u/jshe/emergent_partner_grid/dev/eval_out/rnn_diverse_noinfluence_seed3_train.h5,216,train,10,3,8,16,822,2000,train,0.98935986,0.5415657,-5,5
rnn_diverse_noinfluence,3,/juice6/u/jshe/emergent_partner_grid/dev/eval_out/rnn_diverse_noinfluence_seed3_train.h5,217,train,10,3,8,17,720,2000,train,-0.7803481,2.6380055,-5,5
rnn_diverse_noinfluence,3,/juice6/u/jshe/emergent_partner_grid/dev/eval_out/rnn_diverse_noinfluence_seed3_train.h5,218,train,10,3,8,18,656,2000,train,-4.320033,1.6128942,-5,5
rnn_diverse_noinfluence,3,/juice6/u/jshe/emergent_partner_grid/dev/eval_out/rnn_diverse_noinfluence_seed3_train.h5,219,train,10,3,8,19,790,2000,train,-5.1777086,2.0453017,-5,5
rnn_diverse_noinfluence,3,/juice6/u/jshe/emergent_partner_grid/dev/eval_out/rnn_diverse_noinfluence_seed3_train.h5,220,train,11,3,9,0,802,2000,train,-4.162637,0.6342836,-6,6
rnn_diverse_noinfluence,3,/juice6/u/jshe/emergent_partner_grid/dev/eval_out/rnn_diverse_noinfluence_seed3_train.h5,221,train,11,3,9,1,824,2000,test,-4.6199656,0.6129538,-6,6
rnn_diverse_noinfluence,3,/juice6/u/jshe/emergent_partner_grid/dev/eval_out/rnn_diverse_noinfluence_seed3_train.h5,222,train,11,3,9,2,759,2000,train,-0.3149559,1.9841076,-6,6
rnn_diverse_noinfluence,3,/juice6/u/jshe/emergent_partner_grid/dev/eval_out/rnn_diverse_noinfluence_seed3_train.h5,223,train,11,3,9,3,1013,2000,train,-1.968433,-1.3985608,-6,6
rnn_diverse_noinfluence,3,/juice6/u/jshe/emergent_partner_grid/dev/eval_out/rnn_diverse_noinfluence_seed3_train.h5,224,train,11,3,9,4,811,2000,train,-2.9046648,0.5717329,-6,6
rnn_diverse_noinfluence,3,/juice6/u/jshe/emergent_partner_grid/dev/eval_out/rnn_diverse_noinfluence_seed3_train.h5,225,train,11,3,9,5,759,2000,train,-2.9697104,-0.9498432,-6,6
rnn_diverse_noinfluence,3,/juice6/u/jshe/emergent_partner_grid/dev/eval_out/rnn_diverse_noinfluence_seed3_train.h5,226,train,11,3,9,6,846,2000,train,-2.7916715,-1.2853563,-6,6
rnn_diverse_noinfluence,3,/juice6/u/jshe/emergent_partner_grid/dev/eval_out/rnn_diverse_noinfluence_seed3_train.h5,227,train,11,3,9,7,750,2000,train,-5.016878,1.332317,-6,6
rnn_diverse_noinfluence,3,/juice6/u/jshe/emergent_partner_grid/dev/eval_out/rnn_diverse_noinfluence_seed3_train.h5,228,train,11,3,9,8,954,2000,train,-1.9571306,2.6467624,-6,6
rnn_diverse_noinfluence,3,/juice6/u/jshe/emergent_partner_grid/dev/eval_out/rnn_diverse_noinfluence_seed3_train.h5,229,train,11,3,9,9,942,2000,test,0.3937757,4.714408,-6,6
rnn_diverse_noinfluence,3,/juice6/u/jshe/emergent_partner_grid/dev/eval_out/rnn_diverse_noinfluence_seed3_train.h5,230,train,11,3,9,10,961,2000,train,-3.4498827,-1.7626243,-6,6
rnn_diverse_noinfluence,3,/juice6/u/jshe/emergent_partner_grid/dev/eval_out/rnn_diverse_noinfluence_seed3_train.h5,231,train,11,3,9,11,747,2000,train,-1.5011457,0.83863246,-6,6
rnn_diverse_noinfluence,3,/juice6/u/jshe/emergent_partner_grid/dev/eval_out/rnn_diverse_noinfluence_seed3_train.h5,232,train,11,3,9,12,828,2000,train,-5.379212,1.9871019,-6,6
rnn_diverse_noinfluence,3,/juice6/u/jshe/emergent_partner_grid/dev/eval_out/rnn_diverse_noinfluence_seed3_train.h5,233,train,11,3,9,13,746,2000,train,-5.2403216,0.71212137,-6,6
rnn_diverse_noinfluence,3,/juice6/u/jshe/emergent_partner_grid/dev/eval_out/rnn_diverse_noinfluence_seed3_train.h5,234,train,11,3,9,14,858,2000,test,-4.6735563,0.68210214,-6,6
rnn_diverse_noinfluence,3,/juice6/u/jshe/emergent_partner_grid/dev/eval_out/rnn_diverse_noinfluence_seed3_train.h5,235,train,11,3,9,15,740,2000,test,-1.6172959,-1.1668552,-6,6
rnn_diverse_noinfluence,3,/juice6/u/jshe/emergent_partner_grid/dev/eval_out/rnn_diverse_noinfluence_seed3_train.h5,236,train,11,3,9,16,796,2000,train,-0.86292017,2.3839464,-6,6
rnn_diverse_noinfluence,3,/juice6/u/jshe/emergent_partner_grid/dev/eval_out/rnn_diverse_noinfluence_seed3_train.h5,237,train,11,3,9,17,769,2000,train,-2.930599,-1.2796259,-6,6
rnn_diverse_noinfluence,3,/juice6/u/jshe/emergent_partner_grid/dev/eval_out/rnn_diverse_noinfluence_seed3_train.h5,238,train,11,3,9,18,832,2000,train,-5.358267,3.5644226,-6,6
rnn_diverse_noinfluence,3,/juice6/u/jshe/emergent_partner_grid/dev/eval_out/rnn_diverse_noinfluence_seed3_train.h5,239,train,11,3,9,19,1061,2000,train,-0.8612232,3.5602689,-6,6
rnn_diverse_noinfluence,3,/juice6/u/jshe/emergent_partner_grid/dev/eval_out/rnn_diverse_noinfluence_seed3_train.h5,240,train,12,4,1,0,421,2000,train,-0.692056,3.1842237,3,-3
rnn_diverse_noinfluence,3,/juice6/u/jshe/emergent_partner_grid/dev/eval_out/rnn_diverse_noinfluence_seed3_train.h5,241,train,12,4,1,1,439,2000,test,-1.6779325,5.177064,3,-3
rnn_diverse_noinfluence,3,/juice6/u/jshe/emergent_partner_grid/dev/eval_out/rnn_diverse_noinfluence_seed3_train.h5,242,train,12,4,1,2,458,2000,train,-3.1912208,0.9611293,3,-3
rnn_diverse_noinfluence,3,/juice6/u/jshe/emergent_partner_grid/dev/eval_out/rnn_diverse_noinfluence_seed3_train.h5,243,train,12,4,1,3,454,2000,train,1.1321192,1.6542112,3,-3
rnn_diverse_noinfluence,3,/juice6/u/jshe/emergent_partner_grid/dev/eval_out/rnn_diverse_noinfluence_seed3_train.h5,244,train,12,4,1,4,612,2000,train,1.3438959,1.6978425,3,-3
rnn_diverse_noinfluence,3,/juice6/u/jshe/emergent_partner_grid/dev/eval_out/rnn_diverse_noinfluence_seed3_train.h5,245,train,12,4,1,5,473,2000,train,0.047350332,1.548199,3,-3
rnn_diverse_noinfluence,3,/juice6/u/jshe/emergent_partner_grid/dev/eval_out/rnn_diverse_noinfluence_seed3_train.h5,246,train,12,4,1,6,436,2000,train,-1.380704,2.2422738,3,-3
rnn_diverse_noinfluence,3,/juice6/u/jshe/emergent_partner_grid/dev/eval_out/rnn_diverse_noinfluence_seed3_train.h5,247,train,12,4,1,7,496,2000,train,-0.11417744,5.030167,3,-3
rnn_diverse_noinfluence,3,/juice6/u/jshe/emergent_partner_grid/dev/eval_out/rnn_diverse_noinfluence_seed3_train.h5,248,train,12,4,1,8,479,2000,train,-1.4524317,1.391027,3,-3
rnn_diverse_noinfluence,3,/juice6/u/jshe/emergent_partner_grid/dev/eval_out/rnn_diverse_noinfluence_seed3_train.h5,249,train,12,4,1,9,436,2000,test,0.48715508,1.6493356,3,-3
rnn_diverse_noinfluence,3,/juice6/u/jshe/emergent_partner_grid/dev/eval_out/rnn_diverse_noinfluence_seed3_train.h5,250,train,12,4,1,10,417,2000,train,-1.9390401,4.9843163,3,-3
rnn_diverse_noinfluence,3,/juice6/u/jshe/emergent_partner_grid/dev/eval_out/rnn_diverse_noinfluence_seed3_train.h5,251,train,12,4,1,11,517,2000,train,-2.5258389,2.0796716,3,-3
rnn_diverse_noinfluence,3,/juice6/u/jshe/emergent_partner_grid/dev/eval_out/rnn_diverse_noinfluence_seed3_train.h5,252,train,12,4,1,12,454,2000,train,0.47101188,1.8523976,3,-3
rnn_diverse_noinfluence,3,/juice6/u/jshe/emergent_partner_grid/dev/eval_out/rnn_diverse_noinfluence_seed3_train.h5,253,train,12,4,1,13,465,2000,train,-0.46756092,1.6215678,3,-3
rnn_diverse_noinfluence,3,/juice6/u/jshe/emergent_partner_grid/dev/eval_out/rnn_diverse_noinfluence_seed3_train.h5,254,train,12,4,1,14,433,2000,test,-3.1764371,4.3231483,3,-3
rnn_diverse_noinfluence,3,/juice6/u/jshe/emergent_partner_grid/dev/eval_out/rnn_diverse_noinfluence_seed3_train.h5,255,train,12,4,1,15,464,2000,test,-3.7745264,2.0968657,3,-3
rnn_diverse_noinfluence,3,/juice6/u/jshe/emergent_partner_grid/dev/eval_out/rnn_diverse_noinfluence_seed3_train.h5,256,train,12,4,1,16,447,2000,train,-4.007205,1.4622461,3,-3
rnn_diverse_noinfluence,3,/juice6/u/jshe/emergent_partner_grid/dev/eval_out/rnn_diverse_noinfluence_seed3_train.h5,257,train,12,4,1,17,554,2000,train,1.9441152,2.4613795,3,-3
rnn_diverse_noinfluence,3,/juice6/u/jshe/emergent_partner_grid/dev/eval_out/rnn_diverse_noinfluence_seed3_train.h5,258,train,12,4,1,18,437,2000,train,-0.7662051,0.91980547,3,-3
rnn_diverse_noinfluence,3,/juice6/u/jshe/emergent_partner_grid/dev/eval_out/rnn_diverse_noinfluence_seed3_train.h5,259,train,12,4,1,19,464,2000,train,-1.4249314,1.1793482,3,-3
rnn_diverse_noinfluence,3,/juice6/u/jshe/emergent_partner_grid/dev/eval_out/rnn_diverse_noinfluence_seed3_train.h5,260,train,13,4,2,0,514,2000,train,-0.79825383,5.7432747,2,-2
rnn_diverse_noinfluence,3,/juice6/u/jshe/emergent_partner_grid/dev/eval_out/rnn_diverse_noinfluence_seed3_train.h5,261,train,13,4,2,1,461,2000,test,-2.1553822,3.3460767,2,-2
rnn_diverse_noinfluence,3,/juice6/u/jshe/emergent_partner_grid/dev/eval_out/rnn_diverse_noinfluence_seed3_train.h5,262,train,13,4,2,2,568,2000,train,-3.3405309,3.1004367,2,-2
rnn_diverse_noinfluence,3,/juice6/u/jshe/emergent_partner_grid/dev/eval_out/rnn_diverse_noinfluence_seed3_train.h5,263,train,13,4,2,3,556,2000,train,-2.3959653,4.578614,2,-2
rnn_diverse_noinfluence,3,/juice6/u/jshe/emergent_partner_grid/dev/eval_out/rnn_diverse_noinfluence_seed3_train.h5,264,train,13,4,2,4,545,2000,train,-1.8194088,1.3897012,2,-2
rnn_diverse_noinfluence,3,/juice6/u/jshe/emergent_partner_grid/dev/eval_out/rnn_diverse_noinfluence_seed3_train.h5,265,train,13,4,2,5,506,2000,train,-3.7311983,-0.09357144,2,-2
rnn_diverse_noinfluence,3,/juice6/u/jshe/emergent_partner_grid/dev/eval_out/rnn_diverse_noinfluence_seed3_train.h5,266,train,13,4,2,6,563,2000,train,1.8415531,3.5821097,2,-2
rnn_diverse_noinfluence,3,/juice6/u/jshe/emergent_partner_grid/dev/eval_out/rnn_diverse_noinfluence_seed3_train.h5,267,train,13,4,2,7,533,2000,train,-0.35987088,0.09902439,2,-2
rnn_diverse_noinfluence,3,/juice6/u/jshe/emergent_partner_grid/dev/eval_out/rnn_diverse_noinfluence_seed3_train.h5,268,train,13,4,2,8,434,2000,train,-2.9247942,1.7905103,2,-2
rnn_diverse_noinfluence,3,/juice6/u/jshe/emergent_partner_grid/dev/eval_out/rnn_diverse_noinfluence_seed3_train.h5,269,train,13,4,2,9,642,2000,test,0.4132355,1.4456698,2,-2
rnn_diverse_noinfluence,3,/juice6/u/jshe/emergent_partner_grid/dev/eval_out/rnn_diverse_noinfluence_seed3_train.h5,270,train,13,4,2,10,528,2000,train,-3.1858816,2.2901728,2,-2
rnn_diverse_noinfluence,3,/juice6/u/jshe/emergent_partner_grid/dev/eval_out/rnn_diverse_noinfluence_seed3_train.h5,271,train,13,4,2,11,530,2000,train,-0.97237104,3.480898,2,-2
rnn_diverse_noinfluence,3,/juice6/u/jshe/emergent_partner_grid/dev/eval_out/rnn_diverse_noinfluence_seed3_train.h5,272,train,13,4,2,12,494,2000,train,-0.07391167,5.0494475,2,-2
rnn_diverse_noinfluence,3,/juice6/u/jshe/emergent_partner_grid/dev/eval_out/rnn_diverse_noinfluence_seed3_train.h5,273,train,13,4,2,13,517,2000,train,0.059190314,3.1898258,2,-2
rnn_diverse_noinfluence,3,/juice6/u/jshe/emergent_partner_grid/dev/eval_out/rnn_diverse_noinfluence_seed3_train.h5,274,train,13,4,2,14,576,2000,test,0.36987263,0.53265995,2,-2
rnn_diverse_noinfluence,3,/juice6/u/jshe/emergent_partner_grid/dev/eval_out/rnn_diverse_noinfluence_seed3_train.h5,275,train,13,4,2,15,558,2000,test,-1.969292,1.9445584,2,-2
rnn_diverse_noinfluence,3,/juice6/u/jshe/emergent_partner_grid/dev/eval_out/rnn_diverse_noinfluence_seed3_train.h5,276,train,13,4,2,16,523,2000,train,-2.0641024,2.911753,2,-2
rnn_diverse_noinfluence,3,/juice6/u/jshe/emergent_partner_grid/dev/eval_out/rnn_diverse_noinfluence_seed3_train.h5,277,train,13,4,2,17,485,2000,train,-3.9152985,2.4423957,2,-2
rnn_diverse_noinfluence,3,/juice6/u/jshe/emergent_partner_grid/dev/eval_out/rnn_diverse_noinfluence_seed3_train.h5,278,train,13,4,2,18,598,2000,train,1.3475983,4.5868964,2,-2
rnn_diverse_noinfluence,3,/juice6/u/jshe/emergent_partner_grid/dev/eval_out/rnn_diverse_noinfluence_seed3_train.h5,279,train,13,4,2,19,508,2000,train,-1.9243034,5.106036,2,-2
rnn_diverse_noinfluence,3,/juice6/u/jshe/emergent_partner_grid/dev/eval_out/rnn_diverse_noinfluence_seed3_train.h5,280,train,14,4,3,0,544,2000,train,-3.0833435,-0.5080752,1,-1
rnn_diverse_noinfluence,3,/juice6/u/jshe/emergent_partner_grid/dev/eval_out/rnn_diverse_noinfluence_seed3_train.h5,281,train,14,4,3,1,490,2000,test,-0.094039366,4.323772,1,-1
rnn_diverse_noinfluence,3,/juice6/u/jshe/emergent_partner_grid/dev/eval_out/rnn_diverse_noinfluence_seed3_train.h5,282,train,14,4,3,2,488,2000,train,-1.197537,1.3559895,1,-1
rnn_diverse_noinfluence,3,/juice6/u/jshe/emergent_partner_grid/dev/eval_out/rnn_diverse_noinfluence_seed3_train.h5,283,train,14,4,3,3,504,2000,train,-1.0527557,2.0470462,1,-1
rnn_diverse_noinfluence,3,/juice6/u/jshe/emergent_partner_grid/dev/eval_out/rnn_diverse_noinfluence_seed3_train.h5,284,train,14,4,3,4,574,2000,train,-1.5553279,0.74637026,1,-1
rnn_diverse_noinfluence,3,/juice6/u/jshe/emergent_partner_grid/dev/eval_out/rnn_diverse_noinfluence_seed3_train.h5,285,train,14,4,3,5,479,2000,train,-3.8567917,0.79472315,1,-1
rnn_diverse_noinfluence,3,/juice6/u/jshe/emergent_partner_grid/dev/eval_out/rnn_diverse_noinfluence_seed3_train.h5,286,train,14,4,3,6,612,2000,train,-1.5444145,1.3241141,1,-1
rnn_diverse_noinfluence,3,/juice6/u/jshe/emergent_partner_grid/dev/eval_out/rnn_diverse_noinfluence_seed3_train.h5,287,train,14,4,3,7,486,2000,train,0.2909977,3.386403,1,-1
rnn_diverse_noinfluence,3,/juice6/u/jshe/emergent_partner_grid/dev/eval_out/rnn_diverse_noinfluence_seed3_train.h5,288,train,14,4,3,8,738,2000,train,0.56719804,2.229751,1,-1
rnn_diverse_noinfluence,3,/juice6/u/jshe/emergent_partner_grid/dev/eval_out/rnn_diverse_noinfluence_seed3_train.h5,289,train,14,4,3,9,546,2000,test,1.6320819,2.0776465,1,-1
rnn_diverse_noinfluence,3,/juice6/u/jshe/emergent_partner_grid/dev/eval_out/rnn_diverse_noinfluence_seed3_train.h5,290,train,14,4,3,10,504,2000,train,-3.429495,3.7849464,1,-1
rnn_diverse_noinfluence,3,/juice6/u/jshe/emergent_partner_grid/dev/eval_out/rnn_diverse_noinfluence_seed3_train.h5,291,train,14,4,3,11,601,2000,train,-1.6087003,2.201638,1,-1
rnn_diverse_noinfluence,3,/juice6/u/jshe/emergent_partner_grid/dev/eval_out/rnn_diverse_noinfluence_seed3_train.h5,292,train,14,4,3,12,556,2000,train,-2.317066,-0.19010688,1,-1
rnn_diverse_noinfluence,3,/juice6/u/jshe/emergent_partner_grid/dev/eval_out/rnn_diverse_noinfluence_seed3_train.h5,293,train,14,4,3,13,597,2000,train,1.6129445,4.287298,1,-1
rnn_diverse_noinfluence,3,/juice6/u/jshe/emergent_partner_grid/dev/eval_out/rnn_diverse_noinfluence_seed3_train.h5,294,train,14,4,3,14,553,2000,test,2.4617896,1.723242,1,-1
rnn_diverse_noinfluence,3,/juice6/u/jshe/emergent_partner_grid/dev/eval_out/rnn_diverse_noinfluence_seed3_train.h5,295,train,14,4,3,15,498,2000,test,-0.66003126,2.9977272,1,-1
rnn_diverse_noinfluence,3,/juice6/u/jshe/emergent_partner_grid/dev/eval_out/rnn_diverse_noinfluence_seed3_train.h5,296,train,14,4,3,16,532,2000,train,-3.2400599,2.438297,1,-1
rnn_diverse_noinfluence,3,/juice6/u/jshe/emergent_partner_grid/dev/eval_out/rnn_diverse_noinfluence_seed3_train.h5,297,train,14,4,3,17,555,2000,train,-0.8355507,3.555286,1,-1
rnn_diverse_noinfluence,3,/juice6/u/jshe/emergent_partner_grid/dev/eval_out/rnn_diverse_noinfluence_seed3_train.h5,298,train,14,4,3,18,557,2000,train,-2.1943276,1.6817112,1,-1
rnn_diverse_noinfluence,3,/juice6/u/jshe/emergent_partner_grid/dev/eval_out/rnn_diverse_noinfluence_seed3_train.h5,299,train,14,4,3,19,532,2000,train,2.0688558,1.0256832,1,-1
rnn_diverse_noinfluence,3,/juice6/u/jshe/emergent_partner_grid/dev/eval_out/rnn_diverse_noinfluence_seed3_test.h5,220,test,11,5,0,0,446,2000,train,-3.341256,1.6443816,5,-5
rnn_diverse_noinfluence,3,/juice6/u/jshe/emergent_partner_grid/dev/eval_out/rnn_diverse_noinfluence_seed3_test.h5,221,test,11,5,0,1,449,2000,test,1.9539657,0.36205682,5,-5
rnn_diverse_noinfluence,3,/juice6/u/jshe/emergent_partner_grid/dev/eval_out/rnn_diverse_noinfluence_seed3_test.h5,222,test,11,5,0,2,644,2000,train,0.8020319,2.464485,5,-5
rnn_diverse_noinfluence,3,/juice6/u/jshe/emergent_partner_grid/dev/eval_out/rnn_diverse_noinfluence_seed3_test.h5,223,test,11,5,0,3,704,2000,train,0.569829,4.9175134,5,-5
rnn_diverse_noinfluence,3,/juice6/u/jshe/emergent_partner_grid/dev/eval_out/rnn_diverse_noinfluence_seed3_test.h5,224,test,11,5,0,4,623,2000,train,1.068021,1.3918952,5,-5
rnn_diverse_noinfluence,3,/juice6/u/jshe/emergent_partner_grid/dev/eval_out/rnn_diverse_noinfluence_seed3_test.h5,225,test,11,5,0,5,451,2000,train,-3.5093684,1.6265454,5,-5
rnn_diverse_noinfluence,3,/juice6/u/jshe/emergent_partner_grid/dev/eval_out/rnn_diverse_noinfluence_seed3_test.h5,226,test,11,5,0,6,618,2000,train,-3.4538608,1.6373761,5,-5
rnn_diverse_noinfluence,3,/juice6/u/jshe/emergent_partner_grid/dev/eval_out/rnn_diverse_noinfluence_seed3_test.h5,227,test,11,5,0,7,578,2000,train,-4.1979384,3.9967167,5,-5
rnn_diverse_noinfluence,3,/juice6/u/jshe/emergent_partner_grid/dev/eval_out/rnn_diverse_noinfluence_seed3_test.h5,228,test,11,5,0,8,471,2000,train,-2.4308286,0.3466315,5,-5
rnn_diverse_noinfluence,3,/juice6/u/jshe/emergent_partner_grid/dev/eval_out/rnn_diverse_noinfluence_seed3_test.h5,229,test,11,5,0,9,484,2000,test,-1.4529493,0.30914497,5,-5
rnn_diverse_noinfluence,3,/juice6/u/jshe/emergent_partner_grid/dev/eval_out/rnn_diverse_noinfluence_seed3_test.h5,230,test,11,5,0,10,592,2000,train,-3.7627864,2.973034,5,-5
rnn_diverse_noinfluence,3,/juice6/u/jshe/emergent_partner_grid/dev/eval_out/rnn_diverse_noinfluence_seed3_test.h5,231,test,11,5,0,11,531,2000,train,-2.5403569,1.595586,5,-5
rnn_diverse_noinfluence,3,/juice6/u/jshe/emergent_partner_grid/dev/eval_out/rnn_diverse_noinfluence_seed3_test.h5,232,test,11,5,0,12,414,2000,train,-0.9727795,5.7901587,5,-5
rnn_diverse_noinfluence,3,/juice6/u/jshe/emergent_partner_grid/dev/eval_out/rnn_diverse_noinfluence_seed3_test.h5,233,test,11,5,0,13,502,2000,train,1.2380668,-0.2770959,5,-5
rnn_diverse_noinfluence,3,/juice6/u/jshe/emergent_partner_grid/dev/eval_out/rnn_diverse_noinfluence_seed3_test.h5,234,test,11,5,0,14,445,2000,test,-4.655868,4.7147603,5,-5
rnn_diverse_noinfluence,3,/juice6/u/jshe/emergent_partner_grid/dev/eval_out/rnn_diverse_noinfluence_seed3_test.h5,235,test,11,5,0,15,474,2000,test,-1.3626645,3.0486722,5,-5
rnn_diverse_noinfluence,3,/juice6/u/jshe/emergent_partner_grid/dev/eval_out/rnn_diverse_noinfluence_seed3_test.h5,236,test,11,5,0,16,541,2000,train,-2.8777535,3.3989246,5,-5
rnn_diverse_noinfluence,3,/juice6/u/jshe/emergent_partner_grid/dev/eval_out/rnn_diverse_noinfluence_seed3_test.h5,237,test,11,5,0,17,481,2000,train,-3.505912,5.291101,5,-5
rnn_diverse_noinfluence,3,/juice6/u/jshe/emergent_partner_grid/dev/eval_out/rnn_diverse_noinfluence_seed3_test.h5,238,test,11,5,0,18,443,2000,train,-1.7310665,2.5032153,5,-5
rnn_diverse_noinfluence,3,/juice6/u/jshe/emergent_partner_grid/dev/eval_out/rnn_diverse_noinfluence_seed3_test.h5,239,test,11,5,0,19,499,2000,train,-0.28046104,1.9170734,5,-5
rnn_diverse_noinfluence,3,/juice6/u/jshe/emergent_partner_grid/dev/eval_out/rnn_diverse_noinfluence_seed3_test.h5,240,test,12,5,1,0,512,2000,train,-0.53815335,2.1218824,4,-4
rnn_diverse_noinfluence,3,/juice6/u/jshe/emergent_partner_grid/dev/eval_out/rnn_diverse_noinfluence_seed3_test.h5,241,test,12,5,1,1,659,2000,test,1.2995107,0.19753908,4,-4
rnn_diverse_noinfluence,3,/juice6/u/jshe/emergent_partner_grid/dev/eval_out/rnn_diverse_noinfluence_seed3_test.h5,242,test,12,5,1,2,505,2000,train,1.3994908,1.7245015,4,-4
rnn_diverse_noinfluence,3,/juice6/u/jshe/emergent_partner_grid/dev/eval_out/rnn_diverse_noinfluence_seed3_test.h5,243,test,12,5,1,3,568,2000,train,0.24345607,1.1364554,4,-4
rnn_diverse_noinfluence,3,/juice6/u/jshe/emergent_partner_grid/dev/eval_out/rnn_diverse_noinfluence_seed3_test.h5,244,test,12,5,1,4,489,2000,train,-2.898549,4.6969857,4,-4
rnn_diverse_noinfluence,3,/juice6/u/jshe/emergent_partner_grid/dev/eval_out/rnn_diverse_noinfluence_seed3_test.h5,245,test,12,5,1,5,468,2000,train,-0.6857506,3.687592,4,-4
rnn_diverse_noinfluence,3,/juice6/u/jshe/emergent_partner_grid/dev/eval_out/rnn_diverse_noinfluence_seed3_test.h5,246,test,12,5,1,6,596,2000,train,-0.9247988,2.7335978,4,-4
rnn_diverse_noinfluence,3,/juice6/u/jshe/emergent_partner_grid/dev/eval_out/rnn_diverse_noinfluence_seed3_test.h5,247,test,12,5,1,7,527,2000,train,1.2633992,2.426071,4,-4
rnn_diverse_noinfluence,3,/juice6/u/jshe/emergent_partner_grid/dev/eval_out/rnn_diverse_noinfluence_seed3_test.h5,248,test,12,5,1,8,545,2000,train,-1.9734613,3.905883,4,-4
rnn_diverse_noinfluence,3,/juice6/u/jshe/emergent_partner_grid/dev/eval_out/rnn_diverse_noinfluence_seed3_test.h5,249,test,12,5,1,9,595,2000,test,1.625279,4.0561237,4,-4
rnn_diverse_noinfluence,3,/juice6/u/jshe/emergent_partner_grid/dev/eval_out/rnn_diverse_noinfluence_seed3_test.h5,250,test,12,5,1,10,604,2000,train,-2.7589114,0.44557822,4,-4
rnn_diverse_noinfluence,3,/juice6/u/jshe/emergent_partner_grid/dev/eval_out/rnn_diverse_noinfluence_seed3_test.h5,251,test,12,5,1,11,506,2000,train,-3.1908102,1.7333095,4,-4
rnn_diverse_noinfluence,3,/juice6/u/jshe/emergent_partner_grid/dev/eval_out/rnn_diverse_noinfluence_seed3_test.h5,252,test,12,5,1,12,552,2000,train,1.9773448,3.1336677,4,-4
rnn_diverse_noinfluence,3,/juice6/u/jshe/emergent_partner_grid/dev/eval_out/rnn_diverse_noinfluence_seed3_test.h5,253,test,12,5,1,13,540,2000,train,-2.6804059,1.309363,4,-4
rnn_diverse_noinfluence,3,/juice6/u/jshe/emergent_partner_grid/dev/eval_out/rnn_diverse_noinfluence_seed3_test.h5,254,test,12,5,1,14,594,2000,test,1.4922473,-0.9511977,4,-4
rnn_diverse_noinfluence,3,/juice6/u/jshe/emergent_partner_grid/dev/eval_out/rnn_diverse_noinfluence_seed3_test.h5,255,test,12,5,1,15,520,2000,test,-2.2163324,3.8411648,4,-4
rnn_diverse_noinfluence,3,/juice6/u/jshe/emergent_partner_grid/dev/eval_out/rnn_diverse_noinfluence_seed3_test.h5,256,test,12,5,1,16,459,2000,train,-2.6416383,0.28057542,4,-4
rnn_diverse_noinfluence,3,/juice6/u/jshe/emergent_partner_grid/dev/eval_out/rnn_diverse_noinfluence_seed3_test.h5,257,test,12,5,1,17,578,2000,train,1.3971605,0.7267463,4,-4
rnn_diverse_noinfluence,3,/juice6/u/jshe/emergent_partner_grid/dev/eval_out/rnn_diverse_noinfluence_seed3_test.h5,258,test,12,5,1,18,502,2000,train,2.316747,1.9204737,4,-4
rnn_diverse_noinfluence,3,/juice6/u/jshe/emergent_partner_grid/dev/eval_out/rnn_diverse_noinfluence_seed3_test.h5,259,test,12,5,1,19,666,2000,train,1.0403304,4.8008685,4,-4
rnn_diverse_noinfluence,3,/juice6/u/jshe/emergent_partner_grid/dev/eval_out/rnn_diverse_noinfluence_seed3_test.h5,260,test,13,5,2,0,536,2000,train,-5.0055113,0.8824886,3,-3
rnn_diverse_noinfluence,3,/juice6/u/jshe/emergent_partner_grid/dev/eval_out/rnn_diverse_noinfluence_seed3_test.h5,261,test,13,5,2,1,593,2000,test,0.8442337,-1.1864065,3,-3
rnn_diverse_noinfluence,3,/juice6/u/jshe/emergent_partner_grid/dev/eval_out/rnn_diverse_noinfluence_seed3_test.h5,262,test,13,5,2,2,638,2000,train,-3.7364035,3.330156,3,-3
rnn_diverse_noinfluence,3,/juice6/u/jshe/emergent_partner_grid/dev/eval_out/rnn_diverse_noinfluence_seed3_test.h5,263,test,13,5,2,3,548,2000,train,-4.747993,2.9143157,3,-3
rnn_diverse_noinfluence,3,/juice6/u/jshe/emergent_partner_grid/dev/eval_out/rnn_diverse_noinfluence_seed3_test.h5,264,test,13,5,2,4,570,2000,train,-1.2706814,4.9279346,3,-3
rnn_diverse_noinfluence,3,/juice6/u/jshe/emergent_partner_grid/dev/eval_out/rnn_diverse_noinfluence_seed3_test.h5,265,test,13,5,2,5,599,2000,train,-2.1389706,2.0663664,3,-3
rnn_diverse_noinfluence,3,/juice6/u/jshe/emergent_partner_grid/dev/eval_out/rnn_diverse_noinfluence_seed3_test.h5,266,test,13,5,2,6,551,2000,train,-3.5573819,4.3040237,3,-3
rnn_diverse_noinfluence,3,/juice6/u/jshe/emergent_partner_grid/dev/eval_out/rnn_diverse_noinfluence_seed3_test.h5,267,test,13,5,2,7,757,2000,train,0.441183,1.9131327,3,-3
rnn_diverse_noinfluence,3,/juice6/u/jshe/emergent_partner_grid/dev/eval_out/rnn_diverse_noinfluence_seed3_test.h5,268,test,13,5,2,8,551,2000,train,0.48432308,2.329253,3,-3
rnn_diverse_noinfluence,3,/juice6/u/jshe/emergent_partner_grid/dev/eval_out/rnn_diverse_noinfluence_seed3_test.h5,269,test,13,5,2,9,573,2000,test,-1.3490145,4.924139,3,-3
rnn_diverse_noinfluence,3,/juice6/u/jshe/emergent_partner_grid/dev/eval_out/rnn_diverse_noinfluence_seed3_test.h5,270,test,13,5,2,10,570,2000,train,-0.3936165,1.1888574,3,-3
rnn_diverse_noinfluence,3,/juice6/u/jshe/emergent_partner_grid/dev/eval_out/rnn_diverse_noinfluence_seed3_test.h5,271,test,13,5,2,11,609,2000,train,-0.78458893,0.2508094,3,-3
rnn_diverse_noinfluence,3,/juice6/u/jshe/emergent_partner_grid/dev/eval_out/rnn_diverse_noinfluence_seed3_test.h5,272,test,13,5,2,12,516,2000,train,0.031908106,3.067136,3,-3
rnn_diverse_noinfluence,3,/juice6/u/jshe/emergent_partner_grid/dev/eval_out/rnn_diverse_noinfluence_seed3_test.h5,273,test,13,5,2,13,688,2000,train,-1.904331,1.9636942,3,-3
rnn_diverse_noinfluence,3,/juice6/u/jshe/emergent_partner_grid/dev/eval_out/rnn_diverse_noinfluence_seed3_test.h5,274,test,13,5,2,14,529,2000,test,-0.9070057,4.4038734,3,-3
rnn_diverse_noinfluence,3,/juice6/u/jshe/emergent_partner_grid/dev/eval_out/rnn_diverse_noinfluence_seed3_test.h5,275,test,13,5,2,15,522,2000,test,-4.216662,1.3889776,3,-3
rnn_diverse_noinfluence,3,/juice6/u/jshe/emergent_partner_grid/dev/eval_out/rnn_diverse_noinfluence_seed3_test.h5,276,test,13,5,2,16,528,2000,train,-2.6061363,0.3258652,3,-3
rnn_diverse_noinfluence,3,/juice6/u/jshe/emergent_partner_grid/dev/eval_out/rnn_diverse_noinfluence_seed3_test.h5,277,test,13,5,2,17,615,2000,train,-0.61449814,5.641478,3,-3
rnn_diverse_noinfluence,3,/juice6/u/jshe/emergent_partner_grid/dev/eval_out/rnn_diverse_noinfluence_seed3_test.h5,278,test,13,5,2,18,640,2000,train,-3.4098165,3.5769238,3,-3
rnn_diverse_noinfluence,3,/juice6/u/jshe/emergent_partner_grid/dev/eval_out/rnn_diverse_noinfluence_seed3_test.h5,279,test,13,5,2,19,662,2000,train,-2.8794942,4.3991075,3,-3
rnn_diverse_noinfluence,3,/juice6/u/jshe/emergent_partner_grid/dev/eval_out/rnn_diverse_noinfluence_seed3_test.h5,280,test,14,5,3,0,670,2000,train,-2.8965828,2.193275,2,-2
rnn_diverse_noinfluence,3,/juice6/u/jshe/emergent_partner_grid/dev/eval_out/rnn_diverse_noinfluence_seed3_test.h5,281,test,14,5,3,1,580,2000,test,-3.0385582,1.0541428,2,-2
rnn_diverse_noinfluence,3,/juice6/u/jshe/emergent_partner_grid/dev/eval_out/rnn_diverse_noinfluence_seed3_test.h5,282,test,14,5,3,2,680,2000,train,-2.760775,3.2844474,2,-2
rnn_diverse_noinfluence,3,/juice6/u/jshe/emergent_partner_grid/dev/eval_out/rnn_diverse_noinfluence_seed3_test.h5,283,test,14,5,3,3,619,2000,train,1.3941352,3.3963442,2,-2
rnn_diverse_noinfluence,3,/juice6/u/jshe/emergent_partner_grid/dev/eval_out/rnn_diverse_noinfluence_seed3_test.h5,284,test,14,5,3,4,573,2000,train,-2.3243546,3.562436,2,-2
rnn_diverse_noinfluence,3,/juice6/u/jshe/emergent_partner_grid/dev/eval_out/rnn_diverse_noinfluence_seed3_test.h5,285,test,14,5,3,5,646,2000,train,-1.0575731,3.380693,2,-2
rnn_diverse_noinfluence,3,/juice6/u/jshe/emergent_partner_grid/dev/eval_out/rnn_diverse_noinfluence_seed3_test.h5,286,test,14,5,3,6,566,2000,train,-2.9816036,1.8476589,2,-2
rnn_diverse_noinfluence,3,/juice6/u/jshe/emergent_partner_grid/dev/eval_out/rnn_diverse_noinfluence_seed3_test.h5,287,test,14,5,3,7,632,2000,train,-4.902759,3.0426252,2,-2
rnn_diverse_noinfluence,3,/juice6/u/jshe/emergent_partner_grid/dev/eval_out/rnn_diverse_noinfluence_seed3_test.h5,288,test,14,5,3,8,584,2000,train,0.2598469,2.7940469,2,-2
rnn_diverse_noinfluence,3,/juice6/u/jshe/emergent_partner_grid/dev/eval_out/rnn_diverse_noinfluence_seed3_test.h5,289,test,14,5,3,9,624,2000,test,-1.1464813,1.2009692,2,-2
rnn_diverse_noinfluence,3,/juice6/u/jshe/emergent_partner_grid/dev/eval_out/rnn_diverse_noinfluence_seed3_test.h5,290,test,14,5,3,10,687,2000,train,-4.5687966,3.0415766,2,-2
rnn_diverse_noinfluence,3,/juice6/u/jshe/emergent_partner_grid/dev/eval_out/rnn_diverse_noinfluence_seed3_test.h5,291,test,14,5,3,11,532,2000,train,-2.8432074,3.163919,2,-2
rnn_diverse_noinfluence,3,/juice6/u/jshe/emergent_partner_grid/dev/eval_out/rnn_diverse_noinfluence_seed3_test.h5,292,test,14,5,3,12,563,2000,train,-1.9799558,1.0825139,2,-2
rnn_diverse_noinfluence,3,/juice6/u/jshe/emergent_partner_grid/dev/eval_out/rnn_diverse_noinfluence_seed3_test.h5,293,test,14,5,3,13,638,2000,train,-2.6044142,0.48654172,2,-2
rnn_diverse_noinfluence,3,/juice6/u/jshe/emergent_partner_grid/dev/eval_out/rnn_diverse_noinfluence_seed3_test.h5,294,test,14,5,3,14,756,2000,test,-1.2867082,2.8998616,2,-2
rnn_diverse_noinfluence,3,/juice6/u/jshe/emergent_partner_grid/dev/eval_out/rnn_diverse_noinfluence_seed3_test.h5,295,test,14,5,3,15,600,2000,test,-0.942781,1.1543634,2,-2
rnn_diverse_noinfluence,3,/juice6/u/jshe/emergent_partner_grid/dev/eval_out/rnn_diverse_noinfluence_seed3_test.h5,296,test,14,5,3,16,759,2000,train,0.044747308,5.077613,2,-2
rnn_diverse_noinfluence,3,/juice6/u/jshe/emergent_partner_grid/dev/eval_out/rnn_diverse_noinfluence_seed3_test.h5,297,test,14,5,3,17,602,2000,train,-2.8810232,-0.119879685,2,-2
rnn_diverse_noinfluence,3,/juice6/u/jshe/emergent_partner_grid/dev/eval_out/rnn_diverse_noinfluence_seed3_test.h5,298,test,14,5,3,18,579,2000,train,-1.1437682,1.7913411,2,-2
rnn_diverse_noinfluence,3,/juice6/u/jshe/emergent_partner_grid/dev/eval_out/rnn_diverse_noinfluence_seed3_test.h5,299,test,14,5,3,19,635,2000,train,-2.623159,2.731632,2,-2
rnn_diverse_noinfluence,3,/juice6/u/jshe/emergent_partner_grid/dev/eval_out/rnn_diverse_noinfluence_seed3_test.h5,300,test,15,6,0,0,517,2000,train,-2.9203637,2.7288275,6,-6
rnn_diverse_noinfluence,3,/juice6/u/jshe/emergent_partner_grid/dev/eval_out/rnn_diverse_noinfluence_seed3_test.h5,301,test,15,6,0,1,654,2000,test,-2.6679053,2.1285462,6,-6
rnn_diverse_noinfluence,3,/juice6/u/jshe/emergent_partner_grid/dev/eval_out/rnn_diverse_noinfluence_seed3_test.h5,302,test,15,6,0,2,693,2000,train,-3.4582703,1.4031538,6,-6
rnn_diverse_noinfluence,3,/juice6/u/jshe/emergent_partner_grid/dev/eval_out/rnn_diverse_noinfluence_seed3_test.h5,303,test,15,6,0,3,700,2000,train,-4.813633,2.102922,6,-6
rnn_diverse_noinfluence,3,/juice6/u/jshe/emergent_partner_grid/dev/eval_out/rnn_diverse_noinfluence_seed3_test.h5,304,test,15,6,0,4,520,2000,train,-2.3416705,2.3056903,6,-6
rnn_diverse_noinfluence,3,/juice6/u/jshe/emergent_partner_grid/dev/eval_out/rnn_diverse_noinfluence_seed3_test.h5,305,test,15,6,0,5,603,2000,train,0.42813143,-0.21807253,6,-6
rnn_diverse_noinfluence,3,/juice6/u/jshe/emergent_partner_grid/dev/eval_out/rnn_diverse_noinfluence_seed3_test.h5,306,test,15,6,0,6,469,2000,train,0.72613174,0.8385614,6,-6
rnn_diverse_noinfluence,3,/juice6/u/jshe/emergent_partner_grid/dev/eval_out/rnn_diverse_noinfluence_seed3_test.h5,307,test,15,6,0,7,711,2000,train,-3.4993467,4.7258115,6,-6
rnn_diverse_noinfluence,3,/juice6/u/jshe/emergent_partner_grid/dev/eval_out/rnn_diverse_noinfluence_seed3_test.h5,308,test,15,6,0,8,687,2000,train,0.8304575,2.758697,6,-6
rnn_diverse_noinfluence,3,/juice6/u/jshe/emergent_partner_grid/dev/eval_out/rnn_diverse_noinfluence_seed3_test.h5,309,test,15,6,0,9,511,2000,test,-2.5128326,1.374685,6,-6
rnn_diverse_noinfluence,3,/juice6/u/jshe/emergent_partner_grid/dev/eval_out/rnn_diverse_noinfluence_seed3_test.h5,310,test,15,6,0,10,563,2000,train,-1.4542884,2.4024603,6,-6
rnn_diverse_noinfluence,3,/juice6/u/jshe/emergent_partner_grid/dev/eval_out/rnn_diverse_noinfluence_seed3_test.h5,311,test,15,6,0,11,635,2000,train,-0.55957043,-0.52518797,6,-6
rnn_diverse_noinfluence,3,/juice6/u/jshe/emergent_partner_grid/dev/eval_out/rnn_diverse_noinfluence_seed3_test.h5,312,test,15,6,0,12,549,2000,train,-0.009111323,-0.6333483,6,-6
rnn_diverse_noinfluence,3,/juice6/u/jshe/emergent_partner_grid/dev/eval_out/rnn_diverse_noinfluence_seed3_test.h5,313,test,15,6,0,13,549,2000,train,-2.4069462,5.5534673,6,-6
rnn_diverse_noinfluence,3,/juice6/u/jshe/emergent_partner_grid/dev/eval_out/rnn_diverse_noinfluence_seed3_test.h5,314,test,15,6,0,14,483,2000,test,0.35061064,0.22368589,6,-6
rnn_diverse_noinfluence,3,/juice6/u/jshe/emergent_partner_grid/dev/eval_out/rnn_diverse_noinfluence_seed3_test.h5,315,test,15,6,0,15,592,2000,test,-4.0296636,0.33865514,6,-6
rnn_diverse_noinfluence,3,/juice6/u/jshe/emergent_partner_grid/dev/eval_out/rnn_diverse_noinfluence_seed3_test.h5,316,test,15,6,0,16,581,2000,train,-3.5153317,5.2993097,6,-6
rnn_diverse_noinfluence,3,/juice6/u/jshe/emergent_partner_grid/dev/eval_out/rnn_diverse_noinfluence_seed3_test.h5,317,test,15,6,0,17,654,2000,train,-2.6385074,1.1371359,6,-6
rnn_diverse_noinfluence,3,/juice6/u/jshe/emergent_partner_grid/dev/eval_out/rnn_diverse_noinfluence_seed3_test.h5,318,test,15,6,0,18,686,2000,train,-2.301537,4.5955086,6,-6
rnn_diverse_noinfluence,3,/juice6/u/jshe/emergent_partner_grid/dev/eval_out/rnn_diverse_noinfluence_seed3_test.h5,319,test,15,6,0,19,567,2000,train,-2.0870001,5.4570575,6,-6
rnn_diverse_noinfluence,3,/juice6/u/jshe/emergent_partner_grid/dev/eval_out/rnn_diverse_noinfluence_seed3_test.h5,320,test,16,6,1,0,513,2000,train,-0.07533173,-0.5756914,5,-5
rnn_diverse_noinfluence,3,/juice6/u/jshe/emergent_partner_grid/dev/eval_out/rnn_diverse_noinfluence_seed3_test.h5,321,test,16,6,1,1,702,2000,test,-0.24337758,-0.87890935,5,-5
rnn_diverse_noinfluence,3,/juice6/u/jshe/emergent_partner_grid/dev/eval_out/rnn_diverse_noinfluence_seed3_test.h5,322,test,16,6,1,2,589,2000,train,1.2103518,0.42868057,5,-5
rnn_diverse_noinfluence,3,/juice6/u/jshe/emergent_partner_grid/dev/eval_out/rnn_diverse_noinfluence_seed3_test.h5,323,test,16,6,1,3,567,2000,train,-4.984796,0.9845727,5,-5
rnn_diverse_noinfluence,3,/juice6/u/jshe/emergent_partner_grid/dev/eval_out/rnn_diverse_noinfluence_seed3_test.h5,324,test,16,6,1,4,545,2000,train,-3.1415598,-0.31394514,5,-5
rnn_diverse_noinfluence,3,/juice6/u/jshe/emergent_partner_grid/dev/eval_out/rnn_diverse_noinfluence_seed3_test.h5,325,test,16,6,1,5,643,2000,train,0.109568186,4.6360235,5,-5
rnn_diverse_noinfluence,3,/juice6/u/jshe/emergent_partner_grid/dev/eval_out/rnn_diverse_noinfluence_seed3_test.h5,326,test,16,6,1,6,580,2000,train,-3.1563332,1.3423971,5,-5
rnn_diverse_noinfluence,3,/juice6/u/jshe/emergent_partner_grid/dev/eval_out/rnn_diverse_noinfluence_seed3_test.h5,327,test,16,6,1,7,582,2000,train,-2.0396109,0.0447025,5,-5
rnn_diverse_noinfluence,3,/juice6/u/jshe/emergent_partner_grid/dev/eval_out/rnn_diverse_noinfluence_seed3_test.h5,328,test,16,6,1,8,593,2000,train,-0.8470224,1.1133429,5,-5
rnn_diverse_noinfluence,3,/juice6/u/jshe/emergent_partner_grid/dev/eval_out/rnn_diverse_noinfluence_seed3_test.h5,329,test,16,6,1,9,790,2000,test,-0.5867643,1.3866631,5,-5
rnn_diverse_noinfluence,3,/juice6/u/jshe/emergent_partner_grid/dev/eval_out/rnn_diverse_noinfluence_seed3_test.h5,330,test,16,6,1,10,597,2000,train,-3.7631505,3.2023273,5,-5
rnn_diverse_noinfluence,3,/juice6/u/jshe/emergent_partner_grid/dev/eval_out/rnn_diverse_noinfluence_seed3_test.h5,331,test,16,6,1,11,591,2000,train,0.24376972,2.75638,5,-5
rnn_diverse_noinfluence,3,/juice6/u/jshe/emergent_partner_grid/dev/eval_out/rnn_diverse_noinfluence_seed3_test.h5,332,test,16,6,1,12,489,2000,train,-3.7230082,0.81363183,5,-5
rnn_diverse_noinfluence,3,/juice6/u/jshe/emergent_partner_grid/dev/eval_out/rnn_diverse_noinfluence_seed3_test.h5,333,test,16,6,1,13,581,2000,train,-4.9155507,3.7371027,5,-5
rnn_diverse_noinfluence,3,/juice6/u/jshe/emergent_partner_grid/dev/eval_out/rnn_diverse_noinfluence_seed3_test.h5,334,test,16,6,1,14,545,2000,test,-0.07637924,3.2189968,5,-5
rnn_diverse_noinfluence,3,/juice6/u/jshe/emergent_partner_grid/dev/eval_out/rnn_diverse_noinfluence_seed3_test.h5,335,test,16,6,1,15,583,2000,test,0.40805113,3.946643,5,-5
rnn_diverse_noinfluence,3,/juice6/u/jshe/emergent_partner_grid/dev/eval_out/rnn_diverse_noinfluence_seed3_test.h5,336,test,16,6,1,16,633,2000,train,-2.2174232,4.3088307,5,-5
rnn_diverse_noinfluence,3,/juice6/u/jshe/emergent_partner_grid/dev/eval_out/rnn_diverse_noinfluence_seed3_test.h5,337,test,16,6,1,17,633,2000,train,-2.8838613,-0.9073635,5,-5
rnn_diverse_noinfluence,3,/juice6/u/jshe/emergent_partner_grid/dev/eval_out/rnn_diverse_noinfluence_seed3_test.h5,338,test,16,6,1,18,665,2000,train,1.0862204,4.6581407,5,-5
rnn_diverse_noinfluence,3,/juice6/u/jshe/emergent_partner_grid/dev/eval_out/rnn_diverse_noinfluence_seed3_test.h5,339,test,16,6,1,19,565,2000,train,-3.8838167,1.4290718,5,-5
rnn_diverse_noinfluence,3,/juice6/u/jshe/emergent_partner_grid/dev/eval_out/rnn_diverse_noinfluence_seed3_test.h5,340,test,17,6,2,0,549,2000,train,1.6799148,2.389231,4,-4
rnn_diverse_noinfluence,3,/juice6/u/jshe/emergent_partner_grid/dev/eval_out/rnn_diverse_noinfluence_seed3_test.h5,341,test,17,6,2,1,651,2000,test,-1.205243,4.3667088,4,-4
rnn_diverse_noinfluence,3,/juice6/u/jshe/emergent_partner_grid/dev/eval_out/rnn_diverse_noinfluence_seed3_test.h5,342,test,17,6,2,2,570,2000,train,-3.7058582,2.7365394,4,-4
rnn_diverse_noinfluence,3,/juice6/u/jshe/emergent_partner_grid/dev/eval_out/rnn_diverse_noinfluence_seed3_test.h5,343,test,17,6,2,3,507,2000,train,-3.2553296,-1.3616695,4,-4
rnn_diverse_noinfluence,3,/juice6/u/jshe/emergent_partner_grid/dev/eval_out/rnn_diverse_noinfluence_seed3_test.h5,344,test,17,6,2,4,646,2000,train,-0.73959446,4.128074,4,-4
rnn_diverse_noinfluence,3,/juice6/u/jshe/emergent_partner_grid/dev/eval_out/rnn_diverse_noinfluence_seed3_test.h5,345,test,17,6,2,5,720,2000,train,-0.5200968,5.3908305,4,-4
rnn_diverse_noinfluence,3,/juice6/u/jshe/emergent_partner_grid/dev/eval_out/rnn_diverse_noinfluence_seed3_test.h5,346,test,17,6,2,6,510,2000,train,-1.1405557,0.58680654,4,-4
rnn_diverse_noinfluence,3,/juice6/u/jshe/emergent_partner_grid/dev/eval_out/rnn_diverse_noinfluence_seed3_test.h5,347,test,17,6,2,7,605,2000,train,-3.1376026,3.0513844,4,-4
rnn_diverse_noinfluence,3,/juice6/u/jshe/emergent_partner_grid/dev/eval_out/rnn_diverse_noinfluence_seed3_test.h5,348,test,17,6,2,8,597,2000,train,-3.0531654,-0.083385155,4,-4
rnn_diverse_noinfluence,3,/juice6/u/jshe/emergent_partner_grid/dev/eval_out/rnn_diverse_noinfluence_seed3_test.h5,349,test,17,6,2,9,578,2000,test,-1.1060646,1.7048154,4,-4
rnn_diverse_noinfluence,3,/juice6/u/jshe/emergent_partner_grid/dev/eval_out/rnn_diverse_noinfluence_seed3_test.h5,350,test,17,6,2,10,493,2000,train,-2.9869707,-0.3822227,4,-4
rnn_diverse_noinfluence,3,/juice6/u/jshe/emergent_partner_grid/dev/eval_out/rnn_diverse_noinfluence_seed3_test.h5,351,test,17,6,2,11,582,2000,train,-0.31229648,2.2599325,4,-4
rnn_diverse_noinfluence,3,/juice6/u/jshe/emergent_partner_grid/dev/eval_out/rnn_diverse_noinfluence_seed3_test.h5,352,test,17,6,2,12,652,2000,train,-3.454944,-0.07320261,4,-4
rnn_diverse_noinfluence,3,/juice6/u/jshe/emergent_partner_grid/dev/eval_out/rnn_diverse_noinfluence_seed3_test.h5,353,test,17,6,2,13,557,2000,train,-3.3153653,2.2224762,4,-4
rnn_diverse_noinfluence,3,/juice6/u/jshe/emergent_partner_grid/dev/eval_out/rnn_diverse_noinfluence_seed3_test.h5,354,test,17,6,2,14,748,2000,test,-1.1442996,0.6729853,4,-4
rnn_diverse_noinfluence,3,/juice6/u/jshe/emergent_partner_grid/dev/eval_out/rnn_diverse_noinfluence_seed3_test.h5,355,test,17,6,2,15,677,2000,test,1.5942552,2.0862925,4,-4
rnn_diverse_noinfluence,3,/juice6/u/jshe/emergent_partner_grid/dev/eval_out/rnn_diverse_noinfluence_seed3_test.h5,356,test,17,6,2,16,652,2000,train,-4.0178685,4.1760488,4,-4
rnn_diverse_noinfluence,3,/juice6/u/jshe/emergent_partner_grid/dev/eval_out/rnn_diverse_noinfluence_seed3_test.h5,357,test,17,6,2,17,569,2000,train,-4.916828,0.16484536,4,-4
rnn_diverse_noinfluence,3,/juice6/u/jshe/emergent_partner_grid/dev/eval_out/rnn_diverse_noinfluence_seed3_test.h5,358,test,17,6,2,18,568,2000,train,1.355961,3.8174407,4,-4
rnn_diverse_noinfluence,3,/juice6/u/jshe/emergent_partner_grid/dev/eval_out/rnn_diverse_noinfluence_seed3_test.h5,359,test,17,6,2,19,611,2000,train,-0.4413355,2.6091418,4,-4
rnn_diverse_noinfluence,3,/juice6/u/jshe/emergent_partner_grid/dev/eval_out/rnn_diverse_noinfluence_seed3_test.h5,360,test,18,6,3,0,601,2000,train,-2.2090058,1.4822867,3,-3
rnn_diverse_noinfluence,3,/juice6/u/jshe/emergent_partner_grid/dev/eval_out/rnn_diverse_noinfluence_seed3_test.h5,361,test,18,6,3,1,701,2000,test,-3.0183048,1.1246568,3,-3
rnn_diverse_noinfluence,3,/juice6/u/jshe/emergent_partner_grid/dev/eval_out/rnn_diverse_noinfluence_seed3_test.h5,362,test,18,6,3,2,661,2000,train,-5.4222565,2.3030488,3,-3
rnn_diverse_noinfluence,3,/juice6/u/jshe/emergent_partner_grid/dev/eval_out/rnn_diverse_noinfluence_seed3_test.h5,363,test,18,6,3,3,701,2000,train,-2.0239174,3.013218,3,-3
rnn_diverse_noinfluence,3,/juice6/u/jshe/emergent_partner_grid/dev/eval_out/rnn_diverse_noinfluence_seed3_test.h5,364,test,18,6,3,4,723,2000,train,-0.36730006,3.884417,3,-3
rnn_diverse_noinfluence,3,/juice6/u/jshe/emergent_partner_grid/dev/eval_out/rnn_diverse_noinfluence_seed3_test.h5,365,test,18,6,3,5,639,2000,train,-3.148523,4.3697944,3,-3
rnn_diverse_noinfluence,3,/juice6/u/jshe/emergent_partner_grid/dev/eval_out/rnn_diverse_noinfluence_seed3_test.h5,366,test,18,6,3,6,680,2000,train,-0.5303093,3.9260411,3,-3
rnn_diverse_noinfluence,3,/juice6/u/jshe/emergent_partner_grid/dev/eval_out/rnn_diverse_noinfluence_seed3_test.h5,367,test,18,6,3,7,616,2000,train,-3.6835515,-1.0981234,3,-3
rnn_diverse_noinfluence,3,/juice6/u/jshe/emergent_partner_grid/dev/eval_out/rnn_diverse_noinfluence_seed3_test.h5,368,test,18,6,3,8,595,2000,train,-2.3219821,1.1072327,3,-3
rnn_diverse_noinfluence,3,/juice6/u/jshe/emergent_partner_grid/dev/eval_out/rnn_diverse_noinfluence_seed3_test.h5,369,test,18,6,3,9,717,2000,test,0.36564118,-0.9636202,3,-3
rnn_diverse_noinfluence,3,/juice6/u/jshe/emergent_partner_grid/dev/eval_out/rnn_diverse_noinfluence_seed3_test.h5,370,test,18,6,3,10,759,2000,train,0.18476948,0.033546593,3,-3
rnn_diverse_noinfluence,3,/juice6/u/jshe/emergent_partner_grid/dev/eval_out/rnn_diverse_noinfluence_seed3_test.h5,371,test,18,6,3,11,713,2000,train,1.9313601,2.0859702,3,-3
rnn_diverse_noinfluence,3,/juice6/u/jshe/emergent_partner_grid/dev/eval_out/rnn_diverse_noinfluence_seed3_test.h5,372,test,18,6,3,12,700,2000,train,-3.04088,0.8106807,3,-3
rnn_diverse_noinfluence,3,/juice6/u/jshe/emergent_partner_grid/dev/eval_out/rnn_diverse_noinfluence_seed3_test.h5,373,test,18,6,3,13,647,2000,train,-4.8735056,2.7877347,3,-3
rnn_diverse_noinfluence,3,/juice6/u/jshe/emergent_partner_grid/dev/eval_out/rnn_diverse_noinfluence_seed3_test.h5,374,test,18,6,3,14,644,2000,test,-1.718737,2.156297,3,-3
rnn_diverse_noinfluence,3,/juice6/u/jshe/emergent_partner_grid/dev/eval_out/rnn_diverse_noinfluence_seed3_test.h5,375,test,18,6,3,15,623,2000,test,-1.6177304,1.7579138,3,-3
rnn_diverse_noinfluence,3,/juice6/u/jshe/emergent_partner_grid/dev/eval_out/rnn_diverse_noinfluence_seed3_test.h5,376,test,18,6,3,16,661,2000,train,0.924762,0.590213,3,-3
rnn_diverse_noinfluence,3,/juice6/u/jshe/emergent_partner_grid/dev/eval_out/rnn_diverse_noinfluence_seed3_test.h5,377,test,18,6,3,17,670,2000,train,-4.0222254,0.6981149,3,-3
rnn_diverse_noinfluence,3,/juice6/u/jshe/emergent_partner_grid/dev/eval_out/rnn_diverse_noinfluence_seed3_test.h5,378,test,18,6,3,18,625,2000,train,-2.519829,4.46039,3,-3
rnn_diverse_noinfluence,3,/juice6/u/jshe/emergent_partner_grid/dev/eval_out/rnn_diverse_noinfluence_seed3_test.h5,379,test,18,6,3,19,703,2000,train,-2.456452,1.2978101,3,-3
rnn_diverse_noinfluence,3,/juice6/u/jshe/emergent_partner_grid/dev/eval_out/rnn_diverse_noinfluence_seed3_test.h5,160,test,8,7,0,0,676,2000,train,-0.08971162,3.433138,7,-7
rnn_diverse_noinfluence,3,/juice6/u/jshe/emergent_partner_grid/dev/eval_out/rnn_diverse_noinfluence_seed3_test.h5,161,test,8,7,0,1,572,2000,test,-2.2560637,1.7598628,7,-7
rnn_diverse_noinfluence,3,/juice6/u/jshe/emergent_partner_grid/dev/eval_out/rnn_diverse_noinfluence_seed3_test.h5,162,test,8,7,0,2,799,2000,train,-0.03919843,3.0413773,7,-7
rnn_diverse_noinfluence,3,/juice6/u/jshe/emergent_partner_grid/dev/eval_out/rnn_diverse_noinfluence_seed3_test.h5,163,test,8,7,0,3,580,2000,train,1.587489,0.5767822,7,-7
rnn_diverse_noinfluence,3,/juice6/u/jshe/emergent_partner_grid/dev/eval_out/rnn_diverse_noinfluence_seed3_test.h5,164,test,8,7,0,4,611,2000,train,1.5250753,1.6337209,7,-7
rnn_diverse_noinfluence,3,/juice6/u/jshe/emergent_partner_grid/dev/eval_out/rnn_diverse_noinfluence_seed3_test.h5,165,test,8,7,0,5,649,2000,train,-4.4707446,0.01721317,7,-7
rnn_diverse_noinfluence,3,/juice6/u/jshe/emergent_partner_grid/dev/eval_out/rnn_diverse_noinfluence_seed3_test.h5,166,test,8,7,0,6,690,2000,train,-0.5273618,0.367805,7,-7
rnn_diverse_noinfluence,3,/juice6/u/jshe/emergent_partner_grid/dev/eval_out/rnn_diverse_noinfluence_seed3_test.h5,167,test,8,7,0,7,525,2000,train,-4.1321344,3.084575,7,-7
rnn_diverse_noinfluence,3,/juice6/u/jshe/emergent_partner_grid/dev/eval_out/rnn_diverse_noinfluence_seed3_test.h5,168,test,8,7,0,8,619,2000,train,0.327075,1.1766722,7,-7
rnn_diverse_noinfluence,3,/juice6/u/jshe/emergent_partner_grid/dev/eval_out/rnn_diverse_noinfluence_seed3_test.h5,169,test,8,7,0,9,629,2000,test,-1.5059861,5.6375837,7,-7
rnn_diverse_noinfluence,3,/juice6/u/jshe/emergent_partner_grid/dev/eval_out/rnn_diverse_noinfluence_seed3_test.h5,170,test,8,7,0,10,802,2000,train,-3.6833086,5.060803,7,-7
rnn_diverse_noinfluence,3,/juice6/u/jshe/emergent_partner_grid/dev/eval_out/rnn_diverse_noinfluence_seed3_test.h5,171,test,8,7,0,11,664,2000,train,-1.1077776,2.509766,7,-7
rnn_diverse_noinfluence,3,/juice6/u/jshe/emergent_partner_grid/dev/eval_out/rnn_diverse_noinfluence_seed3_test.h5,172,test,8,7,0,12,519,2000,train,-2.0081704,0.97665447,7,-7
rnn_diverse_noinfluence,3,/juice6/u/jshe/emergent_partner_grid/dev/eval_out/rnn_diverse_noinfluence_seed3_test.h5,173,test,8,7,0,13,647,2000,train,-1.2902348,0.81379193,7,-7
rnn_diverse_noinfluence,3,/juice6/u/jshe/emergent_partner_grid/dev/eval_out/rnn_diverse_noinfluence_seed3_test.h5,174,test,8,7,0,14,595,2000,test,-3.85706,4.779893,7,-7
rnn_diverse_noinfluence,3,/juice6/u/jshe/emergent_partner_grid/dev/eval_out/rnn_diverse_noinfluence_seed3_test.h5,175,test,8,7,0,15,696,2000,test,1.9026262,-0.31920376,7,-7
rnn_diverse_noinfluence,3,/juice6/u/jshe/emergent_partner_grid/dev/eval_out/rnn_diverse_noinfluence_seed3_test.h5,176,test,8,7,0,16,626,2000,train,-2.5716262,3.6830256,7,-7
rnn_diverse_noinfluence,3,/juice6/u/jshe/emergent_partner_grid/dev/eval_out/rnn_diverse_noinfluence_seed3_test.h5,177,test,8,7,0,17,598,2000,train,0.7909277,4.1380005,7,-7
rnn_diverse_noinfluence,3,/juice6/u/jshe/emergent_partner_grid/dev/eval_out/rnn_diverse_noinfluence_seed3_test.h5,178,test,8,7,0,18,513,2000,train,0.28247347,1.5141945,7,-7
rnn_diverse_noinfluence,3,/juice6/u/jshe/emergent_partner_grid/dev/eval_out/rnn_diverse_noinfluence_seed3_test.h5,179,test,8,7,0,19,591,2000,train,0.6266018,2.9204948,7,-7
rnn_diverse_noinfluence,3,/juice6/u/jshe/emergent_partner_grid/dev/eval_out/rnn_diverse_noinfluence_seed3_train.h5,300,train,15,7,1,0,726,2000,train,-4.463345,1.8241037,6,-6
rnn_diverse_noinfluence,3,/juice6/u/jshe/emergent_partner_grid/dev/eval_out/rnn_diverse_noinfluence_seed3_train.h5,301,train,15,7,1,1,572,2000,test,0.17226443,4.21381,6,-6
rnn_diverse_noinfluence,3,/juice6/u/jshe/emergent_partner_grid/dev/eval_out/rnn_diverse_noinfluence_seed3_train.h5,302,train,15,7,1,2,599,2000,train,0.74605924,-0.35811314,6,-6
rnn_diverse_noinfluence,3,/juice6/u/jshe/emergent_partner_grid/dev/eval_out/rnn_diverse_noinfluence_seed3_train.h5,303,train,15,7,1,3,838,2000,train,-2.5617502,1.2156545,6,-6
rnn_diverse_noinfluence,3,/juice6/u/jshe/emergent_partner_grid/dev/eval_out/rnn_diverse_noinfluence_seed3_train.h5,304,train,15,7,1,4,744,2000,train,0.66515654,0.04748554,6,-6
rnn_diverse_noinfluence,3,/juice6/u/jshe/emergent_partner_grid/dev/eval_out/rnn_diverse_noinfluence_seed3_train.h5,305,train,15,7,1,5,585,2000,train,-4.1384583,0.802434,6,-6
rnn_diverse_noinfluence,3,/juice6/u/jshe/emergent_partner_grid/dev/eval_out/rnn_diverse_noinfluence_seed3_train.h5,306,train,15,7,1,6,552,2000,train,-0.16421333,-1.1915698,6,-6
rnn_diverse_noinfluence,3,/juice6/u/jshe/emergent_partner_grid/dev/eval_out/rnn_diverse_noinfluence_seed3_train.h5,307,train,15,7,1,7,590,2000,train,-1.5030463,4.0360417,6,-6
rnn_diverse_noinfluence,3,/juice6/u/jshe/emergent_partner_grid/dev/eval_out/rnn_diverse_noinfluence_seed3_train.h5,308,train,15,7,1,8,575,2000,train,1.4874585,1.5214295,6,-6
rnn_diverse_noinfluence,3,/juice6/u/jshe/emergent_partner_grid/dev/eval_out/rnn_diverse_noinfluence_seed3_train.h5,309,train,15,7,1,9,688,2000,test,0.44763723,2.142468,6,-6
rnn_diverse_noinfluence,3,/juice6/u/jshe/emergent_partner_grid/dev/eval_out/rnn_diverse_noinfluence_seed3_train.h5,310,train,15,7,1,10,687,2000,train,-1.6000336,3.541757,6,-6
rnn_diverse_noinfluence,3,/juice6/u/jshe/emergent_partner_grid/dev/eval_out/rnn_diverse_noinfluence_seed3_train.h5,311,train,15,7,1,11,640,2000,train,-1.1819528,1.0897663,6,-6
rnn_diverse_noinfluence,3,/juice6/u/jshe/emergent_partner_grid/dev/eval_out/rnn_diverse_noinfluence_seed3_train.h5,312,train,15,7,1,12,668,2000,train,0.26650396,0.7935062,6,-6
rnn_diverse_noinfluence,3,/juice6/u/jshe/emergent_partner_grid/dev/eval_out/rnn_diverse_noinfluence_seed3_train.h5,313,train,15,7,1,13,620,2000,train,-3.7867308,2.483338,6,-6
rnn_diverse_noinfluence,3,/juice6/u/jshe/emergent_partner_grid/dev/eval_out/rnn_diverse_noinfluence_seed3_train.h5,314,train,15,7,1,14,561,2000,test,-4.487812,1.5631553,6,-6
rnn_diverse_noinfluence,3,/juice6/u/jshe/emergent_partner_grid/dev/eval_out/rnn_diverse_noinfluence_seed3_train.h5,315,train,15,7,1,15,526,2000,test,-2.9693208,5.173014,6,-6
rnn_diverse_noinfluence,3,/juice6/u/jshe/emergent_partner_grid/dev/eval_out/rnn_diverse_noinfluence_seed3_train.h5,316,train,15,7,1,16,674,2000,train,-0.46365586,-0.107338175,6,-6
rnn_diverse_noinfluence,3,/juice6/u/jshe/emergent_partner_grid/dev/eval_out/rnn_diverse_noinfluence_seed3_train.h5,317,train,15,7,1,17,664,2000,train,1.7240618,-0.3535813,6,-6
rnn_diverse_noinfluence,3,/juice6/u/jshe/emergent_partner_grid/dev/eval_out/rnn_diverse_noinfluence_seed3_train.h5,318,train,15,7,1,18,712,2000,train,-3.4225333,-0.09249743,6,-6
rnn_diverse_noinfluence,3,/juice6/u/jshe/emergent_partner_grid/dev/eval_out/rnn_diverse_noinfluence_seed3_train.h5,319,train,15,7,1,19,639,2000,train,-4.4595256,2.9862459,6,-6
rnn_diverse_noinfluence,3,/juice6/u/jshe/emergent_partner_grid/dev/eval_out/rnn_diverse_noinfluence_seed3_train.h5,320,train,16,7,2,0,595,2000,train,-2.402858,2.3298814,5,-5
rnn_diverse_noinfluence,3,/juice6/u/jshe/emergent_partner_grid/dev/eval_out/rnn_diverse_noinfluence_seed3_train.h5,321,train,16,7,2,1,704,2000,test,-2.0458248,3.2296538,5,-5
rnn_diverse_noinfluence,3,/juice6/u/jshe/emergent_partner_grid/dev/eval_out/rnn_diverse_noinfluence_seed3_train.h5,322,train,16,7,2,2,740,2000,train,1.989158,2.396392,5,-5
rnn_diverse_noinfluence,3,/juice6/u/jshe/emergent_partner_grid/dev/eval_out/rnn_diverse_noinfluence_seed3_train.h5,323,train,16,7,2,3,699,2000,train,0.5272877,-0.048482794,5,-5
rnn_diverse_noinfluence,3,/juice6/u/jshe/emergent_partner_grid/dev/eval_out/rnn_diverse_noinfluence_seed3_train.h5,324,train,16,7,2,4,676,2000,train,-0.7092426,5.4070153,5,-5
rnn_diverse_noinfluence,3,/juice6/u/jshe/emergent_partner_grid/dev/eval_out/rnn_diverse_noinfluence_seed3_train.h5,325,train,16,7,2,5,607,2000,train,-0.30047575,4.8698564,5,-5
rnn_diverse_noinfluence,3,/juice6/u/jshe/emergent_partner_grid/dev/eval_out/rnn_diverse_noinfluence_seed3_train.h5,326,train,16,7,2,6,652,2000,train,-0.28918725,-0.21311702,5,-5
rnn_diverse_noinfluence,3,/juice6/u/jshe/emergent_partner_grid/dev/eval_out/rnn_diverse_noinfluence_seed3_train.h5,327,train,16,7,2,7,659,2000,train,-2.2041314,4.7670994,5,-5
rnn_diverse_noinfluence,3,/juice6/u/jshe/emergent_partner_grid/dev/eval_out/rnn_diverse_noinfluence_seed3_train.h5,328,train,16,7,2,8,614,2000,train,-0.35497883,0.7791255,5,-5
rnn_diverse_noinfluence,3,/juice6/u/jshe/emergent_partner_grid/dev/eval_out/rnn_diverse_noinfluence_seed3_train.h5,329,train,16,7,2,9,675,2000,test,-1.3766962,1.2739794,5,-5
rnn_diverse_noinfluence,3,/juice6/u/jshe/emergent_partner_grid/dev/eval_out/rnn_diverse_noinfluence_seed3_train.h5,330,train,16,7,2,10,801,2000,train,-0.35035223,0.5876514,5,-5
rnn_diverse_noinfluence,3,/juice6/u/jshe/emergent_partner_grid/dev/eval_out/rnn_diverse_noinfluence_seed3_train.h5,331,train,16,7,2,11,613,2000,train,-0.2564159,4.2391863,5,-5
rnn_diverse_noinfluence,3,/juice6/u/jshe/emergent_partner_grid/dev/eval_out/rnn_diverse_noinfluence_seed3_train.h5,332,train,16,7,2,12,648,2000,train,-2.9258528,3.419659,5,-5
rnn_diverse_noinfluence,3,/juice6/u/jshe/emergent_partner_grid/dev/eval_out/rnn_diverse_noinfluence_seed3_train.h5,333,train,16,7,2,13,665,2000,train,-0.51485014,3.261518,5,-5
rnn_diverse_noinfluence,3,/juice6/u/jshe/emergent_partner_grid/dev/eval_out/rnn_diverse_noinfluence_seed3_train.h5,334,train,16,7,2,14,598,2000,test,-0.28962725,0.34682217,5,-5
rnn_diverse_noinfluence,3,/juice6/u/jshe/emergent_partner_grid/dev/eval_out/rnn_diverse_noinfluence_seed3_train.h5,335,train,16,7,2,15,671,2000,test,-3.0435762,3.3898284,5,-5
rnn_diverse_noinfluence,3,/juice6/u/jshe/emergent_partner_grid/dev/eval_out/rnn_diverse_noinfluence_seed3_train.h5,336,train,16,7,2,16,646,2000,train,-1.6991957,4.3234262,5,-5
rnn_diverse_noinfluence,3,/juice6/u/jshe/emergent_partner_grid/dev/eval_out/rnn_diverse_noinfluence_seed3_train.h5,337,train,16,7,2,17,672,2000,train,-3.0102215,3.281627,5,-5
rnn_diverse_noinfluence,3,/juice6/u/jshe/emergent_partner_grid/dev/eval_out/rnn_diverse_noinfluence_seed3_train.h5,338,train,16,7,2,18,682,2000,train,-0.0726813,1.4344345,5,-5
rnn_diverse_noinfluence,3,/juice6/u/jshe/emergent_partner_grid/dev/eval_out/rnn_diverse_noinfluence_seed3_train.h5,339,train,16,7,2,19,783,2000,train,-0.20287794,3.3871567,5,-5
rnn_diverse_noinfluence,3,/juice6/u/jshe/emergent_partner_grid/dev/eval_out/rnn_diverse_noinfluence_seed3_train.h5,340,train,17,7,3,0,746,2000,train,-3.3338127,-0.857851,4,-4
rnn_diverse_noinfluence,3,/juice6/u/jshe/emergent_partner_grid/dev/eval_out/rnn_diverse_noinfluence_seed3_train.h5,341,train,17,7,3,1,758,2000,test,-1.5685825,4.703011,4,-4
rnn_diverse_noinfluence,3,/juice6/u/jshe/emergent_partner_grid/dev/eval_out/rnn_diverse_noinfluence_seed3_train.h5,342,train,17,7,3,2,683,2000,train,-1.2207928,2.467781,4,-4
rnn_diverse_noinfluence,3,/juice6/u/jshe/emergent_partner_grid/dev/eval_out/rnn_diverse_noinfluence_seed3_train.h5,343,train,17,7,3,3,665,2000,train,-1.8143253,4.3205323,4,-4
rnn_diverse_noinfluence,3,/juice6/u/jshe/emergent_partner_grid/dev/eval_out/rnn_diverse_noinfluence_seed3_train.h5,344,train,17,7,3,4,745,2000,train,0.9387846,3.3983202,4,-4
rnn_diverse_noinfluence,3,/juice6/u/jshe/emergent_partner_grid/dev/eval_out/rnn_diverse_noinfluence_seed3_train.h5,345,train,17,7,3,5,881,2000,train,1.3712628,2.8686051,4,-4
rnn_diverse_noinfluence,3,/juice6/u/jshe/emergent_partner_grid/dev/eval_out/rnn_diverse_noinfluence_seed3_train.h5,346,train,17,7,3,6,786,2000,train,1.1686964,0.4184025,4,-4
rnn_diverse_noinfluence,3,/juice6/u/jshe/emergent_partner_grid/dev/eval_out/rnn_diverse_noinfluence_seed3_train.h5,347,train,17,7,3,7,629,2000,train,-1.0494554,0.90389764,4,-4
rnn_diverse_noinfluence,3,/juice6/u/jshe/emergent_partner_grid/dev/eval_out/rnn_diverse_noinfluence_seed3_train.h5,348,train,17,7,3,8,710,2000,train,-3.9922552,-1.2010554,4,-4
rnn_diverse_noinfluence,3,/juice6/u/jshe/emergent_partner_grid/dev/eval_out/rnn_diverse_noinfluence_seed3_train.h5,349,train,17,7,3,9,769,2000,test,-2.7099783,5.422525,4,-4
rnn_diverse_noinfluence,3,/juice6/u/jshe/emergent_partner_grid/dev/eval_out/rnn_diverse_noinfluence_seed3_train.h5,350,train,17,7,3,10,790,2000,train,-0.4050823,2.9877644,4,-4
rnn_diverse_noinfluence,3,/juice6/u/jshe/emergent_partner_grid/dev/eval_out/rnn_diverse_noinfluence_seed3_train.h5,351,train,17,7,3,11,800,2000,train,-1.7474382,2.9595876,4,-4
rnn_diverse_noinfluence,3,/juice6/u/jshe/emergent_partner_grid/dev/eval_out/rnn_diverse_noinfluence_seed3_train.h5,352,train,17,7,3,12,718,2000,train,-3.6171632,-0.09213057,4,-4
rnn_diverse_noinfluence,3,/juice6/u/jshe/emergent_partner_grid/dev/eval_out/rnn_diverse_noinfluence_seed3_train.h5,353,train,17,7,3,13,826,2000,train,-3.692743,-0.62752235,4,-4
rnn_diverse_noinfluence,3,/juice6/u/jshe/emergent_partner_grid/dev/eval_out/rnn_diverse_noinfluence_seed3_train.h5,354,train,17,7,3,14,549,2000,test,-1.2732332,0.19891605,4,-4
rnn_diverse_noinfluence,3,/juice6/u/jshe/emergent_partner_grid/dev/eval_out/rnn_diverse_noinfluence_seed3_train.h5,355,train,17,7,3,15,671,2000,test,-2.8676436,1.1003951,4,-4
rnn_diverse_noinfluence,3,/juice6/u/jshe/emergent_partner_grid/dev/eval_out/rnn_diverse_noinfluence_seed3_train.h5,356,train,17,7,3,16,698,2000,train,-1.3021125,5.139037,4,-4
rnn_diverse_noinfluence,3,/juice6/u/jshe/emergent_partner_grid/dev/eval_out/rnn_diverse_noinfluence_seed3_train.h5,357,train,17,7,3,17,744,2000,train,-2.416049,-1.0742458,4,-4
rnn_diverse_noinfluence,3,/juice6/u/jshe/emergent_partner_grid/dev/eval_out/rnn_diverse_noinfluence_seed3_train.h5,358,train,17,7,3,18,736,2000,train,-0.31218627,2.4839706,4,-4
rnn_diverse_noinfluence,3,/juice6/u/jshe/emergent_partner_grid/dev/eval_out/rnn_diverse_noinfluence_seed3_train.h5,359,train,17,7,3,19,741,2000,train,0.7593802,1.0584847,4,-4
rnn_diverse_noinfluence,3,/juice6/u/jshe/emergent_partner_grid/dev/eval_out/rnn_diverse_noinfluence_seed3_test.h5,180,test,9,8,0,0,664,2000,train,-1.024965,-1.7298484,8,-8
rnn_diverse_noinfluence,3,/juice6/u/jshe/emergent_partner_grid/dev/eval_out/rnn_diverse_noinfluence_seed3_test.h5,181,test,9,8,0,1,788,2000,test,-4.1397796,5.179295,8,-8
rnn_diverse_noinfluence,3,/juice6/u/jshe/emergent_partner_grid/dev/eval_out/rnn_diverse_noinfluence_seed3_test.h5,182,test,9,8,0,2,694,2000,train,-3.2831259,-1.478165,8,-8
rnn_diverse_noinfluence,3,/juice6/u/jshe/emergent_partner_grid/dev/eval_out/rnn_diverse_noinfluence_seed3_test.h5,183,test,9,8,0,3,742,2000,train,1.064222,2.9562309,8,-8
rnn_diverse_noinfluence,3,/juice6/u/jshe/emergent_partner_grid/dev/eval_out/rnn_diverse_noinfluence_seed3_test.h5,184,test,9,8,0,4,722,2000,train,-2.0813508,-0.061716136,8,-8
rnn_diverse_noinfluence,3,/juice6/u/jshe/emergent_partner_grid/dev/eval_out/rnn_diverse_noinfluence_seed3_test.h5,185,test,9,8,0,5,713,2000,train,2.4037411,1.2336346,8,-8
rnn_diverse_noinfluence,3,/juice6/u/jshe/emergent_partner_grid/dev/eval_out/rnn_diverse_noinfluence_seed3_test.h5,186,test,9,8,0,6,530,2000,train,-3.918281,1.5017706,8,-8
rnn_diverse_noinfluence,3,/juice6/u/jshe/emergent_partner_grid/dev/eval_out/rnn_diverse_noinfluence_seed3_test.h5,187,test,9,8,0,7,762,2000,train,1.2220751,-0.43916735,8,-8
rnn_diverse_noinfluence,3,/juice6/u/jshe/emergent_partner_grid/dev/eval_out/rnn_diverse_noinfluence_seed3_test.h5,188,test,9,8,0,8,647,2000,train,2.5579114,2.5593386,8,-8
rnn_diverse_noinfluence,3,/juice6/u/jshe/emergent_partner_grid/dev/eval_out/rnn_diverse_noinfluence_seed3_test.h5,189,test,9,8,0,9,592,2000,test,0.29944378,0.008648707,8,-8
rnn_diverse_noinfluence,3,/juice6/u/jshe/emergent_partner_grid/dev/eval_out/rnn_diverse_noinfluence_seed3_test.h5,190,test,9,8,0,10,788,2000,train,-1.2299222,-0.55918616,8,-8
rnn_diverse_noinfluence,3,/juice6/u/jshe/emergent_partner_grid/dev/eval_out/rnn_diverse_noinfluence_seed3_test.h5,191,test,9,8,0,11,752,2000,train,-0.18469808,1.2814187,8,-8
rnn_diverse_noinfluence,3,/juice6/u/jshe/emergent_partner_grid/dev/eval_out/rnn_diverse_noinfluence_seed3_test.h5,192,test,9,8,0,12,649,2000,train,-3.5386238,5.695075,8,-8
rnn_diverse_noinfluence,3,/juice6/u/jshe/emergent_partner_grid/dev/eval_out/rnn_diverse_noinfluence_seed3_test.h5,193,test,9,8,0,13,748,2000,train,-0.088389054,3.0151105,8,-8
rnn_diverse_noinfluence,3,/juice6/u/jshe/emergent_partner_grid/dev/eval_out/rnn_diverse_noinfluence_seed3_test.h5,194,test,9,8,0,14,742,2000,test,-0.09111475,-1.9609846,8,-8
rnn_diverse_noinfluence,3,/juice6/u/jshe/emergent_partner_grid/dev/eval_out/rnn_diverse_noinfluence_seed3_test.h5,195,test,9,8,0,15,719,2000,test,1.289612,3.3353248,8,-8
rnn_diverse_noinfluence,3,/juice6/u/jshe/emergent_partner_grid/dev/eval_out/rnn_diverse_noinfluence_seed3_test.h5,196,test,9,8,0,16,733,2000,train,-1.6356237,0.26484147,8,-8
rnn_diverse_noinfluence,3,/juice6/u/jshe/emergent_partner_grid/dev/eval_out/rnn_diverse_noinfluence_seed3_test.h5,197,test,9,8,0,17,756,2000,train,-0.3612651,1.4964942,8,-8
rnn_diverse_noinfluence,3,/juice6/u/jshe/emergent_partner_grid/dev/eval_out/rnn_diverse_noinfluence_seed3_test.h5,198,test,9,8,0,18,703,2000,train,-2.8463824,2.187518,8,-8
rnn_diverse_noinfluence,3,/juice6/u/jshe/emergent_partner_grid/dev/eval_out/rnn_diverse_noinfluence_seed3_test.h5,199,test,9,8,0,19,942,2000,train,-3.7480748,4.932795,8,-8
rnn_diverse_noinfluence,3,/juice6/u/jshe/emergent_partner_grid/dev/eval_out/rnn_diverse_noinfluence_seed3_train.h5,360,train,18,8,1,0,799,2000,train,-1.6210643,-1.2072096,7,-7
rnn_diverse_noinfluence,3,/juice6/u/jshe/emergent_partner_grid/dev/eval_out/rnn_diverse_noinfluence_seed3_train.h5,361,train,18,8,1,1,665,2000,test,-2.793989,4.0587726,7,-7
rnn_diverse_noinfluence,3,/juice6/u/jshe/emergent_partner_grid/dev/eval_out/rnn_diverse_noinfluence_seed3_train.h5,362,train,18,8,1,2,655,2000,train,0.14087155,-0.41103053,7,-7
rnn_diverse_noinfluence,3,/juice6/u/jshe/emergent_partner_grid/dev/eval_out/rnn_diverse_noinfluence_seed3_train.h5,363,train,18,8,1,3,641,2000,train,-4.6036716,2.416162,7,-7
rnn_diverse_noinfluence,3,/juice6/u/jshe/emergent_partner_grid/dev/eval_out/rnn_diverse_noinfluence_seed3_train.h5,364,train,18,8,1,4,720,2000,train,-0.6555659,-0.59528464,7,-7
rnn_diverse_noinfluence,3,/juice6/u/jshe/emergent_partner_grid/dev/eval_out/rnn_diverse_noinfluence_seed3_train.h5,365,train,18,8,1,5,682,2000,train,-2.9722605,2.8098595,7,-7
rnn_diverse_noinfluence,3,/juice6/u/jshe/emergent_partner_grid/dev/eval_out/rnn_diverse_noinfluence_seed3_train.h5,366,train,18,8,1,6,642,2000,train,-1.0805538,3.0355237,7,-7
rnn_diverse_noinfluence,3,/juice6/u/jshe/emergent_partner_grid/dev/eval_out/rnn_diverse_noinfluence_seed3_train.h5,367,train,18,8,1,7,739,2000,train,0.75784606,1.0282276,7,-7
rnn_diverse_noinfluence,3,/juice6/u/jshe/emergent_partner_grid/dev/eval_out/rnn_diverse_noinfluence_seed3_train.h5,368,train,18,8,1,8,713,2000,train,-2.3321111,5.4559245,7,-7
rnn_diverse_noinfluence,3,/juice6/u/jshe/emergent_partner_grid/dev/eval_out/rnn_diverse_noinfluence_seed3_train.h5,369,train,18,8,1,9,632,2000,test,1.3027066,1.4354167,7,-7
rnn_diverse_noinfluence,3,/juice6/u/jshe/emergent_partner_grid/dev/eval_out/rnn_diverse_noinfluence_seed3_train.h5,370,train,18,8,1,10,798,2000,train,1.1463532,-0.9267638,7,-7
rnn_diverse_noinfluence,3,/juice6/u/jshe/emergent_partner_grid/dev/eval_out/rnn_diverse_noinfluence_seed3_train.h5,371,train,18,8,1,11,602,2000,train,-4.48777,1.9942056,7,-7
rnn_diverse_noinfluence,3,/juice6/u/jshe/emergent_partner_grid/dev/eval_out/rnn_diverse_noinfluence_seed3_train.h5,372,train,18,8,1,12,700,2000,train,-3.1024165,1.219441,7,-7
rnn_diverse_noinfluence,3,/juice6/u/jshe/emergent_partner_grid/dev/eval_out/rnn_diverse_noinfluence_seed3_train.h5,373,train,18,8,1,13,679,2000,train,-1.574248,4.768513,7,-7
rnn_diverse_noinfluence,3,/juice6/u/jshe/emergent_partner_grid/dev/eval_out/rnn_diverse_noinfluence_seed3_train.h5,374,train,18,8,1,14,631,2000,test,0.4293548,0.26839945,7,-7
rnn_diverse_noinfluence,3,/juice6/u/jshe/emergent_partner_grid/dev/eval_out/rnn_diverse_noinfluence_seed3_train.h5,375,train,18,8,1,15,704,2000,test,-2.2290163,3.0988264,7,-7
rnn_diverse_noinfluence,3,/juice6/u/jshe/emergent_partner_grid/dev/eval_out/rnn_diverse_noinfluence_seed3_train.h5,376,train,18,8,1,16,653,2000,train,-2.100229,4.07558,7,-7
rnn_diverse_noinfluence,3,/juice6/u/jshe/emergent_partner_grid/dev/eval_out/rnn_diverse_noinfluence_seed3_train.h5,377,train,18,8,1,17,680,2000,train,-1.4220024,3.2177708,7,-7
rnn_diverse_noinfluence,3,/juice6/u/jshe/emergent_partner_grid/dev/eval_out/rnn_diverse_noinfluence_seed3_train.h5,378,train,18,8,1,18,883,2000,train,0.1658917,0.24956723,7,-7
rnn_diverse_noinfluence,3,/juice6/u/jshe/emergent_partner_grid/dev/eval_out/rnn_diverse_noinfluence_seed3_train.h5,379,train,18,8,1,19,765,2000,train,0.312672,4.3116026,7,-7
rnn_diverse_noinfluence,3,/juice6/u/jshe/emergent_partner_grid/dev/eval_out/rnn_diverse_noinfluence_seed3_train.h5,380,train,19,8,2,0,667,2000,train,-1.0530561,0.096126065,6,-6
rnn_diverse_noinfluence,3,/juice6/u/jshe/emergent_partner_grid/dev/eval_out/rnn_diverse_noinfluence_seed3_train.h5,381,train,19,8,2,1,787,2000,test,-1.8968332,2.6275697,6,-6
rnn_diverse_noinfluence,3,/juice6/u/jshe/emergent_partner_grid/dev/eval_out/rnn_diverse_noinfluence_seed3_train.h5,382,train,19,8,2,2,675,2000,train,0.2601324,-1.6841432,6,-6
rnn_diverse_noinfluence,3,/juice6/u/jshe/emergent_partner_grid/dev/eval_out/rnn_diverse_noinfluence_seed3_train.h5,383,train,19,8,2,3,661,2000,train,-4.635535,4.0640826,6,-6
rnn_diverse_noinfluence,3,/juice6/u/jshe/emergent_partner_grid/dev/eval_out/rnn_diverse_noinfluence_seed3_train.h5,384,train,19,8,2,4,659,2000,train,-0.48436603,1.5716276,6,-6
rnn_diverse_noinfluence,3,/juice6/u/jshe/emergent_partner_grid/dev/eval_out/rnn_diverse_noinfluence_seed3_train.h5,385,train,19,8,2,5,662,2000,train,-0.28686777,-1.880463,6,-6
rnn_diverse_noinfluence,3,/juice6/u/jshe/emergent_partner_grid/dev/eval_out/rnn_diverse_noinfluence_seed3_train.h5,386,train,19,8,2,6,706,2000,train,-0.049647663,0.27594665,6,-6
rnn_diverse_noinfluence,3,/juice6/u/jshe/emergent_partner_grid/dev/eval_out/rnn_diverse_noinfluence_seed3_train.h5,387,train,19,8,2,7,723,2000,train,-4.2838416,4.809492,6,-6
rnn_diverse_noinfluence,3,/juice6/u/jshe/emergent_partner_grid/dev/eval_out/rnn_diverse_noinfluence_seed3_train.h5,388,train,19,8,2,8,749,2000,train,0.023846716,3.1826875,6,-6
rnn_diverse_noinfluence,3,/juice6/u/jshe/emergent_partner_grid/dev/eval_out/rnn_diverse_noinfluence_seed3_train.h5,389,train,19,8,2,9,771,2000,test,-1.1890337,5.061036,6,-6
rnn_diverse_noinfluence,3,/juice6/u/jshe/emergent_partner_grid/dev/eval_out/rnn_diverse_noinfluence_seed3_train.h5,390,train,19,8,2,10,705,2000,train,-0.92948216,2.2592185,6,-6
rnn_diverse_noinfluence,3,/juice6/u/jshe/emergent_partner_grid/dev/eval_out/rnn_diverse_noinfluence_seed3_train.h5,391,train,19,8,2,11,706,2000,train,-0.11366935,-0.5620403,6,-6
rnn_diverse_noinfluence,3,/juice6/u/jshe/emergent_partner_grid/dev/eval_out/rnn_diverse_noinfluence_seed3_train.h5,392,train,19,8,2,12,781,2000,train,-2.2050717,-0.9412917,6,-6
rnn_diverse_noinfluence,3,/juice6/u/jshe/emergent_partner_grid/dev/eval_out/rnn_diverse_noinfluence_seed3_train.h5,393,train,19,8,2,13,744,2000,train,-0.027386988,2.3915966,6,-6
rnn_diverse_noinfluence,3,/juice6/u/jshe/emergent_partner_grid/dev/eval_out/rnn_diverse_noinfluence_seed3_train.h5,394,train,19,8,2,14,620,2000,test,-1.2547292,5.679693,6,-6
rnn_diverse_noinfluence,3,/juice6/u/jshe/emergent_partner_grid/dev/eval_out/rnn_diverse_noinfluence_seed3_train.h5,395,train,19,8,2,15,718,2000,test,0.10803506,1.0751876,6,-6
rnn_diverse_noinfluence,3,/juice6/u/jshe/emergent_partner_grid/dev/eval_out/rnn_diverse_noinfluence_seed3_train.h5,396,train,19,8,2,16,671,2000,train,-0.9576228,-0.061450966,6,-6
rnn_diverse_noinfluence,3,/juice6/u/jshe/emergent_partner_grid/dev/eval_out/rnn_diverse_noinfluence_seed3_train.h5,397,train,19,8,2,17,789,2000,train,1.501118,0.026995111,6,-6
rnn_diverse_noinfluence,3,/juice6/u/jshe/emergent_partner_grid/dev/eval_out/rnn_diverse_noinfluence_seed3_train.h5,398,train,19,8,2,18,738,2000,train,-1.790463,5.9097314,6,-6
rnn_diverse_noinfluence,3,/juice6/u/jshe/emergent_partner_grid/dev/eval_out/rnn_diverse_noinfluence_seed3_train.h5,399,train,19,8,2,19,727,2000,train,-4.4178214,0.8478022,6,-6
rnn_diverse_noinfluence,3,/juice6/u/jshe/emergent_partner_grid/dev/eval_out/rnn_diverse_noinfluence_seed3_train.h5,400,train,20,8,3,0,738,2000,train,-2.8648782,0.5923306,5,-5
rnn_diverse_noinfluence,3,/juice6/u/jshe/emergent_partner_grid/dev/eval_out/rnn_diverse_noinfluence_seed3_train.h5,401,train,20,8,3,1,740,2000,test,-4.7247705,-0.12980415,5,-5
rnn_diverse_noinfluence,3,/juice6/u/jshe/emergent_partner_grid/dev/eval_out/rnn_diverse_noinfluence_seed3_train.h5,402,train,20,8,3,2,848,2000,train,-3.4175313,-0.92061406,5,-5
rnn_diverse_noinfluence,3,/juice6/u/jshe/emergent_partner_grid/dev/eval_out/rnn_diverse_noinfluence_seed3_train.h5,403,train,20,8,3,3,893,2000,train,1.1474555,1.2540418,5,-5
rnn_diverse_noinfluence,3,/juice6/u/jshe/emergent_partner_grid/dev/eval_out/rnn_diverse_noinfluence_seed3_train.h5,404,train,20,8,3,4,763,2000,train,-0.13773936,1.9628857,5,-5
rnn_diverse_noinfluence,3,/juice6/u/jshe/emergent_partner_grid/dev/eval_out/rnn_diverse_noinfluence_seed3_train.h5,405,train,20,8,3,5,763,2000,train,-0.35091168,-2.0165725,5,-5
rnn_diverse_noinfluence,3,/juice6/u/jshe/emergent_partner_grid/dev/eval_out/rnn_diverse_noinfluence_seed3_train.h5,406,train,20,8,3,6,727,2000,train,-1.9766406,-0.1066128,5,-5
rnn_diverse_noinfluence,3,/juice6/u/jshe/emergent_partner_grid/dev/eval_out/rnn_diverse_noinfluence_seed3_train.h5,407,train,20,8,3,7,832,2000,train,0.069312066,3.3843305,5,-5
rnn_diverse_noinfluence,3,/juice6/u/jshe/emergent_partner_grid/dev/eval_out/rnn_diverse_noinfluence_seed3_train.h5,408,train,20,8,3,8,740,2000,train,-3.8999507,1.5557353,5,-5
rnn_diverse_noinfluence,3,/juice6/u/jshe/emergent_partner_grid/dev/eval_out/rnn_diverse_noinfluence_seed3_train.h5,409,train,20,8,3,9,834,2000,test,-4.099937,-0.9851511,5,-5
rnn_diverse_noinfluence,3,/juice6/u/jshe/emergent_partner_grid/dev/eval_out/rnn_diverse_noinfluence_seed3_train.h5,410,train,20,8,3,10,759,2000,train,-0.79720676,5.3708477,5,-5
rnn_diverse_noinfluence,3,/juice6/u/jshe/emergent_partner_grid/dev/eval_out/rnn_diverse_noinfluence_seed3_train.h5,411,train,20,8,3,11,728,2000,train,0.3157616,1.6653566,5,-5
rnn_diverse_noinfluence,3,/juice6/u/jshe/emergent_partner_grid/dev/eval_out/rnn_diverse_noinfluence_seed3_train.h5,412,train,20,8,3,12,731,2000,train,1.0007559,2.1754308,5,-5
rnn_diverse_noinfluence,3,/juice6/u/jshe/emergent_partner_grid/dev/eval_out/rnn_diverse_noinfluence_seed3_train.h5,413,train,20,8,3,13,697,2000,train,-3.1590943,0.607608,5,-5
rnn_diverse_noinfluence,3,/juice6/u/jshe/emergent_partner_grid/dev/eval_out/rnn_diverse_noinfluence_seed3_train.h5,414,train,20,8,3,14,934,2000,test,-3.9759898,3.7373562,5,-5
rnn_diverse_noinfluence,3,/juice6/u/jshe/emergent_partner_grid/dev/eval_out/rnn_diverse_noinfluence_seed3_train.h5,415,train,20,8,3,15,849,2000,test,-1.4211094,5.1891565,5,-5
rnn_diverse_noinfluence,3,/juice6/u/jshe/emergent_partner_grid/dev/eval_out/rnn_diverse_noinfluence_seed3_train.h5,416,train,20,8,3,16,764,2000,train,-4.0212474,1.6841254,5,-5
rnn_diverse_noinfluence,3,/juice6/u/jshe/emergent_partner_grid/dev/eval_out/rnn_diverse_noinfluence_seed3_train.h5,417,train,20,8,3,17,746,2000,train,-2.150456,4.408676,5,-5
rnn_diverse_noinfluence,3,/juice6/u/jshe/emergent_partner_grid/dev/eval_out/rnn_diverse_noinfluence_seed3_train.h5,418,train,20,8,3,18,838,2000,train,-3.2486732,-0.58993584,5,-5
rnn_diverse_noinfluence,3,/juice6/u/jshe/emergent_partner_grid/dev/eval_out/rnn_diverse_noinfluence_seed3_train.h5,419,train,20,8,3,19,728,2000,train,-1.6485584,-0.9661408,5,-5
rnn_diverse_noinfluence,3,/juice6/u/jshe/emergent_partner_grid/dev/eval_out/rnn_diverse_noinfluence_seed3_test.h5,200,test,10,9,0,0,697,2000,train,-2.0719075,0.7107415,9,-9
rnn_diverse_noinfluence,3,/juice6/u/jshe/emergent_partner_grid/dev/eval_out/rnn_diverse_noinfluence_seed3_test.h5,201,test,10,9,0,1,624,2000,test,-1.3997048,4.0038815,9,-9
rnn_diverse_noinfluence,3,/juice6/u/jshe/emergent_partner_grid/dev/eval_out/rnn_diverse_noinfluence_seed3_test.h5,202,test,10,9,0,2,666,2000,train,-4.337796,0.69988143,9,-9
rnn_diverse_noinfluence,3,/juice6/u/jshe/emergent_partner_grid/dev/eval_out/rnn_diverse_noinfluence_seed3_test.h5,203,test,10,9,0,3,802,2000,train,-1.5756768,1.114734,9,-9
rnn_diverse_noinfluence,3,/juice6/u/jshe/emergent_partner_grid/dev/eval_out/rnn_diverse_noinfluence_seed3_test.h5,204,test,10,9,0,4,807,2000,train,-4.8469963,-0.20022088,9,-9
rnn_diverse_noinfluence,3,/juice6/u/jshe/emergent_partner_grid/dev/eval_out/rnn_diverse_noinfluence_seed3_test.h5,205,test,10,9,0,5,702,2000,train,-0.10703803,-0.006429505,9,-9
rnn_diverse_noinfluence,3,/juice6/u/jshe/emergent_partner_grid/dev/eval_out/rnn_diverse_noinfluence_seed3_test.h5,206,test,10,9,0,6,688,2000,train,1.7730978,2.921686,9,-9
rnn_diverse_noinfluence,3,/juice6/u/jshe/emergent_partner_grid/dev/eval_out/rnn_diverse_noinfluence_seed3_test.h5,207,test,10,9,0,7,693,2000,train,-4.346007,2.4703102,9,-9
rnn_diverse_noinfluence,3,/juice6/u/jshe/emergent_partner_grid/dev/eval_out/rnn_diverse_noinfluence_seed3_test.h5,208,test,10,9,0,8,740,2000,train,0.5048029,1.1110083,9,-9
rnn_diverse_noinfluence,3,/juice6/u/jshe/emergent_partner_grid/dev/eval_out/rnn_diverse_noinfluence_seed3_test.h5,209,test,10,9,0,9,840,2000,test,-2.3189816,1.9472991,9,-9
rnn_diverse_noinfluence,3,/juice6/u/jshe/emergent_partner_grid/dev/eval_out/rnn_diverse_noinfluence_seed3_test.h5,210,test,10,9,0,10,571,2000,train,-4.3560195,-0.46571407,9,-9
rnn_diverse_noinfluence,3,/juice6/u/jshe/emergent_partner_grid/dev/eval_out/rnn_diverse_noinfluence_seed3_test.h5,211,test,10,9,0,11,822,2000,train,-1.3818169,-1.3261324,9,-9
rnn_diverse_noinfluence,3,/juice6/u/jshe/emergent_partner_grid/dev/eval_out/rnn_diverse_noinfluence_seed3_test.h5,212,test,10,9,0,12,771,2000,train,-2.4099,2.4996986,9,-9
rnn_diverse_noinfluence,3,/juice6/u/jshe/emergent_partner_grid/dev/eval_out/rnn_diverse_noinfluence_seed3_test.h5,213,test,10,9,0,13,804,2000,train,-4.966129,0.2379462,9,-9
rnn_diverse_noinfluence,3,/juice6/u/jshe/emergent_partner_grid/dev/eval_out/rnn_diverse_noinfluence_seed3_test.h5,214,test,10,9,0,14,697,2000,test,-1.3632307,-3.1273303e-05,9,-9
rnn_diverse_noinfluence,3,/juice6/u/jshe/emergent_partner_grid/dev/eval_out/rnn_diverse_noinfluence_seed3_test.h5,215,test,10,9,0,15,724,2000,test,-1.8935578,1.2898167,9,-9
rnn_diverse_noinfluence,3,/juice6/u/jshe/emergent_partner_grid/dev/eval_out/rnn_diverse_noinfluence_seed3_test.h5,216,test,10,9,0,16,802,2000,train,-3.0857267,0.54990804,9,-9
rnn_diverse_noinfluence,3,/juice6/u/jshe/emergent_partner_grid/dev/eval_out/rnn_diverse_noinfluence_seed3_test.h5,217,test,10,9,0,17,741,2000,train,-3.7758524,3.7763424,9,-9
rnn_diverse_noinfluence,3,/juice6/u/jshe/emergent_partner_grid/dev/eval_out/rnn_diverse_noinfluence_seed3_test.h5,218,test,10,9,0,18,782,2000,train,-5.5170393,1.8939492,9,-9
rnn_diverse_noinfluence,3,/juice6/u/jshe/emergent_partner_grid/dev/eval_out/rnn_diverse_noinfluence_seed3_test.h5,219,test,10,9,0,19,826,2000,train,-4.893952,3.5740075,9,-9
rnn_diverse_noinfluence,3,/juice6/u/jshe/emergent_partner_grid/dev/eval_out/rnn_diverse_noinfluence_seed3_train.h5,420,train,21,9,1,0,689,2000,train,-1.5195454,-0.41004834,8,-8
rnn_diverse_noinfluence,3,/juice6/u/jshe/emergent_partner_grid/dev/eval_out/rnn_diverse_noinfluence_seed3_train.h5,421,train,21,9,1,1,777,2000,test,-4.206433,4.0558243,8,-8
rnn_diverse_noinfluence,3,/juice6/u/jshe/emergent_partner_grid/dev/eval_out/rnn_diverse_noinfluence_seed3_train.h5,422,train,21,9,1,2,795,2000,train,-4.355907,3.5942159,8,-8
rnn_diverse_noinfluence,3,/juice6/u/jshe/emergent_partner_grid/dev/eval_out/rnn_diverse_noinfluence_seed3_train.h5,423,train,21,9,1,3,687,2000,train,-4.849392,0.72198296,8,-8
rnn_diverse_noinfluence,3,/juice6/u/jshe/emergent_partner_grid/dev/eval_out/rnn_diverse_noinfluence_seed3_train.h5,424,train,21,9,1,4,678,2000,train,-4.5020657,0.7239276,8,-8
rnn_diverse_noinfluence,3,/juice6/u/jshe/emergent_partner_grid/dev/eval_out/rnn_diverse_noinfluence_seed3_train.h5,425,train,21,9,1,5,665,2000,train,-2.312455,-1.0124023,8,-8
rnn_diverse_noinfluence,3,/juice6/u/jshe/emergent_partner_grid/dev/eval_out/rnn_diverse_noinfluence_seed3_train.h5,426,train,21,9,1,6,791,2000,train,-1.0935254,4.9847164,8,-8
rnn_diverse_noinfluence,3,/juice6/u/jshe/emergent_partner_grid/dev/eval_out/rnn_diverse_noinfluence_seed3_train.h5,427,train,21,9,1,7,802,2000,train,-0.5518319,0.5350791,8,-8
rnn_diverse_noinfluence,3,/juice6/u/jshe/emergent_partner_grid/dev/eval_out/rnn_diverse_noinfluence_seed3_train.h5,428,train,21,9,1,8,723,2000,train,-0.32663125,-1.5089717,8,-8
rnn_diverse_noinfluence,3,/juice6/u/jshe/emergent_partner_grid/dev/eval_out/rnn_diverse_noinfluence_seed3_train.h5,429,train,21,9,1,9,694,2000,test,-3.355565,5.462321,8,-8
rnn_diverse_noinfluence,3,/juice6/u/jshe/emergent_partner_grid/dev/eval_out/rnn_diverse_noinfluence_seed3_train.h5,430,train,21,9,1,10,692,2000,train,-2.4695606,5.1994314,8,-8
rnn_diverse_noinfluence,3,/juice6/u/jshe/emergent_partner_grid/dev/eval_out/rnn_diverse_noinfluence_seed3_train.h5,431,train,21,9,1,11,652,2000,train,-1.0146655,0.035694446,8,-8
rnn_diverse_noinfluence,3,/juice6/u/jshe/emergent_partner_grid/dev/eval_out/rnn_diverse_noinfluence_seed3_train.h5,432,train,21,9,1,12,916,2000,train,0.80032235,1.6359876,8,-8
rnn_diverse_noinfluence,3,/juice6/u/jshe/emergent_partner_grid/dev/eval_out/rnn_diverse_noinfluence_seed3_train.h5,433,train,21,9,1,13,675,2000,train,-2.5406997,0.10293066,8,-8
rnn_diverse_noinfluence,3,/juice6/u/jshe/emergent_partner_grid/dev/eval_out/rnn_diverse_noinfluence_seed3_train.h5,434,train,21,9,1,14,668,2000,test,-4.890707,3.0459015,8,-8
rnn_diverse_noinfluence,3,/juice6/u/jshe/emergent_partner_grid/dev/eval_out/rnn_diverse_noinfluence_seed3_train.h5,435,train,21,9,1,15,791,2000,test,0.68463755,0.40502214,8,-8
rnn_diverse_noinfluence,3,/juice6/u/jshe/emergent_partner_grid/dev/eval_out/rnn_diverse_noinfluence_seed3_train.h5,436,train,21,9,1,16,734,2000,train,-1.9250416,0.9541371,8,-8
rnn_diverse_noinfluence,3,/juice6/u/jshe/emergent_partner_grid/dev/eval_out/rnn_diverse_noinfluence_seed3_train.h5,437,train,21,9,1,17,699,2000,train,1.496443,-0.34729716,8,-8
rnn_diverse_noinfluence,3,/juice6/u/jshe/emergent_partner_grid/dev/eval_out/rnn_diverse_noinfluence_seed3_train.h5,438,train,21,9,1,18,842,2000,train,0.61854106,-1.5952085,8,-8
rnn_diverse_noinfluence,3,/juice6/u/jshe/emergent_partner_grid/dev/eval_out/rnn_diverse_noinfluence_seed3_train.h5,439,train,21,9,1,19,741,2000,train,-0.44635388,-2.1232734,8,-8
rnn_diverse_noinfluence,3,/juice6/u/jshe/emergent_partner_grid/dev/eval_out/rnn_diverse_noinfluence_seed3_train.h5,440,train,22,9,2,0,742,2000,train,-4.061689,4.2809534,7,-7
rnn_diverse_noinfluence,3,/juice6/u/jshe/emergent_partner_grid/dev/eval_out/rnn_diverse_noinfluence_seed3_train.h5,441,train,22,9,2,1,696,2000,test,-5.5172296,1.2627093,7,-7
rnn_diverse_noinfluence,3,/juice6/u/jshe/emergent_partner_grid/dev/eval_out/rnn_diverse_noinfluence_seed3_train.h5,442,train,22,9,2,2,928,2000,train,0.730041,-0.92693806,7,-7
rnn_diverse_noinfluence,3,/juice6/u/jshe/emergent_partner_grid/dev/eval_out/rnn_diverse_noinfluence_seed3_train.h5,443,train,22,9,2,3,798,2000,train,-0.25060165,3.0307286,7,-7
rnn_diverse_noinfluence,3,/juice6/u/jshe/emergent_partner_grid/dev/eval_out/rnn_diverse_noinfluence_seed3_train.h5,444,train,22,9,2,4,745,2000,train,-4.259962,-0.4263317,7,-7
rnn_diverse_noinfluence,3,/juice6/u/jshe/emergent_partner_grid/dev/eval_out/rnn_diverse_noinfluence_seed3_train.h5,445,train,22,9,2,5,716,2000,train,-3.9599104,4.4901285,7,-7
rnn_diverse_noinfluence,3,/juice6/u/jshe/emergent_partner_grid/dev/eval_out/rnn_diverse_noinfluence_seed3_train.h5,446,train,22,9,2,6,759,2000,train,-1.8498313,3.1599262,7,-7
rnn_diverse_noinfluence,3,/juice6/u/jshe/emergent_partner_grid/dev/eval_out/rnn_diverse_noinfluence_seed3_train.h5,447,train,22,9,2,7,721,2000,train,-5.110789,3.168654,7,-7
rnn_diverse_noinfluence,3,/juice6/u/jshe/emergent_partner_grid/dev/eval_out/rnn_diverse_noinfluence_seed3_train.h5,448,train,22,9,2,8,700,2000,train,-2.4593604,0.34233153,7,-7
rnn_diverse_noinfluence,3,/juice6/u/jshe/emergent_partner_grid/dev/eval_out/rnn_diverse_noinfluence_seed3_train.h5,449,train,22,9,2,9,823,2000,test,1.1591758,2.397481,7,-7
rnn_diverse_noinfluence,3,/juice6/u/jshe/emergent_partner_grid/dev/eval_out/rnn_diverse_noinfluence_seed3_train.h5,450,train,22,9,2,10,898,2000,train,0.48686305,3.5053613,7,-7
rnn_diverse_noinfluence,3,/juice6/u/jshe/emergent_partner_grid/dev/eval_out/rnn_diverse_noinfluence_seed3_train.h5,451,train,22,9,2,11,895,2000,train,-0.32877484,-0.1868824,7,-7
rnn_diverse_noinfluence,3,/juice6/u/jshe/emergent_partner_grid/dev/eval_out/rnn_diverse_noinfluence_seed3_train.h5,452,train,22,9,2,12,767,2000,train,-4.9509034,0.23474571,7,-7
rnn_diverse_noinfluence,3,/juice6/u/jshe/emergent_partner_grid/dev/eval_out/rnn_diverse_noinfluence_seed3_train.h5,453,train,22,9,2,13,801,2000,train,-0.9906314,1.5016551,7,-7
rnn_diverse_noinfluence,3,/juice6/u/jshe/emergent_partner_grid/dev/eval_out/rnn_diverse_noinfluence_seed3_train.h5,454,train,22,9,2,14,775,2000,test,-1.9556131,-1.7093259,7,-7
rnn_diverse_noinfluence,3,/juice6/u/jshe/emergent_partner_grid/dev/eval_out/rnn_diverse_noinfluence_seed3_train.h5,455,train,22,9,2,15,676,2000,test,-2.8111758,-0.33660996,7,-7
rnn_diverse_noinfluence,3,/juice6/u/jshe/emergent_partner_grid/dev/eval_out/rnn_diverse_noinfluence_seed3_train.h5,456,train,22,9,2,16,810,2000,train,0.35939896,3.1317573,7,-7
rnn_diverse_noinfluence,3,/juice6/u/jshe/emergent_partner_grid/dev/eval_out/rnn_diverse_noinfluence_seed3_train.h5,457,train,22,9,2,17,924,2000,train,-5.0365524,3.793088,7,-7
rnn_diverse_noinfluence,3,/juice6/u/jshe/emergent_partner_grid/dev/eval_out/rnn_diverse_noinfluence_seed3_train.h5,458,train,22,9,2,18,751,2000,train,1.6856941,0.9936953,7,-7
rnn_diverse_noinfluence,3,/juice6/u/jshe/emergent_partner_grid/dev/eval_out/rnn_diverse_noinfluence_seed3_train.h5,459,train,22,9,2,19,774,2000,train,-2.8357553,2.353863,7,-7
rnn_diverse_noinfluence,3,/juice6/u/jshe/emergent_partner_grid/dev/eval_out/rnn_diverse_noinfluence_seed3_train.h5,460,train,23,9,3,0,824,2000,train,-1.7860463,1.5383966,6,-6
rnn_diverse_noinfluence,3,/juice6/u/jshe/emergent_partner_grid/dev/eval_out/rnn_diverse_noinfluence_seed3_train.h5,461,train,23,9,3,1,800,2000,test,-3.5514703,2.3125913,6,-6
rnn_diverse_noinfluence,3,/juice6/u/jshe/emergent_partner_grid/dev/eval_out/rnn_diverse_noinfluence_seed3_train.h5,462,train,23,9,3,2,838,2000,train,1.6500252,1.6225107,6,-6
rnn_diverse_noinfluence,3,/juice6/u/jshe/emergent_partner_grid/dev/eval_out/rnn_diverse_noinfluence_seed3_train.h5,463,train,23,9,3,3,860,2000,train,-1.4439424,-1.9854996,6,-6
rnn_diverse_noinfluence,3,/juice6/u/jshe/emergent_partner_grid/dev/eval_out/rnn_diverse_noinfluence_seed3_train.h5,464,train,23,9,3,4,712,2000,train,-5.5825,1.3839678,6,-6
rnn_diverse_noinfluence,3,/juice6/u/jshe/emergent_partner_grid/dev/eval_out/rnn_diverse_noinfluence_seed3_train.h5,465,train,23,9,3,5,807,2000,train,-3.2927182,-1.5649353,6,-6
rnn_diverse_noinfluence,3,/juice6/u/jshe/emergent_partner_grid/dev/eval_out/rnn_diverse_noinfluence_seed3_train.h5,466,train,23,9,3,6,899,2000,train,-1.7280495,5.6843395,6,-6
rnn_diverse_noinfluence,3,/juice6/u/jshe/emergent_partner_grid/dev/eval_out/rnn_diverse_noinfluence_seed3_train.h5,467,train,23,9,3,7,777,2000,train,-4.3110404,3.9093587,6,-6
rnn_diverse_noinfluence,3,/juice6/u/jshe/emergent_partner_grid/dev/eval_out/rnn_diverse_noinfluence_seed3_train.h5,468,train,23,9,3,8,829,2000,train,0.8303205,1.1046048,6,-6
rnn_diverse_noinfluence,3,/juice6/u/jshe/emergent_partner_grid/dev/eval_out/rnn_diverse_noinfluence_seed3_train.h5,469,train,23,9,3,9,670,2000,test,-4.435854,-0.53171015,6,-6
rnn_diverse_noinfluence,3,/juice6/u/jshe/emergent_partner_grid/dev/eval_out/rnn_diverse_noinfluence_seed3_train.h5,470,train,23,9,3,10,761,2000,train,-2.3771596,-1.1987606,6,-6
rnn_diverse_noinfluence,3,/juice6/u/jshe/emergent_partner_grid/dev/eval_out/rnn_diverse_noinfluence_seed3_train.h5,471,train,23,9,3,11,790,2000,train,-3.1077352,1.9598775,6,-6
rnn_diverse_noinfluence,3,/juice6/u/jshe/emergent_partner_grid/dev/eval_out/rnn_diverse_noinfluence_seed3_train.h5,472,train,23,9,3,12,836,2000,train,-5.0765057,1.3144953,6,-6
rnn_diverse_noinfluence,3,/juice6/u/jshe/emergent_partner_grid/dev/eval_out/rnn_diverse_noinfluence_seed3_train.h5,473,train,23,9,3,13,774,2000,train,2.071429,0.48680943,6,-6
rnn_diverse_noinfluence,3,/juice6/u/jshe/emergent_partner_grid/dev/eval_out/rnn_diverse_noinfluence_seed3_train.h5,474,train,23,9,3,14,842,2000,test,-2.6375105,5.0420284,6,-6
rnn_diverse_noinfluence,3,/juice6/u/jshe/emergent_partner_grid/dev/eval_out/rnn_diverse_noinfluence_seed3_train.h5,475,train,23,9,3,15,762,2000,test,1.6322001,3.60849,6,-6
rnn_diverse_noinfluence,3,/juice6/u/jshe/emergent_partner_grid/dev/eval_out/rnn_diverse_noinfluence_seed3_train.h5,476,train,23,9,3,16,765,2000,train,-3.32639,4.2420735,6,-6
rnn_diverse_noinfluence,3,/juice6/u/jshe/emergent_partner_grid/dev/eval_out/rnn_diverse_noinfluence_seed3_train.h5,477,train,23,9,3,17,758,2000,train,-4.753868,-0.19087157,6,-6
rnn_diverse_noinfluence,3,/juice6/u/jshe/emergent_partner_grid/dev/eval_out/rnn_diverse_noinfluence_seed3_train.h5,478,train,23,9,3,18,873,2000,train,-0.7877172,-1.9920049,6,-6
rnn_diverse_noinfluence,3,/juice6/u/jshe/emergent_partner_grid/dev/eval_out/rnn_diverse_noinfluence_seed3_train.h5,479,train,23,9,3,19,850,2000,train,-2.4381242,-1.8996378,6,-6
