[main] compiling and running 1 seed(s)...
[counterbalanced schedule] {'sampling_protocol': 'paired_counterbalanced_v1', 'seed': 2026, 'n_layouts': 1096, 'n_profiles': 24, 'rounds_per_episode': 20, 'passes_per_cycle': 5, 'episodes_per_profile_per_cycle': 274, 'rounds_per_cycle': 131520, 'visits_per_profile_layout_per_cycle': 5, 'packets': 125218, 'preallocated_episodes': 3005232, 'preallocated_rounds': 60104640, 'maximum_allocated_episode_imbalance_at_any_prefix': 1}
[u    1] env=    65536 rsucc=0.363 n_rounds=  639 ret=+0.000 len= 0.0 ent(t0,t>=1)=(0.693,1.609) aL=-0.0001 vL=0.0317 t0=[red=0.50 blue=0.50]
[u    2] env=   131072 rsucc=0.355 n_rounds=  811 ret=+0.000 len= 0.0 ent(t0,t>=1)=(0.690,1.609) aL=-0.0004 vL=0.0267 t0=[red=0.50 blue=0.50]
[u    3] env=   196608 rsucc=0.392 n_rounds=  785 ret=+0.000 len= 0.0 ent(t0,t>=1)=(0.680,1.606) aL=-0.0002 vL=0.0224 t0=[red=0.54 blue=0.46]
[u    4] env=   262144 rsucc=0.368 n_rounds=  790 ret=+0.000 len= 0.0 ent(t0,t>=1)=(0.680,1.602) aL=-0.0008 vL=0.0194 t0=[red=0.62 blue=0.38]
[u    5] env=   327680 rsucc=0.362 n_rounds=  778 ret=+0.000 len= 0.0 ent(t0,t>=1)=(0.684,1.582) aL=-0.0014 vL=0.0172 t0=[red=0.55 blue=0.45]
[u    6] env=   393216 rsucc=0.336 n_rounds=  762 ret=-4.966 len=1469.9 ent(t0,t>=1)=(0.678,1.582) aL=-0.0005 vL=0.0181 t0=[red=0.58 blue=0.42]
[u    7] env=   458752 rsucc=0.344 n_rounds=  781 ret=-9.216 len=1669.9 ent(t0,t>=1)=(0.664,1.596) aL=-0.0007 vL=0.0253 t0=[red=0.58 blue=0.42]
[u    8] env=   524288 rsucc=0.414 n_rounds=  805 ret=-13.619 len=1837.7 ent(t0,t>=1)=(0.623,1.598) aL=-0.0012 vL=0.0220 t0=[red=0.67 blue=0.33]
[u    9] env=   589824 rsucc=0.372 n_rounds=  811 ret=+0.000 len= 0.0 ent(t0,t>=1)=(0.628,1.580) aL=-0.0008 vL=0.0189 t0=[red=0.71 blue=0.29]
[u   10] env=   655360 rsucc=0.422 n_rounds=  822 ret=+0.000 len= 0.0 ent(t0,t>=1)=(0.603,1.579) aL=-0.0023 vL=0.0214 t0=[red=0.67 blue=0.33]
[u   11] env=   720896 rsucc=0.405 n_rounds=  804 ret=-1.205 len=1332.5 ent(t0,t>=1)=(0.585,1.556) aL=-0.0019 vL=0.0194 t0=[red=0.74 blue=0.26]
[u   12] env=   786432 rsucc=0.373 n_rounds=  800 ret=-3.652 len=1432.9 ent(t0,t>=1)=(0.637,1.570) aL=-0.0016 vL=0.0199 t0=[red=0.67 blue=0.33]
[u   13] env=   851968 rsucc=0.373 n_rounds=  790 ret=-7.483 len=1595.3 ent(t0,t>=1)=(0.660,1.567) aL=-0.0015 vL=0.0238 t0=[red=0.62 blue=0.38]
[u   14] env=   917504 rsucc=0.351 n_rounds=  781 ret=-9.980 len=1691.4 ent(t0,t>=1)=(0.690,1.559) aL=-0.0026 vL=0.0201 t0=[red=0.57 blue=0.43]
[u   15] env=   983040 rsucc=0.400 n_rounds=  798 ret=-13.802 len=1831.3 ent(t0,t>=1)=(0.685,1.546) aL=-0.0029 vL=0.0191 t0=[red=0.56 blue=0.44]
[u   16] env=  1048576 rsucc=0.439 n_rounds=  832 ret=+0.000 len= 0.0 ent(t0,t>=1)=(0.677,1.527) aL=-0.0027 vL=0.0213 t0=[red=0.47 blue=0.53]
[u   17] env=  1114112 rsucc=0.389 n_rounds=  786 ret=-6.577 len=1499.3 ent(t0,t>=1)=(0.671,1.536) aL=-0.0037 vL=0.0174 t0=[red=0.42 blue=0.58]
[u   18] env=  1179648 rsucc=0.379 n_rounds=  791 ret=-6.891 len=1559.2 ent(t0,t>=1)=(0.670,1.533) aL=-0.0037 vL=0.0167 t0=[red=0.43 blue=0.57]
[u   19] env=  1245184 rsucc=0.403 n_rounds=  826 ret=-6.655 len=1558.9 ent(t0,t>=1)=(0.660,1.523) aL=-0.0041 vL=0.0205 t0=[red=0.39 blue=0.61]
[u   20] env=  1310720 rsucc=0.455 n_rounds=  820 ret=-8.373 len=1652.6 ent(t0,t>=1)=(0.632,1.532) aL=-0.0044 vL=0.0240 t0=[red=0.39 blue=0.61]
[u   21] env=  1376256 rsucc=0.444 n_rounds=  822 ret=-10.286 len=1711.5 ent(t0,t>=1)=(0.667,1.536) aL=-0.0045 vL=0.0225 t0=[red=0.31 blue=0.69]
[u   22] env=  1441792 rsucc=0.484 n_rounds=  861 ret=-11.694 len=1775.3 ent(t0,t>=1)=(0.676,1.527) aL=-0.0058 vL=0.0224 t0=[red=0.37 blue=0.63]
[u   23] env=  1507328 rsucc=0.504 n_rounds=  859 ret=-6.110 len=1545.2 ent(t0,t>=1)=(0.656,1.518) aL=-0.0044 vL=0.0232 t0=[red=0.44 blue=0.56]
[u   24] env=  1572864 rsucc=0.519 n_rounds=  847 ret=-1.606 len=1372.6 ent(t0,t>=1)=(0.606,1.520) aL=-0.0053 vL=0.0247 t0=[red=0.36 blue=0.64]
[u   25] env=  1638400 rsucc=0.569 n_rounds=  915 ret=-4.075 len=1476.9 ent(t0,t>=1)=(0.553,1.507) aL=-0.0066 vL=0.0306 t0=[red=0.30 blue=0.70]
[u   26] env=  1703936 rsucc=0.581 n_rounds=  895 ret=-5.577 len=1556.3 ent(t0,t>=1)=(0.531,1.484) aL=-0.0064 vL=0.0281 t0=[red=0.23 blue=0.77]
[u   27] env=  1769472 rsucc=0.610 n_rounds=  953 ret=-6.584 len=1591.0 ent(t0,t>=1)=(0.496,1.478) aL=-0.0075 vL=0.0289 t0=[red=0.22 blue=0.78]
[u   28] env=  1835008 rsucc=0.670 n_rounds= 1007 ret=-6.797 len=1634.5 ent(t0,t>=1)=(0.411,1.451) aL=-0.0087 vL=0.0300 t0=[red=0.19 blue=0.81]
[u   29] env=  1900544 rsucc=0.804 n_rounds= 1135 ret=+4.496 len=1108.7 ent(t0,t>=1)=(0.376,1.418) aL=-0.0116 vL=0.0364 t0=[red=0.15 blue=0.85]
[u   30] env=  1966080 rsucc=0.823 n_rounds= 1130 ret=+2.379 len=1220.1 ent(t0,t>=1)=(0.349,1.407) aL=-0.0109 vL=0.0327 t0=[red=0.13 blue=0.87]
[u   31] env=  2031616 rsucc=0.835 n_rounds= 1150 ret=+2.484 len=1256.8 ent(t0,t>=1)=(0.342,1.390) aL=-0.0109 vL=0.0300 t0=[red=0.13 blue=0.87]
[u   32] env=  2097152 rsucc=0.795 n_rounds= 1171 ret=+0.517 len=1383.6 ent(t0,t>=1)=(0.296,1.378) aL=-0.0096 vL=0.0318 t0=[red=0.14 blue=0.86]
[u   33] env=  2162688 rsucc=0.851 n_rounds= 1279 ret=+6.475 len=1042.2 ent(t0,t>=1)=(0.243,1.371) aL=-0.0124 vL=0.0349 t0=[red=0.10 blue=0.90]
[u   34] env=  2228224 rsucc=0.843 n_rounds= 1264 ret=+7.343 len=960.9 ent(t0,t>=1)=(0.248,1.341) aL=-0.0102 vL=0.0309 t0=[red=0.08 blue=0.92]
[u   35] env=  2293760 rsucc=0.885 n_rounds= 1340 ret=+5.646 len=1091.6 ent(t0,t>=1)=(0.203,1.321) aL=-0.0082 vL=0.0332 t0=[red=0.07 blue=0.93]
[u   36] env=  2359296 rsucc=0.825 n_rounds= 1279 ret=+5.764 len=1113.3 ent(t0,t>=1)=(0.172,1.317) aL=-0.0090 vL=0.0335 t0=[red=0.07 blue=0.93]
[u   37] env=  2424832 rsucc=0.891 n_rounds= 1434 ret=+7.862 len=967.6 ent(t0,t>=1)=(0.138,1.293) aL=-0.0100 vL=0.0330 t0=[red=0.06 blue=0.94]
[u   38] env=  2490368 rsucc=0.875 n_rounds= 1347 ret=+8.481 len=910.0 ent(t0,t>=1)=(0.118,1.268) aL=-0.0082 vL=0.0290 t0=[red=0.04 blue=0.96]
[u   39] env=  2555904 rsucc=0.867 n_rounds= 1355 ret=+7.673 len=982.0 ent(t0,t>=1)=(0.099,1.222) aL=-0.0083 vL=0.0301 t0=[red=0.04 blue=0.96]
[u   40] env=  2621440 rsucc=0.882 n_rounds= 1467 ret=+7.994 len=968.1 ent(t0,t>=1)=(0.078,1.201) aL=-0.0069 vL=0.0345 t0=[red=0.01 blue=0.99]
[u   41] env=  2686976 rsucc=0.865 n_rounds= 1366 ret=+8.997 len=883.1 ent(t0,t>=1)=(0.073,1.192) aL=-0.0081 vL=0.0297 t0=[red=0.02 blue=0.98]
[u   42] env=  2752512 rsucc=0.839 n_rounds= 1294 ret=+8.115 len=951.0 ent(t0,t>=1)=(0.079,1.224) aL=-0.0064 vL=0.0296 t0=[red=0.02 blue=0.98]
[u   43] env=  2818048 rsucc=0.847 n_rounds= 1376 ret=+8.252 len=950.0 ent(t0,t>=1)=(0.075,1.243) aL=-0.0089 vL=0.0330 t0=[red=0.02 blue=0.98]
[u   44] env=  2883584 rsucc=0.895 n_rounds= 1486 ret=+7.531 len=981.0 ent(t0,t>=1)=(0.051,1.220) aL=-0.0085 vL=0.0330 t0=[red=0.01 blue=0.99]
[u   45] env=  2949120 rsucc=0.886 n_rounds= 1449 ret=+8.108 len=931.1 ent(t0,t>=1)=(0.059,1.188) aL=-0.0081 vL=0.0316 t0=[red=0.01 blue=0.99]
[u   46] env=  3014656 rsucc=0.867 n_rounds= 1313 ret=+8.019 len=949.9 ent(t0,t>=1)=(0.067,1.218) aL=-0.0094 vL=0.0279 t0=[red=0.02 blue=0.98]
[u   47] env=  3080192 rsucc=0.853 n_rounds= 1371 ret=+7.384 len=970.3 ent(t0,t>=1)=(0.077,1.232) aL=-0.0098 vL=0.0289 t0=[red=0.03 blue=0.97]
[u   48] env=  3145728 rsucc=0.820 n_rounds= 1283 ret=+6.867 len=1016.0 ent(t0,t>=1)=(0.056,1.202) aL=-0.0074 vL=0.0275 t0=[red=0.01 blue=0.99]
[u   49] env=  3211264 rsucc=0.840 n_rounds= 1398 ret=+7.181 len=988.4 ent(t0,t>=1)=(0.090,1.199) aL=-0.0084 vL=0.0311 t0=[red=0.02 blue=0.98]
[u   50] env=  3276800 rsucc=0.854 n_rounds= 1414 ret=+7.845 len=912.0 ent(t0,t>=1)=(0.089,1.169) aL=-0.0097 vL=0.0320 t0=[red=0.03 blue=0.97]
[u   51] env=  3342336 rsucc=0.865 n_rounds= 1483 ret=+7.368 len=978.9 ent(t0,t>=1)=(0.104,1.175) aL=-0.0087 vL=0.0334 t0=[red=0.02 blue=0.98]
[u   52] env=  3407872 rsucc=0.901 n_rounds= 1514 ret=+8.845 len=888.2 ent(t0,t>=1)=(0.130,1.169) aL=-0.0107 vL=0.0315 t0=[red=0.05 blue=0.95]
[u   53] env=  3473408 rsucc=0.890 n_rounds= 1445 ret=+9.769 len=833.9 ent(t0,t>=1)=(0.101,1.207) aL=-0.0107 vL=0.0318 t0=[red=0.04 blue=0.96]
[u   54] env=  3538944 rsucc=0.890 n_rounds= 1469 ret=+9.291 len=870.1 ent(t0,t>=1)=(0.118,1.185) aL=-0.0112 vL=0.0328 t0=[red=0.04 blue=0.96]
[u   55] env=  3604480 rsucc=0.921 n_rounds= 1644 ret=+9.006 len=879.0 ent(t0,t>=1)=(0.110,1.194) aL=-0.0105 vL=0.0361 t0=[red=0.03 blue=0.97]
[u   56] env=  3670016 rsucc=0.927 n_rounds= 1579 ret=+10.000 len=838.9 ent(t0,t>=1)=(0.121,1.195) aL=-0.0117 vL=0.0336 t0=[red=0.04 blue=0.96]
[u   57] env=  3735552 rsucc=0.905 n_rounds= 1479 ret=+8.544 len=947.7 ent(t0,t>=1)=(0.158,1.205) aL=-0.0111 vL=0.0309 t0=[red=0.05 blue=0.95]
[u   58] env=  3801088 rsucc=0.888 n_rounds= 1468 ret=+9.883 len=852.5 ent(t0,t>=1)=(0.139,1.192) aL=-0.0103 vL=0.0312 t0=[red=0.06 blue=0.94]
[u   59] env=  3866624 rsucc=0.894 n_rounds= 1458 ret=+10.337 len=828.7 ent(t0,t>=1)=(0.209,1.217) aL=-0.0115 vL=0.0312 t0=[red=0.10 blue=0.90]
[u   60] env=  3932160 rsucc=0.902 n_rounds= 1388 ret=+9.620 len=883.1 ent(t0,t>=1)=(0.265,1.259) aL=-0.0132 vL=0.0310 t0=[red=0.12 blue=0.88]
[u   61] env=  3997696 rsucc=0.862 n_rounds= 1452 ret=+8.529 len=938.5 ent(t0,t>=1)=(0.259,1.207) aL=-0.0112 vL=0.0350 t0=[red=0.16 blue=0.84]
[u   62] env=  4063232 rsucc=0.856 n_rounds= 1411 ret=+8.661 len=915.8 ent(t0,t>=1)=(0.274,1.232) aL=-0.0139 vL=0.0328 t0=[red=0.13 blue=0.87]
[u   63] env=  4128768 rsucc=0.884 n_rounds= 1470 ret=+8.929 len=889.0 ent(t0,t>=1)=(0.316,1.223) aL=-0.0131 vL=0.0348 t0=[red=0.18 blue=0.82]
[u   64] env=  4194304 rsucc=0.914 n_rounds= 1540 ret=+8.622 len=928.3 ent(t0,t>=1)=(0.323,1.219) aL=-0.0136 vL=0.0336 t0=[red=0.21 blue=0.79]
[u   65] env=  4259840 rsucc=0.923 n_rounds= 1614 ret=+9.384 len=871.3 ent(t0,t>=1)=(0.321,1.240) aL=-0.0156 vL=0.0339 t0=[red=0.22 blue=0.78]
[u   66] env=  4325376 rsucc=0.905 n_rounds= 1555 ret=+9.119 len=885.9 ent(t0,t>=1)=(0.321,1.204) aL=-0.0137 vL=0.0395 t0=[red=0.29 blue=0.71]
[u   67] env=  4390912 rsucc=0.904 n_rounds= 1547 ret=+9.723 len=848.8 ent(t0,t>=1)=(0.302,1.188) aL=-0.0137 vL=0.0373 t0=[red=0.30 blue=0.70]
[u   68] env=  4456448 rsucc=0.884 n_rounds= 1525 ret=+9.849 len=821.6 ent(t0,t>=1)=(0.307,1.193) aL=-0.0152 vL=0.0363 t0=[red=0.33 blue=0.67]
[u   69] env=  4521984 rsucc=0.907 n_rounds= 1605 ret=+9.151 len=883.5 ent(t0,t>=1)=(0.305,1.184) aL=-0.0137 vL=0.0382 t0=[red=0.39 blue=0.61]
[u   70] env=  4587520 rsucc=0.911 n_rounds= 1610 ret=+9.617 len=855.1 ent(t0,t>=1)=(0.275,1.169) aL=-0.0138 vL=0.0376 t0=[red=0.37 blue=0.63]
[u   71] env=  4653056 rsucc=0.899 n_rounds= 1591 ret=+10.488 len=782.2 ent(t0,t>=1)=(0.245,1.174) aL=-0.0132 vL=0.0401 t0=[red=0.26 blue=0.74]
[u   72] env=  4718592 rsucc=0.881 n_rounds= 1549 ret=+10.888 len=787.7 ent(t0,t>=1)=(0.233,1.178) aL=-0.0126 vL=0.0352 t0=[red=0.22 blue=0.78]
[u   73] env=  4784128 rsucc=0.898 n_rounds= 1661 ret=+10.629 len=787.3 ent(t0,t>=1)=(0.242,1.177) aL=-0.0143 vL=0.0393 t0=[red=0.29 blue=0.71]
[u   74] env=  4849664 rsucc=0.907 n_rounds= 1704 ret=+9.290 len=849.1 ent(t0,t>=1)=(0.256,1.165) aL=-0.0124 vL=0.0425 t0=[red=0.36 blue=0.64]
[u   75] env=  4915200 rsucc=0.887 n_rounds= 1598 ret=+9.771 len=816.5 ent(t0,t>=1)=(0.233,1.172) aL=-0.0145 vL=0.0432 t0=[red=0.45 blue=0.55]
[u   76] env=  4980736 rsucc=0.899 n_rounds= 1650 ret=+9.632 len=828.0 ent(t0,t>=1)=(0.231,1.201) aL=-0.0144 vL=0.0467 t0=[red=0.37 blue=0.63]
[u   77] env=  5046272 rsucc=0.906 n_rounds= 1620 ret=+10.582 len=768.3 ent(t0,t>=1)=(0.234,1.228) aL=-0.0154 vL=0.0436 t0=[red=0.40 blue=0.60]
[u   78] env=  5111808 rsucc=0.902 n_rounds= 1674 ret=+10.639 len=775.5 ent(t0,t>=1)=(0.242,1.224) aL=-0.0150 vL=0.0420 t0=[red=0.46 blue=0.54]
[u   79] env=  5177344 rsucc=0.906 n_rounds= 1698 ret=+9.580 len=836.9 ent(t0,t>=1)=(0.201,1.195) aL=-0.0145 vL=0.0444 t0=[red=0.51 blue=0.49]
[u   80] env=  5242880 rsucc=0.910 n_rounds= 1642 ret=+10.826 len=766.1 ent(t0,t>=1)=(0.201,1.187) aL=-0.0149 vL=0.0433 t0=[red=0.52 blue=0.48]
[u   81] env=  5308416 rsucc=0.905 n_rounds= 1630 ret=+10.569 len=788.3 ent(t0,t>=1)=(0.196,1.195) aL=-0.0146 vL=0.0412 t0=[red=0.62 blue=0.38]
[u   82] env=  5373952 rsucc=0.897 n_rounds= 1582 ret=+10.637 len=778.1 ent(t0,t>=1)=(0.197,1.196) aL=-0.0130 vL=0.0396 t0=[red=0.58 blue=0.42]
[u   83] env=  5439488 rsucc=0.864 n_rounds= 1587 ret=+10.056 len=801.3 ent(t0,t>=1)=(0.201,1.182) aL=-0.0144 vL=0.0424 t0=[red=0.51 blue=0.49]
[u   84] env=  5505024 rsucc=0.919 n_rounds= 1723 ret=+9.389 len=856.8 ent(t0,t>=1)=(0.172,1.191) aL=-0.0168 vL=0.0408 t0=[red=0.50 blue=0.50]
[u   85] env=  5570560 rsucc=0.908 n_rounds= 1661 ret=+10.530 len=762.8 ent(t0,t>=1)=(0.172,1.194) aL=-0.0168 vL=0.0481 t0=[red=0.41 blue=0.59]
[u   86] env=  5636096 rsucc=0.913 n_rounds= 1764 ret=+10.737 len=768.0 ent(t0,t>=1)=(0.155,1.164) aL=-0.0182 vL=0.0472 t0=[red=0.32 blue=0.68]
[u   87] env=  5701632 rsucc=0.909 n_rounds= 1777 ret=+10.737 len=758.2 ent(t0,t>=1)=(0.170,1.149) aL=-0.0158 vL=0.0450 t0=[red=0.42 blue=0.58]
[u   88] env=  5767168 rsucc=0.906 n_rounds= 1718 ret=+10.810 len=758.7 ent(t0,t>=1)=(0.160,1.165) aL=-0.0160 vL=0.0429 t0=[red=0.46 blue=0.54]
[u   89] env=  5832704 rsucc=0.900 n_rounds= 1651 ret=+10.437 len=765.9 ent(t0,t>=1)=(0.156,1.182) aL=-0.0175 vL=0.0422 t0=[red=0.59 blue=0.41]
[u   90] env=  5898240 rsucc=0.899 n_rounds= 1534 ret=+10.195 len=793.2 ent(t0,t>=1)=(0.139,1.173) aL=-0.0150 vL=0.0386 t0=[red=0.61 blue=0.39]
[u   91] env=  5963776 rsucc=0.883 n_rounds= 1672 ret=+10.537 len=775.2 ent(t0,t>=1)=(0.160,1.165) aL=-0.0155 vL=0.0411 t0=[red=0.54 blue=0.46]
[u   92] env=  6029312 rsucc=0.896 n_rounds= 1669 ret=+9.343 len=839.9 ent(t0,t>=1)=(0.166,1.176) aL=-0.0169 vL=0.0439 t0=[red=0.56 blue=0.44]
[u   93] env=  6094848 rsucc=0.915 n_rounds= 1731 ret=+9.947 len=801.9 ent(t0,t>=1)=(0.126,1.154) aL=-0.0149 vL=0.0452 t0=[red=0.52 blue=0.48]
[u   94] env=  6160384 rsucc=0.923 n_rounds= 1752 ret=+10.689 len=767.0 ent(t0,t>=1)=(0.140,1.137) aL=-0.0162 vL=0.0456 t0=[red=0.55 blue=0.45]
[u   95] env=  6225920 rsucc=0.902 n_rounds= 1728 ret=+11.030 len=758.9 ent(t0,t>=1)=(0.147,1.146) aL=-0.0169 vL=0.0436 t0=[red=0.52 blue=0.48]
[u   96] env=  6291456 rsucc=0.930 n_rounds= 1767 ret=+10.887 len=751.4 ent(t0,t>=1)=(0.152,1.137) aL=-0.0133 vL=0.0487 t0=[red=0.51 blue=0.49]
[u   97] env=  6356992 rsucc=0.891 n_rounds= 1644 ret=+11.103 len=740.7 ent(t0,t>=1)=(0.150,1.120) aL=-0.0133 vL=0.0506 t0=[red=0.47 blue=0.53]
[u   98] env=  6422528 rsucc=0.905 n_rounds= 1709 ret=+10.991 len=744.8 ent(t0,t>=1)=(0.147,1.118) aL=-0.0160 vL=0.0475 t0=[red=0.36 blue=0.64]
[u   99] env=  6488064 rsucc=0.952 n_rounds= 2042 ret=+11.029 len=744.3 ent(t0,t>=1)=(0.136,1.078) aL=-0.0195 vL=0.0488 t0=[red=0.34 blue=0.66]
[u  100] env=  6553600 rsucc=0.934 n_rounds= 1884 ret=+11.300 len=732.5 ent(t0,t>=1)=(0.139,1.117) aL=-0.0176 vL=0.0498 t0=[red=0.44 blue=0.56]
[u  101] env=  6619136 rsucc=0.895 n_rounds= 1738 ret=+11.864 len=698.6 ent(t0,t>=1)=(0.148,1.113) aL=-0.0184 vL=0.0502 t0=[red=0.39 blue=0.61]
[u  102] env=  6684672 rsucc=0.907 n_rounds= 1686 ret=+11.390 len=721.6 ent(t0,t>=1)=(0.131,1.115) aL=-0.0162 vL=0.0494 t0=[red=0.58 blue=0.42]
[u  103] env=  6750208 rsucc=0.910 n_rounds= 1791 ret=+10.324 len=769.0 ent(t0,t>=1)=(0.134,1.119) aL=-0.0174 vL=0.0492 t0=[red=0.56 blue=0.44]
[u  104] env=  6815744 rsucc=0.920 n_rounds= 1860 ret=+10.859 len=740.7 ent(t0,t>=1)=(0.147,1.096) aL=-0.0174 vL=0.0488 t0=[red=0.53 blue=0.47]
[u  105] env=  6881280 rsucc=0.938 n_rounds= 1867 ret=+11.576 len=704.1 ent(t0,t>=1)=(0.166,1.109) aL=-0.0171 vL=0.0480 t0=[red=0.55 blue=0.45]
[u  106] env=  6946816 rsucc=0.934 n_rounds= 1783 ret=+12.317 len=675.4 ent(t0,t>=1)=(0.179,1.124) aL=-0.0170 vL=0.0439 t0=[red=0.44 blue=0.56]
[u  107] env=  7012352 rsucc=0.932 n_rounds= 1813 ret=+11.398 len=759.6 ent(t0,t>=1)=(0.156,1.110) aL=-0.0178 vL=0.0435 t0=[red=0.37 blue=0.63]
[u  108] env=  7077888 rsucc=0.929 n_rounds= 1911 ret=+12.095 len=675.8 ent(t0,t>=1)=(0.150,1.093) aL=-0.0173 vL=0.0456 t0=[red=0.35 blue=0.65]
[u  109] env=  7143424 rsucc=0.916 n_rounds= 1791 ret=+11.609 len=719.8 ent(t0,t>=1)=(0.172,1.126) aL=-0.0179 vL=0.0428 t0=[red=0.39 blue=0.61]
[u  110] env=  7208960 rsucc=0.905 n_rounds= 1767 ret=+10.886 len=743.8 ent(t0,t>=1)=(0.162,1.118) aL=-0.0175 vL=0.0463 t0=[red=0.54 blue=0.46]
[u  111] env=  7274496 rsucc=0.913 n_rounds= 1763 ret=+11.370 len=705.6 ent(t0,t>=1)=(0.150,1.086) aL=-0.0175 vL=0.0446 t0=[red=0.49 blue=0.51]
[u  112] env=  7340032 rsucc=0.928 n_rounds= 1771 ret=+11.133 len=744.3 ent(t0,t>=1)=(0.175,1.084) aL=-0.0171 vL=0.0432 t0=[red=0.52 blue=0.48]
[u  113] env=  7405568 rsucc=0.924 n_rounds= 1688 ret=+11.323 len=739.3 ent(t0,t>=1)=(0.179,1.132) aL=-0.0172 vL=0.0421 t0=[red=0.51 blue=0.49]
[u  114] env=  7471104 rsucc=0.903 n_rounds= 1779 ret=+11.105 len=752.8 ent(t0,t>=1)=(0.185,1.106) aL=-0.0170 vL=0.0467 t0=[red=0.40 blue=0.60]
[u  115] env=  7536640 rsucc=0.930 n_rounds= 1839 ret=+11.069 len=741.7 ent(t0,t>=1)=(0.168,1.098) aL=-0.0191 vL=0.0496 t0=[red=0.44 blue=0.56]
[u  116] env=  7602176 rsucc=0.940 n_rounds= 1822 ret=+10.995 len=738.3 ent(t0,t>=1)=(0.174,1.104) aL=-0.0201 vL=0.0473 t0=[red=0.51 blue=0.49]
[u  117] env=  7667712 rsucc=0.932 n_rounds= 1813 ret=+11.765 len=719.0 ent(t0,t>=1)=(0.181,1.096) aL=-0.0184 vL=0.0464 t0=[red=0.50 blue=0.50]
[u  118] env=  7733248 rsucc=0.940 n_rounds= 1790 ret=+11.672 len=718.1 ent(t0,t>=1)=(0.197,1.099) aL=-0.0185 vL=0.0457 t0=[red=0.51 blue=0.49]
[u  119] env=  7798784 rsucc=0.923 n_rounds= 1750 ret=+11.492 len=741.0 ent(t0,t>=1)=(0.210,1.136) aL=-0.0192 vL=0.0467 t0=[red=0.48 blue=0.52]
[u  120] env=  7864320 rsucc=0.915 n_rounds= 1821 ret=+11.239 len=755.6 ent(t0,t>=1)=(0.184,1.113) aL=-0.0186 vL=0.0479 t0=[red=0.42 blue=0.58]
[u  121] env=  7929856 rsucc=0.935 n_rounds= 1849 ret=+11.905 len=694.0 ent(t0,t>=1)=(0.159,1.107) aL=-0.0192 vL=0.0508 t0=[red=0.45 blue=0.55]
[u  122] env=  7995392 rsucc=0.903 n_rounds= 1720 ret=+11.897 len=695.6 ent(t0,t>=1)=(0.162,1.109) aL=-0.0192 vL=0.0494 t0=[red=0.47 blue=0.53]
[u  123] env=  8060928 rsucc=0.921 n_rounds= 1830 ret=+10.380 len=789.4 ent(t0,t>=1)=(0.151,1.110) aL=-0.0181 vL=0.0476 t0=[red=0.43 blue=0.57]
[u  124] env=  8126464 rsucc=0.920 n_rounds= 1845 ret=+11.515 len=710.8 ent(t0,t>=1)=(0.126,1.114) aL=-0.0191 vL=0.0491 t0=[red=0.43 blue=0.57]
[u  125] env=  8192000 rsucc=0.913 n_rounds= 1659 ret=+11.115 len=732.6 ent(t0,t>=1)=(0.166,1.122) aL=-0.0192 vL=0.0413 t0=[red=0.34 blue=0.66]
[u  126] env=  8257536 rsucc=0.899 n_rounds= 1791 ret=+11.136 len=724.9 ent(t0,t>=1)=(0.137,1.083) aL=-0.0191 vL=0.0484 t0=[red=0.48 blue=0.52]
[u  127] env=  8323072 rsucc=0.927 n_rounds= 1854 ret=+11.468 len=717.1 ent(t0,t>=1)=(0.135,1.077) aL=-0.0170 vL=0.0487 t0=[red=0.53 blue=0.47]
[u  128] env=  8388608 rsucc=0.915 n_rounds= 1815 ret=+10.353 len=784.9 ent(t0,t>=1)=(0.131,1.084) aL=-0.0181 vL=0.0501 t0=[red=0.51 blue=0.49]
[u  129] env=  8454144 rsucc=0.915 n_rounds= 1809 ret=+11.290 len=715.1 ent(t0,t>=1)=(0.148,1.102) aL=-0.0202 vL=0.0488 t0=[red=0.44 blue=0.56]
[u  130] env=  8519680 rsucc=0.947 n_rounds= 1956 ret=+11.732 len=693.7 ent(t0,t>=1)=(0.134,1.082) aL=-0.0199 vL=0.0504 t0=[red=0.54 blue=0.46]
[u  131] env=  8585216 rsucc=0.937 n_rounds= 1909 ret=+11.653 len=707.9 ent(t0,t>=1)=(0.139,1.083) aL=-0.0208 vL=0.0484 t0=[red=0.53 blue=0.47]
[u  132] env=  8650752 rsucc=0.925 n_rounds= 1752 ret=+11.704 len=711.4 ent(t0,t>=1)=(0.161,1.105) aL=-0.0191 vL=0.0489 t0=[red=0.43 blue=0.57]
[u  133] env=  8716288 rsucc=0.915 n_rounds= 1782 ret=+11.545 len=721.6 ent(t0,t>=1)=(0.158,1.095) aL=-0.0202 vL=0.0471 t0=[red=0.44 blue=0.56]
[u  134] env=  8781824 rsucc=0.922 n_rounds= 1728 ret=+10.900 len=766.7 ent(t0,t>=1)=(0.141,1.090) aL=-0.0196 vL=0.0481 t0=[red=0.56 blue=0.44]
[u  135] env=  8847360 rsucc=0.942 n_rounds= 1867 ret=+11.588 len=706.5 ent(t0,t>=1)=(0.155,1.078) aL=-0.0190 vL=0.0513 t0=[red=0.56 blue=0.44]
[u  136] env=  8912896 rsucc=0.926 n_rounds= 1793 ret=+11.847 len=705.4 ent(t0,t>=1)=(0.164,1.061) aL=-0.0199 vL=0.0502 t0=[red=0.52 blue=0.48]
[u  137] env=  8978432 rsucc=0.948 n_rounds= 1940 ret=+11.691 len=726.8 ent(t0,t>=1)=(0.158,1.075) aL=-0.0189 vL=0.0470 t0=[red=0.43 blue=0.57]
[u  138] env=  9043968 rsucc=0.920 n_rounds= 1748 ret=+11.620 len=724.6 ent(t0,t>=1)=(0.155,1.121) aL=-0.0198 vL=0.0460 t0=[red=0.33 blue=0.67]
[u  139] env=  9109504 rsucc=0.936 n_rounds= 1856 ret=+12.262 len=680.7 ent(t0,t>=1)=(0.152,1.111) aL=-0.0183 vL=0.0467 t0=[red=0.35 blue=0.65]
[u  140] env=  9175040 rsucc=0.928 n_rounds= 1807 ret=+11.955 len=698.0 ent(t0,t>=1)=(0.167,1.114) aL=-0.0204 vL=0.0460 t0=[red=0.42 blue=0.58]
[u  141] env=  9240576 rsucc=0.926 n_rounds= 1769 ret=+11.651 len=713.5 ent(t0,t>=1)=(0.147,1.122) aL=-0.0208 vL=0.0430 t0=[red=0.46 blue=0.54]
[u  142] env=  9306112 rsucc=0.928 n_rounds= 1809 ret=+11.047 len=748.6 ent(t0,t>=1)=(0.137,1.103) aL=-0.0190 vL=0.0481 t0=[red=0.49 blue=0.51]
[u  143] env=  9371648 rsucc=0.928 n_rounds= 1898 ret=+11.626 len=720.7 ent(t0,t>=1)=(0.135,1.109) aL=-0.0191 vL=0.0512 t0=[red=0.49 blue=0.51]
[u  144] env=  9437184 rsucc=0.946 n_rounds= 1955 ret=+11.624 len=715.2 ent(t0,t>=1)=(0.152,1.096) aL=-0.0213 vL=0.0505 t0=[red=0.46 blue=0.54]
[u  145] env=  9502720 rsucc=0.938 n_rounds= 1882 ret=+11.844 len=698.4 ent(t0,t>=1)=(0.168,1.105) aL=-0.0217 vL=0.0470 t0=[red=0.44 blue=0.56]
[u  146] env=  9568256 rsucc=0.928 n_rounds= 1822 ret=+11.894 len=707.9 ent(t0,t>=1)=(0.161,1.096) aL=-0.0187 vL=0.0463 t0=[red=0.45 blue=0.55]
[u  147] env=  9633792 rsucc=0.941 n_rounds= 1828 ret=+12.342 len=681.3 ent(t0,t>=1)=(0.162,1.109) aL=-0.0202 vL=0.0493 t0=[red=0.47 blue=0.53]
[u  148] env=  9699328 rsucc=0.938 n_rounds= 1982 ret=+11.532 len=717.0 ent(t0,t>=1)=(0.133,1.082) aL=-0.0208 vL=0.0510 t0=[red=0.47 blue=0.53]
[u  149] env=  9764864 rsucc=0.946 n_rounds= 1872 ret=+11.870 len=703.5 ent(t0,t>=1)=(0.133,1.111) aL=-0.0204 vL=0.0451 t0=[red=0.39 blue=0.61]
[u  150] env=  9830400 rsucc=0.928 n_rounds= 1846 ret=+11.863 len=692.0 ent(t0,t>=1)=(0.123,1.118) aL=-0.0188 vL=0.0480 t0=[red=0.54 blue=0.46]
[u  151] env=  9895936 rsucc=0.937 n_rounds= 1934 ret=+11.978 len=707.4 ent(t0,t>=1)=(0.120,1.092) aL=-0.0181 vL=0.0541 t0=[red=0.49 blue=0.51]
[u  152] env=  9961472 rsucc=0.949 n_rounds= 2007 ret=+12.512 len=657.9 ent(t0,t>=1)=(0.130,1.086) aL=-0.0189 vL=0.0535 t0=[red=0.36 blue=0.64]
[u  153] env= 10027008 rsucc=0.937 n_rounds= 1907 ret=+12.254 len=660.0 ent(t0,t>=1)=(0.134,1.111) aL=-0.0194 vL=0.0500 t0=[red=0.38 blue=0.62]
[u  154] env= 10092544 rsucc=0.942 n_rounds= 1957 ret=+12.467 len=670.1 ent(t0,t>=1)=(0.132,1.084) aL=-0.0205 vL=0.0501 t0=[red=0.41 blue=0.59]
[u  155] env= 10158080 rsucc=0.928 n_rounds= 1856 ret=+12.302 len=675.9 ent(t0,t>=1)=(0.133,1.102) aL=-0.0206 vL=0.0493 t0=[red=0.42 blue=0.58]
[u  156] env= 10223616 rsucc=0.897 n_rounds= 1734 ret=+11.574 len=703.7 ent(t0,t>=1)=(0.144,1.111) aL=-0.0179 vL=0.0517 t0=[red=0.49 blue=0.51]
[u  157] env= 10289152 rsucc=0.942 n_rounds= 1910 ret=+11.476 len=727.5 ent(t0,t>=1)=(0.123,1.082) aL=-0.0186 vL=0.0490 t0=[red=0.49 blue=0.51]
[u  158] env= 10354688 rsucc=0.931 n_rounds= 1849 ret=+11.765 len=688.8 ent(t0,t>=1)=(0.120,1.093) aL=-0.0192 vL=0.0520 t0=[red=0.54 blue=0.46]
[u  159] env= 10420224 rsucc=0.928 n_rounds= 2015 ret=+11.379 len=713.5 ent(t0,t>=1)=(0.112,1.063) aL=-0.0185 vL=0.0549 t0=[red=0.54 blue=0.46]
[u  160] env= 10485760 rsucc=0.929 n_rounds= 1914 ret=+11.877 len=690.1 ent(t0,t>=1)=(0.105,1.071) aL=-0.0191 vL=0.0535 t0=[red=0.45 blue=0.55]
[u  161] env= 10551296 rsucc=0.933 n_rounds= 1841 ret=+11.776 len=690.0 ent(t0,t>=1)=(0.125,1.084) aL=-0.0196 vL=0.0558 t0=[red=0.43 blue=0.57]
[u  162] env= 10616832 rsucc=0.926 n_rounds= 1864 ret=+12.440 len=652.5 ent(t0,t>=1)=(0.121,1.061) aL=-0.0175 vL=0.0524 t0=[red=0.50 blue=0.50]
[u  163] env= 10682368 rsucc=0.947 n_rounds= 1953 ret=+11.735 len=708.1 ent(t0,t>=1)=(0.127,1.071) aL=-0.0193 vL=0.0473 t0=[red=0.51 blue=0.49]
[u  164] env= 10747904 rsucc=0.951 n_rounds= 1919 ret=+11.839 len=709.4 ent(t0,t>=1)=(0.129,1.070) aL=-0.0204 vL=0.0494 t0=[red=0.46 blue=0.54]
[u  165] env= 10813440 rsucc=0.949 n_rounds= 1998 ret=+12.868 len=648.1 ent(t0,t>=1)=(0.127,1.084) aL=-0.0203 vL=0.0451 t0=[red=0.38 blue=0.62]
[u  166] env= 10878976 rsucc=0.928 n_rounds= 1876 ret=+12.433 len=667.1 ent(t0,t>=1)=(0.126,1.088) aL=-0.0201 vL=0.0471 t0=[red=0.43 blue=0.57]
[u  167] env= 10944512 rsucc=0.925 n_rounds= 1900 ret=+12.154 len=675.9 ent(t0,t>=1)=(0.120,1.098) aL=-0.0211 vL=0.0475 t0=[red=0.48 blue=0.52]
[u  168] env= 11010048 rsucc=0.942 n_rounds= 1963 ret=+12.205 len=674.2 ent(t0,t>=1)=(0.104,1.101) aL=-0.0204 vL=0.0472 t0=[red=0.51 blue=0.49]
[u  169] env= 11075584 rsucc=0.940 n_rounds= 1876 ret=+12.033 len=685.5 ent(t0,t>=1)=(0.131,1.097) aL=-0.0203 vL=0.0490 t0=[red=0.48 blue=0.52]
[u  170] env= 11141120 rsucc=0.927 n_rounds= 1920 ret=+12.138 len=673.8 ent(t0,t>=1)=(0.115,1.091) aL=-0.0191 vL=0.0504 t0=[red=0.39 blue=0.61]
[u  171] env= 11206656 rsucc=0.941 n_rounds= 1931 ret=+11.987 len=695.6 ent(t0,t>=1)=(0.127,1.114) aL=-0.0227 vL=0.0475 t0=[red=0.49 blue=0.51]
[u  172] env= 11272192 rsucc=0.946 n_rounds= 1904 ret=+12.007 len=690.8 ent(t0,t>=1)=(0.121,1.104) aL=-0.0222 vL=0.0464 t0=[red=0.45 blue=0.55]
[u  173] env= 11337728 rsucc=0.953 n_rounds= 2126 ret=+12.497 len=668.2 ent(t0,t>=1)=(0.098,1.085) aL=-0.0223 vL=0.0471 t0=[red=0.46 blue=0.54]
[u  174] env= 11403264 rsucc=0.944 n_rounds= 2008 ret=+12.857 len=630.1 ent(t0,t>=1)=(0.126,1.116) aL=-0.0207 vL=0.0484 t0=[red=0.49 blue=0.51]
[u  175] env= 11468800 rsucc=0.936 n_rounds= 1917 ret=+11.825 len=688.8 ent(t0,t>=1)=(0.137,1.122) aL=-0.0204 vL=0.0442 t0=[red=0.42 blue=0.58]
[u  176] env= 11534336 rsucc=0.935 n_rounds= 1888 ret=+12.150 len=691.1 ent(t0,t>=1)=(0.116,1.118) aL=-0.0208 vL=0.0459 t0=[red=0.41 blue=0.59]
[u  177] env= 11599872 rsucc=0.920 n_rounds= 1899 ret=+12.282 len=666.7 ent(t0,t>=1)=(0.106,1.102) aL=-0.0203 vL=0.0503 t0=[red=0.41 blue=0.59]
[u  178] env= 11665408 rsucc=0.948 n_rounds= 1953 ret=+12.140 len=680.5 ent(t0,t>=1)=(0.117,1.076) aL=-0.0192 vL=0.0470 t0=[red=0.44 blue=0.56]
[u  179] env= 11730944 rsucc=0.936 n_rounds= 1883 ret=+12.260 len=667.1 ent(t0,t>=1)=(0.121,1.103) aL=-0.0185 vL=0.0464 t0=[red=0.47 blue=0.53]
[u  180] env= 11796480 rsucc=0.931 n_rounds= 1878 ret=+11.995 len=690.2 ent(t0,t>=1)=(0.121,1.093) aL=-0.0197 vL=0.0481 t0=[red=0.48 blue=0.52]
[u  181] env= 11862016 rsucc=0.946 n_rounds= 2074 ret=+11.883 len=708.8 ent(t0,t>=1)=(0.107,1.068) aL=-0.0194 vL=0.0482 t0=[red=0.49 blue=0.51]
[u  182] env= 11927552 rsucc=0.962 n_rounds= 2040 ret=+12.476 len=657.8 ent(t0,t>=1)=(0.131,1.077) aL=-0.0217 vL=0.0453 t0=[red=0.47 blue=0.53]
[u  183] env= 11993088 rsucc=0.941 n_rounds= 1910 ret=+12.548 len=654.6 ent(t0,t>=1)=(0.140,1.110) aL=-0.0220 vL=0.0445 t0=[red=0.46 blue=0.54]
[u  184] env= 12058624 rsucc=0.942 n_rounds= 1925 ret=+12.976 len=631.0 ent(t0,t>=1)=(0.124,1.096) aL=-0.0207 vL=0.0459 t0=[red=0.37 blue=0.63]
[u  185] env= 12124160 rsucc=0.932 n_rounds= 1874 ret=+11.962 len=699.6 ent(t0,t>=1)=(0.119,1.096) aL=-0.0192 vL=0.0429 t0=[red=0.46 blue=0.54]
[u  186] env= 12189696 rsucc=0.936 n_rounds= 1956 ret=+11.803 len=702.9 ent(t0,t>=1)=(0.102,1.093) aL=-0.0200 vL=0.0494 t0=[red=0.46 blue=0.54]
[u  187] env= 12255232 rsucc=0.953 n_rounds= 2079 ret=+12.362 len=658.7 ent(t0,t>=1)=(0.097,1.060) aL=-0.0200 vL=0.0497 t0=[red=0.42 blue=0.58]
[u  188] env= 12320768 rsucc=0.966 n_rounds= 2145 ret=+13.083 len=630.1 ent(t0,t>=1)=(0.094,1.054) aL=-0.0206 vL=0.0453 t0=[red=0.46 blue=0.54]
[u  189] env= 12386304 rsucc=0.931 n_rounds= 1967 ret=+13.040 len=624.8 ent(t0,t>=1)=(0.111,1.092) aL=-0.0196 vL=0.0522 t0=[red=0.47 blue=0.53]
[u  190] env= 12451840 rsucc=0.939 n_rounds= 2000 ret=+12.565 len=659.9 ent(t0,t>=1)=(0.105,1.096) aL=-0.0200 vL=0.0463 t0=[red=0.49 blue=0.51]
[u  191] env= 12517376 rsucc=0.904 n_rounds= 1780 ret=+12.065 len=661.1 ent(t0,t>=1)=(0.106,1.122) aL=-0.0200 vL=0.0471 t0=[red=0.36 blue=0.64]
[u  192] env= 12582912 rsucc=0.945 n_rounds= 1902 ret=+12.234 len=674.9 ent(t0,t>=1)=(0.106,1.101) aL=-0.0222 vL=0.0475 t0=[red=0.34 blue=0.66]
[u  193] env= 12648448 rsucc=0.953 n_rounds= 2000 ret=+11.952 len=686.5 ent(t0,t>=1)=(0.097,1.091) aL=-0.0206 vL=0.0497 t0=[red=0.38 blue=0.62]
[u  194] env= 12713984 rsucc=0.940 n_rounds= 1903 ret=+12.351 len=682.0 ent(t0,t>=1)=(0.094,1.092) aL=-0.0202 vL=0.0498 t0=[red=0.48 blue=0.52]
[u  195] env= 12779520 rsucc=0.938 n_rounds= 1965 ret=+11.879 len=700.5 ent(t0,t>=1)=(0.082,1.084) aL=-0.0196 vL=0.0508 t0=[red=0.47 blue=0.53]
[u  196] env= 12845056 rsucc=0.944 n_rounds= 2013 ret=+12.478 len=654.2 ent(t0,t>=1)=(0.112,1.081) aL=-0.0200 vL=0.0470 t0=[red=0.49 blue=0.51]
[u  197] env= 12910592 rsucc=0.938 n_rounds= 1905 ret=+12.204 len=675.9 ent(t0,t>=1)=(0.114,1.098) aL=-0.0211 vL=0.0448 t0=[red=0.42 blue=0.58]
[u  198] env= 12976128 rsucc=0.949 n_rounds= 1956 ret=+12.327 len=666.3 ent(t0,t>=1)=(0.109,1.092) aL=-0.0212 vL=0.0418 t0=[red=0.48 blue=0.52]
[u  199] env= 13041664 rsucc=0.952 n_rounds= 2116 ret=+12.386 len=671.0 ent(t0,t>=1)=(0.112,1.075) aL=-0.0213 vL=0.0446 t0=[red=0.43 blue=0.57]
[u  200] env= 13107200 rsucc=0.959 n_rounds= 2052 ret=+12.820 len=649.6 ent(t0,t>=1)=(0.119,1.081) aL=-0.0211 vL=0.0448 t0=[red=0.48 blue=0.52]
[u  201] env= 13172736 rsucc=0.962 n_rounds= 2145 ret=+13.099 len=621.2 ent(t0,t>=1)=(0.110,1.060) aL=-0.0226 vL=0.0463 t0=[red=0.39 blue=0.61]
[u  202] env= 13238272 rsucc=0.944 n_rounds= 1936 ret=+13.135 len=633.3 ent(t0,t>=1)=(0.114,1.087) aL=-0.0201 vL=0.0454 t0=[red=0.43 blue=0.57]
[u  203] env= 13303808 rsucc=0.928 n_rounds= 1873 ret=+12.533 len=647.6 ent(t0,t>=1)=(0.131,1.073) aL=-0.0202 vL=0.0433 t0=[red=0.39 blue=0.61]
[u  204] env= 13369344 rsucc=0.940 n_rounds= 1944 ret=+11.966 len=685.9 ent(t0,t>=1)=(0.130,1.079) aL=-0.0189 vL=0.0451 t0=[red=0.35 blue=0.65]
[u  205] env= 13434880 rsucc=0.954 n_rounds= 1931 ret=+12.218 len=682.7 ent(t0,t>=1)=(0.118,1.076) aL=-0.0200 vL=0.0427 t0=[red=0.35 blue=0.65]
[u  206] env= 13500416 rsucc=0.937 n_rounds= 1823 ret=+12.394 len=665.0 ent(t0,t>=1)=(0.109,1.095) aL=-0.0207 vL=0.0416 t0=[red=0.39 blue=0.61]
[u  207] env= 13565952 rsucc=0.932 n_rounds= 1941 ret=+12.314 len=681.6 ent(t0,t>=1)=(0.114,1.106) aL=-0.0218 vL=0.0417 t0=[red=0.44 blue=0.56]
[u  208] env= 13631488 rsucc=0.948 n_rounds= 2096 ret=+11.551 len=713.4 ent(t0,t>=1)=(0.103,1.078) aL=-0.0216 vL=0.0461 t0=[red=0.47 blue=0.53]
[u  209] env= 13697024 rsucc=0.942 n_rounds= 1949 ret=+12.582 len=658.7 ent(t0,t>=1)=(0.098,1.080) aL=-0.0184 vL=0.0462 t0=[red=0.53 blue=0.47]
[u  210] env= 13762560 rsucc=0.934 n_rounds= 1995 ret=+12.390 len=663.8 ent(t0,t>=1)=(0.110,1.080) aL=-0.0204 vL=0.0458 t0=[red=0.52 blue=0.48]
[u  211] env= 13828096 rsucc=0.945 n_rounds= 2030 ret=+12.597 len=639.5 ent(t0,t>=1)=(0.102,1.066) aL=-0.0202 vL=0.0455 t0=[red=0.47 blue=0.53]
[u  212] env= 13893632 rsucc=0.957 n_rounds= 2089 ret=+12.755 len=640.8 ent(t0,t>=1)=(0.103,1.051) aL=-0.0209 vL=0.0480 t0=[red=0.42 blue=0.58]
[u  213] env= 13959168 rsucc=0.935 n_rounds= 2027 ret=+12.684 len=639.6 ent(t0,t>=1)=(0.087,1.065) aL=-0.0196 vL=0.0449 t0=[red=0.39 blue=0.61]
[u  214] env= 14024704 rsucc=0.964 n_rounds= 2178 ret=+13.072 len=622.6 ent(t0,t>=1)=(0.079,1.027) aL=-0.0184 vL=0.0483 t0=[red=0.40 blue=0.60]
[u  215] env= 14090240 rsucc=0.944 n_rounds= 2004 ret=+12.993 len=615.6 ent(t0,t>=1)=(0.090,1.042) aL=-0.0206 vL=0.0490 t0=[red=0.48 blue=0.53]
[u  216] env= 14155776 rsucc=0.936 n_rounds= 2007 ret=+12.307 len=668.9 ent(t0,t>=1)=(0.103,1.048) aL=-0.0201 vL=0.0482 t0=[red=0.46 blue=0.54]
[u  217] env= 14221312 rsucc=0.956 n_rounds= 2063 ret=+12.674 len=646.0 ent(t0,t>=1)=(0.086,1.037) aL=-0.0182 vL=0.0480 t0=[red=0.46 blue=0.54]
[u  218] env= 14286848 rsucc=0.943 n_rounds= 2007 ret=+12.694 len=650.6 ent(t0,t>=1)=(0.102,1.052) aL=-0.0213 vL=0.0448 t0=[red=0.51 blue=0.49]
[u  219] env= 14352384 rsucc=0.939 n_rounds= 2066 ret=+12.630 len=646.8 ent(t0,t>=1)=(0.083,1.041) aL=-0.0194 vL=0.0466 t0=[red=0.47 blue=0.53]
[u  220] env= 14417920 rsucc=0.954 n_rounds= 2017 ret=+12.782 len=621.7 ent(t0,t>=1)=(0.093,1.046) aL=-0.0188 vL=0.0429 t0=[red=0.50 blue=0.50]
[u  221] env= 14483456 rsucc=0.925 n_rounds= 1837 ret=+12.712 len=640.6 ent(t0,t>=1)=(0.095,1.072) aL=-0.0188 vL=0.0461 t0=[red=0.50 blue=0.50]
[u  222] env= 14548992 rsucc=0.950 n_rounds= 2083 ret=+12.438 len=672.8 ent(t0,t>=1)=(0.093,1.044) aL=-0.0171 vL=0.0429 t0=[red=0.55 blue=0.45]
[u  223] env= 14614528 rsucc=0.958 n_rounds= 2078 ret=+12.646 len=638.7 ent(t0,t>=1)=(0.083,1.036) aL=-0.0210 vL=0.0422 t0=[red=0.51 blue=0.49]
[u  224] env= 14680064 rsucc=0.959 n_rounds= 2060 ret=+12.203 len=672.3 ent(t0,t>=1)=(0.077,1.034) aL=-0.0216 vL=0.0400 t0=[red=0.43 blue=0.57]
[u  225] env= 14745600 rsucc=0.949 n_rounds= 2124 ret=+12.982 len=641.0 ent(t0,t>=1)=(0.082,1.025) aL=-0.0193 vL=0.0472 t0=[red=0.48 blue=0.52]
[u  226] env= 14811136 rsucc=0.960 n_rounds= 2178 ret=+13.740 len=584.6 ent(t0,t>=1)=(0.090,1.030) aL=-0.0202 vL=0.0440 t0=[red=0.43 blue=0.57]
[u  227] env= 14876672 rsucc=0.955 n_rounds= 2142 ret=+13.247 len=604.0 ent(t0,t>=1)=(0.088,1.038) aL=-0.0207 vL=0.0441 t0=[red=0.43 blue=0.57]
[u  228] env= 14942208 rsucc=0.932 n_rounds= 2015 ret=+12.927 len=631.3 ent(t0,t>=1)=(0.072,1.064) aL=-0.0188 vL=0.0468 t0=[red=0.47 blue=0.53]
[u  229] env= 15007744 rsucc=0.944 n_rounds= 2008 ret=+12.500 len=642.4 ent(t0,t>=1)=(0.080,1.043) aL=-0.0171 vL=0.0434 t0=[red=0.48 blue=0.52]
[u  230] env= 15073280 rsucc=0.934 n_rounds= 2010 ret=+12.976 len=611.3 ent(t0,t>=1)=(0.079,1.056) aL=-0.0200 vL=0.0464 t0=[red=0.49 blue=0.51]
[u  231] env= 15138816 rsucc=0.945 n_rounds= 2045 ret=+12.110 len=667.6 ent(t0,t>=1)=(0.089,1.043) aL=-0.0205 vL=0.0468 t0=[red=0.46 blue=0.54]
[u  232] env= 15204352 rsucc=0.905 n_rounds= 1907 ret=+12.438 len=660.5 ent(t0,t>=1)=(0.087,1.073) aL=-0.0193 vL=0.0479 t0=[red=0.46 blue=0.54]
[u  233] env= 15269888 rsucc=0.924 n_rounds= 1944 ret=+12.638 len=625.1 ent(t0,t>=1)=(0.107,1.050) aL=-0.0191 vL=0.0483 t0=[red=0.47 blue=0.53]
[u  234] env= 15335424 rsucc=0.949 n_rounds= 2042 ret=+11.653 len=687.0 ent(t0,t>=1)=(0.102,1.052) aL=-0.0186 vL=0.0450 t0=[red=0.50 blue=0.50]
[u  235] env= 15400960 rsucc=0.947 n_rounds= 1937 ret=+12.042 len=675.7 ent(t0,t>=1)=(0.102,1.046) aL=-0.0203 vL=0.0403 t0=[red=0.57 blue=0.43]
[u  236] env= 15466496 rsucc=0.958 n_rounds= 2136 ret=+12.691 len=647.3 ent(t0,t>=1)=(0.105,1.011) aL=-0.0192 vL=0.0453 t0=[red=0.50 blue=0.50]
[u  237] env= 15532032 rsucc=0.949 n_rounds= 2099 ret=+13.034 len=633.2 ent(t0,t>=1)=(0.085,1.018) aL=-0.0182 vL=0.0476 t0=[red=0.48 blue=0.52]
[u  238] env= 15597568 rsucc=0.945 n_rounds= 2124 ret=+12.715 len=640.7 ent(t0,t>=1)=(0.076,1.017) aL=-0.0208 vL=0.0480 t0=[red=0.44 blue=0.56]
[u  239] env= 15663104 rsucc=0.949 n_rounds= 2034 ret=+12.766 len=629.6 ent(t0,t>=1)=(0.072,1.026) aL=-0.0202 vL=0.0437 t0=[red=0.41 blue=0.59]
[u  240] env= 15728640 rsucc=0.952 n_rounds= 2083 ret=+12.660 len=642.0 ent(t0,t>=1)=(0.076,1.027) aL=-0.0188 vL=0.0428 t0=[red=0.42 blue=0.58]
[u  241] env= 15794176 rsucc=0.957 n_rounds= 2141 ret=+12.669 len=629.3 ent(t0,t>=1)=(0.085,1.038) aL=-0.0206 vL=0.0451 t0=[red=0.42 blue=0.58]
[u  242] env= 15859712 rsucc=0.957 n_rounds= 2121 ret=+13.047 len=634.3 ent(t0,t>=1)=(0.072,1.034) aL=-0.0214 vL=0.0440 t0=[red=0.43 blue=0.57]
[u  243] env= 15925248 rsucc=0.958 n_rounds= 2126 ret=+13.506 len=592.1 ent(t0,t>=1)=(0.073,1.043) aL=-0.0202 vL=0.0455 t0=[red=0.49 blue=0.51]
[u  244] env= 15990784 rsucc=0.946 n_rounds= 1999 ret=+13.151 len=621.2 ent(t0,t>=1)=(0.075,1.052) aL=-0.0205 vL=0.0445 t0=[red=0.53 blue=0.47]
[u  245] env= 16056320 rsucc=0.952 n_rounds= 2077 ret=+13.052 len=617.8 ent(t0,t>=1)=(0.072,1.034) aL=-0.0214 vL=0.0487 t0=[red=0.53 blue=0.47]
[u  246] env= 16121856 rsucc=0.945 n_rounds= 2079 ret=+12.912 len=641.7 ent(t0,t>=1)=(0.066,1.037) aL=-0.0217 vL=0.0452 t0=[red=0.45 blue=0.55]
[u  247] env= 16187392 rsucc=0.945 n_rounds= 2083 ret=+12.509 len=647.6 ent(t0,t>=1)=(0.072,1.032) aL=-0.0210 vL=0.0483 t0=[red=0.49 blue=0.51]
[u  248] env= 16252928 rsucc=0.949 n_rounds= 2138 ret=+12.708 len=624.3 ent(t0,t>=1)=(0.069,0.992) aL=-0.0201 vL=0.0480 t0=[red=0.42 blue=0.58]
[u  249] env= 16318464 rsucc=0.926 n_rounds= 1890 ret=+12.887 len=629.4 ent(t0,t>=1)=(0.068,1.039) aL=-0.0186 vL=0.0484 t0=[red=0.43 blue=0.57]
[u  250] env= 16384000 rsucc=0.938 n_rounds= 2125 ret=+12.696 len=638.8 ent(t0,t>=1)=(0.070,1.026) aL=-0.0202 vL=0.0467 t0=[red=0.43 blue=0.57]
[u  251] env= 16449536 rsucc=0.956 n_rounds= 2165 ret=+12.823 len=630.3 ent(t0,t>=1)=(0.071,1.035) aL=-0.0215 vL=0.0422 t0=[red=0.46 blue=0.54]
[u  252] env= 16515072 rsucc=0.955 n_rounds= 2080 ret=+12.561 len=635.9 ent(t0,t>=1)=(0.084,1.039) aL=-0.0216 vL=0.0452 t0=[red=0.47 blue=0.53]
[u  253] env= 16580608 rsucc=0.945 n_rounds= 2087 ret=+13.321 len=614.0 ent(t0,t>=1)=(0.077,1.042) aL=-0.0184 vL=0.0431 t0=[red=0.43 blue=0.57]
[u  254] env= 16646144 rsucc=0.948 n_rounds= 2070 ret=+13.330 len=591.6 ent(t0,t>=1)=(0.090,1.034) aL=-0.0212 vL=0.0447 t0=[red=0.42 blue=0.58]
[u  255] env= 16711680 rsucc=0.952 n_rounds= 2080 ret=+12.413 len=668.5 ent(t0,t>=1)=(0.088,1.029) aL=-0.0203 vL=0.0436 t0=[red=0.44 blue=0.56]
[u  256] env= 16777216 rsucc=0.952 n_rounds= 2048 ret=+13.337 len=591.2 ent(t0,t>=1)=(0.078,1.045) aL=-0.0213 vL=0.0438 t0=[red=0.47 blue=0.53]
[u  257] env= 16842752 rsucc=0.948 n_rounds= 2089 ret=+12.667 len=649.2 ent(t0,t>=1)=(0.083,1.044) aL=-0.0227 vL=0.0417 t0=[red=0.47 blue=0.53]
[u  258] env= 16908288 rsucc=0.942 n_rounds= 1993 ret=+12.648 len=643.7 ent(t0,t>=1)=(0.082,1.058) aL=-0.0181 vL=0.0436 t0=[red=0.46 blue=0.54]
[u  259] env= 16973824 rsucc=0.945 n_rounds= 2093 ret=+12.424 len=651.9 ent(t0,t>=1)=(0.076,1.045) aL=-0.0205 vL=0.0470 t0=[red=0.43 blue=0.57]
[u  260] env= 17039360 rsucc=0.950 n_rounds= 2101 ret=+12.649 len=639.2 ent(t0,t>=1)=(0.082,1.056) aL=-0.0227 vL=0.0445 t0=[red=0.44 blue=0.56]
[u  261] env= 17104896 rsucc=0.957 n_rounds= 2185 ret=+13.322 len=597.0 ent(t0,t>=1)=(0.083,1.027) aL=-0.0213 vL=0.0441 t0=[red=0.49 blue=0.51]
[u  262] env= 17170432 rsucc=0.948 n_rounds= 2088 ret=+13.429 len=600.9 ent(t0,t>=1)=(0.092,1.046) aL=-0.0183 vL=0.0510 t0=[red=0.53 blue=0.47]
[u  263] env= 17235968 rsucc=0.957 n_rounds= 2218 ret=+13.186 len=612.6 ent(t0,t>=1)=(0.078,1.026) aL=-0.0223 vL=0.0431 t0=[red=0.50 blue=0.50]
[u  264] env= 17301504 rsucc=0.962 n_rounds= 2105 ret=+12.867 len=631.2 ent(t0,t>=1)=(0.068,1.026) aL=-0.0207 vL=0.0464 t0=[red=0.46 blue=0.54]
[u  265] env= 17367040 rsucc=0.935 n_rounds= 2050 ret=+13.141 len=607.6 ent(t0,t>=1)=(0.072,1.039) aL=-0.0195 vL=0.0461 t0=[red=0.46 blue=0.54]
[u  266] env= 17432576 rsucc=0.964 n_rounds= 2334 ret=+13.076 len=610.5 ent(t0,t>=1)=(0.062,0.989) aL=-0.0197 vL=0.0503 t0=[red=0.51 blue=0.49]
[u  267] env= 17498112 rsucc=0.960 n_rounds= 2129 ret=+13.043 len=620.4 ent(t0,t>=1)=(0.079,1.016) aL=-0.0208 vL=0.0448 t0=[red=0.46 blue=0.54]
[u  268] env= 17563648 rsucc=0.959 n_rounds= 2104 ret=+13.151 len=610.5 ent(t0,t>=1)=(0.065,1.028) aL=-0.0199 vL=0.0451 t0=[red=0.49 blue=0.51]
[u  269] env= 17629184 rsucc=0.943 n_rounds= 2051 ret=+13.388 len=601.5 ent(t0,t>=1)=(0.076,1.026) aL=-0.0201 vL=0.0457 t0=[red=0.43 blue=0.57]
[u  270] env= 17694720 rsucc=0.966 n_rounds= 2197 ret=+13.155 len=619.5 ent(t0,t>=1)=(0.074,1.011) aL=-0.0214 vL=0.0432 t0=[red=0.43 blue=0.57]
[u  271] env= 17760256 rsucc=0.971 n_rounds= 2175 ret=+13.234 len=616.5 ent(t0,t>=1)=(0.069,1.008) aL=-0.0221 vL=0.0444 t0=[red=0.49 blue=0.51]
[u  272] env= 17825792 rsucc=0.942 n_rounds= 2028 ret=+13.742 len=586.0 ent(t0,t>=1)=(0.074,1.049) aL=-0.0211 vL=0.0502 t0=[red=0.46 blue=0.54]
[u  273] env= 17891328 rsucc=0.949 n_rounds= 2151 ret=+13.119 len=622.0 ent(t0,t>=1)=(0.067,1.021) aL=-0.0210 vL=0.0457 t0=[red=0.54 blue=0.46]
[u  274] env= 17956864 rsucc=0.945 n_rounds= 2059 ret=+12.645 len=626.6 ent(t0,t>=1)=(0.068,1.044) aL=-0.0192 vL=0.0507 t0=[red=0.46 blue=0.54]
[u  275] env= 18022400 rsucc=0.947 n_rounds= 2126 ret=+12.546 len=653.0 ent(t0,t>=1)=(0.064,1.031) aL=-0.0207 vL=0.0506 t0=[red=0.42 blue=0.58]
[u  276] env= 18087936 rsucc=0.961 n_rounds= 2188 ret=+13.587 len=585.8 ent(t0,t>=1)=(0.066,0.998) aL=-0.0200 vL=0.0501 t0=[red=0.46 blue=0.54]
[u  277] env= 18153472 rsucc=0.956 n_rounds= 2185 ret=+13.213 len=615.7 ent(t0,t>=1)=(0.068,1.008) aL=-0.0224 vL=0.0448 t0=[red=0.49 blue=0.51]
[u  278] env= 18219008 rsucc=0.954 n_rounds= 2130 ret=+13.157 len=601.7 ent(t0,t>=1)=(0.069,1.034) aL=-0.0219 vL=0.0479 t0=[red=0.47 blue=0.53]
[u  279] env= 18284544 rsucc=0.957 n_rounds= 2214 ret=+13.026 len=624.3 ent(t0,t>=1)=(0.055,1.001) aL=-0.0209 vL=0.0504 t0=[red=0.44 blue=0.56]
[u  280] env= 18350080 rsucc=0.961 n_rounds= 2121 ret=+13.139 len=596.5 ent(t0,t>=1)=(0.069,1.022) aL=-0.0198 vL=0.0495 t0=[red=0.42 blue=0.58]
[u  281] env= 18415616 rsucc=0.951 n_rounds= 2103 ret=+13.291 len=618.7 ent(t0,t>=1)=(0.068,1.027) aL=-0.0198 vL=0.0513 t0=[red=0.41 blue=0.59]
[u  282] env= 18481152 rsucc=0.964 n_rounds= 2209 ret=+13.003 len=618.7 ent(t0,t>=1)=(0.061,1.002) aL=-0.0216 vL=0.0451 t0=[red=0.47 blue=0.53]
[u  283] env= 18546688 rsucc=0.948 n_rounds= 2044 ret=+13.417 len=599.6 ent(t0,t>=1)=(0.077,1.040) aL=-0.0200 vL=0.0455 t0=[red=0.45 blue=0.55]
[u  284] env= 18612224 rsucc=0.967 n_rounds= 2281 ret=+12.973 len=630.5 ent(t0,t>=1)=(0.068,1.003) aL=-0.0208 vL=0.0448 t0=[red=0.43 blue=0.57]
[u  285] env= 18677760 rsucc=0.962 n_rounds= 2176 ret=+13.566 len=584.2 ent(t0,t>=1)=(0.077,1.004) aL=-0.0221 vL=0.0467 t0=[red=0.46 blue=0.54]
[u  286] env= 18743296 rsucc=0.954 n_rounds= 2108 ret=+13.283 len=611.7 ent(t0,t>=1)=(0.061,1.034) aL=-0.0203 vL=0.0438 t0=[red=0.50 blue=0.50]
[u  287] env= 18808832 rsucc=0.947 n_rounds= 2052 ret=+13.255 len=610.9 ent(t0,t>=1)=(0.069,1.039) aL=-0.0213 vL=0.0422 t0=[red=0.45 blue=0.55]
[u  288] env= 18874368 rsucc=0.951 n_rounds= 2158 ret=+13.046 len=620.8 ent(t0,t>=1)=(0.067,1.028) aL=-0.0214 vL=0.0443 t0=[red=0.43 blue=0.57]
[u  289] env= 18939904 rsucc=0.953 n_rounds= 2096 ret=+12.910 len=629.7 ent(t0,t>=1)=(0.064,1.041) aL=-0.0218 vL=0.0414 t0=[red=0.49 blue=0.51]
[u  290] env= 19005440 rsucc=0.966 n_rounds= 2212 ret=+12.860 len=623.0 ent(t0,t>=1)=(0.064,1.016) aL=-0.0207 vL=0.0431 t0=[red=0.48 blue=0.52]
[u  291] env= 19070976 rsucc=0.949 n_rounds= 2109 ret=+13.432 len=596.7 ent(t0,t>=1)=(0.071,1.037) aL=-0.0229 vL=0.0444 t0=[red=0.47 blue=0.53]
[u  292] env= 19136512 rsucc=0.946 n_rounds= 2116 ret=+13.218 len=617.5 ent(t0,t>=1)=(0.085,1.032) aL=-0.0212 vL=0.0452 t0=[red=0.48 blue=0.52]
[u  293] env= 19202048 rsucc=0.962 n_rounds= 2199 ret=+13.391 len=599.1 ent(t0,t>=1)=(0.054,1.008) aL=-0.0206 vL=0.0448 t0=[red=0.46 blue=0.54]
[u  294] env= 19267584 rsucc=0.950 n_rounds= 2079 ret=+13.238 len=602.9 ent(t0,t>=1)=(0.048,1.019) aL=-0.0190 vL=0.0459 t0=[red=0.47 blue=0.53]
[u  295] env= 19333120 rsucc=0.959 n_rounds= 2148 ret=+12.946 len=632.8 ent(t0,t>=1)=(0.051,0.996) aL=-0.0207 vL=0.0452 t0=[red=0.51 blue=0.49]
[u  296] env= 19398656 rsucc=0.960 n_rounds= 2210 ret=+13.277 len=599.2 ent(t0,t>=1)=(0.060,0.991) aL=-0.0212 vL=0.0497 t0=[red=0.50 blue=0.50]
[u  297] env= 19464192 rsucc=0.963 n_rounds= 2255 ret=+13.104 len=620.8 ent(t0,t>=1)=(0.055,0.989) aL=-0.0199 vL=0.0492 t0=[red=0.50 blue=0.50]
[u  298] env= 19529728 rsucc=0.964 n_rounds= 2213 ret=+13.757 len=577.0 ent(t0,t>=1)=(0.061,0.988) aL=-0.0201 vL=0.0429 t0=[red=0.43 blue=0.57]
[u  299] env= 19595264 rsucc=0.948 n_rounds= 2026 ret=+13.271 len=602.0 ent(t0,t>=1)=(0.065,1.012) aL=-0.0208 vL=0.0445 t0=[red=0.40 blue=0.60]
[u  300] env= 19660800 rsucc=0.960 n_rounds= 2121 ret=+13.029 len=625.0 ent(t0,t>=1)=(0.064,0.999) aL=-0.0209 vL=0.0449 t0=[red=0.44 blue=0.56]
[u  301] env= 19726336 rsucc=0.954 n_rounds= 2190 ret=+13.731 len=577.7 ent(t0,t>=1)=(0.064,1.013) aL=-0.0209 vL=0.0487 t0=[red=0.45 blue=0.55]
[u  302] env= 19791872 rsucc=0.970 n_rounds= 2160 ret=+13.020 len=622.6 ent(t0,t>=1)=(0.056,1.002) aL=-0.0234 vL=0.0424 t0=[red=0.48 blue=0.52]
[u  303] env= 19857408 rsucc=0.950 n_rounds= 2096 ret=+13.274 len=623.3 ent(t0,t>=1)=(0.064,1.031) aL=-0.0205 vL=0.0477 t0=[red=0.49 blue=0.51]
[u  304] env= 19922944 rsucc=0.949 n_rounds= 2179 ret=+13.297 len=609.3 ent(t0,t>=1)=(0.059,1.007) aL=-0.0210 vL=0.0421 t0=[red=0.48 blue=0.52]
[u  305] env= 19988480 rsucc=0.953 n_rounds= 2184 ret=+13.220 len=600.1 ent(t0,t>=1)=(0.071,0.998) aL=-0.0153 vL=0.0475 t0=[red=0.45 blue=0.55]
[u  306] env= 20054016 rsucc=0.950 n_rounds= 2020 ret=+12.930 len=615.4 ent(t0,t>=1)=(0.072,1.039) aL=-0.0230 vL=0.0456 t0=[red=0.46 blue=0.54]
[u  307] env= 20119552 rsucc=0.943 n_rounds= 2039 ret=+12.880 len=624.5 ent(t0,t>=1)=(0.078,1.031) aL=-0.0220 vL=0.0489 t0=[red=0.48 blue=0.52]
[u  308] env= 20185088 rsucc=0.942 n_rounds= 2122 ret=+12.997 len=626.8 ent(t0,t>=1)=(0.070,1.029) aL=-0.0204 vL=0.0508 t0=[red=0.48 blue=0.52]
[u  309] env= 20250624 rsucc=0.965 n_rounds= 2225 ret=+12.809 len=642.0 ent(t0,t>=1)=(0.062,0.983) aL=-0.0205 vL=0.0490 t0=[red=0.51 blue=0.49]
[u  310] env= 20316160 rsucc=0.951 n_rounds= 2063 ret=+12.969 len=609.1 ent(t0,t>=1)=(0.075,1.036) aL=-0.0191 vL=0.0499 t0=[red=0.48 blue=0.52]
[u  311] env= 20381696 rsucc=0.948 n_rounds= 2127 ret=+13.283 len=610.1 ent(t0,t>=1)=(0.077,1.029) aL=-0.0194 vL=0.0476 t0=[red=0.44 blue=0.56]
[u  312] env= 20447232 rsucc=0.947 n_rounds= 2105 ret=+12.820 len=635.9 ent(t0,t>=1)=(0.081,1.043) aL=-0.0213 vL=0.0412 t0=[red=0.45 blue=0.55]
[u  313] env= 20512768 rsucc=0.955 n_rounds= 2111 ret=+12.918 len=616.1 ent(t0,t>=1)=(0.076,1.025) aL=-0.0203 vL=0.0422 t0=[red=0.45 blue=0.55]
[u  314] env= 20578304 rsucc=0.963 n_rounds= 2150 ret=+12.887 len=626.5 ent(t0,t>=1)=(0.088,1.003) aL=-0.0223 vL=0.0431 t0=[red=0.48 blue=0.52]
[u  315] env= 20643840 rsucc=0.952 n_rounds= 2140 ret=+13.430 len=598.8 ent(t0,t>=1)=(0.082,1.024) aL=-0.0210 vL=0.0456 t0=[red=0.52 blue=0.48]
[u  316] env= 20709376 rsucc=0.962 n_rounds= 2133 ret=+13.162 len=621.5 ent(t0,t>=1)=(0.076,1.000) aL=-0.0228 vL=0.0432 t0=[red=0.50 blue=0.50]
[u  317] env= 20774912 rsucc=0.964 n_rounds= 2184 ret=+13.299 len=608.2 ent(t0,t>=1)=(0.074,1.001) aL=-0.0206 vL=0.0470 t0=[red=0.46 blue=0.54]
[u  318] env= 20840448 rsucc=0.955 n_rounds= 2138 ret=+13.409 len=602.0 ent(t0,t>=1)=(0.059,1.026) aL=-0.0221 vL=0.0481 t0=[red=0.46 blue=0.54]
[u  319] env= 20905984 rsucc=0.971 n_rounds= 2108 ret=+13.102 len=618.5 ent(t0,t>=1)=(0.071,1.011) aL=-0.0236 vL=0.0447 t0=[red=0.42 blue=0.58]
[u  320] env= 20971520 rsucc=0.956 n_rounds= 2156 ret=+13.512 len=609.4 ent(t0,t>=1)=(0.074,1.008) aL=-0.0209 vL=0.0494 t0=[red=0.48 blue=0.52]
[u  321] env= 21037056 rsucc=0.957 n_rounds= 2161 ret=+13.375 len=605.7 ent(t0,t>=1)=(0.068,1.014) aL=-0.0226 vL=0.0463 t0=[red=0.50 blue=0.50]
[u  322] env= 21102592 rsucc=0.959 n_rounds= 2176 ret=+13.185 len=614.9 ent(t0,t>=1)=(0.071,1.005) aL=-0.0203 vL=0.0523 t0=[red=0.46 blue=0.54]
[u  323] env= 21168128 rsucc=0.959 n_rounds= 2102 ret=+12.979 len=625.3 ent(t0,t>=1)=(0.070,1.006) aL=-0.0205 vL=0.0489 t0=[red=0.44 blue=0.56]
[u  324] env= 21233664 rsucc=0.963 n_rounds= 2127 ret=+13.548 len=585.9 ent(t0,t>=1)=(0.076,1.004) aL=-0.0201 vL=0.0466 t0=[red=0.44 blue=0.56]
[u  325] env= 21299200 rsucc=0.955 n_rounds= 2103 ret=+13.088 len=625.1 ent(t0,t>=1)=(0.063,1.026) aL=-0.0204 vL=0.0463 t0=[red=0.47 blue=0.53]
[u  326] env= 21364736 rsucc=0.968 n_rounds= 2285 ret=+13.241 len=616.4 ent(t0,t>=1)=(0.063,0.988) aL=-0.0221 vL=0.0465 t0=[red=0.50 blue=0.50]
[u  327] env= 21430272 rsucc=0.969 n_rounds= 2307 ret=+13.645 len=593.4 ent(t0,t>=1)=(0.059,0.978) aL=-0.0221 vL=0.0468 t0=[red=0.51 blue=0.49]
[u  328] env= 21495808 rsucc=0.937 n_rounds= 2074 ret=+13.683 len=573.8 ent(t0,t>=1)=(0.079,1.034) aL=-0.0214 vL=0.0499 t0=[red=0.46 blue=0.54]
[u  329] env= 21561344 rsucc=0.969 n_rounds= 2216 ret=+13.504 len=598.6 ent(t0,t>=1)=(0.062,1.005) aL=-0.0218 vL=0.0487 t0=[red=0.47 blue=0.53]
[u  330] env= 21626880 rsucc=0.949 n_rounds= 2091 ret=+13.135 len=602.2 ent(t0,t>=1)=(0.081,1.044) aL=-0.0231 vL=0.0448 t0=[red=0.48 blue=0.52]
[u  331] env= 21692416 rsucc=0.959 n_rounds= 2214 ret=+12.928 len=624.4 ent(t0,t>=1)=(0.069,1.024) aL=-0.0242 vL=0.0456 t0=[red=0.46 blue=0.54]
[u  332] env= 21757952 rsucc=0.956 n_rounds= 2094 ret=+13.322 len=602.8 ent(t0,t>=1)=(0.074,1.034) aL=-0.0221 vL=0.0483 t0=[red=0.49 blue=0.51]
[u  333] env= 21823488 rsucc=0.935 n_rounds= 2038 ret=+12.951 len=630.5 ent(t0,t>=1)=(0.062,1.044) aL=-0.0209 vL=0.0464 t0=[red=0.44 blue=0.56]
[u  334] env= 21889024 rsucc=0.939 n_rounds= 2082 ret=+13.197 len=602.9 ent(t0,t>=1)=(0.080,1.040) aL=-0.0209 vL=0.0444 t0=[red=0.43 blue=0.57]
[u  335] env= 21954560 rsucc=0.959 n_rounds= 2108 ret=+12.499 len=645.4 ent(t0,t>=1)=(0.063,1.038) aL=-0.0231 vL=0.0441 t0=[red=0.51 blue=0.49]
[u  336] env= 22020096 rsucc=0.948 n_rounds= 2077 ret=+12.656 len=645.5 ent(t0,t>=1)=(0.074,1.055) aL=-0.0236 vL=0.0445 t0=[red=0.54 blue=0.46]
[u  337] env= 22085632 rsucc=0.954 n_rounds= 2154 ret=+13.539 len=581.0 ent(t0,t>=1)=(0.066,1.028) aL=-0.0253 vL=0.0441 t0=[red=0.46 blue=0.54]
[u  338] env= 22151168 rsucc=0.971 n_rounds= 2210 ret=+13.039 len=629.0 ent(t0,t>=1)=(0.071,1.027) aL=-0.0251 vL=0.0444 t0=[red=0.47 blue=0.53]
[u  339] env= 22216704 rsucc=0.975 n_rounds= 2249 ret=+13.380 len=606.2 ent(t0,t>=1)=(0.062,1.023) aL=-0.0245 vL=0.0407 t0=[red=0.49 blue=0.51]
[u  340] env= 22282240 rsucc=0.972 n_rounds= 2233 ret=+13.492 len=600.6 ent(t0,t>=1)=(0.078,1.007) aL=-0.0248 vL=0.0423 t0=[red=0.52 blue=0.48]
[u  341] env= 22347776 rsucc=0.964 n_rounds= 2147 ret=+13.907 len=576.5 ent(t0,t>=1)=(0.088,1.037) aL=-0.0235 vL=0.0408 t0=[red=0.48 blue=0.52]
[u  342] env= 22413312 rsucc=0.959 n_rounds= 2148 ret=+13.878 len=585.9 ent(t0,t>=1)=(0.087,1.031) aL=-0.0227 vL=0.0437 t0=[red=0.46 blue=0.54]
[u  343] env= 22478848 rsucc=0.958 n_rounds= 2132 ret=+13.601 len=588.8 ent(t0,t>=1)=(0.082,1.033) aL=-0.0231 vL=0.0431 t0=[red=0.44 blue=0.56]
[u  344] env= 22544384 rsucc=0.924 n_rounds= 1928 ret=+12.533 len=662.6 ent(t0,t>=1)=(0.100,1.066) aL=-0.0220 vL=0.0452 t0=[red=0.42 blue=0.58]
[u  345] env= 22609920 rsucc=0.962 n_rounds= 2045 ret=+12.821 len=625.5 ent(t0,t>=1)=(0.098,1.044) aL=-0.0235 vL=0.0423 t0=[red=0.42 blue=0.58]
[u  346] env= 22675456 rsucc=0.948 n_rounds= 2020 ret=+12.678 len=645.3 ent(t0,t>=1)=(0.086,1.015) aL=-0.0214 vL=0.0471 t0=[red=0.47 blue=0.53]
[u  347] env= 22740992 rsucc=0.961 n_rounds= 2202 ret=+12.426 len=667.0 ent(t0,t>=1)=(0.074,1.002) aL=-0.0217 vL=0.0435 t0=[red=0.47 blue=0.53]
[u  348] env= 22806528 rsucc=0.956 n_rounds= 2166 ret=+13.049 len=617.2 ent(t0,t>=1)=(0.077,1.015) aL=-0.0205 vL=0.0491 t0=[red=0.49 blue=0.51]
[u  349] env= 22872064 rsucc=0.954 n_rounds= 2197 ret=+13.011 len=619.6 ent(t0,t>=1)=(0.077,1.022) aL=-0.0230 vL=0.0449 t0=[red=0.52 blue=0.48]
[u  350] env= 22937600 rsucc=0.953 n_rounds= 2136 ret=+13.222 len=607.3 ent(t0,t>=1)=(0.089,1.025) aL=-0.0213 vL=0.0430 t0=[red=0.47 blue=0.53]
[u  351] env= 23003136 rsucc=0.979 n_rounds= 2229 ret=+13.824 len=575.5 ent(t0,t>=1)=(0.075,0.991) aL=-0.0236 vL=0.0402 t0=[red=0.51 blue=0.49]
[u  352] env= 23068672 rsucc=0.970 n_rounds= 2192 ret=+13.472 len=607.2 ent(t0,t>=1)=(0.072,0.986) aL=-0.0220 vL=0.0492 t0=[red=0.45 blue=0.55]
[u  353] env= 23134208 rsucc=0.955 n_rounds= 2196 ret=+13.885 len=574.4 ent(t0,t>=1)=(0.076,0.991) aL=-0.0215 vL=0.0510 t0=[red=0.42 blue=0.58]
[u  354] env= 23199744 rsucc=0.944 n_rounds= 2081 ret=+13.727 len=579.6 ent(t0,t>=1)=(0.087,1.014) aL=-0.0223 vL=0.0443 t0=[red=0.49 blue=0.51]
[u  355] env= 23265280 rsucc=0.957 n_rounds= 2113 ret=+13.068 len=622.3 ent(t0,t>=1)=(0.078,0.985) aL=-0.0223 vL=0.0457 t0=[red=0.39 blue=0.61]
[u  356] env= 23330816 rsucc=0.945 n_rounds= 1978 ret=+12.866 len=635.3 ent(t0,t>=1)=(0.076,1.014) aL=-0.0191 vL=0.0492 t0=[red=0.45 blue=0.55]
[u  357] env= 23396352 rsucc=0.963 n_rounds= 2150 ret=+12.677 len=640.0 ent(t0,t>=1)=(0.076,1.004) aL=-0.0223 vL=0.0476 t0=[red=0.45 blue=0.55]
[u  358] env= 23461888 rsucc=0.947 n_rounds= 2143 ret=+13.148 len=621.2 ent(t0,t>=1)=(0.081,1.009) aL=-0.0223 vL=0.0462 t0=[red=0.42 blue=0.58]
[u  359] env= 23527424 rsucc=0.968 n_rounds= 2194 ret=+13.270 len=607.0 ent(t0,t>=1)=(0.070,0.989) aL=-0.0219 vL=0.0448 t0=[red=0.42 blue=0.58]
[u  360] env= 23592960 rsucc=0.940 n_rounds= 2013 ret=+12.981 len=623.7 ent(t0,t>=1)=(0.071,1.027) aL=-0.0222 vL=0.0483 t0=[red=0.49 blue=0.51]
[u  361] env= 23658496 rsucc=0.955 n_rounds= 2153 ret=+12.667 len=641.4 ent(t0,t>=1)=(0.073,1.013) aL=-0.0215 vL=0.0473 t0=[red=0.50 blue=0.50]
[u  362] env= 23724032 rsucc=0.957 n_rounds= 2029 ret=+12.937 len=618.4 ent(t0,t>=1)=(0.080,1.030) aL=-0.0230 vL=0.0468 t0=[red=0.50 blue=0.50]
[u  363] env= 23789568 rsucc=0.952 n_rounds= 2144 ret=+12.781 len=645.9 ent(t0,t>=1)=(0.076,1.008) aL=-0.0226 vL=0.0439 t0=[red=0.51 blue=0.49]
[u  364] env= 23855104 rsucc=0.965 n_rounds= 2222 ret=+13.332 len=602.1 ent(t0,t>=1)=(0.083,1.004) aL=-0.0208 vL=0.0437 t0=[red=0.48 blue=0.52]
[u  365] env= 23920640 rsucc=0.945 n_rounds= 2184 ret=+13.228 len=620.6 ent(t0,t>=1)=(0.080,0.999) aL=-0.0211 vL=0.0479 t0=[red=0.44 blue=0.56]
[u  366] env= 23986176 rsucc=0.964 n_rounds= 2210 ret=+13.599 len=578.9 ent(t0,t>=1)=(0.084,0.994) aL=-0.0227 vL=0.0438 t0=[red=0.45 blue=0.55]
[u  367] env= 24051712 rsucc=0.967 n_rounds= 2124 ret=+13.331 len=601.9 ent(t0,t>=1)=(0.068,1.005) aL=-0.0226 vL=0.0448 t0=[red=0.44 blue=0.56]
[u  368] env= 24117248 rsucc=0.966 n_rounds= 2177 ret=+13.312 len=608.0 ent(t0,t>=1)=(0.075,0.997) aL=-0.0236 vL=0.0380 t0=[red=0.44 blue=0.56]
[u  369] env= 24182784 rsucc=0.967 n_rounds= 2169 ret=+13.566 len=596.7 ent(t0,t>=1)=(0.082,0.999) aL=-0.0235 vL=0.0407 t0=[red=0.51 blue=0.49]
[u  370] env= 24248320 rsucc=0.977 n_rounds= 2187 ret=+13.498 len=610.2 ent(t0,t>=1)=(0.073,0.983) aL=-0.0222 vL=0.0421 t0=[red=0.49 blue=0.51]
[u  371] env= 24313856 rsucc=0.951 n_rounds= 2061 ret=+13.764 len=587.3 ent(t0,t>=1)=(0.067,1.001) aL=-0.0242 vL=0.0441 t0=[red=0.47 blue=0.53]
[u  372] env= 24379392 rsucc=0.945 n_rounds= 2138 ret=+12.972 len=635.8 ent(t0,t>=1)=(0.058,0.989) aL=-0.0229 vL=0.0402 t0=[red=0.49 blue=0.51]
[u  373] env= 24444928 rsucc=0.966 n_rounds= 2138 ret=+13.121 len=605.9 ent(t0,t>=1)=(0.077,1.004) aL=-0.0218 vL=0.0443 t0=[red=0.50 blue=0.50]
[u  374] env= 24510464 rsucc=0.972 n_rounds= 2237 ret=+12.939 len=637.1 ent(t0,t>=1)=(0.066,0.988) aL=-0.0224 vL=0.0439 t0=[red=0.45 blue=0.55]
[u  375] env= 24576000 rsucc=0.963 n_rounds= 2233 ret=+13.864 len=575.6 ent(t0,t>=1)=(0.054,0.978) aL=-0.0227 vL=0.0463 t0=[red=0.46 blue=0.54]
[u  376] env= 24641536 rsucc=0.961 n_rounds= 2179 ret=+13.420 len=596.2 ent(t0,t>=1)=(0.056,1.000) aL=-0.0220 vL=0.0435 t0=[red=0.50 blue=0.50]
[u  377] env= 24707072 rsucc=0.974 n_rounds= 2213 ret=+13.474 len=601.8 ent(t0,t>=1)=(0.048,0.979) aL=-0.0233 vL=0.0416 t0=[red=0.50 blue=0.50]
[u  378] env= 24772608 rsucc=0.968 n_rounds= 2239 ret=+14.108 len=567.4 ent(t0,t>=1)=(0.065,0.991) aL=-0.0220 vL=0.0436 t0=[red=0.43 blue=0.57]
[u  379] env= 24838144 rsucc=0.954 n_rounds= 2205 ret=+13.834 len=574.7 ent(t0,t>=1)=(0.068,0.999) aL=-0.0234 vL=0.0456 t0=[red=0.48 blue=0.52]
[u  380] env= 24903680 rsucc=0.965 n_rounds= 2295 ret=+13.247 len=609.2 ent(t0,t>=1)=(0.059,0.971) aL=-0.0232 vL=0.0420 t0=[red=0.45 blue=0.55]
[u  381] env= 24969216 rsucc=0.958 n_rounds= 2190 ret=+13.454 len=585.6 ent(t0,t>=1)=(0.066,0.989) aL=-0.0227 vL=0.0464 t0=[red=0.47 blue=0.53]
[u  382] env= 25034752 rsucc=0.944 n_rounds= 2064 ret=+13.422 len=600.9 ent(t0,t>=1)=(0.067,1.014) aL=-0.0207 vL=0.0440 t0=[red=0.53 blue=0.47]
[u  383] env= 25100288 rsucc=0.965 n_rounds= 2216 ret=+13.267 len=594.1 ent(t0,t>=1)=(0.067,0.990) aL=-0.0221 vL=0.0495 t0=[red=0.43 blue=0.57]
[u  384] env= 25165824 rsucc=0.936 n_rounds= 2060 ret=+13.069 len=623.1 ent(t0,t>=1)=(0.073,1.020) aL=-0.0217 vL=0.0478 t0=[red=0.46 blue=0.54]
[u  385] env= 25231360 rsucc=0.963 n_rounds= 2258 ret=+13.064 len=617.7 ent(t0,t>=1)=(0.075,0.975) aL=-0.0208 vL=0.0500 t0=[red=0.47 blue=0.53]
[u  386] env= 25296896 rsucc=0.959 n_rounds= 2317 ret=+13.263 len=595.4 ent(t0,t>=1)=(0.067,0.973) aL=-0.0224 vL=0.0450 t0=[red=0.45 blue=0.55]
[u  387] env= 25362432 rsucc=0.976 n_rounds= 2379 ret=+13.669 len=577.8 ent(t0,t>=1)=(0.064,0.965) aL=-0.0227 vL=0.0446 t0=[red=0.52 blue=0.48]
[u  388] env= 25427968 rsucc=0.966 n_rounds= 2202 ret=+13.963 len=565.0 ent(t0,t>=1)=(0.073,0.968) aL=-0.0242 vL=0.0464 t0=[red=0.47 blue=0.53]
[u  389] env= 25493504 rsucc=0.967 n_rounds= 2204 ret=+14.037 len=552.4 ent(t0,t>=1)=(0.072,0.955) aL=-0.0226 vL=0.0435 t0=[red=0.48 blue=0.52]
[u  390] env= 25559040 rsucc=0.963 n_rounds= 2180 ret=+13.524 len=600.3 ent(t0,t>=1)=(0.063,0.973) aL=-0.0207 vL=0.0459 t0=[red=0.46 blue=0.54]
[u  391] env= 25624576 rsucc=0.977 n_rounds= 2310 ret=+13.596 len=596.4 ent(t0,t>=1)=(0.054,0.938) aL=-0.0221 vL=0.0460 t0=[red=0.47 blue=0.53]
[u  392] env= 25690112 rsucc=0.959 n_rounds= 2201 ret=+14.002 len=569.8 ent(t0,t>=1)=(0.055,0.957) aL=-0.0220 vL=0.0494 t0=[red=0.41 blue=0.59]
[u  393] env= 25755648 rsucc=0.968 n_rounds= 2185 ret=+13.531 len=596.3 ent(t0,t>=1)=(0.066,0.963) aL=-0.0196 vL=0.0458 t0=[red=0.50 blue=0.50]
[u  394] env= 25821184 rsucc=0.959 n_rounds= 2259 ret=+13.613 len=588.0 ent(t0,t>=1)=(0.061,0.952) aL=-0.0219 vL=0.0494 t0=[red=0.54 blue=0.46]
[u  395] env= 25886720 rsucc=0.957 n_rounds= 2115 ret=+13.372 len=598.2 ent(t0,t>=1)=(0.053,0.980) aL=-0.0239 vL=0.0465 t0=[red=0.49 blue=0.51]
[u  396] env= 25952256 rsucc=0.964 n_rounds= 2163 ret=+13.160 len=613.5 ent(t0,t>=1)=(0.062,0.979) aL=-0.0230 vL=0.0483 t0=[red=0.52 blue=0.48]
[u  397] env= 26017792 rsucc=0.953 n_rounds= 2211 ret=+13.211 len=608.2 ent(t0,t>=1)=(0.055,0.968) aL=-0.0226 vL=0.0459 t0=[red=0.45 blue=0.55]
[u  398] env= 26083328 rsucc=0.979 n_rounds= 2321 ret=+13.692 len=578.5 ent(t0,t>=1)=(0.050,0.947) aL=-0.0222 vL=0.0513 t0=[red=0.47 blue=0.53]
[u  399] env= 26148864 rsucc=0.967 n_rounds= 2304 ret=+13.690 len=597.9 ent(t0,t>=1)=(0.059,0.964) aL=-0.0227 vL=0.0428 t0=[red=0.42 blue=0.58]
[u  400] env= 26214400 rsucc=0.967 n_rounds= 2306 ret=+13.924 len=555.3 ent(t0,t>=1)=(0.047,0.966) aL=-0.0206 vL=0.0472 t0=[red=0.47 blue=0.53]
[u  401] env= 26279936 rsucc=0.970 n_rounds= 2228 ret=+14.046 len=556.2 ent(t0,t>=1)=(0.055,0.973) aL=-0.0236 vL=0.0479 t0=[red=0.45 blue=0.55]
[u  402] env= 26345472 rsucc=0.981 n_rounds= 2351 ret=+13.645 len=593.7 ent(t0,t>=1)=(0.053,0.966) aL=-0.0221 vL=0.0399 t0=[red=0.46 blue=0.54]
[u  403] env= 26411008 rsucc=0.969 n_rounds= 2370 ret=+14.101 len=558.6 ent(t0,t>=1)=(0.055,0.973) aL=-0.0219 vL=0.0448 t0=[red=0.47 blue=0.53]
[u  404] env= 26476544 rsucc=0.977 n_rounds= 2281 ret=+13.958 len=570.3 ent(t0,t>=1)=(0.048,0.966) aL=-0.0218 vL=0.0412 t0=[red=0.45 blue=0.55]
[u  405] env= 26542080 rsucc=0.950 n_rounds= 2140 ret=+13.816 len=578.2 ent(t0,t>=1)=(0.057,0.978) aL=-0.0227 vL=0.0443 t0=[red=0.46 blue=0.54]
[u  406] env= 26607616 rsucc=0.972 n_rounds= 2279 ret=+13.527 len=589.3 ent(t0,t>=1)=(0.059,0.961) aL=-0.0220 vL=0.0422 t0=[red=0.50 blue=0.50]
[u  407] env= 26673152 rsucc=0.965 n_rounds= 2201 ret=+13.516 len=597.8 ent(t0,t>=1)=(0.054,0.988) aL=-0.0230 vL=0.0471 t0=[red=0.53 blue=0.47]
[u  408] env= 26738688 rsucc=0.936 n_rounds= 2064 ret=+13.692 len=579.4 ent(t0,t>=1)=(0.062,1.023) aL=-0.0228 vL=0.0448 t0=[red=0.49 blue=0.51]
[u  409] env= 26804224 rsucc=0.966 n_rounds= 2236 ret=+13.417 len=589.1 ent(t0,t>=1)=(0.057,0.961) aL=-0.0225 vL=0.0463 t0=[red=0.49 blue=0.51]
[u  410] env= 26869760 rsucc=0.967 n_rounds= 2164 ret=+13.220 len=619.7 ent(t0,t>=1)=(0.057,0.960) aL=-0.0236 vL=0.0409 t0=[red=0.46 blue=0.54]
[u  411] env= 26935296 rsucc=0.965 n_rounds= 2179 ret=+13.293 len=607.2 ent(t0,t>=1)=(0.059,0.963) aL=-0.0233 vL=0.0451 t0=[red=0.51 blue=0.49]
[u  412] env= 27000832 rsucc=0.969 n_rounds= 2264 ret=+13.532 len=595.9 ent(t0,t>=1)=(0.057,0.983) aL=-0.0232 vL=0.0462 t0=[red=0.46 blue=0.54]
[u  413] env= 27066368 rsucc=0.968 n_rounds= 2281 ret=+13.767 len=581.3 ent(t0,t>=1)=(0.045,0.958) aL=-0.0237 vL=0.0449 t0=[red=0.45 blue=0.55]
[u  414] env= 27131904 rsucc=0.964 n_rounds= 2265 ret=+13.635 len=583.3 ent(t0,t>=1)=(0.047,0.971) aL=-0.0235 vL=0.0420 t0=[red=0.45 blue=0.55]
[u  415] env= 27197440 rsucc=0.955 n_rounds= 2246 ret=+14.055 len=557.8 ent(t0,t>=1)=(0.056,0.967) aL=-0.0224 vL=0.0463 t0=[red=0.49 blue=0.51]
[u  416] env= 27262976 rsucc=0.960 n_rounds= 2247 ret=+13.718 len=584.5 ent(t0,t>=1)=(0.055,0.957) aL=-0.0199 vL=0.0483 t0=[red=0.54 blue=0.46]
[u  417] env= 27328512 rsucc=0.971 n_rounds= 2405 ret=+13.584 len=578.3 ent(t0,t>=1)=(0.047,0.942) aL=-0.0236 vL=0.0454 t0=[red=0.49 blue=0.51]
[u  418] env= 27394048 rsucc=0.974 n_rounds= 2251 ret=+13.469 len=584.0 ent(t0,t>=1)=(0.056,0.963) aL=-0.0224 vL=0.0472 t0=[red=0.42 blue=0.58]
[u  419] env= 27459584 rsucc=0.954 n_rounds= 2186 ret=+13.714 len=582.6 ent(t0,t>=1)=(0.064,0.982) aL=-0.0219 vL=0.0474 t0=[red=0.43 blue=0.57]
[u  420] env= 27525120 rsucc=0.954 n_rounds= 2230 ret=+13.596 len=579.0 ent(t0,t>=1)=(0.062,0.996) aL=-0.0230 vL=0.0506 t0=[red=0.47 blue=0.53]
[u  421] env= 27590656 rsucc=0.962 n_rounds= 2227 ret=+13.168 len=614.9 ent(t0,t>=1)=(0.066,1.000) aL=-0.0231 vL=0.0514 t0=[red=0.47 blue=0.53]
[u  422] env= 27656192 rsucc=0.957 n_rounds= 2194 ret=+13.618 len=574.0 ent(t0,t>=1)=(0.064,0.992) aL=-0.0226 vL=0.0453 t0=[red=0.47 blue=0.53]
[u  423] env= 27721728 rsucc=0.973 n_rounds= 2337 ret=+13.772 len=584.2 ent(t0,t>=1)=(0.057,0.958) aL=-0.0233 vL=0.0437 t0=[red=0.49 blue=0.51]
[u  424] env= 27787264 rsucc=0.977 n_rounds= 2274 ret=+13.869 len=564.4 ent(t0,t>=1)=(0.056,0.966) aL=-0.0238 vL=0.0485 t0=[red=0.47 blue=0.53]
[u  425] env= 27852800 rsucc=0.949 n_rounds= 2122 ret=+13.673 len=587.7 ent(t0,t>=1)=(0.062,1.005) aL=-0.0234 vL=0.0479 t0=[red=0.46 blue=0.54]
[u  426] env= 27918336 rsucc=0.964 n_rounds= 2212 ret=+13.684 len=590.1 ent(t0,t>=1)=(0.055,0.976) aL=-0.0225 vL=0.0458 t0=[red=0.50 blue=0.50]
[u  427] env= 27983872 rsucc=0.960 n_rounds= 2191 ret=+13.349 len=602.7 ent(t0,t>=1)=(0.058,0.992) aL=-0.0246 vL=0.0490 t0=[red=0.51 blue=0.49]
[u  428] env= 28049408 rsucc=0.961 n_rounds= 2181 ret=+13.239 len=602.2 ent(t0,t>=1)=(0.057,0.985) aL=-0.0231 vL=0.0423 t0=[red=0.46 blue=0.54]
[u  429] env= 28114944 rsucc=0.975 n_rounds= 2316 ret=+13.301 len=607.9 ent(t0,t>=1)=(0.056,0.967) aL=-0.0233 vL=0.0445 t0=[red=0.48 blue=0.52]
[u  430] env= 28180480 rsucc=0.977 n_rounds= 2384 ret=+14.092 len=562.0 ent(t0,t>=1)=(0.058,0.971) aL=-0.0232 vL=0.0476 t0=[red=0.47 blue=0.53]
[u  431] env= 28246016 rsucc=0.965 n_rounds= 2204 ret=+14.086 len=559.9 ent(t0,t>=1)=(0.049,0.980) aL=-0.0221 vL=0.0465 t0=[red=0.53 blue=0.47]
[u  432] env= 28311552 rsucc=0.973 n_rounds= 2243 ret=+14.014 len=563.4 ent(t0,t>=1)=(0.055,0.978) aL=-0.0231 vL=0.0471 t0=[red=0.51 blue=0.49]
[u  433] env= 28377088 rsucc=0.969 n_rounds= 2255 ret=+13.555 len=606.2 ent(t0,t>=1)=(0.047,0.971) aL=-0.0225 vL=0.0476 t0=[red=0.49 blue=0.51]
[u  434] env= 28442624 rsucc=0.973 n_rounds= 2346 ret=+13.788 len=566.1 ent(t0,t>=1)=(0.064,0.972) aL=-0.0251 vL=0.0402 t0=[red=0.43 blue=0.57]
[u  435] env= 28508160 rsucc=0.963 n_rounds= 2237 ret=+13.948 len=560.2 ent(t0,t>=1)=(0.069,0.992) aL=-0.0228 vL=0.0427 t0=[red=0.50 blue=0.50]
[u  436] env= 28573696 rsucc=0.962 n_rounds= 2286 ret=+13.660 len=588.7 ent(t0,t>=1)=(0.061,0.981) aL=-0.0220 vL=0.0439 t0=[red=0.47 blue=0.53]
[u  437] env= 28639232 rsucc=0.976 n_rounds= 2271 ret=+13.673 len=580.2 ent(t0,t>=1)=(0.062,0.960) aL=-0.0238 vL=0.0439 t0=[red=0.48 blue=0.52]
[u  438] env= 28704768 rsucc=0.977 n_rounds= 2245 ret=+13.918 len=576.0 ent(t0,t>=1)=(0.052,0.966) aL=-0.0239 vL=0.0455 t0=[red=0.49 blue=0.51]
[u  439] env= 28770304 rsucc=0.970 n_rounds= 2210 ret=+13.988 len=581.9 ent(t0,t>=1)=(0.060,0.972) aL=-0.0239 vL=0.0407 t0=[red=0.48 blue=0.52]
[u  440] env= 28835840 rsucc=0.954 n_rounds= 2205 ret=+13.513 len=598.2 ent(t0,t>=1)=(0.053,0.991) aL=-0.0204 vL=0.0486 t0=[red=0.47 blue=0.53]
[u  441] env= 28901376 rsucc=0.953 n_rounds= 2228 ret=+13.291 len=595.7 ent(t0,t>=1)=(0.053,0.995) aL=-0.0229 vL=0.0483 t0=[red=0.48 blue=0.52]
[u  442] env= 28966912 rsucc=0.970 n_rounds= 2336 ret=+13.528 len=588.9 ent(t0,t>=1)=(0.051,0.967) aL=-0.0236 vL=0.0459 t0=[red=0.47 blue=0.53]
[u  443] env= 29032448 rsucc=0.976 n_rounds= 2369 ret=+14.269 len=534.3 ent(t0,t>=1)=(0.051,0.957) aL=-0.0242 vL=0.0461 t0=[red=0.46 blue=0.54]
[u  444] env= 29097984 rsucc=0.966 n_rounds= 2261 ret=+13.870 len=580.5 ent(t0,t>=1)=(0.065,1.000) aL=-0.0251 vL=0.0457 t0=[red=0.52 blue=0.48]
[u  445] env= 29163520 rsucc=0.979 n_rounds= 2192 ret=+13.831 len=584.1 ent(t0,t>=1)=(0.059,0.985) aL=-0.0236 vL=0.0403 t0=[red=0.51 blue=0.49]
[u  446] env= 29229056 rsucc=0.942 n_rounds= 2083 ret=+13.793 len=573.0 ent(t0,t>=1)=(0.072,1.017) aL=-0.0243 vL=0.0419 t0=[red=0.46 blue=0.54]
[u  447] env= 29294592 rsucc=0.961 n_rounds= 2247 ret=+13.060 len=617.4 ent(t0,t>=1)=(0.059,0.987) aL=-0.0218 vL=0.0405 t0=[red=0.45 blue=0.55]
[u  448] env= 29360128 rsucc=0.962 n_rounds= 2156 ret=+13.264 len=600.8 ent(t0,t>=1)=(0.056,0.989) aL=-0.0235 vL=0.0463 t0=[red=0.43 blue=0.57]
[u  449] env= 29425664 rsucc=0.969 n_rounds= 2276 ret=+13.885 len=571.3 ent(t0,t>=1)=(0.052,0.964) aL=-0.0232 vL=0.0426 t0=[red=0.44 blue=0.56]
[u  450] env= 29491200 rsucc=0.975 n_rounds= 2305 ret=+13.632 len=596.2 ent(t0,t>=1)=(0.053,0.960) aL=-0.0225 vL=0.0492 t0=[red=0.47 blue=0.53]
[u  451] env= 29556736 rsucc=0.962 n_rounds= 2344 ret=+13.932 len=558.9 ent(t0,t>=1)=(0.043,0.952) aL=-0.0234 vL=0.0488 t0=[red=0.45 blue=0.55]
[u  452] env= 29622272 rsucc=0.974 n_rounds= 2344 ret=+13.742 len=579.9 ent(t0,t>=1)=(0.052,0.934) aL=-0.0235 vL=0.0419 t0=[red=0.45 blue=0.55]
[u  453] env= 29687808 rsucc=0.965 n_rounds= 2385 ret=+14.056 len=551.1 ent(t0,t>=1)=(0.046,0.942) aL=-0.0228 vL=0.0476 t0=[red=0.47 blue=0.53]
[u  454] env= 29753344 rsucc=0.969 n_rounds= 2262 ret=+13.893 len=569.6 ent(t0,t>=1)=(0.053,0.955) aL=-0.0220 vL=0.0503 t0=[red=0.48 blue=0.52]
[u  455] env= 29818880 rsucc=0.956 n_rounds= 2332 ret=+13.970 len=552.1 ent(t0,t>=1)=(0.047,0.946) aL=-0.0229 vL=0.0426 t0=[red=0.46 blue=0.54]
[u  456] env= 29884416 rsucc=0.982 n_rounds= 2338 ret=+13.909 len=561.2 ent(t0,t>=1)=(0.042,0.953) aL=-0.0244 vL=0.0473 t0=[red=0.50 blue=0.50]
[u  457] env= 29949952 rsucc=0.960 n_rounds= 2275 ret=+13.778 len=581.1 ent(t0,t>=1)=(0.052,0.970) aL=-0.0239 vL=0.0455 t0=[red=0.51 blue=0.49]
[u  458] env= 30015488 rsucc=0.967 n_rounds= 2256 ret=+13.897 len=556.3 ent(t0,t>=1)=(0.051,0.972) aL=-0.0239 vL=0.0451 t0=[red=0.52 blue=0.48]
[u  459] env= 30081024 rsucc=0.970 n_rounds= 2208 ret=+13.690 len=592.1 ent(t0,t>=1)=(0.055,0.967) aL=-0.0226 vL=0.0466 t0=[red=0.51 blue=0.49]
[u  460] env= 30146560 rsucc=0.970 n_rounds= 2338 ret=+14.020 len=563.7 ent(t0,t>=1)=(0.055,0.956) aL=-0.0235 vL=0.0480 t0=[red=0.48 blue=0.52]
[u  461] env= 30212096 rsucc=0.960 n_rounds= 2187 ret=+13.524 len=596.4 ent(t0,t>=1)=(0.061,0.975) aL=-0.0220 vL=0.0465 t0=[red=0.45 blue=0.55]
[u  462] env= 30277632 rsucc=0.971 n_rounds= 2304 ret=+13.623 len=587.0 ent(t0,t>=1)=(0.054,0.960) aL=-0.0239 vL=0.0451 t0=[red=0.48 blue=0.52]
[u  463] env= 30343168 rsucc=0.963 n_rounds= 2187 ret=+13.409 len=595.0 ent(t0,t>=1)=(0.050,0.976) aL=-0.0224 vL=0.0504 t0=[red=0.44 blue=0.56]
[u  464] env= 30408704 rsucc=0.962 n_rounds= 2219 ret=+13.817 len=581.7 ent(t0,t>=1)=(0.059,0.973) aL=-0.0254 vL=0.0430 t0=[red=0.48 blue=0.52]
[u  465] env= 30474240 rsucc=0.971 n_rounds= 2353 ret=+13.890 len=566.3 ent(t0,t>=1)=(0.051,0.953) aL=-0.0224 vL=0.0429 t0=[red=0.48 blue=0.52]
[u  466] env= 30539776 rsucc=0.974 n_rounds= 2287 ret=+13.655 len=576.3 ent(t0,t>=1)=(0.063,0.953) aL=-0.0214 vL=0.0460 t0=[red=0.47 blue=0.53]
[u  467] env= 30605312 rsucc=0.971 n_rounds= 2394 ret=+13.727 len=585.9 ent(t0,t>=1)=(0.060,0.937) aL=-0.0231 vL=0.0415 t0=[red=0.46 blue=0.54]
[u  468] env= 30670848 rsucc=0.978 n_rounds= 2473 ret=+14.398 len=533.3 ent(t0,t>=1)=(0.048,0.904) aL=-0.0228 vL=0.0450 t0=[red=0.47 blue=0.53]
[u  469] env= 30736384 rsucc=0.963 n_rounds= 2232 ret=+14.047 len=558.7 ent(t0,t>=1)=(0.051,0.938) aL=-0.0221 vL=0.0481 t0=[red=0.48 blue=0.52]
[u  470] env= 30801920 rsucc=0.966 n_rounds= 2217 ret=+13.952 len=567.5 ent(t0,t>=1)=(0.053,0.940) aL=-0.0221 vL=0.0426 t0=[red=0.50 blue=0.50]
[u  471] env= 30867456 rsucc=0.972 n_rounds= 2250 ret=+13.773 len=572.1 ent(t0,t>=1)=(0.052,0.944) aL=-0.0221 vL=0.0441 t0=[red=0.50 blue=0.50]
[u  472] env= 30932992 rsucc=0.960 n_rounds= 2235 ret=+13.585 len=590.6 ent(t0,t>=1)=(0.048,0.941) aL=-0.0226 vL=0.0468 t0=[red=0.52 blue=0.48]
[u  473] env= 30998528 rsucc=0.973 n_rounds= 2368 ret=+13.939 len=564.0 ent(t0,t>=1)=(0.054,0.927) aL=-0.0236 vL=0.0466 t0=[red=0.48 blue=0.52]
[u  474] env= 31064064 rsucc=0.966 n_rounds= 2227 ret=+13.539 len=597.3 ent(t0,t>=1)=(0.062,0.950) aL=-0.0229 vL=0.0438 t0=[red=0.48 blue=0.52]
[u  475] env= 31129600 rsucc=0.974 n_rounds= 2277 ret=+13.795 len=584.9 ent(t0,t>=1)=(0.053,0.938) aL=-0.0242 vL=0.0418 t0=[red=0.44 blue=0.56]
[u  476] env= 31195136 rsucc=0.977 n_rounds= 2311 ret=+14.113 len=560.2 ent(t0,t>=1)=(0.045,0.944) aL=-0.0237 vL=0.0458 t0=[red=0.49 blue=0.51]
[u  477] env= 31260672 rsucc=0.963 n_rounds= 2238 ret=+13.915 len=570.5 ent(t0,t>=1)=(0.058,0.960) aL=-0.0226 vL=0.0485 t0=[red=0.44 blue=0.56]
[u  478] env= 31326208 rsucc=0.974 n_rounds= 2349 ret=+13.940 len=559.0 ent(t0,t>=1)=(0.052,0.934) aL=-0.0223 vL=0.0421 t0=[red=0.50 blue=0.50]
[u  479] env= 31391744 rsucc=0.972 n_rounds= 2236 ret=+13.799 len=583.7 ent(t0,t>=1)=(0.050,0.939) aL=-0.0236 vL=0.0452 t0=[red=0.47 blue=0.53]
[u  480] env= 31457280 rsucc=0.960 n_rounds= 2238 ret=+14.101 len=556.7 ent(t0,t>=1)=(0.053,0.945) aL=-0.0235 vL=0.0480 t0=[red=0.45 blue=0.55]
[u  481] env= 31522816 rsucc=0.971 n_rounds= 2279 ret=+13.498 len=596.1 ent(t0,t>=1)=(0.052,0.940) aL=-0.0230 vL=0.0432 t0=[red=0.46 blue=0.54]
[u  482] env= 31588352 rsucc=0.957 n_rounds= 2214 ret=+13.533 len=588.7 ent(t0,t>=1)=(0.044,0.946) aL=-0.0235 vL=0.0483 t0=[red=0.43 blue=0.57]
[u  483] env= 31653888 rsucc=0.969 n_rounds= 2355 ret=+13.663 len=582.3 ent(t0,t>=1)=(0.048,0.937) aL=-0.0212 vL=0.0516 t0=[red=0.48 blue=0.52]
[u  484] env= 31719424 rsucc=0.963 n_rounds= 2256 ret=+13.969 len=556.8 ent(t0,t>=1)=(0.044,0.948) aL=-0.0240 vL=0.0465 t0=[red=0.49 blue=0.51]
[u  485] env= 31784960 rsucc=0.980 n_rounds= 2358 ret=+13.921 len=568.3 ent(t0,t>=1)=(0.038,0.926) aL=-0.0227 vL=0.0470 t0=[red=0.50 blue=0.50]
[u  486] env= 31850496 rsucc=0.969 n_rounds= 2344 ret=+14.068 len=555.4 ent(t0,t>=1)=(0.045,0.935) aL=-0.0235 vL=0.0472 t0=[red=0.46 blue=0.54]
[u  487] env= 31916032 rsucc=0.970 n_rounds= 2242 ret=+13.653 len=592.5 ent(t0,t>=1)=(0.046,0.956) aL=-0.0225 vL=0.0439 t0=[red=0.52 blue=0.48]
[u  488] env= 31981568 rsucc=0.972 n_rounds= 2351 ret=+13.771 len=576.5 ent(t0,t>=1)=(0.044,0.938) aL=-0.0227 vL=0.0428 t0=[red=0.48 blue=0.52]
[u  489] env= 32047104 rsucc=0.966 n_rounds= 2267 ret=+13.984 len=562.3 ent(t0,t>=1)=(0.048,0.962) aL=-0.0228 vL=0.0439 t0=[red=0.41 blue=0.59]
[u  490] env= 32112640 rsucc=0.972 n_rounds= 2360 ret=+14.104 len=561.6 ent(t0,t>=1)=(0.038,0.932) aL=-0.0221 vL=0.0450 t0=[red=0.49 blue=0.51]
[u  491] env= 32178176 rsucc=0.973 n_rounds= 2293 ret=+14.061 len=557.1 ent(t0,t>=1)=(0.040,0.951) aL=-0.0234 vL=0.0469 t0=[red=0.49 blue=0.51]
[u  492] env= 32243712 rsucc=0.963 n_rounds= 2298 ret=+13.895 len=572.9 ent(t0,t>=1)=(0.046,0.934) aL=-0.0236 vL=0.0414 t0=[red=0.53 blue=0.47]
[u  493] env= 32309248 rsucc=0.978 n_rounds= 2366 ret=+14.105 len=551.2 ent(t0,t>=1)=(0.040,0.921) aL=-0.0217 vL=0.0474 t0=[red=0.50 blue=0.50]
[u  494] env= 32374784 rsucc=0.971 n_rounds= 2251 ret=+13.821 len=572.6 ent(t0,t>=1)=(0.041,0.938) aL=-0.0225 vL=0.0485 t0=[red=0.49 blue=0.51]
[u  495] env= 32440320 rsucc=0.976 n_rounds= 2294 ret=+14.111 len=557.9 ent(t0,t>=1)=(0.036,0.920) aL=-0.0240 vL=0.0475 t0=[red=0.50 blue=0.50]
[u  496] env= 32505856 rsucc=0.964 n_rounds= 2353 ret=+13.616 len=594.6 ent(t0,t>=1)=(0.036,0.928) aL=-0.0213 vL=0.0580 t0=[red=0.44 blue=0.56]
[u  497] env= 32571392 rsucc=0.974 n_rounds= 2368 ret=+14.062 len=557.4 ent(t0,t>=1)=(0.045,0.928) aL=-0.0246 vL=0.0435 t0=[red=0.44 blue=0.56]
[u  498] env= 32636928 rsucc=0.967 n_rounds= 2333 ret=+13.950 len=561.6 ent(t0,t>=1)=(0.046,0.925) aL=-0.0228 vL=0.0471 t0=[red=0.45 blue=0.55]
[u  499] env= 32702464 rsucc=0.959 n_rounds= 2277 ret=+13.848 len=556.5 ent(t0,t>=1)=(0.049,0.950) aL=-0.0228 vL=0.0469 t0=[red=0.50 blue=0.50]
[u  500] env= 32768000 rsucc=0.967 n_rounds= 2301 ret=+13.727 len=578.9 ent(t0,t>=1)=(0.045,0.928) aL=-0.0221 vL=0.0454 t0=[red=0.49 blue=0.51]
[u  501] env= 32833536 rsucc=0.969 n_rounds= 2383 ret=+13.980 len=564.4 ent(t0,t>=1)=(0.055,0.926) aL=-0.0229 vL=0.0454 t0=[red=0.46 blue=0.54]
[u  502] env= 32899072 rsucc=0.982 n_rounds= 2370 ret=+14.099 len=557.3 ent(t0,t>=1)=(0.057,0.922) aL=-0.0241 vL=0.0440 t0=[red=0.43 blue=0.57]
[u  503] env= 32964608 rsucc=0.971 n_rounds= 2271 ret=+14.171 len=550.0 ent(t0,t>=1)=(0.067,0.944) aL=-0.0228 vL=0.0486 t0=[red=0.46 blue=0.54]
[u  504] env= 33030144 rsucc=0.978 n_rounds= 2411 ret=+14.299 len=547.9 ent(t0,t>=1)=(0.052,0.917) aL=-0.0218 vL=0.0417 t0=[red=0.47 blue=0.53]
[u  505] env= 33095680 rsucc=0.973 n_rounds= 2391 ret=+14.123 len=556.3 ent(t0,t>=1)=(0.058,0.927) aL=-0.0234 vL=0.0431 t0=[red=0.45 blue=0.55]
[u  506] env= 33161216 rsucc=0.961 n_rounds= 2217 ret=+13.522 len=593.6 ent(t0,t>=1)=(0.053,0.957) aL=-0.0232 vL=0.0473 t0=[red=0.49 blue=0.51]
[u  507] env= 33226752 rsucc=0.965 n_rounds= 2259 ret=+14.174 len=548.2 ent(t0,t>=1)=(0.043,0.932) aL=-0.0242 vL=0.0396 t0=[red=0.51 blue=0.49]
[u  508] env= 33292288 rsucc=0.977 n_rounds= 2304 ret=+13.813 len=564.3 ent(t0,t>=1)=(0.050,0.925) aL=-0.0227 vL=0.0450 t0=[red=0.42 blue=0.58]
[u  509] env= 33357824 rsucc=0.975 n_rounds= 2379 ret=+13.867 len=585.0 ent(t0,t>=1)=(0.045,0.918) aL=-0.0221 vL=0.0461 t0=[red=0.48 blue=0.52]
[u  510] env= 33423360 rsucc=0.977 n_rounds= 2391 ret=+14.132 len=554.6 ent(t0,t>=1)=(0.051,0.922) aL=-0.0243 vL=0.0527 t0=[red=0.49 blue=0.51]
[u  511] env= 33488896 rsucc=0.962 n_rounds= 2255 ret=+14.040 len=561.6 ent(t0,t>=1)=(0.060,0.942) aL=-0.0230 vL=0.0468 t0=[red=0.49 blue=0.51]
[u  512] env= 33554432 rsucc=0.960 n_rounds= 2297 ret=+14.193 len=553.6 ent(t0,t>=1)=(0.049,0.920) aL=-0.0235 vL=0.0462 t0=[red=0.43 blue=0.57]
[u  513] env= 33619968 rsucc=0.973 n_rounds= 2378 ret=+13.805 len=559.2 ent(t0,t>=1)=(0.042,0.911) aL=-0.0234 vL=0.0444 t0=[red=0.49 blue=0.51]
[u  514] env= 33685504 rsucc=0.965 n_rounds= 2336 ret=+13.727 len=578.3 ent(t0,t>=1)=(0.048,0.933) aL=-0.0229 vL=0.0488 t0=[red=0.53 blue=0.47]
[u  515] env= 33751040 rsucc=0.972 n_rounds= 2425 ret=+13.971 len=550.0 ent(t0,t>=1)=(0.045,0.910) aL=-0.0231 vL=0.0475 t0=[red=0.47 blue=0.53]
[u  516] env= 33816576 rsucc=0.973 n_rounds= 2371 ret=+14.015 len=561.1 ent(t0,t>=1)=(0.051,0.921) aL=-0.0233 vL=0.0467 t0=[red=0.45 blue=0.55]
[u  517] env= 33882112 rsucc=0.983 n_rounds= 2355 ret=+14.486 len=526.1 ent(t0,t>=1)=(0.054,0.925) aL=-0.0234 vL=0.0429 t0=[red=0.43 blue=0.57]
[u  518] env= 33947648 rsucc=0.961 n_rounds= 2239 ret=+14.142 len=553.9 ent(t0,t>=1)=(0.058,0.933) aL=-0.0233 vL=0.0494 t0=[red=0.48 blue=0.52]
[u  519] env= 34013184 rsucc=0.970 n_rounds= 2301 ret=+13.949 len=565.5 ent(t0,t>=1)=(0.040,0.938) aL=-0.0226 vL=0.0454 t0=[red=0.49 blue=0.51]
[u  520] env= 34078720 rsucc=0.964 n_rounds= 2295 ret=+13.685 len=585.1 ent(t0,t>=1)=(0.044,0.929) aL=-0.0230 vL=0.0428 t0=[red=0.46 blue=0.54]
[u  521] env= 34144256 rsucc=0.973 n_rounds= 2312 ret=+13.973 len=561.3 ent(t0,t>=1)=(0.052,0.919) aL=-0.0233 vL=0.0434 t0=[red=0.49 blue=0.51]
[u  522] env= 34209792 rsucc=0.980 n_rounds= 2351 ret=+13.758 len=578.8 ent(t0,t>=1)=(0.055,0.913) aL=-0.0233 vL=0.0424 t0=[red=0.44 blue=0.56]
[u  523] env= 34275328 rsucc=0.979 n_rounds= 2445 ret=+14.127 len=558.9 ent(t0,t>=1)=(0.040,0.903) aL=-0.0233 vL=0.0455 t0=[red=0.44 blue=0.56]
[u  524] env= 34340864 rsucc=0.973 n_rounds= 2271 ret=+14.297 len=552.8 ent(t0,t>=1)=(0.049,0.918) aL=-0.0221 vL=0.0479 t0=[red=0.47 blue=0.53]
[u  525] env= 34406400 rsucc=0.969 n_rounds= 2324 ret=+14.138 len=555.7 ent(t0,t>=1)=(0.044,0.925) aL=-0.0231 vL=0.0430 t0=[red=0.47 blue=0.53]
[u  526] env= 34471936 rsucc=0.969 n_rounds= 2342 ret=+13.843 len=581.2 ent(t0,t>=1)=(0.054,0.918) aL=-0.0223 vL=0.0438 t0=[red=0.46 blue=0.54]
[u  527] env= 34537472 rsucc=0.975 n_rounds= 2458 ret=+13.887 len=562.2 ent(t0,t>=1)=(0.050,0.909) aL=-0.0233 vL=0.0467 t0=[red=0.46 blue=0.54]
[u  528] env= 34603008 rsucc=0.974 n_rounds= 2447 ret=+14.324 len=531.4 ent(t0,t>=1)=(0.046,0.907) aL=-0.0235 vL=0.0451 t0=[red=0.47 blue=0.53]
[u  529] env= 34668544 rsucc=0.981 n_rounds= 2359 ret=+14.456 len=525.2 ent(t0,t>=1)=(0.043,0.913) aL=-0.0229 vL=0.0440 t0=[red=0.51 blue=0.49]
[u  530] env= 34734080 rsucc=0.958 n_rounds= 2243 ret=+13.962 len=565.9 ent(t0,t>=1)=(0.060,0.946) aL=-0.0238 vL=0.0473 t0=[red=0.48 blue=0.52]
[u  531] env= 34799616 rsucc=0.954 n_rounds= 2300 ret=+13.935 len=563.0 ent(t0,t>=1)=(0.050,0.932) aL=-0.0217 vL=0.0454 t0=[red=0.46 blue=0.54]
[u  532] env= 34865152 rsucc=0.968 n_rounds= 2317 ret=+13.592 len=577.5 ent(t0,t>=1)=(0.050,0.934) aL=-0.0231 vL=0.0422 t0=[red=0.43 blue=0.57]
[u  533] env= 34930688 rsucc=0.974 n_rounds= 2297 ret=+13.629 len=583.2 ent(t0,t>=1)=(0.039,0.927) aL=-0.0240 vL=0.0419 t0=[red=0.46 blue=0.54]
[u  534] env= 34996224 rsucc=0.964 n_rounds= 2339 ret=+13.691 len=575.1 ent(t0,t>=1)=(0.034,0.928) aL=-0.0225 vL=0.0484 t0=[red=0.44 blue=0.56]
[u  535] env= 35061760 rsucc=0.963 n_rounds= 2322 ret=+14.083 len=553.1 ent(t0,t>=1)=(0.041,0.928) aL=-0.0231 vL=0.0478 t0=[red=0.49 blue=0.51]
[u  536] env= 35127296 rsucc=0.976 n_rounds= 2492 ret=+14.007 len=558.0 ent(t0,t>=1)=(0.044,0.908) aL=-0.0226 vL=0.0469 t0=[red=0.48 blue=0.52]
[u  537] env= 35192832 rsucc=0.966 n_rounds= 2289 ret=+14.158 len=536.9 ent(t0,t>=1)=(0.042,0.945) aL=-0.0232 vL=0.0454 t0=[red=0.49 blue=0.51]
[u  538] env= 35258368 rsucc=0.968 n_rounds= 2228 ret=+14.257 len=545.5 ent(t0,t>=1)=(0.042,0.944) aL=-0.0243 vL=0.0439 t0=[red=0.47 blue=0.53]
[u  539] env= 35323904 rsucc=0.975 n_rounds= 2325 ret=+14.004 len=565.4 ent(t0,t>=1)=(0.045,0.916) aL=-0.0240 vL=0.0417 t0=[red=0.49 blue=0.51]
[u  540] env= 35389440 rsucc=0.970 n_rounds= 2328 ret=+13.919 len=567.0 ent(t0,t>=1)=(0.040,0.926) aL=-0.0236 vL=0.0432 t0=[red=0.52 blue=0.48]
[u  541] env= 35454976 rsucc=0.976 n_rounds= 2411 ret=+13.933 len=572.5 ent(t0,t>=1)=(0.044,0.905) aL=-0.0219 vL=0.0430 t0=[red=0.52 blue=0.48]
[u  542] env= 35520512 rsucc=0.971 n_rounds= 2389 ret=+13.890 len=562.6 ent(t0,t>=1)=(0.045,0.911) aL=-0.0241 vL=0.0469 t0=[red=0.50 blue=0.50]
[u  543] env= 35586048 rsucc=0.965 n_rounds= 2380 ret=+14.079 len=551.3 ent(t0,t>=1)=(0.050,0.915) aL=-0.0231 vL=0.0477 t0=[red=0.47 blue=0.53]
[u  544] env= 35651584 rsucc=0.973 n_rounds= 2359 ret=+14.292 len=541.2 ent(t0,t>=1)=(0.053,0.913) aL=-0.0233 vL=0.0465 t0=[red=0.47 blue=0.53]
[u  545] env= 35717120 rsucc=0.976 n_rounds= 2344 ret=+14.072 len=550.9 ent(t0,t>=1)=(0.047,0.910) aL=-0.0241 vL=0.0456 t0=[red=0.46 blue=0.54]
[u  546] env= 35782656 rsucc=0.959 n_rounds= 2239 ret=+13.707 len=587.8 ent(t0,t>=1)=(0.054,0.931) aL=-0.0225 vL=0.0538 t0=[red=0.48 blue=0.52]
[u  547] env= 35848192 rsucc=0.967 n_rounds= 2341 ret=+13.936 len=556.3 ent(t0,t>=1)=(0.047,0.911) aL=-0.0231 vL=0.0490 t0=[red=0.47 blue=0.53]
[u  548] env= 35913728 rsucc=0.979 n_rounds= 2415 ret=+13.910 len=566.4 ent(t0,t>=1)=(0.046,0.897) aL=-0.0237 vL=0.0437 t0=[red=0.50 blue=0.50]
[u  549] env= 35979264 rsucc=0.971 n_rounds= 2274 ret=+14.205 len=545.5 ent(t0,t>=1)=(0.043,0.908) aL=-0.0221 vL=0.0524 t0=[red=0.49 blue=0.51]
[u  550] env= 36044800 rsucc=0.972 n_rounds= 2400 ret=+13.997 len=565.2 ent(t0,t>=1)=(0.036,0.910) aL=-0.0239 vL=0.0501 t0=[red=0.49 blue=0.51]
[u  551] env= 36110336 rsucc=0.966 n_rounds= 2325 ret=+14.025 len=562.0 ent(t0,t>=1)=(0.034,0.917) aL=-0.0244 vL=0.0522 t0=[red=0.45 blue=0.55]
[u  552] env= 36175872 rsucc=0.971 n_rounds= 2407 ret=+14.029 len=553.7 ent(t0,t>=1)=(0.034,0.906) aL=-0.0237 vL=0.0427 t0=[red=0.44 blue=0.56]
[u  553] env= 36241408 rsucc=0.978 n_rounds= 2333 ret=+14.234 len=546.5 ent(t0,t>=1)=(0.036,0.918) aL=-0.0238 vL=0.0412 t0=[red=0.47 blue=0.53]
[u  554] env= 36306944 rsucc=0.974 n_rounds= 2389 ret=+14.127 len=563.6 ent(t0,t>=1)=(0.031,0.913) aL=-0.0231 vL=0.0478 t0=[red=0.46 blue=0.54]
[u  555] env= 36372480 rsucc=0.969 n_rounds= 2440 ret=+14.042 len=551.0 ent(t0,t>=1)=(0.037,0.918) aL=-0.0217 vL=0.0519 t0=[red=0.48 blue=0.52]
[u  556] env= 36438016 rsucc=0.966 n_rounds= 2382 ret=+14.138 len=539.4 ent(t0,t>=1)=(0.033,0.907) aL=-0.0242 vL=0.0423 t0=[red=0.46 blue=0.54]
[u  557] env= 36503552 rsucc=0.984 n_rounds= 2539 ret=+14.242 len=544.8 ent(t0,t>=1)=(0.040,0.893) aL=-0.0220 vL=0.0476 t0=[red=0.47 blue=0.53]
[u  558] env= 36569088 rsucc=0.974 n_rounds= 2422 ret=+14.490 len=522.3 ent(t0,t>=1)=(0.040,0.908) aL=-0.0236 vL=0.0506 t0=[red=0.45 blue=0.55]
[u  559] env= 36634624 rsucc=0.965 n_rounds= 2282 ret=+14.204 len=548.2 ent(t0,t>=1)=(0.041,0.916) aL=-0.0225 vL=0.0497 t0=[red=0.45 blue=0.55]
[u  560] env= 36700160 rsucc=0.975 n_rounds= 2359 ret=+14.118 len=552.0 ent(t0,t>=1)=(0.051,0.904) aL=-0.0217 vL=0.0504 t0=[red=0.49 blue=0.51]
[u  561] env= 36765696 rsucc=0.977 n_rounds= 2416 ret=+14.053 len=557.5 ent(t0,t>=1)=(0.040,0.902) aL=-0.0226 vL=0.0454 t0=[red=0.49 blue=0.51]
[u  562] env= 36831232 rsucc=0.984 n_rounds= 2505 ret=+14.223 len=552.9 ent(t0,t>=1)=(0.047,0.895) aL=-0.0234 vL=0.0483 t0=[red=0.52 blue=0.48]
[u  563] env= 36896768 rsucc=0.978 n_rounds= 2409 ret=+14.520 len=528.3 ent(t0,t>=1)=(0.050,0.886) aL=-0.0226 vL=0.0466 t0=[red=0.51 blue=0.49]
[u  564] env= 36962304 rsucc=0.973 n_rounds= 2368 ret=+14.483 len=540.9 ent(t0,t>=1)=(0.042,0.910) aL=-0.0224 vL=0.0454 t0=[red=0.49 blue=0.51]
[u  565] env= 37027840 rsucc=0.968 n_rounds= 2432 ret=+14.010 len=553.8 ent(t0,t>=1)=(0.048,0.907) aL=-0.0232 vL=0.0449 t0=[red=0.45 blue=0.55]
[u  566] env= 37093376 rsucc=0.971 n_rounds= 2291 ret=+13.980 len=556.2 ent(t0,t>=1)=(0.047,0.916) aL=-0.0216 vL=0.0538 t0=[red=0.47 blue=0.53]
[u  567] env= 37158912 rsucc=0.955 n_rounds= 2288 ret=+14.069 len=553.5 ent(t0,t>=1)=(0.044,0.925) aL=-0.0225 vL=0.0453 t0=[red=0.45 blue=0.55]
[u  568] env= 37224448 rsucc=0.982 n_rounds= 2439 ret=+14.113 len=546.4 ent(t0,t>=1)=(0.033,0.895) aL=-0.0225 vL=0.0444 t0=[red=0.49 blue=0.51]
[u  569] env= 37289984 rsucc=0.971 n_rounds= 2314 ret=+14.184 len=549.2 ent(t0,t>=1)=(0.046,0.917) aL=-0.0229 vL=0.0493 t0=[red=0.44 blue=0.56]
[u  570] env= 37355520 rsucc=0.970 n_rounds= 2324 ret=+13.910 len=575.4 ent(t0,t>=1)=(0.043,0.894) aL=-0.0223 vL=0.0419 t0=[red=0.48 blue=0.52]
[u  571] env= 37421056 rsucc=0.973 n_rounds= 2369 ret=+13.800 len=568.0 ent(t0,t>=1)=(0.044,0.912) aL=-0.0229 vL=0.0442 t0=[red=0.47 blue=0.53]
[u  572] env= 37486592 rsucc=0.977 n_rounds= 2449 ret=+14.088 len=554.9 ent(t0,t>=1)=(0.034,0.889) aL=-0.0219 vL=0.0491 t0=[red=0.48 blue=0.52]
[u  573] env= 37552128 rsucc=0.964 n_rounds= 2289 ret=+14.539 len=526.5 ent(t0,t>=1)=(0.046,0.895) aL=-0.0232 vL=0.0450 t0=[red=0.45 blue=0.55]
[u  574] env= 37617664 rsucc=0.976 n_rounds= 2431 ret=+14.036 len=562.1 ent(t0,t>=1)=(0.034,0.891) aL=-0.0228 vL=0.0457 t0=[red=0.45 blue=0.55]
[u  575] env= 37683200 rsucc=0.975 n_rounds= 2505 ret=+14.046 len=547.0 ent(t0,t>=1)=(0.037,0.881) aL=-0.0219 vL=0.0508 t0=[red=0.44 blue=0.56]
[u  576] env= 37748736 rsucc=0.975 n_rounds= 2461 ret=+14.284 len=534.3 ent(t0,t>=1)=(0.035,0.886) aL=-0.0217 vL=0.0507 t0=[red=0.46 blue=0.54]
[u  577] env= 37814272 rsucc=0.980 n_rounds= 2466 ret=+14.236 len=539.1 ent(t0,t>=1)=(0.036,0.892) aL=-0.0207 vL=0.0513 t0=[red=0.50 blue=0.50]
[u  578] env= 37879808 rsucc=0.963 n_rounds= 2433 ret=+14.563 len=527.7 ent(t0,t>=1)=(0.042,0.911) aL=-0.0210 vL=0.0494 t0=[red=0.49 blue=0.51]
[u  579] env= 37945344 rsucc=0.967 n_rounds= 2430 ret=+14.438 len=526.1 ent(t0,t>=1)=(0.042,0.904) aL=-0.0217 vL=0.0517 t0=[red=0.46 blue=0.54]
[u  580] env= 38010880 rsucc=0.972 n_rounds= 2507 ret=+14.170 len=532.3 ent(t0,t>=1)=(0.040,0.878) aL=-0.0230 vL=0.0485 t0=[red=0.49 blue=0.51]
[u  581] env= 38076416 rsucc=0.979 n_rounds= 2385 ret=+14.051 len=549.8 ent(t0,t>=1)=(0.036,0.879) aL=-0.0227 vL=0.0435 t0=[red=0.50 blue=0.50]
[u  582] env= 38141952 rsucc=0.983 n_rounds= 2456 ret=+14.610 len=523.5 ent(t0,t>=1)=(0.044,0.866) aL=-0.0226 vL=0.0442 t0=[red=0.47 blue=0.53]
[u  583] env= 38207488 rsucc=0.978 n_rounds= 2418 ret=+14.268 len=548.6 ent(t0,t>=1)=(0.048,0.875) aL=-0.0227 vL=0.0447 t0=[red=0.47 blue=0.53]
[u  584] env= 38273024 rsucc=0.978 n_rounds= 2439 ret=+14.573 len=524.3 ent(t0,t>=1)=(0.046,0.876) aL=-0.0215 vL=0.0462 t0=[red=0.47 blue=0.53]
[u  585] env= 38338560 rsucc=0.979 n_rounds= 2494 ret=+14.116 len=552.6 ent(t0,t>=1)=(0.042,0.868) aL=-0.0218 vL=0.0484 t0=[red=0.48 blue=0.52]
[u  586] env= 38404096 rsucc=0.976 n_rounds= 2327 ret=+14.317 len=545.8 ent(t0,t>=1)=(0.049,0.882) aL=-0.0218 vL=0.0439 t0=[red=0.46 blue=0.54]
[u  587] env= 38469632 rsucc=0.980 n_rounds= 2446 ret=+14.403 len=531.6 ent(t0,t>=1)=(0.044,0.876) aL=-0.0225 vL=0.0472 t0=[red=0.47 blue=0.53]
[u  588] env= 38535168 rsucc=0.971 n_rounds= 2417 ret=+14.287 len=546.3 ent(t0,t>=1)=(0.047,0.890) aL=-0.0215 vL=0.0512 t0=[red=0.49 blue=0.51]
[u  589] env= 38600704 rsucc=0.973 n_rounds= 2335 ret=+14.150 len=557.2 ent(t0,t>=1)=(0.047,0.891) aL=-0.0218 vL=0.0482 t0=[red=0.48 blue=0.52]
[u  590] env= 38666240 rsucc=0.977 n_rounds= 2320 ret=+14.376 len=535.8 ent(t0,t>=1)=(0.043,0.909) aL=-0.0228 vL=0.0457 t0=[red=0.47 blue=0.53]
[u  591] env= 38731776 rsucc=0.975 n_rounds= 2365 ret=+14.075 len=558.4 ent(t0,t>=1)=(0.044,0.879) aL=-0.0233 vL=0.0446 t0=[red=0.43 blue=0.57]
[u  592] env= 38797312 rsucc=0.980 n_rounds= 2416 ret=+14.215 len=553.9 ent(t0,t>=1)=(0.041,0.888) aL=-0.0225 vL=0.0443 t0=[red=0.47 blue=0.53]
[u  593] env= 38862848 rsucc=0.968 n_rounds= 2407 ret=+14.034 len=560.7 ent(t0,t>=1)=(0.053,0.879) aL=-0.0222 vL=0.0482 t0=[red=0.48 blue=0.52]
[u  594] env= 38928384 rsucc=0.982 n_rounds= 2483 ret=+14.521 len=526.6 ent(t0,t>=1)=(0.042,0.880) aL=-0.0219 vL=0.0441 t0=[red=0.48 blue=0.52]
[u  595] env= 38993920 rsucc=0.981 n_rounds= 2477 ret=+14.295 len=545.2 ent(t0,t>=1)=(0.045,0.878) aL=-0.0227 vL=0.0435 t0=[red=0.49 blue=0.51]
[u  596] env= 39059456 rsucc=0.977 n_rounds= 2392 ret=+14.459 len=532.6 ent(t0,t>=1)=(0.047,0.870) aL=-0.0221 vL=0.0462 t0=[red=0.46 blue=0.54]
[u  597] env= 39124992 rsucc=0.977 n_rounds= 2401 ret=+14.512 len=530.3 ent(t0,t>=1)=(0.049,0.865) aL=-0.0222 vL=0.0439 t0=[red=0.45 blue=0.55]
[u  598] env= 39190528 rsucc=0.977 n_rounds= 2385 ret=+14.344 len=540.7 ent(t0,t>=1)=(0.046,0.874) aL=-0.0229 vL=0.0466 t0=[red=0.44 blue=0.56]
[u  599] env= 39256064 rsucc=0.980 n_rounds= 2408 ret=+13.965 len=562.7 ent(t0,t>=1)=(0.044,0.847) aL=-0.0228 vL=0.0486 t0=[red=0.46 blue=0.54]
[u  600] env= 39321600 rsucc=0.971 n_rounds= 2355 ret=+14.236 len=547.6 ent(t0,t>=1)=(0.052,0.881) aL=-0.0218 vL=0.0518 t0=[red=0.46 blue=0.54]
[u  601] env= 39387136 rsucc=0.967 n_rounds= 2455 ret=+14.226 len=546.1 ent(t0,t>=1)=(0.040,0.879) aL=-0.0227 vL=0.0480 t0=[red=0.44 blue=0.56]
[u  602] env= 39452672 rsucc=0.961 n_rounds= 2331 ret=+14.198 len=548.8 ent(t0,t>=1)=(0.042,0.896) aL=-0.0217 vL=0.0495 t0=[red=0.46 blue=0.54]
[u  603] env= 39518208 rsucc=0.981 n_rounds= 2467 ret=+13.971 len=551.2 ent(t0,t>=1)=(0.041,0.867) aL=-0.0215 vL=0.0634 t0=[red=0.42 blue=0.58]
[u  604] env= 39583744 rsucc=0.983 n_rounds= 2455 ret=+14.246 len=532.0 ent(t0,t>=1)=(0.041,0.867) aL=-0.0216 vL=0.0473 t0=[red=0.45 blue=0.55]
[u  605] env= 39649280 rsucc=0.977 n_rounds= 2413 ret=+14.346 len=544.2 ent(t0,t>=1)=(0.040,0.866) aL=-0.0219 vL=0.0478 t0=[red=0.47 blue=0.53]
[u  606] env= 39714816 rsucc=0.977 n_rounds= 2468 ret=+14.738 len=513.8 ent(t0,t>=1)=(0.044,0.855) aL=-0.0225 vL=0.0437 t0=[red=0.50 blue=0.50]
[u  607] env= 39780352 rsucc=0.984 n_rounds= 2391 ret=+14.295 len=550.7 ent(t0,t>=1)=(0.040,0.871) aL=-0.0214 vL=0.0518 t0=[red=0.50 blue=0.50]
[u  608] env= 39845888 rsucc=0.974 n_rounds= 2387 ret=+14.490 len=535.2 ent(t0,t>=1)=(0.030,0.874) aL=-0.0222 vL=0.0469 t0=[red=0.52 blue=0.48]
[u  609] env= 39911424 rsucc=0.979 n_rounds= 2431 ret=+14.418 len=540.8 ent(t0,t>=1)=(0.037,0.868) aL=-0.0215 vL=0.0484 t0=[red=0.49 blue=0.51]
[u  610] env= 39976960 rsucc=0.981 n_rounds= 2489 ret=+14.190 len=548.0 ent(t0,t>=1)=(0.038,0.848) aL=-0.0220 vL=0.0495 t0=[red=0.49 blue=0.51]
[u  611] env= 40042496 rsucc=0.979 n_rounds= 2490 ret=+14.437 len=537.1 ent(t0,t>=1)=(0.043,0.845) aL=-0.0219 vL=0.0506 t0=[red=0.46 blue=0.54]
[u  612] env= 40108032 rsucc=0.982 n_rounds= 2456 ret=+14.656 len=519.4 ent(t0,t>=1)=(0.046,0.864) aL=-0.0229 vL=0.0465 t0=[red=0.45 blue=0.55]
[u  613] env= 40173568 rsucc=0.971 n_rounds= 2371 ret=+14.138 len=551.3 ent(t0,t>=1)=(0.042,0.874) aL=-0.0222 vL=0.0483 t0=[red=0.43 blue=0.57]
[u  614] env= 40239104 rsucc=0.973 n_rounds= 2438 ret=+14.353 len=530.5 ent(t0,t>=1)=(0.050,0.863) aL=-0.0211 vL=0.0473 t0=[red=0.47 blue=0.53]
[u  615] env= 40304640 rsucc=0.980 n_rounds= 2418 ret=+14.156 len=550.4 ent(t0,t>=1)=(0.045,0.861) aL=-0.0218 vL=0.0490 t0=[red=0.47 blue=0.53]
[u  616] env= 40370176 rsucc=0.976 n_rounds= 2369 ret=+14.665 len=518.7 ent(t0,t>=1)=(0.036,0.876) aL=-0.0218 vL=0.0486 t0=[red=0.48 blue=0.52]
[u  617] env= 40435712 rsucc=0.979 n_rounds= 2363 ret=+14.305 len=547.8 ent(t0,t>=1)=(0.045,0.869) aL=-0.0232 vL=0.0482 t0=[red=0.47 blue=0.53]
[u  618] env= 40501248 rsucc=0.977 n_rounds= 2433 ret=+14.343 len=548.0 ent(t0,t>=1)=(0.038,0.855) aL=-0.0222 vL=0.0520 t0=[red=0.45 blue=0.55]
[u  619] env= 40566784 rsucc=0.970 n_rounds= 2326 ret=+13.873 len=567.8 ent(t0,t>=1)=(0.043,0.875) aL=-0.0218 vL=0.0488 t0=[red=0.46 blue=0.54]
[u  620] env= 40632320 rsucc=0.975 n_rounds= 2459 ret=+14.145 len=547.0 ent(t0,t>=1)=(0.040,0.851) aL=-0.0229 vL=0.0488 t0=[red=0.43 blue=0.57]
[u  621] env= 40697856 rsucc=0.976 n_rounds= 2431 ret=+14.046 len=559.7 ent(t0,t>=1)=(0.043,0.844) aL=-0.0200 vL=0.0509 t0=[red=0.44 blue=0.56]
[u  622] env= 40763392 rsucc=0.973 n_rounds= 2466 ret=+14.617 len=527.2 ent(t0,t>=1)=(0.039,0.864) aL=-0.0218 vL=0.0498 t0=[red=0.51 blue=0.49]
[u  623] env= 40828928 rsucc=0.979 n_rounds= 2460 ret=+14.257 len=534.6 ent(t0,t>=1)=(0.040,0.850) aL=-0.0204 vL=0.0512 t0=[red=0.48 blue=0.52]
[u  624] env= 40894464 rsucc=0.977 n_rounds= 2512 ret=+14.315 len=534.5 ent(t0,t>=1)=(0.040,0.847) aL=-0.0223 vL=0.0473 t0=[red=0.50 blue=0.50]
[u  625] env= 40960000 rsucc=0.977 n_rounds= 2453 ret=+14.547 len=519.4 ent(t0,t>=1)=(0.046,0.862) aL=-0.0227 vL=0.0509 t0=[red=0.50 blue=0.50]
[u  626] env= 41025536 rsucc=0.982 n_rounds= 2468 ret=+14.535 len=533.7 ent(t0,t>=1)=(0.045,0.846) aL=-0.0226 vL=0.0433 t0=[red=0.48 blue=0.52]
[u  627] env= 41091072 rsucc=0.983 n_rounds= 2498 ret=+14.654 len=519.5 ent(t0,t>=1)=(0.043,0.854) aL=-0.0218 vL=0.0495 t0=[red=0.47 blue=0.53]
[u  628] env= 41156608 rsucc=0.982 n_rounds= 2390 ret=+14.519 len=535.6 ent(t0,t>=1)=(0.039,0.851) aL=-0.0218 vL=0.0497 t0=[red=0.48 blue=0.52]
[u  629] env= 41222144 rsucc=0.976 n_rounds= 2487 ret=+14.348 len=533.4 ent(t0,t>=1)=(0.036,0.847) aL=-0.0211 vL=0.0484 t0=[red=0.47 blue=0.53]
[u  630] env= 41287680 rsucc=0.979 n_rounds= 2478 ret=+14.151 len=547.4 ent(t0,t>=1)=(0.034,0.835) aL=-0.0215 vL=0.0475 t0=[red=0.46 blue=0.54]
[u  631] env= 41353216 rsucc=0.978 n_rounds= 2358 ret=+14.429 len=536.0 ent(t0,t>=1)=(0.045,0.869) aL=-0.0215 vL=0.0504 t0=[red=0.46 blue=0.54]
[u  632] env= 41418752 rsucc=0.975 n_rounds= 2357 ret=+14.671 len=522.4 ent(t0,t>=1)=(0.041,0.861) aL=-0.0216 vL=0.0460 t0=[red=0.49 blue=0.51]
[u  633] env= 41484288 rsucc=0.970 n_rounds= 2389 ret=+13.910 len=562.0 ent(t0,t>=1)=(0.039,0.863) aL=-0.0206 vL=0.0495 t0=[red=0.49 blue=0.51]
[u  634] env= 41549824 rsucc=0.972 n_rounds= 2333 ret=+14.110 len=556.6 ent(t0,t>=1)=(0.036,0.853) aL=-0.0212 vL=0.0495 t0=[red=0.46 blue=0.54]
[u  635] env= 41615360 rsucc=0.975 n_rounds= 2424 ret=+14.106 len=561.8 ent(t0,t>=1)=(0.034,0.849) aL=-0.0218 vL=0.0477 t0=[red=0.49 blue=0.51]
[u  636] env= 41680896 rsucc=0.984 n_rounds= 2560 ret=+14.421 len=534.0 ent(t0,t>=1)=(0.029,0.835) aL=-0.0207 vL=0.0505 t0=[red=0.47 blue=0.53]
[u  637] env= 41746432 rsucc=0.980 n_rounds= 2491 ret=+14.482 len=534.3 ent(t0,t>=1)=(0.039,0.849) aL=-0.0206 vL=0.0492 t0=[red=0.47 blue=0.53]
[u  638] env= 41811968 rsucc=0.969 n_rounds= 2402 ret=+14.523 len=517.6 ent(t0,t>=1)=(0.038,0.868) aL=-0.0215 vL=0.0560 t0=[red=0.49 blue=0.51]
[u  639] env= 41877504 rsucc=0.973 n_rounds= 2466 ret=+14.347 len=537.6 ent(t0,t>=1)=(0.032,0.849) aL=-0.0211 vL=0.0569 t0=[red=0.49 blue=0.51]
[u  640] env= 41943040 rsucc=0.974 n_rounds= 2451 ret=+14.388 len=526.7 ent(t0,t>=1)=(0.032,0.852) aL=-0.0213 vL=0.0478 t0=[red=0.46 blue=0.54]
[u  641] env= 42008576 rsucc=0.987 n_rounds= 2494 ret=+14.365 len=539.7 ent(t0,t>=1)=(0.034,0.831) aL=-0.0216 vL=0.0457 t0=[red=0.48 blue=0.52]
[u  642] env= 42074112 rsucc=0.969 n_rounds= 2407 ret=+14.529 len=517.1 ent(t0,t>=1)=(0.046,0.859) aL=-0.0215 vL=0.0487 t0=[red=0.47 blue=0.53]
[u  643] env= 42139648 rsucc=0.977 n_rounds= 2444 ret=+14.157 len=550.9 ent(t0,t>=1)=(0.036,0.844) aL=-0.0215 vL=0.0483 t0=[red=0.46 blue=0.54]
[u  644] env= 42205184 rsucc=0.975 n_rounds= 2449 ret=+14.427 len=534.0 ent(t0,t>=1)=(0.036,0.847) aL=-0.0208 vL=0.0502 t0=[red=0.47 blue=0.53]
[u  645] env= 42270720 rsucc=0.983 n_rounds= 2445 ret=+14.360 len=538.3 ent(t0,t>=1)=(0.043,0.837) aL=-0.0209 vL=0.0470 t0=[red=0.47 blue=0.53]
[u  646] env= 42336256 rsucc=0.979 n_rounds= 2518 ret=+14.549 len=527.7 ent(t0,t>=1)=(0.030,0.822) aL=-0.0220 vL=0.0491 t0=[red=0.46 blue=0.54]
[u  647] env= 42401792 rsucc=0.972 n_rounds= 2429 ret=+14.347 len=534.0 ent(t0,t>=1)=(0.034,0.852) aL=-0.0211 vL=0.0469 t0=[red=0.51 blue=0.49]
[u  648] env= 42467328 rsucc=0.973 n_rounds= 2440 ret=+14.282 len=532.4 ent(t0,t>=1)=(0.033,0.828) aL=-0.0195 vL=0.0519 t0=[red=0.48 blue=0.52]
[u  649] env= 42532864 rsucc=0.979 n_rounds= 2418 ret=+14.415 len=534.9 ent(t0,t>=1)=(0.031,0.840) aL=-0.0203 vL=0.0474 t0=[red=0.50 blue=0.50]
[u  650] env= 42598400 rsucc=0.985 n_rounds= 2588 ret=+14.377 len=533.5 ent(t0,t>=1)=(0.026,0.811) aL=-0.0213 vL=0.0443 t0=[red=0.47 blue=0.53]
[u  651] env= 42663936 rsucc=0.975 n_rounds= 2360 ret=+14.513 len=537.0 ent(t0,t>=1)=(0.033,0.845) aL=-0.0203 vL=0.0474 t0=[red=0.46 blue=0.54]
[u  652] env= 42729472 rsucc=0.977 n_rounds= 2507 ret=+14.465 len=529.2 ent(t0,t>=1)=(0.027,0.831) aL=-0.0205 vL=0.0512 t0=[red=0.48 blue=0.52]
[u  653] env= 42795008 rsucc=0.986 n_rounds= 2512 ret=+14.486 len=531.5 ent(t0,t>=1)=(0.024,0.831) aL=-0.0221 vL=0.0456 t0=[red=0.44 blue=0.56]
[u  654] env= 42860544 rsucc=0.986 n_rounds= 2588 ret=+14.895 len=501.3 ent(t0,t>=1)=(0.027,0.808) aL=-0.0213 vL=0.0504 t0=[red=0.46 blue=0.54]
[u  655] env= 42926080 rsucc=0.977 n_rounds= 2478 ret=+14.644 len=521.9 ent(t0,t>=1)=(0.037,0.837) aL=-0.0199 vL=0.0501 t0=[red=0.43 blue=0.57]
[u  656] env= 42991616 rsucc=0.979 n_rounds= 2529 ret=+14.572 len=518.4 ent(t0,t>=1)=(0.029,0.839) aL=-0.0210 vL=0.0487 t0=[red=0.49 blue=0.51]
[u  657] env= 43057152 rsucc=0.983 n_rounds= 2521 ret=+14.513 len=527.9 ent(t0,t>=1)=(0.035,0.848) aL=-0.0213 vL=0.0447 t0=[red=0.48 blue=0.52]
[u  658] env= 43122688 rsucc=0.982 n_rounds= 2549 ret=+14.579 len=519.3 ent(t0,t>=1)=(0.034,0.821) aL=-0.0213 vL=0.0479 t0=[red=0.49 blue=0.51]
[u  659] env= 43188224 rsucc=0.983 n_rounds= 2551 ret=+14.680 len=521.4 ent(t0,t>=1)=(0.029,0.825) aL=-0.0205 vL=0.0430 t0=[red=0.50 blue=0.50]
[u  660] env= 43253760 rsucc=0.980 n_rounds= 2307 ret=+14.623 len=521.0 ent(t0,t>=1)=(0.035,0.863) aL=-0.0209 vL=0.0471 t0=[red=0.44 blue=0.56]
[u  661] env= 43319296 rsucc=0.980 n_rounds= 2571 ret=+14.624 len=526.7 ent(t0,t>=1)=(0.033,0.833) aL=+0.0019 vL=0.0464 t0=[red=0.49 blue=0.51]
[u  662] env= 43384832 rsucc=0.967 n_rounds= 2336 ret=+14.357 len=537.7 ent(t0,t>=1)=(0.036,0.874) aL=-0.0210 vL=0.0511 t0=[red=0.47 blue=0.53]
[u  663] env= 43450368 rsucc=0.971 n_rounds= 2382 ret=+13.919 len=558.9 ent(t0,t>=1)=(0.035,0.864) aL=-0.0213 vL=0.0407 t0=[red=0.47 blue=0.53]
[u  664] env= 43515904 rsucc=0.967 n_rounds= 2354 ret=+13.975 len=557.7 ent(t0,t>=1)=(0.035,0.850) aL=-0.0189 vL=0.0471 t0=[red=0.45 blue=0.55]
[u  665] env= 43581440 rsucc=0.985 n_rounds= 2518 ret=+14.420 len=534.6 ent(t0,t>=1)=(0.037,0.840) aL=-0.0197 vL=0.0510 t0=[red=0.45 blue=0.55]
[u  666] env= 43646976 rsucc=0.972 n_rounds= 2424 ret=+14.482 len=530.1 ent(t0,t>=1)=(0.037,0.864) aL=-0.0218 vL=0.0485 t0=[red=0.48 blue=0.52]
[u  667] env= 43712512 rsucc=0.972 n_rounds= 2469 ret=+14.256 len=540.2 ent(t0,t>=1)=(0.033,0.847) aL=-0.0198 vL=0.0498 t0=[red=0.51 blue=0.49]
[u  668] env= 43778048 rsucc=0.982 n_rounds= 2436 ret=+14.377 len=528.6 ent(t0,t>=1)=(0.030,0.839) aL=-0.0224 vL=0.0427 t0=[red=0.45 blue=0.55]
[u  669] env= 43843584 rsucc=0.978 n_rounds= 2405 ret=+14.189 len=545.0 ent(t0,t>=1)=(0.028,0.831) aL=-0.0203 vL=0.0445 t0=[red=0.45 blue=0.55]
[u  670] env= 43909120 rsucc=0.979 n_rounds= 2402 ret=+14.386 len=545.3 ent(t0,t>=1)=(0.034,0.837) aL=-0.0182 vL=0.0524 t0=[red=0.45 blue=0.55]
[u  671] env= 43974656 rsucc=0.978 n_rounds= 2553 ret=+14.523 len=532.7 ent(t0,t>=1)=(0.035,0.841) aL=-0.0205 vL=0.0512 t0=[red=0.44 blue=0.56]
[u  672] env= 44040192 rsucc=0.978 n_rounds= 2579 ret=+14.544 len=522.2 ent(t0,t>=1)=(0.035,0.850) aL=-0.0205 vL=0.0487 t0=[red=0.45 blue=0.55]
[u  673] env= 44105728 rsucc=0.981 n_rounds= 2492 ret=+14.584 len=515.4 ent(t0,t>=1)=(0.032,0.842) aL=-0.0201 vL=0.0487 t0=[red=0.49 blue=0.51]
[u  674] env= 44171264 rsucc=0.987 n_rounds= 2509 ret=+14.735 len=510.1 ent(t0,t>=1)=(0.032,0.831) aL=-0.0191 vL=0.0464 t0=[red=0.48 blue=0.52]
[u  675] env= 44236800 rsucc=0.983 n_rounds= 2519 ret=+14.449 len=537.2 ent(t0,t>=1)=(0.039,0.828) aL=-0.0201 vL=0.0473 t0=[red=0.48 blue=0.52]
[u  676] env= 44302336 rsucc=0.972 n_rounds= 2389 ret=+14.346 len=542.8 ent(t0,t>=1)=(0.037,0.851) aL=-0.0192 vL=0.0497 t0=[red=0.47 blue=0.53]
[u  677] env= 44367872 rsucc=0.984 n_rounds= 2531 ret=+14.738 len=511.0 ent(t0,t>=1)=(0.028,0.822) aL=-0.0198 vL=0.0474 t0=[red=0.47 blue=0.53]
[u  678] env= 44433408 rsucc=0.979 n_rounds= 2496 ret=+14.525 len=529.2 ent(t0,t>=1)=(0.030,0.838) aL=-0.0202 vL=0.0473 t0=[red=0.49 blue=0.51]
[u  679] env= 44498944 rsucc=0.983 n_rounds= 2559 ret=+14.726 len=514.3 ent(t0,t>=1)=(0.027,0.825) aL=-0.0198 vL=0.0457 t0=[red=0.46 blue=0.54]
[u  680] env= 44564480 rsucc=0.980 n_rounds= 2500 ret=+14.457 len=527.0 ent(t0,t>=1)=(0.033,0.829) aL=-0.0207 vL=0.0492 t0=[red=0.49 blue=0.51]
[u  681] env= 44630016 rsucc=0.975 n_rounds= 2345 ret=+14.637 len=515.4 ent(t0,t>=1)=(0.036,0.841) aL=-0.0197 vL=0.0492 t0=[red=0.50 blue=0.50]
[u  682] env= 44695552 rsucc=0.965 n_rounds= 2427 ret=+14.115 len=549.5 ent(t0,t>=1)=(0.029,0.824) aL=-0.0190 vL=0.0512 t0=[red=0.48 blue=0.52]
[u  683] env= 44761088 rsucc=0.986 n_rounds= 2563 ret=+14.347 len=536.8 ent(t0,t>=1)=(0.034,0.815) aL=-0.0201 vL=0.0485 t0=[red=0.46 blue=0.54]
[u  684] env= 44826624 rsucc=0.982 n_rounds= 2516 ret=+14.620 len=520.6 ent(t0,t>=1)=(0.028,0.825) aL=-0.0193 vL=0.0472 t0=[red=0.47 blue=0.53]
[u  685] env= 44892160 rsucc=0.977 n_rounds= 2507 ret=+14.688 len=518.8 ent(t0,t>=1)=(0.034,0.830) aL=-0.0196 vL=0.0485 t0=[red=0.49 blue=0.51]
[u  686] env= 44957696 rsucc=0.976 n_rounds= 2480 ret=+14.592 len=521.4 ent(t0,t>=1)=(0.034,0.838) aL=-0.0175 vL=0.0448 t0=[red=0.48 blue=0.52]
[u  687] env= 45023232 rsucc=0.984 n_rounds= 2624 ret=+14.649 len=515.2 ent(t0,t>=1)=(0.034,0.808) aL=-0.0197 vL=0.0432 t0=[red=0.46 blue=0.54]
[u  688] env= 45088768 rsucc=0.984 n_rounds= 2505 ret=+14.793 len=508.7 ent(t0,t>=1)=(0.032,0.825) aL=-0.0193 vL=0.0496 t0=[red=0.49 blue=0.51]
[u  689] env= 45154304 rsucc=0.980 n_rounds= 2542 ret=+14.466 len=522.9 ent(t0,t>=1)=(0.029,0.808) aL=-0.0192 vL=0.0467 t0=[red=0.47 blue=0.53]
[u  690] env= 45219840 rsucc=0.980 n_rounds= 2369 ret=+14.175 len=546.7 ent(t0,t>=1)=(0.025,0.833) aL=-0.0176 vL=0.0495 t0=[red=0.48 blue=0.52]
[u  691] env= 45285376 rsucc=0.980 n_rounds= 2507 ret=+14.779 len=514.9 ent(t0,t>=1)=(0.026,0.810) aL=-0.0199 vL=0.0441 t0=[red=0.46 blue=0.54]
[u  692] env= 45350912 rsucc=0.982 n_rounds= 2549 ret=+14.675 len=519.9 ent(t0,t>=1)=(0.026,0.797) aL=-0.0169 vL=0.0582 t0=[red=0.48 blue=0.52]
[u  693] env= 45416448 rsucc=0.982 n_rounds= 2604 ret=+14.675 len=521.5 ent(t0,t>=1)=(0.034,0.803) aL=-0.0188 vL=0.0546 t0=[red=0.50 blue=0.50]
[u  694] env= 45481984 rsucc=0.980 n_rounds= 2546 ret=+14.628 len=516.2 ent(t0,t>=1)=(0.032,0.799) aL=-0.0189 vL=0.0549 t0=[red=0.46 blue=0.54]
[u  695] env= 45547520 rsucc=0.989 n_rounds= 2478 ret=+14.567 len=520.3 ent(t0,t>=1)=(0.030,0.803) aL=-0.0193 vL=0.0537 t0=[red=0.47 blue=0.53]
[u  696] env= 45613056 rsucc=0.983 n_rounds= 2477 ret=+14.789 len=510.3 ent(t0,t>=1)=(0.025,0.809) aL=-0.0190 vL=0.0504 t0=[red=0.49 blue=0.51]
[u  697] env= 45678592 rsucc=0.982 n_rounds= 2535 ret=+14.487 len=533.2 ent(t0,t>=1)=(0.032,0.800) aL=-0.0189 vL=0.0513 t0=[red=0.47 blue=0.53]
[u  698] env= 45744128 rsucc=0.983 n_rounds= 2550 ret=+14.870 len=506.4 ent(t0,t>=1)=(0.029,0.796) aL=-0.0189 vL=0.0484 t0=[red=0.48 blue=0.52]
[u  699] env= 45809664 rsucc=0.985 n_rounds= 2610 ret=+14.778 len=511.4 ent(t0,t>=1)=(0.030,0.794) aL=-0.0187 vL=0.0480 t0=[red=0.48 blue=0.52]
[u  700] env= 45875200 rsucc=0.983 n_rounds= 2605 ret=+14.798 len=503.4 ent(t0,t>=1)=(0.033,0.800) aL=-0.0177 vL=0.0494 t0=[red=0.48 blue=0.52]
[u  701] env= 45940736 rsucc=0.979 n_rounds= 2546 ret=+14.544 len=519.4 ent(t0,t>=1)=(0.028,0.806) aL=-0.0180 vL=0.0442 t0=[red=0.43 blue=0.57]
[u  702] env= 46006272 rsucc=0.988 n_rounds= 2600 ret=+14.933 len=503.6 ent(t0,t>=1)=(0.030,0.794) aL=-0.0190 vL=0.0458 t0=[red=0.47 blue=0.53]
[u  703] env= 46071808 rsucc=0.985 n_rounds= 2606 ret=+14.899 len=501.5 ent(t0,t>=1)=(0.024,0.790) aL=-0.0182 vL=0.0471 t0=[red=0.49 blue=0.51]
[u  704] env= 46137344 rsucc=0.979 n_rounds= 2487 ret=+14.558 len=528.8 ent(t0,t>=1)=(0.027,0.800) aL=-0.0181 vL=0.0553 t0=[red=0.49 blue=0.51]
[u  705] env= 46202880 rsucc=0.985 n_rounds= 2468 ret=+14.732 len=519.3 ent(t0,t>=1)=(0.024,0.801) aL=-0.0188 vL=0.0441 t0=[red=0.50 blue=0.50]
[u  706] env= 46268416 rsucc=0.977 n_rounds= 2393 ret=+14.491 len=526.0 ent(t0,t>=1)=(0.026,0.806) aL=-0.0176 vL=0.0515 t0=[red=0.47 blue=0.53]
[u  707] env= 46333952 rsucc=0.980 n_rounds= 2565 ret=+14.263 len=546.7 ent(t0,t>=1)=(0.032,0.808) aL=-0.0183 vL=0.0499 t0=[red=0.46 blue=0.54]
[u  708] env= 46399488 rsucc=0.975 n_rounds= 2554 ret=+14.664 len=513.1 ent(t0,t>=1)=(0.031,0.791) aL=-0.0182 vL=0.0531 t0=[red=0.45 blue=0.55]
[u  709] env= 46465024 rsucc=0.988 n_rounds= 2551 ret=+14.906 len=493.4 ent(t0,t>=1)=(0.024,0.793) aL=-0.0169 vL=0.0442 t0=[red=0.49 blue=0.51]
[u  710] env= 46530560 rsucc=0.988 n_rounds= 2576 ret=+14.789 len=516.6 ent(t0,t>=1)=(0.031,0.776) aL=-0.0184 vL=0.0499 t0=[red=0.49 blue=0.51]
[u  711] env= 46596096 rsucc=0.972 n_rounds= 2424 ret=+14.678 len=515.7 ent(t0,t>=1)=(0.023,0.804) aL=-0.0178 vL=0.0476 t0=[red=0.45 blue=0.55]
[u  712] env= 46661632 rsucc=0.985 n_rounds= 2562 ret=+14.450 len=535.9 ent(t0,t>=1)=(0.033,0.793) aL=-0.0186 vL=0.0441 t0=[red=0.46 blue=0.54]
[u  713] env= 46727168 rsucc=0.988 n_rounds= 2624 ret=+14.797 len=499.4 ent(t0,t>=1)=(0.030,0.780) aL=-0.0179 vL=0.0446 t0=[red=0.47 blue=0.53]
[u  714] env= 46792704 rsucc=0.980 n_rounds= 2420 ret=+14.679 len=527.0 ent(t0,t>=1)=(0.031,0.790) aL=-0.0173 vL=0.0607 t0=[red=0.50 blue=0.50]
[u  715] env= 46858240 rsucc=0.978 n_rounds= 2526 ret=+14.891 len=495.2 ent(t0,t>=1)=(0.024,0.803) aL=-0.0162 vL=0.0583 t0=[red=0.48 blue=0.52]
[u  716] env= 46923776 rsucc=0.980 n_rounds= 2533 ret=+14.185 len=546.9 ent(t0,t>=1)=(0.034,0.786) aL=-0.0148 vL=0.0522 t0=[red=0.45 blue=0.55]
[u  717] env= 46989312 rsucc=0.985 n_rounds= 2664 ret=+14.736 len=510.8 ent(t0,t>=1)=(0.028,0.780) aL=-0.0189 vL=0.0471 t0=[red=0.45 blue=0.55]
[u  718] env= 47054848 rsucc=0.984 n_rounds= 2551 ret=+14.724 len=512.7 ent(t0,t>=1)=(0.031,0.775) aL=-0.0173 vL=0.0514 t0=[red=0.46 blue=0.54]
[u  719] env= 47120384 rsucc=0.985 n_rounds= 2503 ret=+14.942 len=505.1 ent(t0,t>=1)=(0.032,0.784) aL=-0.0186 vL=0.0466 t0=[red=0.45 blue=0.55]
[u  720] env= 47185920 rsucc=0.978 n_rounds= 2502 ret=+14.854 len=507.8 ent(t0,t>=1)=(0.032,0.789) aL=-0.0176 vL=0.0542 t0=[red=0.48 blue=0.52]
[u  721] env= 47251456 rsucc=0.982 n_rounds= 2552 ret=+14.649 len=517.1 ent(t0,t>=1)=(0.028,0.785) aL=-0.0177 vL=0.0499 t0=[red=0.49 blue=0.51]
[u  722] env= 47316992 rsucc=0.981 n_rounds= 2523 ret=+14.702 len=513.6 ent(t0,t>=1)=(0.028,0.784) aL=-0.0174 vL=0.0519 t0=[red=0.46 blue=0.54]
[u  723] env= 47382528 rsucc=0.984 n_rounds= 2533 ret=+14.328 len=530.3 ent(t0,t>=1)=(0.030,0.787) aL=-0.0159 vL=0.0479 t0=[red=0.47 blue=0.53]
[u  724] env= 47448064 rsucc=0.988 n_rounds= 2598 ret=+14.555 len=534.4 ent(t0,t>=1)=(0.024,0.769) aL=-0.0173 vL=0.0430 t0=[red=0.48 blue=0.52]
[u  725] env= 47513600 rsucc=0.988 n_rounds= 2643 ret=+14.913 len=500.0 ent(t0,t>=1)=(0.035,0.777) aL=-0.0178 vL=0.0438 t0=[red=0.46 blue=0.54]
[u  726] env= 47579136 rsucc=0.981 n_rounds= 2555 ret=+15.016 len=495.8 ent(t0,t>=1)=(0.028,0.781) aL=-0.0166 vL=0.0456 t0=[red=0.48 blue=0.52]
[u  727] env= 47644672 rsucc=0.973 n_rounds= 2505 ret=+14.938 len=500.6 ent(t0,t>=1)=(0.028,0.791) aL=-0.0164 vL=0.0492 t0=[red=0.46 blue=0.54]
[u  728] env= 47710208 rsucc=0.988 n_rounds= 2578 ret=+14.566 len=525.3 ent(t0,t>=1)=(0.030,0.770) aL=-0.0173 vL=0.0536 t0=[red=0.47 blue=0.53]
[u  729] env= 47775744 rsucc=0.983 n_rounds= 2617 ret=+14.406 len=525.2 ent(t0,t>=1)=(0.025,0.779) aL=-0.0170 vL=0.0470 t0=[red=0.48 blue=0.52]
[u  730] env= 47841280 rsucc=0.981 n_rounds= 2539 ret=+14.920 len=504.4 ent(t0,t>=1)=(0.024,0.788) aL=-0.0171 vL=0.0437 t0=[red=0.46 blue=0.54]
[u  731] env= 47906816 rsucc=0.984 n_rounds= 2575 ret=+14.855 len=496.5 ent(t0,t>=1)=(0.026,0.773) aL=-0.0165 vL=0.0491 t0=[red=0.46 blue=0.54]
[u  732] env= 47972352 rsucc=0.981 n_rounds= 2676 ret=+14.812 len=501.9 ent(t0,t>=1)=(0.020,0.771) aL=-0.0156 vL=0.0469 t0=[red=0.48 blue=0.52]
[u  733] env= 48037888 rsucc=0.987 n_rounds= 2540 ret=+15.000 len=495.1 ent(t0,t>=1)=(0.025,0.789) aL=-0.0163 vL=0.0525 t0=[red=0.49 blue=0.51]
[u  734] env= 48103424 rsucc=0.984 n_rounds= 2645 ret=+14.712 len=512.3 ent(t0,t>=1)=(0.027,0.788) aL=-0.0178 vL=0.0446 t0=[red=0.49 blue=0.51]
[u  735] env= 48168960 rsucc=0.986 n_rounds= 2585 ret=+14.825 len=500.8 ent(t0,t>=1)=(0.028,0.795) aL=-0.0162 vL=0.0452 t0=[red=0.49 blue=0.51]
[u  736] env= 48234496 rsucc=0.984 n_rounds= 2563 ret=+14.823 len=510.3 ent(t0,t>=1)=(0.026,0.788) aL=-0.0173 vL=0.0469 t0=[red=0.49 blue=0.51]
[u  737] env= 48300032 rsucc=0.975 n_rounds= 2415 ret=+14.519 len=527.9 ent(t0,t>=1)=(0.029,0.800) aL=-0.0160 vL=0.0454 t0=[red=0.49 blue=0.51]
[u  738] env= 48365568 rsucc=0.978 n_rounds= 2521 ret=+14.449 len=530.9 ent(t0,t>=1)=(0.024,0.801) aL=-0.0162 vL=0.0499 t0=[red=0.45 blue=0.55]
[u  739] env= 48431104 rsucc=0.982 n_rounds= 2544 ret=+14.780 len=508.1 ent(t0,t>=1)=(0.027,0.786) aL=-0.0175 vL=0.0411 t0=[red=0.47 blue=0.53]
[u  740] env= 48496640 rsucc=0.986 n_rounds= 2525 ret=+14.462 len=528.4 ent(t0,t>=1)=(0.032,0.793) aL=-0.0159 vL=0.0462 t0=[red=0.45 blue=0.55]
[u  741] env= 48562176 rsucc=0.993 n_rounds= 2676 ret=+14.996 len=500.5 ent(t0,t>=1)=(0.026,0.771) aL=-0.0166 vL=0.0427 t0=[red=0.47 blue=0.53]
[u  742] env= 48627712 rsucc=0.977 n_rounds= 2508 ret=+14.583 len=529.2 ent(t0,t>=1)=(0.030,0.795) aL=-0.0159 vL=0.0527 t0=[red=0.44 blue=0.56]
[u  743] env= 48693248 rsucc=0.982 n_rounds= 2609 ret=+14.830 len=498.2 ent(t0,t>=1)=(0.027,0.785) aL=-0.0143 vL=0.0520 t0=[red=0.45 blue=0.55]
[u  744] env= 48758784 rsucc=0.982 n_rounds= 2581 ret=+14.752 len=507.8 ent(t0,t>=1)=(0.023,0.773) aL=-0.0141 vL=0.0505 t0=[red=0.46 blue=0.54]
[u  745] env= 48824320 rsucc=0.984 n_rounds= 2556 ret=+14.916 len=495.3 ent(t0,t>=1)=(0.025,0.769) aL=-0.0159 vL=0.0438 t0=[red=0.47 blue=0.53]
[u  746] env= 48889856 rsucc=0.978 n_rounds= 2496 ret=+14.691 len=515.8 ent(t0,t>=1)=(0.030,0.789) aL=-0.0152 vL=0.0607 t0=[red=0.47 blue=0.53]
[u  747] env= 48955392 rsucc=0.988 n_rounds= 2590 ret=+14.691 len=514.7 ent(t0,t>=1)=(0.026,0.782) aL=-0.0158 vL=0.0443 t0=[red=0.48 blue=0.52]
[u  748] env= 49020928 rsucc=0.979 n_rounds= 2513 ret=+14.595 len=521.7 ent(t0,t>=1)=(0.038,0.788) aL=-0.0149 vL=0.0675 t0=[red=0.46 blue=0.54]
[u  749] env= 49086464 rsucc=0.978 n_rounds= 2566 ret=+14.525 len=525.8 ent(t0,t>=1)=(0.027,0.775) aL=-0.0158 vL=0.0531 t0=[red=0.47 blue=0.53]
[u  750] env= 49152000 rsucc=0.979 n_rounds= 2580 ret=+14.745 len=506.3 ent(t0,t>=1)=(0.031,0.784) aL=-0.0154 vL=0.0443 t0=[red=0.45 blue=0.55]
[u  751] env= 49217536 rsucc=0.987 n_rounds= 2638 ret=+14.631 len=514.4 ent(t0,t>=1)=(0.027,0.776) aL=-0.0152 vL=0.0417 t0=[red=0.49 blue=0.51]
[u  752] env= 49283072 rsucc=0.982 n_rounds= 2565 ret=+14.976 len=496.2 ent(t0,t>=1)=(0.027,0.781) aL=-0.0151 vL=0.0468 t0=[red=0.49 blue=0.51]
[u  753] env= 49348608 rsucc=0.984 n_rounds= 2561 ret=+14.820 len=506.3 ent(t0,t>=1)=(0.028,0.778) aL=-0.0156 vL=0.0430 t0=[red=0.47 blue=0.53]
[u  754] env= 49414144 rsucc=0.978 n_rounds= 2466 ret=+14.527 len=523.0 ent(t0,t>=1)=(0.030,0.797) aL=-0.0159 vL=0.0444 t0=[red=0.48 blue=0.52]
[u  755] env= 49479680 rsucc=0.973 n_rounds= 2544 ret=+14.748 len=512.1 ent(t0,t>=1)=(0.033,0.796) aL=-0.0154 vL=0.0458 t0=[red=0.48 blue=0.52]
[u  756] env= 49545216 rsucc=0.990 n_rounds= 2669 ret=+14.719 len=505.1 ent(t0,t>=1)=(0.028,0.779) aL=-0.0134 vL=0.0817 t0=[red=0.48 blue=0.52]
[u  757] env= 49610752 rsucc=0.991 n_rounds= 2632 ret=+14.955 len=501.6 ent(t0,t>=1)=(0.030,0.766) aL=-0.0150 vL=0.0404 t0=[red=0.49 blue=0.51]
[u  758] env= 49676288 rsucc=0.992 n_rounds= 2685 ret=+15.149 len=487.0 ent(t0,t>=1)=(0.029,0.772) aL=-0.0148 vL=0.0416 t0=[red=0.47 blue=0.53]
[u  759] env= 49741824 rsucc=0.988 n_rounds= 2664 ret=+14.935 len=507.9 ent(t0,t>=1)=(0.027,0.776) aL=-0.0145 vL=0.0629 t0=[red=0.48 blue=0.52]
[u  760] env= 49807360 rsucc=0.986 n_rounds= 2574 ret=+15.172 len=478.4 ent(t0,t>=1)=(0.033,0.784) aL=-0.0158 vL=0.0459 t0=[red=0.49 blue=0.51]
[u  761] env= 49872896 rsucc=0.981 n_rounds= 2538 ret=+14.742 len=510.7 ent(t0,t>=1)=(0.032,0.790) aL=-0.0143 vL=0.0604 t0=[red=0.46 blue=0.54]
[u  762] env= 49938432 rsucc=0.980 n_rounds= 2643 ret=+14.556 len=525.3 ent(t0,t>=1)=(0.026,0.756) aL=-0.0147 vL=0.0447 t0=[red=0.47 blue=0.53]
[u  763] env= 50003968 rsucc=0.985 n_rounds= 2547 ret=+14.940 len=495.0 ent(t0,t>=1)=(0.032,0.773) aL=-0.0147 vL=0.0504 t0=[red=0.46 blue=0.54]
[u  764] env= 50069504 rsucc=0.973 n_rounds= 2493 ret=+14.603 len=520.5 ent(t0,t>=1)=(0.028,0.785) aL=-0.0140 vL=0.0532 t0=[red=0.46 blue=0.54]
[u  765] env= 50135040 rsucc=0.970 n_rounds= 2506 ret=+14.693 len=510.4 ent(t0,t>=1)=(0.025,0.790) aL=-0.0140 vL=0.0457 t0=[red=0.51 blue=0.49]
[u  766] env= 50200576 rsucc=0.991 n_rounds= 2654 ret=+14.603 len=513.1 ent(t0,t>=1)=(0.031,0.759) aL=-0.0143 vL=0.0457 t0=[red=0.48 blue=0.52]
[u  767] env= 50266112 rsucc=0.985 n_rounds= 2588 ret=+14.678 len=512.3 ent(t0,t>=1)=(0.028,0.781) aL=-0.0150 vL=0.0454 t0=[red=0.47 blue=0.53]
[u  768] env= 50331648 rsucc=0.987 n_rounds= 2561 ret=+14.844 len=502.7 ent(t0,t>=1)=(0.026,0.779) aL=-0.0140 vL=0.0440 t0=[red=0.50 blue=0.50]
[u  769] env= 50397184 rsucc=0.982 n_rounds= 2621 ret=+14.689 len=516.2 ent(t0,t>=1)=(0.029,0.770) aL=-0.0146 vL=0.0488 t0=[red=0.48 blue=0.52]
[u  770] env= 50462720 rsucc=0.983 n_rounds= 2599 ret=+14.895 len=502.0 ent(t0,t>=1)=(0.025,0.777) aL=-0.0145 vL=0.0495 t0=[red=0.49 blue=0.51]
[u  771] env= 50528256 rsucc=0.979 n_rounds= 2563 ret=+14.872 len=501.8 ent(t0,t>=1)=(0.027,0.780) aL=-0.0136 vL=0.0573 t0=[red=0.45 blue=0.55]
[u  772] env= 50593792 rsucc=0.980 n_rounds= 2576 ret=+14.559 len=514.7 ent(t0,t>=1)=(0.029,0.775) aL=-0.0129 vL=0.0481 t0=[red=0.46 blue=0.54]
[u  773] env= 50659328 rsucc=0.990 n_rounds= 2632 ret=+14.931 len=498.2 ent(t0,t>=1)=(0.028,0.757) aL=-0.0135 vL=0.0483 t0=[red=0.47 blue=0.53]
[u  774] env= 50724864 rsucc=0.985 n_rounds= 2593 ret=+14.731 len=512.4 ent(t0,t>=1)=(0.029,0.759) aL=-0.0136 vL=0.0557 t0=[red=0.45 blue=0.55]
[u  775] env= 50790400 rsucc=0.986 n_rounds= 2510 ret=+14.910 len=499.9 ent(t0,t>=1)=(0.023,0.759) aL=-0.0133 vL=0.0478 t0=[red=0.47 blue=0.53]
[u  776] env= 50855936 rsucc=0.988 n_rounds= 2609 ret=+14.808 len=518.1 ent(t0,t>=1)=(0.028,0.766) aL=-0.0138 vL=0.0442 t0=[red=0.47 blue=0.53]
[u  777] env= 50921472 rsucc=0.987 n_rounds= 2719 ret=+14.965 len=492.8 ent(t0,t>=1)=(0.022,0.767) aL=-0.0118 vL=0.0530 t0=[red=0.49 blue=0.51]
[u  778] env= 50987008 rsucc=0.987 n_rounds= 2526 ret=+14.980 len=502.1 ent(t0,t>=1)=(0.028,0.753) aL=-0.0136 vL=0.0510 t0=[red=0.46 blue=0.54]
[u  779] env= 51052544 rsucc=0.984 n_rounds= 2611 ret=+15.036 len=492.9 ent(t0,t>=1)=(0.024,0.766) aL=-0.0133 vL=0.0502 t0=[red=0.49 blue=0.51]
[u  780] env= 51118080 rsucc=0.984 n_rounds= 2605 ret=+14.815 len=512.1 ent(t0,t>=1)=(0.018,0.756) aL=-0.0127 vL=0.0485 t0=[red=0.49 blue=0.51]
[u  781] env= 51183616 rsucc=0.983 n_rounds= 2593 ret=+14.766 len=502.9 ent(t0,t>=1)=(0.027,0.764) aL=-0.0135 vL=0.0612 t0=[red=0.49 blue=0.51]
[u  782] env= 51249152 rsucc=0.987 n_rounds= 2574 ret=+14.771 len=513.0 ent(t0,t>=1)=(0.025,0.751) aL=-0.0118 vL=0.0518 t0=[red=0.48 blue=0.52]
[u  783] env= 51314688 rsucc=0.991 n_rounds= 2681 ret=+15.072 len=487.9 ent(t0,t>=1)=(0.026,0.731) aL=-0.0133 vL=0.0467 t0=[red=0.47 blue=0.53]
[u  784] env= 51380224 rsucc=0.984 n_rounds= 2478 ret=+14.722 len=517.6 ent(t0,t>=1)=(0.028,0.764) aL=-0.0124 vL=0.0503 t0=[red=0.50 blue=0.50]
[u  785] env= 51445760 rsucc=0.983 n_rounds= 2697 ret=+14.869 len=501.7 ent(t0,t>=1)=(0.025,0.746) aL=-0.0128 vL=0.0496 t0=[red=0.51 blue=0.49]
[u  786] env= 51511296 rsucc=0.985 n_rounds= 2638 ret=+14.892 len=501.6 ent(t0,t>=1)=(0.023,0.751) aL=-0.0126 vL=0.0504 t0=[red=0.47 blue=0.53]
[u  787] env= 51576832 rsucc=0.979 n_rounds= 2513 ret=+15.003 len=490.1 ent(t0,t>=1)=(0.023,0.751) aL=-0.0126 vL=0.0522 t0=[red=0.45 blue=0.55]
[u  788] env= 51642368 rsucc=0.991 n_rounds= 2646 ret=+14.862 len=502.6 ent(t0,t>=1)=(0.028,0.752) aL=-0.0123 vL=0.0474 t0=[red=0.50 blue=0.50]
[u  789] env= 51707904 rsucc=0.992 n_rounds= 2664 ret=+14.757 len=515.5 ent(t0,t>=1)=(0.025,0.728) aL=-0.0125 vL=0.0454 t0=[red=0.49 blue=0.51]
[u  790] env= 51773440 rsucc=0.990 n_rounds= 2794 ret=+15.373 len=470.1 ent(t0,t>=1)=(0.022,0.731) aL=-0.0121 vL=0.0507 t0=[red=0.50 blue=0.50]
[u  791] env= 51838976 rsucc=0.992 n_rounds= 2612 ret=+15.054 len=498.4 ent(t0,t>=1)=(0.024,0.744) aL=-0.0119 vL=0.0434 t0=[red=0.48 blue=0.52]
[u  792] env= 51904512 rsucc=0.985 n_rounds= 2698 ret=+15.231 len=473.7 ent(t0,t>=1)=(0.026,0.744) aL=-0.0116 vL=0.0487 t0=[red=0.49 blue=0.51]
[u  793] env= 51970048 rsucc=0.980 n_rounds= 2610 ret=+14.811 len=510.9 ent(t0,t>=1)=(0.027,0.757) aL=-0.0117 vL=0.0479 t0=[red=0.49 blue=0.51]
[u  794] env= 52035584 rsucc=0.983 n_rounds= 2608 ret=+14.804 len=496.3 ent(t0,t>=1)=(0.023,0.754) aL=-0.0114 vL=0.0464 t0=[red=0.48 blue=0.52]
[u  795] env= 52101120 rsucc=0.981 n_rounds= 2586 ret=+14.939 len=503.4 ent(t0,t>=1)=(0.027,0.748) aL=-0.0112 vL=0.0501 t0=[red=0.48 blue=0.52]
[u  796] env= 52166656 rsucc=0.984 n_rounds= 2561 ret=+14.888 len=493.2 ent(t0,t>=1)=(0.026,0.767) aL=-0.0117 vL=0.0499 t0=[red=0.47 blue=0.53]
[u  797] env= 52232192 rsucc=0.980 n_rounds= 2532 ret=+14.587 len=520.7 ent(t0,t>=1)=(0.025,0.755) aL=-0.0109 vL=0.0667 t0=[red=0.47 blue=0.53]
[u  798] env= 52297728 rsucc=0.988 n_rounds= 2635 ret=+14.790 len=502.2 ent(t0,t>=1)=(0.021,0.745) aL=-0.0112 vL=0.0501 t0=[red=0.47 blue=0.53]
[u  799] env= 52363264 rsucc=0.984 n_rounds= 2520 ret=+14.565 len=531.9 ent(t0,t>=1)=(0.025,0.758) aL=-0.0085 vL=0.0544 t0=[red=0.48 blue=0.52]
[u  800] env= 52428800 rsucc=0.993 n_rounds= 2749 ret=+15.085 len=489.7 ent(t0,t>=1)=(0.027,0.728) aL=-0.0117 vL=0.0419 t0=[red=0.46 blue=0.54]
[u  801] env= 52494336 rsucc=0.992 n_rounds= 2617 ret=+15.109 len=492.1 ent(t0,t>=1)=(0.026,0.756) aL=-0.0110 vL=0.0444 t0=[red=0.47 blue=0.53]
[u  802] env= 52559872 rsucc=0.987 n_rounds= 2635 ret=+15.089 len=492.3 ent(t0,t>=1)=(0.025,0.762) aL=-0.0111 vL=0.0478 t0=[red=0.48 blue=0.52]
[u  803] env= 52625408 rsucc=0.982 n_rounds= 2554 ret=+15.089 len=485.0 ent(t0,t>=1)=(0.029,0.751) aL=-0.0103 vL=0.0518 t0=[red=0.47 blue=0.53]
[u  804] env= 52690944 rsucc=0.979 n_rounds= 2531 ret=+14.676 len=518.2 ent(t0,t>=1)=(0.025,0.758) aL=-0.0105 vL=0.0514 t0=[red=0.47 blue=0.53]
[u  805] env= 52756480 rsucc=0.987 n_rounds= 2535 ret=+14.753 len=510.5 ent(t0,t>=1)=(0.031,0.758) aL=-0.0106 vL=0.0494 t0=[red=0.48 blue=0.52]
[u  806] env= 52822016 rsucc=0.990 n_rounds= 2708 ret=+14.695 len=515.3 ent(t0,t>=1)=(0.027,0.738) aL=-0.0095 vL=0.0583 t0=[red=0.46 blue=0.54]
[u  807] env= 52887552 rsucc=0.986 n_rounds= 2687 ret=+14.942 len=503.1 ent(t0,t>=1)=(0.032,0.745) aL=-0.0093 vL=0.0614 t0=[red=0.48 blue=0.52]
[u  808] env= 52953088 rsucc=0.978 n_rounds= 2645 ret=+15.055 len=483.6 ent(t0,t>=1)=(0.025,0.745) aL=-0.0103 vL=0.0511 t0=[red=0.49 blue=0.51]
[u  809] env= 53018624 rsucc=0.983 n_rounds= 2558 ret=+14.702 len=508.4 ent(t0,t>=1)=(0.029,0.759) aL=-0.0102 vL=0.0502 t0=[red=0.49 blue=0.51]
[u  810] env= 53084160 rsucc=0.986 n_rounds= 2696 ret=+14.901 len=492.4 ent(t0,t>=1)=(0.024,0.740) aL=-0.0099 vL=0.0477 t0=[red=0.48 blue=0.52]
[u  811] env= 53149696 rsucc=0.982 n_rounds= 2675 ret=+14.910 len=499.5 ent(t0,t>=1)=(0.026,0.742) aL=-0.0098 vL=0.0509 t0=[red=0.49 blue=0.51]
[u  812] env= 53215232 rsucc=0.991 n_rounds= 2696 ret=+15.025 len=485.4 ent(t0,t>=1)=(0.021,0.751) aL=-0.0093 vL=0.0460 t0=[red=0.47 blue=0.53]
[u  813] env= 53280768 rsucc=0.981 n_rounds= 2575 ret=+14.869 len=506.5 ent(t0,t>=1)=(0.023,0.754) aL=-0.0088 vL=0.0551 t0=[red=0.46 blue=0.54]
[u  814] env= 53346304 rsucc=0.988 n_rounds= 2653 ret=+15.092 len=482.8 ent(t0,t>=1)=(0.023,0.742) aL=-0.0096 vL=0.0447 t0=[red=0.48 blue=0.52]
[u  815] env= 53411840 rsucc=0.987 n_rounds= 2631 ret=+15.041 len=491.2 ent(t0,t>=1)=(0.029,0.761) aL=-0.0093 vL=0.0655 t0=[red=0.48 blue=0.52]
[u  816] env= 53477376 rsucc=0.981 n_rounds= 2565 ret=+14.929 len=504.0 ent(t0,t>=1)=(0.024,0.743) aL=-0.0078 vL=0.0711 t0=[red=0.48 blue=0.52]
[u  817] env= 53542912 rsucc=0.980 n_rounds= 2569 ret=+14.773 len=501.2 ent(t0,t>=1)=(0.027,0.747) aL=-0.0094 vL=0.0516 t0=[red=0.47 blue=0.53]
[u  818] env= 53608448 rsucc=0.989 n_rounds= 2625 ret=+14.713 len=509.8 ent(t0,t>=1)=(0.020,0.727) aL=-0.0093 vL=0.0481 t0=[red=0.47 blue=0.53]
[u  819] env= 53673984 rsucc=0.984 n_rounds= 2583 ret=+14.985 len=500.9 ent(t0,t>=1)=(0.024,0.761) aL=-0.0091 vL=0.0536 t0=[red=0.46 blue=0.54]
[u  820] env= 53739520 rsucc=0.980 n_rounds= 2617 ret=+14.721 len=510.0 ent(t0,t>=1)=(0.022,0.753) aL=-0.0090 vL=0.0512 t0=[red=0.48 blue=0.52]
[u  821] env= 53805056 rsucc=0.979 n_rounds= 2637 ret=+14.816 len=496.6 ent(t0,t>=1)=(0.027,0.753) aL=-0.0088 vL=0.0564 t0=[red=0.49 blue=0.51]
[u  822] env= 53870592 rsucc=0.983 n_rounds= 2629 ret=+14.816 len=503.2 ent(t0,t>=1)=(0.022,0.754) aL=-0.0084 vL=0.0532 t0=[red=0.45 blue=0.55]
[u  823] env= 53936128 rsucc=0.988 n_rounds= 2696 ret=+14.972 len=484.3 ent(t0,t>=1)=(0.024,0.736) aL=-0.0081 vL=0.0496 t0=[red=0.49 blue=0.51]
[u  824] env= 54001664 rsucc=0.996 n_rounds= 2818 ret=+14.987 len=500.5 ent(t0,t>=1)=(0.024,0.726) aL=-0.0079 vL=0.0527 t0=[red=0.49 blue=0.51]
[u  825] env= 54067200 rsucc=0.975 n_rounds= 2515 ret=+15.247 len=480.3 ent(t0,t>=1)=(0.027,0.753) aL=-0.0077 vL=0.0597 t0=[red=0.48 blue=0.52]
[u  826] env= 54132736 rsucc=0.985 n_rounds= 2652 ret=+14.691 len=508.5 ent(t0,t>=1)=(0.021,0.746) aL=-0.0070 vL=0.0716 t0=[red=0.46 blue=0.54]
[u  827] env= 54198272 rsucc=0.990 n_rounds= 2627 ret=+14.761 len=506.7 ent(t0,t>=1)=(0.027,0.744) aL=-0.0079 vL=0.0476 t0=[red=0.47 blue=0.53]
[u  828] env= 54263808 rsucc=0.986 n_rounds= 2578 ret=+15.028 len=489.0 ent(t0,t>=1)=(0.021,0.741) aL=-0.0077 vL=0.0557 t0=[red=0.48 blue=0.52]
[u  829] env= 54329344 rsucc=0.987 n_rounds= 2554 ret=+14.821 len=507.7 ent(t0,t>=1)=(0.020,0.743) aL=-0.0080 vL=0.0442 t0=[red=0.49 blue=0.51]
[u  830] env= 54394880 rsucc=0.990 n_rounds= 2616 ret=+15.184 len=491.5 ent(t0,t>=1)=(0.023,0.751) aL=-0.0079 vL=0.0567 t0=[red=0.48 blue=0.52]
[u  831] env= 54460416 rsucc=0.986 n_rounds= 2706 ret=+14.879 len=505.1 ent(t0,t>=1)=(0.027,0.739) aL=-0.0079 vL=0.0500 t0=[red=0.49 blue=0.51]
[u  832] env= 54525952 rsucc=0.990 n_rounds= 2674 ret=+15.105 len=486.2 ent(t0,t>=1)=(0.022,0.745) aL=-0.0073 vL=0.0597 t0=[red=0.50 blue=0.50]
[u  833] env= 54591488 rsucc=0.981 n_rounds= 2588 ret=+14.871 len=505.0 ent(t0,t>=1)=(0.023,0.743) aL=-0.0071 vL=0.0555 t0=[red=0.47 blue=0.53]
[u  834] env= 54657024 rsucc=0.985 n_rounds= 2717 ret=+15.039 len=486.5 ent(t0,t>=1)=(0.023,0.733) aL=-0.0063 vL=0.0571 t0=[red=0.47 blue=0.53]
[u  835] env= 54722560 rsucc=0.989 n_rounds= 2685 ret=+14.871 len=499.0 ent(t0,t>=1)=(0.021,0.740) aL=-0.0041 vL=0.0489 t0=[red=0.49 blue=0.51]
[u  836] env= 54788096 rsucc=0.989 n_rounds= 2730 ret=+15.129 len=483.7 ent(t0,t>=1)=(0.020,0.743) aL=-0.0066 vL=0.0501 t0=[red=0.50 blue=0.50]
[u  837] env= 54853632 rsucc=0.979 n_rounds= 2631 ret=+15.224 len=473.4 ent(t0,t>=1)=(0.026,0.740) aL=-0.0068 vL=0.0574 t0=[red=0.46 blue=0.54]
[u  838] env= 54919168 rsucc=0.989 n_rounds= 2528 ret=+14.940 len=504.6 ent(t0,t>=1)=(0.021,0.755) aL=-0.0062 vL=0.0546 t0=[red=0.50 blue=0.50]
[u  839] env= 54984704 rsucc=0.973 n_rounds= 2507 ret=+14.792 len=508.8 ent(t0,t>=1)=(0.025,0.768) aL=-0.0067 vL=0.0643 t0=[red=0.47 blue=0.53]
[u  840] env= 55050240 rsucc=0.994 n_rounds= 2653 ret=+14.604 len=517.6 ent(t0,t>=1)=(0.023,0.745) aL=-0.0066 vL=0.0471 t0=[red=0.46 blue=0.54]
[u  841] env= 55115776 rsucc=0.981 n_rounds= 2652 ret=+14.827 len=508.6 ent(t0,t>=1)=(0.024,0.745) aL=-0.0057 vL=0.0565 t0=[red=0.46 blue=0.54]
[u  842] env= 55181312 rsucc=0.982 n_rounds= 2670 ret=+15.058 len=484.8 ent(t0,t>=1)=(0.025,0.744) aL=-0.0068 vL=0.0549 t0=[red=0.48 blue=0.52]
[u  843] env= 55246848 rsucc=0.994 n_rounds= 2763 ret=+14.799 len=502.1 ent(t0,t>=1)=(0.024,0.738) aL=-0.0060 vL=0.0496 t0=[red=0.47 blue=0.53]
[u  844] env= 55312384 rsucc=0.984 n_rounds= 2640 ret=+15.201 len=482.3 ent(t0,t>=1)=(0.029,0.743) aL=-0.0048 vL=0.0703 t0=[red=0.46 blue=0.54]
[u  845] env= 55377920 rsucc=0.976 n_rounds= 2507 ret=+15.231 len=467.1 ent(t0,t>=1)=(0.022,0.766) aL=-0.0061 vL=0.0513 t0=[red=0.46 blue=0.54]
[u  846] env= 55443456 rsucc=0.984 n_rounds= 2573 ret=+14.628 len=517.0 ent(t0,t>=1)=(0.028,0.746) aL=-0.0059 vL=0.0556 t0=[red=0.48 blue=0.52]
[u  847] env= 55508992 rsucc=0.983 n_rounds= 2560 ret=+14.517 len=527.5 ent(t0,t>=1)=(0.022,0.747) aL=-0.0056 vL=0.0600 t0=[red=0.49 blue=0.51]
[u  848] env= 55574528 rsucc=0.970 n_rounds= 2567 ret=+14.661 len=510.2 ent(t0,t>=1)=(0.025,0.776) aL=-0.0044 vL=0.0800 t0=[red=0.47 blue=0.53]
[u  849] env= 55640064 rsucc=0.987 n_rounds= 2667 ret=+14.551 len=522.0 ent(t0,t>=1)=(0.023,0.738) aL=-0.0062 vL=0.0486 t0=[red=0.47 blue=0.53]
[u  850] env= 55705600 rsucc=0.992 n_rounds= 2653 ret=+14.960 len=490.6 ent(t0,t>=1)=(0.023,0.736) aL=-0.0052 vL=0.0566 t0=[red=0.50 blue=0.50]
[u  851] env= 55771136 rsucc=0.983 n_rounds= 2684 ret=+15.136 len=488.7 ent(t0,t>=1)=(0.028,0.751) aL=-0.0052 vL=0.0692 t0=[red=0.48 blue=0.52]
[u  852] env= 55836672 rsucc=0.974 n_rounds= 2546 ret=+14.932 len=491.2 ent(t0,t>=1)=(0.019,0.778) aL=-0.0044 vL=0.0537 t0=[red=0.50 blue=0.50]
[u  853] env= 55902208 rsucc=0.990 n_rounds= 2621 ret=+14.853 len=499.0 ent(t0,t>=1)=(0.026,0.752) aL=-0.0059 vL=0.0470 t0=[red=0.47 blue=0.53]
[u  854] env= 55967744 rsucc=0.978 n_rounds= 2507 ret=+14.774 len=506.0 ent(t0,t>=1)=(0.030,0.768) aL=-0.0053 vL=0.0614 t0=[red=0.48 blue=0.52]
[u  855] env= 56033280 rsucc=0.985 n_rounds= 2679 ret=+14.570 len=522.9 ent(t0,t>=1)=(0.025,0.737) aL=-0.0049 vL=0.0567 t0=[red=0.49 blue=0.51]
[u  856] env= 56098816 rsucc=0.990 n_rounds= 2650 ret=+14.884 len=498.9 ent(t0,t>=1)=(0.024,0.727) aL=-0.0018 vL=0.0555 t0=[red=0.47 blue=0.53]
[u  857] env= 56164352 rsucc=0.982 n_rounds= 2585 ret=+15.079 len=487.1 ent(t0,t>=1)=(0.025,0.751) aL=-0.0051 vL=0.0555 t0=[red=0.43 blue=0.57]
[u  858] env= 56229888 rsucc=0.986 n_rounds= 2605 ret=+14.702 len=514.2 ent(t0,t>=1)=(0.025,0.746) aL=-0.0040 vL=0.0566 t0=[red=0.46 blue=0.54]
[u  859] env= 56295424 rsucc=0.989 n_rounds= 2683 ret=+14.944 len=498.8 ent(t0,t>=1)=(0.020,0.732) aL=-0.0039 vL=0.0477 t0=[red=0.49 blue=0.51]
[u  860] env= 56360960 rsucc=0.988 n_rounds= 2619 ret=+15.025 len=493.6 ent(t0,t>=1)=(0.025,0.748) aL=-0.0047 vL=0.0547 t0=[red=0.46 blue=0.54]
[u  861] env= 56426496 rsucc=0.968 n_rounds= 2483 ret=+14.884 len=499.0 ent(t0,t>=1)=(0.021,0.768) aL=-0.0033 vL=0.0674 t0=[red=0.45 blue=0.55]
[u  862] env= 56492032 rsucc=0.992 n_rounds= 2608 ret=+14.791 len=501.9 ent(t0,t>=1)=(0.020,0.744) aL=-0.0044 vL=0.0498 t0=[red=0.46 blue=0.54]
[u  863] env= 56557568 rsucc=0.981 n_rounds= 2660 ret=+14.790 len=512.0 ent(t0,t>=1)=(0.021,0.735) aL=-0.0036 vL=0.0589 t0=[red=0.44 blue=0.56]
[u  864] env= 56623104 rsucc=0.988 n_rounds= 2597 ret=+15.055 len=485.4 ent(t0,t>=1)=(0.022,0.738) aL=-0.0039 vL=0.0658 t0=[red=0.47 blue=0.53]
[u  865] env= 56688640 rsucc=0.983 n_rounds= 2654 ret=+14.715 len=520.3 ent(t0,t>=1)=(0.025,0.728) aL=-0.0044 vL=0.0620 t0=[red=0.49 blue=0.51]
[u  866] env= 56754176 rsucc=0.985 n_rounds= 2666 ret=+14.918 len=493.0 ent(t0,t>=1)=(0.021,0.736) aL=-0.0036 vL=0.0614 t0=[red=0.48 blue=0.52]
[u  867] env= 56819712 rsucc=0.978 n_rounds= 2602 ret=+15.044 len=485.3 ent(t0,t>=1)=(0.026,0.739) aL=+0.0015 vL=0.0559 t0=[red=0.45 blue=0.55]
[u  868] env= 56885248 rsucc=0.989 n_rounds= 2627 ret=+14.948 len=494.9 ent(t0,t>=1)=(0.023,0.729) aL=-0.0035 vL=0.0540 t0=[red=0.49 blue=0.51]
[u  869] env= 56950784 rsucc=0.991 n_rounds= 2650 ret=+14.750 len=506.9 ent(t0,t>=1)=(0.023,0.729) aL=-0.0013 vL=0.0751 t0=[red=0.48 blue=0.52]
[u  870] env= 57016320 rsucc=0.984 n_rounds= 2631 ret=+14.892 len=506.3 ent(t0,t>=1)=(0.022,0.733) aL=-0.0036 vL=0.0570 t0=[red=0.47 blue=0.53]
[u  871] env= 57081856 rsucc=0.977 n_rounds= 2559 ret=+14.936 len=494.4 ent(t0,t>=1)=(0.022,0.748) aL=-0.0032 vL=0.0704 t0=[red=0.49 blue=0.51]
[u  872] env= 57147392 rsucc=0.988 n_rounds= 2638 ret=+14.826 len=500.5 ent(t0,t>=1)=(0.018,0.738) aL=-0.0033 vL=0.0558 t0=[red=0.46 blue=0.54]
[u  873] env= 57212928 rsucc=0.983 n_rounds= 2717 ret=+14.969 len=494.3 ent(t0,t>=1)=(0.018,0.744) aL=-0.0027 vL=0.0640 t0=[red=0.48 blue=0.52]
[u  874] env= 57278464 rsucc=0.986 n_rounds= 2698 ret=+14.798 len=502.8 ent(t0,t>=1)=(0.023,0.744) aL=-0.0032 vL=0.0533 t0=[red=0.49 blue=0.51]
[u  875] env= 57344000 rsucc=0.983 n_rounds= 2620 ret=+15.075 len=483.4 ent(t0,t>=1)=(0.024,0.728) aL=-0.0033 vL=0.0575 t0=[red=0.49 blue=0.51]
[u  876] env= 57409536 rsucc=0.989 n_rounds= 2685 ret=+15.013 len=492.7 ent(t0,t>=1)=(0.025,0.744) aL=-0.0028 vL=0.0553 t0=[red=0.48 blue=0.52]
[u  877] env= 57475072 rsucc=0.992 n_rounds= 2611 ret=+15.146 len=485.7 ent(t0,t>=1)=(0.025,0.739) aL=-0.0028 vL=0.0552 t0=[red=0.48 blue=0.52]
[u  878] env= 57540608 rsucc=0.989 n_rounds= 2737 ret=+14.977 len=500.8 ent(t0,t>=1)=(0.022,0.732) aL=-0.0030 vL=0.0543 t0=[red=0.47 blue=0.53]
[u  879] env= 57606144 rsucc=0.985 n_rounds= 2669 ret=+14.992 len=493.1 ent(t0,t>=1)=(0.023,0.746) aL=-0.0023 vL=0.0565 t0=[red=0.45 blue=0.55]
[u  880] env= 57671680 rsucc=0.990 n_rounds= 2599 ret=+14.957 len=497.2 ent(t0,t>=1)=(0.024,0.741) aL=-0.0025 vL=0.0528 t0=[red=0.50 blue=0.50]
[u  881] env= 57737216 rsucc=0.986 n_rounds= 2681 ret=+15.015 len=492.9 ent(t0,t>=1)=(0.021,0.727) aL=-0.0031 vL=0.0568 t0=[red=0.46 blue=0.54]
[u  882] env= 57802752 rsucc=0.991 n_rounds= 2739 ret=+15.115 len=488.6 ent(t0,t>=1)=(0.016,0.730) aL=-0.0013 vL=0.0595 t0=[red=0.49 blue=0.51]
[u  883] env= 57868288 rsucc=0.990 n_rounds= 2655 ret=+15.096 len=487.2 ent(t0,t>=1)=(0.025,0.736) aL=-0.0025 vL=0.0577 t0=[red=0.48 blue=0.52]
[u  884] env= 57933824 rsucc=0.985 n_rounds= 2718 ret=+15.358 len=464.6 ent(t0,t>=1)=(0.025,0.737) aL=-0.0020 vL=0.0579 t0=[red=0.50 blue=0.50]
[u  885] env= 57999360 rsucc=0.997 n_rounds= 2710 ret=+15.088 len=495.0 ent(t0,t>=1)=(0.019,0.718) aL=-0.0020 vL=0.0628 t0=[red=0.46 blue=0.54]
[u  886] env= 58064896 rsucc=0.983 n_rounds= 2625 ret=+15.016 len=493.3 ent(t0,t>=1)=(0.023,0.733) aL=-0.0018 vL=0.0523 t0=[red=0.48 blue=0.52]
[u  887] env= 58130432 rsucc=0.989 n_rounds= 2743 ret=+14.994 len=493.9 ent(t0,t>=1)=(0.019,0.737) aL=+0.0001 vL=0.0592 t0=[red=0.48 blue=0.52]
[u  888] env= 58195968 rsucc=0.987 n_rounds= 2562 ret=+15.073 len=484.3 ent(t0,t>=1)=(0.020,0.746) aL=-0.0021 vL=0.0566 t0=[red=0.47 blue=0.53]
[u  889] env= 58261504 rsucc=0.985 n_rounds= 2600 ret=+15.115 len=487.0 ent(t0,t>=1)=(0.025,0.732) aL=-0.0020 vL=0.0590 t0=[red=0.48 blue=0.52]
[u  890] env= 58327040 rsucc=0.983 n_rounds= 2610 ret=+14.640 len=512.8 ent(t0,t>=1)=(0.020,0.740) aL=-0.0017 vL=0.0639 t0=[red=0.47 blue=0.53]
[u  891] env= 58392576 rsucc=0.979 n_rounds= 2637 ret=+14.722 len=515.7 ent(t0,t>=1)=(0.023,0.741) aL=+0.0055 vL=0.0579 t0=[red=0.46 blue=0.54]
[u  892] env= 58458112 rsucc=0.984 n_rounds= 2653 ret=+15.072 len=488.5 ent(t0,t>=1)=(0.020,0.736) aL=-0.0014 vL=0.0666 t0=[red=0.47 blue=0.53]
[u  893] env= 58523648 rsucc=0.991 n_rounds= 2740 ret=+15.026 len=486.7 ent(t0,t>=1)=(0.017,0.725) aL=-0.0020 vL=0.0529 t0=[red=0.48 blue=0.52]
[u  894] env= 58589184 rsucc=0.991 n_rounds= 2714 ret=+14.984 len=492.9 ent(t0,t>=1)=(0.019,0.721) aL=-0.0020 vL=0.0543 t0=[red=0.48 blue=0.52]
[u  895] env= 58654720 rsucc=0.987 n_rounds= 2677 ret=+15.140 len=481.5 ent(t0,t>=1)=(0.020,0.738) aL=-0.0010 vL=0.0633 t0=[red=0.46 blue=0.54]
[u  896] env= 58720256 rsucc=0.985 n_rounds= 2673 ret=+14.984 len=494.4 ent(t0,t>=1)=(0.017,0.738) aL=-0.0016 vL=0.0613 t0=[red=0.48 blue=0.52]
[u  897] env= 58785792 rsucc=0.986 n_rounds= 2492 ret=+15.122 len=482.0 ent(t0,t>=1)=(0.022,0.732) aL=-0.0014 vL=0.0547 t0=[red=0.47 blue=0.53]
[u  898] env= 58851328 rsucc=0.988 n_rounds= 2675 ret=+14.844 len=502.5 ent(t0,t>=1)=(0.020,0.723) aL=-0.0008 vL=0.0634 t0=[red=0.48 blue=0.52]
[u  899] env= 58916864 rsucc=0.988 n_rounds= 2599 ret=+14.900 len=508.2 ent(t0,t>=1)=(0.027,0.736) aL=-0.0016 vL=0.0703 t0=[red=0.47 blue=0.53]
[u  900] env= 58982400 rsucc=0.981 n_rounds= 2690 ret=+14.722 len=509.1 ent(t0,t>=1)=(0.021,0.744) aL=-0.0008 vL=0.0562 t0=[red=0.47 blue=0.53]
[u  901] env= 59047936 rsucc=0.986 n_rounds= 2592 ret=+14.963 len=496.7 ent(t0,t>=1)=(0.023,0.741) aL=-0.0014 vL=0.0634 t0=[red=0.46 blue=0.54]
[u  902] env= 59113472 rsucc=0.979 n_rounds= 2575 ret=+15.169 len=483.4 ent(t0,t>=1)=(0.022,0.747) aL=-0.0015 vL=0.0495 t0=[red=0.49 blue=0.51]
[u  903] env= 59179008 rsucc=0.987 n_rounds= 2622 ret=+14.715 len=508.4 ent(t0,t>=1)=(0.022,0.741) aL=-0.0009 vL=0.0636 t0=[red=0.48 blue=0.52]
[u  904] env= 59244544 rsucc=0.984 n_rounds= 2637 ret=+14.874 len=509.7 ent(t0,t>=1)=(0.020,0.739) aL=-0.0013 vL=0.0549 t0=[red=0.45 blue=0.55]
[u  905] env= 59310080 rsucc=0.988 n_rounds= 2637 ret=+14.822 len=499.9 ent(t0,t>=1)=(0.017,0.739) aL=-0.0012 vL=0.0653 t0=[red=0.46 blue=0.54]
[u  906] env= 59375616 rsucc=0.986 n_rounds= 2627 ret=+15.053 len=490.7 ent(t0,t>=1)=(0.021,0.736) aL=-0.0013 vL=0.0579 t0=[red=0.51 blue=0.49]
[u  907] env= 59441152 rsucc=0.990 n_rounds= 2777 ret=+15.182 len=481.3 ent(t0,t>=1)=(0.023,0.718) aL=-0.0008 vL=0.0681 t0=[red=0.47 blue=0.53]
[u  908] env= 59506688 rsucc=0.984 n_rounds= 2693 ret=+14.903 len=498.8 ent(t0,t>=1)=(0.028,0.738) aL=-0.0008 vL=0.0598 t0=[red=0.47 blue=0.53]
[u  909] env= 59572224 rsucc=0.982 n_rounds= 2626 ret=+15.138 len=477.9 ent(t0,t>=1)=(0.019,0.751) aL=-0.0007 vL=0.0627 t0=[red=0.50 blue=0.50]
[u  910] env= 59637760 rsucc=0.985 n_rounds= 2602 ret=+14.994 len=492.3 ent(t0,t>=1)=(0.019,0.744) aL=-0.0015 vL=0.0549 t0=[red=0.50 blue=0.50]
[u  911] env= 59703296 rsucc=0.987 n_rounds= 2777 ret=+14.959 len=496.8 ent(t0,t>=1)=(0.019,0.721) aL=-0.0012 vL=0.0577 t0=[red=0.47 blue=0.53]
[u  912] env= 59768832 rsucc=0.994 n_rounds= 2722 ret=+15.202 len=476.5 ent(t0,t>=1)=(0.027,0.730) aL=-0.0013 vL=0.0500 t0=[red=0.48 blue=0.52]
[u  913] env= 59834368 rsucc=0.977 n_rounds= 2491 ret=+15.004 len=492.7 ent(t0,t>=1)=(0.025,0.751) aL=-0.0009 vL=0.0536 t0=[red=0.47 blue=0.53]
[u  914] env= 59899904 rsucc=0.989 n_rounds= 2662 ret=+14.818 len=506.2 ent(t0,t>=1)=(0.016,0.725) aL=-0.0012 vL=0.0499 t0=[red=0.47 blue=0.53]
[u  915] env= 59965440 rsucc=0.986 n_rounds= 2624 ret=+14.873 len=504.4 ent(t0,t>=1)=(0.024,0.728) aL=+0.0000 vL=0.0684 t0=[red=0.49 blue=0.51]
[main] training done in 5810.8s
        round_success_rate: [+0.3631, +0.3551, +0.3924, +0.3684, +0.3625, +0.3360, +0.3444, +0.4137, +0.3724, +0.4221, +0.4055, +0.3725, +0.3734, +0.3508, +0.3997, +0.4387, +0.3893, +0.3793, +0.4031, +0.4549, +0.4440, +0.4843, +0.5041, +0.5195, +0.5694, +0.5810, +0.6097, +0.6703, +0.8035, +0.8230, +0.8348, +0.7950, +0.8514, +0.8434, +0.8851, +0.8249, +0.8905, +0.8745, +0.8672, +0.8821, +0.8653, +0.8393, +0.8474, +0.8950, +0.8861, +0.8675, +0.8534, +0.8200, +0.8405, +0.8543, +0.8651, +0.9009, +0.8900, +0.8897, +0.9209, +0.9265, +0.9047, +0.8876, +0.8944, +0.9020, +0.8623, +0.8561, +0.8844, +0.9136, +0.9226, +0.9048, +0.9037, +0.8839, +0.9065, +0.9112, +0.8994, +0.8806, +0.8983, +0.9067, +0.8874, +0.8988, +0.9062, +0.9020, +0.9058, +0.9099, +0.9049, +0.8970, +0.8639, +0.9193, +0.9085, +0.9127, +0.9094, +0.9063, +0.9001, +0.8990, +0.8834, +0.8963, +0.9151, +0.9229, +0.9016, +0.9304, +0.8905, +0.9046, +0.9525, +0.9342, +0.8947, +0.9075, +0.9101, +0.9204, +0.9379, +0.9344, +0.9316, +0.9294, +0.9157, +0.9055, +0.9126, +0.9283, +0.9242, +0.9033, +0.9304, +0.9402, +0.9322, +0.9397, +0.9229, +0.9149, +0.9346, +0.9029, +0.9208, +0.9198, +0.9126, +0.8995, +0.9272, +0.9152, +0.9149, +0.9473, +0.9371, +0.9252, +0.9153, +0.9225, +0.9416, +0.9264, +0.9479, +0.9199, +0.9364, +0.9281, +0.9259, +0.9276, +0.9283, +0.9458, +0.9384, +0.9276, +0.9409, +0.9379, +0.9460, +0.9280, +0.9369, +0.9492, +0.9371, +0.9417, +0.9283, +0.8973, +0.9419, +0.9308, +0.9275, +0.9295, +0.9326, +0.9260, +0.9473, +0.9510, +0.9489, +0.9275, +0.9247, +0.9424, +0.9398, +0.9271, +0.9415, +0.9459, +0.9534, +0.9437, +0.9364, +0.9349, +0.9200, +0.9483, +0.9363, +0.9308, +0.9465, +0.9623, +0.9408, +0.9423, +0.9322, +0.9361, +0.9529, +0.9655, +0.9309, +0.9390, +0.9045, +0.9448, +0.9525, +0.9401, +0.9379, +0.9439, +0.9381, +0.9494, +0.9518, +0.9586, +0.9622, +0.9442, +0.9285, +0.9398, +0.9539, +0.9369, +0.9320, +0.9475, +0.9420, +0.9338, +0.9448, +0.9574, +0.9349, +0.9642, +0.9436, +0.9357, +0.9564, +0.9427, +0.9385, +0.9539, +0.9249, +0.9496, +0.9577, +0.9587, +0.9492, +0.9601, +0.9547, +0.9320, +0.9442, +0.9343, +0.9447, +0.9046, +0.9244, +0.9491, +0.9473, +0.9583, +0.9495, +0.9449, +0.9489, +0.9515, +0.9566, +0.9566, +0.9581, +0.9460, +0.9523, +0.9447, +0.9448, +0.9495, +0.9259, +0.9384, +0.9557, +0.9548, +0.9449, +0.9483, +0.9524, +0.9521, +0.9478, +0.9423, +0.9451, +0.9495, +0.9574, +0.9483, +0.9567, +0.9615, +0.9351, +0.9644, +0.9596, +0.9587, +0.9430, +0.9659, +0.9710, +0.9423, +0.9489, +0.9446, +0.9473, +0.9612, +0.9561, +0.9535, +0.9566, +0.9609, +0.9510, +0.9638, +0.9481, +0.9667, +0.9619, +0.9540, +0.9474, +0.9509, +0.9528, +0.9661, +0.9488, +0.9461, +0.9623, +0.9500, +0.9586, +0.9597, +0.9627, +0.9643, +0.9477, +0.9604, +0.9543, +0.9699, +0.9499, +0.9491, +0.9533, +0.9505, +0.9431, +0.9416, +0.9649, +0.9506, +0.9478, +0.9468, +0.9555, +0.9633, +0.9523, +0.9616, +0.9638, +0.9551, +0.9711, +0.9564, +0.9570, +0.9586, +0.9591, +0.9629, +0.9553, +0.9681, +0.9692, +0.9368, +0.9689, +0.9488, +0.9593, +0.9561, +0.9352, +0.9395, +0.9592, +0.9475, +0.9540, +0.9710, +0.9747, +0.9718, +0.9641, +0.9590, +0.9578, +0.9243, +0.9619, +0.9480, +0.9609, +0.9557, +0.9545, +0.9532, +0.9789, +0.9703, +0.9554, +0.9443, +0.9569, +0.9449, +0.9628, +0.9473, +0.9676, +0.9399, +0.9549, +0.9571, +0.9520, +0.9649, +0.9451, +0.9643, +0.9666, +0.9655, +0.9668, +0.9771, +0.9510, +0.9453, +0.9659, +0.9718, +0.9633, +0.9610, +0.9742, +0.9683, +0.9542, +0.9647, +0.9580, +0.9438, +0.9653, +0.9364, +0.9628, +0.9590, +0.9765, +0.9659, +0.9669, +0.9633, +0.9766, +0.9591, +0.9680, +0.9588, +0.9574, +0.9644, +0.9525, +0.9793, +0.9666, +0.9675, +0.9699, +0.9813, +0.9688, +0.9772, +0.9500, +0.9719, +0.9650, +0.9356, +0.9656, +0.9667, +0.9647, +0.9686, +0.9680, +0.9642, +0.9550, +0.9604, +0.9709, +0.9742, +0.9543, +0.9538, +0.9618, +0.9572, +0.9730, +0.9771, +0.9491, +0.9638, +0.9598, +0.9606, +0.9754, +0.9765, +0.9646, +0.9733, +0.9685, +0.9731, +0.9629, +0.9615, +0.9758, +0.9773, +0.9697, +0.9542, +0.9529, +0.9696, +0.9759, +0.9664, +0.9790, +0.9419, +0.9613, +0.9615, +0.9692, +0.9748, +0.9625, +0.9740, +0.9648, +0.9691, +0.9563, +0.9820, +0.9600, +0.9668, +0.9697, +0.9701, +0.9602, +0.9709, +0.9630, +0.9617, +0.9711, +0.9738, +0.9712, +0.9778, +0.9633, +0.9657, +0.9716, +0.9597, +0.9734, +0.9659, +0.9741, +0.9775, +0.9629, +0.9736, +0.9718, +0.9602, +0.9710, +0.9571, +0.9690, +0.9632, +0.9801, +0.9693, +0.9697, +0.9715, +0.9656, +0.9725, +0.9734, +0.9634, +0.9780, +0.9707, +0.9756, +0.9639, +0.9742, +0.9670, +0.9592, +0.9674, +0.9694, +0.9819, +0.9714, +0.9780, +0.9728, +0.9612, +0.9655, +0.9774, +0.9752, +0.9766, +0.9619, +0.9599, +0.9731, +0.9649, +0.9724, +0.9734, +0.9826, +0.9607, +0.9696, +0.9643, +0.9732, +0.9796, +0.9791, +0.9727, +0.9686, +0.9688, +0.9748, +0.9738, +0.9805, +0.9581, +0.9543, +0.9685, +0.9743, +0.9637, +0.9634, +0.9755, +0.9659, +0.9677, +0.9755, +0.9695, +0.9755, +0.9711, +0.9651, +0.9733, +0.9757, +0.9594, +0.9671, +0.9793, +0.9714, +0.9725, +0.9665, +0.9705, +0.9781, +0.9736, +0.9689, +0.9656, +0.9839, +0.9740, +0.9654, +0.9746, +0.9768, +0.9840, +0.9784, +0.9726, +0.9683, +0.9708, +0.9554, +0.9820, +0.9710, +0.9703, +0.9726, +0.9771, +0.9642, +0.9761, +0.9749, +0.9748, +0.9801, +0.9630, +0.9675, +0.9721, +0.9786, +0.9833, +0.9781, +0.9783, +0.9787, +0.9755, +0.9804, +0.9706, +0.9730, +0.9767, +0.9755, +0.9797, +0.9684, +0.9819, +0.9806, +0.9774, +0.9767, +0.9765, +0.9805, +0.9707, +0.9674, +0.9610, +0.9805, +0.9829, +0.9772, +0.9773, +0.9841, +0.9740, +0.9794, +0.9811, +0.9791, +0.9817, +0.9709, +0.9725, +0.9801, +0.9755, +0.9788, +0.9766, +0.9699, +0.9748, +0.9757, +0.9732, +0.9789, +0.9773, +0.9768, +0.9818, +0.9828, +0.9816, +0.9759, +0.9786, +0.9775, +0.9750, +0.9699, +0.9717, +0.9752, +0.9840, +0.9803, +0.9688, +0.9728, +0.9739, +0.9872, +0.9693, +0.9771, +0.9747, +0.9832, +0.9793, +0.9720, +0.9730, +0.9789, +0.9845, +0.9746, +0.9773, +0.9857, +0.9857, +0.9766, +0.9790, +0.9829, +0.9820, +0.9831, +0.9805, +0.9802, +0.9675, +0.9706, +0.9669, +0.9849, +0.9724, +0.9725, +0.9819, +0.9784, +0.9792, +0.9781, +0.9779, +0.9811, +0.9868, +0.9829, +0.9720, +0.9842, +0.9788, +0.9828, +0.9800, +0.9748, +0.9654, +0.9863, +0.9821, +0.9773, +0.9762, +0.9836, +0.9840, +0.9795, +0.9797, +0.9805, +0.9823, +0.9816, +0.9804, +0.9887, +0.9826, +0.9819, +0.9827, +0.9851, +0.9827, +0.9792, +0.9881, +0.9850, +0.9791, +0.9850, +0.9766, +0.9797, +0.9745, +0.9882, +0.9884, +0.9724, +0.9848, +0.9882, +0.9802, +0.9778, +0.9803, +0.9854, +0.9835, +0.9848, +0.9784, +0.9816, +0.9814, +0.9838, +0.9877, +0.9875, +0.9808, +0.9729, +0.9880, +0.9832, +0.9815, +0.9845, +0.9813, +0.9866, +0.9837, +0.9857, +0.9836, +0.9752, +0.9778, +0.9823, +0.9861, +0.9925, +0.9773, +0.9820, +0.9822, +0.9844, +0.9776, +0.9876, +0.9785, +0.9782, +0.9787, +0.9875, +0.9817, +0.9844, +0.9781, +0.9733, +0.9895, +0.9913, +0.9922, +0.9880, +0.9856, +0.9807, +0.9799, +0.9851, +0.9731, +0.9701, +0.9906, +0.9845, +0.9871, +0.9824, +0.9831, +0.9789, +0.9802, +0.9897, +0.9853, +0.9861, +0.9881, +0.9871, +0.9869, +0.9843, +0.9839, +0.9834, +0.9868, +0.9910, +0.9843, +0.9826, +0.9848, +0.9785, +0.9913, +0.9921, +0.9903, +0.9923, +0.9848, +0.9797, +0.9827, +0.9814, +0.9840, +0.9803, +0.9882, +0.9837, +0.9935, +0.9920, +0.9867, +0.9816, +0.9791, +0.9866, +0.9897, +0.9859, +0.9784, +0.9828, +0.9859, +0.9824, +0.9907, +0.9810, +0.9876, +0.9867, +0.9813, +0.9801, +0.9886, +0.9837, +0.9801, +0.9791, +0.9833, +0.9878, +0.9957, +0.9753, +0.9853, +0.9905, +0.9856, +0.9871, +0.9904, +0.9863, +0.9903, +0.9811, +0.9853, +0.9892, +0.9886, +0.9795, +0.9889, +0.9729, +0.9936, +0.9808, +0.9824, +0.9938, +0.9837, +0.9761, +0.9845, +0.9832, +0.9704, +0.9873, +0.9917, +0.9829, +0.9741, +0.9901, +0.9781, +0.9854, +0.9902, +0.9822, +0.9858, +0.9892, +0.9878, +0.9682, +0.9916, +0.9812, +0.9877, +0.9830, +0.9846, +0.9777, +0.9893, +0.9909, +0.9844, +0.9769, +0.9882, +0.9827, +0.9855, +0.9828, +0.9892, +0.9920, +0.9887, +0.9854, +0.9900, +0.9858, +0.9905, +0.9898, +0.9845, +0.9970, +0.9832, +0.9891, +0.9867, +0.9850, +0.9828, +0.9791, +0.9838, +0.9905, +0.9908, +0.9866, +0.9850, +0.9864, +0.9877, +0.9877, +0.9810, +0.9861, +0.9794, +0.9870, +0.9845, +0.9879, +0.9859, +0.9903, +0.9840, +0.9825, +0.9850, +0.9867, +0.9941, +0.9771, +0.9895, +0.9855]
    partner_ep_success_rate: [+0.0000, +0.0000, +0.0000, +0.0000, +0.0000, +0.4848, +0.3860, +0.3077, +0.0000, +0.0000, +0.5000, +0.7619, +0.5000, +0.4231, +0.2667, +0.0000, +0.3333, +0.6154, +0.4366, +0.5242, +0.4762, +0.3333, +0.5000, +0.7500, +0.7059, +0.5204, +0.3404, +0.5455, +0.9143, +0.9359, +0.8795, +0.9423, +0.6486, +0.7846, +0.8916, +0.7778, +0.8030, +0.9219, +0.8333, +0.9167, +0.9710, +0.8732, +0.9697, +0.8169, +0.8904, +0.9310, +0.9178, +0.7042, +0.8125, +0.8989, +0.8421, +0.9487, +0.9571, +0.9492, +0.8587, +0.6220, +0.7143, +0.7500, +0.8182, +0.8060, +0.6806, +0.7901, +0.9143, +0.9697, +0.9059, +0.9412, +0.9231, +0.8101, +0.7308, +0.7841, +0.9032, +0.9342, +0.9565, +0.9474, +0.8506, +0.9216, +0.9362, +0.9091, +0.9457, +0.9494, +0.9683, +0.9216, +0.9315, +0.8701, +0.8723, +0.8367, +0.9875, +0.9286, +0.9722, +0.9789, +0.9759, +0.8167, +0.7596, +0.9444, +0.8947, +0.9271, +0.8261, +0.8857, +0.9381, +0.9450, +0.8539, +0.8592, +0.9072, +0.9462, +0.9259, +0.9412, +0.9515, +0.9444, +0.9800, +0.9167, +0.8222, +0.9381, +0.9383, +0.9326, +0.9767, +0.9175, +0.9000, +0.8889, +0.8367, +0.8804, +0.9634, +0.9596, +0.9733, +0.9333, +0.9892, +1.0000, +0.9545, +0.9468, +0.9438, +0.9495, +0.9588, +0.8947, +0.9293, +0.9535, +0.9362, +0.8333, +0.8542, +0.9811, +0.9333, +0.8737, +0.8947, +0.8750, +0.9293, +0.9700, +0.9348, +0.9286, +0.9213, +0.9407, +0.9744, +0.8969, +0.9126, +0.9783, +0.9706, +0.9674, +0.9255, +0.8764, +0.9293, +0.8395, +0.8350, +0.9082, +0.9151, +0.9583, +0.9444, +0.9898, +0.9663, +0.9340, +0.9368, +0.9500, +0.9425, +0.9778, +0.9706, +0.9636, +0.9667, +0.8211, +0.8396, +0.9043, +0.8261, +0.9533, +0.9878, +0.8800, +0.9072, +0.9643, +0.9474, +0.9524, +0.9479, +0.9394, +0.9174, +0.9423, +0.9558, +0.9494, +0.8796, +0.9318, +0.9348, +0.9712, +0.9596, +0.9438, +0.9914, +0.9877, +0.9722, +0.9615, +0.9815, +0.9817, +0.9103, +0.8936, +0.9915, +0.9036, +0.9762, +0.9000, +0.9271, +0.9900, +0.9485, +0.9196, +0.9550, +0.9677, +0.9400, +0.9083, +0.9670, +1.0000, +1.0000, +0.9889, +0.9464, +0.9186, +0.9062, +0.9459, +0.9652, +0.9626, +1.0000, +0.9754, +0.8842, +0.9500, +0.8870, +0.9320, +0.9048, +0.9286, +0.9570, +0.9912, +0.9891, +0.9904, +0.9910, +0.9130, +0.8649, +0.9052, +0.9898, +0.9820, +0.9604, +0.9681, +0.8862, +0.9438, +1.0000, +1.0000, +0.9688, +0.9313, +0.9794, +0.9889, +0.9697, +0.9651, +0.9897, +0.8962, +0.9070, +0.9535, +0.9083, +0.9898, +0.9828, +0.9888, +0.9911, +0.9828, +0.9720, +0.8585, +0.9400, +0.9346, +0.9397, +0.9907, +0.8977, +0.9397, +0.9533, +1.0000, +0.9802, +0.9764, +1.0000, +0.9528, +0.9187, +0.9318, +0.9915, +0.9903, +0.9397, +0.9717, +0.9519, +0.9688, +0.9402, +0.8515, +0.9550, +1.0000, +0.9600, +0.9746, +0.9896, +1.0000, +0.9677, +1.0000, +0.9667, +0.9709, +0.9630, +0.9439, +0.9524, +0.9569, +0.9694, +0.8947, +0.9091, +0.9722, +0.9806, +0.9914, +0.9615, +1.0000, +0.9664, +0.9434, +0.9510, +0.9352, +0.9397, +0.9485, +0.9565, +0.9725, +0.9457, +0.9732, +0.9500, +0.9355, +0.9739, +0.9806, +0.9685, +0.9783, +0.9752, +0.9341, +1.0000, +0.9912, +0.9907, +0.9762, +0.9739, +0.9217, +1.0000, +0.9817, +0.8900, +0.9141, +0.9823, +0.9479, +0.9565, +0.9300, +0.9888, +0.9038, +0.9074, +0.9694, +0.9744, +1.0000, +1.0000, +0.9649, +0.9565, +1.0000, +0.9600, +0.9143, +0.9722, +0.9912, +0.8936, +0.8519, +0.8925, +0.9487, +0.9406, +0.9550, +0.9911, +0.9626, +1.0000, +0.9789, +0.9554, +0.9717, +0.9735, +0.9109, +0.9519, +0.9407, +0.9703, +0.9048, +0.9528, +0.9730, +0.9528, +0.9391, +0.8165, +0.8952, +1.0000, +0.9802, +1.0000, +0.9911, +0.9661, +0.9754, +0.9694, +0.9750, +0.9554, +0.9619, +0.9921, +0.9556, +0.9820, +0.9478, +0.9592, +0.9756, +0.9912, +0.8707, +0.9279, +0.9504, +0.9407, +0.9533, +0.9091, +0.9512, +0.9052, +0.9057, +0.9806, +0.9730, +0.9636, +0.9730, +0.9832, +1.0000, +0.9350, +0.9709, +0.9912, +0.8976, +0.9388, +0.9412, +0.9712, +0.9667, +0.9500, +0.9680, +0.9423, +1.0000, +1.0000, +0.8938, +0.9487, +0.9655, +0.9732, +0.9907, +0.9919, +1.0000, +0.9821, +0.9914, +0.9273, +0.9597, +0.9789, +0.9151, +0.9180, +1.0000, +0.9806, +1.0000, +0.9633, +0.9000, +0.8783, +0.9550, +0.9725, +0.9600, +0.9735, +0.9746, +0.9273, +0.8992, +0.9712, +1.0000, +1.0000, +0.9764, +0.9815, +0.9528, +0.9478, +0.9600, +0.9760, +0.9655, +0.9100, +0.9435, +0.9826, +0.9360, +0.9431, +0.9808, +0.9912, +0.9561, +0.9817, +0.9832, +0.9917, +0.9800, +0.8915, +0.9327, +0.9750, +0.9911, +0.9619, +0.9919, +1.0000, +0.9924, +1.0000, +0.9839, +0.9643, +0.9730, +1.0000, +0.9703, +0.9521, +0.9900, +0.9569, +0.9412, +0.9320, +0.9426, +1.0000, +0.9752, +0.9633, +0.9746, +0.9917, +1.0000, +0.9921, +1.0000, +0.9808, +0.9926, +0.9663, +0.9699, +0.9292, +0.9831, +0.9573, +0.9917, +0.9554, +0.9917, +0.9815, +0.9291, +0.9533, +0.9633, +0.9829, +0.9231, +0.9911, +0.9754, +0.9106, +0.9655, +0.9722, +1.0000, +1.0000, +1.0000, +0.9304, +0.9677, +0.9048, +0.8684, +0.9643, +0.9828, +0.9919, +0.9672, +0.9474, +0.9661, +0.9636, +1.0000, +1.0000, +0.9846, +0.9915, +0.9808, +0.9839, +0.9091, +0.9256, +0.9835, +0.9828, +0.9818, +0.9918, +0.9831, +1.0000, +0.9831, +0.9837, +0.9685, +0.9735, +1.0000, +0.9825, +0.9722, +0.9845, +1.0000, +0.9606, +0.9576, +1.0000, +0.9457, +0.9732, +0.9732, +0.9926, +0.9898, +1.0000, +1.0000, +1.0000, +1.0000, +0.9764, +0.9381, +0.9360, +0.9845, +0.9580, +0.9615, +0.9835, +0.9820, +0.9843, +0.9762, +0.9561, +0.9444, +0.9907, +0.9781, +0.9909, +1.0000, +0.9843, +0.9820, +0.9385, +0.9714, +0.9776, +0.9758, +0.9669, +0.9915, +0.9661, +0.9737, +1.0000, +0.9912, +0.9847, +0.9727, +0.9648, +1.0000, +0.9843, +1.0000, +0.9758, +1.0000, +0.9845, +1.0000, +0.9649, +0.9752, +0.9618, +0.9912, +0.9917, +1.0000, +0.9821, +0.9683, +1.0000, +0.9825, +0.9792, +0.9802, +0.9929, +0.9820, +0.9783, +0.9817, +0.9565, +0.9489, +0.9837, +0.9906, +0.9375, +0.9722, +0.9680, +0.9690, +0.9677, +0.9832, +0.9919, +0.9844, +0.9921, +0.9908, +0.9920, +0.9916, +1.0000, +1.0000, +1.0000, +0.9160, +1.0000, +0.9836, +1.0000, +0.9669, +1.0000, +1.0000, +1.0000, +1.0000, +1.0000, +0.9924, +0.9732, +0.9924, +0.9839, +0.9402, +0.9537, +0.9389, +0.9825, +0.9683, +0.9504, +1.0000, +0.9402, +0.9762, +1.0000, +0.9922, +0.9843, +0.9840, +0.9667, +0.9609, +0.9732, +0.9854, +0.9823, +0.9645, +1.0000, +1.0000, +1.0000, +1.0000, +0.9766, +0.9926, +1.0000, +0.9919, +0.9492, +0.9091, +0.9683, +0.9685, +0.9919, +1.0000, +1.0000, +0.9844, +0.9615, +1.0000, +0.9771, +0.9394, +0.8793, +0.9857, +1.0000, +0.9929, +0.9909, +1.0000, +1.0000, +0.9921, +1.0000, +0.9924, +0.9832, +0.9916, +1.0000, +0.9922, +0.9397, +0.9416, +0.9836, +0.9928, +1.0000, +1.0000, +0.9920, +0.9667, +0.9664, +0.9925, +0.9858, +0.9397, +0.9930, +1.0000, +1.0000, +0.9833, +1.0000, +0.9919, +1.0000, +1.0000, +0.9926, +1.0000, +0.9831, +0.9852, +0.9920, +0.9690, +0.9836, +0.9925, +0.9650, +0.9917, +0.9924, +1.0000, +0.9833, +0.9538, +0.9603, +0.9281, +0.9762, +0.9771, +0.9919, +0.9562, +0.9748, +1.0000, +0.9927, +1.0000, +1.0000, +1.0000, +0.9928, +0.9919, +0.9839, +0.9851, +0.9915, +1.0000, +1.0000, +0.9675, +0.9118, +0.9919, +1.0000, +0.9635, +0.9846, +1.0000, +0.9932, +0.9833, +0.9926, +0.9843, +0.9624, +0.9692, +0.9924, +1.0000, +1.0000, +0.9708, +0.9664, +1.0000, +1.0000, +0.9925, +0.9927, +0.9926, +0.9924, +0.9926, +0.9846, +0.9850, +1.0000, +1.0000, +0.9854, +0.9821, +0.9444, +0.9769, +0.9618, +0.9643, +0.9917, +1.0000, +1.0000, +0.9924, +0.9577, +0.9924, +1.0000, +1.0000, +1.0000, +0.9545, +0.9854, +1.0000, +1.0000, +1.0000, +0.9767, +0.9778, +1.0000, +1.0000, +1.0000, +1.0000, +0.9847, +0.9929, +0.9852, +0.9916, +0.9632, +0.9690, +0.9843, +0.9923, +0.9855, +0.9923, +0.9858, +0.9762, +0.9927, +0.9855, +0.9930, +0.9746, +0.9829, +0.9927, +1.0000, +0.9921, +0.9858, +0.9928, +1.0000, +1.0000, +1.0000, +0.9925, +0.9924, +0.9923, +0.9927, +0.9918, +1.0000, +0.9741, +0.9926, +1.0000, +1.0000, +0.9789, +0.9844, +0.9924, +0.9921, +1.0000, +0.9559, +1.0000, +0.9922, +1.0000, +0.9846, +0.9769, +1.0000, +1.0000, +0.9917, +1.0000, +0.9919, +0.9790, +0.9924, +1.0000, +1.0000, +0.9926, +0.9926, +0.9756, +0.9565, +0.9924, +1.0000, +0.9839, +1.0000, +0.9767, +0.9632, +0.9556, +0.9836, +0.9638, +0.9848, +0.9925, +1.0000, +0.9927, +0.9844, +0.9929, +0.9781, +0.9916, +0.9514, +0.9500, +0.9648, +1.0000, +1.0000, +1.0000, +1.0000, +1.0000, +1.0000, +0.9389, +0.9856, +0.9924, +0.9927, +0.9921, +0.9928, +1.0000, +1.0000]
            ep_return_mean: [+0.0000, +0.0000, +0.0000, +0.0000, +0.0000, -4.9662, -9.2162, -13.6189, +0.0000, +0.0000, -1.2050, -3.6520, -7.4833, -9.9797, -13.8023, +0.0000, -6.5767, -6.8909, -6.6555, -8.3726, -10.2862, -11.6936, -6.1102, -1.6059, -4.0751, -5.5767, -6.5836, -6.7965, +4.4957, +2.3790, +2.4844, +0.5173, +6.4748, +7.3435, +5.6455, +5.7641, +7.8616, +8.4806, +7.6730, +7.9940, +8.9975, +8.1147, +8.2519, +7.5308, +8.1082, +8.0191, +7.3836, +6.8674, +7.1812, +7.8454, +7.3677, +8.8451, +9.7688, +9.2909, +9.0059, +9.9999, +8.5441, +9.8832, +10.3367, +9.6201, +8.5288, +8.6606, +8.9288, +8.6219, +9.3838, +9.1186, +9.7227, +9.8488, +9.1509, +9.6171, +10.4880, +10.8875, +10.6289, +9.2899, +9.7707, +9.6323, +10.5825, +10.6393, +9.5801, +10.8261, +10.5691, +10.6368, +10.0563, +9.3890, +10.5301, +10.7373, +10.7373, +10.8096, +10.4367, +10.1947, +10.5370, +9.3434, +9.9468, +10.6894, +11.0297, +10.8866, +11.1027, +10.9912, +11.0287, +11.2996, +11.8640, +11.3902, +10.3237, +10.8595, +11.5756, +12.3172, +11.3980, +12.0951, +11.6086, +10.8865, +11.3704, +11.1328, +11.3226, +11.1054, +11.0688, +10.9947, +11.7646, +11.6724, +11.4916, +11.2391, +11.9046, +11.8973, +10.3803, +11.5149, +11.1146, +11.1359, +11.4675, +10.3528, +11.2904, +11.7322, +11.6527, +11.7042, +11.5454, +10.9002, +11.5876, +11.8474, +11.6910, +11.6200, +12.2615, +11.9552, +11.6510, +11.0473, +11.6256, +11.6236, +11.8437, +11.8944, +12.3425, +11.5319, +11.8699, +11.8634, +11.9783, +12.5121, +12.2536, +12.4670, +12.3018, +11.5743, +11.4765, +11.7655, +11.3786, +11.8771, +11.7758, +12.4403, +11.7347, +11.8386, +12.8677, +12.4327, +12.1543, +12.2050, +12.0330, +12.1378, +11.9867, +12.0067, +12.4967, +12.8574, +11.8251, +12.1499, +12.2818, +12.1397, +12.2603, +11.9946, +11.8828, +12.4764, +12.5482, +12.9762, +11.9622, +11.8034, +12.3620, +13.0832, +13.0397, +12.5650, +12.0645, +12.2341, +11.9519, +12.3507, +11.8792, +12.4778, +12.2041, +12.3273, +12.3861, +12.8204, +13.0995, +13.1351, +12.5327, +11.9659, +12.2176, +12.3939, +12.3141, +11.5509, +12.5823, +12.3902, +12.5972, +12.7547, +12.6843, +13.0722, +12.9933, +12.3066, +12.6741, +12.6937, +12.6299, +12.7819, +12.7122, +12.4380, +12.6456, +12.2028, +12.9819, +13.7403, +13.2471, +12.9266, +12.5001, +12.9763, +12.1098, +12.4376, +12.6383, +11.6530, +12.0420, +12.6905, +13.0336, +12.7151, +12.7665, +12.6602, +12.6692, +13.0467, +13.5059, +13.1509, +13.0515, +12.9124, +12.5085, +12.7083, +12.8870, +12.6964, +12.8234, +12.5614, +13.3205, +13.3303, +12.4131, +13.3367, +12.6667, +12.6477, +12.4243, +12.6490, +13.3221, +13.4286, +13.1859, +12.8665, +13.1413, +13.0759, +13.0427, +13.1512, +13.3875, +13.1551, +13.2343, +13.7416, +13.1193, +12.6448, +12.5463, +13.5870, +13.2127, +13.1566, +13.0259, +13.1394, +13.2908, +13.0030, +13.4166, +12.9731, +13.5657, +13.2826, +13.2555, +13.0455, +12.9098, +12.8600, +13.4324, +13.2184, +13.3907, +13.2381, +12.9465, +13.2774, +13.1044, +13.7570, +13.2714, +13.0286, +13.7309, +13.0202, +13.2739, +13.2973, +13.2203, +12.9295, +12.8804, +12.9966, +12.8093, +12.9685, +13.2827, +12.8196, +12.9182, +12.8868, +13.4296, +13.1623, +13.2991, +13.4091, +13.1019, +13.5124, +13.3749, +13.1855, +12.9793, +13.5478, +13.0884, +13.2412, +13.6453, +13.6830, +13.5040, +13.1345, +12.9278, +13.3224, +12.9514, +13.1973, +12.4992, +12.6560, +13.5386, +13.0386, +13.3800, +13.4918, +13.9072, +13.8780, +13.6010, +12.5333, +12.8215, +12.6783, +12.4265, +13.0490, +13.0114, +13.2215, +13.8243, +13.4722, +13.8850, +13.7275, +13.0675, +12.8658, +12.6774, +13.1481, +13.2705, +12.9811, +12.6674, +12.9368, +12.7811, +13.3323, +13.2279, +13.5987, +13.3309, +13.3115, +13.5656, +13.4978, +13.7638, +12.9721, +13.1210, +12.9390, +13.8644, +13.4203, +13.4739, +14.1078, +13.8335, +13.2475, +13.4544, +13.4215, +13.2673, +13.0690, +13.0638, +13.2626, +13.6690, +13.9625, +14.0374, +13.5239, +13.5958, +14.0022, +13.5310, +13.6132, +13.3722, +13.1598, +13.2110, +13.6920, +13.6897, +13.9239, +14.0462, +13.6455, +14.1008, +13.9584, +13.8160, +13.5268, +13.5164, +13.6916, +13.4169, +13.2199, +13.2926, +13.5316, +13.7669, +13.6350, +14.0552, +13.7177, +13.5840, +13.4689, +13.7143, +13.5955, +13.1676, +13.6179, +13.7717, +13.8690, +13.6727, +13.6842, +13.3486, +13.2390, +13.3013, +14.0919, +14.0864, +14.0142, +13.5549, +13.7882, +13.9482, +13.6599, +13.6726, +13.9182, +13.9877, +13.5133, +13.2907, +13.5280, +14.2688, +13.8698, +13.8308, +13.7930, +13.0596, +13.2637, +13.8847, +13.6320, +13.9321, +13.7419, +14.0557, +13.8931, +13.9699, +13.9087, +13.7778, +13.8969, +13.6900, +14.0203, +13.5244, +13.6228, +13.4092, +13.8173, +13.8901, +13.6550, +13.7266, +14.3980, +14.0468, +13.9518, +13.7730, +13.5854, +13.9394, +13.5390, +13.7953, +14.1129, +13.9154, +13.9398, +13.7988, +14.1011, +13.4983, +13.5332, +13.6628, +13.9688, +13.9205, +14.0675, +13.6527, +13.7705, +13.9839, +14.1044, +14.0612, +13.8952, +14.1047, +13.8205, +14.1110, +13.6163, +14.0621, +13.9497, +13.8476, +13.7265, +13.9795, +14.0993, +14.1713, +14.2986, +14.1225, +13.5218, +14.1735, +13.8126, +13.8670, +14.1319, +14.0403, +14.1925, +13.8055, +13.7271, +13.9706, +14.0155, +14.4862, +14.1420, +13.9492, +13.6847, +13.9732, +13.7577, +14.1268, +14.2972, +14.1377, +13.8432, +13.8867, +14.3238, +14.4558, +13.9623, +13.9352, +13.5923, +13.6289, +13.6910, +14.0829, +14.0072, +14.1580, +14.2574, +14.0038, +13.9190, +13.9334, +13.8902, +14.0791, +14.2924, +14.0717, +13.7071, +13.9355, +13.9103, +14.2049, +13.9974, +14.0249, +14.0291, +14.2343, +14.1271, +14.0417, +14.1383, +14.2423, +14.4905, +14.2040, +14.1183, +14.0530, +14.2230, +14.5195, +14.4832, +14.0099, +13.9805, +14.0693, +14.1134, +14.1840, +13.9095, +13.8004, +14.0883, +14.5392, +14.0364, +14.0461, +14.2844, +14.2355, +14.5633, +14.4382, +14.1698, +14.0506, +14.6096, +14.2684, +14.5726, +14.1156, +14.3167, +14.4025, +14.2874, +14.1504, +14.3759, +14.0750, +14.2148, +14.0339, +14.5208, +14.2954, +14.4588, +14.5125, +14.3437, +13.9652, +14.2362, +14.2256, +14.1976, +13.9708, +14.2464, +14.3457, +14.7379, +14.2949, +14.4900, +14.4176, +14.1901, +14.4371, +14.6558, +14.1376, +14.3527, +14.1559, +14.6648, +14.3046, +14.3429, +13.8731, +14.1451, +14.0460, +14.6175, +14.2573, +14.3152, +14.5470, +14.5351, +14.6536, +14.5194, +14.3477, +14.1509, +14.4294, +14.6711, +13.9095, +14.1105, +14.1055, +14.4212, +14.4818, +14.5234, +14.3473, +14.3884, +14.3651, +14.5286, +14.1572, +14.4270, +14.3598, +14.5494, +14.3474, +14.2822, +14.4149, +14.3767, +14.5126, +14.4653, +14.4857, +14.8948, +14.6441, +14.5724, +14.5135, +14.5786, +14.6797, +14.6227, +14.6239, +14.3569, +13.9185, +13.9752, +14.4198, +14.4817, +14.2557, +14.3768, +14.1892, +14.3864, +14.5235, +14.5441, +14.5845, +14.7354, +14.4488, +14.3463, +14.7381, +14.5246, +14.7258, +14.4567, +14.6366, +14.1154, +14.3467, +14.6198, +14.6884, +14.5922, +14.6492, +14.7926, +14.4658, +14.1745, +14.7787, +14.6747, +14.6754, +14.6283, +14.5673, +14.7894, +14.4868, +14.8695, +14.7779, +14.7985, +14.5445, +14.9327, +14.8985, +14.5583, +14.7316, +14.4910, +14.2628, +14.6635, +14.9055, +14.7887, +14.6778, +14.4504, +14.7974, +14.6793, +14.8907, +14.1851, +14.7358, +14.7242, +14.9416, +14.8538, +14.6487, +14.7022, +14.3278, +14.5546, +14.9129, +15.0160, +14.9376, +14.5663, +14.4060, +14.9201, +14.8546, +14.8118, +14.9997, +14.7120, +14.8254, +14.8235, +14.5188, +14.4492, +14.7796, +14.4619, +14.9964, +14.5834, +14.8299, +14.7517, +14.9157, +14.6908, +14.6908, +14.5949, +14.5253, +14.7449, +14.6309, +14.9763, +14.8196, +14.5274, +14.7483, +14.7187, +14.9553, +15.1489, +14.9348, +15.1719, +14.7417, +14.5560, +14.9405, +14.6033, +14.6931, +14.6026, +14.6778, +14.8442, +14.6892, +14.8946, +14.8720, +14.5591, +14.9305, +14.7307, +14.9099, +14.8083, +14.9650, +14.9800, +15.0356, +14.8149, +14.7658, +14.7712, +15.0724, +14.7221, +14.8688, +14.8924, +15.0029, +14.8625, +14.7572, +15.3725, +15.0536, +15.2307, +14.8115, +14.8043, +14.9386, +14.8875, +14.5872, +14.7898, +14.5653, +15.0853, +15.1090, +15.0894, +15.0891, +14.6756, +14.7528, +14.6946, +14.9418, +15.0553, +14.7018, +14.9009, +14.9096, +15.0246, +14.8695, +15.0923, +15.0407, +14.9286, +14.7727, +14.7133, +14.9847, +14.7212, +14.8158, +14.8155, +14.9717, +14.9872, +15.2470, +14.6908, +14.7613, +15.0280, +14.8211, +15.1842, +14.8786, +15.1047, +14.8709, +15.0385, +14.8706, +15.1286, +15.2237, +14.9404, +14.7924, +14.6036, +14.8265, +15.0576, +14.7990, +15.2014, +15.2311, +14.6276, +14.5173, +14.6607, +14.5514, +14.9597, +15.1356, +14.9318, +14.8533, +14.7738, +14.5700, +14.8844, +15.0786, +14.7018, +14.9438, +15.0252, +14.8841, +14.7908, +14.7902, +15.0552, +14.7147, +14.9184, +15.0440, +14.9477, +14.7498, +14.8915, +14.9357, +14.8265, +14.9691, +14.7976, +15.0749, +15.0126, +15.1456, +14.9766, +14.9919, +14.9574, +15.0152, +15.1146, +15.0959, +15.3585, +15.0880, +15.0164, +14.9937, +15.0726, +15.1149, +14.6403, +14.7220, +15.0721, +15.0256, +14.9838, +15.1403, +14.9838, +15.1218, +14.8437, +14.9003, +14.7222, +14.9630, +15.1686, +14.7145, +14.8743, +14.8217, +15.0527, +15.1816, +14.9033, +15.1376, +14.9936, +14.9591, +15.2024, +15.0044, +14.8180, +14.8727]
            ep_length_mean: [+0.0000, +0.0000, +0.0000, +0.0000, +0.0000, +1469.8788, +1669.9415, +1837.7308, +0.0000, +0.0000, +1332.5000, +1432.9048, +1595.2982, +1691.3558, +1831.3334, +0.0000, +1499.3334, +1559.2308, +1558.8873, +1652.5725, +1711.5476, +1775.3334, +1545.2500, +1372.5834, +1476.9177, +1556.3163, +1590.9786, +1634.5455, +1108.7142, +1220.1282, +1256.8193, +1383.6346, +1042.2162, +960.8923, +1091.6024, +1113.3334, +967.5605, +909.9688, +981.9583, +968.0972, +883.1160, +951.0422, +949.9545, +980.9859, +931.0822, +949.9138, +970.3287, +1016.0281, +988.3542, +912.0225, +978.8947, +888.1667, +833.9000, +870.0678, +878.9783, +838.9390, +947.7143, +852.5119, +828.6970, +883.1194, +938.4583, +915.7778, +889.0428, +928.2576, +871.2941, +885.9294, +848.8307, +821.6076, +883.4744, +855.1364, +782.2258, +787.7105, +787.3044, +849.1316, +816.5402, +828.0294, +768.3404, +775.4849, +836.9240, +766.0633, +788.3334, +778.0784, +801.2877, +856.7922, +762.8298, +767.9694, +758.1500, +758.6786, +765.9028, +793.2106, +775.2410, +839.8834, +801.9423, +767.0111, +758.8816, +751.4271, +740.6522, +744.8428, +744.2784, +732.5137, +698.5506, +721.6479, +768.9588, +740.7312, +704.0741, +675.3922, +759.5825, +675.8195, +719.7500, +743.7738, +705.6445, +744.2784, +739.3457, +752.8427, +741.6512, +738.3093, +718.9667, +718.0864, +740.9694, +755.5544, +694.0488, +695.5959, +789.3867, +710.7524, +732.5914, +724.8608, +717.1478, +784.8617, +715.0562, +693.7374, +707.9073, +711.3553, +721.6061, +766.7209, +706.5106, +705.3929, +726.7500, +724.5944, +680.7200, +697.9579, +713.4948, +748.6125, +720.7273, +715.2200, +698.3913, +707.9048, +681.3371, +717.0085, +703.5128, +692.0413, +707.4369, +657.9022, +659.9608, +670.0978, +675.9149, +703.6854, +727.4747, +688.8271, +713.4757, +690.0612, +689.9623, +652.5139, +708.1111, +709.3673, +648.1124, +667.1415, +675.9158, +674.2500, +685.5057, +673.7889, +695.5687, +690.7727, +668.2000, +630.0632, +688.8397, +691.1064, +666.6631, +680.4766, +667.0975, +690.2400, +708.8454, +657.8304, +654.6000, +630.9881, +699.6250, +702.9394, +658.6972, +630.0962, +624.8495, +659.9367, +661.1019, +674.9205, +686.4783, +681.9808, +700.4647, +654.1910, +675.9396, +666.3087, +671.0278, +649.5770, +621.2037, +633.2752, +647.5897, +685.8723, +682.6780, +665.0000, +681.5714, +713.4000, +658.6562, +663.8100, +639.4846, +640.8125, +639.6396, +622.6344, +615.6200, +668.8715, +646.0330, +650.5504, +646.8182, +621.7222, +640.5536, +672.8372, +638.6562, +672.3243, +641.0000, +584.6075, +603.9574, +631.2951, +642.4000, +611.2625, +667.6086, +660.5243, +625.1072, +686.9643, +675.6989, +647.2567, +633.1957, +640.6827, +629.6036, +641.9891, +629.3243, +634.3448, +592.1021, +621.1892, +617.8416, +641.7234, +647.6098, +624.3259, +629.3519, +638.8334, +630.3438, +635.8702, +614.0104, +591.5778, +668.5000, +591.1977, +649.1959, +643.7358, +651.8953, +639.2170, +596.9725, +600.8673, +612.5948, +631.2023, +607.5715, +610.5345, +620.3832, +610.5377, +601.4500, +619.5327, +616.4569, +585.9815, +621.9773, +626.6465, +653.0374, +585.7658, +615.7228, +601.7402, +624.3483, +596.4717, +618.6505, +618.6932, +599.5847, +630.5049, +584.1896, +611.6981, +610.9231, +620.7500, +629.7350, +622.9901, +596.6847, +617.5321, +599.1100, +602.8898, +632.7604, +599.2281, +620.7661, +576.9556, +601.9500, +624.9612, +577.7037, +622.6355, +623.3429, +609.2845, +600.0510, +615.4105, +624.5273, +626.8148, +641.9806, +609.0776, +610.1442, +635.9462, +616.1429, +626.5000, +598.8040, +621.4630, +608.2414, +602.0309, +618.4608, +609.4495, +605.6522, +614.8750, +625.2750, +585.9355, +625.0869, +616.4466, +593.4330, +573.7500, +598.6446, +602.2088, +624.3874, +602.8407, +630.4579, +602.8691, +645.3565, +645.4869, +580.9706, +629.0275, +606.2400, +600.5859, +576.5398, +585.8959, +588.7565, +662.6300, +625.4944, +645.3365, +666.9907, +617.1837, +619.5812, +607.3207, +575.5439, +607.2105, +574.4000, +579.5825, +622.3400, +635.2953, +640.0278, +621.1682, +606.9893, +623.6852, +641.3871, +618.4017, +645.8812, +602.1442, +620.5536, +578.9439, +601.8917, +608.0421, +596.6965, +610.1793, +587.3009, +635.7822, +605.9231, +637.0763, +575.5544, +596.2000, +601.8189, +567.3514, +574.7076, +609.1739, +585.5963, +600.8857, +594.1495, +623.0891, +617.7458, +595.4375, +577.7712, +564.9590, +552.3571, +600.2667, +596.3840, +569.7524, +596.3492, +587.9778, +598.1531, +613.5478, +608.1938, +578.5366, +597.8597, +555.3362, +556.2252, +593.6777, +558.5593, +570.3458, +578.2020, +589.3008, +597.8276, +579.3679, +589.0680, +619.7477, +607.1727, +595.8559, +581.3445, +583.2936, +557.8130, +584.4854, +578.3158, +584.0315, +582.6021, +578.9580, +614.8558, +574.0334, +584.2400, +564.4160, +587.6539, +590.1334, +602.6837, +602.2390, +607.8547, +562.0431, +559.9465, +563.3981, +606.2033, +566.0974, +560.2411, +588.6983, +580.2000, +576.0403, +581.8842, +598.1509, +595.7214, +588.9167, +534.2816, +580.4634, +584.0917, +573.0200, +617.4261, +600.8109, +571.2936, +596.1920, +558.8584, +579.8983, +551.0727, +569.6124, +552.1058, +561.2269, +581.0550, +556.3386, +592.0741, +563.6509, +596.4174, +587.0100, +595.0400, +581.6638, +566.3400, +576.2983, +585.8522, +533.3280, +558.6505, +567.5096, +572.0797, +590.5702, +563.9725, +597.3445, +584.9084, +560.2200, +570.5116, +559.0000, +583.7167, +556.6786, +596.0953, +588.6667, +582.2547, +556.8091, +568.3500, +555.4113, +592.5000, +576.5135, +562.3388, +561.5544, +557.1439, +572.9000, +551.1896, +572.5883, +557.9029, +594.6148, +557.3917, +561.5867, +556.4679, +578.8644, +564.4462, +557.2883, +549.9603, +547.9000, +556.2692, +593.5515, +548.1685, +564.3158, +585.0266, +554.5932, +561.5727, +553.6083, +559.1875, +578.2667, +549.9907, +561.1418, +526.0654, +553.8990, +565.5043, +585.0513, +561.3483, +578.8197, +558.8618, +552.8276, +555.7222, +581.1505, +562.1769, +531.4113, +525.2261, +565.9355, +562.9905, +577.4825, +583.1518, +575.1465, +553.0565, +558.0082, +536.8597, +545.4661, +565.4363, +567.0081, +572.4818, +562.6077, +551.3135, +541.2212, +550.9193, +587.7636, +556.3223, +566.3636, +545.5172, +565.1636, +562.0328, +553.7458, +546.4793, +563.6271, +550.9512, +539.3543, +544.8141, +522.3459, +548.2105, +552.0463, +557.5349, +552.9043, +528.2756, +540.8560, +553.8091, +556.1783, +553.5447, +546.4286, +549.2222, +575.4490, +568.0215, +554.9434, +526.5167, +562.0991, +546.9921, +534.3452, +539.0720, +527.6512, +526.1009, +532.3077, +549.8264, +523.5496, +548.6142, +524.2540, +552.6140, +545.8413, +531.5981, +546.2773, +557.2090, +535.7864, +558.4094, +553.9279, +560.6616, +526.5524, +545.2314, +532.5726, +530.3471, +540.7350, +562.7034, +547.6491, +546.1349, +548.8421, +551.2137, +532.0000, +544.1690, +513.7706, +550.7402, +535.2390, +540.7661, +548.0001, +537.1395, +519.3553, +551.3070, +530.4628, +550.4351, +518.6548, +547.7933, +548.0424, +567.7590, +546.9683, +559.7244, +527.2368, +534.6458, +534.4752, +519.4468, +533.7208, +519.5073, +535.6238, +533.4087, +547.4014, +536.0001, +522.3962, +561.9688, +556.5741, +561.7680, +534.0233, +534.3467, +517.5798, +537.6342, +526.7109, +539.7402, +517.0917, +550.9440, +534.0084, +538.3254, +527.7059, +533.9609, +532.3614, +534.8939, +533.4755, +537.0165, +529.2231, +531.4702, +501.2807, +521.9185, +518.4066, +527.9302, +519.2878, +521.3572, +520.9924, +526.6532, +537.6838, +558.9352, +557.7099, +534.6053, +530.1429, +540.1653, +528.6111, +544.9658, +545.2858, +532.6536, +522.1875, +515.4173, +510.0960, +537.2333, +542.7578, +511.0089, +529.1971, +514.3452, +527.0497, +515.3874, +549.4641, +536.7830, +520.5690, +518.8047, +521.4117, +515.1613, +508.7074, +522.9153, +546.6818, +514.8730, +519.9213, +521.5000, +516.1579, +520.3334, +510.2812, +533.2462, +506.3760, +511.3588, +503.4167, +519.3965, +503.6357, +501.5250, +528.8143, +519.2909, +526.0080, +546.7365, +513.0787, +493.4264, +516.6364, +515.7143, +535.9076, +499.4044, +527.0078, +495.2241, +546.9270, +510.8115, +512.6906, +505.0654, +507.7762, +517.1440, +513.5834, +530.3445, +534.3881, +500.0497, +495.7586, +500.6267, +525.2632, +525.2319, +504.4167, +496.4710, +501.8618, +495.1338, +512.2941, +500.7926, +510.3279, +527.8813, +530.9333, +508.0960, +528.3876, +500.4836, +529.2388, +498.1538, +507.7917, +495.2672, +515.8220, +514.7167, +521.6539, +525.7778, +506.2662, +514.4207, +496.1527, +506.2661, +523.0146, +512.0588, +505.0515, +501.6058, +486.9531, +507.8865, +478.4224, +510.6884, +525.2984, +494.9919, +520.4702, +510.4492, +513.1154, +512.2612, +502.7236, +516.1691, +502.0242, +501.7795, +514.6862, +498.1923, +512.3932, +499.9452, +518.1167, +492.8222, +502.1102, +492.8872, +512.0846, +502.8560, +513.0303, +487.9048, +517.5547, +501.7059, +501.5916, +490.1382, +502.6090, +515.5256, +470.1176, +498.4427, +473.7259, +510.8769, +496.2782, +503.4084, +493.1692, +520.7226, +502.2322, +531.9028, +489.7077, +492.1298, +492.2928, +484.9917, +518.2462, +510.4876, +515.3333, +503.0563, +483.6259, +508.3582, +492.4355, +499.5475, +485.3939, +506.5036, +482.7563, +491.1837, +503.9508, +501.2248, +509.7629, +500.8832, +510.0000, +496.6466, +503.2424, +484.2748, +500.5036, +480.3259, +508.4790, +506.7279, +489.0078, +507.6614, +491.4692, +505.0507, +486.2154, +504.9716, +486.4842, +499.0219, +483.7101, +473.4437, +504.5593, +508.8120, +517.6132, +508.5912, +484.8032, +502.1277, +482.2899, +467.0820, +516.9922, +527.5403, +510.2015, +522.0076, +490.6154, +488.7372, +491.2131, +499.0147, +506.0431, +522.8897, +498.8750, +487.0909, +514.2465, +498.7891, +493.5725, +498.9764, +501.8939, +512.0147, +485.4015, +520.3411, +492.9926, +485.2923, +494.9231, +506.9462, +506.3309, +494.4417, +500.4818, +494.3415, +502.8042, +483.4242, +492.7353, +485.6842, +500.7941, +493.1259, +497.1545, +492.8551, +488.6439, +487.2027, +464.5968, +494.9781, +493.3023, +493.8897, +484.3037, +486.9754, +512.7826, +515.6591, +488.4812, +486.6641, +492.8613, +481.5000, +494.3901, +482.0146, +502.5210, +508.2222, +509.0583, +496.6690, +483.4492, +508.4255, +509.6797, +499.9485, +490.6746, +481.3406, +498.8244, +477.8921, +492.3257, +496.8102, +476.5080, +492.6690, +506.1708, +504.4091]
               reward_mean: [-0.0064, -0.0056, -0.0053, -0.0055, -0.0057, -0.0061, -0.0059, -0.0049, -0.0053, -0.0047, -0.0050, -0.0054, -0.0055, -0.0058, -0.0051, -0.0044, -0.0053, -0.0054, -0.0049, -0.0043, -0.0044, -0.0036, -0.0033, -0.0032, -0.0020, -0.0020, -0.0010, +0.0004, +0.0041, +0.0043, +0.0048, +0.0043, +0.0068, +0.0064, +0.0083, +0.0063, +0.0097, +0.0082, +0.0081, +0.0099, +0.0082, +0.0067, +0.0080, +0.0105, +0.0098, +0.0076, +0.0080, +0.0062, +0.0081, +0.0086, +0.0098, +0.0110, +0.0098, +0.0101, +0.0133, +0.0125, +0.0106, +0.0101, +0.0101, +0.0093, +0.0093, +0.0086, +0.0100, +0.0117, +0.0129, +0.0117, +0.0115, +0.0108, +0.0124, +0.0126, +0.0121, +0.0110, +0.0130, +0.0138, +0.0119, +0.0129, +0.0126, +0.0133, +0.0137, +0.0130, +0.0127, +0.0119, +0.0111, +0.0144, +0.0133, +0.0148, +0.0149, +0.0140, +0.0129, +0.0113, +0.0128, +0.0131, +0.0144, +0.0149, +0.0140, +0.0153, +0.0126, +0.0138, +0.0200, +0.0171, +0.0140, +0.0136, +0.0151, +0.0164, +0.0170, +0.0157, +0.0160, +0.0174, +0.0153, +0.0147, +0.0148, +0.0153, +0.0140, +0.0148, +0.0164, +0.0164, +0.0160, +0.0159, +0.0149, +0.0157, +0.0166, +0.0139, +0.0160, +0.0162, +0.0133, +0.0148, +0.0165, +0.0156, +0.0155, +0.0186, +0.0176, +0.0150, +0.0151, +0.0146, +0.0171, +0.0156, +0.0183, +0.0148, +0.0168, +0.0158, +0.0152, +0.0159, +0.0172, +0.0185, +0.0172, +0.0160, +0.0165, +0.0186, +0.0173, +0.0164, +0.0179, +0.0194, +0.0175, +0.0184, +0.0166, +0.0140, +0.0177, +0.0165, +0.0188, +0.0174, +0.0165, +0.0166, +0.0185, +0.0181, +0.0192, +0.0168, +0.0171, +0.0185, +0.0172, +0.0174, +0.0180, +0.0178, +0.0212, +0.0192, +0.0177, +0.0172, +0.0169, +0.0185, +0.0172, +0.0169, +0.0203, +0.0203, +0.0177, +0.0180, +0.0169, +0.0182, +0.0205, +0.0219, +0.0182, +0.0189, +0.0148, +0.0177, +0.0194, +0.0176, +0.0184, +0.0193, +0.0175, +0.0186, +0.0210, +0.0203, +0.0218, +0.0182, +0.0168, +0.0182, +0.0184, +0.0163, +0.0179, +0.0206, +0.0183, +0.0187, +0.0196, +0.0208, +0.0192, +0.0224, +0.0191, +0.0189, +0.0204, +0.0192, +0.0199, +0.0197, +0.0162, +0.0205, +0.0207, +0.0204, +0.0211, +0.0222, +0.0215, +0.0189, +0.0192, +0.0189, +0.0198, +0.0166, +0.0177, +0.0199, +0.0183, +0.0215, +0.0207, +0.0209, +0.0197, +0.0205, +0.0216, +0.0213, +0.0214, +0.0191, +0.0205, +0.0203, +0.0203, +0.0213, +0.0170, +0.0207, +0.0219, +0.0206, +0.0204, +0.0203, +0.0205, +0.0201, +0.0205, +0.0189, +0.0205, +0.0207, +0.0222, +0.0205, +0.0227, +0.0212, +0.0195, +0.0247, +0.0215, +0.0211, +0.0198, +0.0227, +0.0225, +0.0195, +0.0215, +0.0200, +0.0210, +0.0224, +0.0222, +0.0213, +0.0226, +0.0214, +0.0208, +0.0228, +0.0199, +0.0240, +0.0223, +0.0210, +0.0200, +0.0216, +0.0208, +0.0229, +0.0208, +0.0209, +0.0226, +0.0204, +0.0217, +0.0227, +0.0235, +0.0229, +0.0196, +0.0214, +0.0222, +0.0223, +0.0207, +0.0219, +0.0221, +0.0196, +0.0196, +0.0208, +0.0231, +0.0202, +0.0211, +0.0207, +0.0211, +0.0219, +0.0214, +0.0216, +0.0224, +0.0215, +0.0215, +0.0218, +0.0219, +0.0221, +0.0211, +0.0216, +0.0210, +0.0241, +0.0245, +0.0199, +0.0231, +0.0206, +0.0227, +0.0209, +0.0194, +0.0201, +0.0212, +0.0203, +0.0217, +0.0231, +0.0238, +0.0234, +0.0219, +0.0217, +0.0215, +0.0175, +0.0203, +0.0195, +0.0226, +0.0219, +0.0223, +0.0214, +0.0236, +0.0228, +0.0223, +0.0203, +0.0212, +0.0188, +0.0219, +0.0213, +0.0227, +0.0192, +0.0217, +0.0199, +0.0215, +0.0230, +0.0218, +0.0228, +0.0216, +0.0224, +0.0223, +0.0229, +0.0202, +0.0211, +0.0218, +0.0235, +0.0231, +0.0223, +0.0232, +0.0234, +0.0224, +0.0241, +0.0223, +0.0200, +0.0230, +0.0197, +0.0235, +0.0242, +0.0258, +0.0228, +0.0228, +0.0224, +0.0248, +0.0225, +0.0226, +0.0234, +0.0212, +0.0221, +0.0225, +0.0250, +0.0243, +0.0244, +0.0233, +0.0256, +0.0254, +0.0244, +0.0213, +0.0241, +0.0227, +0.0198, +0.0233, +0.0222, +0.0224, +0.0238, +0.0240, +0.0237, +0.0231, +0.0233, +0.0260, +0.0238, +0.0221, +0.0228, +0.0230, +0.0224, +0.0250, +0.0242, +0.0210, +0.0229, +0.0224, +0.0223, +0.0248, +0.0259, +0.0228, +0.0236, +0.0237, +0.0252, +0.0232, +0.0239, +0.0242, +0.0238, +0.0230, +0.0224, +0.0227, +0.0249, +0.0256, +0.0237, +0.0231, +0.0202, +0.0233, +0.0219, +0.0240, +0.0246, +0.0248, +0.0252, +0.0255, +0.0238, +0.0244, +0.0254, +0.0237, +0.0236, +0.0230, +0.0250, +0.0224, +0.0245, +0.0225, +0.0229, +0.0252, +0.0243, +0.0258, +0.0273, +0.0231, +0.0230, +0.0237, +0.0231, +0.0255, +0.0231, +0.0242, +0.0248, +0.0232, +0.0252, +0.0235, +0.0231, +0.0241, +0.0227, +0.0252, +0.0235, +0.0256, +0.0250, +0.0235, +0.0252, +0.0237, +0.0254, +0.0244, +0.0241, +0.0257, +0.0237, +0.0245, +0.0250, +0.0256, +0.0248, +0.0237, +0.0243, +0.0256, +0.0259, +0.0240, +0.0263, +0.0258, +0.0228, +0.0236, +0.0247, +0.0258, +0.0260, +0.0234, +0.0240, +0.0257, +0.0247, +0.0263, +0.0256, +0.0257, +0.0231, +0.0244, +0.0241, +0.0247, +0.0255, +0.0269, +0.0240, +0.0247, +0.0250, +0.0269, +0.0267, +0.0256, +0.0231, +0.0238, +0.0246, +0.0245, +0.0247, +0.0245, +0.0275, +0.0241, +0.0232, +0.0250, +0.0248, +0.0262, +0.0258, +0.0254, +0.0254, +0.0252, +0.0231, +0.0249, +0.0264, +0.0240, +0.0260, +0.0246, +0.0260, +0.0252, +0.0258, +0.0264, +0.0254, +0.0285, +0.0264, +0.0240, +0.0254, +0.0264, +0.0280, +0.0263, +0.0255, +0.0263, +0.0243, +0.0237, +0.0269, +0.0246, +0.0248, +0.0255, +0.0269, +0.0240, +0.0266, +0.0276, +0.0270, +0.0272, +0.0261, +0.0262, +0.0276, +0.0260, +0.0272, +0.0264, +0.0268, +0.0276, +0.0250, +0.0270, +0.0262, +0.0250, +0.0249, +0.0256, +0.0265, +0.0259, +0.0276, +0.0274, +0.0260, +0.0261, +0.0259, +0.0264, +0.0252, +0.0266, +0.0245, +0.0273, +0.0272, +0.0263, +0.0272, +0.0263, +0.0258, +0.0267, +0.0276, +0.0276, +0.0272, +0.0255, +0.0265, +0.0265, +0.0256, +0.0256, +0.0266, +0.0248, +0.0269, +0.0266, +0.0270, +0.0271, +0.0278, +0.0269, +0.0273, +0.0278, +0.0262, +0.0274, +0.0274, +0.0255, +0.0254, +0.0257, +0.0249, +0.0264, +0.0288, +0.0276, +0.0259, +0.0270, +0.0268, +0.0279, +0.0260, +0.0268, +0.0268, +0.0270, +0.0280, +0.0264, +0.0266, +0.0265, +0.0293, +0.0254, +0.0278, +0.0282, +0.0293, +0.0273, +0.0282, +0.0282, +0.0286, +0.0287, +0.0249, +0.0288, +0.0248, +0.0256, +0.0251, +0.0282, +0.0263, +0.0270, +0.0269, +0.0263, +0.0262, +0.0285, +0.0289, +0.0277, +0.0282, +0.0282, +0.0258, +0.0284, +0.0276, +0.0288, +0.0278, +0.0252, +0.0261, +0.0290, +0.0281, +0.0278, +0.0273, +0.0298, +0.0280, +0.0284, +0.0258, +0.0279, +0.0286, +0.0294, +0.0285, +0.0278, +0.0275, +0.0284, +0.0286, +0.0296, +0.0295, +0.0284, +0.0296, +0.0296, +0.0275, +0.0275, +0.0260, +0.0287, +0.0284, +0.0289, +0.0292, +0.0263, +0.0289, +0.0300, +0.0266, +0.0281, +0.0283, +0.0305, +0.0287, +0.0280, +0.0277, +0.0286, +0.0282, +0.0284, +0.0295, +0.0302, +0.0286, +0.0276, +0.0293, +0.0297, +0.0284, +0.0291, +0.0305, +0.0286, +0.0301, +0.0293, +0.0289, +0.0263, +0.0280, +0.0285, +0.0284, +0.0309, +0.0278, +0.0295, +0.0291, +0.0288, +0.0276, +0.0294, +0.0279, +0.0287, +0.0289, +0.0301, +0.0288, +0.0289, +0.0272, +0.0282, +0.0307, +0.0302, +0.0311, +0.0306, +0.0291, +0.0284, +0.0299, +0.0287, +0.0274, +0.0275, +0.0305, +0.0293, +0.0290, +0.0297, +0.0294, +0.0287, +0.0289, +0.0301, +0.0294, +0.0281, +0.0297, +0.0314, +0.0284, +0.0296, +0.0295, +0.0293, +0.0291, +0.0309, +0.0276, +0.0308, +0.0300, +0.0279, +0.0304, +0.0307, +0.0326, +0.0299, +0.0309, +0.0294, +0.0295, +0.0291, +0.0288, +0.0283, +0.0301, +0.0282, +0.0321, +0.0300, +0.0301, +0.0286, +0.0282, +0.0285, +0.0313, +0.0308, +0.0299, +0.0287, +0.0310, +0.0305, +0.0312, +0.0289, +0.0304, +0.0300, +0.0288, +0.0288, +0.0300, +0.0292, +0.0295, +0.0298, +0.0298, +0.0310, +0.0332, +0.0278, +0.0303, +0.0301, +0.0292, +0.0289, +0.0299, +0.0311, +0.0308, +0.0291, +0.0313, +0.0309, +0.0316, +0.0297, +0.0285, +0.0276, +0.0306, +0.0301, +0.0304, +0.0323, +0.0300, +0.0277, +0.0290, +0.0288, +0.0284, +0.0306, +0.0305, +0.0307, +0.0282, +0.0300, +0.0278, +0.0307, +0.0304, +0.0291, +0.0296, +0.0309, +0.0299, +0.0270, +0.0299, +0.0302, +0.0295, +0.0302, +0.0305, +0.0292, +0.0301, +0.0305, +0.0299, +0.0285, +0.0302, +0.0311, +0.0310, +0.0297, +0.0309, +0.0299, +0.0317, +0.0305, +0.0297, +0.0307, +0.0318, +0.0305, +0.0312, +0.0316, +0.0298, +0.0318, +0.0290, +0.0295, +0.0295, +0.0298, +0.0302, +0.0318, +0.0314, +0.0307, +0.0306, +0.0279, +0.0307, +0.0296, +0.0307, +0.0294, +0.0289, +0.0299, +0.0300, +0.0301, +0.0299, +0.0324, +0.0308, +0.0298, +0.0295, +0.0322, +0.0317, +0.0275, +0.0306, +0.0299]
                actor_loss: [-0.0001, -0.0004, -0.0002, -0.0008, -0.0014, -0.0005, -0.0007, -0.0012, -0.0008, -0.0023, -0.0019, -0.0016, -0.0015, -0.0026, -0.0029, -0.0027, -0.0037, -0.0037, -0.0041, -0.0044, -0.0045, -0.0058, -0.0044, -0.0053, -0.0066, -0.0064, -0.0075, -0.0087, -0.0116, -0.0109, -0.0109, -0.0096, -0.0124, -0.0102, -0.0082, -0.0090, -0.0100, -0.0082, -0.0083, -0.0069, -0.0081, -0.0064, -0.0089, -0.0085, -0.0081, -0.0094, -0.0098, -0.0074, -0.0084, -0.0097, -0.0087, -0.0107, -0.0107, -0.0112, -0.0105, -0.0117, -0.0111, -0.0103, -0.0115, -0.0132, -0.0112, -0.0139, -0.0131, -0.0136, -0.0156, -0.0137, -0.0137, -0.0152, -0.0137, -0.0138, -0.0132, -0.0126, -0.0143, -0.0124, -0.0145, -0.0144, -0.0154, -0.0150, -0.0145, -0.0149, -0.0146, -0.0130, -0.0144, -0.0168, -0.0168, -0.0182, -0.0158, -0.0160, -0.0175, -0.0150, -0.0155, -0.0169, -0.0149, -0.0162, -0.0169, -0.0133, -0.0133, -0.0160, -0.0195, -0.0176, -0.0184, -0.0162, -0.0174, -0.0174, -0.0171, -0.0170, -0.0178, -0.0173, -0.0179, -0.0175, -0.0175, -0.0171, -0.0172, -0.0170, -0.0191, -0.0201, -0.0184, -0.0185, -0.0192, -0.0186, -0.0192, -0.0192, -0.0181, -0.0191, -0.0192, -0.0191, -0.0170, -0.0181, -0.0202, -0.0199, -0.0208, -0.0191, -0.0202, -0.0196, -0.0190, -0.0199, -0.0189, -0.0198, -0.0183, -0.0204, -0.0208, -0.0190, -0.0191, -0.0213, -0.0217, -0.0187, -0.0202, -0.0208, -0.0204, -0.0188, -0.0181, -0.0189, -0.0194, -0.0205, -0.0206, -0.0179, -0.0186, -0.0192, -0.0185, -0.0191, -0.0196, -0.0175, -0.0193, -0.0204, -0.0203, -0.0201, -0.0211, -0.0204, -0.0203, -0.0191, -0.0227, -0.0222, -0.0223, -0.0207, -0.0204, -0.0208, -0.0203, -0.0192, -0.0185, -0.0197, -0.0194, -0.0217, -0.0220, -0.0207, -0.0192, -0.0200, -0.0200, -0.0206, -0.0196, -0.0200, -0.0200, -0.0222, -0.0206, -0.0202, -0.0196, -0.0200, -0.0211, -0.0212, -0.0213, -0.0211, -0.0226, -0.0201, -0.0202, -0.0189, -0.0200, -0.0207, -0.0218, -0.0216, -0.0184, -0.0204, -0.0202, -0.0209, -0.0196, -0.0184, -0.0206, -0.0201, -0.0182, -0.0213, -0.0194, -0.0188, -0.0188, -0.0171, -0.0210, -0.0216, -0.0193, -0.0202, -0.0207, -0.0188, -0.0171, -0.0200, -0.0205, -0.0193, -0.0191, -0.0186, -0.0203, -0.0192, -0.0182, -0.0208, -0.0202, -0.0188, -0.0206, -0.0214, -0.0202, -0.0205, -0.0214, -0.0217, -0.0210, -0.0201, -0.0186, -0.0202, -0.0215, -0.0216, -0.0184, -0.0212, -0.0203, -0.0213, -0.0227, -0.0181, -0.0205, -0.0227, -0.0213, -0.0183, -0.0223, -0.0207, -0.0195, -0.0197, -0.0208, -0.0199, -0.0201, -0.0214, -0.0221, -0.0211, -0.0210, -0.0192, -0.0207, -0.0200, -0.0224, -0.0219, -0.0209, -0.0198, -0.0198, -0.0216, -0.0200, -0.0208, -0.0221, -0.0203, -0.0213, -0.0214, -0.0218, -0.0207, -0.0229, -0.0212, -0.0206, -0.0190, -0.0207, -0.0212, -0.0199, -0.0201, -0.0208, -0.0209, -0.0209, -0.0234, -0.0205, -0.0210, -0.0153, -0.0230, -0.0220, -0.0204, -0.0205, -0.0191, -0.0194, -0.0213, -0.0203, -0.0223, -0.0210, -0.0228, -0.0206, -0.0221, -0.0236, -0.0209, -0.0226, -0.0203, -0.0205, -0.0201, -0.0204, -0.0221, -0.0221, -0.0214, -0.0218, -0.0231, -0.0242, -0.0221, -0.0209, -0.0209, -0.0231, -0.0236, -0.0253, -0.0251, -0.0245, -0.0248, -0.0235, -0.0227, -0.0231, -0.0220, -0.0235, -0.0214, -0.0217, -0.0205, -0.0230, -0.0213, -0.0236, -0.0220, -0.0215, -0.0223, -0.0223, -0.0191, -0.0223, -0.0223, -0.0219, -0.0222, -0.0215, -0.0230, -0.0226, -0.0208, -0.0211, -0.0227, -0.0226, -0.0236, -0.0235, -0.0222, -0.0242, -0.0229, -0.0218, -0.0224, -0.0227, -0.0220, -0.0233, -0.0220, -0.0234, -0.0232, -0.0227, -0.0207, -0.0221, -0.0217, -0.0208, -0.0224, -0.0227, -0.0242, -0.0226, -0.0207, -0.0221, -0.0220, -0.0196, -0.0219, -0.0239, -0.0230, -0.0226, -0.0222, -0.0227, -0.0206, -0.0236, -0.0221, -0.0219, -0.0218, -0.0227, -0.0220, -0.0230, -0.0228, -0.0225, -0.0236, -0.0233, -0.0232, -0.0237, -0.0235, -0.0224, -0.0199, -0.0236, -0.0224, -0.0219, -0.0230, -0.0231, -0.0226, -0.0233, -0.0238, -0.0234, -0.0225, -0.0246, -0.0231, -0.0233, -0.0232, -0.0221, -0.0231, -0.0225, -0.0251, -0.0228, -0.0220, -0.0238, -0.0239, -0.0239, -0.0204, -0.0229, -0.0236, -0.0242, -0.0251, -0.0236, -0.0243, -0.0218, -0.0235, -0.0232, -0.0225, -0.0234, -0.0235, -0.0228, -0.0220, -0.0229, -0.0244, -0.0239, -0.0239, -0.0226, -0.0235, -0.0220, -0.0239, -0.0224, -0.0254, -0.0224, -0.0214, -0.0231, -0.0228, -0.0221, -0.0221, -0.0221, -0.0226, -0.0236, -0.0229, -0.0242, -0.0237, -0.0226, -0.0223, -0.0236, -0.0235, -0.0230, -0.0235, -0.0212, -0.0240, -0.0227, -0.0235, -0.0225, -0.0227, -0.0228, -0.0221, -0.0234, -0.0236, -0.0217, -0.0225, -0.0240, -0.0213, -0.0246, -0.0228, -0.0228, -0.0221, -0.0229, -0.0241, -0.0228, -0.0218, -0.0234, -0.0232, -0.0242, -0.0227, -0.0221, -0.0243, -0.0230, -0.0235, -0.0234, -0.0229, -0.0231, -0.0233, -0.0234, -0.0233, -0.0226, -0.0230, -0.0233, -0.0233, -0.0233, -0.0221, -0.0231, -0.0223, -0.0233, -0.0235, -0.0229, -0.0238, -0.0217, -0.0231, -0.0240, -0.0225, -0.0231, -0.0226, -0.0232, -0.0243, -0.0240, -0.0236, -0.0219, -0.0241, -0.0231, -0.0233, -0.0241, -0.0225, -0.0231, -0.0237, -0.0221, -0.0239, -0.0244, -0.0237, -0.0238, -0.0231, -0.0217, -0.0242, -0.0220, -0.0236, -0.0225, -0.0217, -0.0226, -0.0234, -0.0226, -0.0224, -0.0232, -0.0216, -0.0225, -0.0225, -0.0229, -0.0223, -0.0229, -0.0219, -0.0232, -0.0228, -0.0219, -0.0217, -0.0207, -0.0210, -0.0217, -0.0230, -0.0227, -0.0226, -0.0227, -0.0215, -0.0218, -0.0218, -0.0225, -0.0215, -0.0218, -0.0228, -0.0233, -0.0225, -0.0222, -0.0219, -0.0227, -0.0221, -0.0222, -0.0229, -0.0228, -0.0218, -0.0227, -0.0217, -0.0215, -0.0216, -0.0219, -0.0225, -0.0214, -0.0222, -0.0215, -0.0220, -0.0219, -0.0229, -0.0222, -0.0211, -0.0218, -0.0218, -0.0232, -0.0222, -0.0218, -0.0229, -0.0200, -0.0218, -0.0204, -0.0223, -0.0227, -0.0226, -0.0218, -0.0218, -0.0211, -0.0215, -0.0215, -0.0216, -0.0206, -0.0212, -0.0218, -0.0207, -0.0206, -0.0215, -0.0211, -0.0213, -0.0216, -0.0215, -0.0215, -0.0208, -0.0209, -0.0220, -0.0211, -0.0195, -0.0203, -0.0213, -0.0203, -0.0205, -0.0221, -0.0213, -0.0199, -0.0210, -0.0213, -0.0213, -0.0205, -0.0209, +0.0019, -0.0210, -0.0213, -0.0189, -0.0197, -0.0218, -0.0198, -0.0224, -0.0203, -0.0182, -0.0205, -0.0205, -0.0201, -0.0191, -0.0201, -0.0192, -0.0198, -0.0202, -0.0198, -0.0207, -0.0197, -0.0190, -0.0201, -0.0193, -0.0196, -0.0175, -0.0197, -0.0193, -0.0192, -0.0176, -0.0199, -0.0169, -0.0188, -0.0189, -0.0193, -0.0190, -0.0189, -0.0189, -0.0187, -0.0177, -0.0180, -0.0190, -0.0182, -0.0181, -0.0188, -0.0176, -0.0183, -0.0182, -0.0169, -0.0184, -0.0178, -0.0186, -0.0179, -0.0173, -0.0162, -0.0148, -0.0189, -0.0173, -0.0186, -0.0176, -0.0177, -0.0174, -0.0159, -0.0173, -0.0178, -0.0166, -0.0164, -0.0173, -0.0170, -0.0171, -0.0165, -0.0156, -0.0163, -0.0178, -0.0162, -0.0173, -0.0160, -0.0162, -0.0175, -0.0159, -0.0166, -0.0159, -0.0143, -0.0141, -0.0159, -0.0152, -0.0158, -0.0149, -0.0158, -0.0154, -0.0152, -0.0151, -0.0156, -0.0159, -0.0154, -0.0134, -0.0150, -0.0148, -0.0145, -0.0158, -0.0143, -0.0147, -0.0147, -0.0140, -0.0140, -0.0143, -0.0150, -0.0140, -0.0146, -0.0145, -0.0136, -0.0129, -0.0135, -0.0136, -0.0133, -0.0138, -0.0118, -0.0136, -0.0133, -0.0127, -0.0135, -0.0118, -0.0133, -0.0124, -0.0128, -0.0126, -0.0126, -0.0123, -0.0125, -0.0121, -0.0119, -0.0116, -0.0117, -0.0114, -0.0112, -0.0117, -0.0109, -0.0112, -0.0085, -0.0117, -0.0110, -0.0111, -0.0103, -0.0105, -0.0106, -0.0095, -0.0093, -0.0103, -0.0102, -0.0099, -0.0098, -0.0093, -0.0088, -0.0096, -0.0093, -0.0078, -0.0094, -0.0093, -0.0091, -0.0090, -0.0088, -0.0084, -0.0081, -0.0079, -0.0077, -0.0070, -0.0079, -0.0077, -0.0080, -0.0079, -0.0079, -0.0073, -0.0071, -0.0063, -0.0041, -0.0066, -0.0068, -0.0062, -0.0067, -0.0066, -0.0057, -0.0068, -0.0060, -0.0048, -0.0061, -0.0059, -0.0056, -0.0044, -0.0062, -0.0052, -0.0052, -0.0044, -0.0059, -0.0053, -0.0049, -0.0018, -0.0051, -0.0040, -0.0039, -0.0047, -0.0033, -0.0044, -0.0036, -0.0039, -0.0044, -0.0036, +0.0015, -0.0035, -0.0013, -0.0036, -0.0032, -0.0033, -0.0027, -0.0032, -0.0033, -0.0028, -0.0028, -0.0030, -0.0023, -0.0025, -0.0031, -0.0013, -0.0025, -0.0020, -0.0020, -0.0018, +0.0001, -0.0021, -0.0020, -0.0017, +0.0055, -0.0014, -0.0020, -0.0020, -0.0010, -0.0016, -0.0014, -0.0008, -0.0016, -0.0008, -0.0014, -0.0015, -0.0009, -0.0013, -0.0012, -0.0013, -0.0008, -0.0008, -0.0007, -0.0015, -0.0012, -0.0013, -0.0009, -0.0012, +0.0000]
                value_loss: [+0.0317, +0.0267, +0.0224, +0.0194, +0.0172, +0.0181, +0.0253, +0.0220, +0.0189, +0.0214, +0.0194, +0.0199, +0.0238, +0.0201, +0.0191, +0.0213, +0.0174, +0.0167, +0.0205, +0.0240, +0.0225, +0.0224, +0.0232, +0.0247, +0.0306, +0.0281, +0.0289, +0.0300, +0.0364, +0.0327, +0.0300, +0.0318, +0.0349, +0.0309, +0.0332, +0.0335, +0.0330, +0.0290, +0.0301, +0.0345, +0.0297, +0.0296, +0.0330, +0.0330, +0.0316, +0.0279, +0.0289, +0.0275, +0.0311, +0.0320, +0.0334, +0.0315, +0.0318, +0.0328, +0.0361, +0.0336, +0.0309, +0.0312, +0.0312, +0.0310, +0.0350, +0.0328, +0.0348, +0.0336, +0.0339, +0.0395, +0.0373, +0.0363, +0.0382, +0.0376, +0.0401, +0.0352, +0.0393, +0.0425, +0.0432, +0.0467, +0.0436, +0.0420, +0.0444, +0.0433, +0.0412, +0.0396, +0.0424, +0.0408, +0.0481, +0.0472, +0.0450, +0.0429, +0.0422, +0.0386, +0.0411, +0.0439, +0.0452, +0.0456, +0.0436, +0.0487, +0.0506, +0.0475, +0.0488, +0.0498, +0.0502, +0.0494, +0.0492, +0.0488, +0.0480, +0.0439, +0.0435, +0.0456, +0.0428, +0.0463, +0.0446, +0.0432, +0.0421, +0.0467, +0.0496, +0.0473, +0.0464, +0.0457, +0.0467, +0.0479, +0.0508, +0.0494, +0.0476, +0.0491, +0.0413, +0.0484, +0.0487, +0.0501, +0.0488, +0.0504, +0.0484, +0.0489, +0.0471, +0.0481, +0.0513, +0.0502, +0.0470, +0.0460, +0.0467, +0.0460, +0.0430, +0.0481, +0.0512, +0.0505, +0.0470, +0.0463, +0.0493, +0.0510, +0.0451, +0.0480, +0.0541, +0.0535, +0.0500, +0.0501, +0.0493, +0.0517, +0.0490, +0.0520, +0.0549, +0.0535, +0.0558, +0.0524, +0.0473, +0.0494, +0.0451, +0.0471, +0.0475, +0.0472, +0.0490, +0.0504, +0.0475, +0.0464, +0.0471, +0.0484, +0.0442, +0.0459, +0.0503, +0.0470, +0.0464, +0.0481, +0.0482, +0.0453, +0.0445, +0.0459, +0.0429, +0.0494, +0.0497, +0.0453, +0.0522, +0.0463, +0.0471, +0.0475, +0.0497, +0.0498, +0.0508, +0.0470, +0.0448, +0.0418, +0.0446, +0.0448, +0.0463, +0.0454, +0.0433, +0.0451, +0.0427, +0.0416, +0.0417, +0.0461, +0.0462, +0.0458, +0.0455, +0.0480, +0.0449, +0.0483, +0.0490, +0.0482, +0.0480, +0.0448, +0.0466, +0.0429, +0.0461, +0.0429, +0.0422, +0.0400, +0.0472, +0.0440, +0.0441, +0.0468, +0.0434, +0.0464, +0.0468, +0.0479, +0.0483, +0.0450, +0.0403, +0.0453, +0.0476, +0.0480, +0.0437, +0.0428, +0.0451, +0.0440, +0.0455, +0.0445, +0.0487, +0.0452, +0.0483, +0.0480, +0.0484, +0.0467, +0.0422, +0.0452, +0.0431, +0.0447, +0.0436, +0.0438, +0.0417, +0.0436, +0.0470, +0.0445, +0.0441, +0.0510, +0.0431, +0.0464, +0.0461, +0.0503, +0.0448, +0.0451, +0.0457, +0.0432, +0.0444, +0.0502, +0.0457, +0.0507, +0.0506, +0.0501, +0.0448, +0.0479, +0.0504, +0.0495, +0.0513, +0.0451, +0.0455, +0.0448, +0.0467, +0.0438, +0.0422, +0.0443, +0.0414, +0.0431, +0.0444, +0.0452, +0.0448, +0.0459, +0.0452, +0.0497, +0.0492, +0.0429, +0.0445, +0.0449, +0.0487, +0.0424, +0.0477, +0.0421, +0.0475, +0.0456, +0.0489, +0.0508, +0.0490, +0.0499, +0.0476, +0.0412, +0.0422, +0.0431, +0.0456, +0.0432, +0.0470, +0.0481, +0.0447, +0.0494, +0.0463, +0.0523, +0.0489, +0.0466, +0.0463, +0.0465, +0.0468, +0.0499, +0.0487, +0.0448, +0.0456, +0.0483, +0.0464, +0.0444, +0.0441, +0.0445, +0.0441, +0.0444, +0.0407, +0.0423, +0.0408, +0.0437, +0.0431, +0.0452, +0.0423, +0.0471, +0.0435, +0.0491, +0.0449, +0.0430, +0.0402, +0.0492, +0.0510, +0.0443, +0.0457, +0.0492, +0.0476, +0.0462, +0.0448, +0.0483, +0.0473, +0.0468, +0.0439, +0.0437, +0.0479, +0.0438, +0.0448, +0.0380, +0.0407, +0.0421, +0.0441, +0.0402, +0.0443, +0.0439, +0.0463, +0.0435, +0.0416, +0.0436, +0.0456, +0.0420, +0.0464, +0.0440, +0.0495, +0.0478, +0.0500, +0.0450, +0.0446, +0.0464, +0.0435, +0.0459, +0.0460, +0.0494, +0.0458, +0.0494, +0.0465, +0.0483, +0.0459, +0.0513, +0.0428, +0.0472, +0.0479, +0.0399, +0.0448, +0.0412, +0.0443, +0.0422, +0.0471, +0.0448, +0.0463, +0.0409, +0.0451, +0.0462, +0.0449, +0.0420, +0.0463, +0.0483, +0.0454, +0.0472, +0.0474, +0.0506, +0.0514, +0.0453, +0.0437, +0.0485, +0.0479, +0.0458, +0.0490, +0.0423, +0.0445, +0.0476, +0.0465, +0.0471, +0.0476, +0.0402, +0.0427, +0.0439, +0.0439, +0.0455, +0.0407, +0.0486, +0.0483, +0.0459, +0.0461, +0.0457, +0.0403, +0.0419, +0.0405, +0.0463, +0.0426, +0.0492, +0.0488, +0.0419, +0.0476, +0.0503, +0.0426, +0.0473, +0.0455, +0.0451, +0.0466, +0.0480, +0.0465, +0.0451, +0.0504, +0.0430, +0.0429, +0.0460, +0.0415, +0.0450, +0.0481, +0.0426, +0.0441, +0.0468, +0.0466, +0.0438, +0.0418, +0.0458, +0.0485, +0.0421, +0.0452, +0.0480, +0.0432, +0.0483, +0.0516, +0.0465, +0.0470, +0.0472, +0.0439, +0.0428, +0.0439, +0.0450, +0.0469, +0.0414, +0.0474, +0.0485, +0.0475, +0.0580, +0.0435, +0.0471, +0.0469, +0.0454, +0.0454, +0.0440, +0.0486, +0.0417, +0.0431, +0.0473, +0.0396, +0.0450, +0.0461, +0.0527, +0.0468, +0.0462, +0.0444, +0.0488, +0.0475, +0.0467, +0.0429, +0.0494, +0.0454, +0.0428, +0.0434, +0.0424, +0.0455, +0.0479, +0.0430, +0.0438, +0.0467, +0.0451, +0.0440, +0.0473, +0.0454, +0.0422, +0.0419, +0.0484, +0.0478, +0.0469, +0.0454, +0.0439, +0.0417, +0.0432, +0.0430, +0.0469, +0.0477, +0.0465, +0.0456, +0.0538, +0.0490, +0.0437, +0.0524, +0.0501, +0.0522, +0.0427, +0.0412, +0.0478, +0.0519, +0.0423, +0.0476, +0.0506, +0.0497, +0.0504, +0.0454, +0.0483, +0.0466, +0.0454, +0.0449, +0.0538, +0.0453, +0.0444, +0.0493, +0.0419, +0.0442, +0.0491, +0.0450, +0.0457, +0.0508, +0.0507, +0.0513, +0.0494, +0.0517, +0.0485, +0.0435, +0.0442, +0.0447, +0.0462, +0.0484, +0.0439, +0.0472, +0.0512, +0.0482, +0.0457, +0.0446, +0.0443, +0.0482, +0.0441, +0.0435, +0.0462, +0.0439, +0.0466, +0.0486, +0.0518, +0.0480, +0.0495, +0.0634, +0.0473, +0.0478, +0.0437, +0.0518, +0.0469, +0.0484, +0.0495, +0.0506, +0.0465, +0.0483, +0.0473, +0.0490, +0.0486, +0.0482, +0.0520, +0.0488, +0.0488, +0.0509, +0.0498, +0.0512, +0.0473, +0.0509, +0.0433, +0.0495, +0.0497, +0.0484, +0.0475, +0.0504, +0.0460, +0.0495, +0.0495, +0.0477, +0.0505, +0.0492, +0.0560, +0.0569, +0.0478, +0.0457, +0.0487, +0.0483, +0.0502, +0.0470, +0.0491, +0.0469, +0.0519, +0.0474, +0.0443, +0.0474, +0.0512, +0.0456, +0.0504, +0.0501, +0.0487, +0.0447, +0.0479, +0.0430, +0.0471, +0.0464, +0.0511, +0.0407, +0.0471, +0.0510, +0.0485, +0.0498, +0.0427, +0.0445, +0.0524, +0.0512, +0.0487, +0.0487, +0.0464, +0.0473, +0.0497, +0.0474, +0.0473, +0.0457, +0.0492, +0.0492, +0.0512, +0.0485, +0.0472, +0.0485, +0.0448, +0.0432, +0.0496, +0.0467, +0.0495, +0.0441, +0.0582, +0.0546, +0.0549, +0.0537, +0.0504, +0.0513, +0.0484, +0.0480, +0.0494, +0.0442, +0.0458, +0.0471, +0.0553, +0.0441, +0.0515, +0.0499, +0.0531, +0.0442, +0.0499, +0.0476, +0.0441, +0.0446, +0.0607, +0.0583, +0.0522, +0.0471, +0.0514, +0.0466, +0.0542, +0.0499, +0.0519, +0.0479, +0.0430, +0.0438, +0.0456, +0.0492, +0.0536, +0.0470, +0.0437, +0.0491, +0.0469, +0.0525, +0.0446, +0.0452, +0.0469, +0.0454, +0.0499, +0.0411, +0.0462, +0.0427, +0.0527, +0.0520, +0.0505, +0.0438, +0.0607, +0.0443, +0.0675, +0.0531, +0.0443, +0.0417, +0.0468, +0.0430, +0.0444, +0.0458, +0.0817, +0.0404, +0.0416, +0.0629, +0.0459, +0.0604, +0.0447, +0.0504, +0.0532, +0.0457, +0.0457, +0.0454, +0.0440, +0.0488, +0.0495, +0.0573, +0.0481, +0.0483, +0.0557, +0.0478, +0.0442, +0.0530, +0.0510, +0.0502, +0.0485, +0.0612, +0.0518, +0.0467, +0.0503, +0.0496, +0.0504, +0.0522, +0.0474, +0.0454, +0.0507, +0.0434, +0.0487, +0.0479, +0.0464, +0.0501, +0.0499, +0.0667, +0.0501, +0.0544, +0.0419, +0.0444, +0.0478, +0.0518, +0.0514, +0.0494, +0.0583, +0.0614, +0.0511, +0.0502, +0.0477, +0.0509, +0.0460, +0.0551, +0.0447, +0.0655, +0.0711, +0.0516, +0.0481, +0.0536, +0.0512, +0.0564, +0.0532, +0.0496, +0.0527, +0.0597, +0.0716, +0.0476, +0.0557, +0.0442, +0.0567, +0.0500, +0.0597, +0.0555, +0.0571, +0.0489, +0.0501, +0.0574, +0.0546, +0.0643, +0.0471, +0.0565, +0.0549, +0.0496, +0.0703, +0.0513, +0.0556, +0.0600, +0.0800, +0.0486, +0.0566, +0.0692, +0.0537, +0.0470, +0.0614, +0.0567, +0.0555, +0.0555, +0.0566, +0.0477, +0.0547, +0.0674, +0.0498, +0.0589, +0.0658, +0.0620, +0.0614, +0.0559, +0.0540, +0.0751, +0.0570, +0.0704, +0.0558, +0.0640, +0.0533, +0.0575, +0.0553, +0.0552, +0.0543, +0.0565, +0.0528, +0.0568, +0.0595, +0.0577, +0.0579, +0.0628, +0.0523, +0.0592, +0.0566, +0.0590, +0.0639, +0.0579, +0.0666, +0.0529, +0.0543, +0.0633, +0.0613, +0.0547, +0.0634, +0.0703, +0.0562, +0.0634, +0.0495, +0.0636, +0.0549, +0.0653, +0.0579, +0.0681, +0.0598, +0.0627, +0.0549, +0.0577, +0.0500, +0.0536, +0.0499, +0.0684]
                   entropy: [+1.5969, +1.5976, +1.5951, +1.5910, +1.5712, +1.5718, +1.5847, +1.5859, +1.5687, +1.5663, +1.5436, +1.5584, +1.5563, +1.5483, +1.5356, +1.5160, +1.5256, +1.5229, +1.5126, +1.5208, +1.5254, +1.5158, +1.5067, +1.5086, +1.4933, +1.4713, +1.4638, +1.4353, +1.4001, +1.3889, +1.3712, +1.3584, +1.3485, +1.3198, +1.2982, +1.2948, +1.2672, +1.2446, +1.1985, +1.1758, +1.1685, +1.2009, +1.2186, +1.1935, +1.1629, +1.1945, +1.2080, +1.1795, +1.1751, +1.1460, +1.1510, +1.1451, +1.1826, +1.1607, +1.1671, +1.1694, +1.1816, +1.1688, +1.1948, +1.2382, +1.1861, +1.2108, +1.2024, +1.1979, +1.2172, +1.1829, +1.1672, +1.1721, +1.1622, +1.1466, +1.1517, +1.1554, +1.1534, +1.1416, +1.1491, +1.1768, +1.2036, +1.1987, +1.1690, +1.1623, +1.1700, +1.1718, +1.1582, +1.1645, +1.1681, +1.1370, +1.1230, +1.1382, +1.1567, +1.1484, +1.1395, +1.1504, +1.1269, +1.1102, +1.1192, +1.1105, +1.0956, +1.0922, +1.0486, +1.0892, +1.0878, +1.0898, +1.0920, +1.0695, +1.0819, +1.0982, +1.0835, +1.0654, +1.0997, +1.0918, +1.0608, +1.0598, +1.1076, +1.0809, +1.0722, +1.0785, +1.0708, +1.0742, +1.1115, +1.0871, +1.0798, +1.0840, +1.0838, +1.0860, +1.0981, +1.0577, +1.0502, +1.0574, +1.0755, +1.0537, +1.0556, +1.0799, +1.0701, +1.0648, +1.0517, +1.0369, +1.0473, +1.0953, +1.0836, +1.0878, +1.0958, +1.0768, +1.0807, +1.0676, +1.0784, +1.0704, +1.0829, +1.0532, +1.0835, +1.0900, +1.0632, +1.0570, +1.0823, +1.0560, +1.0749, +1.0858, +1.0537, +1.0656, +1.0343, +1.0429, +1.0570, +1.0344, +1.0428, +1.0428, +1.0552, +1.0605, +1.0694, +1.0716, +1.0692, +1.0625, +1.0853, +1.0759, +1.0532, +1.0862, +1.0934, +1.0896, +1.0730, +1.0477, +1.0750, +1.0649, +1.0374, +1.0472, +1.0820, +1.0677, +1.0686, +1.0631, +1.0296, +1.0222, +1.0626, +1.0659, +1.0944, +1.0718, +1.0608, +1.0632, +1.0537, +1.0511, +1.0691, +1.0631, +1.0442, +1.0506, +1.0294, +1.0584, +1.0465, +1.0509, +1.0475, +1.0677, +1.0764, +1.0468, +1.0507, +1.0502, +1.0365, +1.0211, +1.0347, +0.9958, +1.0128, +1.0192, +1.0074, +1.0229, +1.0111, +1.0166, +1.0451, +1.0136, +1.0058, +1.0042, +0.9942, +0.9991, +1.0075, +1.0333, +1.0139, +1.0261, +1.0136, +1.0447, +1.0222, +1.0225, +1.0183, +0.9819, +0.9880, +0.9869, +0.9960, +0.9973, +1.0069, +1.0034, +1.0112, +1.0228, +1.0040, +1.0059, +1.0014, +0.9616, +1.0114, +0.9947, +1.0027, +1.0090, +1.0110, +1.0042, +0.9994, +1.0147, +1.0136, +1.0280, +1.0140, +1.0254, +0.9953, +1.0161, +0.9938, +0.9953, +1.0091, +0.9567, +0.9859, +0.9971, +0.9966, +0.9794, +0.9772, +1.0193, +0.9894, +1.0135, +0.9994, +0.9672, +0.9772, +1.0027, +0.9695, +0.9916, +0.9958, +0.9704, +1.0097, +0.9704, +0.9730, +1.0030, +1.0091, +0.9967, +1.0095, +0.9839, +1.0063, +1.0014, +0.9763, +0.9881, +0.9651, +0.9597, +0.9566, +0.9570, +0.9833, +0.9686, +0.9813, +0.9714, +0.9998, +0.9757, +0.9670, +1.0093, +1.0014, +0.9986, +0.9519, +1.0058, +0.9979, +1.0124, +0.9951, +0.9733, +0.9933, +0.9701, +0.9701, +0.9943, +0.9805, +0.9778, +0.9829, +0.9738, +0.9764, +0.9742, +0.9955, +0.9560, +0.9455, +1.0037, +0.9734, +1.0131, +0.9920, +1.0037, +1.0131, +1.0098, +1.0065, +1.0243, +0.9962, +0.9950, +0.9906, +0.9759, +1.0055, +1.0001, +1.0027, +1.0375, +1.0147, +0.9865, +0.9706, +0.9837, +0.9906, +0.9951, +0.9596, +0.9552, +0.9602, +0.9841, +0.9561, +0.9860, +0.9733, +0.9790, +0.9584, +0.9981, +0.9819, +1.0010, +0.9778, +0.9729, +0.9683, +0.9630, +0.9750, +0.9661, +0.9691, +0.9526, +0.9720, +0.9583, +0.9742, +0.9564, +0.9468, +0.9685, +0.9475, +0.9596, +0.9681, +0.9395, +0.9586, +0.9847, +0.9591, +0.9905, +0.9446, +0.9413, +0.9329, +0.9378, +0.9250, +0.9428, +0.9066, +0.9267, +0.9333, +0.9214, +0.9504, +0.9494, +0.9377, +0.9156, +0.9323, +0.9333, +0.9421, +0.9337, +0.9398, +0.9340, +0.9478, +0.9302, +0.9568, +0.9934, +0.9307, +0.9302, +0.9333, +0.9509, +0.9262, +0.9394, +0.9354, +0.9259, +0.9094, +0.9319, +0.9515, +0.9640, +0.9681, +0.9606, +0.9263, +0.9348, +0.9749, +0.9448, +0.9613, +0.9547, +0.9345, +0.9376, +0.9487, +0.9462, +0.9395, +0.9396, +0.9611, +0.9488, +0.9292, +0.9347, +0.9412, +0.9597, +0.9635, +0.9346, +0.9247, +0.9677, +0.9540, +0.9871, +0.9549, +0.9585, +0.9326, +0.9285, +0.9201, +0.9021, +0.9099, +0.9240, +0.9138, +0.9207, +0.9384, +0.9408, +0.9366, +0.9240, +0.9443, +0.9280, +0.9454, +0.9422, +0.9212, +0.9224, +0.9048, +0.8717, +0.9079, +0.9103, +0.9134, +0.9104, +0.8954, +0.9197, +0.9070, +0.9123, +0.9297, +0.9021, +0.9091, +0.9144, +0.9091, +0.9155, +0.9048, +0.9168, +0.8946, +0.9033, +0.9246, +0.9059, +0.9307, +0.9000, +0.9195, +0.9035, +0.8890, +0.9069, +0.8896, +0.8958, +0.8965, +0.8938, +0.9187, +0.8971, +0.8949, +0.8912, +0.9135, +0.8852, +0.8955, +0.9268, +0.9019, +0.8942, +0.8864, +0.8904, +0.9124, +0.8898, +0.8797, +0.9016, +0.8783, +0.8897, +0.8934, +0.9032, +0.9063, +0.8977, +0.8890, +0.8821, +0.8710, +0.8876, +0.8937, +0.8870, +0.8773, +0.8753, +0.8819, +0.9158, +0.9011, +0.9030, +0.8956, +0.8957, +0.8971, +0.8750, +0.9132, +0.9130, +0.8850, +0.8948, +0.8735, +0.8794, +0.8835, +0.8816, +0.8793, +0.9009, +0.8807, +0.8654, +0.8777, +0.8779, +0.8854, +0.8741, +0.8867, +0.8814, +0.8852, +0.8755, +0.8601, +0.8766, +0.8852, +0.8737, +0.8703, +0.8629, +0.8548, +0.8787, +0.8754, +0.8859, +0.8942, +0.8628, +0.8863, +0.8641, +0.8806, +0.8577, +0.8655, +0.8594, +0.8489, +0.8544, +0.8595, +0.8793, +0.8726, +0.8462, +0.8481, +0.8353, +0.8444, +0.8455, +0.8369, +0.8529, +0.8453, +0.8592, +0.8613, +0.8784, +0.8490, +0.8569, +0.8491, +0.8482, +0.8464, +0.8397, +0.8354, +0.8443, +0.8177, +0.8518, +0.8476, +0.8658, +0.8359, +0.8357, +0.8357, +0.8247, +0.8404, +0.8430, +0.8376, +0.8176, +0.8151, +0.8334, +0.8440, +0.8330, +0.8311, +0.8456, +0.8398, +0.8248, +0.8460, +0.8203, +0.8144, +0.8334, +0.8194, +0.8165, +0.8313, +0.8163, +0.8229, +0.8212, +0.8168, +0.8047, +0.8392, +0.8319, +0.8332, +0.8238, +0.8192, +0.8037, +0.8187, +0.8374, +0.8181, +0.8211, +0.8004, +0.8296, +0.8144, +0.8163, +0.8077, +0.7913, +0.8217, +0.7984, +0.8107, +0.7799, +0.8157, +0.8008, +0.8002, +0.7769, +0.8074, +0.8076, +0.8167, +0.7907, +0.7944, +0.8337, +0.8015, +0.8444, +0.8342, +0.8209, +0.8089, +0.8332, +0.8164, +0.8096, +0.8021, +0.8080, +0.8092, +0.8178, +0.8111, +0.8010, +0.7981, +0.8218, +0.7912, +0.8071, +0.7938, +0.7985, +0.8119, +0.7947, +0.7849, +0.7948, +0.7999, +0.8078, +0.7772, +0.7948, +0.7781, +0.8040, +0.7800, +0.7675, +0.7722, +0.7690, +0.7736, +0.7792, +0.7707, +0.7668, +0.7632, +0.7695, +0.7762, +0.7641, +0.7592, +0.7707, +0.7720, +0.7780, +0.7774, +0.7611, +0.7631, +0.7472, +0.7750, +0.7633, +0.7500, +0.7619, +0.7730, +0.7574, +0.7491, +0.7463, +0.7554, +0.7606, +0.7553, +0.7549, +0.7576, +0.7395, +0.7472, +0.7523, +0.7617, +0.7410, +0.7487, +0.7587, +0.7436, +0.7403, +0.7594, +0.7578, +0.7652, +0.7582, +0.7715, +0.7717, +0.7565, +0.7634, +0.7406, +0.7659, +0.7548, +0.7436, +0.7405, +0.7598, +0.7521, +0.7591, +0.7457, +0.7546, +0.7458, +0.7516, +0.7488, +0.7679, +0.7669, +0.7481, +0.7371, +0.7415, +0.7452, +0.7550, +0.7604, +0.7266, +0.7441, +0.7564, +0.7611, +0.7297, +0.7517, +0.7500, +0.7403, +0.7476, +0.7509, +0.7460, +0.7282, +0.7302, +0.7309, +0.7368, +0.7365, +0.7256, +0.7362, +0.7264, +0.7354, +0.7231, +0.7026, +0.7361, +0.7165, +0.7220, +0.7236, +0.7232, +0.6994, +0.7014, +0.7153, +0.7142, +0.7284, +0.7255, +0.7201, +0.7378, +0.7273, +0.7156, +0.7299, +0.6986, +0.7266, +0.7329, +0.7228, +0.7296, +0.7298, +0.7084, +0.7154, +0.7156, +0.7303, +0.7108, +0.7133, +0.7214, +0.7256, +0.7133, +0.7321, +0.7148, +0.7190, +0.6991, +0.7322, +0.7236, +0.7236, +0.7246, +0.7068, +0.6956, +0.7255, +0.7166, +0.7150, +0.7131, +0.7154, +0.7222, +0.7097, +0.7160, +0.7150, +0.7036, +0.7105, +0.7130, +0.7114, +0.7264, +0.7400, +0.7156, +0.7155, +0.7149, +0.7078, +0.7142, +0.7377, +0.7182, +0.7188, +0.7471, +0.7091, +0.7071, +0.7211, +0.7491, +0.7230, +0.7399, +0.7078, +0.6984, +0.7228, +0.7179, +0.7026, +0.7195, +0.7404, +0.7153, +0.7059, +0.7102, +0.7001, +0.7067, +0.7110, +0.7012, +0.7005, +0.7045, +0.7201, +0.7091, +0.7140, +0.7146, +0.7001, +0.7148, +0.7108, +0.7027, +0.7167, +0.7122, +0.6983, +0.6998, +0.7072, +0.7078, +0.6894, +0.7044, +0.7073, +0.7183, +0.7037, +0.7114, +0.7120, +0.7075, +0.6956, +0.6918, +0.7092, +0.7091, +0.7053, +0.6941, +0.7079, +0.7148, +0.7124, +0.7187, +0.7126, +0.7103, +0.7101, +0.7074, +0.6888, +0.7087, +0.7214, +0.7154, +0.6911, +0.7004, +0.7239, +0.6960, +0.7002]
                entropy_t0: [+0.6931, +0.6903, +0.6805, +0.6798, +0.6845, +0.6783, +0.6643, +0.6232, +0.6283, +0.6031, +0.5851, +0.6368, +0.6601, +0.6898, +0.6853, +0.6770, +0.6710, +0.6696, +0.6596, +0.6322, +0.6669, +0.6765, +0.6563, +0.6062, +0.5534, +0.5309, +0.4959, +0.4107, +0.3762, +0.3494, +0.3416, +0.2959, +0.2431, +0.2476, +0.2034, +0.1721, +0.1381, +0.1176, +0.0988, +0.0779, +0.0730, +0.0788, +0.0751, +0.0513, +0.0589, +0.0667, +0.0768, +0.0555, +0.0905, +0.0895, +0.1039, +0.1304, +0.1014, +0.1184, +0.1100, +0.1211, +0.1575, +0.1388, +0.2091, +0.2651, +0.2593, +0.2742, +0.3160, +0.3230, +0.3206, +0.3213, +0.3024, +0.3074, +0.3047, +0.2753, +0.2454, +0.2333, +0.2416, +0.2556, +0.2325, +0.2308, +0.2338, +0.2419, +0.2008, +0.2011, +0.1964, +0.1971, +0.2011, +0.1722, +0.1723, +0.1554, +0.1704, +0.1602, +0.1556, +0.1392, +0.1596, +0.1664, +0.1264, +0.1397, +0.1471, +0.1518, +0.1500, +0.1466, +0.1355, +0.1393, +0.1485, +0.1306, +0.1339, +0.1467, +0.1656, +0.1792, +0.1562, +0.1501, +0.1718, +0.1620, +0.1496, +0.1753, +0.1792, +0.1849, +0.1680, +0.1742, +0.1813, +0.1966, +0.2096, +0.1843, +0.1589, +0.1623, +0.1513, +0.1258, +0.1658, +0.1368, +0.1347, +0.1310, +0.1475, +0.1338, +0.1387, +0.1610, +0.1578, +0.1405, +0.1554, +0.1638, +0.1580, +0.1547, +0.1520, +0.1667, +0.1467, +0.1373, +0.1354, +0.1520, +0.1685, +0.1609, +0.1619, +0.1328, +0.1327, +0.1231, +0.1200, +0.1304, +0.1343, +0.1315, +0.1329, +0.1444, +0.1232, +0.1200, +0.1122, +0.1054, +0.1245, +0.1207, +0.1274, +0.1285, +0.1268, +0.1263, +0.1204, +0.1041, +0.1309, +0.1154, +0.1270, +0.1208, +0.0984, +0.1261, +0.1374, +0.1160, +0.1064, +0.1173, +0.1211, +0.1206, +0.1065, +0.1308, +0.1404, +0.1239, +0.1189, +0.1024, +0.0971, +0.0940, +0.1110, +0.1047, +0.1065, +0.1062, +0.0967, +0.0938, +0.0820, +0.1124, +0.1139, +0.1087, +0.1118, +0.1187, +0.1097, +0.1141, +0.1315, +0.1299, +0.1177, +0.1086, +0.1135, +0.1028, +0.0981, +0.1105, +0.1022, +0.1026, +0.0871, +0.0786, +0.0901, +0.1026, +0.0863, +0.1023, +0.0834, +0.0934, +0.0950, +0.0928, +0.0834, +0.0773, +0.0821, +0.0899, +0.0882, +0.0723, +0.0799, +0.0794, +0.0889, +0.0872, +0.1070, +0.1023, +0.1019, +0.1046, +0.0850, +0.0763, +0.0717, +0.0765, +0.0845, +0.0719, +0.0730, +0.0753, +0.0718, +0.0657, +0.0720, +0.0693, +0.0682, +0.0704, +0.0706, +0.0845, +0.0766, +0.0897, +0.0880, +0.0782, +0.0831, +0.0818, +0.0756, +0.0821, +0.0826, +0.0921, +0.0778, +0.0678, +0.0716, +0.0622, +0.0791, +0.0655, +0.0764, +0.0745, +0.0686, +0.0736, +0.0671, +0.0681, +0.0642, +0.0655, +0.0684, +0.0694, +0.0552, +0.0689, +0.0675, +0.0613, +0.0767, +0.0681, +0.0766, +0.0610, +0.0687, +0.0672, +0.0645, +0.0639, +0.0712, +0.0849, +0.0542, +0.0475, +0.0508, +0.0595, +0.0547, +0.0609, +0.0648, +0.0639, +0.0643, +0.0557, +0.0642, +0.0588, +0.0709, +0.0725, +0.0775, +0.0704, +0.0617, +0.0748, +0.0774, +0.0806, +0.0764, +0.0881, +0.0816, +0.0762, +0.0740, +0.0591, +0.0706, +0.0744, +0.0677, +0.0713, +0.0705, +0.0762, +0.0632, +0.0634, +0.0588, +0.0792, +0.0621, +0.0810, +0.0692, +0.0738, +0.0622, +0.0795, +0.0625, +0.0737, +0.0657, +0.0706, +0.0621, +0.0780, +0.0883, +0.0873, +0.0823, +0.0999, +0.0981, +0.0865, +0.0745, +0.0775, +0.0766, +0.0892, +0.0750, +0.0722, +0.0755, +0.0868, +0.0778, +0.0763, +0.0762, +0.0814, +0.0696, +0.0709, +0.0727, +0.0804, +0.0763, +0.0827, +0.0798, +0.0839, +0.0678, +0.0755, +0.0825, +0.0728, +0.0671, +0.0578, +0.0775, +0.0659, +0.0539, +0.0558, +0.0480, +0.0655, +0.0681, +0.0591, +0.0656, +0.0675, +0.0675, +0.0725, +0.0750, +0.0673, +0.0644, +0.0725, +0.0718, +0.0630, +0.0542, +0.0551, +0.0656, +0.0609, +0.0526, +0.0619, +0.0553, +0.0500, +0.0594, +0.0468, +0.0548, +0.0529, +0.0546, +0.0479, +0.0569, +0.0593, +0.0539, +0.0624, +0.0572, +0.0573, +0.0589, +0.0574, +0.0451, +0.0471, +0.0556, +0.0550, +0.0475, +0.0560, +0.0645, +0.0624, +0.0661, +0.0644, +0.0569, +0.0561, +0.0623, +0.0545, +0.0585, +0.0574, +0.0564, +0.0576, +0.0491, +0.0548, +0.0471, +0.0637, +0.0692, +0.0605, +0.0617, +0.0523, +0.0596, +0.0527, +0.0527, +0.0506, +0.0507, +0.0651, +0.0589, +0.0717, +0.0591, +0.0565, +0.0522, +0.0527, +0.0431, +0.0521, +0.0464, +0.0525, +0.0474, +0.0424, +0.0515, +0.0506, +0.0550, +0.0547, +0.0609, +0.0544, +0.0502, +0.0590, +0.0513, +0.0629, +0.0596, +0.0482, +0.0506, +0.0532, +0.0518, +0.0481, +0.0542, +0.0615, +0.0530, +0.0448, +0.0578, +0.0518, +0.0504, +0.0532, +0.0524, +0.0441, +0.0477, +0.0445, +0.0380, +0.0448, +0.0458, +0.0442, +0.0480, +0.0379, +0.0405, +0.0458, +0.0400, +0.0412, +0.0361, +0.0363, +0.0448, +0.0456, +0.0490, +0.0449, +0.0554, +0.0574, +0.0668, +0.0523, +0.0576, +0.0534, +0.0429, +0.0495, +0.0452, +0.0512, +0.0602, +0.0495, +0.0417, +0.0479, +0.0447, +0.0506, +0.0536, +0.0581, +0.0399, +0.0437, +0.0518, +0.0549, +0.0401, +0.0488, +0.0438, +0.0538, +0.0501, +0.0456, +0.0434, +0.0601, +0.0504, +0.0503, +0.0391, +0.0342, +0.0407, +0.0439, +0.0418, +0.0419, +0.0450, +0.0402, +0.0443, +0.0449, +0.0501, +0.0532, +0.0469, +0.0541, +0.0466, +0.0455, +0.0433, +0.0358, +0.0340, +0.0344, +0.0365, +0.0311, +0.0371, +0.0333, +0.0399, +0.0403, +0.0411, +0.0509, +0.0401, +0.0472, +0.0497, +0.0420, +0.0482, +0.0466, +0.0443, +0.0334, +0.0465, +0.0426, +0.0439, +0.0337, +0.0459, +0.0342, +0.0368, +0.0352, +0.0359, +0.0421, +0.0424, +0.0404, +0.0361, +0.0436, +0.0482, +0.0457, +0.0423, +0.0492, +0.0439, +0.0469, +0.0472, +0.0426, +0.0439, +0.0406, +0.0525, +0.0420, +0.0448, +0.0469, +0.0488, +0.0464, +0.0441, +0.0521, +0.0397, +0.0417, +0.0410, +0.0406, +0.0396, +0.0437, +0.0398, +0.0295, +0.0369, +0.0385, +0.0427, +0.0458, +0.0423, +0.0502, +0.0451, +0.0356, +0.0452, +0.0380, +0.0432, +0.0404, +0.0430, +0.0391, +0.0405, +0.0400, +0.0458, +0.0446, +0.0431, +0.0387, +0.0359, +0.0335, +0.0445, +0.0415, +0.0390, +0.0363, +0.0342, +0.0288, +0.0394, +0.0380, +0.0320, +0.0315, +0.0338, +0.0457, +0.0360, +0.0357, +0.0426, +0.0298, +0.0338, +0.0325, +0.0305, +0.0259, +0.0334, +0.0267, +0.0244, +0.0271, +0.0366, +0.0295, +0.0353, +0.0338, +0.0287, +0.0351, +0.0327, +0.0365, +0.0351, +0.0354, +0.0369, +0.0365, +0.0335, +0.0297, +0.0283, +0.0337, +0.0349, +0.0350, +0.0322, +0.0325, +0.0389, +0.0371, +0.0285, +0.0304, +0.0268, +0.0327, +0.0359, +0.0289, +0.0337, +0.0278, +0.0343, +0.0342, +0.0339, +0.0321, +0.0294, +0.0248, +0.0264, +0.0256, +0.0336, +0.0324, +0.0295, +0.0246, +0.0318, +0.0289, +0.0299, +0.0335, +0.0285, +0.0299, +0.0239, +0.0267, +0.0236, +0.0258, +0.0320, +0.0313, +0.0242, +0.0308, +0.0234, +0.0326, +0.0303, +0.0313, +0.0244, +0.0339, +0.0282, +0.0309, +0.0319, +0.0322, +0.0283, +0.0283, +0.0299, +0.0245, +0.0349, +0.0284, +0.0284, +0.0296, +0.0250, +0.0238, +0.0261, +0.0204, +0.0249, +0.0269, +0.0277, +0.0263, +0.0286, +0.0237, +0.0266, +0.0321, +0.0265, +0.0298, +0.0275, +0.0226, +0.0252, +0.0303, +0.0262, +0.0379, +0.0266, +0.0307, +0.0267, +0.0270, +0.0281, +0.0297, +0.0325, +0.0284, +0.0300, +0.0285, +0.0265, +0.0325, +0.0323, +0.0264, +0.0320, +0.0284, +0.0254, +0.0306, +0.0283, +0.0259, +0.0286, +0.0248, +0.0267, +0.0288, +0.0281, +0.0293, +0.0230, +0.0280, +0.0218, +0.0281, +0.0239, +0.0184, +0.0275, +0.0254, +0.0258, +0.0277, +0.0252, +0.0233, +0.0229, +0.0281, +0.0246, +0.0217, +0.0242, +0.0259, +0.0269, +0.0231, +0.0266, +0.0257, +0.0254, +0.0208, +0.0246, +0.0265, +0.0263, +0.0248, +0.0292, +0.0250, +0.0307, +0.0267, +0.0323, +0.0248, +0.0286, +0.0243, +0.0257, +0.0214, +0.0228, +0.0232, +0.0288, +0.0245, +0.0265, +0.0200, +0.0235, +0.0225, +0.0270, +0.0219, +0.0236, +0.0238, +0.0272, +0.0214, +0.0272, +0.0211, +0.0195, +0.0225, +0.0266, +0.0221, +0.0228, +0.0228, +0.0207, +0.0204, +0.0263, +0.0206, +0.0254, +0.0228, +0.0243, +0.0254, +0.0243, +0.0289, +0.0225, +0.0279, +0.0221, +0.0251, +0.0231, +0.0226, +0.0281, +0.0186, +0.0258, +0.0301, +0.0246, +0.0240, +0.0246, +0.0247, +0.0197, +0.0247, +0.0214, +0.0196, +0.0209, +0.0222, +0.0248, +0.0207, +0.0263, +0.0234, +0.0226, +0.0225, +0.0219, +0.0185, +0.0179, +0.0235, +0.0243, +0.0253, +0.0245, +0.0218, +0.0234, +0.0239, +0.0207, +0.0165, +0.0253, +0.0253, +0.0191, +0.0229, +0.0194, +0.0204, +0.0253, +0.0198, +0.0225, +0.0205, +0.0166, +0.0186, +0.0196, +0.0168, +0.0224, +0.0196, +0.0275, +0.0215, +0.0231, +0.0224, +0.0218, +0.0199, +0.0173, +0.0206, +0.0228, +0.0275, +0.0193, +0.0191, +0.0188, +0.0266, +0.0252, +0.0161, +0.0240]
              entropy_tge1: [+1.6094, +1.6089, +1.6063, +1.6021, +1.5819, +1.5823, +1.5958, +1.5978, +1.5804, +1.5785, +1.5556, +1.5697, +1.5673, +1.5586, +1.5460, +1.5268, +1.5360, +1.5333, +1.5235, +1.5321, +1.5364, +1.5270, +1.5180, +1.5204, +1.5066, +1.4843, +1.4781, +1.4512, +1.4182, +1.4071, +1.3895, +1.3778, +1.3706, +1.3409, +1.3210, +1.3171, +1.2925, +1.2681, +1.2217, +1.2009, +1.1919, +1.2235, +1.2430, +1.2200, +1.1877, +1.2176, +1.2321, +1.2019, +1.1986, +1.1693, +1.1752, +1.1690, +1.2070, +1.1846, +1.1942, +1.1952, +1.2053, +1.1925, +1.2172, +1.2593, +1.2071, +1.2316, +1.2228, +1.2190, +1.2400, +1.2039, +1.1882, +1.1927, +1.1837, +1.1686, +1.1743, +1.1777, +1.1771, +1.1653, +1.1719, +1.2012, +1.2283, +1.2238, +1.1946, +1.1871, +1.1948, +1.1958, +1.1819, +1.1913, +1.1940, +1.1642, +1.1495, +1.1645, +1.1824, +1.1726, +1.1650, +1.1762, +1.1538, +1.1369, +1.1456, +1.1370, +1.1198, +1.1176, +1.0779, +1.1173, +1.1133, +1.1150, +1.1188, +1.0964, +1.1087, +1.1239, +1.1098, +1.0930, +1.1256, +1.1176, +1.0859, +1.0844, +1.1321, +1.1059, +1.0983, +1.1043, +1.0960, +1.0989, +1.1362, +1.1129, +1.1065, +1.1088, +1.1105, +1.1138, +1.1221, +1.0835, +1.0768, +1.0838, +1.1017, +1.0819, +1.0831, +1.1052, +1.0955, +1.0898, +1.0780, +1.0613, +1.0745, +1.1209, +1.1107, +1.1139, +1.1221, +1.1034, +1.1089, +1.0957, +1.1052, +1.0965, +1.1093, +1.0819, +1.1114, +1.1179, +1.0919, +1.0861, +1.1106, +1.0845, +1.1023, +1.1113, +1.0816, +1.0929, +1.0635, +1.0711, +1.0839, +1.0611, +1.0708, +1.0704, +1.0844, +1.0879, +1.0976, +1.1015, +1.0968, +1.0909, +1.1145, +1.1044, +1.0851, +1.1165, +1.1221, +1.1184, +1.1018, +1.0762, +1.1032, +1.0928, +1.0677, +1.0765, +1.1103, +1.0962, +1.0964, +1.0926, +1.0600, +1.0535, +1.0920, +1.0961, +1.1219, +1.1007, +1.0911, +1.0920, +1.0837, +1.0808, +1.0977, +1.0923, +1.0754, +1.0807, +1.0603, +1.0871, +1.0734, +1.0789, +1.0758, +1.0952, +1.1057, +1.0779, +1.0799, +1.0797, +1.0664, +1.0513, +1.0648, +1.0274, +1.0418, +1.0480, +1.0374, +1.0519, +1.0412, +1.0458, +1.0725, +1.0438, +1.0359, +1.0341, +1.0247, +1.0303, +1.0384, +1.0638, +1.0433, +1.0559, +1.0433, +1.0734, +1.0501, +1.0521, +1.0461, +1.0115, +1.0177, +1.0173, +1.0256, +1.0274, +1.0380, +1.0344, +1.0426, +1.0524, +1.0343, +1.0366, +1.0319, +0.9915, +1.0394, +1.0255, +1.0345, +1.0393, +1.0416, +1.0340, +1.0292, +1.0448, +1.0442, +1.0575, +1.0449, +1.0564, +1.0267, +1.0463, +1.0258, +1.0260, +1.0392, +0.9894, +1.0164, +1.0279, +1.0261, +1.0107, +1.0084, +1.0493, +1.0205, +1.0441, +1.0306, +0.9982, +1.0084, +1.0338, +1.0014, +1.0224, +1.0265, +1.0020, +1.0396, +1.0028, +1.0037, +1.0341, +1.0393, +1.0282, +1.0407, +1.0158, +1.0373, +1.0319, +1.0082, +1.0187, +0.9960, +0.9910, +0.9885, +0.9882, +1.0124, +0.9988, +1.0129, +1.0025, +1.0305, +1.0071, +0.9978, +1.0390, +1.0309, +1.0294, +0.9831, +1.0360, +1.0287, +1.0432, +1.0255, +1.0033, +1.0239, +1.0001, +1.0009, +1.0257, +1.0105, +1.0084, +1.0140, +1.0046, +1.0062, +1.0043, +1.0263, +0.9881, +0.9778, +1.0339, +1.0052, +1.0436, +1.0242, +1.0342, +1.0436, +1.0402, +1.0377, +1.0553, +1.0277, +1.0272, +1.0234, +1.0075, +1.0366, +1.0310, +1.0335, +1.0659, +1.0440, +1.0151, +1.0016, +1.0146, +1.0221, +1.0254, +0.9907, +0.9856, +0.9908, +1.0136, +0.9851, +1.0142, +1.0036, +1.0093, +0.9891, +1.0274, +1.0126, +1.0303, +1.0081, +1.0041, +0.9988, +0.9937, +1.0052, +0.9966, +0.9993, +0.9829, +1.0012, +0.9885, +1.0044, +0.9877, +0.9782, +0.9998, +0.9789, +0.9910, +0.9993, +0.9712, +0.9894, +1.0143, +0.9903, +1.0201, +0.9755, +0.9732, +0.9654, +0.9677, +0.9547, +0.9729, +0.9376, +0.9570, +0.9630, +0.9520, +0.9803, +0.9795, +0.9684, +0.9471, +0.9639, +0.9655, +0.9732, +0.9663, +0.9728, +0.9658, +0.9779, +0.9614, +0.9880, +1.0235, +0.9614, +0.9598, +0.9631, +0.9828, +0.9579, +0.9713, +0.9665, +0.9567, +0.9419, +0.9630, +0.9820, +0.9956, +0.9997, +0.9916, +0.9582, +0.9663, +1.0052, +0.9758, +0.9924, +0.9854, +0.9666, +0.9706, +0.9801, +0.9776, +0.9712, +0.9720, +0.9925, +0.9808, +0.9602, +0.9659, +0.9719, +0.9912, +0.9954, +0.9672, +0.9573, +0.9997, +0.9849, +1.0170, +0.9867, +0.9891, +0.9642, +0.9603, +0.9525, +0.9335, +0.9423, +0.9551, +0.9457, +0.9530, +0.9701, +0.9724, +0.9672, +0.9560, +0.9747, +0.9597, +0.9762, +0.9731, +0.9535, +0.9533, +0.9368, +0.9038, +0.9381, +0.9401, +0.9439, +0.9407, +0.9267, +0.9498, +0.9376, +0.9439, +0.9604, +0.9336, +0.9393, +0.9447, +0.9399, +0.9457, +0.9366, +0.9478, +0.9264, +0.9350, +0.9557, +0.9378, +0.9622, +0.9320, +0.9512, +0.9345, +0.9208, +0.9376, +0.9204, +0.9277, +0.9282, +0.9250, +0.9498, +0.9279, +0.9265, +0.9225, +0.9438, +0.9168, +0.9271, +0.9573, +0.9325, +0.9248, +0.9180, +0.9221, +0.9425, +0.9203, +0.9111, +0.9329, +0.9103, +0.9211, +0.9246, +0.9330, +0.9377, +0.9286, +0.9194, +0.9129, +0.9030, +0.9176, +0.9248, +0.9177, +0.9094, +0.9073, +0.9131, +0.9461, +0.9319, +0.9341, +0.9265, +0.9276, +0.9284, +0.9077, +0.9446, +0.9435, +0.9158, +0.9262, +0.9049, +0.9108, +0.9147, +0.9126, +0.9100, +0.9308, +0.9115, +0.8968, +0.9076, +0.9097, +0.9167, +0.9059, +0.9181, +0.9135, +0.9179, +0.9071, +0.8931, +0.9085, +0.9156, +0.9043, +0.9020, +0.8952, +0.8856, +0.9099, +0.9070, +0.9163, +0.9248, +0.8948, +0.9170, +0.8942, +0.9118, +0.8895, +0.8951, +0.8910, +0.8810, +0.8863, +0.8916, +0.9113, +0.9045, +0.8781, +0.8786, +0.8659, +0.8749, +0.8763, +0.8682, +0.8825, +0.8761, +0.8902, +0.8913, +0.9088, +0.8791, +0.8880, +0.8794, +0.8797, +0.8778, +0.8696, +0.8653, +0.8743, +0.8472, +0.8815, +0.8789, +0.8959, +0.8669, +0.8665, +0.8660, +0.8551, +0.8707, +0.8736, +0.8682, +0.8483, +0.8455, +0.8641, +0.8739, +0.8631, +0.8611, +0.8759, +0.8695, +0.8551, +0.8754, +0.8506, +0.8440, +0.8642, +0.8497, +0.8474, +0.8618, +0.8465, +0.8537, +0.8507, +0.8474, +0.8349, +0.8688, +0.8613, +0.8631, +0.8527, +0.8493, +0.8351, +0.8495, +0.8676, +0.8486, +0.8517, +0.8305, +0.8594, +0.8444, +0.8466, +0.8372, +0.8215, +0.8521, +0.8279, +0.8404, +0.8108, +0.8447, +0.8314, +0.8309, +0.8077, +0.8375, +0.8387, +0.8479, +0.8212, +0.8253, +0.8628, +0.8329, +0.8740, +0.8642, +0.8500, +0.8396, +0.8637, +0.8470, +0.8395, +0.8314, +0.8373, +0.8405, +0.8498, +0.8418, +0.8314, +0.8284, +0.8513, +0.8217, +0.8377, +0.8249, +0.8288, +0.8406, +0.8240, +0.8153, +0.8253, +0.8302, +0.8381, +0.8080, +0.8251, +0.8082, +0.8330, +0.8098, +0.7974, +0.8026, +0.7987, +0.8027, +0.8087, +0.8004, +0.7964, +0.7936, +0.7998, +0.8064, +0.7943, +0.7896, +0.7998, +0.8013, +0.8063, +0.8076, +0.7906, +0.7930, +0.7764, +0.8036, +0.7930, +0.7799, +0.7897, +0.8029, +0.7863, +0.7795, +0.7752, +0.7840, +0.7893, +0.7846, +0.7839, +0.7866, +0.7688, +0.7771, +0.7815, +0.7908, +0.7700, +0.7787, +0.7882, +0.7728, +0.7708, +0.7889, +0.7884, +0.7954, +0.7879, +0.7997, +0.8015, +0.7859, +0.7926, +0.7709, +0.7950, +0.7848, +0.7731, +0.7693, +0.7886, +0.7819, +0.7877, +0.7750, +0.7841, +0.7759, +0.7809, +0.7781, +0.7966, +0.7965, +0.7786, +0.7665, +0.7718, +0.7756, +0.7845, +0.7896, +0.7560, +0.7728, +0.7850, +0.7902, +0.7592, +0.7813, +0.7794, +0.7698, +0.7773, +0.7803, +0.7751, +0.7574, +0.7589, +0.7591, +0.7661, +0.7673, +0.7534, +0.7657, +0.7556, +0.7644, +0.7514, +0.7314, +0.7638, +0.7461, +0.7513, +0.7512, +0.7523, +0.7279, +0.7315, +0.7438, +0.7437, +0.7573, +0.7544, +0.7484, +0.7666, +0.7553, +0.7446, +0.7580, +0.7279, +0.7556, +0.7625, +0.7509, +0.7578, +0.7579, +0.7376, +0.7445, +0.7445, +0.7587, +0.7401, +0.7424, +0.7513, +0.7542, +0.7422, +0.7614, +0.7427, +0.7471, +0.7273, +0.7612, +0.7526, +0.7526, +0.7539, +0.7360, +0.7256, +0.7533, +0.7457, +0.7435, +0.7413, +0.7435, +0.7512, +0.7389, +0.7454, +0.7433, +0.7330, +0.7399, +0.7429, +0.7399, +0.7547, +0.7682, +0.7448, +0.7446, +0.7440, +0.7378, +0.7430, +0.7660, +0.7463, +0.7470, +0.7763, +0.7380, +0.7358, +0.7506, +0.7785, +0.7520, +0.7679, +0.7368, +0.7267, +0.7513, +0.7465, +0.7316, +0.7482, +0.7685, +0.7439, +0.7348, +0.7385, +0.7284, +0.7356, +0.7391, +0.7293, +0.7289, +0.7328, +0.7484, +0.7380, +0.7439, +0.7440, +0.7282, +0.7440, +0.7392, +0.7322, +0.7459, +0.7406, +0.7269, +0.7295, +0.7359, +0.7370, +0.7182, +0.7328, +0.7373, +0.7465, +0.7316, +0.7400, +0.7407, +0.7363, +0.7251, +0.7207, +0.7384, +0.7383, +0.7322, +0.7225, +0.7359, +0.7443, +0.7407, +0.7470, +0.7412, +0.7391, +0.7390, +0.7359, +0.7182, +0.7377, +0.7507, +0.7440, +0.7206, +0.7296, +0.7513, +0.7247, +0.7284]
              t0_alloc_red: [+0.4961, +0.4988, +0.5375, +0.6153, +0.5538, +0.5816, +0.5765, +0.6725, +0.7148, +0.6731, +0.7391, +0.6738, +0.6164, +0.5736, +0.5567, +0.4670, +0.4162, +0.4300, +0.3852, +0.3898, +0.3147, +0.3712, +0.4359, +0.3636, +0.3035, +0.2265, +0.2209, +0.1900, +0.1498, +0.1302, +0.1325, +0.1405, +0.1000, +0.0808, +0.0687, +0.0697, +0.0604, +0.0387, +0.0399, +0.0123, +0.0234, +0.0201, +0.0248, +0.0148, +0.0139, +0.0182, +0.0292, +0.0086, +0.0150, +0.0310, +0.0243, +0.0510, +0.0380, +0.0408, +0.0304, +0.0399, +0.0507, +0.0613, +0.1018, +0.1215, +0.1622, +0.1316, +0.1819, +0.2094, +0.2179, +0.2865, +0.2966, +0.3298, +0.3919, +0.3734, +0.2607, +0.2231, +0.2864, +0.3581, +0.4503, +0.3711, +0.4036, +0.4609, +0.5127, +0.5176, +0.6151, +0.5805, +0.5107, +0.5046, +0.4091, +0.3237, +0.4175, +0.4587, +0.5922, +0.6144, +0.5368, +0.5637, +0.5168, +0.5533, +0.5240, +0.5130, +0.4735, +0.3557, +0.3384, +0.4403, +0.3925, +0.5763, +0.5595, +0.5290, +0.5472, +0.4426, +0.3744, +0.3469, +0.3913, +0.5435, +0.4861, +0.5228, +0.5086, +0.3985, +0.4354, +0.5115, +0.4981, +0.5095, +0.4796, +0.4213, +0.4525, +0.4657, +0.4279, +0.4336, +0.3446, +0.4804, +0.5261, +0.5080, +0.4443, +0.5391, +0.5340, +0.4286, +0.4379, +0.5558, +0.5624, +0.5173, +0.4322, +0.3286, +0.3514, +0.4189, +0.4602, +0.4931, +0.4924, +0.4598, +0.4433, +0.4547, +0.4740, +0.4738, +0.3940, +0.5430, +0.4938, +0.3646, +0.3772, +0.4093, +0.4183, +0.4914, +0.4861, +0.5407, +0.5372, +0.4479, +0.4263, +0.4997, +0.5100, +0.4641, +0.3751, +0.4253, +0.4794, +0.5058, +0.4765, +0.3867, +0.4861, +0.4501, +0.4590, +0.4888, +0.4168, +0.4071, +0.4058, +0.4383, +0.4668, +0.4787, +0.4850, +0.4705, +0.4609, +0.3745, +0.4605, +0.4567, +0.4150, +0.4634, +0.4743, +0.4868, +0.3646, +0.3372, +0.3799, +0.4782, +0.4689, +0.4871, +0.4228, +0.4767, +0.4314, +0.4825, +0.3925, +0.4286, +0.3942, +0.3454, +0.3531, +0.3920, +0.4399, +0.4730, +0.5338, +0.5151, +0.4725, +0.4241, +0.3919, +0.3988, +0.4750, +0.4615, +0.4592, +0.5095, +0.4690, +0.4985, +0.5041, +0.5479, +0.5135, +0.4336, +0.4835, +0.4323, +0.4276, +0.4730, +0.4751, +0.4863, +0.4592, +0.4583, +0.4683, +0.5044, +0.5737, +0.5021, +0.4819, +0.4385, +0.4132, +0.4223, +0.4204, +0.4307, +0.4932, +0.5338, +0.5294, +0.4450, +0.4878, +0.4248, +0.4318, +0.4264, +0.4631, +0.4683, +0.4332, +0.4202, +0.4353, +0.4687, +0.4682, +0.4610, +0.4350, +0.4439, +0.4899, +0.5261, +0.4955, +0.4552, +0.4585, +0.5075, +0.4647, +0.4860, +0.4311, +0.4305, +0.4950, +0.4625, +0.5405, +0.4606, +0.4220, +0.4595, +0.4886, +0.4716, +0.4442, +0.4204, +0.4132, +0.4742, +0.4485, +0.4269, +0.4623, +0.5017, +0.4466, +0.4258, +0.4914, +0.4837, +0.4723, +0.4794, +0.4622, +0.4727, +0.5137, +0.4971, +0.5000, +0.4327, +0.4031, +0.4393, +0.4510, +0.4836, +0.4895, +0.4801, +0.4500, +0.4647, +0.4804, +0.4846, +0.5058, +0.4838, +0.4384, +0.4486, +0.4539, +0.4751, +0.5157, +0.5047, +0.4622, +0.4614, +0.4237, +0.4822, +0.5021, +0.4610, +0.4405, +0.4395, +0.4712, +0.5033, +0.5074, +0.4552, +0.4675, +0.4799, +0.4589, +0.4940, +0.4417, +0.4326, +0.5114, +0.5406, +0.4638, +0.4672, +0.4869, +0.5168, +0.4758, +0.4605, +0.4448, +0.4228, +0.4169, +0.4671, +0.4680, +0.4875, +0.5225, +0.4655, +0.5130, +0.4518, +0.4225, +0.4892, +0.3942, +0.4548, +0.4526, +0.4197, +0.4220, +0.4891, +0.5016, +0.4973, +0.5098, +0.4753, +0.4436, +0.4481, +0.4432, +0.4428, +0.5067, +0.4874, +0.4703, +0.4853, +0.4953, +0.4536, +0.4633, +0.4993, +0.4980, +0.4311, +0.4830, +0.4461, +0.4745, +0.5338, +0.4334, +0.4565, +0.4657, +0.4474, +0.5193, +0.4673, +0.4814, +0.4578, +0.4718, +0.4056, +0.5044, +0.5450, +0.4887, +0.5169, +0.4503, +0.4653, +0.4184, +0.4662, +0.4480, +0.4641, +0.4700, +0.4535, +0.4584, +0.4960, +0.5305, +0.4901, +0.4881, +0.4644, +0.5081, +0.4650, +0.4482, +0.4539, +0.4851, +0.5400, +0.4916, +0.4182, +0.4279, +0.4682, +0.4712, +0.4713, +0.4880, +0.4679, +0.4580, +0.4993, +0.5073, +0.4604, +0.4834, +0.4696, +0.5276, +0.5058, +0.4878, +0.4252, +0.4962, +0.4698, +0.4830, +0.4875, +0.4844, +0.4737, +0.4754, +0.4674, +0.4610, +0.5155, +0.5091, +0.4601, +0.4497, +0.4314, +0.4370, +0.4716, +0.4546, +0.4460, +0.4717, +0.4848, +0.4638, +0.4994, +0.5075, +0.5168, +0.5104, +0.4769, +0.4512, +0.4802, +0.4378, +0.4820, +0.4783, +0.4663, +0.4566, +0.4682, +0.4793, +0.4964, +0.4960, +0.5239, +0.4799, +0.4778, +0.4375, +0.4866, +0.4390, +0.4957, +0.4690, +0.4476, +0.4644, +0.4302, +0.4817, +0.4856, +0.5034, +0.4562, +0.5158, +0.4777, +0.4082, +0.4890, +0.4906, +0.5292, +0.5023, +0.4933, +0.4993, +0.4408, +0.4385, +0.4523, +0.5024, +0.4895, +0.4639, +0.4275, +0.4606, +0.4715, +0.4483, +0.4872, +0.5091, +0.4176, +0.4771, +0.4889, +0.4918, +0.4350, +0.4857, +0.5305, +0.4687, +0.4477, +0.4265, +0.4770, +0.4883, +0.4599, +0.4898, +0.4444, +0.4387, +0.4696, +0.4718, +0.4624, +0.4612, +0.4726, +0.5070, +0.4764, +0.4632, +0.4301, +0.4613, +0.4375, +0.4886, +0.4797, +0.4932, +0.4726, +0.4929, +0.5195, +0.5200, +0.5036, +0.4705, +0.4675, +0.4598, +0.4759, +0.4730, +0.5050, +0.4947, +0.4933, +0.4550, +0.4395, +0.4662, +0.4625, +0.4836, +0.4618, +0.4736, +0.4455, +0.4532, +0.4879, +0.4903, +0.5186, +0.5114, +0.4888, +0.4508, +0.4711, +0.4532, +0.4896, +0.4414, +0.4753, +0.4670, +0.4763, +0.4548, +0.4536, +0.4407, +0.4627, +0.5043, +0.4901, +0.4635, +0.4924, +0.4962, +0.4659, +0.4722, +0.4652, +0.4835, +0.4642, +0.4721, +0.4938, +0.4759, +0.4725, +0.4264, +0.4722, +0.4813, +0.4807, +0.4891, +0.4619, +0.4474, +0.4444, +0.4631, +0.4625, +0.4399, +0.4565, +0.4161, +0.4489, +0.4679, +0.4957, +0.5040, +0.5153, +0.4936, +0.4930, +0.4558, +0.4461, +0.4350, +0.4713, +0.4693, +0.4751, +0.4664, +0.4475, +0.4606, +0.4341, +0.4448, +0.5057, +0.4828, +0.4984, +0.4986, +0.4820, +0.4665, +0.4818, +0.4698, +0.4648, +0.4631, +0.4943, +0.4891, +0.4616, +0.4856, +0.4710, +0.4723, +0.4929, +0.4864, +0.4584, +0.4845, +0.4745, +0.4582, +0.4653, +0.4662, +0.4576, +0.5059, +0.4795, +0.4975, +0.4712, +0.4577, +0.4755, +0.4389, +0.4617, +0.4343, +0.4869, +0.4824, +0.4892, +0.5004, +0.4408, +0.4874, +0.4704, +0.4673, +0.4470, +0.4455, +0.4751, +0.5093, +0.4523, +0.4545, +0.4502, +0.4419, +0.4519, +0.4934, +0.4838, +0.4808, +0.4692, +0.4723, +0.4882, +0.4567, +0.4898, +0.5028, +0.4769, +0.4584, +0.4676, +0.4906, +0.4833, +0.4628, +0.4857, +0.4705, +0.4784, +0.4629, +0.4810, +0.4998, +0.4604, +0.4695, +0.4921, +0.4666, +0.4768, +0.4754, +0.4780, +0.4339, +0.4707, +0.4872, +0.4857, +0.4982, +0.4677, +0.4565, +0.4499, +0.4932, +0.4897, +0.4545, +0.4591, +0.4705, +0.5033, +0.4844, +0.4492, +0.4523, +0.4564, +0.4524, +0.4816, +0.4879, +0.4600, +0.4666, +0.4761, +0.4577, +0.4756, +0.4562, +0.4740, +0.4845, +0.4557, +0.4559, +0.4755, +0.4923, +0.4928, +0.4897, +0.4912, +0.4917, +0.4481, +0.4704, +0.4481, +0.4692, +0.4401, +0.4459, +0.4602, +0.4688, +0.4678, +0.4819, +0.4604, +0.4708, +0.4515, +0.4890, +0.4945, +0.4692, +0.4756, +0.4827, +0.4849, +0.4855, +0.4668, +0.4755, +0.4864, +0.4628, +0.4713, +0.4588, +0.4606, +0.5054, +0.4827, +0.4673, +0.4988, +0.4800, +0.4948, +0.4482, +0.4623, +0.4703, +0.4483, +0.4692, +0.4735, +0.4884, +0.4611, +0.4868, +0.4925, +0.4894, +0.4841, +0.4710, +0.4976, +0.5117, +0.4696, +0.4480, +0.5045, +0.4916, +0.4953, +0.4826, +0.4919, +0.4895, +0.4755, +0.4803, +0.4748, +0.4727, +0.4744, +0.4804, +0.4598, +0.4735, +0.4799, +0.4730, +0.4747, +0.4832, +0.4582, +0.4835, +0.4907, +0.4926, +0.4774, +0.4860, +0.4701, +0.4620, +0.4764, +0.4787, +0.4840, +0.4715, +0.4686, +0.4615, +0.4822, +0.4850, +0.4531, +0.4926, +0.4892, +0.4795, +0.4573, +0.4726, +0.4789, +0.4863, +0.4802, +0.4861, +0.4951, +0.4735, +0.4719, +0.4901, +0.4971, +0.4587, +0.4974, +0.4700, +0.4623, +0.4556, +0.4810, +0.4685, +0.4637, +0.4587, +0.4790, +0.4873, +0.4749, +0.4681, +0.5021, +0.4847, +0.4973, +0.4734, +0.4784, +0.4854, +0.4657, +0.4348, +0.4588, +0.4894, +0.4637, +0.4513, +0.4561, +0.4442, +0.4688, +0.4889, +0.4778, +0.4483, +0.4871, +0.4821, +0.4741, +0.4902, +0.4589, +0.4786, +0.4851, +0.4912, +0.4799, +0.4836, +0.4746, +0.4538, +0.5033, +0.4645, +0.4874, +0.4754, +0.4974, +0.4633, +0.4797, +0.4814, +0.4679, +0.4814, +0.4730, +0.4600, +0.4732, +0.4789, +0.4814, +0.4635, +0.4775, +0.4667, +0.4814, +0.4725, +0.4725, +0.4565, +0.4868, +0.4847, +0.4490, +0.4613, +0.5059, +0.4687, +0.4693, +0.4962, +0.4998, +0.4672, +0.4764, +0.4690, +0.4735, +0.4854]
             t0_alloc_blue: [+0.5039, +0.5012, +0.4625, +0.3847, +0.4462, +0.4184, +0.4235, +0.3275, +0.2852, +0.3269, +0.2609, +0.3262, +0.3836, +0.4264, +0.4433, +0.5330, +0.5838, +0.5700, +0.6148, +0.6102, +0.6853, +0.6288, +0.5641, +0.6364, +0.6965, +0.7735, +0.7791, +0.8100, +0.8502, +0.8698, +0.8675, +0.8595, +0.9000, +0.9192, +0.9313, +0.9303, +0.9396, +0.9613, +0.9601, +0.9877, +0.9766, +0.9799, +0.9752, +0.9852, +0.9861, +0.9818, +0.9708, +0.9914, +0.9850, +0.9690, +0.9757, +0.9490, +0.9620, +0.9592, +0.9696, +0.9601, +0.9493, +0.9387, +0.8982, +0.8785, +0.8378, +0.8684, +0.8181, +0.7906, +0.7821, +0.7135, +0.7034, +0.6702, +0.6081, +0.6266, +0.7393, +0.7769, +0.7136, +0.6419, +0.5497, +0.6289, +0.5964, +0.5391, +0.4873, +0.4824, +0.3849, +0.4195, +0.4893, +0.4954, +0.5909, +0.6763, +0.5825, +0.5413, +0.4078, +0.3856, +0.4632, +0.4363, +0.4832, +0.4467, +0.4760, +0.4870, +0.5265, +0.6443, +0.6616, +0.5597, +0.6075, +0.4237, +0.4405, +0.4710, +0.4528, +0.5574, +0.6256, +0.6531, +0.6087, +0.4565, +0.5139, +0.4772, +0.4914, +0.6015, +0.5646, +0.4885, +0.5019, +0.4905, +0.5204, +0.5787, +0.5475, +0.5343, +0.5721, +0.5664, +0.6554, +0.5196, +0.4739, +0.4920, +0.5557, +0.4609, +0.4660, +0.5714, +0.5621, +0.4442, +0.4376, +0.4827, +0.5678, +0.6714, +0.6486, +0.5811, +0.5398, +0.5069, +0.5076, +0.5402, +0.5567, +0.5453, +0.5260, +0.5262, +0.6060, +0.4570, +0.5062, +0.6354, +0.6228, +0.5907, +0.5817, +0.5086, +0.5139, +0.4593, +0.4628, +0.5521, +0.5737, +0.5003, +0.4900, +0.5359, +0.6249, +0.5747, +0.5206, +0.4942, +0.5235, +0.6133, +0.5139, +0.5499, +0.5410, +0.5112, +0.5832, +0.5929, +0.5942, +0.5617, +0.5332, +0.5213, +0.5150, +0.5295, +0.5391, +0.6255, +0.5395, +0.5433, +0.5850, +0.5366, +0.5257, +0.5132, +0.6354, +0.6628, +0.6201, +0.5218, +0.5311, +0.5129, +0.5772, +0.5233, +0.5686, +0.5175, +0.6075, +0.5714, +0.6058, +0.6546, +0.6469, +0.6080, +0.5601, +0.5270, +0.4662, +0.4849, +0.5275, +0.5759, +0.6081, +0.6012, +0.5250, +0.5385, +0.5408, +0.4905, +0.5310, +0.5015, +0.4959, +0.4521, +0.4865, +0.5664, +0.5165, +0.5677, +0.5724, +0.5270, +0.5249, +0.5137, +0.5408, +0.5417, +0.5317, +0.4956, +0.4263, +0.4979, +0.5181, +0.5615, +0.5868, +0.5777, +0.5796, +0.5693, +0.5068, +0.4662, +0.4706, +0.5550, +0.5122, +0.5752, +0.5682, +0.5736, +0.5369, +0.5317, +0.5668, +0.5798, +0.5647, +0.5313, +0.5318, +0.5390, +0.5650, +0.5561, +0.5101, +0.4739, +0.5045, +0.5448, +0.5415, +0.4925, +0.5353, +0.5140, +0.5689, +0.5695, +0.5050, +0.5375, +0.4595, +0.5394, +0.5780, +0.5405, +0.5114, +0.5284, +0.5558, +0.5796, +0.5868, +0.5258, +0.5515, +0.5731, +0.5377, +0.4983, +0.5534, +0.5742, +0.5086, +0.5163, +0.5277, +0.5206, +0.5378, +0.5273, +0.4863, +0.5029, +0.5000, +0.5673, +0.5969, +0.5607, +0.5490, +0.5164, +0.5105, +0.5199, +0.5500, +0.5353, +0.5196, +0.5154, +0.4942, +0.5162, +0.5616, +0.5514, +0.5461, +0.5249, +0.4843, +0.4953, +0.5378, +0.5386, +0.5763, +0.5178, +0.4979, +0.5390, +0.5595, +0.5605, +0.5288, +0.4967, +0.4926, +0.5448, +0.5325, +0.5201, +0.5411, +0.5060, +0.5583, +0.5674, +0.4886, +0.4594, +0.5362, +0.5328, +0.5131, +0.4832, +0.5242, +0.5395, +0.5552, +0.5772, +0.5831, +0.5329, +0.5320, +0.5125, +0.4775, +0.5345, +0.4870, +0.5482, +0.5775, +0.5108, +0.6058, +0.5452, +0.5474, +0.5803, +0.5780, +0.5109, +0.4984, +0.5027, +0.4902, +0.5247, +0.5564, +0.5519, +0.5568, +0.5572, +0.4933, +0.5126, +0.5297, +0.5147, +0.5047, +0.5464, +0.5367, +0.5007, +0.5020, +0.5689, +0.5170, +0.5539, +0.5255, +0.4662, +0.5666, +0.5435, +0.5343, +0.5526, +0.4807, +0.5327, +0.5186, +0.5422, +0.5282, +0.5944, +0.4956, +0.4550, +0.5113, +0.4831, +0.5497, +0.5347, +0.5816, +0.5338, +0.5520, +0.5359, +0.5300, +0.5465, +0.5416, +0.5040, +0.4695, +0.5099, +0.5119, +0.5356, +0.4919, +0.5350, +0.5518, +0.5461, +0.5149, +0.4600, +0.5084, +0.5818, +0.5721, +0.5318, +0.5288, +0.5287, +0.5120, +0.5321, +0.5420, +0.5007, +0.4927, +0.5396, +0.5166, +0.5304, +0.4724, +0.4942, +0.5122, +0.5748, +0.5038, +0.5302, +0.5170, +0.5125, +0.5156, +0.5263, +0.5246, +0.5326, +0.5390, +0.4845, +0.4909, +0.5399, +0.5503, +0.5686, +0.5630, +0.5284, +0.5454, +0.5540, +0.5283, +0.5152, +0.5362, +0.5006, +0.4925, +0.4832, +0.4896, +0.5231, +0.5488, +0.5198, +0.5622, +0.5180, +0.5217, +0.5337, +0.5434, +0.5318, +0.5207, +0.5036, +0.5040, +0.4761, +0.5201, +0.5222, +0.5625, +0.5134, +0.5610, +0.5043, +0.5310, +0.5524, +0.5356, +0.5698, +0.5183, +0.5144, +0.4966, +0.5438, +0.4842, +0.5223, +0.5918, +0.5110, +0.5094, +0.4708, +0.4977, +0.5067, +0.5007, +0.5592, +0.5615, +0.5477, +0.4976, +0.5105, +0.5361, +0.5725, +0.5394, +0.5285, +0.5517, +0.5128, +0.4909, +0.5824, +0.5229, +0.5111, +0.5082, +0.5650, +0.5143, +0.4695, +0.5313, +0.5523, +0.5735, +0.5230, +0.5117, +0.5401, +0.5102, +0.5556, +0.5613, +0.5304, +0.5282, +0.5376, +0.5388, +0.5274, +0.4930, +0.5236, +0.5368, +0.5699, +0.5387, +0.5625, +0.5114, +0.5203, +0.5068, +0.5274, +0.5071, +0.4805, +0.4800, +0.4964, +0.5295, +0.5325, +0.5402, +0.5241, +0.5270, +0.4950, +0.5053, +0.5067, +0.5450, +0.5605, +0.5338, +0.5375, +0.5164, +0.5382, +0.5264, +0.5545, +0.5468, +0.5121, +0.5097, +0.4814, +0.4886, +0.5112, +0.5492, +0.5289, +0.5468, +0.5104, +0.5586, +0.5247, +0.5330, +0.5237, +0.5452, +0.5464, +0.5593, +0.5373, +0.4957, +0.5099, +0.5365, +0.5076, +0.5038, +0.5341, +0.5278, +0.5348, +0.5165, +0.5358, +0.5279, +0.5062, +0.5241, +0.5275, +0.5736, +0.5278, +0.5187, +0.5193, +0.5109, +0.5381, +0.5526, +0.5556, +0.5369, +0.5375, +0.5601, +0.5435, +0.5839, +0.5511, +0.5321, +0.5043, +0.4960, +0.4847, +0.5064, +0.5070, +0.5442, +0.5539, +0.5650, +0.5287, +0.5307, +0.5249, +0.5336, +0.5525, +0.5394, +0.5659, +0.5552, +0.4943, +0.5172, +0.5016, +0.5014, +0.5180, +0.5335, +0.5182, +0.5302, +0.5352, +0.5369, +0.5057, +0.5109, +0.5384, +0.5144, +0.5290, +0.5277, +0.5071, +0.5136, +0.5416, +0.5155, +0.5255, +0.5418, +0.5347, +0.5338, +0.5424, +0.4941, +0.5205, +0.5025, +0.5288, +0.5423, +0.5245, +0.5611, +0.5383, +0.5657, +0.5131, +0.5176, +0.5108, +0.4996, +0.5592, +0.5126, +0.5296, +0.5327, +0.5530, +0.5545, +0.5249, +0.4907, +0.5477, +0.5455, +0.5498, +0.5581, +0.5481, +0.5066, +0.5162, +0.5192, +0.5308, +0.5277, +0.5118, +0.5433, +0.5102, +0.4972, +0.5231, +0.5416, +0.5324, +0.5094, +0.5167, +0.5372, +0.5143, +0.5295, +0.5216, +0.5371, +0.5190, +0.5002, +0.5396, +0.5305, +0.5079, +0.5334, +0.5232, +0.5246, +0.5220, +0.5661, +0.5293, +0.5128, +0.5143, +0.5018, +0.5323, +0.5435, +0.5501, +0.5068, +0.5103, +0.5455, +0.5409, +0.5295, +0.4967, +0.5156, +0.5508, +0.5477, +0.5436, +0.5476, +0.5184, +0.5121, +0.5400, +0.5334, +0.5239, +0.5423, +0.5244, +0.5438, +0.5260, +0.5155, +0.5443, +0.5441, +0.5245, +0.5077, +0.5072, +0.5103, +0.5088, +0.5083, +0.5519, +0.5296, +0.5519, +0.5308, +0.5599, +0.5541, +0.5398, +0.5312, +0.5322, +0.5181, +0.5396, +0.5292, +0.5485, +0.5110, +0.5055, +0.5308, +0.5244, +0.5173, +0.5151, +0.5145, +0.5332, +0.5245, +0.5136, +0.5372, +0.5287, +0.5412, +0.5394, +0.4946, +0.5173, +0.5327, +0.5012, +0.5200, +0.5052, +0.5518, +0.5377, +0.5297, +0.5517, +0.5308, +0.5265, +0.5116, +0.5389, +0.5132, +0.5075, +0.5106, +0.5159, +0.5290, +0.5024, +0.4883, +0.5304, +0.5520, +0.4955, +0.5084, +0.5047, +0.5174, +0.5081, +0.5105, +0.5245, +0.5197, +0.5252, +0.5273, +0.5256, +0.5196, +0.5402, +0.5265, +0.5201, +0.5270, +0.5253, +0.5168, +0.5418, +0.5165, +0.5093, +0.5074, +0.5226, +0.5140, +0.5299, +0.5380, +0.5236, +0.5213, +0.5160, +0.5285, +0.5314, +0.5385, +0.5178, +0.5150, +0.5469, +0.5074, +0.5108, +0.5205, +0.5427, +0.5274, +0.5211, +0.5137, +0.5198, +0.5139, +0.5049, +0.5265, +0.5281, +0.5099, +0.5029, +0.5413, +0.5026, +0.5300, +0.5377, +0.5444, +0.5190, +0.5315, +0.5363, +0.5413, +0.5210, +0.5127, +0.5251, +0.5319, +0.4979, +0.5153, +0.5027, +0.5266, +0.5216, +0.5146, +0.5343, +0.5652, +0.5412, +0.5106, +0.5363, +0.5487, +0.5439, +0.5558, +0.5312, +0.5111, +0.5222, +0.5517, +0.5129, +0.5179, +0.5259, +0.5098, +0.5411, +0.5214, +0.5149, +0.5088, +0.5201, +0.5164, +0.5254, +0.5462, +0.4967, +0.5355, +0.5126, +0.5246, +0.5026, +0.5367, +0.5203, +0.5186, +0.5321, +0.5186, +0.5270, +0.5400, +0.5268, +0.5211, +0.5186, +0.5365, +0.5225, +0.5333, +0.5186, +0.5275, +0.5275, +0.5435, +0.5132, +0.5153, +0.5510, +0.5387, +0.4941, +0.5313, +0.5307, +0.5038, +0.5002, +0.5328, +0.5236, +0.5310, +0.5265, +0.5146]
[main] saved params (seed 0) -> /juice6/u/jshe/emergent_partner_grid/train/train_logs/v1_balanced_training/counterbalanced1096_20261007_001529_seeds6to10/rnn_diverse_influence_seed9.safetensors
[main] saved resolved config -> /juice6/u/jshe/emergent_partner_grid/train/train_logs/v1_balanced_training/counterbalanced1096_20261007_001529_seeds6to10/rnn_diverse_influence_seed9_config.json
[sampling audit] /juice6/u/jshe/emergent_partner_grid/train/train_logs/v1_balanced_training/counterbalanced1096_20261007_001529_seeds6to10/rnn_diverse_influence_seed9_sampling_audit.json
[eval] train: layouts_dir=/juice6/u/jshe/emergent_partner_grid/train/run_snapshots/counterbalanced1096_20261002_235609/corpus/layouts/train, 20 episodes/cap × 24 capability pairs...
[eval] train: round_success_overall=0.985  (n_rounds=9600)
    cap=(1,4)  succ=0.990  n_rounds=400
    cap=(1,7)  succ=0.990  n_rounds=400
    cap=(1,8)  succ=0.988  n_rounds=400
    cap=(1,9)  succ=0.967  n_rounds=400
    cap=(2,4)  succ=0.988  n_rounds=400
    cap=(2,7)  succ=0.990  n_rounds=400
    cap=(2,8)  succ=0.988  n_rounds=400
    cap=(2,9)  succ=0.985  n_rounds=400
    cap=(3,4)  succ=0.980  n_rounds=400
    cap=(3,7)  succ=0.983  n_rounds=400
    cap=(3,8)  succ=0.988  n_rounds=400
    cap=(3,9)  succ=0.988  n_rounds=400
    cap=(4,1)  succ=0.983  n_rounds=400
    cap=(4,2)  succ=0.995  n_rounds=400
    cap=(4,3)  succ=0.988  n_rounds=400
    cap=(7,1)  succ=0.990  n_rounds=400
    cap=(7,2)  succ=0.995  n_rounds=400
    cap=(7,3)  succ=0.983  n_rounds=400
    cap=(8,1)  succ=0.985  n_rounds=400
    cap=(8,2)  succ=0.983  n_rounds=400
    cap=(8,3)  succ=0.985  n_rounds=400
    cap=(9,1)  succ=0.970  n_rounds=400
    cap=(9,2)  succ=0.988  n_rounds=400
    cap=(9,3)  succ=0.985  n_rounds=400
[eval] test: layouts_dir=/juice6/u/jshe/emergent_partner_grid/train/run_snapshots/counterbalanced1096_20261002_235609/corpus/layouts/train, 20 episodes/cap × 22 capability pairs...
[eval] test: round_success_overall=0.980  (n_rounds=8800)
    cap=(0,5)  succ=0.962  n_rounds=400
    cap=(0,6)  succ=0.975  n_rounds=400
    cap=(1,5)  succ=0.973  n_rounds=400
    cap=(1,6)  succ=0.990  n_rounds=400
    cap=(2,5)  succ=0.980  n_rounds=400
    cap=(2,6)  succ=0.988  n_rounds=400
    cap=(3,5)  succ=0.990  n_rounds=400
    cap=(3,6)  succ=0.983  n_rounds=400
    cap=(7,0)  succ=0.975  n_rounds=400
    cap=(8,0)  succ=0.962  n_rounds=400
    cap=(9,0)  succ=0.962  n_rounds=400
    cap=(5,0)  succ=0.973  n_rounds=400
    cap=(5,1)  succ=0.983  n_rounds=400
    cap=(5,2)  succ=0.993  n_rounds=400
    cap=(5,3)  succ=0.995  n_rounds=400
    cap=(6,0)  succ=0.983  n_rounds=400
    cap=(6,1)  succ=0.993  n_rounds=400
    cap=(6,2)  succ=0.990  n_rounds=400
    cap=(6,3)  succ=0.995  n_rounds=400
    cap=(0,7)  succ=0.962  n_rounds=400
    cap=(0,8)  succ=0.978  n_rounds=400
    cap=(0,9)  succ=0.980  n_rounds=400
[eval] wrote per-capability / per-round numbers -> /juice6/u/jshe/emergent_partner_grid/train/train_logs/v1_balanced_training/counterbalanced1096_20261007_001529_seeds6to10/rnn_diverse_influence_seed9_eval.json
