[main] compiling and running 1 seed(s)...
[counterbalanced schedule] {'sampling_protocol': 'paired_counterbalanced_v1', 'seed': 2026, 'n_layouts': 1096, 'n_profiles': 24, 'rounds_per_episode': 20, 'passes_per_cycle': 5, 'episodes_per_profile_per_cycle': 274, 'rounds_per_cycle': 131520, 'visits_per_profile_layout_per_cycle': 5, 'packets': 125218, 'preallocated_episodes': 3005232, 'preallocated_rounds': 60104640, 'maximum_allocated_episode_imbalance_at_any_prefix': 1}
[u    1] env=    65536 rsucc=0.416 n_rounds=  664 ret=+0.000 len= 0.0 ent(t0,t>=1)=(0.693,1.609) aL=-0.0001 vL=0.0202 t0=[red=0.51 blue=0.49]
[u    2] env=   131072 rsucc=0.307 n_rounds=  788 ret=+0.000 len= 0.0 ent(t0,t>=1)=(0.691,1.609) aL=-0.0001 vL=0.0157 t0=[red=0.49 blue=0.51]
[u    3] env=   196608 rsucc=0.392 n_rounds=  793 ret=+0.000 len= 0.0 ent(t0,t>=1)=(0.688,1.606) aL=-0.0003 vL=0.0181 t0=[red=0.55 blue=0.45]
[u    4] env=   262144 rsucc=0.335 n_rounds=  787 ret=+0.000 len= 0.0 ent(t0,t>=1)=(0.692,1.597) aL=-0.0011 vL=0.0155 t0=[red=0.54 blue=0.46]
[u    5] env=   327680 rsucc=0.323 n_rounds=  744 ret=+0.000 len= 0.0 ent(t0,t>=1)=(0.693,1.585) aL=-0.0008 vL=0.0139 t0=[red=0.52 blue=0.48]
[u    6] env=   393216 rsucc=0.310 n_rounds=  768 ret=-5.169 len=1476.4 ent(t0,t>=1)=(0.693,1.584) aL=-0.0035 vL=0.0152 t0=[red=0.53 blue=0.47]
[u    7] env=   458752 rsucc=0.316 n_rounds=  759 ret=-9.698 len=1677.4 ent(t0,t>=1)=(0.689,1.570) aL=-0.0020 vL=0.0181 t0=[red=0.49 blue=0.51]
[u    8] env=   524288 rsucc=0.381 n_rounds=  796 ret=-14.012 len=1846.5 ent(t0,t>=1)=(0.653,1.555) aL=-0.0011 vL=0.0186 t0=[red=0.57 blue=0.43]
[u    9] env=   589824 rsucc=0.338 n_rounds=  780 ret=+0.000 len= 0.0 ent(t0,t>=1)=(0.647,1.562) aL=-0.0007 vL=0.0159 t0=[red=0.65 blue=0.35]
[u   10] env=   655360 rsucc=0.426 n_rounds=  823 ret=+0.000 len= 0.0 ent(t0,t>=1)=(0.669,1.557) aL=-0.0014 vL=0.0197 t0=[red=0.65 blue=0.35]
[u   11] env=   720896 rsucc=0.368 n_rounds=  768 ret=+0.000 len= 0.0 ent(t0,t>=1)=(0.688,1.541) aL=-0.0010 vL=0.0171 t0=[red=0.55 blue=0.45]
[u   12] env=   786432 rsucc=0.401 n_rounds=  813 ret=-4.084 len=1455.6 ent(t0,t>=1)=(0.681,1.545) aL=-0.0008 vL=0.0199 t0=[red=0.47 blue=0.53]
[u   13] env=   851968 rsucc=0.403 n_rounds=  811 ret=-7.051 len=1589.6 ent(t0,t>=1)=(0.690,1.535) aL=-0.0038 vL=0.0213 t0=[red=0.40 blue=0.60]
[u   14] env=   917504 rsucc=0.427 n_rounds=  818 ret=-10.181 len=1699.8 ent(t0,t>=1)=(0.689,1.524) aL=-0.0051 vL=0.0228 t0=[red=0.50 blue=0.50]
[u   15] env=   983040 rsucc=0.565 n_rounds=  883 ret=-13.044 len=1814.9 ent(t0,t>=1)=(0.686,1.517) aL=-0.0051 vL=0.0268 t0=[red=0.57 blue=0.43]
[u   16] env=  1048576 rsucc=0.644 n_rounds=  942 ret=+0.000 len= 0.0 ent(t0,t>=1)=(0.687,1.501) aL=-0.0046 vL=0.0300 t0=[red=0.50 blue=0.50]
[u   17] env=  1114112 rsucc=0.631 n_rounds=  932 ret=+1.956 len=1258.8 ent(t0,t>=1)=(0.666,1.492) aL=-0.0032 vL=0.0267 t0=[red=0.43 blue=0.57]
[u   18] env=  1179648 rsucc=0.611 n_rounds=  928 ret=-0.769 len=1351.1 ent(t0,t>=1)=(0.658,1.496) aL=-0.0032 vL=0.0285 t0=[red=0.41 blue=0.59]
[u   19] env=  1245184 rsucc=0.631 n_rounds=  926 ret=-2.440 len=1448.0 ent(t0,t>=1)=(0.654,1.487) aL=-0.0051 vL=0.0289 t0=[red=0.39 blue=0.61]
[u   20] env=  1310720 rsucc=0.634 n_rounds=  945 ret=-3.484 len=1504.9 ent(t0,t>=1)=(0.630,1.471) aL=-0.0047 vL=0.0280 t0=[red=0.40 blue=0.60]
[u   21] env=  1376256 rsucc=0.635 n_rounds=  929 ret=-6.442 len=1610.9 ent(t0,t>=1)=(0.589,1.462) aL=-0.0036 vL=0.0271 t0=[red=0.33 blue=0.67]
[u   22] env=  1441792 rsucc=0.641 n_rounds=  950 ret=-1.960 len=1408.0 ent(t0,t>=1)=(0.564,1.461) aL=-0.0033 vL=0.0283 t0=[red=0.27 blue=0.73]
[u   23] env=  1507328 rsucc=0.631 n_rounds=  955 ret=+2.396 len=1233.8 ent(t0,t>=1)=(0.542,1.466) aL=-0.0036 vL=0.0262 t0=[red=0.25 blue=0.75]
[u   24] env=  1572864 rsucc=0.653 n_rounds=  929 ret=+0.375 len=1342.0 ent(t0,t>=1)=(0.578,1.466) aL=-0.0042 vL=0.0279 t0=[red=0.24 blue=0.76]
[u   25] env=  1638400 rsucc=0.559 n_rounds=  901 ret=-2.324 len=1433.5 ent(t0,t>=1)=(0.642,1.443) aL=-0.0025 vL=0.0241 t0=[red=0.27 blue=0.73]
[u   26] env=  1703936 rsucc=0.605 n_rounds=  946 ret=-4.348 len=1516.6 ent(t0,t>=1)=(0.665,1.451) aL=-0.0028 vL=0.0271 t0=[red=0.37 blue=0.63]
[u   27] env=  1769472 rsucc=0.641 n_rounds=  937 ret=-2.941 len=1477.3 ent(t0,t>=1)=(0.676,1.430) aL=-0.0038 vL=0.0272 t0=[red=0.41 blue=0.59]
[u   28] env=  1835008 rsucc=0.662 n_rounds=  974 ret=+0.529 len=1290.4 ent(t0,t>=1)=(0.675,1.429) aL=-0.0040 vL=0.0295 t0=[red=0.50 blue=0.50]
[u   29] env=  1900544 rsucc=0.694 n_rounds= 1002 ret=+0.180 len=1333.4 ent(t0,t>=1)=(0.682,1.422) aL=-0.0036 vL=0.0311 t0=[red=0.53 blue=0.47]
[u   30] env=  1966080 rsucc=0.650 n_rounds=  938 ret=+0.244 len=1348.8 ent(t0,t>=1)=(0.681,1.450) aL=-0.0041 vL=0.0293 t0=[red=0.56 blue=0.44]
[u   31] env=  2031616 rsucc=0.633 n_rounds=  947 ret=-1.315 len=1397.6 ent(t0,t>=1)=(0.651,1.449) aL=-0.0041 vL=0.0275 t0=[red=0.44 blue=0.56]
[u   32] env=  2097152 rsucc=0.613 n_rounds=  946 ret=-1.911 len=1439.8 ent(t0,t>=1)=(0.604,1.463) aL=-0.0031 vL=0.0264 t0=[red=0.35 blue=0.65]
[u   33] env=  2162688 rsucc=0.667 n_rounds=  942 ret=+0.223 len=1324.3 ent(t0,t>=1)=(0.554,1.446) aL=-0.0041 vL=0.0274 t0=[red=0.26 blue=0.74]
[u   34] env=  2228224 rsucc=0.639 n_rounds=  961 ret=+0.242 len=1341.5 ent(t0,t>=1)=(0.512,1.440) aL=-0.0035 vL=0.0264 t0=[red=0.22 blue=0.78]
[u   35] env=  2293760 rsucc=0.669 n_rounds=  949 ret=-1.266 len=1382.8 ent(t0,t>=1)=(0.512,1.440) aL=-0.0030 vL=0.0295 t0=[red=0.22 blue=0.78]
[u   36] env=  2359296 rsucc=0.705 n_rounds= 1000 ret=-1.349 len=1411.1 ent(t0,t>=1)=(0.488,1.421) aL=-0.0041 vL=0.0294 t0=[red=0.21 blue=0.79]
[u   37] env=  2424832 rsucc=0.648 n_rounds=  968 ret=-1.520 len=1436.6 ent(t0,t>=1)=(0.484,1.421) aL=-0.0035 vL=0.0269 t0=[red=0.22 blue=0.78]
[u   38] env=  2490368 rsucc=0.700 n_rounds= 1016 ret=+2.526 len=1262.4 ent(t0,t>=1)=(0.508,1.445) aL=-0.0040 vL=0.0291 t0=[red=0.20 blue=0.80]
[u   39] env=  2555904 rsucc=0.739 n_rounds= 1003 ret=+2.507 len=1245.2 ent(t0,t>=1)=(0.513,1.426) aL=-0.0044 vL=0.0304 t0=[red=0.22 blue=0.78]
[u   40] env=  2621440 rsucc=0.656 n_rounds=  972 ret=+0.941 len=1313.0 ent(t0,t>=1)=(0.548,1.407) aL=-0.0035 vL=0.0277 t0=[red=0.24 blue=0.76]
[u   41] env=  2686976 rsucc=0.667 n_rounds=  958 ret=-0.144 len=1355.1 ent(t0,t>=1)=(0.547,1.427) aL=-0.0038 vL=0.0256 t0=[red=0.26 blue=0.74]
[u   42] env=  2752512 rsucc=0.653 n_rounds=  948 ret=-1.918 len=1429.7 ent(t0,t>=1)=(0.532,1.434) aL=-0.0041 vL=0.0265 t0=[red=0.27 blue=0.73]
[u   43] env=  2818048 rsucc=0.709 n_rounds=  983 ret=+0.934 len=1326.9 ent(t0,t>=1)=(0.587,1.455) aL=-0.0035 vL=0.0287 t0=[red=0.26 blue=0.74]
[u   44] env=  2883584 rsucc=0.686 n_rounds=  985 ret=+1.358 len=1273.4 ent(t0,t>=1)=(0.586,1.450) aL=-0.0054 vL=0.0266 t0=[red=0.31 blue=0.69]
[u   45] env=  2949120 rsucc=0.667 n_rounds=  973 ret=+0.586 len=1328.6 ent(t0,t>=1)=(0.570,1.421) aL=-0.0038 vL=0.0286 t0=[red=0.30 blue=0.70]
[u   46] env=  3014656 rsucc=0.653 n_rounds=  978 ret=+0.037 len=1367.2 ent(t0,t>=1)=(0.533,1.427) aL=-0.0040 vL=0.0264 t0=[red=0.29 blue=0.71]
[u   47] env=  3080192 rsucc=0.618 n_rounds=  905 ret=+0.041 len=1363.1 ent(t0,t>=1)=(0.481,1.448) aL=-0.0034 vL=0.0252 t0=[red=0.25 blue=0.75]
[u   48] env=  3145728 rsucc=0.687 n_rounds= 1006 ret=-0.342 len=1371.2 ent(t0,t>=1)=(0.460,1.435) aL=-0.0036 vL=0.0305 t0=[red=0.18 blue=0.82]
[u   49] env=  3211264 rsucc=0.721 n_rounds= 1032 ret=+0.303 len=1318.1 ent(t0,t>=1)=(0.453,1.407) aL=-0.0045 vL=0.0309 t0=[red=0.20 blue=0.80]
[u   50] env=  3276800 rsucc=0.689 n_rounds= 1004 ret=+1.550 len=1280.4 ent(t0,t>=1)=(0.469,1.403) aL=-0.0037 vL=0.0304 t0=[red=0.19 blue=0.81]
[u   51] env=  3342336 rsucc=0.653 n_rounds=  952 ret=+0.146 len=1324.8 ent(t0,t>=1)=(0.505,1.386) aL=-0.0050 vL=0.0266 t0=[red=0.22 blue=0.78]
[u   52] env=  3407872 rsucc=0.652 n_rounds=  960 ret=-0.006 len=1346.1 ent(t0,t>=1)=(0.524,1.429) aL=-0.0043 vL=0.0277 t0=[red=0.21 blue=0.79]
[u   53] env=  3473408 rsucc=0.726 n_rounds= 1026 ret=+0.234 len=1355.9 ent(t0,t>=1)=(0.577,1.399) aL=-0.0041 vL=0.0294 t0=[red=0.26 blue=0.74]
[u   54] env=  3538944 rsucc=0.711 n_rounds= 1020 ret=+0.471 len=1322.5 ent(t0,t>=1)=(0.615,1.392) aL=-0.0040 vL=0.0279 t0=[red=0.29 blue=0.71]
[u   55] env=  3604480 rsucc=0.645 n_rounds=  965 ret=+0.673 len=1320.1 ent(t0,t>=1)=(0.622,1.397) aL=-0.0041 vL=0.0263 t0=[red=0.32 blue=0.68]
[u   56] env=  3670016 rsucc=0.646 n_rounds=  990 ret=+0.529 len=1316.6 ent(t0,t>=1)=(0.607,1.378) aL=-0.0043 vL=0.0274 t0=[red=0.33 blue=0.67]
[u   57] env=  3735552 rsucc=0.620 n_rounds=  955 ret=-1.036 len=1375.5 ent(t0,t>=1)=(0.608,1.392) aL=-0.0044 vL=0.0264 t0=[red=0.37 blue=0.63]
[u   58] env=  3801088 rsucc=0.592 n_rounds=  920 ret=-0.294 len=1342.4 ent(t0,t>=1)=(0.613,1.382) aL=-0.0046 vL=0.0244 t0=[red=0.37 blue=0.63]
[u   59] env=  3866624 rsucc=0.624 n_rounds=  973 ret=+0.710 len=1319.0 ent(t0,t>=1)=(0.614,1.395) aL=-0.0045 vL=0.0247 t0=[red=0.41 blue=0.59]
[u   60] env=  3932160 rsucc=0.634 n_rounds=  955 ret=+0.117 len=1303.6 ent(t0,t>=1)=(0.637,1.416) aL=-0.0042 vL=0.0261 t0=[red=0.35 blue=0.65]
[u   61] env=  3997696 rsucc=0.597 n_rounds=  898 ret=+0.476 len=1307.5 ent(t0,t>=1)=(0.633,1.392) aL=-0.0042 vL=0.0244 t0=[red=0.36 blue=0.64]
[u   62] env=  4063232 rsucc=0.663 n_rounds=  984 ret=-0.896 len=1380.2 ent(t0,t>=1)=(0.650,1.372) aL=-0.0055 vL=0.0269 t0=[red=0.40 blue=0.60]
[u   63] env=  4128768 rsucc=0.674 n_rounds=  984 ret=-1.176 len=1391.3 ent(t0,t>=1)=(0.654,1.363) aL=-0.0046 vL=0.0265 t0=[red=0.49 blue=0.51]
[u   64] env=  4194304 rsucc=0.660 n_rounds=  969 ret=-2.361 len=1427.2 ent(t0,t>=1)=(0.665,1.341) aL=-0.0054 vL=0.0262 t0=[red=0.52 blue=0.48]
[u   65] env=  4259840 rsucc=0.707 n_rounds= 1020 ret=+0.472 len=1304.7 ent(t0,t>=1)=(0.666,1.329) aL=-0.0054 vL=0.0275 t0=[red=0.54 blue=0.46]
[u   66] env=  4325376 rsucc=0.739 n_rounds= 1042 ret=+0.094 len=1341.6 ent(t0,t>=1)=(0.652,1.346) aL=-0.0047 vL=0.0296 t0=[red=0.47 blue=0.53]
[u   67] env=  4390912 rsucc=0.685 n_rounds= 1015 ret=-0.189 len=1359.0 ent(t0,t>=1)=(0.634,1.380) aL=-0.0054 vL=0.0274 t0=[red=0.43 blue=0.57]
[u   68] env=  4456448 rsucc=0.626 n_rounds=  910 ret=+0.376 len=1334.8 ent(t0,t>=1)=(0.635,1.362) aL=-0.0045 vL=0.0234 t0=[red=0.39 blue=0.61]
[u   69] env=  4521984 rsucc=0.655 n_rounds=  986 ret=+0.570 len=1331.7 ent(t0,t>=1)=(0.630,1.343) aL=-0.0041 vL=0.0246 t0=[red=0.44 blue=0.56]
[u   70] env=  4587520 rsucc=0.610 n_rounds=  935 ret=+2.334 len=1242.1 ent(t0,t>=1)=(0.625,1.351) aL=-0.0039 vL=0.0243 t0=[red=0.39 blue=0.61]
[u   71] env=  4653056 rsucc=0.677 n_rounds= 1011 ret=+0.481 len=1313.2 ent(t0,t>=1)=(0.607,1.352) aL=-0.0049 vL=0.0272 t0=[red=0.39 blue=0.61]
[u   72] env=  4718592 rsucc=0.617 n_rounds=  928 ret=-0.433 len=1341.2 ent(t0,t>=1)=(0.638,1.359) aL=-0.0043 vL=0.0234 t0=[red=0.39 blue=0.61]
[u   73] env=  4784128 rsucc=0.639 n_rounds=  976 ret=-1.066 len=1372.1 ent(t0,t>=1)=(0.644,1.363) aL=-0.0041 vL=0.0264 t0=[red=0.40 blue=0.60]
[u   74] env=  4849664 rsucc=0.676 n_rounds=  986 ret=-1.003 len=1387.4 ent(t0,t>=1)=(0.657,1.383) aL=-0.0048 vL=0.0296 t0=[red=0.44 blue=0.56]
[u   75] env=  4915200 rsucc=0.647 n_rounds=  947 ret=-1.364 len=1394.3 ent(t0,t>=1)=(0.642,1.381) aL=-0.0044 vL=0.0267 t0=[red=0.44 blue=0.56]
[u   76] env=  4980736 rsucc=0.642 n_rounds=  953 ret=+0.958 len=1303.5 ent(t0,t>=1)=(0.654,1.394) aL=-0.0051 vL=0.0260 t0=[red=0.51 blue=0.49]
[u   77] env=  5046272 rsucc=0.659 n_rounds=  962 ret=+0.477 len=1319.7 ent(t0,t>=1)=(0.663,1.392) aL=-0.0061 vL=0.0258 t0=[red=0.54 blue=0.46]
[u   78] env=  5111808 rsucc=0.651 n_rounds=  959 ret=-0.248 len=1356.9 ent(t0,t>=1)=(0.656,1.398) aL=-0.0050 vL=0.0263 t0=[red=0.52 blue=0.48]
[u   79] env=  5177344 rsucc=0.678 n_rounds= 1004 ret=-1.324 len=1392.8 ent(t0,t>=1)=(0.650,1.361) aL=-0.0052 vL=0.0275 t0=[red=0.49 blue=0.51]
[u   80] env=  5242880 rsucc=0.690 n_rounds= 1002 ret=-0.022 len=1353.1 ent(t0,t>=1)=(0.646,1.394) aL=-0.0054 vL=0.0256 t0=[red=0.53 blue=0.47]
[u   81] env=  5308416 rsucc=0.623 n_rounds=  948 ret=+1.002 len=1324.7 ent(t0,t>=1)=(0.625,1.393) aL=-0.0057 vL=0.0236 t0=[red=0.55 blue=0.45]
[u   82] env=  5373952 rsucc=0.648 n_rounds=  968 ret=-0.082 len=1348.3 ent(t0,t>=1)=(0.627,1.402) aL=-0.0058 vL=0.0258 t0=[red=0.47 blue=0.53]
[u   83] env=  5439488 rsucc=0.712 n_rounds= 1038 ret=+0.143 len=1317.0 ent(t0,t>=1)=(0.613,1.388) aL=-0.0059 vL=0.0305 t0=[red=0.46 blue=0.54]
[u   84] env=  5505024 rsucc=0.729 n_rounds= 1003 ret=-0.485 len=1364.4 ent(t0,t>=1)=(0.599,1.402) aL=-0.0057 vL=0.0289 t0=[red=0.51 blue=0.49]
[u   85] env=  5570560 rsucc=0.618 n_rounds=  973 ret=-0.025 len=1321.8 ent(t0,t>=1)=(0.586,1.382) aL=-0.0053 vL=0.0230 t0=[red=0.52 blue=0.48]
[u   86] env=  5636096 rsucc=0.663 n_rounds=  976 ret=+0.211 len=1312.9 ent(t0,t>=1)=(0.625,1.394) aL=-0.0055 vL=0.0267 t0=[red=0.53 blue=0.47]
[u   87] env=  5701632 rsucc=0.645 n_rounds=  980 ret=+0.094 len=1337.3 ent(t0,t>=1)=(0.628,1.414) aL=-0.0061 vL=0.0282 t0=[red=0.50 blue=0.50]
[u   88] env=  5767168 rsucc=0.691 n_rounds=  990 ret=+0.926 len=1302.2 ent(t0,t>=1)=(0.594,1.411) aL=-0.0061 vL=0.0263 t0=[red=0.55 blue=0.45]
[u   89] env=  5832704 rsucc=0.682 n_rounds=  969 ret=+0.240 len=1330.8 ent(t0,t>=1)=(0.604,1.407) aL=-0.0059 vL=0.0245 t0=[red=0.62 blue=0.38]
[u   90] env=  5898240 rsucc=0.653 n_rounds=  946 ret=-0.443 len=1387.9 ent(t0,t>=1)=(0.580,1.407) aL=-0.0059 vL=0.0245 t0=[red=0.62 blue=0.38]
[u   91] env=  5963776 rsucc=0.669 n_rounds=  970 ret=+0.147 len=1342.2 ent(t0,t>=1)=(0.604,1.417) aL=-0.0058 vL=0.0257 t0=[red=0.62 blue=0.38]
[u   92] env=  6029312 rsucc=0.665 n_rounds=  973 ret=+1.253 len=1309.3 ent(t0,t>=1)=(0.609,1.415) aL=-0.0049 vL=0.0256 t0=[red=0.67 blue=0.33]
[u   93] env=  6094848 rsucc=0.670 n_rounds=  970 ret=+1.143 len=1308.4 ent(t0,t>=1)=(0.633,1.399) aL=-0.0055 vL=0.0258 t0=[red=0.59 blue=0.41]
[u   94] env=  6160384 rsucc=0.620 n_rounds=  966 ret=-0.594 len=1358.9 ent(t0,t>=1)=(0.620,1.414) aL=-0.0048 vL=0.0242 t0=[red=0.58 blue=0.42]
[u   95] env=  6225920 rsucc=0.718 n_rounds= 1044 ret=-2.259 len=1424.1 ent(t0,t>=1)=(0.595,1.418) aL=-0.0065 vL=0.0280 t0=[red=0.62 blue=0.38]
[u   96] env=  6291456 rsucc=0.630 n_rounds=  939 ret=-0.521 len=1363.1 ent(t0,t>=1)=(0.577,1.416) aL=-0.0056 vL=0.0241 t0=[red=0.64 blue=0.36]
[u   97] env=  6356992 rsucc=0.631 n_rounds=  991 ret=+0.158 len=1315.7 ent(t0,t>=1)=(0.588,1.397) aL=-0.0053 vL=0.0259 t0=[red=0.58 blue=0.42]
[u   98] env=  6422528 rsucc=0.676 n_rounds=  971 ret=-0.530 len=1356.1 ent(t0,t>=1)=(0.566,1.424) aL=-0.0063 vL=0.0266 t0=[red=0.63 blue=0.37]
[u   99] env=  6488064 rsucc=0.630 n_rounds=  946 ret=-0.343 len=1357.1 ent(t0,t>=1)=(0.548,1.432) aL=-0.0060 vL=0.0226 t0=[red=0.66 blue=0.34]
[u  100] env=  6553600 rsucc=0.618 n_rounds=  942 ret=-0.503 len=1359.0 ent(t0,t>=1)=(0.553,1.416) aL=-0.0054 vL=0.0226 t0=[red=0.70 blue=0.30]
[u  101] env=  6619136 rsucc=0.683 n_rounds= 1034 ret=+0.096 len=1331.7 ent(t0,t>=1)=(0.549,1.419) aL=-0.0068 vL=0.0270 t0=[red=0.67 blue=0.33]
[u  102] env=  6684672 rsucc=0.711 n_rounds= 1005 ret=-0.261 len=1339.1 ent(t0,t>=1)=(0.553,1.423) aL=-0.0059 vL=0.0270 t0=[red=0.66 blue=0.34]
[u  103] env=  6750208 rsucc=0.682 n_rounds=  978 ret=-1.599 len=1392.5 ent(t0,t>=1)=(0.580,1.423) aL=-0.0061 vL=0.0264 t0=[red=0.66 blue=0.34]
[u  104] env=  6815744 rsucc=0.636 n_rounds=  934 ret=+0.113 len=1352.2 ent(t0,t>=1)=(0.580,1.414) aL=-0.0060 vL=0.0234 t0=[red=0.66 blue=0.34]
[u  105] env=  6881280 rsucc=0.681 n_rounds=  993 ret=+0.757 len=1323.5 ent(t0,t>=1)=(0.557,1.417) aL=-0.0064 vL=0.0256 t0=[red=0.66 blue=0.34]
[u  106] env=  6946816 rsucc=0.649 n_rounds=  945 ret=+0.702 len=1318.6 ent(t0,t>=1)=(0.586,1.418) aL=-0.0060 vL=0.0225 t0=[red=0.67 blue=0.33]
[u  107] env=  7012352 rsucc=0.638 n_rounds=  958 ret=-0.093 len=1345.1 ent(t0,t>=1)=(0.611,1.406) aL=-0.0047 vL=0.0237 t0=[red=0.61 blue=0.39]
[u  108] env=  7077888 rsucc=0.685 n_rounds=  989 ret=+0.112 len=1340.7 ent(t0,t>=1)=(0.600,1.401) aL=-0.0059 vL=0.0258 t0=[red=0.62 blue=0.38]
[u  109] env=  7143424 rsucc=0.673 n_rounds= 1031 ret=-0.421 len=1374.8 ent(t0,t>=1)=(0.593,1.385) aL=-0.0057 vL=0.0256 t0=[red=0.58 blue=0.42]
[u  110] env=  7208960 rsucc=0.708 n_rounds=  994 ret=+0.561 len=1329.5 ent(t0,t>=1)=(0.583,1.390) aL=-0.0066 vL=0.0260 t0=[red=0.62 blue=0.38]
[u  111] env=  7274496 rsucc=0.659 n_rounds=  979 ret=+0.073 len=1337.6 ent(t0,t>=1)=(0.594,1.404) aL=-0.0061 vL=0.0245 t0=[red=0.53 blue=0.47]
[u  112] env=  7340032 rsucc=0.674 n_rounds= 1003 ret=+0.846 len=1297.7 ent(t0,t>=1)=(0.579,1.375) aL=-0.0069 vL=0.0258 t0=[red=0.53 blue=0.47]
[u  113] env=  7405568 rsucc=0.709 n_rounds= 1003 ret=+0.455 len=1319.4 ent(t0,t>=1)=(0.591,1.367) aL=-0.0064 vL=0.0262 t0=[red=0.54 blue=0.46]
[u  114] env=  7471104 rsucc=0.712 n_rounds= 1018 ret=+1.237 len=1292.8 ent(t0,t>=1)=(0.616,1.376) aL=-0.0062 vL=0.0274 t0=[red=0.52 blue=0.48]
[u  115] env=  7536640 rsucc=0.690 n_rounds= 1008 ret=+2.573 len=1239.9 ent(t0,t>=1)=(0.599,1.365) aL=-0.0063 vL=0.0252 t0=[red=0.48 blue=0.52]
[u  116] env=  7602176 rsucc=0.680 n_rounds= 1018 ret=+2.115 len=1263.5 ent(t0,t>=1)=(0.595,1.339) aL=-0.0067 vL=0.0255 t0=[red=0.52 blue=0.48]
[u  117] env=  7667712 rsucc=0.706 n_rounds= 1037 ret=+2.166 len=1233.5 ent(t0,t>=1)=(0.616,1.360) aL=-0.0062 vL=0.0272 t0=[red=0.48 blue=0.52]
[u  118] env=  7733248 rsucc=0.667 n_rounds= 1009 ret=+0.429 len=1315.6 ent(t0,t>=1)=(0.613,1.366) aL=-0.0059 vL=0.0261 t0=[red=0.48 blue=0.52]
[u  119] env=  7798784 rsucc=0.603 n_rounds=  915 ret=-1.303 len=1388.9 ent(t0,t>=1)=(0.598,1.372) aL=-0.0057 vL=0.0217 t0=[red=0.44 blue=0.56]
[u  120] env=  7864320 rsucc=0.643 n_rounds=  932 ret=-0.031 len=1329.0 ent(t0,t>=1)=(0.586,1.359) aL=-0.0064 vL=0.0240 t0=[red=0.50 blue=0.50]
[u  121] env=  7929856 rsucc=0.682 n_rounds= 1021 ret=-1.032 len=1371.1 ent(t0,t>=1)=(0.581,1.352) aL=-0.0066 vL=0.0249 t0=[red=0.55 blue=0.45]
[u  122] env=  7995392 rsucc=0.605 n_rounds=  924 ret=-0.279 len=1346.4 ent(t0,t>=1)=(0.582,1.363) aL=-0.0056 vL=0.0237 t0=[red=0.50 blue=0.50]
[u  123] env=  8060928 rsucc=0.672 n_rounds=  986 ret=-1.132 len=1370.0 ent(t0,t>=1)=(0.590,1.358) aL=-0.0067 vL=0.0264 t0=[red=0.46 blue=0.54]
[u  124] env=  8126464 rsucc=0.665 n_rounds= 1008 ret=-0.602 len=1357.4 ent(t0,t>=1)=(0.578,1.358) aL=-0.0064 vL=0.0251 t0=[red=0.47 blue=0.53]
[u  125] env=  8192000 rsucc=0.663 n_rounds= 1008 ret=-0.037 len=1346.4 ent(t0,t>=1)=(0.585,1.362) aL=-0.0068 vL=0.0275 t0=[red=0.56 blue=0.44]
[u  126] env=  8257536 rsucc=0.679 n_rounds=  998 ret=+0.394 len=1321.0 ent(t0,t>=1)=(0.604,1.366) aL=-0.0066 vL=0.0260 t0=[red=0.58 blue=0.42]
[u  127] env=  8323072 rsucc=0.702 n_rounds= 1031 ret=+0.455 len=1314.7 ent(t0,t>=1)=(0.606,1.377) aL=-0.0066 vL=0.0266 t0=[red=0.55 blue=0.45]
[u  128] env=  8388608 rsucc=0.681 n_rounds=  945 ret=-0.134 len=1330.2 ent(t0,t>=1)=(0.581,1.365) aL=-0.0068 vL=0.0263 t0=[red=0.58 blue=0.42]
[u  129] env=  8454144 rsucc=0.629 n_rounds=  967 ret=+0.591 len=1334.2 ent(t0,t>=1)=(0.578,1.351) aL=-0.0066 vL=0.0244 t0=[red=0.58 blue=0.42]
[u  130] env=  8519680 rsucc=0.670 n_rounds=  975 ret=-0.121 len=1341.6 ent(t0,t>=1)=(0.547,1.345) aL=-0.0061 vL=0.0243 t0=[red=0.59 blue=0.41]
[u  131] env=  8585216 rsucc=0.674 n_rounds=  988 ret=+1.201 len=1290.0 ent(t0,t>=1)=(0.540,1.350) aL=-0.0071 vL=0.0240 t0=[red=0.57 blue=0.43]
[u  132] env=  8650752 rsucc=0.668 n_rounds= 1003 ret=-1.834 len=1401.7 ent(t0,t>=1)=(0.574,1.344) aL=-0.0071 vL=0.0245 t0=[red=0.60 blue=0.40]
[u  133] env=  8716288 rsucc=0.699 n_rounds= 1032 ret=+0.936 len=1296.4 ent(t0,t>=1)=(0.576,1.342) aL=-0.0066 vL=0.0270 t0=[red=0.63 blue=0.37]
[u  134] env=  8781824 rsucc=0.669 n_rounds= 1002 ret=+0.577 len=1316.6 ent(t0,t>=1)=(0.537,1.312) aL=-0.0063 vL=0.0244 t0=[red=0.55 blue=0.45]
[u  135] env=  8847360 rsucc=0.693 n_rounds=  991 ret=+2.267 len=1265.5 ent(t0,t>=1)=(0.528,1.337) aL=-0.0068 vL=0.0255 t0=[red=0.59 blue=0.41]
[u  136] env=  8912896 rsucc=0.711 n_rounds= 1036 ret=+0.526 len=1323.5 ent(t0,t>=1)=(0.549,1.341) aL=-0.0073 vL=0.0265 t0=[red=0.50 blue=0.50]
[u  137] env=  8978432 rsucc=0.692 n_rounds= 1009 ret=+2.249 len=1228.2 ent(t0,t>=1)=(0.536,1.357) aL=-0.0068 vL=0.0252 t0=[red=0.63 blue=0.37]
[u  138] env=  9043968 rsucc=0.632 n_rounds=  976 ret=+0.649 len=1314.8 ent(t0,t>=1)=(0.552,1.337) aL=-0.0057 vL=0.0238 t0=[red=0.56 blue=0.44]
[u  139] env=  9109504 rsucc=0.729 n_rounds= 1057 ret=+1.122 len=1289.6 ent(t0,t>=1)=(0.535,1.312) aL=-0.0073 vL=0.0276 t0=[red=0.58 blue=0.42]
[u  140] env=  9175040 rsucc=0.695 n_rounds= 1006 ret=+3.100 len=1200.1 ent(t0,t>=1)=(0.524,1.332) aL=-0.0064 vL=0.0261 t0=[red=0.59 blue=0.41]
[u  141] env=  9240576 rsucc=0.645 n_rounds=  963 ret=+1.530 len=1269.4 ent(t0,t>=1)=(0.550,1.340) aL=-0.0070 vL=0.0236 t0=[red=0.63 blue=0.37]
[u  142] env=  9306112 rsucc=0.595 n_rounds=  958 ret=-0.193 len=1332.3 ent(t0,t>=1)=(0.522,1.352) aL=-0.0060 vL=0.0210 t0=[red=0.58 blue=0.42]
[u  143] env=  9371648 rsucc=0.660 n_rounds=  995 ret=+0.358 len=1313.3 ent(t0,t>=1)=(0.513,1.330) aL=-0.0066 vL=0.0243 t0=[red=0.67 blue=0.33]
[u  144] env=  9437184 rsucc=0.712 n_rounds= 1038 ret=-0.688 len=1355.5 ent(t0,t>=1)=(0.513,1.339) aL=-0.0066 vL=0.0278 t0=[red=0.72 blue=0.28]
[u  145] env=  9502720 rsucc=0.734 n_rounds= 1040 ret=-0.858 len=1353.3 ent(t0,t>=1)=(0.533,1.334) aL=-0.0072 vL=0.0276 t0=[red=0.68 blue=0.32]
[u  146] env=  9568256 rsucc=0.695 n_rounds= 1023 ret=+1.086 len=1294.7 ent(t0,t>=1)=(0.534,1.342) aL=-0.0075 vL=0.0252 t0=[red=0.66 blue=0.34]
[u  147] env=  9633792 rsucc=0.697 n_rounds= 1006 ret=+0.544 len=1327.1 ent(t0,t>=1)=(0.557,1.340) aL=-0.0067 vL=0.0257 t0=[red=0.63 blue=0.37]
[u  148] env=  9699328 rsucc=0.692 n_rounds= 1017 ret=+1.716 len=1268.5 ent(t0,t>=1)=(0.559,1.336) aL=-0.0071 vL=0.0271 t0=[red=0.62 blue=0.38]
[u  149] env=  9764864 rsucc=0.650 n_rounds=  961 ret=+0.916 len=1290.0 ent(t0,t>=1)=(0.525,1.347) aL=-0.0065 vL=0.0257 t0=[red=0.64 blue=0.36]
[u  150] env=  9830400 rsucc=0.675 n_rounds= 1001 ret=+0.070 len=1319.5 ent(t0,t>=1)=(0.518,1.344) aL=-0.0074 vL=0.0255 t0=[red=0.66 blue=0.34]
[u  151] env=  9895936 rsucc=0.644 n_rounds=  978 ret=-0.246 len=1345.1 ent(t0,t>=1)=(0.565,1.348) aL=-0.0066 vL=0.0242 t0=[red=0.59 blue=0.41]
[u  152] env=  9961472 rsucc=0.694 n_rounds= 1028 ret=+1.396 len=1282.9 ent(t0,t>=1)=(0.562,1.334) aL=-0.0072 vL=0.0273 t0=[red=0.58 blue=0.42]
[u  153] env= 10027008 rsucc=0.629 n_rounds=  943 ret=+0.517 len=1320.9 ent(t0,t>=1)=(0.557,1.326) aL=-0.0071 vL=0.0240 t0=[red=0.54 blue=0.46]
[u  154] env= 10092544 rsucc=0.687 n_rounds= 1024 ret=-0.270 len=1342.7 ent(t0,t>=1)=(0.561,1.316) aL=-0.0074 vL=0.0259 t0=[red=0.53 blue=0.47]
[u  155] env= 10158080 rsucc=0.676 n_rounds=  997 ret=+1.724 len=1269.7 ent(t0,t>=1)=(0.557,1.301) aL=-0.0064 vL=0.0252 t0=[red=0.51 blue=0.49]
[u  156] env= 10223616 rsucc=0.658 n_rounds=  962 ret=+0.238 len=1315.2 ent(t0,t>=1)=(0.554,1.287) aL=-0.0064 vL=0.0241 t0=[red=0.54 blue=0.46]
[u  157] env= 10289152 rsucc=0.704 n_rounds=  999 ret=+0.180 len=1320.7 ent(t0,t>=1)=(0.532,1.301) aL=-0.0066 vL=0.0238 t0=[red=0.57 blue=0.43]
[u  158] env= 10354688 rsucc=0.646 n_rounds=  983 ret=+0.588 len=1314.8 ent(t0,t>=1)=(0.549,1.316) aL=-0.0062 vL=0.0246 t0=[red=0.60 blue=0.40]
[u  159] env= 10420224 rsucc=0.695 n_rounds=  998 ret=-0.840 len=1377.5 ent(t0,t>=1)=(0.489,1.292) aL=-0.0069 vL=0.0257 t0=[red=0.67 blue=0.33]
[u  160] env= 10485760 rsucc=0.706 n_rounds= 1032 ret=-0.430 len=1361.8 ent(t0,t>=1)=(0.505,1.288) aL=-0.0076 vL=0.0261 t0=[red=0.63 blue=0.37]
[u  161] env= 10551296 rsucc=0.709 n_rounds= 1037 ret=+0.188 len=1337.5 ent(t0,t>=1)=(0.530,1.296) aL=-0.0068 vL=0.0269 t0=[red=0.52 blue=0.48]
[u  162] env= 10616832 rsucc=0.610 n_rounds=  931 ret=+0.886 len=1300.2 ent(t0,t>=1)=(0.527,1.299) aL=-0.0071 vL=0.0233 t0=[red=0.63 blue=0.37]
[u  163] env= 10682368 rsucc=0.645 n_rounds=  958 ret=+1.300 len=1294.4 ent(t0,t>=1)=(0.553,1.288) aL=-0.0070 vL=0.0248 t0=[red=0.63 blue=0.37]
[u  164] env= 10747904 rsucc=0.621 n_rounds=  964 ret=+0.883 len=1310.4 ent(t0,t>=1)=(0.534,1.303) aL=-0.0068 vL=0.0248 t0=[red=0.62 blue=0.38]
[u  165] env= 10813440 rsucc=0.651 n_rounds=  995 ret=+1.633 len=1250.7 ent(t0,t>=1)=(0.532,1.304) aL=-0.0066 vL=0.0247 t0=[red=0.65 blue=0.35]
[u  166] env= 10878976 rsucc=0.741 n_rounds= 1056 ret=+0.672 len=1278.2 ent(t0,t>=1)=(0.475,1.282) aL=-0.0075 vL=0.0287 t0=[red=0.70 blue=0.30]
[u  167] env= 10944512 rsucc=0.629 n_rounds=  957 ret=-0.934 len=1381.5 ent(t0,t>=1)=(0.458,1.281) aL=-0.0071 vL=0.0233 t0=[red=0.71 blue=0.29]
[u  168] env= 11010048 rsucc=0.658 n_rounds=  988 ret=-1.338 len=1377.1 ent(t0,t>=1)=(0.487,1.274) aL=-0.0059 vL=0.0263 t0=[red=0.72 blue=0.28]
[u  169] env= 11075584 rsucc=0.671 n_rounds=  985 ret=-0.573 len=1358.5 ent(t0,t>=1)=(0.480,1.296) aL=-0.0065 vL=0.0257 t0=[red=0.74 blue=0.26]
[u  170] env= 11141120 rsucc=0.639 n_rounds=  966 ret=+0.308 len=1311.1 ent(t0,t>=1)=(0.498,1.305) aL=-0.0065 vL=0.0246 t0=[red=0.71 blue=0.29]
[u  171] env= 11206656 rsucc=0.774 n_rounds= 1111 ret=+1.164 len=1284.0 ent(t0,t>=1)=(0.506,1.271) aL=-0.0080 vL=0.0301 t0=[red=0.63 blue=0.37]
[u  172] env= 11272192 rsucc=0.713 n_rounds= 1012 ret=-0.212 len=1342.5 ent(t0,t>=1)=(0.514,1.270) aL=-0.0074 vL=0.0250 t0=[red=0.68 blue=0.32]
[u  173] env= 11337728 rsucc=0.677 n_rounds=  995 ret=+1.306 len=1285.5 ent(t0,t>=1)=(0.441,1.284) aL=-0.0068 vL=0.0249 t0=[red=0.76 blue=0.24]
[u  174] env= 11403264 rsucc=0.658 n_rounds= 1013 ret=+1.681 len=1281.8 ent(t0,t>=1)=(0.441,1.290) aL=-0.0066 vL=0.0242 t0=[red=0.74 blue=0.26]
[u  175] env= 11468800 rsucc=0.727 n_rounds= 1086 ret=+1.988 len=1235.4 ent(t0,t>=1)=(0.392,1.267) aL=-0.0071 vL=0.0276 t0=[red=0.77 blue=0.23]
[u  176] env= 11534336 rsucc=0.642 n_rounds=  974 ret=+2.605 len=1209.1 ent(t0,t>=1)=(0.412,1.279) aL=-0.0067 vL=0.0241 t0=[red=0.73 blue=0.27]
[u  177] env= 11599872 rsucc=0.653 n_rounds=  982 ret=+1.416 len=1267.3 ent(t0,t>=1)=(0.367,1.273) aL=-0.0070 vL=0.0250 t0=[red=0.80 blue=0.20]
[u  178] env= 11665408 rsucc=0.703 n_rounds= 1034 ret=-0.038 len=1326.9 ent(t0,t>=1)=(0.341,1.303) aL=-0.0068 vL=0.0277 t0=[red=0.83 blue=0.17]
[u  179] env= 11730944 rsucc=0.648 n_rounds=  966 ret=+0.568 len=1325.4 ent(t0,t>=1)=(0.298,1.311) aL=-0.0076 vL=0.0261 t0=[red=0.88 blue=0.12]
[u  180] env= 11796480 rsucc=0.678 n_rounds=  983 ret=+0.582 len=1322.1 ent(t0,t>=1)=(0.355,1.286) aL=-0.0073 vL=0.0263 t0=[red=0.83 blue=0.17]
[u  181] env= 11862016 rsucc=0.694 n_rounds= 1021 ret=+0.777 len=1299.4 ent(t0,t>=1)=(0.328,1.279) aL=-0.0071 vL=0.0272 t0=[red=0.85 blue=0.15]
[u  182] env= 11927552 rsucc=0.680 n_rounds= 1022 ret=+0.335 len=1317.6 ent(t0,t>=1)=(0.370,1.306) aL=-0.0072 vL=0.0245 t0=[red=0.83 blue=0.17]
[u  183] env= 11993088 rsucc=0.685 n_rounds=  978 ret=+0.642 len=1292.4 ent(t0,t>=1)=(0.322,1.282) aL=-0.0072 vL=0.0242 t0=[red=0.84 blue=0.16]
[u  184] env= 12058624 rsucc=0.658 n_rounds=  997 ret=+0.982 len=1304.4 ent(t0,t>=1)=(0.375,1.286) aL=-0.0067 vL=0.0270 t0=[red=0.80 blue=0.20]
[u  185] env= 12124160 rsucc=0.694 n_rounds= 1019 ret=+0.662 len=1315.4 ent(t0,t>=1)=(0.415,1.260) aL=-0.0067 vL=0.0272 t0=[red=0.75 blue=0.25]
[u  186] env= 12189696 rsucc=0.679 n_rounds= 1011 ret=+0.896 len=1245.1 ent(t0,t>=1)=(0.356,1.275) aL=-0.0078 vL=0.0255 t0=[red=0.80 blue=0.20]
[u  187] env= 12255232 rsucc=0.722 n_rounds= 1035 ret=+0.245 len=1321.0 ent(t0,t>=1)=(0.365,1.266) aL=-0.0075 vL=0.0269 t0=[red=0.79 blue=0.21]
[u  188] env= 12320768 rsucc=0.714 n_rounds= 1030 ret=+0.928 len=1291.9 ent(t0,t>=1)=(0.354,1.257) aL=-0.0070 vL=0.0280 t0=[red=0.76 blue=0.24]
[u  189] env= 12386304 rsucc=0.715 n_rounds= 1047 ret=+1.746 len=1271.4 ent(t0,t>=1)=(0.395,1.257) aL=-0.0071 vL=0.0261 t0=[red=0.80 blue=0.20]
[u  190] env= 12451840 rsucc=0.703 n_rounds= 1021 ret=+1.337 len=1299.2 ent(t0,t>=1)=(0.422,1.281) aL=-0.0076 vL=0.0245 t0=[red=0.78 blue=0.22]
[u  191] env= 12517376 rsucc=0.663 n_rounds=  999 ret=+2.051 len=1253.2 ent(t0,t>=1)=(0.435,1.289) aL=-0.0069 vL=0.0258 t0=[red=0.76 blue=0.24]
[u  192] env= 12582912 rsucc=0.736 n_rounds= 1072 ret=+2.303 len=1239.4 ent(t0,t>=1)=(0.486,1.282) aL=-0.0079 vL=0.0274 t0=[red=0.64 blue=0.36]
[u  193] env= 12648448 rsucc=0.641 n_rounds=  958 ret=+0.910 len=1290.4 ent(t0,t>=1)=(0.478,1.291) aL=-0.0072 vL=0.0243 t0=[red=0.71 blue=0.29]
[u  194] env= 12713984 rsucc=0.658 n_rounds=  965 ret=+0.340 len=1316.6 ent(t0,t>=1)=(0.439,1.292) aL=-0.0069 vL=0.0249 t0=[red=0.69 blue=0.31]
[u  195] env= 12779520 rsucc=0.683 n_rounds=  995 ret=+0.353 len=1320.4 ent(t0,t>=1)=(0.465,1.275) aL=-0.0077 vL=0.0262 t0=[red=0.67 blue=0.33]
[u  196] env= 12845056 rsucc=0.729 n_rounds= 1043 ret=+1.271 len=1304.9 ent(t0,t>=1)=(0.452,1.283) aL=-0.0076 vL=0.0280 t0=[red=0.70 blue=0.30]
[u  197] env= 12910592 rsucc=0.662 n_rounds= 1008 ret=+0.400 len=1317.5 ent(t0,t>=1)=(0.476,1.264) aL=-0.0070 vL=0.0241 t0=[red=0.69 blue=0.31]
[u  198] env= 12976128 rsucc=0.665 n_rounds=  975 ret=+0.259 len=1334.5 ent(t0,t>=1)=(0.453,1.277) aL=-0.0063 vL=0.0231 t0=[red=0.64 blue=0.36]
[u  199] env= 13041664 rsucc=0.653 n_rounds=  951 ret=+1.052 len=1294.4 ent(t0,t>=1)=(0.445,1.279) aL=-0.0074 vL=0.0236 t0=[red=0.66 blue=0.34]
[u  200] env= 13107200 rsucc=0.675 n_rounds=  986 ret=+0.701 len=1328.9 ent(t0,t>=1)=(0.446,1.281) aL=-0.0061 vL=0.0264 t0=[red=0.66 blue=0.34]
[u  201] env= 13172736 rsucc=0.644 n_rounds=  946 ret=+0.215 len=1340.5 ent(t0,t>=1)=(0.434,1.294) aL=-0.0070 vL=0.0239 t0=[red=0.72 blue=0.28]
[u  202] env= 13238272 rsucc=0.638 n_rounds=  967 ret=+0.896 len=1280.7 ent(t0,t>=1)=(0.366,1.274) aL=-0.0068 vL=0.0252 t0=[red=0.78 blue=0.22]
[u  203] env= 13303808 rsucc=0.657 n_rounds= 1005 ret=-0.258 len=1342.2 ent(t0,t>=1)=(0.368,1.274) aL=-0.0073 vL=0.0273 t0=[red=0.76 blue=0.24]
[u  204] env= 13369344 rsucc=0.703 n_rounds= 1033 ret=-0.170 len=1349.6 ent(t0,t>=1)=(0.422,1.281) aL=-0.0082 vL=0.0272 t0=[red=0.70 blue=0.30]
[u  205] env= 13434880 rsucc=0.683 n_rounds= 1018 ret=-1.944 len=1396.3 ent(t0,t>=1)=(0.407,1.296) aL=-0.0074 vL=0.0264 t0=[red=0.76 blue=0.24]
[u  206] env= 13500416 rsucc=0.723 n_rounds= 1026 ret=-1.201 len=1379.8 ent(t0,t>=1)=(0.417,1.292) aL=-0.0081 vL=0.0285 t0=[red=0.74 blue=0.26]
[u  207] env= 13565952 rsucc=0.658 n_rounds=  967 ret=+2.443 len=1235.3 ent(t0,t>=1)=(0.385,1.267) aL=-0.0071 vL=0.0238 t0=[red=0.76 blue=0.24]
[u  208] env= 13631488 rsucc=0.692 n_rounds= 1005 ret=+1.791 len=1264.9 ent(t0,t>=1)=(0.432,1.271) aL=-0.0086 vL=0.0278 t0=[red=0.74 blue=0.26]
[u  209] env= 13697024 rsucc=0.731 n_rounds= 1013 ret=+1.142 len=1290.8 ent(t0,t>=1)=(0.435,1.269) aL=-0.0075 vL=0.0259 t0=[red=0.74 blue=0.26]
[u  210] env= 13762560 rsucc=0.702 n_rounds= 1020 ret=+2.041 len=1267.6 ent(t0,t>=1)=(0.457,1.286) aL=-0.0073 vL=0.0255 t0=[red=0.70 blue=0.30]
[u  211] env= 13828096 rsucc=0.684 n_rounds=  988 ret=+1.159 len=1292.8 ent(t0,t>=1)=(0.455,1.278) aL=-0.0074 vL=0.0254 t0=[red=0.70 blue=0.30]
[u  212] env= 13893632 rsucc=0.595 n_rounds=  927 ret=+0.192 len=1330.5 ent(t0,t>=1)=(0.427,1.275) aL=-0.0068 vL=0.0239 t0=[red=0.74 blue=0.26]
[u  213] env= 13959168 rsucc=0.659 n_rounds=  959 ret=+0.075 len=1329.3 ent(t0,t>=1)=(0.445,1.301) aL=-0.0072 vL=0.0246 t0=[red=0.73 blue=0.27]
[u  214] env= 14024704 rsucc=0.639 n_rounds=  932 ret=+0.087 len=1349.4 ent(t0,t>=1)=(0.459,1.251) aL=-0.0080 vL=0.0246 t0=[red=0.74 blue=0.26]
[u  215] env= 14090240 rsucc=0.663 n_rounds= 1015 ret=-0.667 len=1379.7 ent(t0,t>=1)=(0.421,1.256) aL=-0.0078 vL=0.0239 t0=[red=0.75 blue=0.25]
[u  216] env= 14155776 rsucc=0.683 n_rounds=  985 ret=-0.043 len=1354.8 ent(t0,t>=1)=(0.411,1.292) aL=-0.0077 vL=0.0241 t0=[red=0.77 blue=0.23]
[u  217] env= 14221312 rsucc=0.672 n_rounds= 1031 ret=+0.018 len=1345.4 ent(t0,t>=1)=(0.481,1.270) aL=-0.0076 vL=0.0261 t0=[red=0.68 blue=0.32]
[u  218] env= 14286848 rsucc=0.727 n_rounds= 1037 ret=+0.334 len=1316.6 ent(t0,t>=1)=(0.483,1.254) aL=-0.0073 vL=0.0282 t0=[red=0.70 blue=0.30]
[u  219] env= 14352384 rsucc=0.736 n_rounds= 1026 ret=+0.114 len=1329.1 ent(t0,t>=1)=(0.482,1.249) aL=-0.0079 vL=0.0261 t0=[red=0.71 blue=0.29]
[u  220] env= 14417920 rsucc=0.719 n_rounds= 1031 ret=+0.502 len=1318.7 ent(t0,t>=1)=(0.501,1.265) aL=-0.0070 vL=0.0253 t0=[red=0.64 blue=0.36]
[u  221] env= 14483456 rsucc=0.658 n_rounds= 1005 ret=+1.816 len=1246.4 ent(t0,t>=1)=(0.515,1.280) aL=-0.0071 vL=0.0237 t0=[red=0.69 blue=0.31]
[u  222] env= 14548992 rsucc=0.653 n_rounds=  982 ret=+1.932 len=1269.3 ent(t0,t>=1)=(0.522,1.271) aL=-0.0072 vL=0.0244 t0=[red=0.64 blue=0.36]
[u  223] env= 14614528 rsucc=0.690 n_rounds=  996 ret=+1.143 len=1312.6 ent(t0,t>=1)=(0.488,1.277) aL=-0.0075 vL=0.0256 t0=[red=0.68 blue=0.32]
[u  224] env= 14680064 rsucc=0.690 n_rounds=  994 ret=+1.508 len=1280.4 ent(t0,t>=1)=(0.504,1.269) aL=-0.0080 vL=0.0250 t0=[red=0.66 blue=0.34]
[u  225] env= 14745600 rsucc=0.682 n_rounds=  976 ret=+0.404 len=1333.9 ent(t0,t>=1)=(0.502,1.278) aL=-0.0069 vL=0.0237 t0=[red=0.65 blue=0.35]
[u  226] env= 14811136 rsucc=0.656 n_rounds=  976 ret=+0.605 len=1314.7 ent(t0,t>=1)=(0.494,1.296) aL=-0.0076 vL=0.0240 t0=[red=0.61 blue=0.39]
[u  227] env= 14876672 rsucc=0.680 n_rounds= 1006 ret=+0.052 len=1316.3 ent(t0,t>=1)=(0.511,1.281) aL=-0.0087 vL=0.0254 t0=[red=0.60 blue=0.40]
[u  228] env= 14942208 rsucc=0.722 n_rounds=  998 ret=+0.676 len=1306.5 ent(t0,t>=1)=(0.504,1.266) aL=-0.0078 vL=0.0254 t0=[red=0.60 blue=0.40]
[u  229] env= 15007744 rsucc=0.653 n_rounds=  969 ret=-0.939 len=1372.3 ent(t0,t>=1)=(0.522,1.300) aL=-0.0073 vL=0.0232 t0=[red=0.57 blue=0.43]
[u  230] env= 15073280 rsucc=0.673 n_rounds=  992 ret=-0.434 len=1364.0 ent(t0,t>=1)=(0.507,1.286) aL=-0.0080 vL=0.0254 t0=[red=0.55 blue=0.45]
[u  231] env= 15138816 rsucc=0.734 n_rounds= 1026 ret=+0.739 len=1324.8 ent(t0,t>=1)=(0.519,1.274) aL=-0.0077 vL=0.0258 t0=[red=0.53 blue=0.47]
[u  232] env= 15204352 rsucc=0.718 n_rounds= 1016 ret=+2.681 len=1250.9 ent(t0,t>=1)=(0.567,1.277) aL=-0.0084 vL=0.0267 t0=[red=0.56 blue=0.44]
[u  233] env= 15269888 rsucc=0.733 n_rounds= 1038 ret=+0.741 len=1306.3 ent(t0,t>=1)=(0.580,1.290) aL=-0.0080 vL=0.0278 t0=[red=0.49 blue=0.51]
[u  234] env= 15335424 rsucc=0.696 n_rounds= 1014 ret=+1.291 len=1274.3 ent(t0,t>=1)=(0.550,1.294) aL=-0.0080 vL=0.0265 t0=[red=0.57 blue=0.43]
[u  235] env= 15400960 rsucc=0.672 n_rounds=  998 ret=+2.231 len=1266.2 ent(t0,t>=1)=(0.603,1.252) aL=-0.0072 vL=0.0257 t0=[red=0.51 blue=0.49]
[u  236] env= 15466496 rsucc=0.678 n_rounds= 1013 ret=+1.384 len=1283.7 ent(t0,t>=1)=(0.568,1.274) aL=-0.0075 vL=0.0271 t0=[red=0.54 blue=0.46]
[u  237] env= 15532032 rsucc=0.661 n_rounds=  987 ret=+1.076 len=1287.4 ent(t0,t>=1)=(0.566,1.257) aL=-0.0074 vL=0.0254 t0=[red=0.61 blue=0.39]
[u  238] env= 15597568 rsucc=0.658 n_rounds=  977 ret=+0.790 len=1311.2 ent(t0,t>=1)=(0.561,1.269) aL=-0.0075 vL=0.0231 t0=[red=0.62 blue=0.38]
[u  239] env= 15663104 rsucc=0.714 n_rounds= 1049 ret=+0.817 len=1301.4 ent(t0,t>=1)=(0.566,1.277) aL=-0.0066 vL=0.0261 t0=[red=0.59 blue=0.41]
[u  240] env= 15728640 rsucc=0.642 n_rounds=  943 ret=+0.757 len=1303.0 ent(t0,t>=1)=(0.546,1.251) aL=-0.0072 vL=0.0236 t0=[red=0.66 blue=0.34]
[u  241] env= 15794176 rsucc=0.643 n_rounds= 1015 ret=-0.446 len=1357.6 ent(t0,t>=1)=(0.513,1.239) aL=-0.0081 vL=0.0255 t0=[red=0.67 blue=0.33]
[u  242] env= 15859712 rsucc=0.632 n_rounds=  942 ret=-0.390 len=1354.1 ent(t0,t>=1)=(0.491,1.241) aL=-0.0070 vL=0.0252 t0=[red=0.71 blue=0.29]
[u  243] env= 15925248 rsucc=0.668 n_rounds=  971 ret=+0.463 len=1312.3 ent(t0,t>=1)=(0.466,1.211) aL=-0.0074 vL=0.0256 t0=[red=0.70 blue=0.30]
[u  244] env= 15990784 rsucc=0.685 n_rounds=  990 ret=-0.007 len=1340.8 ent(t0,t>=1)=(0.502,1.235) aL=-0.0074 vL=0.0264 t0=[red=0.68 blue=0.32]
[u  245] env= 16056320 rsucc=0.650 n_rounds=  957 ret=-0.188 len=1337.2 ent(t0,t>=1)=(0.512,1.261) aL=-0.0081 vL=0.0247 t0=[red=0.66 blue=0.34]
[u  246] env= 16121856 rsucc=0.604 n_rounds=  935 ret=-1.571 len=1399.0 ent(t0,t>=1)=(0.531,1.237) aL=-0.0075 vL=0.0228 t0=[red=0.61 blue=0.39]
[u  247] env= 16187392 rsucc=0.668 n_rounds= 1014 ret=+0.103 len=1330.8 ent(t0,t>=1)=(0.549,1.218) aL=-0.0078 vL=0.0250 t0=[red=0.61 blue=0.39]
[u  248] env= 16252928 rsucc=0.643 n_rounds=  975 ret=+1.193 len=1302.2 ent(t0,t>=1)=(0.538,1.247) aL=-0.0081 vL=0.0237 t0=[red=0.61 blue=0.39]
[u  249] env= 16318464 rsucc=0.692 n_rounds= 1025 ret=-1.474 len=1406.0 ent(t0,t>=1)=(0.545,1.243) aL=-0.0072 vL=0.0269 t0=[red=0.59 blue=0.41]
[u  250] env= 16384000 rsucc=0.666 n_rounds=  988 ret=+0.466 len=1290.4 ent(t0,t>=1)=(0.547,1.232) aL=-0.0076 vL=0.0256 t0=[red=0.55 blue=0.45]
[u  251] env= 16449536 rsucc=0.650 n_rounds=  949 ret=+0.689 len=1293.4 ent(t0,t>=1)=(0.533,1.242) aL=-0.0074 vL=0.0244 t0=[red=0.52 blue=0.48]
[u  252] env= 16515072 rsucc=0.630 n_rounds=  988 ret=+0.248 len=1334.9 ent(t0,t>=1)=(0.563,1.236) aL=-0.0071 vL=0.0239 t0=[red=0.54 blue=0.46]
[u  253] env= 16580608 rsucc=0.684 n_rounds= 1030 ret=-1.969 len=1421.2 ent(t0,t>=1)=(0.577,1.221) aL=-0.0069 vL=0.0263 t0=[red=0.45 blue=0.55]
[u  254] env= 16646144 rsucc=0.676 n_rounds=  990 ret=-0.333 len=1325.3 ent(t0,t>=1)=(0.546,1.249) aL=-0.0081 vL=0.0238 t0=[red=0.52 blue=0.48]
[u  255] env= 16711680 rsucc=0.736 n_rounds= 1050 ret=+0.512 len=1291.6 ent(t0,t>=1)=(0.529,1.243) aL=-0.0080 vL=0.0260 t0=[red=0.48 blue=0.52]
[u  256] env= 16777216 rsucc=0.696 n_rounds= 1014 ret=+0.959 len=1284.9 ent(t0,t>=1)=(0.533,1.244) aL=-0.0081 vL=0.0235 t0=[red=0.48 blue=0.52]
[u  257] env= 16842752 rsucc=0.676 n_rounds= 1001 ret=+1.188 len=1306.6 ent(t0,t>=1)=(0.520,1.250) aL=-0.0067 vL=0.0261 t0=[red=0.50 blue=0.50]
[u  258] env= 16908288 rsucc=0.709 n_rounds= 1040 ret=+1.914 len=1262.4 ent(t0,t>=1)=(0.481,1.247) aL=-0.0086 vL=0.0266 t0=[red=0.51 blue=0.49]
[u  259] env= 16973824 rsucc=0.729 n_rounds= 1042 ret=+1.820 len=1252.8 ent(t0,t>=1)=(0.486,1.255) aL=-0.0079 vL=0.0296 t0=[red=0.46 blue=0.54]
[u  260] env= 17039360 rsucc=0.727 n_rounds= 1045 ret=+1.663 len=1247.7 ent(t0,t>=1)=(0.488,1.237) aL=-0.0082 vL=0.0252 t0=[red=0.48 blue=0.52]
[u  261] env= 17104896 rsucc=0.674 n_rounds= 1015 ret=+1.489 len=1275.1 ent(t0,t>=1)=(0.516,1.237) aL=-0.0075 vL=0.0227 t0=[red=0.49 blue=0.51]
[u  262] env= 17170432 rsucc=0.748 n_rounds= 1072 ret=+1.988 len=1275.2 ent(t0,t>=1)=(0.525,1.238) aL=-0.0081 vL=0.0281 t0=[red=0.53 blue=0.47]
[u  263] env= 17235968 rsucc=0.680 n_rounds=  989 ret=+1.031 len=1316.3 ent(t0,t>=1)=(0.508,1.247) aL=-0.0076 vL=0.0234 t0=[red=0.47 blue=0.53]
[u  264] env= 17301504 rsucc=0.668 n_rounds=  988 ret=+1.583 len=1259.3 ent(t0,t>=1)=(0.508,1.252) aL=-0.0077 vL=0.0252 t0=[red=0.42 blue=0.58]
[u  265] env= 17367040 rsucc=0.672 n_rounds= 1004 ret=+1.663 len=1262.1 ent(t0,t>=1)=(0.508,1.233) aL=-0.0080 vL=0.0254 t0=[red=0.44 blue=0.56]
[u  266] env= 17432576 rsucc=0.623 n_rounds=  946 ret=+0.380 len=1316.9 ent(t0,t>=1)=(0.514,1.249) aL=-0.0078 vL=0.0228 t0=[red=0.45 blue=0.55]
[u  267] env= 17498112 rsucc=0.720 n_rounds= 1041 ret=+0.355 len=1319.7 ent(t0,t>=1)=(0.534,1.243) aL=-0.0076 vL=0.0274 t0=[red=0.46 blue=0.54]
[u  268] env= 17563648 rsucc=0.640 n_rounds=  986 ret=-0.340 len=1329.1 ent(t0,t>=1)=(0.493,1.248) aL=-0.0078 vL=0.0236 t0=[red=0.44 blue=0.56]
[u  269] env= 17629184 rsucc=0.710 n_rounds= 1031 ret=+1.313 len=1292.8 ent(t0,t>=1)=(0.478,1.220) aL=-0.0075 vL=0.0271 t0=[red=0.44 blue=0.56]
[u  270] env= 17694720 rsucc=0.704 n_rounds= 1016 ret=+0.545 len=1313.8 ent(t0,t>=1)=(0.464,1.243) aL=-0.0081 vL=0.0276 t0=[red=0.36 blue=0.64]
[u  271] env= 17760256 rsucc=0.721 n_rounds=  989 ret=+0.507 len=1315.9 ent(t0,t>=1)=(0.461,1.234) aL=-0.0079 vL=0.0268 t0=[red=0.40 blue=0.60]
[u  272] env= 17825792 rsucc=0.645 n_rounds=  972 ret=+0.902 len=1306.2 ent(t0,t>=1)=(0.473,1.248) aL=-0.0064 vL=0.0240 t0=[red=0.41 blue=0.59]
[u  273] env= 17891328 rsucc=0.698 n_rounds= 1028 ret=+1.417 len=1285.6 ent(t0,t>=1)=(0.466,1.249) aL=-0.0078 vL=0.0273 t0=[red=0.45 blue=0.55]
[u  274] env= 17956864 rsucc=0.716 n_rounds= 1021 ret=+2.219 len=1253.4 ent(t0,t>=1)=(0.472,1.235) aL=-0.0078 vL=0.0258 t0=[red=0.44 blue=0.56]
[u  275] env= 18022400 rsucc=0.672 n_rounds= 1037 ret=+1.014 len=1298.4 ent(t0,t>=1)=(0.482,1.232) aL=-0.0081 vL=0.0262 t0=[red=0.48 blue=0.52]
[u  276] env= 18087936 rsucc=0.682 n_rounds= 1010 ret=+1.263 len=1283.8 ent(t0,t>=1)=(0.441,1.235) aL=-0.0087 vL=0.0261 t0=[red=0.45 blue=0.55]
[u  277] env= 18153472 rsucc=0.649 n_rounds= 1002 ret=+0.289 len=1318.2 ent(t0,t>=1)=(0.469,1.208) aL=-0.0070 vL=0.0257 t0=[red=0.45 blue=0.55]
[u  278] env= 18219008 rsucc=0.674 n_rounds= 1014 ret=-0.261 len=1317.6 ent(t0,t>=1)=(0.471,1.213) aL=-0.0072 vL=0.0280 t0=[red=0.43 blue=0.57]
[u  279] env= 18284544 rsucc=0.653 n_rounds=  982 ret=-0.404 len=1337.9 ent(t0,t>=1)=(0.467,1.213) aL=-0.0072 vL=0.0274 t0=[red=0.48 blue=0.52]
[u  280] env= 18350080 rsucc=0.701 n_rounds= 1052 ret=+1.375 len=1268.6 ent(t0,t>=1)=(0.437,1.202) aL=-0.0072 vL=0.0269 t0=[red=0.40 blue=0.60]
[u  281] env= 18415616 rsucc=0.680 n_rounds= 1020 ret=+1.644 len=1246.2 ent(t0,t>=1)=(0.442,1.203) aL=-0.0081 vL=0.0265 t0=[red=0.46 blue=0.54]
[u  282] env= 18481152 rsucc=0.684 n_rounds=  970 ret=+1.161 len=1280.5 ent(t0,t>=1)=(0.466,1.224) aL=-0.0078 vL=0.0246 t0=[red=0.47 blue=0.53]
[u  283] env= 18546688 rsucc=0.654 n_rounds=  995 ret=-0.069 len=1350.8 ent(t0,t>=1)=(0.460,1.216) aL=-0.0077 vL=0.0237 t0=[red=0.46 blue=0.54]
[u  284] env= 18612224 rsucc=0.679 n_rounds= 1022 ret=-0.082 len=1335.3 ent(t0,t>=1)=(0.483,1.213) aL=-0.0082 vL=0.0266 t0=[red=0.46 blue=0.54]
[u  285] env= 18677760 rsucc=0.693 n_rounds= 1009 ret=+0.540 len=1296.6 ent(t0,t>=1)=(0.463,1.201) aL=-0.0074 vL=0.0249 t0=[red=0.47 blue=0.53]
[u  286] env= 18743296 rsucc=0.663 n_rounds=  993 ret=+1.061 len=1283.1 ent(t0,t>=1)=(0.444,1.207) aL=-0.0075 vL=0.0235 t0=[red=0.45 blue=0.55]
[u  287] env= 18808832 rsucc=0.683 n_rounds= 1022 ret=+0.909 len=1316.9 ent(t0,t>=1)=(0.423,1.211) aL=-0.0080 vL=0.0265 t0=[red=0.45 blue=0.55]
[u  288] env= 18874368 rsucc=0.692 n_rounds= 1038 ret=+0.252 len=1310.2 ent(t0,t>=1)=(0.439,1.232) aL=-0.0080 vL=0.0270 t0=[red=0.49 blue=0.51]
[u  289] env= 18939904 rsucc=0.707 n_rounds= 1037 ret=+1.806 len=1254.0 ent(t0,t>=1)=(0.482,1.240) aL=-0.0079 vL=0.0269 t0=[red=0.49 blue=0.51]
[u  290] env= 19005440 rsucc=0.709 n_rounds= 1021 ret=+1.262 len=1274.2 ent(t0,t>=1)=(0.489,1.233) aL=-0.0076 vL=0.0257 t0=[red=0.47 blue=0.53]
[u  291] env= 19070976 rsucc=0.731 n_rounds= 1053 ret=+0.726 len=1312.2 ent(t0,t>=1)=(0.475,1.228) aL=-0.0077 vL=0.0277 t0=[red=0.48 blue=0.52]
[u  292] env= 19136512 rsucc=0.712 n_rounds= 1023 ret=+1.132 len=1286.6 ent(t0,t>=1)=(0.514,1.217) aL=-0.0080 vL=0.0241 t0=[red=0.44 blue=0.56]
[u  293] env= 19202048 rsucc=0.692 n_rounds= 1002 ret=+1.531 len=1267.5 ent(t0,t>=1)=(0.497,1.214) aL=-0.0077 vL=0.0261 t0=[red=0.37 blue=0.63]
[u  294] env= 19267584 rsucc=0.712 n_rounds= 1036 ret=+2.411 len=1233.5 ent(t0,t>=1)=(0.501,1.217) aL=-0.0090 vL=0.0272 t0=[red=0.41 blue=0.59]
[u  295] env= 19333120 rsucc=0.702 n_rounds= 1056 ret=+2.015 len=1263.0 ent(t0,t>=1)=(0.484,1.229) aL=-0.0077 vL=0.0263 t0=[red=0.43 blue=0.57]
[u  296] env= 19398656 rsucc=0.708 n_rounds= 1025 ret=+2.349 len=1239.2 ent(t0,t>=1)=(0.468,1.212) aL=-0.0084 vL=0.0269 t0=[red=0.42 blue=0.58]
[u  297] env= 19464192 rsucc=0.657 n_rounds=  992 ret=+0.994 len=1301.2 ent(t0,t>=1)=(0.505,1.225) aL=-0.0081 vL=0.0225 t0=[red=0.43 blue=0.57]
[u  298] env= 19529728 rsucc=0.700 n_rounds= 1043 ret=+0.650 len=1291.3 ent(t0,t>=1)=(0.504,1.205) aL=-0.0080 vL=0.0266 t0=[red=0.45 blue=0.55]
[u  299] env= 19595264 rsucc=0.703 n_rounds= 1027 ret=+0.653 len=1293.4 ent(t0,t>=1)=(0.502,1.214) aL=-0.0077 vL=0.0255 t0=[red=0.44 blue=0.56]
[u  300] env= 19660800 rsucc=0.693 n_rounds= 1026 ret=+0.015 len=1319.6 ent(t0,t>=1)=(0.512,1.213) aL=-0.0082 vL=0.0251 t0=[red=0.41 blue=0.59]
[u  301] env= 19726336 rsucc=0.703 n_rounds= 1041 ret=+2.078 len=1244.1 ent(t0,t>=1)=(0.538,1.205) aL=-0.0086 vL=0.0276 t0=[red=0.49 blue=0.51]
[u  302] env= 19791872 rsucc=0.742 n_rounds= 1049 ret=+2.162 len=1249.8 ent(t0,t>=1)=(0.521,1.202) aL=-0.0085 vL=0.0286 t0=[red=0.48 blue=0.52]
[u  303] env= 19857408 rsucc=0.738 n_rounds= 1063 ret=+1.502 len=1279.0 ent(t0,t>=1)=(0.515,1.200) aL=-0.0083 vL=0.0276 t0=[red=0.48 blue=0.52]
[u  304] env= 19922944 rsucc=0.723 n_rounds= 1047 ret=+2.965 len=1209.6 ent(t0,t>=1)=(0.467,1.233) aL=-0.0080 vL=0.0276 t0=[red=0.40 blue=0.60]
[u  305] env= 19988480 rsucc=0.680 n_rounds= 1027 ret=+2.506 len=1239.5 ent(t0,t>=1)=(0.485,1.236) aL=-0.0081 vL=0.0268 t0=[red=0.46 blue=0.54]
[u  306] env= 20054016 rsucc=0.670 n_rounds= 1014 ret=+1.990 len=1256.8 ent(t0,t>=1)=(0.498,1.224) aL=-0.0086 vL=0.0237 t0=[red=0.51 blue=0.49]
[u  307] env= 20119552 rsucc=0.672 n_rounds=  998 ret=+1.029 len=1295.0 ent(t0,t>=1)=(0.509,1.228) aL=-0.0091 vL=0.0263 t0=[red=0.55 blue=0.45]
[u  308] env= 20185088 rsucc=0.626 n_rounds=  981 ret=-0.972 len=1357.4 ent(t0,t>=1)=(0.510,1.196) aL=-0.0077 vL=0.0241 t0=[red=0.47 blue=0.53]
[u  309] env= 20250624 rsucc=0.658 n_rounds=  978 ret=+0.789 len=1270.1 ent(t0,t>=1)=(0.499,1.200) aL=-0.0084 vL=0.0244 t0=[red=0.56 blue=0.44]
[u  310] env= 20316160 rsucc=0.736 n_rounds= 1076 ret=+0.606 len=1299.6 ent(t0,t>=1)=(0.500,1.214) aL=-0.0084 vL=0.0298 t0=[red=0.50 blue=0.50]
[u  311] env= 20381696 rsucc=0.696 n_rounds= 1050 ret=+0.123 len=1316.1 ent(t0,t>=1)=(0.485,1.201) aL=-0.0073 vL=0.0256 t0=[red=0.52 blue=0.48]
[u  312] env= 20447232 rsucc=0.723 n_rounds= 1017 ret=+1.284 len=1265.4 ent(t0,t>=1)=(0.475,1.209) aL=-0.0084 vL=0.0259 t0=[red=0.53 blue=0.47]
[u  313] env= 20512768 rsucc=0.683 n_rounds= 1004 ret=+1.177 len=1270.0 ent(t0,t>=1)=(0.475,1.216) aL=-0.0084 vL=0.0232 t0=[red=0.50 blue=0.50]
[u  314] env= 20578304 rsucc=0.687 n_rounds=  994 ret=+1.253 len=1298.5 ent(t0,t>=1)=(0.490,1.209) aL=-0.0079 vL=0.0253 t0=[red=0.60 blue=0.40]
[u  315] env= 20643840 rsucc=0.673 n_rounds= 1003 ret=+1.694 len=1281.7 ent(t0,t>=1)=(0.511,1.193) aL=-0.0079 vL=0.0265 t0=[red=0.54 blue=0.46]
[u  316] env= 20709376 rsucc=0.697 n_rounds=  981 ret=+1.057 len=1299.7 ent(t0,t>=1)=(0.504,1.204) aL=-0.0084 vL=0.0252 t0=[red=0.48 blue=0.52]
[u  317] env= 20774912 rsucc=0.643 n_rounds=  981 ret=+0.655 len=1326.8 ent(t0,t>=1)=(0.503,1.224) aL=-0.0082 vL=0.0244 t0=[red=0.51 blue=0.49]
[u  318] env= 20840448 rsucc=0.668 n_rounds=  966 ret=-0.014 len=1356.5 ent(t0,t>=1)=(0.496,1.205) aL=-0.0081 vL=0.0262 t0=[red=0.45 blue=0.55]
[u  319] env= 20905984 rsucc=0.663 n_rounds= 1002 ret=+0.118 len=1321.8 ent(t0,t>=1)=(0.480,1.202) aL=-0.0079 vL=0.0273 t0=[red=0.45 blue=0.55]
[u  320] env= 20971520 rsucc=0.716 n_rounds= 1018 ret=-0.274 len=1349.7 ent(t0,t>=1)=(0.478,1.199) aL=-0.0091 vL=0.0264 t0=[red=0.45 blue=0.55]
[u  321] env= 21037056 rsucc=0.661 n_rounds=  965 ret=+0.153 len=1336.2 ent(t0,t>=1)=(0.472,1.209) aL=-0.0072 vL=0.0224 t0=[red=0.56 blue=0.44]
[u  322] env= 21102592 rsucc=0.703 n_rounds= 1004 ret=+0.510 len=1312.5 ent(t0,t>=1)=(0.495,1.214) aL=-0.0080 vL=0.0263 t0=[red=0.55 blue=0.45]
[u  323] env= 21168128 rsucc=0.649 n_rounds=  999 ret=+2.208 len=1242.7 ent(t0,t>=1)=(0.537,1.212) aL=-0.0076 vL=0.0257 t0=[red=0.52 blue=0.48]
[u  324] env= 21233664 rsucc=0.710 n_rounds= 1056 ret=+1.321 len=1294.3 ent(t0,t>=1)=(0.499,1.193) aL=-0.0083 vL=0.0288 t0=[red=0.51 blue=0.49]
[u  325] env= 21299200 rsucc=0.734 n_rounds= 1045 ret=+1.132 len=1296.9 ent(t0,t>=1)=(0.486,1.192) aL=-0.0085 vL=0.0293 t0=[red=0.55 blue=0.45]
[u  326] env= 21364736 rsucc=0.669 n_rounds=  988 ret=+0.033 len=1331.8 ent(t0,t>=1)=(0.501,1.181) aL=-0.0079 vL=0.0263 t0=[red=0.55 blue=0.45]
[u  327] env= 21430272 rsucc=0.685 n_rounds=  996 ret=+1.636 len=1272.5 ent(t0,t>=1)=(0.516,1.217) aL=-0.0086 vL=0.0254 t0=[red=0.53 blue=0.47]
[u  328] env= 21495808 rsucc=0.685 n_rounds= 1010 ret=+1.056 len=1315.4 ent(t0,t>=1)=(0.502,1.205) aL=-0.0089 vL=0.0269 t0=[red=0.55 blue=0.45]
[u  329] env= 21561344 rsucc=0.720 n_rounds= 1054 ret=+0.405 len=1327.2 ent(t0,t>=1)=(0.506,1.195) aL=-0.0086 vL=0.0304 t0=[red=0.55 blue=0.45]
[u  330] env= 21626880 rsucc=0.705 n_rounds= 1015 ret=+1.782 len=1249.3 ent(t0,t>=1)=(0.505,1.192) aL=-0.0082 vL=0.0250 t0=[red=0.53 blue=0.47]
[u  331] env= 21692416 rsucc=0.660 n_rounds=  976 ret=+1.618 len=1269.1 ent(t0,t>=1)=(0.495,1.200) aL=-0.0086 vL=0.0242 t0=[red=0.51 blue=0.49]
[u  332] env= 21757952 rsucc=0.628 n_rounds=  971 ret=+0.472 len=1330.0 ent(t0,t>=1)=(0.490,1.202) aL=-0.0078 vL=0.0232 t0=[red=0.42 blue=0.58]
[u  333] env= 21823488 rsucc=0.629 n_rounds=  945 ret=+1.550 len=1254.8 ent(t0,t>=1)=(0.463,1.221) aL=-0.0075 vL=0.0225 t0=[red=0.47 blue=0.53]
[u  334] env= 21889024 rsucc=0.682 n_rounds= 1018 ret=+0.237 len=1314.5 ent(t0,t>=1)=(0.493,1.213) aL=-0.0081 vL=0.0264 t0=[red=0.45 blue=0.55]
[u  335] env= 21954560 rsucc=0.718 n_rounds= 1028 ret=-1.121 len=1376.3 ent(t0,t>=1)=(0.494,1.203) aL=-0.0086 vL=0.0277 t0=[red=0.46 blue=0.54]
[u  336] env= 22020096 rsucc=0.696 n_rounds= 1005 ret=+0.060 len=1325.6 ent(t0,t>=1)=(0.507,1.190) aL=-0.0079 vL=0.0260 t0=[red=0.52 blue=0.48]
[u  337] env= 22085632 rsucc=0.642 n_rounds=  970 ret=+0.162 len=1334.2 ent(t0,t>=1)=(0.492,1.212) aL=-0.0073 vL=0.0251 t0=[red=0.47 blue=0.53]
[u  338] env= 22151168 rsucc=0.682 n_rounds= 1000 ret=+3.363 len=1222.5 ent(t0,t>=1)=(0.485,1.195) aL=-0.0080 vL=0.0255 t0=[red=0.49 blue=0.51]
[u  339] env= 22216704 rsucc=0.705 n_rounds= 1019 ret=+3.017 len=1217.5 ent(t0,t>=1)=(0.484,1.181) aL=-0.0084 vL=0.0259 t0=[red=0.54 blue=0.46]
[u  340] env= 22282240 rsucc=0.669 n_rounds=  981 ret=+0.650 len=1319.3 ent(t0,t>=1)=(0.471,1.184) aL=-0.0082 vL=0.0239 t0=[red=0.54 blue=0.46]
[u  341] env= 22347776 rsucc=0.688 n_rounds= 1038 ret=+0.039 len=1314.7 ent(t0,t>=1)=(0.512,1.208) aL=-0.0079 vL=0.0269 t0=[red=0.56 blue=0.44]
[u  342] env= 22413312 rsucc=0.746 n_rounds= 1061 ret=-0.554 len=1354.4 ent(t0,t>=1)=(0.491,1.210) aL=-0.0095 vL=0.0289 t0=[red=0.50 blue=0.50]
[u  343] env= 22478848 rsucc=0.678 n_rounds= 1002 ret=-0.583 len=1360.4 ent(t0,t>=1)=(0.463,1.201) aL=-0.0089 vL=0.0238 t0=[red=0.55 blue=0.45]
[u  344] env= 22544384 rsucc=0.630 n_rounds=  979 ret=+1.992 len=1239.1 ent(t0,t>=1)=(0.487,1.203) aL=-0.0075 vL=0.0238 t0=[red=0.49 blue=0.51]
[u  345] env= 22609920 rsucc=0.675 n_rounds= 1003 ret=+1.766 len=1283.3 ent(t0,t>=1)=(0.448,1.210) aL=-0.0084 vL=0.0257 t0=[red=0.46 blue=0.54]
[u  346] env= 22675456 rsucc=0.678 n_rounds= 1047 ret=+1.610 len=1248.3 ent(t0,t>=1)=(0.505,1.217) aL=-0.0086 vL=0.0256 t0=[red=0.52 blue=0.48]
[u  347] env= 22740992 rsucc=0.702 n_rounds= 1011 ret=+0.712 len=1304.9 ent(t0,t>=1)=(0.509,1.218) aL=-0.0089 vL=0.0275 t0=[red=0.55 blue=0.45]
[u  348] env= 22806528 rsucc=0.690 n_rounds= 1025 ret=+0.340 len=1306.9 ent(t0,t>=1)=(0.484,1.200) aL=-0.0084 vL=0.0263 t0=[red=0.44 blue=0.56]
[u  349] env= 22872064 rsucc=0.696 n_rounds= 1048 ret=+1.060 len=1295.7 ent(t0,t>=1)=(0.475,1.210) aL=-0.0081 vL=0.0267 t0=[red=0.48 blue=0.52]
[u  350] env= 22937600 rsucc=0.675 n_rounds=  960 ret=-0.345 len=1319.9 ent(t0,t>=1)=(0.453,1.198) aL=-0.0075 vL=0.0269 t0=[red=0.44 blue=0.56]
[u  351] env= 23003136 rsucc=0.703 n_rounds= 1022 ret=+1.583 len=1259.1 ent(t0,t>=1)=(0.466,1.204) aL=-0.0086 vL=0.0269 t0=[red=0.51 blue=0.49]
[u  352] env= 23068672 rsucc=0.686 n_rounds= 1030 ret=+1.554 len=1282.5 ent(t0,t>=1)=(0.471,1.196) aL=-0.0084 vL=0.0261 t0=[red=0.41 blue=0.59]
[u  353] env= 23134208 rsucc=0.707 n_rounds= 1028 ret=+1.764 len=1263.4 ent(t0,t>=1)=(0.485,1.185) aL=-0.0080 vL=0.0272 t0=[red=0.43 blue=0.57]
[u  354] env= 23199744 rsucc=0.687 n_rounds= 1033 ret=+0.937 len=1312.6 ent(t0,t>=1)=(0.498,1.187) aL=-0.0091 vL=0.0281 t0=[red=0.40 blue=0.60]
[u  355] env= 23265280 rsucc=0.724 n_rounds= 1055 ret=+1.014 len=1276.4 ent(t0,t>=1)=(0.488,1.183) aL=-0.0084 vL=0.0275 t0=[red=0.39 blue=0.61]
[u  356] env= 23330816 rsucc=0.670 n_rounds=  990 ret=+0.787 len=1290.0 ent(t0,t>=1)=(0.489,1.206) aL=-0.0080 vL=0.0259 t0=[red=0.42 blue=0.58]
[u  357] env= 23396352 rsucc=0.667 n_rounds=  992 ret=+1.052 len=1292.3 ent(t0,t>=1)=(0.485,1.198) aL=-0.0081 vL=0.0259 t0=[red=0.40 blue=0.60]
[u  358] env= 23461888 rsucc=0.697 n_rounds= 1003 ret=+0.703 len=1311.8 ent(t0,t>=1)=(0.481,1.189) aL=-0.0089 vL=0.0272 t0=[red=0.40 blue=0.60]
[u  359] env= 23527424 rsucc=0.642 n_rounds=  979 ret=+0.113 len=1315.3 ent(t0,t>=1)=(0.459,1.203) aL=-0.0081 vL=0.0248 t0=[red=0.32 blue=0.68]
[u  360] env= 23592960 rsucc=0.668 n_rounds= 1029 ret=+0.078 len=1319.4 ent(t0,t>=1)=(0.455,1.198) aL=-0.0083 vL=0.0260 t0=[red=0.33 blue=0.67]
[u  361] env= 23658496 rsucc=0.704 n_rounds=  999 ret=+0.375 len=1312.1 ent(t0,t>=1)=(0.435,1.195) aL=-0.0080 vL=0.0270 t0=[red=0.37 blue=0.63]
[u  362] env= 23724032 rsucc=0.653 n_rounds=  956 ret=+0.348 len=1337.6 ent(t0,t>=1)=(0.424,1.196) aL=-0.0080 vL=0.0242 t0=[red=0.33 blue=0.67]
[u  363] env= 23789568 rsucc=0.601 n_rounds=  938 ret=+0.194 len=1316.7 ent(t0,t>=1)=(0.449,1.212) aL=-0.0077 vL=0.0242 t0=[red=0.35 blue=0.65]
[u  364] env= 23855104 rsucc=0.692 n_rounds= 1023 ret=-0.640 len=1344.0 ent(t0,t>=1)=(0.482,1.187) aL=-0.0087 vL=0.0260 t0=[red=0.35 blue=0.65]
[u  365] env= 23920640 rsucc=0.722 n_rounds= 1065 ret=+1.547 len=1261.7 ent(t0,t>=1)=(0.463,1.178) aL=-0.0090 vL=0.0261 t0=[red=0.36 blue=0.64]
[u  366] env= 23986176 rsucc=0.721 n_rounds= 1017 ret=+1.233 len=1295.4 ent(t0,t>=1)=(0.427,1.188) aL=-0.0086 vL=0.0263 t0=[red=0.38 blue=0.62]
[u  367] env= 24051712 rsucc=0.681 n_rounds=  981 ret=+1.042 len=1306.5 ent(t0,t>=1)=(0.461,1.191) aL=-0.0088 vL=0.0233 t0=[red=0.43 blue=0.57]
[u  368] env= 24117248 rsucc=0.712 n_rounds= 1042 ret=+1.126 len=1284.2 ent(t0,t>=1)=(0.471,1.210) aL=-0.0090 vL=0.0283 t0=[red=0.45 blue=0.55]
[u  369] env= 24182784 rsucc=0.696 n_rounds= 1011 ret=+1.904 len=1260.9 ent(t0,t>=1)=(0.497,1.208) aL=-0.0088 vL=0.0278 t0=[red=0.39 blue=0.61]
[u  370] env= 24248320 rsucc=0.687 n_rounds= 1001 ret=+2.202 len=1246.8 ent(t0,t>=1)=(0.466,1.196) aL=-0.0086 vL=0.0264 t0=[red=0.40 blue=0.60]
[u  371] env= 24313856 rsucc=0.699 n_rounds= 1029 ret=+1.271 len=1290.8 ent(t0,t>=1)=(0.484,1.192) aL=-0.0078 vL=0.0252 t0=[red=0.40 blue=0.60]
[u  372] env= 24379392 rsucc=0.669 n_rounds=  980 ret=+0.037 len=1332.7 ent(t0,t>=1)=(0.467,1.207) aL=-0.0085 vL=0.0243 t0=[red=0.39 blue=0.61]
[u  373] env= 24444928 rsucc=0.670 n_rounds=  995 ret=+0.673 len=1323.2 ent(t0,t>=1)=(0.502,1.182) aL=-0.0083 vL=0.0252 t0=[red=0.43 blue=0.57]
[u  374] env= 24510464 rsucc=0.752 n_rounds= 1059 ret=+1.942 len=1262.6 ent(t0,t>=1)=(0.490,1.176) aL=-0.0085 vL=0.0275 t0=[red=0.43 blue=0.57]
[u  375] env= 24576000 rsucc=0.690 n_rounds= 1043 ret=+1.522 len=1265.2 ent(t0,t>=1)=(0.475,1.197) aL=-0.0084 vL=0.0293 t0=[red=0.41 blue=0.59]
[u  376] env= 24641536 rsucc=0.705 n_rounds= 1019 ret=+0.848 len=1294.8 ent(t0,t>=1)=(0.477,1.174) aL=-0.0085 vL=0.0266 t0=[red=0.40 blue=0.60]
[u  377] env= 24707072 rsucc=0.674 n_rounds= 1013 ret=+1.282 len=1282.6 ent(t0,t>=1)=(0.459,1.185) aL=-0.0091 vL=0.0256 t0=[red=0.38 blue=0.62]
[u  378] env= 24772608 rsucc=0.715 n_rounds= 1019 ret=+1.667 len=1263.6 ent(t0,t>=1)=(0.470,1.196) aL=-0.0085 vL=0.0269 t0=[red=0.37 blue=0.63]
[u  379] env= 24838144 rsucc=0.731 n_rounds= 1077 ret=+1.292 len=1284.8 ent(t0,t>=1)=(0.480,1.168) aL=-0.0087 vL=0.0276 t0=[red=0.37 blue=0.63]
[u  380] env= 24903680 rsucc=0.630 n_rounds=  946 ret=+1.212 len=1285.5 ent(t0,t>=1)=(0.483,1.196) aL=-0.0086 vL=0.0237 t0=[red=0.40 blue=0.60]
[u  381] env= 24969216 rsucc=0.671 n_rounds=  986 ret=+1.021 len=1294.1 ent(t0,t>=1)=(0.484,1.192) aL=-0.0080 vL=0.0261 t0=[red=0.42 blue=0.58]
[u  382] env= 25034752 rsucc=0.651 n_rounds= 1026 ret=+0.773 len=1296.0 ent(t0,t>=1)=(0.504,1.185) aL=-0.0077 vL=0.0267 t0=[red=0.44 blue=0.56]
[u  383] env= 25100288 rsucc=0.719 n_rounds= 1034 ret=+1.127 len=1285.9 ent(t0,t>=1)=(0.545,1.182) aL=-0.0085 vL=0.0255 t0=[red=0.44 blue=0.56]
[u  384] env= 25165824 rsucc=0.717 n_rounds= 1039 ret=+0.514 len=1306.9 ent(t0,t>=1)=(0.517,1.178) aL=-0.0084 vL=0.0251 t0=[red=0.44 blue=0.56]
[u  385] env= 25231360 rsucc=0.690 n_rounds=  975 ret=+0.980 len=1304.1 ent(t0,t>=1)=(0.522,1.182) aL=-0.0087 vL=0.0249 t0=[red=0.45 blue=0.55]
[u  386] env= 25296896 rsucc=0.688 n_rounds= 1015 ret=+0.478 len=1302.7 ent(t0,t>=1)=(0.496,1.187) aL=-0.0076 vL=0.0268 t0=[red=0.42 blue=0.58]
[u  387] env= 25362432 rsucc=0.698 n_rounds=  998 ret=+1.463 len=1280.2 ent(t0,t>=1)=(0.498,1.177) aL=-0.0076 vL=0.0265 t0=[red=0.43 blue=0.57]
[u  388] env= 25427968 rsucc=0.624 n_rounds=  978 ret=+0.184 len=1340.3 ent(t0,t>=1)=(0.514,1.186) aL=-0.0074 vL=0.0239 t0=[red=0.44 blue=0.56]
[u  389] env= 25493504 rsucc=0.683 n_rounds= 1001 ret=+0.130 len=1346.4 ent(t0,t>=1)=(0.531,1.185) aL=-0.0081 vL=0.0256 t0=[red=0.48 blue=0.52]
[u  390] env= 25559040 rsucc=0.693 n_rounds= 1031 ret=-0.272 len=1328.0 ent(t0,t>=1)=(0.523,1.152) aL=-0.0077 vL=0.0281 t0=[red=0.47 blue=0.53]
[u  391] env= 25624576 rsucc=0.732 n_rounds= 1046 ret=+1.253 len=1276.3 ent(t0,t>=1)=(0.514,1.183) aL=-0.0094 vL=0.0265 t0=[red=0.42 blue=0.58]
[u  392] env= 25690112 rsucc=0.632 n_rounds=  973 ret=+2.636 len=1227.8 ent(t0,t>=1)=(0.511,1.155) aL=-0.0085 vL=0.0241 t0=[red=0.44 blue=0.56]
[u  393] env= 25755648 rsucc=0.650 n_rounds=  991 ret=+0.380 len=1328.2 ent(t0,t>=1)=(0.498,1.155) aL=-0.0077 vL=0.0270 t0=[red=0.45 blue=0.55]
[u  394] env= 25821184 rsucc=0.662 n_rounds=  958 ret=-0.863 len=1344.2 ent(t0,t>=1)=(0.519,1.172) aL=-0.0089 vL=0.0247 t0=[red=0.48 blue=0.52]
[u  395] env= 25886720 rsucc=0.673 n_rounds= 1000 ret=+0.140 len=1322.0 ent(t0,t>=1)=(0.519,1.161) aL=-0.0088 vL=0.0261 t0=[red=0.43 blue=0.57]
[u  396] env= 25952256 rsucc=0.636 n_rounds=  957 ret=-0.182 len=1333.1 ent(t0,t>=1)=(0.499,1.175) aL=-0.0083 vL=0.0247 t0=[red=0.41 blue=0.59]
[u  397] env= 26017792 rsucc=0.653 n_rounds=  990 ret=+0.671 len=1303.2 ent(t0,t>=1)=(0.475,1.159) aL=-0.0082 vL=0.0267 t0=[red=0.43 blue=0.57]
[u  398] env= 26083328 rsucc=0.696 n_rounds= 1038 ret=-0.214 len=1346.2 ent(t0,t>=1)=(0.498,1.160) aL=-0.0084 vL=0.0271 t0=[red=0.41 blue=0.59]
[u  399] env= 26148864 rsucc=0.701 n_rounds= 1021 ret=+0.328 len=1323.0 ent(t0,t>=1)=(0.473,1.156) aL=-0.0082 vL=0.0280 t0=[red=0.41 blue=0.59]
[u  400] env= 26214400 rsucc=0.689 n_rounds= 1001 ret=+0.796 len=1308.0 ent(t0,t>=1)=(0.474,1.173) aL=-0.0085 vL=0.0273 t0=[red=0.39 blue=0.61]
[u  401] env= 26279936 rsucc=0.669 n_rounds=  972 ret=+0.436 len=1324.3 ent(t0,t>=1)=(0.480,1.178) aL=-0.0086 vL=0.0247 t0=[red=0.38 blue=0.62]
[u  402] env= 26345472 rsucc=0.651 n_rounds=  980 ret=+0.114 len=1310.0 ent(t0,t>=1)=(0.474,1.163) aL=-0.0080 vL=0.0249 t0=[red=0.45 blue=0.55]
[u  403] env= 26411008 rsucc=0.632 n_rounds=  976 ret=-0.296 len=1346.0 ent(t0,t>=1)=(0.450,1.155) aL=-0.0082 vL=0.0250 t0=[red=0.38 blue=0.62]
[u  404] env= 26476544 rsucc=0.680 n_rounds= 1002 ret=+0.904 len=1329.6 ent(t0,t>=1)=(0.493,1.159) aL=-0.0083 vL=0.0230 t0=[red=0.39 blue=0.61]
[u  405] env= 26542080 rsucc=0.719 n_rounds= 1021 ret=+1.415 len=1269.3 ent(t0,t>=1)=(0.478,1.167) aL=-0.0083 vL=0.0265 t0=[red=0.43 blue=0.57]
[u  406] env= 26607616 rsucc=0.663 n_rounds=  978 ret=+0.756 len=1289.7 ent(t0,t>=1)=(0.495,1.178) aL=-0.0075 vL=0.0249 t0=[red=0.41 blue=0.59]
[u  407] env= 26673152 rsucc=0.646 n_rounds=  988 ret=+0.729 len=1291.5 ent(t0,t>=1)=(0.467,1.182) aL=-0.0082 vL=0.0240 t0=[red=0.47 blue=0.53]
[u  408] env= 26738688 rsucc=0.642 n_rounds=  994 ret=-0.580 len=1344.1 ent(t0,t>=1)=(0.477,1.179) aL=-0.0077 vL=0.0251 t0=[red=0.39 blue=0.61]
[u  409] env= 26804224 rsucc=0.642 n_rounds=  968 ret=-0.498 len=1348.4 ent(t0,t>=1)=(0.487,1.173) aL=-0.0078 vL=0.0256 t0=[red=0.36 blue=0.64]
[u  410] env= 26869760 rsucc=0.663 n_rounds=  968 ret=-0.897 len=1379.6 ent(t0,t>=1)=(0.424,1.174) aL=-0.0078 vL=0.0254 t0=[red=0.28 blue=0.72]
[u  411] env= 26935296 rsucc=0.657 n_rounds=  957 ret=+0.265 len=1317.3 ent(t0,t>=1)=(0.427,1.153) aL=-0.0077 vL=0.0238 t0=[red=0.30 blue=0.70]
[u  412] env= 27000832 rsucc=0.636 n_rounds=  995 ret=+0.489 len=1327.0 ent(t0,t>=1)=(0.431,1.162) aL=-0.0077 vL=0.0262 t0=[red=0.35 blue=0.65]
[u  413] env= 27066368 rsucc=0.678 n_rounds= 1009 ret=+0.019 len=1343.5 ent(t0,t>=1)=(0.436,1.115) aL=-0.0083 vL=0.0271 t0=[red=0.36 blue=0.64]
[u  414] env= 27131904 rsucc=0.712 n_rounds= 1040 ret=+0.048 len=1301.9 ent(t0,t>=1)=(0.457,1.124) aL=-0.0073 vL=0.0291 t0=[red=0.41 blue=0.59]
[u  415] env= 27197440 rsucc=0.650 n_rounds=  963 ret=+0.159 len=1325.3 ent(t0,t>=1)=(0.423,1.137) aL=-0.0072 vL=0.0250 t0=[red=0.41 blue=0.59]
[u  416] env= 27262976 rsucc=0.707 n_rounds= 1055 ret=+0.773 len=1299.8 ent(t0,t>=1)=(0.444,1.144) aL=-0.0085 vL=0.0273 t0=[red=0.39 blue=0.61]
[u  417] env= 27328512 rsucc=0.705 n_rounds= 1003 ret=-0.333 len=1348.7 ent(t0,t>=1)=(0.440,1.128) aL=-0.0089 vL=0.0265 t0=[red=0.37 blue=0.63]
[u  418] env= 27394048 rsucc=0.682 n_rounds= 1022 ret=+0.748 len=1319.7 ent(t0,t>=1)=(0.447,1.150) aL=-0.0077 vL=0.0265 t0=[red=0.40 blue=0.60]
[u  419] env= 27459584 rsucc=0.660 n_rounds=  979 ret=+0.104 len=1329.6 ent(t0,t>=1)=(0.451,1.174) aL=-0.0082 vL=0.0257 t0=[red=0.38 blue=0.62]
[u  420] env= 27525120 rsucc=0.693 n_rounds= 1032 ret=+0.726 len=1296.5 ent(t0,t>=1)=(0.444,1.161) aL=-0.0082 vL=0.0266 t0=[red=0.35 blue=0.65]
[u  421] env= 27590656 rsucc=0.694 n_rounds= 1033 ret=+0.268 len=1315.9 ent(t0,t>=1)=(0.485,1.159) aL=-0.0089 vL=0.0258 t0=[red=0.40 blue=0.60]
[u  422] env= 27656192 rsucc=0.709 n_rounds= 1014 ret=+2.557 len=1208.8 ent(t0,t>=1)=(0.453,1.151) aL=-0.0082 vL=0.0281 t0=[red=0.37 blue=0.63]
[u  423] env= 27721728 rsucc=0.693 n_rounds= 1020 ret=+1.711 len=1266.6 ent(t0,t>=1)=(0.433,1.148) aL=-0.0075 vL=0.0269 t0=[red=0.39 blue=0.61]
[u  424] env= 27787264 rsucc=0.690 n_rounds=  997 ret=+1.504 len=1276.7 ent(t0,t>=1)=(0.461,1.174) aL=-0.0084 vL=0.0252 t0=[red=0.34 blue=0.66]
[u  425] env= 27852800 rsucc=0.693 n_rounds=  989 ret=+0.926 len=1312.4 ent(t0,t>=1)=(0.418,1.168) aL=-0.0079 vL=0.0258 t0=[red=0.35 blue=0.65]
[u  426] env= 27918336 rsucc=0.647 n_rounds=  944 ret=+1.021 len=1299.2 ent(t0,t>=1)=(0.414,1.164) aL=-0.0084 vL=0.0244 t0=[red=0.36 blue=0.64]
[u  427] env= 27983872 rsucc=0.661 n_rounds=  994 ret=+1.036 len=1304.1 ent(t0,t>=1)=(0.404,1.162) aL=-0.0077 vL=0.0271 t0=[red=0.31 blue=0.69]
[u  428] env= 28049408 rsucc=0.733 n_rounds= 1049 ret=+0.246 len=1345.0 ent(t0,t>=1)=(0.414,1.153) aL=-0.0089 vL=0.0279 t0=[red=0.33 blue=0.67]
[u  429] env= 28114944 rsucc=0.713 n_rounds= 1024 ret=+0.451 len=1321.7 ent(t0,t>=1)=(0.393,1.161) aL=-0.0082 vL=0.0282 t0=[red=0.30 blue=0.70]
[u  430] env= 28180480 rsucc=0.716 n_rounds= 1033 ret=+1.006 len=1302.9 ent(t0,t>=1)=(0.436,1.173) aL=-0.0090 vL=0.0262 t0=[red=0.32 blue=0.68]
[u  431] env= 28246016 rsucc=0.692 n_rounds= 1023 ret=+0.950 len=1300.6 ent(t0,t>=1)=(0.431,1.166) aL=-0.0092 vL=0.0256 t0=[red=0.32 blue=0.68]
[u  432] env= 28311552 rsucc=0.681 n_rounds= 1019 ret=+2.452 len=1245.9 ent(t0,t>=1)=(0.447,1.155) aL=-0.0089 vL=0.0250 t0=[red=0.39 blue=0.61]
[u  433] env= 28377088 rsucc=0.722 n_rounds= 1064 ret=+3.677 len=1175.9 ent(t0,t>=1)=(0.414,1.132) aL=-0.0090 vL=0.0262 t0=[red=0.33 blue=0.67]
[u  434] env= 28442624 rsucc=0.730 n_rounds= 1028 ret=+1.879 len=1255.7 ent(t0,t>=1)=(0.437,1.154) aL=-0.0090 vL=0.0264 t0=[red=0.37 blue=0.63]
[u  435] env= 28508160 rsucc=0.715 n_rounds= 1034 ret=+1.676 len=1256.9 ent(t0,t>=1)=(0.408,1.156) aL=-0.0084 vL=0.0248 t0=[red=0.36 blue=0.64]
[u  436] env= 28573696 rsucc=0.693 n_rounds=  991 ret=+1.515 len=1278.4 ent(t0,t>=1)=(0.442,1.189) aL=-0.0082 vL=0.0252 t0=[red=0.40 blue=0.60]
[u  437] env= 28639232 rsucc=0.711 n_rounds= 1025 ret=+0.814 len=1319.3 ent(t0,t>=1)=(0.458,1.168) aL=-0.0083 vL=0.0270 t0=[red=0.40 blue=0.60]
[u  438] env= 28704768 rsucc=0.669 n_rounds=  982 ret=+0.359 len=1321.7 ent(t0,t>=1)=(0.431,1.178) aL=-0.0078 vL=0.0245 t0=[red=0.39 blue=0.61]
[u  439] env= 28770304 rsucc=0.693 n_rounds= 1028 ret=+0.260 len=1330.6 ent(t0,t>=1)=(0.435,1.163) aL=-0.0080 vL=0.0265 t0=[red=0.29 blue=0.71]
[u  440] env= 28835840 rsucc=0.688 n_rounds=  992 ret=+1.252 len=1271.6 ent(t0,t>=1)=(0.453,1.156) aL=-0.0087 vL=0.0277 t0=[red=0.30 blue=0.70]
[u  441] env= 28901376 rsucc=0.690 n_rounds= 1041 ret=+0.655 len=1317.1 ent(t0,t>=1)=(0.449,1.166) aL=-0.0080 vL=0.0291 t0=[red=0.33 blue=0.67]
[u  442] env= 28966912 rsucc=0.713 n_rounds= 1014 ret=+0.545 len=1310.3 ent(t0,t>=1)=(0.454,1.154) aL=-0.0088 vL=0.0273 t0=[red=0.29 blue=0.71]
[u  443] env= 29032448 rsucc=0.684 n_rounds= 1040 ret=+1.232 len=1282.4 ent(t0,t>=1)=(0.431,1.149) aL=-0.0096 vL=0.0275 t0=[red=0.33 blue=0.67]
[u  444] env= 29097984 rsucc=0.725 n_rounds= 1047 ret=+0.881 len=1314.3 ent(t0,t>=1)=(0.417,1.158) aL=-0.0086 vL=0.0274 t0=[red=0.32 blue=0.68]
[u  445] env= 29163520 rsucc=0.655 n_rounds=  962 ret=+1.163 len=1282.8 ent(t0,t>=1)=(0.409,1.175) aL=-0.0077 vL=0.0256 t0=[red=0.28 blue=0.72]
[u  446] env= 29229056 rsucc=0.670 n_rounds= 1045 ret=+0.588 len=1301.2 ent(t0,t>=1)=(0.405,1.167) aL=-0.0088 vL=0.0271 t0=[red=0.28 blue=0.72]
[u  447] env= 29294592 rsucc=0.692 n_rounds= 1013 ret=+0.728 len=1289.6 ent(t0,t>=1)=(0.408,1.157) aL=-0.0089 vL=0.0278 t0=[red=0.25 blue=0.75]
[u  448] env= 29360128 rsucc=0.695 n_rounds= 1045 ret=+1.231 len=1264.5 ent(t0,t>=1)=(0.377,1.151) aL=-0.0081 vL=0.0276 t0=[red=0.23 blue=0.77]
[u  449] env= 29425664 rsucc=0.654 n_rounds=  988 ret=+2.493 len=1225.0 ent(t0,t>=1)=(0.348,1.143) aL=-0.0075 vL=0.0244 t0=[red=0.23 blue=0.77]
[u  450] env= 29491200 rsucc=0.712 n_rounds= 1020 ret=+2.142 len=1230.9 ent(t0,t>=1)=(0.348,1.139) aL=-0.0087 vL=0.0263 t0=[red=0.24 blue=0.76]
[u  451] env= 29556736 rsucc=0.739 n_rounds= 1094 ret=+2.254 len=1249.7 ent(t0,t>=1)=(0.385,1.133) aL=-0.0092 vL=0.0298 t0=[red=0.25 blue=0.75]
[u  452] env= 29622272 rsucc=0.635 n_rounds=  994 ret=+1.690 len=1258.8 ent(t0,t>=1)=(0.394,1.162) aL=-0.0089 vL=0.0269 t0=[red=0.26 blue=0.74]
[u  453] env= 29687808 rsucc=0.698 n_rounds= 1036 ret=+1.113 len=1270.9 ent(t0,t>=1)=(0.392,1.168) aL=-0.0082 vL=0.0266 t0=[red=0.29 blue=0.71]
[u  454] env= 29753344 rsucc=0.683 n_rounds= 1000 ret=+0.128 len=1321.1 ent(t0,t>=1)=(0.359,1.164) aL=-0.0090 vL=0.0272 t0=[red=0.23 blue=0.77]
[u  455] env= 29818880 rsucc=0.690 n_rounds=  958 ret=+0.670 len=1309.7 ent(t0,t>=1)=(0.322,1.163) aL=-0.0079 vL=0.0266 t0=[red=0.19 blue=0.81]
[u  456] env= 29884416 rsucc=0.666 n_rounds=  992 ret=+0.885 len=1313.8 ent(t0,t>=1)=(0.347,1.176) aL=-0.0082 vL=0.0246 t0=[red=0.19 blue=0.81]
[u  457] env= 29949952 rsucc=0.693 n_rounds=  999 ret=-0.340 len=1344.9 ent(t0,t>=1)=(0.357,1.155) aL=-0.0084 vL=0.0256 t0=[red=0.20 blue=0.80]
[u  458] env= 30015488 rsucc=0.702 n_rounds= 1016 ret=+0.964 len=1300.3 ent(t0,t>=1)=(0.411,1.155) aL=-0.0078 vL=0.0262 t0=[red=0.22 blue=0.78]
[u  459] env= 30081024 rsucc=0.682 n_rounds= 1031 ret=+0.053 len=1341.4 ent(t0,t>=1)=(0.335,1.162) aL=-0.0079 vL=0.0283 t0=[red=0.20 blue=0.80]
[u  460] env= 30146560 rsucc=0.685 n_rounds=  998 ret=+0.917 len=1319.7 ent(t0,t>=1)=(0.376,1.172) aL=-0.0073 vL=0.0272 t0=[red=0.23 blue=0.77]
[u  461] env= 30212096 rsucc=0.672 n_rounds=  984 ret=+0.114 len=1346.2 ent(t0,t>=1)=(0.314,1.174) aL=-0.0080 vL=0.0250 t0=[red=0.20 blue=0.80]
[u  462] env= 30277632 rsucc=0.719 n_rounds= 1055 ret=+1.613 len=1257.7 ent(t0,t>=1)=(0.347,1.150) aL=-0.0090 vL=0.0278 t0=[red=0.22 blue=0.78]
[u  463] env= 30343168 rsucc=0.749 n_rounds= 1118 ret=+2.237 len=1236.8 ent(t0,t>=1)=(0.365,1.133) aL=-0.0080 vL=0.0282 t0=[red=0.24 blue=0.76]
[u  464] env= 30408704 rsucc=0.698 n_rounds= 1049 ret=+1.263 len=1269.8 ent(t0,t>=1)=(0.383,1.151) aL=-0.0089 vL=0.0275 t0=[red=0.17 blue=0.83]
[u  465] env= 30474240 rsucc=0.693 n_rounds= 1035 ret=-0.205 len=1338.2 ent(t0,t>=1)=(0.351,1.146) aL=-0.0084 vL=0.0274 t0=[red=0.21 blue=0.79]
[u  466] env= 30539776 rsucc=0.689 n_rounds= 1016 ret=+1.537 len=1249.8 ent(t0,t>=1)=(0.408,1.125) aL=-0.0082 vL=0.0263 t0=[red=0.28 blue=0.72]
[u  467] env= 30605312 rsucc=0.660 n_rounds=  972 ret=+1.510 len=1272.4 ent(t0,t>=1)=(0.355,1.129) aL=-0.0091 vL=0.0244 t0=[red=0.22 blue=0.78]
[u  468] env= 30670848 rsucc=0.645 n_rounds=  968 ret=+0.917 len=1300.0 ent(t0,t>=1)=(0.403,1.116) aL=-0.0075 vL=0.0255 t0=[red=0.27 blue=0.73]
[u  469] env= 30736384 rsucc=0.667 n_rounds= 1027 ret=+1.229 len=1260.6 ent(t0,t>=1)=(0.365,1.150) aL=-0.0083 vL=0.0282 t0=[red=0.23 blue=0.77]
[u  470] env= 30801920 rsucc=0.664 n_rounds= 1006 ret=+0.288 len=1310.8 ent(t0,t>=1)=(0.346,1.171) aL=-0.0085 vL=0.0264 t0=[red=0.19 blue=0.81]
[u  471] env= 30867456 rsucc=0.652 n_rounds=  975 ret=+1.076 len=1279.2 ent(t0,t>=1)=(0.332,1.162) aL=-0.0082 vL=0.0239 t0=[red=0.18 blue=0.82]
[u  472] env= 30932992 rsucc=0.680 n_rounds= 1002 ret=+1.668 len=1276.8 ent(t0,t>=1)=(0.354,1.146) aL=-0.0091 vL=0.0253 t0=[red=0.21 blue=0.79]
[u  473] env= 30998528 rsucc=0.588 n_rounds=  922 ret=+2.093 len=1234.8 ent(t0,t>=1)=(0.334,1.140) aL=-0.0087 vL=0.0226 t0=[red=0.20 blue=0.80]
[u  474] env= 31064064 rsucc=0.688 n_rounds= 1023 ret=-0.816 len=1347.3 ent(t0,t>=1)=(0.334,1.146) aL=-0.0088 vL=0.0273 t0=[red=0.19 blue=0.81]
[u  475] env= 31129600 rsucc=0.725 n_rounds= 1038 ret=+0.044 len=1328.2 ent(t0,t>=1)=(0.357,1.157) aL=-0.0086 vL=0.0266 t0=[red=0.19 blue=0.81]
[u  476] env= 31195136 rsucc=0.733 n_rounds= 1057 ret=-0.405 len=1349.6 ent(t0,t>=1)=(0.348,1.154) aL=-0.0092 vL=0.0266 t0=[red=0.19 blue=0.81]
[u  477] env= 31260672 rsucc=0.641 n_rounds=  984 ret=+0.017 len=1334.7 ent(t0,t>=1)=(0.391,1.161) aL=-0.0081 vL=0.0231 t0=[red=0.24 blue=0.76]
[u  478] env= 31326208 rsucc=0.668 n_rounds=  995 ret=+0.428 len=1328.6 ent(t0,t>=1)=(0.366,1.146) aL=-0.0078 vL=0.0258 t0=[red=0.19 blue=0.81]
[u  479] env= 31391744 rsucc=0.692 n_rounds= 1039 ret=+0.697 len=1312.3 ent(t0,t>=1)=(0.383,1.168) aL=-0.0085 vL=0.0277 t0=[red=0.27 blue=0.73]
[u  480] env= 31457280 rsucc=0.709 n_rounds= 1021 ret=+0.287 len=1327.9 ent(t0,t>=1)=(0.402,1.158) aL=-0.0087 vL=0.0268 t0=[red=0.23 blue=0.77]
[u  481] env= 31522816 rsucc=0.684 n_rounds=  973 ret=+1.414 len=1263.3 ent(t0,t>=1)=(0.415,1.165) aL=-0.0080 vL=0.0253 t0=[red=0.21 blue=0.79]
[u  482] env= 31588352 rsucc=0.616 n_rounds=  959 ret=+1.239 len=1272.6 ent(t0,t>=1)=(0.404,1.162) aL=-0.0079 vL=0.0239 t0=[red=0.22 blue=0.78]
[u  483] env= 31653888 rsucc=0.687 n_rounds= 1024 ret=+1.895 len=1279.2 ent(t0,t>=1)=(0.384,1.158) aL=-0.0077 vL=0.0265 t0=[red=0.24 blue=0.76]
[u  484] env= 31719424 rsucc=0.639 n_rounds=  967 ret=+0.231 len=1308.9 ent(t0,t>=1)=(0.433,1.152) aL=-0.0081 vL=0.0241 t0=[red=0.23 blue=0.77]
[u  485] env= 31784960 rsucc=0.632 n_rounds=  981 ret=-0.394 len=1346.8 ent(t0,t>=1)=(0.416,1.156) aL=-0.0071 vL=0.0252 t0=[red=0.26 blue=0.74]
[u  486] env= 31850496 rsucc=0.682 n_rounds=  987 ret=+0.112 len=1312.5 ent(t0,t>=1)=(0.460,1.167) aL=-0.0082 vL=0.0274 t0=[red=0.29 blue=0.71]
[u  487] env= 31916032 rsucc=0.654 n_rounds=  978 ret=-0.046 len=1332.6 ent(t0,t>=1)=(0.416,1.159) aL=-0.0087 vL=0.0247 t0=[red=0.30 blue=0.70]
[u  488] env= 31981568 rsucc=0.653 n_rounds=  991 ret=-0.257 len=1328.6 ent(t0,t>=1)=(0.437,1.164) aL=-0.0090 vL=0.0252 t0=[red=0.28 blue=0.72]
[u  489] env= 32047104 rsucc=0.693 n_rounds=  981 ret=-0.728 len=1359.7 ent(t0,t>=1)=(0.443,1.146) aL=-0.0090 vL=0.0261 t0=[red=0.25 blue=0.75]
[u  490] env= 32112640 rsucc=0.683 n_rounds= 1021 ret=-1.718 len=1416.9 ent(t0,t>=1)=(0.420,1.155) aL=-0.0085 vL=0.0256 t0=[red=0.28 blue=0.72]
[u  491] env= 32178176 rsucc=0.655 n_rounds=  967 ret=+0.899 len=1286.8 ent(t0,t>=1)=(0.438,1.141) aL=-0.0088 vL=0.0250 t0=[red=0.25 blue=0.75]
[u  492] env= 32243712 rsucc=0.703 n_rounds= 1003 ret=+1.204 len=1292.2 ent(t0,t>=1)=(0.404,1.143) aL=-0.0091 vL=0.0281 t0=[red=0.22 blue=0.78]
[u  493] env= 32309248 rsucc=0.649 n_rounds=  994 ret=+1.840 len=1282.2 ent(t0,t>=1)=(0.408,1.162) aL=-0.0088 vL=0.0251 t0=[red=0.22 blue=0.78]
[u  494] env= 32374784 rsucc=0.662 n_rounds= 1004 ret=+1.078 len=1290.6 ent(t0,t>=1)=(0.411,1.164) aL=-0.0088 vL=0.0257 t0=[red=0.21 blue=0.79]
[u  495] env= 32440320 rsucc=0.729 n_rounds= 1036 ret=+0.295 len=1316.5 ent(t0,t>=1)=(0.460,1.162) aL=-0.0084 vL=0.0280 t0=[red=0.28 blue=0.72]
[u  496] env= 32505856 rsucc=0.664 n_rounds=  984 ret=+0.911 len=1306.4 ent(t0,t>=1)=(0.431,1.167) aL=-0.0084 vL=0.0263 t0=[red=0.25 blue=0.75]
[u  497] env= 32571392 rsucc=0.716 n_rounds= 1053 ret=-0.235 len=1336.5 ent(t0,t>=1)=(0.478,1.126) aL=-0.0089 vL=0.0278 t0=[red=0.30 blue=0.70]
[u  498] env= 32636928 rsucc=0.673 n_rounds= 1011 ret=+0.264 len=1306.8 ent(t0,t>=1)=(0.488,1.152) aL=-0.0089 vL=0.0274 t0=[red=0.30 blue=0.70]
[u  499] env= 32702464 rsucc=0.679 n_rounds= 1041 ret=+1.528 len=1266.4 ent(t0,t>=1)=(0.484,1.168) aL=-0.0087 vL=0.0284 t0=[red=0.36 blue=0.64]
[u  500] env= 32768000 rsucc=0.681 n_rounds= 1026 ret=+2.241 len=1233.9 ent(t0,t>=1)=(0.479,1.164) aL=-0.0090 vL=0.0276 t0=[red=0.28 blue=0.72]
[u  501] env= 32833536 rsucc=0.695 n_rounds= 1015 ret=+0.706 len=1299.3 ent(t0,t>=1)=(0.437,1.163) aL=-0.0086 vL=0.0279 t0=[red=0.34 blue=0.66]
[u  502] env= 32899072 rsucc=0.690 n_rounds= 1048 ret=+0.742 len=1301.1 ent(t0,t>=1)=(0.468,1.147) aL=-0.0090 vL=0.0279 t0=[red=0.32 blue=0.68]
[u  503] env= 32964608 rsucc=0.695 n_rounds=  995 ret=+0.275 len=1328.2 ent(t0,t>=1)=(0.454,1.163) aL=-0.0090 vL=0.0266 t0=[red=0.25 blue=0.75]
[u  504] env= 33030144 rsucc=0.662 n_rounds=  979 ret=+0.431 len=1298.8 ent(t0,t>=1)=(0.465,1.142) aL=-0.0095 vL=0.0236 t0=[red=0.25 blue=0.75]
[u  505] env= 33095680 rsucc=0.691 n_rounds= 1010 ret=+1.884 len=1244.4 ent(t0,t>=1)=(0.482,1.149) aL=-0.0083 vL=0.0250 t0=[red=0.33 blue=0.67]
[u  506] env= 33161216 rsucc=0.721 n_rounds= 1046 ret=+3.022 len=1200.2 ent(t0,t>=1)=(0.488,1.145) aL=-0.0089 vL=0.0285 t0=[red=0.34 blue=0.66]
[u  507] env= 33226752 rsucc=0.689 n_rounds= 1032 ret=+0.518 len=1307.8 ent(t0,t>=1)=(0.467,1.147) aL=-0.0083 vL=0.0286 t0=[red=0.28 blue=0.72]
[u  508] env= 33292288 rsucc=0.689 n_rounds= 1031 ret=+0.125 len=1328.7 ent(t0,t>=1)=(0.453,1.146) aL=-0.0087 vL=0.0281 t0=[red=0.32 blue=0.68]
[u  509] env= 33357824 rsucc=0.717 n_rounds= 1053 ret=+0.858 len=1302.3 ent(t0,t>=1)=(0.488,1.134) aL=-0.0090 vL=0.0253 t0=[red=0.36 blue=0.64]
[u  510] env= 33423360 rsucc=0.687 n_rounds= 1000 ret=+0.564 len=1302.6 ent(t0,t>=1)=(0.501,1.132) aL=-0.0093 vL=0.0257 t0=[red=0.43 blue=0.57]
[u  511] env= 33488896 rsucc=0.696 n_rounds= 1021 ret=+1.863 len=1256.3 ent(t0,t>=1)=(0.528,1.146) aL=-0.0090 vL=0.0264 t0=[red=0.37 blue=0.63]
[u  512] env= 33554432 rsucc=0.685 n_rounds= 1001 ret=+2.238 len=1247.6 ent(t0,t>=1)=(0.524,1.132) aL=-0.0076 vL=0.0257 t0=[red=0.34 blue=0.66]
[u  513] env= 33619968 rsucc=0.688 n_rounds= 1009 ret=+0.613 len=1304.0 ent(t0,t>=1)=(0.505,1.135) aL=-0.0080 vL=0.0271 t0=[red=0.35 blue=0.65]
[u  514] env= 33685504 rsucc=0.681 n_rounds= 1024 ret=+2.155 len=1260.2 ent(t0,t>=1)=(0.493,1.128) aL=-0.0088 vL=0.0272 t0=[red=0.35 blue=0.65]
[u  515] env= 33751040 rsucc=0.670 n_rounds=  997 ret=-0.141 len=1342.5 ent(t0,t>=1)=(0.450,1.110) aL=-0.0093 vL=0.0268 t0=[red=0.29 blue=0.71]
[u  516] env= 33816576 rsucc=0.673 n_rounds= 1008 ret=+0.344 len=1314.2 ent(t0,t>=1)=(0.468,1.140) aL=-0.0083 vL=0.0283 t0=[red=0.26 blue=0.74]
[u  517] env= 33882112 rsucc=0.681 n_rounds= 1024 ret=-0.266 len=1348.3 ent(t0,t>=1)=(0.466,1.126) aL=-0.0087 vL=0.0275 t0=[red=0.29 blue=0.71]
[u  518] env= 33947648 rsucc=0.688 n_rounds=  985 ret=+0.806 len=1266.9 ent(t0,t>=1)=(0.506,1.118) aL=-0.0085 vL=0.0251 t0=[red=0.32 blue=0.68]
[u  519] env= 34013184 rsucc=0.619 n_rounds=  966 ret=+2.923 len=1205.4 ent(t0,t>=1)=(0.484,1.127) aL=-0.0089 vL=0.0222 t0=[red=0.28 blue=0.72]
[u  520] env= 34078720 rsucc=0.637 n_rounds=  953 ret=+1.926 len=1252.1 ent(t0,t>=1)=(0.475,1.113) aL=-0.0085 vL=0.0240 t0=[red=0.28 blue=0.72]
[u  521] env= 34144256 rsucc=0.636 n_rounds=  984 ret=+0.282 len=1315.3 ent(t0,t>=1)=(0.421,1.133) aL=-0.0070 vL=0.0271 t0=[red=0.21 blue=0.79]
[u  522] env= 34209792 rsucc=0.708 n_rounds= 1049 ret=-1.538 len=1403.2 ent(t0,t>=1)=(0.438,1.104) aL=-0.0082 vL=0.0280 t0=[red=0.22 blue=0.78]
[u  523] env= 34275328 rsucc=0.751 n_rounds= 1086 ret=-0.095 len=1318.6 ent(t0,t>=1)=(0.470,1.107) aL=-0.0094 vL=0.0306 t0=[red=0.27 blue=0.73]
[u  524] env= 34340864 rsucc=0.718 n_rounds= 1043 ret=+1.933 len=1266.1 ent(t0,t>=1)=(0.488,1.109) aL=-0.0090 vL=0.0295 t0=[red=0.30 blue=0.70]
[u  525] env= 34406400 rsucc=0.681 n_rounds= 1009 ret=+2.351 len=1222.2 ent(t0,t>=1)=(0.417,1.109) aL=-0.0089 vL=0.0252 t0=[red=0.24 blue=0.76]
[u  526] env= 34471936 rsucc=0.683 n_rounds= 1016 ret=+1.626 len=1254.3 ent(t0,t>=1)=(0.378,1.133) aL=-0.0083 vL=0.0278 t0=[red=0.19 blue=0.81]
[u  527] env= 34537472 rsucc=0.709 n_rounds= 1042 ret=+1.548 len=1284.0 ent(t0,t>=1)=(0.445,1.122) aL=-0.0083 vL=0.0289 t0=[red=0.24 blue=0.76]
[u  528] env= 34603008 rsucc=0.727 n_rounds= 1089 ret=+2.066 len=1251.1 ent(t0,t>=1)=(0.433,1.124) aL=-0.0084 vL=0.0288 t0=[red=0.24 blue=0.76]
[u  529] env= 34668544 rsucc=0.667 n_rounds= 1001 ret=+0.691 len=1306.2 ent(t0,t>=1)=(0.405,1.139) aL=-0.0079 vL=0.0280 t0=[red=0.19 blue=0.81]
[u  530] env= 34734080 rsucc=0.701 n_rounds= 1024 ret=+0.076 len=1308.2 ent(t0,t>=1)=(0.425,1.125) aL=-0.0080 vL=0.0269 t0=[red=0.22 blue=0.78]
[u  531] env= 34799616 rsucc=0.704 n_rounds= 1028 ret=+1.787 len=1246.6 ent(t0,t>=1)=(0.457,1.115) aL=-0.0085 vL=0.0269 t0=[red=0.27 blue=0.73]
[u  532] env= 34865152 rsucc=0.686 n_rounds= 1012 ret=+1.760 len=1248.6 ent(t0,t>=1)=(0.411,1.101) aL=-0.0081 vL=0.0231 t0=[red=0.24 blue=0.76]
[u  533] env= 34930688 rsucc=0.703 n_rounds= 1063 ret=+1.430 len=1274.3 ent(t0,t>=1)=(0.394,1.122) aL=-0.0078 vL=0.0274 t0=[red=0.22 blue=0.78]
[u  534] env= 34996224 rsucc=0.690 n_rounds= 1035 ret=+1.995 len=1236.7 ent(t0,t>=1)=(0.438,1.106) aL=-0.0081 vL=0.0280 t0=[red=0.25 blue=0.75]
[u  535] env= 35061760 rsucc=0.671 n_rounds=  996 ret=+1.316 len=1274.8 ent(t0,t>=1)=(0.381,1.112) aL=-0.0084 vL=0.0277 t0=[red=0.22 blue=0.78]
[u  536] env= 35127296 rsucc=0.638 n_rounds=  962 ret=+1.394 len=1272.9 ent(t0,t>=1)=(0.372,1.114) aL=-0.0082 vL=0.0241 t0=[red=0.21 blue=0.79]
[u  537] env= 35192832 rsucc=0.726 n_rounds= 1037 ret=+0.171 len=1332.4 ent(t0,t>=1)=(0.360,1.092) aL=-0.0075 vL=0.0273 t0=[red=0.16 blue=0.84]
[u  538] env= 35258368 rsucc=0.694 n_rounds= 1034 ret=-0.234 len=1333.5 ent(t0,t>=1)=(0.332,1.117) aL=-0.0081 vL=0.0290 t0=[red=0.17 blue=0.83]
[u  539] env= 35323904 rsucc=0.647 n_rounds=  996 ret=+0.610 len=1295.3 ent(t0,t>=1)=(0.295,1.114) aL=-0.0083 vL=0.0257 t0=[red=0.14 blue=0.86]
[u  540] env= 35389440 rsucc=0.706 n_rounds= 1042 ret=-0.147 len=1343.0 ent(t0,t>=1)=(0.277,1.112) aL=-0.0084 vL=0.0288 t0=[red=0.13 blue=0.87]
[u  541] env= 35454976 rsucc=0.662 n_rounds=  983 ret=+0.992 len=1279.0 ent(t0,t>=1)=(0.287,1.134) aL=-0.0078 vL=0.0252 t0=[red=0.12 blue=0.88]
[u  542] env= 35520512 rsucc=0.693 n_rounds= 1033 ret=+1.655 len=1261.3 ent(t0,t>=1)=(0.235,1.115) aL=-0.0078 vL=0.0278 t0=[red=0.10 blue=0.90]
[u  543] env= 35586048 rsucc=0.705 n_rounds= 1024 ret=-0.178 len=1341.5 ent(t0,t>=1)=(0.250,1.099) aL=-0.0079 vL=0.0315 t0=[red=0.11 blue=0.89]
[u  544] env= 35651584 rsucc=0.686 n_rounds=  988 ret=+1.494 len=1247.7 ent(t0,t>=1)=(0.258,1.100) aL=-0.0087 vL=0.0257 t0=[red=0.10 blue=0.90]
[u  545] env= 35717120 rsucc=0.657 n_rounds= 1014 ret=+2.200 len=1234.1 ent(t0,t>=1)=(0.251,1.094) aL=-0.0077 vL=0.0258 t0=[red=0.12 blue=0.88]
[u  546] env= 35782656 rsucc=0.680 n_rounds=  993 ret=+0.548 len=1311.3 ent(t0,t>=1)=(0.282,1.125) aL=-0.0080 vL=0.0261 t0=[red=0.12 blue=0.88]
[u  547] env= 35848192 rsucc=0.706 n_rounds= 1002 ret=+0.516 len=1303.5 ent(t0,t>=1)=(0.270,1.124) aL=-0.0082 vL=0.0280 t0=[red=0.14 blue=0.86]
[u  548] env= 35913728 rsucc=0.641 n_rounds=  987 ret=-0.518 len=1378.6 ent(t0,t>=1)=(0.289,1.126) aL=-0.0077 vL=0.0261 t0=[red=0.14 blue=0.86]
[u  549] env= 35979264 rsucc=0.665 n_rounds= 1004 ret=+2.772 len=1247.3 ent(t0,t>=1)=(0.229,1.132) aL=-0.0083 vL=0.0269 t0=[red=0.10 blue=0.90]
[u  550] env= 36044800 rsucc=0.723 n_rounds= 1070 ret=+2.667 len=1236.0 ent(t0,t>=1)=(0.215,1.123) aL=-0.0082 vL=0.0310 t0=[red=0.11 blue=0.89]
[u  551] env= 36110336 rsucc=0.738 n_rounds= 1052 ret=+0.511 len=1303.1 ent(t0,t>=1)=(0.243,1.107) aL=-0.0089 vL=0.0287 t0=[red=0.10 blue=0.90]
[u  552] env= 36175872 rsucc=0.674 n_rounds= 1026 ret=+1.352 len=1267.8 ent(t0,t>=1)=(0.251,1.122) aL=-0.0078 vL=0.0278 t0=[red=0.12 blue=0.88]
[u  553] env= 36241408 rsucc=0.631 n_rounds=  964 ret=-0.342 len=1313.6 ent(t0,t>=1)=(0.220,1.137) aL=-0.0077 vL=0.0274 t0=[red=0.09 blue=0.91]
[u  554] env= 36306944 rsucc=0.681 n_rounds= 1020 ret=+0.832 len=1272.4 ent(t0,t>=1)=(0.251,1.107) aL=-0.0078 vL=0.0269 t0=[red=0.13 blue=0.87]
[u  555] env= 36372480 rsucc=0.690 n_rounds= 1026 ret=+2.168 len=1230.8 ent(t0,t>=1)=(0.236,1.099) aL=-0.0087 vL=0.0289 t0=[red=0.09 blue=0.91]
[u  556] env= 36438016 rsucc=0.733 n_rounds= 1082 ret=+1.033 len=1296.5 ent(t0,t>=1)=(0.245,1.105) aL=-0.0092 vL=0.0301 t0=[red=0.12 blue=0.88]
[u  557] env= 36503552 rsucc=0.747 n_rounds= 1086 ret=+0.313 len=1319.8 ent(t0,t>=1)=(0.234,1.109) aL=-0.0082 vL=0.0288 t0=[red=0.10 blue=0.90]
[u  558] env= 36569088 rsucc=0.701 n_rounds= 1017 ret=+1.186 len=1280.7 ent(t0,t>=1)=(0.233,1.117) aL=-0.0089 vL=0.0292 t0=[red=0.09 blue=0.91]
[u  559] env= 36634624 rsucc=0.723 n_rounds= 1056 ret=+1.799 len=1256.9 ent(t0,t>=1)=(0.205,1.102) aL=-0.0077 vL=0.0295 t0=[red=0.09 blue=0.91]
[u  560] env= 36700160 rsucc=0.752 n_rounds= 1069 ret=+2.851 len=1216.4 ent(t0,t>=1)=(0.252,1.120) aL=-0.0086 vL=0.0278 t0=[red=0.10 blue=0.90]
[u  561] env= 36765696 rsucc=0.721 n_rounds= 1053 ret=+2.368 len=1218.6 ent(t0,t>=1)=(0.237,1.121) aL=-0.0084 vL=0.0270 t0=[red=0.11 blue=0.89]
[u  562] env= 36831232 rsucc=0.714 n_rounds= 1018 ret=+2.639 len=1227.9 ent(t0,t>=1)=(0.221,1.116) aL=-0.0078 vL=0.0269 t0=[red=0.11 blue=0.89]
[u  563] env= 36896768 rsucc=0.672 n_rounds= 1029 ret=+2.757 len=1241.4 ent(t0,t>=1)=(0.251,1.099) aL=-0.0087 vL=0.0255 t0=[red=0.10 blue=0.90]
[u  564] env= 36962304 rsucc=0.698 n_rounds= 1050 ret=+2.255 len=1252.5 ent(t0,t>=1)=(0.215,1.096) aL=-0.0085 vL=0.0246 t0=[red=0.08 blue=0.92]
[u  565] env= 37027840 rsucc=0.694 n_rounds= 1018 ret=+1.389 len=1255.8 ent(t0,t>=1)=(0.223,1.100) aL=-0.0087 vL=0.0277 t0=[red=0.12 blue=0.88]
[u  566] env= 37093376 rsucc=0.635 n_rounds=  955 ret=+0.711 len=1295.8 ent(t0,t>=1)=(0.212,1.097) aL=-0.0081 vL=0.0272 t0=[red=0.09 blue=0.91]
[u  567] env= 37158912 rsucc=0.690 n_rounds= 1056 ret=+0.532 len=1286.7 ent(t0,t>=1)=(0.228,1.068) aL=-0.0077 vL=0.0294 t0=[red=0.11 blue=0.89]
[u  568] env= 37224448 rsucc=0.703 n_rounds= 1011 ret=+1.127 len=1293.5 ent(t0,t>=1)=(0.194,1.100) aL=-0.0075 vL=0.0283 t0=[red=0.10 blue=0.90]
[u  569] env= 37289984 rsucc=0.701 n_rounds= 1005 ret=+2.764 len=1258.0 ent(t0,t>=1)=(0.209,1.082) aL=-0.0087 vL=0.0273 t0=[red=0.09 blue=0.91]
[u  570] env= 37355520 rsucc=0.701 n_rounds=  995 ret=+1.860 len=1280.2 ent(t0,t>=1)=(0.204,1.094) aL=-0.0083 vL=0.0264 t0=[red=0.09 blue=0.91]
[u  571] env= 37421056 rsucc=0.649 n_rounds=  996 ret=+1.026 len=1288.4 ent(t0,t>=1)=(0.208,1.113) aL=-0.0078 vL=0.0263 t0=[red=0.09 blue=0.91]
[u  572] env= 37486592 rsucc=0.701 n_rounds= 1051 ret=+0.920 len=1299.6 ent(t0,t>=1)=(0.238,1.098) aL=-0.0083 vL=0.0284 t0=[red=0.11 blue=0.89]
[u  573] env= 37552128 rsucc=0.653 n_rounds= 1006 ret=-0.821 len=1366.7 ent(t0,t>=1)=(0.234,1.109) aL=-0.0079 vL=0.0273 t0=[red=0.11 blue=0.89]
[u  574] env= 37617664 rsucc=0.712 n_rounds= 1041 ret=+0.139 len=1315.4 ent(t0,t>=1)=(0.219,1.088) aL=-0.0090 vL=0.0301 t0=[red=0.09 blue=0.91]
[u  575] env= 37683200 rsucc=0.749 n_rounds= 1098 ret=+1.346 len=1267.7 ent(t0,t>=1)=(0.267,1.091) aL=-0.0086 vL=0.0309 t0=[red=0.12 blue=0.88]
[u  576] env= 37748736 rsucc=0.698 n_rounds= 1036 ret=+2.445 len=1221.7 ent(t0,t>=1)=(0.273,1.097) aL=-0.0077 vL=0.0285 t0=[red=0.11 blue=0.89]
[u  577] env= 37814272 rsucc=0.734 n_rounds= 1074 ret=+1.814 len=1240.6 ent(t0,t>=1)=(0.291,1.089) aL=-0.0076 vL=0.0330 t0=[red=0.14 blue=0.86]
[u  578] env= 37879808 rsucc=0.701 n_rounds= 1003 ret=+1.115 len=1297.9 ent(t0,t>=1)=(0.278,1.105) aL=-0.0080 vL=0.0288 t0=[red=0.15 blue=0.85]
[u  579] env= 37945344 rsucc=0.716 n_rounds= 1071 ret=+3.146 len=1195.2 ent(t0,t>=1)=(0.236,1.109) aL=-0.0087 vL=0.0292 t0=[red=0.14 blue=0.86]
[u  580] env= 38010880 rsucc=0.636 n_rounds=  991 ret=+2.287 len=1213.7 ent(t0,t>=1)=(0.201,1.120) aL=-0.0078 vL=0.0267 t0=[red=0.12 blue=0.88]
[u  581] env= 38076416 rsucc=0.674 n_rounds= 1034 ret=+0.941 len=1275.6 ent(t0,t>=1)=(0.236,1.105) aL=-0.0074 vL=0.0296 t0=[red=0.14 blue=0.86]
[u  582] env= 38141952 rsucc=0.732 n_rounds= 1072 ret=+1.655 len=1261.9 ent(t0,t>=1)=(0.236,1.094) aL=-0.0088 vL=0.0292 t0=[red=0.12 blue=0.88]
[u  583] env= 38207488 rsucc=0.671 n_rounds= 1028 ret=+1.006 len=1280.9 ent(t0,t>=1)=(0.246,1.092) aL=-0.0080 vL=0.0256 t0=[red=0.10 blue=0.90]
[u  584] env= 38273024 rsucc=0.720 n_rounds= 1091 ret=+0.297 len=1296.4 ent(t0,t>=1)=(0.213,1.081) aL=-0.0080 vL=0.0314 t0=[red=0.08 blue=0.92]
[u  585] env= 38338560 rsucc=0.725 n_rounds= 1073 ret=+1.753 len=1221.2 ent(t0,t>=1)=(0.207,1.106) aL=-0.0086 vL=0.0300 t0=[red=0.09 blue=0.91]
[u  586] env= 38404096 rsucc=0.702 n_rounds= 1035 ret=+2.118 len=1220.8 ent(t0,t>=1)=(0.236,1.112) aL=-0.0081 vL=0.0288 t0=[red=0.12 blue=0.88]
[u  587] env= 38469632 rsucc=0.694 n_rounds= 1034 ret=+1.623 len=1256.8 ent(t0,t>=1)=(0.267,1.108) aL=-0.0077 vL=0.0273 t0=[red=0.16 blue=0.84]
[u  588] env= 38535168 rsucc=0.727 n_rounds= 1075 ret=+2.550 len=1223.8 ent(t0,t>=1)=(0.243,1.089) aL=-0.0077 vL=0.0281 t0=[red=0.11 blue=0.89]
[u  589] env= 38600704 rsucc=0.657 n_rounds= 1025 ret=+1.925 len=1237.8 ent(t0,t>=1)=(0.250,1.125) aL=-0.0083 vL=0.0273 t0=[red=0.11 blue=0.89]
[u  590] env= 38666240 rsucc=0.709 n_rounds= 1033 ret=+1.653 len=1262.6 ent(t0,t>=1)=(0.261,1.112) aL=-0.0087 vL=0.0296 t0=[red=0.12 blue=0.88]
[u  591] env= 38731776 rsucc=0.650 n_rounds= 1000 ret=+2.288 len=1210.9 ent(t0,t>=1)=(0.266,1.120) aL=-0.0076 vL=0.0246 t0=[red=0.12 blue=0.88]
[u  592] env= 38797312 rsucc=0.658 n_rounds=  977 ret=+1.521 len=1264.5 ent(t0,t>=1)=(0.259,1.110) aL=-0.0078 vL=0.0253 t0=[red=0.13 blue=0.87]
[u  593] env= 38862848 rsucc=0.676 n_rounds= 1041 ret=-0.274 len=1342.8 ent(t0,t>=1)=(0.260,1.122) aL=-0.0083 vL=0.0270 t0=[red=0.12 blue=0.88]
[u  594] env= 38928384 rsucc=0.685 n_rounds= 1032 ret=-0.553 len=1335.4 ent(t0,t>=1)=(0.308,1.120) aL=-0.0081 vL=0.0285 t0=[red=0.14 blue=0.86]
[u  595] env= 38993920 rsucc=0.725 n_rounds= 1057 ret=+1.653 len=1248.7 ent(t0,t>=1)=(0.292,1.110) aL=-0.0079 vL=0.0303 t0=[red=0.15 blue=0.85]
[u  596] env= 39059456 rsucc=0.651 n_rounds=  970 ret=+1.873 len=1234.6 ent(t0,t>=1)=(0.296,1.130) aL=-0.0084 vL=0.0263 t0=[red=0.16 blue=0.84]
[u  597] env= 39124992 rsucc=0.687 n_rounds= 1018 ret=+0.735 len=1285.1 ent(t0,t>=1)=(0.279,1.128) aL=-0.0072 vL=0.0291 t0=[red=0.15 blue=0.85]
[u  598] env= 39190528 rsucc=0.686 n_rounds= 1001 ret=+0.291 len=1327.2 ent(t0,t>=1)=(0.301,1.109) aL=-0.0082 vL=0.0258 t0=[red=0.12 blue=0.88]
[u  599] env= 39256064 rsucc=0.680 n_rounds= 1030 ret=+0.814 len=1282.1 ent(t0,t>=1)=(0.296,1.089) aL=-0.0077 vL=0.0280 t0=[red=0.18 blue=0.82]
[u  600] env= 39321600 rsucc=0.727 n_rounds= 1064 ret=+0.069 len=1339.0 ent(t0,t>=1)=(0.269,1.080) aL=-0.0079 vL=0.0312 t0=[red=0.13 blue=0.87]
[u  601] env= 39387136 rsucc=0.692 n_rounds= 1052 ret=+1.918 len=1249.5 ent(t0,t>=1)=(0.278,1.077) aL=-0.0088 vL=0.0278 t0=[red=0.13 blue=0.87]
[u  602] env= 39452672 rsucc=0.722 n_rounds= 1029 ret=+1.025 len=1290.1 ent(t0,t>=1)=(0.267,1.102) aL=-0.0083 vL=0.0274 t0=[red=0.11 blue=0.89]
[u  603] env= 39518208 rsucc=0.696 n_rounds= 1039 ret=+1.598 len=1261.4 ent(t0,t>=1)=(0.255,1.092) aL=-0.0089 vL=0.0295 t0=[red=0.10 blue=0.90]
[u  604] env= 39583744 rsucc=0.695 n_rounds= 1031 ret=+1.387 len=1264.7 ent(t0,t>=1)=(0.262,1.107) aL=-0.0081 vL=0.0274 t0=[red=0.13 blue=0.87]
[u  605] env= 39649280 rsucc=0.695 n_rounds= 1026 ret=+1.269 len=1272.7 ent(t0,t>=1)=(0.247,1.110) aL=-0.0075 vL=0.0283 t0=[red=0.12 blue=0.88]
[u  606] env= 39714816 rsucc=0.639 n_rounds=  981 ret=+1.770 len=1257.9 ent(t0,t>=1)=(0.235,1.106) aL=-0.0076 vL=0.0245 t0=[red=0.09 blue=0.91]
[u  607] env= 39780352 rsucc=0.673 n_rounds= 1041 ret=+1.507 len=1259.8 ent(t0,t>=1)=(0.244,1.112) aL=-0.0078 vL=0.0293 t0=[red=0.13 blue=0.87]
[u  608] env= 39845888 rsucc=0.668 n_rounds= 1013 ret=+0.372 len=1304.9 ent(t0,t>=1)=(0.220,1.125) aL=-0.0077 vL=0.0260 t0=[red=0.14 blue=0.86]
[u  609] env= 39911424 rsucc=0.762 n_rounds= 1112 ret=+1.072 len=1274.6 ent(t0,t>=1)=(0.240,1.105) aL=-0.0082 vL=0.0324 t0=[red=0.09 blue=0.91]
[u  610] env= 39976960 rsucc=0.691 n_rounds= 1041 ret=+1.376 len=1243.5 ent(t0,t>=1)=(0.202,1.114) aL=-0.0083 vL=0.0281 t0=[red=0.08 blue=0.92]
[u  611] env= 40042496 rsucc=0.641 n_rounds=  980 ret=+1.194 len=1274.1 ent(t0,t>=1)=(0.201,1.125) aL=-0.0074 vL=0.0255 t0=[red=0.09 blue=0.91]
[u  612] env= 40108032 rsucc=0.687 n_rounds= 1019 ret=+2.867 len=1203.0 ent(t0,t>=1)=(0.251,1.095) aL=-0.0077 vL=0.0282 t0=[red=0.14 blue=0.86]
[u  613] env= 40173568 rsucc=0.747 n_rounds= 1073 ret=+1.131 len=1292.1 ent(t0,t>=1)=(0.273,1.104) aL=-0.0077 vL=0.0324 t0=[red=0.13 blue=0.87]
[u  614] env= 40239104 rsucc=0.698 n_rounds= 1016 ret=+1.015 len=1284.4 ent(t0,t>=1)=(0.205,1.128) aL=-0.0082 vL=0.0280 t0=[red=0.10 blue=0.90]
[u  615] env= 40304640 rsucc=0.655 n_rounds=  996 ret=+1.029 len=1266.5 ent(t0,t>=1)=(0.222,1.124) aL=-0.0080 vL=0.0267 t0=[red=0.13 blue=0.87]
[u  616] env= 40370176 rsucc=0.734 n_rounds= 1088 ret=+0.948 len=1298.5 ent(t0,t>=1)=(0.262,1.107) aL=-0.0072 vL=0.0289 t0=[red=0.13 blue=0.87]
[u  617] env= 40435712 rsucc=0.723 n_rounds= 1043 ret=+2.058 len=1247.7 ent(t0,t>=1)=(0.253,1.107) aL=-0.0077 vL=0.0289 t0=[red=0.10 blue=0.90]
[u  618] env= 40501248 rsucc=0.728 n_rounds= 1048 ret=+1.486 len=1273.8 ent(t0,t>=1)=(0.220,1.102) aL=-0.0074 vL=0.0283 t0=[red=0.11 blue=0.89]
[u  619] env= 40566784 rsucc=0.665 n_rounds= 1031 ret=+3.815 len=1161.1 ent(t0,t>=1)=(0.230,1.120) aL=-0.0076 vL=0.0271 t0=[red=0.12 blue=0.88]
[u  620] env= 40632320 rsucc=0.707 n_rounds= 1063 ret=+2.699 len=1217.1 ent(t0,t>=1)=(0.248,1.090) aL=-0.0084 vL=0.0319 t0=[red=0.14 blue=0.86]
[u  621] env= 40697856 rsucc=0.667 n_rounds=  984 ret=+1.033 len=1290.9 ent(t0,t>=1)=(0.223,1.109) aL=-0.0075 vL=0.0282 t0=[red=0.12 blue=0.88]
[u  622] env= 40763392 rsucc=0.671 n_rounds= 1012 ret=+0.136 len=1307.7 ent(t0,t>=1)=(0.226,1.121) aL=-0.0075 vL=0.0280 t0=[red=0.10 blue=0.90]
[u  623] env= 40828928 rsucc=0.696 n_rounds= 1022 ret=+0.294 len=1300.8 ent(t0,t>=1)=(0.225,1.097) aL=-0.0076 vL=0.0282 t0=[red=0.10 blue=0.90]
[u  624] env= 40894464 rsucc=0.691 n_rounds= 1032 ret=+1.080 len=1264.6 ent(t0,t>=1)=(0.226,1.096) aL=-0.0083 vL=0.0264 t0=[red=0.12 blue=0.88]
[u  625] env= 40960000 rsucc=0.734 n_rounds= 1046 ret=+1.244 len=1279.6 ent(t0,t>=1)=(0.253,1.079) aL=-0.0082 vL=0.0268 t0=[red=0.13 blue=0.87]
[u  626] env= 41025536 rsucc=0.648 n_rounds=  953 ret=+1.740 len=1250.5 ent(t0,t>=1)=(0.227,1.108) aL=-0.0077 vL=0.0254 t0=[red=0.12 blue=0.88]
[u  627] env= 41091072 rsucc=0.648 n_rounds= 1015 ret=+1.138 len=1291.6 ent(t0,t>=1)=(0.242,1.112) aL=-0.0076 vL=0.0242 t0=[red=0.12 blue=0.88]
[u  628] env= 41156608 rsucc=0.686 n_rounds= 1043 ret=+0.514 len=1321.4 ent(t0,t>=1)=(0.229,1.106) aL=-0.0074 vL=0.0282 t0=[red=0.11 blue=0.89]
[u  629] env= 41222144 rsucc=0.720 n_rounds= 1063 ret=+0.726 len=1289.6 ent(t0,t>=1)=(0.241,1.087) aL=-0.0077 vL=0.0296 t0=[red=0.11 blue=0.89]
[u  630] env= 41287680 rsucc=0.702 n_rounds= 1006 ret=+0.776 len=1292.9 ent(t0,t>=1)=(0.208,1.086) aL=-0.0072 vL=0.0295 t0=[red=0.11 blue=0.89]
[u  631] env= 41353216 rsucc=0.716 n_rounds= 1061 ret=+1.418 len=1260.0 ent(t0,t>=1)=(0.233,1.071) aL=-0.0077 vL=0.0315 t0=[red=0.11 blue=0.89]
[u  632] env= 41418752 rsucc=0.688 n_rounds= 1030 ret=+1.490 len=1260.6 ent(t0,t>=1)=(0.265,1.087) aL=-0.0074 vL=0.0288 t0=[red=0.14 blue=0.86]
[u  633] env= 41484288 rsucc=0.762 n_rounds= 1119 ret=+1.998 len=1252.8 ent(t0,t>=1)=(0.261,1.088) aL=-0.0077 vL=0.0319 t0=[red=0.13 blue=0.87]
[u  634] env= 41549824 rsucc=0.737 n_rounds= 1063 ret=+2.094 len=1243.2 ent(t0,t>=1)=(0.244,1.094) aL=-0.0073 vL=0.0292 t0=[red=0.13 blue=0.87]
[u  635] env= 41615360 rsucc=0.774 n_rounds= 1126 ret=+2.349 len=1235.6 ent(t0,t>=1)=(0.230,1.082) aL=-0.0079 vL=0.0316 t0=[red=0.11 blue=0.89]
[u  636] env= 41680896 rsucc=0.750 n_rounds= 1050 ret=+2.610 len=1222.4 ent(t0,t>=1)=(0.244,1.079) aL=-0.0077 vL=0.0274 t0=[red=0.12 blue=0.88]
[u  637] env= 41746432 rsucc=0.727 n_rounds= 1053 ret=+2.808 len=1224.6 ent(t0,t>=1)=(0.221,1.108) aL=-0.0074 vL=0.0301 t0=[red=0.10 blue=0.90]
[u  638] env= 41811968 rsucc=0.727 n_rounds= 1082 ret=+2.977 len=1225.4 ent(t0,t>=1)=(0.225,1.097) aL=-0.0079 vL=0.0301 t0=[red=0.10 blue=0.90]
[u  639] env= 41877504 rsucc=0.660 n_rounds=  995 ret=+2.140 len=1237.2 ent(t0,t>=1)=(0.227,1.109) aL=-0.0069 vL=0.0264 t0=[red=0.10 blue=0.90]
[u  640] env= 41943040 rsucc=0.683 n_rounds=  993 ret=+2.242 len=1228.6 ent(t0,t>=1)=(0.215,1.113) aL=-0.0074 vL=0.0248 t0=[red=0.10 blue=0.90]
[u  641] env= 42008576 rsucc=0.676 n_rounds= 1022 ret=+2.226 len=1250.6 ent(t0,t>=1)=(0.219,1.119) aL=-0.0073 vL=0.0281 t0=[red=0.11 blue=0.89]
[u  642] env= 42074112 rsucc=0.726 n_rounds= 1073 ret=+1.534 len=1260.6 ent(t0,t>=1)=(0.231,1.107) aL=-0.0074 vL=0.0310 t0=[red=0.10 blue=0.90]
[u  643] env= 42139648 rsucc=0.725 n_rounds= 1075 ret=+1.116 len=1264.9 ent(t0,t>=1)=(0.232,1.084) aL=-0.0068 vL=0.0290 t0=[red=0.11 blue=0.89]
[u  644] env= 42205184 rsucc=0.718 n_rounds= 1052 ret=+2.969 len=1199.9 ent(t0,t>=1)=(0.246,1.082) aL=-0.0078 vL=0.0285 t0=[red=0.11 blue=0.89]
[u  645] env= 42270720 rsucc=0.705 n_rounds= 1033 ret=+1.665 len=1260.9 ent(t0,t>=1)=(0.239,1.070) aL=-0.0070 vL=0.0275 t0=[red=0.09 blue=0.91]
[u  646] env= 42336256 rsucc=0.725 n_rounds= 1049 ret=+1.172 len=1300.4 ent(t0,t>=1)=(0.247,1.078) aL=-0.0076 vL=0.0279 t0=[red=0.10 blue=0.90]
[u  647] env= 42401792 rsucc=0.670 n_rounds= 1019 ret=+2.413 len=1221.9 ent(t0,t>=1)=(0.240,1.112) aL=-0.0069 vL=0.0283 t0=[red=0.11 blue=0.89]
[u  648] env= 42467328 rsucc=0.692 n_rounds= 1001 ret=+0.912 len=1284.9 ent(t0,t>=1)=(0.254,1.090) aL=-0.0074 vL=0.0273 t0=[red=0.10 blue=0.90]
[u  649] env= 42532864 rsucc=0.663 n_rounds=  998 ret=+2.061 len=1254.7 ent(t0,t>=1)=(0.232,1.092) aL=-0.0074 vL=0.0278 t0=[red=0.10 blue=0.90]
[u  650] env= 42598400 rsucc=0.678 n_rounds= 1020 ret=+1.609 len=1260.3 ent(t0,t>=1)=(0.243,1.097) aL=-0.0073 vL=0.0272 t0=[red=0.12 blue=0.88]
[u  651] env= 42663936 rsucc=0.726 n_rounds= 1068 ret=+0.938 len=1284.5 ent(t0,t>=1)=(0.271,1.052) aL=-0.0073 vL=0.0298 t0=[red=0.13 blue=0.87]
[u  652] env= 42729472 rsucc=0.737 n_rounds= 1073 ret=+1.096 len=1269.8 ent(t0,t>=1)=(0.225,1.080) aL=-0.0074 vL=0.0298 t0=[red=0.12 blue=0.88]
[u  653] env= 42795008 rsucc=0.740 n_rounds= 1058 ret=+1.163 len=1297.7 ent(t0,t>=1)=(0.231,1.100) aL=-0.0080 vL=0.0312 t0=[red=0.11 blue=0.89]
[u  654] env= 42860544 rsucc=0.680 n_rounds= 1009 ret=+1.325 len=1275.2 ent(t0,t>=1)=(0.253,1.097) aL=-0.0071 vL=0.0274 t0=[red=0.13 blue=0.87]
[u  655] env= 42926080 rsucc=0.705 n_rounds= 1041 ret=+1.325 len=1269.1 ent(t0,t>=1)=(0.268,1.065) aL=-0.0069 vL=0.0268 t0=[red=0.13 blue=0.87]
[u  656] env= 42991616 rsucc=0.664 n_rounds=  957 ret=+1.251 len=1290.9 ent(t0,t>=1)=(0.235,1.068) aL=-0.0064 vL=0.0243 t0=[red=0.10 blue=0.90]
[u  657] env= 43057152 rsucc=0.660 n_rounds= 1025 ret=+2.624 len=1238.9 ent(t0,t>=1)=(0.259,1.082) aL=-0.0069 vL=0.0276 t0=[red=0.11 blue=0.89]
[u  658] env= 43122688 rsucc=0.703 n_rounds= 1030 ret=+1.608 len=1262.6 ent(t0,t>=1)=(0.242,1.073) aL=-0.0075 vL=0.0263 t0=[red=0.10 blue=0.90]
[u  659] env= 43188224 rsucc=0.689 n_rounds= 1057 ret=+0.744 len=1282.1 ent(t0,t>=1)=(0.232,1.092) aL=-0.0074 vL=0.0291 t0=[red=0.10 blue=0.90]
[u  660] env= 43253760 rsucc=0.712 n_rounds= 1040 ret=+0.832 len=1286.5 ent(t0,t>=1)=(0.258,1.066) aL=-0.0077 vL=0.0262 t0=[red=0.14 blue=0.86]
[u  661] env= 43319296 rsucc=0.689 n_rounds=  998 ret=+0.079 len=1313.3 ent(t0,t>=1)=(0.282,1.068) aL=-0.0076 vL=0.0252 t0=[red=0.14 blue=0.86]
[u  662] env= 43384832 rsucc=0.680 n_rounds= 1020 ret=+0.691 len=1282.4 ent(t0,t>=1)=(0.263,1.091) aL=-0.0069 vL=0.0270 t0=[red=0.12 blue=0.88]
[u  663] env= 43450368 rsucc=0.715 n_rounds= 1069 ret=+2.430 len=1240.6 ent(t0,t>=1)=(0.270,1.064) aL=-0.0076 vL=0.0287 t0=[red=0.17 blue=0.83]
[u  664] env= 43515904 rsucc=0.666 n_rounds= 1000 ret=+2.325 len=1227.1 ent(t0,t>=1)=(0.239,1.096) aL=-0.0069 vL=0.0272 t0=[red=0.12 blue=0.88]
[u  665] env= 43581440 rsucc=0.715 n_rounds= 1062 ret=+1.425 len=1268.4 ent(t0,t>=1)=(0.243,1.073) aL=-0.0069 vL=0.0305 t0=[red=0.14 blue=0.86]
[u  666] env= 43646976 rsucc=0.686 n_rounds= 1049 ret=+0.199 len=1320.6 ent(t0,t>=1)=(0.240,1.078) aL=-0.0072 vL=0.0302 t0=[red=0.13 blue=0.87]
[u  667] env= 43712512 rsucc=0.724 n_rounds= 1047 ret=+1.325 len=1281.5 ent(t0,t>=1)=(0.220,1.072) aL=-0.0074 vL=0.0291 t0=[red=0.09 blue=0.91]
[u  668] env= 43778048 rsucc=0.711 n_rounds= 1064 ret=+0.736 len=1277.0 ent(t0,t>=1)=(0.236,1.083) aL=-0.0071 vL=0.0301 t0=[red=0.12 blue=0.88]
[u  669] env= 43843584 rsucc=0.752 n_rounds= 1106 ret=+1.706 len=1253.7 ent(t0,t>=1)=(0.268,1.067) aL=-0.0069 vL=0.0316 t0=[red=0.13 blue=0.87]
[u  670] env= 43909120 rsucc=0.699 n_rounds= 1005 ret=+2.453 len=1232.2 ent(t0,t>=1)=(0.246,1.078) aL=-0.0064 vL=0.0284 t0=[red=0.13 blue=0.87]
[u  671] env= 43974656 rsucc=0.674 n_rounds= 1023 ret=+2.452 len=1246.5 ent(t0,t>=1)=(0.243,1.087) aL=-0.0072 vL=0.0270 t0=[red=0.13 blue=0.87]
[u  672] env= 44040192 rsucc=0.725 n_rounds= 1055 ret=+3.487 len=1176.6 ent(t0,t>=1)=(0.204,1.095) aL=-0.0072 vL=0.0314 t0=[red=0.12 blue=0.88]
[u  673] env= 44105728 rsucc=0.716 n_rounds= 1029 ret=+2.802 len=1201.1 ent(t0,t>=1)=(0.223,1.092) aL=-0.0076 vL=0.0282 t0=[red=0.09 blue=0.91]
[u  674] env= 44171264 rsucc=0.713 n_rounds= 1028 ret=+0.976 len=1296.8 ent(t0,t>=1)=(0.220,1.083) aL=-0.0072 vL=0.0276 t0=[red=0.12 blue=0.88]
[u  675] env= 44236800 rsucc=0.676 n_rounds= 1039 ret=+1.102 len=1275.9 ent(t0,t>=1)=(0.257,1.095) aL=-0.0075 vL=0.0282 t0=[red=0.14 blue=0.86]
[u  676] env= 44302336 rsucc=0.739 n_rounds= 1044 ret=+1.512 len=1273.8 ent(t0,t>=1)=(0.264,1.063) aL=-0.0073 vL=0.0294 t0=[red=0.13 blue=0.87]
[u  677] env= 44367872 rsucc=0.653 n_rounds= 1017 ret=+1.821 len=1270.1 ent(t0,t>=1)=(0.235,1.090) aL=-0.0066 vL=0.0269 t0=[red=0.11 blue=0.89]
[u  678] env= 44433408 rsucc=0.690 n_rounds= 1029 ret=+2.027 len=1252.6 ent(t0,t>=1)=(0.278,1.098) aL=-0.0071 vL=0.0272 t0=[red=0.14 blue=0.86]
[u  679] env= 44498944 rsucc=0.728 n_rounds= 1110 ret=+1.802 len=1243.7 ent(t0,t>=1)=(0.282,1.100) aL=-0.0074 vL=0.0301 t0=[red=0.18 blue=0.82]
[u  680] env= 44564480 rsucc=0.740 n_rounds= 1046 ret=+0.953 len=1280.1 ent(t0,t>=1)=(0.241,1.096) aL=-0.0063 vL=0.0283 t0=[red=0.12 blue=0.88]
[u  681] env= 44630016 rsucc=0.682 n_rounds= 1055 ret=+1.316 len=1275.2 ent(t0,t>=1)=(0.239,1.086) aL=-0.0067 vL=0.0269 t0=[red=0.16 blue=0.84]
[u  682] env= 44695552 rsucc=0.700 n_rounds= 1004 ret=+2.273 len=1231.0 ent(t0,t>=1)=(0.245,1.073) aL=-0.0066 vL=0.0280 t0=[red=0.13 blue=0.87]
[u  683] env= 44761088 rsucc=0.624 n_rounds=  967 ret=+2.044 len=1240.1 ent(t0,t>=1)=(0.206,1.102) aL=-0.0067 vL=0.0268 t0=[red=0.11 blue=0.89]
[u  684] env= 44826624 rsucc=0.712 n_rounds= 1080 ret=+1.173 len=1262.3 ent(t0,t>=1)=(0.220,1.088) aL=-0.0072 vL=0.0288 t0=[red=0.13 blue=0.87]
[u  685] env= 44892160 rsucc=0.734 n_rounds= 1066 ret=+0.181 len=1306.9 ent(t0,t>=1)=(0.229,1.095) aL=-0.0066 vL=0.0306 t0=[red=0.12 blue=0.88]
[u  686] env= 44957696 rsucc=0.699 n_rounds= 1014 ret=+1.750 len=1245.5 ent(t0,t>=1)=(0.232,1.114) aL=-0.0066 vL=0.0273 t0=[red=0.12 blue=0.88]
[u  687] env= 45023232 rsucc=0.721 n_rounds= 1052 ret=+2.362 len=1241.0 ent(t0,t>=1)=(0.200,1.104) aL=-0.0071 vL=0.0295 t0=[red=0.10 blue=0.90]
[u  688] env= 45088768 rsucc=0.716 n_rounds= 1045 ret=+2.362 len=1232.5 ent(t0,t>=1)=(0.224,1.093) aL=-0.0069 vL=0.0294 t0=[red=0.10 blue=0.90]
[u  689] env= 45154304 rsucc=0.706 n_rounds= 1020 ret=+2.673 len=1214.1 ent(t0,t>=1)=(0.195,1.105) aL=-0.0068 vL=0.0286 t0=[red=0.10 blue=0.90]
[u  690] env= 45219840 rsucc=0.680 n_rounds= 1021 ret=+0.509 len=1317.4 ent(t0,t>=1)=(0.194,1.113) aL=-0.0061 vL=0.0280 t0=[red=0.09 blue=0.91]
[u  691] env= 45285376 rsucc=0.684 n_rounds=  999 ret=+0.389 len=1332.1 ent(t0,t>=1)=(0.179,1.122) aL=-0.0056 vL=0.0267 t0=[red=0.10 blue=0.90]
[u  692] env= 45350912 rsucc=0.646 n_rounds=  992 ret=-0.034 len=1327.7 ent(t0,t>=1)=(0.178,1.123) aL=-0.0067 vL=0.0277 t0=[red=0.09 blue=0.91]
[u  693] env= 45416448 rsucc=0.703 n_rounds= 1048 ret=+1.380 len=1274.3 ent(t0,t>=1)=(0.199,1.080) aL=-0.0067 vL=0.0316 t0=[red=0.07 blue=0.93]
[u  694] env= 45481984 rsucc=0.729 n_rounds= 1045 ret=+1.854 len=1256.1 ent(t0,t>=1)=(0.184,1.081) aL=-0.0069 vL=0.0314 t0=[red=0.08 blue=0.92]
[u  695] env= 45547520 rsucc=0.701 n_rounds= 1011 ret=+1.687 len=1259.0 ent(t0,t>=1)=(0.196,1.114) aL=-0.0063 vL=0.0286 t0=[red=0.09 blue=0.91]
[u  696] env= 45613056 rsucc=0.724 n_rounds= 1050 ret=+1.495 len=1285.0 ent(t0,t>=1)=(0.201,1.078) aL=-0.0056 vL=0.0318 t0=[red=0.09 blue=0.91]
[u  697] env= 45678592 rsucc=0.718 n_rounds= 1058 ret=+2.343 len=1230.2 ent(t0,t>=1)=(0.209,1.096) aL=-0.0065 vL=0.0288 t0=[red=0.10 blue=0.90]
[u  698] env= 45744128 rsucc=0.753 n_rounds= 1091 ret=+2.187 len=1248.2 ent(t0,t>=1)=(0.200,1.109) aL=-0.0069 vL=0.0307 t0=[red=0.08 blue=0.92]
[u  699] env= 45809664 rsucc=0.696 n_rounds= 1024 ret=+1.968 len=1266.4 ent(t0,t>=1)=(0.173,1.094) aL=-0.0063 vL=0.0293 t0=[red=0.07 blue=0.93]
[u  700] env= 45875200 rsucc=0.703 n_rounds= 1045 ret=+2.020 len=1241.1 ent(t0,t>=1)=(0.175,1.104) aL=-0.0061 vL=0.0314 t0=[red=0.07 blue=0.93]
[u  701] env= 45940736 rsucc=0.675 n_rounds= 1010 ret=+1.497 len=1261.1 ent(t0,t>=1)=(0.198,1.100) aL=-0.0056 vL=0.0290 t0=[red=0.10 blue=0.90]
[u  702] env= 46006272 rsucc=0.675 n_rounds= 1020 ret=+1.381 len=1264.6 ent(t0,t>=1)=(0.198,1.084) aL=-0.0066 vL=0.0254 t0=[red=0.11 blue=0.89]
[u  703] env= 46071808 rsucc=0.702 n_rounds= 1027 ret=+0.530 len=1302.5 ent(t0,t>=1)=(0.185,1.105) aL=-0.0064 vL=0.0275 t0=[red=0.08 blue=0.92]
[u  704] env= 46137344 rsucc=0.669 n_rounds= 1007 ret=+0.946 len=1262.5 ent(t0,t>=1)=(0.185,1.097) aL=-0.0063 vL=0.0305 t0=[red=0.08 blue=0.92]
[u  705] env= 46202880 rsucc=0.688 n_rounds= 1039 ret=+1.744 len=1248.4 ent(t0,t>=1)=(0.194,1.114) aL=-0.0061 vL=0.0305 t0=[red=0.07 blue=0.93]
[u  706] env= 46268416 rsucc=0.694 n_rounds= 1041 ret=+1.819 len=1254.3 ent(t0,t>=1)=(0.221,1.116) aL=-0.0063 vL=0.0296 t0=[red=0.12 blue=0.88]
[u  707] env= 46333952 rsucc=0.691 n_rounds=  996 ret=+1.651 len=1256.3 ent(t0,t>=1)=(0.237,1.094) aL=-0.0056 vL=0.0274 t0=[red=0.12 blue=0.88]
[u  708] env= 46399488 rsucc=0.661 n_rounds= 1031 ret=+0.547 len=1308.8 ent(t0,t>=1)=(0.197,1.113) aL=-0.0069 vL=0.0275 t0=[red=0.08 blue=0.92]
[u  709] env= 46465024 rsucc=0.751 n_rounds= 1120 ret=+1.383 len=1272.3 ent(t0,t>=1)=(0.235,1.081) aL=-0.0069 vL=0.0313 t0=[red=0.09 blue=0.91]
[u  710] env= 46530560 rsucc=0.735 n_rounds= 1084 ret=+1.547 len=1250.0 ent(t0,t>=1)=(0.232,1.098) aL=-0.0064 vL=0.0315 t0=[red=0.12 blue=0.88]
[u  711] env= 46596096 rsucc=0.740 n_rounds= 1139 ret=+2.406 len=1206.6 ent(t0,t>=1)=(0.228,1.101) aL=-0.0061 vL=0.0311 t0=[red=0.10 blue=0.90]
[u  712] env= 46661632 rsucc=0.766 n_rounds= 1107 ret=+2.038 len=1257.4 ent(t0,t>=1)=(0.215,1.085) aL=-0.0066 vL=0.0321 t0=[red=0.09 blue=0.91]
[u  713] env= 46727168 rsucc=0.752 n_rounds= 1085 ret=+2.950 len=1192.7 ent(t0,t>=1)=(0.223,1.110) aL=-0.0064 vL=0.0287 t0=[red=0.08 blue=0.92]
[u  714] env= 46792704 rsucc=0.688 n_rounds= 1040 ret=+2.865 len=1194.9 ent(t0,t>=1)=(0.217,1.114) aL=-0.0063 vL=0.0291 t0=[red=0.08 blue=0.92]
[u  715] env= 46858240 rsucc=0.696 n_rounds= 1032 ret=+2.604 len=1219.9 ent(t0,t>=1)=(0.205,1.080) aL=-0.0062 vL=0.0305 t0=[red=0.10 blue=0.90]
[u  716] env= 46923776 rsucc=0.717 n_rounds= 1048 ret=+2.099 len=1248.2 ent(t0,t>=1)=(0.185,1.096) aL=-0.0065 vL=0.0300 t0=[red=0.07 blue=0.93]
[u  717] env= 46989312 rsucc=0.712 n_rounds= 1036 ret=+1.133 len=1263.5 ent(t0,t>=1)=(0.191,1.092) aL=-0.0058 vL=0.0293 t0=[red=0.08 blue=0.92]
[u  718] env= 47054848 rsucc=0.701 n_rounds= 1039 ret=+2.022 len=1241.8 ent(t0,t>=1)=(0.222,1.076) aL=-0.0055 vL=0.0278 t0=[red=0.11 blue=0.89]
[u  719] env= 47120384 rsucc=0.758 n_rounds= 1091 ret=+2.785 len=1222.5 ent(t0,t>=1)=(0.223,1.069) aL=-0.0064 vL=0.0315 t0=[red=0.09 blue=0.91]
[u  720] env= 47185920 rsucc=0.722 n_rounds= 1050 ret=+2.538 len=1237.7 ent(t0,t>=1)=(0.232,1.080) aL=-0.0065 vL=0.0297 t0=[red=0.10 blue=0.90]
[u  721] env= 47251456 rsucc=0.702 n_rounds= 1028 ret=+1.698 len=1278.7 ent(t0,t>=1)=(0.217,1.084) aL=-0.0060 vL=0.0286 t0=[red=0.10 blue=0.90]
[u  722] env= 47316992 rsucc=0.702 n_rounds= 1022 ret=+1.902 len=1248.1 ent(t0,t>=1)=(0.242,1.102) aL=-0.0061 vL=0.0274 t0=[red=0.11 blue=0.89]
[u  723] env= 47382528 rsucc=0.687 n_rounds= 1032 ret=+1.415 len=1252.6 ent(t0,t>=1)=(0.247,1.089) aL=-0.0053 vL=0.0285 t0=[red=0.15 blue=0.85]
[u  724] env= 47448064 rsucc=0.698 n_rounds= 1041 ret=+1.516 len=1283.2 ent(t0,t>=1)=(0.219,1.085) aL=-0.0052 vL=0.0297 t0=[red=0.13 blue=0.87]
[u  725] env= 47513600 rsucc=0.674 n_rounds= 1002 ret=+2.110 len=1230.6 ent(t0,t>=1)=(0.207,1.115) aL=-0.0056 vL=0.0292 t0=[red=0.11 blue=0.89]
[u  726] env= 47579136 rsucc=0.761 n_rounds= 1108 ret=+1.972 len=1249.3 ent(t0,t>=1)=(0.258,1.074) aL=-0.0058 vL=0.0329 t0=[red=0.13 blue=0.87]
[u  727] env= 47644672 rsucc=0.724 n_rounds= 1039 ret=+2.146 len=1239.3 ent(t0,t>=1)=(0.254,1.095) aL=-0.0058 vL=0.0283 t0=[red=0.14 blue=0.86]
[u  728] env= 47710208 rsucc=0.698 n_rounds= 1038 ret=+1.903 len=1241.8 ent(t0,t>=1)=(0.222,1.107) aL=-0.0054 vL=0.0303 t0=[red=0.11 blue=0.89]
[u  729] env= 47775744 rsucc=0.748 n_rounds= 1074 ret=+1.948 len=1245.7 ent(t0,t>=1)=(0.254,1.069) aL=-0.0055 vL=0.0308 t0=[red=0.12 blue=0.88]
[u  730] env= 47841280 rsucc=0.687 n_rounds= 1038 ret=+2.528 len=1236.9 ent(t0,t>=1)=(0.261,1.091) aL=-0.0058 vL=0.0288 t0=[red=0.13 blue=0.87]
[u  731] env= 47906816 rsucc=0.730 n_rounds= 1066 ret=+2.223 len=1256.2 ent(t0,t>=1)=(0.247,1.082) aL=-0.0060 vL=0.0296 t0=[red=0.13 blue=0.87]
[u  732] env= 47972352 rsucc=0.746 n_rounds= 1072 ret=+1.915 len=1230.4 ent(t0,t>=1)=(0.254,1.084) aL=-0.0057 vL=0.0277 t0=[red=0.12 blue=0.88]
[u  733] env= 48037888 rsucc=0.716 n_rounds= 1040 ret=+1.561 len=1260.2 ent(t0,t>=1)=(0.254,1.092) aL=-0.0054 vL=0.0305 t0=[red=0.14 blue=0.86]
[u  734] env= 48103424 rsucc=0.670 n_rounds=  972 ret=+2.610 len=1219.6 ent(t0,t>=1)=(0.234,1.091) aL=-0.0055 vL=0.0247 t0=[red=0.12 blue=0.88]
[u  735] env= 48168960 rsucc=0.730 n_rounds= 1090 ret=+1.727 len=1264.5 ent(t0,t>=1)=(0.273,1.106) aL=-0.0055 vL=0.0333 t0=[red=0.18 blue=0.82]
[u  736] env= 48234496 rsucc=0.689 n_rounds= 1035 ret=+0.874 len=1295.8 ent(t0,t>=1)=(0.230,1.105) aL=-0.0053 vL=0.0285 t0=[red=0.15 blue=0.85]
[u  737] env= 48300032 rsucc=0.689 n_rounds= 1047 ret=+2.784 len=1232.8 ent(t0,t>=1)=(0.231,1.105) aL=-0.0049 vL=0.0301 t0=[red=0.14 blue=0.86]
[u  738] env= 48365568 rsucc=0.718 n_rounds= 1066 ret=+1.564 len=1267.9 ent(t0,t>=1)=(0.236,1.097) aL=-0.0049 vL=0.0304 t0=[red=0.11 blue=0.89]
[u  739] env= 48431104 rsucc=0.707 n_rounds= 1066 ret=+1.301 len=1253.2 ent(t0,t>=1)=(0.226,1.097) aL=-0.0051 vL=0.0326 t0=[red=0.10 blue=0.90]
[u  740] env= 48496640 rsucc=0.756 n_rounds= 1134 ret=+0.752 len=1280.2 ent(t0,t>=1)=(0.237,1.106) aL=-0.0051 vL=0.0325 t0=[red=0.12 blue=0.88]
[u  741] env= 48562176 rsucc=0.697 n_rounds= 1017 ret=+2.535 len=1204.6 ent(t0,t>=1)=(0.239,1.106) aL=-0.0052 vL=0.0302 t0=[red=0.11 blue=0.89]
[u  742] env= 48627712 rsucc=0.699 n_rounds= 1073 ret=+3.294 len=1185.6 ent(t0,t>=1)=(0.220,1.090) aL=-0.0050 vL=0.0326 t0=[red=0.09 blue=0.91]
[u  743] env= 48693248 rsucc=0.716 n_rounds= 1054 ret=+1.692 len=1241.2 ent(t0,t>=1)=(0.208,1.114) aL=-0.0053 vL=0.0328 t0=[red=0.10 blue=0.90]
[u  744] env= 48758784 rsucc=0.760 n_rounds= 1078 ret=+2.152 len=1239.2 ent(t0,t>=1)=(0.204,1.093) aL=-0.0054 vL=0.0342 t0=[red=0.09 blue=0.91]
[u  745] env= 48824320 rsucc=0.782 n_rounds= 1116 ret=+3.088 len=1199.4 ent(t0,t>=1)=(0.229,1.077) aL=-0.0054 vL=0.0327 t0=[red=0.09 blue=0.91]
[u  746] env= 48889856 rsucc=0.770 n_rounds= 1141 ret=+2.915 len=1210.6 ent(t0,t>=1)=(0.232,1.080) aL=-0.0051 vL=0.0342 t0=[red=0.09 blue=0.91]
[u  747] env= 48955392 rsucc=0.728 n_rounds= 1079 ret=+3.658 len=1183.4 ent(t0,t>=1)=(0.234,1.069) aL=-0.0051 vL=0.0320 t0=[red=0.13 blue=0.87]
[u  748] env= 49020928 rsucc=0.728 n_rounds= 1082 ret=+4.032 len=1158.7 ent(t0,t>=1)=(0.243,1.060) aL=-0.0050 vL=0.0318 t0=[red=0.11 blue=0.89]
[u  749] env= 49086464 rsucc=0.668 n_rounds=  995 ret=+3.228 len=1208.5 ent(t0,t>=1)=(0.234,1.081) aL=-0.0051 vL=0.0287 t0=[red=0.10 blue=0.90]
[u  750] env= 49152000 rsucc=0.678 n_rounds= 1008 ret=+2.021 len=1232.8 ent(t0,t>=1)=(0.215,1.088) aL=-0.0049 vL=0.0301 t0=[red=0.11 blue=0.89]
[u  751] env= 49217536 rsucc=0.701 n_rounds= 1067 ret=+1.347 len=1256.0 ent(t0,t>=1)=(0.223,1.081) aL=-0.0060 vL=0.0304 t0=[red=0.12 blue=0.88]
[u  752] env= 49283072 rsucc=0.741 n_rounds= 1050 ret=+1.427 len=1261.0 ent(t0,t>=1)=(0.246,1.071) aL=-0.0054 vL=0.0313 t0=[red=0.15 blue=0.85]
[u  753] env= 49348608 rsucc=0.690 n_rounds= 1021 ret=+0.610 len=1300.6 ent(t0,t>=1)=(0.206,1.093) aL=-0.0047 vL=0.0285 t0=[red=0.11 blue=0.89]
[u  754] env= 49414144 rsucc=0.704 n_rounds= 1024 ret=+1.531 len=1256.7 ent(t0,t>=1)=(0.215,1.082) aL=-0.0048 vL=0.0308 t0=[red=0.09 blue=0.91]
[u  755] env= 49479680 rsucc=0.728 n_rounds= 1077 ret=-0.053 len=1332.1 ent(t0,t>=1)=(0.229,1.087) aL=-0.0050 vL=0.0310 t0=[red=0.11 blue=0.89]
[u  756] env= 49545216 rsucc=0.737 n_rounds= 1094 ret=+1.999 len=1228.9 ent(t0,t>=1)=(0.217,1.060) aL=-0.0052 vL=0.0290 t0=[red=0.09 blue=0.91]
[u  757] env= 49610752 rsucc=0.706 n_rounds=  999 ret=+2.654 len=1226.8 ent(t0,t>=1)=(0.268,1.072) aL=-0.0049 vL=0.0275 t0=[red=0.15 blue=0.85]
[u  758] env= 49676288 rsucc=0.706 n_rounds= 1044 ret=+1.569 len=1284.0 ent(t0,t>=1)=(0.219,1.087) aL=-0.0049 vL=0.0298 t0=[red=0.11 blue=0.89]
[u  759] env= 49741824 rsucc=0.729 n_rounds= 1089 ret=+2.223 len=1239.1 ent(t0,t>=1)=(0.249,1.059) aL=-0.0051 vL=0.0313 t0=[red=0.13 blue=0.87]
[u  760] env= 49807360 rsucc=0.693 n_rounds= 1036 ret=+2.756 len=1212.1 ent(t0,t>=1)=(0.231,1.055) aL=-0.0047 vL=0.0302 t0=[red=0.12 blue=0.88]
[u  761] env= 49872896 rsucc=0.711 n_rounds= 1040 ret=+2.345 len=1236.4 ent(t0,t>=1)=(0.247,1.086) aL=-0.0044 vL=0.0288 t0=[red=0.10 blue=0.90]
[u  762] env= 49938432 rsucc=0.704 n_rounds= 1039 ret=+1.661 len=1262.1 ent(t0,t>=1)=(0.236,1.099) aL=-0.0045 vL=0.0283 t0=[red=0.12 blue=0.88]
[u  763] env= 50003968 rsucc=0.705 n_rounds= 1045 ret=+0.368 len=1300.2 ent(t0,t>=1)=(0.224,1.080) aL=-0.0044 vL=0.0326 t0=[red=0.12 blue=0.88]
[u  764] env= 50069504 rsucc=0.701 n_rounds= 1065 ret=+0.913 len=1278.3 ent(t0,t>=1)=(0.236,1.065) aL=-0.0044 vL=0.0325 t0=[red=0.13 blue=0.87]
[u  765] env= 50135040 rsucc=0.707 n_rounds= 1067 ret=+2.012 len=1246.4 ent(t0,t>=1)=(0.240,1.064) aL=-0.0052 vL=0.0321 t0=[red=0.11 blue=0.89]
[u  766] env= 50200576 rsucc=0.797 n_rounds= 1180 ret=+3.067 len=1176.3 ent(t0,t>=1)=(0.269,1.037) aL=-0.0048 vL=0.0345 t0=[red=0.11 blue=0.89]
[u  767] env= 50266112 rsucc=0.757 n_rounds= 1114 ret=+3.500 len=1180.8 ent(t0,t>=1)=(0.241,1.068) aL=-0.0046 vL=0.0318 t0=[red=0.10 blue=0.90]
[u  768] env= 50331648 rsucc=0.728 n_rounds= 1050 ret=+2.407 len=1220.4 ent(t0,t>=1)=(0.248,1.069) aL=-0.0041 vL=0.0285 t0=[red=0.12 blue=0.88]
[u  769] env= 50397184 rsucc=0.762 n_rounds= 1140 ret=+3.587 len=1176.1 ent(t0,t>=1)=(0.266,1.060) aL=-0.0041 vL=0.0322 t0=[red=0.13 blue=0.87]
[u  770] env= 50462720 rsucc=0.749 n_rounds= 1125 ret=+3.507 len=1169.8 ent(t0,t>=1)=(0.263,1.077) aL=-0.0046 vL=0.0332 t0=[red=0.13 blue=0.87]
[u  771] env= 50528256 rsucc=0.731 n_rounds= 1035 ret=+2.658 len=1229.0 ent(t0,t>=1)=(0.235,1.084) aL=-0.0040 vL=0.0318 t0=[red=0.10 blue=0.90]
[u  772] env= 50593792 rsucc=0.720 n_rounds= 1035 ret=+2.106 len=1252.7 ent(t0,t>=1)=(0.205,1.098) aL=-0.0046 vL=0.0327 t0=[red=0.10 blue=0.90]
[u  773] env= 50659328 rsucc=0.682 n_rounds=  996 ret=+2.075 len=1231.7 ent(t0,t>=1)=(0.226,1.083) aL=-0.0043 vL=0.0297 t0=[red=0.13 blue=0.87]
[u  774] env= 50724864 rsucc=0.738 n_rounds= 1092 ret=+3.380 len=1193.5 ent(t0,t>=1)=(0.220,1.075) aL=-0.0043 vL=0.0341 t0=[red=0.10 blue=0.90]
[u  775] env= 50790400 rsucc=0.674 n_rounds= 1032 ret=+3.614 len=1183.0 ent(t0,t>=1)=(0.220,1.081) aL=-0.0045 vL=0.0289 t0=[red=0.09 blue=0.91]
[u  776] env= 50855936 rsucc=0.718 n_rounds= 1028 ret=+1.816 len=1262.7 ent(t0,t>=1)=(0.223,1.110) aL=-0.0042 vL=0.0307 t0=[red=0.10 blue=0.90]
[u  777] env= 50921472 rsucc=0.731 n_rounds= 1067 ret=+1.720 len=1248.4 ent(t0,t>=1)=(0.195,1.087) aL=-0.0039 vL=0.0310 t0=[red=0.08 blue=0.92]
[u  778] env= 50987008 rsucc=0.743 n_rounds= 1088 ret=+2.003 len=1258.2 ent(t0,t>=1)=(0.228,1.067) aL=-0.0037 vL=0.0315 t0=[red=0.13 blue=0.87]
[u  779] env= 51052544 rsucc=0.698 n_rounds= 1006 ret=+0.981 len=1293.8 ent(t0,t>=1)=(0.209,1.079) aL=-0.0040 vL=0.0283 t0=[red=0.10 blue=0.90]
[u  780] env= 51118080 rsucc=0.725 n_rounds= 1061 ret=+0.575 len=1289.8 ent(t0,t>=1)=(0.214,1.072) aL=-0.0035 vL=0.0309 t0=[red=0.10 blue=0.90]
[u  781] env= 51183616 rsucc=0.743 n_rounds= 1075 ret=+0.887 len=1292.1 ent(t0,t>=1)=(0.231,1.062) aL=-0.0040 vL=0.0301 t0=[red=0.13 blue=0.87]
[u  782] env= 51249152 rsucc=0.688 n_rounds= 1004 ret=+2.798 len=1221.7 ent(t0,t>=1)=(0.194,1.074) aL=-0.0035 vL=0.0301 t0=[red=0.09 blue=0.91]
[u  783] env= 51314688 rsucc=0.699 n_rounds= 1076 ret=+2.633 len=1225.8 ent(t0,t>=1)=(0.209,1.073) aL=-0.0043 vL=0.0311 t0=[red=0.09 blue=0.91]
[u  784] env= 51380224 rsucc=0.719 n_rounds= 1046 ret=+2.014 len=1254.3 ent(t0,t>=1)=(0.215,1.067) aL=-0.0043 vL=0.0323 t0=[red=0.10 blue=0.90]
[u  785] env= 51445760 rsucc=0.741 n_rounds= 1099 ret=+3.117 len=1198.0 ent(t0,t>=1)=(0.231,1.068) aL=-0.0037 vL=0.0313 t0=[red=0.12 blue=0.88]
[u  786] env= 51511296 rsucc=0.678 n_rounds=  985 ret=+2.557 len=1214.3 ent(t0,t>=1)=(0.233,1.091) aL=-0.0035 vL=0.0276 t0=[red=0.12 blue=0.88]
[u  787] env= 51576832 rsucc=0.711 n_rounds= 1047 ret=+1.635 len=1269.3 ent(t0,t>=1)=(0.249,1.072) aL=-0.0034 vL=0.0311 t0=[red=0.13 blue=0.87]
[u  788] env= 51642368 rsucc=0.737 n_rounds= 1081 ret=+2.839 len=1223.2 ent(t0,t>=1)=(0.201,1.084) aL=-0.0045 vL=0.0328 t0=[red=0.09 blue=0.91]
[u  789] env= 51707904 rsucc=0.745 n_rounds= 1058 ret=+1.976 len=1227.1 ent(t0,t>=1)=(0.222,1.067) aL=-0.0038 vL=0.0306 t0=[red=0.09 blue=0.91]
[u  790] env= 51773440 rsucc=0.727 n_rounds= 1059 ret=+1.927 len=1247.4 ent(t0,t>=1)=(0.221,1.085) aL=-0.0032 vL=0.0310 t0=[red=0.12 blue=0.88]
[u  791] env= 51838976 rsucc=0.723 n_rounds= 1090 ret=+2.046 len=1241.2 ent(t0,t>=1)=(0.210,1.091) aL=-0.0028 vL=0.0302 t0=[red=0.09 blue=0.91]
[u  792] env= 51904512 rsucc=0.736 n_rounds= 1105 ret=+2.325 len=1250.7 ent(t0,t>=1)=(0.251,1.078) aL=-0.0030 vL=0.0314 t0=[red=0.12 blue=0.88]
[u  793] env= 51970048 rsucc=0.703 n_rounds= 1054 ret=+1.516 len=1271.9 ent(t0,t>=1)=(0.204,1.093) aL=-0.0035 vL=0.0294 t0=[red=0.09 blue=0.91]
[u  794] env= 52035584 rsucc=0.717 n_rounds= 1046 ret=+3.227 len=1178.6 ent(t0,t>=1)=(0.215,1.082) aL=-0.0033 vL=0.0293 t0=[red=0.09 blue=0.91]
[u  795] env= 52101120 rsucc=0.700 n_rounds= 1033 ret=+2.606 len=1218.4 ent(t0,t>=1)=(0.207,1.066) aL=-0.0038 vL=0.0289 t0=[red=0.08 blue=0.92]
[u  796] env= 52166656 rsucc=0.784 n_rounds= 1147 ret=+2.682 len=1213.6 ent(t0,t>=1)=(0.252,1.067) aL=-0.0031 vL=0.0344 t0=[red=0.15 blue=0.85]
[u  797] env= 52232192 rsucc=0.741 n_rounds= 1111 ret=+1.729 len=1256.1 ent(t0,t>=1)=(0.230,1.085) aL=-0.0038 vL=0.0327 t0=[red=0.09 blue=0.91]
[u  798] env= 52297728 rsucc=0.730 n_rounds= 1054 ret=+3.021 len=1175.8 ent(t0,t>=1)=(0.219,1.092) aL=-0.0036 vL=0.0320 t0=[red=0.10 blue=0.90]
[u  799] env= 52363264 rsucc=0.755 n_rounds= 1090 ret=+3.372 len=1183.5 ent(t0,t>=1)=(0.239,1.056) aL=-0.0032 vL=0.0322 t0=[red=0.11 blue=0.89]
[u  800] env= 52428800 rsucc=0.705 n_rounds= 1051 ret=+3.093 len=1214.5 ent(t0,t>=1)=(0.203,1.084) aL=-0.0034 vL=0.0283 t0=[red=0.09 blue=0.91]
[u  801] env= 52494336 rsucc=0.741 n_rounds= 1068 ret=+2.555 len=1226.6 ent(t0,t>=1)=(0.198,1.098) aL=-0.0032 vL=0.0306 t0=[red=0.08 blue=0.92]
[u  802] env= 52559872 rsucc=0.752 n_rounds= 1076 ret=+1.815 len=1252.4 ent(t0,t>=1)=(0.225,1.096) aL=-0.0030 vL=0.0313 t0=[red=0.11 blue=0.89]
[u  803] env= 52625408 rsucc=0.736 n_rounds= 1101 ret=+3.602 len=1178.9 ent(t0,t>=1)=(0.206,1.071) aL=-0.0036 vL=0.0354 t0=[red=0.09 blue=0.91]
[u  804] env= 52690944 rsucc=0.692 n_rounds= 1012 ret=+2.797 len=1207.9 ent(t0,t>=1)=(0.192,1.063) aL=-0.0030 vL=0.0300 t0=[red=0.07 blue=0.93]
[u  805] env= 52756480 rsucc=0.712 n_rounds= 1065 ret=+2.012 len=1245.8 ent(t0,t>=1)=(0.196,1.058) aL=-0.0028 vL=0.0297 t0=[red=0.08 blue=0.92]
[u  806] env= 52822016 rsucc=0.758 n_rounds= 1078 ret=+2.353 len=1225.6 ent(t0,t>=1)=(0.227,1.061) aL=-0.0029 vL=0.0313 t0=[red=0.09 blue=0.91]
[u  807] env= 52887552 rsucc=0.792 n_rounds= 1129 ret=+2.462 len=1226.1 ent(t0,t>=1)=(0.194,1.062) aL=-0.0027 vL=0.0333 t0=[red=0.08 blue=0.92]
[u  808] env= 52953088 rsucc=0.774 n_rounds= 1089 ret=+2.817 len=1247.1 ent(t0,t>=1)=(0.201,1.073) aL=-0.0035 vL=0.0320 t0=[red=0.07 blue=0.93]
[u  809] env= 53018624 rsucc=0.735 n_rounds= 1074 ret=+3.408 len=1204.1 ent(t0,t>=1)=(0.212,1.068) aL=-0.0035 vL=0.0295 t0=[red=0.10 blue=0.90]
[u  810] env= 53084160 rsucc=0.668 n_rounds=  995 ret=+3.180 len=1195.1 ent(t0,t>=1)=(0.184,1.109) aL=-0.0031 vL=0.0298 t0=[red=0.08 blue=0.92]
[u  811] env= 53149696 rsucc=0.721 n_rounds= 1062 ret=+2.913 len=1221.6 ent(t0,t>=1)=(0.188,1.099) aL=-0.0028 vL=0.0294 t0=[red=0.08 blue=0.92]
[u  812] env= 53215232 rsucc=0.730 n_rounds= 1091 ret=+1.732 len=1259.6 ent(t0,t>=1)=(0.216,1.062) aL=-0.0030 vL=0.0311 t0=[red=0.10 blue=0.90]
[u  813] env= 53280768 rsucc=0.727 n_rounds= 1075 ret=+2.269 len=1209.6 ent(t0,t>=1)=(0.205,1.063) aL=-0.0027 vL=0.0330 t0=[red=0.07 blue=0.93]
[u  814] env= 53346304 rsucc=0.720 n_rounds= 1115 ret=+2.273 len=1219.1 ent(t0,t>=1)=(0.211,1.050) aL=-0.0030 vL=0.0319 t0=[red=0.09 blue=0.91]
[u  815] env= 53411840 rsucc=0.784 n_rounds= 1132 ret=+1.845 len=1229.5 ent(t0,t>=1)=(0.215,1.043) aL=-0.0028 vL=0.0338 t0=[red=0.10 blue=0.90]
[u  816] env= 53477376 rsucc=0.734 n_rounds= 1098 ret=+2.656 len=1222.5 ent(t0,t>=1)=(0.220,1.078) aL=-0.0026 vL=0.0342 t0=[red=0.11 blue=0.89]
[u  817] env= 53542912 rsucc=0.675 n_rounds= 1059 ret=+2.985 len=1200.4 ent(t0,t>=1)=(0.189,1.091) aL=-0.0022 vL=0.0330 t0=[red=0.08 blue=0.92]
[u  818] env= 53608448 rsucc=0.730 n_rounds= 1070 ret=+2.174 len=1220.3 ent(t0,t>=1)=(0.199,1.083) aL=-0.0029 vL=0.0335 t0=[red=0.10 blue=0.90]
[u  819] env= 53673984 rsucc=0.683 n_rounds= 1023 ret=+2.422 len=1214.9 ent(t0,t>=1)=(0.191,1.115) aL=-0.0022 vL=0.0302 t0=[red=0.08 blue=0.92]
[u  820] env= 53739520 rsucc=0.721 n_rounds= 1060 ret=+1.435 len=1274.1 ent(t0,t>=1)=(0.211,1.077) aL=-0.0024 vL=0.0302 t0=[red=0.10 blue=0.90]
[u  821] env= 53805056 rsucc=0.720 n_rounds= 1043 ret=+2.809 len=1201.0 ent(t0,t>=1)=(0.210,1.047) aL=-0.0024 vL=0.0283 t0=[red=0.08 blue=0.92]
[u  822] env= 53870592 rsucc=0.677 n_rounds= 1036 ret=+3.631 len=1187.0 ent(t0,t>=1)=(0.191,1.076) aL=-0.0022 vL=0.0318 t0=[red=0.08 blue=0.92]
[u  823] env= 53936128 rsucc=0.688 n_rounds= 1025 ret=+1.577 len=1234.9 ent(t0,t>=1)=(0.205,1.100) aL=-0.0021 vL=0.0291 t0=[red=0.08 blue=0.92]
[u  824] env= 54001664 rsucc=0.682 n_rounds= 1050 ret=+0.442 len=1284.6 ent(t0,t>=1)=(0.213,1.086) aL=-0.0017 vL=0.0314 t0=[red=0.08 blue=0.92]
[u  825] env= 54067200 rsucc=0.690 n_rounds= 1034 ret=+1.308 len=1259.6 ent(t0,t>=1)=(0.210,1.085) aL=-0.0027 vL=0.0311 t0=[red=0.10 blue=0.90]
[u  826] env= 54132736 rsucc=0.700 n_rounds= 1070 ret=+0.476 len=1299.1 ent(t0,t>=1)=(0.202,1.093) aL=-0.0021 vL=0.0341 t0=[red=0.09 blue=0.91]
[u  827] env= 54198272 rsucc=0.716 n_rounds= 1055 ret=+1.627 len=1254.9 ent(t0,t>=1)=(0.190,1.099) aL=-0.0019 vL=0.0313 t0=[red=0.07 blue=0.93]
[u  828] env= 54263808 rsucc=0.739 n_rounds= 1095 ret=+2.335 len=1223.7 ent(t0,t>=1)=(0.185,1.075) aL=-0.0019 vL=0.0323 t0=[red=0.08 blue=0.92]
[u  829] env= 54329344 rsucc=0.759 n_rounds= 1100 ret=+3.381 len=1179.9 ent(t0,t>=1)=(0.202,1.067) aL=-0.0023 vL=0.0327 t0=[red=0.06 blue=0.94]
[u  830] env= 54394880 rsucc=0.724 n_rounds= 1061 ret=+2.621 len=1216.0 ent(t0,t>=1)=(0.213,1.068) aL=-0.0020 vL=0.0311 t0=[red=0.09 blue=0.91]
[u  831] env= 54460416 rsucc=0.699 n_rounds= 1057 ret=+2.853 len=1227.6 ent(t0,t>=1)=(0.203,1.076) aL=-0.0016 vL=0.0293 t0=[red=0.09 blue=0.91]
[u  832] env= 54525952 rsucc=0.697 n_rounds= 1036 ret=+2.092 len=1246.0 ent(t0,t>=1)=(0.172,1.094) aL=-0.0018 vL=0.0310 t0=[red=0.07 blue=0.93]
[u  833] env= 54591488 rsucc=0.692 n_rounds= 1032 ret=+1.616 len=1236.0 ent(t0,t>=1)=(0.176,1.080) aL=-0.0018 vL=0.0301 t0=[red=0.06 blue=0.94]
[u  834] env= 54657024 rsucc=0.722 n_rounds= 1066 ret=+1.017 len=1272.9 ent(t0,t>=1)=(0.205,1.065) aL=-0.0011 vL=0.0330 t0=[red=0.08 blue=0.92]
[u  835] env= 54722560 rsucc=0.704 n_rounds= 1026 ret=+0.783 len=1287.1 ent(t0,t>=1)=(0.190,1.093) aL=-0.0012 vL=0.0312 t0=[red=0.08 blue=0.92]
[u  836] env= 54788096 rsucc=0.695 n_rounds= 1045 ret=+1.195 len=1287.7 ent(t0,t>=1)=(0.202,1.057) aL=-0.0017 vL=0.0298 t0=[red=0.08 blue=0.92]
[u  837] env= 54853632 rsucc=0.656 n_rounds=  988 ret=+2.726 len=1206.0 ent(t0,t>=1)=(0.208,1.081) aL=-0.0023 vL=0.0283 t0=[red=0.10 blue=0.90]
[u  838] env= 54919168 rsucc=0.713 n_rounds= 1085 ret=+1.845 len=1229.5 ent(t0,t>=1)=(0.212,1.089) aL=-0.0017 vL=0.0313 t0=[red=0.10 blue=0.90]
[u  839] env= 54984704 rsucc=0.747 n_rounds= 1086 ret=+1.295 len=1282.4 ent(t0,t>=1)=(0.189,1.105) aL=-0.0017 vL=0.0339 t0=[red=0.08 blue=0.92]
[u  840] env= 55050240 rsucc=0.737 n_rounds= 1047 ret=+2.981 len=1197.2 ent(t0,t>=1)=(0.180,1.060) aL=-0.0016 vL=0.0307 t0=[red=0.07 blue=0.93]
[u  841] env= 55115776 rsucc=0.703 n_rounds= 1039 ret=+1.281 len=1284.3 ent(t0,t>=1)=(0.219,1.080) aL=-0.0013 vL=0.0302 t0=[red=0.10 blue=0.90]
[u  842] env= 55181312 rsucc=0.782 n_rounds= 1140 ret=+3.561 len=1182.2 ent(t0,t>=1)=(0.230,1.036) aL=-0.0016 vL=0.0322 t0=[red=0.08 blue=0.92]
[u  843] env= 55246848 rsucc=0.712 n_rounds= 1026 ret=+2.895 len=1223.7 ent(t0,t>=1)=(0.208,1.051) aL=-0.0013 vL=0.0309 t0=[red=0.08 blue=0.92]
[u  844] env= 55312384 rsucc=0.705 n_rounds= 1066 ret=+2.271 len=1256.1 ent(t0,t>=1)=(0.172,1.072) aL=-0.0013 vL=0.0308 t0=[red=0.07 blue=0.93]
[u  845] env= 55377920 rsucc=0.675 n_rounds=  995 ret=+2.503 len=1226.0 ent(t0,t>=1)=(0.171,1.096) aL=-0.0013 vL=0.0295 t0=[red=0.06 blue=0.94]
[u  846] env= 55443456 rsucc=0.703 n_rounds= 1055 ret=+2.027 len=1233.1 ent(t0,t>=1)=(0.199,1.063) aL=-0.0014 vL=0.0321 t0=[red=0.09 blue=0.91]
[u  847] env= 55508992 rsucc=0.761 n_rounds= 1112 ret=+1.768 len=1231.2 ent(t0,t>=1)=(0.212,1.075) aL=-0.0015 vL=0.0333 t0=[red=0.09 blue=0.91]
[u  848] env= 55574528 rsucc=0.733 n_rounds= 1119 ret=+2.160 len=1239.8 ent(t0,t>=1)=(0.215,1.076) aL=-0.0013 vL=0.0336 t0=[red=0.09 blue=0.91]
[u  849] env= 55640064 rsucc=0.726 n_rounds= 1087 ret=+2.544 len=1189.4 ent(t0,t>=1)=(0.193,1.099) aL=-0.0014 vL=0.0353 t0=[red=0.08 blue=0.92]
[u  850] env= 55705600 rsucc=0.744 n_rounds= 1113 ret=+2.846 len=1203.9 ent(t0,t>=1)=(0.211,1.053) aL=-0.0014 vL=0.0360 t0=[red=0.08 blue=0.92]
[u  851] env= 55771136 rsucc=0.753 n_rounds= 1096 ret=+2.716 len=1201.1 ent(t0,t>=1)=(0.206,1.078) aL=-0.0015 vL=0.0330 t0=[red=0.09 blue=0.91]
[u  852] env= 55836672 rsucc=0.745 n_rounds= 1076 ret=+3.096 len=1193.4 ent(t0,t>=1)=(0.189,1.107) aL=-0.0003 vL=0.0355 t0=[red=0.08 blue=0.92]
[u  853] env= 55902208 rsucc=0.721 n_rounds= 1072 ret=+2.480 len=1225.9 ent(t0,t>=1)=(0.183,1.122) aL=-0.0010 vL=0.0340 t0=[red=0.09 blue=0.91]
[u  854] env= 55967744 rsucc=0.684 n_rounds= 1040 ret=+2.651 len=1199.4 ent(t0,t>=1)=(0.176,1.131) aL=-0.0013 vL=0.0327 t0=[red=0.05 blue=0.95]
[u  855] env= 56033280 rsucc=0.753 n_rounds= 1079 ret=+2.089 len=1236.4 ent(t0,t>=1)=(0.196,1.100) aL=-0.0007 vL=0.0354 t0=[red=0.09 blue=0.91]
[u  856] env= 56098816 rsucc=0.705 n_rounds= 1033 ret=+1.586 len=1258.8 ent(t0,t>=1)=(0.203,1.057) aL=-0.0013 vL=0.0297 t0=[red=0.08 blue=0.92]
[u  857] env= 56164352 rsucc=0.708 n_rounds= 1084 ret=+2.203 len=1226.3 ent(t0,t>=1)=(0.215,1.090) aL=-0.0013 vL=0.0312 t0=[red=0.08 blue=0.92]
[u  858] env= 56229888 rsucc=0.730 n_rounds= 1076 ret=+2.088 len=1233.7 ent(t0,t>=1)=(0.183,1.118) aL=-0.0009 vL=0.0316 t0=[red=0.07 blue=0.93]
[u  859] env= 56295424 rsucc=0.703 n_rounds= 1042 ret=+2.182 len=1260.6 ent(t0,t>=1)=(0.185,1.089) aL=-0.0009 vL=0.0332 t0=[red=0.08 blue=0.92]
[u  860] env= 56360960 rsucc=0.760 n_rounds= 1109 ret=+2.633 len=1217.5 ent(t0,t>=1)=(0.197,1.065) aL=-0.0009 vL=0.0341 t0=[red=0.08 blue=0.92]
[u  861] env= 56426496 rsucc=0.767 n_rounds= 1119 ret=+3.002 len=1196.4 ent(t0,t>=1)=(0.223,1.064) aL=-0.0007 vL=0.0339 t0=[red=0.09 blue=0.91]
[u  862] env= 56492032 rsucc=0.768 n_rounds= 1121 ret=+2.739 len=1216.3 ent(t0,t>=1)=(0.230,1.057) aL=-0.0004 vL=0.0323 t0=[red=0.11 blue=0.89]
[u  863] env= 56557568 rsucc=0.742 n_rounds= 1056 ret=+3.286 len=1203.2 ent(t0,t>=1)=(0.199,1.098) aL=-0.0010 vL=0.0309 t0=[red=0.08 blue=0.92]
[u  864] env= 56623104 rsucc=0.733 n_rounds= 1049 ret=+2.518 len=1206.3 ent(t0,t>=1)=(0.203,1.100) aL=-0.0004 vL=0.0311 t0=[red=0.08 blue=0.92]
[u  865] env= 56688640 rsucc=0.677 n_rounds= 1022 ret=+2.424 len=1216.0 ent(t0,t>=1)=(0.218,1.086) aL=-0.0004 vL=0.0284 t0=[red=0.09 blue=0.91]
[u  866] env= 56754176 rsucc=0.686 n_rounds= 1004 ret=+3.710 len=1200.1 ent(t0,t>=1)=(0.206,1.052) aL=-0.0007 vL=0.0300 t0=[red=0.08 blue=0.92]
[u  867] env= 56819712 rsucc=0.773 n_rounds= 1109 ret=+2.518 len=1243.0 ent(t0,t>=1)=(0.185,1.071) aL=-0.0007 vL=0.0342 t0=[red=0.06 blue=0.94]
[u  868] env= 56885248 rsucc=0.720 n_rounds= 1073 ret=+3.277 len=1182.7 ent(t0,t>=1)=(0.188,1.103) aL=-0.0007 vL=0.0361 t0=[red=0.08 blue=0.92]
[u  869] env= 56950784 rsucc=0.680 n_rounds=  999 ret=+2.407 len=1235.7 ent(t0,t>=1)=(0.188,1.093) aL=-0.0007 vL=0.0303 t0=[red=0.06 blue=0.94]
[u  870] env= 57016320 rsucc=0.700 n_rounds= 1057 ret=+0.824 len=1287.3 ent(t0,t>=1)=(0.219,1.054) aL=-0.0006 vL=0.0333 t0=[red=0.11 blue=0.89]
[u  871] env= 57081856 rsucc=0.777 n_rounds= 1122 ret=+0.754 len=1304.9 ent(t0,t>=1)=(0.203,1.047) aL=-0.0006 vL=0.0344 t0=[red=0.08 blue=0.92]
[u  872] env= 57147392 rsucc=0.731 n_rounds= 1060 ret=+1.320 len=1272.8 ent(t0,t>=1)=(0.203,1.092) aL=-0.0003 vL=0.0322 t0=[red=0.08 blue=0.92]
[u  873] env= 57212928 rsucc=0.673 n_rounds= 1007 ret=+4.238 len=1160.8 ent(t0,t>=1)=(0.194,1.100) aL=-0.0005 vL=0.0306 t0=[red=0.06 blue=0.94]
[u  874] env= 57278464 rsucc=0.714 n_rounds= 1075 ret=+3.432 len=1168.8 ent(t0,t>=1)=(0.193,1.087) aL=+0.0001 vL=0.0343 t0=[red=0.08 blue=0.92]
[u  875] env= 57344000 rsucc=0.782 n_rounds= 1136 ret=+2.395 len=1230.6 ent(t0,t>=1)=(0.212,1.095) aL=-0.0002 vL=0.0344 t0=[red=0.09 blue=0.91]
[u  876] env= 57409536 rsucc=0.750 n_rounds= 1082 ret=+2.718 len=1228.7 ent(t0,t>=1)=(0.207,1.068) aL=-0.0004 vL=0.0330 t0=[red=0.08 blue=0.92]
[u  877] env= 57475072 rsucc=0.731 n_rounds= 1085 ret=+1.660 len=1257.5 ent(t0,t>=1)=(0.202,1.090) aL=-0.0001 vL=0.0317 t0=[red=0.08 blue=0.92]
[u  878] env= 57540608 rsucc=0.679 n_rounds= 1041 ret=+3.134 len=1190.7 ent(t0,t>=1)=(0.175,1.079) aL=-0.0005 vL=0.0309 t0=[red=0.07 blue=0.93]
[u  879] env= 57606144 rsucc=0.736 n_rounds= 1081 ret=+2.709 len=1213.4 ent(t0,t>=1)=(0.234,1.051) aL=-0.0007 vL=0.0325 t0=[red=0.11 blue=0.89]
[u  880] env= 57671680 rsucc=0.765 n_rounds= 1147 ret=+2.279 len=1218.0 ent(t0,t>=1)=(0.244,1.062) aL=-0.0002 vL=0.0361 t0=[red=0.12 blue=0.88]
[u  881] env= 57737216 rsucc=0.784 n_rounds= 1144 ret=+2.312 len=1240.5 ent(t0,t>=1)=(0.202,1.086) aL=-0.0003 vL=0.0357 t0=[red=0.09 blue=0.91]
[u  882] env= 57802752 rsucc=0.705 n_rounds= 1030 ret=+3.588 len=1162.7 ent(t0,t>=1)=(0.190,1.107) aL=+0.0000 vL=0.0318 t0=[red=0.07 blue=0.93]
[u  883] env= 57868288 rsucc=0.753 n_rounds= 1104 ret=+3.454 len=1173.4 ent(t0,t>=1)=(0.220,1.092) aL=+0.0000 vL=0.0344 t0=[red=0.09 blue=0.91]
[u  884] env= 57933824 rsucc=0.785 n_rounds= 1146 ret=+3.903 len=1159.7 ent(t0,t>=1)=(0.209,1.085) aL=-0.0000 vL=0.0349 t0=[red=0.10 blue=0.90]
[u  885] env= 57999360 rsucc=0.750 n_rounds= 1078 ret=+3.766 len=1188.2 ent(t0,t>=1)=(0.206,1.082) aL=+0.0006 vL=0.0324 t0=[red=0.09 blue=0.91]
[u  886] env= 58064896 rsucc=0.704 n_rounds= 1067 ret=+2.110 len=1246.3 ent(t0,t>=1)=(0.188,1.090) aL=-0.0002 vL=0.0335 t0=[red=0.06 blue=0.94]
[u  887] env= 58130432 rsucc=0.709 n_rounds= 1077 ret=+2.139 len=1220.9 ent(t0,t>=1)=(0.218,1.065) aL=-0.0000 vL=0.0322 t0=[red=0.11 blue=0.89]
[u  888] env= 58195968 rsucc=0.702 n_rounds= 1050 ret=+2.286 len=1216.3 ent(t0,t>=1)=(0.211,1.081) aL=-0.0001 vL=0.0320 t0=[red=0.08 blue=0.92]
[u  889] env= 58261504 rsucc=0.726 n_rounds= 1061 ret=+2.426 len=1219.5 ent(t0,t>=1)=(0.226,1.048) aL=+0.0001 vL=0.0310 t0=[red=0.10 blue=0.90]
[u  890] env= 58327040 rsucc=0.754 n_rounds= 1082 ret=+1.516 len=1256.4 ent(t0,t>=1)=(0.226,1.057) aL=+0.0002 vL=0.0323 t0=[red=0.09 blue=0.91]
[u  891] env= 58392576 rsucc=0.743 n_rounds= 1102 ret=+3.940 len=1152.1 ent(t0,t>=1)=(0.221,1.085) aL=-0.0001 vL=0.0324 t0=[red=0.10 blue=0.90]
[u  892] env= 58458112 rsucc=0.712 n_rounds= 1032 ret=+4.453 len=1131.7 ent(t0,t>=1)=(0.188,1.088) aL=+0.0003 vL=0.0315 t0=[red=0.06 blue=0.94]
[u  893] env= 58523648 rsucc=0.713 n_rounds= 1057 ret=+3.351 len=1187.8 ent(t0,t>=1)=(0.183,1.091) aL=+0.0001 vL=0.0313 t0=[red=0.06 blue=0.94]
[u  894] env= 58589184 rsucc=0.710 n_rounds= 1048 ret=+2.970 len=1219.9 ent(t0,t>=1)=(0.206,1.059) aL=+0.0002 vL=0.0325 t0=[red=0.08 blue=0.92]
[u  895] env= 58654720 rsucc=0.673 n_rounds= 1040 ret=+1.070 len=1280.8 ent(t0,t>=1)=(0.208,1.069) aL=-0.0001 vL=0.0336 t0=[red=0.09 blue=0.91]
[u  896] env= 58720256 rsucc=0.689 n_rounds= 1023 ret=+1.024 len=1271.2 ent(t0,t>=1)=(0.199,1.080) aL=-0.0001 vL=0.0309 t0=[red=0.07 blue=0.93]
[u  897] env= 58785792 rsucc=0.697 n_rounds= 1013 ret=+0.954 len=1285.7 ent(t0,t>=1)=(0.185,1.081) aL=+0.0003 vL=0.0305 t0=[red=0.09 blue=0.91]
[u  898] env= 58851328 rsucc=0.656 n_rounds= 1018 ret=+1.720 len=1264.0 ent(t0,t>=1)=(0.175,1.105) aL=+0.0005 vL=0.0306 t0=[red=0.08 blue=0.92]
[u  899] env= 58916864 rsucc=0.779 n_rounds= 1124 ret=+0.143 len=1338.1 ent(t0,t>=1)=(0.206,1.071) aL=+0.0006 vL=0.0318 t0=[red=0.09 blue=0.91]
[u  900] env= 58982400 rsucc=0.683 n_rounds=  997 ret=+1.353 len=1276.9 ent(t0,t>=1)=(0.182,1.103) aL=+0.0002 vL=0.0312 t0=[red=0.06 blue=0.94]
[u  901] env= 59047936 rsucc=0.680 n_rounds= 1061 ret=+1.647 len=1262.9 ent(t0,t>=1)=(0.162,1.103) aL=-0.0001 vL=0.0326 t0=[red=0.06 blue=0.94]
[u  902] env= 59113472 rsucc=0.749 n_rounds= 1070 ret=+2.339 len=1212.0 ent(t0,t>=1)=(0.186,1.072) aL=+0.0000 vL=0.0328 t0=[red=0.08 blue=0.92]
[u  903] env= 59179008 rsucc=0.768 n_rounds= 1084 ret=+2.629 len=1211.0 ent(t0,t>=1)=(0.189,1.043) aL=+0.0003 vL=0.0349 t0=[red=0.08 blue=0.92]
[u  904] env= 59244544 rsucc=0.720 n_rounds= 1068 ret=+2.727 len=1214.0 ent(t0,t>=1)=(0.201,1.063) aL=+0.0004 vL=0.0335 t0=[red=0.09 blue=0.91]
[u  905] env= 59310080 rsucc=0.718 n_rounds= 1076 ret=+2.383 len=1221.8 ent(t0,t>=1)=(0.188,1.092) aL=+0.0001 vL=0.0348 t0=[red=0.07 blue=0.93]
[u  906] env= 59375616 rsucc=0.759 n_rounds= 1090 ret=+2.293 len=1237.1 ent(t0,t>=1)=(0.191,1.084) aL=+0.0001 vL=0.0318 t0=[red=0.08 blue=0.92]
[u  907] env= 59441152 rsucc=0.719 n_rounds= 1051 ret=+1.876 len=1249.5 ent(t0,t>=1)=(0.166,1.075) aL=+0.0001 vL=0.0321 t0=[red=0.07 blue=0.93]
[u  908] env= 59506688 rsucc=0.729 n_rounds= 1058 ret=+2.481 len=1214.5 ent(t0,t>=1)=(0.222,1.076) aL=+0.0004 vL=0.0342 t0=[red=0.10 blue=0.90]
[u  909] env= 59572224 rsucc=0.661 n_rounds= 1003 ret=+2.977 len=1195.3 ent(t0,t>=1)=(0.211,1.090) aL=+0.0003 vL=0.0309 t0=[red=0.11 blue=0.89]
[u  910] env= 59637760 rsucc=0.663 n_rounds= 1043 ret=+2.137 len=1238.4 ent(t0,t>=1)=(0.204,1.096) aL=+0.0003 vL=0.0337 t0=[red=0.10 blue=0.90]
[u  911] env= 59703296 rsucc=0.757 n_rounds= 1151 ret=+1.694 len=1244.6 ent(t0,t>=1)=(0.221,1.073) aL=+0.0005 vL=0.0365 t0=[red=0.09 blue=0.91]
[u  912] env= 59768832 rsucc=0.778 n_rounds= 1108 ret=+1.810 len=1272.2 ent(t0,t>=1)=(0.200,1.064) aL=+0.0003 vL=0.0339 t0=[red=0.08 blue=0.92]
[u  913] env= 59834368 rsucc=0.697 n_rounds=  984 ret=+2.215 len=1219.7 ent(t0,t>=1)=(0.181,1.101) aL=+0.0003 vL=0.0301 t0=[red=0.06 blue=0.94]
[u  914] env= 59899904 rsucc=0.693 n_rounds= 1039 ret=+2.592 len=1211.8 ent(t0,t>=1)=(0.192,1.081) aL=+0.0008 vL=0.0328 t0=[red=0.09 blue=0.91]
[u  915] env= 59965440 rsucc=0.729 n_rounds= 1045 ret=+2.748 len=1242.0 ent(t0,t>=1)=(0.187,1.070) aL=+0.0001 vL=0.0342 t0=[red=0.07 blue=0.93]
[main] training done in 5748.9s
        round_success_rate: [+0.4157, +0.3071, +0.3922, +0.3355, +0.3226, +0.3099, +0.3162, +0.3807, +0.3385, +0.4265, +0.3685, +0.4010, +0.4032, +0.4267, +0.5651, +0.6444, +0.6309, +0.6110, +0.6307, +0.6339, +0.6351, +0.6411, +0.6314, +0.6534, +0.5594, +0.6047, +0.6414, +0.6622, +0.6936, +0.6503, +0.6325, +0.6131, +0.6667, +0.6389, +0.6691, +0.7050, +0.6477, +0.6998, +0.7388, +0.6564, +0.6670, +0.6530, +0.7091, +0.6863, +0.6670, +0.6534, +0.6177, +0.6869, +0.7209, +0.6892, +0.6534, +0.6521, +0.7261, +0.7108, +0.6446, +0.6465, +0.6199, +0.5924, +0.6238, +0.6335, +0.5969, +0.6626, +0.6738, +0.6605, +0.7069, +0.7390, +0.6847, +0.6264, +0.6552, +0.6096, +0.6766, +0.6175, +0.6393, +0.6765, +0.6473, +0.6422, +0.6590, +0.6507, +0.6783, +0.6896, +0.6234, +0.6477, +0.7119, +0.7288, +0.6177, +0.6629, +0.6449, +0.6909, +0.6821, +0.6533, +0.6691, +0.6650, +0.6701, +0.6201, +0.7184, +0.6305, +0.6307, +0.6756, +0.6300, +0.6178, +0.6828, +0.7114, +0.6820, +0.6360, +0.6808, +0.6487, +0.6378, +0.6845, +0.6731, +0.7082, +0.6588, +0.6740, +0.7089, +0.7122, +0.6905, +0.6798, +0.7059, +0.6670, +0.6033, +0.6427, +0.6817, +0.6050, +0.6724, +0.6647, +0.6627, +0.6794, +0.7022, +0.6815, +0.6287, +0.6697, +0.6741, +0.6680, +0.6986, +0.6687, +0.6932, +0.7114, +0.6918, +0.6322, +0.7294, +0.6948, +0.6449, +0.5950, +0.6603, +0.7119, +0.7337, +0.6950, +0.6968, +0.6922, +0.6504, +0.6753, +0.6442, +0.6936, +0.6288, +0.6865, +0.6760, +0.6580, +0.7037, +0.6460, +0.6954, +0.7064, +0.7088, +0.6101, +0.6451, +0.6214, +0.6513, +0.7415, +0.6290, +0.6579, +0.6711, +0.6387, +0.7741, +0.7134, +0.6774, +0.6584, +0.7274, +0.6417, +0.6527, +0.7031, +0.6480, +0.6775, +0.6944, +0.6800, +0.6851, +0.6580, +0.6938, +0.6785, +0.7217, +0.7136, +0.7154, +0.7032, +0.6627, +0.7360, +0.6409, +0.6580, +0.6834, +0.7287, +0.6617, +0.6646, +0.6530, +0.6755, +0.6438, +0.6381, +0.6567, +0.7028, +0.6827, +0.7232, +0.6577, +0.6915, +0.7305, +0.7020, +0.6842, +0.5955, +0.6590, +0.6395, +0.6631, +0.6832, +0.6722, +0.7271, +0.7359, +0.7187, +0.6577, +0.6527, +0.6898, +0.6901, +0.6824, +0.6557, +0.6799, +0.7224, +0.6533, +0.6734, +0.7339, +0.7175, +0.7331, +0.6963, +0.6723, +0.6782, +0.6606, +0.6581, +0.7140, +0.6416, +0.6433, +0.6316, +0.6684, +0.6848, +0.6499, +0.6043, +0.6677, +0.6431, +0.6917, +0.6660, +0.6502, +0.6296, +0.6845, +0.6758, +0.7362, +0.6963, +0.6763, +0.7087, +0.7294, +0.7273, +0.6739, +0.7481, +0.6805, +0.6680, +0.6723, +0.6226, +0.7205, +0.6400, +0.7100, +0.7037, +0.7209, +0.6451, +0.6984, +0.7160, +0.6721, +0.6822, +0.6487, +0.6736, +0.6527, +0.7006, +0.6804, +0.6835, +0.6543, +0.6791, +0.6928, +0.6626, +0.6830, +0.6917, +0.7068, +0.7091, +0.7312, +0.7116, +0.6916, +0.7124, +0.7017, +0.7083, +0.6573, +0.6999, +0.7030, +0.6930, +0.7032, +0.7417, +0.7375, +0.7230, +0.6796, +0.6696, +0.6723, +0.6259, +0.6585, +0.7361, +0.6962, +0.7227, +0.6833, +0.6871, +0.6730, +0.6972, +0.6432, +0.6677, +0.6627, +0.7161, +0.6611, +0.7032, +0.6486, +0.7102, +0.7340, +0.6690, +0.6847, +0.6851, +0.7201, +0.7054, +0.6598, +0.6282, +0.6286, +0.6817, +0.7179, +0.6955, +0.6423, +0.6820, +0.7046, +0.6687, +0.6879, +0.7455, +0.6776, +0.6302, +0.6750, +0.6781, +0.7023, +0.6898, +0.6956, +0.6750, +0.7025, +0.6864, +0.7072, +0.6873, +0.7242, +0.6697, +0.6673, +0.6969, +0.6425, +0.6676, +0.7037, +0.6527, +0.6013, +0.6921, +0.7221, +0.7207, +0.6809, +0.7121, +0.6963, +0.6873, +0.6987, +0.6694, +0.6704, +0.7517, +0.6903, +0.7046, +0.6742, +0.7154, +0.7307, +0.6300, +0.6714, +0.6511, +0.7186, +0.7170, +0.6903, +0.6877, +0.6984, +0.6237, +0.6833, +0.6925, +0.7323, +0.6321, +0.6498, +0.6618, +0.6730, +0.6364, +0.6525, +0.6956, +0.7013, +0.6893, +0.6687, +0.6510, +0.6322, +0.6796, +0.7189, +0.6626, +0.6457, +0.6419, +0.6415, +0.6632, +0.6573, +0.6362, +0.6779, +0.7115, +0.6501, +0.7071, +0.7049, +0.6820, +0.6599, +0.6928, +0.6941, +0.7091, +0.6931, +0.6901, +0.6926, +0.6472, +0.6610, +0.7331, +0.7129, +0.7164, +0.6921, +0.6811, +0.7218, +0.7296, +0.7147, +0.6932, +0.7112, +0.6690, +0.6926, +0.6875, +0.6897, +0.7130, +0.6837, +0.7249, +0.6549, +0.6699, +0.6920, +0.6947, +0.6538, +0.7118, +0.7395, +0.6348, +0.6979, +0.6830, +0.6900, +0.6663, +0.6927, +0.7018, +0.6819, +0.6854, +0.6717, +0.7194, +0.7487, +0.6978, +0.6928, +0.6890, +0.6605, +0.6446, +0.6670, +0.6640, +0.6523, +0.6796, +0.5879, +0.6882, +0.7254, +0.7332, +0.6413, +0.6683, +0.6920, +0.7091, +0.6845, +0.6163, +0.6865, +0.6391, +0.6320, +0.6819, +0.6544, +0.6529, +0.6932, +0.6827, +0.6546, +0.7029, +0.6489, +0.6624, +0.7288, +0.6636, +0.7160, +0.6726, +0.6792, +0.6813, +0.6946, +0.6899, +0.6955, +0.6619, +0.6911, +0.7208, +0.6890, +0.6887, +0.7170, +0.6870, +0.6964, +0.6853, +0.6878, +0.6807, +0.6700, +0.6726, +0.6807, +0.6883, +0.6190, +0.6369, +0.6362, +0.7083, +0.7514, +0.7181, +0.6809, +0.6831, +0.7092, +0.7273, +0.6673, +0.7012, +0.7043, +0.6858, +0.7027, +0.6899, +0.6707, +0.6383, +0.7261, +0.6944, +0.6466, +0.7063, +0.6623, +0.6931, +0.7051, +0.6862, +0.6568, +0.6798, +0.7056, +0.6413, +0.6653, +0.7234, +0.7376, +0.6745, +0.6307, +0.6814, +0.6901, +0.7329, +0.7468, +0.7011, +0.7225, +0.7521, +0.7208, +0.7141, +0.6725, +0.6981, +0.6945, +0.6346, +0.6903, +0.7033, +0.7015, +0.7005, +0.6486, +0.7012, +0.6531, +0.7118, +0.7486, +0.6979, +0.7337, +0.7009, +0.7162, +0.6357, +0.6741, +0.7323, +0.6712, +0.7204, +0.7251, +0.7024, +0.6944, +0.7265, +0.6566, +0.7086, +0.6500, +0.6581, +0.6763, +0.6851, +0.7247, +0.6505, +0.6866, +0.6863, +0.6796, +0.7274, +0.6920, +0.7221, +0.6959, +0.6954, +0.6949, +0.6391, +0.6734, +0.6683, +0.7617, +0.6907, +0.6408, +0.6869, +0.7474, +0.6978, +0.6546, +0.7344, +0.7229, +0.7281, +0.6654, +0.7074, +0.6667, +0.6709, +0.6957, +0.6909, +0.7342, +0.6485, +0.6483, +0.6865, +0.7197, +0.7018, +0.7163, +0.6883, +0.7623, +0.7366, +0.7735, +0.7495, +0.7274, +0.7274, +0.6603, +0.6828, +0.6761, +0.7260, +0.7247, +0.7177, +0.7047, +0.7255, +0.6703, +0.6923, +0.6633, +0.6784, +0.7257, +0.7372, +0.7401, +0.6799, +0.7051, +0.6635, +0.6595, +0.7029, +0.6887, +0.7125, +0.6894, +0.6804, +0.7147, +0.6660, +0.7147, +0.6864, +0.7240, +0.7105, +0.7523, +0.6985, +0.6745, +0.7251, +0.7162, +0.7130, +0.6756, +0.7385, +0.6529, +0.6900, +0.7279, +0.7400, +0.6815, +0.7002, +0.6236, +0.7120, +0.7336, +0.6992, +0.7205, +0.7158, +0.7059, +0.6797, +0.6837, +0.6462, +0.7032, +0.7292, +0.7013, +0.7238, +0.7183, +0.7534, +0.6963, +0.7033, +0.6752, +0.6755, +0.7020, +0.6693, +0.6882, +0.6936, +0.6908, +0.6615, +0.7509, +0.7352, +0.7401, +0.7660, +0.7521, +0.6885, +0.6957, +0.7166, +0.7124, +0.7007, +0.7580, +0.7219, +0.7023, +0.7016, +0.6870, +0.6984, +0.6737, +0.7608, +0.7238, +0.6985, +0.7477, +0.6869, +0.7298, +0.7463, +0.7163, +0.6698, +0.7303, +0.6889, +0.6886, +0.7176, +0.7073, +0.7557, +0.6971, +0.6990, +0.7163, +0.7597, +0.7823, +0.7704, +0.7275, +0.7283, +0.6683, +0.6776, +0.7010, +0.7410, +0.6905, +0.7041, +0.7279, +0.7367, +0.7057, +0.7059, +0.7291, +0.6931, +0.7106, +0.7036, +0.7053, +0.7014, +0.7067, +0.7966, +0.7567, +0.7276, +0.7623, +0.7493, +0.7314, +0.7198, +0.6817, +0.7381, +0.6744, +0.7179, +0.7310, +0.7426, +0.6978, +0.7248, +0.7433, +0.6882, +0.6989, +0.7189, +0.7407, +0.6782, +0.7106, +0.7373, +0.7448, +0.7271, +0.7229, +0.7357, +0.7030, +0.7170, +0.6999, +0.7838, +0.7408, +0.7296, +0.7550, +0.7050, +0.7406, +0.7519, +0.7357, +0.6917, +0.7117, +0.7579, +0.7919, +0.7741, +0.7346, +0.6683, +0.7213, +0.7296, +0.7265, +0.7202, +0.7845, +0.7341, +0.6752, +0.7299, +0.6833, +0.7208, +0.7200, +0.6766, +0.6878, +0.6819, +0.6896, +0.7000, +0.7156, +0.7388, +0.7591, +0.7238, +0.6991, +0.6969, +0.6919, +0.7223, +0.7037, +0.6947, +0.6559, +0.7134, +0.7468, +0.7373, +0.7026, +0.7816, +0.7115, +0.7045, +0.6754, +0.7033, +0.7608, +0.7328, +0.7259, +0.7439, +0.7527, +0.7454, +0.7211, +0.6837, +0.7535, +0.7047, +0.7085, +0.7296, +0.7035, +0.7601, +0.7668, +0.7681, +0.7424, +0.7331, +0.6771, +0.6863, +0.7728, +0.7204, +0.6797, +0.7001, +0.7772, +0.7311, +0.6733, +0.7144, +0.7817, +0.7495, +0.7309, +0.6792, +0.7364, +0.7646, +0.7841, +0.7049, +0.7527, +0.7853, +0.7495, +0.7038, +0.7094, +0.7019, +0.7257, +0.7542, +0.7432, +0.7122, +0.7133, +0.7099, +0.6731, +0.6891, +0.6969, +0.6562, +0.7794, +0.6830, +0.6805, +0.7486, +0.7675, +0.7200, +0.7184, +0.7587, +0.7193, +0.7287, +0.6610, +0.6635, +0.7567, +0.7780, +0.6972, +0.6930, +0.7292]
    partner_ep_success_rate: [+0.0000, +0.0000, +0.0000, +0.0000, +0.0000, +0.5769, +0.3602, +0.2955, +0.0000, +0.0000, +0.0000, +0.5263, +0.5556, +0.5333, +0.2778, +0.0000, +1.0000, +0.8718, +0.6772, +0.5775, +0.3571, +0.5000, +0.9412, +0.8481, +0.5301, +0.3846, +0.8571, +0.7500, +0.7619, +0.7753, +0.8551, +0.3636, +0.5833, +0.6304, +0.5500, +0.6000, +0.6250, +0.6667, +0.5946, +0.6034, +0.8022, +0.9070, +0.9062, +0.8095, +0.8367, +0.7604, +0.7073, +0.9048, +0.8500, +0.7660, +0.6591, +0.7797, +0.7429, +0.7200, +0.4211, +0.4068, +0.6977, +0.6429, +0.3810, +0.4419, +0.7292, +0.7222, +0.6271, +0.7586, +0.4615, +0.6232, +0.6429, +0.6471, +0.7750, +0.5652, +0.5652, +0.5833, +0.3788, +0.5116, +0.6970, +0.6667, +0.7115, +0.8448, +0.8800, +0.7292, +0.5135, +0.5122, +0.7377, +0.7857, +0.2812, +0.4792, +0.6905, +0.8103, +0.5517, +0.6364, +0.6415, +0.9630, +0.9348, +0.5556, +0.6591, +0.7692, +0.7833, +0.7647, +0.5484, +0.4681, +0.9200, +0.7869, +0.5918, +0.7500, +0.8780, +0.7308, +0.8679, +0.6842, +0.5435, +0.7812, +0.8772, +0.7451, +0.6351, +0.8049, +0.7647, +0.7917, +0.7381, +0.6833, +0.4872, +0.6596, +0.7447, +0.6364, +0.6444, +0.6667, +0.7059, +0.7143, +0.6667, +0.6981, +0.7273, +0.7755, +0.6538, +0.4583, +0.7119, +0.6607, +0.6452, +0.7031, +0.8571, +0.7170, +0.8276, +0.6341, +0.6042, +0.9259, +0.7381, +0.6522, +0.6167, +0.6809, +0.5536, +0.5172, +0.6429, +0.5778, +0.4925, +0.5417, +0.7049, +0.9189, +0.7778, +0.5143, +0.6863, +0.7455, +0.7692, +0.4000, +0.5195, +0.5357, +0.7759, +0.7879, +0.7879, +0.8929, +0.6957, +0.4524, +0.3500, +0.3810, +0.9038, +0.6438, +0.6122, +0.6441, +0.5333, +0.6735, +0.7627, +0.6000, +0.5965, +0.6667, +0.6829, +0.7826, +0.9483, +0.9091, +0.7736, +0.7143, +0.7024, +0.7273, +0.7460, +0.8125, +0.9024, +0.8276, +0.5968, +0.6078, +0.7692, +0.7143, +0.4600, +0.6212, +0.8393, +0.5745, +0.6857, +0.7568, +0.6949, +0.7581, +0.6250, +0.7273, +0.4500, +0.6719, +0.7143, +0.7857, +0.7368, +0.5273, +0.6667, +0.6250, +0.7273, +0.8000, +0.7966, +0.7667, +0.7955, +0.8393, +0.6744, +0.5385, +0.5273, +0.8723, +0.9020, +0.8205, +0.8500, +0.9070, +0.8000, +0.6970, +0.7727, +0.6078, +0.6667, +0.8421, +0.7164, +0.5161, +0.7736, +0.7353, +0.7500, +0.6984, +0.7119, +0.5918, +0.6078, +0.9231, +0.4054, +0.5352, +0.7917, +0.5926, +0.7949, +0.8158, +0.7439, +0.6667, +0.6829, +0.7083, +0.8033, +0.7286, +0.6290, +0.4737, +0.5294, +0.8103, +0.6393, +0.6957, +0.7297, +0.7500, +0.6939, +0.6857, +0.6182, +0.6222, +0.6250, +0.7619, +0.6562, +0.7937, +0.8302, +0.8571, +0.7200, +0.6731, +0.5588, +0.4681, +0.5128, +0.7059, +0.4915, +0.7069, +0.8611, +0.5814, +0.6780, +0.6491, +0.7347, +0.4667, +0.7222, +0.7500, +0.8077, +0.6491, +0.6739, +0.7600, +0.8548, +0.8333, +0.8113, +0.6905, +0.7170, +0.6984, +0.5500, +0.7206, +0.6500, +0.8070, +0.6154, +0.4483, +0.8600, +0.5000, +0.7000, +0.5745, +0.7966, +0.8667, +0.7400, +0.7222, +0.6122, +0.7660, +0.4643, +0.6875, +0.6111, +0.6316, +0.6667, +0.7500, +0.7059, +0.8571, +0.7500, +0.6301, +0.6250, +0.6897, +0.9028, +0.8667, +0.7037, +0.4773, +0.6250, +0.6786, +0.7069, +0.6462, +0.5000, +0.9333, +0.8333, +0.8627, +0.7273, +0.6462, +0.7838, +0.7200, +0.6364, +0.7209, +0.8125, +0.7234, +0.7073, +0.6545, +0.6667, +0.7455, +0.9362, +0.7179, +0.7925, +0.6552, +0.5082, +0.3684, +0.5946, +0.5200, +0.6034, +0.6324, +0.5143, +0.5870, +0.8293, +0.8462, +0.8387, +0.7872, +0.5217, +0.5500, +0.6923, +0.6250, +0.5714, +0.6271, +0.4000, +0.6809, +0.7500, +0.6176, +0.6744, +0.6905, +0.7941, +0.6250, +0.7288, +0.3469, +0.5000, +0.8286, +0.7231, +0.7344, +0.8108, +0.7000, +0.6327, +0.5333, +0.6491, +0.7576, +0.6364, +0.7170, +0.6500, +0.6333, +0.8182, +0.9048, +0.8696, +0.7333, +0.7000, +0.8039, +0.7097, +0.4821, +0.5273, +0.3111, +0.4286, +0.6857, +0.6271, +0.7170, +0.8868, +0.5625, +0.6744, +0.7500, +0.6905, +0.6613, +0.7111, +0.5556, +0.4314, +0.6538, +0.7021, +0.7037, +0.6444, +0.8750, +0.7917, +0.8537, +0.8167, +0.8958, +0.8485, +0.7273, +0.7609, +0.8049, +0.7500, +0.6857, +0.6053, +0.6977, +0.7414, +0.8723, +0.7377, +0.7179, +0.7500, +0.7049, +0.6667, +0.5349, +0.6444, +0.8986, +0.7258, +0.7949, +0.8947, +0.6591, +0.6571, +0.5345, +0.7826, +0.7308, +0.7447, +0.7143, +0.7937, +0.8947, +0.8235, +0.8361, +0.8254, +0.6275, +0.6279, +0.9167, +0.7778, +0.6441, +0.5283, +0.5000, +0.7885, +0.7241, +0.7568, +0.6250, +0.6944, +0.8462, +0.4286, +0.6000, +0.5000, +0.5455, +0.7778, +0.5385, +0.6875, +0.9167, +0.7222, +0.6667, +0.5370, +0.3250, +0.8387, +0.6034, +0.6000, +0.7222, +0.4483, +0.6923, +0.7692, +0.7869, +0.7875, +0.9429, +0.7949, +0.8205, +0.8909, +0.7654, +0.6154, +0.6964, +0.6949, +0.8750, +0.6923, +0.5814, +0.3143, +0.3038, +0.6333, +0.9412, +0.9259, +0.5278, +0.7966, +0.6761, +0.5000, +0.4634, +0.4857, +0.6957, +0.7460, +0.9074, +0.6792, +0.6939, +0.8571, +0.7794, +0.7541, +0.5946, +0.5745, +0.7500, +0.8202, +0.8947, +0.9355, +0.7805, +0.6415, +0.7966, +0.9028, +0.8000, +0.7619, +0.6226, +0.5000, +0.7606, +0.9211, +0.8333, +0.6508, +0.6102, +0.5167, +0.2941, +0.7500, +0.8293, +0.8158, +0.6909, +0.6875, +0.8000, +0.9000, +0.9219, +0.8361, +0.7826, +0.9032, +0.6667, +0.5902, +0.6486, +0.8958, +0.9000, +0.6809, +0.5556, +0.7333, +0.8077, +0.8846, +0.5862, +0.5439, +0.8611, +0.7812, +0.8065, +0.9070, +0.7241, +0.6349, +0.6769, +0.8205, +0.4688, +0.4912, +0.6324, +0.8036, +0.8519, +0.7931, +0.8367, +0.6125, +0.7969, +0.4324, +0.3448, +0.6000, +0.5769, +0.6047, +0.5652, +0.8537, +0.7059, +0.6452, +0.8163, +0.7600, +0.9070, +0.6825, +0.6154, +0.5536, +0.6053, +0.6531, +0.5172, +0.5862, +0.8269, +0.9574, +0.7907, +0.5312, +0.8214, +0.7368, +0.7778, +0.6102, +0.4487, +0.7609, +0.6500, +0.8182, +0.7222, +0.4314, +0.5574, +0.4340, +0.6410, +0.7843, +0.6667, +0.6610, +0.6667, +0.8205, +0.7586, +0.7759, +0.7609, +0.6000, +0.5532, +0.7627, +0.7188, +0.7857, +0.7400, +0.3684, +0.3846, +0.8103, +0.7500, +0.6935, +0.7800, +0.8491, +0.8036, +0.5366, +0.4643, +0.5370, +0.6429, +0.7708, +0.8571, +0.8594, +0.7500, +0.6308, +0.7800, +0.8108, +0.8372, +0.9231, +0.8596, +0.6735, +0.7143, +0.8276, +0.8039, +0.5909, +0.6591, +0.8710, +0.6102, +0.7971, +0.7429, +0.8718, +0.8462, +0.7619, +0.6269, +0.6667, +0.6486, +0.6000, +0.5455, +0.5902, +0.7206, +0.8571, +0.6341, +0.7170, +0.9787, +0.8507, +0.6290, +0.5500, +0.6042, +0.7692, +0.6719, +0.8085, +0.3519, +0.5517, +0.5000, +0.4545, +0.4259, +0.7368, +0.7143, +0.7073, +0.9778, +0.7812, +0.4074, +0.4386, +0.5385, +0.7544, +0.8400, +0.7593, +0.5952, +0.7500, +0.7407, +0.8143, +0.5106, +0.3514, +0.6500, +0.4375, +0.6875, +0.8421, +0.8125, +0.8615, +0.5814, +0.5000, +0.4259, +0.6863, +0.8889, +0.6136, +0.6250, +0.6047, +0.8036, +0.6721, +0.7333, +0.9722, +0.7105, +0.6279, +0.9149, +0.8750, +0.8889, +0.7925, +0.6957, +0.6250, +0.7000, +0.5000, +0.5600, +0.8947, +0.9667, +0.9500, +0.7660, +0.8571, +0.8214, +0.6452, +0.6207, +0.5385, +0.7308, +0.8333, +0.7708, +0.7727, +0.8049, +0.7143, +0.6000, +0.6531, +0.5135, +0.6000, +0.5439, +0.5085, +0.5400, +0.6863, +0.8833, +0.7969, +0.6889, +0.8627, +0.9091, +0.6769, +0.6512, +0.5833, +0.7755, +0.7917, +0.7500, +0.7292, +0.7119, +0.4688, +0.5283, +0.8143, +0.6833, +0.5385, +0.7391, +0.8070, +0.6462, +0.6610, +0.8158, +0.6579, +0.7097, +0.9000, +0.8333, +0.8438, +0.7966, +0.7458, +0.7500, +0.8148, +0.7000, +0.7000, +0.6842, +0.5652, +0.7424, +0.5952, +0.5085, +0.4898, +0.6429, +0.8077, +0.8431, +0.9219, +0.8679, +0.9000, +0.7907, +0.9524, +1.0000, +0.7969, +0.8222, +0.6400, +0.6170, +0.5410, +0.7193, +0.8525, +0.8696, +0.7576, +0.6471, +0.5890, +0.7647, +0.8393, +0.8571, +0.8529, +0.7885, +0.9787, +0.8704, +0.8378, +0.7969, +0.6154, +0.4407, +0.6667, +0.5846, +0.7755, +0.7174, +0.5152, +0.7885, +0.6429, +0.8947, +0.8667, +0.7500, +0.6600, +0.6724, +0.5682, +0.8033, +0.7903, +0.7619, +0.8814, +0.8571, +0.6897, +0.7119, +0.6780, +0.5897, +0.5472, +0.6610, +0.6515, +0.7544, +0.4667, +0.4909, +0.5333, +0.4444, +0.9333, +0.8182, +0.6364, +0.7073, +0.6833, +0.7727, +0.9310, +0.8529, +0.7500, +0.7143, +0.6250, +0.4595, +0.7826, +0.7237, +0.8214, +0.6774, +0.6792, +0.8000, +0.8551, +0.7500, +0.6176, +0.6806, +0.5714, +0.6324, +0.7949, +0.7273, +0.6875, +0.7547, +0.6800, +0.5800, +0.7674, +0.6739, +0.7288, +0.4464, +0.5522, +0.6579, +0.8519, +0.7544, +0.8596, +0.8269, +0.7917, +0.6481, +0.6182, +0.7170, +0.8704, +0.6327, +0.8462, +0.8387, +0.8364]
            ep_return_mean: [+0.0000, +0.0000, +0.0000, +0.0000, +0.0000, -5.1689, -9.6985, -14.0121, +0.0000, +0.0000, +0.0000, -4.0837, -7.0506, -10.1811, -13.0436, +0.0000, +1.9560, -0.7692, -2.4399, -3.4836, -6.4423, -1.9600, +2.3964, +0.3752, -2.3245, -4.3478, -2.9415, +0.5290, +0.1803, +0.2439, -1.3147, -1.9109, +0.2233, +0.2417, -1.2657, -1.3490, -1.5200, +2.5260, +2.5067, +0.9407, -0.1435, -1.9182, +0.9337, +1.3581, +0.5859, +0.0371, +0.0410, -0.3419, +0.3030, +1.5504, +0.1455, -0.0056, +0.2343, +0.4708, +0.6731, +0.5293, -1.0356, -0.2938, +0.7095, +0.1174, +0.4762, -0.8961, -1.1763, -2.3607, +0.4715, +0.0943, -0.1891, +0.3759, +0.5705, +2.3339, +0.4807, -0.4330, -1.0656, -1.0026, -1.3640, +0.9581, +0.4769, -0.2478, -1.3236, -0.0223, +1.0021, -0.0819, +0.1426, -0.4855, -0.0253, +0.2112, +0.0935, +0.9262, +0.2400, -0.4427, +0.1468, +1.2529, +1.1435, -0.5938, -2.2589, -0.5208, +0.1585, -0.5304, -0.3429, -0.5030, +0.0960, -0.2612, -1.5990, +0.1134, +0.7573, +0.7015, -0.0926, +0.1124, -0.4209, +0.5612, +0.0730, +0.8464, +0.4547, +1.2371, +2.5725, +2.1150, +2.1657, +0.4288, -1.3034, -0.0311, -1.0321, -0.2791, -1.1316, -0.6024, -0.0369, +0.3945, +0.4547, -0.1343, +0.5909, -0.1212, +1.2009, -1.8336, +0.9359, +0.5773, +2.2671, +0.5262, +2.2494, +0.6487, +1.1224, +3.0997, +1.5298, -0.1926, +0.3581, -0.6885, -0.8579, +1.0855, +0.5443, +1.7162, +0.9157, +0.0700, -0.2460, +1.3956, +0.5169, -0.2700, +1.7236, +0.2375, +0.1802, +0.5880, -0.8396, -0.4303, +0.1879, +0.8857, +1.3003, +0.8833, +1.6330, +0.6725, -0.9338, -1.3384, -0.5725, +0.3076, +1.1642, -0.2122, +1.3057, +1.6813, +1.9880, +2.6055, +1.4159, -0.0380, +0.5675, +0.5822, +0.7766, +0.3348, +0.6417, +0.9816, +0.6617, +0.8957, +0.2447, +0.9276, +1.7463, +1.3372, +2.0509, +2.3027, +0.9101, +0.3402, +0.3534, +1.2711, +0.3996, +0.2589, +1.0519, +0.7006, +0.2151, +0.8962, -0.2578, -0.1703, -1.9438, -1.2008, +2.4430, +1.7909, +1.1421, +2.0412, +1.1589, +0.1920, +0.0749, +0.0868, -0.6668, -0.0426, +0.0179, +0.3345, +0.1143, +0.5018, +1.8165, +1.9325, +1.1429, +1.5076, +0.4045, +0.6046, +0.0517, +0.6760, -0.9395, -0.4337, +0.7386, +2.6806, +0.7406, +1.2905, +2.2313, +1.3843, +1.0758, +0.7903, +0.8175, +0.7573, -0.4461, -0.3904, +0.4627, -0.0065, -0.1878, -1.5709, +0.1028, +1.1929, -1.4736, +0.4655, +0.6890, +0.2483, -1.9685, -0.3334, +0.5119, +0.9593, +1.1882, +1.9142, +1.8197, +1.6627, +1.4887, +1.9878, +1.0313, +1.5829, +1.6631, +0.3796, +0.3551, -0.3405, +1.3127, +0.5455, +0.5073, +0.9017, +1.4171, +2.2189, +1.0142, +1.2629, +0.2891, -0.2611, -0.4041, +1.3751, +1.6442, +1.1612, -0.0695, -0.0821, +0.5405, +1.0610, +0.9088, +0.2524, +1.8059, +1.2623, +0.7261, +1.1323, +1.5313, +2.4108, +2.0153, +2.3490, +0.9943, +0.6500, +0.6534, +0.0146, +2.0782, +2.1616, +1.5020, +2.9649, +2.5064, +1.9900, +1.0286, -0.9721, +0.7893, +0.6064, +0.1228, +1.2840, +1.1770, +1.2529, +1.6945, +1.0572, +0.6554, -0.0142, +0.1181, -0.2744, +0.1531, +0.5097, +2.2078, +1.3210, +1.1325, +0.0334, +1.6356, +1.0559, +0.4046, +1.7818, +1.6178, +0.4725, +1.5495, +0.2373, -1.1209, +0.0601, +0.1622, +3.3627, +3.0173, +0.6498, +0.0385, -0.5540, -0.5833, +1.9918, +1.7662, +1.6105, +0.7119, +0.3404, +1.0600, -0.3449, +1.5830, +1.5536, +1.7638, +0.9367, +1.0136, +0.7874, +1.0516, +0.7034, +0.1132, +0.0778, +0.3752, +0.3476, +0.1943, -0.6396, +1.5473, +1.2329, +1.0421, +1.1257, +1.9043, +2.2025, +1.2710, +0.0371, +0.6730, +1.9422, +1.5220, +0.8479, +1.2823, +1.6669, +1.2916, +1.2124, +1.0206, +0.7728, +1.1268, +0.5143, +0.9800, +0.4777, +1.4628, +0.1842, +0.1300, -0.2716, +1.2534, +2.6365, +0.3796, -0.8633, +0.1398, -0.1823, +0.6708, -0.2140, +0.3282, +0.7957, +0.4361, +0.1143, -0.2962, +0.9035, +1.4148, +0.7564, +0.7291, -0.5800, -0.4979, -0.8969, +0.2649, +0.4892, +0.0188, +0.0479, +0.1590, +0.7731, -0.3326, +0.7477, +0.1038, +0.7259, +0.2682, +2.5571, +1.7106, +1.5041, +0.9258, +1.0214, +1.0360, +0.2461, +0.4513, +1.0062, +0.9500, +2.4523, +3.6765, +1.8790, +1.6760, +1.5146, +0.8145, +0.3593, +0.2598, +1.2519, +0.6546, +0.5454, +1.2321, +0.8808, +1.1628, +0.5881, +0.7278, +1.2313, +2.4930, +2.1418, +2.2542, +1.6900, +1.1131, +0.1284, +0.6702, +0.8854, -0.3400, +0.9636, +0.0530, +0.9166, +0.1135, +1.6128, +2.2366, +1.2633, -0.2047, +1.5367, +1.5098, +0.9173, +1.2292, +0.2879, +1.0761, +1.6677, +2.0927, -0.8161, +0.0441, -0.4050, +0.0171, +0.4280, +0.6975, +0.2868, +1.4135, +1.2392, +1.8946, +0.2306, -0.3936, +0.1121, -0.0460, -0.2573, -0.7281, -1.7178, +0.8989, +1.2036, +1.8403, +1.0785, +0.2948, +0.9108, -0.2350, +0.2643, +1.5279, +2.2408, +0.7064, +0.7422, +0.2750, +0.4307, +1.8842, +3.0221, +0.5185, +0.1253, +0.8577, +0.5639, +1.8633, +2.2384, +0.6133, +2.1553, -0.1410, +0.3436, -0.2664, +0.8058, +2.9228, +1.9261, +0.2816, -1.5382, -0.0946, +1.9326, +2.3511, +1.6263, +1.5479, +2.0662, +0.6911, +0.0764, +1.7874, +1.7602, +1.4300, +1.9949, +1.3162, +1.3936, +0.1707, -0.2343, +0.6095, -0.1474, +0.9915, +1.6552, -0.1784, +1.4944, +2.2000, +0.5480, +0.5158, -0.5177, +2.7716, +2.6671, +0.5112, +1.3522, -0.3423, +0.8322, +2.1683, +1.0333, +0.3129, +1.1862, +1.7993, +2.8513, +2.3684, +2.6394, +2.7571, +2.2547, +1.3889, +0.7109, +0.5323, +1.1273, +2.7638, +1.8603, +1.0258, +0.9197, -0.8213, +0.1387, +1.3460, +2.4455, +1.8140, +1.1146, +3.1459, +2.2869, +0.9414, +1.6551, +1.0064, +0.2972, +1.7534, +2.1179, +1.6226, +2.5495, +1.9254, +1.6534, +2.2876, +1.5208, -0.2742, -0.5535, +1.6527, +1.8733, +0.7355, +0.2912, +0.8142, +0.0691, +1.9178, +1.0252, +1.5978, +1.3871, +1.2690, +1.7698, +1.5074, +0.3721, +1.0721, +1.3760, +1.1936, +2.8675, +1.1307, +1.0150, +1.0295, +0.9479, +2.0580, +1.4865, +3.8148, +2.6989, +1.0331, +0.1357, +0.2936, +1.0797, +1.2445, +1.7400, +1.1383, +0.5141, +0.7259, +0.7760, +1.4184, +1.4898, +1.9978, +2.0944, +2.3486, +2.6101, +2.8081, +2.9770, +2.1398, +2.2425, +2.2260, +1.5337, +1.1160, +2.9688, +1.6645, +1.1718, +2.4134, +0.9120, +2.0607, +1.6089, +0.9377, +1.0957, +1.1628, +1.3250, +1.3249, +1.2512, +2.6240, +1.6079, +0.7438, +0.8319, +0.0794, +0.6912, +2.4303, +2.3249, +1.4250, +0.1993, +1.3252, +0.7363, +1.7056, +2.4531, +2.4523, +3.4872, +2.8021, +0.9757, +1.1025, +1.5116, +1.8206, +2.0270, +1.8023, +0.9529, +1.3157, +2.2731, +2.0436, +1.1732, +0.1815, +1.7497, +2.3617, +2.3619, +2.6728, +0.5086, +0.3894, -0.0345, +1.3798, +1.8541, +1.6873, +1.4954, +2.3433, +2.1871, +1.9683, +2.0204, +1.4970, +1.3815, +0.5305, +0.9456, +1.7442, +1.8188, +1.6515, +0.5471, +1.3833, +1.5467, +2.4060, +2.0385, +2.9497, +2.8646, +2.6039, +2.0993, +1.1329, +2.0221, +2.7850, +2.5377, +1.6977, +1.9022, +1.4155, +1.5165, +2.1095, +1.9718, +2.1463, +1.9028, +1.9483, +2.5282, +2.2228, +1.9152, +1.5611, +2.6102, +1.7269, +0.8736, +2.7836, +1.5638, +1.3014, +0.7520, +2.5354, +3.2940, +1.6923, +2.1525, +3.0883, +2.9153, +3.6582, +4.0319, +3.2275, +2.0214, +1.3469, +1.4265, +0.6102, +1.5310, -0.0530, +1.9990, +2.6538, +1.5693, +2.2228, +2.7556, +2.3449, +1.6607, +0.3676, +0.9126, +2.0123, +3.0671, +3.4997, +2.4073, +3.5872, +3.5074, +2.6584, +2.1060, +2.0755, +3.3798, +3.6143, +1.8165, +1.7196, +2.0027, +0.9809, +0.5751, +0.8873, +2.7985, +2.6331, +2.0141, +3.1170, +2.5567, +1.6352, +2.8387, +1.9758, +1.9269, +2.0457, +2.3250, +1.5156, +3.2269, +2.6062, +2.6822, +1.7285, +3.0213, +3.3723, +3.0933, +2.5550, +1.8153, +3.6019, +2.7974, +2.0116, +2.3532, +2.4619, +2.8172, +3.4084, +3.1800, +2.9134, +1.7319, +2.2687, +2.2734, +1.8445, +2.6555, +2.9846, +2.1736, +2.4219, +1.4349, +2.8088, +3.6311, +1.5770, +0.4419, +1.3083, +0.4760, +1.6266, +2.3355, +3.3806, +2.6206, +2.8528, +2.0917, +1.6159, +1.0167, +0.7834, +1.1947, +2.7255, +1.8449, +1.2951, +2.9806, +1.2812, +3.5609, +2.8952, +2.2705, +2.5032, +2.0275, +1.7678, +2.1596, +2.5443, +2.8462, +2.7158, +3.0962, +2.4802, +2.6509, +2.0891, +1.5859, +2.2027, +2.0879, +2.1819, +2.6325, +3.0021, +2.7393, +3.2860, +2.5182, +2.4244, +3.7097, +2.5180, +3.2773, +2.4074, +0.8237, +0.7543, +1.3198, +4.2382, +3.4322, +2.3953, +2.7184, +1.6600, +3.1337, +2.7088, +2.2788, +2.3123, +3.5880, +3.4539, +3.9028, +3.7661, +2.1100, +2.1394, +2.2858, +2.4259, +1.5163, +3.9402, +4.4531, +3.3514, +2.9696, +1.0698, +1.0236, +0.9537, +1.7198, +0.1431, +1.3530, +1.6469, +2.3387, +2.6285, +2.7267, +2.3828, +2.2932, +1.8762, +2.4811, +2.9767, +2.1368, +1.6937, +1.8098, +2.2146, +2.5921, +2.7483]
            ep_length_mean: [+0.0000, +0.0000, +0.0000, +0.0000, +0.0000, +1476.3846, +1677.3710, +1846.5000, +0.0000, +0.0000, +0.0000, +1455.5790, +1589.5555, +1699.8418, +1814.9445, +0.0000, +1258.8000, +1351.0769, +1448.0315, +1504.8732, +1610.9286, +1408.0000, +1233.7648, +1341.9620, +1433.4940, +1516.6346, +1477.2858, +1290.4000, +1333.4446, +1348.7528, +1397.6232, +1439.8182, +1324.3334, +1341.5217, +1382.7500, +1411.0588, +1436.5938, +1262.4000, +1245.2162, +1312.9655, +1355.0989, +1429.6511, +1326.9375, +1273.3810, +1328.6122, +1367.1562, +1363.0975, +1371.2382, +1318.0500, +1280.4468, +1324.8409, +1346.0847, +1355.9429, +1322.4800, +1320.1052, +1316.5593, +1375.4535, +1342.3810, +1319.0000, +1303.6046, +1307.4584, +1380.1666, +1391.2543, +1427.1724, +1304.6924, +1341.6232, +1358.9644, +1334.8235, +1331.7001, +1242.0870, +1313.2391, +1341.1500, +1372.1212, +1387.4186, +1394.3030, +1303.4584, +1319.6924, +1356.9310, +1392.8400, +1353.1042, +1324.7026, +1348.2926, +1316.9509, +1364.4286, +1321.8438, +1312.9167, +1337.3096, +1302.2241, +1330.7931, +1387.8788, +1342.1510, +1309.2778, +1308.4348, +1358.9111, +1424.1136, +1363.1346, +1315.6667, +1356.1373, +1357.0645, +1359.0000, +1331.6799, +1339.1149, +1392.5101, +1352.1592, +1323.4878, +1318.5962, +1345.1321, +1340.7368, +1374.8479, +1329.4688, +1337.5966, +1297.6667, +1319.3918, +1292.7561, +1239.9216, +1263.5209, +1233.5000, +1315.5668, +1388.9487, +1329.0000, +1371.0851, +1346.4181, +1370.0444, +1357.3922, +1346.3922, +1320.9591, +1314.6667, +1330.2454, +1334.2500, +1341.6122, +1290.0193, +1401.6667, +1296.4407, +1316.5894, +1265.4839, +1323.5000, +1228.2245, +1314.8302, +1289.5690, +1200.0975, +1269.4375, +1332.2593, +1313.2620, +1355.5000, +1353.3334, +1294.7020, +1327.1072, +1268.5000, +1289.9644, +1319.4667, +1345.1344, +1282.8542, +1320.9181, +1342.7296, +1269.6945, +1315.2142, +1320.7256, +1314.7999, +1377.5385, +1361.8000, +1337.4935, +1300.1786, +1294.4138, +1310.3636, +1250.6969, +1278.2144, +1381.4928, +1377.0952, +1358.4668, +1311.0952, +1283.9808, +1342.5205, +1285.4897, +1281.8136, +1235.4000, +1209.1021, +1267.2712, +1326.9000, +1325.3508, +1322.1111, +1299.3901, +1317.5797, +1292.3621, +1304.3636, +1315.4340, +1245.0715, +1320.9882, +1291.8545, +1271.4286, +1299.2188, +1253.2439, +1239.4482, +1290.4032, +1316.6079, +1320.3846, +1304.9286, +1317.4800, +1334.5454, +1294.3750, +1328.8936, +1340.5428, +1280.7026, +1342.2034, +1349.5806, +1396.2750, +1379.8181, +1235.3500, +1264.8906, +1290.7679, +1267.5952, +1292.7894, +1330.5272, +1329.2745, +1349.4108, +1379.6819, +1354.7715, +1345.4407, +1316.5834, +1329.1136, +1318.7322, +1246.4419, +1269.3077, +1312.5636, +1280.4255, +1333.9413, +1314.6924, +1316.2501, +1306.4651, +1372.3143, +1364.0151, +1324.8333, +1250.9020, +1306.2727, +1274.3158, +1266.2389, +1283.7096, +1287.3585, +1311.2059, +1301.3889, +1303.0001, +1357.6102, +1354.1021, +1312.2745, +1340.8462, +1337.2432, +1398.9578, +1330.7778, +1302.1852, +1405.9744, +1290.3684, +1293.3658, +1334.9259, +1421.1707, +1325.2917, +1291.6067, +1284.8857, +1306.5806, +1262.4474, +1252.8235, +1247.7241, +1275.0657, +1275.2319, +1316.3242, +1259.3215, +1262.1224, +1316.8857, +1319.7272, +1329.0889, +1292.8251, +1313.7620, +1315.9219, +1306.1906, +1285.6227, +1253.4286, +1298.4399, +1283.8270, +1318.2500, +1317.6169, +1337.8718, +1268.5687, +1246.1526, +1280.4655, +1350.8055, +1335.3024, +1296.6102, +1283.0878, +1316.9387, +1310.2001, +1253.9814, +1274.1731, +1312.2500, +1286.5966, +1267.4565, +1233.5200, +1262.9677, +1239.2144, +1301.2264, +1291.2858, +1293.3962, +1319.5557, +1244.0500, +1249.8235, +1278.9501, +1209.6492, +1239.4923, +1256.7931, +1294.9800, +1357.4092, +1270.1428, +1299.6383, +1316.1187, +1265.4000, +1270.0399, +1298.5278, +1281.6531, +1299.6808, +1326.8215, +1356.5000, +1321.7593, +1349.7368, +1336.1667, +1312.5278, +1242.7256, +1294.2653, +1296.8655, +1331.7946, +1272.5312, +1315.3793, +1327.2500, +1249.2834, +1269.0555, +1330.0228, +1254.8334, +1314.5179, +1376.3276, +1325.6307, +1334.1852, +1222.5001, +1217.4792, +1319.3137, +1314.6545, +1354.4154, +1360.4054, +1239.0599, +1283.2909, +1248.2559, +1304.9375, +1306.8936, +1295.6829, +1319.9454, +1259.0668, +1282.5090, +1263.4042, +1312.5641, +1276.4340, +1289.9828, +1292.2788, +1311.7632, +1315.3242, +1319.3600, +1312.0518, +1337.6471, +1316.6571, +1344.0217, +1261.7317, +1295.3693, +1306.5322, +1284.2340, +1260.8914, +1246.7750, +1290.7885, +1332.7322, +1323.2500, +1262.5763, +1265.1667, +1294.8297, +1282.6094, +1263.6471, +1284.8372, +1285.5476, +1294.1177, +1296.0416, +1285.9153, +1306.9183, +1304.1177, +1302.7429, +1280.1538, +1340.3438, +1346.4054, +1328.0399, +1276.2856, +1227.7834, +1328.1930, +1344.2424, +1321.9773, +1333.1321, +1303.1500, +1346.1833, +1323.0303, +1307.9762, +1324.2826, +1309.9834, +1345.9834, +1329.5883, +1269.2581, +1289.6608, +1291.5090, +1344.0667, +1348.3572, +1379.6000, +1317.3220, +1326.9623, +1343.5094, +1301.8959, +1325.2791, +1299.7885, +1348.6667, +1319.6774, +1329.5555, +1296.5186, +1315.8824, +1208.7885, +1266.5745, +1276.6852, +1312.4445, +1299.2322, +1304.0834, +1345.0487, +1321.7334, +1302.8542, +1300.6364, +1245.8909, +1175.8914, +1255.6584, +1256.9167, +1278.4143, +1319.2632, +1321.6976, +1330.5518, +1271.6169, +1317.0820, +1310.2565, +1282.3750, +1314.3280, +1282.7593, +1301.1628, +1289.6000, +1264.5217, +1224.9677, +1230.8975, +1249.7106, +1258.7727, +1270.9429, +1321.0518, +1309.6522, +1313.8077, +1344.8511, +1300.3286, +1341.3651, +1319.6842, +1346.2059, +1257.6886, +1236.8254, +1269.8431, +1338.1628, +1249.8125, +1272.3704, +1300.0170, +1260.5850, +1310.7894, +1279.1924, +1276.8276, +1234.7567, +1347.2656, +1328.2223, +1349.6155, +1334.7322, +1328.5555, +1312.2667, +1327.9319, +1263.2963, +1272.5962, +1279.2500, +1308.8750, +1346.7500, +1312.5000, +1332.5555, +1328.6250, +1359.7419, +1416.8621, +1286.8154, +1292.2361, +1282.2069, +1290.6155, +1316.5385, +1306.3607, +1336.5000, +1306.7715, +1266.3846, +1233.9487, +1299.2909, +1301.1234, +1328.2308, +1298.7858, +1244.4067, +1200.1667, +1307.7693, +1328.6511, +1302.2572, +1302.6329, +1256.2834, +1247.5883, +1304.0370, +1260.1945, +1342.5084, +1314.1971, +1348.3448, +1266.9023, +1205.4000, +1252.1305, +1315.3016, +1403.2223, +1318.6415, +1266.0817, +1222.1714, +1254.3383, +1284.0492, +1251.0540, +1306.2128, +1308.1666, +1246.6068, +1248.6140, +1274.2581, +1236.6829, +1274.7548, +1272.9323, +1332.4028, +1333.5428, +1295.3334, +1342.9812, +1278.9606, +1261.2816, +1341.4738, +1247.7223, +1234.0795, +1311.2712, +1303.5001, +1378.6274, +1247.3125, +1235.9756, +1303.0790, +1267.7635, +1313.5625, +1272.4222, +1230.8334, +1296.4688, +1319.7870, +1280.7391, +1256.8710, +1216.4000, +1218.5575, +1227.8513, +1241.3959, +1252.5001, +1255.7659, +1295.7778, +1286.7001, +1293.5000, +1258.0385, +1280.2069, +1288.3860, +1299.5834, +1366.7188, +1315.4193, +1267.6511, +1221.6897, +1240.6191, +1297.8770, +1195.2308, +1213.7188, +1275.5614, +1261.8529, +1280.8929, +1296.3704, +1221.2413, +1220.7551, +1256.7875, +1223.7500, +1237.8378, +1262.5862, +1210.9454, +1264.5128, +1342.7675, +1335.4131, +1248.7317, +1234.5883, +1285.0645, +1327.1632, +1282.0800, +1338.9767, +1249.4763, +1290.1155, +1261.4286, +1264.6580, +1272.6735, +1257.9138, +1259.7759, +1304.9231, +1274.5531, +1243.5116, +1274.1250, +1203.0000, +1292.0702, +1284.4445, +1266.5424, +1298.4872, +1247.7174, +1273.7667, +1161.0605, +1217.0555, +1290.8824, +1307.7050, +1300.7925, +1264.5897, +1279.6471, +1250.5209, +1291.6102, +1321.4445, +1289.6154, +1292.8621, +1259.9655, +1260.6305, +1252.7817, +1243.2340, +1235.6271, +1222.4219, +1224.5714, +1225.3800, +1237.2280, +1228.5962, +1250.6034, +1260.6250, +1264.9354, +1199.9399, +1260.8868, +1300.4286, +1221.9268, +1284.9286, +1254.6852, +1260.3215, +1284.4584, +1269.8000, +1297.7188, +1275.1875, +1269.0769, +1290.9000, +1238.9459, +1262.6046, +1282.1230, +1286.5088, +1313.3062, +1282.3572, +1240.6207, +1227.0588, +1268.4393, +1320.6136, +1281.4839, +1277.0339, +1253.6812, +1232.1714, +1246.4615, +1176.6410, +1201.1190, +1296.8358, +1275.9420, +1273.7567, +1270.0889, +1252.6136, +1243.7050, +1280.0883, +1275.2144, +1231.0243, +1240.1321, +1262.2979, +1306.9105, +1245.5483, +1240.9501, +1232.5209, +1214.0513, +1317.3750, +1332.0851, +1327.6666, +1274.2759, +1256.1364, +1259.0455, +1285.0370, +1230.1710, +1248.1906, +1266.4390, +1241.1334, +1261.1406, +1264.6296, +1302.4738, +1262.4615, +1248.4386, +1254.3400, +1256.3334, +1308.7858, +1272.3000, +1249.9814, +1206.5857, +1257.4255, +1192.7297, +1194.8667, +1219.8906, +1248.2500, +1263.5000, +1241.7656, +1222.5077, +1237.7441, +1278.6592, +1248.0927, +1252.6471, +1283.1906, +1230.5909, +1249.2858, +1239.3024, +1241.7500, +1245.6558, +1236.9333, +1256.2500, +1230.4474, +1260.2325, +1219.5957, +1264.4584, +1295.7778, +1232.8302, +1267.8696, +1253.1965, +1280.2200, +1204.6459, +1185.6000, +1241.2280, +1239.1500, +1199.4333, +1210.5745, +1183.4465, +1158.6965, +1208.5322, +1232.7587, +1256.0000, +1260.9872, +1300.6111, +1256.6875, +1332.0682, +1228.8781, +1226.7738, +1284.0000, +1239.1224, +1212.1351, +1236.4363, +1262.1052, +1300.2034, +1278.2999, +1246.4314, +1176.3000, +1180.8125, +1220.4000, +1176.0785, +1169.7635, +1228.9539, +1252.7209, +1231.7001, +1193.5101, +1183.0209, +1262.6500, +1248.3542, +1258.2373, +1293.8125, +1289.7925, +1292.0857, +1221.6833, +1225.7949, +1254.3043, +1197.9824, +1214.2616, +1269.3051, +1223.1580, +1227.0526, +1247.3710, +1241.1714, +1250.7037, +1271.9062, +1178.6102, +1218.4237, +1213.6406, +1256.1111, +1175.8334, +1183.5428, +1214.5264, +1226.5652, +1252.3636, +1178.8572, +1207.8644, +1245.8163, +1225.5715, +1226.0770, +1247.1373, +1204.1406, +1195.0944, +1221.6400, +1259.6046, +1209.5715, +1219.0566, +1229.5469, +1222.5111, +1200.3800, +1220.2766, +1214.8525, +1274.0526, +1201.0001, +1187.0217, +1234.8788, +1284.6471, +1259.6438, +1299.0588, +1254.9465, +1223.7382, +1179.9117, +1216.0385, +1227.5745, +1245.9814, +1236.0270, +1272.8750, +1287.0962, +1287.6780, +1205.9723, +1229.5077, +1282.4286, +1197.1740, +1284.3484, +1182.2115, +1223.6786, +1256.0526, +1225.9667, +1233.1334, +1231.1599, +1239.8276, +1189.4092, +1203.8854, +1201.0645, +1193.3572, +1225.8983, +1199.4048, +1236.4310, +1258.8306, +1226.2543, +1233.6924, +1260.6038, +1217.5084, +1196.4242, +1216.2632, +1203.2334, +1206.2545, +1216.0000, +1200.1389, +1243.0001, +1182.6819, +1235.6909, +1287.2804, +1304.9000, +1272.8409, +1160.8276, +1168.8088, +1230.5834, +1228.7322, +1257.4688, +1190.7026, +1213.3768, +1218.0132, +1240.4822, +1162.7096, +1173.4152, +1159.7333, +1188.1594, +1246.2858, +1220.8529, +1216.2778, +1219.5081, +1256.4265, +1152.0513, +1131.6592, +1187.7500, +1219.9434, +1280.7600, +1271.2400, +1285.7441, +1263.9783, +1338.0677, +1276.8929, +1262.8806, +1212.0264, +1211.0000, +1213.9824, +1221.7894, +1237.1155, +1249.5209, +1214.5186, +1195.2909, +1238.4340, +1244.6296, +1272.1836, +1219.7308, +1211.8064, +1242.0000]
               reward_mean: [-0.0057, -0.0063, -0.0052, -0.0059, -0.0063, -0.0063, -0.0063, -0.0053, -0.0059, -0.0046, -0.0056, -0.0050, -0.0050, -0.0046, -0.0023, -0.0006, -0.0009, -0.0013, -0.0010, -0.0008, -0.0009, -0.0006, -0.0007, -0.0006, -0.0022, -0.0012, -0.0007, -0.0001, +0.0007, -0.0006, -0.0008, -0.0011, -0.0003, -0.0005, -0.0002, +0.0009, -0.0003, +0.0010, +0.0014, -0.0002, -0.0002, -0.0005, +0.0007, +0.0004, +0.0000, -0.0002, -0.0014, +0.0006, +0.0015, +0.0007, -0.0004, -0.0004, +0.0015, +0.0012, -0.0004, -0.0001, -0.0009, -0.0016, -0.0006, -0.0007, -0.0017, +0.0000, +0.0002, -0.0001, +0.0011, +0.0019, +0.0007, -0.0012, -0.0000, -0.0012, +0.0005, -0.0012, -0.0004, +0.0003, -0.0006, -0.0006, -0.0002, -0.0004, +0.0005, +0.0006, -0.0009, -0.0003, +0.0014, +0.0013, -0.0007, -0.0000, -0.0003, +0.0005, +0.0002, -0.0005, +0.0000, -0.0000, +0.0000, -0.0008, +0.0016, -0.0009, -0.0004, +0.0001, -0.0008, -0.0010, +0.0009, +0.0010, +0.0003, -0.0008, +0.0004, -0.0006, -0.0006, +0.0004, +0.0007, +0.0008, -0.0001, +0.0004, +0.0010, +0.0012, +0.0007, +0.0007, +0.0013, +0.0004, -0.0015, -0.0008, +0.0007, -0.0014, +0.0002, +0.0003, +0.0003, +0.0004, +0.0012, -0.0001, -0.0006, +0.0001, +0.0003, +0.0003, +0.0011, +0.0003, +0.0006, +0.0014, +0.0008, -0.0005, +0.0019, +0.0008, -0.0004, -0.0012, +0.0001, +0.0014, +0.0018, +0.0010, +0.0008, +0.0008, -0.0004, +0.0004, -0.0003, +0.0010, -0.0009, +0.0008, +0.0004, -0.0002, +0.0008, -0.0002, +0.0007, +0.0012, +0.0013, -0.0012, -0.0005, -0.0008, -0.0000, +0.0021, -0.0007, +0.0000, +0.0002, -0.0005, +0.0033, +0.0011, +0.0004, +0.0003, +0.0022, -0.0004, -0.0001, +0.0012, -0.0004, +0.0003, +0.0009, +0.0007, +0.0003, +0.0001, +0.0009, +0.0006, +0.0015, +0.0013, +0.0015, +0.0011, +0.0002, +0.0022, -0.0005, -0.0002, +0.0005, +0.0017, +0.0003, -0.0000, -0.0004, +0.0003, -0.0006, -0.0005, +0.0002, +0.0012, +0.0007, +0.0014, -0.0002, +0.0007, +0.0014, +0.0010, +0.0004, -0.0015, -0.0003, -0.0008, +0.0004, +0.0004, +0.0007, +0.0016, +0.0016, +0.0014, +0.0002, -0.0001, +0.0006, +0.0006, +0.0003, -0.0001, +0.0005, +0.0011, -0.0002, +0.0003, +0.0016, +0.0012, +0.0017, +0.0009, +0.0003, +0.0006, +0.0000, -0.0001, +0.0015, -0.0007, +0.0001, -0.0008, +0.0000, +0.0004, -0.0004, -0.0013, +0.0004, -0.0003, +0.0009, +0.0001, -0.0005, -0.0004, +0.0009, +0.0003, +0.0019, +0.0009, +0.0004, +0.0014, +0.0017, +0.0017, +0.0005, +0.0024, +0.0004, +0.0002, +0.0004, -0.0009, +0.0016, -0.0003, +0.0013, +0.0010, +0.0010, -0.0003, +0.0011, +0.0013, +0.0007, +0.0006, +0.0000, +0.0005, -0.0001, +0.0014, +0.0007, +0.0002, +0.0000, +0.0007, +0.0008, +0.0001, +0.0008, +0.0011, +0.0013, +0.0012, +0.0019, +0.0012, +0.0007, +0.0014, +0.0014, +0.0012, +0.0000, +0.0013, +0.0011, +0.0010, +0.0013, +0.0020, +0.0021, +0.0017, +0.0008, +0.0005, +0.0003, -0.0005, -0.0001, +0.0022, +0.0013, +0.0013, +0.0006, +0.0005, +0.0004, +0.0005, -0.0003, -0.0001, +0.0002, +0.0012, -0.0002, +0.0009, -0.0000, +0.0016, +0.0018, +0.0002, +0.0005, +0.0007, +0.0017, +0.0010, -0.0001, -0.0006, -0.0008, +0.0007, +0.0014, +0.0008, -0.0004, +0.0005, +0.0011, +0.0001, +0.0010, +0.0022, +0.0005, -0.0005, +0.0004, +0.0009, +0.0009, +0.0009, +0.0012, -0.0000, +0.0011, +0.0009, +0.0012, +0.0009, +0.0018, +0.0002, +0.0002, +0.0008, -0.0003, +0.0006, +0.0008, -0.0004, -0.0013, +0.0009, +0.0019, +0.0013, +0.0003, +0.0014, +0.0008, +0.0006, +0.0011, +0.0001, +0.0003, +0.0023, +0.0011, +0.0011, +0.0005, +0.0012, +0.0021, -0.0008, +0.0002, +0.0003, +0.0015, +0.0015, +0.0004, +0.0008, +0.0007, -0.0006, +0.0005, +0.0010, +0.0018, -0.0005, -0.0001, -0.0002, +0.0004, -0.0006, -0.0000, +0.0011, +0.0010, +0.0006, +0.0000, -0.0002, -0.0005, +0.0005, +0.0013, -0.0000, -0.0002, -0.0002, -0.0004, -0.0001, -0.0003, -0.0002, +0.0005, +0.0014, -0.0004, +0.0015, +0.0009, +0.0007, -0.0000, +0.0010, +0.0010, +0.0011, +0.0009, +0.0006, +0.0006, -0.0006, +0.0001, +0.0019, +0.0013, +0.0014, +0.0009, +0.0007, +0.0018, +0.0016, +0.0014, +0.0006, +0.0012, +0.0001, +0.0010, +0.0005, +0.0011, +0.0011, +0.0010, +0.0017, -0.0003, +0.0008, +0.0008, +0.0012, -0.0000, +0.0012, +0.0025, -0.0003, +0.0011, +0.0005, +0.0002, +0.0002, +0.0007, +0.0010, +0.0008, +0.0005, +0.0002, +0.0017, +0.0029, +0.0013, +0.0010, +0.0008, -0.0001, -0.0004, +0.0006, +0.0003, -0.0002, +0.0005, -0.0016, +0.0008, +0.0016, +0.0019, -0.0003, +0.0002, +0.0011, +0.0012, +0.0003, -0.0009, +0.0008, -0.0005, -0.0004, +0.0004, -0.0001, -0.0000, +0.0005, +0.0007, -0.0002, +0.0009, -0.0001, +0.0002, +0.0016, +0.0001, +0.0016, +0.0005, +0.0009, +0.0008, +0.0009, +0.0011, +0.0007, -0.0000, +0.0008, +0.0016, +0.0010, +0.0009, +0.0016, +0.0006, +0.0010, +0.0006, +0.0007, +0.0007, +0.0003, +0.0004, +0.0007, +0.0004, -0.0008, -0.0006, -0.0004, +0.0015, +0.0026, +0.0015, +0.0006, +0.0007, +0.0014, +0.0022, +0.0003, +0.0011, +0.0012, +0.0007, +0.0015, +0.0010, +0.0003, -0.0005, +0.0016, +0.0011, -0.0001, +0.0013, +0.0000, +0.0010, +0.0011, +0.0004, +0.0003, +0.0004, +0.0009, -0.0002, +0.0003, +0.0019, +0.0020, +0.0007, -0.0006, +0.0007, +0.0009, +0.0022, +0.0025, +0.0010, +0.0018, +0.0024, +0.0017, +0.0012, +0.0007, +0.0013, +0.0009, -0.0007, +0.0012, +0.0010, +0.0009, +0.0007, -0.0000, +0.0014, +0.0001, +0.0014, +0.0027, +0.0011, +0.0021, +0.0008, +0.0018, -0.0003, +0.0007, +0.0021, +0.0006, +0.0021, +0.0020, +0.0012, +0.0011, +0.0020, +0.0004, +0.0013, +0.0000, -0.0001, +0.0008, +0.0009, +0.0018, -0.0003, +0.0008, +0.0006, +0.0008, +0.0019, +0.0012, +0.0015, +0.0011, +0.0010, +0.0010, -0.0003, +0.0008, +0.0004, +0.0031, +0.0011, -0.0003, +0.0008, +0.0024, +0.0009, +0.0000, +0.0023, +0.0016, +0.0018, +0.0006, +0.0016, +0.0001, +0.0005, +0.0010, +0.0010, +0.0018, -0.0005, +0.0001, +0.0010, +0.0018, +0.0009, +0.0017, +0.0009, +0.0031, +0.0021, +0.0034, +0.0021, +0.0018, +0.0021, +0.0001, +0.0004, +0.0006, +0.0020, +0.0020, +0.0016, +0.0012, +0.0017, +0.0005, +0.0007, +0.0002, +0.0007, +0.0019, +0.0022, +0.0021, +0.0006, +0.0013, -0.0002, +0.0004, +0.0012, +0.0012, +0.0014, +0.0006, +0.0007, +0.0018, +0.0003, +0.0017, +0.0011, +0.0017, +0.0017, +0.0028, +0.0008, +0.0006, +0.0018, +0.0014, +0.0013, +0.0008, +0.0019, +0.0002, +0.0009, +0.0025, +0.0019, +0.0011, +0.0008, -0.0007, +0.0019, +0.0021, +0.0009, +0.0017, +0.0015, +0.0011, +0.0007, +0.0005, -0.0001, +0.0014, +0.0017, +0.0009, +0.0017, +0.0017, +0.0027, +0.0010, +0.0013, +0.0005, +0.0006, +0.0011, +0.0004, +0.0010, +0.0011, +0.0006, +0.0005, +0.0030, +0.0023, +0.0030, +0.0031, +0.0026, +0.0010, +0.0011, +0.0016, +0.0014, +0.0012, +0.0027, +0.0017, +0.0011, +0.0010, +0.0009, +0.0012, +0.0004, +0.0030, +0.0016, +0.0012, +0.0024, +0.0010, +0.0020, +0.0023, +0.0015, +0.0000, +0.0023, +0.0010, +0.0011, +0.0018, +0.0016, +0.0032, +0.0009, +0.0016, +0.0016, +0.0026, +0.0035, +0.0035, +0.0021, +0.0021, +0.0002, +0.0005, +0.0015, +0.0020, +0.0009, +0.0011, +0.0021, +0.0024, +0.0009, +0.0014, +0.0022, +0.0011, +0.0014, +0.0013, +0.0014, +0.0015, +0.0016, +0.0045, +0.0030, +0.0018, +0.0034, +0.0030, +0.0017, +0.0015, +0.0005, +0.0024, +0.0007, +0.0014, +0.0020, +0.0025, +0.0008, +0.0019, +0.0023, +0.0006, +0.0016, +0.0016, +0.0025, +0.0003, +0.0015, +0.0023, +0.0021, +0.0019, +0.0021, +0.0025, +0.0014, +0.0016, +0.0011, +0.0039, +0.0027, +0.0019, +0.0027, +0.0014, +0.0022, +0.0025, +0.0025, +0.0008, +0.0017, +0.0026, +0.0038, +0.0030, +0.0022, +0.0002, +0.0018, +0.0023, +0.0020, +0.0024, +0.0037, +0.0024, +0.0010, +0.0020, +0.0008, +0.0018, +0.0016, +0.0008, +0.0009, +0.0010, +0.0010, +0.0015, +0.0016, +0.0025, +0.0029, +0.0018, +0.0014, +0.0011, +0.0010, +0.0019, +0.0011, +0.0012, -0.0000, +0.0019, +0.0025, +0.0019, +0.0013, +0.0037, +0.0013, +0.0016, +0.0004, +0.0014, +0.0030, +0.0026, +0.0022, +0.0028, +0.0027, +0.0024, +0.0019, +0.0010, +0.0025, +0.0012, +0.0018, +0.0021, +0.0013, +0.0030, +0.0032, +0.0033, +0.0021, +0.0019, +0.0007, +0.0006, +0.0032, +0.0019, +0.0005, +0.0014, +0.0034, +0.0019, +0.0004, +0.0018, +0.0037, +0.0025, +0.0022, +0.0009, +0.0023, +0.0035, +0.0038, +0.0012, +0.0028, +0.0039, +0.0025, +0.0016, +0.0018, +0.0014, +0.0019, +0.0026, +0.0026, +0.0013, +0.0016, +0.0015, +0.0008, +0.0009, +0.0009, +0.0003, +0.0035, +0.0005, +0.0011, +0.0023, +0.0028, +0.0019, +0.0019, +0.0027, +0.0017, +0.0019, +0.0002, +0.0007, +0.0034, +0.0033, +0.0006, +0.0011, +0.0017]
                actor_loss: [-0.0001, -0.0001, -0.0003, -0.0011, -0.0008, -0.0035, -0.0020, -0.0011, -0.0007, -0.0014, -0.0010, -0.0008, -0.0038, -0.0051, -0.0051, -0.0046, -0.0032, -0.0032, -0.0051, -0.0047, -0.0036, -0.0033, -0.0036, -0.0042, -0.0025, -0.0028, -0.0038, -0.0040, -0.0036, -0.0041, -0.0041, -0.0031, -0.0041, -0.0035, -0.0030, -0.0041, -0.0035, -0.0040, -0.0044, -0.0035, -0.0038, -0.0041, -0.0035, -0.0054, -0.0038, -0.0040, -0.0034, -0.0036, -0.0045, -0.0037, -0.0050, -0.0043, -0.0041, -0.0040, -0.0041, -0.0043, -0.0044, -0.0046, -0.0045, -0.0042, -0.0042, -0.0055, -0.0046, -0.0054, -0.0054, -0.0047, -0.0054, -0.0045, -0.0041, -0.0039, -0.0049, -0.0043, -0.0041, -0.0048, -0.0044, -0.0051, -0.0061, -0.0050, -0.0052, -0.0054, -0.0057, -0.0058, -0.0059, -0.0057, -0.0053, -0.0055, -0.0061, -0.0061, -0.0059, -0.0059, -0.0058, -0.0049, -0.0055, -0.0048, -0.0065, -0.0056, -0.0053, -0.0063, -0.0060, -0.0054, -0.0068, -0.0059, -0.0061, -0.0060, -0.0064, -0.0060, -0.0047, -0.0059, -0.0057, -0.0066, -0.0061, -0.0069, -0.0064, -0.0062, -0.0063, -0.0067, -0.0062, -0.0059, -0.0057, -0.0064, -0.0066, -0.0056, -0.0067, -0.0064, -0.0068, -0.0066, -0.0066, -0.0068, -0.0066, -0.0061, -0.0071, -0.0071, -0.0066, -0.0063, -0.0068, -0.0073, -0.0068, -0.0057, -0.0073, -0.0064, -0.0070, -0.0060, -0.0066, -0.0066, -0.0072, -0.0075, -0.0067, -0.0071, -0.0065, -0.0074, -0.0066, -0.0072, -0.0071, -0.0074, -0.0064, -0.0064, -0.0066, -0.0062, -0.0069, -0.0076, -0.0068, -0.0071, -0.0070, -0.0068, -0.0066, -0.0075, -0.0071, -0.0059, -0.0065, -0.0065, -0.0080, -0.0074, -0.0068, -0.0066, -0.0071, -0.0067, -0.0070, -0.0068, -0.0076, -0.0073, -0.0071, -0.0072, -0.0072, -0.0067, -0.0067, -0.0078, -0.0075, -0.0070, -0.0071, -0.0076, -0.0069, -0.0079, -0.0072, -0.0069, -0.0077, -0.0076, -0.0070, -0.0063, -0.0074, -0.0061, -0.0070, -0.0068, -0.0073, -0.0082, -0.0074, -0.0081, -0.0071, -0.0086, -0.0075, -0.0073, -0.0074, -0.0068, -0.0072, -0.0080, -0.0078, -0.0077, -0.0076, -0.0073, -0.0079, -0.0070, -0.0071, -0.0072, -0.0075, -0.0080, -0.0069, -0.0076, -0.0087, -0.0078, -0.0073, -0.0080, -0.0077, -0.0084, -0.0080, -0.0080, -0.0072, -0.0075, -0.0074, -0.0075, -0.0066, -0.0072, -0.0081, -0.0070, -0.0074, -0.0074, -0.0081, -0.0075, -0.0078, -0.0081, -0.0072, -0.0076, -0.0074, -0.0071, -0.0069, -0.0081, -0.0080, -0.0081, -0.0067, -0.0086, -0.0079, -0.0082, -0.0075, -0.0081, -0.0076, -0.0077, -0.0080, -0.0078, -0.0076, -0.0078, -0.0075, -0.0081, -0.0079, -0.0064, -0.0078, -0.0078, -0.0081, -0.0087, -0.0070, -0.0072, -0.0072, -0.0072, -0.0081, -0.0078, -0.0077, -0.0082, -0.0074, -0.0075, -0.0080, -0.0080, -0.0079, -0.0076, -0.0077, -0.0080, -0.0077, -0.0090, -0.0077, -0.0084, -0.0081, -0.0080, -0.0077, -0.0082, -0.0086, -0.0085, -0.0083, -0.0080, -0.0081, -0.0086, -0.0091, -0.0077, -0.0084, -0.0084, -0.0073, -0.0084, -0.0084, -0.0079, -0.0079, -0.0084, -0.0082, -0.0081, -0.0079, -0.0091, -0.0072, -0.0080, -0.0076, -0.0083, -0.0085, -0.0079, -0.0086, -0.0089, -0.0086, -0.0082, -0.0086, -0.0078, -0.0075, -0.0081, -0.0086, -0.0079, -0.0073, -0.0080, -0.0084, -0.0082, -0.0079, -0.0095, -0.0089, -0.0075, -0.0084, -0.0086, -0.0089, -0.0084, -0.0081, -0.0075, -0.0086, -0.0084, -0.0080, -0.0091, -0.0084, -0.0080, -0.0081, -0.0089, -0.0081, -0.0083, -0.0080, -0.0080, -0.0077, -0.0087, -0.0090, -0.0086, -0.0088, -0.0090, -0.0088, -0.0086, -0.0078, -0.0085, -0.0083, -0.0085, -0.0084, -0.0085, -0.0091, -0.0085, -0.0087, -0.0086, -0.0080, -0.0077, -0.0085, -0.0084, -0.0087, -0.0076, -0.0076, -0.0074, -0.0081, -0.0077, -0.0094, -0.0085, -0.0077, -0.0089, -0.0088, -0.0083, -0.0082, -0.0084, -0.0082, -0.0085, -0.0086, -0.0080, -0.0082, -0.0083, -0.0083, -0.0075, -0.0082, -0.0077, -0.0078, -0.0078, -0.0077, -0.0077, -0.0083, -0.0073, -0.0072, -0.0085, -0.0089, -0.0077, -0.0082, -0.0082, -0.0089, -0.0082, -0.0075, -0.0084, -0.0079, -0.0084, -0.0077, -0.0089, -0.0082, -0.0090, -0.0092, -0.0089, -0.0090, -0.0090, -0.0084, -0.0082, -0.0083, -0.0078, -0.0080, -0.0087, -0.0080, -0.0088, -0.0096, -0.0086, -0.0077, -0.0088, -0.0089, -0.0081, -0.0075, -0.0087, -0.0092, -0.0089, -0.0082, -0.0090, -0.0079, -0.0082, -0.0084, -0.0078, -0.0079, -0.0073, -0.0080, -0.0090, -0.0080, -0.0089, -0.0084, -0.0082, -0.0091, -0.0075, -0.0083, -0.0085, -0.0082, -0.0091, -0.0087, -0.0088, -0.0086, -0.0092, -0.0081, -0.0078, -0.0085, -0.0087, -0.0080, -0.0079, -0.0077, -0.0081, -0.0071, -0.0082, -0.0087, -0.0090, -0.0090, -0.0085, -0.0088, -0.0091, -0.0088, -0.0088, -0.0084, -0.0084, -0.0089, -0.0089, -0.0087, -0.0090, -0.0086, -0.0090, -0.0090, -0.0095, -0.0083, -0.0089, -0.0083, -0.0087, -0.0090, -0.0093, -0.0090, -0.0076, -0.0080, -0.0088, -0.0093, -0.0083, -0.0087, -0.0085, -0.0089, -0.0085, -0.0070, -0.0082, -0.0094, -0.0090, -0.0089, -0.0083, -0.0083, -0.0084, -0.0079, -0.0080, -0.0085, -0.0081, -0.0078, -0.0081, -0.0084, -0.0082, -0.0075, -0.0081, -0.0083, -0.0084, -0.0078, -0.0078, -0.0079, -0.0087, -0.0077, -0.0080, -0.0082, -0.0077, -0.0083, -0.0082, -0.0089, -0.0078, -0.0077, -0.0078, -0.0087, -0.0092, -0.0082, -0.0089, -0.0077, -0.0086, -0.0084, -0.0078, -0.0087, -0.0085, -0.0087, -0.0081, -0.0077, -0.0075, -0.0087, -0.0083, -0.0078, -0.0083, -0.0079, -0.0090, -0.0086, -0.0077, -0.0076, -0.0080, -0.0087, -0.0078, -0.0074, -0.0088, -0.0080, -0.0080, -0.0086, -0.0081, -0.0077, -0.0077, -0.0083, -0.0087, -0.0076, -0.0078, -0.0083, -0.0081, -0.0079, -0.0084, -0.0072, -0.0082, -0.0077, -0.0079, -0.0088, -0.0083, -0.0089, -0.0081, -0.0075, -0.0076, -0.0078, -0.0077, -0.0082, -0.0083, -0.0074, -0.0077, -0.0077, -0.0082, -0.0080, -0.0072, -0.0077, -0.0074, -0.0076, -0.0084, -0.0075, -0.0075, -0.0076, -0.0083, -0.0082, -0.0077, -0.0076, -0.0074, -0.0077, -0.0072, -0.0077, -0.0074, -0.0077, -0.0073, -0.0079, -0.0077, -0.0074, -0.0079, -0.0069, -0.0074, -0.0073, -0.0074, -0.0068, -0.0078, -0.0070, -0.0076, -0.0069, -0.0074, -0.0074, -0.0073, -0.0073, -0.0074, -0.0080, -0.0071, -0.0069, -0.0064, -0.0069, -0.0075, -0.0074, -0.0077, -0.0076, -0.0069, -0.0076, -0.0069, -0.0069, -0.0072, -0.0074, -0.0071, -0.0069, -0.0064, -0.0072, -0.0072, -0.0076, -0.0072, -0.0075, -0.0073, -0.0066, -0.0071, -0.0074, -0.0063, -0.0067, -0.0066, -0.0067, -0.0072, -0.0066, -0.0066, -0.0071, -0.0069, -0.0068, -0.0061, -0.0056, -0.0067, -0.0067, -0.0069, -0.0063, -0.0056, -0.0065, -0.0069, -0.0063, -0.0061, -0.0056, -0.0066, -0.0064, -0.0063, -0.0061, -0.0063, -0.0056, -0.0069, -0.0069, -0.0064, -0.0061, -0.0066, -0.0064, -0.0063, -0.0062, -0.0065, -0.0058, -0.0055, -0.0064, -0.0065, -0.0060, -0.0061, -0.0053, -0.0052, -0.0056, -0.0058, -0.0058, -0.0054, -0.0055, -0.0058, -0.0060, -0.0057, -0.0054, -0.0055, -0.0055, -0.0053, -0.0049, -0.0049, -0.0051, -0.0051, -0.0052, -0.0050, -0.0053, -0.0054, -0.0054, -0.0051, -0.0051, -0.0050, -0.0051, -0.0049, -0.0060, -0.0054, -0.0047, -0.0048, -0.0050, -0.0052, -0.0049, -0.0049, -0.0051, -0.0047, -0.0044, -0.0045, -0.0044, -0.0044, -0.0052, -0.0048, -0.0046, -0.0041, -0.0041, -0.0046, -0.0040, -0.0046, -0.0043, -0.0043, -0.0045, -0.0042, -0.0039, -0.0037, -0.0040, -0.0035, -0.0040, -0.0035, -0.0043, -0.0043, -0.0037, -0.0035, -0.0034, -0.0045, -0.0038, -0.0032, -0.0028, -0.0030, -0.0035, -0.0033, -0.0038, -0.0031, -0.0038, -0.0036, -0.0032, -0.0034, -0.0032, -0.0030, -0.0036, -0.0030, -0.0028, -0.0029, -0.0027, -0.0035, -0.0035, -0.0031, -0.0028, -0.0030, -0.0027, -0.0030, -0.0028, -0.0026, -0.0022, -0.0029, -0.0022, -0.0024, -0.0024, -0.0022, -0.0021, -0.0017, -0.0027, -0.0021, -0.0019, -0.0019, -0.0023, -0.0020, -0.0016, -0.0018, -0.0018, -0.0011, -0.0012, -0.0017, -0.0023, -0.0017, -0.0017, -0.0016, -0.0013, -0.0016, -0.0013, -0.0013, -0.0013, -0.0014, -0.0015, -0.0013, -0.0014, -0.0014, -0.0015, -0.0003, -0.0010, -0.0013, -0.0007, -0.0013, -0.0013, -0.0009, -0.0009, -0.0009, -0.0007, -0.0004, -0.0010, -0.0004, -0.0004, -0.0007, -0.0007, -0.0007, -0.0007, -0.0006, -0.0006, -0.0003, -0.0005, +0.0001, -0.0002, -0.0004, -0.0001, -0.0005, -0.0007, -0.0002, -0.0003, +0.0000, +0.0000, -0.0000, +0.0006, -0.0002, -0.0000, -0.0001, +0.0001, +0.0002, -0.0001, +0.0003, +0.0001, +0.0002, -0.0001, -0.0001, +0.0003, +0.0005, +0.0006, +0.0002, -0.0001, +0.0000, +0.0003, +0.0004, +0.0001, +0.0001, +0.0001, +0.0004, +0.0003, +0.0003, +0.0005, +0.0003, +0.0003, +0.0008, +0.0001]
                value_loss: [+0.0202, +0.0157, +0.0181, +0.0155, +0.0139, +0.0152, +0.0181, +0.0186, +0.0159, +0.0197, +0.0171, +0.0199, +0.0213, +0.0228, +0.0268, +0.0300, +0.0267, +0.0285, +0.0289, +0.0280, +0.0271, +0.0283, +0.0262, +0.0279, +0.0241, +0.0271, +0.0272, +0.0295, +0.0311, +0.0293, +0.0275, +0.0264, +0.0274, +0.0264, +0.0295, +0.0294, +0.0269, +0.0291, +0.0304, +0.0277, +0.0256, +0.0265, +0.0287, +0.0266, +0.0286, +0.0264, +0.0252, +0.0305, +0.0309, +0.0304, +0.0266, +0.0277, +0.0294, +0.0279, +0.0263, +0.0274, +0.0264, +0.0244, +0.0247, +0.0261, +0.0244, +0.0269, +0.0265, +0.0262, +0.0275, +0.0296, +0.0274, +0.0234, +0.0246, +0.0243, +0.0272, +0.0234, +0.0264, +0.0296, +0.0267, +0.0260, +0.0258, +0.0263, +0.0275, +0.0256, +0.0236, +0.0258, +0.0305, +0.0289, +0.0230, +0.0267, +0.0282, +0.0263, +0.0245, +0.0245, +0.0257, +0.0256, +0.0258, +0.0242, +0.0280, +0.0241, +0.0259, +0.0266, +0.0226, +0.0226, +0.0270, +0.0270, +0.0264, +0.0234, +0.0256, +0.0225, +0.0237, +0.0258, +0.0256, +0.0260, +0.0245, +0.0258, +0.0262, +0.0274, +0.0252, +0.0255, +0.0272, +0.0261, +0.0217, +0.0240, +0.0249, +0.0237, +0.0264, +0.0251, +0.0275, +0.0260, +0.0266, +0.0263, +0.0244, +0.0243, +0.0240, +0.0245, +0.0270, +0.0244, +0.0255, +0.0265, +0.0252, +0.0238, +0.0276, +0.0261, +0.0236, +0.0210, +0.0243, +0.0278, +0.0276, +0.0252, +0.0257, +0.0271, +0.0257, +0.0255, +0.0242, +0.0273, +0.0240, +0.0259, +0.0252, +0.0241, +0.0238, +0.0246, +0.0257, +0.0261, +0.0269, +0.0233, +0.0248, +0.0248, +0.0247, +0.0287, +0.0233, +0.0263, +0.0257, +0.0246, +0.0301, +0.0250, +0.0249, +0.0242, +0.0276, +0.0241, +0.0250, +0.0277, +0.0261, +0.0263, +0.0272, +0.0245, +0.0242, +0.0270, +0.0272, +0.0255, +0.0269, +0.0280, +0.0261, +0.0245, +0.0258, +0.0274, +0.0243, +0.0249, +0.0262, +0.0280, +0.0241, +0.0231, +0.0236, +0.0264, +0.0239, +0.0252, +0.0273, +0.0272, +0.0264, +0.0285, +0.0238, +0.0278, +0.0259, +0.0255, +0.0254, +0.0239, +0.0246, +0.0246, +0.0239, +0.0241, +0.0261, +0.0282, +0.0261, +0.0253, +0.0237, +0.0244, +0.0256, +0.0250, +0.0237, +0.0240, +0.0254, +0.0254, +0.0232, +0.0254, +0.0258, +0.0267, +0.0278, +0.0265, +0.0257, +0.0271, +0.0254, +0.0231, +0.0261, +0.0236, +0.0255, +0.0252, +0.0256, +0.0264, +0.0247, +0.0228, +0.0250, +0.0237, +0.0269, +0.0256, +0.0244, +0.0239, +0.0263, +0.0238, +0.0260, +0.0235, +0.0261, +0.0266, +0.0296, +0.0252, +0.0227, +0.0281, +0.0234, +0.0252, +0.0254, +0.0228, +0.0274, +0.0236, +0.0271, +0.0276, +0.0268, +0.0240, +0.0273, +0.0258, +0.0262, +0.0261, +0.0257, +0.0280, +0.0274, +0.0269, +0.0265, +0.0246, +0.0237, +0.0266, +0.0249, +0.0235, +0.0265, +0.0270, +0.0269, +0.0257, +0.0277, +0.0241, +0.0261, +0.0272, +0.0263, +0.0269, +0.0225, +0.0266, +0.0255, +0.0251, +0.0276, +0.0286, +0.0276, +0.0276, +0.0268, +0.0237, +0.0263, +0.0241, +0.0244, +0.0298, +0.0256, +0.0259, +0.0232, +0.0253, +0.0265, +0.0252, +0.0244, +0.0262, +0.0273, +0.0264, +0.0224, +0.0263, +0.0257, +0.0288, +0.0293, +0.0263, +0.0254, +0.0269, +0.0304, +0.0250, +0.0242, +0.0232, +0.0225, +0.0264, +0.0277, +0.0260, +0.0251, +0.0255, +0.0259, +0.0239, +0.0269, +0.0289, +0.0238, +0.0238, +0.0257, +0.0256, +0.0275, +0.0263, +0.0267, +0.0269, +0.0269, +0.0261, +0.0272, +0.0281, +0.0275, +0.0259, +0.0259, +0.0272, +0.0248, +0.0260, +0.0270, +0.0242, +0.0242, +0.0260, +0.0261, +0.0263, +0.0233, +0.0283, +0.0278, +0.0264, +0.0252, +0.0243, +0.0252, +0.0275, +0.0293, +0.0266, +0.0256, +0.0269, +0.0276, +0.0237, +0.0261, +0.0267, +0.0255, +0.0251, +0.0249, +0.0268, +0.0265, +0.0239, +0.0256, +0.0281, +0.0265, +0.0241, +0.0270, +0.0247, +0.0261, +0.0247, +0.0267, +0.0271, +0.0280, +0.0273, +0.0247, +0.0249, +0.0250, +0.0230, +0.0265, +0.0249, +0.0240, +0.0251, +0.0256, +0.0254, +0.0238, +0.0262, +0.0271, +0.0291, +0.0250, +0.0273, +0.0265, +0.0265, +0.0257, +0.0266, +0.0258, +0.0281, +0.0269, +0.0252, +0.0258, +0.0244, +0.0271, +0.0279, +0.0282, +0.0262, +0.0256, +0.0250, +0.0262, +0.0264, +0.0248, +0.0252, +0.0270, +0.0245, +0.0265, +0.0277, +0.0291, +0.0273, +0.0275, +0.0274, +0.0256, +0.0271, +0.0278, +0.0276, +0.0244, +0.0263, +0.0298, +0.0269, +0.0266, +0.0272, +0.0266, +0.0246, +0.0256, +0.0262, +0.0283, +0.0272, +0.0250, +0.0278, +0.0282, +0.0275, +0.0274, +0.0263, +0.0244, +0.0255, +0.0282, +0.0264, +0.0239, +0.0253, +0.0226, +0.0273, +0.0266, +0.0266, +0.0231, +0.0258, +0.0277, +0.0268, +0.0253, +0.0239, +0.0265, +0.0241, +0.0252, +0.0274, +0.0247, +0.0252, +0.0261, +0.0256, +0.0250, +0.0281, +0.0251, +0.0257, +0.0280, +0.0263, +0.0278, +0.0274, +0.0284, +0.0276, +0.0279, +0.0279, +0.0266, +0.0236, +0.0250, +0.0285, +0.0286, +0.0281, +0.0253, +0.0257, +0.0264, +0.0257, +0.0271, +0.0272, +0.0268, +0.0283, +0.0275, +0.0251, +0.0222, +0.0240, +0.0271, +0.0280, +0.0306, +0.0295, +0.0252, +0.0278, +0.0289, +0.0288, +0.0280, +0.0269, +0.0269, +0.0231, +0.0274, +0.0280, +0.0277, +0.0241, +0.0273, +0.0290, +0.0257, +0.0288, +0.0252, +0.0278, +0.0315, +0.0257, +0.0258, +0.0261, +0.0280, +0.0261, +0.0269, +0.0310, +0.0287, +0.0278, +0.0274, +0.0269, +0.0289, +0.0301, +0.0288, +0.0292, +0.0295, +0.0278, +0.0270, +0.0269, +0.0255, +0.0246, +0.0277, +0.0272, +0.0294, +0.0283, +0.0273, +0.0264, +0.0263, +0.0284, +0.0273, +0.0301, +0.0309, +0.0285, +0.0330, +0.0288, +0.0292, +0.0267, +0.0296, +0.0292, +0.0256, +0.0314, +0.0300, +0.0288, +0.0273, +0.0281, +0.0273, +0.0296, +0.0246, +0.0253, +0.0270, +0.0285, +0.0303, +0.0263, +0.0291, +0.0258, +0.0280, +0.0312, +0.0278, +0.0274, +0.0295, +0.0274, +0.0283, +0.0245, +0.0293, +0.0260, +0.0324, +0.0281, +0.0255, +0.0282, +0.0324, +0.0280, +0.0267, +0.0289, +0.0289, +0.0283, +0.0271, +0.0319, +0.0282, +0.0280, +0.0282, +0.0264, +0.0268, +0.0254, +0.0242, +0.0282, +0.0296, +0.0295, +0.0315, +0.0288, +0.0319, +0.0292, +0.0316, +0.0274, +0.0301, +0.0301, +0.0264, +0.0248, +0.0281, +0.0310, +0.0290, +0.0285, +0.0275, +0.0279, +0.0283, +0.0273, +0.0278, +0.0272, +0.0298, +0.0298, +0.0312, +0.0274, +0.0268, +0.0243, +0.0276, +0.0263, +0.0291, +0.0262, +0.0252, +0.0270, +0.0287, +0.0272, +0.0305, +0.0302, +0.0291, +0.0301, +0.0316, +0.0284, +0.0270, +0.0314, +0.0282, +0.0276, +0.0282, +0.0294, +0.0269, +0.0272, +0.0301, +0.0283, +0.0269, +0.0280, +0.0268, +0.0288, +0.0306, +0.0273, +0.0295, +0.0294, +0.0286, +0.0280, +0.0267, +0.0277, +0.0316, +0.0314, +0.0286, +0.0318, +0.0288, +0.0307, +0.0293, +0.0314, +0.0290, +0.0254, +0.0275, +0.0305, +0.0305, +0.0296, +0.0274, +0.0275, +0.0313, +0.0315, +0.0311, +0.0321, +0.0287, +0.0291, +0.0305, +0.0300, +0.0293, +0.0278, +0.0315, +0.0297, +0.0286, +0.0274, +0.0285, +0.0297, +0.0292, +0.0329, +0.0283, +0.0303, +0.0308, +0.0288, +0.0296, +0.0277, +0.0305, +0.0247, +0.0333, +0.0285, +0.0301, +0.0304, +0.0326, +0.0325, +0.0302, +0.0326, +0.0328, +0.0342, +0.0327, +0.0342, +0.0320, +0.0318, +0.0287, +0.0301, +0.0304, +0.0313, +0.0285, +0.0308, +0.0310, +0.0290, +0.0275, +0.0298, +0.0313, +0.0302, +0.0288, +0.0283, +0.0326, +0.0325, +0.0321, +0.0345, +0.0318, +0.0285, +0.0322, +0.0332, +0.0318, +0.0327, +0.0297, +0.0341, +0.0289, +0.0307, +0.0310, +0.0315, +0.0283, +0.0309, +0.0301, +0.0301, +0.0311, +0.0323, +0.0313, +0.0276, +0.0311, +0.0328, +0.0306, +0.0310, +0.0302, +0.0314, +0.0294, +0.0293, +0.0289, +0.0344, +0.0327, +0.0320, +0.0322, +0.0283, +0.0306, +0.0313, +0.0354, +0.0300, +0.0297, +0.0313, +0.0333, +0.0320, +0.0295, +0.0298, +0.0294, +0.0311, +0.0330, +0.0319, +0.0338, +0.0342, +0.0330, +0.0335, +0.0302, +0.0302, +0.0283, +0.0318, +0.0291, +0.0314, +0.0311, +0.0341, +0.0313, +0.0323, +0.0327, +0.0311, +0.0293, +0.0310, +0.0301, +0.0330, +0.0312, +0.0298, +0.0283, +0.0313, +0.0339, +0.0307, +0.0302, +0.0322, +0.0309, +0.0308, +0.0295, +0.0321, +0.0333, +0.0336, +0.0353, +0.0360, +0.0330, +0.0355, +0.0340, +0.0327, +0.0354, +0.0297, +0.0312, +0.0316, +0.0332, +0.0341, +0.0339, +0.0323, +0.0309, +0.0311, +0.0284, +0.0300, +0.0342, +0.0361, +0.0303, +0.0333, +0.0344, +0.0322, +0.0306, +0.0343, +0.0344, +0.0330, +0.0317, +0.0309, +0.0325, +0.0361, +0.0357, +0.0318, +0.0344, +0.0349, +0.0324, +0.0335, +0.0322, +0.0320, +0.0310, +0.0323, +0.0324, +0.0315, +0.0313, +0.0325, +0.0336, +0.0309, +0.0305, +0.0306, +0.0318, +0.0312, +0.0326, +0.0328, +0.0349, +0.0335, +0.0348, +0.0318, +0.0321, +0.0342, +0.0309, +0.0337, +0.0365, +0.0339, +0.0301, +0.0328, +0.0342]
                   entropy: [+1.5965, +1.5975, +1.5946, +1.5862, +1.5747, +1.5734, +1.5600, +1.5438, +1.5515, +1.5459, +1.5314, +1.5344, +1.5244, +1.5133, +1.5058, +1.4892, +1.4806, +1.4840, +1.4750, +1.4593, +1.4495, +1.4476, +1.4529, +1.4530, +1.4323, +1.4395, +1.4193, +1.4175, +1.4110, +1.4385, +1.4379, +1.4511, +1.4333, +1.4269, +1.4266, +1.4068, +1.4067, +1.4310, +1.4125, +1.3939, +1.4140, +1.4205, +1.4424, +1.4369, +1.4084, +1.4133, +1.4344, +1.4202, +1.3922, +1.3890, +1.3730, +1.4159, +1.3860, +1.3799, +1.3855, +1.3663, +1.3804, +1.3709, +1.3838, +1.4044, +1.3813, +1.3613, +1.3526, +1.3309, +1.3184, +1.3346, +1.3682, +1.3516, +1.3320, +1.3405, +1.3408, +1.3492, +1.3525, +1.3719, +1.3707, +1.3836, +1.3811, +1.3869, +1.3503, +1.3830, +1.3822, +1.3902, +1.3762, +1.3895, +1.3699, +1.3825, +1.4027, +1.3986, +1.3948, +1.3947, +1.4046, +1.4027, +1.3872, +1.4028, +1.4049, +1.4044, +1.3850, +1.4114, +1.4192, +1.4038, +1.4053, +1.4095, +1.4108, +1.4024, +1.4039, +1.4059, +1.3944, +1.3891, +1.3728, +1.3775, +1.3920, +1.3624, +1.3547, +1.3646, +1.3536, +1.3280, +1.3480, +1.3540, +1.3607, +1.3476, +1.3404, +1.3517, +1.3462, +1.3462, +1.3505, +1.3545, +1.3651, +1.3534, +1.3399, +1.3336, +1.3375, +1.3324, +1.3302, +1.2997, +1.3244, +1.3280, +1.3444, +1.3256, +1.2993, +1.3195, +1.3284, +1.3395, +1.3172, +1.3263, +1.3214, +1.3290, +1.3278, +1.3241, +1.3352, +1.3318, +1.3368, +1.3214, +1.3151, +1.3041, +1.2893, +1.2765, +1.2896, +1.3044, +1.2797, +1.2761, +1.2841, +1.2877, +1.2776, +1.2917, +1.2920, +1.2686, +1.2689, +1.2622, +1.2841, +1.2936, +1.2580, +1.2586, +1.2716, +1.2771, +1.2523, +1.2662, +1.2598, +1.2877, +1.2964, +1.2725, +1.2638, +1.2911, +1.2674, +1.2722, +1.2468, +1.2609, +1.2515, +1.2427, +1.2428, +1.2674, +1.2762, +1.2691, +1.2792, +1.2794, +1.2628, +1.2693, +1.2522, +1.2646, +1.2670, +1.2683, +1.2812, +1.2608, +1.2598, +1.2673, +1.2822, +1.2782, +1.2537, +1.2579, +1.2564, +1.2726, +1.2652, +1.2627, +1.2889, +1.2398, +1.2431, +1.2790, +1.2576, +1.2415, +1.2368, +1.2525, +1.2681, +1.2602, +1.2651, +1.2579, +1.2664, +1.2838, +1.2695, +1.2541, +1.2884, +1.2747, +1.2624, +1.2661, +1.2785, +1.2825, +1.2419, +1.2632, +1.2467, +1.2586, +1.2658, +1.2411, +1.2273, +1.2303, +1.1994, +1.2244, +1.2502, +1.2267, +1.2074, +1.2368, +1.2322, +1.2220, +1.2322, +1.2258, +1.2109, +1.2380, +1.2312, +1.2326, +1.2384, +1.2347, +1.2433, +1.2252, +1.2257, +1.2268, +1.2355, +1.2412, +1.2218, +1.2379, +1.2316, +1.2370, +1.2086, +1.2309, +1.2226, +1.2362, +1.2365, +1.2230, +1.2204, +1.2229, +1.1967, +1.2013, +1.2014, +1.1896, +1.1907, +1.2129, +1.2045, +1.2013, +1.1895, +1.1950, +1.1987, +1.2194, +1.2279, +1.2216, +1.2161, +1.2060, +1.2030, +1.2057, +1.2171, +1.2008, +1.2138, +1.1939, +1.2028, +1.2020, +1.1946, +1.1915, +1.1890, +1.2208, +1.2247, +1.2131, +1.2166, +1.1856, +1.1896, +1.2025, +1.1898, +1.1974, +1.2048, +1.1979, +1.1827, +1.1939, +1.2133, +1.1947, +1.1912, +1.1874, +1.1978, +1.2034, +1.2020, +1.1815, +1.1808, +1.1712, +1.2067, +1.1938, +1.1843, +1.1812, +1.1891, +1.1913, +1.2098, +1.2014, +1.1918, +1.1799, +1.2010, +1.1844, +1.1698, +1.1738, +1.1975, +1.1981, +1.1902, +1.1928, +1.1979, +1.2052, +1.2071, +1.1887, +1.1982, +1.1871, +1.1924, +1.1844, +1.1740, +1.1759, +1.1714, +1.1954, +1.1875, +1.1786, +1.1922, +1.1864, +1.1833, +1.1848, +1.2010, +1.1756, +1.1667, +1.1764, +1.1804, +1.1982, +1.1974, +1.1845, +1.1814, +1.1959, +1.1712, +1.1648, +1.1855, +1.1636, +1.1743, +1.1845, +1.1563, +1.1856, +1.1815, +1.1746, +1.1725, +1.1680, +1.1723, +1.1766, +1.1665, +1.1757, +1.1748, +1.1419, +1.1719, +1.1453, +1.1447, +1.1626, +1.1516, +1.1653, +1.1490, +1.1493, +1.1455, +1.1622, +1.1676, +1.1527, +1.1446, +1.1487, +1.1564, +1.1680, +1.1710, +1.1683, +1.1629, +1.1631, +1.1426, +1.1509, +1.1045, +1.1140, +1.1267, +1.1329, +1.1172, +1.1386, +1.1634, +1.1498, +1.1488, +1.1402, +1.1374, +1.1633, +1.1566, +1.1537, +1.1510, +1.1408, +1.1486, +1.1611, +1.1544, +1.1440, +1.1202, +1.1425, +1.1443, +1.1778, +1.1564, +1.1672, +1.1519, +1.1459, +1.1545, +1.1437, +1.1378, +1.1466, +1.1639, +1.1545, +1.1452, +1.1383, +1.1308, +1.1270, +1.1209, +1.1502, +1.1554, +1.1518, +1.1509, +1.1638, +1.1425, +1.1434, +1.1494, +1.1603, +1.1613, +1.1372, +1.1195, +1.1385, +1.1339, +1.1135, +1.1171, +1.1054, +1.1379, +1.1582, +1.1493, +1.1339, +1.1283, +1.1334, +1.1445, +1.1406, +1.1494, +1.1347, +1.1551, +1.1466, +1.1541, +1.1510, +1.1462, +1.1411, +1.1452, +1.1568, +1.1476, +1.1528, +1.1355, +1.1437, +1.1311, +1.1321, +1.1508, +1.1526, +1.1507, +1.1564, +1.1159, +1.1414, +1.1568, +1.1532, +1.1518, +1.1363, +1.1525, +1.1324, +1.1389, +1.1342, +1.1365, +1.1349, +1.1232, +1.1221, +1.1360, +1.1229, +1.1258, +1.1179, +1.1004, +1.1294, +1.1160, +1.1084, +1.1175, +1.1042, +1.1223, +1.0931, +1.0961, +1.0990, +1.0984, +1.1210, +1.1110, +1.1122, +1.1278, +1.1145, +1.1050, +1.0906, +1.1098, +1.0953, +1.1014, +1.1034, +1.0801, +1.1051, +1.1013, +1.0986, +1.1213, +1.1011, +1.0857, +1.0878, +1.0814, +1.1119, +1.1114, +1.1133, +1.1184, +1.1084, +1.0931, +1.1084, +1.1233, +1.0939, +1.0856, +1.0911, +1.0949, +1.1032, +1.0876, +1.1059, +1.1070, +1.1025, +1.0854, +1.0818, +1.0860, +1.0841, +1.0545, +1.0860, +1.0691, +1.0801, +1.0996, +1.0846, +1.0954, +1.0744, +1.0772, +1.0843, +1.0761, +1.0926, +1.0948, +1.1065, +1.0910, +1.0798, +1.0789, +1.0665, +1.0916, +1.0986, +1.0952, +1.0747, +1.1110, +1.0988, +1.1068, +1.0972, +1.1082, +1.1070, +1.0970, +1.1180, +1.1151, +1.0963, +1.0767, +1.0671, +1.0644, +1.0891, +1.0786, +1.0933, +1.0968, +1.0932, +1.0987, +1.1108, +1.0899, +1.0997, +1.1113, +1.0819, +1.0903, +1.1137, +1.1102, +1.0931, +1.0930, +1.0880, +1.1057, +1.0768, +1.0961, +1.1077, +1.0838, +1.0822, +1.0653, +1.0954, +1.0988, +1.0916, +1.0730, +1.0727, +1.0573, +1.0739, +1.0736, +1.0805, +1.0676, +1.0654, +1.0940, +1.0827, +1.0960, +1.0995, +1.1047, +1.0926, +1.0701, +1.0686, +1.0565, +1.0647, +1.0985, +1.0774, +1.0789, +1.0841, +1.0395, +1.0664, +1.0859, +1.0843, +1.0527, +1.0560, +1.0689, +1.0600, +1.0784, +1.0530, +1.0562, +1.0781, +1.0510, +1.0827, +1.0599, +1.0641, +1.0588, +1.0694, +1.0539, +1.0655, +1.0743, +1.0805, +1.0786, +1.0693, +1.0816, +1.0508, +1.0769, +1.0849, +1.0862, +1.0828, +1.0721, +1.0605, +1.0887, +1.0739, +1.0811, +1.1007, +1.0895, +1.0794, +1.0913, +1.0986, +1.1081, +1.1090, +1.0657, +1.0663, +1.1001, +1.0641, +1.0822, +1.0937, +1.0794, +1.0893, +1.0860, +1.0701, +1.0909, +1.0825, +1.0997, +1.1019, +1.0813, +1.0982, +1.0665, +1.0835, +1.0862, +1.0707, +1.0952, +1.0994, +1.0661, +1.0818, +1.0775, +1.0627, +1.0552, +1.0660, +1.0704, +1.0882, +1.0756, +1.0717, +1.1010, +1.0604, +1.0821, +1.0936, +1.0559, +1.0782, +1.0686, +1.0699, +1.0791, +1.0781, +1.0922, +1.0916, +1.0916, +1.0833, +1.0831, +1.0906, +1.0926, +1.0763, +1.0991, +1.0781, +1.0622, +1.0653, +1.0558, +1.0466, +1.0684, +1.0742, +1.0667, +1.0574, +1.0795, +1.0685, +1.0732, +1.0462, +1.0598, +1.0735, +1.0455, +1.0421, +1.0723, +1.0856, +1.0660, +1.0513, +1.0502, +1.0228, +1.0537, +1.0554, +1.0463, +1.0627, +1.0705, +1.0835, +1.0700, +1.0609, +1.0675, +1.0957, +1.0723, +1.0534, +1.0655, +1.0578, +1.0483, +1.0606, +1.0587, +1.0535, +1.0535, +1.0780, +1.0591, +1.0697, +1.0532, +1.0711, +1.0763, +1.0640, +1.0785, +1.0687, +1.0527, +1.0532, +1.0707, +1.0785, +1.0423, +1.0704, +1.0834, +1.0813, +1.0561, +1.0492, +1.0441, +1.0477, +1.0473, +1.0586, +1.0543, +1.0945, +1.0843, +1.0478, +1.0487, +1.0358, +1.0287, +1.0642, +1.0769, +1.0683, +1.1009, +1.0634, +1.0340, +1.0617, +1.0861, +1.0717, +1.0712, +1.0783, +1.0847, +1.0602, +1.0521, +1.0538, +1.0620, +1.0792, +1.0655, +1.0514, +1.0790, +1.0438, +1.0684, +1.0749, +1.0895, +1.0458, +1.0663, +1.0224, +1.0376, +1.0575, +1.0824, +1.0495, +1.0602, +1.0612, +1.0843, +1.0386, +1.0632, +1.0916, +1.1067, +1.1158, +1.0856, +1.0435, +1.0753, +1.1024, +1.0746, +1.0504, +1.0497, +1.0431, +1.0838, +1.0860, +1.0725, +1.0388, +1.0565, +1.0880, +1.0789, +1.0410, +1.0329, +1.0775, +1.0857, +1.0729, +1.0796, +1.0535, +1.0750, +1.0650, +1.0375, +1.0479, +1.0709, +1.0929, +1.0774, +1.0694, +1.0679, +1.0751, +1.0517, +1.0672, +1.0343, +1.0435, +1.0704, +1.0741, +1.0760, +1.0451, +1.0551, +1.0658, +1.0671, +1.0910, +1.0565, +1.0889, +1.0875, +1.0575, +1.0288, +1.0490, +1.0771, +1.0689, +1.0607, +1.0626, +1.0764, +1.0815, +1.0576, +1.0497, +1.0870, +1.0673, +1.0562]
                entropy_t0: [+0.6931, +0.6911, +0.6884, +0.6925, +0.6929, +0.6930, +0.6891, +0.6526, +0.6469, +0.6686, +0.6877, +0.6810, +0.6902, +0.6887, +0.6857, +0.6869, +0.6660, +0.6584, +0.6545, +0.6303, +0.5895, +0.5643, +0.5421, +0.5782, +0.6419, +0.6649, +0.6763, +0.6747, +0.6822, +0.6810, +0.6513, +0.6038, +0.5540, +0.5124, +0.5120, +0.4876, +0.4840, +0.5078, +0.5130, +0.5476, +0.5469, +0.5324, +0.5868, +0.5864, +0.5698, +0.5327, +0.4813, +0.4603, +0.4528, +0.4688, +0.5048, +0.5236, +0.5772, +0.6147, +0.6218, +0.6068, +0.6083, +0.6128, +0.6138, +0.6369, +0.6332, +0.6505, +0.6535, +0.6652, +0.6657, +0.6517, +0.6337, +0.6349, +0.6303, +0.6247, +0.6067, +0.6379, +0.6440, +0.6570, +0.6418, +0.6537, +0.6630, +0.6562, +0.6503, +0.6463, +0.6251, +0.6270, +0.6131, +0.5995, +0.5863, +0.6247, +0.6280, +0.5944, +0.6041, +0.5795, +0.6043, +0.6091, +0.6329, +0.6198, +0.5954, +0.5766, +0.5885, +0.5660, +0.5480, +0.5529, +0.5487, +0.5530, +0.5802, +0.5804, +0.5569, +0.5855, +0.6105, +0.6002, +0.5927, +0.5831, +0.5944, +0.5785, +0.5907, +0.6155, +0.5993, +0.5953, +0.6163, +0.6132, +0.5975, +0.5857, +0.5813, +0.5816, +0.5897, +0.5777, +0.5845, +0.6037, +0.6060, +0.5807, +0.5778, +0.5468, +0.5400, +0.5743, +0.5763, +0.5369, +0.5284, +0.5485, +0.5359, +0.5520, +0.5351, +0.5236, +0.5497, +0.5225, +0.5135, +0.5127, +0.5329, +0.5336, +0.5568, +0.5589, +0.5254, +0.5182, +0.5652, +0.5618, +0.5568, +0.5612, +0.5570, +0.5542, +0.5319, +0.5487, +0.4888, +0.5050, +0.5302, +0.5269, +0.5532, +0.5338, +0.5323, +0.4746, +0.4584, +0.4865, +0.4798, +0.4984, +0.5061, +0.5145, +0.4413, +0.4406, +0.3918, +0.4122, +0.3672, +0.3405, +0.2978, +0.3552, +0.3276, +0.3702, +0.3221, +0.3750, +0.4148, +0.3558, +0.3653, +0.3540, +0.3949, +0.4217, +0.4351, +0.4856, +0.4777, +0.4394, +0.4653, +0.4516, +0.4764, +0.4526, +0.4454, +0.4458, +0.4336, +0.3656, +0.3677, +0.4216, +0.4070, +0.4167, +0.3847, +0.4324, +0.4354, +0.4574, +0.4554, +0.4273, +0.4447, +0.4591, +0.4213, +0.4113, +0.4807, +0.4828, +0.4821, +0.5013, +0.5145, +0.5215, +0.4876, +0.5040, +0.5022, +0.4940, +0.5106, +0.5044, +0.5224, +0.5072, +0.5194, +0.5670, +0.5801, +0.5497, +0.6030, +0.5676, +0.5659, +0.5613, +0.5663, +0.5463, +0.5129, +0.4906, +0.4660, +0.5017, +0.5117, +0.5307, +0.5491, +0.5379, +0.5449, +0.5467, +0.5332, +0.5632, +0.5765, +0.5459, +0.5293, +0.5335, +0.5204, +0.4814, +0.4862, +0.4882, +0.5161, +0.5252, +0.5084, +0.5075, +0.5077, +0.5138, +0.5340, +0.4931, +0.4784, +0.4641, +0.4609, +0.4735, +0.4656, +0.4719, +0.4823, +0.4408, +0.4690, +0.4708, +0.4666, +0.4367, +0.4422, +0.4658, +0.4595, +0.4826, +0.4632, +0.4435, +0.4231, +0.4385, +0.4823, +0.4888, +0.4748, +0.5138, +0.4972, +0.5005, +0.4838, +0.4677, +0.5050, +0.5035, +0.5017, +0.5123, +0.5381, +0.5212, +0.5149, +0.4666, +0.4851, +0.4976, +0.5092, +0.5095, +0.4990, +0.4999, +0.4850, +0.4754, +0.4755, +0.4901, +0.5114, +0.5040, +0.5029, +0.4956, +0.4805, +0.4784, +0.4715, +0.4954, +0.5367, +0.4991, +0.4856, +0.5006, +0.5164, +0.5021, +0.5063, +0.5051, +0.4953, +0.4902, +0.4634, +0.4933, +0.4942, +0.5071, +0.4916, +0.4846, +0.4843, +0.4705, +0.5118, +0.4908, +0.4628, +0.4874, +0.4482, +0.5049, +0.5092, +0.4843, +0.4746, +0.4531, +0.4658, +0.4710, +0.4846, +0.4983, +0.4877, +0.4886, +0.4851, +0.4810, +0.4587, +0.4548, +0.4352, +0.4235, +0.4493, +0.4816, +0.4630, +0.4273, +0.4613, +0.4713, +0.4968, +0.4663, +0.4837, +0.4672, +0.5021, +0.4903, +0.4747, +0.4773, +0.4587, +0.4705, +0.4802, +0.4832, +0.4844, +0.5036, +0.5453, +0.5173, +0.5218, +0.4958, +0.4982, +0.5139, +0.5306, +0.5226, +0.5137, +0.5112, +0.4981, +0.5193, +0.5188, +0.4993, +0.4749, +0.4981, +0.4729, +0.4739, +0.4799, +0.4744, +0.4499, +0.4925, +0.4775, +0.4948, +0.4675, +0.4769, +0.4866, +0.4237, +0.4272, +0.4313, +0.4361, +0.4570, +0.4233, +0.4442, +0.4400, +0.4467, +0.4506, +0.4442, +0.4846, +0.4533, +0.4325, +0.4613, +0.4181, +0.4137, +0.4041, +0.4143, +0.3927, +0.4363, +0.4306, +0.4475, +0.4141, +0.4371, +0.4075, +0.4424, +0.4580, +0.4308, +0.4350, +0.4530, +0.4486, +0.4541, +0.4315, +0.4172, +0.4088, +0.4054, +0.4084, +0.3768, +0.3476, +0.3479, +0.3853, +0.3936, +0.3917, +0.3586, +0.3222, +0.3468, +0.3571, +0.4106, +0.3355, +0.3757, +0.3144, +0.3474, +0.3646, +0.3827, +0.3515, +0.4083, +0.3553, +0.4029, +0.3650, +0.3461, +0.3316, +0.3542, +0.3337, +0.3343, +0.3565, +0.3482, +0.3915, +0.3662, +0.3830, +0.4020, +0.4146, +0.4038, +0.3843, +0.4330, +0.4157, +0.4598, +0.4156, +0.4372, +0.4427, +0.4195, +0.4378, +0.4037, +0.4085, +0.4112, +0.4601, +0.4314, +0.4776, +0.4877, +0.4839, +0.4792, +0.4373, +0.4679, +0.4537, +0.4652, +0.4817, +0.4884, +0.4667, +0.4529, +0.4877, +0.5012, +0.5279, +0.5244, +0.5053, +0.4930, +0.4504, +0.4682, +0.4655, +0.5060, +0.4843, +0.4751, +0.4213, +0.4379, +0.4703, +0.4876, +0.4167, +0.3777, +0.4446, +0.4333, +0.4045, +0.4246, +0.4565, +0.4114, +0.3936, +0.4377, +0.3807, +0.3720, +0.3596, +0.3319, +0.2946, +0.2769, +0.2872, +0.2353, +0.2497, +0.2576, +0.2512, +0.2815, +0.2701, +0.2887, +0.2287, +0.2145, +0.2434, +0.2509, +0.2200, +0.2513, +0.2359, +0.2450, +0.2337, +0.2329, +0.2055, +0.2518, +0.2368, +0.2207, +0.2506, +0.2153, +0.2235, +0.2119, +0.2281, +0.1936, +0.2088, +0.2044, +0.2075, +0.2376, +0.2339, +0.2190, +0.2671, +0.2731, +0.2907, +0.2782, +0.2362, +0.2013, +0.2365, +0.2364, +0.2460, +0.2128, +0.2072, +0.2357, +0.2665, +0.2428, +0.2502, +0.2612, +0.2657, +0.2595, +0.2596, +0.3082, +0.2922, +0.2962, +0.2793, +0.3013, +0.2957, +0.2688, +0.2779, +0.2670, +0.2551, +0.2616, +0.2471, +0.2347, +0.2441, +0.2202, +0.2404, +0.2020, +0.2012, +0.2509, +0.2733, +0.2046, +0.2223, +0.2620, +0.2526, +0.2205, +0.2303, +0.2477, +0.2232, +0.2259, +0.2248, +0.2261, +0.2529, +0.2269, +0.2418, +0.2285, +0.2410, +0.2075, +0.2326, +0.2653, +0.2607, +0.2443, +0.2300, +0.2438, +0.2213, +0.2253, +0.2267, +0.2154, +0.2186, +0.2312, +0.2316, +0.2455, +0.2393, +0.2466, +0.2401, +0.2543, +0.2317, +0.2434, +0.2709, +0.2249, +0.2308, +0.2527, +0.2681, +0.2353, +0.2595, +0.2422, +0.2322, +0.2575, +0.2817, +0.2631, +0.2700, +0.2386, +0.2434, +0.2404, +0.2202, +0.2359, +0.2677, +0.2455, +0.2428, +0.2042, +0.2232, +0.2200, +0.2572, +0.2642, +0.2351, +0.2780, +0.2820, +0.2415, +0.2390, +0.2448, +0.2057, +0.2202, +0.2285, +0.2321, +0.1997, +0.2239, +0.1954, +0.1938, +0.1787, +0.1781, +0.1992, +0.1841, +0.1961, +0.2013, +0.2091, +0.1998, +0.1729, +0.1747, +0.1979, +0.1977, +0.1851, +0.1855, +0.1943, +0.2206, +0.2373, +0.1972, +0.2354, +0.2315, +0.2283, +0.2148, +0.2228, +0.2173, +0.2052, +0.1846, +0.1907, +0.2224, +0.2226, +0.2323, +0.2174, +0.2423, +0.2467, +0.2185, +0.2075, +0.2580, +0.2538, +0.2224, +0.2544, +0.2607, +0.2471, +0.2536, +0.2540, +0.2342, +0.2725, +0.2296, +0.2312, +0.2363, +0.2256, +0.2365, +0.2394, +0.2197, +0.2077, +0.2039, +0.2290, +0.2324, +0.2345, +0.2428, +0.2341, +0.2147, +0.2226, +0.2458, +0.2062, +0.2152, +0.2294, +0.2170, +0.2680, +0.2193, +0.2487, +0.2314, +0.2466, +0.2364, +0.2242, +0.2364, +0.2396, +0.2693, +0.2413, +0.2475, +0.2664, +0.2626, +0.2352, +0.2050, +0.2263, +0.2200, +0.2202, +0.2233, +0.1950, +0.2278, +0.2093, +0.2135, +0.2309, +0.1940, +0.2094, +0.2148, +0.2312, +0.2332, +0.2492, +0.2015, +0.2223, +0.2213, +0.2100, +0.2506, +0.2040, +0.2154, +0.2070, +0.2524, +0.2295, +0.2190, +0.2387, +0.2034, +0.1982, +0.2248, +0.2064, +0.1917, +0.1956, +0.2273, +0.1941, +0.2005, +0.2117, +0.1836, +0.1880, +0.2160, +0.2047, +0.2112, +0.2150, +0.2196, +0.1895, +0.1995, +0.1910, +0.2112, +0.2101, +0.1910, +0.2053, +0.2128, +0.2104, +0.2024, +0.1897, +0.1852, +0.2017, +0.2129, +0.2034, +0.1720, +0.1757, +0.2047, +0.1897, +0.2025, +0.2081, +0.2124, +0.1893, +0.1802, +0.2191, +0.2297, +0.2078, +0.1724, +0.1714, +0.1994, +0.2121, +0.2149, +0.1927, +0.2107, +0.2058, +0.1893, +0.1834, +0.1765, +0.1962, +0.2025, +0.2152, +0.1830, +0.1847, +0.1973, +0.2230, +0.2303, +0.1988, +0.2027, +0.2181, +0.2060, +0.1845, +0.1882, +0.1881, +0.2192, +0.2034, +0.2034, +0.1939, +0.1932, +0.2118, +0.2073, +0.2015, +0.1748, +0.2340, +0.2437, +0.2023, +0.1904, +0.2198, +0.2086, +0.2058, +0.1878, +0.2182, +0.2106, +0.2261, +0.2259, +0.2207, +0.1882, +0.1825, +0.2063, +0.2081, +0.1990, +0.1849, +0.1750, +0.2060, +0.1816, +0.1623, +0.1859, +0.1885, +0.2009, +0.1883, +0.1913, +0.1662, +0.2222, +0.2110, +0.2039, +0.2211, +0.2000, +0.1810, +0.1917, +0.1875]
              entropy_tge1: [+1.6093, +1.6085, +1.6057, +1.5970, +1.5849, +1.5838, +1.5701, +1.5548, +1.5623, +1.5571, +1.5414, +1.5452, +1.5348, +1.5238, +1.5170, +1.5009, +1.4923, +1.4959, +1.4868, +1.4714, +1.4619, +1.4606, +1.4663, +1.4656, +1.4433, +1.4508, +1.4301, +1.4287, +1.4222, +1.4495, +1.4494, +1.4634, +1.4462, +1.4405, +1.4400, +1.4210, +1.4206, +1.4455, +1.4265, +1.4066, +1.4269, +1.4335, +1.4554, +1.4499, +1.4212, +1.4266, +1.4478, +1.4352, +1.4072, +1.4033, +1.3858, +1.4292, +1.3989, +1.3920, +1.3969, +1.3779, +1.3918, +1.3817, +1.3953, +1.4158, +1.3916, +1.3721, +1.3633, +1.3409, +1.3286, +1.3456, +1.3797, +1.3617, +1.3428, +1.3509, +1.3523, +1.3594, +1.3632, +1.3827, +1.3814, +1.3943, +1.3919, +1.3978, +1.3612, +1.3945, +1.3933, +1.4016, +1.3884, +1.4018, +1.3816, +1.3940, +1.4144, +1.4110, +1.4066, +1.4066, +1.4167, +1.4145, +1.3986, +1.4145, +1.4180, +1.4164, +1.3972, +1.4241, +1.4320, +1.4163, +1.4190, +1.4228, +1.4233, +1.4143, +1.4169, +1.4179, +1.4060, +1.4011, +1.3853, +1.3898, +1.4041, +1.3745, +1.3666, +1.3763, +1.3654, +1.3395, +1.3597, +1.3656, +1.3715, +1.3585, +1.3524, +1.3627, +1.3578, +1.3582, +1.3624, +1.3661, +1.3772, +1.3647, +1.3513, +1.3454, +1.3497, +1.3441, +1.3423, +1.3115, +1.3366, +1.3405, +1.3570, +1.3374, +1.3117, +1.3319, +1.3400, +1.3516, +1.3296, +1.3393, +1.3342, +1.3415, +1.3398, +1.3361, +1.3472, +1.3445, +1.3484, +1.3335, +1.3262, +1.3158, +1.3007, +1.2872, +1.3014, +1.3159, +1.2919, +1.2884, +1.2962, +1.2986, +1.2883, +1.3030, +1.3037, +1.2815, +1.2809, +1.2741, +1.2963, +1.3055, +1.2710, +1.2702, +1.2843, +1.2902, +1.2668, +1.2791, +1.2734, +1.3030, +1.3113, +1.2864, +1.2786, +1.3056, +1.2817, +1.2860, +1.2599, +1.2750, +1.2657, +1.2568, +1.2565, +1.2807, +1.2891, +1.2820, +1.2911, +1.2918, +1.2750, +1.2825, +1.2642, +1.2768, +1.2791, +1.2808, +1.2936, +1.2742, +1.2737, +1.2808, +1.2961, +1.2918, +1.2667, +1.2707, +1.2692, +1.2855, +1.2775, +1.2746, +1.3015, +1.2511, +1.2560, +1.2921, +1.2700, +1.2537, +1.2487, +1.2645, +1.2798, +1.2714, +1.2771, +1.2695, +1.2780, +1.2957, +1.2814, +1.2656, +1.2999, +1.2865, +1.2742, +1.2771, +1.2898, +1.2940, +1.2518, +1.2742, +1.2571, +1.2691, +1.2772, +1.2512, +1.2385, +1.2410, +1.2105, +1.2355, +1.2612, +1.2367, +1.2177, +1.2473, +1.2431, +1.2324, +1.2425, +1.2359, +1.2210, +1.2487, +1.2425, +1.2437, +1.2496, +1.2468, +1.2555, +1.2371, +1.2368, +1.2385, +1.2466, +1.2524, +1.2329, +1.2486, +1.2428, +1.2484, +1.2202, +1.2430, +1.2343, +1.2477, +1.2487, +1.2349, +1.2322, +1.2352, +1.2079, +1.2128, +1.2126, +1.2019, +1.2025, +1.2241, +1.2160, +1.2126, +1.2008, +1.2065, +1.2109, +1.2321, +1.2398, +1.2331, +1.2282, +1.2170, +1.2140, +1.2171, +1.2291, +1.2124, +1.2247, +1.2050, +1.2139, +1.2129, +1.2052, +1.2024, +1.2001, +1.2330, +1.2364, +1.2244, +1.2276, +1.1958, +1.2000, +1.2143, +1.2013, +1.2087, +1.2161, +1.2088, +1.1932, +1.2043, +1.2241, +1.2052, +1.2022, +1.1986, +1.2086, +1.2144, +1.2123, +1.1926, +1.1920, +1.1815, +1.2173, +1.2047, +1.1954, +1.1918, +1.1995, +1.2019, +1.2207, +1.2125, +1.2029, +1.1904, +1.2116, +1.1953, +1.1807, +1.1845, +1.2085, +1.2097, +1.2015, +1.2035, +1.2095, +1.2165, +1.2180, +1.1999, +1.2100, +1.1979, +1.2039, +1.1958, +1.1850, +1.1867, +1.1825, +1.2063, +1.1982, +1.1894, +1.2033, +1.1980, +1.1948, +1.1961, +1.2119, +1.1866, +1.1782, +1.1882, +1.1913, +1.2099, +1.2083, +1.1956, +1.1925, +1.2069, +1.1816, +1.1759, +1.1969, +1.1744, +1.1855, +1.1957, +1.1676, +1.1959, +1.1920, +1.1852, +1.1825, +1.1785, +1.1822, +1.1872, +1.1768, +1.1856, +1.1848, +1.1518, +1.1825, +1.1549, +1.1546, +1.1721, +1.1614, +1.1752, +1.1593, +1.1597, +1.1561, +1.1728, +1.1780, +1.1630, +1.1551, +1.1588, +1.1671, +1.1783, +1.1817, +1.1790, +1.1730, +1.1741, +1.1531, +1.1619, +1.1150, +1.1245, +1.1372, +1.1442, +1.1277, +1.1496, +1.1742, +1.1611, +1.1595, +1.1509, +1.1484, +1.1742, +1.1678, +1.1644, +1.1624, +1.1526, +1.1606, +1.1726, +1.1659, +1.1550, +1.1319, +1.1537, +1.1561, +1.1891, +1.1675, +1.1784, +1.1633, +1.1564, +1.1658, +1.1545, +1.1492, +1.1583, +1.1752, +1.1666, +1.1568, +1.1506, +1.1427, +1.1393, +1.1334, +1.1618, +1.1677, +1.1641, +1.1631, +1.1763, +1.1547, +1.1549, +1.1623, +1.1725, +1.1742, +1.1501, +1.1325, +1.1508, +1.1464, +1.1246, +1.1285, +1.1159, +1.1502, +1.1708, +1.1616, +1.1460, +1.1396, +1.1460, +1.1571, +1.1536, +1.1609, +1.1465, +1.1676, +1.1582, +1.1653, +1.1621, +1.1582, +1.1517, +1.1563, +1.1674, +1.1586, +1.1638, +1.1460, +1.1551, +1.1414, +1.1434, +1.1623, +1.1641, +1.1617, +1.1675, +1.1263, +1.1516, +1.1677, +1.1638, +1.1630, +1.1471, +1.1633, +1.1424, +1.1491, +1.1447, +1.1472, +1.1457, +1.1335, +1.1317, +1.1456, +1.1322, +1.1355, +1.1278, +1.1104, +1.1397, +1.1262, +1.1176, +1.1269, +1.1134, +1.1330, +1.1037, +1.1066, +1.1089, +1.1090, +1.1326, +1.1216, +1.1237, +1.1390, +1.1254, +1.1153, +1.1012, +1.1216, +1.1058, +1.1125, +1.1142, +1.0917, +1.1174, +1.1137, +1.1118, +1.1340, +1.1150, +1.0989, +1.1004, +1.0944, +1.1246, +1.1244, +1.1258, +1.1323, +1.1231, +1.1070, +1.1220, +1.1367, +1.1071, +1.0991, +1.1052, +1.1094, +1.1169, +1.1019, +1.1201, +1.1210, +1.1164, +1.0986, +1.0959, +1.0995, +1.0969, +1.0680, +1.0999, +1.0824, +1.0935, +1.1133, +1.0983, +1.1088, +1.0882, +1.0910, +1.0972, +1.0892, +1.1052, +1.1090, +1.1203, +1.1047, +1.0937, +1.0921, +1.0809, +1.1062, +1.1124, +1.1084, +1.0885, +1.1246, +1.1122, +1.1199, +1.1098, +1.1218, +1.1197, +1.1102, +1.1302, +1.1283, +1.1087, +1.0891, +1.0802, +1.0772, +1.1021, +1.0918, +1.1066, +1.1102, +1.1062, +1.1124, +1.1247, +1.1045, +1.1141, +1.1251, +1.0949, +1.1038, +1.1279, +1.1239, +1.1071, +1.1066, +1.1020, +1.1196, +1.0905, +1.1093, +1.1215, +1.0973, +1.0958, +1.0785, +1.1082, +1.1122, +1.1055, +1.0866, +1.0862, +1.0708, +1.0867, +1.0876, +1.0942, +1.0821, +1.0787, +1.1081, +1.0971, +1.1094, +1.1131, +1.1187, +1.1068, +1.0841, +1.0819, +1.0696, +1.0779, +1.1121, +1.0901, +1.0920, +1.0973, +1.0522, +1.0803, +1.0998, +1.0972, +1.0653, +1.0682, +1.0817, +1.0731, +1.0921, +1.0658, +1.0681, +1.0910, +1.0639, +1.0957, +1.0733, +1.0775, +1.0724, +1.0831, +1.0673, +1.0782, +1.0875, +1.0947, +1.0921, +1.0827, +1.0948, +1.0635, +1.0901, +1.0978, +1.0999, +1.0965, +1.0856, +1.0731, +1.1019, +1.0881, +1.0951, +1.1142, +1.1040, +1.0932, +1.1055, +1.1130, +1.1224, +1.1233, +1.0797, +1.0805, +1.1142, +1.0781, +1.0964, +1.1088, +1.0938, +1.1041, +1.0998, +1.0838, +1.1053, +1.0965, +1.1143, +1.1160, +1.0943, +1.1126, +1.0809, +1.0978, +1.1013, +1.0854, +1.1099, +1.1136, +1.0798, +1.0964, +1.0917, +1.0762, +1.0692, +1.0795, +1.0840, +1.1015, +1.0888, +1.0855, +1.1147, +1.0742, +1.0954, +1.1075, +1.0692, +1.0912, +1.0821, +1.0835, +1.0923, +1.0907, +1.1060, +1.1054, +1.1054, +1.0973, +1.0972, +1.1056, +1.1061, +1.0905, +1.1136, +1.0926, +1.0767, +1.0800, +1.0694, +1.0601, +1.0812, +1.0875, +1.0805, +1.0705, +1.0933, +1.0820, +1.0873, +1.0602, +1.0720, +1.0872, +1.0589, +1.0550, +1.0856, +1.0991, +1.0796, +1.0647, +1.0635, +1.0365, +1.0677, +1.0685, +1.0600, +1.0766, +1.0838, +1.0976, +1.0829, +1.0751, +1.0810, +1.1096, +1.0867, +1.0673, +1.0788, +1.0716, +1.0618, +1.0740, +1.0728, +1.0670, +1.0675, +1.0908, +1.0722, +1.0843, +1.0668, +1.0850, +1.0909, +1.0778, +1.0928, +1.0825, +1.0661, +1.0674, +1.0851, +1.0925, +1.0558, +1.0845, +1.0980, +1.0956, +1.0706, +1.0626, +1.0580, +1.0613, +1.0622, +1.0731, +1.0684, +1.1085, +1.0990, +1.0618, +1.0626, +1.0500, +1.0430, +1.0785, +1.0914, +1.0827, +1.1152, +1.0774, +1.0473, +1.0756, +1.1000, +1.0856, +1.0850, +1.0928, +1.0993, +1.0750, +1.0666, +1.0676, +1.0761, +1.0937, +1.0796, +1.0653, +1.0930, +1.0574, +1.0815, +1.0894, +1.1046, +1.0598, +1.0799, +1.0364, +1.0508, +1.0720, +1.0964, +1.0633, +1.0748, +1.0758, +1.0993, +1.0529, +1.0777, +1.1066, +1.1221, +1.1309, +1.1004, +1.0569, +1.0897, +1.1177, +1.0889, +1.0651, +1.0639, +1.0572, +1.0982, +1.1003, +1.0860, +1.0517, +1.0714, +1.1029, +1.0926, +1.0545, +1.0472, +1.0919, +1.0996, +1.0875, +1.0948, +1.0676, +1.0896, +1.0794, +1.0508, +1.0622, +1.0862, +1.1073, +1.0920, +1.0846, +1.0823, +1.0897, +1.0655, +1.0811, +1.0475, +1.0572, +1.0848, +1.0883, +1.0906, +1.0586, +1.0686, +1.0795, +1.0808, +1.1054, +1.0712, +1.1029, +1.1027, +1.0718, +1.0429, +1.0630, +1.0918, +1.0837, +1.0753, +1.0763, +1.0899, +1.0956, +1.0725, +1.0642, +1.1008, +1.0814, +1.0702]
              t0_alloc_red: [+0.5065, +0.4854, +0.5503, +0.5408, +0.5161, +0.5306, +0.4868, +0.5698, +0.6526, +0.6513, +0.5476, +0.4705, +0.3953, +0.5012, +0.5680, +0.4995, +0.4323, +0.4104, +0.3897, +0.4028, +0.3340, +0.2729, +0.2508, +0.2366, +0.2713, +0.3717, +0.4068, +0.5015, +0.5331, +0.5572, +0.4423, +0.3468, +0.2584, +0.2208, +0.2184, +0.2122, +0.2204, +0.2037, +0.2183, +0.2428, +0.2560, +0.2650, +0.2574, +0.3147, +0.2955, +0.2873, +0.2467, +0.1829, +0.2047, +0.1920, +0.2171, +0.2060, +0.2554, +0.2863, +0.3168, +0.3296, +0.3667, +0.3745, +0.4078, +0.3476, +0.3619, +0.4012, +0.4883, +0.5165, +0.5433, +0.4703, +0.4348, +0.3886, +0.4383, +0.3882, +0.3891, +0.3886, +0.4049, +0.4369, +0.4447, +0.5058, +0.5394, +0.5219, +0.4861, +0.5270, +0.5458, +0.4711, +0.4638, +0.5085, +0.5170, +0.5311, +0.5005, +0.5484, +0.6200, +0.6234, +0.6196, +0.6691, +0.5924, +0.5757, +0.6170, +0.6401, +0.5836, +0.6286, +0.6589, +0.6951, +0.6748, +0.6627, +0.6551, +0.6638, +0.6593, +0.6730, +0.6090, +0.6213, +0.5828, +0.6227, +0.5322, +0.5345, +0.5446, +0.5192, +0.4792, +0.5153, +0.4778, +0.4753, +0.4393, +0.4957, +0.5548, +0.5043, +0.4594, +0.4718, +0.5631, +0.5767, +0.5488, +0.5773, +0.5754, +0.5920, +0.5675, +0.6040, +0.6341, +0.5500, +0.5891, +0.5010, +0.6321, +0.5582, +0.5755, +0.5851, +0.6251, +0.5812, +0.6720, +0.7151, +0.6797, +0.6611, +0.6260, +0.6189, +0.6403, +0.6551, +0.5910, +0.5833, +0.5393, +0.5299, +0.5075, +0.5365, +0.5692, +0.6022, +0.6660, +0.6277, +0.5232, +0.6255, +0.6293, +0.6193, +0.6469, +0.6998, +0.7126, +0.7179, +0.7378, +0.7149, +0.6260, +0.6786, +0.7583, +0.7428, +0.7666, +0.7298, +0.7974, +0.8303, +0.8830, +0.8316, +0.8475, +0.8302, +0.8418, +0.8026, +0.7488, +0.8016, +0.7917, +0.7621, +0.7960, +0.7814, +0.7605, +0.6408, +0.7076, +0.6867, +0.6740, +0.7039, +0.6932, +0.6445, +0.6600, +0.6643, +0.7215, +0.7782, +0.7634, +0.7021, +0.7620, +0.7422, +0.7583, +0.7448, +0.7362, +0.6966, +0.7043, +0.7441, +0.7294, +0.7363, +0.7453, +0.7699, +0.6760, +0.6985, +0.7070, +0.6444, +0.6932, +0.6437, +0.6848, +0.6610, +0.6524, +0.6097, +0.6016, +0.6002, +0.5728, +0.5488, +0.5288, +0.5586, +0.4880, +0.5744, +0.5110, +0.5364, +0.6148, +0.6178, +0.5941, +0.6553, +0.6677, +0.7143, +0.7014, +0.6795, +0.6649, +0.6073, +0.6083, +0.6066, +0.5924, +0.5486, +0.5216, +0.5441, +0.4543, +0.5192, +0.4837, +0.4775, +0.4985, +0.5062, +0.4635, +0.4780, +0.4906, +0.5256, +0.4727, +0.4245, +0.4386, +0.4543, +0.4581, +0.4432, +0.4408, +0.3639, +0.3992, +0.4101, +0.4512, +0.4410, +0.4845, +0.4452, +0.4490, +0.4250, +0.4750, +0.4008, +0.4622, +0.4697, +0.4623, +0.4585, +0.4732, +0.4469, +0.4543, +0.4890, +0.4894, +0.4724, +0.4759, +0.4412, +0.3719, +0.4087, +0.4330, +0.4198, +0.4290, +0.4525, +0.4363, +0.4140, +0.4865, +0.4785, +0.4780, +0.4013, +0.4609, +0.5098, +0.5534, +0.4738, +0.5562, +0.5009, +0.5224, +0.5306, +0.4965, +0.6016, +0.5414, +0.4822, +0.5087, +0.4505, +0.4535, +0.4476, +0.5618, +0.5473, +0.5240, +0.5147, +0.5483, +0.5466, +0.5257, +0.5494, +0.5507, +0.5315, +0.5072, +0.4208, +0.4698, +0.4508, +0.4631, +0.5189, +0.4664, +0.4895, +0.5383, +0.5363, +0.5588, +0.4995, +0.5487, +0.4949, +0.4571, +0.5158, +0.5465, +0.4430, +0.4848, +0.4399, +0.5127, +0.4146, +0.4304, +0.3956, +0.3858, +0.4230, +0.4036, +0.3960, +0.3194, +0.3314, +0.3685, +0.3260, +0.3479, +0.3457, +0.3559, +0.3789, +0.4255, +0.4492, +0.3945, +0.4012, +0.4016, +0.3949, +0.4301, +0.4291, +0.4088, +0.4006, +0.3834, +0.3660, +0.3733, +0.4025, +0.4184, +0.4352, +0.4438, +0.4417, +0.4493, +0.4158, +0.4264, +0.4405, +0.4775, +0.4720, +0.4236, +0.4400, +0.4486, +0.4775, +0.4313, +0.4065, +0.4343, +0.4068, +0.4120, +0.3916, +0.3842, +0.4521, +0.3832, +0.3878, +0.4267, +0.4118, +0.4701, +0.3912, +0.3554, +0.2834, +0.3041, +0.3451, +0.3594, +0.4097, +0.4091, +0.3943, +0.3669, +0.4027, +0.3774, +0.3549, +0.3981, +0.3749, +0.3854, +0.3447, +0.3458, +0.3606, +0.3108, +0.3298, +0.3022, +0.3204, +0.3249, +0.3857, +0.3330, +0.3667, +0.3569, +0.3978, +0.3957, +0.3886, +0.2899, +0.3027, +0.3327, +0.2938, +0.3321, +0.3189, +0.2822, +0.2780, +0.2525, +0.2344, +0.2270, +0.2380, +0.2548, +0.2553, +0.2941, +0.2320, +0.1929, +0.1850, +0.1996, +0.2219, +0.1955, +0.2298, +0.2018, +0.2165, +0.2352, +0.1733, +0.2054, +0.2795, +0.2186, +0.2745, +0.2347, +0.1946, +0.1808, +0.2124, +0.1996, +0.1896, +0.1942, +0.1913, +0.2391, +0.1903, +0.2706, +0.2349, +0.2129, +0.2185, +0.2353, +0.2299, +0.2587, +0.2854, +0.2957, +0.2831, +0.2457, +0.2812, +0.2536, +0.2247, +0.2243, +0.2134, +0.2766, +0.2452, +0.3046, +0.2969, +0.3623, +0.2755, +0.3415, +0.3168, +0.2492, +0.2474, +0.3294, +0.3356, +0.2823, +0.3174, +0.3602, +0.4331, +0.3667, +0.3380, +0.3532, +0.3460, +0.2920, +0.2557, +0.2886, +0.3198, +0.2801, +0.2823, +0.2142, +0.2219, +0.2665, +0.2963, +0.2413, +0.1884, +0.2372, +0.2420, +0.1908, +0.2219, +0.2695, +0.2372, +0.2180, +0.2539, +0.2237, +0.2063, +0.1649, +0.1710, +0.1424, +0.1257, +0.1241, +0.1021, +0.1114, +0.1044, +0.1193, +0.1160, +0.1407, +0.1372, +0.1031, +0.1051, +0.0995, +0.1155, +0.0947, +0.1305, +0.0943, +0.1223, +0.1012, +0.0932, +0.0905, +0.1004, +0.1126, +0.1078, +0.0982, +0.0798, +0.1219, +0.0871, +0.1089, +0.0966, +0.0866, +0.0895, +0.0926, +0.1114, +0.1121, +0.0880, +0.1177, +0.1145, +0.1401, +0.1502, +0.1393, +0.1164, +0.1397, +0.1236, +0.1028, +0.0778, +0.0880, +0.1165, +0.1589, +0.1133, +0.1113, +0.1202, +0.1246, +0.1291, +0.1171, +0.1359, +0.1470, +0.1580, +0.1458, +0.1188, +0.1793, +0.1251, +0.1332, +0.1120, +0.1011, +0.1267, +0.1222, +0.0949, +0.1349, +0.1427, +0.0862, +0.0779, +0.0916, +0.1385, +0.1279, +0.1026, +0.1269, +0.1335, +0.1041, +0.1080, +0.1195, +0.1447, +0.1199, +0.1007, +0.1036, +0.1184, +0.1282, +0.1217, +0.1222, +0.1080, +0.1076, +0.1099, +0.1114, +0.1440, +0.1342, +0.1257, +0.1128, +0.1200, +0.1028, +0.1015, +0.1003, +0.1006, +0.1117, +0.0982, +0.1133, +0.1069, +0.0897, +0.1031, +0.1134, +0.1021, +0.0984, +0.1155, +0.1331, +0.1162, +0.1072, +0.1321, +0.1341, +0.1033, +0.1089, +0.1041, +0.0988, +0.1351, +0.1414, +0.1168, +0.1667, +0.1162, +0.1375, +0.1312, +0.0924, +0.1170, +0.1330, +0.1302, +0.1326, +0.1150, +0.0883, +0.1159, +0.1364, +0.1305, +0.1083, +0.1406, +0.1819, +0.1218, +0.1586, +0.1292, +0.1088, +0.1331, +0.1170, +0.1200, +0.0986, +0.1035, +0.0999, +0.0896, +0.0955, +0.0926, +0.0726, +0.0822, +0.0923, +0.0934, +0.1034, +0.0776, +0.0653, +0.0705, +0.0952, +0.1059, +0.0850, +0.0823, +0.0710, +0.1202, +0.1171, +0.0833, +0.0891, +0.1152, +0.1011, +0.0879, +0.0835, +0.0808, +0.1022, +0.0743, +0.0792, +0.1134, +0.0873, +0.0986, +0.0954, +0.1079, +0.1463, +0.1312, +0.1114, +0.1317, +0.1354, +0.1129, +0.1224, +0.1326, +0.1323, +0.1196, +0.1360, +0.1174, +0.1817, +0.1515, +0.1398, +0.1103, +0.0975, +0.1187, +0.1087, +0.0896, +0.1017, +0.0894, +0.0933, +0.0941, +0.1259, +0.1117, +0.1033, +0.1065, +0.1202, +0.1544, +0.1105, +0.0927, +0.1076, +0.0878, +0.1533, +0.1053, +0.1344, +0.1155, +0.1038, +0.1179, +0.1238, +0.1290, +0.1077, +0.1095, +0.1022, +0.1238, +0.1328, +0.1260, +0.1012, +0.0957, +0.1302, +0.0993, +0.0949, +0.1031, +0.0836, +0.1287, +0.0983, +0.1039, +0.1320, +0.0867, +0.0892, +0.1013, +0.1225, +0.1241, +0.1292, +0.0942, +0.0946, +0.1152, +0.0943, +0.1178, +0.0852, +0.0937, +0.0816, +0.1470, +0.0911, +0.1003, +0.1103, +0.0867, +0.0805, +0.1059, +0.0927, +0.0719, +0.0800, +0.0918, +0.0796, +0.0716, +0.1006, +0.0813, +0.0849, +0.1008, +0.0709, +0.0941, +0.0970, +0.1111, +0.0814, +0.0951, +0.0756, +0.0968, +0.0766, +0.0829, +0.0829, +0.0765, +0.0964, +0.0896, +0.0722, +0.0759, +0.0627, +0.0945, +0.0895, +0.0687, +0.0650, +0.0777, +0.0840, +0.0763, +0.0956, +0.0979, +0.0800, +0.0705, +0.1021, +0.0814, +0.0788, +0.0660, +0.0612, +0.0909, +0.0906, +0.0942, +0.0834, +0.0837, +0.0898, +0.0761, +0.0883, +0.0489, +0.0883, +0.0763, +0.0806, +0.0742, +0.0770, +0.0800, +0.0894, +0.1082, +0.0842, +0.0790, +0.0859, +0.0818, +0.0604, +0.0781, +0.0643, +0.1123, +0.0778, +0.0771, +0.0645, +0.0753, +0.0915, +0.0824, +0.0820, +0.0670, +0.1132, +0.1157, +0.0893, +0.0719, +0.0895, +0.1022, +0.0880, +0.0640, +0.1087, +0.0847, +0.1018, +0.0913, +0.1001, +0.0609, +0.0643, +0.0821, +0.0896, +0.0672, +0.0891, +0.0835, +0.0927, +0.0631, +0.0584, +0.0815, +0.0846, +0.0937, +0.0681, +0.0781, +0.0673, +0.1003, +0.1054, +0.0962, +0.0935, +0.0842, +0.0568, +0.0895, +0.0699]
             t0_alloc_blue: [+0.4935, +0.5146, +0.4497, +0.4592, +0.4839, +0.4694, +0.5132, +0.4302, +0.3474, +0.3487, +0.4524, +0.5295, +0.6047, +0.4988, +0.4320, +0.5005, +0.5677, +0.5896, +0.6103, +0.5972, +0.6660, +0.7271, +0.7492, +0.7634, +0.7287, +0.6283, +0.5932, +0.4985, +0.4669, +0.4428, +0.5577, +0.6532, +0.7416, +0.7792, +0.7816, +0.7878, +0.7796, +0.7963, +0.7817, +0.7572, +0.7440, +0.7350, +0.7426, +0.6853, +0.7045, +0.7127, +0.7533, +0.8171, +0.7953, +0.8080, +0.7829, +0.7940, +0.7446, +0.7137, +0.6832, +0.6704, +0.6333, +0.6255, +0.5922, +0.6524, +0.6381, +0.5988, +0.5117, +0.4835, +0.4567, +0.5297, +0.5652, +0.6114, +0.5617, +0.6118, +0.6109, +0.6114, +0.5951, +0.5631, +0.5553, +0.4942, +0.4606, +0.4781, +0.5139, +0.4730, +0.4542, +0.5289, +0.5362, +0.4915, +0.4830, +0.4689, +0.4995, +0.4516, +0.3800, +0.3766, +0.3804, +0.3309, +0.4076, +0.4243, +0.3830, +0.3599, +0.4164, +0.3714, +0.3411, +0.3049, +0.3252, +0.3373, +0.3449, +0.3362, +0.3407, +0.3270, +0.3910, +0.3787, +0.4172, +0.3773, +0.4678, +0.4655, +0.4554, +0.4808, +0.5208, +0.4847, +0.5222, +0.5247, +0.5607, +0.5043, +0.4452, +0.4957, +0.5406, +0.5282, +0.4369, +0.4233, +0.4512, +0.4227, +0.4246, +0.4080, +0.4325, +0.3960, +0.3659, +0.4500, +0.4109, +0.4990, +0.3679, +0.4418, +0.4245, +0.4149, +0.3749, +0.4188, +0.3280, +0.2849, +0.3203, +0.3389, +0.3740, +0.3811, +0.3597, +0.3449, +0.4090, +0.4167, +0.4607, +0.4701, +0.4925, +0.4635, +0.4308, +0.3978, +0.3340, +0.3723, +0.4768, +0.3745, +0.3707, +0.3807, +0.3531, +0.3002, +0.2874, +0.2821, +0.2622, +0.2851, +0.3740, +0.3214, +0.2417, +0.2572, +0.2334, +0.2702, +0.2026, +0.1697, +0.1170, +0.1684, +0.1525, +0.1698, +0.1582, +0.1974, +0.2512, +0.1984, +0.2083, +0.2379, +0.2040, +0.2186, +0.2395, +0.3592, +0.2924, +0.3133, +0.3260, +0.2961, +0.3068, +0.3555, +0.3400, +0.3357, +0.2785, +0.2218, +0.2366, +0.2979, +0.2380, +0.2578, +0.2417, +0.2552, +0.2638, +0.3034, +0.2957, +0.2559, +0.2706, +0.2637, +0.2547, +0.2301, +0.3240, +0.3015, +0.2930, +0.3556, +0.3068, +0.3563, +0.3152, +0.3390, +0.3476, +0.3903, +0.3984, +0.3998, +0.4272, +0.4512, +0.4712, +0.4414, +0.5120, +0.4256, +0.4890, +0.4636, +0.3852, +0.3822, +0.4059, +0.3447, +0.3323, +0.2857, +0.2986, +0.3205, +0.3351, +0.3927, +0.3917, +0.3934, +0.4076, +0.4514, +0.4784, +0.4559, +0.5457, +0.4808, +0.5163, +0.5225, +0.5015, +0.4938, +0.5365, +0.5220, +0.5094, +0.4744, +0.5273, +0.5755, +0.5614, +0.5457, +0.5419, +0.5568, +0.5592, +0.6361, +0.6008, +0.5899, +0.5488, +0.5590, +0.5155, +0.5548, +0.5510, +0.5750, +0.5250, +0.5992, +0.5378, +0.5303, +0.5377, +0.5415, +0.5268, +0.5531, +0.5457, +0.5110, +0.5106, +0.5276, +0.5241, +0.5588, +0.6281, +0.5913, +0.5670, +0.5802, +0.5710, +0.5475, +0.5637, +0.5860, +0.5135, +0.5215, +0.5220, +0.5987, +0.5391, +0.4902, +0.4466, +0.5262, +0.4438, +0.4991, +0.4776, +0.4694, +0.5035, +0.3984, +0.4586, +0.5178, +0.4913, +0.5495, +0.5465, +0.5524, +0.4382, +0.4527, +0.4760, +0.4853, +0.4517, +0.4534, +0.4743, +0.4506, +0.4493, +0.4685, +0.4928, +0.5792, +0.5302, +0.5492, +0.5369, +0.4811, +0.5336, +0.5105, +0.4617, +0.4637, +0.4412, +0.5005, +0.4513, +0.5051, +0.5429, +0.4842, +0.4535, +0.5570, +0.5152, +0.5601, +0.4873, +0.5854, +0.5696, +0.6044, +0.6142, +0.5770, +0.5964, +0.6040, +0.6806, +0.6686, +0.6315, +0.6740, +0.6521, +0.6543, +0.6441, +0.6211, +0.5745, +0.5508, +0.6055, +0.5988, +0.5984, +0.6051, +0.5699, +0.5709, +0.5912, +0.5994, +0.6166, +0.6340, +0.6267, +0.5975, +0.5816, +0.5648, +0.5562, +0.5583, +0.5507, +0.5842, +0.5736, +0.5595, +0.5225, +0.5280, +0.5764, +0.5600, +0.5514, +0.5225, +0.5687, +0.5935, +0.5657, +0.5932, +0.5880, +0.6084, +0.6158, +0.5479, +0.6168, +0.6122, +0.5733, +0.5882, +0.5299, +0.6088, +0.6446, +0.7166, +0.6959, +0.6549, +0.6406, +0.5903, +0.5909, +0.6057, +0.6331, +0.5973, +0.6226, +0.6451, +0.6019, +0.6251, +0.6146, +0.6553, +0.6542, +0.6394, +0.6892, +0.6702, +0.6978, +0.6796, +0.6751, +0.6143, +0.6670, +0.6333, +0.6431, +0.6022, +0.6043, +0.6114, +0.7101, +0.6973, +0.6673, +0.7062, +0.6679, +0.6811, +0.7178, +0.7220, +0.7475, +0.7656, +0.7730, +0.7620, +0.7452, +0.7447, +0.7059, +0.7680, +0.8071, +0.8150, +0.8004, +0.7781, +0.8045, +0.7702, +0.7982, +0.7835, +0.7648, +0.8267, +0.7946, +0.7205, +0.7814, +0.7255, +0.7653, +0.8054, +0.8192, +0.7876, +0.8004, +0.8104, +0.8058, +0.8087, +0.7609, +0.8097, +0.7294, +0.7651, +0.7871, +0.7815, +0.7647, +0.7701, +0.7413, +0.7146, +0.7043, +0.7169, +0.7543, +0.7188, +0.7464, +0.7753, +0.7757, +0.7866, +0.7234, +0.7548, +0.6954, +0.7031, +0.6377, +0.7245, +0.6585, +0.6832, +0.7508, +0.7526, +0.6706, +0.6644, +0.7177, +0.6826, +0.6398, +0.5669, +0.6333, +0.6620, +0.6468, +0.6540, +0.7080, +0.7443, +0.7114, +0.6802, +0.7199, +0.7177, +0.7858, +0.7781, +0.7335, +0.7037, +0.7587, +0.8116, +0.7628, +0.7580, +0.8092, +0.7781, +0.7305, +0.7628, +0.7820, +0.7461, +0.7763, +0.7938, +0.8351, +0.8290, +0.8576, +0.8743, +0.8759, +0.8979, +0.8886, +0.8956, +0.8807, +0.8840, +0.8593, +0.8628, +0.8969, +0.8949, +0.9005, +0.8845, +0.9053, +0.8695, +0.9057, +0.8777, +0.8988, +0.9068, +0.9095, +0.8996, +0.8874, +0.8922, +0.9018, +0.9202, +0.8781, +0.9129, +0.8911, +0.9034, +0.9134, +0.9105, +0.9074, +0.8886, +0.8879, +0.9120, +0.8823, +0.8855, +0.8599, +0.8498, +0.8607, +0.8836, +0.8603, +0.8764, +0.8972, +0.9222, +0.9120, +0.8835, +0.8411, +0.8867, +0.8887, +0.8798, +0.8754, +0.8709, +0.8829, +0.8641, +0.8530, +0.8420, +0.8542, +0.8812, +0.8207, +0.8749, +0.8668, +0.8880, +0.8989, +0.8733, +0.8778, +0.9051, +0.8651, +0.8573, +0.9138, +0.9221, +0.9084, +0.8615, +0.8721, +0.8974, +0.8731, +0.8665, +0.8959, +0.8920, +0.8805, +0.8553, +0.8801, +0.8993, +0.8964, +0.8816, +0.8718, +0.8783, +0.8778, +0.8920, +0.8924, +0.8901, +0.8886, +0.8560, +0.8658, +0.8743, +0.8872, +0.8800, +0.8972, +0.8985, +0.8997, +0.8994, +0.8883, +0.9018, +0.8867, +0.8931, +0.9103, +0.8969, +0.8866, +0.8979, +0.9016, +0.8845, +0.8669, +0.8838, +0.8928, +0.8679, +0.8659, +0.8967, +0.8911, +0.8959, +0.9012, +0.8649, +0.8586, +0.8832, +0.8333, +0.8838, +0.8625, +0.8688, +0.9076, +0.8830, +0.8670, +0.8698, +0.8674, +0.8850, +0.9117, +0.8841, +0.8636, +0.8695, +0.8917, +0.8594, +0.8181, +0.8782, +0.8414, +0.8708, +0.8912, +0.8669, +0.8830, +0.8800, +0.9014, +0.8965, +0.9001, +0.9104, +0.9045, +0.9074, +0.9274, +0.9178, +0.9077, +0.9066, +0.8966, +0.9224, +0.9347, +0.9295, +0.9048, +0.8941, +0.9150, +0.9177, +0.9290, +0.8798, +0.8829, +0.9167, +0.9109, +0.8848, +0.8989, +0.9121, +0.9165, +0.9192, +0.8978, +0.9257, +0.9208, +0.8866, +0.9127, +0.9014, +0.9046, +0.8921, +0.8537, +0.8688, +0.8886, +0.8683, +0.8646, +0.8871, +0.8776, +0.8674, +0.8677, +0.8804, +0.8640, +0.8826, +0.8183, +0.8485, +0.8602, +0.8897, +0.9025, +0.8813, +0.8913, +0.9104, +0.8983, +0.9106, +0.9067, +0.9059, +0.8741, +0.8883, +0.8967, +0.8935, +0.8798, +0.8456, +0.8895, +0.9073, +0.8924, +0.9122, +0.8467, +0.8947, +0.8656, +0.8845, +0.8962, +0.8821, +0.8762, +0.8710, +0.8923, +0.8905, +0.8978, +0.8762, +0.8672, +0.8740, +0.8988, +0.9043, +0.8698, +0.9007, +0.9051, +0.8969, +0.9164, +0.8713, +0.9017, +0.8961, +0.8680, +0.9133, +0.9108, +0.8987, +0.8775, +0.8759, +0.8708, +0.9058, +0.9054, +0.8848, +0.9057, +0.8822, +0.9148, +0.9063, +0.9184, +0.8530, +0.9089, +0.8997, +0.8897, +0.9133, +0.9195, +0.8941, +0.9073, +0.9281, +0.9200, +0.9082, +0.9204, +0.9284, +0.8994, +0.9187, +0.9151, +0.8992, +0.9291, +0.9059, +0.9030, +0.8889, +0.9186, +0.9049, +0.9244, +0.9032, +0.9234, +0.9171, +0.9171, +0.9235, +0.9036, +0.9104, +0.9278, +0.9241, +0.9373, +0.9055, +0.9105, +0.9313, +0.9350, +0.9223, +0.9160, +0.9237, +0.9044, +0.9021, +0.9200, +0.9295, +0.8979, +0.9186, +0.9212, +0.9340, +0.9388, +0.9091, +0.9094, +0.9058, +0.9166, +0.9163, +0.9102, +0.9239, +0.9117, +0.9511, +0.9117, +0.9237, +0.9194, +0.9258, +0.9230, +0.9200, +0.9106, +0.8918, +0.9158, +0.9210, +0.9141, +0.9182, +0.9396, +0.9219, +0.9357, +0.8877, +0.9222, +0.9229, +0.9355, +0.9247, +0.9085, +0.9176, +0.9180, +0.9330, +0.8868, +0.8843, +0.9107, +0.9281, +0.9105, +0.8978, +0.9120, +0.9360, +0.8913, +0.9153, +0.8982, +0.9087, +0.8999, +0.9391, +0.9357, +0.9179, +0.9104, +0.9328, +0.9109, +0.9165, +0.9073, +0.9369, +0.9416, +0.9185, +0.9154, +0.9063, +0.9319, +0.9219, +0.9327, +0.8997, +0.8946, +0.9038, +0.9065, +0.9158, +0.9432, +0.9105, +0.9301]
[main] saved params (seed 0) -> /juice6/u/jshe/emergent_partner_grid/train/train_logs/v1_balanced_training/counterbalanced1096_20261007_001529_seeds6to10/rnn_diverse_noinfluence_seed8.safetensors
[main] saved resolved config -> /juice6/u/jshe/emergent_partner_grid/train/train_logs/v1_balanced_training/counterbalanced1096_20261007_001529_seeds6to10/rnn_diverse_noinfluence_seed8_config.json
[sampling audit] /juice6/u/jshe/emergent_partner_grid/train/train_logs/v1_balanced_training/counterbalanced1096_20261007_001529_seeds6to10/rnn_diverse_noinfluence_seed8_sampling_audit.json
[eval] train: layouts_dir=/juice6/u/jshe/emergent_partner_grid/train/run_snapshots/counterbalanced1096_20261002_235609/corpus/layouts/train, 20 episodes/cap × 24 capability pairs...
[eval] train: round_success_overall=0.725  (n_rounds=9600)
    cap=(1,4)  succ=0.793  n_rounds=400
    cap=(1,7)  succ=0.760  n_rounds=400
    cap=(1,8)  succ=0.728  n_rounds=400
    cap=(1,9)  succ=0.712  n_rounds=400
    cap=(2,4)  succ=0.755  n_rounds=400
    cap=(2,7)  succ=0.750  n_rounds=400
    cap=(2,8)  succ=0.695  n_rounds=400
    cap=(2,9)  succ=0.688  n_rounds=400
    cap=(3,4)  succ=0.765  n_rounds=400
    cap=(3,7)  succ=0.717  n_rounds=400
    cap=(3,8)  succ=0.707  n_rounds=400
    cap=(3,9)  succ=0.695  n_rounds=400
    cap=(4,1)  succ=0.760  n_rounds=400
    cap=(4,2)  succ=0.790  n_rounds=400
    cap=(4,3)  succ=0.750  n_rounds=400
    cap=(7,1)  succ=0.767  n_rounds=400
    cap=(7,2)  succ=0.728  n_rounds=400
    cap=(7,3)  succ=0.728  n_rounds=400
    cap=(8,1)  succ=0.705  n_rounds=400
    cap=(8,2)  succ=0.673  n_rounds=400
    cap=(8,3)  succ=0.695  n_rounds=400
    cap=(9,1)  succ=0.680  n_rounds=400
    cap=(9,2)  succ=0.647  n_rounds=400
    cap=(9,3)  succ=0.723  n_rounds=400
[eval] test: layouts_dir=/juice6/u/jshe/emergent_partner_grid/train/run_snapshots/counterbalanced1096_20261002_235609/corpus/layouts/train, 20 episodes/cap × 22 capability pairs...
[eval] test: round_success_overall=0.741  (n_rounds=8800)
    cap=(0,5)  succ=0.735  n_rounds=400
    cap=(0,6)  succ=0.745  n_rounds=400
    cap=(1,5)  succ=0.723  n_rounds=400
    cap=(1,6)  succ=0.735  n_rounds=400
    cap=(2,5)  succ=0.712  n_rounds=400
    cap=(2,6)  succ=0.735  n_rounds=400
    cap=(3,5)  succ=0.750  n_rounds=400
    cap=(3,6)  succ=0.740  n_rounds=400
    cap=(7,0)  succ=0.752  n_rounds=400
    cap=(8,0)  succ=0.755  n_rounds=400
    cap=(9,0)  succ=0.697  n_rounds=400
    cap=(5,0)  succ=0.750  n_rounds=400
    cap=(5,1)  succ=0.767  n_rounds=400
    cap=(5,2)  succ=0.800  n_rounds=400
    cap=(5,3)  succ=0.735  n_rounds=400
    cap=(6,0)  succ=0.743  n_rounds=400
    cap=(6,1)  succ=0.750  n_rounds=400
    cap=(6,2)  succ=0.733  n_rounds=400
    cap=(6,3)  succ=0.790  n_rounds=400
    cap=(0,7)  succ=0.735  n_rounds=400
    cap=(0,8)  succ=0.728  n_rounds=400
    cap=(0,9)  succ=0.685  n_rounds=400
[eval] wrote per-capability / per-round numbers -> /juice6/u/jshe/emergent_partner_grid/train/train_logs/v1_balanced_training/counterbalanced1096_20261007_001529_seeds6to10/rnn_diverse_noinfluence_seed8_eval.json
