[main] compiling and running 1 seed(s)...
[counterbalanced schedule] {'sampling_protocol': 'paired_counterbalanced_v1', 'seed': 2026, 'n_layouts': 1096, 'n_profiles': 24, 'rounds_per_episode': 20, 'passes_per_cycle': 5, 'episodes_per_profile_per_cycle': 274, 'rounds_per_cycle': 131520, 'visits_per_profile_layout_per_cycle': 5, 'packets': 125218, 'preallocated_episodes': 3005232, 'preallocated_rounds': 60104640, 'maximum_allocated_episode_imbalance_at_any_prefix': 1}
[u    1] env=    65536 rsucc=0.204 n_rounds=  558 ret=+0.000 len= 0.0 ent(t0,t>=1)=(0.000,2.302) aL=-0.0015 vL=0.0721 initial=[red=0.48 blue=0.52] switch=0.501
[u    2] env=   131072 rsucc=0.185 n_rounds=  778 ret=+0.000 len= 0.0 ent(t0,t>=1)=(0.000,2.287) aL=-0.0035 vL=0.0253 initial=[red=0.50 blue=0.50] switch=0.492
[u    3] env=   196608 rsucc=0.217 n_rounds=  626 ret=+0.000 len= 0.0 ent(t0,t>=1)=(0.000,2.251) aL=-0.0015 vL=0.0104 initial=[red=0.50 blue=0.50] switch=0.458
[u    4] env=   262144 rsucc=0.182 n_rounds=  751 ret=+0.000 len= 0.0 ent(t0,t>=1)=(0.000,2.234) aL=-0.0003 vL=0.0093 initial=[red=0.49 blue=0.51] switch=0.415
[u    5] env=   327680 rsucc=0.209 n_rounds=  665 ret=+0.000 len= 0.0 ent(t0,t>=1)=(0.000,2.227) aL=-0.0011 vL=0.0093 initial=[red=0.51 blue=0.49] switch=0.422
[u    6] env=   393216 rsucc=0.177 n_rounds=  735 ret=-4.403 len=1484.0 ent(t0,t>=1)=(0.000,2.224) aL=-0.0008 vL=0.0101 initial=[red=0.52 blue=0.48] switch=0.386
[u    7] env=   458752 rsucc=0.176 n_rounds=  682 ret=-9.502 len=1685.1 ent(t0,t>=1)=(0.000,2.212) aL=-0.0019 vL=0.0150 initial=[red=0.51 blue=0.49] switch=0.406
[u    8] env=   524288 rsucc=0.156 n_rounds=  710 ret=-16.873 len=1929.3 ent(t0,t>=1)=(0.000,2.173) aL=-0.0011 vL=0.0178 initial=[red=0.49 blue=0.51] switch=0.376
[u    9] env=   589824 rsucc=0.251 n_rounds=  754 ret=+0.000 len= 0.0 ent(t0,t>=1)=(0.000,2.131) aL=-0.0031 vL=0.0126 initial=[red=0.49 blue=0.51] switch=0.359
[u   10] env=   655360 rsucc=0.255 n_rounds=  721 ret=+0.000 len= 0.0 ent(t0,t>=1)=(0.000,2.081) aL=-0.0018 vL=0.0120 initial=[red=0.52 blue=0.48] switch=0.312
[u   11] env=   720896 rsucc=0.265 n_rounds=  751 ret=+0.000 len= 0.0 ent(t0,t>=1)=(0.000,2.022) aL=-0.0036 vL=0.0131 initial=[red=0.50 blue=0.50] switch=0.282
[u   12] env=   786432 rsucc=0.298 n_rounds=  742 ret=-4.970 len=1406.0 ent(t0,t>=1)=(0.000,1.990) aL=-0.0024 vL=0.0131 initial=[red=0.52 blue=0.48] switch=0.247
[u   13] env=   851968 rsucc=0.267 n_rounds=  745 ret=-5.223 len=1498.7 ent(t0,t>=1)=(0.000,1.972) aL=-0.0012 vL=0.0138 initial=[red=0.51 blue=0.49] switch=0.245
[u   14] env=   917504 rsucc=0.269 n_rounds=  737 ret=-8.619 len=1646.6 ent(t0,t>=1)=(0.000,1.946) aL=-0.0026 vL=0.0169 initial=[red=0.49 blue=0.51] switch=0.227
[u   15] env=   983040 rsucc=0.217 n_rounds=  723 ret=-13.991 len=1836.8 ent(t0,t>=1)=(0.000,1.915) aL=-0.0005 vL=0.0147 initial=[red=0.48 blue=0.52] switch=0.210
[u   16] env=  1048576 rsucc=0.290 n_rounds=  746 ret=-18.262 len=1967.2 ent(t0,t>=1)=(0.000,1.887) aL=-0.0018 vL=0.0154 initial=[red=0.54 blue=0.46] switch=0.200
[u   17] env=  1114112 rsucc=0.327 n_rounds=  765 ret=+0.000 len= 0.0 ent(t0,t>=1)=(0.000,1.865) aL=-0.0012 vL=0.0158 initial=[red=0.48 blue=0.52] switch=0.177
[u   18] env=  1179648 rsucc=0.296 n_rounds=  760 ret=-5.070 len=1517.0 ent(t0,t>=1)=(0.000,1.859) aL=-0.0006 vL=0.0140 initial=[red=0.50 blue=0.50] switch=0.167
[u   19] env=  1245184 rsucc=0.296 n_rounds=  741 ret=-5.670 len=1509.7 ent(t0,t>=1)=(0.000,1.859) aL=-0.0001 vL=0.0136 initial=[red=0.49 blue=0.51] switch=0.168
[u   20] env=  1310720 rsucc=0.260 n_rounds=  754 ret=-7.509 len=1584.9 ent(t0,t>=1)=(0.000,1.825) aL=-0.0015 vL=0.0126 initial=[red=0.53 blue=0.47] switch=0.158
[u   21] env=  1376256 rsucc=0.316 n_rounds=  738 ret=-10.550 len=1718.6 ent(t0,t>=1)=(0.000,1.840) aL=-0.0016 vL=0.0182 initial=[red=0.47 blue=0.53] switch=0.168
[u   22] env=  1441792 rsucc=0.311 n_rounds=  761 ret=-12.209 len=1772.5 ent(t0,t>=1)=(0.000,1.812) aL=-0.0034 vL=0.0204 initial=[red=0.50 blue=0.50] switch=0.156
[u   23] env=  1507328 rsucc=0.519 n_rounds=  867 ret=-15.782 len=1904.7 ent(t0,t>=1)=(0.000,1.769) aL=-0.0060 vL=0.0255 initial=[red=0.50 blue=0.50] switch=0.147
[u   24] env=  1572864 rsucc=0.564 n_rounds=  883 ret=-14.603 len=1849.9 ent(t0,t>=1)=(0.000,1.707) aL=-0.0065 vL=0.0251 initial=[red=0.51 blue=0.49] switch=0.139
[u   25] env=  1638400 rsucc=0.598 n_rounds=  922 ret=-0.031 len=1303.4 ent(t0,t>=1)=(0.000,1.703) aL=-0.0064 vL=0.0274 initial=[red=0.52 blue=0.48] switch=0.130
[u   26] env=  1703936 rsucc=0.630 n_rounds=  905 ret=-1.001 len=1369.5 ent(t0,t>=1)=(0.000,1.676) aL=-0.0083 vL=0.0281 initial=[red=0.51 blue=0.49] switch=0.132
[u   27] env=  1769472 rsucc=0.637 n_rounds=  934 ret=-1.129 len=1377.6 ent(t0,t>=1)=(0.000,1.631) aL=-0.0079 vL=0.0293 initial=[red=0.53 blue=0.47] switch=0.113
[u   28] env=  1835008 rsucc=0.704 n_rounds= 1013 ret=-4.052 len=1531.7 ent(t0,t>=1)=(0.000,1.590) aL=-0.0092 vL=0.0305 initial=[red=0.49 blue=0.51] switch=0.110
[u   29] env=  1900544 rsucc=0.781 n_rounds= 1097 ret=-5.378 len=1584.2 ent(t0,t>=1)=(0.000,1.557) aL=-0.0081 vL=0.0323 initial=[red=0.51 blue=0.49] switch=0.102
[u   30] env=  1966080 rsucc=0.816 n_rounds= 1170 ret=+2.270 len=1214.9 ent(t0,t>=1)=(0.000,1.522) aL=-0.0091 vL=0.0344 initial=[red=0.50 blue=0.50] switch=0.099
[u   31] env=  2031616 rsucc=0.804 n_rounds= 1136 ret=+5.512 len=1070.7 ent(t0,t>=1)=(0.000,1.508) aL=-0.0077 vL=0.0317 initial=[red=0.46 blue=0.54] switch=0.090
[u   32] env=  2097152 rsucc=0.807 n_rounds= 1127 ret=+5.228 len=1131.6 ent(t0,t>=1)=(0.000,1.479) aL=-0.0077 vL=0.0283 initial=[red=0.48 blue=0.52] switch=0.082
[u   33] env=  2162688 rsucc=0.807 n_rounds= 1173 ret=+4.018 len=1210.0 ent(t0,t>=1)=(0.000,1.438) aL=-0.0069 vL=0.0292 initial=[red=0.52 blue=0.48] switch=0.073
[u   34] env=  2228224 rsucc=0.886 n_rounds= 1382 ret=+5.421 len=1110.5 ent(t0,t>=1)=(0.000,1.400) aL=-0.0077 vL=0.0348 initial=[red=0.50 blue=0.50] switch=0.062
[u   35] env=  2293760 rsucc=0.930 n_rounds= 1406 ret=+6.093 len=1044.3 ent(t0,t>=1)=(0.000,1.378) aL=-0.0080 vL=0.0336 initial=[red=0.50 blue=0.50] switch=0.055
[u   36] env=  2359296 rsucc=0.936 n_rounds= 1406 ret=+7.888 len=981.6 ent(t0,t>=1)=(0.000,1.345) aL=-0.0077 vL=0.0316 initial=[red=0.48 blue=0.52] switch=0.047
[u   37] env=  2424832 rsucc=0.908 n_rounds= 1350 ret=+8.882 len=928.3 ent(t0,t>=1)=(0.000,1.331) aL=-0.0076 vL=0.0295 initial=[red=0.50 blue=0.50] switch=0.039
[u   38] env=  2490368 rsucc=0.897 n_rounds= 1368 ret=+8.221 len=991.0 ent(t0,t>=1)=(0.000,1.336) aL=-0.0063 vL=0.0281 initial=[red=0.49 blue=0.51] switch=0.037
[u   39] env=  2555904 rsucc=0.900 n_rounds= 1364 ret=+8.435 len=979.0 ent(t0,t>=1)=(0.000,1.316) aL=-0.0059 vL=0.0282 initial=[red=0.51 blue=0.49] switch=0.033
[u   40] env=  2621440 rsucc=0.902 n_rounds= 1350 ret=+8.115 len=1016.1 ent(t0,t>=1)=(0.000,1.255) aL=-0.0052 vL=0.0282 initial=[red=0.49 blue=0.51] switch=0.025
[u   41] env=  2686976 rsucc=0.882 n_rounds= 1378 ret=+8.113 len=1003.4 ent(t0,t>=1)=(0.000,1.254) aL=-0.0045 vL=0.0308 initial=[red=0.51 blue=0.49] switch=0.021
[u   42] env=  2752512 rsucc=0.889 n_rounds= 1382 ret=+8.951 len=918.8 ent(t0,t>=1)=(0.000,1.241) aL=-0.0062 vL=0.0289 initial=[red=0.53 blue=0.47] switch=0.019
[u   43] env=  2818048 rsucc=0.892 n_rounds= 1356 ret=+8.666 len=942.2 ent(t0,t>=1)=(0.000,1.232) aL=-0.0036 vL=0.0283 initial=[red=0.51 blue=0.49] switch=0.019
[u   44] env=  2883584 rsucc=0.886 n_rounds= 1401 ret=+8.624 len=935.1 ent(t0,t>=1)=(0.000,1.219) aL=-0.0037 vL=0.0334 initial=[red=0.52 blue=0.48] switch=0.022
[u   45] env=  2949120 rsucc=0.871 n_rounds= 1447 ret=+7.612 len=1034.2 ent(t0,t>=1)=(0.000,1.209) aL=-0.0065 vL=0.0320 initial=[red=0.48 blue=0.52] switch=0.022
[u   46] env=  3014656 rsucc=0.899 n_rounds= 1396 ret=+7.788 len=953.5 ent(t0,t>=1)=(0.000,1.207) aL=-0.0048 vL=0.0291 initial=[red=0.48 blue=0.52] switch=0.018
[u   47] env=  3080192 rsucc=0.921 n_rounds= 1504 ret=+9.235 len=870.6 ent(t0,t>=1)=(0.000,1.214) aL=-0.0058 vL=0.0332 initial=[red=0.50 blue=0.50] switch=0.023
[u   48] env=  3145728 rsucc=0.920 n_rounds= 1466 ret=+8.485 len=969.5 ent(t0,t>=1)=(0.000,1.227) aL=-0.0064 vL=0.0306 initial=[red=0.51 blue=0.49] switch=0.020
[u   49] env=  3211264 rsucc=0.907 n_rounds= 1409 ret=+9.702 len=868.5 ent(t0,t>=1)=(0.000,1.235) aL=-0.0069 vL=0.0277 initial=[red=0.50 blue=0.50] switch=0.026
[u   50] env=  3276800 rsucc=0.869 n_rounds= 1328 ret=+9.022 len=925.7 ent(t0,t>=1)=(0.000,1.229) aL=-0.0065 vL=0.0261 initial=[red=0.50 blue=0.50] switch=0.023
[u   51] env=  3342336 rsucc=0.896 n_rounds= 1562 ret=+9.303 len=889.2 ent(t0,t>=1)=(0.000,1.216) aL=-0.0062 vL=0.0346 initial=[red=0.49 blue=0.51] switch=0.029
[u   52] env=  3407872 rsucc=0.893 n_rounds= 1478 ret=+8.838 len=918.9 ent(t0,t>=1)=(0.000,1.229) aL=-0.0064 vL=0.0316 initial=[red=0.49 blue=0.51] switch=0.028
[u   53] env=  3473408 rsucc=0.903 n_rounds= 1462 ret=+9.944 len=844.9 ent(t0,t>=1)=(0.000,1.181) aL=-0.0052 vL=0.0309 initial=[red=0.49 blue=0.51] switch=0.024
[u   54] env=  3538944 rsucc=0.887 n_rounds= 1431 ret=+9.629 len=883.4 ent(t0,t>=1)=(0.000,1.201) aL=-0.0061 vL=0.0338 initial=[red=0.50 blue=0.50] switch=0.028
[u   55] env=  3604480 rsucc=0.913 n_rounds= 1444 ret=+9.602 len=872.8 ent(t0,t>=1)=(0.000,1.207) aL=-0.0069 vL=0.0304 initial=[red=0.48 blue=0.52] switch=0.022
[u   56] env=  3670016 rsucc=0.913 n_rounds= 1547 ret=+9.008 len=910.3 ent(t0,t>=1)=(0.000,1.198) aL=-0.0067 vL=0.0375 initial=[red=0.49 blue=0.51] switch=0.023
[u   57] env=  3735552 rsucc=0.927 n_rounds= 1557 ret=+9.970 len=863.3 ent(t0,t>=1)=(0.000,1.207) aL=-0.0091 vL=0.0339 initial=[red=0.51 blue=0.49] switch=0.029
[u   58] env=  3801088 rsucc=0.925 n_rounds= 1517 ret=+8.649 len=943.2 ent(t0,t>=1)=(0.000,1.221) aL=-0.0075 vL=0.0287 initial=[red=0.51 blue=0.49] switch=0.026
[u   59] env=  3866624 rsucc=0.920 n_rounds= 1492 ret=+9.861 len=852.1 ent(t0,t>=1)=(0.000,1.228) aL=-0.0076 vL=0.0301 initial=[red=0.52 blue=0.48] switch=0.028
[u   60] env=  3932160 rsucc=0.911 n_rounds= 1453 ret=+10.188 len=858.6 ent(t0,t>=1)=(0.000,1.186) aL=-0.0078 vL=0.0314 initial=[red=0.51 blue=0.49] switch=0.025
[u   61] env=  3997696 rsucc=0.941 n_rounds= 1548 ret=+10.172 len=832.7 ent(t0,t>=1)=(0.000,1.195) aL=-0.0055 vL=0.0331 initial=[red=0.50 blue=0.50] switch=0.034
[u   62] env=  4063232 rsucc=0.895 n_rounds= 1424 ret=+9.436 len=913.9 ent(t0,t>=1)=(0.000,1.213) aL=-0.0086 vL=0.0296 initial=[red=0.48 blue=0.52] switch=0.040
[u   63] env=  4128768 rsucc=0.908 n_rounds= 1451 ret=+10.063 len=875.5 ent(t0,t>=1)=(0.000,1.215) aL=-0.0094 vL=0.0287 initial=[red=0.49 blue=0.51] switch=0.041
[u   64] env=  4194304 rsucc=0.938 n_rounds= 1468 ret=+9.778 len=872.1 ent(t0,t>=1)=(0.000,1.181) aL=-0.0091 vL=0.0300 initial=[red=0.49 blue=0.51] switch=0.031
[u   65] env=  4259840 rsucc=0.902 n_rounds= 1435 ret=+8.976 len=958.2 ent(t0,t>=1)=(0.000,1.176) aL=-0.0083 vL=0.0310 initial=[red=0.50 blue=0.50] switch=0.028
[u   66] env=  4325376 rsucc=0.899 n_rounds= 1395 ret=+9.280 len=921.1 ent(t0,t>=1)=(0.000,1.116) aL=-0.0065 vL=0.0279 initial=[red=0.50 blue=0.50] switch=0.024
[u   67] env=  4390912 rsucc=0.890 n_rounds= 1410 ret=+9.297 len=898.6 ent(t0,t>=1)=(0.000,1.157) aL=-0.0083 vL=0.0312 initial=[red=0.49 blue=0.51] switch=0.034
[u   68] env=  4456448 rsucc=0.904 n_rounds= 1432 ret=+8.729 len=941.3 ent(t0,t>=1)=(0.000,1.168) aL=-0.0086 vL=0.0302 initial=[red=0.51 blue=0.49] switch=0.037
[u   69] env=  4521984 rsucc=0.913 n_rounds= 1480 ret=+8.551 len=924.3 ent(t0,t>=1)=(0.000,1.175) aL=-0.0089 vL=0.0318 initial=[red=0.48 blue=0.52] switch=0.046
[u   70] env=  4587520 rsucc=0.930 n_rounds= 1477 ret=+9.748 len=882.0 ent(t0,t>=1)=(0.000,1.186) aL=-0.0093 vL=0.0287 initial=[red=0.48 blue=0.52] switch=0.042
[u   71] env=  4653056 rsucc=0.933 n_rounds= 1500 ret=+9.636 len=882.8 ent(t0,t>=1)=(0.000,1.180) aL=-0.0080 vL=0.0318 initial=[red=0.52 blue=0.48] switch=0.041
[u   72] env=  4718592 rsucc=0.879 n_rounds= 1310 ret=+10.138 len=853.9 ent(t0,t>=1)=(0.000,1.218) aL=-0.0081 vL=0.0288 initial=[red=0.52 blue=0.48] switch=0.053
[u   73] env=  4784128 rsucc=0.882 n_rounds= 1366 ret=+8.913 len=968.5 ent(t0,t>=1)=(0.000,1.206) aL=-0.0093 vL=0.0320 initial=[red=0.48 blue=0.52] switch=0.060
[u   74] env=  4849664 rsucc=0.899 n_rounds= 1488 ret=+8.498 len=996.3 ent(t0,t>=1)=(0.000,1.234) aL=-0.0104 vL=0.0355 initial=[red=0.51 blue=0.49] switch=0.062
[u   75] env=  4915200 rsucc=0.929 n_rounds= 1515 ret=+9.243 len=890.6 ent(t0,t>=1)=(0.000,1.155) aL=-0.0105 vL=0.0300 initial=[red=0.52 blue=0.48] switch=0.038
[u   76] env=  4980736 rsucc=0.909 n_rounds= 1499 ret=+9.189 len=865.0 ent(t0,t>=1)=(0.000,1.158) aL=-0.0104 vL=0.0329 initial=[red=0.52 blue=0.48] switch=0.039
[u   77] env=  5046272 rsucc=0.928 n_rounds= 1588 ret=+9.750 len=838.4 ent(t0,t>=1)=(0.000,1.133) aL=-0.0101 vL=0.0372 initial=[red=0.50 blue=0.50] switch=0.035
[u   78] env=  5111808 rsucc=0.927 n_rounds= 1516 ret=+9.581 len=897.6 ent(t0,t>=1)=(0.000,1.130) aL=-0.0104 vL=0.0323 initial=[red=0.50 blue=0.50] switch=0.037
[u   79] env=  5177344 rsucc=0.920 n_rounds= 1447 ret=+9.482 len=915.2 ent(t0,t>=1)=(0.000,1.132) aL=-0.0089 vL=0.0301 initial=[red=0.48 blue=0.52] switch=0.040
[u   80] env=  5242880 rsucc=0.950 n_rounds= 1655 ret=+10.902 len=824.2 ent(t0,t>=1)=(0.000,1.132) aL=-0.0111 vL=0.0382 initial=[red=0.49 blue=0.51] switch=0.029
[u   81] env=  5308416 rsucc=0.936 n_rounds= 1511 ret=+10.955 len=817.3 ent(t0,t>=1)=(0.000,1.138) aL=-0.0106 vL=0.0304 initial=[red=0.51 blue=0.49] switch=0.025
[u   82] env=  5373952 rsucc=0.934 n_rounds= 1458 ret=+10.671 len=849.3 ent(t0,t>=1)=(0.000,1.102) aL=-0.0090 vL=0.0283 initial=[red=0.50 blue=0.50] switch=0.025
[u   83] env=  5439488 rsucc=0.912 n_rounds= 1458 ret=+9.305 len=916.8 ent(t0,t>=1)=(0.000,1.087) aL=-0.0104 vL=0.0301 initial=[red=0.52 blue=0.48] switch=0.024
[u   84] env=  5505024 rsucc=0.931 n_rounds= 1489 ret=+9.680 len=893.6 ent(t0,t>=1)=(0.000,1.089) aL=-0.0101 vL=0.0315 initial=[red=0.50 blue=0.50] switch=0.028
[u   85] env=  5570560 rsucc=0.855 n_rounds= 1293 ret=+10.204 len=867.9 ent(t0,t>=1)=(0.000,1.117) aL=-0.0083 vL=0.0254 initial=[red=0.49 blue=0.51] switch=0.033
[u   86] env=  5636096 rsucc=0.888 n_rounds= 1460 ret=+8.821 len=933.0 ent(t0,t>=1)=(0.000,1.087) aL=-0.0084 vL=0.0303 initial=[red=0.50 blue=0.50] switch=0.036
[u   87] env=  5701632 rsucc=0.952 n_rounds= 1510 ret=+9.084 len=917.2 ent(t0,t>=1)=(0.000,1.086) aL=-0.0109 vL=0.0312 initial=[red=0.49 blue=0.51] switch=0.032
[u   88] env=  5767168 rsucc=0.925 n_rounds= 1528 ret=+9.696 len=880.3 ent(t0,t>=1)=(0.000,1.082) aL=-0.0076 vL=0.0363 initial=[red=0.49 blue=0.51] switch=0.033
[u   89] env=  5832704 rsucc=0.950 n_rounds= 1591 ret=+10.460 len=822.5 ent(t0,t>=1)=(0.000,1.091) aL=-0.0090 vL=0.0314 initial=[red=0.51 blue=0.49] switch=0.035
[u   90] env=  5898240 rsucc=0.957 n_rounds= 1560 ret=+10.048 len=865.9 ent(t0,t>=1)=(0.000,1.137) aL=-0.0113 vL=0.0315 initial=[red=0.52 blue=0.48] switch=0.042
[u   91] env=  5963776 rsucc=0.915 n_rounds= 1446 ret=+10.090 len=904.4 ent(t0,t>=1)=(0.000,1.137) aL=-0.0101 vL=0.0288 initial=[red=0.50 blue=0.50] switch=0.047
[u   92] env=  6029312 rsucc=0.896 n_rounds= 1382 ret=+9.839 len=895.6 ent(t0,t>=1)=(0.000,1.164) aL=-0.0109 vL=0.0271 initial=[red=0.50 blue=0.50] switch=0.044
[u   93] env=  6094848 rsucc=0.918 n_rounds= 1471 ret=+9.637 len=872.8 ent(t0,t>=1)=(0.000,1.138) aL=-0.0109 vL=0.0313 initial=[red=0.50 blue=0.50] switch=0.044
[u   94] env=  6160384 rsucc=0.944 n_rounds= 1495 ret=+10.148 len=860.9 ent(t0,t>=1)=(0.000,1.126) aL=-0.0103 vL=0.0284 initial=[red=0.49 blue=0.51] switch=0.040
[u   95] env=  6225920 rsucc=0.892 n_rounds= 1433 ret=+9.256 len=932.1 ent(t0,t>=1)=(0.000,1.180) aL=-0.0100 vL=0.0310 initial=[red=0.49 blue=0.51] switch=0.049
[u   96] env=  6291456 rsucc=0.914 n_rounds= 1493 ret=+9.174 len=919.9 ent(t0,t>=1)=(0.000,1.142) aL=-0.0093 vL=0.0317 initial=[red=0.52 blue=0.48] switch=0.038
[u   97] env=  6356992 rsucc=0.913 n_rounds= 1547 ret=+10.093 len=834.3 ent(t0,t>=1)=(0.000,1.091) aL=-0.0113 vL=0.0311 initial=[red=0.52 blue=0.48] switch=0.030
[u   98] env=  6422528 rsucc=0.929 n_rounds= 1503 ret=+9.505 len=887.4 ent(t0,t>=1)=(0.000,1.109) aL=-0.0083 vL=0.0330 initial=[red=0.50 blue=0.50] switch=0.041
[u   99] env=  6488064 rsucc=0.921 n_rounds= 1532 ret=+9.310 len=912.5 ent(t0,t>=1)=(0.000,1.105) aL=-0.0110 vL=0.0309 initial=[red=0.50 blue=0.50] switch=0.039
[u  100] env=  6553600 rsucc=0.926 n_rounds= 1512 ret=+10.179 len=848.6 ent(t0,t>=1)=(0.000,1.059) aL=-0.0101 vL=0.0322 initial=[red=0.51 blue=0.49] switch=0.043
[u  101] env=  6619136 rsucc=0.932 n_rounds= 1476 ret=+10.670 len=823.7 ent(t0,t>=1)=(0.000,1.095) aL=-0.0088 vL=0.0325 initial=[red=0.51 blue=0.49] switch=0.045
[u  102] env=  6684672 rsucc=0.917 n_rounds= 1454 ret=+9.539 len=910.5 ent(t0,t>=1)=(0.000,1.156) aL=-0.0112 vL=0.0319 initial=[red=0.51 blue=0.49] switch=0.059
[u  103] env=  6750208 rsucc=0.933 n_rounds= 1557 ret=+10.699 len=800.0 ent(t0,t>=1)=(0.000,1.136) aL=-0.0092 vL=0.0346 initial=[red=0.49 blue=0.51] switch=0.056
[u  104] env=  6815744 rsucc=0.903 n_rounds= 1449 ret=+10.153 len=882.7 ent(t0,t>=1)=(0.000,1.210) aL=-0.0120 vL=0.0319 initial=[red=0.51 blue=0.49] switch=0.062
[u  105] env=  6881280 rsucc=0.954 n_rounds= 1592 ret=+9.229 len=931.2 ent(t0,t>=1)=(0.000,1.152) aL=-0.0111 vL=0.0330 initial=[red=0.51 blue=0.49] switch=0.052
[u  106] env=  6946816 rsucc=0.936 n_rounds= 1467 ret=+9.589 len=887.1 ent(t0,t>=1)=(0.000,1.146) aL=-0.0122 vL=0.0278 initial=[red=0.48 blue=0.52] switch=0.048
[u  107] env=  7012352 rsucc=0.903 n_rounds= 1475 ret=+9.729 len=889.5 ent(t0,t>=1)=(0.000,1.173) aL=-0.0106 vL=0.0342 initial=[red=0.49 blue=0.51] switch=0.058
[u  108] env=  7077888 rsucc=0.931 n_rounds= 1527 ret=+10.188 len=850.9 ent(t0,t>=1)=(0.000,1.181) aL=-0.0111 vL=0.0329 initial=[red=0.50 blue=0.50] switch=0.047
[u  109] env=  7143424 rsucc=0.957 n_rounds= 1562 ret=+10.941 len=802.2 ent(t0,t>=1)=(0.000,1.163) aL=-0.0119 vL=0.0321 initial=[red=0.49 blue=0.51] switch=0.045
[u  110] env=  7208960 rsucc=0.925 n_rounds= 1486 ret=+10.615 len=854.0 ent(t0,t>=1)=(0.000,1.179) aL=-0.0112 vL=0.0295 initial=[red=0.49 blue=0.51] switch=0.045
[u  111] env=  7274496 rsucc=0.952 n_rounds= 1635 ret=+10.437 len=865.8 ent(t0,t>=1)=(0.000,1.196) aL=-0.0121 vL=0.0364 initial=[red=0.48 blue=0.52] switch=0.046
[u  112] env=  7340032 rsucc=0.965 n_rounds= 1611 ret=+10.741 len=842.2 ent(t0,t>=1)=(0.000,1.180) aL=-0.0116 vL=0.0335 initial=[red=0.49 blue=0.51] switch=0.039
[u  113] env=  7405568 rsucc=0.926 n_rounds= 1500 ret=+11.219 len=793.5 ent(t0,t>=1)=(0.000,1.214) aL=-0.0124 vL=0.0278 initial=[red=0.50 blue=0.50] switch=0.043
[u  114] env=  7471104 rsucc=0.914 n_rounds= 1410 ret=+9.237 len=951.4 ent(t0,t>=1)=(0.000,1.193) aL=-0.0113 vL=0.0272 initial=[red=0.51 blue=0.49] switch=0.044
[u  115] env=  7536640 rsucc=0.892 n_rounds= 1525 ret=+10.311 len=853.7 ent(t0,t>=1)=(0.000,1.216) aL=-0.0142 vL=0.0323 initial=[red=0.50 blue=0.50] switch=0.048
[u  116] env=  7602176 rsucc=0.940 n_rounds= 1539 ret=+9.643 len=897.9 ent(t0,t>=1)=(0.000,1.198) aL=-0.0125 vL=0.0304 initial=[red=0.52 blue=0.48] switch=0.043
[u  117] env=  7667712 rsucc=0.936 n_rounds= 1476 ret=+10.264 len=840.7 ent(t0,t>=1)=(0.000,1.198) aL=-0.0122 vL=0.0303 initial=[red=0.49 blue=0.51] switch=0.034
[u  118] env=  7733248 rsucc=0.928 n_rounds= 1493 ret=+10.018 len=868.0 ent(t0,t>=1)=(0.000,1.201) aL=-0.0134 vL=0.0280 initial=[red=0.46 blue=0.54] switch=0.039
[u  119] env=  7798784 rsucc=0.941 n_rounds= 1566 ret=+9.736 len=879.1 ent(t0,t>=1)=(0.000,1.190) aL=-0.0131 vL=0.0336 initial=[red=0.50 blue=0.50] switch=0.037
[u  120] env=  7864320 rsucc=0.942 n_rounds= 1459 ret=+11.050 len=799.3 ent(t0,t>=1)=(0.000,1.221) aL=-0.0136 vL=0.0261 initial=[red=0.51 blue=0.49] switch=0.038
[u  121] env=  7929856 rsucc=0.925 n_rounds= 1483 ret=+9.741 len=921.5 ent(t0,t>=1)=(0.000,1.233) aL=-0.0121 vL=0.0334 initial=[red=0.49 blue=0.51] switch=0.045
[u  122] env=  7995392 rsucc=0.927 n_rounds= 1588 ret=+10.229 len=858.5 ent(t0,t>=1)=(0.000,1.226) aL=-0.0119 vL=0.0337 initial=[red=0.50 blue=0.50] switch=0.048
[u  123] env=  8060928 rsucc=0.948 n_rounds= 1610 ret=+10.527 len=833.1 ent(t0,t>=1)=(0.000,1.225) aL=-0.0132 vL=0.0324 initial=[red=0.50 blue=0.50] switch=0.047
[u  124] env=  8126464 rsucc=0.952 n_rounds= 1517 ret=+9.937 len=881.0 ent(t0,t>=1)=(0.000,1.222) aL=-0.0137 vL=0.0307 initial=[red=0.49 blue=0.51] switch=0.046
[u  125] env=  8192000 rsucc=0.947 n_rounds= 1534 ret=+10.533 len=855.2 ent(t0,t>=1)=(0.000,1.234) aL=-0.0130 vL=0.0309 initial=[red=0.51 blue=0.49] switch=0.046
[u  126] env=  8257536 rsucc=0.926 n_rounds= 1508 ret=+10.870 len=816.8 ent(t0,t>=1)=(0.000,1.236) aL=-0.0149 vL=0.0340 initial=[red=0.49 blue=0.51] switch=0.044
[u  127] env=  8323072 rsucc=0.938 n_rounds= 1541 ret=+10.488 len=828.1 ent(t0,t>=1)=(0.000,1.250) aL=-0.0152 vL=0.0339 initial=[red=0.53 blue=0.47] switch=0.041
[u  128] env=  8388608 rsucc=0.936 n_rounds= 1457 ret=+10.112 len=898.4 ent(t0,t>=1)=(0.000,1.225) aL=-0.0147 vL=0.0291 initial=[red=0.50 blue=0.50] switch=0.040
[u  129] env=  8454144 rsucc=0.947 n_rounds= 1594 ret=+10.252 len=878.7 ent(t0,t>=1)=(0.000,1.205) aL=-0.0129 vL=0.0347 initial=[red=0.51 blue=0.49] switch=0.033
[u  130] env=  8519680 rsucc=0.936 n_rounds= 1507 ret=+11.192 len=826.7 ent(t0,t>=1)=(0.000,1.184) aL=-0.0119 vL=0.0307 initial=[red=0.51 blue=0.49] switch=0.038
[u  131] env=  8585216 rsucc=0.924 n_rounds= 1493 ret=+10.502 len=839.5 ent(t0,t>=1)=(0.000,1.193) aL=-0.0124 vL=0.0314 initial=[red=0.50 blue=0.50] switch=0.032
[u  132] env=  8650752 rsucc=0.915 n_rounds= 1451 ret=+9.394 len=931.3 ent(t0,t>=1)=(0.000,1.222) aL=-0.0138 vL=0.0302 initial=[red=0.50 blue=0.50] switch=0.043
[u  133] env=  8716288 rsucc=0.943 n_rounds= 1586 ret=+10.112 len=851.8 ent(t0,t>=1)=(0.000,1.194) aL=-0.0123 vL=0.0325 initial=[red=0.52 blue=0.48] switch=0.042
[u  134] env=  8781824 rsucc=0.915 n_rounds= 1490 ret=+9.616 len=898.5 ent(t0,t>=1)=(0.000,1.186) aL=-0.0117 vL=0.0302 initial=[red=0.49 blue=0.51] switch=0.043
[u  135] env=  8847360 rsucc=0.922 n_rounds= 1432 ret=+10.053 len=871.5 ent(t0,t>=1)=(0.000,1.246) aL=-0.0132 vL=0.0267 initial=[red=0.51 blue=0.49] switch=0.046
[u  136] env=  8912896 rsucc=0.919 n_rounds= 1543 ret=+9.583 len=893.8 ent(t0,t>=1)=(0.000,1.230) aL=-0.0139 vL=0.0350 initial=[red=0.53 blue=0.47] switch=0.047
[u  137] env=  8978432 rsucc=0.932 n_rounds= 1540 ret=+10.306 len=832.5 ent(t0,t>=1)=(0.000,1.220) aL=-0.0132 vL=0.0317 initial=[red=0.51 blue=0.49] switch=0.044
[u  138] env=  9043968 rsucc=0.924 n_rounds= 1489 ret=+9.958 len=872.6 ent(t0,t>=1)=(0.000,1.201) aL=-0.0134 vL=0.0310 initial=[red=0.51 blue=0.49] switch=0.041
[u  139] env=  9109504 rsucc=0.946 n_rounds= 1546 ret=+10.035 len=858.4 ent(t0,t>=1)=(0.000,1.183) aL=-0.0129 vL=0.0292 initial=[red=0.51 blue=0.49] switch=0.037
[u  140] env=  9175040 rsucc=0.944 n_rounds= 1651 ret=+10.302 len=863.3 ent(t0,t>=1)=(0.000,1.189) aL=-0.0123 vL=0.0349 initial=[red=0.49 blue=0.51] switch=0.035
[u  141] env=  9240576 rsucc=0.954 n_rounds= 1533 ret=+11.299 len=790.6 ent(t0,t>=1)=(0.000,1.195) aL=-0.0126 vL=0.0315 initial=[red=0.48 blue=0.52] switch=0.036
[u  142] env=  9306112 rsucc=0.946 n_rounds= 1564 ret=+10.459 len=866.9 ent(t0,t>=1)=(0.000,1.206) aL=-0.0142 vL=0.0291 initial=[red=0.51 blue=0.49] switch=0.041
[u  143] env=  9371648 rsucc=0.939 n_rounds= 1532 ret=+10.470 len=860.9 ent(t0,t>=1)=(0.000,1.196) aL=-0.0132 vL=0.0322 initial=[red=0.49 blue=0.51] switch=0.044
[u  144] env=  9437184 rsucc=0.889 n_rounds= 1410 ret=+10.682 len=839.6 ent(t0,t>=1)=(0.000,1.242) aL=-0.0126 vL=0.0278 initial=[red=0.50 blue=0.50] switch=0.058
[u  145] env=  9502720 rsucc=0.926 n_rounds= 1585 ret=+10.038 len=873.7 ent(t0,t>=1)=(0.000,1.225) aL=-0.0127 vL=0.0341 initial=[red=0.50 blue=0.50] switch=0.047
[u  146] env=  9568256 rsucc=0.957 n_rounds= 1582 ret=+10.442 len=835.9 ent(t0,t>=1)=(0.000,1.205) aL=-0.0141 vL=0.0296 initial=[red=0.50 blue=0.50] switch=0.031
[u  147] env=  9633792 rsucc=0.936 n_rounds= 1515 ret=+9.862 len=884.3 ent(t0,t>=1)=(0.000,1.189) aL=-0.0126 vL=0.0323 initial=[red=0.49 blue=0.51] switch=0.035
[u  148] env=  9699328 rsucc=0.958 n_rounds= 1683 ret=+10.895 len=813.3 ent(t0,t>=1)=(0.000,1.177) aL=-0.0124 vL=0.0342 initial=[red=0.52 blue=0.48] switch=0.036
[u  149] env=  9764864 rsucc=0.947 n_rounds= 1580 ret=+10.799 len=827.4 ent(t0,t>=1)=(0.000,1.195) aL=-0.0133 vL=0.0286 initial=[red=0.48 blue=0.52] switch=0.035
[u  150] env=  9830400 rsucc=0.941 n_rounds= 1550 ret=+10.879 len=825.5 ent(t0,t>=1)=(0.000,1.171) aL=-0.0109 vL=0.0327 initial=[red=0.51 blue=0.49] switch=0.033
[u  151] env=  9895936 rsucc=0.958 n_rounds= 1588 ret=+10.493 len=863.0 ent(t0,t>=1)=(0.000,1.152) aL=-0.0121 vL=0.0327 initial=[red=0.49 blue=0.51] switch=0.031
[u  152] env=  9961472 rsucc=0.955 n_rounds= 1583 ret=+11.469 len=772.1 ent(t0,t>=1)=(0.000,1.174) aL=-0.0130 vL=0.0323 initial=[red=0.50 blue=0.50] switch=0.034
[u  153] env= 10027008 rsucc=0.929 n_rounds= 1417 ret=+10.876 len=823.7 ent(t0,t>=1)=(0.000,1.184) aL=-0.0152 vL=0.0289 initial=[red=0.50 blue=0.50] switch=0.038
[u  154] env= 10092544 rsucc=0.928 n_rounds= 1452 ret=+9.524 len=923.5 ent(t0,t>=1)=(0.000,1.194) aL=-0.0112 vL=0.0300 initial=[red=0.51 blue=0.49] switch=0.046
[u  155] env= 10158080 rsucc=0.909 n_rounds= 1462 ret=+10.420 len=854.5 ent(t0,t>=1)=(0.000,1.206) aL=-0.0131 vL=0.0323 initial=[red=0.50 blue=0.50] switch=0.053
[u  156] env= 10223616 rsucc=0.938 n_rounds= 1565 ret=+10.714 len=846.1 ent(t0,t>=1)=(0.000,1.167) aL=-0.0114 vL=0.0315 initial=[red=0.51 blue=0.49] switch=0.037
[u  157] env= 10289152 rsucc=0.940 n_rounds= 1575 ret=+10.422 len=845.8 ent(t0,t>=1)=(0.000,1.164) aL=-0.0140 vL=0.0317 initial=[red=0.51 blue=0.49] switch=0.040
[u  158] env= 10354688 rsucc=0.956 n_rounds= 1588 ret=+9.905 len=884.0 ent(t0,t>=1)=(0.000,1.166) aL=-0.0140 vL=0.0309 initial=[red=0.50 blue=0.50] switch=0.043
[u  159] env= 10420224 rsucc=0.943 n_rounds= 1475 ret=+10.339 len=863.2 ent(t0,t>=1)=(0.000,1.170) aL=-0.0126 vL=0.0276 initial=[red=0.51 blue=0.49] switch=0.047
[u  160] env= 10485760 rsucc=0.938 n_rounds= 1538 ret=+10.379 len=859.9 ent(t0,t>=1)=(0.000,1.181) aL=-0.0148 vL=0.0316 initial=[red=0.48 blue=0.52] switch=0.043
[u  161] env= 10551296 rsucc=0.928 n_rounds= 1471 ret=+10.157 len=865.8 ent(t0,t>=1)=(0.000,1.214) aL=-0.0132 vL=0.0331 initial=[red=0.49 blue=0.51] switch=0.049
[u  162] env= 10616832 rsucc=0.943 n_rounds= 1549 ret=+10.878 len=826.5 ent(t0,t>=1)=(0.000,1.205) aL=-0.0142 vL=0.0296 initial=[red=0.51 blue=0.49] switch=0.048
[u  163] env= 10682368 rsucc=0.937 n_rounds= 1499 ret=+9.634 len=917.0 ent(t0,t>=1)=(0.000,1.223) aL=-0.0139 vL=0.0315 initial=[red=0.50 blue=0.50] switch=0.045
[u  164] env= 10747904 rsucc=0.939 n_rounds= 1539 ret=+10.520 len=843.2 ent(t0,t>=1)=(0.000,1.220) aL=-0.0148 vL=0.0327 initial=[red=0.50 blue=0.50] switch=0.048
[u  165] env= 10813440 rsucc=0.948 n_rounds= 1551 ret=+10.818 len=826.0 ent(t0,t>=1)=(0.000,1.199) aL=-0.0139 vL=0.0333 initial=[red=0.49 blue=0.51] switch=0.037
[u  166] env= 10878976 rsucc=0.940 n_rounds= 1590 ret=+10.490 len=863.2 ent(t0,t>=1)=(0.000,1.211) aL=-0.0110 vL=0.0351 initial=[red=0.48 blue=0.52] switch=0.044
[u  167] env= 10944512 rsucc=0.950 n_rounds= 1545 ret=+10.646 len=851.8 ent(t0,t>=1)=(0.000,1.185) aL=-0.0121 vL=0.0317 initial=[red=0.50 blue=0.50] switch=0.040
[u  168] env= 11010048 rsucc=0.934 n_rounds= 1584 ret=+10.678 len=851.2 ent(t0,t>=1)=(0.000,1.183) aL=-0.0141 vL=0.0342 initial=[red=0.50 blue=0.50] switch=0.040
[u  169] env= 11075584 rsucc=0.939 n_rounds= 1490 ret=+10.252 len=846.8 ent(t0,t>=1)=(0.000,1.232) aL=-0.0135 vL=0.0316 initial=[red=0.50 blue=0.50] switch=0.053
[u  170] env= 11141120 rsucc=0.916 n_rounds= 1456 ret=+10.068 len=875.0 ent(t0,t>=1)=(0.000,1.230) aL=-0.0130 vL=0.0314 initial=[red=0.50 blue=0.50] switch=0.053
[u  171] env= 11206656 rsucc=0.933 n_rounds= 1550 ret=+9.750 len=912.9 ent(t0,t>=1)=(0.000,1.218) aL=-0.0120 vL=0.0344 initial=[red=0.50 blue=0.50] switch=0.054
[u  172] env= 11272192 rsucc=0.943 n_rounds= 1611 ret=+11.101 len=774.8 ent(t0,t>=1)=(0.000,1.221) aL=-0.0140 vL=0.0330 initial=[red=0.49 blue=0.51] switch=0.045
[u  173] env= 11337728 rsucc=0.909 n_rounds= 1388 ret=+10.485 len=843.4 ent(t0,t>=1)=(0.000,1.288) aL=-0.0142 vL=0.0262 initial=[red=0.51 blue=0.49] switch=0.068
[u  174] env= 11403264 rsucc=0.951 n_rounds= 1533 ret=+9.318 len=950.6 ent(t0,t>=1)=(0.000,1.232) aL=-0.0136 vL=0.0321 initial=[red=0.51 blue=0.49] switch=0.047
[u  175] env= 11468800 rsucc=0.915 n_rounds= 1522 ret=+9.891 len=865.3 ent(t0,t>=1)=(0.000,1.254) aL=-0.0140 vL=0.0302 initial=[red=0.48 blue=0.52] switch=0.051
[u  176] env= 11534336 rsucc=0.967 n_rounds= 1653 ret=+10.838 len=824.6 ent(t0,t>=1)=(0.000,1.233) aL=-0.0131 vL=0.0360 initial=[red=0.50 blue=0.50] switch=0.050
[u  177] env= 11599872 rsucc=0.938 n_rounds= 1477 ret=+11.322 len=787.9 ent(t0,t>=1)=(0.000,1.217) aL=-0.0129 vL=0.0294 initial=[red=0.48 blue=0.52] switch=0.046
[u  178] env= 11665408 rsucc=0.942 n_rounds= 1547 ret=+9.708 len=926.6 ent(t0,t>=1)=(0.000,1.211) aL=-0.0134 vL=0.0324 initial=[red=0.49 blue=0.51] switch=0.043
[u  179] env= 11730944 rsucc=0.939 n_rounds= 1551 ret=+10.414 len=858.3 ent(t0,t>=1)=(0.000,1.205) aL=-0.0124 vL=0.0324 initial=[red=0.49 blue=0.51] switch=0.041
[u  180] env= 11796480 rsucc=0.937 n_rounds= 1560 ret=+10.279 len=845.2 ent(t0,t>=1)=(0.000,1.204) aL=-0.0122 vL=0.0330 initial=[red=0.49 blue=0.51] switch=0.038
[u  181] env= 11862016 rsucc=0.960 n_rounds= 1575 ret=+11.555 len=781.7 ent(t0,t>=1)=(0.000,1.211) aL=-0.0139 vL=0.0309 initial=[red=0.51 blue=0.49] switch=0.046
[u  182] env= 11927552 rsucc=0.951 n_rounds= 1530 ret=+10.299 len=873.7 ent(t0,t>=1)=(0.000,1.231) aL=-0.0138 vL=0.0310 initial=[red=0.47 blue=0.53] switch=0.054
[u  183] env= 11993088 rsucc=0.926 n_rounds= 1493 ret=+10.238 len=878.6 ent(t0,t>=1)=(0.000,1.200) aL=-0.0119 vL=0.0308 initial=[red=0.51 blue=0.49] switch=0.047
[u  184] env= 12058624 rsucc=0.922 n_rounds= 1539 ret=+11.067 len=821.0 ent(t0,t>=1)=(0.000,1.199) aL=-0.0126 vL=0.0335 initial=[red=0.53 blue=0.47] switch=0.051
[u  185] env= 12124160 rsucc=0.945 n_rounds= 1595 ret=+10.518 len=838.9 ent(t0,t>=1)=(0.000,1.199) aL=-0.0137 vL=0.0326 initial=[red=0.48 blue=0.52] switch=0.047
[u  186] env= 12189696 rsucc=0.945 n_rounds= 1559 ret=+10.227 len=867.4 ent(t0,t>=1)=(0.000,1.148) aL=-0.0133 vL=0.0310 initial=[red=0.51 blue=0.49] switch=0.042
[u  187] env= 12255232 rsucc=0.946 n_rounds= 1554 ret=+10.715 len=825.9 ent(t0,t>=1)=(0.000,1.169) aL=-0.0131 vL=0.0304 initial=[red=0.51 blue=0.49] switch=0.039
[u  188] env= 12320768 rsucc=0.925 n_rounds= 1445 ret=+10.353 len=854.7 ent(t0,t>=1)=(0.000,1.218) aL=-0.0150 vL=0.0292 initial=[red=0.50 blue=0.50] switch=0.049
[u  189] env= 12386304 rsucc=0.939 n_rounds= 1578 ret=+10.573 len=853.6 ent(t0,t>=1)=(0.000,1.183) aL=-0.0129 vL=0.0335 initial=[red=0.50 blue=0.50] switch=0.043
[u  190] env= 12451840 rsucc=0.955 n_rounds= 1633 ret=+10.690 len=846.2 ent(t0,t>=1)=(0.000,1.170) aL=-0.0136 vL=0.0353 initial=[red=0.49 blue=0.51] switch=0.033
[u  191] env= 12517376 rsucc=0.944 n_rounds= 1489 ret=+10.933 len=810.2 ent(t0,t>=1)=(0.000,1.196) aL=-0.0129 vL=0.0301 initial=[red=0.50 blue=0.50] switch=0.043
[u  192] env= 12582912 rsucc=0.952 n_rounds= 1582 ret=+10.610 len=860.8 ent(t0,t>=1)=(0.000,1.158) aL=-0.0130 vL=0.0329 initial=[red=0.50 blue=0.50] switch=0.039
[u  193] env= 12648448 rsucc=0.967 n_rounds= 1588 ret=+10.811 len=843.9 ent(t0,t>=1)=(0.000,1.152) aL=-0.0138 vL=0.0313 initial=[red=0.48 blue=0.52] switch=0.044
[u  194] env= 12713984 rsucc=0.956 n_rounds= 1632 ret=+11.071 len=809.2 ent(t0,t>=1)=(0.000,1.151) aL=-0.0136 vL=0.0335 initial=[red=0.49 blue=0.51] switch=0.040
[u  195] env= 12779520 rsucc=0.954 n_rounds= 1611 ret=+11.069 len=814.6 ent(t0,t>=1)=(0.000,1.164) aL=-0.0131 vL=0.0338 initial=[red=0.52 blue=0.48] switch=0.036
[u  196] env= 12845056 rsucc=0.947 n_rounds= 1542 ret=+10.880 len=837.9 ent(t0,t>=1)=(0.000,1.174) aL=-0.0142 vL=0.0320 initial=[red=0.49 blue=0.51] switch=0.037
[u  197] env= 12910592 rsucc=0.953 n_rounds= 1592 ret=+10.601 len=864.4 ent(t0,t>=1)=(0.000,1.167) aL=-0.0129 vL=0.0335 initial=[red=0.50 blue=0.50] switch=0.040
[u  198] env= 12976128 rsucc=0.948 n_rounds= 1549 ret=+11.225 len=815.9 ent(t0,t>=1)=(0.000,1.189) aL=-0.0132 vL=0.0307 initial=[red=0.51 blue=0.49] switch=0.041
[u  199] env= 13041664 rsucc=0.927 n_rounds= 1549 ret=+10.806 len=833.2 ent(t0,t>=1)=(0.000,1.178) aL=-0.0129 vL=0.0313 initial=[red=0.52 blue=0.48] switch=0.039
[u  200] env= 13107200 rsucc=0.942 n_rounds= 1487 ret=+10.347 len=855.2 ent(t0,t>=1)=(0.000,1.171) aL=-0.0142 vL=0.0270 initial=[red=0.48 blue=0.52] switch=0.038
[u  201] env= 13172736 rsucc=0.929 n_rounds= 1476 ret=+9.264 len=936.0 ent(t0,t>=1)=(0.000,1.212) aL=-0.0138 vL=0.0327 initial=[red=0.52 blue=0.48] switch=0.046
[u  202] env= 13238272 rsucc=0.956 n_rounds= 1632 ret=+10.983 len=799.0 ent(t0,t>=1)=(0.000,1.210) aL=-0.0161 vL=0.0359 initial=[red=0.49 blue=0.51] switch=0.043
[u  203] env= 13303808 rsucc=0.942 n_rounds= 1630 ret=+10.072 len=858.2 ent(t0,t>=1)=(0.000,1.203) aL=-0.0146 vL=0.0365 initial=[red=0.50 blue=0.50] switch=0.041
[u  204] env= 13369344 rsucc=0.953 n_rounds= 1615 ret=+11.001 len=819.9 ent(t0,t>=1)=(0.000,1.195) aL=-0.0140 vL=0.0315 initial=[red=0.51 blue=0.49] switch=0.038
[u  205] env= 13434880 rsucc=0.966 n_rounds= 1518 ret=+10.866 len=854.1 ent(t0,t>=1)=(0.000,1.218) aL=-0.0149 vL=0.0306 initial=[red=0.49 blue=0.51] switch=0.043
[u  206] env= 13500416 rsucc=0.943 n_rounds= 1551 ret=+10.647 len=843.0 ent(t0,t>=1)=(0.000,1.215) aL=-0.0152 vL=0.0321 initial=[red=0.46 blue=0.54] switch=0.043
[u  207] env= 13565952 rsucc=0.933 n_rounds= 1496 ret=+10.758 len=848.8 ent(t0,t>=1)=(0.000,1.222) aL=-0.0157 vL=0.0288 initial=[red=0.52 blue=0.48] switch=0.035
[u  208] env= 13631488 rsucc=0.942 n_rounds= 1563 ret=+11.174 len=787.1 ent(t0,t>=1)=(0.000,1.237) aL=-0.0143 vL=0.0340 initial=[red=0.51 blue=0.49] switch=0.052
[u  209] env= 13697024 rsucc=0.939 n_rounds= 1525 ret=+10.708 len=848.1 ent(t0,t>=1)=(0.000,1.231) aL=-0.0134 vL=0.0334 initial=[red=0.50 blue=0.50] switch=0.040
[u  210] env= 13762560 rsucc=0.971 n_rounds= 1693 ret=+10.228 len=884.1 ent(t0,t>=1)=(0.000,1.183) aL=-0.0153 vL=0.0322 initial=[red=0.50 blue=0.50] switch=0.038
[u  211] env= 13828096 rsucc=0.962 n_rounds= 1608 ret=+11.214 len=799.8 ent(t0,t>=1)=(0.000,1.190) aL=-0.0151 vL=0.0319 initial=[red=0.50 blue=0.50] switch=0.044
[u  212] env= 13893632 rsucc=0.957 n_rounds= 1598 ret=+12.208 len=743.2 ent(t0,t>=1)=(0.000,1.201) aL=-0.0153 vL=0.0327 initial=[red=0.50 blue=0.50] switch=0.044
[u  213] env= 13959168 rsucc=0.940 n_rounds= 1550 ret=+10.803 len=862.9 ent(t0,t>=1)=(0.000,1.205) aL=-0.0148 vL=0.0319 initial=[red=0.50 blue=0.50] switch=0.050
[u  214] env= 14024704 rsucc=0.957 n_rounds= 1605 ret=+10.701 len=852.6 ent(t0,t>=1)=(0.000,1.191) aL=-0.0142 vL=0.0328 initial=[red=0.51 blue=0.49] switch=0.045
[u  215] env= 14090240 rsucc=0.945 n_rounds= 1518 ret=+10.817 len=848.2 ent(t0,t>=1)=(0.000,1.207) aL=-0.0132 vL=0.0289 initial=[red=0.52 blue=0.48] switch=0.059
[u  216] env= 14155776 rsucc=0.956 n_rounds= 1523 ret=+10.763 len=835.4 ent(t0,t>=1)=(0.000,1.210) aL=-0.0149 vL=0.0335 initial=[red=0.49 blue=0.51] switch=0.060
[u  217] env= 14221312 rsucc=0.933 n_rounds= 1502 ret=+11.228 len=827.0 ent(t0,t>=1)=(0.000,1.201) aL=-0.0150 vL=0.0290 initial=[red=0.51 blue=0.49] switch=0.054
[u  218] env= 14286848 rsucc=0.959 n_rounds= 1507 ret=+11.054 len=828.2 ent(t0,t>=1)=(0.000,1.200) aL=-0.0159 vL=0.0304 initial=[red=0.51 blue=0.49] switch=0.048
[u  219] env= 14352384 rsucc=0.957 n_rounds= 1537 ret=+10.812 len=831.8 ent(t0,t>=1)=(0.000,1.199) aL=-0.0147 vL=0.0333 initial=[red=0.50 blue=0.50] switch=0.041
[u  220] env= 14417920 rsucc=0.950 n_rounds= 1612 ret=+9.725 len=901.2 ent(t0,t>=1)=(0.000,1.202) aL=-0.0133 vL=0.0338 initial=[red=0.51 blue=0.49] switch=0.040
[u  221] env= 14483456 rsucc=0.936 n_rounds= 1508 ret=+10.734 len=858.5 ent(t0,t>=1)=(0.000,1.216) aL=-0.0153 vL=0.0301 initial=[red=0.49 blue=0.51] switch=0.048
[u  222] env= 14548992 rsucc=0.933 n_rounds= 1512 ret=+10.148 len=889.4 ent(t0,t>=1)=(0.000,1.229) aL=-0.0146 vL=0.0312 initial=[red=0.49 blue=0.51] switch=0.054
[u  223] env= 14614528 rsucc=0.927 n_rounds= 1492 ret=+10.375 len=865.9 ent(t0,t>=1)=(0.000,1.222) aL=-0.0169 vL=0.0300 initial=[red=0.50 blue=0.50] switch=0.048
[u  224] env= 14680064 rsucc=0.942 n_rounds= 1575 ret=+10.617 len=830.9 ent(t0,t>=1)=(0.000,1.202) aL=-0.0144 vL=0.0319 initial=[red=0.50 blue=0.50] switch=0.039
[u  225] env= 14745600 rsucc=0.948 n_rounds= 1634 ret=+10.410 len=846.6 ent(t0,t>=1)=(0.000,1.202) aL=-0.0143 vL=0.0356 initial=[red=0.51 blue=0.49] switch=0.042
[u  226] env= 14811136 rsucc=0.957 n_rounds= 1660 ret=+11.177 len=778.5 ent(t0,t>=1)=(0.000,1.184) aL=-0.0138 vL=0.0339 initial=[red=0.49 blue=0.51] switch=0.038
[u  227] env= 14876672 rsucc=0.963 n_rounds= 1580 ret=+10.749 len=844.1 ent(t0,t>=1)=(0.000,1.203) aL=-0.0152 vL=0.0309 initial=[red=0.49 blue=0.51] switch=0.041
[u  228] env= 14942208 rsucc=0.969 n_rounds= 1623 ret=+11.009 len=849.6 ent(t0,t>=1)=(0.000,1.186) aL=-0.0168 vL=0.0304 initial=[red=0.49 blue=0.51] switch=0.034
[u  229] env= 15007744 rsucc=0.956 n_rounds= 1604 ret=+10.894 len=839.4 ent(t0,t>=1)=(0.000,1.203) aL=-0.0149 vL=0.0328 initial=[red=0.50 blue=0.50] switch=0.040
[u  230] env= 15073280 rsucc=0.957 n_rounds= 1600 ret=+11.852 len=756.8 ent(t0,t>=1)=(0.000,1.186) aL=-0.0137 vL=0.0311 initial=[red=0.50 blue=0.50] switch=0.039
[u  231] env= 15138816 rsucc=0.954 n_rounds= 1531 ret=+10.907 len=849.8 ent(t0,t>=1)=(0.000,1.215) aL=-0.0145 vL=0.0305 initial=[red=0.53 blue=0.47] switch=0.045
[u  232] env= 15204352 rsucc=0.940 n_rounds= 1589 ret=+10.700 len=838.1 ent(t0,t>=1)=(0.000,1.222) aL=-0.0149 vL=0.0334 initial=[red=0.49 blue=0.51] switch=0.045
[u  233] env= 15269888 rsucc=0.947 n_rounds= 1552 ret=+11.490 len=784.4 ent(t0,t>=1)=(0.000,1.203) aL=-0.0161 vL=0.0301 initial=[red=0.52 blue=0.48] switch=0.047
[u  234] env= 15335424 rsucc=0.950 n_rounds= 1527 ret=+10.720 len=854.8 ent(t0,t>=1)=(0.000,1.198) aL=-0.0144 vL=0.0304 initial=[red=0.51 blue=0.49] switch=0.042
[u  235] env= 15400960 rsucc=0.948 n_rounds= 1532 ret=+10.648 len=839.0 ent(t0,t>=1)=(0.000,1.191) aL=-0.0145 vL=0.0305 initial=[red=0.50 blue=0.50] switch=0.044
[u  236] env= 15466496 rsucc=0.945 n_rounds= 1457 ret=+10.384 len=886.8 ent(t0,t>=1)=(0.000,1.208) aL=-0.0134 vL=0.0310 initial=[red=0.52 blue=0.48] switch=0.054
[u  237] env= 15532032 rsucc=0.928 n_rounds= 1576 ret=+10.851 len=830.2 ent(t0,t>=1)=(0.000,1.210) aL=-0.0144 vL=0.0331 initial=[red=0.51 blue=0.49] switch=0.051
[u  238] env= 15597568 rsucc=0.953 n_rounds= 1562 ret=+10.206 len=889.5 ent(t0,t>=1)=(0.000,1.201) aL=-0.0162 vL=0.0323 initial=[red=0.52 blue=0.48] switch=0.045
[u  239] env= 15663104 rsucc=0.935 n_rounds= 1521 ret=+10.334 len=842.3 ent(t0,t>=1)=(0.000,1.193) aL=-0.0147 vL=0.0321 initial=[red=0.51 blue=0.49] switch=0.045
[u  240] env= 15728640 rsucc=0.960 n_rounds= 1586 ret=+10.977 len=811.1 ent(t0,t>=1)=(0.000,1.210) aL=-0.0157 vL=0.0301 initial=[red=0.51 blue=0.49] switch=0.045
[u  241] env= 15794176 rsucc=0.958 n_rounds= 1606 ret=+10.246 len=890.7 ent(t0,t>=1)=(0.000,1.210) aL=-0.0166 vL=0.0369 initial=[red=0.51 blue=0.49] switch=0.040
[u  242] env= 15859712 rsucc=0.976 n_rounds= 1693 ret=+10.956 len=845.2 ent(t0,t>=1)=(0.000,1.185) aL=-0.0142 vL=0.0322 initial=[red=0.50 blue=0.50] switch=0.037
[u  243] env= 15925248 rsucc=0.951 n_rounds= 1566 ret=+11.664 len=776.5 ent(t0,t>=1)=(0.000,1.194) aL=-0.0138 vL=0.0311 initial=[red=0.49 blue=0.51] switch=0.043
[u  244] env= 15990784 rsucc=0.949 n_rounds= 1581 ret=+11.201 len=808.7 ent(t0,t>=1)=(0.000,1.208) aL=-0.0149 vL=0.0347 initial=[red=0.51 blue=0.49] switch=0.048
[u  245] env= 16056320 rsucc=0.967 n_rounds= 1640 ret=+11.123 len=823.9 ent(t0,t>=1)=(0.000,1.175) aL=-0.0145 vL=0.0335 initial=[red=0.48 blue=0.52] switch=0.034
[u  246] env= 16121856 rsucc=0.961 n_rounds= 1578 ret=+11.293 len=825.2 ent(t0,t>=1)=(0.000,1.171) aL=-0.0165 vL=0.0304 initial=[red=0.49 blue=0.51] switch=0.039
[u  247] env= 16187392 rsucc=0.940 n_rounds= 1569 ret=+11.048 len=811.5 ent(t0,t>=1)=(0.000,1.177) aL=-0.0131 vL=0.0311 initial=[red=0.50 blue=0.50] switch=0.040
[u  248] env= 16252928 rsucc=0.953 n_rounds= 1561 ret=+10.870 len=835.8 ent(t0,t>=1)=(0.000,1.181) aL=-0.0156 vL=0.0303 initial=[red=0.51 blue=0.49] switch=0.033
[u  249] env= 16318464 rsucc=0.946 n_rounds= 1563 ret=+10.558 len=855.2 ent(t0,t>=1)=(0.000,1.213) aL=-0.0149 vL=0.0318 initial=[red=0.51 blue=0.49] switch=0.046
[u  250] env= 16384000 rsucc=0.946 n_rounds= 1570 ret=+10.997 len=815.3 ent(t0,t>=1)=(0.000,1.190) aL=-0.0140 vL=0.0325 initial=[red=0.51 blue=0.49] switch=0.047
[u  251] env= 16449536 rsucc=0.946 n_rounds= 1510 ret=+11.081 len=819.4 ent(t0,t>=1)=(0.000,1.197) aL=-0.0139 vL=0.0309 initial=[red=0.50 blue=0.50] switch=0.043
[u  252] env= 16515072 rsucc=0.954 n_rounds= 1550 ret=+9.689 len=933.1 ent(t0,t>=1)=(0.000,1.187) aL=-0.0165 vL=0.0314 initial=[red=0.51 blue=0.49] switch=0.039
[u  253] env= 16580608 rsucc=0.954 n_rounds= 1609 ret=+11.168 len=813.8 ent(t0,t>=1)=(0.000,1.205) aL=-0.0163 vL=0.0332 initial=[red=0.52 blue=0.48] switch=0.042
[u  254] env= 16646144 rsucc=0.941 n_rounds= 1496 ret=+11.345 len=796.9 ent(t0,t>=1)=(0.000,1.205) aL=-0.0168 vL=0.0299 initial=[red=0.48 blue=0.52] switch=0.041
[u  255] env= 16711680 rsucc=0.961 n_rounds= 1566 ret=+10.673 len=861.8 ent(t0,t>=1)=(0.000,1.179) aL=-0.0146 vL=0.0313 initial=[red=0.49 blue=0.51] switch=0.038
[u  256] env= 16777216 rsucc=0.948 n_rounds= 1575 ret=+10.718 len=853.4 ent(t0,t>=1)=(0.000,1.177) aL=-0.0155 vL=0.0343 initial=[red=0.48 blue=0.52] switch=0.036
[u  257] env= 16842752 rsucc=0.947 n_rounds= 1552 ret=+10.596 len=838.5 ent(t0,t>=1)=(0.000,1.184) aL=-0.0152 vL=0.0308 initial=[red=0.49 blue=0.51] switch=0.047
[u  258] env= 16908288 rsucc=0.958 n_rounds= 1547 ret=+10.645 len=834.0 ent(t0,t>=1)=(0.000,1.204) aL=-0.0141 vL=0.0322 initial=[red=0.50 blue=0.50] switch=0.045
[u  259] env= 16973824 rsucc=0.970 n_rounds= 1646 ret=+11.436 len=803.2 ent(t0,t>=1)=(0.000,1.190) aL=-0.0160 vL=0.0339 initial=[red=0.50 blue=0.50] switch=0.039
[u  260] env= 17039360 rsucc=0.967 n_rounds= 1630 ret=+11.272 len=811.5 ent(t0,t>=1)=(0.000,1.201) aL=-0.0161 vL=0.0337 initial=[red=0.50 blue=0.50] switch=0.043
[u  261] env= 17104896 rsucc=0.964 n_rounds= 1603 ret=+10.943 len=851.7 ent(t0,t>=1)=(0.000,1.189) aL=-0.0164 vL=0.0321 initial=[red=0.49 blue=0.51] switch=0.044
[u  262] env= 17170432 rsucc=0.967 n_rounds= 1592 ret=+11.938 len=778.0 ent(t0,t>=1)=(0.000,1.210) aL=-0.0163 vL=0.0321 initial=[red=0.50 blue=0.50] switch=0.041
[u  263] env= 17235968 rsucc=0.952 n_rounds= 1577 ret=+11.632 len=801.6 ent(t0,t>=1)=(0.000,1.225) aL=-0.0143 vL=0.0313 initial=[red=0.50 blue=0.50] switch=0.043
[u  264] env= 17301504 rsucc=0.943 n_rounds= 1519 ret=+10.313 len=896.5 ent(t0,t>=1)=(0.000,1.224) aL=-0.0170 vL=0.0302 initial=[red=0.50 blue=0.50] switch=0.051
[u  265] env= 17367040 rsucc=0.950 n_rounds= 1551 ret=+10.338 len=873.4 ent(t0,t>=1)=(0.000,1.198) aL=-0.0148 vL=0.0311 initial=[red=0.50 blue=0.50] switch=0.053
[u  266] env= 17432576 rsucc=0.925 n_rounds= 1554 ret=+10.461 len=854.4 ent(t0,t>=1)=(0.000,1.206) aL=-0.0141 vL=0.0359 initial=[red=0.49 blue=0.51] switch=0.055
[u  267] env= 17498112 rsucc=0.949 n_rounds= 1568 ret=+11.226 len=769.9 ent(t0,t>=1)=(0.000,1.214) aL=-0.0160 vL=0.0319 initial=[red=0.50 blue=0.50] switch=0.049
[u  268] env= 17563648 rsucc=0.930 n_rounds= 1565 ret=+10.287 len=865.0 ent(t0,t>=1)=(0.000,1.228) aL=-0.0138 vL=0.0377 initial=[red=0.51 blue=0.49] switch=0.052
[u  269] env= 17629184 rsucc=0.960 n_rounds= 1616 ret=+10.906 len=829.5 ent(t0,t>=1)=(0.000,1.211) aL=-0.0165 vL=0.0336 initial=[red=0.48 blue=0.52] switch=0.044
[u  270] env= 17694720 rsucc=0.951 n_rounds= 1552 ret=+10.947 len=821.7 ent(t0,t>=1)=(0.000,1.222) aL=-0.0172 vL=0.0322 initial=[red=0.51 blue=0.49] switch=0.056
[u  271] env= 17760256 rsucc=0.945 n_rounds= 1515 ret=+10.184 len=884.2 ent(t0,t>=1)=(0.000,1.207) aL=-0.0148 vL=0.0334 initial=[red=0.49 blue=0.51] switch=0.053
[u  272] env= 17825792 rsucc=0.937 n_rounds= 1431 ret=+10.923 len=821.7 ent(t0,t>=1)=(0.000,1.214) aL=-0.0131 vL=0.0291 initial=[red=0.50 blue=0.50] switch=0.062
[u  273] env= 17891328 rsucc=0.930 n_rounds= 1532 ret=+9.946 len=886.7 ent(t0,t>=1)=(0.000,1.202) aL=-0.0177 vL=0.0328 initial=[red=0.52 blue=0.48] switch=0.059
[u  274] env= 17956864 rsucc=0.956 n_rounds= 1529 ret=+9.933 len=922.6 ent(t0,t>=1)=(0.000,1.167) aL=-0.0144 vL=0.0287 initial=[red=0.50 blue=0.50] switch=0.050
[u  275] env= 18022400 rsucc=0.950 n_rounds= 1636 ret=+10.377 len=863.9 ent(t0,t>=1)=(0.000,1.192) aL=-0.0140 vL=0.0357 initial=[red=0.49 blue=0.51] switch=0.057
[u  276] env= 18087936 rsucc=0.958 n_rounds= 1637 ret=+11.254 len=782.2 ent(t0,t>=1)=(0.000,1.190) aL=-0.0160 vL=0.0343 initial=[red=0.49 blue=0.51] switch=0.053
[u  277] env= 18153472 rsucc=0.958 n_rounds= 1508 ret=+11.080 len=826.0 ent(t0,t>=1)=(0.000,1.200) aL=-0.0161 vL=0.0313 initial=[red=0.49 blue=0.51] switch=0.049
[u  278] env= 18219008 rsucc=0.951 n_rounds= 1588 ret=+11.065 len=831.0 ent(t0,t>=1)=(0.000,1.198) aL=-0.0147 vL=0.0322 initial=[red=0.50 blue=0.50] switch=0.051
[u  279] env= 18284544 rsucc=0.949 n_rounds= 1583 ret=+11.034 len=827.1 ent(t0,t>=1)=(0.000,1.200) aL=-0.0157 vL=0.0351 initial=[red=0.49 blue=0.51] switch=0.051
[u  280] env= 18350080 rsucc=0.960 n_rounds= 1614 ret=+11.431 len=800.7 ent(t0,t>=1)=(0.000,1.176) aL=-0.0168 vL=0.0331 initial=[red=0.51 blue=0.49] switch=0.042
[u  281] env= 18415616 rsucc=0.968 n_rounds= 1611 ret=+11.257 len=807.7 ent(t0,t>=1)=(0.000,1.162) aL=-0.0142 vL=0.0308 initial=[red=0.49 blue=0.51] switch=0.047
[u  282] env= 18481152 rsucc=0.955 n_rounds= 1527 ret=+10.522 len=870.2 ent(t0,t>=1)=(0.000,1.180) aL=-0.0161 vL=0.0346 initial=[red=0.51 blue=0.49] switch=0.045
[u  283] env= 18546688 rsucc=0.955 n_rounds= 1525 ret=+11.091 len=827.7 ent(t0,t>=1)=(0.000,1.175) aL=-0.0148 vL=0.0311 initial=[red=0.49 blue=0.51] switch=0.049
[u  284] env= 18612224 rsucc=0.949 n_rounds= 1541 ret=+10.371 len=880.6 ent(t0,t>=1)=(0.000,1.199) aL=-0.0157 vL=0.0325 initial=[red=0.52 blue=0.48] switch=0.045
[u  285] env= 18677760 rsucc=0.967 n_rounds= 1677 ret=+10.942 len=830.6 ent(t0,t>=1)=(0.000,1.188) aL=-0.0156 vL=0.0364 initial=[red=0.52 blue=0.48] switch=0.041
[u  286] env= 18743296 rsucc=0.954 n_rounds= 1613 ret=+11.891 len=768.7 ent(t0,t>=1)=(0.000,1.174) aL=-0.0158 vL=0.0328 initial=[red=0.50 blue=0.50] switch=0.042
[u  287] env= 18808832 rsucc=0.958 n_rounds= 1543 ret=+11.143 len=811.1 ent(t0,t>=1)=(0.000,1.205) aL=-0.0150 vL=0.0295 initial=[red=0.47 blue=0.53] switch=0.050
[u  288] env= 18874368 rsucc=0.969 n_rounds= 1590 ret=+11.309 len=819.1 ent(t0,t>=1)=(0.000,1.205) aL=-0.0161 vL=0.0319 initial=[red=0.49 blue=0.51] switch=0.047
[u  289] env= 18939904 rsucc=0.950 n_rounds= 1539 ret=+10.601 len=866.1 ent(t0,t>=1)=(0.000,1.204) aL=-0.0159 vL=0.0312 initial=[red=0.52 blue=0.48] switch=0.056
[u  290] env= 19005440 rsucc=0.949 n_rounds= 1549 ret=+10.880 len=849.0 ent(t0,t>=1)=(0.000,1.214) aL=-0.0149 vL=0.0308 initial=[red=0.49 blue=0.51] switch=0.056
[u  291] env= 19070976 rsucc=0.949 n_rounds= 1594 ret=+10.665 len=857.1 ent(t0,t>=1)=(0.000,1.201) aL=-0.0145 vL=0.0338 initial=[red=0.51 blue=0.49] switch=0.055
[u  292] env= 19136512 rsucc=0.958 n_rounds= 1534 ret=+11.331 len=805.6 ent(t0,t>=1)=(0.000,1.198) aL=-0.0155 vL=0.0295 initial=[red=0.49 blue=0.51] switch=0.046
[u  293] env= 19202048 rsucc=0.948 n_rounds= 1579 ret=+10.801 len=845.1 ent(t0,t>=1)=(0.000,1.195) aL=-0.0150 vL=0.0332 initial=[red=0.51 blue=0.49] switch=0.045
[u  294] env= 19267584 rsucc=0.963 n_rounds= 1603 ret=+10.365 len=859.5 ent(t0,t>=1)=(0.000,1.201) aL=-0.0152 vL=0.0341 initial=[red=0.52 blue=0.48] switch=0.047
[u  295] env= 19333120 rsucc=0.961 n_rounds= 1570 ret=+11.417 len=800.0 ent(t0,t>=1)=(0.000,1.205) aL=-0.0154 vL=0.0312 initial=[red=0.51 blue=0.49] switch=0.038
[u  296] env= 19398656 rsucc=0.952 n_rounds= 1506 ret=+11.031 len=843.1 ent(t0,t>=1)=(0.000,1.201) aL=-0.0157 vL=0.0301 initial=[red=0.51 blue=0.49] switch=0.045
[u  297] env= 19464192 rsucc=0.964 n_rounds= 1618 ret=+11.034 len=832.2 ent(t0,t>=1)=(0.000,1.182) aL=-0.0148 vL=0.0316 initial=[red=0.48 blue=0.52] switch=0.042
[u  298] env= 19529728 rsucc=0.970 n_rounds= 1616 ret=+11.568 len=801.8 ent(t0,t>=1)=(0.000,1.193) aL=-0.0166 vL=0.0316 initial=[red=0.51 blue=0.49] switch=0.037
[u  299] env= 19595264 rsucc=0.958 n_rounds= 1574 ret=+11.113 len=839.2 ent(t0,t>=1)=(0.000,1.170) aL=-0.0144 vL=0.0305 initial=[red=0.50 blue=0.50] switch=0.039
[u  300] env= 19660800 rsucc=0.963 n_rounds= 1621 ret=+11.072 len=840.3 ent(t0,t>=1)=(0.000,1.158) aL=-0.0150 vL=0.0381 initial=[red=0.50 blue=0.50] switch=0.035
[u  301] env= 19726336 rsucc=0.965 n_rounds= 1621 ret=+11.204 len=804.4 ent(t0,t>=1)=(0.000,1.184) aL=-0.0147 vL=0.0319 initial=[red=0.51 blue=0.49] switch=0.034
[u  302] env= 19791872 rsucc=0.971 n_rounds= 1613 ret=+11.523 len=797.6 ent(t0,t>=1)=(0.000,1.181) aL=-0.0152 vL=0.0325 initial=[red=0.52 blue=0.48] switch=0.035
[u  303] env= 19857408 rsucc=0.956 n_rounds= 1620 ret=+11.697 len=783.3 ent(t0,t>=1)=(0.000,1.184) aL=-0.0157 vL=0.0337 initial=[red=0.51 blue=0.49] switch=0.033
[u  304] env= 19922944 rsucc=0.962 n_rounds= 1573 ret=+11.202 len=814.0 ent(t0,t>=1)=(0.000,1.190) aL=-0.0144 vL=0.0328 initial=[red=0.50 blue=0.50] switch=0.041
[u  305] env= 19988480 rsucc=0.959 n_rounds= 1622 ret=+10.398 len=880.4 ent(t0,t>=1)=(0.000,1.172) aL=-0.0144 vL=0.0347 initial=[red=0.49 blue=0.51] switch=0.036
[u  306] env= 20054016 rsucc=0.963 n_rounds= 1630 ret=+11.623 len=793.7 ent(t0,t>=1)=(0.000,1.174) aL=-0.0142 vL=0.0351 initial=[red=0.51 blue=0.49] switch=0.037
[u  307] env= 20119552 rsucc=0.957 n_rounds= 1581 ret=+11.466 len=815.5 ent(t0,t>=1)=(0.000,1.198) aL=-0.0144 vL=0.0331 initial=[red=0.52 blue=0.48] switch=0.043
[u  308] env= 20185088 rsucc=0.956 n_rounds= 1626 ret=+11.337 len=808.0 ent(t0,t>=1)=(0.000,1.201) aL=-0.0156 vL=0.0350 initial=[red=0.48 blue=0.52] switch=0.041
[u  309] env= 20250624 rsucc=0.960 n_rounds= 1594 ret=+11.564 len=776.5 ent(t0,t>=1)=(0.000,1.226) aL=-0.0158 vL=0.0307 initial=[red=0.53 blue=0.47] switch=0.047
[u  310] env= 20316160 rsucc=0.954 n_rounds= 1553 ret=+10.426 len=880.0 ent(t0,t>=1)=(0.000,1.195) aL=-0.0142 vL=0.0320 initial=[red=0.51 blue=0.49] switch=0.043
[u  311] env= 20381696 rsucc=0.957 n_rounds= 1603 ret=+10.871 len=824.3 ent(t0,t>=1)=(0.000,1.209) aL=-0.0160 vL=0.0353 initial=[red=0.53 blue=0.47] switch=0.043
[u  312] env= 20447232 rsucc=0.966 n_rounds= 1654 ret=+11.156 len=818.3 ent(t0,t>=1)=(0.000,1.190) aL=-0.0156 vL=0.0357 initial=[red=0.51 blue=0.49] switch=0.041
[u  313] env= 20512768 rsucc=0.961 n_rounds= 1680 ret=+11.689 len=788.1 ent(t0,t>=1)=(0.000,1.184) aL=-0.0156 vL=0.0343 initial=[red=0.49 blue=0.51] switch=0.040
[u  314] env= 20578304 rsucc=0.960 n_rounds= 1538 ret=+11.070 len=828.1 ent(t0,t>=1)=(0.000,1.191) aL=-0.0169 vL=0.0307 initial=[red=0.51 blue=0.49] switch=0.043
[u  315] env= 20643840 rsucc=0.964 n_rounds= 1630 ret=+11.227 len=811.0 ent(t0,t>=1)=(0.000,1.185) aL=-0.0150 vL=0.0338 initial=[red=0.50 blue=0.50] switch=0.038
[u  316] env= 20709376 rsucc=0.968 n_rounds= 1621 ret=+11.143 len=835.6 ent(t0,t>=1)=(0.000,1.186) aL=-0.0156 vL=0.0322 initial=[red=0.50 blue=0.50] switch=0.041
[u  317] env= 20774912 rsucc=0.951 n_rounds= 1542 ret=+11.174 len=820.9 ent(t0,t>=1)=(0.000,1.204) aL=-0.0146 vL=0.0307 initial=[red=0.51 blue=0.49] switch=0.045
[u  318] env= 20840448 rsucc=0.958 n_rounds= 1548 ret=+11.630 len=786.1 ent(t0,t>=1)=(0.000,1.197) aL=-0.0147 vL=0.0318 initial=[red=0.49 blue=0.51] switch=0.041
[u  319] env= 20905984 rsucc=0.965 n_rounds= 1627 ret=+11.276 len=832.0 ent(t0,t>=1)=(0.000,1.184) aL=-0.0174 vL=0.0336 initial=[red=0.51 blue=0.49] switch=0.038
[u  320] env= 20971520 rsucc=0.945 n_rounds= 1462 ret=+10.992 len=837.4 ent(t0,t>=1)=(0.000,1.200) aL=-0.0169 vL=0.0270 initial=[red=0.50 blue=0.50] switch=0.041
[u  321] env= 21037056 rsucc=0.927 n_rounds= 1517 ret=+10.790 len=850.1 ent(t0,t>=1)=(0.000,1.212) aL=-0.0147 vL=0.0337 initial=[red=0.50 blue=0.50] switch=0.042
[u  322] env= 21102592 rsucc=0.949 n_rounds= 1593 ret=+10.750 len=833.1 ent(t0,t>=1)=(0.000,1.168) aL=-0.0154 vL=0.0318 initial=[red=0.50 blue=0.50] switch=0.037
[u  323] env= 21168128 rsucc=0.960 n_rounds= 1666 ret=+10.083 len=889.4 ent(t0,t>=1)=(0.000,1.157) aL=-0.0139 vL=0.0352 initial=[red=0.51 blue=0.49] switch=0.034
[u  324] env= 21233664 rsucc=0.949 n_rounds= 1536 ret=+11.256 len=797.0 ent(t0,t>=1)=(0.000,1.184) aL=-0.0153 vL=0.0309 initial=[red=0.51 blue=0.49] switch=0.037
[u  325] env= 21299200 rsucc=0.964 n_rounds= 1674 ret=+10.873 len=826.3 ent(t0,t>=1)=(0.000,1.144) aL=-0.0144 vL=0.0367 initial=[red=0.49 blue=0.51] switch=0.036
[u  326] env= 21364736 rsucc=0.966 n_rounds= 1598 ret=+11.799 len=765.6 ent(t0,t>=1)=(0.000,1.155) aL=-0.0155 vL=0.0312 initial=[red=0.50 blue=0.50] switch=0.039
[u  327] env= 21430272 rsucc=0.971 n_rounds= 1696 ret=+11.141 len=837.4 ent(t0,t>=1)=(0.000,1.133) aL=-0.0143 vL=0.0356 initial=[red=0.49 blue=0.51] switch=0.029
[u  328] env= 21495808 rsucc=0.971 n_rounds= 1672 ret=+11.553 len=779.4 ent(t0,t>=1)=(0.000,1.141) aL=-0.0157 vL=0.0339 initial=[red=0.51 blue=0.49] switch=0.031
[u  329] env= 21561344 rsucc=0.953 n_rounds= 1549 ret=+11.187 len=829.2 ent(t0,t>=1)=(0.000,1.151) aL=-0.0155 vL=0.0296 initial=[red=0.52 blue=0.48] switch=0.037
[u  330] env= 21626880 rsucc=0.966 n_rounds= 1652 ret=+11.587 len=803.7 ent(t0,t>=1)=(0.000,1.167) aL=-0.0160 vL=0.0328 initial=[red=0.49 blue=0.51] switch=0.036
[u  331] env= 21692416 rsucc=0.975 n_rounds= 1671 ret=+11.525 len=805.3 ent(t0,t>=1)=(0.000,1.169) aL=-0.0173 vL=0.0328 initial=[red=0.48 blue=0.52] switch=0.036
[u  332] env= 21757952 rsucc=0.965 n_rounds= 1527 ret=+11.798 len=773.3 ent(t0,t>=1)=(0.000,1.172) aL=-0.0166 vL=0.0278 initial=[red=0.49 blue=0.51] switch=0.034
[u  333] env= 21823488 rsucc=0.963 n_rounds= 1548 ret=+10.892 len=853.9 ent(t0,t>=1)=(0.000,1.170) aL=-0.0155 vL=0.0322 initial=[red=0.51 blue=0.49] switch=0.038
[u  334] env= 21889024 rsucc=0.955 n_rounds= 1578 ret=+10.891 len=841.4 ent(t0,t>=1)=(0.000,1.199) aL=-0.0159 vL=0.0335 initial=[red=0.49 blue=0.51] switch=0.040
[u  335] env= 21954560 rsucc=0.960 n_rounds= 1643 ret=+11.213 len=829.2 ent(t0,t>=1)=(0.000,1.154) aL=-0.0148 vL=0.0346 initial=[red=0.51 blue=0.49] switch=0.035
[u  336] env= 22020096 rsucc=0.954 n_rounds= 1589 ret=+11.539 len=788.5 ent(t0,t>=1)=(0.000,1.139) aL=-0.0152 vL=0.0332 initial=[red=0.49 blue=0.51] switch=0.035
[u  337] env= 22085632 rsucc=0.975 n_rounds= 1693 ret=+11.410 len=815.2 ent(t0,t>=1)=(0.000,1.159) aL=-0.0150 vL=0.0358 initial=[red=0.49 blue=0.51] switch=0.037
[u  338] env= 22151168 rsucc=0.970 n_rounds= 1619 ret=+11.241 len=823.9 ent(t0,t>=1)=(0.000,1.165) aL=-0.0168 vL=0.0318 initial=[red=0.51 blue=0.49] switch=0.037
[u  339] env= 22216704 rsucc=0.962 n_rounds= 1581 ret=+11.474 len=795.1 ent(t0,t>=1)=(0.000,1.160) aL=-0.0153 vL=0.0319 initial=[red=0.50 blue=0.50] switch=0.037
[u  340] env= 22282240 rsucc=0.945 n_rounds= 1557 ret=+10.890 len=848.3 ent(t0,t>=1)=(0.000,1.174) aL=-0.0147 vL=0.0321 initial=[red=0.49 blue=0.51] switch=0.036
[u  341] env= 22347776 rsucc=0.960 n_rounds= 1581 ret=+11.446 len=797.7 ent(t0,t>=1)=(0.000,1.158) aL=-0.0142 vL=0.0340 initial=[red=0.51 blue=0.49] switch=0.033
[u  342] env= 22413312 rsucc=0.977 n_rounds= 1686 ret=+11.761 len=775.0 ent(t0,t>=1)=(0.000,1.151) aL=-0.0159 vL=0.0365 initial=[red=0.50 blue=0.50] switch=0.029
[u  343] env= 22478848 rsucc=0.974 n_rounds= 1666 ret=+11.449 len=798.7 ent(t0,t>=1)=(0.000,1.163) aL=-0.0163 vL=0.0313 initial=[red=0.50 blue=0.50] switch=0.031
[u  344] env= 22544384 rsucc=0.967 n_rounds= 1604 ret=+11.369 len=808.9 ent(t0,t>=1)=(0.000,1.166) aL=-0.0143 vL=0.0316 initial=[red=0.49 blue=0.51] switch=0.034
[u  345] env= 22609920 rsucc=0.972 n_rounds= 1618 ret=+10.958 len=865.0 ent(t0,t>=1)=(0.000,1.171) aL=-0.0160 vL=0.0329 initial=[red=0.51 blue=0.49] switch=0.039
[u  346] env= 22675456 rsucc=0.957 n_rounds= 1630 ret=+11.454 len=806.1 ent(t0,t>=1)=(0.000,1.178) aL=-0.0155 vL=0.0346 initial=[red=0.50 blue=0.50] switch=0.037
[u  347] env= 22740992 rsucc=0.962 n_rounds= 1615 ret=+11.654 len=784.3 ent(t0,t>=1)=(0.000,1.188) aL=-0.0150 vL=0.0340 initial=[red=0.52 blue=0.48] switch=0.035
[u  348] env= 22806528 rsucc=0.957 n_rounds= 1636 ret=+11.526 len=791.3 ent(t0,t>=1)=(0.000,1.187) aL=-0.0164 vL=0.0350 initial=[red=0.48 blue=0.52] switch=0.041
[u  349] env= 22872064 rsucc=0.959 n_rounds= 1571 ret=+11.056 len=853.1 ent(t0,t>=1)=(0.000,1.171) aL=-0.0152 vL=0.0311 initial=[red=0.53 blue=0.47] switch=0.034
[u  350] env= 22937600 rsucc=0.953 n_rounds= 1531 ret=+10.912 len=831.8 ent(t0,t>=1)=(0.000,1.187) aL=-0.0164 vL=0.0313 initial=[red=0.52 blue=0.48] switch=0.040
[u  351] env= 23003136 rsucc=0.963 n_rounds= 1579 ret=+11.014 len=830.7 ent(t0,t>=1)=(0.000,1.169) aL=-0.0149 vL=0.0335 initial=[red=0.52 blue=0.48] switch=0.039
[u  352] env= 23068672 rsucc=0.965 n_rounds= 1652 ret=+11.378 len=805.4 ent(t0,t>=1)=(0.000,1.140) aL=-0.0156 vL=0.0332 initial=[red=0.52 blue=0.48] switch=0.033
[u  353] env= 23134208 rsucc=0.982 n_rounds= 1630 ret=+11.781 len=780.0 ent(t0,t>=1)=(0.000,1.147) aL=-0.0166 vL=0.0311 initial=[red=0.48 blue=0.52] switch=0.031
[u  354] env= 23199744 rsucc=0.968 n_rounds= 1656 ret=+11.297 len=828.4 ent(t0,t>=1)=(0.000,1.157) aL=-0.0148 vL=0.0335 initial=[red=0.50 blue=0.50] switch=0.038
[u  355] env= 23265280 rsucc=0.962 n_rounds= 1578 ret=+11.448 len=822.3 ent(t0,t>=1)=(0.000,1.161) aL=-0.0163 vL=0.0317 initial=[red=0.50 blue=0.50] switch=0.041
[u  356] env= 23330816 rsucc=0.959 n_rounds= 1604 ret=+11.037 len=827.0 ent(t0,t>=1)=(0.000,1.166) aL=-0.0147 vL=0.0338 initial=[red=0.50 blue=0.50] switch=0.041
[u  357] env= 23396352 rsucc=0.965 n_rounds= 1670 ret=+11.391 len=798.4 ent(t0,t>=1)=(0.000,1.159) aL=-0.0155 vL=0.0361 initial=[red=0.48 blue=0.52] switch=0.034
[u  358] env= 23461888 rsucc=0.962 n_rounds= 1596 ret=+11.725 len=786.4 ent(t0,t>=1)=(0.000,1.159) aL=-0.0153 vL=0.0330 initial=[red=0.51 blue=0.49] switch=0.040
[u  359] env= 23527424 rsucc=0.964 n_rounds= 1682 ret=+11.066 len=832.1 ent(t0,t>=1)=(0.000,1.157) aL=-0.0156 vL=0.0368 initial=[red=0.49 blue=0.51] switch=0.036
[u  360] env= 23592960 rsucc=0.975 n_rounds= 1632 ret=+12.325 len=746.3 ent(t0,t>=1)=(0.000,1.145) aL=-0.0164 vL=0.0307 initial=[red=0.51 blue=0.49] switch=0.035
[u  361] env= 23658496 rsucc=0.965 n_rounds= 1591 ret=+11.627 len=805.6 ent(t0,t>=1)=(0.000,1.129) aL=-0.0163 vL=0.0337 initial=[red=0.50 blue=0.50] switch=0.034
[u  362] env= 23724032 rsucc=0.965 n_rounds= 1601 ret=+11.192 len=808.9 ent(t0,t>=1)=(0.000,1.137) aL=-0.0176 vL=0.0318 initial=[red=0.48 blue=0.52] switch=0.040
[u  363] env= 23789568 rsucc=0.963 n_rounds= 1659 ret=+11.150 len=822.2 ent(t0,t>=1)=(0.000,1.134) aL=-0.0168 vL=0.0360 initial=[red=0.49 blue=0.51] switch=0.035
[u  364] env= 23855104 rsucc=0.968 n_rounds= 1677 ret=+11.654 len=794.0 ent(t0,t>=1)=(0.000,1.133) aL=-0.0156 vL=0.0364 initial=[red=0.49 blue=0.51] switch=0.031
[u  365] env= 23920640 rsucc=0.967 n_rounds= 1626 ret=+11.530 len=794.9 ent(t0,t>=1)=(0.000,1.142) aL=-0.0165 vL=0.0327 initial=[red=0.50 blue=0.50] switch=0.039
[u  366] env= 23986176 rsucc=0.960 n_rounds= 1584 ret=+11.306 len=820.3 ent(t0,t>=1)=(0.000,1.138) aL=-0.0150 vL=0.0322 initial=[red=0.50 blue=0.50] switch=0.034
[u  367] env= 24051712 rsucc=0.954 n_rounds= 1515 ret=+11.238 len=819.4 ent(t0,t>=1)=(0.000,1.139) aL=-0.0153 vL=0.0327 initial=[red=0.49 blue=0.51] switch=0.035
[u  368] env= 24117248 rsucc=0.954 n_rounds= 1652 ret=+10.880 len=850.0 ent(t0,t>=1)=(0.000,1.134) aL=-0.0150 vL=0.0365 initial=[red=0.49 blue=0.51] switch=0.035
[u  369] env= 24182784 rsucc=0.969 n_rounds= 1665 ret=+12.363 len=707.9 ent(t0,t>=1)=(0.000,1.122) aL=-0.0135 vL=0.0345 initial=[red=0.51 blue=0.49] switch=0.036
[u  370] env= 24248320 rsucc=0.980 n_rounds= 1666 ret=+11.229 len=819.8 ent(t0,t>=1)=(0.000,1.117) aL=-0.0150 vL=0.0352 initial=[red=0.50 blue=0.50] switch=0.031
[u  371] env= 24313856 rsucc=0.952 n_rounds= 1538 ret=+10.657 len=876.0 ent(t0,t>=1)=(0.000,1.127) aL=-0.0153 vL=0.0298 initial=[red=0.50 blue=0.50] switch=0.039
[u  372] env= 24379392 rsucc=0.939 n_rounds= 1567 ret=+11.298 len=832.5 ent(t0,t>=1)=(0.000,1.133) aL=-0.0137 vL=0.0310 initial=[red=0.50 blue=0.50] switch=0.050
[u  373] env= 24444928 rsucc=0.974 n_rounds= 1656 ret=+11.328 len=796.4 ent(t0,t>=1)=(0.000,1.123) aL=-0.0159 vL=0.0327 initial=[red=0.50 blue=0.50] switch=0.047
[u  374] env= 24510464 rsucc=0.964 n_rounds= 1672 ret=+11.778 len=764.1 ent(t0,t>=1)=(0.000,1.133) aL=-0.0136 vL=0.0356 initial=[red=0.53 blue=0.47] switch=0.043
[u  375] env= 24576000 rsucc=0.971 n_rounds= 1640 ret=+11.319 len=816.1 ent(t0,t>=1)=(0.000,1.121) aL=-0.0158 vL=0.0332 initial=[red=0.52 blue=0.48] switch=0.043
[u  376] env= 24641536 rsucc=0.984 n_rounds= 1666 ret=+11.389 len=814.5 ent(t0,t>=1)=(0.000,1.105) aL=-0.0149 vL=0.0329 initial=[red=0.49 blue=0.51] switch=0.036
[u  377] env= 24707072 rsucc=0.957 n_rounds= 1600 ret=+11.572 len=802.7 ent(t0,t>=1)=(0.000,1.125) aL=-0.0149 vL=0.0318 initial=[red=0.49 blue=0.51] switch=0.040
[u  378] env= 24772608 rsucc=0.968 n_rounds= 1680 ret=+11.758 len=784.3 ent(t0,t>=1)=(0.000,1.111) aL=-0.0151 vL=0.0359 initial=[red=0.49 blue=0.51] switch=0.038
[u  379] env= 24838144 rsucc=0.978 n_rounds= 1662 ret=+11.811 len=768.3 ent(t0,t>=1)=(0.000,1.093) aL=-0.0138 vL=0.0327 initial=[red=0.50 blue=0.50] switch=0.033
[u  380] env= 24903680 rsucc=0.969 n_rounds= 1616 ret=+11.788 len=791.3 ent(t0,t>=1)=(0.000,1.112) aL=-0.0152 vL=0.0346 initial=[red=0.51 blue=0.49] switch=0.035
[u  381] env= 24969216 rsucc=0.969 n_rounds= 1624 ret=+11.225 len=843.5 ent(t0,t>=1)=(0.000,1.103) aL=-0.0154 vL=0.0311 initial=[red=0.50 blue=0.50] switch=0.034
[u  382] env= 25034752 rsucc=0.955 n_rounds= 1569 ret=+11.374 len=813.0 ent(t0,t>=1)=(0.000,1.110) aL=-0.0143 vL=0.0314 initial=[red=0.52 blue=0.48] switch=0.037
[u  383] env= 25100288 rsucc=0.955 n_rounds= 1594 ret=+11.568 len=800.1 ent(t0,t>=1)=(0.000,1.113) aL=-0.0149 vL=0.0351 initial=[red=0.49 blue=0.51] switch=0.041
[u  384] env= 25165824 rsucc=0.970 n_rounds= 1645 ret=+11.605 len=784.0 ent(t0,t>=1)=(0.000,1.112) aL=-0.0142 vL=0.0348 initial=[red=0.50 blue=0.50] switch=0.034
[u  385] env= 25231360 rsucc=0.969 n_rounds= 1637 ret=+10.755 len=857.8 ent(t0,t>=1)=(0.000,1.104) aL=-0.0148 vL=0.0363 initial=[red=0.52 blue=0.48] switch=0.033
[u  386] env= 25296896 rsucc=0.971 n_rounds= 1658 ret=+11.487 len=804.8 ent(t0,t>=1)=(0.000,1.114) aL=-0.0158 vL=0.0357 initial=[red=0.50 blue=0.50] switch=0.034
[u  387] env= 25362432 rsucc=0.960 n_rounds= 1653 ret=+11.609 len=787.7 ent(t0,t>=1)=(0.000,1.115) aL=-0.0166 vL=0.0375 initial=[red=0.49 blue=0.51] switch=0.037
[u  388] env= 25427968 rsucc=0.973 n_rounds= 1602 ret=+11.767 len=782.2 ent(t0,t>=1)=(0.000,1.119) aL=-0.0160 vL=0.0330 initial=[red=0.51 blue=0.49] switch=0.039
[u  389] env= 25493504 rsucc=0.957 n_rounds= 1605 ret=+11.615 len=796.5 ent(t0,t>=1)=(0.000,1.120) aL=-0.0152 vL=0.0337 initial=[red=0.50 blue=0.50] switch=0.042
[u  390] env= 25559040 rsucc=0.971 n_rounds= 1586 ret=+10.945 len=860.6 ent(t0,t>=1)=(0.000,1.124) aL=-0.0155 vL=0.0334 initial=[red=0.48 blue=0.52] switch=0.038
[u  391] env= 25624576 rsucc=0.963 n_rounds= 1708 ret=+12.342 len=732.3 ent(t0,t>=1)=(0.000,1.105) aL=-0.0142 vL=0.0389 initial=[red=0.50 blue=0.50] switch=0.036
[u  392] env= 25690112 rsucc=0.974 n_rounds= 1659 ret=+11.641 len=809.2 ent(t0,t>=1)=(0.000,1.118) aL=-0.0149 vL=0.0329 initial=[red=0.50 blue=0.50] switch=0.042
[u  393] env= 25755648 rsucc=0.978 n_rounds= 1611 ret=+12.173 len=743.8 ent(t0,t>=1)=(0.000,1.113) aL=-0.0148 vL=0.0306 initial=[red=0.48 blue=0.52] switch=0.036
[u  394] env= 25821184 rsucc=0.976 n_rounds= 1695 ret=+10.669 len=865.9 ent(t0,t>=1)=(0.000,1.123) aL=-0.0163 vL=0.0352 initial=[red=0.49 blue=0.51] switch=0.043
[u  395] env= 25886720 rsucc=0.972 n_rounds= 1658 ret=+11.380 len=824.8 ent(t0,t>=1)=(0.000,1.112) aL=-0.0156 vL=0.0346 initial=[red=0.50 blue=0.50] switch=0.040
[u  396] env= 25952256 rsucc=0.978 n_rounds= 1758 ret=+11.581 len=804.7 ent(t0,t>=1)=(0.000,1.115) aL=-0.0148 vL=0.0387 initial=[red=0.50 blue=0.50] switch=0.040
[u  397] env= 26017792 rsucc=0.984 n_rounds= 1672 ret=+12.704 len=709.4 ent(t0,t>=1)=(0.000,1.122) aL=-0.0153 vL=0.0363 initial=[red=0.51 blue=0.49] switch=0.037
[u  398] env= 26083328 rsucc=0.960 n_rounds= 1591 ret=+11.855 len=789.6 ent(t0,t>=1)=(0.000,1.104) aL=-0.0152 vL=0.0323 initial=[red=0.52 blue=0.48] switch=0.039
[u  399] env= 26148864 rsucc=0.957 n_rounds= 1671 ret=+11.055 len=844.5 ent(t0,t>=1)=(0.000,1.094) aL=-0.0150 vL=0.0368 initial=[red=0.51 blue=0.49] switch=0.039
[u  400] env= 26214400 rsucc=0.975 n_rounds= 1628 ret=+12.318 len=726.3 ent(t0,t>=1)=(0.000,1.108) aL=-0.0144 vL=0.0347 initial=[red=0.50 blue=0.50] switch=0.037
[u  401] env= 26279936 rsucc=0.978 n_rounds= 1616 ret=+11.416 len=815.2 ent(t0,t>=1)=(0.000,1.086) aL=-0.0156 vL=0.0308 initial=[red=0.51 blue=0.49] switch=0.039
[u  402] env= 26345472 rsucc=0.962 n_rounds= 1577 ret=+10.827 len=867.3 ent(t0,t>=1)=(0.000,1.097) aL=-0.0153 vL=0.0330 initial=[red=0.50 blue=0.50] switch=0.042
[u  403] env= 26411008 rsucc=0.973 n_rounds= 1644 ret=+11.010 len=847.6 ent(t0,t>=1)=(0.000,1.112) aL=-0.0158 vL=0.0345 initial=[red=0.49 blue=0.51] switch=0.043
[u  404] env= 26476544 rsucc=0.959 n_rounds= 1579 ret=+11.845 len=772.8 ent(t0,t>=1)=(0.000,1.097) aL=-0.0146 vL=0.0336 initial=[red=0.50 blue=0.50] switch=0.039
[u  405] env= 26542080 rsucc=0.963 n_rounds= 1615 ret=+11.748 len=775.4 ent(t0,t>=1)=(0.000,1.088) aL=-0.0155 vL=0.0373 initial=[red=0.47 blue=0.53] switch=0.041
[u  406] env= 26607616 rsucc=0.957 n_rounds= 1573 ret=+11.358 len=801.2 ent(t0,t>=1)=(0.000,1.089) aL=-0.0153 vL=0.0357 initial=[red=0.51 blue=0.49] switch=0.044
[u  407] env= 26673152 rsucc=0.963 n_rounds= 1640 ret=+10.829 len=852.3 ent(t0,t>=1)=(0.000,1.092) aL=-0.0148 vL=0.0347 initial=[red=0.49 blue=0.51] switch=0.045
[u  408] env= 26738688 rsucc=0.976 n_rounds= 1713 ret=+11.558 len=808.0 ent(t0,t>=1)=(0.000,1.091) aL=-0.0146 vL=0.0361 initial=[red=0.49 blue=0.51] switch=0.035
[u  409] env= 26804224 rsucc=0.974 n_rounds= 1697 ret=+12.017 len=773.9 ent(t0,t>=1)=(0.000,1.070) aL=-0.0155 vL=0.0336 initial=[red=0.50 blue=0.50] switch=0.031
[u  410] env= 26869760 rsucc=0.971 n_rounds= 1703 ret=+12.119 len=756.3 ent(t0,t>=1)=(0.000,1.092) aL=-0.0160 vL=0.0378 initial=[red=0.51 blue=0.49] switch=0.032
[u  411] env= 26935296 rsucc=0.972 n_rounds= 1620 ret=+12.146 len=737.6 ent(t0,t>=1)=(0.000,1.076) aL=-0.0155 vL=0.0329 initial=[red=0.50 blue=0.50] switch=0.036
[u  412] env= 27000832 rsucc=0.972 n_rounds= 1592 ret=+10.692 len=872.6 ent(t0,t>=1)=(0.000,1.088) aL=-0.0143 vL=0.0325 initial=[red=0.51 blue=0.49] switch=0.036
[u  413] env= 27066368 rsucc=0.972 n_rounds= 1673 ret=+11.612 len=805.9 ent(t0,t>=1)=(0.000,1.078) aL=-0.0153 vL=0.0376 initial=[red=0.51 blue=0.49] switch=0.041
[u  414] env= 27131904 rsucc=0.974 n_rounds= 1756 ret=+11.993 len=783.3 ent(t0,t>=1)=(0.000,1.084) aL=-0.0149 vL=0.0374 initial=[red=0.51 blue=0.49] switch=0.041
[u  415] env= 27197440 rsucc=0.973 n_rounds= 1641 ret=+12.803 len=688.6 ent(t0,t>=1)=(0.000,1.067) aL=-0.0154 vL=0.0334 initial=[red=0.52 blue=0.48] switch=0.032
[u  416] env= 27262976 rsucc=0.961 n_rounds= 1575 ret=+11.038 len=837.4 ent(t0,t>=1)=(0.000,1.083) aL=-0.0158 vL=0.0335 initial=[red=0.50 blue=0.50] switch=0.037
[u  417] env= 27328512 rsucc=0.958 n_rounds= 1570 ret=+10.997 len=836.4 ent(t0,t>=1)=(0.000,1.074) aL=-0.0152 vL=0.0349 initial=[red=0.51 blue=0.49] switch=0.033
[u  418] env= 27394048 rsucc=0.966 n_rounds= 1647 ret=+11.580 len=803.6 ent(t0,t>=1)=(0.000,1.071) aL=-0.0149 vL=0.0360 initial=[red=0.52 blue=0.48] switch=0.031
[u  419] env= 27459584 rsucc=0.953 n_rounds= 1583 ret=+11.747 len=782.4 ent(t0,t>=1)=(0.000,1.073) aL=-0.0161 vL=0.0339 initial=[red=0.51 blue=0.49] switch=0.036
[u  420] env= 27525120 rsucc=0.962 n_rounds= 1619 ret=+10.944 len=845.4 ent(t0,t>=1)=(0.000,1.066) aL=-0.0133 vL=0.0347 initial=[red=0.47 blue=0.53] switch=0.034
[u  421] env= 27590656 rsucc=0.963 n_rounds= 1709 ret=+11.096 len=808.3 ent(t0,t>=1)=(0.000,1.069) aL=-0.0148 vL=0.0359 initial=[red=0.49 blue=0.51] switch=0.031
[u  422] env= 27656192 rsucc=0.984 n_rounds= 1698 ret=+11.570 len=787.3 ent(t0,t>=1)=(0.000,1.072) aL=-0.0153 vL=0.0325 initial=[red=0.52 blue=0.48] switch=0.032
[u  423] env= 27721728 rsucc=0.972 n_rounds= 1599 ret=+12.086 len=771.6 ent(t0,t>=1)=(0.000,1.080) aL=-0.0145 vL=0.0318 initial=[red=0.52 blue=0.48] switch=0.037
[u  424] env= 27787264 rsucc=0.981 n_rounds= 1685 ret=+11.217 len=839.1 ent(t0,t>=1)=(0.000,1.069) aL=-0.0137 vL=0.0345 initial=[red=0.51 blue=0.49] switch=0.030
[u  425] env= 27852800 rsucc=0.972 n_rounds= 1703 ret=+12.258 len=754.9 ent(t0,t>=1)=(0.000,1.068) aL=-0.0154 vL=0.0360 initial=[red=0.48 blue=0.52] switch=0.034
[u  426] env= 27918336 rsucc=0.974 n_rounds= 1664 ret=+12.370 len=745.5 ent(t0,t>=1)=(0.000,1.072) aL=-0.0152 vL=0.0346 initial=[red=0.49 blue=0.51] switch=0.031
[u  427] env= 27983872 rsucc=0.975 n_rounds= 1691 ret=+11.889 len=779.6 ent(t0,t>=1)=(0.000,1.044) aL=-0.0147 vL=0.0367 initial=[red=0.51 blue=0.49] switch=0.027
[u  428] env= 28049408 rsucc=0.960 n_rounds= 1636 ret=+11.995 len=777.9 ent(t0,t>=1)=(0.000,1.064) aL=-0.0145 vL=0.0346 initial=[red=0.49 blue=0.51] switch=0.031
[u  429] env= 28114944 rsucc=0.974 n_rounds= 1673 ret=+11.890 len=774.4 ent(t0,t>=1)=(0.000,1.053) aL=-0.0146 vL=0.0333 initial=[red=0.49 blue=0.51] switch=0.030
[u  430] env= 28180480 rsucc=0.977 n_rounds= 1630 ret=+10.957 len=856.9 ent(t0,t>=1)=(0.000,1.070) aL=-0.0170 vL=0.0336 initial=[red=0.49 blue=0.51] switch=0.032
[u  431] env= 28246016 rsucc=0.955 n_rounds= 1630 ret=+11.871 len=776.1 ent(t0,t>=1)=(0.000,1.102) aL=-0.0156 vL=0.0367 initial=[red=0.51 blue=0.49] switch=0.034
[u  432] env= 28311552 rsucc=0.974 n_rounds= 1607 ret=+11.582 len=795.7 ent(t0,t>=1)=(0.000,1.078) aL=-0.0155 vL=0.0342 initial=[red=0.48 blue=0.52] switch=0.035
[u  433] env= 28377088 rsucc=0.970 n_rounds= 1631 ret=+11.234 len=812.6 ent(t0,t>=1)=(0.000,1.073) aL=-0.0175 vL=0.0364 initial=[red=0.49 blue=0.51] switch=0.034
[u  434] env= 28442624 rsucc=0.968 n_rounds= 1658 ret=+11.603 len=804.8 ent(t0,t>=1)=(0.000,1.063) aL=-0.0152 vL=0.0374 initial=[red=0.51 blue=0.49] switch=0.034
[u  435] env= 28508160 rsucc=0.978 n_rounds= 1706 ret=+11.806 len=780.7 ent(t0,t>=1)=(0.000,1.052) aL=-0.0153 vL=0.0344 initial=[red=0.50 blue=0.50] switch=0.032
[u  436] env= 28573696 rsucc=0.961 n_rounds= 1546 ret=+11.443 len=813.9 ent(t0,t>=1)=(0.000,1.085) aL=-0.0150 vL=0.0326 initial=[red=0.50 blue=0.50] switch=0.045
[u  437] env= 28639232 rsucc=0.955 n_rounds= 1615 ret=+11.370 len=808.5 ent(t0,t>=1)=(0.000,1.058) aL=-0.0130 vL=0.0382 initial=[red=0.49 blue=0.51] switch=0.035
[u  438] env= 28704768 rsucc=0.973 n_rounds= 1681 ret=+11.621 len=789.0 ent(t0,t>=1)=(0.000,1.053) aL=-0.0146 vL=0.0356 initial=[red=0.51 blue=0.49] switch=0.034
[u  439] env= 28770304 rsucc=0.972 n_rounds= 1606 ret=+11.346 len=803.5 ent(t0,t>=1)=(0.000,1.057) aL=-0.0154 vL=0.0325 initial=[red=0.50 blue=0.50] switch=0.037
[u  440] env= 28835840 rsucc=0.968 n_rounds= 1671 ret=+11.687 len=789.2 ent(t0,t>=1)=(0.000,1.055) aL=-0.0145 vL=0.0369 initial=[red=0.48 blue=0.52] switch=0.034
[u  441] env= 28901376 rsucc=0.969 n_rounds= 1725 ret=+11.719 len=796.4 ent(t0,t>=1)=(0.000,1.040) aL=-0.0151 vL=0.0368 initial=[red=0.48 blue=0.52] switch=0.033
[u  442] env= 28966912 rsucc=0.975 n_rounds= 1710 ret=+11.911 len=778.9 ent(t0,t>=1)=(0.000,1.041) aL=-0.0152 vL=0.0359 initial=[red=0.51 blue=0.49] switch=0.031
[u  443] env= 29032448 rsucc=0.973 n_rounds= 1671 ret=+11.882 len=778.9 ent(t0,t>=1)=(0.000,1.054) aL=-0.0159 vL=0.0351 initial=[red=0.49 blue=0.51] switch=0.041
[u  444] env= 29097984 rsucc=0.971 n_rounds= 1681 ret=+11.716 len=790.7 ent(t0,t>=1)=(0.000,1.043) aL=-0.0147 vL=0.0364 initial=[red=0.50 blue=0.50] switch=0.037
[u  445] env= 29163520 rsucc=0.975 n_rounds= 1711 ret=+12.037 len=757.6 ent(t0,t>=1)=(0.000,1.047) aL=-0.0147 vL=0.0352 initial=[red=0.48 blue=0.52] switch=0.036
[u  446] env= 29229056 rsucc=0.965 n_rounds= 1653 ret=+11.864 len=773.5 ent(t0,t>=1)=(0.000,1.045) aL=-0.0153 vL=0.0350 initial=[red=0.49 blue=0.51] switch=0.034
[u  447] env= 29294592 rsucc=0.971 n_rounds= 1638 ret=+11.293 len=825.4 ent(t0,t>=1)=(0.000,1.046) aL=-0.0139 vL=0.0347 initial=[red=0.50 blue=0.50] switch=0.036
[u  448] env= 29360128 rsucc=0.978 n_rounds= 1643 ret=+11.728 len=770.5 ent(t0,t>=1)=(0.000,1.069) aL=-0.0161 vL=0.0337 initial=[red=0.51 blue=0.49] switch=0.039
[u  449] env= 29425664 rsucc=0.968 n_rounds= 1681 ret=+11.504 len=808.7 ent(t0,t>=1)=(0.000,1.081) aL=-0.0146 vL=0.0363 initial=[red=0.51 blue=0.49] switch=0.036
[u  450] env= 29491200 rsucc=0.964 n_rounds= 1608 ret=+11.899 len=776.2 ent(t0,t>=1)=(0.000,1.058) aL=-0.0147 vL=0.0322 initial=[red=0.51 blue=0.49] switch=0.033
[u  451] env= 29556736 rsucc=0.962 n_rounds= 1649 ret=+11.823 len=759.9 ent(t0,t>=1)=(0.000,1.068) aL=-0.0137 vL=0.0349 initial=[red=0.49 blue=0.51] switch=0.034
[u  452] env= 29622272 rsucc=0.977 n_rounds= 1662 ret=+11.222 len=837.1 ent(t0,t>=1)=(0.000,1.068) aL=-0.0147 vL=0.0354 initial=[red=0.49 blue=0.51] switch=0.032
[u  453] env= 29687808 rsucc=0.973 n_rounds= 1641 ret=+11.752 len=806.7 ent(t0,t>=1)=(0.000,1.068) aL=-0.0159 vL=0.0344 initial=[red=0.49 blue=0.51] switch=0.035
[u  454] env= 29753344 rsucc=0.977 n_rounds= 1636 ret=+12.286 len=756.9 ent(t0,t>=1)=(0.000,1.071) aL=-0.0156 vL=0.0338 initial=[red=0.49 blue=0.51] switch=0.036
[u  455] env= 29818880 rsucc=0.979 n_rounds= 1661 ret=+11.807 len=786.2 ent(t0,t>=1)=(0.000,1.030) aL=-0.0152 vL=0.0341 initial=[red=0.49 blue=0.51] switch=0.033
[u  456] env= 29884416 rsucc=0.976 n_rounds= 1675 ret=+11.157 len=836.6 ent(t0,t>=1)=(0.000,1.040) aL=-0.0137 vL=0.0339 initial=[red=0.50 blue=0.50] switch=0.033
[u  457] env= 29949952 rsucc=0.980 n_rounds= 1735 ret=+12.252 len=748.9 ent(t0,t>=1)=(0.000,1.011) aL=-0.0143 vL=0.0361 initial=[red=0.52 blue=0.48] switch=0.028
[u  458] env= 30015488 rsucc=0.985 n_rounds= 1687 ret=+11.975 len=788.1 ent(t0,t>=1)=(0.000,1.024) aL=-0.0145 vL=0.0355 initial=[red=0.50 blue=0.50] switch=0.030
[u  459] env= 30081024 rsucc=0.967 n_rounds= 1584 ret=+12.008 len=775.9 ent(t0,t>=1)=(0.000,1.052) aL=-0.0143 vL=0.0325 initial=[red=0.51 blue=0.49] switch=0.033
[u  460] env= 30146560 rsucc=0.966 n_rounds= 1703 ret=+12.061 len=774.0 ent(t0,t>=1)=(0.000,1.040) aL=-0.0148 vL=0.0385 initial=[red=0.51 blue=0.49] switch=0.030
[u  461] env= 30212096 rsucc=0.983 n_rounds= 1740 ret=+11.979 len=777.8 ent(t0,t>=1)=(0.000,1.035) aL=-0.0161 vL=0.0359 initial=[red=0.51 blue=0.49] switch=0.030
[u  462] env= 30277632 rsucc=0.971 n_rounds= 1672 ret=+12.102 len=765.9 ent(t0,t>=1)=(0.000,1.028) aL=-0.0141 vL=0.0343 initial=[red=0.50 blue=0.50] switch=0.031
[u  463] env= 30343168 rsucc=0.964 n_rounds= 1619 ret=+11.146 len=830.3 ent(t0,t>=1)=(0.000,1.041) aL=-0.0143 vL=0.0332 initial=[red=0.46 blue=0.54] switch=0.035
[u  464] env= 30408704 rsucc=0.981 n_rounds= 1753 ret=+11.827 len=764.6 ent(t0,t>=1)=(0.000,1.034) aL=-0.0145 vL=0.0367 initial=[red=0.51 blue=0.49] switch=0.034
[u  465] env= 30474240 rsucc=0.971 n_rounds= 1646 ret=+12.168 len=768.3 ent(t0,t>=1)=(0.000,1.048) aL=-0.0157 vL=0.0330 initial=[red=0.49 blue=0.51] switch=0.033
[u  466] env= 30539776 rsucc=0.974 n_rounds= 1643 ret=+11.782 len=780.4 ent(t0,t>=1)=(0.000,1.043) aL=-0.0145 vL=0.0366 initial=[red=0.49 blue=0.51] switch=0.032
[u  467] env= 30605312 rsucc=0.972 n_rounds= 1622 ret=+11.872 len=792.2 ent(t0,t>=1)=(0.000,1.043) aL=-0.0148 vL=0.0339 initial=[red=0.50 blue=0.50] switch=0.032
[u  468] env= 30670848 rsucc=0.949 n_rounds= 1563 ret=+11.109 len=841.8 ent(t0,t>=1)=(0.000,1.038) aL=-0.0145 vL=0.0312 initial=[red=0.50 blue=0.50] switch=0.039
[u  469] env= 30736384 rsucc=0.972 n_rounds= 1736 ret=+11.285 len=820.6 ent(t0,t>=1)=(0.000,1.036) aL=-0.0147 vL=0.0366 initial=[red=0.48 blue=0.52] switch=0.034
[u  470] env= 30801920 rsucc=0.984 n_rounds= 1727 ret=+12.579 len=709.7 ent(t0,t>=1)=(0.000,1.024) aL=-0.0140 vL=0.0347 initial=[red=0.50 blue=0.50] switch=0.031
[u  471] env= 30867456 rsucc=0.983 n_rounds= 1756 ret=+11.606 len=802.3 ent(t0,t>=1)=(0.000,0.999) aL=-0.0147 vL=0.0359 initial=[red=0.50 blue=0.50] switch=0.029
[u  472] env= 30932992 rsucc=0.983 n_rounds= 1778 ret=+12.019 len=757.7 ent(t0,t>=1)=(0.000,1.012) aL=-0.0139 vL=0.0385 initial=[red=0.51 blue=0.49] switch=0.032
[u  473] env= 30998528 rsucc=0.975 n_rounds= 1725 ret=+12.108 len=779.2 ent(t0,t>=1)=(0.000,1.031) aL=-0.0138 vL=0.0381 initial=[red=0.49 blue=0.51] switch=0.037
[u  474] env= 31064064 rsucc=0.976 n_rounds= 1647 ret=+12.302 len=739.3 ent(t0,t>=1)=(0.000,1.028) aL=-0.0148 vL=0.0328 initial=[red=0.51 blue=0.49] switch=0.029
[u  475] env= 31129600 rsucc=0.971 n_rounds= 1640 ret=+12.037 len=783.5 ent(t0,t>=1)=(0.000,1.041) aL=-0.0137 vL=0.0350 initial=[red=0.50 blue=0.50] switch=0.034
[u  476] env= 31195136 rsucc=0.955 n_rounds= 1547 ret=+11.948 len=770.3 ent(t0,t>=1)=(0.000,1.032) aL=-0.0151 vL=0.0314 initial=[red=0.49 blue=0.51] switch=0.036
[u  477] env= 31260672 rsucc=0.969 n_rounds= 1656 ret=+11.258 len=828.5 ent(t0,t>=1)=(0.000,1.021) aL=-0.0151 vL=0.0342 initial=[red=0.51 blue=0.49] switch=0.034
[u  478] env= 31326208 rsucc=0.964 n_rounds= 1597 ret=+11.682 len=785.4 ent(t0,t>=1)=(0.000,1.018) aL=-0.0147 vL=0.0336 initial=[red=0.50 blue=0.50] switch=0.040
[u  479] env= 31391744 rsucc=0.963 n_rounds= 1638 ret=+10.896 len=852.1 ent(t0,t>=1)=(0.000,1.014) aL=-0.0143 vL=0.0380 initial=[red=0.52 blue=0.48] switch=0.038
[u  480] env= 31457280 rsucc=0.964 n_rounds= 1606 ret=+12.127 len=745.3 ent(t0,t>=1)=(0.000,1.024) aL=-0.0150 vL=0.0332 initial=[red=0.51 blue=0.49] switch=0.034
[u  481] env= 31522816 rsucc=0.975 n_rounds= 1674 ret=+10.932 len=846.7 ent(t0,t>=1)=(0.000,1.016) aL=-0.0139 vL=0.0348 initial=[red=0.50 blue=0.50] switch=0.029
[u  482] env= 31588352 rsucc=0.975 n_rounds= 1725 ret=+11.262 len=819.8 ent(t0,t>=1)=(0.000,1.018) aL=-0.0151 vL=0.0350 initial=[red=0.51 blue=0.49] switch=0.028
[u  483] env= 31653888 rsucc=0.968 n_rounds= 1608 ret=+12.356 len=737.0 ent(t0,t>=1)=(0.000,1.015) aL=-0.0151 vL=0.0322 initial=[red=0.50 blue=0.50] switch=0.031
[u  484] env= 31719424 rsucc=0.978 n_rounds= 1662 ret=+11.703 len=786.7 ent(t0,t>=1)=(0.000,1.018) aL=-0.0133 vL=0.0359 initial=[red=0.49 blue=0.51] switch=0.035
[u  485] env= 31784960 rsucc=0.987 n_rounds= 1683 ret=+11.887 len=788.0 ent(t0,t>=1)=(0.000,0.998) aL=-0.0148 vL=0.0325 initial=[red=0.51 blue=0.49] switch=0.031
[u  486] env= 31850496 rsucc=0.959 n_rounds= 1668 ret=+11.225 len=837.1 ent(t0,t>=1)=(0.000,1.010) aL=-0.0141 vL=0.0379 initial=[red=0.53 blue=0.47] switch=0.033
[u  487] env= 31916032 rsucc=0.982 n_rounds= 1695 ret=+12.499 len=728.6 ent(t0,t>=1)=(0.000,1.002) aL=-0.0130 vL=0.0335 initial=[red=0.49 blue=0.51] switch=0.033
[u  488] env= 31981568 rsucc=0.985 n_rounds= 1696 ret=+12.363 len=750.1 ent(t0,t>=1)=(0.000,1.011) aL=-0.0138 vL=0.0382 initial=[red=0.47 blue=0.53] switch=0.027
[u  489] env= 32047104 rsucc=0.982 n_rounds= 1769 ret=+11.578 len=812.3 ent(t0,t>=1)=(0.000,1.002) aL=-0.0145 vL=0.0345 initial=[red=0.48 blue=0.52] switch=0.028
[u  490] env= 32112640 rsucc=0.969 n_rounds= 1669 ret=+11.830 len=783.0 ent(t0,t>=1)=(0.000,1.010) aL=-0.0153 vL=0.0358 initial=[red=0.50 blue=0.50] switch=0.030
[u  491] env= 32178176 rsucc=0.980 n_rounds= 1760 ret=+12.473 len=721.6 ent(t0,t>=1)=(0.000,1.022) aL=-0.0147 vL=0.0375 initial=[red=0.51 blue=0.49] switch=0.030
[u  492] env= 32243712 rsucc=0.974 n_rounds= 1625 ret=+12.418 len=744.1 ent(t0,t>=1)=(0.000,1.003) aL=-0.0142 vL=0.0334 initial=[red=0.49 blue=0.51] switch=0.031
[u  493] env= 32309248 rsucc=0.979 n_rounds= 1734 ret=+11.893 len=789.5 ent(t0,t>=1)=(0.000,1.007) aL=-0.0150 vL=0.0387 initial=[red=0.51 blue=0.49] switch=0.034
[u  494] env= 32374784 rsucc=0.973 n_rounds= 1681 ret=+12.017 len=767.8 ent(t0,t>=1)=(0.000,1.017) aL=-0.0148 vL=0.0331 initial=[red=0.50 blue=0.50] switch=0.036
[u  495] env= 32440320 rsucc=0.975 n_rounds= 1660 ret=+11.676 len=805.9 ent(t0,t>=1)=(0.000,1.028) aL=-0.0147 vL=0.0358 initial=[red=0.48 blue=0.52] switch=0.034
[u  496] env= 32505856 rsucc=0.971 n_rounds= 1685 ret=+11.734 len=779.6 ent(t0,t>=1)=(0.000,0.995) aL=-0.0141 vL=0.0350 initial=[red=0.50 blue=0.50] switch=0.029
[u  497] env= 32571392 rsucc=0.978 n_rounds= 1660 ret=+11.683 len=801.8 ent(t0,t>=1)=(0.000,1.006) aL=-0.0162 vL=0.0347 initial=[red=0.47 blue=0.53] switch=0.033
[u  498] env= 32636928 rsucc=0.981 n_rounds= 1707 ret=+12.156 len=756.7 ent(t0,t>=1)=(0.000,1.015) aL=-0.0149 vL=0.0363 initial=[red=0.50 blue=0.50] switch=0.031
[u  499] env= 32702464 rsucc=0.968 n_rounds= 1637 ret=+12.124 len=767.2 ent(t0,t>=1)=(0.000,1.021) aL=-0.0139 vL=0.0338 initial=[red=0.48 blue=0.52] switch=0.034
[u  500] env= 32768000 rsucc=0.969 n_rounds= 1634 ret=+11.255 len=814.0 ent(t0,t>=1)=(0.000,1.009) aL=-0.0140 vL=0.0350 initial=[red=0.49 blue=0.51] switch=0.033
[u  501] env= 32833536 rsucc=0.978 n_rounds= 1733 ret=+11.669 len=805.6 ent(t0,t>=1)=(0.000,1.005) aL=-0.0137 vL=0.0359 initial=[red=0.51 blue=0.49] switch=0.032
[u  502] env= 32899072 rsucc=0.976 n_rounds= 1648 ret=+12.667 len=719.2 ent(t0,t>=1)=(0.000,0.999) aL=-0.0147 vL=0.0340 initial=[red=0.51 blue=0.49] switch=0.028
[u  503] env= 32964608 rsucc=0.961 n_rounds= 1609 ret=+11.879 len=787.5 ent(t0,t>=1)=(0.000,0.990) aL=-0.0160 vL=0.0345 initial=[red=0.49 blue=0.51] switch=0.033
[u  504] env= 33030144 rsucc=0.975 n_rounds= 1666 ret=+11.797 len=798.9 ent(t0,t>=1)=(0.000,0.978) aL=-0.0128 vL=0.0352 initial=[red=0.50 blue=0.50] switch=0.029
[u  505] env= 33095680 rsucc=0.977 n_rounds= 1621 ret=+11.206 len=830.0 ent(t0,t>=1)=(0.000,0.991) aL=-0.0149 vL=0.0346 initial=[red=0.50 blue=0.50] switch=0.032
[u  506] env= 33161216 rsucc=0.973 n_rounds= 1714 ret=+11.943 len=762.4 ent(t0,t>=1)=(0.000,1.010) aL=-0.0150 vL=0.0348 initial=[red=0.50 blue=0.50] switch=0.038
[u  507] env= 33226752 rsucc=0.963 n_rounds= 1659 ret=+11.524 len=809.7 ent(t0,t>=1)=(0.000,1.001) aL=-0.0140 vL=0.0359 initial=[red=0.52 blue=0.48] switch=0.037
[u  508] env= 33292288 rsucc=0.979 n_rounds= 1772 ret=+11.641 len=806.1 ent(t0,t>=1)=(0.000,0.987) aL=-0.0142 vL=0.0400 initial=[red=0.50 blue=0.50] switch=0.029
[u  509] env= 33357824 rsucc=0.971 n_rounds= 1660 ret=+12.618 len=708.2 ent(t0,t>=1)=(0.000,1.009) aL=-0.0149 vL=0.0348 initial=[red=0.50 blue=0.50] switch=0.034
[u  510] env= 33423360 rsucc=0.983 n_rounds= 1727 ret=+11.345 len=824.9 ent(t0,t>=1)=(0.000,0.989) aL=-0.0149 vL=0.0375 initial=[red=0.52 blue=0.48] switch=0.030
[u  511] env= 33488896 rsucc=0.980 n_rounds= 1754 ret=+11.990 len=767.6 ent(t0,t>=1)=(0.000,0.984) aL=-0.0142 vL=0.0382 initial=[red=0.51 blue=0.49] switch=0.031
[u  512] env= 33554432 rsucc=0.974 n_rounds= 1737 ret=+12.083 len=769.4 ent(t0,t>=1)=(0.000,0.987) aL=-0.0127 vL=0.0398 initial=[red=0.50 blue=0.50] switch=0.031
[u  513] env= 33619968 rsucc=0.980 n_rounds= 1667 ret=+12.463 len=730.8 ent(t0,t>=1)=(0.000,0.981) aL=-0.0140 vL=0.0340 initial=[red=0.50 blue=0.50] switch=0.035
[u  514] env= 33685504 rsucc=0.975 n_rounds= 1629 ret=+11.706 len=790.0 ent(t0,t>=1)=(0.000,0.988) aL=-0.0133 vL=0.0365 initial=[red=0.51 blue=0.49] switch=0.033
[u  515] env= 33751040 rsucc=0.966 n_rounds= 1648 ret=+11.768 len=800.1 ent(t0,t>=1)=(0.000,1.001) aL=-0.0170 vL=0.0376 initial=[red=0.52 blue=0.48] switch=0.036
[u  516] env= 33816576 rsucc=0.971 n_rounds= 1784 ret=+12.051 len=754.9 ent(t0,t>=1)=(0.000,0.989) aL=-0.0128 vL=0.0389 initial=[red=0.51 blue=0.49] switch=0.033
[u  517] env= 33882112 rsucc=0.981 n_rounds= 1762 ret=+11.469 len=797.6 ent(t0,t>=1)=(0.000,0.992) aL=-0.0145 vL=0.0352 initial=[red=0.49 blue=0.51] switch=0.029
[u  518] env= 33947648 rsucc=0.983 n_rounds= 1671 ret=+12.619 len=733.8 ent(t0,t>=1)=(0.000,0.982) aL=-0.0133 vL=0.0340 initial=[red=0.48 blue=0.52] switch=0.031
[u  519] env= 34013184 rsucc=0.985 n_rounds= 1744 ret=+11.791 len=789.3 ent(t0,t>=1)=(0.000,0.987) aL=-0.0144 vL=0.0382 initial=[red=0.50 blue=0.50] switch=0.029
[u  520] env= 34078720 rsucc=0.984 n_rounds= 1700 ret=+12.750 len=725.0 ent(t0,t>=1)=(0.000,0.982) aL=-0.0138 vL=0.0363 initial=[red=0.52 blue=0.48] switch=0.032
[u  521] env= 34144256 rsucc=0.969 n_rounds= 1651 ret=+11.858 len=803.8 ent(t0,t>=1)=(0.000,0.999) aL=-0.0150 vL=0.0347 initial=[red=0.50 blue=0.50] switch=0.039
[u  522] env= 34209792 rsucc=0.974 n_rounds= 1646 ret=+12.045 len=761.6 ent(t0,t>=1)=(0.000,1.001) aL=-0.0141 vL=0.0337 initial=[red=0.49 blue=0.51] switch=0.035
[u  523] env= 34275328 rsucc=0.980 n_rounds= 1669 ret=+11.846 len=782.3 ent(t0,t>=1)=(0.000,0.997) aL=-0.0149 vL=0.0350 initial=[red=0.49 blue=0.51] switch=0.032
[u  524] env= 34340864 rsucc=0.973 n_rounds= 1680 ret=+12.129 len=758.8 ent(t0,t>=1)=(0.000,0.989) aL=-0.0140 vL=0.0366 initial=[red=0.48 blue=0.52] switch=0.034
[u  525] env= 34406400 rsucc=0.976 n_rounds= 1709 ret=+11.277 len=830.4 ent(t0,t>=1)=(0.000,0.977) aL=-0.0138 vL=0.0359 initial=[red=0.51 blue=0.49] switch=0.034
[u  526] env= 34471936 rsucc=0.976 n_rounds= 1695 ret=+12.317 len=741.7 ent(t0,t>=1)=(0.000,0.968) aL=-0.0131 vL=0.0367 initial=[red=0.47 blue=0.53] switch=0.030
[u  527] env= 34537472 rsucc=0.980 n_rounds= 1709 ret=+12.249 len=754.9 ent(t0,t>=1)=(0.000,0.978) aL=-0.0143 vL=0.0373 initial=[red=0.50 blue=0.50] switch=0.029
[u  528] env= 34603008 rsucc=0.970 n_rounds= 1692 ret=+12.100 len=768.9 ent(t0,t>=1)=(0.000,0.987) aL=-0.0158 vL=0.0386 initial=[red=0.50 blue=0.50] switch=0.034
[u  529] env= 34668544 rsucc=0.978 n_rounds= 1720 ret=+12.246 len=760.2 ent(t0,t>=1)=(0.000,0.961) aL=-0.0144 vL=0.0377 initial=[red=0.52 blue=0.48] switch=0.030
[u  530] env= 34734080 rsucc=0.974 n_rounds= 1671 ret=+11.100 len=847.7 ent(t0,t>=1)=(0.000,0.974) aL=-0.0149 vL=0.0338 initial=[red=0.52 blue=0.48] switch=0.033
[u  531] env= 34799616 rsucc=0.980 n_rounds= 1669 ret=+12.089 len=760.0 ent(t0,t>=1)=(0.000,1.007) aL=-0.0147 vL=0.0353 initial=[red=0.49 blue=0.51] switch=0.034
[u  532] env= 34865152 rsucc=0.982 n_rounds= 1756 ret=+12.821 len=706.5 ent(t0,t>=1)=(0.000,0.978) aL=-0.0145 vL=0.0380 initial=[red=0.50 blue=0.50] switch=0.029
[u  533] env= 34930688 rsucc=0.978 n_rounds= 1695 ret=+12.584 len=725.3 ent(t0,t>=1)=(0.000,0.999) aL=-0.0145 vL=0.0351 initial=[red=0.50 blue=0.50] switch=0.030
[u  534] env= 34996224 rsucc=0.975 n_rounds= 1669 ret=+11.506 len=816.2 ent(t0,t>=1)=(0.000,0.980) aL=-0.0138 vL=0.0355 initial=[red=0.50 blue=0.50] switch=0.030
[u  535] env= 35061760 rsucc=0.982 n_rounds= 1692 ret=+11.727 len=800.4 ent(t0,t>=1)=(0.000,0.978) aL=-0.0152 vL=0.0342 initial=[red=0.51 blue=0.49] switch=0.031
[u  536] env= 35127296 rsucc=0.980 n_rounds= 1706 ret=+12.035 len=775.3 ent(t0,t>=1)=(0.000,0.984) aL=-0.0149 vL=0.0391 initial=[red=0.50 blue=0.50] switch=0.031
[u  537] env= 35192832 rsucc=0.974 n_rounds= 1742 ret=+12.310 len=750.2 ent(t0,t>=1)=(0.000,0.991) aL=-0.0147 vL=0.0387 initial=[red=0.48 blue=0.52] switch=0.033
[u  538] env= 35258368 rsucc=0.974 n_rounds= 1725 ret=+11.927 len=782.9 ent(t0,t>=1)=(0.000,0.984) aL=-0.0144 vL=0.0342 initial=[red=0.50 blue=0.50] switch=0.036
[u  539] env= 35323904 rsucc=0.982 n_rounds= 1701 ret=+12.258 len=737.7 ent(t0,t>=1)=(0.000,0.963) aL=-0.0140 vL=0.0334 initial=[red=0.50 blue=0.50] switch=0.033
[u  540] env= 35389440 rsucc=0.971 n_rounds= 1646 ret=+11.262 len=835.4 ent(t0,t>=1)=(0.000,0.990) aL=-0.0147 vL=0.0338 initial=[red=0.51 blue=0.49] switch=0.034
[u  541] env= 35454976 rsucc=0.978 n_rounds= 1688 ret=+11.998 len=763.5 ent(t0,t>=1)=(0.000,0.987) aL=-0.0154 vL=0.0355 initial=[red=0.49 blue=0.51] switch=0.029
[u  542] env= 35520512 rsucc=0.980 n_rounds= 1739 ret=+12.430 len=753.4 ent(t0,t>=1)=(0.000,0.971) aL=-0.0148 vL=0.0354 initial=[red=0.51 blue=0.49] switch=0.030
[u  543] env= 35586048 rsucc=0.978 n_rounds= 1712 ret=+12.291 len=758.1 ent(t0,t>=1)=(0.000,0.968) aL=-0.0143 vL=0.0352 initial=[red=0.50 blue=0.50] switch=0.029
[u  544] env= 35651584 rsucc=0.976 n_rounds= 1683 ret=+12.603 len=721.1 ent(t0,t>=1)=(0.000,0.956) aL=-0.0134 vL=0.0348 initial=[red=0.51 blue=0.49] switch=0.028
[u  545] env= 35717120 rsucc=0.976 n_rounds= 1721 ret=+11.514 len=816.4 ent(t0,t>=1)=(0.000,0.952) aL=-0.0135 vL=0.0389 initial=[red=0.48 blue=0.52] switch=0.029
[u  546] env= 35782656 rsucc=0.988 n_rounds= 1776 ret=+11.779 len=787.8 ent(t0,t>=1)=(0.000,0.956) aL=-0.0144 vL=0.0371 initial=[red=0.49 blue=0.51] switch=0.029
[u  547] env= 35848192 rsucc=0.986 n_rounds= 1801 ret=+12.693 len=722.7 ent(t0,t>=1)=(0.000,0.952) aL=-0.0143 vL=0.0383 initial=[red=0.52 blue=0.48] switch=0.030
[u  548] env= 35913728 rsucc=0.987 n_rounds= 1727 ret=+12.603 len=734.7 ent(t0,t>=1)=(0.000,0.962) aL=-0.0143 vL=0.0348 initial=[red=0.50 blue=0.50] switch=0.028
[u  549] env= 35979264 rsucc=0.980 n_rounds= 1635 ret=+12.288 len=749.3 ent(t0,t>=1)=(0.000,0.937) aL=-0.0144 vL=0.0314 initial=[red=0.49 blue=0.51] switch=0.029
[u  550] env= 36044800 rsucc=0.987 n_rounds= 1657 ret=+11.659 len=810.7 ent(t0,t>=1)=(0.000,0.969) aL=-0.0141 vL=0.0338 initial=[red=0.50 blue=0.50] switch=0.032
[u  551] env= 36110336 rsucc=0.987 n_rounds= 1753 ret=+12.674 len=731.0 ent(t0,t>=1)=(0.000,0.945) aL=-0.0145 vL=0.0343 initial=[red=0.49 blue=0.51] switch=0.028
[u  552] env= 36175872 rsucc=0.972 n_rounds= 1613 ret=+12.207 len=773.5 ent(t0,t>=1)=(0.000,0.969) aL=-0.0142 vL=0.0344 initial=[red=0.51 blue=0.49] switch=0.028
[u  553] env= 36241408 rsucc=0.974 n_rounds= 1601 ret=+12.004 len=779.5 ent(t0,t>=1)=(0.000,0.957) aL=-0.0157 vL=0.0309 initial=[red=0.51 blue=0.49] switch=0.031
[u  554] env= 36306944 rsucc=0.982 n_rounds= 1689 ret=+11.954 len=793.1 ent(t0,t>=1)=(0.000,0.962) aL=-0.0145 vL=0.0362 initial=[red=0.48 blue=0.52] switch=0.031
[u  555] env= 36372480 rsucc=0.978 n_rounds= 1704 ret=+11.927 len=789.2 ent(t0,t>=1)=(0.000,0.935) aL=-0.0144 vL=0.0361 initial=[red=0.51 blue=0.49] switch=0.033
[u  556] env= 36438016 rsucc=0.976 n_rounds= 1699 ret=+12.263 len=747.1 ent(t0,t>=1)=(0.000,0.930) aL=-0.0131 vL=0.0378 initial=[red=0.49 blue=0.51] switch=0.029
[u  557] env= 36503552 rsucc=0.966 n_rounds= 1659 ret=+11.398 len=820.9 ent(t0,t>=1)=(0.000,0.936) aL=-0.0138 vL=0.0378 initial=[red=0.51 blue=0.49] switch=0.034
[u  558] env= 36569088 rsucc=0.967 n_rounds= 1698 ret=+11.638 len=794.8 ent(t0,t>=1)=(0.000,0.929) aL=-0.0128 vL=0.0364 initial=[red=0.51 blue=0.49] switch=0.031
[u  559] env= 36634624 rsucc=0.977 n_rounds= 1768 ret=+11.785 len=782.7 ent(t0,t>=1)=(0.000,0.924) aL=-0.0130 vL=0.0387 initial=[red=0.53 blue=0.47] switch=0.030
[u  560] env= 36700160 rsucc=0.977 n_rounds= 1846 ret=+12.468 len=722.1 ent(t0,t>=1)=(0.000,0.931) aL=-0.0131 vL=0.0444 initial=[red=0.53 blue=0.47] switch=0.032
[u  561] env= 36765696 rsucc=0.988 n_rounds= 1787 ret=+12.539 len=713.9 ent(t0,t>=1)=(0.000,0.927) aL=-0.0140 vL=0.0345 initial=[red=0.51 blue=0.49] switch=0.029
[u  562] env= 36831232 rsucc=0.980 n_rounds= 1675 ret=+11.761 len=798.3 ent(t0,t>=1)=(0.000,0.933) aL=-0.0143 vL=0.0373 initial=[red=0.51 blue=0.49] switch=0.032
[u  563] env= 36896768 rsucc=0.974 n_rounds= 1726 ret=+12.653 len=721.4 ent(t0,t>=1)=(0.000,0.940) aL=-0.0141 vL=0.0375 initial=[red=0.50 blue=0.50] switch=0.032
[u  564] env= 36962304 rsucc=0.976 n_rounds= 1759 ret=+11.911 len=772.6 ent(t0,t>=1)=(0.000,0.967) aL=-0.0145 vL=0.0397 initial=[red=0.49 blue=0.51] switch=0.035
[u  565] env= 37027840 rsucc=0.984 n_rounds= 1762 ret=+12.852 len=704.6 ent(t0,t>=1)=(0.000,0.942) aL=-0.0142 vL=0.0374 initial=[red=0.48 blue=0.52] switch=0.030
[u  566] env= 37093376 rsucc=0.982 n_rounds= 1700 ret=+12.248 len=762.7 ent(t0,t>=1)=(0.000,0.932) aL=-0.0132 vL=0.0378 initial=[red=0.50 blue=0.50] switch=0.031
[u  567] env= 37158912 rsucc=0.978 n_rounds= 1655 ret=+11.871 len=780.1 ent(t0,t>=1)=(0.000,0.941) aL=-0.0138 vL=0.0330 initial=[red=0.48 blue=0.52] switch=0.029
[u  568] env= 37224448 rsucc=0.984 n_rounds= 1685 ret=+12.015 len=781.4 ent(t0,t>=1)=(0.000,0.946) aL=-0.0136 vL=0.0372 initial=[red=0.48 blue=0.52] switch=0.027
[u  569] env= 37289984 rsucc=0.978 n_rounds= 1728 ret=+12.090 len=771.7 ent(t0,t>=1)=(0.000,0.951) aL=-0.0131 vL=0.0370 initial=[red=0.52 blue=0.48] switch=0.034
[u  570] env= 37355520 rsucc=0.984 n_rounds= 1652 ret=+12.512 len=735.9 ent(t0,t>=1)=(0.000,0.947) aL=-0.0143 vL=0.0322 initial=[red=0.50 blue=0.50] switch=0.031
[u  571] env= 37421056 rsucc=0.970 n_rounds= 1747 ret=+11.646 len=814.3 ent(t0,t>=1)=(0.000,0.947) aL=-0.0143 vL=0.0397 initial=[red=0.51 blue=0.49] switch=0.027
[u  572] env= 37486592 rsucc=0.975 n_rounds= 1703 ret=+12.159 len=752.4 ent(t0,t>=1)=(0.000,0.955) aL=-0.0143 vL=0.0358 initial=[red=0.50 blue=0.50] switch=0.029
[u  573] env= 37552128 rsucc=0.985 n_rounds= 1785 ret=+11.818 len=791.2 ent(t0,t>=1)=(0.000,0.942) aL=-0.0131 vL=0.0389 initial=[red=0.50 blue=0.50] switch=0.027
[u  574] env= 37617664 rsucc=0.987 n_rounds= 1705 ret=+12.416 len=739.1 ent(t0,t>=1)=(0.000,0.939) aL=-0.0128 vL=0.0363 initial=[red=0.47 blue=0.53] switch=0.027
[u  575] env= 37683200 rsucc=0.983 n_rounds= 1752 ret=+12.129 len=774.7 ent(t0,t>=1)=(0.000,0.928) aL=-0.0151 vL=0.0372 initial=[red=0.51 blue=0.49] switch=0.027
[u  576] env= 37748736 rsucc=0.986 n_rounds= 1736 ret=+12.316 len=751.6 ent(t0,t>=1)=(0.000,0.934) aL=-0.0136 vL=0.0376 initial=[red=0.52 blue=0.48] switch=0.026
[u  577] env= 37814272 rsucc=0.981 n_rounds= 1817 ret=+12.897 len=710.8 ent(t0,t>=1)=(0.000,0.935) aL=-0.0142 vL=0.0393 initial=[red=0.51 blue=0.49] switch=0.028
[u  578] env= 37879808 rsucc=0.986 n_rounds= 1738 ret=+12.482 len=740.5 ent(t0,t>=1)=(0.000,0.926) aL=-0.0135 vL=0.0369 initial=[red=0.49 blue=0.51] switch=0.029
[u  579] env= 37945344 rsucc=0.981 n_rounds= 1797 ret=+12.039 len=785.4 ent(t0,t>=1)=(0.000,0.922) aL=-0.0132 vL=0.0396 initial=[red=0.50 blue=0.50] switch=0.032
[u  580] env= 38010880 rsucc=0.992 n_rounds= 1833 ret=+12.644 len=713.4 ent(t0,t>=1)=(0.000,0.932) aL=-0.0130 vL=0.0382 initial=[red=0.52 blue=0.48] switch=0.027
[u  581] env= 38076416 rsucc=0.995 n_rounds= 1807 ret=+12.759 len=725.1 ent(t0,t>=1)=(0.000,0.915) aL=-0.0136 vL=0.0343 initial=[red=0.48 blue=0.52] switch=0.024
[u  582] env= 38141952 rsucc=0.982 n_rounds= 1588 ret=+12.329 len=764.1 ent(t0,t>=1)=(0.000,0.937) aL=-0.0145 vL=0.0303 initial=[red=0.52 blue=0.48] switch=0.024
[u  583] env= 38207488 rsucc=0.985 n_rounds= 1723 ret=+12.167 len=768.1 ent(t0,t>=1)=(0.000,0.942) aL=-0.0136 vL=0.0364 initial=[red=0.49 blue=0.51] switch=0.031
[u  584] env= 38273024 rsucc=0.978 n_rounds= 1690 ret=+12.743 len=722.3 ent(t0,t>=1)=(0.000,0.941) aL=-0.0139 vL=0.0352 initial=[red=0.50 blue=0.50] switch=0.033
[u  585] env= 38338560 rsucc=0.970 n_rounds= 1624 ret=+11.812 len=794.4 ent(t0,t>=1)=(0.000,0.960) aL=-0.0141 vL=0.0330 initial=[red=0.50 blue=0.50] switch=0.032
[u  586] env= 38404096 rsucc=0.974 n_rounds= 1734 ret=+11.608 len=806.9 ent(t0,t>=1)=(0.000,0.958) aL=-0.0132 vL=0.0387 initial=[red=0.51 blue=0.49] switch=0.036
[u  587] env= 38469632 rsucc=0.979 n_rounds= 1733 ret=+12.045 len=774.1 ent(t0,t>=1)=(0.000,0.946) aL=-0.0140 vL=0.0355 initial=[red=0.51 blue=0.49] switch=0.027
[u  588] env= 38535168 rsucc=0.987 n_rounds= 1701 ret=+12.636 len=727.4 ent(t0,t>=1)=(0.000,0.919) aL=-0.0142 vL=0.0343 initial=[red=0.53 blue=0.47] switch=0.027
[u  589] env= 38600704 rsucc=0.978 n_rounds= 1705 ret=+11.927 len=781.3 ent(t0,t>=1)=(0.000,0.918) aL=-0.0136 vL=0.0377 initial=[red=0.49 blue=0.51] switch=0.027
[u  590] env= 38666240 rsucc=0.983 n_rounds= 1695 ret=+12.039 len=762.3 ent(t0,t>=1)=(0.000,0.933) aL=-0.0130 vL=0.0379 initial=[red=0.50 blue=0.50] switch=0.026
[u  591] env= 38731776 rsucc=0.979 n_rounds= 1678 ret=+11.773 len=804.8 ent(t0,t>=1)=(0.000,0.961) aL=-0.0144 vL=0.0376 initial=[red=0.50 blue=0.50] switch=0.027
[u  592] env= 38797312 rsucc=0.975 n_rounds= 1772 ret=+12.400 len=750.1 ent(t0,t>=1)=(0.000,0.932) aL=-0.0135 vL=0.0404 initial=[red=0.50 blue=0.50] switch=0.030
[u  593] env= 38862848 rsucc=0.978 n_rounds= 1731 ret=+11.779 len=779.6 ent(t0,t>=1)=(0.000,0.932) aL=-0.0125 vL=0.0387 initial=[red=0.50 blue=0.50] switch=0.032
[u  594] env= 38928384 rsucc=0.987 n_rounds= 1732 ret=+12.662 len=720.1 ent(t0,t>=1)=(0.000,0.927) aL=-0.0136 vL=0.0355 initial=[red=0.47 blue=0.53] switch=0.030
[u  595] env= 38993920 rsucc=0.984 n_rounds= 1728 ret=+12.234 len=765.1 ent(t0,t>=1)=(0.000,0.916) aL=-0.0147 vL=0.0376 initial=[red=0.51 blue=0.49] switch=0.030
[u  596] env= 39059456 rsucc=0.981 n_rounds= 1768 ret=+12.327 len=759.0 ent(t0,t>=1)=(0.000,0.916) aL=-0.0128 vL=0.0386 initial=[red=0.51 blue=0.49] switch=0.030
[u  597] env= 39124992 rsucc=0.981 n_rounds= 1707 ret=+12.614 len=714.9 ent(t0,t>=1)=(0.000,0.916) aL=-0.0133 vL=0.0353 initial=[red=0.52 blue=0.48] switch=0.036
[u  598] env= 39190528 rsucc=0.979 n_rounds= 1751 ret=+11.894 len=783.3 ent(t0,t>=1)=(0.000,0.889) aL=-0.0134 vL=0.0381 initial=[red=0.51 blue=0.49] switch=0.029
[u  599] env= 39256064 rsucc=0.987 n_rounds= 1802 ret=+12.208 len=764.0 ent(t0,t>=1)=(0.000,0.895) aL=-0.0134 vL=0.0399 initial=[red=0.48 blue=0.52] switch=0.028
[u  600] env= 39321600 rsucc=0.988 n_rounds= 1747 ret=+12.812 len=716.9 ent(t0,t>=1)=(0.000,0.907) aL=-0.0133 vL=0.0376 initial=[red=0.51 blue=0.49] switch=0.029
[u  601] env= 39387136 rsucc=0.971 n_rounds= 1636 ret=+12.496 len=738.0 ent(t0,t>=1)=(0.000,0.906) aL=-0.0138 vL=0.0335 initial=[red=0.51 blue=0.49] switch=0.038
[u  602] env= 39452672 rsucc=0.978 n_rounds= 1763 ret=+11.839 len=790.6 ent(t0,t>=1)=(0.000,0.904) aL=-0.0135 vL=0.0391 initial=[red=0.51 blue=0.49] switch=0.034
[u  603] env= 39518208 rsucc=0.987 n_rounds= 1744 ret=+12.124 len=766.4 ent(t0,t>=1)=(0.000,0.906) aL=-0.0138 vL=0.0355 initial=[red=0.51 blue=0.49] switch=0.030
[u  604] env= 39583744 rsucc=0.965 n_rounds= 1695 ret=+12.027 len=770.9 ent(t0,t>=1)=(0.000,0.908) aL=-0.0139 vL=0.0360 initial=[red=0.52 blue=0.48] switch=0.035
[u  605] env= 39649280 rsucc=0.987 n_rounds= 1748 ret=+12.252 len=741.7 ent(t0,t>=1)=(0.000,0.914) aL=-0.0135 vL=0.0376 initial=[red=0.49 blue=0.51] switch=0.032
[u  606] env= 39714816 rsucc=0.982 n_rounds= 1737 ret=+12.279 len=757.0 ent(t0,t>=1)=(0.000,0.905) aL=-0.0128 vL=0.0415 initial=[red=0.52 blue=0.48] switch=0.028
[u  607] env= 39780352 rsucc=0.987 n_rounds= 1696 ret=+12.293 len=759.1 ent(t0,t>=1)=(0.000,0.899) aL=-0.0132 vL=0.0358 initial=[red=0.50 blue=0.50] switch=0.030
[u  608] env= 39845888 rsucc=0.989 n_rounds= 1780 ret=+12.486 len=739.1 ent(t0,t>=1)=(0.000,0.913) aL=-0.0130 vL=0.0393 initial=[red=0.51 blue=0.49] switch=0.028
[u  609] env= 39911424 rsucc=0.982 n_rounds= 1808 ret=+12.075 len=790.0 ent(t0,t>=1)=(0.000,0.906) aL=-0.0131 vL=0.0416 initial=[red=0.50 blue=0.50] switch=0.027
[u  610] env= 39976960 rsucc=0.985 n_rounds= 1760 ret=+13.201 len=664.6 ent(t0,t>=1)=(0.000,0.897) aL=-0.0131 vL=0.0393 initial=[red=0.50 blue=0.50] switch=0.027
[u  611] env= 40042496 rsucc=0.974 n_rounds= 1767 ret=+11.928 len=786.8 ent(t0,t>=1)=(0.000,0.904) aL=-0.0133 vL=0.0379 initial=[red=0.50 blue=0.50] switch=0.026
[u  612] env= 40108032 rsucc=0.990 n_rounds= 1764 ret=+12.732 len=718.8 ent(t0,t>=1)=(0.000,0.902) aL=-0.0132 vL=0.0390 initial=[red=0.51 blue=0.49] switch=0.027
[u  613] env= 40173568 rsucc=0.984 n_rounds= 1706 ret=+12.473 len=750.6 ent(t0,t>=1)=(0.000,0.890) aL=-0.0125 vL=0.0365 initial=[red=0.50 blue=0.50] switch=0.027
[u  614] env= 40239104 rsucc=0.985 n_rounds= 1673 ret=+12.279 len=758.4 ent(t0,t>=1)=(0.000,0.893) aL=-0.0126 vL=0.0367 initial=[red=0.51 blue=0.49] switch=0.027
[u  615] env= 40304640 rsucc=0.989 n_rounds= 1742 ret=+12.373 len=752.2 ent(t0,t>=1)=(0.000,0.893) aL=-0.0140 vL=0.0364 initial=[red=0.52 blue=0.48] switch=0.028
[u  616] env= 40370176 rsucc=0.975 n_rounds= 1697 ret=+11.902 len=787.5 ent(t0,t>=1)=(0.000,0.896) aL=-0.0120 vL=0.0395 initial=[red=0.51 blue=0.49] switch=0.032
[u  617] env= 40435712 rsucc=0.982 n_rounds= 1752 ret=+12.455 len=736.6 ent(t0,t>=1)=(0.000,0.890) aL=-0.0130 vL=0.0394 initial=[red=0.50 blue=0.50] switch=0.029
[u  618] env= 40501248 rsucc=0.978 n_rounds= 1785 ret=+11.823 len=801.4 ent(t0,t>=1)=(0.000,0.916) aL=-0.0132 vL=0.0398 initial=[red=0.50 blue=0.50] switch=0.028
[u  619] env= 40566784 rsucc=0.988 n_rounds= 1767 ret=+13.095 len=693.8 ent(t0,t>=1)=(0.000,0.901) aL=-0.0136 vL=0.0372 initial=[red=0.49 blue=0.51] switch=0.030
[u  620] env= 40632320 rsucc=0.975 n_rounds= 1667 ret=+11.646 len=799.3 ent(t0,t>=1)=(0.000,0.894) aL=-0.0131 vL=0.0353 initial=[red=0.51 blue=0.49] switch=0.031
[u  621] env= 40697856 rsucc=0.975 n_rounds= 1697 ret=+12.293 len=744.0 ent(t0,t>=1)=(0.000,0.888) aL=-0.0131 vL=0.0373 initial=[red=0.50 blue=0.50] switch=0.034
[u  622] env= 40763392 rsucc=0.973 n_rounds= 1751 ret=+12.205 len=759.1 ent(t0,t>=1)=(0.000,0.893) aL=-0.0139 vL=0.0412 initial=[red=0.51 blue=0.49] switch=0.035
[u  623] env= 40828928 rsucc=0.983 n_rounds= 1734 ret=+12.582 len=717.5 ent(t0,t>=1)=(0.000,0.879) aL=-0.0132 vL=0.0368 initial=[red=0.51 blue=0.49] switch=0.028
[u  624] env= 40894464 rsucc=0.987 n_rounds= 1785 ret=+11.558 len=810.0 ent(t0,t>=1)=(0.000,0.874) aL=-0.0129 vL=0.0382 initial=[red=0.52 blue=0.48] switch=0.027
[u  625] env= 40960000 rsucc=0.984 n_rounds= 1770 ret=+12.054 len=773.5 ent(t0,t>=1)=(0.000,0.877) aL=-0.0132 vL=0.0385 initial=[red=0.50 blue=0.50] switch=0.028
[u  626] env= 41025536 rsucc=0.986 n_rounds= 1767 ret=+13.055 len=692.2 ent(t0,t>=1)=(0.000,0.886) aL=-0.0143 vL=0.0374 initial=[red=0.50 blue=0.50] switch=0.027
[u  627] env= 41091072 rsucc=0.981 n_rounds= 1723 ret=+12.113 len=773.6 ent(t0,t>=1)=(0.000,0.887) aL=-0.0135 vL=0.0353 initial=[red=0.52 blue=0.48] switch=0.024
[u  628] env= 41156608 rsucc=0.988 n_rounds= 1786 ret=+12.408 len=747.5 ent(t0,t>=1)=(0.000,0.886) aL=-0.0137 vL=0.0371 initial=[red=0.50 blue=0.50] switch=0.029
[u  629] env= 41222144 rsucc=0.993 n_rounds= 1806 ret=+13.065 len=696.3 ent(t0,t>=1)=(0.000,0.885) aL=-0.0126 vL=0.0379 initial=[red=0.50 blue=0.50] switch=0.028
[u  630] env= 41287680 rsucc=0.979 n_rounds= 1727 ret=+12.569 len=740.1 ent(t0,t>=1)=(0.000,0.880) aL=-0.0123 vL=0.0393 initial=[red=0.52 blue=0.48] switch=0.024
[u  631] env= 41353216 rsucc=0.976 n_rounds= 1693 ret=+12.111 len=764.5 ent(t0,t>=1)=(0.000,0.859) aL=-0.0124 vL=0.0359 initial=[red=0.51 blue=0.49] switch=0.022
[u  632] env= 41418752 rsucc=0.975 n_rounds= 1670 ret=+11.938 len=794.0 ent(t0,t>=1)=(0.000,0.862) aL=-0.0123 vL=0.0352 initial=[red=0.49 blue=0.51] switch=0.025
[u  633] env= 41484288 rsucc=0.978 n_rounds= 1716 ret=+12.242 len=748.1 ent(t0,t>=1)=(0.000,0.866) aL=-0.0125 vL=0.0381 initial=[red=0.48 blue=0.52] switch=0.026
[u  634] env= 41549824 rsucc=0.986 n_rounds= 1740 ret=+12.587 len=725.4 ent(t0,t>=1)=(0.000,0.879) aL=-0.0127 vL=0.0375 initial=[red=0.51 blue=0.49] switch=0.029
[u  635] env= 41615360 rsucc=0.984 n_rounds= 1731 ret=+12.002 len=786.1 ent(t0,t>=1)=(0.000,0.876) aL=-0.0131 vL=0.0395 initial=[red=0.50 blue=0.50] switch=0.029
[u  636] env= 41680896 rsucc=0.986 n_rounds= 1792 ret=+11.961 len=781.3 ent(t0,t>=1)=(0.000,0.878) aL=-0.0133 vL=0.0379 initial=[red=0.50 blue=0.50] switch=0.027
[u  637] env= 41746432 rsucc=0.981 n_rounds= 1776 ret=+12.212 len=758.9 ent(t0,t>=1)=(0.000,0.885) aL=-0.0127 vL=0.0365 initial=[red=0.48 blue=0.52] switch=0.031
[u  638] env= 41811968 rsucc=0.986 n_rounds= 1761 ret=+12.829 len=701.0 ent(t0,t>=1)=(0.000,0.872) aL=-0.0115 vL=0.0413 initial=[red=0.49 blue=0.51] switch=0.030
[u  639] env= 41877504 rsucc=0.986 n_rounds= 1707 ret=+12.500 len=743.9 ent(t0,t>=1)=(0.000,0.857) aL=-0.0121 vL=0.0359 initial=[red=0.51 blue=0.49] switch=0.030
[u  640] env= 41943040 rsucc=0.980 n_rounds= 1880 ret=+12.205 len=763.4 ent(t0,t>=1)=(0.000,0.867) aL=-0.0119 vL=0.0413 initial=[red=0.51 blue=0.49] switch=0.024
[u  641] env= 42008576 rsucc=0.987 n_rounds= 1788 ret=+12.987 len=692.5 ent(t0,t>=1)=(0.000,0.852) aL=-0.0120 vL=0.0393 initial=[red=0.51 blue=0.49] switch=0.028
[u  642] env= 42074112 rsucc=0.991 n_rounds= 1793 ret=+12.282 len=770.7 ent(t0,t>=1)=(0.000,0.879) aL=-0.0132 vL=0.0387 initial=[red=0.51 blue=0.49] switch=0.030
[u  643] env= 42139648 rsucc=0.985 n_rounds= 1783 ret=+12.849 len=724.0 ent(t0,t>=1)=(0.000,0.871) aL=-0.0132 vL=0.0366 initial=[red=0.49 blue=0.51] switch=0.030
[u  644] env= 42205184 rsucc=0.982 n_rounds= 1732 ret=+12.563 len=727.2 ent(t0,t>=1)=(0.000,0.878) aL=-0.0123 vL=0.0364 initial=[red=0.50 blue=0.50] switch=0.026
[u  645] env= 42270720 rsucc=0.984 n_rounds= 1729 ret=+12.213 len=768.6 ent(t0,t>=1)=(0.000,0.872) aL=-0.0129 vL=0.0375 initial=[red=0.50 blue=0.50] switch=0.023
[u  646] env= 42336256 rsucc=0.985 n_rounds= 1766 ret=+12.895 len=706.8 ent(t0,t>=1)=(0.000,0.864) aL=-0.0118 vL=0.0377 initial=[red=0.51 blue=0.49] switch=0.023
[u  647] env= 42401792 rsucc=0.981 n_rounds= 1720 ret=+12.343 len=739.7 ent(t0,t>=1)=(0.000,0.879) aL=-0.0129 vL=0.0362 initial=[red=0.51 blue=0.49] switch=0.023
[u  648] env= 42467328 rsucc=0.974 n_rounds= 1705 ret=+12.445 len=739.3 ent(t0,t>=1)=(0.000,0.864) aL=-0.0127 vL=0.0368 initial=[red=0.49 blue=0.51] switch=0.023
[u  649] env= 42532864 rsucc=0.979 n_rounds= 1775 ret=+11.832 len=784.1 ent(t0,t>=1)=(0.000,0.837) aL=-0.0116 vL=0.0395 initial=[red=0.51 blue=0.49] switch=0.024
[u  650] env= 42598400 rsucc=0.985 n_rounds= 1718 ret=+12.477 len=744.9 ent(t0,t>=1)=(0.000,0.849) aL=-0.0127 vL=0.0352 initial=[red=0.50 blue=0.50] switch=0.025
[u  651] env= 42663936 rsucc=0.986 n_rounds= 1726 ret=+12.319 len=750.5 ent(t0,t>=1)=(0.000,0.864) aL=-0.0128 vL=0.0351 initial=[red=0.52 blue=0.48] switch=0.027
[u  652] env= 42729472 rsucc=0.968 n_rounds= 1730 ret=+12.207 len=769.8 ent(t0,t>=1)=(0.000,0.860) aL=-0.0127 vL=0.0401 initial=[red=0.49 blue=0.51] switch=0.032
[u  653] env= 42795008 rsucc=0.986 n_rounds= 1796 ret=+11.992 len=760.4 ent(t0,t>=1)=(0.000,0.873) aL=-0.0123 vL=0.0360 initial=[red=0.50 blue=0.50] switch=0.031
[u  654] env= 42860544 rsucc=0.982 n_rounds= 1655 ret=+12.127 len=775.6 ent(t0,t>=1)=(0.000,0.862) aL=-0.0114 vL=0.0376 initial=[red=0.50 blue=0.50] switch=0.027
[u  655] env= 42926080 rsucc=0.985 n_rounds= 1755 ret=+12.580 len=733.5 ent(t0,t>=1)=(0.000,0.840) aL=-0.0123 vL=0.0345 initial=[red=0.47 blue=0.53] switch=0.026
[u  656] env= 42991616 rsucc=0.979 n_rounds= 1787 ret=+11.727 len=801.4 ent(t0,t>=1)=(0.000,0.847) aL=-0.0118 vL=0.0383 initial=[red=0.52 blue=0.48] switch=0.027
[u  657] env= 43057152 rsucc=0.993 n_rounds= 1773 ret=+13.378 len=661.2 ent(t0,t>=1)=(0.000,0.834) aL=-0.0114 vL=0.0387 initial=[red=0.49 blue=0.51] switch=0.025
[u  658] env= 43122688 rsucc=0.984 n_rounds= 1760 ret=+12.345 len=749.4 ent(t0,t>=1)=(0.000,0.842) aL=-0.0120 vL=0.0408 initial=[red=0.50 blue=0.50] switch=0.025
[u  659] env= 43188224 rsucc=0.980 n_rounds= 1741 ret=+11.905 len=777.7 ent(t0,t>=1)=(0.000,0.854) aL=-0.0127 vL=0.0377 initial=[red=0.48 blue=0.52] switch=0.027
[u  660] env= 43253760 rsucc=0.985 n_rounds= 1778 ret=+12.360 len=759.7 ent(t0,t>=1)=(0.000,0.865) aL=-0.0130 vL=0.0387 initial=[red=0.50 blue=0.50] switch=0.029
[u  661] env= 43319296 rsucc=0.991 n_rounds= 1805 ret=+12.694 len=728.2 ent(t0,t>=1)=(0.000,0.851) aL=-0.0116 vL=0.0397 initial=[red=0.50 blue=0.50] switch=0.026
[u  662] env= 43384832 rsucc=0.984 n_rounds= 1784 ret=+13.032 len=691.0 ent(t0,t>=1)=(0.000,0.858) aL=-0.0126 vL=0.0406 initial=[red=0.52 blue=0.48] switch=0.026
[u  663] env= 43450368 rsucc=0.978 n_rounds= 1753 ret=+12.171 len=771.0 ent(t0,t>=1)=(0.000,0.860) aL=-0.0124 vL=0.0405 initial=[red=0.49 blue=0.51] switch=0.026
[u  664] env= 43515904 rsucc=0.981 n_rounds= 1757 ret=+12.278 len=747.7 ent(t0,t>=1)=(0.000,0.871) aL=-0.0121 vL=0.0393 initial=[red=0.48 blue=0.52] switch=0.028
[u  665] env= 43581440 rsucc=0.985 n_rounds= 1786 ret=+12.519 len=732.5 ent(t0,t>=1)=(0.000,0.866) aL=-0.0122 vL=0.0400 initial=[red=0.51 blue=0.49] switch=0.025
[u  666] env= 43646976 rsucc=0.990 n_rounds= 1726 ret=+12.631 len=731.6 ent(t0,t>=1)=(0.000,0.849) aL=-0.0121 vL=0.0361 initial=[red=0.50 blue=0.50] switch=0.027
[u  667] env= 43712512 rsucc=0.972 n_rounds= 1730 ret=+11.850 len=790.7 ent(t0,t>=1)=(0.000,0.853) aL=-0.0125 vL=0.0378 initial=[red=0.49 blue=0.51] switch=0.031
[u  668] env= 43778048 rsucc=0.984 n_rounds= 1788 ret=+12.447 len=734.0 ent(t0,t>=1)=(0.000,0.833) aL=-0.0107 vL=0.0402 initial=[red=0.49 blue=0.51] switch=0.028
[u  669] env= 43843584 rsucc=0.983 n_rounds= 1728 ret=+12.817 len=703.1 ent(t0,t>=1)=(0.000,0.842) aL=-0.0126 vL=0.0379 initial=[red=0.50 blue=0.50] switch=0.028
[u  670] env= 43909120 rsucc=0.987 n_rounds= 1831 ret=+12.286 len=759.2 ent(t0,t>=1)=(0.000,0.840) aL=-0.0121 vL=0.0411 initial=[red=0.52 blue=0.48] switch=0.025
[u  671] env= 43974656 rsucc=0.987 n_rounds= 1755 ret=+11.979 len=782.8 ent(t0,t>=1)=(0.000,0.859) aL=-0.0118 vL=0.0376 initial=[red=0.51 blue=0.49] switch=0.027
[u  672] env= 44040192 rsucc=0.980 n_rounds= 1736 ret=+12.386 len=747.3 ent(t0,t>=1)=(0.000,0.863) aL=-0.0119 vL=0.0383 initial=[red=0.49 blue=0.51] switch=0.024
[u  673] env= 44105728 rsucc=0.985 n_rounds= 1767 ret=+13.069 len=704.2 ent(t0,t>=1)=(0.000,0.854) aL=-0.0115 vL=0.0394 initial=[red=0.50 blue=0.50] switch=0.025
[u  674] env= 44171264 rsucc=0.983 n_rounds= 1672 ret=+12.562 len=734.3 ent(t0,t>=1)=(0.000,0.847) aL=-0.0123 vL=0.0349 initial=[red=0.48 blue=0.52] switch=0.026
[u  675] env= 44236800 rsucc=0.984 n_rounds= 1698 ret=+12.066 len=779.3 ent(t0,t>=1)=(0.000,0.844) aL=-0.0122 vL=0.0377 initial=[red=0.51 blue=0.49] switch=0.025
[u  676] env= 44302336 rsucc=0.985 n_rounds= 1756 ret=+12.454 len=742.4 ent(t0,t>=1)=(0.000,0.845) aL=-0.0126 vL=0.0375 initial=[red=0.50 blue=0.50] switch=0.025
[u  677] env= 44367872 rsucc=0.980 n_rounds= 1807 ret=+12.115 len=774.8 ent(t0,t>=1)=(0.000,0.831) aL=-0.0123 vL=0.0427 initial=[red=0.51 blue=0.49] switch=0.028
[u  678] env= 44433408 rsucc=0.984 n_rounds= 1778 ret=+12.770 len=711.2 ent(t0,t>=1)=(0.000,0.825) aL=-0.0123 vL=0.0405 initial=[red=0.51 blue=0.49] switch=0.027
[u  679] env= 44498944 rsucc=0.983 n_rounds= 1833 ret=+12.249 len=756.8 ent(t0,t>=1)=(0.000,0.822) aL=-0.0119 vL=0.0399 initial=[red=0.50 blue=0.50] switch=0.025
[u  680] env= 44564480 rsucc=0.985 n_rounds= 1763 ret=+12.292 len=751.3 ent(t0,t>=1)=(0.000,0.847) aL=-0.0122 vL=0.0364 initial=[red=0.49 blue=0.51] switch=0.026
[u  681] env= 44630016 rsucc=0.991 n_rounds= 1731 ret=+12.222 len=766.6 ent(t0,t>=1)=(0.000,0.836) aL=-0.0120 vL=0.0374 initial=[red=0.48 blue=0.52] switch=0.027
[u  682] env= 44695552 rsucc=0.983 n_rounds= 1745 ret=+13.467 len=649.7 ent(t0,t>=1)=(0.000,0.848) aL=-0.0114 vL=0.0399 initial=[red=0.50 blue=0.50] switch=0.026
[u  683] env= 44761088 rsucc=0.976 n_rounds= 1668 ret=+12.042 len=782.5 ent(t0,t>=1)=(0.000,0.853) aL=-0.0112 vL=0.0390 initial=[red=0.50 blue=0.50] switch=0.023
[u  684] env= 44826624 rsucc=0.978 n_rounds= 1797 ret=+11.955 len=777.5 ent(t0,t>=1)=(0.000,0.849) aL=-0.0123 vL=0.0423 initial=[red=0.49 blue=0.51] switch=0.025
[u  685] env= 44892160 rsucc=0.985 n_rounds= 1794 ret=+12.300 len=751.9 ent(t0,t>=1)=(0.000,0.847) aL=-0.0118 vL=0.0387 initial=[red=0.49 blue=0.51] switch=0.026
[u  686] env= 44957696 rsucc=0.986 n_rounds= 1759 ret=+12.422 len=744.1 ent(t0,t>=1)=(0.000,0.846) aL=-0.0123 vL=0.0359 initial=[red=0.49 blue=0.51] switch=0.024
[u  687] env= 45023232 rsucc=0.985 n_rounds= 1743 ret=+12.461 len=741.4 ent(t0,t>=1)=(0.000,0.841) aL=-0.0122 vL=0.0388 initial=[red=0.47 blue=0.53] switch=0.025
[u  688] env= 45088768 rsucc=0.980 n_rounds= 1788 ret=+12.620 len=734.2 ent(t0,t>=1)=(0.000,0.825) aL=-0.0106 vL=0.0426 initial=[red=0.49 blue=0.51] switch=0.026
[u  689] env= 45154304 rsucc=0.984 n_rounds= 1740 ret=+12.464 len=744.7 ent(t0,t>=1)=(0.000,0.834) aL=-0.0116 vL=0.0381 initial=[red=0.47 blue=0.53] switch=0.024
[u  690] env= 45219840 rsucc=0.986 n_rounds= 1773 ret=+12.664 len=714.6 ent(t0,t>=1)=(0.000,0.816) aL=-0.0110 vL=0.0407 initial=[red=0.48 blue=0.52] switch=0.026
[u  691] env= 45285376 rsucc=0.985 n_rounds= 1701 ret=+12.344 len=751.5 ent(t0,t>=1)=(0.000,0.831) aL=-0.0116 vL=0.0356 initial=[red=0.51 blue=0.49] switch=0.027
[u  692] env= 45350912 rsucc=0.977 n_rounds= 1755 ret=+11.966 len=787.5 ent(t0,t>=1)=(0.000,0.838) aL=-0.0114 vL=0.0363 initial=[red=0.48 blue=0.52] switch=0.029
[u  693] env= 45416448 rsucc=0.987 n_rounds= 1739 ret=+12.867 len=706.2 ent(t0,t>=1)=(0.000,0.831) aL=-0.0114 vL=0.0398 initial=[red=0.50 blue=0.50] switch=0.026
[u  694] env= 45481984 rsucc=0.980 n_rounds= 1777 ret=+12.236 len=764.2 ent(t0,t>=1)=(0.000,0.821) aL=-0.0112 vL=0.0400 initial=[red=0.50 blue=0.50] switch=0.026
[u  695] env= 45547520 rsucc=0.989 n_rounds= 1824 ret=+12.578 len=732.2 ent(t0,t>=1)=(0.000,0.832) aL=-0.0112 vL=0.0404 initial=[red=0.52 blue=0.48] switch=0.027
[u  696] env= 45613056 rsucc=0.985 n_rounds= 1817 ret=+12.291 len=751.2 ent(t0,t>=1)=(0.000,0.815) aL=-0.0112 vL=0.0422 initial=[red=0.52 blue=0.48] switch=0.027
[u  697] env= 45678592 rsucc=0.989 n_rounds= 1807 ret=+12.534 len=732.5 ent(t0,t>=1)=(0.000,0.829) aL=-0.0115 vL=0.0404 initial=[red=0.51 blue=0.49] switch=0.024
[u  698] env= 45744128 rsucc=0.992 n_rounds= 1841 ret=+12.770 len=717.8 ent(t0,t>=1)=(0.000,0.820) aL=-0.0110 vL=0.0430 initial=[red=0.50 blue=0.50] switch=0.026
[u  699] env= 45809664 rsucc=0.987 n_rounds= 1833 ret=+12.961 len=705.2 ent(t0,t>=1)=(0.000,0.815) aL=-0.0107 vL=0.0430 initial=[red=0.50 blue=0.50] switch=0.026
[u  700] env= 45875200 rsucc=0.982 n_rounds= 1727 ret=+12.763 len=715.0 ent(t0,t>=1)=(0.000,0.829) aL=-0.0106 vL=0.0380 initial=[red=0.49 blue=0.51] switch=0.024
[u  701] env= 45940736 rsucc=0.980 n_rounds= 1720 ret=+12.165 len=771.5 ent(t0,t>=1)=(0.000,0.836) aL=-0.0112 vL=0.0395 initial=[red=0.51 blue=0.49] switch=0.030
[u  702] env= 46006272 rsucc=0.980 n_rounds= 1741 ret=+12.623 len=734.1 ent(t0,t>=1)=(0.000,0.803) aL=-0.0114 vL=0.0354 initial=[red=0.50 blue=0.50] switch=0.024
[u  703] env= 46071808 rsucc=0.983 n_rounds= 1777 ret=+12.418 len=746.8 ent(t0,t>=1)=(0.000,0.812) aL=-0.0105 vL=0.0424 initial=[red=0.51 blue=0.49] switch=0.025
[u  704] env= 46137344 rsucc=0.975 n_rounds= 1770 ret=+12.568 len=733.2 ent(t0,t>=1)=(0.000,0.807) aL=-0.0105 vL=0.0412 initial=[red=0.52 blue=0.48] switch=0.023
[u  705] env= 46202880 rsucc=0.985 n_rounds= 1774 ret=+12.308 len=752.2 ent(t0,t>=1)=(0.000,0.815) aL=-0.0106 vL=0.0392 initial=[red=0.51 blue=0.49] switch=0.024
[u  706] env= 46268416 rsucc=0.989 n_rounds= 1772 ret=+12.302 len=742.2 ent(t0,t>=1)=(0.000,0.825) aL=-0.0111 vL=0.0388 initial=[red=0.49 blue=0.51] switch=0.026
[u  707] env= 46333952 rsucc=0.981 n_rounds= 1795 ret=+12.122 len=763.7 ent(t0,t>=1)=(0.000,0.814) aL=-0.0103 vL=0.0403 initial=[red=0.51 blue=0.49] switch=0.024
[u  708] env= 46399488 rsucc=0.992 n_rounds= 1773 ret=+12.498 len=739.4 ent(t0,t>=1)=(0.000,0.830) aL=-0.0106 vL=0.0416 initial=[red=0.49 blue=0.51] switch=0.029
[u  709] env= 46465024 rsucc=0.984 n_rounds= 1815 ret=+12.603 len=730.7 ent(t0,t>=1)=(0.000,0.796) aL=-0.0102 vL=0.0386 initial=[red=0.50 blue=0.50] switch=0.025
[u  710] env= 46530560 rsucc=0.993 n_rounds= 1804 ret=+12.671 len=727.9 ent(t0,t>=1)=(0.000,0.790) aL=-0.0115 vL=0.0392 initial=[red=0.50 blue=0.50] switch=0.025
[u  711] env= 46596096 rsucc=0.989 n_rounds= 1750 ret=+12.857 len=714.6 ent(t0,t>=1)=(0.000,0.801) aL=-0.0113 vL=0.0398 initial=[red=0.52 blue=0.48] switch=0.023
[u  712] env= 46661632 rsucc=0.989 n_rounds= 1828 ret=+12.251 len=763.5 ent(t0,t>=1)=(0.000,0.820) aL=-0.0106 vL=0.0400 initial=[red=0.48 blue=0.52] switch=0.025
[u  713] env= 46727168 rsucc=0.984 n_rounds= 1749 ret=+12.719 len=725.2 ent(t0,t>=1)=(0.000,0.800) aL=-0.0107 vL=0.0382 initial=[red=0.50 blue=0.50] switch=0.024
[u  714] env= 46792704 rsucc=0.980 n_rounds= 1733 ret=+12.566 len=732.8 ent(t0,t>=1)=(0.000,0.827) aL=-0.0108 vL=0.0384 initial=[red=0.50 blue=0.50] switch=0.025
[u  715] env= 46858240 rsucc=0.980 n_rounds= 1662 ret=+12.965 len=712.0 ent(t0,t>=1)=(0.000,0.823) aL=-0.0100 vL=0.0381 initial=[red=0.49 blue=0.51] switch=0.024
[u  716] env= 46923776 rsucc=0.989 n_rounds= 1806 ret=+11.757 len=810.9 ent(t0,t>=1)=(0.000,0.780) aL=-0.0106 vL=0.0418 initial=[red=0.51 blue=0.49] switch=0.024
[u  717] env= 46989312 rsucc=0.982 n_rounds= 1736 ret=+12.855 len=704.2 ent(t0,t>=1)=(0.000,0.797) aL=-0.0110 vL=0.0387 initial=[red=0.50 blue=0.50] switch=0.025
[u  718] env= 47054848 rsucc=0.989 n_rounds= 1808 ret=+12.102 len=774.1 ent(t0,t>=1)=(0.000,0.807) aL=-0.0102 vL=0.0418 initial=[red=0.50 blue=0.50] switch=0.026
[u  719] env= 47120384 rsucc=0.981 n_rounds= 1714 ret=+12.419 len=740.4 ent(t0,t>=1)=(0.000,0.793) aL=-0.0103 vL=0.0380 initial=[red=0.50 blue=0.50] switch=0.024
[u  720] env= 47185920 rsucc=0.985 n_rounds= 1771 ret=+12.154 len=764.9 ent(t0,t>=1)=(0.000,0.777) aL=-0.0103 vL=0.0406 initial=[red=0.51 blue=0.49] switch=0.023
[u  721] env= 47251456 rsucc=0.984 n_rounds= 1789 ret=+13.043 len=698.9 ent(t0,t>=1)=(0.000,0.793) aL=-0.0098 vL=0.0415 initial=[red=0.52 blue=0.48] switch=0.024
[u  722] env= 47316992 rsucc=0.986 n_rounds= 1826 ret=+12.448 len=745.5 ent(t0,t>=1)=(0.000,0.786) aL=-0.0098 vL=0.0400 initial=[red=0.50 blue=0.50] switch=0.023
[u  723] env= 47382528 rsucc=0.989 n_rounds= 1818 ret=+12.456 len=727.2 ent(t0,t>=1)=(0.000,0.768) aL=-0.0098 vL=0.0426 initial=[red=0.50 blue=0.50] switch=0.022
[u  724] env= 47448064 rsucc=0.992 n_rounds= 1836 ret=+12.609 len=741.9 ent(t0,t>=1)=(0.000,0.803) aL=-0.0102 vL=0.0427 initial=[red=0.50 blue=0.50] switch=0.023
[u  725] env= 47513600 rsucc=0.992 n_rounds= 1829 ret=+13.118 len=691.5 ent(t0,t>=1)=(0.000,0.791) aL=-0.0100 vL=0.0416 initial=[red=0.50 blue=0.50] switch=0.022
[u  726] env= 47579136 rsucc=0.984 n_rounds= 1790 ret=+12.707 len=728.2 ent(t0,t>=1)=(0.000,0.806) aL=-0.0105 vL=0.0393 initial=[red=0.52 blue=0.48] switch=0.029
[u  727] env= 47644672 rsucc=0.987 n_rounds= 1811 ret=+12.667 len=725.3 ent(t0,t>=1)=(0.000,0.782) aL=-0.0095 vL=0.0394 initial=[red=0.48 blue=0.52] switch=0.027
[u  728] env= 47710208 rsucc=0.989 n_rounds= 1782 ret=+12.620 len=740.3 ent(t0,t>=1)=(0.000,0.774) aL=-0.0100 vL=0.0390 initial=[red=0.50 blue=0.50] switch=0.024
[u  729] env= 47775744 rsucc=0.990 n_rounds= 1842 ret=+12.958 len=704.5 ent(t0,t>=1)=(0.000,0.799) aL=-0.0108 vL=0.0433 initial=[red=0.50 blue=0.50] switch=0.025
[u  730] env= 47841280 rsucc=0.991 n_rounds= 1814 ret=+12.718 len=723.9 ent(t0,t>=1)=(0.000,0.787) aL=-0.0102 vL=0.0389 initial=[red=0.51 blue=0.49] switch=0.025
[u  731] env= 47906816 rsucc=0.986 n_rounds= 1788 ret=+12.687 len=725.7 ent(t0,t>=1)=(0.000,0.781) aL=-0.0099 vL=0.0389 initial=[red=0.51 blue=0.49] switch=0.022
[u  732] env= 47972352 rsucc=0.986 n_rounds= 1737 ret=+12.466 len=750.1 ent(t0,t>=1)=(0.000,0.760) aL=-0.0096 vL=0.0394 initial=[red=0.49 blue=0.51] switch=0.022
[u  733] env= 48037888 rsucc=0.987 n_rounds= 1809 ret=+13.463 len=669.6 ent(t0,t>=1)=(0.000,0.778) aL=-0.0094 vL=0.0396 initial=[red=0.52 blue=0.48] switch=0.022
[u  734] env= 48103424 rsucc=0.985 n_rounds= 1722 ret=+12.316 len=765.0 ent(t0,t>=1)=(0.000,0.793) aL=-0.0098 vL=0.0376 initial=[red=0.50 blue=0.50] switch=0.020
[u  735] env= 48168960 rsucc=0.992 n_rounds= 1778 ret=+12.127 len=770.3 ent(t0,t>=1)=(0.000,0.793) aL=-0.0097 vL=0.0410 initial=[red=0.51 blue=0.49] switch=0.021
[u  736] env= 48234496 rsucc=0.990 n_rounds= 1848 ret=+12.609 len=732.5 ent(t0,t>=1)=(0.000,0.769) aL=-0.0092 vL=0.0409 initial=[red=0.50 blue=0.50] switch=0.025
[u  737] env= 48300032 rsucc=0.977 n_rounds= 1767 ret=+12.483 len=738.8 ent(t0,t>=1)=(0.000,0.785) aL=-0.0097 vL=0.0422 initial=[red=0.50 blue=0.50] switch=0.026
[u  738] env= 48365568 rsucc=0.983 n_rounds= 1722 ret=+12.383 len=735.0 ent(t0,t>=1)=(0.000,0.796) aL=-0.0098 vL=0.0387 initial=[red=0.50 blue=0.50] switch=0.026
[u  739] env= 48431104 rsucc=0.989 n_rounds= 1827 ret=+12.545 len=748.4 ent(t0,t>=1)=(0.000,0.775) aL=-0.0089 vL=0.0428 initial=[red=0.54 blue=0.46] switch=0.024
[u  740] env= 48496640 rsucc=0.988 n_rounds= 1821 ret=+13.107 len=681.6 ent(t0,t>=1)=(0.000,0.785) aL=-0.0095 vL=0.0395 initial=[red=0.49 blue=0.51] switch=0.023
[u  741] env= 48562176 rsucc=0.990 n_rounds= 1741 ret=+12.357 len=757.1 ent(t0,t>=1)=(0.000,0.795) aL=-0.0100 vL=0.0359 initial=[red=0.49 blue=0.51] switch=0.024
[u  742] env= 48627712 rsucc=0.986 n_rounds= 1757 ret=+12.428 len=752.2 ent(t0,t>=1)=(0.000,0.787) aL=-0.0087 vL=0.0392 initial=[red=0.48 blue=0.52] switch=0.024
[u  743] env= 48693248 rsucc=0.980 n_rounds= 1705 ret=+12.844 len=715.9 ent(t0,t>=1)=(0.000,0.806) aL=-0.0095 vL=0.0375 initial=[red=0.50 blue=0.50] switch=0.022
[u  744] env= 48758784 rsucc=0.989 n_rounds= 1807 ret=+12.045 len=778.2 ent(t0,t>=1)=(0.000,0.766) aL=-0.0089 vL=0.0385 initial=[red=0.51 blue=0.49] switch=0.022
[u  745] env= 48824320 rsucc=0.989 n_rounds= 1829 ret=+12.382 len=753.1 ent(t0,t>=1)=(0.000,0.761) aL=-0.0093 vL=0.0424 initial=[red=0.51 blue=0.49] switch=0.023
[u  746] env= 48889856 rsucc=0.992 n_rounds= 1839 ret=+13.324 len=671.8 ent(t0,t>=1)=(0.000,0.765) aL=-0.0091 vL=0.0412 initial=[red=0.51 blue=0.49] switch=0.024
[u  747] env= 48955392 rsucc=0.989 n_rounds= 1766 ret=+12.498 len=744.1 ent(t0,t>=1)=(0.000,0.781) aL=-0.0092 vL=0.0395 initial=[red=0.49 blue=0.51] switch=0.022
[u  748] env= 49020928 rsucc=0.984 n_rounds= 1869 ret=+12.372 len=755.7 ent(t0,t>=1)=(0.000,0.788) aL=-0.0098 vL=0.0442 initial=[red=0.49 blue=0.51] switch=0.026
[u  749] env= 49086464 rsucc=0.990 n_rounds= 1827 ret=+12.845 len=713.4 ent(t0,t>=1)=(0.000,0.797) aL=-0.0096 vL=0.0414 initial=[red=0.51 blue=0.49] switch=0.024
[u  750] env= 49152000 rsucc=0.990 n_rounds= 1786 ret=+12.652 len=724.0 ent(t0,t>=1)=(0.000,0.788) aL=-0.0091 vL=0.0380 initial=[red=0.52 blue=0.48] switch=0.022
[u  751] env= 49217536 rsucc=0.992 n_rounds= 1812 ret=+12.784 len=714.2 ent(t0,t>=1)=(0.000,0.774) aL=-0.0092 vL=0.0400 initial=[red=0.49 blue=0.51] switch=0.023
[u  752] env= 49283072 rsucc=0.983 n_rounds= 1777 ret=+12.459 len=744.7 ent(t0,t>=1)=(0.000,0.787) aL=-0.0088 vL=0.0418 initial=[red=0.49 blue=0.51] switch=0.027
[u  753] env= 49348608 rsucc=0.983 n_rounds= 1738 ret=+13.290 len=668.6 ent(t0,t>=1)=(0.000,0.768) aL=-0.0087 vL=0.0386 initial=[red=0.51 blue=0.49] switch=0.021
[u  754] env= 49414144 rsucc=0.986 n_rounds= 1764 ret=+12.250 len=774.6 ent(t0,t>=1)=(0.000,0.788) aL=-0.0081 vL=0.0423 initial=[red=0.49 blue=0.51] switch=0.024
[u  755] env= 49479680 rsucc=0.982 n_rounds= 1761 ret=+12.625 len=741.8 ent(t0,t>=1)=(0.000,0.772) aL=-0.0084 vL=0.0417 initial=[red=0.51 blue=0.49] switch=0.025
[u  756] env= 49545216 rsucc=0.985 n_rounds= 1777 ret=+12.605 len=735.1 ent(t0,t>=1)=(0.000,0.758) aL=-0.0093 vL=0.0432 initial=[red=0.50 blue=0.50] switch=0.023
[u  757] env= 49610752 rsucc=0.987 n_rounds= 1859 ret=+12.870 len=710.9 ent(t0,t>=1)=(0.000,0.767) aL=-0.0086 vL=0.0420 initial=[red=0.50 blue=0.50] switch=0.022
[u  758] env= 49676288 rsucc=0.976 n_rounds= 1771 ret=+12.130 len=763.4 ent(t0,t>=1)=(0.000,0.775) aL=-0.0084 vL=0.0399 initial=[red=0.49 blue=0.51] switch=0.026
[u  759] env= 49741824 rsucc=0.985 n_rounds= 1790 ret=+12.466 len=727.6 ent(t0,t>=1)=(0.000,0.765) aL=-0.0085 vL=0.0407 initial=[red=0.51 blue=0.49] switch=0.022
[u  760] env= 49807360 rsucc=0.987 n_rounds= 1839 ret=+12.707 len=723.2 ent(t0,t>=1)=(0.000,0.768) aL=-0.0084 vL=0.0418 initial=[red=0.50 blue=0.50] switch=0.024
[u  761] env= 49872896 rsucc=0.997 n_rounds= 1884 ret=+12.221 len=757.7 ent(t0,t>=1)=(0.000,0.769) aL=-0.0082 vL=0.0429 initial=[red=0.49 blue=0.51] switch=0.023
[u  762] env= 49938432 rsucc=0.994 n_rounds= 1830 ret=+13.286 len=672.7 ent(t0,t>=1)=(0.000,0.759) aL=-0.0083 vL=0.0399 initial=[red=0.50 blue=0.50] switch=0.023
[u  763] env= 50003968 rsucc=0.990 n_rounds= 1776 ret=+12.608 len=737.6 ent(t0,t>=1)=(0.000,0.780) aL=-0.0086 vL=0.0418 initial=[red=0.49 blue=0.51] switch=0.023
[u  764] env= 50069504 rsucc=0.987 n_rounds= 1829 ret=+12.813 len=722.6 ent(t0,t>=1)=(0.000,0.769) aL=-0.0087 vL=0.0426 initial=[red=0.51 blue=0.49] switch=0.023
[u  765] env= 50135040 rsucc=0.990 n_rounds= 1767 ret=+13.189 len=680.9 ent(t0,t>=1)=(0.000,0.785) aL=-0.0084 vL=0.0396 initial=[red=0.50 blue=0.50] switch=0.022
[u  766] env= 50200576 rsucc=0.989 n_rounds= 1750 ret=+12.243 len=775.7 ent(t0,t>=1)=(0.000,0.765) aL=-0.0077 vL=0.0405 initial=[red=0.48 blue=0.52] switch=0.023
[u  767] env= 50266112 rsucc=0.990 n_rounds= 1751 ret=+12.583 len=742.2 ent(t0,t>=1)=(0.000,0.769) aL=-0.0081 vL=0.0367 initial=[red=0.50 blue=0.50] switch=0.024
[u  768] env= 50331648 rsucc=0.986 n_rounds= 1805 ret=+12.914 len=708.9 ent(t0,t>=1)=(0.000,0.763) aL=-0.0084 vL=0.0425 initial=[red=0.50 blue=0.50] switch=0.022
[u  769] env= 50397184 rsucc=0.980 n_rounds= 1774 ret=+12.536 len=746.6 ent(t0,t>=1)=(0.000,0.777) aL=-0.0076 vL=0.0416 initial=[red=0.50 blue=0.50] switch=0.026
[u  770] env= 50462720 rsucc=0.988 n_rounds= 1794 ret=+12.384 len=733.9 ent(t0,t>=1)=(0.000,0.740) aL=-0.0084 vL=0.0410 initial=[red=0.50 blue=0.50] switch=0.024
[u  771] env= 50528256 rsucc=0.986 n_rounds= 1802 ret=+12.657 len=734.3 ent(t0,t>=1)=(0.000,0.736) aL=-0.0079 vL=0.0393 initial=[red=0.51 blue=0.49] switch=0.028
[u  772] env= 50593792 rsucc=0.995 n_rounds= 1839 ret=+12.510 len=743.7 ent(t0,t>=1)=(0.000,0.748) aL=-0.0071 vL=0.0417 initial=[red=0.51 blue=0.49] switch=0.023
[u  773] env= 50659328 rsucc=0.986 n_rounds= 1836 ret=+12.888 len=705.7 ent(t0,t>=1)=(0.000,0.756) aL=-0.0075 vL=0.0403 initial=[red=0.52 blue=0.48] switch=0.022
[u  774] env= 50724864 rsucc=0.992 n_rounds= 1818 ret=+12.828 len=716.1 ent(t0,t>=1)=(0.000,0.750) aL=-0.0075 vL=0.0408 initial=[red=0.50 blue=0.50] switch=0.022
[u  775] env= 50790400 rsucc=0.994 n_rounds= 1835 ret=+12.899 len=713.4 ent(t0,t>=1)=(0.000,0.766) aL=-0.0076 vL=0.0424 initial=[red=0.50 blue=0.50] switch=0.023
[u  776] env= 50855936 rsucc=0.979 n_rounds= 1735 ret=+12.689 len=737.0 ent(t0,t>=1)=(0.000,0.772) aL=-0.0079 vL=0.0376 initial=[red=0.49 blue=0.51] switch=0.028
[u  777] env= 50921472 rsucc=0.991 n_rounds= 1799 ret=+12.469 len=747.0 ent(t0,t>=1)=(0.000,0.768) aL=-0.0080 vL=0.0419 initial=[red=0.51 blue=0.49] switch=0.024
[u  778] env= 50987008 rsucc=0.985 n_rounds= 1721 ret=+12.789 len=714.0 ent(t0,t>=1)=(0.000,0.764) aL=-0.0071 vL=0.0385 initial=[red=0.51 blue=0.49] switch=0.021
[u  779] env= 51052544 rsucc=0.980 n_rounds= 1757 ret=+12.677 len=726.2 ent(t0,t>=1)=(0.000,0.761) aL=-0.0071 vL=0.0433 initial=[red=0.50 blue=0.50] switch=0.021
[u  780] env= 51118080 rsucc=0.991 n_rounds= 1764 ret=+12.279 len=751.1 ent(t0,t>=1)=(0.000,0.774) aL=-0.0074 vL=0.0384 initial=[red=0.49 blue=0.51] switch=0.023
[u  781] env= 51183616 rsucc=0.986 n_rounds= 1799 ret=+12.652 len=730.4 ent(t0,t>=1)=(0.000,0.775) aL=-0.0068 vL=0.0418 initial=[red=0.52 blue=0.48] switch=0.021
[u  782] env= 51249152 rsucc=0.986 n_rounds= 1810 ret=+12.408 len=750.0 ent(t0,t>=1)=(0.000,0.752) aL=-0.0069 vL=0.0417 initial=[red=0.51 blue=0.49] switch=0.024
[u  783] env= 51314688 rsucc=0.987 n_rounds= 1812 ret=+12.346 len=768.2 ent(t0,t>=1)=(0.000,0.756) aL=-0.0067 vL=0.0447 initial=[red=0.47 blue=0.53] switch=0.025
[u  784] env= 51380224 rsucc=0.985 n_rounds= 1826 ret=+12.761 len=709.1 ent(t0,t>=1)=(0.000,0.752) aL=-0.0072 vL=0.0416 initial=[red=0.51 blue=0.49] switch=0.022
[u  785] env= 51445760 rsucc=0.993 n_rounds= 1812 ret=+12.810 len=715.1 ent(t0,t>=1)=(0.000,0.773) aL=-0.0070 vL=0.0428 initial=[red=0.48 blue=0.52] switch=0.023
[u  786] env= 51511296 rsucc=0.990 n_rounds= 1858 ret=+12.633 len=740.2 ent(t0,t>=1)=(0.000,0.768) aL=-0.0072 vL=0.0432 initial=[red=0.50 blue=0.50] switch=0.023
[u  787] env= 51576832 rsucc=0.984 n_rounds= 1865 ret=+12.797 len=699.7 ent(t0,t>=1)=(0.000,0.750) aL=-0.0070 vL=0.0444 initial=[red=0.49 blue=0.51] switch=0.023
[u  788] env= 51642368 rsucc=0.990 n_rounds= 1820 ret=+12.920 len=712.4 ent(t0,t>=1)=(0.000,0.744) aL=-0.0063 vL=0.0426 initial=[red=0.49 blue=0.51] switch=0.023
[u  789] env= 51707904 rsucc=0.986 n_rounds= 1836 ret=+12.744 len=720.3 ent(t0,t>=1)=(0.000,0.756) aL=-0.0068 vL=0.0416 initial=[red=0.49 blue=0.51] switch=0.022
[u  790] env= 51773440 rsucc=0.986 n_rounds= 1791 ret=+12.716 len=720.8 ent(t0,t>=1)=(0.000,0.778) aL=-0.0070 vL=0.0434 initial=[red=0.48 blue=0.52] switch=0.025
[u  791] env= 51838976 rsucc=0.985 n_rounds= 1793 ret=+12.826 len=713.3 ent(t0,t>=1)=(0.000,0.768) aL=-0.0070 vL=0.0396 initial=[red=0.51 blue=0.49] switch=0.021
[u  792] env= 51904512 rsucc=0.987 n_rounds= 1798 ret=+12.768 len=717.4 ent(t0,t>=1)=(0.000,0.772) aL=-0.0067 vL=0.0421 initial=[red=0.51 blue=0.49] switch=0.022
[u  793] env= 51970048 rsucc=0.993 n_rounds= 1791 ret=+13.180 len=685.2 ent(t0,t>=1)=(0.000,0.755) aL=-0.0069 vL=0.0375 initial=[red=0.52 blue=0.48] switch=0.023
[u  794] env= 52035584 rsucc=0.981 n_rounds= 1750 ret=+12.110 len=762.0 ent(t0,t>=1)=(0.000,0.777) aL=-0.0067 vL=0.0414 initial=[red=0.50 blue=0.50] switch=0.023
[u  795] env= 52101120 rsucc=0.991 n_rounds= 1826 ret=+12.482 len=749.7 ent(t0,t>=1)=(0.000,0.753) aL=-0.0063 vL=0.0452 initial=[red=0.49 blue=0.51] switch=0.023
[u  796] env= 52166656 rsucc=0.990 n_rounds= 1881 ret=+12.866 len=719.8 ent(t0,t>=1)=(0.000,0.753) aL=-0.0063 vL=0.0416 initial=[red=0.51 blue=0.49] switch=0.023
[u  797] env= 52232192 rsucc=0.998 n_rounds= 1798 ret=+13.000 len=697.1 ent(t0,t>=1)=(0.000,0.757) aL=-0.0061 vL=0.0377 initial=[red=0.48 blue=0.52] switch=0.019
[u  798] env= 52297728 rsucc=0.991 n_rounds= 1720 ret=+12.841 len=722.9 ent(t0,t>=1)=(0.000,0.752) aL=-0.0061 vL=0.0397 initial=[red=0.50 blue=0.50] switch=0.020
[u  799] env= 52363264 rsucc=0.983 n_rounds= 1769 ret=+12.385 len=763.5 ent(t0,t>=1)=(0.000,0.743) aL=-0.0062 vL=0.0423 initial=[red=0.48 blue=0.52] switch=0.021
[u  800] env= 52428800 rsucc=0.986 n_rounds= 1773 ret=+12.766 len=724.3 ent(t0,t>=1)=(0.000,0.747) aL=-0.0058 vL=0.0395 initial=[red=0.51 blue=0.49] switch=0.020
[u  801] env= 52494336 rsucc=0.986 n_rounds= 1731 ret=+12.393 len=757.5 ent(t0,t>=1)=(0.000,0.768) aL=-0.0061 vL=0.0365 initial=[red=0.49 blue=0.51] switch=0.022
[u  802] env= 52559872 rsucc=0.990 n_rounds= 1757 ret=+12.748 len=721.7 ent(t0,t>=1)=(0.000,0.775) aL=-0.0057 vL=0.0394 initial=[red=0.48 blue=0.52] switch=0.022
[u  803] env= 52625408 rsucc=0.992 n_rounds= 1831 ret=+12.387 len=747.2 ent(t0,t>=1)=(0.000,0.757) aL=-0.0054 vL=0.0457 initial=[red=0.49 blue=0.51] switch=0.021
[u  804] env= 52690944 rsucc=0.987 n_rounds= 1767 ret=+12.992 len=707.8 ent(t0,t>=1)=(0.000,0.743) aL=-0.0059 vL=0.0400 initial=[red=0.48 blue=0.52] switch=0.022
[u  805] env= 52756480 rsucc=0.988 n_rounds= 1796 ret=+11.845 len=808.9 ent(t0,t>=1)=(0.000,0.744) aL=-0.0055 vL=0.0400 initial=[red=0.51 blue=0.49] switch=0.020
[u  806] env= 52822016 rsucc=0.992 n_rounds= 1841 ret=+12.732 len=721.8 ent(t0,t>=1)=(0.000,0.754) aL=-0.0054 vL=0.0427 initial=[red=0.48 blue=0.52] switch=0.023
[u  807] env= 52887552 rsucc=0.991 n_rounds= 1809 ret=+12.958 len=706.3 ent(t0,t>=1)=(0.000,0.745) aL=-0.0054 vL=0.0416 initial=[red=0.51 blue=0.49] switch=0.021
[u  808] env= 52953088 rsucc=0.988 n_rounds= 1850 ret=+12.866 len=713.9 ent(t0,t>=1)=(0.000,0.749) aL=-0.0056 vL=0.0446 initial=[red=0.52 blue=0.48] switch=0.021
[u  809] env= 53018624 rsucc=0.992 n_rounds= 1832 ret=+13.111 len=693.0 ent(t0,t>=1)=(0.000,0.754) aL=-0.0058 vL=0.0414 initial=[red=0.50 blue=0.50] switch=0.023
[u  810] env= 53084160 rsucc=0.990 n_rounds= 1836 ret=+12.404 len=754.1 ent(t0,t>=1)=(0.000,0.768) aL=-0.0051 vL=0.0419 initial=[red=0.50 blue=0.50] switch=0.024
[u  811] env= 53149696 rsucc=0.991 n_rounds= 1795 ret=+13.217 len=674.8 ent(t0,t>=1)=(0.000,0.761) aL=-0.0052 vL=0.0417 initial=[red=0.50 blue=0.50] switch=0.023
[u  812] env= 53215232 rsucc=0.978 n_rounds= 1805 ret=+12.537 len=749.4 ent(t0,t>=1)=(0.000,0.769) aL=-0.0053 vL=0.0451 initial=[red=0.51 blue=0.49] switch=0.023
[u  813] env= 53280768 rsucc=0.977 n_rounds= 1768 ret=+12.673 len=729.0 ent(t0,t>=1)=(0.000,0.755) aL=-0.0051 vL=0.0429 initial=[red=0.50 blue=0.50] switch=0.025
[u  814] env= 53346304 rsucc=0.993 n_rounds= 1822 ret=+12.876 len=702.3 ent(t0,t>=1)=(0.000,0.757) aL=-0.0051 vL=0.0395 initial=[red=0.50 blue=0.50] switch=0.021
[u  815] env= 53411840 rsucc=0.997 n_rounds= 1829 ret=+12.342 len=752.1 ent(t0,t>=1)=(0.000,0.762) aL=-0.0053 vL=0.0410 initial=[red=0.50 blue=0.50] switch=0.020
[u  816] env= 53477376 rsucc=0.986 n_rounds= 1763 ret=+12.520 len=738.3 ent(t0,t>=1)=(0.000,0.757) aL=-0.0048 vL=0.0385 initial=[red=0.51 blue=0.49] switch=0.021
[u  817] env= 53542912 rsucc=0.990 n_rounds= 1761 ret=+12.350 len=757.0 ent(t0,t>=1)=(0.000,0.757) aL=-0.0050 vL=0.0409 initial=[red=0.51 blue=0.49] switch=0.024
[u  818] env= 53608448 rsucc=0.992 n_rounds= 1856 ret=+12.934 len=705.3 ent(t0,t>=1)=(0.000,0.771) aL=-0.0051 vL=0.0462 initial=[red=0.49 blue=0.51] switch=0.025
[u  819] env= 53673984 rsucc=0.976 n_rounds= 1783 ret=+13.264 len=682.4 ent(t0,t>=1)=(0.000,0.760) aL=-0.0049 vL=0.0400 initial=[red=0.51 blue=0.49] switch=0.023
[u  820] env= 53739520 rsucc=0.993 n_rounds= 1807 ret=+12.492 len=750.0 ent(t0,t>=1)=(0.000,0.770) aL=-0.0048 vL=0.0425 initial=[red=0.50 blue=0.50] switch=0.022
[u  821] env= 53805056 rsucc=0.989 n_rounds= 1864 ret=+12.790 len=718.1 ent(t0,t>=1)=(0.000,0.756) aL=-0.0040 vL=0.0438 initial=[red=0.47 blue=0.53] switch=0.023
[u  822] env= 53870592 rsucc=0.988 n_rounds= 1783 ret=+12.892 len=692.8 ent(t0,t>=1)=(0.000,0.779) aL=-0.0051 vL=0.0381 initial=[red=0.53 blue=0.47] switch=0.019
[u  823] env= 53936128 rsucc=0.985 n_rounds= 1781 ret=+12.310 len=766.2 ent(t0,t>=1)=(0.000,0.771) aL=-0.0046 vL=0.0431 initial=[red=0.51 blue=0.49] switch=0.022
[u  824] env= 54001664 rsucc=0.984 n_rounds= 1836 ret=+12.739 len=726.1 ent(t0,t>=1)=(0.000,0.768) aL=-0.0043 vL=0.0406 initial=[red=0.51 blue=0.49] switch=0.022
[u  825] env= 54067200 rsucc=0.994 n_rounds= 1780 ret=+12.791 len=717.8 ent(t0,t>=1)=(0.000,0.748) aL=-0.0048 vL=0.0376 initial=[red=0.51 blue=0.49] switch=0.021
[u  826] env= 54132736 rsucc=0.987 n_rounds= 1796 ret=+12.872 len=719.9 ent(t0,t>=1)=(0.000,0.762) aL=-0.0041 vL=0.0429 initial=[red=0.49 blue=0.51] switch=0.024
[u  827] env= 54198272 rsucc=0.982 n_rounds= 1818 ret=+12.399 len=745.3 ent(t0,t>=1)=(0.000,0.749) aL=-0.0042 vL=0.0424 initial=[red=0.49 blue=0.51] switch=0.023
[u  828] env= 54263808 rsucc=0.984 n_rounds= 1760 ret=+12.321 len=747.5 ent(t0,t>=1)=(0.000,0.739) aL=-0.0041 vL=0.0410 initial=[red=0.51 blue=0.49] switch=0.022
[u  829] env= 54329344 rsucc=0.991 n_rounds= 1898 ret=+12.727 len=725.3 ent(t0,t>=1)=(0.000,0.739) aL=-0.0039 vL=0.0440 initial=[red=0.49 blue=0.51] switch=0.022
[u  830] env= 54394880 rsucc=0.992 n_rounds= 1822 ret=+13.390 len=659.1 ent(t0,t>=1)=(0.000,0.750) aL=-0.0041 vL=0.0412 initial=[red=0.50 blue=0.50] switch=0.023
[u  831] env= 54460416 rsucc=0.994 n_rounds= 1834 ret=+12.541 len=744.4 ent(t0,t>=1)=(0.000,0.743) aL=-0.0037 vL=0.0401 initial=[red=0.49 blue=0.51] switch=0.023
[u  832] env= 54525952 rsucc=0.995 n_rounds= 1824 ret=+12.957 len=706.8 ent(t0,t>=1)=(0.000,0.766) aL=-0.0039 vL=0.0447 initial=[red=0.49 blue=0.51] switch=0.024
[u  833] env= 54591488 rsucc=0.993 n_rounds= 1886 ret=+12.864 len=719.0 ent(t0,t>=1)=(0.000,0.754) aL=-0.0035 vL=0.0410 initial=[red=0.49 blue=0.51] switch=0.022
[u  834] env= 54657024 rsucc=0.992 n_rounds= 1795 ret=+12.930 len=713.2 ent(t0,t>=1)=(0.000,0.771) aL=-0.0036 vL=0.0399 initial=[red=0.50 blue=0.50] switch=0.020
[u  835] env= 54722560 rsucc=0.991 n_rounds= 1881 ret=+12.813 len=725.9 ent(t0,t>=1)=(0.000,0.745) aL=-0.0037 vL=0.0431 initial=[red=0.49 blue=0.51] switch=0.024
[u  836] env= 54788096 rsucc=0.992 n_rounds= 1843 ret=+13.164 len=692.9 ent(t0,t>=1)=(0.000,0.754) aL=-0.0037 vL=0.0416 initial=[red=0.48 blue=0.52] switch=0.022
[u  837] env= 54853632 rsucc=0.984 n_rounds= 1717 ret=+13.151 len=686.0 ent(t0,t>=1)=(0.000,0.758) aL=-0.0036 vL=0.0384 initial=[red=0.49 blue=0.51] switch=0.021
[u  838] env= 54919168 rsucc=0.988 n_rounds= 1830 ret=+12.233 len=769.2 ent(t0,t>=1)=(0.000,0.764) aL=-0.0034 vL=0.0444 initial=[red=0.48 blue=0.52] switch=0.023
[u  839] env= 54984704 rsucc=0.988 n_rounds= 1813 ret=+12.777 len=719.1 ent(t0,t>=1)=(0.000,0.766) aL=-0.0033 vL=0.0407 initial=[red=0.51 blue=0.49] switch=0.019
[u  840] env= 55050240 rsucc=0.996 n_rounds= 1813 ret=+12.847 len=719.0 ent(t0,t>=1)=(0.000,0.758) aL=-0.0032 vL=0.0430 initial=[red=0.50 blue=0.50] switch=0.021
[u  841] env= 55115776 rsucc=0.984 n_rounds= 1741 ret=+12.664 len=740.0 ent(t0,t>=1)=(0.000,0.760) aL=-0.0029 vL=0.0396 initial=[red=0.51 blue=0.49] switch=0.022
[u  842] env= 55181312 rsucc=0.982 n_rounds= 1760 ret=+12.508 len=739.5 ent(t0,t>=1)=(0.000,0.769) aL=-0.0033 vL=0.0405 initial=[red=0.51 blue=0.49] switch=0.023
[u  843] env= 55246848 rsucc=0.988 n_rounds= 1796 ret=+12.575 len=724.2 ent(t0,t>=1)=(0.000,0.766) aL=-0.0028 vL=0.0416 initial=[red=0.49 blue=0.51] switch=0.023
[u  844] env= 55312384 rsucc=0.980 n_rounds= 1756 ret=+12.180 len=770.1 ent(t0,t>=1)=(0.000,0.781) aL=-0.0031 vL=0.0414 initial=[red=0.47 blue=0.53] switch=0.023
[u  845] env= 55377920 rsucc=0.983 n_rounds= 1828 ret=+12.728 len=722.0 ent(t0,t>=1)=(0.000,0.768) aL=-0.0027 vL=0.0451 initial=[red=0.52 blue=0.48] switch=0.022
[u  846] env= 55443456 rsucc=0.996 n_rounds= 1846 ret=+13.043 len=692.1 ent(t0,t>=1)=(0.000,0.749) aL=-0.0027 vL=0.0450 initial=[red=0.51 blue=0.49] switch=0.021
[u  847] env= 55508992 rsucc=0.986 n_rounds= 1758 ret=+12.647 len=723.5 ent(t0,t>=1)=(0.000,0.756) aL=-0.0026 vL=0.0395 initial=[red=0.51 blue=0.49] switch=0.020
[u  848] env= 55574528 rsucc=0.990 n_rounds= 1750 ret=+12.150 len=784.1 ent(t0,t>=1)=(0.000,0.748) aL=-0.0026 vL=0.0414 initial=[red=0.50 blue=0.50] switch=0.021
[u  849] env= 55640064 rsucc=0.990 n_rounds= 1760 ret=+12.678 len=727.5 ent(t0,t>=1)=(0.000,0.767) aL=-0.0027 vL=0.0421 initial=[red=0.49 blue=0.51] switch=0.023
[u  850] env= 55705600 rsucc=0.980 n_rounds= 1808 ret=+12.910 len=716.0 ent(t0,t>=1)=(0.000,0.758) aL=-0.0025 vL=0.0428 initial=[red=0.48 blue=0.52] switch=0.022
[u  851] env= 55771136 rsucc=0.985 n_rounds= 1785 ret=+13.215 len=679.5 ent(t0,t>=1)=(0.000,0.781) aL=-0.0024 vL=0.0403 initial=[red=0.51 blue=0.49] switch=0.020
[u  852] env= 55836672 rsucc=0.983 n_rounds= 1833 ret=+12.242 len=762.5 ent(t0,t>=1)=(0.000,0.769) aL=-0.0022 vL=0.0461 initial=[red=0.48 blue=0.52] switch=0.020
[u  853] env= 55902208 rsucc=0.985 n_rounds= 1852 ret=+12.339 len=741.2 ent(t0,t>=1)=(0.000,0.750) aL=-0.0025 vL=0.0435 initial=[red=0.50 blue=0.50] switch=0.022
[u  854] env= 55967744 rsucc=0.992 n_rounds= 1837 ret=+12.590 len=725.6 ent(t0,t>=1)=(0.000,0.763) aL=-0.0023 vL=0.0418 initial=[red=0.48 blue=0.52] switch=0.023
[u  855] env= 56033280 rsucc=0.993 n_rounds= 1818 ret=+12.758 len=725.0 ent(t0,t>=1)=(0.000,0.767) aL=-0.0022 vL=0.0393 initial=[red=0.48 blue=0.52] switch=0.020
[u  856] env= 56098816 rsucc=0.993 n_rounds= 1790 ret=+12.741 len=726.3 ent(t0,t>=1)=(0.000,0.771) aL=-0.0019 vL=0.0414 initial=[red=0.50 blue=0.50] switch=0.019
[u  857] env= 56164352 rsucc=0.994 n_rounds= 1888 ret=+13.419 len=666.9 ent(t0,t>=1)=(0.000,0.776) aL=-0.0021 vL=0.0434 initial=[red=0.50 blue=0.50] switch=0.024
[u  858] env= 56229888 rsucc=0.985 n_rounds= 1752 ret=+12.924 len=709.5 ent(t0,t>=1)=(0.000,0.775) aL=-0.0022 vL=0.0385 initial=[red=0.50 blue=0.50] switch=0.021
[u  859] env= 56295424 rsucc=0.994 n_rounds= 1772 ret=+12.489 len=748.3 ent(t0,t>=1)=(0.000,0.768) aL=-0.0019 vL=0.0401 initial=[red=0.52 blue=0.48] switch=0.018
[u  860] env= 56360960 rsucc=0.986 n_rounds= 1780 ret=+12.421 len=753.5 ent(t0,t>=1)=(0.000,0.759) aL=-0.0017 vL=0.0434 initial=[red=0.50 blue=0.50] switch=0.021
[u  861] env= 56426496 rsucc=0.992 n_rounds= 1815 ret=+12.598 len=744.8 ent(t0,t>=1)=(0.000,0.771) aL=-0.0016 vL=0.0413 initial=[red=0.49 blue=0.51] switch=0.021
[u  862] env= 56492032 rsucc=0.979 n_rounds= 1740 ret=+12.778 len=719.6 ent(t0,t>=1)=(0.000,0.768) aL=-0.0018 vL=0.0392 initial=[red=0.48 blue=0.52] switch=0.021
[u  863] env= 56557568 rsucc=0.983 n_rounds= 1795 ret=+12.711 len=721.1 ent(t0,t>=1)=(0.000,0.761) aL=-0.0016 vL=0.0424 initial=[red=0.48 blue=0.52] switch=0.022
[u  864] env= 56623104 rsucc=0.991 n_rounds= 1801 ret=+12.401 len=747.6 ent(t0,t>=1)=(0.000,0.780) aL=-0.0018 vL=0.0432 initial=[red=0.49 blue=0.51] switch=0.022
[u  865] env= 56688640 rsucc=0.985 n_rounds= 1855 ret=+13.130 len=686.3 ent(t0,t>=1)=(0.000,0.769) aL=-0.0014 vL=0.0422 initial=[red=0.50 blue=0.50] switch=0.020
[u  866] env= 56754176 rsucc=0.991 n_rounds= 1746 ret=+12.079 len=779.1 ent(t0,t>=1)=(0.000,0.784) aL=-0.0015 vL=0.0381 initial=[red=0.49 blue=0.51] switch=0.019
[u  867] env= 56819712 rsucc=0.980 n_rounds= 1807 ret=+12.683 len=721.1 ent(t0,t>=1)=(0.000,0.787) aL=-0.0016 vL=0.0439 initial=[red=0.51 blue=0.49] switch=0.022
[u  868] env= 56885248 rsucc=0.985 n_rounds= 1784 ret=+12.750 len=714.8 ent(t0,t>=1)=(0.000,0.771) aL=-0.0014 vL=0.0401 initial=[red=0.49 blue=0.51] switch=0.021
[u  869] env= 56950784 rsucc=0.990 n_rounds= 1827 ret=+12.676 len=729.9 ent(t0,t>=1)=(0.000,0.762) aL=-0.0013 vL=0.0452 initial=[red=0.50 blue=0.50] switch=0.021
[u  870] env= 57016320 rsucc=0.990 n_rounds= 1850 ret=+12.920 len=703.6 ent(t0,t>=1)=(0.000,0.756) aL=-0.0013 vL=0.0434 initial=[red=0.49 blue=0.51] switch=0.020
[u  871] env= 57081856 rsucc=0.989 n_rounds= 1852 ret=+12.428 len=759.2 ent(t0,t>=1)=(0.000,0.750) aL=-0.0012 vL=0.0425 initial=[red=0.51 blue=0.49] switch=0.020
[u  872] env= 57147392 rsucc=0.991 n_rounds= 1827 ret=+13.113 len=686.4 ent(t0,t>=1)=(0.000,0.752) aL=-0.0011 vL=0.0398 initial=[red=0.51 blue=0.49] switch=0.019
[u  873] env= 57212928 rsucc=0.992 n_rounds= 1815 ret=+12.785 len=721.3 ent(t0,t>=1)=(0.000,0.753) aL=-0.0011 vL=0.0444 initial=[red=0.49 blue=0.51] switch=0.020
[u  874] env= 57278464 rsucc=0.988 n_rounds= 1883 ret=+13.050 len=693.1 ent(t0,t>=1)=(0.000,0.751) aL=-0.0010 vL=0.0432 initial=[red=0.50 blue=0.50] switch=0.021
[u  875] env= 57344000 rsucc=0.996 n_rounds= 1847 ret=+12.705 len=728.8 ent(t0,t>=1)=(0.000,0.760) aL=-0.0010 vL=0.0402 initial=[red=0.50 blue=0.50] switch=0.021
[u  876] env= 57409536 rsucc=0.993 n_rounds= 1824 ret=+12.936 len=718.5 ent(t0,t>=1)=(0.000,0.765) aL=-0.0009 vL=0.0446 initial=[red=0.49 blue=0.51] switch=0.020
[u  877] env= 57475072 rsucc=0.986 n_rounds= 1820 ret=+13.019 len=700.9 ent(t0,t>=1)=(0.000,0.770) aL=-0.0010 vL=0.0396 initial=[red=0.50 blue=0.50] switch=0.021
[u  878] env= 57540608 rsucc=0.993 n_rounds= 1767 ret=+12.682 len=729.9 ent(t0,t>=1)=(0.000,0.752) aL=-0.0009 vL=0.0391 initial=[red=0.48 blue=0.52] switch=0.021
[u  879] env= 57606144 rsucc=0.985 n_rounds= 1747 ret=+13.111 len=691.0 ent(t0,t>=1)=(0.000,0.754) aL=-0.0009 vL=0.0449 initial=[red=0.51 blue=0.49] switch=0.020
[u  880] env= 57671680 rsucc=0.980 n_rounds= 1770 ret=+12.139 len=776.0 ent(t0,t>=1)=(0.000,0.771) aL=-0.0008 vL=0.0435 initial=[red=0.51 blue=0.49] switch=0.020
[u  881] env= 57737216 rsucc=0.987 n_rounds= 1769 ret=+12.999 len=702.7 ent(t0,t>=1)=(0.000,0.769) aL=-0.0008 vL=0.0431 initial=[red=0.50 blue=0.50] switch=0.020
[u  882] env= 57802752 rsucc=0.986 n_rounds= 1865 ret=+12.462 len=748.5 ent(t0,t>=1)=(0.000,0.781) aL=-0.0007 vL=0.0446 initial=[red=0.50 blue=0.50] switch=0.020
[u  883] env= 57868288 rsucc=0.992 n_rounds= 1918 ret=+12.787 len=709.6 ent(t0,t>=1)=(0.000,0.756) aL=-0.0006 vL=0.0461 initial=[red=0.49 blue=0.51] switch=0.021
[u  884] env= 57933824 rsucc=0.993 n_rounds= 1816 ret=+12.270 len=756.1 ent(t0,t>=1)=(0.000,0.767) aL=-0.0006 vL=0.0408 initial=[red=0.51 blue=0.49] switch=0.020
[u  885] env= 57999360 rsucc=0.993 n_rounds= 1838 ret=+13.042 len=688.9 ent(t0,t>=1)=(0.000,0.784) aL=-0.0006 vL=0.0418 initial=[red=0.51 blue=0.49] switch=0.020
[u  886] env= 58064896 rsucc=0.986 n_rounds= 1769 ret=+12.923 len=716.2 ent(t0,t>=1)=(0.000,0.768) aL=-0.0005 vL=0.0416 initial=[red=0.50 blue=0.50] switch=0.020
[u  887] env= 58130432 rsucc=0.992 n_rounds= 1795 ret=+12.689 len=741.0 ent(t0,t>=1)=(0.000,0.759) aL=-0.0005 vL=0.0424 initial=[red=0.50 blue=0.50] switch=0.020
[u  888] env= 58195968 rsucc=0.991 n_rounds= 1808 ret=+12.841 len=712.2 ent(t0,t>=1)=(0.000,0.769) aL=-0.0005 vL=0.0420 initial=[red=0.51 blue=0.49] switch=0.022
[u  889] env= 58261504 rsucc=0.990 n_rounds= 1836 ret=+13.132 len=690.5 ent(t0,t>=1)=(0.000,0.745) aL=-0.0004 vL=0.0428 initial=[red=0.50 blue=0.50] switch=0.021
[u  890] env= 58327040 rsucc=0.992 n_rounds= 1807 ret=+12.478 len=747.0 ent(t0,t>=1)=(0.000,0.773) aL=-0.0004 vL=0.0425 initial=[red=0.50 blue=0.50] switch=0.021
[u  891] env= 58392576 rsucc=0.996 n_rounds= 1872 ret=+12.809 len=717.9 ent(t0,t>=1)=(0.000,0.755) aL=-0.0003 vL=0.0482 initial=[red=0.51 blue=0.49] switch=0.020
[u  892] env= 58458112 rsucc=0.994 n_rounds= 1941 ret=+13.208 len=693.1 ent(t0,t>=1)=(0.000,0.750) aL=-0.0003 vL=0.0449 initial=[red=0.51 blue=0.49] switch=0.020
[u  893] env= 58523648 rsucc=0.995 n_rounds= 1846 ret=+12.950 len=712.1 ent(t0,t>=1)=(0.000,0.765) aL=-0.0004 vL=0.0420 initial=[red=0.49 blue=0.51] switch=0.022
[u  894] env= 58589184 rsucc=0.991 n_rounds= 1835 ret=+12.995 len=703.8 ent(t0,t>=1)=(0.000,0.764) aL=-0.0003 vL=0.0435 initial=[red=0.51 blue=0.49] switch=0.020
[u  895] env= 58654720 rsucc=0.981 n_rounds= 1853 ret=+12.715 len=732.0 ent(t0,t>=1)=(0.000,0.769) aL=-0.0003 vL=0.0487 initial=[red=0.49 blue=0.51] switch=0.022
[u  896] env= 58720256 rsucc=0.986 n_rounds= 1831 ret=+13.446 len=654.5 ent(t0,t>=1)=(0.000,0.759) aL=-0.0002 vL=0.0408 initial=[red=0.48 blue=0.52] switch=0.020
[u  897] env= 58785792 rsucc=0.991 n_rounds= 1798 ret=+12.512 len=743.7 ent(t0,t>=1)=(0.000,0.769) aL=-0.0002 vL=0.0426 initial=[red=0.51 blue=0.49] switch=0.020
[u  898] env= 58851328 rsucc=0.991 n_rounds= 1824 ret=+12.948 len=705.4 ent(t0,t>=1)=(0.000,0.780) aL=-0.0002 vL=0.0422 initial=[red=0.51 blue=0.49] switch=0.019
[u  899] env= 58916864 rsucc=0.994 n_rounds= 1775 ret=+12.299 len=764.1 ent(t0,t>=1)=(0.000,0.778) aL=-0.0002 vL=0.0375 initial=[red=0.49 blue=0.51] switch=0.019
[u  900] env= 58982400 rsucc=0.987 n_rounds= 1679 ret=+13.243 len=686.4 ent(t0,t>=1)=(0.000,0.757) aL=-0.0002 vL=0.0365 initial=[red=0.49 blue=0.51] switch=0.019
[u  901] env= 59047936 rsucc=0.986 n_rounds= 1741 ret=+12.515 len=757.7 ent(t0,t>=1)=(0.000,0.758) aL=-0.0001 vL=0.0456 initial=[red=0.49 blue=0.51] switch=0.022
[u  902] env= 59113472 rsucc=0.985 n_rounds= 1863 ret=+12.577 len=717.6 ent(t0,t>=1)=(0.000,0.765) aL=-0.0001 vL=0.0443 initial=[red=0.50 blue=0.50] switch=0.021
[u  903] env= 59179008 rsucc=0.988 n_rounds= 1793 ret=+12.632 len=726.5 ent(t0,t>=1)=(0.000,0.771) aL=-0.0001 vL=0.0452 initial=[red=0.51 blue=0.49] switch=0.019
[u  904] env= 59244544 rsucc=0.979 n_rounds= 1816 ret=+12.058 len=783.1 ent(t0,t>=1)=(0.000,0.772) aL=-0.0001 vL=0.0447 initial=[red=0.51 blue=0.49] switch=0.019
[u  905] env= 59310080 rsucc=0.981 n_rounds= 1758 ret=+12.578 len=728.6 ent(t0,t>=1)=(0.000,0.771) aL=-0.0001 vL=0.0415 initial=[red=0.50 blue=0.50] switch=0.019
[u  906] env= 59375616 rsucc=0.996 n_rounds= 1825 ret=+12.690 len=721.4 ent(t0,t>=1)=(0.000,0.764) aL=-0.0001 vL=0.0427 initial=[red=0.50 blue=0.50] switch=0.020
[u  907] env= 59441152 rsucc=0.983 n_rounds= 1832 ret=+13.127 len=691.7 ent(t0,t>=1)=(0.000,0.778) aL=-0.0000 vL=0.0386 initial=[red=0.51 blue=0.49] switch=0.021
[u  908] env= 59506688 rsucc=0.985 n_rounds= 1772 ret=+12.525 len=731.8 ent(t0,t>=1)=(0.000,0.783) aL=-0.0000 vL=0.0449 initial=[red=0.50 blue=0.50] switch=0.019
[u  909] env= 59572224 rsucc=0.988 n_rounds= 1763 ret=+12.489 len=743.1 ent(t0,t>=1)=(0.000,0.761) aL=-0.0000 vL=0.0408 initial=[red=0.49 blue=0.51] switch=0.019
[u  910] env= 59637760 rsucc=0.991 n_rounds= 1833 ret=+12.544 len=747.6 ent(t0,t>=1)=(0.000,0.762) aL=-0.0000 vL=0.0454 initial=[red=0.50 blue=0.50] switch=0.022
[u  911] env= 59703296 rsucc=0.987 n_rounds= 1848 ret=+12.965 len=705.5 ent(t0,t>=1)=(0.000,0.774) aL=-0.0000 vL=0.0447 initial=[red=0.53 blue=0.47] switch=0.021
[u  912] env= 59768832 rsucc=0.987 n_rounds= 1790 ret=+12.573 len=732.9 ent(t0,t>=1)=(0.000,0.758) aL=-0.0000 vL=0.0427 initial=[red=0.50 blue=0.50] switch=0.020
[u  913] env= 59834368 rsucc=0.987 n_rounds= 1790 ret=+12.794 len=718.4 ent(t0,t>=1)=(0.000,0.749) aL=-0.0000 vL=0.0425 initial=[red=0.50 blue=0.50] switch=0.022
[u  914] env= 59899904 rsucc=0.987 n_rounds= 1788 ret=+12.671 len=722.6 ent(t0,t>=1)=(0.000,0.765) aL=+0.0000 vL=0.0434 initial=[red=0.49 blue=0.51] switch=0.023
[u  915] env= 59965440 rsucc=0.992 n_rounds= 1843 ret=+12.541 len=738.8 ent(t0,t>=1)=(0.000,0.778) aL=-0.0000 vL=0.0439 initial=[red=0.52 blue=0.48] switch=0.021
[main] training done in 644.2s
        round_success_rate: [+0.2043, +0.1851, +0.2173, +0.1824, +0.2090, +0.1769, +0.1760, +0.1563, +0.2507, +0.2552, +0.2650, +0.2978, +0.2671, +0.2687, +0.2172, +0.2895, +0.3268, +0.2961, +0.2955, +0.2599, +0.3157, +0.3114, +0.5190, +0.5640, +0.5976, +0.6298, +0.6370, +0.7038, +0.7812, +0.8162, +0.8037, +0.8066, +0.8073, +0.8857, +0.9303, +0.9360, +0.9081, +0.8969, +0.8996, +0.9022, +0.8817, +0.8893, +0.8916, +0.8858, +0.8708, +0.8990, +0.9209, +0.9195, +0.9070, +0.8690, +0.8963, +0.8931, +0.9029, +0.8868, +0.9127, +0.9134, +0.9268, +0.9249, +0.9202, +0.9112, +0.9412, +0.8954, +0.9076, +0.9380, +0.9017, +0.8989, +0.8901, +0.9036, +0.9128, +0.9303, +0.9327, +0.8786, +0.8821, +0.8992, +0.9287, +0.9086, +0.9276, +0.9274, +0.9198, +0.9505, +0.9365, +0.9342, +0.9122, +0.9308, +0.8546, +0.8877, +0.9523, +0.9247, +0.9497, +0.9571, +0.9149, +0.8958, +0.9177, +0.9445, +0.8918, +0.9143, +0.9134, +0.9295, +0.9210, +0.9259, +0.9322, +0.9175, +0.9326, +0.9027, +0.9535, +0.9359, +0.9031, +0.9312, +0.9571, +0.9246, +0.9517, +0.9646, +0.9260, +0.9142, +0.8918, +0.9402, +0.9363, +0.9283, +0.9413, +0.9417, +0.9252, +0.9270, +0.9484, +0.9519, +0.9472, +0.9264, +0.9384, +0.9362, +0.9467, +0.9356, +0.9236, +0.9145, +0.9426, +0.9154, +0.9218, +0.9190, +0.9325, +0.9241, +0.9463, +0.9437, +0.9537, +0.9463, +0.9393, +0.8894, +0.9262, +0.9570, +0.9360, +0.9578, +0.9475, +0.9406, +0.9584, +0.9551, +0.9287, +0.9284, +0.9090, +0.9380, +0.9403, +0.9559, +0.9431, +0.9376, +0.9279, +0.9432, +0.9366, +0.9389, +0.9484, +0.9403, +0.9502, +0.9337, +0.9389, +0.9155, +0.9329, +0.9429, +0.9092, +0.9511, +0.9146, +0.9667, +0.9384, +0.9418, +0.9394, +0.9372, +0.9600, +0.9510, +0.9263, +0.9220, +0.9448, +0.9448, +0.9459, +0.9253, +0.9392, +0.9547, +0.9443, +0.9520, +0.9666, +0.9559, +0.9541, +0.9468, +0.9529, +0.9484, +0.9270, +0.9422, +0.9289, +0.9565, +0.9417, +0.9529, +0.9664, +0.9433, +0.9332, +0.9424, +0.9390, +0.9711, +0.9621, +0.9574, +0.9400, +0.9570, +0.9453, +0.9560, +0.9328, +0.9589, +0.9571, +0.9498, +0.9363, +0.9325, +0.9269, +0.9416, +0.9480, +0.9566, +0.9627, +0.9692, +0.9557, +0.9575, +0.9543, +0.9402, +0.9465, +0.9496, +0.9484, +0.9451, +0.9283, +0.9526, +0.9349, +0.9603, +0.9577, +0.9758, +0.9508, +0.9488, +0.9671, +0.9613, +0.9401, +0.9532, +0.9463, +0.9465, +0.9457, +0.9542, +0.9540, +0.9405, +0.9610, +0.9479, +0.9472, +0.9580, +0.9702, +0.9669, +0.9638, +0.9667, +0.9524, +0.9427, +0.9497, +0.9254, +0.9490, +0.9297, +0.9598, +0.9510, +0.9452, +0.9371, +0.9295, +0.9555, +0.9499, +0.9578, +0.9582, +0.9509, +0.9488, +0.9603, +0.9677, +0.9555, +0.9548, +0.9487, +0.9672, +0.9541, +0.9579, +0.9692, +0.9500, +0.9490, +0.9492, +0.9576, +0.9481, +0.9632, +0.9605, +0.9522, +0.9635, +0.9703, +0.9581, +0.9630, +0.9648, +0.9715, +0.9562, +0.9619, +0.9587, +0.9626, +0.9570, +0.9557, +0.9598, +0.9536, +0.9570, +0.9655, +0.9613, +0.9603, +0.9644, +0.9679, +0.9507, +0.9580, +0.9650, +0.9453, +0.9275, +0.9492, +0.9604, +0.9486, +0.9636, +0.9662, +0.9705, +0.9713, +0.9529, +0.9661, +0.9755, +0.9646, +0.9632, +0.9550, +0.9598, +0.9541, +0.9752, +0.9704, +0.9620, +0.9448, +0.9595, +0.9769, +0.9742, +0.9670, +0.9716, +0.9571, +0.9622, +0.9572, +0.9586, +0.9530, +0.9633, +0.9655, +0.9816, +0.9680, +0.9620, +0.9589, +0.9653, +0.9624, +0.9643, +0.9749, +0.9648, +0.9650, +0.9626, +0.9678, +0.9668, +0.9596, +0.9538, +0.9540, +0.9694, +0.9796, +0.9519, +0.9394, +0.9740, +0.9641, +0.9713, +0.9838, +0.9575, +0.9679, +0.9783, +0.9691, +0.9692, +0.9547, +0.9548, +0.9696, +0.9688, +0.9710, +0.9601, +0.9732, +0.9570, +0.9710, +0.9625, +0.9741, +0.9777, +0.9758, +0.9723, +0.9778, +0.9839, +0.9598, +0.9569, +0.9748, +0.9777, +0.9620, +0.9732, +0.9595, +0.9628, +0.9568, +0.9628, +0.9761, +0.9741, +0.9706, +0.9722, +0.9717, +0.9719, +0.9744, +0.9732, +0.9606, +0.9580, +0.9660, +0.9526, +0.9623, +0.9626, +0.9835, +0.9725, +0.9810, +0.9718, +0.9742, +0.9746, +0.9597, +0.9737, +0.9773, +0.9546, +0.9739, +0.9700, +0.9680, +0.9777, +0.9605, +0.9548, +0.9732, +0.9720, +0.9677, +0.9687, +0.9749, +0.9731, +0.9714, +0.9749, +0.9649, +0.9713, +0.9781, +0.9685, +0.9639, +0.9624, +0.9771, +0.9732, +0.9774, +0.9789, +0.9761, +0.9804, +0.9852, +0.9672, +0.9659, +0.9828, +0.9713, +0.9636, +0.9812, +0.9708, +0.9738, +0.9723, +0.9495, +0.9724, +0.9838, +0.9829, +0.9831, +0.9751, +0.9757, +0.9713, +0.9548, +0.9686, +0.9637, +0.9628, +0.9639, +0.9749, +0.9751, +0.9677, +0.9783, +0.9869, +0.9592, +0.9817, +0.9847, +0.9819, +0.9688, +0.9795, +0.9735, +0.9792, +0.9726, +0.9747, +0.9709, +0.9777, +0.9813, +0.9676, +0.9688, +0.9781, +0.9763, +0.9608, +0.9754, +0.9766, +0.9732, +0.9626, +0.9791, +0.9711, +0.9832, +0.9800, +0.9735, +0.9796, +0.9748, +0.9660, +0.9714, +0.9813, +0.9826, +0.9851, +0.9841, +0.9691, +0.9745, +0.9796, +0.9732, +0.9760, +0.9758, +0.9801, +0.9704, +0.9785, +0.9743, +0.9802, +0.9818, +0.9782, +0.9748, +0.9823, +0.9801, +0.9736, +0.9745, +0.9818, +0.9714, +0.9781, +0.9804, +0.9778, +0.9756, +0.9762, +0.9876, +0.9856, +0.9873, +0.9798, +0.9873, +0.9875, +0.9721, +0.9738, +0.9822, +0.9777, +0.9759, +0.9662, +0.9670, +0.9774, +0.9767, +0.9882, +0.9797, +0.9739, +0.9761, +0.9835, +0.9824, +0.9776, +0.9840, +0.9780, +0.9843, +0.9697, +0.9753, +0.9849, +0.9871, +0.9829, +0.9862, +0.9813, +0.9856, +0.9811, +0.9918, +0.9950, +0.9817, +0.9849, +0.9781, +0.9704, +0.9740, +0.9792, +0.9871, +0.9783, +0.9835, +0.9785, +0.9746, +0.9780, +0.9867, +0.9838, +0.9813, +0.9813, +0.9789, +0.9872, +0.9880, +0.9713, +0.9784, +0.9874, +0.9652, +0.9868, +0.9816, +0.9870, +0.9888, +0.9823, +0.9847, +0.9740, +0.9898, +0.9836, +0.9851, +0.9891, +0.9753, +0.9823, +0.9776, +0.9875, +0.9754, +0.9753, +0.9726, +0.9827, +0.9866, +0.9842, +0.9864, +0.9814, +0.9877, +0.9928, +0.9786, +0.9758, +0.9754, +0.9779, +0.9862, +0.9844, +0.9860, +0.9814, +0.9858, +0.9859, +0.9803, +0.9871, +0.9911, +0.9849, +0.9815, +0.9844, +0.9853, +0.9808, +0.9742, +0.9792, +0.9854, +0.9861, +0.9682, +0.9855, +0.9819, +0.9846, +0.9787, +0.9927, +0.9835, +0.9799, +0.9848, +0.9906, +0.9837, +0.9778, +0.9812, +0.9849, +0.9896, +0.9723, +0.9838, +0.9832, +0.9874, +0.9875, +0.9798, +0.9853, +0.9827, +0.9841, +0.9846, +0.9795, +0.9843, +0.9831, +0.9847, +0.9908, +0.9834, +0.9760, +0.9783, +0.9849, +0.9864, +0.9845, +0.9804, +0.9839, +0.9865, +0.9853, +0.9772, +0.9873, +0.9803, +0.9890, +0.9851, +0.9889, +0.9919, +0.9869, +0.9820, +0.9797, +0.9805, +0.9831, +0.9751, +0.9853, +0.9893, +0.9811, +0.9921, +0.9840, +0.9933, +0.9891, +0.9885, +0.9840, +0.9798, +0.9795, +0.9889, +0.9821, +0.9895, +0.9807, +0.9848, +0.9843, +0.9863, +0.9890, +0.9918, +0.9918, +0.9844, +0.9873, +0.9888, +0.9902, +0.9906, +0.9860, +0.9856, +0.9867, +0.9849, +0.9921, +0.9897, +0.9768, +0.9832, +0.9891, +0.9885, +0.9902, +0.9858, +0.9801, +0.9895, +0.9891, +0.9924, +0.9887, +0.9839, +0.9896, +0.9899, +0.9923, +0.9826, +0.9827, +0.9858, +0.9818, +0.9854, +0.9871, +0.9757, +0.9855, +0.9869, +0.9968, +0.9940, +0.9904, +0.9874, +0.9904, +0.9891, +0.9903, +0.9861, +0.9803, +0.9877, +0.9856, +0.9946, +0.9858, +0.9917, +0.9940, +0.9787, +0.9906, +0.9849, +0.9801, +0.9909, +0.9855, +0.9862, +0.9868, +0.9852, +0.9928, +0.9903, +0.9839, +0.9901, +0.9864, +0.9860, +0.9855, +0.9872, +0.9933, +0.9811, +0.9912, +0.9899, +0.9983, +0.9913, +0.9830, +0.9859, +0.9861, +0.9903, +0.9918, +0.9870, +0.9878, +0.9924, +0.9912, +0.9881, +0.9924, +0.9897, +0.9905, +0.9784, +0.9774, +0.9934, +0.9967, +0.9858, +0.9903, +0.9925, +0.9759, +0.9934, +0.9893, +0.9882, +0.9848, +0.9842, +0.9944, +0.9872, +0.9818, +0.9841, +0.9905, +0.9923, +0.9940, +0.9945, +0.9926, +0.9922, +0.9915, +0.9919, +0.9843, +0.9880, +0.9884, +0.9956, +0.9845, +0.9824, +0.9883, +0.9801, +0.9830, +0.9962, +0.9858, +0.9897, +0.9898, +0.9795, +0.9854, +0.9831, +0.9849, +0.9924, +0.9934, +0.9933, +0.9942, +0.9852, +0.9938, +0.9860, +0.9917, +0.9793, +0.9833, +0.9906, +0.9854, +0.9914, +0.9801, +0.9854, +0.9901, +0.9903, +0.9887, +0.9912, +0.9917, +0.9883, +0.9962, +0.9934, +0.9863, +0.9926, +0.9845, +0.9797, +0.9870, +0.9855, +0.9922, +0.9928, +0.9929, +0.9864, +0.9916, +0.9906, +0.9902, +0.9923, +0.9957, +0.9943, +0.9946, +0.9913, +0.9806, +0.9863, +0.9905, +0.9912, +0.9938, +0.9869, +0.9862, +0.9850, +0.9877, +0.9785, +0.9807, +0.9962, +0.9831, +0.9853, +0.9875, +0.9913, +0.9870, +0.9872, +0.9866, +0.9866, +0.9919]
    partner_ep_success_rate: [+0.0000, +0.0000, +0.0000, +0.0000, +0.0000, +0.6667, +0.4138, +0.1094, +0.0000, +0.0000, +0.0000, +0.0000, +0.5417, +0.4462, +0.2315, +0.1207, +0.0000, +0.0000, +0.2222, +0.1935, +0.3714, +0.3626, +0.2558, +0.5000, +1.0000, +0.7045, +0.7391, +0.7538, +0.8200, +0.6724, +0.8235, +0.7619, +0.7917, +0.8841, +0.8974, +0.9412, +0.9412, +0.9839, +0.8507, +0.9041, +0.9839, +0.9730, +0.9091, +0.9153, +0.8358, +0.7273, +0.7416, +0.8028, +0.8590, +0.8689, +0.9000, +0.8734, +0.9333, +0.9200, +0.8519, +0.9459, +0.9189, +0.9506, +0.9529, +0.8235, +0.9158, +0.8594, +0.9342, +0.9605, +0.9062, +0.8077, +0.9153, +0.8734, +0.8088, +0.7308, +0.7949, +0.9231, +0.8286, +0.9306, +0.9692, +0.8961, +0.9101, +0.9333, +0.9250, +1.0000, +0.9146, +0.9625, +1.0000, +0.8642, +0.9286, +0.8857, +0.9125, +0.9367, +0.9545, +0.9556, +0.9028, +0.9375, +0.9859, +0.9762, +0.9107, +0.7979, +0.8806, +0.9545, +0.9195, +0.9740, +0.8267, +0.7973, +0.9306, +0.7922, +0.9851, +0.8313, +0.7424, +0.8864, +0.9014, +0.9070, +0.9595, +0.9733, +0.9535, +0.8551, +0.9577, +0.9625, +0.9286, +0.9342, +0.8387, +0.9455, +0.9024, +0.9487, +0.9219, +0.8764, +0.9091, +0.8904, +0.6835, +0.9067, +0.9000, +0.9241, +0.9420, +0.8696, +0.9130, +0.9667, +0.9241, +0.9324, +0.9412, +0.9677, +0.9412, +0.9195, +1.0000, +0.9012, +0.8415, +0.8472, +0.9589, +0.9487, +0.8701, +0.9012, +0.9615, +0.9222, +0.7867, +0.9103, +0.9242, +0.8415, +0.9167, +0.9552, +0.9067, +0.9700, +0.8833, +0.9383, +0.8718, +0.9692, +0.9213, +0.9118, +0.9506, +0.9333, +0.9487, +0.9467, +0.8953, +0.8289, +0.8923, +0.9535, +0.9014, +0.8986, +0.6047, +0.9254, +0.8370, +0.8857, +0.8630, +0.8295, +0.8689, +0.8804, +0.8356, +0.9136, +0.9733, +0.9351, +0.8933, +0.9250, +0.9600, +0.9506, +0.9487, +0.9722, +0.9294, +0.9067, +0.9125, +0.9091, +0.9041, +0.9744, +0.9487, +0.9589, +0.8400, +0.9167, +0.7576, +0.9368, +1.0000, +0.9000, +0.8750, +0.8333, +0.9012, +0.8800, +0.9560, +0.9459, +0.9067, +0.8313, +0.9459, +0.9277, +0.9861, +0.9130, +0.8929, +0.8846, +0.9714, +0.9512, +0.9437, +0.9773, +0.9865, +0.9750, +0.9659, +0.9836, +0.9320, +0.9394, +0.9625, +0.8916, +0.9221, +0.9231, +0.9750, +0.9394, +0.9405, +0.9265, +0.7792, +0.8987, +0.9390, +0.9318, +0.9868, +0.9880, +1.0000, +0.9870, +0.9600, +0.9747, +0.9474, +0.9610, +0.9639, +0.9577, +0.9425, +0.9315, +1.0000, +0.9136, +0.7937, +0.8788, +0.9130, +0.9310, +0.9733, +0.9889, +0.9867, +0.9565, +0.9412, +0.9859, +0.8875, +0.8333, +0.9659, +0.8462, +0.8088, +0.9136, +0.9333, +0.9538, +0.9247, +0.9577, +0.9043, +0.9833, +0.9794, +0.9420, +0.9740, +0.9438, +0.9853, +0.9877, +0.9425, +0.9863, +0.8861, +0.9600, +0.9048, +0.9405, +0.8308, +0.9756, +0.8765, +0.8354, +0.9375, +0.8718, +0.8987, +1.0000, +0.9625, +0.9294, +0.9420, +0.9529, +0.9767, +0.9589, +0.9059, +0.9889, +0.9853, +0.9875, +1.0000, +0.9286, +0.8734, +0.8765, +0.9176, +0.9130, +0.9663, +0.9412, +0.9118, +0.9643, +0.9481, +0.9419, +0.9857, +0.9538, +0.9667, +0.9524, +0.9605, +0.9881, +0.9762, +0.9881, +1.0000, +0.9444, +0.9651, +1.0000, +0.9552, +0.9688, +0.9610, +0.9390, +0.9605, +0.9885, +0.9589, +0.8916, +0.8974, +0.9294, +0.9595, +0.9149, +0.9000, +0.9195, +0.9494, +1.0000, +0.9775, +0.9189, +0.9412, +0.9859, +1.0000, +0.9677, +0.9206, +0.8023, +0.9032, +0.9211, +0.9756, +1.0000, +0.9881, +0.9870, +0.9362, +0.9857, +0.9121, +0.9474, +0.9467, +0.9059, +1.0000, +0.9412, +0.9663, +0.9857, +0.9888, +0.9867, +1.0000, +0.9886, +0.9620, +0.9767, +0.9639, +0.9294, +0.9178, +0.8391, +0.9583, +0.9759, +0.9412, +0.9868, +0.9457, +1.0000, +0.9157, +0.9259, +0.9880, +0.9875, +0.9762, +0.9250, +0.9880, +0.9556, +0.9545, +1.0000, +0.9872, +0.9875, +1.0000, +0.9867, +0.9457, +0.9091, +0.9278, +0.8630, +0.8621, +0.9861, +0.9890, +1.0000, +0.9620, +0.9462, +0.9390, +0.9630, +0.9620, +0.9221, +0.9362, +0.9718, +0.9222, +0.8971, +0.9667, +0.9762, +0.9474, +0.9783, +1.0000, +0.9677, +0.9804, +1.0000, +0.9780, +1.0000, +0.9375, +0.9872, +0.9101, +0.9783, +0.9865, +0.9500, +0.9625, +0.9529, +0.9459, +0.9583, +0.9756, +0.9540, +1.0000, +1.0000, +0.9651, +0.9048, +0.9390, +0.9195, +0.9103, +0.9773, +0.8784, +0.9444, +0.9481, +0.9634, +0.9625, +0.9574, +0.9870, +1.0000, +0.9740, +0.9877, +0.9775, +0.9759, +0.9744, +0.9677, +0.9630, +0.9620, +1.0000, +1.0000, +0.9894, +0.9753, +0.9765, +0.9706, +0.9459, +0.9886, +0.9375, +0.9494, +0.9625, +0.9620, +0.9326, +0.9733, +0.9770, +0.9268, +0.9630, +0.8941, +0.9870, +0.8969, +0.9863, +1.0000, +1.0000, +0.9432, +1.0000, +0.9875, +0.9892, +0.9878, +0.9737, +0.9186, +0.9114, +0.9780, +0.9765, +0.9643, +0.9765, +0.9870, +0.9884, +1.0000, +1.0000, +0.9890, +0.9268, +0.9589, +1.0000, +0.9176, +0.9195, +0.8837, +0.9315, +0.9216, +0.9412, +0.9780, +0.9890, +0.9880, +0.9545, +0.9651, +0.9398, +0.9867, +0.9368, +0.9855, +0.9785, +0.9551, +1.0000, +0.9231, +0.9767, +0.9383, +0.9770, +0.9885, +1.0000, +1.0000, +1.0000, +1.0000, +0.9767, +0.9512, +0.9762, +0.9222, +0.9756, +1.0000, +1.0000, +0.9888, +0.9655, +1.0000, +1.0000, +0.9882, +1.0000, +0.9892, +0.9867, +0.9787, +1.0000, +1.0000, +0.9765, +0.9872, +0.9239, +0.8734, +0.9341, +0.9529, +0.9663, +0.9560, +0.9886, +1.0000, +1.0000, +0.9762, +0.9659, +0.9770, +0.9610, +0.9759, +0.9767, +0.9767, +0.9773, +0.9444, +0.9877, +0.9792, +1.0000, +0.9881, +1.0000, +1.0000, +0.9896, +1.0000, +0.9888, +1.0000, +0.9390, +0.9880, +0.9880, +1.0000, +0.9870, +0.9674, +0.9500, +0.9659, +0.9101, +0.9762, +0.9785, +0.9756, +1.0000, +1.0000, +1.0000, +0.9794, +1.0000, +0.9890, +0.9753, +0.9882, +1.0000, +0.9457, +0.9759, +0.9894, +1.0000, +1.0000, +0.9889, +1.0000, +0.9896, +0.9872, +1.0000, +0.9186, +1.0000, +1.0000, +1.0000, +0.9333, +1.0000, +0.9667, +0.9634, +0.9684, +0.9767, +1.0000, +0.9888, +0.9767, +0.9894, +1.0000, +0.9890, +0.9773, +0.9775, +0.9868, +1.0000, +0.9880, +0.9670, +0.9524, +0.9753, +0.9898, +0.9890, +0.9670, +1.0000, +0.9880, +0.9894, +0.9877, +0.9556, +0.9753, +0.9894, +1.0000, +0.9894, +0.9583, +0.9783, +0.9884, +1.0000, +0.9899, +0.9878, +0.9789, +0.9103, +0.9904, +1.0000, +0.9884, +1.0000, +1.0000, +0.9524, +1.0000, +0.9438, +1.0000, +0.9775, +1.0000, +0.9667, +0.9326, +0.9780, +0.9888, +1.0000, +0.9890, +1.0000, +0.9663, +1.0000, +1.0000, +1.0000, +1.0000, +0.9890, +0.9773, +1.0000, +0.9762, +0.9889, +0.9765, +0.9670, +1.0000, +0.9775, +1.0000, +1.0000, +0.9886, +0.9877, +0.9894, +1.0000, +0.9891, +1.0000, +1.0000, +0.9878, +1.0000, +0.9889, +0.9877, +1.0000, +0.9882, +0.9681, +0.9390, +0.9468, +0.9888, +1.0000, +1.0000, +1.0000, +0.9868, +0.9886, +0.9670, +0.9444, +1.0000, +1.0000, +0.9643, +1.0000, +1.0000, +0.9783, +1.0000, +1.0000, +1.0000, +0.9880, +1.0000, +0.9878, +0.9900, +0.9873, +0.9904, +1.0000, +1.0000, +0.9889, +1.0000, +1.0000, +0.9892, +0.9775, +1.0000, +1.0000, +0.9892, +1.0000, +0.9881, +1.0000, +1.0000, +1.0000, +0.9794, +0.9792, +1.0000, +0.9688, +0.9651, +1.0000, +1.0000, +1.0000, +0.9780, +0.9878, +1.0000, +0.9884, +0.9888, +0.9898, +1.0000, +1.0000, +1.0000, +0.9765, +0.9890, +0.9886, +1.0000, +1.0000, +1.0000, +0.9890, +1.0000, +1.0000, +0.9896, +1.0000, +0.9884, +1.0000, +1.0000, +0.9663, +0.9780, +0.9885, +0.9556, +0.9773, +1.0000, +1.0000, +1.0000, +0.8736, +1.0000, +0.9886, +0.9895, +1.0000, +0.9898, +1.0000, +0.9651, +1.0000, +0.9888, +0.9886, +0.9892, +0.9667, +0.9765, +0.9885, +1.0000, +1.0000, +0.9884, +0.9780, +0.9892, +0.9583, +1.0000, +1.0000, +1.0000, +1.0000, +0.9792, +0.9506, +1.0000, +1.0000, +1.0000, +1.0000, +1.0000, +0.9877, +1.0000, +0.9881, +1.0000, +0.9643, +0.9890, +1.0000, +1.0000, +0.9778, +0.9765, +1.0000, +1.0000, +1.0000, +0.9898, +0.9778, +0.9789, +1.0000, +1.0000, +1.0000, +1.0000, +1.0000, +1.0000, +1.0000, +0.9891, +1.0000, +0.9895, +0.9886, +0.9889, +0.9551, +1.0000, +1.0000, +1.0000, +1.0000, +0.9670, +0.9556, +1.0000, +1.0000, +1.0000, +0.9877, +0.9368, +0.9643, +0.9890, +1.0000, +0.9882, +0.9885, +1.0000, +1.0000, +0.9802, +1.0000, +1.0000, +1.0000, +1.0000, +0.9889, +1.0000, +1.0000, +1.0000, +1.0000, +0.9667, +1.0000, +1.0000, +1.0000, +0.9881, +0.9885, +1.0000, +0.9888, +1.0000, +1.0000, +1.0000, +0.9875, +0.9796, +0.9885, +1.0000, +0.9895, +0.9900, +1.0000, +1.0000, +0.9783, +1.0000, +1.0000, +1.0000, +1.0000, +1.0000, +1.0000, +0.9302, +1.0000, +0.9670, +0.9896, +1.0000, +1.0000, +0.9878, +1.0000, +1.0000, +0.9778, +0.9474, +0.9890, +1.0000, +1.0000]
            ep_return_mean: [+0.0000, +0.0000, +0.0000, +0.0000, +0.0000, -4.4034, -9.5025, -16.8732, +0.0000, +0.0000, +0.0000, -4.9701, -5.2234, -8.6193, -13.9912, -18.2622, +0.0000, -5.0700, -5.6701, -7.5089, -10.5495, -12.2092, -15.7819, -14.6031, -0.0307, -1.0010, -1.1293, -4.0517, -5.3782, +2.2695, +5.5125, +5.2283, +4.0179, +5.4207, +6.0928, +7.8883, +8.8821, +8.2209, +8.4353, +8.1154, +8.1135, +8.9513, +8.6658, +8.6240, +7.6120, +7.7884, +9.2352, +8.4853, +9.7018, +9.0222, +9.3028, +8.8377, +9.9445, +9.6291, +9.6019, +9.0084, +9.9703, +8.6486, +9.8606, +10.1881, +10.1718, +9.4355, +10.0631, +9.7781, +8.9763, +9.2801, +9.2965, +8.7287, +8.5510, +9.7483, +9.6363, +10.1384, +8.9134, +8.4976, +9.2433, +9.1885, +9.7500, +9.5810, +9.4822, +10.9020, +10.9554, +10.6714, +9.3049, +9.6799, +10.2040, +8.8206, +9.0838, +9.6961, +10.4602, +10.0484, +10.0898, +9.8390, +9.6365, +10.1481, +9.2556, +9.1742, +10.0929, +9.5046, +9.3104, +10.1794, +10.6696, +9.5386, +10.6989, +10.1528, +9.2293, +9.5888, +9.7292, +10.1879, +10.9408, +10.6149, +10.4365, +10.7413, +11.2193, +9.2367, +10.3113, +9.6425, +10.2638, +10.0180, +9.7364, +11.0503, +9.7411, +10.2292, +10.5271, +9.9372, +10.5329, +10.8702, +10.4875, +10.1115, +10.2518, +11.1918, +10.5021, +9.3938, +10.1121, +9.6156, +10.0532, +9.5834, +10.3062, +9.9585, +10.0352, +10.3018, +11.2993, +10.4588, +10.4702, +10.6821, +10.0381, +10.4420, +9.8620, +10.8946, +10.7993, +10.8786, +10.4930, +11.4691, +10.8764, +9.5239, +10.4205, +10.7139, +10.4218, +9.9050, +10.3393, +10.3793, +10.1568, +10.8782, +9.6340, +10.5201, +10.8179, +10.4902, +10.6462, +10.6783, +10.2522, +10.0677, +9.7502, +11.1008, +10.4854, +9.3183, +9.8907, +10.8381, +11.3218, +9.7075, +10.4136, +10.2786, +11.5555, +10.2992, +10.2379, +11.0668, +10.5183, +10.2273, +10.7154, +10.3527, +10.5734, +10.6902, +10.9326, +10.6101, +10.8108, +11.0706, +11.0688, +10.8803, +10.6013, +11.2248, +10.8062, +10.3469, +9.2642, +10.9835, +10.0723, +11.0014, +10.8658, +10.6465, +10.7575, +11.1744, +10.7084, +10.2277, +11.2139, +12.2079, +10.8028, +10.7006, +10.8172, +10.7628, +11.2281, +11.0541, +10.8121, +9.7252, +10.7344, +10.1482, +10.3747, +10.6173, +10.4099, +11.1773, +10.7487, +11.0086, +10.8942, +11.8517, +10.9067, +10.6998, +11.4898, +10.7200, +10.6483, +10.3836, +10.8515, +10.2058, +10.3342, +10.9768, +10.2461, +10.9557, +11.6643, +11.2008, +11.1235, +11.2925, +11.0485, +10.8703, +10.5578, +10.9972, +11.0815, +9.6887, +11.1684, +11.3453, +10.6730, +10.7178, +10.5961, +10.6455, +11.4364, +11.2719, +10.9426, +11.9376, +11.6322, +10.3130, +10.3376, +10.4606, +11.2259, +10.2873, +10.9059, +10.9474, +10.1845, +10.9232, +9.9462, +9.9330, +10.3769, +11.2540, +11.0800, +11.0649, +11.0339, +11.4314, +11.2572, +10.5216, +11.0908, +10.3714, +10.9423, +11.8907, +11.1432, +11.3087, +10.6015, +10.8800, +10.6653, +11.3306, +10.8009, +10.3647, +11.4174, +11.0311, +11.0340, +11.5679, +11.1134, +11.0717, +11.2044, +11.5230, +11.6974, +11.2021, +10.3976, +11.6230, +11.4655, +11.3373, +11.5635, +10.4257, +10.8707, +11.1563, +11.6894, +11.0701, +11.2272, +11.1430, +11.1740, +11.6296, +11.2763, +10.9921, +10.7903, +10.7499, +10.0831, +11.2558, +10.8733, +11.7986, +11.1406, +11.5527, +11.1868, +11.5874, +11.5247, +11.7978, +10.8920, +10.8913, +11.2126, +11.5389, +11.4097, +11.2407, +11.4738, +10.8897, +11.4461, +11.7609, +11.4487, +11.3691, +10.9579, +11.4541, +11.6536, +11.5264, +11.0558, +10.9125, +11.0140, +11.3775, +11.7814, +11.2966, +11.4482, +11.0374, +11.3906, +11.7249, +11.0655, +12.3245, +11.6272, +11.1924, +11.1504, +11.6543, +11.5297, +11.3056, +11.2382, +10.8799, +12.3629, +11.2293, +10.6567, +11.2976, +11.3283, +11.7783, +11.3194, +11.3895, +11.5719, +11.7577, +11.8108, +11.7880, +11.2251, +11.3736, +11.5681, +11.6055, +10.7547, +11.4874, +11.6092, +11.7669, +11.6147, +10.9455, +12.3418, +11.6413, +12.1725, +10.6694, +11.3797, +11.5806, +12.7043, +11.8555, +11.0553, +12.3184, +11.4162, +10.8266, +11.0100, +11.8446, +11.7485, +11.3580, +10.8295, +11.5584, +12.0165, +12.1192, +12.1459, +10.6917, +11.6117, +11.9931, +12.8030, +11.0385, +10.9974, +11.5805, +11.7472, +10.9439, +11.0959, +11.5698, +12.0857, +11.2165, +12.2580, +12.3697, +11.8893, +11.9952, +11.8900, +10.9575, +11.8709, +11.5824, +11.2344, +11.6030, +11.8060, +11.4425, +11.3704, +11.6212, +11.3464, +11.6872, +11.7188, +11.9114, +11.8817, +11.7158, +12.0367, +11.8640, +11.2935, +11.7283, +11.5040, +11.8987, +11.8226, +11.2225, +11.7524, +12.2861, +11.8074, +11.1574, +12.2516, +11.9751, +12.0076, +12.0611, +11.9794, +12.1024, +11.1459, +11.8266, +12.1682, +11.7822, +11.8715, +11.1090, +11.2852, +12.5789, +11.6062, +12.0193, +12.1077, +12.3022, +12.0365, +11.9476, +11.2579, +11.6816, +10.8955, +12.1270, +10.9320, +11.2625, +12.3563, +11.7032, +11.8873, +11.2252, +12.4988, +12.3627, +11.5783, +11.8303, +12.4733, +12.4182, +11.8927, +12.0167, +11.6756, +11.7341, +11.6832, +12.1561, +12.1236, +11.2548, +11.6686, +12.6672, +11.8785, +11.7970, +11.2062, +11.9431, +11.5236, +11.6413, +12.6178, +11.3451, +11.9903, +12.0827, +12.4628, +11.7061, +11.7684, +12.0512, +11.4690, +12.6189, +11.7907, +12.7505, +11.8577, +12.0452, +11.8456, +12.1286, +11.2772, +12.3172, +12.2491, +12.0998, +12.2460, +11.0997, +12.0891, +12.8214, +12.5839, +11.5064, +11.7272, +12.0352, +12.3104, +11.9274, +12.2575, +11.2619, +11.9981, +12.4304, +12.2911, +12.6026, +11.5136, +11.7789, +12.6932, +12.6030, +12.2880, +11.6587, +12.6744, +12.2074, +12.0039, +11.9536, +11.9272, +12.2631, +11.3980, +11.6381, +11.7846, +12.4679, +12.5387, +11.7615, +12.6531, +11.9106, +12.8519, +12.2481, +11.8711, +12.0147, +12.0895, +12.5124, +11.6460, +12.1591, +11.8175, +12.4162, +12.1292, +12.3162, +12.8970, +12.4823, +12.0393, +12.6442, +12.7593, +12.3291, +12.1671, +12.7432, +11.8121, +11.6076, +12.0453, +12.6362, +11.9275, +12.0386, +11.7730, +12.4004, +11.7795, +12.6619, +12.2344, +12.3267, +12.6141, +11.8942, +12.2081, +12.8118, +12.4957, +11.8387, +12.1242, +12.0271, +12.2524, +12.2789, +12.2927, +12.4861, +12.0755, +13.2011, +11.9276, +12.7318, +12.4734, +12.2793, +12.3729, +11.9019, +12.4547, +11.8231, +13.0951, +11.6463, +12.2925, +12.2051, +12.5817, +11.5578, +12.0540, +13.0549, +12.1126, +12.4076, +13.0646, +12.5689, +12.1106, +11.9384, +12.2423, +12.5873, +12.0021, +11.9610, +12.2116, +12.8294, +12.4995, +12.2049, +12.9866, +12.2816, +12.8488, +12.5629, +12.2134, +12.8955, +12.3429, +12.4455, +11.8323, +12.4772, +12.3193, +12.2070, +11.9920, +12.1269, +12.5798, +11.7268, +13.3781, +12.3447, +11.9049, +12.3605, +12.6936, +13.0319, +12.1712, +12.2783, +12.5194, +12.6315, +11.8500, +12.4466, +12.8168, +12.2857, +11.9788, +12.3862, +13.0688, +12.5616, +12.0661, +12.4537, +12.1152, +12.7704, +12.2485, +12.2919, +12.2217, +13.4673, +12.0418, +11.9546, +12.2998, +12.4219, +12.4609, +12.6199, +12.4640, +12.6643, +12.3443, +11.9658, +12.8668, +12.2364, +12.5783, +12.2907, +12.5342, +12.7696, +12.9610, +12.7633, +12.1647, +12.6230, +12.4178, +12.5684, +12.3082, +12.3024, +12.1224, +12.4978, +12.6027, +12.6715, +12.8565, +12.2512, +12.7191, +12.5664, +12.9654, +11.7575, +12.8554, +12.1020, +12.4187, +12.1538, +13.0428, +12.4484, +12.4561, +12.6088, +13.1185, +12.7067, +12.6668, +12.6196, +12.9582, +12.7182, +12.6869, +12.4660, +13.4629, +12.3164, +12.1269, +12.6089, +12.4827, +12.3830, +12.5452, +13.1072, +12.3568, +12.4284, +12.8439, +12.0453, +12.3819, +13.3245, +12.4976, +12.3721, +12.8452, +12.6519, +12.7844, +12.4592, +13.2904, +12.2498, +12.6249, +12.6047, +12.8697, +12.1297, +12.4656, +12.7069, +12.2214, +13.2857, +12.6082, +12.8130, +13.1892, +12.2428, +12.5829, +12.9136, +12.5364, +12.3839, +12.6568, +12.5103, +12.8878, +12.8281, +12.8990, +12.6891, +12.4690, +12.7891, +12.6767, +12.2786, +12.6523, +12.4083, +12.3458, +12.7608, +12.8098, +12.6334, +12.7970, +12.9200, +12.7443, +12.7159, +12.8263, +12.7682, +13.1796, +12.1105, +12.4824, +12.8660, +12.9997, +12.8407, +12.3855, +12.7665, +12.3929, +12.7479, +12.3872, +12.9925, +11.8450, +12.7323, +12.9577, +12.8657, +13.1115, +12.4038, +13.2165, +12.5371, +12.6727, +12.8761, +12.3423, +12.5203, +12.3503, +12.9341, +13.2636, +12.4923, +12.7903, +12.8919, +12.3096, +12.7387, +12.7911, +12.8717, +12.3991, +12.3207, +12.7267, +13.3899, +12.5412, +12.9565, +12.8636, +12.9300, +12.8130, +13.1643, +13.1515, +12.2326, +12.7769, +12.8471, +12.6639, +12.5085, +12.5751, +12.1802, +12.7275, +13.0429, +12.6472, +12.1501, +12.6782, +12.9105, +13.2147, +12.2416, +12.3390, +12.5901, +12.7577, +12.7407, +13.4187, +12.9238, +12.4888, +12.4206, +12.5977, +12.7784, +12.7107, +12.4009, +13.1297, +12.0786, +12.6832, +12.7497, +12.6762, +12.9195, +12.4281, +13.1126, +12.7851, +13.0504, +12.7053, +12.9361, +13.0192, +12.6816, +13.1110, +12.1390, +12.9985, +12.4621, +12.7867, +12.2700, +13.0419, +12.9232, +12.6887, +12.8405, +13.1324, +12.4776, +12.8085, +13.2079, +12.9500, +12.9952, +12.7152, +13.4460, +12.5125, +12.9485, +12.2992, +13.2432, +12.5151, +12.5772, +12.6319, +12.0577, +12.5777, +12.6900, +13.1265, +12.5247, +12.4891, +12.5441, +12.9654, +12.5728, +12.7944, +12.6714, +12.5413]
            ep_length_mean: [+0.0000, +0.0000, +0.0000, +0.0000, +0.0000, +1484.0000, +1685.0862, +1929.2656, +0.0000, +0.0000, +0.0000, +1406.0000, +1498.6667, +1646.6000, +1836.7593, +1967.2413, +0.0000, +1517.0000, +1509.6666, +1584.9354, +1718.6428, +1772.5055, +1904.6511, +1849.8572, +1303.4375, +1369.4773, +1377.6232, +1531.6923, +1584.1599, +1214.8966, +1070.6863, +1131.6350, +1210.0000, +1110.5217, +1044.2693, +981.6324, +928.2941, +991.0161, +978.9851, +1016.1370, +1003.3871, +918.7702, +942.2338, +935.0508, +1034.1792, +953.4545, +870.6404, +969.4648, +868.5256, +925.7050, +889.1572, +918.8861, +844.8667, +883.3600, +872.7654, +910.3243, +863.2702, +943.1605, +852.1295, +858.5883, +832.7053, +913.8906, +875.4737, +872.0790, +958.2344, +921.0641, +898.6102, +941.2911, +924.2794, +882.0128, +882.8462, +853.8770, +968.5000, +996.2917, +890.5538, +865.0389, +838.4495, +897.6000, +915.2250, +824.1970, +817.2927, +849.3250, +916.7827, +893.6420, +867.9286, +933.0428, +917.1875, +880.3418, +822.4697, +865.9000, +904.4028, +895.6406, +872.8310, +860.8929, +932.1072, +919.9149, +834.3284, +887.4242, +912.4943, +848.5844, +823.7466, +910.5405, +800.0000, +882.7273, +931.2388, +887.0964, +889.4545, +850.8523, +802.1549, +853.9767, +865.7838, +842.1733, +793.5349, +951.4058, +853.7183, +897.9250, +840.6714, +868.0263, +879.1075, +799.2727, +921.4756, +858.5256, +833.1406, +881.0112, +855.2078, +816.7534, +828.0507, +898.4133, +878.6625, +826.6583, +839.5073, +931.3044, +851.7935, +898.5167, +871.4810, +893.7702, +832.5294, +872.6451, +858.4353, +863.2759, +790.5909, +866.8765, +860.8902, +839.5555, +873.6712, +835.9487, +884.2598, +813.3210, +827.4103, +825.5222, +862.9600, +772.0769, +823.6970, +923.4878, +854.5000, +846.0896, +845.8400, +884.0500, +863.1833, +859.8642, +865.7564, +826.5077, +917.0112, +843.2206, +825.9753, +863.2400, +851.7820, +851.1600, +846.7907, +875.0132, +912.8923, +774.8488, +843.4225, +950.5652, +865.3256, +824.6269, +787.9131, +926.6000, +858.2603, +845.2273, +781.6558, +873.7065, +878.6027, +821.0370, +838.8799, +867.4026, +825.9066, +854.6875, +853.5733, +846.2346, +810.1923, +860.7917, +843.8588, +809.2400, +814.6375, +837.8523, +864.3973, +815.9359, +833.1923, +855.2466, +936.0133, +799.0000, +858.1970, +819.9158, +854.0571, +842.9750, +848.8472, +787.1191, +848.1481, +884.1066, +799.8242, +743.2432, +862.9467, +852.5784, +848.1891, +835.4097, +827.0417, +828.2174, +831.7738, +901.1539, +858.5428, +889.3902, +865.8732, +830.8636, +846.6081, +778.5375, +844.1250, +849.5902, +839.3787, +756.7727, +849.7875, +838.0603, +784.4415, +854.7564, +839.0125, +886.7576, +830.2381, +889.5000, +842.2857, +811.0886, +890.6829, +845.2273, +776.4869, +808.6506, +823.8902, +825.1558, +811.4533, +835.7975, +855.2369, +815.3376, +819.3615, +933.0563, +813.7586, +796.9178, +861.7875, +853.4445, +838.5397, +834.0404, +803.1594, +811.5402, +851.6666, +777.9778, +801.5599, +896.4783, +873.3530, +854.4366, +769.8875, +865.0139, +829.5455, +821.6667, +884.2059, +821.6790, +886.6666, +922.5846, +863.9247, +782.2112, +826.0319, +831.0167, +827.0516, +800.7391, +807.7013, +870.2360, +827.7353, +880.6049, +830.5632, +768.6575, +811.0633, +819.0933, +866.0596, +849.0238, +857.1231, +805.6341, +845.1358, +859.5063, +799.9750, +843.0769, +832.2152, +801.8354, +839.2125, +840.3412, +804.4058, +797.5883, +783.3140, +814.0000, +880.4235, +793.7222, +815.5147, +807.9875, +776.5250, +880.0238, +824.2532, +818.3210, +788.0706, +828.0870, +811.0225, +835.5883, +820.8970, +786.0953, +832.0260, +837.3953, +850.0571, +833.1231, +889.3556, +797.0238, +826.3421, +765.5834, +837.3929, +779.3572, +829.1667, +803.7361, +805.2791, +773.3000, +853.9105, +841.4375, +829.2078, +788.5000, +815.2369, +823.9425, +795.1370, +848.2772, +797.6923, +774.9882, +798.6891, +808.9468, +865.0428, +806.0920, +784.3165, +791.2727, +853.1348, +831.8378, +830.6588, +805.4225, +779.9875, +828.4301, +822.2699, +827.0000, +798.3978, +786.3684, +832.1463, +746.3421, +805.5715, +808.9351, +822.2128, +793.9572, +794.8792, +820.3290, +819.4133, +850.0118, +707.9474, +819.8235, +876.0225, +832.5143, +796.3708, +764.0533, +816.0875, +814.4773, +802.7089, +784.3256, +768.3374, +791.2823, +843.5206, +812.9770, +800.0555, +784.0001, +857.7765, +804.8026, +787.7174, +782.1711, +796.4579, +860.6049, +732.2651, +809.1500, +743.8215, +865.9375, +824.8314, +804.7000, +709.3864, +789.5555, +844.5385, +726.2875, +815.2500, +867.3066, +847.6304, +772.7878, +775.3815, +801.1781, +852.2988, +808.0417, +773.9451, +756.3125, +737.6456, +872.6237, +805.8536, +783.2716, +688.5570, +837.4415, +836.4468, +803.6197, +782.4222, +845.3970, +808.2778, +787.2619, +771.5526, +839.0544, +754.8527, +745.5483, +779.5687, +777.9474, +774.3846, +856.9131, +776.0875, +795.7180, +812.5731, +804.8044, +780.7027, +813.8750, +808.4625, +788.9529, +803.4594, +789.1979, +796.3780, +778.9310, +778.9167, +790.7013, +757.6047, +773.4762, +825.3658, +770.5402, +808.7308, +776.1818, +759.9324, +837.1445, +806.7143, +756.8902, +786.2250, +836.5638, +748.9221, +788.0957, +775.9481, +773.9753, +777.7978, +765.9398, +830.2949, +764.5699, +768.2593, +780.4051, +792.2174, +841.7620, +820.5532, +709.7284, +802.3412, +757.6569, +779.1891, +739.2728, +783.5125, +770.2532, +828.5500, +785.3544, +852.1348, +745.3466, +846.6896, +819.8414, +736.9753, +786.6942, +787.9740, +837.0825, +728.6027, +750.0538, +812.2589, +783.0228, +721.5647, +744.0875, +789.4516, +767.8170, +805.9211, +779.6395, +801.8101, +756.6594, +767.2353, +813.9524, +805.6000, +719.1688, +787.5116, +798.8590, +830.0121, +762.4176, +809.7439, +806.0548, +708.2421, +824.8824, +767.5632, +769.4418, +730.8219, +789.9706, +800.0735, +754.9341, +797.6154, +733.7591, +789.2728, +724.9767, +803.7952, +761.6000, +782.2737, +758.8261, +830.3656, +741.7416, +754.9359, +768.9451, +760.1628, +847.6790, +760.0000, +706.5057, +725.3462, +816.1895, +800.3810, +775.3210, +750.1977, +782.9146, +737.7262, +835.4445, +763.5244, +753.3889, +758.0909, +721.1461, +816.3908, +787.7957, +722.6868, +734.7412, +749.3170, +810.6774, +730.9999, +773.4681, +779.5000, +793.1398, +789.2471, +747.0641, +820.9131, +794.8101, +782.7033, +722.1059, +713.9213, +798.3407, +721.3978, +772.5582, +704.6207, +762.7143, +780.0909, +781.3678, +771.6883, +735.8916, +814.2907, +752.4070, +791.1818, +739.0889, +774.6543, +751.5521, +710.7841, +740.5000, +785.4157, +713.3956, +725.1250, +764.0633, +768.1011, +722.2682, +794.4390, +806.9036, +774.0844, +727.3617, +781.3376, +762.3370, +804.8125, +750.1136, +779.6292, +720.1310, +765.0538, +758.9878, +714.9383, +783.2979, +763.9535, +716.9485, +738.0000, +790.6154, +766.4197, +770.9412, +741.7250, +756.9674, +759.0844, +739.1489, +790.0000, +664.5904, +786.8334, +718.8193, +750.5625, +758.3975, +752.1628, +787.5233, +736.6478, +801.3708, +693.8470, +799.2556, +744.0250, +759.0778, +717.4756, +809.9895, +773.4883, +692.1860, +773.5506, +747.5233, +696.3404, +740.0886, +764.5385, +794.0114, +748.1011, +725.3816, +786.1146, +781.3012, +758.8792, +700.9762, +743.8519, +763.4285, +692.4725, +770.7473, +724.0110, +727.1928, +768.5638, +706.7531, +739.6889, +739.2839, +784.1170, +744.9412, +750.4574, +769.8333, +760.4131, +775.5930, +733.5256, +801.4041, +661.2439, +749.3790, +777.7051, +759.6635, +728.1852, +690.9651, +770.9790, +747.7200, +732.4572, +731.5921, +790.7303, +734.0114, +703.1348, +759.2308, +782.8334, +747.3259, +704.2308, +734.3259, +779.2567, +742.4396, +774.8046, +711.1798, +756.8276, +751.2826, +766.5876, +649.7397, +782.5165, +777.4773, +751.8556, +744.1310, +741.3556, +734.2353, +744.7363, +714.6265, +751.5168, +787.5000, +706.1613, +764.2159, +732.2346, +751.1702, +732.5435, +717.7826, +705.2283, +714.9659, +771.5000, +734.1223, +746.7889, +733.2222, +752.2473, +742.2236, +763.7021, +739.4146, +730.7128, +727.8764, +714.5761, +763.5287, +725.1753, +732.7895, +711.9773, +810.9451, +704.1556, +774.1412, +740.3846, +764.9286, +698.8778, +745.5109, +727.1740, +741.9149, +691.4945, +728.2308, +725.3253, +740.3300, +704.4634, +723.9300, +725.7342, +750.0865, +669.6081, +765.0439, +770.2667, +732.4615, +738.8372, +734.9893, +748.4495, +681.6191, +757.0787, +752.1721, +715.8621, +778.1905, +753.0948, +671.8334, +744.0941, +755.7114, +713.3750, +724.0121, +714.1979, +744.7093, +668.6211, +774.5715, +741.7889, +735.0989, +710.8536, +763.4316, +727.6279, +723.2023, +757.6531, +672.6805, +737.6068, +722.6250, +680.8706, +775.7363, +742.1932, +708.8696, +746.6463, +733.8792, +734.3297, +743.7065, +705.6667, +716.1354, +713.4330, +736.9883, +746.9888, +713.9878, +726.2247, +751.0660, +730.3793, +749.9889, +768.1932, +709.1223, +715.0619, +740.1848, +699.6552, +712.3712, +720.3068, +720.7579, +713.3095, +717.4081, +685.2024, +761.9651, +749.6562, +719.7753, +697.0682, +722.8925, +763.4889, +724.3294, +757.4827, +721.7093, +747.2391, +707.8256, +808.8572, +721.7850, +706.3334, +713.9091, +692.9551, +754.0948, +674.8488, +749.4479, +729.0247, +702.2979, +752.0968, +738.2589, +757.0212, +705.2556, +682.4074, +749.9706, +718.1191, +692.8019, +766.1905, +726.1429, +717.7591, +719.9255, +745.2889, +747.5176, +725.3168, +659.0964, +744.3829, +706.8163, +719.0444, +713.1685, +725.9196, +692.9263, +685.9780, +769.1818, +719.0804, +718.9893, +740.0488, +739.5000, +724.1724, +770.0737, +721.9886, +692.1334, +723.4944, +784.1196, +727.4574, +716.0233, +679.5059, +762.5385, +741.2000, +725.5774, +724.9881, +726.3107, +666.9012, +709.5369, +748.2619, +753.5165, +744.8478, +719.5765, +721.0575, +747.6186, +686.3374, +779.1287, +721.1395, +714.8391, +729.9222, +703.5555, +759.2222, +686.4186, +721.2778, +693.0825, +728.8279, +718.5222, +700.8829, +729.9277, +691.0104, +776.0357, +702.7241, +748.5312, +709.5506, +756.0645, +688.9362, +716.2166, +741.0250, +712.2347, +690.4943, +746.9773, +717.8737, +693.1400, +712.0698, +703.8145, +732.0000, +654.4512, +743.7426, +705.4390, +764.0693, +686.3684, +757.7340, +717.6395, +726.5000, +783.1429, +728.5521, +721.4268, +691.7217, +731.8049, +743.1489, +747.6223, +705.5000, +732.9474, +718.3517, +722.5556, +738.8488]
               reward_mean: [-0.0082, -0.0078, -0.0079, -0.0079, -0.0079, -0.0080, -0.0082, -0.0083, -0.0071, -0.0072, -0.0069, -0.0066, -0.0069, -0.0069, -0.0076, -0.0067, -0.0061, -0.0065, -0.0066, -0.0070, -0.0064, -0.0063, -0.0031, -0.0023, -0.0015, -0.0012, -0.0008, +0.0010, +0.0032, +0.0047, +0.0041, +0.0040, +0.0046, +0.0089, +0.0102, +0.0103, +0.0089, +0.0089, +0.0089, +0.0088, +0.0087, +0.0089, +0.0086, +0.0091, +0.0094, +0.0093, +0.0113, +0.0108, +0.0097, +0.0078, +0.0116, +0.0103, +0.0103, +0.0096, +0.0103, +0.0118, +0.0122, +0.0116, +0.0112, +0.0104, +0.0125, +0.0096, +0.0103, +0.0112, +0.0099, +0.0093, +0.0093, +0.0099, +0.0108, +0.0112, +0.0116, +0.0077, +0.0086, +0.0106, +0.0117, +0.0110, +0.0127, +0.0117, +0.0105, +0.0142, +0.0118, +0.0110, +0.0105, +0.0114, +0.0070, +0.0100, +0.0122, +0.0118, +0.0133, +0.0130, +0.0104, +0.0091, +0.0108, +0.0118, +0.0097, +0.0110, +0.0118, +0.0115, +0.0117, +0.0116, +0.0112, +0.0106, +0.0124, +0.0102, +0.0134, +0.0112, +0.0105, +0.0119, +0.0130, +0.0112, +0.0140, +0.0139, +0.0114, +0.0099, +0.0110, +0.0123, +0.0113, +0.0114, +0.0127, +0.0112, +0.0111, +0.0127, +0.0135, +0.0123, +0.0124, +0.0115, +0.0123, +0.0110, +0.0133, +0.0117, +0.0113, +0.0105, +0.0130, +0.0110, +0.0103, +0.0119, +0.0121, +0.0112, +0.0125, +0.0140, +0.0125, +0.0128, +0.0122, +0.0093, +0.0126, +0.0133, +0.0119, +0.0148, +0.0131, +0.0125, +0.0135, +0.0133, +0.0103, +0.0108, +0.0105, +0.0126, +0.0128, +0.0134, +0.0114, +0.0122, +0.0110, +0.0125, +0.0116, +0.0123, +0.0127, +0.0130, +0.0126, +0.0128, +0.0116, +0.0105, +0.0123, +0.0134, +0.0094, +0.0125, +0.0115, +0.0146, +0.0114, +0.0125, +0.0125, +0.0125, +0.0133, +0.0124, +0.0113, +0.0119, +0.0132, +0.0127, +0.0127, +0.0106, +0.0128, +0.0140, +0.0117, +0.0132, +0.0137, +0.0140, +0.0137, +0.0125, +0.0134, +0.0126, +0.0121, +0.0116, +0.0111, +0.0141, +0.0137, +0.0137, +0.0126, +0.0125, +0.0115, +0.0127, +0.0121, +0.0153, +0.0138, +0.0136, +0.0125, +0.0137, +0.0121, +0.0124, +0.0116, +0.0123, +0.0127, +0.0136, +0.0118, +0.0117, +0.0113, +0.0129, +0.0139, +0.0145, +0.0134, +0.0142, +0.0136, +0.0136, +0.0125, +0.0130, +0.0126, +0.0123, +0.0124, +0.0112, +0.0125, +0.0129, +0.0119, +0.0135, +0.0137, +0.0155, +0.0129, +0.0131, +0.0144, +0.0134, +0.0127, +0.0129, +0.0128, +0.0129, +0.0120, +0.0128, +0.0137, +0.0117, +0.0132, +0.0130, +0.0127, +0.0128, +0.0146, +0.0143, +0.0138, +0.0137, +0.0131, +0.0121, +0.0127, +0.0122, +0.0129, +0.0124, +0.0139, +0.0127, +0.0121, +0.0107, +0.0119, +0.0125, +0.0139, +0.0142, +0.0123, +0.0133, +0.0131, +0.0139, +0.0140, +0.0125, +0.0124, +0.0125, +0.0150, +0.0137, +0.0128, +0.0137, +0.0125, +0.0127, +0.0133, +0.0126, +0.0131, +0.0138, +0.0132, +0.0121, +0.0140, +0.0142, +0.0132, +0.0141, +0.0141, +0.0141, +0.0139, +0.0133, +0.0140, +0.0142, +0.0133, +0.0139, +0.0136, +0.0128, +0.0136, +0.0146, +0.0149, +0.0128, +0.0142, +0.0142, +0.0126, +0.0129, +0.0142, +0.0113, +0.0117, +0.0133, +0.0147, +0.0125, +0.0149, +0.0138, +0.0154, +0.0150, +0.0127, +0.0146, +0.0151, +0.0127, +0.0130, +0.0132, +0.0143, +0.0134, +0.0154, +0.0142, +0.0134, +0.0127, +0.0134, +0.0154, +0.0150, +0.0139, +0.0142, +0.0140, +0.0139, +0.0141, +0.0132, +0.0125, +0.0134, +0.0146, +0.0147, +0.0147, +0.0134, +0.0137, +0.0148, +0.0137, +0.0150, +0.0145, +0.0137, +0.0138, +0.0146, +0.0150, +0.0142, +0.0134, +0.0123, +0.0143, +0.0149, +0.0152, +0.0126, +0.0127, +0.0149, +0.0148, +0.0146, +0.0153, +0.0136, +0.0151, +0.0151, +0.0141, +0.0143, +0.0131, +0.0135, +0.0146, +0.0144, +0.0148, +0.0145, +0.0140, +0.0137, +0.0137, +0.0153, +0.0149, +0.0143, +0.0155, +0.0148, +0.0165, +0.0154, +0.0135, +0.0146, +0.0145, +0.0143, +0.0134, +0.0147, +0.0133, +0.0140, +0.0132, +0.0143, +0.0158, +0.0155, +0.0155, +0.0143, +0.0138, +0.0151, +0.0164, +0.0146, +0.0133, +0.0132, +0.0145, +0.0132, +0.0140, +0.0154, +0.0157, +0.0140, +0.0155, +0.0155, +0.0150, +0.0154, +0.0142, +0.0151, +0.0146, +0.0140, +0.0141, +0.0144, +0.0147, +0.0157, +0.0129, +0.0138, +0.0152, +0.0141, +0.0149, +0.0158, +0.0157, +0.0151, +0.0152, +0.0157, +0.0146, +0.0145, +0.0148, +0.0151, +0.0139, +0.0145, +0.0150, +0.0146, +0.0146, +0.0151, +0.0152, +0.0162, +0.0156, +0.0136, +0.0154, +0.0164, +0.0150, +0.0140, +0.0165, +0.0146, +0.0147, +0.0143, +0.0129, +0.0160, +0.0162, +0.0166, +0.0169, +0.0159, +0.0148, +0.0146, +0.0128, +0.0147, +0.0137, +0.0143, +0.0139, +0.0152, +0.0159, +0.0140, +0.0151, +0.0156, +0.0147, +0.0156, +0.0157, +0.0168, +0.0149, +0.0166, +0.0144, +0.0162, +0.0152, +0.0149, +0.0152, +0.0150, +0.0158, +0.0144, +0.0144, +0.0161, +0.0148, +0.0138, +0.0150, +0.0144, +0.0157, +0.0146, +0.0167, +0.0148, +0.0162, +0.0165, +0.0161, +0.0152, +0.0145, +0.0145, +0.0167, +0.0166, +0.0153, +0.0165, +0.0158, +0.0147, +0.0147, +0.0152, +0.0152, +0.0157, +0.0155, +0.0158, +0.0153, +0.0159, +0.0151, +0.0152, +0.0166, +0.0156, +0.0151, +0.0156, +0.0158, +0.0161, +0.0159, +0.0157, +0.0146, +0.0154, +0.0163, +0.0158, +0.0153, +0.0159, +0.0170, +0.0174, +0.0163, +0.0147, +0.0152, +0.0167, +0.0142, +0.0140, +0.0156, +0.0157, +0.0156, +0.0147, +0.0153, +0.0166, +0.0178, +0.0172, +0.0153, +0.0159, +0.0165, +0.0167, +0.0157, +0.0149, +0.0156, +0.0160, +0.0151, +0.0161, +0.0156, +0.0171, +0.0159, +0.0165, +0.0164, +0.0175, +0.0164, +0.0172, +0.0180, +0.0177, +0.0140, +0.0162, +0.0155, +0.0143, +0.0160, +0.0162, +0.0159, +0.0157, +0.0157, +0.0153, +0.0166, +0.0161, +0.0163, +0.0162, +0.0167, +0.0158, +0.0164, +0.0174, +0.0166, +0.0145, +0.0166, +0.0165, +0.0152, +0.0166, +0.0163, +0.0158, +0.0171, +0.0174, +0.0167, +0.0165, +0.0169, +0.0159, +0.0154, +0.0166, +0.0155, +0.0165, +0.0169, +0.0169, +0.0151, +0.0155, +0.0162, +0.0163, +0.0171, +0.0168, +0.0169, +0.0161, +0.0172, +0.0176, +0.0160, +0.0155, +0.0151, +0.0159, +0.0164, +0.0163, +0.0172, +0.0169, +0.0168, +0.0159, +0.0184, +0.0172, +0.0174, +0.0171, +0.0162, +0.0162, +0.0168, +0.0160, +0.0156, +0.0168, +0.0161, +0.0162, +0.0158, +0.0173, +0.0150, +0.0166, +0.0170, +0.0171, +0.0167, +0.0163, +0.0170, +0.0176, +0.0170, +0.0164, +0.0166, +0.0171, +0.0163, +0.0159, +0.0171, +0.0162, +0.0179, +0.0167, +0.0162, +0.0168, +0.0153, +0.0158, +0.0166, +0.0173, +0.0170, +0.0178, +0.0168, +0.0164, +0.0164, +0.0151, +0.0171, +0.0172, +0.0167, +0.0164, +0.0170, +0.0164, +0.0170, +0.0158, +0.0164, +0.0165, +0.0168, +0.0178, +0.0176, +0.0175, +0.0181, +0.0179, +0.0161, +0.0160, +0.0163, +0.0169, +0.0166, +0.0169, +0.0170, +0.0171, +0.0171, +0.0175, +0.0176, +0.0167, +0.0178, +0.0165, +0.0162, +0.0151, +0.0175, +0.0163, +0.0176, +0.0159, +0.0169, +0.0171, +0.0178, +0.0177, +0.0181, +0.0180, +0.0172, +0.0176, +0.0172, +0.0181, +0.0177, +0.0172, +0.0164, +0.0175, +0.0161, +0.0172, +0.0182, +0.0166, +0.0161, +0.0178, +0.0177, +0.0166, +0.0167, +0.0158, +0.0176, +0.0179, +0.0181, +0.0169, +0.0183, +0.0179, +0.0172, +0.0177, +0.0169, +0.0163, +0.0168, +0.0166, +0.0170, +0.0183, +0.0166, +0.0172, +0.0180, +0.0189, +0.0180, +0.0171, +0.0178, +0.0170, +0.0167, +0.0167, +0.0174, +0.0168, +0.0173, +0.0174, +0.0182, +0.0179, +0.0178, +0.0181, +0.0162, +0.0175, +0.0161, +0.0165, +0.0169, +0.0173, +0.0175, +0.0176, +0.0177, +0.0177, +0.0184, +0.0183, +0.0178, +0.0179, +0.0172, +0.0172, +0.0174, +0.0174, +0.0165, +0.0179, +0.0187, +0.0177, +0.0163, +0.0168, +0.0169, +0.0163, +0.0168, +0.0180, +0.0169, +0.0173, +0.0182, +0.0176, +0.0182, +0.0180, +0.0180, +0.0174, +0.0172, +0.0166, +0.0179, +0.0181, +0.0168, +0.0169, +0.0184, +0.0168, +0.0177, +0.0184, +0.0172, +0.0170, +0.0178, +0.0173, +0.0173, +0.0175, +0.0167, +0.0190, +0.0179, +0.0181, +0.0180, +0.0189, +0.0174, +0.0187, +0.0182, +0.0160, +0.0179, +0.0176, +0.0178, +0.0164, +0.0166, +0.0174, +0.0165, +0.0177, +0.0183, +0.0167, +0.0167, +0.0168, +0.0173, +0.0171, +0.0178, +0.0181, +0.0181, +0.0178, +0.0174, +0.0189, +0.0166, +0.0171, +0.0170, +0.0177, +0.0163, +0.0172, +0.0175, +0.0182, +0.0167, +0.0173, +0.0171, +0.0179, +0.0182, +0.0182, +0.0179, +0.0177, +0.0187, +0.0184, +0.0179, +0.0177, +0.0170, +0.0165, +0.0167, +0.0169, +0.0183, +0.0193, +0.0178, +0.0181, +0.0169, +0.0174, +0.0176, +0.0180, +0.0176, +0.0187, +0.0197, +0.0183, +0.0180, +0.0180, +0.0178, +0.0174, +0.0179, +0.0172, +0.0155, +0.0165, +0.0183, +0.0173, +0.0174, +0.0166, +0.0180, +0.0178, +0.0169, +0.0168, +0.0180, +0.0181, +0.0172, +0.0172, +0.0172, +0.0182]
                actor_loss: [-0.0015, -0.0035, -0.0015, -0.0003, -0.0011, -0.0008, -0.0019, -0.0011, -0.0031, -0.0018, -0.0036, -0.0024, -0.0012, -0.0026, -0.0005, -0.0018, -0.0012, -0.0006, -0.0001, -0.0015, -0.0016, -0.0034, -0.0060, -0.0065, -0.0064, -0.0083, -0.0079, -0.0092, -0.0081, -0.0091, -0.0077, -0.0077, -0.0069, -0.0077, -0.0080, -0.0077, -0.0076, -0.0063, -0.0059, -0.0052, -0.0045, -0.0062, -0.0036, -0.0037, -0.0065, -0.0048, -0.0058, -0.0064, -0.0069, -0.0065, -0.0062, -0.0064, -0.0052, -0.0061, -0.0069, -0.0067, -0.0091, -0.0075, -0.0076, -0.0078, -0.0055, -0.0086, -0.0094, -0.0091, -0.0083, -0.0065, -0.0083, -0.0086, -0.0089, -0.0093, -0.0080, -0.0081, -0.0093, -0.0104, -0.0105, -0.0104, -0.0101, -0.0104, -0.0089, -0.0111, -0.0106, -0.0090, -0.0104, -0.0101, -0.0083, -0.0084, -0.0109, -0.0076, -0.0090, -0.0113, -0.0101, -0.0109, -0.0109, -0.0103, -0.0100, -0.0093, -0.0113, -0.0083, -0.0110, -0.0101, -0.0088, -0.0112, -0.0092, -0.0120, -0.0111, -0.0122, -0.0106, -0.0111, -0.0119, -0.0112, -0.0121, -0.0116, -0.0124, -0.0113, -0.0142, -0.0125, -0.0122, -0.0134, -0.0131, -0.0136, -0.0121, -0.0119, -0.0132, -0.0137, -0.0130, -0.0149, -0.0152, -0.0147, -0.0129, -0.0119, -0.0124, -0.0138, -0.0123, -0.0117, -0.0132, -0.0139, -0.0132, -0.0134, -0.0129, -0.0123, -0.0126, -0.0142, -0.0132, -0.0126, -0.0127, -0.0141, -0.0126, -0.0124, -0.0133, -0.0109, -0.0121, -0.0130, -0.0152, -0.0112, -0.0131, -0.0114, -0.0140, -0.0140, -0.0126, -0.0148, -0.0132, -0.0142, -0.0139, -0.0148, -0.0139, -0.0110, -0.0121, -0.0141, -0.0135, -0.0130, -0.0120, -0.0140, -0.0142, -0.0136, -0.0140, -0.0131, -0.0129, -0.0134, -0.0124, -0.0122, -0.0139, -0.0138, -0.0119, -0.0126, -0.0137, -0.0133, -0.0131, -0.0150, -0.0129, -0.0136, -0.0129, -0.0130, -0.0138, -0.0136, -0.0131, -0.0142, -0.0129, -0.0132, -0.0129, -0.0142, -0.0138, -0.0161, -0.0146, -0.0140, -0.0149, -0.0152, -0.0157, -0.0143, -0.0134, -0.0153, -0.0151, -0.0153, -0.0148, -0.0142, -0.0132, -0.0149, -0.0150, -0.0159, -0.0147, -0.0133, -0.0153, -0.0146, -0.0169, -0.0144, -0.0143, -0.0138, -0.0152, -0.0168, -0.0149, -0.0137, -0.0145, -0.0149, -0.0161, -0.0144, -0.0145, -0.0134, -0.0144, -0.0162, -0.0147, -0.0157, -0.0166, -0.0142, -0.0138, -0.0149, -0.0145, -0.0165, -0.0131, -0.0156, -0.0149, -0.0140, -0.0139, -0.0165, -0.0163, -0.0168, -0.0146, -0.0155, -0.0152, -0.0141, -0.0160, -0.0161, -0.0164, -0.0163, -0.0143, -0.0170, -0.0148, -0.0141, -0.0160, -0.0138, -0.0165, -0.0172, -0.0148, -0.0131, -0.0177, -0.0144, -0.0140, -0.0160, -0.0161, -0.0147, -0.0157, -0.0168, -0.0142, -0.0161, -0.0148, -0.0157, -0.0156, -0.0158, -0.0150, -0.0161, -0.0159, -0.0149, -0.0145, -0.0155, -0.0150, -0.0152, -0.0154, -0.0157, -0.0148, -0.0166, -0.0144, -0.0150, -0.0147, -0.0152, -0.0157, -0.0144, -0.0144, -0.0142, -0.0144, -0.0156, -0.0158, -0.0142, -0.0160, -0.0156, -0.0156, -0.0169, -0.0150, -0.0156, -0.0146, -0.0147, -0.0174, -0.0169, -0.0147, -0.0154, -0.0139, -0.0153, -0.0144, -0.0155, -0.0143, -0.0157, -0.0155, -0.0160, -0.0173, -0.0166, -0.0155, -0.0159, -0.0148, -0.0152, -0.0150, -0.0168, -0.0153, -0.0147, -0.0142, -0.0159, -0.0163, -0.0143, -0.0160, -0.0155, -0.0150, -0.0164, -0.0152, -0.0164, -0.0149, -0.0156, -0.0166, -0.0148, -0.0163, -0.0147, -0.0155, -0.0153, -0.0156, -0.0164, -0.0163, -0.0176, -0.0168, -0.0156, -0.0165, -0.0150, -0.0153, -0.0150, -0.0135, -0.0150, -0.0153, -0.0137, -0.0159, -0.0136, -0.0158, -0.0149, -0.0149, -0.0151, -0.0138, -0.0152, -0.0154, -0.0143, -0.0149, -0.0142, -0.0148, -0.0158, -0.0166, -0.0160, -0.0152, -0.0155, -0.0142, -0.0149, -0.0148, -0.0163, -0.0156, -0.0148, -0.0153, -0.0152, -0.0150, -0.0144, -0.0156, -0.0153, -0.0158, -0.0146, -0.0155, -0.0153, -0.0148, -0.0146, -0.0155, -0.0160, -0.0155, -0.0143, -0.0153, -0.0149, -0.0154, -0.0158, -0.0152, -0.0149, -0.0161, -0.0133, -0.0148, -0.0153, -0.0145, -0.0137, -0.0154, -0.0152, -0.0147, -0.0145, -0.0146, -0.0170, -0.0156, -0.0155, -0.0175, -0.0152, -0.0153, -0.0150, -0.0130, -0.0146, -0.0154, -0.0145, -0.0151, -0.0152, -0.0159, -0.0147, -0.0147, -0.0153, -0.0139, -0.0161, -0.0146, -0.0147, -0.0137, -0.0147, -0.0159, -0.0156, -0.0152, -0.0137, -0.0143, -0.0145, -0.0143, -0.0148, -0.0161, -0.0141, -0.0143, -0.0145, -0.0157, -0.0145, -0.0148, -0.0145, -0.0147, -0.0140, -0.0147, -0.0139, -0.0138, -0.0148, -0.0137, -0.0151, -0.0151, -0.0147, -0.0143, -0.0150, -0.0139, -0.0151, -0.0151, -0.0133, -0.0148, -0.0141, -0.0130, -0.0138, -0.0145, -0.0153, -0.0147, -0.0142, -0.0150, -0.0148, -0.0147, -0.0141, -0.0162, -0.0149, -0.0139, -0.0140, -0.0137, -0.0147, -0.0160, -0.0128, -0.0149, -0.0150, -0.0140, -0.0142, -0.0149, -0.0149, -0.0142, -0.0127, -0.0140, -0.0133, -0.0170, -0.0128, -0.0145, -0.0133, -0.0144, -0.0138, -0.0150, -0.0141, -0.0149, -0.0140, -0.0138, -0.0131, -0.0143, -0.0158, -0.0144, -0.0149, -0.0147, -0.0145, -0.0145, -0.0138, -0.0152, -0.0149, -0.0147, -0.0144, -0.0140, -0.0147, -0.0154, -0.0148, -0.0143, -0.0134, -0.0135, -0.0144, -0.0143, -0.0143, -0.0144, -0.0141, -0.0145, -0.0142, -0.0157, -0.0145, -0.0144, -0.0131, -0.0138, -0.0128, -0.0130, -0.0131, -0.0140, -0.0143, -0.0141, -0.0145, -0.0142, -0.0132, -0.0138, -0.0136, -0.0131, -0.0143, -0.0143, -0.0143, -0.0131, -0.0128, -0.0151, -0.0136, -0.0142, -0.0135, -0.0132, -0.0130, -0.0136, -0.0145, -0.0136, -0.0139, -0.0141, -0.0132, -0.0140, -0.0142, -0.0136, -0.0130, -0.0144, -0.0135, -0.0125, -0.0136, -0.0147, -0.0128, -0.0133, -0.0134, -0.0134, -0.0133, -0.0138, -0.0135, -0.0138, -0.0139, -0.0135, -0.0128, -0.0132, -0.0130, -0.0131, -0.0131, -0.0133, -0.0132, -0.0125, -0.0126, -0.0140, -0.0120, -0.0130, -0.0132, -0.0136, -0.0131, -0.0131, -0.0139, -0.0132, -0.0129, -0.0132, -0.0143, -0.0135, -0.0137, -0.0126, -0.0123, -0.0124, -0.0123, -0.0125, -0.0127, -0.0131, -0.0133, -0.0127, -0.0115, -0.0121, -0.0119, -0.0120, -0.0132, -0.0132, -0.0123, -0.0129, -0.0118, -0.0129, -0.0127, -0.0116, -0.0127, -0.0128, -0.0127, -0.0123, -0.0114, -0.0123, -0.0118, -0.0114, -0.0120, -0.0127, -0.0130, -0.0116, -0.0126, -0.0124, -0.0121, -0.0122, -0.0121, -0.0125, -0.0107, -0.0126, -0.0121, -0.0118, -0.0119, -0.0115, -0.0123, -0.0122, -0.0126, -0.0123, -0.0123, -0.0119, -0.0122, -0.0120, -0.0114, -0.0112, -0.0123, -0.0118, -0.0123, -0.0122, -0.0106, -0.0116, -0.0110, -0.0116, -0.0114, -0.0114, -0.0112, -0.0112, -0.0112, -0.0115, -0.0110, -0.0107, -0.0106, -0.0112, -0.0114, -0.0105, -0.0105, -0.0106, -0.0111, -0.0103, -0.0106, -0.0102, -0.0115, -0.0113, -0.0106, -0.0107, -0.0108, -0.0100, -0.0106, -0.0110, -0.0102, -0.0103, -0.0103, -0.0098, -0.0098, -0.0098, -0.0102, -0.0100, -0.0105, -0.0095, -0.0100, -0.0108, -0.0102, -0.0099, -0.0096, -0.0094, -0.0098, -0.0097, -0.0092, -0.0097, -0.0098, -0.0089, -0.0095, -0.0100, -0.0087, -0.0095, -0.0089, -0.0093, -0.0091, -0.0092, -0.0098, -0.0096, -0.0091, -0.0092, -0.0088, -0.0087, -0.0081, -0.0084, -0.0093, -0.0086, -0.0084, -0.0085, -0.0084, -0.0082, -0.0083, -0.0086, -0.0087, -0.0084, -0.0077, -0.0081, -0.0084, -0.0076, -0.0084, -0.0079, -0.0071, -0.0075, -0.0075, -0.0076, -0.0079, -0.0080, -0.0071, -0.0071, -0.0074, -0.0068, -0.0069, -0.0067, -0.0072, -0.0070, -0.0072, -0.0070, -0.0063, -0.0068, -0.0070, -0.0070, -0.0067, -0.0069, -0.0067, -0.0063, -0.0063, -0.0061, -0.0061, -0.0062, -0.0058, -0.0061, -0.0057, -0.0054, -0.0059, -0.0055, -0.0054, -0.0054, -0.0056, -0.0058, -0.0051, -0.0052, -0.0053, -0.0051, -0.0051, -0.0053, -0.0048, -0.0050, -0.0051, -0.0049, -0.0048, -0.0040, -0.0051, -0.0046, -0.0043, -0.0048, -0.0041, -0.0042, -0.0041, -0.0039, -0.0041, -0.0037, -0.0039, -0.0035, -0.0036, -0.0037, -0.0037, -0.0036, -0.0034, -0.0033, -0.0032, -0.0029, -0.0033, -0.0028, -0.0031, -0.0027, -0.0027, -0.0026, -0.0026, -0.0027, -0.0025, -0.0024, -0.0022, -0.0025, -0.0023, -0.0022, -0.0019, -0.0021, -0.0022, -0.0019, -0.0017, -0.0016, -0.0018, -0.0016, -0.0018, -0.0014, -0.0015, -0.0016, -0.0014, -0.0013, -0.0013, -0.0012, -0.0011, -0.0011, -0.0010, -0.0010, -0.0009, -0.0010, -0.0009, -0.0009, -0.0008, -0.0008, -0.0007, -0.0006, -0.0006, -0.0006, -0.0005, -0.0005, -0.0005, -0.0004, -0.0004, -0.0003, -0.0003, -0.0004, -0.0003, -0.0003, -0.0002, -0.0002, -0.0002, -0.0002, -0.0002, -0.0001, -0.0001, -0.0001, -0.0001, -0.0001, -0.0001, -0.0000, -0.0000, -0.0000, -0.0000, -0.0000, -0.0000, -0.0000, +0.0000, -0.0000]
                value_loss: [+0.0721, +0.0253, +0.0104, +0.0093, +0.0093, +0.0101, +0.0150, +0.0178, +0.0126, +0.0120, +0.0131, +0.0131, +0.0138, +0.0169, +0.0147, +0.0154, +0.0158, +0.0140, +0.0136, +0.0126, +0.0182, +0.0204, +0.0255, +0.0251, +0.0274, +0.0281, +0.0293, +0.0305, +0.0323, +0.0344, +0.0317, +0.0283, +0.0292, +0.0348, +0.0336, +0.0316, +0.0295, +0.0281, +0.0282, +0.0282, +0.0308, +0.0289, +0.0283, +0.0334, +0.0320, +0.0291, +0.0332, +0.0306, +0.0277, +0.0261, +0.0346, +0.0316, +0.0309, +0.0338, +0.0304, +0.0375, +0.0339, +0.0287, +0.0301, +0.0314, +0.0331, +0.0296, +0.0287, +0.0300, +0.0310, +0.0279, +0.0312, +0.0302, +0.0318, +0.0287, +0.0318, +0.0288, +0.0320, +0.0355, +0.0300, +0.0329, +0.0372, +0.0323, +0.0301, +0.0382, +0.0304, +0.0283, +0.0301, +0.0315, +0.0254, +0.0303, +0.0312, +0.0363, +0.0314, +0.0315, +0.0288, +0.0271, +0.0313, +0.0284, +0.0310, +0.0317, +0.0311, +0.0330, +0.0309, +0.0322, +0.0325, +0.0319, +0.0346, +0.0319, +0.0330, +0.0278, +0.0342, +0.0329, +0.0321, +0.0295, +0.0364, +0.0335, +0.0278, +0.0272, +0.0323, +0.0304, +0.0303, +0.0280, +0.0336, +0.0261, +0.0334, +0.0337, +0.0324, +0.0307, +0.0309, +0.0340, +0.0339, +0.0291, +0.0347, +0.0307, +0.0314, +0.0302, +0.0325, +0.0302, +0.0267, +0.0350, +0.0317, +0.0310, +0.0292, +0.0349, +0.0315, +0.0291, +0.0322, +0.0278, +0.0341, +0.0296, +0.0323, +0.0342, +0.0286, +0.0327, +0.0327, +0.0323, +0.0289, +0.0300, +0.0323, +0.0315, +0.0317, +0.0309, +0.0276, +0.0316, +0.0331, +0.0296, +0.0315, +0.0327, +0.0333, +0.0351, +0.0317, +0.0342, +0.0316, +0.0314, +0.0344, +0.0330, +0.0262, +0.0321, +0.0302, +0.0360, +0.0294, +0.0324, +0.0324, +0.0330, +0.0309, +0.0310, +0.0308, +0.0335, +0.0326, +0.0310, +0.0304, +0.0292, +0.0335, +0.0353, +0.0301, +0.0329, +0.0313, +0.0335, +0.0338, +0.0320, +0.0335, +0.0307, +0.0313, +0.0270, +0.0327, +0.0359, +0.0365, +0.0315, +0.0306, +0.0321, +0.0288, +0.0340, +0.0334, +0.0322, +0.0319, +0.0327, +0.0319, +0.0328, +0.0289, +0.0335, +0.0290, +0.0304, +0.0333, +0.0338, +0.0301, +0.0312, +0.0300, +0.0319, +0.0356, +0.0339, +0.0309, +0.0304, +0.0328, +0.0311, +0.0305, +0.0334, +0.0301, +0.0304, +0.0305, +0.0310, +0.0331, +0.0323, +0.0321, +0.0301, +0.0369, +0.0322, +0.0311, +0.0347, +0.0335, +0.0304, +0.0311, +0.0303, +0.0318, +0.0325, +0.0309, +0.0314, +0.0332, +0.0299, +0.0313, +0.0343, +0.0308, +0.0322, +0.0339, +0.0337, +0.0321, +0.0321, +0.0313, +0.0302, +0.0311, +0.0359, +0.0319, +0.0377, +0.0336, +0.0322, +0.0334, +0.0291, +0.0328, +0.0287, +0.0357, +0.0343, +0.0313, +0.0322, +0.0351, +0.0331, +0.0308, +0.0346, +0.0311, +0.0325, +0.0364, +0.0328, +0.0295, +0.0319, +0.0312, +0.0308, +0.0338, +0.0295, +0.0332, +0.0341, +0.0312, +0.0301, +0.0316, +0.0316, +0.0305, +0.0381, +0.0319, +0.0325, +0.0337, +0.0328, +0.0347, +0.0351, +0.0331, +0.0350, +0.0307, +0.0320, +0.0353, +0.0357, +0.0343, +0.0307, +0.0338, +0.0322, +0.0307, +0.0318, +0.0336, +0.0270, +0.0337, +0.0318, +0.0352, +0.0309, +0.0367, +0.0312, +0.0356, +0.0339, +0.0296, +0.0328, +0.0328, +0.0278, +0.0322, +0.0335, +0.0346, +0.0332, +0.0358, +0.0318, +0.0319, +0.0321, +0.0340, +0.0365, +0.0313, +0.0316, +0.0329, +0.0346, +0.0340, +0.0350, +0.0311, +0.0313, +0.0335, +0.0332, +0.0311, +0.0335, +0.0317, +0.0338, +0.0361, +0.0330, +0.0368, +0.0307, +0.0337, +0.0318, +0.0360, +0.0364, +0.0327, +0.0322, +0.0327, +0.0365, +0.0345, +0.0352, +0.0298, +0.0310, +0.0327, +0.0356, +0.0332, +0.0329, +0.0318, +0.0359, +0.0327, +0.0346, +0.0311, +0.0314, +0.0351, +0.0348, +0.0363, +0.0357, +0.0375, +0.0330, +0.0337, +0.0334, +0.0389, +0.0329, +0.0306, +0.0352, +0.0346, +0.0387, +0.0363, +0.0323, +0.0368, +0.0347, +0.0308, +0.0330, +0.0345, +0.0336, +0.0373, +0.0357, +0.0347, +0.0361, +0.0336, +0.0378, +0.0329, +0.0325, +0.0376, +0.0374, +0.0334, +0.0335, +0.0349, +0.0360, +0.0339, +0.0347, +0.0359, +0.0325, +0.0318, +0.0345, +0.0360, +0.0346, +0.0367, +0.0346, +0.0333, +0.0336, +0.0367, +0.0342, +0.0364, +0.0374, +0.0344, +0.0326, +0.0382, +0.0356, +0.0325, +0.0369, +0.0368, +0.0359, +0.0351, +0.0364, +0.0352, +0.0350, +0.0347, +0.0337, +0.0363, +0.0322, +0.0349, +0.0354, +0.0344, +0.0338, +0.0341, +0.0339, +0.0361, +0.0355, +0.0325, +0.0385, +0.0359, +0.0343, +0.0332, +0.0367, +0.0330, +0.0366, +0.0339, +0.0312, +0.0366, +0.0347, +0.0359, +0.0385, +0.0381, +0.0328, +0.0350, +0.0314, +0.0342, +0.0336, +0.0380, +0.0332, +0.0348, +0.0350, +0.0322, +0.0359, +0.0325, +0.0379, +0.0335, +0.0382, +0.0345, +0.0358, +0.0375, +0.0334, +0.0387, +0.0331, +0.0358, +0.0350, +0.0347, +0.0363, +0.0338, +0.0350, +0.0359, +0.0340, +0.0345, +0.0352, +0.0346, +0.0348, +0.0359, +0.0400, +0.0348, +0.0375, +0.0382, +0.0398, +0.0340, +0.0365, +0.0376, +0.0389, +0.0352, +0.0340, +0.0382, +0.0363, +0.0347, +0.0337, +0.0350, +0.0366, +0.0359, +0.0367, +0.0373, +0.0386, +0.0377, +0.0338, +0.0353, +0.0380, +0.0351, +0.0355, +0.0342, +0.0391, +0.0387, +0.0342, +0.0334, +0.0338, +0.0355, +0.0354, +0.0352, +0.0348, +0.0389, +0.0371, +0.0383, +0.0348, +0.0314, +0.0338, +0.0343, +0.0344, +0.0309, +0.0362, +0.0361, +0.0378, +0.0378, +0.0364, +0.0387, +0.0444, +0.0345, +0.0373, +0.0375, +0.0397, +0.0374, +0.0378, +0.0330, +0.0372, +0.0370, +0.0322, +0.0397, +0.0358, +0.0389, +0.0363, +0.0372, +0.0376, +0.0393, +0.0369, +0.0396, +0.0382, +0.0343, +0.0303, +0.0364, +0.0352, +0.0330, +0.0387, +0.0355, +0.0343, +0.0377, +0.0379, +0.0376, +0.0404, +0.0387, +0.0355, +0.0376, +0.0386, +0.0353, +0.0381, +0.0399, +0.0376, +0.0335, +0.0391, +0.0355, +0.0360, +0.0376, +0.0415, +0.0358, +0.0393, +0.0416, +0.0393, +0.0379, +0.0390, +0.0365, +0.0367, +0.0364, +0.0395, +0.0394, +0.0398, +0.0372, +0.0353, +0.0373, +0.0412, +0.0368, +0.0382, +0.0385, +0.0374, +0.0353, +0.0371, +0.0379, +0.0393, +0.0359, +0.0352, +0.0381, +0.0375, +0.0395, +0.0379, +0.0365, +0.0413, +0.0359, +0.0413, +0.0393, +0.0387, +0.0366, +0.0364, +0.0375, +0.0377, +0.0362, +0.0368, +0.0395, +0.0352, +0.0351, +0.0401, +0.0360, +0.0376, +0.0345, +0.0383, +0.0387, +0.0408, +0.0377, +0.0387, +0.0397, +0.0406, +0.0405, +0.0393, +0.0400, +0.0361, +0.0378, +0.0402, +0.0379, +0.0411, +0.0376, +0.0383, +0.0394, +0.0349, +0.0377, +0.0375, +0.0427, +0.0405, +0.0399, +0.0364, +0.0374, +0.0399, +0.0390, +0.0423, +0.0387, +0.0359, +0.0388, +0.0426, +0.0381, +0.0407, +0.0356, +0.0363, +0.0398, +0.0400, +0.0404, +0.0422, +0.0404, +0.0430, +0.0430, +0.0380, +0.0395, +0.0354, +0.0424, +0.0412, +0.0392, +0.0388, +0.0403, +0.0416, +0.0386, +0.0392, +0.0398, +0.0400, +0.0382, +0.0384, +0.0381, +0.0418, +0.0387, +0.0418, +0.0380, +0.0406, +0.0415, +0.0400, +0.0426, +0.0427, +0.0416, +0.0393, +0.0394, +0.0390, +0.0433, +0.0389, +0.0389, +0.0394, +0.0396, +0.0376, +0.0410, +0.0409, +0.0422, +0.0387, +0.0428, +0.0395, +0.0359, +0.0392, +0.0375, +0.0385, +0.0424, +0.0412, +0.0395, +0.0442, +0.0414, +0.0380, +0.0400, +0.0418, +0.0386, +0.0423, +0.0417, +0.0432, +0.0420, +0.0399, +0.0407, +0.0418, +0.0429, +0.0399, +0.0418, +0.0426, +0.0396, +0.0405, +0.0367, +0.0425, +0.0416, +0.0410, +0.0393, +0.0417, +0.0403, +0.0408, +0.0424, +0.0376, +0.0419, +0.0385, +0.0433, +0.0384, +0.0418, +0.0417, +0.0447, +0.0416, +0.0428, +0.0432, +0.0444, +0.0426, +0.0416, +0.0434, +0.0396, +0.0421, +0.0375, +0.0414, +0.0452, +0.0416, +0.0377, +0.0397, +0.0423, +0.0395, +0.0365, +0.0394, +0.0457, +0.0400, +0.0400, +0.0427, +0.0416, +0.0446, +0.0414, +0.0419, +0.0417, +0.0451, +0.0429, +0.0395, +0.0410, +0.0385, +0.0409, +0.0462, +0.0400, +0.0425, +0.0438, +0.0381, +0.0431, +0.0406, +0.0376, +0.0429, +0.0424, +0.0410, +0.0440, +0.0412, +0.0401, +0.0447, +0.0410, +0.0399, +0.0431, +0.0416, +0.0384, +0.0444, +0.0407, +0.0430, +0.0396, +0.0405, +0.0416, +0.0414, +0.0451, +0.0450, +0.0395, +0.0414, +0.0421, +0.0428, +0.0403, +0.0461, +0.0435, +0.0418, +0.0393, +0.0414, +0.0434, +0.0385, +0.0401, +0.0434, +0.0413, +0.0392, +0.0424, +0.0432, +0.0422, +0.0381, +0.0439, +0.0401, +0.0452, +0.0434, +0.0425, +0.0398, +0.0444, +0.0432, +0.0402, +0.0446, +0.0396, +0.0391, +0.0449, +0.0435, +0.0431, +0.0446, +0.0461, +0.0408, +0.0418, +0.0416, +0.0424, +0.0420, +0.0428, +0.0425, +0.0482, +0.0449, +0.0420, +0.0435, +0.0487, +0.0408, +0.0426, +0.0422, +0.0375, +0.0365, +0.0456, +0.0443, +0.0452, +0.0447, +0.0415, +0.0427, +0.0386, +0.0449, +0.0408, +0.0454, +0.0447, +0.0427, +0.0425, +0.0434, +0.0439]
                   entropy: [+2.2731, +2.2603, +2.2292, +2.2087, +2.2043, +2.1995, +2.1889, +2.1494, +2.1061, +2.0582, +1.9985, +1.9675, +1.9493, +1.9244, +1.8941, +1.8660, +1.8437, +1.8374, +1.8376, +1.8044, +1.8190, +1.7907, +1.7454, +1.6838, +1.6792, +1.6531, +1.6074, +1.5651, +1.5312, +1.4944, +1.4817, +1.4535, +1.4119, +1.3706, +1.3488, +1.3158, +1.3038, +1.3083, +1.2888, +1.2291, +1.2273, +1.2150, +1.2065, +1.1934, +1.1825, +1.1816, +1.1858, +1.1995, +1.2083, +1.2040, +1.1868, +1.2014, +1.1546, +1.1752, +1.1804, +1.1699, +1.1784, +1.1931, +1.2004, +1.1602, +1.1674, +1.1865, +1.1884, +1.1543, +1.1500, +1.0919, +1.1323, +1.1427, +1.1488, +1.1590, +1.1535, +1.1935, +1.1813, +1.2061, +1.1286, +1.1314, +1.1058, +1.1042, +1.1074, +1.1031, +1.1120, +1.0773, +1.0630, +1.0647, +1.0950, +1.0633, +1.0614, +1.0571, +1.0650, +1.1104, +1.1118, +1.1392, +1.1126, +1.1002, +1.1540, +1.1163, +1.0656, +1.0836, +1.0796, +1.0347, +1.0699, +1.1307, +1.1086, +1.1831, +1.1239, +1.1199, +1.1469, +1.1531, +1.1354, +1.1518, +1.1665, +1.1510, +1.1865, +1.1670, +1.1875, +1.1695, +1.1713, +1.1733, +1.1619, +1.1940, +1.2049, +1.1966, +1.1948, +1.1935, +1.2054, +1.2077, +1.2207, +1.1979, +1.1760, +1.1565, +1.1657, +1.1946, +1.1655, +1.1590, +1.2184, +1.2006, +1.1914, +1.1737, +1.1552, +1.1593, +1.1676, +1.1768, +1.1677, +1.2155, +1.1950, +1.1763, +1.1617, +1.1467, +1.1661, +1.1432, +1.1243, +1.1453, +1.1589, +1.1675, +1.1788, +1.1395, +1.1362, +1.1381, +1.1440, +1.1535, +1.1866, +1.1768, +1.1954, +1.1912, +1.1703, +1.1816, +1.1570, +1.1549, +1.2037, +1.2023, +1.1888, +1.1910, +1.2607, +1.2034, +1.2254, +1.2017, +1.1899, +1.1823, +1.1764, +1.1759, +1.1820, +1.2024, +1.1733, +1.1714, +1.1704, +1.1209, +1.1409, +1.1908, +1.1542, +1.1414, +1.1690, +1.1303, +1.1238, +1.1223, +1.1358, +1.1461, +1.1392, +1.1612, +1.1503, +1.1447, +1.1846, +1.1795, +1.1730, +1.1657, +1.1902, +1.1868, +1.1938, +1.2072, +1.2027, +1.1521, +1.1610, +1.1714, +1.1765, +1.1617, +1.1787, +1.1821, +1.1736, +1.1728, +1.1710, +1.1723, +1.1882, +1.2003, +1.1944, +1.1734, +1.1721, +1.1540, +1.1740, +1.1561, +1.1734, +1.1569, +1.1867, +1.1926, +1.1747, +1.1703, +1.1630, +1.1814, +1.1812, +1.1727, +1.1656, +1.1804, +1.1807, +1.1543, +1.1652, +1.1792, +1.1461, +1.1431, +1.1486, +1.1530, +1.1844, +1.1612, +1.1691, +1.1592, +1.1758, +1.1776, +1.1510, +1.1490, +1.1557, +1.1757, +1.1601, +1.1714, +1.1602, +1.1809, +1.1954, +1.1955, +1.1697, +1.1777, +1.1853, +1.1987, +1.1813, +1.1931, +1.1787, +1.1877, +1.1741, +1.1404, +1.1620, +1.1603, +1.1725, +1.1690, +1.1713, +1.1471, +1.1332, +1.1524, +1.1479, +1.1707, +1.1581, +1.1447, +1.1763, +1.1761, +1.1762, +1.1850, +1.1723, +1.1703, +1.1658, +1.1715, +1.1763, +1.1737, +1.1527, +1.1635, +1.1423, +1.1294, +1.1550, +1.1519, +1.1551, +1.1615, +1.1429, +1.1453, +1.1692, +1.1713, +1.1964, +1.1666, +1.1792, +1.1598, +1.1535, +1.1627, +1.1551, +1.1568, +1.1754, +1.1692, +1.1548, +1.1736, +1.1837, +1.1398, +1.1279, +1.1562, +1.1150, +1.1269, +1.1040, +1.1123, +1.1237, +1.1374, +1.1393, +1.1447, +1.1423, +1.1701, +1.1256, +1.1110, +1.1287, +1.1365, +1.1317, +1.1461, +1.1305, +1.1211, +1.1332, +1.1375, +1.1425, +1.1485, +1.1588, +1.1570, +1.1426, +1.1593, +1.1408, +1.1117, +1.1182, +1.1277, +1.1331, +1.1379, +1.1295, +1.1312, +1.1274, +1.1169, +1.1013, +1.1091, +1.1053, +1.1040, +1.1139, +1.1109, +1.1128, +1.1059, +1.0939, +1.0885, +1.1003, +1.1060, +1.0949, +1.1041, +1.0930, +1.0765, +1.0973, +1.0828, +1.0655, +1.0850, +1.0756, +1.0831, +1.0860, +1.0845, +1.0767, +1.0858, +1.0866, +1.0921, +1.0925, +1.0965, +1.0758, +1.0902, +1.0859, +1.0938, +1.0841, +1.0852, +1.0934, +1.0771, +1.0666, +1.0799, +1.0596, +1.0710, +1.0845, +1.0707, +1.0616, +1.0628, +1.0646, +1.0625, +1.0429, +1.0638, +1.0495, +1.0612, +1.0501, +1.0550, +1.0401, +1.0568, +1.0480, +1.0440, +1.0474, +1.0400, +1.0407, +1.0446, +1.0542, +1.0410, +1.0402, +1.0444, +1.0173, +1.0378, +1.0256, +1.0431, +1.0742, +1.0512, +1.0467, +1.0359, +1.0244, +1.0595, +1.0321, +1.0261, +1.0316, +1.0280, +1.0129, +1.0141, +1.0271, +1.0160, +1.0193, +1.0190, +1.0196, +1.0426, +1.0532, +1.0321, +1.0412, +1.0411, +1.0411, +1.0441, +1.0035, +1.0138, +0.9841, +0.9979, +1.0271, +1.0125, +1.0080, +1.0017, +1.0149, +1.0069, +1.0215, +1.0165, +1.0174, +1.0134, +1.0084, +0.9977, +0.9718, +0.9846, +1.0037, +1.0025, +1.0150, +1.0077, +0.9953, +0.9935, +0.9887, +0.9987, +0.9896, +0.9914, +0.9897, +0.9924, +0.9725, +0.9840, +0.9761, +0.9845, +0.9754, +0.9838, +0.9949, +0.9783, +0.9803, +0.9909, +1.0017, +0.9691, +0.9809, +0.9882, +0.9959, +0.9838, +0.9786, +0.9737, +0.9657, +0.9529, +0.9669, +0.9839, +0.9756, +0.9600, +0.9838, +0.9627, +0.9582, +0.9609, +0.9560, +0.9637, +0.9758, +0.9616, +0.9658, +0.9572, +0.9605, +0.9569, +0.9743, +0.9757, +0.9714, +0.9635, +0.9514, +0.9427, +0.9524, +0.9616, +0.9358, +0.9491, +0.9818, +0.9518, +0.9730, +0.9555, +0.9525, +0.9581, +0.9651, +0.9579, +0.9380, +0.9647, +0.9620, +0.9455, +0.9423, +0.9314, +0.9272, +0.9302, +0.9261, +0.9362, +0.9138, +0.9446, +0.9195, +0.9450, +0.9338, +0.9373, +0.9104, +0.9055, +0.9124, +0.9046, +0.8994, +0.9046, +0.9016, +0.9091, +0.9152, +0.9411, +0.9167, +0.9083, +0.9176, +0.9216, +0.9261, +0.9232, +0.9221, +0.9300, +0.9165, +0.9148, +0.9030, +0.9092, +0.9087, +0.9014, +0.8965, +0.9058, +0.8895, +0.9140, +0.9174, +0.9171, +0.9360, +0.9325, +0.9209, +0.8950, +0.8945, +0.9090, +0.9360, +0.9069, +0.9077, +0.9031, +0.8919, +0.8913, +0.8920, +0.8656, +0.8708, +0.8827, +0.8832, +0.8800, +0.8823, +0.8845, +0.8894, +0.8805, +0.8755, +0.8885, +0.8807, +0.8725, +0.8795, +0.8775, +0.8668, +0.8702, +0.8695, +0.8724, +0.8661, +0.8916, +0.8769, +0.8714, +0.8654, +0.8692, +0.8559, +0.8506, +0.8534, +0.8622, +0.8634, +0.8623, +0.8606, +0.8573, +0.8368, +0.8397, +0.8431, +0.8559, +0.8524, +0.8543, +0.8614, +0.8488, +0.8351, +0.8425, +0.8291, +0.8549, +0.8472, +0.8553, +0.8486, +0.8405, +0.8557, +0.8412, +0.8143, +0.8269, +0.8416, +0.8372, +0.8491, +0.8402, +0.8178, +0.8238, +0.8113, +0.8193, +0.8315, +0.8413, +0.8277, +0.8345, +0.8368, +0.8478, +0.8423, +0.8268, +0.8306, +0.8099, +0.8194, +0.8167, +0.8364, +0.8404, +0.8315, +0.8254, +0.8224, +0.8219, +0.8079, +0.8022, +0.7987, +0.8246, +0.8134, +0.8257, +0.8312, +0.8252, +0.8243, +0.8232, +0.8189, +0.8024, +0.8122, +0.7937, +0.8093, +0.8155, +0.8091, +0.7984, +0.8091, +0.7927, +0.8063, +0.7968, +0.7922, +0.8071, +0.8145, +0.7816, +0.7902, +0.7853, +0.7932, +0.8027, +0.7916, +0.8073, +0.7742, +0.7683, +0.7800, +0.7973, +0.7783, +0.8055, +0.8025, +0.7587, +0.7761, +0.7845, +0.7723, +0.7563, +0.7710, +0.7642, +0.7464, +0.7805, +0.7693, +0.7842, +0.7606, +0.7530, +0.7767, +0.7650, +0.7599, +0.7397, +0.7561, +0.7719, +0.7714, +0.7474, +0.7639, +0.7746, +0.7532, +0.7629, +0.7735, +0.7657, +0.7856, +0.7453, +0.7397, +0.7437, +0.7598, +0.7651, +0.7743, +0.7663, +0.7529, +0.7653, +0.7475, +0.7667, +0.7515, +0.7375, +0.7456, +0.7539, +0.7441, +0.7469, +0.7473, +0.7379, +0.7585, +0.7472, +0.7636, +0.7446, +0.7480, +0.7418, +0.7564, +0.7201, +0.7159, +0.7273, +0.7347, +0.7290, +0.7444, +0.7518, +0.7468, +0.7439, +0.7402, +0.7533, +0.7541, +0.7309, +0.7354, +0.7306, +0.7520, +0.7460, +0.7292, +0.7235, +0.7350, +0.7568, +0.7472, +0.7508, +0.7342, +0.7566, +0.7323, +0.7313, +0.7358, +0.7320, +0.7228, +0.7267, +0.7478, +0.7547, +0.7360, +0.7230, +0.7235, +0.7327, +0.7245, +0.7281, +0.7332, +0.7466, +0.7401, +0.7476, +0.7342, +0.7358, +0.7404, +0.7370, +0.7363, +0.7496, +0.7390, +0.7484, +0.7349, +0.7574, +0.7506, +0.7460, +0.7273, +0.7412, +0.7278, +0.7195, +0.7173, +0.7292, +0.7225, +0.7450, +0.7325, +0.7496, +0.7237, +0.7324, +0.7379, +0.7430, +0.7445, +0.7372, +0.7396, +0.7483, +0.7450, +0.7604, +0.7470, +0.7276, +0.7355, +0.7280, +0.7459, +0.7367, +0.7595, +0.7479, +0.7286, +0.7415, +0.7459, +0.7497, +0.7534, +0.7546, +0.7476, +0.7383, +0.7498, +0.7479, +0.7400, +0.7584, +0.7470, +0.7631, +0.7654, +0.7501, +0.7405, +0.7351, +0.7285, +0.7308, +0.7321, +0.7289, +0.7383, +0.7437, +0.7482, +0.7317, +0.7338, +0.7500, +0.7482, +0.7584, +0.7341, +0.7460, +0.7620, +0.7474, +0.7386, +0.7481, +0.7237, +0.7518, +0.7334, +0.7281, +0.7434, +0.7430, +0.7472, +0.7380, +0.7475, +0.7585, +0.7574, +0.7374, +0.7376, +0.7431, +0.7502, +0.7504, +0.7503, +0.7425, +0.7560, +0.7620, +0.7403, +0.7408, +0.7526, +0.7371, +0.7286, +0.7445, +0.7561]
                entropy_t0: [+0.0000, +0.0000, +0.0000, +0.0000, +0.0000, +0.0000, +0.0000, +0.0000, +0.0000, +0.0000, +0.0000, +0.0000, +0.0000, +0.0000, +0.0000, +0.0000, +0.0000, +0.0000, +0.0000, +0.0000, +0.0000, +0.0000, +0.0000, +0.0000, +0.0000, +0.0000, +0.0000, +0.0000, +0.0000, +0.0000, +0.0000, +0.0000, +0.0000, +0.0000, +0.0000, +0.0000, +0.0000, +0.0000, +0.0000, +0.0000, +0.0000, +0.0000, +0.0000, +0.0000, +0.0000, +0.0000, +0.0000, +0.0000, +0.0000, +0.0000, +0.0000, +0.0000, +0.0000, +0.0000, +0.0000, +0.0000, +0.0000, +0.0000, +0.0000, +0.0000, +0.0000, +0.0000, +0.0000, +0.0000, +0.0000, +0.0000, +0.0000, +0.0000, +0.0000, +0.0000, +0.0000, +0.0000, +0.0000, +0.0000, +0.0000, +0.0000, +0.0000, +0.0000, +0.0000, +0.0000, +0.0000, +0.0000, +0.0000, +0.0000, +0.0000, +0.0000, +0.0000, +0.0000, +0.0000, +0.0000, +0.0000, +0.0000, +0.0000, +0.0000, +0.0000, +0.0000, +0.0000, +0.0000, +0.0000, +0.0000, +0.0000, +0.0000, +0.0000, +0.0000, +0.0000, +0.0000, +0.0000, +0.0000, +0.0000, +0.0000, +0.0000, +0.0000, +0.0000, +0.0000, +0.0000, +0.0000, +0.0000, +0.0000, +0.0000, +0.0000, +0.0000, +0.0000, +0.0000, +0.0000, +0.0000, +0.0000, +0.0000, +0.0000, +0.0000, +0.0000, +0.0000, +0.0000, +0.0000, +0.0000, +0.0000, +0.0000, +0.0000, +0.0000, +0.0000, +0.0000, +0.0000, +0.0000, +0.0000, +0.0000, +0.0000, +0.0000, +0.0000, +0.0000, +0.0000, +0.0000, +0.0000, +0.0000, +0.0000, +0.0000, +0.0000, +0.0000, +0.0000, +0.0000, +0.0000, +0.0000, +0.0000, +0.0000, +0.0000, +0.0000, +0.0000, +0.0000, +0.0000, +0.0000, +0.0000, +0.0000, +0.0000, +0.0000, +0.0000, +0.0000, +0.0000, +0.0000, +0.0000, +0.0000, +0.0000, +0.0000, +0.0000, +0.0000, +0.0000, +0.0000, +0.0000, +0.0000, +0.0000, +0.0000, +0.0000, +0.0000, +0.0000, +0.0000, +0.0000, +0.0000, +0.0000, +0.0000, +0.0000, +0.0000, +0.0000, +0.0000, +0.0000, +0.0000, +0.0000, +0.0000, +0.0000, +0.0000, +0.0000, +0.0000, +0.0000, +0.0000, +0.0000, +0.0000, +0.0000, +0.0000, +0.0000, +0.0000, +0.0000, +0.0000, +0.0000, +0.0000, +0.0000, +0.0000, +0.0000, +0.0000, +0.0000, +0.0000, +0.0000, +0.0000, +0.0000, +0.0000, +0.0000, +0.0000, +0.0000, +0.0000, +0.0000, +0.0000, +0.0000, +0.0000, +0.0000, +0.0000, +0.0000, +0.0000, +0.0000, +0.0000, +0.0000, +0.0000, +0.0000, +0.0000, +0.0000, +0.0000, +0.0000, +0.0000, +0.0000, +0.0000, +0.0000, +0.0000, +0.0000, +0.0000, +0.0000, +0.0000, +0.0000, +0.0000, +0.0000, +0.0000, +0.0000, +0.0000, +0.0000, +0.0000, +0.0000, +0.0000, +0.0000, +0.0000, +0.0000, +0.0000, +0.0000, +0.0000, +0.0000, +0.0000, +0.0000, +0.0000, +0.0000, +0.0000, +0.0000, +0.0000, +0.0000, +0.0000, +0.0000, +0.0000, +0.0000, +0.0000, +0.0000, +0.0000, +0.0000, +0.0000, +0.0000, +0.0000, +0.0000, +0.0000, +0.0000, +0.0000, +0.0000, +0.0000, +0.0000, +0.0000, +0.0000, +0.0000, +0.0000, +0.0000, +0.0000, +0.0000, +0.0000, +0.0000, +0.0000, +0.0000, +0.0000, +0.0000, +0.0000, +0.0000, +0.0000, +0.0000, +0.0000, +0.0000, +0.0000, +0.0000, +0.0000, +0.0000, +0.0000, +0.0000, +0.0000, +0.0000, +0.0000, +0.0000, +0.0000, +0.0000, +0.0000, +0.0000, +0.0000, +0.0000, +0.0000, +0.0000, +0.0000, +0.0000, +0.0000, +0.0000, +0.0000, +0.0000, +0.0000, +0.0000, +0.0000, +0.0000, +0.0000, +0.0000, +0.0000, +0.0000, +0.0000, +0.0000, +0.0000, +0.0000, +0.0000, +0.0000, +0.0000, +0.0000, +0.0000, +0.0000, +0.0000, +0.0000, +0.0000, +0.0000, +0.0000, +0.0000, +0.0000, +0.0000, +0.0000, +0.0000, +0.0000, +0.0000, +0.0000, +0.0000, +0.0000, +0.0000, +0.0000, +0.0000, +0.0000, +0.0000, +0.0000, +0.0000, +0.0000, +0.0000, +0.0000, +0.0000, +0.0000, +0.0000, +0.0000, +0.0000, +0.0000, +0.0000, +0.0000, +0.0000, +0.0000, +0.0000, +0.0000, +0.0000, +0.0000, +0.0000, +0.0000, +0.0000, +0.0000, +0.0000, +0.0000, +0.0000, +0.0000, +0.0000, +0.0000, +0.0000, +0.0000, +0.0000, +0.0000, +0.0000, +0.0000, +0.0000, +0.0000, +0.0000, +0.0000, +0.0000, +0.0000, +0.0000, +0.0000, +0.0000, +0.0000, +0.0000, +0.0000, +0.0000, +0.0000, +0.0000, +0.0000, +0.0000, +0.0000, +0.0000, +0.0000, +0.0000, +0.0000, +0.0000, +0.0000, +0.0000, +0.0000, +0.0000, +0.0000, +0.0000, +0.0000, +0.0000, +0.0000, +0.0000, +0.0000, +0.0000, +0.0000, +0.0000, +0.0000, +0.0000, +0.0000, +0.0000, +0.0000, +0.0000, +0.0000, +0.0000, +0.0000, +0.0000, +0.0000, +0.0000, +0.0000, +0.0000, +0.0000, +0.0000, +0.0000, +0.0000, +0.0000, +0.0000, +0.0000, +0.0000, +0.0000, +0.0000, +0.0000, +0.0000, +0.0000, +0.0000, +0.0000, +0.0000, +0.0000, +0.0000, +0.0000, +0.0000, +0.0000, +0.0000, +0.0000, +0.0000, +0.0000, +0.0000, +0.0000, +0.0000, +0.0000, +0.0000, +0.0000, +0.0000, +0.0000, +0.0000, +0.0000, +0.0000, +0.0000, +0.0000, +0.0000, +0.0000, +0.0000, +0.0000, +0.0000, +0.0000, +0.0000, +0.0000, +0.0000, +0.0000, +0.0000, +0.0000, +0.0000, +0.0000, +0.0000, +0.0000, +0.0000, +0.0000, +0.0000, +0.0000, +0.0000, +0.0000, +0.0000, +0.0000, +0.0000, +0.0000, +0.0000, +0.0000, +0.0000, +0.0000, +0.0000, +0.0000, +0.0000, +0.0000, +0.0000, +0.0000, +0.0000, +0.0000, +0.0000, +0.0000, +0.0000, +0.0000, +0.0000, +0.0000, +0.0000, +0.0000, +0.0000, +0.0000, +0.0000, +0.0000, +0.0000, +0.0000, +0.0000, +0.0000, +0.0000, +0.0000, +0.0000, +0.0000, +0.0000, +0.0000, +0.0000, +0.0000, +0.0000, +0.0000, +0.0000, +0.0000, +0.0000, +0.0000, +0.0000, +0.0000, +0.0000, +0.0000, +0.0000, +0.0000, +0.0000, +0.0000, +0.0000, +0.0000, +0.0000, +0.0000, +0.0000, +0.0000, +0.0000, +0.0000, +0.0000, +0.0000, +0.0000, +0.0000, +0.0000, +0.0000, +0.0000, +0.0000, +0.0000, +0.0000, +0.0000, +0.0000, +0.0000, +0.0000, +0.0000, +0.0000, +0.0000, +0.0000, +0.0000, +0.0000, +0.0000, +0.0000, +0.0000, +0.0000, +0.0000, +0.0000, +0.0000, +0.0000, +0.0000, +0.0000, +0.0000, +0.0000, +0.0000, +0.0000, +0.0000, +0.0000, +0.0000, +0.0000, +0.0000, +0.0000, +0.0000, +0.0000, +0.0000, +0.0000, +0.0000, +0.0000, +0.0000, +0.0000, +0.0000, +0.0000, +0.0000, +0.0000, +0.0000, +0.0000, +0.0000, +0.0000, +0.0000, +0.0000, +0.0000, +0.0000, +0.0000, +0.0000, +0.0000, +0.0000, +0.0000, +0.0000, +0.0000, +0.0000, +0.0000, +0.0000, +0.0000, +0.0000, +0.0000, +0.0000, +0.0000, +0.0000, +0.0000, +0.0000, +0.0000, +0.0000, +0.0000, +0.0000, +0.0000, +0.0000, +0.0000, +0.0000, +0.0000, +0.0000, +0.0000, +0.0000, +0.0000, +0.0000, +0.0000, +0.0000, +0.0000, +0.0000, +0.0000, +0.0000, +0.0000, +0.0000, +0.0000, +0.0000, +0.0000, +0.0000, +0.0000, +0.0000, +0.0000, +0.0000, +0.0000, +0.0000, +0.0000, +0.0000, +0.0000, +0.0000, +0.0000, +0.0000, +0.0000, +0.0000, +0.0000, +0.0000, +0.0000, +0.0000, +0.0000, +0.0000, +0.0000, +0.0000, +0.0000, +0.0000, +0.0000, +0.0000, +0.0000, +0.0000, +0.0000, +0.0000, +0.0000, +0.0000, +0.0000, +0.0000, +0.0000, +0.0000, +0.0000, +0.0000, +0.0000, +0.0000, +0.0000, +0.0000, +0.0000, +0.0000, +0.0000, +0.0000, +0.0000, +0.0000, +0.0000, +0.0000, +0.0000, +0.0000, +0.0000, +0.0000, +0.0000, +0.0000, +0.0000, +0.0000, +0.0000, +0.0000, +0.0000, +0.0000, +0.0000, +0.0000, +0.0000, +0.0000, +0.0000, +0.0000, +0.0000, +0.0000, +0.0000, +0.0000, +0.0000, +0.0000, +0.0000, +0.0000, +0.0000, +0.0000, +0.0000, +0.0000, +0.0000, +0.0000, +0.0000, +0.0000, +0.0000, +0.0000, +0.0000, +0.0000, +0.0000, +0.0000, +0.0000, +0.0000, +0.0000, +0.0000, +0.0000, +0.0000, +0.0000, +0.0000, +0.0000, +0.0000, +0.0000, +0.0000, +0.0000, +0.0000, +0.0000, +0.0000, +0.0000, +0.0000, +0.0000, +0.0000, +0.0000, +0.0000, +0.0000, +0.0000, +0.0000, +0.0000, +0.0000, +0.0000, +0.0000, +0.0000, +0.0000, +0.0000, +0.0000, +0.0000, +0.0000, +0.0000, +0.0000, +0.0000, +0.0000, +0.0000, +0.0000, +0.0000, +0.0000, +0.0000, +0.0000, +0.0000, +0.0000, +0.0000, +0.0000, +0.0000, +0.0000, +0.0000, +0.0000, +0.0000, +0.0000, +0.0000, +0.0000, +0.0000, +0.0000, +0.0000, +0.0000, +0.0000, +0.0000, +0.0000, +0.0000, +0.0000, +0.0000, +0.0000, +0.0000, +0.0000, +0.0000, +0.0000, +0.0000, +0.0000, +0.0000, +0.0000, +0.0000, +0.0000, +0.0000, +0.0000, +0.0000, +0.0000, +0.0000, +0.0000, +0.0000, +0.0000, +0.0000, +0.0000, +0.0000, +0.0000, +0.0000, +0.0000, +0.0000, +0.0000, +0.0000, +0.0000, +0.0000, +0.0000, +0.0000, +0.0000, +0.0000, +0.0000, +0.0000, +0.0000, +0.0000, +0.0000, +0.0000, +0.0000, +0.0000, +0.0000, +0.0000, +0.0000, +0.0000, +0.0000, +0.0000, +0.0000, +0.0000, +0.0000, +0.0000, +0.0000, +0.0000, +0.0000, +0.0000, +0.0000, +0.0000, +0.0000, +0.0000, +0.0000, +0.0000]
              entropy_tge1: [+2.3017, +2.2874, +2.2507, +2.2343, +2.2269, +2.2245, +2.2120, +2.1730, +2.1306, +2.0810, +2.0217, +1.9901, +1.9717, +1.9463, +1.9152, +1.8875, +1.8655, +1.8590, +1.8586, +1.8254, +1.8398, +1.8117, +1.7688, +1.7068, +1.7032, +1.6762, +1.6308, +1.5896, +1.5572, +1.5216, +1.5079, +1.4790, +1.4375, +1.4001, +1.3784, +1.3445, +1.3312, +1.3361, +1.3163, +1.2549, +1.2536, +1.2412, +1.2320, +1.2194, +1.2090, +1.2073, +1.2136, +1.2269, +1.2348, +1.2288, +1.2157, +1.2289, +1.1811, +1.2013, +1.2069, +1.1981, +1.2070, +1.2213, +1.2283, +1.1864, +1.1955, +1.2129, +1.2151, +1.1807, +1.1757, +1.1155, +1.1572, +1.1681, +1.1752, +1.1856, +1.1804, +1.2178, +1.2064, +1.2338, +1.1552, +1.1579, +1.1330, +1.1304, +1.1323, +1.1316, +1.1383, +1.1018, +1.0872, +1.0894, +1.1170, +1.0874, +1.0865, +1.0822, +1.0915, +1.1374, +1.1367, +1.1639, +1.1380, +1.1258, +1.1797, +1.1423, +1.0913, +1.1090, +1.1053, +1.0590, +1.0946, +1.1563, +1.1356, +1.2096, +1.1520, +1.1455, +1.1732, +1.1805, +1.1632, +1.1785, +1.1963, +1.1800, +1.2143, +1.1927, +1.2156, +1.1976, +1.1983, +1.2006, +1.1903, +1.2212, +1.2328, +1.2262, +1.2248, +1.2218, +1.2342, +1.2360, +1.2499, +1.2251, +1.2053, +1.1837, +1.1929, +1.2217, +1.1943, +1.1859, +1.2456, +1.2295, +1.2199, +1.2010, +1.1831, +1.1892, +1.1955, +1.2056, +1.1956, +1.2422, +1.2246, +1.2052, +1.1891, +1.1769, +1.1947, +1.1708, +1.1522, +1.1736, +1.1845, +1.1939, +1.2057, +1.1673, +1.1641, +1.1663, +1.1702, +1.1813, +1.2139, +1.2052, +1.2234, +1.2198, +1.1987, +1.2108, +1.1850, +1.1834, +1.2317, +1.2296, +1.2175, +1.2209, +1.2879, +1.2322, +1.2544, +1.2328, +1.2173, +1.2109, +1.2049, +1.2044, +1.2110, +1.2312, +1.2005, +1.1995, +1.1994, +1.1481, +1.1686, +1.2177, +1.1827, +1.1704, +1.1961, +1.1583, +1.1515, +1.1511, +1.1642, +1.1737, +1.1674, +1.1893, +1.1781, +1.1713, +1.2119, +1.2095, +1.2028, +1.1951, +1.2183, +1.2154, +1.2217, +1.2367, +1.2312, +1.1826, +1.1902, +1.2007, +1.2050, +1.1908, +1.2066, +1.2103, +1.2011, +1.2004, +1.1990, +1.2018, +1.2162, +1.2285, +1.2222, +1.2022, +1.2019, +1.1840, +1.2030, +1.1855, +1.2027, +1.1859, +1.2150, +1.2223, +1.2031, +1.1982, +1.1909, +1.2082, +1.2102, +1.2014, +1.1933, +1.2097, +1.2102, +1.1849, +1.1938, +1.2083, +1.1754, +1.1712, +1.1768, +1.1811, +1.2132, +1.1897, +1.1967, +1.1872, +1.2053, +1.2051, +1.1791, +1.1772, +1.1836, +1.2042, +1.1899, +1.2012, +1.1892, +1.2103, +1.2248, +1.2239, +1.1979, +1.2064, +1.2143, +1.2279, +1.2112, +1.2220, +1.2066, +1.2143, +1.2021, +1.1675, +1.1918, +1.1899, +1.2002, +1.1980, +1.2001, +1.1761, +1.1617, +1.1798, +1.1753, +1.1989, +1.1884, +1.1736, +1.2046, +1.2053, +1.2044, +1.2137, +1.2014, +1.1983, +1.1946, +1.2008, +1.2050, +1.2014, +1.1818, +1.1929, +1.1704, +1.1579, +1.1843, +1.1809, +1.1843, +1.1901, +1.1718, +1.1744, +1.1981, +1.2010, +1.2262, +1.1949, +1.2086, +1.1898, +1.1839, +1.1905, +1.1845, +1.1860, +1.2038, +1.1974, +1.1842, +1.2003, +1.2117, +1.1683, +1.1571, +1.1840, +1.1442, +1.1551, +1.1332, +1.1413, +1.1510, +1.1668, +1.1691, +1.1720, +1.1699, +1.1990, +1.1543, +1.1387, +1.1585, +1.1652, +1.1597, +1.1739, +1.1585, +1.1506, +1.1627, +1.1661, +1.1712, +1.1778, +1.1881, +1.1866, +1.1705, +1.1871, +1.1688, +1.1405, +1.1467, +1.1568, +1.1611, +1.1664, +1.1590, +1.1594, +1.1570, +1.1454, +1.1287, +1.1369, +1.1339, +1.1330, +1.1423, +1.1383, +1.1392, +1.1344, +1.1223, +1.1170, +1.1267, +1.1331, +1.1232, +1.1329, +1.1211, +1.1045, +1.1247, +1.1111, +1.0932, +1.1124, +1.1029, +1.1097, +1.1130, +1.1125, +1.1043, +1.1139, +1.1147, +1.1194, +1.1199, +1.1237, +1.1045, +1.1184, +1.1134, +1.1227, +1.1122, +1.1150, +1.1219, +1.1039, +1.0944, +1.1076, +1.0865, +1.0973, +1.1124, +1.0972, +1.0883, +1.0890, +1.0918, +1.0911, +1.0705, +1.0921, +1.0760, +1.0877, +1.0776, +1.0840, +1.0669, +1.0828, +1.0737, +1.0709, +1.0733, +1.0663, +1.0686, +1.0724, +1.0805, +1.0685, +1.0679, +1.0716, +1.0443, +1.0642, +1.0525, +1.0696, +1.1016, +1.0776, +1.0733, +1.0629, +1.0518, +1.0850, +1.0581, +1.0532, +1.0575, +1.0549, +1.0403, +1.0412, +1.0539, +1.0428, +1.0466, +1.0453, +1.0457, +1.0694, +1.0809, +1.0582, +1.0680, +1.0683, +1.0679, +1.0708, +1.0296, +1.0403, +1.0108, +1.0243, +1.0525, +1.0395, +1.0353, +1.0280, +1.0407, +1.0344, +1.0479, +1.0427, +1.0431, +1.0382, +1.0358, +1.0245, +0.9986, +1.0121, +1.0307, +1.0284, +1.0410, +1.0321, +1.0210, +1.0184, +1.0140, +1.0237, +1.0156, +1.0183, +1.0146, +1.0182, +0.9980, +1.0097, +1.0021, +1.0107, +1.0024, +1.0096, +1.0223, +1.0033, +1.0069, +1.0170, +1.0278, +0.9948, +1.0064, +1.0146, +1.0214, +1.0090, +1.0051, +0.9988, +0.9901, +0.9778, +0.9914, +1.0104, +1.0009, +0.9867, +1.0093, +0.9888, +0.9845, +0.9871, +0.9809, +0.9883, +1.0009, +0.9885, +0.9925, +0.9822, +0.9867, +0.9824, +0.9994, +1.0008, +0.9969, +0.9888, +0.9768, +0.9677, +0.9779, +0.9871, +0.9610, +0.9740, +1.0075, +0.9780, +0.9988, +0.9805, +0.9777, +0.9839, +0.9913, +0.9838, +0.9630, +0.9896, +0.9874, +0.9714, +0.9675, +0.9559, +0.9523, +0.9560, +0.9524, +0.9616, +0.9372, +0.9690, +0.9448, +0.9690, +0.9571, +0.9622, +0.9347, +0.9297, +0.9361, +0.9286, +0.9243, +0.9308, +0.9269, +0.9329, +0.9401, +0.9670, +0.9421, +0.9324, +0.9414, +0.9459, +0.9512, +0.9471, +0.9473, +0.9549, +0.9421, +0.9393, +0.9278, +0.9339, +0.9346, +0.9259, +0.9217, +0.9319, +0.9147, +0.9368, +0.9421, +0.9413, +0.9598, +0.9579, +0.9460, +0.9188, +0.9184, +0.9331, +0.9606, +0.9321, +0.9324, +0.9275, +0.9161, +0.9160, +0.9158, +0.8894, +0.8953, +0.9069, +0.9058, +0.9043, +0.9064, +0.9080, +0.9138, +0.9046, +0.8987, +0.9134, +0.9056, +0.8966, +0.9038, +0.9017, +0.8901, +0.8929, +0.8934, +0.8956, +0.8901, +0.9165, +0.9011, +0.8941, +0.8884, +0.8929, +0.8792, +0.8744, +0.8770, +0.8862, +0.8866, +0.8865, +0.8850, +0.8804, +0.8590, +0.8616, +0.8658, +0.8792, +0.8756, +0.8784, +0.8853, +0.8722, +0.8574, +0.8674, +0.8523, +0.8789, +0.8710, +0.8784, +0.8717, +0.8638, +0.8787, +0.8637, +0.8370, +0.8492, +0.8643, +0.8599, +0.8729, +0.8619, +0.8404, +0.8470, +0.8338, +0.8420, +0.8543, +0.8647, +0.8512, +0.8579, +0.8597, +0.8712, +0.8659, +0.8492, +0.8530, +0.8326, +0.8417, +0.8402, +0.8594, +0.8633, +0.8544, +0.8470, +0.8443, +0.8446, +0.8308, +0.8246, +0.8217, +0.8474, +0.8355, +0.8482, +0.8528, +0.8485, +0.8474, +0.8460, +0.8412, +0.8250, +0.8343, +0.8158, +0.8309, +0.8380, +0.8311, +0.8206, +0.8323, +0.8153, +0.8292, +0.8198, +0.8150, +0.8289, +0.8363, +0.8030, +0.8123, +0.8070, +0.8154, +0.8251, +0.8139, +0.8297, +0.7964, +0.7900, +0.8014, +0.8202, +0.7998, +0.8274, +0.8233, +0.7802, +0.7973, +0.8067, +0.7930, +0.7772, +0.7928, +0.7861, +0.7677, +0.8031, +0.7913, +0.8062, +0.7822, +0.7741, +0.7993, +0.7868, +0.7813, +0.7599, +0.7776, +0.7928, +0.7930, +0.7691, +0.7851, +0.7955, +0.7747, +0.7848, +0.7946, +0.7868, +0.8065, +0.7663, +0.7610, +0.7652, +0.7809, +0.7875, +0.7966, +0.7877, +0.7743, +0.7866, +0.7679, +0.7879, +0.7721, +0.7581, +0.7674, +0.7749, +0.7651, +0.7684, +0.7693, +0.7591, +0.7797, +0.7687, +0.7847, +0.7650, +0.7686, +0.7628, +0.7774, +0.7405, +0.7362, +0.7484, +0.7558, +0.7498, +0.7659, +0.7722, +0.7679, +0.7639, +0.7605, +0.7742, +0.7754, +0.7517, +0.7564, +0.7515, +0.7734, +0.7677, +0.7505, +0.7441, +0.7562, +0.7781, +0.7683, +0.7718, +0.7549, +0.7774, +0.7532, +0.7530, +0.7566, +0.7516, +0.7429, +0.7469, +0.7682, +0.7754, +0.7571, +0.7431, +0.7438, +0.7539, +0.7451, +0.7492, +0.7542, +0.7681, +0.7610, +0.7687, +0.7546, +0.7569, +0.7615, +0.7573, +0.7566, +0.7714, +0.7597, +0.7695, +0.7564, +0.7786, +0.7715, +0.7675, +0.7476, +0.7621, +0.7486, +0.7394, +0.7388, +0.7499, +0.7432, +0.7663, +0.7542, +0.7707, +0.7450, +0.7536, +0.7578, +0.7643, +0.7657, +0.7581, +0.7598, +0.7690, +0.7660, +0.7813, +0.7684, +0.7487, +0.7557, +0.7480, +0.7666, +0.7577, +0.7807, +0.7693, +0.7497, +0.7630, +0.7672, +0.7707, +0.7758, +0.7754, +0.7683, +0.7589, +0.7710, +0.7684, +0.7608, +0.7797, +0.7688, +0.7840, +0.7870, +0.7710, +0.7617, +0.7564, +0.7496, +0.7518, +0.7531, +0.7505, +0.7596, +0.7651, +0.7696, +0.7520, +0.7539, +0.7707, +0.7689, +0.7806, +0.7562, +0.7673, +0.7840, +0.7681, +0.7594, +0.7693, +0.7445, +0.7731, +0.7549, +0.7503, +0.7650, +0.7644, +0.7689, +0.7592, +0.7686, +0.7801, +0.7785, +0.7568, +0.7577, +0.7647, +0.7713, +0.7718, +0.7710, +0.7638, +0.7777, +0.7831, +0.7608, +0.7621, +0.7743, +0.7578, +0.7490, +0.7654, +0.7779]
         initial_alloc_red: [+0.4816, +0.4974, +0.4968, +0.4867, +0.5120, +0.5224, +0.5139, +0.4915, +0.4914, +0.5230, +0.5033, +0.5215, +0.5054, +0.4898, +0.4847, +0.5362, +0.4765, +0.5026, +0.4864, +0.5338, +0.4730, +0.4987, +0.4983, +0.5079, +0.5174, +0.5078, +0.5309, +0.4856, +0.5105, +0.4966, +0.4626, +0.4765, +0.5171, +0.4982, +0.5046, +0.4818, +0.5022, +0.4883, +0.5139, +0.4944, +0.5069, +0.5253, +0.5092, +0.5161, +0.4841, +0.4843, +0.5007, +0.5106, +0.4989, +0.5008, +0.4923, +0.4918, +0.4929, +0.5010, +0.4789, +0.4858, +0.5116, +0.5092, +0.5174, +0.5082, +0.5016, +0.4818, +0.4948, +0.4864, +0.4969, +0.5014, +0.4926, +0.5070, +0.4844, +0.4753, +0.5197, +0.5167, +0.4828, +0.5067, +0.5162, +0.5150, +0.5019, +0.4957, +0.4806, +0.4918, +0.5102, +0.5024, +0.5202, +0.4983, +0.4919, +0.4993, +0.4924, +0.4948, +0.5072, +0.5176, +0.5014, +0.4953, +0.4956, +0.4930, +0.4923, +0.5177, +0.5168, +0.5000, +0.5033, +0.5076, +0.5094, +0.5141, +0.4949, +0.5062, +0.5081, +0.4816, +0.4939, +0.5043, +0.4882, +0.4950, +0.4776, +0.4935, +0.5030, +0.5149, +0.5016, +0.5220, +0.4861, +0.4571, +0.5000, +0.5096, +0.4949, +0.4984, +0.4953, +0.4934, +0.5098, +0.4890, +0.5260, +0.5017, +0.5113, +0.5056, +0.5000, +0.4976, +0.5212, +0.4899, +0.5073, +0.5269, +0.5062, +0.5074, +0.5061, +0.4939, +0.4817, +0.5089, +0.4948, +0.5039, +0.5038, +0.5016, +0.4947, +0.5217, +0.4797, +0.5126, +0.4877, +0.5035, +0.5011, +0.5103, +0.5020, +0.5057, +0.5133, +0.5041, +0.5085, +0.4828, +0.4946, +0.5097, +0.5030, +0.5010, +0.4916, +0.4842, +0.5036, +0.5016, +0.4970, +0.5024, +0.4958, +0.4891, +0.5104, +0.5107, +0.4825, +0.5024, +0.4756, +0.4942, +0.4855, +0.4929, +0.5051, +0.4714, +0.5054, +0.5250, +0.4846, +0.5112, +0.5051, +0.4965, +0.4965, +0.4890, +0.4970, +0.5047, +0.4820, +0.4939, +0.5206, +0.4897, +0.4969, +0.5106, +0.5161, +0.4839, +0.5200, +0.4905, +0.4985, +0.5102, +0.4944, +0.4631, +0.5160, +0.5067, +0.5013, +0.5018, +0.4950, +0.5044, +0.4990, +0.5134, +0.5218, +0.4905, +0.5057, +0.5120, +0.4977, +0.5056, +0.4914, +0.4901, +0.4967, +0.5048, +0.5129, +0.4868, +0.4946, +0.4932, +0.4991, +0.4953, +0.5275, +0.4934, +0.5158, +0.5095, +0.5046, +0.5161, +0.5130, +0.5150, +0.5062, +0.5104, +0.5056, +0.4979, +0.4949, +0.5117, +0.4844, +0.4858, +0.5032, +0.5109, +0.5087, +0.5102, +0.5013, +0.5081, +0.5202, +0.4770, +0.4891, +0.4794, +0.4939, +0.4968, +0.4951, +0.4972, +0.4863, +0.5031, +0.5025, +0.5007, +0.4971, +0.4901, +0.4981, +0.5141, +0.4775, +0.5071, +0.4904, +0.4958, +0.5189, +0.5026, +0.4911, +0.4930, +0.4865, +0.5006, +0.4927, +0.5093, +0.4854, +0.5095, +0.4886, +0.5191, +0.5203, +0.5046, +0.4656, +0.4943, +0.5153, +0.4932, +0.5101, +0.4935, +0.5054, +0.5225, +0.5105, +0.5122, +0.4833, +0.5149, +0.5048, +0.4963, +0.5142, +0.5220, +0.5142, +0.5003, +0.4917, +0.5126, +0.5227, +0.4831, +0.5276, +0.5135, +0.5344, +0.5088, +0.4944, +0.5052, +0.4960, +0.5003, +0.5097, +0.4932, +0.5123, +0.5007, +0.4980, +0.4956, +0.5102, +0.5140, +0.4949, +0.5003, +0.4935, +0.5051, +0.5203, +0.4948, +0.4800, +0.4879, +0.5113, +0.4870, +0.5079, +0.4944, +0.4944, +0.5099, +0.5016, +0.4862, +0.5069, +0.4967, +0.4964, +0.4941, +0.5112, +0.5037, +0.5220, +0.4774, +0.5252, +0.5179, +0.5213, +0.5172, +0.4810, +0.4967, +0.5035, +0.4988, +0.4838, +0.5088, +0.4932, +0.5077, +0.4953, +0.4782, +0.4949, +0.4937, +0.5003, +0.4962, +0.4928, +0.4945, +0.5147, +0.4955, +0.4984, +0.5029, +0.5021, +0.5251, +0.5161, +0.4922, +0.4915, +0.4905, +0.5048, +0.5148, +0.5049, +0.5175, +0.4912, +0.5018, +0.5177, +0.5027, +0.4903, +0.5103, +0.4966, +0.4779, +0.5029, +0.5009, +0.4824, +0.4908, +0.4997, +0.5037, +0.5090, +0.5169, +0.5060, +0.4972, +0.5068, +0.4956, +0.4936, +0.4959, +0.4739, +0.5102, +0.4917, +0.4875, +0.4970, +0.5144, +0.4997, +0.5085, +0.5099, +0.5080, +0.5237, +0.4994, +0.5070, +0.5206, +0.5111, +0.4750, +0.4930, +0.5197, +0.5182, +0.5130, +0.4836, +0.4919, +0.5050, +0.4896, +0.4922, +0.4939, +0.5055, +0.4801, +0.4932, +0.5132, +0.5041, +0.5042, +0.4861, +0.5122, +0.5012, +0.4788, +0.4780, +0.5100, +0.4904, +0.5033, +0.4837, +0.4858, +0.5003, +0.5079, +0.5056, +0.5127, +0.4893, +0.4925, +0.4893, +0.4908, +0.4928, +0.5048, +0.5222, +0.4973, +0.5060, +0.5126, +0.5104, +0.4976, +0.4646, +0.5140, +0.4912, +0.4878, +0.4978, +0.5019, +0.4815, +0.5017, +0.4963, +0.5118, +0.4919, +0.5088, +0.5012, +0.4906, +0.5064, +0.5025, +0.5162, +0.5075, +0.4970, +0.5110, +0.5044, +0.4901, +0.5051, +0.5324, +0.4853, +0.4711, +0.4822, +0.5045, +0.5108, +0.4923, +0.5107, +0.5000, +0.4804, +0.4994, +0.4741, +0.5021, +0.4817, +0.4881, +0.5055, +0.5118, +0.4866, +0.4985, +0.5003, +0.5044, +0.5238, +0.4966, +0.5027, +0.5165, +0.5074, +0.4966, +0.4961, +0.5129, +0.5155, +0.5090, +0.4889, +0.4811, +0.4994, +0.5170, +0.5009, +0.4869, +0.4884, +0.4848, +0.5064, +0.4705, +0.5015, +0.5003, +0.5183, +0.5195, +0.4856, +0.5020, +0.4985, +0.5012, +0.5074, +0.5009, +0.4796, +0.4991, +0.4965, +0.5064, +0.4902, +0.5132, +0.5026, +0.5092, +0.4797, +0.4879, +0.5152, +0.4988, +0.4948, +0.4994, +0.4940, +0.5059, +0.5088, +0.4843, +0.5076, +0.4903, +0.5114, +0.5133, +0.5266, +0.5273, +0.5109, +0.5075, +0.4988, +0.4929, +0.4799, +0.4997, +0.4792, +0.4834, +0.5182, +0.4994, +0.5066, +0.5006, +0.5034, +0.4701, +0.5054, +0.5245, +0.5126, +0.4891, +0.5028, +0.5150, +0.4839, +0.5163, +0.4887, +0.5015, +0.4994, +0.5124, +0.5104, +0.5259, +0.4883, +0.4991, +0.4979, +0.5020, +0.5026, +0.4737, +0.5141, +0.5079, +0.5167, +0.5063, +0.4769, +0.5051, +0.5070, +0.5148, +0.5072, +0.5162, +0.4874, +0.5164, +0.5044, +0.5095, +0.4956, +0.5006, +0.5040, +0.5088, +0.5047, +0.5102, +0.5155, +0.5086, +0.5014, +0.4952, +0.4864, +0.5060, +0.4988, +0.5126, +0.5058, +0.5157, +0.5023, +0.5034, +0.5192, +0.5014, +0.4970, +0.5165, +0.5100, +0.4922, +0.4846, +0.5141, +0.4977, +0.4972, +0.4845, +0.4923, +0.5079, +0.5080, +0.5115, +0.5064, +0.4877, +0.4957, +0.4960, +0.5091, +0.5084, +0.4938, +0.5054, +0.5041, +0.5232, +0.4948, +0.5006, +0.5039, +0.4679, +0.5176, +0.4907, +0.5026, +0.4834, +0.5040, +0.5000, +0.5171, +0.4894, +0.4849, +0.5062, +0.5000, +0.4887, +0.4897, +0.4980, +0.5194, +0.5088, +0.4882, +0.5020, +0.4785, +0.5065, +0.5046, +0.5069, +0.5070, +0.5014, +0.4869, +0.4783, +0.5034, +0.5018, +0.4911, +0.4947, +0.4909, +0.4669, +0.4916, +0.4692, +0.4825, +0.5124, +0.4821, +0.5023, +0.5014, +0.5227, +0.5220, +0.5100, +0.5024, +0.5008, +0.4939, +0.5073, +0.4977, +0.5065, +0.5227, +0.5073, +0.4927, +0.5128, +0.4918, +0.5019, +0.5017, +0.5203, +0.4830, +0.4974, +0.5049, +0.4922, +0.5086, +0.5046, +0.5022, +0.4965, +0.5108, +0.5167, +0.5036, +0.4950, +0.4989, +0.4975, +0.5243, +0.4843, +0.4994, +0.4959, +0.5091, +0.5070, +0.4899, +0.5201, +0.5000, +0.5101, +0.4976, +0.4969, +0.5035, +0.5374, +0.4918, +0.4908, +0.4824, +0.4950, +0.5119, +0.5093, +0.5144, +0.4926, +0.4880, +0.5098, +0.5211, +0.4884, +0.4947, +0.5089, +0.4940, +0.5119, +0.5022, +0.5022, +0.4935, +0.5070, +0.4986, +0.4936, +0.4956, +0.4868, +0.5134, +0.5037, +0.4800, +0.4974, +0.5036, +0.4969, +0.5047, +0.5117, +0.5098, +0.5172, +0.4995, +0.5008, +0.4902, +0.5064, +0.5093, +0.4991, +0.4853, +0.5186, +0.5130, +0.4664, +0.5057, +0.4779, +0.4995, +0.4919, +0.4871, +0.4918, +0.4816, +0.5095, +0.5064, +0.5189, +0.4991, +0.4937, +0.5095, +0.4834, +0.5023, +0.4833, +0.5101, +0.4937, +0.4820, +0.4934, +0.4836, +0.5061, +0.4848, +0.5077, +0.5181, +0.5003, +0.5008, +0.5014, +0.5125, +0.5045, +0.5030, +0.5030, +0.5065, +0.5108, +0.4903, +0.5087, +0.5003, +0.4735, +0.5330, +0.5096, +0.5060, +0.5137, +0.4900, +0.4857, +0.5083, +0.4932, +0.4959, +0.4932, +0.4945, +0.4884, +0.5019, +0.4851, +0.4780, +0.4851, +0.4839, +0.5055, +0.4983, +0.5101, +0.5060, +0.4858, +0.4695, +0.5180, +0.5100, +0.5057, +0.4994, +0.4904, +0.4776, +0.5137, +0.4841, +0.5011, +0.4818, +0.4816, +0.5014, +0.4976, +0.5009, +0.5161, +0.5025, +0.4898, +0.4811, +0.4805, +0.4944, +0.4995, +0.4946, +0.5083, +0.4891, +0.5005, +0.4938, +0.5076, +0.5104, +0.4923, +0.5011, +0.5024, +0.4932, +0.4989, +0.4816, +0.5117, +0.5062, +0.5017, +0.5040, +0.4906, +0.5096, +0.5087, +0.5034, +0.4972, +0.5122, +0.5008, +0.5006, +0.5053, +0.5093, +0.4903, +0.5071, +0.4914, +0.4790, +0.5094, +0.5077, +0.4938, +0.4905, +0.4879, +0.5013, +0.5114, +0.5052, +0.5000, +0.4992, +0.5068, +0.5011, +0.4935, +0.5027, +0.5265, +0.5034, +0.5003, +0.4883, +0.5155]
        initial_alloc_blue: [+0.5184, +0.5026, +0.5032, +0.5133, +0.4880, +0.4776, +0.4861, +0.5085, +0.5086, +0.4770, +0.4967, +0.4785, +0.4946, +0.5102, +0.5153, +0.4638, +0.5235, +0.4974, +0.5136, +0.4662, +0.5270, +0.5013, +0.5017, +0.4921, +0.4826, +0.4922, +0.4691, +0.5144, +0.4895, +0.5034, +0.5374, +0.5235, +0.4829, +0.5018, +0.4954, +0.5182, +0.4978, +0.5117, +0.4861, +0.5056, +0.4931, +0.4747, +0.4908, +0.4839, +0.5159, +0.5157, +0.4993, +0.4894, +0.5011, +0.4992, +0.5077, +0.5082, +0.5071, +0.4990, +0.5211, +0.5142, +0.4884, +0.4908, +0.4826, +0.4918, +0.4984, +0.5182, +0.5052, +0.5136, +0.5031, +0.4986, +0.5074, +0.4930, +0.5156, +0.5247, +0.4803, +0.4833, +0.5172, +0.4933, +0.4838, +0.4850, +0.4981, +0.5043, +0.5194, +0.5082, +0.4898, +0.4976, +0.4798, +0.5017, +0.5081, +0.5007, +0.5076, +0.5052, +0.4928, +0.4824, +0.4986, +0.5047, +0.5044, +0.5070, +0.5077, +0.4823, +0.4832, +0.5000, +0.4967, +0.4924, +0.4906, +0.4859, +0.5051, +0.4938, +0.4919, +0.5184, +0.5061, +0.4957, +0.5118, +0.5050, +0.5224, +0.5065, +0.4970, +0.4851, +0.4984, +0.4780, +0.5139, +0.5429, +0.5000, +0.4904, +0.5051, +0.5016, +0.5047, +0.5066, +0.4902, +0.5110, +0.4740, +0.4983, +0.4887, +0.4944, +0.5000, +0.5024, +0.4788, +0.5101, +0.4927, +0.4731, +0.4938, +0.4926, +0.4939, +0.5061, +0.5183, +0.4911, +0.5052, +0.4961, +0.4962, +0.4984, +0.5053, +0.4783, +0.5203, +0.4874, +0.5123, +0.4965, +0.4989, +0.4897, +0.4980, +0.4943, +0.4867, +0.4959, +0.4915, +0.5172, +0.5054, +0.4903, +0.4970, +0.4990, +0.5084, +0.5158, +0.4964, +0.4984, +0.5030, +0.4976, +0.5042, +0.5109, +0.4896, +0.4893, +0.5175, +0.4976, +0.5244, +0.5058, +0.5145, +0.5071, +0.4949, +0.5286, +0.4946, +0.4750, +0.5154, +0.4888, +0.4949, +0.5035, +0.5035, +0.5110, +0.5030, +0.4953, +0.5180, +0.5061, +0.4794, +0.5103, +0.5031, +0.4894, +0.4839, +0.5161, +0.4800, +0.5095, +0.5015, +0.4898, +0.5056, +0.5369, +0.4840, +0.4933, +0.4987, +0.4982, +0.5050, +0.4956, +0.5010, +0.4866, +0.4782, +0.5095, +0.4943, +0.4880, +0.5023, +0.4944, +0.5086, +0.5099, +0.5033, +0.4952, +0.4871, +0.5132, +0.5054, +0.5068, +0.5009, +0.5047, +0.4725, +0.5066, +0.4842, +0.4905, +0.4954, +0.4839, +0.4870, +0.4850, +0.4938, +0.4896, +0.4944, +0.5021, +0.5051, +0.4883, +0.5156, +0.5142, +0.4968, +0.4891, +0.4913, +0.4898, +0.4987, +0.4919, +0.4798, +0.5230, +0.5109, +0.5206, +0.5061, +0.5032, +0.5049, +0.5028, +0.5137, +0.4969, +0.4975, +0.4993, +0.5029, +0.5099, +0.5019, +0.4859, +0.5225, +0.4929, +0.5096, +0.5042, +0.4811, +0.4974, +0.5089, +0.5070, +0.5135, +0.4994, +0.5073, +0.4907, +0.5146, +0.4905, +0.5114, +0.4809, +0.4797, +0.4954, +0.5344, +0.5057, +0.4847, +0.5068, +0.4899, +0.5065, +0.4946, +0.4775, +0.4895, +0.4878, +0.5167, +0.4851, +0.4952, +0.5037, +0.4858, +0.4780, +0.4858, +0.4997, +0.5083, +0.4874, +0.4773, +0.5169, +0.4724, +0.4865, +0.4656, +0.4912, +0.5056, +0.4948, +0.5040, +0.4997, +0.4903, +0.5068, +0.4877, +0.4993, +0.5020, +0.5044, +0.4898, +0.4860, +0.5051, +0.4997, +0.5065, +0.4949, +0.4797, +0.5052, +0.5200, +0.5121, +0.4887, +0.5130, +0.4921, +0.5056, +0.5056, +0.4901, +0.4984, +0.5138, +0.4931, +0.5033, +0.5036, +0.5059, +0.4888, +0.4963, +0.4780, +0.5226, +0.4748, +0.4821, +0.4787, +0.4828, +0.5190, +0.5033, +0.4965, +0.5012, +0.5162, +0.4912, +0.5068, +0.4923, +0.5047, +0.5218, +0.5051, +0.5063, +0.4997, +0.5038, +0.5072, +0.5055, +0.4853, +0.5045, +0.5016, +0.4971, +0.4979, +0.4749, +0.4839, +0.5078, +0.5085, +0.5095, +0.4952, +0.4852, +0.4951, +0.4825, +0.5088, +0.4982, +0.4823, +0.4973, +0.5097, +0.4897, +0.5034, +0.5221, +0.4971, +0.4991, +0.5176, +0.5092, +0.5003, +0.4963, +0.4910, +0.4831, +0.4940, +0.5028, +0.4932, +0.5044, +0.5064, +0.5041, +0.5261, +0.4898, +0.5083, +0.5125, +0.5030, +0.4856, +0.5003, +0.4915, +0.4901, +0.4920, +0.4763, +0.5006, +0.4930, +0.4794, +0.4889, +0.5250, +0.5070, +0.4803, +0.4818, +0.4870, +0.5164, +0.5081, +0.4950, +0.5104, +0.5078, +0.5061, +0.4945, +0.5199, +0.5068, +0.4868, +0.4959, +0.4958, +0.5139, +0.4878, +0.4988, +0.5212, +0.5220, +0.4900, +0.5096, +0.4967, +0.5163, +0.5142, +0.4997, +0.4921, +0.4944, +0.4873, +0.5107, +0.5075, +0.5107, +0.5092, +0.5072, +0.4952, +0.4778, +0.5027, +0.4940, +0.4874, +0.4896, +0.5024, +0.5354, +0.4860, +0.5088, +0.5122, +0.5022, +0.4981, +0.5185, +0.4983, +0.5037, +0.4882, +0.5081, +0.4912, +0.4988, +0.5094, +0.4936, +0.4975, +0.4838, +0.4925, +0.5030, +0.4890, +0.4956, +0.5099, +0.4949, +0.4676, +0.5147, +0.5289, +0.5178, +0.4955, +0.4892, +0.5077, +0.4893, +0.5000, +0.5196, +0.5006, +0.5259, +0.4979, +0.5183, +0.5119, +0.4945, +0.4882, +0.5134, +0.5015, +0.4997, +0.4956, +0.4762, +0.5034, +0.4973, +0.4835, +0.4926, +0.5034, +0.5039, +0.4871, +0.4845, +0.4910, +0.5111, +0.5189, +0.5006, +0.4830, +0.4991, +0.5131, +0.5116, +0.5152, +0.4936, +0.5295, +0.4985, +0.4997, +0.4817, +0.4805, +0.5144, +0.4980, +0.5015, +0.4988, +0.4926, +0.4991, +0.5204, +0.5009, +0.5035, +0.4936, +0.5098, +0.4868, +0.4974, +0.4908, +0.5203, +0.5121, +0.4848, +0.5012, +0.5052, +0.5006, +0.5060, +0.4941, +0.4912, +0.5157, +0.4924, +0.5097, +0.4886, +0.4867, +0.4734, +0.4727, +0.4891, +0.4925, +0.5012, +0.5071, +0.5201, +0.5003, +0.5208, +0.5166, +0.4818, +0.5006, +0.4934, +0.4994, +0.4966, +0.5299, +0.4946, +0.4755, +0.4874, +0.5109, +0.4972, +0.4850, +0.5161, +0.4837, +0.5113, +0.4985, +0.5006, +0.4876, +0.4896, +0.4741, +0.5117, +0.5009, +0.5021, +0.4980, +0.4974, +0.5263, +0.4859, +0.4921, +0.4833, +0.4937, +0.5231, +0.4949, +0.4930, +0.4852, +0.4928, +0.4838, +0.5126, +0.4836, +0.4956, +0.4905, +0.5044, +0.4994, +0.4960, +0.4912, +0.4953, +0.4898, +0.4845, +0.4914, +0.4986, +0.5048, +0.5136, +0.4940, +0.5012, +0.4874, +0.4942, +0.4843, +0.4977, +0.4966, +0.4808, +0.4986, +0.5030, +0.4835, +0.4900, +0.5078, +0.5154, +0.4859, +0.5023, +0.5028, +0.5155, +0.5077, +0.4921, +0.4920, +0.4885, +0.4936, +0.5123, +0.5043, +0.5040, +0.4909, +0.4916, +0.5062, +0.4946, +0.4959, +0.4768, +0.5052, +0.4994, +0.4961, +0.5321, +0.4824, +0.5093, +0.4974, +0.5166, +0.4960, +0.5000, +0.4829, +0.5106, +0.5151, +0.4938, +0.5000, +0.5113, +0.5103, +0.5020, +0.4806, +0.4912, +0.5118, +0.4980, +0.5215, +0.4935, +0.4954, +0.4931, +0.4930, +0.4986, +0.5131, +0.5217, +0.4966, +0.4982, +0.5089, +0.5053, +0.5091, +0.5331, +0.5084, +0.5308, +0.5175, +0.4876, +0.5179, +0.4977, +0.4986, +0.4773, +0.4780, +0.4900, +0.4976, +0.4992, +0.5061, +0.4927, +0.5023, +0.4935, +0.4773, +0.4927, +0.5073, +0.4872, +0.5082, +0.4981, +0.4983, +0.4797, +0.5170, +0.5026, +0.4951, +0.5078, +0.4914, +0.4954, +0.4978, +0.5035, +0.4892, +0.4833, +0.4964, +0.5050, +0.5011, +0.5025, +0.4757, +0.5157, +0.5006, +0.5041, +0.4909, +0.4930, +0.5101, +0.4799, +0.5000, +0.4899, +0.5024, +0.5031, +0.4965, +0.4626, +0.5082, +0.5092, +0.5176, +0.5050, +0.4881, +0.4907, +0.4856, +0.5074, +0.5120, +0.4902, +0.4789, +0.5116, +0.5053, +0.4911, +0.5060, +0.4881, +0.4978, +0.4978, +0.5065, +0.4930, +0.5014, +0.5064, +0.5044, +0.5132, +0.4866, +0.4963, +0.5200, +0.5026, +0.4964, +0.5031, +0.4953, +0.4883, +0.4902, +0.4828, +0.5005, +0.4992, +0.5098, +0.4936, +0.4907, +0.5009, +0.5147, +0.4814, +0.4870, +0.5336, +0.4943, +0.5221, +0.5005, +0.5081, +0.5129, +0.5082, +0.5184, +0.4905, +0.4936, +0.4811, +0.5009, +0.5063, +0.4905, +0.5166, +0.4977, +0.5167, +0.4899, +0.5063, +0.5180, +0.5066, +0.5164, +0.4939, +0.5152, +0.4923, +0.4819, +0.4997, +0.4992, +0.4986, +0.4875, +0.4955, +0.4970, +0.4970, +0.4935, +0.4892, +0.5097, +0.4913, +0.4997, +0.5265, +0.4670, +0.4904, +0.4940, +0.4863, +0.5100, +0.5143, +0.4917, +0.5068, +0.5041, +0.5068, +0.5055, +0.5116, +0.4981, +0.5149, +0.5220, +0.5149, +0.5161, +0.4945, +0.5017, +0.4899, +0.4940, +0.5142, +0.5305, +0.4820, +0.4900, +0.4943, +0.5006, +0.5096, +0.5224, +0.4863, +0.5159, +0.4989, +0.5182, +0.5184, +0.4986, +0.5024, +0.4991, +0.4839, +0.4975, +0.5102, +0.5189, +0.5195, +0.5056, +0.5005, +0.5054, +0.4917, +0.5109, +0.4995, +0.5062, +0.4924, +0.4896, +0.5077, +0.4989, +0.4976, +0.5068, +0.5011, +0.5184, +0.4883, +0.4938, +0.4983, +0.4960, +0.5094, +0.4904, +0.4913, +0.4966, +0.5028, +0.4878, +0.4992, +0.4994, +0.4947, +0.4907, +0.5097, +0.4929, +0.5086, +0.5210, +0.4906, +0.4923, +0.5062, +0.5095, +0.5121, +0.4987, +0.4886, +0.4948, +0.5000, +0.5008, +0.4932, +0.4989, +0.5065, +0.4973, +0.4735, +0.4966, +0.4997, +0.5117, +0.4845]
          online_alloc_red: [+0.4983, +0.5413, +0.6285, +0.6884, +0.6655, +0.6902, +0.6611, +0.6993, +0.7262, +0.7742, +0.8055, +0.8366, +0.8458, +0.8583, +0.8724, +0.8798, +0.8969, +0.9055, +0.9064, +0.9124, +0.9065, +0.9156, +0.9210, +0.9260, +0.9328, +0.9308, +0.9394, +0.9420, +0.9465, +0.9485, +0.9533, +0.9581, +0.9640, +0.9708, +0.9755, +0.9803, +0.9837, +0.9839, +0.9866, +0.9914, +0.9935, +0.9944, +0.9948, +0.9936, +0.9939, +0.9956, +0.9928, +0.9939, +0.9905, +0.9911, +0.9887, +0.9884, +0.9915, +0.9885, +0.9927, +0.9923, +0.9875, +0.9863, +0.9856, +0.9882, +0.9808, +0.9735, +0.9741, +0.9824, +0.9838, +0.9870, +0.9782, +0.9740, +0.9694, +0.9715, +0.9708, +0.9567, +0.9514, +0.9509, +0.9724, +0.9741, +0.9755, +0.9726, +0.9702, +0.9811, +0.9802, +0.9787, +0.9827, +0.9783, +0.9751, +0.9726, +0.9706, +0.9709, +0.9695, +0.9602, +0.9425, +0.9625, +0.9612, +0.9612, +0.9491, +0.9616, +0.9709, +0.9641, +0.9662, +0.9601, +0.9589, +0.9458, +0.9502, +0.9440, +0.9530, +0.9544, +0.9483, +0.9567, +0.9611, +0.9619, +0.9591, +0.9661, +0.9603, +0.9577, +0.9549, +0.9586, +0.9650, +0.9552, +0.9540, +0.9525, +0.9557, +0.9505, +0.9470, +0.9422, +0.9455, +0.9431, +0.9407, +0.9453, +0.9567, +0.9537, +0.9662, +0.9510, +0.9484, +0.9416, +0.9361, +0.9318, +0.9452, +0.9459, +0.9545, +0.9549, +0.9544, +0.9424, +0.9384, +0.9187, +0.9416, +0.9544, +0.9535, +0.9565, +0.9573, +0.9600, +0.9625, +0.9580, +0.9502, +0.9361, +0.9365, +0.9531, +0.9533, +0.9378, +0.9332, +0.9414, +0.9427, +0.9469, +0.9492, +0.9519, +0.9638, +0.9534, +0.9567, +0.9556, +0.9455, +0.9432, +0.9423, +0.9532, +0.9300, +0.9528, +0.9491, +0.9464, +0.9549, +0.9618, +0.9585, +0.9651, +0.9547, +0.9458, +0.9516, +0.9523, +0.9573, +0.9612, +0.9606, +0.9499, +0.9583, +0.9680, +0.9597, +0.9665, +0.9577, +0.9657, +0.9691, +0.9611, +0.9646, +0.9644, +0.9641, +0.9645, +0.9344, +0.9567, +0.9531, +0.9515, +0.9564, +0.9541, +0.9654, +0.9462, +0.9604, +0.9547, +0.9482, +0.9490, +0.9410, +0.9447, +0.9227, +0.9190, +0.9423, +0.9397, +0.9522, +0.9539, +0.9359, +0.9358, +0.9400, +0.9503, +0.9508, +0.9522, +0.9495, +0.9571, +0.9524, +0.9443, +0.9357, +0.9328, +0.9366, +0.9287, +0.9253, +0.9143, +0.9186, +0.9264, +0.9264, +0.9163, +0.9293, +0.9469, +0.9394, +0.9303, +0.9480, +0.9381, +0.9304, +0.9465, +0.9263, +0.9236, +0.9138, +0.9263, +0.9292, +0.9302, +0.9359, +0.9391, +0.9298, +0.9348, +0.9440, +0.9364, +0.9259, +0.9252, +0.9167, +0.9186, +0.9183, +0.9308, +0.9355, +0.9293, +0.9484, +0.9338, +0.9382, +0.9148, +0.9278, +0.9435, +0.9182, +0.9349, +0.9349, +0.9292, +0.9256, +0.9450, +0.9414, +0.9293, +0.9394, +0.9415, +0.9449, +0.9414, +0.9394, +0.9375, +0.9408, +0.9358, +0.9291, +0.9379, +0.9385, +0.9323, +0.9362, +0.9345, +0.9412, +0.9454, +0.9404, +0.9497, +0.9507, +0.9535, +0.9498, +0.9421, +0.9415, +0.9521, +0.9371, +0.9274, +0.9381, +0.9368, +0.9361, +0.9455, +0.9411, +0.9415, +0.9323, +0.9335, +0.9301, +0.9416, +0.9480, +0.9429, +0.9342, +0.9469, +0.9552, +0.9474, +0.9536, +0.9412, +0.9550, +0.9556, +0.9476, +0.9531, +0.9538, +0.9497, +0.9409, +0.9350, +0.9377, +0.9387, +0.9476, +0.9475, +0.9431, +0.9377, +0.9396, +0.9511, +0.9456, +0.9468, +0.9420, +0.9406, +0.9369, +0.9376, +0.9351, +0.9269, +0.9272, +0.9278, +0.9398, +0.9385, +0.9391, +0.9257, +0.9292, +0.9252, +0.9404, +0.9349, +0.9458, +0.9461, +0.9409, +0.9423, +0.9392, +0.9421, +0.9421, +0.9367, +0.9475, +0.9517, +0.9516, +0.9351, +0.9396, +0.9413, +0.9461, +0.9492, +0.9420, +0.9465, +0.9561, +0.9543, +0.9473, +0.9563, +0.9395, +0.9586, +0.9537, +0.9578, +0.9536, +0.9411, +0.9489, +0.9439, +0.9530, +0.9510, +0.9428, +0.9394, +0.9450, +0.9406, +0.9438, +0.9441, +0.9401, +0.9476, +0.9385, +0.9263, +0.9385, +0.9446, +0.9440, +0.9351, +0.9422, +0.9417, +0.9525, +0.9547, +0.9485, +0.9400, +0.9414, +0.9508, +0.9543, +0.9561, +0.9510, +0.9573, +0.9526, +0.9566, +0.9570, +0.9585, +0.9536, +0.9598, +0.9594, +0.9604, +0.9641, +0.9621, +0.9639, +0.9582, +0.9519, +0.9463, +0.9486, +0.9557, +0.9592, +0.9519, +0.9602, +0.9593, +0.9481, +0.9522, +0.9523, +0.9536, +0.9387, +0.9467, +0.9422, +0.9479, +0.9466, +0.9354, +0.9430, +0.9498, +0.9506, +0.9427, +0.9402, +0.9415, +0.9461, +0.9499, +0.9535, +0.9529, +0.9473, +0.9418, +0.9431, +0.9459, +0.9457, +0.9433, +0.9509, +0.9498, +0.9478, +0.9355, +0.9453, +0.9472, +0.9456, +0.9455, +0.9356, +0.9526, +0.9424, +0.9347, +0.9413, +0.9428, +0.9486, +0.9510, +0.9522, +0.9606, +0.9544, +0.9460, +0.9583, +0.9553, +0.9598, +0.9628, +0.9646, +0.9543, +0.9576, +0.9641, +0.9530, +0.9578, +0.9488, +0.9603, +0.9560, +0.9502, +0.9481, +0.9486, +0.9519, +0.9491, +0.9504, +0.9506, +0.9423, +0.9502, +0.9468, +0.9570, +0.9474, +0.9547, +0.9592, +0.9564, +0.9473, +0.9525, +0.9418, +0.9468, +0.9565, +0.9493, +0.9475, +0.9527, +0.9426, +0.9405, +0.9458, +0.9482, +0.9478, +0.9493, +0.9592, +0.9480, +0.9599, +0.9500, +0.9430, +0.9527, +0.9441, +0.9487, +0.9468, +0.9506, +0.9444, +0.9397, +0.9335, +0.9331, +0.9444, +0.9413, +0.9396, +0.9532, +0.9508, +0.9338, +0.9464, +0.9575, +0.9528, +0.9423, +0.9479, +0.9488, +0.9428, +0.9516, +0.9287, +0.9410, +0.9439, +0.9578, +0.9543, +0.9575, +0.9500, +0.9471, +0.9499, +0.9431, +0.9467, +0.9487, +0.9457, +0.9417, +0.9409, +0.9325, +0.9442, +0.9384, +0.9508, +0.9436, +0.9462, +0.9431, +0.9489, +0.9395, +0.9559, +0.9554, +0.9558, +0.9378, +0.9469, +0.9473, +0.9475, +0.9493, +0.9490, +0.9585, +0.9623, +0.9619, +0.9570, +0.9510, +0.9502, +0.9585, +0.9521, +0.9550, +0.9482, +0.9531, +0.9607, +0.9566, +0.9508, +0.9482, +0.9431, +0.9455, +0.9482, +0.9537, +0.9538, +0.9497, +0.9590, +0.9605, +0.9554, +0.9582, +0.9548, +0.9566, +0.9497, +0.9458, +0.9521, +0.9584, +0.9559, +0.9516, +0.9443, +0.9464, +0.9565, +0.9507, +0.9553, +0.9581, +0.9510, +0.9500, +0.9518, +0.9625, +0.9554, +0.9506, +0.9467, +0.9485, +0.9587, +0.9587, +0.9562, +0.9484, +0.9505, +0.9557, +0.9535, +0.9584, +0.9527, +0.9561, +0.9600, +0.9588, +0.9573, +0.9602, +0.9595, +0.9529, +0.9496, +0.9562, +0.9498, +0.9459, +0.9515, +0.9580, +0.9576, +0.9570, +0.9541, +0.9517, +0.9534, +0.9513, +0.9425, +0.9487, +0.9564, +0.9546, +0.9496, +0.9482, +0.9391, +0.9530, +0.9497, +0.9507, +0.9539, +0.9607, +0.9510, +0.9536, +0.9544, +0.9563, +0.9544, +0.9593, +0.9493, +0.9538, +0.9504, +0.9541, +0.9459, +0.9554, +0.9577, +0.9547, +0.9539, +0.9567, +0.9574, +0.9535, +0.9580, +0.9585, +0.9557, +0.9527, +0.9517, +0.9504, +0.9514, +0.9520, +0.9442, +0.9556, +0.9575, +0.9529, +0.9550, +0.9466, +0.9540, +0.9482, +0.9482, +0.9477, +0.9559, +0.9541, +0.9532, +0.9508, +0.9568, +0.9586, +0.9539, +0.9562, +0.9517, +0.9506, +0.9577, +0.9531, +0.9580, +0.9602, +0.9590, +0.9581, +0.9575, +0.9501, +0.9536, +0.9564, +0.9550, +0.9564, +0.9535, +0.9569, +0.9525, +0.9533, +0.9596, +0.9523, +0.9636, +0.9619, +0.9456, +0.9435, +0.9439, +0.9461, +0.9576, +0.9634, +0.9560, +0.9407, +0.9543, +0.9446, +0.9506, +0.9455, +0.9601, +0.9499, +0.9468, +0.9428, +0.9533, +0.9376, +0.9460, +0.9458, +0.9581, +0.9462, +0.9511, +0.9588, +0.9502, +0.9492, +0.9475, +0.9569, +0.9529, +0.9632, +0.9588, +0.9611, +0.9543, +0.9604, +0.9584, +0.9532, +0.9507, +0.9485, +0.9628, +0.9512, +0.9568, +0.9541, +0.9595, +0.9595, +0.9611, +0.9553, +0.9482, +0.9520, +0.9579, +0.9547, +0.9637, +0.9550, +0.9540, +0.9514, +0.9625, +0.9634, +0.9614, +0.9567, +0.9519, +0.9567, +0.9594, +0.9602, +0.9592, +0.9576, +0.9509, +0.9530, +0.9538, +0.9621, +0.9503, +0.9644, +0.9616, +0.9664, +0.9551, +0.9623, +0.9555, +0.9583, +0.9447, +0.9555, +0.9550, +0.9605, +0.9515, +0.9535, +0.9534, +0.9536, +0.9573, +0.9537, +0.9556, +0.9506, +0.9586, +0.9577, +0.9535, +0.9547, +0.9605, +0.9417, +0.9511, +0.9524, +0.9488, +0.9598, +0.9629, +0.9652, +0.9592, +0.9489, +0.9569, +0.9609, +0.9598, +0.9594, +0.9595, +0.9538, +0.9579, +0.9644, +0.9560, +0.9571, +0.9513, +0.9578, +0.9603, +0.9546, +0.9636, +0.9610, +0.9576, +0.9622, +0.9614, +0.9614, +0.9626, +0.9644, +0.9642, +0.9600, +0.9611, +0.9548, +0.9593, +0.9581, +0.9593, +0.9625, +0.9564, +0.9615, +0.9661, +0.9666, +0.9587, +0.9571, +0.9650, +0.9670, +0.9566, +0.9617, +0.9651, +0.9578, +0.9633, +0.9623, +0.9608, +0.9652, +0.9634, +0.9572, +0.9682, +0.9728, +0.9649, +0.9664, +0.9628, +0.9613, +0.9586, +0.9596, +0.9613, +0.9613, +0.9605, +0.9598, +0.9674, +0.9620, +0.9677, +0.9556, +0.9605, +0.9691, +0.9648, +0.9673, +0.9665, +0.9612, +0.9610, +0.9630, +0.9520]
    assignment_switch_rate: [+0.5013, +0.4924, +0.4579, +0.4151, +0.4216, +0.3857, +0.4057, +0.3761, +0.3588, +0.3120, +0.2824, +0.2467, +0.2448, +0.2268, +0.2100, +0.1999, +0.1774, +0.1670, +0.1675, +0.1582, +0.1684, +0.1561, +0.1471, +0.1394, +0.1302, +0.1316, +0.1127, +0.1100, +0.1025, +0.0991, +0.0902, +0.0824, +0.0727, +0.0623, +0.0546, +0.0465, +0.0392, +0.0373, +0.0326, +0.0251, +0.0209, +0.0194, +0.0188, +0.0217, +0.0215, +0.0179, +0.0230, +0.0200, +0.0258, +0.0232, +0.0291, +0.0282, +0.0239, +0.0280, +0.0221, +0.0229, +0.0288, +0.0260, +0.0282, +0.0249, +0.0337, +0.0398, +0.0409, +0.0306, +0.0284, +0.0244, +0.0338, +0.0366, +0.0455, +0.0424, +0.0410, +0.0531, +0.0602, +0.0621, +0.0378, +0.0386, +0.0353, +0.0374, +0.0398, +0.0291, +0.0250, +0.0250, +0.0243, +0.0280, +0.0325, +0.0358, +0.0317, +0.0331, +0.0352, +0.0415, +0.0467, +0.0442, +0.0436, +0.0402, +0.0488, +0.0383, +0.0296, +0.0405, +0.0387, +0.0430, +0.0451, +0.0587, +0.0564, +0.0620, +0.0515, +0.0482, +0.0581, +0.0471, +0.0447, +0.0449, +0.0458, +0.0390, +0.0430, +0.0443, +0.0477, +0.0430, +0.0340, +0.0393, +0.0371, +0.0385, +0.0448, +0.0482, +0.0473, +0.0461, +0.0456, +0.0440, +0.0413, +0.0405, +0.0333, +0.0377, +0.0319, +0.0426, +0.0417, +0.0427, +0.0457, +0.0470, +0.0443, +0.0410, +0.0368, +0.0351, +0.0359, +0.0411, +0.0438, +0.0580, +0.0473, +0.0314, +0.0351, +0.0357, +0.0354, +0.0327, +0.0311, +0.0341, +0.0381, +0.0464, +0.0528, +0.0375, +0.0395, +0.0433, +0.0467, +0.0430, +0.0486, +0.0476, +0.0454, +0.0479, +0.0368, +0.0435, +0.0403, +0.0400, +0.0530, +0.0533, +0.0539, +0.0451, +0.0684, +0.0473, +0.0505, +0.0505, +0.0461, +0.0429, +0.0411, +0.0377, +0.0457, +0.0539, +0.0475, +0.0513, +0.0470, +0.0419, +0.0394, +0.0491, +0.0430, +0.0326, +0.0429, +0.0393, +0.0441, +0.0403, +0.0358, +0.0366, +0.0402, +0.0406, +0.0391, +0.0376, +0.0459, +0.0434, +0.0410, +0.0379, +0.0429, +0.0428, +0.0352, +0.0523, +0.0405, +0.0377, +0.0445, +0.0443, +0.0505, +0.0448, +0.0594, +0.0605, +0.0545, +0.0481, +0.0411, +0.0396, +0.0482, +0.0539, +0.0478, +0.0386, +0.0418, +0.0380, +0.0414, +0.0339, +0.0403, +0.0387, +0.0449, +0.0455, +0.0472, +0.0421, +0.0437, +0.0536, +0.0513, +0.0452, +0.0455, +0.0448, +0.0402, +0.0375, +0.0427, +0.0478, +0.0336, +0.0394, +0.0402, +0.0333, +0.0463, +0.0467, +0.0429, +0.0394, +0.0415, +0.0412, +0.0378, +0.0364, +0.0468, +0.0448, +0.0387, +0.0432, +0.0439, +0.0406, +0.0428, +0.0511, +0.0531, +0.0551, +0.0491, +0.0520, +0.0436, +0.0562, +0.0531, +0.0618, +0.0593, +0.0504, +0.0566, +0.0535, +0.0490, +0.0512, +0.0513, +0.0419, +0.0468, +0.0455, +0.0493, +0.0449, +0.0409, +0.0421, +0.0503, +0.0467, +0.0562, +0.0556, +0.0545, +0.0463, +0.0447, +0.0468, +0.0385, +0.0450, +0.0420, +0.0367, +0.0388, +0.0348, +0.0338, +0.0347, +0.0332, +0.0409, +0.0356, +0.0371, +0.0433, +0.0409, +0.0466, +0.0434, +0.0433, +0.0406, +0.0402, +0.0427, +0.0382, +0.0412, +0.0450, +0.0413, +0.0381, +0.0413, +0.0425, +0.0369, +0.0336, +0.0374, +0.0362, +0.0394, +0.0292, +0.0312, +0.0367, +0.0357, +0.0359, +0.0339, +0.0379, +0.0395, +0.0351, +0.0348, +0.0369, +0.0371, +0.0373, +0.0362, +0.0329, +0.0288, +0.0308, +0.0343, +0.0387, +0.0369, +0.0348, +0.0411, +0.0338, +0.0398, +0.0391, +0.0333, +0.0313, +0.0376, +0.0406, +0.0412, +0.0336, +0.0402, +0.0356, +0.0348, +0.0337, +0.0402, +0.0350, +0.0314, +0.0387, +0.0341, +0.0353, +0.0353, +0.0357, +0.0306, +0.0393, +0.0502, +0.0469, +0.0435, +0.0428, +0.0363, +0.0403, +0.0378, +0.0334, +0.0353, +0.0338, +0.0369, +0.0406, +0.0345, +0.0329, +0.0336, +0.0372, +0.0394, +0.0424, +0.0381, +0.0359, +0.0417, +0.0355, +0.0433, +0.0399, +0.0395, +0.0367, +0.0385, +0.0394, +0.0367, +0.0393, +0.0416, +0.0427, +0.0395, +0.0406, +0.0438, +0.0450, +0.0351, +0.0313, +0.0323, +0.0363, +0.0359, +0.0406, +0.0406, +0.0322, +0.0368, +0.0328, +0.0306, +0.0363, +0.0340, +0.0311, +0.0321, +0.0367, +0.0304, +0.0343, +0.0313, +0.0270, +0.0315, +0.0297, +0.0315, +0.0340, +0.0352, +0.0344, +0.0344, +0.0325, +0.0451, +0.0347, +0.0335, +0.0366, +0.0344, +0.0332, +0.0310, +0.0410, +0.0375, +0.0360, +0.0338, +0.0358, +0.0386, +0.0360, +0.0333, +0.0339, +0.0324, +0.0348, +0.0358, +0.0326, +0.0326, +0.0276, +0.0297, +0.0334, +0.0296, +0.0298, +0.0306, +0.0355, +0.0343, +0.0327, +0.0322, +0.0320, +0.0385, +0.0339, +0.0313, +0.0293, +0.0317, +0.0365, +0.0289, +0.0339, +0.0362, +0.0335, +0.0404, +0.0380, +0.0340, +0.0294, +0.0281, +0.0314, +0.0350, +0.0314, +0.0331, +0.0327, +0.0273, +0.0279, +0.0296, +0.0299, +0.0312, +0.0341, +0.0361, +0.0343, +0.0287, +0.0331, +0.0307, +0.0345, +0.0334, +0.0323, +0.0275, +0.0333, +0.0287, +0.0316, +0.0384, +0.0374, +0.0290, +0.0339, +0.0303, +0.0311, +0.0310, +0.0354, +0.0329, +0.0363, +0.0325, +0.0288, +0.0313, +0.0293, +0.0323, +0.0385, +0.0347, +0.0323, +0.0339, +0.0339, +0.0301, +0.0291, +0.0343, +0.0296, +0.0333, +0.0339, +0.0293, +0.0299, +0.0298, +0.0309, +0.0306, +0.0326, +0.0364, +0.0329, +0.0341, +0.0285, +0.0298, +0.0291, +0.0284, +0.0291, +0.0288, +0.0296, +0.0282, +0.0290, +0.0322, +0.0279, +0.0284, +0.0310, +0.0305, +0.0326, +0.0287, +0.0336, +0.0305, +0.0303, +0.0323, +0.0291, +0.0321, +0.0318, +0.0349, +0.0302, +0.0308, +0.0293, +0.0267, +0.0343, +0.0313, +0.0271, +0.0289, +0.0267, +0.0267, +0.0272, +0.0263, +0.0283, +0.0295, +0.0316, +0.0267, +0.0244, +0.0241, +0.0306, +0.0332, +0.0320, +0.0360, +0.0267, +0.0266, +0.0275, +0.0256, +0.0265, +0.0296, +0.0321, +0.0299, +0.0295, +0.0303, +0.0356, +0.0290, +0.0276, +0.0293, +0.0380, +0.0343, +0.0299, +0.0352, +0.0325, +0.0285, +0.0300, +0.0283, +0.0266, +0.0271, +0.0261, +0.0268, +0.0275, +0.0268, +0.0283, +0.0324, +0.0288, +0.0284, +0.0299, +0.0309, +0.0339, +0.0354, +0.0282, +0.0273, +0.0278, +0.0266, +0.0244, +0.0288, +0.0280, +0.0240, +0.0224, +0.0254, +0.0260, +0.0286, +0.0288, +0.0270, +0.0310, +0.0297, +0.0302, +0.0240, +0.0279, +0.0302, +0.0302, +0.0260, +0.0225, +0.0233, +0.0225, +0.0232, +0.0240, +0.0248, +0.0267, +0.0315, +0.0307, +0.0268, +0.0262, +0.0273, +0.0248, +0.0247, +0.0267, +0.0288, +0.0260, +0.0258, +0.0263, +0.0283, +0.0249, +0.0268, +0.0314, +0.0284, +0.0279, +0.0246, +0.0269, +0.0245, +0.0247, +0.0256, +0.0252, +0.0249, +0.0284, +0.0273, +0.0255, +0.0260, +0.0265, +0.0255, +0.0225, +0.0253, +0.0265, +0.0244, +0.0246, +0.0264, +0.0235, +0.0256, +0.0268, +0.0289, +0.0261, +0.0261, +0.0275, +0.0268, +0.0244, +0.0260, +0.0264, +0.0238, +0.0299, +0.0241, +0.0246, +0.0233, +0.0241, +0.0262, +0.0242, +0.0290, +0.0250, +0.0252, +0.0235, +0.0247, +0.0244, +0.0246, +0.0241, +0.0237, +0.0250, +0.0257, +0.0236, +0.0235, +0.0239, +0.0231, +0.0223, +0.0233, +0.0216, +0.0288, +0.0265, +0.0239, +0.0247, +0.0250, +0.0224, +0.0219, +0.0220, +0.0204, +0.0207, +0.0246, +0.0257, +0.0255, +0.0239, +0.0229, +0.0237, +0.0244, +0.0218, +0.0218, +0.0230, +0.0240, +0.0223, +0.0255, +0.0239, +0.0215, +0.0234, +0.0270, +0.0212, +0.0236, +0.0246, +0.0227, +0.0222, +0.0255, +0.0225, +0.0236, +0.0228, +0.0231, +0.0232, +0.0232, +0.0221, +0.0233, +0.0236, +0.0221, +0.0257, +0.0243, +0.0281, +0.0231, +0.0218, +0.0219, +0.0230, +0.0276, +0.0244, +0.0214, +0.0206, +0.0228, +0.0214, +0.0237, +0.0253, +0.0222, +0.0231, +0.0227, +0.0225, +0.0232, +0.0223, +0.0250, +0.0213, +0.0224, +0.0229, +0.0235, +0.0229, +0.0226, +0.0193, +0.0203, +0.0206, +0.0205, +0.0222, +0.0223, +0.0207, +0.0223, +0.0204, +0.0232, +0.0207, +0.0208, +0.0226, +0.0239, +0.0231, +0.0232, +0.0246, +0.0210, +0.0202, +0.0207, +0.0241, +0.0250, +0.0226, +0.0222, +0.0228, +0.0192, +0.0218, +0.0218, +0.0212, +0.0241, +0.0229, +0.0215, +0.0218, +0.0234, +0.0230, +0.0238, +0.0222, +0.0205, +0.0237, +0.0220, +0.0206, +0.0234, +0.0194, +0.0210, +0.0217, +0.0232, +0.0233, +0.0226, +0.0221, +0.0214, +0.0201, +0.0209, +0.0226, +0.0223, +0.0195, +0.0195, +0.0217, +0.0229, +0.0205, +0.0195, +0.0237, +0.0215, +0.0184, +0.0210, +0.0205, +0.0209, +0.0220, +0.0215, +0.0201, +0.0189, +0.0217, +0.0206, +0.0214, +0.0199, +0.0202, +0.0187, +0.0203, +0.0212, +0.0210, +0.0203, +0.0210, +0.0207, +0.0203, +0.0200, +0.0196, +0.0199, +0.0212, +0.0200, +0.0202, +0.0203, +0.0203, +0.0217, +0.0210, +0.0206, +0.0201, +0.0203, +0.0219, +0.0200, +0.0216, +0.0201, +0.0204, +0.0186, +0.0195, +0.0195, +0.0217, +0.0215, +0.0188, +0.0186, +0.0189, +0.0204, +0.0212, +0.0192, +0.0189, +0.0221, +0.0215, +0.0199, +0.0216, +0.0229, +0.0205]
[main] saved params (seed 0) -> /juice6/u/jshe/emergent_partner_grid/train/train_logs/v2_balanced_training/counterbalanced1096_20261007_001529_seeds6to10/mlp_diverse_influence_seed6.safetensors
[main] saved resolved config -> /juice6/u/jshe/emergent_partner_grid/train/train_logs/v2_balanced_training/counterbalanced1096_20261007_001529_seeds6to10/mlp_diverse_influence_seed6_config.json
[sampling audit] /juice6/u/jshe/emergent_partner_grid/train/train_logs/v2_balanced_training/counterbalanced1096_20261007_001529_seeds6to10/mlp_diverse_influence_seed6_sampling_audit.json
[eval] train: layouts_dir=/juice6/u/jshe/emergent_partner_grid/train/run_snapshots/counterbalanced1096_20261002_235609/corpus/layouts/train, 20 episodes/cap × 24 capability pairs...
[eval] train: round_success_overall=0.988  (n_rounds=9600)
    cap=(1,4)  succ=0.998  n_rounds=400
    cap=(1,7)  succ=0.988  n_rounds=400
    cap=(1,8)  succ=0.985  n_rounds=400
    cap=(1,9)  succ=0.975  n_rounds=400
    cap=(2,4)  succ=0.993  n_rounds=400
    cap=(2,7)  succ=0.990  n_rounds=400
    cap=(2,8)  succ=0.970  n_rounds=400
    cap=(2,9)  succ=0.950  n_rounds=400
    cap=(3,4)  succ=1.000  n_rounds=400
    cap=(3,7)  succ=0.983  n_rounds=400
    cap=(3,8)  succ=0.985  n_rounds=400
    cap=(3,9)  succ=0.975  n_rounds=400
    cap=(4,1)  succ=0.998  n_rounds=400
    cap=(4,2)  succ=0.990  n_rounds=400
    cap=(4,3)  succ=0.998  n_rounds=400
    cap=(7,1)  succ=0.993  n_rounds=400
    cap=(7,2)  succ=0.993  n_rounds=400
    cap=(7,3)  succ=0.993  n_rounds=400
    cap=(8,1)  succ=0.993  n_rounds=400
    cap=(8,2)  succ=1.000  n_rounds=400
    cap=(8,3)  succ=0.998  n_rounds=400
    cap=(9,1)  succ=0.993  n_rounds=400
    cap=(9,2)  succ=0.993  n_rounds=400
    cap=(9,3)  succ=0.993  n_rounds=400
[eval] test: layouts_dir=/juice6/u/jshe/emergent_partner_grid/train/run_snapshots/counterbalanced1096_20261002_235609/corpus/layouts/train, 20 episodes/cap × 22 capability pairs...
[eval] test: round_success_overall=0.986  (n_rounds=8800)
    cap=(0,5)  succ=0.993  n_rounds=400
    cap=(0,6)  succ=0.990  n_rounds=400
    cap=(1,5)  succ=0.993  n_rounds=400
    cap=(1,6)  succ=0.995  n_rounds=400
    cap=(2,5)  succ=0.998  n_rounds=400
    cap=(2,6)  succ=0.995  n_rounds=400
    cap=(3,5)  succ=0.993  n_rounds=400
    cap=(3,6)  succ=1.000  n_rounds=400
    cap=(7,0)  succ=0.960  n_rounds=400
    cap=(8,0)  succ=0.967  n_rounds=400
    cap=(9,0)  succ=0.970  n_rounds=400
    cap=(5,0)  succ=0.985  n_rounds=400
    cap=(5,1)  succ=0.998  n_rounds=400
    cap=(5,2)  succ=0.993  n_rounds=400
    cap=(5,3)  succ=1.000  n_rounds=400
    cap=(6,0)  succ=0.967  n_rounds=400
    cap=(6,1)  succ=1.000  n_rounds=400
    cap=(6,2)  succ=0.998  n_rounds=400
    cap=(6,3)  succ=1.000  n_rounds=400
    cap=(0,7)  succ=0.975  n_rounds=400
    cap=(0,8)  succ=0.983  n_rounds=400
    cap=(0,9)  succ=0.952  n_rounds=400
[eval] wrote per-capability / per-round numbers -> /juice6/u/jshe/emergent_partner_grid/train/train_logs/v2_balanced_training/counterbalanced1096_20261007_001529_seeds6to10/mlp_diverse_influence_seed6_eval.json
