[main] compiling and running 1 seed(s)...
[counterbalanced schedule] {'sampling_protocol': 'paired_counterbalanced_v1', 'seed': 2026, 'n_layouts': 1096, 'n_profiles': 24, 'rounds_per_episode': 20, 'passes_per_cycle': 5, 'episodes_per_profile_per_cycle': 274, 'rounds_per_cycle': 131520, 'visits_per_profile_layout_per_cycle': 5, 'packets': 125218, 'preallocated_episodes': 3005232, 'preallocated_rounds': 60104640, 'maximum_allocated_episode_imbalance_at_any_prefix': 1}
[u    1] env=    65536 rsucc=0.368 n_rounds=  649 ret=+0.000 len= 0.0 ent(t0,t>=1)=(0.693,1.609) aL=-0.0001 vL=0.0211 t0=[red=0.47 blue=0.53]
[u    2] env=   131072 rsucc=0.336 n_rounds=  789 ret=+0.000 len= 0.0 ent(t0,t>=1)=(0.693,1.604) aL=-0.0014 vL=0.0196 t0=[red=0.51 blue=0.49]
[u    3] env=   196608 rsucc=0.342 n_rounds=  781 ret=+0.000 len= 0.0 ent(t0,t>=1)=(0.686,1.595) aL=-0.0012 vL=0.0168 t0=[red=0.51 blue=0.49]
[u    4] env=   262144 rsucc=0.395 n_rounds=  797 ret=+0.000 len= 0.0 ent(t0,t>=1)=(0.661,1.586) aL=-0.0021 vL=0.0206 t0=[red=0.43 blue=0.57]
[u    5] env=   327680 rsucc=0.350 n_rounds=  771 ret=-0.140 len=1226.0 ent(t0,t>=1)=(0.626,1.576) aL=-0.0006 vL=0.0175 t0=[red=0.35 blue=0.65]
[u    6] env=   393216 rsucc=0.353 n_rounds=  779 ret=-4.407 len=1463.0 ent(t0,t>=1)=(0.591,1.562) aL=-0.0017 vL=0.0189 t0=[red=0.31 blue=0.69]
[u    7] env=   458752 rsucc=0.355 n_rounds=  792 ret=-9.524 len=1675.7 ent(t0,t>=1)=(0.543,1.539) aL=-0.0007 vL=0.0244 t0=[red=0.24 blue=0.76]
[u    8] env=   524288 rsucc=0.397 n_rounds=  801 ret=-14.260 len=1864.3 ent(t0,t>=1)=(0.492,1.538) aL=-0.0009 vL=0.0204 t0=[red=0.23 blue=0.77]
[u    9] env=   589824 rsucc=0.403 n_rounds=  797 ret=+0.000 len= 0.0 ent(t0,t>=1)=(0.438,1.532) aL=-0.0004 vL=0.0196 t0=[red=0.16 blue=0.84]
[u   10] env=   655360 rsucc=0.397 n_rounds=  800 ret=+0.000 len= 0.0 ent(t0,t>=1)=(0.455,1.548) aL=-0.0010 vL=0.0191 t0=[red=0.14 blue=0.86]
[u   11] env=   720896 rsucc=0.415 n_rounds=  820 ret=-2.766 len=1367.4 ent(t0,t>=1)=(0.518,1.525) aL=-0.0028 vL=0.0213 t0=[red=0.19 blue=0.81]
[u   12] env=   786432 rsucc=0.452 n_rounds=  814 ret=-4.797 len=1484.9 ent(t0,t>=1)=(0.482,1.517) aL=-0.0035 vL=0.0229 t0=[red=0.20 blue=0.80]
[u   13] env=   851968 rsucc=0.556 n_rounds=  910 ret=-6.182 len=1546.0 ent(t0,t>=1)=(0.478,1.493) aL=-0.0034 vL=0.0359 t0=[red=0.15 blue=0.85]
[u   14] env=   917504 rsucc=0.603 n_rounds=  927 ret=-9.199 len=1690.6 ent(t0,t>=1)=(0.407,1.469) aL=-0.0032 vL=0.0339 t0=[red=0.19 blue=0.81]
[u   15] env=   983040 rsucc=0.685 n_rounds= 1017 ret=-9.978 len=1750.6 ent(t0,t>=1)=(0.363,1.454) aL=-0.0034 vL=0.0394 t0=[red=0.14 blue=0.86]
[u   16] env=  1048576 rsucc=0.702 n_rounds= 1015 ret=+3.640 len=1110.6 ent(t0,t>=1)=(0.310,1.431) aL=-0.0028 vL=0.0353 t0=[red=0.11 blue=0.89]
[u   17] env=  1114112 rsucc=0.694 n_rounds= 1014 ret=+3.297 len=1143.4 ent(t0,t>=1)=(0.273,1.417) aL=-0.0030 vL=0.0365 t0=[red=0.10 blue=0.90]
[u   18] env=  1179648 rsucc=0.677 n_rounds=  971 ret=+1.940 len=1245.6 ent(t0,t>=1)=(0.247,1.434) aL=-0.0032 vL=0.0336 t0=[red=0.08 blue=0.92]
[u   19] env=  1245184 rsucc=0.662 n_rounds=  939 ret=-0.479 len=1403.6 ent(t0,t>=1)=(0.233,1.412) aL=-0.0031 vL=0.0305 t0=[red=0.07 blue=0.93]
[u   20] env=  1310720 rsucc=0.684 n_rounds=  979 ret=-3.381 len=1533.3 ent(t0,t>=1)=(0.223,1.419) aL=-0.0031 vL=0.0313 t0=[red=0.06 blue=0.94]
[u   21] env=  1376256 rsucc=0.660 n_rounds=  992 ret=-0.906 len=1347.5 ent(t0,t>=1)=(0.192,1.419) aL=-0.0027 vL=0.0304 t0=[red=0.05 blue=0.95]
[u   22] env=  1441792 rsucc=0.650 n_rounds=  977 ret=+2.978 len=1181.6 ent(t0,t>=1)=(0.176,1.416) aL=-0.0034 vL=0.0291 t0=[red=0.07 blue=0.93]
[u   23] env=  1507328 rsucc=0.661 n_rounds=  976 ret=+2.117 len=1243.0 ent(t0,t>=1)=(0.183,1.428) aL=-0.0043 vL=0.0300 t0=[red=0.04 blue=0.96]
[u   24] env=  1572864 rsucc=0.618 n_rounds=  944 ret=+0.108 len=1365.6 ent(t0,t>=1)=(0.185,1.449) aL=-0.0038 vL=0.0279 t0=[red=0.05 blue=0.95]
[u   25] env=  1638400 rsucc=0.649 n_rounds=  974 ret=-2.482 len=1472.3 ent(t0,t>=1)=(0.185,1.414) aL=-0.0032 vL=0.0280 t0=[red=0.06 blue=0.94]
[u   26] env=  1703936 rsucc=0.686 n_rounds= 1020 ret=-2.231 len=1407.5 ent(t0,t>=1)=(0.181,1.407) aL=-0.0040 vL=0.0315 t0=[red=0.04 blue=0.96]
[u   27] env=  1769472 rsucc=0.678 n_rounds= 1001 ret=+0.463 len=1291.4 ent(t0,t>=1)=(0.169,1.408) aL=-0.0040 vL=0.0292 t0=[red=0.04 blue=0.96]
[u   28] env=  1835008 rsucc=0.696 n_rounds=  995 ret=+1.381 len=1255.3 ent(t0,t>=1)=(0.204,1.437) aL=-0.0047 vL=0.0279 t0=[red=0.05 blue=0.95]
[u   29] env=  1900544 rsucc=0.653 n_rounds=  963 ret=-0.537 len=1370.5 ent(t0,t>=1)=(0.201,1.411) aL=-0.0043 vL=0.0267 t0=[red=0.03 blue=0.97]
[u   30] env=  1966080 rsucc=0.647 n_rounds=  949 ret=-0.169 len=1367.8 ent(t0,t>=1)=(0.284,1.416) aL=-0.0046 vL=0.0258 t0=[red=0.07 blue=0.93]
[u   31] env=  2031616 rsucc=0.675 n_rounds=  996 ret=+0.034 len=1325.1 ent(t0,t>=1)=(0.239,1.424) aL=-0.0049 vL=0.0277 t0=[red=0.08 blue=0.92]
[u   32] env=  2097152 rsucc=0.679 n_rounds= 1023 ret=-0.159 len=1345.7 ent(t0,t>=1)=(0.236,1.410) aL=-0.0042 vL=0.0281 t0=[red=0.08 blue=0.92]
[u   33] env=  2162688 rsucc=0.681 n_rounds=  974 ret=+1.071 len=1288.8 ent(t0,t>=1)=(0.252,1.399) aL=-0.0053 vL=0.0257 t0=[red=0.08 blue=0.92]
[u   34] env=  2228224 rsucc=0.702 n_rounds= 1010 ret=-0.017 len=1357.7 ent(t0,t>=1)=(0.301,1.379) aL=-0.0062 vL=0.0277 t0=[red=0.09 blue=0.91]
[u   35] env=  2293760 rsucc=0.697 n_rounds= 1007 ret=+0.073 len=1333.5 ent(t0,t>=1)=(0.316,1.375) aL=-0.0076 vL=0.0239 t0=[red=0.10 blue=0.90]
[u   36] env=  2359296 rsucc=0.672 n_rounds=  998 ret=+1.536 len=1272.4 ent(t0,t>=1)=(0.383,1.396) aL=-0.0093 vL=0.0247 t0=[red=0.14 blue=0.86]
[u   37] env=  2424832 rsucc=0.758 n_rounds= 1112 ret=+1.376 len=1284.5 ent(t0,t>=1)=(0.342,1.383) aL=-0.0117 vL=0.0271 t0=[red=0.16 blue=0.84]
[u   38] env=  2490368 rsucc=0.782 n_rounds= 1154 ret=+2.243 len=1262.5 ent(t0,t>=1)=(0.307,1.336) aL=-0.0130 vL=0.0271 t0=[red=0.11 blue=0.89]
[u   39] env=  2555904 rsucc=0.782 n_rounds= 1129 ret=+3.374 len=1179.3 ent(t0,t>=1)=(0.289,1.314) aL=-0.0127 vL=0.0257 t0=[red=0.12 blue=0.88]
[u   40] env=  2621440 rsucc=0.835 n_rounds= 1233 ret=+3.929 len=1166.4 ent(t0,t>=1)=(0.246,1.304) aL=-0.0118 vL=0.0295 t0=[red=0.08 blue=0.92]
[u   41] env=  2686976 rsucc=0.867 n_rounds= 1286 ret=+3.792 len=1152.3 ent(t0,t>=1)=(0.242,1.308) aL=-0.0114 vL=0.0298 t0=[red=0.11 blue=0.89]
[u   42] env=  2752512 rsucc=0.821 n_rounds= 1210 ret=+6.050 len=1058.8 ent(t0,t>=1)=(0.219,1.268) aL=-0.0098 vL=0.0269 t0=[red=0.07 blue=0.93]
[u   43] env=  2818048 rsucc=0.805 n_rounds= 1249 ret=+5.767 len=1073.9 ent(t0,t>=1)=(0.231,1.274) aL=-0.0085 vL=0.0300 t0=[red=0.10 blue=0.90]
[u   44] env=  2883584 rsucc=0.866 n_rounds= 1363 ret=+6.694 len=1075.3 ent(t0,t>=1)=(0.225,1.275) aL=-0.0112 vL=0.0307 t0=[red=0.07 blue=0.93]
[u   45] env=  2949120 rsucc=0.865 n_rounds= 1412 ret=+7.662 len=946.5 ent(t0,t>=1)=(0.232,1.255) aL=-0.0095 vL=0.0305 t0=[red=0.06 blue=0.94]
[u   46] env=  3014656 rsucc=0.866 n_rounds= 1345 ret=+7.137 len=989.6 ent(t0,t>=1)=(0.246,1.230) aL=-0.0084 vL=0.0273 t0=[red=0.09 blue=0.91]
[u   47] env=  3080192 rsucc=0.853 n_rounds= 1313 ret=+7.509 len=982.0 ent(t0,t>=1)=(0.253,1.210) aL=-0.0079 vL=0.0283 t0=[red=0.09 blue=0.91]
[u   48] env=  3145728 rsucc=0.850 n_rounds= 1330 ret=+6.730 len=1032.0 ent(t0,t>=1)=(0.200,1.213) aL=-0.0081 vL=0.0322 t0=[red=0.09 blue=0.91]
[u   49] env=  3211264 rsucc=0.826 n_rounds= 1279 ret=+6.831 len=1024.8 ent(t0,t>=1)=(0.146,1.198) aL=-0.0081 vL=0.0279 t0=[red=0.05 blue=0.95]
[u   50] env=  3276800 rsucc=0.817 n_rounds= 1334 ret=+6.191 len=1020.3 ent(t0,t>=1)=(0.164,1.206) aL=-0.0084 vL=0.0289 t0=[red=0.05 blue=0.95]
[u   51] env=  3342336 rsucc=0.824 n_rounds= 1307 ret=+6.699 len=973.0 ent(t0,t>=1)=(0.186,1.193) aL=-0.0085 vL=0.0293 t0=[red=0.06 blue=0.94]
[u   52] env=  3407872 rsucc=0.832 n_rounds= 1406 ret=+6.311 len=1022.0 ent(t0,t>=1)=(0.207,1.184) aL=-0.0092 vL=0.0320 t0=[red=0.07 blue=0.93]
[u   53] env=  3473408 rsucc=0.889 n_rounds= 1489 ret=+8.006 len=936.6 ent(t0,t>=1)=(0.206,1.161) aL=-0.0106 vL=0.0344 t0=[red=0.10 blue=0.90]
[u   54] env=  3538944 rsucc=0.874 n_rounds= 1368 ret=+9.186 len=858.2 ent(t0,t>=1)=(0.240,1.170) aL=-0.0097 vL=0.0291 t0=[red=0.09 blue=0.91]
[u   55] env=  3604480 rsucc=0.866 n_rounds= 1366 ret=+8.582 len=919.4 ent(t0,t>=1)=(0.210,1.169) aL=-0.0106 vL=0.0302 t0=[red=0.09 blue=0.91]
[u   56] env=  3670016 rsucc=0.906 n_rounds= 1545 ret=+8.132 len=951.2 ent(t0,t>=1)=(0.190,1.178) aL=-0.0104 vL=0.0355 t0=[red=0.10 blue=0.90]
[u   57] env=  3735552 rsucc=0.916 n_rounds= 1576 ret=+8.369 len=905.1 ent(t0,t>=1)=(0.179,1.159) aL=-0.0108 vL=0.0342 t0=[red=0.07 blue=0.93]
[u   58] env=  3801088 rsucc=0.912 n_rounds= 1517 ret=+8.699 len=927.1 ent(t0,t>=1)=(0.200,1.174) aL=-0.0103 vL=0.0318 t0=[red=0.08 blue=0.92]
[u   59] env=  3866624 rsucc=0.882 n_rounds= 1404 ret=+10.026 len=843.5 ent(t0,t>=1)=(0.272,1.162) aL=-0.0112 vL=0.0283 t0=[red=0.13 blue=0.87]
[u   60] env=  3932160 rsucc=0.864 n_rounds= 1369 ret=+9.936 len=854.7 ent(t0,t>=1)=(0.241,1.185) aL=-0.0105 vL=0.0305 t0=[red=0.12 blue=0.88]
[u   61] env=  3997696 rsucc=0.887 n_rounds= 1411 ret=+8.843 len=920.2 ent(t0,t>=1)=(0.199,1.159) aL=-0.0101 vL=0.0297 t0=[red=0.10 blue=0.90]
[u   62] env=  4063232 rsucc=0.859 n_rounds= 1382 ret=+8.680 len=921.3 ent(t0,t>=1)=(0.203,1.128) aL=-0.0081 vL=0.0359 t0=[red=0.08 blue=0.92]
[u   63] env=  4128768 rsucc=0.854 n_rounds= 1380 ret=+8.410 len=937.8 ent(t0,t>=1)=(0.186,1.101) aL=-0.0092 vL=0.0336 t0=[red=0.07 blue=0.93]
[u   64] env=  4194304 rsucc=0.843 n_rounds= 1345 ret=+8.525 len=899.1 ent(t0,t>=1)=(0.185,1.123) aL=-0.0108 vL=0.0317 t0=[red=0.08 blue=0.92]
[u   65] env=  4259840 rsucc=0.875 n_rounds= 1403 ret=+7.446 len=980.7 ent(t0,t>=1)=(0.175,1.140) aL=-0.0115 vL=0.0309 t0=[red=0.08 blue=0.92]
[u   66] env=  4325376 rsucc=0.891 n_rounds= 1446 ret=+7.864 len=977.6 ent(t0,t>=1)=(0.156,1.143) aL=-0.0092 vL=0.0313 t0=[red=0.06 blue=0.94]
[u   67] env=  4390912 rsucc=0.882 n_rounds= 1456 ret=+8.283 len=912.9 ent(t0,t>=1)=(0.142,1.146) aL=-0.0097 vL=0.0316 t0=[red=0.06 blue=0.94]
[u   68] env=  4456448 rsucc=0.876 n_rounds= 1422 ret=+9.400 len=830.7 ent(t0,t>=1)=(0.139,1.140) aL=-0.0108 vL=0.0328 t0=[red=0.05 blue=0.95]
[u   69] env=  4521984 rsucc=0.891 n_rounds= 1462 ret=+7.626 len=1004.2 ent(t0,t>=1)=(0.126,1.146) aL=-0.0110 vL=0.0318 t0=[red=0.05 blue=0.95]
[u   70] env=  4587520 rsucc=0.867 n_rounds= 1411 ret=+8.603 len=906.6 ent(t0,t>=1)=(0.145,1.151) aL=-0.0103 vL=0.0317 t0=[red=0.06 blue=0.94]
[u   71] env=  4653056 rsucc=0.899 n_rounds= 1480 ret=+8.543 len=921.7 ent(t0,t>=1)=(0.149,1.129) aL=-0.0101 vL=0.0309 t0=[red=0.05 blue=0.95]
[u   72] env=  4718592 rsucc=0.895 n_rounds= 1446 ret=+8.931 len=882.5 ent(t0,t>=1)=(0.135,1.107) aL=-0.0096 vL=0.0316 t0=[red=0.04 blue=0.96]
[u   73] env=  4784128 rsucc=0.893 n_rounds= 1487 ret=+8.811 len=915.2 ent(t0,t>=1)=(0.127,1.102) aL=-0.0104 vL=0.0318 t0=[red=0.06 blue=0.94]
[u   74] env=  4849664 rsucc=0.879 n_rounds= 1444 ret=+10.089 len=833.0 ent(t0,t>=1)=(0.129,1.085) aL=-0.0100 vL=0.0335 t0=[red=0.05 blue=0.95]
[u   75] env=  4915200 rsucc=0.881 n_rounds= 1431 ret=+9.195 len=926.3 ent(t0,t>=1)=(0.159,1.085) aL=-0.0102 vL=0.0289 t0=[red=0.06 blue=0.94]
[u   76] env=  4980736 rsucc=0.908 n_rounds= 1480 ret=+9.194 len=876.7 ent(t0,t>=1)=(0.152,1.062) aL=-0.0105 vL=0.0329 t0=[red=0.06 blue=0.94]
[u   77] env=  5046272 rsucc=0.901 n_rounds= 1481 ret=+9.002 len=902.5 ent(t0,t>=1)=(0.134,1.037) aL=-0.0100 vL=0.0312 t0=[red=0.04 blue=0.96]
[u   78] env=  5111808 rsucc=0.898 n_rounds= 1451 ret=+8.575 len=920.1 ent(t0,t>=1)=(0.131,1.047) aL=-0.0088 vL=0.0317 t0=[red=0.05 blue=0.95]
[u   79] env=  5177344 rsucc=0.902 n_rounds= 1473 ret=+8.114 len=959.3 ent(t0,t>=1)=(0.136,1.068) aL=-0.0116 vL=0.0337 t0=[red=0.07 blue=0.93]
[u   80] env=  5242880 rsucc=0.901 n_rounds= 1465 ret=+9.039 len=890.1 ent(t0,t>=1)=(0.155,1.099) aL=-0.0109 vL=0.0315 t0=[red=0.06 blue=0.94]
[u   81] env=  5308416 rsucc=0.875 n_rounds= 1478 ret=+10.198 len=831.9 ent(t0,t>=1)=(0.133,1.111) aL=-0.0108 vL=0.0357 t0=[red=0.06 blue=0.94]
[u   82] env=  5373952 rsucc=0.896 n_rounds= 1542 ret=+9.367 len=872.0 ent(t0,t>=1)=(0.111,1.077) aL=-0.0116 vL=0.0359 t0=[red=0.04 blue=0.96]
[u   83] env=  5439488 rsucc=0.924 n_rounds= 1533 ret=+9.371 len=872.5 ent(t0,t>=1)=(0.139,1.101) aL=-0.0127 vL=0.0320 t0=[red=0.05 blue=0.95]
[u   84] env=  5505024 rsucc=0.879 n_rounds= 1409 ret=+9.520 len=900.7 ent(t0,t>=1)=(0.112,1.120) aL=-0.0113 vL=0.0308 t0=[red=0.05 blue=0.95]
[u   85] env=  5570560 rsucc=0.891 n_rounds= 1390 ret=+9.712 len=875.9 ent(t0,t>=1)=(0.092,1.100) aL=-0.0114 vL=0.0290 t0=[red=0.04 blue=0.96]
[u   86] env=  5636096 rsucc=0.870 n_rounds= 1459 ret=+8.429 len=895.2 ent(t0,t>=1)=(0.091,1.102) aL=-0.0098 vL=0.0328 t0=[red=0.03 blue=0.97]
[u   87] env=  5701632 rsucc=0.905 n_rounds= 1521 ret=+8.771 len=926.1 ent(t0,t>=1)=(0.068,1.086) aL=-0.0102 vL=0.0325 t0=[red=0.03 blue=0.97]
[u   88] env=  5767168 rsucc=0.935 n_rounds= 1595 ret=+9.208 len=901.4 ent(t0,t>=1)=(0.075,1.071) aL=-0.0100 vL=0.0373 t0=[red=0.03 blue=0.97]
[u   89] env=  5832704 rsucc=0.923 n_rounds= 1594 ret=+11.250 len=742.2 ent(t0,t>=1)=(0.101,1.090) aL=-0.0110 vL=0.0388 t0=[red=0.05 blue=0.95]
[u   90] env=  5898240 rsucc=0.917 n_rounds= 1538 ret=+9.508 len=895.9 ent(t0,t>=1)=(0.089,1.093) aL=-0.0106 vL=0.0322 t0=[red=0.04 blue=0.96]
[u   91] env=  5963776 rsucc=0.903 n_rounds= 1498 ret=+10.302 len=840.1 ent(t0,t>=1)=(0.114,1.114) aL=-0.0106 vL=0.0318 t0=[red=0.04 blue=0.96]
[u   92] env=  6029312 rsucc=0.912 n_rounds= 1471 ret=+9.605 len=895.1 ent(t0,t>=1)=(0.108,1.103) aL=-0.0133 vL=0.0300 t0=[red=0.06 blue=0.94]
[u   93] env=  6094848 rsucc=0.888 n_rounds= 1418 ret=+9.511 len=894.4 ent(t0,t>=1)=(0.106,1.104) aL=-0.0121 vL=0.0289 t0=[red=0.05 blue=0.95]
[u   94] env=  6160384 rsucc=0.914 n_rounds= 1512 ret=+9.220 len=863.4 ent(t0,t>=1)=(0.109,1.089) aL=-0.0121 vL=0.0321 t0=[red=0.04 blue=0.96]
[u   95] env=  6225920 rsucc=0.906 n_rounds= 1489 ret=+8.820 len=907.9 ent(t0,t>=1)=(0.124,1.103) aL=-0.0119 vL=0.0312 t0=[red=0.05 blue=0.95]
[u   96] env=  6291456 rsucc=0.920 n_rounds= 1522 ret=+9.876 len=856.4 ent(t0,t>=1)=(0.115,1.117) aL=-0.0132 vL=0.0359 t0=[red=0.07 blue=0.93]
[u   97] env=  6356992 rsucc=0.905 n_rounds= 1470 ret=+8.623 len=962.0 ent(t0,t>=1)=(0.130,1.116) aL=-0.0114 vL=0.0323 t0=[red=0.05 blue=0.95]
[u   98] env=  6422528 rsucc=0.896 n_rounds= 1504 ret=+10.289 len=815.9 ent(t0,t>=1)=(0.142,1.120) aL=-0.0109 vL=0.0322 t0=[red=0.07 blue=0.93]
[u   99] env=  6488064 rsucc=0.918 n_rounds= 1451 ret=+9.070 len=924.6 ent(t0,t>=1)=(0.181,1.120) aL=-0.0133 vL=0.0294 t0=[red=0.10 blue=0.90]
[u  100] env=  6553600 rsucc=0.870 n_rounds= 1458 ret=+8.865 len=934.1 ent(t0,t>=1)=(0.190,1.141) aL=-0.0112 vL=0.0351 t0=[red=0.07 blue=0.93]
[u  101] env=  6619136 rsucc=0.920 n_rounds= 1507 ret=+9.627 len=860.4 ent(t0,t>=1)=(0.183,1.160) aL=-0.0135 vL=0.0325 t0=[red=0.08 blue=0.92]
[u  102] env=  6684672 rsucc=0.871 n_rounds= 1340 ret=+9.826 len=846.2 ent(t0,t>=1)=(0.181,1.143) aL=-0.0118 vL=0.0293 t0=[red=0.11 blue=0.89]
[u  103] env=  6750208 rsucc=0.883 n_rounds= 1386 ret=+8.871 len=923.4 ent(t0,t>=1)=(0.210,1.168) aL=-0.0122 vL=0.0319 t0=[red=0.08 blue=0.92]
[u  104] env=  6815744 rsucc=0.901 n_rounds= 1514 ret=+8.376 len=938.1 ent(t0,t>=1)=(0.174,1.146) aL=-0.0131 vL=0.0344 t0=[red=0.09 blue=0.91]
[u  105] env=  6881280 rsucc=0.933 n_rounds= 1656 ret=+9.208 len=885.8 ent(t0,t>=1)=(0.135,1.125) aL=-0.0134 vL=0.0348 t0=[red=0.07 blue=0.93]
[u  106] env=  6946816 rsucc=0.927 n_rounds= 1530 ret=+9.590 len=871.8 ent(t0,t>=1)=(0.184,1.161) aL=-0.0127 vL=0.0315 t0=[red=0.09 blue=0.91]
[u  107] env=  7012352 rsucc=0.904 n_rounds= 1501 ret=+10.327 len=840.0 ent(t0,t>=1)=(0.161,1.146) aL=-0.0119 vL=0.0310 t0=[red=0.08 blue=0.92]
[u  108] env=  7077888 rsucc=0.915 n_rounds= 1471 ret=+10.177 len=850.8 ent(t0,t>=1)=(0.164,1.138) aL=-0.0126 vL=0.0295 t0=[red=0.06 blue=0.94]
[u  109] env=  7143424 rsucc=0.885 n_rounds= 1443 ret=+9.947 len=856.9 ent(t0,t>=1)=(0.163,1.123) aL=-0.0113 vL=0.0332 t0=[red=0.08 blue=0.92]
[u  110] env=  7208960 rsucc=0.919 n_rounds= 1541 ret=+8.819 len=925.2 ent(t0,t>=1)=(0.163,1.116) aL=-0.0139 vL=0.0300 t0=[red=0.08 blue=0.92]
[u  111] env=  7274496 rsucc=0.896 n_rounds= 1456 ret=+9.923 len=844.1 ent(t0,t>=1)=(0.186,1.103) aL=-0.0111 vL=0.0286 t0=[red=0.09 blue=0.91]
[u  112] env=  7340032 rsucc=0.911 n_rounds= 1557 ret=+8.811 len=935.4 ent(t0,t>=1)=(0.194,1.113) aL=-0.0111 vL=0.0324 t0=[red=0.12 blue=0.88]
[u  113] env=  7405568 rsucc=0.943 n_rounds= 1583 ret=+10.510 len=810.1 ent(t0,t>=1)=(0.193,1.107) aL=-0.0141 vL=0.0338 t0=[red=0.11 blue=0.89]
[u  114] env=  7471104 rsucc=0.897 n_rounds= 1459 ret=+9.476 len=900.7 ent(t0,t>=1)=(0.199,1.115) aL=-0.0115 vL=0.0297 t0=[red=0.10 blue=0.90]
[u  115] env=  7536640 rsucc=0.911 n_rounds= 1571 ret=+9.501 len=896.2 ent(t0,t>=1)=(0.164,1.100) aL=-0.0124 vL=0.0358 t0=[red=0.08 blue=0.92]
[u  116] env=  7602176 rsucc=0.931 n_rounds= 1615 ret=+10.463 len=800.0 ent(t0,t>=1)=(0.156,1.102) aL=-0.0127 vL=0.0347 t0=[red=0.07 blue=0.93]
[u  117] env=  7667712 rsucc=0.900 n_rounds= 1442 ret=+9.835 len=858.3 ent(t0,t>=1)=(0.175,1.135) aL=-0.0113 vL=0.0281 t0=[red=0.09 blue=0.91]
[u  118] env=  7733248 rsucc=0.868 n_rounds= 1372 ret=+9.353 len=919.0 ent(t0,t>=1)=(0.220,1.164) aL=-0.0118 vL=0.0314 t0=[red=0.13 blue=0.87]
[u  119] env=  7798784 rsucc=0.906 n_rounds= 1436 ret=+8.915 len=886.4 ent(t0,t>=1)=(0.195,1.129) aL=-0.0133 vL=0.0321 t0=[red=0.12 blue=0.88]
[u  120] env=  7864320 rsucc=0.914 n_rounds= 1513 ret=+8.853 len=889.9 ent(t0,t>=1)=(0.176,1.103) aL=-0.0133 vL=0.0335 t0=[red=0.10 blue=0.90]
[u  121] env=  7929856 rsucc=0.895 n_rounds= 1413 ret=+9.825 len=882.2 ent(t0,t>=1)=(0.190,1.101) aL=-0.0124 vL=0.0289 t0=[red=0.10 blue=0.90]
[u  122] env=  7995392 rsucc=0.901 n_rounds= 1426 ret=+8.944 len=953.1 ent(t0,t>=1)=(0.205,1.114) aL=-0.0135 vL=0.0305 t0=[red=0.09 blue=0.91]
[u  123] env=  8060928 rsucc=0.922 n_rounds= 1567 ret=+9.666 len=860.9 ent(t0,t>=1)=(0.187,1.106) aL=-0.0138 vL=0.0360 t0=[red=0.10 blue=0.90]
[u  124] env=  8126464 rsucc=0.934 n_rounds= 1608 ret=+9.423 len=895.1 ent(t0,t>=1)=(0.217,1.121) aL=-0.0143 vL=0.0330 t0=[red=0.14 blue=0.86]
[u  125] env=  8192000 rsucc=0.922 n_rounds= 1520 ret=+10.074 len=857.8 ent(t0,t>=1)=(0.217,1.112) aL=-0.0123 vL=0.0334 t0=[red=0.12 blue=0.88]
[u  126] env=  8257536 rsucc=0.923 n_rounds= 1496 ret=+9.938 len=860.3 ent(t0,t>=1)=(0.211,1.091) aL=-0.0134 vL=0.0334 t0=[red=0.15 blue=0.85]
[u  127] env=  8323072 rsucc=0.921 n_rounds= 1517 ret=+10.500 len=839.1 ent(t0,t>=1)=(0.222,1.094) aL=-0.0144 vL=0.0312 t0=[red=0.15 blue=0.85]
[u  128] env=  8388608 rsucc=0.925 n_rounds= 1475 ret=+10.312 len=834.8 ent(t0,t>=1)=(0.246,1.104) aL=-0.0136 vL=0.0323 t0=[red=0.14 blue=0.86]
[u  129] env=  8454144 rsucc=0.918 n_rounds= 1530 ret=+10.165 len=854.6 ent(t0,t>=1)=(0.254,1.115) aL=-0.0124 vL=0.0327 t0=[red=0.14 blue=0.86]
[u  130] env=  8519680 rsucc=0.914 n_rounds= 1473 ret=+9.838 len=889.2 ent(t0,t>=1)=(0.249,1.108) aL=-0.0136 vL=0.0298 t0=[red=0.15 blue=0.85]
[u  131] env=  8585216 rsucc=0.926 n_rounds= 1508 ret=+10.461 len=845.0 ent(t0,t>=1)=(0.258,1.117) aL=-0.0145 vL=0.0299 t0=[red=0.21 blue=0.79]
[u  132] env=  8650752 rsucc=0.866 n_rounds= 1335 ret=+9.416 len=931.5 ent(t0,t>=1)=(0.305,1.146) aL=-0.0130 vL=0.0282 t0=[red=0.29 blue=0.71]
[u  133] env=  8716288 rsucc=0.915 n_rounds= 1558 ret=+8.750 len=928.7 ent(t0,t>=1)=(0.294,1.120) aL=-0.0135 vL=0.0329 t0=[red=0.29 blue=0.71]
[u  134] env=  8781824 rsucc=0.906 n_rounds= 1472 ret=+8.921 len=900.3 ent(t0,t>=1)=(0.303,1.113) aL=-0.0134 vL=0.0302 t0=[red=0.22 blue=0.78]
[u  135] env=  8847360 rsucc=0.883 n_rounds= 1443 ret=+8.400 len=933.3 ent(t0,t>=1)=(0.282,1.128) aL=-0.0133 vL=0.0304 t0=[red=0.28 blue=0.72]
[u  136] env=  8912896 rsucc=0.898 n_rounds= 1456 ret=+9.478 len=878.0 ent(t0,t>=1)=(0.312,1.123) aL=-0.0132 vL=0.0308 t0=[red=0.26 blue=0.74]
[u  137] env=  8978432 rsucc=0.905 n_rounds= 1460 ret=+9.063 len=909.0 ent(t0,t>=1)=(0.248,1.097) aL=-0.0128 vL=0.0298 t0=[red=0.19 blue=0.81]
[u  138] env=  9043968 rsucc=0.906 n_rounds= 1493 ret=+9.634 len=859.9 ent(t0,t>=1)=(0.253,1.110) aL=-0.0139 vL=0.0312 t0=[red=0.19 blue=0.81]
[u  139] env=  9109504 rsucc=0.911 n_rounds= 1497 ret=+10.075 len=826.5 ent(t0,t>=1)=(0.275,1.112) aL=-0.0145 vL=0.0316 t0=[red=0.19 blue=0.81]
[u  140] env=  9175040 rsucc=0.942 n_rounds= 1541 ret=+8.797 len=948.9 ent(t0,t>=1)=(0.285,1.117) aL=-0.0135 vL=0.0300 t0=[red=0.21 blue=0.79]
[u  141] env=  9240576 rsucc=0.923 n_rounds= 1541 ret=+9.703 len=881.8 ent(t0,t>=1)=(0.276,1.104) aL=-0.0132 vL=0.0306 t0=[red=0.22 blue=0.78]
[u  142] env=  9306112 rsucc=0.917 n_rounds= 1505 ret=+10.399 len=831.5 ent(t0,t>=1)=(0.285,1.106) aL=-0.0141 vL=0.0306 t0=[red=0.25 blue=0.75]
[u  143] env=  9371648 rsucc=0.907 n_rounds= 1470 ret=+10.245 len=852.5 ent(t0,t>=1)=(0.269,1.140) aL=-0.0138 vL=0.0312 t0=[red=0.23 blue=0.77]
[u  144] env=  9437184 rsucc=0.910 n_rounds= 1587 ret=+9.626 len=907.6 ent(t0,t>=1)=(0.256,1.107) aL=-0.0139 vL=0.0332 t0=[red=0.20 blue=0.80]
[u  145] env=  9502720 rsucc=0.920 n_rounds= 1524 ret=+10.145 len=838.0 ent(t0,t>=1)=(0.280,1.125) aL=-0.0129 vL=0.0303 t0=[red=0.27 blue=0.73]
[u  146] env=  9568256 rsucc=0.915 n_rounds= 1561 ret=+9.298 len=883.6 ent(t0,t>=1)=(0.265,1.132) aL=-0.0139 vL=0.0331 t0=[red=0.22 blue=0.78]
[u  147] env=  9633792 rsucc=0.925 n_rounds= 1475 ret=+9.425 len=887.4 ent(t0,t>=1)=(0.234,1.137) aL=-0.0133 vL=0.0304 t0=[red=0.19 blue=0.81]
[u  148] env=  9699328 rsucc=0.905 n_rounds= 1498 ret=+9.725 len=861.4 ent(t0,t>=1)=(0.281,1.145) aL=-0.0135 vL=0.0330 t0=[red=0.23 blue=0.77]
[u  149] env=  9764864 rsucc=0.929 n_rounds= 1590 ret=+10.515 len=819.8 ent(t0,t>=1)=(0.255,1.137) aL=-0.0138 vL=0.0323 t0=[red=0.20 blue=0.80]
[u  150] env=  9830400 rsucc=0.953 n_rounds= 1650 ret=+10.512 len=831.1 ent(t0,t>=1)=(0.254,1.126) aL=-0.0147 vL=0.0321 t0=[red=0.20 blue=0.80]
[u  151] env=  9895936 rsucc=0.938 n_rounds= 1557 ret=+10.319 len=849.9 ent(t0,t>=1)=(0.227,1.132) aL=-0.0132 vL=0.0285 t0=[red=0.19 blue=0.81]
[u  152] env=  9961472 rsucc=0.916 n_rounds= 1484 ret=+11.357 len=783.3 ent(t0,t>=1)=(0.278,1.147) aL=-0.0138 vL=0.0288 t0=[red=0.24 blue=0.76]
[u  153] env= 10027008 rsucc=0.943 n_rounds= 1515 ret=+10.419 len=841.2 ent(t0,t>=1)=(0.256,1.139) aL=-0.0136 vL=0.0327 t0=[red=0.23 blue=0.77]
[u  154] env= 10092544 rsucc=0.903 n_rounds= 1424 ret=+10.377 len=853.8 ent(t0,t>=1)=(0.280,1.108) aL=-0.0134 vL=0.0290 t0=[red=0.22 blue=0.78]
[u  155] env= 10158080 rsucc=0.926 n_rounds= 1492 ret=+9.457 len=926.6 ent(t0,t>=1)=(0.296,1.103) aL=-0.0134 vL=0.0307 t0=[red=0.25 blue=0.75]
[u  156] env= 10223616 rsucc=0.926 n_rounds= 1504 ret=+9.094 len=888.6 ent(t0,t>=1)=(0.319,1.124) aL=-0.0136 vL=0.0296 t0=[red=0.29 blue=0.71]
[u  157] env= 10289152 rsucc=0.905 n_rounds= 1448 ret=+10.055 len=877.6 ent(t0,t>=1)=(0.303,1.101) aL=-0.0131 vL=0.0305 t0=[red=0.25 blue=0.75]
[u  158] env= 10354688 rsucc=0.911 n_rounds= 1494 ret=+9.665 len=896.1 ent(t0,t>=1)=(0.309,1.116) aL=-0.0142 vL=0.0308 t0=[red=0.28 blue=0.72]
[u  159] env= 10420224 rsucc=0.939 n_rounds= 1579 ret=+9.480 len=906.0 ent(t0,t>=1)=(0.301,1.125) aL=-0.0139 vL=0.0314 t0=[red=0.25 blue=0.75]
[u  160] env= 10485760 rsucc=0.939 n_rounds= 1598 ret=+10.379 len=829.3 ent(t0,t>=1)=(0.277,1.146) aL=-0.0146 vL=0.0308 t0=[red=0.26 blue=0.74]
[u  161] env= 10551296 rsucc=0.924 n_rounds= 1556 ret=+9.906 len=871.4 ent(t0,t>=1)=(0.271,1.129) aL=-0.0128 vL=0.0318 t0=[red=0.29 blue=0.71]
[u  162] env= 10616832 rsucc=0.931 n_rounds= 1508 ret=+10.207 len=854.4 ent(t0,t>=1)=(0.317,1.140) aL=-0.0144 vL=0.0318 t0=[red=0.30 blue=0.70]
[u  163] env= 10682368 rsucc=0.907 n_rounds= 1452 ret=+10.634 len=829.0 ent(t0,t>=1)=(0.347,1.144) aL=-0.0141 vL=0.0294 t0=[red=0.34 blue=0.66]
[u  164] env= 10747904 rsucc=0.926 n_rounds= 1541 ret=+10.126 len=861.2 ent(t0,t>=1)=(0.356,1.156) aL=-0.0136 vL=0.0311 t0=[red=0.33 blue=0.67]
[u  165] env= 10813440 rsucc=0.919 n_rounds= 1474 ret=+9.264 len=912.5 ent(t0,t>=1)=(0.316,1.164) aL=-0.0129 vL=0.0297 t0=[red=0.34 blue=0.66]
[u  166] env= 10878976 rsucc=0.908 n_rounds= 1433 ret=+9.994 len=876.8 ent(t0,t>=1)=(0.345,1.150) aL=-0.0148 vL=0.0282 t0=[red=0.42 blue=0.58]
[u  167] env= 10944512 rsucc=0.939 n_rounds= 1560 ret=+9.575 len=878.4 ent(t0,t>=1)=(0.315,1.115) aL=-0.0149 vL=0.0310 t0=[red=0.29 blue=0.71]
[u  168] env= 11010048 rsucc=0.910 n_rounds= 1554 ret=+9.902 len=881.2 ent(t0,t>=1)=(0.275,1.133) aL=-0.0142 vL=0.0337 t0=[red=0.27 blue=0.73]
[u  169] env= 11075584 rsucc=0.916 n_rounds= 1502 ret=+10.318 len=842.3 ent(t0,t>=1)=(0.302,1.105) aL=-0.0129 vL=0.0331 t0=[red=0.31 blue=0.69]
[u  170] env= 11141120 rsucc=0.934 n_rounds= 1592 ret=+10.364 len=825.5 ent(t0,t>=1)=(0.298,1.116) aL=-0.0140 vL=0.0336 t0=[red=0.26 blue=0.74]
[u  171] env= 11206656 rsucc=0.916 n_rounds= 1504 ret=+10.217 len=862.2 ent(t0,t>=1)=(0.279,1.137) aL=-0.0124 vL=0.0314 t0=[red=0.29 blue=0.71]
[u  172] env= 11272192 rsucc=0.929 n_rounds= 1541 ret=+9.997 len=838.5 ent(t0,t>=1)=(0.294,1.120) aL=-0.0118 vL=0.0316 t0=[red=0.29 blue=0.71]
[u  173] env= 11337728 rsucc=0.913 n_rounds= 1523 ret=+10.063 len=860.7 ent(t0,t>=1)=(0.332,1.115) aL=-0.0137 vL=0.0328 t0=[red=0.31 blue=0.69]
[u  174] env= 11403264 rsucc=0.893 n_rounds= 1464 ret=+9.770 len=874.3 ent(t0,t>=1)=(0.323,1.130) aL=-0.0132 vL=0.0315 t0=[red=0.35 blue=0.65]
[u  175] env= 11468800 rsucc=0.910 n_rounds= 1495 ret=+9.385 len=903.0 ent(t0,t>=1)=(0.324,1.113) aL=-0.0133 vL=0.0307 t0=[red=0.34 blue=0.66]
[u  176] env= 11534336 rsucc=0.912 n_rounds= 1496 ret=+9.656 len=846.8 ent(t0,t>=1)=(0.303,1.101) aL=-0.0138 vL=0.0314 t0=[red=0.25 blue=0.75]
[u  177] env= 11599872 rsucc=0.928 n_rounds= 1589 ret=+10.412 len=813.0 ent(t0,t>=1)=(0.281,1.083) aL=-0.0122 vL=0.0325 t0=[red=0.22 blue=0.78]
[u  178] env= 11665408 rsucc=0.917 n_rounds= 1507 ret=+9.604 len=882.5 ent(t0,t>=1)=(0.317,1.085) aL=-0.0130 vL=0.0292 t0=[red=0.29 blue=0.71]
[u  179] env= 11730944 rsucc=0.923 n_rounds= 1568 ret=+9.743 len=904.7 ent(t0,t>=1)=(0.311,1.072) aL=-0.0136 vL=0.0330 t0=[red=0.33 blue=0.67]
[u  180] env= 11796480 rsucc=0.925 n_rounds= 1551 ret=+10.364 len=799.0 ent(t0,t>=1)=(0.307,1.084) aL=-0.0142 vL=0.0327 t0=[red=0.23 blue=0.77]
[u  181] env= 11862016 rsucc=0.939 n_rounds= 1561 ret=+9.791 len=881.2 ent(t0,t>=1)=(0.272,1.079) aL=-0.0148 vL=0.0309 t0=[red=0.26 blue=0.74]
[u  182] env= 11927552 rsucc=0.896 n_rounds= 1477 ret=+10.160 len=849.8 ent(t0,t>=1)=(0.280,1.063) aL=-0.0140 vL=0.0301 t0=[red=0.24 blue=0.76]
[u  183] env= 11993088 rsucc=0.942 n_rounds= 1611 ret=+10.206 len=850.9 ent(t0,t>=1)=(0.268,1.055) aL=-0.0138 vL=0.0317 t0=[red=0.20 blue=0.80]
[u  184] env= 12058624 rsucc=0.956 n_rounds= 1622 ret=+10.618 len=809.9 ent(t0,t>=1)=(0.217,1.038) aL=-0.0126 vL=0.0323 t0=[red=0.21 blue=0.79]
[u  185] env= 12124160 rsucc=0.940 n_rounds= 1582 ret=+11.356 len=779.7 ent(t0,t>=1)=(0.221,1.039) aL=-0.0125 vL=0.0326 t0=[red=0.20 blue=0.80]
[u  186] env= 12189696 rsucc=0.947 n_rounds= 1602 ret=+10.455 len=864.5 ent(t0,t>=1)=(0.228,1.055) aL=-0.0134 vL=0.0325 t0=[red=0.22 blue=0.78]
[u  187] env= 12255232 rsucc=0.922 n_rounds= 1568 ret=+10.204 len=867.9 ent(t0,t>=1)=(0.255,1.058) aL=-0.0121 vL=0.0317 t0=[red=0.29 blue=0.71]
[u  188] env= 12320768 rsucc=0.885 n_rounds= 1474 ret=+10.444 len=824.6 ent(t0,t>=1)=(0.296,1.055) aL=-0.0120 vL=0.0322 t0=[red=0.27 blue=0.73]
[u  189] env= 12386304 rsucc=0.920 n_rounds= 1519 ret=+10.346 len=837.1 ent(t0,t>=1)=(0.295,1.044) aL=-0.0128 vL=0.0313 t0=[red=0.27 blue=0.73]
[u  190] env= 12451840 rsucc=0.902 n_rounds= 1494 ret=+10.362 len=840.7 ent(t0,t>=1)=(0.268,1.048) aL=-0.0164 vL=0.0333 t0=[red=0.24 blue=0.76]
[u  191] env= 12517376 rsucc=0.913 n_rounds= 1536 ret=+9.719 len=847.4 ent(t0,t>=1)=(0.258,1.041) aL=-0.0140 vL=0.0316 t0=[red=0.23 blue=0.77]
[u  192] env= 12582912 rsucc=0.930 n_rounds= 1539 ret=+9.047 len=926.4 ent(t0,t>=1)=(0.225,1.039) aL=-0.0142 vL=0.0312 t0=[red=0.22 blue=0.78]
[u  193] env= 12648448 rsucc=0.946 n_rounds= 1595 ret=+9.938 len=836.7 ent(t0,t>=1)=(0.250,1.046) aL=-0.0137 vL=0.0318 t0=[red=0.21 blue=0.79]
[u  194] env= 12713984 rsucc=0.946 n_rounds= 1582 ret=+10.893 len=824.3 ent(t0,t>=1)=(0.212,1.048) aL=-0.0134 vL=0.0327 t0=[red=0.17 blue=0.83]
[u  195] env= 12779520 rsucc=0.948 n_rounds= 1656 ret=+10.931 len=809.3 ent(t0,t>=1)=(0.191,1.057) aL=-0.0133 vL=0.0343 t0=[red=0.15 blue=0.85]
[u  196] env= 12845056 rsucc=0.947 n_rounds= 1614 ret=+11.195 len=799.5 ent(t0,t>=1)=(0.212,1.074) aL=-0.0137 vL=0.0326 t0=[red=0.24 blue=0.76]
[u  197] env= 12910592 rsucc=0.909 n_rounds= 1523 ret=+9.823 len=892.0 ent(t0,t>=1)=(0.255,1.074) aL=-0.0127 vL=0.0347 t0=[red=0.23 blue=0.77]
[u  198] env= 12976128 rsucc=0.906 n_rounds= 1518 ret=+9.978 len=865.4 ent(t0,t>=1)=(0.259,1.092) aL=-0.0127 vL=0.0336 t0=[red=0.25 blue=0.75]
[u  199] env= 13041664 rsucc=0.907 n_rounds= 1488 ret=+9.917 len=851.6 ent(t0,t>=1)=(0.232,1.059) aL=-0.0114 vL=0.0350 t0=[red=0.26 blue=0.74]
[u  200] env= 13107200 rsucc=0.922 n_rounds= 1608 ret=+9.920 len=851.3 ent(t0,t>=1)=(0.202,1.028) aL=-0.0114 vL=0.0357 t0=[red=0.23 blue=0.77]
[u  201] env= 13172736 rsucc=0.913 n_rounds= 1544 ret=+10.274 len=824.7 ent(t0,t>=1)=(0.214,1.042) aL=-0.0124 vL=0.0331 t0=[red=0.22 blue=0.78]
[u  202] env= 13238272 rsucc=0.885 n_rounds= 1458 ret=+9.947 len=872.2 ent(t0,t>=1)=(0.307,1.070) aL=-0.0123 vL=0.0327 t0=[red=0.30 blue=0.70]
[u  203] env= 13303808 rsucc=0.939 n_rounds= 1579 ret=+10.537 len=800.4 ent(t0,t>=1)=(0.251,1.052) aL=-0.0127 vL=0.0308 t0=[red=0.23 blue=0.77]
[u  204] env= 13369344 rsucc=0.941 n_rounds= 1618 ret=+9.583 len=883.7 ent(t0,t>=1)=(0.231,1.064) aL=-0.0138 vL=0.0348 t0=[red=0.28 blue=0.72]
[u  205] env= 13434880 rsucc=0.956 n_rounds= 1694 ret=+10.388 len=834.6 ent(t0,t>=1)=(0.233,1.057) aL=-0.0120 vL=0.0331 t0=[red=0.31 blue=0.69]
[u  206] env= 13500416 rsucc=0.931 n_rounds= 1589 ret=+10.546 len=820.1 ent(t0,t>=1)=(0.315,1.051) aL=-0.0131 vL=0.0301 t0=[red=0.35 blue=0.65]
[u  207] env= 13565952 rsucc=0.928 n_rounds= 1451 ret=+10.842 len=838.5 ent(t0,t>=1)=(0.323,1.042) aL=-0.0133 vL=0.0319 t0=[red=0.31 blue=0.69]
[u  208] env= 13631488 rsucc=0.916 n_rounds= 1535 ret=+10.823 len=807.7 ent(t0,t>=1)=(0.343,1.048) aL=-0.0121 vL=0.0349 t0=[red=0.34 blue=0.66]
[u  209] env= 13697024 rsucc=0.929 n_rounds= 1559 ret=+9.915 len=871.9 ent(t0,t>=1)=(0.230,1.050) aL=-0.0129 vL=0.0313 t0=[red=0.31 blue=0.69]
[u  210] env= 13762560 rsucc=0.922 n_rounds= 1491 ret=+10.252 len=847.8 ent(t0,t>=1)=(0.256,1.084) aL=-0.0121 vL=0.0313 t0=[red=0.30 blue=0.70]
[u  211] env= 13828096 rsucc=0.921 n_rounds= 1567 ret=+9.580 len=881.7 ent(t0,t>=1)=(0.298,1.086) aL=-0.0140 vL=0.0315 t0=[red=0.32 blue=0.68]
[u  212] env= 13893632 rsucc=0.951 n_rounds= 1643 ret=+10.293 len=856.0 ent(t0,t>=1)=(0.291,1.095) aL=-0.0149 vL=0.0325 t0=[red=0.32 blue=0.68]
[u  213] env= 13959168 rsucc=0.953 n_rounds= 1669 ret=+11.179 len=787.6 ent(t0,t>=1)=(0.269,1.109) aL=-0.0136 vL=0.0338 t0=[red=0.28 blue=0.72]
[u  214] env= 14024704 rsucc=0.942 n_rounds= 1574 ret=+11.368 len=779.8 ent(t0,t>=1)=(0.245,1.122) aL=-0.0162 vL=0.0324 t0=[red=0.21 blue=0.79]
[u  215] env= 14090240 rsucc=0.948 n_rounds= 1603 ret=+10.652 len=846.0 ent(t0,t>=1)=(0.241,1.087) aL=-0.0120 vL=0.0318 t0=[red=0.23 blue=0.77]
[u  216] env= 14155776 rsucc=0.940 n_rounds= 1560 ret=+10.987 len=804.6 ent(t0,t>=1)=(0.257,1.120) aL=-0.0135 vL=0.0305 t0=[red=0.34 blue=0.66]
[u  217] env= 14221312 rsucc=0.906 n_rounds= 1514 ret=+10.688 len=825.0 ent(t0,t>=1)=(0.262,1.155) aL=-0.0143 vL=0.0311 t0=[red=0.35 blue=0.65]
[u  218] env= 14286848 rsucc=0.906 n_rounds= 1422 ret=+9.904 len=872.9 ent(t0,t>=1)=(0.310,1.129) aL=-0.0140 vL=0.0318 t0=[red=0.38 blue=0.62]
[u  219] env= 14352384 rsucc=0.936 n_rounds= 1569 ret=+10.254 len=843.1 ent(t0,t>=1)=(0.269,1.110) aL=-0.0135 vL=0.0318 t0=[red=0.37 blue=0.63]
[u  220] env= 14417920 rsucc=0.940 n_rounds= 1595 ret=+10.341 len=859.3 ent(t0,t>=1)=(0.287,1.114) aL=-0.0142 vL=0.0309 t0=[red=0.34 blue=0.66]
[u  221] env= 14483456 rsucc=0.941 n_rounds= 1565 ret=+10.518 len=836.3 ent(t0,t>=1)=(0.295,1.102) aL=-0.0136 vL=0.0325 t0=[red=0.36 blue=0.64]
[u  222] env= 14548992 rsucc=0.914 n_rounds= 1526 ret=+10.033 len=867.6 ent(t0,t>=1)=(0.279,1.117) aL=-0.0130 vL=0.0329 t0=[red=0.33 blue=0.67]
[u  223] env= 14614528 rsucc=0.926 n_rounds= 1525 ret=+10.470 len=851.7 ent(t0,t>=1)=(0.315,1.112) aL=-0.0159 vL=0.0342 t0=[red=0.31 blue=0.69]
[u  224] env= 14680064 rsucc=0.928 n_rounds= 1572 ret=+10.364 len=839.7 ent(t0,t>=1)=(0.266,1.096) aL=-0.0137 vL=0.0301 t0=[red=0.29 blue=0.71]
[u  225] env= 14745600 rsucc=0.918 n_rounds= 1539 ret=+10.422 len=827.8 ent(t0,t>=1)=(0.264,1.102) aL=-0.0133 vL=0.0292 t0=[red=0.30 blue=0.70]
[u  226] env= 14811136 rsucc=0.914 n_rounds= 1497 ret=+9.365 len=886.4 ent(t0,t>=1)=(0.295,1.135) aL=-0.0137 vL=0.0305 t0=[red=0.29 blue=0.71]
[u  227] env= 14876672 rsucc=0.935 n_rounds= 1614 ret=+9.720 len=867.8 ent(t0,t>=1)=(0.300,1.131) aL=-0.0144 vL=0.0353 t0=[red=0.32 blue=0.68]
[u  228] env= 14942208 rsucc=0.941 n_rounds= 1600 ret=+10.452 len=837.0 ent(t0,t>=1)=(0.283,1.123) aL=-0.0143 vL=0.0315 t0=[red=0.36 blue=0.64]
[u  229] env= 15007744 rsucc=0.941 n_rounds= 1646 ret=+10.669 len=823.1 ent(t0,t>=1)=(0.258,1.124) aL=-0.0135 vL=0.0358 t0=[red=0.34 blue=0.66]
[u  230] env= 15073280 rsucc=0.953 n_rounds= 1685 ret=+10.825 len=830.6 ent(t0,t>=1)=(0.253,1.134) aL=-0.0145 vL=0.0352 t0=[red=0.31 blue=0.69]
[u  231] env= 15138816 rsucc=0.950 n_rounds= 1696 ret=+11.377 len=760.8 ent(t0,t>=1)=(0.265,1.114) aL=-0.0137 vL=0.0357 t0=[red=0.30 blue=0.70]
[u  232] env= 15204352 rsucc=0.948 n_rounds= 1660 ret=+11.686 len=759.3 ent(t0,t>=1)=(0.259,1.134) aL=-0.0134 vL=0.0315 t0=[red=0.32 blue=0.68]
[u  233] env= 15269888 rsucc=0.925 n_rounds= 1547 ret=+10.929 len=817.3 ent(t0,t>=1)=(0.300,1.151) aL=-0.0147 vL=0.0333 t0=[red=0.39 blue=0.61]
[u  234] env= 15335424 rsucc=0.920 n_rounds= 1529 ret=+10.902 len=792.8 ent(t0,t>=1)=(0.280,1.127) aL=-0.0138 vL=0.0317 t0=[red=0.37 blue=0.63]
[u  235] env= 15400960 rsucc=0.924 n_rounds= 1579 ret=+10.442 len=845.3 ent(t0,t>=1)=(0.270,1.136) aL=-0.0136 vL=0.0334 t0=[red=0.38 blue=0.62]
[u  236] env= 15466496 rsucc=0.936 n_rounds= 1502 ret=+10.492 len=834.6 ent(t0,t>=1)=(0.273,1.129) aL=-0.0137 vL=0.0303 t0=[red=0.39 blue=0.61]
[u  237] env= 15532032 rsucc=0.917 n_rounds= 1520 ret=+10.333 len=836.0 ent(t0,t>=1)=(0.263,1.162) aL=-0.0143 vL=0.0314 t0=[red=0.37 blue=0.63]
[u  238] env= 15597568 rsucc=0.918 n_rounds= 1510 ret=+10.480 len=833.7 ent(t0,t>=1)=(0.290,1.134) aL=-0.0144 vL=0.0318 t0=[red=0.39 blue=0.61]
[u  239] env= 15663104 rsucc=0.931 n_rounds= 1591 ret=+9.671 len=870.1 ent(t0,t>=1)=(0.256,1.146) aL=-0.0151 vL=0.0315 t0=[red=0.37 blue=0.63]
[u  240] env= 15728640 rsucc=0.928 n_rounds= 1561 ret=+9.729 len=867.7 ent(t0,t>=1)=(0.256,1.136) aL=-0.0131 vL=0.0334 t0=[red=0.34 blue=0.66]
[u  241] env= 15794176 rsucc=0.925 n_rounds= 1569 ret=+10.430 len=839.3 ent(t0,t>=1)=(0.267,1.140) aL=-0.0148 vL=0.0334 t0=[red=0.31 blue=0.69]
[u  242] env= 15859712 rsucc=0.934 n_rounds= 1535 ret=+10.206 len=877.8 ent(t0,t>=1)=(0.236,1.128) aL=-0.0129 vL=0.0325 t0=[red=0.31 blue=0.69]
[u  243] env= 15925248 rsucc=0.957 n_rounds= 1611 ret=+10.103 len=862.4 ent(t0,t>=1)=(0.273,1.139) aL=-0.0158 vL=0.0306 t0=[red=0.35 blue=0.65]
[u  244] env= 15990784 rsucc=0.943 n_rounds= 1601 ret=+10.949 len=790.5 ent(t0,t>=1)=(0.304,1.135) aL=-0.0141 vL=0.0334 t0=[red=0.44 blue=0.56]
[u  245] env= 16056320 rsucc=0.956 n_rounds= 1670 ret=+10.959 len=817.0 ent(t0,t>=1)=(0.268,1.135) aL=-0.0144 vL=0.0337 t0=[red=0.34 blue=0.66]
[u  246] env= 16121856 rsucc=0.929 n_rounds= 1600 ret=+11.361 len=786.6 ent(t0,t>=1)=(0.234,1.147) aL=-0.0146 vL=0.0319 t0=[red=0.36 blue=0.64]
[u  247] env= 16187392 rsucc=0.943 n_rounds= 1608 ret=+11.165 len=790.7 ent(t0,t>=1)=(0.235,1.120) aL=-0.0141 vL=0.0320 t0=[red=0.33 blue=0.67]
[u  248] env= 16252928 rsucc=0.938 n_rounds= 1617 ret=+10.634 len=823.2 ent(t0,t>=1)=(0.207,1.106) aL=-0.0143 vL=0.0327 t0=[red=0.30 blue=0.70]
[u  249] env= 16318464 rsucc=0.935 n_rounds= 1612 ret=+10.680 len=839.5 ent(t0,t>=1)=(0.226,1.118) aL=-0.0138 vL=0.0340 t0=[red=0.34 blue=0.66]
[u  250] env= 16384000 rsucc=0.948 n_rounds= 1605 ret=+11.193 len=790.7 ent(t0,t>=1)=(0.246,1.121) aL=-0.0140 vL=0.0318 t0=[red=0.32 blue=0.68]
[u  251] env= 16449536 rsucc=0.946 n_rounds= 1607 ret=+10.627 len=823.9 ent(t0,t>=1)=(0.216,1.130) aL=-0.0140 vL=0.0320 t0=[red=0.29 blue=0.71]
[u  252] env= 16515072 rsucc=0.933 n_rounds= 1561 ret=+10.720 len=825.5 ent(t0,t>=1)=(0.246,1.143) aL=-0.0143 vL=0.0309 t0=[red=0.33 blue=0.67]
[u  253] env= 16580608 rsucc=0.943 n_rounds= 1633 ret=+10.855 len=822.5 ent(t0,t>=1)=(0.236,1.119) aL=-0.0149 vL=0.0330 t0=[red=0.32 blue=0.68]
[u  254] env= 16646144 rsucc=0.944 n_rounds= 1503 ret=+10.867 len=818.4 ent(t0,t>=1)=(0.245,1.138) aL=-0.0139 vL=0.0299 t0=[red=0.31 blue=0.69]
[u  255] env= 16711680 rsucc=0.925 n_rounds= 1485 ret=+10.552 len=835.4 ent(t0,t>=1)=(0.273,1.152) aL=-0.0152 vL=0.0309 t0=[red=0.36 blue=0.64]
[u  256] env= 16777216 rsucc=0.903 n_rounds= 1491 ret=+9.873 len=876.9 ent(t0,t>=1)=(0.243,1.151) aL=-0.0146 vL=0.0308 t0=[red=0.30 blue=0.70]
[u  257] env= 16842752 rsucc=0.913 n_rounds= 1534 ret=+9.857 len=874.5 ent(t0,t>=1)=(0.255,1.138) aL=-0.0127 vL=0.0299 t0=[red=0.34 blue=0.66]
[u  258] env= 16908288 rsucc=0.922 n_rounds= 1547 ret=+10.272 len=846.8 ent(t0,t>=1)=(0.252,1.113) aL=-0.0140 vL=0.0322 t0=[red=0.35 blue=0.65]
[u  259] env= 16973824 rsucc=0.949 n_rounds= 1551 ret=+9.491 len=889.8 ent(t0,t>=1)=(0.270,1.116) aL=-0.0136 vL=0.0302 t0=[red=0.37 blue=0.63]
[u  260] env= 17039360 rsucc=0.905 n_rounds= 1544 ret=+10.001 len=857.0 ent(t0,t>=1)=(0.235,1.131) aL=-0.0138 vL=0.0336 t0=[red=0.35 blue=0.65]
[u  261] env= 17104896 rsucc=0.946 n_rounds= 1633 ret=+10.932 len=803.2 ent(t0,t>=1)=(0.256,1.108) aL=-0.0149 vL=0.0322 t0=[red=0.38 blue=0.62]
[u  262] env= 17170432 rsucc=0.948 n_rounds= 1620 ret=+11.060 len=806.0 ent(t0,t>=1)=(0.272,1.118) aL=-0.0138 vL=0.0305 t0=[red=0.38 blue=0.62]
[u  263] env= 17235968 rsucc=0.931 n_rounds= 1648 ret=+10.771 len=821.4 ent(t0,t>=1)=(0.229,1.121) aL=-0.0143 vL=0.0339 t0=[red=0.33 blue=0.67]
[u  264] env= 17301504 rsucc=0.954 n_rounds= 1657 ret=+10.961 len=801.1 ent(t0,t>=1)=(0.192,1.101) aL=-0.0145 vL=0.0342 t0=[red=0.42 blue=0.58]
[u  265] env= 17367040 rsucc=0.949 n_rounds= 1652 ret=+11.272 len=788.6 ent(t0,t>=1)=(0.233,1.092) aL=-0.0140 vL=0.0319 t0=[red=0.40 blue=0.60]
[u  266] env= 17432576 rsucc=0.950 n_rounds= 1627 ret=+11.144 len=808.6 ent(t0,t>=1)=(0.219,1.109) aL=-0.0145 vL=0.0300 t0=[red=0.36 blue=0.64]
[u  267] env= 17498112 rsucc=0.920 n_rounds= 1534 ret=+11.288 len=776.0 ent(t0,t>=1)=(0.218,1.117) aL=-0.0155 vL=0.0317 t0=[red=0.31 blue=0.69]
[u  268] env= 17563648 rsucc=0.933 n_rounds= 1626 ret=+10.488 len=831.7 ent(t0,t>=1)=(0.247,1.136) aL=-0.0144 vL=0.0344 t0=[red=0.30 blue=0.70]
[u  269] env= 17629184 rsucc=0.945 n_rounds= 1549 ret=+10.623 len=831.5 ent(t0,t>=1)=(0.297,1.130) aL=-0.0154 vL=0.0318 t0=[red=0.39 blue=0.61]
[u  270] env= 17694720 rsucc=0.937 n_rounds= 1609 ret=+10.488 len=842.7 ent(t0,t>=1)=(0.277,1.116) aL=-0.0151 vL=0.0338 t0=[red=0.39 blue=0.61]
[u  271] env= 17760256 rsucc=0.917 n_rounds= 1544 ret=+11.141 len=794.8 ent(t0,t>=1)=(0.259,1.144) aL=-0.0139 vL=0.0321 t0=[red=0.38 blue=0.62]
[u  272] env= 17825792 rsucc=0.939 n_rounds= 1567 ret=+10.124 len=855.6 ent(t0,t>=1)=(0.285,1.129) aL=-0.0135 vL=0.0326 t0=[red=0.39 blue=0.61]
[u  273] env= 17891328 rsucc=0.940 n_rounds= 1551 ret=+9.907 len=870.1 ent(t0,t>=1)=(0.272,1.131) aL=-0.0157 vL=0.0303 t0=[red=0.45 blue=0.55]
[u  274] env= 17956864 rsucc=0.913 n_rounds= 1485 ret=+11.347 len=772.4 ent(t0,t>=1)=(0.279,1.136) aL=-0.0143 vL=0.0313 t0=[red=0.46 blue=0.54]
[u  275] env= 18022400 rsucc=0.939 n_rounds= 1590 ret=+10.271 len=870.5 ent(t0,t>=1)=(0.265,1.131) aL=-0.0151 vL=0.0311 t0=[red=0.38 blue=0.62]
[u  276] env= 18087936 rsucc=0.945 n_rounds= 1627 ret=+10.065 len=866.0 ent(t0,t>=1)=(0.227,1.156) aL=-0.0142 vL=0.0316 t0=[red=0.35 blue=0.65]
[u  277] env= 18153472 rsucc=0.925 n_rounds= 1658 ret=+10.539 len=821.3 ent(t0,t>=1)=(0.234,1.145) aL=-0.0129 vL=0.0343 t0=[red=0.44 blue=0.56]
[u  278] env= 18219008 rsucc=0.962 n_rounds= 1617 ret=+10.522 len=817.5 ent(t0,t>=1)=(0.253,1.134) aL=-0.0157 vL=0.0311 t0=[red=0.35 blue=0.65]
[u  279] env= 18284544 rsucc=0.955 n_rounds= 1589 ret=+11.112 len=818.6 ent(t0,t>=1)=(0.266,1.111) aL=-0.0139 vL=0.0308 t0=[red=0.44 blue=0.56]
[u  280] env= 18350080 rsucc=0.942 n_rounds= 1560 ret=+11.247 len=813.0 ent(t0,t>=1)=(0.269,1.130) aL=-0.0149 vL=0.0316 t0=[red=0.39 blue=0.61]
[u  281] env= 18415616 rsucc=0.942 n_rounds= 1604 ret=+10.956 len=807.4 ent(t0,t>=1)=(0.253,1.122) aL=-0.0149 vL=0.0318 t0=[red=0.38 blue=0.62]
[u  282] env= 18481152 rsucc=0.952 n_rounds= 1695 ret=+11.004 len=808.6 ent(t0,t>=1)=(0.237,1.143) aL=-0.0143 vL=0.0347 t0=[red=0.33 blue=0.67]
[u  283] env= 18546688 rsucc=0.948 n_rounds= 1611 ret=+11.097 len=800.2 ent(t0,t>=1)=(0.269,1.115) aL=-0.0153 vL=0.0324 t0=[red=0.37 blue=0.63]
[u  284] env= 18612224 rsucc=0.925 n_rounds= 1580 ret=+10.987 len=802.6 ent(t0,t>=1)=(0.251,1.118) aL=-0.0142 vL=0.0335 t0=[red=0.30 blue=0.70]
[u  285] env= 18677760 rsucc=0.947 n_rounds= 1600 ret=+10.823 len=817.8 ent(t0,t>=1)=(0.250,1.111) aL=-0.0150 vL=0.0309 t0=[red=0.29 blue=0.71]
[u  286] env= 18743296 rsucc=0.949 n_rounds= 1575 ret=+10.672 len=842.9 ent(t0,t>=1)=(0.265,1.100) aL=-0.0154 vL=0.0317 t0=[red=0.35 blue=0.65]
[u  287] env= 18808832 rsucc=0.927 n_rounds= 1510 ret=+10.845 len=831.9 ent(t0,t>=1)=(0.255,1.114) aL=-0.0150 vL=0.0314 t0=[red=0.37 blue=0.63]
[u  288] env= 18874368 rsucc=0.953 n_rounds= 1643 ret=+10.370 len=850.8 ent(t0,t>=1)=(0.265,1.105) aL=-0.0162 vL=0.0317 t0=[red=0.37 blue=0.63]
[u  289] env= 18939904 rsucc=0.941 n_rounds= 1600 ret=+10.578 len=834.4 ent(t0,t>=1)=(0.277,1.094) aL=-0.0133 vL=0.0323 t0=[red=0.37 blue=0.63]
[u  290] env= 19005440 rsucc=0.963 n_rounds= 1715 ret=+11.341 len=802.3 ent(t0,t>=1)=(0.240,1.063) aL=-0.0139 vL=0.0310 t0=[red=0.32 blue=0.68]
[u  291] env= 19070976 rsucc=0.940 n_rounds= 1590 ret=+11.483 len=757.6 ent(t0,t>=1)=(0.263,1.086) aL=-0.0154 vL=0.0314 t0=[red=0.39 blue=0.61]
[u  292] env= 19136512 rsucc=0.925 n_rounds= 1537 ret=+11.208 len=802.5 ent(t0,t>=1)=(0.246,1.100) aL=-0.0137 vL=0.0304 t0=[red=0.35 blue=0.65]
[u  293] env= 19202048 rsucc=0.942 n_rounds= 1675 ret=+10.267 len=852.3 ent(t0,t>=1)=(0.246,1.087) aL=-0.0129 vL=0.0325 t0=[red=0.33 blue=0.67]
[u  294] env= 19267584 rsucc=0.946 n_rounds= 1549 ret=+10.912 len=803.1 ent(t0,t>=1)=(0.254,1.097) aL=-0.0136 vL=0.0288 t0=[red=0.43 blue=0.57]
[u  295] env= 19333120 rsucc=0.940 n_rounds= 1604 ret=+10.545 len=842.4 ent(t0,t>=1)=(0.227,1.070) aL=-0.0134 vL=0.0316 t0=[red=0.40 blue=0.60]
[u  296] env= 19398656 rsucc=0.940 n_rounds= 1675 ret=+11.035 len=799.2 ent(t0,t>=1)=(0.208,1.070) aL=-0.0128 vL=0.0335 t0=[red=0.40 blue=0.60]
[u  297] env= 19464192 rsucc=0.952 n_rounds= 1635 ret=+11.046 len=814.4 ent(t0,t>=1)=(0.268,1.091) aL=-0.0142 vL=0.0315 t0=[red=0.40 blue=0.60]
[u  298] env= 19529728 rsucc=0.959 n_rounds= 1642 ret=+11.447 len=781.8 ent(t0,t>=1)=(0.240,1.113) aL=-0.0143 vL=0.0311 t0=[red=0.44 blue=0.56]
[u  299] env= 19595264 rsucc=0.945 n_rounds= 1640 ret=+11.024 len=812.2 ent(t0,t>=1)=(0.265,1.100) aL=-0.0138 vL=0.0338 t0=[red=0.41 blue=0.59]
[u  300] env= 19660800 rsucc=0.934 n_rounds= 1561 ret=+10.907 len=816.1 ent(t0,t>=1)=(0.325,1.091) aL=-0.0138 vL=0.0321 t0=[red=0.40 blue=0.60]
[u  301] env= 19726336 rsucc=0.933 n_rounds= 1605 ret=+11.835 len=754.9 ent(t0,t>=1)=(0.277,1.059) aL=-0.0132 vL=0.0320 t0=[red=0.40 blue=0.60]
[u  302] env= 19791872 rsucc=0.965 n_rounds= 1686 ret=+10.843 len=814.2 ent(t0,t>=1)=(0.264,1.033) aL=-0.0143 vL=0.0322 t0=[red=0.42 blue=0.58]
[u  303] env= 19857408 rsucc=0.922 n_rounds= 1473 ret=+10.829 len=814.0 ent(t0,t>=1)=(0.241,1.070) aL=-0.0135 vL=0.0306 t0=[red=0.46 blue=0.54]
[u  304] env= 19922944 rsucc=0.917 n_rounds= 1564 ret=+10.087 len=869.6 ent(t0,t>=1)=(0.262,1.079) aL=-0.0138 vL=0.0319 t0=[red=0.37 blue=0.63]
[u  305] env= 19988480 rsucc=0.921 n_rounds= 1594 ret=+10.186 len=839.4 ent(t0,t>=1)=(0.265,1.063) aL=-0.0137 vL=0.0341 t0=[red=0.38 blue=0.62]
[u  306] env= 20054016 rsucc=0.953 n_rounds= 1638 ret=+10.747 len=816.3 ent(t0,t>=1)=(0.235,1.053) aL=-0.0136 vL=0.0315 t0=[red=0.40 blue=0.60]
[u  307] env= 20119552 rsucc=0.957 n_rounds= 1708 ret=+11.020 len=791.4 ent(t0,t>=1)=(0.256,1.046) aL=-0.0131 vL=0.0332 t0=[red=0.43 blue=0.57]
[u  308] env= 20185088 rsucc=0.942 n_rounds= 1596 ret=+11.297 len=790.9 ent(t0,t>=1)=(0.282,1.035) aL=-0.0110 vL=0.0324 t0=[red=0.37 blue=0.63]
[u  309] env= 20250624 rsucc=0.937 n_rounds= 1632 ret=+11.255 len=801.9 ent(t0,t>=1)=(0.228,1.048) aL=-0.0129 vL=0.0338 t0=[red=0.37 blue=0.63]
[u  310] env= 20316160 rsucc=0.952 n_rounds= 1611 ret=+10.354 len=847.2 ent(t0,t>=1)=(0.221,1.045) aL=-0.0128 vL=0.0316 t0=[red=0.46 blue=0.54]
[u  311] env= 20381696 rsucc=0.932 n_rounds= 1611 ret=+10.782 len=808.0 ent(t0,t>=1)=(0.247,1.055) aL=-0.0125 vL=0.0350 t0=[red=0.43 blue=0.57]
[u  312] env= 20447232 rsucc=0.917 n_rounds= 1539 ret=+10.917 len=800.6 ent(t0,t>=1)=(0.308,1.065) aL=-0.0129 vL=0.0314 t0=[red=0.45 blue=0.55]
[u  313] env= 20512768 rsucc=0.957 n_rounds= 1728 ret=+11.021 len=820.7 ent(t0,t>=1)=(0.291,1.047) aL=-0.0131 vL=0.0350 t0=[red=0.42 blue=0.58]
[u  314] env= 20578304 rsucc=0.953 n_rounds= 1748 ret=+11.625 len=764.0 ent(t0,t>=1)=(0.275,1.063) aL=-0.0138 vL=0.0343 t0=[red=0.40 blue=0.60]
[u  315] env= 20643840 rsucc=0.936 n_rounds= 1645 ret=+10.795 len=795.3 ent(t0,t>=1)=(0.208,1.053) aL=-0.0137 vL=0.0345 t0=[red=0.41 blue=0.59]
[u  316] env= 20709376 rsucc=0.954 n_rounds= 1626 ret=+11.230 len=793.1 ent(t0,t>=1)=(0.238,1.096) aL=-0.0131 vL=0.0321 t0=[red=0.38 blue=0.62]
[u  317] env= 20774912 rsucc=0.937 n_rounds= 1587 ret=+11.511 len=769.4 ent(t0,t>=1)=(0.254,1.100) aL=-0.0142 vL=0.0314 t0=[red=0.35 blue=0.65]
[u  318] env= 20840448 rsucc=0.944 n_rounds= 1567 ret=+10.939 len=813.3 ent(t0,t>=1)=(0.232,1.088) aL=-0.0160 vL=0.0303 t0=[red=0.44 blue=0.56]
[u  319] env= 20905984 rsucc=0.953 n_rounds= 1618 ret=+10.825 len=823.1 ent(t0,t>=1)=(0.246,1.108) aL=-0.0143 vL=0.0350 t0=[red=0.44 blue=0.56]
[u  320] env= 20971520 rsucc=0.962 n_rounds= 1711 ret=+10.668 len=849.3 ent(t0,t>=1)=(0.262,1.074) aL=-0.0139 vL=0.0329 t0=[red=0.43 blue=0.57]
[u  321] env= 21037056 rsucc=0.942 n_rounds= 1512 ret=+11.579 len=780.3 ent(t0,t>=1)=(0.278,1.081) aL=-0.0138 vL=0.0298 t0=[red=0.47 blue=0.53]
[u  322] env= 21102592 rsucc=0.943 n_rounds= 1631 ret=+11.252 len=805.1 ent(t0,t>=1)=(0.220,1.064) aL=-0.0136 vL=0.0323 t0=[red=0.42 blue=0.58]
[u  323] env= 21168128 rsucc=0.933 n_rounds= 1620 ret=+10.489 len=826.8 ent(t0,t>=1)=(0.246,1.088) aL=-0.0147 vL=0.0311 t0=[red=0.39 blue=0.61]
[u  324] env= 21233664 rsucc=0.942 n_rounds= 1581 ret=+10.652 len=830.1 ent(t0,t>=1)=(0.270,1.122) aL=-0.0147 vL=0.0300 t0=[red=0.45 blue=0.55]
[u  325] env= 21299200 rsucc=0.932 n_rounds= 1553 ret=+10.779 len=829.1 ent(t0,t>=1)=(0.239,1.100) aL=-0.0159 vL=0.0309 t0=[red=0.37 blue=0.63]
[u  326] env= 21364736 rsucc=0.954 n_rounds= 1699 ret=+11.035 len=800.7 ent(t0,t>=1)=(0.232,1.070) aL=-0.0152 vL=0.0333 t0=[red=0.34 blue=0.66]
[u  327] env= 21430272 rsucc=0.940 n_rounds= 1625 ret=+10.810 len=802.5 ent(t0,t>=1)=(0.223,1.065) aL=-0.0140 vL=0.0307 t0=[red=0.43 blue=0.57]
[u  328] env= 21495808 rsucc=0.967 n_rounds= 1732 ret=+11.442 len=799.7 ent(t0,t>=1)=(0.224,1.067) aL=-0.0146 vL=0.0332 t0=[red=0.41 blue=0.59]
[u  329] env= 21561344 rsucc=0.966 n_rounds= 1659 ret=+11.346 len=787.1 ent(t0,t>=1)=(0.242,1.057) aL=-0.0151 vL=0.0307 t0=[red=0.41 blue=0.59]
[u  330] env= 21626880 rsucc=0.963 n_rounds= 1683 ret=+11.427 len=793.3 ent(t0,t>=1)=(0.218,1.065) aL=-0.0140 vL=0.0324 t0=[red=0.41 blue=0.59]
[u  331] env= 21692416 rsucc=0.963 n_rounds= 1723 ret=+12.273 len=749.0 ent(t0,t>=1)=(0.226,1.055) aL=-0.0151 vL=0.0326 t0=[red=0.49 blue=0.51]
[u  332] env= 21757952 rsucc=0.947 n_rounds= 1541 ret=+11.396 len=789.4 ent(t0,t>=1)=(0.215,1.064) aL=-0.0128 vL=0.0318 t0=[red=0.53 blue=0.47]
[u  333] env= 21823488 rsucc=0.920 n_rounds= 1519 ret=+10.986 len=824.6 ent(t0,t>=1)=(0.269,1.066) aL=-0.0136 vL=0.0318 t0=[red=0.50 blue=0.50]
[u  334] env= 21889024 rsucc=0.943 n_rounds= 1620 ret=+10.780 len=824.8 ent(t0,t>=1)=(0.254,1.097) aL=-0.0150 vL=0.0317 t0=[red=0.44 blue=0.56]
[u  335] env= 21954560 rsucc=0.948 n_rounds= 1627 ret=+10.713 len=812.6 ent(t0,t>=1)=(0.215,1.078) aL=-0.0154 vL=0.0306 t0=[red=0.44 blue=0.56]
[u  336] env= 22020096 rsucc=0.934 n_rounds= 1615 ret=+10.687 len=823.2 ent(t0,t>=1)=(0.245,1.101) aL=-0.0150 vL=0.0303 t0=[red=0.48 blue=0.52]
[u  337] env= 22085632 rsucc=0.958 n_rounds= 1743 ret=+10.799 len=807.9 ent(t0,t>=1)=(0.234,1.089) aL=-0.0142 vL=0.0353 t0=[red=0.36 blue=0.64]
[u  338] env= 22151168 rsucc=0.940 n_rounds= 1705 ret=+11.243 len=778.5 ent(t0,t>=1)=(0.256,1.101) aL=-0.0137 vL=0.0364 t0=[red=0.35 blue=0.65]
[u  339] env= 22216704 rsucc=0.942 n_rounds= 1590 ret=+11.221 len=800.7 ent(t0,t>=1)=(0.232,1.104) aL=-0.0142 vL=0.0309 t0=[red=0.38 blue=0.62]
[u  340] env= 22282240 rsucc=0.931 n_rounds= 1559 ret=+10.983 len=802.5 ent(t0,t>=1)=(0.235,1.088) aL=-0.0124 vL=0.0315 t0=[red=0.39 blue=0.61]
[u  341] env= 22347776 rsucc=0.950 n_rounds= 1552 ret=+11.036 len=810.4 ent(t0,t>=1)=(0.202,1.088) aL=-0.0145 vL=0.0292 t0=[red=0.51 blue=0.49]
[u  342] env= 22413312 rsucc=0.957 n_rounds= 1665 ret=+10.982 len=819.2 ent(t0,t>=1)=(0.242,1.086) aL=-0.0135 vL=0.0304 t0=[red=0.45 blue=0.55]
[u  343] env= 22478848 rsucc=0.963 n_rounds= 1769 ret=+11.313 len=791.2 ent(t0,t>=1)=(0.206,1.075) aL=-0.0141 vL=0.0345 t0=[red=0.40 blue=0.60]
[u  344] env= 22544384 rsucc=0.939 n_rounds= 1563 ret=+11.147 len=801.2 ent(t0,t>=1)=(0.249,1.095) aL=-0.0142 vL=0.0328 t0=[red=0.51 blue=0.49]
[u  345] env= 22609920 rsucc=0.945 n_rounds= 1640 ret=+11.006 len=804.9 ent(t0,t>=1)=(0.252,1.085) aL=-0.0143 vL=0.0320 t0=[red=0.46 blue=0.54]
[u  346] env= 22675456 rsucc=0.958 n_rounds= 1647 ret=+11.405 len=784.7 ent(t0,t>=1)=(0.217,1.069) aL=-0.0137 vL=0.0317 t0=[red=0.42 blue=0.58]
[u  347] env= 22740992 rsucc=0.945 n_rounds= 1645 ret=+11.458 len=781.0 ent(t0,t>=1)=(0.236,1.092) aL=-0.0132 vL=0.0334 t0=[red=0.44 blue=0.56]
[u  348] env= 22806528 rsucc=0.954 n_rounds= 1706 ret=+10.843 len=832.4 ent(t0,t>=1)=(0.196,1.083) aL=-0.0139 vL=0.0355 t0=[red=0.36 blue=0.64]
[u  349] env= 22872064 rsucc=0.937 n_rounds= 1627 ret=+10.937 len=808.7 ent(t0,t>=1)=(0.222,1.078) aL=-0.0146 vL=0.0328 t0=[red=0.49 blue=0.51]
[u  350] env= 22937600 rsucc=0.942 n_rounds= 1560 ret=+11.302 len=786.5 ent(t0,t>=1)=(0.254,1.095) aL=-0.0137 vL=0.0320 t0=[red=0.40 blue=0.60]
[u  351] env= 23003136 rsucc=0.939 n_rounds= 1537 ret=+11.397 len=780.6 ent(t0,t>=1)=(0.226,1.112) aL=-0.0136 vL=0.0323 t0=[red=0.40 blue=0.60]
[u  352] env= 23068672 rsucc=0.956 n_rounds= 1643 ret=+10.915 len=826.1 ent(t0,t>=1)=(0.224,1.086) aL=-0.0148 vL=0.0335 t0=[red=0.37 blue=0.63]
[u  353] env= 23134208 rsucc=0.962 n_rounds= 1685 ret=+11.133 len=799.4 ent(t0,t>=1)=(0.197,1.088) aL=-0.0165 vL=0.0338 t0=[red=0.36 blue=0.64]
[u  354] env= 23199744 rsucc=0.928 n_rounds= 1636 ret=+11.163 len=795.6 ent(t0,t>=1)=(0.200,1.109) aL=-0.0133 vL=0.0350 t0=[red=0.33 blue=0.67]
[u  355] env= 23265280 rsucc=0.952 n_rounds= 1734 ret=+11.295 len=794.2 ent(t0,t>=1)=(0.209,1.077) aL=-0.0145 vL=0.0373 t0=[red=0.32 blue=0.68]
[u  356] env= 23330816 rsucc=0.957 n_rounds= 1697 ret=+11.298 len=797.1 ent(t0,t>=1)=(0.200,1.078) aL=-0.0128 vL=0.0329 t0=[red=0.32 blue=0.68]
[u  357] env= 23396352 rsucc=0.923 n_rounds= 1523 ret=+10.922 len=780.8 ent(t0,t>=1)=(0.258,1.068) aL=-0.0145 vL=0.0326 t0=[red=0.44 blue=0.56]
[u  358] env= 23461888 rsucc=0.942 n_rounds= 1637 ret=+10.889 len=805.9 ent(t0,t>=1)=(0.213,1.084) aL=-0.0143 vL=0.0332 t0=[red=0.40 blue=0.60]
[u  359] env= 23527424 rsucc=0.968 n_rounds= 1728 ret=+11.180 len=815.2 ent(t0,t>=1)=(0.219,1.071) aL=-0.0159 vL=0.0334 t0=[red=0.43 blue=0.57]
[u  360] env= 23592960 rsucc=0.962 n_rounds= 1689 ret=+11.777 len=773.5 ent(t0,t>=1)=(0.215,1.076) aL=-0.0144 vL=0.0325 t0=[red=0.39 blue=0.61]
[u  361] env= 23658496 rsucc=0.951 n_rounds= 1587 ret=+11.489 len=779.4 ent(t0,t>=1)=(0.223,1.088) aL=-0.0141 vL=0.0311 t0=[red=0.40 blue=0.60]
[u  362] env= 23724032 rsucc=0.965 n_rounds= 1696 ret=+10.973 len=831.3 ent(t0,t>=1)=(0.191,1.094) aL=-0.0145 vL=0.0333 t0=[red=0.42 blue=0.58]
[u  363] env= 23789568 rsucc=0.962 n_rounds= 1745 ret=+11.390 len=786.0 ent(t0,t>=1)=(0.222,1.087) aL=-0.0157 vL=0.0351 t0=[red=0.48 blue=0.52]
[u  364] env= 23855104 rsucc=0.948 n_rounds= 1664 ret=+11.856 len=755.7 ent(t0,t>=1)=(0.237,1.108) aL=-0.0152 vL=0.0364 t0=[red=0.46 blue=0.54]
[u  365] env= 23920640 rsucc=0.967 n_rounds= 1754 ret=+11.756 len=766.3 ent(t0,t>=1)=(0.226,1.098) aL=-0.0149 vL=0.0336 t0=[red=0.46 blue=0.54]
[u  366] env= 23986176 rsucc=0.954 n_rounds= 1578 ret=+11.805 len=764.0 ent(t0,t>=1)=(0.233,1.098) aL=-0.0141 vL=0.0329 t0=[red=0.40 blue=0.60]
[u  367] env= 24051712 rsucc=0.949 n_rounds= 1659 ret=+11.535 len=773.7 ent(t0,t>=1)=(0.205,1.100) aL=-0.0145 vL=0.0326 t0=[red=0.36 blue=0.64]
[u  368] env= 24117248 rsucc=0.963 n_rounds= 1690 ret=+11.556 len=796.7 ent(t0,t>=1)=(0.192,1.113) aL=-0.0149 vL=0.0329 t0=[red=0.47 blue=0.53]
[u  369] env= 24182784 rsucc=0.951 n_rounds= 1660 ret=+11.353 len=792.0 ent(t0,t>=1)=(0.233,1.104) aL=-0.0154 vL=0.0331 t0=[red=0.43 blue=0.57]
[u  370] env= 24248320 rsucc=0.959 n_rounds= 1705 ret=+11.090 len=812.1 ent(t0,t>=1)=(0.249,1.132) aL=-0.0154 vL=0.0349 t0=[red=0.43 blue=0.57]
[u  371] env= 24313856 rsucc=0.945 n_rounds= 1645 ret=+11.831 len=738.5 ent(t0,t>=1)=(0.212,1.130) aL=-0.0149 vL=0.0311 t0=[red=0.37 blue=0.63]
[u  372] env= 24379392 rsucc=0.943 n_rounds= 1626 ret=+11.441 len=787.7 ent(t0,t>=1)=(0.236,1.117) aL=-0.0150 vL=0.0344 t0=[red=0.38 blue=0.62]
[u  373] env= 24444928 rsucc=0.962 n_rounds= 1752 ret=+11.353 len=783.7 ent(t0,t>=1)=(0.226,1.089) aL=-0.0150 vL=0.0348 t0=[red=0.39 blue=0.61]
[u  374] env= 24510464 rsucc=0.971 n_rounds= 1668 ret=+10.818 len=826.2 ent(t0,t>=1)=(0.230,1.088) aL=-0.0136 vL=0.0309 t0=[red=0.41 blue=0.59]
[u  375] env= 24576000 rsucc=0.958 n_rounds= 1674 ret=+11.858 len=765.3 ent(t0,t>=1)=(0.221,1.099) aL=-0.0137 vL=0.0322 t0=[red=0.42 blue=0.58]
[u  376] env= 24641536 rsucc=0.971 n_rounds= 1712 ret=+12.132 len=744.0 ent(t0,t>=1)=(0.255,1.076) aL=-0.0148 vL=0.0306 t0=[red=0.45 blue=0.55]
[u  377] env= 24707072 rsucc=0.941 n_rounds= 1688 ret=+11.762 len=781.3 ent(t0,t>=1)=(0.230,1.080) aL=-0.0134 vL=0.0353 t0=[red=0.37 blue=0.63]
[u  378] env= 24772608 rsucc=0.950 n_rounds= 1687 ret=+11.614 len=757.6 ent(t0,t>=1)=(0.240,1.076) aL=-0.0140 vL=0.0329 t0=[red=0.44 blue=0.56]
[u  379] env= 24838144 rsucc=0.955 n_rounds= 1617 ret=+11.089 len=789.1 ent(t0,t>=1)=(0.241,1.084) aL=-0.0149 vL=0.0300 t0=[red=0.51 blue=0.49]
[u  380] env= 24903680 rsucc=0.969 n_rounds= 1722 ret=+11.195 len=812.7 ent(t0,t>=1)=(0.221,1.064) aL=-0.0148 vL=0.0339 t0=[red=0.35 blue=0.65]
[u  381] env= 24969216 rsucc=0.966 n_rounds= 1632 ret=+11.958 len=762.4 ent(t0,t>=1)=(0.225,1.060) aL=-0.0139 vL=0.0300 t0=[red=0.44 blue=0.56]
[u  382] env= 25034752 rsucc=0.950 n_rounds= 1616 ret=+11.949 len=763.0 ent(t0,t>=1)=(0.178,1.078) aL=-0.0144 vL=0.0300 t0=[red=0.47 blue=0.53]
[u  383] env= 25100288 rsucc=0.948 n_rounds= 1591 ret=+11.150 len=806.5 ent(t0,t>=1)=(0.240,1.077) aL=-0.0159 vL=0.0330 t0=[red=0.45 blue=0.55]
[u  384] env= 25165824 rsucc=0.941 n_rounds= 1618 ret=+11.288 len=799.9 ent(t0,t>=1)=(0.245,1.083) aL=-0.0136 vL=0.0321 t0=[red=0.40 blue=0.60]
[u  385] env= 25231360 rsucc=0.947 n_rounds= 1653 ret=+10.854 len=832.3 ent(t0,t>=1)=(0.240,1.090) aL=-0.0132 vL=0.0357 t0=[red=0.36 blue=0.64]
[u  386] env= 25296896 rsucc=0.953 n_rounds= 1677 ret=+10.748 len=828.3 ent(t0,t>=1)=(0.208,1.091) aL=-0.0143 vL=0.0334 t0=[red=0.38 blue=0.62]
[u  387] env= 25362432 rsucc=0.944 n_rounds= 1642 ret=+11.334 len=771.0 ent(t0,t>=1)=(0.219,1.080) aL=-0.0139 vL=0.0345 t0=[red=0.39 blue=0.61]
[u  388] env= 25427968 rsucc=0.961 n_rounds= 1710 ret=+11.301 len=802.1 ent(t0,t>=1)=(0.248,1.048) aL=-0.0162 vL=0.0323 t0=[red=0.38 blue=0.62]
[u  389] env= 25493504 rsucc=0.954 n_rounds= 1613 ret=+11.261 len=769.6 ent(t0,t>=1)=(0.244,1.093) aL=-0.0146 vL=0.0311 t0=[red=0.50 blue=0.50]
[u  390] env= 25559040 rsucc=0.923 n_rounds= 1550 ret=+11.411 len=784.0 ent(t0,t>=1)=(0.206,1.085) aL=-0.0133 vL=0.0326 t0=[red=0.41 blue=0.59]
[u  391] env= 25624576 rsucc=0.956 n_rounds= 1738 ret=+10.855 len=829.8 ent(t0,t>=1)=(0.224,1.059) aL=-0.0141 vL=0.0331 t0=[red=0.44 blue=0.56]
[u  392] env= 25690112 rsucc=0.965 n_rounds= 1720 ret=+11.242 len=800.8 ent(t0,t>=1)=(0.239,1.049) aL=-0.0147 vL=0.0347 t0=[red=0.47 blue=0.53]
[u  393] env= 25755648 rsucc=0.965 n_rounds= 1696 ret=+11.504 len=772.9 ent(t0,t>=1)=(0.202,1.062) aL=-0.0149 vL=0.0337 t0=[red=0.46 blue=0.54]
[u  394] env= 25821184 rsucc=0.952 n_rounds= 1803 ret=+11.746 len=764.3 ent(t0,t>=1)=(0.210,1.087) aL=-0.0144 vL=0.0384 t0=[red=0.39 blue=0.61]
[u  395] env= 25886720 rsucc=0.970 n_rounds= 1754 ret=+12.037 len=752.3 ent(t0,t>=1)=(0.186,1.079) aL=-0.0146 vL=0.0372 t0=[red=0.36 blue=0.64]
[u  396] env= 25952256 rsucc=0.963 n_rounds= 1715 ret=+11.898 len=752.1 ent(t0,t>=1)=(0.241,1.083) aL=-0.0153 vL=0.0321 t0=[red=0.42 blue=0.58]
[u  397] env= 26017792 rsucc=0.947 n_rounds= 1628 ret=+11.826 len=749.9 ent(t0,t>=1)=(0.266,1.100) aL=-0.0153 vL=0.0322 t0=[red=0.42 blue=0.58]
[u  398] env= 26083328 rsucc=0.955 n_rounds= 1663 ret=+11.964 len=758.2 ent(t0,t>=1)=(0.247,1.094) aL=-0.0151 vL=0.0315 t0=[red=0.37 blue=0.63]
[u  399] env= 26148864 rsucc=0.952 n_rounds= 1672 ret=+11.153 len=803.7 ent(t0,t>=1)=(0.268,1.098) aL=-0.0162 vL=0.0334 t0=[red=0.38 blue=0.62]
[u  400] env= 26214400 rsucc=0.957 n_rounds= 1636 ret=+11.432 len=787.6 ent(t0,t>=1)=(0.271,1.071) aL=-0.0153 vL=0.0325 t0=[red=0.40 blue=0.60]
[u  401] env= 26279936 rsucc=0.954 n_rounds= 1642 ret=+10.791 len=832.8 ent(t0,t>=1)=(0.301,1.102) aL=-0.0148 vL=0.0320 t0=[red=0.38 blue=0.62]
[u  402] env= 26345472 rsucc=0.943 n_rounds= 1585 ret=+11.742 len=753.6 ent(t0,t>=1)=(0.296,1.121) aL=-0.0154 vL=0.0314 t0=[red=0.47 blue=0.53]
[u  403] env= 26411008 rsucc=0.953 n_rounds= 1648 ret=+10.913 len=816.2 ent(t0,t>=1)=(0.256,1.112) aL=-0.0152 vL=0.0326 t0=[red=0.41 blue=0.59]
[u  404] env= 26476544 rsucc=0.955 n_rounds= 1649 ret=+10.749 len=836.2 ent(t0,t>=1)=(0.266,1.099) aL=-0.0156 vL=0.0336 t0=[red=0.45 blue=0.55]
[u  405] env= 26542080 rsucc=0.952 n_rounds= 1638 ret=+12.013 len=750.9 ent(t0,t>=1)=(0.255,1.096) aL=-0.0156 vL=0.0303 t0=[red=0.43 blue=0.57]
[u  406] env= 26607616 rsucc=0.971 n_rounds= 1802 ret=+11.722 len=772.0 ent(t0,t>=1)=(0.252,1.085) aL=-0.0153 vL=0.0359 t0=[red=0.39 blue=0.61]
[u  407] env= 26673152 rsucc=0.966 n_rounds= 1665 ret=+11.576 len=789.5 ent(t0,t>=1)=(0.250,1.098) aL=-0.0152 vL=0.0322 t0=[red=0.42 blue=0.58]
[u  408] env= 26738688 rsucc=0.944 n_rounds= 1631 ret=+11.352 len=788.8 ent(t0,t>=1)=(0.280,1.125) aL=-0.0146 vL=0.0328 t0=[red=0.50 blue=0.50]
[u  409] env= 26804224 rsucc=0.961 n_rounds= 1701 ret=+11.460 len=786.2 ent(t0,t>=1)=(0.233,1.112) aL=-0.0159 vL=0.0336 t0=[red=0.40 blue=0.60]
[u  410] env= 26869760 rsucc=0.978 n_rounds= 1749 ret=+11.382 len=792.3 ent(t0,t>=1)=(0.240,1.097) aL=-0.0148 vL=0.0343 t0=[red=0.40 blue=0.60]
[u  411] env= 26935296 rsucc=0.960 n_rounds= 1674 ret=+12.743 len=712.5 ent(t0,t>=1)=(0.285,1.106) aL=-0.0147 vL=0.0329 t0=[red=0.35 blue=0.65]
[u  412] env= 27000832 rsucc=0.962 n_rounds= 1678 ret=+12.292 len=739.5 ent(t0,t>=1)=(0.248,1.104) aL=-0.0145 vL=0.0346 t0=[red=0.42 blue=0.58]
[u  413] env= 27066368 rsucc=0.947 n_rounds= 1696 ret=+11.305 len=797.5 ent(t0,t>=1)=(0.203,1.088) aL=-0.0144 vL=0.0363 t0=[red=0.39 blue=0.61]
[u  414] env= 27131904 rsucc=0.959 n_rounds= 1695 ret=+10.901 len=813.8 ent(t0,t>=1)=(0.195,1.073) aL=-0.0149 vL=0.0335 t0=[red=0.41 blue=0.59]
[u  415] env= 27197440 rsucc=0.950 n_rounds= 1660 ret=+11.932 len=748.7 ent(t0,t>=1)=(0.239,1.098) aL=-0.0141 vL=0.0350 t0=[red=0.43 blue=0.57]
[u  416] env= 27262976 rsucc=0.944 n_rounds= 1585 ret=+11.799 len=763.2 ent(t0,t>=1)=(0.260,1.102) aL=-0.0149 vL=0.0317 t0=[red=0.42 blue=0.58]
[u  417] env= 27328512 rsucc=0.945 n_rounds= 1591 ret=+11.039 len=811.1 ent(t0,t>=1)=(0.248,1.098) aL=-0.0156 vL=0.0325 t0=[red=0.46 blue=0.54]
[u  418] env= 27394048 rsucc=0.951 n_rounds= 1607 ret=+10.767 len=819.0 ent(t0,t>=1)=(0.212,1.122) aL=-0.0161 vL=0.0327 t0=[red=0.43 blue=0.57]
[u  419] env= 27459584 rsucc=0.965 n_rounds= 1750 ret=+11.126 len=793.9 ent(t0,t>=1)=(0.241,1.078) aL=-0.0152 vL=0.0323 t0=[red=0.41 blue=0.59]
[u  420] env= 27525120 rsucc=0.971 n_rounds= 1731 ret=+11.781 len=771.4 ent(t0,t>=1)=(0.234,1.090) aL=-0.0153 vL=0.0317 t0=[red=0.46 blue=0.54]
[u  421] env= 27590656 rsucc=0.965 n_rounds= 1695 ret=+11.080 len=822.6 ent(t0,t>=1)=(0.228,1.064) aL=-0.0124 vL=0.0308 t0=[red=0.44 blue=0.56]
[u  422] env= 27656192 rsucc=0.962 n_rounds= 1741 ret=+11.837 len=760.2 ent(t0,t>=1)=(0.235,1.101) aL=-0.0157 vL=0.0337 t0=[red=0.40 blue=0.60]
[u  423] env= 27721728 rsucc=0.962 n_rounds= 1655 ret=+11.850 len=765.1 ent(t0,t>=1)=(0.246,1.095) aL=-0.0155 vL=0.0303 t0=[red=0.40 blue=0.60]
[u  424] env= 27787264 rsucc=0.967 n_rounds= 1742 ret=+11.915 len=753.5 ent(t0,t>=1)=(0.253,1.087) aL=-0.0152 vL=0.0346 t0=[red=0.40 blue=0.60]
[u  425] env= 27852800 rsucc=0.966 n_rounds= 1652 ret=+12.098 len=764.9 ent(t0,t>=1)=(0.240,1.098) aL=-0.0157 vL=0.0331 t0=[red=0.40 blue=0.60]
[u  426] env= 27918336 rsucc=0.952 n_rounds= 1760 ret=+12.178 len=742.0 ent(t0,t>=1)=(0.210,1.086) aL=-0.0153 vL=0.0361 t0=[red=0.47 blue=0.53]
[u  427] env= 27983872 rsucc=0.950 n_rounds= 1650 ret=+11.936 len=760.2 ent(t0,t>=1)=(0.263,1.110) aL=-0.0158 vL=0.0332 t0=[red=0.46 blue=0.54]
[u  428] env= 28049408 rsucc=0.960 n_rounds= 1644 ret=+11.502 len=787.6 ent(t0,t>=1)=(0.248,1.107) aL=-0.0153 vL=0.0321 t0=[red=0.44 blue=0.56]
[u  429] env= 28114944 rsucc=0.962 n_rounds= 1698 ret=+11.698 len=760.0 ent(t0,t>=1)=(0.245,1.064) aL=-0.0151 vL=0.0360 t0=[red=0.39 blue=0.61]
[u  430] env= 28180480 rsucc=0.953 n_rounds= 1633 ret=+10.999 len=814.4 ent(t0,t>=1)=(0.220,1.054) aL=-0.0139 vL=0.0348 t0=[red=0.47 blue=0.53]
[u  431] env= 28246016 rsucc=0.958 n_rounds= 1669 ret=+11.502 len=789.6 ent(t0,t>=1)=(0.223,1.073) aL=-0.0142 vL=0.0329 t0=[red=0.44 blue=0.56]
[u  432] env= 28311552 rsucc=0.948 n_rounds= 1666 ret=+11.694 len=770.0 ent(t0,t>=1)=(0.224,1.064) aL=-0.0145 vL=0.0338 t0=[red=0.39 blue=0.61]
[u  433] env= 28377088 rsucc=0.958 n_rounds= 1709 ret=+11.492 len=782.8 ent(t0,t>=1)=(0.220,1.057) aL=-0.0162 vL=0.0368 t0=[red=0.37 blue=0.63]
[u  434] env= 28442624 rsucc=0.961 n_rounds= 1726 ret=+11.465 len=786.5 ent(t0,t>=1)=(0.177,1.070) aL=-0.0156 vL=0.0343 t0=[red=0.27 blue=0.73]
[u  435] env= 28508160 rsucc=0.965 n_rounds= 1621 ret=+11.084 len=804.9 ent(t0,t>=1)=(0.223,1.069) aL=-0.0153 vL=0.0328 t0=[red=0.37 blue=0.63]
[u  436] env= 28573696 rsucc=0.954 n_rounds= 1648 ret=+11.386 len=787.1 ent(t0,t>=1)=(0.242,1.055) aL=-0.0147 vL=0.0317 t0=[red=0.41 blue=0.59]
[u  437] env= 28639232 rsucc=0.969 n_rounds= 1752 ret=+11.312 len=795.9 ent(t0,t>=1)=(0.214,1.060) aL=-0.0156 vL=0.0357 t0=[red=0.38 blue=0.62]
[u  438] env= 28704768 rsucc=0.950 n_rounds= 1541 ret=+11.675 len=781.1 ent(t0,t>=1)=(0.231,1.069) aL=-0.0145 vL=0.0294 t0=[red=0.44 blue=0.56]
[u  439] env= 28770304 rsucc=0.952 n_rounds= 1754 ret=+11.957 len=747.7 ent(t0,t>=1)=(0.234,1.043) aL=-0.0149 vL=0.0322 t0=[red=0.40 blue=0.60]
[u  440] env= 28835840 rsucc=0.959 n_rounds= 1746 ret=+11.586 len=773.4 ent(t0,t>=1)=(0.231,1.039) aL=-0.0133 vL=0.0358 t0=[red=0.43 blue=0.57]
[u  441] env= 28901376 rsucc=0.944 n_rounds= 1718 ret=+11.167 len=800.3 ent(t0,t>=1)=(0.251,1.030) aL=-0.0144 vL=0.0353 t0=[red=0.35 blue=0.65]
[u  442] env= 28966912 rsucc=0.973 n_rounds= 1801 ret=+11.924 len=758.0 ent(t0,t>=1)=(0.207,1.051) aL=-0.0145 vL=0.0350 t0=[red=0.31 blue=0.69]
[u  443] env= 29032448 rsucc=0.958 n_rounds= 1719 ret=+12.221 len=715.7 ent(t0,t>=1)=(0.182,1.059) aL=-0.0149 vL=0.0352 t0=[red=0.39 blue=0.61]
[u  444] env= 29097984 rsucc=0.959 n_rounds= 1706 ret=+11.649 len=765.5 ent(t0,t>=1)=(0.180,1.049) aL=-0.0132 vL=0.0335 t0=[red=0.37 blue=0.63]
[u  445] env= 29163520 rsucc=0.970 n_rounds= 1679 ret=+11.752 len=761.6 ent(t0,t>=1)=(0.248,1.039) aL=-0.0149 vL=0.0333 t0=[red=0.36 blue=0.64]
[u  446] env= 29229056 rsucc=0.958 n_rounds= 1613 ret=+11.631 len=771.9 ent(t0,t>=1)=(0.258,1.043) aL=-0.0142 vL=0.0344 t0=[red=0.36 blue=0.64]
[u  447] env= 29294592 rsucc=0.938 n_rounds= 1679 ret=+11.544 len=776.4 ent(t0,t>=1)=(0.213,1.053) aL=-0.0135 vL=0.0361 t0=[red=0.35 blue=0.65]
[u  448] env= 29360128 rsucc=0.960 n_rounds= 1650 ret=+11.583 len=783.0 ent(t0,t>=1)=(0.220,1.050) aL=-0.0131 vL=0.0332 t0=[red=0.39 blue=0.61]
[u  449] env= 29425664 rsucc=0.956 n_rounds= 1654 ret=+11.360 len=802.5 ent(t0,t>=1)=(0.213,1.037) aL=-0.0151 vL=0.0347 t0=[red=0.38 blue=0.62]
[u  450] env= 29491200 rsucc=0.975 n_rounds= 1749 ret=+11.416 len=796.1 ent(t0,t>=1)=(0.208,1.043) aL=-0.0135 vL=0.0329 t0=[red=0.33 blue=0.67]
[u  451] env= 29556736 rsucc=0.951 n_rounds= 1631 ret=+11.556 len=778.5 ent(t0,t>=1)=(0.221,1.050) aL=-0.0151 vL=0.0325 t0=[red=0.36 blue=0.64]
[u  452] env= 29622272 rsucc=0.974 n_rounds= 1709 ret=+11.899 len=759.6 ent(t0,t>=1)=(0.196,1.064) aL=-0.0153 vL=0.0324 t0=[red=0.38 blue=0.62]
[u  453] env= 29687808 rsucc=0.958 n_rounds= 1600 ret=+11.061 len=819.1 ent(t0,t>=1)=(0.228,1.050) aL=-0.0139 vL=0.0313 t0=[red=0.40 blue=0.60]
[u  454] env= 29753344 rsucc=0.978 n_rounds= 1741 ret=+11.840 len=770.4 ent(t0,t>=1)=(0.186,1.030) aL=-0.0144 vL=0.0334 t0=[red=0.38 blue=0.62]
[u  455] env= 29818880 rsucc=0.965 n_rounds= 1682 ret=+11.801 len=778.5 ent(t0,t>=1)=(0.217,1.055) aL=-0.0152 vL=0.0317 t0=[red=0.51 blue=0.49]
[u  456] env= 29884416 rsucc=0.968 n_rounds= 1707 ret=+11.493 len=801.3 ent(t0,t>=1)=(0.193,1.048) aL=-0.0148 vL=0.0332 t0=[red=0.41 blue=0.59]
[u  457] env= 29949952 rsucc=0.963 n_rounds= 1673 ret=+11.988 len=764.4 ent(t0,t>=1)=(0.208,1.042) aL=-0.0147 vL=0.0325 t0=[red=0.46 blue=0.54]
[u  458] env= 30015488 rsucc=0.967 n_rounds= 1755 ret=+12.200 len=746.7 ent(t0,t>=1)=(0.219,1.051) aL=-0.0146 vL=0.0338 t0=[red=0.43 blue=0.57]
[u  459] env= 30081024 rsucc=0.963 n_rounds= 1741 ret=+11.965 len=762.1 ent(t0,t>=1)=(0.205,1.049) aL=-0.0139 vL=0.0355 t0=[red=0.36 blue=0.64]
[u  460] env= 30146560 rsucc=0.945 n_rounds= 1719 ret=+11.866 len=750.6 ent(t0,t>=1)=(0.229,1.033) aL=-0.0127 vL=0.0367 t0=[red=0.30 blue=0.70]
[u  461] env= 30212096 rsucc=0.966 n_rounds= 1782 ret=+11.861 len=756.7 ent(t0,t>=1)=(0.187,1.034) aL=-0.0137 vL=0.0375 t0=[red=0.38 blue=0.62]
[u  462] env= 30277632 rsucc=0.980 n_rounds= 1810 ret=+11.653 len=762.1 ent(t0,t>=1)=(0.189,1.041) aL=-0.0149 vL=0.0343 t0=[red=0.42 blue=0.58]
[u  463] env= 30343168 rsucc=0.954 n_rounds= 1610 ret=+11.991 len=739.5 ent(t0,t>=1)=(0.239,1.087) aL=-0.0151 vL=0.0339 t0=[red=0.41 blue=0.59]
[u  464] env= 30408704 rsucc=0.948 n_rounds= 1631 ret=+11.722 len=790.6 ent(t0,t>=1)=(0.232,1.065) aL=-0.0152 vL=0.0333 t0=[red=0.43 blue=0.57]
[u  465] env= 30474240 rsucc=0.969 n_rounds= 1790 ret=+12.343 len=720.5 ent(t0,t>=1)=(0.189,1.047) aL=-0.0141 vL=0.0366 t0=[red=0.39 blue=0.61]
[u  466] env= 30539776 rsucc=0.965 n_rounds= 1705 ret=+11.850 len=768.4 ent(t0,t>=1)=(0.193,1.061) aL=-0.0154 vL=0.0337 t0=[red=0.35 blue=0.65]
[u  467] env= 30605312 rsucc=0.973 n_rounds= 1741 ret=+11.289 len=799.9 ent(t0,t>=1)=(0.237,1.056) aL=-0.0141 vL=0.0330 t0=[red=0.46 blue=0.54]
[u  468] env= 30670848 rsucc=0.970 n_rounds= 1849 ret=+11.679 len=760.8 ent(t0,t>=1)=(0.163,1.066) aL=-0.0144 vL=0.0358 t0=[red=0.41 blue=0.59]
[u  469] env= 30736384 rsucc=0.983 n_rounds= 1886 ret=+12.099 len=752.5 ent(t0,t>=1)=(0.200,1.067) aL=-0.0144 vL=0.0357 t0=[red=0.37 blue=0.63]
[u  470] env= 30801920 rsucc=0.968 n_rounds= 1760 ret=+12.917 len=682.9 ent(t0,t>=1)=(0.219,1.050) aL=-0.0155 vL=0.0373 t0=[red=0.39 blue=0.61]
[u  471] env= 30867456 rsucc=0.968 n_rounds= 1741 ret=+12.476 len=723.2 ent(t0,t>=1)=(0.212,1.022) aL=-0.0137 vL=0.0348 t0=[red=0.41 blue=0.59]
[u  472] env= 30932992 rsucc=0.961 n_rounds= 1607 ret=+12.133 len=755.0 ent(t0,t>=1)=(0.230,1.024) aL=-0.0141 vL=0.0307 t0=[red=0.39 blue=0.61]
[u  473] env= 30998528 rsucc=0.955 n_rounds= 1635 ret=+12.048 len=761.3 ent(t0,t>=1)=(0.230,1.044) aL=-0.0150 vL=0.0344 t0=[red=0.44 blue=0.56]
[u  474] env= 31064064 rsucc=0.959 n_rounds= 1709 ret=+11.493 len=772.4 ent(t0,t>=1)=(0.162,1.042) aL=-0.0151 vL=0.0330 t0=[red=0.36 blue=0.64]
[u  475] env= 31129600 rsucc=0.975 n_rounds= 1696 ret=+11.538 len=799.2 ent(t0,t>=1)=(0.186,1.046) aL=-0.0139 vL=0.0332 t0=[red=0.39 blue=0.61]
[u  476] env= 31195136 rsucc=0.959 n_rounds= 1718 ret=+11.414 len=792.9 ent(t0,t>=1)=(0.167,1.039) aL=-0.0152 vL=0.0339 t0=[red=0.34 blue=0.66]
[u  477] env= 31260672 rsucc=0.956 n_rounds= 1674 ret=+11.871 len=763.9 ent(t0,t>=1)=(0.192,1.044) aL=-0.0130 vL=0.0350 t0=[red=0.34 blue=0.66]
[u  478] env= 31326208 rsucc=0.955 n_rounds= 1675 ret=+11.883 len=764.3 ent(t0,t>=1)=(0.183,1.043) aL=-0.0144 vL=0.0348 t0=[red=0.43 blue=0.57]
[u  479] env= 31391744 rsucc=0.975 n_rounds= 1780 ret=+11.510 len=775.0 ent(t0,t>=1)=(0.194,1.034) aL=-0.0142 vL=0.0339 t0=[red=0.35 blue=0.65]
[u  480] env= 31457280 rsucc=0.958 n_rounds= 1631 ret=+11.249 len=787.1 ent(t0,t>=1)=(0.221,1.077) aL=-0.0149 vL=0.0322 t0=[red=0.36 blue=0.64]
[u  481] env= 31522816 rsucc=0.950 n_rounds= 1624 ret=+11.694 len=787.1 ent(t0,t>=1)=(0.175,1.064) aL=-0.0139 vL=0.0337 t0=[red=0.37 blue=0.63]
[u  482] env= 31588352 rsucc=0.962 n_rounds= 1725 ret=+11.592 len=778.4 ent(t0,t>=1)=(0.207,1.045) aL=-0.0149 vL=0.0351 t0=[red=0.41 blue=0.59]
[u  483] env= 31653888 rsucc=0.956 n_rounds= 1695 ret=+11.572 len=777.8 ent(t0,t>=1)=(0.214,1.054) aL=-0.0155 vL=0.0353 t0=[red=0.35 blue=0.65]
[u  484] env= 31719424 rsucc=0.969 n_rounds= 1772 ret=+11.649 len=785.3 ent(t0,t>=1)=(0.178,1.048) aL=-0.0140 vL=0.0365 t0=[red=0.39 blue=0.61]
[u  485] env= 31784960 rsucc=0.978 n_rounds= 1657 ret=+11.811 len=766.4 ent(t0,t>=1)=(0.221,1.053) aL=-0.0153 vL=0.0336 t0=[red=0.42 blue=0.58]
[u  486] env= 31850496 rsucc=0.971 n_rounds= 1889 ret=+12.201 len=730.5 ent(t0,t>=1)=(0.192,1.042) aL=-0.0159 vL=0.0395 t0=[red=0.38 blue=0.62]
[u  487] env= 31916032 rsucc=0.972 n_rounds= 1729 ret=+12.523 len=722.9 ent(t0,t>=1)=(0.162,1.043) aL=-0.0143 vL=0.0315 t0=[red=0.50 blue=0.50]
[u  488] env= 31981568 rsucc=0.968 n_rounds= 1747 ret=+12.220 len=754.2 ent(t0,t>=1)=(0.197,1.038) aL=-0.0146 vL=0.0338 t0=[red=0.40 blue=0.60]
[u  489] env= 32047104 rsucc=0.978 n_rounds= 1750 ret=+11.911 len=754.6 ent(t0,t>=1)=(0.191,1.035) aL=-0.0150 vL=0.0342 t0=[red=0.39 blue=0.61]
[u  490] env= 32112640 rsucc=0.974 n_rounds= 1764 ret=+12.335 len=742.8 ent(t0,t>=1)=(0.187,1.062) aL=-0.0145 vL=0.0334 t0=[red=0.36 blue=0.64]
[u  491] env= 32178176 rsucc=0.961 n_rounds= 1733 ret=+12.488 len=722.5 ent(t0,t>=1)=(0.202,1.061) aL=-0.0148 vL=0.0349 t0=[red=0.43 blue=0.57]
[u  492] env= 32243712 rsucc=0.948 n_rounds= 1640 ret=+11.617 len=794.0 ent(t0,t>=1)=(0.178,1.082) aL=-0.0141 vL=0.0358 t0=[red=0.49 blue=0.51]
[u  493] env= 32309248 rsucc=0.970 n_rounds= 1683 ret=+11.762 len=761.1 ent(t0,t>=1)=(0.183,1.057) aL=-0.0138 vL=0.0308 t0=[red=0.39 blue=0.61]
[u  494] env= 32374784 rsucc=0.965 n_rounds= 1734 ret=+11.521 len=782.4 ent(t0,t>=1)=(0.187,1.058) aL=-0.0141 vL=0.0358 t0=[red=0.37 blue=0.63]
[u  495] env= 32440320 rsucc=0.971 n_rounds= 1711 ret=+11.524 len=782.6 ent(t0,t>=1)=(0.162,1.045) aL=-0.0148 vL=0.0322 t0=[red=0.40 blue=0.60]
[u  496] env= 32505856 rsucc=0.975 n_rounds= 1740 ret=+11.919 len=757.9 ent(t0,t>=1)=(0.166,1.049) aL=-0.0137 vL=0.0344 t0=[red=0.35 blue=0.65]
[u  497] env= 32571392 rsucc=0.942 n_rounds= 1668 ret=+12.206 len=750.8 ent(t0,t>=1)=(0.186,1.074) aL=-0.0135 vL=0.0359 t0=[red=0.36 blue=0.64]
[u  498] env= 32636928 rsucc=0.950 n_rounds= 1668 ret=+11.911 len=753.8 ent(t0,t>=1)=(0.188,1.062) aL=-0.0140 vL=0.0358 t0=[red=0.30 blue=0.70]
[u  499] env= 32702464 rsucc=0.960 n_rounds= 1600 ret=+11.252 len=796.1 ent(t0,t>=1)=(0.179,1.047) aL=-0.0145 vL=0.0304 t0=[red=0.34 blue=0.66]
[u  500] env= 32768000 rsucc=0.959 n_rounds= 1639 ret=+11.211 len=807.6 ent(t0,t>=1)=(0.179,1.046) aL=-0.0144 vL=0.0324 t0=[red=0.42 blue=0.58]
[u  501] env= 32833536 rsucc=0.964 n_rounds= 1731 ret=+11.752 len=766.8 ent(t0,t>=1)=(0.173,1.042) aL=-0.0141 vL=0.0333 t0=[red=0.46 blue=0.54]
[u  502] env= 32899072 rsucc=0.974 n_rounds= 1792 ret=+11.512 len=793.7 ent(t0,t>=1)=(0.164,1.029) aL=-0.0145 vL=0.0331 t0=[red=0.43 blue=0.57]
[u  503] env= 32964608 rsucc=0.967 n_rounds= 1718 ret=+12.209 len=740.9 ent(t0,t>=1)=(0.208,1.037) aL=-0.0142 vL=0.0324 t0=[red=0.44 blue=0.56]
[u  504] env= 33030144 rsucc=0.952 n_rounds= 1674 ret=+11.670 len=774.8 ent(t0,t>=1)=(0.213,1.060) aL=-0.0143 vL=0.0339 t0=[red=0.47 blue=0.53]
[u  505] env= 33095680 rsucc=0.964 n_rounds= 1724 ret=+11.923 len=762.2 ent(t0,t>=1)=(0.202,1.041) aL=-0.0142 vL=0.0349 t0=[red=0.41 blue=0.59]
[u  506] env= 33161216 rsucc=0.968 n_rounds= 1791 ret=+11.788 len=766.0 ent(t0,t>=1)=(0.170,1.038) aL=-0.0149 vL=0.0364 t0=[red=0.44 blue=0.56]
[u  507] env= 33226752 rsucc=0.966 n_rounds= 1751 ret=+11.611 len=767.9 ent(t0,t>=1)=(0.168,1.038) aL=-0.0148 vL=0.0363 t0=[red=0.45 blue=0.55]
[u  508] env= 33292288 rsucc=0.966 n_rounds= 1781 ret=+12.044 len=742.9 ent(t0,t>=1)=(0.122,1.008) aL=-0.0141 vL=0.0354 t0=[red=0.37 blue=0.63]
[u  509] env= 33357824 rsucc=0.977 n_rounds= 1791 ret=+12.027 len=748.6 ent(t0,t>=1)=(0.165,1.020) aL=-0.0146 vL=0.0368 t0=[red=0.41 blue=0.59]
[u  510] env= 33423360 rsucc=0.974 n_rounds= 1749 ret=+12.370 len=736.5 ent(t0,t>=1)=(0.185,1.010) aL=-0.0133 vL=0.0375 t0=[red=0.36 blue=0.64]
[u  511] env= 33488896 rsucc=0.975 n_rounds= 1699 ret=+12.484 len=721.8 ent(t0,t>=1)=(0.181,1.017) aL=-0.0154 vL=0.0328 t0=[red=0.34 blue=0.66]
[u  512] env= 33554432 rsucc=0.959 n_rounds= 1813 ret=+12.280 len=732.4 ent(t0,t>=1)=(0.160,1.021) aL=-0.0136 vL=0.0392 t0=[red=0.29 blue=0.71]
[u  513] env= 33619968 rsucc=0.967 n_rounds= 1788 ret=+11.984 len=749.2 ent(t0,t>=1)=(0.176,0.998) aL=-0.0148 vL=0.0339 t0=[red=0.35 blue=0.65]
[u  514] env= 33685504 rsucc=0.964 n_rounds= 1716 ret=+11.666 len=782.1 ent(t0,t>=1)=(0.184,1.010) aL=-0.0132 vL=0.0305 t0=[red=0.46 blue=0.54]
[u  515] env= 33751040 rsucc=0.967 n_rounds= 1721 ret=+12.256 len=732.2 ent(t0,t>=1)=(0.144,1.041) aL=-0.0131 vL=0.0348 t0=[red=0.43 blue=0.57]
[u  516] env= 33816576 rsucc=0.972 n_rounds= 1727 ret=+11.894 len=760.4 ent(t0,t>=1)=(0.172,1.008) aL=-0.0132 vL=0.0335 t0=[red=0.44 blue=0.56]
[u  517] env= 33882112 rsucc=0.966 n_rounds= 1758 ret=+12.055 len=744.6 ent(t0,t>=1)=(0.172,0.999) aL=-0.0143 vL=0.0342 t0=[red=0.43 blue=0.57]
[u  518] env= 33947648 rsucc=0.968 n_rounds= 1730 ret=+11.839 len=758.4 ent(t0,t>=1)=(0.208,0.994) aL=-0.0143 vL=0.0336 t0=[red=0.47 blue=0.53]
[u  519] env= 34013184 rsucc=0.972 n_rounds= 1725 ret=+12.203 len=736.9 ent(t0,t>=1)=(0.218,1.021) aL=-0.0141 vL=0.0336 t0=[red=0.42 blue=0.58]
[u  520] env= 34078720 rsucc=0.962 n_rounds= 1646 ret=+11.850 len=776.5 ent(t0,t>=1)=(0.219,1.024) aL=-0.0140 vL=0.0346 t0=[red=0.46 blue=0.54]
[u  521] env= 34144256 rsucc=0.976 n_rounds= 1816 ret=+11.913 len=767.5 ent(t0,t>=1)=(0.191,1.016) aL=-0.0134 vL=0.0371 t0=[red=0.41 blue=0.59]
[u  522] env= 34209792 rsucc=0.971 n_rounds= 1725 ret=+12.095 len=750.6 ent(t0,t>=1)=(0.174,0.989) aL=-0.0125 vL=0.0355 t0=[red=0.39 blue=0.61]
[u  523] env= 34275328 rsucc=0.970 n_rounds= 1745 ret=+12.213 len=742.9 ent(t0,t>=1)=(0.180,1.009) aL=-0.0142 vL=0.0372 t0=[red=0.45 blue=0.55]
[u  524] env= 34340864 rsucc=0.967 n_rounds= 1741 ret=+12.150 len=751.7 ent(t0,t>=1)=(0.182,1.036) aL=-0.0152 vL=0.0356 t0=[red=0.37 blue=0.63]
[u  525] env= 34406400 rsucc=0.964 n_rounds= 1788 ret=+12.085 len=745.5 ent(t0,t>=1)=(0.169,1.024) aL=-0.0144 vL=0.0382 t0=[red=0.38 blue=0.62]
[u  526] env= 34471936 rsucc=0.978 n_rounds= 1805 ret=+12.144 len=740.5 ent(t0,t>=1)=(0.161,1.018) aL=-0.0152 vL=0.0343 t0=[red=0.40 blue=0.60]
[u  527] env= 34537472 rsucc=0.970 n_rounds= 1677 ret=+12.441 len=730.4 ent(t0,t>=1)=(0.201,1.025) aL=-0.0151 vL=0.0332 t0=[red=0.38 blue=0.62]
[u  528] env= 34603008 rsucc=0.977 n_rounds= 1765 ret=+12.220 len=736.3 ent(t0,t>=1)=(0.163,1.031) aL=-0.0149 vL=0.0360 t0=[red=0.41 blue=0.59]
[u  529] env= 34668544 rsucc=0.981 n_rounds= 1771 ret=+11.889 len=772.8 ent(t0,t>=1)=(0.152,1.023) aL=-0.0157 vL=0.0340 t0=[red=0.37 blue=0.63]
[u  530] env= 34734080 rsucc=0.979 n_rounds= 1768 ret=+12.565 len=733.6 ent(t0,t>=1)=(0.152,1.033) aL=-0.0164 vL=0.0353 t0=[red=0.42 blue=0.58]
[u  531] env= 34799616 rsucc=0.974 n_rounds= 1708 ret=+12.320 len=747.4 ent(t0,t>=1)=(0.197,1.020) aL=-0.0156 vL=0.0329 t0=[red=0.41 blue=0.59]
[u  532] env= 34865152 rsucc=0.960 n_rounds= 1721 ret=+12.309 len=732.3 ent(t0,t>=1)=(0.181,1.036) aL=-0.0145 vL=0.0362 t0=[red=0.39 blue=0.61]
[u  533] env= 34930688 rsucc=0.978 n_rounds= 1840 ret=+11.998 len=756.4 ent(t0,t>=1)=(0.184,1.005) aL=-0.0147 vL=0.0396 t0=[red=0.37 blue=0.63]
[u  534] env= 34996224 rsucc=0.966 n_rounds= 1772 ret=+12.050 len=745.4 ent(t0,t>=1)=(0.172,1.017) aL=-0.0145 vL=0.0353 t0=[red=0.40 blue=0.60]
[u  535] env= 35061760 rsucc=0.971 n_rounds= 1774 ret=+11.854 len=768.0 ent(t0,t>=1)=(0.145,1.024) aL=-0.0147 vL=0.0356 t0=[red=0.37 blue=0.63]
[u  536] env= 35127296 rsucc=0.966 n_rounds= 1625 ret=+12.486 len=728.3 ent(t0,t>=1)=(0.169,1.040) aL=-0.0149 vL=0.0325 t0=[red=0.47 blue=0.53]
[u  537] env= 35192832 rsucc=0.966 n_rounds= 1734 ret=+12.344 len=731.9 ent(t0,t>=1)=(0.168,1.031) aL=-0.0152 vL=0.0362 t0=[red=0.40 blue=0.60]
[u  538] env= 35258368 rsucc=0.960 n_rounds= 1683 ret=+11.988 len=760.5 ent(t0,t>=1)=(0.135,1.017) aL=-0.0151 vL=0.0328 t0=[red=0.46 blue=0.54]
[u  539] env= 35323904 rsucc=0.969 n_rounds= 1778 ret=+11.780 len=773.2 ent(t0,t>=1)=(0.181,1.017) aL=-0.0143 vL=0.0357 t0=[red=0.42 blue=0.58]
[u  540] env= 35389440 rsucc=0.963 n_rounds= 1703 ret=+11.641 len=778.2 ent(t0,t>=1)=(0.169,1.007) aL=-0.0146 vL=0.0369 t0=[red=0.38 blue=0.62]
[u  541] env= 35454976 rsucc=0.965 n_rounds= 1752 ret=+11.732 len=784.9 ent(t0,t>=1)=(0.162,1.015) aL=-0.0144 vL=0.0346 t0=[red=0.39 blue=0.61]
[u  542] env= 35520512 rsucc=0.969 n_rounds= 1830 ret=+12.217 len=715.4 ent(t0,t>=1)=(0.184,1.033) aL=-0.0152 vL=0.0377 t0=[red=0.37 blue=0.63]
[u  543] env= 35586048 rsucc=0.983 n_rounds= 1813 ret=+12.218 len=733.6 ent(t0,t>=1)=(0.149,0.999) aL=-0.0140 vL=0.0371 t0=[red=0.42 blue=0.58]
[u  544] env= 35651584 rsucc=0.983 n_rounds= 1774 ret=+12.116 len=751.0 ent(t0,t>=1)=(0.162,1.016) aL=-0.0155 vL=0.0316 t0=[red=0.38 blue=0.62]
[u  545] env= 35717120 rsucc=0.974 n_rounds= 1644 ret=+12.425 len=742.4 ent(t0,t>=1)=(0.204,1.026) aL=-0.0137 vL=0.0280 t0=[red=0.48 blue=0.52]
[u  546] env= 35782656 rsucc=0.956 n_rounds= 1640 ret=+12.205 len=750.7 ent(t0,t>=1)=(0.159,1.005) aL=-0.0143 vL=0.0343 t0=[red=0.41 blue=0.59]
[u  547] env= 35848192 rsucc=0.974 n_rounds= 1797 ret=+11.500 len=799.1 ent(t0,t>=1)=(0.154,0.993) aL=-0.0137 vL=0.0346 t0=[red=0.42 blue=0.58]
[u  548] env= 35913728 rsucc=0.972 n_rounds= 1705 ret=+12.176 len=748.5 ent(t0,t>=1)=(0.170,1.017) aL=-0.0144 vL=0.0319 t0=[red=0.41 blue=0.59]
[u  549] env= 35979264 rsucc=0.968 n_rounds= 1615 ret=+12.031 len=766.4 ent(t0,t>=1)=(0.177,1.030) aL=-0.0134 vL=0.0323 t0=[red=0.36 blue=0.64]
[u  550] env= 36044800 rsucc=0.961 n_rounds= 1729 ret=+12.384 len=739.3 ent(t0,t>=1)=(0.161,1.016) aL=-0.0142 vL=0.0343 t0=[red=0.36 blue=0.64]
[u  551] env= 36110336 rsucc=0.977 n_rounds= 1776 ret=+11.783 len=766.9 ent(t0,t>=1)=(0.161,0.986) aL=-0.0142 vL=0.0355 t0=[red=0.45 blue=0.55]
[u  552] env= 36175872 rsucc=0.969 n_rounds= 1747 ret=+11.482 len=785.7 ent(t0,t>=1)=(0.145,1.013) aL=-0.0131 vL=0.0380 t0=[red=0.41 blue=0.59]
[u  553] env= 36241408 rsucc=0.976 n_rounds= 1828 ret=+12.469 len=729.6 ent(t0,t>=1)=(0.132,1.002) aL=-0.0148 vL=0.0375 t0=[red=0.39 blue=0.61]
[u  554] env= 36306944 rsucc=0.972 n_rounds= 1771 ret=+12.286 len=736.0 ent(t0,t>=1)=(0.159,1.004) aL=-0.0140 vL=0.0365 t0=[red=0.35 blue=0.65]
[u  555] env= 36372480 rsucc=0.967 n_rounds= 1795 ret=+12.280 len=731.8 ent(t0,t>=1)=(0.164,0.997) aL=-0.0143 vL=0.0358 t0=[red=0.39 blue=0.61]
[u  556] env= 36438016 rsucc=0.974 n_rounds= 1883 ret=+12.498 len=718.3 ent(t0,t>=1)=(0.153,1.000) aL=-0.0143 vL=0.0380 t0=[red=0.33 blue=0.67]
[u  557] env= 36503552 rsucc=0.962 n_rounds= 1696 ret=+12.205 len=738.5 ent(t0,t>=1)=(0.147,1.005) aL=-0.0142 vL=0.0362 t0=[red=0.37 blue=0.63]
[u  558] env= 36569088 rsucc=0.959 n_rounds= 1779 ret=+11.812 len=750.7 ent(t0,t>=1)=(0.132,1.004) aL=-0.0141 vL=0.0367 t0=[red=0.34 blue=0.66]
[u  559] env= 36634624 rsucc=0.981 n_rounds= 1764 ret=+12.533 len=713.0 ent(t0,t>=1)=(0.165,0.976) aL=-0.0147 vL=0.0342 t0=[red=0.36 blue=0.64]
[u  560] env= 36700160 rsucc=0.979 n_rounds= 1809 ret=+12.001 len=759.2 ent(t0,t>=1)=(0.180,0.997) aL=-0.0153 vL=0.0364 t0=[red=0.33 blue=0.67]
[u  561] env= 36765696 rsucc=0.968 n_rounds= 1681 ret=+12.176 len=734.7 ent(t0,t>=1)=(0.181,1.016) aL=-0.0147 vL=0.0345 t0=[red=0.33 blue=0.67]
[u  562] env= 36831232 rsucc=0.979 n_rounds= 1795 ret=+12.450 len=733.7 ent(t0,t>=1)=(0.142,1.007) aL=-0.0150 vL=0.0361 t0=[red=0.32 blue=0.68]
[u  563] env= 36896768 rsucc=0.969 n_rounds= 1683 ret=+12.429 len=736.2 ent(t0,t>=1)=(0.142,1.003) aL=-0.0136 vL=0.0325 t0=[red=0.40 blue=0.60]
[u  564] env= 36962304 rsucc=0.965 n_rounds= 1761 ret=+12.228 len=750.2 ent(t0,t>=1)=(0.183,1.015) aL=-0.0143 vL=0.0372 t0=[red=0.39 blue=0.61]
[u  565] env= 37027840 rsucc=0.975 n_rounds= 1751 ret=+12.513 len=728.3 ent(t0,t>=1)=(0.151,0.995) aL=-0.0145 vL=0.0333 t0=[red=0.38 blue=0.62]
[u  566] env= 37093376 rsucc=0.974 n_rounds= 1793 ret=+11.491 len=794.8 ent(t0,t>=1)=(0.174,0.998) aL=-0.0140 vL=0.0372 t0=[red=0.39 blue=0.61]
[u  567] env= 37158912 rsucc=0.978 n_rounds= 1708 ret=+12.092 len=747.5 ent(t0,t>=1)=(0.153,0.996) aL=-0.0135 vL=0.0304 t0=[red=0.44 blue=0.56]
[u  568] env= 37224448 rsucc=0.954 n_rounds= 1759 ret=+11.835 len=770.5 ent(t0,t>=1)=(0.188,0.995) aL=-0.0131 vL=0.0365 t0=[red=0.37 blue=0.63]
[u  569] env= 37289984 rsucc=0.978 n_rounds= 1786 ret=+12.234 len=738.8 ent(t0,t>=1)=(0.155,0.980) aL=-0.0130 vL=0.0354 t0=[red=0.44 blue=0.56]
[u  570] env= 37355520 rsucc=0.976 n_rounds= 1779 ret=+12.272 len=732.7 ent(t0,t>=1)=(0.135,0.997) aL=-0.0144 vL=0.0350 t0=[red=0.39 blue=0.61]
[u  571] env= 37421056 rsucc=0.973 n_rounds= 1683 ret=+12.117 len=754.3 ent(t0,t>=1)=(0.177,0.990) aL=-0.0146 vL=0.0331 t0=[red=0.42 blue=0.58]
[u  572] env= 37486592 rsucc=0.958 n_rounds= 1786 ret=+12.141 len=739.0 ent(t0,t>=1)=(0.126,0.999) aL=-0.0129 vL=0.0391 t0=[red=0.40 blue=0.60]
[u  573] env= 37552128 rsucc=0.983 n_rounds= 1788 ret=+11.941 len=765.9 ent(t0,t>=1)=(0.153,0.990) aL=-0.0140 vL=0.0360 t0=[red=0.34 blue=0.66]
[u  574] env= 37617664 rsucc=0.980 n_rounds= 1887 ret=+12.617 len=715.0 ent(t0,t>=1)=(0.153,0.976) aL=-0.0139 vL=0.0369 t0=[red=0.40 blue=0.60]
[u  575] env= 37683200 rsucc=0.978 n_rounds= 1843 ret=+12.682 len=719.2 ent(t0,t>=1)=(0.152,0.966) aL=-0.0135 vL=0.0379 t0=[red=0.37 blue=0.63]
[u  576] env= 37748736 rsucc=0.970 n_rounds= 1731 ret=+12.481 len=715.8 ent(t0,t>=1)=(0.151,0.995) aL=-0.0141 vL=0.0339 t0=[red=0.43 blue=0.57]
[u  577] env= 37814272 rsucc=0.979 n_rounds= 1684 ret=+12.005 len=754.9 ent(t0,t>=1)=(0.184,0.996) aL=-0.0130 vL=0.0296 t0=[red=0.44 blue=0.56]
[u  578] env= 37879808 rsucc=0.976 n_rounds= 1720 ret=+12.318 len=750.7 ent(t0,t>=1)=(0.149,0.967) aL=-0.0140 vL=0.0322 t0=[red=0.35 blue=0.65]
[u  579] env= 37945344 rsucc=0.972 n_rounds= 1734 ret=+12.215 len=751.8 ent(t0,t>=1)=(0.176,0.975) aL=-0.0144 vL=0.0343 t0=[red=0.42 blue=0.58]
[u  580] env= 38010880 rsucc=0.975 n_rounds= 1677 ret=+12.111 len=757.3 ent(t0,t>=1)=(0.191,0.980) aL=-0.0152 vL=0.0338 t0=[red=0.40 blue=0.60]
[u  581] env= 38076416 rsucc=0.965 n_rounds= 1792 ret=+12.086 len=757.1 ent(t0,t>=1)=(0.160,0.951) aL=-0.0126 vL=0.0365 t0=[red=0.44 blue=0.56]
[u  582] env= 38141952 rsucc=0.972 n_rounds= 1714 ret=+11.800 len=772.7 ent(t0,t>=1)=(0.180,0.976) aL=-0.0146 vL=0.0349 t0=[red=0.39 blue=0.61]
[u  583] env= 38207488 rsucc=0.979 n_rounds= 1735 ret=+11.738 len=782.6 ent(t0,t>=1)=(0.165,0.960) aL=-0.0139 vL=0.0341 t0=[red=0.42 blue=0.58]
[u  584] env= 38273024 rsucc=0.984 n_rounds= 1790 ret=+12.320 len=747.6 ent(t0,t>=1)=(0.122,0.973) aL=-0.0147 vL=0.0343 t0=[red=0.41 blue=0.59]
[u  585] env= 38338560 rsucc=0.962 n_rounds= 1664 ret=+12.424 len=736.1 ent(t0,t>=1)=(0.165,0.973) aL=-0.0147 vL=0.0357 t0=[red=0.40 blue=0.60]
[u  586] env= 38404096 rsucc=0.960 n_rounds= 1769 ret=+12.047 len=750.9 ent(t0,t>=1)=(0.179,0.966) aL=-0.0134 vL=0.0393 t0=[red=0.37 blue=0.63]
[u  587] env= 38469632 rsucc=0.963 n_rounds= 1843 ret=+12.242 len=730.3 ent(t0,t>=1)=(0.139,0.971) aL=-0.0127 vL=0.0400 t0=[red=0.38 blue=0.62]
[u  588] env= 38535168 rsucc=0.976 n_rounds= 1759 ret=+12.203 len=731.2 ent(t0,t>=1)=(0.127,0.968) aL=-0.0137 vL=0.0332 t0=[red=0.38 blue=0.62]
[u  589] env= 38600704 rsucc=0.979 n_rounds= 1739 ret=+12.397 len=731.5 ent(t0,t>=1)=(0.148,0.959) aL=-0.0140 vL=0.0339 t0=[red=0.41 blue=0.59]
[u  590] env= 38666240 rsucc=0.969 n_rounds= 1748 ret=+12.234 len=726.7 ent(t0,t>=1)=(0.172,0.942) aL=-0.0140 vL=0.0355 t0=[red=0.41 blue=0.59]
[u  591] env= 38731776 rsucc=0.975 n_rounds= 1838 ret=+12.238 len=752.9 ent(t0,t>=1)=(0.158,0.960) aL=-0.0128 vL=0.0364 t0=[red=0.35 blue=0.65]
[u  592] env= 38797312 rsucc=0.975 n_rounds= 1759 ret=+12.042 len=752.4 ent(t0,t>=1)=(0.145,0.953) aL=-0.0140 vL=0.0361 t0=[red=0.46 blue=0.54]
[u  593] env= 38862848 rsucc=0.973 n_rounds= 1743 ret=+12.545 len=725.9 ent(t0,t>=1)=(0.167,0.937) aL=-0.0138 vL=0.0344 t0=[red=0.45 blue=0.55]
[u  594] env= 38928384 rsucc=0.982 n_rounds= 1856 ret=+12.233 len=748.3 ent(t0,t>=1)=(0.157,0.942) aL=-0.0131 vL=0.0362 t0=[red=0.40 blue=0.60]
[u  595] env= 38993920 rsucc=0.975 n_rounds= 1713 ret=+12.327 len=735.1 ent(t0,t>=1)=(0.174,0.937) aL=-0.0131 vL=0.0365 t0=[red=0.42 blue=0.58]
[u  596] env= 39059456 rsucc=0.973 n_rounds= 1804 ret=+12.572 len=724.2 ent(t0,t>=1)=(0.132,0.924) aL=-0.0130 vL=0.0354 t0=[red=0.36 blue=0.64]
[u  597] env= 39124992 rsucc=0.983 n_rounds= 1775 ret=+12.704 len=706.5 ent(t0,t>=1)=(0.146,0.927) aL=-0.0136 vL=0.0358 t0=[red=0.40 blue=0.60]
[u  598] env= 39190528 rsucc=0.978 n_rounds= 1847 ret=+12.380 len=737.3 ent(t0,t>=1)=(0.145,0.940) aL=-0.0127 vL=0.0369 t0=[red=0.36 blue=0.64]
[u  599] env= 39256064 rsucc=0.964 n_rounds= 1765 ret=+11.918 len=758.5 ent(t0,t>=1)=(0.143,0.941) aL=-0.0117 vL=0.0369 t0=[red=0.47 blue=0.53]
[u  600] env= 39321600 rsucc=0.973 n_rounds= 1751 ret=+12.062 len=749.1 ent(t0,t>=1)=(0.140,0.940) aL=-0.0125 vL=0.0353 t0=[red=0.42 blue=0.58]
[u  601] env= 39387136 rsucc=0.982 n_rounds= 1820 ret=+12.689 len=719.0 ent(t0,t>=1)=(0.151,0.909) aL=-0.0126 vL=0.0361 t0=[red=0.41 blue=0.59]
[u  602] env= 39452672 rsucc=0.965 n_rounds= 1738 ret=+12.387 len=731.2 ent(t0,t>=1)=(0.164,0.935) aL=-0.0136 vL=0.0388 t0=[red=0.38 blue=0.62]
[u  603] env= 39518208 rsucc=0.965 n_rounds= 1816 ret=+12.044 len=746.5 ent(t0,t>=1)=(0.121,0.925) aL=-0.0132 vL=0.0422 t0=[red=0.32 blue=0.68]
[u  604] env= 39583744 rsucc=0.968 n_rounds= 1893 ret=+12.506 len=699.6 ent(t0,t>=1)=(0.131,0.926) aL=-0.0130 vL=0.0395 t0=[red=0.31 blue=0.69]
[u  605] env= 39649280 rsucc=0.970 n_rounds= 1742 ret=+12.313 len=727.3 ent(t0,t>=1)=(0.182,0.940) aL=-0.0134 vL=0.0354 t0=[red=0.37 blue=0.63]
[u  606] env= 39714816 rsucc=0.988 n_rounds= 1823 ret=+12.567 len=725.5 ent(t0,t>=1)=(0.142,0.930) aL=-0.0125 vL=0.0362 t0=[red=0.35 blue=0.65]
[u  607] env= 39780352 rsucc=0.978 n_rounds= 1735 ret=+13.119 len=693.4 ent(t0,t>=1)=(0.130,0.912) aL=-0.0126 vL=0.0320 t0=[red=0.38 blue=0.62]
[u  608] env= 39845888 rsucc=0.980 n_rounds= 1709 ret=+11.936 len=770.1 ent(t0,t>=1)=(0.124,0.927) aL=-0.0118 vL=0.0341 t0=[red=0.45 blue=0.55]
[u  609] env= 39911424 rsucc=0.977 n_rounds= 1793 ret=+11.823 len=776.9 ent(t0,t>=1)=(0.157,0.936) aL=-0.0139 vL=0.0359 t0=[red=0.42 blue=0.58]
[u  610] env= 39976960 rsucc=0.972 n_rounds= 1793 ret=+12.598 len=717.3 ent(t0,t>=1)=(0.149,0.937) aL=-0.0131 vL=0.0375 t0=[red=0.36 blue=0.64]
[u  611] env= 40042496 rsucc=0.983 n_rounds= 1821 ret=+12.340 len=746.7 ent(t0,t>=1)=(0.155,0.943) aL=-0.0130 vL=0.0365 t0=[red=0.39 blue=0.61]
[u  612] env= 40108032 rsucc=0.971 n_rounds= 1715 ret=+12.325 len=740.2 ent(t0,t>=1)=(0.164,0.936) aL=-0.0130 vL=0.0355 t0=[red=0.36 blue=0.64]
[u  613] env= 40173568 rsucc=0.971 n_rounds= 1775 ret=+12.048 len=748.2 ent(t0,t>=1)=(0.191,0.927) aL=-0.0134 vL=0.0363 t0=[red=0.35 blue=0.65]
[u  614] env= 40239104 rsucc=0.972 n_rounds= 1760 ret=+12.339 len=730.7 ent(t0,t>=1)=(0.132,0.950) aL=-0.0122 vL=0.0348 t0=[red=0.37 blue=0.63]
[u  615] env= 40304640 rsucc=0.974 n_rounds= 1761 ret=+12.070 len=748.7 ent(t0,t>=1)=(0.168,0.956) aL=-0.0143 vL=0.0352 t0=[red=0.38 blue=0.62]
[u  616] env= 40370176 rsucc=0.967 n_rounds= 1805 ret=+12.318 len=742.1 ent(t0,t>=1)=(0.134,0.953) aL=-0.0130 vL=0.0386 t0=[red=0.35 blue=0.65]
[u  617] env= 40435712 rsucc=0.987 n_rounds= 1792 ret=+12.200 len=745.3 ent(t0,t>=1)=(0.132,0.953) aL=-0.0136 vL=0.0330 t0=[red=0.46 blue=0.54]
[u  618] env= 40501248 rsucc=0.979 n_rounds= 1865 ret=+12.277 len=738.5 ent(t0,t>=1)=(0.127,0.932) aL=-0.0132 vL=0.0371 t0=[red=0.38 blue=0.62]
[u  619] env= 40566784 rsucc=0.981 n_rounds= 1773 ret=+12.659 len=720.1 ent(t0,t>=1)=(0.145,0.933) aL=-0.0136 vL=0.0364 t0=[red=0.41 blue=0.59]
[u  620] env= 40632320 rsucc=0.973 n_rounds= 1795 ret=+12.657 len=700.5 ent(t0,t>=1)=(0.152,0.923) aL=-0.0130 vL=0.0384 t0=[red=0.39 blue=0.61]
[u  621] env= 40697856 rsucc=0.974 n_rounds= 1790 ret=+12.615 len=720.6 ent(t0,t>=1)=(0.143,0.936) aL=-0.0135 vL=0.0370 t0=[red=0.38 blue=0.62]
[u  622] env= 40763392 rsucc=0.988 n_rounds= 1867 ret=+12.256 len=754.5 ent(t0,t>=1)=(0.167,0.922) aL=-0.0128 vL=0.0374 t0=[red=0.32 blue=0.68]
[u  623] env= 40828928 rsucc=0.979 n_rounds= 1820 ret=+12.626 len=710.7 ent(t0,t>=1)=(0.192,0.937) aL=-0.0143 vL=0.0378 t0=[red=0.36 blue=0.64]
[u  624] env= 40894464 rsucc=0.967 n_rounds= 1691 ret=+11.971 len=759.0 ent(t0,t>=1)=(0.142,0.952) aL=-0.0130 vL=0.0365 t0=[red=0.30 blue=0.70]
[u  625] env= 40960000 rsucc=0.962 n_rounds= 1706 ret=+12.386 len=738.4 ent(t0,t>=1)=(0.135,0.946) aL=-0.0139 vL=0.0327 t0=[red=0.40 blue=0.60]
[u  626] env= 41025536 rsucc=0.977 n_rounds= 1679 ret=+12.556 len=725.5 ent(t0,t>=1)=(0.172,0.899) aL=-0.0134 vL=0.0316 t0=[red=0.45 blue=0.55]
[u  627] env= 41091072 rsucc=0.979 n_rounds= 1721 ret=+11.895 len=772.5 ent(t0,t>=1)=(0.158,0.912) aL=-0.0132 vL=0.0322 t0=[red=0.43 blue=0.57]
[u  628] env= 41156608 rsucc=0.983 n_rounds= 1857 ret=+11.858 len=780.8 ent(t0,t>=1)=(0.130,0.928) aL=-0.0131 vL=0.0348 t0=[red=0.36 blue=0.64]
[u  629] env= 41222144 rsucc=0.972 n_rounds= 1789 ret=+12.246 len=734.8 ent(t0,t>=1)=(0.153,0.941) aL=-0.0134 vL=0.0366 t0=[red=0.38 blue=0.62]
[u  630] env= 41287680 rsucc=0.977 n_rounds= 1838 ret=+12.588 len=731.2 ent(t0,t>=1)=(0.161,0.916) aL=-0.0128 vL=0.0360 t0=[red=0.50 blue=0.50]
[u  631] env= 41353216 rsucc=0.969 n_rounds= 1762 ret=+12.441 len=720.3 ent(t0,t>=1)=(0.142,0.923) aL=-0.0129 vL=0.0345 t0=[red=0.42 blue=0.58]
[u  632] env= 41418752 rsucc=0.978 n_rounds= 1843 ret=+12.169 len=735.8 ent(t0,t>=1)=(0.115,0.915) aL=-0.0131 vL=0.0397 t0=[red=0.38 blue=0.62]
[u  633] env= 41484288 rsucc=0.973 n_rounds= 1762 ret=+12.758 len=707.4 ent(t0,t>=1)=(0.134,0.903) aL=-0.0130 vL=0.0357 t0=[red=0.34 blue=0.66]
[u  634] env= 41549824 rsucc=0.985 n_rounds= 1857 ret=+12.684 len=719.8 ent(t0,t>=1)=(0.135,0.911) aL=-0.0124 vL=0.0356 t0=[red=0.46 blue=0.54]
[u  635] env= 41615360 rsucc=0.987 n_rounds= 1871 ret=+12.382 len=741.6 ent(t0,t>=1)=(0.115,0.904) aL=-0.0121 vL=0.0381 t0=[red=0.39 blue=0.61]
[u  636] env= 41680896 rsucc=0.984 n_rounds= 1842 ret=+12.763 len=706.6 ent(t0,t>=1)=(0.117,0.923) aL=-0.0119 vL=0.0368 t0=[red=0.35 blue=0.65]
[u  637] env= 41746432 rsucc=0.986 n_rounds= 1883 ret=+12.843 len=699.7 ent(t0,t>=1)=(0.115,0.905) aL=-0.0123 vL=0.0381 t0=[red=0.32 blue=0.68]
[u  638] env= 41811968 rsucc=0.981 n_rounds= 1778 ret=+13.021 len=689.3 ent(t0,t>=1)=(0.155,0.896) aL=-0.0129 vL=0.0353 t0=[red=0.38 blue=0.62]
[u  639] env= 41877504 rsucc=0.974 n_rounds= 1782 ret=+12.757 len=712.8 ent(t0,t>=1)=(0.114,0.915) aL=-0.0131 vL=0.0348 t0=[red=0.35 blue=0.65]
[u  640] env= 41943040 rsucc=0.961 n_rounds= 1711 ret=+12.286 len=734.0 ent(t0,t>=1)=(0.119,0.902) aL=-0.0126 vL=0.0349 t0=[red=0.38 blue=0.62]
[u  641] env= 42008576 rsucc=0.971 n_rounds= 1765 ret=+12.280 len=736.6 ent(t0,t>=1)=(0.143,0.902) aL=-0.0124 vL=0.0358 t0=[red=0.38 blue=0.62]
[u  642] env= 42074112 rsucc=0.975 n_rounds= 1741 ret=+11.806 len=769.1 ent(t0,t>=1)=(0.115,0.894) aL=-0.0129 vL=0.0318 t0=[red=0.40 blue=0.60]
[u  643] env= 42139648 rsucc=0.980 n_rounds= 1822 ret=+12.370 len=742.6 ent(t0,t>=1)=(0.148,0.917) aL=-0.0131 vL=0.0363 t0=[red=0.39 blue=0.61]
[u  644] env= 42205184 rsucc=0.975 n_rounds= 1770 ret=+12.133 len=748.6 ent(t0,t>=1)=(0.156,0.899) aL=-0.0125 vL=0.0368 t0=[red=0.34 blue=0.66]
[u  645] env= 42270720 rsucc=0.986 n_rounds= 1830 ret=+12.414 len=733.8 ent(t0,t>=1)=(0.167,0.880) aL=-0.0129 vL=0.0361 t0=[red=0.36 blue=0.64]
[u  646] env= 42336256 rsucc=0.976 n_rounds= 1838 ret=+12.381 len=722.3 ent(t0,t>=1)=(0.122,0.885) aL=-0.0122 vL=0.0363 t0=[red=0.37 blue=0.63]
[u  647] env= 42401792 rsucc=0.975 n_rounds= 1655 ret=+12.644 len=727.0 ent(t0,t>=1)=(0.146,0.876) aL=-0.0113 vL=0.0339 t0=[red=0.41 blue=0.59]
[u  648] env= 42467328 rsucc=0.973 n_rounds= 1833 ret=+11.975 len=765.8 ent(t0,t>=1)=(0.112,0.907) aL=-0.0119 vL=0.0380 t0=[red=0.35 blue=0.65]
[u  649] env= 42532864 rsucc=0.977 n_rounds= 1777 ret=+12.769 len=706.5 ent(t0,t>=1)=(0.124,0.892) aL=-0.0135 vL=0.0321 t0=[red=0.42 blue=0.58]
[u  650] env= 42598400 rsucc=0.981 n_rounds= 1812 ret=+12.030 len=760.5 ent(t0,t>=1)=(0.121,0.880) aL=-0.0121 vL=0.0352 t0=[red=0.36 blue=0.64]
[u  651] env= 42663936 rsucc=0.982 n_rounds= 1933 ret=+12.506 len=713.8 ent(t0,t>=1)=(0.130,0.892) aL=-0.0121 vL=0.0401 t0=[red=0.35 blue=0.65]
[u  652] env= 42729472 rsucc=0.977 n_rounds= 1846 ret=+13.020 len=688.0 ent(t0,t>=1)=(0.131,0.895) aL=-0.0114 vL=0.0400 t0=[red=0.35 blue=0.65]
[u  653] env= 42795008 rsucc=0.978 n_rounds= 1790 ret=+12.885 len=706.6 ent(t0,t>=1)=(0.131,0.892) aL=-0.0122 vL=0.0383 t0=[red=0.36 blue=0.64]
[u  654] env= 42860544 rsucc=0.983 n_rounds= 1800 ret=+12.832 len=696.9 ent(t0,t>=1)=(0.117,0.905) aL=-0.0132 vL=0.0355 t0=[red=0.41 blue=0.59]
[u  655] env= 42926080 rsucc=0.979 n_rounds= 1802 ret=+12.326 len=739.9 ent(t0,t>=1)=(0.114,0.912) aL=-0.0119 vL=0.0358 t0=[red=0.44 blue=0.56]
[u  656] env= 42991616 rsucc=0.975 n_rounds= 1846 ret=+12.366 len=741.1 ent(t0,t>=1)=(0.123,0.911) aL=-0.0119 vL=0.0377 t0=[red=0.44 blue=0.56]
[u  657] env= 43057152 rsucc=0.978 n_rounds= 1780 ret=+12.455 len=726.1 ent(t0,t>=1)=(0.134,0.906) aL=-0.0133 vL=0.0344 t0=[red=0.41 blue=0.59]
[u  658] env= 43122688 rsucc=0.973 n_rounds= 1764 ret=+12.967 len=695.1 ent(t0,t>=1)=(0.176,0.884) aL=-0.0121 vL=0.0342 t0=[red=0.42 blue=0.58]
[u  659] env= 43188224 rsucc=0.965 n_rounds= 1757 ret=+12.295 len=740.0 ent(t0,t>=1)=(0.138,0.879) aL=-0.0124 vL=0.0358 t0=[red=0.37 blue=0.63]
[u  660] env= 43253760 rsucc=0.979 n_rounds= 1850 ret=+12.171 len=741.0 ent(t0,t>=1)=(0.126,0.890) aL=-0.0123 vL=0.0353 t0=[red=0.36 blue=0.64]
[u  661] env= 43319296 rsucc=0.978 n_rounds= 1806 ret=+12.433 len=723.4 ent(t0,t>=1)=(0.142,0.892) aL=-0.0128 vL=0.0381 t0=[red=0.37 blue=0.63]
[u  662] env= 43384832 rsucc=0.985 n_rounds= 1792 ret=+12.250 len=745.9 ent(t0,t>=1)=(0.126,0.888) aL=-0.0119 vL=0.0339 t0=[red=0.41 blue=0.59]
[u  663] env= 43450368 rsucc=0.982 n_rounds= 1926 ret=+12.584 len=705.0 ent(t0,t>=1)=(0.115,0.865) aL=-0.0113 vL=0.0399 t0=[red=0.37 blue=0.63]
[u  664] env= 43515904 rsucc=0.986 n_rounds= 1806 ret=+12.774 len=713.9 ent(t0,t>=1)=(0.130,0.885) aL=-0.0125 vL=0.0340 t0=[red=0.41 blue=0.59]
[u  665] env= 43581440 rsucc=0.979 n_rounds= 1703 ret=+12.670 len=728.6 ent(t0,t>=1)=(0.129,0.895) aL=-0.0123 vL=0.0344 t0=[red=0.49 blue=0.51]
[u  666] env= 43646976 rsucc=0.988 n_rounds= 1804 ret=+12.494 len=733.2 ent(t0,t>=1)=(0.138,0.913) aL=-0.0129 vL=0.0365 t0=[red=0.34 blue=0.66]
[u  667] env= 43712512 rsucc=0.985 n_rounds= 1764 ret=+12.900 len=705.5 ent(t0,t>=1)=(0.129,0.882) aL=-0.0131 vL=0.0326 t0=[red=0.35 blue=0.65]
[u  668] env= 43778048 rsucc=0.985 n_rounds= 1767 ret=+12.568 len=733.9 ent(t0,t>=1)=(0.155,0.875) aL=-0.0124 vL=0.0339 t0=[red=0.45 blue=0.55]
[u  669] env= 43843584 rsucc=0.963 n_rounds= 1807 ret=+12.481 len=732.7 ent(t0,t>=1)=(0.129,0.896) aL=-0.0124 vL=0.0398 t0=[red=0.37 blue=0.63]
[u  670] env= 43909120 rsucc=0.969 n_rounds= 1803 ret=+12.135 len=742.2 ent(t0,t>=1)=(0.129,0.875) aL=-0.0124 vL=0.0395 t0=[red=0.30 blue=0.70]
[u  671] env= 43974656 rsucc=0.981 n_rounds= 1857 ret=+12.115 len=748.3 ent(t0,t>=1)=(0.145,0.897) aL=-0.0128 vL=0.0373 t0=[red=0.35 blue=0.65]
[u  672] env= 44040192 rsucc=0.980 n_rounds= 1874 ret=+12.563 len=716.5 ent(t0,t>=1)=(0.167,0.879) aL=-0.0121 vL=0.0371 t0=[red=0.46 blue=0.54]
[u  673] env= 44105728 rsucc=0.984 n_rounds= 1846 ret=+12.975 len=687.2 ent(t0,t>=1)=(0.140,0.856) aL=-0.0128 vL=0.0345 t0=[red=0.42 blue=0.58]
[u  674] env= 44171264 rsucc=0.955 n_rounds= 1631 ret=+12.551 len=722.1 ent(t0,t>=1)=(0.150,0.899) aL=-0.0116 vL=0.0342 t0=[red=0.46 blue=0.54]
[u  675] env= 44236800 rsucc=0.982 n_rounds= 1816 ret=+11.807 len=770.7 ent(t0,t>=1)=(0.128,0.861) aL=-0.0114 vL=0.0382 t0=[red=0.40 blue=0.60]
[u  676] env= 44302336 rsucc=0.968 n_rounds= 1754 ret=+12.404 len=727.7 ent(t0,t>=1)=(0.170,0.872) aL=-0.0124 vL=0.0375 t0=[red=0.41 blue=0.59]
[u  677] env= 44367872 rsucc=0.973 n_rounds= 1831 ret=+12.431 len=726.4 ent(t0,t>=1)=(0.136,0.875) aL=-0.0117 vL=0.0367 t0=[red=0.33 blue=0.67]
[u  678] env= 44433408 rsucc=0.978 n_rounds= 1844 ret=+12.470 len=715.7 ent(t0,t>=1)=(0.108,0.869) aL=-0.0109 vL=0.0339 t0=[red=0.47 blue=0.53]
[u  679] env= 44498944 rsucc=0.981 n_rounds= 1799 ret=+12.217 len=746.0 ent(t0,t>=1)=(0.127,0.867) aL=-0.0119 vL=0.0372 t0=[red=0.43 blue=0.57]
[u  680] env= 44564480 rsucc=0.979 n_rounds= 1743 ret=+12.766 len=705.8 ent(t0,t>=1)=(0.160,0.866) aL=-0.0116 vL=0.0354 t0=[red=0.36 blue=0.64]
[u  681] env= 44630016 rsucc=0.977 n_rounds= 1842 ret=+12.429 len=738.2 ent(t0,t>=1)=(0.131,0.858) aL=-0.0124 vL=0.0356 t0=[red=0.38 blue=0.62]
[u  682] env= 44695552 rsucc=0.987 n_rounds= 1819 ret=+12.830 len=707.5 ent(t0,t>=1)=(0.130,0.876) aL=-0.0116 vL=0.0383 t0=[red=0.37 blue=0.63]
[u  683] env= 44761088 rsucc=0.980 n_rounds= 1831 ret=+12.166 len=759.8 ent(t0,t>=1)=(0.110,0.877) aL=-0.0110 vL=0.0379 t0=[red=0.34 blue=0.66]
[u  684] env= 44826624 rsucc=0.989 n_rounds= 1814 ret=+12.865 len=696.4 ent(t0,t>=1)=(0.124,0.869) aL=-0.0126 vL=0.0334 t0=[red=0.38 blue=0.62]
[u  685] env= 44892160 rsucc=0.968 n_rounds= 1699 ret=+12.721 len=715.3 ent(t0,t>=1)=(0.156,0.865) aL=-0.0115 vL=0.0340 t0=[red=0.37 blue=0.63]
[u  686] env= 44957696 rsucc=0.970 n_rounds= 1809 ret=+12.439 len=733.8 ent(t0,t>=1)=(0.116,0.853) aL=-0.0110 vL=0.0387 t0=[red=0.45 blue=0.55]
[u  687] env= 45023232 rsucc=0.984 n_rounds= 1881 ret=+12.130 len=756.5 ent(t0,t>=1)=(0.126,0.864) aL=-0.0120 vL=0.0398 t0=[red=0.36 blue=0.64]
[u  688] env= 45088768 rsucc=0.979 n_rounds= 1905 ret=+12.580 len=704.3 ent(t0,t>=1)=(0.145,0.860) aL=-0.0113 vL=0.0397 t0=[red=0.41 blue=0.59]
[u  689] env= 45154304 rsucc=0.987 n_rounds= 1856 ret=+12.677 len=705.9 ent(t0,t>=1)=(0.118,0.832) aL=-0.0123 vL=0.0359 t0=[red=0.48 blue=0.52]
[u  690] env= 45219840 rsucc=0.991 n_rounds= 1897 ret=+12.834 len=718.7 ent(t0,t>=1)=(0.115,0.833) aL=-0.0108 vL=0.0387 t0=[red=0.34 blue=0.66]
[u  691] env= 45285376 rsucc=0.969 n_rounds= 1829 ret=+12.998 len=683.1 ent(t0,t>=1)=(0.141,0.871) aL=-0.0113 vL=0.0399 t0=[red=0.39 blue=0.61]
[u  692] env= 45350912 rsucc=0.982 n_rounds= 1790 ret=+12.542 len=721.6 ent(t0,t>=1)=(0.161,0.859) aL=-0.0114 vL=0.0350 t0=[red=0.38 blue=0.62]
[u  693] env= 45416448 rsucc=0.982 n_rounds= 1702 ret=+12.879 len=695.3 ent(t0,t>=1)=(0.121,0.854) aL=-0.0111 vL=0.0321 t0=[red=0.41 blue=0.59]
[u  694] env= 45481984 rsucc=0.988 n_rounds= 1864 ret=+12.313 len=759.1 ent(t0,t>=1)=(0.108,0.852) aL=-0.0123 vL=0.0347 t0=[red=0.36 blue=0.64]
[u  695] env= 45547520 rsucc=0.973 n_rounds= 1738 ret=+12.509 len=730.4 ent(t0,t>=1)=(0.180,0.872) aL=-0.0116 vL=0.0374 t0=[red=0.43 blue=0.57]
[u  696] env= 45613056 rsucc=0.973 n_rounds= 1791 ret=+13.067 len=684.6 ent(t0,t>=1)=(0.149,0.861) aL=-0.0109 vL=0.0360 t0=[red=0.39 blue=0.61]
[u  697] env= 45678592 rsucc=0.983 n_rounds= 1910 ret=+12.087 len=752.3 ent(t0,t>=1)=(0.138,0.844) aL=-0.0112 vL=0.0411 t0=[red=0.38 blue=0.62]
[u  698] env= 45744128 rsucc=0.979 n_rounds= 1727 ret=+12.059 len=761.6 ent(t0,t>=1)=(0.127,0.864) aL=-0.0113 vL=0.0337 t0=[red=0.41 blue=0.59]
[u  699] env= 45809664 rsucc=0.969 n_rounds= 1820 ret=+12.326 len=730.0 ent(t0,t>=1)=(0.129,0.851) aL=-0.0112 vL=0.0399 t0=[red=0.44 blue=0.56]
[u  700] env= 45875200 rsucc=0.973 n_rounds= 1814 ret=+12.590 len=716.2 ent(t0,t>=1)=(0.127,0.858) aL=-0.0112 vL=0.0390 t0=[red=0.35 blue=0.65]
[u  701] env= 45940736 rsucc=0.985 n_rounds= 1897 ret=+12.623 len=717.5 ent(t0,t>=1)=(0.128,0.828) aL=-0.0106 vL=0.0351 t0=[red=0.41 blue=0.59]
[u  702] env= 46006272 rsucc=0.985 n_rounds= 1889 ret=+12.671 len=704.8 ent(t0,t>=1)=(0.102,0.850) aL=-0.0104 vL=0.0401 t0=[red=0.35 blue=0.65]
[u  703] env= 46071808 rsucc=0.986 n_rounds= 1824 ret=+13.118 len=680.2 ent(t0,t>=1)=(0.104,0.843) aL=-0.0102 vL=0.0339 t0=[red=0.39 blue=0.61]
[u  704] env= 46137344 rsucc=0.975 n_rounds= 1858 ret=+12.910 len=698.5 ent(t0,t>=1)=(0.135,0.867) aL=-0.0114 vL=0.0358 t0=[red=0.39 blue=0.61]
[u  705] env= 46202880 rsucc=0.988 n_rounds= 1803 ret=+12.559 len=720.6 ent(t0,t>=1)=(0.143,0.814) aL=-0.0099 vL=0.0368 t0=[red=0.49 blue=0.51]
[u  706] env= 46268416 rsucc=0.963 n_rounds= 1765 ret=+12.672 len=722.7 ent(t0,t>=1)=(0.142,0.859) aL=-0.0114 vL=0.0413 t0=[red=0.38 blue=0.62]
[u  707] env= 46333952 rsucc=0.965 n_rounds= 1697 ret=+12.509 len=733.2 ent(t0,t>=1)=(0.142,0.848) aL=-0.0114 vL=0.0360 t0=[red=0.50 blue=0.50]
[u  708] env= 46399488 rsucc=0.974 n_rounds= 1717 ret=+11.935 len=757.9 ent(t0,t>=1)=(0.122,0.871) aL=-0.0112 vL=0.0377 t0=[red=0.40 blue=0.60]
[u  709] env= 46465024 rsucc=0.983 n_rounds= 1865 ret=+12.104 len=756.1 ent(t0,t>=1)=(0.131,0.845) aL=-0.0106 vL=0.0401 t0=[red=0.38 blue=0.62]
[u  710] env= 46530560 rsucc=0.979 n_rounds= 1909 ret=+12.243 len=729.4 ent(t0,t>=1)=(0.125,0.855) aL=-0.0106 vL=0.0408 t0=[red=0.34 blue=0.66]
[u  711] env= 46596096 rsucc=0.980 n_rounds= 1780 ret=+13.228 len=657.8 ent(t0,t>=1)=(0.132,0.834) aL=-0.0112 vL=0.0351 t0=[red=0.39 blue=0.61]
[u  712] env= 46661632 rsucc=0.980 n_rounds= 1843 ret=+12.609 len=724.0 ent(t0,t>=1)=(0.121,0.847) aL=-0.0109 vL=0.0387 t0=[red=0.42 blue=0.58]
[u  713] env= 46727168 rsucc=0.982 n_rounds= 1876 ret=+12.643 len=718.5 ent(t0,t>=1)=(0.130,0.837) aL=-0.0108 vL=0.0392 t0=[red=0.37 blue=0.63]
[u  714] env= 46792704 rsucc=0.984 n_rounds= 1772 ret=+12.680 len=707.7 ent(t0,t>=1)=(0.139,0.858) aL=-0.0109 vL=0.0365 t0=[red=0.44 blue=0.56]
[u  715] env= 46858240 rsucc=0.986 n_rounds= 1870 ret=+12.726 len=712.0 ent(t0,t>=1)=(0.156,0.861) aL=-0.0116 vL=0.0360 t0=[red=0.42 blue=0.58]
[u  716] env= 46923776 rsucc=0.985 n_rounds= 1837 ret=+12.525 len=733.9 ent(t0,t>=1)=(0.118,0.853) aL=-0.0098 vL=0.0355 t0=[red=0.39 blue=0.61]
[u  717] env= 46989312 rsucc=0.986 n_rounds= 1846 ret=+12.629 len=724.1 ent(t0,t>=1)=(0.145,0.849) aL=-0.0107 vL=0.0379 t0=[red=0.41 blue=0.59]
[u  718] env= 47054848 rsucc=0.989 n_rounds= 1925 ret=+12.788 len=716.4 ent(t0,t>=1)=(0.082,0.844) aL=-0.0104 vL=0.0401 t0=[red=0.40 blue=0.60]
[u  719] env= 47120384 rsucc=0.986 n_rounds= 1921 ret=+13.220 len=678.0 ent(t0,t>=1)=(0.074,0.835) aL=-0.0112 vL=0.0389 t0=[red=0.32 blue=0.68]
[u  720] env= 47185920 rsucc=0.982 n_rounds= 1850 ret=+13.141 len=676.6 ent(t0,t>=1)=(0.093,0.836) aL=-0.0105 vL=0.0378 t0=[red=0.34 blue=0.66]
[u  721] env= 47251456 rsucc=0.983 n_rounds= 1907 ret=+12.771 len=708.8 ent(t0,t>=1)=(0.088,0.847) aL=-0.0109 vL=0.0381 t0=[red=0.39 blue=0.61]
[u  722] env= 47316992 rsucc=0.973 n_rounds= 1761 ret=+13.024 len=690.4 ent(t0,t>=1)=(0.116,0.845) aL=-0.0102 vL=0.0345 t0=[red=0.44 blue=0.56]
[u  723] env= 47382528 rsucc=0.986 n_rounds= 1821 ret=+12.615 len=724.0 ent(t0,t>=1)=(0.121,0.836) aL=-0.0100 vL=0.0375 t0=[red=0.45 blue=0.55]
[u  724] env= 47448064 rsucc=0.984 n_rounds= 1846 ret=+12.672 len=718.1 ent(t0,t>=1)=(0.135,0.854) aL=-0.0103 vL=0.0367 t0=[red=0.35 blue=0.65]
[u  725] env= 47513600 rsucc=0.981 n_rounds= 1765 ret=+12.532 len=731.9 ent(t0,t>=1)=(0.131,0.840) aL=-0.0104 vL=0.0353 t0=[red=0.38 blue=0.62]
[u  726] env= 47579136 rsucc=0.983 n_rounds= 1777 ret=+12.682 len=718.9 ent(t0,t>=1)=(0.131,0.839) aL=-0.0105 vL=0.0327 t0=[red=0.42 blue=0.58]
[u  727] env= 47644672 rsucc=0.977 n_rounds= 1906 ret=+12.371 len=732.4 ent(t0,t>=1)=(0.109,0.851) aL=-0.0104 vL=0.0437 t0=[red=0.38 blue=0.62]
[u  728] env= 47710208 rsucc=0.992 n_rounds= 1912 ret=+12.576 len=720.5 ent(t0,t>=1)=(0.097,0.826) aL=-0.0100 vL=0.0362 t0=[red=0.44 blue=0.56]
[u  729] env= 47775744 rsucc=0.975 n_rounds= 1733 ret=+12.764 len=707.9 ent(t0,t>=1)=(0.157,0.845) aL=-0.0107 vL=0.0350 t0=[red=0.40 blue=0.60]
[u  730] env= 47841280 rsucc=0.985 n_rounds= 1868 ret=+12.986 len=693.5 ent(t0,t>=1)=(0.166,0.842) aL=-0.0106 vL=0.0384 t0=[red=0.37 blue=0.63]
[u  731] env= 47906816 rsucc=0.983 n_rounds= 1796 ret=+12.727 len=714.0 ent(t0,t>=1)=(0.126,0.853) aL=-0.0100 vL=0.0379 t0=[red=0.36 blue=0.64]
[u  732] env= 47972352 rsucc=0.988 n_rounds= 1825 ret=+12.705 len=717.6 ent(t0,t>=1)=(0.145,0.839) aL=-0.0097 vL=0.0330 t0=[red=0.40 blue=0.60]
[u  733] env= 48037888 rsucc=0.980 n_rounds= 1808 ret=+12.434 len=740.0 ent(t0,t>=1)=(0.123,0.852) aL=-0.0097 vL=0.0365 t0=[red=0.41 blue=0.59]
[u  734] env= 48103424 rsucc=0.973 n_rounds= 1705 ret=+12.455 len=730.8 ent(t0,t>=1)=(0.113,0.841) aL=-0.0104 vL=0.0353 t0=[red=0.41 blue=0.59]
[u  735] env= 48168960 rsucc=0.982 n_rounds= 1821 ret=+12.616 len=731.6 ent(t0,t>=1)=(0.134,0.832) aL=-0.0099 vL=0.0339 t0=[red=0.44 blue=0.56]
[u  736] env= 48234496 rsucc=0.983 n_rounds= 1872 ret=+12.383 len=741.8 ent(t0,t>=1)=(0.139,0.837) aL=-0.0100 vL=0.0377 t0=[red=0.40 blue=0.60]
[u  737] env= 48300032 rsucc=0.984 n_rounds= 1897 ret=+12.879 len=693.4 ent(t0,t>=1)=(0.120,0.826) aL=-0.0102 vL=0.0397 t0=[red=0.34 blue=0.66]
[u  738] env= 48365568 rsucc=0.980 n_rounds= 1789 ret=+12.419 len=732.0 ent(t0,t>=1)=(0.112,0.836) aL=-0.0098 vL=0.0364 t0=[red=0.39 blue=0.61]
[u  739] env= 48431104 rsucc=0.980 n_rounds= 1908 ret=+13.071 len=690.2 ent(t0,t>=1)=(0.109,0.820) aL=-0.0099 vL=0.0401 t0=[red=0.41 blue=0.59]
[u  740] env= 48496640 rsucc=0.984 n_rounds= 1889 ret=+12.588 len=717.3 ent(t0,t>=1)=(0.131,0.804) aL=-0.0093 vL=0.0404 t0=[red=0.41 blue=0.59]
[u  741] env= 48562176 rsucc=0.988 n_rounds= 1799 ret=+12.523 len=724.6 ent(t0,t>=1)=(0.142,0.824) aL=-0.0098 vL=0.0363 t0=[red=0.34 blue=0.66]
[u  742] env= 48627712 rsucc=0.983 n_rounds= 1840 ret=+13.036 len=681.6 ent(t0,t>=1)=(0.117,0.830) aL=-0.0105 vL=0.0389 t0=[red=0.41 blue=0.59]
[u  743] env= 48693248 rsucc=0.984 n_rounds= 1814 ret=+12.945 len=705.0 ent(t0,t>=1)=(0.126,0.831) aL=-0.0098 vL=0.0372 t0=[red=0.34 blue=0.66]
[u  744] env= 48758784 rsucc=0.972 n_rounds= 1777 ret=+12.499 len=736.1 ent(t0,t>=1)=(0.108,0.842) aL=-0.0100 vL=0.0378 t0=[red=0.36 blue=0.64]
[u  745] env= 48824320 rsucc=0.987 n_rounds= 1821 ret=+12.868 len=705.1 ent(t0,t>=1)=(0.111,0.814) aL=-0.0097 vL=0.0358 t0=[red=0.43 blue=0.57]
[u  746] env= 48889856 rsucc=0.984 n_rounds= 1892 ret=+12.805 len=716.8 ent(t0,t>=1)=(0.114,0.803) aL=-0.0097 vL=0.0376 t0=[red=0.40 blue=0.60]
[u  747] env= 48955392 rsucc=0.978 n_rounds= 1803 ret=+12.403 len=724.8 ent(t0,t>=1)=(0.112,0.795) aL=-0.0094 vL=0.0421 t0=[red=0.42 blue=0.58]
[u  748] env= 49020928 rsucc=0.974 n_rounds= 1896 ret=+12.661 len=717.6 ent(t0,t>=1)=(0.125,0.801) aL=-0.0089 vL=0.0379 t0=[red=0.43 blue=0.57]
[u  749] env= 49086464 rsucc=0.987 n_rounds= 1855 ret=+12.795 len=699.4 ent(t0,t>=1)=(0.130,0.811) aL=-0.0092 vL=0.0355 t0=[red=0.35 blue=0.65]
[u  750] env= 49152000 rsucc=0.982 n_rounds= 1818 ret=+12.483 len=723.7 ent(t0,t>=1)=(0.131,0.819) aL=-0.0092 vL=0.0385 t0=[red=0.37 blue=0.63]
[u  751] env= 49217536 rsucc=0.989 n_rounds= 1961 ret=+12.706 len=719.2 ent(t0,t>=1)=(0.083,0.806) aL=-0.0091 vL=0.0396 t0=[red=0.39 blue=0.61]
[u  752] env= 49283072 rsucc=0.986 n_rounds= 1903 ret=+13.131 len=670.0 ent(t0,t>=1)=(0.112,0.809) aL=-0.0093 vL=0.0392 t0=[red=0.38 blue=0.62]
[u  753] env= 49348608 rsucc=0.979 n_rounds= 1783 ret=+12.836 len=705.2 ent(t0,t>=1)=(0.159,0.833) aL=-0.0094 vL=0.0384 t0=[red=0.40 blue=0.60]
[u  754] env= 49414144 rsucc=0.985 n_rounds= 1837 ret=+12.840 len=709.0 ent(t0,t>=1)=(0.111,0.828) aL=-0.0092 vL=0.0389 t0=[red=0.38 blue=0.62]
[u  755] env= 49479680 rsucc=0.977 n_rounds= 1890 ret=+12.885 len=688.6 ent(t0,t>=1)=(0.110,0.805) aL=-0.0086 vL=0.0398 t0=[red=0.37 blue=0.63]
[u  756] env= 49545216 rsucc=0.981 n_rounds= 1721 ret=+12.577 len=730.1 ent(t0,t>=1)=(0.145,0.835) aL=-0.0084 vL=0.0349 t0=[red=0.40 blue=0.60]
[u  757] env= 49610752 rsucc=0.983 n_rounds= 1848 ret=+12.519 len=715.1 ent(t0,t>=1)=(0.118,0.812) aL=-0.0094 vL=0.0379 t0=[red=0.42 blue=0.58]
[u  758] env= 49676288 rsucc=0.989 n_rounds= 1772 ret=+12.733 len=715.0 ent(t0,t>=1)=(0.107,0.827) aL=-0.0096 vL=0.0335 t0=[red=0.45 blue=0.55]
[u  759] env= 49741824 rsucc=0.983 n_rounds= 1878 ret=+12.538 len=731.9 ent(t0,t>=1)=(0.094,0.816) aL=-0.0096 vL=0.0372 t0=[red=0.39 blue=0.61]
[u  760] env= 49807360 rsucc=0.992 n_rounds= 1858 ret=+12.751 len=721.8 ent(t0,t>=1)=(0.125,0.804) aL=-0.0092 vL=0.0360 t0=[red=0.37 blue=0.63]
[u  761] env= 49872896 rsucc=0.989 n_rounds= 1915 ret=+12.975 len=707.0 ent(t0,t>=1)=(0.111,0.805) aL=-0.0084 vL=0.0376 t0=[red=0.37 blue=0.63]
[u  762] env= 49938432 rsucc=0.986 n_rounds= 1951 ret=+12.886 len=701.7 ent(t0,t>=1)=(0.108,0.791) aL=-0.0089 vL=0.0416 t0=[red=0.36 blue=0.64]
[u  763] env= 50003968 rsucc=0.991 n_rounds= 1861 ret=+13.187 len=672.5 ent(t0,t>=1)=(0.155,0.790) aL=-0.0082 vL=0.0330 t0=[red=0.42 blue=0.58]
[u  764] env= 50069504 rsucc=0.979 n_rounds= 1823 ret=+12.756 len=719.4 ent(t0,t>=1)=(0.118,0.808) aL=-0.0080 vL=0.0385 t0=[red=0.41 blue=0.59]
[u  765] env= 50135040 rsucc=0.987 n_rounds= 1839 ret=+13.116 len=690.0 ent(t0,t>=1)=(0.153,0.789) aL=-0.0077 vL=0.0378 t0=[red=0.41 blue=0.59]
[u  766] env= 50200576 rsucc=0.983 n_rounds= 1898 ret=+12.928 len=696.0 ent(t0,t>=1)=(0.112,0.802) aL=-0.0083 vL=0.0396 t0=[red=0.39 blue=0.61]
[u  767] env= 50266112 rsucc=0.987 n_rounds= 1817 ret=+12.882 len=696.6 ent(t0,t>=1)=(0.127,0.820) aL=-0.0084 vL=0.0372 t0=[red=0.33 blue=0.67]
[u  768] env= 50331648 rsucc=0.980 n_rounds= 1767 ret=+12.950 len=694.4 ent(t0,t>=1)=(0.107,0.797) aL=-0.0086 vL=0.0347 t0=[red=0.39 blue=0.61]
[u  769] env= 50397184 rsucc=0.973 n_rounds= 1682 ret=+12.443 len=743.2 ent(t0,t>=1)=(0.135,0.809) aL=-0.0087 vL=0.0349 t0=[red=0.44 blue=0.56]
[u  770] env= 50462720 rsucc=0.983 n_rounds= 1893 ret=+12.174 len=761.5 ent(t0,t>=1)=(0.100,0.801) aL=-0.0076 vL=0.0404 t0=[red=0.38 blue=0.62]
[u  771] env= 50528256 rsucc=0.982 n_rounds= 1840 ret=+12.750 len=716.3 ent(t0,t>=1)=(0.135,0.805) aL=-0.0086 vL=0.0366 t0=[red=0.40 blue=0.60]
[u  772] env= 50593792 rsucc=0.981 n_rounds= 1902 ret=+12.373 len=729.3 ent(t0,t>=1)=(0.094,0.800) aL=-0.0082 vL=0.0412 t0=[red=0.39 blue=0.61]
[u  773] env= 50659328 rsucc=0.986 n_rounds= 1843 ret=+12.750 len=708.6 ent(t0,t>=1)=(0.094,0.819) aL=-0.0087 vL=0.0375 t0=[red=0.33 blue=0.67]
[u  774] env= 50724864 rsucc=0.988 n_rounds= 1857 ret=+13.027 len=687.5 ent(t0,t>=1)=(0.095,0.781) aL=-0.0083 vL=0.0386 t0=[red=0.39 blue=0.61]
[u  775] env= 50790400 rsucc=0.976 n_rounds= 1821 ret=+12.479 len=735.6 ent(t0,t>=1)=(0.100,0.782) aL=-0.0083 vL=0.0376 t0=[red=0.42 blue=0.58]
[u  776] env= 50855936 rsucc=0.985 n_rounds= 1924 ret=+13.037 len=683.8 ent(t0,t>=1)=(0.096,0.814) aL=-0.0085 vL=0.0399 t0=[red=0.43 blue=0.57]
[u  777] env= 50921472 rsucc=0.977 n_rounds= 1903 ret=+12.691 len=711.0 ent(t0,t>=1)=(0.103,0.809) aL=-0.0081 vL=0.0405 t0=[red=0.39 blue=0.61]
[u  778] env= 50987008 rsucc=0.979 n_rounds= 1883 ret=+13.059 len=675.2 ent(t0,t>=1)=(0.138,0.804) aL=-0.0078 vL=0.0396 t0=[red=0.39 blue=0.61]
[u  779] env= 51052544 rsucc=0.988 n_rounds= 1863 ret=+13.205 len=674.0 ent(t0,t>=1)=(0.112,0.794) aL=-0.0071 vL=0.0380 t0=[red=0.39 blue=0.61]
[u  780] env= 51118080 rsucc=0.985 n_rounds= 1888 ret=+12.549 len=718.8 ent(t0,t>=1)=(0.082,0.782) aL=-0.0078 vL=0.0406 t0=[red=0.41 blue=0.59]
[u  781] env= 51183616 rsucc=0.986 n_rounds= 1838 ret=+13.026 len=697.7 ent(t0,t>=1)=(0.124,0.804) aL=-0.0077 vL=0.0390 t0=[red=0.40 blue=0.60]
[u  782] env= 51249152 rsucc=0.985 n_rounds= 1816 ret=+13.337 len=660.1 ent(t0,t>=1)=(0.116,0.804) aL=-0.0074 vL=0.0375 t0=[red=0.39 blue=0.61]
[u  783] env= 51314688 rsucc=0.993 n_rounds= 1901 ret=+12.504 len=735.6 ent(t0,t>=1)=(0.087,0.810) aL=-0.0071 vL=0.0392 t0=[red=0.44 blue=0.56]
[u  784] env= 51380224 rsucc=0.981 n_rounds= 1753 ret=+13.059 len=697.5 ent(t0,t>=1)=(0.091,0.800) aL=-0.0074 vL=0.0362 t0=[red=0.45 blue=0.55]
[u  785] env= 51445760 rsucc=0.985 n_rounds= 1941 ret=+12.707 len=721.6 ent(t0,t>=1)=(0.128,0.799) aL=-0.0072 vL=0.0391 t0=[red=0.34 blue=0.66]
[u  786] env= 51511296 rsucc=0.992 n_rounds= 1884 ret=+12.726 len=711.7 ent(t0,t>=1)=(0.132,0.803) aL=-0.0078 vL=0.0361 t0=[red=0.36 blue=0.64]
[u  787] env= 51576832 rsucc=0.989 n_rounds= 1838 ret=+12.668 len=712.4 ent(t0,t>=1)=(0.108,0.798) aL=-0.0066 vL=0.0394 t0=[red=0.32 blue=0.68]
[u  788] env= 51642368 rsucc=0.981 n_rounds= 1748 ret=+13.511 len=659.1 ent(t0,t>=1)=(0.139,0.831) aL=-0.0078 vL=0.0356 t0=[red=0.39 blue=0.61]
[u  789] env= 51707904 rsucc=0.983 n_rounds= 1795 ret=+12.870 len=715.2 ent(t0,t>=1)=(0.102,0.803) aL=-0.0071 vL=0.0372 t0=[red=0.39 blue=0.61]
[u  790] env= 51773440 rsucc=0.981 n_rounds= 1776 ret=+12.521 len=744.2 ent(t0,t>=1)=(0.106,0.797) aL=-0.0068 vL=0.0361 t0=[red=0.39 blue=0.61]
[u  791] env= 51838976 rsucc=0.991 n_rounds= 1853 ret=+11.967 len=767.0 ent(t0,t>=1)=(0.096,0.784) aL=-0.0068 vL=0.0351 t0=[red=0.38 blue=0.62]
[u  792] env= 51904512 rsucc=0.984 n_rounds= 1771 ret=+13.022 len=693.4 ent(t0,t>=1)=(0.110,0.812) aL=-0.0071 vL=0.0354 t0=[red=0.44 blue=0.56]
[u  793] env= 51970048 rsucc=0.982 n_rounds= 1861 ret=+12.335 len=750.7 ent(t0,t>=1)=(0.099,0.794) aL=-0.0070 vL=0.0400 t0=[red=0.40 blue=0.60]
[u  794] env= 52035584 rsucc=0.986 n_rounds= 1902 ret=+12.750 len=720.2 ent(t0,t>=1)=(0.122,0.800) aL=-0.0068 vL=0.0403 t0=[red=0.37 blue=0.63]
[u  795] env= 52101120 rsucc=0.981 n_rounds= 1748 ret=+12.794 len=703.7 ent(t0,t>=1)=(0.103,0.809) aL=-0.0068 vL=0.0369 t0=[red=0.40 blue=0.60]
[u  796] env= 52166656 rsucc=0.991 n_rounds= 1924 ret=+12.844 len=707.3 ent(t0,t>=1)=(0.126,0.797) aL=-0.0067 vL=0.0369 t0=[red=0.45 blue=0.55]
[u  797] env= 52232192 rsucc=0.984 n_rounds= 1851 ret=+12.938 len=698.9 ent(t0,t>=1)=(0.100,0.814) aL=-0.0067 vL=0.0400 t0=[red=0.43 blue=0.57]
[u  798] env= 52297728 rsucc=0.984 n_rounds= 1860 ret=+12.756 len=706.4 ent(t0,t>=1)=(0.072,0.781) aL=-0.0068 vL=0.0381 t0=[red=0.47 blue=0.53]
[u  799] env= 52363264 rsucc=0.986 n_rounds= 1989 ret=+13.349 len=671.4 ent(t0,t>=1)=(0.088,0.800) aL=-0.0066 vL=0.0412 t0=[red=0.40 blue=0.60]
[u  800] env= 52428800 rsucc=0.981 n_rounds= 1848 ret=+12.862 len=703.4 ent(t0,t>=1)=(0.095,0.787) aL=-0.0063 vL=0.0377 t0=[red=0.40 blue=0.60]
[u  801] env= 52494336 rsucc=0.984 n_rounds= 1840 ret=+12.870 len=704.2 ent(t0,t>=1)=(0.109,0.808) aL=-0.0067 vL=0.0374 t0=[red=0.39 blue=0.61]
[u  802] env= 52559872 rsucc=0.982 n_rounds= 1871 ret=+12.968 len=687.4 ent(t0,t>=1)=(0.101,0.797) aL=-0.0060 vL=0.0396 t0=[red=0.31 blue=0.69]
[u  803] env= 52625408 rsucc=0.992 n_rounds= 1846 ret=+12.867 len=707.3 ent(t0,t>=1)=(0.134,0.779) aL=-0.0061 vL=0.0383 t0=[red=0.41 blue=0.59]
[u  804] env= 52690944 rsucc=0.990 n_rounds= 1887 ret=+12.619 len=737.6 ent(t0,t>=1)=(0.124,0.787) aL=-0.0063 vL=0.0355 t0=[red=0.45 blue=0.55]
[u  805] env= 52756480 rsucc=0.992 n_rounds= 1807 ret=+12.912 len=700.0 ent(t0,t>=1)=(0.116,0.809) aL=-0.0059 vL=0.0347 t0=[red=0.40 blue=0.60]
[u  806] env= 52822016 rsucc=0.993 n_rounds= 1856 ret=+12.541 len=736.4 ent(t0,t>=1)=(0.131,0.799) aL=-0.0058 vL=0.0359 t0=[red=0.41 blue=0.59]
[u  807] env= 52887552 rsucc=0.981 n_rounds= 1877 ret=+13.249 len=684.9 ent(t0,t>=1)=(0.072,0.795) aL=-0.0057 vL=0.0427 t0=[red=0.31 blue=0.69]
[u  808] env= 52953088 rsucc=0.981 n_rounds= 1904 ret=+13.035 len=690.3 ent(t0,t>=1)=(0.108,0.791) aL=-0.0063 vL=0.0384 t0=[red=0.38 blue=0.62]
[u  809] env= 53018624 rsucc=0.990 n_rounds= 1826 ret=+13.012 len=673.8 ent(t0,t>=1)=(0.098,0.789) aL=-0.0059 vL=0.0334 t0=[red=0.40 blue=0.60]
[u  810] env= 53084160 rsucc=0.985 n_rounds= 1870 ret=+12.971 len=691.2 ent(t0,t>=1)=(0.113,0.808) aL=-0.0060 vL=0.0368 t0=[red=0.45 blue=0.55]
[u  811] env= 53149696 rsucc=0.986 n_rounds= 1870 ret=+12.682 len=732.7 ent(t0,t>=1)=(0.121,0.793) aL=-0.0054 vL=0.0406 t0=[red=0.43 blue=0.57]
[u  812] env= 53215232 rsucc=0.986 n_rounds= 1826 ret=+12.666 len=719.0 ent(t0,t>=1)=(0.111,0.815) aL=-0.0057 vL=0.0369 t0=[red=0.34 blue=0.66]
[u  813] env= 53280768 rsucc=0.986 n_rounds= 1903 ret=+13.359 len=659.6 ent(t0,t>=1)=(0.088,0.783) aL=-0.0058 vL=0.0357 t0=[red=0.42 blue=0.58]
[u  814] env= 53346304 rsucc=0.990 n_rounds= 1848 ret=+12.731 len=722.6 ent(t0,t>=1)=(0.084,0.783) aL=-0.0057 vL=0.0374 t0=[red=0.33 blue=0.67]
[u  815] env= 53411840 rsucc=0.977 n_rounds= 1799 ret=+12.485 len=741.7 ent(t0,t>=1)=(0.151,0.817) aL=-0.0052 vL=0.0365 t0=[red=0.43 blue=0.57]
[u  816] env= 53477376 rsucc=0.986 n_rounds= 1912 ret=+13.028 len=677.9 ent(t0,t>=1)=(0.119,0.818) aL=-0.0058 vL=0.0397 t0=[red=0.41 blue=0.59]
[u  817] env= 53542912 rsucc=0.986 n_rounds= 1847 ret=+12.676 len=726.4 ent(t0,t>=1)=(0.093,0.809) aL=-0.0054 vL=0.0398 t0=[red=0.39 blue=0.61]
[u  818] env= 53608448 rsucc=0.983 n_rounds= 1936 ret=+13.062 len=688.6 ent(t0,t>=1)=(0.095,0.810) aL=-0.0053 vL=0.0387 t0=[red=0.31 blue=0.69]
[u  819] env= 53673984 rsucc=0.990 n_rounds= 1834 ret=+13.045 len=680.8 ent(t0,t>=1)=(0.089,0.825) aL=-0.0054 vL=0.0378 t0=[red=0.36 blue=0.64]
[u  820] env= 53739520 rsucc=0.989 n_rounds= 1849 ret=+12.733 len=723.6 ent(t0,t>=1)=(0.085,0.802) aL=-0.0048 vL=0.0354 t0=[red=0.40 blue=0.60]
[u  821] env= 53805056 rsucc=0.983 n_rounds= 1925 ret=+12.961 len=703.7 ent(t0,t>=1)=(0.094,0.794) aL=-0.0050 vL=0.0415 t0=[red=0.37 blue=0.63]
[u  822] env= 53870592 rsucc=0.986 n_rounds= 1925 ret=+12.924 len=695.1 ent(t0,t>=1)=(0.088,0.794) aL=-0.0050 vL=0.0396 t0=[red=0.34 blue=0.66]
[u  823] env= 53936128 rsucc=0.989 n_rounds= 1843 ret=+13.197 len=673.0 ent(t0,t>=1)=(0.115,0.799) aL=-0.0045 vL=0.0370 t0=[red=0.36 blue=0.64]
[u  824] env= 54001664 rsucc=0.989 n_rounds= 1922 ret=+12.988 len=684.5 ent(t0,t>=1)=(0.106,0.820) aL=-0.0048 vL=0.0386 t0=[red=0.35 blue=0.65]
[u  825] env= 54067200 rsucc=0.977 n_rounds= 1813 ret=+12.942 len=697.7 ent(t0,t>=1)=(0.123,0.800) aL=-0.0046 vL=0.0362 t0=[red=0.41 blue=0.59]
[u  826] env= 54132736 rsucc=0.986 n_rounds= 1736 ret=+12.567 len=735.8 ent(t0,t>=1)=(0.149,0.806) aL=-0.0045 vL=0.0341 t0=[red=0.44 blue=0.56]
[u  827] env= 54198272 rsucc=0.986 n_rounds= 1896 ret=+12.789 len=714.8 ent(t0,t>=1)=(0.104,0.827) aL=-0.0041 vL=0.0408 t0=[red=0.34 blue=0.66]
[u  828] env= 54263808 rsucc=0.994 n_rounds= 1867 ret=+13.070 len=693.9 ent(t0,t>=1)=(0.095,0.817) aL=-0.0045 vL=0.0354 t0=[red=0.45 blue=0.55]
[u  829] env= 54329344 rsucc=0.982 n_rounds= 1825 ret=+12.734 len=721.6 ent(t0,t>=1)=(0.135,0.819) aL=-0.0046 vL=0.0384 t0=[red=0.46 blue=0.54]
[u  830] env= 54394880 rsucc=0.982 n_rounds= 1896 ret=+12.637 len=718.8 ent(t0,t>=1)=(0.115,0.832) aL=-0.0042 vL=0.0403 t0=[red=0.40 blue=0.60]
[u  831] env= 54460416 rsucc=0.990 n_rounds= 1841 ret=+12.822 len=707.1 ent(t0,t>=1)=(0.099,0.819) aL=-0.0046 vL=0.0376 t0=[red=0.38 blue=0.62]
[u  832] env= 54525952 rsucc=0.987 n_rounds= 1877 ret=+13.060 len=694.5 ent(t0,t>=1)=(0.124,0.821) aL=-0.0041 vL=0.0372 t0=[red=0.43 blue=0.57]
[u  833] env= 54591488 rsucc=0.981 n_rounds= 1762 ret=+12.657 len=721.3 ent(t0,t>=1)=(0.086,0.841) aL=-0.0041 vL=0.0359 t0=[red=0.40 blue=0.60]
[u  834] env= 54657024 rsucc=0.986 n_rounds= 1943 ret=+12.690 len=722.8 ent(t0,t>=1)=(0.067,0.837) aL=-0.0039 vL=0.0407 t0=[red=0.35 blue=0.65]
[u  835] env= 54722560 rsucc=0.991 n_rounds= 1923 ret=+13.239 len=666.3 ent(t0,t>=1)=(0.121,0.810) aL=-0.0040 vL=0.0367 t0=[red=0.39 blue=0.61]
[u  836] env= 54788096 rsucc=0.984 n_rounds= 1767 ret=+13.051 len=687.9 ent(t0,t>=1)=(0.114,0.836) aL=-0.0038 vL=0.0357 t0=[red=0.35 blue=0.65]
[u  837] env= 54853632 rsucc=0.982 n_rounds= 1753 ret=+12.965 len=707.9 ent(t0,t>=1)=(0.119,0.838) aL=-0.0039 vL=0.0337 t0=[red=0.39 blue=0.61]
[u  838] env= 54919168 rsucc=0.983 n_rounds= 1897 ret=+12.599 len=722.8 ent(t0,t>=1)=(0.117,0.807) aL=-0.0034 vL=0.0386 t0=[red=0.39 blue=0.61]
[u  839] env= 54984704 rsucc=0.979 n_rounds= 1795 ret=+12.553 len=732.9 ent(t0,t>=1)=(0.114,0.830) aL=-0.0039 vL=0.0381 t0=[red=0.45 blue=0.55]
[u  840] env= 55050240 rsucc=0.984 n_rounds= 1834 ret=+12.317 len=733.2 ent(t0,t>=1)=(0.147,0.820) aL=-0.0035 vL=0.0375 t0=[red=0.43 blue=0.57]
[u  841] env= 55115776 rsucc=0.993 n_rounds= 2024 ret=+12.824 len=705.0 ent(t0,t>=1)=(0.107,0.812) aL=-0.0031 vL=0.0447 t0=[red=0.30 blue=0.70]
[u  842] env= 55181312 rsucc=0.984 n_rounds= 1934 ret=+13.305 len=672.5 ent(t0,t>=1)=(0.089,0.830) aL=-0.0037 vL=0.0431 t0=[red=0.38 blue=0.62]
[u  843] env= 55246848 rsucc=0.992 n_rounds= 1877 ret=+13.151 len=683.4 ent(t0,t>=1)=(0.107,0.800) aL=-0.0033 vL=0.0369 t0=[red=0.43 blue=0.57]
[u  844] env= 55312384 rsucc=0.985 n_rounds= 1782 ret=+13.426 len=663.0 ent(t0,t>=1)=(0.113,0.829) aL=-0.0033 vL=0.0347 t0=[red=0.43 blue=0.57]
[u  845] env= 55377920 rsucc=0.994 n_rounds= 1876 ret=+12.773 len=722.1 ent(t0,t>=1)=(0.075,0.831) aL=-0.0033 vL=0.0376 t0=[red=0.38 blue=0.62]
[u  846] env= 55443456 rsucc=0.996 n_rounds= 1915 ret=+12.850 len=713.4 ent(t0,t>=1)=(0.093,0.814) aL=-0.0032 vL=0.0357 t0=[red=0.37 blue=0.63]
[u  847] env= 55508992 rsucc=0.987 n_rounds= 1819 ret=+12.746 len=719.8 ent(t0,t>=1)=(0.101,0.817) aL=-0.0029 vL=0.0376 t0=[red=0.39 blue=0.61]
[u  848] env= 55574528 rsucc=0.988 n_rounds= 1819 ret=+13.067 len=695.7 ent(t0,t>=1)=(0.109,0.825) aL=-0.0029 vL=0.0388 t0=[red=0.35 blue=0.65]
[u  849] env= 55640064 rsucc=0.988 n_rounds= 1845 ret=+12.888 len=708.6 ent(t0,t>=1)=(0.117,0.834) aL=-0.0030 vL=0.0374 t0=[red=0.40 blue=0.60]
[u  850] env= 55705600 rsucc=0.977 n_rounds= 1837 ret=+12.698 len=708.5 ent(t0,t>=1)=(0.101,0.826) aL=-0.0028 vL=0.0403 t0=[red=0.38 blue=0.62]
[u  851] env= 55771136 rsucc=0.987 n_rounds= 1866 ret=+12.401 len=756.1 ent(t0,t>=1)=(0.090,0.818) aL=-0.0026 vL=0.0375 t0=[red=0.36 blue=0.64]
[u  852] env= 55836672 rsucc=0.987 n_rounds= 1821 ret=+13.235 len=669.7 ent(t0,t>=1)=(0.084,0.824) aL=-0.0026 vL=0.0367 t0=[red=0.40 blue=0.60]
[u  853] env= 55902208 rsucc=0.993 n_rounds= 1925 ret=+12.534 len=737.8 ent(t0,t>=1)=(0.131,0.825) aL=-0.0025 vL=0.0365 t0=[red=0.47 blue=0.53]
[u  854] env= 55967744 rsucc=0.984 n_rounds= 1739 ret=+13.234 len=683.6 ent(t0,t>=1)=(0.099,0.858) aL=-0.0029 vL=0.0369 t0=[red=0.45 blue=0.55]
[u  855] env= 56033280 rsucc=0.977 n_rounds= 1892 ret=+12.730 len=722.2 ent(t0,t>=1)=(0.093,0.840) aL=-0.0023 vL=0.0426 t0=[red=0.40 blue=0.60]
[u  856] env= 56098816 rsucc=0.984 n_rounds= 1869 ret=+12.714 len=712.2 ent(t0,t>=1)=(0.138,0.840) aL=-0.0022 vL=0.0403 t0=[red=0.36 blue=0.64]
[u  857] env= 56164352 rsucc=0.991 n_rounds= 1875 ret=+13.008 len=688.0 ent(t0,t>=1)=(0.135,0.834) aL=-0.0025 vL=0.0385 t0=[red=0.43 blue=0.57]
[u  858] env= 56229888 rsucc=0.984 n_rounds= 1912 ret=+13.023 len=692.5 ent(t0,t>=1)=(0.072,0.825) aL=-0.0022 vL=0.0402 t0=[red=0.37 blue=0.63]
[u  859] env= 56295424 rsucc=0.993 n_rounds= 1895 ret=+12.467 len=736.7 ent(t0,t>=1)=(0.082,0.843) aL=-0.0022 vL=0.0393 t0=[red=0.33 blue=0.67]
[u  860] env= 56360960 rsucc=0.993 n_rounds= 1891 ret=+13.157 len=684.7 ent(t0,t>=1)=(0.125,0.841) aL=-0.0019 vL=0.0376 t0=[red=0.39 blue=0.61]
[u  861] env= 56426496 rsucc=0.987 n_rounds= 1896 ret=+13.412 len=664.9 ent(t0,t>=1)=(0.120,0.837) aL=-0.0020 vL=0.0401 t0=[red=0.42 blue=0.58]
[u  862] env= 56492032 rsucc=0.992 n_rounds= 1950 ret=+13.219 len=684.0 ent(t0,t>=1)=(0.107,0.831) aL=-0.0021 vL=0.0373 t0=[red=0.38 blue=0.62]
[u  863] env= 56557568 rsucc=0.990 n_rounds= 1880 ret=+12.983 len=695.1 ent(t0,t>=1)=(0.125,0.846) aL=-0.0019 vL=0.0400 t0=[red=0.31 blue=0.69]
[u  864] env= 56623104 rsucc=0.990 n_rounds= 1908 ret=+13.045 len=693.3 ent(t0,t>=1)=(0.089,0.844) aL=-0.0020 vL=0.0401 t0=[red=0.32 blue=0.68]
[u  865] env= 56688640 rsucc=0.986 n_rounds= 1774 ret=+12.997 len=698.3 ent(t0,t>=1)=(0.114,0.839) aL=-0.0018 vL=0.0321 t0=[red=0.44 blue=0.56]
[u  866] env= 56754176 rsucc=0.979 n_rounds= 1822 ret=+12.620 len=723.7 ent(t0,t>=1)=(0.109,0.853) aL=-0.0017 vL=0.0418 t0=[red=0.38 blue=0.62]
[u  867] env= 56819712 rsucc=0.985 n_rounds= 1813 ret=+13.244 len=671.5 ent(t0,t>=1)=(0.126,0.833) aL=-0.0016 vL=0.0383 t0=[red=0.34 blue=0.66]
[u  868] env= 56885248 rsucc=0.974 n_rounds= 1792 ret=+12.650 len=723.4 ent(t0,t>=1)=(0.131,0.858) aL=-0.0016 vL=0.0372 t0=[red=0.43 blue=0.57]
[u  869] env= 56950784 rsucc=0.982 n_rounds= 1939 ret=+12.650 len=722.0 ent(t0,t>=1)=(0.091,0.821) aL=-0.0015 vL=0.0405 t0=[red=0.35 blue=0.65]
[u  870] env= 57016320 rsucc=0.987 n_rounds= 1984 ret=+12.750 len=706.4 ent(t0,t>=1)=(0.073,0.824) aL=-0.0014 vL=0.0397 t0=[red=0.37 blue=0.63]
[u  871] env= 57081856 rsucc=0.988 n_rounds= 1892 ret=+12.986 len=692.4 ent(t0,t>=1)=(0.093,0.826) aL=-0.0014 vL=0.0391 t0=[red=0.39 blue=0.61]
[u  872] env= 57147392 rsucc=0.989 n_rounds= 1844 ret=+12.881 len=697.5 ent(t0,t>=1)=(0.115,0.838) aL=-0.0014 vL=0.0391 t0=[red=0.40 blue=0.60]
[u  873] env= 57212928 rsucc=0.987 n_rounds= 1806 ret=+13.024 len=693.9 ent(t0,t>=1)=(0.119,0.840) aL=-0.0013 vL=0.0355 t0=[red=0.45 blue=0.55]
[u  874] env= 57278464 rsucc=0.986 n_rounds= 1813 ret=+12.915 len=699.7 ent(t0,t>=1)=(0.119,0.851) aL=-0.0012 vL=0.0361 t0=[red=0.42 blue=0.58]
[u  875] env= 57344000 rsucc=0.991 n_rounds= 1934 ret=+12.783 len=720.3 ent(t0,t>=1)=(0.112,0.815) aL=-0.0013 vL=0.0401 t0=[red=0.38 blue=0.62]
[u  876] env= 57409536 rsucc=0.986 n_rounds= 1843 ret=+12.980 len=684.0 ent(t0,t>=1)=(0.104,0.835) aL=-0.0011 vL=0.0387 t0=[red=0.47 blue=0.53]
[u  877] env= 57475072 rsucc=0.992 n_rounds= 1811 ret=+12.993 len=702.7 ent(t0,t>=1)=(0.113,0.852) aL=-0.0010 vL=0.0364 t0=[red=0.41 blue=0.59]
[u  878] env= 57540608 rsucc=0.990 n_rounds= 1927 ret=+12.844 len=715.2 ent(t0,t>=1)=(0.099,0.844) aL=-0.0010 vL=0.0412 t0=[red=0.38 blue=0.62]
[u  879] env= 57606144 rsucc=0.993 n_rounds= 2019 ret=+13.190 len=686.2 ent(t0,t>=1)=(0.087,0.834) aL=-0.0009 vL=0.0399 t0=[red=0.42 blue=0.58]
[u  880] env= 57671680 rsucc=0.992 n_rounds= 1944 ret=+13.223 len=681.5 ent(t0,t>=1)=(0.089,0.837) aL=-0.0009 vL=0.0379 t0=[red=0.37 blue=0.63]
[u  881] env= 57737216 rsucc=0.988 n_rounds= 1931 ret=+13.467 len=662.4 ent(t0,t>=1)=(0.111,0.853) aL=-0.0008 vL=0.0416 t0=[red=0.35 blue=0.65]
[u  882] env= 57802752 rsucc=0.973 n_rounds= 1844 ret=+13.132 len=675.5 ent(t0,t>=1)=(0.109,0.846) aL=-0.0007 vL=0.0385 t0=[red=0.37 blue=0.63]
[u  883] env= 57868288 rsucc=0.989 n_rounds= 1938 ret=+13.004 len=690.9 ent(t0,t>=1)=(0.107,0.824) aL=-0.0007 vL=0.0393 t0=[red=0.33 blue=0.67]
[u  884] env= 57933824 rsucc=0.996 n_rounds= 1906 ret=+12.939 len=690.3 ent(t0,t>=1)=(0.092,0.819) aL=-0.0007 vL=0.0382 t0=[red=0.38 blue=0.62]
[u  885] env= 57999360 rsucc=0.990 n_rounds= 1848 ret=+12.835 len=716.3 ent(t0,t>=1)=(0.115,0.816) aL=-0.0007 vL=0.0347 t0=[red=0.48 blue=0.52]
[u  886] env= 58064896 rsucc=0.985 n_rounds= 1786 ret=+13.331 len=675.1 ent(t0,t>=1)=(0.125,0.856) aL=-0.0006 vL=0.0345 t0=[red=0.43 blue=0.57]
[u  887] env= 58130432 rsucc=0.980 n_rounds= 1683 ret=+12.643 len=731.5 ent(t0,t>=1)=(0.105,0.849) aL=-0.0006 vL=0.0339 t0=[red=0.44 blue=0.56]
[u  888] env= 58195968 rsucc=0.980 n_rounds= 1905 ret=+12.254 len=750.4 ent(t0,t>=1)=(0.100,0.859) aL=-0.0005 vL=0.0414 t0=[red=0.34 blue=0.66]
[u  889] env= 58261504 rsucc=0.981 n_rounds= 1866 ret=+12.487 len=725.8 ent(t0,t>=1)=(0.095,0.850) aL=-0.0005 vL=0.0406 t0=[red=0.35 blue=0.65]
[u  890] env= 58327040 rsucc=0.986 n_rounds= 1903 ret=+12.977 len=696.7 ent(t0,t>=1)=(0.121,0.855) aL=-0.0004 vL=0.0433 t0=[red=0.41 blue=0.59]
[u  891] env= 58392576 rsucc=0.987 n_rounds= 1829 ret=+12.604 len=716.0 ent(t0,t>=1)=(0.132,0.851) aL=-0.0004 vL=0.0351 t0=[red=0.38 blue=0.62]
[u  892] env= 58458112 rsucc=0.980 n_rounds= 1817 ret=+13.307 len=659.3 ent(t0,t>=1)=(0.120,0.840) aL=-0.0004 vL=0.0370 t0=[red=0.38 blue=0.62]
[u  893] env= 58523648 rsucc=0.987 n_rounds= 1864 ret=+12.383 len=742.9 ent(t0,t>=1)=(0.102,0.838) aL=-0.0004 vL=0.0378 t0=[red=0.39 blue=0.61]
[u  894] env= 58589184 rsucc=0.986 n_rounds= 1786 ret=+12.894 len=714.2 ent(t0,t>=1)=(0.122,0.849) aL=-0.0004 vL=0.0342 t0=[red=0.35 blue=0.65]
[u  895] env= 58654720 rsucc=0.983 n_rounds= 1814 ret=+12.654 len=733.5 ent(t0,t>=1)=(0.114,0.844) aL=-0.0003 vL=0.0387 t0=[red=0.49 blue=0.51]
[u  896] env= 58720256 rsucc=0.986 n_rounds= 1924 ret=+12.944 len=703.2 ent(t0,t>=1)=(0.120,0.844) aL=-0.0003 vL=0.0389 t0=[red=0.42 blue=0.58]
[u  897] env= 58785792 rsucc=0.988 n_rounds= 1909 ret=+12.989 len=682.7 ent(t0,t>=1)=(0.089,0.822) aL=-0.0002 vL=0.0401 t0=[red=0.40 blue=0.60]
[u  898] env= 58851328 rsucc=0.990 n_rounds= 1950 ret=+12.807 len=711.5 ent(t0,t>=1)=(0.082,0.840) aL=-0.0002 vL=0.0409 t0=[red=0.34 blue=0.66]
[u  899] env= 58916864 rsucc=0.982 n_rounds= 1760 ret=+13.088 len=674.1 ent(t0,t>=1)=(0.117,0.844) aL=-0.0002 vL=0.0336 t0=[red=0.46 blue=0.54]
[u  900] env= 58982400 rsucc=0.992 n_rounds= 1926 ret=+13.089 len=691.7 ent(t0,t>=1)=(0.093,0.825) aL=-0.0002 vL=0.0408 t0=[red=0.33 blue=0.67]
[u  901] env= 59047936 rsucc=0.987 n_rounds= 1867 ret=+13.283 len=669.3 ent(t0,t>=1)=(0.089,0.829) aL=-0.0001 vL=0.0382 t0=[red=0.38 blue=0.62]
[u  902] env= 59113472 rsucc=0.990 n_rounds= 1900 ret=+12.565 len=738.5 ent(t0,t>=1)=(0.104,0.835) aL=-0.0001 vL=0.0418 t0=[red=0.39 blue=0.61]
[u  903] env= 59179008 rsucc=0.993 n_rounds= 1908 ret=+12.855 len=713.0 ent(t0,t>=1)=(0.132,0.848) aL=-0.0001 vL=0.0417 t0=[red=0.42 blue=0.58]
[u  904] env= 59244544 rsucc=0.989 n_rounds= 1863 ret=+13.086 len=691.2 ent(t0,t>=1)=(0.114,0.834) aL=-0.0001 vL=0.0344 t0=[red=0.42 blue=0.58]
[u  905] env= 59310080 rsucc=0.981 n_rounds= 1844 ret=+13.260 len=678.3 ent(t0,t>=1)=(0.114,0.838) aL=-0.0001 vL=0.0405 t0=[red=0.42 blue=0.58]
[u  906] env= 59375616 rsucc=0.987 n_rounds= 1923 ret=+12.951 len=697.3 ent(t0,t>=1)=(0.082,0.828) aL=-0.0001 vL=0.0397 t0=[red=0.37 blue=0.63]
[u  907] env= 59441152 rsucc=0.995 n_rounds= 1794 ret=+12.880 len=706.1 ent(t0,t>=1)=(0.107,0.834) aL=-0.0001 vL=0.0369 t0=[red=0.39 blue=0.61]
[u  908] env= 59506688 rsucc=0.990 n_rounds= 1932 ret=+13.242 len=680.8 ent(t0,t>=1)=(0.085,0.838) aL=-0.0000 vL=0.0395 t0=[red=0.37 blue=0.63]
[u  909] env= 59572224 rsucc=0.989 n_rounds= 1848 ret=+13.193 len=686.6 ent(t0,t>=1)=(0.082,0.840) aL=-0.0000 vL=0.0364 t0=[red=0.42 blue=0.58]
[u  910] env= 59637760 rsucc=0.987 n_rounds= 1820 ret=+12.516 len=734.7 ent(t0,t>=1)=(0.126,0.851) aL=-0.0000 vL=0.0373 t0=[red=0.41 blue=0.59]
[u  911] env= 59703296 rsucc=0.982 n_rounds= 1908 ret=+12.627 len=720.9 ent(t0,t>=1)=(0.090,0.833) aL=-0.0000 vL=0.0416 t0=[red=0.30 blue=0.70]
[u  912] env= 59768832 rsucc=0.987 n_rounds= 1838 ret=+12.714 len=713.1 ent(t0,t>=1)=(0.110,0.851) aL=-0.0000 vL=0.0365 t0=[red=0.36 blue=0.64]
[u  913] env= 59834368 rsucc=0.984 n_rounds= 1925 ret=+13.306 len=660.5 ent(t0,t>=1)=(0.090,0.853) aL=-0.0000 vL=0.0390 t0=[red=0.34 blue=0.66]
[u  914] env= 59899904 rsucc=0.982 n_rounds= 1824 ret=+12.820 len=716.0 ent(t0,t>=1)=(0.105,0.847) aL=+0.0000 vL=0.0394 t0=[red=0.38 blue=0.62]
[u  915] env= 59965440 rsucc=0.987 n_rounds= 1887 ret=+13.161 len=682.2 ent(t0,t>=1)=(0.133,0.841) aL=-0.0000 vL=0.0385 t0=[red=0.44 blue=0.56]
[main] training done in 645.6s
        round_success_rate: [+0.3683, +0.3359, +0.3419, +0.3952, +0.3502, +0.3530, +0.3548, +0.3970, +0.4028, +0.3975, +0.4146, +0.4521, +0.5560, +0.6030, +0.6853, +0.7025, +0.6943, +0.6766, +0.6624, +0.6844, +0.6603, +0.6499, +0.6609, +0.6176, +0.6489, +0.6863, +0.6783, +0.6965, +0.6532, +0.6470, +0.6747, +0.6794, +0.6807, +0.7020, +0.6971, +0.6723, +0.7581, +0.7816, +0.7821, +0.8354, +0.8670, +0.8215, +0.8054, +0.8657, +0.8647, +0.8662, +0.8530, +0.8496, +0.8256, +0.8171, +0.8240, +0.8321, +0.8885, +0.8743, +0.8660, +0.9055, +0.9156, +0.9123, +0.8818, +0.8641, +0.8873, +0.8589, +0.8536, +0.8431, +0.8753, +0.8907, +0.8819, +0.8755, +0.8906, +0.8675, +0.8986, +0.8949, +0.8931, +0.8788, +0.8812, +0.9081, +0.9014, +0.8980, +0.9016, +0.9010, +0.8748, +0.8956, +0.9237, +0.8793, +0.8914, +0.8705, +0.9053, +0.9348, +0.9235, +0.9174, +0.9025, +0.9116, +0.8879, +0.9140, +0.9060, +0.9205, +0.9048, +0.8963, +0.9180, +0.8697, +0.9197, +0.8709, +0.8831, +0.9009, +0.9330, +0.9275, +0.9041, +0.9150, +0.8850, +0.9189, +0.8956, +0.9114, +0.9431, +0.8965, +0.9109, +0.9313, +0.9001, +0.8681, +0.9060, +0.9141, +0.8953, +0.9011, +0.9215, +0.9341, +0.9217, +0.9231, +0.9209, +0.9254, +0.9176, +0.9138, +0.9257, +0.8659, +0.9153, +0.9062, +0.8829, +0.8977, +0.9055, +0.9056, +0.9112, +0.9422, +0.9234, +0.9169, +0.9075, +0.9099, +0.9199, +0.9148, +0.9254, +0.9045, +0.9289, +0.9527, +0.9383, +0.9164, +0.9426, +0.9031, +0.9263, +0.9255, +0.9054, +0.9110, +0.9392, +0.9387, +0.9235, +0.9310, +0.9070, +0.9260, +0.9186, +0.9079, +0.9391, +0.9099, +0.9161, +0.9340, +0.9156, +0.9293, +0.9127, +0.8934, +0.9097, +0.9118, +0.9283, +0.9171, +0.9228, +0.9252, +0.9391, +0.8957, +0.9423, +0.9556, +0.9399, +0.9469, +0.9216, +0.8853, +0.9197, +0.9016, +0.9128, +0.9305, +0.9461, +0.9463, +0.9481, +0.9467, +0.9087, +0.9065, +0.9066, +0.9223, +0.9132, +0.8855, +0.9392, +0.9407, +0.9563, +0.9314, +0.9276, +0.9160, +0.9288, +0.9222, +0.9209, +0.9513, +0.9527, +0.9416, +0.9476, +0.9397, +0.9062, +0.9058, +0.9356, +0.9398, +0.9406, +0.9142, +0.9259, +0.9281, +0.9181, +0.9145, +0.9349, +0.9412, +0.9411, +0.9531, +0.9499, +0.9476, +0.9250, +0.9202, +0.9240, +0.9361, +0.9171, +0.9179, +0.9309, +0.9283, +0.9248, +0.9342, +0.9572, +0.9432, +0.9563, +0.9287, +0.9428, +0.9375, +0.9355, +0.9483, +0.9459, +0.9334, +0.9430, +0.9441, +0.9246, +0.9034, +0.9133, +0.9224, +0.9491, +0.9054, +0.9461, +0.9475, +0.9308, +0.9535, +0.9492, +0.9502, +0.9205, +0.9330, +0.9451, +0.9366, +0.9171, +0.9394, +0.9400, +0.9131, +0.9390, +0.9453, +0.9252, +0.9623, +0.9547, +0.9423, +0.9420, +0.9522, +0.9479, +0.9253, +0.9469, +0.9486, +0.9272, +0.9525, +0.9406, +0.9627, +0.9396, +0.9252, +0.9421, +0.9458, +0.9401, +0.9403, +0.9517, +0.9586, +0.9451, +0.9340, +0.9327, +0.9650, +0.9219, +0.9169, +0.9210, +0.9530, +0.9573, +0.9424, +0.9369, +0.9516, +0.9317, +0.9168, +0.9566, +0.9525, +0.9356, +0.9545, +0.9370, +0.9438, +0.9530, +0.9620, +0.9425, +0.9430, +0.9333, +0.9424, +0.9317, +0.9541, +0.9397, +0.9671, +0.9662, +0.9632, +0.9634, +0.9474, +0.9203, +0.9426, +0.9478, +0.9337, +0.9581, +0.9402, +0.9421, +0.9307, +0.9504, +0.9574, +0.9633, +0.9392, +0.9451, +0.9581, +0.9447, +0.9543, +0.9373, +0.9417, +0.9395, +0.9556, +0.9620, +0.9285, +0.9516, +0.9570, +0.9232, +0.9420, +0.9682, +0.9621, +0.9509, +0.9652, +0.9622, +0.9483, +0.9669, +0.9537, +0.9494, +0.9627, +0.9512, +0.9589, +0.9453, +0.9434, +0.9623, +0.9712, +0.9576, +0.9714, +0.9414, +0.9496, +0.9549, +0.9686, +0.9657, +0.9505, +0.9485, +0.9413, +0.9474, +0.9535, +0.9440, +0.9608, +0.9541, +0.9232, +0.9563, +0.9645, +0.9652, +0.9523, +0.9704, +0.9633, +0.9466, +0.9549, +0.9516, +0.9572, +0.9537, +0.9432, +0.9533, +0.9551, +0.9518, +0.9711, +0.9658, +0.9442, +0.9606, +0.9783, +0.9600, +0.9625, +0.9469, +0.9587, +0.9500, +0.9438, +0.9447, +0.9508, +0.9646, +0.9711, +0.9652, +0.9621, +0.9619, +0.9667, +0.9661, +0.9523, +0.9497, +0.9599, +0.9623, +0.9528, +0.9581, +0.9484, +0.9585, +0.9612, +0.9648, +0.9539, +0.9686, +0.9500, +0.9521, +0.9593, +0.9435, +0.9728, +0.9581, +0.9590, +0.9702, +0.9578, +0.9381, +0.9600, +0.9565, +0.9748, +0.9510, +0.9743, +0.9581, +0.9776, +0.9649, +0.9678, +0.9629, +0.9670, +0.9632, +0.9453, +0.9663, +0.9796, +0.9540, +0.9479, +0.9693, +0.9648, +0.9730, +0.9697, +0.9825, +0.9676, +0.9684, +0.9614, +0.9554, +0.9590, +0.9746, +0.9593, +0.9558, +0.9552, +0.9753, +0.9583, +0.9501, +0.9623, +0.9563, +0.9690, +0.9777, +0.9709, +0.9722, +0.9679, +0.9777, +0.9745, +0.9613, +0.9476, +0.9697, +0.9648, +0.9714, +0.9753, +0.9424, +0.9502, +0.9600, +0.9591, +0.9642, +0.9738, +0.9668, +0.9516, +0.9640, +0.9676, +0.9657, +0.9663, +0.9765, +0.9743, +0.9747, +0.9592, +0.9670, +0.9645, +0.9669, +0.9716, +0.9659, +0.9676, +0.9716, +0.9623, +0.9763, +0.9710, +0.9696, +0.9673, +0.9642, +0.9778, +0.9696, +0.9768, +0.9814, +0.9785, +0.9742, +0.9605, +0.9777, +0.9656, +0.9707, +0.9655, +0.9660, +0.9602, +0.9691, +0.9630, +0.9652, +0.9694, +0.9835, +0.9825, +0.9738, +0.9561, +0.9744, +0.9724, +0.9684, +0.9612, +0.9775, +0.9691, +0.9759, +0.9723, +0.9666, +0.9740, +0.9623, +0.9590, +0.9813, +0.9790, +0.9679, +0.9794, +0.9691, +0.9654, +0.9754, +0.9738, +0.9778, +0.9540, +0.9776, +0.9758, +0.9733, +0.9580, +0.9827, +0.9799, +0.9778, +0.9700, +0.9786, +0.9756, +0.9723, +0.9750, +0.9648, +0.9720, +0.9793, +0.9844, +0.9621, +0.9599, +0.9631, +0.9761, +0.9793, +0.9685, +0.9750, +0.9750, +0.9730, +0.9822, +0.9755, +0.9734, +0.9825, +0.9778, +0.9637, +0.9732, +0.9824, +0.9649, +0.9648, +0.9683, +0.9696, +0.9879, +0.9781, +0.9801, +0.9771, +0.9721, +0.9830, +0.9708, +0.9707, +0.9716, +0.9744, +0.9668, +0.9866, +0.9786, +0.9814, +0.9727, +0.9743, +0.9882, +0.9786, +0.9669, +0.9625, +0.9774, +0.9791, +0.9828, +0.9721, +0.9771, +0.9694, +0.9783, +0.9733, +0.9855, +0.9866, +0.9837, +0.9857, +0.9809, +0.9736, +0.9608, +0.9705, +0.9747, +0.9802, +0.9746, +0.9863, +0.9755, +0.9746, +0.9727, +0.9775, +0.9812, +0.9819, +0.9767, +0.9777, +0.9833, +0.9789, +0.9751, +0.9775, +0.9728, +0.9647, +0.9789, +0.9784, +0.9849, +0.9823, +0.9856, +0.9794, +0.9878, +0.9847, +0.9847, +0.9629, +0.9695, +0.9812, +0.9797, +0.9843, +0.9552, +0.9824, +0.9681, +0.9732, +0.9783, +0.9805, +0.9788, +0.9772, +0.9868, +0.9803, +0.9890, +0.9676, +0.9701, +0.9841, +0.9790, +0.9865, +0.9910, +0.9694, +0.9821, +0.9824, +0.9877, +0.9730, +0.9732, +0.9832, +0.9792, +0.9687, +0.9730, +0.9852, +0.9846, +0.9863, +0.9752, +0.9878, +0.9632, +0.9646, +0.9744, +0.9834, +0.9790, +0.9803, +0.9805, +0.9824, +0.9836, +0.9856, +0.9848, +0.9859, +0.9886, +0.9859, +0.9822, +0.9827, +0.9733, +0.9857, +0.9837, +0.9807, +0.9831, +0.9774, +0.9916, +0.9746, +0.9850, +0.9833, +0.9879, +0.9801, +0.9730, +0.9819, +0.9834, +0.9842, +0.9799, +0.9796, +0.9841, +0.9878, +0.9832, +0.9840, +0.9719, +0.9874, +0.9841, +0.9778, +0.9736, +0.9871, +0.9818, +0.9893, +0.9858, +0.9792, +0.9848, +0.9772, +0.9808, +0.9827, +0.9887, +0.9835, +0.9925, +0.9885, +0.9856, +0.9909, +0.9786, +0.9869, +0.9831, +0.9873, +0.9796, +0.9732, +0.9826, +0.9821, +0.9805, +0.9864, +0.9876, +0.9758, +0.9849, +0.9774, +0.9793, +0.9877, +0.9846, +0.9864, +0.9851, +0.9932, +0.9812, +0.9845, +0.9920, +0.9886, +0.9805, +0.9833, +0.9814, +0.9914, +0.9836, +0.9823, +0.9858, +0.9811, +0.9912, +0.9843, +0.9839, +0.9864, +0.9811, +0.9842, +0.9818, +0.9924, +0.9899, +0.9917, +0.9930, +0.9808, +0.9811, +0.9896, +0.9850, +0.9856, +0.9858, +0.9863, +0.9903, +0.9767, +0.9859, +0.9865, +0.9830, +0.9902, +0.9892, +0.9834, +0.9860, +0.9886, +0.9886, +0.9774, +0.9862, +0.9863, +0.9941, +0.9819, +0.9821, +0.9902, +0.9867, +0.9813, +0.9861, +0.9912, +0.9836, +0.9823, +0.9826, +0.9794, +0.9836, +0.9931, +0.9845, +0.9920, +0.9854, +0.9941, +0.9963, +0.9874, +0.9879, +0.9881, +0.9771, +0.9866, +0.9868, +0.9932, +0.9839, +0.9773, +0.9845, +0.9915, +0.9838, +0.9931, +0.9931, +0.9868, +0.9923, +0.9899, +0.9900, +0.9865, +0.9791, +0.9846, +0.9738, +0.9825, +0.9874, +0.9878, +0.9892, +0.9867, +0.9857, +0.9907, +0.9859, +0.9917, +0.9901, +0.9931, +0.9923, +0.9881, +0.9734, +0.9892, +0.9963, +0.9897, +0.9849, +0.9804, +0.9795, +0.9812, +0.9858, +0.9869, +0.9796, +0.9866, +0.9860, +0.9829, +0.9865, +0.9880, +0.9897, +0.9824, +0.9922, +0.9871, +0.9900, +0.9932, +0.9893, +0.9810, +0.9870, +0.9950, +0.9896, +0.9886, +0.9868, +0.9817, +0.9869, +0.9844, +0.9819, +0.9873]
    partner_ep_success_rate: [+0.0000, +0.0000, +0.0000, +0.0000, +1.0000, +0.4848, +0.3869, +0.2830, +0.0000, +0.0000, +0.4000, +0.7143, +0.6613, +0.5579, +0.8182, +1.0000, +0.8537, +0.7722, +0.6923, +0.6190, +0.5556, +0.9706, +0.8209, +0.5686, +0.6200, +0.3864, +0.5778, +0.7593, +0.6792, +0.9000, +0.6923, +0.5625, +0.6800, +0.5556, +0.5882, +0.6780, +0.5400, +0.7000, +0.9180, +0.9863, +0.9535, +0.9474, +0.8955, +0.9677, +0.8611, +0.8983, +0.9286, +0.8136, +0.8060, +0.6964, +0.8101, +0.8228, +0.8714, +0.8158, +0.9091, +0.8939, +0.6701, +0.7639, +0.8472, +0.7667, +0.8267, +0.6622, +0.8333, +0.8000, +0.8163, +0.9070, +0.8267, +0.8548, +0.8986, +0.8101, +0.7922, +0.7971, +0.8734, +0.9079, +0.9565, +0.9710, +1.0000, +0.9385, +0.9114, +0.9048, +0.8704, +0.8161, +0.8452, +0.9508, +0.9545, +0.9419, +1.0000, +0.8611, +0.9048, +0.8649, +0.9639, +0.9851, +1.0000, +0.8769, +0.8763, +0.9459, +0.9688, +0.8101, +0.9104, +0.8077, +0.8125, +0.8800, +0.9074, +0.9054, +0.9551, +0.9367, +0.8675, +0.9355, +0.8800, +0.8462, +0.9659, +0.9130, +1.0000, +0.9750, +0.9559, +0.9326, +0.9444, +0.9531, +0.8235, +0.7882, +0.8154, +0.8333, +0.8919, +0.8974, +0.8778, +0.6857, +0.8592, +0.9512, +0.9737, +0.9873, +1.0000, +0.9273, +0.8804, +0.8806, +0.7571, +0.9744, +0.9610, +0.9649, +0.8659, +0.9419, +0.9595, +0.9706, +0.8511, +0.8871, +0.9114, +0.9701, +0.8824, +0.9342, +0.9167, +0.9205, +0.9540, +0.9706, +0.9178, +0.8831, +0.8000, +0.9383, +0.9677, +0.9419, +0.9178, +0.9231, +0.9872, +0.7632, +0.9342, +0.9529, +0.9365, +0.9153, +0.9706, +0.9571, +0.9841, +0.7826, +0.8947, +0.9800, +0.8571, +0.9091, +0.8488, +0.7593, +0.8718, +0.8660, +0.9483, +0.9540, +0.9865, +0.9211, +0.8941, +0.8831, +0.9036, +0.9701, +0.8354, +0.8557, +0.9219, +0.9444, +0.9211, +0.9855, +0.9794, +0.9865, +0.8507, +0.8866, +0.8525, +0.8736, +0.8382, +0.7738, +0.8989, +0.8333, +0.7429, +0.8000, +0.7957, +0.8356, +0.7952, +0.7875, +0.8833, +0.9351, +0.8817, +0.9333, +0.9390, +0.9518, +0.9610, +0.9048, +0.8382, +0.7949, +0.9512, +0.9600, +0.9722, +0.9651, +0.9867, +0.9589, +0.9706, +0.9146, +0.8987, +0.9459, +0.9885, +0.9884, +0.9326, +0.8608, +0.9259, +0.9315, +0.9438, +0.9130, +0.9710, +0.9643, +0.8608, +0.8507, +0.8701, +0.9677, +0.9722, +0.9524, +0.9639, +0.9268, +0.9221, +0.9136, +0.9432, +0.9403, +0.9733, +0.9394, +0.9880, +1.0000, +0.9878, +0.8298, +0.7818, +0.8378, +0.7391, +0.7625, +0.9211, +0.9080, +0.9710, +0.9432, +0.9684, +0.9733, +0.9200, +0.9238, +0.9432, +0.9636, +0.9250, +0.9208, +0.7879, +0.8971, +0.8588, +0.9474, +0.9639, +0.9643, +0.9167, +0.9429, +0.9091, +0.9136, +0.9872, +0.9625, +0.9780, +0.9825, +0.9359, +0.9255, +0.8434, +0.9195, +0.9870, +0.9710, +0.9535, +0.9634, +0.8493, +0.8817, +0.9383, +0.9706, +0.9355, +0.9560, +0.9315, +0.8841, +0.9540, +0.9024, +0.9655, +0.9821, +0.9873, +0.9516, +0.9583, +0.9067, +0.9481, +1.0000, +0.9500, +0.9552, +0.9375, +0.8143, +0.8769, +0.9574, +0.9036, +0.9565, +0.9881, +0.9663, +0.8312, +0.8676, +0.8925, +0.8659, +0.9730, +1.0000, +1.0000, +0.9740, +0.9254, +0.9406, +0.9577, +0.9630, +0.9722, +0.9634, +1.0000, +0.9733, +0.9630, +0.9663, +0.9753, +0.9180, +0.9318, +0.8969, +0.8800, +0.9390, +1.0000, +0.9195, +0.8734, +0.8953, +0.9157, +0.9863, +1.0000, +0.9882, +0.9310, +0.9481, +0.9494, +0.9700, +0.9744, +0.9545, +0.8763, +0.9048, +0.9881, +0.9302, +0.9643, +0.9121, +0.9595, +0.9605, +1.0000, +1.0000, +0.9615, +1.0000, +1.0000, +1.0000, +0.9059, +0.9756, +0.9438, +0.9841, +0.8812, +0.8696, +0.9701, +0.9560, +0.9506, +0.8904, +0.9481, +0.9663, +0.9667, +0.9286, +0.9459, +0.9277, +0.9634, +0.9881, +0.9892, +0.9259, +0.9778, +0.9659, +0.9897, +1.0000, +0.9765, +0.9821, +0.9298, +0.9130, +0.9048, +0.8090, +0.9688, +0.9904, +1.0000, +0.9508, +0.9783, +0.9386, +0.9726, +0.9538, +0.8778, +0.9000, +0.9733, +0.9552, +0.8713, +0.9054, +0.9041, +0.9688, +0.9885, +0.9765, +0.9744, +0.9109, +0.9615, +0.9775, +0.9762, +0.9600, +0.9462, +0.9535, +0.9589, +0.9681, +0.9765, +0.9861, +0.9551, +0.9200, +0.9885, +0.9902, +0.9828, +0.9677, +0.9608, +1.0000, +0.9767, +0.9381, +0.9324, +0.9878, +0.9362, +0.9559, +0.9432, +0.9783, +0.9403, +0.9583, +0.9024, +0.9481, +0.9405, +0.9596, +0.9625, +0.9888, +0.9873, +0.9468, +0.9551, +0.9722, +0.8544, +0.9157, +0.9878, +0.9882, +0.9634, +0.9140, +0.9785, +0.9388, +0.9872, +0.9070, +0.9773, +0.9467, +0.9551, +1.0000, +0.9604, +0.9722, +0.9310, +0.9419, +0.9615, +0.8276, +0.9878, +0.9762, +0.9709, +0.9157, +0.9367, +0.9880, +0.9906, +1.0000, +0.9639, +0.9432, +0.9398, +0.9487, +0.9545, +0.9579, +0.9610, +0.9103, +0.9545, +0.9398, +0.9783, +0.9756, +0.9529, +0.9524, +0.9659, +0.9268, +0.8515, +0.9706, +0.9500, +0.9216, +0.9855, +0.9759, +0.9899, +1.0000, +0.9070, +0.8737, +0.8889, +0.9451, +1.0000, +0.9773, +0.9495, +0.9012, +0.9412, +0.9101, +0.9158, +0.9778, +0.9859, +0.9300, +1.0000, +1.0000, +0.9794, +0.9375, +0.9405, +0.9556, +0.9278, +1.0000, +1.0000, +0.9857, +0.9670, +0.9808, +1.0000, +1.0000, +0.9691, +0.9895, +0.9710, +0.8989, +0.8617, +0.9778, +0.9625, +1.0000, +0.9383, +0.9474, +0.9785, +0.9643, +0.9468, +0.9730, +0.9369, +0.9872, +0.9873, +1.0000, +0.9890, +1.0000, +0.9865, +0.8990, +1.0000, +0.9326, +1.0000, +0.9789, +0.9792, +0.9241, +0.9651, +0.9535, +0.9670, +1.0000, +1.0000, +0.9877, +1.0000, +1.0000, +0.9341, +0.9898, +0.8657, +0.8925, +0.9438, +1.0000, +0.9789, +0.9375, +0.9231, +0.9655, +1.0000, +1.0000, +1.0000, +0.9787, +0.9865, +0.9896, +1.0000, +1.0000, +0.9867, +0.9873, +0.9100, +0.9101, +0.9765, +0.9208, +0.9873, +1.0000, +1.0000, +1.0000, +0.9868, +0.9789, +0.9205, +0.9875, +1.0000, +0.9894, +0.9565, +0.9878, +0.9659, +0.9891, +0.9882, +0.9149, +1.0000, +1.0000, +0.9773, +1.0000, +0.9352, +0.9080, +0.9310, +1.0000, +0.9867, +0.9902, +0.9294, +0.8791, +0.9775, +0.8750, +0.9412, +0.9775, +0.9796, +0.9889, +0.9615, +0.9565, +1.0000, +0.9659, +0.9892, +0.9878, +0.9889, +0.9362, +0.9886, +0.7564, +0.9192, +0.9101, +0.9275, +0.9725, +0.9663, +0.9406, +1.0000, +1.0000, +0.9900, +1.0000, +1.0000, +0.9873, +0.9600, +0.9750, +1.0000, +0.9720, +0.9762, +1.0000, +1.0000, +0.9891, +1.0000, +1.0000, +0.9882, +0.9870, +0.9912, +0.9674, +0.9639, +0.9231, +0.9906, +0.9730, +1.0000, +1.0000, +0.9882, +0.9905, +0.9857, +1.0000, +0.9902, +0.9747, +0.9798, +0.9535, +0.9884, +0.9810, +0.9885, +1.0000, +0.9889, +0.9896, +1.0000, +1.0000, +1.0000, +1.0000, +0.9888, +0.9700, +0.7531, +0.9091, +1.0000, +1.0000, +1.0000, +0.9884, +0.9892, +1.0000, +0.9737, +0.9231, +0.9904, +0.9375, +1.0000, +0.9789, +0.9895, +1.0000, +1.0000, +0.9733, +0.9789, +1.0000, +0.9753, +1.0000, +1.0000, +1.0000, +0.9176, +0.9896, +1.0000, +1.0000, +1.0000, +0.9820, +0.9882, +0.9770, +1.0000, +0.9898, +1.0000, +0.9820, +1.0000, +1.0000, +1.0000, +0.9747, +1.0000, +0.9596, +0.9688, +0.9778, +1.0000, +0.9907, +0.9889, +1.0000, +0.9903, +1.0000, +1.0000, +0.9802, +0.9885, +1.0000, +1.0000, +0.9884, +0.9468, +0.9897, +1.0000, +0.9884, +1.0000, +0.9891, +1.0000, +1.0000, +1.0000, +0.9785, +0.9545, +0.9907, +0.9535, +1.0000, +1.0000, +0.9884, +1.0000, +1.0000, +1.0000, +1.0000, +0.8723, +0.9286, +0.9748, +1.0000, +1.0000, +0.9817, +0.9770, +0.9647, +0.9904, +1.0000, +0.9881, +0.9899, +0.9266, +0.9722, +0.9780, +1.0000, +1.0000, +0.9885, +0.9462, +0.9510, +0.9375, +0.9867, +1.0000, +0.9570, +0.9595, +0.9762, +0.9857, +1.0000, +1.0000, +1.0000, +0.9908, +1.0000, +1.0000, +1.0000, +1.0000, +1.0000, +0.9655, +1.0000, +0.9865, +1.0000, +0.9872, +1.0000, +1.0000, +0.9881, +1.0000, +1.0000, +1.0000, +0.9908, +0.9888, +0.9780, +0.9889, +0.9886, +0.9900, +1.0000, +1.0000, +1.0000, +0.9804, +1.0000, +1.0000, +0.9519, +1.0000, +1.0000, +0.9286, +0.9643, +0.9888, +0.9697, +1.0000, +0.9813, +1.0000, +1.0000, +0.9545, +0.9694, +0.9684, +0.9674, +1.0000, +1.0000, +1.0000, +0.9558, +0.9789, +1.0000, +1.0000, +1.0000, +1.0000, +1.0000, +1.0000, +1.0000, +1.0000, +0.9700, +0.9895, +1.0000, +0.9880, +1.0000, +0.9886, +0.9875, +0.9901, +1.0000, +1.0000, +0.9800, +1.0000, +0.9474, +0.9697, +0.9882, +0.9703, +0.9894, +0.9896, +0.9900, +1.0000, +1.0000, +1.0000, +1.0000, +1.0000, +0.9884, +0.9783, +1.0000, +0.9912, +1.0000, +0.9895, +0.9802, +0.9535, +1.0000, +0.9802, +0.9884, +0.9700, +0.9608, +1.0000, +1.0000, +0.9861, +0.9802, +1.0000, +0.9882, +1.0000, +1.0000, +0.9714, +1.0000, +1.0000, +1.0000, +0.9900, +1.0000, +1.0000, +0.9802, +0.9747]
            ep_return_mean: [+0.0000, +0.0000, +0.0000, +0.0000, -0.1400, -4.4073, -9.5244, -14.2601, +0.0000, +0.0000, -2.7660, -4.7968, -6.1824, -9.1987, -9.9775, +3.6400, +3.2968, +1.9397, -0.4790, -3.3812, -0.9064, +2.9779, +2.1174, +0.1076, -2.4818, -2.2310, +0.4628, +1.3815, -0.5366, -0.1690, +0.0344, -0.1586, +1.0706, -0.0169, +0.0725, +1.5359, +1.3756, +2.2426, +3.3736, +3.9286, +3.7918, +6.0503, +5.7674, +6.6936, +7.6624, +7.1369, +7.5087, +6.7299, +6.8314, +6.1914, +6.6988, +6.3107, +8.0056, +9.1860, +8.5817, +8.1320, +8.3686, +8.6988, +10.0256, +9.9357, +8.8431, +8.6799, +8.4097, +8.5251, +7.4456, +7.8641, +8.2834, +9.4001, +7.6259, +8.6028, +8.5429, +8.9307, +8.8107, +10.0889, +9.1954, +9.1937, +9.0024, +8.5747, +8.1140, +9.0387, +10.1977, +9.3670, +9.3706, +9.5204, +9.7116, +8.4290, +8.7710, +9.2083, +11.2504, +9.5078, +10.3023, +9.6054, +9.5114, +9.2196, +8.8197, +9.8757, +8.6232, +10.2889, +9.0698, +8.8647, +9.6268, +9.8259, +8.8707, +8.3759, +9.2085, +9.5897, +10.3274, +10.1768, +9.9471, +8.8190, +9.9225, +8.8111, +10.5099, +9.4759, +9.5005, +10.4632, +9.8349, +9.3533, +8.9152, +8.8527, +9.8245, +8.9437, +9.6660, +9.4231, +10.0737, +9.9379, +10.5003, +10.3125, +10.1654, +9.8375, +10.4614, +9.4163, +8.7500, +8.9205, +8.3998, +9.4780, +9.0633, +9.6345, +10.0747, +8.7967, +9.7028, +10.3992, +10.2454, +9.6255, +10.1455, +9.2984, +9.4251, +9.7254, +10.5146, +10.5117, +10.3194, +11.3571, +10.4185, +10.3765, +9.4573, +9.0940, +10.0551, +9.6648, +9.4795, +10.3793, +9.9063, +10.2070, +10.6345, +10.1260, +9.2636, +9.9941, +9.5746, +9.9018, +10.3180, +10.3636, +10.2172, +9.9971, +10.0635, +9.7700, +9.3853, +9.6560, +10.4125, +9.6045, +9.7428, +10.3642, +9.7914, +10.1604, +10.2060, +10.6182, +11.3562, +10.4548, +10.2040, +10.4443, +10.3455, +10.3624, +9.7187, +9.0472, +9.9382, +10.8927, +10.9310, +11.1948, +9.8234, +9.9783, +9.9167, +9.9195, +10.2738, +9.9472, +10.5368, +9.5825, +10.3881, +10.5459, +10.8418, +10.8225, +9.9152, +10.2525, +9.5802, +10.2931, +11.1787, +11.3679, +10.6516, +10.9872, +10.6877, +9.9043, +10.2539, +10.3412, +10.5181, +10.0326, +10.4704, +10.3644, +10.4218, +9.3650, +9.7197, +10.4518, +10.6689, +10.8254, +11.3773, +11.6865, +10.9292, +10.9018, +10.4420, +10.4922, +10.3325, +10.4798, +9.6712, +9.7287, +10.4295, +10.2056, +10.1030, +10.9486, +10.9593, +11.3608, +11.1646, +10.6337, +10.6800, +11.1929, +10.6274, +10.7202, +10.8554, +10.8670, +10.5522, +9.8731, +9.8572, +10.2719, +9.4909, +10.0010, +10.9319, +11.0603, +10.7711, +10.9610, +11.2720, +11.1443, +11.2883, +10.4885, +10.6227, +10.4877, +11.1410, +10.1241, +9.9070, +11.3470, +10.2714, +10.0645, +10.5387, +10.5224, +11.1119, +11.2472, +10.9556, +11.0043, +11.0968, +10.9869, +10.8232, +10.6724, +10.8453, +10.3704, +10.5780, +11.3407, +11.4832, +11.2085, +10.2673, +10.9121, +10.5447, +11.0355, +11.0457, +11.4465, +11.0242, +10.9073, +11.8346, +10.8429, +10.8290, +10.0875, +10.1861, +10.7474, +11.0199, +11.2970, +11.2546, +10.3544, +10.7822, +10.9175, +11.0209, +11.6253, +10.7955, +11.2298, +11.5110, +10.9386, +10.8247, +10.6680, +11.5792, +11.2520, +10.4892, +10.6517, +10.7795, +11.0351, +10.8103, +11.4422, +11.3455, +11.4274, +12.2732, +11.3958, +10.9862, +10.7799, +10.7134, +10.6871, +10.7988, +11.2432, +11.2206, +10.9835, +11.0356, +10.9817, +11.3126, +11.1469, +11.0064, +11.4048, +11.4576, +10.8428, +10.9367, +11.3016, +11.3965, +10.9150, +11.1335, +11.1625, +11.2946, +11.2981, +10.9215, +10.8887, +11.1802, +11.7766, +11.4894, +10.9732, +11.3903, +11.8563, +11.7556, +11.8053, +11.5352, +11.5556, +11.3533, +11.0898, +11.8311, +11.4412, +11.3529, +10.8179, +11.8578, +12.1317, +11.7624, +11.6142, +11.0885, +11.1947, +11.9583, +11.9488, +11.1498, +11.2877, +10.8537, +10.7481, +11.3338, +11.3010, +11.2614, +11.4106, +10.8551, +11.2418, +11.5039, +11.7464, +12.0371, +11.8980, +11.8263, +11.9636, +11.1533, +11.4315, +10.7906, +11.7415, +10.9127, +10.7485, +12.0127, +11.7220, +11.5765, +11.3519, +11.4596, +11.3823, +12.7426, +12.2924, +11.3050, +10.9007, +11.9320, +11.7992, +11.0387, +10.7675, +11.1265, +11.7813, +11.0802, +11.8371, +11.8498, +11.9146, +12.0976, +12.1782, +11.9363, +11.5023, +11.6982, +10.9991, +11.5017, +11.6944, +11.4924, +11.4653, +11.0843, +11.3859, +11.3120, +11.6755, +11.9566, +11.5862, +11.1668, +11.9238, +12.2210, +11.6490, +11.7518, +11.6311, +11.5440, +11.5831, +11.3601, +11.4159, +11.5560, +11.8985, +11.0606, +11.8402, +11.8012, +11.4928, +11.9883, +12.1998, +11.9648, +11.8661, +11.8608, +11.6530, +11.9907, +11.7217, +12.3426, +11.8504, +11.2893, +11.6794, +12.0993, +12.9174, +12.4763, +12.1334, +12.0475, +11.4927, +11.5379, +11.4145, +11.8712, +11.8834, +11.5097, +11.2486, +11.6943, +11.5916, +11.5724, +11.6493, +11.8106, +12.2010, +12.5232, +12.2197, +11.9111, +12.3352, +12.4885, +11.6167, +11.7616, +11.5214, +11.5241, +11.9193, +12.2064, +11.9113, +11.2517, +11.2115, +11.7523, +11.5117, +12.2088, +11.6700, +11.9232, +11.7881, +11.6109, +12.0436, +12.0269, +12.3697, +12.4838, +12.2798, +11.9837, +11.6662, +12.2559, +11.8940, +12.0552, +11.8386, +12.2033, +11.8498, +11.9125, +12.0950, +12.2126, +12.1496, +12.0855, +12.1437, +12.4412, +12.2204, +11.8886, +12.5650, +12.3201, +12.3088, +11.9985, +12.0500, +11.8538, +12.4863, +12.3438, +11.9885, +11.7799, +11.6414, +11.7324, +12.2167, +12.2182, +12.1158, +12.4250, +12.2048, +11.5000, +12.1765, +12.0306, +12.3841, +11.7830, +11.4818, +12.4694, +12.2863, +12.2803, +12.4984, +12.2048, +11.8122, +12.5332, +12.0014, +12.1756, +12.4499, +12.4286, +12.2284, +12.5133, +11.4914, +12.0917, +11.8353, +12.2338, +12.2721, +12.1165, +12.1406, +11.9412, +12.6171, +12.6822, +12.4805, +12.0055, +12.3177, +12.2154, +12.1111, +12.0860, +11.8000, +11.7383, +12.3195, +12.4241, +12.0474, +12.2419, +12.2027, +12.3965, +12.2335, +12.2378, +12.0421, +12.5446, +12.2327, +12.3274, +12.5718, +12.7036, +12.3795, +11.9179, +12.0617, +12.6886, +12.3874, +12.0443, +12.5057, +12.3130, +12.5675, +13.1194, +11.9358, +11.8227, +12.5978, +12.3405, +12.3248, +12.0479, +12.3386, +12.0699, +12.3181, +12.1999, +12.2773, +12.6587, +12.6572, +12.6154, +12.2563, +12.6256, +11.9709, +12.3863, +12.5559, +11.8954, +11.8576, +12.2461, +12.5879, +12.4412, +12.1691, +12.7578, +12.6841, +12.3819, +12.7631, +12.8435, +13.0213, +12.7573, +12.2857, +12.2796, +11.8064, +12.3701, +12.1333, +12.4141, +12.3814, +12.6445, +11.9748, +12.7686, +12.0295, +12.5056, +13.0198, +12.8845, +12.8321, +12.3260, +12.3658, +12.4553, +12.9672, +12.2954, +12.1712, +12.4329, +12.2501, +12.5843, +12.7740, +12.6701, +12.4944, +12.9002, +12.5676, +12.4806, +12.1352, +12.1146, +12.5633, +12.9751, +12.5514, +11.8074, +12.4038, +12.4309, +12.4705, +12.2166, +12.7665, +12.4288, +12.8299, +12.1663, +12.8651, +12.7205, +12.4392, +12.1299, +12.5800, +12.6770, +12.8337, +12.9981, +12.5418, +12.8787, +12.3130, +12.5095, +13.0674, +12.0866, +12.0585, +12.3262, +12.5901, +12.6228, +12.6713, +13.1178, +12.9098, +12.5592, +12.6725, +12.5090, +11.9349, +12.1043, +12.2432, +13.2277, +12.6094, +12.6430, +12.6801, +12.7256, +12.5247, +12.6289, +12.7881, +13.2204, +13.1410, +12.7711, +13.0240, +12.6150, +12.6720, +12.5323, +12.6821, +12.3708, +12.5760, +12.7641, +12.9863, +12.7271, +12.7047, +12.4335, +12.4548, +12.6164, +12.3834, +12.8790, +12.4193, +13.0709, +12.5880, +12.5225, +13.0363, +12.9452, +12.4986, +12.8681, +12.8045, +12.4028, +12.6614, +12.7952, +12.4829, +12.7063, +13.1315, +12.8359, +12.8402, +12.8846, +12.5765, +12.5194, +12.7330, +12.5376, +12.7510, +12.9750, +12.8856, +13.1865, +12.7561, +13.1165, +12.9279, +12.8819, +12.9499, +12.4430, +12.1743, +12.7501, +12.3727, +12.7498, +13.0267, +12.4789, +13.0370, +12.6913, +13.0593, +13.2045, +12.5485, +13.0256, +13.3374, +12.5040, +13.0587, +12.7069, +12.7256, +12.6680, +13.5107, +12.8702, +12.5213, +11.9667, +13.0221, +12.3346, +12.7502, +12.7944, +12.8440, +12.9382, +12.7557, +13.3495, +12.8617, +12.8696, +12.9679, +12.8673, +12.6186, +12.9125, +12.5408, +13.2488, +13.0348, +13.0120, +12.9712, +12.6818, +12.6656, +13.3587, +12.7311, +12.4846, +13.0282, +12.6756, +13.0616, +13.0453, +12.7331, +12.9606, +12.9244, +13.1972, +12.9881, +12.9423, +12.5669, +12.7891, +13.0701, +12.7344, +12.6374, +12.8223, +13.0603, +12.6574, +12.6902, +13.2389, +13.0513, +12.9648, +12.5993, +12.5531, +12.3168, +12.8238, +13.3051, +13.1512, +13.4260, +12.7727, +12.8499, +12.7463, +13.0672, +12.8884, +12.6978, +12.4007, +13.2348, +12.5344, +13.2338, +12.7304, +12.7140, +13.0075, +13.0226, +12.4666, +13.1567, +13.4117, +13.2187, +12.9832, +13.0451, +12.9974, +12.6198, +13.2437, +12.6499, +12.6497, +12.7497, +12.9857, +12.8812, +13.0245, +12.9155, +12.7831, +12.9797, +12.9927, +12.8439, +13.1904, +13.2234, +13.4672, +13.1319, +13.0040, +12.9387, +12.8348, +13.3314, +12.6432, +12.2538, +12.4865, +12.9774, +12.6036, +13.3072, +12.3829, +12.8939, +12.6545, +12.9443, +12.9894, +12.8072, +13.0884, +13.0887, +13.2828, +12.5647, +12.8546, +13.0858, +13.2604, +12.9506, +12.8796, +13.2422, +13.1932, +12.5162, +12.6274, +12.7145, +13.3063, +12.8204, +13.1607]
            ep_length_mean: [+0.0000, +0.0000, +0.0000, +0.0000, +1226.0000, +1462.9696, +1675.6548, +1864.2831, +0.0000, +0.0000, +1367.4000, +1484.8572, +1545.9596, +1690.6422, +1750.6365, +1110.6000, +1143.4390, +1245.5950, +1403.6282, +1533.2858, +1347.5186, +1181.5588, +1242.9553, +1365.6079, +1472.2999, +1407.5455, +1291.4000, +1255.2778, +1370.4717, +1367.7750, +1325.0962, +1345.6875, +1288.7600, +1357.7037, +1333.4706, +1272.3899, +1284.5200, +1262.4600, +1179.2952, +1166.4110, +1152.2559, +1058.8026, +1073.9254, +1075.3225, +946.5417, +989.6102, +982.0000, +1032.0170, +1024.8060, +1020.3036, +972.9620, +1022.0000, +936.6286, +858.1974, +919.4182, +951.2272, +905.1238, +927.0695, +843.4861, +854.7167, +920.2133, +921.3378, +937.7500, +899.1143, +980.6735, +977.5581, +912.8933, +830.7419, +1004.1740, +906.5696, +921.7273, +882.4783, +915.1899, +833.0263, +926.2609, +876.6667, +902.5342, +920.1231, +959.2911, +890.0715, +831.8889, +872.0000, +872.5119, +900.7214, +875.9091, +895.2325, +926.0800, +901.3750, +742.2500, +895.8784, +840.0844, +895.1343, +894.3939, +863.4000, +907.9073, +856.3513, +961.9844, +815.9494, +924.5822, +934.1154, +860.3625, +846.1733, +923.4445, +938.0945, +885.7978, +871.8101, +840.0121, +850.8064, +856.9467, +925.2154, +844.1023, +935.4203, +810.1097, +900.7000, +896.1617, +800.0449, +858.3472, +918.9531, +886.3677, +889.9412, +882.1539, +953.0833, +860.9459, +895.1026, +857.7556, +860.2714, +839.0845, +834.7805, +854.6053, +889.2152, +845.0435, +931.4545, +928.7174, +900.3135, +933.2857, +877.9615, +909.0389, +859.8597, +826.5366, +948.8953, +881.8378, +831.5441, +852.5425, +907.5645, +837.9620, +883.6269, +887.3647, +861.3947, +819.8333, +831.0909, +849.8965, +783.2794, +841.1644, +853.7922, +926.6462, +888.6420, +877.6451, +896.1395, +906.0137, +829.2692, +871.3846, +854.4342, +828.9605, +861.2353, +912.4763, +876.7797, +878.3530, +881.2000, +842.3016, +825.5435, +862.1895, +838.4800, +860.7000, +874.2728, +902.9535, +846.7778, +813.0000, +882.5361, +904.6552, +798.9885, +881.1621, +849.7895, +850.8588, +809.9481, +779.7229, +864.4627, +867.9114, +824.5774, +837.0938, +840.6667, +847.4474, +926.4493, +836.6702, +824.2567, +809.3135, +799.5155, +891.9509, +865.4368, +851.5735, +851.2857, +824.6517, +872.2424, +800.3857, +883.7250, +834.5699, +820.1233, +838.4579, +807.7000, +871.9167, +847.8312, +881.6882, +856.0133, +787.5731, +779.7711, +845.9611, +804.6429, +824.9706, +872.8846, +843.0975, +859.2800, +836.3195, +867.5814, +851.7466, +839.6575, +827.7941, +886.4146, +867.7595, +836.9594, +823.0804, +830.5814, +760.8315, +759.2911, +817.3457, +792.8356, +845.2809, +834.6377, +835.9710, +833.7381, +870.0507, +867.7314, +839.3117, +877.7957, +862.4028, +790.4643, +816.9760, +786.6097, +790.7273, +823.1975, +839.5114, +790.6567, +823.9333, +825.5455, +822.4940, +818.4314, +835.4390, +876.8829, +874.5090, +846.7567, +889.7609, +857.0250, +803.2105, +806.0000, +821.3913, +801.0796, +788.6000, +808.6000, +776.0200, +831.6667, +831.4659, +842.6727, +794.7875, +855.5842, +870.1364, +772.4117, +870.4589, +866.0263, +821.3133, +817.4524, +818.6191, +813.0286, +807.3636, +808.5803, +800.2436, +802.6250, +817.8022, +842.8947, +831.8718, +850.7872, +834.4217, +802.3333, +757.5584, +802.5363, +852.3256, +803.1463, +842.3835, +799.1505, +814.4197, +781.7647, +812.2258, +816.0550, +754.9041, +814.2029, +814.0345, +869.5975, +839.4310, +816.2947, +791.4304, +790.9193, +801.9479, +847.1866, +807.9740, +800.6044, +820.6875, +764.0000, +795.2590, +793.1286, +769.4462, +813.3085, +823.1326, +849.2609, +780.3095, +805.1348, +826.7792, +830.0588, +829.0968, +800.6951, +802.4730, +799.6712, +787.1429, +793.2987, +748.9553, +789.4059, +824.6338, +824.7901, +812.5833, +823.1829, +807.8763, +778.5067, +800.6667, +802.4832, +810.4445, +819.1640, +791.1705, +801.1753, +804.8799, +784.6707, +781.0000, +832.3908, +808.6962, +786.4767, +780.5543, +826.1096, +799.4074, +795.6118, +794.1724, +797.0519, +780.8101, +805.8800, +815.2180, +773.4697, +779.4227, +831.2857, +785.9762, +755.6744, +766.2738, +763.9890, +773.6621, +796.6579, +791.9765, +812.1146, +738.4744, +787.6583, +783.7037, +826.2174, +765.2941, +744.0000, +781.3371, +757.5715, +789.1386, +812.6957, +762.3582, +762.9561, +806.5062, +799.9041, +832.3117, +828.2921, +771.0222, +802.1191, +769.6486, +784.0121, +829.7805, +800.8215, +772.9462, +764.2963, +752.3112, +752.1478, +749.8970, +758.1667, +803.6588, +787.5626, +832.8421, +753.6232, +816.1714, +836.1910, +750.8594, +772.0385, +789.4684, +788.7705, +786.2065, +792.2719, +712.5206, +739.4769, +797.4667, +813.7700, +748.6800, +763.1940, +811.1188, +819.0405, +793.8904, +771.3750, +822.5747, +760.2353, +765.0898, +753.5347, +764.9103, +742.0225, +760.2262, +787.6133, +760.0323, +814.3837, +789.5753, +769.9681, +782.8235, +786.4861, +804.8876, +787.1333, +795.9196, +781.1471, +747.7069, +773.3978, +800.3334, +757.9999, +715.6860, +765.5464, +761.5540, +771.8902, +776.4042, +782.9559, +802.4886, +796.0652, +778.4627, +759.6459, +819.0853, +770.3896, +778.5476, +801.3333, +764.3500, +746.6742, +762.1393, +750.6489, +756.7416, +762.1111, +739.5340, +790.6265, +720.4512, +768.4118, +799.9146, +760.8279, +752.5054, +682.9081, +723.1539, +754.9767, +761.2955, +772.4133, +799.2472, +792.8861, +763.8713, +764.3195, +774.9885, +787.0814, +787.1154, +778.4023, +777.7682, +785.3215, +766.3690, +730.5302, +722.9241, +754.2169, +754.5566, +742.8271, +722.4699, +794.0455, +761.0844, +782.3846, +782.6478, +757.8948, +750.8182, +753.7564, +796.1136, +807.5784, +766.8152, +793.6829, +740.8824, +774.8334, +762.2500, +766.0488, +767.9010, +742.8530, +748.6200, +736.4804, +721.8406, +732.3856, +749.1818, +782.0706, +732.1512, +760.4211, +744.6420, +758.4396, +736.8784, +776.4773, +767.5253, +750.6420, +742.8824, +751.6967, +745.5264, +740.5333, +730.3521, +736.3400, +772.7778, +733.5679, +747.3712, +732.3000, +756.4167, +745.4111, +767.9691, +728.2667, +731.8829, +760.5428, +773.1868, +778.1635, +784.8875, +715.4487, +733.6186, +751.0001, +742.3623, +750.7079, +799.0745, +748.4778, +766.4250, +739.3023, +766.8765, +785.6948, +729.6129, +736.0476, +731.7872, +718.2838, +738.5496, +750.7180, +712.9747, +759.2500, +734.7253, +733.6818, +736.1891, +750.2222, +728.2625, +794.8203, +747.5422, +770.5474, +738.7500, +732.6962, +754.3140, +738.9883, +765.9341, +715.0000, +719.2222, +715.8271, +754.8867, +750.6667, +751.8352, +757.3469, +757.1194, +772.6559, +782.6068, +747.6353, +736.1158, +750.8625, +730.3187, +731.2299, +731.5393, +726.7143, +752.9231, +752.3829, +725.9459, +748.3229, +735.1183, +724.1961, +706.5333, +737.2911, +758.5100, +749.1348, +719.0471, +731.2475, +746.5190, +699.5851, +727.2578, +725.5055, +693.4342, +770.0632, +776.8864, +717.2875, +746.6667, +740.2340, +748.2283, +730.7073, +748.7273, +742.0761, +745.3412, +738.5319, +720.0870, +700.4783, +720.5796, +754.4869, +710.6667, +759.0460, +738.4023, +725.4579, +772.5466, +780.7647, +734.7765, +731.2308, +720.2584, +735.7500, +707.3765, +719.8090, +741.6021, +706.6445, +699.7115, +689.3152, +712.7792, +734.0341, +736.6451, +769.1463, +742.5778, +748.6382, +733.8182, +722.2820, +726.9798, +765.7640, +706.5363, +760.5137, +713.8203, +688.0099, +706.5591, +696.8765, +739.9200, +741.1279, +726.1064, +695.1393, +739.9500, +741.0125, +723.3596, +745.8972, +705.0476, +713.8978, +728.5605, +733.2283, +705.5494, +733.8721, +732.7177, +742.1948, +748.2807, +716.4565, +687.1928, +722.1154, +770.6509, +727.7432, +726.3979, +715.7111, +746.0471, +705.8286, +738.1572, +707.5417, +759.7941, +696.4051, +715.2929, +733.7907, +756.5000, +704.2762, +705.8506, +718.7396, +683.1445, +721.6250, +695.2703, +759.1010, +730.3617, +684.5679, +752.3146, +761.6200, +730.0123, +716.2159, +717.5204, +704.8156, +680.1556, +698.4767, +720.6344, +722.7426, +733.2105, +757.8718, +756.1443, +729.3854, +657.8049, +723.9684, +718.4843, +707.7191, +712.0309, +733.8533, +724.1474, +716.3909, +678.0000, +676.6262, +708.8315, +690.4409, +724.0353, +718.0729, +731.9310, +718.8652, +732.4070, +720.5316, +707.9294, +693.4943, +713.9780, +717.5714, +740.0435, +730.8378, +731.6437, +741.8169, +693.3751, +732.0380, +690.2023, +717.3232, +724.6042, +681.5667, +705.0127, +736.1495, +705.1223, +716.8427, +724.7961, +717.5898, +699.4066, +723.7029, +719.1724, +670.0209, +705.1650, +708.9535, +688.5532, +730.0619, +715.1429, +714.9767, +731.8660, +721.8370, +706.9561, +701.6632, +672.4796, +719.3978, +689.9773, +696.0467, +696.5698, +694.3596, +743.1839, +761.4535, +716.2841, +729.3077, +708.6047, +687.5474, +735.5638, +683.8214, +710.9664, +675.2180, +674.0110, +718.8073, +697.6896, +660.1059, +735.5962, +697.4824, +721.6429, +711.7273, +712.4220, +659.0972, +715.2088, +744.2234, +766.9535, +693.4023, +750.6882, +720.2157, +703.7292, +707.3066, +698.8739, +706.4086, +671.3918, +703.3572, +704.1714, +687.4271, +707.2858, +737.6377, +700.0183, +736.4045, +684.8989, +690.3241, +673.7711, +691.2289, +732.6552, +719.0000, +659.5540, +722.5648, +741.7436, +677.8889, +726.3656, +688.5834, +680.8286, +723.5543, +703.7263, +695.1193, +673.0337, +684.5494, +697.7000, +735.7500, +714.8200, +693.9000, +721.6000, +718.7629, +707.0687, +694.5385, +721.2947, +722.8077, +666.2614, +687.8614, +707.8810, +722.7857, +732.9101, +733.2222, +705.0000, +672.4860, +683.3829, +662.9643, +722.0568, +713.3571, +719.8422, +695.7065, +708.5765, +708.4520, +756.0695, +669.6991, +737.8422, +683.6286, +722.1793, +712.2300, +687.9762, +692.4792, +736.7033, +684.7087, +664.8851, +683.9800, +695.0948, +693.2600, +698.3494, +723.6893, +671.5228, +723.4375, +722.0198, +706.4382, +692.4158, +697.5300, +693.8519, +699.7369, +720.2525, +684.0000, +702.7228, +715.1808, +686.2188, +681.4900, +662.4086, +675.4900, +690.9136, +690.3091, +716.3112, +675.1047, +731.5217, +750.4250, +725.7522, +696.6835, +716.0421, +659.2673, +742.9418, +714.1628, +733.5446, +703.2442, +682.6700, +711.5491, +674.0760, +691.6605, +669.2639, +738.5247, +712.9612, +691.2118, +678.2621, +697.2738, +706.0572, +680.7723, +686.6389, +734.6989, +720.8900, +713.0851, +660.5055, +715.9505, +682.1899]
               reward_mean: [-0.0063, -0.0059, -0.0059, -0.0051, -0.0058, -0.0058, -0.0057, -0.0051, -0.0051, -0.0051, -0.0048, -0.0043, -0.0022, -0.0014, +0.0007, +0.0010, +0.0008, +0.0001, -0.0004, +0.0003, +0.0001, -0.0002, -0.0001, -0.0010, -0.0003, +0.0008, +0.0005, +0.0007, -0.0003, -0.0005, +0.0004, +0.0007, +0.0002, +0.0009, +0.0008, +0.0003, +0.0030, +0.0039, +0.0036, +0.0059, +0.0072, +0.0053, +0.0055, +0.0082, +0.0088, +0.0080, +0.0073, +0.0074, +0.0063, +0.0068, +0.0066, +0.0080, +0.0104, +0.0084, +0.0082, +0.0116, +0.0122, +0.0113, +0.0091, +0.0082, +0.0093, +0.0083, +0.0082, +0.0075, +0.0089, +0.0098, +0.0098, +0.0092, +0.0101, +0.0089, +0.0105, +0.0099, +0.0105, +0.0096, +0.0094, +0.0107, +0.0106, +0.0101, +0.0105, +0.0103, +0.0099, +0.0113, +0.0118, +0.0091, +0.0091, +0.0096, +0.0112, +0.0130, +0.0127, +0.0117, +0.0108, +0.0107, +0.0094, +0.0113, +0.0108, +0.0116, +0.0105, +0.0108, +0.0105, +0.0095, +0.0114, +0.0080, +0.0089, +0.0110, +0.0138, +0.0119, +0.0109, +0.0107, +0.0097, +0.0118, +0.0101, +0.0119, +0.0130, +0.0102, +0.0121, +0.0132, +0.0100, +0.0084, +0.0101, +0.0113, +0.0095, +0.0098, +0.0123, +0.0131, +0.0116, +0.0113, +0.0115, +0.0110, +0.0116, +0.0107, +0.0115, +0.0078, +0.0120, +0.0106, +0.0096, +0.0101, +0.0104, +0.0108, +0.0110, +0.0124, +0.0119, +0.0113, +0.0106, +0.0123, +0.0116, +0.0120, +0.0110, +0.0109, +0.0128, +0.0142, +0.0125, +0.0110, +0.0120, +0.0098, +0.0113, +0.0115, +0.0102, +0.0110, +0.0129, +0.0131, +0.0121, +0.0116, +0.0103, +0.0120, +0.0109, +0.0101, +0.0126, +0.0118, +0.0112, +0.0129, +0.0112, +0.0121, +0.0114, +0.0102, +0.0110, +0.0110, +0.0127, +0.0113, +0.0123, +0.0121, +0.0126, +0.0104, +0.0134, +0.0139, +0.0129, +0.0134, +0.0123, +0.0101, +0.0115, +0.0108, +0.0116, +0.0121, +0.0133, +0.0131, +0.0142, +0.0135, +0.0113, +0.0112, +0.0108, +0.0129, +0.0117, +0.0099, +0.0129, +0.0135, +0.0150, +0.0128, +0.0107, +0.0117, +0.0123, +0.0112, +0.0122, +0.0141, +0.0145, +0.0128, +0.0134, +0.0126, +0.0111, +0.0098, +0.0126, +0.0131, +0.0127, +0.0115, +0.0118, +0.0125, +0.0118, +0.0111, +0.0133, +0.0132, +0.0139, +0.0148, +0.0148, +0.0142, +0.0121, +0.0117, +0.0125, +0.0117, +0.0115, +0.0114, +0.0128, +0.0123, +0.0124, +0.0121, +0.0138, +0.0133, +0.0146, +0.0129, +0.0134, +0.0134, +0.0132, +0.0135, +0.0134, +0.0125, +0.0137, +0.0119, +0.0112, +0.0108, +0.0116, +0.0120, +0.0127, +0.0115, +0.0138, +0.0137, +0.0136, +0.0143, +0.0142, +0.0138, +0.0118, +0.0134, +0.0126, +0.0132, +0.0118, +0.0127, +0.0125, +0.0109, +0.0130, +0.0137, +0.0136, +0.0140, +0.0134, +0.0127, +0.0133, +0.0149, +0.0135, +0.0125, +0.0133, +0.0130, +0.0116, +0.0141, +0.0132, +0.0154, +0.0130, +0.0119, +0.0143, +0.0126, +0.0132, +0.0143, +0.0140, +0.0143, +0.0139, +0.0125, +0.0131, +0.0151, +0.0109, +0.0121, +0.0126, +0.0141, +0.0152, +0.0132, +0.0136, +0.0136, +0.0131, +0.0117, +0.0155, +0.0157, +0.0137, +0.0139, +0.0129, +0.0128, +0.0138, +0.0154, +0.0120, +0.0137, +0.0133, +0.0130, +0.0123, +0.0150, +0.0135, +0.0158, +0.0147, +0.0150, +0.0156, +0.0125, +0.0115, +0.0135, +0.0138, +0.0132, +0.0157, +0.0147, +0.0131, +0.0124, +0.0127, +0.0146, +0.0163, +0.0126, +0.0139, +0.0143, +0.0139, +0.0151, +0.0135, +0.0126, +0.0123, +0.0142, +0.0150, +0.0134, +0.0154, +0.0150, +0.0117, +0.0138, +0.0158, +0.0150, +0.0133, +0.0152, +0.0159, +0.0143, +0.0161, +0.0132, +0.0143, +0.0151, +0.0143, +0.0152, +0.0140, +0.0136, +0.0160, +0.0150, +0.0147, +0.0156, +0.0145, +0.0147, +0.0138, +0.0157, +0.0143, +0.0137, +0.0133, +0.0135, +0.0141, +0.0146, +0.0139, +0.0153, +0.0137, +0.0121, +0.0156, +0.0156, +0.0152, +0.0165, +0.0162, +0.0155, +0.0137, +0.0145, +0.0145, +0.0141, +0.0141, +0.0130, +0.0142, +0.0143, +0.0140, +0.0170, +0.0148, +0.0137, +0.0152, +0.0164, +0.0148, +0.0149, +0.0148, +0.0150, +0.0143, +0.0131, +0.0132, +0.0135, +0.0160, +0.0159, +0.0152, +0.0158, +0.0145, +0.0160, +0.0146, +0.0158, +0.0141, +0.0143, +0.0152, +0.0140, +0.0146, +0.0143, +0.0152, +0.0156, +0.0141, +0.0142, +0.0162, +0.0126, +0.0157, +0.0158, +0.0150, +0.0170, +0.0154, +0.0152, +0.0151, +0.0138, +0.0143, +0.0144, +0.0144, +0.0163, +0.0139, +0.0157, +0.0136, +0.0162, +0.0150, +0.0155, +0.0148, +0.0162, +0.0158, +0.0150, +0.0165, +0.0173, +0.0137, +0.0138, +0.0167, +0.0154, +0.0161, +0.0176, +0.0186, +0.0162, +0.0160, +0.0138, +0.0141, +0.0153, +0.0155, +0.0154, +0.0147, +0.0147, +0.0168, +0.0141, +0.0138, +0.0156, +0.0150, +0.0165, +0.0150, +0.0183, +0.0159, +0.0161, +0.0164, +0.0165, +0.0157, +0.0139, +0.0152, +0.0158, +0.0156, +0.0162, +0.0142, +0.0144, +0.0137, +0.0142, +0.0157, +0.0169, +0.0156, +0.0146, +0.0156, +0.0167, +0.0161, +0.0165, +0.0170, +0.0163, +0.0155, +0.0168, +0.0166, +0.0155, +0.0156, +0.0159, +0.0162, +0.0158, +0.0158, +0.0144, +0.0173, +0.0158, +0.0161, +0.0160, +0.0166, +0.0172, +0.0151, +0.0166, +0.0168, +0.0167, +0.0156, +0.0155, +0.0177, +0.0164, +0.0165, +0.0142, +0.0158, +0.0149, +0.0166, +0.0153, +0.0161, +0.0173, +0.0175, +0.0169, +0.0147, +0.0142, +0.0170, +0.0156, +0.0141, +0.0156, +0.0168, +0.0161, +0.0175, +0.0165, +0.0167, +0.0183, +0.0152, +0.0163, +0.0167, +0.0173, +0.0151, +0.0171, +0.0151, +0.0162, +0.0163, +0.0169, +0.0157, +0.0159, +0.0169, +0.0168, +0.0152, +0.0164, +0.0171, +0.0185, +0.0178, +0.0159, +0.0154, +0.0159, +0.0160, +0.0152, +0.0166, +0.0157, +0.0162, +0.0172, +0.0147, +0.0162, +0.0174, +0.0165, +0.0162, +0.0161, +0.0176, +0.0164, +0.0161, +0.0181, +0.0158, +0.0171, +0.0169, +0.0178, +0.0162, +0.0163, +0.0176, +0.0158, +0.0170, +0.0182, +0.0160, +0.0178, +0.0162, +0.0158, +0.0170, +0.0169, +0.0176, +0.0157, +0.0166, +0.0164, +0.0164, +0.0169, +0.0172, +0.0181, +0.0168, +0.0169, +0.0169, +0.0184, +0.0174, +0.0152, +0.0153, +0.0153, +0.0160, +0.0181, +0.0168, +0.0177, +0.0163, +0.0178, +0.0164, +0.0182, +0.0184, +0.0179, +0.0186, +0.0169, +0.0167, +0.0153, +0.0164, +0.0162, +0.0175, +0.0166, +0.0178, +0.0176, +0.0149, +0.0175, +0.0168, +0.0174, +0.0193, +0.0178, +0.0170, +0.0173, +0.0172, +0.0177, +0.0168, +0.0164, +0.0161, +0.0179, +0.0172, +0.0172, +0.0192, +0.0174, +0.0157, +0.0175, +0.0168, +0.0168, +0.0168, +0.0169, +0.0181, +0.0183, +0.0180, +0.0140, +0.0175, +0.0162, +0.0175, +0.0178, +0.0172, +0.0163, +0.0177, +0.0177, +0.0177, +0.0176, +0.0153, +0.0170, +0.0185, +0.0187, +0.0182, +0.0190, +0.0173, +0.0171, +0.0158, +0.0184, +0.0161, +0.0169, +0.0189, +0.0161, +0.0172, +0.0172, +0.0188, +0.0187, +0.0177, +0.0179, +0.0174, +0.0162, +0.0152, +0.0158, +0.0183, +0.0188, +0.0169, +0.0178, +0.0184, +0.0169, +0.0184, +0.0179, +0.0180, +0.0193, +0.0192, +0.0180, +0.0189, +0.0164, +0.0177, +0.0180, +0.0167, +0.0169, +0.0187, +0.0192, +0.0160, +0.0184, +0.0172, +0.0178, +0.0173, +0.0156, +0.0176, +0.0184, +0.0188, +0.0170, +0.0188, +0.0186, +0.0174, +0.0179, +0.0175, +0.0166, +0.0177, +0.0187, +0.0172, +0.0184, +0.0182, +0.0175, +0.0199, +0.0189, +0.0169, +0.0179, +0.0185, +0.0160, +0.0180, +0.0170, +0.0185, +0.0184, +0.0192, +0.0196, +0.0184, +0.0175, +0.0180, +0.0188, +0.0176, +0.0167, +0.0152, +0.0187, +0.0178, +0.0187, +0.0180, +0.0183, +0.0174, +0.0192, +0.0187, +0.0184, +0.0184, +0.0186, +0.0179, +0.0176, +0.0191, +0.0165, +0.0195, +0.0188, +0.0180, +0.0164, +0.0172, +0.0169, +0.0183, +0.0168, +0.0182, +0.0189, +0.0164, +0.0194, +0.0181, +0.0182, +0.0202, +0.0179, +0.0179, +0.0183, +0.0182, +0.0188, +0.0176, +0.0184, +0.0184, +0.0188, +0.0178, +0.0184, +0.0184, +0.0177, +0.0189, +0.0182, +0.0171, +0.0191, +0.0181, +0.0193, +0.0180, +0.0182, +0.0192, +0.0193, +0.0181, +0.0193, +0.0173, +0.0164, +0.0188, +0.0186, +0.0176, +0.0187, +0.0181, +0.0185, +0.0166, +0.0195, +0.0194, +0.0168, +0.0165, +0.0187, +0.0171, +0.0178, +0.0210, +0.0193, +0.0187, +0.0171, +0.0187, +0.0194, +0.0177, +0.0177, +0.0181, +0.0177, +0.0184, +0.0177, +0.0195, +0.0164, +0.0185, +0.0184, +0.0186, +0.0190, +0.0190, +0.0189, +0.0188, +0.0198, +0.0187, +0.0191, +0.0170, +0.0175, +0.0175, +0.0169, +0.0194, +0.0202, +0.0188, +0.0181, +0.0175, +0.0175, +0.0195, +0.0180, +0.0177, +0.0194, +0.0209, +0.0197, +0.0194, +0.0177, +0.0195, +0.0193, +0.0182, +0.0171, +0.0154, +0.0188, +0.0182, +0.0189, +0.0178, +0.0174, +0.0183, +0.0171, +0.0175, +0.0193, +0.0191, +0.0197, +0.0166, +0.0195, +0.0184, +0.0190, +0.0192, +0.0184, +0.0179, +0.0193, +0.0175, +0.0195, +0.0182, +0.0177, +0.0189, +0.0180, +0.0192, +0.0176, +0.0187]
                actor_loss: [-0.0001, -0.0014, -0.0012, -0.0021, -0.0006, -0.0017, -0.0007, -0.0009, -0.0004, -0.0010, -0.0028, -0.0035, -0.0034, -0.0032, -0.0034, -0.0028, -0.0030, -0.0032, -0.0031, -0.0031, -0.0027, -0.0034, -0.0043, -0.0038, -0.0032, -0.0040, -0.0040, -0.0047, -0.0043, -0.0046, -0.0049, -0.0042, -0.0053, -0.0062, -0.0076, -0.0093, -0.0117, -0.0130, -0.0127, -0.0118, -0.0114, -0.0098, -0.0085, -0.0112, -0.0095, -0.0084, -0.0079, -0.0081, -0.0081, -0.0084, -0.0085, -0.0092, -0.0106, -0.0097, -0.0106, -0.0104, -0.0108, -0.0103, -0.0112, -0.0105, -0.0101, -0.0081, -0.0092, -0.0108, -0.0115, -0.0092, -0.0097, -0.0108, -0.0110, -0.0103, -0.0101, -0.0096, -0.0104, -0.0100, -0.0102, -0.0105, -0.0100, -0.0088, -0.0116, -0.0109, -0.0108, -0.0116, -0.0127, -0.0113, -0.0114, -0.0098, -0.0102, -0.0100, -0.0110, -0.0106, -0.0106, -0.0133, -0.0121, -0.0121, -0.0119, -0.0132, -0.0114, -0.0109, -0.0133, -0.0112, -0.0135, -0.0118, -0.0122, -0.0131, -0.0134, -0.0127, -0.0119, -0.0126, -0.0113, -0.0139, -0.0111, -0.0111, -0.0141, -0.0115, -0.0124, -0.0127, -0.0113, -0.0118, -0.0133, -0.0133, -0.0124, -0.0135, -0.0138, -0.0143, -0.0123, -0.0134, -0.0144, -0.0136, -0.0124, -0.0136, -0.0145, -0.0130, -0.0135, -0.0134, -0.0133, -0.0132, -0.0128, -0.0139, -0.0145, -0.0135, -0.0132, -0.0141, -0.0138, -0.0139, -0.0129, -0.0139, -0.0133, -0.0135, -0.0138, -0.0147, -0.0132, -0.0138, -0.0136, -0.0134, -0.0134, -0.0136, -0.0131, -0.0142, -0.0139, -0.0146, -0.0128, -0.0144, -0.0141, -0.0136, -0.0129, -0.0148, -0.0149, -0.0142, -0.0129, -0.0140, -0.0124, -0.0118, -0.0137, -0.0132, -0.0133, -0.0138, -0.0122, -0.0130, -0.0136, -0.0142, -0.0148, -0.0140, -0.0138, -0.0126, -0.0125, -0.0134, -0.0121, -0.0120, -0.0128, -0.0164, -0.0140, -0.0142, -0.0137, -0.0134, -0.0133, -0.0137, -0.0127, -0.0127, -0.0114, -0.0114, -0.0124, -0.0123, -0.0127, -0.0138, -0.0120, -0.0131, -0.0133, -0.0121, -0.0129, -0.0121, -0.0140, -0.0149, -0.0136, -0.0162, -0.0120, -0.0135, -0.0143, -0.0140, -0.0135, -0.0142, -0.0136, -0.0130, -0.0159, -0.0137, -0.0133, -0.0137, -0.0144, -0.0143, -0.0135, -0.0145, -0.0137, -0.0134, -0.0147, -0.0138, -0.0136, -0.0137, -0.0143, -0.0144, -0.0151, -0.0131, -0.0148, -0.0129, -0.0158, -0.0141, -0.0144, -0.0146, -0.0141, -0.0143, -0.0138, -0.0140, -0.0140, -0.0143, -0.0149, -0.0139, -0.0152, -0.0146, -0.0127, -0.0140, -0.0136, -0.0138, -0.0149, -0.0138, -0.0143, -0.0145, -0.0140, -0.0145, -0.0155, -0.0144, -0.0154, -0.0151, -0.0139, -0.0135, -0.0157, -0.0143, -0.0151, -0.0142, -0.0129, -0.0157, -0.0139, -0.0149, -0.0149, -0.0143, -0.0153, -0.0142, -0.0150, -0.0154, -0.0150, -0.0162, -0.0133, -0.0139, -0.0154, -0.0137, -0.0129, -0.0136, -0.0134, -0.0128, -0.0142, -0.0143, -0.0138, -0.0138, -0.0132, -0.0143, -0.0135, -0.0138, -0.0137, -0.0136, -0.0131, -0.0110, -0.0129, -0.0128, -0.0125, -0.0129, -0.0131, -0.0138, -0.0137, -0.0131, -0.0142, -0.0160, -0.0143, -0.0139, -0.0138, -0.0136, -0.0147, -0.0147, -0.0159, -0.0152, -0.0140, -0.0146, -0.0151, -0.0140, -0.0151, -0.0128, -0.0136, -0.0150, -0.0154, -0.0150, -0.0142, -0.0137, -0.0142, -0.0124, -0.0145, -0.0135, -0.0141, -0.0142, -0.0143, -0.0137, -0.0132, -0.0139, -0.0146, -0.0137, -0.0136, -0.0148, -0.0165, -0.0133, -0.0145, -0.0128, -0.0145, -0.0143, -0.0159, -0.0144, -0.0141, -0.0145, -0.0157, -0.0152, -0.0149, -0.0141, -0.0145, -0.0149, -0.0154, -0.0154, -0.0149, -0.0150, -0.0150, -0.0136, -0.0137, -0.0148, -0.0134, -0.0140, -0.0149, -0.0148, -0.0139, -0.0144, -0.0159, -0.0136, -0.0132, -0.0143, -0.0139, -0.0162, -0.0146, -0.0133, -0.0141, -0.0147, -0.0149, -0.0144, -0.0146, -0.0153, -0.0153, -0.0151, -0.0162, -0.0153, -0.0148, -0.0154, -0.0152, -0.0156, -0.0156, -0.0153, -0.0152, -0.0146, -0.0159, -0.0148, -0.0147, -0.0145, -0.0144, -0.0149, -0.0141, -0.0149, -0.0156, -0.0161, -0.0152, -0.0153, -0.0124, -0.0157, -0.0155, -0.0152, -0.0157, -0.0153, -0.0158, -0.0153, -0.0151, -0.0139, -0.0142, -0.0145, -0.0162, -0.0156, -0.0153, -0.0147, -0.0156, -0.0145, -0.0149, -0.0133, -0.0144, -0.0145, -0.0149, -0.0132, -0.0149, -0.0142, -0.0135, -0.0131, -0.0151, -0.0135, -0.0151, -0.0153, -0.0139, -0.0144, -0.0152, -0.0148, -0.0147, -0.0146, -0.0139, -0.0127, -0.0137, -0.0149, -0.0151, -0.0152, -0.0141, -0.0154, -0.0141, -0.0144, -0.0144, -0.0155, -0.0137, -0.0141, -0.0150, -0.0151, -0.0139, -0.0152, -0.0130, -0.0144, -0.0142, -0.0149, -0.0139, -0.0149, -0.0155, -0.0140, -0.0153, -0.0159, -0.0143, -0.0146, -0.0150, -0.0145, -0.0148, -0.0141, -0.0138, -0.0141, -0.0148, -0.0137, -0.0135, -0.0140, -0.0145, -0.0144, -0.0141, -0.0145, -0.0142, -0.0143, -0.0142, -0.0149, -0.0148, -0.0141, -0.0146, -0.0133, -0.0154, -0.0136, -0.0148, -0.0132, -0.0131, -0.0132, -0.0143, -0.0143, -0.0141, -0.0140, -0.0134, -0.0125, -0.0142, -0.0152, -0.0144, -0.0152, -0.0151, -0.0149, -0.0157, -0.0164, -0.0156, -0.0145, -0.0147, -0.0145, -0.0147, -0.0149, -0.0152, -0.0151, -0.0143, -0.0146, -0.0144, -0.0152, -0.0140, -0.0155, -0.0137, -0.0143, -0.0137, -0.0144, -0.0134, -0.0142, -0.0142, -0.0131, -0.0148, -0.0140, -0.0143, -0.0143, -0.0142, -0.0141, -0.0147, -0.0153, -0.0147, -0.0150, -0.0136, -0.0143, -0.0145, -0.0140, -0.0135, -0.0131, -0.0130, -0.0144, -0.0146, -0.0129, -0.0140, -0.0139, -0.0135, -0.0141, -0.0130, -0.0140, -0.0144, -0.0152, -0.0126, -0.0146, -0.0139, -0.0147, -0.0147, -0.0134, -0.0127, -0.0137, -0.0140, -0.0140, -0.0128, -0.0140, -0.0138, -0.0131, -0.0131, -0.0130, -0.0136, -0.0127, -0.0117, -0.0125, -0.0126, -0.0136, -0.0132, -0.0130, -0.0134, -0.0125, -0.0126, -0.0118, -0.0139, -0.0131, -0.0130, -0.0130, -0.0134, -0.0122, -0.0143, -0.0130, -0.0136, -0.0132, -0.0136, -0.0130, -0.0135, -0.0128, -0.0143, -0.0130, -0.0139, -0.0134, -0.0132, -0.0131, -0.0134, -0.0128, -0.0129, -0.0131, -0.0130, -0.0124, -0.0121, -0.0119, -0.0123, -0.0129, -0.0131, -0.0126, -0.0124, -0.0129, -0.0131, -0.0125, -0.0129, -0.0122, -0.0113, -0.0119, -0.0135, -0.0121, -0.0121, -0.0114, -0.0122, -0.0132, -0.0119, -0.0119, -0.0133, -0.0121, -0.0124, -0.0123, -0.0128, -0.0119, -0.0113, -0.0125, -0.0123, -0.0129, -0.0131, -0.0124, -0.0124, -0.0124, -0.0128, -0.0121, -0.0128, -0.0116, -0.0114, -0.0124, -0.0117, -0.0109, -0.0119, -0.0116, -0.0124, -0.0116, -0.0110, -0.0126, -0.0115, -0.0110, -0.0120, -0.0113, -0.0123, -0.0108, -0.0113, -0.0114, -0.0111, -0.0123, -0.0116, -0.0109, -0.0112, -0.0113, -0.0112, -0.0112, -0.0106, -0.0104, -0.0102, -0.0114, -0.0099, -0.0114, -0.0114, -0.0112, -0.0106, -0.0106, -0.0112, -0.0109, -0.0108, -0.0109, -0.0116, -0.0098, -0.0107, -0.0104, -0.0112, -0.0105, -0.0109, -0.0102, -0.0100, -0.0103, -0.0104, -0.0105, -0.0104, -0.0100, -0.0107, -0.0106, -0.0100, -0.0097, -0.0097, -0.0104, -0.0099, -0.0100, -0.0102, -0.0098, -0.0099, -0.0093, -0.0098, -0.0105, -0.0098, -0.0100, -0.0097, -0.0097, -0.0094, -0.0089, -0.0092, -0.0092, -0.0091, -0.0093, -0.0094, -0.0092, -0.0086, -0.0084, -0.0094, -0.0096, -0.0096, -0.0092, -0.0084, -0.0089, -0.0082, -0.0080, -0.0077, -0.0083, -0.0084, -0.0086, -0.0087, -0.0076, -0.0086, -0.0082, -0.0087, -0.0083, -0.0083, -0.0085, -0.0081, -0.0078, -0.0071, -0.0078, -0.0077, -0.0074, -0.0071, -0.0074, -0.0072, -0.0078, -0.0066, -0.0078, -0.0071, -0.0068, -0.0068, -0.0071, -0.0070, -0.0068, -0.0068, -0.0067, -0.0067, -0.0068, -0.0066, -0.0063, -0.0067, -0.0060, -0.0061, -0.0063, -0.0059, -0.0058, -0.0057, -0.0063, -0.0059, -0.0060, -0.0054, -0.0057, -0.0058, -0.0057, -0.0052, -0.0058, -0.0054, -0.0053, -0.0054, -0.0048, -0.0050, -0.0050, -0.0045, -0.0048, -0.0046, -0.0045, -0.0041, -0.0045, -0.0046, -0.0042, -0.0046, -0.0041, -0.0041, -0.0039, -0.0040, -0.0038, -0.0039, -0.0034, -0.0039, -0.0035, -0.0031, -0.0037, -0.0033, -0.0033, -0.0033, -0.0032, -0.0029, -0.0029, -0.0030, -0.0028, -0.0026, -0.0026, -0.0025, -0.0029, -0.0023, -0.0022, -0.0025, -0.0022, -0.0022, -0.0019, -0.0020, -0.0021, -0.0019, -0.0020, -0.0018, -0.0017, -0.0016, -0.0016, -0.0015, -0.0014, -0.0014, -0.0014, -0.0013, -0.0012, -0.0013, -0.0011, -0.0010, -0.0010, -0.0009, -0.0009, -0.0008, -0.0007, -0.0007, -0.0007, -0.0007, -0.0006, -0.0006, -0.0005, -0.0005, -0.0004, -0.0004, -0.0004, -0.0004, -0.0004, -0.0003, -0.0003, -0.0002, -0.0002, -0.0002, -0.0002, -0.0001, -0.0001, -0.0001, -0.0001, -0.0001, -0.0001, -0.0001, -0.0000, -0.0000, -0.0000, -0.0000, -0.0000, -0.0000, +0.0000, -0.0000]
                value_loss: [+0.0211, +0.0196, +0.0168, +0.0206, +0.0175, +0.0189, +0.0244, +0.0204, +0.0196, +0.0191, +0.0213, +0.0229, +0.0359, +0.0339, +0.0394, +0.0353, +0.0365, +0.0336, +0.0305, +0.0313, +0.0304, +0.0291, +0.0300, +0.0279, +0.0280, +0.0315, +0.0292, +0.0279, +0.0267, +0.0258, +0.0277, +0.0281, +0.0257, +0.0277, +0.0239, +0.0247, +0.0271, +0.0271, +0.0257, +0.0295, +0.0298, +0.0269, +0.0300, +0.0307, +0.0305, +0.0273, +0.0283, +0.0322, +0.0279, +0.0289, +0.0293, +0.0320, +0.0344, +0.0291, +0.0302, +0.0355, +0.0342, +0.0318, +0.0283, +0.0305, +0.0297, +0.0359, +0.0336, +0.0317, +0.0309, +0.0313, +0.0316, +0.0328, +0.0318, +0.0317, +0.0309, +0.0316, +0.0318, +0.0335, +0.0289, +0.0329, +0.0312, +0.0317, +0.0337, +0.0315, +0.0357, +0.0359, +0.0320, +0.0308, +0.0290, +0.0328, +0.0325, +0.0373, +0.0388, +0.0322, +0.0318, +0.0300, +0.0289, +0.0321, +0.0312, +0.0359, +0.0323, +0.0322, +0.0294, +0.0351, +0.0325, +0.0293, +0.0319, +0.0344, +0.0348, +0.0315, +0.0310, +0.0295, +0.0332, +0.0300, +0.0286, +0.0324, +0.0338, +0.0297, +0.0358, +0.0347, +0.0281, +0.0314, +0.0321, +0.0335, +0.0289, +0.0305, +0.0360, +0.0330, +0.0334, +0.0334, +0.0312, +0.0323, +0.0327, +0.0298, +0.0299, +0.0282, +0.0329, +0.0302, +0.0304, +0.0308, +0.0298, +0.0312, +0.0316, +0.0300, +0.0306, +0.0306, +0.0312, +0.0332, +0.0303, +0.0331, +0.0304, +0.0330, +0.0323, +0.0321, +0.0285, +0.0288, +0.0327, +0.0290, +0.0307, +0.0296, +0.0305, +0.0308, +0.0314, +0.0308, +0.0318, +0.0318, +0.0294, +0.0311, +0.0297, +0.0282, +0.0310, +0.0337, +0.0331, +0.0336, +0.0314, +0.0316, +0.0328, +0.0315, +0.0307, +0.0314, +0.0325, +0.0292, +0.0330, +0.0327, +0.0309, +0.0301, +0.0317, +0.0323, +0.0326, +0.0325, +0.0317, +0.0322, +0.0313, +0.0333, +0.0316, +0.0312, +0.0318, +0.0327, +0.0343, +0.0326, +0.0347, +0.0336, +0.0350, +0.0357, +0.0331, +0.0327, +0.0308, +0.0348, +0.0331, +0.0301, +0.0319, +0.0349, +0.0313, +0.0313, +0.0315, +0.0325, +0.0338, +0.0324, +0.0318, +0.0305, +0.0311, +0.0318, +0.0318, +0.0309, +0.0325, +0.0329, +0.0342, +0.0301, +0.0292, +0.0305, +0.0353, +0.0315, +0.0358, +0.0352, +0.0357, +0.0315, +0.0333, +0.0317, +0.0334, +0.0303, +0.0314, +0.0318, +0.0315, +0.0334, +0.0334, +0.0325, +0.0306, +0.0334, +0.0337, +0.0319, +0.0320, +0.0327, +0.0340, +0.0318, +0.0320, +0.0309, +0.0330, +0.0299, +0.0309, +0.0308, +0.0299, +0.0322, +0.0302, +0.0336, +0.0322, +0.0305, +0.0339, +0.0342, +0.0319, +0.0300, +0.0317, +0.0344, +0.0318, +0.0338, +0.0321, +0.0326, +0.0303, +0.0313, +0.0311, +0.0316, +0.0343, +0.0311, +0.0308, +0.0316, +0.0318, +0.0347, +0.0324, +0.0335, +0.0309, +0.0317, +0.0314, +0.0317, +0.0323, +0.0310, +0.0314, +0.0304, +0.0325, +0.0288, +0.0316, +0.0335, +0.0315, +0.0311, +0.0338, +0.0321, +0.0320, +0.0322, +0.0306, +0.0319, +0.0341, +0.0315, +0.0332, +0.0324, +0.0338, +0.0316, +0.0350, +0.0314, +0.0350, +0.0343, +0.0345, +0.0321, +0.0314, +0.0303, +0.0350, +0.0329, +0.0298, +0.0323, +0.0311, +0.0300, +0.0309, +0.0333, +0.0307, +0.0332, +0.0307, +0.0324, +0.0326, +0.0318, +0.0318, +0.0317, +0.0306, +0.0303, +0.0353, +0.0364, +0.0309, +0.0315, +0.0292, +0.0304, +0.0345, +0.0328, +0.0320, +0.0317, +0.0334, +0.0355, +0.0328, +0.0320, +0.0323, +0.0335, +0.0338, +0.0350, +0.0373, +0.0329, +0.0326, +0.0332, +0.0334, +0.0325, +0.0311, +0.0333, +0.0351, +0.0364, +0.0336, +0.0329, +0.0326, +0.0329, +0.0331, +0.0349, +0.0311, +0.0344, +0.0348, +0.0309, +0.0322, +0.0306, +0.0353, +0.0329, +0.0300, +0.0339, +0.0300, +0.0300, +0.0330, +0.0321, +0.0357, +0.0334, +0.0345, +0.0323, +0.0311, +0.0326, +0.0331, +0.0347, +0.0337, +0.0384, +0.0372, +0.0321, +0.0322, +0.0315, +0.0334, +0.0325, +0.0320, +0.0314, +0.0326, +0.0336, +0.0303, +0.0359, +0.0322, +0.0328, +0.0336, +0.0343, +0.0329, +0.0346, +0.0363, +0.0335, +0.0350, +0.0317, +0.0325, +0.0327, +0.0323, +0.0317, +0.0308, +0.0337, +0.0303, +0.0346, +0.0331, +0.0361, +0.0332, +0.0321, +0.0360, +0.0348, +0.0329, +0.0338, +0.0368, +0.0343, +0.0328, +0.0317, +0.0357, +0.0294, +0.0322, +0.0358, +0.0353, +0.0350, +0.0352, +0.0335, +0.0333, +0.0344, +0.0361, +0.0332, +0.0347, +0.0329, +0.0325, +0.0324, +0.0313, +0.0334, +0.0317, +0.0332, +0.0325, +0.0338, +0.0355, +0.0367, +0.0375, +0.0343, +0.0339, +0.0333, +0.0366, +0.0337, +0.0330, +0.0358, +0.0357, +0.0373, +0.0348, +0.0307, +0.0344, +0.0330, +0.0332, +0.0339, +0.0350, +0.0348, +0.0339, +0.0322, +0.0337, +0.0351, +0.0353, +0.0365, +0.0336, +0.0395, +0.0315, +0.0338, +0.0342, +0.0334, +0.0349, +0.0358, +0.0308, +0.0358, +0.0322, +0.0344, +0.0359, +0.0358, +0.0304, +0.0324, +0.0333, +0.0331, +0.0324, +0.0339, +0.0349, +0.0364, +0.0363, +0.0354, +0.0368, +0.0375, +0.0328, +0.0392, +0.0339, +0.0305, +0.0348, +0.0335, +0.0342, +0.0336, +0.0336, +0.0346, +0.0371, +0.0355, +0.0372, +0.0356, +0.0382, +0.0343, +0.0332, +0.0360, +0.0340, +0.0353, +0.0329, +0.0362, +0.0396, +0.0353, +0.0356, +0.0325, +0.0362, +0.0328, +0.0357, +0.0369, +0.0346, +0.0377, +0.0371, +0.0316, +0.0280, +0.0343, +0.0346, +0.0319, +0.0323, +0.0343, +0.0355, +0.0380, +0.0375, +0.0365, +0.0358, +0.0380, +0.0362, +0.0367, +0.0342, +0.0364, +0.0345, +0.0361, +0.0325, +0.0372, +0.0333, +0.0372, +0.0304, +0.0365, +0.0354, +0.0350, +0.0331, +0.0391, +0.0360, +0.0369, +0.0379, +0.0339, +0.0296, +0.0322, +0.0343, +0.0338, +0.0365, +0.0349, +0.0341, +0.0343, +0.0357, +0.0393, +0.0400, +0.0332, +0.0339, +0.0355, +0.0364, +0.0361, +0.0344, +0.0362, +0.0365, +0.0354, +0.0358, +0.0369, +0.0369, +0.0353, +0.0361, +0.0388, +0.0422, +0.0395, +0.0354, +0.0362, +0.0320, +0.0341, +0.0359, +0.0375, +0.0365, +0.0355, +0.0363, +0.0348, +0.0352, +0.0386, +0.0330, +0.0371, +0.0364, +0.0384, +0.0370, +0.0374, +0.0378, +0.0365, +0.0327, +0.0316, +0.0322, +0.0348, +0.0366, +0.0360, +0.0345, +0.0397, +0.0357, +0.0356, +0.0381, +0.0368, +0.0381, +0.0353, +0.0348, +0.0349, +0.0358, +0.0318, +0.0363, +0.0368, +0.0361, +0.0363, +0.0339, +0.0380, +0.0321, +0.0352, +0.0401, +0.0400, +0.0383, +0.0355, +0.0358, +0.0377, +0.0344, +0.0342, +0.0358, +0.0353, +0.0381, +0.0339, +0.0399, +0.0340, +0.0344, +0.0365, +0.0326, +0.0339, +0.0398, +0.0395, +0.0373, +0.0371, +0.0345, +0.0342, +0.0382, +0.0375, +0.0367, +0.0339, +0.0372, +0.0354, +0.0356, +0.0383, +0.0379, +0.0334, +0.0340, +0.0387, +0.0398, +0.0397, +0.0359, +0.0387, +0.0399, +0.0350, +0.0321, +0.0347, +0.0374, +0.0360, +0.0411, +0.0337, +0.0399, +0.0390, +0.0351, +0.0401, +0.0339, +0.0358, +0.0368, +0.0413, +0.0360, +0.0377, +0.0401, +0.0408, +0.0351, +0.0387, +0.0392, +0.0365, +0.0360, +0.0355, +0.0379, +0.0401, +0.0389, +0.0378, +0.0381, +0.0345, +0.0375, +0.0367, +0.0353, +0.0327, +0.0437, +0.0362, +0.0350, +0.0384, +0.0379, +0.0330, +0.0365, +0.0353, +0.0339, +0.0377, +0.0397, +0.0364, +0.0401, +0.0404, +0.0363, +0.0389, +0.0372, +0.0378, +0.0358, +0.0376, +0.0421, +0.0379, +0.0355, +0.0385, +0.0396, +0.0392, +0.0384, +0.0389, +0.0398, +0.0349, +0.0379, +0.0335, +0.0372, +0.0360, +0.0376, +0.0416, +0.0330, +0.0385, +0.0378, +0.0396, +0.0372, +0.0347, +0.0349, +0.0404, +0.0366, +0.0412, +0.0375, +0.0386, +0.0376, +0.0399, +0.0405, +0.0396, +0.0380, +0.0406, +0.0390, +0.0375, +0.0392, +0.0362, +0.0391, +0.0361, +0.0394, +0.0356, +0.0372, +0.0361, +0.0351, +0.0354, +0.0400, +0.0403, +0.0369, +0.0369, +0.0400, +0.0381, +0.0412, +0.0377, +0.0374, +0.0396, +0.0383, +0.0355, +0.0347, +0.0359, +0.0427, +0.0384, +0.0334, +0.0368, +0.0406, +0.0369, +0.0357, +0.0374, +0.0365, +0.0397, +0.0398, +0.0387, +0.0378, +0.0354, +0.0415, +0.0396, +0.0370, +0.0386, +0.0362, +0.0341, +0.0408, +0.0354, +0.0384, +0.0403, +0.0376, +0.0372, +0.0359, +0.0407, +0.0367, +0.0357, +0.0337, +0.0386, +0.0381, +0.0375, +0.0447, +0.0431, +0.0369, +0.0347, +0.0376, +0.0357, +0.0376, +0.0388, +0.0374, +0.0403, +0.0375, +0.0367, +0.0365, +0.0369, +0.0426, +0.0403, +0.0385, +0.0402, +0.0393, +0.0376, +0.0401, +0.0373, +0.0400, +0.0401, +0.0321, +0.0418, +0.0383, +0.0372, +0.0405, +0.0397, +0.0391, +0.0391, +0.0355, +0.0361, +0.0401, +0.0387, +0.0364, +0.0412, +0.0399, +0.0379, +0.0416, +0.0385, +0.0393, +0.0382, +0.0347, +0.0345, +0.0339, +0.0414, +0.0406, +0.0433, +0.0351, +0.0370, +0.0378, +0.0342, +0.0387, +0.0389, +0.0401, +0.0409, +0.0336, +0.0408, +0.0382, +0.0418, +0.0417, +0.0344, +0.0405, +0.0397, +0.0369, +0.0395, +0.0364, +0.0373, +0.0416, +0.0365, +0.0390, +0.0394, +0.0385]
                   entropy: [+1.5966, +1.5933, +1.5843, +1.5752, +1.5646, +1.5506, +1.5266, +1.5251, +1.5190, +1.5345, +1.5121, +1.5046, +1.4786, +1.4541, +1.4371, +1.4136, +1.3997, +1.4165, +1.3949, +1.4012, +1.4000, +1.3978, +1.4091, +1.4305, +1.3955, +1.3881, +1.3896, +1.4186, +1.3936, +1.4000, +1.4055, +1.3920, +1.3815, +1.3626, +1.3588, +1.3811, +1.3651, +1.3180, +1.2958, +1.2844, +1.2868, +1.2482, +1.2541, +1.2533, +1.2325, +1.2100, +1.1912, +1.1927, +1.1778, +1.1849, +1.1727, +1.1633, +1.1393, +1.1505, +1.1485, +1.1547, +1.1358, +1.1514, +1.1426, +1.1650, +1.1387, +1.1086, +1.0814, +1.1041, +1.1192, +1.1217, +1.1238, +1.1187, +1.1233, +1.1290, +1.1068, +1.0854, +1.0803, +1.0639, +1.0645, +1.0418, +1.0170, +1.0270, +1.0473, +1.0782, +1.0893, +1.0543, +1.0786, +1.0980, +1.0789, +1.0799, +1.0621, +1.0467, +1.0654, +1.0695, +1.0909, +1.0807, +1.0825, +1.0668, +1.0812, +1.0939, +1.0937, +1.0979, +1.0992, +1.1201, +1.1380, +1.1229, +1.1481, +1.1239, +1.1000, +1.1382, +1.1239, +1.1159, +1.1019, +1.0940, +1.0822, +1.0909, +1.0851, +1.0946, +1.0775, +1.0791, +1.1137, +1.1439, +1.1086, +1.0820, +1.0813, +1.0942, +1.0841, +1.0986, +1.0916, +1.0708, +1.0737, +1.0846, +1.0952, +1.0887, +1.0971, +1.1292, +1.1007, +1.0949, +1.1090, +1.1048, +1.0779, +1.0906, +1.0926, +1.0972, +1.0845, +1.0872, +1.1204, +1.0866, +1.1056, +1.1109, +1.1171, +1.1248, +1.1155, +1.1044, +1.1104, +1.1270, +1.1185, +1.0898, +1.0848, +1.1057, +1.0836, +1.0980, +1.1054, +1.1250, +1.1082, +1.1213, +1.1260, +1.1374, +1.1448, +1.1324, +1.0960, +1.1126, +1.0865, +1.0962, +1.1169, +1.1011, +1.0968, +1.1117, +1.0950, +1.0824, +1.0634, +1.0670, +1.0537, +1.0655, +1.0600, +1.0457, +1.0359, +1.0175, +1.0190, +1.0348, +1.0385, +1.0381, +1.0268, +1.0303, +1.0225, +1.0200, +1.0262, +1.0277, +1.0351, +1.0532, +1.0550, +1.0727, +1.0403, +1.0078, +1.0222, +1.0527, +1.0331, +1.0434, +1.0355, +1.0330, +1.0265, +1.0311, +1.0308, +1.0648, +1.0670, +1.0747, +1.0875, +1.1013, +1.0664, +1.0995, +1.1342, +1.1109, +1.0895, +1.0936, +1.0826, +1.0971, +1.0937, +1.0757, +1.0828, +1.1162, +1.1103, +1.1027, +1.1023, +1.1114, +1.0921, +1.1119, +1.1308, +1.1071, +1.1154, +1.1094, +1.1407, +1.1144, +1.1240, +1.1149, +1.1196, +1.1075, +1.1177, +1.1147, +1.1125, +1.1249, +1.0985, +1.0838, +1.0962, +1.0993, +1.1078, +1.1221, +1.0973, +1.1171, +1.1320, +1.1304, +1.1173, +1.0926, +1.0958, +1.1100, +1.0868, +1.0972, +1.0985, +1.0780, +1.0699, +1.0871, +1.0959, +1.1139, +1.1099, +1.0958, +1.1233, +1.1087, +1.1110, +1.1162, +1.1099, +1.1330, +1.1220, +1.1127, +1.0905, +1.1097, +1.1007, +1.1196, +1.0943, +1.0972, +1.0897, +1.0797, +1.0941, +1.0843, +1.0740, +1.0414, +1.0658, +1.0803, +1.0650, +1.0774, +1.0494, +1.0485, +1.0703, +1.0914, +1.0788, +1.0727, +1.0393, +1.0134, +1.0517, +1.0591, +1.0432, +1.0323, +1.0253, +1.0172, +1.0275, +1.0246, +1.0350, +1.0475, +1.0275, +1.0422, +1.0317, +1.0747, +1.0791, +1.0677, +1.0872, +1.0526, +1.0620, +1.0434, +1.0672, +1.1017, +1.0798, +1.0486, +1.0441, +1.0445, +1.0365, +1.0436, +1.0336, +1.0442, +1.0481, +1.0757, +1.0568, +1.0803, +1.0662, +1.0788, +1.0832, +1.0680, +1.0672, +1.0645, +1.0517, +1.0745, +1.0646, +1.0481, +1.0709, +1.0595, +1.0569, +1.0752, +1.0913, +1.0647, +1.0646, +1.0868, +1.0541, +1.0553, +1.0487, +1.0626, +1.0487, +1.0537, +1.0675, +1.0708, +1.0644, +1.0863, +1.0750, +1.0776, +1.0773, +1.0889, +1.0822, +1.1086, +1.1073, +1.0956, +1.0659, +1.0665, +1.0768, +1.0543, +1.0586, +1.0544, +1.0635, +1.0421, +1.0394, +1.0556, +1.0563, +1.0622, +1.0685, +1.0690, +1.0587, +1.0267, +1.0719, +1.0643, +1.0373, +1.0278, +1.0398, +1.0625, +1.0547, +1.0608, +1.0791, +1.0728, +1.0767, +1.0515, +1.0814, +1.1012, +1.0905, +1.0780, +1.0745, +1.0620, +1.0765, +1.1041, +1.0889, +1.0739, +1.0846, +1.0826, +1.0652, +1.0498, +1.0767, +1.0816, +1.0769, +1.1000, +1.0552, +1.0671, +1.0427, +1.0775, +1.0739, +1.0650, +1.0766, +1.0628, +1.0888, +1.0854, +1.0430, +1.0335, +1.0515, +1.0422, +1.0348, +1.0470, +1.0480, +1.0345, +1.0370, +1.0498, +1.0215, +1.0174, +1.0092, +1.0280, +1.0356, +1.0265, +1.0192, +1.0240, +1.0316, +1.0292, +1.0158, +1.0203, +1.0292, +1.0418, +1.0297, +1.0073, +1.0339, +1.0256, +1.0208, +1.0283, +1.0263, +1.0123, +1.0109, +1.0174, +1.0657, +1.0439, +1.0240, +1.0383, +1.0342, +1.0402, +1.0421, +1.0278, +1.0003, +1.0046, +1.0239, +1.0194, +1.0233, +1.0158, +1.0223, +1.0212, +1.0113, +1.0553, +1.0417, +1.0228, +1.0323, +1.0242, +1.0322, +1.0180, +1.0193, +1.0157, +1.0126, +1.0385, +1.0384, +1.0591, +1.0342, +1.0354, +1.0223, +1.0260, +1.0516, +1.0398, +1.0263, +1.0248, +1.0191, +1.0051, +1.0152, +1.0384, +1.0190, +1.0138, +1.0147, +0.9845, +0.9965, +0.9876, +0.9956, +0.9970, +0.9753, +0.9882, +1.0174, +0.9860, +0.9764, +0.9732, +0.9995, +1.0042, +0.9927, +0.9679, +0.9874, +1.0137, +1.0009, +0.9947, +1.0040, +1.0081, +0.9999, +1.0097, +0.9989, +1.0141, +0.9823, +0.9941, +1.0002, +1.0185, +1.0083, +0.9942, +0.9941, +0.9855, +0.9924, +1.0091, +0.9750, +0.9929, +1.0054, +0.9834, +0.9700, +0.9949, +1.0091, +0.9936, +0.9640, +0.9898, +0.9783, +0.9812, +0.9739, +0.9756, +0.9830, +0.9808, +0.9541, +0.9744, +0.9949, +0.9830, +0.9812, +0.9926, +0.9722, +0.9756, +0.9743, +0.9737, +0.9577, +0.9740, +0.9693, +0.9754, +0.9669, +0.9525, +0.9430, +0.9729, +0.9747, +0.9454, +0.9541, +0.9599, +0.9290, +0.9554, +0.9393, +0.9496, +0.9521, +0.9446, +0.9475, +0.9456, +0.9372, +0.9214, +0.9378, +0.9318, +0.9162, +0.9198, +0.9174, +0.9026, +0.9062, +0.9179, +0.9198, +0.9185, +0.8879, +0.9147, +0.9030, +0.9031, +0.9203, +0.9079, +0.8914, +0.9060, +0.9148, +0.9156, +0.9215, +0.9154, +0.9068, +0.9283, +0.9348, +0.9304, +0.9306, +0.9092, +0.9112, +0.9015, +0.9142, +0.9007, +0.9159, +0.9315, +0.9250, +0.8802, +0.8921, +0.9053, +0.9194, +0.8952, +0.9015, +0.8922, +0.8820, +0.8888, +0.8812, +0.9006, +0.8825, +0.8756, +0.8930, +0.8819, +0.8815, +0.8734, +0.8952, +0.8791, +0.8604, +0.8633, +0.8578, +0.8852, +0.8712, +0.8590, +0.8698, +0.8737, +0.8714, +0.8838, +0.8901, +0.8891, +0.8852, +0.8650, +0.8592, +0.8684, +0.8718, +0.8672, +0.8434, +0.8640, +0.8750, +0.8919, +0.8622, +0.8559, +0.8751, +0.8549, +0.8757, +0.8586, +0.8363, +0.8807, +0.8407, +0.8527, +0.8544, +0.8474, +0.8470, +0.8468, +0.8376, +0.8548, +0.8556, +0.8484, +0.8471, +0.8324, +0.8430, +0.8391, +0.8114, +0.8123, +0.8508, +0.8398, +0.8349, +0.8305, +0.8534, +0.8417, +0.8234, +0.8446, +0.8311, +0.8378, +0.8074, +0.8286, +0.8220, +0.8463, +0.7952, +0.8394, +0.8293, +0.8511, +0.8243, +0.8336, +0.8148, +0.8265, +0.8169, +0.8383, +0.8408, +0.8322, +0.8291, +0.8217, +0.8132, +0.8151, +0.8247, +0.8252, +0.8160, +0.8342, +0.8211, +0.8198, +0.8296, +0.8050, +0.8268, +0.8227, +0.8330, +0.8193, +0.8323, +0.8224, +0.8124, +0.8171, +0.8054, +0.8162, +0.7999, +0.7848, +0.8052, +0.8097, +0.8111, +0.8220, +0.7943, +0.7829, +0.7762, +0.7818, +0.7915, +0.7997, +0.7847, +0.7885, +0.8146, +0.8080, +0.7849, +0.8173, +0.7926, +0.8078, +0.7957, +0.7844, +0.7851, +0.7711, +0.7724, +0.7890, +0.7711, +0.7818, +0.8009, +0.7784, +0.7921, +0.7810, +0.7860, +0.7799, +0.7983, +0.7616, +0.7632, +0.7926, +0.7882, +0.7846, +0.7745, +0.7616, +0.7850, +0.7851, +0.7895, +0.7812, +0.7793, +0.7834, +0.7791, +0.8121, +0.7841, +0.7781, +0.7644, +0.7927, +0.7748, +0.7806, +0.7904, +0.7769, +0.7935, +0.7612, +0.7787, +0.7673, +0.7880, +0.7771, +0.7609, +0.7680, +0.7904, +0.7801, +0.7747, +0.7708, +0.7697, +0.7881, +0.7736, +0.7958, +0.7625, +0.7630, +0.7986, +0.7976, +0.7891, +0.7888, +0.8043, +0.7820, +0.7735, +0.7732, +0.7798, +0.7988, +0.7810, +0.7891, +0.8056, +0.7960, +0.8002, +0.8115, +0.7993, +0.8010, +0.8206, +0.8148, +0.7895, +0.8164, +0.8184, +0.7869, +0.8100, +0.8016, +0.7906, +0.8077, +0.7805, +0.8098, +0.8096, +0.7925, +0.7975, +0.8051, +0.8139, +0.8059, +0.7970, +0.8033, +0.8049, +0.8375, +0.8189, +0.8197, +0.8136, +0.8030, +0.8205, +0.8201, +0.8163, +0.8095, +0.8256, +0.8224, +0.8192, +0.8327, +0.8135, +0.8383, +0.7994, +0.8008, +0.8046, +0.8177, +0.8199, +0.8306, +0.7947, +0.8143, +0.8319, +0.8217, +0.8112, +0.8148, +0.8316, +0.8250, +0.8027, +0.7975, +0.7958, +0.8358, +0.8299, +0.8366, +0.8283, +0.8338, +0.8308, +0.8196, +0.8173, +0.8290, +0.8238, +0.8231, +0.8006, +0.8173, +0.8245, +0.8035, +0.8080, +0.8134, +0.8267, +0.8136, +0.8174, +0.8062, +0.8141, +0.8162, +0.8182, +0.8305, +0.8110, +0.8298, +0.8310, +0.8267, +0.8208]
                entropy_t0: [+0.6931, +0.6930, +0.6858, +0.6614, +0.6257, +0.5906, +0.5429, +0.4921, +0.4382, +0.4549, +0.5181, +0.4818, +0.4784, +0.4075, +0.3633, +0.3103, +0.2734, +0.2473, +0.2333, +0.2226, +0.1915, +0.1756, +0.1827, +0.1848, +0.1850, +0.1809, +0.1688, +0.2041, +0.2015, +0.2835, +0.2389, +0.2365, +0.2518, +0.3010, +0.3164, +0.3831, +0.3421, +0.3068, +0.2892, +0.2460, +0.2420, +0.2193, +0.2308, +0.2255, +0.2318, +0.2458, +0.2534, +0.2003, +0.1464, +0.1638, +0.1857, +0.2066, +0.2063, +0.2399, +0.2101, +0.1903, +0.1787, +0.1996, +0.2715, +0.2409, +0.1986, +0.2029, +0.1858, +0.1845, +0.1750, +0.1556, +0.1421, +0.1391, +0.1260, +0.1448, +0.1490, +0.1348, +0.1275, +0.1289, +0.1593, +0.1517, +0.1340, +0.1307, +0.1364, +0.1550, +0.1329, +0.1106, +0.1390, +0.1119, +0.0919, +0.0908, +0.0676, +0.0746, +0.1012, +0.0894, +0.1145, +0.1078, +0.1060, +0.1086, +0.1244, +0.1155, +0.1297, +0.1419, +0.1807, +0.1904, +0.1829, +0.1815, +0.2103, +0.1735, +0.1350, +0.1840, +0.1612, +0.1637, +0.1631, +0.1630, +0.1857, +0.1942, +0.1926, +0.1988, +0.1636, +0.1558, +0.1747, +0.2197, +0.1952, +0.1762, +0.1905, +0.2050, +0.1871, +0.2171, +0.2171, +0.2112, +0.2220, +0.2459, +0.2538, +0.2495, +0.2584, +0.3053, +0.2941, +0.3030, +0.2821, +0.3120, +0.2481, +0.2532, +0.2748, +0.2850, +0.2759, +0.2848, +0.2687, +0.2556, +0.2797, +0.2647, +0.2336, +0.2810, +0.2547, +0.2538, +0.2266, +0.2776, +0.2560, +0.2795, +0.2958, +0.3194, +0.3032, +0.3086, +0.3012, +0.2767, +0.2708, +0.3165, +0.3474, +0.3563, +0.3159, +0.3451, +0.3153, +0.2746, +0.3021, +0.2980, +0.2790, +0.2936, +0.3318, +0.3232, +0.3245, +0.3035, +0.2808, +0.3172, +0.3112, +0.3069, +0.2725, +0.2802, +0.2685, +0.2167, +0.2206, +0.2278, +0.2552, +0.2964, +0.2952, +0.2682, +0.2581, +0.2246, +0.2505, +0.2121, +0.1906, +0.2123, +0.2553, +0.2587, +0.2321, +0.2021, +0.2143, +0.3066, +0.2513, +0.2307, +0.2333, +0.3153, +0.3228, +0.3434, +0.2295, +0.2559, +0.2977, +0.2905, +0.2693, +0.2449, +0.2408, +0.2570, +0.2617, +0.3104, +0.2693, +0.2875, +0.2950, +0.2788, +0.3146, +0.2662, +0.2642, +0.2954, +0.3005, +0.2834, +0.2582, +0.2529, +0.2654, +0.2592, +0.3003, +0.2801, +0.2705, +0.2732, +0.2629, +0.2902, +0.2560, +0.2562, +0.2669, +0.2364, +0.2728, +0.3041, +0.2682, +0.2344, +0.2350, +0.2073, +0.2259, +0.2461, +0.2156, +0.2465, +0.2361, +0.2447, +0.2729, +0.2432, +0.2555, +0.2515, +0.2701, +0.2349, +0.2562, +0.2715, +0.2286, +0.1923, +0.2328, +0.2187, +0.2178, +0.2470, +0.2968, +0.2773, +0.2587, +0.2846, +0.2715, +0.2790, +0.2655, +0.2267, +0.2342, +0.2529, +0.2656, +0.2691, +0.2530, +0.2372, +0.2691, +0.2509, +0.2502, +0.2648, +0.2548, +0.2647, +0.2767, +0.2398, +0.2625, +0.2464, +0.2465, +0.2536, +0.2272, +0.2077, +0.2678, +0.2399, +0.2645, +0.3249, +0.2768, +0.2636, +0.2408, +0.2621, +0.2651, +0.2350, +0.2564, +0.2823, +0.2279, +0.2208, +0.2466, +0.3084, +0.2912, +0.2751, +0.2081, +0.2381, +0.2537, +0.2320, +0.2459, +0.2622, +0.2776, +0.2203, +0.2458, +0.2696, +0.2393, +0.2318, +0.2226, +0.2237, +0.2418, +0.2182, +0.2260, +0.2149, +0.2687, +0.2540, +0.2147, +0.2452, +0.2342, +0.2555, +0.2318, +0.2347, +0.2018, +0.2419, +0.2057, +0.2494, +0.2521, +0.2173, +0.2363, +0.1957, +0.2221, +0.2538, +0.2256, +0.2238, +0.1968, +0.2001, +0.2090, +0.2001, +0.2585, +0.2125, +0.2188, +0.2154, +0.2230, +0.1906, +0.2222, +0.2372, +0.2257, +0.2326, +0.2054, +0.1917, +0.2333, +0.2492, +0.2120, +0.2361, +0.2255, +0.2300, +0.2210, +0.2548, +0.2304, +0.2397, +0.2409, +0.2210, +0.2254, +0.1784, +0.2396, +0.2455, +0.2400, +0.2080, +0.2188, +0.2484, +0.2437, +0.2063, +0.2240, +0.2395, +0.2024, +0.2099, +0.1865, +0.2409, +0.2665, +0.2467, +0.2676, +0.2712, +0.3006, +0.2958, +0.2557, +0.2661, +0.2551, +0.2515, +0.2502, +0.2798, +0.2329, +0.2396, +0.2847, +0.2481, +0.2032, +0.1954, +0.2394, +0.2599, +0.2478, +0.2121, +0.2412, +0.2340, +0.2278, +0.2353, +0.2455, +0.2533, +0.2402, +0.2103, +0.2632, +0.2483, +0.2450, +0.2195, +0.2232, +0.2241, +0.2195, +0.1771, +0.2233, +0.2424, +0.2138, +0.2308, +0.2340, +0.2306, +0.2513, +0.2075, +0.1818, +0.1796, +0.2481, +0.2580, +0.2129, +0.2203, +0.2131, +0.2085, +0.2211, +0.1956, +0.2281, +0.1863, +0.2168, +0.1932, +0.2084, +0.2188, +0.2047, +0.2294, +0.1873, +0.1886, +0.2395, +0.2315, +0.1890, +0.1926, +0.2371, +0.1628, +0.1999, +0.2188, +0.2115, +0.2299, +0.2298, +0.1624, +0.1857, +0.1675, +0.1923, +0.1833, +0.1945, +0.2206, +0.1747, +0.2065, +0.2139, +0.1782, +0.2208, +0.1924, +0.1618, +0.1970, +0.1913, +0.1869, +0.2017, +0.1776, +0.1834, +0.1868, +0.1618, +0.1655, +0.1857, +0.1878, +0.1793, +0.1793, +0.1731, +0.1641, +0.2076, +0.2133, +0.2024, +0.1696, +0.1678, +0.1216, +0.1646, +0.1851, +0.1808, +0.1598, +0.1759, +0.1836, +0.1437, +0.1720, +0.1723, +0.2080, +0.2182, +0.2188, +0.1910, +0.1740, +0.1802, +0.1815, +0.1688, +0.1606, +0.2012, +0.1633, +0.1517, +0.1523, +0.1972, +0.1812, +0.1839, +0.1719, +0.1446, +0.1692, +0.1683, +0.1353, +0.1808, +0.1690, +0.1625, +0.1843, +0.1485, +0.1617, +0.2039, +0.1594, +0.1539, +0.1703, +0.1765, +0.1610, +0.1607, +0.1453, +0.1322, +0.1591, +0.1640, +0.1528, +0.1472, +0.1322, +0.1651, +0.1798, +0.1812, +0.1425, +0.1419, +0.1830, +0.1514, +0.1736, +0.1527, +0.1878, +0.1553, +0.1346, +0.1769, +0.1256, +0.1533, +0.1530, +0.1524, +0.1506, +0.1836, +0.1490, +0.1764, +0.1906, +0.1596, +0.1802, +0.1649, +0.1219, +0.1653, +0.1790, +0.1388, +0.1266, +0.1478, +0.1722, +0.1585, +0.1451, +0.1669, +0.1570, +0.1741, +0.1319, +0.1462, +0.1451, +0.1425, +0.1398, +0.1513, +0.1642, +0.1206, +0.1312, +0.1822, +0.1421, +0.1296, +0.1241, +0.1566, +0.1493, +0.1554, +0.1642, +0.1909, +0.1317, +0.1683, +0.1336, +0.1324, +0.1273, +0.1450, +0.1520, +0.1425, +0.1669, +0.1919, +0.1421, +0.1351, +0.1715, +0.1584, +0.1304, +0.1528, +0.1611, +0.1421, +0.1147, +0.1336, +0.1351, +0.1148, +0.1172, +0.1150, +0.1550, +0.1143, +0.1188, +0.1433, +0.1154, +0.1482, +0.1555, +0.1671, +0.1224, +0.1457, +0.1119, +0.1238, +0.1214, +0.1300, +0.1309, +0.1306, +0.1174, +0.1135, +0.1226, +0.1342, +0.1764, +0.1376, +0.1258, +0.1420, +0.1257, +0.1150, +0.1295, +0.1293, +0.1382, +0.1289, +0.1547, +0.1293, +0.1294, +0.1451, +0.1672, +0.1400, +0.1500, +0.1275, +0.1701, +0.1364, +0.1075, +0.1266, +0.1598, +0.1305, +0.1295, +0.1098, +0.1237, +0.1559, +0.1156, +0.1255, +0.1451, +0.1182, +0.1150, +0.1407, +0.1612, +0.1212, +0.1077, +0.1798, +0.1488, +0.1376, +0.1271, +0.1290, +0.1270, +0.1281, +0.1024, +0.1037, +0.1350, +0.1434, +0.1416, +0.1417, +0.1216, +0.1314, +0.1248, +0.1322, +0.1208, +0.1295, +0.1388, +0.1557, +0.1176, +0.1451, +0.0815, +0.0737, +0.0927, +0.0877, +0.1161, +0.1213, +0.1345, +0.1306, +0.1308, +0.1086, +0.0968, +0.1567, +0.1657, +0.1255, +0.1447, +0.1228, +0.1126, +0.1341, +0.1386, +0.1200, +0.1125, +0.1087, +0.1310, +0.1423, +0.1166, +0.1256, +0.1084, +0.1112, +0.1136, +0.1119, +0.1253, +0.1300, +0.1305, +0.0825, +0.1125, +0.1593, +0.1113, +0.1101, +0.1453, +0.1178, +0.1069, +0.0940, +0.1252, +0.1108, +0.1075, +0.1547, +0.1178, +0.1533, +0.1123, +0.1275, +0.1071, +0.1346, +0.1000, +0.1346, +0.0941, +0.0940, +0.0947, +0.1001, +0.0961, +0.1026, +0.1377, +0.1122, +0.0816, +0.1243, +0.1156, +0.0866, +0.0908, +0.1282, +0.1319, +0.1080, +0.1388, +0.1023, +0.1058, +0.0957, +0.1100, +0.0992, +0.1218, +0.1031, +0.1261, +0.0995, +0.0719, +0.0882, +0.0945, +0.1091, +0.1008, +0.1341, +0.1243, +0.1156, +0.1310, +0.0723, +0.1082, +0.0976, +0.1133, +0.1213, +0.1115, +0.0883, +0.0838, +0.1511, +0.1190, +0.0930, +0.0953, +0.0894, +0.0849, +0.0941, +0.0879, +0.1154, +0.1062, +0.1226, +0.1490, +0.1037, +0.0952, +0.1349, +0.1154, +0.0990, +0.1241, +0.0857, +0.0673, +0.1206, +0.1143, +0.1195, +0.1166, +0.1143, +0.1472, +0.1071, +0.0894, +0.1068, +0.1133, +0.0752, +0.0928, +0.1015, +0.1093, +0.1174, +0.1010, +0.0897, +0.0842, +0.1310, +0.0994, +0.0926, +0.1377, +0.1353, +0.0717, +0.0820, +0.1250, +0.1201, +0.1070, +0.1253, +0.0886, +0.1142, +0.1088, +0.1256, +0.1315, +0.0911, +0.0730, +0.0930, +0.1151, +0.1188, +0.1194, +0.1121, +0.1037, +0.1125, +0.0986, +0.0871, +0.0889, +0.1111, +0.1093, +0.1066, +0.0923, +0.1149, +0.1249, +0.1049, +0.0995, +0.0947, +0.1212, +0.1322, +0.1204, +0.1016, +0.1219, +0.1138, +0.1196, +0.0889, +0.0821, +0.1173, +0.0930, +0.0888, +0.1043, +0.1317, +0.1137, +0.1137, +0.0819, +0.1066, +0.0847, +0.0822, +0.1264, +0.0896, +0.1097, +0.0905, +0.1053, +0.1331]
              entropy_tge1: [+1.6093, +1.6042, +1.5952, +1.5865, +1.5758, +1.5621, +1.5387, +1.5380, +1.5323, +1.5478, +1.5247, +1.5174, +1.4927, +1.4691, +1.4541, +1.4310, +1.4174, +1.4341, +1.4118, +1.4190, +1.4186, +1.4163, +1.4275, +1.4487, +1.4138, +1.4072, +1.4084, +1.4374, +1.4113, +1.4164, +1.4236, +1.4102, +1.3986, +1.3793, +1.3751, +1.3965, +1.3827, +1.3361, +1.3136, +1.3043, +1.3076, +1.2676, +1.2740, +1.2750, +1.2545, +1.2303, +1.2104, +1.2133, +1.1983, +1.2060, +1.1928, +1.1843, +1.1610, +1.1699, +1.1685, +1.1780, +1.1594, +1.1739, +1.1617, +1.1848, +1.1594, +1.1280, +1.1007, +1.1234, +1.1398, +1.1435, +1.1461, +1.1405, +1.1460, +1.1506, +1.1290, +1.1067, +1.1024, +1.0850, +1.0847, +1.0624, +1.0374, +1.0473, +1.0683, +1.0994, +1.1113, +1.0770, +1.1011, +1.1196, +1.1002, +1.1023, +1.0857, +1.0709, +1.0895, +1.0931, +1.1136, +1.1031, +1.1040, +1.0894, +1.1033, +1.1171, +1.1159, +1.1204, +1.1200, +1.1412, +1.1604, +1.1425, +1.1684, +1.1464, +1.1249, +1.1610, +1.1464, +1.1377, +1.1230, +1.1164, +1.1026, +1.1128, +1.1072, +1.1150, +1.1000, +1.1024, +1.1348, +1.1636, +1.1290, +1.1034, +1.1010, +1.1139, +1.1061, +1.1207, +1.1124, +1.0907, +1.0939, +1.1039, +1.1153, +1.1081, +1.1168, +1.1463, +1.1203, +1.1131, +1.1276, +1.1229, +1.0968, +1.1101, +1.1117, +1.1168, +1.1040, +1.1061, +1.1399, +1.1072, +1.1252, +1.1317, +1.1374, +1.1447, +1.1369, +1.1264, +1.1318, +1.1467, +1.1389, +1.1078, +1.1032, +1.1242, +1.1012, +1.1165, +1.1253, +1.1462, +1.1286, +1.1402, +1.1437, +1.1562, +1.1639, +1.1499, +1.1150, +1.1330, +1.1049, +1.1161, +1.1366, +1.1205, +1.1151, +1.1296, +1.1131, +1.1006, +1.0829, +1.0846, +1.0720, +1.0839, +1.0793, +1.0633, +1.0552, +1.0378, +1.0386, +1.0550, +1.0577, +1.0552, +1.0441, +1.0482, +1.0409, +1.0390, +1.0456, +1.0479, +1.0570, +1.0744, +1.0740, +1.0920, +1.0591, +1.0280, +1.0416, +1.0696, +1.0524, +1.0639, +1.0567, +1.0508, +1.0424, +1.0476, +1.0503, +1.0836, +1.0858, +1.0949, +1.1088, +1.1224, +1.0871, +1.1201, +1.1547, +1.1286, +1.1096, +1.1136, +1.1019, +1.1166, +1.1123, +1.0956, +1.1025, +1.1354, +1.1307, +1.1232, +1.1240, +1.1340, +1.1140, +1.1341, +1.1508, +1.1269, +1.1362, +1.1291, +1.1615, +1.1339, +1.1456, +1.1359, +1.1405, +1.1283, +1.1389, +1.1350, +1.1345, +1.1471, +1.1202, +1.1060, +1.1181, +1.1207, +1.1301, +1.1435, +1.1193, +1.1375, +1.1519, +1.1511, +1.1379, +1.1129, +1.1158, +1.1311, +1.1081, +1.1182, +1.1209, +1.1009, +1.0916, +1.1092, +1.1169, +1.1359, +1.1296, +1.1164, +1.1441, +1.1288, +1.1314, +1.1357, +1.1308, +1.1561, +1.1450, +1.1344, +1.1111, +1.1302, +1.1219, +1.1430, +1.1150, +1.1182, +1.1106, +1.0997, +1.1139, +1.1054, +1.0939, +1.0629, +1.0858, +1.1002, +1.0865, +1.0973, +1.0699, +1.0705, +1.0908, +1.1132, +1.0997, +1.0909, +1.0585, +1.0332, +1.0702, +1.0786, +1.0626, +1.0528, +1.0459, +1.0355, +1.0480, +1.0448, +1.0548, +1.0654, +1.0474, +1.0633, +1.0530, +1.0959, +1.0996, +1.0882, +1.1084, +1.0738, +1.0806, +1.0644, +1.0880, +1.1223, +1.1002, +1.0704, +1.0649, +1.0667, +1.0572, +1.0654, +1.0554, +1.0641, +1.0665, +1.0965, +1.0782, +1.1014, +1.0890, +1.1008, +1.1043, +1.0884, +1.0880, +1.0860, +1.0751, +1.0947, +1.0855, +1.0695, +1.0924, +1.0825, +1.0782, +1.0952, +1.1120, +1.0862, +1.0875, +1.1095, +1.0770, +1.0780, +1.0675, +1.0843, +1.0711, +1.0759, +1.0884, +1.0941, +1.0872, +1.1085, +1.0983, +1.0985, +1.0998, +1.1127, +1.1040, +1.1316, +1.1304, +1.1173, +1.0890, +1.0884, +1.0992, +1.0758, +1.0804, +1.0759, +1.0842, +1.0642, +1.0601, +1.0777, +1.0766, +1.0830, +1.0899, +1.0915, +1.0804, +1.0476, +1.0928, +1.0851, +1.0594, +1.0490, +1.0620, +1.0866, +1.0785, +1.0829, +1.0997, +1.0943, +1.0979, +1.0715, +1.1015, +1.1212, +1.1120, +1.0989, +1.0956, +1.0849, +1.0981, +1.1251, +1.1117, +1.0968, +1.1056, +1.1044, +1.0881, +1.0726, +1.0984, +1.1019, +1.0976, +1.1222, +1.0775, +1.0897, +1.0643, +1.1006, +1.0954, +1.0870, +1.0983, +1.0863, +1.1101, +1.1070, +1.0642, +1.0544, +1.0731, +1.0635, +1.0565, +1.0705, +1.0689, +1.0550, +1.0596, +1.0695, +1.0431, +1.0389, +1.0296, +1.0512, +1.0585, +1.0491, +1.0395, +1.0433, +1.0531, +1.0501, +1.0366, +1.0425, +1.0498, +1.0645, +1.0497, +1.0296, +1.0555, +1.0478, +1.0420, +1.0506, +1.0487, +1.0334, +1.0339, +1.0409, +1.0865, +1.0646, +1.0475, +1.0609, +1.0559, +1.0657, +1.0670, +1.0501, +1.0219, +1.0240, +1.0442, +1.0424, +1.0456, +1.0386, +1.0441, +1.0432, +1.0341, +1.0767, +1.0636, +1.0450, +1.0541, +1.0477, +1.0532, +1.0425, +1.0425, +1.0381, +1.0352, +1.0620, +1.0612, +1.0817, +1.0566, +1.0584, +1.0454, +1.0495, +1.0742, +1.0622, +1.0474, +1.0464, +1.0422, +1.0285, +1.0371, +1.0600, +1.0411, +1.0376, +1.0380, +1.0085, +1.0199, +1.0095, +1.0173, +1.0208, +0.9976, +1.0098, +1.0409, +1.0080, +0.9986, +0.9939, +1.0206, +1.0244, +1.0156, +0.9894, +1.0095, +1.0364, +1.0242, +1.0182, +1.0251, +1.0314, +1.0235, +1.0334, +1.0203, +1.0365, +1.0054, +1.0170, +1.0241, +1.0400, +1.0311, +1.0168, +1.0168, +1.0072, +1.0153, +1.0327, +0.9985, +1.0161, +1.0260, +1.0046, +0.9929, +1.0170, +1.0301, +1.0161, +0.9863, +1.0130, +1.0024, +1.0041, +0.9967, +0.9999, +1.0052, +1.0044, +0.9759, +0.9969, +1.0163, +1.0067, +1.0033, +1.0150, +0.9946, +0.9982, +0.9962, +0.9953, +0.9802, +0.9974, +0.9902, +0.9992, +0.9897, +0.9762, +0.9659, +0.9951, +0.9956, +0.9668, +0.9752, +0.9801, +0.9506, +0.9762, +0.9604, +0.9728, +0.9725, +0.9658, +0.9709, +0.9682, +0.9587, +0.9419, +0.9603, +0.9535, +0.9366, +0.9421, +0.9373, +0.9244, +0.9273, +0.9404, +0.9413, +0.9399, +0.9089, +0.9351, +0.9254, +0.9260, +0.9405, +0.9298, +0.9120, +0.9269, +0.9361, +0.9372, +0.9434, +0.9356, +0.9266, +0.9503, +0.9559, +0.9530, +0.9530, +0.9321, +0.9325, +0.9225, +0.9359, +0.9222, +0.9366, +0.9525, +0.9461, +0.8988, +0.9119, +0.9278, +0.9409, +0.9163, +0.9226, +0.9147, +0.9026, +0.9107, +0.9037, +0.9233, +0.9052, +0.8957, +0.9148, +0.9023, +0.9019, +0.8942, +0.9165, +0.8992, +0.8803, +0.8847, +0.8763, +0.9074, +0.8920, +0.8798, +0.8923, +0.8952, +0.8923, +0.9054, +0.9121, +0.9114, +0.9061, +0.8839, +0.8790, +0.8900, +0.8925, +0.8879, +0.8655, +0.8848, +0.8949, +0.9131, +0.8824, +0.8753, +0.8962, +0.8754, +0.8970, +0.8789, +0.8564, +0.8993, +0.8610, +0.8715, +0.8750, +0.8688, +0.8673, +0.8656, +0.8579, +0.8755, +0.8770, +0.8691, +0.8655, +0.8527, +0.8642, +0.8598, +0.8316, +0.8331, +0.8711, +0.8589, +0.8539, +0.8516, +0.8718, +0.8611, +0.8440, +0.8640, +0.8511, +0.8580, +0.8276, +0.8502, +0.8427, +0.8669, +0.8137, +0.8586, +0.8477, +0.8707, +0.8445, +0.8548, +0.8338, +0.8469, +0.8372, +0.8577, +0.8609, +0.8529, +0.8489, +0.8441, +0.8354, +0.8361, +0.8467, +0.8447, +0.8360, +0.8544, +0.8403, +0.8390, +0.8511, +0.8263, +0.8450, +0.8420, +0.8529, +0.8387, +0.8525, +0.8412, +0.8318, +0.8370, +0.8257, +0.8360, +0.8205, +0.8042, +0.8240, +0.8297, +0.8306, +0.8418, +0.8137, +0.8028, +0.7951, +0.8013, +0.8108, +0.8188, +0.8064, +0.8087, +0.8329, +0.8281, +0.8049, +0.8355, +0.8122, +0.8272, +0.8163, +0.8036, +0.8054, +0.7914, +0.7904, +0.8082, +0.7890, +0.8017, +0.8202, +0.7970, +0.8093, +0.8013, +0.8048, +0.8004, +0.8187, +0.7810, +0.7821, +0.8137, +0.8086, +0.8037, +0.7939, +0.7817, +0.8041, +0.8042, +0.8105, +0.8001, +0.7992, +0.8026, +0.7985, +0.8306, +0.8032, +0.7968, +0.7838, +0.8117, +0.7945, +0.8003, +0.8092, +0.7965, +0.8137, +0.7814, +0.8002, +0.7869, +0.8076, +0.7969, +0.7791, +0.7872, +0.8094, +0.7990, +0.7954, +0.7906, +0.7890, +0.8080, +0.7927, +0.8155, +0.7827, +0.7827, +0.8169, +0.8180, +0.8092, +0.8099, +0.8247, +0.8023, +0.7940, +0.7939, +0.7990, +0.8197, +0.7996, +0.8065, +0.8265, +0.8165, +0.8193, +0.8322, +0.8195, +0.8209, +0.8410, +0.8375, +0.8097, +0.8359, +0.8376, +0.8068, +0.8297, +0.8204, +0.8125, +0.8295, +0.8004, +0.8292, +0.8312, +0.8135, +0.8173, +0.8250, +0.8340, +0.8261, +0.8177, +0.8239, +0.8252, +0.8576, +0.8404, +0.8397, +0.8335, +0.8249, +0.8425, +0.8407, +0.8370, +0.8310, +0.8463, +0.8443, +0.8388, +0.8533, +0.8331, +0.8582, +0.8210, +0.8236, +0.8256, +0.8380, +0.8397, +0.8508, +0.8155, +0.8349, +0.8523, +0.8436, +0.8342, +0.8369, +0.8534, +0.8457, +0.8239, +0.8185, +0.8156, +0.8558, +0.8489, +0.8586, +0.8498, +0.8551, +0.8508, +0.8396, +0.8382, +0.8488, +0.8440, +0.8444, +0.8219, +0.8399, +0.8440, +0.8250, +0.8290, +0.8346, +0.8476, +0.8340, +0.8378, +0.8279, +0.8340, +0.8384, +0.8396, +0.8505, +0.8326, +0.8505, +0.8534, +0.8474, +0.8412]
              t0_alloc_red: [+0.4735, +0.5051, +0.5051, +0.4268, +0.3484, +0.3110, +0.2449, +0.2338, +0.1639, +0.1375, +0.1937, +0.1963, +0.1524, +0.1896, +0.1394, +0.1086, +0.0995, +0.0813, +0.0725, +0.0583, +0.0542, +0.0676, +0.0412, +0.0486, +0.0606, +0.0411, +0.0381, +0.0481, +0.0344, +0.0664, +0.0789, +0.0765, +0.0779, +0.0851, +0.0951, +0.1396, +0.1551, +0.1085, +0.1207, +0.0786, +0.1078, +0.0660, +0.0992, +0.0713, +0.0589, +0.0919, +0.0930, +0.0902, +0.0461, +0.0533, +0.0619, +0.0676, +0.0954, +0.0909, +0.0934, +0.0990, +0.0654, +0.0787, +0.1258, +0.1222, +0.1031, +0.0784, +0.0684, +0.0841, +0.0837, +0.0622, +0.0577, +0.0547, +0.0526, +0.0624, +0.0459, +0.0402, +0.0553, +0.0477, +0.0622, +0.0641, +0.0405, +0.0469, +0.0734, +0.0572, +0.0645, +0.0356, +0.0476, +0.0455, +0.0417, +0.0323, +0.0322, +0.0301, +0.0458, +0.0389, +0.0429, +0.0611, +0.0521, +0.0449, +0.0492, +0.0658, +0.0529, +0.0710, +0.0952, +0.0741, +0.0816, +0.1096, +0.0844, +0.0913, +0.0671, +0.0862, +0.0758, +0.0640, +0.0811, +0.0818, +0.0912, +0.1169, +0.1120, +0.1000, +0.0775, +0.0713, +0.0935, +0.1286, +0.1197, +0.1032, +0.0973, +0.0879, +0.0969, +0.1414, +0.1158, +0.1504, +0.1472, +0.1365, +0.1437, +0.1453, +0.2085, +0.2859, +0.2880, +0.2221, +0.2814, +0.2639, +0.1884, +0.1946, +0.1915, +0.2121, +0.2221, +0.2450, +0.2310, +0.1967, +0.2660, +0.2157, +0.1888, +0.2328, +0.1984, +0.2048, +0.1946, +0.2372, +0.2293, +0.2202, +0.2478, +0.2863, +0.2547, +0.2833, +0.2454, +0.2628, +0.2864, +0.3041, +0.3386, +0.3299, +0.3426, +0.4155, +0.2936, +0.2723, +0.3125, +0.2602, +0.2908, +0.2864, +0.3150, +0.3500, +0.3420, +0.2523, +0.2215, +0.2888, +0.3261, +0.2350, +0.2578, +0.2420, +0.2043, +0.2067, +0.2016, +0.2224, +0.2865, +0.2678, +0.2721, +0.2407, +0.2327, +0.2233, +0.2110, +0.1666, +0.1518, +0.2401, +0.2320, +0.2510, +0.2624, +0.2337, +0.2229, +0.2984, +0.2312, +0.2780, +0.3097, +0.3451, +0.3115, +0.3423, +0.3095, +0.3034, +0.3161, +0.3232, +0.2772, +0.2052, +0.2253, +0.3359, +0.3450, +0.3809, +0.3662, +0.3398, +0.3633, +0.3285, +0.3106, +0.2947, +0.2969, +0.2902, +0.3232, +0.3572, +0.3396, +0.3111, +0.3002, +0.3241, +0.3916, +0.3699, +0.3848, +0.3928, +0.3676, +0.3891, +0.3671, +0.3448, +0.3051, +0.3051, +0.3536, +0.4398, +0.3439, +0.3555, +0.3257, +0.3049, +0.3400, +0.3196, +0.2944, +0.3316, +0.3191, +0.3138, +0.3608, +0.3018, +0.3362, +0.3498, +0.3708, +0.3528, +0.3823, +0.3751, +0.3279, +0.4201, +0.4021, +0.3585, +0.3083, +0.3004, +0.3850, +0.3882, +0.3799, +0.3917, +0.4514, +0.4550, +0.3792, +0.3472, +0.4402, +0.3494, +0.4403, +0.3894, +0.3850, +0.3341, +0.3692, +0.2963, +0.2899, +0.3466, +0.3671, +0.3685, +0.3749, +0.3176, +0.3852, +0.3466, +0.3294, +0.4336, +0.3969, +0.3958, +0.3991, +0.4373, +0.4113, +0.4027, +0.4034, +0.4215, +0.4639, +0.3672, +0.3839, +0.3960, +0.4340, +0.3734, +0.3715, +0.4612, +0.4276, +0.4486, +0.4227, +0.3951, +0.4110, +0.3750, +0.3476, +0.4423, +0.4431, +0.4274, +0.4654, +0.4170, +0.3927, +0.4453, +0.3712, +0.3417, +0.4338, +0.4065, +0.4060, +0.4068, +0.4875, +0.5272, +0.5013, +0.4402, +0.4397, +0.4805, +0.3582, +0.3490, +0.3754, +0.3921, +0.5071, +0.4494, +0.3950, +0.5115, +0.4606, +0.4180, +0.4434, +0.3646, +0.4877, +0.3962, +0.4007, +0.3742, +0.3632, +0.3348, +0.3204, +0.3161, +0.4392, +0.4034, +0.4290, +0.3922, +0.3994, +0.4205, +0.4773, +0.4608, +0.4569, +0.4001, +0.3577, +0.4676, +0.4294, +0.4282, +0.3706, +0.3820, +0.3938, +0.4118, +0.4216, +0.4473, +0.3714, +0.4383, +0.5102, +0.3475, +0.4393, +0.4703, +0.4493, +0.4043, +0.3561, +0.3798, +0.3932, +0.3833, +0.5006, +0.4121, +0.4375, +0.4686, +0.4561, +0.3891, +0.3565, +0.4160, +0.4192, +0.3660, +0.3771, +0.4011, +0.3787, +0.4706, +0.4097, +0.4465, +0.4257, +0.3857, +0.4162, +0.4991, +0.3989, +0.3955, +0.3468, +0.4193, +0.3906, +0.4149, +0.4349, +0.4234, +0.4605, +0.4264, +0.4123, +0.4552, +0.4394, +0.3969, +0.4023, +0.3953, +0.3972, +0.4736, +0.4639, +0.4392, +0.3912, +0.4654, +0.4365, +0.3916, +0.3740, +0.2691, +0.3677, +0.4065, +0.3786, +0.4397, +0.4026, +0.4329, +0.3537, +0.3137, +0.3936, +0.3733, +0.3551, +0.3635, +0.3481, +0.3856, +0.3795, +0.3295, +0.3630, +0.3842, +0.4045, +0.3794, +0.5127, +0.4133, +0.4551, +0.4297, +0.3624, +0.3048, +0.3781, +0.4228, +0.4142, +0.4267, +0.3916, +0.3545, +0.4565, +0.4105, +0.3658, +0.3858, +0.4138, +0.3925, +0.4387, +0.3641, +0.3860, +0.3419, +0.3351, +0.4325, +0.3498, +0.3568, +0.3683, +0.4076, +0.3542, +0.3863, +0.4164, +0.3840, +0.4965, +0.4007, +0.3910, +0.3585, +0.4250, +0.4899, +0.3933, +0.3669, +0.3966, +0.3517, +0.3552, +0.3035, +0.3417, +0.4201, +0.4603, +0.4338, +0.4431, +0.4701, +0.4136, +0.4418, +0.4503, +0.3681, +0.4056, +0.3580, +0.3441, +0.2914, +0.3550, +0.4585, +0.4327, +0.4400, +0.4283, +0.4696, +0.4220, +0.4591, +0.4109, +0.3883, +0.4451, +0.3740, +0.3776, +0.3984, +0.3803, +0.4070, +0.3718, +0.4171, +0.4112, +0.3871, +0.3694, +0.4012, +0.3669, +0.4671, +0.3953, +0.4579, +0.4231, +0.3775, +0.3935, +0.3696, +0.4213, +0.3756, +0.4796, +0.4103, +0.4156, +0.4102, +0.3606, +0.3553, +0.4542, +0.4062, +0.3887, +0.3503, +0.3940, +0.3253, +0.3685, +0.3365, +0.3586, +0.3278, +0.3316, +0.3152, +0.4007, +0.3926, +0.3829, +0.3877, +0.4441, +0.3700, +0.4393, +0.3915, +0.4178, +0.4048, +0.3447, +0.4003, +0.3715, +0.4327, +0.4370, +0.3497, +0.4220, +0.4008, +0.4439, +0.3920, +0.4152, +0.4122, +0.4007, +0.3673, +0.3830, +0.3849, +0.4072, +0.4086, +0.3489, +0.4571, +0.4462, +0.3952, +0.4151, +0.3563, +0.4002, +0.3577, +0.4697, +0.4173, +0.4122, +0.3780, +0.3222, +0.3062, +0.3678, +0.3527, +0.3800, +0.4485, +0.4246, +0.3620, +0.3856, +0.3640, +0.3531, +0.3710, +0.3790, +0.3518, +0.4608, +0.3781, +0.4097, +0.3867, +0.3818, +0.3176, +0.3585, +0.3022, +0.3960, +0.4515, +0.4326, +0.3610, +0.3802, +0.4965, +0.4244, +0.3812, +0.3424, +0.4625, +0.3942, +0.3518, +0.3238, +0.3750, +0.3550, +0.3798, +0.3789, +0.3999, +0.3863, +0.3435, +0.3609, +0.3688, +0.4085, +0.3472, +0.4208, +0.3561, +0.3452, +0.3456, +0.3621, +0.4132, +0.4445, +0.4413, +0.4107, +0.4234, +0.3736, +0.3587, +0.3675, +0.4133, +0.3725, +0.4073, +0.4938, +0.3359, +0.3545, +0.4506, +0.3729, +0.2999, +0.3482, +0.4634, +0.4185, +0.4635, +0.3989, +0.4058, +0.3319, +0.4677, +0.4305, +0.3564, +0.3800, +0.3683, +0.3393, +0.3775, +0.3716, +0.4472, +0.3650, +0.4109, +0.4795, +0.3425, +0.3869, +0.3761, +0.4136, +0.3589, +0.4323, +0.3871, +0.3812, +0.4095, +0.4407, +0.3523, +0.4116, +0.3547, +0.3900, +0.3889, +0.4923, +0.3801, +0.4979, +0.4047, +0.3794, +0.3412, +0.3948, +0.4205, +0.3719, +0.4371, +0.4151, +0.3896, +0.4088, +0.4004, +0.3198, +0.3411, +0.3943, +0.4441, +0.4479, +0.3466, +0.3846, +0.4173, +0.3808, +0.4389, +0.4046, +0.3681, +0.3632, +0.4008, +0.4085, +0.4092, +0.4394, +0.3952, +0.3363, +0.3903, +0.4110, +0.4054, +0.3439, +0.4149, +0.3416, +0.3585, +0.4324, +0.4004, +0.4175, +0.4348, +0.3507, +0.3679, +0.3912, +0.3811, +0.4008, +0.3755, +0.3695, +0.3988, +0.4171, +0.4492, +0.3926, +0.3724, +0.3672, +0.3638, +0.4236, +0.4066, +0.4119, +0.3888, +0.3271, +0.3855, +0.4409, +0.3844, +0.4015, +0.3894, +0.3346, +0.3901, +0.4214, +0.4320, +0.3850, +0.3905, +0.3865, +0.4086, +0.3982, +0.3938, +0.4440, +0.4519, +0.3388, +0.3617, +0.3221, +0.3929, +0.3924, +0.3855, +0.3817, +0.4444, +0.4011, +0.3724, +0.3953, +0.4460, +0.4283, +0.4681, +0.4040, +0.3968, +0.3939, +0.3146, +0.4119, +0.4500, +0.4046, +0.4089, +0.3094, +0.3833, +0.3970, +0.4488, +0.4338, +0.3395, +0.4154, +0.3270, +0.4316, +0.4150, +0.3938, +0.3099, +0.3649, +0.3960, +0.3729, +0.3430, +0.3576, +0.3505, +0.4081, +0.4432, +0.3426, +0.4502, +0.4650, +0.3987, +0.3817, +0.4341, +0.4025, +0.3545, +0.3906, +0.3506, +0.3928, +0.3851, +0.4500, +0.4292, +0.2975, +0.3788, +0.4280, +0.4331, +0.3845, +0.3667, +0.3932, +0.3531, +0.3954, +0.3750, +0.3625, +0.4047, +0.4670, +0.4482, +0.4034, +0.3620, +0.4330, +0.3744, +0.3314, +0.3887, +0.4234, +0.3810, +0.3084, +0.3178, +0.4390, +0.3766, +0.3418, +0.4319, +0.3469, +0.3667, +0.3945, +0.4038, +0.4485, +0.4206, +0.3839, +0.4656, +0.4057, +0.3835, +0.4242, +0.3694, +0.3521, +0.3694, +0.3320, +0.3828, +0.4843, +0.4302, +0.4403, +0.3363, +0.3484, +0.4069, +0.3817, +0.3753, +0.3931, +0.3514, +0.4851, +0.4195, +0.3970, +0.3397, +0.4608, +0.3316, +0.3791, +0.3921, +0.4222, +0.4159, +0.4245, +0.3712, +0.3940, +0.3698, +0.4224, +0.4069, +0.2961, +0.3564, +0.3354, +0.3842, +0.4366]
             t0_alloc_blue: [+0.5265, +0.4949, +0.4949, +0.5732, +0.6516, +0.6890, +0.7551, +0.7662, +0.8361, +0.8625, +0.8063, +0.8037, +0.8476, +0.8104, +0.8606, +0.8914, +0.9005, +0.9187, +0.9275, +0.9417, +0.9458, +0.9324, +0.9588, +0.9514, +0.9394, +0.9589, +0.9619, +0.9519, +0.9656, +0.9336, +0.9211, +0.9235, +0.9221, +0.9149, +0.9049, +0.8604, +0.8449, +0.8915, +0.8793, +0.9214, +0.8922, +0.9340, +0.9008, +0.9287, +0.9411, +0.9081, +0.9070, +0.9098, +0.9539, +0.9467, +0.9381, +0.9324, +0.9046, +0.9091, +0.9066, +0.9010, +0.9346, +0.9213, +0.8742, +0.8778, +0.8969, +0.9216, +0.9316, +0.9159, +0.9163, +0.9378, +0.9423, +0.9453, +0.9474, +0.9376, +0.9541, +0.9598, +0.9447, +0.9523, +0.9378, +0.9359, +0.9595, +0.9531, +0.9266, +0.9428, +0.9355, +0.9644, +0.9524, +0.9545, +0.9583, +0.9677, +0.9678, +0.9699, +0.9542, +0.9611, +0.9571, +0.9389, +0.9479, +0.9551, +0.9508, +0.9342, +0.9471, +0.9290, +0.9048, +0.9259, +0.9184, +0.8904, +0.9156, +0.9087, +0.9329, +0.9138, +0.9242, +0.9360, +0.9189, +0.9182, +0.9088, +0.8831, +0.8880, +0.9000, +0.9225, +0.9287, +0.9065, +0.8714, +0.8803, +0.8968, +0.9027, +0.9121, +0.9031, +0.8586, +0.8842, +0.8496, +0.8528, +0.8635, +0.8563, +0.8547, +0.7915, +0.7141, +0.7120, +0.7779, +0.7186, +0.7361, +0.8116, +0.8054, +0.8085, +0.7879, +0.7779, +0.7550, +0.7690, +0.8033, +0.7340, +0.7843, +0.8112, +0.7672, +0.8016, +0.7952, +0.8054, +0.7628, +0.7707, +0.7798, +0.7522, +0.7137, +0.7453, +0.7167, +0.7546, +0.7372, +0.7136, +0.6959, +0.6614, +0.6701, +0.6574, +0.5845, +0.7064, +0.7277, +0.6875, +0.7398, +0.7092, +0.7136, +0.6850, +0.6500, +0.6580, +0.7477, +0.7785, +0.7112, +0.6739, +0.7650, +0.7422, +0.7580, +0.7957, +0.7933, +0.7984, +0.7776, +0.7135, +0.7322, +0.7279, +0.7593, +0.7673, +0.7767, +0.7890, +0.8334, +0.8482, +0.7599, +0.7680, +0.7490, +0.7376, +0.7663, +0.7771, +0.7016, +0.7688, +0.7220, +0.6903, +0.6549, +0.6885, +0.6577, +0.6905, +0.6966, +0.6839, +0.6768, +0.7228, +0.7948, +0.7747, +0.6641, +0.6550, +0.6191, +0.6338, +0.6602, +0.6367, +0.6715, +0.6894, +0.7053, +0.7031, +0.7098, +0.6768, +0.6428, +0.6604, +0.6889, +0.6998, +0.6759, +0.6084, +0.6301, +0.6152, +0.6072, +0.6324, +0.6109, +0.6329, +0.6552, +0.6949, +0.6949, +0.6464, +0.5602, +0.6561, +0.6445, +0.6743, +0.6951, +0.6600, +0.6804, +0.7056, +0.6684, +0.6809, +0.6862, +0.6392, +0.6982, +0.6638, +0.6502, +0.6292, +0.6472, +0.6177, +0.6249, +0.6721, +0.5799, +0.5979, +0.6415, +0.6917, +0.6996, +0.6150, +0.6118, +0.6201, +0.6083, +0.5486, +0.5450, +0.6208, +0.6528, +0.5598, +0.6506, +0.5597, +0.6106, +0.6150, +0.6659, +0.6308, +0.7037, +0.7101, +0.6534, +0.6329, +0.6315, +0.6251, +0.6824, +0.6148, +0.6534, +0.6706, +0.5664, +0.6031, +0.6042, +0.6009, +0.5627, +0.5887, +0.5973, +0.5966, +0.5785, +0.5361, +0.6328, +0.6161, +0.6040, +0.5660, +0.6266, +0.6285, +0.5388, +0.5724, +0.5514, +0.5773, +0.6049, +0.5890, +0.6250, +0.6524, +0.5577, +0.5569, +0.5726, +0.5346, +0.5830, +0.6073, +0.5547, +0.6288, +0.6583, +0.5662, +0.5935, +0.5940, +0.5932, +0.5125, +0.4728, +0.4987, +0.5598, +0.5603, +0.5195, +0.6418, +0.6510, +0.6246, +0.6079, +0.4929, +0.5506, +0.6050, +0.4885, +0.5394, +0.5820, +0.5566, +0.6354, +0.5123, +0.6038, +0.5993, +0.6258, +0.6368, +0.6652, +0.6796, +0.6839, +0.5608, +0.5966, +0.5710, +0.6078, +0.6006, +0.5795, +0.5227, +0.5392, +0.5431, +0.5999, +0.6423, +0.5324, +0.5706, +0.5718, +0.6294, +0.6180, +0.6062, +0.5882, +0.5784, +0.5527, +0.6286, +0.5617, +0.4898, +0.6525, +0.5607, +0.5297, +0.5507, +0.5957, +0.6439, +0.6202, +0.6068, +0.6167, +0.4994, +0.5879, +0.5625, +0.5314, +0.5439, +0.6109, +0.6435, +0.5840, +0.5808, +0.6340, +0.6229, +0.5989, +0.6213, +0.5294, +0.5903, +0.5535, +0.5743, +0.6143, +0.5838, +0.5009, +0.6011, +0.6045, +0.6532, +0.5807, +0.6094, +0.5851, +0.5651, +0.5766, +0.5395, +0.5736, +0.5877, +0.5448, +0.5606, +0.6031, +0.5977, +0.6047, +0.6028, +0.5264, +0.5361, +0.5608, +0.6088, +0.5346, +0.5635, +0.6084, +0.6260, +0.7309, +0.6323, +0.5935, +0.6214, +0.5603, +0.5974, +0.5671, +0.6463, +0.6863, +0.6064, +0.6267, +0.6449, +0.6365, +0.6519, +0.6144, +0.6205, +0.6705, +0.6370, +0.6158, +0.5955, +0.6206, +0.4873, +0.5867, +0.5449, +0.5703, +0.6376, +0.6952, +0.6219, +0.5772, +0.5858, +0.5733, +0.6084, +0.6455, +0.5435, +0.5895, +0.6342, +0.6142, +0.5862, +0.6075, +0.5613, +0.6359, +0.6140, +0.6581, +0.6649, +0.5675, +0.6502, +0.6432, +0.6317, +0.5924, +0.6458, +0.6137, +0.5836, +0.6160, +0.5035, +0.5993, +0.6090, +0.6415, +0.5750, +0.5101, +0.6067, +0.6331, +0.6034, +0.6483, +0.6448, +0.6965, +0.6583, +0.5799, +0.5397, +0.5662, +0.5569, +0.5299, +0.5864, +0.5582, +0.5497, +0.6319, +0.5944, +0.6420, +0.6559, +0.7086, +0.6450, +0.5415, +0.5673, +0.5600, +0.5717, +0.5304, +0.5780, +0.5409, +0.5891, +0.6117, +0.5549, +0.6260, +0.6224, +0.6016, +0.6197, +0.5930, +0.6282, +0.5829, +0.5888, +0.6129, +0.6306, +0.5988, +0.6331, +0.5329, +0.6047, +0.5421, +0.5769, +0.6225, +0.6065, +0.6304, +0.5787, +0.6244, +0.5204, +0.5897, +0.5844, +0.5898, +0.6394, +0.6447, +0.5458, +0.5938, +0.6113, +0.6497, +0.6060, +0.6747, +0.6315, +0.6635, +0.6414, +0.6722, +0.6684, +0.6848, +0.5993, +0.6074, +0.6171, +0.6123, +0.5559, +0.6300, +0.5607, +0.6085, +0.5822, +0.5952, +0.6553, +0.5997, +0.6285, +0.5673, +0.5630, +0.6503, +0.5780, +0.5992, +0.5561, +0.6080, +0.5848, +0.5878, +0.5993, +0.6327, +0.6170, +0.6151, +0.5928, +0.5914, +0.6511, +0.5429, +0.5538, +0.6048, +0.5849, +0.6437, +0.5998, +0.6423, +0.5303, +0.5827, +0.5878, +0.6220, +0.6778, +0.6938, +0.6322, +0.6473, +0.6200, +0.5515, +0.5754, +0.6380, +0.6144, +0.6360, +0.6469, +0.6290, +0.6210, +0.6482, +0.5392, +0.6219, +0.5903, +0.6133, +0.6182, +0.6824, +0.6415, +0.6978, +0.6040, +0.5485, +0.5674, +0.6390, +0.6198, +0.5035, +0.5756, +0.6188, +0.6576, +0.5375, +0.6058, +0.6482, +0.6762, +0.6250, +0.6450, +0.6202, +0.6211, +0.6001, +0.6137, +0.6565, +0.6391, +0.6312, +0.5915, +0.6528, +0.5792, +0.6439, +0.6548, +0.6544, +0.6379, +0.5868, +0.5555, +0.5587, +0.5893, +0.5766, +0.6264, +0.6413, +0.6325, +0.5867, +0.6275, +0.5927, +0.5062, +0.6641, +0.6455, +0.5494, +0.6271, +0.7001, +0.6518, +0.5366, +0.5815, +0.5365, +0.6011, +0.5942, +0.6681, +0.5323, +0.5695, +0.6436, +0.6200, +0.6317, +0.6607, +0.6225, +0.6284, +0.5528, +0.6350, +0.5891, +0.5205, +0.6575, +0.6131, +0.6239, +0.5864, +0.6411, +0.5677, +0.6129, +0.6188, +0.5905, +0.5593, +0.6477, +0.5884, +0.6453, +0.6100, +0.6111, +0.5077, +0.6199, +0.5021, +0.5953, +0.6206, +0.6588, +0.6052, +0.5795, +0.6281, +0.5629, +0.5849, +0.6104, +0.5912, +0.5996, +0.6802, +0.6589, +0.6057, +0.5559, +0.5521, +0.6534, +0.6154, +0.5827, +0.6192, +0.5611, +0.5954, +0.6319, +0.6368, +0.5992, +0.5915, +0.5908, +0.5606, +0.6048, +0.6637, +0.6097, +0.5890, +0.5946, +0.6561, +0.5851, +0.6584, +0.6415, +0.5676, +0.5996, +0.5825, +0.5652, +0.6493, +0.6321, +0.6088, +0.6189, +0.5992, +0.6245, +0.6305, +0.6012, +0.5829, +0.5508, +0.6074, +0.6276, +0.6328, +0.6362, +0.5764, +0.5934, +0.5881, +0.6112, +0.6729, +0.6145, +0.5591, +0.6156, +0.5985, +0.6106, +0.6654, +0.6099, +0.5786, +0.5680, +0.6150, +0.6095, +0.6135, +0.5914, +0.6018, +0.6062, +0.5560, +0.5481, +0.6612, +0.6383, +0.6779, +0.6071, +0.6076, +0.6145, +0.6183, +0.5556, +0.5989, +0.6276, +0.6047, +0.5540, +0.5717, +0.5319, +0.5960, +0.6032, +0.6061, +0.6854, +0.5881, +0.5500, +0.5954, +0.5911, +0.6906, +0.6167, +0.6030, +0.5512, +0.5662, +0.6605, +0.5846, +0.6730, +0.5684, +0.5850, +0.6062, +0.6901, +0.6351, +0.6040, +0.6271, +0.6570, +0.6424, +0.6495, +0.5919, +0.5568, +0.6574, +0.5498, +0.5350, +0.6013, +0.6183, +0.5659, +0.5975, +0.6455, +0.6094, +0.6494, +0.6072, +0.6149, +0.5500, +0.5708, +0.7025, +0.6212, +0.5720, +0.5669, +0.6155, +0.6333, +0.6068, +0.6469, +0.6046, +0.6250, +0.6375, +0.5953, +0.5330, +0.5518, +0.5966, +0.6380, +0.5670, +0.6256, +0.6686, +0.6113, +0.5766, +0.6190, +0.6916, +0.6822, +0.5610, +0.6234, +0.6582, +0.5681, +0.6531, +0.6333, +0.6055, +0.5962, +0.5515, +0.5794, +0.6161, +0.5344, +0.5943, +0.6165, +0.5758, +0.6306, +0.6479, +0.6306, +0.6680, +0.6172, +0.5157, +0.5698, +0.5597, +0.6637, +0.6516, +0.5931, +0.6183, +0.6247, +0.6069, +0.6486, +0.5149, +0.5805, +0.6030, +0.6603, +0.5392, +0.6684, +0.6209, +0.6079, +0.5778, +0.5841, +0.5755, +0.6288, +0.6060, +0.6302, +0.5776, +0.5931, +0.7039, +0.6436, +0.6646, +0.6158, +0.5634]
[main] saved params (seed 0) -> /juice6/u/jshe/emergent_partner_grid/train/train_logs/v1_balanced_training/counterbalanced1096_20261007_001529_seeds6to10/mlp_diverse_influence_seed7.safetensors
[main] saved resolved config -> /juice6/u/jshe/emergent_partner_grid/train/train_logs/v1_balanced_training/counterbalanced1096_20261007_001529_seeds6to10/mlp_diverse_influence_seed7_config.json
[sampling audit] /juice6/u/jshe/emergent_partner_grid/train/train_logs/v1_balanced_training/counterbalanced1096_20261007_001529_seeds6to10/mlp_diverse_influence_seed7_sampling_audit.json
[eval] train: layouts_dir=/juice6/u/jshe/emergent_partner_grid/train/run_snapshots/counterbalanced1096_20261002_235609/corpus/layouts/train, 20 episodes/cap × 24 capability pairs...
[eval] train: round_success_overall=0.986  (n_rounds=9600)
    cap=(1,4)  succ=0.993  n_rounds=400
    cap=(1,7)  succ=0.993  n_rounds=400
    cap=(1,8)  succ=0.990  n_rounds=400
    cap=(1,9)  succ=0.975  n_rounds=400
    cap=(2,4)  succ=0.998  n_rounds=400
    cap=(2,7)  succ=0.988  n_rounds=400
    cap=(2,8)  succ=0.983  n_rounds=400
    cap=(2,9)  succ=0.967  n_rounds=400
    cap=(3,4)  succ=1.000  n_rounds=400
    cap=(3,7)  succ=0.985  n_rounds=400
    cap=(3,8)  succ=0.993  n_rounds=400
    cap=(3,9)  succ=0.978  n_rounds=400
    cap=(4,1)  succ=0.998  n_rounds=400
    cap=(4,2)  succ=0.998  n_rounds=400
    cap=(4,3)  succ=0.995  n_rounds=400
    cap=(7,1)  succ=0.993  n_rounds=400
    cap=(7,2)  succ=0.998  n_rounds=400
    cap=(7,3)  succ=0.990  n_rounds=400
    cap=(8,1)  succ=0.988  n_rounds=400
    cap=(8,2)  succ=0.985  n_rounds=400
    cap=(8,3)  succ=0.988  n_rounds=400
    cap=(9,1)  succ=0.970  n_rounds=400
    cap=(9,2)  succ=0.960  n_rounds=400
    cap=(9,3)  succ=0.967  n_rounds=400
[eval] test: layouts_dir=/juice6/u/jshe/emergent_partner_grid/train/run_snapshots/counterbalanced1096_20261002_235609/corpus/layouts/train, 20 episodes/cap × 22 capability pairs...
[eval] test: round_success_overall=0.989  (n_rounds=8800)
    cap=(0,5)  succ=0.983  n_rounds=400
    cap=(0,6)  succ=0.995  n_rounds=400
    cap=(1,5)  succ=0.998  n_rounds=400
    cap=(1,6)  succ=1.000  n_rounds=400
    cap=(2,5)  succ=0.995  n_rounds=400
    cap=(2,6)  succ=0.990  n_rounds=400
    cap=(3,5)  succ=1.000  n_rounds=400
    cap=(3,6)  succ=0.993  n_rounds=400
    cap=(7,0)  succ=0.988  n_rounds=400
    cap=(8,0)  succ=0.990  n_rounds=400
    cap=(9,0)  succ=0.980  n_rounds=400
    cap=(5,0)  succ=0.995  n_rounds=400
    cap=(5,1)  succ=0.993  n_rounds=400
    cap=(5,2)  succ=0.995  n_rounds=400
    cap=(5,3)  succ=0.998  n_rounds=400
    cap=(6,0)  succ=0.993  n_rounds=400
    cap=(6,1)  succ=0.990  n_rounds=400
    cap=(6,2)  succ=0.993  n_rounds=400
    cap=(6,3)  succ=0.990  n_rounds=400
    cap=(0,7)  succ=0.980  n_rounds=400
    cap=(0,8)  succ=0.975  n_rounds=400
    cap=(0,9)  succ=0.942  n_rounds=400
[eval] wrote per-capability / per-round numbers -> /juice6/u/jshe/emergent_partner_grid/train/train_logs/v1_balanced_training/counterbalanced1096_20261007_001529_seeds6to10/mlp_diverse_influence_seed7_eval.json
