[main] compiling and running 1 seed(s)...
[counterbalanced schedule] {'sampling_protocol': 'paired_counterbalanced_v1', 'seed': 2026, 'n_layouts': 1096, 'n_profiles': 24, 'rounds_per_episode': 20, 'passes_per_cycle': 5, 'episodes_per_profile_per_cycle': 274, 'rounds_per_cycle': 131520, 'visits_per_profile_layout_per_cycle': 5, 'packets': 125218, 'preallocated_episodes': 3005232, 'preallocated_rounds': 60104640, 'maximum_allocated_episode_imbalance_at_any_prefix': 1}
[u    1] env=    65536 rsucc=0.404 n_rounds=  664 ret=+0.000 len= 0.0 ent(t0,t>=1)=(0.693,1.609) aL=-0.0002 vL=0.0239 t0=[red=0.48 blue=0.52]
[u    2] env=   131072 rsucc=0.360 n_rounds=  794 ret=+0.000 len= 0.0 ent(t0,t>=1)=(0.687,1.603) aL=-0.0019 vL=0.0216 t0=[red=0.46 blue=0.54]
[u    3] env=   196608 rsucc=0.362 n_rounds=  778 ret=+0.000 len= 0.0 ent(t0,t>=1)=(0.655,1.589) aL=-0.0012 vL=0.0193 t0=[red=0.38 blue=0.62]
[u    4] env=   262144 rsucc=0.377 n_rounds=  800 ret=+0.000 len= 0.0 ent(t0,t>=1)=(0.606,1.586) aL=-0.0008 vL=0.0206 t0=[red=0.32 blue=0.68]
[u    5] env=   327680 rsucc=0.360 n_rounds=  783 ret=+0.147 len=1231.0 ent(t0,t>=1)=(0.595,1.567) aL=-0.0013 vL=0.0181 t0=[red=0.28 blue=0.72]
[u    6] env=   393216 rsucc=0.365 n_rounds=  769 ret=-4.610 len=1464.7 ent(t0,t>=1)=(0.586,1.570) aL=-0.0011 vL=0.0174 t0=[red=0.31 blue=0.69]
[u    7] env=   458752 rsucc=0.332 n_rounds=  783 ret=-9.642 len=1685.5 ent(t0,t>=1)=(0.570,1.570) aL=-0.0011 vL=0.0178 t0=[red=0.24 blue=0.76]
[u    8] env=   524288 rsucc=0.374 n_rounds=  800 ret=-13.855 len=1850.6 ent(t0,t>=1)=(0.595,1.566) aL=-0.0000 vL=0.0198 t0=[red=0.27 blue=0.73]
[u    9] env=   589824 rsucc=0.391 n_rounds=  791 ret=+0.000 len= 0.0 ent(t0,t>=1)=(0.610,1.577) aL=-0.0006 vL=0.0194 t0=[red=0.26 blue=0.74]
[u   10] env=   655360 rsucc=0.441 n_rounds=  809 ret=+0.000 len= 0.0 ent(t0,t>=1)=(0.639,1.575) aL=-0.0019 vL=0.0211 t0=[red=0.33 blue=0.67]
[u   11] env=   720896 rsucc=0.364 n_rounds=  783 ret=-5.865 len=1546.0 ent(t0,t>=1)=(0.687,1.564) aL=-0.0014 vL=0.0173 t0=[red=0.35 blue=0.65]
[u   12] env=   786432 rsucc=0.411 n_rounds=  813 ret=-5.592 len=1522.9 ent(t0,t>=1)=(0.690,1.557) aL=-0.0027 vL=0.0213 t0=[red=0.51 blue=0.49]
[u   13] env=   851968 rsucc=0.448 n_rounds=  858 ret=-6.688 len=1562.9 ent(t0,t>=1)=(0.690,1.548) aL=-0.0048 vL=0.0267 t0=[red=0.47 blue=0.53]
[u   14] env=   917504 rsucc=0.525 n_rounds=  864 ret=-9.526 len=1685.5 ent(t0,t>=1)=(0.688,1.525) aL=-0.0043 vL=0.0282 t0=[red=0.54 blue=0.46]
[u   15] env=   983040 rsucc=0.642 n_rounds=  939 ret=-12.287 len=1801.0 ent(t0,t>=1)=(0.685,1.495) aL=-0.0036 vL=0.0326 t0=[red=0.49 blue=0.51]
[u   16] env=  1048576 rsucc=0.641 n_rounds=  947 ret=+0.000 len= 0.0 ent(t0,t>=1)=(0.687,1.454) aL=-0.0035 vL=0.0312 t0=[red=0.54 blue=0.46]
[u   17] env=  1114112 rsucc=0.626 n_rounds=  933 ret=+1.458 len=1258.1 ent(t0,t>=1)=(0.680,1.453) aL=-0.0025 vL=0.0292 t0=[red=0.49 blue=0.51]
[u   18] env=  1179648 rsucc=0.629 n_rounds=  933 ret=-0.301 len=1346.2 ent(t0,t>=1)=(0.668,1.461) aL=-0.0030 vL=0.0300 t0=[red=0.46 blue=0.54]
[u   19] env=  1245184 rsucc=0.636 n_rounds=  957 ret=-1.919 len=1434.1 ent(t0,t>=1)=(0.670,1.465) aL=-0.0018 vL=0.0317 t0=[red=0.43 blue=0.57]
[u   20] env=  1310720 rsucc=0.677 n_rounds=  968 ret=-3.996 len=1517.7 ent(t0,t>=1)=(0.687,1.457) aL=-0.0029 vL=0.0314 t0=[red=0.45 blue=0.55]
[u   21] env=  1376256 rsucc=0.647 n_rounds=  964 ret=-6.459 len=1577.3 ent(t0,t>=1)=(0.670,1.424) aL=-0.0025 vL=0.0319 t0=[red=0.50 blue=0.50]
[u   22] env=  1441792 rsucc=0.615 n_rounds=  933 ret=+4.068 len=1131.5 ent(t0,t>=1)=(0.673,1.430) aL=-0.0024 vL=0.0290 t0=[red=0.56 blue=0.44]
[u   23] env=  1507328 rsucc=0.642 n_rounds=  929 ret=+1.807 len=1268.4 ent(t0,t>=1)=(0.657,1.410) aL=-0.0024 vL=0.0285 t0=[red=0.53 blue=0.47]
[u   24] env=  1572864 rsucc=0.637 n_rounds=  941 ret=+0.151 len=1346.8 ent(t0,t>=1)=(0.655,1.408) aL=-0.0027 vL=0.0297 t0=[red=0.53 blue=0.47]
[u   25] env=  1638400 rsucc=0.569 n_rounds=  909 ret=-2.583 len=1450.5 ent(t0,t>=1)=(0.670,1.409) aL=-0.0028 vL=0.0274 t0=[red=0.57 blue=0.43]
[u   26] env=  1703936 rsucc=0.647 n_rounds=  982 ret=-4.067 len=1517.7 ent(t0,t>=1)=(0.662,1.412) aL=-0.0034 vL=0.0313 t0=[red=0.56 blue=0.44]
[u   27] env=  1769472 rsucc=0.664 n_rounds=  949 ret=-1.928 len=1455.2 ent(t0,t>=1)=(0.662,1.409) aL=-0.0032 vL=0.0309 t0=[red=0.48 blue=0.52]
[u   28] env=  1835008 rsucc=0.682 n_rounds=  965 ret=+1.018 len=1293.9 ent(t0,t>=1)=(0.657,1.411) aL=-0.0022 vL=0.0328 t0=[red=0.45 blue=0.55]
[u   29] env=  1900544 rsucc=0.704 n_rounds=  976 ret=+0.482 len=1324.8 ent(t0,t>=1)=(0.646,1.389) aL=-0.0023 vL=0.0326 t0=[red=0.42 blue=0.58]
[u   30] env=  1966080 rsucc=0.660 n_rounds=  961 ret=-1.437 len=1413.1 ent(t0,t>=1)=(0.649,1.391) aL=-0.0033 vL=0.0310 t0=[red=0.47 blue=0.53]
[u   31] env=  2031616 rsucc=0.637 n_rounds=  945 ret=-0.316 len=1365.1 ent(t0,t>=1)=(0.647,1.394) aL=-0.0028 vL=0.0295 t0=[red=0.47 blue=0.53]
[u   32] env=  2097152 rsucc=0.653 n_rounds=  957 ret=+0.392 len=1332.7 ent(t0,t>=1)=(0.651,1.407) aL=-0.0019 vL=0.0304 t0=[red=0.49 blue=0.51]
[u   33] env=  2162688 rsucc=0.653 n_rounds=  959 ret=+1.381 len=1297.3 ent(t0,t>=1)=(0.636,1.402) aL=-0.0028 vL=0.0304 t0=[red=0.45 blue=0.55]
[u   34] env=  2228224 rsucc=0.649 n_rounds=  963 ret=-0.310 len=1354.1 ent(t0,t>=1)=(0.635,1.405) aL=-0.0036 vL=0.0288 t0=[red=0.55 blue=0.45]
[u   35] env=  2293760 rsucc=0.680 n_rounds=  964 ret=-0.966 len=1388.2 ent(t0,t>=1)=(0.642,1.407) aL=-0.0026 vL=0.0316 t0=[red=0.51 blue=0.49]
[u   36] env=  2359296 rsucc=0.659 n_rounds=  984 ret=-1.309 len=1402.0 ent(t0,t>=1)=(0.631,1.379) aL=-0.0032 vL=0.0317 t0=[red=0.50 blue=0.50]
[u   37] env=  2424832 rsucc=0.627 n_rounds=  959 ret=-1.177 len=1399.6 ent(t0,t>=1)=(0.616,1.393) aL=-0.0027 vL=0.0297 t0=[red=0.47 blue=0.53]
[u   38] env=  2490368 rsucc=0.698 n_rounds= 1001 ret=+0.155 len=1345.6 ent(t0,t>=1)=(0.597,1.415) aL=-0.0028 vL=0.0310 t0=[red=0.51 blue=0.49]
[u   39] env=  2555904 rsucc=0.678 n_rounds=  965 ret=+0.434 len=1327.3 ent(t0,t>=1)=(0.605,1.381) aL=-0.0031 vL=0.0308 t0=[red=0.55 blue=0.45]
[u   40] env=  2621440 rsucc=0.618 n_rounds=  940 ret=+1.496 len=1286.8 ent(t0,t>=1)=(0.623,1.378) aL=-0.0022 vL=0.0288 t0=[red=0.57 blue=0.43]
[u   41] env=  2686976 rsucc=0.667 n_rounds=  974 ret=-1.261 len=1392.0 ent(t0,t>=1)=(0.643,1.406) aL=-0.0030 vL=0.0293 t0=[red=0.55 blue=0.45]
[u   42] env=  2752512 rsucc=0.672 n_rounds=  960 ret=-1.455 len=1424.0 ent(t0,t>=1)=(0.649,1.410) aL=-0.0035 vL=0.0296 t0=[red=0.53 blue=0.47]
[u   43] env=  2818048 rsucc=0.684 n_rounds=  992 ret=-0.477 len=1365.3 ent(t0,t>=1)=(0.649,1.410) aL=-0.0031 vL=0.0316 t0=[red=0.55 blue=0.45]
[u   44] env=  2883584 rsucc=0.716 n_rounds= 1008 ret=-0.179 len=1330.9 ent(t0,t>=1)=(0.645,1.402) aL=-0.0031 vL=0.0328 t0=[red=0.54 blue=0.46]
[u   45] env=  2949120 rsucc=0.651 n_rounds=  950 ret=+1.270 len=1301.1 ent(t0,t>=1)=(0.649,1.397) aL=-0.0026 vL=0.0302 t0=[red=0.49 blue=0.51]
[u   46] env=  3014656 rsucc=0.631 n_rounds=  953 ret=+0.324 len=1364.2 ent(t0,t>=1)=(0.649,1.404) aL=-0.0028 vL=0.0290 t0=[red=0.50 blue=0.50]
[u   47] env=  3080192 rsucc=0.656 n_rounds=  946 ret=+0.699 len=1318.9 ent(t0,t>=1)=(0.639,1.413) aL=-0.0028 vL=0.0302 t0=[red=0.50 blue=0.50]
[u   48] env=  3145728 rsucc=0.651 n_rounds=  995 ret=-1.249 len=1379.3 ent(t0,t>=1)=(0.639,1.387) aL=-0.0029 vL=0.0323 t0=[red=0.54 blue=0.46]
[u   49] env=  3211264 rsucc=0.662 n_rounds=  974 ret=+0.675 len=1328.4 ent(t0,t>=1)=(0.630,1.380) aL=-0.0026 vL=0.0309 t0=[red=0.52 blue=0.48]
[u   50] env=  3276800 rsucc=0.722 n_rounds= 1027 ret=+0.653 len=1303.2 ent(t0,t>=1)=(0.618,1.380) aL=-0.0040 vL=0.0342 t0=[red=0.49 blue=0.51]
[u   51] env=  3342336 rsucc=0.669 n_rounds=  965 ret=-0.983 len=1381.7 ent(t0,t>=1)=(0.598,1.369) aL=-0.0041 vL=0.0295 t0=[red=0.45 blue=0.55]
[u   52] env=  3407872 rsucc=0.626 n_rounds=  954 ret=-0.797 len=1367.9 ent(t0,t>=1)=(0.615,1.371) aL=-0.0039 vL=0.0293 t0=[red=0.41 blue=0.59]
[u   53] env=  3473408 rsucc=0.691 n_rounds=  987 ret=-0.355 len=1382.2 ent(t0,t>=1)=(0.612,1.358) aL=-0.0029 vL=0.0318 t0=[red=0.44 blue=0.56]
[u   54] env=  3538944 rsucc=0.692 n_rounds= 1009 ret=+1.198 len=1310.0 ent(t0,t>=1)=(0.602,1.354) aL=-0.0037 vL=0.0333 t0=[red=0.43 blue=0.57]
[u   55] env=  3604480 rsucc=0.644 n_rounds=  983 ret=+0.311 len=1320.6 ent(t0,t>=1)=(0.625,1.357) aL=-0.0033 vL=0.0305 t0=[red=0.45 blue=0.55]
[u   56] env=  3670016 rsucc=0.617 n_rounds=  959 ret=+0.570 len=1315.2 ent(t0,t>=1)=(0.616,1.333) aL=-0.0037 vL=0.0293 t0=[red=0.52 blue=0.48]
[u   57] env=  3735552 rsucc=0.644 n_rounds=  980 ret=-1.224 len=1376.9 ent(t0,t>=1)=(0.600,1.331) aL=-0.0031 vL=0.0298 t0=[red=0.50 blue=0.50]
[u   58] env=  3801088 rsucc=0.674 n_rounds=  996 ret=-0.160 len=1336.4 ent(t0,t>=1)=(0.584,1.330) aL=-0.0023 vL=0.0315 t0=[red=0.54 blue=0.46]
[u   59] env=  3866624 rsucc=0.682 n_rounds= 1005 ret=+0.436 len=1291.0 ent(t0,t>=1)=(0.576,1.348) aL=-0.0035 vL=0.0322 t0=[red=0.55 blue=0.45]
[u   60] env=  3932160 rsucc=0.654 n_rounds=  966 ret=+0.370 len=1307.7 ent(t0,t>=1)=(0.576,1.368) aL=-0.0021 vL=0.0301 t0=[red=0.48 blue=0.52]
[u   61] env=  3997696 rsucc=0.623 n_rounds=  936 ret=+1.725 len=1273.1 ent(t0,t>=1)=(0.561,1.354) aL=-0.0030 vL=0.0279 t0=[red=0.55 blue=0.45]
[u   62] env=  4063232 rsucc=0.683 n_rounds= 1003 ret=+0.054 len=1346.4 ent(t0,t>=1)=(0.559,1.339) aL=-0.0030 vL=0.0305 t0=[red=0.51 blue=0.49]
[u   63] env=  4128768 rsucc=0.642 n_rounds=  966 ret=-0.045 len=1357.9 ent(t0,t>=1)=(0.566,1.353) aL=-0.0030 vL=0.0296 t0=[red=0.53 blue=0.47]
[u   64] env=  4194304 rsucc=0.692 n_rounds= 1045 ret=+0.315 len=1303.9 ent(t0,t>=1)=(0.563,1.312) aL=-0.0022 vL=0.0347 t0=[red=0.52 blue=0.48]
[u   65] env=  4259840 rsucc=0.724 n_rounds= 1086 ret=-0.261 len=1337.5 ent(t0,t>=1)=(0.553,1.315) aL=-0.0025 vL=0.0353 t0=[red=0.55 blue=0.45]
[u   66] env=  4325376 rsucc=0.720 n_rounds= 1058 ret=+0.979 len=1290.1 ent(t0,t>=1)=(0.579,1.339) aL=-0.0046 vL=0.0344 t0=[red=0.50 blue=0.50]
[u   67] env=  4390912 rsucc=0.701 n_rounds= 1038 ret=+0.052 len=1317.1 ent(t0,t>=1)=(0.569,1.336) aL=-0.0027 vL=0.0326 t0=[red=0.50 blue=0.50]
[u   68] env=  4456448 rsucc=0.644 n_rounds=  951 ret=-0.179 len=1333.3 ent(t0,t>=1)=(0.551,1.313) aL=-0.0034 vL=0.0286 t0=[red=0.52 blue=0.48]
[u   69] env=  4521984 rsucc=0.682 n_rounds= 1006 ret=+2.037 len=1252.3 ent(t0,t>=1)=(0.587,1.358) aL=-0.0027 vL=0.0314 t0=[red=0.54 blue=0.46]
[u   70] env=  4587520 rsucc=0.705 n_rounds= 1017 ret=+2.255 len=1248.8 ent(t0,t>=1)=(0.584,1.364) aL=-0.0031 vL=0.0324 t0=[red=0.52 blue=0.48]
[u   71] env=  4653056 rsucc=0.642 n_rounds=  976 ret=+0.323 len=1309.1 ent(t0,t>=1)=(0.596,1.359) aL=-0.0030 vL=0.0294 t0=[red=0.55 blue=0.45]
[u   72] env=  4718592 rsucc=0.658 n_rounds=  972 ret=+0.017 len=1331.1 ent(t0,t>=1)=(0.562,1.333) aL=-0.0034 vL=0.0312 t0=[red=0.46 blue=0.54]
[u   73] env=  4784128 rsucc=0.700 n_rounds= 1030 ret=-0.341 len=1337.9 ent(t0,t>=1)=(0.551,1.347) aL=-0.0031 vL=0.0327 t0=[red=0.60 blue=0.40]
[u   74] env=  4849664 rsucc=0.691 n_rounds=  978 ret=+0.910 len=1284.3 ent(t0,t>=1)=(0.551,1.333) aL=-0.0034 vL=0.0307 t0=[red=0.61 blue=0.39]
[u   75] env=  4915200 rsucc=0.665 n_rounds= 1003 ret=+1.261 len=1284.3 ent(t0,t>=1)=(0.553,1.358) aL=-0.0036 vL=0.0325 t0=[red=0.56 blue=0.44]
[u   76] env=  4980736 rsucc=0.659 n_rounds=  981 ret=-0.203 len=1360.4 ent(t0,t>=1)=(0.550,1.344) aL=-0.0042 vL=0.0310 t0=[red=0.53 blue=0.47]
[u   77] env=  5046272 rsucc=0.628 n_rounds=  958 ret=-0.200 len=1340.9 ent(t0,t>=1)=(0.569,1.347) aL=-0.0030 vL=0.0296 t0=[red=0.49 blue=0.51]
[u   78] env=  5111808 rsucc=0.652 n_rounds=  979 ret=+0.427 len=1321.8 ent(t0,t>=1)=(0.568,1.335) aL=-0.0037 vL=0.0300 t0=[red=0.49 blue=0.51]
[u   79] env=  5177344 rsucc=0.652 n_rounds=  976 ret=+0.269 len=1347.8 ent(t0,t>=1)=(0.594,1.338) aL=-0.0033 vL=0.0304 t0=[red=0.55 blue=0.45]
[u   80] env=  5242880 rsucc=0.643 n_rounds=  989 ret=+0.200 len=1314.4 ent(t0,t>=1)=(0.550,1.336) aL=-0.0030 vL=0.0315 t0=[red=0.57 blue=0.43]
[u   81] env=  5308416 rsucc=0.669 n_rounds=  984 ret=-0.333 len=1344.8 ent(t0,t>=1)=(0.562,1.314) aL=-0.0031 vL=0.0317 t0=[red=0.50 blue=0.50]
[u   82] env=  5373952 rsucc=0.681 n_rounds= 1033 ret=-0.030 len=1321.3 ent(t0,t>=1)=(0.551,1.299) aL=-0.0037 vL=0.0318 t0=[red=0.52 blue=0.48]
[u   83] env=  5439488 rsucc=0.686 n_rounds= 1002 ret=-0.700 len=1359.7 ent(t0,t>=1)=(0.565,1.319) aL=-0.0032 vL=0.0310 t0=[red=0.48 blue=0.52]
[u   84] env=  5505024 rsucc=0.707 n_rounds= 1044 ret=-0.690 len=1338.4 ent(t0,t>=1)=(0.554,1.284) aL=-0.0031 vL=0.0329 t0=[red=0.46 blue=0.54]
[u   85] env=  5570560 rsucc=0.664 n_rounds=  995 ret=+0.921 len=1290.0 ent(t0,t>=1)=(0.576,1.302) aL=-0.0033 vL=0.0310 t0=[red=0.53 blue=0.47]
[u   86] env=  5636096 rsucc=0.660 n_rounds= 1006 ret=+0.525 len=1305.5 ent(t0,t>=1)=(0.551,1.331) aL=-0.0031 vL=0.0305 t0=[red=0.56 blue=0.44]
[u   87] env=  5701632 rsucc=0.670 n_rounds=  992 ret=+0.450 len=1319.7 ent(t0,t>=1)=(0.526,1.289) aL=-0.0030 vL=0.0312 t0=[red=0.52 blue=0.48]
[u   88] env=  5767168 rsucc=0.665 n_rounds= 1002 ret=+0.521 len=1285.4 ent(t0,t>=1)=(0.516,1.299) aL=-0.0031 vL=0.0314 t0=[red=0.51 blue=0.49]
[u   89] env=  5832704 rsucc=0.670 n_rounds= 1016 ret=+0.675 len=1288.1 ent(t0,t>=1)=(0.530,1.330) aL=-0.0029 vL=0.0307 t0=[red=0.48 blue=0.52]
[u   90] env=  5898240 rsucc=0.662 n_rounds=  978 ret=+2.216 len=1237.1 ent(t0,t>=1)=(0.540,1.299) aL=-0.0040 vL=0.0308 t0=[red=0.51 blue=0.49]
[u   91] env=  5963776 rsucc=0.667 n_rounds=  991 ret=+1.683 len=1275.2 ent(t0,t>=1)=(0.539,1.300) aL=-0.0038 vL=0.0322 t0=[red=0.48 blue=0.52]
[u   92] env=  6029312 rsucc=0.669 n_rounds= 1007 ret=+0.584 len=1296.1 ent(t0,t>=1)=(0.526,1.297) aL=-0.0034 vL=0.0321 t0=[red=0.44 blue=0.56]
[u   93] env=  6094848 rsucc=0.649 n_rounds=  997 ret=+0.105 len=1324.0 ent(t0,t>=1)=(0.560,1.290) aL=-0.0033 vL=0.0321 t0=[red=0.43 blue=0.57]
[u   94] env=  6160384 rsucc=0.690 n_rounds= 1010 ret=-0.542 len=1349.0 ent(t0,t>=1)=(0.549,1.302) aL=-0.0039 vL=0.0327 t0=[red=0.41 blue=0.59]
[u   95] env=  6225920 rsucc=0.620 n_rounds= 1001 ret=-0.307 len=1329.8 ent(t0,t>=1)=(0.541,1.288) aL=-0.0029 vL=0.0322 t0=[red=0.50 blue=0.50]
[u   96] env=  6291456 rsucc=0.680 n_rounds= 1032 ret=-1.232 len=1372.9 ent(t0,t>=1)=(0.503,1.257) aL=-0.0037 vL=0.0329 t0=[red=0.50 blue=0.50]
[u   97] env=  6356992 rsucc=0.719 n_rounds= 1048 ret=-0.408 len=1335.1 ent(t0,t>=1)=(0.528,1.276) aL=-0.0047 vL=0.0338 t0=[red=0.53 blue=0.47]
[u   98] env=  6422528 rsucc=0.668 n_rounds=  966 ret=+2.270 len=1222.8 ent(t0,t>=1)=(0.556,1.284) aL=-0.0035 vL=0.0284 t0=[red=0.52 blue=0.48]
[u   99] env=  6488064 rsucc=0.641 n_rounds= 1014 ret=+1.993 len=1227.6 ent(t0,t>=1)=(0.566,1.308) aL=-0.0037 vL=0.0309 t0=[red=0.57 blue=0.43]
[u  100] env=  6553600 rsucc=0.703 n_rounds= 1029 ret=+0.431 len=1299.8 ent(t0,t>=1)=(0.569,1.297) aL=-0.0036 vL=0.0342 t0=[red=0.57 blue=0.43]
[u  101] env=  6619136 rsucc=0.692 n_rounds= 1040 ret=+1.107 len=1275.9 ent(t0,t>=1)=(0.570,1.269) aL=-0.0030 vL=0.0352 t0=[red=0.58 blue=0.42]
[u  102] env=  6684672 rsucc=0.648 n_rounds=  974 ret=+0.848 len=1307.4 ent(t0,t>=1)=(0.544,1.265) aL=-0.0030 vL=0.0313 t0=[red=0.56 blue=0.44]
[u  103] env=  6750208 rsucc=0.639 n_rounds=  987 ret=-0.060 len=1339.5 ent(t0,t>=1)=(0.547,1.298) aL=-0.0037 vL=0.0304 t0=[red=0.56 blue=0.44]
[u  104] env=  6815744 rsucc=0.675 n_rounds= 1039 ret=+0.659 len=1274.6 ent(t0,t>=1)=(0.532,1.275) aL=-0.0031 vL=0.0317 t0=[red=0.61 blue=0.39]
[u  105] env=  6881280 rsucc=0.692 n_rounds= 1003 ret=+0.717 len=1291.8 ent(t0,t>=1)=(0.510,1.268) aL=-0.0034 vL=0.0335 t0=[red=0.64 blue=0.36]
[u  106] env=  6946816 rsucc=0.653 n_rounds=  994 ret=-0.084 len=1321.4 ent(t0,t>=1)=(0.541,1.284) aL=-0.0042 vL=0.0325 t0=[red=0.56 blue=0.44]
[u  107] env=  7012352 rsucc=0.672 n_rounds= 1027 ret=+0.050 len=1325.1 ent(t0,t>=1)=(0.508,1.251) aL=-0.0030 vL=0.0325 t0=[red=0.51 blue=0.49]
[u  108] env=  7077888 rsucc=0.677 n_rounds= 1054 ret=+1.138 len=1264.5 ent(t0,t>=1)=(0.529,1.271) aL=-0.0037 vL=0.0334 t0=[red=0.57 blue=0.43]
[u  109] env=  7143424 rsucc=0.740 n_rounds= 1012 ret=+1.490 len=1257.6 ent(t0,t>=1)=(0.537,1.265) aL=-0.0028 vL=0.0331 t0=[red=0.55 blue=0.45]
[u  110] env=  7208960 rsucc=0.694 n_rounds= 1033 ret=+1.300 len=1254.8 ent(t0,t>=1)=(0.535,1.265) aL=-0.0038 vL=0.0346 t0=[red=0.52 blue=0.48]
[u  111] env=  7274496 rsucc=0.684 n_rounds= 1024 ret=+0.128 len=1332.8 ent(t0,t>=1)=(0.570,1.262) aL=-0.0037 vL=0.0331 t0=[red=0.51 blue=0.49]
[u  112] env=  7340032 rsucc=0.691 n_rounds= 1010 ret=+2.135 len=1242.8 ent(t0,t>=1)=(0.586,1.290) aL=-0.0036 vL=0.0321 t0=[red=0.53 blue=0.47]
[u  113] env=  7405568 rsucc=0.655 n_rounds=  998 ret=+1.669 len=1269.2 ent(t0,t>=1)=(0.561,1.270) aL=-0.0035 vL=0.0308 t0=[red=0.54 blue=0.46]
[u  114] env=  7471104 rsucc=0.709 n_rounds= 1063 ret=+1.836 len=1262.4 ent(t0,t>=1)=(0.510,1.219) aL=-0.0040 vL=0.0336 t0=[red=0.61 blue=0.39]
[u  115] env=  7536640 rsucc=0.691 n_rounds= 1023 ret=+2.265 len=1219.2 ent(t0,t>=1)=(0.542,1.255) aL=-0.0040 vL=0.0314 t0=[red=0.54 blue=0.46]
[u  116] env=  7602176 rsucc=0.667 n_rounds=  980 ret=+0.868 len=1293.6 ent(t0,t>=1)=(0.518,1.252) aL=-0.0034 vL=0.0307 t0=[red=0.57 blue=0.43]
[u  117] env=  7667712 rsucc=0.655 n_rounds= 1007 ret=+1.304 len=1259.3 ent(t0,t>=1)=(0.466,1.246) aL=-0.0032 vL=0.0292 t0=[red=0.57 blue=0.43]
[u  118] env=  7733248 rsucc=0.626 n_rounds=  929 ret=-0.318 len=1341.1 ent(t0,t>=1)=(0.444,1.249) aL=-0.0031 vL=0.0284 t0=[red=0.65 blue=0.35]
[u  119] env=  7798784 rsucc=0.664 n_rounds= 1025 ret=+0.149 len=1326.1 ent(t0,t>=1)=(0.463,1.235) aL=-0.0042 vL=0.0338 t0=[red=0.64 blue=0.36]
[u  120] env=  7864320 rsucc=0.677 n_rounds= 1020 ret=+0.785 len=1279.6 ent(t0,t>=1)=(0.472,1.247) aL=-0.0037 vL=0.0321 t0=[red=0.63 blue=0.37]
[u  121] env=  7929856 rsucc=0.675 n_rounds= 1010 ret=-0.016 len=1332.7 ent(t0,t>=1)=(0.518,1.269) aL=-0.0037 vL=0.0316 t0=[red=0.61 blue=0.39]
[u  122] env=  7995392 rsucc=0.700 n_rounds= 1040 ret=+0.207 len=1312.5 ent(t0,t>=1)=(0.547,1.234) aL=-0.0042 vL=0.0331 t0=[red=0.54 blue=0.46]
[u  123] env=  8060928 rsucc=0.658 n_rounds= 1014 ret=-0.783 len=1333.6 ent(t0,t>=1)=(0.520,1.258) aL=-0.0039 vL=0.0322 t0=[red=0.61 blue=0.39]
[u  124] env=  8126464 rsucc=0.706 n_rounds= 1066 ret=-0.395 len=1350.5 ent(t0,t>=1)=(0.520,1.226) aL=-0.0041 vL=0.0340 t0=[red=0.58 blue=0.42]
[u  125] env=  8192000 rsucc=0.674 n_rounds= 1032 ret=+0.904 len=1273.9 ent(t0,t>=1)=(0.521,1.233) aL=-0.0032 vL=0.0325 t0=[red=0.55 blue=0.45]
[u  126] env=  8257536 rsucc=0.662 n_rounds=  991 ret=+1.014 len=1288.4 ent(t0,t>=1)=(0.517,1.216) aL=-0.0038 vL=0.0305 t0=[red=0.52 blue=0.48]
[u  127] env=  8323072 rsucc=0.600 n_rounds=  982 ret=+0.978 len=1265.7 ent(t0,t>=1)=(0.519,1.257) aL=-0.0033 vL=0.0299 t0=[red=0.56 blue=0.44]
[u  128] env=  8388608 rsucc=0.697 n_rounds= 1054 ret=+1.360 len=1243.1 ent(t0,t>=1)=(0.494,1.236) aL=-0.0034 vL=0.0355 t0=[red=0.58 blue=0.42]
[u  129] env=  8454144 rsucc=0.750 n_rounds= 1064 ret=+0.886 len=1274.9 ent(t0,t>=1)=(0.512,1.251) aL=-0.0033 vL=0.0351 t0=[red=0.55 blue=0.45]
[u  130] env=  8519680 rsucc=0.696 n_rounds= 1055 ret=+2.021 len=1231.8 ent(t0,t>=1)=(0.445,1.236) aL=-0.0033 vL=0.0328 t0=[red=0.62 blue=0.38]
[u  131] env=  8585216 rsucc=0.673 n_rounds=  992 ret=+0.986 len=1285.8 ent(t0,t>=1)=(0.513,1.282) aL=-0.0040 vL=0.0321 t0=[red=0.58 blue=0.42]
[u  132] env=  8650752 rsucc=0.632 n_rounds=  978 ret=+1.625 len=1269.3 ent(t0,t>=1)=(0.520,1.263) aL=-0.0043 vL=0.0294 t0=[red=0.51 blue=0.49]
[u  133] env=  8716288 rsucc=0.640 n_rounds=  967 ret=+2.312 len=1222.7 ent(t0,t>=1)=(0.510,1.269) aL=-0.0038 vL=0.0303 t0=[red=0.43 blue=0.57]
[u  134] env=  8781824 rsucc=0.698 n_rounds= 1027 ret=+0.043 len=1315.0 ent(t0,t>=1)=(0.500,1.263) aL=-0.0042 vL=0.0320 t0=[red=0.50 blue=0.50]
[u  135] env=  8847360 rsucc=0.665 n_rounds=  995 ret=-0.327 len=1338.1 ent(t0,t>=1)=(0.510,1.253) aL=-0.0045 vL=0.0301 t0=[red=0.53 blue=0.47]
[u  136] env=  8912896 rsucc=0.704 n_rounds= 1061 ret=+0.513 len=1327.2 ent(t0,t>=1)=(0.499,1.253) aL=-0.0036 vL=0.0340 t0=[red=0.45 blue=0.55]
[u  137] env=  8978432 rsucc=0.767 n_rounds= 1119 ret=+0.340 len=1325.1 ent(t0,t>=1)=(0.451,1.234) aL=-0.0040 vL=0.0377 t0=[red=0.47 blue=0.53]
[u  138] env=  9043968 rsucc=0.689 n_rounds= 1050 ret=+2.567 len=1202.6 ent(t0,t>=1)=(0.459,1.246) aL=-0.0042 vL=0.0328 t0=[red=0.53 blue=0.47]
[u  139] env=  9109504 rsucc=0.623 n_rounds=  974 ret=+1.702 len=1226.5 ent(t0,t>=1)=(0.460,1.232) aL=-0.0033 vL=0.0296 t0=[red=0.58 blue=0.42]
[u  140] env=  9175040 rsucc=0.690 n_rounds= 1063 ret=+1.188 len=1260.3 ent(t0,t>=1)=(0.390,1.231) aL=-0.0037 vL=0.0332 t0=[red=0.56 blue=0.44]
[u  141] env=  9240576 rsucc=0.745 n_rounds= 1096 ret=+1.801 len=1238.4 ent(t0,t>=1)=(0.452,1.271) aL=-0.0041 vL=0.0358 t0=[red=0.53 blue=0.47]
[u  142] env=  9306112 rsucc=0.677 n_rounds= 1018 ret=+1.156 len=1249.8 ent(t0,t>=1)=(0.454,1.262) aL=-0.0041 vL=0.0324 t0=[red=0.55 blue=0.45]
[u  143] env=  9371648 rsucc=0.697 n_rounds= 1036 ret=+1.781 len=1238.4 ent(t0,t>=1)=(0.457,1.245) aL=-0.0043 vL=0.0312 t0=[red=0.50 blue=0.50]
[u  144] env=  9437184 rsucc=0.679 n_rounds= 1029 ret=+1.096 len=1270.7 ent(t0,t>=1)=(0.454,1.264) aL=-0.0033 vL=0.0316 t0=[red=0.56 blue=0.44]
[u  145] env=  9502720 rsucc=0.688 n_rounds= 1026 ret=+2.515 len=1244.3 ent(t0,t>=1)=(0.469,1.235) aL=-0.0032 vL=0.0328 t0=[red=0.52 blue=0.48]
[u  146] env=  9568256 rsucc=0.685 n_rounds= 1033 ret=+1.705 len=1264.5 ent(t0,t>=1)=(0.416,1.210) aL=-0.0053 vL=0.0337 t0=[red=0.50 blue=0.50]
[u  147] env=  9633792 rsucc=0.678 n_rounds= 1019 ret=+0.386 len=1289.8 ent(t0,t>=1)=(0.411,1.256) aL=-0.0042 vL=0.0332 t0=[red=0.50 blue=0.50]
[u  148] env=  9699328 rsucc=0.662 n_rounds= 1014 ret=-0.968 len=1343.1 ent(t0,t>=1)=(0.438,1.236) aL=-0.0033 vL=0.0314 t0=[red=0.58 blue=0.42]
[u  149] env=  9764864 rsucc=0.659 n_rounds= 1040 ret=+0.395 len=1294.6 ent(t0,t>=1)=(0.444,1.236) aL=-0.0038 vL=0.0323 t0=[red=0.52 blue=0.48]
[u  150] env=  9830400 rsucc=0.675 n_rounds= 1002 ret=+0.920 len=1257.8 ent(t0,t>=1)=(0.467,1.247) aL=-0.0039 vL=0.0315 t0=[red=0.49 blue=0.51]
[u  151] env=  9895936 rsucc=0.724 n_rounds= 1053 ret=+0.694 len=1299.1 ent(t0,t>=1)=(0.483,1.237) aL=-0.0032 vL=0.0358 t0=[red=0.54 blue=0.46]
[u  152] env=  9961472 rsucc=0.709 n_rounds= 1072 ret=+2.032 len=1249.9 ent(t0,t>=1)=(0.451,1.198) aL=-0.0032 vL=0.0347 t0=[red=0.55 blue=0.45]
[u  153] env= 10027008 rsucc=0.698 n_rounds= 1031 ret=+1.995 len=1232.8 ent(t0,t>=1)=(0.464,1.203) aL=-0.0044 vL=0.0326 t0=[red=0.54 blue=0.46]
[u  154] env= 10092544 rsucc=0.718 n_rounds= 1037 ret=+2.099 len=1241.4 ent(t0,t>=1)=(0.438,1.230) aL=-0.0037 vL=0.0316 t0=[red=0.53 blue=0.47]
[u  155] env= 10158080 rsucc=0.660 n_rounds=  996 ret=+2.181 len=1223.8 ent(t0,t>=1)=(0.461,1.252) aL=-0.0039 vL=0.0297 t0=[red=0.47 blue=0.53]
[u  156] env= 10223616 rsucc=0.698 n_rounds= 1047 ret=+1.924 len=1255.3 ent(t0,t>=1)=(0.420,1.201) aL=-0.0029 vL=0.0324 t0=[red=0.46 blue=0.54]
[u  157] env= 10289152 rsucc=0.714 n_rounds= 1076 ret=+0.511 len=1305.9 ent(t0,t>=1)=(0.435,1.187) aL=-0.0037 vL=0.0346 t0=[red=0.57 blue=0.43]
[u  158] env= 10354688 rsucc=0.743 n_rounds= 1070 ret=+0.876 len=1278.0 ent(t0,t>=1)=(0.455,1.205) aL=-0.0040 vL=0.0342 t0=[red=0.54 blue=0.46]
[u  159] env= 10420224 rsucc=0.696 n_rounds= 1012 ret=+1.093 len=1260.7 ent(t0,t>=1)=(0.397,1.206) aL=-0.0034 vL=0.0315 t0=[red=0.58 blue=0.42]
[u  160] env= 10485760 rsucc=0.647 n_rounds=  995 ret=+1.810 len=1262.7 ent(t0,t>=1)=(0.449,1.199) aL=-0.0035 vL=0.0306 t0=[red=0.58 blue=0.42]
[u  161] env= 10551296 rsucc=0.707 n_rounds= 1046 ret=+1.706 len=1270.0 ent(t0,t>=1)=(0.448,1.229) aL=-0.0042 vL=0.0336 t0=[red=0.60 blue=0.40]
[u  162] env= 10616832 rsucc=0.705 n_rounds= 1050 ret=+1.135 len=1274.5 ent(t0,t>=1)=(0.426,1.233) aL=-0.0046 vL=0.0325 t0=[red=0.57 blue=0.43]
[u  163] env= 10682368 rsucc=0.702 n_rounds= 1052 ret=+1.792 len=1264.0 ent(t0,t>=1)=(0.451,1.219) aL=-0.0032 vL=0.0336 t0=[red=0.61 blue=0.39]
[u  164] env= 10747904 rsucc=0.709 n_rounds= 1056 ret=+0.967 len=1292.1 ent(t0,t>=1)=(0.456,1.204) aL=-0.0037 vL=0.0353 t0=[red=0.58 blue=0.42]
[u  165] env= 10813440 rsucc=0.743 n_rounds= 1105 ret=+1.749 len=1231.1 ent(t0,t>=1)=(0.411,1.206) aL=-0.0046 vL=0.0360 t0=[red=0.59 blue=0.41]
[u  166] env= 10878976 rsucc=0.688 n_rounds= 1048 ret=+2.515 len=1205.4 ent(t0,t>=1)=(0.407,1.188) aL=-0.0037 vL=0.0319 t0=[red=0.66 blue=0.34]
[u  167] env= 10944512 rsucc=0.708 n_rounds= 1059 ret=+2.275 len=1232.9 ent(t0,t>=1)=(0.386,1.176) aL=-0.0036 vL=0.0341 t0=[red=0.59 blue=0.41]
[u  168] env= 11010048 rsucc=0.730 n_rounds= 1089 ret=+1.691 len=1263.3 ent(t0,t>=1)=(0.344,1.138) aL=-0.0035 vL=0.0355 t0=[red=0.54 blue=0.46]
[u  169] env= 11075584 rsucc=0.707 n_rounds= 1046 ret=+2.337 len=1210.6 ent(t0,t>=1)=(0.372,1.167) aL=-0.0037 vL=0.0321 t0=[red=0.59 blue=0.41]
[u  170] env= 11141120 rsucc=0.731 n_rounds= 1080 ret=+1.740 len=1251.0 ent(t0,t>=1)=(0.420,1.171) aL=-0.0030 vL=0.0333 t0=[red=0.55 blue=0.45]
[u  171] env= 11206656 rsucc=0.733 n_rounds= 1112 ret=+3.019 len=1178.0 ent(t0,t>=1)=(0.398,1.163) aL=-0.0046 vL=0.0366 t0=[red=0.56 blue=0.44]
[u  172] env= 11272192 rsucc=0.723 n_rounds= 1100 ret=+3.160 len=1173.8 ent(t0,t>=1)=(0.377,1.174) aL=-0.0040 vL=0.0361 t0=[red=0.58 blue=0.42]
[u  173] env= 11337728 rsucc=0.688 n_rounds= 1032 ret=+2.783 len=1208.5 ent(t0,t>=1)=(0.410,1.182) aL=-0.0041 vL=0.0308 t0=[red=0.55 blue=0.45]
[u  174] env= 11403264 rsucc=0.696 n_rounds= 1056 ret=+2.047 len=1228.1 ent(t0,t>=1)=(0.404,1.205) aL=-0.0038 vL=0.0331 t0=[red=0.57 blue=0.43]
[u  175] env= 11468800 rsucc=0.671 n_rounds= 1011 ret=+1.515 len=1258.4 ent(t0,t>=1)=(0.421,1.191) aL=-0.0032 vL=0.0308 t0=[red=0.63 blue=0.37]
[u  176] env= 11534336 rsucc=0.714 n_rounds= 1059 ret=+2.779 len=1187.9 ent(t0,t>=1)=(0.407,1.195) aL=-0.0037 vL=0.0322 t0=[red=0.63 blue=0.37]
[u  177] env= 11599872 rsucc=0.716 n_rounds= 1074 ret=+1.751 len=1229.2 ent(t0,t>=1)=(0.431,1.245) aL=-0.0052 vL=0.0353 t0=[red=0.55 blue=0.45]
[u  178] env= 11665408 rsucc=0.713 n_rounds= 1037 ret=+1.956 len=1252.1 ent(t0,t>=1)=(0.444,1.229) aL=-0.0041 vL=0.0333 t0=[red=0.55 blue=0.45]
[u  179] env= 11730944 rsucc=0.675 n_rounds= 1008 ret=+1.451 len=1257.5 ent(t0,t>=1)=(0.430,1.221) aL=-0.0036 vL=0.0297 t0=[red=0.58 blue=0.42]
[u  180] env= 11796480 rsucc=0.699 n_rounds= 1033 ret=+1.522 len=1264.6 ent(t0,t>=1)=(0.435,1.221) aL=-0.0044 vL=0.0315 t0=[red=0.60 blue=0.40]
[u  181] env= 11862016 rsucc=0.731 n_rounds= 1046 ret=+1.790 len=1258.5 ent(t0,t>=1)=(0.428,1.202) aL=-0.0041 vL=0.0333 t0=[red=0.53 blue=0.47]
[u  182] env= 11927552 rsucc=0.681 n_rounds= 1043 ret=+0.765 len=1302.8 ent(t0,t>=1)=(0.420,1.211) aL=-0.0042 vL=0.0341 t0=[red=0.58 blue=0.42]
[u  183] env= 11993088 rsucc=0.719 n_rounds= 1054 ret=+1.344 len=1247.3 ent(t0,t>=1)=(0.403,1.204) aL=-0.0032 vL=0.0338 t0=[red=0.58 blue=0.42]
[u  184] env= 12058624 rsucc=0.711 n_rounds= 1070 ret=+2.622 len=1223.4 ent(t0,t>=1)=(0.456,1.191) aL=-0.0039 vL=0.0328 t0=[red=0.57 blue=0.43]
[u  185] env= 12124160 rsucc=0.734 n_rounds= 1077 ret=+1.135 len=1276.8 ent(t0,t>=1)=(0.481,1.200) aL=-0.0035 vL=0.0322 t0=[red=0.60 blue=0.40]
[u  186] env= 12189696 rsucc=0.654 n_rounds=  994 ret=+1.817 len=1244.6 ent(t0,t>=1)=(0.486,1.207) aL=-0.0035 vL=0.0300 t0=[red=0.56 blue=0.44]
[u  187] env= 12255232 rsucc=0.687 n_rounds= 1066 ret=+1.864 len=1237.7 ent(t0,t>=1)=(0.461,1.211) aL=-0.0036 vL=0.0334 t0=[red=0.49 blue=0.51]
[u  188] env= 12320768 rsucc=0.729 n_rounds= 1048 ret=+2.249 len=1236.1 ent(t0,t>=1)=(0.452,1.212) aL=-0.0034 vL=0.0338 t0=[red=0.48 blue=0.52]
[u  189] env= 12386304 rsucc=0.737 n_rounds= 1085 ret=+2.834 len=1190.9 ent(t0,t>=1)=(0.420,1.211) aL=-0.0041 vL=0.0354 t0=[red=0.51 blue=0.49]
[u  190] env= 12451840 rsucc=0.742 n_rounds= 1118 ret=+0.884 len=1300.4 ent(t0,t>=1)=(0.410,1.178) aL=-0.0046 vL=0.0349 t0=[red=0.49 blue=0.51]
[u  191] env= 12517376 rsucc=0.716 n_rounds= 1096 ret=+1.848 len=1252.7 ent(t0,t>=1)=(0.394,1.178) aL=-0.0032 vL=0.0360 t0=[red=0.55 blue=0.45]
[u  192] env= 12582912 rsucc=0.721 n_rounds= 1110 ret=+2.473 len=1198.7 ent(t0,t>=1)=(0.387,1.183) aL=-0.0041 vL=0.0366 t0=[red=0.57 blue=0.43]
[u  193] env= 12648448 rsucc=0.738 n_rounds= 1127 ret=+2.489 len=1210.8 ent(t0,t>=1)=(0.411,1.188) aL=-0.0039 vL=0.0377 t0=[red=0.63 blue=0.37]
[u  194] env= 12713984 rsucc=0.718 n_rounds= 1066 ret=+2.652 len=1193.1 ent(t0,t>=1)=(0.409,1.174) aL=-0.0034 vL=0.0344 t0=[red=0.56 blue=0.44]
[u  195] env= 12779520 rsucc=0.720 n_rounds= 1061 ret=+1.848 len=1235.0 ent(t0,t>=1)=(0.410,1.161) aL=-0.0034 vL=0.0340 t0=[red=0.59 blue=0.41]
[u  196] env= 12845056 rsucc=0.690 n_rounds= 1038 ret=+3.445 len=1166.1 ent(t0,t>=1)=(0.427,1.188) aL=-0.0030 vL=0.0331 t0=[red=0.54 blue=0.46]
[u  197] env= 12910592 rsucc=0.705 n_rounds= 1067 ret=+2.572 len=1201.7 ent(t0,t>=1)=(0.415,1.162) aL=-0.0040 vL=0.0325 t0=[red=0.50 blue=0.50]
[u  198] env= 12976128 rsucc=0.694 n_rounds= 1025 ret=+2.962 len=1204.6 ent(t0,t>=1)=(0.429,1.207) aL=-0.0042 vL=0.0314 t0=[red=0.53 blue=0.47]
[u  199] env= 13041664 rsucc=0.707 n_rounds= 1110 ret=+2.315 len=1250.6 ent(t0,t>=1)=(0.412,1.193) aL=-0.0040 vL=0.0386 t0=[red=0.60 blue=0.40]
[u  200] env= 13107200 rsucc=0.775 n_rounds= 1117 ret=+0.874 len=1259.3 ent(t0,t>=1)=(0.415,1.166) aL=-0.0045 vL=0.0379 t0=[red=0.57 blue=0.43]
[u  201] env= 13172736 rsucc=0.722 n_rounds= 1066 ret=+1.231 len=1252.2 ent(t0,t>=1)=(0.444,1.186) aL=-0.0032 vL=0.0333 t0=[red=0.53 blue=0.47]
[u  202] env= 13238272 rsucc=0.715 n_rounds= 1053 ret=+2.258 len=1215.1 ent(t0,t>=1)=(0.411,1.186) aL=-0.0042 vL=0.0343 t0=[red=0.51 blue=0.49]
[u  203] env= 13303808 rsucc=0.712 n_rounds= 1078 ret=+2.510 len=1213.5 ent(t0,t>=1)=(0.359,1.135) aL=-0.0037 vL=0.0347 t0=[red=0.47 blue=0.53]
[u  204] env= 13369344 rsucc=0.708 n_rounds= 1055 ret=+2.732 len=1198.9 ent(t0,t>=1)=(0.347,1.152) aL=-0.0043 vL=0.0318 t0=[red=0.51 blue=0.49]
[u  205] env= 13434880 rsucc=0.672 n_rounds= 1041 ret=+3.921 len=1180.2 ent(t0,t>=1)=(0.395,1.180) aL=-0.0036 vL=0.0330 t0=[red=0.56 blue=0.44]
[u  206] env= 13500416 rsucc=0.701 n_rounds= 1061 ret=+1.845 len=1234.8 ent(t0,t>=1)=(0.364,1.197) aL=-0.0041 vL=0.0329 t0=[red=0.59 blue=0.41]
[u  207] env= 13565952 rsucc=0.698 n_rounds= 1029 ret=+0.950 len=1258.4 ent(t0,t>=1)=(0.311,1.169) aL=-0.0038 vL=0.0316 t0=[red=0.62 blue=0.38]
[u  208] env= 13631488 rsucc=0.667 n_rounds= 1016 ret=+1.569 len=1257.1 ent(t0,t>=1)=(0.305,1.154) aL=-0.0036 vL=0.0329 t0=[red=0.61 blue=0.39]
[u  209] env= 13697024 rsucc=0.718 n_rounds= 1088 ret=+1.048 len=1279.6 ent(t0,t>=1)=(0.368,1.174) aL=-0.0034 vL=0.0334 t0=[red=0.57 blue=0.43]
[u  210] env= 13762560 rsucc=0.677 n_rounds= 1039 ret=+2.822 len=1162.6 ent(t0,t>=1)=(0.346,1.173) aL=-0.0040 vL=0.0327 t0=[red=0.53 blue=0.47]
[u  211] env= 13828096 rsucc=0.714 n_rounds= 1074 ret=+1.827 len=1243.7 ent(t0,t>=1)=(0.380,1.182) aL=-0.0035 vL=0.0338 t0=[red=0.44 blue=0.56]
[u  212] env= 13893632 rsucc=0.699 n_rounds= 1055 ret=+0.598 len=1281.8 ent(t0,t>=1)=(0.370,1.168) aL=-0.0035 vL=0.0325 t0=[red=0.49 blue=0.51]
[u  213] env= 13959168 rsucc=0.697 n_rounds= 1073 ret=+1.315 len=1254.8 ent(t0,t>=1)=(0.381,1.184) aL=-0.0032 vL=0.0344 t0=[red=0.51 blue=0.49]
[u  214] env= 14024704 rsucc=0.726 n_rounds= 1101 ret=+1.716 len=1237.7 ent(t0,t>=1)=(0.380,1.178) aL=-0.0039 vL=0.0347 t0=[red=0.57 blue=0.43]
[u  215] env= 14090240 rsucc=0.746 n_rounds= 1095 ret=+2.895 len=1199.6 ent(t0,t>=1)=(0.406,1.148) aL=-0.0037 vL=0.0347 t0=[red=0.53 blue=0.47]
[u  216] env= 14155776 rsucc=0.699 n_rounds= 1035 ret=+2.920 len=1192.5 ent(t0,t>=1)=(0.425,1.201) aL=-0.0036 vL=0.0318 t0=[red=0.42 blue=0.58]
[u  217] env= 14221312 rsucc=0.691 n_rounds= 1067 ret=+1.797 len=1234.3 ent(t0,t>=1)=(0.411,1.172) aL=-0.0037 vL=0.0343 t0=[red=0.52 blue=0.48]
[u  218] env= 14286848 rsucc=0.725 n_rounds= 1091 ret=+2.866 len=1202.7 ent(t0,t>=1)=(0.370,1.145) aL=-0.0036 vL=0.0360 t0=[red=0.54 blue=0.46]
[u  219] env= 14352384 rsucc=0.733 n_rounds= 1112 ret=+1.466 len=1250.2 ent(t0,t>=1)=(0.335,1.074) aL=-0.0036 vL=0.0373 t0=[red=0.62 blue=0.38]
[u  220] env= 14417920 rsucc=0.732 n_rounds= 1111 ret=+2.441 len=1191.5 ent(t0,t>=1)=(0.353,1.147) aL=-0.0037 vL=0.0349 t0=[red=0.57 blue=0.43]
[u  221] env= 14483456 rsucc=0.697 n_rounds= 1057 ret=+2.254 len=1207.4 ent(t0,t>=1)=(0.377,1.122) aL=-0.0045 vL=0.0319 t0=[red=0.55 blue=0.45]
[u  222] env= 14548992 rsucc=0.713 n_rounds= 1086 ret=+2.190 len=1212.1 ent(t0,t>=1)=(0.358,1.123) aL=-0.0035 vL=0.0362 t0=[red=0.58 blue=0.42]
[u  223] env= 14614528 rsucc=0.732 n_rounds= 1132 ret=+2.036 len=1225.5 ent(t0,t>=1)=(0.345,1.141) aL=-0.0046 vL=0.0368 t0=[red=0.65 blue=0.35]
[u  224] env= 14680064 rsucc=0.721 n_rounds= 1098 ret=+3.164 len=1164.9 ent(t0,t>=1)=(0.308,1.163) aL=-0.0037 vL=0.0331 t0=[red=0.60 blue=0.40]
[u  225] env= 14745600 rsucc=0.682 n_rounds= 1051 ret=+2.636 len=1213.0 ent(t0,t>=1)=(0.338,1.172) aL=-0.0039 vL=0.0347 t0=[red=0.59 blue=0.41]
[u  226] env= 14811136 rsucc=0.702 n_rounds= 1091 ret=+2.675 len=1190.2 ent(t0,t>=1)=(0.305,1.175) aL=-0.0042 vL=0.0374 t0=[red=0.66 blue=0.34]
[u  227] env= 14876672 rsucc=0.732 n_rounds= 1094 ret=+3.097 len=1158.7 ent(t0,t>=1)=(0.328,1.171) aL=-0.0045 vL=0.0356 t0=[red=0.69 blue=0.31]
[u  228] env= 14942208 rsucc=0.691 n_rounds= 1021 ret=+1.702 len=1252.6 ent(t0,t>=1)=(0.332,1.150) aL=-0.0037 vL=0.0326 t0=[red=0.68 blue=0.32]
[u  229] env= 15007744 rsucc=0.695 n_rounds= 1078 ret=+2.133 len=1208.2 ent(t0,t>=1)=(0.395,1.141) aL=-0.0039 vL=0.0344 t0=[red=0.64 blue=0.36]
[u  230] env= 15073280 rsucc=0.741 n_rounds= 1110 ret=+2.348 len=1195.1 ent(t0,t>=1)=(0.369,1.170) aL=-0.0032 vL=0.0370 t0=[red=0.57 blue=0.43]
[u  231] env= 15138816 rsucc=0.712 n_rounds= 1054 ret=+2.133 len=1226.4 ent(t0,t>=1)=(0.354,1.148) aL=-0.0039 vL=0.0335 t0=[red=0.59 blue=0.41]
[u  232] env= 15204352 rsucc=0.693 n_rounds= 1030 ret=+2.262 len=1227.8 ent(t0,t>=1)=(0.374,1.185) aL=-0.0036 vL=0.0300 t0=[red=0.54 blue=0.46]
[u  233] env= 15269888 rsucc=0.652 n_rounds= 1057 ret=+1.614 len=1254.4 ent(t0,t>=1)=(0.332,1.168) aL=-0.0035 vL=0.0338 t0=[red=0.56 blue=0.44]
[u  234] env= 15335424 rsucc=0.720 n_rounds= 1073 ret=+1.341 len=1262.2 ent(t0,t>=1)=(0.343,1.165) aL=-0.0038 vL=0.0354 t0=[red=0.55 blue=0.45]
[u  235] env= 15400960 rsucc=0.702 n_rounds= 1025 ret=+2.520 len=1194.3 ent(t0,t>=1)=(0.353,1.159) aL=-0.0034 vL=0.0319 t0=[red=0.63 blue=0.37]
[u  236] env= 15466496 rsucc=0.660 n_rounds= 1031 ret=+1.439 len=1252.5 ent(t0,t>=1)=(0.402,1.168) aL=-0.0045 vL=0.0305 t0=[red=0.49 blue=0.51]
[u  237] env= 15532032 rsucc=0.726 n_rounds= 1107 ret=+1.771 len=1222.2 ent(t0,t>=1)=(0.381,1.184) aL=-0.0045 vL=0.0390 t0=[red=0.51 blue=0.49]
[u  238] env= 15597568 rsucc=0.802 n_rounds= 1186 ret=+0.361 len=1299.0 ent(t0,t>=1)=(0.324,1.144) aL=-0.0046 vL=0.0391 t0=[red=0.61 blue=0.39]
[u  239] env= 15663104 rsucc=0.749 n_rounds= 1096 ret=+2.532 len=1218.5 ent(t0,t>=1)=(0.388,1.136) aL=-0.0042 vL=0.0365 t0=[red=0.54 blue=0.46]
[u  240] env= 15728640 rsucc=0.718 n_rounds= 1095 ret=+3.051 len=1177.3 ent(t0,t>=1)=(0.343,1.137) aL=-0.0041 vL=0.0337 t0=[red=0.59 blue=0.41]
[u  241] env= 15794176 rsucc=0.682 n_rounds= 1050 ret=+3.089 len=1177.7 ent(t0,t>=1)=(0.376,1.153) aL=-0.0046 vL=0.0311 t0=[red=0.50 blue=0.50]
[u  242] env= 15859712 rsucc=0.696 n_rounds= 1038 ret=+3.323 len=1177.2 ent(t0,t>=1)=(0.392,1.146) aL=-0.0040 vL=0.0337 t0=[red=0.53 blue=0.47]
[u  243] env= 15925248 rsucc=0.692 n_rounds= 1051 ret=+2.776 len=1216.0 ent(t0,t>=1)=(0.409,1.159) aL=-0.0043 vL=0.0331 t0=[red=0.51 blue=0.49]
[u  244] env= 15990784 rsucc=0.756 n_rounds= 1139 ret=+2.082 len=1227.3 ent(t0,t>=1)=(0.376,1.120) aL=-0.0040 vL=0.0386 t0=[red=0.56 blue=0.44]
[u  245] env= 16056320 rsucc=0.761 n_rounds= 1187 ret=+2.665 len=1190.5 ent(t0,t>=1)=(0.351,1.087) aL=-0.0043 vL=0.0388 t0=[red=0.60 blue=0.40]
[u  246] env= 16121856 rsucc=0.750 n_rounds= 1138 ret=+1.812 len=1224.0 ent(t0,t>=1)=(0.358,1.132) aL=-0.0037 vL=0.0364 t0=[red=0.60 blue=0.40]
[u  247] env= 16187392 rsucc=0.736 n_rounds= 1093 ret=+4.857 len=1101.1 ent(t0,t>=1)=(0.378,1.153) aL=-0.0040 vL=0.0349 t0=[red=0.59 blue=0.41]
[u  248] env= 16252928 rsucc=0.748 n_rounds= 1121 ret=+5.391 len=1071.6 ent(t0,t>=1)=(0.363,1.144) aL=-0.0040 vL=0.0396 t0=[red=0.55 blue=0.45]
[u  249] env= 16318464 rsucc=0.781 n_rounds= 1159 ret=+4.903 len=1096.8 ent(t0,t>=1)=(0.303,1.138) aL=-0.0038 vL=0.0410 t0=[red=0.56 blue=0.44]
[u  250] env= 16384000 rsucc=0.725 n_rounds= 1072 ret=+3.467 len=1168.3 ent(t0,t>=1)=(0.336,1.130) aL=-0.0042 vL=0.0339 t0=[red=0.53 blue=0.47]
[u  251] env= 16449536 rsucc=0.726 n_rounds= 1122 ret=+1.876 len=1239.9 ent(t0,t>=1)=(0.370,1.124) aL=-0.0047 vL=0.0350 t0=[red=0.50 blue=0.50]
[u  252] env= 16515072 rsucc=0.671 n_rounds= 1052 ret=+1.118 len=1256.4 ent(t0,t>=1)=(0.381,1.118) aL=-0.0037 vL=0.0331 t0=[red=0.52 blue=0.48]
[u  253] env= 16580608 rsucc=0.739 n_rounds= 1140 ret=+2.420 len=1211.1 ent(t0,t>=1)=(0.370,1.119) aL=-0.0036 vL=0.0356 t0=[red=0.50 blue=0.50]
[u  254] env= 16646144 rsucc=0.685 n_rounds= 1032 ret=+2.562 len=1179.6 ent(t0,t>=1)=(0.355,1.166) aL=-0.0035 vL=0.0317 t0=[red=0.50 blue=0.50]
[u  255] env= 16711680 rsucc=0.684 n_rounds= 1022 ret=+2.027 len=1226.0 ent(t0,t>=1)=(0.304,1.160) aL=-0.0043 vL=0.0318 t0=[red=0.56 blue=0.44]
[u  256] env= 16777216 rsucc=0.691 n_rounds= 1076 ret=+2.454 len=1214.5 ent(t0,t>=1)=(0.293,1.156) aL=-0.0038 vL=0.0332 t0=[red=0.47 blue=0.53]
[u  257] env= 16842752 rsucc=0.689 n_rounds= 1070 ret=+2.513 len=1191.9 ent(t0,t>=1)=(0.350,1.143) aL=-0.0030 vL=0.0323 t0=[red=0.54 blue=0.46]
[u  258] env= 16908288 rsucc=0.705 n_rounds= 1039 ret=+1.204 len=1272.1 ent(t0,t>=1)=(0.366,1.152) aL=-0.0034 vL=0.0342 t0=[red=0.46 blue=0.54]
[u  259] env= 16973824 rsucc=0.698 n_rounds= 1041 ret=+1.423 len=1251.9 ent(t0,t>=1)=(0.393,1.110) aL=-0.0033 vL=0.0332 t0=[red=0.46 blue=0.54]
[u  260] env= 17039360 rsucc=0.712 n_rounds= 1067 ret=+1.862 len=1232.6 ent(t0,t>=1)=(0.404,1.120) aL=-0.0042 vL=0.0348 t0=[red=0.52 blue=0.48]
[u  261] env= 17104896 rsucc=0.697 n_rounds= 1044 ret=+0.936 len=1270.8 ent(t0,t>=1)=(0.425,1.196) aL=-0.0035 vL=0.0310 t0=[red=0.44 blue=0.56]
[u  262] env= 17170432 rsucc=0.716 n_rounds= 1078 ret=+2.765 len=1198.1 ent(t0,t>=1)=(0.377,1.188) aL=-0.0046 vL=0.0347 t0=[red=0.45 blue=0.55]
[u  263] env= 17235968 rsucc=0.701 n_rounds= 1069 ret=+2.237 len=1238.6 ent(t0,t>=1)=(0.342,1.142) aL=-0.0034 vL=0.0334 t0=[red=0.56 blue=0.44]
[u  264] env= 17301504 rsucc=0.735 n_rounds= 1112 ret=+2.009 len=1235.6 ent(t0,t>=1)=(0.342,1.139) aL=-0.0032 vL=0.0363 t0=[red=0.49 blue=0.51]
[u  265] env= 17367040 rsucc=0.730 n_rounds= 1119 ret=+1.354 len=1247.9 ent(t0,t>=1)=(0.328,1.122) aL=-0.0043 vL=0.0349 t0=[red=0.57 blue=0.43]
[u  266] env= 17432576 rsucc=0.741 n_rounds= 1141 ret=+2.286 len=1198.2 ent(t0,t>=1)=(0.347,1.132) aL=-0.0044 vL=0.0372 t0=[red=0.51 blue=0.49]
[u  267] env= 17498112 rsucc=0.729 n_rounds= 1113 ret=+3.062 len=1162.9 ent(t0,t>=1)=(0.337,1.153) aL=-0.0043 vL=0.0370 t0=[red=0.50 blue=0.50]
[u  268] env= 17563648 rsucc=0.726 n_rounds= 1115 ret=+3.532 len=1166.2 ent(t0,t>=1)=(0.345,1.108) aL=-0.0041 vL=0.0377 t0=[red=0.51 blue=0.49]
[u  269] env= 17629184 rsucc=0.735 n_rounds= 1119 ret=+3.314 len=1147.3 ent(t0,t>=1)=(0.351,1.102) aL=-0.0040 vL=0.0350 t0=[red=0.57 blue=0.43]
[u  270] env= 17694720 rsucc=0.705 n_rounds= 1084 ret=+2.538 len=1191.8 ent(t0,t>=1)=(0.364,1.133) aL=-0.0043 vL=0.0330 t0=[red=0.49 blue=0.51]
[u  271] env= 17760256 rsucc=0.669 n_rounds= 1024 ret=+2.112 len=1220.4 ent(t0,t>=1)=(0.344,1.136) aL=-0.0037 vL=0.0300 t0=[red=0.44 blue=0.56]
[u  272] env= 17825792 rsucc=0.723 n_rounds= 1080 ret=+2.431 len=1215.8 ent(t0,t>=1)=(0.329,1.160) aL=-0.0043 vL=0.0340 t0=[red=0.45 blue=0.55]
[u  273] env= 17891328 rsucc=0.690 n_rounds= 1058 ret=+2.328 len=1195.0 ent(t0,t>=1)=(0.326,1.164) aL=-0.0029 vL=0.0348 t0=[red=0.48 blue=0.52]
[u  274] env= 17956864 rsucc=0.688 n_rounds= 1034 ret=+3.013 len=1178.2 ent(t0,t>=1)=(0.324,1.125) aL=-0.0036 vL=0.0315 t0=[red=0.54 blue=0.46]
[u  275] env= 18022400 rsucc=0.736 n_rounds= 1117 ret=+1.991 len=1242.2 ent(t0,t>=1)=(0.324,1.082) aL=-0.0029 vL=0.0354 t0=[red=0.55 blue=0.45]
[u  276] env= 18087936 rsucc=0.733 n_rounds= 1144 ret=+2.580 len=1197.2 ent(t0,t>=1)=(0.312,1.097) aL=-0.0046 vL=0.0383 t0=[red=0.47 blue=0.53]
[u  277] env= 18153472 rsucc=0.735 n_rounds= 1149 ret=+1.125 len=1259.1 ent(t0,t>=1)=(0.281,1.115) aL=-0.0033 vL=0.0382 t0=[red=0.49 blue=0.51]
[u  278] env= 18219008 rsucc=0.784 n_rounds= 1186 ret=+2.681 len=1180.2 ent(t0,t>=1)=(0.249,1.082) aL=-0.0029 vL=0.0382 t0=[red=0.49 blue=0.51]
[u  279] env= 18284544 rsucc=0.707 n_rounds= 1054 ret=+3.512 len=1156.0 ent(t0,t>=1)=(0.296,1.121) aL=-0.0033 vL=0.0336 t0=[red=0.59 blue=0.41]
[u  280] env= 18350080 rsucc=0.709 n_rounds= 1055 ret=+3.094 len=1180.4 ent(t0,t>=1)=(0.343,1.126) aL=-0.0037 vL=0.0321 t0=[red=0.55 blue=0.45]
[u  281] env= 18415616 rsucc=0.671 n_rounds= 1055 ret=+2.875 len=1154.9 ent(t0,t>=1)=(0.376,1.148) aL=-0.0034 vL=0.0318 t0=[red=0.55 blue=0.45]
[u  282] env= 18481152 rsucc=0.757 n_rounds= 1153 ret=+2.463 len=1192.1 ent(t0,t>=1)=(0.325,1.116) aL=-0.0040 vL=0.0391 t0=[red=0.55 blue=0.45]
[u  283] env= 18546688 rsucc=0.723 n_rounds= 1079 ret=+3.407 len=1182.3 ent(t0,t>=1)=(0.375,1.077) aL=-0.0044 vL=0.0342 t0=[red=0.61 blue=0.39]
[u  284] env= 18612224 rsucc=0.709 n_rounds= 1072 ret=+2.190 len=1218.1 ent(t0,t>=1)=(0.395,1.089) aL=-0.0035 vL=0.0324 t0=[red=0.52 blue=0.48]
[u  285] env= 18677760 rsucc=0.725 n_rounds= 1083 ret=+2.587 len=1208.7 ent(t0,t>=1)=(0.320,1.076) aL=-0.0034 vL=0.0358 t0=[red=0.45 blue=0.55]
[u  286] env= 18743296 rsucc=0.718 n_rounds= 1108 ret=+3.263 len=1147.4 ent(t0,t>=1)=(0.328,1.131) aL=-0.0037 vL=0.0358 t0=[red=0.45 blue=0.55]
[u  287] env= 18808832 rsucc=0.738 n_rounds= 1125 ret=+1.822 len=1216.8 ent(t0,t>=1)=(0.354,1.152) aL=-0.0035 vL=0.0350 t0=[red=0.49 blue=0.51]
[u  288] env= 18874368 rsucc=0.713 n_rounds= 1069 ret=+2.245 len=1208.2 ent(t0,t>=1)=(0.320,1.161) aL=-0.0035 vL=0.0346 t0=[red=0.45 blue=0.55]
[u  289] env= 18939904 rsucc=0.718 n_rounds= 1090 ret=+2.644 len=1216.0 ent(t0,t>=1)=(0.352,1.155) aL=-0.0032 vL=0.0336 t0=[red=0.45 blue=0.55]
[u  290] env= 19005440 rsucc=0.757 n_rounds= 1162 ret=+2.855 len=1198.7 ent(t0,t>=1)=(0.353,1.115) aL=-0.0038 vL=0.0392 t0=[red=0.56 blue=0.44]
[u  291] env= 19070976 rsucc=0.773 n_rounds= 1214 ret=+3.544 len=1158.4 ent(t0,t>=1)=(0.325,1.127) aL=-0.0033 vL=0.0407 t0=[red=0.59 blue=0.41]
[u  292] env= 19136512 rsucc=0.747 n_rounds= 1128 ret=+4.525 len=1102.5 ent(t0,t>=1)=(0.327,1.162) aL=-0.0038 vL=0.0377 t0=[red=0.58 blue=0.42]
[u  293] env= 19202048 rsucc=0.732 n_rounds= 1098 ret=+3.573 len=1149.6 ent(t0,t>=1)=(0.332,1.129) aL=-0.0041 vL=0.0353 t0=[red=0.52 blue=0.48]
[u  294] env= 19267584 rsucc=0.692 n_rounds= 1039 ret=+3.899 len=1126.5 ent(t0,t>=1)=(0.362,1.136) aL=-0.0045 vL=0.0336 t0=[red=0.55 blue=0.45]
[u  295] env= 19333120 rsucc=0.685 n_rounds= 1051 ret=+3.137 len=1199.1 ent(t0,t>=1)=(0.347,1.152) aL=-0.0037 vL=0.0308 t0=[red=0.61 blue=0.39]
[u  296] env= 19398656 rsucc=0.623 n_rounds=  979 ret=+2.657 len=1179.5 ent(t0,t>=1)=(0.405,1.157) aL=-0.0033 vL=0.0315 t0=[red=0.60 blue=0.40]
[u  297] env= 19464192 rsucc=0.716 n_rounds= 1094 ret=+0.614 len=1264.8 ent(t0,t>=1)=(0.338,1.079) aL=-0.0037 vL=0.0354 t0=[red=0.62 blue=0.38]
[u  298] env= 19529728 rsucc=0.704 n_rounds= 1064 ret=+0.814 len=1276.7 ent(t0,t>=1)=(0.322,1.083) aL=-0.0033 vL=0.0319 t0=[red=0.65 blue=0.35]
[u  299] env= 19595264 rsucc=0.709 n_rounds= 1100 ret=+0.791 len=1269.6 ent(t0,t>=1)=(0.351,1.085) aL=-0.0034 vL=0.0359 t0=[red=0.56 blue=0.44]
[u  300] env= 19660800 rsucc=0.772 n_rounds= 1142 ret=+1.847 len=1213.2 ent(t0,t>=1)=(0.327,1.113) aL=-0.0042 vL=0.0364 t0=[red=0.62 blue=0.38]
[u  301] env= 19726336 rsucc=0.761 n_rounds= 1128 ret=+2.841 len=1241.6 ent(t0,t>=1)=(0.341,1.146) aL=-0.0040 vL=0.0371 t0=[red=0.68 blue=0.32]
[u  302] env= 19791872 rsucc=0.755 n_rounds= 1128 ret=+3.517 len=1150.0 ent(t0,t>=1)=(0.349,1.126) aL=-0.0042 vL=0.0360 t0=[red=0.60 blue=0.40]
[u  303] env= 19857408 rsucc=0.737 n_rounds= 1120 ret=+3.719 len=1160.0 ent(t0,t>=1)=(0.340,1.110) aL=-0.0033 vL=0.0359 t0=[red=0.56 blue=0.44]
[u  304] env= 19922944 rsucc=0.690 n_rounds= 1079 ret=+1.791 len=1245.1 ent(t0,t>=1)=(0.347,1.117) aL=-0.0035 vL=0.0340 t0=[red=0.69 blue=0.31]
[u  305] env= 19988480 rsucc=0.755 n_rounds= 1163 ret=+2.757 len=1181.6 ent(t0,t>=1)=(0.309,1.087) aL=-0.0037 vL=0.0390 t0=[red=0.57 blue=0.43]
[u  306] env= 20054016 rsucc=0.728 n_rounds= 1102 ret=+3.262 len=1150.9 ent(t0,t>=1)=(0.359,1.077) aL=-0.0033 vL=0.0342 t0=[red=0.61 blue=0.39]
[u  307] env= 20119552 rsucc=0.683 n_rounds= 1045 ret=+3.875 len=1141.3 ent(t0,t>=1)=(0.404,1.115) aL=-0.0033 vL=0.0311 t0=[red=0.54 blue=0.46]
[u  308] env= 20185088 rsucc=0.677 n_rounds= 1034 ret=+3.411 len=1185.8 ent(t0,t>=1)=(0.321,1.111) aL=-0.0038 vL=0.0316 t0=[red=0.54 blue=0.46]
[u  309] env= 20250624 rsucc=0.742 n_rounds= 1184 ret=+2.504 len=1195.3 ent(t0,t>=1)=(0.305,1.077) aL=-0.0039 vL=0.0389 t0=[red=0.66 blue=0.34]
[u  310] env= 20316160 rsucc=0.751 n_rounds= 1109 ret=+1.108 len=1259.4 ent(t0,t>=1)=(0.360,1.117) aL=-0.0040 vL=0.0348 t0=[red=0.55 blue=0.45]
[u  311] env= 20381696 rsucc=0.714 n_rounds= 1067 ret=+1.488 len=1232.5 ent(t0,t>=1)=(0.380,1.102) aL=-0.0040 vL=0.0334 t0=[red=0.61 blue=0.39]
[u  312] env= 20447232 rsucc=0.762 n_rounds= 1127 ret=+3.760 len=1146.9 ent(t0,t>=1)=(0.349,1.131) aL=-0.0037 vL=0.0369 t0=[red=0.58 blue=0.42]
[u  313] env= 20512768 rsucc=0.731 n_rounds= 1105 ret=+3.009 len=1205.1 ent(t0,t>=1)=(0.336,1.097) aL=-0.0039 vL=0.0361 t0=[red=0.58 blue=0.42]
[u  314] env= 20578304 rsucc=0.714 n_rounds= 1091 ret=+4.162 len=1116.3 ent(t0,t>=1)=(0.299,1.105) aL=-0.0045 vL=0.0343 t0=[red=0.61 blue=0.39]
[u  315] env= 20643840 rsucc=0.725 n_rounds= 1084 ret=+3.242 len=1173.3 ent(t0,t>=1)=(0.304,1.120) aL=-0.0037 vL=0.0309 t0=[red=0.57 blue=0.43]
[u  316] env= 20709376 rsucc=0.740 n_rounds= 1146 ret=+3.429 len=1170.6 ent(t0,t>=1)=(0.310,1.089) aL=-0.0045 vL=0.0373 t0=[red=0.55 blue=0.45]
[u  317] env= 20774912 rsucc=0.667 n_rounds= 1037 ret=+3.846 len=1151.2 ent(t0,t>=1)=(0.357,1.133) aL=-0.0046 vL=0.0313 t0=[red=0.65 blue=0.35]
[u  318] env= 20840448 rsucc=0.701 n_rounds= 1066 ret=+2.486 len=1186.2 ent(t0,t>=1)=(0.383,1.150) aL=-0.0039 vL=0.0342 t0=[red=0.58 blue=0.42]
[u  319] env= 20905984 rsucc=0.748 n_rounds= 1141 ret=+1.762 len=1210.0 ent(t0,t>=1)=(0.344,1.084) aL=-0.0048 vL=0.0391 t0=[red=0.67 blue=0.33]
[u  320] env= 20971520 rsucc=0.725 n_rounds= 1088 ret=+1.757 len=1232.7 ent(t0,t>=1)=(0.313,1.060) aL=-0.0035 vL=0.0355 t0=[red=0.64 blue=0.36]
[u  321] env= 21037056 rsucc=0.728 n_rounds= 1055 ret=+1.781 len=1234.1 ent(t0,t>=1)=(0.348,1.084) aL=-0.0028 vL=0.0328 t0=[red=0.58 blue=0.42]
[u  322] env= 21102592 rsucc=0.663 n_rounds= 1029 ret=+2.391 len=1209.5 ent(t0,t>=1)=(0.359,1.127) aL=-0.0037 vL=0.0308 t0=[red=0.54 blue=0.46]
[u  323] env= 21168128 rsucc=0.728 n_rounds= 1117 ret=+4.287 len=1139.3 ent(t0,t>=1)=(0.320,1.095) aL=-0.0034 vL=0.0358 t0=[red=0.55 blue=0.45]
[u  324] env= 21233664 rsucc=0.739 n_rounds= 1123 ret=+2.825 len=1193.0 ent(t0,t>=1)=(0.333,1.076) aL=-0.0035 vL=0.0371 t0=[red=0.51 blue=0.49]
[u  325] env= 21299200 rsucc=0.723 n_rounds= 1125 ret=+2.331 len=1208.7 ent(t0,t>=1)=(0.319,1.115) aL=-0.0032 vL=0.0374 t0=[red=0.45 blue=0.55]
[u  326] env= 21364736 rsucc=0.782 n_rounds= 1172 ret=+2.363 len=1197.5 ent(t0,t>=1)=(0.333,1.098) aL=-0.0047 vL=0.0399 t0=[red=0.49 blue=0.51]
[u  327] env= 21430272 rsucc=0.811 n_rounds= 1219 ret=+3.858 len=1129.2 ent(t0,t>=1)=(0.313,1.076) aL=-0.0046 vL=0.0410 t0=[red=0.54 blue=0.46]
[u  328] env= 21495808 rsucc=0.754 n_rounds= 1124 ret=+4.617 len=1104.5 ent(t0,t>=1)=(0.313,1.100) aL=-0.0040 vL=0.0365 t0=[red=0.59 blue=0.41]
[u  329] env= 21561344 rsucc=0.759 n_rounds= 1167 ret=+4.432 len=1129.7 ent(t0,t>=1)=(0.310,1.070) aL=-0.0035 vL=0.0360 t0=[red=0.48 blue=0.52]
[u  330] env= 21626880 rsucc=0.770 n_rounds= 1122 ret=+3.828 len=1169.5 ent(t0,t>=1)=(0.318,1.090) aL=-0.0038 vL=0.0351 t0=[red=0.54 blue=0.46]
[u  331] env= 21692416 rsucc=0.775 n_rounds= 1204 ret=+3.866 len=1175.0 ent(t0,t>=1)=(0.284,1.076) aL=-0.0032 vL=0.0378 t0=[red=0.60 blue=0.40]
[u  332] env= 21757952 rsucc=0.704 n_rounds= 1111 ret=+4.880 len=1098.6 ent(t0,t>=1)=(0.346,1.105) aL=-0.0032 vL=0.0353 t0=[red=0.57 blue=0.43]
[u  333] env= 21823488 rsucc=0.707 n_rounds= 1070 ret=+3.012 len=1168.1 ent(t0,t>=1)=(0.331,1.129) aL=-0.0040 vL=0.0345 t0=[red=0.53 blue=0.47]
[u  334] env= 21889024 rsucc=0.737 n_rounds= 1120 ret=+2.626 len=1183.4 ent(t0,t>=1)=(0.298,1.083) aL=-0.0041 vL=0.0360 t0=[red=0.58 blue=0.42]
[u  335] env= 21954560 rsucc=0.754 n_rounds= 1150 ret=+3.008 len=1197.0 ent(t0,t>=1)=(0.318,1.107) aL=-0.0037 vL=0.0390 t0=[red=0.52 blue=0.48]
[u  336] env= 22020096 rsucc=0.677 n_rounds= 1052 ret=+4.541 len=1102.4 ent(t0,t>=1)=(0.363,1.142) aL=-0.0042 vL=0.0324 t0=[red=0.49 blue=0.51]
[u  337] env= 22085632 rsucc=0.766 n_rounds= 1171 ret=+4.443 len=1104.3 ent(t0,t>=1)=(0.345,1.107) aL=-0.0037 vL=0.0398 t0=[red=0.55 blue=0.45]
[u  338] env= 22151168 rsucc=0.731 n_rounds= 1076 ret=+2.730 len=1183.5 ent(t0,t>=1)=(0.361,1.068) aL=-0.0039 vL=0.0347 t0=[red=0.54 blue=0.46]
[u  339] env= 22216704 rsucc=0.715 n_rounds= 1128 ret=+1.471 len=1253.4 ent(t0,t>=1)=(0.287,1.086) aL=-0.0040 vL=0.0330 t0=[red=0.58 blue=0.42]
[u  340] env= 22282240 rsucc=0.693 n_rounds= 1059 ret=+0.914 len=1269.7 ent(t0,t>=1)=(0.334,1.104) aL=-0.0039 vL=0.0313 t0=[red=0.49 blue=0.51]
[u  341] env= 22347776 rsucc=0.718 n_rounds= 1100 ret=+3.450 len=1145.8 ent(t0,t>=1)=(0.352,1.050) aL=-0.0033 vL=0.0371 t0=[red=0.55 blue=0.45]
[u  342] env= 22413312 rsucc=0.747 n_rounds= 1130 ret=+2.670 len=1200.0 ent(t0,t>=1)=(0.334,1.121) aL=-0.0032 vL=0.0368 t0=[red=0.52 blue=0.48]
[u  343] env= 22478848 rsucc=0.744 n_rounds= 1097 ret=+2.485 len=1190.7 ent(t0,t>=1)=(0.346,1.132) aL=-0.0034 vL=0.0342 t0=[red=0.44 blue=0.56]
[u  344] env= 22544384 rsucc=0.672 n_rounds= 1056 ret=+2.438 len=1206.6 ent(t0,t>=1)=(0.317,1.126) aL=-0.0031 vL=0.0348 t0=[red=0.51 blue=0.49]
[u  345] env= 22609920 rsucc=0.711 n_rounds= 1114 ret=+2.859 len=1173.8 ent(t0,t>=1)=(0.311,1.140) aL=-0.0040 vL=0.0344 t0=[red=0.53 blue=0.47]
[u  346] env= 22675456 rsucc=0.705 n_rounds= 1090 ret=+3.444 len=1140.4 ent(t0,t>=1)=(0.304,1.118) aL=-0.0034 vL=0.0338 t0=[red=0.59 blue=0.41]
[u  347] env= 22740992 rsucc=0.763 n_rounds= 1163 ret=+3.184 len=1153.7 ent(t0,t>=1)=(0.306,1.065) aL=-0.0040 vL=0.0391 t0=[red=0.57 blue=0.43]
[u  348] env= 22806528 rsucc=0.698 n_rounds= 1031 ret=+1.601 len=1256.3 ent(t0,t>=1)=(0.381,1.117) aL=-0.0033 vL=0.0328 t0=[red=0.52 blue=0.48]
[u  349] env= 22872064 rsucc=0.719 n_rounds= 1100 ret=+1.883 len=1233.6 ent(t0,t>=1)=(0.330,1.120) aL=-0.0040 vL=0.0353 t0=[red=0.53 blue=0.47]
[u  350] env= 22937600 rsucc=0.774 n_rounds= 1127 ret=+2.926 len=1182.2 ent(t0,t>=1)=(0.299,1.121) aL=-0.0037 vL=0.0375 t0=[red=0.52 blue=0.48]
[u  351] env= 23003136 rsucc=0.732 n_rounds= 1114 ret=+2.100 len=1225.1 ent(t0,t>=1)=(0.297,1.137) aL=-0.0041 vL=0.0370 t0=[red=0.56 blue=0.44]
[u  352] env= 23068672 rsucc=0.754 n_rounds= 1157 ret=+3.659 len=1149.1 ent(t0,t>=1)=(0.316,1.083) aL=-0.0039 vL=0.0349 t0=[red=0.64 blue=0.36]
[u  353] env= 23134208 rsucc=0.686 n_rounds= 1045 ret=+4.008 len=1145.1 ent(t0,t>=1)=(0.325,1.110) aL=-0.0037 vL=0.0324 t0=[red=0.53 blue=0.47]
[u  354] env= 23199744 rsucc=0.717 n_rounds= 1082 ret=+3.387 len=1179.2 ent(t0,t>=1)=(0.339,1.134) aL=-0.0040 vL=0.0342 t0=[red=0.52 blue=0.48]
[u  355] env= 23265280 rsucc=0.703 n_rounds= 1063 ret=+1.910 len=1230.5 ent(t0,t>=1)=(0.306,1.129) aL=-0.0042 vL=0.0339 t0=[red=0.54 blue=0.46]
[u  356] env= 23330816 rsucc=0.739 n_rounds= 1136 ret=+1.843 len=1222.6 ent(t0,t>=1)=(0.321,1.122) aL=-0.0038 vL=0.0373 t0=[red=0.51 blue=0.49]
[u  357] env= 23396352 rsucc=0.765 n_rounds= 1152 ret=+3.117 len=1164.8 ent(t0,t>=1)=(0.323,1.099) aL=-0.0044 vL=0.0371 t0=[red=0.55 blue=0.45]
[u  358] env= 23461888 rsucc=0.764 n_rounds= 1170 ret=+2.979 len=1175.7 ent(t0,t>=1)=(0.314,1.070) aL=-0.0033 vL=0.0370 t0=[red=0.55 blue=0.45]
[u  359] env= 23527424 rsucc=0.758 n_rounds= 1142 ret=+3.413 len=1150.9 ent(t0,t>=1)=(0.302,1.116) aL=-0.0051 vL=0.0382 t0=[red=0.57 blue=0.43]
[u  360] env= 23592960 rsucc=0.787 n_rounds= 1205 ret=+3.376 len=1166.0 ent(t0,t>=1)=(0.324,1.135) aL=-0.0043 vL=0.0398 t0=[red=0.52 blue=0.48]
[u  361] env= 23658496 rsucc=0.700 n_rounds= 1034 ret=+4.228 len=1160.2 ent(t0,t>=1)=(0.372,1.163) aL=-0.0041 vL=0.0315 t0=[red=0.55 blue=0.45]
[u  362] env= 23724032 rsucc=0.725 n_rounds= 1120 ret=+4.907 len=1082.6 ent(t0,t>=1)=(0.314,1.147) aL=-0.0033 vL=0.0347 t0=[red=0.51 blue=0.49]
[u  363] env= 23789568 rsucc=0.756 n_rounds= 1174 ret=+3.550 len=1146.4 ent(t0,t>=1)=(0.338,1.127) aL=-0.0041 vL=0.0402 t0=[red=0.51 blue=0.49]
[u  364] env= 23855104 rsucc=0.787 n_rounds= 1190 ret=+2.616 len=1182.9 ent(t0,t>=1)=(0.321,1.090) aL=-0.0033 vL=0.0403 t0=[red=0.57 blue=0.43]
[u  365] env= 23920640 rsucc=0.743 n_rounds= 1121 ret=+3.666 len=1141.5 ent(t0,t>=1)=(0.319,1.086) aL=-0.0036 vL=0.0349 t0=[red=0.62 blue=0.38]
[u  366] env= 23986176 rsucc=0.738 n_rounds= 1124 ret=+3.479 len=1175.1 ent(t0,t>=1)=(0.353,1.096) aL=-0.0037 vL=0.0396 t0=[red=0.53 blue=0.47]
[u  367] env= 24051712 rsucc=0.748 n_rounds= 1143 ret=+4.110 len=1141.7 ent(t0,t>=1)=(0.349,1.106) aL=-0.0045 vL=0.0373 t0=[red=0.56 blue=0.44]
[u  368] env= 24117248 rsucc=0.719 n_rounds= 1084 ret=+3.803 len=1136.9 ent(t0,t>=1)=(0.343,1.121) aL=-0.0040 vL=0.0343 t0=[red=0.61 blue=0.39]
[u  369] env= 24182784 rsucc=0.730 n_rounds= 1109 ret=+3.050 len=1168.0 ent(t0,t>=1)=(0.373,1.146) aL=-0.0046 vL=0.0363 t0=[red=0.51 blue=0.49]
[u  370] env= 24248320 rsucc=0.748 n_rounds= 1117 ret=+3.623 len=1162.6 ent(t0,t>=1)=(0.322,1.078) aL=-0.0034 vL=0.0366 t0=[red=0.53 blue=0.47]
[u  371] env= 24313856 rsucc=0.711 n_rounds= 1126 ret=+3.586 len=1154.2 ent(t0,t>=1)=(0.297,1.100) aL=-0.0051 vL=0.0368 t0=[red=0.56 blue=0.44]
[u  372] env= 24379392 rsucc=0.765 n_rounds= 1100 ret=+2.792 len=1205.1 ent(t0,t>=1)=(0.319,1.101) aL=-0.0038 vL=0.0342 t0=[red=0.51 blue=0.49]
[u  373] env= 24444928 rsucc=0.720 n_rounds= 1080 ret=+2.996 len=1175.7 ent(t0,t>=1)=(0.312,1.101) aL=-0.0039 vL=0.0336 t0=[red=0.56 blue=0.44]
[u  374] env= 24510464 rsucc=0.752 n_rounds= 1103 ret=+2.612 len=1204.2 ent(t0,t>=1)=(0.371,1.124) aL=-0.0043 vL=0.0340 t0=[red=0.61 blue=0.39]
[u  375] env= 24576000 rsucc=0.723 n_rounds= 1109 ret=+2.921 len=1192.1 ent(t0,t>=1)=(0.327,1.102) aL=-0.0039 vL=0.0358 t0=[red=0.66 blue=0.34]
[u  376] env= 24641536 rsucc=0.743 n_rounds= 1111 ret=+3.824 len=1154.0 ent(t0,t>=1)=(0.298,1.094) aL=-0.0039 vL=0.0347 t0=[red=0.60 blue=0.40]
[u  377] env= 24707072 rsucc=0.769 n_rounds= 1135 ret=+2.857 len=1190.8 ent(t0,t>=1)=(0.358,1.129) aL=-0.0043 vL=0.0352 t0=[red=0.51 blue=0.49]
[u  378] env= 24772608 rsucc=0.723 n_rounds= 1105 ret=+3.321 len=1174.5 ent(t0,t>=1)=(0.346,1.162) aL=-0.0038 vL=0.0342 t0=[red=0.58 blue=0.42]
[u  379] env= 24838144 rsucc=0.745 n_rounds= 1137 ret=+1.465 len=1250.3 ent(t0,t>=1)=(0.374,1.145) aL=-0.0043 vL=0.0388 t0=[red=0.60 blue=0.40]
[u  380] env= 24903680 rsucc=0.701 n_rounds= 1084 ret=+2.840 len=1173.3 ent(t0,t>=1)=(0.379,1.146) aL=-0.0038 vL=0.0333 t0=[red=0.59 blue=0.41]
[u  381] env= 24969216 rsucc=0.753 n_rounds= 1154 ret=+2.405 len=1210.1 ent(t0,t>=1)=(0.355,1.133) aL=-0.0029 vL=0.0391 t0=[red=0.60 blue=0.40]
[u  382] env= 25034752 rsucc=0.767 n_rounds= 1129 ret=+4.084 len=1149.9 ent(t0,t>=1)=(0.331,1.093) aL=-0.0036 vL=0.0378 t0=[red=0.61 blue=0.39]
[u  383] env= 25100288 rsucc=0.762 n_rounds= 1145 ret=+3.331 len=1154.1 ent(t0,t>=1)=(0.285,1.077) aL=-0.0042 vL=0.0397 t0=[red=0.63 blue=0.37]
[u  384] env= 25165824 rsucc=0.742 n_rounds= 1156 ret=+4.972 len=1088.3 ent(t0,t>=1)=(0.308,1.066) aL=-0.0035 vL=0.0366 t0=[red=0.62 blue=0.38]
[u  385] env= 25231360 rsucc=0.762 n_rounds= 1162 ret=+4.063 len=1153.4 ent(t0,t>=1)=(0.294,1.099) aL=-0.0047 vL=0.0360 t0=[red=0.65 blue=0.35]
[u  386] env= 25296896 rsucc=0.786 n_rounds= 1172 ret=+3.828 len=1135.7 ent(t0,t>=1)=(0.291,1.073) aL=-0.0035 vL=0.0388 t0=[red=0.69 blue=0.31]
[u  387] env= 25362432 rsucc=0.727 n_rounds= 1104 ret=+3.458 len=1163.1 ent(t0,t>=1)=(0.264,1.114) aL=-0.0041 vL=0.0340 t0=[red=0.61 blue=0.39]
[u  388] env= 25427968 rsucc=0.743 n_rounds= 1132 ret=+3.333 len=1159.4 ent(t0,t>=1)=(0.286,1.094) aL=-0.0034 vL=0.0356 t0=[red=0.65 blue=0.35]
[u  389] env= 25493504 rsucc=0.740 n_rounds= 1114 ret=+4.456 len=1133.1 ent(t0,t>=1)=(0.302,1.077) aL=-0.0039 vL=0.0355 t0=[red=0.53 blue=0.47]
[u  390] env= 25559040 rsucc=0.723 n_rounds= 1099 ret=+5.126 len=1070.6 ent(t0,t>=1)=(0.374,1.093) aL=-0.0039 vL=0.0381 t0=[red=0.48 blue=0.52]
[u  391] env= 25624576 rsucc=0.764 n_rounds= 1154 ret=+3.721 len=1148.2 ent(t0,t>=1)=(0.316,1.098) aL=-0.0041 vL=0.0382 t0=[red=0.49 blue=0.51]
[u  392] env= 25690112 rsucc=0.732 n_rounds= 1127 ret=+2.887 len=1181.2 ent(t0,t>=1)=(0.313,1.101) aL=-0.0041 vL=0.0358 t0=[red=0.58 blue=0.42]
[u  393] env= 25755648 rsucc=0.677 n_rounds= 1037 ret=+4.081 len=1129.1 ent(t0,t>=1)=(0.301,1.117) aL=-0.0036 vL=0.0325 t0=[red=0.52 blue=0.48]
[u  394] env= 25821184 rsucc=0.725 n_rounds= 1102 ret=+2.013 len=1239.8 ent(t0,t>=1)=(0.272,1.089) aL=-0.0037 vL=0.0360 t0=[red=0.44 blue=0.56]
[u  395] env= 25886720 rsucc=0.742 n_rounds= 1134 ret=+1.597 len=1246.7 ent(t0,t>=1)=(0.259,1.078) aL=-0.0040 vL=0.0351 t0=[red=0.51 blue=0.49]
[u  396] env= 25952256 rsucc=0.725 n_rounds= 1115 ret=+2.479 len=1195.4 ent(t0,t>=1)=(0.277,1.075) aL=-0.0041 vL=0.0367 t0=[red=0.61 blue=0.39]
[u  397] env= 26017792 rsucc=0.772 n_rounds= 1176 ret=+2.226 len=1204.8 ent(t0,t>=1)=(0.250,1.046) aL=-0.0040 vL=0.0402 t0=[red=0.56 blue=0.44]
[u  398] env= 26083328 rsucc=0.731 n_rounds= 1105 ret=+3.611 len=1130.0 ent(t0,t>=1)=(0.268,1.101) aL=-0.0038 vL=0.0353 t0=[red=0.49 blue=0.51]
[u  399] env= 26148864 rsucc=0.741 n_rounds= 1156 ret=+4.296 len=1123.0 ent(t0,t>=1)=(0.301,1.082) aL=-0.0042 vL=0.0353 t0=[red=0.50 blue=0.50]
[u  400] env= 26214400 rsucc=0.687 n_rounds= 1042 ret=+4.476 len=1082.9 ent(t0,t>=1)=(0.313,1.113) aL=-0.0044 vL=0.0315 t0=[red=0.45 blue=0.55]
[u  401] env= 26279936 rsucc=0.704 n_rounds= 1069 ret=+3.999 len=1142.8 ent(t0,t>=1)=(0.242,1.032) aL=-0.0033 vL=0.0318 t0=[red=0.56 blue=0.44]
[u  402] env= 26345472 rsucc=0.745 n_rounds= 1168 ret=+2.509 len=1205.0 ent(t0,t>=1)=(0.312,1.054) aL=-0.0042 vL=0.0378 t0=[red=0.60 blue=0.40]
[u  403] env= 26411008 rsucc=0.722 n_rounds= 1117 ret=+1.707 len=1236.7 ent(t0,t>=1)=(0.333,1.109) aL=-0.0044 vL=0.0371 t0=[red=0.52 blue=0.48]
[u  404] env= 26476544 rsucc=0.750 n_rounds= 1158 ret=+2.962 len=1156.3 ent(t0,t>=1)=(0.265,1.038) aL=-0.0042 vL=0.0392 t0=[red=0.54 blue=0.46]
[u  405] env= 26542080 rsucc=0.775 n_rounds= 1182 ret=+3.100 len=1158.5 ent(t0,t>=1)=(0.260,1.072) aL=-0.0033 vL=0.0401 t0=[red=0.56 blue=0.44]
[u  406] env= 26607616 rsucc=0.739 n_rounds= 1104 ret=+4.140 len=1124.8 ent(t0,t>=1)=(0.286,1.048) aL=-0.0037 vL=0.0343 t0=[red=0.50 blue=0.50]
[u  407] env= 26673152 rsucc=0.734 n_rounds= 1146 ret=+3.248 len=1185.6 ent(t0,t>=1)=(0.287,1.086) aL=-0.0050 vL=0.0366 t0=[red=0.53 blue=0.47]
[u  408] env= 26738688 rsucc=0.735 n_rounds= 1124 ret=+3.787 len=1131.7 ent(t0,t>=1)=(0.277,1.082) aL=-0.0040 vL=0.0366 t0=[red=0.52 blue=0.48]
[u  409] env= 26804224 rsucc=0.757 n_rounds= 1157 ret=+3.282 len=1152.1 ent(t0,t>=1)=(0.271,1.062) aL=-0.0041 vL=0.0389 t0=[red=0.61 blue=0.39]
[u  410] env= 26869760 rsucc=0.729 n_rounds= 1108 ret=+3.600 len=1151.5 ent(t0,t>=1)=(0.311,1.045) aL=-0.0034 vL=0.0321 t0=[red=0.57 blue=0.43]
[u  411] env= 26935296 rsucc=0.721 n_rounds= 1131 ret=+2.924 len=1187.4 ent(t0,t>=1)=(0.266,1.094) aL=-0.0036 vL=0.0387 t0=[red=0.56 blue=0.44]
[u  412] env= 27000832 rsucc=0.730 n_rounds= 1125 ret=+1.921 len=1230.5 ent(t0,t>=1)=(0.315,1.044) aL=-0.0033 vL=0.0348 t0=[red=0.57 blue=0.43]
[u  413] env= 27066368 rsucc=0.773 n_rounds= 1175 ret=+3.736 len=1127.2 ent(t0,t>=1)=(0.302,1.039) aL=-0.0038 vL=0.0403 t0=[red=0.58 blue=0.42]
[u  414] env= 27131904 rsucc=0.760 n_rounds= 1194 ret=+3.454 len=1149.1 ent(t0,t>=1)=(0.287,1.069) aL=-0.0030 vL=0.0396 t0=[red=0.60 blue=0.40]
[u  415] env= 27197440 rsucc=0.701 n_rounds= 1067 ret=+3.327 len=1159.6 ent(t0,t>=1)=(0.317,1.052) aL=-0.0042 vL=0.0312 t0=[red=0.65 blue=0.35]
[u  416] env= 27262976 rsucc=0.731 n_rounds= 1110 ret=+3.319 len=1163.9 ent(t0,t>=1)=(0.301,1.036) aL=-0.0037 vL=0.0353 t0=[red=0.55 blue=0.45]
[u  417] env= 27328512 rsucc=0.768 n_rounds= 1126 ret=+3.581 len=1136.7 ent(t0,t>=1)=(0.260,1.062) aL=-0.0043 vL=0.0374 t0=[red=0.59 blue=0.41]
[u  418] env= 27394048 rsucc=0.730 n_rounds= 1115 ret=+3.390 len=1145.9 ent(t0,t>=1)=(0.293,1.098) aL=-0.0043 vL=0.0345 t0=[red=0.61 blue=0.39]
[u  419] env= 27459584 rsucc=0.746 n_rounds= 1171 ret=+2.884 len=1186.5 ent(t0,t>=1)=(0.243,1.039) aL=-0.0039 vL=0.0398 t0=[red=0.65 blue=0.35]
[u  420] env= 27525120 rsucc=0.778 n_rounds= 1204 ret=+3.712 len=1145.3 ent(t0,t>=1)=(0.260,1.068) aL=-0.0040 vL=0.0403 t0=[red=0.49 blue=0.51]
[u  421] env= 27590656 rsucc=0.768 n_rounds= 1156 ret=+2.561 len=1204.2 ent(t0,t>=1)=(0.286,1.056) aL=-0.0038 vL=0.0414 t0=[red=0.48 blue=0.52]
[u  422] env= 27656192 rsucc=0.760 n_rounds= 1150 ret=+4.594 len=1103.0 ent(t0,t>=1)=(0.314,1.094) aL=-0.0036 vL=0.0387 t0=[red=0.58 blue=0.42]
[u  423] env= 27721728 rsucc=0.765 n_rounds= 1161 ret=+4.771 len=1108.0 ent(t0,t>=1)=(0.302,1.078) aL=-0.0036 vL=0.0391 t0=[red=0.59 blue=0.41]
[u  424] env= 27787264 rsucc=0.771 n_rounds= 1172 ret=+4.687 len=1108.9 ent(t0,t>=1)=(0.315,1.090) aL=-0.0034 vL=0.0388 t0=[red=0.59 blue=0.41]
[u  425] env= 27852800 rsucc=0.750 n_rounds= 1169 ret=+3.889 len=1139.7 ent(t0,t>=1)=(0.267,1.095) aL=-0.0040 vL=0.0374 t0=[red=0.47 blue=0.53]
[u  426] env= 27918336 rsucc=0.761 n_rounds= 1128 ret=+4.111 len=1129.2 ent(t0,t>=1)=(0.307,1.066) aL=-0.0038 vL=0.0369 t0=[red=0.57 blue=0.43]
[u  427] env= 27983872 rsucc=0.719 n_rounds= 1097 ret=+4.225 len=1136.0 ent(t0,t>=1)=(0.331,1.108) aL=-0.0041 vL=0.0341 t0=[red=0.55 blue=0.45]
[u  428] env= 28049408 rsucc=0.725 n_rounds= 1111 ret=+2.688 len=1181.5 ent(t0,t>=1)=(0.315,1.067) aL=-0.0038 vL=0.0351 t0=[red=0.61 blue=0.39]
[u  429] env= 28114944 rsucc=0.734 n_rounds= 1122 ret=+3.723 len=1139.6 ent(t0,t>=1)=(0.311,1.073) aL=-0.0038 vL=0.0333 t0=[red=0.54 blue=0.46]
[u  430] env= 28180480 rsucc=0.725 n_rounds= 1091 ret=+3.852 len=1109.1 ent(t0,t>=1)=(0.286,1.084) aL=-0.0038 vL=0.0380 t0=[red=0.48 blue=0.52]
[u  431] env= 28246016 rsucc=0.750 n_rounds= 1225 ret=+2.124 len=1228.8 ent(t0,t>=1)=(0.301,1.068) aL=-0.0040 vL=0.0406 t0=[red=0.51 blue=0.49]
[u  432] env= 28311552 rsucc=0.783 n_rounds= 1228 ret=+4.011 len=1115.3 ent(t0,t>=1)=(0.279,1.060) aL=-0.0038 vL=0.0433 t0=[red=0.51 blue=0.49]
[u  433] env= 28377088 rsucc=0.718 n_rounds= 1081 ret=+3.713 len=1149.9 ent(t0,t>=1)=(0.251,1.023) aL=-0.0030 vL=0.0328 t0=[red=0.54 blue=0.46]
[u  434] env= 28442624 rsucc=0.706 n_rounds= 1139 ret=+3.678 len=1153.5 ent(t0,t>=1)=(0.305,1.038) aL=-0.0039 vL=0.0376 t0=[red=0.54 blue=0.46]
[u  435] env= 28508160 rsucc=0.761 n_rounds= 1177 ret=+2.849 len=1126.4 ent(t0,t>=1)=(0.292,1.040) aL=-0.0039 vL=0.0397 t0=[red=0.55 blue=0.45]
[u  436] env= 28573696 rsucc=0.790 n_rounds= 1207 ret=+4.071 len=1096.2 ent(t0,t>=1)=(0.275,1.007) aL=-0.0035 vL=0.0391 t0=[red=0.60 blue=0.40]
[u  437] env= 28639232 rsucc=0.770 n_rounds= 1197 ret=+3.852 len=1133.2 ent(t0,t>=1)=(0.320,0.977) aL=-0.0043 vL=0.0377 t0=[red=0.56 blue=0.44]
[u  438] env= 28704768 rsucc=0.762 n_rounds= 1140 ret=+3.944 len=1148.2 ent(t0,t>=1)=(0.312,1.026) aL=-0.0036 vL=0.0361 t0=[red=0.58 blue=0.42]
[u  439] env= 28770304 rsucc=0.752 n_rounds= 1119 ret=+5.651 len=1060.0 ent(t0,t>=1)=(0.290,1.080) aL=-0.0038 vL=0.0361 t0=[red=0.45 blue=0.55]
[u  440] env= 28835840 rsucc=0.753 n_rounds= 1147 ret=+5.363 len=1060.3 ent(t0,t>=1)=(0.297,1.075) aL=-0.0047 vL=0.0385 t0=[red=0.50 blue=0.50]
[u  441] env= 28901376 rsucc=0.754 n_rounds= 1163 ret=+4.051 len=1133.9 ent(t0,t>=1)=(0.274,1.009) aL=-0.0037 vL=0.0375 t0=[red=0.48 blue=0.52]
[u  442] env= 28966912 rsucc=0.724 n_rounds= 1109 ret=+2.420 len=1207.9 ent(t0,t>=1)=(0.235,1.028) aL=-0.0037 vL=0.0365 t0=[red=0.53 blue=0.47]
[u  443] env= 29032448 rsucc=0.764 n_rounds= 1156 ret=+2.429 len=1210.7 ent(t0,t>=1)=(0.275,1.055) aL=-0.0046 vL=0.0384 t0=[red=0.52 blue=0.48]
[u  444] env= 29097984 rsucc=0.767 n_rounds= 1148 ret=+4.225 len=1107.6 ent(t0,t>=1)=(0.229,1.023) aL=-0.0037 vL=0.0383 t0=[red=0.47 blue=0.53]
[u  445] env= 29163520 rsucc=0.713 n_rounds= 1100 ret=+5.032 len=1099.0 ent(t0,t>=1)=(0.290,1.035) aL=-0.0038 vL=0.0343 t0=[red=0.52 blue=0.48]
[u  446] env= 29229056 rsucc=0.781 n_rounds= 1196 ret=+3.291 len=1175.8 ent(t0,t>=1)=(0.284,1.035) aL=-0.0045 vL=0.0378 t0=[red=0.58 blue=0.42]
[u  447] env= 29294592 rsucc=0.750 n_rounds= 1105 ret=+2.920 len=1191.8 ent(t0,t>=1)=(0.284,1.031) aL=-0.0040 vL=0.0353 t0=[red=0.49 blue=0.51]
[u  448] env= 29360128 rsucc=0.739 n_rounds= 1117 ret=+2.273 len=1225.7 ent(t0,t>=1)=(0.284,1.070) aL=-0.0044 vL=0.0344 t0=[red=0.52 blue=0.48]
[u  449] env= 29425664 rsucc=0.747 n_rounds= 1160 ret=+3.408 len=1160.8 ent(t0,t>=1)=(0.275,1.073) aL=-0.0043 vL=0.0381 t0=[red=0.58 blue=0.42]
[u  450] env= 29491200 rsucc=0.799 n_rounds= 1169 ret=+3.207 len=1172.8 ent(t0,t>=1)=(0.272,1.042) aL=-0.0041 vL=0.0398 t0=[red=0.63 blue=0.37]
[u  451] env= 29556736 rsucc=0.737 n_rounds= 1123 ret=+5.127 len=1076.0 ent(t0,t>=1)=(0.292,1.087) aL=-0.0036 vL=0.0359 t0=[red=0.61 blue=0.39]
[u  452] env= 29622272 rsucc=0.773 n_rounds= 1181 ret=+5.101 len=1098.7 ent(t0,t>=1)=(0.250,1.103) aL=-0.0042 vL=0.0390 t0=[red=0.61 blue=0.39]
[u  453] env= 29687808 rsucc=0.716 n_rounds= 1104 ret=+4.630 len=1099.3 ent(t0,t>=1)=(0.262,1.013) aL=-0.0031 vL=0.0347 t0=[red=0.60 blue=0.40]
[u  454] env= 29753344 rsucc=0.741 n_rounds= 1165 ret=+4.261 len=1128.2 ent(t0,t>=1)=(0.216,1.017) aL=-0.0032 vL=0.0365 t0=[red=0.67 blue=0.33]
[u  455] env= 29818880 rsucc=0.793 n_rounds= 1179 ret=+3.087 len=1162.0 ent(t0,t>=1)=(0.247,1.045) aL=-0.0035 vL=0.0390 t0=[red=0.58 blue=0.42]
[u  456] env= 29884416 rsucc=0.731 n_rounds= 1099 ret=+3.151 len=1159.5 ent(t0,t>=1)=(0.272,1.071) aL=-0.0041 vL=0.0350 t0=[red=0.62 blue=0.38]
[u  457] env= 29949952 rsucc=0.735 n_rounds= 1130 ret=+3.117 len=1167.3 ent(t0,t>=1)=(0.244,1.055) aL=-0.0039 vL=0.0364 t0=[red=0.59 blue=0.41]
[u  458] env= 30015488 rsucc=0.784 n_rounds= 1167 ret=+3.245 len=1170.7 ent(t0,t>=1)=(0.222,1.051) aL=-0.0047 vL=0.0384 t0=[red=0.61 blue=0.39]
[u  459] env= 30081024 rsucc=0.690 n_rounds= 1063 ret=+3.621 len=1168.3 ent(t0,t>=1)=(0.257,1.028) aL=-0.0032 vL=0.0353 t0=[red=0.59 blue=0.41]
[u  460] env= 30146560 rsucc=0.774 n_rounds= 1217 ret=+4.035 len=1145.8 ent(t0,t>=1)=(0.190,0.961) aL=-0.0033 vL=0.0420 t0=[red=0.57 blue=0.43]
[u  461] env= 30212096 rsucc=0.777 n_rounds= 1177 ret=+4.483 len=1105.2 ent(t0,t>=1)=(0.233,1.038) aL=-0.0044 vL=0.0373 t0=[red=0.57 blue=0.43]
[u  462] env= 30277632 rsucc=0.713 n_rounds= 1124 ret=+4.147 len=1112.5 ent(t0,t>=1)=(0.282,1.029) aL=-0.0039 vL=0.0348 t0=[red=0.61 blue=0.39]
[u  463] env= 30343168 rsucc=0.741 n_rounds= 1140 ret=+3.463 len=1125.0 ent(t0,t>=1)=(0.238,1.006) aL=-0.0043 vL=0.0364 t0=[red=0.54 blue=0.46]
[u  464] env= 30408704 rsucc=0.744 n_rounds= 1148 ret=+3.256 len=1173.1 ent(t0,t>=1)=(0.233,1.006) aL=-0.0031 vL=0.0366 t0=[red=0.55 blue=0.45]
[u  465] env= 30474240 rsucc=0.779 n_rounds= 1224 ret=+4.894 len=1101.9 ent(t0,t>=1)=(0.263,1.048) aL=-0.0037 vL=0.0417 t0=[red=0.55 blue=0.45]
[u  466] env= 30539776 rsucc=0.737 n_rounds= 1140 ret=+3.753 len=1114.9 ent(t0,t>=1)=(0.270,1.067) aL=-0.0042 vL=0.0357 t0=[red=0.59 blue=0.41]
[u  467] env= 30605312 rsucc=0.728 n_rounds= 1138 ret=+3.283 len=1155.2 ent(t0,t>=1)=(0.290,1.067) aL=-0.0038 vL=0.0345 t0=[red=0.52 blue=0.48]
[u  468] env= 30670848 rsucc=0.750 n_rounds= 1121 ret=+3.031 len=1162.1 ent(t0,t>=1)=(0.301,1.049) aL=-0.0045 vL=0.0354 t0=[red=0.46 blue=0.54]
[u  469] env= 30736384 rsucc=0.754 n_rounds= 1161 ret=+3.097 len=1169.0 ent(t0,t>=1)=(0.257,1.012) aL=-0.0042 vL=0.0355 t0=[red=0.48 blue=0.52]
[u  470] env= 30801920 rsucc=0.767 n_rounds= 1153 ret=+4.225 len=1121.3 ent(t0,t>=1)=(0.215,1.002) aL=-0.0042 vL=0.0363 t0=[red=0.52 blue=0.48]
[u  471] env= 30867456 rsucc=0.752 n_rounds= 1149 ret=+4.851 len=1082.0 ent(t0,t>=1)=(0.229,1.007) aL=-0.0045 vL=0.0359 t0=[red=0.49 blue=0.51]
[u  472] env= 30932992 rsucc=0.786 n_rounds= 1196 ret=+4.142 len=1135.0 ent(t0,t>=1)=(0.254,1.049) aL=-0.0049 vL=0.0390 t0=[red=0.49 blue=0.51]
[u  473] env= 30998528 rsucc=0.763 n_rounds= 1175 ret=+4.156 len=1122.0 ent(t0,t>=1)=(0.230,1.064) aL=-0.0042 vL=0.0352 t0=[red=0.57 blue=0.43]
[u  474] env= 31064064 rsucc=0.746 n_rounds= 1167 ret=+3.243 len=1162.8 ent(t0,t>=1)=(0.227,0.992) aL=-0.0037 vL=0.0369 t0=[red=0.57 blue=0.43]
[u  475] env= 31129600 rsucc=0.776 n_rounds= 1163 ret=+3.952 len=1129.7 ent(t0,t>=1)=(0.248,0.983) aL=-0.0044 vL=0.0364 t0=[red=0.65 blue=0.35]
[u  476] env= 31195136 rsucc=0.767 n_rounds= 1191 ret=+4.363 len=1133.2 ent(t0,t>=1)=(0.259,1.018) aL=-0.0032 vL=0.0362 t0=[red=0.61 blue=0.39]
[u  477] env= 31260672 rsucc=0.798 n_rounds= 1210 ret=+4.903 len=1081.7 ent(t0,t>=1)=(0.231,1.013) aL=-0.0039 vL=0.0444 t0=[red=0.53 blue=0.47]
[u  478] env= 31326208 rsucc=0.731 n_rounds= 1114 ret=+4.249 len=1122.0 ent(t0,t>=1)=(0.229,0.991) aL=-0.0040 vL=0.0348 t0=[red=0.58 blue=0.42]
[u  479] env= 31391744 rsucc=0.733 n_rounds= 1163 ret=+5.126 len=1082.9 ent(t0,t>=1)=(0.264,0.972) aL=-0.0038 vL=0.0390 t0=[red=0.54 blue=0.46]
[u  480] env= 31457280 rsucc=0.803 n_rounds= 1264 ret=+4.833 len=1103.4 ent(t0,t>=1)=(0.232,0.998) aL=-0.0041 vL=0.0390 t0=[red=0.60 blue=0.40]
[u  481] env= 31522816 rsucc=0.771 n_rounds= 1196 ret=+4.691 len=1094.0 ent(t0,t>=1)=(0.224,1.013) aL=-0.0035 vL=0.0380 t0=[red=0.55 blue=0.45]
[u  482] env= 31588352 rsucc=0.773 n_rounds= 1178 ret=+4.303 len=1087.7 ent(t0,t>=1)=(0.215,0.967) aL=-0.0040 vL=0.0380 t0=[red=0.61 blue=0.39]
[u  483] env= 31653888 rsucc=0.737 n_rounds= 1101 ret=+4.007 len=1134.5 ent(t0,t>=1)=(0.254,1.029) aL=-0.0034 vL=0.0324 t0=[red=0.55 blue=0.45]
[u  484] env= 31719424 rsucc=0.720 n_rounds= 1116 ret=+3.864 len=1126.1 ent(t0,t>=1)=(0.238,1.008) aL=-0.0039 vL=0.0327 t0=[red=0.59 blue=0.41]
[u  485] env= 31784960 rsucc=0.790 n_rounds= 1182 ret=+3.501 len=1158.6 ent(t0,t>=1)=(0.286,1.024) aL=-0.0046 vL=0.0381 t0=[red=0.54 blue=0.46]
[u  486] env= 31850496 rsucc=0.787 n_rounds= 1224 ret=+4.368 len=1122.3 ent(t0,t>=1)=(0.256,0.992) aL=-0.0040 vL=0.0390 t0=[red=0.52 blue=0.48]
[u  487] env= 31916032 rsucc=0.795 n_rounds= 1189 ret=+3.889 len=1131.2 ent(t0,t>=1)=(0.228,0.999) aL=-0.0040 vL=0.0418 t0=[red=0.53 blue=0.47]
[u  488] env= 31981568 rsucc=0.762 n_rounds= 1138 ret=+4.465 len=1140.7 ent(t0,t>=1)=(0.213,0.984) aL=-0.0041 vL=0.0380 t0=[red=0.58 blue=0.42]
[u  489] env= 32047104 rsucc=0.724 n_rounds= 1149 ret=+6.226 len=1021.5 ent(t0,t>=1)=(0.254,1.030) aL=-0.0043 vL=0.0373 t0=[red=0.63 blue=0.37]
[u  490] env= 32112640 rsucc=0.712 n_rounds= 1119 ret=+3.401 len=1155.2 ent(t0,t>=1)=(0.235,1.040) aL=-0.0041 vL=0.0329 t0=[red=0.55 blue=0.45]
[u  491] env= 32178176 rsucc=0.770 n_rounds= 1187 ret=+3.822 len=1126.7 ent(t0,t>=1)=(0.274,1.026) aL=-0.0037 vL=0.0381 t0=[red=0.56 blue=0.44]
[u  492] env= 32243712 rsucc=0.774 n_rounds= 1246 ret=+3.425 len=1157.2 ent(t0,t>=1)=(0.235,1.034) aL=-0.0044 vL=0.0438 t0=[red=0.44 blue=0.56]
[u  493] env= 32309248 rsucc=0.789 n_rounds= 1214 ret=+4.848 len=1065.1 ent(t0,t>=1)=(0.262,1.005) aL=-0.0035 vL=0.0416 t0=[red=0.51 blue=0.49]
[u  494] env= 32374784 rsucc=0.756 n_rounds= 1142 ret=+3.068 len=1152.5 ent(t0,t>=1)=(0.239,0.959) aL=-0.0032 vL=0.0377 t0=[red=0.58 blue=0.42]
[u  495] env= 32440320 rsucc=0.766 n_rounds= 1155 ret=+4.612 len=1098.4 ent(t0,t>=1)=(0.259,0.988) aL=-0.0042 vL=0.0373 t0=[red=0.57 blue=0.43]
[u  496] env= 32505856 rsucc=0.733 n_rounds= 1138 ret=+5.111 len=1083.5 ent(t0,t>=1)=(0.271,1.022) aL=-0.0048 vL=0.0377 t0=[red=0.57 blue=0.43]
[u  497] env= 32571392 rsucc=0.791 n_rounds= 1224 ret=+4.128 len=1135.2 ent(t0,t>=1)=(0.202,1.020) aL=-0.0034 vL=0.0427 t0=[red=0.58 blue=0.42]
[u  498] env= 32636928 rsucc=0.745 n_rounds= 1098 ret=+4.905 len=1102.4 ent(t0,t>=1)=(0.239,1.021) aL=-0.0035 vL=0.0334 t0=[red=0.56 blue=0.44]
[u  499] env= 32702464 rsucc=0.768 n_rounds= 1165 ret=+3.416 len=1164.8 ent(t0,t>=1)=(0.225,1.013) aL=-0.0040 vL=0.0377 t0=[red=0.51 blue=0.49]
[u  500] env= 32768000 rsucc=0.764 n_rounds= 1175 ret=+3.450 len=1147.9 ent(t0,t>=1)=(0.246,0.984) aL=-0.0038 vL=0.0343 t0=[red=0.56 blue=0.44]
[u  501] env= 32833536 rsucc=0.725 n_rounds= 1142 ret=+4.433 len=1116.3 ent(t0,t>=1)=(0.211,0.972) aL=-0.0038 vL=0.0343 t0=[red=0.60 blue=0.40]
[u  502] env= 32899072 rsucc=0.762 n_rounds= 1215 ret=+4.017 len=1117.5 ent(t0,t>=1)=(0.218,1.032) aL=-0.0039 vL=0.0393 t0=[red=0.60 blue=0.40]
[u  503] env= 32964608 rsucc=0.797 n_rounds= 1218 ret=+5.713 len=1026.3 ent(t0,t>=1)=(0.187,0.996) aL=-0.0039 vL=0.0440 t0=[red=0.59 blue=0.41]
[u  504] env= 33030144 rsucc=0.745 n_rounds= 1136 ret=+5.121 len=1087.7 ent(t0,t>=1)=(0.223,1.038) aL=-0.0036 vL=0.0369 t0=[red=0.59 blue=0.41]
[u  505] env= 33095680 rsucc=0.766 n_rounds= 1204 ret=+2.660 len=1193.9 ent(t0,t>=1)=(0.237,0.989) aL=-0.0038 vL=0.0384 t0=[red=0.57 blue=0.43]
[u  506] env= 33161216 rsucc=0.790 n_rounds= 1219 ret=+4.464 len=1084.9 ent(t0,t>=1)=(0.235,0.971) aL=-0.0042 vL=0.0399 t0=[red=0.58 blue=0.42]
[u  507] env= 33226752 rsucc=0.717 n_rounds= 1101 ret=+3.974 len=1146.4 ent(t0,t>=1)=(0.244,1.070) aL=-0.0041 vL=0.0352 t0=[red=0.58 blue=0.42]
[u  508] env= 33292288 rsucc=0.811 n_rounds= 1260 ret=+4.816 len=1086.9 ent(t0,t>=1)=(0.200,0.935) aL=-0.0043 vL=0.0440 t0=[red=0.69 blue=0.31]
[u  509] env= 33357824 rsucc=0.772 n_rounds= 1162 ret=+4.093 len=1138.9 ent(t0,t>=1)=(0.257,1.009) aL=-0.0039 vL=0.0375 t0=[red=0.63 blue=0.37]
[u  510] env= 33423360 rsucc=0.766 n_rounds= 1173 ret=+5.544 len=1058.8 ent(t0,t>=1)=(0.238,1.015) aL=-0.0037 vL=0.0396 t0=[red=0.60 blue=0.40]
[u  511] env= 33488896 rsucc=0.790 n_rounds= 1221 ret=+3.117 len=1179.5 ent(t0,t>=1)=(0.256,0.985) aL=-0.0046 vL=0.0393 t0=[red=0.52 blue=0.48]
[u  512] env= 33554432 rsucc=0.794 n_rounds= 1193 ret=+4.989 len=1054.7 ent(t0,t>=1)=(0.223,0.967) aL=-0.0032 vL=0.0392 t0=[red=0.54 blue=0.46]
[u  513] env= 33619968 rsucc=0.712 n_rounds= 1134 ret=+5.162 len=1067.8 ent(t0,t>=1)=(0.212,0.958) aL=-0.0040 vL=0.0321 t0=[red=0.64 blue=0.36]
[u  514] env= 33685504 rsucc=0.702 n_rounds= 1096 ret=+4.357 len=1124.7 ent(t0,t>=1)=(0.274,1.039) aL=-0.0042 vL=0.0330 t0=[red=0.59 blue=0.41]
[u  515] env= 33751040 rsucc=0.772 n_rounds= 1226 ret=+4.431 len=1106.2 ent(t0,t>=1)=(0.257,1.004) aL=-0.0036 vL=0.0404 t0=[red=0.60 blue=0.40]
[u  516] env= 33816576 rsucc=0.810 n_rounds= 1225 ret=+3.848 len=1145.8 ent(t0,t>=1)=(0.258,1.002) aL=-0.0035 vL=0.0430 t0=[red=0.55 blue=0.45]
[u  517] env= 33882112 rsucc=0.763 n_rounds= 1164 ret=+4.850 len=1071.1 ent(t0,t>=1)=(0.274,0.967) aL=-0.0037 vL=0.0397 t0=[red=0.59 blue=0.41]
[u  518] env= 33947648 rsucc=0.776 n_rounds= 1228 ret=+3.763 len=1124.7 ent(t0,t>=1)=(0.215,0.956) aL=-0.0034 vL=0.0409 t0=[red=0.53 blue=0.47]
[u  519] env= 34013184 rsucc=0.801 n_rounds= 1215 ret=+4.176 len=1136.3 ent(t0,t>=1)=(0.215,0.946) aL=-0.0039 vL=0.0387 t0=[red=0.63 blue=0.37]
[u  520] env= 34078720 rsucc=0.768 n_rounds= 1193 ret=+5.595 len=1042.7 ent(t0,t>=1)=(0.257,0.955) aL=-0.0032 vL=0.0386 t0=[red=0.51 blue=0.49]
[u  521] env= 34144256 rsucc=0.745 n_rounds= 1180 ret=+4.762 len=1089.3 ent(t0,t>=1)=(0.254,0.987) aL=-0.0041 vL=0.0390 t0=[red=0.61 blue=0.39]
[u  522] env= 34209792 rsucc=0.747 n_rounds= 1164 ret=+4.939 len=1076.2 ent(t0,t>=1)=(0.286,1.005) aL=-0.0048 vL=0.0387 t0=[red=0.56 blue=0.44]
[u  523] env= 34275328 rsucc=0.804 n_rounds= 1253 ret=+4.239 len=1121.4 ent(t0,t>=1)=(0.246,0.981) aL=-0.0040 vL=0.0399 t0=[red=0.60 blue=0.40]
[u  524] env= 34340864 rsucc=0.719 n_rounds= 1090 ret=+4.311 len=1124.3 ent(t0,t>=1)=(0.275,0.996) aL=-0.0030 vL=0.0362 t0=[red=0.53 blue=0.47]
[u  525] env= 34406400 rsucc=0.786 n_rounds= 1190 ret=+4.181 len=1101.1 ent(t0,t>=1)=(0.272,1.014) aL=-0.0037 vL=0.0440 t0=[red=0.54 blue=0.46]
[u  526] env= 34471936 rsucc=0.763 n_rounds= 1180 ret=+4.494 len=1109.4 ent(t0,t>=1)=(0.228,1.020) aL=-0.0039 vL=0.0397 t0=[red=0.56 blue=0.44]
[u  527] env= 34537472 rsucc=0.772 n_rounds= 1139 ret=+4.246 len=1136.7 ent(t0,t>=1)=(0.312,1.023) aL=-0.0042 vL=0.0368 t0=[red=0.44 blue=0.56]
[u  528] env= 34603008 rsucc=0.728 n_rounds= 1058 ret=+4.340 len=1105.4 ent(t0,t>=1)=(0.335,0.989) aL=-0.0037 vL=0.0327 t0=[red=0.49 blue=0.51]
[u  529] env= 34668544 rsucc=0.734 n_rounds= 1112 ret=+3.797 len=1160.0 ent(t0,t>=1)=(0.307,0.980) aL=-0.0035 vL=0.0346 t0=[red=0.57 blue=0.43]
[u  530] env= 34734080 rsucc=0.710 n_rounds= 1110 ret=+3.256 len=1166.3 ent(t0,t>=1)=(0.323,0.998) aL=-0.0041 vL=0.0354 t0=[red=0.60 blue=0.40]
[u  531] env= 34799616 rsucc=0.781 n_rounds= 1206 ret=+2.866 len=1184.5 ent(t0,t>=1)=(0.257,0.958) aL=-0.0032 vL=0.0404 t0=[red=0.56 blue=0.44]
[u  532] env= 34865152 rsucc=0.831 n_rounds= 1270 ret=+2.954 len=1193.2 ent(t0,t>=1)=(0.230,0.907) aL=-0.0035 vL=0.0433 t0=[red=0.55 blue=0.45]
[u  533] env= 34930688 rsucc=0.781 n_rounds= 1232 ret=+5.045 len=1078.6 ent(t0,t>=1)=(0.244,0.978) aL=-0.0036 vL=0.0380 t0=[red=0.41 blue=0.59]
[u  534] env= 34996224 rsucc=0.785 n_rounds= 1239 ret=+5.775 len=1043.0 ent(t0,t>=1)=(0.223,0.967) aL=-0.0036 vL=0.0422 t0=[red=0.51 blue=0.49]
[u  535] env= 35061760 rsucc=0.721 n_rounds= 1088 ret=+4.751 len=1096.0 ent(t0,t>=1)=(0.296,1.025) aL=-0.0033 vL=0.0339 t0=[red=0.56 blue=0.44]
[u  536] env= 35127296 rsucc=0.736 n_rounds= 1207 ret=+4.510 len=1117.6 ent(t0,t>=1)=(0.277,1.010) aL=-0.0036 vL=0.0395 t0=[red=0.49 blue=0.51]
[u  537] env= 35192832 rsucc=0.774 n_rounds= 1218 ret=+4.237 len=1097.7 ent(t0,t>=1)=(0.237,0.972) aL=-0.0036 vL=0.0415 t0=[red=0.44 blue=0.56]
[u  538] env= 35258368 rsucc=0.777 n_rounds= 1187 ret=+5.193 len=1036.1 ent(t0,t>=1)=(0.258,0.925) aL=-0.0036 vL=0.0412 t0=[red=0.48 blue=0.52]
[u  539] env= 35323904 rsucc=0.769 n_rounds= 1171 ret=+4.123 len=1111.3 ent(t0,t>=1)=(0.272,0.884) aL=-0.0029 vL=0.0361 t0=[red=0.57 blue=0.43]
[u  540] env= 35389440 rsucc=0.797 n_rounds= 1226 ret=+3.915 len=1148.0 ent(t0,t>=1)=(0.256,0.961) aL=-0.0033 vL=0.0425 t0=[red=0.42 blue=0.58]
[u  541] env= 35454976 rsucc=0.834 n_rounds= 1334 ret=+4.563 len=1087.3 ent(t0,t>=1)=(0.200,0.964) aL=-0.0038 vL=0.0420 t0=[red=0.49 blue=0.51]
[u  542] env= 35520512 rsucc=0.824 n_rounds= 1262 ret=+5.796 len=1049.8 ent(t0,t>=1)=(0.230,0.929) aL=-0.0044 vL=0.0428 t0=[red=0.57 blue=0.43]
[u  543] env= 35586048 rsucc=0.739 n_rounds= 1133 ret=+6.085 len=1034.8 ent(t0,t>=1)=(0.264,1.002) aL=-0.0037 vL=0.0371 t0=[red=0.51 blue=0.49]
[u  544] env= 35651584 rsucc=0.765 n_rounds= 1149 ret=+5.123 len=1080.1 ent(t0,t>=1)=(0.276,1.016) aL=-0.0037 vL=0.0381 t0=[red=0.55 blue=0.45]
[u  545] env= 35717120 rsucc=0.722 n_rounds= 1167 ret=+5.718 len=1064.7 ent(t0,t>=1)=(0.217,1.029) aL=-0.0039 vL=0.0377 t0=[red=0.56 blue=0.44]
[u  546] env= 35782656 rsucc=0.771 n_rounds= 1216 ret=+5.169 len=1067.8 ent(t0,t>=1)=(0.235,1.000) aL=-0.0037 vL=0.0416 t0=[red=0.60 blue=0.40]
[u  547] env= 35848192 rsucc=0.764 n_rounds= 1201 ret=+4.735 len=1070.7 ent(t0,t>=1)=(0.274,0.992) aL=-0.0040 vL=0.0408 t0=[red=0.62 blue=0.38]
[u  548] env= 35913728 rsucc=0.764 n_rounds= 1171 ret=+4.268 len=1124.7 ent(t0,t>=1)=(0.309,0.982) aL=-0.0035 vL=0.0392 t0=[red=0.62 blue=0.38]
[u  549] env= 35979264 rsucc=0.788 n_rounds= 1232 ret=+3.339 len=1138.7 ent(t0,t>=1)=(0.234,0.998) aL=-0.0037 vL=0.0419 t0=[red=0.52 blue=0.48]
[u  550] env= 36044800 rsucc=0.791 n_rounds= 1185 ret=+3.581 len=1139.7 ent(t0,t>=1)=(0.273,0.978) aL=-0.0030 vL=0.0408 t0=[red=0.58 blue=0.42]
[u  551] env= 36110336 rsucc=0.731 n_rounds= 1150 ret=+5.148 len=1093.2 ent(t0,t>=1)=(0.264,1.021) aL=-0.0035 vL=0.0378 t0=[red=0.59 blue=0.41]
[u  552] env= 36175872 rsucc=0.753 n_rounds= 1203 ret=+4.947 len=1082.1 ent(t0,t>=1)=(0.197,0.952) aL=-0.0033 vL=0.0402 t0=[red=0.62 blue=0.38]
[u  553] env= 36241408 rsucc=0.808 n_rounds= 1208 ret=+4.688 len=1069.3 ent(t0,t>=1)=(0.229,0.934) aL=-0.0040 vL=0.0397 t0=[red=0.57 blue=0.43]
[u  554] env= 36306944 rsucc=0.767 n_rounds= 1175 ret=+3.741 len=1138.0 ent(t0,t>=1)=(0.286,0.964) aL=-0.0049 vL=0.0368 t0=[red=0.59 blue=0.41]
[u  555] env= 36372480 rsucc=0.797 n_rounds= 1229 ret=+5.425 len=1058.2 ent(t0,t>=1)=(0.210,0.957) aL=-0.0033 vL=0.0422 t0=[red=0.54 blue=0.46]
[u  556] env= 36438016 rsucc=0.727 n_rounds= 1110 ret=+5.084 len=1089.9 ent(t0,t>=1)=(0.301,0.970) aL=-0.0039 vL=0.0327 t0=[red=0.55 blue=0.45]
[u  557] env= 36503552 rsucc=0.761 n_rounds= 1185 ret=+4.004 len=1147.2 ent(t0,t>=1)=(0.251,0.937) aL=-0.0044 vL=0.0382 t0=[red=0.55 blue=0.45]
[u  558] env= 36569088 rsucc=0.741 n_rounds= 1175 ret=+4.933 len=1096.0 ent(t0,t>=1)=(0.245,0.928) aL=-0.0037 vL=0.0358 t0=[red=0.55 blue=0.45]
[u  559] env= 36634624 rsucc=0.757 n_rounds= 1142 ret=+3.723 len=1123.6 ent(t0,t>=1)=(0.291,0.984) aL=-0.0039 vL=0.0349 t0=[red=0.58 blue=0.42]
[u  560] env= 36700160 rsucc=0.700 n_rounds= 1087 ret=+2.438 len=1178.6 ent(t0,t>=1)=(0.241,0.962) aL=-0.0033 vL=0.0343 t0=[red=0.68 blue=0.32]
[u  561] env= 36765696 rsucc=0.778 n_rounds= 1236 ret=+4.972 len=1069.8 ent(t0,t>=1)=(0.230,0.935) aL=-0.0034 vL=0.0396 t0=[red=0.58 blue=0.42]
[u  562] env= 36831232 rsucc=0.820 n_rounds= 1317 ret=+4.276 len=1128.6 ent(t0,t>=1)=(0.213,0.929) aL=-0.0036 vL=0.0483 t0=[red=0.60 blue=0.40]
[u  563] env= 36896768 rsucc=0.752 n_rounds= 1147 ret=+4.531 len=1077.2 ent(t0,t>=1)=(0.255,0.968) aL=-0.0036 vL=0.0350 t0=[red=0.55 blue=0.45]
[u  564] env= 36962304 rsucc=0.747 n_rounds= 1188 ret=+3.116 len=1160.3 ent(t0,t>=1)=(0.275,0.988) aL=-0.0036 vL=0.0372 t0=[red=0.44 blue=0.56]
[u  565] env= 37027840 rsucc=0.789 n_rounds= 1225 ret=+4.490 len=1094.1 ent(t0,t>=1)=(0.250,0.959) aL=-0.0027 vL=0.0390 t0=[red=0.48 blue=0.52]
[u  566] env= 37093376 rsucc=0.794 n_rounds= 1216 ret=+5.188 len=1105.8 ent(t0,t>=1)=(0.244,0.983) aL=-0.0036 vL=0.0413 t0=[red=0.57 blue=0.43]
[u  567] env= 37158912 rsucc=0.823 n_rounds= 1294 ret=+6.519 len=1001.7 ent(t0,t>=1)=(0.218,0.940) aL=-0.0041 vL=0.0454 t0=[red=0.57 blue=0.43]
[u  568] env= 37224448 rsucc=0.821 n_rounds= 1212 ret=+5.513 len=1059.8 ent(t0,t>=1)=(0.250,0.972) aL=-0.0038 vL=0.0401 t0=[red=0.50 blue=0.50]
[u  569] env= 37289984 rsucc=0.751 n_rounds= 1199 ret=+4.652 len=1093.9 ent(t0,t>=1)=(0.223,0.945) aL=-0.0033 vL=0.0375 t0=[red=0.58 blue=0.42]
[u  570] env= 37355520 rsucc=0.814 n_rounds= 1234 ret=+5.360 len=1067.9 ent(t0,t>=1)=(0.248,0.917) aL=-0.0038 vL=0.0427 t0=[red=0.59 blue=0.41]
[u  571] env= 37421056 rsucc=0.794 n_rounds= 1250 ret=+5.424 len=1055.2 ent(t0,t>=1)=(0.218,0.944) aL=-0.0046 vL=0.0422 t0=[red=0.58 blue=0.42]
[u  572] env= 37486592 rsucc=0.789 n_rounds= 1220 ret=+5.597 len=1064.0 ent(t0,t>=1)=(0.227,0.962) aL=-0.0034 vL=0.0422 t0=[red=0.56 blue=0.44]
[u  573] env= 37552128 rsucc=0.783 n_rounds= 1192 ret=+5.240 len=1081.1 ent(t0,t>=1)=(0.226,0.977) aL=-0.0041 vL=0.0379 t0=[red=0.45 blue=0.55]
[u  574] env= 37617664 rsucc=0.764 n_rounds= 1185 ret=+5.319 len=1072.8 ent(t0,t>=1)=(0.215,1.009) aL=-0.0042 vL=0.0372 t0=[red=0.44 blue=0.56]
[u  575] env= 37683200 rsucc=0.762 n_rounds= 1166 ret=+4.280 len=1111.5 ent(t0,t>=1)=(0.232,0.982) aL=-0.0038 vL=0.0381 t0=[red=0.56 blue=0.44]
[u  576] env= 37748736 rsucc=0.739 n_rounds= 1149 ret=+4.842 len=1075.9 ent(t0,t>=1)=(0.180,0.915) aL=-0.0027 vL=0.0358 t0=[red=0.51 blue=0.49]
[u  577] env= 37814272 rsucc=0.749 n_rounds= 1205 ret=+4.514 len=1106.9 ent(t0,t>=1)=(0.234,0.928) aL=-0.0032 vL=0.0372 t0=[red=0.53 blue=0.47]
[u  578] env= 37879808 rsucc=0.782 n_rounds= 1184 ret=+3.885 len=1121.6 ent(t0,t>=1)=(0.282,0.948) aL=-0.0037 vL=0.0385 t0=[red=0.60 blue=0.40]
[u  579] env= 37945344 rsucc=0.762 n_rounds= 1160 ret=+3.915 len=1130.7 ent(t0,t>=1)=(0.252,0.974) aL=-0.0035 vL=0.0385 t0=[red=0.53 blue=0.47]
[u  580] env= 38010880 rsucc=0.838 n_rounds= 1361 ret=+5.556 len=1052.0 ent(t0,t>=1)=(0.191,0.945) aL=-0.0050 vL=0.0493 t0=[red=0.57 blue=0.43]
[u  581] env= 38076416 rsucc=0.825 n_rounds= 1282 ret=+5.518 len=1057.8 ent(t0,t>=1)=(0.203,0.902) aL=-0.0033 vL=0.0422 t0=[red=0.55 blue=0.45]
[u  582] env= 38141952 rsucc=0.771 n_rounds= 1209 ret=+5.369 len=1062.9 ent(t0,t>=1)=(0.205,0.927) aL=-0.0040 vL=0.0373 t0=[red=0.57 blue=0.43]
[u  583] env= 38207488 rsucc=0.760 n_rounds= 1210 ret=+4.921 len=1089.1 ent(t0,t>=1)=(0.167,0.933) aL=-0.0032 vL=0.0370 t0=[red=0.64 blue=0.36]
[u  584] env= 38273024 rsucc=0.839 n_rounds= 1320 ret=+5.887 len=1011.7 ent(t0,t>=1)=(0.164,0.899) aL=-0.0034 vL=0.0453 t0=[red=0.57 blue=0.43]
[u  585] env= 38338560 rsucc=0.785 n_rounds= 1193 ret=+5.401 len=1038.0 ent(t0,t>=1)=(0.215,0.930) aL=-0.0034 vL=0.0385 t0=[red=0.58 blue=0.42]
[u  586] env= 38404096 rsucc=0.770 n_rounds= 1200 ret=+5.656 len=1059.1 ent(t0,t>=1)=(0.220,0.954) aL=-0.0037 vL=0.0401 t0=[red=0.50 blue=0.50]
[u  587] env= 38469632 rsucc=0.811 n_rounds= 1293 ret=+4.746 len=1108.5 ent(t0,t>=1)=(0.197,0.948) aL=-0.0037 vL=0.0398 t0=[red=0.56 blue=0.44]
[u  588] env= 38535168 rsucc=0.738 n_rounds= 1137 ret=+4.765 len=1068.1 ent(t0,t>=1)=(0.195,0.959) aL=-0.0035 vL=0.0380 t0=[red=0.46 blue=0.54]
[u  589] env= 38600704 rsucc=0.707 n_rounds= 1083 ret=+5.313 len=1056.3 ent(t0,t>=1)=(0.238,0.950) aL=-0.0037 vL=0.0336 t0=[red=0.49 blue=0.51]
[u  590] env= 38666240 rsucc=0.731 n_rounds= 1160 ret=+5.706 len=1040.2 ent(t0,t>=1)=(0.257,0.964) aL=-0.0033 vL=0.0402 t0=[red=0.50 blue=0.50]
[u  591] env= 38731776 rsucc=0.771 n_rounds= 1225 ret=+4.207 len=1107.6 ent(t0,t>=1)=(0.245,0.942) aL=-0.0051 vL=0.0429 t0=[red=0.48 blue=0.52]
[u  592] env= 38797312 rsucc=0.770 n_rounds= 1171 ret=+3.871 len=1130.4 ent(t0,t>=1)=(0.230,1.003) aL=-0.0038 vL=0.0377 t0=[red=0.53 blue=0.47]
[u  593] env= 38862848 rsucc=0.814 n_rounds= 1254 ret=+4.282 len=1105.8 ent(t0,t>=1)=(0.188,0.941) aL=-0.0034 vL=0.0407 t0=[red=0.61 blue=0.39]
[u  594] env= 38928384 rsucc=0.810 n_rounds= 1290 ret=+4.686 len=1092.2 ent(t0,t>=1)=(0.198,0.939) aL=-0.0033 vL=0.0433 t0=[red=0.66 blue=0.34]
[u  595] env= 38993920 rsucc=0.782 n_rounds= 1204 ret=+4.922 len=1082.8 ent(t0,t>=1)=(0.199,0.917) aL=-0.0037 vL=0.0409 t0=[red=0.64 blue=0.36]
[u  596] env= 39059456 rsucc=0.783 n_rounds= 1219 ret=+5.274 len=1086.6 ent(t0,t>=1)=(0.187,0.916) aL=-0.0029 vL=0.0385 t0=[red=0.59 blue=0.41]
[u  597] env= 39124992 rsucc=0.739 n_rounds= 1164 ret=+4.872 len=1078.3 ent(t0,t>=1)=(0.244,0.952) aL=-0.0037 vL=0.0371 t0=[red=0.59 blue=0.41]
[u  598] env= 39190528 rsucc=0.822 n_rounds= 1312 ret=+5.357 len=1050.8 ent(t0,t>=1)=(0.199,0.891) aL=-0.0045 vL=0.0450 t0=[red=0.56 blue=0.44]
[u  599] env= 39256064 rsucc=0.798 n_rounds= 1213 ret=+5.210 len=1069.8 ent(t0,t>=1)=(0.215,0.964) aL=-0.0031 vL=0.0412 t0=[red=0.59 blue=0.41]
[u  600] env= 39321600 rsucc=0.764 n_rounds= 1198 ret=+5.237 len=1061.5 ent(t0,t>=1)=(0.252,0.961) aL=-0.0037 vL=0.0376 t0=[red=0.59 blue=0.41]
[u  601] env= 39387136 rsucc=0.757 n_rounds= 1148 ret=+5.359 len=1058.5 ent(t0,t>=1)=(0.243,0.952) aL=-0.0033 vL=0.0380 t0=[red=0.55 blue=0.45]
[u  602] env= 39452672 rsucc=0.739 n_rounds= 1140 ret=+4.455 len=1097.3 ent(t0,t>=1)=(0.268,1.000) aL=-0.0033 vL=0.0353 t0=[red=0.49 blue=0.51]
[u  603] env= 39518208 rsucc=0.764 n_rounds= 1211 ret=+4.315 len=1122.7 ent(t0,t>=1)=(0.196,0.888) aL=-0.0034 vL=0.0373 t0=[red=0.63 blue=0.37]
[u  604] env= 39583744 rsucc=0.772 n_rounds= 1143 ret=+3.732 len=1145.7 ent(t0,t>=1)=(0.208,0.963) aL=-0.0034 vL=0.0374 t0=[red=0.61 blue=0.39]
[u  605] env= 39649280 rsucc=0.789 n_rounds= 1201 ret=+3.588 len=1133.2 ent(t0,t>=1)=(0.212,0.979) aL=-0.0038 vL=0.0404 t0=[red=0.51 blue=0.49]
[u  606] env= 39714816 rsucc=0.778 n_rounds= 1155 ret=+3.761 len=1126.9 ent(t0,t>=1)=(0.241,0.954) aL=-0.0032 vL=0.0366 t0=[red=0.55 blue=0.45]
[u  607] env= 39780352 rsucc=0.769 n_rounds= 1168 ret=+4.403 len=1118.2 ent(t0,t>=1)=(0.258,0.959) aL=-0.0031 vL=0.0387 t0=[red=0.56 blue=0.44]
[u  608] env= 39845888 rsucc=0.796 n_rounds= 1252 ret=+4.673 len=1119.0 ent(t0,t>=1)=(0.219,0.963) aL=-0.0044 vL=0.0422 t0=[red=0.60 blue=0.40]
[u  609] env= 39911424 rsucc=0.796 n_rounds= 1262 ret=+5.327 len=1077.5 ent(t0,t>=1)=(0.187,0.928) aL=-0.0031 vL=0.0424 t0=[red=0.48 blue=0.52]
[u  610] env= 39976960 rsucc=0.772 n_rounds= 1248 ret=+5.761 len=1029.3 ent(t0,t>=1)=(0.162,0.932) aL=-0.0033 vL=0.0426 t0=[red=0.54 blue=0.46]
[u  611] env= 40042496 rsucc=0.827 n_rounds= 1292 ret=+5.388 len=1070.8 ent(t0,t>=1)=(0.170,0.878) aL=-0.0035 vL=0.0424 t0=[red=0.46 blue=0.54]
[u  612] env= 40108032 rsucc=0.790 n_rounds= 1252 ret=+5.256 len=1060.1 ent(t0,t>=1)=(0.218,0.918) aL=-0.0034 vL=0.0391 t0=[red=0.37 blue=0.63]
[u  613] env= 40173568 rsucc=0.803 n_rounds= 1292 ret=+4.861 len=1083.2 ent(t0,t>=1)=(0.208,0.850) aL=-0.0038 vL=0.0416 t0=[red=0.47 blue=0.53]
[u  614] env= 40239104 rsucc=0.781 n_rounds= 1205 ret=+6.217 len=1015.9 ent(t0,t>=1)=(0.215,0.887) aL=-0.0033 vL=0.0394 t0=[red=0.58 blue=0.42]
[u  615] env= 40304640 rsucc=0.765 n_rounds= 1187 ret=+6.230 len=1014.8 ent(t0,t>=1)=(0.234,0.969) aL=-0.0042 vL=0.0391 t0=[red=0.46 blue=0.54]
[u  616] env= 40370176 rsucc=0.764 n_rounds= 1198 ret=+6.242 len=1023.2 ent(t0,t>=1)=(0.197,0.925) aL=-0.0031 vL=0.0383 t0=[red=0.61 blue=0.39]
[u  617] env= 40435712 rsucc=0.787 n_rounds= 1214 ret=+4.766 len=1081.7 ent(t0,t>=1)=(0.214,0.936) aL=-0.0036 vL=0.0378 t0=[red=0.62 blue=0.38]
[u  618] env= 40501248 rsucc=0.758 n_rounds= 1207 ret=+4.720 len=1078.1 ent(t0,t>=1)=(0.197,0.903) aL=-0.0031 vL=0.0395 t0=[red=0.47 blue=0.53]
[u  619] env= 40566784 rsucc=0.797 n_rounds= 1261 ret=+4.508 len=1096.6 ent(t0,t>=1)=(0.188,0.895) aL=-0.0031 vL=0.0428 t0=[red=0.58 blue=0.42]
[u  620] env= 40632320 rsucc=0.741 n_rounds= 1187 ret=+4.679 len=1090.9 ent(t0,t>=1)=(0.211,0.946) aL=-0.0035 vL=0.0396 t0=[red=0.59 blue=0.41]
[u  621] env= 40697856 rsucc=0.759 n_rounds= 1195 ret=+5.192 len=1059.2 ent(t0,t>=1)=(0.166,0.920) aL=-0.0037 vL=0.0397 t0=[red=0.58 blue=0.42]
[u  622] env= 40763392 rsucc=0.815 n_rounds= 1257 ret=+4.893 len=1092.5 ent(t0,t>=1)=(0.186,0.870) aL=-0.0033 vL=0.0427 t0=[red=0.54 blue=0.46]
[u  623] env= 40828928 rsucc=0.788 n_rounds= 1224 ret=+4.648 len=1078.1 ent(t0,t>=1)=(0.176,0.904) aL=-0.0038 vL=0.0384 t0=[red=0.59 blue=0.41]
[u  624] env= 40894464 rsucc=0.760 n_rounds= 1210 ret=+4.735 len=1072.9 ent(t0,t>=1)=(0.203,0.851) aL=-0.0027 vL=0.0374 t0=[red=0.61 blue=0.39]
[u  625] env= 40960000 rsucc=0.755 n_rounds= 1165 ret=+4.738 len=1078.6 ent(t0,t>=1)=(0.218,0.921) aL=-0.0029 vL=0.0379 t0=[red=0.61 blue=0.39]
[u  626] env= 41025536 rsucc=0.768 n_rounds= 1222 ret=+4.973 len=1076.2 ent(t0,t>=1)=(0.216,0.922) aL=-0.0035 vL=0.0405 t0=[red=0.58 blue=0.42]
[u  627] env= 41091072 rsucc=0.794 n_rounds= 1234 ret=+5.112 len=1060.5 ent(t0,t>=1)=(0.185,0.891) aL=-0.0042 vL=0.0409 t0=[red=0.55 blue=0.45]
[u  628] env= 41156608 rsucc=0.804 n_rounds= 1267 ret=+5.396 len=1063.4 ent(t0,t>=1)=(0.186,0.851) aL=-0.0033 vL=0.0429 t0=[red=0.58 blue=0.42]
[u  629] env= 41222144 rsucc=0.797 n_rounds= 1263 ret=+5.156 len=1084.3 ent(t0,t>=1)=(0.169,0.885) aL=-0.0035 vL=0.0413 t0=[red=0.55 blue=0.45]
[u  630] env= 41287680 rsucc=0.830 n_rounds= 1282 ret=+4.913 len=1074.2 ent(t0,t>=1)=(0.200,0.867) aL=-0.0033 vL=0.0405 t0=[red=0.57 blue=0.43]
[u  631] env= 41353216 rsucc=0.790 n_rounds= 1222 ret=+5.559 len=1046.5 ent(t0,t>=1)=(0.205,0.929) aL=-0.0031 vL=0.0394 t0=[red=0.52 blue=0.48]
[u  632] env= 41418752 rsucc=0.765 n_rounds= 1193 ret=+5.161 len=1074.2 ent(t0,t>=1)=(0.177,0.905) aL=-0.0032 vL=0.0393 t0=[red=0.58 blue=0.42]
[u  633] env= 41484288 rsucc=0.771 n_rounds= 1246 ret=+4.406 len=1107.6 ent(t0,t>=1)=(0.162,0.901) aL=-0.0027 vL=0.0417 t0=[red=0.57 blue=0.43]
[u  634] env= 41549824 rsucc=0.843 n_rounds= 1335 ret=+5.605 len=1041.7 ent(t0,t>=1)=(0.169,0.895) aL=-0.0029 vL=0.0472 t0=[red=0.56 blue=0.44]
[u  635] env= 41615360 rsucc=0.806 n_rounds= 1243 ret=+5.623 len=1042.7 ent(t0,t>=1)=(0.197,0.914) aL=-0.0038 vL=0.0425 t0=[red=0.54 blue=0.46]
[u  636] env= 41680896 rsucc=0.833 n_rounds= 1267 ret=+7.645 len=961.2 ent(t0,t>=1)=(0.195,0.913) aL=-0.0037 vL=0.0421 t0=[red=0.70 blue=0.30]
[u  637] env= 41746432 rsucc=0.789 n_rounds= 1225 ret=+6.011 len=1041.9 ent(t0,t>=1)=(0.167,0.889) aL=-0.0035 vL=0.0404 t0=[red=0.68 blue=0.32]
[u  638] env= 41811968 rsucc=0.762 n_rounds= 1170 ret=+5.782 len=1063.5 ent(t0,t>=1)=(0.226,0.925) aL=-0.0032 vL=0.0384 t0=[red=0.52 blue=0.48]
[u  639] env= 41877504 rsucc=0.761 n_rounds= 1190 ret=+5.406 len=1062.8 ent(t0,t>=1)=(0.181,0.940) aL=-0.0032 vL=0.0398 t0=[red=0.51 blue=0.49]
[u  640] env= 41943040 rsucc=0.776 n_rounds= 1207 ret=+4.492 len=1089.4 ent(t0,t>=1)=(0.218,0.926) aL=-0.0034 vL=0.0392 t0=[red=0.48 blue=0.52]
[u  641] env= 42008576 rsucc=0.816 n_rounds= 1285 ret=+4.161 len=1135.9 ent(t0,t>=1)=(0.195,0.894) aL=-0.0036 vL=0.0459 t0=[red=0.53 blue=0.47]
[u  642] env= 42074112 rsucc=0.803 n_rounds= 1239 ret=+5.629 len=1044.0 ent(t0,t>=1)=(0.162,0.935) aL=-0.0033 vL=0.0416 t0=[red=0.54 blue=0.46]
[u  643] env= 42139648 rsucc=0.836 n_rounds= 1343 ret=+6.358 len=1021.2 ent(t0,t>=1)=(0.118,0.877) aL=-0.0034 vL=0.0449 t0=[red=0.57 blue=0.43]
[u  644] env= 42205184 rsucc=0.787 n_rounds= 1229 ret=+6.698 len=1003.3 ent(t0,t>=1)=(0.188,0.892) aL=-0.0036 vL=0.0399 t0=[red=0.52 blue=0.48]
[u  645] env= 42270720 rsucc=0.799 n_rounds= 1247 ret=+5.877 len=1058.6 ent(t0,t>=1)=(0.200,0.940) aL=-0.0026 vL=0.0420 t0=[red=0.57 blue=0.43]
[u  646] env= 42336256 rsucc=0.804 n_rounds= 1264 ret=+5.821 len=1024.7 ent(t0,t>=1)=(0.141,0.947) aL=-0.0038 vL=0.0400 t0=[red=0.59 blue=0.41]
[u  647] env= 42401792 rsucc=0.786 n_rounds= 1250 ret=+4.909 len=1076.2 ent(t0,t>=1)=(0.193,0.940) aL=-0.0038 vL=0.0424 t0=[red=0.58 blue=0.42]
[u  648] env= 42467328 rsucc=0.793 n_rounds= 1251 ret=+5.963 len=1033.0 ent(t0,t>=1)=(0.214,0.942) aL=-0.0042 vL=0.0400 t0=[red=0.55 blue=0.45]
[u  649] env= 42532864 rsucc=0.829 n_rounds= 1330 ret=+5.643 len=1060.1 ent(t0,t>=1)=(0.166,0.862) aL=-0.0030 vL=0.0461 t0=[red=0.54 blue=0.46]
[u  650] env= 42598400 rsucc=0.802 n_rounds= 1268 ret=+6.497 len=974.5 ent(t0,t>=1)=(0.159,0.946) aL=-0.0026 vL=0.0425 t0=[red=0.61 blue=0.39]
[u  651] env= 42663936 rsucc=0.778 n_rounds= 1199 ret=+5.866 len=1037.6 ent(t0,t>=1)=(0.173,0.953) aL=-0.0035 vL=0.0383 t0=[red=0.65 blue=0.35]
[u  652] env= 42729472 rsucc=0.759 n_rounds= 1204 ret=+5.942 len=1035.0 ent(t0,t>=1)=(0.222,0.932) aL=-0.0028 vL=0.0390 t0=[red=0.53 blue=0.47]
[u  653] env= 42795008 rsucc=0.834 n_rounds= 1340 ret=+7.137 len=967.0 ent(t0,t>=1)=(0.180,0.846) aL=-0.0030 vL=0.0495 t0=[red=0.64 blue=0.36]
[u  654] env= 42860544 rsucc=0.827 n_rounds= 1309 ret=+5.817 len=1022.5 ent(t0,t>=1)=(0.129,0.810) aL=-0.0032 vL=0.0434 t0=[red=0.54 blue=0.46]
[u  655] env= 42926080 rsucc=0.824 n_rounds= 1240 ret=+5.702 len=1064.7 ent(t0,t>=1)=(0.182,0.880) aL=-0.0032 vL=0.0436 t0=[red=0.53 blue=0.47]
[u  656] env= 42991616 rsucc=0.805 n_rounds= 1265 ret=+5.646 len=1038.6 ent(t0,t>=1)=(0.169,0.853) aL=-0.0038 vL=0.0433 t0=[red=0.64 blue=0.36]
[u  657] env= 43057152 rsucc=0.785 n_rounds= 1213 ret=+5.582 len=1067.3 ent(t0,t>=1)=(0.147,0.900) aL=-0.0042 vL=0.0411 t0=[red=0.53 blue=0.47]
[u  658] env= 43122688 rsucc=0.797 n_rounds= 1169 ret=+5.762 len=1041.8 ent(t0,t>=1)=(0.177,0.918) aL=-0.0036 vL=0.0382 t0=[red=0.52 blue=0.48]
[u  659] env= 43188224 rsucc=0.768 n_rounds= 1196 ret=+5.139 len=1089.1 ent(t0,t>=1)=(0.177,0.943) aL=-0.0033 vL=0.0411 t0=[red=0.55 blue=0.45]
[u  660] env= 43253760 rsucc=0.769 n_rounds= 1178 ret=+4.720 len=1118.0 ent(t0,t>=1)=(0.207,0.900) aL=-0.0051 vL=0.0408 t0=[red=0.54 blue=0.46]
[u  661] env= 43319296 rsucc=0.778 n_rounds= 1218 ret=+5.406 len=1068.2 ent(t0,t>=1)=(0.160,0.854) aL=-0.0027 vL=0.0413 t0=[red=0.59 blue=0.41]
[u  662] env= 43384832 rsucc=0.811 n_rounds= 1264 ret=+4.649 len=1080.4 ent(t0,t>=1)=(0.140,0.858) aL=-0.0035 vL=0.0410 t0=[red=0.53 blue=0.47]
[u  663] env= 43450368 rsucc=0.780 n_rounds= 1242 ret=+5.202 len=1049.4 ent(t0,t>=1)=(0.168,0.944) aL=-0.0022 vL=0.0441 t0=[red=0.48 blue=0.52]
[u  664] env= 43515904 rsucc=0.782 n_rounds= 1214 ret=+5.728 len=1053.4 ent(t0,t>=1)=(0.148,0.882) aL=-0.0038 vL=0.0388 t0=[red=0.55 blue=0.45]
[u  665] env= 43581440 rsucc=0.782 n_rounds= 1198 ret=+5.081 len=1091.7 ent(t0,t>=1)=(0.184,0.859) aL=-0.0026 vL=0.0392 t0=[red=0.51 blue=0.49]
[u  666] env= 43646976 rsucc=0.788 n_rounds= 1250 ret=+5.687 len=1056.7 ent(t0,t>=1)=(0.156,0.881) aL=-0.0029 vL=0.0455 t0=[red=0.52 blue=0.48]
[u  667] env= 43712512 rsucc=0.779 n_rounds= 1238 ret=+4.996 len=1068.3 ent(t0,t>=1)=(0.140,0.882) aL=-0.0033 vL=0.0399 t0=[red=0.65 blue=0.35]
[u  668] env= 43778048 rsucc=0.822 n_rounds= 1225 ret=+5.541 len=1034.3 ent(t0,t>=1)=(0.168,0.855) aL=-0.0029 vL=0.0406 t0=[red=0.60 blue=0.40]
[u  669] env= 43843584 rsucc=0.842 n_rounds= 1382 ret=+4.701 len=1111.2 ent(t0,t>=1)=(0.154,0.860) aL=-0.0024 vL=0.0477 t0=[red=0.59 blue=0.41]
[u  670] env= 43909120 rsucc=0.827 n_rounds= 1222 ret=+6.579 len=1008.6 ent(t0,t>=1)=(0.167,0.925) aL=-0.0030 vL=0.0426 t0=[red=0.62 blue=0.38]
[u  671] env= 43974656 rsucc=0.803 n_rounds= 1259 ret=+6.538 len=1010.0 ent(t0,t>=1)=(0.159,0.889) aL=-0.0032 vL=0.0430 t0=[red=0.55 blue=0.45]
[u  672] env= 44040192 rsucc=0.791 n_rounds= 1242 ret=+5.933 len=1052.9 ent(t0,t>=1)=(0.148,0.934) aL=-0.0031 vL=0.0433 t0=[red=0.60 blue=0.40]
[u  673] env= 44105728 rsucc=0.840 n_rounds= 1398 ret=+6.066 len=1029.2 ent(t0,t>=1)=(0.161,0.883) aL=-0.0029 vL=0.0457 t0=[red=0.53 blue=0.47]
[u  674] env= 44171264 rsucc=0.751 n_rounds= 1193 ret=+5.771 len=1034.8 ent(t0,t>=1)=(0.201,0.877) aL=-0.0027 vL=0.0378 t0=[red=0.62 blue=0.38]
[u  675] env= 44236800 rsucc=0.758 n_rounds= 1170 ret=+5.467 len=1045.4 ent(t0,t>=1)=(0.217,0.890) aL=-0.0035 vL=0.0402 t0=[red=0.52 blue=0.48]
[u  676] env= 44302336 rsucc=0.784 n_rounds= 1275 ret=+5.910 len=1031.3 ent(t0,t>=1)=(0.142,0.903) aL=-0.0033 vL=0.0431 t0=[red=0.53 blue=0.47]
[u  677] env= 44367872 rsucc=0.816 n_rounds= 1309 ret=+3.856 len=1108.6 ent(t0,t>=1)=(0.162,0.844) aL=-0.0027 vL=0.0429 t0=[red=0.56 blue=0.44]
[u  678] env= 44433408 rsucc=0.806 n_rounds= 1291 ret=+5.573 len=1043.3 ent(t0,t>=1)=(0.145,0.873) aL=-0.0030 vL=0.0438 t0=[red=0.57 blue=0.43]
[u  679] env= 44498944 rsucc=0.827 n_rounds= 1326 ret=+7.434 len=955.0 ent(t0,t>=1)=(0.131,0.826) aL=-0.0025 vL=0.0451 t0=[red=0.63 blue=0.37]
[u  680] env= 44564480 rsucc=0.799 n_rounds= 1256 ret=+6.885 len=984.5 ent(t0,t>=1)=(0.176,0.829) aL=-0.0027 vL=0.0406 t0=[red=0.58 blue=0.42]
[u  681] env= 44630016 rsucc=0.788 n_rounds= 1238 ret=+4.949 len=1073.6 ent(t0,t>=1)=(0.165,0.813) aL=-0.0025 vL=0.0454 t0=[red=0.67 blue=0.33]
[u  682] env= 44695552 rsucc=0.754 n_rounds= 1193 ret=+6.501 len=972.0 ent(t0,t>=1)=(0.177,0.867) aL=-0.0024 vL=0.0391 t0=[red=0.65 blue=0.35]
[u  683] env= 44761088 rsucc=0.809 n_rounds= 1225 ret=+5.150 len=1070.4 ent(t0,t>=1)=(0.187,0.892) aL=-0.0036 vL=0.0427 t0=[red=0.53 blue=0.47]
[u  684] env= 44826624 rsucc=0.768 n_rounds= 1189 ret=+4.527 len=1109.0 ent(t0,t>=1)=(0.220,0.965) aL=-0.0029 vL=0.0387 t0=[red=0.58 blue=0.42]
[u  685] env= 44892160 rsucc=0.778 n_rounds= 1227 ret=+4.630 len=1085.7 ent(t0,t>=1)=(0.210,0.910) aL=-0.0030 vL=0.0434 t0=[red=0.56 blue=0.44]
[u  686] env= 44957696 rsucc=0.845 n_rounds= 1306 ret=+5.506 len=1061.7 ent(t0,t>=1)=(0.181,0.857) aL=-0.0024 vL=0.0445 t0=[red=0.59 blue=0.41]
[u  687] env= 45023232 rsucc=0.824 n_rounds= 1306 ret=+5.456 len=1052.2 ent(t0,t>=1)=(0.183,0.827) aL=-0.0030 vL=0.0447 t0=[red=0.60 blue=0.40]
[u  688] env= 45088768 rsucc=0.814 n_rounds= 1272 ret=+5.516 len=1069.9 ent(t0,t>=1)=(0.144,0.839) aL=-0.0024 vL=0.0432 t0=[red=0.62 blue=0.38]
[u  689] env= 45154304 rsucc=0.848 n_rounds= 1356 ret=+7.042 len=999.6 ent(t0,t>=1)=(0.125,0.789) aL=-0.0027 vL=0.0459 t0=[red=0.69 blue=0.31]
[u  690] env= 45219840 rsucc=0.792 n_rounds= 1171 ret=+7.688 len=973.9 ent(t0,t>=1)=(0.160,0.820) aL=-0.0029 vL=0.0375 t0=[red=0.65 blue=0.35]
[u  691] env= 45285376 rsucc=0.766 n_rounds= 1177 ret=+5.920 len=1051.1 ent(t0,t>=1)=(0.183,0.895) aL=-0.0028 vL=0.0371 t0=[red=0.59 blue=0.41]
[u  692] env= 45350912 rsucc=0.795 n_rounds= 1241 ret=+4.906 len=1071.8 ent(t0,t>=1)=(0.159,0.868) aL=-0.0024 vL=0.0414 t0=[red=0.64 blue=0.36]
[u  693] env= 45416448 rsucc=0.827 n_rounds= 1275 ret=+4.556 len=1096.9 ent(t0,t>=1)=(0.165,0.824) aL=-0.0021 vL=0.0442 t0=[red=0.64 blue=0.36]
[u  694] env= 45481984 rsucc=0.837 n_rounds= 1360 ret=+6.483 len=1028.7 ent(t0,t>=1)=(0.135,0.860) aL=-0.0025 vL=0.0509 t0=[red=0.59 blue=0.41]
[u  695] env= 45547520 rsucc=0.840 n_rounds= 1315 ret=+7.023 len=986.5 ent(t0,t>=1)=(0.154,0.884) aL=-0.0026 vL=0.0429 t0=[red=0.54 blue=0.46]
[u  696] env= 45613056 rsucc=0.817 n_rounds= 1249 ret=+6.790 len=1013.1 ent(t0,t>=1)=(0.134,0.841) aL=-0.0025 vL=0.0385 t0=[red=0.55 blue=0.45]
[u  697] env= 45678592 rsucc=0.801 n_rounds= 1295 ret=+6.848 len=1008.0 ent(t0,t>=1)=(0.157,0.870) aL=-0.0023 vL=0.0452 t0=[red=0.50 blue=0.50]
[u  698] env= 45744128 rsucc=0.837 n_rounds= 1315 ret=+6.982 len=983.4 ent(t0,t>=1)=(0.188,0.853) aL=-0.0027 vL=0.0418 t0=[red=0.48 blue=0.52]
[u  699] env= 45809664 rsucc=0.820 n_rounds= 1279 ret=+5.476 len=1068.4 ent(t0,t>=1)=(0.177,0.878) aL=-0.0032 vL=0.0445 t0=[red=0.41 blue=0.59]
[u  700] env= 45875200 rsucc=0.778 n_rounds= 1232 ret=+6.613 len=1011.0 ent(t0,t>=1)=(0.126,0.848) aL=-0.0023 vL=0.0417 t0=[red=0.47 blue=0.53]
[u  701] env= 45940736 rsucc=0.755 n_rounds= 1207 ret=+5.110 len=1057.1 ent(t0,t>=1)=(0.174,0.915) aL=-0.0029 vL=0.0400 t0=[red=0.50 blue=0.50]
[u  702] env= 46006272 rsucc=0.805 n_rounds= 1291 ret=+6.379 len=1016.4 ent(t0,t>=1)=(0.201,0.874) aL=-0.0030 vL=0.0431 t0=[red=0.56 blue=0.44]
[u  703] env= 46071808 rsucc=0.840 n_rounds= 1410 ret=+6.092 len=1010.6 ent(t0,t>=1)=(0.134,0.812) aL=-0.0024 vL=0.0537 t0=[red=0.64 blue=0.36]
[u  704] env= 46137344 rsucc=0.801 n_rounds= 1244 ret=+5.839 len=1016.1 ent(t0,t>=1)=(0.137,0.867) aL=-0.0023 vL=0.0406 t0=[red=0.58 blue=0.42]
[u  705] env= 46202880 rsucc=0.787 n_rounds= 1224 ret=+5.440 len=1045.9 ent(t0,t>=1)=(0.176,0.876) aL=-0.0028 vL=0.0394 t0=[red=0.65 blue=0.35]
[u  706] env= 46268416 rsucc=0.766 n_rounds= 1221 ret=+5.601 len=1040.4 ent(t0,t>=1)=(0.134,0.853) aL=-0.0027 vL=0.0403 t0=[red=0.58 blue=0.42]
[u  707] env= 46333952 rsucc=0.799 n_rounds= 1256 ret=+5.764 len=1048.5 ent(t0,t>=1)=(0.158,0.844) aL=-0.0024 vL=0.0426 t0=[red=0.43 blue=0.57]
[u  708] env= 46399488 rsucc=0.810 n_rounds= 1308 ret=+7.297 len=942.0 ent(t0,t>=1)=(0.140,0.795) aL=-0.0027 vL=0.0472 t0=[red=0.53 blue=0.47]
[u  709] env= 46465024 rsucc=0.816 n_rounds= 1301 ret=+5.969 len=1041.5 ent(t0,t>=1)=(0.148,0.826) aL=-0.0024 vL=0.0450 t0=[red=0.54 blue=0.46]
[u  710] env= 46530560 rsucc=0.830 n_rounds= 1368 ret=+6.423 len=1019.4 ent(t0,t>=1)=(0.117,0.886) aL=-0.0029 vL=0.0471 t0=[red=0.44 blue=0.56]
[u  711] env= 46596096 rsucc=0.825 n_rounds= 1218 ret=+4.837 len=1069.8 ent(t0,t>=1)=(0.163,0.851) aL=-0.0025 vL=0.0384 t0=[red=0.53 blue=0.47]
[u  712] env= 46661632 rsucc=0.764 n_rounds= 1197 ret=+7.054 len=981.3 ent(t0,t>=1)=(0.165,0.884) aL=-0.0025 vL=0.0426 t0=[red=0.66 blue=0.34]
[u  713] env= 46727168 rsucc=0.815 n_rounds= 1287 ret=+6.122 len=1022.4 ent(t0,t>=1)=(0.151,0.874) aL=-0.0027 vL=0.0442 t0=[red=0.66 blue=0.34]
[u  714] env= 46792704 rsucc=0.777 n_rounds= 1262 ret=+5.120 len=1051.9 ent(t0,t>=1)=(0.156,0.807) aL=-0.0021 vL=0.0435 t0=[red=0.60 blue=0.40]
[u  715] env= 46858240 rsucc=0.804 n_rounds= 1285 ret=+6.104 len=1029.9 ent(t0,t>=1)=(0.170,0.861) aL=-0.0023 vL=0.0414 t0=[red=0.59 blue=0.41]
[u  716] env= 46923776 rsucc=0.778 n_rounds= 1254 ret=+5.286 len=1064.6 ent(t0,t>=1)=(0.185,0.863) aL=-0.0023 vL=0.0398 t0=[red=0.65 blue=0.35]
[u  717] env= 46989312 rsucc=0.783 n_rounds= 1220 ret=+6.021 len=1010.6 ent(t0,t>=1)=(0.173,0.855) aL=-0.0021 vL=0.0415 t0=[red=0.61 blue=0.39]
[u  718] env= 47054848 rsucc=0.795 n_rounds= 1249 ret=+4.880 len=1064.9 ent(t0,t>=1)=(0.156,0.775) aL=-0.0024 vL=0.0375 t0=[red=0.50 blue=0.50]
[u  719] env= 47120384 rsucc=0.836 n_rounds= 1288 ret=+5.031 len=1081.2 ent(t0,t>=1)=(0.169,0.838) aL=-0.0026 vL=0.0439 t0=[red=0.54 blue=0.46]
[u  720] env= 47185920 rsucc=0.847 n_rounds= 1333 ret=+7.410 len=971.0 ent(t0,t>=1)=(0.143,0.839) aL=-0.0033 vL=0.0448 t0=[red=0.55 blue=0.45]
[u  721] env= 47251456 rsucc=0.809 n_rounds= 1320 ret=+5.869 len=1033.7 ent(t0,t>=1)=(0.150,0.844) aL=-0.0033 vL=0.0423 t0=[red=0.58 blue=0.42]
[u  722] env= 47316992 rsucc=0.794 n_rounds= 1258 ret=+6.853 len=980.3 ent(t0,t>=1)=(0.150,0.823) aL=-0.0018 vL=0.0388 t0=[red=0.58 blue=0.42]
[u  723] env= 47382528 rsucc=0.831 n_rounds= 1270 ret=+6.145 len=1025.8 ent(t0,t>=1)=(0.135,0.890) aL=-0.0030 vL=0.0448 t0=[red=0.64 blue=0.36]
[u  724] env= 47448064 rsucc=0.844 n_rounds= 1318 ret=+5.610 len=1061.8 ent(t0,t>=1)=(0.117,0.886) aL=-0.0027 vL=0.0461 t0=[red=0.59 blue=0.41]
[u  725] env= 47513600 rsucc=0.778 n_rounds= 1227 ret=+6.224 len=1034.8 ent(t0,t>=1)=(0.149,0.872) aL=-0.0022 vL=0.0415 t0=[red=0.53 blue=0.47]
[u  726] env= 47579136 rsucc=0.838 n_rounds= 1342 ret=+7.122 len=973.6 ent(t0,t>=1)=(0.121,0.859) aL=-0.0026 vL=0.0464 t0=[red=0.56 blue=0.44]
[u  727] env= 47644672 rsucc=0.812 n_rounds= 1289 ret=+7.535 len=957.4 ent(t0,t>=1)=(0.156,0.883) aL=-0.0023 vL=0.0416 t0=[red=0.53 blue=0.47]
[u  728] env= 47710208 rsucc=0.824 n_rounds= 1270 ret=+6.776 len=1005.2 ent(t0,t>=1)=(0.142,0.844) aL=-0.0023 vL=0.0409 t0=[red=0.56 blue=0.44]
[u  729] env= 47775744 rsucc=0.818 n_rounds= 1244 ret=+6.008 len=1030.7 ent(t0,t>=1)=(0.194,0.900) aL=-0.0024 vL=0.0404 t0=[red=0.55 blue=0.45]
[u  730] env= 47841280 rsucc=0.788 n_rounds= 1260 ret=+6.143 len=1049.1 ent(t0,t>=1)=(0.165,0.904) aL=-0.0023 vL=0.0445 t0=[red=0.48 blue=0.52]
[u  731] env= 47906816 rsucc=0.827 n_rounds= 1301 ret=+5.051 len=1068.4 ent(t0,t>=1)=(0.123,0.824) aL=-0.0028 vL=0.0435 t0=[red=0.60 blue=0.40]
[u  732] env= 47972352 rsucc=0.839 n_rounds= 1380 ret=+6.491 len=1013.0 ent(t0,t>=1)=(0.132,0.833) aL=-0.0021 vL=0.0488 t0=[red=0.60 blue=0.40]
[u  733] env= 48037888 rsucc=0.839 n_rounds= 1320 ret=+6.458 len=1005.2 ent(t0,t>=1)=(0.104,0.829) aL=-0.0021 vL=0.0473 t0=[red=0.59 blue=0.41]
[u  734] env= 48103424 rsucc=0.816 n_rounds= 1252 ret=+6.868 len=991.1 ent(t0,t>=1)=(0.136,0.841) aL=-0.0022 vL=0.0438 t0=[red=0.62 blue=0.38]
[u  735] env= 48168960 rsucc=0.840 n_rounds= 1334 ret=+6.543 len=996.3 ent(t0,t>=1)=(0.140,0.838) aL=-0.0023 vL=0.0481 t0=[red=0.54 blue=0.46]
[u  736] env= 48234496 rsucc=0.820 n_rounds= 1308 ret=+6.523 len=1003.5 ent(t0,t>=1)=(0.114,0.814) aL=-0.0023 vL=0.0431 t0=[red=0.56 blue=0.44]
[u  737] env= 48300032 rsucc=0.834 n_rounds= 1344 ret=+6.960 len=1016.2 ent(t0,t>=1)=(0.115,0.877) aL=-0.0028 vL=0.0457 t0=[red=0.51 blue=0.49]
[u  738] env= 48365568 rsucc=0.796 n_rounds= 1242 ret=+6.178 len=1030.6 ent(t0,t>=1)=(0.145,0.920) aL=-0.0030 vL=0.0415 t0=[red=0.60 blue=0.40]
[u  739] env= 48431104 rsucc=0.794 n_rounds= 1249 ret=+6.060 len=1033.9 ent(t0,t>=1)=(0.129,0.896) aL=-0.0022 vL=0.0410 t0=[red=0.60 blue=0.40]
[u  740] env= 48496640 rsucc=0.826 n_rounds= 1275 ret=+6.284 len=1017.8 ent(t0,t>=1)=(0.145,0.837) aL=-0.0024 vL=0.0416 t0=[red=0.54 blue=0.46]
[u  741] env= 48562176 rsucc=0.767 n_rounds= 1154 ret=+7.234 len=980.5 ent(t0,t>=1)=(0.197,0.869) aL=-0.0021 vL=0.0424 t0=[red=0.68 blue=0.32]
[u  742] env= 48627712 rsucc=0.781 n_rounds= 1262 ret=+6.140 len=1020.6 ent(t0,t>=1)=(0.156,0.806) aL=-0.0024 vL=0.0425 t0=[red=0.60 blue=0.40]
[u  743] env= 48693248 rsucc=0.793 n_rounds= 1300 ret=+5.013 len=1051.1 ent(t0,t>=1)=(0.137,0.803) aL=-0.0026 vL=0.0398 t0=[red=0.49 blue=0.51]
[u  744] env= 48758784 rsucc=0.803 n_rounds= 1292 ret=+4.990 len=1085.5 ent(t0,t>=1)=(0.146,0.900) aL=-0.0023 vL=0.0464 t0=[red=0.55 blue=0.45]
[u  745] env= 48824320 rsucc=0.827 n_rounds= 1324 ret=+6.015 len=1014.5 ent(t0,t>=1)=(0.157,0.832) aL=-0.0021 vL=0.0470 t0=[red=0.61 blue=0.39]
[u  746] env= 48889856 rsucc=0.791 n_rounds= 1245 ret=+6.564 len=1001.4 ent(t0,t>=1)=(0.160,0.873) aL=-0.0028 vL=0.0455 t0=[red=0.60 blue=0.40]
[u  747] env= 48955392 rsucc=0.820 n_rounds= 1298 ret=+7.512 len=953.8 ent(t0,t>=1)=(0.130,0.831) aL=-0.0026 vL=0.0441 t0=[red=0.54 blue=0.46]
[u  748] env= 49020928 rsucc=0.840 n_rounds= 1322 ret=+5.762 len=1050.2 ent(t0,t>=1)=(0.137,0.858) aL=-0.0022 vL=0.0463 t0=[red=0.47 blue=0.53]
[u  749] env= 49086464 rsucc=0.829 n_rounds= 1321 ret=+6.202 len=1016.0 ent(t0,t>=1)=(0.152,0.863) aL=-0.0021 vL=0.0469 t0=[red=0.59 blue=0.41]
[u  750] env= 49152000 rsucc=0.822 n_rounds= 1324 ret=+6.440 len=1011.6 ent(t0,t>=1)=(0.161,0.903) aL=-0.0023 vL=0.0465 t0=[red=0.60 blue=0.40]
[u  751] env= 49217536 rsucc=0.835 n_rounds= 1281 ret=+6.432 len=995.9 ent(t0,t>=1)=(0.158,0.870) aL=-0.0018 vL=0.0418 t0=[red=0.59 blue=0.41]
[u  752] env= 49283072 rsucc=0.828 n_rounds= 1276 ret=+5.991 len=1053.2 ent(t0,t>=1)=(0.142,0.888) aL=-0.0018 vL=0.0429 t0=[red=0.54 blue=0.46]
[u  753] env= 49348608 rsucc=0.800 n_rounds= 1289 ret=+6.893 len=1009.3 ent(t0,t>=1)=(0.173,0.833) aL=-0.0018 vL=0.0447 t0=[red=0.54 blue=0.46]
[u  754] env= 49414144 rsucc=0.836 n_rounds= 1285 ret=+7.214 len=956.4 ent(t0,t>=1)=(0.130,0.758) aL=-0.0015 vL=0.0429 t0=[red=0.61 blue=0.39]
[u  755] env= 49479680 rsucc=0.821 n_rounds= 1343 ret=+7.302 len=969.9 ent(t0,t>=1)=(0.115,0.838) aL=-0.0019 vL=0.0452 t0=[red=0.59 blue=0.41]
[u  756] env= 49545216 rsucc=0.852 n_rounds= 1292 ret=+6.426 len=1047.6 ent(t0,t>=1)=(0.131,0.816) aL=-0.0021 vL=0.0445 t0=[red=0.63 blue=0.37]
[u  757] env= 49610752 rsucc=0.822 n_rounds= 1328 ret=+6.086 len=1018.0 ent(t0,t>=1)=(0.121,0.774) aL=-0.0016 vL=0.0418 t0=[red=0.60 blue=0.40]
[u  758] env= 49676288 rsucc=0.852 n_rounds= 1321 ret=+7.065 len=983.8 ent(t0,t>=1)=(0.128,0.775) aL=-0.0015 vL=0.0452 t0=[red=0.56 blue=0.44]
[u  759] env= 49741824 rsucc=0.804 n_rounds= 1281 ret=+6.996 len=997.6 ent(t0,t>=1)=(0.109,0.786) aL=-0.0018 vL=0.0403 t0=[red=0.59 blue=0.41]
[u  760] env= 49807360 rsucc=0.822 n_rounds= 1297 ret=+6.584 len=995.3 ent(t0,t>=1)=(0.130,0.834) aL=-0.0017 vL=0.0430 t0=[red=0.56 blue=0.44]
[u  761] env= 49872896 rsucc=0.834 n_rounds= 1346 ret=+6.252 len=1023.3 ent(t0,t>=1)=(0.119,0.807) aL=-0.0018 vL=0.0431 t0=[red=0.61 blue=0.39]
[u  762] env= 49938432 rsucc=0.814 n_rounds= 1264 ret=+7.009 len=1000.1 ent(t0,t>=1)=(0.156,0.905) aL=-0.0019 vL=0.0428 t0=[red=0.48 blue=0.52]
[u  763] env= 50003968 rsucc=0.809 n_rounds= 1310 ret=+6.261 len=1001.1 ent(t0,t>=1)=(0.151,0.906) aL=-0.0021 vL=0.0449 t0=[red=0.55 blue=0.45]
[u  764] env= 50069504 rsucc=0.801 n_rounds= 1274 ret=+6.865 len=986.4 ent(t0,t>=1)=(0.149,0.889) aL=-0.0021 vL=0.0445 t0=[red=0.61 blue=0.39]
[u  765] env= 50135040 rsucc=0.813 n_rounds= 1311 ret=+5.954 len=1016.6 ent(t0,t>=1)=(0.176,0.866) aL=-0.0024 vL=0.0458 t0=[red=0.56 blue=0.44]
[u  766] env= 50200576 rsucc=0.776 n_rounds= 1208 ret=+5.307 len=1061.1 ent(t0,t>=1)=(0.162,0.916) aL=-0.0019 vL=0.0438 t0=[red=0.62 blue=0.38]
[u  767] env= 50266112 rsucc=0.783 n_rounds= 1259 ret=+5.657 len=1052.0 ent(t0,t>=1)=(0.119,0.967) aL=-0.0022 vL=0.0447 t0=[red=0.61 blue=0.39]
[u  768] env= 50331648 rsucc=0.804 n_rounds= 1283 ret=+6.298 len=1011.1 ent(t0,t>=1)=(0.125,0.919) aL=-0.0026 vL=0.0460 t0=[red=0.55 blue=0.45]
[u  769] env= 50397184 rsucc=0.843 n_rounds= 1339 ret=+6.114 len=1029.4 ent(t0,t>=1)=(0.168,0.825) aL=-0.0019 vL=0.0438 t0=[red=0.51 blue=0.49]
[u  770] env= 50462720 rsucc=0.830 n_rounds= 1328 ret=+5.322 len=1057.8 ent(t0,t>=1)=(0.176,0.840) aL=-0.0017 vL=0.0457 t0=[red=0.45 blue=0.55]
[u  771] env= 50528256 rsucc=0.793 n_rounds= 1259 ret=+6.721 len=981.8 ent(t0,t>=1)=(0.146,0.881) aL=-0.0016 vL=0.0404 t0=[red=0.64 blue=0.36]
[u  772] env= 50593792 rsucc=0.786 n_rounds= 1283 ret=+6.638 len=975.7 ent(t0,t>=1)=(0.161,0.888) aL=-0.0019 vL=0.0453 t0=[red=0.58 blue=0.42]
[u  773] env= 50659328 rsucc=0.863 n_rounds= 1387 ret=+6.795 len=993.6 ent(t0,t>=1)=(0.131,0.779) aL=-0.0017 vL=0.0483 t0=[red=0.54 blue=0.46]
[u  774] env= 50724864 rsucc=0.828 n_rounds= 1313 ret=+6.481 len=995.8 ent(t0,t>=1)=(0.146,0.836) aL=-0.0014 vL=0.0457 t0=[red=0.52 blue=0.48]
[u  775] env= 50790400 rsucc=0.814 n_rounds= 1341 ret=+6.420 len=1017.9 ent(t0,t>=1)=(0.135,0.833) aL=-0.0018 vL=0.0474 t0=[red=0.57 blue=0.43]
[u  776] env= 50855936 rsucc=0.817 n_rounds= 1283 ret=+7.105 len=969.3 ent(t0,t>=1)=(0.141,0.805) aL=-0.0018 vL=0.0434 t0=[red=0.62 blue=0.38]
[u  777] env= 50921472 rsucc=0.831 n_rounds= 1304 ret=+7.042 len=976.6 ent(t0,t>=1)=(0.137,0.844) aL=-0.0018 vL=0.0460 t0=[red=0.62 blue=0.38]
[u  778] env= 50987008 rsucc=0.843 n_rounds= 1313 ret=+6.758 len=980.6 ent(t0,t>=1)=(0.143,0.847) aL=-0.0017 vL=0.0472 t0=[red=0.62 blue=0.38]
[u  779] env= 51052544 rsucc=0.807 n_rounds= 1281 ret=+6.309 len=1030.2 ent(t0,t>=1)=(0.133,0.899) aL=-0.0018 vL=0.0429 t0=[red=0.59 blue=0.41]
[u  780] env= 51118080 rsucc=0.809 n_rounds= 1224 ret=+6.515 len=1017.7 ent(t0,t>=1)=(0.143,0.904) aL=-0.0018 vL=0.0404 t0=[red=0.49 blue=0.51]
[u  781] env= 51183616 rsucc=0.853 n_rounds= 1384 ret=+7.189 len=993.7 ent(t0,t>=1)=(0.158,0.828) aL=-0.0013 vL=0.0504 t0=[red=0.51 blue=0.49]
[u  782] env= 51249152 rsucc=0.834 n_rounds= 1340 ret=+6.180 len=1035.6 ent(t0,t>=1)=(0.144,0.825) aL=-0.0015 vL=0.0461 t0=[red=0.61 blue=0.39]
[u  783] env= 51314688 rsucc=0.802 n_rounds= 1273 ret=+6.571 len=998.8 ent(t0,t>=1)=(0.147,0.880) aL=-0.0011 vL=0.0440 t0=[red=0.55 blue=0.45]
[u  784] env= 51380224 rsucc=0.824 n_rounds= 1290 ret=+6.055 len=1015.6 ent(t0,t>=1)=(0.138,0.916) aL=-0.0018 vL=0.0461 t0=[red=0.55 blue=0.45]
[u  785] env= 51445760 rsucc=0.823 n_rounds= 1314 ret=+7.119 len=992.7 ent(t0,t>=1)=(0.148,0.887) aL=-0.0016 vL=0.0440 t0=[red=0.60 blue=0.40]
[u  786] env= 51511296 rsucc=0.844 n_rounds= 1312 ret=+6.966 len=1005.7 ent(t0,t>=1)=(0.146,0.906) aL=-0.0016 vL=0.0490 t0=[red=0.51 blue=0.49]
[u  787] env= 51576832 rsucc=0.819 n_rounds= 1316 ret=+7.164 len=963.6 ent(t0,t>=1)=(0.136,0.848) aL=-0.0018 vL=0.0483 t0=[red=0.54 blue=0.46]
[u  788] env= 51642368 rsucc=0.847 n_rounds= 1336 ret=+6.208 len=1022.7 ent(t0,t>=1)=(0.126,0.811) aL=-0.0014 vL=0.0474 t0=[red=0.53 blue=0.47]
[u  789] env= 51707904 rsucc=0.835 n_rounds= 1359 ret=+7.588 len=974.5 ent(t0,t>=1)=(0.131,0.860) aL=-0.0016 vL=0.0488 t0=[red=0.47 blue=0.53]
[u  790] env= 51773440 rsucc=0.803 n_rounds= 1247 ret=+6.240 len=1027.6 ent(t0,t>=1)=(0.105,0.934) aL=-0.0017 vL=0.0420 t0=[red=0.55 blue=0.45]
[u  791] env= 51838976 rsucc=0.830 n_rounds= 1366 ret=+7.297 len=948.5 ent(t0,t>=1)=(0.132,0.918) aL=-0.0015 vL=0.0459 t0=[red=0.52 blue=0.48]
[u  792] env= 51904512 rsucc=0.844 n_rounds= 1309 ret=+6.097 len=1030.9 ent(t0,t>=1)=(0.193,0.960) aL=-0.0012 vL=0.0468 t0=[red=0.50 blue=0.50]
[u  793] env= 51970048 rsucc=0.829 n_rounds= 1341 ret=+6.834 len=1004.2 ent(t0,t>=1)=(0.102,0.833) aL=-0.0015 vL=0.0469 t0=[red=0.55 blue=0.45]
[u  794] env= 52035584 rsucc=0.856 n_rounds= 1434 ret=+7.721 len=942.9 ent(t0,t>=1)=(0.078,0.774) aL=-0.0014 vL=0.0528 t0=[red=0.55 blue=0.45]
[u  795] env= 52101120 rsucc=0.843 n_rounds= 1317 ret=+8.157 len=919.0 ent(t0,t>=1)=(0.125,0.800) aL=-0.0013 vL=0.0436 t0=[red=0.57 blue=0.43]
[u  796] env= 52166656 rsucc=0.814 n_rounds= 1295 ret=+6.477 len=1022.5 ent(t0,t>=1)=(0.135,0.835) aL=-0.0018 vL=0.0410 t0=[red=0.52 blue=0.48]
[u  797] env= 52232192 rsucc=0.862 n_rounds= 1328 ret=+6.767 len=998.3 ent(t0,t>=1)=(0.140,0.860) aL=-0.0014 vL=0.0465 t0=[red=0.50 blue=0.50]
[u  798] env= 52297728 rsucc=0.825 n_rounds= 1300 ret=+6.965 len=984.6 ent(t0,t>=1)=(0.135,0.851) aL=-0.0015 vL=0.0460 t0=[red=0.57 blue=0.43]
[u  799] env= 52363264 rsucc=0.820 n_rounds= 1308 ret=+7.926 len=938.3 ent(t0,t>=1)=(0.169,0.850) aL=-0.0011 vL=0.0441 t0=[red=0.61 blue=0.39]
[u  800] env= 52428800 rsucc=0.804 n_rounds= 1251 ret=+6.902 len=1007.2 ent(t0,t>=1)=(0.126,0.886) aL=-0.0011 vL=0.0438 t0=[red=0.54 blue=0.46]
[u  801] env= 52494336 rsucc=0.826 n_rounds= 1296 ret=+6.849 len=999.9 ent(t0,t>=1)=(0.104,0.923) aL=-0.0015 vL=0.0458 t0=[red=0.53 blue=0.47]
[u  802] env= 52559872 rsucc=0.819 n_rounds= 1313 ret=+6.591 len=1017.5 ent(t0,t>=1)=(0.120,0.895) aL=-0.0014 vL=0.0449 t0=[red=0.59 blue=0.41]
[u  803] env= 52625408 rsucc=0.806 n_rounds= 1226 ret=+6.319 len=1015.5 ent(t0,t>=1)=(0.179,0.878) aL=-0.0012 vL=0.0396 t0=[red=0.59 blue=0.41]
[u  804] env= 52690944 rsucc=0.784 n_rounds= 1280 ret=+3.924 len=1130.1 ent(t0,t>=1)=(0.143,0.843) aL=-0.0011 vL=0.0442 t0=[red=0.48 blue=0.52]
[u  805] env= 52756480 rsucc=0.819 n_rounds= 1326 ret=+5.346 len=1056.1 ent(t0,t>=1)=(0.110,0.921) aL=-0.0012 vL=0.0463 t0=[red=0.49 blue=0.51]
[u  806] env= 52822016 rsucc=0.858 n_rounds= 1377 ret=+7.095 len=976.4 ent(t0,t>=1)=(0.124,0.855) aL=-0.0014 vL=0.0515 t0=[red=0.54 blue=0.46]
[u  807] env= 52887552 rsucc=0.783 n_rounds= 1176 ret=+6.905 len=984.4 ent(t0,t>=1)=(0.208,0.886) aL=-0.0012 vL=0.0415 t0=[red=0.54 blue=0.46]
[u  808] env= 52953088 rsucc=0.773 n_rounds= 1258 ret=+6.400 len=1003.6 ent(t0,t>=1)=(0.175,0.931) aL=-0.0014 vL=0.0406 t0=[red=0.62 blue=0.38]
[u  809] env= 53018624 rsucc=0.859 n_rounds= 1459 ret=+6.544 len=998.5 ent(t0,t>=1)=(0.125,0.866) aL=-0.0013 vL=0.0592 t0=[red=0.67 blue=0.33]
[u  810] env= 53084160 rsucc=0.855 n_rounds= 1345 ret=+6.610 len=1009.6 ent(t0,t>=1)=(0.143,0.830) aL=-0.0014 vL=0.0490 t0=[red=0.63 blue=0.37]
[u  811] env= 53149696 rsucc=0.817 n_rounds= 1281 ret=+6.904 len=964.7 ent(t0,t>=1)=(0.154,0.895) aL=-0.0012 vL=0.0441 t0=[red=0.58 blue=0.42]
[u  812] env= 53215232 rsucc=0.834 n_rounds= 1316 ret=+6.840 len=996.0 ent(t0,t>=1)=(0.137,0.875) aL=-0.0013 vL=0.0439 t0=[red=0.54 blue=0.46]
[u  813] env= 53280768 rsucc=0.796 n_rounds= 1246 ret=+6.965 len=998.3 ent(t0,t>=1)=(0.135,0.867) aL=-0.0007 vL=0.0412 t0=[red=0.57 blue=0.43]
[u  814] env= 53346304 rsucc=0.832 n_rounds= 1389 ret=+6.775 len=998.7 ent(t0,t>=1)=(0.119,0.869) aL=-0.0011 vL=0.0484 t0=[red=0.52 blue=0.48]
[u  815] env= 53411840 rsucc=0.867 n_rounds= 1410 ret=+5.927 len=1017.2 ent(t0,t>=1)=(0.114,0.835) aL=-0.0013 vL=0.0461 t0=[red=0.53 blue=0.47]
[u  816] env= 53477376 rsucc=0.806 n_rounds= 1222 ret=+6.324 len=1024.0 ent(t0,t>=1)=(0.154,0.841) aL=-0.0009 vL=0.0422 t0=[red=0.60 blue=0.40]
[u  817] env= 53542912 rsucc=0.820 n_rounds= 1273 ret=+7.223 len=979.6 ent(t0,t>=1)=(0.148,0.911) aL=-0.0013 vL=0.0460 t0=[red=0.52 blue=0.48]
[u  818] env= 53608448 rsucc=0.854 n_rounds= 1372 ret=+7.712 len=954.4 ent(t0,t>=1)=(0.151,0.870) aL=-0.0010 vL=0.0519 t0=[red=0.49 blue=0.51]
[u  819] env= 53673984 rsucc=0.847 n_rounds= 1352 ret=+6.806 len=999.0 ent(t0,t>=1)=(0.123,0.888) aL=-0.0014 vL=0.0482 t0=[red=0.60 blue=0.40]
[u  820] env= 53739520 rsucc=0.808 n_rounds= 1246 ret=+6.948 len=985.7 ent(t0,t>=1)=(0.152,0.945) aL=-0.0011 vL=0.0437 t0=[red=0.56 blue=0.44]
[u  821] env= 53805056 rsucc=0.880 n_rounds= 1415 ret=+6.983 len=1007.1 ent(t0,t>=1)=(0.139,0.836) aL=-0.0013 vL=0.0529 t0=[red=0.48 blue=0.52]
[u  822] env= 53870592 rsucc=0.818 n_rounds= 1277 ret=+7.524 len=964.5 ent(t0,t>=1)=(0.149,0.894) aL=-0.0009 vL=0.0451 t0=[red=0.53 blue=0.47]
[u  823] env= 53936128 rsucc=0.827 n_rounds= 1329 ret=+7.956 len=939.1 ent(t0,t>=1)=(0.120,0.913) aL=-0.0008 vL=0.0467 t0=[red=0.55 blue=0.45]
[u  824] env= 54001664 rsucc=0.847 n_rounds= 1319 ret=+7.713 len=969.1 ent(t0,t>=1)=(0.153,0.933) aL=-0.0011 vL=0.0475 t0=[red=0.54 blue=0.46]
[u  825] env= 54067200 rsucc=0.824 n_rounds= 1350 ret=+6.187 len=1023.9 ent(t0,t>=1)=(0.123,0.887) aL=-0.0008 vL=0.0498 t0=[red=0.59 blue=0.41]
[u  826] env= 54132736 rsucc=0.800 n_rounds= 1274 ret=+5.430 len=1057.1 ent(t0,t>=1)=(0.125,0.910) aL=-0.0008 vL=0.0434 t0=[red=0.47 blue=0.53]
[u  827] env= 54198272 rsucc=0.812 n_rounds= 1286 ret=+7.295 len=957.9 ent(t0,t>=1)=(0.146,0.899) aL=-0.0009 vL=0.0473 t0=[red=0.55 blue=0.45]
[u  828] env= 54263808 rsucc=0.819 n_rounds= 1312 ret=+6.441 len=1009.8 ent(t0,t>=1)=(0.139,0.894) aL=-0.0007 vL=0.0453 t0=[red=0.64 blue=0.36]
[u  829] env= 54329344 rsucc=0.861 n_rounds= 1394 ret=+6.985 len=985.8 ent(t0,t>=1)=(0.132,0.917) aL=-0.0010 vL=0.0520 t0=[red=0.58 blue=0.42]
[u  830] env= 54394880 rsucc=0.852 n_rounds= 1280 ret=+6.797 len=998.2 ent(t0,t>=1)=(0.176,0.904) aL=-0.0008 vL=0.0449 t0=[red=0.50 blue=0.50]
[u  831] env= 54460416 rsucc=0.820 n_rounds= 1299 ret=+7.384 len=965.1 ent(t0,t>=1)=(0.167,0.898) aL=-0.0008 vL=0.0462 t0=[red=0.56 blue=0.44]
[u  832] env= 54525952 rsucc=0.791 n_rounds= 1269 ret=+6.438 len=1023.4 ent(t0,t>=1)=(0.129,0.956) aL=-0.0007 vL=0.0446 t0=[red=0.59 blue=0.41]
[u  833] env= 54591488 rsucc=0.869 n_rounds= 1445 ret=+6.631 len=1005.8 ent(t0,t>=1)=(0.140,0.858) aL=-0.0007 vL=0.0578 t0=[red=0.61 blue=0.39]
[u  834] env= 54657024 rsucc=0.877 n_rounds= 1429 ret=+6.923 len=982.6 ent(t0,t>=1)=(0.113,0.844) aL=-0.0009 vL=0.0546 t0=[red=0.61 blue=0.39]
[u  835] env= 54722560 rsucc=0.851 n_rounds= 1393 ret=+7.993 len=929.8 ent(t0,t>=1)=(0.101,0.848) aL=-0.0008 vL=0.0490 t0=[red=0.58 blue=0.42]
[u  836] env= 54788096 rsucc=0.848 n_rounds= 1301 ret=+8.374 len=933.2 ent(t0,t>=1)=(0.144,0.876) aL=-0.0007 vL=0.0419 t0=[red=0.60 blue=0.40]
[u  837] env= 54853632 rsucc=0.804 n_rounds= 1260 ret=+7.432 len=951.6 ent(t0,t>=1)=(0.133,0.909) aL=-0.0008 vL=0.0426 t0=[red=0.59 blue=0.41]
[u  838] env= 54919168 rsucc=0.844 n_rounds= 1317 ret=+7.099 len=1003.1 ent(t0,t>=1)=(0.145,0.859) aL=-0.0007 vL=0.0453 t0=[red=0.59 blue=0.41]
[u  839] env= 54984704 rsucc=0.779 n_rounds= 1224 ret=+7.034 len=990.9 ent(t0,t>=1)=(0.156,0.902) aL=-0.0006 vL=0.0415 t0=[red=0.55 blue=0.45]
[u  840] env= 55050240 rsucc=0.801 n_rounds= 1288 ret=+6.301 len=1009.2 ent(t0,t>=1)=(0.119,0.914) aL=-0.0008 vL=0.0447 t0=[red=0.50 blue=0.50]
[u  841] env= 55115776 rsucc=0.801 n_rounds= 1254 ret=+6.143 len=1017.6 ent(t0,t>=1)=(0.145,0.942) aL=-0.0007 vL=0.0447 t0=[red=0.57 blue=0.43]
[u  842] env= 55181312 rsucc=0.844 n_rounds= 1313 ret=+5.191 len=1078.5 ent(t0,t>=1)=(0.139,0.904) aL=-0.0007 vL=0.0474 t0=[red=0.55 blue=0.45]
[u  843] env= 55246848 rsucc=0.830 n_rounds= 1326 ret=+5.475 len=1059.0 ent(t0,t>=1)=(0.131,0.916) aL=-0.0008 vL=0.0496 t0=[red=0.59 blue=0.41]
[u  844] env= 55312384 rsucc=0.837 n_rounds= 1343 ret=+7.085 len=985.4 ent(t0,t>=1)=(0.125,0.937) aL=-0.0006 vL=0.0485 t0=[red=0.58 blue=0.42]
[u  845] env= 55377920 rsucc=0.841 n_rounds= 1344 ret=+7.854 len=941.2 ent(t0,t>=1)=(0.140,0.914) aL=-0.0006 vL=0.0500 t0=[red=0.58 blue=0.42]
[u  846] env= 55443456 rsucc=0.859 n_rounds= 1366 ret=+7.542 len=952.7 ent(t0,t>=1)=(0.122,0.885) aL=-0.0006 vL=0.0512 t0=[red=0.57 blue=0.43]
[u  847] env= 55508992 rsucc=0.851 n_rounds= 1328 ret=+7.494 len=991.7 ent(t0,t>=1)=(0.132,0.871) aL=-0.0006 vL=0.0466 t0=[red=0.68 blue=0.32]
[u  848] env= 55574528 rsucc=0.821 n_rounds= 1267 ret=+6.912 len=992.7 ent(t0,t>=1)=(0.123,0.909) aL=-0.0007 vL=0.0449 t0=[red=0.59 blue=0.41]
[u  849] env= 55640064 rsucc=0.813 n_rounds= 1281 ret=+6.644 len=1007.8 ent(t0,t>=1)=(0.095,0.949) aL=-0.0007 vL=0.0452 t0=[red=0.48 blue=0.52]
[u  850] env= 55705600 rsucc=0.842 n_rounds= 1331 ret=+6.754 len=1006.6 ent(t0,t>=1)=(0.121,0.911) aL=-0.0006 vL=0.0477 t0=[red=0.54 blue=0.46]
[u  851] env= 55771136 rsucc=0.812 n_rounds= 1322 ret=+6.451 len=1017.2 ent(t0,t>=1)=(0.131,0.931) aL=-0.0005 vL=0.0451 t0=[red=0.60 blue=0.40]
[u  852] env= 55836672 rsucc=0.854 n_rounds= 1416 ret=+6.358 len=1013.9 ent(t0,t>=1)=(0.091,0.894) aL=-0.0006 vL=0.0489 t0=[red=0.55 blue=0.45]
[u  853] env= 55902208 rsucc=0.832 n_rounds= 1313 ret=+6.725 len=999.2 ent(t0,t>=1)=(0.127,0.868) aL=-0.0005 vL=0.0461 t0=[red=0.59 blue=0.41]
[u  854] env= 55967744 rsucc=0.844 n_rounds= 1369 ret=+6.968 len=959.9 ent(t0,t>=1)=(0.139,0.906) aL=-0.0004 vL=0.0527 t0=[red=0.59 blue=0.41]
[u  855] env= 56033280 rsucc=0.835 n_rounds= 1350 ret=+7.883 len=938.1 ent(t0,t>=1)=(0.130,0.895) aL=-0.0005 vL=0.0481 t0=[red=0.61 blue=0.39]
[u  856] env= 56098816 rsucc=0.859 n_rounds= 1312 ret=+7.792 len=933.0 ent(t0,t>=1)=(0.144,0.882) aL=-0.0004 vL=0.0473 t0=[red=0.55 blue=0.45]
[u  857] env= 56164352 rsucc=0.872 n_rounds= 1434 ret=+7.132 len=996.9 ent(t0,t>=1)=(0.132,0.890) aL=-0.0005 vL=0.0531 t0=[red=0.55 blue=0.45]
[u  858] env= 56229888 rsucc=0.842 n_rounds= 1346 ret=+8.180 len=953.8 ent(t0,t>=1)=(0.154,0.892) aL=-0.0005 vL=0.0493 t0=[red=0.50 blue=0.50]
[u  859] env= 56295424 rsucc=0.807 n_rounds= 1263 ret=+6.716 len=1000.4 ent(t0,t>=1)=(0.178,0.981) aL=-0.0004 vL=0.0454 t0=[red=0.47 blue=0.53]
[u  860] env= 56360960 rsucc=0.816 n_rounds= 1266 ret=+7.028 len=992.2 ent(t0,t>=1)=(0.135,0.907) aL=-0.0004 vL=0.0481 t0=[red=0.53 blue=0.47]
[u  861] env= 56426496 rsucc=0.874 n_rounds= 1369 ret=+7.130 len=962.0 ent(t0,t>=1)=(0.122,0.890) aL=-0.0003 vL=0.0479 t0=[red=0.57 blue=0.43]
[u  862] env= 56492032 rsucc=0.825 n_rounds= 1259 ret=+7.485 len=974.6 ent(t0,t>=1)=(0.133,0.899) aL=-0.0003 vL=0.0446 t0=[red=0.56 blue=0.44]
[u  863] env= 56557568 rsucc=0.806 n_rounds= 1276 ret=+6.991 len=1009.1 ent(t0,t>=1)=(0.123,0.908) aL=-0.0003 vL=0.0440 t0=[red=0.59 blue=0.41]
[u  864] env= 56623104 rsucc=0.835 n_rounds= 1313 ret=+6.627 len=1034.4 ent(t0,t>=1)=(0.161,0.913) aL=-0.0003 vL=0.0494 t0=[red=0.55 blue=0.45]
[u  865] env= 56688640 rsucc=0.812 n_rounds= 1263 ret=+6.493 len=984.7 ent(t0,t>=1)=(0.192,0.931) aL=-0.0003 vL=0.0429 t0=[red=0.50 blue=0.50]
[u  866] env= 56754176 rsucc=0.817 n_rounds= 1319 ret=+6.351 len=1000.5 ent(t0,t>=1)=(0.126,0.931) aL=-0.0004 vL=0.0468 t0=[red=0.59 blue=0.41]
[u  867] env= 56819712 rsucc=0.875 n_rounds= 1415 ret=+5.934 len=1055.7 ent(t0,t>=1)=(0.116,0.891) aL=-0.0003 vL=0.0520 t0=[red=0.65 blue=0.35]
[u  868] env= 56885248 rsucc=0.847 n_rounds= 1343 ret=+6.347 len=1022.5 ent(t0,t>=1)=(0.117,0.934) aL=-0.0003 vL=0.0473 t0=[red=0.60 blue=0.40]
[u  869] env= 56950784 rsucc=0.827 n_rounds= 1288 ret=+7.180 len=983.7 ent(t0,t>=1)=(0.124,0.908) aL=-0.0003 vL=0.0452 t0=[red=0.57 blue=0.43]
[u  870] env= 57016320 rsucc=0.800 n_rounds= 1268 ret=+7.086 len=992.7 ent(t0,t>=1)=(0.110,0.902) aL=-0.0002 vL=0.0430 t0=[red=0.61 blue=0.39]
[u  871] env= 57081856 rsucc=0.826 n_rounds= 1337 ret=+7.149 len=990.5 ent(t0,t>=1)=(0.119,0.889) aL=-0.0003 vL=0.0496 t0=[red=0.57 blue=0.43]
[u  872] env= 57147392 rsucc=0.832 n_rounds= 1298 ret=+6.912 len=972.1 ent(t0,t>=1)=(0.157,0.902) aL=-0.0003 vL=0.0446 t0=[red=0.52 blue=0.48]
[u  873] env= 57212928 rsucc=0.825 n_rounds= 1351 ret=+6.839 len=989.8 ent(t0,t>=1)=(0.148,0.940) aL=-0.0003 vL=0.0497 t0=[red=0.57 blue=0.43]
[u  874] env= 57278464 rsucc=0.869 n_rounds= 1395 ret=+6.658 len=993.7 ent(t0,t>=1)=(0.095,0.887) aL=-0.0002 vL=0.0547 t0=[red=0.56 blue=0.44]
[u  875] env= 57344000 rsucc=0.814 n_rounds= 1260 ret=+7.047 len=988.1 ent(t0,t>=1)=(0.124,0.951) aL=-0.0003 vL=0.0461 t0=[red=0.49 blue=0.51]
[u  876] env= 57409536 rsucc=0.850 n_rounds= 1383 ret=+6.741 len=1002.9 ent(t0,t>=1)=(0.117,0.914) aL=-0.0003 vL=0.0487 t0=[red=0.52 blue=0.48]
[u  877] env= 57475072 rsucc=0.832 n_rounds= 1317 ret=+7.012 len=994.2 ent(t0,t>=1)=(0.155,0.957) aL=-0.0002 vL=0.0473 t0=[red=0.54 blue=0.46]
[u  878] env= 57540608 rsucc=0.834 n_rounds= 1353 ret=+7.709 len=955.4 ent(t0,t>=1)=(0.128,0.901) aL=-0.0002 vL=0.0498 t0=[red=0.57 blue=0.43]
[u  879] env= 57606144 rsucc=0.889 n_rounds= 1420 ret=+7.064 len=975.5 ent(t0,t>=1)=(0.119,0.829) aL=-0.0002 vL=0.0543 t0=[red=0.62 blue=0.38]
[u  880] env= 57671680 rsucc=0.868 n_rounds= 1412 ret=+8.658 len=910.1 ent(t0,t>=1)=(0.117,0.884) aL=-0.0002 vL=0.0495 t0=[red=0.58 blue=0.42]
[u  881] env= 57737216 rsucc=0.834 n_rounds= 1260 ret=+9.101 len=880.1 ent(t0,t>=1)=(0.181,0.918) aL=-0.0002 vL=0.0448 t0=[red=0.56 blue=0.44]
[u  882] env= 57802752 rsucc=0.828 n_rounds= 1329 ret=+7.352 len=996.0 ent(t0,t>=1)=(0.135,0.882) aL=-0.0002 vL=0.0498 t0=[red=0.61 blue=0.39]
[u  883] env= 57868288 rsucc=0.812 n_rounds= 1277 ret=+6.536 len=1008.0 ent(t0,t>=1)=(0.114,0.923) aL=-0.0001 vL=0.0431 t0=[red=0.56 blue=0.44]
[u  884] env= 57933824 rsucc=0.769 n_rounds= 1210 ret=+5.729 len=1059.6 ent(t0,t>=1)=(0.146,0.951) aL=-0.0001 vL=0.0427 t0=[red=0.62 blue=0.38]
[u  885] env= 57999360 rsucc=0.819 n_rounds= 1301 ret=+6.825 len=984.0 ent(t0,t>=1)=(0.148,0.916) aL=-0.0002 vL=0.0459 t0=[red=0.57 blue=0.43]
[u  886] env= 58064896 rsucc=0.823 n_rounds= 1328 ret=+6.131 len=1023.5 ent(t0,t>=1)=(0.158,0.925) aL=-0.0001 vL=0.0499 t0=[red=0.54 blue=0.46]
[u  887] env= 58130432 rsucc=0.848 n_rounds= 1349 ret=+6.454 len=1004.7 ent(t0,t>=1)=(0.130,0.890) aL=-0.0001 vL=0.0468 t0=[red=0.59 blue=0.41]
[u  888] env= 58195968 rsucc=0.844 n_rounds= 1358 ret=+6.766 len=1013.0 ent(t0,t>=1)=(0.123,0.937) aL=-0.0001 vL=0.0525 t0=[red=0.57 blue=0.43]
[u  889] env= 58261504 rsucc=0.834 n_rounds= 1357 ret=+7.617 len=959.2 ent(t0,t>=1)=(0.098,0.891) aL=-0.0001 vL=0.0490 t0=[red=0.60 blue=0.40]
[u  890] env= 58327040 rsucc=0.869 n_rounds= 1394 ret=+8.019 len=942.6 ent(t0,t>=1)=(0.153,0.888) aL=-0.0001 vL=0.0510 t0=[red=0.63 blue=0.37]
[u  891] env= 58392576 rsucc=0.837 n_rounds= 1274 ret=+7.228 len=976.9 ent(t0,t>=1)=(0.154,0.929) aL=-0.0001 vL=0.0446 t0=[red=0.60 blue=0.40]
[u  892] env= 58458112 rsucc=0.853 n_rounds= 1352 ret=+6.560 len=988.9 ent(t0,t>=1)=(0.143,0.919) aL=-0.0001 vL=0.0490 t0=[red=0.62 blue=0.38]
[u  893] env= 58523648 rsucc=0.852 n_rounds= 1322 ret=+6.682 len=1000.3 ent(t0,t>=1)=(0.143,0.905) aL=-0.0001 vL=0.0472 t0=[red=0.59 blue=0.41]
[u  894] env= 58589184 rsucc=0.836 n_rounds= 1289 ret=+7.389 len=978.1 ent(t0,t>=1)=(0.152,0.880) aL=-0.0001 vL=0.0439 t0=[red=0.53 blue=0.47]
[u  895] env= 58654720 rsucc=0.844 n_rounds= 1318 ret=+6.747 len=1030.1 ent(t0,t>=1)=(0.170,0.908) aL=-0.0000 vL=0.0486 t0=[red=0.53 blue=0.47]
[u  896] env= 58720256 rsucc=0.847 n_rounds= 1395 ret=+6.728 len=1016.9 ent(t0,t>=1)=(0.146,0.904) aL=-0.0000 vL=0.0510 t0=[red=0.55 blue=0.45]
[u  897] env= 58785792 rsucc=0.845 n_rounds= 1361 ret=+8.038 len=922.2 ent(t0,t>=1)=(0.119,0.914) aL=-0.0000 vL=0.0490 t0=[red=0.50 blue=0.50]
[u  898] env= 58851328 rsucc=0.786 n_rounds= 1245 ret=+7.426 len=965.0 ent(t0,t>=1)=(0.113,0.911) aL=-0.0000 vL=0.0437 t0=[red=0.51 blue=0.49]
[u  899] env= 58916864 rsucc=0.822 n_rounds= 1314 ret=+7.767 len=956.6 ent(t0,t>=1)=(0.117,0.883) aL=-0.0000 vL=0.0476 t0=[red=0.59 blue=0.41]
[u  900] env= 58982400 rsucc=0.857 n_rounds= 1391 ret=+5.376 len=1059.4 ent(t0,t>=1)=(0.133,0.918) aL=-0.0000 vL=0.0533 t0=[red=0.58 blue=0.42]
[u  901] env= 59047936 rsucc=0.826 n_rounds= 1329 ret=+6.504 len=989.7 ent(t0,t>=1)=(0.113,0.936) aL=-0.0000 vL=0.0460 t0=[red=0.47 blue=0.53]
[u  902] env= 59113472 rsucc=0.844 n_rounds= 1414 ret=+6.745 len=989.9 ent(t0,t>=1)=(0.115,0.880) aL=-0.0000 vL=0.0559 t0=[red=0.55 blue=0.45]
[u  903] env= 59179008 rsucc=0.867 n_rounds= 1378 ret=+7.897 len=948.2 ent(t0,t>=1)=(0.118,0.859) aL=-0.0000 vL=0.0510 t0=[red=0.52 blue=0.48]
[u  904] env= 59244544 rsucc=0.840 n_rounds= 1297 ret=+7.749 len=952.3 ent(t0,t>=1)=(0.145,0.932) aL=-0.0000 vL=0.0463 t0=[red=0.57 blue=0.43]
[u  905] env= 59310080 rsucc=0.835 n_rounds= 1362 ret=+7.582 len=953.2 ent(t0,t>=1)=(0.133,0.931) aL=-0.0000 vL=0.0483 t0=[red=0.56 blue=0.44]
[u  906] env= 59375616 rsucc=0.844 n_rounds= 1306 ret=+6.917 len=988.3 ent(t0,t>=1)=(0.153,0.927) aL=-0.0000 vL=0.0470 t0=[red=0.52 blue=0.48]
[u  907] env= 59441152 rsucc=0.846 n_rounds= 1321 ret=+6.709 len=1004.4 ent(t0,t>=1)=(0.106,0.901) aL=-0.0000 vL=0.0480 t0=[red=0.65 blue=0.35]
[u  908] env= 59506688 rsucc=0.813 n_rounds= 1294 ret=+6.814 len=984.1 ent(t0,t>=1)=(0.129,0.924) aL=-0.0000 vL=0.0448 t0=[red=0.56 blue=0.44]
[u  909] env= 59572224 rsucc=0.806 n_rounds= 1286 ret=+7.267 len=972.9 ent(t0,t>=1)=(0.142,0.925) aL=-0.0000 vL=0.0446 t0=[red=0.51 blue=0.49]
[u  910] env= 59637760 rsucc=0.810 n_rounds= 1311 ret=+6.370 len=1025.8 ent(t0,t>=1)=(0.156,0.943) aL=-0.0000 vL=0.0456 t0=[red=0.54 blue=0.46]
[u  911] env= 59703296 rsucc=0.834 n_rounds= 1289 ret=+6.618 len=1010.8 ent(t0,t>=1)=(0.145,0.896) aL=-0.0000 vL=0.0486 t0=[red=0.58 blue=0.42]
[u  912] env= 59768832 rsucc=0.827 n_rounds= 1376 ret=+6.710 len=982.6 ent(t0,t>=1)=(0.143,0.949) aL=-0.0000 vL=0.0508 t0=[red=0.63 blue=0.37]
[u  913] env= 59834368 rsucc=0.824 n_rounds= 1259 ret=+7.329 len=966.8 ent(t0,t>=1)=(0.137,0.951) aL=-0.0000 vL=0.0450 t0=[red=0.54 blue=0.46]
[u  914] env= 59899904 rsucc=0.805 n_rounds= 1294 ret=+6.362 len=1013.1 ent(t0,t>=1)=(0.129,0.924) aL=-0.0000 vL=0.0432 t0=[red=0.58 blue=0.42]
[u  915] env= 59965440 rsucc=0.811 n_rounds= 1271 ret=+6.834 len=988.9 ent(t0,t>=1)=(0.139,0.901) aL=+0.0000 vL=0.0459 t0=[red=0.58 blue=0.42]
[main] training done in 629.3s
        round_success_rate: [+0.4036, +0.3602, +0.3625, +0.3775, +0.3602, +0.3654, +0.3321, +0.3738, +0.3906, +0.4413, +0.3640, +0.4108, +0.4476, +0.5255, +0.6422, +0.6410, +0.6259, +0.6292, +0.6364, +0.6767, +0.6473, +0.6152, +0.6416, +0.6366, +0.5688, +0.6466, +0.6639, +0.6819, +0.7039, +0.6597, +0.6370, +0.6531, +0.6528, +0.6490, +0.6805, +0.6585, +0.6267, +0.6983, +0.6777, +0.6181, +0.6674, +0.6719, +0.6845, +0.7163, +0.6505, +0.6306, +0.6564, +0.6513, +0.6622, +0.7225, +0.6694, +0.6258, +0.6910, +0.6918, +0.6439, +0.6173, +0.6439, +0.6737, +0.6816, +0.6542, +0.6229, +0.6830, +0.6418, +0.6919, +0.7238, +0.7202, +0.7013, +0.6435, +0.6819, +0.7050, +0.6424, +0.6584, +0.7000, +0.6912, +0.6650, +0.6585, +0.6284, +0.6517, +0.6516, +0.6431, +0.6687, +0.6805, +0.6856, +0.7069, +0.6643, +0.6600, +0.6704, +0.6647, +0.6703, +0.6616, +0.6670, +0.6693, +0.6489, +0.6901, +0.6204, +0.6802, +0.7185, +0.6677, +0.6410, +0.7026, +0.6923, +0.6478, +0.6393, +0.6747, +0.6919, +0.6529, +0.6719, +0.6774, +0.7401, +0.6941, +0.6836, +0.6911, +0.6553, +0.7093, +0.6911, +0.6673, +0.6554, +0.6265, +0.6644, +0.6775, +0.6752, +0.7000, +0.6578, +0.7064, +0.6744, +0.6620, +0.5998, +0.6973, +0.7500, +0.6957, +0.6734, +0.6319, +0.6401, +0.6981, +0.6653, +0.7041, +0.7668, +0.6886, +0.6232, +0.6905, +0.7445, +0.6768, +0.6969, +0.6793, +0.6881, +0.6854, +0.6781, +0.6617, +0.6587, +0.6747, +0.7236, +0.7090, +0.6984, +0.7184, +0.6596, +0.6982, +0.7138, +0.7430, +0.6957, +0.6472, +0.7075, +0.7048, +0.7015, +0.7093, +0.7430, +0.6880, +0.7082, +0.7300, +0.7075, +0.7306, +0.7329, +0.7227, +0.6880, +0.6960, +0.6706, +0.7139, +0.7160, +0.7126, +0.6746, +0.6989, +0.7314, +0.6807, +0.7192, +0.7112, +0.7344, +0.6539, +0.6867, +0.7290, +0.7373, +0.7424, +0.7162, +0.7207, +0.7382, +0.7176, +0.7201, +0.6898, +0.7048, +0.6937, +0.7072, +0.7753, +0.7223, +0.7151, +0.7115, +0.7081, +0.6724, +0.7012, +0.6978, +0.6673, +0.7178, +0.6766, +0.7142, +0.6986, +0.6971, +0.7257, +0.7461, +0.6986, +0.6907, +0.7250, +0.7329, +0.7318, +0.6973, +0.7127, +0.7323, +0.7213, +0.6822, +0.7021, +0.7322, +0.6915, +0.6948, +0.7405, +0.7116, +0.6932, +0.6518, +0.7204, +0.7024, +0.6596, +0.7263, +0.8019, +0.7491, +0.7178, +0.6819, +0.6956, +0.6917, +0.7559, +0.7607, +0.7496, +0.7356, +0.7475, +0.7808, +0.7248, +0.7264, +0.6711, +0.7386, +0.6851, +0.6840, +0.6914, +0.6888, +0.7045, +0.6984, +0.7123, +0.6973, +0.7161, +0.7007, +0.7347, +0.7301, +0.7406, +0.7287, +0.7256, +0.7355, +0.7048, +0.6689, +0.7231, +0.6900, +0.6876, +0.7359, +0.7334, +0.7346, +0.7841, +0.7068, +0.7090, +0.6711, +0.7572, +0.7229, +0.7090, +0.7248, +0.7175, +0.7378, +0.7128, +0.7183, +0.7573, +0.7735, +0.7473, +0.7322, +0.6920, +0.6851, +0.6231, +0.7157, +0.7039, +0.7091, +0.7723, +0.7606, +0.7553, +0.7366, +0.6895, +0.7549, +0.7278, +0.6833, +0.6770, +0.7424, +0.7511, +0.7142, +0.7622, +0.7312, +0.7140, +0.7251, +0.7400, +0.6673, +0.7008, +0.7476, +0.7252, +0.7280, +0.6628, +0.7278, +0.7391, +0.7227, +0.7816, +0.8105, +0.7536, +0.7592, +0.7701, +0.7749, +0.7039, +0.7075, +0.7366, +0.7539, +0.6768, +0.7660, +0.7314, +0.7154, +0.6931, +0.7182, +0.7469, +0.7438, +0.6723, +0.7110, +0.7046, +0.7627, +0.6984, +0.7191, +0.7737, +0.7316, +0.7537, +0.6861, +0.7172, +0.7027, +0.7394, +0.7648, +0.7641, +0.7583, +0.7867, +0.7002, +0.7250, +0.7555, +0.7866, +0.7431, +0.7375, +0.7480, +0.7186, +0.7304, +0.7484, +0.7114, +0.7645, +0.7204, +0.7525, +0.7232, +0.7435, +0.7692, +0.7231, +0.7449, +0.7011, +0.7530, +0.7671, +0.7624, +0.7422, +0.7625, +0.7858, +0.7274, +0.7429, +0.7397, +0.7234, +0.7643, +0.7320, +0.6770, +0.7250, +0.7416, +0.7247, +0.7721, +0.7312, +0.7413, +0.6871, +0.7044, +0.7449, +0.7225, +0.7496, +0.7750, +0.7391, +0.7339, +0.7349, +0.7571, +0.7292, +0.7215, +0.7298, +0.7728, +0.7596, +0.7010, +0.7306, +0.7682, +0.7300, +0.7455, +0.7782, +0.7682, +0.7600, +0.7649, +0.7713, +0.7502, +0.7606, +0.7192, +0.7246, +0.7344, +0.7250, +0.7502, +0.7834, +0.7179, +0.7059, +0.7613, +0.7904, +0.7703, +0.7623, +0.7525, +0.7533, +0.7541, +0.7241, +0.7638, +0.7666, +0.7127, +0.7809, +0.7502, +0.7395, +0.7466, +0.7990, +0.7373, +0.7731, +0.7156, +0.7408, +0.7930, +0.7307, +0.7345, +0.7841, +0.6896, +0.7740, +0.7766, +0.7126, +0.7412, +0.7439, +0.7786, +0.7368, +0.7285, +0.7502, +0.7537, +0.7667, +0.7520, +0.7860, +0.7626, +0.7464, +0.7756, +0.7674, +0.7975, +0.7307, +0.7334, +0.8030, +0.7709, +0.7733, +0.7366, +0.7204, +0.7902, +0.7868, +0.7948, +0.7619, +0.7241, +0.7122, +0.7700, +0.7745, +0.7891, +0.7557, +0.7662, +0.7329, +0.7908, +0.7450, +0.7682, +0.7643, +0.7250, +0.7621, +0.7972, +0.7447, +0.7658, +0.7900, +0.7166, +0.8111, +0.7719, +0.7664, +0.7895, +0.7938, +0.7116, +0.7016, +0.7716, +0.8098, +0.7629, +0.7761, +0.8008, +0.7678, +0.7449, +0.7474, +0.8045, +0.7193, +0.7857, +0.7627, +0.7717, +0.7278, +0.7338, +0.7099, +0.7811, +0.8315, +0.7808, +0.7845, +0.7206, +0.7357, +0.7742, +0.7767, +0.7694, +0.7969, +0.8336, +0.8241, +0.7387, +0.7650, +0.7215, +0.7714, +0.7635, +0.7643, +0.7881, +0.7907, +0.7313, +0.7531, +0.8079, +0.7668, +0.7966, +0.7270, +0.7612, +0.7413, +0.7566, +0.7001, +0.7775, +0.8200, +0.7524, +0.7475, +0.7886, +0.7936, +0.8230, +0.8210, +0.7506, +0.8144, +0.7936, +0.7885, +0.7827, +0.7637, +0.7616, +0.7389, +0.7485, +0.7821, +0.7621, +0.8384, +0.8253, +0.7709, +0.7595, +0.8386, +0.7846, +0.7700, +0.8105, +0.7379, +0.7073, +0.7310, +0.7714, +0.7703, +0.8142, +0.8101, +0.7816, +0.7834, +0.7388, +0.8216, +0.7980, +0.7638, +0.7570, +0.7386, +0.7638, +0.7717, +0.7885, +0.7784, +0.7688, +0.7963, +0.7964, +0.7724, +0.8274, +0.7899, +0.8034, +0.7809, +0.7650, +0.7638, +0.7875, +0.7581, +0.7970, +0.7405, +0.7590, +0.8146, +0.7876, +0.7603, +0.7545, +0.7684, +0.7942, +0.8043, +0.7965, +0.8300, +0.7897, +0.7653, +0.7713, +0.8427, +0.8061, +0.8335, +0.7894, +0.7624, +0.7613, +0.7763, +0.8163, +0.8031, +0.8362, +0.7868, +0.7987, +0.8038, +0.7864, +0.7930, +0.8286, +0.8021, +0.7781, +0.7591, +0.8336, +0.8266, +0.8242, +0.8047, +0.7848, +0.7973, +0.7676, +0.7691, +0.7783, +0.8109, +0.7802, +0.7817, +0.7821, +0.7880, +0.7787, +0.8220, +0.8415, +0.8273, +0.8030, +0.7915, +0.8405, +0.7510, +0.7581, +0.7835, +0.8159, +0.8056, +0.8265, +0.7994, +0.7876, +0.7544, +0.8090, +0.7679, +0.7783, +0.8453, +0.8239, +0.8145, +0.8481, +0.7925, +0.7655, +0.7945, +0.8267, +0.8368, +0.8403, +0.8167, +0.8008, +0.8365, +0.8202, +0.7784, +0.7548, +0.8048, +0.8397, +0.8006, +0.7868, +0.7658, +0.7994, +0.8104, +0.8163, +0.8304, +0.8251, +0.7636, +0.8151, +0.7765, +0.8039, +0.7783, +0.7828, +0.7950, +0.8362, +0.8470, +0.8091, +0.7941, +0.8315, +0.8445, +0.7783, +0.8383, +0.8123, +0.8236, +0.8183, +0.7881, +0.8271, +0.8391, +0.8386, +0.8163, +0.8403, +0.8196, +0.8341, +0.7963, +0.7942, +0.8259, +0.7669, +0.7805, +0.7931, +0.8026, +0.8270, +0.7912, +0.8205, +0.8404, +0.8289, +0.8218, +0.8353, +0.8284, +0.7998, +0.8358, +0.8213, +0.8522, +0.8215, +0.8524, +0.8041, +0.8219, +0.8343, +0.8141, +0.8092, +0.8014, +0.8131, +0.7765, +0.7832, +0.8044, +0.8432, +0.8298, +0.7935, +0.7864, +0.8630, +0.8279, +0.8136, +0.8168, +0.8313, +0.8431, +0.8072, +0.8088, +0.8533, +0.8343, +0.8020, +0.8240, +0.8227, +0.8437, +0.8191, +0.8473, +0.8352, +0.8027, +0.8302, +0.8442, +0.8292, +0.8563, +0.8428, +0.8139, +0.8622, +0.8254, +0.8203, +0.8042, +0.8264, +0.8195, +0.8059, +0.7844, +0.8190, +0.8584, +0.7832, +0.7727, +0.8595, +0.8550, +0.8165, +0.8336, +0.7961, +0.8315, +0.8674, +0.8061, +0.8201, +0.8542, +0.8469, +0.8082, +0.8799, +0.8175, +0.8269, +0.8469, +0.8237, +0.7998, +0.8118, +0.8194, +0.8608, +0.8523, +0.8199, +0.7912, +0.8685, +0.8768, +0.8507, +0.8478, +0.8040, +0.8436, +0.7786, +0.8012, +0.8014, +0.8439, +0.8296, +0.8369, +0.8408, +0.8594, +0.8509, +0.8208, +0.8126, +0.8422, +0.8124, +0.8538, +0.8324, +0.8437, +0.8348, +0.8590, +0.8724, +0.8425, +0.8068, +0.8160, +0.8736, +0.8253, +0.8056, +0.8347, +0.8116, +0.8173, +0.8749, +0.8474, +0.8269, +0.8005, +0.8257, +0.8320, +0.8246, +0.8688, +0.8143, +0.8496, +0.8322, +0.8337, +0.8894, +0.8676, +0.8341, +0.8284, +0.8121, +0.7694, +0.8186, +0.8230, +0.8480, +0.8439, +0.8342, +0.8687, +0.8367, +0.8528, +0.8525, +0.8363, +0.8445, +0.8473, +0.8450, +0.7855, +0.8219, +0.8569, +0.8262, +0.8437, +0.8672, +0.8396, +0.8348, +0.8438, +0.8456, +0.8130, +0.8056, +0.8101, +0.8340, +0.8270, +0.8237, +0.8053, +0.8112]
    partner_ep_success_rate: [+0.0000, +0.0000, +0.0000, +0.0000, +0.6667, +0.5625, +0.2404, +0.1579, +0.0000, +0.0000, +0.5000, +0.5833, +0.6435, +0.5229, +0.6667, +0.0000, +0.6000, +0.4688, +0.6154, +0.4561, +0.5556, +0.9231, +0.7609, +0.7634, +0.7049, +0.6000, +0.9167, +0.7273, +0.7969, +0.7531, +0.5556, +0.4167, +0.7273, +0.5500, +0.6235, +0.5429, +0.4231, +0.7619, +0.5918, +0.7143, +0.7200, +0.6829, +0.7727, +0.9143, +0.6962, +0.6875, +0.6591, +0.7742, +0.8571, +0.8500, +0.5733, +0.7170, +0.8000, +0.7812, +0.6833, +0.6207, +0.7681, +0.7037, +0.6429, +0.8039, +0.8060, +0.7308, +0.6571, +0.8611, +0.8281, +0.7097, +0.7407, +0.6744, +0.5278, +0.7258, +0.6491, +0.5000, +0.6364, +0.6383, +0.7273, +0.6346, +0.8431, +0.7143, +0.7500, +0.7500, +0.6377, +0.6842, +0.7692, +0.5490, +0.7193, +0.6308, +0.5814, +0.5758, +0.7188, +0.7885, +0.8769, +0.8235, +0.6970, +0.6200, +0.7759, +0.6119, +0.7037, +0.6129, +0.6667, +0.6761, +0.7797, +0.9459, +0.7778, +0.6970, +0.8065, +0.5902, +0.5532, +0.5098, +0.5366, +0.5577, +0.5645, +0.6182, +0.6182, +0.6829, +0.8039, +0.7451, +0.7037, +0.7455, +0.8889, +0.5745, +0.6418, +0.4571, +0.4898, +0.6667, +0.6271, +0.5224, +0.6333, +0.7636, +0.7321, +0.6066, +0.6897, +0.7059, +0.7368, +0.7500, +0.7727, +0.8704, +0.9474, +0.3673, +0.7073, +0.8000, +0.7910, +0.6481, +0.7000, +0.5111, +0.6207, +0.7925, +0.8696, +0.6600, +0.3958, +0.7273, +0.7887, +0.5484, +0.5909, +0.7609, +0.6383, +0.7917, +0.6613, +0.6042, +0.6364, +0.6471, +0.8684, +0.7742, +0.7500, +0.6607, +0.6984, +0.4242, +0.8200, +0.8939, +0.7000, +0.7455, +0.7174, +0.7143, +0.7907, +0.7458, +0.6575, +0.6216, +0.6154, +0.8056, +0.7903, +0.8767, +0.7907, +0.7143, +0.7872, +0.6806, +0.7969, +0.8537, +0.8000, +0.7414, +0.9355, +0.8571, +0.6977, +0.6508, +0.6981, +0.8070, +0.7925, +0.7609, +0.7302, +0.5965, +0.5581, +0.7436, +0.6849, +0.7000, +0.8393, +0.6750, +0.5946, +0.4545, +0.6000, +0.6615, +0.9268, +0.6389, +0.7385, +0.5500, +0.7097, +0.6744, +0.6667, +0.6667, +0.7193, +0.7463, +0.7447, +0.8810, +0.8814, +0.6949, +0.7313, +0.9744, +0.8400, +0.6333, +0.7231, +0.6140, +0.7750, +0.8684, +0.7606, +0.7586, +0.6296, +0.6000, +0.6800, +0.6667, +0.8182, +0.7091, +0.8095, +0.6769, +0.7031, +0.6364, +0.7879, +0.9149, +0.8933, +0.7125, +0.8462, +0.8158, +0.8367, +0.7465, +0.6222, +0.6038, +0.9194, +0.8108, +0.7826, +0.8364, +0.7778, +0.7660, +0.7647, +0.7656, +0.7818, +0.7200, +0.8261, +0.7111, +0.6667, +0.6197, +0.7045, +0.7609, +0.7400, +0.6418, +0.8730, +0.6222, +0.5227, +0.4737, +0.4603, +0.6939, +0.6935, +0.7660, +0.5077, +0.6667, +0.6667, +0.5517, +0.7059, +0.7857, +0.7358, +0.7755, +0.6170, +0.6667, +0.6571, +0.6949, +0.6596, +0.7778, +0.5800, +0.6571, +0.8085, +0.7143, +0.6739, +0.9107, +0.9077, +0.7143, +0.8421, +0.8689, +0.6875, +0.5085, +0.6714, +0.6786, +0.8409, +0.8824, +0.9020, +0.8491, +0.8088, +0.5490, +0.5714, +0.8043, +0.9067, +0.7846, +0.7941, +0.8235, +0.7971, +0.4861, +0.4386, +0.3429, +0.7750, +0.7432, +0.5500, +0.6304, +0.8387, +0.9859, +0.9333, +0.8923, +0.9231, +0.8958, +0.7808, +0.8171, +0.7805, +0.7179, +0.8500, +0.7895, +0.9403, +0.6190, +0.6522, +0.7705, +0.5156, +0.6000, +0.9057, +0.9104, +0.8000, +0.7209, +0.7812, +0.7692, +0.4167, +0.8636, +0.9592, +0.6029, +0.3704, +0.6842, +0.7857, +0.8689, +0.7042, +0.7358, +0.7308, +0.7885, +0.8243, +0.6038, +0.8182, +0.8413, +0.9492, +0.8478, +0.7778, +0.8235, +0.8542, +0.8393, +0.8361, +0.8727, +0.7826, +0.6515, +0.5091, +0.7083, +0.6792, +0.4898, +0.5072, +0.8367, +0.8125, +0.8605, +0.7308, +0.5345, +0.7727, +0.8983, +0.8769, +0.9730, +0.9828, +0.7692, +0.5000, +0.5577, +0.7250, +0.6129, +0.6145, +0.5818, +0.7442, +0.6667, +0.8904, +0.8923, +0.6957, +0.8810, +0.8784, +0.8472, +0.8864, +0.6818, +0.7377, +0.6724, +0.7971, +0.8571, +0.7969, +0.6719, +0.5517, +0.6034, +0.7200, +0.7021, +0.7778, +0.8529, +0.8333, +0.8788, +0.9032, +0.7600, +0.6538, +0.6250, +0.8431, +0.6875, +0.7538, +0.7692, +0.7885, +0.8611, +0.7439, +0.7188, +0.9737, +0.9565, +0.8090, +0.7636, +0.8182, +0.8269, +0.8158, +0.8644, +0.9216, +0.6833, +0.7647, +0.5500, +0.5238, +0.5614, +0.5735, +0.7424, +0.5000, +0.5893, +0.8594, +0.9322, +0.6140, +0.5778, +0.5714, +0.6607, +0.6329, +0.8302, +0.7857, +0.7414, +0.7463, +0.9559, +0.9556, +0.4898, +0.5902, +0.8209, +0.5938, +0.8571, +0.8833, +0.9322, +0.9138, +0.8793, +0.6557, +0.4921, +0.8261, +0.8947, +0.9661, +0.9839, +0.9048, +0.7206, +0.6923, +0.6341, +0.7500, +0.8727, +0.8987, +0.8571, +0.8605, +0.8056, +0.7600, +0.7273, +0.8462, +0.7971, +0.7500, +0.7424, +0.7308, +0.8750, +0.9492, +0.8356, +0.6731, +0.6528, +0.8409, +0.7321, +0.7636, +0.7701, +0.7619, +0.7353, +0.6341, +0.6849, +0.8545, +0.9412, +0.7975, +0.6812, +0.6604, +0.6923, +0.7797, +0.8936, +1.0000, +0.7045, +0.5769, +0.5844, +0.8000, +0.7143, +0.6250, +0.8072, +0.7222, +0.8276, +0.8163, +0.7292, +0.7229, +0.6462, +0.7250, +0.7647, +0.7778, +0.6939, +0.5319, +0.6182, +0.5286, +0.6970, +0.8667, +0.9245, +0.7778, +0.6104, +0.5926, +0.8095, +0.6812, +0.7660, +0.7160, +0.7234, +0.6667, +0.7407, +0.8197, +0.8000, +0.8636, +0.7250, +0.5323, +0.6038, +0.6892, +0.7083, +0.7941, +0.7593, +0.6957, +0.5882, +0.7639, +0.8475, +0.6863, +0.6032, +0.6338, +0.8358, +0.7955, +0.6615, +0.7692, +0.7500, +0.8649, +0.7679, +0.7792, +0.8065, +0.8214, +0.7292, +0.6825, +0.8046, +0.7812, +0.7692, +0.6964, +0.8429, +0.7250, +0.5610, +0.7812, +0.8103, +0.5921, +0.8293, +0.9057, +0.8533, +0.7971, +0.8269, +0.7000, +0.8000, +0.7500, +0.8305, +0.8810, +0.9412, +0.8235, +0.8462, +0.8182, +0.7627, +0.7538, +0.8533, +0.9038, +0.5965, +0.7937, +0.6000, +0.8060, +0.8036, +0.8308, +0.8448, +1.0000, +0.7959, +0.6282, +0.6226, +0.7288, +0.7458, +0.8276, +0.7273, +0.7963, +0.7895, +0.8947, +0.9000, +0.9683, +0.6167, +0.7115, +0.4364, +0.4429, +0.7576, +0.6438, +0.8966, +0.8571, +0.8571, +0.9821, +0.7667, +0.7746, +0.8060, +0.8906, +0.7903, +0.8800, +0.8831, +0.8906, +0.9180, +0.8333, +0.5510, +0.7931, +0.8406, +0.8718, +0.8406, +0.7333, +0.9048, +0.7736, +0.5510, +0.7258, +0.7286, +0.7000, +0.8250, +0.7705, +0.6854, +0.7321, +0.7907, +0.8254, +0.8904, +0.9254, +0.8654, +0.8070, +0.7816, +0.9643, +0.8000, +0.8000, +0.9625, +0.8730, +0.7797, +0.8615, +0.7692, +0.2745, +0.5400, +0.8684, +0.8060, +0.7381, +0.6727, +0.6517, +0.5541, +0.8478, +0.8545, +0.7612, +0.8636, +0.8065, +0.8966, +0.9620, +0.9452, +0.8043, +0.7193, +0.7308, +0.8462, +0.8590, +0.9394, +0.7170, +0.6667, +0.4032, +0.6026, +0.9123, +0.8163, +0.6173, +0.8125, +0.8413, +0.7667, +0.8308, +0.7344, +0.8519, +0.8451, +0.8000, +0.9375, +0.8488, +0.7705, +0.7879, +0.7273, +0.7241, +0.6892, +0.7237, +0.7500, +0.8600, +0.9322, +0.9077, +0.8182, +0.8406, +0.8947, +0.8667, +0.7097, +0.7286, +0.7576, +0.8095, +0.8025, +0.7368, +0.8246, +0.7778, +0.8980, +0.8148, +0.7922, +0.9583, +0.9828, +0.8289, +0.8077, +0.7800, +0.8235, +0.8143, +0.7528, +0.8545, +0.8776, +0.8590, +0.7656, +0.9403, +0.8235, +0.8393, +0.9322, +0.8736, +0.8889, +0.7333, +0.6338, +0.7632, +0.5400, +0.6721, +0.8406, +0.9077, +0.8649, +0.7857, +0.8167, +0.8551, +0.7895, +0.6957, +0.7018, +0.7612, +0.8167, +0.7895, +0.8596, +0.9275, +0.9412, +0.9211, +0.8481, +0.7231, +0.8049, +0.8167, +0.8155, +0.9032, +0.9706, +0.9589, +0.9000, +0.8871, +0.9216, +0.9459, +0.8780, +0.7358, +0.9153, +0.9195, +0.9104, +0.9545, +0.7667, +0.7869, +0.4627, +0.6324, +0.6923, +0.8333, +0.7636, +0.9054, +0.9508, +0.8133, +0.8592, +0.8644, +0.8936, +0.6627, +0.8533, +0.9333, +0.9310, +0.8704, +0.9468, +0.9714, +0.6792, +0.7895, +0.9390, +0.9298, +0.8571, +0.9310, +0.8056, +0.7941, +0.8065, +0.7167, +0.8267, +0.7143, +0.8611, +0.9600, +0.9545, +0.8600, +0.8026, +0.7250, +0.9231, +0.9825, +0.9437, +0.9059, +0.8596, +0.8730, +0.9571, +0.9365, +0.9254, +0.8429, +0.7115, +0.8750, +0.9524, +0.8333, +0.9306, +0.9231, +0.8095, +0.8966, +0.8714, +0.9036, +0.9273, +0.9833, +0.8636, +0.8642, +0.9821, +0.9821, +0.9403, +0.8033, +0.7105, +0.7170, +0.6667, +0.7308, +0.7188, +0.7460, +0.9306, +0.9437, +0.8889, +0.8036, +0.7895, +0.8842, +0.9333, +0.8824, +0.8246, +0.9390, +0.7463, +0.8750, +0.8594, +0.9398, +0.9429, +0.8868, +0.8333, +0.8415, +0.8036, +0.7500, +0.7778, +0.7349, +0.8889, +0.9104, +0.9385, +0.9677, +0.8868, +0.7738, +0.8933, +0.7925, +0.7681, +0.6389, +0.6479, +0.7460, +0.4909, +0.9062, +0.9275, +0.8780, +0.7059, +0.7969, +0.8354, +0.7049]
            ep_return_mean: [+0.0000, +0.0000, +0.0000, +0.0000, +0.1467, -4.6101, -9.6421, -13.8548, +0.0000, +0.0000, -5.8651, -5.5918, -6.6885, -9.5262, -12.2869, +0.0000, +1.4580, -0.3008, -1.9187, -3.9962, -6.4590, +4.0677, +1.8069, +0.1506, -2.5833, -4.0669, -1.9276, +1.0177, +0.4822, -1.4373, -0.3158, +0.3925, +1.3812, -0.3098, -0.9658, -1.3089, -1.1766, +0.1552, +0.4343, +1.4962, -1.2609, -1.4551, -0.4768, -0.1789, +1.2701, +0.3244, +0.6986, -1.2491, +0.6753, +0.6532, -0.9833, -0.7970, -0.3554, +1.1978, +0.3112, +0.5697, -1.2241, -0.1596, +0.4362, +0.3702, +1.7252, +0.0540, -0.0449, +0.3153, -0.2610, +0.9785, +0.0524, -0.1793, +2.0375, +2.2550, +0.3226, +0.0167, -0.3407, +0.9098, +1.2607, -0.2025, -0.1996, +0.4273, +0.2692, +0.1996, -0.3330, -0.0298, -0.7000, -0.6900, +0.9208, +0.5254, +0.4498, +0.5212, +0.6753, +2.2161, +1.6829, +0.5844, +0.1045, -0.5418, -0.3073, -1.2317, -0.4078, +2.2700, +1.9933, +0.4310, +1.1073, +0.8481, -0.0596, +0.6594, +0.7171, -0.0838, +0.0504, +1.1384, +1.4902, +1.3004, +0.1282, +2.1345, +1.6685, +1.8363, +2.2653, +0.8676, +1.3042, -0.3180, +0.1494, +0.7849, -0.0164, +0.2066, -0.7833, -0.3953, +0.9042, +1.0145, +0.9783, +1.3602, +0.8864, +2.0208, +0.9858, +1.6252, +2.3121, +0.0427, -0.3271, +0.5128, +0.3398, +2.5673, +1.7024, +1.1884, +1.8009, +1.1561, +1.7815, +1.0964, +2.5150, +1.7051, +0.3856, -0.9679, +0.3948, +0.9196, +0.6938, +2.0322, +1.9951, +2.0993, +2.1813, +1.9235, +0.5111, +0.8764, +1.0925, +1.8100, +1.7060, +1.1347, +1.7915, +0.9670, +1.7490, +2.5145, +2.2754, +1.6906, +2.3375, +1.7402, +3.0189, +3.1598, +2.7828, +2.0471, +1.5149, +2.7794, +1.7511, +1.9558, +1.4508, +1.5216, +1.7902, +0.7654, +1.3442, +2.6218, +1.1354, +1.8171, +1.8642, +2.2491, +2.8340, +0.8839, +1.8479, +2.4731, +2.4894, +2.6524, +1.8475, +3.4454, +2.5724, +2.9617, +2.3149, +0.8736, +1.2308, +2.2585, +2.5100, +2.7317, +3.9208, +1.8445, +0.9495, +1.5689, +1.0483, +2.8225, +1.8271, +0.5985, +1.3148, +1.7165, +2.8954, +2.9203, +1.7966, +2.8664, +1.4664, +2.4409, +2.2540, +2.1901, +2.0357, +3.1643, +2.6364, +2.6753, +3.0969, +1.7021, +2.1332, +2.3484, +2.1325, +2.2621, +1.6144, +1.3415, +2.5204, +1.4387, +1.7709, +0.3607, +2.5321, +3.0507, +3.0887, +3.3231, +2.7760, +2.0821, +2.6654, +1.8117, +4.8575, +5.3910, +4.9032, +3.4669, +1.8760, +1.1183, +2.4201, +2.5621, +2.0268, +2.4543, +2.5131, +1.2040, +1.4225, +1.8615, +0.9362, +2.7654, +2.2369, +2.0087, +1.3539, +2.2856, +3.0620, +3.5324, +3.3136, +2.5385, +2.1120, +2.4311, +2.3277, +3.0131, +1.9906, +2.5798, +1.1255, +2.6815, +3.5121, +3.0940, +2.8754, +2.4631, +3.4066, +2.1896, +2.5870, +3.2634, +1.8217, +2.2453, +2.6435, +2.8552, +3.5440, +4.5254, +3.5734, +3.8990, +3.1370, +2.6574, +0.6139, +0.8137, +0.7909, +1.8474, +2.8405, +3.5170, +3.7185, +1.7913, +2.7568, +3.2625, +3.8750, +3.4106, +2.5041, +1.1081, +1.4882, +3.7600, +3.0089, +4.1624, +3.2424, +3.4287, +3.8456, +2.4856, +1.7619, +1.7565, +1.7814, +2.3914, +4.2872, +2.8246, +2.3307, +2.3628, +3.8580, +4.6170, +4.4325, +3.8280, +3.8661, +4.8795, +3.0123, +2.6262, +3.0075, +4.5407, +4.4435, +2.7298, +1.4707, +0.9140, +3.4504, +2.6701, +2.4855, +2.4376, +2.8588, +3.4441, +3.1842, +1.6007, +1.8828, +2.9261, +2.0998, +3.6588, +4.0079, +3.3873, +1.9102, +1.8433, +3.1171, +2.9795, +3.4133, +3.3756, +4.2278, +4.9067, +3.5496, +2.6162, +3.6663, +3.4788, +4.1096, +3.8028, +3.0496, +3.6233, +3.5864, +2.7921, +2.9960, +2.6123, +2.9213, +3.8242, +2.8565, +3.3206, +1.4653, +2.8396, +2.4049, +4.0840, +3.3308, +4.9718, +4.0627, +3.8282, +3.4580, +3.3334, +4.4560, +5.1265, +3.7207, +2.8869, +4.0808, +2.0134, +1.5970, +2.4792, +2.2259, +3.6109, +4.2958, +4.4764, +3.9986, +2.5092, +1.7067, +2.9621, +3.1005, +4.1403, +3.2479, +3.7870, +3.2816, +3.6003, +2.9245, +1.9211, +3.7362, +3.4540, +3.3274, +3.3189, +3.5810, +3.3904, +2.8843, +3.7117, +2.5608, +4.5945, +4.7709, +4.6868, +3.8890, +4.1106, +4.2255, +2.6881, +3.7227, +3.8515, +2.1244, +4.0111, +3.7129, +3.6784, +2.8489, +4.0710, +3.8521, +3.9438, +5.6515, +5.3626, +4.0506, +2.4203, +2.4292, +4.2253, +5.0315, +3.2908, +2.9197, +2.2728, +3.4079, +3.2074, +5.1268, +5.1007, +4.6299, +4.2613, +3.0867, +3.1511, +3.1166, +3.2448, +3.6207, +4.0345, +4.4828, +4.1470, +3.4625, +3.2556, +4.8937, +3.7532, +3.2831, +3.0312, +3.0968, +4.2255, +4.8515, +4.1420, +4.1563, +3.2431, +3.9522, +4.3630, +4.9035, +4.2490, +5.1255, +4.8329, +4.6909, +4.3028, +4.0074, +3.8644, +3.5006, +4.3676, +3.8892, +4.4647, +6.2264, +3.4015, +3.8224, +3.4248, +4.8484, +3.0684, +4.6122, +5.1108, +4.1278, +4.9048, +3.4161, +3.4500, +4.4334, +4.0166, +5.7133, +5.1205, +2.6603, +4.4636, +3.9743, +4.8155, +4.0935, +5.5440, +3.1165, +4.9894, +5.1620, +4.3566, +4.4307, +3.8477, +4.8500, +3.7629, +4.1755, +5.5949, +4.7621, +4.9393, +4.2393, +4.3105, +4.1806, +4.4938, +4.2459, +4.3400, +3.7973, +3.2558, +2.8665, +2.9538, +5.0455, +5.7746, +4.7512, +4.5095, +4.2372, +5.1932, +4.1234, +3.9147, +4.5635, +5.7958, +6.0845, +5.1231, +5.7185, +5.1695, +4.7353, +4.2683, +3.3392, +3.5808, +5.1480, +4.9466, +4.6885, +3.7407, +5.4247, +5.0839, +4.0037, +4.9332, +3.7225, +2.4377, +4.9717, +4.2757, +4.5315, +3.1163, +4.4900, +5.1876, +6.5190, +5.5134, +4.6523, +5.3604, +5.4245, +5.5972, +5.2404, +5.3194, +4.2802, +4.8419, +4.5141, +3.8851, +3.9151, +5.5562, +5.5179, +5.3689, +4.9214, +5.8874, +5.4014, +5.6557, +4.7465, +4.7646, +5.3129, +5.7058, +4.2068, +3.8710, +4.2821, +4.6860, +4.9218, +5.2744, +4.8717, +5.3570, +5.2096, +5.2371, +5.3590, +4.4547, +4.3147, +3.7315, +3.5884, +3.7608, +4.4035, +4.6734, +5.3271, +5.7610, +5.3877, +5.2558, +4.8606, +6.2169, +6.2296, +6.2417, +4.7662, +4.7198, +4.5082, +4.6790, +5.1918, +4.8930, +4.6479, +4.7353, +4.7375, +4.9728, +5.1122, +5.3962, +5.1563, +4.9135, +5.5590, +5.1609, +4.4062, +5.6049, +5.6225, +7.6453, +6.0112, +5.7817, +5.4062, +4.4920, +4.1607, +5.6290, +6.3581, +6.6975, +5.8771, +5.8212, +4.9085, +5.9627, +5.6431, +6.4971, +5.8657, +5.9419, +7.1371, +5.8175, +5.7019, +5.6460, +5.5822, +5.7624, +5.1385, +4.7198, +5.4057, +4.6492, +5.2019, +5.7283, +5.0809, +5.6869, +4.9961, +5.5405, +4.7009, +6.5792, +6.5384, +5.9332, +6.0664, +5.7713, +5.4668, +5.9097, +3.8558, +5.5732, +7.4338, +6.8847, +4.9486, +6.5007, +5.1503, +4.5271, +4.6297, +5.5058, +5.4559, +5.5156, +7.0421, +7.6883, +5.9202, +4.9063, +4.5556, +6.4825, +7.0234, +6.7903, +6.8482, +6.9820, +5.4761, +6.6130, +5.1097, +6.3788, +6.0918, +5.8387, +5.4399, +5.6008, +5.7640, +7.2969, +5.9692, +6.4234, +4.8366, +7.0537, +6.1221, +5.1198, +6.1036, +5.2862, +6.0208, +4.8797, +5.0314, +7.4101, +5.8690, +6.8532, +6.1453, +5.6101, +6.2240, +7.1220, +7.5353, +6.7759, +6.0084, +6.1434, +5.0514, +6.4906, +6.4582, +6.8680, +6.5434, +6.5226, +6.9599, +6.1778, +6.0602, +6.2836, +7.2336, +6.1399, +5.0134, +4.9902, +6.0147, +6.5643, +7.5119, +5.7619, +6.2022, +6.4403, +6.4321, +5.9911, +6.8932, +7.2144, +7.3021, +6.4257, +6.0858, +7.0646, +6.9960, +6.5837, +6.2520, +7.0087, +6.2608, +6.8647, +5.9538, +5.3069, +5.6568, +6.2982, +6.1144, +5.3223, +6.7212, +6.6384, +6.7949, +6.4810, +6.4198, +7.1050, +7.0417, +6.7583, +6.3094, +6.5149, +7.1893, +6.1798, +6.5707, +6.0555, +7.1185, +6.9655, +7.1639, +6.2079, +7.5878, +6.2399, +7.2970, +6.0974, +6.8344, +7.7211, +8.1572, +6.4773, +6.7675, +6.9648, +7.9259, +6.9020, +6.8495, +6.5914, +6.3191, +3.9241, +5.3463, +7.0952, +6.9052, +6.3996, +6.5436, +6.6103, +6.9039, +6.8402, +6.9647, +6.7748, +5.9273, +6.3237, +7.2228, +7.7125, +6.8057, +6.9478, +6.9831, +7.5245, +7.9559, +7.7129, +6.1871, +5.4300, +7.2947, +6.4409, +6.9851, +6.7970, +7.3843, +6.4377, +6.6306, +6.9230, +7.9929, +8.3740, +7.4319, +7.0987, +7.0337, +6.3015, +6.1433, +5.1905, +5.4745, +7.0854, +7.8542, +7.5415, +7.4939, +6.9116, +6.6442, +6.7540, +6.4508, +6.3579, +6.7252, +6.9681, +7.8825, +7.7918, +7.1316, +8.1803, +6.7158, +7.0277, +7.1296, +7.4851, +6.9912, +6.6273, +6.4930, +6.3513, +5.9337, +6.3470, +7.1801, +7.0860, +7.1486, +6.9120, +6.8387, +6.6579, +7.0470, +6.7406, +7.0117, +7.7094, +7.0640, +8.6579, +9.1013, +7.3520, +6.5357, +5.7293, +6.8247, +6.1306, +6.4537, +6.7661, +7.6165, +8.0193, +7.2285, +6.5599, +6.6819, +7.3890, +6.7470, +6.7285, +8.0383, +7.4264, +7.7670, +5.3758, +6.5039, +6.7453, +7.8973, +7.7490, +7.5820, +6.9170, +6.7087, +6.8145, +7.2669, +6.3699, +6.6185, +6.7097, +7.3287, +6.3617, +6.8335]
            ep_length_mean: [+0.0000, +0.0000, +0.0000, +0.0000, +1231.0000, +1464.6875, +1685.5355, +1850.5790, +0.0000, +0.0000, +1546.0000, +1522.8750, +1562.9043, +1685.5413, +1801.0000, +0.0000, +1258.1000, +1346.2344, +1434.0770, +1517.7018, +1577.3334, +1131.5385, +1268.4348, +1346.8064, +1450.4591, +1517.6857, +1455.2500, +1293.8636, +1324.7500, +1413.0864, +1365.1482, +1332.6667, +1297.3030, +1354.0751, +1388.1882, +1402.0428, +1399.5770, +1345.5714, +1327.2856, +1286.8254, +1391.9600, +1424.0243, +1365.2728, +1330.8857, +1301.0507, +1364.2031, +1318.8864, +1379.2581, +1328.4286, +1303.2334, +1381.7065, +1367.9246, +1382.2001, +1310.0000, +1320.6001, +1315.2413, +1376.8551, +1336.4445, +1291.0238, +1307.6667, +1273.1344, +1346.4424, +1357.8857, +1303.9166, +1337.5156, +1290.0806, +1317.1111, +1333.2791, +1252.3334, +1248.7742, +1309.0878, +1331.0870, +1337.8864, +1284.3403, +1284.2545, +1360.4424, +1340.8824, +1321.7959, +1347.8055, +1314.4039, +1344.8406, +1321.2894, +1359.6924, +1338.4314, +1290.0176, +1305.5231, +1319.6976, +1285.3636, +1288.0781, +1237.0577, +1275.2307, +1296.1471, +1323.9696, +1349.0000, +1329.7931, +1372.8508, +1335.0741, +1222.8386, +1227.6154, +1299.7747, +1275.8813, +1307.3513, +1339.5370, +1274.6061, +1291.7903, +1321.3771, +1325.1489, +1264.5099, +1257.5853, +1254.8270, +1332.7581, +1242.7817, +1269.1818, +1262.3901, +1219.1569, +1293.5687, +1259.2593, +1341.1272, +1326.1111, +1279.6383, +1332.7314, +1312.5428, +1333.6122, +1350.5491, +1273.9323, +1288.4329, +1265.6667, +1243.0908, +1274.8572, +1231.7870, +1285.8103, +1269.2941, +1222.6580, +1315.0417, +1338.0605, +1327.1852, +1325.0878, +1202.6122, +1226.5122, +1260.2727, +1238.4329, +1249.7593, +1238.3750, +1270.6890, +1244.3448, +1264.4529, +1289.8043, +1343.1200, +1294.5625, +1257.7635, +1299.0985, +1249.8710, +1232.8484, +1241.3914, +1223.8085, +1255.3125, +1305.8710, +1277.9584, +1260.6727, +1262.7059, +1269.9736, +1274.4677, +1263.9808, +1292.0536, +1231.0795, +1205.3939, +1232.9199, +1263.3030, +1210.5500, +1251.0000, +1177.9783, +1173.7679, +1208.5349, +1228.1187, +1258.3562, +1187.9188, +1229.1731, +1252.0834, +1257.5161, +1264.6028, +1258.4651, +1302.8286, +1247.3403, +1223.3611, +1276.7812, +1244.6097, +1237.6750, +1236.1034, +1190.8710, +1300.3572, +1252.6976, +1198.7461, +1210.7925, +1193.0526, +1234.9623, +1166.0652, +1201.6509, +1204.6492, +1250.6279, +1259.3077, +1252.1781, +1215.0834, +1213.5000, +1198.9000, +1180.2432, +1234.7922, +1258.4445, +1257.1077, +1279.6097, +1162.6111, +1243.7230, +1281.7667, +1254.8225, +1237.6511, +1199.5641, +1192.5081, +1234.3334, +1202.7314, +1250.1702, +1191.5476, +1207.4237, +1212.1017, +1225.5076, +1164.8975, +1212.9800, +1190.2334, +1158.6923, +1252.6492, +1208.2500, +1195.1052, +1226.3521, +1227.8448, +1254.4259, +1262.1750, +1194.2800, +1252.4922, +1222.2181, +1298.9636, +1218.5000, +1177.2924, +1177.7188, +1177.1818, +1215.9696, +1227.2766, +1190.5466, +1223.9875, +1101.1155, +1071.5790, +1096.8163, +1168.3098, +1239.8667, +1256.4340, +1211.0806, +1179.6216, +1225.9565, +1214.4727, +1191.8667, +1272.1063, +1251.9412, +1232.5781, +1270.7999, +1198.0599, +1238.6088, +1235.5778, +1247.8696, +1198.2394, +1162.8864, +1166.1522, +1147.2800, +1191.8060, +1220.4286, +1215.7778, +1195.0000, +1178.2456, +1242.1906, +1197.2449, +1259.0967, +1180.2340, +1156.0154, +1180.3501, +1154.9487, +1192.0690, +1182.2549, +1218.1285, +1208.6604, +1147.4286, +1216.7872, +1208.1666, +1216.0143, +1198.6610, +1158.4468, +1102.5398, +1149.5800, +1126.5428, +1199.1489, +1179.5238, +1264.7826, +1276.7144, +1269.6461, +1213.2223, +1241.5790, +1150.0492, +1159.9792, +1245.1356, +1181.6000, +1150.8750, +1141.2727, +1185.8236, +1195.2745, +1259.3585, +1232.5000, +1146.9216, +1205.0894, +1116.3260, +1173.2533, +1170.5692, +1151.2354, +1186.2354, +1210.0000, +1232.7361, +1234.0878, +1209.4857, +1139.3000, +1192.9594, +1208.7001, +1197.4783, +1129.1935, +1104.5071, +1129.6533, +1169.4923, +1175.0000, +1098.5834, +1168.1096, +1183.4023, +1197.0000, +1102.3590, +1104.3168, +1183.5438, +1253.3583, +1269.6906, +1145.8043, +1199.9673, +1190.7031, +1206.6000, +1173.8491, +1140.4329, +1153.6500, +1256.2791, +1233.6094, +1182.2437, +1225.0625, +1149.1136, +1145.1224, +1179.2354, +1230.4630, +1222.5790, +1164.8096, +1175.6558, +1150.9014, +1166.0000, +1160.1924, +1082.5962, +1146.3918, +1182.8679, +1141.4773, +1175.1271, +1141.6949, +1136.9131, +1167.9584, +1162.5687, +1154.2500, +1205.1250, +1175.6558, +1204.1818, +1192.1305, +1154.0000, +1190.7817, +1174.5209, +1250.3208, +1173.3265, +1210.1014, +1149.8776, +1154.1376, +1088.2791, +1153.4039, +1135.6552, +1163.0757, +1159.4067, +1133.1077, +1070.5946, +1148.1552, +1181.2462, +1129.1400, +1239.8462, +1246.7250, +1195.4032, +1204.7953, +1130.0364, +1123.0000, +1082.8975, +1142.8082, +1205.0308, +1236.7391, +1156.2620, +1158.5405, +1124.8195, +1185.6136, +1131.7046, +1152.0657, +1151.4828, +1187.4203, +1230.5428, +1127.1719, +1149.0781, +1159.6207, +1163.9482, +1136.7000, +1145.8723, +1186.4922, +1145.3088, +1204.2084, +1102.9849, +1107.9515, +1108.9399, +1139.6924, +1129.1875, +1136.0197, +1181.4844, +1139.6154, +1109.1282, +1228.7500, +1115.2916, +1149.8658, +1153.4688, +1126.4474, +1096.1885, +1133.1910, +1148.1636, +1060.0303, +1060.3077, +1133.8552, +1207.9153, +1210.6863, +1107.6167, +1098.9805, +1175.8168, +1191.7620, +1225.7018, +1160.8383, +1172.8333, +1075.9584, +1098.7144, +1099.3438, +1128.2373, +1162.0352, +1159.4889, +1167.2679, +1170.6786, +1168.2659, +1145.8491, +1105.1906, +1112.4828, +1125.0299, +1173.1029, +1101.9333, +1114.9387, +1155.2296, +1162.1344, +1169.0156, +1121.3096, +1082.0334, +1135.0339, +1122.0000, +1162.8276, +1129.7050, +1133.2064, +1081.7391, +1121.9868, +1082.8983, +1103.3871, +1094.0000, +1087.6912, +1134.4615, +1126.0975, +1158.6250, +1122.3091, +1131.1899, +1140.6735, +1021.5349, +1155.2084, +1126.7000, +1157.2120, +1065.1155, +1152.5363, +1098.4424, +1083.4849, +1135.2308, +1102.3750, +1164.8306, +1147.8630, +1116.3269, +1117.5416, +1026.2955, +1087.7144, +1193.8727, +1084.8850, +1146.4286, +1086.9117, +1138.9023, +1058.8219, +1179.4727, +1054.6765, +1067.8354, +1124.7102, +1106.2264, +1145.7693, +1071.0847, +1124.7340, +1136.2885, +1042.7273, +1089.2885, +1076.1559, +1121.3715, +1124.3429, +1101.1459, +1109.4218, +1136.6945, +1105.3793, +1160.0000, +1166.2709, +1184.5422, +1193.2000, +1078.6250, +1042.9854, +1095.9877, +1117.6327, +1097.7234, +1036.0728, +1111.3143, +1148.0151, +1087.2667, +1049.7548, +1034.7937, +1080.0779, +1064.7223, +1067.7858, +1070.7391, +1124.7021, +1138.6791, +1139.7234, +1093.1747, +1082.0555, +1069.3279, +1138.0428, +1058.2273, +1089.9250, +1147.2096, +1096.0000, +1123.6351, +1178.6459, +1069.8088, +1128.5741, +1077.2174, +1160.2941, +1094.0555, +1105.7966, +1001.7255, +1059.8413, +1093.8591, +1067.8955, +1055.1819, +1064.0461, +1081.0769, +1072.8334, +1111.5405, +1075.8929, +1106.8701, +1121.5968, +1130.6965, +1051.9584, +1057.7937, +1062.8506, +1089.1406, +1011.7180, +1037.9822, +1059.0857, +1108.5250, +1068.0975, +1056.2969, +1040.1897, +1107.6052, +1130.3658, +1105.8491, +1092.1866, +1082.8260, +1086.6155, +1078.3199, +1050.7693, +1069.7894, +1061.4746, +1058.4524, +1097.2549, +1122.7412, +1145.7308, +1133.2046, +1126.9323, +1118.1538, +1119.0266, +1077.4615, +1029.2632, +1070.8096, +1060.1143, +1083.2090, +1015.9465, +1014.7846, +1023.1724, +1081.6667, +1078.0612, +1096.5513, +1090.9246, +1059.1526, +1092.4576, +1078.0690, +1072.9480, +1078.6482, +1076.1930, +1060.4736, +1063.3857, +1084.3334, +1074.1500, +1046.5000, +1074.2000, +1107.5571, +1041.7273, +1042.6713, +961.1724, +1041.9286, +1063.4762, +1062.7500, +1089.3667, +1135.9155, +1044.0448, +1021.2188, +1003.2581, +1058.5800, +1024.6884, +1076.2188, +1032.9673, +1060.1001, +974.5306, +1037.5518, +1034.9711, +967.0256, +1022.5363, +1064.6533, +1038.5715, +1067.3019, +1041.8163, +1089.1129, +1118.0428, +1068.2142, +1080.3750, +1049.4426, +1053.3821, +1091.6786, +1056.6976, +1068.2858, +1034.2739, +1111.2389, +1008.5770, +1010.0000, +1052.8621, +1029.1965, +1034.8199, +1045.4363, +1031.3375, +1108.5715, +1043.2712, +954.9692, +984.5000, +1073.6079, +971.9800, +1070.3948, +1109.0150, +1085.6906, +1061.7454, +1052.2472, +1069.8918, +999.6087, +973.8727, +1051.1045, +1071.8030, +1096.9032, +1028.6897, +986.5317, +1013.0548, +1008.0217, +983.3509, +1068.3846, +1011.0193, +1057.1154, +1016.3636, +1010.6227, +1016.0953, +1045.9354, +1040.3718, +1048.4562, +941.9592, +1041.5186, +1019.4219, +1069.8096, +981.3167, +1022.4308, +1051.9375, +1029.9445, +1064.6198, +1010.5500, +1064.8959, +1081.1511, +971.0165, +1033.6818, +980.2545, +1025.8448, +1061.8108, +1034.7894, +973.6030, +957.4000, +1005.1695, +1030.6923, +1049.0908, +1068.4058, +1013.0000, +1005.1866, +991.0967, +996.2857, +1003.5151, +1016.1905, +1030.6296, +1033.8948, +1017.7544, +980.5370, +1020.5510, +1051.0618, +1085.4935, +1014.5209, +1001.3621, +953.8421, +1050.1666, +1015.9800, +1011.5687, +995.8715, +1053.2023, +1009.3091, +956.3878, +969.9487, +1047.5938, +1017.9702, +983.7941, +997.5536, +995.2881, +1023.2988, +1000.0953, +1001.1334, +986.4225, +1016.6316, +1061.0599, +1051.9673, +1011.0580, +1029.4154, +1057.8378, +981.7501, +975.7167, +993.5942, +995.8026, +1017.9276, +969.2807, +976.6418, +980.5667, +1030.2368, +1017.6667, +993.6667, +1035.6471, +998.7895, +1015.5570, +992.7077, +1005.6585, +963.5667, +1022.6602, +974.5000, +1027.6471, +948.5479, +1030.9445, +1004.2258, +942.9020, +919.0135, +1022.4634, +998.3207, +984.5593, +938.3333, +1007.1941, +999.9091, +1017.4501, +1015.5410, +1130.1195, +1056.1177, +976.4000, +984.3889, +1003.5818, +998.4865, +1009.6066, +964.6533, +995.9859, +998.2712, +998.6808, +1017.1808, +1024.0266, +979.5667, +954.4482, +999.0186, +985.6808, +1007.1429, +964.5472, +939.1228, +969.1097, +1023.8597, +1057.1285, +957.9138, +1009.7778, +985.8088, +998.1935, +965.1000, +1023.4000, +1005.8413, +982.6111, +929.8266, +933.1515, +951.5800, +1003.1316, +990.9000, +1009.1539, +1017.6140, +1078.4507, +1059.0353, +985.4211, +941.1906, +952.7429, +991.6509, +992.6717, +1007.8428, +1006.6346, +1017.2083, +1013.8730, +999.1539, +959.8611, +938.0615, +933.0001, +996.8621, +953.7857, +1000.3856, +992.1818, +961.9501, +974.6060, +1009.1481, +1034.4286, +984.7322, +1000.4627, +1055.7378, +1022.4869, +983.7358, +992.6778, +990.4808, +972.1406, +989.8413, +993.6945, +988.1127, +1002.8572, +994.1786, +955.3553, +975.5053, +910.1167, +880.1373, +995.9649, +1007.9999, +1059.6418, +984.0209, +1023.4531, +1004.6989, +1012.9714, +959.1509, +942.6060, +976.9024, +988.8572, +1000.2501, +978.0972, +1030.1205, +1016.8890, +922.2090, +965.0308, +956.5806, +1059.3585, +989.6548, +989.9466, +948.2264, +952.3334, +953.1805, +988.3098, +1004.4445, +984.1273, +972.9375, +1025.8406, +1010.8049, +982.6471, +966.7656, +1013.0633, +988.9345]
               reward_mean: [-0.0059, -0.0056, -0.0057, -0.0053, -0.0057, -0.0057, -0.0060, -0.0054, -0.0052, -0.0045, -0.0056, -0.0049, -0.0041, -0.0030, -0.0007, -0.0006, -0.0010, -0.0010, -0.0006, +0.0001, -0.0004, -0.0012, -0.0008, -0.0008, -0.0020, -0.0002, -0.0003, +0.0001, +0.0006, -0.0002, -0.0007, -0.0004, -0.0004, -0.0004, +0.0001, -0.0000, -0.0007, +0.0008, +0.0001, -0.0010, +0.0000, -0.0001, +0.0005, +0.0011, -0.0005, -0.0007, -0.0004, -0.0000, -0.0001, +0.0014, -0.0000, -0.0008, +0.0005, +0.0008, -0.0002, -0.0009, -0.0003, +0.0003, +0.0006, -0.0003, -0.0010, +0.0006, -0.0004, +0.0011, +0.0021, +0.0017, +0.0012, -0.0006, +0.0006, +0.0010, -0.0003, -0.0001, +0.0011, +0.0004, +0.0003, -0.0000, -0.0007, -0.0002, -0.0002, -0.0002, +0.0001, +0.0008, +0.0006, +0.0014, +0.0002, +0.0002, +0.0002, +0.0003, +0.0005, -0.0000, +0.0002, +0.0004, -0.0000, +0.0007, -0.0004, +0.0008, +0.0016, -0.0001, +0.0000, +0.0011, +0.0011, -0.0003, -0.0003, +0.0008, +0.0007, +0.0000, +0.0006, +0.0010, +0.0015, +0.0010, +0.0008, +0.0008, +0.0001, +0.0016, +0.0009, +0.0001, +0.0002, -0.0010, +0.0005, +0.0006, +0.0005, +0.0012, +0.0003, +0.0016, +0.0007, +0.0001, -0.0009, +0.0013, +0.0023, +0.0013, +0.0003, -0.0005, -0.0005, +0.0010, +0.0002, +0.0015, +0.0032, +0.0011, -0.0006, +0.0013, +0.0026, +0.0006, +0.0011, +0.0008, +0.0009, +0.0009, +0.0006, +0.0003, +0.0006, +0.0004, +0.0017, +0.0017, +0.0011, +0.0015, +0.0001, +0.0013, +0.0018, +0.0023, +0.0008, -0.0001, +0.0014, +0.0014, +0.0014, +0.0015, +0.0027, +0.0011, +0.0016, +0.0023, +0.0014, +0.0022, +0.0026, +0.0023, +0.0009, +0.0013, +0.0004, +0.0017, +0.0019, +0.0014, +0.0005, +0.0011, +0.0018, +0.0009, +0.0017, +0.0017, +0.0022, +0.0000, +0.0013, +0.0018, +0.0023, +0.0028, +0.0021, +0.0023, +0.0028, +0.0018, +0.0018, +0.0010, +0.0016, +0.0010, +0.0021, +0.0033, +0.0019, +0.0016, +0.0018, +0.0015, +0.0008, +0.0015, +0.0011, +0.0004, +0.0020, +0.0008, +0.0018, +0.0014, +0.0015, +0.0023, +0.0026, +0.0011, +0.0014, +0.0022, +0.0026, +0.0025, +0.0014, +0.0019, +0.0028, +0.0022, +0.0010, +0.0018, +0.0023, +0.0009, +0.0015, +0.0027, +0.0016, +0.0010, +0.0006, +0.0019, +0.0011, +0.0005, +0.0024, +0.0047, +0.0027, +0.0021, +0.0010, +0.0011, +0.0012, +0.0033, +0.0039, +0.0031, +0.0024, +0.0029, +0.0039, +0.0020, +0.0026, +0.0009, +0.0030, +0.0009, +0.0008, +0.0015, +0.0014, +0.0013, +0.0012, +0.0017, +0.0012, +0.0019, +0.0015, +0.0026, +0.0026, +0.0030, +0.0025, +0.0025, +0.0027, +0.0018, +0.0006, +0.0020, +0.0013, +0.0010, +0.0027, +0.0029, +0.0030, +0.0043, +0.0015, +0.0015, +0.0009, +0.0035, +0.0020, +0.0017, +0.0021, +0.0023, +0.0028, +0.0017, +0.0021, +0.0036, +0.0045, +0.0030, +0.0024, +0.0011, +0.0011, -0.0006, +0.0021, +0.0015, +0.0020, +0.0036, +0.0032, +0.0031, +0.0027, +0.0015, +0.0035, +0.0024, +0.0010, +0.0008, +0.0035, +0.0028, +0.0017, +0.0032, +0.0025, +0.0020, +0.0021, +0.0031, +0.0007, +0.0015, +0.0031, +0.0022, +0.0018, +0.0005, +0.0025, +0.0028, +0.0025, +0.0041, +0.0052, +0.0031, +0.0037, +0.0033, +0.0044, +0.0021, +0.0017, +0.0027, +0.0034, +0.0010, +0.0038, +0.0021, +0.0024, +0.0013, +0.0022, +0.0030, +0.0026, +0.0009, +0.0022, +0.0018, +0.0037, +0.0011, +0.0022, +0.0034, +0.0026, +0.0034, +0.0010, +0.0020, +0.0015, +0.0029, +0.0036, +0.0038, +0.0033, +0.0046, +0.0012, +0.0025, +0.0037, +0.0044, +0.0028, +0.0028, +0.0032, +0.0020, +0.0025, +0.0029, +0.0023, +0.0030, +0.0020, +0.0028, +0.0024, +0.0027, +0.0035, +0.0023, +0.0031, +0.0017, +0.0034, +0.0033, +0.0035, +0.0032, +0.0037, +0.0042, +0.0024, +0.0030, +0.0027, +0.0023, +0.0036, +0.0027, +0.0008, +0.0023, +0.0030, +0.0025, +0.0040, +0.0025, +0.0032, +0.0010, +0.0016, +0.0034, +0.0024, +0.0034, +0.0041, +0.0026, +0.0030, +0.0027, +0.0035, +0.0025, +0.0026, +0.0027, +0.0040, +0.0040, +0.0015, +0.0025, +0.0033, +0.0025, +0.0035, +0.0044, +0.0037, +0.0035, +0.0037, +0.0039, +0.0035, +0.0032, +0.0022, +0.0024, +0.0027, +0.0022, +0.0042, +0.0048, +0.0020, +0.0024, +0.0038, +0.0047, +0.0042, +0.0034, +0.0030, +0.0033, +0.0035, +0.0024, +0.0036, +0.0036, +0.0021, +0.0044, +0.0028, +0.0027, +0.0033, +0.0044, +0.0028, +0.0041, +0.0022, +0.0033, +0.0044, +0.0024, +0.0028, +0.0041, +0.0013, +0.0045, +0.0041, +0.0023, +0.0030, +0.0032, +0.0047, +0.0029, +0.0028, +0.0030, +0.0035, +0.0036, +0.0033, +0.0045, +0.0038, +0.0034, +0.0039, +0.0041, +0.0049, +0.0025, +0.0031, +0.0056, +0.0042, +0.0040, +0.0025, +0.0024, +0.0044, +0.0048, +0.0046, +0.0034, +0.0028, +0.0023, +0.0041, +0.0049, +0.0048, +0.0033, +0.0036, +0.0029, +0.0049, +0.0026, +0.0038, +0.0038, +0.0028, +0.0043, +0.0050, +0.0030, +0.0042, +0.0048, +0.0022, +0.0058, +0.0038, +0.0039, +0.0049, +0.0046, +0.0024, +0.0019, +0.0046, +0.0053, +0.0037, +0.0047, +0.0050, +0.0041, +0.0035, +0.0034, +0.0055, +0.0021, +0.0044, +0.0039, +0.0035, +0.0019, +0.0026, +0.0021, +0.0045, +0.0063, +0.0048, +0.0050, +0.0021, +0.0037, +0.0045, +0.0042, +0.0039, +0.0051, +0.0071, +0.0060, +0.0029, +0.0035, +0.0030, +0.0045, +0.0041, +0.0038, +0.0050, +0.0044, +0.0030, +0.0040, +0.0050, +0.0039, +0.0051, +0.0024, +0.0039, +0.0034, +0.0033, +0.0017, +0.0048, +0.0066, +0.0033, +0.0037, +0.0049, +0.0049, +0.0064, +0.0053, +0.0039, +0.0055, +0.0053, +0.0048, +0.0044, +0.0039, +0.0037, +0.0031, +0.0039, +0.0043, +0.0036, +0.0076, +0.0063, +0.0044, +0.0042, +0.0071, +0.0044, +0.0042, +0.0062, +0.0029, +0.0018, +0.0031, +0.0046, +0.0039, +0.0057, +0.0061, +0.0045, +0.0047, +0.0033, +0.0066, +0.0049, +0.0041, +0.0034, +0.0030, +0.0043, +0.0036, +0.0046, +0.0039, +0.0038, +0.0054, +0.0055, +0.0049, +0.0065, +0.0052, +0.0060, +0.0045, +0.0040, +0.0041, +0.0047, +0.0041, +0.0055, +0.0035, +0.0040, +0.0058, +0.0049, +0.0042, +0.0035, +0.0045, +0.0051, +0.0057, +0.0055, +0.0064, +0.0049, +0.0041, +0.0048, +0.0073, +0.0054, +0.0063, +0.0049, +0.0037, +0.0040, +0.0044, +0.0062, +0.0053, +0.0073, +0.0049, +0.0053, +0.0057, +0.0051, +0.0053, +0.0070, +0.0057, +0.0044, +0.0041, +0.0072, +0.0067, +0.0058, +0.0057, +0.0047, +0.0044, +0.0041, +0.0040, +0.0046, +0.0058, +0.0049, +0.0046, +0.0044, +0.0052, +0.0049, +0.0055, +0.0079, +0.0056, +0.0056, +0.0051, +0.0081, +0.0038, +0.0037, +0.0054, +0.0065, +0.0060, +0.0069, +0.0055, +0.0050, +0.0039, +0.0053, +0.0041, +0.0047, +0.0070, +0.0066, +0.0060, +0.0077, +0.0043, +0.0039, +0.0052, +0.0062, +0.0075, +0.0070, +0.0057, +0.0060, +0.0070, +0.0062, +0.0048, +0.0040, +0.0060, +0.0082, +0.0053, +0.0048, +0.0044, +0.0055, +0.0063, +0.0064, +0.0075, +0.0055, +0.0041, +0.0062, +0.0051, +0.0059, +0.0050, +0.0047, +0.0053, +0.0066, +0.0074, +0.0065, +0.0054, +0.0063, +0.0072, +0.0047, +0.0073, +0.0061, +0.0061, +0.0057, +0.0053, +0.0066, +0.0078, +0.0071, +0.0058, +0.0073, +0.0065, +0.0073, +0.0052, +0.0053, +0.0062, +0.0036, +0.0052, +0.0059, +0.0060, +0.0069, +0.0052, +0.0064, +0.0071, +0.0069, +0.0068, +0.0065, +0.0063, +0.0059, +0.0066, +0.0070, +0.0070, +0.0068, +0.0074, +0.0059, +0.0064, +0.0073, +0.0059, +0.0063, +0.0057, +0.0064, +0.0045, +0.0052, +0.0059, +0.0074, +0.0070, +0.0054, +0.0056, +0.0084, +0.0068, +0.0068, +0.0062, +0.0067, +0.0071, +0.0059, +0.0053, +0.0082, +0.0072, +0.0057, +0.0064, +0.0067, +0.0071, +0.0066, +0.0074, +0.0075, +0.0054, +0.0075, +0.0070, +0.0071, +0.0089, +0.0071, +0.0062, +0.0076, +0.0065, +0.0065, +0.0055, +0.0065, +0.0066, +0.0052, +0.0055, +0.0067, +0.0082, +0.0042, +0.0050, +0.0093, +0.0077, +0.0061, +0.0069, +0.0053, +0.0078, +0.0088, +0.0052, +0.0061, +0.0081, +0.0076, +0.0055, +0.0092, +0.0061, +0.0069, +0.0072, +0.0071, +0.0057, +0.0061, +0.0066, +0.0085, +0.0068, +0.0064, +0.0055, +0.0093, +0.0093, +0.0083, +0.0070, +0.0056, +0.0071, +0.0047, +0.0059, +0.0055, +0.0071, +0.0070, +0.0073, +0.0074, +0.0081, +0.0074, +0.0060, +0.0060, +0.0073, +0.0066, +0.0086, +0.0068, +0.0078, +0.0074, +0.0074, +0.0093, +0.0075, +0.0057, +0.0059, +0.0084, +0.0060, +0.0058, +0.0069, +0.0058, +0.0066, +0.0091, +0.0075, +0.0064, +0.0056, +0.0070, +0.0066, +0.0072, +0.0087, +0.0058, +0.0081, +0.0069, +0.0074, +0.0095, +0.0089, +0.0062, +0.0070, +0.0060, +0.0043, +0.0064, +0.0068, +0.0076, +0.0077, +0.0074, +0.0087, +0.0064, +0.0078, +0.0074, +0.0066, +0.0072, +0.0082, +0.0077, +0.0051, +0.0066, +0.0084, +0.0069, +0.0084, +0.0084, +0.0068, +0.0075, +0.0070, +0.0072, +0.0062, +0.0060, +0.0064, +0.0066, +0.0075, +0.0060, +0.0061, +0.0059]
                actor_loss: [-0.0002, -0.0019, -0.0012, -0.0008, -0.0013, -0.0011, -0.0011, -0.0000, -0.0006, -0.0019, -0.0014, -0.0027, -0.0048, -0.0043, -0.0036, -0.0035, -0.0025, -0.0030, -0.0018, -0.0029, -0.0025, -0.0024, -0.0024, -0.0027, -0.0028, -0.0034, -0.0032, -0.0022, -0.0023, -0.0033, -0.0028, -0.0019, -0.0028, -0.0036, -0.0026, -0.0032, -0.0027, -0.0028, -0.0031, -0.0022, -0.0030, -0.0035, -0.0031, -0.0031, -0.0026, -0.0028, -0.0028, -0.0029, -0.0026, -0.0040, -0.0041, -0.0039, -0.0029, -0.0037, -0.0033, -0.0037, -0.0031, -0.0023, -0.0035, -0.0021, -0.0030, -0.0030, -0.0030, -0.0022, -0.0025, -0.0046, -0.0027, -0.0034, -0.0027, -0.0031, -0.0030, -0.0034, -0.0031, -0.0034, -0.0036, -0.0042, -0.0030, -0.0037, -0.0033, -0.0030, -0.0031, -0.0037, -0.0032, -0.0031, -0.0033, -0.0031, -0.0030, -0.0031, -0.0029, -0.0040, -0.0038, -0.0034, -0.0033, -0.0039, -0.0029, -0.0037, -0.0047, -0.0035, -0.0037, -0.0036, -0.0030, -0.0030, -0.0037, -0.0031, -0.0034, -0.0042, -0.0030, -0.0037, -0.0028, -0.0038, -0.0037, -0.0036, -0.0035, -0.0040, -0.0040, -0.0034, -0.0032, -0.0031, -0.0042, -0.0037, -0.0037, -0.0042, -0.0039, -0.0041, -0.0032, -0.0038, -0.0033, -0.0034, -0.0033, -0.0033, -0.0040, -0.0043, -0.0038, -0.0042, -0.0045, -0.0036, -0.0040, -0.0042, -0.0033, -0.0037, -0.0041, -0.0041, -0.0043, -0.0033, -0.0032, -0.0053, -0.0042, -0.0033, -0.0038, -0.0039, -0.0032, -0.0032, -0.0044, -0.0037, -0.0039, -0.0029, -0.0037, -0.0040, -0.0034, -0.0035, -0.0042, -0.0046, -0.0032, -0.0037, -0.0046, -0.0037, -0.0036, -0.0035, -0.0037, -0.0030, -0.0046, -0.0040, -0.0041, -0.0038, -0.0032, -0.0037, -0.0052, -0.0041, -0.0036, -0.0044, -0.0041, -0.0042, -0.0032, -0.0039, -0.0035, -0.0035, -0.0036, -0.0034, -0.0041, -0.0046, -0.0032, -0.0041, -0.0039, -0.0034, -0.0034, -0.0030, -0.0040, -0.0042, -0.0040, -0.0045, -0.0032, -0.0042, -0.0037, -0.0043, -0.0036, -0.0041, -0.0038, -0.0036, -0.0034, -0.0040, -0.0035, -0.0035, -0.0032, -0.0039, -0.0037, -0.0036, -0.0037, -0.0036, -0.0036, -0.0037, -0.0045, -0.0035, -0.0046, -0.0037, -0.0039, -0.0042, -0.0045, -0.0037, -0.0039, -0.0032, -0.0039, -0.0036, -0.0035, -0.0038, -0.0034, -0.0045, -0.0045, -0.0046, -0.0042, -0.0041, -0.0046, -0.0040, -0.0043, -0.0040, -0.0043, -0.0037, -0.0040, -0.0040, -0.0038, -0.0042, -0.0047, -0.0037, -0.0036, -0.0035, -0.0043, -0.0038, -0.0030, -0.0034, -0.0033, -0.0042, -0.0035, -0.0046, -0.0034, -0.0032, -0.0043, -0.0044, -0.0043, -0.0041, -0.0040, -0.0043, -0.0037, -0.0043, -0.0029, -0.0036, -0.0029, -0.0046, -0.0033, -0.0029, -0.0033, -0.0037, -0.0034, -0.0040, -0.0044, -0.0035, -0.0034, -0.0037, -0.0035, -0.0035, -0.0032, -0.0038, -0.0033, -0.0038, -0.0041, -0.0045, -0.0037, -0.0033, -0.0037, -0.0033, -0.0034, -0.0042, -0.0040, -0.0042, -0.0033, -0.0035, -0.0037, -0.0033, -0.0033, -0.0038, -0.0039, -0.0040, -0.0040, -0.0037, -0.0039, -0.0045, -0.0037, -0.0045, -0.0046, -0.0039, -0.0048, -0.0035, -0.0028, -0.0037, -0.0034, -0.0035, -0.0032, -0.0047, -0.0046, -0.0040, -0.0035, -0.0038, -0.0032, -0.0032, -0.0040, -0.0041, -0.0037, -0.0042, -0.0037, -0.0039, -0.0040, -0.0039, -0.0033, -0.0032, -0.0034, -0.0031, -0.0040, -0.0034, -0.0040, -0.0033, -0.0040, -0.0037, -0.0041, -0.0039, -0.0037, -0.0040, -0.0042, -0.0038, -0.0044, -0.0033, -0.0051, -0.0043, -0.0041, -0.0033, -0.0041, -0.0033, -0.0036, -0.0037, -0.0045, -0.0040, -0.0046, -0.0034, -0.0051, -0.0038, -0.0039, -0.0043, -0.0039, -0.0039, -0.0043, -0.0038, -0.0043, -0.0038, -0.0029, -0.0036, -0.0042, -0.0035, -0.0047, -0.0035, -0.0041, -0.0034, -0.0039, -0.0039, -0.0041, -0.0041, -0.0036, -0.0037, -0.0040, -0.0041, -0.0040, -0.0038, -0.0042, -0.0044, -0.0033, -0.0042, -0.0044, -0.0042, -0.0033, -0.0037, -0.0050, -0.0040, -0.0041, -0.0034, -0.0036, -0.0033, -0.0038, -0.0030, -0.0042, -0.0037, -0.0043, -0.0043, -0.0039, -0.0040, -0.0038, -0.0036, -0.0036, -0.0034, -0.0040, -0.0038, -0.0041, -0.0038, -0.0038, -0.0038, -0.0040, -0.0038, -0.0030, -0.0039, -0.0039, -0.0035, -0.0043, -0.0036, -0.0038, -0.0047, -0.0037, -0.0037, -0.0046, -0.0037, -0.0038, -0.0045, -0.0040, -0.0044, -0.0043, -0.0041, -0.0036, -0.0042, -0.0031, -0.0032, -0.0035, -0.0041, -0.0039, -0.0047, -0.0032, -0.0033, -0.0044, -0.0039, -0.0043, -0.0031, -0.0037, -0.0042, -0.0038, -0.0045, -0.0042, -0.0042, -0.0045, -0.0049, -0.0042, -0.0037, -0.0044, -0.0032, -0.0039, -0.0040, -0.0038, -0.0041, -0.0035, -0.0040, -0.0034, -0.0039, -0.0046, -0.0040, -0.0040, -0.0041, -0.0043, -0.0041, -0.0037, -0.0044, -0.0035, -0.0032, -0.0042, -0.0048, -0.0034, -0.0035, -0.0040, -0.0038, -0.0038, -0.0039, -0.0039, -0.0036, -0.0038, -0.0042, -0.0041, -0.0043, -0.0039, -0.0037, -0.0046, -0.0032, -0.0040, -0.0042, -0.0036, -0.0035, -0.0037, -0.0034, -0.0039, -0.0032, -0.0041, -0.0048, -0.0040, -0.0030, -0.0037, -0.0039, -0.0042, -0.0037, -0.0035, -0.0041, -0.0032, -0.0035, -0.0036, -0.0036, -0.0033, -0.0036, -0.0036, -0.0036, -0.0029, -0.0033, -0.0038, -0.0044, -0.0037, -0.0037, -0.0039, -0.0037, -0.0040, -0.0035, -0.0037, -0.0030, -0.0035, -0.0033, -0.0040, -0.0049, -0.0033, -0.0039, -0.0044, -0.0037, -0.0039, -0.0033, -0.0034, -0.0036, -0.0036, -0.0036, -0.0027, -0.0036, -0.0041, -0.0038, -0.0033, -0.0038, -0.0046, -0.0034, -0.0041, -0.0042, -0.0038, -0.0027, -0.0032, -0.0037, -0.0035, -0.0050, -0.0033, -0.0040, -0.0032, -0.0034, -0.0034, -0.0037, -0.0037, -0.0035, -0.0037, -0.0033, -0.0051, -0.0038, -0.0034, -0.0033, -0.0037, -0.0029, -0.0037, -0.0045, -0.0031, -0.0037, -0.0033, -0.0033, -0.0034, -0.0034, -0.0038, -0.0032, -0.0031, -0.0044, -0.0031, -0.0033, -0.0035, -0.0034, -0.0038, -0.0033, -0.0042, -0.0031, -0.0036, -0.0031, -0.0031, -0.0035, -0.0037, -0.0033, -0.0038, -0.0027, -0.0029, -0.0035, -0.0042, -0.0033, -0.0035, -0.0033, -0.0031, -0.0032, -0.0027, -0.0029, -0.0038, -0.0037, -0.0035, -0.0032, -0.0032, -0.0034, -0.0036, -0.0033, -0.0034, -0.0036, -0.0026, -0.0038, -0.0038, -0.0042, -0.0030, -0.0026, -0.0035, -0.0028, -0.0030, -0.0032, -0.0032, -0.0038, -0.0042, -0.0036, -0.0033, -0.0051, -0.0027, -0.0035, -0.0022, -0.0038, -0.0026, -0.0029, -0.0033, -0.0029, -0.0024, -0.0030, -0.0032, -0.0031, -0.0029, -0.0027, -0.0035, -0.0033, -0.0027, -0.0030, -0.0025, -0.0027, -0.0025, -0.0024, -0.0036, -0.0029, -0.0030, -0.0024, -0.0030, -0.0024, -0.0027, -0.0029, -0.0028, -0.0024, -0.0021, -0.0025, -0.0026, -0.0025, -0.0023, -0.0027, -0.0032, -0.0023, -0.0029, -0.0030, -0.0024, -0.0023, -0.0028, -0.0027, -0.0024, -0.0027, -0.0024, -0.0029, -0.0025, -0.0025, -0.0027, -0.0021, -0.0023, -0.0023, -0.0021, -0.0024, -0.0026, -0.0033, -0.0033, -0.0018, -0.0030, -0.0027, -0.0022, -0.0026, -0.0023, -0.0023, -0.0024, -0.0023, -0.0028, -0.0021, -0.0021, -0.0022, -0.0023, -0.0023, -0.0028, -0.0030, -0.0022, -0.0024, -0.0021, -0.0024, -0.0026, -0.0023, -0.0021, -0.0028, -0.0026, -0.0022, -0.0021, -0.0023, -0.0018, -0.0018, -0.0018, -0.0015, -0.0019, -0.0021, -0.0016, -0.0015, -0.0018, -0.0017, -0.0018, -0.0019, -0.0021, -0.0021, -0.0024, -0.0019, -0.0022, -0.0026, -0.0019, -0.0017, -0.0016, -0.0019, -0.0017, -0.0014, -0.0018, -0.0018, -0.0018, -0.0017, -0.0018, -0.0018, -0.0013, -0.0015, -0.0011, -0.0018, -0.0016, -0.0016, -0.0018, -0.0014, -0.0016, -0.0017, -0.0015, -0.0012, -0.0015, -0.0014, -0.0013, -0.0018, -0.0014, -0.0015, -0.0011, -0.0011, -0.0015, -0.0014, -0.0012, -0.0011, -0.0012, -0.0014, -0.0012, -0.0014, -0.0013, -0.0014, -0.0012, -0.0013, -0.0007, -0.0011, -0.0013, -0.0009, -0.0013, -0.0010, -0.0014, -0.0011, -0.0013, -0.0009, -0.0008, -0.0011, -0.0008, -0.0008, -0.0009, -0.0007, -0.0010, -0.0008, -0.0008, -0.0007, -0.0007, -0.0009, -0.0008, -0.0007, -0.0008, -0.0007, -0.0006, -0.0008, -0.0007, -0.0007, -0.0008, -0.0006, -0.0006, -0.0006, -0.0006, -0.0007, -0.0007, -0.0006, -0.0005, -0.0006, -0.0005, -0.0004, -0.0005, -0.0004, -0.0005, -0.0005, -0.0004, -0.0004, -0.0003, -0.0003, -0.0003, -0.0003, -0.0003, -0.0004, -0.0003, -0.0003, -0.0003, -0.0002, -0.0003, -0.0003, -0.0003, -0.0002, -0.0003, -0.0003, -0.0002, -0.0002, -0.0002, -0.0002, -0.0002, -0.0002, -0.0001, -0.0001, -0.0002, -0.0001, -0.0001, -0.0001, -0.0001, -0.0001, -0.0001, -0.0001, -0.0001, -0.0001, -0.0000, -0.0000, -0.0000, -0.0000, -0.0000, -0.0000, -0.0000, -0.0000, -0.0000, -0.0000, -0.0000, -0.0000, -0.0000, -0.0000, -0.0000, -0.0000, -0.0000, -0.0000, -0.0000, -0.0000, +0.0000]
                value_loss: [+0.0239, +0.0216, +0.0193, +0.0206, +0.0181, +0.0174, +0.0178, +0.0198, +0.0194, +0.0211, +0.0173, +0.0213, +0.0267, +0.0282, +0.0326, +0.0312, +0.0292, +0.0300, +0.0317, +0.0314, +0.0319, +0.0290, +0.0285, +0.0297, +0.0274, +0.0313, +0.0309, +0.0328, +0.0326, +0.0310, +0.0295, +0.0304, +0.0304, +0.0288, +0.0316, +0.0317, +0.0297, +0.0310, +0.0308, +0.0288, +0.0293, +0.0296, +0.0316, +0.0328, +0.0302, +0.0290, +0.0302, +0.0323, +0.0309, +0.0342, +0.0295, +0.0293, +0.0318, +0.0333, +0.0305, +0.0293, +0.0298, +0.0315, +0.0322, +0.0301, +0.0279, +0.0305, +0.0296, +0.0347, +0.0353, +0.0344, +0.0326, +0.0286, +0.0314, +0.0324, +0.0294, +0.0312, +0.0327, +0.0307, +0.0325, +0.0310, +0.0296, +0.0300, +0.0304, +0.0315, +0.0317, +0.0318, +0.0310, +0.0329, +0.0310, +0.0305, +0.0312, +0.0314, +0.0307, +0.0308, +0.0322, +0.0321, +0.0321, +0.0327, +0.0322, +0.0329, +0.0338, +0.0284, +0.0309, +0.0342, +0.0352, +0.0313, +0.0304, +0.0317, +0.0335, +0.0325, +0.0325, +0.0334, +0.0331, +0.0346, +0.0331, +0.0321, +0.0308, +0.0336, +0.0314, +0.0307, +0.0292, +0.0284, +0.0338, +0.0321, +0.0316, +0.0331, +0.0322, +0.0340, +0.0325, +0.0305, +0.0299, +0.0355, +0.0351, +0.0328, +0.0321, +0.0294, +0.0303, +0.0320, +0.0301, +0.0340, +0.0377, +0.0328, +0.0296, +0.0332, +0.0358, +0.0324, +0.0312, +0.0316, +0.0328, +0.0337, +0.0332, +0.0314, +0.0323, +0.0315, +0.0358, +0.0347, +0.0326, +0.0316, +0.0297, +0.0324, +0.0346, +0.0342, +0.0315, +0.0306, +0.0336, +0.0325, +0.0336, +0.0353, +0.0360, +0.0319, +0.0341, +0.0355, +0.0321, +0.0333, +0.0366, +0.0361, +0.0308, +0.0331, +0.0308, +0.0322, +0.0353, +0.0333, +0.0297, +0.0315, +0.0333, +0.0341, +0.0338, +0.0328, +0.0322, +0.0300, +0.0334, +0.0338, +0.0354, +0.0349, +0.0360, +0.0366, +0.0377, +0.0344, +0.0340, +0.0331, +0.0325, +0.0314, +0.0386, +0.0379, +0.0333, +0.0343, +0.0347, +0.0318, +0.0330, +0.0329, +0.0316, +0.0329, +0.0334, +0.0327, +0.0338, +0.0325, +0.0344, +0.0347, +0.0347, +0.0318, +0.0343, +0.0360, +0.0373, +0.0349, +0.0319, +0.0362, +0.0368, +0.0331, +0.0347, +0.0374, +0.0356, +0.0326, +0.0344, +0.0370, +0.0335, +0.0300, +0.0338, +0.0354, +0.0319, +0.0305, +0.0390, +0.0391, +0.0365, +0.0337, +0.0311, +0.0337, +0.0331, +0.0386, +0.0388, +0.0364, +0.0349, +0.0396, +0.0410, +0.0339, +0.0350, +0.0331, +0.0356, +0.0317, +0.0318, +0.0332, +0.0323, +0.0342, +0.0332, +0.0348, +0.0310, +0.0347, +0.0334, +0.0363, +0.0349, +0.0372, +0.0370, +0.0377, +0.0350, +0.0330, +0.0300, +0.0340, +0.0348, +0.0315, +0.0354, +0.0383, +0.0382, +0.0382, +0.0336, +0.0321, +0.0318, +0.0391, +0.0342, +0.0324, +0.0358, +0.0358, +0.0350, +0.0346, +0.0336, +0.0392, +0.0407, +0.0377, +0.0353, +0.0336, +0.0308, +0.0315, +0.0354, +0.0319, +0.0359, +0.0364, +0.0371, +0.0360, +0.0359, +0.0340, +0.0390, +0.0342, +0.0311, +0.0316, +0.0389, +0.0348, +0.0334, +0.0369, +0.0361, +0.0343, +0.0309, +0.0373, +0.0313, +0.0342, +0.0391, +0.0355, +0.0328, +0.0308, +0.0358, +0.0371, +0.0374, +0.0399, +0.0410, +0.0365, +0.0360, +0.0351, +0.0378, +0.0353, +0.0345, +0.0360, +0.0390, +0.0324, +0.0398, +0.0347, +0.0330, +0.0313, +0.0371, +0.0368, +0.0342, +0.0348, +0.0344, +0.0338, +0.0391, +0.0328, +0.0353, +0.0375, +0.0370, +0.0349, +0.0324, +0.0342, +0.0339, +0.0373, +0.0371, +0.0370, +0.0382, +0.0398, +0.0315, +0.0347, +0.0402, +0.0403, +0.0349, +0.0396, +0.0373, +0.0343, +0.0363, +0.0366, +0.0368, +0.0342, +0.0336, +0.0340, +0.0358, +0.0347, +0.0352, +0.0342, +0.0388, +0.0333, +0.0391, +0.0378, +0.0397, +0.0366, +0.0360, +0.0388, +0.0340, +0.0356, +0.0355, +0.0381, +0.0382, +0.0358, +0.0325, +0.0360, +0.0351, +0.0367, +0.0402, +0.0353, +0.0353, +0.0315, +0.0318, +0.0378, +0.0371, +0.0392, +0.0401, +0.0343, +0.0366, +0.0366, +0.0389, +0.0321, +0.0387, +0.0348, +0.0403, +0.0396, +0.0312, +0.0353, +0.0374, +0.0345, +0.0398, +0.0403, +0.0414, +0.0387, +0.0391, +0.0388, +0.0374, +0.0369, +0.0341, +0.0351, +0.0333, +0.0380, +0.0406, +0.0433, +0.0328, +0.0376, +0.0397, +0.0391, +0.0377, +0.0361, +0.0361, +0.0385, +0.0375, +0.0365, +0.0384, +0.0383, +0.0343, +0.0378, +0.0353, +0.0344, +0.0381, +0.0398, +0.0359, +0.0390, +0.0347, +0.0365, +0.0390, +0.0350, +0.0364, +0.0384, +0.0353, +0.0420, +0.0373, +0.0348, +0.0364, +0.0366, +0.0417, +0.0357, +0.0345, +0.0354, +0.0355, +0.0363, +0.0359, +0.0390, +0.0352, +0.0369, +0.0364, +0.0362, +0.0444, +0.0348, +0.0390, +0.0390, +0.0380, +0.0380, +0.0324, +0.0327, +0.0381, +0.0390, +0.0418, +0.0380, +0.0373, +0.0329, +0.0381, +0.0438, +0.0416, +0.0377, +0.0373, +0.0377, +0.0427, +0.0334, +0.0377, +0.0343, +0.0343, +0.0393, +0.0440, +0.0369, +0.0384, +0.0399, +0.0352, +0.0440, +0.0375, +0.0396, +0.0393, +0.0392, +0.0321, +0.0330, +0.0404, +0.0430, +0.0397, +0.0409, +0.0387, +0.0386, +0.0390, +0.0387, +0.0399, +0.0362, +0.0440, +0.0397, +0.0368, +0.0327, +0.0346, +0.0354, +0.0404, +0.0433, +0.0380, +0.0422, +0.0339, +0.0395, +0.0415, +0.0412, +0.0361, +0.0425, +0.0420, +0.0428, +0.0371, +0.0381, +0.0377, +0.0416, +0.0408, +0.0392, +0.0419, +0.0408, +0.0378, +0.0402, +0.0397, +0.0368, +0.0422, +0.0327, +0.0382, +0.0358, +0.0349, +0.0343, +0.0396, +0.0483, +0.0350, +0.0372, +0.0390, +0.0413, +0.0454, +0.0401, +0.0375, +0.0427, +0.0422, +0.0422, +0.0379, +0.0372, +0.0381, +0.0358, +0.0372, +0.0385, +0.0385, +0.0493, +0.0422, +0.0373, +0.0370, +0.0453, +0.0385, +0.0401, +0.0398, +0.0380, +0.0336, +0.0402, +0.0429, +0.0377, +0.0407, +0.0433, +0.0409, +0.0385, +0.0371, +0.0450, +0.0412, +0.0376, +0.0380, +0.0353, +0.0373, +0.0374, +0.0404, +0.0366, +0.0387, +0.0422, +0.0424, +0.0426, +0.0424, +0.0391, +0.0416, +0.0394, +0.0391, +0.0383, +0.0378, +0.0395, +0.0428, +0.0396, +0.0397, +0.0427, +0.0384, +0.0374, +0.0379, +0.0405, +0.0409, +0.0429, +0.0413, +0.0405, +0.0394, +0.0393, +0.0417, +0.0472, +0.0425, +0.0421, +0.0404, +0.0384, +0.0398, +0.0392, +0.0459, +0.0416, +0.0449, +0.0399, +0.0420, +0.0400, +0.0424, +0.0400, +0.0461, +0.0425, +0.0383, +0.0390, +0.0495, +0.0434, +0.0436, +0.0433, +0.0411, +0.0382, +0.0411, +0.0408, +0.0413, +0.0410, +0.0441, +0.0388, +0.0392, +0.0455, +0.0399, +0.0406, +0.0477, +0.0426, +0.0430, +0.0433, +0.0457, +0.0378, +0.0402, +0.0431, +0.0429, +0.0438, +0.0451, +0.0406, +0.0454, +0.0391, +0.0427, +0.0387, +0.0434, +0.0445, +0.0447, +0.0432, +0.0459, +0.0375, +0.0371, +0.0414, +0.0442, +0.0509, +0.0429, +0.0385, +0.0452, +0.0418, +0.0445, +0.0417, +0.0400, +0.0431, +0.0537, +0.0406, +0.0394, +0.0403, +0.0426, +0.0472, +0.0450, +0.0471, +0.0384, +0.0426, +0.0442, +0.0435, +0.0414, +0.0398, +0.0415, +0.0375, +0.0439, +0.0448, +0.0423, +0.0388, +0.0448, +0.0461, +0.0415, +0.0464, +0.0416, +0.0409, +0.0404, +0.0445, +0.0435, +0.0488, +0.0473, +0.0438, +0.0481, +0.0431, +0.0457, +0.0415, +0.0410, +0.0416, +0.0424, +0.0425, +0.0398, +0.0464, +0.0470, +0.0455, +0.0441, +0.0463, +0.0469, +0.0465, +0.0418, +0.0429, +0.0447, +0.0429, +0.0452, +0.0445, +0.0418, +0.0452, +0.0403, +0.0430, +0.0431, +0.0428, +0.0449, +0.0445, +0.0458, +0.0438, +0.0447, +0.0460, +0.0438, +0.0457, +0.0404, +0.0453, +0.0483, +0.0457, +0.0474, +0.0434, +0.0460, +0.0472, +0.0429, +0.0404, +0.0504, +0.0461, +0.0440, +0.0461, +0.0440, +0.0490, +0.0483, +0.0474, +0.0488, +0.0420, +0.0459, +0.0468, +0.0469, +0.0528, +0.0436, +0.0410, +0.0465, +0.0460, +0.0441, +0.0438, +0.0458, +0.0449, +0.0396, +0.0442, +0.0463, +0.0515, +0.0415, +0.0406, +0.0592, +0.0490, +0.0441, +0.0439, +0.0412, +0.0484, +0.0461, +0.0422, +0.0460, +0.0519, +0.0482, +0.0437, +0.0529, +0.0451, +0.0467, +0.0475, +0.0498, +0.0434, +0.0473, +0.0453, +0.0520, +0.0449, +0.0462, +0.0446, +0.0578, +0.0546, +0.0490, +0.0419, +0.0426, +0.0453, +0.0415, +0.0447, +0.0447, +0.0474, +0.0496, +0.0485, +0.0500, +0.0512, +0.0466, +0.0449, +0.0452, +0.0477, +0.0451, +0.0489, +0.0461, +0.0527, +0.0481, +0.0473, +0.0531, +0.0493, +0.0454, +0.0481, +0.0479, +0.0446, +0.0440, +0.0494, +0.0429, +0.0468, +0.0520, +0.0473, +0.0452, +0.0430, +0.0496, +0.0446, +0.0497, +0.0547, +0.0461, +0.0487, +0.0473, +0.0498, +0.0543, +0.0495, +0.0448, +0.0498, +0.0431, +0.0427, +0.0459, +0.0499, +0.0468, +0.0525, +0.0490, +0.0510, +0.0446, +0.0490, +0.0472, +0.0439, +0.0486, +0.0510, +0.0490, +0.0437, +0.0476, +0.0533, +0.0460, +0.0559, +0.0510, +0.0463, +0.0483, +0.0470, +0.0480, +0.0448, +0.0446, +0.0456, +0.0486, +0.0508, +0.0450, +0.0432, +0.0459]
                   entropy: [+1.5963, +1.5920, +1.5784, +1.5738, +1.5559, +1.5582, +1.5576, +1.5545, +1.5654, +1.5634, +1.5537, +1.5463, +1.5372, +1.5143, +1.4838, +1.4433, +1.4420, +1.4495, +1.4536, +1.4451, +1.4127, +1.4195, +1.3988, +1.3968, +1.3988, +1.4008, +1.3983, +1.4001, +1.3782, +1.3800, +1.3836, +1.3964, +1.3913, +1.3940, +1.3959, +1.3678, +1.3811, +1.4021, +1.3699, +1.3676, +1.3949, +1.3991, +1.3989, +1.3908, +1.3861, +1.3933, +1.4015, +1.3762, +1.3692, +1.3675, +1.3573, +1.3597, +1.3469, +1.3422, +1.3463, +1.3227, +1.3202, +1.3186, +1.3365, +1.3568, +1.3423, +1.3268, +1.3412, +1.3000, +1.3021, +1.3263, +1.3240, +1.3016, +1.3458, +1.3522, +1.3477, +1.3219, +1.3340, +1.3212, +1.3461, +1.3326, +1.3357, +1.3234, +1.3268, +1.3242, +1.3028, +1.2868, +1.3076, +1.2721, +1.2908, +1.3189, +1.2778, +1.2873, +1.3172, +1.2881, +1.2888, +1.2848, +1.2787, +1.2908, +1.2763, +1.2452, +1.2638, +1.2731, +1.2966, +1.2853, +1.2583, +1.2543, +1.2869, +1.2628, +1.2562, +1.2731, +1.2395, +1.2591, +1.2538, +1.2536, +1.2516, +1.2792, +1.2592, +1.2073, +1.2435, +1.2413, +1.2340, +1.2375, +1.2227, +1.2353, +1.2575, +1.2229, +1.2466, +1.2150, +1.2221, +1.2054, +1.2460, +1.2244, +1.2394, +1.2229, +1.2707, +1.2521, +1.2579, +1.2509, +1.2417, +1.2406, +1.2203, +1.2335, +1.2202, +1.2174, +1.2574, +1.2494, +1.2321, +1.2517, +1.2228, +1.1972, +1.2424, +1.2235, +1.2231, +1.2352, +1.2246, +1.1862, +1.1912, +1.2173, +1.2395, +1.1880, +1.1746, +1.1924, +1.1935, +1.1876, +1.2162, +1.2196, +1.2066, +1.1919, +1.1928, +1.1758, +1.1636, +1.1248, +1.1539, +1.1589, +1.1500, +1.1608, +1.1700, +1.1918, +1.1795, +1.1819, +1.2313, +1.2162, +1.2091, +1.2081, +1.1897, +1.1987, +1.1907, +1.1792, +1.1883, +1.1964, +1.1991, +1.2003, +1.1980, +1.1646, +1.1645, +1.1696, +1.1747, +1.1612, +1.1490, +1.1758, +1.1499, +1.1949, +1.1795, +1.1533, +1.1739, +1.1738, +1.1222, +1.1386, +1.1679, +1.1839, +1.1559, +1.1413, +1.1608, +1.1601, +1.1693, +1.1551, +1.1706, +1.1645, +1.1354, +1.1891, +1.1600, +1.1318, +1.0610, +1.1333, +1.1098, +1.1101, +1.1269, +1.1487, +1.1586, +1.1601, +1.1567, +1.1372, +1.1288, +1.1568, +1.1352, +1.1719, +1.1542, +1.1513, +1.1459, +1.1555, +1.1701, +1.1296, +1.1233, +1.1239, +1.1402, +1.1346, +1.1469, +1.1074, +1.0738, +1.1185, +1.1404, +1.1305, +1.1234, +1.1173, +1.1108, +1.1057, +1.1061, +1.1534, +1.1462, +1.1423, +1.1298, +1.1397, +1.0982, +1.1080, +1.1834, +1.1747, +1.1292, +1.1253, +1.1088, +1.1183, +1.1390, +1.0945, +1.0892, +1.1205, +1.1232, +1.1461, +1.1507, +1.1128, +1.0692, +1.0832, +1.1008, +1.0668, +1.1081, +1.1130, +1.1359, +1.1023, +1.0658, +1.0777, +1.0633, +1.1176, +1.1383, +1.1473, +1.1413, +1.1015, +1.1124, +1.1481, +1.1159, +1.1237, +1.1389, +1.1460, +1.0664, +1.0708, +1.0730, +1.0991, +1.1325, +1.1124, +1.0973, +1.1042, +1.0732, +1.0645, +1.1040, +1.0990, +1.0628, +1.1038, +1.0901, +1.1179, +1.0841, +1.0914, +1.1062, +1.0751, +1.1203, +1.1372, +1.0712, +1.0477, +1.0726, +1.1145, +1.0814, +1.0633, +1.1011, +1.0845, +1.0615, +1.0865, +1.0562, +1.0771, +1.0618, +1.0918, +1.1158, +1.0697, +1.0929, +1.1298, +1.0930, +1.0566, +1.0728, +1.0916, +1.0384, +1.1072, +1.1185, +1.1125, +1.1261, +1.1040, +1.0519, +1.1051, +1.1069, +1.1066, +1.1231, +1.0695, +1.0977, +1.1206, +1.1158, +1.1084, +1.0854, +1.0565, +1.1019, +1.1199, +1.1504, +1.1330, +1.1124, +1.0758, +1.0727, +1.0835, +1.0930, +1.1077, +1.1332, +1.0651, +1.0859, +1.0882, +1.0884, +1.1114, +1.0892, +1.0808, +1.1154, +1.1480, +1.1312, +1.1329, +1.1196, +1.0800, +1.0636, +1.0523, +1.0842, +1.0591, +1.0998, +1.0806, +1.0637, +1.0812, +1.0844, +1.0872, +1.1044, +1.0757, +1.0638, +1.0613, +1.0316, +1.0872, +1.0685, +1.0999, +1.0188, +1.0405, +1.0953, +1.0247, +1.0570, +1.0351, +1.0715, +1.0679, +1.0480, +1.0326, +1.0794, +1.0313, +1.0260, +1.0546, +1.0404, +1.0235, +1.0477, +1.0845, +1.0251, +1.0534, +1.0424, +1.0804, +1.0645, +1.0764, +1.0801, +1.0529, +1.0945, +1.0538, +1.0603, +1.0706, +1.0537, +1.0451, +1.0100, +1.0257, +1.0266, +0.9934, +0.9647, +1.0135, +1.0666, +1.0610, +0.9963, +1.0146, +1.0415, +1.0096, +1.0227, +1.0216, +1.0182, +1.0565, +1.0585, +1.0278, +1.0735, +1.0877, +1.0003, +1.0030, +1.0310, +1.0577, +1.0408, +1.0360, +1.0156, +0.9471, +1.0231, +1.0162, +0.9929, +0.9922, +1.0336, +1.0536, +1.0538, +1.0357, +0.9985, +0.9884, +0.9933, +1.0346, +1.0487, +0.9784, +0.9698, +1.0040, +0.9981, +0.9783, +0.9592, +0.9827, +0.9982, +0.9535, +1.0162, +0.9945, +1.0111, +0.9783, +0.9851, +0.9701, +1.0165, +1.0265, +1.0127, +1.0185, +0.9913, +0.9465, +0.9748, +1.0085, +1.0046, +1.0078, +0.9989, +0.9708, +0.9591, +1.0167, +0.9808, +1.0239, +0.9749, +0.9577, +1.0563, +0.9211, +0.9960, +1.0010, +0.9710, +0.9532, +0.9450, +1.0259, +0.9899, +0.9882, +0.9545, +0.9424, +0.9323, +0.9426, +0.9741, +0.9922, +0.9668, +0.9841, +1.0001, +1.0062, +1.0105, +0.9780, +0.9685, +0.9865, +0.9453, +0.8943, +0.9648, +0.9533, +1.0128, +0.9962, +0.9583, +0.9128, +0.8729, +0.9477, +0.9484, +0.9153, +0.9888, +1.0026, +1.0147, +0.9854, +0.9786, +0.9702, +0.9838, +0.9650, +1.0077, +0.9384, +0.9214, +0.9516, +0.9433, +0.9587, +0.9244, +0.9155, +0.9722, +0.9501, +0.9215, +0.9142, +0.9558, +0.9753, +0.9462, +0.9693, +0.9252, +0.9587, +0.9319, +0.9044, +0.9297, +0.9484, +0.9634, +0.9948, +0.9689, +0.9024, +0.9156, +0.9360, +0.9613, +0.9294, +0.8884, +0.9141, +0.9191, +0.8842, +0.9165, +0.9407, +0.9329, +0.9454, +0.9379, +0.9518, +0.9292, +0.9894, +0.9270, +0.9248, +0.9041, +0.9020, +0.9390, +0.8776, +0.9505, +0.9483, +0.9391, +0.9871, +0.8751, +0.9500, +0.9646, +0.9413, +0.9462, +0.9492, +0.9138, +0.9171, +0.8637, +0.9051, +0.8379, +0.8751, +0.9557, +0.9120, +0.9228, +0.8904, +0.8811, +0.9328, +0.9067, +0.8569, +0.8902, +0.8391, +0.9084, +0.9089, +0.8778, +0.8379, +0.8715, +0.8543, +0.9154, +0.8921, +0.8874, +0.8799, +0.9000, +0.8993, +0.8752, +0.9124, +0.9261, +0.9127, +0.8805, +0.9203, +0.8616, +0.8787, +0.9258, +0.9315, +0.9261, +0.9277, +0.8483, +0.9307, +0.9383, +0.9188, +0.8320, +0.7961, +0.8666, +0.8397, +0.8856, +0.9050, +0.9290, +0.8874, +0.8410, +0.8441, +0.9294, +0.8681, +0.8462, +0.8667, +0.8682, +0.8422, +0.8453, +0.9106, +0.8749, +0.9193, +0.8676, +0.8646, +0.8776, +0.8884, +0.8301, +0.8582, +0.8124, +0.8164, +0.8010, +0.8540, +0.8788, +0.9519, +0.8969, +0.8433, +0.8142, +0.8251, +0.7757, +0.8081, +0.8819, +0.8549, +0.8115, +0.8445, +0.8698, +0.8280, +0.8564, +0.8399, +0.8640, +0.8345, +0.9017, +0.8605, +0.7979, +0.8536, +0.8627, +0.8398, +0.8312, +0.7818, +0.8123, +0.8702, +0.8382, +0.8709, +0.8597, +0.7942, +0.8478, +0.8504, +0.8428, +0.7633, +0.8248, +0.8246, +0.8298, +0.8102, +0.8749, +0.8706, +0.8580, +0.8439, +0.8692, +0.8301, +0.8867, +0.8896, +0.8106, +0.8186, +0.8141, +0.8275, +0.8237, +0.8001, +0.8610, +0.9049, +0.8812, +0.8240, +0.8570, +0.7940, +0.7893, +0.8847, +0.8181, +0.8590, +0.8176, +0.8439, +0.8490, +0.8878, +0.8559, +0.8733, +0.8196, +0.7453, +0.8230, +0.8027, +0.7609, +0.7620, +0.7732, +0.8200, +0.7930, +0.8905, +0.8909, +0.8744, +0.8524, +0.9018, +0.9508, +0.9037, +0.8120, +0.8270, +0.8672, +0.8741, +0.7655, +0.8218, +0.8184, +0.7917, +0.8305, +0.8333, +0.8844, +0.8903, +0.8139, +0.8114, +0.8658, +0.9010, +0.8722, +0.8908, +0.8333, +0.7975, +0.8448, +0.9187, +0.9016, +0.9442, +0.8178, +0.7593, +0.7864, +0.8209, +0.8454, +0.8367, +0.8364, +0.8715, +0.9065, +0.8791, +0.8650, +0.8291, +0.9049, +0.8399, +0.8738, +0.9162, +0.8490, +0.8162, +0.8805, +0.8604, +0.8533, +0.8530, +0.8191, +0.8280, +0.8962, +0.8555, +0.8721, +0.9296, +0.8208, +0.8796, +0.8970, +0.9168, +0.8715, +0.8948, +0.8842, +0.8792, +0.9005, +0.8897, +0.8834, +0.9401, +0.8418, +0.8283, +0.8324, +0.8613, +0.8939, +0.8445, +0.8884, +0.8981, +0.9268, +0.8889, +0.8997, +0.9208, +0.8980, +0.8690, +0.8561, +0.8937, +0.9326, +0.8948, +0.9144, +0.8766, +0.8535, +0.8897, +0.8795, +0.8669, +0.8731, +0.8769, +0.9658, +0.8924, +0.8739, +0.8845, +0.8929, +0.8975, +0.9167, +0.9152, +0.8742, +0.9168, +0.8930, +0.8869, +0.8736, +0.8871, +0.9239, +0.8706, +0.9351, +0.8973, +0.9408, +0.8850, +0.8133, +0.8675, +0.9040, +0.8663, +0.9075, +0.9362, +0.9012, +0.9097, +0.8741, +0.9201, +0.8745, +0.8721, +0.9141, +0.9032, +0.8898, +0.8662, +0.8930, +0.8882, +0.8975, +0.8955, +0.8677, +0.9014, +0.9193, +0.8635, +0.8429, +0.9160, +0.9141, +0.9119, +0.8848, +0.9080, +0.9097, +0.9277, +0.8810, +0.9325, +0.9355, +0.9082, +0.8867]
                entropy_t0: [+0.6927, +0.6868, +0.6551, +0.6058, +0.5946, +0.5859, +0.5699, +0.5947, +0.6102, +0.6392, +0.6868, +0.6896, +0.6900, +0.6884, +0.6846, +0.6869, +0.6803, +0.6678, +0.6704, +0.6868, +0.6697, +0.6727, +0.6571, +0.6555, +0.6697, +0.6616, +0.6617, +0.6570, +0.6456, +0.6486, +0.6472, +0.6514, +0.6363, +0.6349, +0.6424, +0.6307, +0.6159, +0.5973, +0.6052, +0.6226, +0.6434, +0.6493, +0.6486, +0.6449, +0.6489, +0.6492, +0.6385, +0.6391, +0.6304, +0.6178, +0.5983, +0.6153, +0.6124, +0.6024, +0.6250, +0.6156, +0.5998, +0.5841, +0.5764, +0.5756, +0.5610, +0.5590, +0.5662, +0.5629, +0.5527, +0.5785, +0.5694, +0.5515, +0.5869, +0.5837, +0.5963, +0.5623, +0.5511, +0.5508, +0.5527, +0.5499, +0.5691, +0.5676, +0.5938, +0.5500, +0.5615, +0.5512, +0.5648, +0.5536, +0.5761, +0.5511, +0.5264, +0.5157, +0.5296, +0.5402, +0.5391, +0.5255, +0.5604, +0.5492, +0.5412, +0.5029, +0.5278, +0.5558, +0.5656, +0.5685, +0.5704, +0.5443, +0.5469, +0.5322, +0.5097, +0.5408, +0.5077, +0.5292, +0.5369, +0.5347, +0.5705, +0.5860, +0.5610, +0.5097, +0.5417, +0.5180, +0.4658, +0.4441, +0.4633, +0.4721, +0.5184, +0.5472, +0.5195, +0.5195, +0.5212, +0.5166, +0.5186, +0.4937, +0.5121, +0.4445, +0.5127, +0.5196, +0.5098, +0.5000, +0.5099, +0.4995, +0.4509, +0.4589, +0.4602, +0.3897, +0.4523, +0.4541, +0.4571, +0.4544, +0.4686, +0.4163, +0.4108, +0.4384, +0.4443, +0.4673, +0.4834, +0.4512, +0.4644, +0.4375, +0.4614, +0.4202, +0.4349, +0.4551, +0.3965, +0.4489, +0.4483, +0.4258, +0.4506, +0.4562, +0.4111, +0.4072, +0.3865, +0.3442, +0.3721, +0.4200, +0.3983, +0.3774, +0.4099, +0.4036, +0.4212, +0.4072, +0.4311, +0.4437, +0.4296, +0.4354, +0.4284, +0.4199, +0.4033, +0.4557, +0.4807, +0.4857, +0.4607, +0.4519, +0.4202, +0.4097, +0.3940, +0.3867, +0.4115, +0.4095, +0.4096, +0.4274, +0.4154, +0.4291, +0.4121, +0.4145, +0.4439, +0.4107, +0.3591, +0.3468, +0.3947, +0.3640, +0.3105, +0.3046, +0.3684, +0.3463, +0.3804, +0.3698, +0.3806, +0.3803, +0.4063, +0.4253, +0.4114, +0.3702, +0.3347, +0.3527, +0.3766, +0.3580, +0.3454, +0.3084, +0.3382, +0.3047, +0.3276, +0.3318, +0.3951, +0.3688, +0.3542, +0.3740, +0.3318, +0.3428, +0.3534, +0.4019, +0.3815, +0.3239, +0.3884, +0.3426, +0.3757, +0.3923, +0.4094, +0.3757, +0.3507, +0.3577, +0.3781, +0.3630, +0.3032, +0.3365, +0.3704, +0.3808, +0.3702, +0.3550, +0.3042, +0.2934, +0.3505, +0.3655, +0.3931, +0.4043, +0.4251, +0.3768, +0.3422, +0.3420, +0.3280, +0.3475, +0.3368, +0.3446, +0.3505, +0.3638, +0.3439, +0.3291, +0.3264, +0.3245, +0.3240, +0.3116, +0.2811, +0.2494, +0.2957, +0.3432, +0.3758, +0.3251, +0.3752, +0.3950, +0.3200, +0.3284, +0.3545, +0.3200, +0.3521, +0.3529, +0.3250, +0.3268, +0.3323, +0.3624, +0.3475, +0.4055, +0.3377, +0.3218, +0.3506, +0.3270, +0.3411, +0.3494, +0.3403, +0.3469, +0.3090, +0.3589, +0.4041, +0.3207, +0.3046, +0.3597, +0.3802, +0.3487, +0.3355, +0.2993, +0.3036, +0.3102, +0.3571, +0.3834, +0.3436, +0.3134, +0.3480, +0.3587, +0.3198, +0.3330, +0.3194, +0.3331, +0.3129, +0.3128, +0.3103, +0.3182, +0.2840, +0.3463, +0.3315, +0.2976, +0.3185, +0.3628, +0.3452, +0.3613, +0.2868, +0.3344, +0.3521, +0.3339, +0.3456, +0.3169, +0.3108, +0.3042, +0.3061, +0.3807, +0.3298, +0.2993, +0.2971, +0.3155, +0.3247, +0.3386, +0.3064, +0.3210, +0.3231, +0.3142, +0.3018, +0.3244, +0.3725, +0.3142, +0.3376, +0.3212, +0.3192, +0.3532, +0.3490, +0.3434, +0.3726, +0.3222, +0.2973, +0.3193, +0.3125, +0.3710, +0.3266, +0.2985, +0.3581, +0.3459, +0.3744, +0.3787, +0.3552, +0.3311, +0.2848, +0.3081, +0.2943, +0.2910, +0.2642, +0.2860, +0.3017, +0.3742, +0.3157, +0.3127, +0.3011, +0.2720, +0.2591, +0.2770, +0.2498, +0.2678, +0.3006, +0.3129, +0.2424, +0.3123, +0.3335, +0.2650, +0.2602, +0.2861, +0.2866, +0.2772, +0.2714, +0.3115, +0.2665, +0.3148, +0.3020, +0.2873, +0.3172, +0.3005, +0.2596, +0.2931, +0.2425, +0.2604, +0.2860, +0.3138, +0.3020, +0.3145, +0.2666, +0.3075, +0.3307, +0.3149, +0.3109, +0.2861, +0.3009, +0.2790, +0.2512, +0.3050, +0.2925, +0.2745, +0.3203, +0.3121, +0.2897, +0.2967, +0.2735, +0.2346, +0.2746, +0.2290, +0.2905, +0.2836, +0.2841, +0.2842, +0.2751, +0.2722, +0.2921, +0.2505, +0.2620, +0.2155, +0.2474, +0.2720, +0.2442, +0.2223, +0.2573, +0.1900, +0.2334, +0.2820, +0.2385, +0.2334, +0.2626, +0.2703, +0.2897, +0.3009, +0.2569, +0.2145, +0.2289, +0.2539, +0.2304, +0.2265, +0.2475, +0.2591, +0.2309, +0.2287, +0.2641, +0.2318, +0.2243, +0.2146, +0.2539, +0.2378, +0.2864, +0.2563, +0.2283, +0.2126, +0.2541, +0.2346, +0.2743, +0.2350, +0.2619, +0.2394, +0.2587, +0.2706, +0.2016, +0.2392, +0.2254, +0.2461, +0.2108, +0.2181, +0.1867, +0.2230, +0.2369, +0.2348, +0.2441, +0.2005, +0.2566, +0.2384, +0.2561, +0.2227, +0.2118, +0.2743, +0.2572, +0.2584, +0.2738, +0.2147, +0.2150, +0.2567, +0.2540, +0.2860, +0.2459, +0.2746, +0.2724, +0.2277, +0.3124, +0.3346, +0.3069, +0.3234, +0.2569, +0.2298, +0.2444, +0.2232, +0.2960, +0.2770, +0.2374, +0.2585, +0.2720, +0.2559, +0.1997, +0.2302, +0.2640, +0.2761, +0.2175, +0.2348, +0.2737, +0.3091, +0.2343, +0.2725, +0.2640, +0.1973, +0.2293, +0.2856, +0.2100, +0.3014, +0.2506, +0.2453, +0.2910, +0.2413, +0.2302, +0.2125, +0.2554, +0.2747, +0.2497, +0.2441, +0.2178, +0.2504, +0.2225, +0.2481, +0.2184, +0.2270, +0.2259, +0.2149, +0.2316, +0.1800, +0.2340, +0.2816, +0.2520, +0.1906, +0.2030, +0.2046, +0.1667, +0.1644, +0.2149, +0.2196, +0.1967, +0.1947, +0.2379, +0.2572, +0.2454, +0.2300, +0.1876, +0.1983, +0.1991, +0.1874, +0.2445, +0.1995, +0.2155, +0.2515, +0.2434, +0.2678, +0.1956, +0.2078, +0.2117, +0.2409, +0.2578, +0.2190, +0.1868, +0.1616, +0.1705, +0.2183, +0.2076, +0.2149, +0.2343, +0.1969, +0.2140, +0.1972, +0.1884, +0.2107, +0.1662, +0.1864, +0.1756, +0.2025, +0.2177, +0.2161, +0.1851, +0.1861, +0.1690, +0.1999, +0.2049, +0.1773, +0.1618, +0.1690, +0.1965, +0.1948, +0.1674, +0.2260, +0.1806, +0.2183, +0.1946, +0.1616, +0.1177, +0.1881, +0.1998, +0.1412, +0.1931, +0.2145, +0.1659, +0.1592, +0.1726, +0.2223, +0.1799, +0.1287, +0.1818, +0.1695, +0.1469, +0.1768, +0.1773, +0.2071, +0.1603, +0.1400, +0.1684, +0.1482, +0.1840, +0.1556, +0.1398, +0.1685, +0.1542, +0.1671, +0.1590, +0.1482, +0.1606, +0.2010, +0.2170, +0.1424, +0.1623, +0.1450, +0.1308, +0.1761, +0.1645, +0.1771, +0.1868, +0.2198, +0.2103, +0.1812, +0.1830, +0.1444, +0.1246, +0.1598, +0.1829, +0.1594, +0.1651, +0.1346, +0.1544, +0.1344, +0.1567, +0.1881, +0.1767, +0.1263, +0.1738, +0.2013, +0.1342, +0.1373, +0.1762, +0.1337, +0.1584, +0.1397, +0.1483, +0.1172, +0.1634, +0.1652, +0.1506, +0.1558, +0.1696, +0.1848, +0.1728, +0.1557, +0.1687, +0.1434, +0.1495, +0.1504, +0.1346, +0.1169, +0.1486, +0.1215, +0.1556, +0.1416, +0.1935, +0.1649, +0.1227, +0.1320, +0.1043, +0.1356, +0.1397, +0.1137, +0.1150, +0.1446, +0.1288, +0.1449, +0.1973, +0.1562, +0.1367, +0.1458, +0.1570, +0.1600, +0.1300, +0.1370, +0.1517, +0.1606, +0.1578, +0.1417, +0.1726, +0.1297, +0.1145, +0.1305, +0.1212, +0.1275, +0.1092, +0.1302, +0.1189, +0.1559, +0.1511, +0.1489, +0.1765, +0.1622, +0.1187, +0.1248, +0.1676, +0.1757, +0.1462, +0.1610, +0.1314, +0.1465, +0.1355, +0.1411, +0.1374, +0.1426, +0.1328, +0.1432, +0.1575, +0.1439, +0.1467, +0.1381, +0.1478, +0.1457, +0.1356, +0.1256, +0.1310, +0.1048, +0.1318, +0.1929, +0.1019, +0.0781, +0.1247, +0.1349, +0.1402, +0.1347, +0.1686, +0.1259, +0.1040, +0.1202, +0.1795, +0.1434, +0.1097, +0.1239, +0.2081, +0.1748, +0.1251, +0.1432, +0.1540, +0.1369, +0.1350, +0.1187, +0.1143, +0.1543, +0.1477, +0.1511, +0.1226, +0.1517, +0.1387, +0.1490, +0.1196, +0.1531, +0.1229, +0.1246, +0.1456, +0.1391, +0.1319, +0.1758, +0.1672, +0.1294, +0.1402, +0.1126, +0.1005, +0.1445, +0.1328, +0.1452, +0.1558, +0.1193, +0.1448, +0.1390, +0.1308, +0.1254, +0.1402, +0.1225, +0.1324, +0.1228, +0.0952, +0.1209, +0.1307, +0.0907, +0.1272, +0.1387, +0.1301, +0.1436, +0.1325, +0.1540, +0.1780, +0.1350, +0.1218, +0.1333, +0.1231, +0.1611, +0.1922, +0.1258, +0.1160, +0.1174, +0.1245, +0.1102, +0.1190, +0.1571, +0.1484, +0.0949, +0.1238, +0.1169, +0.1548, +0.1283, +0.1186, +0.1169, +0.1809, +0.1348, +0.1142, +0.1455, +0.1478, +0.1576, +0.1303, +0.1231, +0.0977, +0.1525, +0.1536, +0.1426, +0.1428, +0.1519, +0.1703, +0.1463, +0.1186, +0.1127, +0.1170, +0.1327, +0.1127, +0.1149, +0.1176, +0.1449, +0.1327, +0.1528, +0.1062, +0.1286, +0.1423, +0.1557, +0.1450, +0.1430, +0.1373, +0.1286, +0.1388]
              entropy_tge1: [+1.6091, +1.6031, +1.5895, +1.5857, +1.5675, +1.5697, +1.5695, +1.5663, +1.5772, +1.5749, +1.5641, +1.5570, +1.5485, +1.5253, +1.4954, +1.4545, +1.4529, +1.4609, +1.4652, +1.4565, +1.4238, +1.4303, +1.4095, +1.4076, +1.4090, +1.4119, +1.4092, +1.4112, +1.3892, +1.3909, +1.3944, +1.4075, +1.4025, +1.4053, +1.4072, +1.3790, +1.3925, +1.4146, +1.3814, +1.3785, +1.4062, +1.4103, +1.4105, +1.4024, +1.3969, +1.4042, +1.4127, +1.3875, +1.3804, +1.3795, +1.3686, +1.3708, +1.3581, +1.3538, +1.3573, +1.3333, +1.3312, +1.3299, +1.3484, +1.3685, +1.3537, +1.3387, +1.3528, +1.3120, +1.3147, +1.3386, +1.3362, +1.3126, +1.3576, +1.3644, +1.3591, +1.3333, +1.3465, +1.3328, +1.3585, +1.3444, +1.3471, +1.3348, +1.3378, +1.3361, +1.3141, +1.2986, +1.3191, +1.2837, +1.3018, +1.3309, +1.2894, +1.2993, +1.3296, +1.2995, +1.3004, +1.2966, +1.2898, +1.3024, +1.2877, +1.2571, +1.2758, +1.2839, +1.3081, +1.2966, +1.2694, +1.2651, +1.2982, +1.2746, +1.2677, +1.2843, +1.2512, +1.2710, +1.2651, +1.2651, +1.2624, +1.2901, +1.2700, +1.2188, +1.2546, +1.2523, +1.2460, +1.2489, +1.2347, +1.2474, +1.2691, +1.2339, +1.2580, +1.2265, +1.2334, +1.2159, +1.2571, +1.2363, +1.2514, +1.2357, +1.2823, +1.2632, +1.2691, +1.2628, +1.2530, +1.2529, +1.2336, +1.2462, +1.2317, +1.2310, +1.2712, +1.2619, +1.2446, +1.2644, +1.2348, +1.2097, +1.2556, +1.2359, +1.2357, +1.2472, +1.2367, +1.1984, +1.2028, +1.2298, +1.2515, +1.2005, +1.1870, +1.2047, +1.2060, +1.1990, +1.2287, +1.2325, +1.2189, +1.2039, +1.2063, +1.1883, +1.1764, +1.1380, +1.1666, +1.1713, +1.1630, +1.1741, +1.1822, +1.2048, +1.1914, +1.1947, +1.2445, +1.2286, +1.2213, +1.2205, +1.2021, +1.2114, +1.2036, +1.1912, +1.2002, +1.2074, +1.2113, +1.2125, +1.2111, +1.1776, +1.1776, +1.1832, +1.1881, +1.1736, +1.1611, +1.1878, +1.1621, +1.2071, +1.1928, +1.1661, +1.1860, +1.1864, +1.1349, +1.1516, +1.1804, +1.1975, +1.1694, +1.1544, +1.1742, +1.1731, +1.1824, +1.1679, +1.1838, +1.1778, +1.1479, +1.2014, +1.1724, +1.1447, +1.0736, +1.1467, +1.1218, +1.1228, +1.1406, +1.1630, +1.1721, +1.1746, +1.1708, +1.1500, +1.1411, +1.1703, +1.1481, +1.1846, +1.1677, +1.1648, +1.1585, +1.1675, +1.1837, +1.1444, +1.1358, +1.1372, +1.1527, +1.1465, +1.1589, +1.1204, +1.0871, +1.1320, +1.1533, +1.1439, +1.1381, +1.1303, +1.1238, +1.1175, +1.1191, +1.1661, +1.1596, +1.1564, +1.1427, +1.1522, +1.1096, +1.1197, +1.1957, +1.1880, +1.1423, +1.1387, +1.1224, +1.1320, +1.1528, +1.1075, +1.1021, +1.1332, +1.1356, +1.1598, +1.1643, +1.1255, +1.0822, +1.0969, +1.1154, +1.0818, +1.1214, +1.1256, +1.1484, +1.1162, +1.0774, +1.0891, +1.0758, +1.1312, +1.1519, +1.1611, +1.1546, +1.1150, +1.1273, +1.1624, +1.1292, +1.1360, +1.1518, +1.1573, +1.0788, +1.0833, +1.0853, +1.1128, +1.1464, +1.1257, +1.1104, +1.1168, +1.0871, +1.0766, +1.1154, +1.1114, +1.0768, +1.1166, +1.1020, +1.1314, +1.0969, +1.1049, +1.1197, +1.0887, +1.1326, +1.1497, +1.0841, +1.0601, +1.0844, +1.1266, +1.0945, +1.0761, +1.1149, +1.0981, +1.0757, +1.1001, +1.0697, +1.0903, +1.0763, +1.1047, +1.1289, +1.0832, +1.1068, +1.1423, +1.1067, +1.0681, +1.0865, +1.1040, +1.0501, +1.1208, +1.1317, +1.1255, +1.1402, +1.1176, +1.0653, +1.1167, +1.1202, +1.1207, +1.1374, +1.0831, +1.1103, +1.1337, +1.1291, +1.1223, +1.0990, +1.0699, +1.1162, +1.1348, +1.1628, +1.1473, +1.1266, +1.0898, +1.0858, +1.0963, +1.1063, +1.1206, +1.1462, +1.0780, +1.0997, +1.1013, +1.1014, +1.1242, +1.1023, +1.0943, +1.1287, +1.1619, +1.1446, +1.1457, +1.1333, +1.0931, +1.0775, +1.0657, +1.0985, +1.0731, +1.1141, +1.0945, +1.0769, +1.0933, +1.0982, +1.1008, +1.1173, +1.0895, +1.0780, +1.0749, +1.0459, +1.1013, +1.0824, +1.1126, +1.0317, +1.0537, +1.1085, +1.0384, +1.0716, +1.0479, +1.0855, +1.0817, +1.0619, +1.0450, +1.0937, +1.0438, +1.0393, +1.0689, +1.0524, +1.0360, +1.0615, +1.0981, +1.0394, +1.0682, +1.0560, +1.0941, +1.0782, +1.0903, +1.0949, +1.0661, +1.1075, +1.0666, +1.0733, +1.0838, +1.0681, +1.0597, +1.0227, +1.0385, +1.0400, +1.0068, +0.9767, +1.0260, +1.0801, +1.0747, +1.0093, +1.0280, +1.0554, +1.0235, +1.0352, +1.0353, +1.0308, +1.0699, +1.0726, +1.0415, +1.0872, +1.1031, +1.0129, +1.0172, +1.0454, +1.0711, +1.0547, +1.0507, +1.0280, +0.9615, +1.0375, +1.0291, +1.0062, +1.0057, +1.0483, +1.0674, +1.0674, +1.0485, +1.0118, +1.0022, +1.0069, +1.0491, +1.0636, +0.9920, +0.9828, +1.0178, +1.0125, +0.9913, +0.9718, +0.9976, +1.0125, +0.9670, +1.0292, +1.0076, +1.0244, +0.9920, +0.9991, +0.9836, +1.0301, +1.0403, +1.0263, +1.0337, +1.0050, +0.9590, +0.9876, +1.0216, +1.0199, +1.0210, +1.0129, +0.9841, +0.9723, +1.0317, +0.9959, +1.0380, +0.9887, +0.9714, +1.0702, +0.9352, +1.0094, +1.0149, +0.9845, +0.9667, +0.9579, +1.0387, +1.0038, +1.0020, +0.9668, +0.9563, +0.9458, +0.9554, +0.9873, +1.0050, +0.9808, +0.9961, +1.0135, +1.0205, +1.0228, +0.9886, +0.9799, +0.9979, +0.9583, +0.9074, +0.9785, +0.9674, +1.0250, +1.0097, +0.9718, +0.9249, +0.8838, +0.9609, +0.9639, +0.9288, +1.0015, +1.0155, +1.0292, +0.9995, +0.9918, +0.9823, +0.9981, +0.9778, +1.0211, +0.9523, +0.9343, +0.9638, +0.9574, +0.9700, +0.9368, +0.9277, +0.9843, +0.9621, +0.9348, +0.9286, +0.9683, +0.9882, +0.9594, +0.9830, +0.9396, +0.9720, +0.9451, +0.9171, +0.9435, +0.9621, +0.9771, +1.0092, +0.9822, +0.9153, +0.9283, +0.9481, +0.9741, +0.9450, +0.9021, +0.9273, +0.9333, +0.8990, +0.9295, +0.9542, +0.9477, +0.9586, +0.9496, +0.9643, +0.9422, +1.0032, +0.9415, +0.9394, +0.9173, +0.9155, +0.9516, +0.8914, +0.9644, +0.9613, +0.9515, +0.9998, +0.8879, +0.9632, +0.9786, +0.9539, +0.9587, +0.9635, +0.9281, +0.9317, +0.8776, +0.9184, +0.8505, +0.8874, +0.9690, +0.9253, +0.9363, +0.9034, +0.8948, +0.9461, +0.9205, +0.8700, +0.9038, +0.8511, +0.9210, +0.9221, +0.8911, +0.8507, +0.8852, +0.8674, +0.9288, +0.9053, +0.9014, +0.8947, +0.9136, +0.9133, +0.8887, +0.9250, +0.9398, +0.9257, +0.8942, +0.9348, +0.8772, +0.8919, +0.9398, +0.9470, +0.9403, +0.9415, +0.8623, +0.9460, +0.9525, +0.9319, +0.8456, +0.8096, +0.8798, +0.8530, +0.8995, +0.9182, +0.9429, +0.8998, +0.8539, +0.8579, +0.9440, +0.8816, +0.8586, +0.8805, +0.8822, +0.8549, +0.8602, +0.9248, +0.8889, +0.9342, +0.8829, +0.8769, +0.8896, +0.9032, +0.8436, +0.8726, +0.8264, +0.8289, +0.8132, +0.8665, +0.8919, +0.9654, +0.9100, +0.8568, +0.8271, +0.8386, +0.7895, +0.8198, +0.8948, +0.8682, +0.8243, +0.8595, +0.8845, +0.8414, +0.8704, +0.8533, +0.8777, +0.8481, +0.9152, +0.8737, +0.8125, +0.8675, +0.8758, +0.8532, +0.8443, +0.7948, +0.8258, +0.8861, +0.8509, +0.8840, +0.8738, +0.8067, +0.8614, +0.8634, +0.8555, +0.7751, +0.8379, +0.8388, +0.8437, +0.8231, +0.8896, +0.8861, +0.8716, +0.8590, +0.8834, +0.8437, +0.9000, +0.9039, +0.8245, +0.8334, +0.8286, +0.8410, +0.8378, +0.8140, +0.8766, +0.9195, +0.8956, +0.8375, +0.8689, +0.8064, +0.8026, +0.8996, +0.8317, +0.8726, +0.8315, +0.8584, +0.8632, +0.9027, +0.8698, +0.8878, +0.8326, +0.7576, +0.8379, +0.8162, +0.7741, +0.7751, +0.7864, +0.8339, +0.8071, +0.9049, +0.9060, +0.8887, +0.8662, +0.9157, +0.9670, +0.9192, +0.8253, +0.8404, +0.8814, +0.8883, +0.7792, +0.8356, +0.8326, +0.8047, +0.8445, +0.8475, +0.8993, +0.9045, +0.8279, +0.8254, +0.8800, +0.9163, +0.8870, +0.9060, +0.8475, +0.8115, +0.8599, +0.9344, +0.9179, +0.9595, +0.8326, +0.7744, +0.8000, +0.8346, +0.8600, +0.8509, +0.8499, +0.8860, +0.9227, +0.8946, +0.8781, +0.8427, +0.9213, +0.8551, +0.8859, +0.9307, +0.8655, +0.8303, +0.8949, +0.8751, +0.8673, +0.8689, +0.8345, +0.8408, +0.9110, +0.8704, +0.8879, +0.9447, +0.8358, +0.8941, +0.9131, +0.9326, +0.8872, +0.9100, +0.8990, +0.8943, +0.9172, +0.9039, +0.8978, +0.9562, +0.8575, +0.8442, +0.8482, +0.8758, +0.9087, +0.8589, +0.9024, +0.9137, +0.9419, +0.9041, +0.9155, +0.9373, +0.9139, +0.8849, +0.8709, +0.9089, +0.9492, +0.9108, +0.9305, +0.8940, +0.8684, +0.9056, +0.8953, +0.8817, +0.8897, +0.8921, +0.9813, +0.9073, +0.8901, +0.8992, +0.9081, +0.9125, +0.9309, +0.9314, +0.8909, +0.9337, +0.9084, +0.9022, +0.8893, +0.9019, +0.9402, +0.8875, +0.9509, +0.9141, +0.9568, +0.9009, +0.8287, +0.8840, +0.9181, +0.8815, +0.9233, +0.9510, +0.9165, +0.9252, +0.8897, +0.9370, +0.8909, +0.8879, +0.9291, +0.9192, +0.9050, +0.8805, +0.9078, +0.9043, +0.9141, +0.9105, +0.8830, +0.9180, +0.9360, +0.8800, +0.8585, +0.9315, +0.9307, +0.9273, +0.9007, +0.9237, +0.9251, +0.9434, +0.8958, +0.9494, +0.9511, +0.9239, +0.9015]
              t0_alloc_red: [+0.4825, +0.4565, +0.3846, +0.3242, +0.2766, +0.3074, +0.2436, +0.2710, +0.2635, +0.3288, +0.3487, +0.5105, +0.4692, +0.5419, +0.4867, +0.5441, +0.4881, +0.4568, +0.4346, +0.4516, +0.5047, +0.5626, +0.5344, +0.5324, +0.5686, +0.5600, +0.4769, +0.4452, +0.4237, +0.4708, +0.4726, +0.4880, +0.4535, +0.5468, +0.5129, +0.5041, +0.4740, +0.5095, +0.5464, +0.5722, +0.5536, +0.5259, +0.5454, +0.5408, +0.4869, +0.4979, +0.5021, +0.5419, +0.5159, +0.4947, +0.4528, +0.4111, +0.4425, +0.4334, +0.4545, +0.5213, +0.4975, +0.5419, +0.5480, +0.4803, +0.5454, +0.5095, +0.5331, +0.5225, +0.5478, +0.4995, +0.5010, +0.5210, +0.5440, +0.5161, +0.5533, +0.4614, +0.6027, +0.6076, +0.5608, +0.5296, +0.4864, +0.4867, +0.5453, +0.5730, +0.5015, +0.5232, +0.4755, +0.4573, +0.5341, +0.5647, +0.5202, +0.5095, +0.4813, +0.5072, +0.4839, +0.4382, +0.4330, +0.4103, +0.5010, +0.4985, +0.5276, +0.5243, +0.5750, +0.5738, +0.5825, +0.5569, +0.5628, +0.6115, +0.6434, +0.5625, +0.5078, +0.5660, +0.5542, +0.5150, +0.5136, +0.5346, +0.5401, +0.6068, +0.5402, +0.5652, +0.5663, +0.6502, +0.6365, +0.6272, +0.6145, +0.5404, +0.6055, +0.5780, +0.5458, +0.5152, +0.5574, +0.5827, +0.5465, +0.6157, +0.5763, +0.5082, +0.4346, +0.5044, +0.5276, +0.4537, +0.4731, +0.5308, +0.5791, +0.5570, +0.5346, +0.5457, +0.5039, +0.5627, +0.5224, +0.4956, +0.4980, +0.5764, +0.5236, +0.4855, +0.5380, +0.5532, +0.5447, +0.5259, +0.4684, +0.4565, +0.5725, +0.5388, +0.5816, +0.5843, +0.5969, +0.5714, +0.6147, +0.5801, +0.5888, +0.6577, +0.5947, +0.5445, +0.5926, +0.5543, +0.5612, +0.5764, +0.5518, +0.5710, +0.6257, +0.6312, +0.5528, +0.5507, +0.5839, +0.5983, +0.5268, +0.5844, +0.5848, +0.5678, +0.6047, +0.5588, +0.4948, +0.4756, +0.5115, +0.4875, +0.5461, +0.5680, +0.6342, +0.5564, +0.5932, +0.5371, +0.4958, +0.5288, +0.5984, +0.5671, +0.5254, +0.5080, +0.4716, +0.5066, +0.5582, +0.5854, +0.6210, +0.6117, +0.5670, +0.5347, +0.4356, +0.4881, +0.5148, +0.5688, +0.5251, +0.4233, +0.5188, +0.5394, +0.6185, +0.5712, +0.5547, +0.5806, +0.6525, +0.5985, +0.5935, +0.6599, +0.6874, +0.6755, +0.6426, +0.5677, +0.5898, +0.5388, +0.5587, +0.5508, +0.6271, +0.4874, +0.5068, +0.6057, +0.5417, +0.5911, +0.4976, +0.5294, +0.5071, +0.5592, +0.6000, +0.5951, +0.5877, +0.5498, +0.5587, +0.5313, +0.5022, +0.5176, +0.5044, +0.4995, +0.5624, +0.4740, +0.5435, +0.4625, +0.4606, +0.5211, +0.4417, +0.4531, +0.5555, +0.4946, +0.5662, +0.5114, +0.5000, +0.5098, +0.5653, +0.4926, +0.4376, +0.4495, +0.4830, +0.5382, +0.5511, +0.4703, +0.4943, +0.4874, +0.5943, +0.5538, +0.5490, +0.5514, +0.6096, +0.5172, +0.4451, +0.4514, +0.4857, +0.4520, +0.4545, +0.5648, +0.5901, +0.5803, +0.5246, +0.5485, +0.6053, +0.5955, +0.6180, +0.6451, +0.5645, +0.6170, +0.6838, +0.6048, +0.5580, +0.6896, +0.5659, +0.6069, +0.5391, +0.5436, +0.6625, +0.5458, +0.6060, +0.5771, +0.5755, +0.6113, +0.5677, +0.5528, +0.6509, +0.5836, +0.6707, +0.6359, +0.5786, +0.5403, +0.5536, +0.5147, +0.4469, +0.4905, +0.5427, +0.5897, +0.4811, +0.5375, +0.6023, +0.5660, +0.5313, +0.5811, +0.5248, +0.4933, +0.5476, +0.5446, +0.5769, +0.4901, +0.5464, +0.5177, +0.4425, +0.5071, +0.5300, +0.5862, +0.5747, +0.5247, +0.5300, +0.5178, +0.5580, +0.6397, +0.5301, +0.5199, +0.5391, +0.5114, +0.5522, +0.5518, +0.5728, +0.5158, +0.5506, +0.5071, +0.5115, +0.5709, +0.6208, +0.5329, +0.5555, +0.6057, +0.5108, +0.5312, +0.5608, +0.5064, +0.5569, +0.6105, +0.6634, +0.6023, +0.5071, +0.5757, +0.5974, +0.5856, +0.6002, +0.6142, +0.6253, +0.6216, +0.6543, +0.6866, +0.6107, +0.6507, +0.5251, +0.4768, +0.4948, +0.5836, +0.5208, +0.4352, +0.5150, +0.6117, +0.5559, +0.4937, +0.5026, +0.4506, +0.5607, +0.6021, +0.5184, +0.5379, +0.5606, +0.5027, +0.5292, +0.5209, +0.6076, +0.5741, +0.5565, +0.5723, +0.5827, +0.6029, +0.6520, +0.5500, +0.5945, +0.6058, +0.6488, +0.4929, +0.4823, +0.5778, +0.5945, +0.5865, +0.4671, +0.5663, +0.5533, +0.6072, +0.5423, +0.4793, +0.5122, +0.5089, +0.5383, +0.5426, +0.5471, +0.5968, +0.5614, +0.5808, +0.4475, +0.4961, +0.4845, +0.5312, +0.5159, +0.4738, +0.5186, +0.5808, +0.4905, +0.5238, +0.5788, +0.6310, +0.6111, +0.6068, +0.6020, +0.6664, +0.5847, +0.6162, +0.5857, +0.6137, +0.5940, +0.5660, +0.5735, +0.6128, +0.5426, +0.5532, +0.5497, +0.5898, +0.5233, +0.4550, +0.4798, +0.5239, +0.4856, +0.4895, +0.5681, +0.5725, +0.6521, +0.6111, +0.5290, +0.5810, +0.5444, +0.5992, +0.5505, +0.6070, +0.5524, +0.5880, +0.5424, +0.5229, +0.5323, +0.5828, +0.6324, +0.5536, +0.5646, +0.4422, +0.5111, +0.5849, +0.5663, +0.5657, +0.5831, +0.5560, +0.5108, +0.5622, +0.5982, +0.5988, +0.5861, +0.5908, +0.5685, +0.5775, +0.5760, +0.6862, +0.6335, +0.5959, +0.5164, +0.5360, +0.6381, +0.5887, +0.6011, +0.5479, +0.5921, +0.5317, +0.6285, +0.5088, +0.6119, +0.5641, +0.5970, +0.5302, +0.5378, +0.5586, +0.4438, +0.4882, +0.5680, +0.5967, +0.5574, +0.5516, +0.4057, +0.5137, +0.5572, +0.4942, +0.4433, +0.4798, +0.5667, +0.4196, +0.4906, +0.5737, +0.5053, +0.5531, +0.5615, +0.6043, +0.6160, +0.6153, +0.5212, +0.5848, +0.5872, +0.6241, +0.5688, +0.5908, +0.5426, +0.5508, +0.5532, +0.5542, +0.5819, +0.6786, +0.5838, +0.5992, +0.5453, +0.4375, +0.4817, +0.5750, +0.5667, +0.5012, +0.5764, +0.5890, +0.5779, +0.5578, +0.4476, +0.4401, +0.5551, +0.5139, +0.5279, +0.5981, +0.5310, +0.5727, +0.5505, +0.5739, +0.6383, +0.5707, +0.5773, +0.4987, +0.5641, +0.4631, +0.4862, +0.5043, +0.4755, +0.5299, +0.6108, +0.6586, +0.6357, +0.5917, +0.5943, +0.5578, +0.5916, +0.5897, +0.5487, +0.4947, +0.6331, +0.6077, +0.5141, +0.5488, +0.5576, +0.6005, +0.4759, +0.5419, +0.4557, +0.3743, +0.4663, +0.5776, +0.4565, +0.6052, +0.6196, +0.4688, +0.5815, +0.5917, +0.5758, +0.5350, +0.5879, +0.6051, +0.6098, +0.5800, +0.5502, +0.5815, +0.5452, +0.5688, +0.5176, +0.5780, +0.5682, +0.5597, +0.5399, +0.7031, +0.6795, +0.5157, +0.5050, +0.4760, +0.5262, +0.5448, +0.5706, +0.5163, +0.5748, +0.5887, +0.5808, +0.5492, +0.5393, +0.6066, +0.6475, +0.5319, +0.6375, +0.5360, +0.5258, +0.6359, +0.5315, +0.5183, +0.5478, +0.5357, +0.5949, +0.5281, +0.4774, +0.5506, +0.5083, +0.5217, +0.6468, +0.6023, +0.5855, +0.6244, +0.5468, +0.6023, +0.5334, +0.6192, +0.5196, +0.5298, +0.5611, +0.5687, +0.6289, +0.5794, +0.6721, +0.6479, +0.5318, +0.5793, +0.5647, +0.5942, +0.5963, +0.6233, +0.6942, +0.6550, +0.5927, +0.6367, +0.6413, +0.5860, +0.5390, +0.5505, +0.4961, +0.4814, +0.4114, +0.4660, +0.5004, +0.5563, +0.6420, +0.5803, +0.6451, +0.5768, +0.4281, +0.5272, +0.5406, +0.4410, +0.5259, +0.6617, +0.6583, +0.5975, +0.5866, +0.6544, +0.6146, +0.4980, +0.5420, +0.5509, +0.5765, +0.5836, +0.6412, +0.5889, +0.5272, +0.5564, +0.5276, +0.5597, +0.5479, +0.4837, +0.5951, +0.5977, +0.5901, +0.6175, +0.5424, +0.5558, +0.5134, +0.6013, +0.5969, +0.5395, +0.6804, +0.5987, +0.4897, +0.5453, +0.6141, +0.5976, +0.5424, +0.4713, +0.5861, +0.6039, +0.5924, +0.5403, +0.5412, +0.6115, +0.5948, +0.6271, +0.6011, +0.5595, +0.5874, +0.5586, +0.6100, +0.4754, +0.5490, +0.6110, +0.5602, +0.6198, +0.6129, +0.5459, +0.5146, +0.4518, +0.6365, +0.5788, +0.5437, +0.5201, +0.5697, +0.6214, +0.6224, +0.6179, +0.5872, +0.4878, +0.5149, +0.6061, +0.5523, +0.5533, +0.6012, +0.5122, +0.5369, +0.5273, +0.4666, +0.5494, +0.5216, +0.5038, +0.5491, +0.5510, +0.5666, +0.5156, +0.5041, +0.5721, +0.6115, +0.5415, +0.5282, +0.5878, +0.5860, +0.4762, +0.4917, +0.5448, +0.5353, +0.6225, +0.6712, +0.6321, +0.5839, +0.5441, +0.5703, +0.5212, +0.5312, +0.5969, +0.5177, +0.4945, +0.5979, +0.5584, +0.4759, +0.5278, +0.5520, +0.5358, +0.5884, +0.4694, +0.5460, +0.6402, +0.5845, +0.4980, +0.5632, +0.5881, +0.6137, +0.6057, +0.5806, +0.5952, +0.5890, +0.5946, +0.5538, +0.4977, +0.5703, +0.5468, +0.5922, +0.5754, +0.5763, +0.5741, +0.6805, +0.5893, +0.4805, +0.5444, +0.5994, +0.5455, +0.5872, +0.5935, +0.6081, +0.5536, +0.5515, +0.4989, +0.4687, +0.5296, +0.5750, +0.5577, +0.5929, +0.5468, +0.4980, +0.5916, +0.6530, +0.6044, +0.5665, +0.6112, +0.5671, +0.5162, +0.5743, +0.5616, +0.4940, +0.5209, +0.5439, +0.5712, +0.6158, +0.5788, +0.5570, +0.6134, +0.5602, +0.6166, +0.5701, +0.5408, +0.5892, +0.5743, +0.5982, +0.6314, +0.5959, +0.6186, +0.5921, +0.5302, +0.5293, +0.5484, +0.4952, +0.5052, +0.5950, +0.5763, +0.4651, +0.5523, +0.5236, +0.5688, +0.5556, +0.5210, +0.6472, +0.5560, +0.5054, +0.5371, +0.5833, +0.6260, +0.5429, +0.5824, +0.5795]
             t0_alloc_blue: [+0.5175, +0.5435, +0.6154, +0.6758, +0.7234, +0.6926, +0.7564, +0.7290, +0.7365, +0.6712, +0.6513, +0.4895, +0.5308, +0.4581, +0.5133, +0.4559, +0.5119, +0.5432, +0.5654, +0.5484, +0.4953, +0.4374, +0.4656, +0.4676, +0.4314, +0.4400, +0.5231, +0.5548, +0.5763, +0.5292, +0.5274, +0.5120, +0.5465, +0.4532, +0.4871, +0.4959, +0.5260, +0.4905, +0.4536, +0.4278, +0.4464, +0.4741, +0.4546, +0.4592, +0.5131, +0.5021, +0.4979, +0.4581, +0.4841, +0.5053, +0.5472, +0.5889, +0.5575, +0.5666, +0.5455, +0.4787, +0.5025, +0.4581, +0.4520, +0.5197, +0.4546, +0.4905, +0.4669, +0.4775, +0.4522, +0.5005, +0.4990, +0.4790, +0.4560, +0.4839, +0.4467, +0.5386, +0.3973, +0.3924, +0.4392, +0.4704, +0.5136, +0.5133, +0.4547, +0.4270, +0.4985, +0.4768, +0.5245, +0.5427, +0.4659, +0.4353, +0.4798, +0.4905, +0.5187, +0.4928, +0.5161, +0.5618, +0.5670, +0.5897, +0.4990, +0.5015, +0.4724, +0.4757, +0.4250, +0.4262, +0.4175, +0.4431, +0.4372, +0.3885, +0.3566, +0.4375, +0.4922, +0.4340, +0.4458, +0.4850, +0.4864, +0.4654, +0.4599, +0.3932, +0.4598, +0.4348, +0.4337, +0.3498, +0.3635, +0.3728, +0.3855, +0.4596, +0.3945, +0.4220, +0.4542, +0.4848, +0.4426, +0.4173, +0.4535, +0.3843, +0.4237, +0.4918, +0.5654, +0.4956, +0.4724, +0.5463, +0.5269, +0.4692, +0.4209, +0.4430, +0.4654, +0.4543, +0.4961, +0.4373, +0.4776, +0.5044, +0.5020, +0.4236, +0.4764, +0.5145, +0.4620, +0.4468, +0.4553, +0.4741, +0.5316, +0.5435, +0.4275, +0.4612, +0.4184, +0.4157, +0.4031, +0.4286, +0.3853, +0.4199, +0.4112, +0.3423, +0.4053, +0.4555, +0.4074, +0.4457, +0.4388, +0.4236, +0.4482, +0.4290, +0.3743, +0.3688, +0.4472, +0.4493, +0.4161, +0.4017, +0.4732, +0.4156, +0.4152, +0.4322, +0.3953, +0.4412, +0.5052, +0.5244, +0.4885, +0.5125, +0.4539, +0.4320, +0.3658, +0.4436, +0.4068, +0.4629, +0.5042, +0.4712, +0.4016, +0.4329, +0.4746, +0.4920, +0.5284, +0.4934, +0.4418, +0.4146, +0.3790, +0.3883, +0.4330, +0.4653, +0.5644, +0.5119, +0.4852, +0.4312, +0.4749, +0.5767, +0.4812, +0.4606, +0.3815, +0.4288, +0.4453, +0.4194, +0.3475, +0.4015, +0.4065, +0.3401, +0.3126, +0.3245, +0.3574, +0.4323, +0.4102, +0.4612, +0.4413, +0.4492, +0.3729, +0.5126, +0.4932, +0.3943, +0.4583, +0.4089, +0.5024, +0.4706, +0.4929, +0.4408, +0.4000, +0.4049, +0.4123, +0.4502, +0.4413, +0.4687, +0.4978, +0.4824, +0.4956, +0.5005, +0.4376, +0.5260, +0.4565, +0.5375, +0.5394, +0.4789, +0.5583, +0.5469, +0.4445, +0.5054, +0.4338, +0.4886, +0.5000, +0.4902, +0.4347, +0.5074, +0.5624, +0.5505, +0.5170, +0.4618, +0.4489, +0.5297, +0.5057, +0.5126, +0.4057, +0.4462, +0.4510, +0.4486, +0.3904, +0.4828, +0.5549, +0.5486, +0.5143, +0.5480, +0.5455, +0.4352, +0.4099, +0.4197, +0.4754, +0.4515, +0.3947, +0.4045, +0.3820, +0.3549, +0.4355, +0.3830, +0.3162, +0.3952, +0.4420, +0.3104, +0.4341, +0.3931, +0.4609, +0.4564, +0.3375, +0.4542, +0.3940, +0.4229, +0.4245, +0.3887, +0.4323, +0.4472, +0.3491, +0.4164, +0.3293, +0.3641, +0.4214, +0.4597, +0.4464, +0.4853, +0.5531, +0.5095, +0.4573, +0.4103, +0.5189, +0.4625, +0.3977, +0.4340, +0.4687, +0.4189, +0.4752, +0.5067, +0.4524, +0.4554, +0.4231, +0.5099, +0.4536, +0.4823, +0.5575, +0.4929, +0.4700, +0.4138, +0.4253, +0.4753, +0.4700, +0.4822, +0.4420, +0.3603, +0.4699, +0.4801, +0.4609, +0.4886, +0.4478, +0.4482, +0.4272, +0.4842, +0.4494, +0.4929, +0.4885, +0.4291, +0.3792, +0.4671, +0.4445, +0.3943, +0.4892, +0.4688, +0.4392, +0.4936, +0.4431, +0.3895, +0.3366, +0.3977, +0.4929, +0.4243, +0.4026, +0.4144, +0.3998, +0.3858, +0.3747, +0.3784, +0.3457, +0.3134, +0.3893, +0.3493, +0.4749, +0.5232, +0.5052, +0.4164, +0.4792, +0.5648, +0.4850, +0.3883, +0.4441, +0.5063, +0.4974, +0.5494, +0.4393, +0.3979, +0.4816, +0.4621, +0.4394, +0.4973, +0.4708, +0.4791, +0.3924, +0.4259, +0.4435, +0.4277, +0.4173, +0.3971, +0.3480, +0.4500, +0.4055, +0.3942, +0.3512, +0.5071, +0.5177, +0.4222, +0.4055, +0.4135, +0.5329, +0.4337, +0.4467, +0.3928, +0.4577, +0.5207, +0.4878, +0.4911, +0.4617, +0.4574, +0.4529, +0.4032, +0.4386, +0.4192, +0.5525, +0.5039, +0.5155, +0.4688, +0.4841, +0.5262, +0.4814, +0.4192, +0.5095, +0.4762, +0.4212, +0.3690, +0.3889, +0.3932, +0.3980, +0.3336, +0.4153, +0.3838, +0.4143, +0.3863, +0.4060, +0.4340, +0.4265, +0.3872, +0.4574, +0.4468, +0.4503, +0.4102, +0.4767, +0.5450, +0.5202, +0.4761, +0.5144, +0.5105, +0.4319, +0.4275, +0.3479, +0.3889, +0.4710, +0.4190, +0.4556, +0.4008, +0.4495, +0.3930, +0.4476, +0.4120, +0.4576, +0.4771, +0.4677, +0.4172, +0.3676, +0.4464, +0.4354, +0.5578, +0.4889, +0.4151, +0.4337, +0.4343, +0.4169, +0.4440, +0.4892, +0.4378, +0.4018, +0.4012, +0.4139, +0.4092, +0.4315, +0.4225, +0.4240, +0.3138, +0.3665, +0.4041, +0.4836, +0.4640, +0.3619, +0.4113, +0.3989, +0.4521, +0.4079, +0.4683, +0.3715, +0.4912, +0.3881, +0.4359, +0.4030, +0.4698, +0.4622, +0.4414, +0.5562, +0.5118, +0.4320, +0.4033, +0.4426, +0.4484, +0.5943, +0.4863, +0.4428, +0.5058, +0.5567, +0.5202, +0.4333, +0.5804, +0.5094, +0.4263, +0.4947, +0.4469, +0.4385, +0.3957, +0.3840, +0.3847, +0.4788, +0.4152, +0.4128, +0.3759, +0.4312, +0.4092, +0.4574, +0.4492, +0.4468, +0.4458, +0.4181, +0.3214, +0.4162, +0.4008, +0.4547, +0.5625, +0.5183, +0.4250, +0.4333, +0.4988, +0.4236, +0.4110, +0.4221, +0.4422, +0.5524, +0.5599, +0.4449, +0.4861, +0.4721, +0.4019, +0.4690, +0.4273, +0.4495, +0.4261, +0.3617, +0.4293, +0.4227, +0.5013, +0.4359, +0.5369, +0.5138, +0.4957, +0.5245, +0.4701, +0.3892, +0.3414, +0.3643, +0.4083, +0.4057, +0.4422, +0.4084, +0.4103, +0.4513, +0.5053, +0.3669, +0.3923, +0.4859, +0.4512, +0.4424, +0.3995, +0.5241, +0.4581, +0.5443, +0.6257, +0.5337, +0.4224, +0.5435, +0.3948, +0.3804, +0.5312, +0.4185, +0.4083, +0.4242, +0.4650, +0.4121, +0.3949, +0.3902, +0.4200, +0.4498, +0.4185, +0.4548, +0.4312, +0.4824, +0.4220, +0.4318, +0.4403, +0.4601, +0.2969, +0.3205, +0.4843, +0.4950, +0.5240, +0.4738, +0.4552, +0.4294, +0.4837, +0.4252, +0.4113, +0.4192, +0.4508, +0.4607, +0.3934, +0.3525, +0.4681, +0.3625, +0.4640, +0.4742, +0.3641, +0.4685, +0.4817, +0.4522, +0.4643, +0.4051, +0.4719, +0.5226, +0.4494, +0.4917, +0.4783, +0.3532, +0.3977, +0.4145, +0.3756, +0.4532, +0.3977, +0.4666, +0.3808, +0.4804, +0.4702, +0.4389, +0.4313, +0.3711, +0.4206, +0.3279, +0.3521, +0.4682, +0.4207, +0.4353, +0.4058, +0.4037, +0.3767, +0.3058, +0.3450, +0.4073, +0.3633, +0.3587, +0.4140, +0.4610, +0.4495, +0.5039, +0.5186, +0.5886, +0.5340, +0.4996, +0.4437, +0.3580, +0.4197, +0.3549, +0.4232, +0.5719, +0.4728, +0.4594, +0.5590, +0.4741, +0.3383, +0.3417, +0.4025, +0.4134, +0.3456, +0.3854, +0.5020, +0.4580, +0.4491, +0.4235, +0.4164, +0.3588, +0.4111, +0.4728, +0.4436, +0.4724, +0.4403, +0.4521, +0.5163, +0.4049, +0.4023, +0.4099, +0.3825, +0.4576, +0.4442, +0.4866, +0.3987, +0.4031, +0.4605, +0.3196, +0.4013, +0.5103, +0.4547, +0.3859, +0.4024, +0.4576, +0.5287, +0.4139, +0.3961, +0.4076, +0.4597, +0.4588, +0.3885, +0.4052, +0.3729, +0.3989, +0.4405, +0.4126, +0.4414, +0.3900, +0.5246, +0.4510, +0.3890, +0.4398, +0.3802, +0.3871, +0.4541, +0.4854, +0.5482, +0.3635, +0.4212, +0.4563, +0.4799, +0.4303, +0.3786, +0.3776, +0.3821, +0.4128, +0.5122, +0.4851, +0.3939, +0.4477, +0.4467, +0.3988, +0.4878, +0.4631, +0.4727, +0.5334, +0.4506, +0.4784, +0.4962, +0.4509, +0.4490, +0.4334, +0.4844, +0.4959, +0.4279, +0.3885, +0.4585, +0.4718, +0.4122, +0.4140, +0.5238, +0.5083, +0.4552, +0.4647, +0.3775, +0.3288, +0.3679, +0.4161, +0.4559, +0.4297, +0.4788, +0.4688, +0.4031, +0.4823, +0.5055, +0.4021, +0.4416, +0.5241, +0.4722, +0.4480, +0.4642, +0.4116, +0.5306, +0.4540, +0.3598, +0.4155, +0.5020, +0.4368, +0.4119, +0.3863, +0.3943, +0.4194, +0.4048, +0.4110, +0.4054, +0.4462, +0.5023, +0.4297, +0.4532, +0.4078, +0.4246, +0.4237, +0.4259, +0.3195, +0.4107, +0.5195, +0.4556, +0.4006, +0.4545, +0.4128, +0.4065, +0.3919, +0.4464, +0.4485, +0.5011, +0.5313, +0.4704, +0.4250, +0.4423, +0.4071, +0.4532, +0.5020, +0.4084, +0.3470, +0.3956, +0.4335, +0.3888, +0.4329, +0.4838, +0.4257, +0.4384, +0.5060, +0.4791, +0.4561, +0.4288, +0.3842, +0.4212, +0.4430, +0.3866, +0.4398, +0.3834, +0.4299, +0.4592, +0.4108, +0.4257, +0.4018, +0.3686, +0.4041, +0.3814, +0.4079, +0.4698, +0.4707, +0.4516, +0.5048, +0.4948, +0.4050, +0.4237, +0.5349, +0.4477, +0.4764, +0.4312, +0.4444, +0.4790, +0.3528, +0.4440, +0.4946, +0.4629, +0.4167, +0.3740, +0.4571, +0.4176, +0.4205]
[main] saved params (seed 0) -> /juice6/u/jshe/emergent_partner_grid/train/train_logs/v1_balanced_training/counterbalanced1096_20261007_001529_seeds6to10/mlp_diverse_influence_seed8.safetensors
[main] saved resolved config -> /juice6/u/jshe/emergent_partner_grid/train/train_logs/v1_balanced_training/counterbalanced1096_20261007_001529_seeds6to10/mlp_diverse_influence_seed8_config.json
[sampling audit] /juice6/u/jshe/emergent_partner_grid/train/train_logs/v1_balanced_training/counterbalanced1096_20261007_001529_seeds6to10/mlp_diverse_influence_seed8_sampling_audit.json
[eval] train: layouts_dir=/juice6/u/jshe/emergent_partner_grid/train/run_snapshots/counterbalanced1096_20261002_235609/corpus/layouts/train, 20 episodes/cap × 24 capability pairs...
[eval] train: round_success_overall=0.837  (n_rounds=9600)
    cap=(1,4)  succ=0.845  n_rounds=400
    cap=(1,7)  succ=0.835  n_rounds=400
    cap=(1,8)  succ=0.840  n_rounds=400
    cap=(1,9)  succ=0.845  n_rounds=400
    cap=(2,4)  succ=0.865  n_rounds=400
    cap=(2,7)  succ=0.865  n_rounds=400
    cap=(2,8)  succ=0.842  n_rounds=400
    cap=(2,9)  succ=0.820  n_rounds=400
    cap=(3,4)  succ=0.848  n_rounds=400
    cap=(3,7)  succ=0.830  n_rounds=400
    cap=(3,8)  succ=0.830  n_rounds=400
    cap=(3,9)  succ=0.858  n_rounds=400
    cap=(4,1)  succ=0.887  n_rounds=400
    cap=(4,2)  succ=0.873  n_rounds=400
    cap=(4,3)  succ=0.835  n_rounds=400
    cap=(7,1)  succ=0.858  n_rounds=400
    cap=(7,2)  succ=0.845  n_rounds=400
    cap=(7,3)  succ=0.827  n_rounds=400
    cap=(8,1)  succ=0.783  n_rounds=400
    cap=(8,2)  succ=0.827  n_rounds=400
    cap=(8,3)  succ=0.805  n_rounds=400
    cap=(9,1)  succ=0.793  n_rounds=400
    cap=(9,2)  succ=0.800  n_rounds=400
    cap=(9,3)  succ=0.832  n_rounds=400
[eval] test: layouts_dir=/juice6/u/jshe/emergent_partner_grid/train/run_snapshots/counterbalanced1096_20261002_235609/corpus/layouts/train, 20 episodes/cap × 22 capability pairs...
[eval] test: round_success_overall=0.835  (n_rounds=8800)
    cap=(0,5)  succ=0.820  n_rounds=400
    cap=(0,6)  succ=0.815  n_rounds=400
    cap=(1,5)  succ=0.842  n_rounds=400
    cap=(1,6)  succ=0.858  n_rounds=400
    cap=(2,5)  succ=0.873  n_rounds=400
    cap=(2,6)  succ=0.863  n_rounds=400
    cap=(3,5)  succ=0.822  n_rounds=400
    cap=(3,6)  succ=0.855  n_rounds=400
    cap=(7,0)  succ=0.832  n_rounds=400
    cap=(8,0)  succ=0.812  n_rounds=400
    cap=(9,0)  succ=0.790  n_rounds=400
    cap=(5,0)  succ=0.842  n_rounds=400
    cap=(5,1)  succ=0.853  n_rounds=400
    cap=(5,2)  succ=0.850  n_rounds=400
    cap=(5,3)  succ=0.840  n_rounds=400
    cap=(6,0)  succ=0.853  n_rounds=400
    cap=(6,1)  succ=0.840  n_rounds=400
    cap=(6,2)  succ=0.825  n_rounds=400
    cap=(6,3)  succ=0.855  n_rounds=400
    cap=(0,7)  succ=0.820  n_rounds=400
    cap=(0,8)  succ=0.825  n_rounds=400
    cap=(0,9)  succ=0.780  n_rounds=400
[eval] wrote per-capability / per-round numbers -> /juice6/u/jshe/emergent_partner_grid/train/train_logs/v1_balanced_training/counterbalanced1096_20261007_001529_seeds6to10/mlp_diverse_influence_seed8_eval.json
