[main] compiling and running 1 seed(s)...
[counterbalanced schedule] {'sampling_protocol': 'paired_counterbalanced_v1', 'seed': 2026, 'n_layouts': 1096, 'n_profiles': 1, 'rounds_per_episode': 20, 'passes_per_cycle': 5, 'episodes_per_profile_per_cycle': 274, 'rounds_per_cycle': 5480, 'visits_per_profile_layout_per_cycle': 5, 'packets': 3000300, 'preallocated_episodes': 3000300, 'preallocated_rounds': 60006000, 'maximum_allocated_episode_imbalance_at_any_prefix': 1}
[u    1] env=    65536 rsucc=0.426 n_rounds=  705 ret=+0.000 len= 0.0 ent(t0,t>=1)=(0.693,1.609) aL=-0.0000 vL=0.0354 t0=[red=0.52 blue=0.48]
[u    2] env=   131072 rsucc=0.397 n_rounds=  821 ret=+0.000 len= 0.0 ent(t0,t>=1)=(0.692,1.609) aL=-0.0002 vL=0.0276 t0=[red=0.53 blue=0.47]
[u    3] env=   196608 rsucc=0.418 n_rounds=  828 ret=+0.000 len= 0.0 ent(t0,t>=1)=(0.692,1.605) aL=-0.0006 vL=0.0246 t0=[red=0.55 blue=0.45]
[u    4] env=   262144 rsucc=0.412 n_rounds=  838 ret=+0.000 len= 0.0 ent(t0,t>=1)=(0.667,1.598) aL=-0.0003 vL=0.0232 t0=[red=0.45 blue=0.55]
[u    5] env=   327680 rsucc=0.443 n_rounds=  854 ret=+0.337 len=1245.7 ent(t0,t>=1)=(0.615,1.596) aL=-0.0007 vL=0.0249 t0=[red=0.37 blue=0.63]
[u    6] env=   393216 rsucc=0.459 n_rounds=  854 ret=-4.138 len=1437.3 ent(t0,t>=1)=(0.557,1.580) aL=-0.0011 vL=0.0308 t0=[red=0.29 blue=0.71]
[u    7] env=   458752 rsucc=0.416 n_rounds=  853 ret=-9.072 len=1645.1 ent(t0,t>=1)=(0.508,1.561) aL=-0.0016 vL=0.0289 t0=[red=0.23 blue=0.77]
[u    8] env=   524288 rsucc=0.485 n_rounds=  883 ret=-13.981 len=1835.8 ent(t0,t>=1)=(0.426,1.546) aL=-0.0015 vL=0.0267 t0=[red=0.20 blue=0.80]
[u    9] env=   589824 rsucc=0.431 n_rounds=  873 ret=+0.000 len= 0.0 ent(t0,t>=1)=(0.370,1.530) aL=-0.0021 vL=0.0228 t0=[red=0.14 blue=0.86]
[u   10] env=   655360 rsucc=0.514 n_rounds=  909 ret=+0.000 len= 0.0 ent(t0,t>=1)=(0.315,1.514) aL=-0.0032 vL=0.0296 t0=[red=0.11 blue=0.89]
[u   11] env=   720896 rsucc=0.605 n_rounds= 1008 ret=-1.023 len=1303.3 ent(t0,t>=1)=(0.256,1.493) aL=-0.0048 vL=0.0386 t0=[red=0.12 blue=0.88]
[u   12] env=   786432 rsucc=0.654 n_rounds= 1044 ret=-3.230 len=1401.5 ent(t0,t>=1)=(0.273,1.476) aL=-0.0037 vL=0.0446 t0=[red=0.09 blue=0.91]
[u   13] env=   851968 rsucc=0.671 n_rounds= 1106 ret=-5.304 len=1497.1 ent(t0,t>=1)=(0.221,1.461) aL=-0.0037 vL=0.0448 t0=[red=0.08 blue=0.92]
[u   14] env=   917504 rsucc=0.698 n_rounds= 1161 ret=-5.620 len=1572.0 ent(t0,t>=1)=(0.160,1.459) aL=-0.0048 vL=0.0464 t0=[red=0.05 blue=0.95]
[u   15] env=   983040 rsucc=0.730 n_rounds= 1215 ret=+5.681 len=983.2 ent(t0,t>=1)=(0.136,1.437) aL=-0.0042 vL=0.0502 t0=[red=0.04 blue=0.96]
[u   16] env=  1048576 rsucc=0.741 n_rounds= 1245 ret=+3.767 len=1089.9 ent(t0,t>=1)=(0.152,1.426) aL=-0.0032 vL=0.0530 t0=[red=0.04 blue=0.96]
[u   17] env=  1114112 rsucc=0.726 n_rounds= 1210 ret=+2.474 len=1159.7 ent(t0,t>=1)=(0.143,1.419) aL=-0.0031 vL=0.0508 t0=[red=0.06 blue=0.94]
[u   18] env=  1179648 rsucc=0.747 n_rounds= 1276 ret=+0.180 len=1239.6 ent(t0,t>=1)=(0.106,1.412) aL=-0.0032 vL=0.0531 t0=[red=0.03 blue=0.97]
[u   19] env=  1245184 rsucc=0.734 n_rounds= 1258 ret=+6.753 len=929.5 ent(t0,t>=1)=(0.079,1.414) aL=-0.0043 vL=0.0516 t0=[red=0.03 blue=0.97]
[u   20] env=  1310720 rsucc=0.724 n_rounds= 1256 ret=+5.430 len=993.3 ent(t0,t>=1)=(0.095,1.406) aL=-0.0039 vL=0.0511 t0=[red=0.03 blue=0.97]
[u   21] env=  1376256 rsucc=0.739 n_rounds= 1297 ret=+4.267 len=1050.9 ent(t0,t>=1)=(0.092,1.403) aL=-0.0058 vL=0.0515 t0=[red=0.04 blue=0.96]
[u   22] env=  1441792 rsucc=0.765 n_rounds= 1363 ret=+2.554 len=1142.2 ent(t0,t>=1)=(0.062,1.387) aL=-0.0057 vL=0.0559 t0=[red=0.02 blue=0.98]
[u   23] env=  1507328 rsucc=0.794 n_rounds= 1406 ret=+5.931 len=960.1 ent(t0,t>=1)=(0.062,1.382) aL=-0.0078 vL=0.0613 t0=[red=0.03 blue=0.97]
[u   24] env=  1572864 rsucc=0.799 n_rounds= 1489 ret=+6.852 len=919.0 ent(t0,t>=1)=(0.084,1.358) aL=-0.0085 vL=0.0580 t0=[red=0.04 blue=0.96]
[u   25] env=  1638400 rsucc=0.838 n_rounds= 1690 ret=+6.038 len=938.7 ent(t0,t>=1)=(0.059,1.329) aL=-0.0097 vL=0.0672 t0=[red=0.03 blue=0.97]
[u   26] env=  1703936 rsucc=0.863 n_rounds= 1807 ret=+8.857 len=804.9 ent(t0,t>=1)=(0.060,1.318) aL=-0.0083 vL=0.0727 t0=[red=0.02 blue=0.98]
[u   27] env=  1769472 rsucc=0.868 n_rounds= 1895 ret=+9.914 len=742.6 ent(t0,t>=1)=(0.062,1.280) aL=-0.0096 vL=0.0735 t0=[red=0.04 blue=0.96]
[u   28] env=  1835008 rsucc=0.887 n_rounds= 2097 ret=+9.956 len=727.0 ent(t0,t>=1)=(0.043,1.236) aL=-0.0080 vL=0.0847 t0=[red=0.02 blue=0.98]
[u   29] env=  1900544 rsucc=0.905 n_rounds= 2199 ret=+11.836 len=625.1 ent(t0,t>=1)=(0.041,1.218) aL=-0.0074 vL=0.0854 t0=[red=0.02 blue=0.98]
[u   30] env=  1966080 rsucc=0.918 n_rounds= 2375 ret=+11.765 len=621.2 ent(t0,t>=1)=(0.026,1.212) aL=-0.0080 vL=0.0950 t0=[red=0.01 blue=0.99]
[u   31] env=  2031616 rsucc=0.927 n_rounds= 2484 ret=+13.257 len=541.6 ent(t0,t>=1)=(0.021,1.196) aL=-0.0081 vL=0.0954 t0=[red=0.01 blue=0.99]
[u   32] env=  2097152 rsucc=0.932 n_rounds= 2599 ret=+13.237 len=536.5 ent(t0,t>=1)=(0.014,1.172) aL=-0.0080 vL=0.0981 t0=[red=0.01 blue=0.99]
[u   33] env=  2162688 rsucc=0.949 n_rounds= 2747 ret=+13.770 len=513.0 ent(t0,t>=1)=(0.010,1.153) aL=-0.0076 vL=0.1037 t0=[red=0.01 blue=0.99]
[u   34] env=  2228224 rsucc=0.947 n_rounds= 2725 ret=+14.093 len=490.5 ent(t0,t>=1)=(0.007,1.161) aL=-0.0063 vL=0.1030 t0=[red=0.00 blue=1.00]
[u   35] env=  2293760 rsucc=0.959 n_rounds= 2927 ret=+14.620 len=466.9 ent(t0,t>=1)=(0.004,1.120) aL=-0.0049 vL=0.1078 t0=[red=0.00 blue=1.00]
[u   36] env=  2359296 rsucc=0.950 n_rounds= 2895 ret=+14.760 len=451.8 ent(t0,t>=1)=(0.003,1.133) aL=-0.0065 vL=0.1176 t0=[red=0.00 blue=1.00]
[u   37] env=  2424832 rsucc=0.962 n_rounds= 3124 ret=+14.881 len=444.6 ent(t0,t>=1)=(0.001,1.103) aL=-0.0060 vL=0.1268 t0=[red=0.00 blue=1.00]
[u   38] env=  2490368 rsucc=0.968 n_rounds= 3103 ret=+15.159 len=425.1 ent(t0,t>=1)=(0.001,1.089) aL=-0.0079 vL=0.1216 t0=[red=0.00 blue=1.00]
[u   39] env=  2555904 rsucc=0.963 n_rounds= 3158 ret=+15.209 len=421.3 ent(t0,t>=1)=(0.001,1.059) aL=-0.0057 vL=0.1348 t0=[red=0.00 blue=1.00]
[u   40] env=  2621440 rsucc=0.967 n_rounds= 3297 ret=+15.537 len=406.2 ent(t0,t>=1)=(0.001,1.026) aL=-0.0054 vL=0.1431 t0=[red=0.00 blue=1.00]
[u   41] env=  2686976 rsucc=0.975 n_rounds= 3366 ret=+15.484 len=403.0 ent(t0,t>=1)=(0.001,1.037) aL=-0.0042 vL=0.1389 t0=[red=0.00 blue=1.00]
[u   42] env=  2752512 rsucc=0.973 n_rounds= 3331 ret=+15.759 len=393.3 ent(t0,t>=1)=(0.001,1.026) aL=-0.0050 vL=0.1401 t0=[red=0.00 blue=1.00]
[u   43] env=  2818048 rsucc=0.974 n_rounds= 3314 ret=+15.715 len=392.9 ent(t0,t>=1)=(0.001,1.027) aL=-0.0057 vL=0.1437 t0=[red=0.00 blue=1.00]
[u   44] env=  2883584 rsucc=0.966 n_rounds= 3233 ret=+15.762 len=390.5 ent(t0,t>=1)=(0.001,1.030) aL=-0.0055 vL=0.1413 t0=[red=0.00 blue=1.00]
[u   45] env=  2949120 rsucc=0.969 n_rounds= 3189 ret=+15.593 len=402.4 ent(t0,t>=1)=(0.001,1.026) aL=-0.0053 vL=0.1357 t0=[red=0.00 blue=1.00]
[u   46] env=  3014656 rsucc=0.973 n_rounds= 3355 ret=+15.401 len=410.4 ent(t0,t>=1)=(0.000,1.010) aL=-0.0055 vL=0.1288 t0=[red=0.00 blue=1.00]
[u   47] env=  3080192 rsucc=0.976 n_rounds= 3360 ret=+15.679 len=398.8 ent(t0,t>=1)=(0.000,1.010) aL=-0.0059 vL=0.1286 t0=[red=0.00 blue=1.00]
[u   48] env=  3145728 rsucc=0.973 n_rounds= 3422 ret=+15.838 len=386.0 ent(t0,t>=1)=(0.000,1.028) aL=-0.0064 vL=0.1244 t0=[red=0.00 blue=1.00]
[u   49] env=  3211264 rsucc=0.980 n_rounds= 3500 ret=+15.979 len=377.3 ent(t0,t>=1)=(0.000,1.004) aL=-0.0070 vL=0.1171 t0=[red=0.00 blue=1.00]
[u   50] env=  3276800 rsucc=0.978 n_rounds= 3435 ret=+15.881 len=381.4 ent(t0,t>=1)=(0.000,1.030) aL=-0.0083 vL=0.1202 t0=[red=0.00 blue=1.00]
[u   51] env=  3342336 rsucc=0.976 n_rounds= 3471 ret=+15.857 len=385.7 ent(t0,t>=1)=(0.000,1.017) aL=-0.0068 vL=0.1168 t0=[red=0.00 blue=1.00]
[u   52] env=  3407872 rsucc=0.979 n_rounds= 3590 ret=+16.220 len=363.0 ent(t0,t>=1)=(0.000,0.985) aL=-0.0070 vL=0.1199 t0=[red=0.00 blue=1.00]
[u   53] env=  3473408 rsucc=0.981 n_rounds= 3642 ret=+16.060 len=368.9 ent(t0,t>=1)=(0.000,0.987) aL=-0.0087 vL=0.1085 t0=[red=0.00 blue=1.00]
[u   54] env=  3538944 rsucc=0.984 n_rounds= 3712 ret=+16.202 len=360.4 ent(t0,t>=1)=(0.000,0.967) aL=-0.0074 vL=0.1247 t0=[red=0.00 blue=1.00]
[u   55] env=  3604480 rsucc=0.984 n_rounds= 3727 ret=+16.432 len=349.9 ent(t0,t>=1)=(0.000,0.997) aL=-0.0069 vL=0.1031 t0=[red=0.00 blue=1.00]
[u   56] env=  3670016 rsucc=0.987 n_rounds= 3800 ret=+16.437 len=346.4 ent(t0,t>=1)=(0.000,0.968) aL=-0.0054 vL=0.0908 t0=[red=0.00 blue=1.00]
[u   57] env=  3735552 rsucc=0.982 n_rounds= 3759 ret=+16.311 len=353.6 ent(t0,t>=1)=(0.000,0.969) aL=-0.0075 vL=0.0915 t0=[red=0.00 blue=1.00]
[u   58] env=  3801088 rsucc=0.983 n_rounds= 3698 ret=+16.421 len=347.5 ent(t0,t>=1)=(0.000,0.958) aL=-0.0060 vL=0.1006 t0=[red=0.00 blue=1.00]
[u   59] env=  3866624 rsucc=0.985 n_rounds= 3859 ret=+16.417 len=347.2 ent(t0,t>=1)=(0.000,0.961) aL=-0.0055 vL=0.0868 t0=[red=0.00 blue=1.00]
[u   60] env=  3932160 rsucc=0.988 n_rounds= 3877 ret=+16.463 len=343.3 ent(t0,t>=1)=(0.000,0.948) aL=-0.0074 vL=0.1181 t0=[red=0.00 blue=1.00]
[u   61] env=  3997696 rsucc=0.989 n_rounds= 3957 ret=+16.648 len=334.0 ent(t0,t>=1)=(0.000,0.949) aL=-0.0054 vL=0.0942 t0=[red=0.00 blue=1.00]
[u   62] env=  4063232 rsucc=0.989 n_rounds= 3932 ret=+16.589 len=336.1 ent(t0,t>=1)=(0.000,0.945) aL=-0.0068 vL=0.0836 t0=[red=0.00 blue=1.00]
[u   63] env=  4128768 rsucc=0.990 n_rounds= 3964 ret=+16.734 len=327.8 ent(t0,t>=1)=(0.000,0.923) aL=-0.0070 vL=0.0918 t0=[red=0.00 blue=1.00]
[u   64] env=  4194304 rsucc=0.988 n_rounds= 3933 ret=+16.642 len=332.6 ent(t0,t>=1)=(0.000,0.934) aL=-0.0060 vL=0.0768 t0=[red=0.00 blue=1.00]
[u   65] env=  4259840 rsucc=0.991 n_rounds= 4060 ret=+16.664 len=331.3 ent(t0,t>=1)=(0.000,0.919) aL=-0.0062 vL=0.0815 t0=[red=0.00 blue=1.00]
[u   66] env=  4325376 rsucc=0.990 n_rounds= 4012 ret=+16.781 len=323.0 ent(t0,t>=1)=(0.000,0.916) aL=-0.0043 vL=0.1261 t0=[red=0.00 blue=1.00]
[u   67] env=  4390912 rsucc=0.991 n_rounds= 4064 ret=+16.758 len=324.2 ent(t0,t>=1)=(0.000,0.909) aL=-0.0069 vL=0.1189 t0=[red=0.00 blue=1.00]
[u   68] env=  4456448 rsucc=0.991 n_rounds= 4089 ret=+16.794 len=323.0 ent(t0,t>=1)=(0.000,0.892) aL=-0.0053 vL=0.0920 t0=[red=0.00 blue=1.00]
[u   69] env=  4521984 rsucc=0.991 n_rounds= 4114 ret=+16.852 len=319.1 ent(t0,t>=1)=(0.000,0.889) aL=-0.0057 vL=0.0687 t0=[red=0.00 blue=1.00]
[u   70] env=  4587520 rsucc=0.991 n_rounds= 4040 ret=+16.815 len=320.2 ent(t0,t>=1)=(0.000,0.886) aL=-0.0054 vL=0.0697 t0=[red=0.00 blue=1.00]
[u   71] env=  4653056 rsucc=0.990 n_rounds= 4031 ret=+16.777 len=323.8 ent(t0,t>=1)=(0.000,0.901) aL=-0.0061 vL=0.0685 t0=[red=0.00 blue=1.00]
[u   72] env=  4718592 rsucc=0.992 n_rounds= 4176 ret=+16.779 len=322.5 ent(t0,t>=1)=(0.000,0.873) aL=-0.0062 vL=0.1044 t0=[red=0.00 blue=1.00]
[u   73] env=  4784128 rsucc=0.994 n_rounds= 4154 ret=+16.887 len=315.8 ent(t0,t>=1)=(0.000,0.885) aL=-0.0062 vL=0.0647 t0=[red=0.00 blue=1.00]
[u   74] env=  4849664 rsucc=0.992 n_rounds= 4094 ret=+16.905 len=315.9 ent(t0,t>=1)=(0.000,0.897) aL=-0.0049 vL=0.0991 t0=[red=0.00 blue=1.00]
[u   75] env=  4915200 rsucc=0.992 n_rounds= 4134 ret=+16.863 len=318.6 ent(t0,t>=1)=(0.000,0.885) aL=-0.0067 vL=0.0688 t0=[red=0.00 blue=1.00]
[u   76] env=  4980736 rsucc=0.991 n_rounds= 4138 ret=+16.810 len=319.4 ent(t0,t>=1)=(0.000,0.875) aL=-0.0038 vL=0.0928 t0=[red=0.00 blue=1.00]
[u   77] env=  5046272 rsucc=0.993 n_rounds= 4213 ret=+16.889 len=314.4 ent(t0,t>=1)=(0.000,0.883) aL=-0.0070 vL=0.0755 t0=[red=0.00 blue=1.00]
[u   78] env=  5111808 rsucc=0.992 n_rounds= 4207 ret=+16.987 len=310.0 ent(t0,t>=1)=(0.000,0.882) aL=-0.0049 vL=0.0664 t0=[red=0.00 blue=1.00]
[u   79] env=  5177344 rsucc=0.994 n_rounds= 4263 ret=+16.937 len=311.2 ent(t0,t>=1)=(0.000,0.872) aL=-0.0066 vL=0.0951 t0=[red=0.00 blue=1.00]
[u   80] env=  5242880 rsucc=0.993 n_rounds= 4148 ret=+16.987 len=308.1 ent(t0,t>=1)=(0.000,0.856) aL=-0.0060 vL=0.0792 t0=[red=0.00 blue=1.00]
[u   81] env=  5308416 rsucc=0.994 n_rounds= 4216 ret=+16.908 len=314.3 ent(t0,t>=1)=(0.000,0.840) aL=-0.0073 vL=0.0707 t0=[red=0.00 blue=1.00]
[u   82] env=  5373952 rsucc=0.994 n_rounds= 4289 ret=+17.029 len=307.2 ent(t0,t>=1)=(0.000,0.837) aL=-0.0057 vL=0.0754 t0=[red=0.00 blue=1.00]
[u   83] env=  5439488 rsucc=0.994 n_rounds= 4246 ret=+17.004 len=306.9 ent(t0,t>=1)=(0.000,0.848) aL=-0.0063 vL=0.0707 t0=[red=0.00 blue=1.00]
[u   84] env=  5505024 rsucc=0.993 n_rounds= 4202 ret=+16.933 len=311.5 ent(t0,t>=1)=(0.000,0.856) aL=-0.0088 vL=0.0720 t0=[red=0.00 blue=1.00]
[u   85] env=  5570560 rsucc=0.993 n_rounds= 4262 ret=+16.957 len=309.7 ent(t0,t>=1)=(0.000,0.831) aL=-0.0055 vL=0.0869 t0=[red=0.00 blue=1.00]
[u   86] env=  5636096 rsucc=0.991 n_rounds= 4200 ret=+16.946 len=310.0 ent(t0,t>=1)=(0.000,0.841) aL=-0.0069 vL=0.0882 t0=[red=0.00 blue=1.00]
[u   87] env=  5701632 rsucc=0.994 n_rounds= 4291 ret=+16.982 len=308.1 ent(t0,t>=1)=(0.000,0.837) aL=-0.0069 vL=0.0730 t0=[red=0.00 blue=1.00]
[u   88] env=  5767168 rsucc=0.995 n_rounds= 4266 ret=+17.010 len=307.2 ent(t0,t>=1)=(0.000,0.829) aL=-0.0059 vL=0.1102 t0=[red=0.00 blue=1.00]
[u   89] env=  5832704 rsucc=0.994 n_rounds= 4234 ret=+17.018 len=307.9 ent(t0,t>=1)=(0.000,0.849) aL=-0.0065 vL=0.0667 t0=[red=0.00 blue=1.00]
[u   90] env=  5898240 rsucc=0.994 n_rounds= 4267 ret=+16.928 len=311.9 ent(t0,t>=1)=(0.000,0.855) aL=-0.0087 vL=0.0633 t0=[red=0.00 blue=1.00]
[u   91] env=  5963776 rsucc=0.994 n_rounds= 4264 ret=+17.003 len=308.6 ent(t0,t>=1)=(0.000,0.854) aL=-0.0070 vL=0.1144 t0=[red=0.00 blue=1.00]
[u   92] env=  6029312 rsucc=0.994 n_rounds= 4258 ret=+17.027 len=306.7 ent(t0,t>=1)=(0.000,0.856) aL=-0.0069 vL=0.0982 t0=[red=0.00 blue=1.00]
[u   93] env=  6094848 rsucc=0.994 n_rounds= 4320 ret=+17.055 len=303.7 ent(t0,t>=1)=(0.000,0.851) aL=-0.0070 vL=0.1053 t0=[red=0.00 blue=1.00]
[u   94] env=  6160384 rsucc=0.994 n_rounds= 4250 ret=+16.988 len=307.5 ent(t0,t>=1)=(0.000,0.873) aL=-0.0054 vL=0.1026 t0=[red=0.00 blue=1.00]
[u   95] env=  6225920 rsucc=0.994 n_rounds= 4313 ret=+17.023 len=305.7 ent(t0,t>=1)=(0.000,0.851) aL=-0.0060 vL=0.0931 t0=[red=0.00 blue=1.00]
[u   96] env=  6291456 rsucc=0.994 n_rounds= 4293 ret=+17.015 len=306.5 ent(t0,t>=1)=(0.000,0.864) aL=-0.0046 vL=0.1564 t0=[red=0.00 blue=1.00]
[u   97] env=  6356992 rsucc=0.997 n_rounds= 4372 ret=+17.105 len=301.4 ent(t0,t>=1)=(0.000,0.845) aL=-0.0061 vL=0.1146 t0=[red=0.00 blue=1.00]
[u   98] env=  6422528 rsucc=0.994 n_rounds= 4300 ret=+17.079 len=301.9 ent(t0,t>=1)=(0.000,0.847) aL=-0.0049 vL=0.0887 t0=[red=0.00 blue=1.00]
[u   99] env=  6488064 rsucc=0.994 n_rounds= 4370 ret=+17.066 len=302.2 ent(t0,t>=1)=(0.000,0.837) aL=-0.0075 vL=0.0676 t0=[red=0.00 blue=1.00]
[u  100] env=  6553600 rsucc=0.996 n_rounds= 4370 ret=+17.067 len=302.2 ent(t0,t>=1)=(0.000,0.821) aL=-0.0074 vL=0.0622 t0=[red=0.00 blue=1.00]
[u  101] env=  6619136 rsucc=0.995 n_rounds= 4308 ret=+17.150 len=299.3 ent(t0,t>=1)=(0.000,0.829) aL=-0.0047 vL=0.1616 t0=[red=0.00 blue=1.00]
[u  102] env=  6684672 rsucc=0.995 n_rounds= 4341 ret=+17.024 len=305.6 ent(t0,t>=1)=(0.000,0.806) aL=-0.0069 vL=0.0983 t0=[red=0.00 blue=1.00]
[u  103] env=  6750208 rsucc=0.995 n_rounds= 4358 ret=+17.065 len=301.6 ent(t0,t>=1)=(0.000,0.804) aL=-0.0046 vL=0.1561 t0=[red=0.00 blue=1.00]
[u  104] env=  6815744 rsucc=0.995 n_rounds= 4374 ret=+17.106 len=299.7 ent(t0,t>=1)=(0.000,0.794) aL=-0.0072 vL=0.0776 t0=[red=0.00 blue=1.00]
[u  105] env=  6881280 rsucc=0.995 n_rounds= 4367 ret=+17.129 len=298.7 ent(t0,t>=1)=(0.000,0.802) aL=-0.0059 vL=0.1009 t0=[red=0.00 blue=1.00]
[u  106] env=  6946816 rsucc=0.992 n_rounds= 4386 ret=+17.116 len=297.7 ent(t0,t>=1)=(0.000,0.776) aL=-0.0069 vL=0.0857 t0=[red=0.00 blue=1.00]
[u  107] env=  7012352 rsucc=0.994 n_rounds= 4375 ret=+17.022 len=302.2 ent(t0,t>=1)=(0.000,0.756) aL=-0.0068 vL=0.1244 t0=[red=0.00 blue=1.00]
[u  108] env=  7077888 rsucc=0.998 n_rounds= 4452 ret=+17.166 len=295.3 ent(t0,t>=1)=(0.000,0.717) aL=-0.0091 vL=0.1325 t0=[red=0.00 blue=1.00]
[u  109] env=  7143424 rsucc=0.995 n_rounds= 4407 ret=+17.173 len=295.4 ent(t0,t>=1)=(0.000,0.688) aL=-0.0059 vL=0.1303 t0=[red=0.00 blue=1.00]
[u  110] env=  7208960 rsucc=0.993 n_rounds= 4358 ret=+17.057 len=301.7 ent(t0,t>=1)=(0.000,0.715) aL=-0.0064 vL=0.0931 t0=[red=0.00 blue=1.00]
[u  111] env=  7274496 rsucc=0.995 n_rounds= 4339 ret=+17.066 len=301.1 ent(t0,t>=1)=(0.000,0.701) aL=-0.0072 vL=0.0853 t0=[red=0.00 blue=1.00]
[u  112] env=  7340032 rsucc=0.994 n_rounds= 4350 ret=+17.033 len=303.6 ent(t0,t>=1)=(0.000,0.676) aL=-0.0077 vL=0.0963 t0=[red=0.00 blue=1.00]
[u  113] env=  7405568 rsucc=0.996 n_rounds= 4450 ret=+17.142 len=296.4 ent(t0,t>=1)=(0.000,0.610) aL=-0.0077 vL=0.1307 t0=[red=0.00 blue=1.00]
[u  114] env=  7471104 rsucc=0.997 n_rounds= 4426 ret=+17.186 len=295.0 ent(t0,t>=1)=(0.000,0.592) aL=-0.0072 vL=0.1434 t0=[red=0.00 blue=1.00]
[u  115] env=  7536640 rsucc=0.994 n_rounds= 4313 ret=+17.084 len=301.0 ent(t0,t>=1)=(0.000,0.611) aL=-0.0068 vL=0.1103 t0=[red=0.00 blue=1.00]
[u  116] env=  7602176 rsucc=0.995 n_rounds= 4441 ret=+17.115 len=298.5 ent(t0,t>=1)=(0.000,0.568) aL=-0.0064 vL=0.1523 t0=[red=0.00 blue=1.00]
[u  117] env=  7667712 rsucc=0.995 n_rounds= 4440 ret=+17.166 len=294.6 ent(t0,t>=1)=(0.000,0.541) aL=-0.0073 vL=0.1689 t0=[red=0.00 blue=1.00]
[u  118] env=  7733248 rsucc=0.995 n_rounds= 4382 ret=+17.155 len=295.7 ent(t0,t>=1)=(0.000,0.547) aL=-0.0084 vL=0.1648 t0=[red=0.00 blue=1.00]
[u  119] env=  7798784 rsucc=0.994 n_rounds= 4308 ret=+17.086 len=300.7 ent(t0,t>=1)=(0.000,0.542) aL=-0.0071 vL=0.1517 t0=[red=0.00 blue=1.00]
[u  120] env=  7864320 rsucc=0.994 n_rounds= 4331 ret=+16.980 len=307.5 ent(t0,t>=1)=(0.000,0.513) aL=-0.0038 vL=0.1420 t0=[red=0.00 blue=1.00]
[u  121] env=  7929856 rsucc=0.993 n_rounds= 4385 ret=+17.075 len=300.6 ent(t0,t>=1)=(0.000,0.494) aL=-0.0081 vL=0.1797 t0=[red=0.00 blue=1.00]
[u  122] env=  7995392 rsucc=0.994 n_rounds= 4304 ret=+17.029 len=303.0 ent(t0,t>=1)=(0.000,0.514) aL=-0.0075 vL=0.1348 t0=[red=0.00 blue=1.00]
[u  123] env=  8060928 rsucc=0.994 n_rounds= 4347 ret=+17.102 len=299.6 ent(t0,t>=1)=(0.000,0.473) aL=-0.0076 vL=0.1565 t0=[red=0.00 blue=1.00]
[u  124] env=  8126464 rsucc=0.995 n_rounds= 4290 ret=+17.061 len=303.3 ent(t0,t>=1)=(0.000,0.507) aL=-0.0078 vL=0.1378 t0=[red=0.00 blue=1.00]
[u  125] env=  8192000 rsucc=0.992 n_rounds= 4310 ret=+16.959 len=308.6 ent(t0,t>=1)=(0.001,0.483) aL=-0.0058 vL=0.1496 t0=[red=0.00 blue=1.00]
[u  126] env=  8257536 rsucc=0.992 n_rounds= 4185 ret=+16.965 len=308.7 ent(t0,t>=1)=(0.001,0.501) aL=-0.0039 vL=0.1188 t0=[red=0.00 blue=1.00]
[u  127] env=  8323072 rsucc=0.993 n_rounds= 4175 ret=+16.869 len=315.0 ent(t0,t>=1)=(0.001,0.513) aL=-0.0055 vL=0.1377 t0=[red=0.00 blue=1.00]
[u  128] env=  8388608 rsucc=0.989 n_rounds= 4034 ret=+16.827 len=321.0 ent(t0,t>=1)=(0.004,0.556) aL=-0.0059 vL=0.1004 t0=[red=0.00 blue=1.00]
[u  129] env=  8454144 rsucc=0.991 n_rounds= 4188 ret=+16.814 len=317.1 ent(t0,t>=1)=(0.032,0.468) aL=-0.0081 vL=0.1271 t0=[red=0.00 blue=1.00]
[u  130] env=  8519680 rsucc=0.962 n_rounds= 3387 ret=+16.112 len=355.5 ent(t0,t>=1)=(0.081,0.663) aL=-0.0048 vL=0.1429 t0=[red=0.05 blue=0.95]
[u  131] env=  8585216 rsucc=0.967 n_rounds= 3598 ret=+15.615 len=377.7 ent(t0,t>=1)=(0.041,0.607) aL=-0.0049 vL=0.1218 t0=[red=0.03 blue=0.97]
[u  132] env=  8650752 rsucc=0.980 n_rounds= 3908 ret=+16.156 len=352.7 ent(t0,t>=1)=(0.021,0.577) aL=-0.0034 vL=0.1520 t0=[red=0.01 blue=0.99]
[u  133] env=  8716288 rsucc=0.990 n_rounds= 4156 ret=+16.897 len=313.0 ent(t0,t>=1)=(0.012,0.494) aL=-0.0081 vL=0.1382 t0=[red=0.00 blue=1.00]
[u  134] env=  8781824 rsucc=0.990 n_rounds= 4085 ret=+16.814 len=318.3 ent(t0,t>=1)=(0.012,0.506) aL=-0.0084 vL=0.1387 t0=[red=0.00 blue=1.00]
[u  135] env=  8847360 rsucc=0.987 n_rounds= 4076 ret=+16.713 len=324.2 ent(t0,t>=1)=(0.008,0.484) aL=-0.0067 vL=0.1652 t0=[red=0.00 blue=1.00]
[u  136] env=  8912896 rsucc=0.990 n_rounds= 4073 ret=+16.796 len=319.9 ent(t0,t>=1)=(0.011,0.498) aL=-0.0070 vL=0.1639 t0=[red=0.00 blue=1.00]
[u  137] env=  8978432 rsucc=0.992 n_rounds= 4181 ret=+16.913 len=314.0 ent(t0,t>=1)=(0.007,0.408) aL=-0.0071 vL=0.1739 t0=[red=0.00 blue=1.00]
[u  138] env=  9043968 rsucc=0.991 n_rounds= 4287 ret=+16.892 len=311.1 ent(t0,t>=1)=(0.006,0.362) aL=-0.0069 vL=0.2125 t0=[red=0.00 blue=1.00]
[u  139] env=  9109504 rsucc=0.994 n_rounds= 4133 ret=+16.961 len=311.5 ent(t0,t>=1)=(0.005,0.440) aL=-0.0086 vL=0.2161 t0=[red=0.00 blue=1.00]
[u  140] env=  9175040 rsucc=0.993 n_rounds= 4067 ret=+16.895 len=317.6 ent(t0,t>=1)=(0.004,0.408) aL=-0.0074 vL=0.2572 t0=[red=0.00 blue=1.00]
[u  141] env=  9240576 rsucc=0.991 n_rounds= 4027 ret=+16.878 len=318.8 ent(t0,t>=1)=(0.004,0.460) aL=-0.0077 vL=0.2373 t0=[red=0.00 blue=1.00]
[u  142] env=  9306112 rsucc=0.987 n_rounds= 3961 ret=+16.617 len=333.1 ent(t0,t>=1)=(0.006,0.488) aL=-0.0088 vL=0.2107 t0=[red=0.00 blue=1.00]
[u  143] env=  9371648 rsucc=0.989 n_rounds= 3892 ret=+16.635 len=334.7 ent(t0,t>=1)=(0.011,0.507) aL=-0.0090 vL=0.2053 t0=[red=0.00 blue=1.00]
[u  144] env=  9437184 rsucc=0.987 n_rounds= 3952 ret=+16.498 len=339.0 ent(t0,t>=1)=(0.014,0.458) aL=-0.0088 vL=0.2250 t0=[red=0.00 blue=1.00]
[u  145] env=  9502720 rsucc=0.989 n_rounds= 3989 ret=+16.748 len=326.0 ent(t0,t>=1)=(0.010,0.454) aL=-0.0076 vL=0.2254 t0=[red=0.00 blue=1.00]
[u  146] env=  9568256 rsucc=0.990 n_rounds= 3945 ret=+16.689 len=329.7 ent(t0,t>=1)=(0.016,0.473) aL=-0.0078 vL=0.2190 t0=[red=0.00 blue=1.00]
[u  147] env=  9633792 rsucc=0.985 n_rounds= 3809 ret=+16.605 len=336.1 ent(t0,t>=1)=(0.014,0.510) aL=-0.0077 vL=0.2198 t0=[red=0.01 blue=0.99]
[u  148] env=  9699328 rsucc=0.984 n_rounds= 3723 ret=+16.326 len=351.6 ent(t0,t>=1)=(0.014,0.553) aL=-0.0082 vL=0.1823 t0=[red=0.01 blue=0.99]
[u  149] env=  9764864 rsucc=0.985 n_rounds= 3695 ret=+16.246 len=359.8 ent(t0,t>=1)=(0.016,0.578) aL=-0.0090 vL=0.1643 t0=[red=0.00 blue=1.00]
[u  150] env=  9830400 rsucc=0.979 n_rounds= 3601 ret=+16.227 len=359.0 ent(t0,t>=1)=(0.019,0.602) aL=-0.0077 vL=0.1420 t0=[red=0.01 blue=0.99]
[u  151] env=  9895936 rsucc=0.985 n_rounds= 3744 ret=+16.289 len=356.9 ent(t0,t>=1)=(0.026,0.573) aL=-0.0079 vL=0.1483 t0=[red=0.00 blue=1.00]
[u  152] env=  9961472 rsucc=0.982 n_rounds= 3664 ret=+16.353 len=352.1 ent(t0,t>=1)=(0.031,0.583) aL=-0.0077 vL=0.1178 t0=[red=0.01 blue=0.99]
[u  153] env= 10027008 rsucc=0.978 n_rounds= 3555 ret=+16.216 len=360.3 ent(t0,t>=1)=(0.031,0.655) aL=-0.0075 vL=0.1005 t0=[red=0.02 blue=0.98]
[u  154] env= 10092544 rsucc=0.974 n_rounds= 3525 ret=+15.926 len=374.1 ent(t0,t>=1)=(0.021,0.699) aL=-0.0077 vL=0.0928 t0=[red=0.01 blue=0.99]
[u  155] env= 10158080 rsucc=0.977 n_rounds= 3498 ret=+15.961 len=374.8 ent(t0,t>=1)=(0.015,0.756) aL=-0.0082 vL=0.0837 t0=[red=0.01 blue=0.99]
[u  156] env= 10223616 rsucc=0.982 n_rounds= 3629 ret=+16.192 len=363.1 ent(t0,t>=1)=(0.012,0.746) aL=-0.0075 vL=0.0798 t0=[red=0.00 blue=1.00]
[u  157] env= 10289152 rsucc=0.987 n_rounds= 3886 ret=+16.404 len=348.8 ent(t0,t>=1)=(0.010,0.692) aL=-0.0063 vL=0.0772 t0=[red=0.00 blue=1.00]
[u  158] env= 10354688 rsucc=0.985 n_rounds= 3924 ret=+16.556 len=335.8 ent(t0,t>=1)=(0.008,0.729) aL=-0.0074 vL=0.0842 t0=[red=0.00 blue=1.00]
[u  159] env= 10420224 rsucc=0.988 n_rounds= 3924 ret=+16.685 len=329.6 ent(t0,t>=1)=(0.004,0.809) aL=-0.0086 vL=0.0797 t0=[red=0.00 blue=1.00]
[u  160] env= 10485760 rsucc=0.988 n_rounds= 4000 ret=+16.653 len=328.8 ent(t0,t>=1)=(0.002,0.843) aL=-0.0098 vL=0.0665 t0=[red=0.00 blue=1.00]
[u  161] env= 10551296 rsucc=0.990 n_rounds= 4091 ret=+16.808 len=321.4 ent(t0,t>=1)=(0.002,0.860) aL=-0.0099 vL=0.0664 t0=[red=0.00 blue=1.00]
[u  162] env= 10616832 rsucc=0.993 n_rounds= 4122 ret=+16.867 len=316.9 ent(t0,t>=1)=(0.002,0.862) aL=-0.0080 vL=0.0631 t0=[red=0.00 blue=1.00]
[u  163] env= 10682368 rsucc=0.992 n_rounds= 4246 ret=+16.893 len=315.0 ent(t0,t>=1)=(0.001,0.882) aL=-0.0090 vL=0.0679 t0=[red=0.00 blue=1.00]
[u  164] env= 10747904 rsucc=0.994 n_rounds= 4261 ret=+16.981 len=308.1 ent(t0,t>=1)=(0.001,0.888) aL=-0.0084 vL=0.0789 t0=[red=0.00 blue=1.00]
[u  165] env= 10813440 rsucc=0.993 n_rounds= 4205 ret=+16.987 len=309.2 ent(t0,t>=1)=(0.001,0.894) aL=-0.0099 vL=0.0656 t0=[red=0.00 blue=1.00]
[u  166] env= 10878976 rsucc=0.994 n_rounds= 4260 ret=+16.946 len=311.0 ent(t0,t>=1)=(0.001,0.898) aL=-0.0099 vL=0.0658 t0=[red=0.00 blue=1.00]
[u  167] env= 10944512 rsucc=0.994 n_rounds= 4255 ret=+17.017 len=307.4 ent(t0,t>=1)=(0.001,0.899) aL=-0.0103 vL=0.0659 t0=[red=0.00 blue=1.00]
[u  168] env= 11010048 rsucc=0.995 n_rounds= 4326 ret=+17.045 len=305.0 ent(t0,t>=1)=(0.000,0.883) aL=-0.0088 vL=0.0753 t0=[red=0.00 blue=1.00]
[u  169] env= 11075584 rsucc=0.994 n_rounds= 4272 ret=+16.978 len=308.5 ent(t0,t>=1)=(0.001,0.887) aL=-0.0107 vL=0.0667 t0=[red=0.00 blue=1.00]
[u  170] env= 11141120 rsucc=0.995 n_rounds= 4262 ret=+17.033 len=306.4 ent(t0,t>=1)=(0.000,0.894) aL=-0.0074 vL=0.0875 t0=[red=0.00 blue=1.00]
[u  171] env= 11206656 rsucc=0.995 n_rounds= 4270 ret=+17.034 len=306.7 ent(t0,t>=1)=(0.000,0.905) aL=-0.0097 vL=0.0761 t0=[red=0.00 blue=1.00]
[u  172] env= 11272192 rsucc=0.995 n_rounds= 4386 ret=+17.077 len=303.5 ent(t0,t>=1)=(0.000,0.851) aL=-0.0093 vL=0.0845 t0=[red=0.00 blue=1.00]
[u  173] env= 11337728 rsucc=0.997 n_rounds= 4377 ret=+17.077 len=301.6 ent(t0,t>=1)=(0.000,0.859) aL=-0.0103 vL=0.0717 t0=[red=0.00 blue=1.00]
[u  174] env= 11403264 rsucc=0.996 n_rounds= 4380 ret=+17.161 len=297.3 ent(t0,t>=1)=(0.000,0.868) aL=-0.0084 vL=0.0768 t0=[red=0.00 blue=1.00]
[u  175] env= 11468800 rsucc=0.994 n_rounds= 4313 ret=+17.054 len=304.3 ent(t0,t>=1)=(0.001,0.893) aL=-0.0085 vL=0.0849 t0=[red=0.00 blue=1.00]
[u  176] env= 11534336 rsucc=0.996 n_rounds= 4360 ret=+17.091 len=301.5 ent(t0,t>=1)=(0.001,0.868) aL=-0.0081 vL=0.0719 t0=[red=0.00 blue=1.00]
[u  177] env= 11599872 rsucc=0.996 n_rounds= 4400 ret=+17.154 len=297.5 ent(t0,t>=1)=(0.000,0.832) aL=-0.0086 vL=0.0709 t0=[red=0.00 blue=1.00]
[u  178] env= 11665408 rsucc=0.993 n_rounds= 4255 ret=+17.064 len=302.8 ent(t0,t>=1)=(0.001,0.856) aL=-0.0078 vL=0.0728 t0=[red=0.00 blue=1.00]
[u  179] env= 11730944 rsucc=0.994 n_rounds= 4315 ret=+16.972 len=306.1 ent(t0,t>=1)=(0.001,0.854) aL=-0.0079 vL=0.0823 t0=[red=0.00 blue=1.00]
[u  180] env= 11796480 rsucc=0.995 n_rounds= 4332 ret=+17.032 len=305.3 ent(t0,t>=1)=(0.002,0.858) aL=-0.0077 vL=0.0664 t0=[red=0.00 blue=1.00]
[u  181] env= 11862016 rsucc=0.995 n_rounds= 4293 ret=+17.075 len=304.0 ent(t0,t>=1)=(0.002,0.868) aL=-0.0060 vL=0.0880 t0=[red=0.00 blue=1.00]
[u  182] env= 11927552 rsucc=0.995 n_rounds= 4283 ret=+17.018 len=306.3 ent(t0,t>=1)=(0.002,0.879) aL=-0.0066 vL=0.0716 t0=[red=0.00 blue=1.00]
[u  183] env= 11993088 rsucc=0.994 n_rounds= 4312 ret=+17.049 len=304.6 ent(t0,t>=1)=(0.001,0.891) aL=-0.0071 vL=0.0644 t0=[red=0.00 blue=1.00]
[u  184] env= 12058624 rsucc=0.994 n_rounds= 4348 ret=+17.035 len=303.6 ent(t0,t>=1)=(0.000,0.886) aL=-0.0086 vL=0.0651 t0=[red=0.00 blue=1.00]
[u  185] env= 12124160 rsucc=0.993 n_rounds= 4243 ret=+17.031 len=304.4 ent(t0,t>=1)=(0.000,0.913) aL=-0.0071 vL=0.0913 t0=[red=0.00 blue=1.00]
[u  186] env= 12189696 rsucc=0.994 n_rounds= 4348 ret=+17.064 len=302.9 ent(t0,t>=1)=(0.000,0.914) aL=-0.0072 vL=0.0693 t0=[red=0.00 blue=1.00]
[u  187] env= 12255232 rsucc=0.995 n_rounds= 4369 ret=+17.076 len=302.1 ent(t0,t>=1)=(0.000,0.887) aL=-0.0073 vL=0.0702 t0=[red=0.00 blue=1.00]
[u  188] env= 12320768 rsucc=0.996 n_rounds= 4365 ret=+17.168 len=295.1 ent(t0,t>=1)=(0.000,0.868) aL=-0.0065 vL=0.0778 t0=[red=0.00 blue=1.00]
[u  189] env= 12386304 rsucc=0.994 n_rounds= 4383 ret=+17.086 len=300.7 ent(t0,t>=1)=(0.000,0.885) aL=-0.0070 vL=0.0643 t0=[red=0.00 blue=1.00]
[u  190] env= 12451840 rsucc=0.994 n_rounds= 4342 ret=+17.065 len=301.6 ent(t0,t>=1)=(0.000,0.891) aL=-0.0072 vL=0.0638 t0=[red=0.00 blue=1.00]
[u  191] env= 12517376 rsucc=0.995 n_rounds= 4383 ret=+17.098 len=299.7 ent(t0,t>=1)=(0.000,0.910) aL=-0.0079 vL=0.0592 t0=[red=0.00 blue=1.00]
[u  192] env= 12582912 rsucc=0.996 n_rounds= 4372 ret=+17.135 len=297.5 ent(t0,t>=1)=(0.000,0.894) aL=-0.0073 vL=0.0724 t0=[red=0.00 blue=1.00]
[u  193] env= 12648448 rsucc=0.997 n_rounds= 4365 ret=+17.121 len=300.2 ent(t0,t>=1)=(0.000,0.925) aL=-0.0078 vL=0.0770 t0=[red=0.00 blue=1.00]
[u  194] env= 12713984 rsucc=0.995 n_rounds= 4382 ret=+17.141 len=299.0 ent(t0,t>=1)=(0.000,0.911) aL=-0.0086 vL=0.0654 t0=[red=0.00 blue=1.00]
[u  195] env= 12779520 rsucc=0.994 n_rounds= 4337 ret=+17.107 len=299.4 ent(t0,t>=1)=(0.000,0.937) aL=-0.0087 vL=0.0653 t0=[red=0.00 blue=1.00]
[u  196] env= 12845056 rsucc=0.994 n_rounds= 4353 ret=+17.030 len=303.1 ent(t0,t>=1)=(0.000,0.947) aL=-0.0103 vL=0.0687 t0=[red=0.00 blue=1.00]
[u  197] env= 12910592 rsucc=0.996 n_rounds= 4376 ret=+17.086 len=302.3 ent(t0,t>=1)=(0.000,0.958) aL=-0.0105 vL=0.0550 t0=[red=0.00 blue=1.00]
[u  198] env= 12976128 rsucc=0.996 n_rounds= 4307 ret=+17.129 len=300.4 ent(t0,t>=1)=(0.000,0.976) aL=-0.0102 vL=0.0579 t0=[red=0.00 blue=1.00]
[u  199] env= 13041664 rsucc=0.995 n_rounds= 4352 ret=+17.047 len=304.5 ent(t0,t>=1)=(0.000,0.964) aL=-0.0092 vL=0.0692 t0=[red=0.00 blue=1.00]
[u  200] env= 13107200 rsucc=0.996 n_rounds= 4352 ret=+17.070 len=302.7 ent(t0,t>=1)=(0.000,0.971) aL=-0.0094 vL=0.0599 t0=[red=0.00 blue=1.00]
[u  201] env= 13172736 rsucc=0.996 n_rounds= 4350 ret=+17.120 len=300.3 ent(t0,t>=1)=(0.000,0.960) aL=-0.0110 vL=0.0623 t0=[red=0.00 blue=1.00]
[u  202] env= 13238272 rsucc=0.996 n_rounds= 4333 ret=+17.108 len=300.9 ent(t0,t>=1)=(0.000,0.971) aL=-0.0094 vL=0.0694 t0=[red=0.00 blue=1.00]
[u  203] env= 13303808 rsucc=0.995 n_rounds= 4388 ret=+17.086 len=301.0 ent(t0,t>=1)=(0.000,0.961) aL=-0.0086 vL=0.0819 t0=[red=0.00 blue=1.00]
[u  204] env= 13369344 rsucc=0.996 n_rounds= 4398 ret=+17.133 len=298.7 ent(t0,t>=1)=(0.000,0.948) aL=-0.0097 vL=0.0659 t0=[red=0.00 blue=1.00]
[u  205] env= 13434880 rsucc=0.997 n_rounds= 4423 ret=+17.159 len=298.0 ent(t0,t>=1)=(0.001,0.941) aL=-0.0091 vL=0.0652 t0=[red=0.00 blue=1.00]
[u  206] env= 13500416 rsucc=0.996 n_rounds= 4416 ret=+17.168 len=296.1 ent(t0,t>=1)=(0.012,0.932) aL=-0.0089 vL=0.0605 t0=[red=0.00 blue=1.00]
[u  207] env= 13565952 rsucc=0.967 n_rounds= 3583 ret=+16.638 len=322.1 ent(t0,t>=1)=(0.047,0.905) aL=-0.0064 vL=0.1035 t0=[red=0.05 blue=0.95]
[u  208] env= 13631488 rsucc=0.975 n_rounds= 4002 ret=+16.057 len=348.4 ent(t0,t>=1)=(0.015,0.912) aL=-0.0082 vL=0.0782 t0=[red=0.01 blue=0.99]
[u  209] env= 13697024 rsucc=0.989 n_rounds= 4256 ret=+16.698 len=318.7 ent(t0,t>=1)=(0.007,0.923) aL=-0.0101 vL=0.0726 t0=[red=0.00 blue=1.00]
[u  210] env= 13762560 rsucc=0.996 n_rounds= 4412 ret=+17.032 len=304.0 ent(t0,t>=1)=(0.003,0.927) aL=-0.0107 vL=0.0643 t0=[red=0.00 blue=1.00]
[u  211] env= 13828096 rsucc=0.996 n_rounds= 4378 ret=+17.107 len=300.6 ent(t0,t>=1)=(0.002,0.929) aL=-0.0092 vL=0.0617 t0=[red=0.00 blue=1.00]
[u  212] env= 13893632 rsucc=0.996 n_rounds= 4338 ret=+17.138 len=299.8 ent(t0,t>=1)=(0.001,0.937) aL=-0.0092 vL=0.0615 t0=[red=0.00 blue=1.00]
[u  213] env= 13959168 rsucc=0.998 n_rounds= 4404 ret=+17.114 len=300.3 ent(t0,t>=1)=(0.001,0.932) aL=-0.0086 vL=0.0691 t0=[red=0.00 blue=1.00]
[u  214] env= 14024704 rsucc=0.996 n_rounds= 4398 ret=+17.154 len=298.2 ent(t0,t>=1)=(0.002,0.925) aL=-0.0086 vL=0.0591 t0=[red=0.00 blue=1.00]
[u  215] env= 14090240 rsucc=0.995 n_rounds= 4325 ret=+17.101 len=301.0 ent(t0,t>=1)=(0.001,0.939) aL=-0.0075 vL=0.0598 t0=[red=0.00 blue=1.00]
[u  216] env= 14155776 rsucc=0.994 n_rounds= 4353 ret=+17.057 len=302.6 ent(t0,t>=1)=(0.001,0.942) aL=-0.0069 vL=0.0612 t0=[red=0.00 blue=1.00]
[u  217] env= 14221312 rsucc=0.996 n_rounds= 4378 ret=+17.113 len=299.6 ent(t0,t>=1)=(0.001,0.932) aL=-0.0084 vL=0.0552 t0=[red=0.00 blue=1.00]
[u  218] env= 14286848 rsucc=0.995 n_rounds= 4350 ret=+17.118 len=299.2 ent(t0,t>=1)=(0.002,0.952) aL=-0.0088 vL=0.0663 t0=[red=0.00 blue=1.00]
[u  219] env= 14352384 rsucc=0.995 n_rounds= 4360 ret=+17.089 len=301.0 ent(t0,t>=1)=(0.002,0.948) aL=-0.0095 vL=0.0632 t0=[red=0.00 blue=1.00]
[u  220] env= 14417920 rsucc=0.995 n_rounds= 4352 ret=+17.084 len=301.3 ent(t0,t>=1)=(0.001,0.949) aL=-0.0090 vL=0.0651 t0=[red=0.00 blue=1.00]
[u  221] env= 14483456 rsucc=0.994 n_rounds= 4294 ret=+17.043 len=304.4 ent(t0,t>=1)=(0.002,0.971) aL=-0.0078 vL=0.0627 t0=[red=0.00 blue=1.00]
[u  222] env= 14548992 rsucc=0.994 n_rounds= 4350 ret=+17.079 len=301.5 ent(t0,t>=1)=(0.001,0.949) aL=-0.0071 vL=0.0743 t0=[red=0.00 blue=1.00]
[u  223] env= 14614528 rsucc=0.995 n_rounds= 4325 ret=+17.048 len=303.5 ent(t0,t>=1)=(0.001,0.951) aL=-0.0074 vL=0.0745 t0=[red=0.00 blue=1.00]
[u  224] env= 14680064 rsucc=0.996 n_rounds= 4388 ret=+17.133 len=297.7 ent(t0,t>=1)=(0.001,0.938) aL=-0.0091 vL=0.0682 t0=[red=0.00 blue=1.00]
[u  225] env= 14745600 rsucc=0.995 n_rounds= 4378 ret=+17.116 len=299.3 ent(t0,t>=1)=(0.001,0.938) aL=-0.0096 vL=0.0811 t0=[red=0.00 blue=1.00]
[u  226] env= 14811136 rsucc=0.996 n_rounds= 4404 ret=+17.067 len=301.1 ent(t0,t>=1)=(0.001,0.943) aL=-0.0091 vL=0.0887 t0=[red=0.00 blue=1.00]
[u  227] env= 14876672 rsucc=0.994 n_rounds= 4349 ret=+17.127 len=298.5 ent(t0,t>=1)=(0.001,0.938) aL=-0.0089 vL=0.0983 t0=[red=0.00 blue=1.00]
[u  228] env= 14942208 rsucc=0.995 n_rounds= 4358 ret=+17.112 len=299.3 ent(t0,t>=1)=(0.001,0.933) aL=-0.0105 vL=0.0827 t0=[red=0.00 blue=1.00]
[u  229] env= 15007744 rsucc=0.995 n_rounds= 4355 ret=+17.095 len=302.0 ent(t0,t>=1)=(0.000,0.925) aL=-0.0099 vL=0.0856 t0=[red=0.00 blue=1.00]
[u  230] env= 15073280 rsucc=0.995 n_rounds= 4210 ret=+17.034 len=306.4 ent(t0,t>=1)=(0.001,0.949) aL=-0.0100 vL=0.0889 t0=[red=0.00 blue=1.00]
[u  231] env= 15138816 rsucc=0.994 n_rounds= 4294 ret=+16.979 len=309.8 ent(t0,t>=1)=(0.000,0.920) aL=-0.0101 vL=0.0726 t0=[red=0.00 blue=1.00]
[u  232] env= 15204352 rsucc=0.997 n_rounds= 4336 ret=+17.042 len=305.2 ent(t0,t>=1)=(0.001,0.915) aL=-0.0092 vL=0.0777 t0=[red=0.00 blue=1.00]
[u  233] env= 15269888 rsucc=0.994 n_rounds= 4203 ret=+17.056 len=306.2 ent(t0,t>=1)=(0.001,0.931) aL=-0.0062 vL=0.0961 t0=[red=0.00 blue=1.00]
[u  234] env= 15335424 rsucc=0.994 n_rounds= 4210 ret=+16.990 len=309.3 ent(t0,t>=1)=(0.002,0.920) aL=-0.0082 vL=0.0877 t0=[red=0.00 blue=1.00]
[u  235] env= 15400960 rsucc=0.994 n_rounds= 4230 ret=+16.921 len=313.0 ent(t0,t>=1)=(0.002,0.916) aL=-0.0092 vL=0.0809 t0=[red=0.00 blue=1.00]
[u  236] env= 15466496 rsucc=0.996 n_rounds= 4251 ret=+17.026 len=308.0 ent(t0,t>=1)=(0.003,0.912) aL=-0.0092 vL=0.0754 t0=[red=0.00 blue=1.00]
[u  237] env= 15532032 rsucc=0.994 n_rounds= 4221 ret=+17.039 len=307.2 ent(t0,t>=1)=(0.004,0.906) aL=-0.0078 vL=0.0719 t0=[red=0.00 blue=1.00]
[u  238] env= 15597568 rsucc=0.994 n_rounds= 4283 ret=+16.995 len=309.1 ent(t0,t>=1)=(0.003,0.888) aL=-0.0086 vL=0.0807 t0=[red=0.00 blue=1.00]
[u  239] env= 15663104 rsucc=0.996 n_rounds= 4318 ret=+17.083 len=302.8 ent(t0,t>=1)=(0.003,0.866) aL=-0.0081 vL=0.0741 t0=[red=0.00 blue=1.00]
[u  240] env= 15728640 rsucc=0.995 n_rounds= 4240 ret=+17.035 len=308.2 ent(t0,t>=1)=(0.003,0.897) aL=-0.0066 vL=0.0894 t0=[red=0.00 blue=1.00]
[u  241] env= 15794176 rsucc=0.994 n_rounds= 4286 ret=+17.047 len=305.9 ent(t0,t>=1)=(0.005,0.884) aL=-0.0069 vL=0.0846 t0=[red=0.00 blue=1.00]
[u  242] env= 15859712 rsucc=0.995 n_rounds= 4233 ret=+16.955 len=310.7 ent(t0,t>=1)=(0.005,0.911) aL=-0.0076 vL=0.0780 t0=[red=0.00 blue=1.00]
[u  243] env= 15925248 rsucc=0.993 n_rounds= 4200 ret=+16.999 len=308.9 ent(t0,t>=1)=(0.002,0.895) aL=-0.0066 vL=0.0941 t0=[red=0.00 blue=1.00]
[u  244] env= 15990784 rsucc=0.993 n_rounds= 4213 ret=+16.970 len=310.3 ent(t0,t>=1)=(0.002,0.883) aL=-0.0091 vL=0.0994 t0=[red=0.00 blue=1.00]
[u  245] env= 16056320 rsucc=0.994 n_rounds= 4265 ret=+16.991 len=308.4 ent(t0,t>=1)=(0.002,0.872) aL=-0.0093 vL=0.1104 t0=[red=0.00 blue=1.00]
[u  246] env= 16121856 rsucc=0.995 n_rounds= 4280 ret=+17.022 len=307.1 ent(t0,t>=1)=(0.001,0.850) aL=-0.0086 vL=0.1084 t0=[red=0.00 blue=1.00]
[u  247] env= 16187392 rsucc=0.994 n_rounds= 4285 ret=+17.020 len=305.9 ent(t0,t>=1)=(0.001,0.825) aL=-0.0102 vL=0.1146 t0=[red=0.00 blue=1.00]
[u  248] env= 16252928 rsucc=0.995 n_rounds= 4249 ret=+17.063 len=305.7 ent(t0,t>=1)=(0.001,0.809) aL=-0.0092 vL=0.1273 t0=[red=0.00 blue=1.00]
[u  249] env= 16318464 rsucc=0.994 n_rounds= 4221 ret=+16.952 len=310.9 ent(t0,t>=1)=(0.003,0.797) aL=-0.0094 vL=0.1049 t0=[red=0.00 blue=1.00]
[u  250] env= 16384000 rsucc=0.994 n_rounds= 4208 ret=+16.989 len=309.9 ent(t0,t>=1)=(0.002,0.758) aL=-0.0117 vL=0.1164 t0=[red=0.00 blue=1.00]
[u  251] env= 16449536 rsucc=0.996 n_rounds= 4336 ret=+16.995 len=308.6 ent(t0,t>=1)=(0.002,0.716) aL=-0.0115 vL=0.1522 t0=[red=0.00 blue=1.00]
[u  252] env= 16515072 rsucc=0.996 n_rounds= 4305 ret=+17.102 len=302.7 ent(t0,t>=1)=(0.004,0.714) aL=-0.0136 vL=0.1654 t0=[red=0.00 blue=1.00]
[u  253] env= 16580608 rsucc=0.994 n_rounds= 4187 ret=+17.033 len=306.7 ent(t0,t>=1)=(0.024,0.684) aL=-0.0102 vL=0.1758 t0=[red=0.00 blue=1.00]
[u  254] env= 16646144 rsucc=0.984 n_rounds= 3815 ret=+16.638 len=329.7 ent(t0,t>=1)=(0.028,0.713) aL=-0.0111 vL=0.1656 t0=[red=0.02 blue=0.98]
[u  255] env= 16711680 rsucc=0.985 n_rounds= 4001 ret=+16.545 len=333.6 ent(t0,t>=1)=(0.012,0.672) aL=-0.0107 vL=0.1419 t0=[red=0.01 blue=0.99]
[u  256] env= 16777216 rsucc=0.989 n_rounds= 4074 ret=+16.750 len=324.0 ent(t0,t>=1)=(0.009,0.653) aL=-0.0097 vL=0.1474 t0=[red=0.01 blue=0.99]
[u  257] env= 16842752 rsucc=0.991 n_rounds= 4079 ret=+16.664 len=328.2 ent(t0,t>=1)=(0.008,0.628) aL=-0.0087 vL=0.1426 t0=[red=0.00 blue=1.00]
[u  258] env= 16908288 rsucc=0.992 n_rounds= 4152 ret=+16.918 len=314.6 ent(t0,t>=1)=(0.006,0.593) aL=-0.0067 vL=0.1589 t0=[red=0.00 blue=1.00]
[u  259] env= 16973824 rsucc=0.993 n_rounds= 4193 ret=+16.926 len=312.8 ent(t0,t>=1)=(0.003,0.565) aL=-0.0096 vL=0.1456 t0=[red=0.00 blue=1.00]
[u  260] env= 17039360 rsucc=0.993 n_rounds= 4187 ret=+16.940 len=312.8 ent(t0,t>=1)=(0.008,0.580) aL=-0.0069 vL=0.1244 t0=[red=0.00 blue=1.00]
[u  261] env= 17104896 rsucc=0.990 n_rounds= 4000 ret=+16.745 len=325.2 ent(t0,t>=1)=(0.012,0.622) aL=-0.0081 vL=0.0992 t0=[red=0.00 blue=1.00]
[u  262] env= 17170432 rsucc=0.991 n_rounds= 4030 ret=+16.725 len=326.4 ent(t0,t>=1)=(0.010,0.586) aL=-0.0078 vL=0.1065 t0=[red=0.00 blue=1.00]
[u  263] env= 17235968 rsucc=0.992 n_rounds= 3958 ret=+16.746 len=327.3 ent(t0,t>=1)=(0.011,0.619) aL=-0.0077 vL=0.0848 t0=[red=0.00 blue=1.00]
[u  264] env= 17301504 rsucc=0.991 n_rounds= 3909 ret=+16.678 len=336.0 ent(t0,t>=1)=(0.011,0.638) aL=-0.0066 vL=0.0759 t0=[red=0.00 blue=1.00]
[u  265] env= 17367040 rsucc=0.990 n_rounds= 3985 ret=+16.715 len=330.0 ent(t0,t>=1)=(0.006,0.604) aL=-0.0062 vL=0.0752 t0=[red=0.00 blue=1.00]
[u  266] env= 17432576 rsucc=0.993 n_rounds= 4054 ret=+16.810 len=323.7 ent(t0,t>=1)=(0.006,0.615) aL=-0.0064 vL=0.0817 t0=[red=0.00 blue=1.00]
[u  267] env= 17498112 rsucc=0.993 n_rounds= 4042 ret=+16.789 len=325.1 ent(t0,t>=1)=(0.005,0.651) aL=-0.0076 vL=0.0852 t0=[red=0.00 blue=1.00]
[u  268] env= 17563648 rsucc=0.994 n_rounds= 4092 ret=+16.917 len=318.0 ent(t0,t>=1)=(0.003,0.656) aL=-0.0061 vL=0.0634 t0=[red=0.00 blue=1.00]
[u  269] env= 17629184 rsucc=0.995 n_rounds= 4186 ret=+16.871 len=318.9 ent(t0,t>=1)=(0.002,0.642) aL=-0.0078 vL=0.0616 t0=[red=0.00 blue=1.00]
[u  270] env= 17694720 rsucc=0.992 n_rounds= 4103 ret=+16.894 len=317.8 ent(t0,t>=1)=(0.002,0.683) aL=-0.0065 vL=0.0751 t0=[red=0.00 blue=1.00]
[u  271] env= 17760256 rsucc=0.995 n_rounds= 4221 ret=+16.920 len=313.7 ent(t0,t>=1)=(0.003,0.688) aL=-0.0075 vL=0.0586 t0=[red=0.00 blue=1.00]
[u  272] env= 17825792 rsucc=0.994 n_rounds= 4166 ret=+16.986 len=311.2 ent(t0,t>=1)=(0.002,0.736) aL=-0.0089 vL=0.0594 t0=[red=0.00 blue=1.00]
[u  273] env= 17891328 rsucc=0.995 n_rounds= 4226 ret=+16.955 len=312.1 ent(t0,t>=1)=(0.001,0.762) aL=-0.0080 vL=0.0773 t0=[red=0.00 blue=1.00]
[u  274] env= 17956864 rsucc=0.994 n_rounds= 4247 ret=+17.018 len=308.2 ent(t0,t>=1)=(0.000,0.791) aL=-0.0097 vL=0.0551 t0=[red=0.00 blue=1.00]
[u  275] env= 18022400 rsucc=0.996 n_rounds= 4279 ret=+17.030 len=307.4 ent(t0,t>=1)=(0.000,0.817) aL=-0.0114 vL=0.0609 t0=[red=0.00 blue=1.00]
[u  276] env= 18087936 rsucc=0.992 n_rounds= 4249 ret=+17.056 len=304.8 ent(t0,t>=1)=(0.000,0.828) aL=-0.0106 vL=0.0614 t0=[red=0.00 blue=1.00]
[u  277] env= 18153472 rsucc=0.997 n_rounds= 4338 ret=+17.034 len=304.7 ent(t0,t>=1)=(0.000,0.843) aL=-0.0105 vL=0.0580 t0=[red=0.00 blue=1.00]
[u  278] env= 18219008 rsucc=0.994 n_rounds= 4270 ret=+17.062 len=304.8 ent(t0,t>=1)=(0.000,0.852) aL=-0.0103 vL=0.0648 t0=[red=0.00 blue=1.00]
[u  279] env= 18284544 rsucc=0.995 n_rounds= 4300 ret=+17.004 len=307.4 ent(t0,t>=1)=(0.000,0.848) aL=-0.0104 vL=0.0546 t0=[red=0.00 blue=1.00]
[u  280] env= 18350080 rsucc=0.996 n_rounds= 4289 ret=+17.092 len=302.5 ent(t0,t>=1)=(0.000,0.874) aL=-0.0103 vL=0.0572 t0=[red=0.00 blue=1.00]
[u  281] env= 18415616 rsucc=0.995 n_rounds= 4308 ret=+17.022 len=306.1 ent(t0,t>=1)=(0.000,0.877) aL=-0.0112 vL=0.0581 t0=[red=0.00 blue=1.00]
[u  282] env= 18481152 rsucc=0.995 n_rounds= 4323 ret=+17.108 len=301.5 ent(t0,t>=1)=(0.000,0.851) aL=-0.0115 vL=0.0553 t0=[red=0.00 blue=1.00]
[u  283] env= 18546688 rsucc=0.996 n_rounds= 4383 ret=+17.075 len=303.5 ent(t0,t>=1)=(0.000,0.859) aL=-0.0105 vL=0.0571 t0=[red=0.00 blue=1.00]
[u  284] env= 18612224 rsucc=0.997 n_rounds= 4367 ret=+17.100 len=301.2 ent(t0,t>=1)=(0.000,0.857) aL=-0.0107 vL=0.0523 t0=[red=0.00 blue=1.00]
[u  285] env= 18677760 rsucc=0.998 n_rounds= 4404 ret=+17.130 len=300.3 ent(t0,t>=1)=(0.000,0.868) aL=-0.0103 vL=0.0581 t0=[red=0.00 blue=1.00]
[u  286] env= 18743296 rsucc=0.996 n_rounds= 4365 ret=+17.169 len=297.5 ent(t0,t>=1)=(0.000,0.868) aL=-0.0103 vL=0.0497 t0=[red=0.00 blue=1.00]
[u  287] env= 18808832 rsucc=0.996 n_rounds= 4408 ret=+17.120 len=299.2 ent(t0,t>=1)=(0.000,0.860) aL=-0.0097 vL=0.0553 t0=[red=0.00 blue=1.00]
[u  288] env= 18874368 rsucc=0.996 n_rounds= 4395 ret=+17.191 len=296.1 ent(t0,t>=1)=(0.000,0.879) aL=-0.0090 vL=0.0575 t0=[red=0.00 blue=1.00]
[u  289] env= 18939904 rsucc=0.996 n_rounds= 4381 ret=+17.122 len=300.1 ent(t0,t>=1)=(0.000,0.892) aL=-0.0091 vL=0.0554 t0=[red=0.00 blue=1.00]
[u  290] env= 19005440 rsucc=0.995 n_rounds= 4410 ret=+17.095 len=300.6 ent(t0,t>=1)=(0.000,0.886) aL=-0.0102 vL=0.0497 t0=[red=0.00 blue=1.00]
[u  291] env= 19070976 rsucc=0.997 n_rounds= 4405 ret=+17.162 len=296.7 ent(t0,t>=1)=(0.000,0.875) aL=-0.0101 vL=0.0495 t0=[red=0.00 blue=1.00]
[u  292] env= 19136512 rsucc=0.997 n_rounds= 4433 ret=+17.151 len=296.6 ent(t0,t>=1)=(0.000,0.876) aL=-0.0094 vL=0.0484 t0=[red=0.00 blue=1.00]
[u  293] env= 19202048 rsucc=0.996 n_rounds= 4413 ret=+17.166 len=295.7 ent(t0,t>=1)=(0.000,0.881) aL=-0.0088 vL=0.0544 t0=[red=0.00 blue=1.00]
[u  294] env= 19267584 rsucc=0.994 n_rounds= 4356 ret=+17.143 len=297.4 ent(t0,t>=1)=(0.000,0.895) aL=-0.0091 vL=0.0568 t0=[red=0.00 blue=1.00]
[u  295] env= 19333120 rsucc=0.996 n_rounds= 4356 ret=+17.109 len=300.7 ent(t0,t>=1)=(0.000,0.901) aL=-0.0092 vL=0.0530 t0=[red=0.00 blue=1.00]
[u  296] env= 19398656 rsucc=0.996 n_rounds= 4364 ret=+17.076 len=302.5 ent(t0,t>=1)=(0.000,0.910) aL=-0.0095 vL=0.0512 t0=[red=0.00 blue=1.00]
[u  297] env= 19464192 rsucc=0.996 n_rounds= 4341 ret=+17.117 len=300.8 ent(t0,t>=1)=(0.000,0.912) aL=-0.0106 vL=0.0550 t0=[red=0.00 blue=1.00]
[u  298] env= 19529728 rsucc=0.996 n_rounds= 4394 ret=+17.148 len=298.2 ent(t0,t>=1)=(0.000,0.907) aL=-0.0092 vL=0.0536 t0=[red=0.00 blue=1.00]
[u  299] env= 19595264 rsucc=0.996 n_rounds= 4352 ret=+17.107 len=301.1 ent(t0,t>=1)=(0.000,0.909) aL=-0.0101 vL=0.0614 t0=[red=0.00 blue=1.00]
[u  300] env= 19660800 rsucc=0.996 n_rounds= 4323 ret=+17.081 len=302.7 ent(t0,t>=1)=(0.000,0.913) aL=-0.0114 vL=0.0571 t0=[red=0.00 blue=1.00]
[u  301] env= 19726336 rsucc=0.994 n_rounds= 4328 ret=+17.062 len=302.9 ent(t0,t>=1)=(0.001,0.921) aL=-0.0106 vL=0.0612 t0=[red=0.00 blue=1.00]
[u  302] env= 19791872 rsucc=0.997 n_rounds= 4346 ret=+17.053 len=304.5 ent(t0,t>=1)=(0.001,0.919) aL=-0.0107 vL=0.0587 t0=[red=0.00 blue=1.00]
[u  303] env= 19857408 rsucc=0.996 n_rounds= 4351 ret=+17.117 len=301.0 ent(t0,t>=1)=(0.000,0.916) aL=-0.0107 vL=0.0575 t0=[red=0.00 blue=1.00]
[u  304] env= 19922944 rsucc=0.995 n_rounds= 4388 ret=+17.065 len=302.9 ent(t0,t>=1)=(0.000,0.908) aL=-0.0103 vL=0.0561 t0=[red=0.00 blue=1.00]
[u  305] env= 19988480 rsucc=0.996 n_rounds= 4277 ret=+17.107 len=301.9 ent(t0,t>=1)=(0.000,0.917) aL=-0.0089 vL=0.0660 t0=[red=0.00 blue=1.00]
[u  306] env= 20054016 rsucc=0.996 n_rounds= 4379 ret=+17.107 len=301.8 ent(t0,t>=1)=(0.000,0.893) aL=-0.0106 vL=0.0536 t0=[red=0.00 blue=1.00]
[u  307] env= 20119552 rsucc=0.998 n_rounds= 4411 ret=+17.158 len=298.4 ent(t0,t>=1)=(0.000,0.897) aL=-0.0090 vL=0.0552 t0=[red=0.00 blue=1.00]
[u  308] env= 20185088 rsucc=0.997 n_rounds= 4389 ret=+17.172 len=297.2 ent(t0,t>=1)=(0.000,0.887) aL=-0.0090 vL=0.0558 t0=[red=0.00 blue=1.00]
[u  309] env= 20250624 rsucc=0.998 n_rounds= 4436 ret=+17.119 len=300.1 ent(t0,t>=1)=(0.000,0.895) aL=-0.0082 vL=0.0599 t0=[red=0.00 blue=1.00]
[u  310] env= 20316160 rsucc=0.995 n_rounds= 4380 ret=+17.169 len=297.2 ent(t0,t>=1)=(0.000,0.912) aL=-0.0087 vL=0.0574 t0=[red=0.00 blue=1.00]
[u  311] env= 20381696 rsucc=0.995 n_rounds= 4291 ret=+17.073 len=301.9 ent(t0,t>=1)=(0.001,0.914) aL=-0.0094 vL=0.0599 t0=[red=0.00 blue=1.00]
[u  312] env= 20447232 rsucc=0.996 n_rounds= 4280 ret=+17.112 len=302.7 ent(t0,t>=1)=(0.001,0.912) aL=-0.0098 vL=0.0531 t0=[red=0.00 blue=1.00]
[u  313] env= 20512768 rsucc=0.995 n_rounds= 4319 ret=+17.045 len=304.5 ent(t0,t>=1)=(0.001,0.894) aL=-0.0088 vL=0.0632 t0=[red=0.00 blue=1.00]
[u  314] env= 20578304 rsucc=0.995 n_rounds= 4371 ret=+17.110 len=301.3 ent(t0,t>=1)=(0.002,0.896) aL=-0.0092 vL=0.0638 t0=[red=0.00 blue=1.00]
[u  315] env= 20643840 rsucc=0.996 n_rounds= 4329 ret=+17.063 len=303.1 ent(t0,t>=1)=(0.001,0.909) aL=-0.0094 vL=0.0557 t0=[red=0.00 blue=1.00]
[u  316] env= 20709376 rsucc=0.995 n_rounds= 4299 ret=+17.033 len=305.6 ent(t0,t>=1)=(0.001,0.908) aL=-0.0085 vL=0.0509 t0=[red=0.00 blue=1.00]
[u  317] env= 20774912 rsucc=0.995 n_rounds= 4295 ret=+17.055 len=305.0 ent(t0,t>=1)=(0.001,0.922) aL=-0.0078 vL=0.0584 t0=[red=0.00 blue=1.00]
[u  318] env= 20840448 rsucc=0.997 n_rounds= 4398 ret=+17.126 len=300.2 ent(t0,t>=1)=(0.002,0.918) aL=-0.0088 vL=0.0561 t0=[red=0.00 blue=1.00]
[u  319] env= 20905984 rsucc=0.995 n_rounds= 4311 ret=+17.172 len=296.7 ent(t0,t>=1)=(0.001,0.910) aL=-0.0085 vL=0.0619 t0=[red=0.00 blue=1.00]
[u  320] env= 20971520 rsucc=0.998 n_rounds= 4426 ret=+17.066 len=303.6 ent(t0,t>=1)=(0.000,0.900) aL=-0.0097 vL=0.0540 t0=[red=0.00 blue=1.00]
[u  321] env= 21037056 rsucc=0.997 n_rounds= 4421 ret=+17.205 len=295.4 ent(t0,t>=1)=(0.000,0.900) aL=-0.0089 vL=0.0620 t0=[red=0.00 blue=1.00]
[u  322] env= 21102592 rsucc=0.996 n_rounds= 4361 ret=+17.143 len=298.5 ent(t0,t>=1)=(0.001,0.920) aL=-0.0082 vL=0.0544 t0=[red=0.00 blue=1.00]
[u  323] env= 21168128 rsucc=0.996 n_rounds= 4386 ret=+17.113 len=300.5 ent(t0,t>=1)=(0.001,0.908) aL=-0.0094 vL=0.0499 t0=[red=0.00 blue=1.00]
[u  324] env= 21233664 rsucc=0.996 n_rounds= 4359 ret=+17.126 len=299.9 ent(t0,t>=1)=(0.001,0.930) aL=-0.0094 vL=0.0514 t0=[red=0.00 blue=1.00]
[u  325] env= 21299200 rsucc=0.997 n_rounds= 4403 ret=+17.164 len=298.2 ent(t0,t>=1)=(0.001,0.918) aL=-0.0087 vL=0.0529 t0=[red=0.00 blue=1.00]
[u  326] env= 21364736 rsucc=0.996 n_rounds= 4352 ret=+17.112 len=300.9 ent(t0,t>=1)=(0.003,0.923) aL=-0.0084 vL=0.0544 t0=[red=0.00 blue=1.00]
[u  327] env= 21430272 rsucc=0.996 n_rounds= 4351 ret=+17.091 len=300.8 ent(t0,t>=1)=(0.003,0.930) aL=-0.0088 vL=0.0588 t0=[red=0.00 blue=1.00]
[u  328] env= 21495808 rsucc=0.995 n_rounds= 4292 ret=+17.103 len=302.5 ent(t0,t>=1)=(0.002,0.937) aL=-0.0108 vL=0.0552 t0=[red=0.00 blue=1.00]
[u  329] env= 21561344 rsucc=0.997 n_rounds= 4322 ret=+17.070 len=304.0 ent(t0,t>=1)=(0.001,0.923) aL=-0.0110 vL=0.0532 t0=[red=0.00 blue=1.00]
[u  330] env= 21626880 rsucc=0.995 n_rounds= 4312 ret=+17.105 len=302.1 ent(t0,t>=1)=(0.001,0.923) aL=-0.0091 vL=0.0645 t0=[red=0.00 blue=1.00]
[u  331] env= 21692416 rsucc=0.995 n_rounds= 4378 ret=+17.076 len=302.0 ent(t0,t>=1)=(0.001,0.912) aL=-0.0104 vL=0.0572 t0=[red=0.00 blue=1.00]
[u  332] env= 21757952 rsucc=0.997 n_rounds= 4367 ret=+17.106 len=300.6 ent(t0,t>=1)=(0.001,0.902) aL=-0.0104 vL=0.0481 t0=[red=0.00 blue=1.00]
[u  333] env= 21823488 rsucc=0.996 n_rounds= 4359 ret=+17.112 len=300.5 ent(t0,t>=1)=(0.001,0.913) aL=-0.0103 vL=0.0499 t0=[red=0.00 blue=1.00]
[u  334] env= 21889024 rsucc=0.997 n_rounds= 4394 ret=+17.156 len=299.0 ent(t0,t>=1)=(0.001,0.908) aL=-0.0090 vL=0.0602 t0=[red=0.00 blue=1.00]
[u  335] env= 21954560 rsucc=0.996 n_rounds= 4405 ret=+17.129 len=298.9 ent(t0,t>=1)=(0.001,0.900) aL=-0.0088 vL=0.0572 t0=[red=0.00 blue=1.00]
[u  336] env= 22020096 rsucc=0.997 n_rounds= 4412 ret=+17.173 len=297.2 ent(t0,t>=1)=(0.001,0.888) aL=-0.0087 vL=0.0503 t0=[red=0.00 blue=1.00]
[u  337] env= 22085632 rsucc=0.997 n_rounds= 4405 ret=+17.135 len=298.5 ent(t0,t>=1)=(0.001,0.890) aL=-0.0100 vL=0.0496 t0=[red=0.00 blue=1.00]
[u  338] env= 22151168 rsucc=0.996 n_rounds= 4409 ret=+17.173 len=295.9 ent(t0,t>=1)=(0.001,0.895) aL=-0.0094 vL=0.0534 t0=[red=0.00 blue=1.00]
[u  339] env= 22216704 rsucc=0.996 n_rounds= 4419 ret=+17.153 len=297.0 ent(t0,t>=1)=(0.003,0.895) aL=-0.0067 vL=0.0642 t0=[red=0.00 blue=1.00]
[u  340] env= 22282240 rsucc=0.997 n_rounds= 4489 ret=+17.187 len=295.2 ent(t0,t>=1)=(0.003,0.885) aL=-0.0101 vL=0.0531 t0=[red=0.00 blue=1.00]
[u  341] env= 22347776 rsucc=0.998 n_rounds= 4467 ret=+17.192 len=294.1 ent(t0,t>=1)=(0.002,0.871) aL=-0.0103 vL=0.0582 t0=[red=0.00 blue=1.00]
[u  342] env= 22413312 rsucc=0.996 n_rounds= 4366 ret=+17.179 len=296.6 ent(t0,t>=1)=(0.003,0.886) aL=-0.0102 vL=0.0561 t0=[red=0.00 blue=1.00]
[u  343] env= 22478848 rsucc=0.995 n_rounds= 4374 ret=+17.109 len=299.3 ent(t0,t>=1)=(0.001,0.882) aL=-0.0098 vL=0.0676 t0=[red=0.00 blue=1.00]
[u  344] env= 22544384 rsucc=0.997 n_rounds= 4410 ret=+17.112 len=299.8 ent(t0,t>=1)=(0.001,0.879) aL=-0.0094 vL=0.0578 t0=[red=0.00 blue=1.00]
[u  345] env= 22609920 rsucc=0.998 n_rounds= 4437 ret=+17.179 len=296.6 ent(t0,t>=1)=(0.002,0.875) aL=-0.0086 vL=0.0575 t0=[red=0.00 blue=1.00]
[u  346] env= 22675456 rsucc=0.996 n_rounds= 4408 ret=+17.181 len=295.9 ent(t0,t>=1)=(0.002,0.877) aL=-0.0075 vL=0.0564 t0=[red=0.00 blue=1.00]
[u  347] env= 22740992 rsucc=0.997 n_rounds= 4401 ret=+17.121 len=298.7 ent(t0,t>=1)=(0.003,0.891) aL=-0.0021 vL=0.0624 t0=[red=0.00 blue=1.00]
[u  348] env= 22806528 rsucc=0.996 n_rounds= 4364 ret=+17.176 len=296.9 ent(t0,t>=1)=(0.002,0.896) aL=-0.0082 vL=0.0561 t0=[red=0.00 blue=1.00]
[u  349] env= 22872064 rsucc=0.996 n_rounds= 4427 ret=+17.109 len=299.4 ent(t0,t>=1)=(0.001,0.883) aL=-0.0089 vL=0.0547 t0=[red=0.00 blue=1.00]
[u  350] env= 22937600 rsucc=0.996 n_rounds= 4386 ret=+17.142 len=298.1 ent(t0,t>=1)=(0.001,0.880) aL=-0.0088 vL=0.0589 t0=[red=0.00 blue=1.00]
[u  351] env= 23003136 rsucc=0.997 n_rounds= 4459 ret=+17.190 len=295.1 ent(t0,t>=1)=(0.000,0.865) aL=-0.0094 vL=0.0600 t0=[red=0.00 blue=1.00]
[u  352] env= 23068672 rsucc=0.997 n_rounds= 4464 ret=+17.193 len=294.9 ent(t0,t>=1)=(0.001,0.870) aL=-0.0089 vL=0.0602 t0=[red=0.00 blue=1.00]
[u  353] env= 23134208 rsucc=0.999 n_rounds= 4475 ret=+17.247 len=292.1 ent(t0,t>=1)=(0.001,0.856) aL=-0.0097 vL=0.0594 t0=[red=0.00 blue=1.00]
[u  354] env= 23199744 rsucc=0.997 n_rounds= 4424 ret=+17.176 len=296.3 ent(t0,t>=1)=(0.001,0.852) aL=-0.0102 vL=0.0544 t0=[red=0.00 blue=1.00]
[u  355] env= 23265280 rsucc=0.998 n_rounds= 4439 ret=+17.225 len=294.2 ent(t0,t>=1)=(0.001,0.856) aL=-0.0095 vL=0.0507 t0=[red=0.00 blue=1.00]
[u  356] env= 23330816 rsucc=0.997 n_rounds= 4398 ret=+17.172 len=296.8 ent(t0,t>=1)=(0.001,0.867) aL=-0.0090 vL=0.0555 t0=[red=0.00 blue=1.00]
[u  357] env= 23396352 rsucc=0.997 n_rounds= 4365 ret=+17.165 len=298.4 ent(t0,t>=1)=(0.001,0.879) aL=-0.0090 vL=0.0515 t0=[red=0.00 blue=1.00]
[u  358] env= 23461888 rsucc=0.995 n_rounds= 4383 ret=+17.087 len=301.3 ent(t0,t>=1)=(0.001,0.885) aL=-0.0091 vL=0.0527 t0=[red=0.00 blue=1.00]
[u  359] env= 23527424 rsucc=0.997 n_rounds= 4337 ret=+17.150 len=298.9 ent(t0,t>=1)=(0.002,0.894) aL=-0.0100 vL=0.0529 t0=[red=0.00 blue=1.00]
[u  360] env= 23592960 rsucc=0.996 n_rounds= 4401 ret=+17.109 len=300.5 ent(t0,t>=1)=(0.002,0.892) aL=-0.0092 vL=0.0518 t0=[red=0.00 blue=1.00]
[u  361] env= 23658496 rsucc=0.997 n_rounds= 4418 ret=+17.185 len=296.4 ent(t0,t>=1)=(0.001,0.887) aL=-0.0080 vL=0.0580 t0=[red=0.00 blue=1.00]
[u  362] env= 23724032 rsucc=0.997 n_rounds= 4425 ret=+17.162 len=297.2 ent(t0,t>=1)=(0.001,0.882) aL=-0.0087 vL=0.0556 t0=[red=0.00 blue=1.00]
[u  363] env= 23789568 rsucc=0.998 n_rounds= 4433 ret=+17.205 len=294.5 ent(t0,t>=1)=(0.002,0.882) aL=-0.0090 vL=0.0616 t0=[red=0.00 blue=1.00]
[u  364] env= 23855104 rsucc=0.996 n_rounds= 4417 ret=+17.191 len=295.8 ent(t0,t>=1)=(0.001,0.883) aL=-0.0088 vL=0.0621 t0=[red=0.00 blue=1.00]
[u  365] env= 23920640 rsucc=0.998 n_rounds= 4470 ret=+17.177 len=295.7 ent(t0,t>=1)=(0.001,0.880) aL=-0.0081 vL=0.0684 t0=[red=0.00 blue=1.00]
[u  366] env= 23986176 rsucc=0.997 n_rounds= 4473 ret=+17.237 len=291.7 ent(t0,t>=1)=(0.001,0.869) aL=-0.0084 vL=0.0563 t0=[red=0.00 blue=1.00]
[u  367] env= 24051712 rsucc=0.998 n_rounds= 4467 ret=+17.194 len=295.2 ent(t0,t>=1)=(0.001,0.881) aL=-0.0087 vL=0.0563 t0=[red=0.00 blue=1.00]
[u  368] env= 24117248 rsucc=0.996 n_rounds= 4396 ret=+17.195 len=295.6 ent(t0,t>=1)=(0.001,0.895) aL=-0.0089 vL=0.0605 t0=[red=0.00 blue=1.00]
[u  369] env= 24182784 rsucc=0.997 n_rounds= 4453 ret=+17.181 len=295.3 ent(t0,t>=1)=(0.001,0.899) aL=-0.0092 vL=0.0511 t0=[red=0.00 blue=1.00]
[u  370] env= 24248320 rsucc=0.997 n_rounds= 4425 ret=+17.155 len=296.6 ent(t0,t>=1)=(0.001,0.909) aL=-0.0096 vL=0.0582 t0=[red=0.00 blue=1.00]
[u  371] env= 24313856 rsucc=0.998 n_rounds= 4474 ret=+17.267 len=290.6 ent(t0,t>=1)=(0.000,0.901) aL=-0.0089 vL=0.0565 t0=[red=0.00 blue=1.00]
[u  372] env= 24379392 rsucc=0.998 n_rounds= 4524 ret=+17.198 len=294.4 ent(t0,t>=1)=(0.000,0.909) aL=-0.0100 vL=0.0522 t0=[red=0.00 blue=1.00]
[u  373] env= 24444928 rsucc=0.999 n_rounds= 4495 ret=+17.276 len=290.2 ent(t0,t>=1)=(0.001,0.918) aL=-0.0104 vL=0.0515 t0=[red=0.00 blue=1.00]
[u  374] env= 24510464 rsucc=0.998 n_rounds= 4477 ret=+17.208 len=293.9 ent(t0,t>=1)=(0.000,0.917) aL=-0.0090 vL=0.0525 t0=[red=0.00 blue=1.00]
[u  375] env= 24576000 rsucc=0.997 n_rounds= 4493 ret=+17.241 len=291.8 ent(t0,t>=1)=(0.001,0.909) aL=-0.0097 vL=0.0486 t0=[red=0.00 blue=1.00]
[u  376] env= 24641536 rsucc=0.998 n_rounds= 4468 ret=+17.209 len=293.5 ent(t0,t>=1)=(0.001,0.908) aL=-0.0098 vL=0.0513 t0=[red=0.00 blue=1.00]
[u  377] env= 24707072 rsucc=0.998 n_rounds= 4515 ret=+17.273 len=290.0 ent(t0,t>=1)=(0.001,0.902) aL=-0.0095 vL=0.0494 t0=[red=0.00 blue=1.00]
[u  378] env= 24772608 rsucc=0.998 n_rounds= 4479 ret=+17.269 len=289.8 ent(t0,t>=1)=(0.002,0.911) aL=-0.0099 vL=0.0513 t0=[red=0.00 blue=1.00]
[u  379] env= 24838144 rsucc=0.998 n_rounds= 4456 ret=+17.172 len=295.1 ent(t0,t>=1)=(0.004,0.915) aL=-0.0107 vL=0.0520 t0=[red=0.00 blue=1.00]
[u  380] env= 24903680 rsucc=0.996 n_rounds= 4464 ret=+17.216 len=293.0 ent(t0,t>=1)=(0.002,0.925) aL=-0.0096 vL=0.0529 t0=[red=0.00 blue=1.00]
[u  381] env= 24969216 rsucc=0.995 n_rounds= 4396 ret=+17.132 len=297.9 ent(t0,t>=1)=(0.002,0.928) aL=-0.0105 vL=0.0528 t0=[red=0.00 blue=1.00]
[u  382] env= 25034752 rsucc=0.997 n_rounds= 4428 ret=+17.188 len=295.3 ent(t0,t>=1)=(0.002,0.919) aL=-0.0100 vL=0.0642 t0=[red=0.00 blue=1.00]
[u  383] env= 25100288 rsucc=0.996 n_rounds= 4438 ret=+17.120 len=298.9 ent(t0,t>=1)=(0.001,0.921) aL=-0.0105 vL=0.0575 t0=[red=0.00 blue=1.00]
[u  384] env= 25165824 rsucc=0.997 n_rounds= 4399 ret=+17.203 len=295.0 ent(t0,t>=1)=(0.002,0.925) aL=-0.0094 vL=0.0536 t0=[red=0.00 blue=1.00]
[u  385] env= 25231360 rsucc=0.998 n_rounds= 4428 ret=+17.172 len=297.4 ent(t0,t>=1)=(0.001,0.922) aL=-0.0097 vL=0.0524 t0=[red=0.00 blue=1.00]
[u  386] env= 25296896 rsucc=0.997 n_rounds= 4393 ret=+17.149 len=298.7 ent(t0,t>=1)=(0.001,0.925) aL=-0.0100 vL=0.0523 t0=[red=0.00 blue=1.00]
[u  387] env= 25362432 rsucc=0.997 n_rounds= 4408 ret=+17.157 len=298.5 ent(t0,t>=1)=(0.002,0.925) aL=-0.0093 vL=0.0538 t0=[red=0.00 blue=1.00]
[u  388] env= 25427968 rsucc=0.996 n_rounds= 4354 ret=+17.154 len=297.8 ent(t0,t>=1)=(0.001,0.931) aL=-0.0094 vL=0.0553 t0=[red=0.00 blue=1.00]
[u  389] env= 25493504 rsucc=0.997 n_rounds= 4366 ret=+17.119 len=299.9 ent(t0,t>=1)=(0.001,0.932) aL=-0.0099 vL=0.0494 t0=[red=0.00 blue=1.00]
[u  390] env= 25559040 rsucc=0.996 n_rounds= 4408 ret=+17.165 len=297.6 ent(t0,t>=1)=(0.001,0.933) aL=-0.0085 vL=0.0589 t0=[red=0.00 blue=1.00]
[u  391] env= 25624576 rsucc=0.997 n_rounds= 4420 ret=+17.133 len=299.3 ent(t0,t>=1)=(0.002,0.923) aL=-0.0085 vL=0.0555 t0=[red=0.00 blue=1.00]
[u  392] env= 25690112 rsucc=0.997 n_rounds= 4407 ret=+17.175 len=296.3 ent(t0,t>=1)=(0.002,0.931) aL=-0.0086 vL=0.0587 t0=[red=0.00 blue=1.00]
[u  393] env= 25755648 rsucc=0.997 n_rounds= 4429 ret=+17.162 len=296.2 ent(t0,t>=1)=(0.002,0.924) aL=-0.0081 vL=0.0614 t0=[red=0.00 blue=1.00]
[u  394] env= 25821184 rsucc=0.997 n_rounds= 4458 ret=+17.200 len=294.5 ent(t0,t>=1)=(0.002,0.921) aL=-0.0102 vL=0.0516 t0=[red=0.00 blue=1.00]
[u  395] env= 25886720 rsucc=0.997 n_rounds= 4442 ret=+17.217 len=293.2 ent(t0,t>=1)=(0.001,0.919) aL=-0.0086 vL=0.0674 t0=[red=0.00 blue=1.00]
[u  396] env= 25952256 rsucc=0.997 n_rounds= 4429 ret=+17.181 len=295.5 ent(t0,t>=1)=(0.002,0.920) aL=-0.0083 vL=0.0549 t0=[red=0.00 blue=1.00]
[u  397] env= 26017792 rsucc=0.997 n_rounds= 4481 ret=+17.208 len=293.4 ent(t0,t>=1)=(0.002,0.912) aL=-0.0086 vL=0.0521 t0=[red=0.00 blue=1.00]
[u  398] env= 26083328 rsucc=0.998 n_rounds= 4498 ret=+17.226 len=292.5 ent(t0,t>=1)=(0.002,0.917) aL=-0.0082 vL=0.0532 t0=[red=0.00 blue=1.00]
[u  399] env= 26148864 rsucc=0.998 n_rounds= 4472 ret=+17.234 len=292.4 ent(t0,t>=1)=(0.004,0.932) aL=-0.0103 vL=0.0494 t0=[red=0.00 blue=1.00]
[u  400] env= 26214400 rsucc=0.996 n_rounds= 4414 ret=+17.171 len=296.2 ent(t0,t>=1)=(0.006,0.945) aL=-0.0075 vL=0.0611 t0=[red=0.00 blue=1.00]
[u  401] env= 26279936 rsucc=0.998 n_rounds= 4429 ret=+17.196 len=294.5 ent(t0,t>=1)=(0.004,0.932) aL=-0.0098 vL=0.0568 t0=[red=0.00 blue=1.00]
[u  402] env= 26345472 rsucc=0.996 n_rounds= 4450 ret=+17.168 len=296.0 ent(t0,t>=1)=(0.006,0.942) aL=-0.0090 vL=0.0544 t0=[red=0.00 blue=1.00]
[u  403] env= 26411008 rsucc=0.995 n_rounds= 4368 ret=+17.155 len=296.4 ent(t0,t>=1)=(0.003,0.947) aL=-0.0090 vL=0.0577 t0=[red=0.00 blue=1.00]
[u  404] env= 26476544 rsucc=0.996 n_rounds= 4485 ret=+17.102 len=298.4 ent(t0,t>=1)=(0.002,0.922) aL=-0.0084 vL=0.0568 t0=[red=0.00 blue=1.00]
[u  405] env= 26542080 rsucc=0.997 n_rounds= 4458 ret=+17.254 len=290.6 ent(t0,t>=1)=(0.002,0.921) aL=-0.0098 vL=0.0561 t0=[red=0.00 blue=1.00]
[u  406] env= 26607616 rsucc=0.997 n_rounds= 4436 ret=+17.163 len=295.3 ent(t0,t>=1)=(0.002,0.933) aL=-0.0085 vL=0.0587 t0=[red=0.00 blue=1.00]
[u  407] env= 26673152 rsucc=0.997 n_rounds= 4434 ret=+17.168 len=296.6 ent(t0,t>=1)=(0.002,0.934) aL=-0.0107 vL=0.0566 t0=[red=0.00 blue=1.00]
[u  408] env= 26738688 rsucc=0.997 n_rounds= 4373 ret=+17.170 len=297.2 ent(t0,t>=1)=(0.003,0.935) aL=-0.0105 vL=0.0554 t0=[red=0.00 blue=1.00]
[u  409] env= 26804224 rsucc=0.996 n_rounds= 4415 ret=+17.170 len=297.2 ent(t0,t>=1)=(0.002,0.921) aL=-0.0102 vL=0.0551 t0=[red=0.00 blue=1.00]
[u  410] env= 26869760 rsucc=0.997 n_rounds= 4458 ret=+17.144 len=296.7 ent(t0,t>=1)=(0.002,0.939) aL=-0.0099 vL=0.0478 t0=[red=0.00 blue=1.00]
[u  411] env= 26935296 rsucc=0.998 n_rounds= 4414 ret=+17.187 len=296.8 ent(t0,t>=1)=(0.005,0.936) aL=-0.0076 vL=0.0598 t0=[red=0.00 blue=1.00]
[u  412] env= 27000832 rsucc=0.997 n_rounds= 4424 ret=+17.186 len=295.8 ent(t0,t>=1)=(0.003,0.931) aL=-0.0108 vL=0.0488 t0=[red=0.00 blue=1.00]
[u  413] env= 27066368 rsucc=0.997 n_rounds= 4438 ret=+17.165 len=296.7 ent(t0,t>=1)=(0.002,0.932) aL=-0.0089 vL=0.0556 t0=[red=0.00 blue=1.00]
[u  414] env= 27131904 rsucc=0.997 n_rounds= 4462 ret=+17.205 len=293.5 ent(t0,t>=1)=(0.002,0.925) aL=-0.0094 vL=0.0535 t0=[red=0.00 blue=1.00]
[u  415] env= 27197440 rsucc=0.997 n_rounds= 4421 ret=+17.193 len=295.7 ent(t0,t>=1)=(0.002,0.928) aL=-0.0082 vL=0.0619 t0=[red=0.00 blue=1.00]
[u  416] env= 27262976 rsucc=0.997 n_rounds= 4465 ret=+17.184 len=295.4 ent(t0,t>=1)=(0.003,0.939) aL=-0.0099 vL=0.0535 t0=[red=0.00 blue=1.00]
[u  417] env= 27328512 rsucc=0.996 n_rounds= 4385 ret=+17.187 len=295.2 ent(t0,t>=1)=(0.003,0.951) aL=-0.0102 vL=0.0597 t0=[red=0.00 blue=1.00]
[u  418] env= 27394048 rsucc=0.998 n_rounds= 4447 ret=+17.125 len=299.1 ent(t0,t>=1)=(0.003,0.941) aL=-0.0093 vL=0.0547 t0=[red=0.00 blue=1.00]
[u  419] env= 27459584 rsucc=0.995 n_rounds= 4341 ret=+17.154 len=297.4 ent(t0,t>=1)=(0.004,0.948) aL=-0.0101 vL=0.0544 t0=[red=0.00 blue=1.00]
[u  420] env= 27525120 rsucc=0.997 n_rounds= 4426 ret=+17.171 len=296.4 ent(t0,t>=1)=(0.003,0.938) aL=-0.0101 vL=0.0532 t0=[red=0.00 blue=1.00]
[u  421] env= 27590656 rsucc=0.996 n_rounds= 4420 ret=+17.148 len=297.5 ent(t0,t>=1)=(0.002,0.936) aL=-0.0095 vL=0.0500 t0=[red=0.00 blue=1.00]
[u  422] env= 27656192 rsucc=0.997 n_rounds= 4446 ret=+17.199 len=294.5 ent(t0,t>=1)=(0.003,0.939) aL=-0.0100 vL=0.0500 t0=[red=0.00 blue=1.00]
[u  423] env= 27721728 rsucc=0.997 n_rounds= 4418 ret=+17.171 len=295.8 ent(t0,t>=1)=(0.003,0.943) aL=-0.0100 vL=0.0544 t0=[red=0.00 blue=1.00]
[u  424] env= 27787264 rsucc=0.997 n_rounds= 4495 ret=+17.200 len=294.8 ent(t0,t>=1)=(0.002,0.929) aL=-0.0096 vL=0.0498 t0=[red=0.00 blue=1.00]
[u  425] env= 27852800 rsucc=0.998 n_rounds= 4446 ret=+17.206 len=293.8 ent(t0,t>=1)=(0.004,0.947) aL=-0.0093 vL=0.0556 t0=[red=0.00 blue=1.00]
[u  426] env= 27918336 rsucc=0.997 n_rounds= 4448 ret=+17.226 len=293.3 ent(t0,t>=1)=(0.005,0.936) aL=-0.0100 vL=0.0558 t0=[red=0.00 blue=1.00]
[u  427] env= 27983872 rsucc=0.998 n_rounds= 4494 ret=+17.199 len=294.0 ent(t0,t>=1)=(0.004,0.935) aL=-0.0087 vL=0.0530 t0=[red=0.00 blue=1.00]
[u  428] env= 28049408 rsucc=0.998 n_rounds= 4471 ret=+17.228 len=292.8 ent(t0,t>=1)=(0.003,0.939) aL=-0.0095 vL=0.0502 t0=[red=0.00 blue=1.00]
[u  429] env= 28114944 rsucc=0.998 n_rounds= 4468 ret=+17.230 len=291.8 ent(t0,t>=1)=(0.003,0.934) aL=-0.0094 vL=0.0557 t0=[red=0.00 blue=1.00]
[u  430] env= 28180480 rsucc=0.996 n_rounds= 4455 ret=+17.216 len=293.3 ent(t0,t>=1)=(0.004,0.945) aL=-0.0100 vL=0.0556 t0=[red=0.00 blue=1.00]
[u  431] env= 28246016 rsucc=0.995 n_rounds= 4421 ret=+17.157 len=295.9 ent(t0,t>=1)=(0.003,0.948) aL=-0.0093 vL=0.0569 t0=[red=0.00 blue=1.00]
[u  432] env= 28311552 rsucc=0.997 n_rounds= 4429 ret=+17.148 len=296.3 ent(t0,t>=1)=(0.003,0.949) aL=-0.0093 vL=0.0618 t0=[red=0.00 blue=1.00]
[u  433] env= 28377088 rsucc=0.996 n_rounds= 4428 ret=+17.165 len=296.4 ent(t0,t>=1)=(0.003,0.941) aL=-0.0096 vL=0.0631 t0=[red=0.00 blue=1.00]
[u  434] env= 28442624 rsucc=0.998 n_rounds= 4437 ret=+17.181 len=295.1 ent(t0,t>=1)=(0.003,0.937) aL=-0.0099 vL=0.0530 t0=[red=0.00 blue=1.00]
[u  435] env= 28508160 rsucc=0.998 n_rounds= 4461 ret=+17.198 len=293.8 ent(t0,t>=1)=(0.003,0.940) aL=-0.0099 vL=0.0549 t0=[red=0.00 blue=1.00]
[u  436] env= 28573696 rsucc=0.996 n_rounds= 4442 ret=+17.208 len=294.2 ent(t0,t>=1)=(0.003,0.943) aL=-0.0093 vL=0.0517 t0=[red=0.00 blue=1.00]
[u  437] env= 28639232 rsucc=0.998 n_rounds= 4481 ret=+17.171 len=295.6 ent(t0,t>=1)=(0.002,0.934) aL=-0.0101 vL=0.0492 t0=[red=0.00 blue=1.00]
[u  438] env= 28704768 rsucc=0.997 n_rounds= 4494 ret=+17.230 len=292.1 ent(t0,t>=1)=(0.002,0.924) aL=-0.0100 vL=0.0572 t0=[red=0.00 blue=1.00]
[u  439] env= 28770304 rsucc=0.997 n_rounds= 4432 ret=+17.231 len=292.3 ent(t0,t>=1)=(0.003,0.939) aL=-0.0092 vL=0.0551 t0=[red=0.00 blue=1.00]
[u  440] env= 28835840 rsucc=0.997 n_rounds= 4447 ret=+17.171 len=295.1 ent(t0,t>=1)=(0.005,0.929) aL=-0.0091 vL=0.0553 t0=[red=0.00 blue=1.00]
[u  441] env= 28901376 rsucc=0.996 n_rounds= 4426 ret=+17.153 len=297.0 ent(t0,t>=1)=(0.004,0.924) aL=-0.0098 vL=0.0556 t0=[red=0.00 blue=1.00]
[u  442] env= 28966912 rsucc=0.998 n_rounds= 4486 ret=+17.181 len=294.8 ent(t0,t>=1)=(0.004,0.921) aL=-0.0109 vL=0.0529 t0=[red=0.00 blue=1.00]
[u  443] env= 29032448 rsucc=0.997 n_rounds= 4457 ret=+17.231 len=292.4 ent(t0,t>=1)=(0.005,0.916) aL=-0.0095 vL=0.0590 t0=[red=0.00 blue=1.00]
[u  444] env= 29097984 rsucc=0.996 n_rounds= 4466 ret=+17.180 len=295.2 ent(t0,t>=1)=(0.004,0.917) aL=-0.0092 vL=0.0576 t0=[red=0.00 blue=1.00]
[u  445] env= 29163520 rsucc=0.998 n_rounds= 4441 ret=+17.186 len=294.0 ent(t0,t>=1)=(0.004,0.920) aL=-0.0098 vL=0.0534 t0=[red=0.00 blue=1.00]
[u  446] env= 29229056 rsucc=0.996 n_rounds= 4432 ret=+17.200 len=294.5 ent(t0,t>=1)=(0.005,0.916) aL=-0.0103 vL=0.0543 t0=[red=0.00 blue=1.00]
[u  447] env= 29294592 rsucc=0.998 n_rounds= 4474 ret=+17.205 len=293.6 ent(t0,t>=1)=(0.004,0.923) aL=-0.0098 vL=0.0514 t0=[red=0.00 blue=1.00]
[u  448] env= 29360128 rsucc=0.998 n_rounds= 4456 ret=+17.211 len=294.3 ent(t0,t>=1)=(0.004,0.932) aL=-0.0096 vL=0.0604 t0=[red=0.00 blue=1.00]
[u  449] env= 29425664 rsucc=0.994 n_rounds= 4374 ret=+17.121 len=298.5 ent(t0,t>=1)=(0.004,0.938) aL=-0.0102 vL=0.0543 t0=[red=0.00 blue=1.00]
[u  450] env= 29491200 rsucc=0.997 n_rounds= 4431 ret=+17.119 len=298.5 ent(t0,t>=1)=(0.004,0.927) aL=-0.0111 vL=0.0546 t0=[red=0.00 blue=1.00]
[u  451] env= 29556736 rsucc=0.997 n_rounds= 4448 ret=+17.216 len=293.5 ent(t0,t>=1)=(0.004,0.928) aL=-0.0098 vL=0.0522 t0=[red=0.00 blue=1.00]
[u  452] env= 29622272 rsucc=0.997 n_rounds= 4473 ret=+17.206 len=293.5 ent(t0,t>=1)=(0.004,0.923) aL=-0.0106 vL=0.0485 t0=[red=0.00 blue=1.00]
[u  453] env= 29687808 rsucc=0.996 n_rounds= 4430 ret=+17.190 len=294.1 ent(t0,t>=1)=(0.004,0.936) aL=-0.0090 vL=0.0562 t0=[red=0.00 blue=1.00]
[u  454] env= 29753344 rsucc=0.995 n_rounds= 4365 ret=+17.157 len=296.5 ent(t0,t>=1)=(0.007,0.942) aL=-0.0103 vL=0.0592 t0=[red=0.00 blue=1.00]
[u  455] env= 29818880 rsucc=0.996 n_rounds= 4439 ret=+17.096 len=299.7 ent(t0,t>=1)=(0.005,0.932) aL=-0.0103 vL=0.0546 t0=[red=0.00 blue=1.00]
[u  456] env= 29884416 rsucc=0.995 n_rounds= 4412 ret=+17.189 len=294.5 ent(t0,t>=1)=(0.005,0.936) aL=-0.0104 vL=0.0597 t0=[red=0.00 blue=1.00]
[u  457] env= 29949952 rsucc=0.997 n_rounds= 4416 ret=+17.125 len=298.5 ent(t0,t>=1)=(0.003,0.935) aL=-0.0097 vL=0.0655 t0=[red=0.00 blue=1.00]
[u  458] env= 30015488 rsucc=0.997 n_rounds= 4471 ret=+17.160 len=296.3 ent(t0,t>=1)=(0.003,0.925) aL=-0.0108 vL=0.0473 t0=[red=0.00 blue=1.00]
[u  459] env= 30081024 rsucc=0.998 n_rounds= 4469 ret=+17.230 len=292.6 ent(t0,t>=1)=(0.004,0.918) aL=-0.0105 vL=0.0502 t0=[red=0.00 blue=1.00]
[u  460] env= 30146560 rsucc=0.998 n_rounds= 4461 ret=+17.212 len=293.4 ent(t0,t>=1)=(0.004,0.915) aL=-0.0095 vL=0.0563 t0=[red=0.00 blue=1.00]
[u  461] env= 30212096 rsucc=0.997 n_rounds= 4447 ret=+17.192 len=295.4 ent(t0,t>=1)=(0.007,0.926) aL=-0.0091 vL=0.0641 t0=[red=0.00 blue=1.00]
[u  462] env= 30277632 rsucc=0.996 n_rounds= 4413 ret=+17.224 len=293.2 ent(t0,t>=1)=(0.006,0.920) aL=-0.0101 vL=0.0589 t0=[red=0.00 blue=1.00]
[u  463] env= 30343168 rsucc=0.997 n_rounds= 4430 ret=+17.129 len=298.1 ent(t0,t>=1)=(0.003,0.916) aL=-0.0102 vL=0.0491 t0=[red=0.00 blue=1.00]
[u  464] env= 30408704 rsucc=0.997 n_rounds= 4468 ret=+17.185 len=294.5 ent(t0,t>=1)=(0.003,0.907) aL=-0.0094 vL=0.0537 t0=[red=0.00 blue=1.00]
[u  465] env= 30474240 rsucc=0.995 n_rounds= 4454 ret=+17.166 len=295.2 ent(t0,t>=1)=(0.004,0.917) aL=-0.0097 vL=0.0523 t0=[red=0.00 blue=1.00]
[u  466] env= 30539776 rsucc=0.997 n_rounds= 4400 ret=+17.202 len=294.7 ent(t0,t>=1)=(0.004,0.909) aL=-0.0092 vL=0.0581 t0=[red=0.00 blue=1.00]
[u  467] env= 30605312 rsucc=0.997 n_rounds= 4476 ret=+17.156 len=296.1 ent(t0,t>=1)=(0.004,0.909) aL=-0.0097 vL=0.0527 t0=[red=0.00 blue=1.00]
[u  468] env= 30670848 rsucc=0.996 n_rounds= 4419 ret=+17.180 len=295.0 ent(t0,t>=1)=(0.009,0.916) aL=-0.0094 vL=0.0520 t0=[red=0.00 blue=1.00]
[u  469] env= 30736384 rsucc=0.995 n_rounds= 4391 ret=+17.142 len=296.5 ent(t0,t>=1)=(0.010,0.916) aL=-0.0088 vL=0.0627 t0=[red=0.00 blue=1.00]
[u  470] env= 30801920 rsucc=0.994 n_rounds= 4404 ret=+17.130 len=297.8 ent(t0,t>=1)=(0.006,0.926) aL=-0.0090 vL=0.0598 t0=[red=0.00 blue=1.00]
[u  471] env= 30867456 rsucc=0.997 n_rounds= 4456 ret=+17.142 len=294.9 ent(t0,t>=1)=(0.005,0.914) aL=-0.0106 vL=0.0621 t0=[red=0.00 blue=1.00]
[u  472] env= 30932992 rsucc=0.995 n_rounds= 4447 ret=+17.151 len=295.4 ent(t0,t>=1)=(0.006,0.907) aL=-0.0096 vL=0.0568 t0=[red=0.00 blue=1.00]
[u  473] env= 30998528 rsucc=0.994 n_rounds= 4397 ret=+17.146 len=296.3 ent(t0,t>=1)=(0.005,0.911) aL=-0.0096 vL=0.0583 t0=[red=0.00 blue=1.00]
[u  474] env= 31064064 rsucc=0.998 n_rounds= 4494 ret=+17.171 len=294.3 ent(t0,t>=1)=(0.003,0.913) aL=-0.0104 vL=0.0546 t0=[red=0.00 blue=1.00]
[u  475] env= 31129600 rsucc=0.996 n_rounds= 4474 ret=+17.218 len=291.8 ent(t0,t>=1)=(0.003,0.915) aL=-0.0093 vL=0.0561 t0=[red=0.00 blue=1.00]
[u  476] env= 31195136 rsucc=0.998 n_rounds= 4487 ret=+17.208 len=293.5 ent(t0,t>=1)=(0.003,0.916) aL=-0.0096 vL=0.0540 t0=[red=0.00 blue=1.00]
[u  477] env= 31260672 rsucc=0.996 n_rounds= 4434 ret=+17.174 len=295.3 ent(t0,t>=1)=(0.002,0.921) aL=-0.0097 vL=0.0524 t0=[red=0.00 blue=1.00]
[u  478] env= 31326208 rsucc=0.997 n_rounds= 4442 ret=+17.222 len=292.4 ent(t0,t>=1)=(0.001,0.926) aL=-0.0096 vL=0.0526 t0=[red=0.00 blue=1.00]
[u  479] env= 31391744 rsucc=0.998 n_rounds= 4517 ret=+17.204 len=292.8 ent(t0,t>=1)=(0.001,0.918) aL=-0.0106 vL=0.0495 t0=[red=0.00 blue=1.00]
[u  480] env= 31457280 rsucc=0.998 n_rounds= 4519 ret=+17.258 len=290.4 ent(t0,t>=1)=(0.001,0.934) aL=-0.0094 vL=0.0557 t0=[red=0.00 blue=1.00]
[u  481] env= 31522816 rsucc=0.998 n_rounds= 4488 ret=+17.236 len=291.4 ent(t0,t>=1)=(0.002,0.935) aL=-0.0096 vL=0.0488 t0=[red=0.00 blue=1.00]
[u  482] env= 31588352 rsucc=0.998 n_rounds= 4524 ret=+17.257 len=291.1 ent(t0,t>=1)=(0.002,0.928) aL=-0.0102 vL=0.0540 t0=[red=0.00 blue=1.00]
[u  483] env= 31653888 rsucc=0.998 n_rounds= 4479 ret=+17.219 len=292.3 ent(t0,t>=1)=(0.001,0.932) aL=-0.0099 vL=0.0529 t0=[red=0.00 blue=1.00]
[u  484] env= 31719424 rsucc=0.998 n_rounds= 4469 ret=+17.241 len=291.6 ent(t0,t>=1)=(0.001,0.926) aL=-0.0094 vL=0.0594 t0=[red=0.00 blue=1.00]
[u  485] env= 31784960 rsucc=0.998 n_rounds= 4486 ret=+17.264 len=290.8 ent(t0,t>=1)=(0.001,0.927) aL=-0.0109 vL=0.0582 t0=[red=0.00 blue=1.00]
[u  486] env= 31850496 rsucc=0.998 n_rounds= 4501 ret=+17.211 len=293.9 ent(t0,t>=1)=(0.001,0.918) aL=-0.0116 vL=0.0519 t0=[red=0.00 blue=1.00]
[u  487] env= 31916032 rsucc=0.998 n_rounds= 4484 ret=+17.256 len=291.3 ent(t0,t>=1)=(0.001,0.920) aL=-0.0110 vL=0.0558 t0=[red=0.00 blue=1.00]
[u  488] env= 31981568 rsucc=0.998 n_rounds= 4515 ret=+17.270 len=289.8 ent(t0,t>=1)=(0.001,0.919) aL=-0.0101 vL=0.0542 t0=[red=0.00 blue=1.00]
[u  489] env= 32047104 rsucc=0.997 n_rounds= 4498 ret=+17.235 len=291.8 ent(t0,t>=1)=(0.001,0.921) aL=-0.0099 vL=0.0530 t0=[red=0.00 blue=1.00]
[u  490] env= 32112640 rsucc=0.998 n_rounds= 4445 ret=+17.197 len=294.5 ent(t0,t>=1)=(0.001,0.918) aL=-0.0099 vL=0.0562 t0=[red=0.00 blue=1.00]
[u  491] env= 32178176 rsucc=0.997 n_rounds= 4475 ret=+17.213 len=293.4 ent(t0,t>=1)=(0.001,0.931) aL=-0.0100 vL=0.0559 t0=[red=0.00 blue=1.00]
[u  492] env= 32243712 rsucc=0.998 n_rounds= 4471 ret=+17.226 len=293.3 ent(t0,t>=1)=(0.002,0.928) aL=-0.0111 vL=0.0495 t0=[red=0.00 blue=1.00]
[u  493] env= 32309248 rsucc=0.997 n_rounds= 4456 ret=+17.229 len=292.1 ent(t0,t>=1)=(0.002,0.931) aL=-0.0103 vL=0.0518 t0=[red=0.00 blue=1.00]
[u  494] env= 32374784 rsucc=0.998 n_rounds= 4490 ret=+17.201 len=294.4 ent(t0,t>=1)=(0.003,0.925) aL=-0.0104 vL=0.0525 t0=[red=0.00 blue=1.00]
[u  495] env= 32440320 rsucc=0.996 n_rounds= 4415 ret=+17.219 len=293.1 ent(t0,t>=1)=(0.002,0.929) aL=-0.0102 vL=0.0557 t0=[red=0.00 blue=1.00]
[u  496] env= 32505856 rsucc=0.996 n_rounds= 4461 ret=+17.127 len=297.8 ent(t0,t>=1)=(0.002,0.928) aL=-0.0099 vL=0.0536 t0=[red=0.00 blue=1.00]
[u  497] env= 32571392 rsucc=0.997 n_rounds= 4447 ret=+17.209 len=293.1 ent(t0,t>=1)=(0.001,0.922) aL=-0.0099 vL=0.0539 t0=[red=0.00 blue=1.00]
[u  498] env= 32636928 rsucc=0.998 n_rounds= 4510 ret=+17.241 len=292.3 ent(t0,t>=1)=(0.001,0.926) aL=-0.0098 vL=0.0492 t0=[red=0.00 blue=1.00]
[u  499] env= 32702464 rsucc=0.998 n_rounds= 4454 ret=+17.243 len=291.7 ent(t0,t>=1)=(0.002,0.936) aL=-0.0091 vL=0.0537 t0=[red=0.00 blue=1.00]
[u  500] env= 32768000 rsucc=0.997 n_rounds= 4468 ret=+17.221 len=293.3 ent(t0,t>=1)=(0.003,0.927) aL=-0.0098 vL=0.0522 t0=[red=0.00 blue=1.00]
[u  501] env= 32833536 rsucc=0.998 n_rounds= 4502 ret=+17.215 len=293.5 ent(t0,t>=1)=(0.002,0.916) aL=-0.0091 vL=0.0551 t0=[red=0.00 blue=1.00]
[u  502] env= 32899072 rsucc=0.998 n_rounds= 4496 ret=+17.238 len=292.2 ent(t0,t>=1)=(0.002,0.928) aL=-0.0101 vL=0.0492 t0=[red=0.00 blue=1.00]
[u  503] env= 32964608 rsucc=0.998 n_rounds= 4502 ret=+17.248 len=291.2 ent(t0,t>=1)=(0.002,0.926) aL=-0.0092 vL=0.0568 t0=[red=0.00 blue=1.00]
[u  504] env= 33030144 rsucc=0.997 n_rounds= 4460 ret=+17.240 len=291.1 ent(t0,t>=1)=(0.002,0.930) aL=-0.0103 vL=0.0530 t0=[red=0.00 blue=1.00]
[u  505] env= 33095680 rsucc=0.998 n_rounds= 4486 ret=+17.213 len=293.2 ent(t0,t>=1)=(0.003,0.926) aL=-0.0099 vL=0.0529 t0=[red=0.00 blue=1.00]
[u  506] env= 33161216 rsucc=0.997 n_rounds= 4450 ret=+17.205 len=293.9 ent(t0,t>=1)=(0.004,0.942) aL=-0.0090 vL=0.0605 t0=[red=0.00 blue=1.00]
[u  507] env= 33226752 rsucc=0.997 n_rounds= 4429 ret=+17.215 len=293.0 ent(t0,t>=1)=(0.004,0.925) aL=-0.0096 vL=0.0586 t0=[red=0.00 blue=1.00]
[u  508] env= 33292288 rsucc=0.997 n_rounds= 4498 ret=+17.158 len=296.2 ent(t0,t>=1)=(0.008,0.934) aL=-0.0099 vL=0.0527 t0=[red=0.00 blue=1.00]
[u  509] env= 33357824 rsucc=0.996 n_rounds= 4418 ret=+17.230 len=291.8 ent(t0,t>=1)=(0.013,0.937) aL=-0.0103 vL=0.0605 t0=[red=0.00 blue=1.00]
[u  510] env= 33423360 rsucc=0.993 n_rounds= 4358 ret=+17.117 len=297.8 ent(t0,t>=1)=(0.008,0.952) aL=-0.0094 vL=0.0672 t0=[red=0.01 blue=0.99]
[u  511] env= 33488896 rsucc=0.996 n_rounds= 4423 ret=+17.075 len=300.4 ent(t0,t>=1)=(0.007,0.947) aL=-0.0107 vL=0.0502 t0=[red=0.00 blue=1.00]
[u  512] env= 33554432 rsucc=0.996 n_rounds= 4413 ret=+17.157 len=296.7 ent(t0,t>=1)=(0.006,0.937) aL=-0.0105 vL=0.0595 t0=[red=0.00 blue=1.00]
[u  513] env= 33619968 rsucc=0.996 n_rounds= 4449 ret=+17.178 len=295.1 ent(t0,t>=1)=(0.004,0.929) aL=-0.0091 vL=0.0603 t0=[red=0.00 blue=1.00]
[u  514] env= 33685504 rsucc=0.996 n_rounds= 4404 ret=+17.152 len=296.8 ent(t0,t>=1)=(0.004,0.933) aL=-0.0108 vL=0.0505 t0=[red=0.00 blue=1.00]
[u  515] env= 33751040 rsucc=0.998 n_rounds= 4483 ret=+17.151 len=296.8 ent(t0,t>=1)=(0.003,0.920) aL=-0.0096 vL=0.0562 t0=[red=0.00 blue=1.00]
[u  516] env= 33816576 rsucc=0.997 n_rounds= 4467 ret=+17.188 len=294.9 ent(t0,t>=1)=(0.003,0.906) aL=-0.0097 vL=0.0585 t0=[red=0.00 blue=1.00]
[u  517] env= 33882112 rsucc=0.997 n_rounds= 4490 ret=+17.277 len=289.2 ent(t0,t>=1)=(0.003,0.913) aL=-0.0101 vL=0.0533 t0=[red=0.00 blue=1.00]
[u  518] env= 33947648 rsucc=0.996 n_rounds= 4455 ret=+17.209 len=292.6 ent(t0,t>=1)=(0.003,0.916) aL=-0.0093 vL=0.0571 t0=[red=0.00 blue=1.00]
[u  519] env= 34013184 rsucc=0.997 n_rounds= 4478 ret=+17.178 len=295.0 ent(t0,t>=1)=(0.003,0.916) aL=-0.0102 vL=0.0541 t0=[red=0.00 blue=1.00]
[u  520] env= 34078720 rsucc=0.998 n_rounds= 4497 ret=+17.215 len=292.4 ent(t0,t>=1)=(0.005,0.913) aL=-0.0100 vL=0.0519 t0=[red=0.00 blue=1.00]
[u  521] env= 34144256 rsucc=0.996 n_rounds= 4416 ret=+17.179 len=295.0 ent(t0,t>=1)=(0.006,0.929) aL=-0.0094 vL=0.0553 t0=[red=0.00 blue=1.00]
[u  522] env= 34209792 rsucc=0.998 n_rounds= 4489 ret=+17.203 len=294.4 ent(t0,t>=1)=(0.006,0.916) aL=-0.0097 vL=0.0563 t0=[red=0.00 blue=1.00]
[u  523] env= 34275328 rsucc=0.996 n_rounds= 4421 ret=+17.204 len=293.6 ent(t0,t>=1)=(0.005,0.912) aL=-0.0098 vL=0.0538 t0=[red=0.00 blue=1.00]
[u  524] env= 34340864 rsucc=0.996 n_rounds= 4456 ret=+17.201 len=293.1 ent(t0,t>=1)=(0.004,0.910) aL=-0.0098 vL=0.0523 t0=[red=0.00 blue=1.00]
[u  525] env= 34406400 rsucc=0.998 n_rounds= 4471 ret=+17.194 len=295.0 ent(t0,t>=1)=(0.003,0.914) aL=-0.0102 vL=0.0540 t0=[red=0.00 blue=1.00]
[u  526] env= 34471936 rsucc=0.997 n_rounds= 4462 ret=+17.193 len=294.1 ent(t0,t>=1)=(0.003,0.920) aL=-0.0102 vL=0.0542 t0=[red=0.00 blue=1.00]
[u  527] env= 34537472 rsucc=0.998 n_rounds= 4484 ret=+17.266 len=290.2 ent(t0,t>=1)=(0.004,0.919) aL=-0.0097 vL=0.0542 t0=[red=0.00 blue=1.00]
[u  528] env= 34603008 rsucc=0.997 n_rounds= 4463 ret=+17.172 len=295.5 ent(t0,t>=1)=(0.005,0.927) aL=-0.0102 vL=0.0550 t0=[red=0.00 blue=1.00]
[u  529] env= 34668544 rsucc=0.998 n_rounds= 4505 ret=+17.232 len=291.9 ent(t0,t>=1)=(0.004,0.913) aL=-0.0099 vL=0.0512 t0=[red=0.00 blue=1.00]
[u  530] env= 34734080 rsucc=0.997 n_rounds= 4475 ret=+17.240 len=291.4 ent(t0,t>=1)=(0.003,0.917) aL=-0.0096 vL=0.0538 t0=[red=0.00 blue=1.00]
[u  531] env= 34799616 rsucc=0.997 n_rounds= 4461 ret=+17.206 len=293.7 ent(t0,t>=1)=(0.002,0.913) aL=-0.0097 vL=0.0610 t0=[red=0.00 blue=1.00]
[u  532] env= 34865152 rsucc=0.998 n_rounds= 4503 ret=+17.231 len=292.2 ent(t0,t>=1)=(0.005,0.917) aL=-0.0104 vL=0.0530 t0=[red=0.00 blue=1.00]
[u  533] env= 34930688 rsucc=0.998 n_rounds= 4507 ret=+17.232 len=292.1 ent(t0,t>=1)=(0.006,0.925) aL=-0.0101 vL=0.0488 t0=[red=0.00 blue=1.00]
[u  534] env= 34996224 rsucc=0.996 n_rounds= 4432 ret=+17.205 len=292.4 ent(t0,t>=1)=(0.006,0.934) aL=-0.0094 vL=0.0548 t0=[red=0.00 blue=1.00]
[u  535] env= 35061760 rsucc=0.998 n_rounds= 4462 ret=+17.181 len=295.4 ent(t0,t>=1)=(0.005,0.923) aL=-0.0098 vL=0.0567 t0=[red=0.00 blue=1.00]
[u  536] env= 35127296 rsucc=0.997 n_rounds= 4453 ret=+17.231 len=293.3 ent(t0,t>=1)=(0.004,0.930) aL=-0.0098 vL=0.0566 t0=[red=0.00 blue=1.00]
[u  537] env= 35192832 rsucc=0.998 n_rounds= 4477 ret=+17.211 len=293.1 ent(t0,t>=1)=(0.004,0.932) aL=-0.0094 vL=0.0532 t0=[red=0.00 blue=1.00]
[u  538] env= 35258368 rsucc=0.998 n_rounds= 4476 ret=+17.210 len=293.1 ent(t0,t>=1)=(0.004,0.931) aL=-0.0087 vL=0.0623 t0=[red=0.00 blue=1.00]
[u  539] env= 35323904 rsucc=0.997 n_rounds= 4435 ret=+17.207 len=294.3 ent(t0,t>=1)=(0.004,0.928) aL=-0.0096 vL=0.0597 t0=[red=0.00 blue=1.00]
[u  540] env= 35389440 rsucc=0.997 n_rounds= 4466 ret=+17.168 len=295.2 ent(t0,t>=1)=(0.003,0.936) aL=-0.0099 vL=0.0544 t0=[red=0.00 blue=1.00]
[u  541] env= 35454976 rsucc=0.997 n_rounds= 4429 ret=+17.193 len=294.7 ent(t0,t>=1)=(0.003,0.934) aL=-0.0098 vL=0.0536 t0=[red=0.00 blue=1.00]
[u  542] env= 35520512 rsucc=0.997 n_rounds= 4433 ret=+17.186 len=295.5 ent(t0,t>=1)=(0.004,0.934) aL=-0.0102 vL=0.0561 t0=[red=0.00 blue=1.00]
[u  543] env= 35586048 rsucc=0.997 n_rounds= 4416 ret=+17.178 len=295.8 ent(t0,t>=1)=(0.003,0.933) aL=-0.0101 vL=0.0503 t0=[red=0.00 blue=1.00]
[u  544] env= 35651584 rsucc=0.997 n_rounds= 4445 ret=+17.171 len=295.7 ent(t0,t>=1)=(0.004,0.929) aL=-0.0104 vL=0.0501 t0=[red=0.00 blue=1.00]
[u  545] env= 35717120 rsucc=0.996 n_rounds= 4452 ret=+17.187 len=295.0 ent(t0,t>=1)=(0.005,0.934) aL=-0.0099 vL=0.0529 t0=[red=0.00 blue=1.00]
[u  546] env= 35782656 rsucc=0.998 n_rounds= 4457 ret=+17.200 len=294.1 ent(t0,t>=1)=(0.004,0.920) aL=-0.0094 vL=0.0605 t0=[red=0.00 blue=1.00]
[u  547] env= 35848192 rsucc=0.996 n_rounds= 4435 ret=+17.184 len=294.8 ent(t0,t>=1)=(0.004,0.927) aL=-0.0101 vL=0.0488 t0=[red=0.00 blue=1.00]
[u  548] env= 35913728 rsucc=0.998 n_rounds= 4470 ret=+17.187 len=295.3 ent(t0,t>=1)=(0.004,0.923) aL=-0.0104 vL=0.0483 t0=[red=0.00 blue=1.00]
[u  549] env= 35979264 rsucc=0.997 n_rounds= 4430 ret=+17.213 len=294.6 ent(t0,t>=1)=(0.004,0.924) aL=-0.0098 vL=0.0573 t0=[red=0.00 blue=1.00]
[u  550] env= 36044800 rsucc=0.997 n_rounds= 4474 ret=+17.225 len=293.3 ent(t0,t>=1)=(0.004,0.931) aL=-0.0098 vL=0.0516 t0=[red=0.00 blue=1.00]
[u  551] env= 36110336 rsucc=0.997 n_rounds= 4429 ret=+17.181 len=295.6 ent(t0,t>=1)=(0.005,0.926) aL=-0.0099 vL=0.0538 t0=[red=0.00 blue=1.00]
[u  552] env= 36175872 rsucc=0.998 n_rounds= 4427 ret=+17.200 len=294.9 ent(t0,t>=1)=(0.005,0.914) aL=-0.0095 vL=0.0571 t0=[red=0.00 blue=1.00]
[u  553] env= 36241408 rsucc=0.995 n_rounds= 4422 ret=+17.129 len=298.7 ent(t0,t>=1)=(0.004,0.917) aL=-0.0106 vL=0.0564 t0=[red=0.00 blue=1.00]
[u  554] env= 36306944 rsucc=0.997 n_rounds= 4440 ret=+17.205 len=293.1 ent(t0,t>=1)=(0.004,0.913) aL=-0.0103 vL=0.0532 t0=[red=0.00 blue=1.00]
[u  555] env= 36372480 rsucc=0.998 n_rounds= 4485 ret=+17.240 len=292.0 ent(t0,t>=1)=(0.004,0.910) aL=-0.0100 vL=0.0550 t0=[red=0.00 blue=1.00]
[u  556] env= 36438016 rsucc=0.996 n_rounds= 4394 ret=+17.192 len=294.7 ent(t0,t>=1)=(0.004,0.915) aL=-0.0089 vL=0.0584 t0=[red=0.00 blue=1.00]
[u  557] env= 36503552 rsucc=0.998 n_rounds= 4454 ret=+17.148 len=297.3 ent(t0,t>=1)=(0.005,0.918) aL=-0.0107 vL=0.0529 t0=[red=0.00 blue=1.00]
[u  558] env= 36569088 rsucc=0.996 n_rounds= 4436 ret=+17.181 len=296.0 ent(t0,t>=1)=(0.006,0.919) aL=-0.0101 vL=0.0563 t0=[red=0.00 blue=1.00]
[u  559] env= 36634624 rsucc=0.997 n_rounds= 4414 ret=+17.192 len=295.3 ent(t0,t>=1)=(0.003,0.931) aL=-0.0105 vL=0.0527 t0=[red=0.00 blue=1.00]
[u  560] env= 36700160 rsucc=0.997 n_rounds= 4464 ret=+17.146 len=297.3 ent(t0,t>=1)=(0.003,0.913) aL=-0.0101 vL=0.0536 t0=[red=0.00 blue=1.00]
[u  561] env= 36765696 rsucc=0.998 n_rounds= 4490 ret=+17.231 len=291.6 ent(t0,t>=1)=(0.002,0.917) aL=-0.0090 vL=0.0567 t0=[red=0.00 blue=1.00]
[u  562] env= 36831232 rsucc=0.997 n_rounds= 4463 ret=+17.235 len=292.0 ent(t0,t>=1)=(0.002,0.909) aL=-0.0098 vL=0.0574 t0=[red=0.00 blue=1.00]
[u  563] env= 36896768 rsucc=0.998 n_rounds= 4505 ret=+17.215 len=293.2 ent(t0,t>=1)=(0.002,0.913) aL=-0.0100 vL=0.0513 t0=[red=0.00 blue=1.00]
[u  564] env= 36962304 rsucc=0.998 n_rounds= 4496 ret=+17.249 len=291.4 ent(t0,t>=1)=(0.001,0.915) aL=-0.0101 vL=0.0526 t0=[red=0.00 blue=1.00]
[u  565] env= 37027840 rsucc=0.997 n_rounds= 4463 ret=+17.195 len=293.7 ent(t0,t>=1)=(0.001,0.919) aL=-0.0098 vL=0.0554 t0=[red=0.00 blue=1.00]
[u  566] env= 37093376 rsucc=0.998 n_rounds= 4494 ret=+17.255 len=290.4 ent(t0,t>=1)=(0.001,0.922) aL=-0.0103 vL=0.0518 t0=[red=0.00 blue=1.00]
[u  567] env= 37158912 rsucc=0.998 n_rounds= 4515 ret=+17.216 len=293.1 ent(t0,t>=1)=(0.001,0.919) aL=-0.0102 vL=0.0505 t0=[red=0.00 blue=1.00]
[u  568] env= 37224448 rsucc=0.998 n_rounds= 4501 ret=+17.262 len=290.2 ent(t0,t>=1)=(0.001,0.922) aL=-0.0092 vL=0.0560 t0=[red=0.00 blue=1.00]
[u  569] env= 37289984 rsucc=0.999 n_rounds= 4525 ret=+17.272 len=289.8 ent(t0,t>=1)=(0.001,0.920) aL=-0.0100 vL=0.0485 t0=[red=0.00 blue=1.00]
[u  570] env= 37355520 rsucc=0.998 n_rounds= 4540 ret=+17.258 len=290.6 ent(t0,t>=1)=(0.003,0.920) aL=-0.0096 vL=0.0565 t0=[red=0.00 blue=1.00]
[u  571] env= 37421056 rsucc=0.998 n_rounds= 4497 ret=+17.283 len=288.6 ent(t0,t>=1)=(0.002,0.933) aL=-0.0098 vL=0.0484 t0=[red=0.00 blue=1.00]
[u  572] env= 37486592 rsucc=0.998 n_rounds= 4512 ret=+17.235 len=292.3 ent(t0,t>=1)=(0.002,0.933) aL=-0.0098 vL=0.0504 t0=[red=0.00 blue=1.00]
[u  573] env= 37552128 rsucc=0.998 n_rounds= 4490 ret=+17.236 len=291.1 ent(t0,t>=1)=(0.003,0.935) aL=-0.0099 vL=0.0546 t0=[red=0.00 blue=1.00]
[u  574] env= 37617664 rsucc=0.998 n_rounds= 4479 ret=+17.265 len=290.3 ent(t0,t>=1)=(0.002,0.937) aL=-0.0095 vL=0.0556 t0=[red=0.00 blue=1.00]
[u  575] env= 37683200 rsucc=0.998 n_rounds= 4492 ret=+17.229 len=292.6 ent(t0,t>=1)=(0.003,0.926) aL=-0.0096 vL=0.0510 t0=[red=0.00 blue=1.00]
[u  576] env= 37748736 rsucc=0.997 n_rounds= 4500 ret=+17.187 len=293.8 ent(t0,t>=1)=(0.002,0.929) aL=-0.0091 vL=0.0586 t0=[red=0.00 blue=1.00]
[u  577] env= 37814272 rsucc=0.998 n_rounds= 4556 ret=+17.289 len=288.4 ent(t0,t>=1)=(0.002,0.926) aL=-0.0095 vL=0.0503 t0=[red=0.00 blue=1.00]
[u  578] env= 37879808 rsucc=0.998 n_rounds= 4482 ret=+17.244 len=290.2 ent(t0,t>=1)=(0.002,0.928) aL=-0.0086 vL=0.0593 t0=[red=0.00 blue=1.00]
[u  579] env= 37945344 rsucc=0.998 n_rounds= 4500 ret=+17.249 len=291.0 ent(t0,t>=1)=(0.003,0.931) aL=-0.0093 vL=0.0567 t0=[red=0.00 blue=1.00]
[u  580] env= 38010880 rsucc=0.997 n_rounds= 4510 ret=+17.225 len=292.0 ent(t0,t>=1)=(0.003,0.928) aL=-0.0088 vL=0.0569 t0=[red=0.00 blue=1.00]
[u  581] env= 38076416 rsucc=0.999 n_rounds= 4524 ret=+17.262 len=290.2 ent(t0,t>=1)=(0.002,0.929) aL=-0.0097 vL=0.0545 t0=[red=0.00 blue=1.00]
[u  582] env= 38141952 rsucc=0.997 n_rounds= 4483 ret=+17.274 len=289.4 ent(t0,t>=1)=(0.002,0.934) aL=-0.0096 vL=0.0589 t0=[red=0.00 blue=1.00]
[u  583] env= 38207488 rsucc=0.998 n_rounds= 4499 ret=+17.209 len=293.3 ent(t0,t>=1)=(0.003,0.933) aL=-0.0093 vL=0.0552 t0=[red=0.00 blue=1.00]
[u  584] env= 38273024 rsucc=0.997 n_rounds= 4476 ret=+17.215 len=292.5 ent(t0,t>=1)=(0.003,0.939) aL=-0.0095 vL=0.0629 t0=[red=0.00 blue=1.00]
[u  585] env= 38338560 rsucc=0.997 n_rounds= 4501 ret=+17.235 len=291.3 ent(t0,t>=1)=(0.002,0.933) aL=-0.0099 vL=0.0497 t0=[red=0.00 blue=1.00]
[u  586] env= 38404096 rsucc=0.998 n_rounds= 4504 ret=+17.241 len=291.0 ent(t0,t>=1)=(0.003,0.931) aL=-0.0095 vL=0.0545 t0=[red=0.00 blue=1.00]
[u  587] env= 38469632 rsucc=0.998 n_rounds= 4473 ret=+17.264 len=291.0 ent(t0,t>=1)=(0.003,0.933) aL=-0.0074 vL=0.0488 t0=[red=0.00 blue=1.00]
[u  588] env= 38535168 rsucc=0.997 n_rounds= 4497 ret=+17.242 len=291.2 ent(t0,t>=1)=(0.002,0.941) aL=-0.0097 vL=0.0564 t0=[red=0.00 blue=1.00]
[u  589] env= 38600704 rsucc=0.998 n_rounds= 4486 ret=+17.184 len=294.5 ent(t0,t>=1)=(0.003,0.939) aL=-0.0091 vL=0.0623 t0=[red=0.00 blue=1.00]
[u  590] env= 38666240 rsucc=0.998 n_rounds= 4477 ret=+17.252 len=291.2 ent(t0,t>=1)=(0.003,0.931) aL=-0.0097 vL=0.0526 t0=[red=0.00 blue=1.00]
[u  591] env= 38731776 rsucc=0.998 n_rounds= 4481 ret=+17.219 len=292.7 ent(t0,t>=1)=(0.003,0.939) aL=-0.0093 vL=0.0559 t0=[red=0.00 blue=1.00]
[u  592] env= 38797312 rsucc=0.998 n_rounds= 4520 ret=+17.234 len=291.2 ent(t0,t>=1)=(0.003,0.924) aL=-0.0097 vL=0.0496 t0=[red=0.00 blue=1.00]
[u  593] env= 38862848 rsucc=0.998 n_rounds= 4542 ret=+17.271 len=289.4 ent(t0,t>=1)=(0.004,0.932) aL=-0.0088 vL=0.0590 t0=[red=0.00 blue=1.00]
[u  594] env= 38928384 rsucc=0.998 n_rounds= 4519 ret=+17.277 len=288.2 ent(t0,t>=1)=(0.004,0.917) aL=-0.0098 vL=0.0539 t0=[red=0.00 blue=1.00]
[u  595] env= 38993920 rsucc=0.998 n_rounds= 4531 ret=+17.226 len=291.7 ent(t0,t>=1)=(0.004,0.922) aL=-0.0094 vL=0.0531 t0=[red=0.00 blue=1.00]
[u  596] env= 39059456 rsucc=0.997 n_rounds= 4481 ret=+17.264 len=289.5 ent(t0,t>=1)=(0.006,0.929) aL=-0.0096 vL=0.0597 t0=[red=0.00 blue=1.00]
[u  597] env= 39124992 rsucc=0.998 n_rounds= 4549 ret=+17.222 len=291.6 ent(t0,t>=1)=(0.006,0.918) aL=-0.0093 vL=0.0550 t0=[red=0.00 blue=1.00]
[u  598] env= 39190528 rsucc=0.997 n_rounds= 4504 ret=+17.267 len=288.7 ent(t0,t>=1)=(0.006,0.913) aL=-0.0089 vL=0.0570 t0=[red=0.00 blue=1.00]
[u  599] env= 39256064 rsucc=0.997 n_rounds= 4537 ret=+17.196 len=292.2 ent(t0,t>=1)=(0.011,0.919) aL=-0.0091 vL=0.0585 t0=[red=0.00 blue=1.00]
[u  600] env= 39321600 rsucc=0.996 n_rounds= 4450 ret=+17.246 len=290.0 ent(t0,t>=1)=(0.008,0.925) aL=-0.0088 vL=0.0603 t0=[red=0.00 blue=1.00]
[u  601] env= 39387136 rsucc=0.998 n_rounds= 4530 ret=+17.215 len=291.9 ent(t0,t>=1)=(0.007,0.917) aL=-0.0091 vL=0.0605 t0=[red=0.00 blue=1.00]
[u  602] env= 39452672 rsucc=0.997 n_rounds= 4505 ret=+17.254 len=289.5 ent(t0,t>=1)=(0.004,0.915) aL=-0.0090 vL=0.0615 t0=[red=0.00 blue=1.00]
[u  603] env= 39518208 rsucc=0.997 n_rounds= 4527 ret=+17.219 len=291.4 ent(t0,t>=1)=(0.005,0.927) aL=-0.0095 vL=0.0639 t0=[red=0.00 blue=1.00]
[u  604] env= 39583744 rsucc=0.997 n_rounds= 4456 ret=+17.217 len=291.3 ent(t0,t>=1)=(0.005,0.925) aL=-0.0090 vL=0.0576 t0=[red=0.00 blue=1.00]
[u  605] env= 39649280 rsucc=0.996 n_rounds= 4481 ret=+17.196 len=294.6 ent(t0,t>=1)=(0.004,0.926) aL=-0.0096 vL=0.0636 t0=[red=0.00 blue=1.00]
[u  606] env= 39714816 rsucc=0.997 n_rounds= 4459 ret=+17.213 len=292.4 ent(t0,t>=1)=(0.004,0.921) aL=-0.0104 vL=0.0590 t0=[red=0.00 blue=1.00]
[u  607] env= 39780352 rsucc=0.998 n_rounds= 4485 ret=+17.205 len=293.4 ent(t0,t>=1)=(0.003,0.920) aL=-0.0102 vL=0.0572 t0=[red=0.00 blue=1.00]
[u  608] env= 39845888 rsucc=0.998 n_rounds= 4474 ret=+17.236 len=292.2 ent(t0,t>=1)=(0.003,0.918) aL=-0.0091 vL=0.0551 t0=[red=0.00 blue=1.00]
[u  609] env= 39911424 rsucc=0.997 n_rounds= 4490 ret=+17.219 len=291.9 ent(t0,t>=1)=(0.003,0.924) aL=-0.0101 vL=0.0543 t0=[red=0.00 blue=1.00]
[u  610] env= 39976960 rsucc=0.998 n_rounds= 4518 ret=+17.268 len=290.1 ent(t0,t>=1)=(0.003,0.915) aL=-0.0093 vL=0.0561 t0=[red=0.00 blue=1.00]
[u  611] env= 40042496 rsucc=0.998 n_rounds= 4534 ret=+17.246 len=290.9 ent(t0,t>=1)=(0.003,0.918) aL=-0.0091 vL=0.0488 t0=[red=0.00 blue=1.00]
[u  612] env= 40108032 rsucc=0.998 n_rounds= 4540 ret=+17.267 len=289.7 ent(t0,t>=1)=(0.003,0.917) aL=-0.0086 vL=0.0543 t0=[red=0.00 blue=1.00]
[u  613] env= 40173568 rsucc=0.998 n_rounds= 4530 ret=+17.278 len=288.7 ent(t0,t>=1)=(0.004,0.926) aL=-0.0092 vL=0.0553 t0=[red=0.00 blue=1.00]
[u  614] env= 40239104 rsucc=0.997 n_rounds= 4509 ret=+17.257 len=289.1 ent(t0,t>=1)=(0.003,0.930) aL=-0.0095 vL=0.0564 t0=[red=0.00 blue=1.00]
[u  615] env= 40304640 rsucc=0.998 n_rounds= 4557 ret=+17.291 len=287.6 ent(t0,t>=1)=(0.003,0.922) aL=-0.0095 vL=0.0507 t0=[red=0.00 blue=1.00]
[u  616] env= 40370176 rsucc=0.997 n_rounds= 4495 ret=+17.269 len=289.5 ent(t0,t>=1)=(0.003,0.937) aL=-0.0095 vL=0.0514 t0=[red=0.00 blue=1.00]
[u  617] env= 40435712 rsucc=0.998 n_rounds= 4492 ret=+17.215 len=292.6 ent(t0,t>=1)=(0.003,0.929) aL=-0.0082 vL=0.0635 t0=[red=0.00 blue=1.00]
[u  618] env= 40501248 rsucc=0.997 n_rounds= 4497 ret=+17.215 len=292.3 ent(t0,t>=1)=(0.004,0.928) aL=-0.0096 vL=0.0594 t0=[red=0.00 blue=1.00]
[u  619] env= 40566784 rsucc=0.997 n_rounds= 4449 ret=+17.228 len=292.2 ent(t0,t>=1)=(0.004,0.936) aL=-0.0093 vL=0.0563 t0=[red=0.00 blue=1.00]
[u  620] env= 40632320 rsucc=0.997 n_rounds= 4501 ret=+17.203 len=293.2 ent(t0,t>=1)=(0.004,0.927) aL=-0.0088 vL=0.0585 t0=[red=0.00 blue=1.00]
[u  621] env= 40697856 rsucc=0.999 n_rounds= 4515 ret=+17.259 len=290.8 ent(t0,t>=1)=(0.004,0.931) aL=-0.0091 vL=0.0547 t0=[red=0.00 blue=1.00]
[u  622] env= 40763392 rsucc=0.996 n_rounds= 4454 ret=+17.246 len=291.3 ent(t0,t>=1)=(0.005,0.934) aL=-0.0086 vL=0.0618 t0=[red=0.00 blue=1.00]
[u  623] env= 40828928 rsucc=0.998 n_rounds= 4483 ret=+17.197 len=293.5 ent(t0,t>=1)=(0.006,0.934) aL=-0.0083 vL=0.0569 t0=[red=0.00 blue=1.00]
[u  624] env= 40894464 rsucc=0.996 n_rounds= 4478 ret=+17.232 len=291.8 ent(t0,t>=1)=(0.007,0.931) aL=-0.0093 vL=0.0547 t0=[red=0.00 blue=1.00]
[u  625] env= 40960000 rsucc=0.998 n_rounds= 4457 ret=+17.194 len=294.3 ent(t0,t>=1)=(0.007,0.935) aL=-0.0087 vL=0.0558 t0=[red=0.00 blue=1.00]
[u  626] env= 41025536 rsucc=0.994 n_rounds= 4427 ret=+17.160 len=295.6 ent(t0,t>=1)=(0.006,0.935) aL=-0.0088 vL=0.0580 t0=[red=0.00 blue=1.00]
[u  627] env= 41091072 rsucc=0.997 n_rounds= 4452 ret=+17.184 len=294.8 ent(t0,t>=1)=(0.004,0.938) aL=-0.0091 vL=0.0621 t0=[red=0.00 blue=1.00]
[u  628] env= 41156608 rsucc=0.997 n_rounds= 4474 ret=+17.187 len=293.7 ent(t0,t>=1)=(0.004,0.935) aL=-0.0098 vL=0.0561 t0=[red=0.00 blue=1.00]
[u  629] env= 41222144 rsucc=0.997 n_rounds= 4461 ret=+17.212 len=292.8 ent(t0,t>=1)=(0.005,0.929) aL=-0.0097 vL=0.0565 t0=[red=0.00 blue=1.00]
[u  630] env= 41287680 rsucc=0.996 n_rounds= 4462 ret=+17.194 len=294.3 ent(t0,t>=1)=(0.005,0.929) aL=-0.0094 vL=0.0599 t0=[red=0.00 blue=1.00]
[u  631] env= 41353216 rsucc=0.997 n_rounds= 4500 ret=+17.197 len=293.0 ent(t0,t>=1)=(0.005,0.929) aL=-0.0087 vL=0.0593 t0=[red=0.00 blue=1.00]
[u  632] env= 41418752 rsucc=0.997 n_rounds= 4471 ret=+17.254 len=290.1 ent(t0,t>=1)=(0.004,0.925) aL=-0.0079 vL=0.0565 t0=[red=0.00 blue=1.00]
[u  633] env= 41484288 rsucc=0.998 n_rounds= 4538 ret=+17.222 len=292.0 ent(t0,t>=1)=(0.004,0.918) aL=-0.0088 vL=0.0560 t0=[red=0.00 blue=1.00]
[u  634] env= 41549824 rsucc=0.997 n_rounds= 4510 ret=+17.232 len=291.4 ent(t0,t>=1)=(0.005,0.923) aL=-0.0093 vL=0.0541 t0=[red=0.00 blue=1.00]
[u  635] env= 41615360 rsucc=0.998 n_rounds= 4493 ret=+17.236 len=290.9 ent(t0,t>=1)=(0.005,0.929) aL=-0.0094 vL=0.0511 t0=[red=0.00 blue=1.00]
[u  636] env= 41680896 rsucc=0.998 n_rounds= 4522 ret=+17.242 len=291.3 ent(t0,t>=1)=(0.006,0.930) aL=-0.0086 vL=0.0518 t0=[red=0.00 blue=1.00]
[u  637] env= 41746432 rsucc=0.997 n_rounds= 4504 ret=+17.227 len=291.5 ent(t0,t>=1)=(0.004,0.936) aL=-0.0087 vL=0.0506 t0=[red=0.00 blue=1.00]
[u  638] env= 41811968 rsucc=0.998 n_rounds= 4500 ret=+17.252 len=289.8 ent(t0,t>=1)=(0.005,0.933) aL=-0.0088 vL=0.0502 t0=[red=0.00 blue=1.00]
[u  639] env= 41877504 rsucc=0.997 n_rounds= 4506 ret=+17.247 len=290.4 ent(t0,t>=1)=(0.004,0.938) aL=-0.0089 vL=0.0511 t0=[red=0.00 blue=1.00]
[u  640] env= 41943040 rsucc=0.997 n_rounds= 4471 ret=+17.232 len=291.4 ent(t0,t>=1)=(0.005,0.939) aL=-0.0086 vL=0.0598 t0=[red=0.00 blue=1.00]
[u  641] env= 42008576 rsucc=0.998 n_rounds= 4521 ret=+17.202 len=292.9 ent(t0,t>=1)=(0.004,0.931) aL=-0.0085 vL=0.0610 t0=[red=0.00 blue=1.00]
[u  642] env= 42074112 rsucc=0.997 n_rounds= 4517 ret=+17.277 len=288.7 ent(t0,t>=1)=(0.003,0.924) aL=-0.0081 vL=0.0552 t0=[red=0.00 blue=1.00]
[u  643] env= 42139648 rsucc=0.998 n_rounds= 4552 ret=+17.261 len=289.2 ent(t0,t>=1)=(0.004,0.920) aL=-0.0085 vL=0.0531 t0=[red=0.00 blue=1.00]
[u  644] env= 42205184 rsucc=0.998 n_rounds= 4544 ret=+17.270 len=288.0 ent(t0,t>=1)=(0.004,0.915) aL=-0.0081 vL=0.0566 t0=[red=0.00 blue=1.00]
[u  645] env= 42270720 rsucc=0.998 n_rounds= 4573 ret=+17.281 len=287.9 ent(t0,t>=1)=(0.006,0.909) aL=-0.0086 vL=0.0535 t0=[red=0.00 blue=1.00]
[u  646] env= 42336256 rsucc=0.997 n_rounds= 4549 ret=+17.274 len=287.7 ent(t0,t>=1)=(0.005,0.919) aL=-0.0087 vL=0.0521 t0=[red=0.00 blue=1.00]
[u  647] env= 42401792 rsucc=0.998 n_rounds= 4526 ret=+17.258 len=289.2 ent(t0,t>=1)=(0.007,0.911) aL=-0.0085 vL=0.0535 t0=[red=0.00 blue=1.00]
[u  648] env= 42467328 rsucc=0.997 n_rounds= 4512 ret=+17.279 len=288.0 ent(t0,t>=1)=(0.008,0.919) aL=-0.0083 vL=0.0551 t0=[red=0.00 blue=1.00]
[u  649] env= 42532864 rsucc=0.997 n_rounds= 4535 ret=+17.198 len=292.2 ent(t0,t>=1)=(0.007,0.912) aL=-0.0086 vL=0.0606 t0=[red=0.00 blue=1.00]
[u  650] env= 42598400 rsucc=0.996 n_rounds= 4490 ret=+17.241 len=289.7 ent(t0,t>=1)=(0.006,0.912) aL=-0.0086 vL=0.0568 t0=[red=0.00 blue=1.00]
[u  651] env= 42663936 rsucc=0.996 n_rounds= 4481 ret=+17.209 len=291.0 ent(t0,t>=1)=(0.005,0.911) aL=-0.0082 vL=0.0573 t0=[red=0.00 blue=1.00]
[u  652] env= 42729472 rsucc=0.998 n_rounds= 4577 ret=+17.248 len=288.6 ent(t0,t>=1)=(0.003,0.900) aL=-0.0080 vL=0.0561 t0=[red=0.00 blue=1.00]
[u  653] env= 42795008 rsucc=0.998 n_rounds= 4575 ret=+17.251 len=288.8 ent(t0,t>=1)=(0.003,0.900) aL=-0.0082 vL=0.0519 t0=[red=0.00 blue=1.00]
[u  654] env= 42860544 rsucc=0.998 n_rounds= 4571 ret=+17.288 len=287.3 ent(t0,t>=1)=(0.003,0.906) aL=-0.0085 vL=0.0530 t0=[red=0.00 blue=1.00]
[u  655] env= 42926080 rsucc=0.998 n_rounds= 4550 ret=+17.302 len=286.6 ent(t0,t>=1)=(0.004,0.905) aL=-0.0075 vL=0.0574 t0=[red=0.00 blue=1.00]
[u  656] env= 42991616 rsucc=0.998 n_rounds= 4600 ret=+17.298 len=286.2 ent(t0,t>=1)=(0.004,0.900) aL=-0.0080 vL=0.0551 t0=[red=0.00 blue=1.00]
[u  657] env= 43057152 rsucc=0.997 n_rounds= 4547 ret=+17.284 len=286.9 ent(t0,t>=1)=(0.005,0.896) aL=-0.0073 vL=0.0611 t0=[red=0.00 blue=1.00]
[u  658] env= 43122688 rsucc=0.998 n_rounds= 4548 ret=+17.278 len=287.5 ent(t0,t>=1)=(0.003,0.896) aL=-0.0080 vL=0.0545 t0=[red=0.00 blue=1.00]
[u  659] env= 43188224 rsucc=0.997 n_rounds= 4558 ret=+17.262 len=287.9 ent(t0,t>=1)=(0.003,0.903) aL=-0.0084 vL=0.0542 t0=[red=0.00 blue=1.00]
[u  660] env= 43253760 rsucc=0.997 n_rounds= 4580 ret=+17.266 len=287.6 ent(t0,t>=1)=(0.004,0.894) aL=-0.0076 vL=0.0534 t0=[red=0.00 blue=1.00]
[u  661] env= 43319296 rsucc=0.998 n_rounds= 4512 ret=+17.286 len=287.4 ent(t0,t>=1)=(0.004,0.903) aL=-0.0081 vL=0.0581 t0=[red=0.00 blue=1.00]
[u  662] env= 43384832 rsucc=0.998 n_rounds= 4605 ret=+17.294 len=287.1 ent(t0,t>=1)=(0.003,0.899) aL=-0.0082 vL=0.0559 t0=[red=0.00 blue=1.00]
[u  663] env= 43450368 rsucc=0.997 n_rounds= 4539 ret=+17.262 len=288.0 ent(t0,t>=1)=(0.004,0.893) aL=-0.0079 vL=0.0561 t0=[red=0.00 blue=1.00]
[u  664] env= 43515904 rsucc=0.996 n_rounds= 4545 ret=+17.254 len=288.4 ent(t0,t>=1)=(0.003,0.904) aL=-0.0081 vL=0.0673 t0=[red=0.00 blue=1.00]
[u  665] env= 43581440 rsucc=0.998 n_rounds= 4572 ret=+17.270 len=287.5 ent(t0,t>=1)=(0.004,0.902) aL=-0.0076 vL=0.0542 t0=[red=0.00 blue=1.00]
[u  666] env= 43646976 rsucc=0.998 n_rounds= 4590 ret=+17.303 len=286.6 ent(t0,t>=1)=(0.004,0.899) aL=-0.0071 vL=0.0539 t0=[red=0.00 blue=1.00]
[u  667] env= 43712512 rsucc=0.998 n_rounds= 4552 ret=+17.286 len=286.9 ent(t0,t>=1)=(0.003,0.902) aL=-0.0076 vL=0.0557 t0=[red=0.00 blue=1.00]
[u  668] env= 43778048 rsucc=0.998 n_rounds= 4565 ret=+17.276 len=287.6 ent(t0,t>=1)=(0.003,0.905) aL=-0.0076 vL=0.0580 t0=[red=0.00 blue=1.00]
[u  669] env= 43843584 rsucc=0.997 n_rounds= 4558 ret=+17.288 len=287.2 ent(t0,t>=1)=(0.003,0.912) aL=-0.0074 vL=0.0568 t0=[red=0.00 blue=1.00]
[u  670] env= 43909120 rsucc=0.999 n_rounds= 4579 ret=+17.295 len=286.5 ent(t0,t>=1)=(0.004,0.905) aL=-0.0076 vL=0.0605 t0=[red=0.00 blue=1.00]
[u  671] env= 43974656 rsucc=0.997 n_rounds= 4539 ret=+17.295 len=287.5 ent(t0,t>=1)=(0.005,0.908) aL=-0.0082 vL=0.0549 t0=[red=0.00 blue=1.00]
[u  672] env= 44040192 rsucc=0.998 n_rounds= 4582 ret=+17.279 len=286.7 ent(t0,t>=1)=(0.004,0.910) aL=-0.0074 vL=0.0571 t0=[red=0.00 blue=1.00]
[u  673] env= 44105728 rsucc=0.997 n_rounds= 4553 ret=+17.237 len=289.3 ent(t0,t>=1)=(0.004,0.909) aL=-0.0076 vL=0.0551 t0=[red=0.00 blue=1.00]
[u  674] env= 44171264 rsucc=0.998 n_rounds= 4542 ret=+17.301 len=286.3 ent(t0,t>=1)=(0.003,0.911) aL=-0.0073 vL=0.0607 t0=[red=0.00 blue=1.00]
[u  675] env= 44236800 rsucc=0.997 n_rounds= 4537 ret=+17.259 len=288.8 ent(t0,t>=1)=(0.004,0.907) aL=-0.0073 vL=0.0576 t0=[red=0.00 blue=1.00]
[u  676] env= 44302336 rsucc=0.997 n_rounds= 4528 ret=+17.252 len=289.0 ent(t0,t>=1)=(0.003,0.907) aL=-0.0054 vL=0.0587 t0=[red=0.00 blue=1.00]
[u  677] env= 44367872 rsucc=0.997 n_rounds= 4569 ret=+17.298 len=286.2 ent(t0,t>=1)=(0.002,0.905) aL=-0.0074 vL=0.0557 t0=[red=0.00 blue=1.00]
[u  678] env= 44433408 rsucc=0.998 n_rounds= 4583 ret=+17.248 len=289.0 ent(t0,t>=1)=(0.003,0.904) aL=-0.0076 vL=0.0544 t0=[red=0.00 blue=1.00]
[u  679] env= 44498944 rsucc=0.998 n_rounds= 4551 ret=+17.308 len=286.1 ent(t0,t>=1)=(0.002,0.911) aL=-0.0075 vL=0.0492 t0=[red=0.00 blue=1.00]
[u  680] env= 44564480 rsucc=0.998 n_rounds= 4597 ret=+17.263 len=287.8 ent(t0,t>=1)=(0.003,0.912) aL=-0.0070 vL=0.0584 t0=[red=0.00 blue=1.00]
[u  681] env= 44630016 rsucc=0.998 n_rounds= 4549 ret=+17.311 len=285.8 ent(t0,t>=1)=(0.003,0.915) aL=-0.0078 vL=0.0514 t0=[red=0.00 blue=1.00]
[u  682] env= 44695552 rsucc=0.996 n_rounds= 4502 ret=+17.226 len=290.8 ent(t0,t>=1)=(0.004,0.912) aL=-0.0075 vL=0.0575 t0=[red=0.00 blue=1.00]
[u  683] env= 44761088 rsucc=0.997 n_rounds= 4546 ret=+17.269 len=287.8 ent(t0,t>=1)=(0.002,0.910) aL=-0.0081 vL=0.0532 t0=[red=0.00 blue=1.00]
[u  684] env= 44826624 rsucc=0.998 n_rounds= 4562 ret=+17.278 len=288.3 ent(t0,t>=1)=(0.002,0.909) aL=-0.0075 vL=0.0549 t0=[red=0.00 blue=1.00]
[u  685] env= 44892160 rsucc=0.999 n_rounds= 4584 ret=+17.297 len=285.9 ent(t0,t>=1)=(0.002,0.910) aL=-0.0071 vL=0.0523 t0=[red=0.00 blue=1.00]
[u  686] env= 44957696 rsucc=0.998 n_rounds= 4620 ret=+17.285 len=286.6 ent(t0,t>=1)=(0.002,0.914) aL=-0.0073 vL=0.0502 t0=[red=0.00 blue=1.00]
[u  687] env= 45023232 rsucc=0.998 n_rounds= 4540 ret=+17.295 len=286.5 ent(t0,t>=1)=(0.002,0.923) aL=-0.0077 vL=0.0519 t0=[red=0.00 blue=1.00]
[u  688] env= 45088768 rsucc=0.998 n_rounds= 4593 ret=+17.322 len=285.5 ent(t0,t>=1)=(0.002,0.918) aL=-0.0074 vL=0.0515 t0=[red=0.00 blue=1.00]
[u  689] env= 45154304 rsucc=0.998 n_rounds= 4576 ret=+17.283 len=286.7 ent(t0,t>=1)=(0.002,0.926) aL=-0.0074 vL=0.0518 t0=[red=0.00 blue=1.00]
[u  690] env= 45219840 rsucc=0.998 n_rounds= 4566 ret=+17.298 len=286.6 ent(t0,t>=1)=(0.002,0.924) aL=-0.0071 vL=0.0528 t0=[red=0.00 blue=1.00]
[u  691] env= 45285376 rsucc=0.998 n_rounds= 4567 ret=+17.282 len=287.4 ent(t0,t>=1)=(0.002,0.924) aL=-0.0068 vL=0.0547 t0=[red=0.00 blue=1.00]
[u  692] env= 45350912 rsucc=0.998 n_rounds= 4548 ret=+17.291 len=287.4 ent(t0,t>=1)=(0.002,0.927) aL=-0.0073 vL=0.0523 t0=[red=0.00 blue=1.00]
[u  693] env= 45416448 rsucc=0.999 n_rounds= 4617 ret=+17.313 len=285.6 ent(t0,t>=1)=(0.001,0.919) aL=-0.0074 vL=0.0499 t0=[red=0.00 blue=1.00]
[u  694] env= 45481984 rsucc=0.999 n_rounds= 4605 ret=+17.355 len=283.2 ent(t0,t>=1)=(0.002,0.918) aL=-0.0071 vL=0.0540 t0=[red=0.00 blue=1.00]
[u  695] env= 45547520 rsucc=0.998 n_rounds= 4595 ret=+17.308 len=285.6 ent(t0,t>=1)=(0.002,0.916) aL=-0.0075 vL=0.0492 t0=[red=0.00 blue=1.00]
[u  696] env= 45613056 rsucc=0.999 n_rounds= 4602 ret=+17.312 len=285.8 ent(t0,t>=1)=(0.002,0.911) aL=-0.0064 vL=0.0546 t0=[red=0.00 blue=1.00]
[u  697] env= 45678592 rsucc=0.998 n_rounds= 4604 ret=+17.326 len=284.7 ent(t0,t>=1)=(0.002,0.916) aL=-0.0064 vL=0.0624 t0=[red=0.00 blue=1.00]
[u  698] env= 45744128 rsucc=0.999 n_rounds= 4586 ret=+17.313 len=285.3 ent(t0,t>=1)=(0.002,0.913) aL=-0.0079 vL=0.0559 t0=[red=0.00 blue=1.00]
[u  699] env= 45809664 rsucc=0.998 n_rounds= 4586 ret=+17.328 len=284.9 ent(t0,t>=1)=(0.002,0.915) aL=-0.0074 vL=0.0491 t0=[red=0.00 blue=1.00]
[u  700] env= 45875200 rsucc=0.999 n_rounds= 4600 ret=+17.316 len=285.4 ent(t0,t>=1)=(0.002,0.911) aL=-0.0074 vL=0.0515 t0=[red=0.00 blue=1.00]
[u  701] env= 45940736 rsucc=0.998 n_rounds= 4610 ret=+17.304 len=285.6 ent(t0,t>=1)=(0.002,0.914) aL=-0.0063 vL=0.0521 t0=[red=0.00 blue=1.00]
[u  702] env= 46006272 rsucc=0.998 n_rounds= 4543 ret=+17.285 len=287.3 ent(t0,t>=1)=(0.002,0.921) aL=-0.0067 vL=0.0510 t0=[red=0.00 blue=1.00]
[u  703] env= 46071808 rsucc=0.998 n_rounds= 4582 ret=+17.327 len=284.6 ent(t0,t>=1)=(0.002,0.915) aL=-0.0074 vL=0.0501 t0=[red=0.00 blue=1.00]
[u  704] env= 46137344 rsucc=0.998 n_rounds= 4587 ret=+17.307 len=285.5 ent(t0,t>=1)=(0.001,0.915) aL=-0.0069 vL=0.0489 t0=[red=0.00 blue=1.00]
[u  705] env= 46202880 rsucc=0.998 n_rounds= 4632 ret=+17.314 len=285.2 ent(t0,t>=1)=(0.001,0.914) aL=-0.0076 vL=0.0511 t0=[red=0.00 blue=1.00]
[u  706] env= 46268416 rsucc=0.998 n_rounds= 4597 ret=+17.316 len=285.3 ent(t0,t>=1)=(0.001,0.918) aL=-0.0069 vL=0.0560 t0=[red=0.00 blue=1.00]
[u  707] env= 46333952 rsucc=0.998 n_rounds= 4600 ret=+17.332 len=284.6 ent(t0,t>=1)=(0.001,0.918) aL=-0.0067 vL=0.0506 t0=[red=0.00 blue=1.00]
[u  708] env= 46399488 rsucc=0.999 n_rounds= 4594 ret=+17.308 len=285.2 ent(t0,t>=1)=(0.001,0.921) aL=-0.0068 vL=0.0523 t0=[red=0.00 blue=1.00]
[u  709] env= 46465024 rsucc=0.999 n_rounds= 4615 ret=+17.339 len=283.9 ent(t0,t>=1)=(0.001,0.920) aL=-0.0060 vL=0.0579 t0=[red=0.00 blue=1.00]
[u  710] env= 46530560 rsucc=0.998 n_rounds= 4580 ret=+17.332 len=284.2 ent(t0,t>=1)=(0.001,0.917) aL=-0.0068 vL=0.0530 t0=[red=0.00 blue=1.00]
[u  711] env= 46596096 rsucc=0.999 n_rounds= 4640 ret=+17.316 len=285.3 ent(t0,t>=1)=(0.000,0.921) aL=-0.0064 vL=0.0522 t0=[red=0.00 blue=1.00]
[u  712] env= 46661632 rsucc=0.998 n_rounds= 4586 ret=+17.312 len=285.3 ent(t0,t>=1)=(0.001,0.925) aL=-0.0065 vL=0.0521 t0=[red=0.00 blue=1.00]
[u  713] env= 46727168 rsucc=0.998 n_rounds= 4580 ret=+17.313 len=285.2 ent(t0,t>=1)=(0.001,0.921) aL=-0.0073 vL=0.0504 t0=[red=0.00 blue=1.00]
[u  714] env= 46792704 rsucc=0.999 n_rounds= 4576 ret=+17.304 len=286.6 ent(t0,t>=1)=(0.002,0.916) aL=-0.0065 vL=0.0482 t0=[red=0.00 blue=1.00]
[u  715] env= 46858240 rsucc=0.998 n_rounds= 4626 ret=+17.332 len=283.7 ent(t0,t>=1)=(0.002,0.919) aL=-0.0060 vL=0.0541 t0=[red=0.00 blue=1.00]
[u  716] env= 46923776 rsucc=0.998 n_rounds= 4574 ret=+17.328 len=284.9 ent(t0,t>=1)=(0.002,0.921) aL=-0.0061 vL=0.0510 t0=[red=0.00 blue=1.00]
[u  717] env= 46989312 rsucc=0.998 n_rounds= 4555 ret=+17.275 len=287.6 ent(t0,t>=1)=(0.002,0.918) aL=-0.0067 vL=0.0536 t0=[red=0.00 blue=1.00]
[u  718] env= 47054848 rsucc=0.998 n_rounds= 4598 ret=+17.283 len=286.9 ent(t0,t>=1)=(0.002,0.917) aL=-0.0060 vL=0.0577 t0=[red=0.00 blue=1.00]
[u  719] env= 47120384 rsucc=0.999 n_rounds= 4575 ret=+17.318 len=286.0 ent(t0,t>=1)=(0.001,0.917) aL=-0.0069 vL=0.0572 t0=[red=0.00 blue=1.00]
[u  720] env= 47185920 rsucc=0.997 n_rounds= 4569 ret=+17.311 len=285.7 ent(t0,t>=1)=(0.002,0.920) aL=-0.0066 vL=0.0564 t0=[red=0.00 blue=1.00]
[u  721] env= 47251456 rsucc=0.998 n_rounds= 4586 ret=+17.274 len=286.9 ent(t0,t>=1)=(0.001,0.920) aL=-0.0063 vL=0.0608 t0=[red=0.00 blue=1.00]
[u  722] env= 47316992 rsucc=0.998 n_rounds= 4609 ret=+17.315 len=285.0 ent(t0,t>=1)=(0.001,0.922) aL=-0.0068 vL=0.0514 t0=[red=0.00 blue=1.00]
[u  723] env= 47382528 rsucc=0.998 n_rounds= 4575 ret=+17.294 len=286.6 ent(t0,t>=1)=(0.001,0.926) aL=-0.0065 vL=0.0543 t0=[red=0.00 blue=1.00]
[u  724] env= 47448064 rsucc=0.998 n_rounds= 4580 ret=+17.312 len=285.3 ent(t0,t>=1)=(0.002,0.927) aL=-0.0060 vL=0.0550 t0=[red=0.00 blue=1.00]
[u  725] env= 47513600 rsucc=0.998 n_rounds= 4595 ret=+17.314 len=285.4 ent(t0,t>=1)=(0.002,0.930) aL=-0.0068 vL=0.0526 t0=[red=0.00 blue=1.00]
[u  726] env= 47579136 rsucc=0.998 n_rounds= 4547 ret=+17.303 len=286.6 ent(t0,t>=1)=(0.002,0.937) aL=-0.0063 vL=0.0517 t0=[red=0.00 blue=1.00]
[u  727] env= 47644672 rsucc=0.998 n_rounds= 4581 ret=+17.271 len=288.1 ent(t0,t>=1)=(0.003,0.932) aL=-0.0061 vL=0.0542 t0=[red=0.00 blue=1.00]
[u  728] env= 47710208 rsucc=0.998 n_rounds= 4572 ret=+17.303 len=286.6 ent(t0,t>=1)=(0.003,0.930) aL=-0.0062 vL=0.0559 t0=[red=0.00 blue=1.00]
[u  729] env= 47775744 rsucc=0.998 n_rounds= 4556 ret=+17.293 len=286.7 ent(t0,t>=1)=(0.003,0.925) aL=-0.0064 vL=0.0528 t0=[red=0.00 blue=1.00]
[u  730] env= 47841280 rsucc=0.998 n_rounds= 4576 ret=+17.294 len=287.2 ent(t0,t>=1)=(0.003,0.929) aL=-0.0060 vL=0.0569 t0=[red=0.00 blue=1.00]
[u  731] env= 47906816 rsucc=0.997 n_rounds= 4525 ret=+17.272 len=287.8 ent(t0,t>=1)=(0.002,0.928) aL=-0.0063 vL=0.0578 t0=[red=0.00 blue=1.00]
[u  732] env= 47972352 rsucc=0.998 n_rounds= 4549 ret=+17.258 len=288.2 ent(t0,t>=1)=(0.003,0.930) aL=-0.0063 vL=0.0572 t0=[red=0.00 blue=1.00]
[u  733] env= 48037888 rsucc=0.998 n_rounds= 4600 ret=+17.285 len=287.6 ent(t0,t>=1)=(0.003,0.920) aL=-0.0056 vL=0.0552 t0=[red=0.00 blue=1.00]
[u  734] env= 48103424 rsucc=0.998 n_rounds= 4602 ret=+17.316 len=284.9 ent(t0,t>=1)=(0.002,0.931) aL=-0.0058 vL=0.0532 t0=[red=0.00 blue=1.00]
[u  735] env= 48168960 rsucc=0.999 n_rounds= 4601 ret=+17.321 len=284.8 ent(t0,t>=1)=(0.002,0.918) aL=-0.0053 vL=0.0530 t0=[red=0.00 blue=1.00]
[u  736] env= 48234496 rsucc=0.998 n_rounds= 4610 ret=+17.344 len=283.3 ent(t0,t>=1)=(0.004,0.927) aL=-0.0067 vL=0.0512 t0=[red=0.00 blue=1.00]
[u  737] env= 48300032 rsucc=0.998 n_rounds= 4552 ret=+17.278 len=287.3 ent(t0,t>=1)=(0.003,0.920) aL=-0.0062 vL=0.0526 t0=[red=0.00 blue=1.00]
[u  738] env= 48365568 rsucc=0.998 n_rounds= 4609 ret=+17.333 len=284.1 ent(t0,t>=1)=(0.003,0.921) aL=-0.0060 vL=0.0521 t0=[red=0.00 blue=1.00]
[u  739] env= 48431104 rsucc=0.997 n_rounds= 4599 ret=+17.268 len=287.6 ent(t0,t>=1)=(0.002,0.919) aL=-0.0059 vL=0.0551 t0=[red=0.00 blue=1.00]
[u  740] env= 48496640 rsucc=0.999 n_rounds= 4573 ret=+17.313 len=284.9 ent(t0,t>=1)=(0.003,0.924) aL=-0.0058 vL=0.0529 t0=[red=0.00 blue=1.00]
[u  741] env= 48562176 rsucc=0.997 n_rounds= 4584 ret=+17.297 len=285.8 ent(t0,t>=1)=(0.002,0.922) aL=-0.0060 vL=0.0497 t0=[red=0.00 blue=1.00]
[u  742] env= 48627712 rsucc=0.999 n_rounds= 4622 ret=+17.319 len=284.4 ent(t0,t>=1)=(0.002,0.920) aL=-0.0059 vL=0.0497 t0=[red=0.00 blue=1.00]
[u  743] env= 48693248 rsucc=0.998 n_rounds= 4576 ret=+17.319 len=285.0 ent(t0,t>=1)=(0.002,0.923) aL=-0.0053 vL=0.0602 t0=[red=0.00 blue=1.00]
[u  744] env= 48758784 rsucc=0.998 n_rounds= 4629 ret=+17.317 len=284.8 ent(t0,t>=1)=(0.002,0.913) aL=-0.0050 vL=0.0578 t0=[red=0.00 blue=1.00]
[u  745] env= 48824320 rsucc=0.998 n_rounds= 4621 ret=+17.331 len=284.0 ent(t0,t>=1)=(0.003,0.916) aL=-0.0057 vL=0.0554 t0=[red=0.00 blue=1.00]
[u  746] env= 48889856 rsucc=0.999 n_rounds= 4629 ret=+17.321 len=284.3 ent(t0,t>=1)=(0.003,0.923) aL=-0.0060 vL=0.0537 t0=[red=0.00 blue=1.00]
[u  747] env= 48955392 rsucc=0.999 n_rounds= 4629 ret=+17.347 len=283.1 ent(t0,t>=1)=(0.002,0.916) aL=-0.0055 vL=0.0519 t0=[red=0.00 blue=1.00]
[u  748] env= 49020928 rsucc=0.998 n_rounds= 4603 ret=+17.358 len=282.4 ent(t0,t>=1)=(0.003,0.922) aL=-0.0058 vL=0.0501 t0=[red=0.00 blue=1.00]
[u  749] env= 49086464 rsucc=0.999 n_rounds= 4625 ret=+17.311 len=285.0 ent(t0,t>=1)=(0.002,0.916) aL=-0.0051 vL=0.0559 t0=[red=0.00 blue=1.00]
[u  750] env= 49152000 rsucc=0.998 n_rounds= 4623 ret=+17.329 len=283.6 ent(t0,t>=1)=(0.002,0.923) aL=-0.0052 vL=0.0525 t0=[red=0.00 blue=1.00]
[u  751] env= 49217536 rsucc=0.998 n_rounds= 4620 ret=+17.333 len=283.7 ent(t0,t>=1)=(0.002,0.911) aL=-0.0055 vL=0.0514 t0=[red=0.00 blue=1.00]
[u  752] env= 49283072 rsucc=0.998 n_rounds= 4607 ret=+17.319 len=285.0 ent(t0,t>=1)=(0.002,0.919) aL=-0.0055 vL=0.0527 t0=[red=0.00 blue=1.00]
[u  753] env= 49348608 rsucc=0.997 n_rounds= 4606 ret=+17.338 len=283.1 ent(t0,t>=1)=(0.003,0.919) aL=-0.0058 vL=0.0554 t0=[red=0.00 blue=1.00]
[u  754] env= 49414144 rsucc=0.999 n_rounds= 4598 ret=+17.288 len=286.0 ent(t0,t>=1)=(0.002,0.924) aL=-0.0048 vL=0.0533 t0=[red=0.00 blue=1.00]
[u  755] env= 49479680 rsucc=0.998 n_rounds= 4607 ret=+17.315 len=284.9 ent(t0,t>=1)=(0.002,0.922) aL=-0.0050 vL=0.0510 t0=[red=0.00 blue=1.00]
[u  756] env= 49545216 rsucc=0.999 n_rounds= 4613 ret=+17.344 len=283.0 ent(t0,t>=1)=(0.002,0.921) aL=-0.0049 vL=0.0512 t0=[red=0.00 blue=1.00]
[u  757] env= 49610752 rsucc=0.998 n_rounds= 4623 ret=+17.321 len=283.9 ent(t0,t>=1)=(0.002,0.927) aL=-0.0050 vL=0.0514 t0=[red=0.00 blue=1.00]
[u  758] env= 49676288 rsucc=0.998 n_rounds= 4608 ret=+17.319 len=285.0 ent(t0,t>=1)=(0.001,0.924) aL=-0.0053 vL=0.0491 t0=[red=0.00 blue=1.00]
[u  759] env= 49741824 rsucc=0.998 n_rounds= 4615 ret=+17.328 len=283.3 ent(t0,t>=1)=(0.002,0.926) aL=+0.0005 vL=0.0550 t0=[red=0.00 blue=1.00]
[u  760] env= 49807360 rsucc=0.998 n_rounds= 4622 ret=+17.302 len=285.1 ent(t0,t>=1)=(0.002,0.927) aL=-0.0052 vL=0.0525 t0=[red=0.00 blue=1.00]
[u  761] env= 49872896 rsucc=0.998 n_rounds= 4612 ret=+17.339 len=283.1 ent(t0,t>=1)=(0.001,0.925) aL=-0.0047 vL=0.0530 t0=[red=0.00 blue=1.00]
[u  762] env= 49938432 rsucc=0.999 n_rounds= 4625 ret=+17.360 len=282.2 ent(t0,t>=1)=(0.002,0.915) aL=-0.0051 vL=0.0518 t0=[red=0.00 blue=1.00]
[u  763] env= 50003968 rsucc=0.999 n_rounds= 4675 ret=+17.341 len=282.8 ent(t0,t>=1)=(0.001,0.915) aL=-0.0044 vL=0.0511 t0=[red=0.00 blue=1.00]
[u  764] env= 50069504 rsucc=0.998 n_rounds= 4613 ret=+17.354 len=282.9 ent(t0,t>=1)=(0.002,0.923) aL=-0.0046 vL=0.0493 t0=[red=0.00 blue=1.00]
[u  765] env= 50135040 rsucc=0.998 n_rounds= 4575 ret=+17.336 len=283.7 ent(t0,t>=1)=(0.002,0.927) aL=-0.0049 vL=0.0585 t0=[red=0.00 blue=1.00]
[u  766] env= 50200576 rsucc=0.998 n_rounds= 4640 ret=+17.316 len=284.0 ent(t0,t>=1)=(0.002,0.926) aL=-0.0046 vL=0.0547 t0=[red=0.00 blue=1.00]
[u  767] env= 50266112 rsucc=0.998 n_rounds= 4640 ret=+17.328 len=283.7 ent(t0,t>=1)=(0.001,0.921) aL=-0.0048 vL=0.0530 t0=[red=0.00 blue=1.00]
[u  768] env= 50331648 rsucc=0.998 n_rounds= 4630 ret=+17.346 len=282.7 ent(t0,t>=1)=(0.001,0.917) aL=-0.0049 vL=0.0494 t0=[red=0.00 blue=1.00]
[u  769] env= 50397184 rsucc=0.998 n_rounds= 4634 ret=+17.336 len=282.9 ent(t0,t>=1)=(0.001,0.920) aL=-0.0044 vL=0.0552 t0=[red=0.00 blue=1.00]
[u  770] env= 50462720 rsucc=0.998 n_rounds= 4632 ret=+17.317 len=283.9 ent(t0,t>=1)=(0.002,0.921) aL=-0.0042 vL=0.0550 t0=[red=0.00 blue=1.00]
[u  771] env= 50528256 rsucc=0.998 n_rounds= 4605 ret=+17.320 len=283.6 ent(t0,t>=1)=(0.001,0.925) aL=-0.0048 vL=0.0536 t0=[red=0.00 blue=1.00]
[u  772] env= 50593792 rsucc=0.998 n_rounds= 4628 ret=+17.330 len=283.5 ent(t0,t>=1)=(0.001,0.918) aL=-0.0047 vL=0.0534 t0=[red=0.00 blue=1.00]
[u  773] env= 50659328 rsucc=0.999 n_rounds= 4656 ret=+17.339 len=283.2 ent(t0,t>=1)=(0.001,0.912) aL=-0.0046 vL=0.0498 t0=[red=0.00 blue=1.00]
[u  774] env= 50724864 rsucc=0.998 n_rounds= 4631 ret=+17.340 len=282.4 ent(t0,t>=1)=(0.001,0.914) aL=-0.0045 vL=0.0521 t0=[red=0.00 blue=1.00]
[u  775] env= 50790400 rsucc=0.999 n_rounds= 4620 ret=+17.358 len=282.1 ent(t0,t>=1)=(0.002,0.917) aL=-0.0045 vL=0.0501 t0=[red=0.00 blue=1.00]
[u  776] env= 50855936 rsucc=0.998 n_rounds= 4632 ret=+17.340 len=282.4 ent(t0,t>=1)=(0.002,0.917) aL=-0.0044 vL=0.0593 t0=[red=0.00 blue=1.00]
[u  777] env= 50921472 rsucc=0.998 n_rounds= 4628 ret=+17.329 len=283.6 ent(t0,t>=1)=(0.002,0.920) aL=-0.0043 vL=0.0528 t0=[red=0.00 blue=1.00]
[u  778] env= 50987008 rsucc=0.999 n_rounds= 4641 ret=+17.337 len=282.8 ent(t0,t>=1)=(0.001,0.915) aL=-0.0034 vL=0.0545 t0=[red=0.00 blue=1.00]
[u  779] env= 51052544 rsucc=0.999 n_rounds= 4647 ret=+17.356 len=282.2 ent(t0,t>=1)=(0.001,0.909) aL=-0.0044 vL=0.0523 t0=[red=0.00 blue=1.00]
[u  780] env= 51118080 rsucc=0.999 n_rounds= 4653 ret=+17.344 len=283.0 ent(t0,t>=1)=(0.001,0.917) aL=-0.0042 vL=0.0511 t0=[red=0.00 blue=1.00]
[u  781] env= 51183616 rsucc=0.998 n_rounds= 4638 ret=+17.370 len=280.9 ent(t0,t>=1)=(0.001,0.927) aL=-0.0040 vL=0.0541 t0=[red=0.00 blue=1.00]
[u  782] env= 51249152 rsucc=0.999 n_rounds= 4629 ret=+17.338 len=283.1 ent(t0,t>=1)=(0.001,0.934) aL=-0.0037 vL=0.0533 t0=[red=0.00 blue=1.00]
[u  783] env= 51314688 rsucc=0.997 n_rounds= 4631 ret=+17.315 len=283.8 ent(t0,t>=1)=(0.002,0.927) aL=-0.0045 vL=0.0564 t0=[red=0.00 blue=1.00]
[u  784] env= 51380224 rsucc=0.998 n_rounds= 4618 ret=+17.327 len=283.8 ent(t0,t>=1)=(0.001,0.934) aL=-0.0042 vL=0.0522 t0=[red=0.00 blue=1.00]
[u  785] env= 51445760 rsucc=0.999 n_rounds= 4673 ret=+17.369 len=281.3 ent(t0,t>=1)=(0.001,0.920) aL=-0.0044 vL=0.0501 t0=[red=0.00 blue=1.00]
[u  786] env= 51511296 rsucc=0.998 n_rounds= 4611 ret=+17.346 len=282.8 ent(t0,t>=1)=(0.001,0.925) aL=-0.0041 vL=0.0527 t0=[red=0.00 blue=1.00]
[u  787] env= 51576832 rsucc=0.998 n_rounds= 4620 ret=+17.320 len=283.6 ent(t0,t>=1)=(0.001,0.925) aL=-0.0041 vL=0.0519 t0=[red=0.00 blue=1.00]
[u  788] env= 51642368 rsucc=0.999 n_rounds= 4692 ret=+17.364 len=281.4 ent(t0,t>=1)=(0.001,0.920) aL=-0.0038 vL=0.0540 t0=[red=0.00 blue=1.00]
[u  789] env= 51707904 rsucc=0.998 n_rounds= 4630 ret=+17.339 len=282.6 ent(t0,t>=1)=(0.001,0.921) aL=-0.0038 vL=0.0529 t0=[red=0.00 blue=1.00]
[u  790] env= 51773440 rsucc=0.999 n_rounds= 4644 ret=+17.357 len=281.7 ent(t0,t>=1)=(0.001,0.919) aL=-0.0042 vL=0.0511 t0=[red=0.00 blue=1.00]
[u  791] env= 51838976 rsucc=0.998 n_rounds= 4640 ret=+17.353 len=282.1 ent(t0,t>=1)=(0.001,0.920) aL=-0.0040 vL=0.0554 t0=[red=0.00 blue=1.00]
[u  792] env= 51904512 rsucc=0.999 n_rounds= 4662 ret=+17.349 len=282.0 ent(t0,t>=1)=(0.002,0.917) aL=-0.0036 vL=0.0552 t0=[red=0.00 blue=1.00]
[u  793] env= 51970048 rsucc=0.999 n_rounds= 4638 ret=+17.355 len=281.9 ent(t0,t>=1)=(0.001,0.914) aL=-0.0038 vL=0.0543 t0=[red=0.00 blue=1.00]
[u  794] env= 52035584 rsucc=0.998 n_rounds= 4615 ret=+17.355 len=282.3 ent(t0,t>=1)=(0.002,0.917) aL=-0.0041 vL=0.0532 t0=[red=0.00 blue=1.00]
[u  795] env= 52101120 rsucc=0.999 n_rounds= 4671 ret=+17.343 len=282.6 ent(t0,t>=1)=(0.002,0.920) aL=-0.0029 vL=0.0583 t0=[red=0.00 blue=1.00]
[u  796] env= 52166656 rsucc=0.998 n_rounds= 4633 ret=+17.357 len=281.8 ent(t0,t>=1)=(0.002,0.914) aL=-0.0033 vL=0.0534 t0=[red=0.00 blue=1.00]
[u  797] env= 52232192 rsucc=0.999 n_rounds= 4665 ret=+17.339 len=282.5 ent(t0,t>=1)=(0.002,0.920) aL=-0.0030 vL=0.0574 t0=[red=0.00 blue=1.00]
[u  798] env= 52297728 rsucc=0.998 n_rounds= 4641 ret=+17.348 len=282.2 ent(t0,t>=1)=(0.002,0.915) aL=-0.0037 vL=0.0516 t0=[red=0.00 blue=1.00]
[u  799] env= 52363264 rsucc=0.999 n_rounds= 4668 ret=+17.368 len=281.5 ent(t0,t>=1)=(0.002,0.920) aL=-0.0033 vL=0.0512 t0=[red=0.00 blue=1.00]
[u  800] env= 52428800 rsucc=0.998 n_rounds= 4624 ret=+17.368 len=280.6 ent(t0,t>=1)=(0.002,0.924) aL=-0.0039 vL=0.0545 t0=[red=0.00 blue=1.00]
[u  801] env= 52494336 rsucc=0.998 n_rounds= 4645 ret=+17.339 len=282.6 ent(t0,t>=1)=(0.002,0.924) aL=-0.0035 vL=0.0499 t0=[red=0.00 blue=1.00]
[u  802] env= 52559872 rsucc=0.998 n_rounds= 4635 ret=+17.332 len=283.3 ent(t0,t>=1)=(0.002,0.928) aL=-0.0029 vL=0.0577 t0=[red=0.00 blue=1.00]
[u  803] env= 52625408 rsucc=0.998 n_rounds= 4653 ret=+17.315 len=283.6 ent(t0,t>=1)=(0.002,0.922) aL=-0.0037 vL=0.0505 t0=[red=0.00 blue=1.00]
[u  804] env= 52690944 rsucc=0.998 n_rounds= 4649 ret=+17.344 len=282.6 ent(t0,t>=1)=(0.003,0.925) aL=-0.0036 vL=0.0540 t0=[red=0.00 blue=1.00]
[u  805] env= 52756480 rsucc=0.998 n_rounds= 4596 ret=+17.355 len=281.4 ent(t0,t>=1)=(0.003,0.930) aL=-0.0032 vL=0.0565 t0=[red=0.00 blue=1.00]
[u  806] env= 52822016 rsucc=0.999 n_rounds= 4662 ret=+17.338 len=282.7 ent(t0,t>=1)=(0.002,0.924) aL=-0.0030 vL=0.0524 t0=[red=0.00 blue=1.00]
[u  807] env= 52887552 rsucc=0.998 n_rounds= 4653 ret=+17.327 len=283.4 ent(t0,t>=1)=(0.002,0.917) aL=-0.0033 vL=0.0523 t0=[red=0.00 blue=1.00]
[u  808] env= 52953088 rsucc=0.998 n_rounds= 4617 ret=+17.341 len=282.4 ent(t0,t>=1)=(0.002,0.934) aL=-0.0031 vL=0.0526 t0=[red=0.00 blue=1.00]
[u  809] env= 53018624 rsucc=0.999 n_rounds= 4686 ret=+17.377 len=280.2 ent(t0,t>=1)=(0.002,0.931) aL=-0.0032 vL=0.0529 t0=[red=0.00 blue=1.00]
[u  810] env= 53084160 rsucc=0.998 n_rounds= 4646 ret=+17.339 len=282.2 ent(t0,t>=1)=(0.003,0.928) aL=-0.0032 vL=0.0530 t0=[red=0.00 blue=1.00]
[u  811] env= 53149696 rsucc=0.999 n_rounds= 4674 ret=+17.360 len=281.0 ent(t0,t>=1)=(0.003,0.923) aL=-0.0034 vL=0.0528 t0=[red=0.00 blue=1.00]
[u  812] env= 53215232 rsucc=0.998 n_rounds= 4612 ret=+17.334 len=283.1 ent(t0,t>=1)=(0.004,0.933) aL=-0.0029 vL=0.0577 t0=[red=0.00 blue=1.00]
[u  813] env= 53280768 rsucc=0.998 n_rounds= 4647 ret=+17.334 len=282.8 ent(t0,t>=1)=(0.004,0.926) aL=-0.0030 vL=0.0608 t0=[red=0.00 blue=1.00]
[u  814] env= 53346304 rsucc=0.998 n_rounds= 4602 ret=+17.348 len=282.2 ent(t0,t>=1)=(0.004,0.927) aL=-0.0032 vL=0.0526 t0=[red=0.00 blue=1.00]
[u  815] env= 53411840 rsucc=0.998 n_rounds= 4666 ret=+17.336 len=282.9 ent(t0,t>=1)=(0.003,0.930) aL=-0.0029 vL=0.0596 t0=[red=0.00 blue=1.00]
[u  816] env= 53477376 rsucc=0.998 n_rounds= 4656 ret=+17.334 len=283.1 ent(t0,t>=1)=(0.003,0.921) aL=-0.0030 vL=0.0574 t0=[red=0.00 blue=1.00]
[u  817] env= 53542912 rsucc=0.998 n_rounds= 4604 ret=+17.348 len=281.8 ent(t0,t>=1)=(0.002,0.921) aL=-0.0033 vL=0.0559 t0=[red=0.00 blue=1.00]
[u  818] env= 53608448 rsucc=0.998 n_rounds= 4641 ret=+17.307 len=284.1 ent(t0,t>=1)=(0.002,0.920) aL=-0.0032 vL=0.0542 t0=[red=0.00 blue=1.00]
[u  819] env= 53673984 rsucc=0.998 n_rounds= 4624 ret=+17.347 len=281.8 ent(t0,t>=1)=(0.002,0.924) aL=-0.0030 vL=0.0555 t0=[red=0.00 blue=1.00]
[u  820] env= 53739520 rsucc=0.999 n_rounds= 4656 ret=+17.339 len=282.6 ent(t0,t>=1)=(0.002,0.918) aL=-0.0030 vL=0.0552 t0=[red=0.00 blue=1.00]
[u  821] env= 53805056 rsucc=0.999 n_rounds= 4661 ret=+17.354 len=282.0 ent(t0,t>=1)=(0.002,0.921) aL=-0.0024 vL=0.0532 t0=[red=0.00 blue=1.00]
[u  822] env= 53870592 rsucc=0.999 n_rounds= 4678 ret=+17.360 len=280.4 ent(t0,t>=1)=(0.002,0.922) aL=-0.0029 vL=0.0542 t0=[red=0.00 blue=1.00]
[u  823] env= 53936128 rsucc=0.999 n_rounds= 4665 ret=+17.356 len=281.3 ent(t0,t>=1)=(0.002,0.921) aL=-0.0025 vL=0.0541 t0=[red=0.00 blue=1.00]
[u  824] env= 54001664 rsucc=0.998 n_rounds= 4629 ret=+17.357 len=281.7 ent(t0,t>=1)=(0.002,0.923) aL=-0.0027 vL=0.0568 t0=[red=0.00 blue=1.00]
[u  825] env= 54067200 rsucc=0.999 n_rounds= 4684 ret=+17.342 len=282.4 ent(t0,t>=1)=(0.002,0.916) aL=-0.0024 vL=0.0581 t0=[red=0.00 blue=1.00]
[u  826] env= 54132736 rsucc=0.998 n_rounds= 4634 ret=+17.363 len=280.6 ent(t0,t>=1)=(0.002,0.917) aL=-0.0028 vL=0.0547 t0=[red=0.00 blue=1.00]
[u  827] env= 54198272 rsucc=0.998 n_rounds= 4629 ret=+17.330 len=282.7 ent(t0,t>=1)=(0.002,0.923) aL=-0.0023 vL=0.0605 t0=[red=0.00 blue=1.00]
[u  828] env= 54263808 rsucc=0.999 n_rounds= 4684 ret=+17.342 len=282.0 ent(t0,t>=1)=(0.002,0.917) aL=-0.0018 vL=0.0562 t0=[red=0.00 blue=1.00]
[u  829] env= 54329344 rsucc=0.999 n_rounds= 4706 ret=+17.372 len=279.8 ent(t0,t>=1)=(0.001,0.916) aL=-0.0028 vL=0.0505 t0=[red=0.00 blue=1.00]
[u  830] env= 54394880 rsucc=0.998 n_rounds= 4635 ret=+17.402 len=278.9 ent(t0,t>=1)=(0.002,0.921) aL=-0.0025 vL=0.0541 t0=[red=0.00 blue=1.00]
[u  831] env= 54460416 rsucc=0.998 n_rounds= 4646 ret=+17.302 len=283.5 ent(t0,t>=1)=(0.002,0.915) aL=-0.0026 vL=0.0566 t0=[red=0.00 blue=1.00]
[u  832] env= 54525952 rsucc=0.999 n_rounds= 4696 ret=+17.378 len=280.0 ent(t0,t>=1)=(0.002,0.914) aL=-0.0023 vL=0.0529 t0=[red=0.00 blue=1.00]
[u  833] env= 54591488 rsucc=0.999 n_rounds= 4641 ret=+17.373 len=280.5 ent(t0,t>=1)=(0.002,0.917) aL=-0.0022 vL=0.0544 t0=[red=0.00 blue=1.00]
[u  834] env= 54657024 rsucc=0.998 n_rounds= 4667 ret=+17.346 len=281.9 ent(t0,t>=1)=(0.001,0.912) aL=-0.0023 vL=0.0512 t0=[red=0.00 blue=1.00]
[u  835] env= 54722560 rsucc=0.999 n_rounds= 4688 ret=+17.356 len=280.5 ent(t0,t>=1)=(0.001,0.913) aL=-0.0021 vL=0.0502 t0=[red=0.00 blue=1.00]
[u  836] env= 54788096 rsucc=0.999 n_rounds= 4663 ret=+17.371 len=280.7 ent(t0,t>=1)=(0.001,0.917) aL=-0.0022 vL=0.0502 t0=[red=0.00 blue=1.00]
[u  837] env= 54853632 rsucc=0.998 n_rounds= 4678 ret=+17.362 len=280.9 ent(t0,t>=1)=(0.001,0.916) aL=-0.0020 vL=0.0577 t0=[red=0.00 blue=1.00]
[u  838] env= 54919168 rsucc=0.999 n_rounds= 4671 ret=+17.373 len=280.2 ent(t0,t>=1)=(0.001,0.917) aL=-0.0015 vL=0.0559 t0=[red=0.00 blue=1.00]
[u  839] env= 54984704 rsucc=0.999 n_rounds= 4679 ret=+17.363 len=280.7 ent(t0,t>=1)=(0.001,0.911) aL=-0.0023 vL=0.0503 t0=[red=0.00 blue=1.00]
[u  840] env= 55050240 rsucc=0.998 n_rounds= 4652 ret=+17.366 len=279.9 ent(t0,t>=1)=(0.001,0.915) aL=-0.0018 vL=0.0592 t0=[red=0.00 blue=1.00]
[u  841] env= 55115776 rsucc=0.999 n_rounds= 4690 ret=+17.364 len=281.1 ent(t0,t>=1)=(0.001,0.918) aL=-0.0018 vL=0.0544 t0=[red=0.00 blue=1.00]
[u  842] env= 55181312 rsucc=0.999 n_rounds= 4672 ret=+17.379 len=279.9 ent(t0,t>=1)=(0.001,0.918) aL=-0.0016 vL=0.0533 t0=[red=0.00 blue=1.00]
[u  843] env= 55246848 rsucc=0.998 n_rounds= 4659 ret=+17.356 len=281.0 ent(t0,t>=1)=(0.002,0.915) aL=-0.0020 vL=0.0574 t0=[red=0.00 blue=1.00]
[u  844] env= 55312384 rsucc=0.998 n_rounds= 4655 ret=+17.335 len=281.7 ent(t0,t>=1)=(0.001,0.921) aL=-0.0020 vL=0.0554 t0=[red=0.00 blue=1.00]
[u  845] env= 55377920 rsucc=0.999 n_rounds= 4681 ret=+17.380 len=280.2 ent(t0,t>=1)=(0.001,0.918) aL=-0.0015 vL=0.0614 t0=[red=0.00 blue=1.00]
[u  846] env= 55443456 rsucc=0.998 n_rounds= 4663 ret=+17.359 len=280.6 ent(t0,t>=1)=(0.001,0.913) aL=-0.0019 vL=0.0517 t0=[red=0.00 blue=1.00]
[u  847] env= 55508992 rsucc=0.999 n_rounds= 4676 ret=+17.371 len=279.9 ent(t0,t>=1)=(0.001,0.918) aL=-0.0012 vL=0.0526 t0=[red=0.00 blue=1.00]
[u  848] env= 55574528 rsucc=0.998 n_rounds= 4678 ret=+17.375 len=280.4 ent(t0,t>=1)=(0.001,0.920) aL=-0.0019 vL=0.0523 t0=[red=0.00 blue=1.00]
[u  849] env= 55640064 rsucc=0.998 n_rounds= 4676 ret=+17.360 len=280.4 ent(t0,t>=1)=(0.001,0.910) aL=-0.0021 vL=0.0517 t0=[red=0.00 blue=1.00]
[u  850] env= 55705600 rsucc=0.999 n_rounds= 4680 ret=+17.355 len=281.1 ent(t0,t>=1)=(0.001,0.910) aL=-0.0016 vL=0.0529 t0=[red=0.00 blue=1.00]
[u  851] env= 55771136 rsucc=0.999 n_rounds= 4667 ret=+17.371 len=280.4 ent(t0,t>=1)=(0.001,0.916) aL=-0.0019 vL=0.0543 t0=[red=0.00 blue=1.00]
[u  852] env= 55836672 rsucc=0.998 n_rounds= 4683 ret=+17.356 len=281.0 ent(t0,t>=1)=(0.001,0.914) aL=-0.0015 vL=0.0557 t0=[red=0.00 blue=1.00]
[u  853] env= 55902208 rsucc=0.999 n_rounds= 4684 ret=+17.399 len=278.3 ent(t0,t>=1)=(0.001,0.913) aL=-0.0016 vL=0.0519 t0=[red=0.00 blue=1.00]
[u  854] env= 55967744 rsucc=0.999 n_rounds= 4685 ret=+17.359 len=281.5 ent(t0,t>=1)=(0.001,0.914) aL=-0.0015 vL=0.0505 t0=[red=0.00 blue=1.00]
[u  855] env= 56033280 rsucc=0.999 n_rounds= 4680 ret=+17.367 len=280.3 ent(t0,t>=1)=(0.001,0.917) aL=-0.0016 vL=0.0558 t0=[red=0.00 blue=1.00]
[u  856] env= 56098816 rsucc=0.999 n_rounds= 4650 ret=+17.381 len=279.3 ent(t0,t>=1)=(0.001,0.917) aL=-0.0016 vL=0.0550 t0=[red=0.00 blue=1.00]
[u  857] env= 56164352 rsucc=0.998 n_rounds= 4690 ret=+17.360 len=280.5 ent(t0,t>=1)=(0.001,0.907) aL=+0.0004 vL=0.0563 t0=[red=0.00 blue=1.00]
[u  858] env= 56229888 rsucc=0.999 n_rounds= 4682 ret=+17.374 len=280.3 ent(t0,t>=1)=(0.001,0.918) aL=-0.0015 vL=0.0552 t0=[red=0.00 blue=1.00]
[u  859] env= 56295424 rsucc=0.998 n_rounds= 4655 ret=+17.325 len=282.0 ent(t0,t>=1)=(0.001,0.923) aL=-0.0014 vL=0.0521 t0=[red=0.00 blue=1.00]
[u  860] env= 56360960 rsucc=0.999 n_rounds= 4670 ret=+17.370 len=280.0 ent(t0,t>=1)=(0.001,0.927) aL=-0.0011 vL=0.0580 t0=[red=0.00 blue=1.00]
[u  861] env= 56426496 rsucc=0.999 n_rounds= 4693 ret=+17.390 len=278.9 ent(t0,t>=1)=(0.001,0.918) aL=-0.0014 vL=0.0543 t0=[red=0.00 blue=1.00]
[u  862] env= 56492032 rsucc=0.999 n_rounds= 4689 ret=+17.374 len=280.4 ent(t0,t>=1)=(0.001,0.922) aL=-0.0014 vL=0.0632 t0=[red=0.00 blue=1.00]
[u  863] env= 56557568 rsucc=0.999 n_rounds= 4687 ret=+17.375 len=279.9 ent(t0,t>=1)=(0.001,0.917) aL=-0.0014 vL=0.0539 t0=[red=0.00 blue=1.00]
[u  864] env= 56623104 rsucc=0.999 n_rounds= 4691 ret=+17.377 len=279.7 ent(t0,t>=1)=(0.001,0.916) aL=-0.0008 vL=0.0513 t0=[red=0.00 blue=1.00]
[u  865] env= 56688640 rsucc=0.999 n_rounds= 4673 ret=+17.395 len=278.8 ent(t0,t>=1)=(0.001,0.914) aL=-0.0013 vL=0.0537 t0=[red=0.00 blue=1.00]
[u  866] env= 56754176 rsucc=0.999 n_rounds= 4679 ret=+17.368 len=280.2 ent(t0,t>=1)=(0.001,0.914) aL=-0.0013 vL=0.0547 t0=[red=0.00 blue=1.00]
[u  867] env= 56819712 rsucc=0.999 n_rounds= 4698 ret=+17.366 len=280.8 ent(t0,t>=1)=(0.001,0.912) aL=-0.0012 vL=0.0507 t0=[red=0.00 blue=1.00]
[u  868] env= 56885248 rsucc=0.999 n_rounds= 4670 ret=+17.379 len=279.9 ent(t0,t>=1)=(0.001,0.916) aL=-0.0011 vL=0.0565 t0=[red=0.00 blue=1.00]
[u  869] env= 56950784 rsucc=0.999 n_rounds= 4678 ret=+17.382 len=279.6 ent(t0,t>=1)=(0.001,0.923) aL=-0.0012 vL=0.0531 t0=[red=0.00 blue=1.00]
[u  870] env= 57016320 rsucc=0.998 n_rounds= 4696 ret=+17.367 len=280.2 ent(t0,t>=1)=(0.001,0.912) aL=-0.0008 vL=0.0558 t0=[red=0.00 blue=1.00]
[u  871] env= 57081856 rsucc=0.999 n_rounds= 4695 ret=+17.389 len=279.4 ent(t0,t>=1)=(0.001,0.911) aL=-0.0012 vL=0.0521 t0=[red=0.00 blue=1.00]
[u  872] env= 57147392 rsucc=0.999 n_rounds= 4665 ret=+17.380 len=279.8 ent(t0,t>=1)=(0.001,0.916) aL=-0.0012 vL=0.0535 t0=[red=0.00 blue=1.00]
[u  873] env= 57212928 rsucc=0.999 n_rounds= 4712 ret=+17.390 len=279.3 ent(t0,t>=1)=(0.001,0.906) aL=-0.0010 vL=0.0504 t0=[red=0.00 blue=1.00]
[u  874] env= 57278464 rsucc=0.999 n_rounds= 4693 ret=+17.398 len=278.5 ent(t0,t>=1)=(0.001,0.911) aL=+0.0012 vL=0.0631 t0=[red=0.00 blue=1.00]
[u  875] env= 57344000 rsucc=0.998 n_rounds= 4651 ret=+17.365 len=280.1 ent(t0,t>=1)=(0.001,0.915) aL=-0.0008 vL=0.0551 t0=[red=0.00 blue=1.00]
[u  876] env= 57409536 rsucc=0.999 n_rounds= 4701 ret=+17.390 len=278.8 ent(t0,t>=1)=(0.001,0.907) aL=-0.0011 vL=0.0562 t0=[red=0.00 blue=1.00]
[u  877] env= 57475072 rsucc=0.999 n_rounds= 4708 ret=+17.364 len=281.0 ent(t0,t>=1)=(0.001,0.911) aL=-0.0008 vL=0.0542 t0=[red=0.00 blue=1.00]
[u  878] env= 57540608 rsucc=0.999 n_rounds= 4707 ret=+17.386 len=279.3 ent(t0,t>=1)=(0.001,0.913) aL=-0.0008 vL=0.0510 t0=[red=0.00 blue=1.00]
[u  879] env= 57606144 rsucc=0.998 n_rounds= 4652 ret=+17.393 len=278.5 ent(t0,t>=1)=(0.001,0.918) aL=-0.0006 vL=0.0565 t0=[red=0.00 blue=1.00]
[u  880] env= 57671680 rsucc=0.999 n_rounds= 4712 ret=+17.369 len=280.1 ent(t0,t>=1)=(0.001,0.919) aL=-0.0007 vL=0.0550 t0=[red=0.00 blue=1.00]
[u  881] env= 57737216 rsucc=0.999 n_rounds= 4686 ret=+17.383 len=279.2 ent(t0,t>=1)=(0.001,0.910) aL=-0.0008 vL=0.0528 t0=[red=0.00 blue=1.00]
[u  882] env= 57802752 rsucc=0.998 n_rounds= 4665 ret=+17.381 len=279.7 ent(t0,t>=1)=(0.001,0.913) aL=-0.0007 vL=0.0539 t0=[red=0.00 blue=1.00]
[u  883] env= 57868288 rsucc=1.000 n_rounds= 4703 ret=+17.365 len=280.5 ent(t0,t>=1)=(0.001,0.914) aL=-0.0008 vL=0.0516 t0=[red=0.00 blue=1.00]
[u  884] env= 57933824 rsucc=0.999 n_rounds= 4709 ret=+17.390 len=278.9 ent(t0,t>=1)=(0.001,0.910) aL=-0.0005 vL=0.0563 t0=[red=0.00 blue=1.00]
[u  885] env= 57999360 rsucc=0.999 n_rounds= 4683 ret=+17.383 len=279.1 ent(t0,t>=1)=(0.001,0.910) aL=-0.0005 vL=0.0576 t0=[red=0.00 blue=1.00]
[u  886] env= 58064896 rsucc=0.999 n_rounds= 4675 ret=+17.388 len=278.3 ent(t0,t>=1)=(0.001,0.910) aL=-0.0007 vL=0.0549 t0=[red=0.00 blue=1.00]
[u  887] env= 58130432 rsucc=0.999 n_rounds= 4696 ret=+17.364 len=280.9 ent(t0,t>=1)=(0.001,0.909) aL=-0.0006 vL=0.0504 t0=[red=0.00 blue=1.00]
[u  888] env= 58195968 rsucc=0.998 n_rounds= 4661 ret=+17.373 len=279.6 ent(t0,t>=1)=(0.001,0.908) aL=-0.0006 vL=0.0522 t0=[red=0.00 blue=1.00]
[u  889] env= 58261504 rsucc=0.999 n_rounds= 4715 ret=+17.369 len=279.6 ent(t0,t>=1)=(0.001,0.905) aL=-0.0008 vL=0.0515 t0=[red=0.00 blue=1.00]
[u  890] env= 58327040 rsucc=0.999 n_rounds= 4698 ret=+17.393 len=278.7 ent(t0,t>=1)=(0.001,0.908) aL=-0.0006 vL=0.0525 t0=[red=0.00 blue=1.00]
[u  891] env= 58392576 rsucc=0.999 n_rounds= 4709 ret=+17.395 len=278.4 ent(t0,t>=1)=(0.001,0.900) aL=-0.0005 vL=0.0570 t0=[red=0.00 blue=1.00]
[u  892] env= 58458112 rsucc=0.998 n_rounds= 4663 ret=+17.363 len=280.6 ent(t0,t>=1)=(0.001,0.912) aL=+0.0001 vL=0.0639 t0=[red=0.00 blue=1.00]
[u  893] env= 58523648 rsucc=0.999 n_rounds= 4710 ret=+17.363 len=279.8 ent(t0,t>=1)=(0.001,0.905) aL=-0.0001 vL=0.0561 t0=[red=0.00 blue=1.00]
[u  894] env= 58589184 rsucc=0.999 n_rounds= 4689 ret=+17.392 len=278.6 ent(t0,t>=1)=(0.001,0.910) aL=-0.0002 vL=0.0528 t0=[red=0.00 blue=1.00]
[u  895] env= 58654720 rsucc=0.999 n_rounds= 4709 ret=+17.383 len=279.1 ent(t0,t>=1)=(0.001,0.908) aL=-0.0004 vL=0.0531 t0=[red=0.00 blue=1.00]
[u  896] env= 58720256 rsucc=0.999 n_rounds= 4691 ret=+17.378 len=279.7 ent(t0,t>=1)=(0.000,0.906) aL=-0.0002 vL=0.0554 t0=[red=0.00 blue=1.00]
[u  897] env= 58785792 rsucc=0.999 n_rounds= 4694 ret=+17.395 len=278.3 ent(t0,t>=1)=(0.001,0.906) aL=-0.0005 vL=0.0557 t0=[red=0.00 blue=1.00]
[u  898] env= 58851328 rsucc=0.998 n_rounds= 4682 ret=+17.361 len=280.0 ent(t0,t>=1)=(0.001,0.909) aL=-0.0005 vL=0.0583 t0=[red=0.00 blue=1.00]
[u  899] env= 58916864 rsucc=0.999 n_rounds= 4723 ret=+17.369 len=279.7 ent(t0,t>=1)=(0.001,0.900) aL=-0.0005 vL=0.0504 t0=[red=0.00 blue=1.00]
[u  900] env= 58982400 rsucc=0.999 n_rounds= 4675 ret=+17.393 len=278.9 ent(t0,t>=1)=(0.001,0.910) aL=-0.0002 vL=0.0533 t0=[red=0.00 blue=1.00]
[u  901] env= 59047936 rsucc=0.999 n_rounds= 4691 ret=+17.399 len=278.4 ent(t0,t>=1)=(0.001,0.901) aL=-0.0003 vL=0.0497 t0=[red=0.00 blue=1.00]
[u  902] env= 59113472 rsucc=0.999 n_rounds= 4722 ret=+17.389 len=278.5 ent(t0,t>=1)=(0.001,0.909) aL=-0.0001 vL=0.0548 t0=[red=0.00 blue=1.00]
[u  903] env= 59179008 rsucc=0.998 n_rounds= 4671 ret=+17.370 len=280.0 ent(t0,t>=1)=(0.000,0.899) aL=-0.0005 vL=0.0504 t0=[red=0.00 blue=1.00]
[u  904] env= 59244544 rsucc=0.999 n_rounds= 4694 ret=+17.392 len=278.7 ent(t0,t>=1)=(0.001,0.909) aL=-0.0001 vL=0.0568 t0=[red=0.00 blue=1.00]
[u  905] env= 59310080 rsucc=0.999 n_rounds= 4692 ret=+17.379 len=279.5 ent(t0,t>=1)=(0.001,0.904) aL=-0.0002 vL=0.0505 t0=[red=0.00 blue=1.00]
[u  906] env= 59375616 rsucc=0.998 n_rounds= 4717 ret=+17.394 len=278.4 ent(t0,t>=1)=(0.001,0.904) aL=-0.0002 vL=0.0549 t0=[red=0.00 blue=1.00]
[u  907] env= 59441152 rsucc=0.999 n_rounds= 4695 ret=+17.372 len=279.4 ent(t0,t>=1)=(0.001,0.900) aL=-0.0004 vL=0.0558 t0=[red=0.00 blue=1.00]
[u  908] env= 59506688 rsucc=0.998 n_rounds= 4653 ret=+17.372 len=279.8 ent(t0,t>=1)=(0.000,0.910) aL=-0.0002 vL=0.0495 t0=[red=0.00 blue=1.00]
[u  909] env= 59572224 rsucc=0.999 n_rounds= 4746 ret=+17.388 len=278.7 ent(t0,t>=1)=(0.000,0.906) aL=-0.0002 vL=0.0537 t0=[red=0.00 blue=1.00]
[u  910] env= 59637760 rsucc=0.999 n_rounds= 4688 ret=+17.394 len=278.5 ent(t0,t>=1)=(0.001,0.904) aL=-0.0004 vL=0.0549 t0=[red=0.00 blue=1.00]
[u  911] env= 59703296 rsucc=0.999 n_rounds= 4724 ret=+17.393 len=278.5 ent(t0,t>=1)=(0.001,0.907) aL=+0.0000 vL=0.0533 t0=[red=0.00 blue=1.00]
[u  912] env= 59768832 rsucc=0.999 n_rounds= 4703 ret=+17.398 len=278.4 ent(t0,t>=1)=(0.001,0.900) aL=-0.0004 vL=0.0547 t0=[red=0.00 blue=1.00]
[u  913] env= 59834368 rsucc=0.999 n_rounds= 4699 ret=+17.372 len=279.8 ent(t0,t>=1)=(0.001,0.907) aL=-0.0000 vL=0.0517 t0=[red=0.00 blue=1.00]
[u  914] env= 59899904 rsucc=0.999 n_rounds= 4677 ret=+17.394 len=278.5 ent(t0,t>=1)=(0.001,0.908) aL=-0.0001 vL=0.0583 t0=[red=0.00 blue=1.00]
[u  915] env= 59965440 rsucc=0.999 n_rounds= 4712 ret=+17.379 len=279.4 ent(t0,t>=1)=(0.001,0.910) aL=-0.0004 vL=0.0498 t0=[red=0.00 blue=1.00]
[main] training done in 5750.2s
        round_success_rate: [+0.4255, +0.3971, +0.4179, +0.4117, +0.4426, +0.4590, +0.4162, +0.4847, +0.4307, +0.5138, +0.6052, +0.6542, +0.6709, +0.6977, +0.7300, +0.7414, +0.7264, +0.7469, +0.7345, +0.7237, +0.7386, +0.7652, +0.7937, +0.7992, +0.8385, +0.8633, +0.8681, +0.8870, +0.9050, +0.9183, +0.9267, +0.9323, +0.9494, +0.9472, +0.9590, +0.9496, +0.9616, +0.9678, +0.9626, +0.9669, +0.9750, +0.9730, +0.9740, +0.9660, +0.9693, +0.9732, +0.9765, +0.9731, +0.9800, +0.9776, +0.9761, +0.9788, +0.9813, +0.9844, +0.9844, +0.9874, +0.9824, +0.9827, +0.9852, +0.9881, +0.9889, +0.9886, +0.9904, +0.9880, +0.9906, +0.9898, +0.9914, +0.9907, +0.9910, +0.9913, +0.9901, +0.9919, +0.9942, +0.9919, +0.9915, +0.9911, +0.9934, +0.9924, +0.9941, +0.9928, +0.9936, +0.9944, +0.9936, +0.9926, +0.9934, +0.9912, +0.9942, +0.9946, +0.9941, +0.9939, +0.9944, +0.9939, +0.9942, +0.9936, +0.9942, +0.9942, +0.9970, +0.9942, +0.9938, +0.9961, +0.9954, +0.9947, +0.9947, +0.9952, +0.9954, +0.9925, +0.9943, +0.9978, +0.9946, +0.9929, +0.9954, +0.9936, +0.9957, +0.9968, +0.9940, +0.9955, +0.9955, +0.9950, +0.9940, +0.9938, +0.9934, +0.9940, +0.9945, +0.9953, +0.9921, +0.9924, +0.9926, +0.9893, +0.9909, +0.9622, +0.9666, +0.9800, +0.9901, +0.9902, +0.9875, +0.9902, +0.9921, +0.9914, +0.9940, +0.9931, +0.9908, +0.9874, +0.9887, +0.9866, +0.9895, +0.9901, +0.9853, +0.9836, +0.9848, +0.9792, +0.9850, +0.9820, +0.9778, +0.9745, +0.9768, +0.9815, +0.9869, +0.9855, +0.9878, +0.9878, +0.9905, +0.9930, +0.9925, +0.9941, +0.9933, +0.9939, +0.9941, +0.9949, +0.9939, +0.9948, +0.9953, +0.9950, +0.9966, +0.9963, +0.9940, +0.9959, +0.9961, +0.9927, +0.9937, +0.9952, +0.9949, +0.9946, +0.9942, +0.9945, +0.9932, +0.9943, +0.9954, +0.9959, +0.9938, +0.9942, +0.9948, +0.9963, +0.9966, +0.9952, +0.9940, +0.9943, +0.9963, +0.9961, +0.9947, +0.9963, +0.9956, +0.9958, +0.9950, +0.9961, +0.9966, +0.9964, +0.9671, +0.9745, +0.9892, +0.9959, +0.9961, +0.9956, +0.9980, +0.9957, +0.9954, +0.9938, +0.9959, +0.9952, +0.9952, +0.9952, +0.9942, +0.9938, +0.9951, +0.9957, +0.9945, +0.9964, +0.9943, +0.9954, +0.9952, +0.9948, +0.9937, +0.9965, +0.9938, +0.9941, +0.9941, +0.9960, +0.9943, +0.9942, +0.9961, +0.9953, +0.9944, +0.9953, +0.9933, +0.9931, +0.9944, +0.9949, +0.9944, +0.9951, +0.9941, +0.9936, +0.9956, +0.9958, +0.9943, +0.9837, +0.9853, +0.9892, +0.9907, +0.9923, +0.9933, +0.9926, +0.9895, +0.9906, +0.9924, +0.9908, +0.9900, +0.9926, +0.9926, +0.9941, +0.9950, +0.9917, +0.9946, +0.9940, +0.9946, +0.9943, +0.9956, +0.9925, +0.9972, +0.9941, +0.9947, +0.9956, +0.9947, +0.9951, +0.9963, +0.9968, +0.9977, +0.9961, +0.9959, +0.9964, +0.9963, +0.9950, +0.9968, +0.9966, +0.9957, +0.9945, +0.9963, +0.9959, +0.9959, +0.9964, +0.9956, +0.9958, +0.9940, +0.9965, +0.9963, +0.9952, +0.9956, +0.9963, +0.9977, +0.9966, +0.9975, +0.9954, +0.9946, +0.9965, +0.9949, +0.9954, +0.9961, +0.9946, +0.9946, +0.9968, +0.9954, +0.9980, +0.9966, +0.9963, +0.9964, +0.9961, +0.9966, +0.9963, +0.9956, +0.9953, +0.9965, +0.9954, +0.9945, +0.9970, +0.9961, +0.9973, +0.9957, +0.9968, +0.9973, +0.9959, +0.9959, +0.9973, +0.9975, +0.9961, +0.9947, +0.9968, +0.9975, +0.9957, +0.9970, +0.9959, +0.9959, +0.9961, +0.9971, +0.9973, +0.9989, +0.9966, +0.9982, +0.9973, +0.9975, +0.9948, +0.9968, +0.9961, +0.9973, +0.9971, +0.9975, +0.9964, +0.9978, +0.9971, +0.9984, +0.9961, +0.9971, +0.9968, +0.9978, +0.9980, +0.9989, +0.9975, +0.9973, +0.9980, +0.9982, +0.9975, +0.9975, +0.9962, +0.9955, +0.9973, +0.9962, +0.9970, +0.9982, +0.9968, +0.9966, +0.9961, +0.9968, +0.9959, +0.9966, +0.9971, +0.9973, +0.9966, +0.9971, +0.9968, +0.9973, +0.9976, +0.9980, +0.9959, +0.9975, +0.9964, +0.9947, +0.9964, +0.9966, +0.9966, +0.9966, +0.9973, +0.9964, +0.9971, +0.9975, +0.9973, +0.9968, +0.9971, +0.9973, +0.9971, +0.9959, +0.9975, +0.9952, +0.9968, +0.9964, +0.9969, +0.9973, +0.9969, +0.9978, +0.9966, +0.9984, +0.9978, +0.9975, +0.9960, +0.9952, +0.9966, +0.9959, +0.9975, +0.9975, +0.9964, +0.9975, +0.9967, +0.9971, +0.9966, +0.9957, +0.9980, +0.9973, +0.9960, +0.9975, +0.9962, +0.9978, +0.9975, +0.9941, +0.9966, +0.9973, +0.9973, +0.9957, +0.9952, +0.9959, +0.9955, +0.9968, +0.9969, +0.9975, +0.9978, +0.9971, +0.9964, +0.9966, +0.9971, +0.9953, +0.9966, +0.9966, +0.9959, +0.9954, +0.9943, +0.9966, +0.9951, +0.9943, +0.9976, +0.9960, +0.9978, +0.9962, +0.9966, +0.9976, +0.9982, +0.9980, +0.9980, +0.9975, +0.9980, +0.9978, +0.9980, +0.9984, +0.9982, +0.9971, +0.9980, +0.9971, +0.9980, +0.9969, +0.9984, +0.9961, +0.9962, +0.9973, +0.9980, +0.9980, +0.9973, +0.9982, +0.9982, +0.9978, +0.9969, +0.9982, +0.9966, +0.9966, +0.9969, +0.9964, +0.9929, +0.9957, +0.9964, +0.9964, +0.9957, +0.9978, +0.9973, +0.9973, +0.9964, +0.9967, +0.9984, +0.9959, +0.9978, +0.9957, +0.9964, +0.9982, +0.9966, +0.9980, +0.9969, +0.9978, +0.9973, +0.9971, +0.9982, +0.9976, +0.9959, +0.9978, +0.9969, +0.9980, +0.9975, +0.9968, +0.9966, +0.9966, +0.9966, +0.9973, +0.9969, +0.9962, +0.9978, +0.9959, +0.9984, +0.9973, +0.9973, +0.9971, +0.9977, +0.9950, +0.9973, +0.9975, +0.9964, +0.9975, +0.9962, +0.9968, +0.9969, +0.9982, +0.9973, +0.9976, +0.9978, +0.9966, +0.9976, +0.9982, +0.9980, +0.9991, +0.9980, +0.9982, +0.9976, +0.9978, +0.9978, +0.9978, +0.9967, +0.9985, +0.9978, +0.9978, +0.9973, +0.9987, +0.9973, +0.9978, +0.9969, +0.9973, +0.9984, +0.9975, +0.9971, +0.9978, +0.9975, +0.9975, +0.9980, +0.9976, +0.9976, +0.9978, +0.9973, +0.9978, +0.9971, +0.9971, +0.9957, +0.9978, +0.9969, +0.9967, +0.9973, +0.9964, +0.9966, +0.9980, +0.9975, +0.9971, +0.9980, +0.9985, +0.9985, +0.9980, +0.9973, +0.9985, +0.9973, +0.9978, +0.9967, +0.9973, +0.9971, +0.9989, +0.9960, +0.9982, +0.9964, +0.9975, +0.9944, +0.9969, +0.9971, +0.9973, +0.9964, +0.9969, +0.9966, +0.9982, +0.9973, +0.9980, +0.9978, +0.9969, +0.9976, +0.9973, +0.9966, +0.9978, +0.9971, +0.9978, +0.9982, +0.9980, +0.9969, +0.9980, +0.9967, +0.9967, +0.9960, +0.9958, +0.9976, +0.9980, +0.9980, +0.9976, +0.9983, +0.9974, +0.9982, +0.9971, +0.9972, +0.9976, +0.9980, +0.9974, +0.9965, +0.9985, +0.9983, +0.9978, +0.9978, +0.9971, +0.9989, +0.9974, +0.9980, +0.9967, +0.9976, +0.9974, +0.9971, +0.9972, +0.9985, +0.9978, +0.9983, +0.9980, +0.9960, +0.9974, +0.9978, +0.9987, +0.9978, +0.9978, +0.9980, +0.9983, +0.9980, +0.9980, +0.9980, +0.9991, +0.9989, +0.9983, +0.9989, +0.9985, +0.9987, +0.9983, +0.9987, +0.9980, +0.9982, +0.9980, +0.9983, +0.9985, +0.9985, +0.9985, +0.9987, +0.9987, +0.9980, +0.9987, +0.9985, +0.9985, +0.9987, +0.9985, +0.9980, +0.9982, +0.9980, +0.9987, +0.9972, +0.9980, +0.9985, +0.9985, +0.9978, +0.9985, +0.9980, +0.9983, +0.9985, +0.9976, +0.9983, +0.9969, +0.9978, +0.9980, +0.9980, +0.9987, +0.9985, +0.9980, +0.9983, +0.9974, +0.9989, +0.9969, +0.9987, +0.9985, +0.9985, +0.9981, +0.9989, +0.9987, +0.9985, +0.9989, +0.9978, +0.9985, +0.9985, +0.9974, +0.9989, +0.9978, +0.9987, +0.9976, +0.9983, +0.9983, +0.9981, +0.9985, +0.9989, +0.9994, +0.9983, +0.9980, +0.9985, +0.9985, +0.9985, +0.9981, +0.9981, +0.9980, +0.9981, +0.9989, +0.9978, +0.9987, +0.9985, +0.9981, +0.9987, +0.9989, +0.9987, +0.9985, +0.9987, +0.9974, +0.9985, +0.9994, +0.9985, +0.9978, +0.9991, +0.9983, +0.9989, +0.9985, +0.9987, +0.9987, +0.9983, +0.9991, +0.9981, +0.9989, +0.9985, +0.9987, +0.9985, +0.9983, +0.9983, +0.9985, +0.9983, +0.9980, +0.9987, +0.9983, +0.9976, +0.9991, +0.9983, +0.9987, +0.9978, +0.9981, +0.9978, +0.9985, +0.9985, +0.9978, +0.9981, +0.9976, +0.9987, +0.9987, +0.9985, +0.9987, +0.9983, +0.9985, +0.9978, +0.9978, +0.9985, +0.9989, +0.9981, +0.9983, +0.9987, +0.9987, +0.9983, +0.9985, +0.9989, +0.9981, +0.9987, +0.9989, +0.9981, +0.9991, +0.9987, +0.9981, +0.9979, +0.9987, +0.9983, +0.9991, +0.9983, +0.9981, +0.9989, +0.9989, +0.9981, +0.9989, +0.9987, +0.9985, +0.9989, +0.9979, +0.9987, +0.9976, +0.9989, +0.9985, +0.9987, +0.9991, +0.9987, +0.9987, +0.9991, +0.9985, +0.9991, +0.9987, +0.9983, +0.9991, +0.9989, +0.9994, +0.9985, +0.9985, +0.9987, +0.9992, +0.9992, +0.9985, +0.9987, +0.9987, +0.9981, +0.9998, +0.9985, +0.9987, +0.9985, +0.9987, +0.9979, +0.9989, +0.9989, +0.9985, +0.9985, +0.9987, +0.9985, +0.9992, +0.9987, +0.9985, +0.9983, +0.9987, +0.9991, +0.9987, +0.9989, +0.9981, +0.9994, +0.9987, +0.9983, +0.9985, +0.9985, +0.9992, +0.9989, +0.9989, +0.9989, +0.9985, +0.9985, +0.9992]
    partner_ep_success_rate: [+0.0000, +0.0000, +0.0000, +0.0000, +0.3333, +0.5155, +0.4422, +0.1111, +0.0000, +0.0000, +0.7826, +0.7097, +0.5714, +1.0000, +0.8000, +0.7500, +0.7282, +0.6452, +0.6667, +0.8000, +0.7800, +0.6486, +0.8222, +0.8750, +0.8068, +0.7846, +0.9412, +0.8889, +0.9167, +0.9355, +0.9512, +0.9070, +0.9485, +0.9343, +0.9790, +0.9267, +0.9806, +0.9735, +0.9379, +0.9583, +0.9576, +0.9701, +0.9820, +0.9939, +0.9938, +0.9820, +0.9760, +0.9527, +0.9831, +0.9568, +0.9465, +0.9820, +0.9886, +0.9650, +0.9843, +0.9832, +0.9524, +0.9841, +0.9795, +0.9847, +0.9895, +0.9948, +0.9950, +0.9745, +0.9951, +0.9803, +1.0000, +1.0000, +0.9951, +0.9853, +1.0000, +0.9851, +0.9954, +0.9901, +0.9952, +0.9807, +0.9953, +0.9903, +0.9860, +0.9907, +0.9953, +0.9953, +0.9903, +0.9906, +0.9952, +0.9910, +0.9951, +0.9953, +0.9902, +0.9908, +0.9905, +0.9909, +0.9907, +0.9953, +1.0000, +0.9809, +0.9953, +0.9808, +0.9822, +0.9954, +1.0000, +0.9956, +0.9864, +0.9725, +0.9954, +0.9904, +0.9690, +0.9955, +0.9818, +0.9554, +0.9903, +0.9674, +0.9912, +0.9909, +0.9862, +0.9910, +0.9870, +0.9862, +0.9758, +0.9677, +0.9682, +0.9630, +0.9680, +0.9864, +0.9554, +0.9434, +0.9565, +0.9648, +0.9384, +0.8282, +0.7939, +0.8884, +0.9729, +0.9497, +0.9238, +0.9289, +0.9660, +0.9349, +0.9755, +0.9573, +0.9643, +0.9550, +0.9526, +0.9403, +0.9641, +0.9596, +0.9624, +0.9399, +0.9585, +0.8736, +0.9563, +0.9409, +0.9086, +0.8750, +0.9282, +0.9514, +0.9626, +0.9471, +0.9848, +0.9799, +0.9810, +0.9747, +0.9906, +0.9909, +0.9952, +1.0000, +0.9953, +0.9953, +0.9907, +0.9860, +0.9854, +0.9862, +0.9915, +1.0000, +0.9769, +0.9953, +1.0000, +0.9674, +0.9771, +0.9864, +0.9907, +0.9764, +0.9810, +0.9863, +0.9668, +0.9769, +0.9912, +0.9867, +0.9862, +0.9773, +1.0000, +1.0000, +0.9955, +0.9909, +0.9911, +1.0000, +1.0000, +0.9953, +0.9954, +0.9912, +0.9955, +0.9954, +0.9911, +0.9862, +0.9953, +0.9953, +0.9061, +0.9749, +0.9587, +0.9956, +0.9952, +0.9954, +0.9955, +0.9908, +0.9862, +0.9631, +0.9819, +0.9906, +0.9909, +0.9767, +0.9814, +0.9633, +0.9862, +0.9866, +0.9955, +0.9860, +0.9771, +0.9813, +0.9911, +0.9662, +0.9757, +0.9954, +0.9810, +0.9855, +0.9865, +0.9767, +0.9903, +0.9730, +0.9815, +0.9856, +0.9860, +0.9859, +0.9856, +0.9856, +0.9905, +0.9954, +0.9817, +0.9907, +0.9704, +0.9861, +0.9858, +0.9670, +0.9720, +0.9421, +0.9250, +0.9531, +0.9302, +0.9665, +0.9673, +0.9750, +0.9600, +0.9694, +0.9660, +0.9534, +0.9754, +0.9749, +0.9617, +0.9949, +0.9704, +0.9854, +0.9912, +0.9904, +0.9953, +0.9810, +1.0000, +0.9858, +0.9955, +0.9860, +0.9907, +0.9909, +0.9908, +1.0000, +0.9955, +0.9951, +0.9956, +1.0000, +0.9868, +0.9953, +0.9955, +1.0000, +0.9953, +0.9910, +0.9955, +0.9954, +0.9908, +0.9911, +0.9907, +0.9954, +0.9905, +0.9910, +0.9953, +1.0000, +0.9863, +0.9909, +0.9854, +0.9908, +0.9911, +0.9907, +0.9913, +0.9955, +0.9769, +0.9950, +0.9864, +0.9910, +0.9857, +0.9817, +0.9866, +0.9953, +1.0000, +0.9907, +1.0000, +0.9911, +0.9909, +0.9860, +0.9955, +0.9908, +0.9864, +0.9905, +0.9860, +0.9954, +0.9910, +1.0000, +0.9818, +0.9911, +0.9955, +0.9910, +0.9813, +0.9776, +1.0000, +1.0000, +1.0000, +0.9955, +0.9862, +0.9688, +0.9909, +0.9773, +0.9954, +0.9863, +0.9908, +0.9910, +1.0000, +0.9956, +1.0000, +0.9862, +1.0000, +0.9909, +0.9863, +0.9784, +0.9814, +0.9865, +1.0000, +0.9907, +0.9955, +1.0000, +0.9913, +0.9908, +0.9911, +0.9956, +0.9953, +0.9817, +0.9956, +0.9956, +1.0000, +0.9912, +0.9908, +0.9957, +1.0000, +0.9953, +0.9956, +0.9867, +0.9908, +1.0000, +0.9828, +0.9767, +0.9903, +0.9864, +0.9823, +0.9821, +0.9904, +0.9819, +0.9870, +0.9906, +0.9912, +0.9911, +1.0000, +0.9910, +0.9912, +1.0000, +0.9954, +0.9955, +0.9955, +0.9956, +0.9953, +0.9955, +0.9869, +0.9954, +0.9957, +0.9953, +0.9956, +0.9815, +0.9912, +0.9907, +0.9910, +0.9864, +1.0000, +0.9956, +0.9861, +1.0000, +0.9955, +0.9954, +0.9910, +1.0000, +0.9956, +0.9957, +0.9954, +0.9910, +1.0000, +1.0000, +0.9953, +0.9770, +0.9861, +0.9956, +0.9956, +0.9910, +0.9864, +0.9955, +0.9773, +0.9912, +1.0000, +1.0000, +0.9911, +0.9867, +0.9867, +0.9955, +0.9954, +0.9864, +0.9956, +1.0000, +0.9766, +0.9957, +0.9956, +0.9821, +0.9818, +1.0000, +1.0000, +0.9953, +0.9955, +0.9955, +0.9912, +0.9865, +0.9956, +0.9912, +0.9953, +0.9908, +0.9955, +1.0000, +0.9871, +0.9909, +0.9736, +0.9909, +0.9953, +0.9821, +0.9910, +0.9911, +0.9864, +1.0000, +0.9910, +0.9912, +0.9956, +0.9953, +0.9956, +0.9954, +0.9956, +0.9915, +0.9955, +0.9910, +0.9868, +1.0000, +0.9954, +1.0000, +0.9913, +1.0000, +0.9911, +0.9865, +0.9820, +0.9911, +0.9862, +1.0000, +0.9956, +1.0000, +1.0000, +0.9912, +0.9957, +0.9956, +0.9955, +0.9954, +1.0000, +0.9868, +0.9908, +0.9865, +0.9862, +1.0000, +0.9912, +0.9814, +0.9956, +0.9956, +1.0000, +0.9908, +0.9865, +1.0000, +0.9953, +0.9870, +0.9908, +0.9911, +1.0000, +0.9957, +0.9910, +0.9955, +1.0000, +1.0000, +0.9860, +0.9958, +0.9954, +0.9860, +1.0000, +0.9956, +0.9956, +0.9910, +0.9910, +0.9860, +0.9864, +0.9911, +0.9864, +0.9821, +0.9910, +0.9865, +0.9822, +1.0000, +0.9910, +1.0000, +0.9911, +0.9955, +0.9783, +0.9865, +1.0000, +0.9954, +0.9954, +0.9818, +0.9909, +0.9956, +1.0000, +1.0000, +0.9956, +1.0000, +0.9865, +0.9909, +0.9912, +1.0000, +0.9957, +0.9911, +0.9956, +0.9907, +0.9913, +1.0000, +0.9956, +0.9956, +1.0000, +0.9868, +1.0000, +0.9818, +1.0000, +0.9865, +1.0000, +0.9863, +1.0000, +0.9912, +0.9956, +0.9864, +1.0000, +0.9911, +0.9955, +0.9867, +0.9913, +0.9955, +1.0000, +1.0000, +1.0000, +0.9865, +0.9866, +0.9867, +0.9913, +0.9955, +0.9868, +0.9908, +0.9823, +0.9912, +0.9913, +0.9954, +0.9956, +0.9911, +1.0000, +0.9911, +0.9956, +0.9872, +1.0000, +0.9911, +0.9955, +0.9913, +0.9910, +0.9957, +1.0000, +0.9865, +0.9911, +0.9864, +0.9956, +0.9826, +0.9955, +0.9956, +0.9909, +1.0000, +0.9955, +0.9911, +1.0000, +0.9868, +0.9863, +0.9956, +0.9823, +0.9955, +0.9912, +0.9866, +0.9957, +0.9955, +1.0000, +0.9955, +0.9868, +0.9867, +0.9955, +0.9955, +0.9916, +0.9953, +0.9955, +1.0000, +0.9914, +1.0000, +0.9955, +1.0000, +0.9958, +1.0000, +0.9910, +0.9868, +0.9955, +1.0000, +1.0000, +0.9868, +0.9958, +0.9911, +0.9866, +1.0000, +0.9955, +0.9955, +0.9914, +1.0000, +0.9957, +1.0000, +1.0000, +1.0000, +0.9956, +0.9957, +0.9956, +0.9956, +1.0000, +1.0000, +1.0000, +1.0000, +1.0000, +1.0000, +0.9956, +0.9956, +0.9912, +1.0000, +1.0000, +1.0000, +0.9956, +1.0000, +1.0000, +1.0000, +0.9956, +0.9957, +1.0000, +0.9957, +1.0000, +0.9874, +1.0000, +0.9954, +1.0000, +1.0000, +0.9957, +1.0000, +1.0000, +1.0000, +1.0000, +1.0000, +0.9956, +0.9958, +0.9957, +1.0000, +0.9957, +1.0000, +1.0000, +1.0000, +0.9956, +0.9956, +0.9912, +1.0000, +0.9955, +1.0000, +0.9956, +0.9957, +0.9826, +0.9914, +0.9822, +1.0000, +0.9957, +0.9957, +1.0000, +1.0000, +0.9869, +0.9956, +1.0000, +0.9958, +0.9912, +0.9911, +1.0000, +0.9956, +0.9959, +1.0000, +1.0000, +1.0000, +1.0000, +0.9957, +0.9957, +0.9957, +0.9913, +1.0000, +1.0000, +0.9957, +0.9956, +0.9956, +0.9957, +1.0000, +1.0000, +1.0000, +1.0000, +1.0000, +1.0000, +0.9957, +1.0000, +1.0000, +1.0000, +0.9956, +0.9914, +1.0000, +1.0000, +0.9822, +1.0000, +0.9956, +0.9956, +1.0000, +1.0000, +1.0000, +1.0000, +0.9956, +0.9915, +0.9957, +1.0000, +1.0000, +0.9957, +1.0000, +0.9957, +1.0000, +1.0000, +1.0000, +0.9958, +1.0000, +1.0000, +0.9957, +0.9956, +0.9958, +1.0000, +1.0000, +1.0000, +1.0000, +1.0000, +0.9958, +1.0000, +1.0000, +0.9957, +1.0000, +1.0000, +0.9914, +0.9957, +0.9956, +1.0000, +0.9957, +0.9957, +1.0000, +0.9957, +1.0000, +0.9912, +0.9957, +1.0000, +1.0000, +0.9957, +1.0000, +1.0000, +1.0000, +0.9872, +1.0000, +1.0000, +1.0000, +0.9916, +1.0000, +1.0000, +0.9913, +0.9957, +0.9914, +1.0000, +1.0000, +1.0000, +0.9913, +1.0000, +0.9956, +1.0000, +0.9957, +0.9957, +0.9957, +0.9958, +1.0000, +0.9957, +0.9958, +1.0000, +0.9957, +0.9957, +1.0000, +0.9957, +1.0000, +1.0000, +1.0000, +0.9958, +0.9958, +0.9957, +1.0000, +1.0000, +0.9957, +0.9958, +1.0000, +1.0000, +1.0000, +0.9957, +1.0000, +1.0000, +1.0000, +0.9958, +1.0000, +1.0000, +1.0000, +1.0000, +1.0000, +0.9913, +1.0000, +0.9916, +0.9913, +1.0000, +0.9916, +0.9957, +0.9958, +1.0000, +0.9915, +0.9957, +1.0000, +0.9958, +1.0000, +0.9915, +0.9957, +1.0000, +1.0000, +1.0000, +0.9958, +1.0000, +1.0000, +0.9957, +1.0000, +0.9872, +1.0000, +1.0000, +0.9957, +1.0000, +0.9958, +0.9958, +1.0000, +1.0000, +0.9956, +1.0000, +0.9958, +1.0000]
            ep_return_mean: [+0.0000, +0.0000, +0.0000, +0.0000, +0.3367, -4.1379, -9.0720, -13.9814, +0.0000, +0.0000, -1.0233, -3.2305, -5.3044, -5.6202, +5.6812, +3.7671, +2.4744, +0.1797, +6.7529, +5.4303, +4.2675, +2.5540, +5.9308, +6.8524, +6.0385, +8.8569, +9.9141, +9.9560, +11.8358, +11.7648, +13.2570, +13.2373, +13.7701, +14.0929, +14.6201, +14.7597, +14.8806, +15.1592, +15.2087, +15.5368, +15.4845, +15.7593, +15.7149, +15.7620, +15.5926, +15.4006, +15.6793, +15.8376, +15.9787, +15.8806, +15.8567, +16.2196, +16.0605, +16.2025, +16.4317, +16.4368, +16.3115, +16.4205, +16.4172, +16.4629, +16.6481, +16.5893, +16.7340, +16.6421, +16.6643, +16.7812, +16.7582, +16.7945, +16.8523, +16.8151, +16.7773, +16.7787, +16.8874, +16.9055, +16.8630, +16.8103, +16.8889, +16.9869, +16.9373, +16.9872, +16.9083, +17.0286, +17.0040, +16.9331, +16.9571, +16.9456, +16.9819, +17.0099, +17.0177, +16.9276, +17.0029, +17.0266, +17.0554, +16.9878, +17.0227, +17.0145, +17.1050, +17.0789, +17.0656, +17.0673, +17.1498, +17.0243, +17.0649, +17.1060, +17.1291, +17.1164, +17.0216, +17.1660, +17.1728, +17.0569, +17.0663, +17.0326, +17.1421, +17.1858, +17.0836, +17.1153, +17.1656, +17.1549, +17.0861, +16.9803, +17.0747, +17.0292, +17.1025, +17.0614, +16.9592, +16.9653, +16.8689, +16.8271, +16.8138, +16.1124, +15.6148, +16.1564, +16.8966, +16.8140, +16.7128, +16.7962, +16.9128, +16.8916, +16.9611, +16.8945, +16.8776, +16.6169, +16.6347, +16.4981, +16.7480, +16.6891, +16.6051, +16.3257, +16.2465, +16.2269, +16.2892, +16.3535, +16.2162, +15.9256, +15.9613, +16.1923, +16.4039, +16.5557, +16.6847, +16.6530, +16.8077, +16.8673, +16.8935, +16.9811, +16.9870, +16.9459, +17.0174, +17.0454, +16.9779, +17.0329, +17.0342, +17.0772, +17.0765, +17.1607, +17.0542, +17.0913, +17.1537, +17.0640, +16.9722, +17.0323, +17.0751, +17.0183, +17.0488, +17.0346, +17.0312, +17.0637, +17.0763, +17.1681, +17.0860, +17.0650, +17.0984, +17.1351, +17.1210, +17.1412, +17.1070, +17.0303, +17.0855, +17.1288, +17.0471, +17.0704, +17.1196, +17.1075, +17.0859, +17.1334, +17.1585, +17.1682, +16.6382, +16.0566, +16.6983, +17.0321, +17.1070, +17.1376, +17.1140, +17.1535, +17.1014, +17.0571, +17.1126, +17.1176, +17.0888, +17.0835, +17.0429, +17.0787, +17.0482, +17.1331, +17.1162, +17.0666, +17.1271, +17.1122, +17.0949, +17.0335, +16.9795, +17.0416, +17.0559, +16.9898, +16.9208, +17.0256, +17.0394, +16.9949, +17.0829, +17.0355, +17.0466, +16.9553, +16.9990, +16.9704, +16.9911, +17.0222, +17.0203, +17.0631, +16.9518, +16.9892, +16.9948, +17.1020, +17.0334, +16.6375, +16.5454, +16.7499, +16.6641, +16.9182, +16.9257, +16.9403, +16.7455, +16.7250, +16.7456, +16.6781, +16.7154, +16.8104, +16.7890, +16.9175, +16.8712, +16.8945, +16.9202, +16.9860, +16.9550, +17.0177, +17.0301, +17.0562, +17.0340, +17.0623, +17.0041, +17.0915, +17.0222, +17.1082, +17.0747, +17.1001, +17.1298, +17.1692, +17.1196, +17.1907, +17.1220, +17.0950, +17.1617, +17.1513, +17.1661, +17.1429, +17.1092, +17.0761, +17.1166, +17.1480, +17.1072, +17.0812, +17.0616, +17.0527, +17.1165, +17.0647, +17.1072, +17.1070, +17.1576, +17.1717, +17.1193, +17.1689, +17.0730, +17.1124, +17.0449, +17.1101, +17.0630, +17.0332, +17.0554, +17.1264, +17.1723, +17.0657, +17.2045, +17.1433, +17.1128, +17.1256, +17.1643, +17.1118, +17.0906, +17.1031, +17.0699, +17.1049, +17.0756, +17.1064, +17.1122, +17.1560, +17.1291, +17.1734, +17.1351, +17.1728, +17.1532, +17.1867, +17.1916, +17.1794, +17.1093, +17.1122, +17.1787, +17.1809, +17.1208, +17.1759, +17.1091, +17.1419, +17.1897, +17.1934, +17.2470, +17.1763, +17.2248, +17.1721, +17.1649, +17.0867, +17.1495, +17.1090, +17.1852, +17.1624, +17.2054, +17.1911, +17.1774, +17.2367, +17.1940, +17.1952, +17.1813, +17.1551, +17.2672, +17.1976, +17.2761, +17.2076, +17.2406, +17.2086, +17.2730, +17.2686, +17.1724, +17.2161, +17.1323, +17.1880, +17.1195, +17.2031, +17.1718, +17.1491, +17.1569, +17.1542, +17.1186, +17.1648, +17.1328, +17.1754, +17.1623, +17.2004, +17.2169, +17.1809, +17.2078, +17.2256, +17.2342, +17.1708, +17.1961, +17.1685, +17.1554, +17.1020, +17.2541, +17.1630, +17.1681, +17.1702, +17.1705, +17.1437, +17.1873, +17.1860, +17.1649, +17.2055, +17.1926, +17.1840, +17.1875, +17.1251, +17.1538, +17.1712, +17.1480, +17.1989, +17.1706, +17.2001, +17.2063, +17.2257, +17.1987, +17.2283, +17.2302, +17.2156, +17.1566, +17.1482, +17.1653, +17.1809, +17.1979, +17.2077, +17.1708, +17.2303, +17.2314, +17.1714, +17.1534, +17.1807, +17.2312, +17.1802, +17.1864, +17.2000, +17.2055, +17.2105, +17.1209, +17.1186, +17.2161, +17.2058, +17.1897, +17.1566, +17.0955, +17.1886, +17.1251, +17.1596, +17.2297, +17.2116, +17.1916, +17.2237, +17.1289, +17.1847, +17.1662, +17.2021, +17.1561, +17.1804, +17.1419, +17.1298, +17.1415, +17.1510, +17.1463, +17.1715, +17.2177, +17.2081, +17.1741, +17.2224, +17.2043, +17.2581, +17.2363, +17.2572, +17.2188, +17.2413, +17.2643, +17.2109, +17.2564, +17.2702, +17.2354, +17.1970, +17.2129, +17.2255, +17.2295, +17.2015, +17.2189, +17.1270, +17.2088, +17.2408, +17.2434, +17.2206, +17.2148, +17.2381, +17.2484, +17.2396, +17.2132, +17.2053, +17.2147, +17.1582, +17.2304, +17.1169, +17.0753, +17.1565, +17.1781, +17.1524, +17.1511, +17.1881, +17.2769, +17.2089, +17.1777, +17.2150, +17.1789, +17.2031, +17.2041, +17.2012, +17.1945, +17.1931, +17.2661, +17.1717, +17.2324, +17.2404, +17.2065, +17.2311, +17.2324, +17.2047, +17.1806, +17.2311, +17.2113, +17.2097, +17.2071, +17.1679, +17.1933, +17.1864, +17.1783, +17.1706, +17.1869, +17.2002, +17.1845, +17.1865, +17.2131, +17.2251, +17.1806, +17.2001, +17.1293, +17.2052, +17.2400, +17.1921, +17.1483, +17.1807, +17.1918, +17.1462, +17.2313, +17.2348, +17.2148, +17.2489, +17.1948, +17.2547, +17.2157, +17.2622, +17.2717, +17.2582, +17.2827, +17.2346, +17.2356, +17.2649, +17.2291, +17.1866, +17.2894, +17.2444, +17.2492, +17.2252, +17.2617, +17.2743, +17.2092, +17.2151, +17.2348, +17.2409, +17.2636, +17.2419, +17.1840, +17.2525, +17.2186, +17.2344, +17.2711, +17.2772, +17.2256, +17.2644, +17.2216, +17.2673, +17.1963, +17.2458, +17.2153, +17.2540, +17.2192, +17.2171, +17.1956, +17.2134, +17.2046, +17.2364, +17.2189, +17.2676, +17.2459, +17.2666, +17.2778, +17.2569, +17.2914, +17.2687, +17.2151, +17.2148, +17.2278, +17.2033, +17.2593, +17.2457, +17.1974, +17.2321, +17.1939, +17.1603, +17.1840, +17.1871, +17.2116, +17.1938, +17.1969, +17.2536, +17.2217, +17.2321, +17.2360, +17.2425, +17.2270, +17.2522, +17.2473, +17.2320, +17.2015, +17.2770, +17.2611, +17.2700, +17.2807, +17.2742, +17.2580, +17.2787, +17.1976, +17.2414, +17.2086, +17.2485, +17.2515, +17.2876, +17.3016, +17.2978, +17.2839, +17.2776, +17.2620, +17.2661, +17.2857, +17.2937, +17.2618, +17.2538, +17.2700, +17.3029, +17.2855, +17.2764, +17.2877, +17.2949, +17.2948, +17.2795, +17.2369, +17.3014, +17.2589, +17.2515, +17.2980, +17.2480, +17.3079, +17.2635, +17.3106, +17.2257, +17.2690, +17.2782, +17.2972, +17.2848, +17.2950, +17.3223, +17.2834, +17.2982, +17.2824, +17.2910, +17.3134, +17.3547, +17.3082, +17.3122, +17.3262, +17.3126, +17.3280, +17.3159, +17.3040, +17.2850, +17.3273, +17.3073, +17.3137, +17.3164, +17.3316, +17.3081, +17.3390, +17.3323, +17.3156, +17.3118, +17.3131, +17.3044, +17.3323, +17.3285, +17.2754, +17.2833, +17.3176, +17.3115, +17.2738, +17.3146, +17.2937, +17.3121, +17.3142, +17.3034, +17.2706, +17.3035, +17.2934, +17.2936, +17.2725, +17.2580, +17.2853, +17.3161, +17.3207, +17.3442, +17.2785, +17.3328, +17.2681, +17.3127, +17.2974, +17.3194, +17.3189, +17.3167, +17.3306, +17.3211, +17.3472, +17.3578, +17.3107, +17.3287, +17.3331, +17.3194, +17.3383, +17.2877, +17.3148, +17.3437, +17.3214, +17.3192, +17.3277, +17.3015, +17.3387, +17.3602, +17.3410, +17.3541, +17.3361, +17.3163, +17.3285, +17.3461, +17.3364, +17.3165, +17.3204, +17.3303, +17.3387, +17.3401, +17.3578, +17.3405, +17.3287, +17.3374, +17.3559, +17.3438, +17.3696, +17.3378, +17.3145, +17.3274, +17.3692, +17.3461, +17.3200, +17.3642, +17.3394, +17.3574, +17.3530, +17.3491, +17.3551, +17.3551, +17.3426, +17.3566, +17.3394, +17.3483, +17.3678, +17.3680, +17.3387, +17.3324, +17.3154, +17.3437, +17.3550, +17.3378, +17.3270, +17.3410, +17.3767, +17.3393, +17.3599, +17.3340, +17.3338, +17.3477, +17.3362, +17.3335, +17.3477, +17.3073, +17.3468, +17.3394, +17.3543, +17.3597, +17.3564, +17.3570, +17.3416, +17.3631, +17.3299, +17.3417, +17.3720, +17.4017, +17.3016, +17.3779, +17.3730, +17.3460, +17.3563, +17.3714, +17.3615, +17.3725, +17.3630, +17.3664, +17.3638, +17.3793, +17.3556, +17.3355, +17.3802, +17.3593, +17.3713, +17.3746, +17.3605, +17.3552, +17.3708, +17.3557, +17.3993, +17.3589, +17.3668, +17.3809, +17.3601, +17.3742, +17.3248, +17.3701, +17.3897, +17.3743, +17.3747, +17.3767, +17.3951, +17.3677, +17.3658, +17.3792, +17.3818, +17.3667, +17.3893, +17.3803, +17.3903, +17.3980, +17.3653, +17.3903, +17.3642, +17.3855, +17.3926, +17.3691, +17.3829, +17.3805, +17.3654, +17.3902, +17.3827, +17.3876, +17.3645, +17.3734, +17.3691, +17.3926, +17.3948, +17.3629, +17.3634, +17.3923, +17.3828, +17.3778, +17.3949, +17.3611, +17.3690, +17.3930, +17.3987, +17.3895, +17.3703, +17.3916, +17.3791, +17.3941, +17.3723, +17.3725, +17.3879, +17.3936, +17.3933, +17.3979, +17.3717, +17.3939, +17.3795]
            ep_length_mean: [+0.0000, +0.0000, +0.0000, +0.0000, +1245.6667, +1437.3197, +1645.1021, +1835.7778, +0.0000, +0.0000, +1303.3479, +1401.4596, +1497.1429, +1572.0000, +983.2400, +1089.8959, +1159.6991, +1239.6451, +929.4815, +993.2889, +1050.8800, +1142.2162, +960.0667, +919.0269, +938.6932, +804.8923, +742.5547, +727.0000, +625.0648, +621.1532, +541.5610, +536.5427, +513.0147, +490.5328, +466.8671, +451.7733, +444.6129, +425.1457, +421.3354, +406.1964, +402.9879, +393.2575, +392.8683, +390.5031, +402.3975, +410.3832, +398.8443, +386.0296, +377.3034, +381.4383, +385.7112, +362.9581, +368.9314, +360.3550, +349.8534, +346.4078, +353.5768, +347.4815, +347.2000, +343.3061, +334.0367, +336.0722, +327.8141, +332.5969, +331.2843, +322.9655, +324.1732, +322.9807, +319.0728, +320.1618, +323.7624, +322.5323, +315.8241, +315.9455, +318.5652, +319.4493, +314.3555, +310.0243, +311.1635, +308.1256, +314.3223, +307.2290, +306.9082, +311.5070, +309.6522, +309.9640, +308.0728, +307.2103, +307.8781, +311.9495, +308.6429, +306.7260, +303.7037, +307.4601, +305.7306, +306.4594, +301.4366, +301.9087, +302.2178, +302.2009, +299.3239, +305.5507, +301.6199, +299.6697, +298.6667, +297.6731, +302.1947, +295.2812, +295.3682, +301.6786, +301.1117, +303.5861, +296.4026, +294.9635, +300.9816, +298.5023, +294.6478, +295.7018, +300.6522, +307.5346, +300.5909, +303.0463, +299.6028, +303.3394, +308.5742, +308.6981, +315.0483, +321.0452, +317.0711, +355.4662, +377.7152, +352.6837, +312.9729, +318.2914, +324.1857, +319.8680, +314.0049, +311.1070, +311.5098, +317.6161, +318.8418, +333.0550, +334.7316, +339.0298, +326.0308, +329.6616, +336.1344, +351.5519, +359.7617, +358.9943, +356.8579, +352.0645, +360.2857, +374.0625, +374.7625, +363.0973, +348.8182, +335.7789, +329.5858, +328.8091, +321.4286, +316.9445, +315.0000, +308.1091, +309.2105, +311.0474, +307.4465, +305.0235, +308.5187, +306.3721, +306.7220, +303.4725, +301.6000, +297.3488, +304.2870, +301.4698, +297.4764, +302.7907, +306.0963, +305.2863, +303.9860, +306.2594, +304.5829, +303.6256, +304.4313, +302.8658, +302.1366, +295.1022, +300.7431, +301.5545, +299.6745, +297.4742, +300.2277, +298.9543, +299.3795, +303.0806, +302.3460, +300.4434, +304.5278, +302.7180, +300.3408, +300.8664, +301.0312, +298.7419, +298.0372, +296.0610, +322.1326, +348.3517, +318.6559, +303.9956, +300.6429, +299.7809, +300.3364, +298.1559, +301.0092, +302.6452, +299.5928, +299.1793, +301.0136, +301.3070, +304.4279, +301.4679, +303.5438, +297.6696, +299.2748, +301.1256, +298.4862, +299.3364, +301.9733, +306.3961, +309.7913, +305.1743, +306.2333, +309.3044, +312.9731, +308.0419, +307.2330, +309.1351, +302.8241, +308.1923, +305.8972, +310.7183, +308.9279, +310.3269, +308.4360, +307.1193, +305.9220, +305.7023, +310.8818, +309.8519, +308.6085, +302.6509, +306.7430, +329.6632, +333.6350, +323.9636, +328.2186, +314.6460, +312.7990, +312.8350, +325.2450, +326.3622, +327.2961, +335.9586, +330.0443, +323.7337, +325.1483, +318.0454, +318.9458, +317.8010, +313.6726, +311.1971, +312.0522, +308.1754, +307.3667, +304.8010, +304.6591, +304.8372, +307.4306, +302.5434, +306.1429, +301.5166, +303.4709, +301.1602, +300.2800, +297.5138, +299.1754, +296.1422, +300.0942, +300.5804, +296.7089, +296.6425, +295.6532, +297.3670, +300.7339, +302.5111, +300.7804, +298.2431, +301.1000, +302.7330, +302.9249, +304.4513, +300.9635, +302.9133, +301.8878, +301.8479, +298.3705, +297.2130, +300.1310, +297.1892, +301.9445, +302.7000, +304.4864, +301.2523, +303.1190, +305.5550, +304.9821, +300.2394, +296.7097, +303.6065, +295.4299, +298.4509, +300.4545, +299.8878, +298.1562, +300.8986, +300.8364, +302.5071, +304.0374, +302.1233, +302.0135, +300.5749, +300.5091, +298.9821, +298.8919, +297.2242, +298.4579, +295.9238, +296.9776, +295.1869, +294.1283, +296.5991, +299.3394, +299.7545, +296.6136, +295.9409, +298.6941, +296.8676, +299.3578, +298.1031, +295.0591, +294.9258, +292.1384, +296.3394, +294.2233, +296.7854, +298.4292, +301.2641, +298.9349, +300.4933, +296.4019, +297.2130, +294.5000, +295.7890, +295.6926, +291.6880, +295.1875, +295.5620, +295.2617, +296.6484, +290.6079, +294.4000, +290.1834, +293.8943, +291.7512, +293.4502, +290.0133, +289.8271, +295.1200, +293.0266, +297.9171, +295.3304, +298.9008, +294.9861, +297.4444, +298.6545, +298.4956, +297.7803, +299.9235, +297.5702, +299.2814, +296.2864, +296.2325, +294.5446, +293.1889, +295.5068, +293.4361, +292.5418, +292.3704, +296.1518, +294.4730, +296.0264, +296.4346, +298.3665, +290.6201, +295.3134, +296.6234, +297.2322, +297.1886, +296.7454, +296.8333, +295.7628, +296.7085, +293.5068, +295.6621, +295.4236, +295.1713, +299.1106, +297.3722, +296.3640, +297.4978, +294.4908, +295.7876, +294.7629, +293.8073, +293.3453, +294.0043, +292.7555, +291.7606, +293.3180, +295.9213, +296.3158, +296.4061, +295.0543, +293.8055, +294.1773, +295.5727, +292.0531, +292.2636, +295.1216, +297.0222, +294.7743, +292.4071, +295.1794, +293.9726, +294.4818, +293.6372, +294.2685, +298.4626, +298.4739, +293.4734, +293.5491, +294.1364, +296.4932, +299.6711, +294.5327, +298.4643, +296.2625, +292.5575, +293.4036, +295.4489, +293.1718, +298.0519, +294.5438, +295.1892, +294.6880, +296.1121, +295.0366, +296.4626, +297.8364, +294.9343, +295.4286, +296.3050, +294.3200, +291.8281, +293.4542, +295.3108, +292.4430, +292.8356, +290.4232, +291.4311, +291.0502, +292.3053, +291.5513, +290.8475, +293.8733, +291.2544, +289.8356, +291.8448, +294.4823, +293.4391, +293.3303, +292.1111, +294.4126, +293.1036, +297.8304, +293.0691, +292.3080, +291.6812, +293.3455, +293.4932, +292.1850, +291.2414, +291.0978, +293.2162, +293.9315, +292.9633, +296.2018, +291.8341, +297.8379, +300.3594, +296.6786, +295.0661, +296.7721, +296.8089, +294.9022, +289.1726, +292.5899, +294.9821, +292.3766, +295.0280, +294.4372, +293.5596, +293.1378, +295.0137, +294.0956, +290.2198, +295.5450, +291.8634, +291.4420, +293.7116, +292.1822, +292.1238, +292.4486, +295.3723, +293.3260, +293.0575, +293.1081, +294.2838, +295.1822, +294.7240, +295.4911, +295.7693, +295.7188, +294.9686, +294.0852, +294.8134, +295.3470, +294.5946, +293.2732, +295.6489, +294.9363, +298.7261, +293.1346, +292.0219, +294.7037, +297.2890, +295.9545, +295.2786, +297.2978, +291.6379, +291.9866, +293.1762, +291.3825, +293.7175, +290.3909, +293.1053, +290.1696, +289.7940, +290.5867, +288.6272, +292.3070, +291.1397, +290.2954, +292.6388, +293.8070, +288.4217, +290.2368, +291.0134, +291.9682, +290.2232, +289.3829, +293.2699, +292.4886, +291.3176, +291.0088, +290.9557, +291.2182, +294.4802, +291.1555, +292.7277, +291.1733, +289.3581, +288.2018, +291.6987, +289.5111, +291.6035, +288.7117, +292.2500, +290.0487, +291.8739, +289.5454, +291.4009, +291.3348, +294.6239, +292.4273, +293.3581, +292.1880, +291.9301, +290.0804, +290.9380, +289.7321, +288.6520, +289.1489, +287.6409, +289.5179, +292.6250, +292.3362, +292.1901, +293.1631, +290.7721, +291.3333, +293.4955, +291.7602, +294.3200, +295.6174, +294.7703, +293.6534, +292.8402, +294.3333, +292.9591, +290.1422, +292.0133, +291.4493, +290.8630, +291.2787, +291.4823, +289.7748, +290.3700, +291.3884, +292.9359, +288.6727, +289.1574, +287.9729, +287.9251, +287.6637, +289.2366, +288.0136, +292.1723, +289.7488, +290.9821, +288.6438, +288.7811, +287.3030, +286.6227, +286.1903, +286.9156, +287.4721, +287.8784, +287.6035, +287.3661, +287.1130, +288.0352, +288.4123, +287.4748, +286.5645, +286.9330, +287.5690, +287.1652, +286.4509, +287.4850, +286.6859, +289.3117, +286.3319, +288.7851, +289.0310, +286.1770, +289.0435, +286.0622, +287.8407, +285.8377, +290.7851, +287.7533, +288.2586, +285.9442, +286.6255, +286.4690, +285.5266, +286.7433, +286.6463, +287.4249, +287.4138, +285.5677, +283.2130, +285.5516, +285.7797, +284.6947, +285.2863, +284.8859, +285.3846, +285.5903, +287.2678, +284.6348, +285.5392, +285.2427, +285.2944, +284.6348, +285.2140, +283.8628, +284.1795, +285.3216, +285.2838, +285.1528, +286.5983, +283.6870, +284.9251, +287.6217, +286.8528, +285.9595, +285.7456, +286.8865, +284.9780, +286.6404, +285.3489, +285.4241, +286.6180, +288.0614, +286.5887, +286.7043, +287.1552, +287.8089, +288.1697, +287.5855, +284.9142, +284.8478, +283.3289, +287.2969, +284.0699, +287.5536, +284.8945, +285.8018, +284.4464, +284.9912, +284.7807, +284.0000, +284.2768, +283.1277, +282.4292, +284.9870, +283.6130, +283.6524, +285.0215, +283.0913, +285.9784, +284.9380, +283.0425, +283.8865, +284.9737, +283.2944, +285.1356, +283.0693, +282.2174, +282.8448, +282.8681, +283.7424, +284.0258, +283.6781, +282.6786, +282.8884, +283.9301, +283.5992, +283.4979, +283.1674, +282.3911, +282.0720, +282.4192, +283.5639, +282.7715, +282.2361, +283.0214, +280.8803, +283.1266, +283.8347, +283.7532, +281.3144, +282.7619, +283.6277, +281.3965, +282.5983, +281.6766, +282.0736, +282.0216, +281.9370, +282.2795, +282.6463, +281.7574, +282.5284, +282.1653, +281.4698, +280.5923, +282.6465, +283.2597, +283.5789, +282.6414, +281.4217, +282.7143, +283.3750, +282.3940, +280.1864, +282.1674, +280.9872, +283.0655, +282.7848, +282.1767, +282.8745, +283.1429, +281.7596, +284.0601, +281.7577, +282.6128, +282.0085, +280.3711, +281.3489, +281.6996, +282.3691, +280.6422, +282.7064, +282.0334, +279.7596, +278.9383, +283.4937, +280.0216, +280.5065, +281.8961, +280.4678, +280.6810, +280.8608, +280.1660, +280.6752, +279.8615, +281.0917, +279.8559, +280.9569, +281.7009, +280.2174, +280.6154, +279.8687, +280.3691, +280.4348, +281.0633, +280.3656, +280.9571, +278.3419, +281.5234, +280.2790, +279.2814, +280.5447, +280.3480, +282.0251, +279.9915, +278.8675, +280.4237, +279.9402, +279.7013, +278.7712, +280.2405, +280.8112, +279.9452, +279.6379, +280.2115, +279.3629, +279.7642, +279.2647, +278.4526, +280.1240, +278.7888, +281.0042, +279.3305, +278.5327, +280.0766, +279.1519, +279.7478, +280.4684, +278.8571, +279.1288, +278.2605, +280.8996, +279.6368, +279.6035, +278.6639, +278.3950, +280.5752, +279.8051, +278.5801, +279.1282, +279.7013, +278.3130, +280.0339, +279.7017, +278.9391, +278.3723, +278.4937, +279.9617, +278.7047, +279.4785, +278.4026, +279.3807, +279.7500, +278.6653, +278.5394, +278.4936, +278.4410, +279.7940, +278.4790, +279.3788]
               reward_mean: [-0.0054, -0.0050, -0.0047, -0.0047, -0.0042, -0.0040, -0.0045, -0.0034, -0.0042, -0.0028, -0.0006, +0.0005, +0.0014, +0.0025, +0.0037, +0.0042, +0.0035, +0.0047, +0.0042, +0.0040, +0.0048, +0.0061, +0.0072, +0.0083, +0.0118, +0.0140, +0.0154, +0.0187, +0.0207, +0.0236, +0.0255, +0.0273, +0.0302, +0.0298, +0.0333, +0.0324, +0.0363, +0.0363, +0.0369, +0.0391, +0.0406, +0.0399, +0.0397, +0.0381, +0.0376, +0.0403, +0.0406, +0.0413, +0.0429, +0.0418, +0.0422, +0.0442, +0.0451, +0.0463, +0.0465, +0.0478, +0.0469, +0.0460, +0.0486, +0.0490, +0.0503, +0.0499, +0.0505, +0.0499, +0.0520, +0.0512, +0.0521, +0.0524, +0.0528, +0.0517, +0.0515, +0.0538, +0.0536, +0.0526, +0.0532, +0.0532, +0.0545, +0.0543, +0.0553, +0.0535, +0.0546, +0.0557, +0.0550, +0.0543, +0.0553, +0.0542, +0.0557, +0.0554, +0.0549, +0.0554, +0.0553, +0.0552, +0.0562, +0.0551, +0.0561, +0.0558, +0.0572, +0.0559, +0.0569, +0.0571, +0.0561, +0.0565, +0.0568, +0.0571, +0.0570, +0.0571, +0.0570, +0.0585, +0.0575, +0.0567, +0.0566, +0.0566, +0.0583, +0.0580, +0.0561, +0.0581, +0.0581, +0.0572, +0.0560, +0.0563, +0.0571, +0.0559, +0.0566, +0.0558, +0.0559, +0.0540, +0.0539, +0.0515, +0.0540, +0.0402, +0.0436, +0.0490, +0.0534, +0.0523, +0.0520, +0.0522, +0.0539, +0.0555, +0.0533, +0.0522, +0.0515, +0.0503, +0.0493, +0.0501, +0.0508, +0.0502, +0.0478, +0.0464, +0.0461, +0.0443, +0.0468, +0.0455, +0.0436, +0.0429, +0.0427, +0.0449, +0.0491, +0.0496, +0.0497, +0.0509, +0.0524, +0.0531, +0.0549, +0.0553, +0.0544, +0.0553, +0.0552, +0.0563, +0.0554, +0.0553, +0.0555, +0.0573, +0.0572, +0.0573, +0.0561, +0.0569, +0.0575, +0.0551, +0.0561, +0.0564, +0.0558, +0.0557, +0.0561, +0.0566, +0.0549, +0.0566, +0.0570, +0.0570, +0.0571, +0.0565, +0.0572, +0.0571, +0.0570, +0.0572, +0.0564, +0.0567, +0.0572, +0.0561, +0.0567, +0.0568, +0.0567, +0.0565, +0.0573, +0.0575, +0.0579, +0.0578, +0.0434, +0.0501, +0.0549, +0.0577, +0.0572, +0.0566, +0.0577, +0.0575, +0.0563, +0.0567, +0.0572, +0.0567, +0.0569, +0.0567, +0.0558, +0.0566, +0.0563, +0.0573, +0.0571, +0.0576, +0.0566, +0.0569, +0.0568, +0.0545, +0.0558, +0.0566, +0.0544, +0.0545, +0.0548, +0.0553, +0.0547, +0.0556, +0.0563, +0.0550, +0.0557, +0.0549, +0.0543, +0.0545, +0.0554, +0.0556, +0.0557, +0.0552, +0.0547, +0.0544, +0.0565, +0.0561, +0.0542, +0.0478, +0.0508, +0.0521, +0.0523, +0.0535, +0.0542, +0.0540, +0.0510, +0.0515, +0.0505, +0.0497, +0.0508, +0.0520, +0.0518, +0.0527, +0.0542, +0.0527, +0.0547, +0.0538, +0.0548, +0.0551, +0.0557, +0.0550, +0.0567, +0.0554, +0.0559, +0.0558, +0.0560, +0.0563, +0.0573, +0.0571, +0.0577, +0.0570, +0.0577, +0.0575, +0.0573, +0.0576, +0.0577, +0.0581, +0.0577, +0.0568, +0.0569, +0.0570, +0.0566, +0.0575, +0.0568, +0.0563, +0.0563, +0.0567, +0.0568, +0.0573, +0.0556, +0.0572, +0.0578, +0.0574, +0.0582, +0.0572, +0.0558, +0.0557, +0.0562, +0.0571, +0.0565, +0.0559, +0.0558, +0.0576, +0.0561, +0.0581, +0.0579, +0.0570, +0.0573, +0.0569, +0.0576, +0.0568, +0.0568, +0.0558, +0.0564, +0.0561, +0.0571, +0.0571, +0.0569, +0.0575, +0.0576, +0.0578, +0.0577, +0.0577, +0.0578, +0.0590, +0.0587, +0.0570, +0.0571, +0.0577, +0.0582, +0.0576, +0.0576, +0.0570, +0.0579, +0.0573, +0.0585, +0.0586, +0.0589, +0.0579, +0.0583, +0.0576, +0.0571, +0.0572, +0.0566, +0.0576, +0.0579, +0.0580, +0.0581, +0.0578, +0.0587, +0.0587, +0.0587, +0.0575, +0.0584, +0.0580, +0.0588, +0.0596, +0.0592, +0.0588, +0.0591, +0.0587, +0.0595, +0.0589, +0.0585, +0.0585, +0.0574, +0.0581, +0.0581, +0.0576, +0.0581, +0.0575, +0.0577, +0.0568, +0.0571, +0.0577, +0.0579, +0.0577, +0.0581, +0.0585, +0.0583, +0.0580, +0.0589, +0.0592, +0.0588, +0.0577, +0.0581, +0.0583, +0.0570, +0.0589, +0.0585, +0.0581, +0.0581, +0.0572, +0.0578, +0.0585, +0.0579, +0.0580, +0.0582, +0.0586, +0.0579, +0.0586, +0.0573, +0.0584, +0.0566, +0.0580, +0.0579, +0.0583, +0.0579, +0.0591, +0.0584, +0.0583, +0.0592, +0.0588, +0.0587, +0.0584, +0.0578, +0.0580, +0.0580, +0.0582, +0.0586, +0.0582, +0.0589, +0.0590, +0.0581, +0.0583, +0.0579, +0.0590, +0.0585, +0.0585, +0.0583, +0.0580, +0.0588, +0.0585, +0.0570, +0.0581, +0.0584, +0.0588, +0.0580, +0.0569, +0.0581, +0.0577, +0.0578, +0.0587, +0.0587, +0.0586, +0.0583, +0.0578, +0.0580, +0.0587, +0.0583, +0.0576, +0.0588, +0.0578, +0.0574, +0.0575, +0.0584, +0.0582, +0.0574, +0.0591, +0.0587, +0.0590, +0.0581, +0.0582, +0.0594, +0.0595, +0.0590, +0.0596, +0.0589, +0.0587, +0.0590, +0.0592, +0.0590, +0.0595, +0.0591, +0.0584, +0.0588, +0.0588, +0.0585, +0.0591, +0.0578, +0.0585, +0.0583, +0.0594, +0.0585, +0.0587, +0.0593, +0.0592, +0.0592, +0.0585, +0.0590, +0.0583, +0.0580, +0.0591, +0.0578, +0.0567, +0.0579, +0.0578, +0.0583, +0.0576, +0.0589, +0.0587, +0.0590, +0.0584, +0.0588, +0.0592, +0.0578, +0.0590, +0.0578, +0.0584, +0.0588, +0.0585, +0.0590, +0.0586, +0.0593, +0.0588, +0.0585, +0.0593, +0.0593, +0.0580, +0.0586, +0.0584, +0.0589, +0.0588, +0.0581, +0.0586, +0.0580, +0.0581, +0.0579, +0.0583, +0.0583, +0.0585, +0.0581, +0.0588, +0.0581, +0.0588, +0.0581, +0.0581, +0.0578, +0.0582, +0.0590, +0.0575, +0.0585, +0.0581, +0.0578, +0.0586, +0.0591, +0.0586, +0.0593, +0.0591, +0.0585, +0.0591, +0.0595, +0.0592, +0.0597, +0.0598, +0.0592, +0.0594, +0.0590, +0.0589, +0.0591, +0.0591, +0.0601, +0.0589, +0.0592, +0.0593, +0.0596, +0.0589, +0.0592, +0.0588, +0.0592, +0.0593, +0.0588, +0.0591, +0.0590, +0.0588, +0.0589, +0.0595, +0.0598, +0.0595, +0.0597, +0.0589, +0.0600, +0.0592, +0.0597, +0.0583, +0.0597, +0.0592, +0.0595, +0.0585, +0.0588, +0.0585, +0.0590, +0.0588, +0.0590, +0.0595, +0.0598, +0.0599, +0.0597, +0.0593, +0.0601, +0.0591, +0.0591, +0.0591, +0.0584, +0.0592, +0.0595, +0.0584, +0.0590, +0.0588, +0.0585, +0.0578, +0.0584, +0.0588, +0.0586, +0.0585, +0.0591, +0.0587, +0.0598, +0.0593, +0.0591, +0.0595, +0.0592, +0.0592, +0.0593, +0.0587, +0.0595, +0.0594, +0.0600, +0.0599, +0.0603, +0.0599, +0.0596, +0.0593, +0.0597, +0.0589, +0.0588, +0.0604, +0.0604, +0.0603, +0.0600, +0.0608, +0.0599, +0.0600, +0.0600, +0.0604, +0.0594, +0.0608, +0.0598, +0.0598, +0.0604, +0.0606, +0.0600, +0.0602, +0.0600, +0.0605, +0.0598, +0.0605, +0.0599, +0.0598, +0.0597, +0.0596, +0.0602, +0.0605, +0.0600, +0.0607, +0.0600, +0.0591, +0.0599, +0.0602, +0.0606, +0.0610, +0.0598, +0.0606, +0.0604, +0.0602, +0.0602, +0.0600, +0.0611, +0.0609, +0.0607, +0.0608, +0.0608, +0.0606, +0.0606, +0.0608, +0.0609, +0.0599, +0.0605, +0.0606, +0.0613, +0.0607, +0.0608, +0.0607, +0.0610, +0.0604, +0.0614, +0.0606, +0.0605, +0.0604, +0.0612, +0.0604, +0.0601, +0.0607, +0.0604, +0.0602, +0.0605, +0.0609, +0.0604, +0.0604, +0.0607, +0.0599, +0.0605, +0.0604, +0.0600, +0.0604, +0.0595, +0.0600, +0.0608, +0.0608, +0.0608, +0.0609, +0.0600, +0.0609, +0.0607, +0.0604, +0.0604, +0.0611, +0.0604, +0.0612, +0.0611, +0.0613, +0.0612, +0.0608, +0.0612, +0.0611, +0.0611, +0.0609, +0.0608, +0.0608, +0.0608, +0.0610, +0.0611, +0.0609, +0.0610, +0.0611, +0.0610, +0.0612, +0.0620, +0.0610, +0.0604, +0.0614, +0.0614, +0.0612, +0.0613, +0.0612, +0.0608, +0.0612, +0.0617, +0.0612, +0.0611, +0.0613, +0.0612, +0.0614, +0.0615, +0.0616, +0.0614, +0.0612, +0.0612, +0.0611, +0.0620, +0.0610, +0.0610, +0.0622, +0.0612, +0.0615, +0.0614, +0.0618, +0.0614, +0.0610, +0.0619, +0.0613, +0.0618, +0.0614, +0.0618, +0.0612, +0.0615, +0.0613, +0.0616, +0.0615, +0.0607, +0.0618, +0.0616, +0.0610, +0.0622, +0.0615, +0.0619, +0.0609, +0.0615, +0.0608, +0.0618, +0.0616, +0.0608, +0.0614, +0.0611, +0.0617, +0.0617, +0.0620, +0.0618, +0.0612, +0.0621, +0.0613, +0.0612, +0.0621, +0.0624, +0.0613, +0.0615, +0.0623, +0.0614, +0.0618, +0.0621, +0.0618, +0.0620, +0.0619, +0.0620, +0.0616, +0.0622, +0.0619, +0.0617, +0.0616, +0.0620, +0.0617, +0.0620, +0.0620, +0.0619, +0.0620, +0.0618, +0.0620, +0.0621, +0.0621, +0.0620, +0.0616, +0.0621, +0.0621, +0.0616, +0.0619, +0.0622, +0.0622, +0.0622, +0.0622, +0.0619, +0.0620, +0.0623, +0.0619, +0.0620, +0.0622, +0.0623, +0.0618, +0.0626, +0.0622, +0.0616, +0.0624, +0.0625, +0.0625, +0.0616, +0.0625, +0.0621, +0.0618, +0.0625, +0.0625, +0.0621, +0.0619, +0.0623, +0.0617, +0.0626, +0.0623, +0.0625, +0.0618, +0.0625, +0.0622, +0.0625, +0.0622, +0.0622, +0.0620, +0.0627, +0.0620, +0.0622, +0.0627, +0.0618, +0.0623, +0.0622, +0.0626, +0.0622, +0.0616, +0.0631, +0.0622, +0.0627, +0.0624, +0.0623, +0.0620, +0.0626]
                actor_loss: [-0.0000, -0.0002, -0.0006, -0.0003, -0.0007, -0.0011, -0.0016, -0.0015, -0.0021, -0.0032, -0.0048, -0.0037, -0.0037, -0.0048, -0.0042, -0.0032, -0.0031, -0.0032, -0.0043, -0.0039, -0.0058, -0.0057, -0.0078, -0.0085, -0.0097, -0.0083, -0.0096, -0.0080, -0.0074, -0.0080, -0.0081, -0.0080, -0.0076, -0.0063, -0.0049, -0.0065, -0.0060, -0.0079, -0.0057, -0.0054, -0.0042, -0.0050, -0.0057, -0.0055, -0.0053, -0.0055, -0.0059, -0.0064, -0.0070, -0.0083, -0.0068, -0.0070, -0.0087, -0.0074, -0.0069, -0.0054, -0.0075, -0.0060, -0.0055, -0.0074, -0.0054, -0.0068, -0.0070, -0.0060, -0.0062, -0.0043, -0.0069, -0.0053, -0.0057, -0.0054, -0.0061, -0.0062, -0.0062, -0.0049, -0.0067, -0.0038, -0.0070, -0.0049, -0.0066, -0.0060, -0.0073, -0.0057, -0.0063, -0.0088, -0.0055, -0.0069, -0.0069, -0.0059, -0.0065, -0.0087, -0.0070, -0.0069, -0.0070, -0.0054, -0.0060, -0.0046, -0.0061, -0.0049, -0.0075, -0.0074, -0.0047, -0.0069, -0.0046, -0.0072, -0.0059, -0.0069, -0.0068, -0.0091, -0.0059, -0.0064, -0.0072, -0.0077, -0.0077, -0.0072, -0.0068, -0.0064, -0.0073, -0.0084, -0.0071, -0.0038, -0.0081, -0.0075, -0.0076, -0.0078, -0.0058, -0.0039, -0.0055, -0.0059, -0.0081, -0.0048, -0.0049, -0.0034, -0.0081, -0.0084, -0.0067, -0.0070, -0.0071, -0.0069, -0.0086, -0.0074, -0.0077, -0.0088, -0.0090, -0.0088, -0.0076, -0.0078, -0.0077, -0.0082, -0.0090, -0.0077, -0.0079, -0.0077, -0.0075, -0.0077, -0.0082, -0.0075, -0.0063, -0.0074, -0.0086, -0.0098, -0.0099, -0.0080, -0.0090, -0.0084, -0.0099, -0.0099, -0.0103, -0.0088, -0.0107, -0.0074, -0.0097, -0.0093, -0.0103, -0.0084, -0.0085, -0.0081, -0.0086, -0.0078, -0.0079, -0.0077, -0.0060, -0.0066, -0.0071, -0.0086, -0.0071, -0.0072, -0.0073, -0.0065, -0.0070, -0.0072, -0.0079, -0.0073, -0.0078, -0.0086, -0.0087, -0.0103, -0.0105, -0.0102, -0.0092, -0.0094, -0.0110, -0.0094, -0.0086, -0.0097, -0.0091, -0.0089, -0.0064, -0.0082, -0.0101, -0.0107, -0.0092, -0.0092, -0.0086, -0.0086, -0.0075, -0.0069, -0.0084, -0.0088, -0.0095, -0.0090, -0.0078, -0.0071, -0.0074, -0.0091, -0.0096, -0.0091, -0.0089, -0.0105, -0.0099, -0.0100, -0.0101, -0.0092, -0.0062, -0.0082, -0.0092, -0.0092, -0.0078, -0.0086, -0.0081, -0.0066, -0.0069, -0.0076, -0.0066, -0.0091, -0.0093, -0.0086, -0.0102, -0.0092, -0.0094, -0.0117, -0.0115, -0.0136, -0.0102, -0.0111, -0.0107, -0.0097, -0.0087, -0.0067, -0.0096, -0.0069, -0.0081, -0.0078, -0.0077, -0.0066, -0.0062, -0.0064, -0.0076, -0.0061, -0.0078, -0.0065, -0.0075, -0.0089, -0.0080, -0.0097, -0.0114, -0.0106, -0.0105, -0.0103, -0.0104, -0.0103, -0.0112, -0.0115, -0.0105, -0.0107, -0.0103, -0.0103, -0.0097, -0.0090, -0.0091, -0.0102, -0.0101, -0.0094, -0.0088, -0.0091, -0.0092, -0.0095, -0.0106, -0.0092, -0.0101, -0.0114, -0.0106, -0.0107, -0.0107, -0.0103, -0.0089, -0.0106, -0.0090, -0.0090, -0.0082, -0.0087, -0.0094, -0.0098, -0.0088, -0.0092, -0.0094, -0.0085, -0.0078, -0.0088, -0.0085, -0.0097, -0.0089, -0.0082, -0.0094, -0.0094, -0.0087, -0.0084, -0.0088, -0.0108, -0.0110, -0.0091, -0.0104, -0.0104, -0.0103, -0.0090, -0.0088, -0.0087, -0.0100, -0.0094, -0.0067, -0.0101, -0.0103, -0.0102, -0.0098, -0.0094, -0.0086, -0.0075, -0.0021, -0.0082, -0.0089, -0.0088, -0.0094, -0.0089, -0.0097, -0.0102, -0.0095, -0.0090, -0.0090, -0.0091, -0.0100, -0.0092, -0.0080, -0.0087, -0.0090, -0.0088, -0.0081, -0.0084, -0.0087, -0.0089, -0.0092, -0.0096, -0.0089, -0.0100, -0.0104, -0.0090, -0.0097, -0.0098, -0.0095, -0.0099, -0.0107, -0.0096, -0.0105, -0.0100, -0.0105, -0.0094, -0.0097, -0.0100, -0.0093, -0.0094, -0.0099, -0.0085, -0.0085, -0.0086, -0.0081, -0.0102, -0.0086, -0.0083, -0.0086, -0.0082, -0.0103, -0.0075, -0.0098, -0.0090, -0.0090, -0.0084, -0.0098, -0.0085, -0.0107, -0.0105, -0.0102, -0.0099, -0.0076, -0.0108, -0.0089, -0.0094, -0.0082, -0.0099, -0.0102, -0.0093, -0.0101, -0.0101, -0.0095, -0.0100, -0.0100, -0.0096, -0.0093, -0.0100, -0.0087, -0.0095, -0.0094, -0.0100, -0.0093, -0.0093, -0.0096, -0.0099, -0.0099, -0.0093, -0.0101, -0.0100, -0.0092, -0.0091, -0.0098, -0.0109, -0.0095, -0.0092, -0.0098, -0.0103, -0.0098, -0.0096, -0.0102, -0.0111, -0.0098, -0.0106, -0.0090, -0.0103, -0.0103, -0.0104, -0.0097, -0.0108, -0.0105, -0.0095, -0.0091, -0.0101, -0.0102, -0.0094, -0.0097, -0.0092, -0.0097, -0.0094, -0.0088, -0.0090, -0.0106, -0.0096, -0.0096, -0.0104, -0.0093, -0.0096, -0.0097, -0.0096, -0.0106, -0.0094, -0.0096, -0.0102, -0.0099, -0.0094, -0.0109, -0.0116, -0.0110, -0.0101, -0.0099, -0.0099, -0.0100, -0.0111, -0.0103, -0.0104, -0.0102, -0.0099, -0.0099, -0.0098, -0.0091, -0.0098, -0.0091, -0.0101, -0.0092, -0.0103, -0.0099, -0.0090, -0.0096, -0.0099, -0.0103, -0.0094, -0.0107, -0.0105, -0.0091, -0.0108, -0.0096, -0.0097, -0.0101, -0.0093, -0.0102, -0.0100, -0.0094, -0.0097, -0.0098, -0.0098, -0.0102, -0.0102, -0.0097, -0.0102, -0.0099, -0.0096, -0.0097, -0.0104, -0.0101, -0.0094, -0.0098, -0.0098, -0.0094, -0.0087, -0.0096, -0.0099, -0.0098, -0.0102, -0.0101, -0.0104, -0.0099, -0.0094, -0.0101, -0.0104, -0.0098, -0.0098, -0.0099, -0.0095, -0.0106, -0.0103, -0.0100, -0.0089, -0.0107, -0.0101, -0.0105, -0.0101, -0.0090, -0.0098, -0.0100, -0.0101, -0.0098, -0.0103, -0.0102, -0.0092, -0.0100, -0.0096, -0.0098, -0.0098, -0.0099, -0.0095, -0.0096, -0.0091, -0.0095, -0.0086, -0.0093, -0.0088, -0.0097, -0.0096, -0.0093, -0.0095, -0.0099, -0.0095, -0.0074, -0.0097, -0.0091, -0.0097, -0.0093, -0.0097, -0.0088, -0.0098, -0.0094, -0.0096, -0.0093, -0.0089, -0.0091, -0.0088, -0.0091, -0.0090, -0.0095, -0.0090, -0.0096, -0.0104, -0.0102, -0.0091, -0.0101, -0.0093, -0.0091, -0.0086, -0.0092, -0.0095, -0.0095, -0.0095, -0.0082, -0.0096, -0.0093, -0.0088, -0.0091, -0.0086, -0.0083, -0.0093, -0.0087, -0.0088, -0.0091, -0.0098, -0.0097, -0.0094, -0.0087, -0.0079, -0.0088, -0.0093, -0.0094, -0.0086, -0.0087, -0.0088, -0.0089, -0.0086, -0.0085, -0.0081, -0.0085, -0.0081, -0.0086, -0.0087, -0.0085, -0.0083, -0.0086, -0.0086, -0.0082, -0.0080, -0.0082, -0.0085, -0.0075, -0.0080, -0.0073, -0.0080, -0.0084, -0.0076, -0.0081, -0.0082, -0.0079, -0.0081, -0.0076, -0.0071, -0.0076, -0.0076, -0.0074, -0.0076, -0.0082, -0.0074, -0.0076, -0.0073, -0.0073, -0.0054, -0.0074, -0.0076, -0.0075, -0.0070, -0.0078, -0.0075, -0.0081, -0.0075, -0.0071, -0.0073, -0.0077, -0.0074, -0.0074, -0.0071, -0.0068, -0.0073, -0.0074, -0.0071, -0.0075, -0.0064, -0.0064, -0.0079, -0.0074, -0.0074, -0.0063, -0.0067, -0.0074, -0.0069, -0.0076, -0.0069, -0.0067, -0.0068, -0.0060, -0.0068, -0.0064, -0.0065, -0.0073, -0.0065, -0.0060, -0.0061, -0.0067, -0.0060, -0.0069, -0.0066, -0.0063, -0.0068, -0.0065, -0.0060, -0.0068, -0.0063, -0.0061, -0.0062, -0.0064, -0.0060, -0.0063, -0.0063, -0.0056, -0.0058, -0.0053, -0.0067, -0.0062, -0.0060, -0.0059, -0.0058, -0.0060, -0.0059, -0.0053, -0.0050, -0.0057, -0.0060, -0.0055, -0.0058, -0.0051, -0.0052, -0.0055, -0.0055, -0.0058, -0.0048, -0.0050, -0.0049, -0.0050, -0.0053, +0.0005, -0.0052, -0.0047, -0.0051, -0.0044, -0.0046, -0.0049, -0.0046, -0.0048, -0.0049, -0.0044, -0.0042, -0.0048, -0.0047, -0.0046, -0.0045, -0.0045, -0.0044, -0.0043, -0.0034, -0.0044, -0.0042, -0.0040, -0.0037, -0.0045, -0.0042, -0.0044, -0.0041, -0.0041, -0.0038, -0.0038, -0.0042, -0.0040, -0.0036, -0.0038, -0.0041, -0.0029, -0.0033, -0.0030, -0.0037, -0.0033, -0.0039, -0.0035, -0.0029, -0.0037, -0.0036, -0.0032, -0.0030, -0.0033, -0.0031, -0.0032, -0.0032, -0.0034, -0.0029, -0.0030, -0.0032, -0.0029, -0.0030, -0.0033, -0.0032, -0.0030, -0.0030, -0.0024, -0.0029, -0.0025, -0.0027, -0.0024, -0.0028, -0.0023, -0.0018, -0.0028, -0.0025, -0.0026, -0.0023, -0.0022, -0.0023, -0.0021, -0.0022, -0.0020, -0.0015, -0.0023, -0.0018, -0.0018, -0.0016, -0.0020, -0.0020, -0.0015, -0.0019, -0.0012, -0.0019, -0.0021, -0.0016, -0.0019, -0.0015, -0.0016, -0.0015, -0.0016, -0.0016, +0.0004, -0.0015, -0.0014, -0.0011, -0.0014, -0.0014, -0.0014, -0.0008, -0.0013, -0.0013, -0.0012, -0.0011, -0.0012, -0.0008, -0.0012, -0.0012, -0.0010, +0.0012, -0.0008, -0.0011, -0.0008, -0.0008, -0.0006, -0.0007, -0.0008, -0.0007, -0.0008, -0.0005, -0.0005, -0.0007, -0.0006, -0.0006, -0.0008, -0.0006, -0.0005, +0.0001, -0.0001, -0.0002, -0.0004, -0.0002, -0.0005, -0.0005, -0.0005, -0.0002, -0.0003, -0.0001, -0.0005, -0.0001, -0.0002, -0.0002, -0.0004, -0.0002, -0.0002, -0.0004, +0.0000, -0.0004, -0.0000, -0.0001, -0.0004]
                value_loss: [+0.0354, +0.0276, +0.0246, +0.0232, +0.0249, +0.0308, +0.0289, +0.0267, +0.0228, +0.0296, +0.0386, +0.0446, +0.0448, +0.0464, +0.0502, +0.0530, +0.0508, +0.0531, +0.0516, +0.0511, +0.0515, +0.0559, +0.0613, +0.0580, +0.0672, +0.0727, +0.0735, +0.0847, +0.0854, +0.0950, +0.0954, +0.0981, +0.1037, +0.1030, +0.1078, +0.1176, +0.1268, +0.1216, +0.1348, +0.1431, +0.1389, +0.1401, +0.1437, +0.1413, +0.1357, +0.1288, +0.1286, +0.1244, +0.1171, +0.1202, +0.1168, +0.1199, +0.1085, +0.1247, +0.1031, +0.0908, +0.0915, +0.1006, +0.0868, +0.1181, +0.0942, +0.0836, +0.0918, +0.0768, +0.0815, +0.1261, +0.1189, +0.0920, +0.0687, +0.0697, +0.0685, +0.1044, +0.0647, +0.0991, +0.0688, +0.0928, +0.0755, +0.0664, +0.0951, +0.0792, +0.0707, +0.0754, +0.0707, +0.0720, +0.0869, +0.0882, +0.0730, +0.1102, +0.0667, +0.0633, +0.1144, +0.0982, +0.1053, +0.1026, +0.0931, +0.1564, +0.1146, +0.0887, +0.0676, +0.0622, +0.1616, +0.0983, +0.1561, +0.0776, +0.1009, +0.0857, +0.1244, +0.1325, +0.1303, +0.0931, +0.0853, +0.0963, +0.1307, +0.1434, +0.1103, +0.1523, +0.1689, +0.1648, +0.1517, +0.1420, +0.1797, +0.1348, +0.1565, +0.1378, +0.1496, +0.1188, +0.1377, +0.1004, +0.1271, +0.1429, +0.1218, +0.1520, +0.1382, +0.1387, +0.1652, +0.1639, +0.1739, +0.2125, +0.2161, +0.2572, +0.2373, +0.2107, +0.2053, +0.2250, +0.2254, +0.2190, +0.2198, +0.1823, +0.1643, +0.1420, +0.1483, +0.1178, +0.1005, +0.0928, +0.0837, +0.0798, +0.0772, +0.0842, +0.0797, +0.0665, +0.0664, +0.0631, +0.0679, +0.0789, +0.0656, +0.0658, +0.0659, +0.0753, +0.0667, +0.0875, +0.0761, +0.0845, +0.0717, +0.0768, +0.0849, +0.0719, +0.0709, +0.0728, +0.0823, +0.0664, +0.0880, +0.0716, +0.0644, +0.0651, +0.0913, +0.0693, +0.0702, +0.0778, +0.0643, +0.0638, +0.0592, +0.0724, +0.0770, +0.0654, +0.0653, +0.0687, +0.0550, +0.0579, +0.0692, +0.0599, +0.0623, +0.0694, +0.0819, +0.0659, +0.0652, +0.0605, +0.1035, +0.0782, +0.0726, +0.0643, +0.0617, +0.0615, +0.0691, +0.0591, +0.0598, +0.0612, +0.0552, +0.0663, +0.0632, +0.0651, +0.0627, +0.0743, +0.0745, +0.0682, +0.0811, +0.0887, +0.0983, +0.0827, +0.0856, +0.0889, +0.0726, +0.0777, +0.0961, +0.0877, +0.0809, +0.0754, +0.0719, +0.0807, +0.0741, +0.0894, +0.0846, +0.0780, +0.0941, +0.0994, +0.1104, +0.1084, +0.1146, +0.1273, +0.1049, +0.1164, +0.1522, +0.1654, +0.1758, +0.1656, +0.1419, +0.1474, +0.1426, +0.1589, +0.1456, +0.1244, +0.0992, +0.1065, +0.0848, +0.0759, +0.0752, +0.0817, +0.0852, +0.0634, +0.0616, +0.0751, +0.0586, +0.0594, +0.0773, +0.0551, +0.0609, +0.0614, +0.0580, +0.0648, +0.0546, +0.0572, +0.0581, +0.0553, +0.0571, +0.0523, +0.0581, +0.0497, +0.0553, +0.0575, +0.0554, +0.0497, +0.0495, +0.0484, +0.0544, +0.0568, +0.0530, +0.0512, +0.0550, +0.0536, +0.0614, +0.0571, +0.0612, +0.0587, +0.0575, +0.0561, +0.0660, +0.0536, +0.0552, +0.0558, +0.0599, +0.0574, +0.0599, +0.0531, +0.0632, +0.0638, +0.0557, +0.0509, +0.0584, +0.0561, +0.0619, +0.0540, +0.0620, +0.0544, +0.0499, +0.0514, +0.0529, +0.0544, +0.0588, +0.0552, +0.0532, +0.0645, +0.0572, +0.0481, +0.0499, +0.0602, +0.0572, +0.0503, +0.0496, +0.0534, +0.0642, +0.0531, +0.0582, +0.0561, +0.0676, +0.0578, +0.0575, +0.0564, +0.0624, +0.0561, +0.0547, +0.0589, +0.0600, +0.0602, +0.0594, +0.0544, +0.0507, +0.0555, +0.0515, +0.0527, +0.0529, +0.0518, +0.0580, +0.0556, +0.0616, +0.0621, +0.0684, +0.0563, +0.0563, +0.0605, +0.0511, +0.0582, +0.0565, +0.0522, +0.0515, +0.0525, +0.0486, +0.0513, +0.0494, +0.0513, +0.0520, +0.0529, +0.0528, +0.0642, +0.0575, +0.0536, +0.0524, +0.0523, +0.0538, +0.0553, +0.0494, +0.0589, +0.0555, +0.0587, +0.0614, +0.0516, +0.0674, +0.0549, +0.0521, +0.0532, +0.0494, +0.0611, +0.0568, +0.0544, +0.0577, +0.0568, +0.0561, +0.0587, +0.0566, +0.0554, +0.0551, +0.0478, +0.0598, +0.0488, +0.0556, +0.0535, +0.0619, +0.0535, +0.0597, +0.0547, +0.0544, +0.0532, +0.0500, +0.0500, +0.0544, +0.0498, +0.0556, +0.0558, +0.0530, +0.0502, +0.0557, +0.0556, +0.0569, +0.0618, +0.0631, +0.0530, +0.0549, +0.0517, +0.0492, +0.0572, +0.0551, +0.0553, +0.0556, +0.0529, +0.0590, +0.0576, +0.0534, +0.0543, +0.0514, +0.0604, +0.0543, +0.0546, +0.0522, +0.0485, +0.0562, +0.0592, +0.0546, +0.0597, +0.0655, +0.0473, +0.0502, +0.0563, +0.0641, +0.0589, +0.0491, +0.0537, +0.0523, +0.0581, +0.0527, +0.0520, +0.0627, +0.0598, +0.0621, +0.0568, +0.0583, +0.0546, +0.0561, +0.0540, +0.0524, +0.0526, +0.0495, +0.0557, +0.0488, +0.0540, +0.0529, +0.0594, +0.0582, +0.0519, +0.0558, +0.0542, +0.0530, +0.0562, +0.0559, +0.0495, +0.0518, +0.0525, +0.0557, +0.0536, +0.0539, +0.0492, +0.0537, +0.0522, +0.0551, +0.0492, +0.0568, +0.0530, +0.0529, +0.0605, +0.0586, +0.0527, +0.0605, +0.0672, +0.0502, +0.0595, +0.0603, +0.0505, +0.0562, +0.0585, +0.0533, +0.0571, +0.0541, +0.0519, +0.0553, +0.0563, +0.0538, +0.0523, +0.0540, +0.0542, +0.0542, +0.0550, +0.0512, +0.0538, +0.0610, +0.0530, +0.0488, +0.0548, +0.0567, +0.0566, +0.0532, +0.0623, +0.0597, +0.0544, +0.0536, +0.0561, +0.0503, +0.0501, +0.0529, +0.0605, +0.0488, +0.0483, +0.0573, +0.0516, +0.0538, +0.0571, +0.0564, +0.0532, +0.0550, +0.0584, +0.0529, +0.0563, +0.0527, +0.0536, +0.0567, +0.0574, +0.0513, +0.0526, +0.0554, +0.0518, +0.0505, +0.0560, +0.0485, +0.0565, +0.0484, +0.0504, +0.0546, +0.0556, +0.0510, +0.0586, +0.0503, +0.0593, +0.0567, +0.0569, +0.0545, +0.0589, +0.0552, +0.0629, +0.0497, +0.0545, +0.0488, +0.0564, +0.0623, +0.0526, +0.0559, +0.0496, +0.0590, +0.0539, +0.0531, +0.0597, +0.0550, +0.0570, +0.0585, +0.0603, +0.0605, +0.0615, +0.0639, +0.0576, +0.0636, +0.0590, +0.0572, +0.0551, +0.0543, +0.0561, +0.0488, +0.0543, +0.0553, +0.0564, +0.0507, +0.0514, +0.0635, +0.0594, +0.0563, +0.0585, +0.0547, +0.0618, +0.0569, +0.0547, +0.0558, +0.0580, +0.0621, +0.0561, +0.0565, +0.0599, +0.0593, +0.0565, +0.0560, +0.0541, +0.0511, +0.0518, +0.0506, +0.0502, +0.0511, +0.0598, +0.0610, +0.0552, +0.0531, +0.0566, +0.0535, +0.0521, +0.0535, +0.0551, +0.0606, +0.0568, +0.0573, +0.0561, +0.0519, +0.0530, +0.0574, +0.0551, +0.0611, +0.0545, +0.0542, +0.0534, +0.0581, +0.0559, +0.0561, +0.0673, +0.0542, +0.0539, +0.0557, +0.0580, +0.0568, +0.0605, +0.0549, +0.0571, +0.0551, +0.0607, +0.0576, +0.0587, +0.0557, +0.0544, +0.0492, +0.0584, +0.0514, +0.0575, +0.0532, +0.0549, +0.0523, +0.0502, +0.0519, +0.0515, +0.0518, +0.0528, +0.0547, +0.0523, +0.0499, +0.0540, +0.0492, +0.0546, +0.0624, +0.0559, +0.0491, +0.0515, +0.0521, +0.0510, +0.0501, +0.0489, +0.0511, +0.0560, +0.0506, +0.0523, +0.0579, +0.0530, +0.0522, +0.0521, +0.0504, +0.0482, +0.0541, +0.0510, +0.0536, +0.0577, +0.0572, +0.0564, +0.0608, +0.0514, +0.0543, +0.0550, +0.0526, +0.0517, +0.0542, +0.0559, +0.0528, +0.0569, +0.0578, +0.0572, +0.0552, +0.0532, +0.0530, +0.0512, +0.0526, +0.0521, +0.0551, +0.0529, +0.0497, +0.0497, +0.0602, +0.0578, +0.0554, +0.0537, +0.0519, +0.0501, +0.0559, +0.0525, +0.0514, +0.0527, +0.0554, +0.0533, +0.0510, +0.0512, +0.0514, +0.0491, +0.0550, +0.0525, +0.0530, +0.0518, +0.0511, +0.0493, +0.0585, +0.0547, +0.0530, +0.0494, +0.0552, +0.0550, +0.0536, +0.0534, +0.0498, +0.0521, +0.0501, +0.0593, +0.0528, +0.0545, +0.0523, +0.0511, +0.0541, +0.0533, +0.0564, +0.0522, +0.0501, +0.0527, +0.0519, +0.0540, +0.0529, +0.0511, +0.0554, +0.0552, +0.0543, +0.0532, +0.0583, +0.0534, +0.0574, +0.0516, +0.0512, +0.0545, +0.0499, +0.0577, +0.0505, +0.0540, +0.0565, +0.0524, +0.0523, +0.0526, +0.0529, +0.0530, +0.0528, +0.0577, +0.0608, +0.0526, +0.0596, +0.0574, +0.0559, +0.0542, +0.0555, +0.0552, +0.0532, +0.0542, +0.0541, +0.0568, +0.0581, +0.0547, +0.0605, +0.0562, +0.0505, +0.0541, +0.0566, +0.0529, +0.0544, +0.0512, +0.0502, +0.0502, +0.0577, +0.0559, +0.0503, +0.0592, +0.0544, +0.0533, +0.0574, +0.0554, +0.0614, +0.0517, +0.0526, +0.0523, +0.0517, +0.0529, +0.0543, +0.0557, +0.0519, +0.0505, +0.0558, +0.0550, +0.0563, +0.0552, +0.0521, +0.0580, +0.0543, +0.0632, +0.0539, +0.0513, +0.0537, +0.0547, +0.0507, +0.0565, +0.0531, +0.0558, +0.0521, +0.0535, +0.0504, +0.0631, +0.0551, +0.0562, +0.0542, +0.0510, +0.0565, +0.0550, +0.0528, +0.0539, +0.0516, +0.0563, +0.0576, +0.0549, +0.0504, +0.0522, +0.0515, +0.0525, +0.0570, +0.0639, +0.0561, +0.0528, +0.0531, +0.0554, +0.0557, +0.0583, +0.0504, +0.0533, +0.0497, +0.0548, +0.0504, +0.0568, +0.0505, +0.0549, +0.0558, +0.0495, +0.0537, +0.0549, +0.0533, +0.0547, +0.0517, +0.0583, +0.0498]
                   entropy: [+1.5960, +1.5975, +1.5936, +1.5860, +1.5827, +1.5667, +1.5477, +1.5311, +1.5147, +1.4972, +1.4742, +1.4572, +1.4402, +1.4358, +1.4124, +1.4018, +1.3958, +1.3865, +1.3887, +1.3812, +1.3770, +1.3592, +1.3532, +1.3286, +1.2959, +1.2830, +1.2449, +1.1975, +1.1789, +1.1687, +1.1513, +1.1261, +1.1048, +1.1129, +1.0698, +1.0830, +1.0508, +1.0378, +1.0087, +0.9743, +0.9838, +0.9736, +0.9756, +0.9797, +0.9765, +0.9589, +0.9584, +0.9744, +0.9510, +0.9761, +0.9629, +0.9314, +0.9321, +0.9129, +0.9401, +0.9119, +0.9138, +0.9037, +0.9049, +0.8922, +0.8914, +0.8879, +0.8674, +0.8783, +0.8617, +0.8598, +0.8528, +0.8363, +0.8334, +0.8312, +0.8455, +0.8172, +0.8296, +0.8410, +0.8294, +0.8200, +0.8268, +0.8254, +0.8156, +0.8021, +0.7858, +0.7824, +0.7935, +0.8013, +0.7772, +0.7869, +0.7822, +0.7751, +0.7942, +0.7996, +0.7987, +0.8007, +0.7949, +0.8168, +0.7953, +0.8072, +0.7883, +0.7919, +0.7813, +0.7666, +0.7742, +0.7527, +0.7503, +0.7408, +0.7483, +0.7243, +0.7061, +0.6688, +0.6419, +0.6675, +0.6544, +0.6311, +0.5686, +0.5524, +0.5708, +0.5298, +0.5045, +0.5102, +0.5065, +0.4799, +0.4608, +0.4806, +0.4416, +0.4741, +0.4522, +0.4692, +0.4811, +0.5223, +0.4402, +0.6332, +0.5761, +0.5441, +0.4635, +0.4756, +0.4544, +0.4684, +0.3832, +0.3391, +0.4127, +0.3834, +0.4328, +0.4589, +0.4785, +0.4316, +0.4272, +0.4458, +0.4819, +0.5229, +0.5467, +0.5707, +0.5425, +0.5533, +0.6220, +0.6630, +0.7174, +0.7060, +0.6515, +0.6861, +0.7607, +0.7917, +0.8067, +0.8081, +0.8251, +0.8302, +0.8365, +0.8396, +0.8409, +0.8251, +0.8290, +0.8363, +0.8467, +0.7937, +0.8016, +0.8099, +0.8341, +0.8101, +0.7764, +0.8007, +0.7977, +0.8017, +0.8114, +0.8215, +0.8325, +0.8278, +0.8538, +0.8539, +0.8279, +0.8102, +0.8264, +0.8326, +0.8491, +0.8346, +0.8639, +0.8501, +0.8751, +0.8844, +0.8945, +0.9118, +0.9002, +0.9071, +0.8961, +0.9071, +0.8966, +0.8841, +0.8774, +0.8703, +0.8580, +0.8574, +0.8638, +0.8652, +0.8674, +0.8750, +0.8698, +0.8628, +0.8770, +0.8793, +0.8702, +0.8891, +0.8856, +0.8866, +0.9075, +0.8860, +0.8888, +0.8755, +0.8758, +0.8796, +0.8761, +0.8708, +0.8638, +0.8877, +0.8596, +0.8548, +0.8714, +0.8610, +0.8569, +0.8533, +0.8484, +0.8307, +0.8093, +0.8389, +0.8268, +0.8529, +0.8384, +0.8267, +0.8156, +0.7944, +0.7710, +0.7563, +0.7461, +0.7098, +0.6689, +0.6670, +0.6422, +0.6731, +0.6318, +0.6134, +0.5894, +0.5561, +0.5297, +0.5440, +0.5851, +0.5504, +0.5830, +0.6012, +0.5678, +0.5770, +0.6114, +0.6156, +0.6012, +0.6409, +0.6441, +0.6894, +0.7130, +0.7396, +0.7640, +0.7742, +0.7872, +0.7960, +0.7921, +0.8171, +0.8195, +0.7951, +0.8020, +0.7999, +0.8101, +0.8098, +0.8021, +0.8199, +0.8325, +0.8264, +0.8159, +0.8169, +0.8220, +0.8358, +0.8411, +0.8494, +0.8519, +0.8460, +0.8487, +0.8531, +0.8606, +0.8583, +0.8552, +0.8477, +0.8575, +0.8331, +0.8364, +0.8279, +0.8343, +0.8512, +0.8543, +0.8521, +0.8352, +0.8360, +0.8496, +0.8482, +0.8616, +0.8564, +0.8502, +0.8395, +0.8398, +0.8586, +0.8476, +0.8680, +0.8569, +0.8617, +0.8686, +0.8758, +0.8622, +0.8623, +0.8511, +0.8422, +0.8521, +0.8472, +0.8394, +0.8286, +0.8301, +0.8351, +0.8345, +0.8245, +0.8115, +0.8271, +0.8232, +0.8199, +0.8165, +0.8188, +0.8310, +0.8364, +0.8233, +0.8210, +0.8063, +0.8110, +0.7981, +0.7946, +0.7977, +0.8094, +0.8204, +0.8265, +0.8350, +0.8322, +0.8272, +0.8230, +0.8224, +0.8238, +0.8204, +0.8095, +0.8209, +0.8355, +0.8380, +0.8482, +0.8397, +0.8466, +0.8549, +0.8548, +0.8471, +0.8465, +0.8396, +0.8491, +0.8526, +0.8621, +0.8663, +0.8571, +0.8586, +0.8633, +0.8596, +0.8631, +0.8626, +0.8692, +0.8705, +0.8706, +0.8611, +0.8682, +0.8616, +0.8587, +0.8569, +0.8577, +0.8495, +0.8541, +0.8687, +0.8817, +0.8697, +0.8783, +0.8844, +0.8590, +0.8586, +0.8698, +0.8709, +0.8726, +0.8591, +0.8755, +0.8735, +0.8686, +0.8689, +0.8618, +0.8658, +0.8755, +0.8872, +0.8770, +0.8858, +0.8750, +0.8733, +0.8759, +0.8799, +0.8652, +0.8828, +0.8733, +0.8710, +0.8746, +0.8705, +0.8815, +0.8840, +0.8855, +0.8778, +0.8743, +0.8767, +0.8798, +0.8699, +0.8608, +0.8756, +0.8668, +0.8617, +0.8580, +0.8543, +0.8547, +0.8584, +0.8546, +0.8602, +0.8689, +0.8762, +0.8649, +0.8654, +0.8599, +0.8727, +0.8797, +0.8697, +0.8732, +0.8722, +0.8623, +0.8560, +0.8527, +0.8633, +0.8590, +0.8538, +0.8456, +0.8549, +0.8485, +0.8468, +0.8554, +0.8557, +0.8643, +0.8523, +0.8462, +0.8499, +0.8504, +0.8529, +0.8538, +0.8584, +0.8634, +0.8554, +0.8694, +0.8712, +0.8642, +0.8684, +0.8626, +0.8641, +0.8551, +0.8572, +0.8561, +0.8583, +0.8555, +0.8675, +0.8650, +0.8677, +0.8616, +0.8670, +0.8648, +0.8598, +0.8626, +0.8730, +0.8637, +0.8532, +0.8646, +0.8625, +0.8671, +0.8633, +0.8789, +0.8632, +0.8705, +0.8750, +0.8893, +0.8832, +0.8745, +0.8662, +0.8703, +0.8576, +0.8446, +0.8510, +0.8542, +0.8538, +0.8509, +0.8665, +0.8539, +0.8511, +0.8486, +0.8522, +0.8571, +0.8559, +0.8647, +0.8509, +0.8543, +0.8505, +0.8541, +0.8615, +0.8709, +0.8608, +0.8673, +0.8689, +0.8674, +0.8653, +0.8730, +0.8705, +0.8711, +0.8705, +0.8668, +0.8714, +0.8573, +0.8648, +0.8607, +0.8619, +0.8677, +0.8635, +0.8531, +0.8560, +0.8514, +0.8480, +0.8538, +0.8562, +0.8569, +0.8687, +0.8510, +0.8542, +0.8469, +0.8502, +0.8523, +0.8567, +0.8592, +0.8554, +0.8591, +0.8563, +0.8568, +0.8687, +0.8690, +0.8712, +0.8731, +0.8632, +0.8650, +0.8615, +0.8649, +0.8675, +0.8642, +0.8651, +0.8703, +0.8695, +0.8749, +0.8691, +0.8674, +0.8693, +0.8770, +0.8750, +0.8678, +0.8750, +0.8610, +0.8678, +0.8536, +0.8588, +0.8661, +0.8552, +0.8511, +0.8562, +0.8626, +0.8545, +0.8528, +0.8632, +0.8620, +0.8628, +0.8591, +0.8576, +0.8554, +0.8607, +0.8522, +0.8546, +0.8542, +0.8625, +0.8665, +0.8584, +0.8731, +0.8659, +0.8652, +0.8733, +0.8637, +0.8673, +0.8714, +0.8708, +0.8675, +0.8718, +0.8726, +0.8749, +0.8718, +0.8665, +0.8657, +0.8659, +0.8621, +0.8546, +0.8597, +0.8654, +0.8663, +0.8725, +0.8691, +0.8741, +0.8753, +0.8671, +0.8604, +0.8562, +0.8515, +0.8464, +0.8557, +0.8486, +0.8560, +0.8492, +0.8496, +0.8489, +0.8379, +0.8371, +0.8427, +0.8426, +0.8368, +0.8347, +0.8343, +0.8406, +0.8318, +0.8412, +0.8357, +0.8311, +0.8414, +0.8395, +0.8365, +0.8396, +0.8422, +0.8492, +0.8417, +0.8456, +0.8466, +0.8457, +0.8486, +0.8449, +0.8446, +0.8424, +0.8407, +0.8482, +0.8484, +0.8518, +0.8497, +0.8471, +0.8454, +0.8462, +0.8497, +0.8596, +0.8542, +0.8617, +0.8600, +0.8595, +0.8624, +0.8548, +0.8536, +0.8516, +0.8469, +0.8520, +0.8489, +0.8516, +0.8475, +0.8497, +0.8576, +0.8513, +0.8508, +0.8497, +0.8533, +0.8538, +0.8567, +0.8550, +0.8532, +0.8559, +0.8601, +0.8568, +0.8525, +0.8541, +0.8573, +0.8545, +0.8525, +0.8531, +0.8564, +0.8554, +0.8576, +0.8618, +0.8617, +0.8651, +0.8720, +0.8669, +0.8653, +0.8611, +0.8645, +0.8639, +0.8652, +0.8555, +0.8654, +0.8541, +0.8621, +0.8560, +0.8567, +0.8544, +0.8600, +0.8575, +0.8556, +0.8587, +0.8487, +0.8521, +0.8582, +0.8512, +0.8576, +0.8513, +0.8581, +0.8472, +0.8546, +0.8544, +0.8593, +0.8578, +0.8561, +0.8622, +0.8590, +0.8612, +0.8615, +0.8603, +0.8502, +0.8496, +0.8585, +0.8623, +0.8610, +0.8563, +0.8523, +0.8553, +0.8565, +0.8599, +0.8535, +0.8472, +0.8495, +0.8524, +0.8525, +0.8555, +0.8503, +0.8451, +0.8522, +0.8617, +0.8678, +0.8614, +0.8679, +0.8542, +0.8599, +0.8600, +0.8542, +0.8563, +0.8543, +0.8552, +0.8520, +0.8494, +0.8528, +0.8545, +0.8498, +0.8547, +0.8506, +0.8548, +0.8588, +0.8585, +0.8621, +0.8573, +0.8598, +0.8652, +0.8585, +0.8521, +0.8689, +0.8641, +0.8624, +0.8574, +0.8675, +0.8604, +0.8622, +0.8637, +0.8563, +0.8567, +0.8553, +0.8587, +0.8536, +0.8560, +0.8566, +0.8555, +0.8581, +0.8505, +0.8524, +0.8580, +0.8513, +0.8502, +0.8562, +0.8508, +0.8486, +0.8524, +0.8469, +0.8475, +0.8523, +0.8510, +0.8520, +0.8462, +0.8504, +0.8525, +0.8521, +0.8498, +0.8559, +0.8529, +0.8480, +0.8531, +0.8541, +0.8451, +0.8452, +0.8508, +0.8487, +0.8478, +0.8490, +0.8514, +0.8521, +0.8419, +0.8522, +0.8576, +0.8608, +0.8522, +0.8560, +0.8516, +0.8505, +0.8491, +0.8491, +0.8465, +0.8507, +0.8572, +0.8468, +0.8463, +0.8510, +0.8415, +0.8462, +0.8501, +0.8422, +0.8459, +0.8478, +0.8532, +0.8527, +0.8453, +0.8483, +0.8484, +0.8445, +0.8455, +0.8447, +0.8438, +0.8438, +0.8400, +0.8430, +0.8357, +0.8470, +0.8403, +0.8448, +0.8424, +0.8417, +0.8416, +0.8442, +0.8353, +0.8456, +0.8369, +0.8436, +0.8352, +0.8441, +0.8397, +0.8391, +0.8359, +0.8456, +0.8401, +0.8392, +0.8414, +0.8357, +0.8417, +0.8427, +0.8448]
                entropy_t0: [+0.6931, +0.6925, +0.6924, +0.6673, +0.6147, +0.5573, +0.5075, +0.4259, +0.3704, +0.3149, +0.2561, +0.2728, +0.2212, +0.1597, +0.1357, +0.1516, +0.1434, +0.1063, +0.0793, +0.0946, +0.0916, +0.0618, +0.0616, +0.0836, +0.0594, +0.0596, +0.0616, +0.0427, +0.0406, +0.0265, +0.0206, +0.0144, +0.0099, +0.0066, +0.0036, +0.0028, +0.0014, +0.0011, +0.0010, +0.0009, +0.0009, +0.0009, +0.0010, +0.0005, +0.0005, +0.0005, +0.0005, +0.0005, +0.0003, +0.0005, +0.0004, +0.0004, +0.0004, +0.0003, +0.0003, +0.0002, +0.0002, +0.0002, +0.0002, +0.0002, +0.0001, +0.0001, +0.0001, +0.0001, +0.0000, +0.0001, +0.0001, +0.0000, +0.0001, +0.0000, +0.0000, +0.0000, +0.0001, +0.0000, +0.0000, +0.0000, +0.0001, +0.0001, +0.0001, +0.0001, +0.0000, +0.0000, +0.0000, +0.0000, +0.0000, +0.0000, +0.0000, +0.0000, +0.0000, +0.0000, +0.0000, +0.0000, +0.0000, +0.0000, +0.0000, +0.0000, +0.0000, +0.0000, +0.0000, +0.0000, +0.0000, +0.0000, +0.0000, +0.0000, +0.0000, +0.0000, +0.0000, +0.0000, +0.0000, +0.0000, +0.0000, +0.0000, +0.0000, +0.0000, +0.0000, +0.0000, +0.0001, +0.0001, +0.0001, +0.0001, +0.0001, +0.0002, +0.0002, +0.0005, +0.0005, +0.0010, +0.0013, +0.0045, +0.0321, +0.0812, +0.0409, +0.0215, +0.0122, +0.0125, +0.0081, +0.0105, +0.0066, +0.0058, +0.0053, +0.0037, +0.0039, +0.0058, +0.0111, +0.0136, +0.0101, +0.0161, +0.0135, +0.0137, +0.0160, +0.0186, +0.0260, +0.0315, +0.0306, +0.0214, +0.0154, +0.0115, +0.0102, +0.0081, +0.0044, +0.0020, +0.0016, +0.0016, +0.0013, +0.0007, +0.0005, +0.0006, +0.0006, +0.0005, +0.0006, +0.0004, +0.0004, +0.0002, +0.0002, +0.0004, +0.0006, +0.0006, +0.0004, +0.0006, +0.0007, +0.0019, +0.0024, +0.0015, +0.0006, +0.0004, +0.0003, +0.0001, +0.0001, +0.0001, +0.0001, +0.0001, +0.0001, +0.0001, +0.0001, +0.0002, +0.0001, +0.0002, +0.0003, +0.0004, +0.0004, +0.0002, +0.0002, +0.0003, +0.0004, +0.0004, +0.0006, +0.0122, +0.0473, +0.0155, +0.0067, +0.0035, +0.0020, +0.0011, +0.0009, +0.0017, +0.0013, +0.0007, +0.0008, +0.0022, +0.0019, +0.0010, +0.0022, +0.0014, +0.0011, +0.0010, +0.0010, +0.0010, +0.0011, +0.0006, +0.0003, +0.0005, +0.0004, +0.0008, +0.0011, +0.0021, +0.0020, +0.0033, +0.0038, +0.0035, +0.0030, +0.0032, +0.0051, +0.0047, +0.0024, +0.0016, +0.0017, +0.0014, +0.0014, +0.0011, +0.0028, +0.0022, +0.0019, +0.0037, +0.0239, +0.0283, +0.0123, +0.0087, +0.0077, +0.0058, +0.0034, +0.0080, +0.0120, +0.0096, +0.0108, +0.0115, +0.0055, +0.0057, +0.0054, +0.0030, +0.0017, +0.0022, +0.0031, +0.0018, +0.0008, +0.0003, +0.0002, +0.0001, +0.0001, +0.0001, +0.0001, +0.0001, +0.0001, +0.0002, +0.0001, +0.0001, +0.0001, +0.0002, +0.0001, +0.0001, +0.0001, +0.0001, +0.0001, +0.0001, +0.0001, +0.0002, +0.0002, +0.0002, +0.0002, +0.0002, +0.0003, +0.0005, +0.0008, +0.0007, +0.0003, +0.0004, +0.0005, +0.0003, +0.0003, +0.0003, +0.0004, +0.0005, +0.0005, +0.0010, +0.0010, +0.0015, +0.0009, +0.0010, +0.0013, +0.0015, +0.0007, +0.0004, +0.0004, +0.0006, +0.0008, +0.0006, +0.0009, +0.0025, +0.0029, +0.0016, +0.0011, +0.0007, +0.0007, +0.0005, +0.0007, +0.0008, +0.0010, +0.0012, +0.0012, +0.0015, +0.0030, +0.0027, +0.0025, +0.0026, +0.0010, +0.0011, +0.0018, +0.0023, +0.0035, +0.0016, +0.0010, +0.0007, +0.0005, +0.0006, +0.0011, +0.0009, +0.0009, +0.0009, +0.0015, +0.0012, +0.0015, +0.0015, +0.0012, +0.0012, +0.0015, +0.0009, +0.0009, +0.0010, +0.0009, +0.0010, +0.0012, +0.0008, +0.0003, +0.0004, +0.0006, +0.0004, +0.0012, +0.0007, +0.0012, +0.0018, +0.0040, +0.0022, +0.0025, +0.0021, +0.0014, +0.0017, +0.0012, +0.0013, +0.0016, +0.0014, +0.0012, +0.0014, +0.0016, +0.0023, +0.0018, +0.0017, +0.0011, +0.0016, +0.0015, +0.0023, +0.0039, +0.0059, +0.0042, +0.0056, +0.0030, +0.0016, +0.0024, +0.0017, +0.0023, +0.0029, +0.0018, +0.0021, +0.0049, +0.0034, +0.0017, +0.0018, +0.0018, +0.0027, +0.0032, +0.0033, +0.0039, +0.0028, +0.0023, +0.0026, +0.0030, +0.0025, +0.0044, +0.0049, +0.0037, +0.0028, +0.0034, +0.0044, +0.0026, +0.0031, +0.0034, +0.0027, +0.0030, +0.0027, +0.0023, +0.0022, +0.0033, +0.0049, +0.0037, +0.0037, +0.0052, +0.0045, +0.0040, +0.0048, +0.0042, +0.0041, +0.0043, +0.0040, +0.0036, +0.0035, +0.0044, +0.0071, +0.0049, +0.0045, +0.0027, +0.0029, +0.0041, +0.0043, +0.0066, +0.0059, +0.0028, +0.0030, +0.0040, +0.0038, +0.0042, +0.0094, +0.0096, +0.0064, +0.0053, +0.0056, +0.0046, +0.0032, +0.0033, +0.0032, +0.0020, +0.0011, +0.0008, +0.0015, +0.0017, +0.0018, +0.0011, +0.0009, +0.0007, +0.0008, +0.0007, +0.0009, +0.0007, +0.0008, +0.0011, +0.0023, +0.0018, +0.0030, +0.0024, +0.0018, +0.0014, +0.0009, +0.0018, +0.0026, +0.0016, +0.0017, +0.0015, +0.0018, +0.0033, +0.0043, +0.0045, +0.0080, +0.0126, +0.0077, +0.0068, +0.0061, +0.0045, +0.0039, +0.0033, +0.0028, +0.0028, +0.0031, +0.0028, +0.0048, +0.0059, +0.0060, +0.0051, +0.0044, +0.0034, +0.0029, +0.0039, +0.0046, +0.0036, +0.0027, +0.0022, +0.0046, +0.0056, +0.0060, +0.0050, +0.0038, +0.0045, +0.0044, +0.0045, +0.0033, +0.0027, +0.0038, +0.0035, +0.0038, +0.0052, +0.0041, +0.0037, +0.0038, +0.0042, +0.0045, +0.0050, +0.0054, +0.0041, +0.0036, +0.0040, +0.0036, +0.0046, +0.0060, +0.0025, +0.0026, +0.0016, +0.0021, +0.0017, +0.0014, +0.0013, +0.0011, +0.0012, +0.0011, +0.0015, +0.0026, +0.0023, +0.0024, +0.0027, +0.0023, +0.0027, +0.0020, +0.0024, +0.0021, +0.0026, +0.0028, +0.0025, +0.0024, +0.0028, +0.0026, +0.0023, +0.0027, +0.0027, +0.0023, +0.0025, +0.0028, +0.0031, +0.0033, +0.0043, +0.0037, +0.0042, +0.0058, +0.0065, +0.0063, +0.0108, +0.0082, +0.0066, +0.0044, +0.0048, +0.0047, +0.0041, +0.0039, +0.0034, +0.0027, +0.0030, +0.0032, +0.0034, +0.0034, +0.0040, +0.0026, +0.0028, +0.0028, +0.0030, +0.0043, +0.0041, +0.0036, +0.0044, +0.0049, +0.0056, +0.0071, +0.0066, +0.0057, +0.0039, +0.0043, +0.0053, +0.0051, +0.0045, +0.0036, +0.0037, +0.0049, +0.0051, +0.0059, +0.0044, +0.0047, +0.0045, +0.0052, +0.0042, +0.0031, +0.0036, +0.0037, +0.0061, +0.0045, +0.0069, +0.0084, +0.0074, +0.0058, +0.0045, +0.0033, +0.0032, +0.0034, +0.0037, +0.0040, +0.0050, +0.0033, +0.0031, +0.0036, +0.0035, +0.0034, +0.0040, +0.0027, +0.0036, +0.0044, +0.0032, +0.0034, +0.0034, +0.0037, +0.0045, +0.0043, +0.0039, +0.0028, +0.0039, +0.0030, +0.0025, +0.0030, +0.0022, +0.0027, +0.0029, +0.0035, +0.0022, +0.0024, +0.0017, +0.0021, +0.0019, +0.0019, +0.0018, +0.0019, +0.0019, +0.0018, +0.0014, +0.0019, +0.0016, +0.0021, +0.0019, +0.0018, +0.0021, +0.0020, +0.0021, +0.0018, +0.0020, +0.0012, +0.0009, +0.0011, +0.0008, +0.0012, +0.0011, +0.0008, +0.0005, +0.0011, +0.0013, +0.0020, +0.0019, +0.0021, +0.0020, +0.0020, +0.0014, +0.0020, +0.0014, +0.0011, +0.0014, +0.0020, +0.0018, +0.0016, +0.0032, +0.0029, +0.0032, +0.0027, +0.0022, +0.0032, +0.0028, +0.0023, +0.0023, +0.0035, +0.0035, +0.0033, +0.0025, +0.0028, +0.0020, +0.0022, +0.0020, +0.0022, +0.0025, +0.0029, +0.0023, +0.0026, +0.0022, +0.0019, +0.0020, +0.0023, +0.0026, +0.0019, +0.0020, +0.0021, +0.0021, +0.0014, +0.0016, +0.0016, +0.0015, +0.0015, +0.0015, +0.0015, +0.0018, +0.0017, +0.0015, +0.0014, +0.0014, +0.0016, +0.0015, +0.0014, +0.0015, +0.0013, +0.0016, +0.0020, +0.0018, +0.0012, +0.0010, +0.0014, +0.0013, +0.0011, +0.0015, +0.0012, +0.0014, +0.0011, +0.0010, +0.0014, +0.0010, +0.0012, +0.0014, +0.0015, +0.0012, +0.0016, +0.0015, +0.0016, +0.0018, +0.0016, +0.0015, +0.0020, +0.0021, +0.0021, +0.0023, +0.0030, +0.0031, +0.0023, +0.0021, +0.0025, +0.0022, +0.0028, +0.0035, +0.0036, +0.0038, +0.0036, +0.0029, +0.0028, +0.0025, +0.0024, +0.0022, +0.0024, +0.0022, +0.0023, +0.0022, +0.0019, +0.0017, +0.0019, +0.0015, +0.0016, +0.0014, +0.0016, +0.0019, +0.0016, +0.0016, +0.0012, +0.0010, +0.0011, +0.0014, +0.0014, +0.0013, +0.0015, +0.0014, +0.0014, +0.0016, +0.0014, +0.0011, +0.0011, +0.0009, +0.0008, +0.0008, +0.0007, +0.0007, +0.0010, +0.0007, +0.0005, +0.0014, +0.0009, +0.0008, +0.0010, +0.0010, +0.0008, +0.0009, +0.0010, +0.0008, +0.0007, +0.0007, +0.0005, +0.0009, +0.0006, +0.0006, +0.0006, +0.0008, +0.0009, +0.0005, +0.0006, +0.0005, +0.0008, +0.0007, +0.0007, +0.0008, +0.0007, +0.0006, +0.0007, +0.0008, +0.0009, +0.0007, +0.0007, +0.0006, +0.0008, +0.0006, +0.0008, +0.0006, +0.0005, +0.0006, +0.0006, +0.0006, +0.0005, +0.0009, +0.0008, +0.0006, +0.0005, +0.0006, +0.0006, +0.0004, +0.0006, +0.0006, +0.0006, +0.0005, +0.0005, +0.0005, +0.0005, +0.0007, +0.0006, +0.0005, +0.0006, +0.0006]
              entropy_tge1: [+1.6094, +1.6090, +1.6052, +1.5978, +1.5956, +1.5800, +1.5615, +1.5462, +1.5301, +1.5139, +1.4933, +1.4762, +1.4612, +1.4588, +1.4366, +1.4260, +1.4192, +1.4120, +1.4142, +1.4064, +1.4029, +1.3866, +1.3816, +1.3575, +1.3287, +1.3176, +1.2801, +1.2355, +1.2185, +1.2116, +1.1958, +1.1720, +1.1527, +1.1608, +1.1195, +1.1328, +1.1030, +1.0893, +1.0594, +1.0256, +1.0368, +1.0256, +1.0273, +1.0303, +1.0264, +1.0103, +1.0101, +1.0279, +1.0044, +1.0299, +1.0165, +0.9851, +0.9868, +0.9674, +0.9966, +0.9680, +0.9691, +0.9577, +0.9613, +0.9482, +0.9486, +0.9445, +0.9231, +0.9339, +0.9185, +0.9156, +0.9090, +0.8919, +0.8890, +0.8858, +0.9007, +0.8726, +0.8855, +0.8969, +0.8851, +0.8752, +0.8834, +0.8817, +0.8723, +0.8561, +0.8398, +0.8370, +0.8483, +0.8560, +0.8311, +0.8406, +0.8369, +0.8289, +0.8489, +0.8551, +0.8541, +0.8564, +0.8508, +0.8734, +0.8511, +0.8637, +0.8445, +0.8474, +0.8368, +0.8213, +0.8286, +0.8058, +0.8037, +0.7936, +0.8016, +0.7761, +0.7565, +0.7174, +0.6881, +0.7147, +0.7005, +0.6757, +0.6098, +0.5923, +0.6109, +0.5682, +0.5410, +0.5466, +0.5420, +0.5135, +0.4936, +0.5140, +0.4727, +0.5069, +0.4835, +0.5008, +0.5134, +0.5558, +0.4676, +0.6628, +0.6065, +0.5767, +0.4937, +0.5060, +0.4836, +0.4983, +0.4085, +0.3621, +0.4398, +0.4081, +0.4605, +0.4875, +0.5073, +0.4579, +0.4538, +0.4726, +0.5103, +0.5530, +0.5778, +0.6020, +0.5731, +0.5835, +0.6553, +0.6989, +0.7564, +0.7463, +0.6917, +0.7288, +0.8087, +0.8427, +0.8602, +0.8621, +0.8820, +0.8879, +0.8936, +0.8980, +0.8990, +0.8833, +0.8867, +0.8944, +0.9055, +0.8506, +0.8589, +0.8678, +0.8927, +0.8677, +0.8321, +0.8561, +0.8537, +0.8583, +0.8682, +0.8788, +0.8909, +0.8864, +0.9130, +0.9143, +0.8870, +0.8681, +0.8855, +0.8915, +0.9099, +0.8945, +0.9254, +0.9109, +0.9371, +0.9473, +0.9583, +0.9759, +0.9642, +0.9714, +0.9598, +0.9712, +0.9609, +0.9476, +0.9408, +0.9323, +0.9050, +0.9120, +0.9232, +0.9272, +0.9293, +0.9368, +0.9324, +0.9246, +0.9388, +0.9417, +0.9324, +0.9521, +0.9485, +0.9494, +0.9708, +0.9488, +0.9515, +0.9381, +0.9383, +0.9427, +0.9382, +0.9326, +0.9251, +0.9487, +0.9195, +0.9152, +0.9311, +0.9199, +0.9158, +0.9121, +0.9063, +0.8884, +0.8660, +0.8966, +0.8842, +0.9113, +0.8954, +0.8834, +0.8722, +0.8498, +0.8246, +0.8086, +0.7972, +0.7581, +0.7160, +0.7136, +0.6842, +0.7126, +0.6717, +0.6531, +0.6277, +0.5931, +0.5655, +0.5803, +0.6220, +0.5855, +0.6195, +0.6384, +0.6039, +0.6146, +0.6511, +0.6562, +0.6420, +0.6834, +0.6881, +0.7359, +0.7622, +0.7908, +0.8172, +0.8277, +0.8429, +0.8516, +0.8477, +0.8742, +0.8771, +0.8512, +0.8594, +0.8570, +0.8685, +0.8675, +0.8599, +0.8787, +0.8922, +0.8859, +0.8747, +0.8760, +0.8813, +0.8953, +0.9007, +0.9100, +0.9123, +0.9067, +0.9090, +0.9132, +0.9213, +0.9192, +0.9159, +0.9084, +0.9174, +0.8926, +0.8968, +0.8871, +0.8949, +0.9118, +0.9140, +0.9116, +0.8938, +0.8956, +0.9095, +0.9075, +0.9220, +0.9178, +0.9099, +0.9002, +0.9003, +0.9197, +0.9082, +0.9298, +0.9185, +0.9228, +0.9301, +0.9369, +0.9230, +0.9230, +0.9117, +0.9022, +0.9128, +0.9080, +0.8998, +0.8883, +0.8898, +0.8951, +0.8946, +0.8849, +0.8707, +0.8859, +0.8819, +0.8791, +0.8755, +0.8775, +0.8907, +0.8959, +0.8827, +0.8797, +0.8652, +0.8701, +0.8565, +0.8520, +0.8555, +0.8675, +0.8788, +0.8855, +0.8940, +0.8918, +0.8869, +0.8824, +0.8819, +0.8831, +0.8804, +0.8685, +0.8808, +0.8953, +0.8991, +0.9094, +0.9013, +0.9092, +0.9178, +0.9175, +0.9093, +0.9085, +0.9016, +0.9110, +0.9145, +0.9249, +0.9281, +0.9191, +0.9208, +0.9253, +0.9218, +0.9249, +0.9247, +0.9308, +0.9325, +0.9332, +0.9231, +0.9306, +0.9239, +0.9212, +0.9190, +0.9198, +0.9116, +0.9168, +0.9319, +0.9450, +0.9324, +0.9418, +0.9471, +0.9220, +0.9210, +0.9327, +0.9339, +0.9347, +0.9212, +0.9390, +0.9363, +0.9310, +0.9320, +0.9245, +0.9283, +0.9392, +0.9505, +0.9405, +0.9485, +0.9379, +0.9363, +0.9394, +0.9433, +0.9286, +0.9467, +0.9363, +0.9349, +0.9385, +0.9339, +0.9453, +0.9477, +0.9494, +0.9412, +0.9375, +0.9404, +0.9435, +0.9336, +0.9239, +0.9389, +0.9294, +0.9238, +0.9208, +0.9161, +0.9168, +0.9205, +0.9162, +0.9227, +0.9321, +0.9385, +0.9273, +0.9280, +0.9226, +0.9356, +0.9420, +0.9323, +0.9360, +0.9350, +0.9251, +0.9183, +0.9146, +0.9257, +0.9204, +0.9155, +0.9072, +0.9170, +0.9090, +0.9086, +0.9164, +0.9164, +0.9260, +0.9141, +0.9074, +0.9105, +0.9126, +0.9151, +0.9163, +0.9205, +0.9261, +0.9185, +0.9336, +0.9350, +0.9281, +0.9320, +0.9257, +0.9273, +0.9181, +0.9200, +0.9193, +0.9213, +0.9178, +0.9309, +0.9281, +0.9307, +0.9247, +0.9295, +0.9277, +0.9222, +0.9263, +0.9363, +0.9266, +0.9160, +0.9281, +0.9260, +0.9303, +0.9265, +0.9425, +0.9253, +0.9340, +0.9373, +0.9521, +0.9466, +0.9372, +0.9288, +0.9328, +0.9201, +0.9062, +0.9131, +0.9163, +0.9162, +0.9132, +0.9287, +0.9160, +0.9122, +0.9101, +0.9143, +0.9195, +0.9185, +0.9273, +0.9134, +0.9165, +0.9127, +0.9168, +0.9245, +0.9338, +0.9231, +0.9302, +0.9323, +0.9306, +0.9278, +0.9365, +0.9335, +0.9338, +0.9332, +0.9294, +0.9345, +0.9196, +0.9271, +0.9235, +0.9239, +0.9308, +0.9256, +0.9145, +0.9174, +0.9129, +0.9101, +0.9148, +0.9182, +0.9187, +0.9311, +0.9130, +0.9168, +0.9086, +0.9127, +0.9150, +0.9192, +0.9224, +0.9185, +0.9225, +0.9196, +0.9202, +0.9325, +0.9330, +0.9350, +0.9368, +0.9264, +0.9285, +0.9256, +0.9281, +0.9313, +0.9276, +0.9291, +0.9341, +0.9333, +0.9387, +0.9329, +0.9313, +0.9326, +0.9414, +0.9391, +0.9311, +0.9389, +0.9244, +0.9321, +0.9165, +0.9221, +0.9292, +0.9185, +0.9135, +0.9188, +0.9249, +0.9173, +0.9153, +0.9268, +0.9245, +0.9258, +0.9213, +0.9204, +0.9178, +0.9237, +0.9151, +0.9177, +0.9174, +0.9263, +0.9304, +0.9223, +0.9370, +0.9294, +0.9285, +0.9365, +0.9271, +0.9312, +0.9345, +0.9345, +0.9305, +0.9351, +0.9351, +0.9384, +0.9353, +0.9294, +0.9285, +0.9293, +0.9251, +0.9178, +0.9228, +0.9287, +0.9301, +0.9365, +0.9328, +0.9382, +0.9390, +0.9309, +0.9239, +0.9198, +0.9146, +0.9094, +0.9190, +0.9111, +0.9187, +0.9117, +0.9116, +0.9110, +0.9005, +0.8995, +0.9056, +0.9052, +0.8996, +0.8963, +0.8962, +0.9032, +0.8940, +0.9031, +0.8985, +0.8927, +0.9039, +0.9020, +0.8991, +0.9019, +0.9049, +0.9124, +0.9046, +0.9081, +0.9097, +0.9086, +0.9114, +0.9074, +0.9071, +0.9052, +0.9036, +0.9113, +0.9121, +0.9148, +0.9121, +0.9101, +0.9085, +0.9096, +0.9138, +0.9233, +0.9184, +0.9263, +0.9242, +0.9236, +0.9265, +0.9194, +0.9181, +0.9156, +0.9107, +0.9162, +0.9127, +0.9154, +0.9112, +0.9139, +0.9212, +0.9152, +0.9147, +0.9141, +0.9176, +0.9182, +0.9210, +0.9196, +0.9173, +0.9209, +0.9247, +0.9211, +0.9162, +0.9186, +0.9215, +0.9182, +0.9167, +0.9169, +0.9204, +0.9196, +0.9222, +0.9264, +0.9266, +0.9300, +0.9369, +0.9317, +0.9298, +0.9252, +0.9291, +0.9277, +0.9295, +0.9198, +0.9306, +0.9183, +0.9270, +0.9197, +0.9212, +0.9186, +0.9241, +0.9219, +0.9203, +0.9229, +0.9131, +0.9165, +0.9229, +0.9158, +0.9221, +0.9156, +0.9231, +0.9112, +0.9189, +0.9187, +0.9241, +0.9223, +0.9207, +0.9274, +0.9237, +0.9262, +0.9267, +0.9252, +0.9147, +0.9146, +0.9234, +0.9269, +0.9264, +0.9213, +0.9170, +0.9202, +0.9214, +0.9248, +0.9181, +0.9118, +0.9139, +0.9170, +0.9170, +0.9203, +0.9150, +0.9094, +0.9173, +0.9272, +0.9337, +0.9266, +0.9336, +0.9196, +0.9250, +0.9249, +0.9199, +0.9214, +0.9192, +0.9202, +0.9170, +0.9141, +0.9170, +0.9200, +0.9142, +0.9200, +0.9153, +0.9201, +0.9239, +0.9238, +0.9277, +0.9224, +0.9251, +0.9303, +0.9240, +0.9169, +0.9345, +0.9305, +0.9279, +0.9229, +0.9329, +0.9257, +0.9269, +0.9297, +0.9214, +0.9212, +0.9202, +0.9237, +0.9185, +0.9213, +0.9222, +0.9209, +0.9230, +0.9159, +0.9171, +0.9231, +0.9166, +0.9159, +0.9211, +0.9154, +0.9140, +0.9173, +0.9116, +0.9127, +0.9174, +0.9164, +0.9171, +0.9112, +0.9152, +0.9179, +0.9175, +0.9146, +0.9213, +0.9184, +0.9129, +0.9184, +0.9196, +0.9100, +0.9101, +0.9160, +0.9139, +0.9130, +0.9141, +0.9168, +0.9170, +0.9066, +0.9177, +0.9228, +0.9267, +0.9179, +0.9218, +0.9170, +0.9160, +0.9143, +0.9142, +0.9117, +0.9161, +0.9228, +0.9121, +0.9115, +0.9161, +0.9065, +0.9114, +0.9149, +0.9072, +0.9111, +0.9134, +0.9182, +0.9187, +0.9104, +0.9132, +0.9138, +0.9098, +0.9103, +0.9096, +0.9088, +0.9084, +0.9049, +0.9081, +0.9003, +0.9118, +0.9052, +0.9098, +0.9075, +0.9064, +0.9065, +0.9091, +0.9001, +0.9105, +0.9013, +0.9089, +0.8992, +0.9092, +0.9044, +0.9041, +0.9004, +0.9100, +0.9057, +0.9037, +0.9067, +0.9002, +0.9066, +0.9075, +0.9101]
              t0_alloc_red: [+0.5188, +0.5317, +0.5489, +0.4545, +0.3711, +0.2933, +0.2316, +0.1966, +0.1396, +0.1143, +0.1179, +0.0886, +0.0830, +0.0509, +0.0443, +0.0385, +0.0589, +0.0258, +0.0263, +0.0317, +0.0431, +0.0207, +0.0277, +0.0417, +0.0254, +0.0205, +0.0396, +0.0196, +0.0241, +0.0143, +0.0141, +0.0100, +0.0058, +0.0022, +0.0038, +0.0014, +0.0006, +0.0003, +0.0003, +0.0003, +0.0003, +0.0003, +0.0006, +0.0009, +0.0003, +0.0000, +0.0003, +0.0006, +0.0003, +0.0000, +0.0003, +0.0003, +0.0003, +0.0003, +0.0000, +0.0005, +0.0003, +0.0000, +0.0000, +0.0000, +0.0000, +0.0000, +0.0000, +0.0003, +0.0000, +0.0002, +0.0000, +0.0000, +0.0002, +0.0000, +0.0000, +0.0000, +0.0000, +0.0000, +0.0000, +0.0000, +0.0000, +0.0000, +0.0002, +0.0000, +0.0000, +0.0000, +0.0000, +0.0002, +0.0000, +0.0000, +0.0000, +0.0000, +0.0000, +0.0000, +0.0000, +0.0000, +0.0000, +0.0000, +0.0000, +0.0000, +0.0000, +0.0000, +0.0000, +0.0000, +0.0000, +0.0000, +0.0000, +0.0000, +0.0000, +0.0000, +0.0000, +0.0000, +0.0000, +0.0000, +0.0000, +0.0000, +0.0000, +0.0000, +0.0000, +0.0000, +0.0002, +0.0002, +0.0000, +0.0000, +0.0000, +0.0000, +0.0000, +0.0000, +0.0000, +0.0000, +0.0005, +0.0000, +0.0014, +0.0541, +0.0303, +0.0115, +0.0034, +0.0042, +0.0037, +0.0015, +0.0026, +0.0016, +0.0015, +0.0007, +0.0005, +0.0028, +0.0015, +0.0035, +0.0030, +0.0018, +0.0081, +0.0051, +0.0027, +0.0058, +0.0035, +0.0098, +0.0186, +0.0127, +0.0095, +0.0033, +0.0010, +0.0028, +0.0015, +0.0013, +0.0002, +0.0002, +0.0000, +0.0002, +0.0000, +0.0000, +0.0002, +0.0002, +0.0002, +0.0002, +0.0000, +0.0000, +0.0000, +0.0002, +0.0000, +0.0000, +0.0000, +0.0000, +0.0002, +0.0000, +0.0005, +0.0005, +0.0002, +0.0000, +0.0002, +0.0000, +0.0000, +0.0000, +0.0000, +0.0000, +0.0000, +0.0000, +0.0000, +0.0000, +0.0002, +0.0000, +0.0002, +0.0000, +0.0002, +0.0000, +0.0002, +0.0000, +0.0000, +0.0000, +0.0000, +0.0000, +0.0491, +0.0133, +0.0047, +0.0007, +0.0014, +0.0009, +0.0000, +0.0002, +0.0002, +0.0002, +0.0000, +0.0000, +0.0009, +0.0002, +0.0000, +0.0007, +0.0002, +0.0002, +0.0000, +0.0000, +0.0005, +0.0005, +0.0002, +0.0000, +0.0000, +0.0000, +0.0000, +0.0000, +0.0007, +0.0000, +0.0021, +0.0005, +0.0005, +0.0002, +0.0002, +0.0026, +0.0012, +0.0002, +0.0007, +0.0002, +0.0000, +0.0002, +0.0000, +0.0010, +0.0002, +0.0002, +0.0005, +0.0199, +0.0075, +0.0052, +0.0017, +0.0022, +0.0005, +0.0010, +0.0042, +0.0022, +0.0028, +0.0026, +0.0018, +0.0017, +0.0017, +0.0015, +0.0005, +0.0005, +0.0000, +0.0017, +0.0002, +0.0005, +0.0000, +0.0000, +0.0000, +0.0000, +0.0005, +0.0000, +0.0000, +0.0000, +0.0002, +0.0000, +0.0000, +0.0000, +0.0002, +0.0000, +0.0000, +0.0000, +0.0000, +0.0000, +0.0000, +0.0000, +0.0000, +0.0000, +0.0000, +0.0000, +0.0000, +0.0000, +0.0002, +0.0005, +0.0000, +0.0000, +0.0000, +0.0002, +0.0000, +0.0000, +0.0000, +0.0000, +0.0000, +0.0002, +0.0005, +0.0005, +0.0002, +0.0000, +0.0000, +0.0002, +0.0009, +0.0002, +0.0000, +0.0000, +0.0002, +0.0000, +0.0002, +0.0000, +0.0014, +0.0005, +0.0005, +0.0000, +0.0002, +0.0002, +0.0000, +0.0000, +0.0002, +0.0002, +0.0002, +0.0000, +0.0000, +0.0011, +0.0002, +0.0016, +0.0007, +0.0000, +0.0000, +0.0007, +0.0002, +0.0016, +0.0005, +0.0005, +0.0004, +0.0000, +0.0000, +0.0002, +0.0002, +0.0002, +0.0002, +0.0000, +0.0002, +0.0005, +0.0000, +0.0000, +0.0000, +0.0007, +0.0002, +0.0000, +0.0002, +0.0002, +0.0011, +0.0005, +0.0000, +0.0000, +0.0000, +0.0000, +0.0000, +0.0007, +0.0000, +0.0000, +0.0007, +0.0016, +0.0009, +0.0016, +0.0009, +0.0005, +0.0009, +0.0002, +0.0005, +0.0011, +0.0002, +0.0000, +0.0002, +0.0005, +0.0005, +0.0004, +0.0005, +0.0000, +0.0007, +0.0000, +0.0007, +0.0014, +0.0016, +0.0002, +0.0037, +0.0002, +0.0011, +0.0014, +0.0000, +0.0007, +0.0016, +0.0004, +0.0009, +0.0014, +0.0009, +0.0009, +0.0002, +0.0009, +0.0009, +0.0007, +0.0011, +0.0027, +0.0005, +0.0007, +0.0007, +0.0002, +0.0007, +0.0011, +0.0007, +0.0016, +0.0007, +0.0032, +0.0011, +0.0009, +0.0005, +0.0009, +0.0013, +0.0011, +0.0009, +0.0007, +0.0005, +0.0013, +0.0009, +0.0009, +0.0013, +0.0022, +0.0005, +0.0018, +0.0007, +0.0025, +0.0014, +0.0014, +0.0018, +0.0016, +0.0007, +0.0041, +0.0020, +0.0025, +0.0025, +0.0002, +0.0009, +0.0013, +0.0009, +0.0029, +0.0016, +0.0013, +0.0011, +0.0030, +0.0004, +0.0011, +0.0046, +0.0027, +0.0022, +0.0027, +0.0032, +0.0018, +0.0022, +0.0013, +0.0016, +0.0011, +0.0007, +0.0002, +0.0000, +0.0009, +0.0004, +0.0004, +0.0000, +0.0002, +0.0000, +0.0004, +0.0002, +0.0004, +0.0000, +0.0000, +0.0007, +0.0004, +0.0016, +0.0004, +0.0016, +0.0002, +0.0000, +0.0002, +0.0013, +0.0009, +0.0000, +0.0002, +0.0004, +0.0007, +0.0020, +0.0009, +0.0025, +0.0057, +0.0009, +0.0036, +0.0013, +0.0014, +0.0011, +0.0004, +0.0011, +0.0013, +0.0009, +0.0011, +0.0023, +0.0018, +0.0023, +0.0018, +0.0018, +0.0011, +0.0009, +0.0007, +0.0016, +0.0013, +0.0007, +0.0002, +0.0013, +0.0025, +0.0009, +0.0022, +0.0009, +0.0007, +0.0032, +0.0009, +0.0009, +0.0007, +0.0009, +0.0014, +0.0007, +0.0016, +0.0018, +0.0007, +0.0023, +0.0002, +0.0011, +0.0025, +0.0023, +0.0007, +0.0016, +0.0018, +0.0009, +0.0025, +0.0020, +0.0011, +0.0009, +0.0007, +0.0011, +0.0013, +0.0009, +0.0002, +0.0000, +0.0004, +0.0000, +0.0004, +0.0009, +0.0011, +0.0007, +0.0011, +0.0011, +0.0007, +0.0011, +0.0007, +0.0002, +0.0022, +0.0013, +0.0016, +0.0004, +0.0007, +0.0009, +0.0016, +0.0011, +0.0013, +0.0011, +0.0004, +0.0011, +0.0004, +0.0011, +0.0038, +0.0004, +0.0016, +0.0013, +0.0020, +0.0015, +0.0038, +0.0027, +0.0018, +0.0009, +0.0018, +0.0004, +0.0022, +0.0016, +0.0007, +0.0009, +0.0015, +0.0007, +0.0004, +0.0009, +0.0013, +0.0015, +0.0011, +0.0007, +0.0007, +0.0032, +0.0013, +0.0007, +0.0022, +0.0022, +0.0018, +0.0045, +0.0027, +0.0025, +0.0011, +0.0016, +0.0036, +0.0013, +0.0016, +0.0007, +0.0024, +0.0020, +0.0024, +0.0022, +0.0016, +0.0013, +0.0031, +0.0020, +0.0007, +0.0009, +0.0002, +0.0011, +0.0024, +0.0013, +0.0022, +0.0031, +0.0038, +0.0027, +0.0013, +0.0002, +0.0020, +0.0011, +0.0002, +0.0022, +0.0013, +0.0022, +0.0011, +0.0013, +0.0007, +0.0015, +0.0013, +0.0009, +0.0004, +0.0018, +0.0013, +0.0018, +0.0009, +0.0011, +0.0020, +0.0026, +0.0015, +0.0018, +0.0007, +0.0011, +0.0009, +0.0011, +0.0009, +0.0011, +0.0018, +0.0013, +0.0009, +0.0007, +0.0007, +0.0013, +0.0004, +0.0007, +0.0004, +0.0007, +0.0007, +0.0002, +0.0004, +0.0000, +0.0004, +0.0011, +0.0007, +0.0000, +0.0009, +0.0009, +0.0004, +0.0011, +0.0011, +0.0000, +0.0004, +0.0004, +0.0004, +0.0002, +0.0009, +0.0002, +0.0000, +0.0000, +0.0004, +0.0002, +0.0007, +0.0011, +0.0004, +0.0002, +0.0011, +0.0004, +0.0000, +0.0002, +0.0002, +0.0004, +0.0004, +0.0009, +0.0009, +0.0009, +0.0009, +0.0009, +0.0015, +0.0015, +0.0004, +0.0007, +0.0009, +0.0002, +0.0020, +0.0015, +0.0004, +0.0009, +0.0002, +0.0009, +0.0006, +0.0004, +0.0007, +0.0004, +0.0007, +0.0015, +0.0009, +0.0004, +0.0007, +0.0013, +0.0004, +0.0009, +0.0009, +0.0009, +0.0007, +0.0006, +0.0006, +0.0002, +0.0000, +0.0002, +0.0000, +0.0011, +0.0002, +0.0004, +0.0002, +0.0004, +0.0004, +0.0002, +0.0002, +0.0009, +0.0002, +0.0002, +0.0009, +0.0002, +0.0004, +0.0002, +0.0002, +0.0009, +0.0004, +0.0004, +0.0000, +0.0002, +0.0002, +0.0004, +0.0000, +0.0009, +0.0004, +0.0004, +0.0002, +0.0004, +0.0011, +0.0002, +0.0000, +0.0000, +0.0002, +0.0000, +0.0009, +0.0004, +0.0009, +0.0004, +0.0004, +0.0009, +0.0004, +0.0006, +0.0004, +0.0000, +0.0002, +0.0013, +0.0015, +0.0006, +0.0017, +0.0009, +0.0006, +0.0015, +0.0006, +0.0006, +0.0011, +0.0004, +0.0004, +0.0006, +0.0013, +0.0004, +0.0006, +0.0006, +0.0004, +0.0000, +0.0006, +0.0009, +0.0002, +0.0004, +0.0002, +0.0000, +0.0002, +0.0004, +0.0002, +0.0002, +0.0006, +0.0004, +0.0002, +0.0011, +0.0004, +0.0004, +0.0006, +0.0004, +0.0002, +0.0009, +0.0004, +0.0002, +0.0000, +0.0002, +0.0000, +0.0004, +0.0002, +0.0002, +0.0009, +0.0004, +0.0000, +0.0000, +0.0006, +0.0000, +0.0000, +0.0002, +0.0000, +0.0000, +0.0006, +0.0002, +0.0002, +0.0004, +0.0000, +0.0000, +0.0000, +0.0000, +0.0000, +0.0000, +0.0002, +0.0006, +0.0000, +0.0002, +0.0000, +0.0002, +0.0000, +0.0000, +0.0002, +0.0002, +0.0002, +0.0000, +0.0002, +0.0002, +0.0004, +0.0002, +0.0002, +0.0000, +0.0002, +0.0006, +0.0002, +0.0000, +0.0000, +0.0000, +0.0002, +0.0002, +0.0004, +0.0002, +0.0000, +0.0004, +0.0002, +0.0000, +0.0000, +0.0000, +0.0002, +0.0002, +0.0002, +0.0000]
             t0_alloc_blue: [+0.4812, +0.4683, +0.4511, +0.5455, +0.6289, +0.7067, +0.7684, +0.8034, +0.8604, +0.8857, +0.8821, +0.9114, +0.9170, +0.9491, +0.9557, +0.9615, +0.9411, +0.9742, +0.9737, +0.9683, +0.9569, +0.9793, +0.9723, +0.9583, +0.9746, +0.9795, +0.9604, +0.9804, +0.9759, +0.9857, +0.9859, +0.9900, +0.9942, +0.9978, +0.9962, +0.9986, +0.9994, +0.9997, +0.9997, +0.9997, +0.9997, +0.9997, +0.9994, +0.9991, +0.9997, +1.0000, +0.9997, +0.9994, +0.9997, +1.0000, +0.9997, +0.9997, +0.9997, +0.9997, +1.0000, +0.9995, +0.9997, +1.0000, +1.0000, +1.0000, +1.0000, +1.0000, +1.0000, +0.9997, +1.0000, +0.9998, +1.0000, +1.0000, +0.9998, +1.0000, +1.0000, +1.0000, +1.0000, +1.0000, +1.0000, +1.0000, +1.0000, +1.0000, +0.9998, +1.0000, +1.0000, +1.0000, +1.0000, +0.9998, +1.0000, +1.0000, +1.0000, +1.0000, +1.0000, +1.0000, +1.0000, +1.0000, +1.0000, +1.0000, +1.0000, +1.0000, +1.0000, +1.0000, +1.0000, +1.0000, +1.0000, +1.0000, +1.0000, +1.0000, +1.0000, +1.0000, +1.0000, +1.0000, +1.0000, +1.0000, +1.0000, +1.0000, +1.0000, +1.0000, +1.0000, +1.0000, +0.9998, +0.9998, +1.0000, +1.0000, +1.0000, +1.0000, +1.0000, +1.0000, +1.0000, +1.0000, +0.9995, +1.0000, +0.9986, +0.9459, +0.9697, +0.9885, +0.9966, +0.9958, +0.9963, +0.9985, +0.9974, +0.9984, +0.9985, +0.9993, +0.9995, +0.9972, +0.9985, +0.9965, +0.9970, +0.9982, +0.9919, +0.9949, +0.9973, +0.9942, +0.9965, +0.9902, +0.9814, +0.9873, +0.9905, +0.9967, +0.9990, +0.9972, +0.9985, +0.9987, +0.9998, +0.9998, +1.0000, +0.9998, +1.0000, +1.0000, +0.9998, +0.9998, +0.9998, +0.9998, +1.0000, +1.0000, +1.0000, +0.9998, +1.0000, +1.0000, +1.0000, +1.0000, +0.9998, +1.0000, +0.9995, +0.9995, +0.9998, +1.0000, +0.9998, +1.0000, +1.0000, +1.0000, +1.0000, +1.0000, +1.0000, +1.0000, +1.0000, +1.0000, +0.9998, +1.0000, +0.9998, +1.0000, +0.9998, +1.0000, +0.9998, +1.0000, +1.0000, +1.0000, +1.0000, +1.0000, +0.9509, +0.9867, +0.9953, +0.9993, +0.9986, +0.9991, +1.0000, +0.9998, +0.9998, +0.9998, +1.0000, +1.0000, +0.9991, +0.9998, +1.0000, +0.9993, +0.9998, +0.9998, +1.0000, +1.0000, +0.9995, +0.9995, +0.9998, +1.0000, +1.0000, +1.0000, +1.0000, +1.0000, +0.9993, +1.0000, +0.9979, +0.9995, +0.9995, +0.9998, +0.9998, +0.9974, +0.9988, +0.9998, +0.9993, +0.9998, +1.0000, +0.9998, +1.0000, +0.9990, +0.9998, +0.9998, +0.9995, +0.9801, +0.9925, +0.9948, +0.9983, +0.9978, +0.9995, +0.9990, +0.9958, +0.9978, +0.9972, +0.9974, +0.9982, +0.9983, +0.9983, +0.9985, +0.9995, +0.9995, +1.0000, +0.9983, +0.9998, +0.9995, +1.0000, +1.0000, +1.0000, +1.0000, +0.9995, +1.0000, +1.0000, +1.0000, +0.9998, +1.0000, +1.0000, +1.0000, +0.9998, +1.0000, +1.0000, +1.0000, +1.0000, +1.0000, +1.0000, +1.0000, +1.0000, +1.0000, +1.0000, +1.0000, +1.0000, +1.0000, +0.9998, +0.9995, +1.0000, +1.0000, +1.0000, +0.9998, +1.0000, +1.0000, +1.0000, +1.0000, +1.0000, +0.9998, +0.9995, +0.9995, +0.9998, +1.0000, +1.0000, +0.9998, +0.9991, +0.9998, +1.0000, +1.0000, +0.9998, +1.0000, +0.9998, +1.0000, +0.9986, +0.9995, +0.9995, +1.0000, +0.9998, +0.9998, +1.0000, +1.0000, +0.9998, +0.9998, +0.9998, +1.0000, +1.0000, +0.9989, +0.9998, +0.9984, +0.9993, +1.0000, +1.0000, +0.9993, +0.9998, +0.9984, +0.9995, +0.9995, +0.9996, +1.0000, +1.0000, +0.9998, +0.9998, +0.9998, +0.9998, +1.0000, +0.9998, +0.9995, +1.0000, +1.0000, +1.0000, +0.9993, +0.9998, +1.0000, +0.9998, +0.9998, +0.9989, +0.9995, +1.0000, +1.0000, +1.0000, +1.0000, +1.0000, +0.9993, +1.0000, +1.0000, +0.9993, +0.9984, +0.9991, +0.9984, +0.9991, +0.9995, +0.9991, +0.9998, +0.9995, +0.9989, +0.9998, +1.0000, +0.9998, +0.9995, +0.9995, +0.9996, +0.9995, +1.0000, +0.9993, +1.0000, +0.9993, +0.9986, +0.9984, +0.9998, +0.9963, +0.9998, +0.9989, +0.9986, +1.0000, +0.9993, +0.9984, +0.9996, +0.9991, +0.9986, +0.9991, +0.9991, +0.9998, +0.9991, +0.9991, +0.9993, +0.9989, +0.9973, +0.9995, +0.9993, +0.9993, +0.9998, +0.9993, +0.9989, +0.9993, +0.9984, +0.9993, +0.9968, +0.9989, +0.9991, +0.9995, +0.9991, +0.9987, +0.9989, +0.9991, +0.9993, +0.9995, +0.9987, +0.9991, +0.9991, +0.9987, +0.9978, +0.9995, +0.9982, +0.9993, +0.9975, +0.9986, +0.9986, +0.9982, +0.9984, +0.9993, +0.9959, +0.9980, +0.9975, +0.9975, +0.9998, +0.9991, +0.9987, +0.9991, +0.9971, +0.9984, +0.9987, +0.9989, +0.9970, +0.9996, +0.9989, +0.9954, +0.9973, +0.9978, +0.9973, +0.9968, +0.9982, +0.9978, +0.9987, +0.9984, +0.9989, +0.9993, +0.9998, +1.0000, +0.9991, +0.9996, +0.9996, +1.0000, +0.9998, +1.0000, +0.9996, +0.9998, +0.9996, +1.0000, +1.0000, +0.9993, +0.9996, +0.9984, +0.9996, +0.9984, +0.9998, +1.0000, +0.9998, +0.9987, +0.9991, +1.0000, +0.9998, +0.9996, +0.9993, +0.9980, +0.9991, +0.9975, +0.9943, +0.9991, +0.9964, +0.9987, +0.9986, +0.9989, +0.9996, +0.9989, +0.9987, +0.9991, +0.9989, +0.9977, +0.9982, +0.9977, +0.9982, +0.9982, +0.9989, +0.9991, +0.9993, +0.9984, +0.9987, +0.9993, +0.9998, +0.9987, +0.9975, +0.9991, +0.9978, +0.9991, +0.9993, +0.9968, +0.9991, +0.9991, +0.9993, +0.9991, +0.9986, +0.9993, +0.9984, +0.9982, +0.9993, +0.9977, +0.9998, +0.9989, +0.9975, +0.9977, +0.9993, +0.9984, +0.9982, +0.9991, +0.9975, +0.9980, +0.9989, +0.9991, +0.9993, +0.9989, +0.9987, +0.9991, +0.9998, +1.0000, +0.9996, +1.0000, +0.9996, +0.9991, +0.9989, +0.9993, +0.9989, +0.9989, +0.9993, +0.9989, +0.9993, +0.9998, +0.9978, +0.9987, +0.9984, +0.9996, +0.9993, +0.9991, +0.9984, +0.9989, +0.9987, +0.9989, +0.9996, +0.9989, +0.9996, +0.9989, +0.9962, +0.9996, +0.9984, +0.9987, +0.9980, +0.9985, +0.9962, +0.9973, +0.9982, +0.9991, +0.9982, +0.9996, +0.9978, +0.9984, +0.9993, +0.9991, +0.9985, +0.9993, +0.9996, +0.9991, +0.9987, +0.9985, +0.9989, +0.9993, +0.9993, +0.9968, +0.9987, +0.9993, +0.9978, +0.9978, +0.9982, +0.9955, +0.9973, +0.9975, +0.9989, +0.9984, +0.9964, +0.9987, +0.9984, +0.9993, +0.9976, +0.9980, +0.9976, +0.9978, +0.9984, +0.9987, +0.9969, +0.9980, +0.9993, +0.9991, +0.9998, +0.9989, +0.9976, +0.9987, +0.9978, +0.9969, +0.9962, +0.9973, +0.9987, +0.9998, +0.9980, +0.9989, +0.9998, +0.9978, +0.9987, +0.9978, +0.9989, +0.9987, +0.9993, +0.9985, +0.9987, +0.9991, +0.9996, +0.9982, +0.9987, +0.9982, +0.9991, +0.9989, +0.9980, +0.9974, +0.9985, +0.9982, +0.9993, +0.9989, +0.9991, +0.9989, +0.9991, +0.9989, +0.9982, +0.9987, +0.9991, +0.9993, +0.9993, +0.9987, +0.9996, +0.9993, +0.9996, +0.9993, +0.9993, +0.9998, +0.9996, +1.0000, +0.9996, +0.9989, +0.9993, +1.0000, +0.9991, +0.9991, +0.9996, +0.9989, +0.9989, +1.0000, +0.9996, +0.9996, +0.9996, +0.9998, +0.9991, +0.9998, +1.0000, +1.0000, +0.9996, +0.9998, +0.9993, +0.9989, +0.9996, +0.9998, +0.9989, +0.9996, +1.0000, +0.9998, +0.9998, +0.9996, +0.9996, +0.9991, +0.9991, +0.9991, +0.9991, +0.9991, +0.9985, +0.9985, +0.9996, +0.9993, +0.9991, +0.9998, +0.9980, +0.9985, +0.9996, +0.9991, +0.9998, +0.9991, +0.9994, +0.9996, +0.9993, +0.9996, +0.9993, +0.9985, +0.9991, +0.9996, +0.9993, +0.9987, +0.9996, +0.9991, +0.9991, +0.9991, +0.9993, +0.9994, +0.9994, +0.9998, +1.0000, +0.9998, +1.0000, +0.9989, +0.9998, +0.9996, +0.9998, +0.9996, +0.9996, +0.9998, +0.9998, +0.9991, +0.9998, +0.9998, +0.9991, +0.9998, +0.9996, +0.9998, +0.9998, +0.9991, +0.9996, +0.9996, +1.0000, +0.9998, +0.9998, +0.9996, +1.0000, +0.9991, +0.9996, +0.9996, +0.9998, +0.9996, +0.9989, +0.9998, +1.0000, +1.0000, +0.9998, +1.0000, +0.9991, +0.9996, +0.9991, +0.9996, +0.9996, +0.9991, +0.9996, +0.9994, +0.9996, +1.0000, +0.9998, +0.9987, +0.9985, +0.9994, +0.9983, +0.9991, +0.9994, +0.9985, +0.9994, +0.9994, +0.9989, +0.9996, +0.9996, +0.9994, +0.9987, +0.9996, +0.9994, +0.9994, +0.9996, +1.0000, +0.9994, +0.9991, +0.9998, +0.9996, +0.9998, +1.0000, +0.9998, +0.9996, +0.9998, +0.9998, +0.9994, +0.9996, +0.9998, +0.9989, +0.9996, +0.9996, +0.9994, +0.9996, +0.9998, +0.9991, +0.9996, +0.9998, +1.0000, +0.9998, +1.0000, +0.9996, +0.9998, +0.9998, +0.9991, +0.9996, +1.0000, +1.0000, +0.9994, +1.0000, +1.0000, +0.9998, +1.0000, +1.0000, +0.9994, +0.9998, +0.9998, +0.9996, +1.0000, +1.0000, +1.0000, +1.0000, +1.0000, +1.0000, +0.9998, +0.9994, +1.0000, +0.9998, +1.0000, +0.9998, +1.0000, +1.0000, +0.9998, +0.9998, +0.9998, +1.0000, +0.9998, +0.9998, +0.9996, +0.9998, +0.9998, +1.0000, +0.9998, +0.9994, +0.9998, +1.0000, +1.0000, +1.0000, +0.9998, +0.9998, +0.9996, +0.9998, +1.0000, +0.9996, +0.9998, +1.0000, +1.0000, +1.0000, +0.9998, +0.9998, +0.9998, +1.0000]
[main] saved params (seed 0) -> /juice6/u/jshe/emergent_partner_grid/train/train_logs/v1_balanced_training/counterbalanced1096_20261007_001529_seeds6to10/rnn_single_influence_seed9.safetensors
[main] saved resolved config -> /juice6/u/jshe/emergent_partner_grid/train/train_logs/v1_balanced_training/counterbalanced1096_20261007_001529_seeds6to10/rnn_single_influence_seed9_config.json
[sampling audit] /juice6/u/jshe/emergent_partner_grid/train/train_logs/v1_balanced_training/counterbalanced1096_20261007_001529_seeds6to10/rnn_single_influence_seed9_sampling_audit.json
[eval] train: layouts_dir=/juice6/u/jshe/emergent_partner_grid/train/run_snapshots/counterbalanced1096_20261002_235609/corpus/layouts/train, 20 episodes/cap × 24 capability pairs...
[eval] train: round_success_overall=0.989  (n_rounds=9600)
    cap=(1,4)  succ=1.000  n_rounds=400
    cap=(1,7)  succ=0.998  n_rounds=400
    cap=(1,8)  succ=0.998  n_rounds=400
    cap=(1,9)  succ=0.998  n_rounds=400
    cap=(2,4)  succ=1.000  n_rounds=400
    cap=(2,7)  succ=1.000  n_rounds=400
    cap=(2,8)  succ=1.000  n_rounds=400
    cap=(2,9)  succ=0.998  n_rounds=400
    cap=(3,4)  succ=1.000  n_rounds=400
    cap=(3,7)  succ=1.000  n_rounds=400
    cap=(3,8)  succ=0.995  n_rounds=400
    cap=(3,9)  succ=1.000  n_rounds=400
    cap=(4,1)  succ=1.000  n_rounds=400
    cap=(4,2)  succ=1.000  n_rounds=400
    cap=(4,3)  succ=1.000  n_rounds=400
    cap=(7,1)  succ=0.995  n_rounds=400
    cap=(7,2)  succ=0.990  n_rounds=400
    cap=(7,3)  succ=0.993  n_rounds=400
    cap=(8,1)  succ=0.975  n_rounds=400
    cap=(8,2)  succ=0.983  n_rounds=400
    cap=(8,3)  succ=0.973  n_rounds=400
    cap=(9,1)  succ=0.952  n_rounds=400
    cap=(9,2)  succ=0.935  n_rounds=400
    cap=(9,3)  succ=0.952  n_rounds=400
[eval] test: layouts_dir=/juice6/u/jshe/emergent_partner_grid/train/run_snapshots/counterbalanced1096_20261002_235609/corpus/layouts/train, 20 episodes/cap × 22 capability pairs...
[eval] test: round_success_overall=0.986  (n_rounds=8800)
    cap=(0,5)  succ=0.945  n_rounds=400
    cap=(0,6)  succ=0.957  n_rounds=400
    cap=(1,5)  succ=0.995  n_rounds=400
    cap=(1,6)  succ=1.000  n_rounds=400
    cap=(2,5)  succ=1.000  n_rounds=400
    cap=(2,6)  succ=1.000  n_rounds=400
    cap=(3,5)  succ=1.000  n_rounds=400
    cap=(3,6)  succ=1.000  n_rounds=400
    cap=(7,0)  succ=0.990  n_rounds=400
    cap=(8,0)  succ=0.990  n_rounds=400
    cap=(9,0)  succ=0.973  n_rounds=400
    cap=(5,0)  succ=1.000  n_rounds=400
    cap=(5,1)  succ=0.998  n_rounds=400
    cap=(5,2)  succ=1.000  n_rounds=400
    cap=(5,3)  succ=0.995  n_rounds=400
    cap=(6,0)  succ=0.995  n_rounds=400
    cap=(6,1)  succ=1.000  n_rounds=400
    cap=(6,2)  succ=0.998  n_rounds=400
    cap=(6,3)  succ=1.000  n_rounds=400
    cap=(0,7)  succ=0.940  n_rounds=400
    cap=(0,8)  succ=0.950  n_rounds=400
    cap=(0,9)  succ=0.970  n_rounds=400
[eval] wrote per-capability / per-round numbers -> /juice6/u/jshe/emergent_partner_grid/train/train_logs/v1_balanced_training/counterbalanced1096_20261007_001529_seeds6to10/rnn_single_influence_seed9_eval.json
