[main] compiling and running 1 seed(s)...
[counterbalanced schedule] {'sampling_protocol': 'paired_counterbalanced_v1', 'seed': 2026, 'n_layouts': 1096, 'n_profiles': 24, 'rounds_per_episode': 20, 'passes_per_cycle': 5, 'episodes_per_profile_per_cycle': 274, 'rounds_per_cycle': 131520, 'visits_per_profile_layout_per_cycle': 5, 'packets': 125218, 'preallocated_episodes': 3005232, 'preallocated_rounds': 60104640, 'maximum_allocated_episode_imbalance_at_any_prefix': 1}
[u    1] env=    65536 rsucc=0.172 n_rounds=  546 ret=+0.000 len= 0.0 ent(t0,t>=1)=(0.000,2.302) aL=-0.0014 vL=0.0340 initial=[red=0.53 blue=0.47] switch=0.503
[u    2] env=   131072 rsucc=0.191 n_rounds=  775 ret=+0.000 len= 0.0 ent(t0,t>=1)=(0.000,2.292) aL=-0.0017 vL=0.0181 initial=[red=0.47 blue=0.53] switch=0.496
[u    3] env=   196608 rsucc=0.226 n_rounds=  647 ret=+0.000 len= 0.0 ent(t0,t>=1)=(0.000,2.260) aL=-0.0016 vL=0.0125 initial=[red=0.52 blue=0.48] switch=0.473
[u    4] env=   262144 rsucc=0.205 n_rounds=  764 ret=+0.000 len= 0.0 ent(t0,t>=1)=(0.000,2.232) aL=-0.0013 vL=0.0112 initial=[red=0.50 blue=0.50] switch=0.438
[u    5] env=   327680 rsucc=0.228 n_rounds=  672 ret=+0.000 len= 0.0 ent(t0,t>=1)=(0.000,2.215) aL=-0.0012 vL=0.0102 initial=[red=0.54 blue=0.46] switch=0.425
[u    6] env=   393216 rsucc=0.207 n_rounds=  729 ret=-3.898 len=1470.5 ent(t0,t>=1)=(0.000,2.186) aL=-0.0008 vL=0.0101 initial=[red=0.48 blue=0.52] switch=0.405
[u    7] env=   458752 rsucc=0.161 n_rounds=  678 ret=-9.703 len=1693.3 ent(t0,t>=1)=(0.000,2.178) aL=-0.0009 vL=0.0080 initial=[red=0.49 blue=0.51] switch=0.381
[u    8] env=   524288 rsucc=0.165 n_rounds=  727 ret=-16.876 len=1929.1 ent(t0,t>=1)=(0.000,2.132) aL=-0.0015 vL=0.0093 initial=[red=0.51 blue=0.49] switch=0.362
[u    9] env=   589824 rsucc=0.192 n_rounds=  734 ret=+0.000 len= 0.0 ent(t0,t>=1)=(0.000,2.075) aL=-0.0020 vL=0.0093 initial=[red=0.50 blue=0.50] switch=0.313
[u   10] env=   655360 rsucc=0.238 n_rounds=  732 ret=+0.000 len= 0.0 ent(t0,t>=1)=(0.000,2.065) aL=-0.0013 vL=0.0115 initial=[red=0.51 blue=0.49] switch=0.283
[u   11] env=   720896 rsucc=0.291 n_rounds=  735 ret=+0.000 len= 0.0 ent(t0,t>=1)=(0.000,2.042) aL=-0.0016 vL=0.0133 initial=[red=0.50 blue=0.50] switch=0.263
[u   12] env=   786432 rsucc=0.276 n_rounds=  753 ret=-3.268 len=1437.8 ent(t0,t>=1)=(0.000,2.037) aL=-0.0017 vL=0.0128 initial=[red=0.50 blue=0.50] switch=0.246
[u   13] env=   851968 rsucc=0.247 n_rounds=  725 ret=-6.567 len=1556.1 ent(t0,t>=1)=(0.000,1.999) aL=-0.0015 vL=0.0118 initial=[red=0.50 blue=0.50] switch=0.239
[u   14] env=   917504 rsucc=0.221 n_rounds=  719 ret=-9.630 len=1657.6 ent(t0,t>=1)=(0.000,1.984) aL=-0.0017 vL=0.0127 initial=[red=0.51 blue=0.49] switch=0.216
[u   15] env=   983040 rsucc=0.218 n_rounds=  733 ret=-13.900 len=1827.6 ent(t0,t>=1)=(0.000,1.974) aL=-0.0019 vL=0.0136 initial=[red=0.52 blue=0.48] switch=0.209
[u   16] env=  1048576 rsucc=0.252 n_rounds=  731 ret=-18.303 len=1969.3 ent(t0,t>=1)=(0.000,1.952) aL=-0.0007 vL=0.0134 initial=[red=0.54 blue=0.46] switch=0.190
[u   17] env=  1114112 rsucc=0.288 n_rounds=  765 ret=+0.000 len= 0.0 ent(t0,t>=1)=(0.000,1.946) aL=-0.0012 vL=0.0147 initial=[red=0.47 blue=0.53] switch=0.186
[u   18] env=  1179648 rsucc=0.339 n_rounds=  768 ret=+0.000 len= 0.0 ent(t0,t>=1)=(0.000,1.906) aL=-0.0029 vL=0.0167 initial=[red=0.51 blue=0.49] switch=0.163
[u   19] env=  1245184 rsucc=0.449 n_rounds=  813 ret=-6.542 len=1556.0 ent(t0,t>=1)=(0.000,1.899) aL=-0.0047 vL=0.0241 initial=[red=0.48 blue=0.52] switch=0.167
[u   20] env=  1310720 rsucc=0.498 n_rounds=  849 ret=-6.099 len=1533.6 ent(t0,t>=1)=(0.000,1.837) aL=-0.0045 vL=0.0279 initial=[red=0.51 blue=0.49] switch=0.157
[u   21] env=  1376256 rsucc=0.473 n_rounds=  820 ret=-8.158 len=1636.2 ent(t0,t>=1)=(0.000,1.802) aL=-0.0031 vL=0.0261 initial=[red=0.50 blue=0.50] switch=0.150
[u   22] env=  1441792 rsucc=0.528 n_rounds=  847 ret=-10.768 len=1752.5 ent(t0,t>=1)=(0.000,1.776) aL=-0.0033 vL=0.0252 initial=[red=0.49 blue=0.51] switch=0.147
[u   23] env=  1507328 rsucc=0.535 n_rounds=  877 ret=-14.568 len=1890.8 ent(t0,t>=1)=(0.000,1.758) aL=-0.0030 vL=0.0266 initial=[red=0.49 blue=0.51] switch=0.139
[u   24] env=  1572864 rsucc=0.603 n_rounds=  953 ret=-3.686 len=1421.2 ent(t0,t>=1)=(0.000,1.722) aL=-0.0027 vL=0.0311 initial=[red=0.48 blue=0.52] switch=0.130
[u   25] env=  1638400 rsucc=0.581 n_rounds=  894 ret=+2.258 len=1212.6 ent(t0,t>=1)=(0.000,1.708) aL=-0.0038 vL=0.0280 initial=[red=0.50 blue=0.50] switch=0.131
[u   26] env=  1703936 rsucc=0.568 n_rounds=  878 ret=+0.702 len=1317.5 ent(t0,t>=1)=(0.000,1.692) aL=-0.0037 vL=0.0258 initial=[red=0.51 blue=0.49] switch=0.123
[u   27] env=  1769472 rsucc=0.572 n_rounds=  878 ret=-2.733 len=1453.7 ent(t0,t>=1)=(0.000,1.669) aL=-0.0037 vL=0.0264 initial=[red=0.50 blue=0.50] switch=0.113
[u   28] env=  1835008 rsucc=0.559 n_rounds=  888 ret=-6.282 len=1609.9 ent(t0,t>=1)=(0.000,1.665) aL=-0.0034 vL=0.0249 initial=[red=0.52 blue=0.48] switch=0.110
[u   29] env=  1900544 rsucc=0.585 n_rounds=  919 ret=-4.745 len=1547.7 ent(t0,t>=1)=(0.000,1.640) aL=-0.0033 vL=0.0293 initial=[red=0.49 blue=0.51] switch=0.107
[u   30] env=  1966080 rsucc=0.626 n_rounds=  948 ret=-4.110 len=1499.6 ent(t0,t>=1)=(0.000,1.668) aL=-0.0029 vL=0.0311 initial=[red=0.48 blue=0.52] switch=0.116
[u   31] env=  2031616 rsucc=0.651 n_rounds=  960 ret=-0.211 len=1317.7 ent(t0,t>=1)=(0.000,1.637) aL=-0.0028 vL=0.0293 initial=[red=0.49 blue=0.51] switch=0.104
[u   32] env=  2097152 rsucc=0.608 n_rounds=  888 ret=-1.292 len=1397.3 ent(t0,t>=1)=(0.000,1.665) aL=-0.0027 vL=0.0278 initial=[red=0.50 blue=0.50] switch=0.110
[u   33] env=  2162688 rsucc=0.577 n_rounds=  896 ret=-1.435 len=1410.8 ent(t0,t>=1)=(0.000,1.652) aL=-0.0040 vL=0.0261 initial=[red=0.50 blue=0.50] switch=0.110
[u   34] env=  2228224 rsucc=0.631 n_rounds=  945 ret=-2.937 len=1476.6 ent(t0,t>=1)=(0.000,1.592) aL=-0.0030 vL=0.0307 initial=[red=0.51 blue=0.49] switch=0.089
[u   35] env=  2293760 rsucc=0.642 n_rounds=  980 ret=-1.761 len=1432.7 ent(t0,t>=1)=(0.000,1.585) aL=-0.0023 vL=0.0300 initial=[red=0.49 blue=0.51] switch=0.087
[u   36] env=  2359296 rsucc=0.690 n_rounds=  965 ret=-2.188 len=1414.3 ent(t0,t>=1)=(0.000,1.580) aL=-0.0034 vL=0.0287 initial=[red=0.50 blue=0.50] switch=0.084
[u   37] env=  2424832 rsucc=0.654 n_rounds=  971 ret=-0.820 len=1355.5 ent(t0,t>=1)=(0.000,1.568) aL=-0.0032 vL=0.0285 initial=[red=0.49 blue=0.51] switch=0.075
[u   38] env=  2490368 rsucc=0.674 n_rounds=  962 ret=-0.059 len=1341.9 ent(t0,t>=1)=(0.000,1.541) aL=-0.0028 vL=0.0293 initial=[red=0.48 blue=0.52] switch=0.073
[u   39] env=  2555904 rsucc=0.627 n_rounds=  922 ret=-0.614 len=1362.5 ent(t0,t>=1)=(0.000,1.544) aL=-0.0026 vL=0.0266 initial=[red=0.49 blue=0.51] switch=0.069
[u   40] env=  2621440 rsucc=0.571 n_rounds=  913 ret=-0.403 len=1383.3 ent(t0,t>=1)=(0.000,1.530) aL=-0.0030 vL=0.0272 initial=[red=0.48 blue=0.52] switch=0.058
[u   41] env=  2686976 rsucc=0.713 n_rounds= 1003 ret=-1.160 len=1422.5 ent(t0,t>=1)=(0.000,1.543) aL=-0.0034 vL=0.0303 initial=[red=0.52 blue=0.48] switch=0.060
[u   42] env=  2752512 rsucc=0.668 n_rounds=  984 ret=+0.600 len=1334.8 ent(t0,t>=1)=(0.000,1.512) aL=-0.0040 vL=0.0305 initial=[red=0.49 blue=0.51] switch=0.049
[u   43] env=  2818048 rsucc=0.643 n_rounds=  962 ret=+0.072 len=1324.5 ent(t0,t>=1)=(0.000,1.466) aL=-0.0026 vL=0.0278 initial=[red=0.49 blue=0.51] switch=0.042
[u   44] env=  2883584 rsucc=0.636 n_rounds=  958 ret=-0.935 len=1367.6 ent(t0,t>=1)=(0.000,1.468) aL=-0.0029 vL=0.0275 initial=[red=0.51 blue=0.49] switch=0.045
[u   45] env=  2949120 rsucc=0.696 n_rounds=  987 ret=-0.872 len=1379.1 ent(t0,t>=1)=(0.000,1.483) aL=-0.0032 vL=0.0293 initial=[red=0.50 blue=0.50] switch=0.043
[u   46] env=  3014656 rsucc=0.743 n_rounds=  999 ret=-1.258 len=1428.7 ent(t0,t>=1)=(0.000,1.494) aL=-0.0034 vL=0.0322 initial=[red=0.49 blue=0.51] switch=0.041
[u   47] env=  3080192 rsucc=0.641 n_rounds=  970 ret=-0.019 len=1338.1 ent(t0,t>=1)=(0.000,1.496) aL=-0.0033 vL=0.0283 initial=[red=0.50 blue=0.50] switch=0.038
[u   48] env=  3145728 rsucc=0.656 n_rounds=  983 ret=+1.670 len=1267.2 ent(t0,t>=1)=(0.000,1.495) aL=-0.0038 vL=0.0290 initial=[red=0.52 blue=0.48] switch=0.039
[u   49] env=  3211264 rsucc=0.661 n_rounds=  975 ret=+0.789 len=1342.0 ent(t0,t>=1)=(0.000,1.491) aL=-0.0037 vL=0.0301 initial=[red=0.50 blue=0.50] switch=0.031
[u   50] env=  3276800 rsucc=0.696 n_rounds=  994 ret=+0.010 len=1366.2 ent(t0,t>=1)=(0.000,1.485) aL=-0.0031 vL=0.0295 initial=[red=0.50 blue=0.50] switch=0.028
[u   51] env=  3342336 rsucc=0.677 n_rounds=  984 ret=+0.432 len=1317.1 ent(t0,t>=1)=(0.000,1.468) aL=-0.0038 vL=0.0308 initial=[red=0.51 blue=0.49] switch=0.027
[u   52] env=  3407872 rsucc=0.680 n_rounds=  996 ret=+0.718 len=1292.6 ent(t0,t>=1)=(0.000,1.456) aL=-0.0032 vL=0.0291 initial=[red=0.48 blue=0.52] switch=0.022
[u   53] env=  3473408 rsucc=0.681 n_rounds=  960 ret=-0.743 len=1410.3 ent(t0,t>=1)=(0.000,1.488) aL=-0.0035 vL=0.0265 initial=[red=0.51 blue=0.49] switch=0.027
[u   54] env=  3538944 rsucc=0.669 n_rounds=  975 ret=-0.079 len=1346.2 ent(t0,t>=1)=(0.000,1.501) aL=-0.0033 vL=0.0282 initial=[red=0.49 blue=0.51] switch=0.033
[u   55] env=  3604480 rsucc=0.637 n_rounds=  952 ret=-0.390 len=1348.4 ent(t0,t>=1)=(0.000,1.512) aL=-0.0034 vL=0.0277 initial=[red=0.50 blue=0.50] switch=0.039
[u   56] env=  3670016 rsucc=0.691 n_rounds=  976 ret=+0.552 len=1315.5 ent(t0,t>=1)=(0.000,1.488) aL=-0.0037 vL=0.0305 initial=[red=0.49 blue=0.51] switch=0.037
[u   57] env=  3735552 rsucc=0.673 n_rounds=  993 ret=-2.221 len=1465.2 ent(t0,t>=1)=(0.000,1.468) aL=-0.0035 vL=0.0308 initial=[red=0.51 blue=0.49] switch=0.034
[u   58] env=  3801088 rsucc=0.651 n_rounds=  941 ret=-1.386 len=1423.7 ent(t0,t>=1)=(0.000,1.508) aL=-0.0036 vL=0.0285 initial=[red=0.49 blue=0.51] switch=0.046
[u   59] env=  3866624 rsucc=0.607 n_rounds=  962 ret=+0.087 len=1335.1 ent(t0,t>=1)=(0.000,1.501) aL=-0.0034 vL=0.0282 initial=[red=0.52 blue=0.48] switch=0.042
[u   60] env=  3932160 rsucc=0.614 n_rounds=  983 ret=-0.114 len=1318.3 ent(t0,t>=1)=(0.000,1.481) aL=-0.0030 vL=0.0276 initial=[red=0.48 blue=0.52] switch=0.043
[u   61] env=  3997696 rsucc=0.699 n_rounds= 1025 ret=-1.523 len=1390.0 ent(t0,t>=1)=(0.000,1.495) aL=-0.0034 vL=0.0302 initial=[red=0.52 blue=0.48] switch=0.043
[u   62] env=  4063232 rsucc=0.731 n_rounds= 1031 ret=+0.261 len=1336.5 ent(t0,t>=1)=(0.000,1.484) aL=-0.0042 vL=0.0307 initial=[red=0.52 blue=0.48] switch=0.042
[u   63] env=  4128768 rsucc=0.695 n_rounds= 1016 ret=+2.660 len=1200.7 ent(t0,t>=1)=(0.000,1.479) aL=-0.0034 vL=0.0304 initial=[red=0.51 blue=0.49] switch=0.045
[u   64] env=  4194304 rsucc=0.691 n_rounds=  987 ret=+1.605 len=1267.6 ent(t0,t>=1)=(0.000,1.468) aL=-0.0032 vL=0.0302 initial=[red=0.51 blue=0.49] switch=0.037
[u   65] env=  4259840 rsucc=0.689 n_rounds=  994 ret=+2.861 len=1220.8 ent(t0,t>=1)=(0.000,1.461) aL=-0.0028 vL=0.0296 initial=[red=0.51 blue=0.49] switch=0.029
[u   66] env=  4325376 rsucc=0.700 n_rounds= 1032 ret=+0.276 len=1361.7 ent(t0,t>=1)=(0.000,1.470) aL=-0.0037 vL=0.0311 initial=[red=0.50 blue=0.50] switch=0.034
[u   67] env=  4390912 rsucc=0.766 n_rounds= 1092 ret=+1.479 len=1301.1 ent(t0,t>=1)=(0.000,1.463) aL=-0.0042 vL=0.0345 initial=[red=0.50 blue=0.50] switch=0.030
[u   68] env=  4456448 rsucc=0.747 n_rounds= 1077 ret=+0.622 len=1299.5 ent(t0,t>=1)=(0.000,1.449) aL=-0.0037 vL=0.0339 initial=[red=0.50 blue=0.50] switch=0.032
[u   69] env=  4521984 rsucc=0.720 n_rounds= 1066 ret=+1.753 len=1261.7 ent(t0,t>=1)=(0.000,1.456) aL=-0.0034 vL=0.0313 initial=[red=0.49 blue=0.51] switch=0.028
[u   70] env=  4587520 rsucc=0.710 n_rounds= 1041 ret=+1.437 len=1277.8 ent(t0,t>=1)=(0.000,1.429) aL=-0.0038 vL=0.0296 initial=[red=0.49 blue=0.51] switch=0.024
[u   71] env=  4653056 rsucc=0.704 n_rounds= 1020 ret=+2.228 len=1237.1 ent(t0,t>=1)=(0.000,1.424) aL=-0.0031 vL=0.0300 initial=[red=0.49 blue=0.51] switch=0.026
[u   72] env=  4718592 rsucc=0.745 n_rounds= 1039 ret=+2.784 len=1217.5 ent(t0,t>=1)=(0.000,1.415) aL=-0.0035 vL=0.0328 initial=[red=0.50 blue=0.50] switch=0.026
[u   73] env=  4784128 rsucc=0.716 n_rounds= 1034 ret=+2.920 len=1228.6 ent(t0,t>=1)=(0.000,1.426) aL=-0.0040 vL=0.0303 initial=[red=0.51 blue=0.49] switch=0.024
[u   74] env=  4849664 rsucc=0.693 n_rounds=  996 ret=+1.774 len=1296.3 ent(t0,t>=1)=(0.000,1.413) aL=-0.0040 vL=0.0295 initial=[red=0.48 blue=0.52] switch=0.021
[u   75] env=  4915200 rsucc=0.647 n_rounds=  974 ret=+1.615 len=1272.7 ent(t0,t>=1)=(0.000,1.388) aL=-0.0039 vL=0.0266 initial=[red=0.51 blue=0.49] switch=0.023
[u   76] env=  4980736 rsucc=0.659 n_rounds=  981 ret=+0.635 len=1302.0 ent(t0,t>=1)=(0.000,1.402) aL=-0.0037 vL=0.0285 initial=[red=0.50 blue=0.50] switch=0.022
[u   77] env=  5046272 rsucc=0.696 n_rounds=  995 ret=+1.667 len=1250.5 ent(t0,t>=1)=(0.000,1.392) aL=-0.0034 vL=0.0307 initial=[red=0.47 blue=0.53] switch=0.021
[u   78] env=  5111808 rsucc=0.728 n_rounds= 1054 ret=+0.862 len=1315.2 ent(t0,t>=1)=(0.000,1.378) aL=-0.0034 vL=0.0313 initial=[red=0.50 blue=0.50] switch=0.017
[u   79] env=  5177344 rsucc=0.686 n_rounds=  999 ret=+0.390 len=1381.8 ent(t0,t>=1)=(0.000,1.396) aL=-0.0039 vL=0.0286 initial=[red=0.47 blue=0.53] switch=0.020
[u   80] env=  5242880 rsucc=0.720 n_rounds= 1031 ret=+0.816 len=1285.4 ent(t0,t>=1)=(0.000,1.392) aL=-0.0039 vL=0.0303 initial=[red=0.48 blue=0.52] switch=0.025
[u   81] env=  5308416 rsucc=0.697 n_rounds= 1014 ret=+2.294 len=1222.1 ent(t0,t>=1)=(0.000,1.399) aL=-0.0042 vL=0.0284 initial=[red=0.49 blue=0.51] switch=0.026
[u   82] env=  5373952 rsucc=0.697 n_rounds= 1038 ret=+0.709 len=1322.8 ent(t0,t>=1)=(0.000,1.405) aL=-0.0031 vL=0.0289 initial=[red=0.52 blue=0.48] switch=0.026
[u   83] env=  5439488 rsucc=0.709 n_rounds= 1036 ret=-0.073 len=1356.0 ent(t0,t>=1)=(0.000,1.418) aL=-0.0035 vL=0.0307 initial=[red=0.49 blue=0.51] switch=0.025
[u   84] env=  5505024 rsucc=0.711 n_rounds= 1021 ret=+1.329 len=1282.7 ent(t0,t>=1)=(0.000,1.415) aL=-0.0044 vL=0.0294 initial=[red=0.52 blue=0.48] switch=0.029
[u   85] env=  5570560 rsucc=0.728 n_rounds= 1030 ret=+1.858 len=1261.8 ent(t0,t>=1)=(0.000,1.405) aL=-0.0046 vL=0.0324 initial=[red=0.51 blue=0.49] switch=0.030
[u   86] env=  5636096 rsucc=0.753 n_rounds= 1057 ret=+1.142 len=1286.2 ent(t0,t>=1)=(0.000,1.370) aL=-0.0035 vL=0.0320 initial=[red=0.52 blue=0.48] switch=0.028
[u   87] env=  5701632 rsucc=0.735 n_rounds= 1051 ret=+1.637 len=1299.8 ent(t0,t>=1)=(0.000,1.363) aL=-0.0036 vL=0.0295 initial=[red=0.51 blue=0.49] switch=0.022
[u   88] env=  5767168 rsucc=0.681 n_rounds=  980 ret=+2.220 len=1228.7 ent(t0,t>=1)=(0.000,1.389) aL=-0.0033 vL=0.0269 initial=[red=0.48 blue=0.52] switch=0.023
[u   89] env=  5832704 rsucc=0.668 n_rounds= 1002 ret=+1.834 len=1292.9 ent(t0,t>=1)=(0.000,1.404) aL=-0.0044 vL=0.0309 initial=[red=0.48 blue=0.52] switch=0.030
[u   90] env=  5898240 rsucc=0.719 n_rounds= 1071 ret=+1.358 len=1282.2 ent(t0,t>=1)=(0.000,1.394) aL=-0.0032 vL=0.0328 initial=[red=0.50 blue=0.50] switch=0.032
[u   91] env=  5963776 rsucc=0.760 n_rounds= 1068 ret=+2.493 len=1221.4 ent(t0,t>=1)=(0.000,1.388) aL=-0.0039 vL=0.0326 initial=[red=0.50 blue=0.50] switch=0.027
[u   92] env=  6029312 rsucc=0.737 n_rounds= 1064 ret=+2.679 len=1250.5 ent(t0,t>=1)=(0.000,1.393) aL=-0.0039 vL=0.0313 initial=[red=0.51 blue=0.49] switch=0.031
[u   93] env=  6094848 rsucc=0.680 n_rounds=  998 ret=+3.774 len=1187.1 ent(t0,t>=1)=(0.000,1.422) aL=-0.0040 vL=0.0293 initial=[red=0.51 blue=0.49] switch=0.032
[u   94] env=  6160384 rsucc=0.698 n_rounds=  996 ret=+1.073 len=1313.3 ent(t0,t>=1)=(0.000,1.394) aL=-0.0040 vL=0.0308 initial=[red=0.52 blue=0.48] switch=0.028
[u   95] env=  6225920 rsucc=0.703 n_rounds= 1069 ret=+0.772 len=1317.3 ent(t0,t>=1)=(0.000,1.390) aL=-0.0042 vL=0.0313 initial=[red=0.51 blue=0.49] switch=0.025
[u   96] env=  6291456 rsucc=0.697 n_rounds= 1023 ret=+1.999 len=1233.2 ent(t0,t>=1)=(0.000,1.382) aL=-0.0034 vL=0.0296 initial=[red=0.51 blue=0.49] switch=0.026
[u   97] env=  6356992 rsucc=0.715 n_rounds= 1047 ret=+1.338 len=1278.1 ent(t0,t>=1)=(0.000,1.375) aL=-0.0041 vL=0.0325 initial=[red=0.53 blue=0.47] switch=0.022
[u   98] env=  6422528 rsucc=0.724 n_rounds= 1098 ret=+0.105 len=1332.1 ent(t0,t>=1)=(0.000,1.382) aL=-0.0034 vL=0.0330 initial=[red=0.50 blue=0.50] switch=0.027
[u   99] env=  6488064 rsucc=0.734 n_rounds= 1023 ret=+1.998 len=1218.4 ent(t0,t>=1)=(0.000,1.388) aL=-0.0048 vL=0.0277 initial=[red=0.50 blue=0.50] switch=0.024
[u  100] env=  6553600 rsucc=0.632 n_rounds=  954 ret=+1.520 len=1254.1 ent(t0,t>=1)=(0.000,1.429) aL=-0.0039 vL=0.0253 initial=[red=0.48 blue=0.52] switch=0.031
[u  101] env=  6619136 rsucc=0.682 n_rounds=  990 ret=+1.030 len=1286.4 ent(t0,t>=1)=(0.000,1.410) aL=-0.0045 vL=0.0305 initial=[red=0.52 blue=0.48] switch=0.026
[u  102] env=  6684672 rsucc=0.709 n_rounds= 1049 ret=+1.681 len=1272.2 ent(t0,t>=1)=(0.000,1.379) aL=-0.0047 vL=0.0322 initial=[red=0.49 blue=0.51] switch=0.026
[u  103] env=  6750208 rsucc=0.724 n_rounds= 1039 ret=+1.350 len=1313.5 ent(t0,t>=1)=(0.000,1.392) aL=-0.0040 vL=0.0312 initial=[red=0.52 blue=0.48] switch=0.029
[u  104] env=  6815744 rsucc=0.702 n_rounds= 1022 ret=+0.478 len=1301.1 ent(t0,t>=1)=(0.000,1.396) aL=-0.0039 vL=0.0285 initial=[red=0.52 blue=0.48] switch=0.028
[u  105] env=  6881280 rsucc=0.695 n_rounds= 1069 ret=+1.652 len=1245.4 ent(t0,t>=1)=(0.000,1.386) aL=-0.0041 vL=0.0305 initial=[red=0.51 blue=0.49] switch=0.024
[u  106] env=  6946816 rsucc=0.763 n_rounds= 1058 ret=+1.031 len=1313.0 ent(t0,t>=1)=(0.000,1.382) aL=-0.0042 vL=0.0310 initial=[red=0.50 blue=0.50] switch=0.023
[u  107] env=  7012352 rsucc=0.689 n_rounds=  992 ret=+0.512 len=1328.5 ent(t0,t>=1)=(0.000,1.405) aL=-0.0040 vL=0.0301 initial=[red=0.51 blue=0.49] switch=0.025
[u  108] env=  7077888 rsucc=0.722 n_rounds= 1050 ret=+2.099 len=1229.4 ent(t0,t>=1)=(0.000,1.400) aL=-0.0047 vL=0.0311 initial=[red=0.51 blue=0.49] switch=0.025
[u  109] env=  7143424 rsucc=0.753 n_rounds= 1077 ret=+2.769 len=1191.1 ent(t0,t>=1)=(0.000,1.403) aL=-0.0049 vL=0.0332 initial=[red=0.50 blue=0.50] switch=0.029
[u  110] env=  7208960 rsucc=0.749 n_rounds= 1123 ret=+2.774 len=1224.0 ent(t0,t>=1)=(0.000,1.398) aL=-0.0035 vL=0.0338 initial=[red=0.50 blue=0.50] switch=0.029
[u  111] env=  7274496 rsucc=0.776 n_rounds= 1114 ret=+3.486 len=1205.9 ent(t0,t>=1)=(0.000,1.370) aL=-0.0042 vL=0.0359 initial=[red=0.49 blue=0.51] switch=0.032
[u  112] env=  7340032 rsucc=0.721 n_rounds= 1078 ret=+3.141 len=1223.1 ent(t0,t>=1)=(0.000,1.366) aL=-0.0042 vL=0.0328 initial=[red=0.50 blue=0.50] switch=0.035
[u  113] env=  7405568 rsucc=0.772 n_rounds= 1125 ret=+3.757 len=1169.7 ent(t0,t>=1)=(0.000,1.369) aL=-0.0041 vL=0.0362 initial=[red=0.52 blue=0.48] switch=0.029
[u  114] env=  7471104 rsucc=0.738 n_rounds= 1066 ret=+3.266 len=1188.4 ent(t0,t>=1)=(0.000,1.380) aL=-0.0034 vL=0.0323 initial=[red=0.49 blue=0.51] switch=0.029
[u  115] env=  7536640 rsucc=0.732 n_rounds= 1047 ret=+2.212 len=1243.3 ent(t0,t>=1)=(0.000,1.354) aL=-0.0041 vL=0.0314 initial=[red=0.48 blue=0.52] switch=0.029
[u  116] env=  7602176 rsucc=0.653 n_rounds=  960 ret=+1.719 len=1291.7 ent(t0,t>=1)=(0.000,1.365) aL=-0.0038 vL=0.0265 initial=[red=0.50 blue=0.50] switch=0.033
[u  117] env=  7667712 rsucc=0.676 n_rounds= 1020 ret=+2.591 len=1217.7 ent(t0,t>=1)=(0.000,1.362) aL=-0.0035 vL=0.0282 initial=[red=0.51 blue=0.49] switch=0.031
[u  118] env=  7733248 rsucc=0.691 n_rounds= 1014 ret=+1.150 len=1279.8 ent(t0,t>=1)=(0.000,1.368) aL=-0.0036 vL=0.0271 initial=[red=0.48 blue=0.52] switch=0.033
[u  119] env=  7798784 rsucc=0.690 n_rounds=  989 ret=+0.791 len=1288.8 ent(t0,t>=1)=(0.000,1.389) aL=-0.0034 vL=0.0282 initial=[red=0.51 blue=0.49] switch=0.035
[u  120] env=  7864320 rsucc=0.726 n_rounds= 1062 ret=+0.476 len=1308.7 ent(t0,t>=1)=(0.000,1.368) aL=-0.0043 vL=0.0324 initial=[red=0.48 blue=0.52] switch=0.031
[u  121] env=  7929856 rsucc=0.705 n_rounds= 1053 ret=+0.197 len=1342.9 ent(t0,t>=1)=(0.000,1.361) aL=-0.0036 vL=0.0296 initial=[red=0.48 blue=0.52] switch=0.028
[u  122] env=  7995392 rsucc=0.770 n_rounds= 1090 ret=+2.520 len=1230.8 ent(t0,t>=1)=(0.000,1.344) aL=-0.0040 vL=0.0344 initial=[red=0.47 blue=0.53] switch=0.023
[u  123] env=  8060928 rsucc=0.756 n_rounds= 1084 ret=+2.382 len=1212.2 ent(t0,t>=1)=(0.000,1.337) aL=-0.0044 vL=0.0336 initial=[red=0.49 blue=0.51] switch=0.023
[u  124] env=  8126464 rsucc=0.752 n_rounds= 1070 ret=+2.496 len=1247.9 ent(t0,t>=1)=(0.000,1.338) aL=-0.0042 vL=0.0319 initial=[red=0.48 blue=0.52] switch=0.028
[u  125] env=  8192000 rsucc=0.708 n_rounds= 1029 ret=+2.134 len=1256.4 ent(t0,t>=1)=(0.000,1.355) aL=-0.0044 vL=0.0297 initial=[red=0.49 blue=0.51] switch=0.024
[u  126] env=  8257536 rsucc=0.739 n_rounds= 1077 ret=+3.811 len=1178.6 ent(t0,t>=1)=(0.000,1.362) aL=-0.0036 vL=0.0325 initial=[red=0.49 blue=0.51] switch=0.031
[u  127] env=  8323072 rsucc=0.708 n_rounds= 1002 ret=+1.525 len=1287.3 ent(t0,t>=1)=(0.000,1.370) aL=-0.0035 vL=0.0309 initial=[red=0.53 blue=0.47] switch=0.033
[u  128] env=  8388608 rsucc=0.670 n_rounds= 1014 ret=+2.013 len=1275.3 ent(t0,t>=1)=(0.000,1.391) aL=-0.0032 vL=0.0296 initial=[red=0.48 blue=0.52] switch=0.039
[u  129] env=  8454144 rsucc=0.713 n_rounds= 1061 ret=+1.397 len=1272.5 ent(t0,t>=1)=(0.000,1.358) aL=-0.0039 vL=0.0318 initial=[red=0.52 blue=0.48] switch=0.032
[u  130] env=  8519680 rsucc=0.743 n_rounds= 1074 ret=+2.253 len=1225.5 ent(t0,t>=1)=(0.000,1.359) aL=-0.0032 vL=0.0307 initial=[red=0.51 blue=0.49] switch=0.040
[u  131] env=  8585216 rsucc=0.675 n_rounds= 1015 ret=+1.315 len=1274.1 ent(t0,t>=1)=(0.000,1.371) aL=-0.0039 vL=0.0258 initial=[red=0.48 blue=0.52] switch=0.036
[u  132] env=  8650752 rsucc=0.741 n_rounds= 1036 ret=+2.623 len=1210.6 ent(t0,t>=1)=(0.000,1.362) aL=-0.0039 vL=0.0299 initial=[red=0.53 blue=0.47] switch=0.030
[u  133] env=  8716288 rsucc=0.709 n_rounds= 1029 ret=+2.353 len=1235.3 ent(t0,t>=1)=(0.000,1.373) aL=-0.0042 vL=0.0310 initial=[red=0.49 blue=0.51] switch=0.037
[u  134] env=  8781824 rsucc=0.770 n_rounds= 1141 ret=+1.788 len=1257.2 ent(t0,t>=1)=(0.000,1.361) aL=-0.0044 vL=0.0343 initial=[red=0.51 blue=0.49] switch=0.034
[u  135] env=  8847360 rsucc=0.744 n_rounds= 1067 ret=+2.594 len=1232.4 ent(t0,t>=1)=(0.000,1.332) aL=-0.0043 vL=0.0348 initial=[red=0.50 blue=0.50] switch=0.029
[u  136] env=  8912896 rsucc=0.743 n_rounds= 1079 ret=+2.923 len=1215.3 ent(t0,t>=1)=(0.000,1.324) aL=-0.0042 vL=0.0327 initial=[red=0.48 blue=0.52] switch=0.038
[u  137] env=  8978432 rsucc=0.730 n_rounds= 1108 ret=+2.611 len=1243.1 ent(t0,t>=1)=(0.000,1.324) aL=-0.0044 vL=0.0343 initial=[red=0.50 blue=0.50] switch=0.042
[u  138] env=  9043968 rsucc=0.740 n_rounds= 1115 ret=+3.200 len=1193.4 ent(t0,t>=1)=(0.000,1.304) aL=-0.0040 vL=0.0333 initial=[red=0.47 blue=0.53] switch=0.037
[u  139] env=  9109504 rsucc=0.744 n_rounds= 1059 ret=+3.478 len=1155.8 ent(t0,t>=1)=(0.000,1.321) aL=-0.0041 vL=0.0323 initial=[red=0.50 blue=0.50] switch=0.031
[u  140] env=  9175040 rsucc=0.724 n_rounds= 1042 ret=+3.093 len=1218.3 ent(t0,t>=1)=(0.000,1.323) aL=-0.0040 vL=0.0283 initial=[red=0.51 blue=0.49] switch=0.031
[u  141] env=  9240576 rsucc=0.700 n_rounds= 1044 ret=+3.573 len=1160.1 ent(t0,t>=1)=(0.000,1.328) aL=-0.0045 vL=0.0289 initial=[red=0.50 blue=0.50] switch=0.031
[u  142] env=  9306112 rsucc=0.799 n_rounds= 1087 ret=+1.347 len=1315.1 ent(t0,t>=1)=(0.000,1.286) aL=-0.0036 vL=0.0326 initial=[red=0.49 blue=0.51] switch=0.028
[u  143] env=  9371648 rsucc=0.743 n_rounds= 1065 ret=+2.697 len=1207.2 ent(t0,t>=1)=(0.000,1.315) aL=-0.0038 vL=0.0306 initial=[red=0.50 blue=0.50] switch=0.037
[u  144] env=  9437184 rsucc=0.689 n_rounds=  989 ret=+2.104 len=1248.3 ent(t0,t>=1)=(0.000,1.360) aL=-0.0038 vL=0.0269 initial=[red=0.49 blue=0.51] switch=0.045
[u  145] env=  9502720 rsucc=0.715 n_rounds= 1060 ret=+2.335 len=1254.4 ent(t0,t>=1)=(0.000,1.332) aL=-0.0042 vL=0.0316 initial=[red=0.51 blue=0.49] switch=0.043
[u  146] env=  9568256 rsucc=0.728 n_rounds= 1052 ret=+0.485 len=1392.5 ent(t0,t>=1)=(0.000,1.312) aL=-0.0044 vL=0.0303 initial=[red=0.49 blue=0.51] switch=0.038
[u  147] env=  9633792 rsucc=0.714 n_rounds= 1065 ret=+2.213 len=1233.7 ent(t0,t>=1)=(0.000,1.338) aL=-0.0042 vL=0.0328 initial=[red=0.54 blue=0.46] switch=0.042
[u  148] env=  9699328 rsucc=0.725 n_rounds= 1069 ret=+2.883 len=1187.9 ent(t0,t>=1)=(0.000,1.317) aL=-0.0041 vL=0.0330 initial=[red=0.49 blue=0.51] switch=0.037
[u  149] env=  9764864 rsucc=0.702 n_rounds= 1045 ret=+0.739 len=1325.2 ent(t0,t>=1)=(0.000,1.307) aL=-0.0033 vL=0.0314 initial=[red=0.49 blue=0.51] switch=0.041
[u  150] env=  9830400 rsucc=0.707 n_rounds= 1080 ret=+1.399 len=1267.4 ent(t0,t>=1)=(0.000,1.317) aL=-0.0037 vL=0.0301 initial=[red=0.52 blue=0.48] switch=0.031
[u  151] env=  9895936 rsucc=0.774 n_rounds= 1144 ret=+3.125 len=1174.6 ent(t0,t>=1)=(0.000,1.314) aL=-0.0034 vL=0.0361 initial=[red=0.50 blue=0.50] switch=0.032
[u  152] env=  9961472 rsucc=0.725 n_rounds= 1055 ret=+2.901 len=1178.0 ent(t0,t>=1)=(0.000,1.323) aL=-0.0034 vL=0.0307 initial=[red=0.48 blue=0.52] switch=0.037
[u  153] env= 10027008 rsucc=0.721 n_rounds= 1055 ret=+2.662 len=1225.3 ent(t0,t>=1)=(0.000,1.326) aL=-0.0040 vL=0.0295 initial=[red=0.49 blue=0.51] switch=0.042
[u  154] env= 10092544 rsucc=0.698 n_rounds= 1024 ret=+1.902 len=1265.4 ent(t0,t>=1)=(0.000,1.342) aL=-0.0042 vL=0.0306 initial=[red=0.50 blue=0.50] switch=0.041
[u  155] env= 10158080 rsucc=0.709 n_rounds= 1037 ret=+2.072 len=1243.6 ent(t0,t>=1)=(0.000,1.321) aL=-0.0037 vL=0.0309 initial=[red=0.50 blue=0.50] switch=0.038
[u  156] env= 10223616 rsucc=0.747 n_rounds= 1091 ret=+2.977 len=1190.6 ent(t0,t>=1)=(0.000,1.297) aL=-0.0035 vL=0.0324 initial=[red=0.49 blue=0.51] switch=0.034
[u  157] env= 10289152 rsucc=0.719 n_rounds= 1091 ret=+1.881 len=1222.5 ent(t0,t>=1)=(0.000,1.302) aL=-0.0032 vL=0.0309 initial=[red=0.49 blue=0.51] switch=0.034
[u  158] env= 10354688 rsucc=0.749 n_rounds= 1100 ret=+1.851 len=1266.0 ent(t0,t>=1)=(0.000,1.275) aL=-0.0041 vL=0.0309 initial=[red=0.50 blue=0.50] switch=0.032
[u  159] env= 10420224 rsucc=0.716 n_rounds= 1034 ret=+2.483 len=1227.1 ent(t0,t>=1)=(0.000,1.268) aL=-0.0040 vL=0.0322 initial=[red=0.50 blue=0.50] switch=0.032
[u  160] env= 10485760 rsucc=0.705 n_rounds= 1061 ret=+2.414 len=1237.5 ent(t0,t>=1)=(0.000,1.273) aL=-0.0032 vL=0.0324 initial=[red=0.48 blue=0.52] switch=0.035
[u  161] env= 10551296 rsucc=0.720 n_rounds= 1053 ret=+1.925 len=1262.7 ent(t0,t>=1)=(0.000,1.269) aL=-0.0032 vL=0.0305 initial=[red=0.53 blue=0.47] switch=0.030
[u  162] env= 10616832 rsucc=0.727 n_rounds= 1080 ret=+4.080 len=1126.9 ent(t0,t>=1)=(0.000,1.285) aL=-0.0035 vL=0.0302 initial=[red=0.55 blue=0.45] switch=0.036
[u  163] env= 10682368 rsucc=0.755 n_rounds= 1106 ret=+1.394 len=1269.0 ent(t0,t>=1)=(0.000,1.269) aL=-0.0041 vL=0.0326 initial=[red=0.53 blue=0.47] switch=0.038
[u  164] env= 10747904 rsucc=0.774 n_rounds= 1155 ret=+1.512 len=1307.2 ent(t0,t>=1)=(0.000,1.237) aL=-0.0042 vL=0.0360 initial=[red=0.49 blue=0.51] switch=0.044
[u  165] env= 10813440 rsucc=0.767 n_rounds= 1114 ret=+4.050 len=1141.9 ent(t0,t>=1)=(0.000,1.241) aL=-0.0035 vL=0.0334 initial=[red=0.49 blue=0.51] switch=0.047
[u  166] env= 10878976 rsucc=0.784 n_rounds= 1091 ret=+4.207 len=1120.9 ent(t0,t>=1)=(0.000,1.230) aL=-0.0034 vL=0.0327 initial=[red=0.50 blue=0.50] switch=0.038
[u  167] env= 10944512 rsucc=0.774 n_rounds= 1161 ret=+2.425 len=1234.0 ent(t0,t>=1)=(0.000,1.229) aL=-0.0034 vL=0.0397 initial=[red=0.51 blue=0.49] switch=0.033
[u  168] env= 11010048 rsucc=0.769 n_rounds= 1133 ret=+4.299 len=1143.7 ent(t0,t>=1)=(0.000,1.184) aL=-0.0036 vL=0.0328 initial=[red=0.48 blue=0.52] switch=0.034
[u  169] env= 11075584 rsucc=0.743 n_rounds= 1070 ret=+3.109 len=1202.3 ent(t0,t>=1)=(0.000,1.220) aL=-0.0035 vL=0.0316 initial=[red=0.51 blue=0.49] switch=0.042
[u  170] env= 11141120 rsucc=0.749 n_rounds= 1113 ret=+4.606 len=1122.2 ent(t0,t>=1)=(0.000,1.215) aL=-0.0029 vL=0.0332 initial=[red=0.48 blue=0.52] switch=0.048
[u  171] env= 11206656 rsucc=0.733 n_rounds= 1155 ret=+4.646 len=1142.0 ent(t0,t>=1)=(0.000,1.213) aL=-0.0035 vL=0.0345 initial=[red=0.49 blue=0.51] switch=0.044
[u  172] env= 11272192 rsucc=0.730 n_rounds= 1070 ret=+3.319 len=1178.4 ent(t0,t>=1)=(0.000,1.231) aL=-0.0036 vL=0.0285 initial=[red=0.49 blue=0.51] switch=0.056
[u  173] env= 11337728 rsucc=0.701 n_rounds= 1045 ret=+2.675 len=1207.1 ent(t0,t>=1)=(0.000,1.225) aL=-0.0022 vL=0.0308 initial=[red=0.47 blue=0.53] switch=0.043
[u  174] env= 11403264 rsucc=0.752 n_rounds= 1132 ret=+2.676 len=1205.9 ent(t0,t>=1)=(0.000,1.183) aL=-0.0038 vL=0.0341 initial=[red=0.50 blue=0.50] switch=0.034
[u  175] env= 11468800 rsucc=0.785 n_rounds= 1150 ret=+2.422 len=1233.7 ent(t0,t>=1)=(0.000,1.156) aL=-0.0025 vL=0.0328 initial=[red=0.49 blue=0.51] switch=0.039
[u  176] env= 11534336 rsucc=0.745 n_rounds= 1110 ret=+3.380 len=1170.6 ent(t0,t>=1)=(0.000,1.206) aL=-0.0043 vL=0.0313 initial=[red=0.50 blue=0.50] switch=0.036
[u  177] env= 11599872 rsucc=0.741 n_rounds= 1153 ret=+3.561 len=1146.5 ent(t0,t>=1)=(0.000,1.184) aL=-0.0031 vL=0.0366 initial=[red=0.52 blue=0.48] switch=0.037
[u  178] env= 11665408 rsucc=0.750 n_rounds= 1109 ret=+3.927 len=1144.7 ent(t0,t>=1)=(0.000,1.151) aL=-0.0031 vL=0.0331 initial=[red=0.52 blue=0.48] switch=0.042
[u  179] env= 11730944 rsucc=0.769 n_rounds= 1133 ret=+4.219 len=1128.6 ent(t0,t>=1)=(0.000,1.148) aL=-0.0026 vL=0.0320 initial=[red=0.48 blue=0.52] switch=0.040
[u  180] env= 11796480 rsucc=0.795 n_rounds= 1188 ret=+2.360 len=1258.8 ent(t0,t>=1)=(0.000,1.126) aL=-0.0031 vL=0.0339 initial=[red=0.51 blue=0.49] switch=0.033
[u  181] env= 11862016 rsucc=0.765 n_rounds= 1114 ret=+2.630 len=1215.1 ent(t0,t>=1)=(0.000,1.138) aL=-0.0029 vL=0.0325 initial=[red=0.51 blue=0.49] switch=0.039
[u  182] env= 11927552 rsucc=0.765 n_rounds= 1109 ret=+4.787 len=1056.2 ent(t0,t>=1)=(0.000,1.173) aL=-0.0030 vL=0.0332 initial=[red=0.48 blue=0.52] switch=0.046
[u  183] env= 11993088 rsucc=0.787 n_rounds= 1176 ret=+2.730 len=1237.0 ent(t0,t>=1)=(0.000,1.146) aL=-0.0036 vL=0.0356 initial=[red=0.49 blue=0.51] switch=0.037
[u  184] env= 12058624 rsucc=0.770 n_rounds= 1113 ret=+4.543 len=1157.0 ent(t0,t>=1)=(0.000,1.155) aL=-0.0032 vL=0.0352 initial=[red=0.49 blue=0.51] switch=0.043
[u  185] env= 12124160 rsucc=0.722 n_rounds= 1099 ret=+5.619 len=1060.2 ent(t0,t>=1)=(0.000,1.213) aL=-0.0014 vL=0.0320 initial=[red=0.49 blue=0.51] switch=0.037
[u  186] env= 12189696 rsucc=0.787 n_rounds= 1177 ret=+5.839 len=1063.1 ent(t0,t>=1)=(0.000,1.099) aL=-0.0042 vL=0.0379 initial=[red=0.48 blue=0.52] switch=0.040
[u  187] env= 12255232 rsucc=0.779 n_rounds= 1156 ret=+4.339 len=1148.0 ent(t0,t>=1)=(0.000,1.130) aL=-0.0034 vL=0.0358 initial=[red=0.53 blue=0.47] switch=0.044
[u  188] env= 12320768 rsucc=0.783 n_rounds= 1183 ret=+3.902 len=1165.9 ent(t0,t>=1)=(0.000,1.140) aL=-0.0035 vL=0.0381 initial=[red=0.49 blue=0.51] switch=0.047
[u  189] env= 12386304 rsucc=0.812 n_rounds= 1175 ret=+3.120 len=1216.3 ent(t0,t>=1)=(0.000,1.101) aL=-0.0030 vL=0.0358 initial=[red=0.48 blue=0.52] switch=0.049
[u  190] env= 12451840 rsucc=0.785 n_rounds= 1209 ret=+4.905 len=1093.9 ent(t0,t>=1)=(0.000,1.111) aL=-0.0020 vL=0.0359 initial=[red=0.47 blue=0.53] switch=0.048
[u  191] env= 12517376 rsucc=0.775 n_rounds= 1215 ret=+4.892 len=1078.7 ent(t0,t>=1)=(0.000,1.127) aL=-0.0044 vL=0.0365 initial=[red=0.50 blue=0.50] switch=0.053
[u  192] env= 12582912 rsucc=0.779 n_rounds= 1144 ret=+3.456 len=1192.9 ent(t0,t>=1)=(0.000,1.077) aL=-0.0028 vL=0.0327 initial=[red=0.53 blue=0.47] switch=0.055
[u  193] env= 12648448 rsucc=0.768 n_rounds= 1100 ret=+4.222 len=1151.1 ent(t0,t>=1)=(0.000,1.148) aL=-0.0039 vL=0.0315 initial=[red=0.50 blue=0.50] switch=0.060
[u  194] env= 12713984 rsucc=0.710 n_rounds= 1136 ret=+4.257 len=1132.9 ent(t0,t>=1)=(0.000,1.138) aL=-0.0032 vL=0.0336 initial=[red=0.50 blue=0.50] switch=0.052
[u  195] env= 12779520 rsucc=0.757 n_rounds= 1189 ret=+4.937 len=1071.1 ent(t0,t>=1)=(0.000,1.158) aL=-0.0034 vL=0.0347 initial=[red=0.48 blue=0.52] switch=0.052
[u  196] env= 12845056 rsucc=0.782 n_rounds= 1149 ret=+4.473 len=1137.5 ent(t0,t>=1)=(0.000,1.136) aL=-0.0037 vL=0.0334 initial=[red=0.51 blue=0.49] switch=0.052
[u  197] env= 12910592 rsucc=0.782 n_rounds= 1173 ret=+3.576 len=1181.0 ent(t0,t>=1)=(0.000,1.064) aL=-0.0037 vL=0.0363 initial=[red=0.51 blue=0.49] switch=0.044
[u  198] env= 12976128 rsucc=0.801 n_rounds= 1226 ret=+4.689 len=1090.3 ent(t0,t>=1)=(0.000,1.072) aL=-0.0047 vL=0.0402 initial=[red=0.51 blue=0.49] switch=0.053
[u  199] env= 13041664 rsucc=0.838 n_rounds= 1257 ret=+4.389 len=1112.1 ent(t0,t>=1)=(0.000,1.010) aL=-0.0027 vL=0.0411 initial=[red=0.49 blue=0.51] switch=0.048
[u  200] env= 13107200 rsucc=0.817 n_rounds= 1189 ret=+4.995 len=1084.0 ent(t0,t>=1)=(0.000,1.026) aL=-0.0037 vL=0.0346 initial=[red=0.50 blue=0.50] switch=0.052
[u  201] env= 13172736 rsucc=0.791 n_rounds= 1161 ret=+5.051 len=1123.7 ent(t0,t>=1)=(0.000,1.030) aL=-0.0035 vL=0.0340 initial=[red=0.50 blue=0.50] switch=0.056
[u  202] env= 13238272 rsucc=0.740 n_rounds= 1098 ret=+6.083 len=1033.4 ent(t0,t>=1)=(0.000,1.104) aL=-0.0023 vL=0.0294 initial=[red=0.49 blue=0.51] switch=0.055
[u  203] env= 13303808 rsucc=0.725 n_rounds= 1097 ret=+4.384 len=1188.9 ent(t0,t>=1)=(0.000,1.119) aL=-0.0030 vL=0.0300 initial=[red=0.49 blue=0.51] switch=0.052
[u  204] env= 13369344 rsucc=0.729 n_rounds= 1100 ret=+3.966 len=1120.3 ent(t0,t>=1)=(0.000,1.120) aL=-0.0025 vL=0.0328 initial=[red=0.49 blue=0.51] switch=0.053
[u  205] env= 13434880 rsucc=0.819 n_rounds= 1219 ret=+3.970 len=1146.1 ent(t0,t>=1)=(0.000,1.029) aL=-0.0046 vL=0.0366 initial=[red=0.49 blue=0.51] switch=0.042
[u  206] env= 13500416 rsucc=0.768 n_rounds= 1161 ret=+4.104 len=1124.1 ent(t0,t>=1)=(0.000,1.067) aL=-0.0028 vL=0.0348 initial=[red=0.53 blue=0.47] switch=0.045
[u  207] env= 13565952 rsucc=0.816 n_rounds= 1196 ret=+4.765 len=1113.1 ent(t0,t>=1)=(0.000,0.992) aL=-0.0032 vL=0.0350 initial=[red=0.49 blue=0.51] switch=0.048
[u  208] env= 13631488 rsucc=0.797 n_rounds= 1248 ret=+4.558 len=1129.9 ent(t0,t>=1)=(0.000,0.985) aL=-0.0026 vL=0.0356 initial=[red=0.50 blue=0.50] switch=0.053
[u  209] env= 13697024 rsucc=0.820 n_rounds= 1284 ret=+3.610 len=1176.3 ent(t0,t>=1)=(0.000,0.963) aL=-0.0025 vL=0.0397 initial=[red=0.50 blue=0.50] switch=0.043
[u  210] env= 13762560 rsucc=0.818 n_rounds= 1208 ret=+5.634 len=1042.9 ent(t0,t>=1)=(0.000,0.983) aL=-0.0029 vL=0.0355 initial=[red=0.48 blue=0.52] switch=0.046
[u  211] env= 13828096 rsucc=0.802 n_rounds= 1193 ret=+4.444 len=1137.1 ent(t0,t>=1)=(0.000,0.977) aL=-0.0027 vL=0.0322 initial=[red=0.51 blue=0.49] switch=0.059
[u  212] env= 13893632 rsucc=0.794 n_rounds= 1197 ret=+4.943 len=1111.7 ent(t0,t>=1)=(0.000,1.007) aL=-0.0038 vL=0.0346 initial=[red=0.49 blue=0.51] switch=0.059
[u  213] env= 13959168 rsucc=0.794 n_rounds= 1197 ret=+6.342 len=998.0 ent(t0,t>=1)=(0.000,0.960) aL=-0.0033 vL=0.0346 initial=[red=0.51 blue=0.49] switch=0.054
[u  214] env= 14024704 rsucc=0.792 n_rounds= 1211 ret=+4.824 len=1135.0 ent(t0,t>=1)=(0.000,0.958) aL=-0.0027 vL=0.0361 initial=[red=0.52 blue=0.48] switch=0.054
[u  215] env= 14090240 rsucc=0.784 n_rounds= 1173 ret=+5.785 len=1081.8 ent(t0,t>=1)=(0.000,0.985) aL=-0.0025 vL=0.0323 initial=[red=0.48 blue=0.52] switch=0.044
[u  216] env= 14155776 rsucc=0.788 n_rounds= 1182 ret=+4.914 len=1098.8 ent(t0,t>=1)=(0.000,1.036) aL=-0.0026 vL=0.0340 initial=[red=0.50 blue=0.50] switch=0.055
[u  217] env= 14221312 rsucc=0.793 n_rounds= 1187 ret=+5.483 len=1074.5 ent(t0,t>=1)=(0.000,1.017) aL=-0.0033 vL=0.0363 initial=[red=0.50 blue=0.50] switch=0.053
[u  218] env= 14286848 rsucc=0.774 n_rounds= 1174 ret=+4.133 len=1114.5 ent(t0,t>=1)=(0.000,1.003) aL=-0.0030 vL=0.0348 initial=[red=0.50 blue=0.50] switch=0.057
[u  219] env= 14352384 rsucc=0.803 n_rounds= 1210 ret=+5.236 len=1089.2 ent(t0,t>=1)=(0.000,0.968) aL=-0.0033 vL=0.0364 initial=[red=0.52 blue=0.48] switch=0.050
[u  220] env= 14417920 rsucc=0.800 n_rounds= 1230 ret=+4.468 len=1138.3 ent(t0,t>=1)=(0.000,1.014) aL=-0.0029 vL=0.0390 initial=[red=0.52 blue=0.48] switch=0.042
[u  221] env= 14483456 rsucc=0.817 n_rounds= 1254 ret=+6.785 len=977.6 ent(t0,t>=1)=(0.000,0.972) aL=-0.0039 vL=0.0389 initial=[red=0.50 blue=0.50] switch=0.035
[u  222] env= 14548992 rsucc=0.827 n_rounds= 1230 ret=+5.283 len=1107.3 ent(t0,t>=1)=(0.000,0.977) aL=-0.0031 vL=0.0361 initial=[red=0.48 blue=0.52] switch=0.042
[u  223] env= 14614528 rsucc=0.760 n_rounds= 1172 ret=+6.370 len=1044.6 ent(t0,t>=1)=(0.000,0.986) aL=-0.0033 vL=0.0349 initial=[red=0.50 blue=0.50] switch=0.038
[u  224] env= 14680064 rsucc=0.817 n_rounds= 1261 ret=+5.004 len=1101.0 ent(t0,t>=1)=(0.000,0.950) aL=-0.0044 vL=0.0378 initial=[red=0.50 blue=0.50] switch=0.042
[u  225] env= 14745600 rsucc=0.794 n_rounds= 1201 ret=+5.523 len=1090.2 ent(t0,t>=1)=(0.000,0.940) aL=-0.0021 vL=0.0336 initial=[red=0.52 blue=0.48] switch=0.041
[u  226] env= 14811136 rsucc=0.807 n_rounds= 1221 ret=+6.172 len=1036.7 ent(t0,t>=1)=(0.000,0.973) aL=-0.0026 vL=0.0364 initial=[red=0.47 blue=0.53] switch=0.037
[u  227] env= 14876672 rsucc=0.781 n_rounds= 1140 ret=+5.061 len=1093.3 ent(t0,t>=1)=(0.000,0.985) aL=-0.0047 vL=0.0333 initial=[red=0.49 blue=0.51] switch=0.038
[u  228] env= 14942208 rsucc=0.744 n_rounds= 1130 ret=+4.679 len=1121.5 ent(t0,t>=1)=(0.000,1.053) aL=-0.0037 vL=0.0323 initial=[red=0.50 blue=0.50] switch=0.043
[u  229] env= 15007744 rsucc=0.812 n_rounds= 1228 ret=+3.484 len=1163.7 ent(t0,t>=1)=(0.000,1.025) aL=-0.0028 vL=0.0366 initial=[red=0.51 blue=0.49] switch=0.041
[u  230] env= 15073280 rsucc=0.792 n_rounds= 1190 ret=+4.452 len=1109.8 ent(t0,t>=1)=(0.000,0.990) aL=-0.0024 vL=0.0357 initial=[red=0.51 blue=0.49] switch=0.039
[u  231] env= 15138816 rsucc=0.767 n_rounds= 1210 ret=+5.382 len=1069.1 ent(t0,t>=1)=(0.000,1.011) aL=-0.0031 vL=0.0361 initial=[red=0.49 blue=0.51] switch=0.044
[u  232] env= 15204352 rsucc=0.794 n_rounds= 1194 ret=+5.555 len=1046.0 ent(t0,t>=1)=(0.000,0.965) aL=-0.0037 vL=0.0358 initial=[red=0.50 blue=0.50] switch=0.044
[u  233] env= 15269888 rsucc=0.780 n_rounds= 1184 ret=+4.036 len=1155.4 ent(t0,t>=1)=(0.000,1.001) aL=-0.0038 vL=0.0342 initial=[red=0.49 blue=0.51] switch=0.043
[u  234] env= 15335424 rsucc=0.807 n_rounds= 1251 ret=+5.367 len=1081.0 ent(t0,t>=1)=(0.000,0.969) aL=-0.0026 vL=0.0372 initial=[red=0.49 blue=0.51] switch=0.043
[u  235] env= 15400960 rsucc=0.771 n_rounds= 1183 ret=+5.068 len=1067.8 ent(t0,t>=1)=(0.000,0.997) aL=-0.0028 vL=0.0335 initial=[red=0.51 blue=0.49] switch=0.049
[u  236] env= 15466496 rsucc=0.790 n_rounds= 1222 ret=+4.937 len=1106.2 ent(t0,t>=1)=(0.000,0.952) aL=-0.0040 vL=0.0349 initial=[red=0.49 blue=0.51] switch=0.047
[u  237] env= 15532032 rsucc=0.783 n_rounds= 1182 ret=+4.989 len=1060.6 ent(t0,t>=1)=(0.000,0.997) aL=-0.0038 vL=0.0347 initial=[red=0.49 blue=0.51] switch=0.046
[u  238] env= 15597568 rsucc=0.791 n_rounds= 1208 ret=+5.325 len=1048.1 ent(t0,t>=1)=(0.000,0.985) aL=-0.0029 vL=0.0355 initial=[red=0.52 blue=0.48] switch=0.049
[u  239] env= 15663104 rsucc=0.799 n_rounds= 1204 ret=+5.736 len=1073.1 ent(t0,t>=1)=(0.000,0.956) aL=-0.0032 vL=0.0357 initial=[red=0.48 blue=0.52] switch=0.036
[u  240] env= 15728640 rsucc=0.816 n_rounds= 1198 ret=+4.169 len=1161.0 ent(t0,t>=1)=(0.000,0.964) aL=-0.0032 vL=0.0369 initial=[red=0.53 blue=0.47] switch=0.045
[u  241] env= 15794176 rsucc=0.835 n_rounds= 1309 ret=+6.165 len=1029.1 ent(t0,t>=1)=(0.000,0.932) aL=-0.0034 vL=0.0395 initial=[red=0.52 blue=0.48] switch=0.043
[u  242] env= 15859712 rsucc=0.816 n_rounds= 1253 ret=+5.415 len=1068.4 ent(t0,t>=1)=(0.000,0.960) aL=-0.0023 vL=0.0384 initial=[red=0.49 blue=0.51] switch=0.042
[u  243] env= 15925248 rsucc=0.813 n_rounds= 1260 ret=+5.253 len=1123.3 ent(t0,t>=1)=(0.000,0.978) aL=-0.0025 vL=0.0376 initial=[red=0.49 blue=0.51] switch=0.043
[u  244] env= 15990784 rsucc=0.783 n_rounds= 1176 ret=+5.828 len=1033.2 ent(t0,t>=1)=(0.000,1.008) aL=-0.0029 vL=0.0334 initial=[red=0.52 blue=0.48] switch=0.048
[u  245] env= 16056320 rsucc=0.785 n_rounds= 1193 ret=+6.090 len=1048.7 ent(t0,t>=1)=(0.000,1.032) aL=-0.0033 vL=0.0344 initial=[red=0.50 blue=0.50] switch=0.041
[u  246] env= 16121856 rsucc=0.776 n_rounds= 1154 ret=+5.075 len=1115.3 ent(t0,t>=1)=(0.000,1.021) aL=-0.0043 vL=0.0334 initial=[red=0.50 blue=0.50] switch=0.037
[u  247] env= 16187392 rsucc=0.812 n_rounds= 1205 ret=+5.692 len=1086.3 ent(t0,t>=1)=(0.000,0.976) aL=-0.0035 vL=0.0354 initial=[red=0.50 blue=0.50] switch=0.030
[u  248] env= 16252928 rsucc=0.823 n_rounds= 1302 ret=+5.652 len=1035.8 ent(t0,t>=1)=(0.000,1.005) aL=-0.0037 vL=0.0398 initial=[red=0.47 blue=0.53] switch=0.031
[u  249] env= 16318464 rsucc=0.796 n_rounds= 1156 ret=+6.008 len=1048.8 ent(t0,t>=1)=(0.000,1.034) aL=-0.0034 vL=0.0318 initial=[red=0.52 blue=0.48] switch=0.030
[u  250] env= 16384000 rsucc=0.786 n_rounds= 1149 ret=+3.910 len=1179.8 ent(t0,t>=1)=(0.000,0.989) aL=-0.0028 vL=0.0325 initial=[red=0.50 blue=0.50] switch=0.028
[u  251] env= 16449536 rsucc=0.790 n_rounds= 1159 ret=+5.787 len=1057.9 ent(t0,t>=1)=(0.000,0.971) aL=-0.0029 vL=0.0355 initial=[red=0.52 blue=0.48] switch=0.036
[u  252] env= 16515072 rsucc=0.831 n_rounds= 1258 ret=+4.894 len=1104.5 ent(t0,t>=1)=(0.000,0.891) aL=-0.0035 vL=0.0380 initial=[red=0.50 blue=0.50] switch=0.029
[u  253] env= 16580608 rsucc=0.825 n_rounds= 1202 ret=+5.065 len=1121.7 ent(t0,t>=1)=(0.000,0.926) aL=-0.0024 vL=0.0351 initial=[red=0.51 blue=0.49] switch=0.028
[u  254] env= 16646144 rsucc=0.784 n_rounds= 1195 ret=+4.718 len=1118.9 ent(t0,t>=1)=(0.000,1.011) aL=-0.0027 vL=0.0336 initial=[red=0.51 blue=0.49] switch=0.024
[u  255] env= 16711680 rsucc=0.802 n_rounds= 1247 ret=+5.759 len=1053.7 ent(t0,t>=1)=(0.000,0.964) aL=-0.0033 vL=0.0361 initial=[red=0.48 blue=0.52] switch=0.028
[u  256] env= 16777216 rsucc=0.784 n_rounds= 1172 ret=+5.204 len=1093.9 ent(t0,t>=1)=(0.000,0.985) aL=-0.0026 vL=0.0338 initial=[red=0.48 blue=0.52] switch=0.030
[u  257] env= 16842752 rsucc=0.734 n_rounds= 1144 ret=+5.244 len=1086.4 ent(t0,t>=1)=(0.000,0.982) aL=-0.0025 vL=0.0318 initial=[red=0.50 blue=0.50] switch=0.034
[u  258] env= 16908288 rsucc=0.794 n_rounds= 1252 ret=+4.933 len=1113.4 ent(t0,t>=1)=(0.000,0.934) aL=-0.0026 vL=0.0388 initial=[red=0.52 blue=0.48] switch=0.033
[u  259] env= 16973824 rsucc=0.817 n_rounds= 1243 ret=+5.625 len=1048.9 ent(t0,t>=1)=(0.000,0.954) aL=-0.0030 vL=0.0385 initial=[red=0.51 blue=0.49] switch=0.030
[u  260] env= 17039360 rsucc=0.762 n_rounds= 1185 ret=+4.729 len=1083.4 ent(t0,t>=1)=(0.000,1.029) aL=-0.0031 vL=0.0364 initial=[red=0.51 blue=0.49] switch=0.032
[u  261] env= 17104896 rsucc=0.787 n_rounds= 1181 ret=+5.366 len=1042.6 ent(t0,t>=1)=(0.000,0.977) aL=-0.0029 vL=0.0344 initial=[red=0.51 blue=0.49] switch=0.030
[u  262] env= 17170432 rsucc=0.809 n_rounds= 1270 ret=+3.848 len=1192.2 ent(t0,t>=1)=(0.000,0.945) aL=-0.0034 vL=0.0372 initial=[red=0.52 blue=0.48] switch=0.036
[u  263] env= 17235968 rsucc=0.825 n_rounds= 1237 ret=+5.840 len=1055.6 ent(t0,t>=1)=(0.000,0.899) aL=-0.0032 vL=0.0359 initial=[red=0.51 blue=0.49] switch=0.026
[u  264] env= 17301504 rsucc=0.781 n_rounds= 1169 ret=+6.727 len=994.5 ent(t0,t>=1)=(0.000,0.994) aL=-0.0036 vL=0.0322 initial=[red=0.49 blue=0.51] switch=0.030
[u  265] env= 17367040 rsucc=0.730 n_rounds= 1142 ret=+6.410 len=1019.6 ent(t0,t>=1)=(0.000,1.033) aL=-0.0035 vL=0.0322 initial=[red=0.48 blue=0.52] switch=0.032
[u  266] env= 17432576 rsucc=0.778 n_rounds= 1176 ret=+3.745 len=1169.6 ent(t0,t>=1)=(0.000,0.995) aL=-0.0021 vL=0.0367 initial=[red=0.49 blue=0.51] switch=0.031
[u  267] env= 17498112 rsucc=0.791 n_rounds= 1229 ret=+3.840 len=1160.6 ent(t0,t>=1)=(0.000,0.983) aL=-0.0035 vL=0.0387 initial=[red=0.49 blue=0.51] switch=0.025
[u  268] env= 17563648 rsucc=0.811 n_rounds= 1229 ret=+4.571 len=1077.1 ent(t0,t>=1)=(0.000,0.944) aL=-0.0038 vL=0.0376 initial=[red=0.51 blue=0.49] switch=0.036
[u  269] env= 17629184 rsucc=0.804 n_rounds= 1215 ret=+3.809 len=1187.9 ent(t0,t>=1)=(0.000,0.966) aL=-0.0041 vL=0.0369 initial=[red=0.47 blue=0.53] switch=0.031
[u  270] env= 17694720 rsucc=0.801 n_rounds= 1150 ret=+6.142 len=1035.4 ent(t0,t>=1)=(0.000,0.992) aL=-0.0037 vL=0.0355 initial=[red=0.49 blue=0.51] switch=0.032
[u  271] env= 17760256 rsucc=0.770 n_rounds= 1167 ret=+7.047 len=997.9 ent(t0,t>=1)=(0.000,1.034) aL=-0.0033 vL=0.0344 initial=[red=0.51 blue=0.49] switch=0.029
[u  272] env= 17825792 rsucc=0.818 n_rounds= 1310 ret=+5.127 len=1080.3 ent(t0,t>=1)=(0.000,0.963) aL=-0.0038 vL=0.0397 initial=[red=0.49 blue=0.51] switch=0.030
[u  273] env= 17891328 rsucc=0.861 n_rounds= 1277 ret=+5.237 len=1085.3 ent(t0,t>=1)=(0.000,0.880) aL=-0.0034 vL=0.0393 initial=[red=0.50 blue=0.50] switch=0.028
[u  274] env= 17956864 rsucc=0.834 n_rounds= 1224 ret=+4.549 len=1137.5 ent(t0,t>=1)=(0.000,0.931) aL=-0.0029 vL=0.0370 initial=[red=0.50 blue=0.50] switch=0.037
[u  275] env= 18022400 rsucc=0.804 n_rounds= 1220 ret=+4.895 len=1129.9 ent(t0,t>=1)=(0.000,0.970) aL=-0.0033 vL=0.0363 initial=[red=0.53 blue=0.47] switch=0.041
[u  276] env= 18087936 rsucc=0.807 n_rounds= 1261 ret=+5.840 len=1040.7 ent(t0,t>=1)=(0.000,0.992) aL=-0.0037 vL=0.0356 initial=[red=0.51 blue=0.49] switch=0.037
[u  277] env= 18153472 rsucc=0.813 n_rounds= 1237 ret=+6.578 len=1003.7 ent(t0,t>=1)=(0.000,0.941) aL=-0.0029 vL=0.0365 initial=[red=0.51 blue=0.49] switch=0.040
[u  278] env= 18219008 rsucc=0.847 n_rounds= 1327 ret=+6.440 len=1037.2 ent(t0,t>=1)=(0.000,0.925) aL=-0.0036 vL=0.0428 initial=[red=0.51 blue=0.49] switch=0.032
[u  279] env= 18284544 rsucc=0.829 n_rounds= 1243 ret=+5.713 len=1068.2 ent(t0,t>=1)=(0.000,0.908) aL=-0.0030 vL=0.0392 initial=[red=0.48 blue=0.52] switch=0.037
[u  280] env= 18350080 rsucc=0.833 n_rounds= 1231 ret=+6.318 len=1046.9 ent(t0,t>=1)=(0.000,0.917) aL=-0.0021 vL=0.0367 initial=[red=0.46 blue=0.54] switch=0.033
[u  281] env= 18415616 rsucc=0.770 n_rounds= 1200 ret=+6.821 len=1040.3 ent(t0,t>=1)=(0.000,0.986) aL=-0.0034 vL=0.0363 initial=[red=0.52 blue=0.48] switch=0.040
[u  282] env= 18481152 rsucc=0.786 n_rounds= 1170 ret=+6.123 len=1058.6 ent(t0,t>=1)=(0.000,0.995) aL=-0.0036 vL=0.0368 initial=[red=0.50 blue=0.50] switch=0.037
[u  283] env= 18546688 rsucc=0.769 n_rounds= 1157 ret=+5.410 len=1056.9 ent(t0,t>=1)=(0.000,0.991) aL=-0.0031 vL=0.0351 initial=[red=0.51 blue=0.49] switch=0.035
[u  284] env= 18612224 rsucc=0.750 n_rounds= 1125 ret=+4.753 len=1117.3 ent(t0,t>=1)=(0.000,1.015) aL=-0.0031 vL=0.0345 initial=[red=0.48 blue=0.52] switch=0.043
[u  285] env= 18677760 rsucc=0.804 n_rounds= 1286 ret=+5.288 len=1062.6 ent(t0,t>=1)=(0.000,1.009) aL=-0.0038 vL=0.0410 initial=[red=0.49 blue=0.51] switch=0.047
[u  286] env= 18743296 rsucc=0.862 n_rounds= 1359 ret=+6.041 len=1011.9 ent(t0,t>=1)=(0.000,0.841) aL=-0.0032 vL=0.0432 initial=[red=0.49 blue=0.51] switch=0.040
[u  287] env= 18808832 rsucc=0.826 n_rounds= 1242 ret=+4.816 len=1132.8 ent(t0,t>=1)=(0.000,0.877) aL=-0.0035 vL=0.0367 initial=[red=0.51 blue=0.49] switch=0.038
[u  288] env= 18874368 rsucc=0.773 n_rounds= 1108 ret=+5.528 len=1080.2 ent(t0,t>=1)=(0.000,0.969) aL=-0.0028 vL=0.0316 initial=[red=0.53 blue=0.47] switch=0.045
[u  289] env= 18939904 rsucc=0.753 n_rounds= 1196 ret=+6.307 len=1016.3 ent(t0,t>=1)=(0.000,0.969) aL=-0.0026 vL=0.0347 initial=[red=0.50 blue=0.50] switch=0.036
[u  290] env= 19005440 rsucc=0.749 n_rounds= 1141 ret=+3.979 len=1176.9 ent(t0,t>=1)=(0.000,0.975) aL=-0.0035 vL=0.0336 initial=[red=0.46 blue=0.54] switch=0.038
[u  291] env= 19070976 rsucc=0.798 n_rounds= 1240 ret=+5.725 len=1057.3 ent(t0,t>=1)=(0.000,0.956) aL=-0.0034 vL=0.0393 initial=[red=0.50 blue=0.50] switch=0.042
[u  292] env= 19136512 rsucc=0.806 n_rounds= 1199 ret=+3.148 len=1166.5 ent(t0,t>=1)=(0.000,0.984) aL=-0.0031 vL=0.0352 initial=[red=0.51 blue=0.49] switch=0.043
[u  293] env= 19202048 rsucc=0.805 n_rounds= 1224 ret=+4.875 len=1085.0 ent(t0,t>=1)=(0.000,0.973) aL=-0.0036 vL=0.0365 initial=[red=0.50 blue=0.50] switch=0.043
[u  294] env= 19267584 rsucc=0.810 n_rounds= 1222 ret=+4.839 len=1106.4 ent(t0,t>=1)=(0.000,0.955) aL=-0.0032 vL=0.0351 initial=[red=0.51 blue=0.49] switch=0.039
[u  295] env= 19333120 rsucc=0.769 n_rounds= 1186 ret=+5.920 len=1044.5 ent(t0,t>=1)=(0.000,1.009) aL=-0.0037 vL=0.0340 initial=[red=0.49 blue=0.51] switch=0.049
[u  296] env= 19398656 rsucc=0.824 n_rounds= 1285 ret=+5.959 len=1051.1 ent(t0,t>=1)=(0.000,0.917) aL=-0.0033 vL=0.0387 initial=[red=0.50 blue=0.50] switch=0.044
[u  297] env= 19464192 rsucc=0.830 n_rounds= 1266 ret=+5.905 len=1048.8 ent(t0,t>=1)=(0.000,0.923) aL=-0.0026 vL=0.0379 initial=[red=0.49 blue=0.51] switch=0.045
[u  298] env= 19529728 rsucc=0.842 n_rounds= 1295 ret=+5.851 len=1100.0 ent(t0,t>=1)=(0.000,0.887) aL=-0.0031 vL=0.0398 initial=[red=0.47 blue=0.53] switch=0.039
[u  299] env= 19595264 rsucc=0.829 n_rounds= 1290 ret=+6.072 len=1037.2 ent(t0,t>=1)=(0.000,0.910) aL=-0.0033 vL=0.0406 initial=[red=0.49 blue=0.51] switch=0.040
[u  300] env= 19660800 rsucc=0.845 n_rounds= 1306 ret=+6.984 len=992.0 ent(t0,t>=1)=(0.000,0.897) aL=-0.0040 vL=0.0394 initial=[red=0.52 blue=0.48] switch=0.033
[u  301] env= 19726336 rsucc=0.752 n_rounds= 1137 ret=+6.687 len=993.6 ent(t0,t>=1)=(0.000,0.964) aL=-0.0030 vL=0.0324 initial=[red=0.50 blue=0.50] switch=0.045
[u  302] env= 19791872 rsucc=0.785 n_rounds= 1226 ret=+4.556 len=1176.1 ent(t0,t>=1)=(0.000,0.920) aL=-0.0026 vL=0.0347 initial=[red=0.52 blue=0.48] switch=0.049
[u  303] env= 19857408 rsucc=0.759 n_rounds= 1164 ret=+6.098 len=1006.2 ent(t0,t>=1)=(0.000,0.976) aL=-0.0025 vL=0.0318 initial=[red=0.50 blue=0.50] switch=0.042
[u  304] env= 19922944 rsucc=0.809 n_rounds= 1229 ret=+5.286 len=1065.1 ent(t0,t>=1)=(0.000,0.918) aL=-0.0035 vL=0.0371 initial=[red=0.51 blue=0.49] switch=0.034
[u  305] env= 19988480 rsucc=0.813 n_rounds= 1210 ret=+4.695 len=1105.2 ent(t0,t>=1)=(0.000,0.930) aL=-0.0032 vL=0.0377 initial=[red=0.49 blue=0.51] switch=0.032
[u  306] env= 20054016 rsucc=0.779 n_rounds= 1156 ret=+4.653 len=1107.2 ent(t0,t>=1)=(0.000,0.942) aL=-0.0019 vL=0.0346 initial=[red=0.48 blue=0.52] switch=0.035
[u  307] env= 20119552 rsucc=0.781 n_rounds= 1203 ret=+4.920 len=1098.0 ent(t0,t>=1)=(0.000,0.981) aL=-0.0041 vL=0.0344 initial=[red=0.51 blue=0.49] switch=0.036
[u  308] env= 20185088 rsucc=0.809 n_rounds= 1227 ret=+5.625 len=1057.6 ent(t0,t>=1)=(0.000,0.930) aL=-0.0028 vL=0.0383 initial=[red=0.48 blue=0.52] switch=0.032
[u  309] env= 20250624 rsucc=0.832 n_rounds= 1288 ret=+5.450 len=1092.3 ent(t0,t>=1)=(0.000,0.935) aL=-0.0027 vL=0.0396 initial=[red=0.50 blue=0.50] switch=0.036
[u  310] env= 20316160 rsucc=0.814 n_rounds= 1261 ret=+5.495 len=1058.2 ent(t0,t>=1)=(0.000,0.955) aL=-0.0035 vL=0.0384 initial=[red=0.51 blue=0.49] switch=0.032
[u  311] env= 20381696 rsucc=0.798 n_rounds= 1228 ret=+5.850 len=1034.5 ent(t0,t>=1)=(0.000,0.935) aL=-0.0033 vL=0.0377 initial=[red=0.51 blue=0.49] switch=0.034
[u  312] env= 20447232 rsucc=0.821 n_rounds= 1242 ret=+5.508 len=1071.9 ent(t0,t>=1)=(0.000,0.958) aL=-0.0030 vL=0.0389 initial=[red=0.52 blue=0.48] switch=0.037
[u  313] env= 20512768 rsucc=0.823 n_rounds= 1254 ret=+6.022 len=1050.3 ent(t0,t>=1)=(0.000,0.937) aL=-0.0038 vL=0.0365 initial=[red=0.51 blue=0.49] switch=0.043
[u  314] env= 20578304 rsucc=0.842 n_rounds= 1296 ret=+6.055 len=1047.8 ent(t0,t>=1)=(0.000,0.905) aL=-0.0030 vL=0.0391 initial=[red=0.47 blue=0.53] switch=0.045
[u  315] env= 20643840 rsucc=0.819 n_rounds= 1175 ret=+6.143 len=1087.2 ent(t0,t>=1)=(0.000,0.940) aL=-0.0037 vL=0.0359 initial=[red=0.53 blue=0.47] switch=0.042
[u  316] env= 20709376 rsucc=0.787 n_rounds= 1218 ret=+5.819 len=1056.5 ent(t0,t>=1)=(0.000,0.967) aL=-0.0028 vL=0.0375 initial=[red=0.49 blue=0.51] switch=0.043
[u  317] env= 20774912 rsucc=0.746 n_rounds= 1158 ret=+5.533 len=1067.7 ent(t0,t>=1)=(0.000,1.054) aL=-0.0024 vL=0.0371 initial=[red=0.48 blue=0.52] switch=0.043
[u  318] env= 20840448 rsucc=0.822 n_rounds= 1264 ret=+5.859 len=1035.4 ent(t0,t>=1)=(0.000,0.980) aL=-0.0041 vL=0.0406 initial=[red=0.50 blue=0.50] switch=0.049
[u  319] env= 20905984 rsucc=0.845 n_rounds= 1307 ret=+5.681 len=1065.8 ent(t0,t>=1)=(0.000,0.888) aL=-0.0042 vL=0.0406 initial=[red=0.52 blue=0.48] switch=0.046
[u  320] env= 20971520 rsucc=0.840 n_rounds= 1266 ret=+5.136 len=1102.4 ent(t0,t>=1)=(0.000,0.944) aL=-0.0034 vL=0.0415 initial=[red=0.50 blue=0.50] switch=0.048
[u  321] env= 21037056 rsucc=0.830 n_rounds= 1297 ret=+6.836 len=997.0 ent(t0,t>=1)=(0.000,0.972) aL=-0.0038 vL=0.0412 initial=[red=0.50 blue=0.50] switch=0.048
[u  322] env= 21102592 rsucc=0.792 n_rounds= 1171 ret=+6.953 len=1001.2 ent(t0,t>=1)=(0.000,0.938) aL=-0.0033 vL=0.0347 initial=[red=0.51 blue=0.49] switch=0.042
[u  323] env= 21168128 rsucc=0.830 n_rounds= 1245 ret=+5.749 len=1074.7 ent(t0,t>=1)=(0.000,0.937) aL=-0.0036 vL=0.0374 initial=[red=0.47 blue=0.53] switch=0.037
[u  324] env= 21233664 rsucc=0.792 n_rounds= 1243 ret=+5.523 len=1094.9 ent(t0,t>=1)=(0.000,0.953) aL=-0.0034 vL=0.0376 initial=[red=0.51 blue=0.49] switch=0.050
[u  325] env= 21299200 rsucc=0.808 n_rounds= 1180 ret=+5.491 len=1070.1 ent(t0,t>=1)=(0.000,0.939) aL=-0.0032 vL=0.0368 initial=[red=0.52 blue=0.48] switch=0.044
[u  326] env= 21364736 rsucc=0.833 n_rounds= 1321 ret=+4.619 len=1118.7 ent(t0,t>=1)=(0.000,0.943) aL=-0.0040 vL=0.0414 initial=[red=0.49 blue=0.51] switch=0.034
[u  327] env= 21430272 rsucc=0.788 n_rounds= 1160 ret=+5.756 len=1039.0 ent(t0,t>=1)=(0.000,1.011) aL=-0.0038 vL=0.0355 initial=[red=0.50 blue=0.50] switch=0.045
[u  328] env= 21495808 rsucc=0.770 n_rounds= 1198 ret=+5.904 len=1045.5 ent(t0,t>=1)=(0.000,1.051) aL=-0.0042 vL=0.0362 initial=[red=0.52 blue=0.48] switch=0.046
[u  329] env= 21561344 rsucc=0.808 n_rounds= 1265 ret=+5.090 len=1132.7 ent(t0,t>=1)=(0.000,1.016) aL=-0.0044 vL=0.0381 initial=[red=0.48 blue=0.52] switch=0.049
[u  330] env= 21626880 rsucc=0.825 n_rounds= 1226 ret=+7.061 len=1012.4 ent(t0,t>=1)=(0.000,0.959) aL=-0.0041 vL=0.0380 initial=[red=0.51 blue=0.49] switch=0.045
[u  331] env= 21692416 rsucc=0.832 n_rounds= 1240 ret=+6.932 len=967.3 ent(t0,t>=1)=(0.000,0.887) aL=-0.0028 vL=0.0368 initial=[red=0.50 blue=0.50] switch=0.042
[u  332] env= 21757952 rsucc=0.789 n_rounds= 1137 ret=+4.685 len=1122.8 ent(t0,t>=1)=(0.000,0.899) aL=-0.0032 vL=0.0339 initial=[red=0.49 blue=0.51] switch=0.045
[u  333] env= 21823488 rsucc=0.820 n_rounds= 1242 ret=+4.956 len=1138.0 ent(t0,t>=1)=(0.000,0.912) aL=-0.0041 vL=0.0372 initial=[red=0.46 blue=0.54] switch=0.041
[u  334] env= 21889024 rsucc=0.779 n_rounds= 1155 ret=+5.153 len=1085.5 ent(t0,t>=1)=(0.000,0.943) aL=-0.0040 vL=0.0332 initial=[red=0.51 blue=0.49] switch=0.049
[u  335] env= 21954560 rsucc=0.789 n_rounds= 1220 ret=+5.194 len=1101.6 ent(t0,t>=1)=(0.000,0.921) aL=-0.0033 vL=0.0368 initial=[red=0.52 blue=0.48] switch=0.040
[u  336] env= 22020096 rsucc=0.848 n_rounds= 1336 ret=+4.792 len=1105.5 ent(t0,t>=1)=(0.000,0.859) aL=-0.0034 vL=0.0409 initial=[red=0.50 blue=0.50] switch=0.035
[u  337] env= 22085632 rsucc=0.818 n_rounds= 1256 ret=+5.986 len=1034.0 ent(t0,t>=1)=(0.000,0.857) aL=-0.0023 vL=0.0358 initial=[red=0.49 blue=0.51] switch=0.040
[u  338] env= 22151168 rsucc=0.811 n_rounds= 1235 ret=+6.640 len=1006.6 ent(t0,t>=1)=(0.000,0.882) aL=-0.0031 vL=0.0360 initial=[red=0.49 blue=0.51] switch=0.042
[u  339] env= 22216704 rsucc=0.796 n_rounds= 1190 ret=+6.433 len=1030.6 ent(t0,t>=1)=(0.000,0.977) aL=-0.0030 vL=0.0355 initial=[red=0.50 blue=0.50] switch=0.050
[u  340] env= 22282240 rsucc=0.795 n_rounds= 1212 ret=+5.315 len=1104.3 ent(t0,t>=1)=(0.000,0.965) aL=-0.0039 vL=0.0370 initial=[red=0.52 blue=0.48] switch=0.057
[u  341] env= 22347776 rsucc=0.820 n_rounds= 1285 ret=+5.143 len=1087.7 ent(t0,t>=1)=(0.000,0.934) aL=-0.0040 vL=0.0395 initial=[red=0.51 blue=0.49] switch=0.055
[u  342] env= 22413312 rsucc=0.805 n_rounds= 1219 ret=+5.983 len=1048.9 ent(t0,t>=1)=(0.000,0.925) aL=-0.0031 vL=0.0360 initial=[red=0.49 blue=0.51] switch=0.046
[u  343] env= 22478848 rsucc=0.802 n_rounds= 1225 ret=+5.881 len=1055.0 ent(t0,t>=1)=(0.000,0.930) aL=-0.0041 vL=0.0386 initial=[red=0.50 blue=0.50] switch=0.042
[u  344] env= 22544384 rsucc=0.822 n_rounds= 1268 ret=+5.131 len=1104.6 ent(t0,t>=1)=(0.000,0.959) aL=-0.0024 vL=0.0363 initial=[red=0.50 blue=0.50] switch=0.052
[u  345] env= 22609920 rsucc=0.816 n_rounds= 1242 ret=+6.144 len=1052.1 ent(t0,t>=1)=(0.000,0.920) aL=-0.0033 vL=0.0356 initial=[red=0.46 blue=0.54] switch=0.044
[u  346] env= 22675456 rsucc=0.792 n_rounds= 1185 ret=+6.207 len=1017.2 ent(t0,t>=1)=(0.000,0.944) aL=-0.0036 vL=0.0337 initial=[red=0.49 blue=0.51] switch=0.048
[u  347] env= 22740992 rsucc=0.793 n_rounds= 1230 ret=+5.135 len=1094.2 ent(t0,t>=1)=(0.000,0.954) aL=-0.0033 vL=0.0383 initial=[red=0.49 blue=0.51] switch=0.050
[u  348] env= 22806528 rsucc=0.787 n_rounds= 1207 ret=+4.999 len=1106.3 ent(t0,t>=1)=(0.000,0.971) aL=-0.0035 vL=0.0345 initial=[red=0.50 blue=0.50] switch=0.043
[u  349] env= 22872064 rsucc=0.812 n_rounds= 1210 ret=+5.591 len=1044.5 ent(t0,t>=1)=(0.000,0.933) aL=-0.0031 vL=0.0352 initial=[red=0.52 blue=0.48] switch=0.043
[u  350] env= 22937600 rsucc=0.792 n_rounds= 1246 ret=+6.058 len=1022.2 ent(t0,t>=1)=(0.000,0.928) aL=-0.0028 vL=0.0383 initial=[red=0.49 blue=0.51] switch=0.043
[u  351] env= 23003136 rsucc=0.810 n_rounds= 1271 ret=+4.588 len=1124.0 ent(t0,t>=1)=(0.000,0.876) aL=-0.0034 vL=0.0375 initial=[red=0.49 blue=0.51] switch=0.045
[u  352] env= 23068672 rsucc=0.835 n_rounds= 1279 ret=+6.048 len=1050.5 ent(t0,t>=1)=(0.000,0.916) aL=-0.0041 vL=0.0396 initial=[red=0.48 blue=0.52] switch=0.042
[u  353] env= 23134208 rsucc=0.850 n_rounds= 1323 ret=+6.677 len=993.0 ent(t0,t>=1)=(0.000,0.851) aL=-0.0035 vL=0.0408 initial=[red=0.50 blue=0.50] switch=0.041
[u  354] env= 23199744 rsucc=0.827 n_rounds= 1219 ret=+6.511 len=1039.4 ent(t0,t>=1)=(0.000,0.888) aL=-0.0037 vL=0.0349 initial=[red=0.52 blue=0.48] switch=0.041
[u  355] env= 23265280 rsucc=0.832 n_rounds= 1224 ret=+6.394 len=1036.8 ent(t0,t>=1)=(0.000,0.896) aL=-0.0032 vL=0.0368 initial=[red=0.50 blue=0.50] switch=0.049
[u  356] env= 23330816 rsucc=0.822 n_rounds= 1220 ret=+6.252 len=1039.8 ent(t0,t>=1)=(0.000,0.943) aL=-0.0037 vL=0.0385 initial=[red=0.51 blue=0.49] switch=0.050
[u  357] env= 23396352 rsucc=0.843 n_rounds= 1340 ret=+5.889 len=1066.4 ent(t0,t>=1)=(0.000,0.936) aL=-0.0030 vL=0.0422 initial=[red=0.51 blue=0.49] switch=0.054
[u  358] env= 23461888 rsucc=0.800 n_rounds= 1205 ret=+5.143 len=1103.6 ent(t0,t>=1)=(0.000,0.951) aL=-0.0040 vL=0.0361 initial=[red=0.50 blue=0.50] switch=0.053
[u  359] env= 23527424 rsucc=0.791 n_rounds= 1218 ret=+6.616 len=1001.7 ent(t0,t>=1)=(0.000,0.995) aL=-0.0044 vL=0.0382 initial=[red=0.52 blue=0.48] switch=0.052
[u  360] env= 23592960 rsucc=0.751 n_rounds= 1167 ret=+5.822 len=1094.4 ent(t0,t>=1)=(0.000,1.006) aL=-0.0029 vL=0.0376 initial=[red=0.50 blue=0.50] switch=0.053
[u  361] env= 23658496 rsucc=0.810 n_rounds= 1202 ret=+5.121 len=1099.9 ent(t0,t>=1)=(0.000,0.951) aL=-0.0040 vL=0.0380 initial=[red=0.51 blue=0.49] switch=0.041
[u  362] env= 23724032 rsucc=0.789 n_rounds= 1213 ret=+6.299 len=1003.8 ent(t0,t>=1)=(0.000,0.961) aL=-0.0040 vL=0.0393 initial=[red=0.51 blue=0.49] switch=0.042
[u  363] env= 23789568 rsucc=0.796 n_rounds= 1211 ret=+4.984 len=1114.2 ent(t0,t>=1)=(0.000,0.942) aL=-0.0032 vL=0.0348 initial=[red=0.50 blue=0.50] switch=0.048
[u  364] env= 23855104 rsucc=0.799 n_rounds= 1195 ret=+4.582 len=1123.5 ent(t0,t>=1)=(0.000,0.957) aL=-0.0035 vL=0.0367 initial=[red=0.51 blue=0.49] switch=0.041
[u  365] env= 23920640 rsucc=0.826 n_rounds= 1314 ret=+4.377 len=1108.8 ent(t0,t>=1)=(0.000,0.910) aL=-0.0038 vL=0.0418 initial=[red=0.49 blue=0.51] switch=0.041
[u  366] env= 23986176 rsucc=0.834 n_rounds= 1321 ret=+6.244 len=1008.2 ent(t0,t>=1)=(0.000,0.945) aL=-0.0036 vL=0.0421 initial=[red=0.50 blue=0.50] switch=0.045
[u  367] env= 24051712 rsucc=0.807 n_rounds= 1206 ret=+6.148 len=1028.9 ent(t0,t>=1)=(0.000,0.942) aL=-0.0038 vL=0.0365 initial=[red=0.52 blue=0.48] switch=0.047
[u  368] env= 24117248 rsucc=0.784 n_rounds= 1252 ret=+5.631 len=1092.9 ent(t0,t>=1)=(0.000,0.910) aL=-0.0036 vL=0.0412 initial=[red=0.49 blue=0.51] switch=0.046
[u  369] env= 24182784 rsucc=0.811 n_rounds= 1251 ret=+7.350 len=980.5 ent(t0,t>=1)=(0.000,0.920) aL=-0.0038 vL=0.0374 initial=[red=0.50 blue=0.50] switch=0.044
[u  370] env= 24248320 rsucc=0.805 n_rounds= 1192 ret=+5.385 len=1068.7 ent(t0,t>=1)=(0.000,0.933) aL=-0.0035 vL=0.0374 initial=[red=0.54 blue=0.46] switch=0.045
[u  371] env= 24313856 rsucc=0.821 n_rounds= 1222 ret=+5.333 len=1103.5 ent(t0,t>=1)=(0.000,0.937) aL=-0.0028 vL=0.0377 initial=[red=0.49 blue=0.51] switch=0.047
[u  372] env= 24379392 rsucc=0.814 n_rounds= 1248 ret=+5.561 len=1063.4 ent(t0,t>=1)=(0.000,0.963) aL=-0.0034 vL=0.0417 initial=[red=0.49 blue=0.51] switch=0.042
[u  373] env= 24444928 rsucc=0.832 n_rounds= 1256 ret=+5.395 len=1061.3 ent(t0,t>=1)=(0.000,0.906) aL=-0.0041 vL=0.0394 initial=[red=0.52 blue=0.48] switch=0.045
[u  374] env= 24510464 rsucc=0.789 n_rounds= 1183 ret=+5.372 len=1094.0 ent(t0,t>=1)=(0.000,0.965) aL=-0.0043 vL=0.0350 initial=[red=0.52 blue=0.48] switch=0.049
[u  375] env= 24576000 rsucc=0.802 n_rounds= 1203 ret=+5.372 len=1074.5 ent(t0,t>=1)=(0.000,0.923) aL=-0.0028 vL=0.0378 initial=[red=0.50 blue=0.50] switch=0.047
[u  376] env= 24641536 rsucc=0.845 n_rounds= 1287 ret=+5.601 len=1095.6 ent(t0,t>=1)=(0.000,0.869) aL=-0.0028 vL=0.0388 initial=[red=0.49 blue=0.51] switch=0.042
[u  377] env= 24707072 rsucc=0.828 n_rounds= 1291 ret=+5.835 len=1059.4 ent(t0,t>=1)=(0.000,0.920) aL=-0.0037 vL=0.0397 initial=[red=0.51 blue=0.49] switch=0.044
[u  378] env= 24772608 rsucc=0.801 n_rounds= 1238 ret=+7.742 len=925.1 ent(t0,t>=1)=(0.000,0.941) aL=-0.0032 vL=0.0385 initial=[red=0.52 blue=0.48] switch=0.046
[u  379] env= 24838144 rsucc=0.784 n_rounds= 1206 ret=+6.410 len=1026.2 ent(t0,t>=1)=(0.000,0.935) aL=-0.0037 vL=0.0348 initial=[red=0.49 blue=0.51] switch=0.048
[u  380] env= 24903680 rsucc=0.808 n_rounds= 1274 ret=+6.018 len=1070.1 ent(t0,t>=1)=(0.000,0.868) aL=-0.0030 vL=0.0391 initial=[red=0.49 blue=0.51] switch=0.046
[u  381] env= 24969216 rsucc=0.825 n_rounds= 1276 ret=+5.149 len=1120.9 ent(t0,t>=1)=(0.000,0.913) aL=-0.0031 vL=0.0428 initial=[red=0.49 blue=0.51] switch=0.045
[u  382] env= 25034752 rsucc=0.832 n_rounds= 1284 ret=+5.744 len=1028.4 ent(t0,t>=1)=(0.000,0.867) aL=-0.0034 vL=0.0357 initial=[red=0.50 blue=0.50] switch=0.041
[u  383] env= 25100288 rsucc=0.786 n_rounds= 1168 ret=+6.469 len=992.8 ent(t0,t>=1)=(0.000,0.985) aL=-0.0039 vL=0.0361 initial=[red=0.51 blue=0.49] switch=0.040
[u  384] env= 25165824 rsucc=0.805 n_rounds= 1274 ret=+5.752 len=1062.9 ent(t0,t>=1)=(0.000,0.909) aL=-0.0039 vL=0.0368 initial=[red=0.50 blue=0.50] switch=0.042
[u  385] env= 25231360 rsucc=0.818 n_rounds= 1245 ret=+5.848 len=1056.5 ent(t0,t>=1)=(0.000,0.965) aL=-0.0036 vL=0.0372 initial=[red=0.51 blue=0.49] switch=0.040
[u  386] env= 25296896 rsucc=0.809 n_rounds= 1222 ret=+5.656 len=1096.6 ent(t0,t>=1)=(0.000,0.988) aL=-0.0045 vL=0.0364 initial=[red=0.50 blue=0.50] switch=0.044
[u  387] env= 25362432 rsucc=0.783 n_rounds= 1150 ret=+6.401 len=1007.3 ent(t0,t>=1)=(0.000,0.968) aL=-0.0034 vL=0.0324 initial=[red=0.50 blue=0.50] switch=0.038
[u  388] env= 25427968 rsucc=0.787 n_rounds= 1208 ret=+3.608 len=1165.7 ent(t0,t>=1)=(0.000,0.963) aL=-0.0045 vL=0.0397 initial=[red=0.49 blue=0.51] switch=0.039
[u  389] env= 25493504 rsucc=0.777 n_rounds= 1206 ret=+5.671 len=1078.7 ent(t0,t>=1)=(0.000,0.992) aL=-0.0036 vL=0.0350 initial=[red=0.49 blue=0.51] switch=0.042
[u  390] env= 25559040 rsucc=0.823 n_rounds= 1262 ret=+5.275 len=1079.8 ent(t0,t>=1)=(0.000,0.861) aL=-0.0033 vL=0.0387 initial=[red=0.50 blue=0.50] switch=0.039
[u  391] env= 25624576 rsucc=0.799 n_rounds= 1195 ret=+4.707 len=1097.5 ent(t0,t>=1)=(0.000,0.932) aL=-0.0034 vL=0.0357 initial=[red=0.52 blue=0.48] switch=0.045
[u  392] env= 25690112 rsucc=0.815 n_rounds= 1257 ret=+5.402 len=1079.4 ent(t0,t>=1)=(0.000,0.928) aL=-0.0032 vL=0.0389 initial=[red=0.51 blue=0.49] switch=0.051
[u  393] env= 25755648 rsucc=0.814 n_rounds= 1271 ret=+5.711 len=1040.8 ent(t0,t>=1)=(0.000,0.879) aL=-0.0037 vL=0.0361 initial=[red=0.51 blue=0.49] switch=0.039
[u  394] env= 25821184 rsucc=0.818 n_rounds= 1159 ret=+5.754 len=1060.0 ent(t0,t>=1)=(0.000,0.931) aL=-0.0033 vL=0.0345 initial=[red=0.51 blue=0.49] switch=0.035
[u  395] env= 25886720 rsucc=0.780 n_rounds= 1157 ret=+5.385 len=1110.6 ent(t0,t>=1)=(0.000,1.021) aL=-0.0035 vL=0.0352 initial=[red=0.51 blue=0.49] switch=0.048
[u  396] env= 25952256 rsucc=0.816 n_rounds= 1308 ret=+6.628 len=1023.8 ent(t0,t>=1)=(0.000,0.986) aL=-0.0044 vL=0.0432 initial=[red=0.51 blue=0.49] switch=0.042
[u  397] env= 26017792 rsucc=0.877 n_rounds= 1348 ret=+5.895 len=1045.0 ent(t0,t>=1)=(0.000,0.881) aL=-0.0037 vL=0.0420 initial=[red=0.49 blue=0.51] switch=0.034
[u  398] env= 26083328 rsucc=0.836 n_rounds= 1256 ret=+6.481 len=1015.0 ent(t0,t>=1)=(0.000,0.920) aL=-0.0032 vL=0.0382 initial=[red=0.50 blue=0.50] switch=0.040
[u  399] env= 26148864 rsucc=0.837 n_rounds= 1267 ret=+6.115 len=1064.5 ent(t0,t>=1)=(0.000,0.957) aL=-0.0040 vL=0.0426 initial=[red=0.51 blue=0.49] switch=0.043
[u  400] env= 26214400 rsucc=0.812 n_rounds= 1247 ret=+7.070 len=1007.2 ent(t0,t>=1)=(0.000,0.956) aL=-0.0037 vL=0.0402 initial=[red=0.49 blue=0.51] switch=0.045
[u  401] env= 26279936 rsucc=0.841 n_rounds= 1293 ret=+7.243 len=996.5 ent(t0,t>=1)=(0.000,0.921) aL=-0.0035 vL=0.0432 initial=[red=0.49 blue=0.51] switch=0.048
[u  402] env= 26345472 rsucc=0.821 n_rounds= 1281 ret=+6.263 len=1057.5 ent(t0,t>=1)=(0.000,0.913) aL=-0.0032 vL=0.0376 initial=[red=0.50 blue=0.50] switch=0.045
[u  403] env= 26411008 rsucc=0.789 n_rounds= 1224 ret=+5.983 len=1033.3 ent(t0,t>=1)=(0.000,0.958) aL=-0.0037 vL=0.0360 initial=[red=0.50 blue=0.50] switch=0.043
[u  404] env= 26476544 rsucc=0.830 n_rounds= 1267 ret=+6.018 len=1033.8 ent(t0,t>=1)=(0.000,0.885) aL=-0.0031 vL=0.0385 initial=[red=0.50 blue=0.50] switch=0.043
[u  405] env= 26542080 rsucc=0.825 n_rounds= 1266 ret=+5.490 len=1094.3 ent(t0,t>=1)=(0.000,0.905) aL=-0.0043 vL=0.0400 initial=[red=0.49 blue=0.51] switch=0.050
[u  406] env= 26607616 rsucc=0.800 n_rounds= 1247 ret=+6.066 len=1046.5 ent(t0,t>=1)=(0.000,0.948) aL=-0.0038 vL=0.0393 initial=[red=0.50 blue=0.50] switch=0.056
[u  407] env= 26673152 rsucc=0.868 n_rounds= 1416 ret=+6.844 len=996.4 ent(t0,t>=1)=(0.000,0.882) aL=-0.0029 vL=0.0422 initial=[red=0.49 blue=0.51] switch=0.040
[u  408] env= 26738688 rsucc=0.861 n_rounds= 1329 ret=+7.188 len=965.0 ent(t0,t>=1)=(0.000,0.859) aL=-0.0028 vL=0.0407 initial=[red=0.49 blue=0.51] switch=0.051
[u  409] env= 26804224 rsucc=0.848 n_rounds= 1292 ret=+6.617 len=1042.3 ent(t0,t>=1)=(0.000,0.856) aL=-0.0031 vL=0.0418 initial=[red=0.51 blue=0.49] switch=0.043
[u  410] env= 26869760 rsucc=0.817 n_rounds= 1252 ret=+6.690 len=999.8 ent(t0,t>=1)=(0.000,0.882) aL=-0.0053 vL=0.0385 initial=[red=0.52 blue=0.48] switch=0.038
[u  411] env= 26935296 rsucc=0.766 n_rounds= 1166 ret=+6.700 len=1020.5 ent(t0,t>=1)=(0.000,0.952) aL=-0.0034 vL=0.0301 initial=[red=0.49 blue=0.51] switch=0.046
[u  412] env= 27000832 rsucc=0.805 n_rounds= 1232 ret=+6.167 len=1040.1 ent(t0,t>=1)=(0.000,0.871) aL=-0.0027 vL=0.0387 initial=[red=0.51 blue=0.49] switch=0.042
[u  413] env= 27066368 rsucc=0.770 n_rounds= 1168 ret=+6.010 len=1072.2 ent(t0,t>=1)=(0.000,0.960) aL=-0.0033 vL=0.0346 initial=[red=0.47 blue=0.53] switch=0.035
[u  414] env= 27131904 rsucc=0.814 n_rounds= 1234 ret=+5.358 len=1063.1 ent(t0,t>=1)=(0.000,0.951) aL=-0.0037 vL=0.0391 initial=[red=0.51 blue=0.49] switch=0.043
[u  415] env= 27197440 rsucc=0.812 n_rounds= 1231 ret=+4.003 len=1153.7 ent(t0,t>=1)=(0.000,0.923) aL=-0.0029 vL=0.0388 initial=[red=0.48 blue=0.52] switch=0.048
[u  416] env= 27262976 rsucc=0.821 n_rounds= 1261 ret=+5.325 len=1082.0 ent(t0,t>=1)=(0.000,0.897) aL=-0.0031 vL=0.0391 initial=[red=0.51 blue=0.49] switch=0.042
[u  417] env= 27328512 rsucc=0.801 n_rounds= 1266 ret=+5.856 len=1027.2 ent(t0,t>=1)=(0.000,0.892) aL=-0.0031 vL=0.0417 initial=[red=0.52 blue=0.48] switch=0.034
[u  418] env= 27394048 rsucc=0.794 n_rounds= 1265 ret=+6.153 len=1049.8 ent(t0,t>=1)=(0.000,0.901) aL=-0.0032 vL=0.0406 initial=[red=0.50 blue=0.50] switch=0.037
[u  419] env= 27459584 rsucc=0.815 n_rounds= 1248 ret=+7.463 len=969.1 ent(t0,t>=1)=(0.000,0.884) aL=-0.0037 vL=0.0407 initial=[red=0.51 blue=0.49] switch=0.039
[u  420] env= 27525120 rsucc=0.846 n_rounds= 1282 ret=+5.700 len=1061.4 ent(t0,t>=1)=(0.000,0.840) aL=-0.0035 vL=0.0376 initial=[red=0.51 blue=0.49] switch=0.029
[u  421] env= 27590656 rsucc=0.833 n_rounds= 1278 ret=+5.890 len=1054.9 ent(t0,t>=1)=(0.000,0.845) aL=-0.0027 vL=0.0392 initial=[red=0.53 blue=0.47] switch=0.031
[u  422] env= 27656192 rsucc=0.821 n_rounds= 1206 ret=+6.825 len=1002.1 ent(t0,t>=1)=(0.000,0.871) aL=-0.0033 vL=0.0365 initial=[red=0.51 blue=0.49] switch=0.036
[u  423] env= 27721728 rsucc=0.828 n_rounds= 1331 ret=+5.689 len=1049.7 ent(t0,t>=1)=(0.000,0.873) aL=-0.0031 vL=0.0422 initial=[red=0.48 blue=0.52] switch=0.036
[u  424] env= 27787264 rsucc=0.830 n_rounds= 1238 ret=+5.723 len=1089.9 ent(t0,t>=1)=(0.000,0.888) aL=-0.0033 vL=0.0391 initial=[red=0.53 blue=0.47] switch=0.033
[u  425] env= 27852800 rsucc=0.784 n_rounds= 1201 ret=+7.317 len=968.7 ent(t0,t>=1)=(0.000,0.941) aL=-0.0037 vL=0.0375 initial=[red=0.51 blue=0.49] switch=0.040
[u  426] env= 27918336 rsucc=0.831 n_rounds= 1346 ret=+6.895 len=994.5 ent(t0,t>=1)=(0.000,0.906) aL=-0.0036 vL=0.0457 initial=[red=0.47 blue=0.53] switch=0.043
[u  427] env= 27983872 rsucc=0.820 n_rounds= 1201 ret=+6.134 len=1046.7 ent(t0,t>=1)=(0.000,0.895) aL=-0.0033 vL=0.0361 initial=[red=0.49 blue=0.51] switch=0.036
[u  428] env= 28049408 rsucc=0.831 n_rounds= 1269 ret=+5.698 len=1059.4 ent(t0,t>=1)=(0.000,0.886) aL=-0.0033 vL=0.0394 initial=[red=0.51 blue=0.49] switch=0.039
[u  429] env= 28114944 rsucc=0.833 n_rounds= 1291 ret=+5.496 len=1093.2 ent(t0,t>=1)=(0.000,0.890) aL=-0.0034 vL=0.0377 initial=[red=0.51 blue=0.49] switch=0.040
[u  430] env= 28180480 rsucc=0.844 n_rounds= 1272 ret=+6.950 len=993.5 ent(t0,t>=1)=(0.000,0.890) aL=-0.0030 vL=0.0382 initial=[red=0.49 blue=0.51] switch=0.034
[u  431] env= 28246016 rsucc=0.842 n_rounds= 1263 ret=+6.527 len=1017.4 ent(t0,t>=1)=(0.000,0.897) aL=-0.0038 vL=0.0377 initial=[red=0.49 blue=0.51] switch=0.037
[u  432] env= 28311552 rsucc=0.798 n_rounds= 1189 ret=+6.302 len=1044.3 ent(t0,t>=1)=(0.000,0.935) aL=-0.0036 vL=0.0372 initial=[red=0.52 blue=0.48] switch=0.046
[u  433] env= 28377088 rsucc=0.813 n_rounds= 1265 ret=+6.731 len=1012.9 ent(t0,t>=1)=(0.000,0.932) aL=-0.0042 vL=0.0404 initial=[red=0.51 blue=0.49] switch=0.041
[u  434] env= 28442624 rsucc=0.796 n_rounds= 1192 ret=+5.082 len=1140.1 ent(t0,t>=1)=(0.000,0.915) aL=-0.0038 vL=0.0341 initial=[red=0.50 blue=0.50] switch=0.037
[u  435] env= 28508160 rsucc=0.776 n_rounds= 1166 ret=+5.318 len=1112.5 ent(t0,t>=1)=(0.000,0.980) aL=-0.0044 vL=0.0348 initial=[red=0.51 blue=0.49] switch=0.040
[u  436] env= 28573696 rsucc=0.781 n_rounds= 1242 ret=+5.900 len=1015.6 ent(t0,t>=1)=(0.000,0.937) aL=-0.0033 vL=0.0354 initial=[red=0.50 blue=0.50] switch=0.046
[u  437] env= 28639232 rsucc=0.826 n_rounds= 1272 ret=+5.062 len=1092.4 ent(t0,t>=1)=(0.000,0.895) aL=-0.0037 vL=0.0408 initial=[red=0.47 blue=0.53] switch=0.038
[u  438] env= 28704768 rsucc=0.826 n_rounds= 1269 ret=+5.128 len=1091.3 ent(t0,t>=1)=(0.000,0.944) aL=-0.0043 vL=0.0393 initial=[red=0.51 blue=0.49] switch=0.046
[u  439] env= 28770304 rsucc=0.819 n_rounds= 1315 ret=+6.051 len=1042.0 ent(t0,t>=1)=(0.000,0.921) aL=-0.0029 vL=0.0459 initial=[red=0.50 blue=0.50] switch=0.044
[u  440] env= 28835840 rsucc=0.849 n_rounds= 1297 ret=+6.157 len=1019.2 ent(t0,t>=1)=(0.000,0.852) aL=-0.0030 vL=0.0386 initial=[red=0.49 blue=0.51] switch=0.054
[u  441] env= 28901376 rsucc=0.831 n_rounds= 1291 ret=+6.245 len=1068.4 ent(t0,t>=1)=(0.000,0.880) aL=-0.0033 vL=0.0406 initial=[red=0.50 blue=0.50] switch=0.047
[u  442] env= 28966912 rsucc=0.843 n_rounds= 1303 ret=+6.909 len=970.2 ent(t0,t>=1)=(0.000,0.817) aL=-0.0050 vL=0.0367 initial=[red=0.49 blue=0.51] switch=0.043
[u  443] env= 29032448 rsucc=0.805 n_rounds= 1220 ret=+6.537 len=1051.3 ent(t0,t>=1)=(0.000,0.863) aL=-0.0035 vL=0.0369 initial=[red=0.50 blue=0.50] switch=0.042
[u  444] env= 29097984 rsucc=0.845 n_rounds= 1329 ret=+6.163 len=1075.5 ent(t0,t>=1)=(0.000,0.839) aL=-0.0042 vL=0.0417 initial=[red=0.50 blue=0.50] switch=0.045
[u  445] env= 29163520 rsucc=0.823 n_rounds= 1289 ret=+7.188 len=963.0 ent(t0,t>=1)=(0.000,0.865) aL=-0.0030 vL=0.0400 initial=[red=0.50 blue=0.50] switch=0.040
[u  446] env= 29229056 rsucc=0.810 n_rounds= 1186 ret=+6.465 len=1002.0 ent(t0,t>=1)=(0.000,0.872) aL=-0.0030 vL=0.0322 initial=[red=0.52 blue=0.48] switch=0.043
[u  447] env= 29294592 rsucc=0.791 n_rounds= 1179 ret=+5.465 len=1081.9 ent(t0,t>=1)=(0.000,0.919) aL=-0.0040 vL=0.0383 initial=[red=0.52 blue=0.48] switch=0.046
[u  448] env= 29360128 rsucc=0.814 n_rounds= 1246 ret=+4.983 len=1116.2 ent(t0,t>=1)=(0.000,0.907) aL=-0.0033 vL=0.0391 initial=[red=0.49 blue=0.51] switch=0.033
[u  449] env= 29425664 rsucc=0.816 n_rounds= 1254 ret=+6.329 len=1032.7 ent(t0,t>=1)=(0.000,0.897) aL=-0.0028 vL=0.0363 initial=[red=0.50 blue=0.50] switch=0.030
[u  450] env= 29491200 rsucc=0.829 n_rounds= 1272 ret=+6.565 len=1006.0 ent(t0,t>=1)=(0.000,0.880) aL=-0.0033 vL=0.0390 initial=[red=0.48 blue=0.52] switch=0.029
[u  451] env= 29556736 rsucc=0.811 n_rounds= 1269 ret=+6.033 len=1035.3 ent(t0,t>=1)=(0.000,0.838) aL=-0.0035 vL=0.0407 initial=[red=0.49 blue=0.51] switch=0.034
[u  452] env= 29622272 rsucc=0.819 n_rounds= 1331 ret=+6.309 len=1043.3 ent(t0,t>=1)=(0.000,0.853) aL=-0.0042 vL=0.0402 initial=[red=0.50 blue=0.50] switch=0.038
[u  453] env= 29687808 rsucc=0.845 n_rounds= 1276 ret=+5.781 len=1083.3 ent(t0,t>=1)=(0.000,0.835) aL=-0.0031 vL=0.0385 initial=[red=0.51 blue=0.49] switch=0.037
[u  454] env= 29753344 rsucc=0.822 n_rounds= 1256 ret=+6.774 len=984.3 ent(t0,t>=1)=(0.000,0.864) aL=-0.0035 vL=0.0401 initial=[red=0.50 blue=0.50] switch=0.038
[u  455] env= 29818880 rsucc=0.787 n_rounds= 1181 ret=+6.964 len=986.2 ent(t0,t>=1)=(0.000,0.856) aL=-0.0033 vL=0.0345 initial=[red=0.49 blue=0.51] switch=0.043
[u  456] env= 29884416 rsucc=0.816 n_rounds= 1247 ret=+5.760 len=1062.9 ent(t0,t>=1)=(0.000,0.885) aL=-0.0033 vL=0.0395 initial=[red=0.49 blue=0.51] switch=0.038
[u  457] env= 29949952 rsucc=0.822 n_rounds= 1323 ret=+6.872 len=992.3 ent(t0,t>=1)=(0.000,0.891) aL=-0.0033 vL=0.0422 initial=[red=0.50 blue=0.50] switch=0.039
[u  458] env= 30015488 rsucc=0.880 n_rounds= 1339 ret=+5.692 len=1074.0 ent(t0,t>=1)=(0.000,0.840) aL=-0.0035 vL=0.0422 initial=[red=0.49 blue=0.51] switch=0.041
[u  459] env= 30081024 rsucc=0.820 n_rounds= 1270 ret=+6.472 len=1024.3 ent(t0,t>=1)=(0.000,0.943) aL=-0.0030 vL=0.0374 initial=[red=0.52 blue=0.48] switch=0.048
[u  460] env= 30146560 rsucc=0.841 n_rounds= 1299 ret=+6.958 len=1007.2 ent(t0,t>=1)=(0.000,0.917) aL=-0.0040 vL=0.0416 initial=[red=0.49 blue=0.51] switch=0.042
[u  461] env= 30212096 rsucc=0.859 n_rounds= 1381 ret=+7.683 len=963.6 ent(t0,t>=1)=(0.000,0.832) aL=-0.0030 vL=0.0473 initial=[red=0.48 blue=0.52] switch=0.042
[u  462] env= 30277632 rsucc=0.857 n_rounds= 1349 ret=+6.474 len=1051.8 ent(t0,t>=1)=(0.000,0.826) aL=-0.0030 vL=0.0457 initial=[red=0.50 blue=0.50] switch=0.040
[u  463] env= 30343168 rsucc=0.828 n_rounds= 1267 ret=+6.905 len=999.8 ent(t0,t>=1)=(0.000,0.841) aL=-0.0026 vL=0.0386 initial=[red=0.52 blue=0.48] switch=0.039
[u  464] env= 30408704 rsucc=0.836 n_rounds= 1226 ret=+7.298 len=968.2 ent(t0,t>=1)=(0.000,0.843) aL=-0.0035 vL=0.0388 initial=[red=0.52 blue=0.48] switch=0.036
[u  465] env= 30474240 rsucc=0.838 n_rounds= 1278 ret=+6.543 len=1049.8 ent(t0,t>=1)=(0.000,0.854) aL=-0.0026 vL=0.0409 initial=[red=0.51 blue=0.49] switch=0.034
[u  466] env= 30539776 rsucc=0.855 n_rounds= 1349 ret=+7.113 len=988.6 ent(t0,t>=1)=(0.000,0.854) aL=-0.0035 vL=0.0433 initial=[red=0.49 blue=0.51] switch=0.034
[u  467] env= 30605312 rsucc=0.850 n_rounds= 1263 ret=+6.995 len=1021.7 ent(t0,t>=1)=(0.000,0.833) aL=-0.0032 vL=0.0386 initial=[red=0.50 blue=0.50] switch=0.039
[u  468] env= 30670848 rsucc=0.799 n_rounds= 1188 ret=+6.808 len=1002.0 ent(t0,t>=1)=(0.000,0.898) aL=-0.0028 vL=0.0378 initial=[red=0.51 blue=0.49] switch=0.041
[u  469] env= 30736384 rsucc=0.827 n_rounds= 1273 ret=+5.840 len=1095.6 ent(t0,t>=1)=(0.000,0.870) aL=-0.0033 vL=0.0400 initial=[red=0.50 blue=0.50] switch=0.040
[u  470] env= 30801920 rsucc=0.816 n_rounds= 1246 ret=+6.253 len=1035.8 ent(t0,t>=1)=(0.000,0.884) aL=-0.0032 vL=0.0378 initial=[red=0.49 blue=0.51] switch=0.038
[u  471] env= 30867456 rsucc=0.807 n_rounds= 1279 ret=+6.735 len=1007.1 ent(t0,t>=1)=(0.000,0.882) aL=-0.0043 vL=0.0396 initial=[red=0.51 blue=0.49] switch=0.038
[u  472] env= 30932992 rsucc=0.807 n_rounds= 1266 ret=+5.386 len=1085.4 ent(t0,t>=1)=(0.000,0.904) aL=-0.0032 vL=0.0381 initial=[red=0.50 blue=0.50] switch=0.040
[u  473] env= 30998528 rsucc=0.850 n_rounds= 1377 ret=+5.883 len=1049.3 ent(t0,t>=1)=(0.000,0.849) aL=-0.0038 vL=0.0425 initial=[red=0.49 blue=0.51] switch=0.040
[u  474] env= 31064064 rsucc=0.870 n_rounds= 1362 ret=+6.695 len=973.2 ent(t0,t>=1)=(0.000,0.785) aL=-0.0033 vL=0.0433 initial=[red=0.51 blue=0.49] switch=0.034
[u  475] env= 31129600 rsucc=0.838 n_rounds= 1292 ret=+6.488 len=1037.4 ent(t0,t>=1)=(0.000,0.824) aL=-0.0027 vL=0.0401 initial=[red=0.49 blue=0.51] switch=0.033
[u  476] env= 31195136 rsucc=0.820 n_rounds= 1227 ret=+7.521 len=959.5 ent(t0,t>=1)=(0.000,0.868) aL=-0.0032 vL=0.0370 initial=[red=0.48 blue=0.52] switch=0.032
[u  477] env= 31260672 rsucc=0.825 n_rounds= 1277 ret=+7.719 len=979.9 ent(t0,t>=1)=(0.000,0.860) aL=-0.0043 vL=0.0407 initial=[red=0.52 blue=0.48] switch=0.034
[u  478] env= 31326208 rsucc=0.799 n_rounds= 1228 ret=+7.721 len=966.4 ent(t0,t>=1)=(0.000,0.849) aL=-0.0030 vL=0.0385 initial=[red=0.51 blue=0.49] switch=0.039
[u  479] env= 31391744 rsucc=0.852 n_rounds= 1328 ret=+6.155 len=1073.9 ent(t0,t>=1)=(0.000,0.871) aL=-0.0039 vL=0.0445 initial=[red=0.50 blue=0.50] switch=0.038
[u  480] env= 31457280 rsucc=0.836 n_rounds= 1283 ret=+5.266 len=1107.8 ent(t0,t>=1)=(0.000,0.896) aL=-0.0035 vL=0.0388 initial=[red=0.51 blue=0.49] switch=0.043
[u  481] env= 31522816 rsucc=0.817 n_rounds= 1230 ret=+6.246 len=1005.4 ent(t0,t>=1)=(0.000,0.929) aL=-0.0038 vL=0.0358 initial=[red=0.49 blue=0.51] switch=0.046
[u  482] env= 31588352 rsucc=0.769 n_rounds= 1184 ret=+5.797 len=1075.9 ent(t0,t>=1)=(0.000,0.956) aL=-0.0035 vL=0.0369 initial=[red=0.48 blue=0.52] switch=0.048
[u  483] env= 31653888 rsucc=0.853 n_rounds= 1403 ret=+5.812 len=1082.1 ent(t0,t>=1)=(0.000,0.855) aL=-0.0034 vL=0.0456 initial=[red=0.48 blue=0.52] switch=0.040
[u  484] env= 31719424 rsucc=0.831 n_rounds= 1316 ret=+7.210 len=928.7 ent(t0,t>=1)=(0.000,0.851) aL=-0.0031 vL=0.0428 initial=[red=0.51 blue=0.49] switch=0.036
[u  485] env= 31784960 rsucc=0.815 n_rounds= 1252 ret=+6.288 len=1022.2 ent(t0,t>=1)=(0.000,0.850) aL=-0.0041 vL=0.0359 initial=[red=0.50 blue=0.50] switch=0.037
[u  486] env= 31850496 rsucc=0.799 n_rounds= 1226 ret=+6.555 len=1029.0 ent(t0,t>=1)=(0.000,0.887) aL=-0.0031 vL=0.0366 initial=[red=0.50 blue=0.50] switch=0.038
[u  487] env= 31916032 rsucc=0.841 n_rounds= 1298 ret=+5.870 len=1056.9 ent(t0,t>=1)=(0.000,0.865) aL=-0.0035 vL=0.0391 initial=[red=0.51 blue=0.49] switch=0.042
[u  488] env= 31981568 rsucc=0.803 n_rounds= 1208 ret=+6.899 len=1000.8 ent(t0,t>=1)=(0.000,0.863) aL=-0.0028 vL=0.0352 initial=[red=0.50 blue=0.50] switch=0.038
[u  489] env= 32047104 rsucc=0.833 n_rounds= 1311 ret=+5.962 len=1040.4 ent(t0,t>=1)=(0.000,0.814) aL=-0.0023 vL=0.0411 initial=[red=0.49 blue=0.51] switch=0.031
[u  490] env= 32112640 rsucc=0.825 n_rounds= 1286 ret=+5.646 len=1066.1 ent(t0,t>=1)=(0.000,0.801) aL=-0.0028 vL=0.0378 initial=[red=0.50 blue=0.50] switch=0.040
[u  491] env= 32178176 rsucc=0.816 n_rounds= 1212 ret=+6.836 len=974.7 ent(t0,t>=1)=(0.000,0.872) aL=-0.0021 vL=0.0353 initial=[red=0.54 blue=0.46] switch=0.040
[u  492] env= 32243712 rsucc=0.790 n_rounds= 1178 ret=+5.095 len=1110.1 ent(t0,t>=1)=(0.000,0.897) aL=-0.0032 vL=0.0385 initial=[red=0.52 blue=0.48] switch=0.051
[u  493] env= 32309248 rsucc=0.840 n_rounds= 1326 ret=+6.813 len=1004.1 ent(t0,t>=1)=(0.000,0.836) aL=-0.0029 vL=0.0426 initial=[red=0.50 blue=0.50] switch=0.038
[u  494] env= 32374784 rsucc=0.850 n_rounds= 1315 ret=+6.522 len=1033.7 ent(t0,t>=1)=(0.000,0.802) aL=-0.0028 vL=0.0396 initial=[red=0.52 blue=0.48] switch=0.038
[u  495] env= 32440320 rsucc=0.848 n_rounds= 1289 ret=+5.873 len=1086.0 ent(t0,t>=1)=(0.000,0.773) aL=-0.0025 vL=0.0428 initial=[red=0.52 blue=0.48] switch=0.042
[u  496] env= 32505856 rsucc=0.814 n_rounds= 1232 ret=+7.205 len=986.5 ent(t0,t>=1)=(0.000,0.856) aL=-0.0031 vL=0.0371 initial=[red=0.50 blue=0.50] switch=0.039
[u  497] env= 32571392 rsucc=0.812 n_rounds= 1248 ret=+5.738 len=1074.0 ent(t0,t>=1)=(0.000,0.820) aL=-0.0051 vL=0.0392 initial=[red=0.49 blue=0.51] switch=0.044
[u  498] env= 32636928 rsucc=0.841 n_rounds= 1278 ret=+6.152 len=1045.9 ent(t0,t>=1)=(0.000,0.831) aL=-0.0037 vL=0.0412 initial=[red=0.49 blue=0.51] switch=0.043
[u  499] env= 32702464 rsucc=0.827 n_rounds= 1304 ret=+6.111 len=1032.3 ent(t0,t>=1)=(0.000,0.815) aL=-0.0036 vL=0.0427 initial=[red=0.50 blue=0.50] switch=0.041
[u  500] env= 32768000 rsucc=0.839 n_rounds= 1378 ret=+6.968 len=997.4 ent(t0,t>=1)=(0.000,0.763) aL=-0.0030 vL=0.0439 initial=[red=0.49 blue=0.51] switch=0.038
[u  501] env= 32833536 rsucc=0.862 n_rounds= 1301 ret=+6.657 len=1041.2 ent(t0,t>=1)=(0.000,0.749) aL=-0.0031 vL=0.0385 initial=[red=0.49 blue=0.51] switch=0.035
[u  502] env= 32899072 rsucc=0.802 n_rounds= 1266 ret=+7.396 len=958.1 ent(t0,t>=1)=(0.000,0.812) aL=-0.0028 vL=0.0415 initial=[red=0.49 blue=0.51] switch=0.034
[u  503] env= 32964608 rsucc=0.824 n_rounds= 1264 ret=+6.558 len=1009.1 ent(t0,t>=1)=(0.000,0.812) aL=-0.0031 vL=0.0391 initial=[red=0.50 blue=0.50] switch=0.032
[u  504] env= 33030144 rsucc=0.816 n_rounds= 1285 ret=+6.339 len=1043.8 ent(t0,t>=1)=(0.000,0.840) aL=-0.0029 vL=0.0414 initial=[red=0.46 blue=0.54] switch=0.036
[u  505] env= 33095680 rsucc=0.791 n_rounds= 1207 ret=+6.264 len=1017.9 ent(t0,t>=1)=(0.000,0.832) aL=-0.0028 vL=0.0363 initial=[red=0.48 blue=0.52] switch=0.035
[u  506] env= 33161216 rsucc=0.829 n_rounds= 1309 ret=+6.793 len=1013.3 ent(t0,t>=1)=(0.000,0.767) aL=-0.0035 vL=0.0443 initial=[red=0.52 blue=0.48] switch=0.034
[u  507] env= 33226752 rsucc=0.869 n_rounds= 1414 ret=+6.418 len=1003.8 ent(t0,t>=1)=(0.000,0.742) aL=-0.0038 vL=0.0453 initial=[red=0.49 blue=0.51] switch=0.039
[u  508] env= 33292288 rsucc=0.844 n_rounds= 1260 ret=+6.652 len=999.3 ent(t0,t>=1)=(0.000,0.794) aL=-0.0036 vL=0.0389 initial=[red=0.51 blue=0.49] switch=0.036
[u  509] env= 33357824 rsucc=0.816 n_rounds= 1258 ret=+6.058 len=1050.3 ent(t0,t>=1)=(0.000,0.826) aL=-0.0037 vL=0.0398 initial=[red=0.50 blue=0.50] switch=0.034
[u  510] env= 33423360 rsucc=0.861 n_rounds= 1344 ret=+6.266 len=1061.0 ent(t0,t>=1)=(0.000,0.816) aL=-0.0031 vL=0.0452 initial=[red=0.51 blue=0.49] switch=0.037
[u  511] env= 33488896 rsucc=0.842 n_rounds= 1350 ret=+6.741 len=1018.7 ent(t0,t>=1)=(0.000,0.845) aL=-0.0028 vL=0.0410 initial=[red=0.48 blue=0.52] switch=0.035
[u  512] env= 33554432 rsucc=0.853 n_rounds= 1373 ret=+7.996 len=938.9 ent(t0,t>=1)=(0.000,0.835) aL=-0.0040 vL=0.0447 initial=[red=0.51 blue=0.49] switch=0.041
[u  513] env= 33619968 rsucc=0.832 n_rounds= 1224 ret=+7.126 len=996.5 ent(t0,t>=1)=(0.000,0.815) aL=-0.0032 vL=0.0381 initial=[red=0.47 blue=0.53] switch=0.039
[u  514] env= 33685504 rsucc=0.809 n_rounds= 1267 ret=+6.452 len=1023.5 ent(t0,t>=1)=(0.000,0.879) aL=-0.0026 vL=0.0378 initial=[red=0.50 blue=0.50] switch=0.037
[u  515] env= 33751040 rsucc=0.833 n_rounds= 1309 ret=+6.440 len=1026.4 ent(t0,t>=1)=(0.000,0.831) aL=-0.0032 vL=0.0413 initial=[red=0.50 blue=0.50] switch=0.033
[u  516] env= 33816576 rsucc=0.848 n_rounds= 1317 ret=+6.455 len=1010.9 ent(t0,t>=1)=(0.000,0.812) aL=-0.0037 vL=0.0417 initial=[red=0.49 blue=0.51] switch=0.041
[u  517] env= 33882112 rsucc=0.828 n_rounds= 1296 ret=+7.277 len=977.0 ent(t0,t>=1)=(0.000,0.849) aL=-0.0031 vL=0.0383 initial=[red=0.47 blue=0.53] switch=0.040
[u  518] env= 33947648 rsucc=0.812 n_rounds= 1229 ret=+7.168 len=1006.5 ent(t0,t>=1)=(0.000,0.851) aL=-0.0030 vL=0.0363 initial=[red=0.51 blue=0.49] switch=0.035
[u  519] env= 34013184 rsucc=0.828 n_rounds= 1268 ret=+6.974 len=998.2 ent(t0,t>=1)=(0.000,0.823) aL=-0.0030 vL=0.0409 initial=[red=0.50 blue=0.50] switch=0.038
[u  520] env= 34078720 rsucc=0.850 n_rounds= 1372 ret=+5.847 len=1082.5 ent(t0,t>=1)=(0.000,0.849) aL=-0.0041 vL=0.0421 initial=[red=0.50 blue=0.50] switch=0.039
[u  521] env= 34144256 rsucc=0.820 n_rounds= 1247 ret=+6.780 len=990.4 ent(t0,t>=1)=(0.000,0.827) aL=-0.0041 vL=0.0366 initial=[red=0.51 blue=0.49] switch=0.040
[u  522] env= 34209792 rsucc=0.836 n_rounds= 1283 ret=+7.212 len=970.1 ent(t0,t>=1)=(0.000,0.818) aL=-0.0033 vL=0.0410 initial=[red=0.51 blue=0.49] switch=0.037
[u  523] env= 34275328 rsucc=0.813 n_rounds= 1222 ret=+6.653 len=1053.7 ent(t0,t>=1)=(0.000,0.858) aL=-0.0034 vL=0.0383 initial=[red=0.50 blue=0.50] switch=0.043
[u  524] env= 34340864 rsucc=0.833 n_rounds= 1297 ret=+7.335 len=980.6 ent(t0,t>=1)=(0.000,0.833) aL=-0.0028 vL=0.0430 initial=[red=0.52 blue=0.48] switch=0.041
[u  525] env= 34406400 rsucc=0.820 n_rounds= 1228 ret=+5.919 len=1048.9 ent(t0,t>=1)=(0.000,0.817) aL=-0.0029 vL=0.0369 initial=[red=0.49 blue=0.51] switch=0.039
[u  526] env= 34471936 rsucc=0.838 n_rounds= 1314 ret=+5.262 len=1117.0 ent(t0,t>=1)=(0.000,0.795) aL=-0.0034 vL=0.0436 initial=[red=0.52 blue=0.48] switch=0.048
[u  527] env= 34537472 rsucc=0.810 n_rounds= 1250 ret=+6.817 len=980.8 ent(t0,t>=1)=(0.000,0.871) aL=-0.0034 vL=0.0389 initial=[red=0.53 blue=0.47] switch=0.040
[u  528] env= 34603008 rsucc=0.819 n_rounds= 1264 ret=+6.243 len=1033.4 ent(t0,t>=1)=(0.000,0.892) aL=-0.0032 vL=0.0375 initial=[red=0.52 blue=0.48] switch=0.043
[u  529] env= 34668544 rsucc=0.838 n_rounds= 1317 ret=+5.959 len=1063.6 ent(t0,t>=1)=(0.000,0.856) aL=-0.0029 vL=0.0410 initial=[red=0.50 blue=0.50] switch=0.038
[u  530] env= 34734080 rsucc=0.842 n_rounds= 1300 ret=+6.806 len=990.7 ent(t0,t>=1)=(0.000,0.835) aL=-0.0033 vL=0.0414 initial=[red=0.49 blue=0.51] switch=0.050
[u  531] env= 34799616 rsucc=0.826 n_rounds= 1291 ret=+6.340 len=1007.0 ent(t0,t>=1)=(0.000,0.836) aL=-0.0037 vL=0.0388 initial=[red=0.52 blue=0.48] switch=0.039
[u  532] env= 34865152 rsucc=0.846 n_rounds= 1289 ret=+6.251 len=1058.3 ent(t0,t>=1)=(0.000,0.889) aL=-0.0037 vL=0.0441 initial=[red=0.48 blue=0.52] switch=0.041
[u  533] env= 34930688 rsucc=0.836 n_rounds= 1302 ret=+6.719 len=1027.7 ent(t0,t>=1)=(0.000,0.830) aL=-0.0038 vL=0.0402 initial=[red=0.51 blue=0.49] switch=0.040
[u  534] env= 34996224 rsucc=0.837 n_rounds= 1328 ret=+7.486 len=968.3 ent(t0,t>=1)=(0.000,0.860) aL=-0.0029 vL=0.0425 initial=[red=0.50 blue=0.50] switch=0.044
[u  535] env= 35061760 rsucc=0.820 n_rounds= 1262 ret=+7.029 len=1026.7 ent(t0,t>=1)=(0.000,0.869) aL=-0.0032 vL=0.0383 initial=[red=0.51 blue=0.49] switch=0.040
[u  536] env= 35127296 rsucc=0.806 n_rounds= 1302 ret=+6.768 len=995.8 ent(t0,t>=1)=(0.000,0.860) aL=-0.0035 vL=0.0396 initial=[red=0.49 blue=0.51] switch=0.042
[u  537] env= 35192832 rsucc=0.845 n_rounds= 1346 ret=+6.854 len=965.7 ent(t0,t>=1)=(0.000,0.818) aL=-0.0038 vL=0.0440 initial=[red=0.50 blue=0.50] switch=0.049
[u  538] env= 35258368 rsucc=0.857 n_rounds= 1338 ret=+5.398 len=1071.3 ent(t0,t>=1)=(0.000,0.792) aL=-0.0036 vL=0.0428 initial=[red=0.50 blue=0.50] switch=0.036
[u  539] env= 35323904 rsucc=0.849 n_rounds= 1305 ret=+7.568 len=970.7 ent(t0,t>=1)=(0.000,0.792) aL=-0.0042 vL=0.0416 initial=[red=0.51 blue=0.49] switch=0.037
[u  540] env= 35389440 rsucc=0.836 n_rounds= 1248 ret=+6.928 len=1006.5 ent(t0,t>=1)=(0.000,0.835) aL=-0.0031 vL=0.0384 initial=[red=0.49 blue=0.51] switch=0.039
[u  541] env= 35454976 rsucc=0.779 n_rounds= 1224 ret=+7.260 len=1003.8 ent(t0,t>=1)=(0.000,0.905) aL=-0.0037 vL=0.0408 initial=[red=0.51 blue=0.49] switch=0.043
[u  542] env= 35520512 rsucc=0.810 n_rounds= 1256 ret=+7.043 len=990.0 ent(t0,t>=1)=(0.000,0.856) aL=-0.0033 vL=0.0402 initial=[red=0.50 blue=0.50] switch=0.044
[u  543] env= 35586048 rsucc=0.853 n_rounds= 1306 ret=+6.179 len=1044.0 ent(t0,t>=1)=(0.000,0.810) aL=-0.0033 vL=0.0422 initial=[red=0.51 blue=0.49] switch=0.045
[u  544] env= 35651584 rsucc=0.845 n_rounds= 1314 ret=+5.151 len=1097.4 ent(t0,t>=1)=(0.000,0.837) aL=-0.0033 vL=0.0402 initial=[red=0.51 blue=0.49] switch=0.045
[u  545] env= 35717120 rsucc=0.869 n_rounds= 1364 ret=+7.272 len=977.9 ent(t0,t>=1)=(0.000,0.862) aL=-0.0034 vL=0.0424 initial=[red=0.49 blue=0.51] switch=0.041
[u  546] env= 35782656 rsucc=0.811 n_rounds= 1213 ret=+6.384 len=1028.1 ent(t0,t>=1)=(0.000,0.912) aL=-0.0042 vL=0.0361 initial=[red=0.48 blue=0.52] switch=0.049
[u  547] env= 35848192 rsucc=0.837 n_rounds= 1366 ret=+6.210 len=1073.0 ent(t0,t>=1)=(0.000,0.838) aL=-0.0038 vL=0.0447 initial=[red=0.52 blue=0.48] switch=0.047
[u  548] env= 35913728 rsucc=0.843 n_rounds= 1318 ret=+7.023 len=977.3 ent(t0,t>=1)=(0.000,0.845) aL=-0.0041 vL=0.0396 initial=[red=0.50 blue=0.50] switch=0.047
[u  549] env= 35979264 rsucc=0.850 n_rounds= 1301 ret=+7.402 len=963.8 ent(t0,t>=1)=(0.000,0.815) aL=-0.0027 vL=0.0414 initial=[red=0.51 blue=0.49] switch=0.045
[u  550] env= 36044800 rsucc=0.841 n_rounds= 1277 ret=+7.257 len=982.6 ent(t0,t>=1)=(0.000,0.876) aL=-0.0035 vL=0.0390 initial=[red=0.47 blue=0.53] switch=0.051
[u  551] env= 36110336 rsucc=0.816 n_rounds= 1246 ret=+6.087 len=1075.6 ent(t0,t>=1)=(0.000,0.866) aL=-0.0030 vL=0.0409 initial=[red=0.50 blue=0.50] switch=0.068
[u  552] env= 36175872 rsucc=0.826 n_rounds= 1288 ret=+7.297 len=991.4 ent(t0,t>=1)=(0.000,0.875) aL=-0.0034 vL=0.0406 initial=[red=0.50 blue=0.50] switch=0.049
[u  553] env= 36241408 rsucc=0.803 n_rounds= 1259 ret=+7.035 len=972.1 ent(t0,t>=1)=(0.000,0.919) aL=-0.0034 vL=0.0420 initial=[red=0.50 blue=0.50] switch=0.043
[u  554] env= 36306944 rsucc=0.848 n_rounds= 1354 ret=+6.866 len=1019.7 ent(t0,t>=1)=(0.000,0.819) aL=-0.0033 vL=0.0455 initial=[red=0.50 blue=0.50] switch=0.039
[u  555] env= 36372480 rsucc=0.852 n_rounds= 1320 ret=+6.330 len=1035.9 ent(t0,t>=1)=(0.000,0.809) aL=-0.0032 vL=0.0393 initial=[red=0.51 blue=0.49] switch=0.045
[u  556] env= 36438016 rsucc=0.816 n_rounds= 1223 ret=+6.927 len=979.0 ent(t0,t>=1)=(0.000,0.835) aL=-0.0032 vL=0.0367 initial=[red=0.51 blue=0.49] switch=0.041
[u  557] env= 36503552 rsucc=0.838 n_rounds= 1269 ret=+6.437 len=1045.9 ent(t0,t>=1)=(0.000,0.855) aL=-0.0028 vL=0.0412 initial=[red=0.51 blue=0.49] switch=0.041
[u  558] env= 36569088 rsucc=0.826 n_rounds= 1279 ret=+6.839 len=1004.8 ent(t0,t>=1)=(0.000,0.861) aL=-0.0028 vL=0.0418 initial=[red=0.52 blue=0.48] switch=0.038
[u  559] env= 36634624 rsucc=0.840 n_rounds= 1276 ret=+6.797 len=1008.9 ent(t0,t>=1)=(0.000,0.794) aL=-0.0030 vL=0.0389 initial=[red=0.47 blue=0.53] switch=0.035
[u  560] env= 36700160 rsucc=0.863 n_rounds= 1337 ret=+6.400 len=1073.7 ent(t0,t>=1)=(0.000,0.780) aL=-0.0029 vL=0.0439 initial=[red=0.49 blue=0.51] switch=0.042
[u  561] env= 36765696 rsucc=0.846 n_rounds= 1334 ret=+7.132 len=983.1 ent(t0,t>=1)=(0.000,0.814) aL=-0.0032 vL=0.0430 initial=[red=0.51 blue=0.49] switch=0.047
[u  562] env= 36831232 rsucc=0.886 n_rounds= 1393 ret=+7.308 len=964.0 ent(t0,t>=1)=(0.000,0.812) aL=-0.0026 vL=0.0439 initial=[red=0.48 blue=0.52] switch=0.043
[u  563] env= 36896768 rsucc=0.857 n_rounds= 1322 ret=+6.176 len=1060.5 ent(t0,t>=1)=(0.000,0.771) aL=-0.0036 vL=0.0395 initial=[red=0.47 blue=0.53] switch=0.042
[u  564] env= 36962304 rsucc=0.839 n_rounds= 1262 ret=+7.232 len=992.3 ent(t0,t>=1)=(0.000,0.853) aL=-0.0036 vL=0.0389 initial=[red=0.50 blue=0.50] switch=0.046
[u  565] env= 37027840 rsucc=0.829 n_rounds= 1286 ret=+6.900 len=1036.5 ent(t0,t>=1)=(0.000,0.831) aL=-0.0035 vL=0.0433 initial=[red=0.49 blue=0.51] switch=0.042
[u  566] env= 37093376 rsucc=0.836 n_rounds= 1265 ret=+7.417 len=989.9 ent(t0,t>=1)=(0.000,0.856) aL=-0.0036 vL=0.0393 initial=[red=0.51 blue=0.49] switch=0.045
[u  567] env= 37158912 rsucc=0.840 n_rounds= 1330 ret=+6.990 len=970.7 ent(t0,t>=1)=(0.000,0.809) aL=-0.0030 vL=0.0397 initial=[red=0.50 blue=0.50] switch=0.045
[u  568] env= 37224448 rsucc=0.828 n_rounds= 1232 ret=+6.115 len=1049.7 ent(t0,t>=1)=(0.000,0.816) aL=-0.0033 vL=0.0379 initial=[red=0.50 blue=0.50] switch=0.043
[u  569] env= 37289984 rsucc=0.822 n_rounds= 1246 ret=+6.920 len=1005.6 ent(t0,t>=1)=(0.000,0.872) aL=-0.0032 vL=0.0398 initial=[red=0.50 blue=0.50] switch=0.043
[u  570] env= 37355520 rsucc=0.826 n_rounds= 1309 ret=+6.110 len=1064.0 ent(t0,t>=1)=(0.000,0.852) aL=-0.0036 vL=0.0435 initial=[red=0.49 blue=0.51] switch=0.041
[u  571] env= 37421056 rsucc=0.848 n_rounds= 1371 ret=+6.962 len=1004.7 ent(t0,t>=1)=(0.000,0.791) aL=-0.0035 vL=0.0425 initial=[red=0.52 blue=0.48] switch=0.041
[u  572] env= 37486592 rsucc=0.833 n_rounds= 1340 ret=+6.646 len=1022.1 ent(t0,t>=1)=(0.000,0.817) aL=-0.0029 vL=0.0418 initial=[red=0.51 blue=0.49] switch=0.052
[u  573] env= 37552128 rsucc=0.830 n_rounds= 1344 ret=+5.997 len=1037.3 ent(t0,t>=1)=(0.000,0.799) aL=-0.0028 vL=0.0457 initial=[red=0.50 blue=0.50] switch=0.042
[u  574] env= 37617664 rsucc=0.867 n_rounds= 1355 ret=+7.560 len=953.8 ent(t0,t>=1)=(0.000,0.812) aL=-0.0037 vL=0.0431 initial=[red=0.51 blue=0.49] switch=0.045
[u  575] env= 37683200 rsucc=0.839 n_rounds= 1327 ret=+7.446 len=965.7 ent(t0,t>=1)=(0.000,0.837) aL=-0.0031 vL=0.0429 initial=[red=0.48 blue=0.52] switch=0.047
[u  576] env= 37748736 rsucc=0.863 n_rounds= 1381 ret=+7.627 len=957.6 ent(t0,t>=1)=(0.000,0.813) aL=-0.0034 vL=0.0417 initial=[red=0.50 blue=0.50] switch=0.050
[u  577] env= 37814272 rsucc=0.817 n_rounds= 1213 ret=+7.387 len=1005.4 ent(t0,t>=1)=(0.000,0.867) aL=-0.0036 vL=0.0349 initial=[red=0.51 blue=0.49] switch=0.038
[u  578] env= 37879808 rsucc=0.845 n_rounds= 1290 ret=+7.647 len=940.5 ent(t0,t>=1)=(0.000,0.828) aL=-0.0034 vL=0.0391 initial=[red=0.50 blue=0.50] switch=0.047
[u  579] env= 37945344 rsucc=0.830 n_rounds= 1295 ret=+6.963 len=1013.4 ent(t0,t>=1)=(0.000,0.793) aL=-0.0026 vL=0.0375 initial=[red=0.52 blue=0.48] switch=0.039
[u  580] env= 38010880 rsucc=0.843 n_rounds= 1303 ret=+6.655 len=1023.4 ent(t0,t>=1)=(0.000,0.812) aL=-0.0034 vL=0.0406 initial=[red=0.49 blue=0.51] switch=0.039
[u  581] env= 38076416 rsucc=0.830 n_rounds= 1279 ret=+6.561 len=1039.2 ent(t0,t>=1)=(0.000,0.852) aL=-0.0034 vL=0.0408 initial=[red=0.47 blue=0.53] switch=0.041
[u  582] env= 38141952 rsucc=0.829 n_rounds= 1317 ret=+7.712 len=939.3 ent(t0,t>=1)=(0.000,0.848) aL=-0.0030 vL=0.0398 initial=[red=0.53 blue=0.47] switch=0.034
[u  583] env= 38207488 rsucc=0.843 n_rounds= 1260 ret=+6.480 len=1023.9 ent(t0,t>=1)=(0.000,0.829) aL=-0.0036 vL=0.0391 initial=[red=0.50 blue=0.50] switch=0.038
[u  584] env= 38273024 rsucc=0.843 n_rounds= 1308 ret=+6.512 len=1039.8 ent(t0,t>=1)=(0.000,0.826) aL=-0.0032 vL=0.0407 initial=[red=0.48 blue=0.52] switch=0.040
[u  585] env= 38338560 rsucc=0.853 n_rounds= 1331 ret=+6.899 len=1013.1 ent(t0,t>=1)=(0.000,0.824) aL=-0.0030 vL=0.0457 initial=[red=0.51 blue=0.49] switch=0.036
[u  586] env= 38404096 rsucc=0.856 n_rounds= 1310 ret=+7.287 len=998.2 ent(t0,t>=1)=(0.000,0.791) aL=-0.0031 vL=0.0423 initial=[red=0.53 blue=0.47] switch=0.033
[u  587] env= 38469632 rsucc=0.848 n_rounds= 1297 ret=+7.037 len=1003.4 ent(t0,t>=1)=(0.000,0.822) aL=-0.0027 vL=0.0424 initial=[red=0.50 blue=0.50] switch=0.042
[u  588] env= 38535168 rsucc=0.815 n_rounds= 1212 ret=+7.497 len=972.5 ent(t0,t>=1)=(0.000,0.824) aL=-0.0031 vL=0.0362 initial=[red=0.52 blue=0.48] switch=0.040
[u  589] env= 38600704 rsucc=0.809 n_rounds= 1252 ret=+6.382 len=1049.0 ent(t0,t>=1)=(0.000,0.873) aL=-0.0034 vL=0.0380 initial=[red=0.49 blue=0.51] switch=0.045
[u  590] env= 38666240 rsucc=0.839 n_rounds= 1325 ret=+6.294 len=1045.0 ent(t0,t>=1)=(0.000,0.814) aL=-0.0031 vL=0.0401 initial=[red=0.49 blue=0.51] switch=0.046
[u  591] env= 38731776 rsucc=0.861 n_rounds= 1305 ret=+5.554 len=1066.3 ent(t0,t>=1)=(0.000,0.808) aL=-0.0033 vL=0.0426 initial=[red=0.51 blue=0.49] switch=0.045
[u  592] env= 38797312 rsucc=0.851 n_rounds= 1305 ret=+7.092 len=976.0 ent(t0,t>=1)=(0.000,0.815) aL=-0.0031 vL=0.0414 initial=[red=0.48 blue=0.52] switch=0.043
[u  593] env= 38862848 rsucc=0.832 n_rounds= 1301 ret=+5.935 len=1076.9 ent(t0,t>=1)=(0.000,0.794) aL=-0.0032 vL=0.0409 initial=[red=0.51 blue=0.49] switch=0.039
[u  594] env= 38928384 rsucc=0.862 n_rounds= 1366 ret=+6.694 len=1023.9 ent(t0,t>=1)=(0.000,0.802) aL=-0.0032 vL=0.0466 initial=[red=0.50 blue=0.50] switch=0.039
[u  595] env= 38993920 rsucc=0.848 n_rounds= 1332 ret=+7.771 len=957.4 ent(t0,t>=1)=(0.000,0.798) aL=-0.0031 vL=0.0417 initial=[red=0.50 blue=0.50] switch=0.040
[u  596] env= 39059456 rsucc=0.857 n_rounds= 1362 ret=+7.692 len=989.5 ent(t0,t>=1)=(0.000,0.797) aL=-0.0032 vL=0.0451 initial=[red=0.52 blue=0.48] switch=0.038
[u  597] env= 39124992 rsucc=0.859 n_rounds= 1381 ret=+8.264 len=937.3 ent(t0,t>=1)=(0.000,0.755) aL=-0.0034 vL=0.0475 initial=[red=0.50 blue=0.50] switch=0.035
[u  598] env= 39190528 rsucc=0.858 n_rounds= 1355 ret=+8.366 len=911.9 ent(t0,t>=1)=(0.000,0.739) aL=-0.0031 vL=0.0453 initial=[red=0.51 blue=0.49] switch=0.034
[u  599] env= 39256064 rsucc=0.835 n_rounds= 1312 ret=+6.689 len=1013.8 ent(t0,t>=1)=(0.000,0.809) aL=-0.0030 vL=0.0445 initial=[red=0.50 blue=0.50] switch=0.042
[u  600] env= 39321600 rsucc=0.831 n_rounds= 1287 ret=+7.070 len=1006.4 ent(t0,t>=1)=(0.000,0.794) aL=-0.0031 vL=0.0428 initial=[red=0.49 blue=0.51] switch=0.038
[u  601] env= 39387136 rsucc=0.818 n_rounds= 1239 ret=+6.591 len=1015.8 ent(t0,t>=1)=(0.000,0.845) aL=-0.0035 vL=0.0380 initial=[red=0.51 blue=0.49] switch=0.046
[u  602] env= 39452672 rsucc=0.828 n_rounds= 1300 ret=+6.958 len=986.4 ent(t0,t>=1)=(0.000,0.863) aL=-0.0033 vL=0.0432 initial=[red=0.51 blue=0.49] switch=0.051
[u  603] env= 39518208 rsucc=0.825 n_rounds= 1259 ret=+6.655 len=1013.6 ent(t0,t>=1)=(0.000,0.871) aL=-0.0035 vL=0.0394 initial=[red=0.49 blue=0.51] switch=0.047
[u  604] env= 39583744 rsucc=0.838 n_rounds= 1361 ret=+6.913 len=1017.8 ent(t0,t>=1)=(0.000,0.819) aL=-0.0041 vL=0.0478 initial=[red=0.50 blue=0.50] switch=0.038
[u  605] env= 39649280 rsucc=0.844 n_rounds= 1296 ret=+6.657 len=1015.9 ent(t0,t>=1)=(0.000,0.827) aL=-0.0029 vL=0.0410 initial=[red=0.50 blue=0.50] switch=0.046
[u  606] env= 39714816 rsucc=0.840 n_rounds= 1329 ret=+6.448 len=1017.3 ent(t0,t>=1)=(0.000,0.796) aL=-0.0026 vL=0.0469 initial=[red=0.51 blue=0.49] switch=0.044
[u  607] env= 39780352 rsucc=0.866 n_rounds= 1381 ret=+7.110 len=982.5 ent(t0,t>=1)=(0.000,0.823) aL=-0.0040 vL=0.0450 initial=[red=0.50 blue=0.50] switch=0.043
[u  608] env= 39845888 rsucc=0.857 n_rounds= 1356 ret=+6.809 len=1006.0 ent(t0,t>=1)=(0.000,0.776) aL=-0.0027 vL=0.0418 initial=[red=0.51 blue=0.49] switch=0.043
[u  609] env= 39911424 rsucc=0.863 n_rounds= 1355 ret=+7.130 len=1012.6 ent(t0,t>=1)=(0.000,0.797) aL=-0.0033 vL=0.0431 initial=[red=0.49 blue=0.51] switch=0.043
[u  610] env= 39976960 rsucc=0.835 n_rounds= 1276 ret=+7.403 len=986.1 ent(t0,t>=1)=(0.000,0.862) aL=-0.0037 vL=0.0416 initial=[red=0.50 blue=0.50] switch=0.039
[u  611] env= 40042496 rsucc=0.820 n_rounds= 1280 ret=+7.741 len=963.1 ent(t0,t>=1)=(0.000,0.874) aL=-0.0025 vL=0.0424 initial=[red=0.53 blue=0.47] switch=0.041
[u  612] env= 40108032 rsucc=0.818 n_rounds= 1299 ret=+6.994 len=988.7 ent(t0,t>=1)=(0.000,0.879) aL=-0.0039 vL=0.0405 initial=[red=0.52 blue=0.48] switch=0.039
[u  613] env= 40173568 rsucc=0.823 n_rounds= 1292 ret=+7.754 len=952.4 ent(t0,t>=1)=(0.000,0.830) aL=-0.0036 vL=0.0400 initial=[red=0.49 blue=0.51] switch=0.046
[u  614] env= 40239104 rsucc=0.821 n_rounds= 1245 ret=+6.685 len=1004.5 ent(t0,t>=1)=(0.000,0.831) aL=-0.0030 vL=0.0419 initial=[red=0.48 blue=0.52] switch=0.044
[u  615] env= 40304640 rsucc=0.849 n_rounds= 1341 ret=+6.853 len=987.7 ent(t0,t>=1)=(0.000,0.817) aL=-0.0035 vL=0.0464 initial=[red=0.48 blue=0.52] switch=0.036
[u  616] env= 40370176 rsucc=0.846 n_rounds= 1299 ret=+6.648 len=1012.3 ent(t0,t>=1)=(0.000,0.822) aL=-0.0044 vL=0.0415 initial=[red=0.49 blue=0.51] switch=0.048
[u  617] env= 40435712 rsucc=0.845 n_rounds= 1287 ret=+6.760 len=1018.3 ent(t0,t>=1)=(0.000,0.792) aL=-0.0030 vL=0.0401 initial=[red=0.50 blue=0.50] switch=0.044
[u  618] env= 40501248 rsucc=0.824 n_rounds= 1293 ret=+6.579 len=1039.8 ent(t0,t>=1)=(0.000,0.827) aL=-0.0031 vL=0.0426 initial=[red=0.50 blue=0.50] switch=0.051
[u  619] env= 40566784 rsucc=0.843 n_rounds= 1329 ret=+7.343 len=977.7 ent(t0,t>=1)=(0.000,0.800) aL=-0.0036 vL=0.0443 initial=[red=0.50 blue=0.50] switch=0.040
[u  620] env= 40632320 rsucc=0.834 n_rounds= 1268 ret=+6.333 len=1053.0 ent(t0,t>=1)=(0.000,0.751) aL=-0.0029 vL=0.0395 initial=[red=0.48 blue=0.52] switch=0.038
[u  621] env= 40697856 rsucc=0.828 n_rounds= 1286 ret=+6.596 len=1022.0 ent(t0,t>=1)=(0.000,0.833) aL=-0.0032 vL=0.0391 initial=[red=0.50 blue=0.50] switch=0.040
[u  622] env= 40763392 rsucc=0.820 n_rounds= 1314 ret=+6.422 len=1009.7 ent(t0,t>=1)=(0.000,0.854) aL=-0.0036 vL=0.0441 initial=[red=0.51 blue=0.49] switch=0.041
[u  623] env= 40828928 rsucc=0.851 n_rounds= 1319 ret=+6.242 len=1022.4 ent(t0,t>=1)=(0.000,0.781) aL=-0.0029 vL=0.0424 initial=[red=0.50 blue=0.50] switch=0.040
[u  624] env= 40894464 rsucc=0.834 n_rounds= 1274 ret=+7.433 len=957.4 ent(t0,t>=1)=(0.000,0.780) aL=-0.0030 vL=0.0390 initial=[red=0.49 blue=0.51] switch=0.043
[u  625] env= 40960000 rsucc=0.842 n_rounds= 1311 ret=+6.291 len=1031.0 ent(t0,t>=1)=(0.000,0.778) aL=-0.0029 vL=0.0426 initial=[red=0.51 blue=0.49] switch=0.039
[u  626] env= 41025536 rsucc=0.831 n_rounds= 1287 ret=+6.540 len=1040.7 ent(t0,t>=1)=(0.000,0.822) aL=-0.0040 vL=0.0409 initial=[red=0.50 blue=0.50] switch=0.045
[u  627] env= 41091072 rsucc=0.829 n_rounds= 1300 ret=+7.264 len=988.9 ent(t0,t>=1)=(0.000,0.769) aL=-0.0030 vL=0.0433 initial=[red=0.52 blue=0.48] switch=0.044
[u  628] env= 41156608 rsucc=0.849 n_rounds= 1360 ret=+7.320 len=971.5 ent(t0,t>=1)=(0.000,0.772) aL=-0.0034 vL=0.0449 initial=[red=0.53 blue=0.47] switch=0.042
[u  629] env= 41222144 rsucc=0.834 n_rounds= 1300 ret=+6.661 len=1022.9 ent(t0,t>=1)=(0.000,0.800) aL=-0.0030 vL=0.0413 initial=[red=0.49 blue=0.51] switch=0.044
[u  630] env= 41287680 rsucc=0.850 n_rounds= 1303 ret=+6.809 len=994.9 ent(t0,t>=1)=(0.000,0.814) aL=-0.0029 vL=0.0428 initial=[red=0.50 blue=0.50] switch=0.044
[u  631] env= 41353216 rsucc=0.846 n_rounds= 1356 ret=+6.750 len=1017.5 ent(t0,t>=1)=(0.000,0.824) aL=-0.0033 vL=0.0437 initial=[red=0.49 blue=0.51] switch=0.046
[u  632] env= 41418752 rsucc=0.820 n_rounds= 1282 ret=+6.794 len=1021.4 ent(t0,t>=1)=(0.000,0.848) aL=-0.0030 vL=0.0407 initial=[red=0.50 blue=0.50] switch=0.044
[u  633] env= 41484288 rsucc=0.833 n_rounds= 1357 ret=+7.633 len=973.9 ent(t0,t>=1)=(0.000,0.836) aL=-0.0034 vL=0.0458 initial=[red=0.52 blue=0.48] switch=0.043
[u  634] env= 41549824 rsucc=0.833 n_rounds= 1338 ret=+8.202 len=873.5 ent(t0,t>=1)=(0.000,0.801) aL=-0.0028 vL=0.0442 initial=[red=0.49 blue=0.51] switch=0.045
[u  635] env= 41615360 rsucc=0.856 n_rounds= 1330 ret=+5.782 len=1075.1 ent(t0,t>=1)=(0.000,0.780) aL=-0.0028 vL=0.0428 initial=[red=0.50 blue=0.50] switch=0.034
[u  636] env= 41680896 rsucc=0.854 n_rounds= 1328 ret=+7.342 len=977.6 ent(t0,t>=1)=(0.000,0.777) aL=-0.0029 vL=0.0430 initial=[red=0.51 blue=0.49] switch=0.039
[u  637] env= 41746432 rsucc=0.840 n_rounds= 1310 ret=+7.219 len=972.1 ent(t0,t>=1)=(0.000,0.810) aL=-0.0028 vL=0.0396 initial=[red=0.46 blue=0.54] switch=0.039
[u  638] env= 41811968 rsucc=0.824 n_rounds= 1318 ret=+6.988 len=1009.5 ent(t0,t>=1)=(0.000,0.796) aL=-0.0033 vL=0.0424 initial=[red=0.48 blue=0.52] switch=0.043
[u  639] env= 41877504 rsucc=0.840 n_rounds= 1272 ret=+6.783 len=1028.8 ent(t0,t>=1)=(0.000,0.754) aL=-0.0029 vL=0.0428 initial=[red=0.51 blue=0.49] switch=0.036
[u  640] env= 41943040 rsucc=0.854 n_rounds= 1375 ret=+7.470 len=945.1 ent(t0,t>=1)=(0.000,0.750) aL=-0.0027 vL=0.0418 initial=[red=0.51 blue=0.49] switch=0.044
[u  641] env= 42008576 rsucc=0.851 n_rounds= 1306 ret=+6.220 len=1063.9 ent(t0,t>=1)=(0.000,0.789) aL=-0.0028 vL=0.0431 initial=[red=0.50 blue=0.50] switch=0.046
[u  642] env= 42074112 rsucc=0.858 n_rounds= 1313 ret=+6.505 len=1021.9 ent(t0,t>=1)=(0.000,0.795) aL=-0.0023 vL=0.0424 initial=[red=0.49 blue=0.51] switch=0.044
[u  643] env= 42139648 rsucc=0.854 n_rounds= 1293 ret=+7.742 len=950.6 ent(t0,t>=1)=(0.000,0.765) aL=-0.0027 vL=0.0428 initial=[red=0.50 blue=0.50] switch=0.048
[u  644] env= 42205184 rsucc=0.838 n_rounds= 1308 ret=+6.548 len=1038.1 ent(t0,t>=1)=(0.000,0.731) aL=-0.0027 vL=0.0392 initial=[red=0.49 blue=0.51] switch=0.043
[u  645] env= 42270720 rsucc=0.811 n_rounds= 1250 ret=+7.401 len=982.1 ent(t0,t>=1)=(0.000,0.774) aL=-0.0028 vL=0.0371 initial=[red=0.52 blue=0.48] switch=0.039
[u  646] env= 42336256 rsucc=0.845 n_rounds= 1357 ret=+6.189 len=1093.8 ent(t0,t>=1)=(0.000,0.772) aL=-0.0035 vL=0.0429 initial=[red=0.50 blue=0.50] switch=0.035
[u  647] env= 42401792 rsucc=0.863 n_rounds= 1418 ret=+8.001 len=924.8 ent(t0,t>=1)=(0.000,0.693) aL=-0.0025 vL=0.0475 initial=[red=0.52 blue=0.48] switch=0.035
[u  648] env= 42467328 rsucc=0.852 n_rounds= 1225 ret=+7.141 len=974.8 ent(t0,t>=1)=(0.000,0.749) aL=-0.0025 vL=0.0373 initial=[red=0.52 blue=0.48] switch=0.038
[u  649] env= 42532864 rsucc=0.792 n_rounds= 1201 ret=+5.739 len=1074.8 ent(t0,t>=1)=(0.000,0.808) aL=-0.0032 vL=0.0368 initial=[red=0.50 blue=0.50] switch=0.044
[u  650] env= 42598400 rsucc=0.828 n_rounds= 1291 ret=+6.824 len=999.6 ent(t0,t>=1)=(0.000,0.830) aL=-0.0029 vL=0.0427 initial=[red=0.49 blue=0.51] switch=0.044
[u  651] env= 42663936 rsucc=0.851 n_rounds= 1393 ret=+7.190 len=987.2 ent(t0,t>=1)=(0.000,0.796) aL=-0.0029 vL=0.0463 initial=[red=0.50 blue=0.50] switch=0.044
[u  652] env= 42729472 rsucc=0.860 n_rounds= 1397 ret=+6.697 len=1009.2 ent(t0,t>=1)=(0.000,0.728) aL=-0.0024 vL=0.0476 initial=[red=0.50 blue=0.50] switch=0.040
[u  653] env= 42795008 rsucc=0.850 n_rounds= 1325 ret=+7.954 len=933.8 ent(t0,t>=1)=(0.000,0.730) aL=-0.0029 vL=0.0400 initial=[red=0.48 blue=0.52] switch=0.046
[u  654] env= 42860544 rsucc=0.833 n_rounds= 1305 ret=+7.691 len=955.1 ent(t0,t>=1)=(0.000,0.749) aL=-0.0025 vL=0.0443 initial=[red=0.48 blue=0.52] switch=0.053
[u  655] env= 42926080 rsucc=0.885 n_rounds= 1442 ret=+6.793 len=1037.7 ent(t0,t>=1)=(0.000,0.704) aL=-0.0031 vL=0.0453 initial=[red=0.50 blue=0.50] switch=0.040
[u  656] env= 42991616 rsucc=0.870 n_rounds= 1369 ret=+8.419 len=907.2 ent(t0,t>=1)=(0.000,0.712) aL=-0.0028 vL=0.0443 initial=[red=0.50 blue=0.50] switch=0.043
[u  657] env= 43057152 rsucc=0.856 n_rounds= 1366 ret=+7.846 len=954.2 ent(t0,t>=1)=(0.000,0.733) aL=-0.0023 vL=0.0441 initial=[red=0.51 blue=0.49] switch=0.036
[u  658] env= 43122688 rsucc=0.835 n_rounds= 1272 ret=+7.762 len=979.5 ent(t0,t>=1)=(0.000,0.750) aL=-0.0031 vL=0.0427 initial=[red=0.50 blue=0.50] switch=0.046
[u  659] env= 43188224 rsucc=0.846 n_rounds= 1302 ret=+7.474 len=998.9 ent(t0,t>=1)=(0.000,0.760) aL=-0.0034 vL=0.0404 initial=[red=0.50 blue=0.50] switch=0.039
[u  660] env= 43253760 rsucc=0.820 n_rounds= 1270 ret=+7.034 len=1004.1 ent(t0,t>=1)=(0.000,0.798) aL=-0.0033 vL=0.0397 initial=[red=0.47 blue=0.53] switch=0.044
[u  661] env= 43319296 rsucc=0.828 n_rounds= 1345 ret=+7.283 len=979.1 ent(t0,t>=1)=(0.000,0.798) aL=-0.0029 vL=0.0439 initial=[red=0.53 blue=0.47] switch=0.045
[u  662] env= 43384832 rsucc=0.850 n_rounds= 1359 ret=+7.300 len=970.4 ent(t0,t>=1)=(0.000,0.756) aL=-0.0029 vL=0.0443 initial=[red=0.50 blue=0.50] switch=0.033
[u  663] env= 43450368 rsucc=0.860 n_rounds= 1323 ret=+6.110 len=1029.0 ent(t0,t>=1)=(0.000,0.759) aL=-0.0035 vL=0.0447 initial=[red=0.48 blue=0.52] switch=0.031
[u  664] env= 43515904 rsucc=0.863 n_rounds= 1378 ret=+6.690 len=1006.2 ent(t0,t>=1)=(0.000,0.728) aL=-0.0025 vL=0.0443 initial=[red=0.50 blue=0.50] switch=0.035
[u  665] env= 43581440 rsucc=0.838 n_rounds= 1336 ret=+7.750 len=938.9 ent(t0,t>=1)=(0.000,0.768) aL=-0.0031 vL=0.0439 initial=[red=0.51 blue=0.49] switch=0.039
[u  666] env= 43646976 rsucc=0.851 n_rounds= 1402 ret=+8.009 len=934.7 ent(t0,t>=1)=(0.000,0.735) aL=-0.0023 vL=0.0486 initial=[red=0.50 blue=0.50] switch=0.032
[u  667] env= 43712512 rsucc=0.879 n_rounds= 1381 ret=+6.592 len=1054.3 ent(t0,t>=1)=(0.000,0.720) aL=-0.0027 vL=0.0430 initial=[red=0.49 blue=0.51] switch=0.036
[u  668] env= 43778048 rsucc=0.859 n_rounds= 1281 ret=+8.089 len=929.5 ent(t0,t>=1)=(0.000,0.786) aL=-0.0032 vL=0.0400 initial=[red=0.49 blue=0.51] switch=0.039
[u  669] env= 43843584 rsucc=0.789 n_rounds= 1207 ret=+7.578 len=980.1 ent(t0,t>=1)=(0.000,0.871) aL=-0.0029 vL=0.0394 initial=[red=0.49 blue=0.51] switch=0.037
[u  670] env= 43909120 rsucc=0.816 n_rounds= 1302 ret=+7.126 len=1020.7 ent(t0,t>=1)=(0.000,0.815) aL=-0.0030 vL=0.0411 initial=[red=0.51 blue=0.49] switch=0.039
[u  671] env= 43974656 rsucc=0.865 n_rounds= 1366 ret=+6.903 len=1007.6 ent(t0,t>=1)=(0.000,0.770) aL=-0.0024 vL=0.0461 initial=[red=0.51 blue=0.49] switch=0.037
[u  672] env= 44040192 rsucc=0.854 n_rounds= 1312 ret=+7.381 len=947.9 ent(t0,t>=1)=(0.000,0.762) aL=-0.0027 vL=0.0409 initial=[red=0.50 blue=0.50] switch=0.041
[u  673] env= 44105728 rsucc=0.830 n_rounds= 1292 ret=+6.742 len=1018.5 ent(t0,t>=1)=(0.000,0.784) aL=-0.0029 vL=0.0405 initial=[red=0.51 blue=0.49] switch=0.036
[u  674] env= 44171264 rsucc=0.876 n_rounds= 1360 ret=+7.238 len=1010.6 ent(t0,t>=1)=(0.000,0.736) aL=-0.0027 vL=0.0418 initial=[red=0.52 blue=0.48] switch=0.037
[u  675] env= 44236800 rsucc=0.830 n_rounds= 1322 ret=+7.528 len=954.3 ent(t0,t>=1)=(0.000,0.726) aL=-0.0026 vL=0.0435 initial=[red=0.51 blue=0.49] switch=0.039
[u  676] env= 44302336 rsucc=0.874 n_rounds= 1434 ret=+7.413 len=968.0 ent(t0,t>=1)=(0.000,0.678) aL=-0.0030 vL=0.0493 initial=[red=0.50 blue=0.50] switch=0.038
[u  677] env= 44367872 rsucc=0.854 n_rounds= 1333 ret=+7.008 len=985.1 ent(t0,t>=1)=(0.000,0.705) aL=-0.0029 vL=0.0426 initial=[red=0.49 blue=0.51] switch=0.036
[u  678] env= 44433408 rsucc=0.883 n_rounds= 1396 ret=+7.124 len=1021.9 ent(t0,t>=1)=(0.000,0.706) aL=-0.0027 vL=0.0463 initial=[red=0.50 blue=0.50] switch=0.038
[u  679] env= 44498944 rsucc=0.834 n_rounds= 1252 ret=+8.605 len=919.8 ent(t0,t>=1)=(0.000,0.757) aL=-0.0024 vL=0.0402 initial=[red=0.46 blue=0.54] switch=0.036
[u  680] env= 44564480 rsucc=0.826 n_rounds= 1241 ret=+7.360 len=993.8 ent(t0,t>=1)=(0.000,0.800) aL=-0.0032 vL=0.0380 initial=[red=0.49 blue=0.51] switch=0.039
[u  681] env= 44630016 rsucc=0.862 n_rounds= 1380 ret=+6.294 len=1048.3 ent(t0,t>=1)=(0.000,0.755) aL=-0.0021 vL=0.0432 initial=[red=0.51 blue=0.49] switch=0.035
[u  682] env= 44695552 rsucc=0.840 n_rounds= 1372 ret=+6.945 len=1001.4 ent(t0,t>=1)=(0.000,0.739) aL=-0.0026 vL=0.0458 initial=[red=0.50 blue=0.50] switch=0.039
[u  683] env= 44761088 rsucc=0.861 n_rounds= 1366 ret=+7.464 len=961.9 ent(t0,t>=1)=(0.000,0.745) aL=-0.0025 vL=0.0439 initial=[red=0.52 blue=0.48] switch=0.043
[u  684] env= 44826624 rsucc=0.836 n_rounds= 1320 ret=+7.271 len=980.4 ent(t0,t>=1)=(0.000,0.743) aL=-0.0025 vL=0.0384 initial=[red=0.49 blue=0.51] switch=0.035
[u  685] env= 44892160 rsucc=0.863 n_rounds= 1346 ret=+8.375 len=930.0 ent(t0,t>=1)=(0.000,0.695) aL=-0.0027 vL=0.0435 initial=[red=0.51 blue=0.49] switch=0.033
[u  686] env= 44957696 rsucc=0.867 n_rounds= 1340 ret=+7.448 len=982.0 ent(t0,t>=1)=(0.000,0.684) aL=-0.0022 vL=0.0408 initial=[red=0.52 blue=0.48] switch=0.036
[u  687] env= 45023232 rsucc=0.847 n_rounds= 1306 ret=+7.561 len=956.7 ent(t0,t>=1)=(0.000,0.734) aL=-0.0027 vL=0.0425 initial=[red=0.50 blue=0.50] switch=0.035
[u  688] env= 45088768 rsucc=0.838 n_rounds= 1331 ret=+7.370 len=1001.1 ent(t0,t>=1)=(0.000,0.778) aL=-0.0026 vL=0.0450 initial=[red=0.53 blue=0.47] switch=0.038
[u  689] env= 45154304 rsucc=0.863 n_rounds= 1360 ret=+6.810 len=1018.3 ent(t0,t>=1)=(0.000,0.700) aL=-0.0029 vL=0.0450 initial=[red=0.50 blue=0.50] switch=0.031
[u  690] env= 45219840 rsucc=0.875 n_rounds= 1387 ret=+7.938 len=938.6 ent(t0,t>=1)=(0.000,0.695) aL=-0.0024 vL=0.0437 initial=[red=0.49 blue=0.51] switch=0.037
[u  691] env= 45285376 rsucc=0.850 n_rounds= 1353 ret=+7.926 len=948.0 ent(t0,t>=1)=(0.000,0.698) aL=-0.0023 vL=0.0448 initial=[red=0.49 blue=0.51] switch=0.029
[u  692] env= 45350912 rsucc=0.847 n_rounds= 1321 ret=+7.280 len=985.1 ent(t0,t>=1)=(0.000,0.712) aL=-0.0024 vL=0.0430 initial=[red=0.50 blue=0.50] switch=0.034
[u  693] env= 45416448 rsucc=0.842 n_rounds= 1364 ret=+6.683 len=1034.1 ent(t0,t>=1)=(0.000,0.717) aL=-0.0023 vL=0.0446 initial=[red=0.51 blue=0.49] switch=0.033
[u  694] env= 45481984 rsucc=0.829 n_rounds= 1310 ret=+7.477 len=957.5 ent(t0,t>=1)=(0.000,0.767) aL=-0.0032 vL=0.0412 initial=[red=0.49 blue=0.51] switch=0.035
[u  695] env= 45547520 rsucc=0.821 n_rounds= 1294 ret=+6.800 len=985.7 ent(t0,t>=1)=(0.000,0.794) aL=-0.0028 vL=0.0402 initial=[red=0.52 blue=0.48] switch=0.040
[u  696] env= 45613056 rsucc=0.822 n_rounds= 1246 ret=+7.130 len=989.8 ent(t0,t>=1)=(0.000,0.805) aL=-0.0032 vL=0.0376 initial=[red=0.49 blue=0.51] switch=0.034
[u  697] env= 45678592 rsucc=0.824 n_rounds= 1293 ret=+6.555 len=1043.9 ent(t0,t>=1)=(0.000,0.764) aL=-0.0028 vL=0.0432 initial=[red=0.48 blue=0.52] switch=0.035
[u  698] env= 45744128 rsucc=0.847 n_rounds= 1304 ret=+7.226 len=979.8 ent(t0,t>=1)=(0.000,0.761) aL=-0.0021 vL=0.0427 initial=[red=0.51 blue=0.49] switch=0.041
[u  699] env= 45809664 rsucc=0.836 n_rounds= 1321 ret=+6.733 len=1011.2 ent(t0,t>=1)=(0.000,0.777) aL=-0.0029 vL=0.0432 initial=[red=0.48 blue=0.52] switch=0.044
[u  700] env= 45875200 rsucc=0.831 n_rounds= 1308 ret=+6.525 len=984.5 ent(t0,t>=1)=(0.000,0.762) aL=-0.0030 vL=0.0446 initial=[red=0.50 blue=0.50] switch=0.035
[u  701] env= 45940736 rsucc=0.849 n_rounds= 1268 ret=+7.239 len=1007.6 ent(t0,t>=1)=(0.000,0.766) aL=-0.0023 vL=0.0394 initial=[red=0.50 blue=0.50] switch=0.038
[u  702] env= 46006272 rsucc=0.862 n_rounds= 1410 ret=+6.885 len=1014.1 ent(t0,t>=1)=(0.000,0.741) aL=-0.0023 vL=0.0504 initial=[red=0.50 blue=0.50] switch=0.044
[u  703] env= 46071808 rsucc=0.895 n_rounds= 1456 ret=+8.207 len=959.4 ent(t0,t>=1)=(0.000,0.655) aL=-0.0025 vL=0.0482 initial=[red=0.49 blue=0.51] switch=0.037
[u  704] env= 46137344 rsucc=0.879 n_rounds= 1415 ret=+7.895 len=941.7 ent(t0,t>=1)=(0.000,0.678) aL=-0.0028 vL=0.0453 initial=[red=0.50 blue=0.50] switch=0.045
[u  705] env= 46202880 rsucc=0.853 n_rounds= 1331 ret=+8.141 len=931.9 ent(t0,t>=1)=(0.000,0.742) aL=-0.0029 vL=0.0443 initial=[red=0.50 blue=0.50] switch=0.035
[u  706] env= 46268416 rsucc=0.841 n_rounds= 1319 ret=+7.783 len=975.2 ent(t0,t>=1)=(0.000,0.717) aL=-0.0026 vL=0.0397 initial=[red=0.51 blue=0.49] switch=0.033
[u  707] env= 46333952 rsucc=0.805 n_rounds= 1266 ret=+7.715 len=951.3 ent(t0,t>=1)=(0.000,0.818) aL=-0.0024 vL=0.0410 initial=[red=0.49 blue=0.51] switch=0.037
[u  708] env= 46399488 rsucc=0.856 n_rounds= 1378 ret=+6.000 len=1060.9 ent(t0,t>=1)=(0.000,0.729) aL=-0.0025 vL=0.0451 initial=[red=0.52 blue=0.48] switch=0.034
[u  709] env= 46465024 rsucc=0.883 n_rounds= 1374 ret=+8.365 len=904.0 ent(t0,t>=1)=(0.000,0.668) aL=-0.0023 vL=0.0471 initial=[red=0.51 blue=0.49] switch=0.034
[u  710] env= 46530560 rsucc=0.855 n_rounds= 1370 ret=+7.182 len=987.2 ent(t0,t>=1)=(0.000,0.702) aL=-0.0022 vL=0.0434 initial=[red=0.48 blue=0.52] switch=0.043
[u  711] env= 46596096 rsucc=0.856 n_rounds= 1292 ret=+7.368 len=987.1 ent(t0,t>=1)=(0.000,0.695) aL=-0.0024 vL=0.0407 initial=[red=0.51 blue=0.49] switch=0.046
[u  712] env= 46661632 rsucc=0.855 n_rounds= 1328 ret=+7.994 len=947.3 ent(t0,t>=1)=(0.000,0.683) aL=-0.0027 vL=0.0419 initial=[red=0.48 blue=0.52] switch=0.031
[u  713] env= 46727168 rsucc=0.880 n_rounds= 1331 ret=+7.383 len=1026.3 ent(t0,t>=1)=(0.000,0.690) aL=-0.0022 vL=0.0422 initial=[red=0.49 blue=0.51] switch=0.032
[u  714] env= 46792704 rsucc=0.845 n_rounds= 1342 ret=+8.323 len=953.2 ent(t0,t>=1)=(0.000,0.694) aL=-0.0020 vL=0.0466 initial=[red=0.49 blue=0.51] switch=0.046
[u  715] env= 46858240 rsucc=0.851 n_rounds= 1299 ret=+7.795 len=958.0 ent(t0,t>=1)=(0.000,0.721) aL=-0.0019 vL=0.0442 initial=[red=0.52 blue=0.48] switch=0.038
[u  716] env= 46923776 rsucc=0.839 n_rounds= 1311 ret=+7.221 len=984.3 ent(t0,t>=1)=(0.000,0.726) aL=-0.0024 vL=0.0439 initial=[red=0.49 blue=0.51] switch=0.037
[u  717] env= 46989312 rsucc=0.871 n_rounds= 1409 ret=+6.603 len=1021.6 ent(t0,t>=1)=(0.000,0.677) aL=-0.0020 vL=0.0470 initial=[red=0.50 blue=0.50] switch=0.040
[u  718] env= 47054848 rsucc=0.873 n_rounds= 1395 ret=+6.402 len=1032.8 ent(t0,t>=1)=(0.000,0.679) aL=-0.0022 vL=0.0476 initial=[red=0.51 blue=0.49] switch=0.038
[u  719] env= 47120384 rsucc=0.874 n_rounds= 1393 ret=+8.906 len=895.0 ent(t0,t>=1)=(0.000,0.699) aL=-0.0021 vL=0.0476 initial=[red=0.48 blue=0.52] switch=0.038
[u  720] env= 47185920 rsucc=0.846 n_rounds= 1330 ret=+8.350 len=927.6 ent(t0,t>=1)=(0.000,0.738) aL=-0.0026 vL=0.0418 initial=[red=0.48 blue=0.52] switch=0.035
[u  721] env= 47251456 rsucc=0.789 n_rounds= 1230 ret=+7.141 len=1024.4 ent(t0,t>=1)=(0.000,0.798) aL=-0.0022 vL=0.0409 initial=[red=0.51 blue=0.49] switch=0.042
[u  722] env= 47316992 rsucc=0.821 n_rounds= 1325 ret=+6.968 len=1017.6 ent(t0,t>=1)=(0.000,0.789) aL=-0.0022 vL=0.0430 initial=[red=0.50 blue=0.50] switch=0.053
[u  723] env= 47382528 rsucc=0.845 n_rounds= 1380 ret=+7.027 len=957.1 ent(t0,t>=1)=(0.000,0.785) aL=-0.0023 vL=0.0474 initial=[red=0.51 blue=0.49] switch=0.050
[u  724] env= 47448064 rsucc=0.881 n_rounds= 1407 ret=+7.208 len=973.9 ent(t0,t>=1)=(0.000,0.692) aL=-0.0025 vL=0.0482 initial=[red=0.50 blue=0.50] switch=0.049
[u  725] env= 47513600 rsucc=0.876 n_rounds= 1390 ret=+6.382 len=1028.3 ent(t0,t>=1)=(0.000,0.731) aL=-0.0026 vL=0.0454 initial=[red=0.48 blue=0.52] switch=0.045
[u  726] env= 47579136 rsucc=0.860 n_rounds= 1362 ret=+7.986 len=928.5 ent(t0,t>=1)=(0.000,0.733) aL=-0.0025 vL=0.0444 initial=[red=0.50 blue=0.50] switch=0.038
[u  727] env= 47644672 rsucc=0.850 n_rounds= 1335 ret=+8.857 len=901.7 ent(t0,t>=1)=(0.000,0.735) aL=-0.0027 vL=0.0416 initial=[red=0.48 blue=0.52] switch=0.042
[u  728] env= 47710208 rsucc=0.819 n_rounds= 1269 ret=+6.938 len=1046.5 ent(t0,t>=1)=(0.000,0.746) aL=-0.0022 vL=0.0418 initial=[red=0.49 blue=0.51] switch=0.053
[u  729] env= 47775744 rsucc=0.845 n_rounds= 1355 ret=+7.078 len=976.0 ent(t0,t>=1)=(0.000,0.714) aL=-0.0018 vL=0.0479 initial=[red=0.52 blue=0.48] switch=0.059
[u  730] env= 47841280 rsucc=0.855 n_rounds= 1333 ret=+6.784 len=992.9 ent(t0,t>=1)=(0.000,0.692) aL=-0.0020 vL=0.0422 initial=[red=0.46 blue=0.54] switch=0.048
[u  731] env= 47906816 rsucc=0.844 n_rounds= 1292 ret=+7.061 len=997.6 ent(t0,t>=1)=(0.000,0.722) aL=-0.0023 vL=0.0410 initial=[red=0.50 blue=0.50] switch=0.053
[u  732] env= 47972352 rsucc=0.865 n_rounds= 1315 ret=+7.942 len=960.1 ent(t0,t>=1)=(0.000,0.690) aL=-0.0022 vL=0.0432 initial=[red=0.51 blue=0.49] switch=0.044
[u  733] env= 48037888 rsucc=0.847 n_rounds= 1328 ret=+7.155 len=995.8 ent(t0,t>=1)=(0.000,0.748) aL=-0.0020 vL=0.0455 initial=[red=0.48 blue=0.52] switch=0.036
[u  734] env= 48103424 rsucc=0.870 n_rounds= 1386 ret=+8.064 len=910.6 ent(t0,t>=1)=(0.000,0.680) aL=-0.0022 vL=0.0488 initial=[red=0.49 blue=0.51] switch=0.032
[u  735] env= 48168960 rsucc=0.880 n_rounds= 1415 ret=+7.105 len=1032.8 ent(t0,t>=1)=(0.000,0.641) aL=-0.0019 vL=0.0481 initial=[red=0.49 blue=0.51] switch=0.036
[u  736] env= 48234496 rsucc=0.850 n_rounds= 1348 ret=+6.707 len=1026.5 ent(t0,t>=1)=(0.000,0.686) aL=-0.0020 vL=0.0409 initial=[red=0.51 blue=0.49] switch=0.043
[u  737] env= 48300032 rsucc=0.860 n_rounds= 1383 ret=+7.797 len=941.4 ent(t0,t>=1)=(0.000,0.717) aL=-0.0018 vL=0.0470 initial=[red=0.49 blue=0.51] switch=0.043
[u  738] env= 48365568 rsucc=0.866 n_rounds= 1403 ret=+8.736 len=895.1 ent(t0,t>=1)=(0.000,0.722) aL=-0.0024 vL=0.0484 initial=[red=0.51 blue=0.49] switch=0.039
[u  739] env= 48431104 rsucc=0.838 n_rounds= 1305 ret=+8.035 len=948.4 ent(t0,t>=1)=(0.000,0.719) aL=-0.0022 vL=0.0411 initial=[red=0.47 blue=0.53] switch=0.041
[u  740] env= 48496640 rsucc=0.855 n_rounds= 1343 ret=+7.800 len=989.6 ent(t0,t>=1)=(0.000,0.699) aL=-0.0024 vL=0.0463 initial=[red=0.47 blue=0.53] switch=0.045
[u  741] env= 48562176 rsucc=0.867 n_rounds= 1357 ret=+8.110 len=956.5 ent(t0,t>=1)=(0.000,0.687) aL=-0.0022 vL=0.0454 initial=[red=0.50 blue=0.50] switch=0.039
[u  742] env= 48627712 rsucc=0.897 n_rounds= 1424 ret=+8.323 len=918.3 ent(t0,t>=1)=(0.000,0.657) aL=-0.0022 vL=0.0488 initial=[red=0.52 blue=0.48] switch=0.037
[u  743] env= 48693248 rsucc=0.893 n_rounds= 1415 ret=+7.529 len=996.4 ent(t0,t>=1)=(0.000,0.683) aL=-0.0025 vL=0.0488 initial=[red=0.49 blue=0.51] switch=0.035
[u  744] env= 48758784 rsucc=0.850 n_rounds= 1345 ret=+8.330 len=946.9 ent(t0,t>=1)=(0.000,0.719) aL=-0.0020 vL=0.0463 initial=[red=0.50 blue=0.50] switch=0.050
[u  745] env= 48824320 rsucc=0.868 n_rounds= 1414 ret=+7.845 len=943.5 ent(t0,t>=1)=(0.000,0.740) aL=-0.0022 vL=0.0489 initial=[red=0.49 blue=0.51] switch=0.045
[u  746] env= 48889856 rsucc=0.842 n_rounds= 1347 ret=+8.417 len=926.6 ent(t0,t>=1)=(0.000,0.752) aL=-0.0021 vL=0.0487 initial=[red=0.51 blue=0.49] switch=0.042
[u  747] env= 48955392 rsucc=0.870 n_rounds= 1414 ret=+8.058 len=934.4 ent(t0,t>=1)=(0.000,0.676) aL=-0.0022 vL=0.0458 initial=[red=0.51 blue=0.49] switch=0.046
[u  748] env= 49020928 rsucc=0.841 n_rounds= 1335 ret=+8.096 len=955.0 ent(t0,t>=1)=(0.000,0.715) aL=-0.0022 vL=0.0428 initial=[red=0.50 blue=0.50] switch=0.040
[u  749] env= 49086464 rsucc=0.882 n_rounds= 1396 ret=+7.739 len=958.0 ent(t0,t>=1)=(0.000,0.660) aL=-0.0022 vL=0.0435 initial=[red=0.50 blue=0.50] switch=0.038
[u  750] env= 49152000 rsucc=0.871 n_rounds= 1370 ret=+7.934 len=945.0 ent(t0,t>=1)=(0.000,0.669) aL=-0.0017 vL=0.0429 initial=[red=0.51 blue=0.49] switch=0.048
[u  751] env= 49217536 rsucc=0.860 n_rounds= 1321 ret=+7.665 len=968.5 ent(t0,t>=1)=(0.000,0.678) aL=-0.0020 vL=0.0445 initial=[red=0.49 blue=0.51] switch=0.039
[u  752] env= 49283072 rsucc=0.820 n_rounds= 1278 ret=+7.937 len=958.6 ent(t0,t>=1)=(0.000,0.699) aL=-0.0022 vL=0.0403 initial=[red=0.48 blue=0.52] switch=0.041
[u  753] env= 49348608 rsucc=0.865 n_rounds= 1321 ret=+7.152 len=998.9 ent(t0,t>=1)=(0.000,0.709) aL=-0.0020 vL=0.0447 initial=[red=0.50 blue=0.50] switch=0.046
[u  754] env= 49414144 rsucc=0.859 n_rounds= 1379 ret=+7.496 len=963.0 ent(t0,t>=1)=(0.000,0.730) aL=-0.0022 vL=0.0452 initial=[red=0.50 blue=0.50] switch=0.047
[u  755] env= 49479680 rsucc=0.835 n_rounds= 1319 ret=+7.584 len=990.9 ent(t0,t>=1)=(0.000,0.751) aL=-0.0014 vL=0.0434 initial=[red=0.51 blue=0.49] switch=0.047
[u  756] env= 49545216 rsucc=0.853 n_rounds= 1340 ret=+6.908 len=1016.1 ent(t0,t>=1)=(0.000,0.717) aL=-0.0020 vL=0.0429 initial=[red=0.50 blue=0.50] switch=0.046
[u  757] env= 49610752 rsucc=0.803 n_rounds= 1242 ret=+6.929 len=1006.4 ent(t0,t>=1)=(0.000,0.785) aL=-0.0025 vL=0.0421 initial=[red=0.49 blue=0.51] switch=0.045
[u  758] env= 49676288 rsucc=0.856 n_rounds= 1352 ret=+6.382 len=1033.5 ent(t0,t>=1)=(0.000,0.723) aL=-0.0021 vL=0.0444 initial=[red=0.48 blue=0.52] switch=0.046
[u  759] env= 49741824 rsucc=0.836 n_rounds= 1302 ret=+6.844 len=989.2 ent(t0,t>=1)=(0.000,0.761) aL=-0.0020 vL=0.0409 initial=[red=0.50 blue=0.50] switch=0.040
[u  760] env= 49807360 rsucc=0.834 n_rounds= 1347 ret=+6.889 len=997.5 ent(t0,t>=1)=(0.000,0.726) aL=-0.0019 vL=0.0440 initial=[red=0.48 blue=0.52] switch=0.039
[u  761] env= 49872896 rsucc=0.841 n_rounds= 1362 ret=+6.074 len=1036.6 ent(t0,t>=1)=(0.000,0.697) aL=-0.0020 vL=0.0483 initial=[red=0.50 blue=0.50] switch=0.039
[u  762] env= 49938432 rsucc=0.867 n_rounds= 1417 ret=+7.833 len=939.1 ent(t0,t>=1)=(0.000,0.705) aL=-0.0019 vL=0.0505 initial=[red=0.48 blue=0.52] switch=0.042
[u  763] env= 50003968 rsucc=0.874 n_rounds= 1373 ret=+7.593 len=961.8 ent(t0,t>=1)=(0.000,0.708) aL=-0.0019 vL=0.0465 initial=[red=0.51 blue=0.49] switch=0.047
[u  764] env= 50069504 rsucc=0.842 n_rounds= 1312 ret=+8.098 len=959.7 ent(t0,t>=1)=(0.000,0.761) aL=-0.0019 vL=0.0445 initial=[red=0.50 blue=0.50] switch=0.060
[u  765] env= 50135040 rsucc=0.833 n_rounds= 1275 ret=+7.590 len=976.9 ent(t0,t>=1)=(0.000,0.774) aL=-0.0023 vL=0.0429 initial=[red=0.49 blue=0.51] switch=0.048
[u  766] env= 50200576 rsucc=0.824 n_rounds= 1276 ret=+7.653 len=936.5 ent(t0,t>=1)=(0.000,0.759) aL=-0.0017 vL=0.0419 initial=[red=0.48 blue=0.52] switch=0.046
[u  767] env= 50266112 rsucc=0.825 n_rounds= 1389 ret=+6.767 len=1035.2 ent(t0,t>=1)=(0.000,0.737) aL=-0.0022 vL=0.0485 initial=[red=0.51 blue=0.49] switch=0.051
[u  768] env= 50331648 rsucc=0.902 n_rounds= 1480 ret=+7.444 len=951.8 ent(t0,t>=1)=(0.000,0.636) aL=-0.0020 vL=0.0497 initial=[red=0.52 blue=0.48] switch=0.053
[u  769] env= 50397184 rsucc=0.879 n_rounds= 1344 ret=+7.712 len=952.8 ent(t0,t>=1)=(0.000,0.682) aL=-0.0019 vL=0.0441 initial=[red=0.51 blue=0.49] switch=0.042
[u  770] env= 50462720 rsucc=0.826 n_rounds= 1210 ret=+7.575 len=999.1 ent(t0,t>=1)=(0.000,0.730) aL=-0.0018 vL=0.0399 initial=[red=0.51 blue=0.49] switch=0.038
[u  771] env= 50528256 rsucc=0.825 n_rounds= 1346 ret=+7.418 len=984.5 ent(t0,t>=1)=(0.000,0.716) aL=-0.0016 vL=0.0469 initial=[red=0.50 blue=0.50] switch=0.039
[u  772] env= 50593792 rsucc=0.883 n_rounds= 1406 ret=+7.174 len=983.0 ent(t0,t>=1)=(0.000,0.691) aL=-0.0016 vL=0.0482 initial=[red=0.48 blue=0.52] switch=0.036
[u  773] env= 50659328 rsucc=0.846 n_rounds= 1334 ret=+6.829 len=994.4 ent(t0,t>=1)=(0.000,0.701) aL=-0.0018 vL=0.0481 initial=[red=0.51 blue=0.49] switch=0.046
[u  774] env= 50724864 rsucc=0.866 n_rounds= 1402 ret=+7.521 len=967.3 ent(t0,t>=1)=(0.000,0.707) aL=-0.0021 vL=0.0461 initial=[red=0.53 blue=0.47] switch=0.050
[u  775] env= 50790400 rsucc=0.854 n_rounds= 1296 ret=+7.990 len=929.2 ent(t0,t>=1)=(0.000,0.728) aL=-0.0019 vL=0.0446 initial=[red=0.50 blue=0.50] switch=0.045
[u  776] env= 50855936 rsucc=0.877 n_rounds= 1448 ret=+7.814 len=993.7 ent(t0,t>=1)=(0.000,0.740) aL=-0.0015 vL=0.0510 initial=[red=0.50 blue=0.50] switch=0.051
[u  777] env= 50921472 rsucc=0.883 n_rounds= 1394 ret=+8.080 len=941.6 ent(t0,t>=1)=(0.000,0.706) aL=-0.0018 vL=0.0504 initial=[red=0.50 blue=0.50] switch=0.045
[u  778] env= 50987008 rsucc=0.864 n_rounds= 1346 ret=+9.062 len=877.7 ent(t0,t>=1)=(0.000,0.694) aL=-0.0017 vL=0.0426 initial=[red=0.50 blue=0.50] switch=0.040
[u  779] env= 51052544 rsucc=0.820 n_rounds= 1314 ret=+7.410 len=965.7 ent(t0,t>=1)=(0.000,0.789) aL=-0.0017 vL=0.0450 initial=[red=0.51 blue=0.49] switch=0.043
[u  780] env= 51118080 rsucc=0.844 n_rounds= 1321 ret=+6.778 len=1052.1 ent(t0,t>=1)=(0.000,0.705) aL=-0.0018 vL=0.0428 initial=[red=0.50 blue=0.50] switch=0.044
[u  781] env= 51183616 rsucc=0.872 n_rounds= 1380 ret=+7.544 len=974.3 ent(t0,t>=1)=(0.000,0.719) aL=-0.0018 vL=0.0470 initial=[red=0.50 blue=0.50] switch=0.042
[u  782] env= 51249152 rsucc=0.891 n_rounds= 1372 ret=+7.600 len=970.3 ent(t0,t>=1)=(0.000,0.669) aL=-0.0018 vL=0.0477 initial=[red=0.49 blue=0.51] switch=0.040
[u  783] env= 51314688 rsucc=0.867 n_rounds= 1401 ret=+8.336 len=929.1 ent(t0,t>=1)=(0.000,0.650) aL=-0.0013 vL=0.0490 initial=[red=0.50 blue=0.50] switch=0.042
[u  784] env= 51380224 rsucc=0.851 n_rounds= 1349 ret=+7.315 len=985.5 ent(t0,t>=1)=(0.000,0.696) aL=-0.0015 vL=0.0475 initial=[red=0.49 blue=0.51] switch=0.043
[u  785] env= 51445760 rsucc=0.886 n_rounds= 1488 ret=+8.162 len=943.0 ent(t0,t>=1)=(0.000,0.672) aL=-0.0013 vL=0.0540 initial=[red=0.50 blue=0.50] switch=0.038
[u  786] env= 51511296 rsucc=0.845 n_rounds= 1351 ret=+9.145 len=875.5 ent(t0,t>=1)=(0.000,0.709) aL=-0.0019 vL=0.0454 initial=[red=0.51 blue=0.49] switch=0.043
[u  787] env= 51576832 rsucc=0.860 n_rounds= 1331 ret=+7.662 len=977.4 ent(t0,t>=1)=(0.000,0.660) aL=-0.0016 vL=0.0479 initial=[red=0.50 blue=0.50] switch=0.055
[u  788] env= 51642368 rsucc=0.885 n_rounds= 1420 ret=+8.047 len=951.0 ent(t0,t>=1)=(0.000,0.654) aL=-0.0012 vL=0.0489 initial=[red=0.47 blue=0.53] switch=0.040
[u  789] env= 51707904 rsucc=0.870 n_rounds= 1380 ret=+7.971 len=966.8 ent(t0,t>=1)=(0.000,0.719) aL=-0.0020 vL=0.0473 initial=[red=0.51 blue=0.49] switch=0.048
[u  790] env= 51773440 rsucc=0.866 n_rounds= 1311 ret=+8.836 len=888.1 ent(t0,t>=1)=(0.000,0.696) aL=-0.0014 vL=0.0430 initial=[red=0.48 blue=0.52] switch=0.048
[u  791] env= 51838976 rsucc=0.854 n_rounds= 1293 ret=+7.039 len=1027.5 ent(t0,t>=1)=(0.000,0.697) aL=-0.0013 vL=0.0419 initial=[red=0.52 blue=0.48] switch=0.054
[u  792] env= 51904512 rsucc=0.821 n_rounds= 1244 ret=+6.883 len=1057.8 ent(t0,t>=1)=(0.000,0.780) aL=-0.0018 vL=0.0421 initial=[red=0.50 blue=0.50] switch=0.060
[u  793] env= 51970048 rsucc=0.828 n_rounds= 1316 ret=+7.620 len=959.9 ent(t0,t>=1)=(0.000,0.790) aL=-0.0017 vL=0.0448 initial=[red=0.49 blue=0.51] switch=0.068
[u  794] env= 52035584 rsucc=0.848 n_rounds= 1365 ret=+6.841 len=975.9 ent(t0,t>=1)=(0.000,0.734) aL=-0.0016 vL=0.0448 initial=[red=0.52 blue=0.48] switch=0.059
[u  795] env= 52101120 rsucc=0.855 n_rounds= 1290 ret=+6.703 len=1031.3 ent(t0,t>=1)=(0.000,0.721) aL=-0.0015 vL=0.0427 initial=[red=0.52 blue=0.48] switch=0.055
[u  796] env= 52166656 rsucc=0.856 n_rounds= 1346 ret=+7.703 len=957.6 ent(t0,t>=1)=(0.000,0.721) aL=-0.0015 vL=0.0444 initial=[red=0.51 blue=0.49] switch=0.045
[u  797] env= 52232192 rsucc=0.880 n_rounds= 1397 ret=+6.504 len=1040.9 ent(t0,t>=1)=(0.000,0.750) aL=-0.0016 vL=0.0497 initial=[red=0.50 blue=0.50] switch=0.050
[u  798] env= 52297728 rsucc=0.883 n_rounds= 1461 ret=+7.587 len=969.1 ent(t0,t>=1)=(0.000,0.666) aL=-0.0014 vL=0.0490 initial=[red=0.49 blue=0.51] switch=0.052
[u  799] env= 52363264 rsucc=0.862 n_rounds= 1349 ret=+9.062 len=881.2 ent(t0,t>=1)=(0.000,0.686) aL=-0.0017 vL=0.0486 initial=[red=0.50 blue=0.50] switch=0.046
[u  800] env= 52428800 rsucc=0.836 n_rounds= 1278 ret=+7.576 len=987.5 ent(t0,t>=1)=(0.000,0.707) aL=-0.0014 vL=0.0461 initial=[red=0.50 blue=0.50] switch=0.045
[u  801] env= 52494336 rsucc=0.817 n_rounds= 1295 ret=+7.678 len=980.8 ent(t0,t>=1)=(0.000,0.746) aL=-0.0013 vL=0.0433 initial=[red=0.51 blue=0.49] switch=0.055
[u  802] env= 52559872 rsucc=0.825 n_rounds= 1312 ret=+6.993 len=989.5 ent(t0,t>=1)=(0.000,0.748) aL=-0.0014 vL=0.0448 initial=[red=0.48 blue=0.52] switch=0.040
[u  803] env= 52625408 rsucc=0.830 n_rounds= 1340 ret=+6.947 len=1004.2 ent(t0,t>=1)=(0.000,0.777) aL=-0.0013 vL=0.0476 initial=[red=0.49 blue=0.51] switch=0.048
[u  804] env= 52690944 rsucc=0.874 n_rounds= 1473 ret=+6.520 len=1012.3 ent(t0,t>=1)=(0.000,0.707) aL=-0.0011 vL=0.0512 initial=[red=0.48 blue=0.52] switch=0.038
[u  805] env= 52756480 rsucc=0.905 n_rounds= 1427 ret=+8.663 len=886.1 ent(t0,t>=1)=(0.000,0.615) aL=-0.0011 vL=0.0523 initial=[red=0.50 blue=0.50] switch=0.037
[u  806] env= 52822016 rsucc=0.896 n_rounds= 1420 ret=+8.547 len=904.5 ent(t0,t>=1)=(0.000,0.629) aL=-0.0011 vL=0.0510 initial=[red=0.50 blue=0.50] switch=0.042
[u  807] env= 52887552 rsucc=0.896 n_rounds= 1422 ret=+8.303 len=945.1 ent(t0,t>=1)=(0.000,0.608) aL=-0.0010 vL=0.0495 initial=[red=0.51 blue=0.49] switch=0.046
[u  808] env= 52953088 rsucc=0.890 n_rounds= 1488 ret=+8.540 len=938.4 ent(t0,t>=1)=(0.000,0.663) aL=-0.0011 vL=0.0509 initial=[red=0.48 blue=0.52] switch=0.042
[u  809] env= 53018624 rsucc=0.888 n_rounds= 1476 ret=+9.336 len=878.6 ent(t0,t>=1)=(0.000,0.605) aL=-0.0011 vL=0.0519 initial=[red=0.50 blue=0.50] switch=0.040
[u  810] env= 53084160 rsucc=0.883 n_rounds= 1387 ret=+9.409 len=869.8 ent(t0,t>=1)=(0.000,0.619) aL=-0.0011 vL=0.0476 initial=[red=0.49 blue=0.51] switch=0.038
[u  811] env= 53149696 rsucc=0.893 n_rounds= 1385 ret=+7.945 len=961.5 ent(t0,t>=1)=(0.000,0.637) aL=-0.0011 vL=0.0492 initial=[red=0.52 blue=0.48] switch=0.047
[u  812] env= 53215232 rsucc=0.864 n_rounds= 1384 ret=+7.865 len=985.7 ent(t0,t>=1)=(0.000,0.654) aL=-0.0013 vL=0.0467 initial=[red=0.52 blue=0.48] switch=0.051
[u  813] env= 53280768 rsucc=0.838 n_rounds= 1281 ret=+8.129 len=939.3 ent(t0,t>=1)=(0.000,0.682) aL=-0.0012 vL=0.0411 initial=[red=0.49 blue=0.51] switch=0.055
[u  814] env= 53346304 rsucc=0.865 n_rounds= 1316 ret=+8.646 len=914.4 ent(t0,t>=1)=(0.000,0.715) aL=-0.0010 vL=0.0486 initial=[red=0.48 blue=0.52] switch=0.059
[u  815] env= 53411840 rsucc=0.848 n_rounds= 1314 ret=+8.215 len=944.4 ent(t0,t>=1)=(0.000,0.720) aL=-0.0010 vL=0.0449 initial=[red=0.52 blue=0.48] switch=0.052
[u  816] env= 53477376 rsucc=0.817 n_rounds= 1319 ret=+6.984 len=1029.6 ent(t0,t>=1)=(0.000,0.749) aL=-0.0010 vL=0.0447 initial=[red=0.53 blue=0.47] switch=0.059
[u  817] env= 53542912 rsucc=0.866 n_rounds= 1399 ret=+6.772 len=1008.6 ent(t0,t>=1)=(0.000,0.699) aL=-0.0011 vL=0.0496 initial=[red=0.50 blue=0.50] switch=0.046
[u  818] env= 53608448 rsucc=0.887 n_rounds= 1392 ret=+6.243 len=1035.4 ent(t0,t>=1)=(0.000,0.722) aL=-0.0010 vL=0.0472 initial=[red=0.49 blue=0.51] switch=0.044
[u  819] env= 53673984 rsucc=0.848 n_rounds= 1364 ret=+8.715 len=885.3 ent(t0,t>=1)=(0.000,0.746) aL=-0.0010 vL=0.0461 initial=[red=0.49 blue=0.51] switch=0.051
[u  820] env= 53739520 rsucc=0.845 n_rounds= 1287 ret=+7.305 len=1015.5 ent(t0,t>=1)=(0.000,0.743) aL=-0.0009 vL=0.0419 initial=[red=0.47 blue=0.53] switch=0.056
[u  821] env= 53805056 rsucc=0.827 n_rounds= 1334 ret=+7.710 len=963.5 ent(t0,t>=1)=(0.000,0.746) aL=-0.0011 vL=0.0494 initial=[red=0.52 blue=0.48] switch=0.062
[u  822] env= 53870592 rsucc=0.857 n_rounds= 1382 ret=+7.740 len=946.6 ent(t0,t>=1)=(0.000,0.737) aL=-0.0010 vL=0.0488 initial=[red=0.51 blue=0.49] switch=0.043
[u  823] env= 53936128 rsucc=0.864 n_rounds= 1392 ret=+7.169 len=975.6 ent(t0,t>=1)=(0.000,0.694) aL=-0.0007 vL=0.0488 initial=[red=0.49 blue=0.51] switch=0.040
[u  824] env= 54001664 rsucc=0.839 n_rounds= 1269 ret=+6.972 len=1016.8 ent(t0,t>=1)=(0.000,0.751) aL=-0.0009 vL=0.0437 initial=[red=0.51 blue=0.49] switch=0.060
[u  825] env= 54067200 rsucc=0.832 n_rounds= 1407 ret=+7.574 len=964.0 ent(t0,t>=1)=(0.000,0.756) aL=-0.0009 vL=0.0495 initial=[red=0.50 blue=0.50] switch=0.045
[u  826] env= 54132736 rsucc=0.855 n_rounds= 1377 ret=+8.280 len=887.2 ent(t0,t>=1)=(0.000,0.712) aL=-0.0010 vL=0.0474 initial=[red=0.50 blue=0.50] switch=0.052
[u  827] env= 54198272 rsucc=0.856 n_rounds= 1374 ret=+7.719 len=961.5 ent(t0,t>=1)=(0.000,0.707) aL=-0.0008 vL=0.0461 initial=[red=0.50 blue=0.50] switch=0.050
[u  828] env= 54263808 rsucc=0.887 n_rounds= 1463 ret=+7.062 len=994.0 ent(t0,t>=1)=(0.000,0.644) aL=-0.0009 vL=0.0535 initial=[red=0.51 blue=0.49] switch=0.043
[u  829] env= 54329344 rsucc=0.852 n_rounds= 1348 ret=+8.236 len=919.0 ent(t0,t>=1)=(0.000,0.699) aL=-0.0008 vL=0.0478 initial=[red=0.51 blue=0.49] switch=0.045
[u  830] env= 54394880 rsucc=0.830 n_rounds= 1305 ret=+7.664 len=952.1 ent(t0,t>=1)=(0.000,0.718) aL=-0.0007 vL=0.0458 initial=[red=0.48 blue=0.52] switch=0.048
[u  831] env= 54460416 rsucc=0.871 n_rounds= 1365 ret=+7.753 len=957.7 ent(t0,t>=1)=(0.000,0.703) aL=-0.0009 vL=0.0461 initial=[red=0.50 blue=0.50] switch=0.043
[u  832] env= 54525952 rsucc=0.831 n_rounds= 1305 ret=+7.553 len=983.9 ent(t0,t>=1)=(0.000,0.739) aL=-0.0007 vL=0.0412 initial=[red=0.48 blue=0.52] switch=0.058
[u  833] env= 54591488 rsucc=0.856 n_rounds= 1306 ret=+7.310 len=953.0 ent(t0,t>=1)=(0.000,0.733) aL=-0.0007 vL=0.0439 initial=[red=0.49 blue=0.51] switch=0.046
[u  834] env= 54657024 rsucc=0.853 n_rounds= 1310 ret=+7.055 len=1014.3 ent(t0,t>=1)=(0.000,0.775) aL=-0.0007 vL=0.0428 initial=[red=0.49 blue=0.51] switch=0.068
[u  835] env= 54722560 rsucc=0.852 n_rounds= 1338 ret=+7.554 len=973.0 ent(t0,t>=1)=(0.000,0.709) aL=-0.0009 vL=0.0442 initial=[red=0.49 blue=0.51] switch=0.057
[u  836] env= 54788096 rsucc=0.843 n_rounds= 1379 ret=+8.169 len=932.0 ent(t0,t>=1)=(0.000,0.709) aL=-0.0007 vL=0.0484 initial=[red=0.49 blue=0.51] switch=0.043
[u  837] env= 54853632 rsucc=0.890 n_rounds= 1424 ret=+7.425 len=1006.0 ent(t0,t>=1)=(0.000,0.618) aL=-0.0008 vL=0.0517 initial=[red=0.49 blue=0.51] switch=0.042
[u  838] env= 54919168 rsucc=0.889 n_rounds= 1400 ret=+7.793 len=945.7 ent(t0,t>=1)=(0.000,0.632) aL=-0.0007 vL=0.0499 initial=[red=0.50 blue=0.50] switch=0.046
[u  839] env= 54984704 rsucc=0.873 n_rounds= 1366 ret=+8.443 len=924.7 ent(t0,t>=1)=(0.000,0.692) aL=-0.0006 vL=0.0518 initial=[red=0.49 blue=0.51] switch=0.057
[u  840] env= 55050240 rsucc=0.883 n_rounds= 1448 ret=+7.626 len=1007.9 ent(t0,t>=1)=(0.000,0.659) aL=-0.0006 vL=0.0492 initial=[red=0.51 blue=0.49] switch=0.051
[u  841] env= 55115776 rsucc=0.856 n_rounds= 1321 ret=+8.236 len=946.4 ent(t0,t>=1)=(0.000,0.725) aL=-0.0008 vL=0.0434 initial=[red=0.49 blue=0.51] switch=0.060
[u  842] env= 55181312 rsucc=0.860 n_rounds= 1311 ret=+8.237 len=949.4 ent(t0,t>=1)=(0.000,0.675) aL=-0.0005 vL=0.0447 initial=[red=0.50 blue=0.50] switch=0.040
[u  843] env= 55246848 rsucc=0.881 n_rounds= 1449 ret=+7.728 len=980.4 ent(t0,t>=1)=(0.000,0.631) aL=-0.0005 vL=0.0507 initial=[red=0.51 blue=0.49] switch=0.045
[u  844] env= 55312384 rsucc=0.889 n_rounds= 1437 ret=+7.999 len=953.5 ent(t0,t>=1)=(0.000,0.667) aL=-0.0008 vL=0.0475 initial=[red=0.48 blue=0.52] switch=0.047
[u  845] env= 55377920 rsucc=0.879 n_rounds= 1375 ret=+9.121 len=853.2 ent(t0,t>=1)=(0.000,0.646) aL=-0.0005 vL=0.0455 initial=[red=0.50 blue=0.50] switch=0.055
[u  846] env= 55443456 rsucc=0.872 n_rounds= 1378 ret=+7.577 len=1005.4 ent(t0,t>=1)=(0.000,0.688) aL=-0.0005 vL=0.0518 initial=[red=0.49 blue=0.51] switch=0.052
[u  847] env= 55508992 rsucc=0.873 n_rounds= 1410 ret=+8.514 len=917.8 ent(t0,t>=1)=(0.000,0.679) aL=-0.0005 vL=0.0514 initial=[red=0.49 blue=0.51] switch=0.041
[u  848] env= 55574528 rsucc=0.841 n_rounds= 1342 ret=+8.535 len=918.5 ent(t0,t>=1)=(0.000,0.726) aL=-0.0004 vL=0.0475 initial=[red=0.49 blue=0.51] switch=0.041
[u  849] env= 55640064 rsucc=0.825 n_rounds= 1255 ret=+7.048 len=1016.8 ent(t0,t>=1)=(0.000,0.778) aL=-0.0005 vL=0.0433 initial=[red=0.51 blue=0.49] switch=0.052
[u  850] env= 55705600 rsucc=0.845 n_rounds= 1379 ret=+7.638 len=953.2 ent(t0,t>=1)=(0.000,0.740) aL=-0.0006 vL=0.0480 initial=[red=0.50 blue=0.50] switch=0.054
[u  851] env= 55771136 rsucc=0.825 n_rounds= 1334 ret=+7.133 len=970.0 ent(t0,t>=1)=(0.000,0.770) aL=-0.0005 vL=0.0472 initial=[red=0.52 blue=0.48] switch=0.044
[u  852] env= 55836672 rsucc=0.897 n_rounds= 1434 ret=+7.626 len=958.2 ent(t0,t>=1)=(0.000,0.653) aL=-0.0004 vL=0.0492 initial=[red=0.49 blue=0.51] switch=0.043
[u  853] env= 55902208 rsucc=0.867 n_rounds= 1434 ret=+7.773 len=967.1 ent(t0,t>=1)=(0.000,0.702) aL=-0.0004 vL=0.0514 initial=[red=0.50 blue=0.50] switch=0.046
[u  854] env= 55967744 rsucc=0.877 n_rounds= 1437 ret=+8.867 len=907.5 ent(t0,t>=1)=(0.000,0.631) aL=-0.0003 vL=0.0487 initial=[red=0.49 blue=0.51] switch=0.053
[u  855] env= 56033280 rsucc=0.859 n_rounds= 1284 ret=+7.894 len=952.8 ent(t0,t>=1)=(0.000,0.702) aL=-0.0004 vL=0.0430 initial=[red=0.51 blue=0.49] switch=0.060
[u  856] env= 56098816 rsucc=0.853 n_rounds= 1353 ret=+8.100 len=963.3 ent(t0,t>=1)=(0.000,0.714) aL=-0.0005 vL=0.0500 initial=[red=0.51 blue=0.49] switch=0.057
[u  857] env= 56164352 rsucc=0.883 n_rounds= 1364 ret=+7.070 len=991.3 ent(t0,t>=1)=(0.000,0.694) aL=-0.0005 vL=0.0456 initial=[red=0.48 blue=0.52] switch=0.057
[u  858] env= 56229888 rsucc=0.838 n_rounds= 1283 ret=+7.227 len=981.1 ent(t0,t>=1)=(0.000,0.739) aL=-0.0004 vL=0.0455 initial=[red=0.51 blue=0.49] switch=0.064
[u  859] env= 56295424 rsucc=0.842 n_rounds= 1347 ret=+8.097 len=943.3 ent(t0,t>=1)=(0.000,0.739) aL=-0.0004 vL=0.0477 initial=[red=0.48 blue=0.52] switch=0.053
[u  860] env= 56360960 rsucc=0.837 n_rounds= 1368 ret=+7.677 len=949.2 ent(t0,t>=1)=(0.000,0.744) aL=-0.0003 vL=0.0469 initial=[red=0.50 blue=0.50] switch=0.058
[u  861] env= 56426496 rsucc=0.861 n_rounds= 1371 ret=+7.875 len=985.4 ent(t0,t>=1)=(0.000,0.681) aL=-0.0004 vL=0.0481 initial=[red=0.50 blue=0.50] switch=0.063
[u  862] env= 56492032 rsucc=0.885 n_rounds= 1430 ret=+7.412 len=997.2 ent(t0,t>=1)=(0.000,0.660) aL=-0.0003 vL=0.0500 initial=[red=0.51 blue=0.49] switch=0.051
[u  863] env= 56557568 rsucc=0.856 n_rounds= 1353 ret=+8.097 len=919.5 ent(t0,t>=1)=(0.000,0.734) aL=-0.0003 vL=0.0489 initial=[red=0.48 blue=0.52] switch=0.051
[u  864] env= 56623104 rsucc=0.844 n_rounds= 1347 ret=+7.331 len=964.1 ent(t0,t>=1)=(0.000,0.748) aL=-0.0003 vL=0.0434 initial=[red=0.48 blue=0.52] switch=0.045
[u  865] env= 56688640 rsucc=0.839 n_rounds= 1304 ret=+7.065 len=1014.1 ent(t0,t>=1)=(0.000,0.770) aL=-0.0003 vL=0.0479 initial=[red=0.51 blue=0.49] switch=0.049
[u  866] env= 56754176 rsucc=0.825 n_rounds= 1335 ret=+7.691 len=949.1 ent(t0,t>=1)=(0.000,0.729) aL=-0.0003 vL=0.0465 initial=[red=0.51 blue=0.49] switch=0.059
[u  867] env= 56819712 rsucc=0.886 n_rounds= 1433 ret=+7.671 len=915.5 ent(t0,t>=1)=(0.000,0.674) aL=-0.0003 vL=0.0546 initial=[red=0.50 blue=0.50] switch=0.050
[u  868] env= 56885248 rsucc=0.868 n_rounds= 1268 ret=+6.725 len=1019.0 ent(t0,t>=1)=(0.000,0.676) aL=-0.0003 vL=0.0420 initial=[red=0.49 blue=0.51] switch=0.055
[u  869] env= 56950784 rsucc=0.876 n_rounds= 1349 ret=+8.000 len=957.7 ent(t0,t>=1)=(0.000,0.707) aL=-0.0003 vL=0.0486 initial=[red=0.49 blue=0.51] switch=0.053
[u  870] env= 57016320 rsucc=0.860 n_rounds= 1390 ret=+8.380 len=939.2 ent(t0,t>=1)=(0.000,0.695) aL=-0.0002 vL=0.0519 initial=[red=0.50 blue=0.50] switch=0.049
[u  871] env= 57081856 rsucc=0.874 n_rounds= 1390 ret=+8.183 len=941.0 ent(t0,t>=1)=(0.000,0.680) aL=-0.0002 vL=0.0497 initial=[red=0.49 blue=0.51] switch=0.055
[u  872] env= 57147392 rsucc=0.883 n_rounds= 1410 ret=+7.891 len=974.1 ent(t0,t>=1)=(0.000,0.736) aL=-0.0002 vL=0.0532 initial=[red=0.49 blue=0.51] switch=0.046
[u  873] env= 57212928 rsucc=0.877 n_rounds= 1409 ret=+8.133 len=959.1 ent(t0,t>=1)=(0.000,0.651) aL=-0.0002 vL=0.0494 initial=[red=0.51 blue=0.49] switch=0.047
[u  874] env= 57278464 rsucc=0.877 n_rounds= 1405 ret=+8.028 len=958.5 ent(t0,t>=1)=(0.000,0.677) aL=-0.0002 vL=0.0511 initial=[red=0.50 blue=0.50] switch=0.047
[u  875] env= 57344000 rsucc=0.871 n_rounds= 1429 ret=+7.958 len=948.6 ent(t0,t>=1)=(0.000,0.669) aL=-0.0001 vL=0.0496 initial=[red=0.49 blue=0.51] switch=0.042
[u  876] env= 57409536 rsucc=0.896 n_rounds= 1451 ret=+8.255 len=951.3 ent(t0,t>=1)=(0.000,0.653) aL=-0.0001 vL=0.0496 initial=[red=0.48 blue=0.52] switch=0.044
[u  877] env= 57475072 rsucc=0.875 n_rounds= 1363 ret=+8.936 len=877.0 ent(t0,t>=1)=(0.000,0.696) aL=-0.0002 vL=0.0496 initial=[red=0.50 blue=0.50] switch=0.048
[u  878] env= 57540608 rsucc=0.894 n_rounds= 1431 ret=+9.196 len=877.9 ent(t0,t>=1)=(0.000,0.647) aL=-0.0002 vL=0.0538 initial=[red=0.52 blue=0.48] switch=0.041
[u  879] env= 57606144 rsucc=0.857 n_rounds= 1334 ret=+8.509 len=949.7 ent(t0,t>=1)=(0.000,0.661) aL=-0.0001 vL=0.0509 initial=[red=0.51 blue=0.49] switch=0.043
[u  880] env= 57671680 rsucc=0.870 n_rounds= 1393 ret=+7.877 len=985.9 ent(t0,t>=1)=(0.000,0.648) aL=-0.0001 vL=0.0509 initial=[red=0.50 blue=0.50] switch=0.048
[u  881] env= 57737216 rsucc=0.883 n_rounds= 1400 ret=+8.651 len=930.1 ent(t0,t>=1)=(0.000,0.671) aL=-0.0001 vL=0.0510 initial=[red=0.48 blue=0.52] switch=0.047
[u  882] env= 57802752 rsucc=0.885 n_rounds= 1429 ret=+8.214 len=939.8 ent(t0,t>=1)=(0.000,0.660) aL=-0.0001 vL=0.0510 initial=[red=0.52 blue=0.48] switch=0.040
[u  883] env= 57868288 rsucc=0.863 n_rounds= 1340 ret=+8.715 len=919.2 ent(t0,t>=1)=(0.000,0.703) aL=-0.0001 vL=0.0480 initial=[red=0.50 blue=0.50] switch=0.042
[u  884] env= 57933824 rsucc=0.878 n_rounds= 1386 ret=+8.811 len=892.0 ent(t0,t>=1)=(0.000,0.670) aL=-0.0001 vL=0.0512 initial=[red=0.49 blue=0.51] switch=0.061
[u  885] env= 57999360 rsucc=0.862 n_rounds= 1362 ret=+8.010 len=971.0 ent(t0,t>=1)=(0.000,0.669) aL=-0.0001 vL=0.0485 initial=[red=0.51 blue=0.49] switch=0.062
[u  886] env= 58064896 rsucc=0.877 n_rounds= 1399 ret=+7.618 len=1004.9 ent(t0,t>=1)=(0.000,0.685) aL=-0.0001 vL=0.0507 initial=[red=0.50 blue=0.50] switch=0.050
[u  887] env= 58130432 rsucc=0.888 n_rounds= 1412 ret=+8.515 len=906.6 ent(t0,t>=1)=(0.000,0.616) aL=-0.0001 vL=0.0507 initial=[red=0.50 blue=0.50] switch=0.046
[u  888] env= 58195968 rsucc=0.876 n_rounds= 1316 ret=+8.095 len=962.2 ent(t0,t>=1)=(0.000,0.708) aL=-0.0001 vL=0.0474 initial=[red=0.48 blue=0.52] switch=0.044
[u  889] env= 58261504 rsucc=0.861 n_rounds= 1299 ret=+7.611 len=1019.2 ent(t0,t>=1)=(0.000,0.730) aL=-0.0001 vL=0.0453 initial=[red=0.51 blue=0.49] switch=0.053
[u  890] env= 58327040 rsucc=0.884 n_rounds= 1418 ret=+7.338 len=1012.5 ent(t0,t>=1)=(0.000,0.656) aL=-0.0001 vL=0.0511 initial=[red=0.50 blue=0.50] switch=0.050
[u  891] env= 58392576 rsucc=0.876 n_rounds= 1342 ret=+8.429 len=910.5 ent(t0,t>=1)=(0.000,0.693) aL=-0.0001 vL=0.0503 initial=[red=0.50 blue=0.50] switch=0.049
[u  892] env= 58458112 rsucc=0.843 n_rounds= 1345 ret=+8.251 len=923.5 ent(t0,t>=1)=(0.000,0.699) aL=-0.0001 vL=0.0489 initial=[red=0.49 blue=0.51] switch=0.056
[u  893] env= 58523648 rsucc=0.858 n_rounds= 1332 ret=+6.393 len=1062.6 ent(t0,t>=1)=(0.000,0.686) aL=-0.0001 vL=0.0470 initial=[red=0.51 blue=0.49] switch=0.051
[u  894] env= 58589184 rsucc=0.844 n_rounds= 1335 ret=+7.491 len=986.4 ent(t0,t>=1)=(0.000,0.763) aL=-0.0000 vL=0.0491 initial=[red=0.50 blue=0.50] switch=0.056
[u  895] env= 58654720 rsucc=0.851 n_rounds= 1365 ret=+7.635 len=953.5 ent(t0,t>=1)=(0.000,0.803) aL=-0.0001 vL=0.0469 initial=[red=0.51 blue=0.49] switch=0.067
[u  896] env= 58720256 rsucc=0.833 n_rounds= 1325 ret=+7.746 len=945.6 ent(t0,t>=1)=(0.000,0.737) aL=-0.0000 vL=0.0482 initial=[red=0.50 blue=0.50] switch=0.056
[u  897] env= 58785792 rsucc=0.874 n_rounds= 1415 ret=+7.086 len=1022.1 ent(t0,t>=1)=(0.000,0.689) aL=-0.0000 vL=0.0520 initial=[red=0.50 blue=0.50] switch=0.049
[u  898] env= 58851328 rsucc=0.879 n_rounds= 1439 ret=+8.381 len=912.6 ent(t0,t>=1)=(0.000,0.697) aL=-0.0000 vL=0.0523 initial=[red=0.53 blue=0.47] switch=0.054
[u  899] env= 58916864 rsucc=0.886 n_rounds= 1393 ret=+8.139 len=954.3 ent(t0,t>=1)=(0.000,0.667) aL=-0.0000 vL=0.0493 initial=[red=0.50 blue=0.50] switch=0.041
[u  900] env= 58982400 rsucc=0.865 n_rounds= 1377 ret=+8.216 len=950.2 ent(t0,t>=1)=(0.000,0.726) aL=-0.0000 vL=0.0488 initial=[red=0.50 blue=0.50] switch=0.044
[u  901] env= 59047936 rsucc=0.876 n_rounds= 1397 ret=+8.282 len=919.4 ent(t0,t>=1)=(0.000,0.683) aL=-0.0000 vL=0.0503 initial=[red=0.49 blue=0.51] switch=0.044
[u  902] env= 59113472 rsucc=0.872 n_rounds= 1344 ret=+8.535 len=921.7 ent(t0,t>=1)=(0.000,0.636) aL=-0.0000 vL=0.0477 initial=[red=0.49 blue=0.51] switch=0.044
[u  903] env= 59179008 rsucc=0.845 n_rounds= 1319 ret=+7.887 len=986.2 ent(t0,t>=1)=(0.000,0.717) aL=-0.0000 vL=0.0472 initial=[red=0.50 blue=0.50] switch=0.049
[u  904] env= 59244544 rsucc=0.879 n_rounds= 1394 ret=+8.061 len=952.5 ent(t0,t>=1)=(0.000,0.669) aL=-0.0000 vL=0.0486 initial=[red=0.48 blue=0.52] switch=0.048
[u  905] env= 59310080 rsucc=0.864 n_rounds= 1352 ret=+8.029 len=941.5 ent(t0,t>=1)=(0.000,0.688) aL=-0.0000 vL=0.0485 initial=[red=0.50 blue=0.50] switch=0.046
[u  906] env= 59375616 rsucc=0.868 n_rounds= 1399 ret=+7.420 len=984.4 ent(t0,t>=1)=(0.000,0.630) aL=-0.0000 vL=0.0519 initial=[red=0.49 blue=0.51] switch=0.040
[u  907] env= 59441152 rsucc=0.867 n_rounds= 1390 ret=+8.032 len=950.9 ent(t0,t>=1)=(0.000,0.681) aL=-0.0000 vL=0.0501 initial=[red=0.50 blue=0.50] switch=0.044
[u  908] env= 59506688 rsucc=0.869 n_rounds= 1399 ret=+7.275 len=1009.7 ent(t0,t>=1)=(0.000,0.703) aL=-0.0000 vL=0.0479 initial=[red=0.51 blue=0.49] switch=0.056
[u  909] env= 59572224 rsucc=0.878 n_rounds= 1363 ret=+8.077 len=939.0 ent(t0,t>=1)=(0.000,0.664) aL=-0.0000 vL=0.0489 initial=[red=0.49 blue=0.51] switch=0.062
[u  910] env= 59637760 rsucc=0.827 n_rounds= 1295 ret=+7.544 len=976.3 ent(t0,t>=1)=(0.000,0.789) aL=-0.0000 vL=0.0465 initial=[red=0.49 blue=0.51] switch=0.056
[u  911] env= 59703296 rsucc=0.851 n_rounds= 1368 ret=+8.543 len=896.9 ent(t0,t>=1)=(0.000,0.698) aL=-0.0000 vL=0.0528 initial=[red=0.49 blue=0.51] switch=0.048
[u  912] env= 59768832 rsucc=0.867 n_rounds= 1388 ret=+7.634 len=967.2 ent(t0,t>=1)=(0.000,0.689) aL=-0.0000 vL=0.0552 initial=[red=0.51 blue=0.49] switch=0.057
[u  913] env= 59834368 rsucc=0.895 n_rounds= 1432 ret=+7.569 len=976.2 ent(t0,t>=1)=(0.000,0.682) aL=-0.0000 vL=0.0531 initial=[red=0.51 blue=0.49] switch=0.066
[u  914] env= 59899904 rsucc=0.861 n_rounds= 1299 ret=+8.618 len=926.9 ent(t0,t>=1)=(0.000,0.709) aL=+0.0000 vL=0.0465 initial=[red=0.52 blue=0.48] switch=0.053
[u  915] env= 59965440 rsucc=0.877 n_rounds= 1407 ret=+7.651 len=991.7 ent(t0,t>=1)=(0.000,0.692) aL=+0.0000 vL=0.0495 initial=[red=0.51 blue=0.49] switch=0.043
[main] training done in 643.0s
        round_success_rate: [+0.1722, +0.1910, +0.2257, +0.2055, +0.2277, +0.2071, +0.1608, +0.1651, +0.1921, +0.2377, +0.2912, +0.2762, +0.2469, +0.2211, +0.2183, +0.2517, +0.2876, +0.3385, +0.4490, +0.4982, +0.4732, +0.5277, +0.5348, +0.6034, +0.5805, +0.5683, +0.5718, +0.5586, +0.5854, +0.6255, +0.6510, +0.6081, +0.5770, +0.6307, +0.6418, +0.6902, +0.6540, +0.6736, +0.6269, +0.5706, +0.7129, +0.6677, +0.6435, +0.6357, +0.6960, +0.7427, +0.6412, +0.6562, +0.6605, +0.6962, +0.6768, +0.6797, +0.6813, +0.6687, +0.6366, +0.6906, +0.6727, +0.6514, +0.6071, +0.6144, +0.6985, +0.7313, +0.6949, +0.6910, +0.6891, +0.6996, +0.7656, +0.7474, +0.7195, +0.7099, +0.7039, +0.7449, +0.7157, +0.6928, +0.6468, +0.6585, +0.6965, +0.7277, +0.6857, +0.7197, +0.6972, +0.6965, +0.7095, +0.7111, +0.7282, +0.7531, +0.7355, +0.6806, +0.6677, +0.7190, +0.7603, +0.7368, +0.6804, +0.6978, +0.7025, +0.6970, +0.7154, +0.7240, +0.7341, +0.6321, +0.6818, +0.7092, +0.7238, +0.7016, +0.6950, +0.7628, +0.6885, +0.7219, +0.7530, +0.7489, +0.7756, +0.7208, +0.7724, +0.7383, +0.7316, +0.6531, +0.6765, +0.6913, +0.6896, +0.7260, +0.7047, +0.7697, +0.7555, +0.7523, +0.7085, +0.7391, +0.7076, +0.6696, +0.7135, +0.7430, +0.6749, +0.7413, +0.7094, +0.7695, +0.7441, +0.7433, +0.7301, +0.7399, +0.7441, +0.7236, +0.7002, +0.7985, +0.7427, +0.6886, +0.7151, +0.7281, +0.7136, +0.7250, +0.7024, +0.7074, +0.7736, +0.7251, +0.7213, +0.6982, +0.7088, +0.7470, +0.7186, +0.7491, +0.7157, +0.7050, +0.7198, +0.7269, +0.7550, +0.7740, +0.7666, +0.7837, +0.7743, +0.7688, +0.7430, +0.7493, +0.7333, +0.7299, +0.7014, +0.7518, +0.7852, +0.7450, +0.7407, +0.7502, +0.7688, +0.7946, +0.7648, +0.7647, +0.7874, +0.7700, +0.7225, +0.7867, +0.7794, +0.7828, +0.8119, +0.7849, +0.7753, +0.7788, +0.7682, +0.7104, +0.7569, +0.7824, +0.7818, +0.8010, +0.8377, +0.8167, +0.7907, +0.7395, +0.7247, +0.7291, +0.8187, +0.7683, +0.8161, +0.7973, +0.8201, +0.8179, +0.8022, +0.7945, +0.7945, +0.7919, +0.7843, +0.7885, +0.7928, +0.7743, +0.8033, +0.8000, +0.8166, +0.8268, +0.7602, +0.8168, +0.7943, +0.8067, +0.7807, +0.7442, +0.8119, +0.7916, +0.7669, +0.7940, +0.7804, +0.8066, +0.7709, +0.7897, +0.7834, +0.7906, +0.7990, +0.8155, +0.8350, +0.8164, +0.8135, +0.7832, +0.7846, +0.7764, +0.8116, +0.8233, +0.7958, +0.7859, +0.7903, +0.8315, +0.8253, +0.7841, +0.8019, +0.7841, +0.7343, +0.7939, +0.8174, +0.7620, +0.7866, +0.8094, +0.8246, +0.7810, +0.7303, +0.7781, +0.7909, +0.8112, +0.8041, +0.8009, +0.7704, +0.8176, +0.8606, +0.8342, +0.8041, +0.8073, +0.8133, +0.8470, +0.8294, +0.8327, +0.7700, +0.7863, +0.7692, +0.7502, +0.8040, +0.8617, +0.8261, +0.7735, +0.7533, +0.7493, +0.7976, +0.8057, +0.8047, +0.8101, +0.7690, +0.8241, +0.8302, +0.8417, +0.8287, +0.8446, +0.7520, +0.7855, +0.7595, +0.8088, +0.8132, +0.7794, +0.7814, +0.8093, +0.8315, +0.8144, +0.7980, +0.8213, +0.8230, +0.8418, +0.8187, +0.7874, +0.7461, +0.8220, +0.8454, +0.8397, +0.8304, +0.7916, +0.8297, +0.7916, +0.8076, +0.8327, +0.7879, +0.7696, +0.8079, +0.8254, +0.8323, +0.7889, +0.8196, +0.7792, +0.7885, +0.8481, +0.8177, +0.8113, +0.7958, +0.7946, +0.8202, +0.8048, +0.8024, +0.8218, +0.8164, +0.7924, +0.7927, +0.7871, +0.8116, +0.7921, +0.8096, +0.8350, +0.8503, +0.8269, +0.8317, +0.8221, +0.8433, +0.8000, +0.7915, +0.7515, +0.8103, +0.7890, +0.7960, +0.7992, +0.8257, +0.8342, +0.8068, +0.7843, +0.8114, +0.8054, +0.8208, +0.8141, +0.8320, +0.7887, +0.8022, +0.8446, +0.8280, +0.8013, +0.7844, +0.8077, +0.8252, +0.8318, +0.7860, +0.8053, +0.8185, +0.8085, +0.7826, +0.7873, +0.7769, +0.8233, +0.7992, +0.8146, +0.8135, +0.8179, +0.7796, +0.8157, +0.8769, +0.8360, +0.8366, +0.8123, +0.8407, +0.8212, +0.7892, +0.8295, +0.8246, +0.8003, +0.8679, +0.8608, +0.8483, +0.8171, +0.7659, +0.8052, +0.7697, +0.8136, +0.8123, +0.8208, +0.8009, +0.7945, +0.8149, +0.8463, +0.8333, +0.8209, +0.8279, +0.8304, +0.7835, +0.8306, +0.8201, +0.8314, +0.8327, +0.8443, +0.8416, +0.7981, +0.8126, +0.7961, +0.7762, +0.7810, +0.8263, +0.8258, +0.8190, +0.8489, +0.8311, +0.8427, +0.8049, +0.8450, +0.8231, +0.8103, +0.7913, +0.8138, +0.8158, +0.8294, +0.8109, +0.8189, +0.8448, +0.8225, +0.7875, +0.8156, +0.8216, +0.8798, +0.8197, +0.8414, +0.8588, +0.8569, +0.8279, +0.8361, +0.8380, +0.8554, +0.8496, +0.7988, +0.8272, +0.8162, +0.8069, +0.8073, +0.8504, +0.8700, +0.8382, +0.8199, +0.8254, +0.7989, +0.8524, +0.8363, +0.8171, +0.7686, +0.8532, +0.8313, +0.8155, +0.7985, +0.8405, +0.8030, +0.8330, +0.8250, +0.8160, +0.7903, +0.8401, +0.8502, +0.8479, +0.8141, +0.8117, +0.8412, +0.8275, +0.8389, +0.8616, +0.8017, +0.8244, +0.8163, +0.7912, +0.8289, +0.8692, +0.8444, +0.8164, +0.8609, +0.8422, +0.8529, +0.8317, +0.8090, +0.8335, +0.8481, +0.8279, +0.8120, +0.8281, +0.8499, +0.8196, +0.8355, +0.8126, +0.8327, +0.8200, +0.8379, +0.8104, +0.8188, +0.8375, +0.8423, +0.8265, +0.8464, +0.8356, +0.8373, +0.8201, +0.8057, +0.8447, +0.8572, +0.8490, +0.8357, +0.7794, +0.8097, +0.8530, +0.8447, +0.8688, +0.8112, +0.8367, +0.8429, +0.8501, +0.8410, +0.8162, +0.8261, +0.8030, +0.8479, +0.8523, +0.8160, +0.8377, +0.8264, +0.8401, +0.8631, +0.8463, +0.8859, +0.8570, +0.8391, +0.8289, +0.8364, +0.8398, +0.8279, +0.8218, +0.8258, +0.8476, +0.8328, +0.8304, +0.8672, +0.8387, +0.8631, +0.8170, +0.8450, +0.8301, +0.8427, +0.8303, +0.8292, +0.8429, +0.8433, +0.8535, +0.8557, +0.8481, +0.8152, +0.8091, +0.8392, +0.8605, +0.8506, +0.8324, +0.8624, +0.8483, +0.8568, +0.8588, +0.8576, +0.8346, +0.8314, +0.8176, +0.8277, +0.8253, +0.8384, +0.8441, +0.8405, +0.8660, +0.8569, +0.8627, +0.8354, +0.8203, +0.8176, +0.8228, +0.8209, +0.8486, +0.8460, +0.8454, +0.8237, +0.8435, +0.8336, +0.8281, +0.8196, +0.8514, +0.8336, +0.8421, +0.8314, +0.8292, +0.8485, +0.8338, +0.8503, +0.8459, +0.8198, +0.8335, +0.8326, +0.8564, +0.8539, +0.8397, +0.8240, +0.8396, +0.8538, +0.8515, +0.8576, +0.8538, +0.8379, +0.8112, +0.8452, +0.8632, +0.8522, +0.7918, +0.8280, +0.8514, +0.8597, +0.8498, +0.8330, +0.8849, +0.8700, +0.8558, +0.8349, +0.8456, +0.8205, +0.8283, +0.8499, +0.8602, +0.8628, +0.8383, +0.8509, +0.8791, +0.8595, +0.7887, +0.8157, +0.8653, +0.8537, +0.8305, +0.8757, +0.8298, +0.8745, +0.8545, +0.8825, +0.8339, +0.8259, +0.8623, +0.8404, +0.8609, +0.8356, +0.8633, +0.8672, +0.8469, +0.8385, +0.8632, +0.8753, +0.8500, +0.8471, +0.8424, +0.8290, +0.8215, +0.8218, +0.8237, +0.8466, +0.8365, +0.8310, +0.8486, +0.8624, +0.8949, +0.8792, +0.8535, +0.8408, +0.8049, +0.8563, +0.8828, +0.8547, +0.8560, +0.8547, +0.8798, +0.8450, +0.8514, +0.8391, +0.8708, +0.8731, +0.8744, +0.8459, +0.7894, +0.8211, +0.8449, +0.8813, +0.8763, +0.8605, +0.8502, +0.8188, +0.8450, +0.8552, +0.8444, +0.8646, +0.8471, +0.8701, +0.8799, +0.8501, +0.8597, +0.8660, +0.8375, +0.8548, +0.8666, +0.8968, +0.8926, +0.8498, +0.8685, +0.8419, +0.8699, +0.8412, +0.8818, +0.8708, +0.8600, +0.8200, +0.8653, +0.8586, +0.8355, +0.8530, +0.8027, +0.8558, +0.8364, +0.8337, +0.8407, +0.8666, +0.8740, +0.8422, +0.8329, +0.8245, +0.8251, +0.9020, +0.8787, +0.8264, +0.8247, +0.8834, +0.8456, +0.8659, +0.8542, +0.8771, +0.8831, +0.8640, +0.8204, +0.8441, +0.8725, +0.8914, +0.8665, +0.8510, +0.8864, +0.8446, +0.8595, +0.8852, +0.8696, +0.8658, +0.8538, +0.8207, +0.8283, +0.8484, +0.8550, +0.8559, +0.8805, +0.8830, +0.8621, +0.8357, +0.8170, +0.8247, +0.8299, +0.8737, +0.9047, +0.8958, +0.8959, +0.8905, +0.8875, +0.8832, +0.8931, +0.8642, +0.8376, +0.8647, +0.8478, +0.8173, +0.8656, +0.8872, +0.8482, +0.8446, +0.8268, +0.8567, +0.8642, +0.8392, +0.8316, +0.8548, +0.8559, +0.8872, +0.8524, +0.8299, +0.8711, +0.8314, +0.8560, +0.8527, +0.8520, +0.8426, +0.8904, +0.8886, +0.8726, +0.8833, +0.8562, +0.8604, +0.8813, +0.8887, +0.8785, +0.8716, +0.8730, +0.8405, +0.8247, +0.8448, +0.8246, +0.8968, +0.8668, +0.8768, +0.8590, +0.8529, +0.8834, +0.8379, +0.8419, +0.8370, +0.8607, +0.8846, +0.8559, +0.8441, +0.8390, +0.8255, +0.8856, +0.8675, +0.8762, +0.8597, +0.8741, +0.8830, +0.8765, +0.8769, +0.8705, +0.8959, +0.8753, +0.8945, +0.8568, +0.8701, +0.8829, +0.8852, +0.8634, +0.8781, +0.8620, +0.8771, +0.8881, +0.8761, +0.8607, +0.8843, +0.8756, +0.8431, +0.8581, +0.8442, +0.8505, +0.8332, +0.8742, +0.8791, +0.8859, +0.8649, +0.8762, +0.8720, +0.8453, +0.8795, +0.8639, +0.8685, +0.8669, +0.8692, +0.8782, +0.8270, +0.8509, +0.8674, +0.8953, +0.8607, +0.8770]
    partner_ep_success_rate: [+0.0000, +0.0000, +0.0000, +0.0000, +0.0000, +0.5000, +0.2982, +0.0899, +0.0000, +0.0000, +0.0000, +0.7500, +0.4762, +0.5385, +0.3333, +0.0984, +0.0000, +0.0000, +0.5714, +0.5417, +0.5185, +0.3944, +0.2162, +0.6316, +0.7931, +0.6739, +0.5625, +0.5800, +0.7500, +0.6444, +0.6744, +0.6667, +0.6667, +0.7288, +0.7674, +0.7442, +0.5217, +0.7544, +0.7059, +0.6809, +0.6383, +0.7143, +0.7407, +0.8718, +0.8806, +0.9333, +0.7869, +0.8600, +0.8864, +0.7407, +0.6596, +0.8491, +0.6286, +0.6154, +0.6182, +0.5306, +0.5641, +0.5319, +0.5000, +0.7273, +0.7119, +0.6792, +0.6957, +0.7800, +0.8000, +0.7778, +0.6538, +0.6481, +0.5263, +0.6667, +0.7273, +0.8113, +0.7593, +0.7045, +0.5556, +0.5600, +0.5397, +0.7083, +0.8000, +0.8605, +0.7097, +0.7778, +0.7255, +0.6613, +0.8095, +0.8077, +0.6471, +0.6727, +0.6809, +0.7800, +0.8596, +0.8983, +0.9592, +0.8696, +0.7692, +0.6604, +0.7400, +0.7759, +0.8125, +0.8627, +0.8049, +0.8261, +0.7561, +0.6000, +0.7833, +0.8367, +0.5800, +0.7679, +0.7241, +0.7500, +0.6250, +0.7317, +0.7778, +0.6667, +0.8333, +0.6792, +0.7778, +0.6429, +0.6491, +0.7321, +0.7544, +0.8636, +0.8525, +0.8269, +0.5745, +0.5902, +0.7872, +0.6200, +0.6552, +0.6364, +0.5833, +0.6167, +0.8537, +0.8000, +0.9180, +0.8333, +0.8723, +0.6885, +0.6604, +0.7656, +0.6829, +0.8958, +0.7547, +0.7541, +0.7857, +0.7000, +0.7344, +0.6538, +0.5246, +0.5111, +0.7759, +0.7143, +0.7143, +0.6275, +0.7045, +0.6415, +0.6667, +0.7000, +0.7451, +0.7143, +0.8367, +0.7887, +0.8704, +0.7200, +0.6140, +0.6981, +0.4909, +0.7903, +0.6552, +0.7313, +0.8372, +0.8140, +0.7091, +0.7534, +0.6136, +0.7143, +0.9184, +0.8889, +0.9259, +0.9000, +0.7115, +0.8028, +0.7869, +0.8462, +0.9800, +0.8571, +0.7794, +0.7593, +0.7925, +0.7344, +0.7778, +0.6250, +0.8462, +0.7931, +0.9275, +0.8182, +0.9362, +0.7344, +0.7571, +0.7679, +0.8095, +0.5636, +0.6852, +0.7358, +0.8361, +0.6923, +0.8154, +0.8667, +0.7288, +0.6164, +0.6316, +0.8310, +0.7857, +0.8235, +0.9394, +0.8936, +0.9667, +0.9683, +0.9219, +0.8983, +0.7759, +0.7761, +0.7895, +0.8116, +0.9649, +0.9464, +0.8364, +0.7193, +0.6286, +0.7586, +0.7586, +0.7679, +0.8226, +0.8621, +0.7049, +0.7971, +0.8400, +0.9000, +0.8841, +0.8491, +0.9200, +0.8600, +0.7742, +0.6849, +0.8276, +0.7797, +0.8478, +0.8243, +0.8333, +0.7612, +0.8704, +0.8750, +0.8485, +0.7917, +0.8060, +0.7097, +0.7931, +0.7538, +0.9091, +0.6901, +0.6970, +0.7544, +0.6875, +0.8451, +0.7907, +0.8269, +0.7414, +0.7342, +0.8167, +0.8333, +0.8776, +0.8947, +0.9444, +0.8833, +0.8667, +0.7586, +0.7606, +0.8615, +0.7000, +0.7879, +0.7143, +0.7895, +0.6418, +0.7885, +0.8000, +0.9500, +0.8571, +0.7846, +0.7115, +0.7347, +0.8182, +0.8246, +0.8194, +0.7627, +0.9322, +0.9355, +0.8308, +0.9298, +0.7812, +0.9737, +0.9153, +0.8966, +0.7857, +0.8305, +0.8485, +0.8793, +0.8485, +0.7959, +0.8421, +0.6575, +0.7193, +0.7600, +0.8936, +0.8000, +0.8923, +0.7937, +0.9180, +0.9123, +0.9516, +0.8889, +0.8525, +0.7969, +0.7018, +0.8000, +0.7097, +0.6667, +0.7714, +0.8182, +0.8909, +0.9104, +0.8475, +0.8868, +0.7619, +0.6981, +0.6066, +0.7465, +0.8361, +0.7838, +0.8704, +0.7174, +0.7500, +0.7794, +0.7500, +0.8197, +0.6571, +0.6667, +0.6735, +0.8387, +0.8615, +0.8814, +0.9178, +0.8814, +0.8689, +0.7869, +0.7097, +0.7917, +0.6852, +0.6852, +0.8182, +0.8000, +0.8400, +0.7895, +0.8167, +0.6226, +0.6406, +0.7164, +0.7397, +0.8491, +0.8939, +0.8772, +0.8889, +0.7895, +0.8667, +0.6833, +0.7286, +0.7377, +0.6267, +0.7750, +0.8701, +0.8462, +0.8824, +0.8696, +0.9531, +0.8438, +0.8036, +0.8305, +0.7377, +0.5660, +0.7564, +0.8793, +0.8000, +0.7895, +0.7973, +0.7308, +0.7812, +0.8095, +0.9333, +0.8630, +0.7797, +0.8889, +0.7170, +0.8594, +0.6724, +0.7361, +0.7937, +0.8833, +0.9104, +0.9403, +0.8710, +0.8060, +0.9344, +0.8421, +0.9167, +0.8475, +0.6316, +0.8406, +0.6984, +0.7237, +0.8710, +0.7609, +0.6377, +0.7321, +0.7273, +0.6714, +0.9180, +0.9130, +0.9155, +0.8197, +0.7595, +0.7174, +0.7679, +0.7246, +0.7733, +0.8600, +0.8600, +0.8718, +0.8654, +1.0000, +0.9385, +0.8983, +0.8254, +0.8421, +0.9153, +0.9333, +0.9683, +0.8814, +0.6462, +0.7941, +0.9245, +0.8730, +0.8955, +0.8788, +0.7536, +0.7500, +0.8600, +0.8267, +0.8548, +0.9231, +0.8875, +0.8000, +0.8852, +0.8824, +0.7925, +0.9250, +0.9206, +0.8868, +0.8333, +0.9077, +0.8333, +0.8923, +0.8033, +0.9048, +0.7857, +0.8750, +0.8644, +0.7867, +0.8033, +0.8689, +0.6909, +0.8636, +0.8734, +0.9412, +0.8750, +0.7719, +0.8718, +0.7627, +0.7414, +0.7101, +0.7407, +0.7763, +0.8182, +0.8246, +0.8875, +0.6731, +0.8333, +0.8732, +0.7778, +0.6769, +0.8000, +0.6761, +0.9000, +0.8413, +0.6094, +0.7778, +0.8772, +0.8871, +0.8621, +0.8182, +0.8676, +0.7636, +0.5634, +0.6267, +0.6471, +0.7101, +0.6769, +0.7333, +0.7838, +0.8594, +0.9615, +0.8451, +0.7532, +0.7119, +0.6471, +0.7000, +0.7231, +0.8095, +0.8571, +0.9206, +0.9310, +0.8710, +0.7403, +0.8413, +0.8281, +0.8551, +0.8214, +0.6515, +0.7361, +0.7419, +0.9221, +0.8947, +0.8254, +0.7465, +0.8000, +0.8793, +0.8553, +0.7586, +0.8947, +0.8765, +0.8065, +0.7931, +0.7794, +0.9041, +0.8361, +0.9394, +0.9206, +0.9104, +0.8814, +0.7794, +0.7656, +0.8833, +0.9041, +0.8600, +0.8718, +0.8333, +0.9057, +0.9839, +0.9375, +0.8507, +0.8846, +0.7292, +0.6957, +0.7333, +0.6806, +0.8732, +0.8133, +0.9000, +0.8806, +0.8833, +0.8841, +0.8689, +0.7077, +0.8387, +0.7231, +0.8000, +0.9846, +0.9180, +0.8197, +0.8182, +0.8525, +0.8444, +0.8310, +0.6714, +0.7077, +0.6562, +0.6173, +0.8730, +0.8507, +0.8961, +0.8571, +0.7544, +0.8750, +0.8281, +0.7344, +0.9062, +0.9333, +0.8235, +0.8904, +0.5821, +0.8305, +0.8000, +0.8769, +0.8095, +0.9077, +0.8387, +0.7903, +0.7887, +0.8955, +0.7619, +0.8197, +0.9275, +0.8772, +0.7632, +0.8750, +0.7500, +0.7606, +0.7500, +0.9310, +0.7833, +0.8462, +0.7763, +0.7857, +0.7857, +0.9429, +0.9692, +0.9538, +0.9494, +0.9649, +0.8103, +0.8194, +0.8767, +0.9231, +0.8088, +0.8615, +0.8060, +0.8571, +0.8723, +0.7273, +0.7222, +0.7692, +0.8148, +0.8750, +0.8986, +0.9277, +0.8810, +0.9146, +0.8889, +0.8919, +0.7941, +0.6935, +0.9219, +0.9683, +0.7808, +0.8136, +0.7857, +0.8308, +0.9605, +0.8596, +0.9500, +0.9310, +0.8871, +0.8551, +0.9677, +0.9067, +0.9571, +0.9024, +0.7717, +0.9231, +0.9219, +0.9104, +0.7619, +0.7627, +0.6528, +0.6714, +0.7200, +0.8667, +0.9677, +0.9178, +0.9355, +0.9250, +0.9831, +0.8701, +0.8269, +0.8871, +0.8571, +0.7910, +0.7308, +0.8478, +0.7536, +0.8136, +0.8056, +0.7571, +0.8286, +0.9531, +0.9688, +0.9452, +0.8750, +0.9231, +0.8611, +0.9041, +0.7705, +0.7260, +0.8382, +0.8429, +0.8814, +0.8814, +0.8421, +0.7101, +0.7419, +0.8846, +0.8493, +0.9574, +0.8462, +0.8667, +0.7206, +0.7794, +0.8250, +0.7879, +0.7692, +0.8358, +0.8082, +0.7368, +0.8421, +0.8028, +0.7966, +0.9178, +0.9180, +0.9178, +0.8780, +0.9273, +0.9155, +0.8649, +0.9333, +0.9200, +0.8986, +0.9189, +0.8814, +0.9054, +0.8857, +0.9344, +0.9059, +0.9464, +0.7778, +0.8143, +0.8551, +0.8611, +0.7800, +0.8254, +0.7586, +0.6709, +0.7237, +0.7778, +0.7600, +0.8267, +0.8269, +0.7067, +0.9041, +0.8814, +0.9178, +0.9861, +0.9107, +0.9077, +0.8493, +0.8750, +0.8072, +0.8472, +0.8485, +0.8387, +0.8571, +0.7966, +0.7179, +0.8500, +0.8197, +0.7945, +0.8732, +0.8657, +0.8916, +0.7193, +0.9178, +0.9130, +0.9167, +0.8413, +0.9153, +0.9516, +0.9194, +0.9367, +0.9231, +0.9403, +0.9200, +0.9394, +0.9672, +0.8955, +0.8088, +0.8507, +0.8806, +0.9091, +0.9104, +0.9605, +0.8873, +0.7571, +0.8143, +0.7571, +0.8533, +0.7937, +0.7429, +0.8281, +0.6909, +0.9412, +0.8642, +0.8485, +0.8356, +0.8696, +0.8675, +0.8030, +0.6866, +0.7794, +0.9483, +0.8875, +0.8333, +0.8072, +0.7612, +0.8254, +0.7945, +0.8462, +0.9296, +0.9500, +0.9298, +0.9219, +0.8421, +0.7714, +0.7424, +0.8125, +0.8333, +0.8358, +0.8533, +0.8841, +0.8765, +0.8667, +0.8529, +0.8182, +0.7273, +0.7576, +0.9114, +0.7571, +0.7353, +0.9028, +0.7213, +0.6667, +0.6905, +0.8814, +0.9079, +0.9692, +0.8636, +0.8916, +0.8393, +0.7895, +0.8095, +0.7800, +0.8313, +0.9355, +0.9032, +0.8889, +0.9492, +0.9041, +0.9863, +0.9429, +0.9211, +0.8333, +0.9275, +0.8438, +0.7600, +0.8169, +0.8356, +0.8571, +0.8765, +0.8947, +0.9130, +0.7907, +0.8125, +0.8806, +0.8551, +0.8611, +0.7910, +0.7667, +0.8028, +0.8630, +0.9062, +0.8636, +0.8765, +0.8358, +0.8814, +0.9342, +0.8939, +0.8800, +0.9559, +0.9153, +0.8533, +0.8971, +0.9385, +0.8824, +0.7973, +0.7857, +0.8049, +0.9565, +0.9355, +0.8485]
            ep_return_mean: [+0.0000, +0.0000, +0.0000, +0.0000, +0.0000, -3.8981, -9.7034, -16.8759, +0.0000, +0.0000, +0.0000, -3.2676, -6.5673, -9.6304, -13.8999, -18.3026, +0.0000, +0.0000, -6.5423, -6.0993, -8.1580, -10.7684, -14.5676, -3.6864, +2.2579, +0.7017, -2.7327, -6.2815, -4.7454, -4.1104, -0.2115, -1.2918, -1.4351, -2.9372, -1.7608, -2.1880, -0.8203, -0.0590, -0.6136, -0.4026, -1.1597, +0.6000, +0.0724, -0.9350, -0.8723, -1.2581, -0.0194, +1.6704, +0.7892, +0.0103, +0.4316, +0.7181, -0.7426, -0.0793, -0.3904, +0.5524, -2.2208, -1.3864, +0.0872, -0.1138, -1.5231, +0.2609, +2.6597, +1.6049, +2.8610, +0.2764, +1.4786, +0.6216, +1.7533, +1.4371, +2.2280, +2.7839, +2.9202, +1.7736, +1.6149, +0.6348, +1.6669, +0.8618, +0.3898, +0.8162, +2.2938, +0.7095, -0.0732, +1.3290, +1.8583, +1.1423, +1.6366, +2.2198, +1.8344, +1.3582, +2.4926, +2.6788, +3.7736, +1.0730, +0.7725, +1.9989, +1.3384, +0.1049, +1.9979, +1.5197, +1.0297, +1.6811, +1.3497, +0.4782, +1.6523, +1.0310, +0.5118, +2.0989, +2.7691, +2.7736, +3.4856, +3.1409, +3.7571, +3.2659, +2.2121, +1.7187, +2.5913, +1.1500, +0.7909, +0.4760, +0.1966, +2.5202, +2.3822, +2.4961, +2.1344, +3.8108, +1.5246, +2.0128, +1.3974, +2.2525, +1.3148, +2.6231, +2.3534, +1.7880, +2.5939, +2.9225, +2.6115, +3.1998, +3.4779, +3.0931, +3.5734, +1.3466, +2.6966, +2.1037, +2.3350, +0.4847, +2.2133, +2.8827, +0.7392, +1.3989, +3.1255, +2.9014, +2.6623, +1.9015, +2.0716, +2.9768, +1.8811, +1.8508, +2.4831, +2.4138, +1.9249, +4.0798, +1.3938, +1.5120, +4.0500, +4.2075, +2.4247, +4.2991, +3.1094, +4.6059, +4.6455, +3.3188, +2.6754, +2.6760, +2.4225, +3.3800, +3.5614, +3.9273, +4.2190, +2.3597, +2.6302, +4.7870, +2.7298, +4.5429, +5.6186, +5.8385, +4.3386, +3.9024, +3.1202, +4.9053, +4.8919, +3.4557, +4.2217, +4.2565, +4.9366, +4.4731, +3.5761, +4.6889, +4.3893, +4.9953, +5.0511, +6.0830, +4.3837, +3.9656, +3.9703, +4.1036, +4.7647, +4.5576, +3.6098, +5.6336, +4.4439, +4.9435, +6.3424, +4.8244, +5.7852, +4.9142, +5.4828, +4.1333, +5.2364, +4.4684, +6.7849, +5.2828, +6.3699, +5.0039, +5.5233, +6.1717, +5.0614, +4.6789, +3.4837, +4.4524, +5.3822, +5.5555, +4.0359, +5.3670, +5.0680, +4.9372, +4.9888, +5.3251, +5.7360, +4.1688, +6.1654, +5.4154, +5.2529, +5.8276, +6.0905, +5.0750, +5.6917, +5.6516, +6.0085, +3.9101, +5.7866, +4.8937, +5.0653, +4.7181, +5.7590, +5.2043, +5.2441, +4.9329, +5.6250, +4.7290, +5.3663, +3.8484, +5.8403, +6.7266, +6.4099, +3.7450, +3.8403, +4.5711, +3.8093, +6.1424, +7.0471, +5.1268, +5.2369, +4.5493, +4.8948, +5.8405, +6.5781, +6.4403, +5.7133, +6.3181, +6.8206, +6.1233, +5.4101, +4.7534, +5.2882, +6.0406, +4.8158, +5.5284, +6.3072, +3.9787, +5.7248, +3.1479, +4.8752, +4.8394, +5.9203, +5.9588, +5.9050, +5.8512, +6.0718, +6.9840, +6.6866, +4.5558, +6.0980, +5.2861, +4.6951, +4.6529, +4.9200, +5.6253, +5.4496, +5.4947, +5.8505, +5.5082, +6.0219, +6.0553, +6.1429, +5.8191, +5.5326, +5.8592, +5.6811, +5.1356, +6.8357, +6.9532, +5.7493, +5.5227, +5.4911, +4.6191, +5.7558, +5.9037, +5.0899, +7.0614, +6.9318, +4.6847, +4.9565, +5.1530, +5.1939, +4.7915, +5.9860, +6.6395, +6.4335, +5.3150, +5.1426, +5.9833, +5.8807, +5.1306, +6.1441, +6.2066, +5.1351, +4.9988, +5.5907, +6.0576, +4.5879, +6.0484, +6.6775, +6.5109, +6.3943, +6.2524, +5.8888, +5.1427, +6.6155, +5.8222, +5.1209, +6.2987, +4.9838, +4.5817, +4.3773, +6.2440, +6.1478, +5.6307, +7.3501, +5.3845, +5.3334, +5.5614, +5.3951, +5.3718, +5.3715, +5.6011, +5.8351, +7.7419, +6.4099, +6.0179, +5.1488, +5.7439, +6.4688, +5.7518, +5.8478, +5.6559, +6.4012, +3.6077, +5.6712, +5.2751, +4.7074, +5.4017, +5.7114, +5.7538, +5.3854, +6.6277, +5.8950, +6.4806, +6.1145, +7.0701, +7.2431, +6.2631, +5.9834, +6.0180, +5.4896, +6.0656, +6.8438, +7.1885, +6.6170, +6.6898, +6.6996, +6.1666, +6.0104, +5.3581, +4.0028, +5.3250, +5.8558, +6.1535, +7.4627, +5.7000, +5.8895, +6.8246, +5.6892, +5.7228, +7.3172, +6.8952, +6.1336, +5.6982, +5.4960, +6.9497, +6.5267, +6.3021, +6.7311, +5.0821, +5.3182, +5.9002, +5.0615, +5.1278, +6.0506, +6.1567, +6.2452, +6.9094, +6.5369, +6.1628, +7.1876, +6.4650, +5.4652, +4.9833, +6.3288, +6.5645, +6.0328, +6.3087, +5.7807, +6.7745, +6.9641, +5.7604, +6.8720, +5.6917, +6.4725, +6.9581, +7.6831, +6.4736, +6.9054, +7.2982, +6.5434, +7.1126, +6.9952, +6.8082, +5.8399, +6.2525, +6.7347, +5.3858, +5.8834, +6.6949, +6.4877, +7.5209, +7.7188, +7.7211, +6.1550, +5.2659, +6.2462, +5.7974, +5.8125, +7.2099, +6.2878, +6.5550, +5.8699, +6.8986, +5.9616, +5.6456, +6.8358, +5.0947, +6.8133, +6.5219, +5.8728, +7.2053, +5.7375, +6.1518, +6.1112, +6.9681, +6.6566, +7.3964, +6.5579, +6.3394, +6.2640, +6.7927, +6.4184, +6.6520, +6.0582, +6.2659, +6.7409, +7.9962, +7.1260, +6.4521, +6.4396, +6.4549, +7.2772, +7.1682, +6.9744, +5.8468, +6.7805, +7.2121, +6.6531, +7.3349, +5.9193, +5.2622, +6.8172, +6.2428, +5.9589, +6.8064, +6.3395, +6.2507, +6.7192, +7.4865, +7.0294, +6.7678, +6.8541, +5.3979, +7.5681, +6.9282, +7.2604, +7.0428, +6.1787, +5.1510, +7.2715, +6.3839, +6.2098, +7.0228, +7.4017, +7.2572, +6.0875, +7.2973, +7.0347, +6.8659, +6.3300, +6.9274, +6.4367, +6.8394, +6.7970, +6.3998, +7.1316, +7.3075, +6.1762, +7.2324, +6.9005, +7.4173, +6.9898, +6.1155, +6.9196, +6.1095, +6.9621, +6.6458, +5.9969, +7.5605, +7.4459, +7.6273, +7.3874, +7.6468, +6.9630, +6.6547, +6.5606, +7.7119, +6.4803, +6.5118, +6.8990, +7.2875, +7.0368, +7.4970, +6.3824, +6.2935, +5.5543, +7.0924, +5.9352, +6.6938, +7.7709, +7.6915, +8.2640, +8.3655, +6.6892, +7.0701, +6.5908, +6.9584, +6.6551, +6.9128, +6.6571, +6.4477, +7.1102, +6.8086, +7.1299, +7.4033, +7.7408, +6.9939, +7.7544, +6.6854, +6.8533, +6.6484, +6.7604, +6.5793, +7.3429, +6.3327, +6.5957, +6.4215, +6.2424, +7.4329, +6.2912, +6.5404, +7.2636, +7.3204, +6.6615, +6.8086, +6.7497, +6.7937, +7.6328, +8.2018, +5.7817, +7.3425, +7.2187, +6.9880, +6.7834, +7.4699, +6.2203, +6.5052, +7.7419, +6.5478, +7.4010, +6.1893, +8.0008, +7.1414, +5.7386, +6.8245, +7.1896, +6.6969, +7.9539, +7.6906, +6.7934, +8.4187, +7.8461, +7.7615, +7.4740, +7.0345, +7.2826, +7.3004, +6.1100, +6.6897, +7.7499, +8.0093, +6.5917, +8.0892, +7.5779, +7.1259, +6.9033, +7.3811, +6.7424, +7.2375, +7.5282, +7.4133, +7.0083, +7.1243, +8.6050, +7.3598, +6.2937, +6.9452, +7.4642, +7.2714, +8.3749, +7.4480, +7.5610, +7.3704, +6.8104, +7.9381, +7.9262, +7.2797, +6.6825, +7.4768, +6.8004, +7.1299, +6.5549, +7.2256, +6.7328, +6.5249, +7.2387, +6.8847, +8.2071, +7.8949, +8.1412, +7.7830, +7.7149, +5.9998, +8.3653, +7.1822, +7.3679, +7.9938, +7.3827, +8.3226, +7.7952, +7.2210, +6.6026, +6.4022, +8.9062, +8.3501, +7.1410, +6.9684, +7.0270, +7.2082, +6.3823, +7.9858, +8.8573, +6.9376, +7.0779, +6.7839, +7.0609, +7.9415, +7.1553, +8.0640, +7.1047, +6.7067, +7.7970, +8.7360, +8.0352, +7.8002, +8.1102, +8.3234, +7.5294, +8.3302, +7.8445, +8.4174, +8.0581, +8.0959, +7.7394, +7.9336, +7.6651, +7.9371, +7.1522, +7.4963, +7.5840, +6.9077, +6.9293, +6.3824, +6.8436, +6.8889, +6.0744, +7.8326, +7.5927, +8.0978, +7.5895, +7.6531, +6.7667, +7.4443, +7.7117, +7.5755, +7.4181, +7.1738, +6.8292, +7.5213, +7.9899, +7.8145, +8.0801, +9.0623, +7.4104, +6.7783, +7.5444, +7.5998, +8.3357, +7.3147, +8.1625, +9.1450, +7.6622, +8.0472, +7.9705, +8.8359, +7.0393, +6.8828, +7.6203, +6.8412, +6.7035, +7.7026, +6.5043, +7.5870, +9.0618, +7.5760, +7.6784, +6.9927, +6.9473, +6.5197, +8.6628, +8.5474, +8.3034, +8.5395, +9.3358, +9.4095, +7.9446, +7.8654, +8.1294, +8.6463, +8.2151, +6.9839, +6.7724, +6.2428, +8.7151, +7.3053, +7.7104, +7.7404, +7.1693, +6.9719, +7.5740, +8.2803, +7.7188, +7.0619, +8.2356, +7.6640, +7.7533, +7.5525, +7.3101, +7.0554, +7.5538, +8.1691, +7.4253, +7.7931, +8.4426, +7.6262, +8.2358, +8.2368, +7.7281, +7.9986, +9.1205, +7.5775, +8.5138, +8.5346, +7.0475, +7.6384, +7.1334, +7.6259, +7.7732, +8.8668, +7.8944, +8.0998, +7.0697, +7.2266, +8.0967, +7.6774, +7.8752, +7.4122, +8.0969, +7.3310, +7.0648, +7.6909, +7.6711, +6.7245, +8.0004, +8.3804, +8.1834, +7.8911, +8.1325, +8.0277, +7.9578, +8.2552, +8.9360, +9.1963, +8.5090, +7.8767, +8.6512, +8.2145, +8.7153, +8.8113, +8.0096, +7.6184, +8.5153, +8.0953, +7.6114, +7.3378, +8.4292, +8.2511, +6.3928, +7.4912, +7.6349, +7.7457, +7.0865, +8.3808, +8.1390, +8.2159, +8.2815, +8.5348, +7.8869, +8.0608, +8.0286, +7.4202, +8.0323, +7.2749, +8.0770, +7.5436, +8.5433, +7.6338, +7.5692, +8.6180, +7.6511]
            ep_length_mean: [+0.0000, +0.0000, +0.0000, +0.0000, +0.0000, +1470.5000, +1693.2632, +1929.1006, +0.0000, +0.0000, +0.0000, +1437.7500, +1556.0952, +1657.5846, +1827.6287, +1969.3116, +0.0000, +0.0000, +1556.0001, +1533.6459, +1636.2469, +1752.5211, +1890.7567, +1421.1580, +1212.5862, +1317.4783, +1453.7031, +1609.8600, +1547.6500, +1499.5778, +1317.6976, +1397.2889, +1410.8096, +1476.6102, +1432.6976, +1414.3489, +1355.5000, +1341.9298, +1362.4706, +1383.3403, +1422.5106, +1334.7620, +1324.4630, +1367.6410, +1379.1195, +1428.7001, +1338.1149, +1267.1599, +1341.9546, +1366.2037, +1317.1063, +1292.6415, +1410.3429, +1346.1731, +1348.3636, +1315.4694, +1465.1538, +1423.7020, +1335.1389, +1318.2576, +1389.9830, +1336.4529, +1200.7174, +1267.6400, +1220.8199, +1361.6667, +1301.0962, +1299.4630, +1261.7018, +1277.7593, +1237.1090, +1217.5472, +1228.5927, +1296.3182, +1272.7112, +1302.0399, +1250.5081, +1315.1875, +1381.7556, +1285.3954, +1222.0806, +1322.8445, +1355.9608, +1282.7257, +1261.8334, +1286.1731, +1299.8431, +1228.7454, +1292.8723, +1282.2200, +1221.4386, +1250.5424, +1187.1021, +1313.2826, +1317.3270, +1233.1698, +1278.1400, +1332.1034, +1218.4167, +1254.0981, +1286.3901, +1272.2319, +1313.5122, +1301.0889, +1245.4000, +1312.9591, +1328.4800, +1229.3572, +1191.0690, +1224.0385, +1205.8906, +1223.0731, +1169.7461, +1188.4000, +1243.2858, +1291.6793, +1217.7112, +1279.7620, +1288.8422, +1308.6786, +1342.9474, +1230.8409, +1212.1968, +1247.9039, +1256.4255, +1178.6230, +1287.3191, +1275.3400, +1272.5172, +1225.4727, +1274.1042, +1210.6001, +1235.3170, +1257.2363, +1232.4263, +1215.2593, +1243.1063, +1193.3607, +1155.7736, +1218.3125, +1160.1219, +1315.1042, +1207.2264, +1248.3279, +1254.4465, +1392.4668, +1233.7031, +1187.8846, +1325.1804, +1267.3778, +1174.5862, +1177.9644, +1225.3215, +1265.4314, +1243.5682, +1190.6415, +1222.5167, +1265.9501, +1227.0785, +1237.5476, +1262.7346, +1126.9296, +1269.0000, +1307.2400, +1141.8948, +1120.9246, +1233.9636, +1143.7258, +1202.3103, +1122.2389, +1142.0465, +1178.4186, +1207.0546, +1205.8904, +1233.7273, +1170.5874, +1146.4897, +1144.7084, +1128.6296, +1258.8251, +1215.0770, +1056.2113, +1237.0492, +1157.0461, +1060.2000, +1063.0612, +1147.9706, +1165.9075, +1216.3208, +1093.9062, +1078.7144, +1192.8750, +1151.0962, +1132.8793, +1071.1014, +1137.4727, +1181.0212, +1090.2969, +1112.1428, +1084.0000, +1123.7144, +1033.4000, +1188.8518, +1120.3396, +1146.1149, +1124.0577, +1113.1077, +1129.9333, +1176.2712, +1042.9452, +1137.0526, +1111.6901, +997.9822, +1135.0441, +1081.8485, +1098.7872, +1074.4501, +1114.4922, +1089.2031, +1138.3390, +977.5517, +1107.3135, +1044.5614, +1100.9711, +1090.2456, +1036.6965, +1093.3273, +1121.5264, +1163.7429, +1109.8103, +1069.0690, +1046.0179, +1155.3871, +1081.0344, +1067.8033, +1106.1740, +1060.5599, +1048.1334, +1073.1305, +1161.0000, +1029.0800, +1068.4000, +1123.2903, +1033.2329, +1048.7413, +1115.3390, +1086.3479, +1035.8242, +1048.8125, +1179.7612, +1057.9075, +1104.5312, +1121.7120, +1118.9375, +1053.6567, +1093.9354, +1086.3621, +1113.3846, +1048.9092, +1083.3521, +1042.6364, +1192.1754, +1055.6406, +994.5493, +1019.6279, +1169.6346, +1160.5690, +1077.0634, +1187.9333, +1035.4167, +997.8571, +1080.2808, +1085.2916, +1137.5000, +1129.8834, +1040.6552, +1003.7042, +1037.2307, +1068.2334, +1046.9242, +1040.3394, +1058.5966, +1056.8955, +1117.3462, +1062.6428, +1011.9334, +1132.8096, +1080.2462, +1016.3462, +1176.8979, +1057.2878, +1166.5438, +1084.9861, +1106.3729, +1044.5084, +1051.0645, +1048.8000, +1099.9824, +1037.2188, +992.0132, +993.5593, +1176.0862, +1006.1965, +1065.1356, +1105.1666, +1107.1724, +1097.9849, +1057.5918, +1092.2982, +1058.2191, +1034.4912, +1071.9066, +1050.3403, +1047.7539, +1087.1692, +1056.5239, +1067.7050, +1035.3860, +1065.8064, +1102.4305, +997.0001, +1001.1562, +1074.7368, +1094.9454, +1070.1451, +1118.7334, +1038.9714, +1045.5151, +1132.7091, +1012.3583, +967.3220, +1122.7548, +1137.9843, +1085.4529, +1101.5739, +1105.5493, +1033.9509, +1006.6351, +1030.6296, +1104.2609, +1087.7084, +1048.8529, +1054.9822, +1104.5902, +1052.0857, +1017.2167, +1094.2449, +1106.3386, +1044.4923, +1022.2203, +1124.0000, +1050.5254, +992.9509, +1039.4099, +1036.8386, +1039.8473, +1066.3889, +1103.5927, +1001.6624, +1094.3778, +1099.8666, +1003.8421, +1114.2500, +1123.5283, +1108.8281, +1008.1791, +1028.8904, +1092.9434, +980.4545, +1068.6842, +1103.4922, +1063.4036, +1061.3334, +1093.9667, +1074.5143, +1095.6230, +1059.4133, +925.1250, +1026.1559, +1070.1384, +1120.9216, +1028.4348, +992.7812, +1062.9062, +1056.4644, +1096.6271, +1007.3279, +1165.6604, +1078.6538, +1079.7759, +1097.5090, +1079.3684, +1040.7567, +1060.0385, +1110.5938, +1023.7620, +1045.0167, +1014.9726, +1064.4576, +1007.1805, +996.4906, +1057.5469, +1033.3276, +1033.8334, +1094.2858, +1046.4667, +996.4329, +964.9851, +1042.2581, +999.7762, +1020.5410, +1040.0878, +1072.1833, +1063.0677, +1153.7018, +1082.0291, +1027.2064, +1049.8158, +969.0967, +1061.3696, +1054.8551, +1002.0715, +1049.7013, +1089.8857, +968.7214, +994.5435, +1046.7324, +1059.4263, +1093.2405, +993.4783, +1017.4286, +1044.3334, +1012.9066, +1140.1000, +1112.4600, +1015.6154, +1092.3655, +1091.3383, +1042.0154, +1019.1525, +1068.4286, +970.2369, +1051.3220, +1075.4667, +962.9683, +1002.0170, +1081.9077, +1116.1765, +1032.6604, +1006.0318, +1035.3284, +1043.2727, +1083.3043, +984.3125, +986.2400, +1062.8533, +992.3226, +1074.0193, +1024.3000, +1007.2000, +963.5902, +1051.8088, +999.7736, +968.2375, +1049.8254, +988.5849, +1021.6805, +1001.9846, +1095.5927, +1035.8000, +1007.0984, +1085.4286, +1049.3000, +973.1528, +1037.4067, +959.5200, +979.8853, +966.4099, +1073.9454, +1107.7727, +1005.4431, +1075.8628, +1082.0938, +928.6667, +1022.1795, +1028.9661, +1056.8621, +1000.7827, +1040.4075, +1066.0526, +974.6545, +1110.0702, +1004.1000, +1033.7308, +1085.9501, +986.5070, +1074.0370, +1045.8770, +1032.2858, +997.4225, +1041.2334, +958.1111, +1009.1250, +1043.7778, +1017.9474, +1013.2903, +1003.7586, +999.3246, +1050.2794, +1061.0182, +1018.7183, +938.9200, +996.4706, +1023.4783, +1026.4154, +1010.9000, +976.9865, +1006.4844, +998.1923, +1082.5211, +990.4156, +970.1017, +1053.6667, +980.6143, +1048.9231, +1117.0319, +980.7620, +1033.3969, +1063.6379, +990.7419, +1006.9611, +1058.2540, +1027.7188, +968.3478, +1026.6786, +995.8333, +965.6528, +1071.3225, +970.6754, +1006.4562, +1003.7778, +989.9577, +1044.0364, +1097.4138, +977.8816, +1028.1034, +1072.9824, +977.3087, +963.7903, +982.5690, +1075.5735, +991.4109, +972.1312, +1019.6970, +1035.9048, +979.0299, +1045.9323, +1004.8383, +1008.8906, +1073.6500, +983.0822, +964.0200, +1060.5256, +992.3472, +1036.4717, +989.9193, +970.6719, +1049.6716, +1005.6154, +1063.9584, +1004.6812, +1022.1167, +1037.3473, +953.8310, +965.6666, +957.6334, +1005.3881, +940.5334, +1013.3768, +1023.3771, +1039.1846, +939.2903, +1023.9077, +1039.8429, +1013.1077, +998.1804, +1003.3771, +972.5455, +1048.9509, +1045.0000, +1066.2535, +976.0143, +1076.8616, +1023.9375, +957.3580, +989.5239, +937.3284, +911.9221, +1013.8036, +1006.4386, +1015.8333, +986.4375, +1013.6094, +1017.8281, +1015.9334, +1017.2647, +982.4520, +1005.9851, +1012.5593, +986.0933, +963.1077, +988.7461, +952.4308, +1004.4677, +987.6774, +1012.3239, +1018.3433, +1039.8254, +977.7377, +1052.9855, +1021.9825, +1009.7237, +1022.4108, +957.3677, +1030.9718, +1040.6765, +988.8965, +971.4834, +1022.8770, +994.9342, +1017.5000, +1021.3929, +973.9143, +873.5077, +1075.1230, +977.6329, +972.0877, +1009.4827, +1028.8334, +945.0959, +1063.8846, +1021.9117, +950.5692, +1038.0896, +982.1429, +1093.7659, +924.7792, +974.7963, +1074.7693, +999.6296, +987.2144, +1009.2464, +933.7711, +955.1429, +1037.6584, +907.1906, +954.2162, +979.4559, +998.9193, +1004.0781, +979.1111, +970.3561, +1028.9661, +1006.1857, +938.8923, +934.6711, +1054.2808, +929.5375, +980.1035, +1020.6935, +1007.6377, +947.9355, +1018.5200, +1010.5571, +954.3170, +967.9783, +985.0923, +1021.9219, +919.8060, +993.8413, +1048.2543, +1001.4305, +961.9143, +980.4266, +930.0001, +981.9677, +956.7397, +1001.1290, +1018.2750, +938.5932, +947.9870, +985.1346, +1034.0806, +957.5065, +985.7015, +989.7564, +1043.9348, +979.7971, +1011.1865, +984.5417, +1007.5571, +1014.1000, +959.4062, +941.7031, +931.9315, +975.1667, +951.3270, +1060.9028, +903.9863, +987.1804, +987.1233, +947.3235, +1026.3429, +953.2034, +958.0170, +984.2632, +1021.6087, +1032.7903, +895.0000, +927.6438, +1024.3829, +1017.5641, +957.0667, +973.8970, +1028.2648, +928.5125, +901.6515, +1046.5385, +976.0448, +992.9452, +997.6184, +960.0526, +995.7747, +910.5932, +1032.8082, +1026.4591, +941.4384, +895.1219, +948.3636, +989.6056, +956.4729, +918.3167, +996.3733, +946.9131, +943.4594, +926.6102, +934.3918, +955.0143, +957.9509, +945.0236, +968.5179, +958.5556, +998.8857, +962.9710, +990.8611, +1016.1200, +1006.4286, +1033.4828, +989.1646, +997.5395, +1036.6111, +939.1199, +961.7599, +959.6539, +976.8933, +936.4658, +1035.1864, +951.8082, +952.8333, +999.1251, +984.5077, +983.0137, +994.3929, +967.3013, +929.2222, +993.6970, +941.5645, +877.6624, +965.6780, +1052.1154, +974.3334, +970.2623, +929.0822, +985.5211, +942.9553, +875.5060, +977.3509, +951.0137, +966.7827, +888.1111, +1027.4921, +1057.8136, +959.8548, +975.8548, +1031.3038, +957.6154, +1040.9403, +969.0667, +881.2121, +987.5410, +980.8060, +989.5000, +1004.1791, +1012.2687, +886.1299, +904.4627, +945.1316, +938.4366, +878.6429, +869.8286, +961.4857, +985.6666, +939.3175, +914.4000, +944.4062, +1029.6182, +1008.5588, +1035.3580, +885.2727, +1015.5206, +963.5217, +946.6025, +975.5757, +1016.7911, +964.0441, +887.2241, +961.5250, +993.9667, +918.9880, +952.1045, +957.6985, +983.8767, +952.9615, +1014.2958, +972.9750, +931.9825, +1006.0312, +945.6579, +924.6714, +1007.9394, +946.4375, +949.4259, +980.3583, +953.4933, +853.2464, +1005.3828, +917.8000, +918.4853, +1016.8333, +953.1515, +969.9848, +958.2405, +967.0857, +907.5441, +952.8055, +963.3115, +991.3148, +981.1072, +943.2712, +949.2500, +985.4154, +997.1970, +919.4699, +964.0536, +1014.0526, +949.1072, +915.5400, +1018.9880, +957.6774, +939.2258, +941.0494, +974.1017, +959.0822, +958.4932, +948.6286, +951.2763, +876.9545, +877.8696, +949.7344, +985.8799, +930.1127, +939.8219, +919.2064, +891.9753, +970.9649, +1004.9276, +906.5698, +962.1667, +1019.1642, +1012.4928, +910.5417, +923.5374, +1062.5668, +986.3661, +953.5068, +945.5781, +1022.1212, +912.5803, +954.3433, +950.1865, +919.4079, +921.6666, +986.2133, +952.5000, +941.5255, +984.4000, +950.8970, +1009.7077, +939.0000, +976.2838, +896.9286, +967.1585, +976.1740, +926.8709, +991.6666]
               reward_mean: [-0.0086, -0.0077, -0.0077, -0.0076, -0.0076, -0.0077, -0.0083, -0.0082, -0.0078, -0.0073, -0.0067, -0.0068, -0.0072, -0.0075, -0.0075, -0.0072, -0.0066, -0.0060, -0.0044, -0.0035, -0.0040, -0.0031, -0.0028, -0.0011, -0.0020, -0.0023, -0.0023, -0.0024, -0.0017, -0.0009, -0.0004, -0.0017, -0.0020, -0.0008, -0.0003, +0.0003, -0.0002, -0.0000, -0.0011, -0.0020, +0.0010, +0.0001, -0.0005, -0.0006, +0.0006, +0.0014, -0.0004, -0.0001, -0.0001, +0.0007, +0.0003, +0.0004, +0.0001, +0.0000, -0.0007, +0.0004, +0.0003, -0.0006, -0.0010, -0.0007, +0.0010, +0.0016, +0.0009, +0.0005, +0.0006, +0.0011, +0.0029, +0.0024, +0.0018, +0.0014, +0.0011, +0.0019, +0.0014, +0.0006, -0.0003, -0.0000, +0.0007, +0.0018, +0.0006, +0.0014, +0.0009, +0.0011, +0.0013, +0.0012, +0.0016, +0.0023, +0.0019, +0.0003, +0.0003, +0.0019, +0.0025, +0.0021, +0.0005, +0.0007, +0.0016, +0.0010, +0.0015, +0.0023, +0.0016, -0.0007, +0.0004, +0.0015, +0.0016, +0.0010, +0.0015, +0.0024, +0.0005, +0.0017, +0.0025, +0.0030, +0.0033, +0.0020, +0.0034, +0.0021, +0.0018, -0.0003, +0.0006, +0.0008, +0.0005, +0.0019, +0.0014, +0.0029, +0.0026, +0.0024, +0.0012, +0.0023, +0.0009, +0.0005, +0.0017, +0.0023, +0.0006, +0.0018, +0.0013, +0.0035, +0.0022, +0.0024, +0.0025, +0.0027, +0.0021, +0.0016, +0.0013, +0.0034, +0.0022, +0.0005, +0.0017, +0.0018, +0.0017, +0.0019, +0.0013, +0.0018, +0.0036, +0.0018, +0.0017, +0.0010, +0.0013, +0.0026, +0.0021, +0.0027, +0.0014, +0.0015, +0.0017, +0.0021, +0.0029, +0.0038, +0.0032, +0.0032, +0.0039, +0.0034, +0.0023, +0.0029, +0.0031, +0.0020, +0.0013, +0.0031, +0.0039, +0.0027, +0.0032, +0.0028, +0.0034, +0.0045, +0.0031, +0.0031, +0.0043, +0.0032, +0.0022, +0.0043, +0.0039, +0.0043, +0.0047, +0.0046, +0.0045, +0.0037, +0.0030, +0.0024, +0.0039, +0.0039, +0.0041, +0.0051, +0.0062, +0.0050, +0.0041, +0.0025, +0.0023, +0.0024, +0.0054, +0.0037, +0.0050, +0.0053, +0.0062, +0.0052, +0.0047, +0.0047, +0.0047, +0.0048, +0.0042, +0.0044, +0.0045, +0.0040, +0.0050, +0.0052, +0.0058, +0.0057, +0.0037, +0.0059, +0.0047, +0.0052, +0.0037, +0.0030, +0.0054, +0.0045, +0.0043, +0.0046, +0.0042, +0.0056, +0.0041, +0.0049, +0.0043, +0.0047, +0.0048, +0.0051, +0.0068, +0.0058, +0.0058, +0.0042, +0.0044, +0.0038, +0.0051, +0.0065, +0.0042, +0.0039, +0.0041, +0.0061, +0.0053, +0.0044, +0.0054, +0.0042, +0.0029, +0.0053, +0.0057, +0.0039, +0.0043, +0.0058, +0.0057, +0.0041, +0.0029, +0.0041, +0.0050, +0.0054, +0.0051, +0.0042, +0.0039, +0.0065, +0.0069, +0.0057, +0.0051, +0.0057, +0.0055, +0.0073, +0.0059, +0.0058, +0.0042, +0.0042, +0.0037, +0.0030, +0.0059, +0.0080, +0.0058, +0.0032, +0.0039, +0.0032, +0.0052, +0.0049, +0.0052, +0.0053, +0.0041, +0.0063, +0.0062, +0.0068, +0.0065, +0.0070, +0.0032, +0.0048, +0.0036, +0.0053, +0.0052, +0.0039, +0.0045, +0.0053, +0.0065, +0.0058, +0.0051, +0.0057, +0.0059, +0.0068, +0.0048, +0.0048, +0.0033, +0.0060, +0.0070, +0.0064, +0.0066, +0.0043, +0.0059, +0.0052, +0.0047, +0.0070, +0.0041, +0.0042, +0.0058, +0.0056, +0.0059, +0.0038, +0.0057, +0.0039, +0.0048, +0.0075, +0.0058, +0.0054, +0.0046, +0.0048, +0.0062, +0.0051, +0.0051, +0.0061, +0.0056, +0.0045, +0.0050, +0.0046, +0.0051, +0.0052, +0.0059, +0.0065, +0.0073, +0.0055, +0.0057, +0.0055, +0.0074, +0.0049, +0.0049, +0.0035, +0.0050, +0.0047, +0.0049, +0.0047, +0.0067, +0.0070, +0.0050, +0.0051, +0.0056, +0.0048, +0.0055, +0.0057, +0.0061, +0.0044, +0.0049, +0.0068, +0.0065, +0.0053, +0.0046, +0.0059, +0.0062, +0.0065, +0.0041, +0.0058, +0.0057, +0.0052, +0.0039, +0.0047, +0.0044, +0.0060, +0.0047, +0.0058, +0.0059, +0.0046, +0.0039, +0.0064, +0.0082, +0.0062, +0.0063, +0.0056, +0.0068, +0.0062, +0.0049, +0.0062, +0.0061, +0.0054, +0.0089, +0.0076, +0.0069, +0.0058, +0.0038, +0.0053, +0.0039, +0.0055, +0.0054, +0.0060, +0.0056, +0.0055, +0.0057, +0.0067, +0.0064, +0.0053, +0.0070, +0.0058, +0.0045, +0.0072, +0.0052, +0.0063, +0.0066, +0.0066, +0.0064, +0.0046, +0.0058, +0.0046, +0.0039, +0.0049, +0.0062, +0.0062, +0.0066, +0.0070, +0.0065, +0.0069, +0.0051, +0.0073, +0.0064, +0.0048, +0.0044, +0.0056, +0.0058, +0.0063, +0.0059, +0.0068, +0.0066, +0.0059, +0.0043, +0.0057, +0.0068, +0.0082, +0.0060, +0.0068, +0.0083, +0.0078, +0.0062, +0.0058, +0.0065, +0.0078, +0.0065, +0.0046, +0.0062, +0.0057, +0.0059, +0.0058, +0.0080, +0.0083, +0.0067, +0.0055, +0.0062, +0.0051, +0.0074, +0.0065, +0.0055, +0.0040, +0.0084, +0.0069, +0.0057, +0.0051, +0.0068, +0.0049, +0.0068, +0.0064, +0.0052, +0.0043, +0.0072, +0.0072, +0.0068, +0.0055, +0.0056, +0.0066, +0.0066, +0.0078, +0.0073, +0.0056, +0.0061, +0.0062, +0.0047, +0.0067, +0.0089, +0.0064, +0.0058, +0.0078, +0.0075, +0.0080, +0.0057, +0.0058, +0.0068, +0.0072, +0.0065, +0.0054, +0.0062, +0.0080, +0.0058, +0.0065, +0.0053, +0.0066, +0.0055, +0.0070, +0.0056, +0.0060, +0.0070, +0.0069, +0.0064, +0.0068, +0.0068, +0.0071, +0.0060, +0.0062, +0.0075, +0.0077, +0.0071, +0.0061, +0.0047, +0.0057, +0.0072, +0.0071, +0.0083, +0.0052, +0.0076, +0.0071, +0.0070, +0.0066, +0.0057, +0.0064, +0.0056, +0.0077, +0.0073, +0.0054, +0.0064, +0.0063, +0.0065, +0.0078, +0.0074, +0.0090, +0.0075, +0.0063, +0.0064, +0.0063, +0.0072, +0.0057, +0.0058, +0.0067, +0.0079, +0.0072, +0.0072, +0.0081, +0.0072, +0.0084, +0.0053, +0.0068, +0.0066, +0.0069, +0.0064, +0.0068, +0.0064, +0.0070, +0.0075, +0.0073, +0.0070, +0.0052, +0.0056, +0.0071, +0.0073, +0.0071, +0.0067, +0.0082, +0.0074, +0.0080, +0.0083, +0.0079, +0.0069, +0.0065, +0.0056, +0.0066, +0.0060, +0.0076, +0.0069, +0.0072, +0.0084, +0.0079, +0.0080, +0.0064, +0.0062, +0.0064, +0.0064, +0.0058, +0.0075, +0.0069, +0.0068, +0.0064, +0.0073, +0.0063, +0.0064, +0.0066, +0.0073, +0.0064, +0.0070, +0.0065, +0.0066, +0.0078, +0.0067, +0.0071, +0.0077, +0.0062, +0.0074, +0.0072, +0.0076, +0.0075, +0.0070, +0.0067, +0.0065, +0.0081, +0.0071, +0.0074, +0.0070, +0.0069, +0.0056, +0.0077, +0.0089, +0.0061, +0.0047, +0.0065, +0.0083, +0.0085, +0.0074, +0.0068, +0.0097, +0.0084, +0.0080, +0.0064, +0.0070, +0.0061, +0.0072, +0.0078, +0.0075, +0.0083, +0.0073, +0.0084, +0.0087, +0.0070, +0.0047, +0.0064, +0.0082, +0.0073, +0.0065, +0.0084, +0.0069, +0.0093, +0.0076, +0.0090, +0.0061, +0.0058, +0.0083, +0.0078, +0.0081, +0.0070, +0.0079, +0.0079, +0.0070, +0.0072, +0.0081, +0.0087, +0.0077, +0.0072, +0.0077, +0.0067, +0.0064, +0.0058, +0.0064, +0.0070, +0.0070, +0.0068, +0.0066, +0.0087, +0.0101, +0.0092, +0.0075, +0.0071, +0.0057, +0.0082, +0.0087, +0.0080, +0.0070, +0.0075, +0.0080, +0.0075, +0.0070, +0.0070, +0.0089, +0.0088, +0.0088, +0.0073, +0.0050, +0.0068, +0.0080, +0.0091, +0.0088, +0.0081, +0.0075, +0.0060, +0.0076, +0.0076, +0.0068, +0.0075, +0.0073, +0.0086, +0.0092, +0.0077, +0.0083, +0.0087, +0.0068, +0.0077, +0.0081, +0.0097, +0.0095, +0.0076, +0.0089, +0.0075, +0.0090, +0.0073, +0.0090, +0.0084, +0.0075, +0.0062, +0.0076, +0.0082, +0.0070, +0.0076, +0.0054, +0.0078, +0.0068, +0.0073, +0.0076, +0.0089, +0.0085, +0.0070, +0.0064, +0.0062, +0.0077, +0.0106, +0.0082, +0.0054, +0.0071, +0.0091, +0.0074, +0.0087, +0.0071, +0.0096, +0.0090, +0.0079, +0.0066, +0.0072, +0.0086, +0.0088, +0.0087, +0.0077, +0.0103, +0.0076, +0.0076, +0.0094, +0.0085, +0.0075, +0.0070, +0.0057, +0.0068, +0.0078, +0.0070, +0.0078, +0.0090, +0.0099, +0.0079, +0.0065, +0.0063, +0.0067, +0.0071, +0.0098, +0.0099, +0.0096, +0.0096, +0.0104, +0.0102, +0.0089, +0.0091, +0.0084, +0.0065, +0.0075, +0.0072, +0.0066, +0.0087, +0.0090, +0.0078, +0.0068, +0.0070, +0.0082, +0.0085, +0.0064, +0.0080, +0.0081, +0.0081, +0.0100, +0.0077, +0.0067, +0.0083, +0.0067, +0.0072, +0.0072, +0.0076, +0.0079, +0.0095, +0.0092, +0.0084, +0.0097, +0.0074, +0.0074, +0.0097, +0.0097, +0.0086, +0.0085, +0.0090, +0.0074, +0.0060, +0.0080, +0.0070, +0.0098, +0.0092, +0.0094, +0.0070, +0.0078, +0.0086, +0.0066, +0.0075, +0.0076, +0.0082, +0.0095, +0.0078, +0.0075, +0.0069, +0.0070, +0.0096, +0.0070, +0.0082, +0.0084, +0.0087, +0.0092, +0.0090, +0.0090, +0.0092, +0.0100, +0.0084, +0.0097, +0.0076, +0.0087, +0.0090, +0.0095, +0.0078, +0.0088, +0.0081, +0.0089, +0.0093, +0.0078, +0.0072, +0.0093, +0.0081, +0.0075, +0.0076, +0.0074, +0.0079, +0.0070, +0.0091, +0.0095, +0.0090, +0.0084, +0.0089, +0.0081, +0.0072, +0.0089, +0.0080, +0.0087, +0.0086, +0.0087, +0.0084, +0.0065, +0.0079, +0.0086, +0.0098, +0.0072, +0.0090]
                actor_loss: [-0.0014, -0.0017, -0.0016, -0.0013, -0.0012, -0.0008, -0.0009, -0.0015, -0.0020, -0.0013, -0.0016, -0.0017, -0.0015, -0.0017, -0.0019, -0.0007, -0.0012, -0.0029, -0.0047, -0.0045, -0.0031, -0.0033, -0.0030, -0.0027, -0.0038, -0.0037, -0.0037, -0.0034, -0.0033, -0.0029, -0.0028, -0.0027, -0.0040, -0.0030, -0.0023, -0.0034, -0.0032, -0.0028, -0.0026, -0.0030, -0.0034, -0.0040, -0.0026, -0.0029, -0.0032, -0.0034, -0.0033, -0.0038, -0.0037, -0.0031, -0.0038, -0.0032, -0.0035, -0.0033, -0.0034, -0.0037, -0.0035, -0.0036, -0.0034, -0.0030, -0.0034, -0.0042, -0.0034, -0.0032, -0.0028, -0.0037, -0.0042, -0.0037, -0.0034, -0.0038, -0.0031, -0.0035, -0.0040, -0.0040, -0.0039, -0.0037, -0.0034, -0.0034, -0.0039, -0.0039, -0.0042, -0.0031, -0.0035, -0.0044, -0.0046, -0.0035, -0.0036, -0.0033, -0.0044, -0.0032, -0.0039, -0.0039, -0.0040, -0.0040, -0.0042, -0.0034, -0.0041, -0.0034, -0.0048, -0.0039, -0.0045, -0.0047, -0.0040, -0.0039, -0.0041, -0.0042, -0.0040, -0.0047, -0.0049, -0.0035, -0.0042, -0.0042, -0.0041, -0.0034, -0.0041, -0.0038, -0.0035, -0.0036, -0.0034, -0.0043, -0.0036, -0.0040, -0.0044, -0.0042, -0.0044, -0.0036, -0.0035, -0.0032, -0.0039, -0.0032, -0.0039, -0.0039, -0.0042, -0.0044, -0.0043, -0.0042, -0.0044, -0.0040, -0.0041, -0.0040, -0.0045, -0.0036, -0.0038, -0.0038, -0.0042, -0.0044, -0.0042, -0.0041, -0.0033, -0.0037, -0.0034, -0.0034, -0.0040, -0.0042, -0.0037, -0.0035, -0.0032, -0.0041, -0.0040, -0.0032, -0.0032, -0.0035, -0.0041, -0.0042, -0.0035, -0.0034, -0.0034, -0.0036, -0.0035, -0.0029, -0.0035, -0.0036, -0.0022, -0.0038, -0.0025, -0.0043, -0.0031, -0.0031, -0.0026, -0.0031, -0.0029, -0.0030, -0.0036, -0.0032, -0.0014, -0.0042, -0.0034, -0.0035, -0.0030, -0.0020, -0.0044, -0.0028, -0.0039, -0.0032, -0.0034, -0.0037, -0.0037, -0.0047, -0.0027, -0.0037, -0.0035, -0.0023, -0.0030, -0.0025, -0.0046, -0.0028, -0.0032, -0.0026, -0.0025, -0.0029, -0.0027, -0.0038, -0.0033, -0.0027, -0.0025, -0.0026, -0.0033, -0.0030, -0.0033, -0.0029, -0.0039, -0.0031, -0.0033, -0.0044, -0.0021, -0.0026, -0.0047, -0.0037, -0.0028, -0.0024, -0.0031, -0.0037, -0.0038, -0.0026, -0.0028, -0.0040, -0.0038, -0.0029, -0.0032, -0.0032, -0.0034, -0.0023, -0.0025, -0.0029, -0.0033, -0.0043, -0.0035, -0.0037, -0.0034, -0.0028, -0.0029, -0.0035, -0.0024, -0.0027, -0.0033, -0.0026, -0.0025, -0.0026, -0.0030, -0.0031, -0.0029, -0.0034, -0.0032, -0.0036, -0.0035, -0.0021, -0.0035, -0.0038, -0.0041, -0.0037, -0.0033, -0.0038, -0.0034, -0.0029, -0.0033, -0.0037, -0.0029, -0.0036, -0.0030, -0.0021, -0.0034, -0.0036, -0.0031, -0.0031, -0.0038, -0.0032, -0.0035, -0.0028, -0.0026, -0.0035, -0.0034, -0.0031, -0.0036, -0.0032, -0.0037, -0.0033, -0.0026, -0.0031, -0.0033, -0.0040, -0.0030, -0.0026, -0.0025, -0.0035, -0.0032, -0.0019, -0.0041, -0.0028, -0.0027, -0.0035, -0.0033, -0.0030, -0.0038, -0.0030, -0.0037, -0.0028, -0.0024, -0.0041, -0.0042, -0.0034, -0.0038, -0.0033, -0.0036, -0.0034, -0.0032, -0.0040, -0.0038, -0.0042, -0.0044, -0.0041, -0.0028, -0.0032, -0.0041, -0.0040, -0.0033, -0.0034, -0.0023, -0.0031, -0.0030, -0.0039, -0.0040, -0.0031, -0.0041, -0.0024, -0.0033, -0.0036, -0.0033, -0.0035, -0.0031, -0.0028, -0.0034, -0.0041, -0.0035, -0.0037, -0.0032, -0.0037, -0.0030, -0.0040, -0.0044, -0.0029, -0.0040, -0.0040, -0.0032, -0.0035, -0.0038, -0.0036, -0.0038, -0.0036, -0.0038, -0.0035, -0.0028, -0.0034, -0.0041, -0.0043, -0.0028, -0.0028, -0.0037, -0.0032, -0.0037, -0.0030, -0.0031, -0.0034, -0.0039, -0.0039, -0.0036, -0.0045, -0.0034, -0.0045, -0.0036, -0.0033, -0.0034, -0.0032, -0.0037, -0.0033, -0.0035, -0.0044, -0.0037, -0.0032, -0.0040, -0.0037, -0.0035, -0.0032, -0.0037, -0.0031, -0.0043, -0.0038, -0.0029, -0.0028, -0.0031, -0.0053, -0.0034, -0.0027, -0.0033, -0.0037, -0.0029, -0.0031, -0.0031, -0.0032, -0.0037, -0.0035, -0.0027, -0.0033, -0.0031, -0.0033, -0.0037, -0.0036, -0.0033, -0.0033, -0.0034, -0.0030, -0.0038, -0.0036, -0.0042, -0.0038, -0.0044, -0.0033, -0.0037, -0.0043, -0.0029, -0.0030, -0.0033, -0.0050, -0.0035, -0.0042, -0.0030, -0.0030, -0.0040, -0.0033, -0.0028, -0.0033, -0.0035, -0.0042, -0.0031, -0.0035, -0.0033, -0.0033, -0.0033, -0.0035, -0.0030, -0.0040, -0.0030, -0.0030, -0.0026, -0.0035, -0.0026, -0.0035, -0.0032, -0.0028, -0.0033, -0.0032, -0.0043, -0.0032, -0.0038, -0.0033, -0.0027, -0.0032, -0.0043, -0.0030, -0.0039, -0.0035, -0.0038, -0.0035, -0.0034, -0.0031, -0.0041, -0.0031, -0.0035, -0.0028, -0.0023, -0.0028, -0.0021, -0.0032, -0.0029, -0.0028, -0.0025, -0.0031, -0.0051, -0.0037, -0.0036, -0.0030, -0.0031, -0.0028, -0.0031, -0.0029, -0.0028, -0.0035, -0.0038, -0.0036, -0.0037, -0.0031, -0.0028, -0.0040, -0.0032, -0.0026, -0.0032, -0.0037, -0.0031, -0.0030, -0.0030, -0.0041, -0.0041, -0.0033, -0.0034, -0.0028, -0.0029, -0.0034, -0.0034, -0.0032, -0.0029, -0.0033, -0.0037, -0.0037, -0.0038, -0.0029, -0.0032, -0.0035, -0.0038, -0.0036, -0.0042, -0.0031, -0.0037, -0.0033, -0.0033, -0.0033, -0.0034, -0.0042, -0.0038, -0.0041, -0.0027, -0.0035, -0.0030, -0.0034, -0.0034, -0.0033, -0.0032, -0.0032, -0.0028, -0.0028, -0.0030, -0.0029, -0.0032, -0.0026, -0.0036, -0.0036, -0.0035, -0.0036, -0.0030, -0.0033, -0.0032, -0.0036, -0.0035, -0.0029, -0.0028, -0.0037, -0.0031, -0.0034, -0.0036, -0.0034, -0.0026, -0.0034, -0.0034, -0.0030, -0.0036, -0.0032, -0.0030, -0.0031, -0.0027, -0.0031, -0.0034, -0.0031, -0.0033, -0.0031, -0.0032, -0.0032, -0.0031, -0.0032, -0.0034, -0.0031, -0.0030, -0.0031, -0.0035, -0.0033, -0.0035, -0.0041, -0.0029, -0.0026, -0.0040, -0.0027, -0.0033, -0.0037, -0.0025, -0.0039, -0.0036, -0.0030, -0.0035, -0.0044, -0.0030, -0.0031, -0.0036, -0.0029, -0.0032, -0.0036, -0.0029, -0.0030, -0.0029, -0.0040, -0.0030, -0.0034, -0.0030, -0.0029, -0.0033, -0.0030, -0.0034, -0.0028, -0.0028, -0.0029, -0.0028, -0.0033, -0.0029, -0.0027, -0.0028, -0.0023, -0.0027, -0.0027, -0.0028, -0.0035, -0.0025, -0.0025, -0.0032, -0.0029, -0.0029, -0.0024, -0.0029, -0.0025, -0.0031, -0.0028, -0.0023, -0.0031, -0.0034, -0.0033, -0.0029, -0.0029, -0.0035, -0.0025, -0.0031, -0.0023, -0.0027, -0.0032, -0.0029, -0.0030, -0.0024, -0.0027, -0.0029, -0.0027, -0.0026, -0.0030, -0.0029, -0.0027, -0.0024, -0.0032, -0.0021, -0.0026, -0.0025, -0.0025, -0.0027, -0.0022, -0.0027, -0.0026, -0.0029, -0.0024, -0.0023, -0.0024, -0.0023, -0.0032, -0.0028, -0.0032, -0.0028, -0.0021, -0.0029, -0.0030, -0.0023, -0.0023, -0.0025, -0.0028, -0.0029, -0.0026, -0.0024, -0.0025, -0.0023, -0.0022, -0.0024, -0.0027, -0.0022, -0.0020, -0.0019, -0.0024, -0.0020, -0.0022, -0.0021, -0.0026, -0.0022, -0.0022, -0.0023, -0.0025, -0.0026, -0.0025, -0.0027, -0.0022, -0.0018, -0.0020, -0.0023, -0.0022, -0.0020, -0.0022, -0.0019, -0.0020, -0.0018, -0.0024, -0.0022, -0.0024, -0.0022, -0.0022, -0.0025, -0.0020, -0.0022, -0.0021, -0.0022, -0.0022, -0.0022, -0.0017, -0.0020, -0.0022, -0.0020, -0.0022, -0.0014, -0.0020, -0.0025, -0.0021, -0.0020, -0.0019, -0.0020, -0.0019, -0.0019, -0.0019, -0.0023, -0.0017, -0.0022, -0.0020, -0.0019, -0.0018, -0.0016, -0.0016, -0.0018, -0.0021, -0.0019, -0.0015, -0.0018, -0.0017, -0.0017, -0.0018, -0.0018, -0.0018, -0.0013, -0.0015, -0.0013, -0.0019, -0.0016, -0.0012, -0.0020, -0.0014, -0.0013, -0.0018, -0.0017, -0.0016, -0.0015, -0.0015, -0.0016, -0.0014, -0.0017, -0.0014, -0.0013, -0.0014, -0.0013, -0.0011, -0.0011, -0.0011, -0.0010, -0.0011, -0.0011, -0.0011, -0.0011, -0.0013, -0.0012, -0.0010, -0.0010, -0.0010, -0.0011, -0.0010, -0.0010, -0.0009, -0.0011, -0.0010, -0.0007, -0.0009, -0.0009, -0.0010, -0.0008, -0.0009, -0.0008, -0.0007, -0.0009, -0.0007, -0.0007, -0.0007, -0.0009, -0.0007, -0.0008, -0.0007, -0.0006, -0.0006, -0.0008, -0.0005, -0.0005, -0.0008, -0.0005, -0.0005, -0.0005, -0.0004, -0.0005, -0.0006, -0.0005, -0.0004, -0.0004, -0.0003, -0.0004, -0.0005, -0.0005, -0.0004, -0.0004, -0.0003, -0.0004, -0.0003, -0.0003, -0.0003, -0.0003, -0.0003, -0.0003, -0.0003, -0.0003, -0.0002, -0.0002, -0.0002, -0.0002, -0.0002, -0.0001, -0.0001, -0.0002, -0.0002, -0.0001, -0.0001, -0.0001, -0.0001, -0.0001, -0.0001, -0.0001, -0.0001, -0.0001, -0.0001, -0.0001, -0.0001, -0.0001, -0.0001, -0.0001, -0.0000, -0.0001, -0.0000, -0.0000, -0.0000, -0.0000, -0.0000, -0.0000, -0.0000, -0.0000, -0.0000, -0.0000, -0.0000, -0.0000, -0.0000, -0.0000, -0.0000, -0.0000, -0.0000, -0.0000, +0.0000, +0.0000]
                value_loss: [+0.0340, +0.0181, +0.0125, +0.0112, +0.0102, +0.0101, +0.0080, +0.0093, +0.0093, +0.0115, +0.0133, +0.0128, +0.0118, +0.0127, +0.0136, +0.0134, +0.0147, +0.0167, +0.0241, +0.0279, +0.0261, +0.0252, +0.0266, +0.0311, +0.0280, +0.0258, +0.0264, +0.0249, +0.0293, +0.0311, +0.0293, +0.0278, +0.0261, +0.0307, +0.0300, +0.0287, +0.0285, +0.0293, +0.0266, +0.0272, +0.0303, +0.0305, +0.0278, +0.0275, +0.0293, +0.0322, +0.0283, +0.0290, +0.0301, +0.0295, +0.0308, +0.0291, +0.0265, +0.0282, +0.0277, +0.0305, +0.0308, +0.0285, +0.0282, +0.0276, +0.0302, +0.0307, +0.0304, +0.0302, +0.0296, +0.0311, +0.0345, +0.0339, +0.0313, +0.0296, +0.0300, +0.0328, +0.0303, +0.0295, +0.0266, +0.0285, +0.0307, +0.0313, +0.0286, +0.0303, +0.0284, +0.0289, +0.0307, +0.0294, +0.0324, +0.0320, +0.0295, +0.0269, +0.0309, +0.0328, +0.0326, +0.0313, +0.0293, +0.0308, +0.0313, +0.0296, +0.0325, +0.0330, +0.0277, +0.0253, +0.0305, +0.0322, +0.0312, +0.0285, +0.0305, +0.0310, +0.0301, +0.0311, +0.0332, +0.0338, +0.0359, +0.0328, +0.0362, +0.0323, +0.0314, +0.0265, +0.0282, +0.0271, +0.0282, +0.0324, +0.0296, +0.0344, +0.0336, +0.0319, +0.0297, +0.0325, +0.0309, +0.0296, +0.0318, +0.0307, +0.0258, +0.0299, +0.0310, +0.0343, +0.0348, +0.0327, +0.0343, +0.0333, +0.0323, +0.0283, +0.0289, +0.0326, +0.0306, +0.0269, +0.0316, +0.0303, +0.0328, +0.0330, +0.0314, +0.0301, +0.0361, +0.0307, +0.0295, +0.0306, +0.0309, +0.0324, +0.0309, +0.0309, +0.0322, +0.0324, +0.0305, +0.0302, +0.0326, +0.0360, +0.0334, +0.0327, +0.0397, +0.0328, +0.0316, +0.0332, +0.0345, +0.0285, +0.0308, +0.0341, +0.0328, +0.0313, +0.0366, +0.0331, +0.0320, +0.0339, +0.0325, +0.0332, +0.0356, +0.0352, +0.0320, +0.0379, +0.0358, +0.0381, +0.0358, +0.0359, +0.0365, +0.0327, +0.0315, +0.0336, +0.0347, +0.0334, +0.0363, +0.0402, +0.0411, +0.0346, +0.0340, +0.0294, +0.0300, +0.0328, +0.0366, +0.0348, +0.0350, +0.0356, +0.0397, +0.0355, +0.0322, +0.0346, +0.0346, +0.0361, +0.0323, +0.0340, +0.0363, +0.0348, +0.0364, +0.0390, +0.0389, +0.0361, +0.0349, +0.0378, +0.0336, +0.0364, +0.0333, +0.0323, +0.0366, +0.0357, +0.0361, +0.0358, +0.0342, +0.0372, +0.0335, +0.0349, +0.0347, +0.0355, +0.0357, +0.0369, +0.0395, +0.0384, +0.0376, +0.0334, +0.0344, +0.0334, +0.0354, +0.0398, +0.0318, +0.0325, +0.0355, +0.0380, +0.0351, +0.0336, +0.0361, +0.0338, +0.0318, +0.0388, +0.0385, +0.0364, +0.0344, +0.0372, +0.0359, +0.0322, +0.0322, +0.0367, +0.0387, +0.0376, +0.0369, +0.0355, +0.0344, +0.0397, +0.0393, +0.0370, +0.0363, +0.0356, +0.0365, +0.0428, +0.0392, +0.0367, +0.0363, +0.0368, +0.0351, +0.0345, +0.0410, +0.0432, +0.0367, +0.0316, +0.0347, +0.0336, +0.0393, +0.0352, +0.0365, +0.0351, +0.0340, +0.0387, +0.0379, +0.0398, +0.0406, +0.0394, +0.0324, +0.0347, +0.0318, +0.0371, +0.0377, +0.0346, +0.0344, +0.0383, +0.0396, +0.0384, +0.0377, +0.0389, +0.0365, +0.0391, +0.0359, +0.0375, +0.0371, +0.0406, +0.0406, +0.0415, +0.0412, +0.0347, +0.0374, +0.0376, +0.0368, +0.0414, +0.0355, +0.0362, +0.0381, +0.0380, +0.0368, +0.0339, +0.0372, +0.0332, +0.0368, +0.0409, +0.0358, +0.0360, +0.0355, +0.0370, +0.0395, +0.0360, +0.0386, +0.0363, +0.0356, +0.0337, +0.0383, +0.0345, +0.0352, +0.0383, +0.0375, +0.0396, +0.0408, +0.0349, +0.0368, +0.0385, +0.0422, +0.0361, +0.0382, +0.0376, +0.0380, +0.0393, +0.0348, +0.0367, +0.0418, +0.0421, +0.0365, +0.0412, +0.0374, +0.0374, +0.0377, +0.0417, +0.0394, +0.0350, +0.0378, +0.0388, +0.0397, +0.0385, +0.0348, +0.0391, +0.0428, +0.0357, +0.0361, +0.0368, +0.0372, +0.0364, +0.0324, +0.0397, +0.0350, +0.0387, +0.0357, +0.0389, +0.0361, +0.0345, +0.0352, +0.0432, +0.0420, +0.0382, +0.0426, +0.0402, +0.0432, +0.0376, +0.0360, +0.0385, +0.0400, +0.0393, +0.0422, +0.0407, +0.0418, +0.0385, +0.0301, +0.0387, +0.0346, +0.0391, +0.0388, +0.0391, +0.0417, +0.0406, +0.0407, +0.0376, +0.0392, +0.0365, +0.0422, +0.0391, +0.0375, +0.0457, +0.0361, +0.0394, +0.0377, +0.0382, +0.0377, +0.0372, +0.0404, +0.0341, +0.0348, +0.0354, +0.0408, +0.0393, +0.0459, +0.0386, +0.0406, +0.0367, +0.0369, +0.0417, +0.0400, +0.0322, +0.0383, +0.0391, +0.0363, +0.0390, +0.0407, +0.0402, +0.0385, +0.0401, +0.0345, +0.0395, +0.0422, +0.0422, +0.0374, +0.0416, +0.0473, +0.0457, +0.0386, +0.0388, +0.0409, +0.0433, +0.0386, +0.0378, +0.0400, +0.0378, +0.0396, +0.0381, +0.0425, +0.0433, +0.0401, +0.0370, +0.0407, +0.0385, +0.0445, +0.0388, +0.0358, +0.0369, +0.0456, +0.0428, +0.0359, +0.0366, +0.0391, +0.0352, +0.0411, +0.0378, +0.0353, +0.0385, +0.0426, +0.0396, +0.0428, +0.0371, +0.0392, +0.0412, +0.0427, +0.0439, +0.0385, +0.0415, +0.0391, +0.0414, +0.0363, +0.0443, +0.0453, +0.0389, +0.0398, +0.0452, +0.0410, +0.0447, +0.0381, +0.0378, +0.0413, +0.0417, +0.0383, +0.0363, +0.0409, +0.0421, +0.0366, +0.0410, +0.0383, +0.0430, +0.0369, +0.0436, +0.0389, +0.0375, +0.0410, +0.0414, +0.0388, +0.0441, +0.0402, +0.0425, +0.0383, +0.0396, +0.0440, +0.0428, +0.0416, +0.0384, +0.0408, +0.0402, +0.0422, +0.0402, +0.0424, +0.0361, +0.0447, +0.0396, +0.0414, +0.0390, +0.0409, +0.0406, +0.0420, +0.0455, +0.0393, +0.0367, +0.0412, +0.0418, +0.0389, +0.0439, +0.0430, +0.0439, +0.0395, +0.0389, +0.0433, +0.0393, +0.0397, +0.0379, +0.0398, +0.0435, +0.0425, +0.0418, +0.0457, +0.0431, +0.0429, +0.0417, +0.0349, +0.0391, +0.0375, +0.0406, +0.0408, +0.0398, +0.0391, +0.0407, +0.0457, +0.0423, +0.0424, +0.0362, +0.0380, +0.0401, +0.0426, +0.0414, +0.0409, +0.0466, +0.0417, +0.0451, +0.0475, +0.0453, +0.0445, +0.0428, +0.0380, +0.0432, +0.0394, +0.0478, +0.0410, +0.0469, +0.0450, +0.0418, +0.0431, +0.0416, +0.0424, +0.0405, +0.0400, +0.0419, +0.0464, +0.0415, +0.0401, +0.0426, +0.0443, +0.0395, +0.0391, +0.0441, +0.0424, +0.0390, +0.0426, +0.0409, +0.0433, +0.0449, +0.0413, +0.0428, +0.0437, +0.0407, +0.0458, +0.0442, +0.0428, +0.0430, +0.0396, +0.0424, +0.0428, +0.0418, +0.0431, +0.0424, +0.0428, +0.0392, +0.0371, +0.0429, +0.0475, +0.0373, +0.0368, +0.0427, +0.0463, +0.0476, +0.0400, +0.0443, +0.0453, +0.0443, +0.0441, +0.0427, +0.0404, +0.0397, +0.0439, +0.0443, +0.0447, +0.0443, +0.0439, +0.0486, +0.0430, +0.0400, +0.0394, +0.0411, +0.0461, +0.0409, +0.0405, +0.0418, +0.0435, +0.0493, +0.0426, +0.0463, +0.0402, +0.0380, +0.0432, +0.0458, +0.0439, +0.0384, +0.0435, +0.0408, +0.0425, +0.0450, +0.0450, +0.0437, +0.0448, +0.0430, +0.0446, +0.0412, +0.0402, +0.0376, +0.0432, +0.0427, +0.0432, +0.0446, +0.0394, +0.0504, +0.0482, +0.0453, +0.0443, +0.0397, +0.0410, +0.0451, +0.0471, +0.0434, +0.0407, +0.0419, +0.0422, +0.0466, +0.0442, +0.0439, +0.0470, +0.0476, +0.0476, +0.0418, +0.0409, +0.0430, +0.0474, +0.0482, +0.0454, +0.0444, +0.0416, +0.0418, +0.0479, +0.0422, +0.0410, +0.0432, +0.0455, +0.0488, +0.0481, +0.0409, +0.0470, +0.0484, +0.0411, +0.0463, +0.0454, +0.0488, +0.0488, +0.0463, +0.0489, +0.0487, +0.0458, +0.0428, +0.0435, +0.0429, +0.0445, +0.0403, +0.0447, +0.0452, +0.0434, +0.0429, +0.0421, +0.0444, +0.0409, +0.0440, +0.0483, +0.0505, +0.0465, +0.0445, +0.0429, +0.0419, +0.0485, +0.0497, +0.0441, +0.0399, +0.0469, +0.0482, +0.0481, +0.0461, +0.0446, +0.0510, +0.0504, +0.0426, +0.0450, +0.0428, +0.0470, +0.0477, +0.0490, +0.0475, +0.0540, +0.0454, +0.0479, +0.0489, +0.0473, +0.0430, +0.0419, +0.0421, +0.0448, +0.0448, +0.0427, +0.0444, +0.0497, +0.0490, +0.0486, +0.0461, +0.0433, +0.0448, +0.0476, +0.0512, +0.0523, +0.0510, +0.0495, +0.0509, +0.0519, +0.0476, +0.0492, +0.0467, +0.0411, +0.0486, +0.0449, +0.0447, +0.0496, +0.0472, +0.0461, +0.0419, +0.0494, +0.0488, +0.0488, +0.0437, +0.0495, +0.0474, +0.0461, +0.0535, +0.0478, +0.0458, +0.0461, +0.0412, +0.0439, +0.0428, +0.0442, +0.0484, +0.0517, +0.0499, +0.0518, +0.0492, +0.0434, +0.0447, +0.0507, +0.0475, +0.0455, +0.0518, +0.0514, +0.0475, +0.0433, +0.0480, +0.0472, +0.0492, +0.0514, +0.0487, +0.0430, +0.0500, +0.0456, +0.0455, +0.0477, +0.0469, +0.0481, +0.0500, +0.0489, +0.0434, +0.0479, +0.0465, +0.0546, +0.0420, +0.0486, +0.0519, +0.0497, +0.0532, +0.0494, +0.0511, +0.0496, +0.0496, +0.0496, +0.0538, +0.0509, +0.0509, +0.0510, +0.0510, +0.0480, +0.0512, +0.0485, +0.0507, +0.0507, +0.0474, +0.0453, +0.0511, +0.0503, +0.0489, +0.0470, +0.0491, +0.0469, +0.0482, +0.0520, +0.0523, +0.0493, +0.0488, +0.0503, +0.0477, +0.0472, +0.0486, +0.0485, +0.0519, +0.0501, +0.0479, +0.0489, +0.0465, +0.0528, +0.0552, +0.0531, +0.0465, +0.0495]
                   entropy: [+2.2735, +2.2646, +2.2372, +2.2062, +2.1927, +2.1612, +2.1554, +2.1089, +2.0521, +2.0418, +2.0195, +2.0135, +1.9769, +1.9628, +1.9522, +1.9300, +1.9237, +1.8836, +1.8756, +1.8134, +1.7794, +1.7534, +1.7348, +1.6968, +1.6851, +1.6697, +1.6466, +1.6425, +1.6166, +1.6437, +1.6135, +1.6424, +1.6294, +1.5694, +1.5608, +1.5571, +1.5449, +1.5186, +1.5220, +1.5084, +1.5190, +1.4898, +1.4440, +1.4469, +1.4609, +1.4716, +1.4738, +1.4726, +1.4687, +1.4628, +1.4465, +1.4339, +1.4658, +1.4784, +1.4903, +1.4661, +1.4454, +1.4868, +1.4794, +1.4589, +1.4716, +1.4609, +1.4558, +1.4459, +1.4389, +1.4471, +1.4383, +1.4252, +1.4321, +1.4067, +1.4020, +1.3929, +1.4031, +1.3920, +1.3673, +1.3814, +1.3708, +1.3559, +1.3745, +1.3701, +1.3774, +1.3824, +1.3954, +1.3932, +1.3825, +1.3480, +1.3410, +1.3681, +1.3823, +1.3709, +1.3656, +1.3701, +1.4006, +1.3732, +1.3669, +1.3605, +1.3531, +1.3589, +1.3665, +1.4078, +1.3884, +1.3568, +1.3704, +1.3742, +1.3630, +1.3599, +1.3839, +1.3780, +1.3802, +1.3741, +1.3467, +1.3434, +1.3453, +1.3580, +1.3325, +1.3448, +1.3408, +1.3467, +1.3686, +1.3457, +1.3393, +1.3212, +1.3145, +1.3156, +1.3333, +1.3393, +1.3487, +1.3695, +1.3360, +1.3370, +1.3501, +1.3407, +1.3514, +1.3377, +1.3107, +1.3024, +1.3013, +1.2820, +1.3001, +1.3018, +1.3064, +1.2645, +1.2941, +1.3396, +1.3106, +1.2907, +1.3162, +1.2958, +1.2861, +1.2955, +1.2910, +1.3018, +1.3051, +1.3214, +1.3005, +1.2750, +1.2806, +1.2536, +1.2480, +1.2523, +1.2485, +1.2641, +1.2473, +1.2155, +1.2204, +1.2093, +1.2069, +1.1630, +1.2000, +1.1943, +1.1914, +1.2110, +1.2050, +1.1627, +1.1361, +1.1860, +1.1631, +1.1319, +1.1287, +1.1059, +1.1189, +1.1534, +1.1259, +1.1351, +1.1930, +1.0796, +1.1101, +1.1195, +1.0812, +1.0907, +1.1061, +1.0579, +1.1289, +1.1187, +1.1373, +1.1165, +1.0445, +1.0524, +0.9905, +1.0077, +1.0113, +1.0854, +1.1007, +1.1011, +1.0100, +1.0475, +0.9741, +0.9659, +0.9440, +0.9649, +0.9590, +0.9884, +0.9429, +0.9399, +0.9672, +1.0170, +0.9988, +0.9855, +0.9503, +0.9953, +0.9535, +0.9582, +0.9685, +0.9312, +0.9230, +0.9554, +0.9679, +1.0352, +1.0058, +0.9718, +0.9929, +0.9475, +0.9830, +0.9501, +0.9791, +0.9346, +0.9786, +0.9665, +0.9380, +0.9465, +0.9133, +0.9417, +0.9596, +0.9895, +1.0134, +1.0029, +0.9578, +0.9853, +1.0162, +0.9713, +0.9540, +0.8741, +0.9091, +0.9922, +0.9458, +0.9670, +0.9650, +0.9157, +0.9355, +1.0109, +0.9597, +0.9264, +0.8817, +0.9759, +1.0149, +0.9771, +0.9645, +0.9260, +0.9475, +0.9749, +1.0161, +0.9438, +0.8628, +0.9137, +0.9518, +0.9729, +0.9231, +0.9061, +0.8907, +0.9000, +0.9683, +0.9772, +0.9736, +0.9974, +0.9895, +0.8235, +0.8608, +0.9521, +0.9513, +0.9576, +0.9375, +0.9656, +0.9552, +0.9371, +0.9912, +0.8991, +0.9053, +0.8695, +0.8919, +0.8790, +0.9477, +0.9030, +0.9590, +0.9006, +0.9129, +0.9248, +0.9627, +0.9125, +0.9165, +0.9371, +0.9174, +0.9399, +0.9193, +0.8870, +0.9228, +0.9493, +1.0357, +0.9610, +0.8706, +0.9260, +0.9530, +0.9215, +0.9194, +0.9351, +0.9221, +0.9236, +0.9927, +1.0318, +0.9968, +0.9407, +0.8701, +0.8837, +0.8949, +0.9265, +0.9037, +0.8418, +0.8402, +0.8650, +0.9590, +0.9468, +0.9159, +0.9082, +0.9127, +0.9399, +0.9022, +0.9273, +0.9365, +0.9533, +0.9161, +0.9106, +0.8594, +0.8981, +0.8335, +0.8717, +0.8795, +0.9256, +0.9164, +0.9339, +0.9767, +0.9885, +0.9336, +0.9434, +0.9242, +0.9393, +0.8920, +0.9257, +0.9242, +0.8930, +0.9024, +0.9159, +0.9190, +0.9445, +0.8882, +0.9473, +0.9059, +0.8514, +0.9018, +0.9234, +0.9182, +0.8509, +0.8955, +0.8504, +0.9677, +0.8916, +0.9469, +0.9695, +0.9514, +0.9447, +0.9742, +0.8447, +0.9151, +0.9097, +0.8615, +0.9144, +1.0027, +0.9666, +0.8625, +0.9025, +0.9379, +0.9378, +0.9032, +0.8952, +0.9397, +0.8678, +0.8879, +0.9302, +0.8623, +0.8420, +0.8394, +0.8651, +0.9353, +0.8548, +0.9432, +0.9335, +0.9054, +0.8793, +0.8748, +0.8839, +0.8668, +0.8238, +0.8281, +0.8546, +0.8552, +0.8709, +0.9239, +0.8871, +0.8782, +0.8684, +0.8724, +0.8723, +0.8796, +0.9177, +0.9136, +0.8980, +0.9628, +0.9191, +0.8778, +0.9261, +0.9021, +0.8349, +0.8630, +0.8008, +0.8466, +0.8215, +0.8477, +0.8559, +0.9027, +0.8893, +0.8798, +0.8634, +0.8219, +0.8361, +0.8189, +0.8477, +0.8403, +0.8677, +0.8731, +0.8225, +0.9249, +0.8991, +0.8142, +0.8093, +0.8248, +0.8266, +0.8371, +0.8361, +0.8166, +0.8818, +0.8528, +0.8673, +0.8643, +0.8865, +0.8314, +0.7686, +0.8076, +0.8521, +0.8438, +0.8327, +0.8530, +0.8784, +0.9119, +0.9391, +0.8371, +0.8342, +0.8335, +0.8708, +0.8478, +0.8470, +0.7974, +0.7848, +0.8556, +0.8810, +0.8186, +0.7861, +0.7579, +0.8403, +0.8040, +0.8145, +0.7986, +0.7471, +0.7342, +0.7962, +0.7963, +0.8238, +0.8167, +0.7518, +0.7262, +0.7789, +0.8105, +0.7991, +0.8273, +0.8176, +0.7993, +0.8622, +0.8148, +0.7955, +0.8319, +0.8351, +0.8069, +0.8315, +0.8115, +0.8018, +0.8419, +0.8167, +0.8018, +0.7793, +0.8545, +0.8749, +0.8387, +0.8180, +0.8197, +0.8715, +0.8137, +0.8423, +0.8518, +0.8429, +0.8011, +0.7756, +0.7761, +0.8191, +0.8876, +0.8398, +0.7937, +0.8204, +0.8439, +0.8950, +0.8208, +0.8276, +0.7988, +0.8587, +0.8498, +0.8581, +0.9016, +0.8025, +0.7925, +0.8191, +0.8384, +0.8442, +0.7780, +0.7635, +0.7977, +0.7950, +0.7550, +0.8366, +0.8147, +0.8390, +0.7929, +0.8006, +0.8556, +0.8352, +0.7741, +0.8003, +0.7827, +0.7946, +0.8199, +0.7957, +0.8504, +0.8115, +0.7776, +0.7960, +0.8351, +0.8313, +0.8131, +0.8097, +0.8077, +0.7753, +0.8056, +0.8085, +0.8560, +0.7975, +0.7921, +0.7990, +0.7788, +0.7853, +0.7820, +0.7803, +0.7389, +0.7237, +0.7931, +0.7778, +0.8294, +0.8460, +0.8544, +0.8016, +0.8109, +0.7802, +0.8062, +0.7600, +0.7804, +0.8449, +0.8571, +0.8612, +0.8139, +0.8149, +0.7999, +0.8059, +0.7760, +0.8108, +0.7834, +0.7365, +0.8163, +0.8372, +0.7655, +0.7649, +0.7623, +0.8061, +0.7540, +0.7560, +0.7845, +0.7973, +0.8070, +0.8315, +0.8184, +0.7847, +0.7638, +0.7613, +0.7941, +0.7796, +0.7393, +0.7341, +0.7729, +0.7787, +0.7497, +0.7166, +0.7591, +0.7557, +0.6779, +0.7350, +0.7935, +0.8134, +0.7788, +0.7123, +0.7153, +0.7343, +0.6881, +0.6972, +0.7182, +0.7359, +0.7447, +0.7821, +0.7818, +0.7399, +0.7432, +0.7125, +0.7521, +0.7195, +0.7051, +0.7704, +0.8549, +0.7993, +0.7541, +0.7467, +0.7681, +0.7206, +0.7115, +0.6636, +0.6906, +0.6905, +0.7428, +0.7852, +0.7394, +0.7237, +0.7295, +0.7278, +0.6806, +0.6698, +0.7191, +0.7618, +0.6854, +0.6803, +0.6835, +0.6973, +0.7016, +0.7516, +0.7785, +0.7899, +0.7495, +0.7462, +0.7613, +0.7469, +0.7512, +0.7248, +0.6407, +0.6635, +0.7265, +0.7025, +0.8019, +0.7132, +0.6537, +0.6874, +0.6809, +0.6694, +0.6761, +0.6792, +0.7067, +0.7118, +0.6625, +0.6640, +0.6841, +0.7232, +0.7827, +0.7733, +0.7683, +0.6767, +0.7157, +0.7173, +0.7203, +0.7316, +0.6991, +0.6778, +0.7078, +0.6763, +0.7330, +0.6658, +0.6271, +0.6719, +0.7014, +0.7065, +0.7047, +0.6852, +0.6722, +0.6430, +0.6683, +0.7040, +0.7238, +0.7360, +0.6617, +0.7006, +0.6461, +0.6546, +0.6645, +0.6856, +0.6949, +0.7146, +0.7357, +0.7025, +0.7704, +0.7083, +0.7460, +0.7113, +0.6822, +0.6894, +0.6931, +0.7453, +0.7592, +0.7445, +0.7213, +0.6216, +0.6679, +0.7168, +0.7011, +0.6762, +0.6863, +0.6915, +0.7140, +0.7239, +0.6907, +0.6798, +0.7731, +0.6902, +0.7043, +0.6554, +0.6358, +0.6816, +0.6565, +0.6942, +0.6459, +0.6401, +0.7042, +0.6821, +0.6830, +0.7654, +0.7746, +0.7191, +0.7062, +0.7065, +0.7335, +0.6512, +0.6715, +0.6933, +0.7313, +0.7327, +0.7613, +0.6915, +0.6019, +0.6152, +0.5943, +0.6478, +0.5917, +0.6058, +0.6233, +0.6404, +0.6685, +0.7001, +0.7058, +0.7339, +0.6839, +0.7067, +0.7309, +0.7286, +0.7304, +0.7209, +0.6794, +0.7365, +0.7398, +0.6966, +0.6925, +0.6297, +0.6847, +0.7040, +0.6885, +0.7239, +0.7182, +0.7591, +0.6947, +0.6940, +0.6044, +0.6181, +0.6772, +0.6446, +0.7108, +0.6615, +0.6171, +0.6519, +0.6326, +0.6731, +0.6645, +0.7109, +0.7631, +0.7241, +0.7542, +0.6391, +0.6867, +0.6172, +0.6877, +0.6988, +0.6791, +0.7245, +0.7237, +0.7285, +0.6664, +0.6459, +0.7192, +0.7323, +0.7550, +0.7145, +0.6590, +0.6626, +0.6920, +0.6798, +0.6659, +0.7198, +0.6365, +0.6629, +0.6545, +0.6381, +0.6817, +0.6325, +0.6474, +0.6344, +0.6561, +0.6457, +0.6888, +0.6562, +0.6550, +0.6706, +0.6026, +0.6934, +0.7153, +0.6415, +0.6791, +0.6845, +0.6719, +0.7472, +0.7866, +0.7222, +0.6737, +0.6815, +0.6525, +0.7105, +0.6683, +0.6231, +0.7020, +0.6553, +0.6740, +0.6163, +0.6661, +0.6884, +0.6505, +0.7733, +0.6835, +0.6743, +0.6673, +0.6950, +0.6770]
                entropy_t0: [+0.0000, +0.0000, +0.0000, +0.0000, +0.0000, +0.0000, +0.0000, +0.0000, +0.0000, +0.0000, +0.0000, +0.0000, +0.0000, +0.0000, +0.0000, +0.0000, +0.0000, +0.0000, +0.0000, +0.0000, +0.0000, +0.0000, +0.0000, +0.0000, +0.0000, +0.0000, +0.0000, +0.0000, +0.0000, +0.0000, +0.0000, +0.0000, +0.0000, +0.0000, +0.0000, +0.0000, +0.0000, +0.0000, +0.0000, +0.0000, +0.0000, +0.0000, +0.0000, +0.0000, +0.0000, +0.0000, +0.0000, +0.0000, +0.0000, +0.0000, +0.0000, +0.0000, +0.0000, +0.0000, +0.0000, +0.0000, +0.0000, +0.0000, +0.0000, +0.0000, +0.0000, +0.0000, +0.0000, +0.0000, +0.0000, +0.0000, +0.0000, +0.0000, +0.0000, +0.0000, +0.0000, +0.0000, +0.0000, +0.0000, +0.0000, +0.0000, +0.0000, +0.0000, +0.0000, +0.0000, +0.0000, +0.0000, +0.0000, +0.0000, +0.0000, +0.0000, +0.0000, +0.0000, +0.0000, +0.0000, +0.0000, +0.0000, +0.0000, +0.0000, +0.0000, +0.0000, +0.0000, +0.0000, +0.0000, +0.0000, +0.0000, +0.0000, +0.0000, +0.0000, +0.0000, +0.0000, +0.0000, +0.0000, +0.0000, +0.0000, +0.0000, +0.0000, +0.0000, +0.0000, +0.0000, +0.0000, +0.0000, +0.0000, +0.0000, +0.0000, +0.0000, +0.0000, +0.0000, +0.0000, +0.0000, +0.0000, +0.0000, +0.0000, +0.0000, +0.0000, +0.0000, +0.0000, +0.0000, +0.0000, +0.0000, +0.0000, +0.0000, +0.0000, +0.0000, +0.0000, +0.0000, +0.0000, +0.0000, +0.0000, +0.0000, +0.0000, +0.0000, +0.0000, +0.0000, +0.0000, +0.0000, +0.0000, +0.0000, +0.0000, +0.0000, +0.0000, +0.0000, +0.0000, +0.0000, +0.0000, +0.0000, +0.0000, +0.0000, +0.0000, +0.0000, +0.0000, +0.0000, +0.0000, +0.0000, +0.0000, +0.0000, +0.0000, +0.0000, +0.0000, +0.0000, +0.0000, +0.0000, +0.0000, +0.0000, +0.0000, +0.0000, +0.0000, +0.0000, +0.0000, +0.0000, +0.0000, +0.0000, +0.0000, +0.0000, +0.0000, +0.0000, +0.0000, +0.0000, +0.0000, +0.0000, +0.0000, +0.0000, +0.0000, +0.0000, +0.0000, +0.0000, +0.0000, +0.0000, +0.0000, +0.0000, +0.0000, +0.0000, +0.0000, +0.0000, +0.0000, +0.0000, +0.0000, +0.0000, +0.0000, +0.0000, +0.0000, +0.0000, +0.0000, +0.0000, +0.0000, +0.0000, +0.0000, +0.0000, +0.0000, +0.0000, +0.0000, +0.0000, +0.0000, +0.0000, +0.0000, +0.0000, +0.0000, +0.0000, +0.0000, +0.0000, +0.0000, +0.0000, +0.0000, +0.0000, +0.0000, +0.0000, +0.0000, +0.0000, +0.0000, +0.0000, +0.0000, +0.0000, +0.0000, +0.0000, +0.0000, +0.0000, +0.0000, +0.0000, +0.0000, +0.0000, +0.0000, +0.0000, +0.0000, +0.0000, +0.0000, +0.0000, +0.0000, +0.0000, +0.0000, +0.0000, +0.0000, +0.0000, +0.0000, +0.0000, +0.0000, +0.0000, +0.0000, +0.0000, +0.0000, +0.0000, +0.0000, +0.0000, +0.0000, +0.0000, +0.0000, +0.0000, +0.0000, +0.0000, +0.0000, +0.0000, +0.0000, +0.0000, +0.0000, +0.0000, +0.0000, +0.0000, +0.0000, +0.0000, +0.0000, +0.0000, +0.0000, +0.0000, +0.0000, +0.0000, +0.0000, +0.0000, +0.0000, +0.0000, +0.0000, +0.0000, +0.0000, +0.0000, +0.0000, +0.0000, +0.0000, +0.0000, +0.0000, +0.0000, +0.0000, +0.0000, +0.0000, +0.0000, +0.0000, +0.0000, +0.0000, +0.0000, +0.0000, +0.0000, +0.0000, +0.0000, +0.0000, +0.0000, +0.0000, +0.0000, +0.0000, +0.0000, +0.0000, +0.0000, +0.0000, +0.0000, +0.0000, +0.0000, +0.0000, +0.0000, +0.0000, +0.0000, +0.0000, +0.0000, +0.0000, +0.0000, +0.0000, +0.0000, +0.0000, +0.0000, +0.0000, +0.0000, +0.0000, +0.0000, +0.0000, +0.0000, +0.0000, +0.0000, +0.0000, +0.0000, +0.0000, +0.0000, +0.0000, +0.0000, +0.0000, +0.0000, +0.0000, +0.0000, +0.0000, +0.0000, +0.0000, +0.0000, +0.0000, +0.0000, +0.0000, +0.0000, +0.0000, +0.0000, +0.0000, +0.0000, +0.0000, +0.0000, +0.0000, +0.0000, +0.0000, +0.0000, +0.0000, +0.0000, +0.0000, +0.0000, +0.0000, +0.0000, +0.0000, +0.0000, +0.0000, +0.0000, +0.0000, +0.0000, +0.0000, +0.0000, +0.0000, +0.0000, +0.0000, +0.0000, +0.0000, +0.0000, +0.0000, +0.0000, +0.0000, +0.0000, +0.0000, +0.0000, +0.0000, +0.0000, +0.0000, +0.0000, +0.0000, +0.0000, +0.0000, +0.0000, +0.0000, +0.0000, +0.0000, +0.0000, +0.0000, +0.0000, +0.0000, +0.0000, +0.0000, +0.0000, +0.0000, +0.0000, +0.0000, +0.0000, +0.0000, +0.0000, +0.0000, +0.0000, +0.0000, +0.0000, +0.0000, +0.0000, +0.0000, +0.0000, +0.0000, +0.0000, +0.0000, +0.0000, +0.0000, +0.0000, +0.0000, +0.0000, +0.0000, +0.0000, +0.0000, +0.0000, +0.0000, +0.0000, +0.0000, +0.0000, +0.0000, +0.0000, +0.0000, +0.0000, +0.0000, +0.0000, +0.0000, +0.0000, +0.0000, +0.0000, +0.0000, +0.0000, +0.0000, +0.0000, +0.0000, +0.0000, +0.0000, +0.0000, +0.0000, +0.0000, +0.0000, +0.0000, +0.0000, +0.0000, +0.0000, +0.0000, +0.0000, +0.0000, +0.0000, +0.0000, +0.0000, +0.0000, +0.0000, +0.0000, +0.0000, +0.0000, +0.0000, +0.0000, +0.0000, +0.0000, +0.0000, +0.0000, +0.0000, +0.0000, +0.0000, +0.0000, +0.0000, +0.0000, +0.0000, +0.0000, +0.0000, +0.0000, +0.0000, +0.0000, +0.0000, +0.0000, +0.0000, +0.0000, +0.0000, +0.0000, +0.0000, +0.0000, +0.0000, +0.0000, +0.0000, +0.0000, +0.0000, +0.0000, +0.0000, +0.0000, +0.0000, +0.0000, +0.0000, +0.0000, +0.0000, +0.0000, +0.0000, +0.0000, +0.0000, +0.0000, +0.0000, +0.0000, +0.0000, +0.0000, +0.0000, +0.0000, +0.0000, +0.0000, +0.0000, +0.0000, +0.0000, +0.0000, +0.0000, +0.0000, +0.0000, +0.0000, +0.0000, +0.0000, +0.0000, +0.0000, +0.0000, +0.0000, +0.0000, +0.0000, +0.0000, +0.0000, +0.0000, +0.0000, +0.0000, +0.0000, +0.0000, +0.0000, +0.0000, +0.0000, +0.0000, +0.0000, +0.0000, +0.0000, +0.0000, +0.0000, +0.0000, +0.0000, +0.0000, +0.0000, +0.0000, +0.0000, +0.0000, +0.0000, +0.0000, +0.0000, +0.0000, +0.0000, +0.0000, +0.0000, +0.0000, +0.0000, +0.0000, +0.0000, +0.0000, +0.0000, +0.0000, +0.0000, +0.0000, +0.0000, +0.0000, +0.0000, +0.0000, +0.0000, +0.0000, +0.0000, +0.0000, +0.0000, +0.0000, +0.0000, +0.0000, +0.0000, +0.0000, +0.0000, +0.0000, +0.0000, +0.0000, +0.0000, +0.0000, +0.0000, +0.0000, +0.0000, +0.0000, +0.0000, +0.0000, +0.0000, +0.0000, +0.0000, +0.0000, +0.0000, +0.0000, +0.0000, +0.0000, +0.0000, +0.0000, +0.0000, +0.0000, +0.0000, +0.0000, +0.0000, +0.0000, +0.0000, +0.0000, +0.0000, +0.0000, +0.0000, +0.0000, +0.0000, +0.0000, +0.0000, +0.0000, +0.0000, +0.0000, +0.0000, +0.0000, +0.0000, +0.0000, +0.0000, +0.0000, +0.0000, +0.0000, +0.0000, +0.0000, +0.0000, +0.0000, +0.0000, +0.0000, +0.0000, +0.0000, +0.0000, +0.0000, +0.0000, +0.0000, +0.0000, +0.0000, +0.0000, +0.0000, +0.0000, +0.0000, +0.0000, +0.0000, +0.0000, +0.0000, +0.0000, +0.0000, +0.0000, +0.0000, +0.0000, +0.0000, +0.0000, +0.0000, +0.0000, +0.0000, +0.0000, +0.0000, +0.0000, +0.0000, +0.0000, +0.0000, +0.0000, +0.0000, +0.0000, +0.0000, +0.0000, +0.0000, +0.0000, +0.0000, +0.0000, +0.0000, +0.0000, +0.0000, +0.0000, +0.0000, +0.0000, +0.0000, +0.0000, +0.0000, +0.0000, +0.0000, +0.0000, +0.0000, +0.0000, +0.0000, +0.0000, +0.0000, +0.0000, +0.0000, +0.0000, +0.0000, +0.0000, +0.0000, +0.0000, +0.0000, +0.0000, +0.0000, +0.0000, +0.0000, +0.0000, +0.0000, +0.0000, +0.0000, +0.0000, +0.0000, +0.0000, +0.0000, +0.0000, +0.0000, +0.0000, +0.0000, +0.0000, +0.0000, +0.0000, +0.0000, +0.0000, +0.0000, +0.0000, +0.0000, +0.0000, +0.0000, +0.0000, +0.0000, +0.0000, +0.0000, +0.0000, +0.0000, +0.0000, +0.0000, +0.0000, +0.0000, +0.0000, +0.0000, +0.0000, +0.0000, +0.0000, +0.0000, +0.0000, +0.0000, +0.0000, +0.0000, +0.0000, +0.0000, +0.0000, +0.0000, +0.0000, +0.0000, +0.0000, +0.0000, +0.0000, +0.0000, +0.0000, +0.0000, +0.0000, +0.0000, +0.0000, +0.0000, +0.0000, +0.0000, +0.0000, +0.0000, +0.0000, +0.0000, +0.0000, +0.0000, +0.0000, +0.0000, +0.0000, +0.0000, +0.0000, +0.0000, +0.0000, +0.0000, +0.0000, +0.0000, +0.0000, +0.0000, +0.0000, +0.0000, +0.0000, +0.0000, +0.0000, +0.0000, +0.0000, +0.0000, +0.0000, +0.0000, +0.0000, +0.0000, +0.0000, +0.0000, +0.0000, +0.0000, +0.0000, +0.0000, +0.0000, +0.0000, +0.0000, +0.0000, +0.0000, +0.0000, +0.0000, +0.0000, +0.0000, +0.0000, +0.0000, +0.0000, +0.0000, +0.0000, +0.0000, +0.0000, +0.0000, +0.0000, +0.0000, +0.0000, +0.0000, +0.0000, +0.0000, +0.0000, +0.0000, +0.0000, +0.0000, +0.0000, +0.0000, +0.0000, +0.0000, +0.0000, +0.0000, +0.0000, +0.0000, +0.0000, +0.0000, +0.0000, +0.0000, +0.0000, +0.0000, +0.0000, +0.0000, +0.0000, +0.0000, +0.0000, +0.0000, +0.0000, +0.0000, +0.0000, +0.0000, +0.0000, +0.0000, +0.0000, +0.0000, +0.0000, +0.0000, +0.0000, +0.0000, +0.0000, +0.0000, +0.0000, +0.0000, +0.0000, +0.0000, +0.0000, +0.0000, +0.0000, +0.0000, +0.0000, +0.0000, +0.0000, +0.0000, +0.0000, +0.0000, +0.0000, +0.0000, +0.0000, +0.0000]
              entropy_tge1: [+2.3017, +2.2918, +2.2595, +2.2322, +2.2154, +2.1856, +2.1779, +2.1325, +2.0754, +2.0649, +2.0424, +2.0368, +1.9991, +1.9845, +1.9744, +1.9518, +1.9464, +1.9060, +1.8991, +1.8372, +1.8019, +1.7764, +1.7583, +1.7219, +1.7085, +1.6923, +1.6690, +1.6650, +1.6397, +1.6678, +1.6374, +1.6649, +1.6520, +1.5923, +1.5845, +1.5803, +1.5681, +1.5412, +1.5437, +1.5297, +1.5425, +1.5125, +1.4657, +1.4683, +1.4833, +1.4944, +1.4960, +1.4949, +1.4909, +1.4853, +1.4685, +1.4560, +1.4876, +1.5006, +1.5123, +1.4883, +1.4677, +1.5084, +1.5015, +1.4810, +1.4950, +1.4842, +1.4787, +1.4680, +1.4610, +1.4702, +1.4627, +1.4490, +1.4558, +1.4293, +1.4242, +1.4153, +1.4257, +1.4135, +1.3879, +1.4024, +1.3919, +1.3779, +1.3958, +1.3919, +1.3991, +1.4046, +1.4178, +1.4151, +1.4046, +1.3702, +1.3628, +1.3889, +1.4038, +1.3936, +1.3883, +1.3927, +1.4223, +1.3943, +1.3896, +1.3820, +1.3751, +1.3820, +1.3882, +1.4286, +1.4096, +1.3789, +1.3924, +1.3958, +1.3856, +1.3822, +1.4052, +1.4004, +1.4032, +1.3978, +1.3701, +1.3657, +1.3688, +1.3804, +1.3542, +1.3647, +1.3620, +1.3679, +1.3895, +1.3678, +1.3612, +1.3436, +1.3365, +1.3375, +1.3545, +1.3617, +1.3695, +1.3910, +1.3581, +1.3592, +1.3714, +1.3623, +1.3729, +1.3613, +1.3324, +1.3242, +1.3237, +1.3042, +1.3214, +1.3229, +1.3275, +1.2858, +1.3154, +1.3602, +1.3320, +1.3118, +1.3378, +1.3172, +1.3070, +1.3171, +1.3139, +1.3230, +1.3264, +1.3424, +1.3213, +1.2966, +1.3022, +1.2749, +1.2682, +1.2729, +1.2687, +1.2853, +1.2687, +1.2373, +1.2414, +1.2298, +1.2286, +1.1835, +1.2198, +1.2150, +1.2127, +1.2311, +1.2245, +1.1831, +1.1565, +1.2064, +1.1839, +1.1514, +1.1485, +1.1264, +1.1381, +1.1732, +1.1465, +1.1546, +1.2134, +1.0993, +1.1301, +1.1400, +1.1009, +1.1113, +1.1271, +1.0766, +1.1482, +1.1383, +1.1583, +1.1364, +1.0635, +1.0724, +1.0100, +1.0263, +1.0296, +1.1040, +1.1193, +1.1199, +1.0291, +1.0665, +0.9921, +0.9845, +0.9630, +0.9830, +0.9768, +1.0069, +0.9604, +0.9576, +0.9847, +1.0357, +1.0173, +1.0034, +0.9682, +1.0143, +0.9721, +0.9766, +0.9861, +0.9495, +0.9402, +0.9735, +0.9852, +1.0533, +1.0249, +0.9898, +1.0115, +0.9651, +1.0011, +0.9686, +0.9971, +0.9524, +0.9966, +0.9848, +0.9556, +0.9641, +0.9319, +0.9600, +0.9785, +1.0076, +1.0321, +1.0209, +0.9758, +1.0054, +1.0344, +0.9886, +0.9713, +0.8913, +0.9262, +1.0106, +0.9642, +0.9846, +0.9821, +0.9337, +0.9536, +1.0295, +0.9773, +0.9447, +0.8987, +0.9937, +1.0328, +0.9951, +0.9828, +0.9437, +0.9655, +0.9923, +1.0344, +0.9630, +0.8800, +0.9312, +0.9698, +0.9921, +0.9408, +0.9247, +0.9081, +0.9172, +0.9864, +0.9950, +0.9910, +1.0148, +1.0092, +0.8411, +0.8774, +0.9685, +0.9689, +0.9746, +0.9556, +0.9836, +0.9735, +0.9550, +1.0095, +0.9172, +0.9232, +0.8871, +0.9098, +0.8969, +0.9643, +0.9203, +0.9764, +0.9178, +0.9301, +0.9415, +0.9806, +0.9300, +0.9348, +0.9555, +0.9350, +0.9580, +0.9374, +0.9050, +0.9396, +0.9672, +1.0544, +0.9799, +0.8883, +0.9443, +0.9724, +0.9382, +0.9374, +0.9531, +0.9390, +0.9428, +1.0106, +1.0510, +1.0164, +0.9587, +0.8870, +0.8993, +0.9122, +0.9432, +0.9208, +0.8595, +0.8567, +0.8816, +0.9768, +0.9646, +0.9343, +0.9254, +0.9301, +0.9586, +0.9197, +0.9444, +0.9545, +0.9711, +0.9334, +0.9282, +0.8765, +0.9159, +0.8508, +0.8883, +0.8963, +0.9432, +0.9356, +0.9514, +0.9952, +1.0064, +0.9511, +0.9612, +0.9416, +0.9569, +0.9103, +0.9447, +0.9415, +0.9105, +0.9200, +0.9329, +0.9366, +0.9628, +0.9057, +0.9646, +0.9230, +0.8686, +0.9200, +0.9412, +0.9354, +0.8677, +0.9133, +0.8674, +0.9853, +0.9093, +0.9651, +0.9880, +0.9684, +0.9625, +0.9924, +0.8612, +0.9322, +0.9276, +0.8786, +0.9310, +1.0208, +0.9863, +0.8807, +0.9202, +0.9565, +0.9561, +0.9215, +0.9131, +0.9575, +0.8850, +0.9054, +0.9482, +0.8815, +0.8595, +0.8563, +0.8820, +0.9523, +0.8712, +0.9603, +0.9515, +0.9228, +0.8966, +0.8921, +0.9013, +0.8837, +0.8403, +0.8447, +0.8708, +0.8730, +0.8877, +0.9413, +0.9057, +0.8947, +0.8856, +0.8900, +0.8897, +0.8969, +0.9346, +0.9316, +0.9147, +0.9802, +0.9369, +0.8953, +0.9444, +0.9206, +0.8518, +0.8803, +0.8171, +0.8628, +0.8386, +0.8647, +0.8718, +0.9193, +0.9067, +0.8970, +0.8805, +0.8382, +0.8535, +0.8352, +0.8643, +0.8558, +0.8845, +0.8912, +0.8398, +0.9432, +0.9174, +0.8318, +0.8263, +0.8411, +0.8425, +0.8537, +0.8537, +0.8328, +0.8982, +0.8698, +0.8841, +0.8816, +0.9039, +0.8491, +0.7850, +0.8239, +0.8685, +0.8605, +0.8487, +0.8708, +0.8961, +0.9293, +0.9563, +0.8555, +0.8514, +0.8498, +0.8875, +0.8649, +0.8629, +0.8138, +0.8006, +0.8718, +0.8972, +0.8355, +0.8023, +0.7732, +0.8564, +0.8196, +0.8307, +0.8148, +0.7632, +0.7492, +0.8118, +0.8119, +0.8403, +0.8320, +0.7672, +0.7423, +0.7942, +0.8265, +0.8159, +0.8447, +0.8350, +0.8145, +0.8792, +0.8314, +0.8119, +0.8488, +0.8511, +0.8228, +0.8493, +0.8273, +0.8178, +0.8579, +0.8333, +0.8172, +0.7955, +0.8712, +0.8921, +0.8559, +0.8345, +0.8363, +0.8891, +0.8302, +0.8597, +0.8686, +0.8600, +0.8180, +0.7918, +0.7920, +0.8351, +0.9046, +0.8563, +0.8099, +0.8373, +0.8619, +0.9119, +0.8383, +0.8447, +0.8151, +0.8758, +0.8663, +0.8754, +0.9192, +0.8194, +0.8089, +0.8347, +0.8550, +0.8610, +0.7936, +0.7795, +0.8144, +0.8122, +0.7706, +0.8530, +0.8310, +0.8555, +0.8094, +0.8160, +0.8723, +0.8522, +0.7907, +0.8170, +0.7991, +0.8115, +0.8369, +0.8129, +0.8665, +0.8277, +0.7934, +0.8123, +0.8517, +0.8484, +0.8291, +0.8262, +0.8245, +0.7913, +0.8219, +0.8238, +0.8726, +0.8140, +0.8082, +0.8154, +0.7945, +0.8022, +0.7983, +0.7969, +0.7549, +0.7391, +0.8094, +0.7936, +0.8455, +0.8632, +0.8713, +0.8185, +0.8273, +0.7965, +0.8235, +0.7761, +0.7969, +0.8617, +0.8743, +0.8785, +0.8303, +0.8309, +0.8167, +0.8222, +0.7916, +0.8272, +0.7997, +0.7511, +0.8327, +0.8543, +0.7813, +0.7802, +0.7779, +0.8224, +0.7692, +0.7721, +0.8005, +0.8136, +0.8241, +0.8479, +0.8357, +0.8011, +0.7797, +0.7770, +0.8103, +0.7956, +0.7540, +0.7498, +0.7888, +0.7945, +0.7648, +0.7312, +0.7739, +0.7718, +0.6929, +0.7493, +0.8085, +0.8298, +0.7957, +0.7278, +0.7301, +0.7492, +0.7037, +0.7122, +0.7335, +0.7505, +0.7599, +0.7976, +0.7980, +0.7556, +0.7587, +0.7278, +0.7678, +0.7353, +0.7204, +0.7858, +0.8710, +0.8154, +0.7703, +0.7621, +0.7836, +0.7360, +0.7264, +0.6784, +0.7049, +0.7057, +0.7574, +0.8004, +0.7553, +0.7393, +0.7450, +0.7428, +0.6950, +0.6838, +0.7338, +0.7776, +0.7000, +0.6951, +0.6979, +0.7117, +0.7167, +0.7670, +0.7942, +0.8052, +0.7645, +0.7614, +0.7770, +0.7621, +0.7661, +0.7409, +0.6553, +0.6782, +0.7416, +0.7170, +0.8177, +0.7286, +0.6678, +0.7022, +0.6946, +0.6832, +0.6902, +0.6936, +0.7211, +0.7263, +0.6771, +0.6786, +0.6990, +0.7382, +0.7977, +0.7892, +0.7847, +0.6917, +0.7313, +0.7326, +0.7353, +0.7461, +0.7140, +0.6920, +0.7220, +0.6903, +0.7483, +0.6802, +0.6410, +0.6861, +0.7166, +0.7220, +0.7191, +0.6995, +0.6866, +0.6574, +0.6832, +0.7189, +0.7398, +0.7515, +0.6764, +0.7152, +0.6602, +0.6687, +0.6783, +0.6993, +0.7093, +0.7300, +0.7508, +0.7172, +0.7854, +0.7232, +0.7612, +0.7263, +0.6967, +0.7045, +0.7080, +0.7607, +0.7744, +0.7593, +0.7369, +0.6362, +0.6818, +0.7304, +0.7158, +0.6912, +0.7005, +0.7067, +0.7284, +0.7403, +0.7058, +0.6941, +0.7889, +0.7045, +0.7195, +0.6694, +0.6497, +0.6961, +0.6719, +0.7089, +0.6595, +0.6544, +0.7194, +0.6962, +0.6968, +0.7802, +0.7904, +0.7344, +0.7205, +0.7214, +0.7495, +0.6660, +0.6856, +0.7072, +0.7461, +0.7478, +0.7772, +0.7074, +0.6153, +0.6290, +0.6077, +0.6629, +0.6054, +0.6190, +0.6368, +0.6543, +0.6821, +0.7147, +0.7203, +0.7490, +0.6988, +0.7221, +0.7464, +0.7433, +0.7457, +0.7365, +0.6942, +0.7511, +0.7560, +0.7116, +0.7074, +0.6442, +0.6992, +0.7183, +0.7033, +0.7385, +0.7330, +0.7747, +0.7093, +0.7089, +0.6180, +0.6316, +0.6917, +0.6592, +0.7254, +0.6752, +0.6312, +0.6665, +0.6463, +0.6877, +0.6792, +0.7258, +0.7781, +0.7396, +0.7699, +0.6535, +0.7019, +0.6312, +0.7016, +0.7135, +0.6937, +0.7391, +0.7390, +0.7441, +0.6808, +0.6604, +0.7345, +0.7477, +0.7703, +0.7294, +0.6738, +0.6757, +0.7067, +0.6946, +0.6804, +0.7357, +0.6506, +0.6775, +0.6693, +0.6527, +0.6964, +0.6466, +0.6609, +0.6483, +0.6705, +0.6602, +0.7032, +0.6703, +0.6691, +0.6854, +0.6160, +0.7077, +0.7297, +0.6559, +0.6934, +0.6989, +0.6860, +0.7628, +0.8033, +0.7371, +0.6887, +0.6970, +0.6668, +0.7259, +0.6828, +0.6363, +0.7165, +0.6695, +0.6883, +0.6298, +0.6806, +0.7035, +0.6644, +0.7890, +0.6981, +0.6890, +0.6823, +0.7091, +0.6921]
         initial_alloc_red: [+0.5306, +0.4729, +0.5186, +0.4961, +0.5403, +0.4788, +0.4867, +0.5124, +0.4966, +0.5109, +0.4980, +0.5007, +0.4966, +0.5132, +0.5170, +0.5410, +0.4685, +0.5085, +0.4778, +0.5065, +0.5024, +0.4941, +0.4874, +0.4753, +0.5006, +0.5068, +0.5017, +0.5169, +0.4935, +0.4821, +0.4896, +0.5006, +0.5000, +0.5053, +0.4903, +0.5021, +0.4912, +0.4823, +0.4913, +0.4808, +0.5155, +0.4924, +0.4860, +0.5063, +0.4960, +0.4900, +0.5046, +0.5158, +0.4974, +0.5010, +0.5112, +0.4804, +0.5104, +0.4902, +0.4984, +0.4923, +0.5091, +0.4888, +0.5182, +0.4832, +0.5205, +0.5233, +0.5147, +0.5121, +0.5050, +0.4985, +0.4973, +0.5033, +0.4920, +0.4933, +0.4936, +0.4990, +0.5072, +0.4810, +0.5067, +0.5041, +0.4713, +0.5038, +0.4685, +0.4830, +0.4902, +0.5160, +0.4928, +0.5177, +0.5126, +0.5212, +0.5128, +0.4791, +0.4755, +0.4972, +0.4991, +0.5075, +0.5140, +0.5196, +0.5103, +0.5127, +0.5272, +0.5014, +0.4985, +0.4822, +0.5167, +0.4853, +0.5159, +0.5177, +0.5061, +0.5009, +0.5080, +0.5100, +0.5032, +0.5027, +0.4893, +0.4967, +0.5182, +0.4911, +0.4786, +0.5016, +0.5127, +0.4774, +0.5061, +0.4849, +0.4767, +0.4689, +0.4903, +0.4762, +0.4893, +0.4884, +0.5255, +0.4808, +0.5216, +0.5056, +0.4833, +0.5251, +0.4874, +0.5114, +0.4967, +0.4847, +0.5050, +0.4704, +0.4991, +0.5125, +0.5010, +0.4885, +0.5028, +0.4945, +0.5085, +0.4943, +0.5362, +0.4850, +0.4895, +0.5195, +0.4978, +0.4830, +0.4905, +0.5029, +0.4990, +0.4950, +0.4876, +0.5018, +0.4962, +0.4821, +0.5277, +0.5467, +0.5257, +0.4888, +0.4874, +0.5009, +0.5052, +0.4802, +0.5136, +0.4825, +0.4909, +0.4925, +0.4670, +0.5018, +0.4926, +0.5005, +0.5239, +0.5176, +0.4779, +0.5142, +0.5104, +0.4838, +0.4924, +0.4932, +0.4855, +0.4779, +0.5294, +0.4869, +0.4791, +0.4728, +0.4992, +0.5312, +0.4959, +0.5044, +0.4778, +0.5091, +0.5072, +0.5102, +0.4936, +0.4962, +0.4987, +0.4900, +0.4941, +0.4918, +0.4893, +0.5313, +0.4933, +0.4952, +0.5004, +0.4793, +0.5059, +0.4929, +0.5105, +0.5161, +0.4846, +0.5008, +0.5034, +0.5026, +0.5240, +0.5199, +0.5000, +0.4813, +0.5013, +0.4996, +0.5158, +0.4750, +0.4886, +0.5044, +0.5073, +0.5080, +0.4901, +0.5017, +0.4869, +0.4872, +0.5131, +0.4939, +0.4933, +0.5207, +0.4809, +0.5280, +0.5195, +0.4864, +0.4925, +0.5242, +0.4996, +0.4974, +0.5025, +0.4686, +0.5169, +0.5039, +0.5164, +0.4984, +0.5129, +0.5067, +0.4840, +0.4813, +0.4996, +0.5219, +0.5081, +0.5139, +0.5060, +0.5169, +0.5061, +0.4851, +0.4785, +0.4936, +0.4947, +0.5053, +0.4733, +0.4887, +0.5099, +0.4851, +0.4953, +0.4984, +0.5276, +0.5055, +0.5109, +0.5087, +0.4807, +0.4569, +0.5195, +0.4953, +0.5134, +0.4795, +0.4856, +0.4901, +0.5125, +0.5287, +0.4975, +0.4610, +0.4968, +0.5075, +0.5012, +0.5078, +0.4907, +0.4996, +0.4941, +0.4749, +0.4856, +0.5241, +0.5018, +0.5188, +0.5039, +0.5065, +0.4872, +0.4784, +0.5092, +0.4825, +0.4996, +0.5139, +0.5077, +0.5153, +0.5108, +0.4695, +0.5307, +0.4856, +0.4832, +0.4976, +0.5184, +0.4972, +0.5015, +0.5124, +0.4668, +0.5101, +0.5200, +0.4917, +0.5004, +0.5167, +0.4755, +0.5069, +0.5020, +0.4947, +0.4617, +0.5078, +0.5230, +0.5000, +0.4896, +0.4858, +0.4996, +0.5219, +0.5070, +0.4889, +0.4951, +0.4969, +0.4621, +0.4857, +0.4858, +0.5033, +0.5202, +0.4940, +0.4925, +0.4781, +0.5042, +0.5205, +0.5041, +0.5103, +0.5142, +0.5033, +0.5169, +0.5047, +0.5062, +0.5066, +0.5037, +0.5075, +0.4890, +0.4974, +0.5162, +0.4928, +0.5000, +0.5365, +0.4853, +0.4872, +0.5210, +0.5153, +0.5046, +0.4938, +0.5112, +0.5153, +0.4934, +0.4949, +0.4875, +0.5008, +0.5149, +0.5043, +0.5121, +0.5004, +0.4956, +0.4913, +0.4925, +0.5044, +0.5175, +0.5060, +0.5142, +0.5052, +0.5056, +0.5111, +0.4948, +0.5028, +0.5126, +0.4924, +0.4919, +0.4984, +0.4988, +0.5039, +0.4909, +0.5048, +0.4933, +0.4872, +0.5147, +0.5152, +0.4927, +0.5065, +0.4743, +0.5085, +0.4849, +0.5087, +0.5154, +0.5020, +0.5104, +0.5141, +0.5250, +0.5066, +0.4797, +0.5291, +0.5067, +0.4691, +0.4926, +0.5067, +0.5070, +0.4910, +0.4893, +0.5156, +0.5059, +0.4992, +0.5116, +0.4976, +0.4728, +0.5071, +0.5046, +0.4888, +0.5016, +0.4912, +0.5012, +0.5019, +0.5000, +0.5202, +0.5239, +0.4892, +0.5012, +0.4807, +0.4905, +0.5000, +0.5063, +0.5048, +0.4911, +0.4948, +0.5000, +0.4892, +0.5174, +0.4885, +0.4837, +0.4959, +0.5158, +0.5154, +0.5133, +0.4874, +0.4961, +0.5059, +0.5027, +0.4912, +0.5141, +0.5048, +0.4924, +0.5103, +0.4899, +0.4850, +0.5184, +0.5086, +0.5004, +0.5101, +0.4886, +0.4758, +0.4772, +0.5122, +0.5004, +0.4963, +0.5120, +0.5004, +0.4867, +0.4992, +0.5426, +0.5174, +0.5045, +0.5171, +0.5221, +0.5049, +0.4896, +0.4922, +0.5046, +0.4898, +0.4939, +0.4917, +0.5016, +0.4624, +0.4839, +0.5241, +0.4894, +0.5135, +0.5044, +0.5138, +0.4800, +0.5106, +0.4657, +0.4969, +0.5034, +0.4856, +0.4685, +0.5061, +0.5016, +0.4967, +0.5136, +0.5109, +0.4996, +0.5196, +0.4939, +0.5175, +0.5323, +0.5222, +0.5042, +0.4946, +0.5235, +0.4775, +0.5065, +0.4992, +0.5091, +0.4866, +0.4967, +0.5041, +0.5142, +0.4928, +0.5147, +0.5044, +0.5099, +0.5122, +0.4916, +0.4818, +0.5209, +0.4962, +0.5123, +0.4741, +0.4984, +0.5031, +0.4976, +0.5026, +0.5136, +0.5090, +0.5106, +0.5188, +0.4746, +0.4921, +0.5079, +0.4777, +0.4706, +0.4972, +0.4942, +0.5083, +0.4996, +0.5049, +0.4952, +0.4851, +0.5241, +0.5082, +0.4978, +0.5107, +0.4842, +0.4996, +0.5066, +0.5043, +0.5238, +0.4939, +0.4710, +0.5274, +0.4953, +0.4820, +0.5116, +0.5259, +0.4988, +0.5238, +0.4908, +0.4853, +0.5076, +0.4786, +0.5050, +0.5015, +0.5023, +0.5173, +0.4964, +0.5111, +0.5027, +0.4950, +0.5125, +0.5139, +0.4897, +0.4982, +0.5004, +0.5150, +0.4989, +0.5130, +0.4867, +0.4973, +0.5316, +0.5178, +0.4869, +0.4782, +0.4821, +0.4942, +0.4988, +0.4965, +0.5019, +0.4751, +0.4969, +0.5091, +0.5004, +0.4879, +0.5065, +0.5031, +0.5154, +0.5287, +0.4931, +0.5008, +0.4897, +0.4984, +0.5188, +0.4944, +0.4989, +0.5079, +0.4611, +0.4773, +0.5051, +0.5109, +0.4981, +0.4946, +0.5027, +0.4943, +0.5180, +0.4989, +0.5202, +0.5240, +0.4979, +0.4946, +0.4961, +0.4950, +0.4789, +0.4839, +0.5010, +0.4960, +0.5081, +0.4957, +0.5038, +0.4673, +0.5324, +0.5048, +0.4845, +0.5047, +0.5090, +0.5004, +0.4852, +0.4937, +0.4868, +0.5089, +0.5088, +0.4954, +0.5140, +0.5187, +0.5061, +0.4990, +0.4947, +0.4950, +0.4578, +0.4867, +0.5087, +0.5007, +0.5172, +0.4856, +0.5108, +0.5190, +0.5038, +0.5267, +0.4982, +0.4885, +0.4871, +0.4985, +0.5091, +0.4908, +0.5229, +0.4876, +0.4829, +0.5111, +0.4751, +0.5023, +0.5004, +0.4996, +0.4897, +0.4989, +0.4955, +0.5106, +0.4886, +0.5192, +0.5087, +0.4840, +0.5054, +0.4786, +0.4929, +0.4870, +0.5150, +0.4916, +0.5032, +0.5140, +0.4820, +0.4801, +0.5094, +0.5011, +0.5123, +0.4975, +0.4845, +0.5011, +0.4783, +0.4894, +0.5196, +0.4622, +0.4984, +0.5099, +0.4755, +0.4903, +0.4912, +0.5052, +0.4873, +0.5125, +0.4675, +0.4678, +0.5000, +0.5158, +0.4887, +0.4996, +0.4890, +0.5070, +0.5085, +0.4970, +0.5000, +0.5084, +0.4879, +0.4835, +0.4992, +0.4985, +0.5079, +0.4959, +0.4944, +0.4848, +0.4950, +0.4766, +0.4982, +0.4809, +0.5095, +0.5038, +0.4918, +0.4761, +0.5133, +0.5192, +0.5056, +0.5120, +0.5037, +0.4759, +0.5052, +0.5271, +0.5019, +0.4965, +0.5025, +0.4963, +0.5095, +0.4955, +0.5022, +0.4913, +0.4993, +0.4911, +0.5010, +0.5078, +0.5045, +0.4739, +0.5138, +0.4768, +0.5190, +0.5000, +0.4939, +0.5223, +0.5233, +0.5059, +0.5029, +0.4866, +0.4952, +0.5031, +0.5097, +0.4821, +0.4877, +0.4834, +0.5000, +0.5021, +0.5070, +0.4845, +0.5044, +0.4942, +0.5235, +0.5159, +0.4910, +0.4829, +0.5202, +0.5254, +0.4961, +0.4886, +0.4934, +0.4705, +0.5165, +0.5069, +0.4888, +0.5087, +0.5032, +0.4996, +0.5040, +0.5096, +0.5119, +0.4831, +0.4985, +0.4820, +0.4900, +0.4897, +0.4937, +0.4927, +0.4863, +0.5000, +0.4861, +0.5062, +0.4852, +0.4996, +0.5141, +0.4819, +0.5018, +0.4884, +0.4911, +0.4866, +0.5147, +0.5000, +0.5165, +0.4906, +0.5000, +0.4886, +0.5144, +0.5074, +0.4835, +0.5101, +0.4792, +0.4960, +0.4956, +0.5056, +0.4793, +0.4777, +0.5096, +0.5142, +0.4965, +0.4873, +0.4874, +0.5047, +0.4946, +0.4918, +0.5131, +0.5039, +0.4909, +0.4779, +0.4974, +0.5161, +0.5143, +0.5018, +0.4807, +0.5154, +0.5037, +0.4917, +0.5062, +0.5039, +0.5000, +0.4795, +0.5066, +0.4989, +0.4966, +0.4929, +0.5075, +0.5034, +0.5092, +0.4985, +0.5028, +0.5319, +0.5004, +0.5036, +0.4853, +0.4933, +0.5015, +0.4756, +0.4952, +0.4943, +0.4964, +0.5078, +0.4883, +0.4911, +0.4923, +0.5119, +0.5115, +0.5212, +0.5099]
        initial_alloc_blue: [+0.4694, +0.5271, +0.4814, +0.5039, +0.4597, +0.5212, +0.5133, +0.4876, +0.5034, +0.4891, +0.5020, +0.4993, +0.5034, +0.4868, +0.4830, +0.4590, +0.5315, +0.4915, +0.5222, +0.4935, +0.4976, +0.5059, +0.5126, +0.5247, +0.4994, +0.4932, +0.4983, +0.4831, +0.5065, +0.5179, +0.5104, +0.4994, +0.5000, +0.4947, +0.5097, +0.4979, +0.5088, +0.5177, +0.5087, +0.5192, +0.4845, +0.5076, +0.5140, +0.4937, +0.5040, +0.5100, +0.4954, +0.4842, +0.5026, +0.4990, +0.4888, +0.5196, +0.4896, +0.5098, +0.5016, +0.5077, +0.4909, +0.5112, +0.4818, +0.5168, +0.4795, +0.4767, +0.4853, +0.4879, +0.4950, +0.5015, +0.5027, +0.4967, +0.5080, +0.5067, +0.5064, +0.5010, +0.4928, +0.5190, +0.4933, +0.4959, +0.5287, +0.4962, +0.5315, +0.5170, +0.5098, +0.4840, +0.5072, +0.4823, +0.4874, +0.4788, +0.4872, +0.5209, +0.5245, +0.5028, +0.5009, +0.4925, +0.4860, +0.4804, +0.4897, +0.4873, +0.4728, +0.4986, +0.5015, +0.5178, +0.4833, +0.5147, +0.4841, +0.4823, +0.4939, +0.4991, +0.4920, +0.4900, +0.4968, +0.4973, +0.5107, +0.5033, +0.4818, +0.5089, +0.5214, +0.4984, +0.4873, +0.5226, +0.4939, +0.5151, +0.5233, +0.5311, +0.5097, +0.5238, +0.5107, +0.5116, +0.4745, +0.5192, +0.4784, +0.4944, +0.5167, +0.4749, +0.5126, +0.4886, +0.5033, +0.5153, +0.4950, +0.5296, +0.5009, +0.4875, +0.4990, +0.5115, +0.4972, +0.5055, +0.4915, +0.5057, +0.4638, +0.5150, +0.5105, +0.4805, +0.5022, +0.5170, +0.5095, +0.4971, +0.5010, +0.5050, +0.5124, +0.4982, +0.5038, +0.5179, +0.4723, +0.4533, +0.4743, +0.5112, +0.5126, +0.4991, +0.4948, +0.5198, +0.4864, +0.5175, +0.5091, +0.5075, +0.5330, +0.4982, +0.5074, +0.4995, +0.4761, +0.4824, +0.5221, +0.4858, +0.4896, +0.5162, +0.5076, +0.5068, +0.5145, +0.5221, +0.4706, +0.5131, +0.5209, +0.5272, +0.5008, +0.4688, +0.5041, +0.4956, +0.5222, +0.4909, +0.4928, +0.4898, +0.5064, +0.5038, +0.5013, +0.5100, +0.5059, +0.5082, +0.5107, +0.4687, +0.5067, +0.5048, +0.4996, +0.5207, +0.4941, +0.5071, +0.4895, +0.4839, +0.5154, +0.4992, +0.4966, +0.4974, +0.4760, +0.4801, +0.5000, +0.5187, +0.4987, +0.5004, +0.4842, +0.5250, +0.5114, +0.4956, +0.4927, +0.4920, +0.5099, +0.4983, +0.5131, +0.5128, +0.4869, +0.5061, +0.5067, +0.4793, +0.5191, +0.4720, +0.4805, +0.5136, +0.5075, +0.4758, +0.5004, +0.5026, +0.4975, +0.5314, +0.4831, +0.4961, +0.4836, +0.5016, +0.4871, +0.4933, +0.5160, +0.5187, +0.5004, +0.4781, +0.4919, +0.4861, +0.4940, +0.4831, +0.4939, +0.5149, +0.5215, +0.5064, +0.5053, +0.4947, +0.5267, +0.5113, +0.4901, +0.5149, +0.5047, +0.5016, +0.4724, +0.4945, +0.4891, +0.4913, +0.5193, +0.5431, +0.4805, +0.5047, +0.4866, +0.5205, +0.5144, +0.5099, +0.4875, +0.4713, +0.5025, +0.5390, +0.5032, +0.4925, +0.4988, +0.4922, +0.5093, +0.5004, +0.5059, +0.5251, +0.5144, +0.4759, +0.4982, +0.4812, +0.4961, +0.4935, +0.5128, +0.5216, +0.4908, +0.5175, +0.5004, +0.4861, +0.4923, +0.4847, +0.4892, +0.5305, +0.4693, +0.5144, +0.5168, +0.5024, +0.4816, +0.5028, +0.4985, +0.4876, +0.5332, +0.4899, +0.4800, +0.5083, +0.4996, +0.4833, +0.5245, +0.4931, +0.4980, +0.5053, +0.5383, +0.4922, +0.4770, +0.5000, +0.5104, +0.5142, +0.5004, +0.4781, +0.4930, +0.5111, +0.5049, +0.5031, +0.5379, +0.5143, +0.5142, +0.4967, +0.4798, +0.5060, +0.5075, +0.5219, +0.4958, +0.4795, +0.4959, +0.4897, +0.4858, +0.4967, +0.4831, +0.4953, +0.4938, +0.4934, +0.4963, +0.4925, +0.5110, +0.5026, +0.4838, +0.5072, +0.5000, +0.4635, +0.5147, +0.5128, +0.4790, +0.4847, +0.4954, +0.5062, +0.4888, +0.4847, +0.5066, +0.5051, +0.5125, +0.4992, +0.4851, +0.4957, +0.4879, +0.4996, +0.5044, +0.5087, +0.5075, +0.4956, +0.4825, +0.4940, +0.4858, +0.4948, +0.4944, +0.4889, +0.5052, +0.4972, +0.4874, +0.5076, +0.5081, +0.5016, +0.5012, +0.4961, +0.5091, +0.4952, +0.5067, +0.5128, +0.4853, +0.4848, +0.5073, +0.4935, +0.5257, +0.4915, +0.5151, +0.4913, +0.4846, +0.4980, +0.4896, +0.4859, +0.4750, +0.4934, +0.5203, +0.4709, +0.4933, +0.5309, +0.5074, +0.4933, +0.4930, +0.5090, +0.5107, +0.4844, +0.4941, +0.5008, +0.4884, +0.5024, +0.5272, +0.4929, +0.4954, +0.5112, +0.4984, +0.5088, +0.4988, +0.4981, +0.5000, +0.4798, +0.4761, +0.5108, +0.4988, +0.5193, +0.5095, +0.5000, +0.4937, +0.4952, +0.5089, +0.5052, +0.5000, +0.5108, +0.4826, +0.5115, +0.5163, +0.5041, +0.4842, +0.4846, +0.4867, +0.5126, +0.5039, +0.4941, +0.4973, +0.5088, +0.4859, +0.4952, +0.5076, +0.4897, +0.5101, +0.5150, +0.4816, +0.4914, +0.4996, +0.4899, +0.5114, +0.5242, +0.5228, +0.4878, +0.4996, +0.5037, +0.4880, +0.4996, +0.5133, +0.5008, +0.4574, +0.4826, +0.4955, +0.4829, +0.4779, +0.4951, +0.5104, +0.5078, +0.4954, +0.5102, +0.5061, +0.5083, +0.4984, +0.5376, +0.5161, +0.4759, +0.5106, +0.4865, +0.4956, +0.4862, +0.5200, +0.4894, +0.5343, +0.5031, +0.4966, +0.5144, +0.5315, +0.4939, +0.4984, +0.5033, +0.4864, +0.4891, +0.5004, +0.4804, +0.5061, +0.4825, +0.4677, +0.4778, +0.4958, +0.5054, +0.4765, +0.5225, +0.4935, +0.5008, +0.4909, +0.5134, +0.5033, +0.4959, +0.4858, +0.5072, +0.4853, +0.4956, +0.4901, +0.4878, +0.5084, +0.5182, +0.4791, +0.5038, +0.4877, +0.5259, +0.5016, +0.4969, +0.5024, +0.4974, +0.4864, +0.4910, +0.4894, +0.4812, +0.5254, +0.5079, +0.4921, +0.5223, +0.5294, +0.5028, +0.5058, +0.4917, +0.5004, +0.4951, +0.5048, +0.5149, +0.4759, +0.4918, +0.5022, +0.4893, +0.5158, +0.5004, +0.4934, +0.4957, +0.4762, +0.5061, +0.5290, +0.4726, +0.5047, +0.5180, +0.4884, +0.4741, +0.5012, +0.4762, +0.5092, +0.5147, +0.4924, +0.5214, +0.4950, +0.4985, +0.4977, +0.4827, +0.5036, +0.4889, +0.4973, +0.5050, +0.4875, +0.4861, +0.5103, +0.5018, +0.4996, +0.4850, +0.5011, +0.4870, +0.5133, +0.5027, +0.4684, +0.4822, +0.5131, +0.5218, +0.5179, +0.5058, +0.5012, +0.5035, +0.4981, +0.5249, +0.5031, +0.4909, +0.4996, +0.5121, +0.4935, +0.4969, +0.4846, +0.4713, +0.5069, +0.4992, +0.5103, +0.5016, +0.4812, +0.5056, +0.5011, +0.4921, +0.5389, +0.5227, +0.4949, +0.4891, +0.5019, +0.5054, +0.4973, +0.5057, +0.4820, +0.5011, +0.4798, +0.4760, +0.5021, +0.5054, +0.5039, +0.5050, +0.5211, +0.5161, +0.4990, +0.5040, +0.4919, +0.5043, +0.4962, +0.5327, +0.4676, +0.4952, +0.5155, +0.4953, +0.4910, +0.4996, +0.5148, +0.5063, +0.5132, +0.4911, +0.4912, +0.5046, +0.4860, +0.4813, +0.4939, +0.5010, +0.5053, +0.5050, +0.5422, +0.5133, +0.4913, +0.4993, +0.4828, +0.5144, +0.4892, +0.4810, +0.4962, +0.4733, +0.5018, +0.5115, +0.5129, +0.5015, +0.4909, +0.5092, +0.4771, +0.5124, +0.5171, +0.4889, +0.5249, +0.4977, +0.4996, +0.5004, +0.5103, +0.5011, +0.5045, +0.4894, +0.5114, +0.4808, +0.4913, +0.5160, +0.4946, +0.5214, +0.5071, +0.5130, +0.4850, +0.5084, +0.4968, +0.4860, +0.5180, +0.5199, +0.4906, +0.4989, +0.4877, +0.5025, +0.5155, +0.4989, +0.5217, +0.5106, +0.4804, +0.5378, +0.5016, +0.4901, +0.5245, +0.5097, +0.5088, +0.4948, +0.5127, +0.4875, +0.5325, +0.5322, +0.5000, +0.4842, +0.5113, +0.5004, +0.5110, +0.4930, +0.4915, +0.5030, +0.5000, +0.4916, +0.5121, +0.5165, +0.5008, +0.5015, +0.4921, +0.5041, +0.5056, +0.5152, +0.5050, +0.5234, +0.5018, +0.5191, +0.4905, +0.4962, +0.5082, +0.5239, +0.4867, +0.4808, +0.4944, +0.4880, +0.4963, +0.5241, +0.4948, +0.4729, +0.4981, +0.5035, +0.4975, +0.5037, +0.4905, +0.5045, +0.4978, +0.5087, +0.5007, +0.5089, +0.4990, +0.4922, +0.4955, +0.5261, +0.4862, +0.5232, +0.4810, +0.5000, +0.5061, +0.4777, +0.4767, +0.4941, +0.4971, +0.5134, +0.5048, +0.4969, +0.4903, +0.5179, +0.5123, +0.5166, +0.5000, +0.4979, +0.4930, +0.5155, +0.4956, +0.5058, +0.4765, +0.4841, +0.5090, +0.5171, +0.4798, +0.4746, +0.5039, +0.5114, +0.5066, +0.5295, +0.4835, +0.4931, +0.5112, +0.4913, +0.4968, +0.5004, +0.4960, +0.4904, +0.4881, +0.5169, +0.5015, +0.5180, +0.5100, +0.5103, +0.5063, +0.5073, +0.5137, +0.5000, +0.5139, +0.4938, +0.5148, +0.5004, +0.4859, +0.5181, +0.4982, +0.5116, +0.5089, +0.5134, +0.4853, +0.5000, +0.4835, +0.5094, +0.5000, +0.5114, +0.4856, +0.4926, +0.5165, +0.4899, +0.5208, +0.5040, +0.5044, +0.4944, +0.5207, +0.5223, +0.4904, +0.4858, +0.5035, +0.5127, +0.5126, +0.4953, +0.5054, +0.5082, +0.4869, +0.4961, +0.5091, +0.5221, +0.5026, +0.4839, +0.4857, +0.4982, +0.5193, +0.4846, +0.4963, +0.5083, +0.4938, +0.4961, +0.5000, +0.5205, +0.4934, +0.5011, +0.5034, +0.5071, +0.4925, +0.4966, +0.4908, +0.5015, +0.4972, +0.4681, +0.4996, +0.4964, +0.5147, +0.5067, +0.4985, +0.5244, +0.5048, +0.5057, +0.5036, +0.4922, +0.5117, +0.5089, +0.5077, +0.4881, +0.4885, +0.4788, +0.4901]
          online_alloc_red: [+0.4995, +0.4559, +0.3958, +0.3323, +0.3250, +0.3065, +0.2830, +0.2669, +0.2249, +0.1932, +0.1841, +0.1675, +0.1673, +0.1414, +0.1421, +0.1274, +0.1253, +0.1119, +0.1169, +0.1110, +0.0995, +0.0932, +0.0878, +0.0808, +0.0801, +0.0718, +0.0653, +0.0618, +0.0584, +0.0646, +0.0573, +0.0609, +0.0609, +0.0468, +0.0458, +0.0436, +0.0386, +0.0376, +0.0342, +0.0284, +0.0289, +0.0233, +0.0191, +0.0208, +0.0193, +0.0182, +0.0159, +0.0166, +0.0127, +0.0109, +0.0100, +0.0079, +0.0106, +0.0134, +0.0164, +0.0160, +0.0140, +0.0205, +0.0181, +0.0187, +0.0178, +0.0174, +0.0187, +0.0153, +0.0110, +0.0134, +0.0109, +0.0121, +0.0102, +0.0083, +0.0091, +0.0093, +0.0082, +0.0069, +0.0080, +0.0074, +0.0074, +0.0049, +0.0068, +0.0091, +0.0092, +0.0093, +0.0090, +0.0107, +0.0112, +0.0102, +0.0072, +0.0081, +0.0115, +0.0120, +0.0099, +0.0118, +0.0125, +0.0102, +0.0082, +0.0090, +0.0070, +0.0095, +0.0083, +0.0121, +0.0091, +0.0090, +0.0105, +0.0102, +0.0080, +0.0074, +0.0088, +0.0089, +0.0107, +0.0104, +0.0122, +0.0139, +0.0105, +0.0107, +0.0109, +0.0131, +0.0117, +0.0133, +0.0141, +0.0120, +0.0107, +0.0079, +0.0078, +0.0105, +0.0084, +0.0121, +0.0133, +0.0172, +0.0134, +0.0182, +0.0156, +0.0120, +0.0179, +0.0140, +0.0117, +0.0170, +0.0193, +0.0170, +0.0128, +0.0131, +0.0127, +0.0114, +0.0162, +0.0218, +0.0203, +0.0181, +0.0186, +0.0163, +0.0183, +0.0121, +0.0128, +0.0164, +0.0184, +0.0189, +0.0167, +0.0149, +0.0159, +0.0143, +0.0138, +0.0150, +0.0121, +0.0151, +0.0159, +0.0203, +0.0216, +0.0176, +0.0143, +0.0167, +0.0203, +0.0247, +0.0217, +0.0279, +0.0203, +0.0144, +0.0171, +0.0160, +0.0162, +0.0187, +0.0189, +0.0144, +0.0171, +0.0210, +0.0167, +0.0204, +0.0178, +0.0188, +0.0208, +0.0227, +0.0263, +0.0251, +0.0292, +0.0284, +0.0309, +0.0275, +0.0285, +0.0290, +0.0216, +0.0274, +0.0233, +0.0256, +0.0271, +0.0283, +0.0262, +0.0260, +0.0196, +0.0225, +0.0247, +0.0259, +0.0209, +0.0214, +0.0286, +0.0286, +0.0256, +0.0259, +0.0193, +0.0252, +0.0236, +0.0265, +0.0223, +0.0179, +0.0141, +0.0182, +0.0164, +0.0176, +0.0171, +0.0154, +0.0161, +0.0185, +0.0172, +0.0168, +0.0206, +0.0202, +0.0192, +0.0188, +0.0226, +0.0212, +0.0225, +0.0234, +0.0152, +0.0193, +0.0177, +0.0182, +0.0200, +0.0228, +0.0188, +0.0153, +0.0122, +0.0133, +0.0134, +0.0118, +0.0148, +0.0118, +0.0115, +0.0088, +0.0113, +0.0134, +0.0150, +0.0147, +0.0124, +0.0141, +0.0144, +0.0161, +0.0109, +0.0134, +0.0134, +0.0127, +0.0095, +0.0153, +0.0140, +0.0157, +0.0123, +0.0138, +0.0117, +0.0157, +0.0185, +0.0154, +0.0165, +0.0125, +0.0154, +0.0149, +0.0179, +0.0193, +0.0156, +0.0204, +0.0222, +0.0179, +0.0185, +0.0269, +0.0258, +0.0344, +0.0269, +0.0226, +0.0261, +0.0225, +0.0250, +0.0219, +0.0251, +0.0200, +0.0196, +0.0136, +0.0205, +0.0221, +0.0182, +0.0137, +0.0131, +0.0149, +0.0150, +0.0126, +0.0145, +0.0132, +0.0136, +0.0153, +0.0180, +0.0193, +0.0174, +0.0190, +0.0201, +0.0235, +0.0211, +0.0238, +0.0237, +0.0201, +0.0169, +0.0273, +0.0223, +0.0164, +0.0251, +0.0242, +0.0247, +0.0224, +0.0204, +0.0219, +0.0195, +0.0238, +0.0202, +0.0168, +0.0222, +0.0239, +0.0288, +0.0326, +0.0319, +0.0232, +0.0213, +0.0272, +0.0235, +0.0257, +0.0252, +0.0210, +0.0205, +0.0211, +0.0214, +0.0197, +0.0181, +0.0188, +0.0225, +0.0232, +0.0258, +0.0259, +0.0256, +0.0269, +0.0209, +0.0204, +0.0230, +0.0184, +0.0175, +0.0194, +0.0203, +0.0194, +0.0194, +0.0203, +0.0224, +0.0194, +0.0201, +0.0224, +0.0211, +0.0191, +0.0200, +0.0209, +0.0222, +0.0219, +0.0203, +0.0195, +0.0191, +0.0189, +0.0173, +0.0194, +0.0164, +0.0168, +0.0179, +0.0163, +0.0197, +0.0224, +0.0157, +0.0143, +0.0210, +0.0171, +0.0142, +0.0166, +0.0179, +0.0198, +0.0205, +0.0199, +0.0182, +0.0181, +0.0227, +0.0257, +0.0179, +0.0237, +0.0188, +0.0165, +0.0224, +0.0187, +0.0150, +0.0192, +0.0222, +0.0185, +0.0143, +0.0160, +0.0163, +0.0116, +0.0123, +0.0155, +0.0147, +0.0129, +0.0166, +0.0195, +0.0147, +0.0162, +0.0172, +0.0134, +0.0156, +0.0201, +0.0176, +0.0155, +0.0175, +0.0199, +0.0168, +0.0207, +0.0207, +0.0258, +0.0207, +0.0190, +0.0191, +0.0212, +0.0197, +0.0234, +0.0257, +0.0162, +0.0139, +0.0127, +0.0171, +0.0182, +0.0171, +0.0182, +0.0198, +0.0168, +0.0172, +0.0195, +0.0218, +0.0211, +0.0196, +0.0185, +0.0179, +0.0227, +0.0188, +0.0183, +0.0183, +0.0196, +0.0175, +0.0168, +0.0171, +0.0182, +0.0166, +0.0136, +0.0147, +0.0135, +0.0157, +0.0190, +0.0168, +0.0193, +0.0213, +0.0227, +0.0172, +0.0161, +0.0150, +0.0165, +0.0182, +0.0163, +0.0122, +0.0166, +0.0169, +0.0246, +0.0157, +0.0159, +0.0176, +0.0163, +0.0191, +0.0180, +0.0167, +0.0154, +0.0136, +0.0142, +0.0134, +0.0156, +0.0148, +0.0151, +0.0158, +0.0145, +0.0133, +0.0147, +0.0141, +0.0174, +0.0173, +0.0152, +0.0130, +0.0187, +0.0193, +0.0155, +0.0189, +0.0171, +0.0186, +0.0166, +0.0182, +0.0182, +0.0179, +0.0226, +0.0199, +0.0196, +0.0173, +0.0242, +0.0171, +0.0185, +0.0212, +0.0218, +0.0194, +0.0189, +0.0228, +0.0179, +0.0202, +0.0180, +0.0199, +0.0195, +0.0197, +0.0211, +0.0185, +0.0235, +0.0237, +0.0223, +0.0206, +0.0231, +0.0344, +0.0227, +0.0192, +0.0213, +0.0225, +0.0195, +0.0193, +0.0179, +0.0154, +0.0183, +0.0218, +0.0199, +0.0197, +0.0211, +0.0184, +0.0222, +0.0199, +0.0198, +0.0203, +0.0176, +0.0171, +0.0231, +0.0192, +0.0213, +0.0211, +0.0212, +0.0166, +0.0205, +0.0166, +0.0166, +0.0173, +0.0153, +0.0155, +0.0170, +0.0149, +0.0129, +0.0176, +0.0165, +0.0191, +0.0201, +0.0196, +0.0180, +0.0158, +0.0156, +0.0172, +0.0151, +0.0137, +0.0131, +0.0178, +0.0156, +0.0198, +0.0242, +0.0212, +0.0164, +0.0203, +0.0192, +0.0191, +0.0180, +0.0186, +0.0163, +0.0179, +0.0159, +0.0205, +0.0196, +0.0155, +0.0219, +0.0201, +0.0255, +0.0190, +0.0170, +0.0174, +0.0183, +0.0175, +0.0182, +0.0165, +0.0199, +0.0190, +0.0178, +0.0189, +0.0192, +0.0208, +0.0187, +0.0185, +0.0198, +0.0138, +0.0167, +0.0162, +0.0198, +0.0150, +0.0190, +0.0201, +0.0196, +0.0203, +0.0185, +0.0159, +0.0165, +0.0139, +0.0162, +0.0199, +0.0194, +0.0198, +0.0164, +0.0201, +0.0246, +0.0170, +0.0204, +0.0158, +0.0203, +0.0162, +0.0200, +0.0198, +0.0125, +0.0115, +0.0134, +0.0160, +0.0128, +0.0151, +0.0169, +0.0161, +0.0171, +0.0156, +0.0184, +0.0138, +0.0146, +0.0158, +0.0149, +0.0141, +0.0154, +0.0145, +0.0156, +0.0131, +0.0154, +0.0170, +0.0135, +0.0120, +0.0134, +0.0139, +0.0159, +0.0121, +0.0146, +0.0111, +0.0145, +0.0130, +0.0136, +0.0161, +0.0147, +0.0141, +0.0168, +0.0179, +0.0141, +0.0156, +0.0179, +0.0149, +0.0183, +0.0140, +0.0125, +0.0150, +0.0127, +0.0143, +0.0179, +0.0191, +0.0113, +0.0128, +0.0195, +0.0154, +0.0166, +0.0167, +0.0154, +0.0154, +0.0142, +0.0176, +0.0275, +0.0224, +0.0205, +0.0190, +0.0167, +0.0183, +0.0234, +0.0260, +0.0221, +0.0247, +0.0191, +0.0142, +0.0125, +0.0152, +0.0195, +0.0177, +0.0156, +0.0174, +0.0188, +0.0160, +0.0147, +0.0154, +0.0218, +0.0189, +0.0185, +0.0206, +0.0188, +0.0196, +0.0212, +0.0166, +0.0182, +0.0197, +0.0211, +0.0212, +0.0202, +0.0205, +0.0208, +0.0171, +0.0164, +0.0157, +0.0171, +0.0198, +0.0271, +0.0216, +0.0199, +0.0225, +0.0245, +0.0196, +0.0162, +0.0170, +0.0154, +0.0210, +0.0226, +0.0211, +0.0232, +0.0193, +0.0170, +0.0189, +0.0197, +0.0171, +0.0170, +0.0176, +0.0179, +0.0145, +0.0178, +0.0246, +0.0167, +0.0222, +0.0211, +0.0238, +0.0265, +0.0308, +0.0269, +0.0247, +0.0196, +0.0215, +0.0231, +0.0193, +0.0188, +0.0250, +0.0170, +0.0209, +0.0157, +0.0160, +0.0177, +0.0194, +0.0174, +0.0171, +0.0168, +0.0219, +0.0223, +0.0247, +0.0265, +0.0228, +0.0272, +0.0205, +0.0190, +0.0227, +0.0260, +0.0278, +0.0181, +0.0162, +0.0269, +0.0185, +0.0233, +0.0224, +0.0180, +0.0198, +0.0229, +0.0191, +0.0259, +0.0198, +0.0311, +0.0249, +0.0185, +0.0170, +0.0192, +0.0259, +0.0228, +0.0281, +0.0166, +0.0194, +0.0200, +0.0241, +0.0224, +0.0169, +0.0170, +0.0232, +0.0230, +0.0183, +0.0177, +0.0188, +0.0225, +0.0268, +0.0260, +0.0251, +0.0294, +0.0237, +0.0260, +0.0284, +0.0224, +0.0221, +0.0197, +0.0221, +0.0253, +0.0213, +0.0244, +0.0228, +0.0206, +0.0235, +0.0197, +0.0213, +0.0203, +0.0187, +0.0184, +0.0200, +0.0167, +0.0177, +0.0199, +0.0198, +0.0164, +0.0181, +0.0273, +0.0274, +0.0211, +0.0190, +0.0185, +0.0232, +0.0219, +0.0216, +0.0249, +0.0233, +0.0250, +0.0297, +0.0246, +0.0214, +0.0232, +0.0170, +0.0189, +0.0186, +0.0182, +0.0208, +0.0203, +0.0200, +0.0165, +0.0190, +0.0258, +0.0282, +0.0243, +0.0206, +0.0249, +0.0311, +0.0232, +0.0177]
    assignment_switch_rate: [+0.5031, +0.4962, +0.4729, +0.4381, +0.4251, +0.4053, +0.3814, +0.3618, +0.3131, +0.2829, +0.2631, +0.2461, +0.2394, +0.2160, +0.2090, +0.1899, +0.1862, +0.1635, +0.1670, +0.1566, +0.1500, +0.1468, +0.1392, +0.1300, +0.1305, +0.1229, +0.1126, +0.1098, +0.1070, +0.1158, +0.1040, +0.1098, +0.1097, +0.0891, +0.0867, +0.0836, +0.0747, +0.0733, +0.0688, +0.0578, +0.0599, +0.0493, +0.0418, +0.0449, +0.0432, +0.0414, +0.0376, +0.0387, +0.0311, +0.0282, +0.0269, +0.0223, +0.0272, +0.0325, +0.0387, +0.0372, +0.0344, +0.0457, +0.0417, +0.0429, +0.0427, +0.0416, +0.0445, +0.0374, +0.0290, +0.0336, +0.0296, +0.0317, +0.0281, +0.0242, +0.0256, +0.0262, +0.0242, +0.0209, +0.0232, +0.0220, +0.0214, +0.0175, +0.0205, +0.0253, +0.0256, +0.0262, +0.0254, +0.0290, +0.0302, +0.0283, +0.0222, +0.0226, +0.0296, +0.0316, +0.0272, +0.0310, +0.0319, +0.0275, +0.0245, +0.0257, +0.0222, +0.0272, +0.0239, +0.0306, +0.0257, +0.0255, +0.0286, +0.0281, +0.0240, +0.0228, +0.0252, +0.0254, +0.0290, +0.0287, +0.0320, +0.0350, +0.0294, +0.0289, +0.0289, +0.0327, +0.0310, +0.0330, +0.0351, +0.0311, +0.0284, +0.0233, +0.0229, +0.0276, +0.0239, +0.0308, +0.0326, +0.0389, +0.0323, +0.0401, +0.0362, +0.0303, +0.0373, +0.0337, +0.0292, +0.0378, +0.0424, +0.0373, +0.0310, +0.0308, +0.0311, +0.0283, +0.0367, +0.0454, +0.0428, +0.0382, +0.0417, +0.0374, +0.0406, +0.0307, +0.0318, +0.0374, +0.0418, +0.0411, +0.0375, +0.0341, +0.0343, +0.0323, +0.0323, +0.0353, +0.0301, +0.0356, +0.0384, +0.0442, +0.0473, +0.0377, +0.0327, +0.0344, +0.0416, +0.0479, +0.0438, +0.0565, +0.0429, +0.0339, +0.0387, +0.0361, +0.0373, +0.0416, +0.0396, +0.0334, +0.0393, +0.0459, +0.0371, +0.0426, +0.0366, +0.0404, +0.0439, +0.0466, +0.0485, +0.0483, +0.0530, +0.0547, +0.0600, +0.0524, +0.0521, +0.0518, +0.0440, +0.0533, +0.0481, +0.0525, +0.0560, +0.0549, +0.0516, +0.0526, +0.0423, +0.0452, +0.0483, +0.0529, +0.0428, +0.0460, +0.0588, +0.0590, +0.0542, +0.0538, +0.0436, +0.0552, +0.0531, +0.0569, +0.0495, +0.0422, +0.0350, +0.0425, +0.0380, +0.0420, +0.0410, +0.0369, +0.0379, +0.0430, +0.0406, +0.0389, +0.0440, +0.0445, +0.0434, +0.0432, +0.0489, +0.0474, +0.0464, +0.0491, +0.0357, +0.0454, +0.0430, +0.0419, +0.0433, +0.0481, +0.0406, +0.0368, +0.0303, +0.0308, +0.0298, +0.0281, +0.0359, +0.0289, +0.0285, +0.0244, +0.0279, +0.0298, +0.0336, +0.0332, +0.0301, +0.0319, +0.0300, +0.0361, +0.0255, +0.0301, +0.0323, +0.0312, +0.0253, +0.0358, +0.0310, +0.0321, +0.0294, +0.0297, +0.0282, +0.0371, +0.0413, +0.0367, +0.0396, +0.0322, +0.0365, +0.0329, +0.0402, +0.0367, +0.0352, +0.0428, +0.0466, +0.0399, +0.0379, +0.0450, +0.0360, +0.0376, +0.0421, +0.0433, +0.0430, +0.0390, +0.0490, +0.0443, +0.0448, +0.0392, +0.0403, +0.0333, +0.0445, +0.0489, +0.0419, +0.0338, +0.0316, +0.0351, +0.0364, +0.0319, +0.0359, +0.0315, +0.0343, +0.0371, +0.0427, +0.0448, +0.0422, +0.0433, +0.0429, +0.0490, +0.0459, +0.0482, +0.0481, +0.0419, +0.0371, +0.0502, +0.0438, +0.0337, +0.0446, +0.0458, +0.0486, +0.0455, +0.0425, +0.0452, +0.0412, +0.0488, +0.0404, +0.0354, +0.0399, +0.0421, +0.0497, +0.0567, +0.0548, +0.0456, +0.0421, +0.0517, +0.0440, +0.0477, +0.0505, +0.0430, +0.0434, +0.0434, +0.0446, +0.0425, +0.0413, +0.0410, +0.0491, +0.0495, +0.0535, +0.0528, +0.0523, +0.0535, +0.0414, +0.0418, +0.0475, +0.0406, +0.0410, +0.0453, +0.0468, +0.0457, +0.0439, +0.0446, +0.0466, +0.0418, +0.0452, +0.0493, +0.0466, +0.0417, +0.0442, +0.0460, +0.0478, +0.0460, +0.0453, +0.0414, +0.0396, +0.0418, +0.0399, +0.0440, +0.0383, +0.0389, +0.0417, +0.0392, +0.0453, +0.0507, +0.0393, +0.0354, +0.0477, +0.0416, +0.0341, +0.0400, +0.0428, +0.0452, +0.0476, +0.0450, +0.0428, +0.0428, +0.0496, +0.0560, +0.0400, +0.0509, +0.0426, +0.0378, +0.0457, +0.0416, +0.0348, +0.0425, +0.0480, +0.0418, +0.0341, +0.0369, +0.0388, +0.0291, +0.0308, +0.0362, +0.0358, +0.0332, +0.0396, +0.0433, +0.0361, +0.0388, +0.0405, +0.0337, +0.0372, +0.0455, +0.0412, +0.0367, +0.0399, +0.0456, +0.0384, +0.0462, +0.0437, +0.0537, +0.0465, +0.0428, +0.0424, +0.0446, +0.0401, +0.0430, +0.0464, +0.0334, +0.0305, +0.0289, +0.0336, +0.0376, +0.0367, +0.0382, +0.0435, +0.0377, +0.0389, +0.0406, +0.0475, +0.0421, +0.0424, +0.0404, +0.0390, +0.0360, +0.0343, +0.0345, +0.0392, +0.0407, +0.0396, +0.0383, +0.0384, +0.0405, +0.0400, +0.0340, +0.0335, +0.0316, +0.0341, +0.0387, +0.0376, +0.0427, +0.0460, +0.0485, +0.0397, +0.0363, +0.0366, +0.0378, +0.0424, +0.0379, +0.0315, +0.0405, +0.0400, +0.0512, +0.0384, +0.0375, +0.0416, +0.0388, +0.0438, +0.0427, +0.0408, +0.0377, +0.0348, +0.0345, +0.0321, +0.0362, +0.0349, +0.0341, +0.0390, +0.0357, +0.0339, +0.0370, +0.0347, +0.0411, +0.0387, +0.0366, +0.0329, +0.0409, +0.0396, +0.0353, +0.0381, +0.0389, +0.0396, +0.0367, +0.0426, +0.0413, +0.0391, +0.0481, +0.0404, +0.0430, +0.0384, +0.0503, +0.0392, +0.0405, +0.0397, +0.0441, +0.0398, +0.0419, +0.0486, +0.0357, +0.0374, +0.0390, +0.0428, +0.0437, +0.0454, +0.0451, +0.0410, +0.0489, +0.0472, +0.0468, +0.0447, +0.0505, +0.0676, +0.0491, +0.0435, +0.0394, +0.0455, +0.0410, +0.0411, +0.0379, +0.0351, +0.0417, +0.0474, +0.0432, +0.0423, +0.0461, +0.0416, +0.0448, +0.0452, +0.0431, +0.0434, +0.0409, +0.0407, +0.0519, +0.0423, +0.0452, +0.0469, +0.0499, +0.0376, +0.0473, +0.0390, +0.0385, +0.0405, +0.0338, +0.0384, +0.0396, +0.0361, +0.0328, +0.0416, +0.0398, +0.0454, +0.0461, +0.0452, +0.0428, +0.0391, +0.0388, +0.0396, +0.0381, +0.0354, +0.0339, +0.0419, +0.0376, +0.0458, +0.0506, +0.0466, +0.0379, +0.0462, +0.0437, +0.0425, +0.0434, +0.0430, +0.0389, +0.0408, +0.0389, +0.0462, +0.0444, +0.0358, +0.0484, +0.0441, +0.0512, +0.0402, +0.0377, +0.0396, +0.0414, +0.0403, +0.0433, +0.0390, +0.0449, +0.0437, +0.0416, +0.0437, +0.0442, +0.0458, +0.0439, +0.0429, +0.0451, +0.0338, +0.0386, +0.0385, +0.0431, +0.0359, +0.0440, +0.0460, +0.0440, +0.0479, +0.0433, +0.0390, +0.0352, +0.0354, +0.0375, +0.0440, +0.0439, +0.0442, +0.0399, +0.0458, +0.0529, +0.0397, +0.0430, +0.0363, +0.0459, +0.0394, +0.0444, +0.0455, +0.0334, +0.0305, +0.0349, +0.0390, +0.0318, +0.0360, +0.0386, +0.0373, +0.0394, +0.0373, +0.0411, +0.0357, +0.0373, +0.0394, +0.0377, +0.0357, +0.0379, +0.0363, +0.0393, +0.0348, +0.0386, +0.0427, +0.0352, +0.0326, +0.0356, +0.0355, +0.0377, +0.0312, +0.0368, +0.0285, +0.0338, +0.0332, +0.0348, +0.0402, +0.0342, +0.0349, +0.0410, +0.0438, +0.0347, +0.0385, +0.0444, +0.0373, +0.0450, +0.0355, +0.0332, +0.0375, +0.0339, +0.0341, +0.0432, +0.0461, +0.0308, +0.0319, +0.0461, +0.0380, +0.0371, +0.0402, +0.0381, +0.0378, +0.0347, +0.0422, +0.0534, +0.0500, +0.0485, +0.0446, +0.0383, +0.0424, +0.0528, +0.0594, +0.0485, +0.0528, +0.0441, +0.0359, +0.0323, +0.0357, +0.0434, +0.0428, +0.0391, +0.0411, +0.0445, +0.0387, +0.0372, +0.0349, +0.0497, +0.0448, +0.0421, +0.0457, +0.0396, +0.0375, +0.0479, +0.0389, +0.0412, +0.0460, +0.0474, +0.0472, +0.0460, +0.0448, +0.0463, +0.0402, +0.0390, +0.0386, +0.0418, +0.0469, +0.0598, +0.0485, +0.0456, +0.0511, +0.0527, +0.0423, +0.0378, +0.0386, +0.0365, +0.0459, +0.0496, +0.0455, +0.0505, +0.0446, +0.0404, +0.0429, +0.0444, +0.0416, +0.0402, +0.0419, +0.0433, +0.0379, +0.0426, +0.0553, +0.0403, +0.0484, +0.0475, +0.0537, +0.0595, +0.0679, +0.0589, +0.0554, +0.0449, +0.0501, +0.0524, +0.0460, +0.0455, +0.0547, +0.0404, +0.0484, +0.0385, +0.0369, +0.0416, +0.0461, +0.0418, +0.0401, +0.0379, +0.0467, +0.0509, +0.0554, +0.0587, +0.0516, +0.0585, +0.0459, +0.0437, +0.0514, +0.0562, +0.0623, +0.0435, +0.0402, +0.0602, +0.0448, +0.0518, +0.0501, +0.0433, +0.0454, +0.0485, +0.0432, +0.0575, +0.0465, +0.0682, +0.0566, +0.0427, +0.0416, +0.0460, +0.0569, +0.0514, +0.0603, +0.0397, +0.0451, +0.0469, +0.0546, +0.0519, +0.0413, +0.0410, +0.0515, +0.0539, +0.0440, +0.0429, +0.0457, +0.0527, +0.0602, +0.0567, +0.0572, +0.0645, +0.0527, +0.0580, +0.0632, +0.0507, +0.0506, +0.0454, +0.0489, +0.0590, +0.0497, +0.0545, +0.0533, +0.0486, +0.0546, +0.0460, +0.0473, +0.0475, +0.0421, +0.0441, +0.0475, +0.0413, +0.0433, +0.0479, +0.0470, +0.0396, +0.0417, +0.0606, +0.0620, +0.0503, +0.0455, +0.0442, +0.0532, +0.0496, +0.0492, +0.0561, +0.0509, +0.0564, +0.0666, +0.0561, +0.0486, +0.0538, +0.0408, +0.0442, +0.0444, +0.0436, +0.0494, +0.0483, +0.0463, +0.0404, +0.0441, +0.0556, +0.0619, +0.0560, +0.0476, +0.0566, +0.0658, +0.0533, +0.0431]
[main] saved params (seed 0) -> /juice6/u/jshe/emergent_partner_grid/train/train_logs/v2_balanced_training/counterbalanced1096_20261007_001529_seeds6to10/mlp_diverse_influence_seed8.safetensors
[main] saved resolved config -> /juice6/u/jshe/emergent_partner_grid/train/train_logs/v2_balanced_training/counterbalanced1096_20261007_001529_seeds6to10/mlp_diverse_influence_seed8_config.json
[sampling audit] /juice6/u/jshe/emergent_partner_grid/train/train_logs/v2_balanced_training/counterbalanced1096_20261007_001529_seeds6to10/mlp_diverse_influence_seed8_sampling_audit.json
[eval] train: layouts_dir=/juice6/u/jshe/emergent_partner_grid/train/run_snapshots/counterbalanced1096_20261002_235609/corpus/layouts/train, 20 episodes/cap × 24 capability pairs...
[eval] train: round_success_overall=0.871  (n_rounds=9600)
    cap=(1,4)  succ=0.885  n_rounds=400
    cap=(1,7)  succ=0.875  n_rounds=400
    cap=(1,8)  succ=0.865  n_rounds=400
    cap=(1,9)  succ=0.875  n_rounds=400
    cap=(2,4)  succ=0.873  n_rounds=400
    cap=(2,7)  succ=0.885  n_rounds=400
    cap=(2,8)  succ=0.868  n_rounds=400
    cap=(2,9)  succ=0.873  n_rounds=400
    cap=(3,4)  succ=0.915  n_rounds=400
    cap=(3,7)  succ=0.870  n_rounds=400
    cap=(3,8)  succ=0.875  n_rounds=400
    cap=(3,9)  succ=0.880  n_rounds=400
    cap=(4,1)  succ=0.880  n_rounds=400
    cap=(4,2)  succ=0.900  n_rounds=400
    cap=(4,3)  succ=0.887  n_rounds=400
    cap=(7,1)  succ=0.887  n_rounds=400
    cap=(7,2)  succ=0.887  n_rounds=400
    cap=(7,3)  succ=0.875  n_rounds=400
    cap=(8,1)  succ=0.855  n_rounds=400
    cap=(8,2)  succ=0.873  n_rounds=400
    cap=(8,3)  succ=0.877  n_rounds=400
    cap=(9,1)  succ=0.837  n_rounds=400
    cap=(9,2)  succ=0.798  n_rounds=400
    cap=(9,3)  succ=0.808  n_rounds=400
[eval] test: layouts_dir=/juice6/u/jshe/emergent_partner_grid/train/run_snapshots/counterbalanced1096_20261002_235609/corpus/layouts/train, 20 episodes/cap × 22 capability pairs...
[eval] test: round_success_overall=0.853  (n_rounds=8800)
    cap=(0,5)  succ=0.827  n_rounds=400
    cap=(0,6)  succ=0.810  n_rounds=400
    cap=(1,5)  succ=0.853  n_rounds=400
    cap=(1,6)  succ=0.860  n_rounds=400
    cap=(2,5)  succ=0.895  n_rounds=400
    cap=(2,6)  succ=0.900  n_rounds=400
    cap=(3,5)  succ=0.848  n_rounds=400
    cap=(3,6)  succ=0.870  n_rounds=400
    cap=(7,0)  succ=0.850  n_rounds=400
    cap=(8,0)  succ=0.835  n_rounds=400
    cap=(9,0)  succ=0.800  n_rounds=400
    cap=(5,0)  succ=0.860  n_rounds=400
    cap=(5,1)  succ=0.853  n_rounds=400
    cap=(5,2)  succ=0.855  n_rounds=400
    cap=(5,3)  succ=0.873  n_rounds=400
    cap=(6,0)  succ=0.887  n_rounds=400
    cap=(6,1)  succ=0.870  n_rounds=400
    cap=(6,2)  succ=0.880  n_rounds=400
    cap=(6,3)  succ=0.873  n_rounds=400
    cap=(0,7)  succ=0.817  n_rounds=400
    cap=(0,8)  succ=0.858  n_rounds=400
    cap=(0,9)  succ=0.800  n_rounds=400
[eval] wrote per-capability / per-round numbers -> /juice6/u/jshe/emergent_partner_grid/train/train_logs/v2_balanced_training/counterbalanced1096_20261007_001529_seeds6to10/mlp_diverse_influence_seed8_eval.json
