[main] compiling and running 1 seed(s)...
[counterbalanced schedule] {'sampling_protocol': 'paired_counterbalanced_v1', 'seed': 2026, 'n_layouts': 1096, 'n_profiles': 24, 'rounds_per_episode': 20, 'passes_per_cycle': 5, 'episodes_per_profile_per_cycle': 274, 'rounds_per_cycle': 131520, 'visits_per_profile_layout_per_cycle': 5, 'packets': 125218, 'preallocated_episodes': 3005232, 'preallocated_rounds': 60104640, 'maximum_allocated_episode_imbalance_at_any_prefix': 1}
[u    1] env=    65536 rsucc=0.425 n_rounds=  666 ret=+0.000 len= 0.0 ent(t0,t>=1)=(0.692,1.609) aL=-0.0003 vL=0.0235 t0=[red=0.49 blue=0.51]
[u    2] env=   131072 rsucc=0.341 n_rounds=  797 ret=+0.000 len= 0.0 ent(t0,t>=1)=(0.679,1.608) aL=-0.0004 vL=0.0174 t0=[red=0.45 blue=0.55]
[u    3] env=   196608 rsucc=0.390 n_rounds=  798 ret=+0.000 len= 0.0 ent(t0,t>=1)=(0.642,1.600) aL=-0.0013 vL=0.0178 t0=[red=0.38 blue=0.62]
[u    4] env=   262144 rsucc=0.328 n_rounds=  783 ret=+0.000 len= 0.0 ent(t0,t>=1)=(0.604,1.591) aL=-0.0007 vL=0.0161 t0=[red=0.28 blue=0.72]
[u    5] env=   327680 rsucc=0.345 n_rounds=  759 ret=+2.430 len=1272.0 ent(t0,t>=1)=(0.567,1.574) aL=-0.0010 vL=0.0157 t0=[red=0.26 blue=0.74]
[u    6] env=   393216 rsucc=0.385 n_rounds=  812 ret=-4.526 len=1472.7 ent(t0,t>=1)=(0.529,1.557) aL=-0.0021 vL=0.0177 t0=[red=0.25 blue=0.75]
[u    7] env=   458752 rsucc=0.371 n_rounds=  754 ret=-9.453 len=1675.1 ent(t0,t>=1)=(0.509,1.560) aL=-0.0002 vL=0.0182 t0=[red=0.24 blue=0.76]
[u    8] env=   524288 rsucc=0.363 n_rounds=  786 ret=-13.736 len=1838.7 ent(t0,t>=1)=(0.473,1.571) aL=-0.0012 vL=0.0167 t0=[red=0.19 blue=0.81]
[u    9] env=   589824 rsucc=0.355 n_rounds=  777 ret=+0.000 len= 0.0 ent(t0,t>=1)=(0.414,1.569) aL=-0.0011 vL=0.0156 t0=[red=0.16 blue=0.84]
[u   10] env=   655360 rsucc=0.438 n_rounds=  841 ret=+0.000 len= 0.0 ent(t0,t>=1)=(0.379,1.561) aL=-0.0032 vL=0.0207 t0=[red=0.15 blue=0.85]
[u   11] env=   720896 rsucc=0.366 n_rounds=  778 ret=+0.910 len=1272.5 ent(t0,t>=1)=(0.405,1.544) aL=-0.0042 vL=0.0168 t0=[red=0.13 blue=0.87]
[u   12] env=   786432 rsucc=0.436 n_rounds=  832 ret=-4.659 len=1492.0 ent(t0,t>=1)=(0.439,1.526) aL=-0.0048 vL=0.0200 t0=[red=0.14 blue=0.86]
[u   13] env=   851968 rsucc=0.396 n_rounds=  790 ret=-7.769 len=1612.2 ent(t0,t>=1)=(0.457,1.536) aL=-0.0051 vL=0.0207 t0=[red=0.21 blue=0.79]
[u   14] env=   917504 rsucc=0.359 n_rounds=  786 ret=-10.197 len=1704.2 ent(t0,t>=1)=(0.489,1.537) aL=-0.0048 vL=0.0177 t0=[red=0.19 blue=0.81]
[u   15] env=   983040 rsucc=0.466 n_rounds=  839 ret=-13.002 len=1815.3 ent(t0,t>=1)=(0.609,1.535) aL=-0.0059 vL=0.0211 t0=[red=0.20 blue=0.80]
[u   16] env=  1048576 rsucc=0.481 n_rounds=  844 ret=+2.780 len=1237.0 ent(t0,t>=1)=(0.657,1.533) aL=-0.0075 vL=0.0214 t0=[red=0.34 blue=0.66]
[u   17] env=  1114112 rsucc=0.434 n_rounds=  807 ret=-1.570 len=1369.0 ent(t0,t>=1)=(0.691,1.538) aL=-0.0070 vL=0.0175 t0=[red=0.39 blue=0.61]
[u   18] env=  1179648 rsucc=0.519 n_rounds=  867 ret=-3.935 len=1476.4 ent(t0,t>=1)=(0.687,1.529) aL=-0.0077 vL=0.0229 t0=[red=0.49 blue=0.51]
[u   19] env=  1245184 rsucc=0.486 n_rounds=  866 ret=-5.234 len=1521.6 ent(t0,t>=1)=(0.661,1.531) aL=-0.0087 vL=0.0224 t0=[red=0.43 blue=0.57]
[u   20] env=  1310720 rsucc=0.508 n_rounds=  887 ret=-7.595 len=1621.2 ent(t0,t>=1)=(0.634,1.521) aL=-0.0092 vL=0.0247 t0=[red=0.41 blue=0.59]
[u   21] env=  1376256 rsucc=0.541 n_rounds=  881 ret=-7.835 len=1646.0 ent(t0,t>=1)=(0.667,1.509) aL=-0.0101 vL=0.0219 t0=[red=0.33 blue=0.67]
[u   22] env=  1441792 rsucc=0.634 n_rounds=  978 ret=-3.123 len=1423.3 ent(t0,t>=1)=(0.667,1.492) aL=-0.0114 vL=0.0252 t0=[red=0.36 blue=0.64]
[u   23] env=  1507328 rsucc=0.617 n_rounds=  947 ret=-0.358 len=1264.7 ent(t0,t>=1)=(0.678,1.493) aL=-0.0119 vL=0.0241 t0=[red=0.40 blue=0.60]
[u   24] env=  1572864 rsucc=0.735 n_rounds= 1069 ret=+0.330 len=1304.9 ent(t0,t>=1)=(0.669,1.459) aL=-0.0130 vL=0.0312 t0=[red=0.40 blue=0.60]
[u   25] env=  1638400 rsucc=0.723 n_rounds= 1040 ret=-0.576 len=1350.4 ent(t0,t>=1)=(0.664,1.441) aL=-0.0111 vL=0.0306 t0=[red=0.39 blue=0.61]
[u   26] env=  1703936 rsucc=0.736 n_rounds= 1083 ret=-2.470 len=1440.1 ent(t0,t>=1)=(0.655,1.430) aL=-0.0104 vL=0.0273 t0=[red=0.39 blue=0.61]
[u   27] env=  1769472 rsucc=0.794 n_rounds= 1155 ret=+1.041 len=1289.7 ent(t0,t>=1)=(0.618,1.411) aL=-0.0105 vL=0.0284 t0=[red=0.40 blue=0.60]
[u   28] env=  1835008 rsucc=0.825 n_rounds= 1238 ret=+6.012 len=1078.7 ent(t0,t>=1)=(0.654,1.397) aL=-0.0107 vL=0.0299 t0=[red=0.33 blue=0.67]
[u   29] env=  1900544 rsucc=0.851 n_rounds= 1243 ret=+5.625 len=1102.3 ent(t0,t>=1)=(0.665,1.386) aL=-0.0109 vL=0.0254 t0=[red=0.37 blue=0.63]
[u   30] env=  1966080 rsucc=0.803 n_rounds= 1181 ret=+5.004 len=1114.5 ent(t0,t>=1)=(0.685,1.389) aL=-0.0096 vL=0.0259 t0=[red=0.46 blue=0.54]
[u   31] env=  2031616 rsucc=0.821 n_rounds= 1209 ret=+3.466 len=1168.4 ent(t0,t>=1)=(0.685,1.373) aL=-0.0100 vL=0.0243 t0=[red=0.46 blue=0.54]
[u   32] env=  2097152 rsucc=0.841 n_rounds= 1241 ret=+5.451 len=1097.9 ent(t0,t>=1)=(0.681,1.376) aL=-0.0094 vL=0.0242 t0=[red=0.56 blue=0.44]
[u   33] env=  2162688 rsucc=0.884 n_rounds= 1336 ret=+5.996 len=1058.6 ent(t0,t>=1)=(0.670,1.335) aL=-0.0097 vL=0.0264 t0=[red=0.51 blue=0.49]
[u   34] env=  2228224 rsucc=0.871 n_rounds= 1299 ret=+5.905 len=1091.4 ent(t0,t>=1)=(0.651,1.337) aL=-0.0097 vL=0.0230 t0=[red=0.56 blue=0.44]
[u   35] env=  2293760 rsucc=0.839 n_rounds= 1276 ret=+8.621 len=975.5 ent(t0,t>=1)=(0.645,1.335) aL=-0.0092 vL=0.0247 t0=[red=0.63 blue=0.37]
[u   36] env=  2359296 rsucc=0.905 n_rounds= 1417 ret=+9.486 len=892.5 ent(t0,t>=1)=(0.618,1.303) aL=-0.0105 vL=0.0266 t0=[red=0.66 blue=0.34]
[u   37] env=  2424832 rsucc=0.874 n_rounds= 1351 ret=+7.696 len=984.9 ent(t0,t>=1)=(0.600,1.278) aL=-0.0064 vL=0.0245 t0=[red=0.68 blue=0.32]
[u   38] env=  2490368 rsucc=0.830 n_rounds= 1324 ret=+6.776 len=1027.5 ent(t0,t>=1)=(0.617,1.282) aL=-0.0072 vL=0.0245 t0=[red=0.58 blue=0.42]
[u   39] env=  2555904 rsucc=0.884 n_rounds= 1393 ret=+5.995 len=1058.6 ent(t0,t>=1)=(0.639,1.280) aL=-0.0079 vL=0.0249 t0=[red=0.63 blue=0.37]
[u   40] env=  2621440 rsucc=0.811 n_rounds= 1283 ret=+9.065 len=864.2 ent(t0,t>=1)=(0.598,1.278) aL=-0.0055 vL=0.0239 t0=[red=0.61 blue=0.39]
[u   41] env=  2686976 rsucc=0.832 n_rounds= 1330 ret=+7.849 len=958.6 ent(t0,t>=1)=(0.624,1.267) aL=-0.0071 vL=0.0252 t0=[red=0.59 blue=0.41]
[u   42] env=  2752512 rsucc=0.852 n_rounds= 1363 ret=+7.390 len=990.3 ent(t0,t>=1)=(0.618,1.255) aL=-0.0078 vL=0.0268 t0=[red=0.63 blue=0.37]
[u   43] env=  2818048 rsucc=0.902 n_rounds= 1475 ret=+6.944 len=1017.6 ent(t0,t>=1)=(0.610,1.253) aL=-0.0088 vL=0.0271 t0=[red=0.63 blue=0.37]
[u   44] env=  2883584 rsucc=0.871 n_rounds= 1410 ret=+8.397 len=933.9 ent(t0,t>=1)=(0.617,1.250) aL=-0.0086 vL=0.0270 t0=[red=0.58 blue=0.42]
[u   45] env=  2949120 rsucc=0.809 n_rounds= 1249 ret=+7.349 len=959.3 ent(t0,t>=1)=(0.616,1.266) aL=-0.0079 vL=0.0222 t0=[red=0.54 blue=0.46]
[u   46] env=  3014656 rsucc=0.858 n_rounds= 1379 ret=+7.696 len=955.0 ent(t0,t>=1)=(0.581,1.253) aL=-0.0098 vL=0.0243 t0=[red=0.55 blue=0.45]
[u   47] env=  3080192 rsucc=0.847 n_rounds= 1346 ret=+7.762 len=957.2 ent(t0,t>=1)=(0.593,1.246) aL=-0.0087 vL=0.0227 t0=[red=0.57 blue=0.43]
[u   48] env=  3145728 rsucc=0.821 n_rounds= 1303 ret=+8.008 len=936.3 ent(t0,t>=1)=(0.585,1.243) aL=-0.0084 vL=0.0240 t0=[red=0.55 blue=0.45]
[u   49] env=  3211264 rsucc=0.835 n_rounds= 1359 ret=+6.391 len=1016.8 ent(t0,t>=1)=(0.576,1.257) aL=-0.0080 vL=0.0240 t0=[red=0.48 blue=0.52]
[u   50] env=  3276800 rsucc=0.828 n_rounds= 1287 ret=+6.284 len=1016.1 ent(t0,t>=1)=(0.577,1.246) aL=-0.0084 vL=0.0223 t0=[red=0.48 blue=0.52]
[u   51] env=  3342336 rsucc=0.828 n_rounds= 1405 ret=+8.839 len=887.5 ent(t0,t>=1)=(0.601,1.272) aL=-0.0096 vL=0.0225 t0=[red=0.51 blue=0.49]
[u   52] env=  3407872 rsucc=0.828 n_rounds= 1259 ret=+8.812 len=903.1 ent(t0,t>=1)=(0.598,1.260) aL=-0.0107 vL=0.0205 t0=[red=0.40 blue=0.60]
[u   53] env=  3473408 rsucc=0.849 n_rounds= 1322 ret=+7.004 len=985.1 ent(t0,t>=1)=(0.589,1.254) aL=-0.0101 vL=0.0215 t0=[red=0.41 blue=0.59]
[u   54] env=  3538944 rsucc=0.872 n_rounds= 1417 ret=+6.205 len=1029.2 ent(t0,t>=1)=(0.597,1.226) aL=-0.0105 vL=0.0222 t0=[red=0.43 blue=0.57]
[u   55] env=  3604480 rsucc=0.856 n_rounds= 1421 ret=+5.834 len=1032.6 ent(t0,t>=1)=(0.590,1.249) aL=-0.0123 vL=0.0235 t0=[red=0.42 blue=0.58]
[u   56] env=  3670016 rsucc=0.879 n_rounds= 1491 ret=+7.850 len=934.5 ent(t0,t>=1)=(0.570,1.243) aL=-0.0113 vL=0.0238 t0=[red=0.36 blue=0.64]
[u   57] env=  3735552 rsucc=0.838 n_rounds= 1286 ret=+7.441 len=968.0 ent(t0,t>=1)=(0.541,1.263) aL=-0.0117 vL=0.0205 t0=[red=0.33 blue=0.67]
[u   58] env=  3801088 rsucc=0.882 n_rounds= 1378 ret=+8.924 len=912.7 ent(t0,t>=1)=(0.563,1.261) aL=-0.0123 vL=0.0204 t0=[red=0.36 blue=0.64]
[u   59] env=  3866624 rsucc=0.868 n_rounds= 1344 ret=+8.045 len=966.4 ent(t0,t>=1)=(0.603,1.260) aL=-0.0118 vL=0.0219 t0=[red=0.41 blue=0.59]
[u   60] env=  3932160 rsucc=0.881 n_rounds= 1376 ret=+8.041 len=944.4 ent(t0,t>=1)=(0.595,1.261) aL=-0.0124 vL=0.0224 t0=[red=0.40 blue=0.60]
[u   61] env=  3997696 rsucc=0.863 n_rounds= 1382 ret=+8.378 len=946.0 ent(t0,t>=1)=(0.568,1.254) aL=-0.0118 vL=0.0231 t0=[red=0.39 blue=0.61]
[u   62] env=  4063232 rsucc=0.829 n_rounds= 1302 ret=+8.244 len=940.3 ent(t0,t>=1)=(0.584,1.218) aL=-0.0096 vL=0.0230 t0=[red=0.43 blue=0.57]
[u   63] env=  4128768 rsucc=0.896 n_rounds= 1452 ret=+8.643 len=930.1 ent(t0,t>=1)=(0.572,1.214) aL=-0.0118 vL=0.0214 t0=[red=0.49 blue=0.51]
[u   64] env=  4194304 rsucc=0.881 n_rounds= 1357 ret=+8.503 len=945.3 ent(t0,t>=1)=(0.554,1.207) aL=-0.0114 vL=0.0196 t0=[red=0.48 blue=0.52]
[u   65] env=  4259840 rsucc=0.852 n_rounds= 1367 ret=+7.972 len=960.6 ent(t0,t>=1)=(0.541,1.197) aL=-0.0138 vL=0.0200 t0=[red=0.43 blue=0.57]
[u   66] env=  4325376 rsucc=0.867 n_rounds= 1331 ret=+7.296 len=980.4 ent(t0,t>=1)=(0.545,1.216) aL=-0.0146 vL=0.0207 t0=[red=0.41 blue=0.59]
[u   67] env=  4390912 rsucc=0.879 n_rounds= 1514 ret=+7.867 len=946.1 ent(t0,t>=1)=(0.542,1.215) aL=-0.0136 vL=0.0218 t0=[red=0.41 blue=0.59]
[u   68] env=  4456448 rsucc=0.919 n_rounds= 1463 ret=+8.082 len=956.7 ent(t0,t>=1)=(0.530,1.217) aL=-0.0143 vL=0.0208 t0=[red=0.35 blue=0.65]
[u   69] env=  4521984 rsucc=0.878 n_rounds= 1414 ret=+8.629 len=932.2 ent(t0,t>=1)=(0.529,1.201) aL=-0.0143 vL=0.0218 t0=[red=0.37 blue=0.63]
[u   70] env=  4587520 rsucc=0.919 n_rounds= 1535 ret=+9.032 len=894.6 ent(t0,t>=1)=(0.519,1.202) aL=-0.0146 vL=0.0207 t0=[red=0.40 blue=0.60]
[u   71] env=  4653056 rsucc=0.911 n_rounds= 1431 ret=+9.351 len=892.3 ent(t0,t>=1)=(0.561,1.176) aL=-0.0138 vL=0.0207 t0=[red=0.41 blue=0.59]
[u   72] env=  4718592 rsucc=0.905 n_rounds= 1406 ret=+9.103 len=901.8 ent(t0,t>=1)=(0.556,1.175) aL=-0.0136 vL=0.0193 t0=[red=0.41 blue=0.59]
[u   73] env=  4784128 rsucc=0.840 n_rounds= 1317 ret=+10.020 len=867.4 ent(t0,t>=1)=(0.542,1.173) aL=-0.0125 vL=0.0228 t0=[red=0.34 blue=0.66]
[u   74] env=  4849664 rsucc=0.880 n_rounds= 1482 ret=+9.720 len=884.4 ent(t0,t>=1)=(0.565,1.151) aL=-0.0141 vL=0.0212 t0=[red=0.40 blue=0.60]
[u   75] env=  4915200 rsucc=0.898 n_rounds= 1480 ret=+7.333 len=985.2 ent(t0,t>=1)=(0.561,1.177) aL=-0.0138 vL=0.0211 t0=[red=0.43 blue=0.57]
[u   76] env=  4980736 rsucc=0.879 n_rounds= 1475 ret=+7.793 len=940.9 ent(t0,t>=1)=(0.536,1.142) aL=-0.0124 vL=0.0230 t0=[red=0.33 blue=0.67]
[u   77] env=  5046272 rsucc=0.895 n_rounds= 1537 ret=+9.012 len=880.0 ent(t0,t>=1)=(0.535,1.172) aL=-0.0149 vL=0.0243 t0=[red=0.36 blue=0.64]
[u   78] env=  5111808 rsucc=0.880 n_rounds= 1403 ret=+9.631 len=860.2 ent(t0,t>=1)=(0.516,1.174) aL=-0.0176 vL=0.0221 t0=[red=0.26 blue=0.74]
[u   79] env=  5177344 rsucc=0.846 n_rounds= 1334 ret=+9.008 len=888.1 ent(t0,t>=1)=(0.521,1.168) aL=-0.0143 vL=0.0220 t0=[red=0.31 blue=0.69]
[u   80] env=  5242880 rsucc=0.902 n_rounds= 1559 ret=+8.327 len=937.5 ent(t0,t>=1)=(0.494,1.138) aL=-0.0138 vL=0.0245 t0=[red=0.32 blue=0.68]
[u   81] env=  5308416 rsucc=0.911 n_rounds= 1493 ret=+8.494 len=919.9 ent(t0,t>=1)=(0.534,1.109) aL=-0.0146 vL=0.0237 t0=[red=0.37 blue=0.63]
[u   82] env=  5373952 rsucc=0.894 n_rounds= 1358 ret=+8.872 len=908.0 ent(t0,t>=1)=(0.467,1.152) aL=-0.0133 vL=0.0206 t0=[red=0.31 blue=0.69]
[u   83] env=  5439488 rsucc=0.869 n_rounds= 1388 ret=+10.094 len=868.0 ent(t0,t>=1)=(0.480,1.130) aL=-0.0139 vL=0.0206 t0=[red=0.31 blue=0.69]
[u   84] env=  5505024 rsucc=0.854 n_rounds= 1355 ret=+9.616 len=862.8 ent(t0,t>=1)=(0.478,1.121) aL=-0.0126 vL=0.0219 t0=[red=0.31 blue=0.69]
[u   85] env=  5570560 rsucc=0.838 n_rounds= 1356 ret=+7.708 len=978.5 ent(t0,t>=1)=(0.483,1.115) aL=-0.0171 vL=0.0229 t0=[red=0.34 blue=0.66]
[u   86] env=  5636096 rsucc=0.916 n_rounds= 1506 ret=+8.835 len=917.9 ent(t0,t>=1)=(0.452,1.101) aL=-0.0140 vL=0.0218 t0=[red=0.25 blue=0.75]
[u   87] env=  5701632 rsucc=0.888 n_rounds= 1414 ret=+6.833 len=981.8 ent(t0,t>=1)=(0.461,1.108) aL=-0.0153 vL=0.0233 t0=[red=0.26 blue=0.74]
[u   88] env=  5767168 rsucc=0.925 n_rounds= 1602 ret=+8.312 len=921.2 ent(t0,t>=1)=(0.438,1.091) aL=-0.0151 vL=0.0235 t0=[red=0.26 blue=0.74]
[u   89] env=  5832704 rsucc=0.936 n_rounds= 1588 ret=+9.853 len=886.7 ent(t0,t>=1)=(0.484,1.112) aL=-0.0153 vL=0.0234 t0=[red=0.28 blue=0.72]
[u   90] env=  5898240 rsucc=0.926 n_rounds= 1543 ret=+11.334 len=777.8 ent(t0,t>=1)=(0.491,1.107) aL=-0.0153 vL=0.0212 t0=[red=0.31 blue=0.69]
[u   91] env=  5963776 rsucc=0.898 n_rounds= 1443 ret=+10.838 len=817.6 ent(t0,t>=1)=(0.436,1.108) aL=-0.0144 vL=0.0224 t0=[red=0.23 blue=0.77]
[u   92] env=  6029312 rsucc=0.870 n_rounds= 1375 ret=+9.633 len=881.8 ent(t0,t>=1)=(0.465,1.084) aL=-0.0165 vL=0.0209 t0=[red=0.26 blue=0.74]
[u   93] env=  6094848 rsucc=0.907 n_rounds= 1433 ret=+8.924 len=926.9 ent(t0,t>=1)=(0.468,1.056) aL=-0.0125 vL=0.0219 t0=[red=0.24 blue=0.76]
[u   94] env=  6160384 rsucc=0.851 n_rounds= 1391 ret=+8.851 len=905.7 ent(t0,t>=1)=(0.485,1.063) aL=-0.0151 vL=0.0245 t0=[red=0.31 blue=0.69]
[u   95] env=  6225920 rsucc=0.873 n_rounds= 1438 ret=+7.271 len=961.4 ent(t0,t>=1)=(0.440,1.078) aL=-0.0147 vL=0.0238 t0=[red=0.28 blue=0.72]
[u   96] env=  6291456 rsucc=0.886 n_rounds= 1530 ret=+8.316 len=927.6 ent(t0,t>=1)=(0.413,1.050) aL=-0.0136 vL=0.0255 t0=[red=0.25 blue=0.75]
[u   97] env=  6356992 rsucc=0.917 n_rounds= 1548 ret=+8.756 len=910.7 ent(t0,t>=1)=(0.419,1.039) aL=-0.0142 vL=0.0232 t0=[red=0.24 blue=0.76]
[u   98] env=  6422528 rsucc=0.895 n_rounds= 1512 ret=+9.661 len=855.9 ent(t0,t>=1)=(0.424,1.026) aL=-0.0132 vL=0.0232 t0=[red=0.27 blue=0.73]
[u   99] env=  6488064 rsucc=0.873 n_rounds= 1420 ret=+9.240 len=875.9 ent(t0,t>=1)=(0.407,1.069) aL=-0.0131 vL=0.0239 t0=[red=0.21 blue=0.79]
[u  100] env=  6553600 rsucc=0.900 n_rounds= 1481 ret=+10.464 len=818.7 ent(t0,t>=1)=(0.406,1.069) aL=-0.0126 vL=0.0213 t0=[red=0.22 blue=0.78]
[u  101] env=  6619136 rsucc=0.856 n_rounds= 1376 ret=+8.446 len=909.4 ent(t0,t>=1)=(0.384,1.061) aL=-0.0148 vL=0.0238 t0=[red=0.20 blue=0.80]
[u  102] env=  6684672 rsucc=0.867 n_rounds= 1383 ret=+8.253 len=936.2 ent(t0,t>=1)=(0.317,1.035) aL=-0.0153 vL=0.0214 t0=[red=0.18 blue=0.82]
[u  103] env=  6750208 rsucc=0.862 n_rounds= 1456 ret=+8.390 len=919.2 ent(t0,t>=1)=(0.366,1.052) aL=-0.0143 vL=0.0252 t0=[red=0.21 blue=0.79]
[u  104] env=  6815744 rsucc=0.902 n_rounds= 1591 ret=+8.734 len=900.7 ent(t0,t>=1)=(0.365,1.013) aL=-0.0159 vL=0.0239 t0=[red=0.22 blue=0.78]
[u  105] env=  6881280 rsucc=0.929 n_rounds= 1542 ret=+9.420 len=872.5 ent(t0,t>=1)=(0.406,1.021) aL=-0.0161 vL=0.0249 t0=[red=0.22 blue=0.78]
[u  106] env=  6946816 rsucc=0.903 n_rounds= 1500 ret=+9.496 len=868.4 ent(t0,t>=1)=(0.392,1.005) aL=-0.0136 vL=0.0233 t0=[red=0.21 blue=0.79]
[u  107] env=  7012352 rsucc=0.876 n_rounds= 1332 ret=+9.733 len=872.1 ent(t0,t>=1)=(0.417,0.995) aL=-0.0102 vL=0.0233 t0=[red=0.25 blue=0.75]
[u  108] env=  7077888 rsucc=0.849 n_rounds= 1406 ret=+9.388 len=888.6 ent(t0,t>=1)=(0.405,1.020) aL=-0.0119 vL=0.0231 t0=[red=0.25 blue=0.75]
[u  109] env=  7143424 rsucc=0.928 n_rounds= 1589 ret=+8.988 len=879.8 ent(t0,t>=1)=(0.426,1.012) aL=-0.0151 vL=0.0232 t0=[red=0.29 blue=0.71]
[u  110] env=  7208960 rsucc=0.902 n_rounds= 1539 ret=+8.143 len=934.1 ent(t0,t>=1)=(0.356,1.013) aL=-0.0115 vL=0.0240 t0=[red=0.22 blue=0.78]
[u  111] env=  7274496 rsucc=0.933 n_rounds= 1611 ret=+8.981 len=911.8 ent(t0,t>=1)=(0.380,1.003) aL=-0.0143 vL=0.0229 t0=[red=0.25 blue=0.75]
[u  112] env=  7340032 rsucc=0.927 n_rounds= 1469 ret=+10.185 len=841.3 ent(t0,t>=1)=(0.391,1.026) aL=-0.0147 vL=0.0210 t0=[red=0.27 blue=0.73]
[u  113] env=  7405568 rsucc=0.892 n_rounds= 1489 ret=+10.657 len=817.4 ent(t0,t>=1)=(0.392,1.025) aL=-0.0143 vL=0.0249 t0=[red=0.26 blue=0.74]
[u  114] env=  7471104 rsucc=0.883 n_rounds= 1519 ret=+9.781 len=866.8 ent(t0,t>=1)=(0.379,1.022) aL=-0.0129 vL=0.0233 t0=[red=0.25 blue=0.75]
[u  115] env=  7536640 rsucc=0.855 n_rounds= 1376 ret=+10.117 len=833.8 ent(t0,t>=1)=(0.348,1.031) aL=-0.0150 vL=0.0213 t0=[red=0.16 blue=0.84]
[u  116] env=  7602176 rsucc=0.876 n_rounds= 1462 ret=+8.601 len=924.7 ent(t0,t>=1)=(0.436,1.009) aL=-0.0142 vL=0.0236 t0=[red=0.33 blue=0.67]
[u  117] env=  7667712 rsucc=0.859 n_rounds= 1319 ret=+7.905 len=943.2 ent(t0,t>=1)=(0.412,1.041) aL=-0.0136 vL=0.0215 t0=[red=0.28 blue=0.72]
[u  118] env=  7733248 rsucc=0.867 n_rounds= 1403 ret=+7.188 len=963.9 ent(t0,t>=1)=(0.423,1.025) aL=-0.0142 vL=0.0219 t0=[red=0.29 blue=0.71]
[u  119] env=  7798784 rsucc=0.904 n_rounds= 1473 ret=+8.070 len=914.0 ent(t0,t>=1)=(0.413,1.000) aL=-0.0139 vL=0.0216 t0=[red=0.32 blue=0.68]
[u  120] env=  7864320 rsucc=0.924 n_rounds= 1533 ret=+8.912 len=924.4 ent(t0,t>=1)=(0.377,1.003) aL=-0.0149 vL=0.0227 t0=[red=0.22 blue=0.78]
[u  121] env=  7929856 rsucc=0.854 n_rounds= 1363 ret=+9.131 len=907.6 ent(t0,t>=1)=(0.382,1.046) aL=-0.0103 vL=0.0221 t0=[red=0.23 blue=0.77]
[u  122] env=  7995392 rsucc=0.885 n_rounds= 1486 ret=+9.925 len=865.3 ent(t0,t>=1)=(0.369,1.031) aL=-0.0147 vL=0.0235 t0=[red=0.22 blue=0.78]
[u  123] env=  8060928 rsucc=0.913 n_rounds= 1581 ret=+9.597 len=872.0 ent(t0,t>=1)=(0.355,1.037) aL=-0.0159 vL=0.0241 t0=[red=0.21 blue=0.79]
[u  124] env=  8126464 rsucc=0.896 n_rounds= 1510 ret=+8.518 len=902.9 ent(t0,t>=1)=(0.330,1.040) aL=-0.0187 vL=0.0232 t0=[red=0.21 blue=0.79]
[u  125] env=  8192000 rsucc=0.902 n_rounds= 1457 ret=+9.075 len=889.4 ent(t0,t>=1)=(0.403,1.052) aL=-0.0184 vL=0.0213 t0=[red=0.20 blue=0.80]
[u  126] env=  8257536 rsucc=0.885 n_rounds= 1458 ret=+8.777 len=894.5 ent(t0,t>=1)=(0.409,1.075) aL=-0.0184 vL=0.0221 t0=[red=0.22 blue=0.78]
[u  127] env=  8323072 rsucc=0.925 n_rounds= 1554 ret=+9.457 len=866.8 ent(t0,t>=1)=(0.425,1.051) aL=-0.0187 vL=0.0216 t0=[red=0.26 blue=0.74]
[u  128] env=  8388608 rsucc=0.892 n_rounds= 1357 ret=+9.465 len=895.9 ent(t0,t>=1)=(0.441,1.078) aL=-0.0191 vL=0.0229 t0=[red=0.27 blue=0.73]
[u  129] env=  8454144 rsucc=0.830 n_rounds= 1358 ret=+9.497 len=885.9 ent(t0,t>=1)=(0.414,1.070) aL=-0.0146 vL=0.0213 t0=[red=0.28 blue=0.72]
[u  130] env=  8519680 rsucc=0.886 n_rounds= 1479 ret=+9.115 len=868.6 ent(t0,t>=1)=(0.435,1.050) aL=-0.0173 vL=0.0214 t0=[red=0.31 blue=0.69]
[u  131] env=  8585216 rsucc=0.867 n_rounds= 1366 ret=+9.093 len=901.0 ent(t0,t>=1)=(0.414,1.076) aL=-0.0133 vL=0.0240 t0=[red=0.29 blue=0.71]
[u  132] env=  8650752 rsucc=0.868 n_rounds= 1437 ret=+7.571 len=961.1 ent(t0,t>=1)=(0.387,1.041) aL=-0.0152 vL=0.0220 t0=[red=0.27 blue=0.73]
[u  133] env=  8716288 rsucc=0.898 n_rounds= 1511 ret=+8.108 len=941.9 ent(t0,t>=1)=(0.392,1.047) aL=-0.0142 vL=0.0239 t0=[red=0.27 blue=0.73]
[u  134] env=  8781824 rsucc=0.935 n_rounds= 1560 ret=+9.484 len=867.7 ent(t0,t>=1)=(0.412,1.016) aL=-0.0154 vL=0.0243 t0=[red=0.33 blue=0.67]
[u  135] env=  8847360 rsucc=0.905 n_rounds= 1521 ret=+9.528 len=872.8 ent(t0,t>=1)=(0.461,1.028) aL=-0.0165 vL=0.0237 t0=[red=0.34 blue=0.66]
[u  136] env=  8912896 rsucc=0.904 n_rounds= 1489 ret=+9.817 len=849.3 ent(t0,t>=1)=(0.440,1.028) aL=-0.0163 vL=0.0224 t0=[red=0.36 blue=0.64]
[u  137] env=  8978432 rsucc=0.910 n_rounds= 1436 ret=+9.449 len=882.1 ent(t0,t>=1)=(0.448,1.057) aL=-0.0172 vL=0.0251 t0=[red=0.28 blue=0.72]
[u  138] env=  9043968 rsucc=0.908 n_rounds= 1506 ret=+10.117 len=833.3 ent(t0,t>=1)=(0.483,1.018) aL=-0.0143 vL=0.0241 t0=[red=0.34 blue=0.66]
[u  139] env=  9109504 rsucc=0.921 n_rounds= 1567 ret=+9.416 len=892.0 ent(t0,t>=1)=(0.484,1.008) aL=-0.0148 vL=0.0208 t0=[red=0.33 blue=0.67]
[u  140] env=  9175040 rsucc=0.915 n_rounds= 1490 ret=+9.371 len=897.1 ent(t0,t>=1)=(0.459,1.013) aL=-0.0129 vL=0.0236 t0=[red=0.38 blue=0.62]
[u  141] env=  9240576 rsucc=0.894 n_rounds= 1525 ret=+9.593 len=879.9 ent(t0,t>=1)=(0.434,1.024) aL=-0.0171 vL=0.0243 t0=[red=0.33 blue=0.67]
[u  142] env=  9306112 rsucc=0.910 n_rounds= 1493 ret=+10.308 len=834.9 ent(t0,t>=1)=(0.398,1.014) aL=-0.0146 vL=0.0239 t0=[red=0.27 blue=0.73]
[u  143] env=  9371648 rsucc=0.902 n_rounds= 1492 ret=+9.496 len=880.9 ent(t0,t>=1)=(0.412,0.989) aL=-0.0157 vL=0.0235 t0=[red=0.30 blue=0.70]
[u  144] env=  9437184 rsucc=0.919 n_rounds= 1618 ret=+10.003 len=860.9 ent(t0,t>=1)=(0.391,0.986) aL=-0.0129 vL=0.0223 t0=[red=0.29 blue=0.71]
[u  145] env=  9502720 rsucc=0.873 n_rounds= 1440 ret=+9.514 len=866.6 ent(t0,t>=1)=(0.432,1.043) aL=-0.0150 vL=0.0228 t0=[red=0.28 blue=0.72]
[u  146] env=  9568256 rsucc=0.870 n_rounds= 1374 ret=+9.363 len=891.0 ent(t0,t>=1)=(0.407,1.035) aL=-0.0161 vL=0.0231 t0=[red=0.28 blue=0.72]
[u  147] env=  9633792 rsucc=0.900 n_rounds= 1439 ret=+8.264 len=908.6 ent(t0,t>=1)=(0.423,1.033) aL=-0.0145 vL=0.0213 t0=[red=0.30 blue=0.70]
[u  148] env=  9699328 rsucc=0.921 n_rounds= 1517 ret=+9.569 len=867.8 ent(t0,t>=1)=(0.424,1.020) aL=-0.0180 vL=0.0238 t0=[red=0.33 blue=0.67]
[u  149] env=  9764864 rsucc=0.896 n_rounds= 1522 ret=+8.973 len=893.9 ent(t0,t>=1)=(0.449,1.035) aL=-0.0167 vL=0.0236 t0=[red=0.32 blue=0.68]
[u  150] env=  9830400 rsucc=0.948 n_rounds= 1592 ret=+9.221 len=914.1 ent(t0,t>=1)=(0.422,1.010) aL=-0.0190 vL=0.0222 t0=[red=0.32 blue=0.68]
[u  151] env=  9895936 rsucc=0.913 n_rounds= 1467 ret=+9.738 len=867.8 ent(t0,t>=1)=(0.449,1.034) aL=-0.0157 vL=0.0213 t0=[red=0.32 blue=0.68]
[u  152] env=  9961472 rsucc=0.906 n_rounds= 1469 ret=+10.486 len=832.5 ent(t0,t>=1)=(0.422,1.031) aL=-0.0161 vL=0.0231 t0=[red=0.32 blue=0.68]
[u  153] env= 10027008 rsucc=0.935 n_rounds= 1497 ret=+10.197 len=866.4 ent(t0,t>=1)=(0.354,1.019) aL=-0.0161 vL=0.0210 t0=[red=0.26 blue=0.74]
[u  154] env= 10092544 rsucc=0.928 n_rounds= 1491 ret=+9.550 len=889.3 ent(t0,t>=1)=(0.367,1.035) aL=-0.0162 vL=0.0215 t0=[red=0.25 blue=0.75]
[u  155] env= 10158080 rsucc=0.877 n_rounds= 1420 ret=+9.716 len=846.4 ent(t0,t>=1)=(0.395,1.049) aL=-0.0163 vL=0.0238 t0=[red=0.28 blue=0.72]
[u  156] env= 10223616 rsucc=0.891 n_rounds= 1344 ret=+9.434 len=895.0 ent(t0,t>=1)=(0.422,1.056) aL=-0.0185 vL=0.0217 t0=[red=0.31 blue=0.69]
[u  157] env= 10289152 rsucc=0.864 n_rounds= 1356 ret=+9.184 len=919.2 ent(t0,t>=1)=(0.420,1.075) aL=-0.0186 vL=0.0236 t0=[red=0.27 blue=0.73]
[u  158] env= 10354688 rsucc=0.878 n_rounds= 1444 ret=+8.278 len=970.2 ent(t0,t>=1)=(0.395,1.038) aL=-0.0171 vL=0.0223 t0=[red=0.32 blue=0.68]
[u  159] env= 10420224 rsucc=0.924 n_rounds= 1563 ret=+8.586 len=921.0 ent(t0,t>=1)=(0.397,1.030) aL=-0.0181 vL=0.0226 t0=[red=0.26 blue=0.74]
[u  160] env= 10485760 rsucc=0.934 n_rounds= 1510 ret=+9.068 len=884.6 ent(t0,t>=1)=(0.388,1.016) aL=-0.0162 vL=0.0208 t0=[red=0.28 blue=0.72]
[u  161] env= 10551296 rsucc=0.908 n_rounds= 1440 ret=+8.798 len=918.0 ent(t0,t>=1)=(0.377,1.049) aL=-0.0174 vL=0.0206 t0=[red=0.23 blue=0.77]
[u  162] env= 10616832 rsucc=0.879 n_rounds= 1404 ret=+9.739 len=888.8 ent(t0,t>=1)=(0.372,1.053) aL=-0.0148 vL=0.0210 t0=[red=0.23 blue=0.77]
[u  163] env= 10682368 rsucc=0.890 n_rounds= 1446 ret=+10.034 len=891.2 ent(t0,t>=1)=(0.409,1.068) aL=-0.0161 vL=0.0231 t0=[red=0.28 blue=0.72]
[u  164] env= 10747904 rsucc=0.889 n_rounds= 1443 ret=+9.299 len=898.7 ent(t0,t>=1)=(0.389,1.050) aL=-0.0179 vL=0.0221 t0=[red=0.26 blue=0.74]
[u  165] env= 10813440 rsucc=0.933 n_rounds= 1545 ret=+8.598 len=909.9 ent(t0,t>=1)=(0.337,1.018) aL=-0.0153 vL=0.0213 t0=[red=0.21 blue=0.79]
[u  166] env= 10878976 rsucc=0.898 n_rounds= 1436 ret=+8.749 len=922.9 ent(t0,t>=1)=(0.321,1.048) aL=-0.0166 vL=0.0201 t0=[red=0.18 blue=0.82]
[u  167] env= 10944512 rsucc=0.919 n_rounds= 1521 ret=+9.346 len=876.9 ent(t0,t>=1)=(0.349,1.018) aL=-0.0163 vL=0.0229 t0=[red=0.17 blue=0.83]
[u  168] env= 11010048 rsucc=0.925 n_rounds= 1514 ret=+9.353 len=903.6 ent(t0,t>=1)=(0.340,1.023) aL=-0.0171 vL=0.0226 t0=[red=0.19 blue=0.81]
[u  169] env= 11075584 rsucc=0.915 n_rounds= 1561 ret=+10.398 len=860.2 ent(t0,t>=1)=(0.330,1.024) aL=-0.0161 vL=0.0252 t0=[red=0.18 blue=0.82]
[u  170] env= 11141120 rsucc=0.914 n_rounds= 1579 ret=+10.718 len=800.7 ent(t0,t>=1)=(0.339,1.008) aL=-0.0171 vL=0.0226 t0=[red=0.20 blue=0.80]
[u  171] env= 11206656 rsucc=0.918 n_rounds= 1509 ret=+10.042 len=846.9 ent(t0,t>=1)=(0.352,0.999) aL=-0.0153 vL=0.0252 t0=[red=0.23 blue=0.77]
[u  172] env= 11272192 rsucc=0.910 n_rounds= 1474 ret=+9.412 len=878.4 ent(t0,t>=1)=(0.337,1.013) aL=-0.0157 vL=0.0223 t0=[red=0.20 blue=0.80]
[u  173] env= 11337728 rsucc=0.931 n_rounds= 1599 ret=+10.642 len=835.3 ent(t0,t>=1)=(0.311,0.995) aL=-0.0165 vL=0.0224 t0=[red=0.20 blue=0.80]
[u  174] env= 11403264 rsucc=0.922 n_rounds= 1479 ret=+10.598 len=833.9 ent(t0,t>=1)=(0.263,0.999) aL=-0.0156 vL=0.0220 t0=[red=0.15 blue=0.85]
[u  175] env= 11468800 rsucc=0.877 n_rounds= 1443 ret=+9.796 len=868.6 ent(t0,t>=1)=(0.279,1.022) aL=-0.0135 vL=0.0238 t0=[red=0.17 blue=0.83]
[u  176] env= 11534336 rsucc=0.939 n_rounds= 1515 ret=+9.072 len=910.8 ent(t0,t>=1)=(0.339,1.016) aL=-0.0177 vL=0.0220 t0=[red=0.21 blue=0.79]
[u  177] env= 11599872 rsucc=0.895 n_rounds= 1482 ret=+9.269 len=865.3 ent(t0,t>=1)=(0.312,1.041) aL=-0.0135 vL=0.0214 t0=[red=0.18 blue=0.82]
[u  178] env= 11665408 rsucc=0.887 n_rounds= 1441 ret=+9.155 len=892.7 ent(t0,t>=1)=(0.325,1.055) aL=-0.0189 vL=0.0213 t0=[red=0.21 blue=0.79]
[u  179] env= 11730944 rsucc=0.907 n_rounds= 1407 ret=+8.991 len=921.4 ent(t0,t>=1)=(0.311,1.057) aL=-0.0173 vL=0.0207 t0=[red=0.20 blue=0.80]
[u  180] env= 11796480 rsucc=0.896 n_rounds= 1476 ret=+9.115 len=901.6 ent(t0,t>=1)=(0.342,1.030) aL=-0.0176 vL=0.0228 t0=[red=0.19 blue=0.81]
[u  181] env= 11862016 rsucc=0.886 n_rounds= 1434 ret=+9.603 len=880.9 ent(t0,t>=1)=(0.332,1.062) aL=-0.0203 vL=0.0207 t0=[red=0.21 blue=0.79]
[u  182] env= 11927552 rsucc=0.893 n_rounds= 1435 ret=+9.043 len=898.5 ent(t0,t>=1)=(0.342,1.039) aL=-0.0187 vL=0.0213 t0=[red=0.19 blue=0.81]
[u  183] env= 11993088 rsucc=0.912 n_rounds= 1486 ret=+8.669 len=939.5 ent(t0,t>=1)=(0.377,1.033) aL=-0.0183 vL=0.0218 t0=[red=0.22 blue=0.78]
[u  184] env= 12058624 rsucc=0.950 n_rounds= 1558 ret=+9.162 len=892.6 ent(t0,t>=1)=(0.338,1.022) aL=-0.0194 vL=0.0202 t0=[red=0.22 blue=0.78]
[u  185] env= 12124160 rsucc=0.919 n_rounds= 1486 ret=+10.046 len=861.0 ent(t0,t>=1)=(0.408,1.041) aL=-0.0184 vL=0.0195 t0=[red=0.24 blue=0.76]
[u  186] env= 12189696 rsucc=0.924 n_rounds= 1569 ret=+9.803 len=893.6 ent(t0,t>=1)=(0.375,1.036) aL=-0.0194 vL=0.0223 t0=[red=0.23 blue=0.77]
[u  187] env= 12255232 rsucc=0.934 n_rounds= 1573 ret=+10.697 len=823.6 ent(t0,t>=1)=(0.362,1.026) aL=-0.0155 vL=0.0208 t0=[red=0.20 blue=0.80]
[u  188] env= 12320768 rsucc=0.910 n_rounds= 1528 ret=+10.408 len=826.3 ent(t0,t>=1)=(0.343,1.021) aL=-0.0162 vL=0.0213 t0=[red=0.21 blue=0.79]
[u  189] env= 12386304 rsucc=0.915 n_rounds= 1462 ret=+10.213 len=855.5 ent(t0,t>=1)=(0.368,1.034) aL=-0.0170 vL=0.0207 t0=[red=0.28 blue=0.72]
[u  190] env= 12451840 rsucc=0.915 n_rounds= 1509 ret=+10.231 len=846.3 ent(t0,t>=1)=(0.399,1.016) aL=-0.0176 vL=0.0209 t0=[red=0.28 blue=0.72]
[u  191] env= 12517376 rsucc=0.915 n_rounds= 1464 ret=+9.720 len=874.5 ent(t0,t>=1)=(0.408,1.017) aL=-0.0139 vL=0.0210 t0=[red=0.30 blue=0.70]
[u  192] env= 12582912 rsucc=0.919 n_rounds= 1531 ret=+9.444 len=896.7 ent(t0,t>=1)=(0.360,1.015) aL=-0.0165 vL=0.0214 t0=[red=0.21 blue=0.79]
[u  193] env= 12648448 rsucc=0.911 n_rounds= 1445 ret=+9.456 len=904.8 ent(t0,t>=1)=(0.361,1.040) aL=-0.0170 vL=0.0206 t0=[red=0.21 blue=0.79]
[u  194] env= 12713984 rsucc=0.937 n_rounds= 1518 ret=+9.381 len=890.4 ent(t0,t>=1)=(0.332,1.021) aL=-0.0193 vL=0.0210 t0=[red=0.21 blue=0.79]
[u  195] env= 12779520 rsucc=0.943 n_rounds= 1499 ret=+9.484 len=876.5 ent(t0,t>=1)=(0.344,1.031) aL=-0.0206 vL=0.0202 t0=[red=0.18 blue=0.82]
[u  196] env= 12845056 rsucc=0.934 n_rounds= 1535 ret=+10.871 len=844.4 ent(t0,t>=1)=(0.345,1.043) aL=-0.0180 vL=0.0217 t0=[red=0.23 blue=0.77]
[u  197] env= 12910592 rsucc=0.931 n_rounds= 1558 ret=+10.261 len=871.1 ent(t0,t>=1)=(0.361,1.031) aL=-0.0203 vL=0.0200 t0=[red=0.23 blue=0.77]
[u  198] env= 12976128 rsucc=0.905 n_rounds= 1535 ret=+9.927 len=869.4 ent(t0,t>=1)=(0.370,1.029) aL=-0.0173 vL=0.0241 t0=[red=0.26 blue=0.74]
[u  199] env= 13041664 rsucc=0.891 n_rounds= 1451 ret=+9.727 len=863.5 ent(t0,t>=1)=(0.347,1.068) aL=-0.0193 vL=0.0250 t0=[red=0.19 blue=0.81]
[u  200] env= 13107200 rsucc=0.917 n_rounds= 1466 ret=+10.258 len=846.4 ent(t0,t>=1)=(0.343,1.051) aL=-0.0202 vL=0.0223 t0=[red=0.21 blue=0.79]
[u  201] env= 13172736 rsucc=0.886 n_rounds= 1414 ret=+9.471 len=884.9 ent(t0,t>=1)=(0.379,1.072) aL=-0.0166 vL=0.0225 t0=[red=0.23 blue=0.77]
[u  202] env= 13238272 rsucc=0.876 n_rounds= 1446 ret=+8.711 len=912.3 ent(t0,t>=1)=(0.330,1.045) aL=-0.0157 vL=0.0228 t0=[red=0.20 blue=0.80]
[u  203] env= 13303808 rsucc=0.909 n_rounds= 1490 ret=+9.097 len=898.8 ent(t0,t>=1)=(0.320,1.042) aL=-0.0179 vL=0.0231 t0=[red=0.18 blue=0.82]
[u  204] env= 13369344 rsucc=0.912 n_rounds= 1491 ret=+9.953 len=866.7 ent(t0,t>=1)=(0.341,1.033) aL=-0.0178 vL=0.0220 t0=[red=0.21 blue=0.79]
[u  205] env= 13434880 rsucc=0.905 n_rounds= 1426 ret=+8.961 len=897.9 ent(t0,t>=1)=(0.337,1.047) aL=-0.0179 vL=0.0216 t0=[red=0.19 blue=0.81]
[u  206] env= 13500416 rsucc=0.921 n_rounds= 1537 ret=+9.595 len=899.5 ent(t0,t>=1)=(0.330,1.018) aL=-0.0188 vL=0.0239 t0=[red=0.20 blue=0.80]
[u  207] env= 13565952 rsucc=0.889 n_rounds= 1486 ret=+9.064 len=915.8 ent(t0,t>=1)=(0.308,1.030) aL=-0.0172 vL=0.0223 t0=[red=0.20 blue=0.80]
[u  208] env= 13631488 rsucc=0.947 n_rounds= 1582 ret=+9.849 len=861.9 ent(t0,t>=1)=(0.341,1.000) aL=-0.0189 vL=0.0216 t0=[red=0.22 blue=0.78]
[u  209] env= 13697024 rsucc=0.930 n_rounds= 1522 ret=+10.184 len=842.0 ent(t0,t>=1)=(0.373,1.014) aL=-0.0207 vL=0.0216 t0=[red=0.25 blue=0.75]
[u  210] env= 13762560 rsucc=0.927 n_rounds= 1567 ret=+9.970 len=852.2 ent(t0,t>=1)=(0.348,1.016) aL=-0.0204 vL=0.0220 t0=[red=0.25 blue=0.75]
[u  211] env= 13828096 rsucc=0.942 n_rounds= 1588 ret=+10.159 len=870.4 ent(t0,t>=1)=(0.387,1.032) aL=-0.0202 vL=0.0211 t0=[red=0.26 blue=0.74]
[u  212] env= 13893632 rsucc=0.938 n_rounds= 1479 ret=+11.007 len=803.1 ent(t0,t>=1)=(0.370,1.053) aL=-0.0226 vL=0.0201 t0=[red=0.22 blue=0.78]
[u  213] env= 13959168 rsucc=0.920 n_rounds= 1509 ret=+9.677 len=897.6 ent(t0,t>=1)=(0.396,1.037) aL=-0.0224 vL=0.0218 t0=[red=0.27 blue=0.73]
[u  214] env= 14024704 rsucc=0.910 n_rounds= 1507 ret=+9.463 len=880.0 ent(t0,t>=1)=(0.380,1.032) aL=-0.0208 vL=0.0215 t0=[red=0.28 blue=0.72]
[u  215] env= 14090240 rsucc=0.931 n_rounds= 1557 ret=+9.795 len=870.4 ent(t0,t>=1)=(0.400,1.023) aL=-0.0184 vL=0.0217 t0=[red=0.32 blue=0.68]
[u  216] env= 14155776 rsucc=0.935 n_rounds= 1590 ret=+10.387 len=849.6 ent(t0,t>=1)=(0.424,1.020) aL=-0.0210 vL=0.0219 t0=[red=0.35 blue=0.65]
[u  217] env= 14221312 rsucc=0.924 n_rounds= 1575 ret=+10.978 len=816.9 ent(t0,t>=1)=(0.431,1.018) aL=-0.0182 vL=0.0219 t0=[red=0.30 blue=0.70]
[u  218] env= 14286848 rsucc=0.906 n_rounds= 1508 ret=+11.042 len=800.8 ent(t0,t>=1)=(0.406,1.036) aL=-0.0186 vL=0.0218 t0=[red=0.30 blue=0.70]
[u  219] env= 14352384 rsucc=0.877 n_rounds= 1515 ret=+9.920 len=843.0 ent(t0,t>=1)=(0.402,1.036) aL=-0.0182 vL=0.0252 t0=[red=0.30 blue=0.70]
[u  220] env= 14417920 rsucc=0.885 n_rounds= 1397 ret=+8.920 len=893.1 ent(t0,t>=1)=(0.401,1.044) aL=-0.0192 vL=0.0249 t0=[red=0.28 blue=0.72]
[u  221] env= 14483456 rsucc=0.917 n_rounds= 1541 ret=+9.475 len=858.6 ent(t0,t>=1)=(0.420,1.025) aL=-0.0127 vL=0.0249 t0=[red=0.30 blue=0.70]
[u  222] env= 14548992 rsucc=0.939 n_rounds= 1537 ret=+9.756 len=877.3 ent(t0,t>=1)=(0.424,1.004) aL=-0.0214 vL=0.0231 t0=[red=0.26 blue=0.74]
[u  223] env= 14614528 rsucc=0.929 n_rounds= 1498 ret=+10.358 len=851.0 ent(t0,t>=1)=(0.415,1.037) aL=-0.0181 vL=0.0223 t0=[red=0.27 blue=0.73]
[u  224] env= 14680064 rsucc=0.913 n_rounds= 1503 ret=+10.006 len=871.1 ent(t0,t>=1)=(0.415,1.021) aL=-0.0165 vL=0.0248 t0=[red=0.31 blue=0.69]
[u  225] env= 14745600 rsucc=0.903 n_rounds= 1475 ret=+9.901 len=864.8 ent(t0,t>=1)=(0.416,1.020) aL=-0.0197 vL=0.0216 t0=[red=0.29 blue=0.71]
[u  226] env= 14811136 rsucc=0.928 n_rounds= 1573 ret=+9.241 len=909.0 ent(t0,t>=1)=(0.437,0.992) aL=-0.0136 vL=0.0244 t0=[red=0.30 blue=0.70]
[u  227] env= 14876672 rsucc=0.903 n_rounds= 1478 ret=+9.781 len=850.6 ent(t0,t>=1)=(0.357,1.021) aL=-0.0213 vL=0.0223 t0=[red=0.27 blue=0.73]
[u  228] env= 14942208 rsucc=0.899 n_rounds= 1441 ret=+9.007 len=916.1 ent(t0,t>=1)=(0.388,1.019) aL=-0.0158 vL=0.0242 t0=[red=0.26 blue=0.74]
[u  229] env= 15007744 rsucc=0.924 n_rounds= 1489 ret=+9.627 len=871.6 ent(t0,t>=1)=(0.399,1.000) aL=-0.0192 vL=0.0240 t0=[red=0.30 blue=0.70]
[u  230] env= 15073280 rsucc=0.918 n_rounds= 1597 ret=+9.664 len=876.5 ent(t0,t>=1)=(0.382,0.985) aL=-0.0185 vL=0.0240 t0=[red=0.26 blue=0.74]
[u  231] env= 15138816 rsucc=0.926 n_rounds= 1547 ret=+9.844 len=865.8 ent(t0,t>=1)=(0.394,0.985) aL=-0.0192 vL=0.0221 t0=[red=0.29 blue=0.71]
[u  232] env= 15204352 rsucc=0.927 n_rounds= 1568 ret=+9.816 len=871.4 ent(t0,t>=1)=(0.360,0.977) aL=-0.0204 vL=0.0220 t0=[red=0.28 blue=0.72]
[u  233] env= 15269888 rsucc=0.949 n_rounds= 1612 ret=+10.812 len=794.7 ent(t0,t>=1)=(0.369,0.974) aL=-0.0211 vL=0.0225 t0=[red=0.29 blue=0.71]
[u  234] env= 15335424 rsucc=0.936 n_rounds= 1571 ret=+10.775 len=830.8 ent(t0,t>=1)=(0.330,1.004) aL=-0.0207 vL=0.0220 t0=[red=0.22 blue=0.78]
[u  235] env= 15400960 rsucc=0.845 n_rounds= 1350 ret=+10.262 len=832.5 ent(t0,t>=1)=(0.376,1.019) aL=-0.0180 vL=0.0230 t0=[red=0.26 blue=0.74]
[u  236] env= 15466496 rsucc=0.849 n_rounds= 1384 ret=+9.737 len=868.8 ent(t0,t>=1)=(0.414,1.038) aL=-0.0194 vL=0.0253 t0=[red=0.30 blue=0.70]
[u  237] env= 15532032 rsucc=0.905 n_rounds= 1530 ret=+9.075 len=903.6 ent(t0,t>=1)=(0.379,1.015) aL=-0.0206 vL=0.0218 t0=[red=0.29 blue=0.71]
[u  238] env= 15597568 rsucc=0.958 n_rounds= 1611 ret=+8.605 len=901.9 ent(t0,t>=1)=(0.365,0.970) aL=-0.0225 vL=0.0228 t0=[red=0.28 blue=0.72]
[u  239] env= 15663104 rsucc=0.939 n_rounds= 1491 ret=+9.467 len=896.5 ent(t0,t>=1)=(0.401,0.996) aL=-0.0208 vL=0.0237 t0=[red=0.32 blue=0.68]
[u  240] env= 15728640 rsucc=0.894 n_rounds= 1449 ret=+10.885 len=809.6 ent(t0,t>=1)=(0.419,1.025) aL=-0.0193 vL=0.0221 t0=[red=0.33 blue=0.67]
[u  241] env= 15794176 rsucc=0.891 n_rounds= 1425 ret=+10.175 len=862.5 ent(t0,t>=1)=(0.435,1.035) aL=-0.0209 vL=0.0207 t0=[red=0.39 blue=0.61]
[u  242] env= 15859712 rsucc=0.931 n_rounds= 1582 ret=+9.450 len=874.3 ent(t0,t>=1)=(0.410,0.996) aL=-0.0226 vL=0.0218 t0=[red=0.35 blue=0.65]
[u  243] env= 15925248 rsucc=0.912 n_rounds= 1485 ret=+8.766 len=926.7 ent(t0,t>=1)=(0.407,1.033) aL=-0.0180 vL=0.0239 t0=[red=0.31 blue=0.69]
[u  244] env= 15990784 rsucc=0.918 n_rounds= 1541 ret=+10.042 len=871.1 ent(t0,t>=1)=(0.426,1.013) aL=-0.0202 vL=0.0235 t0=[red=0.31 blue=0.69]
[u  245] env= 16056320 rsucc=0.935 n_rounds= 1522 ret=+10.522 len=847.2 ent(t0,t>=1)=(0.377,1.011) aL=-0.0203 vL=0.0198 t0=[red=0.25 blue=0.75]
[u  246] env= 16121856 rsucc=0.953 n_rounds= 1609 ret=+10.291 len=850.9 ent(t0,t>=1)=(0.423,1.001) aL=-0.0220 vL=0.0198 t0=[red=0.30 blue=0.70]
[u  247] env= 16187392 rsucc=0.920 n_rounds= 1530 ret=+10.161 len=848.2 ent(t0,t>=1)=(0.402,1.032) aL=-0.0214 vL=0.0242 t0=[red=0.32 blue=0.68]
[u  248] env= 16252928 rsucc=0.939 n_rounds= 1610 ret=+10.343 len=844.5 ent(t0,t>=1)=(0.390,1.023) aL=-0.0219 vL=0.0226 t0=[red=0.30 blue=0.70]
[u  249] env= 16318464 rsucc=0.932 n_rounds= 1593 ret=+11.084 len=797.0 ent(t0,t>=1)=(0.434,1.036) aL=-0.0221 vL=0.0222 t0=[red=0.35 blue=0.65]
[u  250] env= 16384000 rsucc=0.931 n_rounds= 1557 ret=+10.456 len=839.3 ent(t0,t>=1)=(0.412,1.020) aL=-0.0213 vL=0.0245 t0=[red=0.31 blue=0.69]
[u  251] env= 16449536 rsucc=0.912 n_rounds= 1535 ret=+10.379 len=827.0 ent(t0,t>=1)=(0.421,1.006) aL=-0.0222 vL=0.0224 t0=[red=0.35 blue=0.65]
[u  252] env= 16515072 rsucc=0.908 n_rounds= 1513 ret=+9.385 len=883.2 ent(t0,t>=1)=(0.424,1.008) aL=-0.0185 vL=0.0234 t0=[red=0.33 blue=0.67]
[u  253] env= 16580608 rsucc=0.884 n_rounds= 1451 ret=+9.821 len=865.7 ent(t0,t>=1)=(0.436,1.013) aL=-0.0203 vL=0.0232 t0=[red=0.38 blue=0.62]
[u  254] env= 16646144 rsucc=0.899 n_rounds= 1491 ret=+9.463 len=878.3 ent(t0,t>=1)=(0.389,1.009) aL=-0.0207 vL=0.0217 t0=[red=0.36 blue=0.64]
[u  255] env= 16711680 rsucc=0.938 n_rounds= 1532 ret=+9.868 len=856.4 ent(t0,t>=1)=(0.420,1.009) aL=-0.0226 vL=0.0203 t0=[red=0.35 blue=0.65]
[u  256] env= 16777216 rsucc=0.884 n_rounds= 1453 ret=+8.987 len=917.1 ent(t0,t>=1)=(0.363,1.035) aL=-0.0209 vL=0.0258 t0=[red=0.27 blue=0.73]
[u  257] env= 16842752 rsucc=0.921 n_rounds= 1528 ret=+9.820 len=849.0 ent(t0,t>=1)=(0.406,1.006) aL=-0.0223 vL=0.0212 t0=[red=0.30 blue=0.70]
[u  258] env= 16908288 rsucc=0.907 n_rounds= 1436 ret=+9.693 len=859.9 ent(t0,t>=1)=(0.405,1.029) aL=-0.0208 vL=0.0216 t0=[red=0.34 blue=0.66]
[u  259] env= 16973824 rsucc=0.899 n_rounds= 1462 ret=+9.776 len=875.1 ent(t0,t>=1)=(0.429,1.030) aL=-0.0218 vL=0.0220 t0=[red=0.31 blue=0.69]
[u  260] env= 17039360 rsucc=0.946 n_rounds= 1568 ret=+9.621 len=890.4 ent(t0,t>=1)=(0.409,0.997) aL=-0.0234 vL=0.0209 t0=[red=0.32 blue=0.68]
[u  261] env= 17104896 rsucc=0.930 n_rounds= 1553 ret=+10.289 len=856.4 ent(t0,t>=1)=(0.412,1.009) aL=-0.0221 vL=0.0234 t0=[red=0.30 blue=0.70]
[u  262] env= 17170432 rsucc=0.908 n_rounds= 1473 ret=+10.084 len=856.1 ent(t0,t>=1)=(0.383,1.009) aL=-0.0210 vL=0.0219 t0=[red=0.26 blue=0.74]
[u  263] env= 17235968 rsucc=0.902 n_rounds= 1488 ret=+9.621 len=881.5 ent(t0,t>=1)=(0.354,1.022) aL=-0.0190 vL=0.0222 t0=[red=0.26 blue=0.74]
[u  264] env= 17301504 rsucc=0.937 n_rounds= 1598 ret=+9.922 len=871.5 ent(t0,t>=1)=(0.341,1.003) aL=-0.0219 vL=0.0234 t0=[red=0.20 blue=0.80]
[u  265] env= 17367040 rsucc=0.920 n_rounds= 1544 ret=+10.159 len=835.3 ent(t0,t>=1)=(0.389,1.008) aL=-0.0200 vL=0.0241 t0=[red=0.26 blue=0.74]
[u  266] env= 17432576 rsucc=0.925 n_rounds= 1570 ret=+10.402 len=830.3 ent(t0,t>=1)=(0.366,0.994) aL=-0.0202 vL=0.0228 t0=[red=0.25 blue=0.75]
[u  267] env= 17498112 rsucc=0.932 n_rounds= 1536 ret=+10.453 len=840.6 ent(t0,t>=1)=(0.365,1.004) aL=-0.0224 vL=0.0222 t0=[red=0.27 blue=0.73]
[u  268] env= 17563648 rsucc=0.939 n_rounds= 1567 ret=+10.233 len=847.2 ent(t0,t>=1)=(0.380,1.008) aL=-0.0211 vL=0.0238 t0=[red=0.29 blue=0.71]
[u  269] env= 17629184 rsucc=0.924 n_rounds= 1602 ret=+10.587 len=839.3 ent(t0,t>=1)=(0.344,1.008) aL=-0.0202 vL=0.0232 t0=[red=0.24 blue=0.76]
[u  270] env= 17694720 rsucc=0.918 n_rounds= 1484 ret=+9.903 len=858.0 ent(t0,t>=1)=(0.383,1.034) aL=-0.0210 vL=0.0207 t0=[red=0.28 blue=0.72]
[u  271] env= 17760256 rsucc=0.919 n_rounds= 1458 ret=+10.659 len=811.3 ent(t0,t>=1)=(0.418,1.021) aL=-0.0219 vL=0.0217 t0=[red=0.28 blue=0.72]
[u  272] env= 17825792 rsucc=0.925 n_rounds= 1630 ret=+10.061 len=872.7 ent(t0,t>=1)=(0.401,1.011) aL=-0.0188 vL=0.0219 t0=[red=0.30 blue=0.70]
[u  273] env= 17891328 rsucc=0.933 n_rounds= 1501 ret=+9.717 len=881.6 ent(t0,t>=1)=(0.420,1.013) aL=-0.0222 vL=0.0237 t0=[red=0.36 blue=0.64]
[u  274] env= 17956864 rsucc=0.911 n_rounds= 1544 ret=+10.009 len=853.9 ent(t0,t>=1)=(0.436,1.019) aL=-0.0221 vL=0.0243 t0=[red=0.34 blue=0.66]
[u  275] env= 18022400 rsucc=0.895 n_rounds= 1479 ret=+10.462 len=828.3 ent(t0,t>=1)=(0.435,1.021) aL=-0.0211 vL=0.0234 t0=[red=0.40 blue=0.60]
[u  276] env= 18087936 rsucc=0.940 n_rounds= 1558 ret=+9.929 len=868.1 ent(t0,t>=1)=(0.423,1.002) aL=-0.0216 vL=0.0244 t0=[red=0.34 blue=0.66]
[u  277] env= 18153472 rsucc=0.934 n_rounds= 1488 ret=+9.195 len=894.6 ent(t0,t>=1)=(0.429,1.006) aL=-0.0215 vL=0.0217 t0=[red=0.34 blue=0.66]
[u  278] env= 18219008 rsucc=0.905 n_rounds= 1448 ret=+9.955 len=848.7 ent(t0,t>=1)=(0.412,1.012) aL=-0.0198 vL=0.0244 t0=[red=0.36 blue=0.64]
[u  279] env= 18284544 rsucc=0.923 n_rounds= 1581 ret=+10.051 len=875.7 ent(t0,t>=1)=(0.371,0.989) aL=-0.0212 vL=0.0234 t0=[red=0.26 blue=0.74]
[u  280] env= 18350080 rsucc=0.940 n_rounds= 1564 ret=+9.989 len=862.0 ent(t0,t>=1)=(0.401,1.006) aL=-0.0222 vL=0.0236 t0=[red=0.26 blue=0.74]
[u  281] env= 18415616 rsucc=0.937 n_rounds= 1596 ret=+10.641 len=836.5 ent(t0,t>=1)=(0.388,1.004) aL=-0.0219 vL=0.0234 t0=[red=0.27 blue=0.73]
[u  282] env= 18481152 rsucc=0.923 n_rounds= 1541 ret=+9.874 len=868.0 ent(t0,t>=1)=(0.393,1.006) aL=-0.0235 vL=0.0208 t0=[red=0.29 blue=0.71]
[u  283] env= 18546688 rsucc=0.922 n_rounds= 1467 ret=+10.569 len=845.0 ent(t0,t>=1)=(0.416,1.031) aL=-0.0248 vL=0.0202 t0=[red=0.29 blue=0.71]
[u  284] env= 18612224 rsucc=0.934 n_rounds= 1559 ret=+10.821 len=840.3 ent(t0,t>=1)=(0.445,1.026) aL=-0.0227 vL=0.0204 t0=[red=0.34 blue=0.66]
[u  285] env= 18677760 rsucc=0.912 n_rounds= 1518 ret=+10.146 len=838.8 ent(t0,t>=1)=(0.408,1.017) aL=-0.0228 vL=0.0227 t0=[red=0.29 blue=0.71]
[u  286] env= 18743296 rsucc=0.912 n_rounds= 1504 ret=+9.078 len=890.2 ent(t0,t>=1)=(0.397,1.017) aL=-0.0220 vL=0.0229 t0=[red=0.27 blue=0.73]
[u  287] env= 18808832 rsucc=0.907 n_rounds= 1513 ret=+9.688 len=881.6 ent(t0,t>=1)=(0.414,0.999) aL=-0.0202 vL=0.0239 t0=[red=0.31 blue=0.69]
[u  288] env= 18874368 rsucc=0.910 n_rounds= 1468 ret=+9.974 len=861.9 ent(t0,t>=1)=(0.419,1.016) aL=-0.0230 vL=0.0256 t0=[red=0.29 blue=0.71]
[u  289] env= 18939904 rsucc=0.909 n_rounds= 1576 ret=+10.824 len=786.1 ent(t0,t>=1)=(0.391,1.031) aL=-0.0220 vL=0.0229 t0=[red=0.31 blue=0.69]
[u  290] env= 19005440 rsucc=0.959 n_rounds= 1574 ret=+9.835 len=865.2 ent(t0,t>=1)=(0.406,0.990) aL=-0.0230 vL=0.0209 t0=[red=0.30 blue=0.70]
[u  291] env= 19070976 rsucc=0.938 n_rounds= 1633 ret=+10.457 len=852.7 ent(t0,t>=1)=(0.436,1.003) aL=-0.0202 vL=0.0225 t0=[red=0.34 blue=0.66]
[u  292] env= 19136512 rsucc=0.930 n_rounds= 1553 ret=+10.605 len=833.6 ent(t0,t>=1)=(0.403,1.025) aL=-0.0204 vL=0.0236 t0=[red=0.34 blue=0.66]
[u  293] env= 19202048 rsucc=0.930 n_rounds= 1493 ret=+10.502 len=848.6 ent(t0,t>=1)=(0.409,1.043) aL=-0.0202 vL=0.0233 t0=[red=0.28 blue=0.72]
[u  294] env= 19267584 rsucc=0.907 n_rounds= 1477 ret=+9.643 len=887.3 ent(t0,t>=1)=(0.397,1.040) aL=-0.0219 vL=0.0237 t0=[red=0.31 blue=0.69]
[u  295] env= 19333120 rsucc=0.950 n_rounds= 1627 ret=+10.708 len=808.4 ent(t0,t>=1)=(0.436,1.014) aL=-0.0230 vL=0.0236 t0=[red=0.33 blue=0.67]
[u  296] env= 19398656 rsucc=0.915 n_rounds= 1537 ret=+10.538 len=813.9 ent(t0,t>=1)=(0.416,1.042) aL=-0.0240 vL=0.0230 t0=[red=0.34 blue=0.66]
[u  297] env= 19464192 rsucc=0.933 n_rounds= 1547 ret=+10.734 len=834.9 ent(t0,t>=1)=(0.413,1.027) aL=-0.0187 vL=0.0236 t0=[red=0.32 blue=0.68]
[u  298] env= 19529728 rsucc=0.915 n_rounds= 1479 ret=+10.108 len=877.3 ent(t0,t>=1)=(0.388,1.030) aL=-0.0224 vL=0.0210 t0=[red=0.29 blue=0.71]
[u  299] env= 19595264 rsucc=0.932 n_rounds= 1570 ret=+10.332 len=838.0 ent(t0,t>=1)=(0.408,1.017) aL=-0.0226 vL=0.0213 t0=[red=0.35 blue=0.65]
[u  300] env= 19660800 rsucc=0.933 n_rounds= 1542 ret=+10.048 len=852.0 ent(t0,t>=1)=(0.401,1.017) aL=-0.0217 vL=0.0215 t0=[red=0.34 blue=0.66]
[u  301] env= 19726336 rsucc=0.915 n_rounds= 1486 ret=+9.951 len=871.2 ent(t0,t>=1)=(0.407,1.035) aL=-0.0194 vL=0.0231 t0=[red=0.33 blue=0.67]
[u  302] env= 19791872 rsucc=0.897 n_rounds= 1470 ret=+10.662 len=826.1 ent(t0,t>=1)=(0.374,1.007) aL=-0.0176 vL=0.0225 t0=[red=0.29 blue=0.71]
[u  303] env= 19857408 rsucc=0.961 n_rounds= 1608 ret=+10.724 len=823.8 ent(t0,t>=1)=(0.433,0.981) aL=-0.0235 vL=0.0186 t0=[red=0.30 blue=0.70]
[u  304] env= 19922944 rsucc=0.961 n_rounds= 1597 ret=+9.798 len=868.7 ent(t0,t>=1)=(0.382,0.972) aL=-0.0220 vL=0.0207 t0=[red=0.28 blue=0.72]
[u  305] env= 19988480 rsucc=0.921 n_rounds= 1535 ret=+10.506 len=860.1 ent(t0,t>=1)=(0.419,0.986) aL=-0.0218 vL=0.0226 t0=[red=0.32 blue=0.68]
[u  306] env= 20054016 rsucc=0.908 n_rounds= 1463 ret=+10.686 len=859.4 ent(t0,t>=1)=(0.419,1.000) aL=-0.0204 vL=0.0238 t0=[red=0.32 blue=0.68]
[u  307] env= 20119552 rsucc=0.938 n_rounds= 1593 ret=+10.422 len=817.4 ent(t0,t>=1)=(0.370,0.981) aL=-0.0226 vL=0.0225 t0=[red=0.25 blue=0.75]
[u  308] env= 20185088 rsucc=0.925 n_rounds= 1527 ret=+9.596 len=875.2 ent(t0,t>=1)=(0.379,0.992) aL=-0.0218 vL=0.0216 t0=[red=0.29 blue=0.71]
[u  309] env= 20250624 rsucc=0.931 n_rounds= 1554 ret=+9.834 len=892.6 ent(t0,t>=1)=(0.401,1.008) aL=-0.0216 vL=0.0230 t0=[red=0.31 blue=0.69]
[u  310] env= 20316160 rsucc=0.941 n_rounds= 1591 ret=+11.133 len=803.5 ent(t0,t>=1)=(0.435,0.990) aL=-0.0232 vL=0.0240 t0=[red=0.35 blue=0.65]
[u  311] env= 20381696 rsucc=0.901 n_rounds= 1521 ret=+10.604 len=812.3 ent(t0,t>=1)=(0.398,1.014) aL=-0.0189 vL=0.0258 t0=[red=0.32 blue=0.68]
[u  312] env= 20447232 rsucc=0.891 n_rounds= 1481 ret=+9.686 len=866.3 ent(t0,t>=1)=(0.395,0.996) aL=-0.0168 vL=0.0245 t0=[red=0.28 blue=0.72]
[u  313] env= 20512768 rsucc=0.948 n_rounds= 1587 ret=+10.227 len=831.5 ent(t0,t>=1)=(0.415,0.979) aL=-0.0224 vL=0.0222 t0=[red=0.33 blue=0.67]
[u  314] env= 20578304 rsucc=0.914 n_rounds= 1574 ret=+11.608 len=769.3 ent(t0,t>=1)=(0.376,0.982) aL=-0.0201 vL=0.0251 t0=[red=0.28 blue=0.72]
[u  315] env= 20643840 rsucc=0.955 n_rounds= 1659 ret=+10.494 len=831.2 ent(t0,t>=1)=(0.420,0.968) aL=-0.0215 vL=0.0221 t0=[red=0.32 blue=0.68]
[u  316] env= 20709376 rsucc=0.933 n_rounds= 1567 ret=+9.998 len=860.2 ent(t0,t>=1)=(0.398,0.977) aL=-0.0211 vL=0.0230 t0=[red=0.29 blue=0.71]
[u  317] env= 20774912 rsucc=0.922 n_rounds= 1507 ret=+10.832 len=818.9 ent(t0,t>=1)=(0.376,0.985) aL=-0.0214 vL=0.0233 t0=[red=0.27 blue=0.73]
[u  318] env= 20840448 rsucc=0.911 n_rounds= 1555 ret=+11.042 len=808.3 ent(t0,t>=1)=(0.356,0.996) aL=-0.0194 vL=0.0228 t0=[red=0.23 blue=0.77]
[u  319] env= 20905984 rsucc=0.920 n_rounds= 1534 ret=+9.601 len=874.1 ent(t0,t>=1)=(0.377,0.982) aL=-0.0204 vL=0.0237 t0=[red=0.28 blue=0.72]
[u  320] env= 20971520 rsucc=0.931 n_rounds= 1648 ret=+9.852 len=869.1 ent(t0,t>=1)=(0.393,0.955) aL=-0.0202 vL=0.0257 t0=[red=0.30 blue=0.70]
[u  321] env= 21037056 rsucc=0.941 n_rounds= 1652 ret=+10.108 len=835.6 ent(t0,t>=1)=(0.394,0.950) aL=-0.0225 vL=0.0244 t0=[red=0.27 blue=0.73]
[u  322] env= 21102592 rsucc=0.939 n_rounds= 1585 ret=+10.479 len=820.6 ent(t0,t>=1)=(0.399,0.966) aL=-0.0217 vL=0.0236 t0=[red=0.30 blue=0.70]
[u  323] env= 21168128 rsucc=0.937 n_rounds= 1525 ret=+11.134 len=795.0 ent(t0,t>=1)=(0.411,0.981) aL=-0.0222 vL=0.0230 t0=[red=0.32 blue=0.68]
[u  324] env= 21233664 rsucc=0.938 n_rounds= 1535 ret=+10.680 len=828.5 ent(t0,t>=1)=(0.387,0.984) aL=-0.0208 vL=0.0237 t0=[red=0.28 blue=0.72]
[u  325] env= 21299200 rsucc=0.940 n_rounds= 1510 ret=+10.228 len=868.8 ent(t0,t>=1)=(0.399,0.967) aL=-0.0204 vL=0.0221 t0=[red=0.32 blue=0.68]
[u  326] env= 21364736 rsucc=0.934 n_rounds= 1600 ret=+10.621 len=840.6 ent(t0,t>=1)=(0.448,0.957) aL=-0.0205 vL=0.0218 t0=[red=0.36 blue=0.64]
[u  327] env= 21430272 rsucc=0.944 n_rounds= 1530 ret=+10.661 len=831.1 ent(t0,t>=1)=(0.441,0.968) aL=-0.0189 vL=0.0225 t0=[red=0.36 blue=0.64]
[u  328] env= 21495808 rsucc=0.909 n_rounds= 1456 ret=+10.829 len=834.8 ent(t0,t>=1)=(0.401,0.982) aL=-0.0214 vL=0.0237 t0=[red=0.34 blue=0.66]
[u  329] env= 21561344 rsucc=0.900 n_rounds= 1498 ret=+10.286 len=854.2 ent(t0,t>=1)=(0.384,0.980) aL=-0.0220 vL=0.0218 t0=[red=0.28 blue=0.72]
[u  330] env= 21626880 rsucc=0.940 n_rounds= 1539 ret=+9.451 len=880.1 ent(t0,t>=1)=(0.443,0.984) aL=-0.0237 vL=0.0207 t0=[red=0.31 blue=0.69]
[u  331] env= 21692416 rsucc=0.899 n_rounds= 1457 ret=+9.275 len=899.8 ent(t0,t>=1)=(0.395,1.003) aL=-0.0190 vL=0.0230 t0=[red=0.31 blue=0.69]
[u  332] env= 21757952 rsucc=0.907 n_rounds= 1513 ret=+10.172 len=861.4 ent(t0,t>=1)=(0.360,0.981) aL=-0.0216 vL=0.0248 t0=[red=0.26 blue=0.74]
[u  333] env= 21823488 rsucc=0.933 n_rounds= 1547 ret=+9.264 len=899.2 ent(t0,t>=1)=(0.393,0.956) aL=-0.0221 vL=0.0227 t0=[red=0.32 blue=0.68]
[u  334] env= 21889024 rsucc=0.891 n_rounds= 1493 ret=+9.633 len=853.4 ent(t0,t>=1)=(0.382,0.978) aL=-0.0201 vL=0.0247 t0=[red=0.29 blue=0.71]
[u  335] env= 21954560 rsucc=0.948 n_rounds= 1554 ret=+9.875 len=877.0 ent(t0,t>=1)=(0.372,0.947) aL=-0.0196 vL=0.0235 t0=[red=0.28 blue=0.72]
[u  336] env= 22020096 rsucc=0.912 n_rounds= 1489 ret=+9.338 len=885.7 ent(t0,t>=1)=(0.403,0.968) aL=-0.0212 vL=0.0243 t0=[red=0.32 blue=0.68]
[u  337] env= 22085632 rsucc=0.930 n_rounds= 1587 ret=+10.283 len=839.0 ent(t0,t>=1)=(0.407,0.951) aL=-0.0222 vL=0.0238 t0=[red=0.30 blue=0.70]
[u  338] env= 22151168 rsucc=0.939 n_rounds= 1552 ret=+10.560 len=848.5 ent(t0,t>=1)=(0.405,0.953) aL=-0.0202 vL=0.0265 t0=[red=0.33 blue=0.67]
[u  339] env= 22216704 rsucc=0.927 n_rounds= 1483 ret=+10.078 len=876.5 ent(t0,t>=1)=(0.388,0.974) aL=-0.0232 vL=0.0237 t0=[red=0.31 blue=0.69]
[u  340] env= 22282240 rsucc=0.924 n_rounds= 1484 ret=+9.701 len=871.2 ent(t0,t>=1)=(0.359,0.967) aL=-0.0218 vL=0.0219 t0=[red=0.27 blue=0.73]
[u  341] env= 22347776 rsucc=0.914 n_rounds= 1557 ret=+9.769 len=884.4 ent(t0,t>=1)=(0.402,0.956) aL=-0.0192 vL=0.0247 t0=[red=0.34 blue=0.66]
[u  342] env= 22413312 rsucc=0.936 n_rounds= 1581 ret=+10.390 len=833.0 ent(t0,t>=1)=(0.358,0.945) aL=-0.0236 vL=0.0217 t0=[red=0.27 blue=0.73]
[u  343] env= 22478848 rsucc=0.924 n_rounds= 1544 ret=+10.812 len=803.1 ent(t0,t>=1)=(0.376,0.962) aL=-0.0236 vL=0.0219 t0=[red=0.28 blue=0.72]
[u  344] env= 22544384 rsucc=0.945 n_rounds= 1633 ret=+10.620 len=828.2 ent(t0,t>=1)=(0.370,0.953) aL=-0.0213 vL=0.0241 t0=[red=0.29 blue=0.71]
[u  345] env= 22609920 rsucc=0.951 n_rounds= 1691 ret=+10.769 len=829.2 ent(t0,t>=1)=(0.403,0.944) aL=-0.0221 vL=0.0237 t0=[red=0.35 blue=0.65]
[u  346] env= 22675456 rsucc=0.946 n_rounds= 1656 ret=+10.806 len=803.7 ent(t0,t>=1)=(0.381,0.966) aL=-0.0238 vL=0.0236 t0=[red=0.32 blue=0.68]
[u  347] env= 22740992 rsucc=0.942 n_rounds= 1598 ret=+10.729 len=822.4 ent(t0,t>=1)=(0.393,0.975) aL=-0.0225 vL=0.0233 t0=[red=0.33 blue=0.67]
[u  348] env= 22806528 rsucc=0.927 n_rounds= 1457 ret=+11.343 len=793.9 ent(t0,t>=1)=(0.395,0.982) aL=-0.0200 vL=0.0210 t0=[red=0.29 blue=0.71]
[u  349] env= 22872064 rsucc=0.930 n_rounds= 1567 ret=+10.901 len=820.9 ent(t0,t>=1)=(0.364,0.976) aL=-0.0213 vL=0.0214 t0=[red=0.27 blue=0.73]
[u  350] env= 22937600 rsucc=0.935 n_rounds= 1639 ret=+10.762 len=817.9 ent(t0,t>=1)=(0.415,0.968) aL=-0.0228 vL=0.0250 t0=[red=0.33 blue=0.67]
[u  351] env= 23003136 rsucc=0.946 n_rounds= 1656 ret=+10.066 len=849.9 ent(t0,t>=1)=(0.398,0.955) aL=-0.0235 vL=0.0261 t0=[red=0.32 blue=0.68]
[u  352] env= 23068672 rsucc=0.944 n_rounds= 1592 ret=+10.603 len=830.8 ent(t0,t>=1)=(0.386,0.958) aL=-0.0221 vL=0.0224 t0=[red=0.30 blue=0.70]
[u  353] env= 23134208 rsucc=0.956 n_rounds= 1641 ret=+11.125 len=791.0 ent(t0,t>=1)=(0.427,0.950) aL=-0.0240 vL=0.0220 t0=[red=0.35 blue=0.65]
[u  354] env= 23199744 rsucc=0.947 n_rounds= 1587 ret=+10.734 len=819.1 ent(t0,t>=1)=(0.399,0.964) aL=-0.0236 vL=0.0229 t0=[red=0.35 blue=0.65]
[u  355] env= 23265280 rsucc=0.935 n_rounds= 1600 ret=+11.239 len=811.1 ent(t0,t>=1)=(0.430,0.960) aL=-0.0218 vL=0.0246 t0=[red=0.34 blue=0.66]
[u  356] env= 23330816 rsucc=0.938 n_rounds= 1658 ret=+10.842 len=834.8 ent(t0,t>=1)=(0.427,0.957) aL=-0.0204 vL=0.0258 t0=[red=0.36 blue=0.64]
[u  357] env= 23396352 rsucc=0.942 n_rounds= 1576 ret=+10.924 len=807.0 ent(t0,t>=1)=(0.425,0.973) aL=-0.0232 vL=0.0233 t0=[red=0.36 blue=0.64]
[u  358] env= 23461888 rsucc=0.897 n_rounds= 1365 ret=+10.445 len=827.5 ent(t0,t>=1)=(0.405,1.007) aL=-0.0229 vL=0.0238 t0=[red=0.33 blue=0.67]
[u  359] env= 23527424 rsucc=0.930 n_rounds= 1477 ret=+10.467 len=842.4 ent(t0,t>=1)=(0.405,0.962) aL=-0.0210 vL=0.0248 t0=[red=0.34 blue=0.66]
[u  360] env= 23592960 rsucc=0.938 n_rounds= 1614 ret=+10.134 len=860.0 ent(t0,t>=1)=(0.414,0.964) aL=-0.0237 vL=0.0244 t0=[red=0.35 blue=0.65]
[u  361] env= 23658496 rsucc=0.949 n_rounds= 1617 ret=+10.110 len=864.2 ent(t0,t>=1)=(0.431,0.956) aL=-0.0230 vL=0.0221 t0=[red=0.33 blue=0.67]
[u  362] env= 23724032 rsucc=0.946 n_rounds= 1588 ret=+10.478 len=839.5 ent(t0,t>=1)=(0.395,0.959) aL=-0.0230 vL=0.0245 t0=[red=0.28 blue=0.72]
[u  363] env= 23789568 rsucc=0.950 n_rounds= 1684 ret=+11.072 len=821.9 ent(t0,t>=1)=(0.384,0.942) aL=-0.0223 vL=0.0250 t0=[red=0.29 blue=0.71]
[u  364] env= 23855104 rsucc=0.949 n_rounds= 1611 ret=+10.882 len=817.6 ent(t0,t>=1)=(0.442,0.961) aL=-0.0251 vL=0.0214 t0=[red=0.35 blue=0.65]
[u  365] env= 23920640 rsucc=0.920 n_rounds= 1481 ret=+10.834 len=808.9 ent(t0,t>=1)=(0.424,0.991) aL=-0.0231 vL=0.0219 t0=[red=0.33 blue=0.67]
[u  366] env= 23986176 rsucc=0.933 n_rounds= 1542 ret=+10.721 len=839.6 ent(t0,t>=1)=(0.412,0.976) aL=-0.0228 vL=0.0227 t0=[red=0.33 blue=0.67]
[u  367] env= 24051712 rsucc=0.951 n_rounds= 1615 ret=+11.640 len=786.8 ent(t0,t>=1)=(0.457,0.974) aL=-0.0202 vL=0.0240 t0=[red=0.34 blue=0.66]
[u  368] env= 24117248 rsucc=0.929 n_rounds= 1613 ret=+10.902 len=804.5 ent(t0,t>=1)=(0.434,0.962) aL=-0.0248 vL=0.0244 t0=[red=0.37 blue=0.63]
[u  369] env= 24182784 rsucc=0.939 n_rounds= 1465 ret=+10.343 len=853.7 ent(t0,t>=1)=(0.440,0.971) aL=-0.0224 vL=0.0216 t0=[red=0.39 blue=0.61]
[u  370] env= 24248320 rsucc=0.948 n_rounds= 1680 ret=+10.164 len=866.2 ent(t0,t>=1)=(0.419,0.963) aL=-0.0240 vL=0.0228 t0=[red=0.37 blue=0.63]
[u  371] env= 24313856 rsucc=0.928 n_rounds= 1580 ret=+10.919 len=807.7 ent(t0,t>=1)=(0.408,0.986) aL=-0.0234 vL=0.0237 t0=[red=0.33 blue=0.67]
[u  372] env= 24379392 rsucc=0.934 n_rounds= 1574 ret=+10.642 len=824.7 ent(t0,t>=1)=(0.415,0.978) aL=-0.0224 vL=0.0243 t0=[red=0.33 blue=0.67]
[u  373] env= 24444928 rsucc=0.940 n_rounds= 1639 ret=+10.331 len=834.8 ent(t0,t>=1)=(0.398,0.961) aL=-0.0230 vL=0.0240 t0=[red=0.32 blue=0.68]
[u  374] env= 24510464 rsucc=0.968 n_rounds= 1559 ret=+10.903 len=825.8 ent(t0,t>=1)=(0.404,0.973) aL=-0.0242 vL=0.0203 t0=[red=0.32 blue=0.68]
[u  375] env= 24576000 rsucc=0.936 n_rounds= 1512 ret=+10.924 len=811.0 ent(t0,t>=1)=(0.370,0.987) aL=-0.0232 vL=0.0235 t0=[red=0.31 blue=0.69]
[u  376] env= 24641536 rsucc=0.936 n_rounds= 1593 ret=+10.249 len=868.4 ent(t0,t>=1)=(0.384,0.972) aL=-0.0235 vL=0.0224 t0=[red=0.32 blue=0.68]
[u  377] env= 24707072 rsucc=0.931 n_rounds= 1532 ret=+10.714 len=846.5 ent(t0,t>=1)=(0.403,0.974) aL=-0.0219 vL=0.0253 t0=[red=0.32 blue=0.68]
[u  378] env= 24772608 rsucc=0.955 n_rounds= 1749 ret=+10.878 len=826.5 ent(t0,t>=1)=(0.381,0.932) aL=-0.0234 vL=0.0232 t0=[red=0.32 blue=0.68]
[u  379] env= 24838144 rsucc=0.948 n_rounds= 1645 ret=+10.613 len=808.5 ent(t0,t>=1)=(0.370,0.947) aL=-0.0239 vL=0.0246 t0=[red=0.29 blue=0.71]
[u  380] env= 24903680 rsucc=0.945 n_rounds= 1528 ret=+11.656 len=764.2 ent(t0,t>=1)=(0.362,0.963) aL=-0.0215 vL=0.0251 t0=[red=0.25 blue=0.75]
[u  381] env= 24969216 rsucc=0.923 n_rounds= 1631 ret=+11.104 len=807.2 ent(t0,t>=1)=(0.365,0.937) aL=-0.0208 vL=0.0259 t0=[red=0.27 blue=0.73]
[u  382] env= 25034752 rsucc=0.955 n_rounds= 1627 ret=+10.729 len=835.5 ent(t0,t>=1)=(0.365,0.949) aL=-0.0228 vL=0.0232 t0=[red=0.26 blue=0.74]
[u  383] env= 25100288 rsucc=0.919 n_rounds= 1563 ret=+10.298 len=835.9 ent(t0,t>=1)=(0.385,0.957) aL=-0.0220 vL=0.0250 t0=[red=0.31 blue=0.69]
[u  384] env= 25165824 rsucc=0.933 n_rounds= 1624 ret=+10.232 len=847.6 ent(t0,t>=1)=(0.364,0.952) aL=-0.0223 vL=0.0237 t0=[red=0.27 blue=0.73]
[u  385] env= 25231360 rsucc=0.960 n_rounds= 1607 ret=+10.897 len=791.8 ent(t0,t>=1)=(0.374,0.944) aL=-0.0234 vL=0.0224 t0=[red=0.26 blue=0.74]
[u  386] env= 25296896 rsucc=0.933 n_rounds= 1529 ret=+11.065 len=811.3 ent(t0,t>=1)=(0.398,0.967) aL=-0.0227 vL=0.0251 t0=[red=0.34 blue=0.66]
[u  387] env= 25362432 rsucc=0.942 n_rounds= 1644 ret=+11.129 len=814.2 ent(t0,t>=1)=(0.363,0.951) aL=-0.0231 vL=0.0226 t0=[red=0.33 blue=0.67]
[u  388] env= 25427968 rsucc=0.962 n_rounds= 1625 ret=+10.765 len=820.2 ent(t0,t>=1)=(0.395,0.930) aL=-0.0233 vL=0.0229 t0=[red=0.34 blue=0.66]
[u  389] env= 25493504 rsucc=0.945 n_rounds= 1651 ret=+11.130 len=810.3 ent(t0,t>=1)=(0.333,0.932) aL=-0.0228 vL=0.0256 t0=[red=0.28 blue=0.72]
[u  390] env= 25559040 rsucc=0.941 n_rounds= 1521 ret=+10.919 len=828.9 ent(t0,t>=1)=(0.342,0.965) aL=-0.0242 vL=0.0205 t0=[red=0.23 blue=0.77]
[u  391] env= 25624576 rsucc=0.949 n_rounds= 1530 ret=+11.283 len=793.7 ent(t0,t>=1)=(0.362,0.948) aL=-0.0235 vL=0.0225 t0=[red=0.27 blue=0.73]
[u  392] env= 25690112 rsucc=0.931 n_rounds= 1613 ret=+10.355 len=856.2 ent(t0,t>=1)=(0.357,0.934) aL=-0.0239 vL=0.0233 t0=[red=0.22 blue=0.78]
[u  393] env= 25755648 rsucc=0.947 n_rounds= 1619 ret=+10.992 len=818.3 ent(t0,t>=1)=(0.347,0.925) aL=-0.0196 vL=0.0227 t0=[red=0.21 blue=0.79]
[u  394] env= 25821184 rsucc=0.964 n_rounds= 1677 ret=+11.171 len=799.1 ent(t0,t>=1)=(0.335,0.935) aL=-0.0239 vL=0.0242 t0=[red=0.22 blue=0.78]
[u  395] env= 25886720 rsucc=0.956 n_rounds= 1665 ret=+10.852 len=823.3 ent(t0,t>=1)=(0.357,0.939) aL=-0.0242 vL=0.0230 t0=[red=0.23 blue=0.77]
[u  396] env= 25952256 rsucc=0.929 n_rounds= 1545 ret=+11.085 len=806.7 ent(t0,t>=1)=(0.309,0.965) aL=-0.0182 vL=0.0248 t0=[red=0.19 blue=0.81]
[u  397] env= 26017792 rsucc=0.938 n_rounds= 1619 ret=+11.414 len=796.6 ent(t0,t>=1)=(0.332,0.955) aL=-0.0238 vL=0.0271 t0=[red=0.22 blue=0.78]
[u  398] env= 26083328 rsucc=0.939 n_rounds= 1597 ret=+11.444 len=769.4 ent(t0,t>=1)=(0.356,0.956) aL=-0.0222 vL=0.0221 t0=[red=0.24 blue=0.76]
[u  399] env= 26148864 rsucc=0.930 n_rounds= 1500 ret=+10.317 len=834.5 ent(t0,t>=1)=(0.352,0.974) aL=-0.0231 vL=0.0239 t0=[red=0.23 blue=0.77]
[u  400] env= 26214400 rsucc=0.935 n_rounds= 1618 ret=+10.159 len=856.7 ent(t0,t>=1)=(0.361,0.960) aL=-0.0242 vL=0.0226 t0=[red=0.27 blue=0.73]
[u  401] env= 26279936 rsucc=0.963 n_rounds= 1699 ret=+10.473 len=848.6 ent(t0,t>=1)=(0.402,0.937) aL=-0.0234 vL=0.0218 t0=[red=0.34 blue=0.66]
[u  402] env= 26345472 rsucc=0.965 n_rounds= 1655 ret=+11.559 len=783.8 ent(t0,t>=1)=(0.387,0.934) aL=-0.0215 vL=0.0227 t0=[red=0.36 blue=0.64]
[u  403] env= 26411008 rsucc=0.951 n_rounds= 1636 ret=+11.653 len=787.4 ent(t0,t>=1)=(0.396,0.935) aL=-0.0209 vL=0.0249 t0=[red=0.32 blue=0.68]
[u  404] env= 26476544 rsucc=0.926 n_rounds= 1648 ret=+11.159 len=791.8 ent(t0,t>=1)=(0.367,0.949) aL=-0.0212 vL=0.0247 t0=[red=0.32 blue=0.68]
[u  405] env= 26542080 rsucc=0.961 n_rounds= 1688 ret=+10.677 len=826.1 ent(t0,t>=1)=(0.372,0.929) aL=-0.0234 vL=0.0238 t0=[red=0.29 blue=0.71]
[u  406] env= 26607616 rsucc=0.926 n_rounds= 1547 ret=+11.131 len=784.1 ent(t0,t>=1)=(0.385,0.953) aL=-0.0199 vL=0.0256 t0=[red=0.31 blue=0.69]
[u  407] env= 26673152 rsucc=0.937 n_rounds= 1567 ret=+11.073 len=807.1 ent(t0,t>=1)=(0.410,0.947) aL=-0.0251 vL=0.0233 t0=[red=0.32 blue=0.68]
[u  408] env= 26738688 rsucc=0.948 n_rounds= 1683 ret=+10.776 len=802.9 ent(t0,t>=1)=(0.392,0.920) aL=-0.0227 vL=0.0228 t0=[red=0.31 blue=0.69]
[u  409] env= 26804224 rsucc=0.925 n_rounds= 1485 ret=+10.486 len=847.9 ent(t0,t>=1)=(0.402,0.931) aL=-0.0197 vL=0.0253 t0=[red=0.34 blue=0.66]
[u  410] env= 26869760 rsucc=0.964 n_rounds= 1622 ret=+11.116 len=814.2 ent(t0,t>=1)=(0.383,0.912) aL=-0.0233 vL=0.0223 t0=[red=0.31 blue=0.69]
[u  411] env= 26935296 rsucc=0.947 n_rounds= 1634 ret=+10.988 len=801.8 ent(t0,t>=1)=(0.404,0.925) aL=-0.0216 vL=0.0223 t0=[red=0.29 blue=0.71]
[u  412] env= 27000832 rsucc=0.929 n_rounds= 1501 ret=+11.031 len=819.7 ent(t0,t>=1)=(0.426,0.946) aL=-0.0219 vL=0.0217 t0=[red=0.33 blue=0.67]
[u  413] env= 27066368 rsucc=0.932 n_rounds= 1555 ret=+10.588 len=855.3 ent(t0,t>=1)=(0.420,0.951) aL=-0.0206 vL=0.0223 t0=[red=0.31 blue=0.69]
[u  414] env= 27131904 rsucc=0.951 n_rounds= 1583 ret=+9.970 len=865.7 ent(t0,t>=1)=(0.352,0.948) aL=-0.0222 vL=0.0242 t0=[red=0.26 blue=0.74]
[u  415] env= 27197440 rsucc=0.940 n_rounds= 1557 ret=+10.694 len=823.7 ent(t0,t>=1)=(0.393,0.937) aL=-0.0226 vL=0.0210 t0=[red=0.29 blue=0.71]
[u  416] env= 27262976 rsucc=0.940 n_rounds= 1630 ret=+10.723 len=830.4 ent(t0,t>=1)=(0.366,0.929) aL=-0.0224 vL=0.0229 t0=[red=0.26 blue=0.74]
[u  417] env= 27328512 rsucc=0.944 n_rounds= 1613 ret=+11.224 len=796.6 ent(t0,t>=1)=(0.382,0.946) aL=-0.0205 vL=0.0222 t0=[red=0.29 blue=0.71]
[u  418] env= 27394048 rsucc=0.956 n_rounds= 1651 ret=+11.503 len=777.0 ent(t0,t>=1)=(0.384,0.937) aL=-0.0204 vL=0.0230 t0=[red=0.29 blue=0.71]
[u  419] env= 27459584 rsucc=0.966 n_rounds= 1660 ret=+10.535 len=848.0 ent(t0,t>=1)=(0.360,0.924) aL=-0.0216 vL=0.0232 t0=[red=0.29 blue=0.71]
[u  420] env= 27525120 rsucc=0.959 n_rounds= 1679 ret=+10.939 len=808.2 ent(t0,t>=1)=(0.352,0.932) aL=-0.0243 vL=0.0211 t0=[red=0.31 blue=0.69]
[u  421] env= 27590656 rsucc=0.948 n_rounds= 1647 ret=+11.836 len=773.7 ent(t0,t>=1)=(0.355,0.935) aL=-0.0236 vL=0.0225 t0=[red=0.28 blue=0.72]
[u  422] env= 27656192 rsucc=0.944 n_rounds= 1545 ret=+12.042 len=758.5 ent(t0,t>=1)=(0.370,0.935) aL=-0.0229 vL=0.0242 t0=[red=0.30 blue=0.70]
[u  423] env= 27721728 rsucc=0.941 n_rounds= 1633 ret=+11.086 len=808.9 ent(t0,t>=1)=(0.361,0.943) aL=-0.0242 vL=0.0245 t0=[red=0.27 blue=0.73]
[u  424] env= 27787264 rsucc=0.927 n_rounds= 1608 ret=+10.551 len=824.3 ent(t0,t>=1)=(0.325,0.944) aL=-0.0234 vL=0.0242 t0=[red=0.27 blue=0.73]
[u  425] env= 27852800 rsucc=0.955 n_rounds= 1618 ret=+10.321 len=848.8 ent(t0,t>=1)=(0.370,0.932) aL=-0.0220 vL=0.0226 t0=[red=0.31 blue=0.69]
[u  426] env= 27918336 rsucc=0.927 n_rounds= 1526 ret=+10.824 len=820.7 ent(t0,t>=1)=(0.370,0.961) aL=-0.0238 vL=0.0220 t0=[red=0.29 blue=0.71]
[u  427] env= 27983872 rsucc=0.899 n_rounds= 1425 ret=+10.930 len=816.3 ent(t0,t>=1)=(0.344,0.976) aL=-0.0224 vL=0.0252 t0=[red=0.27 blue=0.73]
[u  428] env= 28049408 rsucc=0.911 n_rounds= 1539 ret=+10.001 len=860.3 ent(t0,t>=1)=(0.355,0.958) aL=-0.0218 vL=0.0254 t0=[red=0.30 blue=0.70]
[u  429] env= 28114944 rsucc=0.971 n_rounds= 1672 ret=+9.949 len=874.9 ent(t0,t>=1)=(0.349,0.919) aL=-0.0229 vL=0.0212 t0=[red=0.29 blue=0.71]
[u  430] env= 28180480 rsucc=0.961 n_rounds= 1661 ret=+11.067 len=790.5 ent(t0,t>=1)=(0.359,0.925) aL=-0.0231 vL=0.0229 t0=[red=0.33 blue=0.67]
[u  431] env= 28246016 rsucc=0.946 n_rounds= 1613 ret=+11.239 len=809.9 ent(t0,t>=1)=(0.352,0.944) aL=-0.0215 vL=0.0236 t0=[red=0.30 blue=0.70]
[u  432] env= 28311552 rsucc=0.968 n_rounds= 1729 ret=+11.110 len=809.4 ent(t0,t>=1)=(0.346,0.924) aL=-0.0233 vL=0.0214 t0=[red=0.26 blue=0.74]
[u  433] env= 28377088 rsucc=0.980 n_rounds= 1685 ret=+11.558 len=783.9 ent(t0,t>=1)=(0.352,0.931) aL=-0.0216 vL=0.0208 t0=[red=0.32 blue=0.68]
[u  434] env= 28442624 rsucc=0.956 n_rounds= 1656 ret=+12.019 len=766.3 ent(t0,t>=1)=(0.367,0.936) aL=-0.0243 vL=0.0210 t0=[red=0.33 blue=0.67]
[u  435] env= 28508160 rsucc=0.955 n_rounds= 1660 ret=+11.581 len=793.8 ent(t0,t>=1)=(0.345,0.923) aL=-0.0248 vL=0.0236 t0=[red=0.26 blue=0.74]
[u  436] env= 28573696 rsucc=0.959 n_rounds= 1642 ret=+11.751 len=756.0 ent(t0,t>=1)=(0.368,0.925) aL=-0.0245 vL=0.0244 t0=[red=0.32 blue=0.68]
[u  437] env= 28639232 rsucc=0.963 n_rounds= 1735 ret=+11.421 len=786.2 ent(t0,t>=1)=(0.362,0.926) aL=-0.0243 vL=0.0236 t0=[red=0.31 blue=0.69]
[u  438] env= 28704768 rsucc=0.953 n_rounds= 1651 ret=+11.980 len=766.2 ent(t0,t>=1)=(0.338,0.923) aL=-0.0235 vL=0.0230 t0=[red=0.26 blue=0.74]
[u  439] env= 28770304 rsucc=0.920 n_rounds= 1489 ret=+11.347 len=798.0 ent(t0,t>=1)=(0.357,0.967) aL=-0.0228 vL=0.0225 t0=[red=0.29 blue=0.71]
[u  440] env= 28835840 rsucc=0.957 n_rounds= 1665 ret=+11.556 len=774.8 ent(t0,t>=1)=(0.359,0.935) aL=-0.0240 vL=0.0239 t0=[red=0.28 blue=0.72]
[u  441] env= 28901376 rsucc=0.931 n_rounds= 1519 ret=+9.922 len=861.2 ent(t0,t>=1)=(0.365,0.944) aL=-0.0204 vL=0.0291 t0=[red=0.28 blue=0.72]
[u  442] env= 28966912 rsucc=0.922 n_rounds= 1545 ret=+10.814 len=828.9 ent(t0,t>=1)=(0.353,0.957) aL=-0.0226 vL=0.0252 t0=[red=0.25 blue=0.75]
[u  443] env= 29032448 rsucc=0.935 n_rounds= 1618 ret=+10.814 len=823.6 ent(t0,t>=1)=(0.339,0.943) aL=-0.0205 vL=0.0236 t0=[red=0.27 blue=0.73]
[u  444] env= 29097984 rsucc=0.976 n_rounds= 1744 ret=+10.929 len=818.5 ent(t0,t>=1)=(0.351,0.910) aL=-0.0241 vL=0.0229 t0=[red=0.27 blue=0.73]
[u  445] env= 29163520 rsucc=0.940 n_rounds= 1588 ret=+10.469 len=838.9 ent(t0,t>=1)=(0.359,0.921) aL=-0.0216 vL=0.0260 t0=[red=0.29 blue=0.71]
[u  446] env= 29229056 rsucc=0.903 n_rounds= 1427 ret=+10.679 len=823.3 ent(t0,t>=1)=(0.356,0.940) aL=-0.0232 vL=0.0240 t0=[red=0.28 blue=0.72]
[u  447] env= 29294592 rsucc=0.916 n_rounds= 1548 ret=+10.637 len=831.5 ent(t0,t>=1)=(0.343,0.925) aL=-0.0243 vL=0.0219 t0=[red=0.26 blue=0.74]
[u  448] env= 29360128 rsucc=0.932 n_rounds= 1613 ret=+9.955 len=852.9 ent(t0,t>=1)=(0.304,0.931) aL=-0.0244 vL=0.0247 t0=[red=0.22 blue=0.78]
[u  449] env= 29425664 rsucc=0.946 n_rounds= 1523 ret=+10.267 len=846.2 ent(t0,t>=1)=(0.335,0.947) aL=-0.0247 vL=0.0212 t0=[red=0.28 blue=0.72]
[u  450] env= 29491200 rsucc=0.931 n_rounds= 1579 ret=+10.545 len=828.4 ent(t0,t>=1)=(0.297,0.927) aL=-0.0226 vL=0.0233 t0=[red=0.22 blue=0.78]
[u  451] env= 29556736 rsucc=0.939 n_rounds= 1605 ret=+11.149 len=815.1 ent(t0,t>=1)=(0.342,0.920) aL=-0.0223 vL=0.0232 t0=[red=0.27 blue=0.73]
[u  452] env= 29622272 rsucc=0.944 n_rounds= 1648 ret=+10.881 len=807.3 ent(t0,t>=1)=(0.343,0.911) aL=-0.0222 vL=0.0233 t0=[red=0.24 blue=0.76]
[u  453] env= 29687808 rsucc=0.937 n_rounds= 1675 ret=+9.753 len=875.0 ent(t0,t>=1)=(0.333,0.909) aL=-0.0215 vL=0.0232 t0=[red=0.22 blue=0.78]
[u  454] env= 29753344 rsucc=0.949 n_rounds= 1689 ret=+11.502 len=764.2 ent(t0,t>=1)=(0.325,0.909) aL=-0.0234 vL=0.0258 t0=[red=0.23 blue=0.77]
[u  455] env= 29818880 rsucc=0.958 n_rounds= 1661 ret=+11.706 len=758.4 ent(t0,t>=1)=(0.313,0.908) aL=-0.0232 vL=0.0238 t0=[red=0.22 blue=0.78]
[u  456] env= 29884416 rsucc=0.951 n_rounds= 1642 ret=+11.013 len=815.5 ent(t0,t>=1)=(0.331,0.920) aL=-0.0239 vL=0.0227 t0=[red=0.25 blue=0.75]
[u  457] env= 29949952 rsucc=0.958 n_rounds= 1607 ret=+11.742 len=773.2 ent(t0,t>=1)=(0.338,0.911) aL=-0.0239 vL=0.0237 t0=[red=0.21 blue=0.79]
[u  458] env= 30015488 rsucc=0.957 n_rounds= 1590 ret=+11.426 len=791.2 ent(t0,t>=1)=(0.330,0.916) aL=-0.0247 vL=0.0230 t0=[red=0.26 blue=0.74]
[u  459] env= 30081024 rsucc=0.948 n_rounds= 1590 ret=+10.584 len=841.4 ent(t0,t>=1)=(0.274,0.933) aL=-0.0233 vL=0.0231 t0=[red=0.17 blue=0.83]
[u  460] env= 30146560 rsucc=0.926 n_rounds= 1521 ret=+11.114 len=816.2 ent(t0,t>=1)=(0.315,0.930) aL=-0.0185 vL=0.0259 t0=[red=0.20 blue=0.80]
[u  461] env= 30212096 rsucc=0.932 n_rounds= 1594 ret=+11.116 len=825.0 ent(t0,t>=1)=(0.288,0.925) aL=-0.0226 vL=0.0255 t0=[red=0.20 blue=0.80]
[u  462] env= 30277632 rsucc=0.950 n_rounds= 1599 ret=+10.639 len=829.5 ent(t0,t>=1)=(0.321,0.904) aL=-0.0212 vL=0.0232 t0=[red=0.18 blue=0.82]
[u  463] env= 30343168 rsucc=0.938 n_rounds= 1546 ret=+10.583 len=825.1 ent(t0,t>=1)=(0.320,0.905) aL=-0.0246 vL=0.0234 t0=[red=0.19 blue=0.81]
[u  464] env= 30408704 rsucc=0.952 n_rounds= 1629 ret=+10.643 len=838.5 ent(t0,t>=1)=(0.316,0.904) aL=-0.0218 vL=0.0240 t0=[red=0.23 blue=0.77]
[u  465] env= 30474240 rsucc=0.946 n_rounds= 1561 ret=+10.250 len=848.4 ent(t0,t>=1)=(0.265,0.926) aL=-0.0242 vL=0.0224 t0=[red=0.15 blue=0.85]
[u  466] env= 30539776 rsucc=0.961 n_rounds= 1654 ret=+11.164 len=811.4 ent(t0,t>=1)=(0.303,0.900) aL=-0.0248 vL=0.0247 t0=[red=0.18 blue=0.82]
[u  467] env= 30605312 rsucc=0.966 n_rounds= 1630 ret=+11.390 len=796.6 ent(t0,t>=1)=(0.306,0.896) aL=-0.0251 vL=0.0211 t0=[red=0.18 blue=0.82]
[u  468] env= 30670848 rsucc=0.940 n_rounds= 1605 ret=+11.212 len=814.2 ent(t0,t>=1)=(0.318,0.913) aL=-0.0247 vL=0.0226 t0=[red=0.21 blue=0.79]
[u  469] env= 30736384 rsucc=0.943 n_rounds= 1565 ret=+10.630 len=845.2 ent(t0,t>=1)=(0.308,0.913) aL=-0.0236 vL=0.0238 t0=[red=0.20 blue=0.80]
[u  470] env= 30801920 rsucc=0.924 n_rounds= 1532 ret=+11.138 len=801.8 ent(t0,t>=1)=(0.303,0.913) aL=-0.0240 vL=0.0237 t0=[red=0.20 blue=0.80]
[u  471] env= 30867456 rsucc=0.963 n_rounds= 1694 ret=+11.183 len=817.2 ent(t0,t>=1)=(0.302,0.893) aL=-0.0233 vL=0.0247 t0=[red=0.20 blue=0.80]
[u  472] env= 30932992 rsucc=0.956 n_rounds= 1694 ret=+11.984 len=730.3 ent(t0,t>=1)=(0.343,0.908) aL=-0.0233 vL=0.0271 t0=[red=0.17 blue=0.83]
[u  473] env= 30998528 rsucc=0.941 n_rounds= 1568 ret=+10.600 len=833.0 ent(t0,t>=1)=(0.298,0.916) aL=-0.0226 vL=0.0262 t0=[red=0.19 blue=0.81]
[u  474] env= 31064064 rsucc=0.946 n_rounds= 1615 ret=+10.973 len=816.7 ent(t0,t>=1)=(0.315,0.912) aL=-0.0230 vL=0.0265 t0=[red=0.20 blue=0.80]
[u  475] env= 31129600 rsucc=0.959 n_rounds= 1636 ret=+10.761 len=826.6 ent(t0,t>=1)=(0.346,0.906) aL=-0.0236 vL=0.0249 t0=[red=0.19 blue=0.81]
[u  476] env= 31195136 rsucc=0.943 n_rounds= 1567 ret=+11.438 len=791.6 ent(t0,t>=1)=(0.321,0.919) aL=-0.0233 vL=0.0223 t0=[red=0.20 blue=0.80]
[u  477] env= 31260672 rsucc=0.945 n_rounds= 1548 ret=+10.688 len=832.0 ent(t0,t>=1)=(0.331,0.906) aL=-0.0217 vL=0.0230 t0=[red=0.20 blue=0.80]
[u  478] env= 31326208 rsucc=0.939 n_rounds= 1588 ret=+11.084 len=822.6 ent(t0,t>=1)=(0.301,0.908) aL=-0.0254 vL=0.0258 t0=[red=0.17 blue=0.83]
[u  479] env= 31391744 rsucc=0.926 n_rounds= 1498 ret=+11.136 len=818.5 ent(t0,t>=1)=(0.317,0.921) aL=-0.0226 vL=0.0228 t0=[red=0.19 blue=0.81]
[u  480] env= 31457280 rsucc=0.944 n_rounds= 1647 ret=+10.612 len=822.3 ent(t0,t>=1)=(0.344,0.897) aL=-0.0244 vL=0.0237 t0=[red=0.23 blue=0.77]
[u  481] env= 31522816 rsucc=0.926 n_rounds= 1578 ret=+9.680 len=885.4 ent(t0,t>=1)=(0.334,0.937) aL=-0.0235 vL=0.0251 t0=[red=0.23 blue=0.77]
[u  482] env= 31588352 rsucc=0.945 n_rounds= 1700 ret=+10.428 len=826.3 ent(t0,t>=1)=(0.332,0.903) aL=-0.0249 vL=0.0219 t0=[red=0.20 blue=0.80]
[u  483] env= 31653888 rsucc=0.964 n_rounds= 1680 ret=+10.845 len=801.7 ent(t0,t>=1)=(0.346,0.909) aL=-0.0248 vL=0.0233 t0=[red=0.20 blue=0.80]
[u  484] env= 31719424 rsucc=0.943 n_rounds= 1604 ret=+11.350 len=787.2 ent(t0,t>=1)=(0.338,0.912) aL=-0.0122 vL=0.0293 t0=[red=0.22 blue=0.78]
[u  485] env= 31784960 rsucc=0.938 n_rounds= 1602 ret=+11.418 len=796.4 ent(t0,t>=1)=(0.351,0.912) aL=-0.0243 vL=0.0245 t0=[red=0.24 blue=0.76]
[u  486] env= 31850496 rsucc=0.953 n_rounds= 1558 ret=+11.294 len=782.3 ent(t0,t>=1)=(0.369,0.928) aL=-0.0239 vL=0.0247 t0=[red=0.21 blue=0.79]
[u  487] env= 31916032 rsucc=0.933 n_rounds= 1552 ret=+10.793 len=823.4 ent(t0,t>=1)=(0.374,0.933) aL=-0.0233 vL=0.0247 t0=[red=0.25 blue=0.75]
[u  488] env= 31981568 rsucc=0.942 n_rounds= 1592 ret=+10.564 len=861.2 ent(t0,t>=1)=(0.398,0.923) aL=-0.0236 vL=0.0209 t0=[red=0.30 blue=0.70]
[u  489] env= 32047104 rsucc=0.945 n_rounds= 1592 ret=+10.538 len=830.7 ent(t0,t>=1)=(0.380,0.904) aL=-0.0234 vL=0.0236 t0=[red=0.25 blue=0.75]
[u  490] env= 32112640 rsucc=0.932 n_rounds= 1565 ret=+11.090 len=812.5 ent(t0,t>=1)=(0.381,0.912) aL=-0.0224 vL=0.0236 t0=[red=0.24 blue=0.76]
[u  491] env= 32178176 rsucc=0.930 n_rounds= 1553 ret=+10.949 len=831.3 ent(t0,t>=1)=(0.392,0.936) aL=-0.0254 vL=0.0230 t0=[red=0.27 blue=0.73]
[u  492] env= 32243712 rsucc=0.945 n_rounds= 1600 ret=+10.612 len=820.1 ent(t0,t>=1)=(0.405,0.919) aL=-0.0196 vL=0.0248 t0=[red=0.29 blue=0.71]
[u  493] env= 32309248 rsucc=0.963 n_rounds= 1658 ret=+10.689 len=813.8 ent(t0,t>=1)=(0.403,0.897) aL=-0.0232 vL=0.0245 t0=[red=0.28 blue=0.72]
[u  494] env= 32374784 rsucc=0.915 n_rounds= 1539 ret=+10.222 len=842.1 ent(t0,t>=1)=(0.381,0.911) aL=-0.0242 vL=0.0241 t0=[red=0.28 blue=0.72]
[u  495] env= 32440320 rsucc=0.932 n_rounds= 1510 ret=+10.547 len=843.6 ent(t0,t>=1)=(0.381,0.920) aL=-0.0246 vL=0.0239 t0=[red=0.27 blue=0.73]
[u  496] env= 32505856 rsucc=0.957 n_rounds= 1639 ret=+10.390 len=844.9 ent(t0,t>=1)=(0.368,0.902) aL=-0.0240 vL=0.0250 t0=[red=0.28 blue=0.72]
[u  497] env= 32571392 rsucc=0.929 n_rounds= 1583 ret=+11.303 len=795.8 ent(t0,t>=1)=(0.387,0.908) aL=-0.0228 vL=0.0228 t0=[red=0.28 blue=0.72]
[u  498] env= 32636928 rsucc=0.973 n_rounds= 1735 ret=+10.698 len=833.2 ent(t0,t>=1)=(0.408,0.882) aL=-0.0246 vL=0.0219 t0=[red=0.30 blue=0.70]
[u  499] env= 32702464 rsucc=0.942 n_rounds= 1605 ret=+11.337 len=794.1 ent(t0,t>=1)=(0.427,0.900) aL=-0.0162 vL=0.0250 t0=[red=0.33 blue=0.67]
[u  500] env= 32768000 rsucc=0.976 n_rounds= 1747 ret=+11.427 len=786.2 ent(t0,t>=1)=(0.412,0.889) aL=-0.0260 vL=0.0244 t0=[red=0.30 blue=0.70]
[u  501] env= 32833536 rsucc=0.962 n_rounds= 1725 ret=+11.897 len=750.6 ent(t0,t>=1)=(0.412,0.899) aL=-0.0226 vL=0.0257 t0=[red=0.33 blue=0.67]
[u  502] env= 32899072 rsucc=0.941 n_rounds= 1614 ret=+11.929 len=753.4 ent(t0,t>=1)=(0.417,0.899) aL=-0.0253 vL=0.0239 t0=[red=0.32 blue=0.68]
[u  503] env= 32964608 rsucc=0.956 n_rounds= 1708 ret=+11.561 len=794.7 ent(t0,t>=1)=(0.376,0.879) aL=-0.0245 vL=0.0257 t0=[red=0.27 blue=0.73]
[u  504] env= 33030144 rsucc=0.974 n_rounds= 1711 ret=+11.409 len=779.3 ent(t0,t>=1)=(0.388,0.892) aL=-0.0239 vL=0.0227 t0=[red=0.25 blue=0.75]
[u  505] env= 33095680 rsucc=0.957 n_rounds= 1696 ret=+11.776 len=781.3 ent(t0,t>=1)=(0.384,0.889) aL=-0.0255 vL=0.0222 t0=[red=0.24 blue=0.76]
[u  506] env= 33161216 rsucc=0.961 n_rounds= 1692 ret=+11.551 len=776.2 ent(t0,t>=1)=(0.422,0.868) aL=-0.0237 vL=0.0244 t0=[red=0.31 blue=0.69]
[u  507] env= 33226752 rsucc=0.918 n_rounds= 1476 ret=+11.424 len=796.3 ent(t0,t>=1)=(0.391,0.916) aL=-0.0233 vL=0.0263 t0=[red=0.28 blue=0.72]
[u  508] env= 33292288 rsucc=0.936 n_rounds= 1581 ret=+11.299 len=796.1 ent(t0,t>=1)=(0.386,0.894) aL=-0.0234 vL=0.0236 t0=[red=0.28 blue=0.72]
[u  509] env= 33357824 rsucc=0.943 n_rounds= 1617 ret=+10.263 len=847.2 ent(t0,t>=1)=(0.410,0.891) aL=-0.0234 vL=0.0249 t0=[red=0.32 blue=0.68]
[u  510] env= 33423360 rsucc=0.943 n_rounds= 1586 ret=+10.281 len=848.5 ent(t0,t>=1)=(0.398,0.896) aL=-0.0250 vL=0.0244 t0=[red=0.31 blue=0.69]
[u  511] env= 33488896 rsucc=0.951 n_rounds= 1605 ret=+10.822 len=831.9 ent(t0,t>=1)=(0.412,0.911) aL=-0.0243 vL=0.0217 t0=[red=0.32 blue=0.68]
[u  512] env= 33554432 rsucc=0.926 n_rounds= 1567 ret=+11.433 len=774.5 ent(t0,t>=1)=(0.396,0.915) aL=-0.0248 vL=0.0245 t0=[red=0.32 blue=0.68]
[u  513] env= 33619968 rsucc=0.924 n_rounds= 1576 ret=+10.385 len=841.9 ent(t0,t>=1)=(0.367,0.905) aL=-0.0231 vL=0.0232 t0=[red=0.29 blue=0.71]
[u  514] env= 33685504 rsucc=0.934 n_rounds= 1564 ret=+10.299 len=852.4 ent(t0,t>=1)=(0.406,0.908) aL=-0.0237 vL=0.0232 t0=[red=0.31 blue=0.69]
[u  515] env= 33751040 rsucc=0.958 n_rounds= 1611 ret=+11.175 len=795.6 ent(t0,t>=1)=(0.403,0.883) aL=-0.0251 vL=0.0213 t0=[red=0.31 blue=0.69]
[u  516] env= 33816576 rsucc=0.951 n_rounds= 1599 ret=+10.324 len=849.4 ent(t0,t>=1)=(0.380,0.889) aL=-0.0239 vL=0.0264 t0=[red=0.28 blue=0.72]
[u  517] env= 33882112 rsucc=0.953 n_rounds= 1707 ret=+11.044 len=805.9 ent(t0,t>=1)=(0.421,0.883) aL=-0.0247 vL=0.0235 t0=[red=0.32 blue=0.68]
[u  518] env= 33947648 rsucc=0.959 n_rounds= 1667 ret=+11.134 len=792.4 ent(t0,t>=1)=(0.397,0.890) aL=-0.0242 vL=0.0243 t0=[red=0.32 blue=0.68]
[u  519] env= 34013184 rsucc=0.938 n_rounds= 1551 ret=+11.387 len=795.0 ent(t0,t>=1)=(0.409,0.892) aL=-0.0228 vL=0.0259 t0=[red=0.31 blue=0.69]
[u  520] env= 34078720 rsucc=0.962 n_rounds= 1746 ret=+11.612 len=770.2 ent(t0,t>=1)=(0.402,0.866) aL=-0.0234 vL=0.0217 t0=[red=0.31 blue=0.69]
[u  521] env= 34144256 rsucc=0.962 n_rounds= 1668 ret=+11.281 len=813.5 ent(t0,t>=1)=(0.413,0.879) aL=-0.0242 vL=0.0238 t0=[red=0.35 blue=0.65]
[u  522] env= 34209792 rsucc=0.951 n_rounds= 1693 ret=+11.876 len=756.9 ent(t0,t>=1)=(0.369,0.868) aL=-0.0243 vL=0.0233 t0=[red=0.26 blue=0.74]
[u  523] env= 34275328 rsucc=0.947 n_rounds= 1637 ret=+11.023 len=809.4 ent(t0,t>=1)=(0.373,0.876) aL=-0.0217 vL=0.0259 t0=[red=0.26 blue=0.74]
[u  524] env= 34340864 rsucc=0.965 n_rounds= 1691 ret=+11.700 len=768.2 ent(t0,t>=1)=(0.396,0.864) aL=-0.0228 vL=0.0242 t0=[red=0.26 blue=0.74]
[u  525] env= 34406400 rsucc=0.935 n_rounds= 1621 ret=+11.146 len=798.6 ent(t0,t>=1)=(0.361,0.894) aL=-0.0220 vL=0.0297 t0=[red=0.23 blue=0.77]
[u  526] env= 34471936 rsucc=0.966 n_rounds= 1626 ret=+10.929 len=814.8 ent(t0,t>=1)=(0.403,0.878) aL=-0.0233 vL=0.0257 t0=[red=0.26 blue=0.74]
[u  527] env= 34537472 rsucc=0.956 n_rounds= 1586 ret=+11.887 len=767.4 ent(t0,t>=1)=(0.421,0.886) aL=-0.0247 vL=0.0231 t0=[red=0.33 blue=0.67]
[u  528] env= 34603008 rsucc=0.931 n_rounds= 1684 ret=+11.018 len=813.3 ent(t0,t>=1)=(0.397,0.886) aL=-0.0239 vL=0.0283 t0=[red=0.31 blue=0.69]
[u  529] env= 34668544 rsucc=0.937 n_rounds= 1691 ret=+10.757 len=817.8 ent(t0,t>=1)=(0.364,0.890) aL=-0.0221 vL=0.0258 t0=[red=0.27 blue=0.73]
[u  530] env= 34734080 rsucc=0.964 n_rounds= 1660 ret=+10.854 len=806.5 ent(t0,t>=1)=(0.423,0.871) aL=-0.0227 vL=0.0215 t0=[red=0.33 blue=0.67]
[u  531] env= 34799616 rsucc=0.945 n_rounds= 1593 ret=+11.376 len=782.6 ent(t0,t>=1)=(0.404,0.877) aL=-0.0232 vL=0.0249 t0=[red=0.34 blue=0.66]
[u  532] env= 34865152 rsucc=0.967 n_rounds= 1691 ret=+11.704 len=775.0 ent(t0,t>=1)=(0.390,0.848) aL=-0.0236 vL=0.0216 t0=[red=0.34 blue=0.66]
[u  533] env= 34930688 rsucc=0.974 n_rounds= 1677 ret=+11.592 len=775.2 ent(t0,t>=1)=(0.401,0.866) aL=-0.0243 vL=0.0219 t0=[red=0.34 blue=0.66]
[u  534] env= 34996224 rsucc=0.968 n_rounds= 1671 ret=+11.501 len=796.4 ent(t0,t>=1)=(0.411,0.870) aL=-0.0240 vL=0.0211 t0=[red=0.33 blue=0.67]
[u  535] env= 35061760 rsucc=0.951 n_rounds= 1600 ret=+11.472 len=799.6 ent(t0,t>=1)=(0.411,0.877) aL=-0.0240 vL=0.0231 t0=[red=0.37 blue=0.63]
[u  536] env= 35127296 rsucc=0.936 n_rounds= 1598 ret=+11.163 len=808.0 ent(t0,t>=1)=(0.442,0.874) aL=-0.0248 vL=0.0236 t0=[red=0.43 blue=0.57]
[u  537] env= 35192832 rsucc=0.957 n_rounds= 1707 ret=+11.753 len=770.6 ent(t0,t>=1)=(0.411,0.864) aL=-0.0238 vL=0.0253 t0=[red=0.35 blue=0.65]
[u  538] env= 35258368 rsucc=0.964 n_rounds= 1685 ret=+11.418 len=788.2 ent(t0,t>=1)=(0.385,0.865) aL=-0.0257 vL=0.0242 t0=[red=0.30 blue=0.70]
[u  539] env= 35323904 rsucc=0.952 n_rounds= 1583 ret=+11.667 len=770.3 ent(t0,t>=1)=(0.408,0.878) aL=-0.0238 vL=0.0229 t0=[red=0.31 blue=0.69]
[u  540] env= 35389440 rsucc=0.957 n_rounds= 1703 ret=+10.969 len=814.5 ent(t0,t>=1)=(0.429,0.854) aL=-0.0239 vL=0.0250 t0=[red=0.33 blue=0.67]
[u  541] env= 35454976 rsucc=0.952 n_rounds= 1652 ret=+11.412 len=807.3 ent(t0,t>=1)=(0.396,0.863) aL=-0.0246 vL=0.0269 t0=[red=0.31 blue=0.69]
[u  542] env= 35520512 rsucc=0.970 n_rounds= 1729 ret=+11.599 len=770.8 ent(t0,t>=1)=(0.408,0.849) aL=-0.0254 vL=0.0244 t0=[red=0.30 blue=0.70]
[u  543] env= 35586048 rsucc=0.949 n_rounds= 1609 ret=+11.774 len=771.9 ent(t0,t>=1)=(0.435,0.868) aL=-0.0227 vL=0.0230 t0=[red=0.32 blue=0.68]
[u  544] env= 35651584 rsucc=0.954 n_rounds= 1583 ret=+11.437 len=790.1 ent(t0,t>=1)=(0.435,0.877) aL=-0.0225 vL=0.0219 t0=[red=0.32 blue=0.68]
[u  545] env= 35717120 rsucc=0.967 n_rounds= 1694 ret=+11.070 len=811.9 ent(t0,t>=1)=(0.379,0.865) aL=-0.0224 vL=0.0237 t0=[red=0.29 blue=0.71]
[u  546] env= 35782656 rsucc=0.960 n_rounds= 1665 ret=+11.202 len=806.4 ent(t0,t>=1)=(0.397,0.856) aL=-0.0238 vL=0.0245 t0=[red=0.27 blue=0.73]
[u  547] env= 35848192 rsucc=0.956 n_rounds= 1671 ret=+11.428 len=799.9 ent(t0,t>=1)=(0.412,0.868) aL=-0.0246 vL=0.0225 t0=[red=0.34 blue=0.66]
[u  548] env= 35913728 rsucc=0.970 n_rounds= 1640 ret=+11.850 len=756.3 ent(t0,t>=1)=(0.408,0.867) aL=-0.0258 vL=0.0225 t0=[red=0.34 blue=0.66]
[u  549] env= 35979264 rsucc=0.949 n_rounds= 1628 ret=+11.479 len=788.5 ent(t0,t>=1)=(0.371,0.870) aL=-0.0230 vL=0.0259 t0=[red=0.28 blue=0.72]
[u  550] env= 36044800 rsucc=0.947 n_rounds= 1681 ret=+11.523 len=779.7 ent(t0,t>=1)=(0.377,0.885) aL=-0.0250 vL=0.0268 t0=[red=0.28 blue=0.72]
[u  551] env= 36110336 rsucc=0.956 n_rounds= 1749 ret=+11.316 len=802.9 ent(t0,t>=1)=(0.377,0.851) aL=-0.0232 vL=0.0249 t0=[red=0.26 blue=0.74]
[u  552] env= 36175872 rsucc=0.973 n_rounds= 1677 ret=+11.515 len=776.8 ent(t0,t>=1)=(0.384,0.849) aL=-0.0245 vL=0.0239 t0=[red=0.27 blue=0.73]
[u  553] env= 36241408 rsucc=0.956 n_rounds= 1574 ret=+11.303 len=801.7 ent(t0,t>=1)=(0.416,0.862) aL=-0.0247 vL=0.0244 t0=[red=0.31 blue=0.69]
[u  554] env= 36306944 rsucc=0.950 n_rounds= 1623 ret=+12.230 len=758.4 ent(t0,t>=1)=(0.401,0.859) aL=-0.0247 vL=0.0236 t0=[red=0.33 blue=0.67]
[u  555] env= 36372480 rsucc=0.940 n_rounds= 1595 ret=+11.241 len=794.9 ent(t0,t>=1)=(0.405,0.867) aL=-0.0245 vL=0.0240 t0=[red=0.32 blue=0.68]
[u  556] env= 36438016 rsucc=0.937 n_rounds= 1625 ret=+10.137 len=855.4 ent(t0,t>=1)=(0.379,0.867) aL=-0.0232 vL=0.0257 t0=[red=0.26 blue=0.74]
[u  557] env= 36503552 rsucc=0.950 n_rounds= 1660 ret=+10.684 len=827.2 ent(t0,t>=1)=(0.387,0.852) aL=-0.0225 vL=0.0278 t0=[red=0.29 blue=0.71]
[u  558] env= 36569088 rsucc=0.937 n_rounds= 1609 ret=+11.228 len=803.8 ent(t0,t>=1)=(0.405,0.852) aL=-0.0238 vL=0.0289 t0=[red=0.29 blue=0.71]
[u  559] env= 36634624 rsucc=0.952 n_rounds= 1617 ret=+11.792 len=753.3 ent(t0,t>=1)=(0.390,0.877) aL=-0.0240 vL=0.0242 t0=[red=0.30 blue=0.70]
[u  560] env= 36700160 rsucc=0.954 n_rounds= 1694 ret=+11.123 len=796.6 ent(t0,t>=1)=(0.429,0.852) aL=-0.0248 vL=0.0230 t0=[red=0.32 blue=0.68]
[u  561] env= 36765696 rsucc=0.959 n_rounds= 1677 ret=+11.056 len=818.4 ent(t0,t>=1)=(0.419,0.858) aL=-0.0216 vL=0.0239 t0=[red=0.31 blue=0.69]
[u  562] env= 36831232 rsucc=0.957 n_rounds= 1617 ret=+11.404 len=789.8 ent(t0,t>=1)=(0.424,0.843) aL=-0.0231 vL=0.0218 t0=[red=0.32 blue=0.68]
[u  563] env= 36896768 rsucc=0.951 n_rounds= 1530 ret=+11.338 len=805.1 ent(t0,t>=1)=(0.432,0.861) aL=-0.0249 vL=0.0229 t0=[red=0.37 blue=0.63]
[u  564] env= 36962304 rsucc=0.899 n_rounds= 1512 ret=+11.056 len=807.0 ent(t0,t>=1)=(0.420,0.897) aL=-0.0215 vL=0.0263 t0=[red=0.37 blue=0.63]
[u  565] env= 37027840 rsucc=0.952 n_rounds= 1699 ret=+9.844 len=868.9 ent(t0,t>=1)=(0.413,0.870) aL=-0.0245 vL=0.0222 t0=[red=0.37 blue=0.63]
[u  566] env= 37093376 rsucc=0.946 n_rounds= 1532 ret=+10.778 len=812.6 ent(t0,t>=1)=(0.414,0.874) aL=-0.0227 vL=0.0232 t0=[red=0.34 blue=0.66]
[u  567] env= 37158912 rsucc=0.936 n_rounds= 1526 ret=+10.499 len=838.7 ent(t0,t>=1)=(0.435,0.870) aL=-0.0235 vL=0.0231 t0=[red=0.37 blue=0.63]
[u  568] env= 37224448 rsucc=0.947 n_rounds= 1652 ret=+11.231 len=812.3 ent(t0,t>=1)=(0.433,0.830) aL=-0.0233 vL=0.0228 t0=[red=0.39 blue=0.61]
[u  569] env= 37289984 rsucc=0.949 n_rounds= 1612 ret=+11.269 len=810.9 ent(t0,t>=1)=(0.433,0.851) aL=-0.0226 vL=0.0238 t0=[red=0.39 blue=0.61]
[u  570] env= 37355520 rsucc=0.970 n_rounds= 1701 ret=+11.130 len=799.7 ent(t0,t>=1)=(0.454,0.840) aL=-0.0238 vL=0.0258 t0=[red=0.41 blue=0.59]
[u  571] env= 37421056 rsucc=0.940 n_rounds= 1662 ret=+11.566 len=779.4 ent(t0,t>=1)=(0.422,0.840) aL=-0.0227 vL=0.0274 t0=[red=0.37 blue=0.63]
[u  572] env= 37486592 rsucc=0.945 n_rounds= 1662 ret=+11.139 len=793.7 ent(t0,t>=1)=(0.431,0.843) aL=-0.0231 vL=0.0255 t0=[red=0.37 blue=0.63]
[u  573] env= 37552128 rsucc=0.967 n_rounds= 1710 ret=+11.185 len=797.2 ent(t0,t>=1)=(0.431,0.839) aL=-0.0239 vL=0.0230 t0=[red=0.37 blue=0.63]
[u  574] env= 37617664 rsucc=0.955 n_rounds= 1738 ret=+11.200 len=799.0 ent(t0,t>=1)=(0.421,0.833) aL=-0.0234 vL=0.0257 t0=[red=0.35 blue=0.65]
[u  575] env= 37683200 rsucc=0.967 n_rounds= 1750 ret=+11.788 len=765.8 ent(t0,t>=1)=(0.434,0.845) aL=-0.0244 vL=0.0248 t0=[red=0.39 blue=0.61]
[u  576] env= 37748736 rsucc=0.931 n_rounds= 1562 ret=+11.627 len=767.8 ent(t0,t>=1)=(0.420,0.861) aL=-0.0233 vL=0.0283 t0=[red=0.37 blue=0.63]
[u  577] env= 37814272 rsucc=0.957 n_rounds= 1712 ret=+11.453 len=770.7 ent(t0,t>=1)=(0.422,0.842) aL=-0.0216 vL=0.0241 t0=[red=0.37 blue=0.63]
[u  578] env= 37879808 rsucc=0.963 n_rounds= 1643 ret=+11.335 len=792.9 ent(t0,t>=1)=(0.431,0.842) aL=-0.0246 vL=0.0251 t0=[red=0.36 blue=0.64]
[u  579] env= 37945344 rsucc=0.975 n_rounds= 1706 ret=+11.334 len=791.1 ent(t0,t>=1)=(0.427,0.835) aL=-0.0246 vL=0.0240 t0=[red=0.36 blue=0.64]
[u  580] env= 38010880 rsucc=0.951 n_rounds= 1672 ret=+11.466 len=800.2 ent(t0,t>=1)=(0.419,0.840) aL=-0.0253 vL=0.0228 t0=[red=0.38 blue=0.62]
[u  581] env= 38076416 rsucc=0.940 n_rounds= 1612 ret=+11.663 len=760.7 ent(t0,t>=1)=(0.433,0.851) aL=-0.0238 vL=0.0235 t0=[red=0.36 blue=0.64]
[u  582] env= 38141952 rsucc=0.950 n_rounds= 1544 ret=+11.379 len=788.1 ent(t0,t>=1)=(0.422,0.848) aL=-0.0232 vL=0.0232 t0=[red=0.36 blue=0.64]
[u  583] env= 38207488 rsucc=0.944 n_rounds= 1675 ret=+11.412 len=804.2 ent(t0,t>=1)=(0.426,0.843) aL=-0.0229 vL=0.0250 t0=[red=0.38 blue=0.62]
[u  584] env= 38273024 rsucc=0.961 n_rounds= 1677 ret=+11.445 len=786.4 ent(t0,t>=1)=(0.432,0.837) aL=-0.0247 vL=0.0256 t0=[red=0.40 blue=0.60]
[u  585] env= 38338560 rsucc=0.942 n_rounds= 1598 ret=+10.762 len=818.9 ent(t0,t>=1)=(0.415,0.853) aL=-0.0241 vL=0.0261 t0=[red=0.37 blue=0.63]
[u  586] env= 38404096 rsucc=0.963 n_rounds= 1731 ret=+10.773 len=829.0 ent(t0,t>=1)=(0.433,0.847) aL=-0.0239 vL=0.0237 t0=[red=0.33 blue=0.67]
[u  587] env= 38469632 rsucc=0.961 n_rounds= 1633 ret=+11.358 len=786.6 ent(t0,t>=1)=(0.416,0.838) aL=-0.0237 vL=0.0262 t0=[red=0.37 blue=0.63]
[u  588] env= 38535168 rsucc=0.973 n_rounds= 1792 ret=+11.837 len=773.0 ent(t0,t>=1)=(0.456,0.814) aL=-0.0240 vL=0.0235 t0=[red=0.40 blue=0.60]
[u  589] env= 38600704 rsucc=0.951 n_rounds= 1651 ret=+11.970 len=762.1 ent(t0,t>=1)=(0.409,0.843) aL=-0.0222 vL=0.0256 t0=[red=0.35 blue=0.65]
[u  590] env= 38666240 rsucc=0.948 n_rounds= 1644 ret=+11.833 len=763.7 ent(t0,t>=1)=(0.411,0.827) aL=-0.0212 vL=0.0248 t0=[red=0.37 blue=0.63]
[u  591] env= 38731776 rsucc=0.950 n_rounds= 1625 ret=+11.031 len=790.9 ent(t0,t>=1)=(0.422,0.826) aL=-0.0234 vL=0.0249 t0=[red=0.36 blue=0.64]
[u  592] env= 38797312 rsucc=0.953 n_rounds= 1738 ret=+11.061 len=813.9 ent(t0,t>=1)=(0.411,0.826) aL=-0.0221 vL=0.0260 t0=[red=0.36 blue=0.64]
[u  593] env= 38862848 rsucc=0.952 n_rounds= 1741 ret=+11.996 len=748.7 ent(t0,t>=1)=(0.406,0.825) aL=-0.0235 vL=0.0281 t0=[red=0.37 blue=0.63]
[u  594] env= 38928384 rsucc=0.975 n_rounds= 1826 ret=+11.963 len=744.8 ent(t0,t>=1)=(0.392,0.794) aL=-0.0231 vL=0.0257 t0=[red=0.33 blue=0.67]
[u  595] env= 38993920 rsucc=0.977 n_rounds= 1716 ret=+11.831 len=767.3 ent(t0,t>=1)=(0.385,0.797) aL=-0.0240 vL=0.0241 t0=[red=0.29 blue=0.71]
[u  596] env= 39059456 rsucc=0.964 n_rounds= 1647 ret=+11.629 len=765.8 ent(t0,t>=1)=(0.412,0.824) aL=-0.0230 vL=0.0251 t0=[red=0.30 blue=0.70]
[u  597] env= 39124992 rsucc=0.921 n_rounds= 1474 ret=+11.615 len=776.4 ent(t0,t>=1)=(0.414,0.860) aL=-0.0235 vL=0.0218 t0=[red=0.37 blue=0.63]
[u  598] env= 39190528 rsucc=0.950 n_rounds= 1638 ret=+10.972 len=809.4 ent(t0,t>=1)=(0.404,0.827) aL=-0.0239 vL=0.0237 t0=[red=0.34 blue=0.66]
[u  599] env= 39256064 rsucc=0.946 n_rounds= 1633 ret=+11.081 len=815.0 ent(t0,t>=1)=(0.393,0.833) aL=-0.0222 vL=0.0256 t0=[red=0.38 blue=0.62]
[u  600] env= 39321600 rsucc=0.936 n_rounds= 1550 ret=+11.140 len=822.2 ent(t0,t>=1)=(0.391,0.842) aL=-0.0231 vL=0.0260 t0=[red=0.39 blue=0.61]
[u  601] env= 39387136 rsucc=0.930 n_rounds= 1643 ret=+11.517 len=768.9 ent(t0,t>=1)=(0.379,0.813) aL=-0.0221 vL=0.0259 t0=[red=0.32 blue=0.68]
[u  602] env= 39452672 rsucc=0.965 n_rounds= 1621 ret=+10.864 len=820.8 ent(t0,t>=1)=(0.394,0.814) aL=-0.0238 vL=0.0224 t0=[red=0.34 blue=0.66]
[u  603] env= 39518208 rsucc=0.941 n_rounds= 1597 ret=+9.980 len=868.7 ent(t0,t>=1)=(0.406,0.826) aL=-0.0223 vL=0.0236 t0=[red=0.36 blue=0.64]
[u  604] env= 39583744 rsucc=0.954 n_rounds= 1663 ret=+10.888 len=809.1 ent(t0,t>=1)=(0.404,0.830) aL=-0.0198 vL=0.0239 t0=[red=0.33 blue=0.67]
[u  605] env= 39649280 rsucc=0.960 n_rounds= 1636 ret=+11.487 len=795.9 ent(t0,t>=1)=(0.390,0.821) aL=-0.0225 vL=0.0243 t0=[red=0.36 blue=0.64]
[u  606] env= 39714816 rsucc=0.938 n_rounds= 1606 ret=+11.688 len=773.5 ent(t0,t>=1)=(0.420,0.825) aL=-0.0214 vL=0.0246 t0=[red=0.35 blue=0.65]
[u  607] env= 39780352 rsucc=0.936 n_rounds= 1637 ret=+10.982 len=806.0 ent(t0,t>=1)=(0.403,0.831) aL=-0.0202 vL=0.0284 t0=[red=0.36 blue=0.64]
[u  608] env= 39845888 rsucc=0.944 n_rounds= 1697 ret=+11.117 len=793.4 ent(t0,t>=1)=(0.413,0.826) aL=-0.0252 vL=0.0240 t0=[red=0.37 blue=0.63]
[u  609] env= 39911424 rsucc=0.969 n_rounds= 1701 ret=+11.140 len=790.3 ent(t0,t>=1)=(0.429,0.813) aL=-0.0233 vL=0.0234 t0=[red=0.39 blue=0.61]
[u  610] env= 39976960 rsucc=0.938 n_rounds= 1569 ret=+11.381 len=797.9 ent(t0,t>=1)=(0.426,0.829) aL=-0.0241 vL=0.0262 t0=[red=0.42 blue=0.58]
[u  611] env= 40042496 rsucc=0.960 n_rounds= 1686 ret=+11.384 len=773.2 ent(t0,t>=1)=(0.419,0.809) aL=-0.0241 vL=0.0234 t0=[red=0.37 blue=0.63]
[u  612] env= 40108032 rsucc=0.957 n_rounds= 1722 ret=+11.224 len=805.7 ent(t0,t>=1)=(0.404,0.808) aL=-0.0235 vL=0.0225 t0=[red=0.37 blue=0.63]
[u  613] env= 40173568 rsucc=0.943 n_rounds= 1585 ret=+11.351 len=786.6 ent(t0,t>=1)=(0.392,0.819) aL=-0.0212 vL=0.0242 t0=[red=0.36 blue=0.64]
[u  614] env= 40239104 rsucc=0.957 n_rounds= 1656 ret=+11.207 len=808.4 ent(t0,t>=1)=(0.388,0.814) aL=-0.0233 vL=0.0240 t0=[red=0.35 blue=0.65]
[u  615] env= 40304640 rsucc=0.969 n_rounds= 1710 ret=+11.896 len=757.9 ent(t0,t>=1)=(0.406,0.804) aL=-0.0233 vL=0.0221 t0=[red=0.37 blue=0.63]
[u  616] env= 40370176 rsucc=0.969 n_rounds= 1680 ret=+11.205 len=796.2 ent(t0,t>=1)=(0.386,0.806) aL=-0.0234 vL=0.0232 t0=[red=0.30 blue=0.70]
[u  617] env= 40435712 rsucc=0.965 n_rounds= 1701 ret=+11.737 len=776.6 ent(t0,t>=1)=(0.394,0.809) aL=-0.0227 vL=0.0237 t0=[red=0.32 blue=0.68]
[u  618] env= 40501248 rsucc=0.976 n_rounds= 1653 ret=+12.197 len=748.5 ent(t0,t>=1)=(0.403,0.805) aL=-0.0229 vL=0.0229 t0=[red=0.31 blue=0.69]
[u  619] env= 40566784 rsucc=0.971 n_rounds= 1736 ret=+11.863 len=769.1 ent(t0,t>=1)=(0.403,0.803) aL=-0.0233 vL=0.0226 t0=[red=0.35 blue=0.65]
[u  620] env= 40632320 rsucc=0.966 n_rounds= 1676 ret=+11.657 len=788.5 ent(t0,t>=1)=(0.390,0.826) aL=-0.0200 vL=0.0236 t0=[red=0.34 blue=0.66]
[u  621] env= 40697856 rsucc=0.942 n_rounds= 1640 ret=+11.237 len=820.0 ent(t0,t>=1)=(0.402,0.822) aL=-0.0211 vL=0.0247 t0=[red=0.34 blue=0.66]
[u  622] env= 40763392 rsucc=0.968 n_rounds= 1719 ret=+12.181 len=741.3 ent(t0,t>=1)=(0.404,0.803) aL=-0.0242 vL=0.0237 t0=[red=0.39 blue=0.61]
[u  623] env= 40828928 rsucc=0.949 n_rounds= 1625 ret=+11.644 len=776.1 ent(t0,t>=1)=(0.363,0.818) aL=-0.0212 vL=0.0274 t0=[red=0.31 blue=0.69]
[u  624] env= 40894464 rsucc=0.943 n_rounds= 1589 ret=+11.108 len=815.8 ent(t0,t>=1)=(0.380,0.818) aL=-0.0229 vL=0.0263 t0=[red=0.27 blue=0.73]
[u  625] env= 40960000 rsucc=0.943 n_rounds= 1706 ret=+11.373 len=765.1 ent(t0,t>=1)=(0.399,0.801) aL=-0.0234 vL=0.0291 t0=[red=0.29 blue=0.71]
[u  626] env= 41025536 rsucc=0.966 n_rounds= 1720 ret=+10.892 len=803.0 ent(t0,t>=1)=(0.398,0.797) aL=-0.0224 vL=0.0271 t0=[red=0.36 blue=0.64]
[u  627] env= 41091072 rsucc=0.969 n_rounds= 1696 ret=+11.540 len=791.3 ent(t0,t>=1)=(0.413,0.797) aL=-0.0231 vL=0.0248 t0=[red=0.33 blue=0.67]
[u  628] env= 41156608 rsucc=0.964 n_rounds= 1717 ret=+12.436 len=729.8 ent(t0,t>=1)=(0.398,0.780) aL=-0.0224 vL=0.0251 t0=[red=0.34 blue=0.66]
[u  629] env= 41222144 rsucc=0.977 n_rounds= 1667 ret=+12.043 len=754.2 ent(t0,t>=1)=(0.411,0.786) aL=-0.0217 vL=0.0234 t0=[red=0.36 blue=0.64]
[u  630] env= 41287680 rsucc=0.973 n_rounds= 1703 ret=+11.688 len=794.1 ent(t0,t>=1)=(0.387,0.789) aL=-0.0228 vL=0.0229 t0=[red=0.33 blue=0.67]
[u  631] env= 41353216 rsucc=0.964 n_rounds= 1679 ret=+11.827 len=781.6 ent(t0,t>=1)=(0.414,0.795) aL=-0.0226 vL=0.0240 t0=[red=0.36 blue=0.64]
[u  632] env= 41418752 rsucc=0.972 n_rounds= 1729 ret=+12.249 len=746.5 ent(t0,t>=1)=(0.380,0.769) aL=-0.0225 vL=0.0263 t0=[red=0.32 blue=0.68]
[u  633] env= 41484288 rsucc=0.946 n_rounds= 1608 ret=+11.412 len=808.8 ent(t0,t>=1)=(0.390,0.788) aL=-0.0229 vL=0.0265 t0=[red=0.33 blue=0.67]
[u  634] env= 41549824 rsucc=0.946 n_rounds= 1678 ret=+11.387 len=784.8 ent(t0,t>=1)=(0.386,0.800) aL=-0.0225 vL=0.0247 t0=[red=0.34 blue=0.66]
[u  635] env= 41615360 rsucc=0.964 n_rounds= 1703 ret=+11.377 len=779.1 ent(t0,t>=1)=(0.376,0.791) aL=-0.0182 vL=0.0228 t0=[red=0.33 blue=0.67]
[u  636] env= 41680896 rsucc=0.947 n_rounds= 1651 ret=+11.680 len=774.8 ent(t0,t>=1)=(0.364,0.808) aL=-0.0220 vL=0.0255 t0=[red=0.35 blue=0.65]
[u  637] env= 41746432 rsucc=0.945 n_rounds= 1651 ret=+11.270 len=782.2 ent(t0,t>=1)=(0.383,0.802) aL=-0.0219 vL=0.0246 t0=[red=0.34 blue=0.66]
[u  638] env= 41811968 rsucc=0.941 n_rounds= 1560 ret=+10.996 len=820.6 ent(t0,t>=1)=(0.369,0.791) aL=-0.0196 vL=0.0244 t0=[red=0.31 blue=0.69]
[u  639] env= 41877504 rsucc=0.957 n_rounds= 1730 ret=+10.979 len=801.4 ent(t0,t>=1)=(0.350,0.782) aL=-0.0213 vL=0.0269 t0=[red=0.28 blue=0.72]
[u  640] env= 41943040 rsucc=0.961 n_rounds= 1705 ret=+11.101 len=797.3 ent(t0,t>=1)=(0.367,0.786) aL=-0.0204 vL=0.0256 t0=[red=0.30 blue=0.70]
[u  641] env= 42008576 rsucc=0.957 n_rounds= 1656 ret=+11.793 len=786.4 ent(t0,t>=1)=(0.384,0.781) aL=-0.0206 vL=0.0224 t0=[red=0.33 blue=0.67]
[u  642] env= 42074112 rsucc=0.960 n_rounds= 1655 ret=+11.813 len=754.5 ent(t0,t>=1)=(0.356,0.788) aL=-0.0217 vL=0.0260 t0=[red=0.31 blue=0.69]
[u  643] env= 42139648 rsucc=0.947 n_rounds= 1631 ret=+11.046 len=798.6 ent(t0,t>=1)=(0.366,0.776) aL=-0.0212 vL=0.0255 t0=[red=0.31 blue=0.69]
[u  644] env= 42205184 rsucc=0.960 n_rounds= 1678 ret=+11.605 len=782.0 ent(t0,t>=1)=(0.374,0.774) aL=-0.0208 vL=0.0234 t0=[red=0.32 blue=0.68]
[u  645] env= 42270720 rsucc=0.964 n_rounds= 1732 ret=+11.682 len=774.7 ent(t0,t>=1)=(0.371,0.768) aL=-0.0229 vL=0.0241 t0=[red=0.33 blue=0.67]
[u  646] env= 42336256 rsucc=0.969 n_rounds= 1704 ret=+11.048 len=810.9 ent(t0,t>=1)=(0.353,0.776) aL=-0.0215 vL=0.0238 t0=[red=0.30 blue=0.70]
[u  647] env= 42401792 rsucc=0.945 n_rounds= 1647 ret=+11.392 len=787.4 ent(t0,t>=1)=(0.376,0.789) aL=-0.0214 vL=0.0279 t0=[red=0.32 blue=0.68]
[u  648] env= 42467328 rsucc=0.954 n_rounds= 1626 ret=+11.842 len=764.1 ent(t0,t>=1)=(0.384,0.773) aL=-0.0225 vL=0.0243 t0=[red=0.34 blue=0.66]
[u  649] env= 42532864 rsucc=0.956 n_rounds= 1577 ret=+11.819 len=754.9 ent(t0,t>=1)=(0.391,0.782) aL=-0.0217 vL=0.0219 t0=[red=0.34 blue=0.66]
[u  650] env= 42598400 rsucc=0.949 n_rounds= 1625 ret=+11.059 len=811.8 ent(t0,t>=1)=(0.378,0.778) aL=-0.0205 vL=0.0247 t0=[red=0.30 blue=0.70]
[u  651] env= 42663936 rsucc=0.951 n_rounds= 1668 ret=+10.547 len=854.3 ent(t0,t>=1)=(0.373,0.750) aL=-0.0214 vL=0.0295 t0=[red=0.33 blue=0.67]
[u  652] env= 42729472 rsucc=0.946 n_rounds= 1623 ret=+11.665 len=771.1 ent(t0,t>=1)=(0.401,0.769) aL=-0.0154 vL=0.0249 t0=[red=0.34 blue=0.66]
[u  653] env= 42795008 rsucc=0.955 n_rounds= 1683 ret=+11.127 len=808.6 ent(t0,t>=1)=(0.399,0.773) aL=-0.0203 vL=0.0262 t0=[red=0.34 blue=0.66]
[u  654] env= 42860544 rsucc=0.929 n_rounds= 1666 ret=+11.153 len=799.5 ent(t0,t>=1)=(0.387,0.781) aL=-0.0193 vL=0.0272 t0=[red=0.34 blue=0.66]
[u  655] env= 42926080 rsucc=0.947 n_rounds= 1635 ret=+10.966 len=802.4 ent(t0,t>=1)=(0.386,0.773) aL=-0.0210 vL=0.0277 t0=[red=0.29 blue=0.71]
[u  656] env= 42991616 rsucc=0.953 n_rounds= 1652 ret=+11.456 len=775.9 ent(t0,t>=1)=(0.408,0.761) aL=-0.0207 vL=0.0288 t0=[red=0.39 blue=0.61]
[u  657] env= 43057152 rsucc=0.920 n_rounds= 1603 ret=+11.671 len=764.1 ent(t0,t>=1)=(0.371,0.774) aL=-0.0206 vL=0.0274 t0=[red=0.32 blue=0.68]
[u  658] env= 43122688 rsucc=0.963 n_rounds= 1693 ret=+11.364 len=780.1 ent(t0,t>=1)=(0.382,0.768) aL=-0.0215 vL=0.0259 t0=[red=0.32 blue=0.68]
[u  659] env= 43188224 rsucc=0.953 n_rounds= 1676 ret=+10.829 len=825.3 ent(t0,t>=1)=(0.384,0.770) aL=-0.0218 vL=0.0242 t0=[red=0.32 blue=0.68]
[u  660] env= 43253760 rsucc=0.958 n_rounds= 1797 ret=+10.819 len=798.4 ent(t0,t>=1)=(0.386,0.760) aL=-0.0214 vL=0.0237 t0=[red=0.33 blue=0.67]
[u  661] env= 43319296 rsucc=0.975 n_rounds= 1744 ret=+12.244 len=745.0 ent(t0,t>=1)=(0.377,0.756) aL=-0.0211 vL=0.0236 t0=[red=0.32 blue=0.68]
[u  662] env= 43384832 rsucc=0.958 n_rounds= 1716 ret=+12.095 len=738.3 ent(t0,t>=1)=(0.414,0.754) aL=-0.0218 vL=0.0233 t0=[red=0.41 blue=0.59]
[u  663] env= 43450368 rsucc=0.959 n_rounds= 1679 ret=+12.319 len=733.6 ent(t0,t>=1)=(0.372,0.763) aL=-0.0217 vL=0.0254 t0=[red=0.33 blue=0.67]
[u  664] env= 43515904 rsucc=0.968 n_rounds= 1663 ret=+11.873 len=758.7 ent(t0,t>=1)=(0.389,0.761) aL=-0.0212 vL=0.0235 t0=[red=0.32 blue=0.68]
[u  665] env= 43581440 rsucc=0.955 n_rounds= 1671 ret=+11.447 len=794.7 ent(t0,t>=1)=(0.399,0.761) aL=-0.0215 vL=0.0239 t0=[red=0.36 blue=0.64]
[u  666] env= 43646976 rsucc=0.951 n_rounds= 1638 ret=+11.552 len=772.3 ent(t0,t>=1)=(0.381,0.758) aL=-0.0205 vL=0.0278 t0=[red=0.33 blue=0.67]
[u  667] env= 43712512 rsucc=0.957 n_rounds= 1666 ret=+11.424 len=801.9 ent(t0,t>=1)=(0.378,0.747) aL=-0.0208 vL=0.0256 t0=[red=0.30 blue=0.70]
[u  668] env= 43778048 rsucc=0.962 n_rounds= 1646 ret=+11.388 len=788.5 ent(t0,t>=1)=(0.401,0.762) aL=-0.0206 vL=0.0235 t0=[red=0.32 blue=0.68]
[u  669] env= 43843584 rsucc=0.952 n_rounds= 1675 ret=+11.294 len=786.9 ent(t0,t>=1)=(0.393,0.759) aL=-0.0211 vL=0.0234 t0=[red=0.35 blue=0.65]
[u  670] env= 43909120 rsucc=0.980 n_rounds= 1785 ret=+10.895 len=820.7 ent(t0,t>=1)=(0.403,0.738) aL=-0.0219 vL=0.0233 t0=[red=0.33 blue=0.67]
[u  671] env= 43974656 rsucc=0.974 n_rounds= 1761 ret=+12.059 len=750.8 ent(t0,t>=1)=(0.410,0.746) aL=-0.0206 vL=0.0238 t0=[red=0.34 blue=0.66]
[u  672] env= 44040192 rsucc=0.973 n_rounds= 1606 ret=+12.125 len=762.2 ent(t0,t>=1)=(0.389,0.751) aL=-0.0214 vL=0.0235 t0=[red=0.39 blue=0.61]
[u  673] env= 44105728 rsucc=0.951 n_rounds= 1723 ret=+11.946 len=764.8 ent(t0,t>=1)=(0.385,0.750) aL=-0.0202 vL=0.0258 t0=[red=0.34 blue=0.66]
[u  674] env= 44171264 rsucc=0.973 n_rounds= 1682 ret=+11.851 len=778.1 ent(t0,t>=1)=(0.388,0.750) aL=-0.0206 vL=0.0231 t0=[red=0.37 blue=0.63]
[u  675] env= 44236800 rsucc=0.969 n_rounds= 1664 ret=+11.320 len=800.4 ent(t0,t>=1)=(0.392,0.763) aL=-0.0203 vL=0.0219 t0=[red=0.33 blue=0.67]
[u  676] env= 44302336 rsucc=0.966 n_rounds= 1813 ret=+11.247 len=802.5 ent(t0,t>=1)=(0.360,0.736) aL=-0.0215 vL=0.0246 t0=[red=0.29 blue=0.71]
[u  677] env= 44367872 rsucc=0.947 n_rounds= 1690 ret=+12.657 len=714.6 ent(t0,t>=1)=(0.358,0.746) aL=-0.0198 vL=0.0302 t0=[red=0.30 blue=0.70]
[u  678] env= 44433408 rsucc=0.947 n_rounds= 1668 ret=+11.953 len=744.2 ent(t0,t>=1)=(0.402,0.746) aL=-0.0204 vL=0.0253 t0=[red=0.32 blue=0.68]
[u  679] env= 44498944 rsucc=0.967 n_rounds= 1714 ret=+11.852 len=749.7 ent(t0,t>=1)=(0.394,0.728) aL=-0.0213 vL=0.0235 t0=[red=0.34 blue=0.66]
[u  680] env= 44564480 rsucc=0.953 n_rounds= 1673 ret=+11.164 len=801.5 ent(t0,t>=1)=(0.391,0.741) aL=-0.0208 vL=0.0252 t0=[red=0.34 blue=0.66]
[u  681] env= 44630016 rsucc=0.934 n_rounds= 1601 ret=+11.407 len=781.0 ent(t0,t>=1)=(0.395,0.776) aL=-0.0190 vL=0.0290 t0=[red=0.33 blue=0.67]
[u  682] env= 44695552 rsucc=0.966 n_rounds= 1734 ret=+12.045 len=758.6 ent(t0,t>=1)=(0.391,0.746) aL=-0.0100 vL=0.0226 t0=[red=0.30 blue=0.70]
[u  683] env= 44761088 rsucc=0.968 n_rounds= 1718 ret=+11.327 len=790.6 ent(t0,t>=1)=(0.399,0.764) aL=-0.0191 vL=0.0253 t0=[red=0.37 blue=0.63]
[u  684] env= 44826624 rsucc=0.952 n_rounds= 1613 ret=+11.303 len=789.9 ent(t0,t>=1)=(0.398,0.754) aL=-0.0202 vL=0.0256 t0=[red=0.35 blue=0.65]
[u  685] env= 44892160 rsucc=0.968 n_rounds= 1686 ret=+11.702 len=783.8 ent(t0,t>=1)=(0.381,0.726) aL=-0.0212 vL=0.0236 t0=[red=0.30 blue=0.70]
[u  686] env= 44957696 rsucc=0.960 n_rounds= 1667 ret=+11.663 len=766.1 ent(t0,t>=1)=(0.378,0.745) aL=-0.0205 vL=0.0241 t0=[red=0.33 blue=0.67]
[u  687] env= 45023232 rsucc=0.947 n_rounds= 1700 ret=+11.182 len=803.8 ent(t0,t>=1)=(0.371,0.750) aL=-0.0206 vL=0.0241 t0=[red=0.29 blue=0.71]
[u  688] env= 45088768 rsucc=0.966 n_rounds= 1688 ret=+11.217 len=811.1 ent(t0,t>=1)=(0.378,0.748) aL=-0.0197 vL=0.0225 t0=[red=0.33 blue=0.67]
[u  689] env= 45154304 rsucc=0.974 n_rounds= 1811 ret=+11.626 len=740.5 ent(t0,t>=1)=(0.394,0.729) aL=-0.0206 vL=0.0251 t0=[red=0.32 blue=0.68]
[u  690] env= 45219840 rsucc=0.960 n_rounds= 1664 ret=+12.189 len=739.6 ent(t0,t>=1)=(0.383,0.731) aL=-0.0199 vL=0.0265 t0=[red=0.33 blue=0.67]
[u  691] env= 45285376 rsucc=0.964 n_rounds= 1589 ret=+11.874 len=775.6 ent(t0,t>=1)=(0.395,0.739) aL=-0.0198 vL=0.0251 t0=[red=0.32 blue=0.68]
[u  692] env= 45350912 rsucc=0.957 n_rounds= 1711 ret=+11.807 len=771.1 ent(t0,t>=1)=(0.377,0.739) aL=-0.0212 vL=0.0239 t0=[red=0.34 blue=0.66]
[u  693] env= 45416448 rsucc=0.978 n_rounds= 1706 ret=+11.997 len=754.9 ent(t0,t>=1)=(0.386,0.726) aL=-0.0204 vL=0.0232 t0=[red=0.37 blue=0.63]
[u  694] env= 45481984 rsucc=0.985 n_rounds= 1712 ret=+11.708 len=788.2 ent(t0,t>=1)=(0.390,0.718) aL=-0.0200 vL=0.0238 t0=[red=0.35 blue=0.65]
[u  695] env= 45547520 rsucc=0.960 n_rounds= 1740 ret=+12.146 len=767.1 ent(t0,t>=1)=(0.394,0.715) aL=-0.0199 vL=0.0246 t0=[red=0.33 blue=0.67]
[u  696] env= 45613056 rsucc=0.963 n_rounds= 1691 ret=+11.990 len=764.5 ent(t0,t>=1)=(0.371,0.724) aL=-0.0201 vL=0.0253 t0=[red=0.31 blue=0.69]
[u  697] env= 45678592 rsucc=0.968 n_rounds= 1771 ret=+11.626 len=777.7 ent(t0,t>=1)=(0.342,0.713) aL=-0.0206 vL=0.0278 t0=[red=0.25 blue=0.75]
[u  698] env= 45744128 rsucc=0.971 n_rounds= 1821 ret=+12.068 len=744.4 ent(t0,t>=1)=(0.355,0.712) aL=-0.0198 vL=0.0288 t0=[red=0.28 blue=0.72]
[u  699] env= 45809664 rsucc=0.971 n_rounds= 1772 ret=+12.422 len=722.3 ent(t0,t>=1)=(0.360,0.721) aL=-0.0201 vL=0.0248 t0=[red=0.32 blue=0.68]
[u  700] env= 45875200 rsucc=0.962 n_rounds= 1603 ret=+12.271 len=735.4 ent(t0,t>=1)=(0.370,0.741) aL=-0.0190 vL=0.0236 t0=[red=0.31 blue=0.69]
[u  701] env= 45940736 rsucc=0.976 n_rounds= 1705 ret=+11.623 len=790.3 ent(t0,t>=1)=(0.353,0.717) aL=-0.0195 vL=0.0230 t0=[red=0.30 blue=0.70]
[u  702] env= 46006272 rsucc=0.954 n_rounds= 1651 ret=+11.454 len=803.9 ent(t0,t>=1)=(0.363,0.735) aL=-0.0195 vL=0.0253 t0=[red=0.29 blue=0.71]
[u  703] env= 46071808 rsucc=0.947 n_rounds= 1667 ret=+11.548 len=770.9 ent(t0,t>=1)=(0.378,0.722) aL=-0.0182 vL=0.0277 t0=[red=0.32 blue=0.68]
[u  704] env= 46137344 rsucc=0.939 n_rounds= 1641 ret=+11.060 len=794.3 ent(t0,t>=1)=(0.380,0.734) aL=-0.0162 vL=0.0272 t0=[red=0.31 blue=0.69]
[u  705] env= 46202880 rsucc=0.956 n_rounds= 1680 ret=+11.175 len=806.1 ent(t0,t>=1)=(0.376,0.733) aL=-0.0201 vL=0.0229 t0=[red=0.35 blue=0.65]
[u  706] env= 46268416 rsucc=0.962 n_rounds= 1678 ret=+11.685 len=767.1 ent(t0,t>=1)=(0.377,0.725) aL=-0.0178 vL=0.0265 t0=[red=0.30 blue=0.70]
[u  707] env= 46333952 rsucc=0.951 n_rounds= 1648 ret=+11.677 len=768.6 ent(t0,t>=1)=(0.371,0.724) aL=-0.0188 vL=0.0241 t0=[red=0.29 blue=0.71]
[u  708] env= 46399488 rsucc=0.963 n_rounds= 1742 ret=+11.620 len=770.3 ent(t0,t>=1)=(0.324,0.713) aL=-0.0195 vL=0.0245 t0=[red=0.24 blue=0.76]
[u  709] env= 46465024 rsucc=0.981 n_rounds= 1684 ret=+11.495 len=797.3 ent(t0,t>=1)=(0.374,0.713) aL=-0.0202 vL=0.0238 t0=[red=0.31 blue=0.69]
[u  710] env= 46530560 rsucc=0.937 n_rounds= 1629 ret=+11.766 len=773.3 ent(t0,t>=1)=(0.359,0.736) aL=-0.0173 vL=0.0258 t0=[red=0.27 blue=0.73]
[u  711] env= 46596096 rsucc=0.970 n_rounds= 1688 ret=+11.960 len=760.7 ent(t0,t>=1)=(0.351,0.720) aL=-0.0183 vL=0.0225 t0=[red=0.27 blue=0.73]
[u  712] env= 46661632 rsucc=0.968 n_rounds= 1677 ret=+11.775 len=767.8 ent(t0,t>=1)=(0.340,0.710) aL=-0.0199 vL=0.0231 t0=[red=0.27 blue=0.73]
[u  713] env= 46727168 rsucc=0.949 n_rounds= 1609 ret=+11.231 len=803.7 ent(t0,t>=1)=(0.347,0.726) aL=-0.0200 vL=0.0244 t0=[red=0.28 blue=0.72]
[u  714] env= 46792704 rsucc=0.971 n_rounds= 1787 ret=+11.233 len=807.0 ent(t0,t>=1)=(0.332,0.712) aL=-0.0187 vL=0.0274 t0=[red=0.30 blue=0.70]
[u  715] env= 46858240 rsucc=0.960 n_rounds= 1795 ret=+12.096 len=746.8 ent(t0,t>=1)=(0.328,0.725) aL=-0.0192 vL=0.0287 t0=[red=0.26 blue=0.74]
[u  716] env= 46923776 rsucc=0.967 n_rounds= 1704 ret=+11.794 len=765.7 ent(t0,t>=1)=(0.353,0.716) aL=-0.0182 vL=0.0283 t0=[red=0.27 blue=0.73]
[u  717] env= 46989312 rsucc=0.974 n_rounds= 1781 ret=+12.131 len=744.9 ent(t0,t>=1)=(0.345,0.713) aL=-0.0185 vL=0.0252 t0=[red=0.26 blue=0.74]
[u  718] env= 47054848 rsucc=0.966 n_rounds= 1687 ret=+12.049 len=752.3 ent(t0,t>=1)=(0.326,0.727) aL=-0.0175 vL=0.0271 t0=[red=0.25 blue=0.75]
[u  719] env= 47120384 rsucc=0.954 n_rounds= 1748 ret=+11.739 len=759.8 ent(t0,t>=1)=(0.354,0.713) aL=-0.0192 vL=0.0274 t0=[red=0.28 blue=0.72]
[u  720] env= 47185920 rsucc=0.934 n_rounds= 1579 ret=+11.798 len=768.2 ent(t0,t>=1)=(0.340,0.719) aL=-0.0182 vL=0.0279 t0=[red=0.26 blue=0.74]
[u  721] env= 47251456 rsucc=0.955 n_rounds= 1641 ret=+11.624 len=771.5 ent(t0,t>=1)=(0.345,0.710) aL=-0.0192 vL=0.0230 t0=[red=0.24 blue=0.76]
[u  722] env= 47316992 rsucc=0.984 n_rounds= 1704 ret=+11.228 len=790.6 ent(t0,t>=1)=(0.338,0.707) aL=-0.0184 vL=0.0205 t0=[red=0.26 blue=0.74]
[u  723] env= 47382528 rsucc=0.960 n_rounds= 1631 ret=+11.261 len=808.8 ent(t0,t>=1)=(0.331,0.728) aL=-0.0180 vL=0.0229 t0=[red=0.26 blue=0.74]
[u  724] env= 47448064 rsucc=0.957 n_rounds= 1715 ret=+11.883 len=774.9 ent(t0,t>=1)=(0.316,0.706) aL=-0.0181 vL=0.0260 t0=[red=0.23 blue=0.77]
[u  725] env= 47513600 rsucc=0.953 n_rounds= 1678 ret=+11.653 len=783.1 ent(t0,t>=1)=(0.318,0.711) aL=-0.0175 vL=0.0286 t0=[red=0.22 blue=0.78]
[u  726] env= 47579136 rsucc=0.943 n_rounds= 1622 ret=+11.571 len=780.0 ent(t0,t>=1)=(0.301,0.715) aL=-0.0174 vL=0.0245 t0=[red=0.19 blue=0.81]
[u  727] env= 47644672 rsucc=0.955 n_rounds= 1672 ret=+10.868 len=814.2 ent(t0,t>=1)=(0.324,0.723) aL=-0.0173 vL=0.0278 t0=[red=0.21 blue=0.79]
[u  728] env= 47710208 rsucc=0.961 n_rounds= 1704 ret=+11.513 len=773.9 ent(t0,t>=1)=(0.342,0.715) aL=-0.0182 vL=0.0252 t0=[red=0.23 blue=0.77]
[u  729] env= 47775744 rsucc=0.958 n_rounds= 1792 ret=+11.643 len=772.8 ent(t0,t>=1)=(0.325,0.697) aL=-0.0142 vL=0.0283 t0=[red=0.23 blue=0.77]
[u  730] env= 47841280 rsucc=0.983 n_rounds= 1783 ret=+11.401 len=781.4 ent(t0,t>=1)=(0.319,0.698) aL=-0.0181 vL=0.0249 t0=[red=0.22 blue=0.78]
[u  731] env= 47906816 rsucc=0.954 n_rounds= 1679 ret=+11.928 len=750.1 ent(t0,t>=1)=(0.304,0.699) aL=-0.0155 vL=0.0280 t0=[red=0.23 blue=0.77]
[u  732] env= 47972352 rsucc=0.942 n_rounds= 1669 ret=+12.318 len=740.0 ent(t0,t>=1)=(0.319,0.706) aL=-0.0169 vL=0.0269 t0=[red=0.22 blue=0.78]
[u  733] env= 48037888 rsucc=0.981 n_rounds= 1773 ret=+11.853 len=747.1 ent(t0,t>=1)=(0.303,0.691) aL=-0.0164 vL=0.0244 t0=[red=0.21 blue=0.79]
[u  734] env= 48103424 rsucc=0.966 n_rounds= 1670 ret=+11.924 len=754.5 ent(t0,t>=1)=(0.307,0.701) aL=-0.0173 vL=0.0266 t0=[red=0.21 blue=0.79]
[u  735] env= 48168960 rsucc=0.932 n_rounds= 1617 ret=+11.675 len=788.0 ent(t0,t>=1)=(0.305,0.723) aL=-0.0171 vL=0.0308 t0=[red=0.21 blue=0.79]
[u  736] env= 48234496 rsucc=0.964 n_rounds= 1621 ret=+11.426 len=781.3 ent(t0,t>=1)=(0.302,0.707) aL=-0.0172 vL=0.0229 t0=[red=0.21 blue=0.79]
[u  737] env= 48300032 rsucc=0.959 n_rounds= 1615 ret=+10.974 len=803.4 ent(t0,t>=1)=(0.313,0.716) aL=-0.0184 vL=0.0244 t0=[red=0.24 blue=0.76]
[u  738] env= 48365568 rsucc=0.948 n_rounds= 1726 ret=+10.942 len=820.9 ent(t0,t>=1)=(0.314,0.707) aL=-0.0167 vL=0.0270 t0=[red=0.24 blue=0.76]
[u  739] env= 48431104 rsucc=0.962 n_rounds= 1727 ret=+11.593 len=781.6 ent(t0,t>=1)=(0.350,0.701) aL=-0.0173 vL=0.0256 t0=[red=0.24 blue=0.76]
[u  740] env= 48496640 rsucc=0.961 n_rounds= 1661 ret=+12.147 len=737.6 ent(t0,t>=1)=(0.311,0.694) aL=-0.0174 vL=0.0256 t0=[red=0.20 blue=0.80]
[u  741] env= 48562176 rsucc=0.938 n_rounds= 1635 ret=+11.877 len=770.3 ent(t0,t>=1)=(0.314,0.701) aL=-0.0168 vL=0.0255 t0=[red=0.19 blue=0.81]
[u  742] env= 48627712 rsucc=0.967 n_rounds= 1751 ret=+11.161 len=791.4 ent(t0,t>=1)=(0.337,0.708) aL=-0.0166 vL=0.0267 t0=[red=0.24 blue=0.76]
[u  743] env= 48693248 rsucc=0.970 n_rounds= 1724 ret=+11.818 len=745.7 ent(t0,t>=1)=(0.290,0.693) aL=-0.0171 vL=0.0265 t0=[red=0.20 blue=0.80]
[u  744] env= 48758784 rsucc=0.970 n_rounds= 1756 ret=+11.595 len=784.2 ent(t0,t>=1)=(0.292,0.703) aL=-0.0157 vL=0.0266 t0=[red=0.20 blue=0.80]
[u  745] env= 48824320 rsucc=0.990 n_rounds= 1832 ret=+12.195 len=736.9 ent(t0,t>=1)=(0.320,0.692) aL=-0.0163 vL=0.0236 t0=[red=0.22 blue=0.78]
[u  746] env= 48889856 rsucc=0.970 n_rounds= 1681 ret=+11.915 len=770.2 ent(t0,t>=1)=(0.308,0.703) aL=-0.0166 vL=0.0248 t0=[red=0.21 blue=0.79]
[u  747] env= 48955392 rsucc=0.966 n_rounds= 1825 ret=+12.330 len=744.7 ent(t0,t>=1)=(0.319,0.700) aL=-0.0169 vL=0.0272 t0=[red=0.19 blue=0.81]
[u  748] env= 49020928 rsucc=0.955 n_rounds= 1681 ret=+12.212 len=741.3 ent(t0,t>=1)=(0.326,0.696) aL=-0.0159 vL=0.0288 t0=[red=0.21 blue=0.79]
[u  749] env= 49086464 rsucc=0.948 n_rounds= 1683 ret=+12.197 len=740.0 ent(t0,t>=1)=(0.334,0.713) aL=-0.0162 vL=0.0264 t0=[red=0.23 blue=0.77]
[u  750] env= 49152000 rsucc=0.964 n_rounds= 1786 ret=+11.453 len=780.5 ent(t0,t>=1)=(0.320,0.705) aL=-0.0168 vL=0.0235 t0=[red=0.23 blue=0.77]
[u  751] env= 49217536 rsucc=0.973 n_rounds= 1774 ret=+11.794 len=742.5 ent(t0,t>=1)=(0.349,0.701) aL=-0.0171 vL=0.0256 t0=[red=0.24 blue=0.76]
[u  752] env= 49283072 rsucc=0.950 n_rounds= 1648 ret=+11.858 len=761.7 ent(t0,t>=1)=(0.322,0.719) aL=-0.0151 vL=0.0285 t0=[red=0.23 blue=0.77]
[u  753] env= 49348608 rsucc=0.961 n_rounds= 1662 ret=+12.210 len=737.1 ent(t0,t>=1)=(0.306,0.711) aL=-0.0161 vL=0.0250 t0=[red=0.22 blue=0.78]
[u  754] env= 49414144 rsucc=0.962 n_rounds= 1650 ret=+11.316 len=798.0 ent(t0,t>=1)=(0.349,0.704) aL=-0.0162 vL=0.0254 t0=[red=0.26 blue=0.74]
[u  755] env= 49479680 rsucc=0.950 n_rounds= 1703 ret=+11.536 len=796.0 ent(t0,t>=1)=(0.328,0.717) aL=-0.0164 vL=0.0260 t0=[red=0.23 blue=0.77]
[u  756] env= 49545216 rsucc=0.959 n_rounds= 1638 ret=+11.491 len=768.6 ent(t0,t>=1)=(0.331,0.713) aL=-0.0154 vL=0.0240 t0=[red=0.23 blue=0.77]
[u  757] env= 49610752 rsucc=0.949 n_rounds= 1696 ret=+11.300 len=796.1 ent(t0,t>=1)=(0.338,0.707) aL=-0.0150 vL=0.0271 t0=[red=0.24 blue=0.76]
[u  758] env= 49676288 rsucc=0.957 n_rounds= 1752 ret=+10.967 len=792.1 ent(t0,t>=1)=(0.374,0.699) aL=-0.0150 vL=0.0271 t0=[red=0.26 blue=0.74]
[u  759] env= 49741824 rsucc=0.959 n_rounds= 1670 ret=+11.530 len=771.7 ent(t0,t>=1)=(0.342,0.700) aL=-0.0151 vL=0.0231 t0=[red=0.28 blue=0.72]
[u  760] env= 49807360 rsucc=0.956 n_rounds= 1665 ret=+12.159 len=735.9 ent(t0,t>=1)=(0.350,0.705) aL=-0.0155 vL=0.0262 t0=[red=0.26 blue=0.74]
[u  761] env= 49872896 rsucc=0.977 n_rounds= 1757 ret=+11.982 len=766.6 ent(t0,t>=1)=(0.320,0.703) aL=-0.0154 vL=0.0273 t0=[red=0.23 blue=0.77]
[u  762] env= 49938432 rsucc=0.966 n_rounds= 1757 ret=+11.742 len=772.5 ent(t0,t>=1)=(0.323,0.702) aL=-0.0138 vL=0.0272 t0=[red=0.24 blue=0.76]
[u  763] env= 50003968 rsucc=0.960 n_rounds= 1669 ret=+11.660 len=775.0 ent(t0,t>=1)=(0.345,0.716) aL=-0.0153 vL=0.0270 t0=[red=0.25 blue=0.75]
[u  764] env= 50069504 rsucc=0.939 n_rounds= 1659 ret=+11.675 len=755.4 ent(t0,t>=1)=(0.331,0.730) aL=-0.0153 vL=0.0290 t0=[red=0.23 blue=0.77]
[u  765] env= 50135040 rsucc=0.934 n_rounds= 1582 ret=+11.300 len=780.7 ent(t0,t>=1)=(0.339,0.736) aL=-0.0148 vL=0.0283 t0=[red=0.23 blue=0.77]
[u  766] env= 50200576 rsucc=0.969 n_rounds= 1722 ret=+11.360 len=798.5 ent(t0,t>=1)=(0.331,0.697) aL=-0.0148 vL=0.0246 t0=[red=0.23 blue=0.77]
[u  767] env= 50266112 rsucc=0.959 n_rounds= 1741 ret=+11.811 len=759.6 ent(t0,t>=1)=(0.340,0.702) aL=-0.0148 vL=0.0254 t0=[red=0.28 blue=0.72]
[u  768] env= 50331648 rsucc=0.976 n_rounds= 1742 ret=+11.967 len=757.2 ent(t0,t>=1)=(0.317,0.699) aL=-0.0153 vL=0.0280 t0=[red=0.24 blue=0.76]
[u  769] env= 50397184 rsucc=0.969 n_rounds= 1727 ret=+11.210 len=803.6 ent(t0,t>=1)=(0.319,0.699) aL=-0.0151 vL=0.0254 t0=[red=0.22 blue=0.78]
[u  770] env= 50462720 rsucc=0.958 n_rounds= 1683 ret=+12.345 len=735.0 ent(t0,t>=1)=(0.316,0.706) aL=-0.0142 vL=0.0293 t0=[red=0.22 blue=0.78]
[u  771] env= 50528256 rsucc=0.952 n_rounds= 1692 ret=+11.985 len=748.2 ent(t0,t>=1)=(0.319,0.707) aL=-0.0145 vL=0.0285 t0=[red=0.21 blue=0.79]
[u  772] env= 50593792 rsucc=0.970 n_rounds= 1796 ret=+11.849 len=776.3 ent(t0,t>=1)=(0.333,0.701) aL=-0.0139 vL=0.0258 t0=[red=0.25 blue=0.75]
[u  773] env= 50659328 rsucc=0.968 n_rounds= 1668 ret=+11.458 len=776.0 ent(t0,t>=1)=(0.357,0.707) aL=-0.0139 vL=0.0255 t0=[red=0.26 blue=0.74]
[u  774] env= 50724864 rsucc=0.972 n_rounds= 1705 ret=+12.042 len=749.6 ent(t0,t>=1)=(0.320,0.705) aL=-0.0128 vL=0.0244 t0=[red=0.22 blue=0.78]
[u  775] env= 50790400 rsucc=0.949 n_rounds= 1656 ret=+11.696 len=770.7 ent(t0,t>=1)=(0.307,0.700) aL=-0.0147 vL=0.0294 t0=[red=0.21 blue=0.79]
[u  776] env= 50855936 rsucc=0.952 n_rounds= 1642 ret=+11.571 len=790.5 ent(t0,t>=1)=(0.336,0.710) aL=-0.0145 vL=0.0261 t0=[red=0.21 blue=0.79]
[u  777] env= 50921472 rsucc=0.970 n_rounds= 1743 ret=+12.073 len=749.1 ent(t0,t>=1)=(0.351,0.691) aL=-0.0143 vL=0.0289 t0=[red=0.26 blue=0.74]
[u  778] env= 50987008 rsucc=0.961 n_rounds= 1708 ret=+11.630 len=779.5 ent(t0,t>=1)=(0.332,0.704) aL=-0.0136 vL=0.0281 t0=[red=0.24 blue=0.76]
[u  779] env= 51052544 rsucc=0.956 n_rounds= 1721 ret=+11.640 len=769.6 ent(t0,t>=1)=(0.336,0.703) aL=-0.0113 vL=0.0283 t0=[red=0.25 blue=0.75]
[u  780] env= 51118080 rsucc=0.957 n_rounds= 1668 ret=+11.809 len=769.7 ent(t0,t>=1)=(0.319,0.704) aL=-0.0130 vL=0.0312 t0=[red=0.22 blue=0.78]
[u  781] env= 51183616 rsucc=0.966 n_rounds= 1757 ret=+11.872 len=758.9 ent(t0,t>=1)=(0.336,0.691) aL=-0.0141 vL=0.0240 t0=[red=0.28 blue=0.72]
[u  782] env= 51249152 rsucc=0.964 n_rounds= 1727 ret=+11.413 len=791.5 ent(t0,t>=1)=(0.319,0.693) aL=-0.0139 vL=0.0259 t0=[red=0.24 blue=0.76]
[u  783] env= 51314688 rsucc=0.972 n_rounds= 1757 ret=+11.542 len=770.3 ent(t0,t>=1)=(0.351,0.689) aL=-0.0125 vL=0.0281 t0=[red=0.23 blue=0.77]
[u  784] env= 51380224 rsucc=0.978 n_rounds= 1874 ret=+12.167 len=740.8 ent(t0,t>=1)=(0.311,0.685) aL=-0.0133 vL=0.0268 t0=[red=0.20 blue=0.80]
[u  785] env= 51445760 rsucc=0.940 n_rounds= 1610 ret=+12.005 len=744.7 ent(t0,t>=1)=(0.334,0.719) aL=-0.0120 vL=0.0278 t0=[red=0.23 blue=0.77]
[u  786] env= 51511296 rsucc=0.971 n_rounds= 1707 ret=+12.091 len=743.2 ent(t0,t>=1)=(0.310,0.691) aL=-0.0129 vL=0.0271 t0=[red=0.20 blue=0.80]
[u  787] env= 51576832 rsucc=0.943 n_rounds= 1661 ret=+12.531 len=723.8 ent(t0,t>=1)=(0.301,0.704) aL=-0.0121 vL=0.0286 t0=[red=0.20 blue=0.80]
[u  788] env= 51642368 rsucc=0.967 n_rounds= 1753 ret=+11.387 len=796.0 ent(t0,t>=1)=(0.329,0.676) aL=-0.0137 vL=0.0245 t0=[red=0.22 blue=0.78]
[u  789] env= 51707904 rsucc=0.961 n_rounds= 1691 ret=+11.720 len=756.9 ent(t0,t>=1)=(0.293,0.705) aL=-0.0133 vL=0.0259 t0=[red=0.20 blue=0.80]
[u  790] env= 51773440 rsucc=0.946 n_rounds= 1638 ret=+11.122 len=804.5 ent(t0,t>=1)=(0.281,0.700) aL=-0.0127 vL=0.0249 t0=[red=0.18 blue=0.82]
[u  791] env= 51838976 rsucc=0.947 n_rounds= 1610 ret=+12.024 len=742.6 ent(t0,t>=1)=(0.310,0.705) aL=-0.0129 vL=0.0256 t0=[red=0.20 blue=0.80]
[u  792] env= 51904512 rsucc=0.959 n_rounds= 1728 ret=+10.427 len=834.6 ent(t0,t>=1)=(0.321,0.694) aL=-0.0127 vL=0.0256 t0=[red=0.20 blue=0.80]
[u  793] env= 51970048 rsucc=0.969 n_rounds= 1767 ret=+11.571 len=781.7 ent(t0,t>=1)=(0.327,0.683) aL=-0.0107 vL=0.0257 t0=[red=0.22 blue=0.78]
[u  794] env= 52035584 rsucc=0.978 n_rounds= 1791 ret=+11.971 len=763.5 ent(t0,t>=1)=(0.320,0.682) aL=-0.0126 vL=0.0253 t0=[red=0.25 blue=0.75]
[u  795] env= 52101120 rsucc=0.977 n_rounds= 1769 ret=+12.233 len=730.6 ent(t0,t>=1)=(0.313,0.682) aL=-0.0128 vL=0.0231 t0=[red=0.20 blue=0.80]
[u  796] env= 52166656 rsucc=0.971 n_rounds= 1777 ret=+12.120 len=759.3 ent(t0,t>=1)=(0.296,0.688) aL=-0.0126 vL=0.0253 t0=[red=0.18 blue=0.82]
[u  797] env= 52232192 rsucc=0.954 n_rounds= 1711 ret=+12.269 len=726.2 ent(t0,t>=1)=(0.297,0.697) aL=-0.0105 vL=0.0281 t0=[red=0.18 blue=0.82]
[u  798] env= 52297728 rsucc=0.965 n_rounds= 1694 ret=+12.394 len=732.9 ent(t0,t>=1)=(0.303,0.697) aL=-0.0126 vL=0.0265 t0=[red=0.19 blue=0.81]
[u  799] env= 52363264 rsucc=0.950 n_rounds= 1696 ret=+11.710 len=763.2 ent(t0,t>=1)=(0.275,0.691) aL=-0.0120 vL=0.0274 t0=[red=0.18 blue=0.82]
[u  800] env= 52428800 rsucc=0.985 n_rounds= 1751 ret=+11.608 len=775.2 ent(t0,t>=1)=(0.301,0.670) aL=-0.0123 vL=0.0245 t0=[red=0.16 blue=0.84]
[u  801] env= 52494336 rsucc=0.958 n_rounds= 1648 ret=+12.251 len=735.1 ent(t0,t>=1)=(0.306,0.708) aL=-0.0114 vL=0.0279 t0=[red=0.22 blue=0.78]
[u  802] env= 52559872 rsucc=0.950 n_rounds= 1589 ret=+11.688 len=783.9 ent(t0,t>=1)=(0.295,0.702) aL=-0.0112 vL=0.0262 t0=[red=0.18 blue=0.82]
[u  803] env= 52625408 rsucc=0.966 n_rounds= 1714 ret=+11.310 len=797.4 ent(t0,t>=1)=(0.290,0.692) aL=-0.0121 vL=0.0264 t0=[red=0.20 blue=0.80]
[u  804] env= 52690944 rsucc=0.957 n_rounds= 1692 ret=+11.593 len=787.0 ent(t0,t>=1)=(0.303,0.698) aL=-0.0114 vL=0.0269 t0=[red=0.20 blue=0.80]
[u  805] env= 52756480 rsucc=0.935 n_rounds= 1611 ret=+11.811 len=768.9 ent(t0,t>=1)=(0.309,0.715) aL=-0.0105 vL=0.0287 t0=[red=0.22 blue=0.78]
[u  806] env= 52822016 rsucc=0.955 n_rounds= 1719 ret=+11.103 len=806.5 ent(t0,t>=1)=(0.306,0.686) aL=-0.0115 vL=0.0290 t0=[red=0.21 blue=0.79]
[u  807] env= 52887552 rsucc=0.981 n_rounds= 1769 ret=+11.298 len=785.5 ent(t0,t>=1)=(0.304,0.672) aL=-0.0107 vL=0.0254 t0=[red=0.21 blue=0.79]
[u  808] env= 52953088 rsucc=0.975 n_rounds= 1737 ret=+12.110 len=753.9 ent(t0,t>=1)=(0.311,0.687) aL=-0.0105 vL=0.0281 t0=[red=0.18 blue=0.82]
[u  809] env= 53018624 rsucc=0.948 n_rounds= 1724 ret=+11.917 len=762.4 ent(t0,t>=1)=(0.288,0.697) aL=-0.0108 vL=0.0295 t0=[red=0.19 blue=0.81]
[u  810] env= 53084160 rsucc=0.968 n_rounds= 1767 ret=+11.939 len=755.5 ent(t0,t>=1)=(0.333,0.681) aL=-0.0097 vL=0.0281 t0=[red=0.22 blue=0.78]
[u  811] env= 53149696 rsucc=0.959 n_rounds= 1715 ret=+11.835 len=750.2 ent(t0,t>=1)=(0.307,0.693) aL=-0.0103 vL=0.0323 t0=[red=0.21 blue=0.79]
[u  812] env= 53215232 rsucc=0.944 n_rounds= 1725 ret=+11.840 len=753.7 ent(t0,t>=1)=(0.291,0.676) aL=-0.0100 vL=0.0309 t0=[red=0.18 blue=0.82]
[u  813] env= 53280768 rsucc=0.964 n_rounds= 1762 ret=+12.219 len=720.4 ent(t0,t>=1)=(0.339,0.676) aL=-0.0081 vL=0.0270 t0=[red=0.21 blue=0.79]
[u  814] env= 53346304 rsucc=0.969 n_rounds= 1763 ret=+11.454 len=759.4 ent(t0,t>=1)=(0.303,0.688) aL=-0.0100 vL=0.0286 t0=[red=0.21 blue=0.79]
[u  815] env= 53411840 rsucc=0.941 n_rounds= 1598 ret=+11.531 len=796.3 ent(t0,t>=1)=(0.330,0.711) aL=-0.0098 vL=0.0312 t0=[red=0.21 blue=0.79]
[u  816] env= 53477376 rsucc=0.983 n_rounds= 1734 ret=+12.541 len=702.6 ent(t0,t>=1)=(0.303,0.675) aL=-0.0107 vL=0.0228 t0=[red=0.19 blue=0.81]
[u  817] env= 53542912 rsucc=0.965 n_rounds= 1674 ret=+11.815 len=779.7 ent(t0,t>=1)=(0.288,0.695) aL=-0.0094 vL=0.0284 t0=[red=0.18 blue=0.82]
[u  818] env= 53608448 rsucc=0.961 n_rounds= 1729 ret=+11.723 len=781.8 ent(t0,t>=1)=(0.307,0.695) aL=-0.0101 vL=0.0272 t0=[red=0.20 blue=0.80]
[u  819] env= 53673984 rsucc=0.946 n_rounds= 1659 ret=+11.828 len=781.9 ent(t0,t>=1)=(0.302,0.696) aL=-0.0089 vL=0.0272 t0=[red=0.23 blue=0.77]
[u  820] env= 53739520 rsucc=0.962 n_rounds= 1729 ret=+11.868 len=739.3 ent(t0,t>=1)=(0.331,0.695) aL=-0.0095 vL=0.0274 t0=[red=0.25 blue=0.75]
[u  821] env= 53805056 rsucc=0.976 n_rounds= 1791 ret=+10.996 len=798.4 ent(t0,t>=1)=(0.294,0.672) aL=-0.0095 vL=0.0274 t0=[red=0.20 blue=0.80]
[u  822] env= 53870592 rsucc=0.979 n_rounds= 1741 ret=+11.633 len=777.4 ent(t0,t>=1)=(0.302,0.677) aL=-0.0076 vL=0.0261 t0=[red=0.19 blue=0.81]
[u  823] env= 53936128 rsucc=0.943 n_rounds= 1593 ret=+12.639 len=727.7 ent(t0,t>=1)=(0.357,0.717) aL=-0.0097 vL=0.0261 t0=[red=0.24 blue=0.76]
[u  824] env= 54001664 rsucc=0.951 n_rounds= 1666 ret=+12.311 len=735.8 ent(t0,t>=1)=(0.304,0.696) aL=-0.0093 vL=0.0273 t0=[red=0.20 blue=0.80]
[u  825] env= 54067200 rsucc=0.961 n_rounds= 1648 ret=+11.532 len=781.1 ent(t0,t>=1)=(0.290,0.683) aL=-0.0069 vL=0.0268 t0=[red=0.18 blue=0.82]
[u  826] env= 54132736 rsucc=0.961 n_rounds= 1714 ret=+10.778 len=829.1 ent(t0,t>=1)=(0.300,0.683) aL=-0.0086 vL=0.0257 t0=[red=0.19 blue=0.81]
[u  827] env= 54198272 rsucc=0.957 n_rounds= 1551 ret=+11.709 len=770.9 ent(t0,t>=1)=(0.307,0.692) aL=-0.0091 vL=0.0244 t0=[red=0.22 blue=0.78]
[u  828] env= 54263808 rsucc=0.956 n_rounds= 1725 ret=+11.072 len=816.7 ent(t0,t>=1)=(0.279,0.677) aL=-0.0071 vL=0.0284 t0=[red=0.17 blue=0.83]
[u  829] env= 54329344 rsucc=0.980 n_rounds= 1803 ret=+11.250 len=817.5 ent(t0,t>=1)=(0.305,0.672) aL=-0.0081 vL=0.0260 t0=[red=0.19 blue=0.81]
[u  830] env= 54394880 rsucc=0.957 n_rounds= 1717 ret=+12.103 len=736.8 ent(t0,t>=1)=(0.287,0.704) aL=-0.0084 vL=0.0294 t0=[red=0.19 blue=0.81]
[u  831] env= 54460416 rsucc=0.947 n_rounds= 1668 ret=+12.014 len=745.9 ent(t0,t>=1)=(0.315,0.710) aL=-0.0075 vL=0.0287 t0=[red=0.23 blue=0.77]
[u  832] env= 54525952 rsucc=0.980 n_rounds= 1713 ret=+11.732 len=776.2 ent(t0,t>=1)=(0.295,0.694) aL=-0.0065 vL=0.0244 t0=[red=0.17 blue=0.83]
[u  833] env= 54591488 rsucc=0.943 n_rounds= 1671 ret=+12.062 len=737.7 ent(t0,t>=1)=(0.324,0.712) aL=-0.0077 vL=0.0279 t0=[red=0.23 blue=0.77]
[u  834] env= 54657024 rsucc=0.955 n_rounds= 1701 ret=+11.545 len=772.4 ent(t0,t>=1)=(0.279,0.687) aL=-0.0077 vL=0.0279 t0=[red=0.17 blue=0.83]
[u  835] env= 54722560 rsucc=0.976 n_rounds= 1794 ret=+11.430 len=790.8 ent(t0,t>=1)=(0.325,0.693) aL=-0.0074 vL=0.0293 t0=[red=0.24 blue=0.76]
[u  836] env= 54788096 rsucc=0.950 n_rounds= 1729 ret=+12.245 len=725.8 ent(t0,t>=1)=(0.325,0.699) aL=-0.0064 vL=0.0271 t0=[red=0.21 blue=0.79]
[u  837] env= 54853632 rsucc=0.966 n_rounds= 1705 ret=+11.959 len=770.5 ent(t0,t>=1)=(0.316,0.687) aL=-0.0059 vL=0.0295 t0=[red=0.22 blue=0.78]
[u  838] env= 54919168 rsucc=0.943 n_rounds= 1732 ret=+11.848 len=737.9 ent(t0,t>=1)=(0.297,0.697) aL=-0.0063 vL=0.0333 t0=[red=0.18 blue=0.82]
[u  839] env= 54984704 rsucc=0.970 n_rounds= 1647 ret=+11.508 len=770.3 ent(t0,t>=1)=(0.352,0.686) aL=-0.0075 vL=0.0236 t0=[red=0.25 blue=0.75]
[u  840] env= 55050240 rsucc=0.975 n_rounds= 1811 ret=+11.184 len=796.5 ent(t0,t>=1)=(0.346,0.670) aL=-0.0040 vL=0.0287 t0=[red=0.26 blue=0.74]
[u  841] env= 55115776 rsucc=0.967 n_rounds= 1690 ret=+12.263 len=749.1 ent(t0,t>=1)=(0.328,0.701) aL=-0.0067 vL=0.0243 t0=[red=0.22 blue=0.78]
[u  842] env= 55181312 rsucc=0.976 n_rounds= 1715 ret=+12.222 len=750.1 ent(t0,t>=1)=(0.340,0.681) aL=-0.0072 vL=0.0229 t0=[red=0.23 blue=0.77]
[u  843] env= 55246848 rsucc=0.964 n_rounds= 1674 ret=+12.041 len=758.4 ent(t0,t>=1)=(0.319,0.683) aL=-0.0063 vL=0.0279 t0=[red=0.23 blue=0.77]
[u  844] env= 55312384 rsucc=0.946 n_rounds= 1709 ret=+11.942 len=766.6 ent(t0,t>=1)=(0.325,0.688) aL=-0.0066 vL=0.0293 t0=[red=0.22 blue=0.78]
[u  845] env= 55377920 rsucc=0.965 n_rounds= 1783 ret=+11.741 len=760.0 ent(t0,t>=1)=(0.315,0.685) aL=-0.0062 vL=0.0290 t0=[red=0.22 blue=0.78]
[u  846] env= 55443456 rsucc=0.957 n_rounds= 1663 ret=+11.525 len=767.7 ent(t0,t>=1)=(0.338,0.690) aL=-0.0054 vL=0.0260 t0=[red=0.26 blue=0.74]
[u  847] env= 55508992 rsucc=0.973 n_rounds= 1813 ret=+11.905 len=737.9 ent(t0,t>=1)=(0.342,0.684) aL=-0.0056 vL=0.0264 t0=[red=0.23 blue=0.77]
[u  848] env= 55574528 rsucc=0.977 n_rounds= 1732 ret=+12.277 len=752.3 ent(t0,t>=1)=(0.351,0.690) aL=-0.0063 vL=0.0271 t0=[red=0.25 blue=0.75]
[u  849] env= 55640064 rsucc=0.927 n_rounds= 1566 ret=+11.740 len=771.7 ent(t0,t>=1)=(0.338,0.715) aL=-0.0058 vL=0.0275 t0=[red=0.23 blue=0.77]
[u  850] env= 55705600 rsucc=0.972 n_rounds= 1799 ret=+11.586 len=772.7 ent(t0,t>=1)=(0.323,0.684) aL=-0.0056 vL=0.0260 t0=[red=0.24 blue=0.76]
[u  851] env= 55771136 rsucc=0.959 n_rounds= 1666 ret=+11.788 len=768.1 ent(t0,t>=1)=(0.340,0.697) aL=-0.0055 vL=0.0270 t0=[red=0.25 blue=0.75]
[u  852] env= 55836672 rsucc=0.946 n_rounds= 1631 ret=+11.228 len=801.6 ent(t0,t>=1)=(0.329,0.695) aL=-0.0050 vL=0.0313 t0=[red=0.22 blue=0.78]
[u  853] env= 55902208 rsucc=0.964 n_rounds= 1788 ret=+11.336 len=781.0 ent(t0,t>=1)=(0.330,0.691) aL=-0.0055 vL=0.0281 t0=[red=0.23 blue=0.77]
[u  854] env= 55967744 rsucc=0.958 n_rounds= 1662 ret=+11.933 len=750.2 ent(t0,t>=1)=(0.316,0.696) aL=-0.0052 vL=0.0275 t0=[red=0.22 blue=0.78]
[u  855] env= 56033280 rsucc=0.955 n_rounds= 1762 ret=+11.835 len=762.0 ent(t0,t>=1)=(0.294,0.687) aL=-0.0045 vL=0.0287 t0=[red=0.19 blue=0.81]
[u  856] env= 56098816 rsucc=0.982 n_rounds= 1800 ret=+11.806 len=759.1 ent(t0,t>=1)=(0.313,0.682) aL=-0.0053 vL=0.0252 t0=[red=0.20 blue=0.80]
[u  857] env= 56164352 rsucc=0.968 n_rounds= 1693 ret=+12.099 len=746.3 ent(t0,t>=1)=(0.342,0.691) aL=-0.0042 vL=0.0289 t0=[red=0.23 blue=0.77]
[u  858] env= 56229888 rsucc=0.960 n_rounds= 1748 ret=+11.664 len=769.8 ent(t0,t>=1)=(0.349,0.688) aL=-0.0033 vL=0.0299 t0=[red=0.23 blue=0.77]
[u  859] env= 56295424 rsucc=0.970 n_rounds= 1783 ret=+12.321 len=727.0 ent(t0,t>=1)=(0.341,0.686) aL=-0.0052 vL=0.0271 t0=[red=0.25 blue=0.75]
[u  860] env= 56360960 rsucc=0.970 n_rounds= 1756 ret=+12.046 len=751.8 ent(t0,t>=1)=(0.317,0.690) aL=-0.0041 vL=0.0279 t0=[red=0.20 blue=0.80]
[u  861] env= 56426496 rsucc=0.961 n_rounds= 1698 ret=+12.041 len=754.5 ent(t0,t>=1)=(0.329,0.704) aL=-0.0045 vL=0.0264 t0=[red=0.21 blue=0.79]
[u  862] env= 56492032 rsucc=0.955 n_rounds= 1745 ret=+12.258 len=725.2 ent(t0,t>=1)=(0.306,0.698) aL=-0.0038 vL=0.0286 t0=[red=0.20 blue=0.80]
[u  863] env= 56557568 rsucc=0.963 n_rounds= 1716 ret=+11.643 len=767.5 ent(t0,t>=1)=(0.325,0.701) aL=-0.0039 vL=0.0274 t0=[red=0.22 blue=0.78]
[u  864] env= 56623104 rsucc=0.955 n_rounds= 1602 ret=+11.269 len=791.0 ent(t0,t>=1)=(0.320,0.710) aL=-0.0032 vL=0.0250 t0=[red=0.22 blue=0.78]
[u  865] env= 56688640 rsucc=0.969 n_rounds= 1747 ret=+11.372 len=792.6 ent(t0,t>=1)=(0.314,0.700) aL=-0.0033 vL=0.0307 t0=[red=0.20 blue=0.80]
[u  866] env= 56754176 rsucc=0.959 n_rounds= 1744 ret=+12.272 len=738.6 ent(t0,t>=1)=(0.359,0.698) aL=-0.0040 vL=0.0252 t0=[red=0.25 blue=0.75]
[u  867] env= 56819712 rsucc=0.958 n_rounds= 1632 ret=+12.116 len=768.2 ent(t0,t>=1)=(0.336,0.708) aL=-0.0034 vL=0.0286 t0=[red=0.23 blue=0.77]
[u  868] env= 56885248 rsucc=0.962 n_rounds= 1723 ret=+11.624 len=764.6 ent(t0,t>=1)=(0.327,0.688) aL=-0.0039 vL=0.0253 t0=[red=0.23 blue=0.77]
[u  869] env= 56950784 rsucc=0.966 n_rounds= 1698 ret=+11.055 len=812.4 ent(t0,t>=1)=(0.319,0.698) aL=-0.0037 vL=0.0241 t0=[red=0.21 blue=0.79]
[u  870] env= 57016320 rsucc=0.959 n_rounds= 1692 ret=+11.781 len=763.8 ent(t0,t>=1)=(0.325,0.677) aL=-0.0010 vL=0.0267 t0=[red=0.26 blue=0.74]
[u  871] env= 57081856 rsucc=0.967 n_rounds= 1735 ret=+11.505 len=774.7 ent(t0,t>=1)=(0.332,0.692) aL=-0.0022 vL=0.0306 t0=[red=0.24 blue=0.76]
[u  872] env= 57147392 rsucc=0.960 n_rounds= 1685 ret=+11.885 len=763.8 ent(t0,t>=1)=(0.345,0.693) aL=-0.0000 vL=0.0266 t0=[red=0.22 blue=0.78]
[u  873] env= 57212928 rsucc=0.926 n_rounds= 1619 ret=+11.724 len=765.3 ent(t0,t>=1)=(0.310,0.714) aL=-0.0028 vL=0.0349 t0=[red=0.22 blue=0.78]
[u  874] env= 57278464 rsucc=0.958 n_rounds= 1711 ret=+11.816 len=765.7 ent(t0,t>=1)=(0.302,0.692) aL=-0.0027 vL=0.0320 t0=[red=0.21 blue=0.79]
[u  875] env= 57344000 rsucc=0.950 n_rounds= 1667 ret=+10.801 len=796.2 ent(t0,t>=1)=(0.314,0.695) aL=-0.0027 vL=0.0268 t0=[red=0.22 blue=0.78]
[u  876] env= 57409536 rsucc=0.962 n_rounds= 1674 ret=+11.579 len=766.5 ent(t0,t>=1)=(0.342,0.693) aL=-0.0025 vL=0.0264 t0=[red=0.22 blue=0.78]
[u  877] env= 57475072 rsucc=0.963 n_rounds= 1683 ret=+11.583 len=788.0 ent(t0,t>=1)=(0.343,0.698) aL=-0.0025 vL=0.0252 t0=[red=0.24 blue=0.76]
[u  878] env= 57540608 rsucc=0.976 n_rounds= 1732 ret=+11.900 len=770.9 ent(t0,t>=1)=(0.337,0.687) aL=-0.0026 vL=0.0269 t0=[red=0.23 blue=0.77]
[u  879] env= 57606144 rsucc=0.935 n_rounds= 1688 ret=+11.806 len=772.5 ent(t0,t>=1)=(0.357,0.713) aL=-0.0023 vL=0.0315 t0=[red=0.25 blue=0.75]
[u  880] env= 57671680 rsucc=0.969 n_rounds= 1805 ret=+11.160 len=795.1 ent(t0,t>=1)=(0.335,0.706) aL=-0.0016 vL=0.0277 t0=[red=0.24 blue=0.76]
[u  881] env= 57737216 rsucc=0.972 n_rounds= 1825 ret=+12.251 len=723.8 ent(t0,t>=1)=(0.336,0.712) aL=-0.0015 vL=0.0267 t0=[red=0.26 blue=0.74]
[u  882] env= 57802752 rsucc=0.949 n_rounds= 1714 ret=+12.091 len=738.3 ent(t0,t>=1)=(0.351,0.712) aL=-0.0022 vL=0.0296 t0=[red=0.27 blue=0.73]
[u  883] env= 57868288 rsucc=0.963 n_rounds= 1691 ret=+11.733 len=742.5 ent(t0,t>=1)=(0.321,0.693) aL=-0.0022 vL=0.0261 t0=[red=0.26 blue=0.74]
[u  884] env= 57933824 rsucc=0.967 n_rounds= 1677 ret=+12.103 len=750.9 ent(t0,t>=1)=(0.318,0.691) aL=-0.0016 vL=0.0244 t0=[red=0.22 blue=0.78]
[u  885] env= 57999360 rsucc=0.975 n_rounds= 1755 ret=+11.877 len=763.8 ent(t0,t>=1)=(0.365,0.698) aL=-0.0015 vL=0.0247 t0=[red=0.27 blue=0.73]
[u  886] env= 58064896 rsucc=0.987 n_rounds= 1795 ret=+11.675 len=776.8 ent(t0,t>=1)=(0.357,0.681) aL=-0.0009 vL=0.0239 t0=[red=0.25 blue=0.75]
[u  887] env= 58130432 rsucc=0.964 n_rounds= 1665 ret=+12.095 len=765.2 ent(t0,t>=1)=(0.341,0.687) aL=-0.0002 vL=0.0247 t0=[red=0.21 blue=0.79]
[u  888] env= 58195968 rsucc=0.970 n_rounds= 1654 ret=+12.311 len=756.5 ent(t0,t>=1)=(0.303,0.701) aL=-0.0012 vL=0.0246 t0=[red=0.25 blue=0.75]
[u  889] env= 58261504 rsucc=0.970 n_rounds= 1762 ret=+11.718 len=778.4 ent(t0,t>=1)=(0.330,0.688) aL=-0.0012 vL=0.0279 t0=[red=0.24 blue=0.76]
[u  890] env= 58327040 rsucc=0.966 n_rounds= 1714 ret=+11.687 len=765.2 ent(t0,t>=1)=(0.338,0.689) aL=-0.0008 vL=0.0267 t0=[red=0.24 blue=0.76]
[u  891] env= 58392576 rsucc=0.975 n_rounds= 1715 ret=+11.774 len=785.7 ent(t0,t>=1)=(0.348,0.692) aL=-0.0007 vL=0.0275 t0=[red=0.25 blue=0.75]
[u  892] env= 58458112 rsucc=0.948 n_rounds= 1701 ret=+12.758 len=710.5 ent(t0,t>=1)=(0.326,0.710) aL=-0.0009 vL=0.0265 t0=[red=0.22 blue=0.78]
[u  893] env= 58523648 rsucc=0.959 n_rounds= 1708 ret=+11.802 len=774.5 ent(t0,t>=1)=(0.331,0.699) aL=-0.0011 vL=0.0309 t0=[red=0.25 blue=0.75]
[u  894] env= 58589184 rsucc=0.974 n_rounds= 1717 ret=+11.775 len=762.1 ent(t0,t>=1)=(0.344,0.694) aL=-0.0006 vL=0.0271 t0=[red=0.25 blue=0.75]
[u  895] env= 58654720 rsucc=0.928 n_rounds= 1547 ret=+11.778 len=755.4 ent(t0,t>=1)=(0.345,0.733) aL=-0.0010 vL=0.0314 t0=[red=0.26 blue=0.74]
[u  896] env= 58720256 rsucc=0.928 n_rounds= 1659 ret=+11.402 len=789.0 ent(t0,t>=1)=(0.333,0.713) aL=-0.0007 vL=0.0308 t0=[red=0.21 blue=0.79]
[u  897] env= 58785792 rsucc=0.963 n_rounds= 1746 ret=+10.537 len=821.2 ent(t0,t>=1)=(0.315,0.694) aL=-0.0009 vL=0.0282 t0=[red=0.21 blue=0.79]
[u  898] env= 58851328 rsucc=0.961 n_rounds= 1722 ret=+11.021 len=799.3 ent(t0,t>=1)=(0.348,0.701) aL=-0.0006 vL=0.0288 t0=[red=0.24 blue=0.76]
[u  899] env= 58916864 rsucc=0.962 n_rounds= 1802 ret=+11.777 len=753.5 ent(t0,t>=1)=(0.346,0.689) aL=-0.0006 vL=0.0302 t0=[red=0.27 blue=0.73]
[u  900] env= 58982400 rsucc=0.975 n_rounds= 1713 ret=+12.099 len=747.3 ent(t0,t>=1)=(0.332,0.700) aL=+0.0024 vL=0.0275 t0=[red=0.23 blue=0.77]
[u  901] env= 59047936 rsucc=0.974 n_rounds= 1788 ret=+12.387 len=724.1 ent(t0,t>=1)=(0.330,0.683) aL=-0.0005 vL=0.0237 t0=[red=0.24 blue=0.76]
[u  902] env= 59113472 rsucc=0.977 n_rounds= 1739 ret=+12.038 len=762.0 ent(t0,t>=1)=(0.338,0.700) aL=-0.0003 vL=0.0282 t0=[red=0.24 blue=0.76]
[u  903] env= 59179008 rsucc=0.958 n_rounds= 1754 ret=+12.322 len=741.0 ent(t0,t>=1)=(0.344,0.698) aL=-0.0004 vL=0.0255 t0=[red=0.24 blue=0.76]
[u  904] env= 59244544 rsucc=0.971 n_rounds= 1786 ret=+12.231 len=721.4 ent(t0,t>=1)=(0.346,0.676) aL=-0.0004 vL=0.0263 t0=[red=0.27 blue=0.73]
[u  905] env= 59310080 rsucc=0.954 n_rounds= 1700 ret=+11.755 len=771.4 ent(t0,t>=1)=(0.330,0.704) aL=-0.0003 vL=0.0294 t0=[red=0.23 blue=0.77]
[u  906] env= 59375616 rsucc=0.981 n_rounds= 1834 ret=+12.087 len=734.0 ent(t0,t>=1)=(0.327,0.677) aL=+0.0001 vL=0.0263 t0=[red=0.25 blue=0.75]
[u  907] env= 59441152 rsucc=0.967 n_rounds= 1624 ret=+11.544 len=779.9 ent(t0,t>=1)=(0.359,0.696) aL=+0.0018 vL=0.0269 t0=[red=0.30 blue=0.70]
[u  908] env= 59506688 rsucc=0.935 n_rounds= 1580 ret=+11.947 len=753.2 ent(t0,t>=1)=(0.345,0.704) aL=+0.0007 vL=0.0282 t0=[red=0.25 blue=0.75]
[u  909] env= 59572224 rsucc=0.950 n_rounds= 1663 ret=+11.918 len=762.3 ent(t0,t>=1)=(0.318,0.689) aL=-0.0001 vL=0.0313 t0=[red=0.23 blue=0.77]
[u  910] env= 59637760 rsucc=0.961 n_rounds= 1688 ret=+12.096 len=765.7 ent(t0,t>=1)=(0.370,0.698) aL=-0.0002 vL=0.0259 t0=[red=0.26 blue=0.74]
[u  911] env= 59703296 rsucc=0.981 n_rounds= 1806 ret=+11.511 len=767.9 ent(t0,t>=1)=(0.353,0.692) aL=-0.0005 vL=0.0232 t0=[red=0.25 blue=0.75]
[u  912] env= 59768832 rsucc=0.963 n_rounds= 1773 ret=+11.557 len=789.9 ent(t0,t>=1)=(0.329,0.684) aL=+0.0003 vL=0.0356 t0=[red=0.24 blue=0.76]
[u  913] env= 59834368 rsucc=0.933 n_rounds= 1693 ret=+11.738 len=767.5 ent(t0,t>=1)=(0.351,0.701) aL=+0.0018 vL=0.0291 t0=[red=0.25 blue=0.75]
[u  914] env= 59899904 rsucc=0.974 n_rounds= 1784 ret=+11.610 len=746.5 ent(t0,t>=1)=(0.310,0.690) aL=+0.0003 vL=0.0271 t0=[red=0.19 blue=0.81]
[u  915] env= 59965440 rsucc=0.971 n_rounds= 1708 ret=+11.692 len=774.0 ent(t0,t>=1)=(0.334,0.704) aL=+0.0013 vL=0.0268 t0=[red=0.25 blue=0.75]
[main] training done in 5759.4s
        round_success_rate: [+0.4249, +0.3413, +0.3897, +0.3282, +0.3452, +0.3855, +0.3714, +0.3626, +0.3552, +0.4376, +0.3663, +0.4363, +0.3962, +0.3588, +0.4660, +0.4810, +0.4337, +0.5190, +0.4861, +0.5085, +0.5414, +0.6339, +0.6167, +0.7353, +0.7231, +0.7359, +0.7939, +0.8247, +0.8512, +0.8027, +0.8213, +0.8413, +0.8840, +0.8707, +0.8386, +0.9054, +0.8742, +0.8301, +0.8844, +0.8114, +0.8323, +0.8518, +0.9024, +0.8709, +0.8086, +0.8579, +0.8470, +0.8212, +0.8352, +0.8275, +0.8285, +0.8276, +0.8487, +0.8716, +0.8557, +0.8793, +0.8383, +0.8817, +0.8683, +0.8808, +0.8625, +0.8295, +0.8960, +0.8814, +0.8522, +0.8670, +0.8791, +0.9193, +0.8784, +0.9186, +0.9113, +0.9047, +0.8398, +0.8799, +0.8980, +0.8786, +0.8946, +0.8795, +0.8456, +0.9019, +0.9109, +0.8940, +0.8689, +0.8539, +0.8378, +0.9163, +0.8883, +0.9251, +0.9364, +0.9261, +0.8981, +0.8698, +0.9072, +0.8512, +0.8734, +0.8863, +0.9173, +0.8948, +0.8725, +0.9001, +0.8561, +0.8670, +0.8620, +0.9019, +0.9293, +0.9033, +0.8761, +0.8492, +0.9276, +0.9019, +0.9330, +0.9272, +0.8919, +0.8828, +0.8554, +0.8762, +0.8590, +0.8667, +0.9036, +0.9237, +0.8540, +0.8849, +0.9133, +0.8960, +0.9019, +0.8848, +0.9254, +0.8924, +0.8299, +0.8864, +0.8675, +0.8678, +0.8981, +0.9346, +0.9047, +0.9040, +0.9102, +0.9077, +0.9209, +0.9154, +0.8944, +0.9102, +0.9021, +0.9190, +0.8729, +0.8705, +0.8999, +0.9209, +0.8962, +0.9485, +0.9127, +0.9061, +0.9345, +0.9282, +0.8775, +0.8914, +0.8636, +0.8781, +0.9239, +0.9344, +0.9083, +0.8789, +0.8900, +0.8891, +0.9327, +0.8976, +0.9191, +0.9254, +0.9148, +0.9139, +0.9185, +0.9104, +0.9312, +0.9222, +0.8766, +0.9386, +0.8947, +0.8869, +0.9069, +0.8963, +0.8863, +0.8934, +0.9118, +0.9499, +0.9186, +0.9242, +0.9339, +0.9103, +0.9145, +0.9152, +0.9146, +0.9190, +0.9114, +0.9368, +0.9433, +0.9336, +0.9313, +0.9049, +0.8911, +0.9168, +0.8861, +0.8762, +0.9087, +0.9121, +0.9053, +0.9206, +0.8890, +0.9469, +0.9304, +0.9272, +0.9421, +0.9378, +0.9205, +0.9104, +0.9306, +0.9346, +0.9238, +0.9058, +0.8772, +0.8855, +0.9169, +0.9395, +0.9292, +0.9128, +0.9031, +0.9275, +0.9026, +0.8987, +0.9241, +0.9180, +0.9257, +0.9267, +0.9491, +0.9363, +0.8452, +0.8490, +0.9046, +0.9584, +0.9390, +0.8937, +0.8905, +0.9311, +0.9125, +0.9176, +0.9350, +0.9528, +0.9196, +0.9391, +0.9322, +0.9313, +0.9121, +0.9081, +0.8842, +0.8987, +0.9380, +0.8844, +0.9208, +0.9074, +0.8988, +0.9464, +0.9305, +0.9084, +0.9019, +0.9374, +0.9197, +0.9255, +0.9316, +0.9394, +0.9238, +0.9185, +0.9191, +0.9245, +0.9327, +0.9113, +0.8952, +0.9397, +0.9341, +0.9047, +0.9228, +0.9399, +0.9367, +0.9234, +0.9216, +0.9339, +0.9117, +0.9122, +0.9075, +0.9101, +0.9086, +0.9593, +0.9375, +0.9305, +0.9297, +0.9072, +0.9502, +0.9148, +0.9334, +0.9155, +0.9318, +0.9326, +0.9145, +0.8966, +0.9608, +0.9606, +0.9212, +0.9077, +0.9385, +0.9253, +0.9311, +0.9409, +0.9014, +0.8913, +0.9483, +0.9136, +0.9554, +0.9330, +0.9224, +0.9113, +0.9198, +0.9314, +0.9407, +0.9388, +0.9370, +0.9381, +0.9397, +0.9344, +0.9444, +0.9093, +0.8999, +0.9396, +0.8991, +0.9068, +0.9334, +0.8908, +0.9479, +0.9120, +0.9301, +0.9388, +0.9265, +0.9239, +0.9139, +0.9361, +0.9236, +0.9455, +0.9509, +0.9457, +0.9418, +0.9266, +0.9298, +0.9347, +0.9463, +0.9441, +0.9561, +0.9471, +0.9350, +0.9379, +0.9416, +0.8967, +0.9296, +0.9380, +0.9493, +0.9465, +0.9495, +0.9491, +0.9203, +0.9326, +0.9511, +0.9287, +0.9386, +0.9482, +0.9278, +0.9339, +0.9402, +0.9679, +0.9358, +0.9360, +0.9308, +0.9554, +0.9483, +0.9450, +0.9234, +0.9545, +0.9194, +0.9335, +0.9602, +0.9326, +0.9422, +0.9618, +0.9455, +0.9408, +0.9490, +0.9306, +0.9475, +0.9636, +0.9556, +0.9288, +0.9382, +0.9386, +0.9300, +0.9351, +0.9629, +0.9650, +0.9511, +0.9260, +0.9615, +0.9257, +0.9375, +0.9483, +0.9253, +0.9642, +0.9468, +0.9294, +0.9318, +0.9507, +0.9396, +0.9399, +0.9436, +0.9564, +0.9663, +0.9589, +0.9484, +0.9443, +0.9406, +0.9272, +0.9549, +0.9273, +0.8989, +0.9110, +0.9707, +0.9615, +0.9461, +0.9676, +0.9804, +0.9559, +0.9548, +0.9586, +0.9625, +0.9534, +0.9201, +0.9574, +0.9309, +0.9223, +0.9351, +0.9765, +0.9395, +0.9033, +0.9160, +0.9324, +0.9462, +0.9310, +0.9389, +0.9436, +0.9373, +0.9491, +0.9585, +0.9513, +0.9583, +0.9572, +0.9484, +0.9264, +0.9322, +0.9500, +0.9379, +0.9515, +0.9455, +0.9613, +0.9656, +0.9402, +0.9431, +0.9243, +0.9634, +0.9557, +0.9407, +0.9455, +0.9590, +0.9432, +0.9451, +0.9389, +0.9259, +0.9435, +0.9259, +0.9447, +0.9637, +0.9433, +0.9376, +0.9531, +0.9330, +0.9416, +0.9447, +0.9323, +0.9298, +0.9450, +0.9626, +0.9149, +0.9318, +0.9567, +0.9286, +0.9735, +0.9421, +0.9760, +0.9617, +0.9411, +0.9561, +0.9743, +0.9570, +0.9610, +0.9180, +0.9361, +0.9431, +0.9426, +0.9514, +0.9260, +0.9245, +0.9335, +0.9578, +0.9506, +0.9525, +0.9592, +0.9381, +0.9622, +0.9622, +0.9510, +0.9469, +0.9645, +0.9346, +0.9662, +0.9559, +0.9311, +0.9367, +0.9639, +0.9448, +0.9675, +0.9738, +0.9677, +0.9506, +0.9362, +0.9566, +0.9644, +0.9520, +0.9565, +0.9516, +0.9699, +0.9490, +0.9539, +0.9669, +0.9604, +0.9557, +0.9695, +0.9490, +0.9471, +0.9560, +0.9726, +0.9562, +0.9501, +0.9398, +0.9372, +0.9500, +0.9372, +0.9518, +0.9540, +0.9589, +0.9567, +0.9510, +0.8988, +0.9523, +0.9465, +0.9358, +0.9467, +0.9491, +0.9700, +0.9404, +0.9446, +0.9673, +0.9545, +0.9674, +0.9309, +0.9574, +0.9635, +0.9754, +0.9510, +0.9404, +0.9501, +0.9445, +0.9612, +0.9424, +0.9630, +0.9614, +0.9727, +0.9509, +0.9483, +0.9495, +0.9528, +0.9523, +0.9748, +0.9773, +0.9642, +0.9213, +0.9499, +0.9461, +0.9361, +0.9300, +0.9648, +0.9411, +0.9543, +0.9597, +0.9384, +0.9365, +0.9440, +0.9694, +0.9382, +0.9603, +0.9570, +0.9432, +0.9565, +0.9690, +0.9690, +0.9653, +0.9764, +0.9712, +0.9660, +0.9421, +0.9680, +0.9489, +0.9427, +0.9426, +0.9657, +0.9693, +0.9645, +0.9766, +0.9730, +0.9637, +0.9717, +0.9459, +0.9458, +0.9642, +0.9467, +0.9455, +0.9410, +0.9572, +0.9607, +0.9571, +0.9595, +0.9467, +0.9601, +0.9636, +0.9689, +0.9454, +0.9545, +0.9562, +0.9489, +0.9508, +0.9458, +0.9554, +0.9292, +0.9468, +0.9534, +0.9201, +0.9628, +0.9535, +0.9583, +0.9748, +0.9580, +0.9589, +0.9675, +0.9551, +0.9505, +0.9574, +0.9617, +0.9516, +0.9804, +0.9739, +0.9726, +0.9512, +0.9727, +0.9694, +0.9658, +0.9467, +0.9472, +0.9673, +0.9534, +0.9338, +0.9660, +0.9680, +0.9516, +0.9680, +0.9598, +0.9471, +0.9656, +0.9740, +0.9597, +0.9641, +0.9568, +0.9783, +0.9854, +0.9598, +0.9633, +0.9684, +0.9709, +0.9707, +0.9619, +0.9760, +0.9540, +0.9466, +0.9391, +0.9560, +0.9625, +0.9515, +0.9627, +0.9810, +0.9368, +0.9704, +0.9684, +0.9490, +0.9709, +0.9604, +0.9671, +0.9742, +0.9656, +0.9537, +0.9341, +0.9549, +0.9836, +0.9595, +0.9574, +0.9529, +0.9427, +0.9551, +0.9613, +0.9576, +0.9832, +0.9541, +0.9419, +0.9808, +0.9665, +0.9320, +0.9642, +0.9585, +0.9479, +0.9624, +0.9609, +0.9376, +0.9669, +0.9698, +0.9704, +0.9896, +0.9697, +0.9660, +0.9548, +0.9483, +0.9636, +0.9729, +0.9496, +0.9609, +0.9618, +0.9501, +0.9591, +0.9487, +0.9572, +0.9587, +0.9562, +0.9767, +0.9659, +0.9599, +0.9385, +0.9336, +0.9692, +0.9586, +0.9759, +0.9693, +0.9578, +0.9515, +0.9699, +0.9682, +0.9718, +0.9487, +0.9519, +0.9696, +0.9608, +0.9564, +0.9574, +0.9659, +0.9641, +0.9721, +0.9781, +0.9398, +0.9707, +0.9434, +0.9675, +0.9610, +0.9463, +0.9472, +0.9589, +0.9694, +0.9782, +0.9768, +0.9713, +0.9544, +0.9652, +0.9499, +0.9846, +0.9575, +0.9497, +0.9662, +0.9574, +0.9354, +0.9546, +0.9808, +0.9752, +0.9478, +0.9683, +0.9586, +0.9443, +0.9637, +0.9688, +0.9412, +0.9833, +0.9648, +0.9607, +0.9464, +0.9618, +0.9760, +0.9793, +0.9429, +0.9508, +0.9606, +0.9609, +0.9574, +0.9559, +0.9800, +0.9569, +0.9472, +0.9796, +0.9425, +0.9547, +0.9760, +0.9503, +0.9660, +0.9434, +0.9696, +0.9746, +0.9675, +0.9755, +0.9636, +0.9462, +0.9652, +0.9573, +0.9730, +0.9775, +0.9272, +0.9717, +0.9586, +0.9460, +0.9642, +0.9579, +0.9546, +0.9817, +0.9681, +0.9600, +0.9697, +0.9704, +0.9611, +0.9553, +0.9633, +0.9551, +0.9691, +0.9587, +0.9577, +0.9617, +0.9658, +0.9586, +0.9671, +0.9602, +0.9265, +0.9579, +0.9502, +0.9618, +0.9632, +0.9763, +0.9354, +0.9690, +0.9721, +0.9487, +0.9633, +0.9672, +0.9755, +0.9866, +0.9640, +0.9704, +0.9705, +0.9662, +0.9749, +0.9483, +0.9590, +0.9744, +0.9276, +0.9277, +0.9628, +0.9611, +0.9623, +0.9755, +0.9743, +0.9770, +0.9578, +0.9714, +0.9541, +0.9815, +0.9674, +0.9348, +0.9501, +0.9615, +0.9812, +0.9633, +0.9327, +0.9742, +0.9713]
    partner_ep_success_rate: [+0.0000, +0.0000, +0.0000, +0.0000, +1.0000, +0.5750, +0.4633, +0.2632, +0.0000, +0.0000, +0.5000, +0.6800, +0.5586, +0.3981, +0.3000, +1.0000, +0.6667, +0.9444, +0.4884, +0.6757, +0.7568, +1.0000, +1.0000, +0.8841, +0.8100, +0.4844, +0.8667, +0.9592, +0.9890, +0.9551, +0.8000, +0.6667, +0.7636, +0.6737, +0.7742, +0.8857, +0.8427, +0.7097, +0.8125, +0.9362, +0.9394, +0.7973, +0.9250, +0.7121, +0.8431, +1.0000, +0.9730, +0.6727, +0.7604, +0.9882, +0.7692, +0.8636, +0.9740, +0.8485, +0.4727, +0.4875, +0.7683, +0.8000, +0.7500, +0.7604, +0.6129, +0.8909, +0.8961, +0.9753, +0.9762, +0.8472, +0.7470, +0.9125, +0.8302, +0.7714, +0.8557, +0.8116, +0.9057, +0.9881, +0.9571, +0.9683, +0.9495, +0.9649, +0.7885, +0.8065, +0.9639, +0.9516, +0.9315, +0.9524, +0.8800, +1.0000, +0.8429, +0.7600, +0.9186, +0.9692, +0.9710, +0.9487, +0.9737, +0.7885, +0.8333, +0.9367, +0.9714, +0.7733, +0.7381, +0.8000, +0.8732, +0.8933, +0.9079, +0.9710, +0.9655, +0.9265, +0.8395, +1.0000, +0.9870, +0.7556, +0.9677, +0.9655, +0.9667, +0.9167, +1.0000, +0.9747, +0.6962, +0.6441, +0.8784, +0.9048, +0.8133, +0.8636, +0.9459, +0.9759, +0.9167, +0.4531, +0.7808, +1.0000, +0.9855, +0.9792, +0.9846, +0.8736, +0.8293, +1.0000, +0.8925, +0.9677, +0.9821, +0.9821, +0.9000, +0.8548, +0.9194, +0.7582, +0.8427, +1.0000, +0.9877, +0.9592, +0.7857, +0.8667, +0.9277, +0.8511, +0.9688, +0.9028, +0.8764, +0.8696, +0.6721, +0.9114, +0.9032, +0.9474, +0.8592, +0.9737, +0.9867, +0.8143, +0.8276, +0.9368, +0.9577, +0.9000, +0.8974, +0.9224, +0.8958, +0.9841, +0.9052, +0.8730, +0.9298, +0.9342, +0.9252, +0.8182, +0.5319, +0.7184, +0.9146, +0.9524, +0.9540, +0.9750, +0.9836, +0.8701, +0.9059, +0.9036, +0.8955, +0.9054, +0.8242, +0.8947, +0.9744, +0.9571, +0.9762, +0.9851, +0.9425, +0.9538, +0.8243, +0.7011, +0.8194, +0.6716, +0.7083, +0.7260, +0.9529, +0.9677, +0.9048, +0.9062, +0.8611, +0.9000, +0.9753, +0.9048, +0.9559, +0.9500, +0.9136, +0.9016, +0.6711, +0.8384, +0.9577, +0.8333, +0.8592, +0.8375, +0.9481, +0.9877, +0.9855, +1.0000, +0.9014, +0.8507, +0.9333, +0.9540, +0.9355, +0.9315, +1.0000, +0.9872, +1.0000, +0.9468, +0.6935, +0.6970, +0.9865, +0.9663, +0.9375, +0.9828, +0.9600, +0.8108, +0.8675, +0.9012, +0.9861, +1.0000, +0.9639, +0.8636, +0.8806, +0.9750, +0.9437, +0.7778, +0.7821, +0.9508, +0.9737, +0.9785, +1.0000, +1.0000, +0.9677, +0.7500, +0.7143, +0.8553, +0.8791, +0.9452, +0.9254, +0.9808, +1.0000, +1.0000, +0.9109, +0.7571, +0.9828, +0.8750, +0.9500, +0.9730, +0.8267, +0.9265, +0.7662, +0.7778, +0.9390, +0.9452, +0.9697, +0.9438, +0.9888, +1.0000, +0.9167, +0.6667, +0.6786, +0.9242, +0.9688, +0.9391, +0.9388, +0.9275, +0.9412, +0.7812, +0.8485, +0.9296, +1.0000, +0.9861, +0.9123, +0.9890, +0.9444, +0.9853, +1.0000, +0.9651, +0.9691, +0.9286, +0.9524, +0.9583, +0.9574, +1.0000, +0.9028, +0.7982, +0.8507, +1.0000, +0.9907, +0.9091, +0.9848, +0.9615, +0.9200, +0.9359, +0.9888, +0.8605, +0.7895, +0.9444, +0.9506, +0.7941, +0.8354, +0.9375, +0.8846, +0.7857, +0.9655, +0.9222, +0.9811, +0.9221, +1.0000, +0.9848, +0.9659, +0.9221, +0.9844, +0.7692, +0.6923, +0.8493, +0.9836, +0.9804, +1.0000, +0.9552, +0.9043, +1.0000, +0.9737, +0.9351, +0.8929, +0.7660, +0.7846, +0.9500, +0.9545, +0.9221, +0.8806, +0.7955, +0.9296, +1.0000, +0.9759, +0.9302, +0.9875, +0.9710, +0.9425, +0.9691, +1.0000, +0.9747, +0.9886, +0.9333, +0.9726, +0.9149, +0.9494, +0.8676, +0.8929, +0.9403, +0.9318, +0.9885, +0.9487, +0.9894, +1.0000, +0.9701, +0.9551, +0.8636, +0.9714, +0.8148, +0.9867, +0.9186, +0.8737, +0.8793, +0.8235, +0.8739, +0.9118, +0.8592, +1.0000, +0.9620, +0.9647, +0.9138, +0.9302, +0.9770, +0.9873, +0.9886, +0.9600, +1.0000, +0.8750, +0.8636, +0.9848, +0.9737, +0.9765, +0.9888, +1.0000, +0.9753, +0.9146, +0.7857, +0.8171, +0.9798, +1.0000, +0.9836, +0.8878, +0.7976, +0.8736, +0.9730, +0.8806, +0.8043, +0.9892, +0.9804, +0.9452, +0.8600, +0.9861, +0.9730, +0.9804, +1.0000, +0.9773, +0.9375, +0.9674, +0.9552, +0.9490, +1.0000, +0.9697, +0.9577, +0.8247, +0.9383, +0.9861, +1.0000, +0.8118, +0.9000, +1.0000, +0.9462, +0.9891, +0.9857, +0.8594, +0.8222, +0.9072, +1.0000, +1.0000, +0.9355, +0.9219, +0.9438, +0.8481, +0.8571, +0.8804, +0.9733, +0.9014, +0.8933, +0.9890, +0.9875, +0.9747, +0.9767, +0.8182, +0.8571, +0.9891, +0.9423, +0.9048, +1.0000, +0.9032, +0.7551, +0.8194, +0.9524, +1.0000, +0.9825, +1.0000, +0.9620, +0.9481, +0.9362, +0.9367, +0.9855, +0.9425, +0.9600, +0.7722, +0.9873, +0.9643, +0.9639, +0.9219, +0.8706, +0.9315, +0.8211, +0.9859, +1.0000, +0.9875, +0.9412, +0.9737, +1.0000, +1.0000, +1.0000, +0.9506, +0.8778, +0.8182, +0.8793, +0.9300, +0.9432, +0.9677, +0.9888, +0.9853, +0.8681, +0.9710, +0.8842, +0.8429, +0.9048, +0.9583, +1.0000, +0.9647, +0.8421, +0.8795, +0.9365, +0.8095, +0.8765, +0.9853, +0.8974, +0.8791, +0.9634, +0.8706, +0.8929, +0.8228, +0.9545, +0.8551, +0.9688, +1.0000, +1.0000, +0.9178, +0.8404, +0.9326, +0.9487, +0.9889, +0.9706, +0.9176, +0.9785, +1.0000, +1.0000, +0.9753, +0.9765, +0.9176, +0.8837, +0.9765, +1.0000, +0.9677, +0.8434, +0.9495, +0.9875, +1.0000, +0.9750, +0.9753, +0.9630, +0.9079, +0.7089, +0.7875, +0.8706, +0.8493, +0.9750, +1.0000, +0.9500, +0.9518, +0.9250, +0.9674, +0.9878, +0.9747, +1.0000, +0.9853, +0.9512, +0.9674, +1.0000, +0.9605, +0.9109, +0.8689, +0.9412, +0.9213, +0.9444, +0.9889, +0.9780, +0.8864, +0.9583, +1.0000, +0.9895, +0.9737, +1.0000, +0.9778, +0.9167, +0.9200, +1.0000, +0.9381, +0.9868, +0.9365, +0.9767, +0.8434, +0.8791, +0.7975, +0.9615, +0.9326, +0.9846, +0.9806, +0.9759, +0.9706, +1.0000, +0.9730, +0.9600, +0.9155, +0.9438, +1.0000, +1.0000, +0.9867, +0.9438, +0.9186, +1.0000, +0.9894, +0.9625, +0.9701, +0.9608, +0.9896, +1.0000, +0.8913, +0.9674, +0.9872, +0.9877, +1.0000, +1.0000, +0.9891, +0.9861, +1.0000, +0.9762, +0.9610, +0.9167, +0.9750, +1.0000, +1.0000, +0.9863, +0.9737, +0.9667, +0.9247, +0.8947, +1.0000, +0.8148, +0.7253, +0.9605, +0.8736, +0.9315, +0.9802, +0.9024, +0.8333, +1.0000, +1.0000, +0.9574, +0.9891, +0.8214, +0.9885, +0.9419, +1.0000, +0.9759, +0.9773, +0.9726, +0.9610, +0.9417, +0.8000, +0.9062, +0.8667, +0.9125, +0.9759, +0.9091, +1.0000, +0.9420, +0.8315, +0.9231, +1.0000, +0.9787, +0.9718, +0.9643, +0.9802, +1.0000, +1.0000, +0.9789, +0.9571, +0.8763, +0.9412, +0.9740, +0.9886, +0.9896, +0.9848, +0.9524, +1.0000, +0.9451, +1.0000, +1.0000, +0.9815, +0.9571, +0.8133, +0.7826, +1.0000, +0.9726, +0.9892, +0.9853, +1.0000, +1.0000, +0.9733, +0.9610, +0.9780, +0.9888, +0.9877, +0.9529, +1.0000, +1.0000, +0.9888, +1.0000, +0.9877, +0.9167, +0.9579, +0.9875, +0.9367, +1.0000, +0.9041, +0.9512, +0.9789, +0.9877, +0.9897, +0.9767, +0.9467, +0.9655, +0.9897, +0.9355, +0.9639, +1.0000, +0.9565, +1.0000, +1.0000, +1.0000, +1.0000, +0.9592, +1.0000, +0.9412, +0.9810, +1.0000, +0.9512, +0.9135, +0.9855, +0.8990, +0.9355, +0.9143, +1.0000, +0.9494, +0.9302, +0.7816, +0.7701, +0.9870, +0.9419, +0.8690, +0.9109, +0.9804, +1.0000, +0.9647, +0.9077, +0.9909, +0.9775, +0.9545, +0.9890, +0.9898, +0.9306, +0.9425, +0.9053, +1.0000, +0.9888, +0.9889, +1.0000, +0.9875, +0.9878, +0.9432, +0.9891, +1.0000, +1.0000, +0.9886, +1.0000, +1.0000, +1.0000, +1.0000, +1.0000, +0.9875, +0.9902, +1.0000, +1.0000, +1.0000, +0.9125, +0.9571, +0.9245, +0.9639, +0.9155, +0.8710, +0.9535, +0.9730, +0.9867, +0.9684, +0.9880, +0.9659, +0.9775, +0.9277, +0.9896, +0.9674, +0.9846, +0.9813, +0.9518, +0.9851, +0.9796, +0.9783, +1.0000, +0.9859, +0.9792, +0.9107, +0.9688, +1.0000, +1.0000, +1.0000, +1.0000, +0.9412, +0.9767, +1.0000, +0.9000, +0.9277, +0.9385, +0.9386, +0.9559, +1.0000, +0.9823, +0.9630, +0.9896, +0.9898, +0.9853, +0.9818, +1.0000, +1.0000, +1.0000, +1.0000, +0.9867, +0.9896, +1.0000, +0.9865, +0.9310, +0.9468, +0.9857, +0.9596, +0.9881, +1.0000, +1.0000, +1.0000, +0.9872, +1.0000, +1.0000, +0.9494, +0.8608, +0.9362, +0.9881, +0.9756, +1.0000, +0.9868, +1.0000, +0.9205, +0.8049, +0.9412, +0.9302, +1.0000, +0.9859, +0.9787, +0.9647, +0.9870, +1.0000, +0.9510, +1.0000, +0.9888, +0.9677, +0.9873, +0.8667, +0.9605, +1.0000, +0.9872, +0.9524, +0.9773, +0.9787, +1.0000, +0.9735, +1.0000, +1.0000, +0.9888, +0.9744, +1.0000, +1.0000, +1.0000, +0.9518, +0.9897, +0.9512, +1.0000, +0.9894, +0.8529, +0.7778, +0.8052, +0.9775, +1.0000, +1.0000, +0.9906, +0.9706, +0.9659, +0.9800]
            ep_return_mean: [+0.0000, +0.0000, +0.0000, +0.0000, +2.4300, -4.5258, -9.4529, -13.7356, +0.0000, +0.0000, +0.9100, -4.6589, -7.7688, -10.1969, -13.0023, +2.7800, -1.5700, -3.9351, -5.2338, -7.5950, -7.8345, -3.1234, -0.3584, +0.3296, -0.5756, -2.4702, +1.0406, +6.0118, +5.6249, +5.0036, +3.4659, +5.4506, +5.9965, +5.9052, +8.6206, +9.4859, +7.6957, +6.7756, +5.9949, +9.0650, +7.8490, +7.3898, +6.9437, +8.3967, +7.3493, +7.6961, +7.7621, +8.0085, +6.3915, +6.2838, +8.8389, +8.8120, +7.0037, +6.2050, +5.8338, +7.8500, +7.4411, +8.9243, +8.0447, +8.0413, +8.3776, +8.2441, +8.6433, +8.5026, +7.9723, +7.2958, +7.8671, +8.0824, +8.6292, +9.0318, +9.3505, +9.1031, +10.0205, +9.7203, +7.3325, +7.7928, +9.0124, +9.6313, +9.0078, +8.3272, +8.4944, +8.8719, +10.0944, +9.6161, +7.7081, +8.8354, +6.8328, +8.3115, +9.8531, +11.3344, +10.8384, +9.6334, +8.9242, +8.8515, +7.2711, +8.3159, +8.7559, +9.6614, +9.2403, +10.4642, +8.4456, +8.2526, +8.3895, +8.7343, +9.4203, +9.4964, +9.7335, +9.3877, +8.9880, +8.1434, +8.9806, +10.1847, +10.6569, +9.7814, +10.1172, +8.6005, +7.9046, +7.1884, +8.0705, +8.9118, +9.1306, +9.9251, +9.5968, +8.5185, +9.0751, +8.7769, +9.4570, +9.4652, +9.4967, +9.1151, +9.0927, +7.5710, +8.1078, +9.4836, +9.5280, +9.8170, +9.4488, +10.1172, +9.4161, +9.3714, +9.5931, +10.3084, +9.4961, +10.0035, +9.5135, +9.3630, +8.2644, +9.5691, +8.9729, +9.2211, +9.7382, +10.4862, +10.1972, +9.5501, +9.7163, +9.4343, +9.1838, +8.2783, +8.5856, +9.0680, +8.7983, +9.7393, +10.0340, +9.2993, +8.5977, +8.7491, +9.3462, +9.3528, +10.3982, +10.7180, +10.0421, +9.4120, +10.6417, +10.5981, +9.7959, +9.0723, +9.2691, +9.1548, +8.9908, +9.1154, +9.6031, +9.0432, +8.6688, +9.1616, +10.0457, +9.8034, +10.6974, +10.4080, +10.2126, +10.2308, +9.7197, +9.4436, +9.4561, +9.3810, +9.4842, +10.8705, +10.2610, +9.9273, +9.7271, +10.2582, +9.4711, +8.7106, +9.0971, +9.9527, +8.9609, +9.5948, +9.0635, +9.8491, +10.1840, +9.9704, +10.1595, +11.0073, +9.6774, +9.4627, +9.7948, +10.3874, +10.9784, +11.0416, +9.9203, +8.9204, +9.4754, +9.7557, +10.3577, +10.0057, +9.9015, +9.2407, +9.7814, +9.0071, +9.6267, +9.6637, +9.8439, +9.8159, +10.8119, +10.7747, +10.2618, +9.7369, +9.0752, +8.6047, +9.4670, +10.8849, +10.1747, +9.4502, +8.7664, +10.0424, +10.5220, +10.2907, +10.1606, +10.3431, +11.0842, +10.4559, +10.3791, +9.3851, +9.8205, +9.4632, +9.8682, +8.9872, +9.8201, +9.6929, +9.7760, +9.6215, +10.2891, +10.0844, +9.6206, +9.9220, +10.1585, +10.4018, +10.4530, +10.2332, +10.5865, +9.9033, +10.6589, +10.0613, +9.7174, +10.0090, +10.4620, +9.9293, +9.1950, +9.9551, +10.0510, +9.9888, +10.6410, +9.8742, +10.5693, +10.8213, +10.1457, +9.0776, +9.6882, +9.9737, +10.8241, +9.8355, +10.4566, +10.6047, +10.5020, +9.6433, +10.7081, +10.5385, +10.7338, +10.1081, +10.3318, +10.0479, +9.9507, +10.6618, +10.7238, +9.7981, +10.5058, +10.6862, +10.4224, +9.5964, +9.8343, +11.1332, +10.6039, +9.6855, +10.2266, +11.6075, +10.4941, +9.9977, +10.8325, +11.0418, +9.6010, +9.8517, +10.1081, +10.4789, +11.1338, +10.6803, +10.2277, +10.6206, +10.6614, +10.8289, +10.2858, +9.4508, +9.2751, +10.1720, +9.2639, +9.6333, +9.8750, +9.3381, +10.2834, +10.5603, +10.0780, +9.7009, +9.7688, +10.3896, +10.8116, +10.6204, +10.7687, +10.8059, +10.7293, +11.3431, +10.9008, +10.7616, +10.0660, +10.6030, +11.1248, +10.7337, +11.2394, +10.8416, +10.9244, +10.4448, +10.4668, +10.1337, +10.1103, +10.4783, +11.0720, +10.8819, +10.8339, +10.7209, +11.6395, +10.9017, +10.3434, +10.1639, +10.9191, +10.6417, +10.3307, +10.9027, +10.9240, +10.2491, +10.7135, +10.8784, +10.6132, +11.6556, +11.1039, +10.7290, +10.2980, +10.2319, +10.8966, +11.0647, +11.1287, +10.7647, +11.1296, +10.9187, +11.2828, +10.3553, +10.9923, +11.1709, +10.8525, +11.0848, +11.4135, +11.4435, +10.3165, +10.1590, +10.4733, +11.5587, +11.6530, +11.1594, +10.6766, +11.1312, +11.0732, +10.7758, +10.4856, +11.1155, +10.9881, +11.0306, +10.5876, +9.9703, +10.6943, +10.7230, +11.2240, +11.5032, +10.5350, +10.9393, +11.8361, +12.0421, +11.0863, +10.5513, +10.3214, +10.8240, +10.9300, +10.0007, +9.9495, +11.0669, +11.2391, +11.1096, +11.5580, +12.0189, +11.5810, +11.7508, +11.4206, +11.9798, +11.3475, +11.5561, +9.9224, +10.8137, +10.8135, +10.9292, +10.4686, +10.6790, +10.6367, +9.9545, +10.2673, +10.5452, +11.1491, +10.8809, +9.7530, +11.5024, +11.7058, +11.0129, +11.7416, +11.4257, +10.5841, +11.1145, +11.1160, +10.6387, +10.5830, +10.6434, +10.2505, +11.1640, +11.3896, +11.2120, +10.6305, +11.1381, +11.1826, +11.9841, +10.6004, +10.9734, +10.7607, +11.4384, +10.6877, +11.0840, +11.1360, +10.6124, +9.6797, +10.4284, +10.8450, +11.3503, +11.4181, +11.2935, +10.7930, +10.5643, +10.5380, +11.0903, +10.9493, +10.6117, +10.6885, +10.2221, +10.5466, +10.3902, +11.3030, +10.6978, +11.3371, +11.4273, +11.8969, +11.9286, +11.5611, +11.4087, +11.7761, +11.5513, +11.4235, +11.2990, +10.2632, +10.2807, +10.8217, +11.4333, +10.3852, +10.2993, +11.1754, +10.3239, +11.0442, +11.1339, +11.3870, +11.6119, +11.2807, +11.8761, +11.0227, +11.7002, +11.1462, +10.9293, +11.8872, +11.0178, +10.7570, +10.8542, +11.3756, +11.7044, +11.5917, +11.5015, +11.4724, +11.1627, +11.7529, +11.4184, +11.6668, +10.9695, +11.4118, +11.5986, +11.7737, +11.4374, +11.0705, +11.2023, +11.4277, +11.8500, +11.4790, +11.5234, +11.3155, +11.5155, +11.3033, +12.2296, +11.2410, +10.1369, +10.6836, +11.2281, +11.7925, +11.1225, +11.0557, +11.4041, +11.3381, +11.0562, +9.8442, +10.7783, +10.4987, +11.2310, +11.2692, +11.1299, +11.5658, +11.1389, +11.1854, +11.1998, +11.7879, +11.6268, +11.4534, +11.3350, +11.3336, +11.4655, +11.6628, +11.3792, +11.4124, +11.4451, +10.7623, +10.7732, +11.3576, +11.8372, +11.9701, +11.8332, +11.0315, +11.0615, +11.9957, +11.9627, +11.8307, +11.6286, +11.6146, +10.9717, +11.0813, +11.1402, +11.5174, +10.8642, +9.9797, +10.8878, +11.4866, +11.6884, +10.9825, +11.1165, +11.1396, +11.3813, +11.3836, +11.2241, +11.3514, +11.2073, +11.8958, +11.2054, +11.7366, +12.1966, +11.8628, +11.6566, +11.2366, +12.1812, +11.6436, +11.1075, +11.3732, +10.8922, +11.5399, +12.4359, +12.0435, +11.6884, +11.8268, +12.2485, +11.4122, +11.3871, +11.3772, +11.6803, +11.2704, +10.9962, +10.9794, +11.1010, +11.7930, +11.8132, +11.0457, +11.6048, +11.6820, +11.0476, +11.3919, +11.8416, +11.8187, +11.0594, +10.5470, +11.6649, +11.1269, +11.1530, +10.9662, +11.4556, +11.6713, +11.3641, +10.8286, +10.8195, +12.2445, +12.0953, +12.3186, +11.8729, +11.4471, +11.5518, +11.4235, +11.3880, +11.2943, +10.8951, +12.0588, +12.1254, +11.9459, +11.8509, +11.3201, +11.2470, +12.6568, +11.9529, +11.8518, +11.1642, +11.4072, +12.0448, +11.3268, +11.3031, +11.7018, +11.6627, +11.1821, +11.2174, +11.6259, +12.1893, +11.8738, +11.8065, +11.9966, +11.7081, +12.1461, +11.9898, +11.6264, +12.0677, +12.4215, +12.2706, +11.6231, +11.4542, +11.5484, +11.0603, +11.1749, +11.6847, +11.6773, +11.6202, +11.4945, +11.7663, +11.9604, +11.7747, +11.2307, +11.2334, +12.0961, +11.7941, +12.1314, +12.0487, +11.7392, +11.7979, +11.6242, +11.2281, +11.2610, +11.8829, +11.6527, +11.5707, +10.8676, +11.5126, +11.6428, +11.4006, +11.9280, +12.3181, +11.8532, +11.9238, +11.6745, +11.4257, +10.9738, +10.9417, +11.5932, +12.1469, +11.8768, +11.1607, +11.8181, +11.5952, +12.1951, +11.9153, +12.3301, +12.2121, +12.1966, +11.4530, +11.7941, +11.8584, +12.2101, +11.3157, +11.5365, +11.4909, +11.2998, +10.9669, +11.5305, +12.1587, +11.9823, +11.7418, +11.6601, +11.6754, +11.2997, +11.3597, +11.8110, +11.9671, +11.2102, +12.3449, +11.9854, +11.8493, +11.4584, +12.0422, +11.6960, +11.5712, +12.0733, +11.6301, +11.6403, +11.8089, +11.8721, +11.4129, +11.5419, +12.1666, +12.0051, +12.0906, +12.5312, +11.3873, +11.7204, +11.1223, +12.0237, +10.4269, +11.5709, +11.9713, +12.2327, +12.1199, +12.2690, +12.3943, +11.7102, +11.6081, +12.2512, +11.6878, +11.3097, +11.5933, +11.8110, +11.1033, +11.2985, +12.1102, +11.9174, +11.9394, +11.8347, +11.8397, +12.2193, +11.4545, +11.5313, +12.5412, +11.8150, +11.7235, +11.8283, +11.8676, +10.9956, +11.6327, +12.6393, +12.3113, +11.5323, +10.7782, +11.7093, +11.0724, +11.2499, +12.1032, +12.0139, +11.7323, +12.0616, +11.5454, +11.4305, +12.2448, +11.9586, +11.8482, +11.5082, +11.1838, +12.2634, +12.2218, +12.0407, +11.9418, +11.7414, +11.5252, +11.9047, +12.2771, +11.7397, +11.5858, +11.7877, +11.2278, +11.3365, +11.9329, +11.8347, +11.8063, +12.0990, +11.6644, +12.3212, +12.0457, +12.0415, +12.2580, +11.6427, +11.2687, +11.3718, +12.2720, +12.1164, +11.6241, +11.0549, +11.7814, +11.5045, +11.8846, +11.7244, +11.8164, +10.8015, +11.5788, +11.5834, +11.9003, +11.8057, +11.1597, +12.2513, +12.0910, +11.7327, +12.1032, +11.8772, +11.6749, +12.0948, +12.3110, +11.7183, +11.6872, +11.7737, +12.7580, +11.8025, +11.7754, +11.7785, +11.4018, +10.5375, +11.0208, +11.7768, +12.0988, +12.3865, +12.0382, +12.3216, +12.2309, +11.7549, +12.0874, +11.5442, +11.9468, +11.9184, +12.0956, +11.5110, +11.5575, +11.7381, +11.6099, +11.6919]
            ep_length_mean: [+0.0000, +0.0000, +0.0000, +0.0000, +1272.0000, +1472.6750, +1675.0961, +1838.6580, +0.0000, +0.0000, +1272.5000, +1492.0399, +1612.1622, +1704.2223, +1815.3000, +1237.0000, +1369.0000, +1476.4445, +1521.6279, +1621.1622, +1646.0270, +1423.3334, +1264.6667, +1304.9276, +1350.3600, +1440.0781, +1289.7334, +1078.7142, +1102.3407, +1114.5056, +1168.4000, +1097.8667, +1058.5818, +1091.3895, +975.4838, +892.4857, +984.8764, +1027.4839, +1058.5834, +864.2128, +958.6161, +990.2972, +1017.5750, +933.9394, +959.2844, +955.0303, +957.1621, +936.3454, +1016.8229, +1016.1295, +887.4872, +903.1212, +985.1429, +1029.1666, +1032.6182, +934.5125, +967.9512, +912.7090, +966.3834, +944.4271, +946.0161, +940.3273, +930.0519, +945.2839, +960.6429, +980.4028, +946.0964, +956.7250, +932.2076, +894.6143, +892.3093, +901.8261, +867.3962, +884.4405, +985.1857, +940.9207, +880.0202, +860.1754, +888.0770, +937.4839, +919.8796, +908.0000, +868.0411, +862.7937, +978.5066, +917.9272, +981.7714, +921.1900, +886.7093, +777.7846, +817.5797, +881.8462, +926.8947, +905.6539, +961.3975, +927.5950, +910.6572, +855.8933, +875.9286, +818.7000, +909.4225, +936.1733, +919.2369, +900.6522, +872.4827, +868.3530, +872.0741, +888.5741, +879.8442, +934.0778, +911.7903, +841.3104, +817.3889, +866.7834, +833.8182, +924.6962, +943.1519, +963.9153, +914.0405, +924.4048, +907.6266, +865.2727, +871.9594, +902.8675, +889.4445, +894.5312, +866.7534, +895.9263, +885.8841, +868.6042, +900.9539, +961.0575, +941.9268, +867.6923, +872.7957, +849.3226, +882.1251, +833.3215, +891.9909, +897.1451, +879.8548, +834.8792, +880.8652, +860.9286, +866.6420, +890.9694, +908.5894, +867.8167, +893.9277, +914.1489, +867.8438, +832.5000, +866.3596, +889.3334, +846.3607, +895.0127, +919.1613, +970.2237, +921.0281, +884.6184, +917.9600, +888.7857, +891.2069, +898.6948, +909.8591, +922.8800, +876.8975, +903.6035, +860.2292, +800.6985, +846.8707, +878.3969, +835.3333, +833.9342, +868.6074, +910.7636, +865.2979, +892.7087, +921.3780, +901.6429, +880.8965, +898.5250, +939.5247, +892.6494, +860.9529, +893.6265, +823.6269, +826.3243, +855.5495, +846.2983, +874.5128, +896.7143, +904.8453, +890.4478, +876.5402, +844.3692, +871.0540, +869.3793, +863.5139, +846.4329, +884.9028, +912.3425, +898.7765, +866.7097, +897.8572, +899.5417, +915.8472, +861.9429, +841.9877, +852.2143, +870.3677, +803.1125, +897.6296, +880.0001, +870.4079, +849.6465, +816.8873, +800.8055, +843.0281, +893.1250, +858.6494, +877.3333, +851.0145, +871.1140, +864.8310, +909.0001, +850.6266, +916.1149, +871.6129, +876.5206, +865.7913, +871.3590, +794.7206, +830.7766, +832.5322, +868.7878, +903.6486, +901.9214, +896.5375, +809.6035, +862.4666, +874.3378, +926.7470, +871.1111, +847.1528, +850.8666, +848.1687, +844.5114, +797.0001, +839.3125, +827.0281, +883.2222, +865.7180, +878.2951, +856.4211, +917.0968, +849.0161, +859.9207, +875.1398, +890.3947, +856.4127, +856.0658, +881.4615, +871.4520, +835.2985, +830.2501, +840.6364, +847.2466, +839.3366, +857.9572, +811.3104, +872.6932, +881.6000, +853.9459, +828.3466, +868.1324, +894.5584, +848.6667, +875.7073, +862.0000, +836.5303, +868.0225, +845.0337, +840.3448, +838.7667, +890.2396, +881.6310, +861.9394, +786.0781, +865.1826, +852.7143, +833.6377, +848.5883, +887.3229, +808.3939, +813.9296, +834.8617, +877.3195, +837.9649, +852.0440, +871.1778, +826.0735, +823.8065, +868.7209, +860.0825, +859.3929, +817.4286, +875.1875, +892.5851, +803.4783, +812.3055, +866.2719, +831.5075, +769.2545, +831.2407, +860.1948, +818.9091, +808.3334, +874.0533, +869.0769, +835.5506, +820.6047, +794.9825, +828.5111, +868.7901, +840.5883, +831.1140, +834.8375, +854.1539, +880.1251, +899.7701, +861.3889, +899.2264, +853.3506, +877.0225, +885.7121, +839.0000, +848.5325, +876.4688, +871.2051, +884.3956, +832.9863, +803.0656, +828.2354, +829.1667, +803.7314, +822.4255, +793.8571, +820.9342, +817.9091, +849.8691, +830.7553, +790.9692, +819.1125, +811.1136, +834.8312, +806.9553, +827.4546, +842.4366, +859.9589, +864.1567, +839.4535, +821.8875, +817.6232, +808.8965, +839.6083, +786.8333, +804.5317, +853.6591, +866.2400, +807.7123, +824.7340, +834.7849, +825.7500, +810.9643, +868.4478, +846.4886, +826.5057, +808.4615, +764.1702, +807.1572, +835.5374, +835.8539, +847.5909, +791.8143, +811.2716, +814.2000, +820.2093, +810.2842, +828.8621, +793.6765, +856.1622, +818.2794, +799.0563, +823.3300, +806.6709, +796.6471, +769.4138, +834.4883, +856.6552, +848.6456, +783.7841, +787.3600, +791.8271, +826.0796, +784.0682, +807.0757, +802.8684, +847.8588, +814.2472, +801.8182, +819.6667, +855.3049, +865.6857, +823.6951, +830.3636, +796.5945, +776.9509, +847.9694, +808.2262, +773.6896, +758.4594, +808.8508, +824.3370, +848.8387, +820.7451, +816.3014, +860.3400, +874.9445, +790.4594, +809.9314, +809.4109, +783.8523, +766.3375, +793.8261, +755.9702, +786.2040, +766.1647, +798.0151, +774.7606, +861.1547, +828.8889, +823.6111, +818.5000, +838.8588, +823.3125, +831.5491, +852.9462, +846.1522, +828.4000, +815.1250, +807.3334, +874.9691, +764.2239, +758.3956, +815.5269, +773.2344, +791.1685, +841.4051, +816.2000, +824.9565, +829.5333, +825.1268, +838.4933, +848.4396, +811.4250, +796.6456, +814.2325, +845.2272, +801.8462, +817.1957, +730.2885, +832.9810, +816.7195, +826.6290, +791.6428, +831.9861, +822.6191, +818.5065, +822.3158, +885.3700, +826.2911, +801.7013, +787.1808, +796.3544, +782.3188, +823.4368, +861.2133, +830.6709, +812.5190, +831.2738, +820.0964, +813.8438, +842.1177, +843.5753, +844.8842, +795.8028, +833.1951, +794.1125, +786.1667, +750.5658, +753.4324, +794.7174, +779.3059, +781.2839, +776.2000, +796.3117, +796.0517, +847.2200, +848.4546, +831.9355, +774.5281, +841.8530, +852.4286, +795.5942, +849.3895, +805.9143, +792.3691, +795.0209, +770.2308, +813.4941, +756.8948, +809.4217, +768.2064, +798.6000, +814.8395, +767.3970, +813.3205, +817.7582, +806.4756, +782.6118, +775.0000, +775.1646, +796.3864, +799.5652, +807.9792, +770.6334, +788.2192, +770.3014, +814.5212, +807.3146, +770.7820, +771.9222, +790.1030, +811.9412, +806.3656, +799.9136, +756.2857, +788.5432, +779.7177, +802.8824, +776.8372, +801.7294, +758.3704, +794.8871, +855.4097, +827.1616, +803.7500, +753.2927, +796.6375, +818.4074, +789.8025, +805.1184, +806.9747, +868.9250, +812.6471, +838.6849, +812.3000, +810.9341, +799.6875, +779.4458, +793.7375, +797.1522, +799.0121, +765.7722, +767.7629, +770.6765, +792.8780, +791.1196, +800.2125, +760.6842, +788.0693, +804.2460, +786.3647, +818.9326, +829.0417, +786.6000, +773.0110, +762.1478, +763.7222, +790.8764, +813.9053, +748.6579, +744.7816, +767.3445, +765.7500, +776.3867, +809.3699, +815.0207, +822.2500, +768.8572, +820.8256, +868.6989, +809.1209, +795.8987, +773.4615, +805.9888, +793.3538, +790.3204, +797.8916, +773.2059, +805.6629, +786.5811, +808.3600, +757.8591, +796.1798, +776.5671, +748.5385, +769.0667, +788.5056, +819.9883, +741.2667, +776.1170, +815.8125, +765.0896, +803.0392, +791.3021, +729.7846, +754.1631, +794.0652, +781.6282, +746.5062, +808.8462, +784.8203, +779.0761, +774.8055, +782.2169, +820.5715, +801.3766, +797.3125, +786.4000, +754.5000, +798.5784, +782.0274, +774.7105, +810.8667, +787.3978, +764.0658, +754.8648, +811.8025, +854.2968, +771.1053, +808.6207, +799.5342, +802.3663, +775.8902, +764.1060, +780.1446, +825.3095, +798.3617, +745.0435, +738.3215, +733.5632, +758.7093, +794.7342, +772.3253, +801.8864, +788.4932, +786.9351, +820.6505, +750.8133, +762.2084, +764.8000, +778.0875, +800.3615, +802.4545, +714.5532, +744.1884, +749.6967, +801.4615, +780.9600, +758.5638, +790.5775, +789.8810, +783.8119, +766.0566, +803.8100, +811.0737, +740.5286, +739.6289, +775.5765, +771.1299, +754.9091, +788.1562, +767.1212, +764.5000, +777.7115, +744.4066, +722.2875, +735.4167, +790.3426, +803.8715, +770.8799, +794.2935, +806.0909, +767.1233, +768.6344, +770.3383, +797.2857, +773.2755, +760.6533, +767.7532, +803.6923, +807.0000, +746.7901, +765.7177, +744.8515, +752.3378, +759.8203, +768.2184, +771.5309, +790.5695, +808.8422, +774.8875, +783.1266, +779.9895, +814.2466, +773.8902, +772.7790, +781.4197, +750.1341, +740.0233, +747.1333, +754.4713, +787.9794, +781.3065, +803.3615, +820.9327, +781.6232, +737.5796, +770.3296, +791.4177, +745.6989, +784.2040, +736.8889, +770.2353, +744.6572, +741.2639, +739.9756, +780.4904, +742.5073, +761.7172, +737.0806, +798.0000, +796.0253, +768.6203, +796.0582, +792.1149, +771.7471, +735.9091, +766.5582, +772.4643, +774.9802, +755.4118, +780.6789, +798.4706, +759.6462, +757.1727, +803.6404, +735.0000, +748.1978, +776.3163, +775.9583, +749.5977, +770.6526, +790.5270, +749.1124, +779.5444, +769.5663, +769.6625, +758.8780, +791.4773, +770.2935, +740.7500, +744.6667, +743.2159, +723.7733, +796.0417, +756.9259, +804.4659, +742.5540, +834.6375, +781.7059, +763.5250, +730.6296, +759.3364, +726.1750, +732.9429, +763.2170, +775.2169, +735.1268, +783.8710, +797.4186, +786.9594, +768.8666, +806.5369, +785.4940, +753.8750, +762.4270, +755.4699, +750.2500, +753.6848, +720.3692, +759.3832, +796.2772, +702.5522, +779.7449, +781.7717, +781.9467, +739.3380, +798.3854, +777.3661, +727.6562, +735.7692, +781.0606, +829.0533, +770.8710, +816.6961, +817.4883, +736.7975, +745.8800, +776.1807, +737.6923, +772.4211, +790.7941, +725.7738, +770.5044, +737.9074, +770.2709, +796.4898, +749.0883, +750.0636, +758.4028, +766.5599, +759.9532, +767.7375, +737.9467, +752.3021, +771.7241, +772.6891, +768.0804, +801.5851, +781.0143, +750.1818, +761.9762, +759.1096, +746.3495, +769.7614, +727.0128, +751.7900, +754.5238, +725.1519, +767.5063, +791.0425, +792.6310, +738.5975, +768.1818, +764.5526, +812.3778, +763.8068, +774.6951, +763.8000, +765.3372, +765.7191, +796.1690, +766.4787, +787.9765, +770.9351, +772.4940, +795.0981, +723.7901, +738.2584, +742.4623, +750.8608, +763.8112, +776.7500, +765.1633, +756.5128, +778.4167, +765.1932, +785.6702, +710.5263, +774.4955, +762.1326, +755.3662, +789.0225, +821.2180, +799.3478, +753.5165, +747.2667, +724.1446, +762.0207, +741.0244, +721.4368, +771.4362, +734.0147, +779.8687, +753.1688, +762.3259, +765.6705, +767.8889, +789.9246, +767.4559, +746.5228, +774.0400]
               reward_mean: [-0.0056, -0.0058, -0.0052, -0.0060, -0.0060, -0.0052, -0.0057, -0.0056, -0.0057, -0.0043, -0.0056, -0.0044, -0.0052, -0.0057, -0.0040, -0.0037, -0.0046, -0.0031, -0.0035, -0.0030, -0.0026, -0.0004, -0.0010, +0.0021, +0.0016, +0.0023, +0.0041, +0.0057, +0.0063, +0.0046, +0.0053, +0.0061, +0.0082, +0.0074, +0.0065, +0.0098, +0.0082, +0.0069, +0.0090, +0.0060, +0.0071, +0.0079, +0.0105, +0.0089, +0.0056, +0.0082, +0.0076, +0.0065, +0.0075, +0.0064, +0.0079, +0.0061, +0.0073, +0.0090, +0.0087, +0.0102, +0.0066, +0.0087, +0.0080, +0.0087, +0.0084, +0.0066, +0.0101, +0.0084, +0.0080, +0.0078, +0.0105, +0.0107, +0.0091, +0.0117, +0.0101, +0.0096, +0.0070, +0.0101, +0.0105, +0.0100, +0.0112, +0.0090, +0.0074, +0.0117, +0.0110, +0.0087, +0.0086, +0.0078, +0.0075, +0.0113, +0.0094, +0.0128, +0.0129, +0.0120, +0.0100, +0.0084, +0.0100, +0.0082, +0.0094, +0.0109, +0.0119, +0.0109, +0.0091, +0.0105, +0.0082, +0.0085, +0.0093, +0.0121, +0.0121, +0.0109, +0.0080, +0.0084, +0.0127, +0.0114, +0.0132, +0.0110, +0.0105, +0.0107, +0.0081, +0.0097, +0.0075, +0.0087, +0.0105, +0.0118, +0.0079, +0.0103, +0.0123, +0.0109, +0.0103, +0.0099, +0.0122, +0.0087, +0.0074, +0.0102, +0.0083, +0.0092, +0.0109, +0.0125, +0.0112, +0.0107, +0.0101, +0.0111, +0.0122, +0.0110, +0.0110, +0.0109, +0.0107, +0.0129, +0.0094, +0.0084, +0.0100, +0.0115, +0.0110, +0.0133, +0.0106, +0.0105, +0.0116, +0.0113, +0.0092, +0.0085, +0.0080, +0.0095, +0.0123, +0.0117, +0.0102, +0.0090, +0.0098, +0.0098, +0.0122, +0.0099, +0.0115, +0.0116, +0.0120, +0.0122, +0.0114, +0.0107, +0.0129, +0.0110, +0.0095, +0.0119, +0.0104, +0.0097, +0.0097, +0.0104, +0.0096, +0.0098, +0.0109, +0.0128, +0.0110, +0.0123, +0.0126, +0.0114, +0.0106, +0.0113, +0.0106, +0.0117, +0.0103, +0.0119, +0.0118, +0.0121, +0.0124, +0.0114, +0.0099, +0.0107, +0.0093, +0.0095, +0.0109, +0.0110, +0.0099, +0.0118, +0.0104, +0.0131, +0.0118, +0.0124, +0.0131, +0.0114, +0.0114, +0.0111, +0.0123, +0.0129, +0.0124, +0.0111, +0.0105, +0.0091, +0.0118, +0.0123, +0.0115, +0.0111, +0.0105, +0.0125, +0.0106, +0.0100, +0.0112, +0.0126, +0.0121, +0.0124, +0.0136, +0.0127, +0.0076, +0.0081, +0.0113, +0.0138, +0.0116, +0.0100, +0.0096, +0.0127, +0.0109, +0.0118, +0.0119, +0.0136, +0.0117, +0.0133, +0.0129, +0.0123, +0.0116, +0.0112, +0.0098, +0.0107, +0.0121, +0.0098, +0.0117, +0.0101, +0.0103, +0.0129, +0.0123, +0.0106, +0.0107, +0.0131, +0.0119, +0.0124, +0.0121, +0.0127, +0.0128, +0.0110, +0.0107, +0.0132, +0.0116, +0.0117, +0.0104, +0.0126, +0.0114, +0.0102, +0.0125, +0.0127, +0.0130, +0.0119, +0.0108, +0.0124, +0.0113, +0.0111, +0.0112, +0.0106, +0.0121, +0.0133, +0.0136, +0.0123, +0.0114, +0.0107, +0.0138, +0.0117, +0.0123, +0.0109, +0.0125, +0.0122, +0.0109, +0.0103, +0.0138, +0.0136, +0.0118, +0.0105, +0.0130, +0.0118, +0.0123, +0.0131, +0.0111, +0.0103, +0.0132, +0.0122, +0.0144, +0.0125, +0.0114, +0.0118, +0.0117, +0.0137, +0.0139, +0.0129, +0.0120, +0.0122, +0.0119, +0.0130, +0.0123, +0.0104, +0.0108, +0.0123, +0.0102, +0.0111, +0.0123, +0.0105, +0.0127, +0.0109, +0.0127, +0.0125, +0.0112, +0.0111, +0.0119, +0.0128, +0.0120, +0.0138, +0.0148, +0.0141, +0.0132, +0.0108, +0.0125, +0.0136, +0.0141, +0.0132, +0.0142, +0.0132, +0.0131, +0.0140, +0.0129, +0.0089, +0.0112, +0.0133, +0.0137, +0.0132, +0.0146, +0.0136, +0.0110, +0.0122, +0.0137, +0.0131, +0.0112, +0.0146, +0.0126, +0.0127, +0.0137, +0.0133, +0.0118, +0.0130, +0.0120, +0.0158, +0.0140, +0.0123, +0.0132, +0.0139, +0.0121, +0.0134, +0.0138, +0.0120, +0.0139, +0.0141, +0.0141, +0.0121, +0.0124, +0.0131, +0.0136, +0.0149, +0.0145, +0.0121, +0.0134, +0.0131, +0.0115, +0.0133, +0.0152, +0.0146, +0.0140, +0.0135, +0.0150, +0.0121, +0.0126, +0.0146, +0.0112, +0.0141, +0.0138, +0.0115, +0.0123, +0.0132, +0.0125, +0.0136, +0.0135, +0.0143, +0.0147, +0.0148, +0.0141, +0.0125, +0.0137, +0.0130, +0.0138, +0.0118, +0.0097, +0.0116, +0.0150, +0.0146, +0.0135, +0.0158, +0.0155, +0.0144, +0.0144, +0.0143, +0.0157, +0.0143, +0.0111, +0.0146, +0.0118, +0.0120, +0.0133, +0.0162, +0.0130, +0.0099, +0.0119, +0.0132, +0.0122, +0.0127, +0.0132, +0.0140, +0.0142, +0.0147, +0.0145, +0.0141, +0.0137, +0.0135, +0.0132, +0.0117, +0.0129, +0.0134, +0.0123, +0.0139, +0.0127, +0.0145, +0.0143, +0.0133, +0.0127, +0.0118, +0.0152, +0.0150, +0.0127, +0.0135, +0.0142, +0.0128, +0.0125, +0.0130, +0.0114, +0.0139, +0.0125, +0.0148, +0.0150, +0.0133, +0.0131, +0.0129, +0.0123, +0.0131, +0.0132, +0.0125, +0.0123, +0.0133, +0.0146, +0.0117, +0.0117, +0.0142, +0.0127, +0.0160, +0.0133, +0.0163, +0.0156, +0.0134, +0.0152, +0.0157, +0.0150, +0.0151, +0.0109, +0.0128, +0.0135, +0.0130, +0.0135, +0.0124, +0.0125, +0.0125, +0.0138, +0.0134, +0.0151, +0.0146, +0.0124, +0.0159, +0.0147, +0.0148, +0.0139, +0.0151, +0.0133, +0.0142, +0.0134, +0.0142, +0.0144, +0.0147, +0.0132, +0.0152, +0.0152, +0.0149, +0.0134, +0.0131, +0.0152, +0.0150, +0.0132, +0.0151, +0.0142, +0.0158, +0.0135, +0.0133, +0.0152, +0.0146, +0.0146, +0.0145, +0.0138, +0.0145, +0.0158, +0.0151, +0.0132, +0.0138, +0.0131, +0.0135, +0.0143, +0.0132, +0.0137, +0.0149, +0.0148, +0.0138, +0.0124, +0.0109, +0.0149, +0.0123, +0.0120, +0.0141, +0.0136, +0.0154, +0.0141, +0.0142, +0.0155, +0.0156, +0.0161, +0.0124, +0.0153, +0.0144, +0.0156, +0.0145, +0.0134, +0.0126, +0.0144, +0.0148, +0.0132, +0.0157, +0.0142, +0.0169, +0.0142, +0.0140, +0.0138, +0.0155, +0.0156, +0.0174, +0.0158, +0.0145, +0.0109, +0.0140, +0.0138, +0.0124, +0.0135, +0.0141, +0.0132, +0.0145, +0.0142, +0.0132, +0.0136, +0.0147, +0.0154, +0.0127, +0.0150, +0.0154, +0.0130, +0.0144, +0.0155, +0.0151, +0.0153, +0.0149, +0.0160, +0.0150, +0.0138, +0.0156, +0.0138, +0.0131, +0.0148, +0.0156, +0.0153, +0.0155, +0.0151, +0.0155, +0.0149, +0.0159, +0.0134, +0.0145, +0.0153, +0.0141, +0.0141, +0.0126, +0.0155, +0.0152, +0.0144, +0.0145, +0.0138, +0.0148, +0.0157, +0.0154, +0.0140, +0.0139, +0.0132, +0.0138, +0.0144, +0.0137, +0.0148, +0.0139, +0.0139, +0.0143, +0.0127, +0.0151, +0.0146, +0.0165, +0.0162, +0.0153, +0.0148, +0.0148, +0.0146, +0.0140, +0.0146, +0.0144, +0.0146, +0.0170, +0.0164, +0.0141, +0.0153, +0.0152, +0.0149, +0.0170, +0.0147, +0.0143, +0.0156, +0.0146, +0.0130, +0.0158, +0.0156, +0.0137, +0.0152, +0.0147, +0.0148, +0.0151, +0.0172, +0.0146, +0.0136, +0.0152, +0.0157, +0.0160, +0.0157, +0.0151, +0.0164, +0.0172, +0.0165, +0.0138, +0.0156, +0.0143, +0.0143, +0.0137, +0.0148, +0.0149, +0.0142, +0.0158, +0.0155, +0.0135, +0.0152, +0.0150, +0.0135, +0.0167, +0.0166, +0.0154, +0.0167, +0.0151, +0.0157, +0.0127, +0.0141, +0.0158, +0.0141, +0.0153, +0.0146, +0.0136, +0.0146, +0.0152, +0.0164, +0.0170, +0.0147, +0.0142, +0.0168, +0.0149, +0.0132, +0.0141, +0.0139, +0.0152, +0.0156, +0.0146, +0.0136, +0.0161, +0.0158, +0.0163, +0.0179, +0.0151, +0.0172, +0.0147, +0.0146, +0.0165, +0.0166, +0.0141, +0.0146, +0.0145, +0.0149, +0.0142, +0.0148, +0.0158, +0.0147, +0.0145, +0.0164, +0.0162, +0.0147, +0.0140, +0.0128, +0.0157, +0.0157, +0.0162, +0.0158, +0.0148, +0.0148, +0.0168, +0.0149, +0.0155, +0.0142, +0.0141, +0.0160, +0.0153, +0.0154, +0.0146, +0.0162, +0.0157, +0.0163, +0.0182, +0.0133, +0.0155, +0.0141, +0.0161, +0.0150, +0.0139, +0.0135, +0.0155, +0.0164, +0.0170, +0.0166, +0.0166, +0.0152, +0.0152, +0.0148, +0.0166, +0.0143, +0.0133, +0.0155, +0.0150, +0.0132, +0.0153, +0.0167, +0.0161, +0.0152, +0.0164, +0.0153, +0.0151, +0.0162, +0.0163, +0.0132, +0.0163, +0.0149, +0.0156, +0.0142, +0.0156, +0.0169, +0.0163, +0.0131, +0.0144, +0.0144, +0.0154, +0.0129, +0.0154, +0.0172, +0.0153, +0.0143, +0.0159, +0.0143, +0.0150, +0.0170, +0.0153, +0.0154, +0.0152, +0.0146, +0.0172, +0.0152, +0.0158, +0.0149, +0.0149, +0.0165, +0.0145, +0.0172, +0.0161, +0.0124, +0.0169, +0.0146, +0.0138, +0.0166, +0.0145, +0.0159, +0.0172, +0.0153, +0.0159, +0.0166, +0.0163, +0.0152, +0.0157, +0.0155, +0.0136, +0.0161, +0.0158, +0.0141, +0.0155, +0.0153, +0.0150, +0.0159, +0.0149, +0.0131, +0.0153, +0.0144, +0.0148, +0.0150, +0.0161, +0.0143, +0.0170, +0.0173, +0.0151, +0.0151, +0.0150, +0.0164, +0.0173, +0.0147, +0.0147, +0.0164, +0.0155, +0.0158, +0.0149, +0.0152, +0.0158, +0.0121, +0.0137, +0.0159, +0.0155, +0.0167, +0.0158, +0.0168, +0.0162, +0.0159, +0.0167, +0.0150, +0.0177, +0.0142, +0.0128, +0.0143, +0.0150, +0.0173, +0.0163, +0.0143, +0.0168, +0.0156]
                actor_loss: [-0.0003, -0.0004, -0.0013, -0.0007, -0.0010, -0.0021, -0.0002, -0.0012, -0.0011, -0.0032, -0.0042, -0.0048, -0.0051, -0.0048, -0.0059, -0.0075, -0.0070, -0.0077, -0.0087, -0.0092, -0.0101, -0.0114, -0.0119, -0.0130, -0.0111, -0.0104, -0.0105, -0.0107, -0.0109, -0.0096, -0.0100, -0.0094, -0.0097, -0.0097, -0.0092, -0.0105, -0.0064, -0.0072, -0.0079, -0.0055, -0.0071, -0.0078, -0.0088, -0.0086, -0.0079, -0.0098, -0.0087, -0.0084, -0.0080, -0.0084, -0.0096, -0.0107, -0.0101, -0.0105, -0.0123, -0.0113, -0.0117, -0.0123, -0.0118, -0.0124, -0.0118, -0.0096, -0.0118, -0.0114, -0.0138, -0.0146, -0.0136, -0.0143, -0.0143, -0.0146, -0.0138, -0.0136, -0.0125, -0.0141, -0.0138, -0.0124, -0.0149, -0.0176, -0.0143, -0.0138, -0.0146, -0.0133, -0.0139, -0.0126, -0.0171, -0.0140, -0.0153, -0.0151, -0.0153, -0.0153, -0.0144, -0.0165, -0.0125, -0.0151, -0.0147, -0.0136, -0.0142, -0.0132, -0.0131, -0.0126, -0.0148, -0.0153, -0.0143, -0.0159, -0.0161, -0.0136, -0.0102, -0.0119, -0.0151, -0.0115, -0.0143, -0.0147, -0.0143, -0.0129, -0.0150, -0.0142, -0.0136, -0.0142, -0.0139, -0.0149, -0.0103, -0.0147, -0.0159, -0.0187, -0.0184, -0.0184, -0.0187, -0.0191, -0.0146, -0.0173, -0.0133, -0.0152, -0.0142, -0.0154, -0.0165, -0.0163, -0.0172, -0.0143, -0.0148, -0.0129, -0.0171, -0.0146, -0.0157, -0.0129, -0.0150, -0.0161, -0.0145, -0.0180, -0.0167, -0.0190, -0.0157, -0.0161, -0.0161, -0.0162, -0.0163, -0.0185, -0.0186, -0.0171, -0.0181, -0.0162, -0.0174, -0.0148, -0.0161, -0.0179, -0.0153, -0.0166, -0.0163, -0.0171, -0.0161, -0.0171, -0.0153, -0.0157, -0.0165, -0.0156, -0.0135, -0.0177, -0.0135, -0.0189, -0.0173, -0.0176, -0.0203, -0.0187, -0.0183, -0.0194, -0.0184, -0.0194, -0.0155, -0.0162, -0.0170, -0.0176, -0.0139, -0.0165, -0.0170, -0.0193, -0.0206, -0.0180, -0.0203, -0.0173, -0.0193, -0.0202, -0.0166, -0.0157, -0.0179, -0.0178, -0.0179, -0.0188, -0.0172, -0.0189, -0.0207, -0.0204, -0.0202, -0.0226, -0.0224, -0.0208, -0.0184, -0.0210, -0.0182, -0.0186, -0.0182, -0.0192, -0.0127, -0.0214, -0.0181, -0.0165, -0.0197, -0.0136, -0.0213, -0.0158, -0.0192, -0.0185, -0.0192, -0.0204, -0.0211, -0.0207, -0.0180, -0.0194, -0.0206, -0.0225, -0.0208, -0.0193, -0.0209, -0.0226, -0.0180, -0.0202, -0.0203, -0.0220, -0.0214, -0.0219, -0.0221, -0.0213, -0.0222, -0.0185, -0.0203, -0.0207, -0.0226, -0.0209, -0.0223, -0.0208, -0.0218, -0.0234, -0.0221, -0.0210, -0.0190, -0.0219, -0.0200, -0.0202, -0.0224, -0.0211, -0.0202, -0.0210, -0.0219, -0.0188, -0.0222, -0.0221, -0.0211, -0.0216, -0.0215, -0.0198, -0.0212, -0.0222, -0.0219, -0.0235, -0.0248, -0.0227, -0.0228, -0.0220, -0.0202, -0.0230, -0.0220, -0.0230, -0.0202, -0.0204, -0.0202, -0.0219, -0.0230, -0.0240, -0.0187, -0.0224, -0.0226, -0.0217, -0.0194, -0.0176, -0.0235, -0.0220, -0.0218, -0.0204, -0.0226, -0.0218, -0.0216, -0.0232, -0.0189, -0.0168, -0.0224, -0.0201, -0.0215, -0.0211, -0.0214, -0.0194, -0.0204, -0.0202, -0.0225, -0.0217, -0.0222, -0.0208, -0.0204, -0.0205, -0.0189, -0.0214, -0.0220, -0.0237, -0.0190, -0.0216, -0.0221, -0.0201, -0.0196, -0.0212, -0.0222, -0.0202, -0.0232, -0.0218, -0.0192, -0.0236, -0.0236, -0.0213, -0.0221, -0.0238, -0.0225, -0.0200, -0.0213, -0.0228, -0.0235, -0.0221, -0.0240, -0.0236, -0.0218, -0.0204, -0.0232, -0.0229, -0.0210, -0.0237, -0.0230, -0.0230, -0.0223, -0.0251, -0.0231, -0.0228, -0.0202, -0.0248, -0.0224, -0.0240, -0.0234, -0.0224, -0.0230, -0.0242, -0.0232, -0.0235, -0.0219, -0.0234, -0.0239, -0.0215, -0.0208, -0.0228, -0.0220, -0.0223, -0.0234, -0.0227, -0.0231, -0.0233, -0.0228, -0.0242, -0.0235, -0.0239, -0.0196, -0.0239, -0.0242, -0.0182, -0.0238, -0.0222, -0.0231, -0.0242, -0.0234, -0.0215, -0.0209, -0.0212, -0.0234, -0.0199, -0.0251, -0.0227, -0.0197, -0.0233, -0.0216, -0.0219, -0.0206, -0.0222, -0.0226, -0.0224, -0.0205, -0.0204, -0.0216, -0.0243, -0.0236, -0.0229, -0.0242, -0.0234, -0.0220, -0.0238, -0.0224, -0.0218, -0.0229, -0.0231, -0.0215, -0.0233, -0.0216, -0.0243, -0.0248, -0.0245, -0.0243, -0.0235, -0.0228, -0.0240, -0.0204, -0.0226, -0.0205, -0.0241, -0.0216, -0.0232, -0.0243, -0.0244, -0.0247, -0.0226, -0.0223, -0.0222, -0.0215, -0.0234, -0.0232, -0.0239, -0.0239, -0.0247, -0.0233, -0.0185, -0.0226, -0.0212, -0.0246, -0.0218, -0.0242, -0.0248, -0.0251, -0.0247, -0.0236, -0.0240, -0.0233, -0.0233, -0.0226, -0.0230, -0.0236, -0.0233, -0.0217, -0.0254, -0.0226, -0.0244, -0.0235, -0.0249, -0.0248, -0.0122, -0.0243, -0.0239, -0.0233, -0.0236, -0.0234, -0.0224, -0.0254, -0.0196, -0.0232, -0.0242, -0.0246, -0.0240, -0.0228, -0.0246, -0.0162, -0.0260, -0.0226, -0.0253, -0.0245, -0.0239, -0.0255, -0.0237, -0.0233, -0.0234, -0.0234, -0.0250, -0.0243, -0.0248, -0.0231, -0.0237, -0.0251, -0.0239, -0.0247, -0.0242, -0.0228, -0.0234, -0.0242, -0.0243, -0.0217, -0.0228, -0.0220, -0.0233, -0.0247, -0.0239, -0.0221, -0.0227, -0.0232, -0.0236, -0.0243, -0.0240, -0.0240, -0.0248, -0.0238, -0.0257, -0.0238, -0.0239, -0.0246, -0.0254, -0.0227, -0.0225, -0.0224, -0.0238, -0.0246, -0.0258, -0.0230, -0.0250, -0.0232, -0.0245, -0.0247, -0.0247, -0.0245, -0.0232, -0.0225, -0.0238, -0.0240, -0.0248, -0.0216, -0.0231, -0.0249, -0.0215, -0.0245, -0.0227, -0.0235, -0.0233, -0.0226, -0.0238, -0.0227, -0.0231, -0.0239, -0.0234, -0.0244, -0.0233, -0.0216, -0.0246, -0.0246, -0.0253, -0.0238, -0.0232, -0.0229, -0.0247, -0.0241, -0.0239, -0.0237, -0.0240, -0.0222, -0.0212, -0.0234, -0.0221, -0.0235, -0.0231, -0.0240, -0.0230, -0.0235, -0.0239, -0.0222, -0.0231, -0.0221, -0.0238, -0.0223, -0.0198, -0.0225, -0.0214, -0.0202, -0.0252, -0.0233, -0.0241, -0.0241, -0.0235, -0.0212, -0.0233, -0.0233, -0.0234, -0.0227, -0.0229, -0.0233, -0.0200, -0.0211, -0.0242, -0.0212, -0.0229, -0.0234, -0.0224, -0.0231, -0.0224, -0.0217, -0.0228, -0.0226, -0.0225, -0.0229, -0.0225, -0.0182, -0.0220, -0.0219, -0.0196, -0.0213, -0.0204, -0.0206, -0.0217, -0.0212, -0.0208, -0.0229, -0.0215, -0.0214, -0.0225, -0.0217, -0.0205, -0.0214, -0.0154, -0.0203, -0.0193, -0.0210, -0.0207, -0.0206, -0.0215, -0.0218, -0.0214, -0.0211, -0.0218, -0.0217, -0.0212, -0.0215, -0.0205, -0.0208, -0.0206, -0.0211, -0.0219, -0.0206, -0.0214, -0.0202, -0.0206, -0.0203, -0.0215, -0.0198, -0.0204, -0.0213, -0.0208, -0.0190, -0.0100, -0.0191, -0.0202, -0.0212, -0.0205, -0.0206, -0.0197, -0.0206, -0.0199, -0.0198, -0.0212, -0.0204, -0.0200, -0.0199, -0.0201, -0.0206, -0.0198, -0.0201, -0.0190, -0.0195, -0.0195, -0.0182, -0.0162, -0.0201, -0.0178, -0.0188, -0.0195, -0.0202, -0.0173, -0.0183, -0.0199, -0.0200, -0.0187, -0.0192, -0.0182, -0.0185, -0.0175, -0.0192, -0.0182, -0.0192, -0.0184, -0.0180, -0.0181, -0.0175, -0.0174, -0.0173, -0.0182, -0.0142, -0.0181, -0.0155, -0.0169, -0.0164, -0.0173, -0.0171, -0.0172, -0.0184, -0.0167, -0.0173, -0.0174, -0.0168, -0.0166, -0.0171, -0.0157, -0.0163, -0.0166, -0.0169, -0.0159, -0.0162, -0.0168, -0.0171, -0.0151, -0.0161, -0.0162, -0.0164, -0.0154, -0.0150, -0.0150, -0.0151, -0.0155, -0.0154, -0.0138, -0.0153, -0.0153, -0.0148, -0.0148, -0.0148, -0.0153, -0.0151, -0.0142, -0.0145, -0.0139, -0.0139, -0.0128, -0.0147, -0.0145, -0.0143, -0.0136, -0.0113, -0.0130, -0.0141, -0.0139, -0.0125, -0.0133, -0.0120, -0.0129, -0.0121, -0.0137, -0.0133, -0.0127, -0.0129, -0.0127, -0.0107, -0.0126, -0.0128, -0.0126, -0.0105, -0.0126, -0.0120, -0.0123, -0.0114, -0.0112, -0.0121, -0.0114, -0.0105, -0.0115, -0.0107, -0.0105, -0.0108, -0.0097, -0.0103, -0.0100, -0.0081, -0.0100, -0.0098, -0.0107, -0.0094, -0.0101, -0.0089, -0.0095, -0.0095, -0.0076, -0.0097, -0.0093, -0.0069, -0.0086, -0.0091, -0.0071, -0.0081, -0.0084, -0.0075, -0.0065, -0.0077, -0.0077, -0.0074, -0.0064, -0.0059, -0.0063, -0.0075, -0.0040, -0.0067, -0.0072, -0.0063, -0.0066, -0.0062, -0.0054, -0.0056, -0.0063, -0.0058, -0.0056, -0.0055, -0.0050, -0.0055, -0.0052, -0.0045, -0.0053, -0.0042, -0.0033, -0.0052, -0.0041, -0.0045, -0.0038, -0.0039, -0.0032, -0.0033, -0.0040, -0.0034, -0.0039, -0.0037, -0.0010, -0.0022, -0.0000, -0.0028, -0.0027, -0.0027, -0.0025, -0.0025, -0.0026, -0.0023, -0.0016, -0.0015, -0.0022, -0.0022, -0.0016, -0.0015, -0.0009, -0.0002, -0.0012, -0.0012, -0.0008, -0.0007, -0.0009, -0.0011, -0.0006, -0.0010, -0.0007, -0.0009, -0.0006, -0.0006, +0.0024, -0.0005, -0.0003, -0.0004, -0.0004, -0.0003, +0.0001, +0.0018, +0.0007, -0.0001, -0.0002, -0.0005, +0.0003, +0.0018, +0.0003, +0.0013]
                value_loss: [+0.0235, +0.0174, +0.0178, +0.0161, +0.0157, +0.0177, +0.0182, +0.0167, +0.0156, +0.0207, +0.0168, +0.0200, +0.0207, +0.0177, +0.0211, +0.0214, +0.0175, +0.0229, +0.0224, +0.0247, +0.0219, +0.0252, +0.0241, +0.0312, +0.0306, +0.0273, +0.0284, +0.0299, +0.0254, +0.0259, +0.0243, +0.0242, +0.0264, +0.0230, +0.0247, +0.0266, +0.0245, +0.0245, +0.0249, +0.0239, +0.0252, +0.0268, +0.0271, +0.0270, +0.0222, +0.0243, +0.0227, +0.0240, +0.0240, +0.0223, +0.0225, +0.0205, +0.0215, +0.0222, +0.0235, +0.0238, +0.0205, +0.0204, +0.0219, +0.0224, +0.0231, +0.0230, +0.0214, +0.0196, +0.0200, +0.0207, +0.0218, +0.0208, +0.0218, +0.0207, +0.0207, +0.0193, +0.0228, +0.0212, +0.0211, +0.0230, +0.0243, +0.0221, +0.0220, +0.0245, +0.0237, +0.0206, +0.0206, +0.0219, +0.0229, +0.0218, +0.0233, +0.0235, +0.0234, +0.0212, +0.0224, +0.0209, +0.0219, +0.0245, +0.0238, +0.0255, +0.0232, +0.0232, +0.0239, +0.0213, +0.0238, +0.0214, +0.0252, +0.0239, +0.0249, +0.0233, +0.0233, +0.0231, +0.0232, +0.0240, +0.0229, +0.0210, +0.0249, +0.0233, +0.0213, +0.0236, +0.0215, +0.0219, +0.0216, +0.0227, +0.0221, +0.0235, +0.0241, +0.0232, +0.0213, +0.0221, +0.0216, +0.0229, +0.0213, +0.0214, +0.0240, +0.0220, +0.0239, +0.0243, +0.0237, +0.0224, +0.0251, +0.0241, +0.0208, +0.0236, +0.0243, +0.0239, +0.0235, +0.0223, +0.0228, +0.0231, +0.0213, +0.0238, +0.0236, +0.0222, +0.0213, +0.0231, +0.0210, +0.0215, +0.0238, +0.0217, +0.0236, +0.0223, +0.0226, +0.0208, +0.0206, +0.0210, +0.0231, +0.0221, +0.0213, +0.0201, +0.0229, +0.0226, +0.0252, +0.0226, +0.0252, +0.0223, +0.0224, +0.0220, +0.0238, +0.0220, +0.0214, +0.0213, +0.0207, +0.0228, +0.0207, +0.0213, +0.0218, +0.0202, +0.0195, +0.0223, +0.0208, +0.0213, +0.0207, +0.0209, +0.0210, +0.0214, +0.0206, +0.0210, +0.0202, +0.0217, +0.0200, +0.0241, +0.0250, +0.0223, +0.0225, +0.0228, +0.0231, +0.0220, +0.0216, +0.0239, +0.0223, +0.0216, +0.0216, +0.0220, +0.0211, +0.0201, +0.0218, +0.0215, +0.0217, +0.0219, +0.0219, +0.0218, +0.0252, +0.0249, +0.0249, +0.0231, +0.0223, +0.0248, +0.0216, +0.0244, +0.0223, +0.0242, +0.0240, +0.0240, +0.0221, +0.0220, +0.0225, +0.0220, +0.0230, +0.0253, +0.0218, +0.0228, +0.0237, +0.0221, +0.0207, +0.0218, +0.0239, +0.0235, +0.0198, +0.0198, +0.0242, +0.0226, +0.0222, +0.0245, +0.0224, +0.0234, +0.0232, +0.0217, +0.0203, +0.0258, +0.0212, +0.0216, +0.0220, +0.0209, +0.0234, +0.0219, +0.0222, +0.0234, +0.0241, +0.0228, +0.0222, +0.0238, +0.0232, +0.0207, +0.0217, +0.0219, +0.0237, +0.0243, +0.0234, +0.0244, +0.0217, +0.0244, +0.0234, +0.0236, +0.0234, +0.0208, +0.0202, +0.0204, +0.0227, +0.0229, +0.0239, +0.0256, +0.0229, +0.0209, +0.0225, +0.0236, +0.0233, +0.0237, +0.0236, +0.0230, +0.0236, +0.0210, +0.0213, +0.0215, +0.0231, +0.0225, +0.0186, +0.0207, +0.0226, +0.0238, +0.0225, +0.0216, +0.0230, +0.0240, +0.0258, +0.0245, +0.0222, +0.0251, +0.0221, +0.0230, +0.0233, +0.0228, +0.0237, +0.0257, +0.0244, +0.0236, +0.0230, +0.0237, +0.0221, +0.0218, +0.0225, +0.0237, +0.0218, +0.0207, +0.0230, +0.0248, +0.0227, +0.0247, +0.0235, +0.0243, +0.0238, +0.0265, +0.0237, +0.0219, +0.0247, +0.0217, +0.0219, +0.0241, +0.0237, +0.0236, +0.0233, +0.0210, +0.0214, +0.0250, +0.0261, +0.0224, +0.0220, +0.0229, +0.0246, +0.0258, +0.0233, +0.0238, +0.0248, +0.0244, +0.0221, +0.0245, +0.0250, +0.0214, +0.0219, +0.0227, +0.0240, +0.0244, +0.0216, +0.0228, +0.0237, +0.0243, +0.0240, +0.0203, +0.0235, +0.0224, +0.0253, +0.0232, +0.0246, +0.0251, +0.0259, +0.0232, +0.0250, +0.0237, +0.0224, +0.0251, +0.0226, +0.0229, +0.0256, +0.0205, +0.0225, +0.0233, +0.0227, +0.0242, +0.0230, +0.0248, +0.0271, +0.0221, +0.0239, +0.0226, +0.0218, +0.0227, +0.0249, +0.0247, +0.0238, +0.0256, +0.0233, +0.0228, +0.0253, +0.0223, +0.0223, +0.0217, +0.0223, +0.0242, +0.0210, +0.0229, +0.0222, +0.0230, +0.0232, +0.0211, +0.0225, +0.0242, +0.0245, +0.0242, +0.0226, +0.0220, +0.0252, +0.0254, +0.0212, +0.0229, +0.0236, +0.0214, +0.0208, +0.0210, +0.0236, +0.0244, +0.0236, +0.0230, +0.0225, +0.0239, +0.0291, +0.0252, +0.0236, +0.0229, +0.0260, +0.0240, +0.0219, +0.0247, +0.0212, +0.0233, +0.0232, +0.0233, +0.0232, +0.0258, +0.0238, +0.0227, +0.0237, +0.0230, +0.0231, +0.0259, +0.0255, +0.0232, +0.0234, +0.0240, +0.0224, +0.0247, +0.0211, +0.0226, +0.0238, +0.0237, +0.0247, +0.0271, +0.0262, +0.0265, +0.0249, +0.0223, +0.0230, +0.0258, +0.0228, +0.0237, +0.0251, +0.0219, +0.0233, +0.0293, +0.0245, +0.0247, +0.0247, +0.0209, +0.0236, +0.0236, +0.0230, +0.0248, +0.0245, +0.0241, +0.0239, +0.0250, +0.0228, +0.0219, +0.0250, +0.0244, +0.0257, +0.0239, +0.0257, +0.0227, +0.0222, +0.0244, +0.0263, +0.0236, +0.0249, +0.0244, +0.0217, +0.0245, +0.0232, +0.0232, +0.0213, +0.0264, +0.0235, +0.0243, +0.0259, +0.0217, +0.0238, +0.0233, +0.0259, +0.0242, +0.0297, +0.0257, +0.0231, +0.0283, +0.0258, +0.0215, +0.0249, +0.0216, +0.0219, +0.0211, +0.0231, +0.0236, +0.0253, +0.0242, +0.0229, +0.0250, +0.0269, +0.0244, +0.0230, +0.0219, +0.0237, +0.0245, +0.0225, +0.0225, +0.0259, +0.0268, +0.0249, +0.0239, +0.0244, +0.0236, +0.0240, +0.0257, +0.0278, +0.0289, +0.0242, +0.0230, +0.0239, +0.0218, +0.0229, +0.0263, +0.0222, +0.0232, +0.0231, +0.0228, +0.0238, +0.0258, +0.0274, +0.0255, +0.0230, +0.0257, +0.0248, +0.0283, +0.0241, +0.0251, +0.0240, +0.0228, +0.0235, +0.0232, +0.0250, +0.0256, +0.0261, +0.0237, +0.0262, +0.0235, +0.0256, +0.0248, +0.0249, +0.0260, +0.0281, +0.0257, +0.0241, +0.0251, +0.0218, +0.0237, +0.0256, +0.0260, +0.0259, +0.0224, +0.0236, +0.0239, +0.0243, +0.0246, +0.0284, +0.0240, +0.0234, +0.0262, +0.0234, +0.0225, +0.0242, +0.0240, +0.0221, +0.0232, +0.0237, +0.0229, +0.0226, +0.0236, +0.0247, +0.0237, +0.0274, +0.0263, +0.0291, +0.0271, +0.0248, +0.0251, +0.0234, +0.0229, +0.0240, +0.0263, +0.0265, +0.0247, +0.0228, +0.0255, +0.0246, +0.0244, +0.0269, +0.0256, +0.0224, +0.0260, +0.0255, +0.0234, +0.0241, +0.0238, +0.0279, +0.0243, +0.0219, +0.0247, +0.0295, +0.0249, +0.0262, +0.0272, +0.0277, +0.0288, +0.0274, +0.0259, +0.0242, +0.0237, +0.0236, +0.0233, +0.0254, +0.0235, +0.0239, +0.0278, +0.0256, +0.0235, +0.0234, +0.0233, +0.0238, +0.0235, +0.0258, +0.0231, +0.0219, +0.0246, +0.0302, +0.0253, +0.0235, +0.0252, +0.0290, +0.0226, +0.0253, +0.0256, +0.0236, +0.0241, +0.0241, +0.0225, +0.0251, +0.0265, +0.0251, +0.0239, +0.0232, +0.0238, +0.0246, +0.0253, +0.0278, +0.0288, +0.0248, +0.0236, +0.0230, +0.0253, +0.0277, +0.0272, +0.0229, +0.0265, +0.0241, +0.0245, +0.0238, +0.0258, +0.0225, +0.0231, +0.0244, +0.0274, +0.0287, +0.0283, +0.0252, +0.0271, +0.0274, +0.0279, +0.0230, +0.0205, +0.0229, +0.0260, +0.0286, +0.0245, +0.0278, +0.0252, +0.0283, +0.0249, +0.0280, +0.0269, +0.0244, +0.0266, +0.0308, +0.0229, +0.0244, +0.0270, +0.0256, +0.0256, +0.0255, +0.0267, +0.0265, +0.0266, +0.0236, +0.0248, +0.0272, +0.0288, +0.0264, +0.0235, +0.0256, +0.0285, +0.0250, +0.0254, +0.0260, +0.0240, +0.0271, +0.0271, +0.0231, +0.0262, +0.0273, +0.0272, +0.0270, +0.0290, +0.0283, +0.0246, +0.0254, +0.0280, +0.0254, +0.0293, +0.0285, +0.0258, +0.0255, +0.0244, +0.0294, +0.0261, +0.0289, +0.0281, +0.0283, +0.0312, +0.0240, +0.0259, +0.0281, +0.0268, +0.0278, +0.0271, +0.0286, +0.0245, +0.0259, +0.0249, +0.0256, +0.0256, +0.0257, +0.0253, +0.0231, +0.0253, +0.0281, +0.0265, +0.0274, +0.0245, +0.0279, +0.0262, +0.0264, +0.0269, +0.0287, +0.0290, +0.0254, +0.0281, +0.0295, +0.0281, +0.0323, +0.0309, +0.0270, +0.0286, +0.0312, +0.0228, +0.0284, +0.0272, +0.0272, +0.0274, +0.0274, +0.0261, +0.0261, +0.0273, +0.0268, +0.0257, +0.0244, +0.0284, +0.0260, +0.0294, +0.0287, +0.0244, +0.0279, +0.0279, +0.0293, +0.0271, +0.0295, +0.0333, +0.0236, +0.0287, +0.0243, +0.0229, +0.0279, +0.0293, +0.0290, +0.0260, +0.0264, +0.0271, +0.0275, +0.0260, +0.0270, +0.0313, +0.0281, +0.0275, +0.0287, +0.0252, +0.0289, +0.0299, +0.0271, +0.0279, +0.0264, +0.0286, +0.0274, +0.0250, +0.0307, +0.0252, +0.0286, +0.0253, +0.0241, +0.0267, +0.0306, +0.0266, +0.0349, +0.0320, +0.0268, +0.0264, +0.0252, +0.0269, +0.0315, +0.0277, +0.0267, +0.0296, +0.0261, +0.0244, +0.0247, +0.0239, +0.0247, +0.0246, +0.0279, +0.0267, +0.0275, +0.0265, +0.0309, +0.0271, +0.0314, +0.0308, +0.0282, +0.0288, +0.0302, +0.0275, +0.0237, +0.0282, +0.0255, +0.0263, +0.0294, +0.0263, +0.0269, +0.0282, +0.0313, +0.0259, +0.0232, +0.0356, +0.0291, +0.0271, +0.0268]
                   entropy: [+1.5965, +1.5964, +1.5887, +1.5793, +1.5624, +1.5438, +1.5475, +1.5581, +1.5550, +1.5461, +1.5311, +1.5118, +1.5230, +1.5242, +1.5235, +1.5215, +1.5281, +1.5179, +1.5199, +1.5088, +1.4977, +1.4796, +1.4815, +1.4465, +1.4286, +1.4168, +1.3968, +1.3831, +1.3728, +1.3765, +1.3608, +1.3628, +1.3216, +1.3231, +1.3216, +1.2879, +1.2638, +1.2688, +1.2664, +1.2650, +1.2536, +1.2419, +1.2387, +1.2366, +1.2536, +1.2387, +1.2322, +1.2298, +1.2425, +1.2328, +1.2575, +1.2469, +1.2406, +1.2128, +1.2351, +1.2276, +1.2491, +1.2467, +1.2466, +1.2466, +1.2391, +1.2058, +1.1998, +1.1933, +1.1834, +1.2022, +1.1997, +1.2020, +1.1867, +1.1857, +1.1625, +1.1620, +1.1606, +1.1380, +1.1630, +1.1279, +1.1566, +1.1600, +1.1552, +1.1228, +1.0962, +1.1376, +1.1160, +1.1081, +1.1017, +1.0859, +1.0942, +1.0752, +1.0965, +1.0923, +1.0927, +1.0711, +1.0435, +1.0509, +1.0636, +1.0348, +1.0240, +1.0126, +1.0547, +1.0542, +1.0468, +1.0200, +1.0364, +0.9978, +1.0061, +0.9913, +0.9831, +1.0067, +0.9974, +0.9975, +0.9878, +1.0114, +1.0103, +1.0073, +1.0163, +0.9967, +1.0280, +1.0128, +0.9864, +0.9888, +1.0317, +1.0164, +1.0208, +1.0239, +1.0372, +1.0603, +1.0364, +1.0652, +1.0562, +1.0366, +1.0620, +1.0262, +1.0318, +1.0019, +1.0153, +1.0142, +1.0440, +1.0056, +0.9951, +0.9999, +1.0102, +0.9996, +0.9763, +0.9710, +1.0296, +1.0223, +1.0194, +1.0067, +1.0215, +0.9959, +1.0212, +1.0175, +1.0042, +1.0203, +1.0348, +1.0431, +1.0613, +1.0242, +1.0153, +1.0015, +1.0343, +1.0386, +1.0534, +1.0356, +1.0019, +1.0321, +1.0027, +1.0076, +1.0077, +0.9921, +0.9845, +0.9982, +0.9784, +0.9828, +1.0059, +1.0002, +1.0247, +1.0393, +1.0409, +1.0148, +1.0459, +1.0235, +1.0186, +1.0056, +1.0270, +1.0201, +1.0097, +1.0056, +1.0193, +1.0023, +1.0033, +1.0002, +1.0255, +1.0048, +1.0155, +1.0265, +1.0152, +1.0140, +1.0526, +1.0353, +1.0569, +1.0293, +1.0261, +1.0170, +1.0319, +1.0024, +1.0136, +0.9839, +0.9996, +0.9997, +1.0164, +1.0375, +1.0227, +1.0174, +1.0079, +1.0058, +1.0037, +1.0215, +1.0212, +1.0299, +1.0105, +0.9907, +1.0227, +1.0077, +1.0062, +0.9788, +1.0061, +1.0054, +0.9867, +0.9700, +0.9715, +0.9623, +0.9589, +0.9883, +1.0058, +1.0248, +1.0004, +0.9554, +0.9828, +1.0120, +1.0219, +0.9820, +1.0193, +0.9988, +0.9961, +0.9867, +1.0173, +1.0074, +1.0210, +1.0052, +0.9927, +0.9948, +1.0004, +0.9948, +0.9951, +1.0197, +0.9921, +1.0151, +1.0169, +0.9831, +0.9951, +0.9946, +1.0071, +0.9870, +0.9935, +0.9793, +0.9889, +0.9925, +0.9917, +1.0195, +1.0079, +0.9956, +1.0000, +1.0050, +1.0083, +0.9885, +0.9930, +0.9990, +0.9743, +0.9918, +0.9893, +0.9917, +1.0178, +1.0120, +1.0031, +1.0024, +0.9858, +1.0027, +1.0153, +0.9757, +0.9892, +1.0104, +1.0283, +1.0258, +0.9997, +1.0273, +1.0121, +1.0154, +1.0027, +1.0021, +1.0212, +0.9926, +0.9675, +0.9581, +0.9725, +0.9866, +0.9658, +0.9778, +0.9933, +0.9767, +0.9999, +0.9825, +0.9651, +0.9678, +0.9546, +0.9632, +0.9706, +0.9810, +0.9677, +0.9407, +0.9358, +0.9528, +0.9676, +0.9701, +0.9536, +0.9446, +0.9555, +0.9692, +0.9663, +0.9713, +0.9895, +0.9670, +0.9428, +0.9640, +0.9329, +0.9552, +0.9375, +0.9405, +0.9604, +0.9529, +0.9428, +0.9313, +0.9482, +0.9384, +0.9303, +0.9511, +0.9607, +0.9695, +0.9617, +0.9546, +0.9406, +0.9445, +0.9369, +0.9508, +0.9471, +0.9439, +0.9599, +0.9942, +0.9498, +0.9505, +0.9433, +0.9449, +0.9281, +0.9487, +0.9784, +0.9629, +0.9617, +0.9488, +0.9595, +0.9487, +0.9723, +0.9647, +0.9472, +0.9590, +0.9725, +0.9574, +0.9602, +0.9177, +0.9323, +0.9493, +0.9224, +0.9343, +0.9430, +0.9374, +0.9297, +0.9538, +0.9363, +0.9170, +0.9168, +0.9508, +0.9343, +0.9195, +0.9112, +0.9202, +0.9242, +0.9495, +0.9395, +0.9410, +0.9594, +0.9455, +0.9231, +0.9204, +0.9219, +0.9340, +0.9146, +0.9400, +0.9341, +0.9064, +0.9189, +0.8987, +0.9119, +0.9340, +0.9382, +0.9333, +0.9239, +0.9150, +0.9327, +0.9227, +0.9094, +0.9171, +0.9207, +0.9218, +0.9288, +0.9285, +0.9178, +0.9472, +0.9621, +0.9442, +0.9040, +0.9108, +0.9296, +0.9084, +0.9166, +0.9217, +0.9082, +0.9113, +0.9107, +0.9083, +0.9531, +0.9202, +0.9303, +0.9426, +0.9279, +0.8951, +0.9079, +0.9274, +0.9118, +0.9154, +0.9332, +0.9115, +0.9062, +0.8964, +0.8941, +0.8938, +0.8929, +0.9053, +0.8966, +0.9013, +0.9175, +0.9154, +0.9091, +0.8901, +0.8912, +0.8897, +0.9105, +0.8849, +0.8812, +0.8988, +0.8987, +0.8987, +0.8773, +0.8936, +0.9009, +0.8970, +0.8926, +0.9050, +0.8922, +0.8935, +0.9070, +0.8832, +0.9227, +0.8888, +0.8950, +0.8977, +0.8989, +0.9151, +0.9195, +0.9101, +0.8913, +0.8993, +0.9228, +0.9064, +0.8841, +0.8987, +0.9079, +0.8883, +0.8954, +0.8695, +0.8887, +0.8768, +0.8866, +0.8871, +0.8662, +0.8793, +0.8764, +0.8568, +0.9042, +0.8815, +0.8789, +0.8843, +0.8991, +0.9024, +0.8918, +0.8960, +0.8714, +0.8765, +0.8710, +0.8774, +0.8803, +0.8535, +0.8677, +0.8555, +0.8640, +0.8522, +0.8809, +0.8660, +0.8746, +0.8738, +0.8761, +0.8602, +0.8655, +0.8364, +0.8545, +0.8587, +0.8654, +0.8635, +0.8520, +0.8523, +0.8663, +0.8428, +0.8508, +0.8379, +0.8577, +0.8661, +0.8527, +0.8449, +0.8562, +0.8553, +0.8576, +0.8720, +0.8389, +0.8377, +0.8511, +0.8476, +0.8559, +0.8546, +0.8406, +0.8411, +0.8653, +0.8410, +0.8469, +0.8327, +0.8513, +0.8861, +0.8587, +0.8633, +0.8602, +0.8197, +0.8405, +0.8297, +0.8290, +0.8327, +0.8283, +0.8225, +0.8345, +0.8504, +0.8310, +0.8317, +0.8243, +0.8296, +0.8406, +0.8378, +0.8328, +0.8266, +0.8422, +0.8358, +0.8280, +0.8041, +0.8319, +0.8162, +0.8163, +0.8154, +0.8144, +0.7832, +0.7859, +0.8138, +0.8503, +0.8166, +0.8223, +0.8315, +0.8022, +0.8037, +0.8158, +0.8196, +0.8106, +0.8148, +0.8201, +0.8158, +0.8034, +0.8198, +0.7993, +0.7977, +0.8089, +0.8036, +0.7935, +0.7955, +0.7982, +0.7944, +0.7927, +0.8144, +0.8117, +0.7926, +0.8063, +0.8070, +0.7905, +0.7869, +0.7869, +0.7697, +0.7762, +0.7782, +0.7852, +0.7583, +0.7786, +0.7894, +0.7802, +0.7972, +0.7913, +0.7815, +0.7710, +0.7756, +0.7707, +0.7772, +0.7661, +0.7635, +0.7576, +0.7655, +0.7785, +0.7638, +0.7729, +0.7677, +0.7407, +0.7596, +0.7638, +0.7707, +0.7634, +0.7524, +0.7645, +0.7578, +0.7600, +0.7498, +0.7461, +0.7450, +0.7530, +0.7518, +0.7518, +0.7484, +0.7376, +0.7534, +0.7500, +0.7290, +0.7368, +0.7419, +0.7402, +0.7404, +0.7534, +0.7258, +0.7361, +0.7376, +0.7196, +0.7317, +0.7666, +0.7366, +0.7541, +0.7454, +0.7174, +0.7356, +0.7401, +0.7382, +0.7195, +0.7224, +0.7307, +0.7293, +0.7172, +0.7099, +0.7070, +0.7147, +0.7028, +0.7026, +0.7116, +0.7320, +0.7076, +0.7260, +0.7133, +0.7252, +0.7236, +0.7163, +0.7148, +0.7031, +0.7043, +0.7268, +0.7104, +0.7002, +0.7165, +0.7021, +0.7141, +0.7071, +0.7026, +0.7170, +0.7033, +0.7099, +0.7010, +0.6972, +0.7182, +0.6956, +0.7014, +0.7052, +0.7132, +0.7054, +0.6866, +0.6876, +0.6889, +0.6965, +0.6802, +0.6906, +0.7127, +0.6967, +0.7061, +0.6964, +0.6920, +0.6845, +0.6910, +0.6984, +0.6826, +0.6918, +0.6814, +0.6931, +0.6897, +0.6861, +0.7037, +0.6947, +0.6919, +0.7093, +0.7006, +0.6951, +0.7072, +0.7036, +0.6979, +0.6906, +0.6912, +0.6959, +0.6926, +0.6918, +0.7062, +0.7204, +0.7262, +0.6871, +0.6928, +0.6889, +0.6893, +0.6964, +0.6975, +0.6908, +0.6984, +0.6954, +0.6902, +0.7010, +0.6818, +0.6940, +0.6933, +0.6942, +0.6820, +0.6835, +0.6797, +0.6746, +0.7092, +0.6808, +0.6939, +0.6667, +0.6942, +0.6893, +0.6955, +0.6846, +0.6732, +0.6725, +0.6726, +0.6775, +0.6868, +0.6869, +0.6807, +0.6606, +0.6976, +0.6917, +0.6810, +0.6874, +0.7050, +0.6765, +0.6624, +0.6775, +0.6865, +0.6718, +0.6831, +0.6662, +0.6666, +0.6777, +0.7018, +0.6653, +0.6851, +0.6844, +0.6861, +0.6857, +0.6621, +0.6668, +0.7085, +0.6864, +0.6730, +0.6726, +0.6829, +0.6666, +0.6620, +0.6931, +0.7002, +0.6834, +0.7026, +0.6766, +0.6829, +0.6892, +0.6769, +0.6869, +0.6779, +0.6614, +0.6919, +0.6718, +0.6742, +0.6789, +0.6749, +0.6814, +0.6746, +0.6816, +0.7058, +0.6742, +0.6879, +0.6860, +0.6814, +0.6869, +0.6760, +0.6720, +0.6825, +0.6791, +0.6767, +0.6804, +0.6946, +0.6878, +0.6913, +0.7008, +0.6893, +0.6892, +0.6986, +0.6786, +0.6884, +0.6681, +0.6829, +0.6843, +0.7043, +0.6820, +0.6857, +0.6843, +0.6886, +0.6776, +0.7041, +0.6956, +0.7017, +0.7031, +0.6833, +0.6814, +0.6888, +0.6723, +0.6785, +0.6908, +0.6784, +0.6795, +0.6833, +0.7005, +0.6896, +0.6851, +0.7241, +0.7034, +0.6840, +0.6916, +0.6795, +0.6899, +0.6737, +0.6903, +0.6884, +0.6674, +0.6944, +0.6670, +0.6873, +0.6959, +0.6801, +0.6895, +0.6825, +0.6744, +0.6920, +0.6794, +0.6941]
                entropy_t0: [+0.6924, +0.6793, +0.6420, +0.6041, +0.5666, +0.5294, +0.5090, +0.4731, +0.4144, +0.3786, +0.4051, +0.4388, +0.4571, +0.4888, +0.6088, +0.6574, +0.6906, +0.6869, +0.6610, +0.6344, +0.6668, +0.6668, +0.6776, +0.6691, +0.6643, +0.6551, +0.6184, +0.6543, +0.6652, +0.6849, +0.6847, +0.6814, +0.6704, +0.6505, +0.6454, +0.6176, +0.6002, +0.6171, +0.6386, +0.5981, +0.6237, +0.6185, +0.6100, +0.6167, +0.6162, +0.5813, +0.5927, +0.5850, +0.5756, +0.5773, +0.6006, +0.5985, +0.5889, +0.5966, +0.5901, +0.5701, +0.5414, +0.5629, +0.6030, +0.5950, +0.5681, +0.5836, +0.5723, +0.5541, +0.5408, +0.5447, +0.5417, +0.5301, +0.5288, +0.5193, +0.5606, +0.5556, +0.5416, +0.5651, +0.5606, +0.5356, +0.5346, +0.5160, +0.5214, +0.4935, +0.5338, +0.4670, +0.4802, +0.4781, +0.4833, +0.4519, +0.4605, +0.4383, +0.4842, +0.4914, +0.4360, +0.4649, +0.4675, +0.4854, +0.4397, +0.4125, +0.4187, +0.4238, +0.4072, +0.4062, +0.3842, +0.3173, +0.3664, +0.3646, +0.4056, +0.3916, +0.4174, +0.4051, +0.4256, +0.3557, +0.3800, +0.3911, +0.3919, +0.3788, +0.3479, +0.4364, +0.4116, +0.4233, +0.4132, +0.3773, +0.3819, +0.3692, +0.3546, +0.3300, +0.4032, +0.4087, +0.4249, +0.4412, +0.4139, +0.4349, +0.4143, +0.3866, +0.3924, +0.4121, +0.4608, +0.4396, +0.4481, +0.4826, +0.4838, +0.4587, +0.4339, +0.3980, +0.4123, +0.3906, +0.4317, +0.4068, +0.4227, +0.4238, +0.4488, +0.4217, +0.4492, +0.4216, +0.3540, +0.3675, +0.3948, +0.4217, +0.4202, +0.3953, +0.3972, +0.3880, +0.3772, +0.3724, +0.4094, +0.3894, +0.3366, +0.3210, +0.3491, +0.3398, +0.3297, +0.3391, +0.3515, +0.3371, +0.3110, +0.2629, +0.2790, +0.3385, +0.3118, +0.3254, +0.3114, +0.3419, +0.3323, +0.3421, +0.3773, +0.3383, +0.4085, +0.3751, +0.3620, +0.3427, +0.3677, +0.3989, +0.4083, +0.3599, +0.3611, +0.3323, +0.3438, +0.3448, +0.3605, +0.3703, +0.3470, +0.3427, +0.3788, +0.3299, +0.3202, +0.3406, +0.3366, +0.3298, +0.3076, +0.3411, +0.3727, +0.3478, +0.3873, +0.3695, +0.3959, +0.3797, +0.4003, +0.4243, +0.4312, +0.4061, +0.4021, +0.4011, +0.4204, +0.4238, +0.4149, +0.4146, +0.4161, +0.4366, +0.3573, +0.3880, +0.3990, +0.3820, +0.3941, +0.3604, +0.3688, +0.3297, +0.3760, +0.4140, +0.3785, +0.3651, +0.4008, +0.4190, +0.4352, +0.4096, +0.4070, +0.4261, +0.3773, +0.4230, +0.4021, +0.3904, +0.4336, +0.4116, +0.4215, +0.4237, +0.4360, +0.3885, +0.4205, +0.3632, +0.4055, +0.4047, +0.4287, +0.4093, +0.4125, +0.3834, +0.3540, +0.3407, +0.3889, +0.3662, +0.3652, +0.3804, +0.3439, +0.3834, +0.4176, +0.4009, +0.4203, +0.4356, +0.4348, +0.4231, +0.4293, +0.4116, +0.3709, +0.4011, +0.3882, +0.3927, +0.4165, +0.4455, +0.4077, +0.3972, +0.4138, +0.4194, +0.3908, +0.4060, +0.4363, +0.4034, +0.4087, +0.3965, +0.4357, +0.4157, +0.4129, +0.3883, +0.4082, +0.4011, +0.4069, +0.3744, +0.4334, +0.3817, +0.4188, +0.4195, +0.3704, +0.3790, +0.4006, +0.4353, +0.3984, +0.3950, +0.4155, +0.3764, +0.4197, +0.3978, +0.3764, +0.3563, +0.3774, +0.3927, +0.3940, +0.3991, +0.4114, +0.3869, +0.3987, +0.4485, +0.4406, +0.4006, +0.3838, +0.4434, +0.3952, +0.3601, +0.3926, +0.3821, +0.3720, +0.4029, +0.4065, +0.4050, +0.3885, +0.3589, +0.4021, +0.3584, +0.3756, +0.3704, +0.4028, +0.3814, +0.3931, +0.3947, +0.3641, +0.4154, +0.3981, +0.3864, +0.4268, +0.3988, +0.4300, +0.4271, +0.4250, +0.4046, +0.4049, +0.4137, +0.4306, +0.3947, +0.3835, +0.4423, +0.4240, +0.4120, +0.4573, +0.4338, +0.4398, +0.4193, +0.4084, +0.4148, +0.3983, +0.4041, +0.3698, +0.3844, +0.4027, +0.3808, +0.3700, +0.3619, +0.3651, +0.3648, +0.3854, +0.3640, +0.3741, +0.3979, +0.3630, +0.3947, +0.3330, +0.3415, +0.3622, +0.3573, +0.3473, +0.3345, +0.3568, +0.3094, +0.3323, +0.3561, +0.3518, +0.3610, +0.4016, +0.3866, +0.3959, +0.3672, +0.3721, +0.3847, +0.4103, +0.3922, +0.4017, +0.3826, +0.4043, +0.4263, +0.4195, +0.3524, +0.3930, +0.3660, +0.3818, +0.3841, +0.3598, +0.3522, +0.3555, +0.3697, +0.3607, +0.3248, +0.3697, +0.3699, +0.3441, +0.3553, +0.3491, +0.3587, +0.3521, +0.3464, +0.3520, +0.3674, +0.3451, +0.3678, +0.3622, +0.3378, +0.3570, +0.3586, +0.3650, +0.3526, +0.3391, +0.3513, +0.3594, +0.3564, +0.3425, +0.3038, +0.3348, +0.2973, +0.3419, +0.3432, +0.3327, +0.3253, +0.3125, +0.3314, +0.3379, +0.3296, +0.2745, +0.3147, +0.2882, +0.3208, +0.3200, +0.3157, +0.2654, +0.3027, +0.3056, +0.3176, +0.3076, +0.3029, +0.3018, +0.3433, +0.2976, +0.3147, +0.3459, +0.3212, +0.3313, +0.3008, +0.3168, +0.3443, +0.3337, +0.3323, +0.3460, +0.3380, +0.3509, +0.3690, +0.3741, +0.3979, +0.3797, +0.3811, +0.3923, +0.4054, +0.4029, +0.3805, +0.3814, +0.3677, +0.3873, +0.4078, +0.4265, +0.4123, +0.4118, +0.4166, +0.3755, +0.3878, +0.3844, +0.4222, +0.3905, +0.3862, +0.4104, +0.3980, +0.4122, +0.3959, +0.3675, +0.4057, +0.4027, +0.3803, +0.4211, +0.3972, +0.4091, +0.4016, +0.4135, +0.3689, +0.3734, +0.3959, +0.3605, +0.4027, +0.4214, +0.3969, +0.3637, +0.4234, +0.4037, +0.3899, +0.4008, +0.4112, +0.4112, +0.4425, +0.4114, +0.3846, +0.4077, +0.4294, +0.3963, +0.4083, +0.4353, +0.4354, +0.3787, +0.3968, +0.4121, +0.4081, +0.3711, +0.3768, +0.3775, +0.3836, +0.4164, +0.4012, +0.4050, +0.3785, +0.3869, +0.4053, +0.3898, +0.4289, +0.4194, +0.4245, +0.4324, +0.4195, +0.4131, +0.4144, +0.4355, +0.4332, +0.4331, +0.4537, +0.4223, +0.4308, +0.4310, +0.4209, +0.4342, +0.4204, +0.4215, +0.4307, +0.4274, +0.4190, +0.4334, +0.4219, +0.4263, +0.4317, +0.4151, +0.4328, +0.4159, +0.4555, +0.4086, +0.4114, +0.4222, +0.4110, +0.4055, +0.3923, +0.3847, +0.4122, +0.4139, +0.4040, +0.3928, +0.3913, +0.3791, +0.3943, +0.4059, +0.4038, +0.3899, +0.4198, +0.4032, +0.4129, +0.4292, +0.4258, +0.4191, +0.4044, +0.3923, +0.3877, +0.4056, +0.3856, +0.3939, +0.4027, +0.4033, +0.3896, +0.4018, +0.4043, +0.3626, +0.3800, +0.3987, +0.3985, +0.4127, +0.3979, +0.4106, +0.3871, +0.4145, +0.3799, +0.3895, +0.3860, +0.3758, +0.3638, +0.3833, +0.3691, +0.3500, +0.3669, +0.3841, +0.3561, +0.3660, +0.3741, +0.3707, +0.3528, +0.3765, +0.3843, +0.3907, +0.3781, +0.3728, +0.4012, +0.3987, +0.3873, +0.3857, +0.4084, +0.3714, +0.3820, +0.3843, +0.3858, +0.3773, +0.4136, +0.3724, +0.3891, +0.3991, +0.3806, +0.3779, +0.4015, +0.3935, +0.4032, +0.4098, +0.3893, +0.3849, +0.3877, +0.3918, +0.3598, +0.3580, +0.4020, +0.3942, +0.3907, +0.3949, +0.3915, +0.3993, +0.3980, +0.3810, +0.3776, +0.3709, +0.3782, +0.3940, +0.3826, +0.3949, +0.3773, +0.3857, +0.3897, +0.3943, +0.3706, +0.3420, +0.3554, +0.3604, +0.3699, +0.3528, +0.3627, +0.3783, +0.3800, +0.3762, +0.3773, +0.3715, +0.3238, +0.3745, +0.3592, +0.3514, +0.3403, +0.3466, +0.3321, +0.3284, +0.3531, +0.3446, +0.3257, +0.3542, +0.3396, +0.3453, +0.3383, +0.3312, +0.3159, +0.3184, +0.3013, +0.3245, +0.3423, +0.3253, +0.3188, +0.3040, +0.3193, +0.3032, +0.3068, +0.3047, +0.3021, +0.3126, +0.3136, +0.3501, +0.3107, +0.3142, +0.3372, +0.2903, +0.2918, +0.3203, +0.3081, +0.3186, +0.3258, +0.3342, +0.3198, +0.3492, +0.3221, +0.3055, +0.3486, +0.3281, +0.3312, +0.3381, +0.3737, +0.3417, +0.3499, +0.3197, +0.3226, +0.3446, +0.3311, +0.3389, +0.3311, +0.3402, +0.3173, +0.3191, +0.3161, +0.3194, +0.3326, +0.3567, +0.3204, +0.3074, +0.3363, +0.3510, +0.3321, +0.3364, +0.3186, +0.3360, +0.3194, +0.3509, +0.3106, +0.3340, +0.3101, +0.3014, +0.3288, +0.2926, +0.2811, +0.3104, +0.3209, +0.3269, +0.3204, +0.3126, +0.2962, +0.2966, +0.3030, +0.2748, +0.3008, +0.3059, +0.2952, +0.2896, +0.3031, +0.3085, +0.3061, +0.3036, +0.3109, +0.2884, +0.3326, +0.3068, +0.2915, +0.3388, +0.3030, +0.3303, +0.3031, +0.2882, +0.3074, +0.3017, +0.3309, +0.2938, +0.3018, +0.3565, +0.3042, +0.2900, +0.2999, +0.3066, +0.2791, +0.3047, +0.2871, +0.3154, +0.2951, +0.3241, +0.2791, +0.3248, +0.3250, +0.3162, +0.2967, +0.3524, +0.3457, +0.3279, +0.3398, +0.3189, +0.3247, +0.3149, +0.3381, +0.3416, +0.3513, +0.3377, +0.3226, +0.3403, +0.3288, +0.3296, +0.3159, +0.2942, +0.3133, +0.3423, +0.3485, +0.3406, +0.3166, +0.3293, +0.3063, +0.3247, +0.3202, +0.3142, +0.3589, +0.3364, +0.3267, +0.3194, +0.3253, +0.3319, +0.3451, +0.3097, +0.3023, +0.3142, +0.3422, +0.3427, +0.3367, +0.3573, +0.3348, +0.3360, +0.3507, +0.3215, +0.3182, +0.3649, +0.3567, +0.3410, +0.3028, +0.3296, +0.3385, +0.3484, +0.3255, +0.3310, +0.3443, +0.3449, +0.3331, +0.3148, +0.3481, +0.3460, +0.3316, +0.3295, +0.3382, +0.3438, +0.3460, +0.3302, +0.3272, +0.3589, +0.3453, +0.3178, +0.3703, +0.3525, +0.3292, +0.3510, +0.3099, +0.3343]
              entropy_tge1: [+1.6093, +1.6077, +1.6004, +1.5910, +1.5741, +1.5565, +1.5596, +1.5713, +1.5687, +1.5612, +1.5445, +1.5256, +1.5360, +1.5367, +1.5354, +1.5328, +1.5385, +1.5291, +1.5314, +1.5208, +1.5091, +1.4919, +1.4933, +1.4594, +1.4409, +1.4296, +1.4107, +1.3972, +1.3864, +1.3892, +1.3735, +1.3760, +1.3351, +1.3366, +1.3351, +1.3027, +1.2779, +1.2822, +1.2800, +1.2784, +1.2666, +1.2551, +1.2531, +1.2502, +1.2660, +1.2528, +1.2456, +1.2429, +1.2566, +1.2460, +1.2719, +1.2595, +1.2540, +1.2264, +1.2493, +1.2430, +1.2633, +1.2614, +1.2601, +1.2605, +1.2535, +1.2184, +1.2139, +1.2068, +1.1970, +1.2159, +1.2152, +1.2174, +1.2011, +1.2016, +1.1760, +1.1753, +1.1732, +1.1511, +1.1769, +1.1415, +1.1715, +1.1740, +1.1683, +1.1381, +1.1093, +1.1518, +1.1297, +1.1214, +1.1147, +1.1007, +1.1081, +1.0912, +1.1116, +1.1068, +1.1075, +1.0840, +1.0563, +1.0630, +1.0776, +1.0496, +1.0386, +1.0264, +1.0689, +1.0690, +1.0609, +1.0351, +1.0516, +1.0135, +1.0205, +1.0052, +0.9948, +1.0198, +1.0115, +1.0128, +1.0031, +1.0256, +1.0246, +1.0221, +1.0307, +1.0094, +1.0407, +1.0254, +0.9996, +1.0034, +1.0455, +1.0313, +1.0371, +1.0401, +1.0516, +1.0751, +1.0511, +1.0785, +1.0697, +1.0504, +1.0757, +1.0405, +1.0469, +1.0161, +1.0284, +1.0276, +1.0573, +1.0178, +1.0076, +1.0125, +1.0239, +1.0135, +0.9894, +0.9857, +1.0430, +1.0354, +1.0328, +1.0205, +1.0351, +1.0101, +1.0343, +1.0311, +1.0193, +1.0355, +1.0489, +1.0560, +1.0749, +1.0383, +1.0303, +1.0159, +1.0490, +1.0531, +1.0678, +1.0501, +1.0179, +1.0479, +1.0181, +1.0233, +1.0241, +1.0081, +0.9993, +1.0133, +0.9950, +0.9994, +1.0221, +1.0158, +1.0411, +1.0553, +1.0568, +1.0301, +1.0619, +1.0387, +1.0333, +1.0218, +1.0413, +1.0358, +1.0255, +1.0214, +1.0340, +1.0165, +1.0168, +1.0155, +1.0404, +1.0207, +1.0312, +1.0428, +1.0311, +1.0293, +1.0685, +1.0511, +1.0717, +1.0450, +1.0425, +1.0327, +1.0473, +1.0185, +1.0298, +0.9998, +1.0143, +1.0157, +1.0319, +1.0529, +1.0374, +1.0323, +1.0226, +1.0201, +1.0177, +1.0360, +1.0358, +1.0435, +1.0246, +1.0043, +1.0368, +1.0215, +1.0196, +0.9922, +1.0210, +1.0191, +1.0003, +0.9846, +0.9854, +0.9770, +0.9738, +1.0045, +1.0189, +1.0379, +1.0152, +0.9702, +0.9963, +1.0254, +1.0349, +0.9962, +1.0334, +1.0125, +1.0108, +1.0008, +1.0320, +1.0228, +1.0356, +1.0196, +1.0063, +1.0082, +1.0132, +1.0088, +1.0087, +1.0345, +1.0061, +1.0287, +1.0303, +0.9971, +1.0092, +1.0085, +1.0223, +1.0030, +1.0080, +0.9944, +1.0039, +1.0075, +1.0078, +1.0341, +1.0213, +1.0107, +1.0135, +1.0187, +1.0215, +1.0023, +1.0060, +1.0122, +0.9891, +1.0062, +1.0043, +1.0061, +1.0315, +1.0257, +1.0171, +1.0166, +0.9993, +1.0160, +1.0305, +0.9898, +1.0033, +1.0250, +1.0427, +1.0403, +1.0140, +1.0418, +1.0266, +1.0298, +1.0172, +1.0165, +1.0353, +1.0067, +0.9808, +0.9724, +0.9858, +0.9995, +0.9806, +0.9920, +1.0077, +0.9901, +1.0141, +0.9960, +0.9787, +0.9821, +0.9685, +0.9770, +0.9846, +0.9961, +0.9818, +0.9547, +0.9498, +0.9664, +0.9808, +0.9841, +0.9666, +0.9569, +0.9678, +0.9820, +0.9798, +0.9839, +1.0030, +0.9813, +0.9560, +0.9775, +0.9465, +0.9680, +0.9506, +0.9534, +0.9736, +0.9665, +0.9558, +0.9455, +0.9619, +0.9529, +0.9441, +0.9658, +0.9749, +0.9825, +0.9762, +0.9684, +0.9546, +0.9583, +0.9499, +0.9644, +0.9600, +0.9572, +0.9730, +1.0067, +0.9623, +0.9641, +0.9562, +0.9586, +0.9424, +0.9614, +0.9911, +0.9762, +0.9743, +0.9617, +0.9713, +0.9625, +0.9861, +0.9782, +0.9612, +0.9725, +0.9866, +0.9715, +0.9735, +0.9323, +0.9467, +0.9633, +0.9366, +0.9488, +0.9565, +0.9518, +0.9437, +0.9671, +0.9510, +0.9302, +0.9319, +0.9652, +0.9479, +0.9336, +0.9255, +0.9355, +0.9389, +0.9649, +0.9548, +0.9556, +0.9735, +0.9602, +0.9370, +0.9341, +0.9353, +0.9486, +0.9289, +0.9533, +0.9468, +0.9199, +0.9308, +0.9118, +0.9248, +0.9458, +0.9508, +0.9476, +0.9367, +0.9290, +0.9465, +0.9366, +0.9236, +0.9319, +0.9352, +0.9351, +0.9432, +0.9436, +0.9317, +0.9609, +0.9757, +0.9583, +0.9185, +0.9250, +0.9441, +0.9236, +0.9315, +0.9360, +0.9227, +0.9252, +0.9256, +0.9230, +0.9670, +0.9348, +0.9437, +0.9568, +0.9427, +0.9099, +0.9214, +0.9401, +0.9255, +0.9307, +0.9473, +0.9266, +0.9202, +0.9107, +0.9088, +0.9088, +0.9079, +0.9199, +0.9105, +0.9155, +0.9333, +0.9297, +0.9245, +0.9042, +0.9050, +0.9042, +0.9262, +0.8999, +0.8959, +0.9132, +0.9131, +0.9129, +0.8925, +0.9082, +0.9157, +0.9116, +0.9065, +0.9193, +0.9058, +0.9082, +0.9207, +0.8970, +0.9371, +0.9035, +0.9093, +0.9118, +0.9125, +0.9284, +0.9326, +0.9227, +0.9040, +0.9119, +0.9357, +0.9188, +0.8966, +0.9111, +0.9203, +0.9016, +0.9079, +0.8821, +0.9002, +0.8895, +0.8995, +0.8990, +0.8792, +0.8925, +0.8893, +0.8683, +0.9159, +0.8938, +0.8906, +0.8964, +0.9112, +0.9148, +0.9047, +0.9079, +0.8832, +0.8889, +0.8830, +0.8900, +0.8916, +0.8658, +0.8794, +0.8684, +0.8765, +0.8642, +0.8939, +0.8777, +0.8858, +0.8863, +0.8895, +0.8715, +0.8770, +0.8482, +0.8663, +0.8704, +0.8767, +0.8739, +0.8638, +0.8646, +0.8776, +0.8537, +0.8625, +0.8495, +0.8683, +0.8768, +0.8652, +0.8565, +0.8677, +0.8668, +0.8699, +0.8850, +0.8515, +0.8495, +0.8617, +0.8589, +0.8671, +0.8666, +0.8524, +0.8520, +0.8773, +0.8518, +0.8582, +0.8430, +0.8613, +0.8970, +0.8705, +0.8739, +0.8703, +0.8296, +0.8507, +0.8397, +0.8395, +0.8431, +0.8388, +0.8333, +0.8454, +0.8609, +0.8420, +0.8420, +0.8349, +0.8402, +0.8508, +0.8478, +0.8434, +0.8369, +0.8528, +0.8467, +0.8384, +0.8138, +0.8427, +0.8266, +0.8264, +0.8264, +0.8254, +0.7944, +0.7967, +0.8241, +0.8602, +0.8271, +0.8332, +0.8422, +0.8131, +0.8140, +0.8260, +0.8304, +0.8214, +0.8246, +0.8308, +0.8265, +0.8133, +0.8294, +0.8093, +0.8082, +0.8192, +0.8143, +0.8039, +0.8062, +0.8089, +0.8045, +0.8033, +0.8255, +0.8221, +0.8030, +0.8175, +0.8176, +0.8008, +0.7973, +0.7969, +0.7796, +0.7856, +0.7885, +0.7949, +0.7686, +0.7883, +0.7999, +0.7909, +0.8084, +0.8018, +0.7915, +0.7823, +0.7864, +0.7807, +0.7881, +0.7762, +0.7736, +0.7680, +0.7765, +0.7888, +0.7734, +0.7823, +0.7776, +0.7502, +0.7687, +0.7733, +0.7805, +0.7730, +0.7613, +0.7743, +0.7677, +0.7698, +0.7600, +0.7561, +0.7539, +0.7630, +0.7612, +0.7610, +0.7578, +0.7470, +0.7624, +0.7593, +0.7380, +0.7458, +0.7507, +0.7498, +0.7497, +0.7627, +0.7361, +0.7461, +0.7463, +0.7283, +0.7406, +0.7759, +0.7459, +0.7636, +0.7541, +0.7262, +0.7449, +0.7498, +0.7477, +0.7288, +0.7312, +0.7390, +0.7387, +0.7260, +0.7184, +0.7155, +0.7238, +0.7128, +0.7125, +0.7213, +0.7410, +0.7171, +0.7354, +0.7220, +0.7340, +0.7327, +0.7251, +0.7236, +0.7133, +0.7129, +0.7361, +0.7199, +0.7096, +0.7258, +0.7125, +0.7248, +0.7164, +0.7126, +0.7272, +0.7128, +0.7190, +0.7101, +0.7068, +0.7281, +0.7058, +0.7115, +0.7154, +0.7234, +0.7151, +0.6967, +0.6979, +0.6990, +0.7063, +0.6907, +0.7006, +0.7230, +0.7066, +0.7160, +0.7067, +0.7012, +0.6942, +0.7006, +0.7082, +0.6931, +0.7028, +0.6918, +0.7032, +0.7003, +0.6955, +0.7133, +0.7051, +0.7014, +0.7193, +0.7109, +0.7040, +0.7173, +0.7131, +0.7074, +0.6992, +0.7003, +0.7049, +0.7028, +0.7019, +0.7156, +0.7305, +0.7357, +0.6967, +0.7024, +0.6990, +0.6993, +0.7064, +0.7074, +0.7009, +0.7073, +0.7054, +0.7001, +0.7103, +0.6908, +0.7036, +0.7029, +0.7040, +0.6914, +0.6933, +0.6887, +0.6852, +0.7186, +0.6907, +0.7040, +0.6759, +0.7048, +0.6997, +0.7052, +0.6944, +0.6828, +0.6823, +0.6825, +0.6882, +0.6972, +0.6970, +0.6914, +0.6704, +0.7077, +0.7015, +0.6915, +0.6975, +0.7150, +0.6864, +0.6723, +0.6873, +0.6972, +0.6811, +0.6932, +0.6763, +0.6757, +0.6881, +0.7110, +0.6751, +0.6955, +0.6946, +0.6960, +0.6953, +0.6724, +0.6767, +0.7172, +0.6963, +0.6829, +0.6827, +0.6920, +0.6770, +0.6720, +0.7040, +0.7102, +0.6938, +0.7124, +0.6872, +0.6928, +0.6990, +0.6865, +0.6974, +0.6863, +0.6703, +0.7015, +0.6807, +0.6835, +0.6883, +0.6850, +0.6903, +0.6841, +0.6905, +0.7148, +0.6840, +0.6970, +0.6951, +0.6912, +0.6965, +0.6865, +0.6821, +0.6915, +0.6882, +0.6860, +0.6904, +0.7043, +0.6982, +0.7011, +0.7103, +0.6995, +0.6981, +0.7078, +0.6880, +0.6982, +0.6771, +0.6924, +0.6932, +0.7143, +0.6921, +0.6953, +0.6933, +0.6976, +0.6868, +0.7132, +0.7058, +0.7122, +0.7125, +0.6929, +0.6908, +0.6977, +0.6812, +0.6873, +0.7009, +0.6879, +0.6886, +0.6922, +0.7105, +0.6991, +0.6943, +0.7332, +0.7130, +0.6940, +0.7008, +0.6889, +0.6996, +0.6833, +0.6999, +0.6978, +0.6764, +0.7040, +0.6768, +0.6956, +0.7045, +0.6894, +0.6978, +0.6918, +0.6840, +0.7010, +0.6898, +0.7037]
              t0_alloc_red: [+0.4891, +0.4503, +0.3758, +0.2843, +0.2625, +0.2469, +0.2384, +0.1870, +0.1634, +0.1451, +0.1255, +0.1415, +0.2066, +0.1881, +0.2043, +0.3377, +0.3896, +0.4879, +0.4296, +0.4072, +0.3345, +0.3623, +0.4025, +0.4039, +0.3902, +0.3902, +0.3957, +0.3325, +0.3674, +0.4598, +0.4648, +0.5562, +0.5094, +0.5583, +0.6318, +0.6608, +0.6775, +0.5763, +0.6277, +0.6090, +0.5877, +0.6346, +0.6256, +0.5818, +0.5381, +0.5467, +0.5724, +0.5479, +0.4790, +0.4845, +0.5135, +0.4022, +0.4124, +0.4287, +0.4205, +0.3623, +0.3310, +0.3633, +0.4098, +0.4038, +0.3925, +0.4309, +0.4883, +0.4809, +0.4312, +0.4091, +0.4147, +0.3483, +0.3701, +0.4039, +0.4117, +0.4068, +0.3361, +0.3972, +0.4265, +0.3295, +0.3607, +0.2566, +0.3075, +0.3184, +0.3746, +0.3091, +0.3117, +0.3134, +0.3353, +0.2475, +0.2557, +0.2565, +0.2815, +0.3135, +0.2296, +0.2591, +0.2449, +0.3070, +0.2809, +0.2475, +0.2429, +0.2692, +0.2148, +0.2216, +0.2043, +0.1773, +0.2059, +0.2225, +0.2180, +0.2083, +0.2524, +0.2498, +0.2896, +0.2220, +0.2533, +0.2659, +0.2577, +0.2484, +0.1620, +0.3271, +0.2801, +0.2939, +0.3159, +0.2184, +0.2330, +0.2203, +0.2072, +0.2078, +0.1958, +0.2222, +0.2631, +0.2675, +0.2756, +0.3108, +0.2899, +0.2713, +0.2660, +0.3252, +0.3406, +0.3635, +0.2773, +0.3426, +0.3267, +0.3755, +0.3253, +0.2747, +0.2954, +0.2887, +0.2849, +0.2801, +0.3021, +0.3267, +0.3210, +0.3162, +0.3224, +0.3224, +0.2639, +0.2487, +0.2792, +0.3112, +0.2739, +0.3175, +0.2575, +0.2826, +0.2342, +0.2285, +0.2799, +0.2644, +0.2098, +0.1816, +0.1748, +0.1902, +0.1766, +0.1970, +0.2269, +0.2015, +0.2003, +0.1504, +0.1715, +0.2088, +0.1792, +0.2103, +0.2035, +0.1909, +0.2081, +0.1899, +0.2173, +0.2157, +0.2370, +0.2320, +0.1997, +0.2125, +0.2836, +0.2814, +0.2967, +0.2071, +0.2075, +0.2067, +0.1800, +0.2295, +0.2308, +0.2611, +0.1853, +0.2086, +0.2281, +0.2039, +0.1824, +0.2062, +0.1886, +0.2017, +0.1954, +0.2245, +0.2469, +0.2471, +0.2610, +0.2150, +0.2698, +0.2831, +0.3177, +0.3489, +0.2968, +0.2970, +0.2972, +0.2783, +0.2955, +0.2620, +0.2677, +0.3108, +0.2864, +0.3044, +0.2661, +0.2604, +0.2997, +0.2561, +0.2885, +0.2759, +0.2943, +0.2215, +0.2623, +0.2976, +0.2902, +0.2847, +0.3174, +0.3315, +0.3902, +0.3550, +0.3129, +0.3075, +0.2508, +0.2986, +0.3237, +0.3027, +0.3526, +0.3069, +0.3535, +0.3344, +0.3832, +0.3583, +0.3538, +0.2717, +0.2972, +0.3443, +0.3134, +0.3158, +0.3008, +0.2617, +0.2577, +0.1957, +0.2581, +0.2532, +0.2666, +0.2924, +0.2430, +0.2773, +0.2845, +0.3002, +0.3608, +0.3385, +0.4043, +0.3434, +0.3410, +0.3588, +0.2633, +0.2617, +0.2713, +0.2930, +0.2883, +0.3376, +0.2935, +0.2704, +0.3067, +0.2863, +0.3087, +0.2994, +0.3442, +0.3394, +0.2788, +0.3093, +0.3327, +0.3432, +0.3220, +0.2939, +0.3499, +0.3392, +0.3329, +0.2862, +0.3049, +0.2796, +0.3208, +0.3213, +0.2536, +0.2921, +0.3106, +0.3451, +0.3163, +0.2797, +0.3310, +0.2778, +0.3231, +0.2890, +0.2654, +0.2299, +0.2788, +0.2978, +0.2745, +0.2988, +0.3231, +0.2840, +0.3229, +0.3647, +0.3553, +0.3395, +0.2751, +0.3064, +0.3087, +0.2606, +0.3241, +0.2948, +0.2845, +0.3161, +0.2996, +0.3325, +0.3082, +0.2711, +0.3385, +0.2743, +0.2786, +0.2934, +0.3507, +0.3184, +0.3304, +0.2866, +0.2695, +0.3350, +0.3238, +0.2975, +0.3477, +0.3533, +0.3377, +0.3617, +0.3622, +0.3333, +0.3424, +0.3500, +0.3298, +0.2809, +0.2891, +0.3526, +0.3257, +0.3284, +0.3401, +0.3662, +0.3856, +0.3668, +0.3283, +0.3314, +0.3232, +0.3186, +0.3126, +0.3232, +0.3249, +0.3150, +0.2871, +0.2487, +0.2667, +0.2627, +0.3101, +0.2709, +0.2616, +0.3364, +0.3305, +0.3436, +0.2764, +0.2323, +0.2701, +0.2199, +0.2106, +0.2165, +0.2278, +0.1889, +0.2173, +0.2448, +0.2295, +0.2697, +0.3380, +0.3552, +0.3209, +0.3245, +0.2892, +0.3055, +0.3191, +0.3135, +0.3408, +0.3071, +0.2882, +0.3251, +0.3101, +0.2595, +0.2929, +0.2606, +0.2863, +0.2878, +0.2928, +0.3067, +0.2763, +0.2998, +0.2732, +0.2706, +0.3132, +0.2928, +0.2718, +0.2990, +0.2858, +0.3333, +0.2960, +0.2627, +0.3246, +0.3253, +0.2551, +0.3242, +0.3098, +0.2586, +0.2875, +0.2787, +0.2801, +0.2505, +0.2706, +0.2710, +0.2854, +0.2770, +0.2582, +0.2212, +0.2819, +0.2170, +0.2714, +0.2414, +0.2224, +0.2333, +0.2207, +0.2530, +0.2072, +0.2638, +0.1729, +0.2010, +0.2045, +0.1799, +0.1924, +0.2263, +0.1534, +0.1826, +0.1841, +0.2094, +0.1972, +0.1996, +0.2001, +0.1664, +0.1903, +0.2036, +0.1901, +0.2009, +0.1956, +0.1740, +0.1876, +0.2271, +0.2340, +0.2015, +0.2026, +0.2239, +0.2351, +0.2125, +0.2503, +0.3009, +0.2541, +0.2396, +0.2661, +0.2857, +0.2814, +0.2772, +0.2656, +0.2799, +0.2776, +0.2985, +0.3273, +0.2968, +0.3318, +0.3166, +0.2704, +0.2512, +0.2445, +0.3129, +0.2838, +0.2828, +0.3228, +0.3118, +0.3240, +0.3214, +0.2871, +0.3107, +0.3072, +0.2824, +0.3177, +0.3250, +0.3131, +0.3064, +0.3453, +0.2563, +0.2606, +0.2646, +0.2321, +0.2568, +0.3287, +0.3116, +0.2710, +0.3331, +0.3400, +0.3396, +0.3371, +0.3278, +0.3669, +0.4262, +0.3534, +0.3049, +0.3142, +0.3310, +0.3104, +0.3046, +0.3174, +0.3226, +0.2891, +0.2709, +0.3387, +0.3422, +0.2835, +0.2775, +0.2561, +0.2660, +0.3125, +0.3317, +0.3152, +0.2622, +0.2874, +0.2857, +0.2988, +0.3181, +0.3059, +0.3236, +0.3651, +0.3728, +0.3660, +0.3412, +0.3708, +0.3919, +0.3879, +0.4121, +0.3659, +0.3688, +0.3739, +0.3508, +0.3922, +0.3703, +0.3656, +0.3620, +0.3607, +0.3837, +0.3639, +0.3633, +0.3813, +0.4006, +0.3734, +0.3345, +0.3747, +0.3958, +0.3481, +0.3723, +0.3601, +0.3648, +0.3660, +0.3280, +0.2905, +0.3026, +0.3725, +0.3401, +0.3753, +0.3884, +0.3204, +0.3381, +0.3567, +0.3279, +0.3618, +0.3536, +0.3557, +0.3656, +0.3862, +0.4175, +0.3654, +0.3738, +0.3581, +0.3535, +0.3696, +0.3039, +0.3235, +0.3060, +0.3454, +0.3387, +0.3413, +0.3873, +0.3081, +0.2718, +0.2924, +0.3626, +0.3290, +0.3392, +0.3585, +0.3270, +0.3647, +0.3237, +0.3317, +0.3423, +0.3335, +0.3550, +0.3418, +0.3133, +0.2836, +0.2964, +0.3339, +0.3126, +0.3062, +0.3228, +0.3347, +0.3033, +0.3230, +0.3380, +0.3350, +0.3038, +0.3325, +0.3403, +0.3450, +0.3367, +0.2927, +0.3914, +0.3158, +0.3239, +0.3228, +0.3259, +0.3222, +0.4078, +0.3262, +0.3207, +0.3555, +0.3319, +0.2982, +0.3163, +0.3546, +0.3283, +0.3426, +0.3898, +0.3395, +0.3695, +0.3325, +0.2909, +0.3018, +0.3237, +0.3433, +0.3405, +0.3317, +0.2995, +0.3715, +0.3525, +0.3044, +0.3301, +0.2945, +0.3327, +0.3199, +0.3293, +0.3174, +0.3444, +0.3720, +0.3485, +0.3314, +0.3071, +0.2544, +0.2829, +0.3168, +0.3113, +0.3032, +0.2898, +0.3229, +0.3117, +0.3499, +0.3019, +0.2939, +0.2359, +0.3101, +0.2740, +0.2673, +0.2681, +0.2759, +0.2978, +0.2552, +0.2747, +0.2616, +0.2457, +0.2803, +0.2592, +0.2433, +0.2649, +0.2642, +0.2345, +0.2181, +0.1872, +0.2133, +0.2346, +0.2311, +0.2211, +0.2275, +0.2169, +0.2084, +0.2108, +0.2124, +0.2143, +0.2387, +0.2362, +0.2364, +0.2020, +0.1913, +0.2440, +0.2000, +0.1974, +0.2154, +0.2124, +0.1918, +0.2140, +0.2269, +0.2303, +0.2423, +0.2254, +0.2168, +0.2639, +0.2258, +0.2324, +0.2398, +0.2564, +0.2783, +0.2640, +0.2306, +0.2432, +0.2461, +0.2264, +0.2318, +0.2340, +0.2805, +0.2414, +0.2205, +0.2168, +0.2150, +0.2531, +0.2564, +0.2248, +0.2107, +0.2122, +0.2552, +0.2393, +0.2517, +0.2246, +0.2833, +0.2351, +0.2302, +0.1958, +0.2321, +0.1999, +0.2044, +0.2179, +0.2028, +0.1835, +0.2010, +0.1998, +0.2163, +0.2527, +0.1953, +0.1837, +0.1783, +0.1895, +0.1794, +0.1617, +0.2189, +0.1827, +0.2030, +0.1992, +0.2209, +0.2103, +0.2120, +0.1798, +0.1907, +0.2193, +0.2085, +0.1792, +0.2073, +0.2121, +0.2139, +0.1893, +0.1766, +0.2038, +0.2288, +0.2481, +0.2019, +0.1929, +0.2388, +0.1989, +0.1840, +0.1919, +0.2247, +0.1716, +0.1859, +0.1896, +0.2269, +0.1715, +0.2264, +0.1675, +0.2402, +0.2059, +0.2199, +0.1822, +0.2520, +0.2558, +0.2187, +0.2338, +0.2320, +0.2237, +0.2199, +0.2593, +0.2311, +0.2538, +0.2282, +0.2354, +0.2548, +0.2218, +0.2273, +0.2193, +0.1931, +0.1988, +0.2326, +0.2322, +0.2503, +0.1983, +0.2075, +0.2047, +0.2181, +0.2249, +0.2041, +0.2516, +0.2255, +0.2323, +0.2067, +0.2577, +0.2390, +0.2223, +0.2178, +0.2112, +0.2174, +0.2234, +0.2409, +0.2311, +0.2506, +0.2446, +0.2615, +0.2659, +0.2563, +0.2210, +0.2718, +0.2535, +0.2129, +0.2489, +0.2366, +0.2391, +0.2507, +0.2241, +0.2525, +0.2515, +0.2616, +0.2135, +0.2133, +0.2391, +0.2658, +0.2348, +0.2375, +0.2355, +0.2449, +0.2701, +0.2318, +0.2520, +0.2999, +0.2462, +0.2318, +0.2568, +0.2507, +0.2378, +0.2527, +0.1948, +0.2519]
             t0_alloc_blue: [+0.5109, +0.5497, +0.6242, +0.7157, +0.7375, +0.7531, +0.7616, +0.8130, +0.8366, +0.8549, +0.8745, +0.8585, +0.7934, +0.8119, +0.7957, +0.6623, +0.6104, +0.5121, +0.5704, +0.5928, +0.6655, +0.6377, +0.5975, +0.5961, +0.6098, +0.6098, +0.6043, +0.6675, +0.6326, +0.5402, +0.5352, +0.4438, +0.4906, +0.4417, +0.3682, +0.3392, +0.3225, +0.4237, +0.3723, +0.3910, +0.4123, +0.3654, +0.3744, +0.4182, +0.4619, +0.4533, +0.4276, +0.4521, +0.5210, +0.5155, +0.4865, +0.5978, +0.5876, +0.5713, +0.5795, +0.6377, +0.6690, +0.6367, +0.5902, +0.5962, +0.6075, +0.5691, +0.5117, +0.5191, +0.5688, +0.5909, +0.5853, +0.6517, +0.6299, +0.5961, +0.5883, +0.5932, +0.6639, +0.6028, +0.5735, +0.6705, +0.6393, +0.7434, +0.6925, +0.6816, +0.6254, +0.6909, +0.6883, +0.6866, +0.6647, +0.7525, +0.7443, +0.7435, +0.7185, +0.6865, +0.7704, +0.7409, +0.7551, +0.6930, +0.7191, +0.7525, +0.7571, +0.7308, +0.7852, +0.7784, +0.7957, +0.8227, +0.7941, +0.7775, +0.7820, +0.7917, +0.7476, +0.7502, +0.7104, +0.7780, +0.7467, +0.7341, +0.7423, +0.7516, +0.8380, +0.6729, +0.7199, +0.7061, +0.6841, +0.7816, +0.7670, +0.7797, +0.7928, +0.7922, +0.8042, +0.7778, +0.7369, +0.7325, +0.7244, +0.6892, +0.7101, +0.7287, +0.7340, +0.6748, +0.6594, +0.6365, +0.7227, +0.6574, +0.6733, +0.6245, +0.6747, +0.7253, +0.7046, +0.7113, +0.7151, +0.7199, +0.6979, +0.6733, +0.6790, +0.6838, +0.6776, +0.6776, +0.7361, +0.7513, +0.7208, +0.6888, +0.7261, +0.6825, +0.7425, +0.7174, +0.7658, +0.7715, +0.7201, +0.7356, +0.7902, +0.8184, +0.8252, +0.8098, +0.8234, +0.8030, +0.7731, +0.7985, +0.7997, +0.8496, +0.8285, +0.7912, +0.8208, +0.7897, +0.7965, +0.8091, +0.7919, +0.8101, +0.7827, +0.7843, +0.7630, +0.7680, +0.8003, +0.7875, +0.7164, +0.7186, +0.7033, +0.7929, +0.7925, +0.7933, +0.8200, +0.7705, +0.7692, +0.7389, +0.8147, +0.7914, +0.7719, +0.7961, +0.8176, +0.7938, +0.8114, +0.7983, +0.8046, +0.7755, +0.7531, +0.7529, +0.7390, +0.7850, +0.7302, +0.7169, +0.6823, +0.6511, +0.7032, +0.7030, +0.7028, +0.7217, +0.7045, +0.7380, +0.7323, +0.6892, +0.7136, +0.6956, +0.7339, +0.7396, +0.7003, +0.7439, +0.7115, +0.7241, +0.7057, +0.7785, +0.7377, +0.7024, +0.7098, +0.7153, +0.6826, +0.6685, +0.6098, +0.6450, +0.6871, +0.6925, +0.7492, +0.7014, +0.6763, +0.6973, +0.6474, +0.6931, +0.6465, +0.6656, +0.6168, +0.6417, +0.6462, +0.7283, +0.7028, +0.6557, +0.6866, +0.6842, +0.6992, +0.7383, +0.7423, +0.8043, +0.7419, +0.7468, +0.7334, +0.7076, +0.7570, +0.7227, +0.7155, +0.6998, +0.6392, +0.6615, +0.5957, +0.6566, +0.6590, +0.6412, +0.7367, +0.7383, +0.7287, +0.7070, +0.7117, +0.6624, +0.7065, +0.7296, +0.6933, +0.7137, +0.6913, +0.7006, +0.6558, +0.6606, +0.7212, +0.6907, +0.6673, +0.6568, +0.6780, +0.7061, +0.6501, +0.6608, +0.6671, +0.7138, +0.6951, +0.7204, +0.6792, +0.6787, +0.7464, +0.7079, +0.6894, +0.6549, +0.6837, +0.7203, +0.6690, +0.7222, +0.6769, +0.7110, +0.7346, +0.7701, +0.7212, +0.7022, +0.7255, +0.7012, +0.6769, +0.7160, +0.6771, +0.6353, +0.6447, +0.6605, +0.7249, +0.6936, +0.6913, +0.7394, +0.6759, +0.7052, +0.7155, +0.6839, +0.7004, +0.6675, +0.6918, +0.7289, +0.6615, +0.7257, +0.7214, +0.7066, +0.6493, +0.6816, +0.6696, +0.7134, +0.7305, +0.6650, +0.6762, +0.7025, +0.6523, +0.6467, +0.6623, +0.6383, +0.6378, +0.6667, +0.6576, +0.6500, +0.6702, +0.7191, +0.7109, +0.6474, +0.6743, +0.6716, +0.6599, +0.6338, +0.6144, +0.6332, +0.6717, +0.6686, +0.6768, +0.6814, +0.6874, +0.6768, +0.6751, +0.6850, +0.7129, +0.7513, +0.7333, +0.7373, +0.6899, +0.7291, +0.7384, +0.6636, +0.6695, +0.6564, +0.7236, +0.7677, +0.7299, +0.7801, +0.7894, +0.7835, +0.7722, +0.8111, +0.7827, +0.7552, +0.7705, +0.7303, +0.6620, +0.6448, +0.6791, +0.6755, +0.7108, +0.6945, +0.6809, +0.6865, +0.6592, +0.6929, +0.7118, +0.6749, +0.6899, +0.7405, +0.7071, +0.7394, +0.7137, +0.7122, +0.7072, +0.6933, +0.7237, +0.7002, +0.7268, +0.7294, +0.6868, +0.7072, +0.7282, +0.7010, +0.7142, +0.6667, +0.7040, +0.7373, +0.6754, +0.6747, +0.7449, +0.6758, +0.6902, +0.7414, +0.7125, +0.7213, +0.7199, +0.7495, +0.7294, +0.7290, +0.7146, +0.7230, +0.7418, +0.7788, +0.7181, +0.7830, +0.7286, +0.7586, +0.7776, +0.7667, +0.7793, +0.7470, +0.7928, +0.7362, +0.8271, +0.7990, +0.7955, +0.8201, +0.8076, +0.7737, +0.8466, +0.8174, +0.8159, +0.7906, +0.8028, +0.8004, +0.7999, +0.8336, +0.8097, +0.7964, +0.8099, +0.7991, +0.8044, +0.8260, +0.8124, +0.7729, +0.7660, +0.7985, +0.7974, +0.7761, +0.7649, +0.7875, +0.7497, +0.6991, +0.7459, +0.7604, +0.7339, +0.7143, +0.7186, +0.7228, +0.7344, +0.7201, +0.7224, +0.7015, +0.6727, +0.7032, +0.6682, +0.6834, +0.7296, +0.7488, +0.7555, +0.6871, +0.7162, +0.7172, +0.6772, +0.6882, +0.6760, +0.6786, +0.7129, +0.6893, +0.6928, +0.7176, +0.6823, +0.6750, +0.6869, +0.6936, +0.6547, +0.7437, +0.7394, +0.7354, +0.7679, +0.7432, +0.6713, +0.6884, +0.7290, +0.6669, +0.6600, +0.6604, +0.6629, +0.6722, +0.6331, +0.5738, +0.6466, +0.6951, +0.6858, +0.6690, +0.6896, +0.6954, +0.6826, +0.6774, +0.7109, +0.7291, +0.6613, +0.6578, +0.7165, +0.7225, +0.7439, +0.7340, +0.6875, +0.6683, +0.6848, +0.7378, +0.7126, +0.7143, +0.7012, +0.6819, +0.6941, +0.6764, +0.6349, +0.6272, +0.6340, +0.6588, +0.6292, +0.6081, +0.6121, +0.5879, +0.6341, +0.6312, +0.6261, +0.6492, +0.6078, +0.6297, +0.6344, +0.6380, +0.6393, +0.6163, +0.6361, +0.6367, +0.6187, +0.5994, +0.6266, +0.6655, +0.6253, +0.6042, +0.6519, +0.6277, +0.6399, +0.6352, +0.6340, +0.6720, +0.7095, +0.6974, +0.6275, +0.6599, +0.6247, +0.6116, +0.6796, +0.6619, +0.6433, +0.6721, +0.6382, +0.6464, +0.6443, +0.6344, +0.6138, +0.5825, +0.6346, +0.6262, +0.6419, +0.6465, +0.6304, +0.6961, +0.6765, +0.6940, +0.6546, +0.6613, +0.6587, +0.6127, +0.6919, +0.7282, +0.7076, +0.6374, +0.6710, +0.6608, +0.6415, +0.6730, +0.6353, +0.6763, +0.6683, +0.6577, +0.6665, +0.6450, +0.6582, +0.6867, +0.7164, +0.7036, +0.6661, +0.6874, +0.6938, +0.6772, +0.6653, +0.6967, +0.6770, +0.6620, +0.6650, +0.6962, +0.6675, +0.6597, +0.6550, +0.6633, +0.7073, +0.6086, +0.6842, +0.6761, +0.6772, +0.6741, +0.6778, +0.5922, +0.6738, +0.6793, +0.6445, +0.6681, +0.7018, +0.6837, +0.6454, +0.6717, +0.6574, +0.6102, +0.6605, +0.6305, +0.6675, +0.7091, +0.6982, +0.6763, +0.6567, +0.6595, +0.6683, +0.7005, +0.6285, +0.6475, +0.6956, +0.6699, +0.7055, +0.6673, +0.6801, +0.6707, +0.6826, +0.6556, +0.6280, +0.6515, +0.6686, +0.6929, +0.7456, +0.7171, +0.6832, +0.6887, +0.6968, +0.7102, +0.6771, +0.6883, +0.6501, +0.6981, +0.7061, +0.7641, +0.6899, +0.7260, +0.7327, +0.7319, +0.7241, +0.7022, +0.7448, +0.7253, +0.7384, +0.7543, +0.7197, +0.7408, +0.7567, +0.7351, +0.7358, +0.7655, +0.7819, +0.8128, +0.7867, +0.7654, +0.7689, +0.7789, +0.7725, +0.7831, +0.7916, +0.7892, +0.7876, +0.7857, +0.7613, +0.7638, +0.7636, +0.7980, +0.8087, +0.7560, +0.8000, +0.8026, +0.7846, +0.7876, +0.8082, +0.7860, +0.7731, +0.7697, +0.7577, +0.7746, +0.7832, +0.7361, +0.7742, +0.7676, +0.7602, +0.7436, +0.7217, +0.7360, +0.7694, +0.7568, +0.7539, +0.7736, +0.7682, +0.7660, +0.7195, +0.7586, +0.7795, +0.7832, +0.7850, +0.7469, +0.7436, +0.7752, +0.7893, +0.7878, +0.7448, +0.7607, +0.7483, +0.7754, +0.7167, +0.7649, +0.7698, +0.8042, +0.7679, +0.8001, +0.7956, +0.7821, +0.7972, +0.8165, +0.7990, +0.8002, +0.7837, +0.7473, +0.8047, +0.8163, +0.8217, +0.8105, +0.8206, +0.8383, +0.7811, +0.8173, +0.7970, +0.8008, +0.7791, +0.7897, +0.7880, +0.8202, +0.8093, +0.7807, +0.7915, +0.8208, +0.7927, +0.7879, +0.7861, +0.8107, +0.8234, +0.7962, +0.7712, +0.7519, +0.7981, +0.8071, +0.7612, +0.8011, +0.8160, +0.8081, +0.7753, +0.8284, +0.8141, +0.8104, +0.7731, +0.8285, +0.7736, +0.8325, +0.7598, +0.7941, +0.7801, +0.8178, +0.7480, +0.7442, +0.7813, +0.7662, +0.7680, +0.7763, +0.7801, +0.7407, +0.7689, +0.7462, +0.7718, +0.7646, +0.7452, +0.7782, +0.7727, +0.7807, +0.8069, +0.8012, +0.7674, +0.7678, +0.7497, +0.8017, +0.7925, +0.7953, +0.7819, +0.7751, +0.7959, +0.7484, +0.7745, +0.7677, +0.7933, +0.7423, +0.7610, +0.7777, +0.7822, +0.7888, +0.7826, +0.7766, +0.7591, +0.7689, +0.7494, +0.7554, +0.7385, +0.7341, +0.7437, +0.7790, +0.7282, +0.7465, +0.7871, +0.7511, +0.7634, +0.7609, +0.7493, +0.7759, +0.7475, +0.7485, +0.7384, +0.7865, +0.7867, +0.7609, +0.7342, +0.7652, +0.7625, +0.7645, +0.7551, +0.7299, +0.7682, +0.7480, +0.7001, +0.7538, +0.7682, +0.7432, +0.7493, +0.7622, +0.7473, +0.8052, +0.7481]
[main] saved params (seed 0) -> /juice6/u/jshe/emergent_partner_grid/train/train_logs/v1_balanced_training/counterbalanced1096_20261007_001529_seeds6to10/rnn_diverse_noinfluence_seed7.safetensors
[main] saved resolved config -> /juice6/u/jshe/emergent_partner_grid/train/train_logs/v1_balanced_training/counterbalanced1096_20261007_001529_seeds6to10/rnn_diverse_noinfluence_seed7_config.json
[sampling audit] /juice6/u/jshe/emergent_partner_grid/train/train_logs/v1_balanced_training/counterbalanced1096_20261007_001529_seeds6to10/rnn_diverse_noinfluence_seed7_sampling_audit.json
[eval] train: layouts_dir=/juice6/u/jshe/emergent_partner_grid/train/run_snapshots/counterbalanced1096_20261002_235609/corpus/layouts/train, 20 episodes/cap × 24 capability pairs...
[eval] train: round_success_overall=0.966  (n_rounds=9600)
    cap=(1,4)  succ=0.990  n_rounds=400
    cap=(1,7)  succ=0.983  n_rounds=400
    cap=(1,8)  succ=0.955  n_rounds=400
    cap=(1,9)  succ=0.955  n_rounds=400
    cap=(2,4)  succ=0.980  n_rounds=400
    cap=(2,7)  succ=0.970  n_rounds=400
    cap=(2,8)  succ=0.957  n_rounds=400
    cap=(2,9)  succ=0.940  n_rounds=400
    cap=(3,4)  succ=0.978  n_rounds=400
    cap=(3,7)  succ=0.970  n_rounds=400
    cap=(3,8)  succ=0.973  n_rounds=400
    cap=(3,9)  succ=0.980  n_rounds=400
    cap=(4,1)  succ=0.980  n_rounds=400
    cap=(4,2)  succ=0.980  n_rounds=400
    cap=(4,3)  succ=0.967  n_rounds=400
    cap=(7,1)  succ=0.980  n_rounds=400
    cap=(7,2)  succ=0.970  n_rounds=400
    cap=(7,3)  succ=0.970  n_rounds=400
    cap=(8,1)  succ=0.980  n_rounds=400
    cap=(8,2)  succ=0.960  n_rounds=400
    cap=(8,3)  succ=0.947  n_rounds=400
    cap=(9,1)  succ=0.940  n_rounds=400
    cap=(9,2)  succ=0.945  n_rounds=400
    cap=(9,3)  succ=0.940  n_rounds=400
[eval] test: layouts_dir=/juice6/u/jshe/emergent_partner_grid/train/run_snapshots/counterbalanced1096_20261002_235609/corpus/layouts/train, 20 episodes/cap × 22 capability pairs...
[eval] test: round_success_overall=0.964  (n_rounds=8800)
    cap=(0,5)  succ=0.978  n_rounds=400
    cap=(0,6)  succ=0.962  n_rounds=400
    cap=(1,5)  succ=0.960  n_rounds=400
    cap=(1,6)  succ=0.970  n_rounds=400
    cap=(2,5)  succ=0.960  n_rounds=400
    cap=(2,6)  succ=0.978  n_rounds=400
    cap=(3,5)  succ=0.978  n_rounds=400
    cap=(3,6)  succ=0.980  n_rounds=400
    cap=(7,0)  succ=0.955  n_rounds=400
    cap=(8,0)  succ=0.938  n_rounds=400
    cap=(9,0)  succ=0.945  n_rounds=400
    cap=(5,0)  succ=0.973  n_rounds=400
    cap=(5,1)  succ=0.973  n_rounds=400
    cap=(5,2)  succ=0.988  n_rounds=400
    cap=(5,3)  succ=0.985  n_rounds=400
    cap=(6,0)  succ=0.962  n_rounds=400
    cap=(6,1)  succ=0.947  n_rounds=400
    cap=(6,2)  succ=0.978  n_rounds=400
    cap=(6,3)  succ=0.980  n_rounds=400
    cap=(0,7)  succ=0.955  n_rounds=400
    cap=(0,8)  succ=0.947  n_rounds=400
    cap=(0,9)  succ=0.913  n_rounds=400
[eval] wrote per-capability / per-round numbers -> /juice6/u/jshe/emergent_partner_grid/train/train_logs/v1_balanced_training/counterbalanced1096_20261007_001529_seeds6to10/rnn_diverse_noinfluence_seed7_eval.json
