[main] compiling and running 1 seed(s)...
[counterbalanced schedule] {'sampling_protocol': 'paired_counterbalanced_v1', 'seed': 2026, 'n_layouts': 1096, 'n_profiles': 24, 'rounds_per_episode': 20, 'passes_per_cycle': 5, 'episodes_per_profile_per_cycle': 274, 'rounds_per_cycle': 131520, 'visits_per_profile_layout_per_cycle': 5, 'packets': 125218, 'preallocated_episodes': 3005232, 'preallocated_rounds': 60104640, 'maximum_allocated_episode_imbalance_at_any_prefix': 1}
[u    1] env=    65536 rsucc=0.402 n_rounds=  666 ret=+0.000 len= 0.0 ent(t0,t>=1)=(0.693,1.609) aL=-0.0002 vL=0.0268 t0=[red=0.48 blue=0.52]
[u    2] env=   131072 rsucc=0.336 n_rounds=  777 ret=+0.000 len= 0.0 ent(t0,t>=1)=(0.686,1.608) aL=-0.0005 vL=0.0198 t0=[red=0.49 blue=0.51]
[u    3] env=   196608 rsucc=0.371 n_rounds=  798 ret=+0.000 len= 0.0 ent(t0,t>=1)=(0.657,1.605) aL=-0.0003 vL=0.0198 t0=[red=0.39 blue=0.61]
[u    4] env=   262144 rsucc=0.370 n_rounds=  776 ret=+0.000 len= 0.0 ent(t0,t>=1)=(0.604,1.597) aL=-0.0013 vL=0.0178 t0=[red=0.35 blue=0.65]
[u    5] env=   327680 rsucc=0.391 n_rounds=  793 ret=+0.000 len= 0.0 ent(t0,t>=1)=(0.546,1.574) aL=-0.0010 vL=0.0183 t0=[red=0.27 blue=0.73]
[u    6] env=   393216 rsucc=0.330 n_rounds=  788 ret=-4.152 len=1468.9 ent(t0,t>=1)=(0.550,1.583) aL=-0.0037 vL=0.0155 t0=[red=0.21 blue=0.79]
[u    7] env=   458752 rsucc=0.336 n_rounds=  740 ret=-9.441 len=1674.0 ent(t0,t>=1)=(0.535,1.576) aL=-0.0012 vL=0.0151 t0=[red=0.28 blue=0.72]
[u    8] env=   524288 rsucc=0.354 n_rounds=  790 ret=-13.688 len=1833.0 ent(t0,t>=1)=(0.512,1.558) aL=-0.0013 vL=0.0164 t0=[red=0.19 blue=0.81]
[u    9] env=   589824 rsucc=0.356 n_rounds=  792 ret=+0.000 len= 0.0 ent(t0,t>=1)=(0.513,1.556) aL=-0.0011 vL=0.0176 t0=[red=0.24 blue=0.76]
[u   10] env=   655360 rsucc=0.457 n_rounds=  830 ret=+0.000 len= 0.0 ent(t0,t>=1)=(0.517,1.542) aL=-0.0032 vL=0.0201 t0=[red=0.19 blue=0.81]
[u   11] env=   720896 rsucc=0.392 n_rounds=  803 ret=-0.340 len=1246.0 ent(t0,t>=1)=(0.581,1.514) aL=-0.0057 vL=0.0169 t0=[red=0.22 blue=0.78]
[u   12] env=   786432 rsucc=0.488 n_rounds=  848 ret=-3.735 len=1465.1 ent(t0,t>=1)=(0.565,1.479) aL=-0.0059 vL=0.0217 t0=[red=0.29 blue=0.71]
[u   13] env=   851968 rsucc=0.557 n_rounds=  887 ret=-6.526 len=1570.1 ent(t0,t>=1)=(0.580,1.450) aL=-0.0055 vL=0.0266 t0=[red=0.28 blue=0.72]
[u   14] env=   917504 rsucc=0.620 n_rounds=  945 ret=-9.171 len=1670.2 ent(t0,t>=1)=(0.602,1.430) aL=-0.0054 vL=0.0289 t0=[red=0.29 blue=0.71]
[u   15] env=   983040 rsucc=0.669 n_rounds=  950 ret=-11.715 len=1777.5 ent(t0,t>=1)=(0.607,1.415) aL=-0.0056 vL=0.0250 t0=[red=0.26 blue=0.74]
[u   16] env=  1048576 rsucc=0.692 n_rounds=  977 ret=+4.410 len=1074.0 ent(t0,t>=1)=(0.584,1.405) aL=-0.0058 vL=0.0266 t0=[red=0.31 blue=0.69]
[u   17] env=  1114112 rsucc=0.714 n_rounds= 1006 ret=+2.351 len=1249.6 ent(t0,t>=1)=(0.591,1.381) aL=-0.0065 vL=0.0285 t0=[red=0.27 blue=0.73]
[u   18] env=  1179648 rsucc=0.754 n_rounds= 1045 ret=+1.299 len=1297.7 ent(t0,t>=1)=(0.585,1.391) aL=-0.0077 vL=0.0315 t0=[red=0.27 blue=0.73]
[u   19] env=  1245184 rsucc=0.793 n_rounds= 1131 ret=-0.054 len=1380.1 ent(t0,t>=1)=(0.603,1.372) aL=-0.0077 vL=0.0289 t0=[red=0.28 blue=0.72]
[u   20] env=  1310720 rsucc=0.827 n_rounds= 1117 ret=-0.023 len=1404.4 ent(t0,t>=1)=(0.604,1.365) aL=-0.0070 vL=0.0282 t0=[red=0.31 blue=0.69]
[u   21] env=  1376256 rsucc=0.802 n_rounds= 1178 ret=+8.124 len=959.7 ent(t0,t>=1)=(0.595,1.340) aL=-0.0068 vL=0.0254 t0=[red=0.29 blue=0.71]
[u   22] env=  1441792 rsucc=0.802 n_rounds= 1199 ret=+6.478 len=1055.8 ent(t0,t>=1)=(0.601,1.339) aL=-0.0067 vL=0.0265 t0=[red=0.31 blue=0.69]
[u   23] env=  1507328 rsucc=0.805 n_rounds= 1177 ret=+4.380 len=1158.8 ent(t0,t>=1)=(0.581,1.302) aL=-0.0064 vL=0.0269 t0=[red=0.32 blue=0.68]
[u   24] env=  1572864 rsucc=0.798 n_rounds= 1214 ret=+2.297 len=1254.9 ent(t0,t>=1)=(0.561,1.308) aL=-0.0056 vL=0.0280 t0=[red=0.25 blue=0.75]
[u   25] env=  1638400 rsucc=0.802 n_rounds= 1164 ret=+5.272 len=1111.2 ent(t0,t>=1)=(0.580,1.291) aL=-0.0058 vL=0.0269 t0=[red=0.26 blue=0.74]
[u   26] env=  1703936 rsucc=0.836 n_rounds= 1305 ret=+7.170 len=998.6 ent(t0,t>=1)=(0.614,1.291) aL=-0.0047 vL=0.0283 t0=[red=0.31 blue=0.69]
[u   27] env=  1769472 rsucc=0.877 n_rounds= 1328 ret=+7.048 len=1021.5 ent(t0,t>=1)=(0.594,1.284) aL=-0.0052 vL=0.0279 t0=[red=0.33 blue=0.67]
[u   28] env=  1835008 rsucc=0.794 n_rounds= 1201 ret=+6.391 len=1049.2 ent(t0,t>=1)=(0.546,1.306) aL=-0.0044 vL=0.0260 t0=[red=0.26 blue=0.74]
[u   29] env=  1900544 rsucc=0.863 n_rounds= 1303 ret=+6.805 len=1015.2 ent(t0,t>=1)=(0.543,1.288) aL=-0.0058 vL=0.0233 t0=[red=0.23 blue=0.77]
[u   30] env=  1966080 rsucc=0.824 n_rounds= 1212 ret=+6.577 len=1025.6 ent(t0,t>=1)=(0.538,1.274) aL=-0.0049 vL=0.0228 t0=[red=0.26 blue=0.74]
[u   31] env=  2031616 rsucc=0.835 n_rounds= 1277 ret=+5.602 len=1067.8 ent(t0,t>=1)=(0.585,1.254) aL=-0.0055 vL=0.0280 t0=[red=0.27 blue=0.73]
[u   32] env=  2097152 rsucc=0.840 n_rounds= 1285 ret=+5.705 len=1097.4 ent(t0,t>=1)=(0.545,1.260) aL=-0.0057 vL=0.0285 t0=[red=0.27 blue=0.73]
[u   33] env=  2162688 rsucc=0.855 n_rounds= 1341 ret=+8.781 len=953.9 ent(t0,t>=1)=(0.528,1.249) aL=-0.0066 vL=0.0258 t0=[red=0.22 blue=0.78]
[u   34] env=  2228224 rsucc=0.881 n_rounds= 1389 ret=+8.567 len=931.7 ent(t0,t>=1)=(0.558,1.240) aL=-0.0076 vL=0.0268 t0=[red=0.23 blue=0.77]
[u   35] env=  2293760 rsucc=0.839 n_rounds= 1302 ret=+7.093 len=998.2 ent(t0,t>=1)=(0.567,1.239) aL=-0.0056 vL=0.0240 t0=[red=0.28 blue=0.72]
[u   36] env=  2359296 rsucc=0.856 n_rounds= 1289 ret=+6.493 len=1039.7 ent(t0,t>=1)=(0.582,1.221) aL=-0.0053 vL=0.0264 t0=[red=0.33 blue=0.67]
[u   37] env=  2424832 rsucc=0.882 n_rounds= 1426 ret=+7.759 len=971.4 ent(t0,t>=1)=(0.603,1.211) aL=-0.0049 vL=0.0280 t0=[red=0.33 blue=0.67]
[u   38] env=  2490368 rsucc=0.826 n_rounds= 1335 ret=+9.491 len=851.1 ent(t0,t>=1)=(0.620,1.204) aL=-0.0050 vL=0.0283 t0=[red=0.35 blue=0.65]
[u   39] env=  2555904 rsucc=0.823 n_rounds= 1308 ret=+7.315 len=984.6 ent(t0,t>=1)=(0.607,1.164) aL=-0.0050 vL=0.0256 t0=[red=0.31 blue=0.69]
[u   40] env=  2621440 rsucc=0.856 n_rounds= 1364 ret=+6.742 len=1022.9 ent(t0,t>=1)=(0.579,1.171) aL=-0.0065 vL=0.0266 t0=[red=0.29 blue=0.71]
[u   41] env=  2686976 rsucc=0.897 n_rounds= 1463 ret=+7.159 len=984.2 ent(t0,t>=1)=(0.606,1.150) aL=-0.0064 vL=0.0274 t0=[red=0.32 blue=0.68]
[u   42] env=  2752512 rsucc=0.857 n_rounds= 1354 ret=+7.513 len=959.0 ent(t0,t>=1)=(0.636,1.144) aL=-0.0080 vL=0.0254 t0=[red=0.34 blue=0.66]
[u   43] env=  2818048 rsucc=0.826 n_rounds= 1279 ret=+7.095 len=989.7 ent(t0,t>=1)=(0.644,1.137) aL=-0.0065 vL=0.0247 t0=[red=0.39 blue=0.61]
[u   44] env=  2883584 rsucc=0.843 n_rounds= 1348 ret=+6.878 len=999.6 ent(t0,t>=1)=(0.603,1.150) aL=-0.0058 vL=0.0256 t0=[red=0.33 blue=0.67]
[u   45] env=  2949120 rsucc=0.850 n_rounds= 1351 ret=+8.243 len=925.7 ent(t0,t>=1)=(0.652,1.152) aL=-0.0076 vL=0.0252 t0=[red=0.41 blue=0.59]
[u   46] env=  3014656 rsucc=0.826 n_rounds= 1341 ret=+8.124 len=939.4 ent(t0,t>=1)=(0.641,1.125) aL=-0.0065 vL=0.0256 t0=[red=0.39 blue=0.61]
[u   47] env=  3080192 rsucc=0.824 n_rounds= 1349 ret=+6.480 len=997.1 ent(t0,t>=1)=(0.640,1.131) aL=-0.0074 vL=0.0242 t0=[red=0.45 blue=0.55]
[u   48] env=  3145728 rsucc=0.808 n_rounds= 1248 ret=+6.342 len=1020.7 ent(t0,t>=1)=(0.623,1.118) aL=-0.0070 vL=0.0228 t0=[red=0.52 blue=0.48]
[u   49] env=  3211264 rsucc=0.824 n_rounds= 1363 ret=+8.366 len=907.7 ent(t0,t>=1)=(0.624,1.152) aL=-0.0085 vL=0.0241 t0=[red=0.52 blue=0.48]
[u   50] env=  3276800 rsucc=0.798 n_rounds= 1214 ret=+8.178 len=933.9 ent(t0,t>=1)=(0.608,1.146) aL=-0.0058 vL=0.0227 t0=[red=0.56 blue=0.44]
[u   51] env=  3342336 rsucc=0.849 n_rounds= 1364 ret=+6.604 len=990.7 ent(t0,t>=1)=(0.594,1.166) aL=-0.0091 vL=0.0253 t0=[red=0.58 blue=0.42]
[u   52] env=  3407872 rsucc=0.827 n_rounds= 1360 ret=+5.578 len=1061.0 ent(t0,t>=1)=(0.585,1.160) aL=-0.0072 vL=0.0261 t0=[red=0.57 blue=0.43]
[u   53] env=  3473408 rsucc=0.837 n_rounds= 1399 ret=+6.236 len=1018.5 ent(t0,t>=1)=(0.589,1.147) aL=-0.0084 vL=0.0259 t0=[red=0.47 blue=0.53]
[u   54] env=  3538944 rsucc=0.873 n_rounds= 1480 ret=+7.474 len=937.8 ent(t0,t>=1)=(0.591,1.115) aL=-0.0068 vL=0.0269 t0=[red=0.49 blue=0.51]
[u   55] env=  3604480 rsucc=0.841 n_rounds= 1268 ret=+7.710 len=944.7 ent(t0,t>=1)=(0.615,1.154) aL=-0.0078 vL=0.0226 t0=[red=0.45 blue=0.55]
[u   56] env=  3670016 rsucc=0.863 n_rounds= 1371 ret=+6.697 len=997.6 ent(t0,t>=1)=(0.585,1.135) aL=-0.0079 vL=0.0246 t0=[red=0.44 blue=0.56]
[u   57] env=  3735552 rsucc=0.847 n_rounds= 1351 ret=+7.917 len=954.8 ent(t0,t>=1)=(0.564,1.136) aL=-0.0089 vL=0.0220 t0=[red=0.42 blue=0.58]
[u   58] env=  3801088 rsucc=0.862 n_rounds= 1356 ret=+8.388 len=923.9 ent(t0,t>=1)=(0.551,1.141) aL=-0.0100 vL=0.0238 t0=[red=0.40 blue=0.60]
[u   59] env=  3866624 rsucc=0.882 n_rounds= 1478 ret=+8.014 len=955.3 ent(t0,t>=1)=(0.535,1.109) aL=-0.0091 vL=0.0213 t0=[red=0.40 blue=0.60]
[u   60] env=  3932160 rsucc=0.863 n_rounds= 1342 ret=+8.424 len=908.8 ent(t0,t>=1)=(0.542,1.113) aL=-0.0098 vL=0.0227 t0=[red=0.35 blue=0.65]
[u   61] env=  3997696 rsucc=0.886 n_rounds= 1385 ret=+8.481 len=944.1 ent(t0,t>=1)=(0.532,1.127) aL=-0.0106 vL=0.0212 t0=[red=0.33 blue=0.67]
[u   62] env=  4063232 rsucc=0.822 n_rounds= 1265 ret=+8.429 len=938.2 ent(t0,t>=1)=(0.514,1.133) aL=-0.0103 vL=0.0204 t0=[red=0.28 blue=0.72]
[u   63] env=  4128768 rsucc=0.854 n_rounds= 1340 ret=+7.296 len=1000.4 ent(t0,t>=1)=(0.533,1.106) aL=-0.0113 vL=0.0191 t0=[red=0.34 blue=0.66]
[u   64] env=  4194304 rsucc=0.852 n_rounds= 1322 ret=+6.797 len=1008.8 ent(t0,t>=1)=(0.553,1.096) aL=-0.0107 vL=0.0208 t0=[red=0.32 blue=0.68]
[u   65] env=  4259840 rsucc=0.855 n_rounds= 1424 ret=+7.103 len=984.2 ent(t0,t>=1)=(0.531,1.090) aL=-0.0102 vL=0.0216 t0=[red=0.32 blue=0.68]
[u   66] env=  4325376 rsucc=0.891 n_rounds= 1430 ret=+7.077 len=997.1 ent(t0,t>=1)=(0.547,1.086) aL=-0.0097 vL=0.0201 t0=[red=0.28 blue=0.72]
[u   67] env=  4390912 rsucc=0.865 n_rounds= 1362 ret=+8.168 len=937.5 ent(t0,t>=1)=(0.559,1.071) aL=-0.0119 vL=0.0213 t0=[red=0.33 blue=0.67]
[u   68] env=  4456448 rsucc=0.904 n_rounds= 1525 ret=+9.095 len=898.2 ent(t0,t>=1)=(0.561,1.052) aL=-0.0119 vL=0.0212 t0=[red=0.37 blue=0.63]
[u   69] env=  4521984 rsucc=0.891 n_rounds= 1408 ret=+8.019 len=945.5 ent(t0,t>=1)=(0.567,1.086) aL=-0.0104 vL=0.0187 t0=[red=0.35 blue=0.65]
[u   70] env=  4587520 rsucc=0.872 n_rounds= 1352 ret=+8.900 len=909.5 ent(t0,t>=1)=(0.518,1.112) aL=-0.0109 vL=0.0206 t0=[red=0.30 blue=0.70]
[u   71] env=  4653056 rsucc=0.815 n_rounds= 1272 ret=+9.150 len=899.0 ent(t0,t>=1)=(0.475,1.120) aL=-0.0099 vL=0.0211 t0=[red=0.28 blue=0.72]
[u   72] env=  4718592 rsucc=0.854 n_rounds= 1404 ret=+9.044 len=904.4 ent(t0,t>=1)=(0.495,1.089) aL=-0.0108 vL=0.0219 t0=[red=0.24 blue=0.76]
[u   73] env=  4784128 rsucc=0.896 n_rounds= 1484 ret=+7.366 len=975.4 ent(t0,t>=1)=(0.487,1.068) aL=-0.0104 vL=0.0200 t0=[red=0.27 blue=0.73]
[u   74] env=  4849664 rsucc=0.869 n_rounds= 1413 ret=+6.918 len=991.6 ent(t0,t>=1)=(0.456,1.091) aL=-0.0116 vL=0.0220 t0=[red=0.20 blue=0.80]
[u   75] env=  4915200 rsucc=0.888 n_rounds= 1482 ret=+7.295 len=962.5 ent(t0,t>=1)=(0.469,1.078) aL=-0.0101 vL=0.0235 t0=[red=0.22 blue=0.78]
[u   76] env=  4980736 rsucc=0.875 n_rounds= 1412 ret=+9.094 len=882.1 ent(t0,t>=1)=(0.482,1.104) aL=-0.0111 vL=0.0223 t0=[red=0.22 blue=0.78]
[u   77] env=  5046272 rsucc=0.866 n_rounds= 1383 ret=+9.366 len=883.9 ent(t0,t>=1)=(0.507,1.084) aL=-0.0105 vL=0.0223 t0=[red=0.30 blue=0.70]
[u   78] env=  5111808 rsucc=0.882 n_rounds= 1517 ret=+8.630 len=918.1 ent(t0,t>=1)=(0.496,1.093) aL=-0.0126 vL=0.0225 t0=[red=0.30 blue=0.70]
[u   79] env=  5177344 rsucc=0.891 n_rounds= 1448 ret=+8.747 len=904.1 ent(t0,t>=1)=(0.530,1.089) aL=-0.0123 vL=0.0220 t0=[red=0.33 blue=0.67]
[u   80] env=  5242880 rsucc=0.880 n_rounds= 1385 ret=+7.867 len=958.4 ent(t0,t>=1)=(0.500,1.108) aL=-0.0138 vL=0.0210 t0=[red=0.28 blue=0.72]
[u   81] env=  5308416 rsucc=0.881 n_rounds= 1384 ret=+9.704 len=872.4 ent(t0,t>=1)=(0.425,1.063) aL=-0.0111 vL=0.0195 t0=[red=0.20 blue=0.80]
[u   82] env=  5373952 rsucc=0.825 n_rounds= 1251 ret=+9.256 len=895.6 ent(t0,t>=1)=(0.410,1.081) aL=-0.0129 vL=0.0199 t0=[red=0.21 blue=0.79]
[u   83] env=  5439488 rsucc=0.830 n_rounds= 1298 ret=+7.780 len=963.6 ent(t0,t>=1)=(0.352,1.086) aL=-0.0111 vL=0.0209 t0=[red=0.17 blue=0.83]
[u   84] env=  5505024 rsucc=0.861 n_rounds= 1458 ret=+7.847 len=961.6 ent(t0,t>=1)=(0.386,1.067) aL=-0.0100 vL=0.0211 t0=[red=0.20 blue=0.80]
[u   85] env=  5570560 rsucc=0.889 n_rounds= 1395 ret=+6.579 len=1019.4 ent(t0,t>=1)=(0.417,1.095) aL=-0.0124 vL=0.0207 t0=[red=0.17 blue=0.83]
[u   86] env=  5636096 rsucc=0.894 n_rounds= 1434 ret=+7.586 len=945.8 ent(t0,t>=1)=(0.431,1.096) aL=-0.0137 vL=0.0229 t0=[red=0.21 blue=0.79]
[u   87] env=  5701632 rsucc=0.903 n_rounds= 1539 ret=+8.106 len=950.0 ent(t0,t>=1)=(0.390,1.040) aL=-0.0134 vL=0.0255 t0=[red=0.19 blue=0.81]
[u   88] env=  5767168 rsucc=0.884 n_rounds= 1392 ret=+10.054 len=869.6 ent(t0,t>=1)=(0.430,1.066) aL=-0.0135 vL=0.0231 t0=[red=0.23 blue=0.77]
[u   89] env=  5832704 rsucc=0.872 n_rounds= 1392 ret=+10.105 len=839.2 ent(t0,t>=1)=(0.369,1.052) aL=-0.0119 vL=0.0218 t0=[red=0.19 blue=0.81]
[u   90] env=  5898240 rsucc=0.843 n_rounds= 1322 ret=+9.016 len=897.4 ent(t0,t>=1)=(0.362,1.087) aL=-0.0114 vL=0.0232 t0=[red=0.19 blue=0.81]
[u   91] env=  5963776 rsucc=0.830 n_rounds= 1268 ret=+7.641 len=974.9 ent(t0,t>=1)=(0.349,1.080) aL=-0.0126 vL=0.0214 t0=[red=0.16 blue=0.84]
[u   92] env=  6029312 rsucc=0.909 n_rounds= 1468 ret=+6.978 len=1017.6 ent(t0,t>=1)=(0.399,1.067) aL=-0.0134 vL=0.0219 t0=[red=0.16 blue=0.84]
[u   93] env=  6094848 rsucc=0.865 n_rounds= 1374 ret=+8.115 len=937.9 ent(t0,t>=1)=(0.390,1.087) aL=-0.0139 vL=0.0207 t0=[red=0.22 blue=0.78]
[u   94] env=  6160384 rsucc=0.907 n_rounds= 1467 ret=+7.326 len=967.1 ent(t0,t>=1)=(0.422,1.100) aL=-0.0148 vL=0.0207 t0=[red=0.21 blue=0.79]
[u   95] env=  6225920 rsucc=0.887 n_rounds= 1484 ret=+8.046 len=950.5 ent(t0,t>=1)=(0.416,1.124) aL=-0.0132 vL=0.0218 t0=[red=0.24 blue=0.76]
[u   96] env=  6291456 rsucc=0.887 n_rounds= 1445 ret=+9.303 len=903.1 ent(t0,t>=1)=(0.415,1.132) aL=-0.0140 vL=0.0205 t0=[red=0.23 blue=0.77]
[u   97] env=  6356992 rsucc=0.886 n_rounds= 1457 ret=+9.710 len=869.6 ent(t0,t>=1)=(0.414,1.109) aL=-0.0121 vL=0.0214 t0=[red=0.23 blue=0.77]
[u   98] env=  6422528 rsucc=0.853 n_rounds= 1383 ret=+8.897 len=902.4 ent(t0,t>=1)=(0.429,1.107) aL=-0.0124 vL=0.0225 t0=[red=0.25 blue=0.75]
[u   99] env=  6488064 rsucc=0.889 n_rounds= 1404 ret=+9.011 len=894.2 ent(t0,t>=1)=(0.427,1.084) aL=-0.0128 vL=0.0215 t0=[red=0.26 blue=0.74]
[u  100] env=  6553600 rsucc=0.873 n_rounds= 1367 ret=+7.679 len=962.7 ent(t0,t>=1)=(0.406,1.092) aL=-0.0133 vL=0.0205 t0=[red=0.25 blue=0.75]
[u  101] env=  6619136 rsucc=0.856 n_rounds= 1331 ret=+7.901 len=951.8 ent(t0,t>=1)=(0.389,1.066) aL=-0.0135 vL=0.0224 t0=[red=0.26 blue=0.74]
[u  102] env=  6684672 rsucc=0.845 n_rounds= 1386 ret=+8.237 len=935.2 ent(t0,t>=1)=(0.405,1.065) aL=-0.0144 vL=0.0216 t0=[red=0.27 blue=0.73]
[u  103] env=  6750208 rsucc=0.892 n_rounds= 1487 ret=+7.846 len=967.8 ent(t0,t>=1)=(0.414,1.042) aL=-0.0151 vL=0.0227 t0=[red=0.26 blue=0.74]
[u  104] env=  6815744 rsucc=0.931 n_rounds= 1518 ret=+8.862 len=907.8 ent(t0,t>=1)=(0.405,1.049) aL=-0.0152 vL=0.0246 t0=[red=0.26 blue=0.74]
[u  105] env=  6881280 rsucc=0.905 n_rounds= 1462 ret=+9.204 len=896.3 ent(t0,t>=1)=(0.387,1.062) aL=-0.0125 vL=0.0230 t0=[red=0.21 blue=0.79]
[u  106] env=  6946816 rsucc=0.872 n_rounds= 1356 ret=+9.368 len=892.7 ent(t0,t>=1)=(0.414,1.096) aL=-0.0157 vL=0.0210 t0=[red=0.27 blue=0.73]
[u  107] env=  7012352 rsucc=0.860 n_rounds= 1329 ret=+8.852 len=907.0 ent(t0,t>=1)=(0.404,1.075) aL=-0.0148 vL=0.0205 t0=[red=0.22 blue=0.78]
[u  108] env=  7077888 rsucc=0.891 n_rounds= 1525 ret=+8.587 len=913.0 ent(t0,t>=1)=(0.384,1.060) aL=-0.0149 vL=0.0217 t0=[red=0.22 blue=0.78]
[u  109] env=  7143424 rsucc=0.937 n_rounds= 1551 ret=+8.443 len=928.6 ent(t0,t>=1)=(0.408,1.052) aL=-0.0167 vL=0.0188 t0=[red=0.23 blue=0.77]
[u  110] env=  7208960 rsucc=0.924 n_rounds= 1621 ret=+8.971 len=929.4 ent(t0,t>=1)=(0.401,1.042) aL=-0.0140 vL=0.0216 t0=[red=0.22 blue=0.78]
[u  111] env=  7274496 rsucc=0.923 n_rounds= 1441 ret=+10.479 len=820.6 ent(t0,t>=1)=(0.409,1.082) aL=-0.0171 vL=0.0202 t0=[red=0.23 blue=0.77]
[u  112] env=  7340032 rsucc=0.897 n_rounds= 1452 ret=+10.168 len=845.6 ent(t0,t>=1)=(0.403,1.086) aL=-0.0163 vL=0.0228 t0=[red=0.23 blue=0.77]
[u  113] env=  7405568 rsucc=0.873 n_rounds= 1443 ret=+9.551 len=881.8 ent(t0,t>=1)=(0.348,1.103) aL=-0.0146 vL=0.0232 t0=[red=0.15 blue=0.85]
[u  114] env=  7471104 rsucc=0.867 n_rounds= 1383 ret=+9.669 len=884.8 ent(t0,t>=1)=(0.348,1.116) aL=-0.0149 vL=0.0201 t0=[red=0.18 blue=0.82]
[u  115] env=  7536640 rsucc=0.877 n_rounds= 1453 ret=+8.727 len=898.0 ent(t0,t>=1)=(0.330,1.069) aL=-0.0155 vL=0.0210 t0=[red=0.15 blue=0.85]
[u  116] env=  7602176 rsucc=0.847 n_rounds= 1382 ret=+8.184 len=940.7 ent(t0,t>=1)=(0.332,1.058) aL=-0.0136 vL=0.0210 t0=[red=0.15 blue=0.85]
[u  117] env=  7667712 rsucc=0.846 n_rounds= 1323 ret=+7.225 len=989.0 ent(t0,t>=1)=(0.361,1.092) aL=-0.0142 vL=0.0214 t0=[red=0.16 blue=0.84]
[u  118] env=  7733248 rsucc=0.886 n_rounds= 1469 ret=+8.009 len=903.5 ent(t0,t>=1)=(0.386,1.059) aL=-0.0163 vL=0.0226 t0=[red=0.18 blue=0.82]
[u  119] env=  7798784 rsucc=0.897 n_rounds= 1421 ret=+8.486 len=914.8 ent(t0,t>=1)=(0.367,1.076) aL=-0.0173 vL=0.0222 t0=[red=0.18 blue=0.82]
[u  120] env=  7864320 rsucc=0.891 n_rounds= 1424 ret=+8.224 len=951.5 ent(t0,t>=1)=(0.366,1.056) aL=-0.0135 vL=0.0237 t0=[red=0.21 blue=0.79]
[u  121] env=  7929856 rsucc=0.850 n_rounds= 1359 ret=+8.646 len=914.7 ent(t0,t>=1)=(0.353,1.045) aL=-0.0152 vL=0.0222 t0=[red=0.19 blue=0.81]
[u  122] env=  7995392 rsucc=0.895 n_rounds= 1468 ret=+8.912 len=925.4 ent(t0,t>=1)=(0.383,1.046) aL=-0.0164 vL=0.0236 t0=[red=0.20 blue=0.80]
[u  123] env=  8060928 rsucc=0.889 n_rounds= 1531 ret=+8.843 len=893.1 ent(t0,t>=1)=(0.355,1.037) aL=-0.0163 vL=0.0251 t0=[red=0.22 blue=0.78]
[u  124] env=  8126464 rsucc=0.895 n_rounds= 1451 ret=+8.119 len=936.6 ent(t0,t>=1)=(0.380,1.033) aL=-0.0147 vL=0.0225 t0=[red=0.24 blue=0.76]
[u  125] env=  8192000 rsucc=0.905 n_rounds= 1458 ret=+9.306 len=880.0 ent(t0,t>=1)=(0.374,1.047) aL=-0.0152 vL=0.0225 t0=[red=0.23 blue=0.77]
[u  126] env=  8257536 rsucc=0.892 n_rounds= 1445 ret=+9.484 len=885.7 ent(t0,t>=1)=(0.387,1.032) aL=-0.0146 vL=0.0210 t0=[red=0.22 blue=0.78]
[u  127] env=  8323072 rsucc=0.925 n_rounds= 1512 ret=+9.482 len=883.3 ent(t0,t>=1)=(0.393,1.031) aL=-0.0171 vL=0.0203 t0=[red=0.22 blue=0.78]
[u  128] env=  8388608 rsucc=0.867 n_rounds= 1401 ret=+8.782 len=913.6 ent(t0,t>=1)=(0.376,1.039) aL=-0.0142 vL=0.0214 t0=[red=0.21 blue=0.79]
[u  129] env=  8454144 rsucc=0.838 n_rounds= 1363 ret=+9.579 len=877.3 ent(t0,t>=1)=(0.343,1.068) aL=-0.0158 vL=0.0217 t0=[red=0.23 blue=0.77]
[u  130] env=  8519680 rsucc=0.915 n_rounds= 1536 ret=+9.137 len=883.7 ent(t0,t>=1)=(0.353,1.032) aL=-0.0168 vL=0.0216 t0=[red=0.21 blue=0.79]
[u  131] env=  8585216 rsucc=0.831 n_rounds= 1313 ret=+8.333 len=935.5 ent(t0,t>=1)=(0.314,1.022) aL=-0.0143 vL=0.0230 t0=[red=0.16 blue=0.84]
[u  132] env=  8650752 rsucc=0.847 n_rounds= 1381 ret=+8.226 len=913.9 ent(t0,t>=1)=(0.353,1.033) aL=-0.0132 vL=0.0239 t0=[red=0.17 blue=0.83]
[u  133] env=  8716288 rsucc=0.897 n_rounds= 1490 ret=+6.821 len=1000.0 ent(t0,t>=1)=(0.362,1.028) aL=-0.0135 vL=0.0227 t0=[red=0.24 blue=0.76]
[u  134] env=  8781824 rsucc=0.907 n_rounds= 1533 ret=+9.275 len=884.5 ent(t0,t>=1)=(0.369,1.022) aL=-0.0157 vL=0.0236 t0=[red=0.22 blue=0.78]
[u  135] env=  8847360 rsucc=0.880 n_rounds= 1446 ret=+9.188 len=886.6 ent(t0,t>=1)=(0.329,1.057) aL=-0.0168 vL=0.0235 t0=[red=0.17 blue=0.83]
[u  136] env=  8912896 rsucc=0.900 n_rounds= 1424 ret=+9.879 len=836.5 ent(t0,t>=1)=(0.340,1.056) aL=-0.0172 vL=0.0231 t0=[red=0.17 blue=0.83]
[u  137] env=  8978432 rsucc=0.903 n_rounds= 1449 ret=+9.135 len=902.7 ent(t0,t>=1)=(0.353,1.049) aL=-0.0176 vL=0.0229 t0=[red=0.16 blue=0.84]
[u  138] env=  9043968 rsucc=0.907 n_rounds= 1526 ret=+8.737 len=910.2 ent(t0,t>=1)=(0.339,1.024) aL=-0.0153 vL=0.0238 t0=[red=0.22 blue=0.78]
[u  139] env=  9109504 rsucc=0.919 n_rounds= 1520 ret=+9.182 len=902.9 ent(t0,t>=1)=(0.333,1.018) aL=-0.0165 vL=0.0226 t0=[red=0.18 blue=0.82]
[u  140] env=  9175040 rsucc=0.890 n_rounds= 1439 ret=+9.419 len=899.3 ent(t0,t>=1)=(0.309,1.028) aL=-0.0149 vL=0.0232 t0=[red=0.18 blue=0.82]
[u  141] env=  9240576 rsucc=0.874 n_rounds= 1441 ret=+9.131 len=891.5 ent(t0,t>=1)=(0.306,1.038) aL=-0.0158 vL=0.0243 t0=[red=0.16 blue=0.84]
[u  142] env=  9306112 rsucc=0.911 n_rounds= 1442 ret=+9.192 len=886.2 ent(t0,t>=1)=(0.318,1.021) aL=-0.0163 vL=0.0219 t0=[red=0.17 blue=0.83]
[u  143] env=  9371648 rsucc=0.890 n_rounds= 1432 ret=+9.078 len=911.4 ent(t0,t>=1)=(0.320,1.041) aL=-0.0166 vL=0.0222 t0=[red=0.16 blue=0.84]
[u  144] env=  9437184 rsucc=0.925 n_rounds= 1624 ret=+9.055 len=905.6 ent(t0,t>=1)=(0.360,1.008) aL=-0.0158 vL=0.0224 t0=[red=0.19 blue=0.81]
[u  145] env=  9502720 rsucc=0.844 n_rounds= 1360 ret=+9.092 len=897.1 ent(t0,t>=1)=(0.337,1.068) aL=-0.0161 vL=0.0223 t0=[red=0.17 blue=0.83]
[u  146] env=  9568256 rsucc=0.853 n_rounds= 1336 ret=+9.183 len=901.8 ent(t0,t>=1)=(0.356,1.042) aL=-0.0138 vL=0.0226 t0=[red=0.20 blue=0.80]
[u  147] env=  9633792 rsucc=0.871 n_rounds= 1385 ret=+8.420 len=928.4 ent(t0,t>=1)=(0.367,1.060) aL=-0.0151 vL=0.0230 t0=[red=0.20 blue=0.80]
[u  148] env=  9699328 rsucc=0.898 n_rounds= 1434 ret=+8.346 len=890.8 ent(t0,t>=1)=(0.311,1.059) aL=-0.0166 vL=0.0222 t0=[red=0.16 blue=0.84]
[u  149] env=  9764864 rsucc=0.861 n_rounds= 1437 ret=+8.697 len=914.2 ent(t0,t>=1)=(0.287,1.050) aL=-0.0144 vL=0.0258 t0=[red=0.15 blue=0.85]
[u  150] env=  9830400 rsucc=0.902 n_rounds= 1505 ret=+7.782 len=963.8 ent(t0,t>=1)=(0.265,1.030) aL=-0.0162 vL=0.0238 t0=[red=0.12 blue=0.88]
[u  151] env=  9895936 rsucc=0.892 n_rounds= 1445 ret=+7.746 len=945.3 ent(t0,t>=1)=(0.244,1.023) aL=-0.0149 vL=0.0235 t0=[red=0.11 blue=0.89]
[u  152] env=  9961472 rsucc=0.852 n_rounds= 1376 ret=+9.245 len=885.4 ent(t0,t>=1)=(0.236,1.020) aL=-0.0155 vL=0.0241 t0=[red=0.11 blue=0.89]
[u  153] env= 10027008 rsucc=0.927 n_rounds= 1510 ret=+8.882 len=901.8 ent(t0,t>=1)=(0.211,0.985) aL=-0.0156 vL=0.0223 t0=[red=0.09 blue=0.91]
[u  154] env= 10092544 rsucc=0.919 n_rounds= 1544 ret=+9.694 len=881.8 ent(t0,t>=1)=(0.192,0.987) aL=-0.0162 vL=0.0225 t0=[red=0.08 blue=0.92]
[u  155] env= 10158080 rsucc=0.867 n_rounds= 1358 ret=+8.747 len=897.9 ent(t0,t>=1)=(0.186,1.017) aL=-0.0157 vL=0.0255 t0=[red=0.09 blue=0.91]
[u  156] env= 10223616 rsucc=0.870 n_rounds= 1346 ret=+9.692 len=864.2 ent(t0,t>=1)=(0.181,1.021) aL=-0.0159 vL=0.0235 t0=[red=0.06 blue=0.94]
[u  157] env= 10289152 rsucc=0.848 n_rounds= 1300 ret=+8.204 len=953.9 ent(t0,t>=1)=(0.180,1.022) aL=-0.0136 vL=0.0227 t0=[red=0.08 blue=0.92]
[u  158] env= 10354688 rsucc=0.812 n_rounds= 1334 ret=+7.833 len=958.9 ent(t0,t>=1)=(0.178,1.013) aL=-0.0108 vL=0.0220 t0=[red=0.06 blue=0.94]
[u  159] env= 10420224 rsucc=0.874 n_rounds= 1423 ret=+7.331 len=997.5 ent(t0,t>=1)=(0.220,1.007) aL=-0.0162 vL=0.0230 t0=[red=0.09 blue=0.91]
[u  160] env= 10485760 rsucc=0.940 n_rounds= 1546 ret=+7.901 len=941.8 ent(t0,t>=1)=(0.202,0.953) aL=-0.0183 vL=0.0221 t0=[red=0.07 blue=0.93]
[u  161] env= 10551296 rsucc=0.892 n_rounds= 1427 ret=+8.644 len=910.1 ent(t0,t>=1)=(0.231,0.969) aL=-0.0143 vL=0.0221 t0=[red=0.11 blue=0.89]
[u  162] env= 10616832 rsucc=0.865 n_rounds= 1376 ret=+8.982 len=921.2 ent(t0,t>=1)=(0.262,0.995) aL=-0.0134 vL=0.0210 t0=[red=0.13 blue=0.87]
[u  163] env= 10682368 rsucc=0.868 n_rounds= 1404 ret=+8.675 len=926.9 ent(t0,t>=1)=(0.272,1.003) aL=-0.0149 vL=0.0202 t0=[red=0.15 blue=0.85]
[u  164] env= 10747904 rsucc=0.871 n_rounds= 1407 ret=+8.585 len=922.4 ent(t0,t>=1)=(0.270,1.010) aL=-0.0131 vL=0.0224 t0=[red=0.13 blue=0.87]
[u  165] env= 10813440 rsucc=0.871 n_rounds= 1409 ret=+8.577 len=918.9 ent(t0,t>=1)=(0.248,1.002) aL=-0.0153 vL=0.0231 t0=[red=0.13 blue=0.87]
[u  166] env= 10878976 rsucc=0.941 n_rounds= 1552 ret=+8.533 len=930.5 ent(t0,t>=1)=(0.239,0.960) aL=-0.0164 vL=0.0204 t0=[red=0.12 blue=0.88]
[u  167] env= 10944512 rsucc=0.866 n_rounds= 1320 ret=+8.921 len=914.7 ent(t0,t>=1)=(0.264,1.008) aL=-0.0152 vL=0.0221 t0=[red=0.12 blue=0.88]
[u  168] env= 11010048 rsucc=0.873 n_rounds= 1432 ret=+8.976 len=890.7 ent(t0,t>=1)=(0.213,1.000) aL=-0.0134 vL=0.0245 t0=[red=0.10 blue=0.90]
[u  169] env= 11075584 rsucc=0.909 n_rounds= 1501 ret=+8.442 len=948.7 ent(t0,t>=1)=(0.235,0.971) aL=-0.0146 vL=0.0214 t0=[red=0.12 blue=0.88]
[u  170] env= 11141120 rsucc=0.889 n_rounds= 1518 ret=+8.568 len=930.9 ent(t0,t>=1)=(0.256,0.961) aL=-0.0125 vL=0.0269 t0=[red=0.13 blue=0.87]
[u  171] env= 11206656 rsucc=0.905 n_rounds= 1497 ret=+9.767 len=830.7 ent(t0,t>=1)=(0.228,0.959) aL=-0.0165 vL=0.0231 t0=[red=0.12 blue=0.88]
[u  172] env= 11272192 rsucc=0.885 n_rounds= 1465 ret=+9.437 len=878.5 ent(t0,t>=1)=(0.232,0.968) aL=-0.0143 vL=0.0262 t0=[red=0.13 blue=0.87]
[u  173] env= 11337728 rsucc=0.870 n_rounds= 1395 ret=+9.296 len=892.2 ent(t0,t>=1)=(0.246,0.979) aL=-0.0138 vL=0.0246 t0=[red=0.13 blue=0.87]
[u  174] env= 11403264 rsucc=0.913 n_rounds= 1512 ret=+9.385 len=875.4 ent(t0,t>=1)=(0.257,0.973) aL=-0.0152 vL=0.0237 t0=[red=0.14 blue=0.86]
[u  175] env= 11468800 rsucc=0.880 n_rounds= 1421 ret=+9.367 len=877.1 ent(t0,t>=1)=(0.304,0.994) aL=-0.0137 vL=0.0247 t0=[red=0.17 blue=0.83]
[u  176] env= 11534336 rsucc=0.845 n_rounds= 1372 ret=+8.521 len=931.9 ent(t0,t>=1)=(0.243,1.016) aL=-0.0141 vL=0.0252 t0=[red=0.13 blue=0.87]
[u  177] env= 11599872 rsucc=0.882 n_rounds= 1410 ret=+8.492 len=920.7 ent(t0,t>=1)=(0.236,1.007) aL=-0.0168 vL=0.0251 t0=[red=0.14 blue=0.86]
[u  178] env= 11665408 rsucc=0.909 n_rounds= 1537 ret=+8.519 len=894.3 ent(t0,t>=1)=(0.266,0.998) aL=-0.0160 vL=0.0232 t0=[red=0.13 blue=0.87]
[u  179] env= 11730944 rsucc=0.879 n_rounds= 1401 ret=+8.581 len=908.4 ent(t0,t>=1)=(0.190,1.004) aL=-0.0148 vL=0.0220 t0=[red=0.09 blue=0.91]
[u  180] env= 11796480 rsucc=0.842 n_rounds= 1355 ret=+8.053 len=958.3 ent(t0,t>=1)=(0.172,1.003) aL=-0.0143 vL=0.0259 t0=[red=0.09 blue=0.91]
[u  181] env= 11862016 rsucc=0.886 n_rounds= 1429 ret=+7.918 len=948.7 ent(t0,t>=1)=(0.217,0.986) aL=-0.0150 vL=0.0237 t0=[red=0.10 blue=0.90]
[u  182] env= 11927552 rsucc=0.895 n_rounds= 1469 ret=+9.294 len=867.8 ent(t0,t>=1)=(0.248,1.005) aL=-0.0183 vL=0.0206 t0=[red=0.13 blue=0.87]
[u  183] env= 11993088 rsucc=0.886 n_rounds= 1441 ret=+8.237 len=940.1 ent(t0,t>=1)=(0.218,0.979) aL=-0.0152 vL=0.0239 t0=[red=0.13 blue=0.87]
[u  184] env= 12058624 rsucc=0.870 n_rounds= 1378 ret=+8.548 len=922.5 ent(t0,t>=1)=(0.232,0.977) aL=-0.0116 vL=0.0235 t0=[red=0.11 blue=0.89]
[u  185] env= 12124160 rsucc=0.902 n_rounds= 1501 ret=+8.557 len=924.8 ent(t0,t>=1)=(0.225,0.983) aL=-0.0149 vL=0.0210 t0=[red=0.11 blue=0.89]
[u  186] env= 12189696 rsucc=0.933 n_rounds= 1521 ret=+9.217 len=886.6 ent(t0,t>=1)=(0.232,0.951) aL=-0.0162 vL=0.0201 t0=[red=0.11 blue=0.89]
[u  187] env= 12255232 rsucc=0.907 n_rounds= 1443 ret=+9.486 len=899.4 ent(t0,t>=1)=(0.238,0.992) aL=-0.0162 vL=0.0222 t0=[red=0.12 blue=0.88]
[u  188] env= 12320768 rsucc=0.922 n_rounds= 1600 ret=+9.899 len=870.3 ent(t0,t>=1)=(0.216,0.986) aL=-0.0148 vL=0.0223 t0=[red=0.12 blue=0.88]
[u  189] env= 12386304 rsucc=0.901 n_rounds= 1508 ret=+10.077 len=839.1 ent(t0,t>=1)=(0.206,1.000) aL=-0.0126 vL=0.0228 t0=[red=0.08 blue=0.92]
[u  190] env= 12451840 rsucc=0.874 n_rounds= 1375 ret=+10.150 len=851.4 ent(t0,t>=1)=(0.238,1.003) aL=-0.0145 vL=0.0243 t0=[red=0.10 blue=0.90]
[u  191] env= 12517376 rsucc=0.878 n_rounds= 1398 ret=+8.737 len=932.0 ent(t0,t>=1)=(0.176,1.000) aL=-0.0159 vL=0.0236 t0=[red=0.08 blue=0.92]
[u  192] env= 12582912 rsucc=0.887 n_rounds= 1419 ret=+8.820 len=901.4 ent(t0,t>=1)=(0.226,0.980) aL=-0.0152 vL=0.0224 t0=[red=0.12 blue=0.88]
[u  193] env= 12648448 rsucc=0.889 n_rounds= 1463 ret=+8.299 len=928.5 ent(t0,t>=1)=(0.211,0.982) aL=-0.0151 vL=0.0231 t0=[red=0.11 blue=0.89]
[u  194] env= 12713984 rsucc=0.901 n_rounds= 1500 ret=+9.026 len=904.9 ent(t0,t>=1)=(0.189,0.978) aL=-0.0147 vL=0.0221 t0=[red=0.08 blue=0.92]
[u  195] env= 12779520 rsucc=0.906 n_rounds= 1470 ret=+8.541 len=935.7 ent(t0,t>=1)=(0.233,0.980) aL=-0.0147 vL=0.0229 t0=[red=0.13 blue=0.87]
[u  196] env= 12845056 rsucc=0.904 n_rounds= 1428 ret=+8.686 len=909.7 ent(t0,t>=1)=(0.234,0.971) aL=-0.0144 vL=0.0211 t0=[red=0.11 blue=0.89]
[u  197] env= 12910592 rsucc=0.926 n_rounds= 1483 ret=+9.523 len=880.5 ent(t0,t>=1)=(0.163,0.954) aL=-0.0181 vL=0.0228 t0=[red=0.09 blue=0.91]
[u  198] env= 12976128 rsucc=0.921 n_rounds= 1515 ret=+10.612 len=842.6 ent(t0,t>=1)=(0.167,0.967) aL=-0.0189 vL=0.0215 t0=[red=0.06 blue=0.94]
[u  199] env= 13041664 rsucc=0.929 n_rounds= 1569 ret=+9.654 len=896.2 ent(t0,t>=1)=(0.136,0.976) aL=-0.0170 vL=0.0230 t0=[red=0.05 blue=0.95]
[u  200] env= 13107200 rsucc=0.871 n_rounds= 1455 ret=+9.013 len=902.6 ent(t0,t>=1)=(0.195,1.007) aL=-0.0141 vL=0.0247 t0=[red=0.07 blue=0.93]
[u  201] env= 13172736 rsucc=0.856 n_rounds= 1400 ret=+9.623 len=852.5 ent(t0,t>=1)=(0.197,1.011) aL=-0.0164 vL=0.0214 t0=[red=0.12 blue=0.88]
[u  202] env= 13238272 rsucc=0.899 n_rounds= 1458 ret=+9.645 len=867.0 ent(t0,t>=1)=(0.187,0.984) aL=-0.0139 vL=0.0234 t0=[red=0.09 blue=0.91]
[u  203] env= 13303808 rsucc=0.886 n_rounds= 1450 ret=+9.072 len=897.4 ent(t0,t>=1)=(0.178,1.002) aL=-0.0139 vL=0.0239 t0=[red=0.07 blue=0.93]
[u  204] env= 13369344 rsucc=0.866 n_rounds= 1413 ret=+8.256 len=921.8 ent(t0,t>=1)=(0.202,1.009) aL=-0.0155 vL=0.0261 t0=[red=0.10 blue=0.90]
[u  205] env= 13434880 rsucc=0.909 n_rounds= 1512 ret=+8.848 len=902.5 ent(t0,t>=1)=(0.225,1.000) aL=-0.0147 vL=0.0237 t0=[red=0.11 blue=0.89]
[u  206] env= 13500416 rsucc=0.913 n_rounds= 1465 ret=+9.069 len=898.4 ent(t0,t>=1)=(0.179,0.972) aL=-0.0158 vL=0.0239 t0=[red=0.09 blue=0.91]
[u  207] env= 13565952 rsucc=0.910 n_rounds= 1449 ret=+8.863 len=890.2 ent(t0,t>=1)=(0.175,0.984) aL=-0.0163 vL=0.0234 t0=[red=0.08 blue=0.92]
[u  208] env= 13631488 rsucc=0.909 n_rounds= 1538 ret=+9.214 len=919.8 ent(t0,t>=1)=(0.173,0.967) aL=-0.0159 vL=0.0242 t0=[red=0.07 blue=0.93]
[u  209] env= 13697024 rsucc=0.900 n_rounds= 1523 ret=+9.125 len=904.2 ent(t0,t>=1)=(0.166,0.987) aL=-0.0163 vL=0.0233 t0=[red=0.07 blue=0.93]
[u  210] env= 13762560 rsucc=0.930 n_rounds= 1525 ret=+9.596 len=866.2 ent(t0,t>=1)=(0.206,0.987) aL=-0.0163 vL=0.0225 t0=[red=0.08 blue=0.92]
[u  211] env= 13828096 rsucc=0.907 n_rounds= 1478 ret=+10.211 len=840.3 ent(t0,t>=1)=(0.230,0.994) aL=-0.0142 vL=0.0214 t0=[red=0.11 blue=0.89]
[u  212] env= 13893632 rsucc=0.916 n_rounds= 1541 ret=+10.223 len=844.7 ent(t0,t>=1)=(0.222,0.980) aL=-0.0151 vL=0.0220 t0=[red=0.11 blue=0.89]
[u  213] env= 13959168 rsucc=0.935 n_rounds= 1550 ret=+9.833 len=875.4 ent(t0,t>=1)=(0.214,0.993) aL=-0.0201 vL=0.0203 t0=[red=0.10 blue=0.90]
[u  214] env= 14024704 rsucc=0.904 n_rounds= 1422 ret=+10.032 len=856.6 ent(t0,t>=1)=(0.228,1.013) aL=-0.0191 vL=0.0204 t0=[red=0.11 blue=0.89]
[u  215] env= 14090240 rsucc=0.908 n_rounds= 1449 ret=+9.085 len=908.0 ent(t0,t>=1)=(0.227,1.012) aL=-0.0177 vL=0.0232 t0=[red=0.11 blue=0.89]
[u  216] env= 14155776 rsucc=0.894 n_rounds= 1460 ret=+9.013 len=895.8 ent(t0,t>=1)=(0.225,0.996) aL=-0.0188 vL=0.0216 t0=[red=0.11 blue=0.89]
[u  217] env= 14221312 rsucc=0.917 n_rounds= 1510 ret=+9.046 len=908.1 ent(t0,t>=1)=(0.246,0.968) aL=-0.0150 vL=0.0221 t0=[red=0.11 blue=0.89]
[u  218] env= 14286848 rsucc=0.918 n_rounds= 1541 ret=+9.554 len=896.2 ent(t0,t>=1)=(0.198,0.978) aL=-0.0178 vL=0.0230 t0=[red=0.10 blue=0.90]
[u  219] env= 14352384 rsucc=0.927 n_rounds= 1599 ret=+9.848 len=848.7 ent(t0,t>=1)=(0.219,0.968) aL=-0.0168 vL=0.0229 t0=[red=0.10 blue=0.90]
[u  220] env= 14417920 rsucc=0.900 n_rounds= 1475 ret=+10.878 len=821.8 ent(t0,t>=1)=(0.175,0.958) aL=-0.0152 vL=0.0212 t0=[red=0.09 blue=0.91]
[u  221] env= 14483456 rsucc=0.863 n_rounds= 1440 ret=+10.239 len=835.6 ent(t0,t>=1)=(0.178,0.987) aL=-0.0159 vL=0.0244 t0=[red=0.09 blue=0.91]
[u  222] env= 14548992 rsucc=0.862 n_rounds= 1343 ret=+9.336 len=876.9 ent(t0,t>=1)=(0.185,0.989) aL=-0.0188 vL=0.0231 t0=[red=0.08 blue=0.92]
[u  223] env= 14614528 rsucc=0.901 n_rounds= 1511 ret=+8.297 len=911.9 ent(t0,t>=1)=(0.197,0.965) aL=-0.0148 vL=0.0254 t0=[red=0.10 blue=0.90]
[u  224] env= 14680064 rsucc=0.915 n_rounds= 1532 ret=+8.745 len=915.1 ent(t0,t>=1)=(0.175,0.958) aL=-0.0133 vL=0.0224 t0=[red=0.08 blue=0.92]
[u  225] env= 14745600 rsucc=0.916 n_rounds= 1467 ret=+9.778 len=868.6 ent(t0,t>=1)=(0.169,0.946) aL=-0.0153 vL=0.0216 t0=[red=0.09 blue=0.91]
[u  226] env= 14811136 rsucc=0.879 n_rounds= 1443 ret=+9.666 len=875.3 ent(t0,t>=1)=(0.156,0.957) aL=-0.0126 vL=0.0255 t0=[red=0.08 blue=0.92]
[u  227] env= 14876672 rsucc=0.885 n_rounds= 1451 ret=+9.367 len=885.5 ent(t0,t>=1)=(0.126,0.969) aL=-0.0172 vL=0.0240 t0=[red=0.06 blue=0.94]
[u  228] env= 14942208 rsucc=0.926 n_rounds= 1566 ret=+8.617 len=928.5 ent(t0,t>=1)=(0.161,0.956) aL=-0.0188 vL=0.0241 t0=[red=0.09 blue=0.91]
[u  229] env= 15007744 rsucc=0.917 n_rounds= 1458 ret=+8.892 len=896.4 ent(t0,t>=1)=(0.175,0.950) aL=-0.0129 vL=0.0244 t0=[red=0.07 blue=0.93]
[u  230] env= 15073280 rsucc=0.904 n_rounds= 1454 ret=+9.381 len=883.0 ent(t0,t>=1)=(0.167,0.973) aL=-0.0174 vL=0.0237 t0=[red=0.08 blue=0.92]
[u  231] env= 15138816 rsucc=0.896 n_rounds= 1454 ret=+9.720 len=875.7 ent(t0,t>=1)=(0.179,0.980) aL=-0.0169 vL=0.0232 t0=[red=0.08 blue=0.92]
[u  232] env= 15204352 rsucc=0.921 n_rounds= 1586 ret=+9.214 len=913.7 ent(t0,t>=1)=(0.186,0.952) aL=-0.0174 vL=0.0236 t0=[red=0.08 blue=0.92]
[u  233] env= 15269888 rsucc=0.919 n_rounds= 1512 ret=+9.741 len=862.5 ent(t0,t>=1)=(0.188,0.954) aL=-0.0189 vL=0.0230 t0=[red=0.08 blue=0.92]
[u  234] env= 15335424 rsucc=0.902 n_rounds= 1509 ret=+9.685 len=881.0 ent(t0,t>=1)=(0.192,0.943) aL=-0.0159 vL=0.0238 t0=[red=0.08 blue=0.92]
[u  235] env= 15400960 rsucc=0.921 n_rounds= 1525 ret=+10.307 len=830.2 ent(t0,t>=1)=(0.195,0.951) aL=-0.0184 vL=0.0236 t0=[red=0.09 blue=0.91]
[u  236] env= 15466496 rsucc=0.920 n_rounds= 1525 ret=+10.148 len=847.9 ent(t0,t>=1)=(0.199,0.957) aL=-0.0192 vL=0.0247 t0=[red=0.11 blue=0.89]
[u  237] env= 15532032 rsucc=0.857 n_rounds= 1412 ret=+9.478 len=866.7 ent(t0,t>=1)=(0.207,0.960) aL=-0.0123 vL=0.0249 t0=[red=0.11 blue=0.89]
[u  238] env= 15597568 rsucc=0.871 n_rounds= 1393 ret=+9.011 len=918.5 ent(t0,t>=1)=(0.236,0.986) aL=-0.0178 vL=0.0243 t0=[red=0.12 blue=0.88]
[u  239] env= 15663104 rsucc=0.860 n_rounds= 1404 ret=+9.175 len=881.6 ent(t0,t>=1)=(0.214,0.995) aL=-0.0176 vL=0.0236 t0=[red=0.10 blue=0.90]
[u  240] env= 15728640 rsucc=0.918 n_rounds= 1525 ret=+8.493 len=920.8 ent(t0,t>=1)=(0.166,0.962) aL=-0.0173 vL=0.0233 t0=[red=0.09 blue=0.91]
[u  241] env= 15794176 rsucc=0.953 n_rounds= 1582 ret=+8.694 len=910.5 ent(t0,t>=1)=(0.191,0.939) aL=-0.0208 vL=0.0226 t0=[red=0.08 blue=0.92]
[u  242] env= 15859712 rsucc=0.909 n_rounds= 1378 ret=+9.893 len=872.0 ent(t0,t>=1)=(0.205,0.971) aL=-0.0163 vL=0.0214 t0=[red=0.10 blue=0.90]
[u  243] env= 15925248 rsucc=0.878 n_rounds= 1367 ret=+10.435 len=860.4 ent(t0,t>=1)=(0.220,0.990) aL=-0.0172 vL=0.0221 t0=[red=0.10 blue=0.90]
[u  244] env= 15990784 rsucc=0.853 n_rounds= 1390 ret=+9.627 len=878.5 ent(t0,t>=1)=(0.201,1.007) aL=-0.0175 vL=0.0236 t0=[red=0.10 blue=0.90]
[u  245] env= 16056320 rsucc=0.907 n_rounds= 1562 ret=+8.102 len=950.6 ent(t0,t>=1)=(0.220,0.969) aL=-0.0187 vL=0.0230 t0=[red=0.13 blue=0.87]
[u  246] env= 16121856 rsucc=0.881 n_rounds= 1419 ret=+8.090 len=956.6 ent(t0,t>=1)=(0.218,0.979) aL=-0.0190 vL=0.0263 t0=[red=0.12 blue=0.88]
[u  247] env= 16187392 rsucc=0.924 n_rounds= 1510 ret=+9.562 len=881.4 ent(t0,t>=1)=(0.247,0.979) aL=-0.0170 vL=0.0230 t0=[red=0.13 blue=0.87]
[u  248] env= 16252928 rsucc=0.899 n_rounds= 1481 ret=+9.300 len=883.3 ent(t0,t>=1)=(0.212,1.004) aL=-0.0188 vL=0.0216 t0=[red=0.12 blue=0.88]
[u  249] env= 16318464 rsucc=0.918 n_rounds= 1502 ret=+9.117 len=894.1 ent(t0,t>=1)=(0.222,1.000) aL=-0.0186 vL=0.0227 t0=[red=0.13 blue=0.87]
[u  250] env= 16384000 rsucc=0.916 n_rounds= 1516 ret=+9.506 len=878.0 ent(t0,t>=1)=(0.225,1.017) aL=-0.0177 vL=0.0234 t0=[red=0.12 blue=0.88]
[u  251] env= 16449536 rsucc=0.910 n_rounds= 1551 ret=+10.037 len=857.0 ent(t0,t>=1)=(0.269,0.996) aL=-0.0185 vL=0.0219 t0=[red=0.13 blue=0.87]
[u  252] env= 16515072 rsucc=0.884 n_rounds= 1463 ret=+10.537 len=818.2 ent(t0,t>=1)=(0.212,1.005) aL=-0.0175 vL=0.0217 t0=[red=0.10 blue=0.90]
[u  253] env= 16580608 rsucc=0.902 n_rounds= 1554 ret=+9.632 len=873.3 ent(t0,t>=1)=(0.197,0.988) aL=-0.0206 vL=0.0248 t0=[red=0.11 blue=0.89]
[u  254] env= 16646144 rsucc=0.906 n_rounds= 1466 ret=+9.111 len=865.9 ent(t0,t>=1)=(0.188,0.986) aL=-0.0191 vL=0.0230 t0=[red=0.09 blue=0.91]
[u  255] env= 16711680 rsucc=0.898 n_rounds= 1471 ret=+8.169 len=938.2 ent(t0,t>=1)=(0.193,0.972) aL=-0.0173 vL=0.0239 t0=[red=0.09 blue=0.91]
[u  256] env= 16777216 rsucc=0.889 n_rounds= 1492 ret=+9.306 len=891.3 ent(t0,t>=1)=(0.207,0.964) aL=-0.0183 vL=0.0228 t0=[red=0.10 blue=0.90]
[u  257] env= 16842752 rsucc=0.905 n_rounds= 1494 ret=+9.425 len=881.5 ent(t0,t>=1)=(0.206,0.961) aL=-0.0171 vL=0.0235 t0=[red=0.12 blue=0.88]
[u  258] env= 16908288 rsucc=0.933 n_rounds= 1497 ret=+9.991 len=856.6 ent(t0,t>=1)=(0.199,0.961) aL=-0.0188 vL=0.0223 t0=[red=0.11 blue=0.89]
[u  259] env= 16973824 rsucc=0.874 n_rounds= 1458 ret=+9.460 len=884.6 ent(t0,t>=1)=(0.238,0.966) aL=-0.0171 vL=0.0263 t0=[red=0.12 blue=0.88]
[u  260] env= 17039360 rsucc=0.921 n_rounds= 1490 ret=+9.202 len=894.4 ent(t0,t>=1)=(0.209,0.956) aL=-0.0201 vL=0.0207 t0=[red=0.10 blue=0.90]
[u  261] env= 17104896 rsucc=0.894 n_rounds= 1414 ret=+9.318 len=869.7 ent(t0,t>=1)=(0.226,0.972) aL=-0.0184 vL=0.0222 t0=[red=0.12 blue=0.88]
[u  262] env= 17170432 rsucc=0.894 n_rounds= 1392 ret=+9.598 len=895.8 ent(t0,t>=1)=(0.214,0.971) aL=-0.0185 vL=0.0216 t0=[red=0.09 blue=0.91]
[u  263] env= 17235968 rsucc=0.926 n_rounds= 1541 ret=+8.821 len=921.7 ent(t0,t>=1)=(0.239,0.972) aL=-0.0194 vL=0.0202 t0=[red=0.11 blue=0.89]
[u  264] env= 17301504 rsucc=0.921 n_rounds= 1517 ret=+9.652 len=880.0 ent(t0,t>=1)=(0.221,0.962) aL=-0.0199 vL=0.0232 t0=[red=0.11 blue=0.89]
[u  265] env= 17367040 rsucc=0.911 n_rounds= 1455 ret=+9.688 len=874.5 ent(t0,t>=1)=(0.245,0.958) aL=-0.0185 vL=0.0242 t0=[red=0.12 blue=0.88]
[u  266] env= 17432576 rsucc=0.909 n_rounds= 1481 ret=+9.076 len=920.4 ent(t0,t>=1)=(0.275,0.958) aL=-0.0182 vL=0.0205 t0=[red=0.14 blue=0.86]
[u  267] env= 17498112 rsucc=0.907 n_rounds= 1491 ret=+9.480 len=884.7 ent(t0,t>=1)=(0.234,0.956) aL=-0.0170 vL=0.0242 t0=[red=0.12 blue=0.88]
[u  268] env= 17563648 rsucc=0.914 n_rounds= 1482 ret=+10.274 len=859.6 ent(t0,t>=1)=(0.246,0.954) aL=-0.0175 vL=0.0264 t0=[red=0.12 blue=0.88]
[u  269] env= 17629184 rsucc=0.918 n_rounds= 1493 ret=+9.761 len=867.7 ent(t0,t>=1)=(0.220,0.946) aL=-0.0167 vL=0.0235 t0=[red=0.11 blue=0.89]
[u  270] env= 17694720 rsucc=0.923 n_rounds= 1547 ret=+10.235 len=845.0 ent(t0,t>=1)=(0.255,0.934) aL=-0.0171 vL=0.0227 t0=[red=0.13 blue=0.87]
[u  271] env= 17760256 rsucc=0.903 n_rounds= 1453 ret=+9.683 len=879.7 ent(t0,t>=1)=(0.269,0.951) aL=-0.0141 vL=0.0243 t0=[red=0.14 blue=0.86]
[u  272] env= 17825792 rsucc=0.919 n_rounds= 1568 ret=+10.030 len=862.6 ent(t0,t>=1)=(0.263,0.935) aL=-0.0145 vL=0.0269 t0=[red=0.13 blue=0.87]
[u  273] env= 17891328 rsucc=0.895 n_rounds= 1426 ret=+9.326 len=889.3 ent(t0,t>=1)=(0.273,0.943) aL=-0.0182 vL=0.0226 t0=[red=0.13 blue=0.87]
[u  274] env= 17956864 rsucc=0.890 n_rounds= 1370 ret=+9.556 len=873.4 ent(t0,t>=1)=(0.303,0.957) aL=-0.0190 vL=0.0222 t0=[red=0.16 blue=0.84]
[u  275] env= 18022400 rsucc=0.880 n_rounds= 1443 ret=+9.436 len=881.3 ent(t0,t>=1)=(0.281,0.946) aL=-0.0186 vL=0.0241 t0=[red=0.18 blue=0.82]
[u  276] env= 18087936 rsucc=0.906 n_rounds= 1516 ret=+8.483 len=945.3 ent(t0,t>=1)=(0.283,0.960) aL=-0.0193 vL=0.0234 t0=[red=0.15 blue=0.85]
[u  277] env= 18153472 rsucc=0.894 n_rounds= 1437 ret=+8.759 len=920.7 ent(t0,t>=1)=(0.313,0.964) aL=-0.0193 vL=0.0249 t0=[red=0.18 blue=0.82]
[u  278] env= 18219008 rsucc=0.889 n_rounds= 1468 ret=+9.302 len=882.1 ent(t0,t>=1)=(0.282,0.975) aL=-0.0162 vL=0.0229 t0=[red=0.17 blue=0.83]
[u  279] env= 18284544 rsucc=0.894 n_rounds= 1519 ret=+9.584 len=876.2 ent(t0,t>=1)=(0.330,0.965) aL=-0.0180 vL=0.0236 t0=[red=0.19 blue=0.81]
[u  280] env= 18350080 rsucc=0.915 n_rounds= 1436 ret=+8.953 len=902.8 ent(t0,t>=1)=(0.289,0.945) aL=-0.0161 vL=0.0211 t0=[red=0.16 blue=0.84]
[u  281] env= 18415616 rsucc=0.900 n_rounds= 1422 ret=+8.579 len=918.1 ent(t0,t>=1)=(0.320,0.954) aL=-0.0154 vL=0.0205 t0=[red=0.20 blue=0.80]
[u  282] env= 18481152 rsucc=0.868 n_rounds= 1412 ret=+9.533 len=877.0 ent(t0,t>=1)=(0.341,0.974) aL=-0.0165 vL=0.0242 t0=[red=0.21 blue=0.79]
[u  283] env= 18546688 rsucc=0.910 n_rounds= 1525 ret=+9.260 len=911.7 ent(t0,t>=1)=(0.298,0.928) aL=-0.0165 vL=0.0234 t0=[red=0.16 blue=0.84]
[u  284] env= 18612224 rsucc=0.892 n_rounds= 1465 ret=+9.099 len=883.2 ent(t0,t>=1)=(0.325,0.959) aL=-0.0191 vL=0.0230 t0=[red=0.18 blue=0.82]
[u  285] env= 18677760 rsucc=0.917 n_rounds= 1546 ret=+9.114 len=898.1 ent(t0,t>=1)=(0.320,0.957) aL=-0.0195 vL=0.0231 t0=[red=0.23 blue=0.77]
[u  286] env= 18743296 rsucc=0.912 n_rounds= 1505 ret=+8.769 len=907.4 ent(t0,t>=1)=(0.322,0.965) aL=-0.0214 vL=0.0214 t0=[red=0.21 blue=0.79]
[u  287] env= 18808832 rsucc=0.904 n_rounds= 1434 ret=+10.064 len=867.9 ent(t0,t>=1)=(0.339,0.939) aL=-0.0205 vL=0.0200 t0=[red=0.25 blue=0.75]
[u  288] env= 18874368 rsucc=0.915 n_rounds= 1498 ret=+10.563 len=845.8 ent(t0,t>=1)=(0.334,0.937) aL=-0.0183 vL=0.0234 t0=[red=0.20 blue=0.80]
[u  289] env= 18939904 rsucc=0.896 n_rounds= 1441 ret=+9.456 len=880.4 ent(t0,t>=1)=(0.332,0.964) aL=-0.0177 vL=0.0231 t0=[red=0.22 blue=0.78]
[u  290] env= 19005440 rsucc=0.900 n_rounds= 1459 ret=+8.417 len=917.5 ent(t0,t>=1)=(0.337,0.960) aL=-0.0159 vL=0.0229 t0=[red=0.24 blue=0.76]
[u  291] env= 19070976 rsucc=0.896 n_rounds= 1456 ret=+8.686 len=928.5 ent(t0,t>=1)=(0.379,0.957) aL=-0.0183 vL=0.0249 t0=[red=0.25 blue=0.75]
[u  292] env= 19136512 rsucc=0.895 n_rounds= 1443 ret=+9.781 len=887.7 ent(t0,t>=1)=(0.355,0.958) aL=-0.0188 vL=0.0251 t0=[red=0.27 blue=0.73]
[u  293] env= 19202048 rsucc=0.907 n_rounds= 1520 ret=+9.849 len=850.7 ent(t0,t>=1)=(0.294,0.945) aL=-0.0185 vL=0.0238 t0=[red=0.20 blue=0.80]
[u  294] env= 19267584 rsucc=0.934 n_rounds= 1550 ret=+9.396 len=877.4 ent(t0,t>=1)=(0.326,0.935) aL=-0.0210 vL=0.0225 t0=[red=0.19 blue=0.81]
[u  295] env= 19333120 rsucc=0.925 n_rounds= 1516 ret=+10.179 len=878.3 ent(t0,t>=1)=(0.339,0.951) aL=-0.0185 vL=0.0212 t0=[red=0.23 blue=0.77]
[u  296] env= 19398656 rsucc=0.925 n_rounds= 1457 ret=+10.441 len=831.6 ent(t0,t>=1)=(0.353,0.955) aL=-0.0195 vL=0.0225 t0=[red=0.20 blue=0.80]
[u  297] env= 19464192 rsucc=0.903 n_rounds= 1486 ret=+9.261 len=915.6 ent(t0,t>=1)=(0.330,0.977) aL=-0.0184 vL=0.0222 t0=[red=0.21 blue=0.79]
[u  298] env= 19529728 rsucc=0.912 n_rounds= 1419 ret=+8.804 len=920.8 ent(t0,t>=1)=(0.334,0.961) aL=-0.0170 vL=0.0219 t0=[red=0.21 blue=0.79]
[u  299] env= 19595264 rsucc=0.908 n_rounds= 1553 ret=+9.865 len=862.8 ent(t0,t>=1)=(0.304,0.929) aL=-0.0190 vL=0.0236 t0=[red=0.18 blue=0.82]
[u  300] env= 19660800 rsucc=0.943 n_rounds= 1585 ret=+10.678 len=814.7 ent(t0,t>=1)=(0.319,0.940) aL=-0.0200 vL=0.0231 t0=[red=0.22 blue=0.78]
[u  301] env= 19726336 rsucc=0.884 n_rounds= 1502 ret=+10.269 len=841.5 ent(t0,t>=1)=(0.318,0.957) aL=-0.0190 vL=0.0232 t0=[red=0.18 blue=0.82]
[u  302] env= 19791872 rsucc=0.888 n_rounds= 1443 ret=+9.412 len=894.7 ent(t0,t>=1)=(0.322,0.949) aL=-0.0155 vL=0.0222 t0=[red=0.20 blue=0.80]
[u  303] env= 19857408 rsucc=0.910 n_rounds= 1549 ret=+9.564 len=875.4 ent(t0,t>=1)=(0.305,0.922) aL=-0.0168 vL=0.0234 t0=[red=0.21 blue=0.79]
[u  304] env= 19922944 rsucc=0.948 n_rounds= 1572 ret=+9.880 len=853.4 ent(t0,t>=1)=(0.322,0.910) aL=-0.0173 vL=0.0223 t0=[red=0.22 blue=0.78]
[u  305] env= 19988480 rsucc=0.913 n_rounds= 1467 ret=+9.953 len=863.1 ent(t0,t>=1)=(0.328,0.934) aL=-0.0192 vL=0.0239 t0=[red=0.23 blue=0.77]
[u  306] env= 20054016 rsucc=0.878 n_rounds= 1426 ret=+9.981 len=845.7 ent(t0,t>=1)=(0.330,0.948) aL=-0.0169 vL=0.0226 t0=[red=0.23 blue=0.77]
[u  307] env= 20119552 rsucc=0.907 n_rounds= 1434 ret=+10.270 len=864.2 ent(t0,t>=1)=(0.316,0.913) aL=-0.0146 vL=0.0218 t0=[red=0.22 blue=0.78]
[u  308] env= 20185088 rsucc=0.930 n_rounds= 1518 ret=+9.832 len=864.4 ent(t0,t>=1)=(0.294,0.915) aL=-0.0205 vL=0.0220 t0=[red=0.19 blue=0.81]
[u  309] env= 20250624 rsucc=0.940 n_rounds= 1595 ret=+9.291 len=897.4 ent(t0,t>=1)=(0.279,0.896) aL=-0.0202 vL=0.0228 t0=[red=0.18 blue=0.82]
[u  310] env= 20316160 rsucc=0.908 n_rounds= 1462 ret=+9.742 len=894.2 ent(t0,t>=1)=(0.341,0.916) aL=-0.0186 vL=0.0231 t0=[red=0.23 blue=0.77]
[u  311] env= 20381696 rsucc=0.907 n_rounds= 1482 ret=+9.995 len=865.0 ent(t0,t>=1)=(0.290,0.928) aL=-0.0174 vL=0.0232 t0=[red=0.21 blue=0.79]
[u  312] env= 20447232 rsucc=0.934 n_rounds= 1574 ret=+9.924 len=860.5 ent(t0,t>=1)=(0.300,0.907) aL=-0.0189 vL=0.0214 t0=[red=0.21 blue=0.79]
[u  313] env= 20512768 rsucc=0.923 n_rounds= 1493 ret=+9.477 len=877.0 ent(t0,t>=1)=(0.288,0.925) aL=-0.0178 vL=0.0213 t0=[red=0.19 blue=0.81]
[u  314] env= 20578304 rsucc=0.915 n_rounds= 1517 ret=+9.272 len=919.6 ent(t0,t>=1)=(0.259,0.921) aL=-0.0176 vL=0.0239 t0=[red=0.17 blue=0.83]
[u  315] env= 20643840 rsucc=0.896 n_rounds= 1500 ret=+10.208 len=840.5 ent(t0,t>=1)=(0.285,0.908) aL=-0.0191 vL=0.0268 t0=[red=0.16 blue=0.84]
[u  316] env= 20709376 rsucc=0.909 n_rounds= 1508 ret=+10.208 len=831.5 ent(t0,t>=1)=(0.243,0.910) aL=-0.0188 vL=0.0244 t0=[red=0.17 blue=0.83]
[u  317] env= 20774912 rsucc=0.884 n_rounds= 1468 ret=+9.224 len=894.5 ent(t0,t>=1)=(0.293,0.905) aL=-0.0153 vL=0.0224 t0=[red=0.17 blue=0.83]
[u  318] env= 20840448 rsucc=0.936 n_rounds= 1532 ret=+10.155 len=833.3 ent(t0,t>=1)=(0.278,0.886) aL=-0.0181 vL=0.0224 t0=[red=0.18 blue=0.82]
[u  319] env= 20905984 rsucc=0.900 n_rounds= 1535 ret=+10.946 len=807.3 ent(t0,t>=1)=(0.269,0.875) aL=-0.0193 vL=0.0239 t0=[red=0.17 blue=0.83]
[u  320] env= 20971520 rsucc=0.949 n_rounds= 1603 ret=+9.082 len=887.6 ent(t0,t>=1)=(0.280,0.877) aL=-0.0182 vL=0.0230 t0=[red=0.17 blue=0.83]
[u  321] env= 21037056 rsucc=0.896 n_rounds= 1456 ret=+9.542 len=890.5 ent(t0,t>=1)=(0.241,0.900) aL=-0.0169 vL=0.0253 t0=[red=0.15 blue=0.85]
[u  322] env= 21102592 rsucc=0.911 n_rounds= 1477 ret=+10.558 len=832.9 ent(t0,t>=1)=(0.257,0.897) aL=-0.0160 vL=0.0237 t0=[red=0.16 blue=0.84]
[u  323] env= 21168128 rsucc=0.907 n_rounds= 1512 ret=+10.205 len=858.4 ent(t0,t>=1)=(0.265,0.914) aL=-0.0173 vL=0.0216 t0=[red=0.17 blue=0.83]
[u  324] env= 21233664 rsucc=0.928 n_rounds= 1537 ret=+9.662 len=873.2 ent(t0,t>=1)=(0.236,0.876) aL=-0.0140 vL=0.0228 t0=[red=0.14 blue=0.86]
[u  325] env= 21299200 rsucc=0.932 n_rounds= 1642 ret=+9.255 len=902.8 ent(t0,t>=1)=(0.287,0.877) aL=-0.0161 vL=0.0243 t0=[red=0.16 blue=0.84]
[u  326] env= 21364736 rsucc=0.942 n_rounds= 1612 ret=+9.845 len=853.7 ent(t0,t>=1)=(0.253,0.877) aL=-0.0170 vL=0.0235 t0=[red=0.16 blue=0.84]
[u  327] env= 21430272 rsucc=0.930 n_rounds= 1522 ret=+10.560 len=825.4 ent(t0,t>=1)=(0.283,0.904) aL=-0.0179 vL=0.0225 t0=[red=0.17 blue=0.83]
[u  328] env= 21495808 rsucc=0.894 n_rounds= 1430 ret=+10.060 len=849.6 ent(t0,t>=1)=(0.280,0.920) aL=-0.0165 vL=0.0227 t0=[red=0.17 blue=0.83]
[u  329] env= 21561344 rsucc=0.895 n_rounds= 1451 ret=+10.288 len=845.9 ent(t0,t>=1)=(0.247,0.933) aL=-0.0192 vL=0.0223 t0=[red=0.14 blue=0.86]
[u  330] env= 21626880 rsucc=0.947 n_rounds= 1478 ret=+9.644 len=883.6 ent(t0,t>=1)=(0.275,0.903) aL=-0.0197 vL=0.0219 t0=[red=0.15 blue=0.85]
[u  331] env= 21692416 rsucc=0.928 n_rounds= 1567 ret=+9.320 len=898.7 ent(t0,t>=1)=(0.284,0.887) aL=-0.0175 vL=0.0227 t0=[red=0.17 blue=0.83]
[u  332] env= 21757952 rsucc=0.925 n_rounds= 1506 ret=+10.346 len=846.7 ent(t0,t>=1)=(0.295,0.896) aL=-0.0186 vL=0.0226 t0=[red=0.16 blue=0.84]
[u  333] env= 21823488 rsucc=0.878 n_rounds= 1349 ret=+10.206 len=880.1 ent(t0,t>=1)=(0.326,0.928) aL=-0.0170 vL=0.0235 t0=[red=0.19 blue=0.81]
[u  334] env= 21889024 rsucc=0.891 n_rounds= 1439 ret=+9.586 len=883.6 ent(t0,t>=1)=(0.299,0.911) aL=-0.0174 vL=0.0236 t0=[red=0.19 blue=0.81]
[u  335] env= 21954560 rsucc=0.916 n_rounds= 1504 ret=+9.064 len=902.9 ent(t0,t>=1)=(0.303,0.884) aL=-0.0180 vL=0.0189 t0=[red=0.20 blue=0.80]
[u  336] env= 22020096 rsucc=0.898 n_rounds= 1427 ret=+8.760 len=932.4 ent(t0,t>=1)=(0.343,0.902) aL=-0.0152 vL=0.0235 t0=[red=0.19 blue=0.81]
[u  337] env= 22085632 rsucc=0.899 n_rounds= 1412 ret=+9.287 len=900.9 ent(t0,t>=1)=(0.339,0.911) aL=-0.0151 vL=0.0231 t0=[red=0.20 blue=0.80]
[u  338] env= 22151168 rsucc=0.922 n_rounds= 1556 ret=+8.571 len=940.2 ent(t0,t>=1)=(0.324,0.889) aL=-0.0207 vL=0.0212 t0=[red=0.20 blue=0.80]
[u  339] env= 22216704 rsucc=0.912 n_rounds= 1431 ret=+9.801 len=853.4 ent(t0,t>=1)=(0.311,0.907) aL=-0.0176 vL=0.0227 t0=[red=0.24 blue=0.76]
[u  340] env= 22282240 rsucc=0.931 n_rounds= 1553 ret=+9.382 len=896.8 ent(t0,t>=1)=(0.301,0.855) aL=-0.0188 vL=0.0229 t0=[red=0.18 blue=0.82]
[u  341] env= 22347776 rsucc=0.886 n_rounds= 1388 ret=+10.177 len=874.2 ent(t0,t>=1)=(0.312,0.882) aL=-0.0144 vL=0.0228 t0=[red=0.21 blue=0.79]
[u  342] env= 22413312 rsucc=0.911 n_rounds= 1526 ret=+9.470 len=879.7 ent(t0,t>=1)=(0.315,0.893) aL=-0.0189 vL=0.0230 t0=[red=0.23 blue=0.77]
[u  343] env= 22478848 rsucc=0.914 n_rounds= 1508 ret=+9.444 len=880.8 ent(t0,t>=1)=(0.295,0.890) aL=-0.0188 vL=0.0224 t0=[red=0.19 blue=0.81]
[u  344] env= 22544384 rsucc=0.914 n_rounds= 1505 ret=+9.698 len=885.1 ent(t0,t>=1)=(0.320,0.886) aL=-0.0178 vL=0.0214 t0=[red=0.21 blue=0.79]
[u  345] env= 22609920 rsucc=0.921 n_rounds= 1470 ret=+9.403 len=901.0 ent(t0,t>=1)=(0.342,0.903) aL=-0.0182 vL=0.0199 t0=[red=0.24 blue=0.76]
[u  346] env= 22675456 rsucc=0.904 n_rounds= 1423 ret=+9.539 len=882.7 ent(t0,t>=1)=(0.324,0.900) aL=-0.0181 vL=0.0232 t0=[red=0.20 blue=0.80]
[u  347] env= 22740992 rsucc=0.922 n_rounds= 1527 ret=+9.705 len=885.8 ent(t0,t>=1)=(0.279,0.888) aL=-0.0188 vL=0.0233 t0=[red=0.19 blue=0.81]
[u  348] env= 22806528 rsucc=0.926 n_rounds= 1539 ret=+10.076 len=843.4 ent(t0,t>=1)=(0.278,0.882) aL=-0.0206 vL=0.0213 t0=[red=0.19 blue=0.81]
[u  349] env= 22872064 rsucc=0.911 n_rounds= 1509 ret=+10.502 len=838.0 ent(t0,t>=1)=(0.315,0.901) aL=-0.0201 vL=0.0213 t0=[red=0.20 blue=0.80]
[u  350] env= 22937600 rsucc=0.936 n_rounds= 1596 ret=+9.741 len=869.7 ent(t0,t>=1)=(0.311,0.866) aL=-0.0175 vL=0.0215 t0=[red=0.21 blue=0.79]
[u  351] env= 23003136 rsucc=0.942 n_rounds= 1626 ret=+9.770 len=884.4 ent(t0,t>=1)=(0.276,0.875) aL=-0.0203 vL=0.0251 t0=[red=0.17 blue=0.83]
[u  352] env= 23068672 rsucc=0.934 n_rounds= 1574 ret=+11.019 len=798.3 ent(t0,t>=1)=(0.325,0.896) aL=-0.0205 vL=0.0235 t0=[red=0.17 blue=0.83]
[u  353] env= 23134208 rsucc=0.941 n_rounds= 1554 ret=+10.526 len=831.9 ent(t0,t>=1)=(0.362,0.897) aL=-0.0202 vL=0.0221 t0=[red=0.23 blue=0.77]
[u  354] env= 23199744 rsucc=0.902 n_rounds= 1391 ret=+10.595 len=846.1 ent(t0,t>=1)=(0.347,0.917) aL=-0.0189 vL=0.0212 t0=[red=0.23 blue=0.77]
[u  355] env= 23265280 rsucc=0.918 n_rounds= 1476 ret=+10.199 len=868.4 ent(t0,t>=1)=(0.322,0.897) aL=-0.0186 vL=0.0213 t0=[red=0.22 blue=0.78]
[u  356] env= 23330816 rsucc=0.926 n_rounds= 1551 ret=+9.776 len=876.0 ent(t0,t>=1)=(0.335,0.879) aL=-0.0190 vL=0.0245 t0=[red=0.23 blue=0.77]
[u  357] env= 23396352 rsucc=0.936 n_rounds= 1651 ret=+9.192 len=886.5 ent(t0,t>=1)=(0.310,0.857) aL=-0.0210 vL=0.0230 t0=[red=0.22 blue=0.78]
[u  358] env= 23461888 rsucc=0.940 n_rounds= 1535 ret=+9.850 len=869.3 ent(t0,t>=1)=(0.341,0.899) aL=-0.0206 vL=0.0222 t0=[red=0.23 blue=0.77]
[u  359] env= 23527424 rsucc=0.940 n_rounds= 1576 ret=+10.481 len=826.5 ent(t0,t>=1)=(0.346,0.879) aL=-0.0187 vL=0.0219 t0=[red=0.25 blue=0.75]
[u  360] env= 23592960 rsucc=0.946 n_rounds= 1543 ret=+10.990 len=818.5 ent(t0,t>=1)=(0.345,0.891) aL=-0.0212 vL=0.0214 t0=[red=0.24 blue=0.76]
[u  361] env= 23658496 rsucc=0.906 n_rounds= 1527 ret=+10.759 len=831.7 ent(t0,t>=1)=(0.300,0.903) aL=-0.0179 vL=0.0243 t0=[red=0.21 blue=0.79]
[u  362] env= 23724032 rsucc=0.907 n_rounds= 1620 ret=+9.942 len=875.3 ent(t0,t>=1)=(0.296,0.874) aL=-0.0191 vL=0.0254 t0=[red=0.19 blue=0.81]
[u  363] env= 23789568 rsucc=0.899 n_rounds= 1426 ret=+9.958 len=852.5 ent(t0,t>=1)=(0.325,0.902) aL=-0.0176 vL=0.0230 t0=[red=0.21 blue=0.79]
[u  364] env= 23855104 rsucc=0.868 n_rounds= 1376 ret=+9.932 len=842.7 ent(t0,t>=1)=(0.341,0.907) aL=-0.0147 vL=0.0241 t0=[red=0.23 blue=0.77]
[u  365] env= 23920640 rsucc=0.894 n_rounds= 1345 ret=+9.328 len=882.8 ent(t0,t>=1)=(0.330,0.892) aL=-0.0175 vL=0.0244 t0=[red=0.19 blue=0.81]
[u  366] env= 23986176 rsucc=0.921 n_rounds= 1519 ret=+9.074 len=912.1 ent(t0,t>=1)=(0.343,0.888) aL=-0.0197 vL=0.0223 t0=[red=0.24 blue=0.76]
[u  367] env= 24051712 rsucc=0.963 n_rounds= 1636 ret=+9.794 len=875.8 ent(t0,t>=1)=(0.334,0.857) aL=-0.0199 vL=0.0217 t0=[red=0.24 blue=0.76]
[u  368] env= 24117248 rsucc=0.923 n_rounds= 1508 ret=+10.088 len=856.2 ent(t0,t>=1)=(0.293,0.879) aL=-0.0175 vL=0.0228 t0=[red=0.18 blue=0.82]
[u  369] env= 24182784 rsucc=0.924 n_rounds= 1616 ret=+10.192 len=865.8 ent(t0,t>=1)=(0.281,0.850) aL=-0.0193 vL=0.0239 t0=[red=0.17 blue=0.83]
[u  370] env= 24248320 rsucc=0.935 n_rounds= 1625 ret=+10.737 len=825.1 ent(t0,t>=1)=(0.280,0.861) aL=-0.0206 vL=0.0221 t0=[red=0.17 blue=0.83]
[u  371] env= 24313856 rsucc=0.932 n_rounds= 1506 ret=+9.950 len=853.2 ent(t0,t>=1)=(0.308,0.872) aL=-0.0181 vL=0.0204 t0=[red=0.22 blue=0.78]
[u  372] env= 24379392 rsucc=0.917 n_rounds= 1525 ret=+10.440 len=829.9 ent(t0,t>=1)=(0.323,0.879) aL=-0.0195 vL=0.0212 t0=[red=0.22 blue=0.78]
[u  373] env= 24444928 rsucc=0.926 n_rounds= 1513 ret=+10.098 len=874.6 ent(t0,t>=1)=(0.342,0.891) aL=-0.0193 vL=0.0218 t0=[red=0.22 blue=0.78]
[u  374] env= 24510464 rsucc=0.928 n_rounds= 1577 ret=+10.903 len=810.7 ent(t0,t>=1)=(0.302,0.895) aL=-0.0198 vL=0.0237 t0=[red=0.19 blue=0.81]
[u  375] env= 24576000 rsucc=0.949 n_rounds= 1518 ret=+10.255 len=841.3 ent(t0,t>=1)=(0.346,0.880) aL=-0.0205 vL=0.0235 t0=[red=0.25 blue=0.75]
[u  376] env= 24641536 rsucc=0.937 n_rounds= 1556 ret=+10.413 len=857.7 ent(t0,t>=1)=(0.373,0.880) aL=-0.0200 vL=0.0218 t0=[red=0.27 blue=0.73]
[u  377] env= 24707072 rsucc=0.921 n_rounds= 1575 ret=+9.894 len=873.9 ent(t0,t>=1)=(0.360,0.887) aL=-0.0194 vL=0.0244 t0=[red=0.28 blue=0.72]
[u  378] env= 24772608 rsucc=0.884 n_rounds= 1465 ret=+10.209 len=850.0 ent(t0,t>=1)=(0.355,0.873) aL=-0.0170 vL=0.0246 t0=[red=0.27 blue=0.73]
[u  379] env= 24838144 rsucc=0.908 n_rounds= 1498 ret=+9.640 len=867.3 ent(t0,t>=1)=(0.353,0.881) aL=-0.0157 vL=0.0242 t0=[red=0.23 blue=0.77]
[u  380] env= 24903680 rsucc=0.938 n_rounds= 1646 ret=+9.960 len=847.5 ent(t0,t>=1)=(0.341,0.853) aL=-0.0206 vL=0.0229 t0=[red=0.25 blue=0.75]
[u  381] env= 24969216 rsucc=0.956 n_rounds= 1524 ret=+10.416 len=841.5 ent(t0,t>=1)=(0.340,0.864) aL=-0.0205 vL=0.0194 t0=[red=0.26 blue=0.74]
[u  382] env= 25034752 rsucc=0.921 n_rounds= 1460 ret=+10.248 len=856.4 ent(t0,t>=1)=(0.378,0.905) aL=-0.0196 vL=0.0223 t0=[red=0.27 blue=0.73]
[u  383] env= 25100288 rsucc=0.894 n_rounds= 1525 ret=+10.075 len=842.5 ent(t0,t>=1)=(0.360,0.897) aL=-0.0212 vL=0.0221 t0=[red=0.26 blue=0.74]
[u  384] env= 25165824 rsucc=0.904 n_rounds= 1475 ret=+9.430 len=899.7 ent(t0,t>=1)=(0.383,0.897) aL=-0.0189 vL=0.0249 t0=[red=0.29 blue=0.71]
[u  385] env= 25231360 rsucc=0.957 n_rounds= 1716 ret=+9.919 len=862.0 ent(t0,t>=1)=(0.346,0.835) aL=-0.0209 vL=0.0252 t0=[red=0.22 blue=0.78]
[u  386] env= 25296896 rsucc=0.938 n_rounds= 1567 ret=+9.994 len=854.0 ent(t0,t>=1)=(0.361,0.868) aL=-0.0189 vL=0.0240 t0=[red=0.31 blue=0.69]
[u  387] env= 25362432 rsucc=0.888 n_rounds= 1444 ret=+11.115 len=786.0 ent(t0,t>=1)=(0.381,0.900) aL=-0.0190 vL=0.0224 t0=[red=0.31 blue=0.69]
[u  388] env= 25427968 rsucc=0.922 n_rounds= 1544 ret=+10.276 len=858.8 ent(t0,t>=1)=(0.368,0.875) aL=-0.0212 vL=0.0230 t0=[red=0.26 blue=0.74]
[u  389] env= 25493504 rsucc=0.938 n_rounds= 1644 ret=+10.138 len=846.7 ent(t0,t>=1)=(0.363,0.875) aL=-0.0210 vL=0.0237 t0=[red=0.25 blue=0.75]
[u  390] env= 25559040 rsucc=0.911 n_rounds= 1508 ret=+9.610 len=868.2 ent(t0,t>=1)=(0.341,0.902) aL=-0.0216 vL=0.0228 t0=[red=0.23 blue=0.77]
[u  391] env= 25624576 rsucc=0.919 n_rounds= 1551 ret=+9.951 len=857.9 ent(t0,t>=1)=(0.401,0.912) aL=-0.0220 vL=0.0214 t0=[red=0.29 blue=0.71]
[u  392] env= 25690112 rsucc=0.955 n_rounds= 1630 ret=+10.410 len=819.9 ent(t0,t>=1)=(0.409,0.880) aL=-0.0227 vL=0.0211 t0=[red=0.28 blue=0.72]
[u  393] env= 25755648 rsucc=0.926 n_rounds= 1507 ret=+10.855 len=811.6 ent(t0,t>=1)=(0.438,0.887) aL=-0.0218 vL=0.0239 t0=[red=0.34 blue=0.66]
[u  394] env= 25821184 rsucc=0.937 n_rounds= 1567 ret=+10.668 len=840.8 ent(t0,t>=1)=(0.482,0.879) aL=-0.0209 vL=0.0231 t0=[red=0.36 blue=0.64]
[u  395] env= 25886720 rsucc=0.934 n_rounds= 1549 ret=+10.107 len=866.8 ent(t0,t>=1)=(0.442,0.892) aL=-0.0220 vL=0.0229 t0=[red=0.38 blue=0.62]
[u  396] env= 25952256 rsucc=0.938 n_rounds= 1519 ret=+10.335 len=850.1 ent(t0,t>=1)=(0.404,0.884) aL=-0.0177 vL=0.0244 t0=[red=0.37 blue=0.63]
[u  397] env= 26017792 rsucc=0.926 n_rounds= 1573 ret=+10.418 len=848.3 ent(t0,t>=1)=(0.376,0.892) aL=-0.0215 vL=0.0230 t0=[red=0.29 blue=0.71]
[u  398] env= 26083328 rsucc=0.940 n_rounds= 1445 ret=+11.081 len=824.2 ent(t0,t>=1)=(0.426,0.898) aL=-0.0218 vL=0.0203 t0=[red=0.34 blue=0.66]
[u  399] env= 26148864 rsucc=0.904 n_rounds= 1448 ret=+9.987 len=868.7 ent(t0,t>=1)=(0.392,0.905) aL=-0.0227 vL=0.0237 t0=[red=0.29 blue=0.71]
[u  400] env= 26214400 rsucc=0.898 n_rounds= 1515 ret=+9.844 len=893.7 ent(t0,t>=1)=(0.392,0.890) aL=-0.0183 vL=0.0242 t0=[red=0.31 blue=0.69]
[u  401] env= 26279936 rsucc=0.939 n_rounds= 1592 ret=+10.464 len=845.0 ent(t0,t>=1)=(0.384,0.899) aL=-0.0211 vL=0.0237 t0=[red=0.30 blue=0.70]
[u  402] env= 26345472 rsucc=0.946 n_rounds= 1587 ret=+10.098 len=834.2 ent(t0,t>=1)=(0.389,0.878) aL=-0.0224 vL=0.0240 t0=[red=0.30 blue=0.70]
[u  403] env= 26411008 rsucc=0.937 n_rounds= 1567 ret=+9.699 len=879.7 ent(t0,t>=1)=(0.372,0.893) aL=-0.0201 vL=0.0234 t0=[red=0.30 blue=0.70]
[u  404] env= 26476544 rsucc=0.930 n_rounds= 1589 ret=+9.982 len=867.3 ent(t0,t>=1)=(0.350,0.903) aL=-0.0203 vL=0.0259 t0=[red=0.28 blue=0.72]
[u  405] env= 26542080 rsucc=0.934 n_rounds= 1549 ret=+11.602 len=764.8 ent(t0,t>=1)=(0.387,0.889) aL=-0.0190 vL=0.0264 t0=[red=0.31 blue=0.69]
[u  406] env= 26607616 rsucc=0.920 n_rounds= 1483 ret=+10.461 len=833.2 ent(t0,t>=1)=(0.403,0.898) aL=-0.0219 vL=0.0236 t0=[red=0.33 blue=0.67]
[u  407] env= 26673152 rsucc=0.906 n_rounds= 1462 ret=+10.323 len=848.2 ent(t0,t>=1)=(0.387,0.913) aL=-0.0229 vL=0.0225 t0=[red=0.32 blue=0.68]
[u  408] env= 26738688 rsucc=0.936 n_rounds= 1631 ret=+9.250 len=901.5 ent(t0,t>=1)=(0.347,0.881) aL=-0.0207 vL=0.0220 t0=[red=0.26 blue=0.74]
[u  409] env= 26804224 rsucc=0.929 n_rounds= 1572 ret=+10.147 len=851.2 ent(t0,t>=1)=(0.375,0.870) aL=-0.0182 vL=0.0244 t0=[red=0.28 blue=0.72]
[u  410] env= 26869760 rsucc=0.945 n_rounds= 1565 ret=+10.539 len=842.8 ent(t0,t>=1)=(0.372,0.876) aL=-0.0231 vL=0.0231 t0=[red=0.32 blue=0.68]
[u  411] env= 26935296 rsucc=0.936 n_rounds= 1580 ret=+11.149 len=812.2 ent(t0,t>=1)=(0.361,0.873) aL=-0.0212 vL=0.0237 t0=[red=0.24 blue=0.76]
[u  412] env= 27000832 rsucc=0.899 n_rounds= 1481 ret=+10.785 len=805.4 ent(t0,t>=1)=(0.340,0.898) aL=-0.0166 vL=0.0245 t0=[red=0.25 blue=0.75]
[u  413] env= 27066368 rsucc=0.922 n_rounds= 1511 ret=+9.565 len=890.4 ent(t0,t>=1)=(0.339,0.889) aL=-0.0205 vL=0.0257 t0=[red=0.23 blue=0.77]
[u  414] env= 27131904 rsucc=0.920 n_rounds= 1500 ret=+9.672 len=871.3 ent(t0,t>=1)=(0.372,0.900) aL=-0.0203 vL=0.0255 t0=[red=0.27 blue=0.73]
[u  415] env= 27197440 rsucc=0.905 n_rounds= 1523 ret=+10.159 len=846.1 ent(t0,t>=1)=(0.366,0.900) aL=-0.0204 vL=0.0228 t0=[red=0.25 blue=0.75]
[u  416] env= 27262976 rsucc=0.923 n_rounds= 1611 ret=+10.285 len=837.1 ent(t0,t>=1)=(0.329,0.885) aL=-0.0232 vL=0.0243 t0=[red=0.25 blue=0.75]
[u  417] env= 27328512 rsucc=0.927 n_rounds= 1477 ret=+9.912 len=872.8 ent(t0,t>=1)=(0.338,0.897) aL=-0.0203 vL=0.0247 t0=[red=0.31 blue=0.69]
[u  418] env= 27394048 rsucc=0.950 n_rounds= 1534 ret=+10.460 len=832.1 ent(t0,t>=1)=(0.338,0.893) aL=-0.0238 vL=0.0213 t0=[red=0.26 blue=0.74]
[u  419] env= 27459584 rsucc=0.925 n_rounds= 1567 ret=+9.629 len=888.2 ent(t0,t>=1)=(0.340,0.917) aL=-0.0213 vL=0.0234 t0=[red=0.23 blue=0.77]
[u  420] env= 27525120 rsucc=0.911 n_rounds= 1421 ret=+9.824 len=859.7 ent(t0,t>=1)=(0.368,0.914) aL=-0.0208 vL=0.0242 t0=[red=0.34 blue=0.66]
[u  421] env= 27590656 rsucc=0.921 n_rounds= 1499 ret=+9.919 len=884.0 ent(t0,t>=1)=(0.326,0.877) aL=-0.0233 vL=0.0242 t0=[red=0.25 blue=0.75]
[u  422] env= 27656192 rsucc=0.929 n_rounds= 1527 ret=+9.903 len=875.6 ent(t0,t>=1)=(0.358,0.879) aL=-0.0209 vL=0.0228 t0=[red=0.26 blue=0.74]
[u  423] env= 27721728 rsucc=0.931 n_rounds= 1531 ret=+9.955 len=878.9 ent(t0,t>=1)=(0.340,0.867) aL=-0.0215 vL=0.0249 t0=[red=0.26 blue=0.74]
[u  424] env= 27787264 rsucc=0.930 n_rounds= 1536 ret=+10.660 len=832.4 ent(t0,t>=1)=(0.359,0.880) aL=-0.0221 vL=0.0236 t0=[red=0.26 blue=0.74]
[u  425] env= 27852800 rsucc=0.952 n_rounds= 1642 ret=+10.656 len=816.9 ent(t0,t>=1)=(0.356,0.859) aL=-0.0221 vL=0.0228 t0=[red=0.25 blue=0.75]
[u  426] env= 27918336 rsucc=0.901 n_rounds= 1496 ret=+10.289 len=851.0 ent(t0,t>=1)=(0.387,0.907) aL=-0.0190 vL=0.0236 t0=[red=0.32 blue=0.68]
[u  427] env= 27983872 rsucc=0.924 n_rounds= 1601 ret=+10.170 len=840.1 ent(t0,t>=1)=(0.397,0.876) aL=-0.0182 vL=0.0230 t0=[red=0.36 blue=0.64]
[u  428] env= 28049408 rsucc=0.937 n_rounds= 1547 ret=+9.513 len=896.6 ent(t0,t>=1)=(0.350,0.858) aL=-0.0195 vL=0.0262 t0=[red=0.32 blue=0.68]
[u  429] env= 28114944 rsucc=0.958 n_rounds= 1616 ret=+10.422 len=837.2 ent(t0,t>=1)=(0.375,0.865) aL=-0.0220 vL=0.0229 t0=[red=0.33 blue=0.67]
[u  430] env= 28180480 rsucc=0.945 n_rounds= 1593 ret=+11.596 len=775.7 ent(t0,t>=1)=(0.379,0.865) aL=-0.0211 vL=0.0240 t0=[red=0.34 blue=0.66]
[u  431] env= 28246016 rsucc=0.921 n_rounds= 1517 ret=+11.438 len=800.7 ent(t0,t>=1)=(0.405,0.870) aL=-0.0231 vL=0.0233 t0=[red=0.35 blue=0.65]
[u  432] env= 28311552 rsucc=0.918 n_rounds= 1508 ret=+10.842 len=822.4 ent(t0,t>=1)=(0.378,0.888) aL=-0.0196 vL=0.0277 t0=[red=0.33 blue=0.67]
[u  433] env= 28377088 rsucc=0.912 n_rounds= 1511 ret=+9.648 len=876.4 ent(t0,t>=1)=(0.352,0.887) aL=-0.0212 vL=0.0245 t0=[red=0.28 blue=0.72]
[u  434] env= 28442624 rsucc=0.929 n_rounds= 1542 ret=+9.398 len=898.9 ent(t0,t>=1)=(0.390,0.882) aL=-0.0211 vL=0.0248 t0=[red=0.37 blue=0.63]
[u  435] env= 28508160 rsucc=0.899 n_rounds= 1460 ret=+9.686 len=873.5 ent(t0,t>=1)=(0.387,0.883) aL=-0.0229 vL=0.0232 t0=[red=0.38 blue=0.62]
[u  436] env= 28573696 rsucc=0.878 n_rounds= 1309 ret=+9.738 len=862.3 ent(t0,t>=1)=(0.364,0.925) aL=-0.0221 vL=0.0230 t0=[red=0.36 blue=0.64]
[u  437] env= 28639232 rsucc=0.868 n_rounds= 1454 ret=+8.628 len=927.9 ent(t0,t>=1)=(0.366,0.867) aL=-0.0178 vL=0.0240 t0=[red=0.32 blue=0.68]
[u  438] env= 28704768 rsucc=0.945 n_rounds= 1577 ret=+9.346 len=904.9 ent(t0,t>=1)=(0.352,0.869) aL=-0.0218 vL=0.0236 t0=[red=0.29 blue=0.71]
[u  439] env= 28770304 rsucc=0.949 n_rounds= 1600 ret=+10.036 len=844.8 ent(t0,t>=1)=(0.331,0.840) aL=-0.0203 vL=0.0245 t0=[red=0.28 blue=0.72]
[u  440] env= 28835840 rsucc=0.952 n_rounds= 1572 ret=+10.448 len=844.4 ent(t0,t>=1)=(0.326,0.836) aL=-0.0206 vL=0.0223 t0=[red=0.30 blue=0.70]
[u  441] env= 28901376 rsucc=0.962 n_rounds= 1653 ret=+10.543 len=851.3 ent(t0,t>=1)=(0.328,0.848) aL=-0.0218 vL=0.0211 t0=[red=0.26 blue=0.74]
[u  442] env= 28966912 rsucc=0.974 n_rounds= 1674 ret=+11.218 len=805.6 ent(t0,t>=1)=(0.352,0.844) aL=-0.0223 vL=0.0216 t0=[red=0.30 blue=0.70]
[u  443] env= 29032448 rsucc=0.950 n_rounds= 1587 ret=+11.806 len=795.7 ent(t0,t>=1)=(0.341,0.859) aL=-0.0231 vL=0.0207 t0=[red=0.30 blue=0.70]
[u  444] env= 29097984 rsucc=0.946 n_rounds= 1580 ret=+11.347 len=805.5 ent(t0,t>=1)=(0.358,0.859) aL=-0.0186 vL=0.0237 t0=[red=0.33 blue=0.67]
[u  445] env= 29163520 rsucc=0.954 n_rounds= 1554 ret=+10.919 len=828.3 ent(t0,t>=1)=(0.363,0.847) aL=-0.0219 vL=0.0242 t0=[red=0.35 blue=0.65]
[u  446] env= 29229056 rsucc=0.936 n_rounds= 1582 ret=+10.932 len=814.2 ent(t0,t>=1)=(0.367,0.853) aL=-0.0229 vL=0.0256 t0=[red=0.34 blue=0.66]
[u  447] env= 29294592 rsucc=0.950 n_rounds= 1639 ret=+10.900 len=826.8 ent(t0,t>=1)=(0.331,0.846) aL=-0.0220 vL=0.0234 t0=[red=0.34 blue=0.66]
[u  448] env= 29360128 rsucc=0.930 n_rounds= 1514 ret=+11.101 len=803.7 ent(t0,t>=1)=(0.368,0.868) aL=-0.0200 vL=0.0234 t0=[red=0.32 blue=0.68]
[u  449] env= 29425664 rsucc=0.898 n_rounds= 1451 ret=+10.741 len=838.3 ent(t0,t>=1)=(0.354,0.869) aL=-0.0206 vL=0.0230 t0=[red=0.32 blue=0.68]
[u  450] env= 29491200 rsucc=0.932 n_rounds= 1532 ret=+10.295 len=833.6 ent(t0,t>=1)=(0.354,0.846) aL=-0.0209 vL=0.0264 t0=[red=0.29 blue=0.71]
[u  451] env= 29556736 rsucc=0.904 n_rounds= 1478 ret=+9.069 len=905.0 ent(t0,t>=1)=(0.362,0.879) aL=-0.0161 vL=0.0280 t0=[red=0.33 blue=0.67]
[u  452] env= 29622272 rsucc=0.927 n_rounds= 1515 ret=+10.473 len=856.0 ent(t0,t>=1)=(0.362,0.855) aL=-0.0213 vL=0.0231 t0=[red=0.31 blue=0.69]
[u  453] env= 29687808 rsucc=0.912 n_rounds= 1552 ret=+10.716 len=822.6 ent(t0,t>=1)=(0.361,0.852) aL=-0.0186 vL=0.0239 t0=[red=0.34 blue=0.66]
[u  454] env= 29753344 rsucc=0.959 n_rounds= 1666 ret=+10.032 len=852.2 ent(t0,t>=1)=(0.348,0.835) aL=-0.0221 vL=0.0233 t0=[red=0.27 blue=0.73]
[u  455] env= 29818880 rsucc=0.925 n_rounds= 1533 ret=+9.585 len=874.3 ent(t0,t>=1)=(0.399,0.859) aL=-0.0215 vL=0.0242 t0=[red=0.36 blue=0.64]
[u  456] env= 29884416 rsucc=0.831 n_rounds= 1281 ret=+9.543 len=891.9 ent(t0,t>=1)=(0.363,0.896) aL=-0.0182 vL=0.0248 t0=[red=0.36 blue=0.64]
[u  457] env= 29949952 rsucc=0.893 n_rounds= 1459 ret=+10.731 len=825.7 ent(t0,t>=1)=(0.376,0.865) aL=-0.0219 vL=0.0218 t0=[red=0.36 blue=0.64]
[u  458] env= 30015488 rsucc=0.928 n_rounds= 1564 ret=+9.305 len=886.4 ent(t0,t>=1)=(0.334,0.855) aL=-0.0208 vL=0.0237 t0=[red=0.33 blue=0.67]
[u  459] env= 30081024 rsucc=0.941 n_rounds= 1501 ret=+8.693 len=917.5 ent(t0,t>=1)=(0.390,0.866) aL=-0.0200 vL=0.0220 t0=[red=0.34 blue=0.66]
[u  460] env= 30146560 rsucc=0.885 n_rounds= 1467 ret=+9.909 len=868.8 ent(t0,t>=1)=(0.393,0.874) aL=-0.0219 vL=0.0231 t0=[red=0.39 blue=0.61]
[u  461] env= 30212096 rsucc=0.940 n_rounds= 1603 ret=+10.941 len=826.6 ent(t0,t>=1)=(0.385,0.832) aL=-0.0208 vL=0.0241 t0=[red=0.34 blue=0.66]
[u  462] env= 30277632 rsucc=0.935 n_rounds= 1610 ret=+10.422 len=826.2 ent(t0,t>=1)=(0.356,0.836) aL=-0.0212 vL=0.0219 t0=[red=0.34 blue=0.66]
[u  463] env= 30343168 rsucc=0.922 n_rounds= 1610 ret=+8.995 len=916.5 ent(t0,t>=1)=(0.360,0.844) aL=-0.0197 vL=0.0251 t0=[red=0.32 blue=0.68]
[u  464] env= 30408704 rsucc=0.933 n_rounds= 1602 ret=+10.914 len=793.2 ent(t0,t>=1)=(0.335,0.839) aL=-0.0197 vL=0.0263 t0=[red=0.30 blue=0.70]
[u  465] env= 30474240 rsucc=0.951 n_rounds= 1615 ret=+11.061 len=786.2 ent(t0,t>=1)=(0.356,0.828) aL=-0.0224 vL=0.0263 t0=[red=0.32 blue=0.68]
[u  466] env= 30539776 rsucc=0.947 n_rounds= 1569 ret=+10.956 len=819.6 ent(t0,t>=1)=(0.346,0.842) aL=-0.0215 vL=0.0254 t0=[red=0.27 blue=0.73]
[u  467] env= 30605312 rsucc=0.946 n_rounds= 1617 ret=+10.829 len=822.5 ent(t0,t>=1)=(0.386,0.844) aL=-0.0211 vL=0.0220 t0=[red=0.32 blue=0.68]
[u  468] env= 30670848 rsucc=0.950 n_rounds= 1527 ret=+11.087 len=806.6 ent(t0,t>=1)=(0.378,0.845) aL=-0.0190 vL=0.0230 t0=[red=0.31 blue=0.69]
[u  469] env= 30736384 rsucc=0.925 n_rounds= 1561 ret=+10.827 len=815.8 ent(t0,t>=1)=(0.336,0.866) aL=-0.0223 vL=0.0226 t0=[red=0.27 blue=0.73]
[u  470] env= 30801920 rsucc=0.938 n_rounds= 1505 ret=+9.867 len=896.6 ent(t0,t>=1)=(0.357,0.853) aL=-0.0222 vL=0.0233 t0=[red=0.31 blue=0.69]
[u  471] env= 30867456 rsucc=0.894 n_rounds= 1408 ret=+10.378 len=846.1 ent(t0,t>=1)=(0.360,0.869) aL=-0.0201 vL=0.0242 t0=[red=0.31 blue=0.69]
[u  472] env= 30932992 rsucc=0.915 n_rounds= 1510 ret=+10.301 len=867.5 ent(t0,t>=1)=(0.369,0.847) aL=-0.0214 vL=0.0242 t0=[red=0.31 blue=0.69]
[u  473] env= 30998528 rsucc=0.922 n_rounds= 1513 ret=+9.366 len=907.7 ent(t0,t>=1)=(0.378,0.848) aL=-0.0181 vL=0.0235 t0=[red=0.34 blue=0.66]
[u  474] env= 31064064 rsucc=0.933 n_rounds= 1473 ret=+9.493 len=872.1 ent(t0,t>=1)=(0.400,0.848) aL=-0.0223 vL=0.0244 t0=[red=0.40 blue=0.60]
[u  475] env= 31129600 rsucc=0.921 n_rounds= 1557 ret=+9.227 len=904.2 ent(t0,t>=1)=(0.391,0.860) aL=-0.0200 vL=0.0244 t0=[red=0.34 blue=0.66]
[u  476] env= 31195136 rsucc=0.935 n_rounds= 1499 ret=+10.038 len=861.5 ent(t0,t>=1)=(0.379,0.857) aL=-0.0184 vL=0.0212 t0=[red=0.32 blue=0.68]
[u  477] env= 31260672 rsucc=0.940 n_rounds= 1583 ret=+10.972 len=827.8 ent(t0,t>=1)=(0.382,0.846) aL=-0.0160 vL=0.0243 t0=[red=0.34 blue=0.66]
[u  478] env= 31326208 rsucc=0.944 n_rounds= 1540 ret=+10.631 len=830.9 ent(t0,t>=1)=(0.372,0.847) aL=-0.0216 vL=0.0205 t0=[red=0.35 blue=0.65]
[u  479] env= 31391744 rsucc=0.933 n_rounds= 1567 ret=+10.247 len=870.1 ent(t0,t>=1)=(0.364,0.834) aL=-0.0218 vL=0.0220 t0=[red=0.32 blue=0.68]
[u  480] env= 31457280 rsucc=0.935 n_rounds= 1514 ret=+10.024 len=878.5 ent(t0,t>=1)=(0.377,0.841) aL=-0.0215 vL=0.0233 t0=[red=0.33 blue=0.67]
[u  481] env= 31522816 rsucc=0.908 n_rounds= 1529 ret=+11.066 len=808.7 ent(t0,t>=1)=(0.333,0.832) aL=-0.0226 vL=0.0261 t0=[red=0.28 blue=0.72]
[u  482] env= 31588352 rsucc=0.944 n_rounds= 1585 ret=+10.329 len=858.2 ent(t0,t>=1)=(0.342,0.832) aL=-0.0205 vL=0.0278 t0=[red=0.32 blue=0.68]
[u  483] env= 31653888 rsucc=0.956 n_rounds= 1639 ret=+11.294 len=767.2 ent(t0,t>=1)=(0.323,0.825) aL=-0.0170 vL=0.0249 t0=[red=0.32 blue=0.68]
[u  484] env= 31719424 rsucc=0.936 n_rounds= 1533 ret=+10.133 len=863.9 ent(t0,t>=1)=(0.371,0.822) aL=-0.0222 vL=0.0246 t0=[red=0.31 blue=0.69]
[u  485] env= 31784960 rsucc=0.915 n_rounds= 1551 ret=+10.517 len=834.0 ent(t0,t>=1)=(0.376,0.833) aL=-0.0188 vL=0.0276 t0=[red=0.31 blue=0.69]
[u  486] env= 31850496 rsucc=0.924 n_rounds= 1541 ret=+10.172 len=863.8 ent(t0,t>=1)=(0.342,0.832) aL=-0.0189 vL=0.0259 t0=[red=0.34 blue=0.66]
[u  487] env= 31916032 rsucc=0.913 n_rounds= 1482 ret=+10.530 len=839.5 ent(t0,t>=1)=(0.363,0.853) aL=-0.0204 vL=0.0227 t0=[red=0.31 blue=0.69]
[u  488] env= 31981568 rsucc=0.937 n_rounds= 1524 ret=+10.257 len=839.8 ent(t0,t>=1)=(0.390,0.826) aL=-0.0204 vL=0.0227 t0=[red=0.34 blue=0.66]
[u  489] env= 32047104 rsucc=0.909 n_rounds= 1490 ret=+10.074 len=859.3 ent(t0,t>=1)=(0.339,0.838) aL=-0.0182 vL=0.0280 t0=[red=0.32 blue=0.68]
[u  490] env= 32112640 rsucc=0.907 n_rounds= 1439 ret=+9.602 len=882.0 ent(t0,t>=1)=(0.380,0.857) aL=-0.0192 vL=0.0253 t0=[red=0.32 blue=0.68]
[u  491] env= 32178176 rsucc=0.889 n_rounds= 1506 ret=+9.837 len=870.2 ent(t0,t>=1)=(0.373,0.833) aL=-0.0215 vL=0.0241 t0=[red=0.38 blue=0.62]
[u  492] env= 32243712 rsucc=0.944 n_rounds= 1590 ret=+9.282 len=887.5 ent(t0,t>=1)=(0.347,0.836) aL=-0.0216 vL=0.0258 t0=[red=0.34 blue=0.66]
[u  493] env= 32309248 rsucc=0.911 n_rounds= 1578 ret=+9.289 len=882.0 ent(t0,t>=1)=(0.347,0.848) aL=-0.0202 vL=0.0261 t0=[red=0.35 blue=0.65]
[u  494] env= 32374784 rsucc=0.945 n_rounds= 1599 ret=+10.185 len=864.2 ent(t0,t>=1)=(0.353,0.809) aL=-0.0225 vL=0.0251 t0=[red=0.39 blue=0.61]
[u  495] env= 32440320 rsucc=0.948 n_rounds= 1666 ret=+10.991 len=797.7 ent(t0,t>=1)=(0.349,0.819) aL=-0.0223 vL=0.0238 t0=[red=0.39 blue=0.61]
[u  496] env= 32505856 rsucc=0.920 n_rounds= 1539 ret=+10.456 len=828.1 ent(t0,t>=1)=(0.348,0.824) aL=-0.0225 vL=0.0259 t0=[red=0.39 blue=0.61]
[u  497] env= 32571392 rsucc=0.937 n_rounds= 1487 ret=+10.966 len=812.6 ent(t0,t>=1)=(0.360,0.816) aL=-0.0205 vL=0.0246 t0=[red=0.44 blue=0.56]
[u  498] env= 32636928 rsucc=0.919 n_rounds= 1456 ret=+9.922 len=859.9 ent(t0,t>=1)=(0.373,0.859) aL=-0.0208 vL=0.0245 t0=[red=0.44 blue=0.56]
[u  499] env= 32702464 rsucc=0.914 n_rounds= 1506 ret=+10.520 len=846.8 ent(t0,t>=1)=(0.347,0.862) aL=-0.0215 vL=0.0229 t0=[red=0.43 blue=0.57]
[u  500] env= 32768000 rsucc=0.933 n_rounds= 1498 ret=+9.754 len=908.3 ent(t0,t>=1)=(0.375,0.841) aL=-0.0195 vL=0.0239 t0=[red=0.42 blue=0.58]
[u  501] env= 32833536 rsucc=0.914 n_rounds= 1523 ret=+9.943 len=856.3 ent(t0,t>=1)=(0.377,0.835) aL=-0.0216 vL=0.0267 t0=[red=0.38 blue=0.62]
[u  502] env= 32899072 rsucc=0.923 n_rounds= 1535 ret=+9.930 len=871.7 ent(t0,t>=1)=(0.332,0.818) aL=-0.0211 vL=0.0242 t0=[red=0.34 blue=0.66]
[u  503] env= 32964608 rsucc=0.930 n_rounds= 1540 ret=+10.115 len=865.5 ent(t0,t>=1)=(0.359,0.848) aL=-0.0216 vL=0.0232 t0=[red=0.37 blue=0.63]
[u  504] env= 33030144 rsucc=0.930 n_rounds= 1542 ret=+10.283 len=830.7 ent(t0,t>=1)=(0.337,0.823) aL=-0.0207 vL=0.0268 t0=[red=0.33 blue=0.67]
[u  505] env= 33095680 rsucc=0.929 n_rounds= 1570 ret=+10.496 len=834.8 ent(t0,t>=1)=(0.336,0.808) aL=-0.0201 vL=0.0259 t0=[red=0.30 blue=0.70]
[u  506] env= 33161216 rsucc=0.926 n_rounds= 1508 ret=+9.920 len=865.8 ent(t0,t>=1)=(0.339,0.810) aL=-0.0205 vL=0.0237 t0=[red=0.28 blue=0.72]
[u  507] env= 33226752 rsucc=0.916 n_rounds= 1416 ret=+10.040 len=862.5 ent(t0,t>=1)=(0.344,0.814) aL=-0.0204 vL=0.0235 t0=[red=0.31 blue=0.69]
[u  508] env= 33292288 rsucc=0.943 n_rounds= 1630 ret=+10.036 len=864.9 ent(t0,t>=1)=(0.323,0.803) aL=-0.0215 vL=0.0219 t0=[red=0.28 blue=0.72]
[u  509] env= 33357824 rsucc=0.889 n_rounds= 1469 ret=+10.514 len=852.2 ent(t0,t>=1)=(0.389,0.836) aL=-0.0190 vL=0.0233 t0=[red=0.31 blue=0.69]
[u  510] env= 33423360 rsucc=0.952 n_rounds= 1614 ret=+10.109 len=854.6 ent(t0,t>=1)=(0.338,0.799) aL=-0.0211 vL=0.0252 t0=[red=0.29 blue=0.71]
[u  511] env= 33488896 rsucc=0.939 n_rounds= 1552 ret=+9.906 len=870.6 ent(t0,t>=1)=(0.340,0.816) aL=-0.0223 vL=0.0250 t0=[red=0.28 blue=0.72]
[u  512] env= 33554432 rsucc=0.942 n_rounds= 1600 ret=+10.338 len=840.5 ent(t0,t>=1)=(0.366,0.804) aL=-0.0204 vL=0.0271 t0=[red=0.32 blue=0.68]
[u  513] env= 33619968 rsucc=0.940 n_rounds= 1715 ret=+11.036 len=785.4 ent(t0,t>=1)=(0.317,0.811) aL=-0.0216 vL=0.0276 t0=[red=0.23 blue=0.77]
[u  514] env= 33685504 rsucc=0.905 n_rounds= 1527 ret=+10.646 len=816.8 ent(t0,t>=1)=(0.333,0.830) aL=-0.0211 vL=0.0242 t0=[red=0.32 blue=0.68]
[u  515] env= 33751040 rsucc=0.931 n_rounds= 1583 ret=+10.905 len=810.8 ent(t0,t>=1)=(0.351,0.795) aL=-0.0225 vL=0.0256 t0=[red=0.30 blue=0.70]
[u  516] env= 33816576 rsucc=0.956 n_rounds= 1644 ret=+10.473 len=826.0 ent(t0,t>=1)=(0.334,0.799) aL=-0.0222 vL=0.0232 t0=[red=0.32 blue=0.68]
[u  517] env= 33882112 rsucc=0.954 n_rounds= 1669 ret=+11.086 len=814.4 ent(t0,t>=1)=(0.322,0.799) aL=-0.0202 vL=0.0247 t0=[red=0.28 blue=0.72]
[u  518] env= 33947648 rsucc=0.931 n_rounds= 1564 ret=+11.343 len=791.5 ent(t0,t>=1)=(0.321,0.797) aL=-0.0210 vL=0.0238 t0=[red=0.31 blue=0.69]
[u  519] env= 34013184 rsucc=0.955 n_rounds= 1594 ret=+10.909 len=810.0 ent(t0,t>=1)=(0.333,0.791) aL=-0.0221 vL=0.0229 t0=[red=0.30 blue=0.70]
[u  520] env= 34078720 rsucc=0.896 n_rounds= 1495 ret=+10.829 len=839.9 ent(t0,t>=1)=(0.333,0.824) aL=-0.0190 vL=0.0255 t0=[red=0.26 blue=0.74]
[u  521] env= 34144256 rsucc=0.937 n_rounds= 1509 ret=+10.047 len=845.2 ent(t0,t>=1)=(0.335,0.805) aL=-0.0201 vL=0.0237 t0=[red=0.26 blue=0.74]
[u  522] env= 34209792 rsucc=0.933 n_rounds= 1526 ret=+9.216 len=906.5 ent(t0,t>=1)=(0.311,0.788) aL=-0.0159 vL=0.0236 t0=[red=0.25 blue=0.75]
[u  523] env= 34275328 rsucc=0.940 n_rounds= 1583 ret=+10.171 len=867.8 ent(t0,t>=1)=(0.319,0.794) aL=-0.0203 vL=0.0238 t0=[red=0.26 blue=0.74]
[u  524] env= 34340864 rsucc=0.922 n_rounds= 1487 ret=+10.954 len=817.9 ent(t0,t>=1)=(0.339,0.833) aL=-0.0202 vL=0.0232 t0=[red=0.26 blue=0.74]
[u  525] env= 34406400 rsucc=0.906 n_rounds= 1516 ret=+10.584 len=829.0 ent(t0,t>=1)=(0.314,0.824) aL=-0.0222 vL=0.0236 t0=[red=0.25 blue=0.75]
[u  526] env= 34471936 rsucc=0.921 n_rounds= 1533 ret=+9.410 len=882.8 ent(t0,t>=1)=(0.343,0.796) aL=-0.0212 vL=0.0212 t0=[red=0.31 blue=0.69]
[u  527] env= 34537472 rsucc=0.902 n_rounds= 1475 ret=+9.616 len=887.4 ent(t0,t>=1)=(0.337,0.822) aL=-0.0199 vL=0.0229 t0=[red=0.33 blue=0.67]
[u  528] env= 34603008 rsucc=0.946 n_rounds= 1538 ret=+10.087 len=859.1 ent(t0,t>=1)=(0.337,0.803) aL=-0.0202 vL=0.0216 t0=[red=0.32 blue=0.68]
[u  529] env= 34668544 rsucc=0.948 n_rounds= 1549 ret=+9.964 len=865.2 ent(t0,t>=1)=(0.337,0.795) aL=-0.0215 vL=0.0265 t0=[red=0.30 blue=0.70]
[u  530] env= 34734080 rsucc=0.963 n_rounds= 1690 ret=+10.728 len=840.6 ent(t0,t>=1)=(0.335,0.784) aL=-0.0225 vL=0.0234 t0=[red=0.30 blue=0.70]
[u  531] env= 34799616 rsucc=0.954 n_rounds= 1622 ret=+11.414 len=790.7 ent(t0,t>=1)=(0.347,0.787) aL=-0.0217 vL=0.0255 t0=[red=0.31 blue=0.69]
[u  532] env= 34865152 rsucc=0.913 n_rounds= 1477 ret=+10.747 len=822.6 ent(t0,t>=1)=(0.342,0.802) aL=-0.0199 vL=0.0270 t0=[red=0.30 blue=0.70]
[u  533] env= 34930688 rsucc=0.938 n_rounds= 1626 ret=+10.655 len=829.9 ent(t0,t>=1)=(0.335,0.803) aL=-0.0202 vL=0.0248 t0=[red=0.32 blue=0.68]
[u  534] env= 34996224 rsucc=0.954 n_rounds= 1639 ret=+10.701 len=834.1 ent(t0,t>=1)=(0.330,0.794) aL=-0.0195 vL=0.0237 t0=[red=0.31 blue=0.69]
[u  535] env= 35061760 rsucc=0.943 n_rounds= 1622 ret=+10.843 len=817.7 ent(t0,t>=1)=(0.348,0.789) aL=-0.0199 vL=0.0259 t0=[red=0.35 blue=0.65]
[u  536] env= 35127296 rsucc=0.924 n_rounds= 1515 ret=+10.835 len=832.9 ent(t0,t>=1)=(0.327,0.809) aL=-0.0192 vL=0.0251 t0=[red=0.34 blue=0.66]
[u  537] env= 35192832 rsucc=0.934 n_rounds= 1550 ret=+10.761 len=818.9 ent(t0,t>=1)=(0.361,0.803) aL=-0.0217 vL=0.0250 t0=[red=0.35 blue=0.65]
[u  538] env= 35258368 rsucc=0.947 n_rounds= 1611 ret=+10.587 len=828.9 ent(t0,t>=1)=(0.342,0.798) aL=-0.0180 vL=0.0253 t0=[red=0.31 blue=0.69]
[u  539] env= 35323904 rsucc=0.930 n_rounds= 1540 ret=+10.080 len=858.7 ent(t0,t>=1)=(0.338,0.818) aL=-0.0191 vL=0.0251 t0=[red=0.32 blue=0.68]
[u  540] env= 35389440 rsucc=0.921 n_rounds= 1506 ret=+10.496 len=836.7 ent(t0,t>=1)=(0.367,0.820) aL=-0.0219 vL=0.0248 t0=[red=0.37 blue=0.63]
[u  541] env= 35454976 rsucc=0.906 n_rounds= 1516 ret=+10.536 len=832.2 ent(t0,t>=1)=(0.355,0.836) aL=-0.0211 vL=0.0257 t0=[red=0.34 blue=0.66]
[u  542] env= 35520512 rsucc=0.929 n_rounds= 1657 ret=+9.675 len=868.8 ent(t0,t>=1)=(0.322,0.816) aL=-0.0211 vL=0.0276 t0=[red=0.35 blue=0.65]
[u  543] env= 35586048 rsucc=0.935 n_rounds= 1638 ret=+10.088 len=850.6 ent(t0,t>=1)=(0.331,0.804) aL=-0.0216 vL=0.0239 t0=[red=0.33 blue=0.67]
[u  544] env= 35651584 rsucc=0.943 n_rounds= 1526 ret=+10.252 len=829.9 ent(t0,t>=1)=(0.355,0.814) aL=-0.0227 vL=0.0218 t0=[red=0.36 blue=0.64]
[u  545] env= 35717120 rsucc=0.946 n_rounds= 1603 ret=+11.374 len=792.8 ent(t0,t>=1)=(0.337,0.797) aL=-0.0214 vL=0.0246 t0=[red=0.32 blue=0.68]
[u  546] env= 35782656 rsucc=0.964 n_rounds= 1612 ret=+11.075 len=816.0 ent(t0,t>=1)=(0.340,0.781) aL=-0.0223 vL=0.0224 t0=[red=0.36 blue=0.64]
[u  547] env= 35848192 rsucc=0.963 n_rounds= 1636 ret=+11.124 len=816.7 ent(t0,t>=1)=(0.339,0.793) aL=-0.0222 vL=0.0224 t0=[red=0.37 blue=0.63]
[u  548] env= 35913728 rsucc=0.952 n_rounds= 1595 ret=+11.158 len=817.1 ent(t0,t>=1)=(0.351,0.793) aL=-0.0216 vL=0.0213 t0=[red=0.37 blue=0.63]
[u  549] env= 35979264 rsucc=0.918 n_rounds= 1536 ret=+10.953 len=817.1 ent(t0,t>=1)=(0.330,0.803) aL=-0.0180 vL=0.0241 t0=[red=0.32 blue=0.68]
[u  550] env= 36044800 rsucc=0.927 n_rounds= 1543 ret=+10.618 len=831.4 ent(t0,t>=1)=(0.327,0.808) aL=-0.0206 vL=0.0263 t0=[red=0.29 blue=0.71]
[u  551] env= 36110336 rsucc=0.962 n_rounds= 1687 ret=+11.216 len=807.1 ent(t0,t>=1)=(0.299,0.794) aL=-0.0201 vL=0.0236 t0=[red=0.31 blue=0.69]
[u  552] env= 36175872 rsucc=0.937 n_rounds= 1581 ret=+10.702 len=817.3 ent(t0,t>=1)=(0.341,0.816) aL=-0.0176 vL=0.0239 t0=[red=0.27 blue=0.73]
[u  553] env= 36241408 rsucc=0.925 n_rounds= 1526 ret=+10.922 len=805.4 ent(t0,t>=1)=(0.355,0.812) aL=-0.0211 vL=0.0242 t0=[red=0.32 blue=0.68]
[u  554] env= 36306944 rsucc=0.937 n_rounds= 1566 ret=+10.354 len=849.1 ent(t0,t>=1)=(0.305,0.789) aL=-0.0188 vL=0.0279 t0=[red=0.32 blue=0.68]
[u  555] env= 36372480 rsucc=0.934 n_rounds= 1549 ret=+10.057 len=879.2 ent(t0,t>=1)=(0.319,0.787) aL=-0.0221 vL=0.0284 t0=[red=0.32 blue=0.68]
[u  556] env= 36438016 rsucc=0.939 n_rounds= 1612 ret=+10.908 len=799.9 ent(t0,t>=1)=(0.315,0.788) aL=-0.0219 vL=0.0262 t0=[red=0.32 blue=0.68]
[u  557] env= 36503552 rsucc=0.937 n_rounds= 1596 ret=+10.652 len=829.9 ent(t0,t>=1)=(0.328,0.795) aL=-0.0184 vL=0.0242 t0=[red=0.31 blue=0.69]
[u  558] env= 36569088 rsucc=0.942 n_rounds= 1518 ret=+10.538 len=837.1 ent(t0,t>=1)=(0.360,0.802) aL=-0.0207 vL=0.0220 t0=[red=0.35 blue=0.65]
[u  559] env= 36634624 rsucc=0.940 n_rounds= 1604 ret=+10.777 len=829.1 ent(t0,t>=1)=(0.307,0.805) aL=-0.0219 vL=0.0255 t0=[red=0.30 blue=0.70]
[u  560] env= 36700160 rsucc=0.953 n_rounds= 1602 ret=+10.693 len=832.3 ent(t0,t>=1)=(0.310,0.793) aL=-0.0224 vL=0.0260 t0=[red=0.30 blue=0.70]
[u  561] env= 36765696 rsucc=0.955 n_rounds= 1612 ret=+10.645 len=844.5 ent(t0,t>=1)=(0.330,0.794) aL=-0.0223 vL=0.0233 t0=[red=0.32 blue=0.68]
[u  562] env= 36831232 rsucc=0.957 n_rounds= 1618 ret=+10.955 len=809.5 ent(t0,t>=1)=(0.356,0.793) aL=-0.0230 vL=0.0201 t0=[red=0.38 blue=0.62]
[u  563] env= 36896768 rsucc=0.934 n_rounds= 1560 ret=+11.042 len=794.8 ent(t0,t>=1)=(0.321,0.811) aL=-0.0197 vL=0.0236 t0=[red=0.30 blue=0.70]
[u  564] env= 36962304 rsucc=0.929 n_rounds= 1595 ret=+10.987 len=820.3 ent(t0,t>=1)=(0.313,0.823) aL=-0.0212 vL=0.0255 t0=[red=0.30 blue=0.70]
[u  565] env= 37027840 rsucc=0.940 n_rounds= 1661 ret=+10.853 len=829.5 ent(t0,t>=1)=(0.291,0.793) aL=-0.0206 vL=0.0272 t0=[red=0.24 blue=0.76]
[u  566] env= 37093376 rsucc=0.954 n_rounds= 1618 ret=+10.872 len=805.1 ent(t0,t>=1)=(0.336,0.778) aL=-0.0230 vL=0.0246 t0=[red=0.29 blue=0.71]
[u  567] env= 37158912 rsucc=0.948 n_rounds= 1570 ret=+10.598 len=844.7 ent(t0,t>=1)=(0.324,0.786) aL=-0.0216 vL=0.0248 t0=[red=0.35 blue=0.65]
[u  568] env= 37224448 rsucc=0.937 n_rounds= 1482 ret=+11.130 len=814.1 ent(t0,t>=1)=(0.365,0.803) aL=-0.0205 vL=0.0255 t0=[red=0.37 blue=0.63]
[u  569] env= 37289984 rsucc=0.945 n_rounds= 1596 ret=+11.051 len=819.2 ent(t0,t>=1)=(0.322,0.798) aL=-0.0214 vL=0.0248 t0=[red=0.31 blue=0.69]
[u  570] env= 37355520 rsucc=0.921 n_rounds= 1473 ret=+10.582 len=834.0 ent(t0,t>=1)=(0.359,0.824) aL=-0.0228 vL=0.0241 t0=[red=0.35 blue=0.65]
[u  571] env= 37421056 rsucc=0.929 n_rounds= 1609 ret=+9.535 len=901.3 ent(t0,t>=1)=(0.348,0.783) aL=-0.0214 vL=0.0254 t0=[red=0.38 blue=0.62]
[u  572] env= 37486592 rsucc=0.931 n_rounds= 1511 ret=+10.459 len=829.1 ent(t0,t>=1)=(0.324,0.772) aL=-0.0199 vL=0.0253 t0=[red=0.33 blue=0.67]
[u  573] env= 37552128 rsucc=0.910 n_rounds= 1573 ret=+10.647 len=832.5 ent(t0,t>=1)=(0.302,0.770) aL=-0.0212 vL=0.0261 t0=[red=0.31 blue=0.69]
[u  574] env= 37617664 rsucc=0.937 n_rounds= 1533 ret=+10.695 len=817.3 ent(t0,t>=1)=(0.353,0.788) aL=-0.0207 vL=0.0258 t0=[red=0.37 blue=0.63]
[u  575] env= 37683200 rsucc=0.953 n_rounds= 1627 ret=+10.288 len=847.9 ent(t0,t>=1)=(0.346,0.762) aL=-0.0215 vL=0.0237 t0=[red=0.34 blue=0.66]
[u  576] env= 37748736 rsucc=0.934 n_rounds= 1550 ret=+10.545 len=841.0 ent(t0,t>=1)=(0.339,0.796) aL=-0.0211 vL=0.0234 t0=[red=0.35 blue=0.65]
[u  577] env= 37814272 rsucc=0.945 n_rounds= 1562 ret=+10.232 len=854.8 ent(t0,t>=1)=(0.344,0.771) aL=-0.0194 vL=0.0223 t0=[red=0.35 blue=0.65]
[u  578] env= 37879808 rsucc=0.924 n_rounds= 1460 ret=+10.351 len=865.2 ent(t0,t>=1)=(0.331,0.791) aL=-0.0212 vL=0.0246 t0=[red=0.31 blue=0.69]
[u  579] env= 37945344 rsucc=0.890 n_rounds= 1415 ret=+10.651 len=827.2 ent(t0,t>=1)=(0.345,0.819) aL=-0.0192 vL=0.0256 t0=[red=0.36 blue=0.64]
[u  580] env= 38010880 rsucc=0.918 n_rounds= 1594 ret=+9.271 len=908.2 ent(t0,t>=1)=(0.350,0.774) aL=-0.0177 vL=0.0249 t0=[red=0.38 blue=0.62]
[u  581] env= 38076416 rsucc=0.946 n_rounds= 1506 ret=+10.056 len=850.4 ent(t0,t>=1)=(0.362,0.788) aL=-0.0203 vL=0.0220 t0=[red=0.42 blue=0.58]
[u  582] env= 38141952 rsucc=0.931 n_rounds= 1513 ret=+10.053 len=864.5 ent(t0,t>=1)=(0.328,0.798) aL=-0.0205 vL=0.0225 t0=[red=0.35 blue=0.65]
[u  583] env= 38207488 rsucc=0.929 n_rounds= 1525 ret=+10.428 len=852.0 ent(t0,t>=1)=(0.357,0.775) aL=-0.0218 vL=0.0242 t0=[red=0.41 blue=0.59]
[u  584] env= 38273024 rsucc=0.945 n_rounds= 1559 ret=+10.640 len=837.0 ent(t0,t>=1)=(0.338,0.773) aL=-0.0207 vL=0.0236 t0=[red=0.38 blue=0.62]
[u  585] env= 38338560 rsucc=0.927 n_rounds= 1592 ret=+10.157 len=867.8 ent(t0,t>=1)=(0.319,0.775) aL=-0.0220 vL=0.0273 t0=[red=0.35 blue=0.65]
[u  586] env= 38404096 rsucc=0.940 n_rounds= 1573 ret=+10.829 len=823.4 ent(t0,t>=1)=(0.325,0.770) aL=-0.0202 vL=0.0286 t0=[red=0.37 blue=0.63]
[u  587] env= 38469632 rsucc=0.921 n_rounds= 1554 ret=+10.947 len=811.5 ent(t0,t>=1)=(0.342,0.763) aL=-0.0200 vL=0.0272 t0=[red=0.40 blue=0.60]
[u  588] env= 38535168 rsucc=0.948 n_rounds= 1611 ret=+10.397 len=832.8 ent(t0,t>=1)=(0.370,0.752) aL=-0.0199 vL=0.0267 t0=[red=0.40 blue=0.60]
[u  589] env= 38600704 rsucc=0.944 n_rounds= 1666 ret=+10.234 len=849.1 ent(t0,t>=1)=(0.353,0.751) aL=-0.0208 vL=0.0236 t0=[red=0.42 blue=0.58]
[u  590] env= 38666240 rsucc=0.937 n_rounds= 1664 ret=+10.367 len=834.7 ent(t0,t>=1)=(0.355,0.749) aL=-0.0207 vL=0.0278 t0=[red=0.37 blue=0.63]
[u  591] env= 38731776 rsucc=0.945 n_rounds= 1588 ret=+11.034 len=805.3 ent(t0,t>=1)=(0.344,0.746) aL=-0.0200 vL=0.0254 t0=[red=0.37 blue=0.63]
[u  592] env= 38797312 rsucc=0.909 n_rounds= 1551 ret=+11.402 len=784.2 ent(t0,t>=1)=(0.356,0.781) aL=-0.0200 vL=0.0259 t0=[red=0.39 blue=0.61]
[u  593] env= 38862848 rsucc=0.960 n_rounds= 1636 ret=+10.362 len=826.1 ent(t0,t>=1)=(0.349,0.744) aL=-0.0202 vL=0.0240 t0=[red=0.38 blue=0.62]
[u  594] env= 38928384 rsucc=0.951 n_rounds= 1602 ret=+10.889 len=818.6 ent(t0,t>=1)=(0.351,0.766) aL=-0.0209 vL=0.0265 t0=[red=0.37 blue=0.63]
[u  595] env= 38993920 rsucc=0.970 n_rounds= 1653 ret=+10.354 len=854.3 ent(t0,t>=1)=(0.325,0.758) aL=-0.0226 vL=0.0246 t0=[red=0.40 blue=0.60]
[u  596] env= 39059456 rsucc=0.931 n_rounds= 1577 ret=+11.530 len=769.2 ent(t0,t>=1)=(0.367,0.774) aL=-0.0217 vL=0.0238 t0=[red=0.42 blue=0.58]
[u  597] env= 39124992 rsucc=0.934 n_rounds= 1545 ret=+11.146 len=799.9 ent(t0,t>=1)=(0.335,0.762) aL=-0.0208 vL=0.0241 t0=[red=0.43 blue=0.57]
[u  598] env= 39190528 rsucc=0.936 n_rounds= 1495 ret=+11.186 len=820.1 ent(t0,t>=1)=(0.366,0.783) aL=-0.0189 vL=0.0224 t0=[red=0.47 blue=0.53]
[u  599] env= 39256064 rsucc=0.933 n_rounds= 1608 ret=+10.972 len=818.3 ent(t0,t>=1)=(0.380,0.769) aL=-0.0212 vL=0.0251 t0=[red=0.43 blue=0.57]
[u  600] env= 39321600 rsucc=0.943 n_rounds= 1586 ret=+10.601 len=840.4 ent(t0,t>=1)=(0.361,0.770) aL=-0.0206 vL=0.0264 t0=[red=0.37 blue=0.63]
[u  601] env= 39387136 rsucc=0.911 n_rounds= 1479 ret=+10.007 len=855.7 ent(t0,t>=1)=(0.353,0.799) aL=-0.0197 vL=0.0250 t0=[red=0.39 blue=0.61]
[u  602] env= 39452672 rsucc=0.930 n_rounds= 1611 ret=+8.783 len=928.3 ent(t0,t>=1)=(0.347,0.772) aL=-0.0196 vL=0.0246 t0=[red=0.45 blue=0.55]
[u  603] env= 39518208 rsucc=0.927 n_rounds= 1472 ret=+10.067 len=851.4 ent(t0,t>=1)=(0.340,0.797) aL=-0.0192 vL=0.0286 t0=[red=0.41 blue=0.59]
[u  604] env= 39583744 rsucc=0.929 n_rounds= 1674 ret=+10.830 len=826.9 ent(t0,t>=1)=(0.342,0.768) aL=-0.0197 vL=0.0265 t0=[red=0.38 blue=0.62]
[u  605] env= 39649280 rsucc=0.940 n_rounds= 1639 ret=+11.239 len=791.3 ent(t0,t>=1)=(0.343,0.759) aL=-0.0194 vL=0.0259 t0=[red=0.37 blue=0.63]
[u  606] env= 39714816 rsucc=0.953 n_rounds= 1590 ret=+10.845 len=803.2 ent(t0,t>=1)=(0.370,0.761) aL=-0.0203 vL=0.0241 t0=[red=0.42 blue=0.58]
[u  607] env= 39780352 rsucc=0.945 n_rounds= 1586 ret=+10.843 len=810.5 ent(t0,t>=1)=(0.349,0.764) aL=-0.0209 vL=0.0238 t0=[red=0.41 blue=0.59]
[u  608] env= 39845888 rsucc=0.945 n_rounds= 1676 ret=+10.472 len=835.2 ent(t0,t>=1)=(0.310,0.754) aL=-0.0181 vL=0.0278 t0=[red=0.30 blue=0.70]
[u  609] env= 39911424 rsucc=0.960 n_rounds= 1707 ret=+11.248 len=799.2 ent(t0,t>=1)=(0.333,0.746) aL=-0.0214 vL=0.0263 t0=[red=0.36 blue=0.64]
[u  610] env= 39976960 rsucc=0.951 n_rounds= 1687 ret=+11.737 len=771.8 ent(t0,t>=1)=(0.360,0.743) aL=-0.0204 vL=0.0276 t0=[red=0.39 blue=0.61]
[u  611] env= 40042496 rsucc=0.949 n_rounds= 1702 ret=+11.630 len=765.7 ent(t0,t>=1)=(0.324,0.735) aL=-0.0205 vL=0.0254 t0=[red=0.36 blue=0.64]
[u  612] env= 40108032 rsucc=0.957 n_rounds= 1612 ret=+10.969 len=820.7 ent(t0,t>=1)=(0.338,0.746) aL=-0.0201 vL=0.0259 t0=[red=0.35 blue=0.65]
[u  613] env= 40173568 rsucc=0.923 n_rounds= 1527 ret=+10.535 len=813.6 ent(t0,t>=1)=(0.358,0.764) aL=-0.0202 vL=0.0246 t0=[red=0.43 blue=0.57]
[u  614] env= 40239104 rsucc=0.917 n_rounds= 1431 ret=+10.877 len=803.2 ent(t0,t>=1)=(0.361,0.791) aL=-0.0184 vL=0.0221 t0=[red=0.39 blue=0.61]
[u  615] env= 40304640 rsucc=0.945 n_rounds= 1588 ret=+10.338 len=859.0 ent(t0,t>=1)=(0.340,0.765) aL=-0.0206 vL=0.0239 t0=[red=0.40 blue=0.60]
[u  616] env= 40370176 rsucc=0.913 n_rounds= 1489 ret=+10.724 len=835.1 ent(t0,t>=1)=(0.339,0.780) aL=-0.0197 vL=0.0277 t0=[red=0.37 blue=0.63]
[u  617] env= 40435712 rsucc=0.910 n_rounds= 1484 ret=+10.459 len=850.4 ent(t0,t>=1)=(0.323,0.776) aL=-0.0209 vL=0.0258 t0=[red=0.37 blue=0.63]
[u  618] env= 40501248 rsucc=0.941 n_rounds= 1585 ret=+10.569 len=827.9 ent(t0,t>=1)=(0.369,0.747) aL=-0.0204 vL=0.0250 t0=[red=0.40 blue=0.60]
[u  619] env= 40566784 rsucc=0.925 n_rounds= 1491 ret=+9.600 len=893.3 ent(t0,t>=1)=(0.347,0.754) aL=-0.0181 vL=0.0255 t0=[red=0.42 blue=0.58]
[u  620] env= 40632320 rsucc=0.937 n_rounds= 1564 ret=+9.087 len=914.1 ent(t0,t>=1)=(0.329,0.748) aL=-0.0198 vL=0.0254 t0=[red=0.41 blue=0.59]
[u  621] env= 40697856 rsucc=0.939 n_rounds= 1546 ret=+10.145 len=852.6 ent(t0,t>=1)=(0.367,0.746) aL=-0.0202 vL=0.0248 t0=[red=0.44 blue=0.56]
[u  622] env= 40763392 rsucc=0.944 n_rounds= 1524 ret=+10.819 len=835.8 ent(t0,t>=1)=(0.368,0.738) aL=-0.0204 vL=0.0260 t0=[red=0.42 blue=0.58]
[u  623] env= 40828928 rsucc=0.912 n_rounds= 1542 ret=+10.929 len=827.4 ent(t0,t>=1)=(0.349,0.765) aL=-0.0194 vL=0.0260 t0=[red=0.39 blue=0.61]
[u  624] env= 40894464 rsucc=0.928 n_rounds= 1586 ret=+10.373 len=836.2 ent(t0,t>=1)=(0.324,0.743) aL=-0.0192 vL=0.0298 t0=[red=0.34 blue=0.66]
[u  625] env= 40960000 rsucc=0.930 n_rounds= 1669 ret=+10.647 len=808.7 ent(t0,t>=1)=(0.340,0.748) aL=-0.0208 vL=0.0284 t0=[red=0.37 blue=0.63]
[u  626] env= 41025536 rsucc=0.943 n_rounds= 1549 ret=+9.992 len=857.5 ent(t0,t>=1)=(0.339,0.744) aL=-0.0188 vL=0.0259 t0=[red=0.36 blue=0.64]
[u  627] env= 41091072 rsucc=0.938 n_rounds= 1505 ret=+10.328 len=837.7 ent(t0,t>=1)=(0.329,0.746) aL=-0.0205 vL=0.0236 t0=[red=0.39 blue=0.61]
[u  628] env= 41156608 rsucc=0.902 n_rounds= 1537 ret=+10.472 len=823.2 ent(t0,t>=1)=(0.371,0.751) aL=-0.0202 vL=0.0273 t0=[red=0.45 blue=0.55]
[u  629] env= 41222144 rsucc=0.952 n_rounds= 1663 ret=+10.726 len=834.2 ent(t0,t>=1)=(0.342,0.737) aL=-0.0211 vL=0.0251 t0=[red=0.38 blue=0.62]
[u  630] env= 41287680 rsucc=0.926 n_rounds= 1501 ret=+10.220 len=854.8 ent(t0,t>=1)=(0.351,0.767) aL=-0.0197 vL=0.0257 t0=[red=0.46 blue=0.54]
[u  631] env= 41353216 rsucc=0.934 n_rounds= 1560 ret=+10.717 len=821.7 ent(t0,t>=1)=(0.325,0.748) aL=-0.0208 vL=0.0269 t0=[red=0.45 blue=0.55]
[u  632] env= 41418752 rsucc=0.945 n_rounds= 1627 ret=+10.471 len=848.2 ent(t0,t>=1)=(0.327,0.716) aL=-0.0200 vL=0.0257 t0=[red=0.36 blue=0.64]
[u  633] env= 41484288 rsucc=0.951 n_rounds= 1609 ret=+10.846 len=808.4 ent(t0,t>=1)=(0.360,0.743) aL=-0.0203 vL=0.0250 t0=[red=0.41 blue=0.59]
[u  634] env= 41549824 rsucc=0.948 n_rounds= 1579 ret=+10.888 len=816.6 ent(t0,t>=1)=(0.318,0.737) aL=-0.0204 vL=0.0253 t0=[red=0.32 blue=0.68]
[u  635] env= 41615360 rsucc=0.958 n_rounds= 1613 ret=+11.083 len=813.0 ent(t0,t>=1)=(0.322,0.731) aL=-0.0204 vL=0.0246 t0=[red=0.37 blue=0.63]
[u  636] env= 41680896 rsucc=0.956 n_rounds= 1599 ret=+11.537 len=792.4 ent(t0,t>=1)=(0.351,0.713) aL=-0.0177 vL=0.0270 t0=[red=0.39 blue=0.61]
[u  637] env= 41746432 rsucc=0.952 n_rounds= 1610 ret=+11.029 len=821.5 ent(t0,t>=1)=(0.343,0.719) aL=-0.0203 vL=0.0250 t0=[red=0.43 blue=0.57]
[u  638] env= 41811968 rsucc=0.939 n_rounds= 1564 ret=+10.572 len=838.8 ent(t0,t>=1)=(0.348,0.737) aL=-0.0176 vL=0.0249 t0=[red=0.44 blue=0.56]
[u  639] env= 41877504 rsucc=0.947 n_rounds= 1630 ret=+10.355 len=861.1 ent(t0,t>=1)=(0.358,0.731) aL=-0.0195 vL=0.0224 t0=[red=0.43 blue=0.57]
[u  640] env= 41943040 rsucc=0.972 n_rounds= 1682 ret=+11.426 len=796.6 ent(t0,t>=1)=(0.352,0.720) aL=-0.0214 vL=0.0242 t0=[red=0.43 blue=0.57]
[u  641] env= 42008576 rsucc=0.919 n_rounds= 1503 ret=+11.478 len=784.8 ent(t0,t>=1)=(0.339,0.748) aL=-0.0195 vL=0.0280 t0=[red=0.40 blue=0.60]
[u  642] env= 42074112 rsucc=0.932 n_rounds= 1521 ret=+10.444 len=857.0 ent(t0,t>=1)=(0.340,0.733) aL=-0.0199 vL=0.0265 t0=[red=0.38 blue=0.62]
[u  643] env= 42139648 rsucc=0.912 n_rounds= 1561 ret=+10.219 len=827.7 ent(t0,t>=1)=(0.325,0.738) aL=-0.0193 vL=0.0299 t0=[red=0.34 blue=0.66]
[u  644] env= 42205184 rsucc=0.941 n_rounds= 1649 ret=+10.199 len=849.1 ent(t0,t>=1)=(0.320,0.725) aL=-0.0208 vL=0.0284 t0=[red=0.39 blue=0.61]
[u  645] env= 42270720 rsucc=0.955 n_rounds= 1637 ret=+10.921 len=811.3 ent(t0,t>=1)=(0.328,0.726) aL=-0.0194 vL=0.0262 t0=[red=0.42 blue=0.58]
[u  646] env= 42336256 rsucc=0.957 n_rounds= 1646 ret=+11.461 len=783.0 ent(t0,t>=1)=(0.337,0.720) aL=-0.0189 vL=0.0258 t0=[red=0.42 blue=0.58]
[u  647] env= 42401792 rsucc=0.964 n_rounds= 1651 ret=+11.537 len=786.6 ent(t0,t>=1)=(0.339,0.721) aL=-0.0196 vL=0.0238 t0=[red=0.45 blue=0.55]
[u  648] env= 42467328 rsucc=0.957 n_rounds= 1588 ret=+11.230 len=812.3 ent(t0,t>=1)=(0.324,0.715) aL=-0.0187 vL=0.0247 t0=[red=0.43 blue=0.57]
[u  649] env= 42532864 rsucc=0.965 n_rounds= 1619 ret=+11.598 len=793.3 ent(t0,t>=1)=(0.349,0.709) aL=-0.0206 vL=0.0241 t0=[red=0.40 blue=0.60]
[u  650] env= 42598400 rsucc=0.952 n_rounds= 1604 ret=+11.367 len=807.5 ent(t0,t>=1)=(0.357,0.714) aL=-0.0189 vL=0.0267 t0=[red=0.40 blue=0.60]
[u  651] env= 42663936 rsucc=0.936 n_rounds= 1585 ret=+10.726 len=832.9 ent(t0,t>=1)=(0.326,0.711) aL=-0.0202 vL=0.0254 t0=[red=0.39 blue=0.61]
[u  652] env= 42729472 rsucc=0.929 n_rounds= 1588 ret=+10.896 len=822.6 ent(t0,t>=1)=(0.331,0.714) aL=-0.0205 vL=0.0256 t0=[red=0.35 blue=0.65]
[u  653] env= 42795008 rsucc=0.949 n_rounds= 1619 ret=+10.286 len=854.7 ent(t0,t>=1)=(0.329,0.709) aL=-0.0191 vL=0.0257 t0=[red=0.36 blue=0.64]
[u  654] env= 42860544 rsucc=0.932 n_rounds= 1625 ret=+11.020 len=789.6 ent(t0,t>=1)=(0.339,0.720) aL=-0.0189 vL=0.0270 t0=[red=0.38 blue=0.62]
[u  655] env= 42926080 rsucc=0.920 n_rounds= 1559 ret=+10.620 len=828.0 ent(t0,t>=1)=(0.337,0.719) aL=-0.0180 vL=0.0280 t0=[red=0.38 blue=0.62]
[u  656] env= 42991616 rsucc=0.923 n_rounds= 1553 ret=+11.191 len=792.6 ent(t0,t>=1)=(0.332,0.738) aL=-0.0202 vL=0.0266 t0=[red=0.34 blue=0.66]
[u  657] env= 43057152 rsucc=0.929 n_rounds= 1567 ret=+10.219 len=852.1 ent(t0,t>=1)=(0.337,0.707) aL=-0.0195 vL=0.0255 t0=[red=0.39 blue=0.61]
[u  658] env= 43122688 rsucc=0.948 n_rounds= 1683 ret=+10.291 len=836.6 ent(t0,t>=1)=(0.343,0.710) aL=-0.0191 vL=0.0262 t0=[red=0.38 blue=0.62]
[u  659] env= 43188224 rsucc=0.954 n_rounds= 1621 ret=+10.578 len=817.0 ent(t0,t>=1)=(0.312,0.703) aL=-0.0190 vL=0.0257 t0=[red=0.35 blue=0.65]
[u  660] env= 43253760 rsucc=0.928 n_rounds= 1523 ret=+11.121 len=821.8 ent(t0,t>=1)=(0.335,0.709) aL=-0.0201 vL=0.0270 t0=[red=0.38 blue=0.62]
[u  661] env= 43319296 rsucc=0.940 n_rounds= 1601 ret=+10.879 len=800.8 ent(t0,t>=1)=(0.331,0.709) aL=-0.0192 vL=0.0275 t0=[red=0.33 blue=0.67]
[u  662] env= 43384832 rsucc=0.930 n_rounds= 1607 ret=+10.314 len=837.5 ent(t0,t>=1)=(0.323,0.712) aL=-0.0175 vL=0.0278 t0=[red=0.35 blue=0.65]
[u  663] env= 43450368 rsucc=0.936 n_rounds= 1567 ret=+11.089 len=802.4 ent(t0,t>=1)=(0.340,0.721) aL=-0.0197 vL=0.0235 t0=[red=0.42 blue=0.58]
[u  664] env= 43515904 rsucc=0.946 n_rounds= 1654 ret=+10.670 len=829.4 ent(t0,t>=1)=(0.320,0.698) aL=-0.0202 vL=0.0252 t0=[red=0.33 blue=0.67]
[u  665] env= 43581440 rsucc=0.948 n_rounds= 1634 ret=+10.544 len=831.0 ent(t0,t>=1)=(0.348,0.698) aL=-0.0202 vL=0.0257 t0=[red=0.36 blue=0.64]
[u  666] env= 43646976 rsucc=0.943 n_rounds= 1589 ret=+10.270 len=844.5 ent(t0,t>=1)=(0.320,0.717) aL=-0.0190 vL=0.0290 t0=[red=0.33 blue=0.67]
[u  667] env= 43712512 rsucc=0.948 n_rounds= 1587 ret=+11.765 len=773.9 ent(t0,t>=1)=(0.343,0.694) aL=-0.0200 vL=0.0245 t0=[red=0.40 blue=0.60]
[u  668] env= 43778048 rsucc=0.937 n_rounds= 1535 ret=+11.759 len=758.6 ent(t0,t>=1)=(0.341,0.710) aL=-0.0200 vL=0.0242 t0=[red=0.43 blue=0.57]
[u  669] env= 43843584 rsucc=0.938 n_rounds= 1580 ret=+10.389 len=849.7 ent(t0,t>=1)=(0.312,0.708) aL=-0.0195 vL=0.0279 t0=[red=0.32 blue=0.68]
[u  670] env= 43909120 rsucc=0.944 n_rounds= 1629 ret=+10.187 len=865.0 ent(t0,t>=1)=(0.339,0.695) aL=-0.0194 vL=0.0281 t0=[red=0.39 blue=0.61]
[u  671] env= 43974656 rsucc=0.929 n_rounds= 1554 ret=+10.701 len=828.7 ent(t0,t>=1)=(0.318,0.707) aL=-0.0184 vL=0.0257 t0=[red=0.40 blue=0.60]
[u  672] env= 44040192 rsucc=0.945 n_rounds= 1639 ret=+11.194 len=793.0 ent(t0,t>=1)=(0.322,0.683) aL=-0.0195 vL=0.0276 t0=[red=0.39 blue=0.61]
[u  673] env= 44105728 rsucc=0.934 n_rounds= 1648 ret=+10.266 len=855.6 ent(t0,t>=1)=(0.348,0.708) aL=-0.0170 vL=0.0247 t0=[red=0.41 blue=0.59]
[u  674] env= 44171264 rsucc=0.934 n_rounds= 1568 ret=+11.027 len=801.0 ent(t0,t>=1)=(0.347,0.703) aL=-0.0193 vL=0.0300 t0=[red=0.37 blue=0.63]
[u  675] env= 44236800 rsucc=0.944 n_rounds= 1615 ret=+10.613 len=821.4 ent(t0,t>=1)=(0.320,0.698) aL=-0.0196 vL=0.0275 t0=[red=0.34 blue=0.66]
[u  676] env= 44302336 rsucc=0.894 n_rounds= 1484 ret=+10.975 len=807.4 ent(t0,t>=1)=(0.318,0.728) aL=-0.0184 vL=0.0308 t0=[red=0.38 blue=0.62]
[u  677] env= 44367872 rsucc=0.939 n_rounds= 1649 ret=+11.034 len=786.9 ent(t0,t>=1)=(0.322,0.690) aL=-0.0199 vL=0.0293 t0=[red=0.37 blue=0.63]
[u  678] env= 44433408 rsucc=0.924 n_rounds= 1558 ret=+10.208 len=850.6 ent(t0,t>=1)=(0.309,0.709) aL=-0.0175 vL=0.0264 t0=[red=0.35 blue=0.65]
[u  679] env= 44498944 rsucc=0.942 n_rounds= 1626 ret=+10.232 len=845.9 ent(t0,t>=1)=(0.315,0.684) aL=-0.0187 vL=0.0282 t0=[red=0.32 blue=0.68]
[u  680] env= 44564480 rsucc=0.960 n_rounds= 1711 ret=+10.702 len=812.0 ent(t0,t>=1)=(0.338,0.683) aL=-0.0193 vL=0.0261 t0=[red=0.38 blue=0.62]
[u  681] env= 44630016 rsucc=0.938 n_rounds= 1632 ret=+11.381 len=779.8 ent(t0,t>=1)=(0.325,0.689) aL=-0.0184 vL=0.0281 t0=[red=0.35 blue=0.65]
[u  682] env= 44695552 rsucc=0.969 n_rounds= 1669 ret=+11.270 len=781.7 ent(t0,t>=1)=(0.334,0.683) aL=-0.0198 vL=0.0260 t0=[red=0.39 blue=0.61]
[u  683] env= 44761088 rsucc=0.957 n_rounds= 1615 ret=+11.277 len=794.6 ent(t0,t>=1)=(0.336,0.693) aL=-0.0187 vL=0.0260 t0=[red=0.32 blue=0.68]
[u  684] env= 44826624 rsucc=0.954 n_rounds= 1606 ret=+11.771 len=778.9 ent(t0,t>=1)=(0.350,0.689) aL=-0.0200 vL=0.0244 t0=[red=0.37 blue=0.63]
[u  685] env= 44892160 rsucc=0.940 n_rounds= 1603 ret=+11.524 len=803.2 ent(t0,t>=1)=(0.332,0.683) aL=-0.0183 vL=0.0266 t0=[red=0.35 blue=0.65]
[u  686] env= 44957696 rsucc=0.931 n_rounds= 1532 ret=+11.228 len=799.6 ent(t0,t>=1)=(0.340,0.696) aL=-0.0174 vL=0.0271 t0=[red=0.34 blue=0.66]
[u  687] env= 45023232 rsucc=0.972 n_rounds= 1714 ret=+10.725 len=841.0 ent(t0,t>=1)=(0.336,0.672) aL=-0.0191 vL=0.0262 t0=[red=0.37 blue=0.63]
[u  688] env= 45088768 rsucc=0.932 n_rounds= 1550 ret=+10.689 len=820.6 ent(t0,t>=1)=(0.346,0.701) aL=-0.0190 vL=0.0253 t0=[red=0.37 blue=0.63]
[u  689] env= 45154304 rsucc=0.949 n_rounds= 1635 ret=+11.166 len=802.4 ent(t0,t>=1)=(0.339,0.678) aL=-0.0182 vL=0.0237 t0=[red=0.42 blue=0.58]
[u  690] env= 45219840 rsucc=0.974 n_rounds= 1730 ret=+10.388 len=849.9 ent(t0,t>=1)=(0.326,0.672) aL=-0.0151 vL=0.0257 t0=[red=0.38 blue=0.62]
[u  691] env= 45285376 rsucc=0.965 n_rounds= 1674 ret=+11.526 len=783.7 ent(t0,t>=1)=(0.340,0.679) aL=-0.0189 vL=0.0253 t0=[red=0.40 blue=0.60]
[u  692] env= 45350912 rsucc=0.964 n_rounds= 1546 ret=+11.486 len=800.5 ent(t0,t>=1)=(0.327,0.701) aL=-0.0179 vL=0.0234 t0=[red=0.38 blue=0.62]
[u  693] env= 45416448 rsucc=0.930 n_rounds= 1607 ret=+11.309 len=807.1 ent(t0,t>=1)=(0.344,0.702) aL=-0.0166 vL=0.0270 t0=[red=0.33 blue=0.67]
[u  694] env= 45481984 rsucc=0.964 n_rounds= 1582 ret=+11.242 len=809.6 ent(t0,t>=1)=(0.341,0.681) aL=-0.0179 vL=0.0229 t0=[red=0.37 blue=0.63]
[u  695] env= 45547520 rsucc=0.951 n_rounds= 1567 ret=+10.660 len=854.2 ent(t0,t>=1)=(0.340,0.706) aL=-0.0183 vL=0.0236 t0=[red=0.42 blue=0.58]
[u  696] env= 45613056 rsucc=0.947 n_rounds= 1669 ret=+10.630 len=836.2 ent(t0,t>=1)=(0.303,0.679) aL=-0.0183 vL=0.0244 t0=[red=0.34 blue=0.66]
[u  697] env= 45678592 rsucc=0.931 n_rounds= 1635 ret=+11.568 len=772.2 ent(t0,t>=1)=(0.334,0.672) aL=-0.0170 vL=0.0275 t0=[red=0.37 blue=0.63]
[u  698] env= 45744128 rsucc=0.923 n_rounds= 1588 ret=+11.163 len=790.4 ent(t0,t>=1)=(0.342,0.697) aL=-0.0166 vL=0.0282 t0=[red=0.38 blue=0.62]
[u  699] env= 45809664 rsucc=0.959 n_rounds= 1669 ret=+11.502 len=771.4 ent(t0,t>=1)=(0.328,0.668) aL=-0.0165 vL=0.0240 t0=[red=0.37 blue=0.63]
[u  700] env= 45875200 rsucc=0.954 n_rounds= 1662 ret=+11.120 len=804.5 ent(t0,t>=1)=(0.338,0.662) aL=-0.0181 vL=0.0257 t0=[red=0.39 blue=0.61]
[u  701] env= 45940736 rsucc=0.938 n_rounds= 1585 ret=+10.318 len=835.5 ent(t0,t>=1)=(0.302,0.698) aL=-0.0181 vL=0.0274 t0=[red=0.35 blue=0.65]
[u  702] env= 46006272 rsucc=0.927 n_rounds= 1595 ret=+11.325 len=788.9 ent(t0,t>=1)=(0.301,0.684) aL=-0.0164 vL=0.0296 t0=[red=0.36 blue=0.64]
[u  703] env= 46071808 rsucc=0.961 n_rounds= 1662 ret=+11.192 len=806.6 ent(t0,t>=1)=(0.333,0.675) aL=-0.0184 vL=0.0261 t0=[red=0.42 blue=0.58]
[u  704] env= 46137344 rsucc=0.947 n_rounds= 1627 ret=+11.187 len=792.6 ent(t0,t>=1)=(0.340,0.696) aL=-0.0178 vL=0.0259 t0=[red=0.36 blue=0.64]
[u  705] env= 46202880 rsucc=0.927 n_rounds= 1529 ret=+10.665 len=822.2 ent(t0,t>=1)=(0.332,0.679) aL=-0.0152 vL=0.0252 t0=[red=0.39 blue=0.61]
[u  706] env= 46268416 rsucc=0.960 n_rounds= 1662 ret=+10.741 len=829.9 ent(t0,t>=1)=(0.317,0.656) aL=-0.0184 vL=0.0245 t0=[red=0.38 blue=0.62]
[u  707] env= 46333952 rsucc=0.948 n_rounds= 1616 ret=+10.713 len=825.9 ent(t0,t>=1)=(0.297,0.677) aL=-0.0181 vL=0.0253 t0=[red=0.33 blue=0.67]
[u  708] env= 46399488 rsucc=0.949 n_rounds= 1654 ret=+11.011 len=813.4 ent(t0,t>=1)=(0.318,0.669) aL=-0.0181 vL=0.0260 t0=[red=0.34 blue=0.66]
[u  709] env= 46465024 rsucc=0.939 n_rounds= 1636 ret=+10.943 len=822.6 ent(t0,t>=1)=(0.311,0.673) aL=-0.0170 vL=0.0272 t0=[red=0.37 blue=0.63]
[u  710] env= 46530560 rsucc=0.960 n_rounds= 1680 ret=+11.445 len=757.1 ent(t0,t>=1)=(0.302,0.685) aL=-0.0177 vL=0.0289 t0=[red=0.33 blue=0.67]
[u  711] env= 46596096 rsucc=0.937 n_rounds= 1562 ret=+11.021 len=792.8 ent(t0,t>=1)=(0.297,0.703) aL=-0.0171 vL=0.0296 t0=[red=0.30 blue=0.70]
[u  712] env= 46661632 rsucc=0.942 n_rounds= 1515 ret=+11.133 len=822.4 ent(t0,t>=1)=(0.309,0.693) aL=-0.0171 vL=0.0299 t0=[red=0.34 blue=0.66]
[u  713] env= 46727168 rsucc=0.944 n_rounds= 1633 ret=+11.104 len=800.5 ent(t0,t>=1)=(0.309,0.677) aL=-0.0182 vL=0.0264 t0=[red=0.27 blue=0.73]
[u  714] env= 46792704 rsucc=0.967 n_rounds= 1627 ret=+11.295 len=796.7 ent(t0,t>=1)=(0.315,0.661) aL=-0.0177 vL=0.0257 t0=[red=0.33 blue=0.67]
[u  715] env= 46858240 rsucc=0.963 n_rounds= 1594 ret=+11.080 len=827.5 ent(t0,t>=1)=(0.288,0.657) aL=-0.0171 vL=0.0249 t0=[red=0.27 blue=0.73]
[u  716] env= 46923776 rsucc=0.951 n_rounds= 1645 ret=+11.263 len=803.7 ent(t0,t>=1)=(0.308,0.663) aL=-0.0173 vL=0.0263 t0=[red=0.29 blue=0.71]
[u  717] env= 46989312 rsucc=0.937 n_rounds= 1599 ret=+11.100 len=818.8 ent(t0,t>=1)=(0.270,0.654) aL=-0.0163 vL=0.0266 t0=[red=0.26 blue=0.74]
[u  718] env= 47054848 rsucc=0.964 n_rounds= 1742 ret=+11.087 len=805.4 ent(t0,t>=1)=(0.265,0.644) aL=-0.0173 vL=0.0278 t0=[red=0.27 blue=0.73]
[u  719] env= 47120384 rsucc=0.955 n_rounds= 1751 ret=+11.609 len=781.4 ent(t0,t>=1)=(0.305,0.660) aL=-0.0166 vL=0.0279 t0=[red=0.30 blue=0.70]
[u  720] env= 47185920 rsucc=0.963 n_rounds= 1737 ret=+11.755 len=749.0 ent(t0,t>=1)=(0.292,0.659) aL=-0.0153 vL=0.0271 t0=[red=0.31 blue=0.69]
[u  721] env= 47251456 rsucc=0.957 n_rounds= 1581 ret=+11.743 len=766.8 ent(t0,t>=1)=(0.290,0.672) aL=-0.0171 vL=0.0257 t0=[red=0.31 blue=0.69]
[u  722] env= 47316992 rsucc=0.953 n_rounds= 1611 ret=+11.176 len=808.9 ent(t0,t>=1)=(0.298,0.653) aL=-0.0175 vL=0.0257 t0=[red=0.34 blue=0.66]
[u  723] env= 47382528 rsucc=0.967 n_rounds= 1632 ret=+11.343 len=814.9 ent(t0,t>=1)=(0.320,0.660) aL=-0.0183 vL=0.0256 t0=[red=0.36 blue=0.64]
[u  724] env= 47448064 rsucc=0.933 n_rounds= 1588 ret=+11.299 len=805.9 ent(t0,t>=1)=(0.283,0.662) aL=-0.0159 vL=0.0290 t0=[red=0.28 blue=0.72]
[u  725] env= 47513600 rsucc=0.936 n_rounds= 1589 ret=+11.004 len=812.3 ent(t0,t>=1)=(0.309,0.665) aL=-0.0153 vL=0.0300 t0=[red=0.33 blue=0.67]
[u  726] env= 47579136 rsucc=0.914 n_rounds= 1552 ret=+10.371 len=832.5 ent(t0,t>=1)=(0.304,0.676) aL=-0.0161 vL=0.0276 t0=[red=0.31 blue=0.69]
[u  727] env= 47644672 rsucc=0.960 n_rounds= 1607 ret=+9.916 len=859.5 ent(t0,t>=1)=(0.339,0.659) aL=-0.0176 vL=0.0245 t0=[red=0.34 blue=0.66]
[u  728] env= 47710208 rsucc=0.936 n_rounds= 1556 ret=+11.398 len=786.6 ent(t0,t>=1)=(0.331,0.671) aL=-0.0135 vL=0.0292 t0=[red=0.34 blue=0.66]
[u  729] env= 47775744 rsucc=0.957 n_rounds= 1716 ret=+11.010 len=814.5 ent(t0,t>=1)=(0.307,0.640) aL=-0.0158 vL=0.0281 t0=[red=0.32 blue=0.68]
[u  730] env= 47841280 rsucc=0.959 n_rounds= 1652 ret=+11.209 len=804.3 ent(t0,t>=1)=(0.299,0.650) aL=-0.0162 vL=0.0265 t0=[red=0.34 blue=0.66]
[u  731] env= 47906816 rsucc=0.955 n_rounds= 1582 ret=+11.351 len=794.3 ent(t0,t>=1)=(0.304,0.652) aL=-0.0166 vL=0.0275 t0=[red=0.31 blue=0.69]
[u  732] env= 47972352 rsucc=0.911 n_rounds= 1535 ret=+10.905 len=823.8 ent(t0,t>=1)=(0.339,0.677) aL=-0.0137 vL=0.0276 t0=[red=0.36 blue=0.64]
[u  733] env= 48037888 rsucc=0.945 n_rounds= 1571 ret=+11.392 len=791.9 ent(t0,t>=1)=(0.311,0.657) aL=-0.0162 vL=0.0248 t0=[red=0.38 blue=0.62]
[u  734] env= 48103424 rsucc=0.951 n_rounds= 1606 ret=+10.993 len=815.8 ent(t0,t>=1)=(0.279,0.658) aL=-0.0166 vL=0.0257 t0=[red=0.30 blue=0.70]
[u  735] env= 48168960 rsucc=0.941 n_rounds= 1573 ret=+10.604 len=838.9 ent(t0,t>=1)=(0.305,0.647) aL=-0.0160 vL=0.0287 t0=[red=0.33 blue=0.67]
[u  736] env= 48234496 rsucc=0.963 n_rounds= 1736 ret=+10.359 len=844.5 ent(t0,t>=1)=(0.314,0.642) aL=-0.0171 vL=0.0283 t0=[red=0.32 blue=0.68]
[u  737] env= 48300032 rsucc=0.956 n_rounds= 1719 ret=+11.481 len=774.4 ent(t0,t>=1)=(0.283,0.646) aL=-0.0159 vL=0.0306 t0=[red=0.29 blue=0.71]
[u  738] env= 48365568 rsucc=0.960 n_rounds= 1676 ret=+11.166 len=809.9 ent(t0,t>=1)=(0.290,0.657) aL=-0.0160 vL=0.0284 t0=[red=0.30 blue=0.70]
[u  739] env= 48431104 rsucc=0.966 n_rounds= 1725 ret=+11.626 len=772.7 ent(t0,t>=1)=(0.308,0.638) aL=-0.0163 vL=0.0289 t0=[red=0.31 blue=0.69]
[u  740] env= 48496640 rsucc=0.958 n_rounds= 1665 ret=+11.599 len=768.5 ent(t0,t>=1)=(0.309,0.643) aL=-0.0163 vL=0.0274 t0=[red=0.37 blue=0.63]
[u  741] env= 48562176 rsucc=0.943 n_rounds= 1685 ret=+11.374 len=788.9 ent(t0,t>=1)=(0.277,0.650) aL=-0.0162 vL=0.0299 t0=[red=0.33 blue=0.67]
[u  742] env= 48627712 rsucc=0.927 n_rounds= 1525 ret=+11.353 len=782.4 ent(t0,t>=1)=(0.289,0.657) aL=-0.0151 vL=0.0290 t0=[red=0.34 blue=0.66]
[u  743] env= 48693248 rsucc=0.931 n_rounds= 1522 ret=+11.100 len=802.5 ent(t0,t>=1)=(0.288,0.649) aL=-0.0159 vL=0.0252 t0=[red=0.28 blue=0.72]
[u  744] env= 48758784 rsucc=0.973 n_rounds= 1685 ret=+10.750 len=824.7 ent(t0,t>=1)=(0.274,0.626) aL=-0.0153 vL=0.0237 t0=[red=0.35 blue=0.65]
[u  745] env= 48824320 rsucc=0.933 n_rounds= 1504 ret=+10.813 len=831.6 ent(t0,t>=1)=(0.308,0.667) aL=-0.0151 vL=0.0261 t0=[red=0.38 blue=0.62]
[u  746] env= 48889856 rsucc=0.939 n_rounds= 1660 ret=+10.779 len=832.1 ent(t0,t>=1)=(0.299,0.643) aL=-0.0151 vL=0.0267 t0=[red=0.33 blue=0.67]
[u  747] env= 48955392 rsucc=0.947 n_rounds= 1598 ret=+10.781 len=827.6 ent(t0,t>=1)=(0.301,0.638) aL=-0.0157 vL=0.0280 t0=[red=0.40 blue=0.60]
[u  748] env= 49020928 rsucc=0.929 n_rounds= 1653 ret=+11.141 len=797.8 ent(t0,t>=1)=(0.307,0.649) aL=-0.0141 vL=0.0283 t0=[red=0.39 blue=0.61]
[u  749] env= 49086464 rsucc=0.957 n_rounds= 1640 ret=+11.180 len=796.1 ent(t0,t>=1)=(0.309,0.634) aL=-0.0155 vL=0.0285 t0=[red=0.37 blue=0.63]
[u  750] env= 49152000 rsucc=0.945 n_rounds= 1643 ret=+10.840 len=805.5 ent(t0,t>=1)=(0.322,0.644) aL=-0.0142 vL=0.0280 t0=[red=0.36 blue=0.64]
[u  751] env= 49217536 rsucc=0.951 n_rounds= 1669 ret=+11.058 len=815.4 ent(t0,t>=1)=(0.293,0.639) aL=-0.0153 vL=0.0297 t0=[red=0.40 blue=0.60]
[u  752] env= 49283072 rsucc=0.945 n_rounds= 1668 ret=+11.023 len=793.6 ent(t0,t>=1)=(0.298,0.628) aL=-0.0140 vL=0.0275 t0=[red=0.32 blue=0.68]
[u  753] env= 49348608 rsucc=0.956 n_rounds= 1620 ret=+10.723 len=819.4 ent(t0,t>=1)=(0.275,0.622) aL=-0.0149 vL=0.0299 t0=[red=0.31 blue=0.69]
[u  754] env= 49414144 rsucc=0.944 n_rounds= 1649 ret=+11.310 len=789.0 ent(t0,t>=1)=(0.290,0.636) aL=-0.0148 vL=0.0289 t0=[red=0.31 blue=0.69]
[u  755] env= 49479680 rsucc=0.920 n_rounds= 1610 ret=+11.461 len=771.7 ent(t0,t>=1)=(0.290,0.643) aL=-0.0116 vL=0.0290 t0=[red=0.31 blue=0.69]
[u  756] env= 49545216 rsucc=0.974 n_rounds= 1655 ret=+11.370 len=780.5 ent(t0,t>=1)=(0.298,0.619) aL=-0.0151 vL=0.0252 t0=[red=0.34 blue=0.66]
[u  757] env= 49610752 rsucc=0.936 n_rounds= 1571 ret=+11.306 len=800.6 ent(t0,t>=1)=(0.309,0.641) aL=-0.0151 vL=0.0282 t0=[red=0.36 blue=0.64]
[u  758] env= 49676288 rsucc=0.931 n_rounds= 1579 ret=+10.716 len=834.9 ent(t0,t>=1)=(0.286,0.635) aL=-0.0138 vL=0.0286 t0=[red=0.35 blue=0.65]
[u  759] env= 49741824 rsucc=0.960 n_rounds= 1592 ret=+10.741 len=825.1 ent(t0,t>=1)=(0.315,0.633) aL=-0.0122 vL=0.0240 t0=[red=0.36 blue=0.64]
[u  760] env= 49807360 rsucc=0.949 n_rounds= 1544 ret=+10.897 len=810.4 ent(t0,t>=1)=(0.328,0.644) aL=-0.0145 vL=0.0264 t0=[red=0.37 blue=0.63]
[u  761] env= 49872896 rsucc=0.948 n_rounds= 1666 ret=+10.418 len=858.5 ent(t0,t>=1)=(0.292,0.633) aL=-0.0141 vL=0.0281 t0=[red=0.34 blue=0.66]
[u  762] env= 49938432 rsucc=0.944 n_rounds= 1649 ret=+11.068 len=807.8 ent(t0,t>=1)=(0.306,0.643) aL=-0.0135 vL=0.0260 t0=[red=0.36 blue=0.64]
[u  763] env= 50003968 rsucc=0.954 n_rounds= 1596 ret=+11.696 len=772.2 ent(t0,t>=1)=(0.321,0.633) aL=-0.0140 vL=0.0293 t0=[red=0.40 blue=0.60]
[u  764] env= 50069504 rsucc=0.924 n_rounds= 1573 ret=+11.171 len=809.5 ent(t0,t>=1)=(0.322,0.644) aL=-0.0140 vL=0.0264 t0=[red=0.40 blue=0.60]
[u  765] env= 50135040 rsucc=0.950 n_rounds= 1679 ret=+10.736 len=815.3 ent(t0,t>=1)=(0.319,0.649) aL=-0.0131 vL=0.0295 t0=[red=0.43 blue=0.57]
[u  766] env= 50200576 rsucc=0.950 n_rounds= 1612 ret=+11.024 len=783.0 ent(t0,t>=1)=(0.281,0.642) aL=-0.0136 vL=0.0274 t0=[red=0.41 blue=0.59]
[u  767] env= 50266112 rsucc=0.946 n_rounds= 1661 ret=+10.979 len=822.0 ent(t0,t>=1)=(0.289,0.621) aL=-0.0131 vL=0.0299 t0=[red=0.39 blue=0.61]
[u  768] env= 50331648 rsucc=0.957 n_rounds= 1684 ret=+11.353 len=776.4 ent(t0,t>=1)=(0.310,0.628) aL=-0.0144 vL=0.0281 t0=[red=0.40 blue=0.60]
[u  769] env= 50397184 rsucc=0.957 n_rounds= 1658 ret=+11.237 len=799.0 ent(t0,t>=1)=(0.293,0.625) aL=-0.0133 vL=0.0270 t0=[red=0.35 blue=0.65]
[u  770] env= 50462720 rsucc=0.962 n_rounds= 1727 ret=+11.320 len=793.3 ent(t0,t>=1)=(0.278,0.624) aL=-0.0133 vL=0.0282 t0=[red=0.28 blue=0.72]
[u  771] env= 50528256 rsucc=0.941 n_rounds= 1656 ret=+11.460 len=786.9 ent(t0,t>=1)=(0.296,0.629) aL=-0.0129 vL=0.0315 t0=[red=0.33 blue=0.67]
[u  772] env= 50593792 rsucc=0.942 n_rounds= 1646 ret=+11.850 len=758.1 ent(t0,t>=1)=(0.307,0.631) aL=-0.0133 vL=0.0261 t0=[red=0.35 blue=0.65]
[u  773] env= 50659328 rsucc=0.944 n_rounds= 1641 ret=+11.281 len=781.7 ent(t0,t>=1)=(0.315,0.644) aL=-0.0135 vL=0.0296 t0=[red=0.36 blue=0.64]
[u  774] env= 50724864 rsucc=0.961 n_rounds= 1769 ret=+11.072 len=793.0 ent(t0,t>=1)=(0.300,0.620) aL=-0.0114 vL=0.0270 t0=[red=0.32 blue=0.68]
[u  775] env= 50790400 rsucc=0.958 n_rounds= 1630 ret=+11.097 len=797.6 ent(t0,t>=1)=(0.285,0.629) aL=-0.0131 vL=0.0277 t0=[red=0.32 blue=0.68]
[u  776] env= 50855936 rsucc=0.960 n_rounds= 1702 ret=+11.901 len=761.2 ent(t0,t>=1)=(0.261,0.617) aL=-0.0130 vL=0.0279 t0=[red=0.28 blue=0.72]
[u  777] env= 50921472 rsucc=0.953 n_rounds= 1538 ret=+11.242 len=806.5 ent(t0,t>=1)=(0.311,0.635) aL=-0.0132 vL=0.0252 t0=[red=0.35 blue=0.65]
[u  778] env= 50987008 rsucc=0.940 n_rounds= 1641 ret=+11.420 len=805.1 ent(t0,t>=1)=(0.303,0.634) aL=-0.0135 vL=0.0266 t0=[red=0.37 blue=0.63]
[u  779] env= 51052544 rsucc=0.956 n_rounds= 1614 ret=+11.047 len=815.8 ent(t0,t>=1)=(0.289,0.626) aL=-0.0132 vL=0.0289 t0=[red=0.35 blue=0.65]
[u  780] env= 51118080 rsucc=0.921 n_rounds= 1553 ret=+11.082 len=802.3 ent(t0,t>=1)=(0.296,0.651) aL=-0.0127 vL=0.0290 t0=[red=0.40 blue=0.60]
[u  781] env= 51183616 rsucc=0.958 n_rounds= 1722 ret=+10.604 len=827.2 ent(t0,t>=1)=(0.268,0.630) aL=-0.0128 vL=0.0306 t0=[red=0.33 blue=0.67]
[u  782] env= 51249152 rsucc=0.948 n_rounds= 1650 ret=+11.182 len=788.0 ent(t0,t>=1)=(0.283,0.610) aL=-0.0124 vL=0.0274 t0=[red=0.33 blue=0.67]
[u  783] env= 51314688 rsucc=0.954 n_rounds= 1587 ret=+10.998 len=792.8 ent(t0,t>=1)=(0.315,0.610) aL=-0.0125 vL=0.0277 t0=[red=0.32 blue=0.68]
[u  784] env= 51380224 rsucc=0.957 n_rounds= 1691 ret=+11.351 len=793.3 ent(t0,t>=1)=(0.299,0.608) aL=-0.0127 vL=0.0268 t0=[red=0.33 blue=0.67]
[u  785] env= 51445760 rsucc=0.959 n_rounds= 1690 ret=+11.210 len=807.4 ent(t0,t>=1)=(0.294,0.620) aL=-0.0129 vL=0.0296 t0=[red=0.32 blue=0.68]
[u  786] env= 51511296 rsucc=0.970 n_rounds= 1771 ret=+11.717 len=771.4 ent(t0,t>=1)=(0.280,0.609) aL=-0.0115 vL=0.0286 t0=[red=0.34 blue=0.66]
[u  787] env= 51576832 rsucc=0.947 n_rounds= 1610 ret=+11.710 len=779.0 ent(t0,t>=1)=(0.313,0.628) aL=-0.0121 vL=0.0285 t0=[red=0.42 blue=0.58]
[u  788] env= 51642368 rsucc=0.924 n_rounds= 1576 ret=+11.382 len=773.7 ent(t0,t>=1)=(0.317,0.640) aL=-0.0120 vL=0.0293 t0=[red=0.39 blue=0.61]
[u  789] env= 51707904 rsucc=0.914 n_rounds= 1516 ret=+10.780 len=804.8 ent(t0,t>=1)=(0.304,0.652) aL=-0.0120 vL=0.0274 t0=[red=0.38 blue=0.62]
[u  790] env= 51773440 rsucc=0.936 n_rounds= 1591 ret=+10.360 len=855.6 ent(t0,t>=1)=(0.293,0.627) aL=-0.0099 vL=0.0271 t0=[red=0.40 blue=0.60]
[u  791] env= 51838976 rsucc=0.933 n_rounds= 1622 ret=+10.891 len=806.5 ent(t0,t>=1)=(0.274,0.621) aL=-0.0114 vL=0.0275 t0=[red=0.31 blue=0.69]
[u  792] env= 51904512 rsucc=0.965 n_rounds= 1690 ret=+11.469 len=776.1 ent(t0,t>=1)=(0.302,0.620) aL=-0.0115 vL=0.0284 t0=[red=0.35 blue=0.65]
[u  793] env= 51970048 rsucc=0.941 n_rounds= 1641 ret=+10.429 len=835.0 ent(t0,t>=1)=(0.315,0.631) aL=-0.0119 vL=0.0284 t0=[red=0.37 blue=0.63]
[u  794] env= 52035584 rsucc=0.954 n_rounds= 1636 ret=+10.863 len=813.6 ent(t0,t>=1)=(0.291,0.610) aL=-0.0113 vL=0.0303 t0=[red=0.35 blue=0.65]
[u  795] env= 52101120 rsucc=0.951 n_rounds= 1683 ret=+11.537 len=780.7 ent(t0,t>=1)=(0.266,0.617) aL=-0.0112 vL=0.0261 t0=[red=0.32 blue=0.68]
[u  796] env= 52166656 rsucc=0.960 n_rounds= 1709 ret=+11.285 len=807.0 ent(t0,t>=1)=(0.295,0.618) aL=-0.0116 vL=0.0275 t0=[red=0.33 blue=0.67]
[u  797] env= 52232192 rsucc=0.964 n_rounds= 1617 ret=+10.999 len=801.0 ent(t0,t>=1)=(0.292,0.610) aL=-0.0115 vL=0.0268 t0=[red=0.36 blue=0.64]
[u  798] env= 52297728 rsucc=0.951 n_rounds= 1592 ret=+11.346 len=784.4 ent(t0,t>=1)=(0.260,0.633) aL=-0.0107 vL=0.0281 t0=[red=0.28 blue=0.72]
[u  799] env= 52363264 rsucc=0.952 n_rounds= 1654 ret=+11.372 len=804.5 ent(t0,t>=1)=(0.289,0.620) aL=-0.0110 vL=0.0282 t0=[red=0.35 blue=0.65]
[u  800] env= 52428800 rsucc=0.944 n_rounds= 1564 ret=+11.139 len=798.0 ent(t0,t>=1)=(0.290,0.644) aL=-0.0112 vL=0.0272 t0=[red=0.32 blue=0.68]
[u  801] env= 52494336 rsucc=0.946 n_rounds= 1606 ret=+11.381 len=794.8 ent(t0,t>=1)=(0.281,0.634) aL=-0.0111 vL=0.0303 t0=[red=0.31 blue=0.69]
[u  802] env= 52559872 rsucc=0.957 n_rounds= 1706 ret=+11.516 len=794.0 ent(t0,t>=1)=(0.289,0.621) aL=-0.0114 vL=0.0290 t0=[red=0.33 blue=0.67]
[u  803] env= 52625408 rsucc=0.954 n_rounds= 1652 ret=+11.196 len=794.6 ent(t0,t>=1)=(0.306,0.621) aL=-0.0085 vL=0.0316 t0=[red=0.35 blue=0.65]
[u  804] env= 52690944 rsucc=0.957 n_rounds= 1703 ret=+11.472 len=791.2 ent(t0,t>=1)=(0.285,0.620) aL=-0.0097 vL=0.0315 t0=[red=0.28 blue=0.72]
[u  805] env= 52756480 rsucc=0.938 n_rounds= 1626 ret=+11.615 len=782.3 ent(t0,t>=1)=(0.278,0.626) aL=-0.0075 vL=0.0254 t0=[red=0.29 blue=0.71]
[u  806] env= 52822016 rsucc=0.963 n_rounds= 1634 ret=+11.416 len=784.6 ent(t0,t>=1)=(0.311,0.626) aL=-0.0108 vL=0.0258 t0=[red=0.38 blue=0.62]
[u  807] env= 52887552 rsucc=0.962 n_rounds= 1665 ret=+10.618 len=836.0 ent(t0,t>=1)=(0.297,0.612) aL=-0.0042 vL=0.0276 t0=[red=0.30 blue=0.70]
[u  808] env= 52953088 rsucc=0.962 n_rounds= 1745 ret=+11.167 len=799.6 ent(t0,t>=1)=(0.294,0.610) aL=-0.0097 vL=0.0304 t0=[red=0.28 blue=0.72]
[u  809] env= 53018624 rsucc=0.961 n_rounds= 1684 ret=+11.834 len=754.6 ent(t0,t>=1)=(0.298,0.626) aL=-0.0102 vL=0.0289 t0=[red=0.31 blue=0.69]
[u  810] env= 53084160 rsucc=0.937 n_rounds= 1594 ret=+11.554 len=781.5 ent(t0,t>=1)=(0.266,0.631) aL=-0.0092 vL=0.0297 t0=[red=0.31 blue=0.69]
[u  811] env= 53149696 rsucc=0.946 n_rounds= 1595 ret=+11.330 len=778.2 ent(t0,t>=1)=(0.260,0.631) aL=-0.0098 vL=0.0289 t0=[red=0.28 blue=0.72]
[u  812] env= 53215232 rsucc=0.948 n_rounds= 1669 ret=+11.886 len=771.6 ent(t0,t>=1)=(0.310,0.619) aL=-0.0098 vL=0.0295 t0=[red=0.33 blue=0.67]
[u  813] env= 53280768 rsucc=0.959 n_rounds= 1670 ret=+11.012 len=826.8 ent(t0,t>=1)=(0.268,0.624) aL=-0.0100 vL=0.0259 t0=[red=0.31 blue=0.69]
[u  814] env= 53346304 rsucc=0.943 n_rounds= 1625 ret=+11.105 len=783.6 ent(t0,t>=1)=(0.282,0.634) aL=-0.0098 vL=0.0279 t0=[red=0.31 blue=0.69]
[u  815] env= 53411840 rsucc=0.934 n_rounds= 1562 ret=+11.038 len=815.1 ent(t0,t>=1)=(0.274,0.627) aL=-0.0101 vL=0.0265 t0=[red=0.29 blue=0.71]
[u  816] env= 53477376 rsucc=0.931 n_rounds= 1526 ret=+11.051 len=791.2 ent(t0,t>=1)=(0.282,0.632) aL=-0.0094 vL=0.0296 t0=[red=0.31 blue=0.69]
[u  817] env= 53542912 rsucc=0.940 n_rounds= 1621 ret=+9.927 len=861.8 ent(t0,t>=1)=(0.268,0.626) aL=-0.0092 vL=0.0310 t0=[red=0.28 blue=0.72]
[u  818] env= 53608448 rsucc=0.954 n_rounds= 1729 ret=+10.928 len=811.5 ent(t0,t>=1)=(0.287,0.602) aL=-0.0100 vL=0.0266 t0=[red=0.32 blue=0.68]
[u  819] env= 53673984 rsucc=0.950 n_rounds= 1665 ret=+11.353 len=796.3 ent(t0,t>=1)=(0.294,0.618) aL=-0.0093 vL=0.0293 t0=[red=0.30 blue=0.70]
[u  820] env= 53739520 rsucc=0.972 n_rounds= 1693 ret=+11.461 len=785.2 ent(t0,t>=1)=(0.283,0.615) aL=-0.0093 vL=0.0261 t0=[red=0.31 blue=0.69]
[u  821] env= 53805056 rsucc=0.960 n_rounds= 1694 ret=+11.388 len=787.5 ent(t0,t>=1)=(0.287,0.609) aL=-0.0090 vL=0.0309 t0=[red=0.32 blue=0.68]
[u  822] env= 53870592 rsucc=0.945 n_rounds= 1619 ret=+11.373 len=793.2 ent(t0,t>=1)=(0.278,0.613) aL=-0.0089 vL=0.0332 t0=[red=0.29 blue=0.71]
[u  823] env= 53936128 rsucc=0.961 n_rounds= 1661 ret=+11.821 len=763.5 ent(t0,t>=1)=(0.314,0.618) aL=-0.0054 vL=0.0269 t0=[red=0.34 blue=0.66]
[u  824] env= 54001664 rsucc=0.931 n_rounds= 1576 ret=+11.440 len=785.3 ent(t0,t>=1)=(0.278,0.627) aL=-0.0078 vL=0.0291 t0=[red=0.28 blue=0.72]
[u  825] env= 54067200 rsucc=0.968 n_rounds= 1672 ret=+11.079 len=810.1 ent(t0,t>=1)=(0.260,0.600) aL=-0.0084 vL=0.0272 t0=[red=0.35 blue=0.65]
[u  826] env= 54132736 rsucc=0.936 n_rounds= 1564 ret=+11.212 len=805.4 ent(t0,t>=1)=(0.274,0.654) aL=-0.0079 vL=0.0301 t0=[red=0.35 blue=0.65]
[u  827] env= 54198272 rsucc=0.932 n_rounds= 1557 ret=+11.496 len=775.8 ent(t0,t>=1)=(0.277,0.646) aL=-0.0080 vL=0.0296 t0=[red=0.33 blue=0.67]
[u  828] env= 54263808 rsucc=0.930 n_rounds= 1558 ret=+10.583 len=841.7 ent(t0,t>=1)=(0.269,0.628) aL=-0.0077 vL=0.0262 t0=[red=0.31 blue=0.69]
[u  829] env= 54329344 rsucc=0.961 n_rounds= 1667 ret=+10.022 len=848.0 ent(t0,t>=1)=(0.268,0.626) aL=-0.0076 vL=0.0296 t0=[red=0.31 blue=0.69]
[u  830] env= 54394880 rsucc=0.932 n_rounds= 1583 ret=+11.058 len=810.6 ent(t0,t>=1)=(0.270,0.642) aL=-0.0080 vL=0.0276 t0=[red=0.26 blue=0.74]
[u  831] env= 54460416 rsucc=0.931 n_rounds= 1613 ret=+11.010 len=814.5 ent(t0,t>=1)=(0.266,0.642) aL=-0.0081 vL=0.0291 t0=[red=0.29 blue=0.71]
[u  832] env= 54525952 rsucc=0.952 n_rounds= 1660 ret=+10.196 len=849.6 ent(t0,t>=1)=(0.265,0.624) aL=-0.0080 vL=0.0295 t0=[red=0.28 blue=0.72]
[u  833] env= 54591488 rsucc=0.974 n_rounds= 1755 ret=+11.238 len=787.0 ent(t0,t>=1)=(0.290,0.607) aL=-0.0080 vL=0.0287 t0=[red=0.28 blue=0.72]
[u  834] env= 54657024 rsucc=0.966 n_rounds= 1668 ret=+11.702 len=787.1 ent(t0,t>=1)=(0.286,0.615) aL=-0.0072 vL=0.0295 t0=[red=0.28 blue=0.72]
[u  835] env= 54722560 rsucc=0.932 n_rounds= 1642 ret=+12.006 len=755.1 ent(t0,t>=1)=(0.276,0.635) aL=-0.0073 vL=0.0335 t0=[red=0.28 blue=0.72]
[u  836] env= 54788096 rsucc=0.956 n_rounds= 1675 ret=+11.338 len=786.5 ent(t0,t>=1)=(0.281,0.619) aL=-0.0069 vL=0.0311 t0=[red=0.28 blue=0.72]
[u  837] env= 54853632 rsucc=0.940 n_rounds= 1693 ret=+11.173 len=790.0 ent(t0,t>=1)=(0.252,0.618) aL=-0.0074 vL=0.0340 t0=[red=0.25 blue=0.75]
[u  838] env= 54919168 rsucc=0.930 n_rounds= 1623 ret=+10.820 len=796.6 ent(t0,t>=1)=(0.269,0.633) aL=-0.0070 vL=0.0321 t0=[red=0.28 blue=0.72]
[u  839] env= 54984704 rsucc=0.949 n_rounds= 1695 ret=+11.774 len=747.3 ent(t0,t>=1)=(0.254,0.627) aL=-0.0067 vL=0.0292 t0=[red=0.27 blue=0.73]
[u  840] env= 55050240 rsucc=0.947 n_rounds= 1634 ret=+10.762 len=803.0 ent(t0,t>=1)=(0.277,0.632) aL=-0.0075 vL=0.0306 t0=[red=0.31 blue=0.69]
[u  841] env= 55115776 rsucc=0.905 n_rounds= 1502 ret=+11.009 len=815.4 ent(t0,t>=1)=(0.290,0.644) aL=-0.0064 vL=0.0351 t0=[red=0.29 blue=0.71]
[u  842] env= 55181312 rsucc=0.971 n_rounds= 1679 ret=+11.407 len=770.6 ent(t0,t>=1)=(0.261,0.614) aL=-0.0068 vL=0.0258 t0=[red=0.25 blue=0.75]
[u  843] env= 55246848 rsucc=0.966 n_rounds= 1630 ret=+11.161 len=793.3 ent(t0,t>=1)=(0.275,0.613) aL=-0.0068 vL=0.0279 t0=[red=0.29 blue=0.71]
[u  844] env= 55312384 rsucc=0.948 n_rounds= 1681 ret=+10.732 len=838.4 ent(t0,t>=1)=(0.292,0.623) aL=-0.0060 vL=0.0318 t0=[red=0.35 blue=0.65]
[u  845] env= 55377920 rsucc=0.956 n_rounds= 1626 ret=+11.902 len=780.6 ent(t0,t>=1)=(0.296,0.641) aL=-0.0061 vL=0.0279 t0=[red=0.37 blue=0.63]
[u  846] env= 55443456 rsucc=0.954 n_rounds= 1665 ret=+11.909 len=749.2 ent(t0,t>=1)=(0.260,0.624) aL=-0.0059 vL=0.0288 t0=[red=0.28 blue=0.72]
[u  847] env= 55508992 rsucc=0.969 n_rounds= 1767 ret=+10.660 len=835.4 ent(t0,t>=1)=(0.264,0.613) aL=-0.0062 vL=0.0306 t0=[red=0.24 blue=0.76]
[u  848] env= 55574528 rsucc=0.971 n_rounds= 1684 ret=+11.189 len=794.0 ent(t0,t>=1)=(0.296,0.606) aL=-0.0061 vL=0.0271 t0=[red=0.28 blue=0.72]
[u  849] env= 55640064 rsucc=0.935 n_rounds= 1574 ret=+11.813 len=772.7 ent(t0,t>=1)=(0.296,0.653) aL=-0.0049 vL=0.0302 t0=[red=0.34 blue=0.66]
[u  850] env= 55705600 rsucc=0.940 n_rounds= 1577 ret=+12.324 len=740.2 ent(t0,t>=1)=(0.298,0.626) aL=-0.0055 vL=0.0306 t0=[red=0.32 blue=0.68]
[u  851] env= 55771136 rsucc=0.940 n_rounds= 1587 ret=+11.502 len=793.8 ent(t0,t>=1)=(0.299,0.623) aL=-0.0052 vL=0.0279 t0=[red=0.30 blue=0.70]
[u  852] env= 55836672 rsucc=0.939 n_rounds= 1589 ret=+10.651 len=836.5 ent(t0,t>=1)=(0.284,0.647) aL=-0.0045 vL=0.0296 t0=[red=0.30 blue=0.70]
[u  853] env= 55902208 rsucc=0.937 n_rounds= 1566 ret=+9.781 len=864.4 ent(t0,t>=1)=(0.324,0.638) aL=-0.0050 vL=0.0284 t0=[red=0.34 blue=0.66]
[u  854] env= 55967744 rsucc=0.934 n_rounds= 1584 ret=+10.259 len=844.5 ent(t0,t>=1)=(0.283,0.637) aL=-0.0054 vL=0.0292 t0=[red=0.33 blue=0.67]
[u  855] env= 56033280 rsucc=0.960 n_rounds= 1685 ret=+10.391 len=846.8 ent(t0,t>=1)=(0.266,0.620) aL=-0.0041 vL=0.0308 t0=[red=0.25 blue=0.75]
[u  856] env= 56098816 rsucc=0.970 n_rounds= 1769 ret=+11.529 len=787.7 ent(t0,t>=1)=(0.267,0.607) aL=-0.0050 vL=0.0278 t0=[red=0.30 blue=0.70]
[u  857] env= 56164352 rsucc=0.945 n_rounds= 1614 ret=+11.818 len=755.5 ent(t0,t>=1)=(0.266,0.642) aL=-0.0022 vL=0.0293 t0=[red=0.27 blue=0.73]
[u  858] env= 56229888 rsucc=0.960 n_rounds= 1694 ret=+11.488 len=786.4 ent(t0,t>=1)=(0.278,0.623) aL=-0.0040 vL=0.0279 t0=[red=0.29 blue=0.71]
[u  859] env= 56295424 rsucc=0.941 n_rounds= 1552 ret=+11.550 len=786.0 ent(t0,t>=1)=(0.270,0.656) aL=-0.0044 vL=0.0306 t0=[red=0.26 blue=0.74]
[u  860] env= 56360960 rsucc=0.937 n_rounds= 1637 ret=+11.090 len=791.1 ent(t0,t>=1)=(0.232,0.624) aL=-0.0039 vL=0.0312 t0=[red=0.27 blue=0.73]
[u  861] env= 56426496 rsucc=0.950 n_rounds= 1647 ret=+11.069 len=803.3 ent(t0,t>=1)=(0.264,0.634) aL=-0.0041 vL=0.0297 t0=[red=0.25 blue=0.75]
[u  862] env= 56492032 rsucc=0.953 n_rounds= 1724 ret=+11.024 len=809.5 ent(t0,t>=1)=(0.263,0.616) aL=-0.0038 vL=0.0296 t0=[red=0.26 blue=0.74]
[u  863] env= 56557568 rsucc=0.940 n_rounds= 1623 ret=+11.741 len=762.3 ent(t0,t>=1)=(0.281,0.633) aL=-0.0042 vL=0.0312 t0=[red=0.28 blue=0.72]
[u  864] env= 56623104 rsucc=0.950 n_rounds= 1684 ret=+11.120 len=804.9 ent(t0,t>=1)=(0.268,0.631) aL=-0.0038 vL=0.0313 t0=[red=0.31 blue=0.69]
[u  865] env= 56688640 rsucc=0.927 n_rounds= 1606 ret=+10.774 len=802.8 ent(t0,t>=1)=(0.297,0.657) aL=-0.0039 vL=0.0310 t0=[red=0.30 blue=0.70]
[u  866] env= 56754176 rsucc=0.943 n_rounds= 1574 ret=+10.871 len=801.2 ent(t0,t>=1)=(0.303,0.638) aL=-0.0036 vL=0.0291 t0=[red=0.36 blue=0.64]
[u  867] env= 56819712 rsucc=0.950 n_rounds= 1656 ret=+10.560 len=831.0 ent(t0,t>=1)=(0.297,0.615) aL=-0.0029 vL=0.0327 t0=[red=0.27 blue=0.73]
[u  868] env= 56885248 rsucc=0.951 n_rounds= 1627 ret=+10.983 len=815.2 ent(t0,t>=1)=(0.303,0.623) aL=-0.0034 vL=0.0282 t0=[red=0.31 blue=0.69]
[u  869] env= 56950784 rsucc=0.960 n_rounds= 1593 ret=+11.235 len=804.4 ent(t0,t>=1)=(0.287,0.625) aL=-0.0034 vL=0.0285 t0=[red=0.32 blue=0.68]
[u  870] env= 57016320 rsucc=0.942 n_rounds= 1571 ret=+11.491 len=788.2 ent(t0,t>=1)=(0.262,0.639) aL=-0.0020 vL=0.0335 t0=[red=0.26 blue=0.74]
[u  871] env= 57081856 rsucc=0.919 n_rounds= 1590 ret=+11.457 len=800.8 ent(t0,t>=1)=(0.277,0.651) aL=-0.0028 vL=0.0321 t0=[red=0.33 blue=0.67]
[u  872] env= 57147392 rsucc=0.961 n_rounds= 1753 ret=+11.015 len=797.1 ent(t0,t>=1)=(0.265,0.621) aL=-0.0030 vL=0.0285 t0=[red=0.29 blue=0.71]
[u  873] env= 57212928 rsucc=0.942 n_rounds= 1597 ret=+10.569 len=821.5 ent(t0,t>=1)=(0.277,0.631) aL=-0.0028 vL=0.0278 t0=[red=0.30 blue=0.70]
[u  874] env= 57278464 rsucc=0.955 n_rounds= 1714 ret=+11.026 len=801.9 ent(t0,t>=1)=(0.299,0.617) aL=-0.0019 vL=0.0296 t0=[red=0.31 blue=0.69]
[u  875] env= 57344000 rsucc=0.976 n_rounds= 1674 ret=+11.880 len=765.5 ent(t0,t>=1)=(0.278,0.626) aL=-0.0027 vL=0.0282 t0=[red=0.33 blue=0.67]
[u  876] env= 57409536 rsucc=0.929 n_rounds= 1538 ret=+11.410 len=792.4 ent(t0,t>=1)=(0.286,0.644) aL=-0.0025 vL=0.0309 t0=[red=0.32 blue=0.68]
[u  877] env= 57475072 rsucc=0.941 n_rounds= 1684 ret=+10.871 len=815.0 ent(t0,t>=1)=(0.279,0.636) aL=-0.0026 vL=0.0281 t0=[red=0.29 blue=0.71]
[u  878] env= 57540608 rsucc=0.942 n_rounds= 1617 ret=+11.514 len=771.8 ent(t0,t>=1)=(0.292,0.648) aL=-0.0018 vL=0.0357 t0=[red=0.33 blue=0.67]
[u  879] env= 57606144 rsucc=0.940 n_rounds= 1594 ret=+11.259 len=805.1 ent(t0,t>=1)=(0.290,0.639) aL=-0.0025 vL=0.0303 t0=[red=0.31 blue=0.69]
[u  880] env= 57671680 rsucc=0.935 n_rounds= 1652 ret=+10.068 len=854.0 ent(t0,t>=1)=(0.294,0.637) aL=-0.0020 vL=0.0303 t0=[red=0.27 blue=0.73]
[u  881] env= 57737216 rsucc=0.948 n_rounds= 1650 ret=+10.560 len=806.2 ent(t0,t>=1)=(0.277,0.649) aL=-0.0020 vL=0.0293 t0=[red=0.29 blue=0.71]
[u  882] env= 57802752 rsucc=0.955 n_rounds= 1642 ret=+11.224 len=795.6 ent(t0,t>=1)=(0.288,0.618) aL=-0.0018 vL=0.0278 t0=[red=0.31 blue=0.69]
[u  883] env= 57868288 rsucc=0.974 n_rounds= 1809 ret=+11.469 len=787.8 ent(t0,t>=1)=(0.269,0.612) aL=-0.0021 vL=0.0276 t0=[red=0.32 blue=0.68]
[u  884] env= 57933824 rsucc=0.966 n_rounds= 1695 ret=+12.171 len=741.3 ent(t0,t>=1)=(0.288,0.624) aL=+0.0080 vL=0.0257 t0=[red=0.29 blue=0.71]
[u  885] env= 57999360 rsucc=0.948 n_rounds= 1623 ret=+11.663 len=775.9 ent(t0,t>=1)=(0.269,0.626) aL=-0.0014 vL=0.0322 t0=[red=0.29 blue=0.71]
[u  886] env= 58064896 rsucc=0.933 n_rounds= 1604 ret=+11.281 len=796.1 ent(t0,t>=1)=(0.293,0.637) aL=-0.0011 vL=0.0343 t0=[red=0.31 blue=0.69]
[u  887] env= 58130432 rsucc=0.949 n_rounds= 1719 ret=+11.406 len=766.8 ent(t0,t>=1)=(0.252,0.633) aL=-0.0013 vL=0.0287 t0=[red=0.25 blue=0.75]
[u  888] env= 58195968 rsucc=0.964 n_rounds= 1704 ret=+11.306 len=783.6 ent(t0,t>=1)=(0.281,0.624) aL=-0.0017 vL=0.0308 t0=[red=0.27 blue=0.73]
[u  889] env= 58261504 rsucc=0.950 n_rounds= 1638 ret=+11.144 len=808.7 ent(t0,t>=1)=(0.297,0.634) aL=-0.0010 vL=0.0275 t0=[red=0.34 blue=0.66]
[u  890] env= 58327040 rsucc=0.950 n_rounds= 1687 ret=+12.085 len=744.2 ent(t0,t>=1)=(0.265,0.619) aL=-0.0011 vL=0.0326 t0=[red=0.28 blue=0.72]
[u  891] env= 58392576 rsucc=0.944 n_rounds= 1634 ret=+11.097 len=802.0 ent(t0,t>=1)=(0.260,0.644) aL=-0.0007 vL=0.0293 t0=[red=0.30 blue=0.70]
[u  892] env= 58458112 rsucc=0.936 n_rounds= 1522 ret=+10.464 len=833.2 ent(t0,t>=1)=(0.307,0.647) aL=-0.0010 vL=0.0299 t0=[red=0.32 blue=0.68]
[u  893] env= 58523648 rsucc=0.950 n_rounds= 1672 ret=+10.859 len=810.2 ent(t0,t>=1)=(0.295,0.627) aL=-0.0007 vL=0.0320 t0=[red=0.29 blue=0.71]
[u  894] env= 58589184 rsucc=0.946 n_rounds= 1684 ret=+11.451 len=791.2 ent(t0,t>=1)=(0.271,0.621) aL=-0.0007 vL=0.0262 t0=[red=0.28 blue=0.72]
[u  895] env= 58654720 rsucc=0.956 n_rounds= 1579 ret=+11.611 len=785.9 ent(t0,t>=1)=(0.276,0.647) aL=-0.0012 vL=0.0296 t0=[red=0.30 blue=0.70]
[u  896] env= 58720256 rsucc=0.949 n_rounds= 1676 ret=+11.055 len=805.6 ent(t0,t>=1)=(0.300,0.623) aL=-0.0007 vL=0.0257 t0=[red=0.31 blue=0.69]
[u  897] env= 58785792 rsucc=0.960 n_rounds= 1638 ret=+10.731 len=826.2 ent(t0,t>=1)=(0.300,0.628) aL=-0.0004 vL=0.0279 t0=[red=0.33 blue=0.67]
[u  898] env= 58851328 rsucc=0.941 n_rounds= 1564 ret=+11.483 len=787.6 ent(t0,t>=1)=(0.299,0.628) aL=+0.0001 vL=0.0304 t0=[red=0.30 blue=0.70]
[u  899] env= 58916864 rsucc=0.955 n_rounds= 1678 ret=+10.750 len=828.5 ent(t0,t>=1)=(0.276,0.616) aL=-0.0003 vL=0.0279 t0=[red=0.31 blue=0.69]
[u  900] env= 58982400 rsucc=0.963 n_rounds= 1688 ret=+11.492 len=791.9 ent(t0,t>=1)=(0.284,0.641) aL=-0.0005 vL=0.0279 t0=[red=0.29 blue=0.71]
[u  901] env= 59047936 rsucc=0.945 n_rounds= 1596 ret=+11.622 len=769.1 ent(t0,t>=1)=(0.253,0.648) aL=-0.0003 vL=0.0318 t0=[red=0.29 blue=0.71]
[u  902] env= 59113472 rsucc=0.936 n_rounds= 1621 ret=+11.389 len=790.3 ent(t0,t>=1)=(0.277,0.637) aL=-0.0004 vL=0.0336 t0=[red=0.28 blue=0.72]
[u  903] env= 59179008 rsucc=0.934 n_rounds= 1667 ret=+10.585 len=829.0 ent(t0,t>=1)=(0.277,0.635) aL=-0.0005 vL=0.0308 t0=[red=0.30 blue=0.70]
[u  904] env= 59244544 rsucc=0.956 n_rounds= 1584 ret=+10.906 len=798.1 ent(t0,t>=1)=(0.294,0.625) aL=-0.0004 vL=0.0287 t0=[red=0.30 blue=0.70]
[u  905] env= 59310080 rsucc=0.972 n_rounds= 1608 ret=+11.311 len=791.4 ent(t0,t>=1)=(0.293,0.635) aL=+0.0071 vL=0.0270 t0=[red=0.31 blue=0.69]
[u  906] env= 59375616 rsucc=0.943 n_rounds= 1716 ret=+11.380 len=798.9 ent(t0,t>=1)=(0.260,0.634) aL=-0.0003 vL=0.0304 t0=[red=0.29 blue=0.71]
[u  907] env= 59441152 rsucc=0.946 n_rounds= 1626 ret=+11.482 len=796.3 ent(t0,t>=1)=(0.268,0.628) aL=+0.0007 vL=0.0320 t0=[red=0.25 blue=0.75]
[u  908] env= 59506688 rsucc=0.949 n_rounds= 1672 ret=+11.058 len=807.2 ent(t0,t>=1)=(0.292,0.642) aL=+0.0007 vL=0.0315 t0=[red=0.28 blue=0.72]
[u  909] env= 59572224 rsucc=0.967 n_rounds= 1775 ret=+10.758 len=809.9 ent(t0,t>=1)=(0.276,0.638) aL=-0.0003 vL=0.0313 t0=[red=0.27 blue=0.73]
[u  910] env= 59637760 rsucc=0.959 n_rounds= 1743 ret=+12.051 len=746.3 ent(t0,t>=1)=(0.283,0.633) aL=+0.0001 vL=0.0323 t0=[red=0.29 blue=0.71]
[u  911] env= 59703296 rsucc=0.947 n_rounds= 1638 ret=+11.900 len=747.3 ent(t0,t>=1)=(0.289,0.639) aL=+0.0000 vL=0.0298 t0=[red=0.33 blue=0.67]
[u  912] env= 59768832 rsucc=0.934 n_rounds= 1603 ret=+11.186 len=788.4 ent(t0,t>=1)=(0.270,0.645) aL=-0.0005 vL=0.0295 t0=[red=0.31 blue=0.69]
[u  913] env= 59834368 rsucc=0.975 n_rounds= 1666 ret=+11.824 len=763.8 ent(t0,t>=1)=(0.269,0.615) aL=-0.0008 vL=0.0250 t0=[red=0.29 blue=0.71]
[u  914] env= 59899904 rsucc=0.961 n_rounds= 1699 ret=+11.068 len=810.0 ent(t0,t>=1)=(0.310,0.609) aL=-0.0001 vL=0.0308 t0=[red=0.33 blue=0.67]
[u  915] env= 59965440 rsucc=0.969 n_rounds= 1662 ret=+11.506 len=798.4 ent(t0,t>=1)=(0.286,0.618) aL=-0.0006 vL=0.0272 t0=[red=0.30 blue=0.70]
[main] training done in 5775.3s
        round_success_rate: [+0.4024, +0.3359, +0.3709, +0.3698, +0.3909, +0.3299, +0.3365, +0.3544, +0.3561, +0.4566, +0.3923, +0.4882, +0.5569, +0.6201, +0.6695, +0.6919, +0.7137, +0.7541, +0.7931, +0.8272, +0.8022, +0.8023, +0.8046, +0.7982, +0.8015, +0.8360, +0.8765, +0.7935, +0.8634, +0.8243, +0.8348, +0.8405, +0.8546, +0.8812, +0.8387, +0.8557, +0.8822, +0.8262, +0.8234, +0.8563, +0.8968, +0.8575, +0.8264, +0.8435, +0.8497, +0.8255, +0.8236, +0.8077, +0.8239, +0.7982, +0.8490, +0.8272, +0.8370, +0.8730, +0.8415, +0.8629, +0.8468, +0.8621, +0.8816, +0.8629, +0.8859, +0.8221, +0.8537, +0.8525, +0.8553, +0.8909, +0.8649, +0.9043, +0.8913, +0.8720, +0.8153, +0.8540, +0.8956, +0.8691, +0.8880, +0.8754, +0.8655, +0.8820, +0.8909, +0.8801, +0.8808, +0.8249, +0.8297, +0.8615, +0.8889, +0.8940, +0.9032, +0.8843, +0.8721, +0.8434, +0.8304, +0.9087, +0.8654, +0.9066, +0.8868, +0.8865, +0.8861, +0.8532, +0.8889, +0.8734, +0.8565, +0.8449, +0.8917, +0.9308, +0.9049, +0.8717, +0.8600, +0.8911, +0.9368, +0.9235, +0.9230, +0.8974, +0.8732, +0.8670, +0.8768, +0.8473, +0.8458, +0.8856, +0.8973, +0.8912, +0.8499, +0.8951, +0.8890, +0.8952, +0.9053, +0.8920, +0.9253, +0.8672, +0.8379, +0.9147, +0.8309, +0.8472, +0.8973, +0.9074, +0.8804, +0.9003, +0.9027, +0.9069, +0.9191, +0.8902, +0.8744, +0.9105, +0.8897, +0.9255, +0.8441, +0.8525, +0.8715, +0.8982, +0.8608, +0.9023, +0.8920, +0.8525, +0.9272, +0.9190, +0.8667, +0.8700, +0.8485, +0.8118, +0.8742, +0.9405, +0.8921, +0.8648, +0.8682, +0.8706, +0.8708, +0.9407, +0.8659, +0.8729, +0.9094, +0.8893, +0.9051, +0.8853, +0.8695, +0.9127, +0.8797, +0.8448, +0.8823, +0.9089, +0.8794, +0.8421, +0.8859, +0.8952, +0.8862, +0.8701, +0.9021, +0.9329, +0.9071, +0.9219, +0.9005, +0.8742, +0.8784, +0.8872, +0.8893, +0.9013, +0.9061, +0.9041, +0.9258, +0.9215, +0.9286, +0.8708, +0.8557, +0.8992, +0.8855, +0.8655, +0.9094, +0.9133, +0.9103, +0.9090, +0.8995, +0.9305, +0.9073, +0.9156, +0.9355, +0.9037, +0.9082, +0.8938, +0.9166, +0.9182, +0.9268, +0.8997, +0.8625, +0.8615, +0.9014, +0.9151, +0.9162, +0.8794, +0.8849, +0.9259, +0.9170, +0.9037, +0.8961, +0.9212, +0.9193, +0.9019, +0.9213, +0.9200, +0.8569, +0.8708, +0.8604, +0.9180, +0.9526, +0.9093, +0.8778, +0.8525, +0.9065, +0.8809, +0.9238, +0.8987, +0.9181, +0.9162, +0.9104, +0.8838, +0.9022, +0.9059, +0.8980, +0.8887, +0.9050, +0.9325, +0.8738, +0.9208, +0.8939, +0.8944, +0.9260, +0.9209, +0.9113, +0.9088, +0.9068, +0.9143, +0.9176, +0.9231, +0.9030, +0.9190, +0.8948, +0.8898, +0.8801, +0.9057, +0.8935, +0.8890, +0.8940, +0.9150, +0.9001, +0.8683, +0.9095, +0.8922, +0.9172, +0.9123, +0.9038, +0.9146, +0.8959, +0.8999, +0.8956, +0.8954, +0.9072, +0.9342, +0.9248, +0.9245, +0.9031, +0.9119, +0.9079, +0.9432, +0.8842, +0.8877, +0.9096, +0.9478, +0.9127, +0.8780, +0.9073, +0.9302, +0.9404, +0.9077, +0.9069, +0.9339, +0.9230, +0.9150, +0.8960, +0.9092, +0.8835, +0.9360, +0.8997, +0.9495, +0.8956, +0.9106, +0.9074, +0.9278, +0.9324, +0.9423, +0.9304, +0.8944, +0.8946, +0.9465, +0.9279, +0.9250, +0.8777, +0.8909, +0.9162, +0.8984, +0.8994, +0.9222, +0.9119, +0.9311, +0.8862, +0.9109, +0.9145, +0.9136, +0.9211, +0.9037, +0.9221, +0.9259, +0.9105, +0.9361, +0.9422, +0.9339, +0.9408, +0.9022, +0.9180, +0.9259, +0.9358, +0.9401, +0.9404, +0.9456, +0.9057, +0.9074, +0.8990, +0.8677, +0.8937, +0.9210, +0.9627, +0.9231, +0.9239, +0.9348, +0.9323, +0.9167, +0.9260, +0.9283, +0.9486, +0.9370, +0.9213, +0.8840, +0.9079, +0.9380, +0.9560, +0.9205, +0.8938, +0.9044, +0.9569, +0.9381, +0.8878, +0.9216, +0.9380, +0.9111, +0.9194, +0.9546, +0.9263, +0.9368, +0.9342, +0.9381, +0.9263, +0.9398, +0.9040, +0.8977, +0.9391, +0.9464, +0.9375, +0.9295, +0.9335, +0.9198, +0.9063, +0.9362, +0.9294, +0.9450, +0.9361, +0.8994, +0.9219, +0.9200, +0.9054, +0.9230, +0.9269, +0.9505, +0.9247, +0.9113, +0.9213, +0.9293, +0.9314, +0.9303, +0.9525, +0.9011, +0.9238, +0.9367, +0.9579, +0.9454, +0.9209, +0.9184, +0.9120, +0.9293, +0.8986, +0.8778, +0.8680, +0.9448, +0.9494, +0.9523, +0.9619, +0.9743, +0.9502, +0.9456, +0.9543, +0.9362, +0.9500, +0.9300, +0.8980, +0.9321, +0.9039, +0.9267, +0.9124, +0.9586, +0.9250, +0.8306, +0.8931, +0.9284, +0.9407, +0.8855, +0.9401, +0.9348, +0.9224, +0.9326, +0.9511, +0.9471, +0.9456, +0.9496, +0.9250, +0.9375, +0.8942, +0.9146, +0.9220, +0.9328, +0.9210, +0.9353, +0.9400, +0.9442, +0.9330, +0.9353, +0.9078, +0.9438, +0.9561, +0.9361, +0.9149, +0.9241, +0.9130, +0.9370, +0.9087, +0.9069, +0.8891, +0.9440, +0.9106, +0.9450, +0.9478, +0.9201, +0.9368, +0.9190, +0.9143, +0.9326, +0.9140, +0.9231, +0.9299, +0.9300, +0.9287, +0.9264, +0.9160, +0.9429, +0.8890, +0.9517, +0.9388, +0.9425, +0.9399, +0.9050, +0.9311, +0.9562, +0.9539, +0.9309, +0.9548, +0.8963, +0.9370, +0.9325, +0.9400, +0.9220, +0.9057, +0.9211, +0.9024, +0.9460, +0.9477, +0.9627, +0.9538, +0.9127, +0.9379, +0.9536, +0.9427, +0.9241, +0.9335, +0.9472, +0.9299, +0.9210, +0.9057, +0.9294, +0.9353, +0.9430, +0.9464, +0.9640, +0.9627, +0.9524, +0.9180, +0.9274, +0.9621, +0.9374, +0.9253, +0.9368, +0.9335, +0.9386, +0.9367, +0.9420, +0.9401, +0.9532, +0.9547, +0.9574, +0.9340, +0.9292, +0.9398, +0.9543, +0.9478, +0.9366, +0.9455, +0.9206, +0.9291, +0.9312, +0.9097, +0.9374, +0.9527, +0.9342, +0.9449, +0.9240, +0.8898, +0.9184, +0.9456, +0.9313, +0.9285, +0.9455, +0.9271, +0.9402, +0.9208, +0.9485, +0.9442, +0.9369, +0.9446, +0.9091, +0.9597, +0.9513, +0.9698, +0.9309, +0.9340, +0.9358, +0.9335, +0.9426, +0.9114, +0.9299, +0.9266, +0.9289, +0.9402, +0.9528, +0.9451, +0.9445, +0.9596, +0.9508, +0.9489, +0.9566, +0.9227, +0.9168, +0.9446, +0.9127, +0.9104, +0.9407, +0.9249, +0.9367, +0.9386, +0.9436, +0.9125, +0.9281, +0.9305, +0.9432, +0.9382, +0.9024, +0.9525, +0.9260, +0.9340, +0.9453, +0.9509, +0.9481, +0.9578, +0.9556, +0.9516, +0.9393, +0.9466, +0.9721, +0.9195, +0.9316, +0.9122, +0.9412, +0.9548, +0.9575, +0.9637, +0.9572, +0.9648, +0.9520, +0.9363, +0.9295, +0.9487, +0.9317, +0.9198, +0.9234, +0.9285, +0.9483, +0.9543, +0.9284, +0.9400, +0.9303, +0.9362, +0.9462, +0.9480, +0.9427, +0.9477, +0.9368, +0.9380, +0.9435, +0.9292, +0.9451, +0.9345, +0.9343, +0.9443, +0.8942, +0.9394, +0.9236, +0.9416, +0.9603, +0.9381, +0.9694, +0.9567, +0.9539, +0.9401, +0.9315, +0.9720, +0.9316, +0.9486, +0.9740, +0.9648, +0.9638, +0.9297, +0.9640, +0.9515, +0.9473, +0.9315, +0.9225, +0.9587, +0.9543, +0.9375, +0.9266, +0.9615, +0.9471, +0.9267, +0.9603, +0.9480, +0.9492, +0.9389, +0.9601, +0.9366, +0.9419, +0.9437, +0.9668, +0.9630, +0.9508, +0.9368, +0.9638, +0.9549, +0.9626, +0.9570, +0.9528, +0.9669, +0.9332, +0.9358, +0.9143, +0.9596, +0.9357, +0.9569, +0.9594, +0.9551, +0.9114, +0.9453, +0.9514, +0.9409, +0.9626, +0.9564, +0.9600, +0.9658, +0.9580, +0.9430, +0.9266, +0.9310, +0.9727, +0.9328, +0.9392, +0.9474, +0.9286, +0.9573, +0.9452, +0.9515, +0.9454, +0.9562, +0.9442, +0.9199, +0.9740, +0.9357, +0.9310, +0.9604, +0.9488, +0.9484, +0.9442, +0.9536, +0.9243, +0.9500, +0.9498, +0.9458, +0.9567, +0.9572, +0.9618, +0.9414, +0.9417, +0.9439, +0.9610, +0.9577, +0.9600, +0.9525, +0.9403, +0.9560, +0.9214, +0.9582, +0.9479, +0.9540, +0.9568, +0.9586, +0.9701, +0.9472, +0.9239, +0.9136, +0.9359, +0.9334, +0.9651, +0.9415, +0.9535, +0.9507, +0.9602, +0.9641, +0.9510, +0.9516, +0.9437, +0.9458, +0.9572, +0.9540, +0.9565, +0.9379, +0.9633, +0.9622, +0.9622, +0.9608, +0.9373, +0.9461, +0.9485, +0.9593, +0.9428, +0.9341, +0.9312, +0.9402, +0.9543, +0.9495, +0.9722, +0.9599, +0.9450, +0.9609, +0.9308, +0.9677, +0.9361, +0.9319, +0.9300, +0.9610, +0.9318, +0.9312, +0.9524, +0.9738, +0.9664, +0.9324, +0.9564, +0.9403, +0.9298, +0.9493, +0.9468, +0.9048, +0.9708, +0.9656, +0.9482, +0.9563, +0.9538, +0.9689, +0.9715, +0.9352, +0.9398, +0.9395, +0.9390, +0.9368, +0.9337, +0.9602, +0.9700, +0.9455, +0.9599, +0.9414, +0.9371, +0.9502, +0.9530, +0.9402, +0.9501, +0.9271, +0.9428, +0.9505, +0.9508, +0.9605, +0.9421, +0.9195, +0.9612, +0.9418, +0.9551, +0.9755, +0.9291, +0.9412, +0.9419, +0.9398, +0.9352, +0.9479, +0.9549, +0.9740, +0.9664, +0.9482, +0.9327, +0.9494, +0.9636, +0.9499, +0.9502, +0.9443, +0.9363, +0.9504, +0.9460, +0.9563, +0.9487, +0.9603, +0.9412, +0.9547, +0.9627, +0.9455, +0.9358, +0.9340, +0.9558, +0.9720, +0.9429, +0.9459, +0.9492, +0.9668, +0.9587, +0.9469, +0.9339, +0.9748, +0.9612, +0.9693]
    partner_ep_success_rate: [+0.0000, +0.0000, +0.0000, +0.0000, +0.0000, +0.7027, +0.2849, +0.2553, +0.0000, +0.0000, +0.0000, +0.6923, +0.6718, +0.7283, +0.8333, +1.0000, +1.0000, +0.9076, +0.8611, +0.7059, +1.0000, +0.9706, +0.8211, +0.5616, +0.7778, +0.8143, +0.8557, +0.9701, +0.7895, +0.7333, +0.6864, +0.7297, +0.8966, +0.9138, +0.7917, +0.8056, +0.9800, +0.9804, +0.9450, +0.8571, +0.8333, +0.7105, +0.7647, +0.9483, +0.9130, +0.7818, +0.8454, +1.0000, +0.8542, +0.9375, +0.9722, +0.8219, +0.4310, +0.5571, +0.7342, +0.7541, +0.8923, +0.8333, +0.8333, +0.9811, +0.9667, +0.9841, +0.8462, +0.8718, +0.6389, +0.8795, +0.7385, +0.8475, +0.8916, +0.7439, +0.7451, +0.9848, +1.0000, +0.9259, +0.8817, +0.9881, +0.8750, +0.7838, +1.0000, +0.9620, +0.9836, +0.9219, +0.9595, +0.9355, +0.8393, +0.8875, +0.8333, +0.9032, +1.0000, +0.9062, +0.9540, +0.9844, +0.9245, +0.9079, +0.8556, +0.9322, +0.7761, +0.7821, +0.8310, +0.8358, +0.9315, +0.9077, +0.9870, +0.9365, +0.9241, +0.8523, +0.9574, +0.9836, +0.8350, +0.8732, +0.9259, +0.9200, +0.9000, +1.0000, +0.9844, +0.8333, +0.7260, +0.8393, +0.9595, +0.7126, +0.7500, +0.8904, +0.9610, +0.9750, +0.8824, +0.6377, +0.9200, +0.9740, +0.9474, +1.0000, +0.9737, +0.8070, +0.8161, +0.9701, +0.9750, +1.0000, +1.0000, +0.9865, +0.9592, +0.9508, +0.9057, +0.8295, +0.7841, +0.8864, +0.8590, +0.8990, +0.8302, +0.7292, +0.9884, +0.9136, +0.8286, +0.9516, +0.7590, +0.8415, +0.6812, +0.8475, +0.7162, +0.7500, +0.8919, +0.9706, +1.0000, +0.9859, +0.6000, +0.8529, +0.9100, +0.9839, +0.9167, +0.9348, +0.9333, +0.9000, +0.9403, +0.8220, +0.8889, +0.9800, +0.8333, +0.8713, +0.8615, +0.6579, +0.6354, +0.8205, +0.9464, +0.9589, +0.9756, +1.0000, +0.9571, +0.9589, +0.9048, +0.9367, +0.9571, +0.7746, +0.7838, +0.9429, +0.9508, +0.9701, +0.9535, +0.9048, +0.9706, +0.9833, +0.8295, +0.6962, +0.7581, +0.9390, +0.8088, +0.7945, +0.9747, +0.9531, +0.8929, +0.8600, +0.8630, +0.9219, +0.9677, +0.8824, +0.9722, +0.8851, +0.9552, +0.9310, +0.7662, +0.8000, +0.9487, +0.9067, +0.8382, +0.8088, +0.8846, +0.9512, +0.9375, +0.9868, +0.9306, +0.8375, +0.9245, +0.9082, +0.9706, +0.9077, +0.9737, +0.9792, +0.9697, +0.9714, +0.6897, +0.7049, +0.9831, +0.9737, +0.9151, +0.9107, +0.9851, +0.8525, +0.8313, +0.8861, +1.0000, +0.9844, +0.7952, +0.9419, +0.9859, +0.9733, +0.9296, +0.8750, +0.8710, +0.8590, +1.0000, +0.9759, +1.0000, +1.0000, +0.9701, +0.9894, +0.8281, +0.6508, +0.9286, +0.8028, +0.7805, +0.9167, +0.9286, +0.9833, +0.9865, +0.8539, +0.7013, +0.7826, +0.9315, +0.8681, +0.9848, +0.9577, +0.9041, +0.8310, +0.7143, +0.7838, +0.9583, +0.9231, +0.9437, +0.9271, +0.9610, +1.0000, +0.9048, +0.6628, +0.7241, +0.9123, +0.9855, +0.9906, +0.9839, +0.8571, +0.8118, +0.7708, +0.7465, +0.9836, +0.9750, +1.0000, +0.9452, +0.9390, +0.9286, +0.9419, +0.9420, +0.9828, +0.9368, +0.8780, +0.9600, +1.0000, +0.9067, +0.8571, +0.8776, +0.9485, +0.8276, +0.8696, +0.9692, +0.9634, +0.9310, +0.9714, +0.9841, +0.9412, +0.9855, +1.0000, +0.8488, +0.6667, +0.9888, +0.9865, +0.8592, +0.7733, +0.9481, +0.9155, +0.8966, +0.9286, +0.9571, +0.9615, +0.9538, +0.8989, +0.9851, +1.0000, +0.8969, +0.9683, +0.9077, +0.7826, +0.8736, +0.9818, +0.9861, +0.9898, +0.9861, +0.9571, +0.9432, +1.0000, +0.9747, +0.8382, +0.8514, +0.7500, +0.7727, +0.9412, +0.9625, +0.8854, +0.8667, +0.8088, +0.7976, +1.0000, +1.0000, +0.9452, +0.9592, +0.9833, +1.0000, +0.9903, +0.9714, +1.0000, +1.0000, +0.9877, +0.9483, +0.9762, +0.8816, +0.9639, +0.9605, +0.8800, +0.8333, +0.8191, +0.9605, +0.9054, +0.9894, +0.9677, +1.0000, +0.9667, +0.9600, +0.9452, +0.9157, +0.9839, +0.9359, +0.8557, +0.8857, +0.9245, +0.8600, +0.9524, +0.8364, +0.9242, +0.9394, +0.8824, +1.0000, +0.9881, +1.0000, +0.9880, +0.9875, +0.9890, +0.9839, +0.9565, +0.9341, +0.7568, +0.9487, +0.9857, +0.9873, +1.0000, +0.9571, +0.9254, +0.8902, +0.8158, +0.8953, +0.9420, +0.9880, +0.9067, +0.8060, +0.8765, +0.8922, +0.8649, +0.8667, +0.8070, +0.8500, +0.8718, +0.9783, +0.9254, +0.8229, +0.9067, +0.9524, +0.9545, +0.9759, +0.9881, +0.9459, +0.8642, +0.9091, +0.9429, +0.9341, +0.9615, +0.9516, +0.8154, +0.8485, +0.9643, +1.0000, +0.9888, +0.8315, +0.8676, +1.0000, +0.9333, +0.9588, +0.9048, +0.8852, +0.8636, +0.8500, +0.9400, +0.8621, +0.9537, +0.9615, +0.9268, +0.9438, +0.9692, +0.8889, +0.8500, +0.9275, +0.7627, +0.9314, +0.9114, +0.9800, +0.9892, +0.9783, +0.8113, +0.8675, +1.0000, +1.0000, +0.9195, +0.8902, +0.9481, +0.8000, +0.8636, +0.9759, +0.9437, +0.9661, +0.9659, +0.9647, +0.9067, +0.8780, +0.8736, +0.9839, +0.9221, +0.9733, +0.9125, +0.7419, +0.9570, +0.9481, +0.9054, +0.8421, +0.9014, +0.9221, +0.9111, +0.9322, +0.9880, +1.0000, +0.9263, +0.8906, +0.8140, +0.9625, +0.9881, +0.9610, +0.8876, +0.9762, +0.9057, +0.9342, +0.8556, +0.9870, +0.9859, +0.9375, +0.8857, +0.8000, +0.9467, +0.8842, +0.9583, +0.8831, +0.8987, +0.8961, +0.9733, +0.8421, +0.8961, +0.9831, +0.8778, +0.7529, +0.8310, +0.9851, +0.8675, +0.9759, +0.9241, +0.9444, +0.8806, +0.9111, +0.9875, +0.9508, +0.9681, +1.0000, +0.9508, +0.8250, +0.7033, +0.9221, +0.9118, +0.8764, +0.9306, +0.9545, +0.9697, +1.0000, +1.0000, +1.0000, +0.9375, +0.9167, +0.7816, +0.8681, +1.0000, +0.9091, +0.8676, +0.8588, +0.9872, +1.0000, +0.9861, +0.9730, +1.0000, +0.9275, +0.8148, +0.7917, +0.8421, +0.8118, +0.8421, +0.9437, +0.9315, +0.9681, +0.9444, +0.9296, +0.9775, +0.9605, +0.8429, +0.8411, +0.9600, +0.9825, +0.9886, +0.9500, +0.9839, +0.9111, +0.9425, +0.8793, +0.9718, +0.9643, +0.9437, +0.9487, +0.9900, +0.9494, +0.8592, +0.9437, +0.9902, +0.8148, +0.9342, +1.0000, +0.9861, +0.8056, +0.9494, +0.9877, +0.9494, +0.8875, +0.8475, +0.8675, +0.8333, +0.8611, +0.8434, +0.9740, +0.9500, +0.9839, +0.9468, +0.9333, +1.0000, +1.0000, +0.9701, +0.9890, +0.9136, +0.8143, +0.9775, +1.0000, +1.0000, +0.9600, +0.9494, +0.8667, +0.9143, +0.9756, +0.8875, +0.8281, +0.9252, +0.9487, +0.9857, +0.8353, +0.9462, +0.9865, +0.9412, +0.9556, +0.9865, +0.9634, +0.7882, +0.9375, +0.9429, +0.8784, +0.9231, +0.9250, +1.0000, +1.0000, +0.9817, +0.9848, +0.9851, +0.9080, +0.9388, +0.9459, +0.9846, +0.8778, +0.6747, +0.9571, +0.9610, +0.8409, +0.9589, +0.9663, +0.7342, +0.9254, +0.9885, +0.9877, +0.9765, +0.8721, +0.8462, +0.9239, +0.9718, +0.9875, +0.9886, +0.9730, +0.9494, +0.9615, +0.9222, +0.7895, +0.9043, +0.8696, +0.9559, +0.9383, +0.9072, +1.0000, +1.0000, +0.8228, +0.8354, +0.9756, +0.9647, +0.8864, +0.9545, +0.9000, +0.9506, +0.9846, +0.9667, +0.8673, +0.9310, +0.7841, +0.9072, +1.0000, +0.9881, +0.9694, +0.9818, +0.9639, +1.0000, +0.9615, +1.0000, +1.0000, +0.9468, +0.9885, +0.9333, +0.7875, +0.9043, +0.9143, +0.9146, +0.9886, +1.0000, +1.0000, +0.9765, +0.9851, +0.9872, +1.0000, +0.9868, +0.9647, +0.9506, +0.9785, +1.0000, +0.9880, +0.9474, +0.9615, +0.9643, +0.9851, +0.9667, +0.9079, +0.9302, +0.9634, +0.8780, +0.9677, +0.9836, +0.9551, +0.8776, +0.9012, +1.0000, +0.9518, +0.9213, +0.7857, +0.9890, +1.0000, +0.9565, +1.0000, +0.9677, +0.9870, +0.9855, +0.9434, +0.9855, +0.9877, +1.0000, +1.0000, +0.9552, +0.8636, +0.8721, +0.9186, +0.9467, +0.8488, +0.9367, +0.9412, +0.8690, +0.9444, +0.9080, +0.8929, +1.0000, +0.9302, +0.9583, +0.9600, +1.0000, +0.9895, +0.8765, +0.8393, +1.0000, +0.9753, +0.9730, +1.0000, +0.9490, +0.8209, +0.9873, +0.9286, +0.9155, +0.9885, +0.9868, +1.0000, +1.0000, +1.0000, +1.0000, +0.9700, +0.9467, +0.9765, +0.9889, +0.9744, +0.9868, +1.0000, +0.9726, +1.0000, +0.9859, +0.9518, +1.0000, +1.0000, +1.0000, +1.0000, +0.9588, +0.9298, +0.8068, +0.9423, +0.9245, +0.8718, +0.9167, +0.9855, +0.9610, +0.9419, +0.9747, +0.9767, +1.0000, +0.9848, +0.9342, +1.0000, +0.9467, +1.0000, +1.0000, +1.0000, +0.9846, +0.8617, +0.9263, +1.0000, +1.0000, +1.0000, +0.9596, +0.8590, +0.9545, +0.9630, +0.9770, +1.0000, +0.9747, +0.9135, +1.0000, +0.9481, +0.9000, +0.9565, +0.9375, +0.9348, +0.9718, +0.9506, +0.9394, +0.9538, +0.9551, +0.8659, +0.9595, +0.9670, +1.0000, +1.0000, +0.9881, +1.0000, +1.0000, +0.8902, +0.9121, +1.0000, +0.9722, +0.9802, +0.9394, +0.9875, +0.9903, +1.0000, +0.9870, +1.0000, +0.9870, +1.0000, +1.0000, +0.9867, +0.9872, +0.8434, +0.9390, +0.9886, +0.9737, +1.0000, +1.0000, +0.9878, +0.8846, +0.7857, +0.9315, +0.9324, +0.9438, +0.9610, +1.0000, +0.9770, +0.9589, +0.9733, +0.9643, +0.9787, +0.9643, +0.9886, +1.0000, +0.9872, +0.8632, +1.0000]
            ep_return_mean: [+0.0000, +0.0000, +0.0000, +0.0000, +0.0000, -4.1520, -9.4415, -13.6882, +0.0000, +0.0000, -0.3400, -3.7351, -6.5263, -9.1708, -11.7153, +4.4100, +2.3510, +1.2991, -0.0539, -0.0230, +8.1236, +6.4779, +4.3805, +2.2966, +5.2722, +7.1699, +7.0485, +6.3913, +6.8052, +6.5768, +5.6021, +5.7045, +8.7806, +8.5668, +7.0934, +6.4926, +7.7589, +9.4907, +7.3152, +6.7423, +7.1591, +7.5134, +7.0946, +6.8782, +8.2425, +8.1245, +6.4800, +6.3422, +8.3661, +8.1779, +6.6037, +5.5780, +6.2360, +7.4744, +7.7101, +6.6968, +7.9173, +8.3877, +8.0143, +8.4245, +8.4808, +8.4293, +7.2958, +6.7974, +7.1034, +7.0774, +8.1676, +9.0952, +8.0193, +8.9003, +9.1499, +9.0439, +7.3656, +6.9175, +7.2953, +9.0940, +9.3664, +8.6304, +8.7466, +7.8671, +9.7043, +9.2558, +7.7797, +7.8470, +6.5787, +7.5862, +8.1059, +10.0541, +10.1050, +9.0163, +7.6414, +6.9778, +8.1150, +7.3260, +8.0461, +9.3030, +9.7103, +8.8967, +9.0108, +7.6786, +7.9011, +8.2374, +7.8458, +8.8615, +9.2037, +9.3680, +8.8525, +8.5866, +8.4432, +8.9715, +10.4792, +10.1678, +9.5509, +9.6689, +8.7268, +8.1841, +7.2249, +8.0089, +8.4864, +8.2236, +8.6459, +8.9120, +8.8425, +8.1192, +9.3059, +9.4844, +9.4819, +8.7819, +9.5792, +9.1370, +8.3330, +8.2257, +6.8212, +9.2747, +9.1879, +9.8785, +9.1351, +8.7365, +9.1817, +9.4191, +9.1314, +9.1921, +9.0778, +9.0554, +9.0922, +9.1826, +8.4197, +8.3458, +8.6974, +7.7815, +7.7462, +9.2446, +8.8822, +9.6943, +8.7470, +9.6925, +8.2041, +7.8331, +7.3310, +7.9008, +8.6444, +8.9817, +8.6750, +8.5849, +8.5769, +8.5328, +8.9210, +8.9764, +8.4424, +8.5679, +9.7669, +9.4374, +9.2956, +9.3853, +9.3669, +8.5214, +8.4916, +8.5194, +8.5808, +8.0532, +7.9176, +9.2944, +8.2371, +8.5481, +8.5571, +9.2172, +9.4865, +9.8986, +10.0772, +10.1498, +8.7375, +8.8201, +8.2993, +9.0256, +8.5414, +8.6859, +9.5231, +10.6122, +9.6538, +9.0128, +9.6226, +9.6449, +9.0720, +8.2561, +8.8476, +9.0693, +8.8628, +9.2144, +9.1246, +9.5965, +10.2114, +10.2231, +9.8328, +10.0322, +9.0851, +9.0132, +9.0461, +9.5541, +9.8482, +10.8780, +10.2393, +9.3364, +8.2967, +8.7454, +9.7780, +9.6664, +9.3670, +8.6168, +8.8920, +9.3810, +9.7202, +9.2139, +9.7407, +9.6851, +10.3069, +10.1485, +9.4776, +9.0110, +9.1752, +8.4933, +8.6941, +9.8931, +10.4351, +9.6271, +8.1017, +8.0895, +9.5620, +9.2999, +9.1174, +9.5060, +10.0369, +10.5367, +9.6322, +9.1107, +8.1685, +9.3055, +9.4248, +9.9912, +9.4604, +9.2022, +9.3175, +9.5978, +8.8210, +9.6524, +9.6878, +9.0755, +9.4804, +10.2737, +9.7609, +10.2352, +9.6832, +10.0304, +9.3259, +9.5558, +9.4359, +8.4832, +8.7587, +9.3017, +9.5843, +8.9532, +8.5790, +9.5327, +9.2598, +9.0994, +9.1140, +8.7689, +10.0644, +10.5632, +9.4561, +8.4172, +8.6860, +9.7813, +9.8489, +9.3964, +10.1786, +10.4407, +9.2612, +8.8035, +9.8645, +10.6784, +10.2694, +9.4122, +9.5643, +9.8800, +9.9530, +9.9814, +10.2700, +9.8318, +9.2906, +9.7425, +9.9949, +9.9239, +9.4772, +9.2723, +10.2076, +10.2080, +9.2237, +10.1547, +10.9462, +9.0824, +9.5416, +10.5580, +10.2051, +9.6616, +9.2548, +9.8450, +10.5601, +10.0597, +10.2879, +9.6444, +9.3205, +10.3463, +10.2057, +9.5858, +9.0635, +8.7597, +9.2866, +8.5708, +9.8008, +9.3822, +10.1768, +9.4702, +9.4443, +9.6975, +9.4027, +9.5394, +9.7051, +10.0765, +10.5017, +9.7407, +9.7703, +11.0192, +10.5264, +10.5955, +10.1990, +9.7762, +9.1925, +9.8502, +10.4807, +10.9900, +10.7591, +9.9422, +9.9581, +9.9315, +9.3281, +9.0740, +9.7941, +10.0883, +10.1923, +10.7372, +9.9505, +10.4402, +10.0976, +10.9033, +10.2554, +10.4131, +9.8935, +10.2092, +9.6398, +9.9600, +10.4160, +10.2484, +10.0752, +9.4304, +9.9186, +9.9944, +11.1148, +10.2759, +10.1385, +9.6102, +9.9507, +10.4096, +10.8551, +10.6680, +10.1071, +10.3345, +10.4183, +11.0810, +9.9875, +9.8444, +10.4644, +10.0978, +9.6987, +9.9819, +11.6018, +10.4607, +10.3232, +9.2500, +10.1473, +10.5395, +11.1489, +10.7850, +9.5646, +9.6715, +10.1591, +10.2846, +9.9121, +10.4599, +9.6293, +9.8239, +9.9193, +9.9025, +9.9549, +10.6605, +10.6556, +10.2891, +10.1705, +9.5135, +10.4217, +11.5962, +11.4384, +10.8418, +9.6481, +9.3979, +9.6864, +9.7376, +8.6275, +9.3460, +10.0363, +10.4476, +10.5431, +11.2185, +11.8064, +11.3471, +10.9186, +10.9322, +10.9000, +11.1008, +10.7414, +10.2950, +9.0685, +10.4731, +10.7164, +10.0323, +9.5845, +9.5434, +10.7308, +9.3049, +8.6928, +9.9091, +10.9409, +10.4224, +8.9951, +10.9141, +11.0612, +10.9563, +10.8290, +11.0869, +10.8274, +9.8667, +10.3780, +10.3005, +9.3664, +9.4930, +9.2268, +10.0384, +10.9721, +10.6311, +10.2471, +10.0237, +11.0660, +10.3292, +11.2938, +10.1329, +10.5168, +10.1717, +10.5303, +10.2566, +10.0738, +9.6017, +9.8374, +9.2816, +9.2886, +10.1846, +10.9914, +10.4565, +10.9659, +9.9217, +10.5198, +9.7535, +9.9430, +9.9301, +10.1155, +10.2826, +10.4962, +9.9198, +10.0400, +10.0356, +10.5136, +10.1090, +9.9063, +10.3380, +11.0358, +10.6457, +10.9049, +10.4734, +11.0858, +11.3434, +10.9091, +10.8290, +10.0466, +9.2156, +10.1713, +10.9541, +10.5843, +9.4096, +9.6158, +10.0870, +9.9640, +10.7282, +11.4142, +10.7467, +10.6551, +10.7006, +10.8431, +10.8348, +10.7613, +10.5866, +10.0797, +10.4958, +10.5363, +9.6748, +10.0880, +10.2520, +11.3742, +11.0751, +11.1241, +11.1575, +10.9525, +10.6177, +11.2160, +10.7020, +10.9215, +10.3544, +10.0573, +10.9084, +10.6521, +10.5384, +10.7766, +10.6932, +10.6455, +10.9551, +11.0423, +10.9868, +10.8525, +10.8722, +10.5983, +11.1299, +11.0505, +10.5824, +9.5351, +10.4588, +10.6471, +10.6946, +10.2882, +10.5454, +10.2316, +10.3512, +10.6511, +9.2706, +10.0564, +10.0528, +10.4282, +10.6399, +10.1573, +10.8295, +10.9468, +10.3965, +10.2336, +10.3668, +11.0335, +11.4019, +10.3624, +10.8893, +10.3539, +11.5301, +11.1463, +11.1861, +10.9720, +10.6008, +10.0074, +8.7833, +10.0669, +10.8304, +11.2389, +10.8450, +10.8430, +10.4720, +11.2482, +11.7373, +11.6296, +10.9685, +10.5353, +10.8770, +10.3377, +10.7238, +10.4587, +10.5689, +9.5999, +9.0874, +10.1448, +10.8194, +10.9289, +10.3730, +10.6472, +9.9917, +10.3284, +10.4725, +10.7258, +10.2199, +10.7173, +10.4710, +10.8459, +10.8881, +11.0827, +11.5368, +11.0290, +10.5722, +10.3548, +11.4263, +11.4777, +10.4435, +10.2187, +10.1989, +10.9213, +11.4611, +11.5373, +11.2300, +11.5983, +11.3673, +10.7263, +10.8961, +10.2860, +11.0204, +10.6198, +11.1915, +10.2188, +10.2913, +10.5779, +11.1214, +10.8794, +10.3141, +11.0891, +10.6699, +10.5436, +10.2704, +11.7646, +11.7593, +10.3895, +10.1869, +10.7009, +11.1944, +10.2664, +11.0274, +10.6129, +10.9752, +11.0344, +10.2077, +10.2318, +10.7017, +11.3806, +11.2695, +11.2766, +11.7706, +11.5238, +11.2284, +10.7250, +10.6894, +11.1657, +10.3883, +11.5256, +11.4861, +11.3092, +11.2424, +10.6601, +10.6300, +11.5684, +11.1629, +11.5019, +11.1198, +10.3176, +11.3247, +11.1924, +11.1875, +10.6649, +10.7413, +10.7131, +11.0109, +10.9430, +11.4447, +11.0208, +11.1326, +11.1045, +11.2955, +11.0797, +11.2634, +11.0997, +11.0872, +11.6090, +11.7554, +11.7430, +11.1760, +11.3426, +11.2992, +11.0036, +10.3707, +9.9165, +11.3981, +11.0100, +11.2085, +11.3512, +10.9048, +11.3917, +10.9931, +10.6040, +10.3591, +11.4813, +11.1659, +11.6261, +11.5993, +11.3740, +11.3527, +11.0998, +10.7504, +10.8132, +10.7793, +10.7815, +11.1414, +11.1797, +10.8398, +11.0581, +11.0225, +10.7235, +11.3101, +11.4609, +11.3702, +11.3059, +10.7156, +10.7406, +10.8970, +10.4185, +11.0680, +11.6955, +11.1711, +10.7356, +11.0235, +10.9791, +11.3527, +11.2368, +11.3204, +11.4602, +11.8498, +11.2811, +11.0719, +11.0968, +11.9011, +11.2424, +11.4198, +11.0467, +11.0824, +10.6039, +11.1820, +10.9978, +11.3512, +11.2095, +11.7174, +11.7096, +11.3820, +10.7802, +10.3595, +10.8908, +11.4689, +10.4288, +10.8627, +11.5373, +11.2850, +10.9993, +11.3456, +11.3718, +11.1388, +11.3812, +11.5157, +11.1963, +11.4721, +11.6154, +11.4162, +10.6179, +11.1666, +11.8340, +11.5540, +11.3303, +11.8857, +11.0119, +11.1046, +11.0385, +11.0507, +9.9265, +10.9275, +11.3532, +11.4608, +11.3882, +11.3727, +11.8208, +11.4402, +11.0788, +11.2123, +11.4962, +10.5833, +10.0215, +11.0581, +11.0098, +10.1957, +11.2376, +11.7024, +12.0060, +11.3383, +11.1734, +10.8199, +11.7736, +10.7622, +11.0088, +11.4067, +11.1606, +10.7319, +11.9021, +11.9092, +10.6604, +11.1886, +11.8127, +12.3238, +11.5016, +10.6508, +9.7807, +10.2589, +10.3913, +11.5286, +11.8181, +11.4876, +11.5499, +11.0896, +11.0693, +11.0243, +11.7410, +11.1202, +10.7737, +10.8710, +10.5599, +10.9833, +11.2348, +11.4907, +11.4572, +11.0148, +10.5688, +11.0263, +11.8803, +11.4100, +10.8711, +11.5139, +11.2593, +10.0681, +10.5603, +11.2239, +11.4691, +12.1707, +11.6628, +11.2809, +11.4060, +11.3064, +11.1435, +12.0848, +11.0973, +10.4638, +10.8585, +11.4507, +11.6109, +11.0552, +10.7311, +11.4826, +10.7500, +11.4918, +11.6219, +11.3892, +10.5854, +10.9061, +11.3109, +11.3804, +11.4823, +11.0580, +10.7582, +12.0513, +11.9002, +11.1858, +11.8236, +11.0684, +11.5057]
            ep_length_mean: [+0.0000, +0.0000, +0.0000, +0.0000, +0.0000, +1468.8647, +1674.0291, +1832.9574, +0.0000, +0.0000, +1246.0000, +1465.0770, +1570.0916, +1670.1631, +1777.5000, +1074.0000, +1249.6000, +1297.6724, +1380.1111, +1404.4117, +959.7273, +1055.8383, +1158.8105, +1254.9041, +1111.2223, +998.5571, +1021.5155, +1049.2239, +1015.2105, +1025.6444, +1067.7712, +1097.4054, +953.8621, +931.7069, +998.1875, +1039.6805, +971.4000, +851.0981, +984.5504, +1022.9286, +984.2500, +959.0132, +989.7059, +999.5690, +925.6740, +939.4363, +997.1444, +1020.7286, +907.7292, +933.9219, +990.6945, +1060.9589, +1018.5172, +937.8143, +944.7089, +997.6394, +954.7846, +923.9167, +955.3484, +908.8491, +944.1000, +938.1906, +1000.3590, +1008.7692, +984.2083, +997.0844, +937.5231, +898.2034, +945.4820, +909.4878, +899.0392, +904.4242, +975.3875, +991.5741, +962.4839, +882.1429, +883.8750, +918.0945, +904.1177, +958.4051, +872.3935, +895.5625, +963.5945, +961.6129, +1019.4465, +945.7500, +949.9706, +869.5967, +839.1765, +897.4219, +974.9080, +1017.6406, +937.8868, +967.1184, +950.5334, +903.1017, +869.5672, +902.4231, +894.1549, +962.7015, +951.7808, +935.2000, +967.8312, +907.7937, +896.3418, +892.6705, +906.9574, +912.9673, +928.5631, +929.3802, +820.5741, +845.6500, +881.8375, +884.7709, +897.9688, +940.6667, +988.9726, +903.4822, +914.7567, +951.5172, +914.6834, +925.4109, +893.0779, +936.6375, +879.9706, +885.6522, +883.2666, +913.5714, +877.3421, +883.7458, +935.5263, +913.9123, +1000.0460, +884.4926, +886.5750, +836.5317, +902.6786, +910.2162, +902.9183, +899.2623, +891.5095, +886.1591, +911.3636, +905.5682, +897.1154, +901.7677, +928.3774, +890.8334, +914.1977, +963.7778, +945.2571, +885.3871, +901.7831, +881.8170, +897.9131, +864.1525, +953.9053, +958.9334, +997.5405, +941.7647, +910.0886, +921.2394, +926.9167, +922.3677, +918.8900, +930.5000, +914.6667, +890.7065, +948.7429, +930.9000, +830.7463, +878.5255, +892.1667, +875.4200, +877.0972, +931.8514, +920.6616, +894.2895, +908.3646, +958.2820, +948.6786, +867.7945, +940.0853, +922.4777, +924.7714, +886.5891, +899.4048, +870.3165, +839.1286, +851.3802, +931.9594, +901.3572, +928.4590, +904.8806, +935.6628, +909.7262, +880.5294, +842.6167, +896.2273, +902.6456, +852.4677, +867.0488, +897.4265, +921.8219, +902.5443, +898.4375, +890.2322, +919.7800, +904.1507, +866.2344, +840.2903, +844.6912, +875.3889, +856.5632, +907.9702, +895.7759, +908.1299, +896.2444, +848.7051, +821.7599, +835.6470, +876.9265, +911.9231, +915.1219, +868.5938, +875.2763, +885.5000, +928.5375, +896.3962, +882.9796, +875.6765, +913.6923, +862.5263, +881.0417, +830.1515, +847.8715, +866.7471, +918.5410, +881.6440, +920.8158, +910.4717, +871.9643, +860.4030, +878.4590, +950.6265, +956.6203, +881.3881, +883.2656, +894.0844, +877.9651, +856.9718, +818.1866, +873.2676, +865.8906, +938.1505, +891.3205, +881.4510, +856.5904, +884.5796, +894.4000, +869.6567, +895.8191, +921.6875, +880.0001, +874.4643, +920.3943, +884.7317, +859.6334, +867.6633, +844.9667, +879.7026, +862.6180, +889.3376, +873.3913, +881.3151, +945.2527, +920.6970, +882.1268, +876.1644, +902.7606, +918.1169, +876.9999, +911.6528, +883.1846, +898.0563, +907.4375, +867.9481, +845.8333, +880.3969, +917.5465, +928.4943, +887.7018, +850.6667, +877.3962, +878.3226, +831.6326, +915.6353, +920.8021, +862.8310, +814.7214, +841.5500, +894.6709, +875.3973, +853.3902, +863.0857, +845.6860, +864.1740, +864.4138, +897.4421, +894.2439, +864.9600, +860.4643, +876.9999, +919.6191, +840.5102, +831.5464, +894.4598, +833.2609, +807.2769, +887.5853, +890.5287, +832.8857, +858.3969, +873.2236, +902.7537, +853.6889, +825.3953, +849.6471, +845.9438, +883.5811, +898.7465, +846.6533, +880.0519, +883.5916, +902.9310, +932.4048, +900.8715, +940.1923, +853.4462, +896.7978, +874.1791, +879.6724, +880.8454, +885.1111, +901.0308, +882.7174, +885.7931, +843.4000, +837.9583, +869.6837, +884.4445, +798.3143, +831.9205, +846.0735, +868.4051, +876.0147, +886.4594, +869.3300, +826.5454, +818.5000, +831.7125, +875.3229, +852.4834, +842.6617, +882.7738, +912.0735, +875.7895, +856.2054, +865.7551, +825.0667, +853.2429, +829.8641, +874.6000, +810.7419, +841.2857, +857.7284, +873.9138, +849.9762, +867.3026, +847.5422, +841.5132, +856.4399, +842.4501, +899.6595, +862.0132, +854.0405, +786.0212, +858.8226, +846.6711, +868.1889, +857.9333, +819.9178, +811.5784, +840.7903, +866.8462, +850.1341, +848.3000, +824.2264, +868.7300, +893.6667, +845.0000, +834.2272, +879.7475, +867.3294, +764.8359, +833.2381, +848.1906, +901.5060, +851.2375, +842.8462, +812.2419, +805.3623, +890.3846, +871.3108, +846.1026, +837.1429, +872.8101, +832.0886, +888.2429, +859.7164, +883.9512, +875.5790, +878.8721, +832.4493, +816.9277, +851.0266, +840.1343, +896.5679, +837.2157, +775.7432, +800.7333, +822.4035, +876.4100, +898.9231, +873.5000, +862.3135, +927.8854, +904.9333, +844.8254, +844.3864, +851.2892, +805.5595, +795.6757, +805.4815, +828.2728, +814.2286, +826.7692, +803.7308, +838.3387, +833.5538, +905.0202, +856.0476, +822.6122, +852.2135, +874.2921, +891.8677, +825.7111, +886.3778, +917.4743, +868.7620, +826.5574, +826.2500, +916.4600, +793.2400, +786.1724, +819.6204, +822.5001, +806.6097, +815.8203, +896.5846, +846.1250, +867.4750, +907.6957, +872.1187, +904.2255, +861.4557, +827.8400, +830.9032, +870.1304, +878.5095, +808.7350, +858.2449, +767.1667, +863.9080, +834.0488, +863.7792, +839.4500, +839.7727, +859.2892, +882.0000, +870.2034, +887.5341, +882.0000, +864.1733, +797.6829, +828.0690, +812.6290, +859.9221, +846.8133, +908.2875, +856.2742, +871.6774, +865.4675, +830.6757, +834.8158, +865.8450, +862.5195, +864.9333, +852.2203, +854.5543, +870.6494, +840.5369, +785.4219, +816.8372, +810.8250, +825.9643, +814.3506, +791.4607, +810.0476, +839.9057, +845.2237, +906.5333, +867.7532, +817.8873, +829.0000, +882.8000, +887.3866, +859.1199, +865.1790, +840.5555, +790.6883, +822.5823, +829.8701, +834.1199, +817.6737, +832.8831, +818.8983, +828.9111, +858.7412, +836.6901, +832.1941, +868.7591, +850.5663, +829.8608, +792.7889, +816.0001, +816.6778, +817.1250, +817.1148, +831.4362, +807.0638, +817.3279, +805.3750, +849.1429, +879.1558, +799.9265, +829.9438, +837.0972, +829.0909, +832.3232, +844.4691, +809.4923, +794.7802, +820.3125, +829.5278, +805.0690, +844.7363, +814.1451, +819.1818, +834.0147, +901.3177, +829.0898, +832.4773, +817.2639, +847.8648, +841.0488, +854.8406, +865.1605, +827.2222, +908.2105, +850.3765, +864.5395, +851.9859, +837.0137, +867.8085, +823.4167, +811.5070, +832.8090, +849.1184, +834.7000, +805.2523, +784.1866, +826.0526, +818.5796, +854.3100, +769.2419, +799.8667, +820.1149, +818.3104, +840.4225, +855.7262, +928.2817, +851.4359, +826.8600, +791.2659, +803.1971, +810.5070, +835.1569, +799.1605, +771.8421, +765.7021, +820.7361, +813.5555, +803.1646, +859.0370, +835.1013, +850.4000, +827.8644, +893.2892, +914.0596, +852.6111, +835.8314, +827.4156, +836.2375, +808.6613, +857.5000, +837.6666, +823.2078, +834.2410, +854.7911, +821.7363, +848.1975, +808.4286, +816.5618, +812.9667, +792.4478, +821.4800, +838.7595, +861.0667, +796.5571, +784.7682, +856.9625, +827.6875, +849.0748, +811.3205, +782.9857, +786.6471, +812.2795, +793.2838, +807.5147, +832.8889, +822.5540, +854.6707, +789.6235, +827.9750, +792.6286, +852.0675, +836.5825, +817.0125, +821.8148, +800.7501, +837.5413, +802.4242, +829.3881, +830.9655, +844.5408, +773.9189, +758.6000, +849.7444, +865.0121, +828.7000, +792.9870, +855.6250, +801.0274, +821.3820, +807.4051, +786.9105, +850.6207, +845.9383, +811.9883, +779.7558, +781.6795, +794.6196, +778.9155, +803.2250, +799.5909, +841.0270, +820.6456, +802.4231, +849.8556, +783.7105, +800.4681, +807.1014, +809.6030, +854.2222, +836.2062, +772.2500, +790.3780, +771.3544, +804.4557, +835.4999, +788.8941, +806.6364, +792.5909, +822.2000, +829.9012, +825.9231, +813.4111, +822.6326, +757.1035, +792.8068, +822.3918, +800.5239, +796.6548, +827.5102, +803.6727, +818.7591, +805.3690, +781.3975, +749.0000, +766.7812, +808.9149, +814.9080, +805.9000, +812.3125, +832.4893, +859.5286, +786.5731, +814.5455, +804.2576, +794.2784, +823.7529, +791.8806, +815.7949, +838.8506, +844.5395, +774.4235, +809.8765, +772.6667, +768.4535, +788.8916, +782.3947, +802.5385, +824.7143, +831.6418, +832.0778, +827.5526, +797.8023, +796.0975, +805.4512, +815.3549, +793.5574, +819.4045, +789.0102, +771.6543, +780.4627, +800.5663, +834.9438, +825.0893, +810.4176, +858.4783, +807.7971, +772.1625, +809.4839, +815.2598, +782.9710, +822.0283, +776.4058, +799.0494, +793.3264, +786.8965, +758.1343, +781.6932, +793.0116, +797.5698, +761.2000, +806.4883, +805.1393, +815.8088, +802.3334, +827.1778, +788.0230, +792.7619, +793.2933, +807.4302, +771.4479, +778.9999, +773.6760, +804.8211, +855.6049, +806.4643, +776.0990, +834.9630, +813.6081, +780.7059, +806.9796, +800.9702, +784.4304, +804.4796, +798.0000, +794.8046, +794.0000, +794.6118, +791.1616, +782.3334, +784.5857, +835.9900, +799.6400, +754.6000, +781.5444, +778.1923, +771.6184, +826.7778, +783.6301, +815.1412, +791.1549, +861.8434, +811.5104, +796.2917, +785.1891, +787.5312, +793.1753, +763.4912, +785.2955, +810.1346, +805.3774, +775.8462, +841.7188, +848.0435, +810.5584, +814.4883, +849.5570, +787.0116, +787.1300, +755.1212, +786.4869, +790.0000, +796.6000, +747.3239, +802.9520, +815.4474, +770.5538, +793.2553, +838.3579, +780.6053, +749.1791, +835.3804, +794.0101, +772.6795, +740.1666, +793.7654, +836.4943, +864.3548, +844.5190, +846.8365, +787.6800, +755.5455, +786.3900, +785.9565, +791.0875, +803.2717, +809.4507, +762.3457, +804.9293, +802.7692, +801.2472, +830.9756, +815.2026, +804.3846, +788.1687, +800.8182, +797.0715, +821.5098, +801.9286, +765.4512, +792.4176, +815.0417, +771.8055, +805.0594, +854.0303, +806.1500, +795.6213, +787.8182, +741.2727, +775.8542, +796.1429, +766.8428, +783.6355, +808.6800, +744.1795, +801.9639, +833.1951, +810.1818, +791.1974, +785.8916, +805.5974, +826.1707, +787.5641, +828.5306, +791.9452, +769.0811, +790.2809, +828.9740, +798.0778, +791.3793, +798.9315, +796.3466, +807.1786, +809.8617, +746.3215, +747.3296, +788.4474, +763.8205, +810.0211, +798.4459]
               reward_mean: [-0.0059, -0.0060, -0.0054, -0.0056, -0.0052, -0.0060, -0.0062, -0.0057, -0.0057, -0.0042, -0.0051, -0.0036, -0.0024, -0.0010, -0.0002, +0.0004, +0.0011, +0.0021, +0.0038, +0.0042, +0.0046, +0.0048, +0.0046, +0.0049, +0.0044, +0.0068, +0.0079, +0.0047, +0.0073, +0.0054, +0.0064, +0.0066, +0.0077, +0.0089, +0.0068, +0.0070, +0.0094, +0.0070, +0.0066, +0.0080, +0.0102, +0.0079, +0.0063, +0.0075, +0.0077, +0.0071, +0.0071, +0.0055, +0.0073, +0.0049, +0.0078, +0.0073, +0.0080, +0.0099, +0.0064, +0.0082, +0.0076, +0.0080, +0.0101, +0.0078, +0.0089, +0.0060, +0.0076, +0.0074, +0.0088, +0.0096, +0.0082, +0.0113, +0.0093, +0.0082, +0.0060, +0.0085, +0.0105, +0.0089, +0.0103, +0.0090, +0.0084, +0.0106, +0.0099, +0.0088, +0.0088, +0.0059, +0.0066, +0.0094, +0.0091, +0.0098, +0.0114, +0.0090, +0.0087, +0.0072, +0.0062, +0.0106, +0.0083, +0.0105, +0.0103, +0.0097, +0.0099, +0.0082, +0.0092, +0.0084, +0.0076, +0.0080, +0.0104, +0.0118, +0.0104, +0.0082, +0.0076, +0.0109, +0.0124, +0.0131, +0.0105, +0.0101, +0.0094, +0.0085, +0.0096, +0.0080, +0.0072, +0.0101, +0.0096, +0.0096, +0.0078, +0.0103, +0.0110, +0.0100, +0.0103, +0.0099, +0.0116, +0.0087, +0.0076, +0.0117, +0.0068, +0.0080, +0.0106, +0.0114, +0.0096, +0.0098, +0.0102, +0.0113, +0.0115, +0.0097, +0.0094, +0.0102, +0.0096, +0.0132, +0.0077, +0.0076, +0.0086, +0.0098, +0.0091, +0.0109, +0.0099, +0.0081, +0.0116, +0.0119, +0.0081, +0.0080, +0.0070, +0.0067, +0.0092, +0.0124, +0.0096, +0.0083, +0.0088, +0.0089, +0.0089, +0.0125, +0.0076, +0.0093, +0.0110, +0.0108, +0.0109, +0.0100, +0.0087, +0.0113, +0.0093, +0.0079, +0.0092, +0.0115, +0.0090, +0.0076, +0.0095, +0.0103, +0.0097, +0.0085, +0.0109, +0.0119, +0.0102, +0.0127, +0.0109, +0.0085, +0.0089, +0.0094, +0.0101, +0.0108, +0.0105, +0.0099, +0.0112, +0.0115, +0.0125, +0.0095, +0.0085, +0.0102, +0.0098, +0.0088, +0.0112, +0.0106, +0.0103, +0.0115, +0.0111, +0.0119, +0.0107, +0.0117, +0.0123, +0.0098, +0.0103, +0.0101, +0.0113, +0.0118, +0.0128, +0.0105, +0.0091, +0.0078, +0.0110, +0.0116, +0.0107, +0.0096, +0.0098, +0.0123, +0.0106, +0.0103, +0.0101, +0.0125, +0.0114, +0.0110, +0.0117, +0.0116, +0.0086, +0.0087, +0.0086, +0.0116, +0.0132, +0.0093, +0.0085, +0.0083, +0.0118, +0.0093, +0.0115, +0.0105, +0.0113, +0.0114, +0.0118, +0.0099, +0.0116, +0.0105, +0.0104, +0.0104, +0.0108, +0.0115, +0.0096, +0.0111, +0.0095, +0.0092, +0.0120, +0.0115, +0.0104, +0.0107, +0.0108, +0.0109, +0.0111, +0.0120, +0.0102, +0.0122, +0.0097, +0.0088, +0.0096, +0.0112, +0.0098, +0.0101, +0.0109, +0.0103, +0.0097, +0.0089, +0.0114, +0.0101, +0.0119, +0.0112, +0.0100, +0.0111, +0.0099, +0.0102, +0.0101, +0.0099, +0.0113, +0.0123, +0.0116, +0.0108, +0.0107, +0.0099, +0.0117, +0.0130, +0.0105, +0.0097, +0.0117, +0.0130, +0.0106, +0.0093, +0.0101, +0.0118, +0.0131, +0.0105, +0.0107, +0.0127, +0.0112, +0.0114, +0.0107, +0.0111, +0.0100, +0.0121, +0.0113, +0.0135, +0.0101, +0.0107, +0.0111, +0.0120, +0.0136, +0.0134, +0.0118, +0.0097, +0.0100, +0.0116, +0.0124, +0.0115, +0.0082, +0.0098, +0.0112, +0.0098, +0.0096, +0.0121, +0.0101, +0.0123, +0.0090, +0.0114, +0.0113, +0.0112, +0.0109, +0.0098, +0.0117, +0.0120, +0.0112, +0.0130, +0.0136, +0.0127, +0.0125, +0.0093, +0.0109, +0.0121, +0.0138, +0.0122, +0.0128, +0.0125, +0.0113, +0.0127, +0.0098, +0.0084, +0.0085, +0.0116, +0.0143, +0.0115, +0.0130, +0.0134, +0.0116, +0.0115, +0.0116, +0.0126, +0.0122, +0.0125, +0.0124, +0.0100, +0.0110, +0.0138, +0.0125, +0.0107, +0.0110, +0.0106, +0.0153, +0.0127, +0.0098, +0.0119, +0.0138, +0.0112, +0.0120, +0.0140, +0.0115, +0.0126, +0.0123, +0.0120, +0.0125, +0.0109, +0.0102, +0.0110, +0.0130, +0.0131, +0.0126, +0.0128, +0.0123, +0.0110, +0.0104, +0.0135, +0.0125, +0.0128, +0.0128, +0.0105, +0.0115, +0.0113, +0.0113, +0.0129, +0.0111, +0.0125, +0.0123, +0.0100, +0.0113, +0.0119, +0.0120, +0.0120, +0.0141, +0.0108, +0.0128, +0.0123, +0.0139, +0.0132, +0.0115, +0.0113, +0.0112, +0.0121, +0.0102, +0.0077, +0.0094, +0.0130, +0.0134, +0.0131, +0.0145, +0.0151, +0.0132, +0.0130, +0.0129, +0.0128, +0.0140, +0.0117, +0.0101, +0.0120, +0.0106, +0.0116, +0.0118, +0.0146, +0.0119, +0.0064, +0.0101, +0.0124, +0.0118, +0.0100, +0.0132, +0.0132, +0.0129, +0.0130, +0.0137, +0.0129, +0.0136, +0.0123, +0.0123, +0.0117, +0.0094, +0.0113, +0.0115, +0.0112, +0.0121, +0.0116, +0.0129, +0.0124, +0.0125, +0.0118, +0.0114, +0.0131, +0.0141, +0.0121, +0.0119, +0.0119, +0.0109, +0.0120, +0.0109, +0.0101, +0.0106, +0.0131, +0.0121, +0.0133, +0.0143, +0.0118, +0.0115, +0.0106, +0.0112, +0.0115, +0.0115, +0.0118, +0.0121, +0.0121, +0.0125, +0.0115, +0.0100, +0.0137, +0.0101, +0.0137, +0.0125, +0.0132, +0.0148, +0.0113, +0.0127, +0.0142, +0.0145, +0.0124, +0.0135, +0.0107, +0.0118, +0.0119, +0.0129, +0.0111, +0.0112, +0.0118, +0.0105, +0.0124, +0.0126, +0.0151, +0.0138, +0.0108, +0.0135, +0.0141, +0.0136, +0.0116, +0.0123, +0.0135, +0.0121, +0.0114, +0.0112, +0.0137, +0.0136, +0.0122, +0.0134, +0.0139, +0.0143, +0.0134, +0.0117, +0.0121, +0.0150, +0.0128, +0.0118, +0.0126, +0.0123, +0.0133, +0.0130, +0.0120, +0.0132, +0.0135, +0.0137, +0.0139, +0.0125, +0.0128, +0.0141, +0.0138, +0.0129, +0.0114, +0.0133, +0.0109, +0.0130, +0.0117, +0.0121, +0.0121, +0.0139, +0.0123, +0.0127, +0.0108, +0.0094, +0.0126, +0.0119, +0.0117, +0.0118, +0.0127, +0.0127, +0.0128, +0.0121, +0.0135, +0.0142, +0.0140, +0.0131, +0.0117, +0.0142, +0.0135, +0.0147, +0.0126, +0.0122, +0.0116, +0.0131, +0.0130, +0.0108, +0.0131, +0.0110, +0.0140, +0.0137, +0.0133, +0.0131, +0.0144, +0.0152, +0.0147, +0.0149, +0.0138, +0.0117, +0.0102, +0.0131, +0.0109, +0.0108, +0.0130, +0.0113, +0.0126, +0.0124, +0.0122, +0.0117, +0.0127, +0.0139, +0.0125, +0.0118, +0.0114, +0.0144, +0.0114, +0.0125, +0.0137, +0.0136, +0.0131, +0.0138, +0.0135, +0.0136, +0.0126, +0.0138, +0.0152, +0.0113, +0.0118, +0.0119, +0.0139, +0.0141, +0.0143, +0.0145, +0.0134, +0.0141, +0.0135, +0.0129, +0.0127, +0.0137, +0.0133, +0.0121, +0.0121, +0.0124, +0.0146, +0.0138, +0.0118, +0.0132, +0.0130, +0.0126, +0.0141, +0.0139, +0.0131, +0.0132, +0.0122, +0.0128, +0.0137, +0.0123, +0.0139, +0.0137, +0.0126, +0.0135, +0.0105, +0.0139, +0.0122, +0.0136, +0.0153, +0.0136, +0.0149, +0.0138, +0.0136, +0.0132, +0.0120, +0.0157, +0.0123, +0.0139, +0.0160, +0.0149, +0.0130, +0.0130, +0.0135, +0.0130, +0.0144, +0.0135, +0.0126, +0.0147, +0.0144, +0.0129, +0.0128, +0.0146, +0.0137, +0.0118, +0.0146, +0.0136, +0.0142, +0.0137, +0.0149, +0.0125, +0.0120, +0.0137, +0.0142, +0.0137, +0.0141, +0.0131, +0.0159, +0.0158, +0.0158, +0.0133, +0.0137, +0.0143, +0.0128, +0.0129, +0.0119, +0.0138, +0.0124, +0.0153, +0.0144, +0.0133, +0.0116, +0.0129, +0.0135, +0.0128, +0.0158, +0.0153, +0.0148, +0.0157, +0.0146, +0.0145, +0.0118, +0.0118, +0.0153, +0.0116, +0.0140, +0.0133, +0.0137, +0.0142, +0.0139, +0.0145, +0.0143, +0.0139, +0.0140, +0.0128, +0.0148, +0.0127, +0.0127, +0.0136, +0.0126, +0.0143, +0.0140, +0.0135, +0.0124, +0.0146, +0.0136, +0.0142, +0.0148, +0.0145, +0.0156, +0.0140, +0.0139, +0.0139, +0.0162, +0.0141, +0.0152, +0.0126, +0.0138, +0.0138, +0.0121, +0.0154, +0.0141, +0.0133, +0.0149, +0.0150, +0.0165, +0.0135, +0.0124, +0.0113, +0.0129, +0.0133, +0.0151, +0.0138, +0.0140, +0.0147, +0.0153, +0.0140, +0.0133, +0.0143, +0.0127, +0.0134, +0.0152, +0.0143, +0.0151, +0.0135, +0.0143, +0.0147, +0.0159, +0.0149, +0.0130, +0.0133, +0.0144, +0.0147, +0.0136, +0.0125, +0.0119, +0.0135, +0.0154, +0.0144, +0.0154, +0.0151, +0.0136, +0.0146, +0.0126, +0.0149, +0.0126, +0.0124, +0.0123, +0.0147, +0.0127, +0.0131, +0.0144, +0.0163, +0.0148, +0.0136, +0.0147, +0.0145, +0.0133, +0.0148, +0.0138, +0.0109, +0.0151, +0.0143, +0.0146, +0.0140, +0.0145, +0.0164, +0.0152, +0.0127, +0.0128, +0.0130, +0.0130, +0.0126, +0.0128, +0.0149, +0.0164, +0.0135, +0.0151, +0.0125, +0.0136, +0.0141, +0.0153, +0.0135, +0.0147, +0.0129, +0.0129, +0.0143, +0.0138, +0.0136, +0.0128, +0.0125, +0.0160, +0.0132, +0.0152, +0.0152, +0.0120, +0.0144, +0.0135, +0.0131, +0.0138, +0.0141, +0.0142, +0.0172, +0.0152, +0.0137, +0.0131, +0.0152, +0.0153, +0.0140, +0.0147, +0.0138, +0.0120, +0.0145, +0.0146, +0.0133, +0.0145, +0.0142, +0.0127, +0.0147, +0.0150, +0.0133, +0.0134, +0.0140, +0.0133, +0.0141, +0.0149, +0.0137, +0.0145, +0.0164, +0.0158, +0.0139, +0.0131, +0.0150, +0.0152, +0.0148]
                actor_loss: [-0.0002, -0.0005, -0.0003, -0.0013, -0.0010, -0.0037, -0.0012, -0.0013, -0.0011, -0.0032, -0.0057, -0.0059, -0.0055, -0.0054, -0.0056, -0.0058, -0.0065, -0.0077, -0.0077, -0.0070, -0.0068, -0.0067, -0.0064, -0.0056, -0.0058, -0.0047, -0.0052, -0.0044, -0.0058, -0.0049, -0.0055, -0.0057, -0.0066, -0.0076, -0.0056, -0.0053, -0.0049, -0.0050, -0.0050, -0.0065, -0.0064, -0.0080, -0.0065, -0.0058, -0.0076, -0.0065, -0.0074, -0.0070, -0.0085, -0.0058, -0.0091, -0.0072, -0.0084, -0.0068, -0.0078, -0.0079, -0.0089, -0.0100, -0.0091, -0.0098, -0.0106, -0.0103, -0.0113, -0.0107, -0.0102, -0.0097, -0.0119, -0.0119, -0.0104, -0.0109, -0.0099, -0.0108, -0.0104, -0.0116, -0.0101, -0.0111, -0.0105, -0.0126, -0.0123, -0.0138, -0.0111, -0.0129, -0.0111, -0.0100, -0.0124, -0.0137, -0.0134, -0.0135, -0.0119, -0.0114, -0.0126, -0.0134, -0.0139, -0.0148, -0.0132, -0.0140, -0.0121, -0.0124, -0.0128, -0.0133, -0.0135, -0.0144, -0.0151, -0.0152, -0.0125, -0.0157, -0.0148, -0.0149, -0.0167, -0.0140, -0.0171, -0.0163, -0.0146, -0.0149, -0.0155, -0.0136, -0.0142, -0.0163, -0.0173, -0.0135, -0.0152, -0.0164, -0.0163, -0.0147, -0.0152, -0.0146, -0.0171, -0.0142, -0.0158, -0.0168, -0.0143, -0.0132, -0.0135, -0.0157, -0.0168, -0.0172, -0.0176, -0.0153, -0.0165, -0.0149, -0.0158, -0.0163, -0.0166, -0.0158, -0.0161, -0.0138, -0.0151, -0.0166, -0.0144, -0.0162, -0.0149, -0.0155, -0.0156, -0.0162, -0.0157, -0.0159, -0.0136, -0.0108, -0.0162, -0.0183, -0.0143, -0.0134, -0.0149, -0.0131, -0.0153, -0.0164, -0.0152, -0.0134, -0.0146, -0.0125, -0.0165, -0.0143, -0.0138, -0.0152, -0.0137, -0.0141, -0.0168, -0.0160, -0.0148, -0.0143, -0.0150, -0.0183, -0.0152, -0.0116, -0.0149, -0.0162, -0.0162, -0.0148, -0.0126, -0.0145, -0.0159, -0.0152, -0.0151, -0.0147, -0.0147, -0.0144, -0.0181, -0.0189, -0.0170, -0.0141, -0.0164, -0.0139, -0.0139, -0.0155, -0.0147, -0.0158, -0.0163, -0.0159, -0.0163, -0.0163, -0.0142, -0.0151, -0.0201, -0.0191, -0.0177, -0.0188, -0.0150, -0.0178, -0.0168, -0.0152, -0.0159, -0.0188, -0.0148, -0.0133, -0.0153, -0.0126, -0.0172, -0.0188, -0.0129, -0.0174, -0.0169, -0.0174, -0.0189, -0.0159, -0.0184, -0.0192, -0.0123, -0.0178, -0.0176, -0.0173, -0.0208, -0.0163, -0.0172, -0.0175, -0.0187, -0.0190, -0.0170, -0.0188, -0.0186, -0.0177, -0.0185, -0.0175, -0.0206, -0.0191, -0.0173, -0.0183, -0.0171, -0.0188, -0.0171, -0.0201, -0.0184, -0.0185, -0.0194, -0.0199, -0.0185, -0.0182, -0.0170, -0.0175, -0.0167, -0.0171, -0.0141, -0.0145, -0.0182, -0.0190, -0.0186, -0.0193, -0.0193, -0.0162, -0.0180, -0.0161, -0.0154, -0.0165, -0.0165, -0.0191, -0.0195, -0.0214, -0.0205, -0.0183, -0.0177, -0.0159, -0.0183, -0.0188, -0.0185, -0.0210, -0.0185, -0.0195, -0.0184, -0.0170, -0.0190, -0.0200, -0.0190, -0.0155, -0.0168, -0.0173, -0.0192, -0.0169, -0.0146, -0.0205, -0.0202, -0.0186, -0.0174, -0.0189, -0.0178, -0.0176, -0.0191, -0.0188, -0.0153, -0.0181, -0.0193, -0.0182, -0.0169, -0.0160, -0.0173, -0.0140, -0.0161, -0.0170, -0.0179, -0.0165, -0.0192, -0.0197, -0.0175, -0.0186, -0.0170, -0.0174, -0.0180, -0.0152, -0.0151, -0.0207, -0.0176, -0.0188, -0.0144, -0.0189, -0.0188, -0.0178, -0.0182, -0.0181, -0.0188, -0.0206, -0.0201, -0.0175, -0.0203, -0.0205, -0.0202, -0.0189, -0.0186, -0.0190, -0.0210, -0.0206, -0.0187, -0.0212, -0.0179, -0.0191, -0.0176, -0.0147, -0.0175, -0.0197, -0.0199, -0.0175, -0.0193, -0.0206, -0.0181, -0.0195, -0.0193, -0.0198, -0.0205, -0.0200, -0.0194, -0.0170, -0.0157, -0.0206, -0.0205, -0.0196, -0.0212, -0.0189, -0.0209, -0.0189, -0.0190, -0.0212, -0.0210, -0.0216, -0.0220, -0.0227, -0.0218, -0.0209, -0.0220, -0.0177, -0.0215, -0.0218, -0.0227, -0.0183, -0.0211, -0.0224, -0.0201, -0.0203, -0.0190, -0.0219, -0.0229, -0.0207, -0.0182, -0.0231, -0.0212, -0.0166, -0.0205, -0.0203, -0.0204, -0.0232, -0.0203, -0.0238, -0.0213, -0.0208, -0.0233, -0.0209, -0.0215, -0.0221, -0.0221, -0.0190, -0.0182, -0.0195, -0.0220, -0.0211, -0.0231, -0.0196, -0.0212, -0.0211, -0.0229, -0.0221, -0.0178, -0.0218, -0.0203, -0.0206, -0.0218, -0.0223, -0.0231, -0.0186, -0.0219, -0.0229, -0.0220, -0.0200, -0.0206, -0.0209, -0.0161, -0.0213, -0.0186, -0.0221, -0.0215, -0.0182, -0.0219, -0.0208, -0.0200, -0.0219, -0.0208, -0.0212, -0.0197, -0.0197, -0.0224, -0.0215, -0.0211, -0.0190, -0.0223, -0.0222, -0.0201, -0.0214, -0.0181, -0.0223, -0.0200, -0.0184, -0.0160, -0.0216, -0.0218, -0.0215, -0.0226, -0.0205, -0.0170, -0.0222, -0.0188, -0.0189, -0.0204, -0.0204, -0.0182, -0.0192, -0.0215, -0.0216, -0.0202, -0.0225, -0.0223, -0.0225, -0.0205, -0.0208, -0.0215, -0.0195, -0.0216, -0.0211, -0.0216, -0.0207, -0.0201, -0.0205, -0.0204, -0.0215, -0.0190, -0.0211, -0.0223, -0.0204, -0.0216, -0.0211, -0.0225, -0.0222, -0.0202, -0.0210, -0.0221, -0.0190, -0.0201, -0.0159, -0.0203, -0.0202, -0.0222, -0.0212, -0.0199, -0.0202, -0.0215, -0.0225, -0.0217, -0.0199, -0.0202, -0.0195, -0.0199, -0.0192, -0.0217, -0.0180, -0.0191, -0.0219, -0.0211, -0.0211, -0.0216, -0.0227, -0.0214, -0.0223, -0.0222, -0.0216, -0.0180, -0.0206, -0.0201, -0.0176, -0.0211, -0.0188, -0.0221, -0.0219, -0.0184, -0.0207, -0.0219, -0.0224, -0.0223, -0.0230, -0.0197, -0.0212, -0.0206, -0.0230, -0.0216, -0.0205, -0.0214, -0.0228, -0.0214, -0.0199, -0.0212, -0.0207, -0.0215, -0.0211, -0.0194, -0.0212, -0.0192, -0.0177, -0.0203, -0.0205, -0.0218, -0.0207, -0.0220, -0.0202, -0.0200, -0.0199, -0.0208, -0.0207, -0.0200, -0.0200, -0.0202, -0.0209, -0.0226, -0.0217, -0.0208, -0.0189, -0.0212, -0.0206, -0.0197, -0.0196, -0.0192, -0.0197, -0.0194, -0.0203, -0.0209, -0.0181, -0.0214, -0.0204, -0.0205, -0.0201, -0.0202, -0.0184, -0.0206, -0.0197, -0.0209, -0.0204, -0.0181, -0.0198, -0.0202, -0.0204, -0.0194, -0.0192, -0.0208, -0.0188, -0.0205, -0.0202, -0.0211, -0.0197, -0.0208, -0.0200, -0.0203, -0.0204, -0.0204, -0.0177, -0.0203, -0.0176, -0.0195, -0.0214, -0.0195, -0.0199, -0.0193, -0.0208, -0.0194, -0.0189, -0.0196, -0.0187, -0.0206, -0.0189, -0.0202, -0.0205, -0.0191, -0.0189, -0.0180, -0.0202, -0.0195, -0.0191, -0.0190, -0.0201, -0.0192, -0.0175, -0.0197, -0.0202, -0.0202, -0.0190, -0.0200, -0.0200, -0.0195, -0.0194, -0.0184, -0.0195, -0.0170, -0.0193, -0.0196, -0.0184, -0.0199, -0.0175, -0.0187, -0.0193, -0.0184, -0.0198, -0.0187, -0.0200, -0.0183, -0.0174, -0.0191, -0.0190, -0.0182, -0.0151, -0.0189, -0.0179, -0.0166, -0.0179, -0.0183, -0.0183, -0.0170, -0.0166, -0.0165, -0.0181, -0.0181, -0.0164, -0.0184, -0.0178, -0.0152, -0.0184, -0.0181, -0.0181, -0.0170, -0.0177, -0.0171, -0.0171, -0.0182, -0.0177, -0.0171, -0.0173, -0.0163, -0.0173, -0.0166, -0.0153, -0.0171, -0.0175, -0.0183, -0.0159, -0.0153, -0.0161, -0.0176, -0.0135, -0.0158, -0.0162, -0.0166, -0.0137, -0.0162, -0.0166, -0.0160, -0.0171, -0.0159, -0.0160, -0.0163, -0.0163, -0.0162, -0.0151, -0.0159, -0.0153, -0.0151, -0.0151, -0.0157, -0.0141, -0.0155, -0.0142, -0.0153, -0.0140, -0.0149, -0.0148, -0.0116, -0.0151, -0.0151, -0.0138, -0.0122, -0.0145, -0.0141, -0.0135, -0.0140, -0.0140, -0.0131, -0.0136, -0.0131, -0.0144, -0.0133, -0.0133, -0.0129, -0.0133, -0.0135, -0.0114, -0.0131, -0.0130, -0.0132, -0.0135, -0.0132, -0.0127, -0.0128, -0.0124, -0.0125, -0.0127, -0.0129, -0.0115, -0.0121, -0.0120, -0.0120, -0.0099, -0.0114, -0.0115, -0.0119, -0.0113, -0.0112, -0.0116, -0.0115, -0.0107, -0.0110, -0.0112, -0.0111, -0.0114, -0.0085, -0.0097, -0.0075, -0.0108, -0.0042, -0.0097, -0.0102, -0.0092, -0.0098, -0.0098, -0.0100, -0.0098, -0.0101, -0.0094, -0.0092, -0.0100, -0.0093, -0.0093, -0.0090, -0.0089, -0.0054, -0.0078, -0.0084, -0.0079, -0.0080, -0.0077, -0.0076, -0.0080, -0.0081, -0.0080, -0.0080, -0.0072, -0.0073, -0.0069, -0.0074, -0.0070, -0.0067, -0.0075, -0.0064, -0.0068, -0.0068, -0.0060, -0.0061, -0.0059, -0.0062, -0.0061, -0.0049, -0.0055, -0.0052, -0.0045, -0.0050, -0.0054, -0.0041, -0.0050, -0.0022, -0.0040, -0.0044, -0.0039, -0.0041, -0.0038, -0.0042, -0.0038, -0.0039, -0.0036, -0.0029, -0.0034, -0.0034, -0.0020, -0.0028, -0.0030, -0.0028, -0.0019, -0.0027, -0.0025, -0.0026, -0.0018, -0.0025, -0.0020, -0.0020, -0.0018, -0.0021, +0.0080, -0.0014, -0.0011, -0.0013, -0.0017, -0.0010, -0.0011, -0.0007, -0.0010, -0.0007, -0.0007, -0.0012, -0.0007, -0.0004, +0.0001, -0.0003, -0.0005, -0.0003, -0.0004, -0.0005, -0.0004, +0.0071, -0.0003, +0.0007, +0.0007, -0.0003, +0.0001, +0.0000, -0.0005, -0.0008, -0.0001, -0.0006]
                value_loss: [+0.0268, +0.0198, +0.0198, +0.0178, +0.0183, +0.0155, +0.0151, +0.0164, +0.0176, +0.0201, +0.0169, +0.0217, +0.0266, +0.0289, +0.0250, +0.0266, +0.0285, +0.0315, +0.0289, +0.0282, +0.0254, +0.0265, +0.0269, +0.0280, +0.0269, +0.0283, +0.0279, +0.0260, +0.0233, +0.0228, +0.0280, +0.0285, +0.0258, +0.0268, +0.0240, +0.0264, +0.0280, +0.0283, +0.0256, +0.0266, +0.0274, +0.0254, +0.0247, +0.0256, +0.0252, +0.0256, +0.0242, +0.0228, +0.0241, +0.0227, +0.0253, +0.0261, +0.0259, +0.0269, +0.0226, +0.0246, +0.0220, +0.0238, +0.0213, +0.0227, +0.0212, +0.0204, +0.0191, +0.0208, +0.0216, +0.0201, +0.0213, +0.0212, +0.0187, +0.0206, +0.0211, +0.0219, +0.0200, +0.0220, +0.0235, +0.0223, +0.0223, +0.0225, +0.0220, +0.0210, +0.0195, +0.0199, +0.0209, +0.0211, +0.0207, +0.0229, +0.0255, +0.0231, +0.0218, +0.0232, +0.0214, +0.0219, +0.0207, +0.0207, +0.0218, +0.0205, +0.0214, +0.0225, +0.0215, +0.0205, +0.0224, +0.0216, +0.0227, +0.0246, +0.0230, +0.0210, +0.0205, +0.0217, +0.0188, +0.0216, +0.0202, +0.0228, +0.0232, +0.0201, +0.0210, +0.0210, +0.0214, +0.0226, +0.0222, +0.0237, +0.0222, +0.0236, +0.0251, +0.0225, +0.0225, +0.0210, +0.0203, +0.0214, +0.0217, +0.0216, +0.0230, +0.0239, +0.0227, +0.0236, +0.0235, +0.0231, +0.0229, +0.0238, +0.0226, +0.0232, +0.0243, +0.0219, +0.0222, +0.0224, +0.0223, +0.0226, +0.0230, +0.0222, +0.0258, +0.0238, +0.0235, +0.0241, +0.0223, +0.0225, +0.0255, +0.0235, +0.0227, +0.0220, +0.0230, +0.0221, +0.0221, +0.0210, +0.0202, +0.0224, +0.0231, +0.0204, +0.0221, +0.0245, +0.0214, +0.0269, +0.0231, +0.0262, +0.0246, +0.0237, +0.0247, +0.0252, +0.0251, +0.0232, +0.0220, +0.0259, +0.0237, +0.0206, +0.0239, +0.0235, +0.0210, +0.0201, +0.0222, +0.0223, +0.0228, +0.0243, +0.0236, +0.0224, +0.0231, +0.0221, +0.0229, +0.0211, +0.0228, +0.0215, +0.0230, +0.0247, +0.0214, +0.0234, +0.0239, +0.0261, +0.0237, +0.0239, +0.0234, +0.0242, +0.0233, +0.0225, +0.0214, +0.0220, +0.0203, +0.0204, +0.0232, +0.0216, +0.0221, +0.0230, +0.0229, +0.0212, +0.0244, +0.0231, +0.0254, +0.0224, +0.0216, +0.0255, +0.0240, +0.0241, +0.0244, +0.0237, +0.0232, +0.0236, +0.0230, +0.0238, +0.0236, +0.0247, +0.0249, +0.0243, +0.0236, +0.0233, +0.0226, +0.0214, +0.0221, +0.0236, +0.0230, +0.0263, +0.0230, +0.0216, +0.0227, +0.0234, +0.0219, +0.0217, +0.0248, +0.0230, +0.0239, +0.0228, +0.0235, +0.0223, +0.0263, +0.0207, +0.0222, +0.0216, +0.0202, +0.0232, +0.0242, +0.0205, +0.0242, +0.0264, +0.0235, +0.0227, +0.0243, +0.0269, +0.0226, +0.0222, +0.0241, +0.0234, +0.0249, +0.0229, +0.0236, +0.0211, +0.0205, +0.0242, +0.0234, +0.0230, +0.0231, +0.0214, +0.0200, +0.0234, +0.0231, +0.0229, +0.0249, +0.0251, +0.0238, +0.0225, +0.0212, +0.0225, +0.0222, +0.0219, +0.0236, +0.0231, +0.0232, +0.0222, +0.0234, +0.0223, +0.0239, +0.0226, +0.0218, +0.0220, +0.0228, +0.0231, +0.0232, +0.0214, +0.0213, +0.0239, +0.0268, +0.0244, +0.0224, +0.0224, +0.0239, +0.0230, +0.0253, +0.0237, +0.0216, +0.0228, +0.0243, +0.0235, +0.0225, +0.0227, +0.0223, +0.0219, +0.0227, +0.0226, +0.0235, +0.0236, +0.0189, +0.0235, +0.0231, +0.0212, +0.0227, +0.0229, +0.0228, +0.0230, +0.0224, +0.0214, +0.0199, +0.0232, +0.0233, +0.0213, +0.0213, +0.0215, +0.0251, +0.0235, +0.0221, +0.0212, +0.0213, +0.0245, +0.0230, +0.0222, +0.0219, +0.0214, +0.0243, +0.0254, +0.0230, +0.0241, +0.0244, +0.0223, +0.0217, +0.0228, +0.0239, +0.0221, +0.0204, +0.0212, +0.0218, +0.0237, +0.0235, +0.0218, +0.0244, +0.0246, +0.0242, +0.0229, +0.0194, +0.0223, +0.0221, +0.0249, +0.0252, +0.0240, +0.0224, +0.0230, +0.0237, +0.0228, +0.0214, +0.0211, +0.0239, +0.0231, +0.0229, +0.0244, +0.0230, +0.0203, +0.0237, +0.0242, +0.0237, +0.0240, +0.0234, +0.0259, +0.0264, +0.0236, +0.0225, +0.0220, +0.0244, +0.0231, +0.0237, +0.0245, +0.0257, +0.0255, +0.0228, +0.0243, +0.0247, +0.0213, +0.0234, +0.0242, +0.0242, +0.0228, +0.0249, +0.0236, +0.0228, +0.0236, +0.0230, +0.0262, +0.0229, +0.0240, +0.0233, +0.0277, +0.0245, +0.0248, +0.0232, +0.0230, +0.0240, +0.0236, +0.0245, +0.0223, +0.0211, +0.0216, +0.0207, +0.0237, +0.0242, +0.0256, +0.0234, +0.0234, +0.0230, +0.0264, +0.0280, +0.0231, +0.0239, +0.0233, +0.0242, +0.0248, +0.0218, +0.0237, +0.0220, +0.0231, +0.0241, +0.0219, +0.0251, +0.0263, +0.0263, +0.0254, +0.0220, +0.0230, +0.0226, +0.0233, +0.0242, +0.0242, +0.0235, +0.0244, +0.0244, +0.0212, +0.0243, +0.0205, +0.0220, +0.0233, +0.0261, +0.0278, +0.0249, +0.0246, +0.0276, +0.0259, +0.0227, +0.0227, +0.0280, +0.0253, +0.0241, +0.0258, +0.0261, +0.0251, +0.0238, +0.0259, +0.0246, +0.0245, +0.0229, +0.0239, +0.0267, +0.0242, +0.0232, +0.0268, +0.0259, +0.0237, +0.0235, +0.0219, +0.0233, +0.0252, +0.0250, +0.0271, +0.0276, +0.0242, +0.0256, +0.0232, +0.0247, +0.0238, +0.0229, +0.0255, +0.0237, +0.0236, +0.0238, +0.0232, +0.0236, +0.0212, +0.0229, +0.0216, +0.0265, +0.0234, +0.0255, +0.0270, +0.0248, +0.0237, +0.0259, +0.0251, +0.0250, +0.0253, +0.0251, +0.0248, +0.0257, +0.0276, +0.0239, +0.0218, +0.0246, +0.0224, +0.0224, +0.0213, +0.0241, +0.0263, +0.0236, +0.0239, +0.0242, +0.0279, +0.0284, +0.0262, +0.0242, +0.0220, +0.0255, +0.0260, +0.0233, +0.0201, +0.0236, +0.0255, +0.0272, +0.0246, +0.0248, +0.0255, +0.0248, +0.0241, +0.0254, +0.0253, +0.0261, +0.0258, +0.0237, +0.0234, +0.0223, +0.0246, +0.0256, +0.0249, +0.0220, +0.0225, +0.0242, +0.0236, +0.0273, +0.0286, +0.0272, +0.0267, +0.0236, +0.0278, +0.0254, +0.0259, +0.0240, +0.0265, +0.0246, +0.0238, +0.0241, +0.0224, +0.0251, +0.0264, +0.0250, +0.0246, +0.0286, +0.0265, +0.0259, +0.0241, +0.0238, +0.0278, +0.0263, +0.0276, +0.0254, +0.0259, +0.0246, +0.0221, +0.0239, +0.0277, +0.0258, +0.0250, +0.0255, +0.0254, +0.0248, +0.0260, +0.0260, +0.0298, +0.0284, +0.0259, +0.0236, +0.0273, +0.0251, +0.0257, +0.0269, +0.0257, +0.0250, +0.0253, +0.0246, +0.0270, +0.0250, +0.0249, +0.0224, +0.0242, +0.0280, +0.0265, +0.0299, +0.0284, +0.0262, +0.0258, +0.0238, +0.0247, +0.0241, +0.0267, +0.0254, +0.0256, +0.0257, +0.0270, +0.0280, +0.0266, +0.0255, +0.0262, +0.0257, +0.0270, +0.0275, +0.0278, +0.0235, +0.0252, +0.0257, +0.0290, +0.0245, +0.0242, +0.0279, +0.0281, +0.0257, +0.0276, +0.0247, +0.0300, +0.0275, +0.0308, +0.0293, +0.0264, +0.0282, +0.0261, +0.0281, +0.0260, +0.0260, +0.0244, +0.0266, +0.0271, +0.0262, +0.0253, +0.0237, +0.0257, +0.0253, +0.0234, +0.0270, +0.0229, +0.0236, +0.0244, +0.0275, +0.0282, +0.0240, +0.0257, +0.0274, +0.0296, +0.0261, +0.0259, +0.0252, +0.0245, +0.0253, +0.0260, +0.0272, +0.0289, +0.0296, +0.0299, +0.0264, +0.0257, +0.0249, +0.0263, +0.0266, +0.0278, +0.0279, +0.0271, +0.0257, +0.0257, +0.0256, +0.0290, +0.0300, +0.0276, +0.0245, +0.0292, +0.0281, +0.0265, +0.0275, +0.0276, +0.0248, +0.0257, +0.0287, +0.0283, +0.0306, +0.0284, +0.0289, +0.0274, +0.0299, +0.0290, +0.0252, +0.0237, +0.0261, +0.0267, +0.0280, +0.0283, +0.0285, +0.0280, +0.0297, +0.0275, +0.0299, +0.0289, +0.0290, +0.0252, +0.0282, +0.0286, +0.0240, +0.0264, +0.0281, +0.0260, +0.0293, +0.0264, +0.0295, +0.0274, +0.0299, +0.0281, +0.0270, +0.0282, +0.0315, +0.0261, +0.0296, +0.0270, +0.0277, +0.0279, +0.0252, +0.0266, +0.0289, +0.0290, +0.0306, +0.0274, +0.0277, +0.0268, +0.0296, +0.0286, +0.0285, +0.0293, +0.0274, +0.0271, +0.0275, +0.0284, +0.0284, +0.0303, +0.0261, +0.0275, +0.0268, +0.0281, +0.0282, +0.0272, +0.0303, +0.0290, +0.0316, +0.0315, +0.0254, +0.0258, +0.0276, +0.0304, +0.0289, +0.0297, +0.0289, +0.0295, +0.0259, +0.0279, +0.0265, +0.0296, +0.0310, +0.0266, +0.0293, +0.0261, +0.0309, +0.0332, +0.0269, +0.0291, +0.0272, +0.0301, +0.0296, +0.0262, +0.0296, +0.0276, +0.0291, +0.0295, +0.0287, +0.0295, +0.0335, +0.0311, +0.0340, +0.0321, +0.0292, +0.0306, +0.0351, +0.0258, +0.0279, +0.0318, +0.0279, +0.0288, +0.0306, +0.0271, +0.0302, +0.0306, +0.0279, +0.0296, +0.0284, +0.0292, +0.0308, +0.0278, +0.0293, +0.0279, +0.0306, +0.0312, +0.0297, +0.0296, +0.0312, +0.0313, +0.0310, +0.0291, +0.0327, +0.0282, +0.0285, +0.0335, +0.0321, +0.0285, +0.0278, +0.0296, +0.0282, +0.0309, +0.0281, +0.0357, +0.0303, +0.0303, +0.0293, +0.0278, +0.0276, +0.0257, +0.0322, +0.0343, +0.0287, +0.0308, +0.0275, +0.0326, +0.0293, +0.0299, +0.0320, +0.0262, +0.0296, +0.0257, +0.0279, +0.0304, +0.0279, +0.0279, +0.0318, +0.0336, +0.0308, +0.0287, +0.0270, +0.0304, +0.0320, +0.0315, +0.0313, +0.0323, +0.0298, +0.0295, +0.0250, +0.0308, +0.0272]
                   entropy: [+1.5965, +1.5972, +1.5935, +1.5854, +1.5616, +1.5704, +1.5640, +1.5456, +1.5429, +1.5292, +1.5028, +1.4668, +1.4379, +1.4181, +1.4031, +1.3923, +1.3684, +1.3780, +1.3587, +1.3518, +1.3264, +1.3251, +1.2889, +1.2939, +1.2783, +1.2777, +1.2701, +1.2923, +1.2728, +1.2604, +1.2411, +1.2458, +1.2343, +1.2252, +1.2260, +1.2080, +1.1976, +1.1924, +1.1528, +1.1584, +1.1380, +1.1332, +1.1272, +1.1384, +1.1416, +1.1153, +1.1210, +1.1089, +1.1413, +1.1359, +1.1542, +1.1483, +1.1349, +1.1035, +1.1438, +1.1231, +1.1239, +1.1287, +1.0964, +1.1016, +1.1144, +1.1215, +1.0941, +1.0852, +1.0776, +1.0743, +1.0603, +1.0406, +1.0745, +1.0998, +1.1078, +1.0767, +1.0548, +1.0778, +1.0642, +1.0908, +1.0719, +1.0797, +1.0769, +1.0947, +1.0495, +1.0686, +1.0711, +1.0520, +1.0811, +1.0813, +1.0251, +1.0521, +1.0371, +1.0723, +1.0657, +1.0524, +1.0727, +1.0847, +1.1081, +1.1164, +1.0932, +1.0923, +1.0705, +1.0780, +1.0527, +1.0510, +1.0276, +1.0339, +1.0468, +1.0821, +1.0610, +1.0444, +1.0371, +1.0264, +1.0676, +1.0714, +1.0869, +1.0996, +1.0524, +1.0426, +1.0775, +1.0439, +1.0609, +1.0409, +1.0304, +1.0313, +1.0208, +1.0183, +1.0324, +1.0177, +1.0159, +1.0253, +1.0526, +1.0159, +1.0077, +1.0184, +1.0129, +1.0066, +1.0407, +1.0410, +1.0337, +1.0078, +1.0019, +1.0121, +1.0224, +1.0057, +1.0256, +0.9920, +1.0530, +1.0276, +1.0453, +1.0430, +1.0332, +1.0121, +1.0056, +1.0034, +0.9674, +0.9686, +0.9994, +1.0034, +1.0053, +0.9958, +0.9901, +0.9357, +0.9530, +0.9795, +0.9871, +0.9937, +0.9863, +0.9425, +0.9933, +0.9833, +0.9542, +0.9451, +0.9427, +0.9512, +0.9636, +0.9568, +0.9793, +1.0002, +0.9902, +0.9807, +0.9865, +0.9859, +0.9697, +0.9877, +0.9620, +0.9611, +0.9654, +0.9348, +0.9753, +0.9669, +0.9814, +0.9871, +0.9830, +0.9635, +0.9646, +0.9596, +0.9634, +0.9547, +0.9359, +0.9481, +0.9556, +0.9887, +0.9942, +0.9659, +0.9834, +0.9914, +0.9824, +0.9543, +0.9658, +0.9484, +0.9676, +0.9692, +0.9767, +0.9620, +0.9744, +0.9959, +0.9943, +0.9791, +0.9510, +0.9595, +0.9496, +0.9403, +0.9697, +0.9722, +0.9477, +0.9393, +0.9289, +0.9397, +0.9506, +0.9367, +0.9324, +0.9556, +0.9623, +0.9336, +0.9368, +0.9255, +0.9332, +0.9390, +0.9436, +0.9698, +0.9784, +0.9438, +0.9206, +0.9548, +0.9739, +0.9897, +0.9508, +0.9631, +0.9622, +0.9860, +0.9825, +0.9990, +0.9790, +0.9869, +0.9696, +0.9686, +0.9546, +0.9468, +0.9436, +0.9441, +0.9494, +0.9392, +0.9562, +0.9554, +0.9550, +0.9449, +0.9418, +0.9426, +0.9391, +0.9379, +0.9296, +0.9176, +0.9358, +0.9189, +0.9285, +0.9437, +0.9316, +0.9441, +0.9495, +0.9593, +0.9506, +0.9307, +0.9407, +0.9607, +0.9136, +0.9449, +0.9424, +0.9504, +0.9257, +0.9233, +0.9498, +0.9461, +0.9440, +0.9448, +0.9300, +0.9206, +0.9372, +0.9412, +0.9621, +0.9477, +0.9147, +0.9254, +0.9420, +0.9352, +0.9072, +0.8959, +0.9202, +0.9346, +0.9003, +0.9007, +0.8807, +0.9031, +0.9141, +0.8921, +0.9104, +0.9061, +0.8941, +0.8945, +0.8912, +0.8715, +0.8613, +0.8625, +0.8857, +0.8826, +0.8987, +0.8608, +0.8622, +0.8618, +0.8898, +0.9065, +0.9179, +0.8891, +0.8723, +0.8821, +0.9152, +0.8974, +0.8706, +0.8896, +0.8985, +0.8757, +0.8937, +0.8422, +0.8702, +0.8794, +0.8767, +0.8732, +0.8901, +0.8871, +0.8740, +0.8683, +0.8872, +0.8521, +0.8606, +0.8825, +0.8848, +0.9045, +0.8836, +0.8667, +0.8437, +0.8856, +0.8662, +0.8781, +0.8892, +0.8602, +0.8891, +0.8955, +0.8804, +0.8752, +0.8438, +0.8659, +0.8363, +0.8462, +0.8587, +0.8659, +0.8785, +0.8812, +0.8676, +0.8683, +0.8747, +0.8612, +0.8689, +0.8404, +0.8518, +0.8934, +0.8849, +0.8852, +0.8219, +0.8563, +0.8891, +0.8629, +0.8625, +0.8892, +0.8996, +0.8681, +0.8764, +0.8692, +0.8815, +0.8732, +0.8800, +0.8872, +0.8940, +0.8782, +0.8870, +0.8665, +0.8804, +0.8894, +0.8769, +0.8867, +0.9016, +0.8678, +0.8582, +0.8638, +0.8607, +0.8857, +0.8761, +0.8884, +0.8878, +0.8711, +0.8845, +0.8800, +0.9031, +0.9022, +0.8649, +0.8667, +0.8549, +0.8678, +0.8460, +0.8949, +0.8645, +0.8463, +0.8530, +0.8529, +0.8592, +0.8763, +0.8748, +0.8700, +0.8718, +0.9143, +0.8563, +0.8570, +0.8280, +0.8241, +0.8353, +0.8313, +0.8461, +0.8466, +0.8357, +0.8409, +0.8332, +0.8567, +0.8574, +0.8350, +0.8675, +0.8434, +0.8404, +0.8225, +0.8479, +0.8854, +0.8541, +0.8426, +0.8551, +0.8632, +0.8214, +0.8243, +0.8317, +0.8272, +0.8164, +0.8297, +0.8329, +0.8340, +0.8530, +0.8414, +0.8583, +0.8356, +0.8370, +0.8383, +0.8493, +0.8463, +0.8352, +0.8355, +0.8223, +0.8305, +0.8200, +0.8198, +0.8128, +0.8111, +0.8225, +0.8210, +0.8423, +0.8163, +0.8266, +0.8462, +0.8229, +0.8238, +0.8360, +0.7977, +0.8074, +0.8132, +0.8054, +0.8487, +0.8502, +0.8301, +0.8242, +0.8064, +0.8362, +0.8119, +0.7968, +0.7997, +0.8042, +0.7911, +0.8261, +0.7879, +0.8048, +0.7937, +0.7977, +0.8185, +0.7844, +0.7873, +0.7870, +0.7855, +0.7800, +0.8127, +0.7938, +0.7766, +0.7829, +0.8218, +0.8127, +0.7859, +0.8115, +0.7919, +0.7843, +0.7727, +0.7758, +0.7920, +0.7915, +0.7822, +0.7778, +0.7979, +0.7921, +0.7870, +0.8067, +0.8094, +0.8252, +0.8037, +0.7918, +0.8035, +0.7860, +0.7705, +0.7819, +0.7818, +0.7921, +0.7967, +0.7817, +0.8049, +0.8013, +0.7775, +0.7761, +0.7768, +0.7836, +0.7913, +0.7933, +0.7817, +0.7831, +0.7823, +0.7997, +0.8103, +0.7799, +0.7670, +0.7753, +0.7930, +0.7867, +0.8132, +0.7726, +0.7617, +0.7586, +0.7783, +0.7522, +0.7851, +0.7611, +0.7809, +0.8091, +0.7636, +0.7780, +0.7874, +0.7652, +0.7628, +0.7640, +0.7594, +0.7535, +0.7430, +0.7410, +0.7392, +0.7366, +0.7706, +0.7337, +0.7563, +0.7473, +0.7643, +0.7519, +0.7735, +0.7599, +0.7599, +0.7886, +0.7621, +0.7864, +0.7568, +0.7491, +0.7511, +0.7539, +0.7431, +0.7351, +0.7335, +0.7240, +0.7357, +0.7547, +0.7814, +0.7550, +0.7697, +0.7655, +0.7377, +0.7450, +0.7383, +0.7368, +0.7291, +0.7551, +0.7328, +0.7378, +0.7341, +0.7369, +0.7417, +0.7268, +0.7577, +0.7377, +0.7060, +0.7334, +0.7268, +0.7213, +0.7039, +0.7100, +0.7280, +0.7214, +0.7105, +0.7389, +0.7236, +0.7283, +0.7146, +0.7156, +0.7106, +0.7119, +0.7056, +0.7006, +0.7052, +0.7015, +0.7050, +0.6992, +0.7106, +0.7097, +0.7287, +0.6987, +0.7010, +0.6935, +0.7007, +0.7000, +0.7027, +0.7121, +0.6889, +0.6897, +0.7075, +0.6852, +0.7018, +0.6986, +0.6861, +0.6975, +0.6743, +0.6995, +0.6941, +0.6887, +0.7190, +0.6808, +0.7000, +0.6753, +0.6735, +0.6801, +0.6740, +0.6846, +0.6812, +0.6749, +0.6877, +0.6633, +0.6926, +0.6700, +0.6626, +0.6708, +0.6921, +0.6930, +0.6726, +0.6971, +0.6692, +0.6639, +0.6879, +0.6593, +0.6542, +0.6885, +0.6752, +0.6667, +0.6870, +0.6712, +0.6473, +0.6676, +0.6606, +0.6636, +0.6753, +0.6930, +0.6837, +0.6674, +0.6525, +0.6482, +0.6541, +0.6447, +0.6337, +0.6510, +0.6496, +0.6624, +0.6440, +0.6513, +0.6526, +0.6567, +0.6668, +0.6509, +0.6626, +0.6310, +0.6416, +0.6433, +0.6687, +0.6490, +0.6491, +0.6391, +0.6335, +0.6365, +0.6476, +0.6291, +0.6342, +0.6402, +0.6486, +0.6407, +0.6172, +0.6591, +0.6343, +0.6297, +0.6407, +0.6255, +0.6356, +0.6306, +0.6194, +0.6131, +0.6272, +0.6348, +0.6109, +0.6335, +0.6270, +0.6250, +0.6364, +0.6245, +0.6346, +0.6259, +0.6368, +0.6409, +0.6329, +0.6123, +0.6204, +0.6170, +0.6154, +0.6204, +0.6232, +0.6359, +0.6110, +0.6202, +0.6082, +0.6273, +0.6253, +0.6181, +0.6430, +0.6209, +0.6019, +0.6026, +0.5999, +0.6112, +0.5999, +0.6203, +0.6322, +0.6441, +0.6191, +0.6124, +0.6114, +0.6233, +0.6024, +0.6078, +0.6094, +0.6019, +0.6240, +0.6114, +0.6353, +0.6252, +0.6122, +0.6130, +0.6114, +0.6173, +0.6180, +0.6040, +0.6017, +0.6178, +0.6222, +0.6219, +0.6109, +0.6145, +0.6254, +0.6186, +0.6238, +0.6169, +0.5932, +0.6093, +0.6069, +0.6003, +0.6048, +0.6100, +0.6191, +0.5915, +0.6449, +0.6376, +0.6190, +0.6171, +0.6329, +0.6328, +0.6146, +0.5981, +0.6064, +0.6259, +0.6107, +0.6089, +0.6241, +0.6179, +0.6236, +0.6356, +0.6046, +0.6047, +0.6144, +0.6322, +0.6152, +0.6034, +0.5982, +0.6447, +0.6177, +0.6152, +0.6379, +0.6304, +0.6286, +0.6112, +0.5973, +0.6331, +0.6142, +0.6466, +0.6143, +0.6251, +0.6064, +0.6241, +0.6216, +0.6480, +0.6304, +0.6070, +0.6149, +0.6168, +0.6297, +0.6422, +0.6117, +0.6223, +0.6085, +0.6170, +0.6355, +0.6267, +0.6394, +0.6304, +0.6287, +0.6396, +0.6097, +0.6022, +0.6152, +0.6175, +0.6291, +0.6232, +0.6149, +0.6252, +0.6101, +0.6348, +0.6388, +0.6184, +0.6116, +0.6382, +0.6147, +0.6193, +0.6198, +0.6074, +0.6317, +0.6387, +0.6279, +0.6263, +0.6167, +0.6262, +0.6239, +0.6193, +0.6334, +0.6284, +0.6240, +0.6304, +0.6357, +0.6061, +0.6015, +0.6093]
                entropy_t0: [+0.6930, +0.6864, +0.6569, +0.6037, +0.5464, +0.5500, +0.5345, +0.5119, +0.5128, +0.5166, +0.5809, +0.5652, +0.5801, +0.6021, +0.6072, +0.5842, +0.5907, +0.5851, +0.6032, +0.6044, +0.5949, +0.6008, +0.5810, +0.5614, +0.5799, +0.6136, +0.5943, +0.5463, +0.5434, +0.5377, +0.5849, +0.5455, +0.5275, +0.5580, +0.5666, +0.5821, +0.6034, +0.6203, +0.6075, +0.5789, +0.6065, +0.6364, +0.6441, +0.6033, +0.6515, +0.6415, +0.6401, +0.6233, +0.6240, +0.6079, +0.5939, +0.5849, +0.5886, +0.5912, +0.6148, +0.5846, +0.5637, +0.5513, +0.5348, +0.5416, +0.5325, +0.5141, +0.5335, +0.5528, +0.5308, +0.5468, +0.5594, +0.5610, +0.5665, +0.5177, +0.4747, +0.4949, +0.4870, +0.4559, +0.4694, +0.4822, +0.5072, +0.4956, +0.5296, +0.4996, +0.4255, +0.4097, +0.3517, +0.3864, +0.4170, +0.4310, +0.3897, +0.4296, +0.3691, +0.3619, +0.3488, +0.3991, +0.3897, +0.4220, +0.4164, +0.4149, +0.4136, +0.4290, +0.4270, +0.4060, +0.3886, +0.4052, +0.4140, +0.4048, +0.3866, +0.4143, +0.4036, +0.3840, +0.4077, +0.4015, +0.4095, +0.4033, +0.3476, +0.3480, +0.3304, +0.3320, +0.3612, +0.3856, +0.3672, +0.3659, +0.3533, +0.3830, +0.3553, +0.3802, +0.3743, +0.3869, +0.3930, +0.3755, +0.3425, +0.3534, +0.3141, +0.3529, +0.3616, +0.3690, +0.3290, +0.3401, +0.3528, +0.3389, +0.3330, +0.3091, +0.3059, +0.3176, +0.3199, +0.3600, +0.3368, +0.3565, +0.3670, +0.3106, +0.2873, +0.2646, +0.2440, +0.2355, +0.2115, +0.1917, +0.1857, +0.1814, +0.1797, +0.1781, +0.2199, +0.2023, +0.2314, +0.2617, +0.2717, +0.2705, +0.2483, +0.2387, +0.2644, +0.2132, +0.2351, +0.2561, +0.2279, +0.2318, +0.2456, +0.2574, +0.3036, +0.2426, +0.2358, +0.2657, +0.1898, +0.1722, +0.2169, +0.2482, +0.2183, +0.2322, +0.2251, +0.2317, +0.2375, +0.2158, +0.2060, +0.2379, +0.1764, +0.2263, +0.2111, +0.1886, +0.2326, +0.2338, +0.1634, +0.1669, +0.1356, +0.1952, +0.1970, +0.1869, +0.1780, +0.2018, +0.2253, +0.1792, +0.1753, +0.1734, +0.1664, +0.2064, +0.2297, +0.2218, +0.2143, +0.2276, +0.2265, +0.2254, +0.2462, +0.1985, +0.2187, +0.1753, +0.1777, +0.1848, +0.1970, +0.1748, +0.1690, +0.1559, +0.1256, +0.1612, +0.1752, +0.1673, +0.1795, +0.1856, +0.1882, +0.1916, +0.1946, +0.1988, +0.2070, +0.2364, +0.2141, +0.1664, +0.1913, +0.2051, +0.2204, +0.2010, +0.2201, +0.2175, +0.2468, +0.2119, +0.2220, +0.2247, +0.2688, +0.2116, +0.1968, +0.1883, +0.1926, +0.2071, +0.2057, +0.1989, +0.2380, +0.2094, +0.2263, +0.2140, +0.2387, +0.2214, +0.2450, +0.2749, +0.2337, +0.2460, +0.2200, +0.2553, +0.2690, +0.2625, +0.2727, +0.3025, +0.2812, +0.2833, +0.3130, +0.2824, +0.3299, +0.2892, +0.3195, +0.3410, +0.2977, +0.3250, +0.3203, +0.3219, +0.3388, +0.3339, +0.3324, +0.3375, +0.3786, +0.3554, +0.2944, +0.3256, +0.3388, +0.3532, +0.3303, +0.3336, +0.3040, +0.3193, +0.3183, +0.3215, +0.3048, +0.3223, +0.3279, +0.3301, +0.3157, +0.2945, +0.2793, +0.3415, +0.2900, +0.3000, +0.2879, +0.2594, +0.2848, +0.2433, +0.2925, +0.2784, +0.2695, +0.2798, +0.2409, +0.2570, +0.2647, +0.2356, +0.2873, +0.2528, +0.2835, +0.2801, +0.2472, +0.2749, +0.2837, +0.2951, +0.3263, +0.2985, +0.3030, +0.3433, +0.3390, +0.3236, +0.3111, +0.3006, +0.3119, +0.3151, +0.2946, +0.3198, +0.3416, +0.3238, +0.2793, +0.2779, +0.3149, +0.3107, +0.2759, +0.3249, +0.3616, +0.3469, +0.3217, +0.3348, +0.3100, +0.3408, +0.3458, +0.3447, +0.2999, +0.2965, +0.3250, +0.3412, +0.3302, +0.3434, +0.3338, +0.2935, +0.2814, +0.2802, +0.3079, +0.3235, +0.3424, +0.3022, +0.3458, +0.3733, +0.3604, +0.3554, +0.3531, +0.3412, +0.3404, +0.3778, +0.3597, +0.3827, +0.3458, +0.3605, +0.3814, +0.3681, +0.3633, +0.3414, +0.4012, +0.4086, +0.4384, +0.4818, +0.4417, +0.4036, +0.3762, +0.4258, +0.3919, +0.3924, +0.3843, +0.3885, +0.3723, +0.3504, +0.3869, +0.4033, +0.3871, +0.3467, +0.3746, +0.3721, +0.3608, +0.3396, +0.3389, +0.3721, +0.3658, +0.3292, +0.3384, +0.3382, +0.3395, +0.3685, +0.3259, +0.3576, +0.3396, +0.3593, +0.3561, +0.3867, +0.3973, +0.3503, +0.3746, +0.3787, +0.4045, +0.3782, +0.3520, +0.3897, +0.3871, +0.3642, +0.3664, +0.3524, +0.3315, +0.3263, +0.3281, +0.3524, +0.3408, +0.3581, +0.3632, +0.3668, +0.3309, +0.3682, +0.3540, +0.3537, +0.3617, +0.3620, +0.3613, +0.3484, +0.3988, +0.3626, +0.3759, +0.3338, +0.3899, +0.3933, +0.3849, +0.3559, +0.3598, +0.3350, +0.3558, +0.3456, +0.3865, +0.3780, +0.3360, +0.3574, +0.3600, +0.3693, +0.3776, +0.4002, +0.3907, +0.3794, +0.3819, +0.3723, +0.3636, +0.3770, +0.3326, +0.3421, +0.3235, +0.3712, +0.3755, +0.3423, +0.3627, +0.3899, +0.3388, +0.3799, +0.3735, +0.3470, +0.3472, +0.3528, +0.3488, +0.3476, +0.3597, +0.3733, +0.3471, +0.3753, +0.3769, +0.3316, +0.3593, +0.3373, +0.3362, +0.3392, +0.3435, +0.3225, +0.3891, +0.3379, +0.3399, +0.3663, +0.3168, +0.3332, +0.3510, +0.3342, +0.3217, +0.3210, +0.3328, +0.3329, +0.3348, +0.3112, +0.3191, +0.3394, +0.3135, +0.3429, +0.3375, +0.3367, +0.3370, +0.3346, +0.3473, +0.3415, +0.3351, +0.3298, +0.3480, +0.3266, +0.3614, +0.3422, +0.3382, +0.3675, +0.3553, +0.3215, +0.3307, +0.3552, +0.3371, +0.3405, +0.3390, +0.3506, +0.3302, +0.3273, +0.2995, +0.3409, +0.3545, +0.3053, +0.3192, +0.3153, +0.3283, +0.3604, +0.3067, +0.3105, +0.3300, +0.3560, +0.3214, +0.3128, +0.2910, +0.3356, +0.3241, +0.3645, +0.3224, +0.3590, +0.3477, +0.3238, +0.3018, +0.3525, +0.3456, +0.3386, +0.3443, +0.3311, +0.3450, +0.3500, +0.3619, +0.3279, +0.3572, +0.3381, +0.3190, +0.3246, +0.3418, +0.3699, +0.3534, +0.3547, +0.3436, +0.3562, +0.3491, +0.3513, +0.3254, +0.3670, +0.3353, +0.3661, +0.3798, +0.3614, +0.3529, +0.3470, +0.3403, +0.3423, +0.3427, +0.3700, +0.3485, +0.3104, +0.3329, +0.3599, +0.3239, +0.3376, +0.3582, +0.3609, +0.3404, +0.3386, +0.3234, +0.3691, +0.3467, +0.3294, +0.3668, +0.3682, +0.3490, +0.3237, +0.3401, +0.3390, +0.3286, +0.3713, +0.3423, +0.3513, +0.3246, +0.3273, +0.3597, +0.3175, +0.3221, +0.3506, +0.3433, +0.3479, +0.3579, +0.3521, +0.3393, +0.3396, +0.3246, +0.3196, +0.3277, +0.3372, +0.3393, +0.3236, +0.3485, +0.3568, +0.3262, +0.3310, +0.3285, +0.3391, +0.3371, +0.3325, +0.3366, +0.3427, +0.3124, +0.3345, +0.3309, +0.3233, +0.3404, +0.3195, +0.3483, +0.3197, +0.3434, +0.3407, +0.3124, +0.3390, +0.3177, +0.3219, +0.3481, +0.3473, +0.3198, +0.3184, +0.3219, +0.3090, +0.3151, +0.3378, +0.3255, +0.3343, +0.3357, +0.3500, +0.3316, +0.3396, +0.3356, +0.3462, +0.3393, +0.3261, +0.3401, +0.3272, +0.3441, +0.3406, +0.3395, +0.3031, +0.3342, +0.3417, +0.3283, +0.3378, +0.3017, +0.3014, +0.3330, +0.3402, +0.3324, +0.3166, +0.2971, +0.3182, +0.3111, +0.3018, +0.2967, +0.3091, +0.3092, +0.3151, +0.2880, +0.3079, +0.2702, +0.2647, +0.3050, +0.2918, +0.2899, +0.2977, +0.3200, +0.2827, +0.3094, +0.3045, +0.3393, +0.3314, +0.3065, +0.2994, +0.3041, +0.3386, +0.3108, +0.2794, +0.3050, +0.3142, +0.2830, +0.2897, +0.3083, +0.3086, +0.2770, +0.2888, +0.2883, +0.2738, +0.3082, +0.2990, +0.3013, +0.3072, +0.3089, +0.3217, +0.2928, +0.2983, +0.2747, +0.2905, +0.2898, +0.2983, +0.3095, +0.2861, +0.3148, +0.3278, +0.2921, +0.3057, +0.3212, +0.3221, +0.3194, +0.2814, +0.2889, +0.3105, +0.2935, +0.2782, +0.2955, +0.3073, +0.3149, +0.2998, +0.2849, +0.2610, +0.3113, +0.3027, +0.2891, +0.2963, +0.2684, +0.2827, +0.3146, +0.2988, +0.2937, +0.2803, +0.3129, +0.3166, +0.3043, +0.2931, +0.2740, +0.3023, +0.3155, +0.2915, +0.2662, +0.2946, +0.2919, +0.2601, +0.2890, +0.2904, +0.2814, +0.2893, +0.3057, +0.2849, +0.2781, +0.3108, +0.2974, +0.2942, +0.2979, +0.2656, +0.2603, +0.3098, +0.2682, +0.2817, +0.2741, +0.2817, +0.2681, +0.2872, +0.2937, +0.2828, +0.2870, +0.2781, +0.3144, +0.2775, +0.2604, +0.2742, +0.2768, +0.2685, +0.2676, +0.2701, +0.2659, +0.2654, +0.2904, +0.2859, +0.2757, +0.2809, +0.2519, +0.2691, +0.2539, +0.2770, +0.2905, +0.2613, +0.2746, +0.2923, +0.2963, +0.2596, +0.2638, +0.2959, +0.2955, +0.2982, +0.2985, +0.2844, +0.3241, +0.2830, +0.2664, +0.2672, +0.2656, +0.2783, +0.2698, +0.2317, +0.2638, +0.2628, +0.2813, +0.2676, +0.2968, +0.3034, +0.2967, +0.3032, +0.2873, +0.2619, +0.2770, +0.2654, +0.2773, +0.2988, +0.2776, +0.2859, +0.2792, +0.2917, +0.2895, +0.2937, +0.2770, +0.2880, +0.2687, +0.2878, +0.2686, +0.2935, +0.2516, +0.2808, +0.2970, +0.2647, +0.2604, +0.3070, +0.2949, +0.2708, +0.2763, +0.2998, +0.3005, +0.2989, +0.2763, +0.2841, +0.2527, +0.2766, +0.2768, +0.2936, +0.2934, +0.2603, +0.2685, +0.2920, +0.2761, +0.2828, +0.2890, +0.2696, +0.2694, +0.3100, +0.2865]
              entropy_tge1: [+1.6093, +1.6081, +1.6051, +1.5971, +1.5740, +1.5829, +1.5758, +1.5582, +1.5555, +1.5422, +1.5143, +1.4786, +1.4497, +1.4300, +1.4148, +1.4045, +1.3806, +1.3908, +1.3720, +1.3648, +1.3398, +1.3386, +1.3019, +1.3077, +1.2909, +1.2912, +1.2841, +1.3062, +1.2875, +1.2740, +1.2542, +1.2598, +1.2491, +1.2396, +1.2394, +1.2205, +1.2108, +1.2043, +1.1639, +1.1706, +1.1501, +1.1437, +1.1368, +1.1497, +1.1519, +1.1252, +1.1311, +1.1183, +1.1522, +1.1459, +1.1661, +1.1602, +1.1468, +1.1154, +1.1542, +1.1345, +1.1356, +1.1408, +1.1093, +1.1132, +1.1270, +1.1334, +1.1058, +1.0961, +1.0897, +1.0860, +1.0709, +1.0520, +1.0856, +1.1120, +1.1203, +1.0894, +1.0679, +1.0915, +1.0779, +1.1042, +1.0841, +1.0935, +1.0892, +1.1075, +1.0629, +1.0814, +1.0856, +1.0670, +1.0954, +1.0958, +1.0402, +1.0656, +1.0515, +1.0870, +1.0797, +1.0674, +1.0872, +1.0998, +1.1241, +1.1321, +1.1086, +1.1065, +1.0845, +1.0923, +1.0664, +1.0649, +1.0418, +1.0487, +1.0617, +1.0962, +1.0745, +1.0601, +1.0523, +1.0422, +1.0824, +1.0865, +1.1034, +1.1157, +1.0686, +1.0579, +1.0922, +1.0589, +1.0761, +1.0559, +1.0446, +1.0461, +1.0366, +1.0328, +1.0473, +1.0319, +1.0306, +1.0394, +1.0676, +1.0317, +1.0218, +1.0327, +1.0280, +1.0218, +1.0567, +1.0565, +1.0490, +1.0237, +1.0177, +1.0278, +1.0384, +1.0212, +1.0413, +1.0080, +1.0681, +1.0415, +1.0599, +1.0593, +1.0497, +1.0296, +1.0228, +1.0199, +0.9851, +0.9872, +1.0166, +1.0205, +1.0219, +1.0127, +1.0072, +0.9534, +0.9690, +0.9948, +1.0028, +1.0095, +1.0025, +0.9595, +1.0082, +1.0004, +0.9710, +0.9612, +0.9594, +0.9675, +0.9791, +0.9732, +0.9943, +1.0163, +1.0067, +0.9979, +1.0039, +1.0030, +0.9864, +1.0046, +0.9787, +0.9766, +0.9828, +0.9514, +0.9919, +0.9856, +0.9996, +1.0032, +1.0004, +0.9798, +0.9817, +0.9776, +0.9802, +0.9706, +0.9538, +0.9666, +0.9755, +1.0067, +1.0115, +0.9836, +1.0017, +1.0087, +1.0002, +0.9720, +0.9836, +0.9670, +0.9867, +0.9873, +0.9939, +0.9799, +0.9928, +1.0128, +1.0117, +0.9962, +0.9676, +0.9777, +0.9678, +0.9580, +0.9874, +0.9886, +0.9654, +0.9576, +0.9463, +0.9573, +0.9692, +0.9556, +0.9496, +0.9734, +0.9801, +0.9521, +0.9545, +0.9427, +0.9507, +0.9566, +0.9598, +0.9858, +0.9951, +0.9622, +0.9386, +0.9709, +0.9900, +1.0067, +0.9687, +0.9795, +0.9791, +1.0039, +1.0002, +1.0173, +0.9962, +1.0045, +0.9883, +0.9864, +0.9720, +0.9640, +0.9607, +0.9615, +0.9656, +0.9561, +0.9723, +0.9714, +0.9722, +0.9619, +0.9577, +0.9580, +0.9555, +0.9538, +0.9462, +0.9335, +0.9509, +0.9349, +0.9431, +0.9574, +0.9462, +0.9597, +0.9637, +0.9748, +0.9653, +0.9450, +0.9544, +0.9743, +0.9282, +0.9590, +0.9573, +0.9651, +0.9388, +0.9372, +0.9636, +0.9600, +0.9568, +0.9580, +0.9451, +0.9350, +0.9514, +0.9546, +0.9767, +0.9612, +0.9294, +0.9404, +0.9567, +0.9490, +0.9218, +0.9100, +0.9337, +0.9480, +0.9134, +0.9150, +0.8956, +0.9159, +0.9285, +0.9067, +0.9249, +0.9214, +0.9083, +0.9098, +0.9048, +0.8856, +0.8754, +0.8771, +0.9003, +0.8970, +0.9136, +0.8758, +0.8770, +0.8771, +0.9042, +0.9205, +0.9330, +0.9032, +0.8867, +0.8959, +0.9276, +0.9108, +0.8839, +0.9017, +0.9108, +0.8891, +0.9067, +0.8553, +0.8822, +0.8928, +0.8904, +0.8861, +0.9026, +0.8996, +0.8881, +0.8824, +0.9006, +0.8655, +0.8755, +0.8962, +0.8974, +0.9166, +0.8965, +0.8795, +0.8575, +0.8986, +0.8790, +0.8909, +0.9032, +0.8744, +0.9016, +0.9073, +0.8919, +0.8878, +0.8568, +0.8794, +0.8503, +0.8605, +0.8717, +0.8787, +0.8911, +0.8954, +0.8800, +0.8804, +0.8872, +0.8727, +0.8810, +0.8532, +0.8640, +0.9051, +0.8973, +0.8967, +0.8347, +0.8684, +0.9005, +0.8748, +0.8754, +0.9020, +0.9117, +0.8798, +0.8866, +0.8787, +0.8921, +0.8843, +0.8923, +0.8976, +0.9054, +0.8896, +0.8995, +0.8784, +0.8928, +0.9027, +0.8888, +0.8979, +0.9133, +0.8811, +0.8700, +0.8758, +0.8731, +0.8983, +0.8888, +0.9005, +0.9002, +0.8847, +0.8971, +0.8930, +0.9169, +0.9140, +0.8775, +0.8789, +0.8672, +0.8800, +0.8586, +0.9068, +0.8761, +0.8583, +0.8651, +0.8646, +0.8700, +0.8879, +0.8871, +0.8816, +0.8827, +0.9255, +0.8674, +0.8695, +0.8404, +0.8363, +0.8483, +0.8438, +0.8586, +0.8587, +0.8472, +0.8526, +0.8460, +0.8683, +0.8688, +0.8465, +0.8791, +0.8548, +0.8520, +0.8348, +0.8587, +0.8958, +0.8649, +0.8550, +0.8660, +0.8738, +0.8323, +0.8361, +0.8435, +0.8395, +0.8280, +0.8416, +0.8441, +0.8449, +0.8656, +0.8527, +0.8691, +0.8466, +0.8478, +0.8483, +0.8605, +0.8572, +0.8463, +0.8466, +0.8335, +0.8412, +0.8317, +0.8316, +0.8253, +0.8216, +0.8333, +0.8325, +0.8534, +0.8264, +0.8379, +0.8566, +0.8334, +0.8357, +0.8479, +0.8089, +0.8193, +0.8243, +0.8157, +0.8594, +0.8619, +0.8407, +0.8348, +0.8177, +0.8476, +0.8233, +0.8080, +0.8105, +0.8144, +0.8030, +0.8360, +0.7992, +0.8160, +0.8043, +0.8106, +0.8301, +0.7950, +0.7990, +0.7991, +0.7968, +0.7910, +0.8238, +0.8046, +0.7876, +0.7944, +0.8330, +0.8244, +0.7965, +0.8224, +0.8028, +0.7951, +0.7842, +0.7866, +0.8023, +0.8031, +0.7938, +0.7887, +0.8090, +0.8025, +0.7983, +0.8179, +0.8197, +0.8363, +0.8162, +0.8036, +0.8142, +0.7972, +0.7813, +0.7933, +0.7925, +0.8031, +0.8080, +0.7944, +0.8163, +0.8119, +0.7891, +0.7871, +0.7884, +0.7950, +0.8015, +0.8054, +0.7935, +0.7945, +0.7931, +0.8114, +0.8226, +0.7926, +0.7779, +0.7864, +0.8029, +0.7983, +0.8236, +0.7833, +0.7720, +0.7697, +0.7884, +0.7625, +0.7959, +0.7712, +0.7911, +0.8193, +0.7739, +0.7878, +0.7982, +0.7748, +0.7732, +0.7750, +0.7700, +0.7635, +0.7524, +0.7511, +0.7491, +0.7464, +0.7806, +0.7436, +0.7665, +0.7582, +0.7740, +0.7619, +0.7829, +0.7695, +0.7698, +0.7986, +0.7725, +0.7966, +0.7676, +0.7595, +0.7606, +0.7640, +0.7544, +0.7458, +0.7433, +0.7346, +0.7457, +0.7641, +0.7908, +0.7653, +0.7797, +0.7756, +0.7468, +0.7542, +0.7482, +0.7457, +0.7376, +0.7648, +0.7429, +0.7481, +0.7436, +0.7465, +0.7506, +0.7368, +0.7672, +0.7477, +0.7155, +0.7428, +0.7368, +0.7314, +0.7128, +0.7192, +0.7373, +0.7307, +0.7199, +0.7483, +0.7327, +0.7380, +0.7248, +0.7255, +0.7201, +0.7215, +0.7151, +0.7095, +0.7140, +0.7107, +0.7143, +0.7085, +0.7200, +0.7188, +0.7383, +0.7075, +0.7104, +0.7031, +0.7094, +0.7093, +0.7121, +0.7212, +0.6985, +0.6985, +0.7171, +0.6936, +0.7104, +0.7081, +0.6949, +0.7067, +0.6833, +0.7085, +0.7026, +0.6980, +0.7282, +0.6900, +0.7095, +0.6845, +0.6825, +0.6891, +0.6828, +0.6933, +0.6895, +0.6834, +0.6960, +0.6720, +0.7010, +0.6784, +0.6716, +0.6795, +0.7009, +0.7017, +0.6808, +0.7059, +0.6787, +0.6723, +0.6965, +0.6679, +0.6624, +0.6980, +0.6844, +0.6753, +0.6959, +0.6793, +0.6559, +0.6769, +0.6695, +0.6726, +0.6852, +0.7026, +0.6925, +0.6765, +0.6611, +0.6572, +0.6629, +0.6540, +0.6438, +0.6605, +0.6593, +0.6715, +0.6527, +0.6598, +0.6618, +0.6653, +0.6756, +0.6588, +0.6706, +0.6397, +0.6504, +0.6517, +0.6766, +0.6572, +0.6583, +0.6473, +0.6421, +0.6460, +0.6570, +0.6378, +0.6427, +0.6497, +0.6572, +0.6490, +0.6262, +0.6673, +0.6430, +0.6378, +0.6492, +0.6335, +0.6436, +0.6394, +0.6278, +0.6216, +0.6359, +0.6435, +0.6190, +0.6414, +0.6354, +0.6327, +0.6438, +0.6332, +0.6431, +0.6335, +0.6445, +0.6493, +0.6417, +0.6207, +0.6285, +0.6254, +0.6244, +0.6288, +0.6314, +0.6441, +0.6196, +0.6287, +0.6175, +0.6349, +0.6336, +0.6264, +0.6514, +0.6304, +0.6101, +0.6097, +0.6078, +0.6196, +0.6088, +0.6281, +0.6399, +0.6521, +0.6272, +0.6209, +0.6196, +0.6311, +0.6103, +0.6168, +0.6178, +0.6098, +0.6330, +0.6197, +0.6437, +0.6338, +0.6208, +0.6209, +0.6201, +0.6258, +0.6259, +0.6120, +0.6100, +0.6263, +0.6311, +0.6308, +0.6187, +0.6235, +0.6341, +0.6270, +0.6319, +0.6257, +0.6015, +0.6175, +0.6155, +0.6086, +0.6130, +0.6176, +0.6275, +0.6002, +0.6539, +0.6463, +0.6275, +0.6262, +0.6418, +0.6420, +0.6236, +0.6065, +0.6148, +0.6349, +0.6193, +0.6183, +0.6331, +0.6275, +0.6325, +0.6437, +0.6136, +0.6131, +0.6228, +0.6407, +0.6244, +0.6128, +0.6061, +0.6533, +0.6255, +0.6231, +0.6466, +0.6379, +0.6372, +0.6203, +0.6065, +0.6423, +0.6231, +0.6557, +0.6240, +0.6344, +0.6156, +0.6328, +0.6309, +0.6568, +0.6384, +0.6151, +0.6228, +0.6250, +0.6388, +0.6513, +0.6212, +0.6309, +0.6168, +0.6259, +0.6438, +0.6359, +0.6481, +0.6389, +0.6374, +0.6489, +0.6179, +0.6117, +0.6239, +0.6263, +0.6375, +0.6332, +0.6239, +0.6336, +0.6193, +0.6444, +0.6467, +0.6268, +0.6206, +0.6471, +0.6229, +0.6276, +0.6276, +0.6161, +0.6409, +0.6483, +0.6368, +0.6353, +0.6247, +0.6346, +0.6337, +0.6282, +0.6423, +0.6382, +0.6332, +0.6392, +0.6448, +0.6149, +0.6093, +0.6177]
              t0_alloc_red: [+0.4783, +0.4936, +0.3872, +0.3467, +0.2664, +0.2086, +0.2794, +0.1931, +0.2421, +0.1872, +0.2196, +0.2945, +0.2757, +0.2921, +0.2645, +0.3119, +0.2684, +0.2672, +0.2827, +0.3053, +0.2940, +0.3133, +0.3178, +0.2506, +0.2599, +0.3147, +0.3331, +0.2560, +0.2254, +0.2619, +0.2682, +0.2694, +0.2194, +0.2343, +0.2802, +0.3271, +0.3336, +0.3454, +0.3054, +0.2942, +0.3208, +0.3358, +0.3941, +0.3274, +0.4126, +0.3915, +0.4500, +0.5185, +0.5206, +0.5559, +0.5806, +0.5652, +0.4747, +0.4868, +0.4500, +0.4372, +0.4228, +0.4030, +0.4008, +0.3462, +0.3326, +0.2804, +0.3435, +0.3177, +0.3160, +0.2807, +0.3277, +0.3698, +0.3468, +0.2998, +0.2756, +0.2414, +0.2722, +0.1993, +0.2158, +0.2160, +0.3000, +0.2952, +0.3257, +0.2790, +0.1968, +0.2053, +0.1710, +0.1986, +0.1747, +0.2097, +0.1879, +0.2301, +0.1911, +0.1905, +0.1615, +0.1568, +0.2218, +0.2122, +0.2435, +0.2350, +0.2257, +0.2527, +0.2566, +0.2525, +0.2592, +0.2681, +0.2634, +0.2604, +0.2114, +0.2678, +0.2179, +0.2215, +0.2331, +0.2179, +0.2315, +0.2283, +0.1483, +0.1818, +0.1534, +0.1452, +0.1562, +0.1760, +0.1810, +0.2083, +0.1916, +0.2014, +0.2161, +0.2366, +0.2253, +0.2159, +0.2232, +0.2100, +0.2322, +0.2066, +0.1636, +0.1748, +0.2351, +0.2203, +0.1716, +0.1725, +0.1630, +0.2233, +0.1832, +0.1838, +0.1617, +0.1662, +0.1586, +0.1945, +0.1710, +0.2034, +0.2028, +0.1613, +0.1488, +0.1244, +0.1098, +0.1057, +0.0922, +0.0836, +0.0888, +0.0596, +0.0783, +0.0624, +0.0856, +0.0706, +0.1141, +0.1282, +0.1456, +0.1284, +0.1317, +0.1159, +0.1227, +0.0970, +0.1158, +0.1305, +0.1185, +0.1299, +0.1314, +0.1400, +0.1683, +0.1306, +0.1392, +0.1276, +0.0941, +0.0894, +0.1042, +0.1268, +0.1311, +0.1076, +0.1062, +0.1092, +0.1232, +0.1161, +0.0808, +0.1001, +0.0796, +0.1224, +0.1068, +0.0795, +0.1254, +0.1104, +0.0898, +0.0588, +0.0526, +0.0746, +0.1172, +0.0898, +0.0742, +0.1016, +0.1097, +0.0905, +0.0789, +0.0691, +0.0688, +0.0795, +0.1109, +0.1127, +0.0955, +0.1121, +0.1123, +0.1056, +0.1113, +0.1033, +0.0995, +0.0898, +0.0889, +0.0769, +0.1031, +0.0837, +0.0865, +0.0777, +0.0586, +0.0904, +0.0734, +0.0836, +0.0760, +0.0825, +0.0767, +0.0795, +0.0908, +0.1120, +0.1113, +0.1151, +0.1004, +0.0873, +0.0835, +0.1009, +0.1001, +0.1017, +0.1295, +0.1229, +0.1252, +0.1167, +0.1346, +0.1167, +0.1323, +0.0964, +0.1080, +0.0866, +0.0871, +0.0971, +0.1227, +0.1080, +0.1174, +0.1027, +0.1164, +0.0907, +0.1096, +0.1135, +0.1155, +0.1391, +0.1212, +0.1230, +0.1096, +0.1289, +0.1382, +0.1270, +0.1345, +0.1590, +0.1761, +0.1517, +0.1790, +0.1722, +0.1939, +0.1580, +0.2020, +0.2096, +0.1636, +0.1752, +0.2286, +0.2069, +0.2526, +0.1989, +0.2191, +0.2377, +0.2529, +0.2656, +0.2016, +0.1948, +0.2304, +0.2011, +0.2103, +0.2067, +0.1808, +0.2150, +0.1838, +0.2033, +0.2106, +0.2234, +0.2295, +0.2339, +0.2194, +0.1905, +0.1755, +0.2341, +0.2111, +0.2069, +0.1914, +0.1677, +0.1624, +0.1728, +0.1713, +0.1845, +0.1730, +0.1750, +0.1531, +0.1589, +0.1735, +0.1404, +0.1598, +0.1562, +0.1737, +0.1742, +0.1390, +0.1510, +0.1701, +0.1639, +0.1930, +0.1904, +0.1960, +0.1892, +0.1975, +0.1978, +0.2352, +0.1839, +0.2089, +0.2303, +0.1910, +0.2119, +0.2379, +0.2034, +0.1889, +0.1886, +0.2046, +0.2103, +0.1703, +0.1672, +0.2281, +0.2253, +0.2191, +0.2255, +0.2226, +0.2311, +0.2502, +0.2412, +0.2120, +0.1929, +0.2069, +0.2291, +0.1895, +0.2428, +0.2361, +0.1812, +0.1663, +0.1652, +0.2235, +0.2186, +0.2204, +0.1929, +0.2457, +0.2741, +0.2839, +0.2653, +0.2276, +0.2480, +0.2569, +0.2700, +0.2638, +0.2886, +0.2168, +0.3060, +0.3134, +0.2570, +0.2517, +0.2327, +0.2875, +0.2830, +0.3406, +0.3634, +0.3764, +0.3693, +0.2913, +0.3375, +0.2857, +0.3127, +0.2973, +0.2991, +0.2961, +0.2829, +0.3092, +0.3300, +0.3229, +0.2590, +0.2810, +0.3155, +0.2441, +0.2470, +0.2319, +0.2700, +0.2539, +0.2495, +0.3072, +0.2580, +0.2298, +0.3371, +0.2465, +0.2626, +0.2573, +0.2608, +0.2479, +0.3211, +0.3607, +0.3224, +0.3286, +0.3358, +0.3472, +0.3280, +0.2834, +0.3737, +0.3757, +0.3552, +0.3166, +0.2917, +0.2829, +0.2959, +0.2597, +0.3017, +0.2958, +0.3306, +0.3545, +0.3430, +0.3443, +0.3217, +0.3248, +0.2874, +0.3270, +0.3058, +0.3378, +0.2694, +0.3649, +0.3589, +0.3601, +0.3325, +0.3378, +0.3861, +0.3387, +0.3402, +0.3182, +0.2988, +0.3166, +0.2747, +0.3157, +0.3138, +0.2679, +0.3061, +0.3082, +0.3075, +0.3399, +0.4001, +0.3372, +0.3204, +0.3430, +0.3472, +0.3216, +0.3336, +0.2755, +0.3176, +0.3223, +0.3130, +0.3088, +0.3400, +0.3057, +0.3419, +0.3150, +0.3222, +0.3766, +0.3440, +0.3488, +0.3854, +0.3857, +0.3851, +0.4433, +0.4447, +0.4321, +0.4221, +0.3780, +0.3353, +0.3665, +0.3286, +0.2975, +0.2757, +0.3075, +0.2754, +0.3061, +0.2902, +0.2826, +0.3204, +0.2309, +0.3168, +0.3046, +0.3155, +0.2841, +0.3134, +0.3031, +0.2599, +0.2581, +0.2457, +0.2628, +0.2565, +0.2502, +0.3121, +0.3320, +0.3160, +0.2987, +0.3001, +0.3118, +0.3041, +0.3166, +0.3109, +0.3486, +0.3375, +0.3497, +0.3084, +0.3175, +0.3677, +0.3395, +0.3468, +0.3282, +0.3607, +0.3240, +0.3573, +0.3651, +0.3651, +0.3214, +0.2886, +0.3055, +0.2690, +0.3163, +0.3219, +0.3180, +0.3158, +0.3114, +0.3531, +0.3002, +0.3044, +0.3234, +0.3766, +0.2983, +0.3026, +0.2440, +0.2944, +0.3501, +0.3708, +0.3100, +0.3508, +0.3811, +0.3276, +0.3055, +0.3727, +0.3448, +0.3540, +0.3512, +0.3146, +0.3635, +0.3850, +0.4176, +0.3534, +0.4137, +0.3795, +0.3476, +0.3744, +0.3965, +0.4036, +0.4236, +0.3717, +0.3675, +0.3907, +0.3773, +0.3706, +0.3954, +0.4155, +0.4287, +0.4679, +0.4295, +0.3738, +0.3942, +0.4469, +0.4142, +0.3778, +0.3657, +0.4239, +0.4070, +0.2968, +0.3619, +0.3931, +0.3559, +0.3522, +0.4268, +0.3941, +0.4029, +0.3653, +0.3684, +0.4019, +0.4158, +0.4071, +0.4390, +0.4185, +0.3898, +0.3405, +0.3743, +0.3586, +0.3865, +0.4465, +0.3826, +0.4611, +0.4481, +0.3621, +0.4134, +0.3160, +0.3666, +0.3924, +0.4296, +0.4419, +0.4291, +0.4321, +0.3975, +0.3784, +0.3432, +0.3920, +0.4213, +0.4169, +0.4473, +0.4318, +0.3990, +0.4010, +0.3881, +0.3529, +0.3564, +0.3765, +0.3769, +0.3426, +0.3917, +0.3789, +0.3483, +0.3784, +0.3350, +0.3500, +0.4239, +0.3269, +0.3619, +0.3335, +0.3957, +0.4250, +0.3177, +0.3885, +0.3997, +0.3910, +0.4123, +0.3727, +0.3389, +0.3815, +0.3719, +0.3511, +0.3186, +0.3832, +0.3507, +0.3944, +0.3243, +0.3678, +0.3496, +0.3396, +0.3664, +0.3714, +0.4168, +0.3797, +0.3988, +0.3819, +0.3256, +0.3693, +0.4185, +0.3353, +0.3729, +0.3825, +0.3706, +0.3871, +0.3524, +0.3600, +0.4157, +0.3558, +0.3856, +0.3822, +0.3331, +0.3430, +0.3716, +0.3260, +0.2990, +0.3428, +0.2708, +0.3272, +0.2729, +0.2943, +0.2611, +0.2652, +0.2999, +0.3109, +0.3075, +0.3445, +0.3584, +0.2807, +0.3298, +0.3065, +0.3431, +0.3447, +0.3211, +0.3364, +0.3109, +0.3616, +0.3778, +0.2977, +0.3327, +0.3218, +0.2898, +0.3035, +0.3097, +0.3652, +0.3280, +0.3436, +0.2753, +0.3539, +0.3822, +0.3333, +0.3979, +0.3868, +0.3731, +0.3626, +0.3988, +0.3211, +0.3116, +0.3053, +0.3143, +0.3394, +0.3613, +0.3492, +0.3602, +0.3716, +0.3365, +0.3631, +0.3966, +0.3982, +0.4286, +0.4085, +0.3884, +0.3986, +0.3518, +0.2768, +0.3337, +0.3455, +0.3646, +0.3201, +0.3171, +0.2772, +0.3457, +0.3696, +0.3532, +0.3961, +0.3310, +0.3321, +0.3207, +0.3343, +0.3172, +0.3429, +0.4232, +0.3921, +0.3759, +0.4005, +0.3067, +0.3536, +0.3678, +0.3539, +0.3232, +0.3326, +0.3626, +0.2833, +0.3479, +0.3206, +0.3109, +0.3343, +0.3489, +0.2818, +0.2853, +0.3758, +0.3034, +0.2846, +0.3136, +0.3087, +0.2819, +0.3345, +0.3087, +0.3066, +0.2864, +0.3120, +0.2841, +0.3239, +0.2999, +0.3132, +0.3167, +0.2895, +0.3434, +0.2805, +0.3499, +0.3509, +0.3306, +0.3149, +0.3058, +0.2619, +0.2932, +0.2774, +0.2770, +0.2786, +0.2793, +0.2762, +0.2546, +0.2780, +0.2716, +0.3118, +0.2859, +0.2507, +0.2905, +0.3456, +0.3712, +0.2758, +0.2408, +0.2827, +0.3435, +0.3242, +0.2985, +0.2987, +0.3419, +0.3298, +0.2509, +0.3004, +0.2722, +0.2850, +0.2621, +0.2702, +0.2548, +0.2593, +0.2778, +0.3087, +0.2971, +0.3645, +0.2725, +0.3124, +0.3197, +0.2565, +0.3333, +0.2865, +0.3012, +0.3135, +0.3288, +0.3247, +0.2911, +0.3309, +0.3135, +0.2734, +0.2929, +0.3128, +0.3186, +0.2901, +0.2912, +0.3136, +0.2532, +0.2729, +0.3354, +0.2779, +0.2973, +0.3154, +0.2878, +0.2844, +0.2977, +0.3141, +0.3295, +0.2968, +0.3058, +0.2883, +0.2883, +0.2768, +0.2960, +0.2999, +0.3149, +0.2880, +0.2500, +0.2784, +0.2659, +0.2851, +0.3284, +0.3062, +0.2873, +0.3337, +0.3016]
             t0_alloc_blue: [+0.5217, +0.5064, +0.6128, +0.6533, +0.7336, +0.7914, +0.7206, +0.8069, +0.7579, +0.8128, +0.7804, +0.7055, +0.7243, +0.7079, +0.7355, +0.6881, +0.7316, +0.7328, +0.7173, +0.6947, +0.7060, +0.6867, +0.6822, +0.7494, +0.7401, +0.6853, +0.6669, +0.7440, +0.7746, +0.7381, +0.7318, +0.7306, +0.7806, +0.7657, +0.7198, +0.6729, +0.6664, +0.6546, +0.6946, +0.7058, +0.6792, +0.6642, +0.6059, +0.6726, +0.5874, +0.6085, +0.5500, +0.4815, +0.4794, +0.4441, +0.4194, +0.4348, +0.5253, +0.5132, +0.5500, +0.5628, +0.5772, +0.5970, +0.5992, +0.6538, +0.6674, +0.7196, +0.6565, +0.6823, +0.6840, +0.7193, +0.6723, +0.6302, +0.6532, +0.7002, +0.7244, +0.7586, +0.7278, +0.8007, +0.7842, +0.7840, +0.7000, +0.7048, +0.6743, +0.7210, +0.8032, +0.7947, +0.8290, +0.8014, +0.8253, +0.7903, +0.8121, +0.7699, +0.8089, +0.8095, +0.8385, +0.8432, +0.7782, +0.7878, +0.7565, +0.7650, +0.7743, +0.7473, +0.7434, +0.7475, +0.7408, +0.7319, +0.7366, +0.7396, +0.7886, +0.7322, +0.7821, +0.7785, +0.7669, +0.7821, +0.7685, +0.7717, +0.8517, +0.8182, +0.8466, +0.8548, +0.8438, +0.8240, +0.8190, +0.7917, +0.8084, +0.7986, +0.7839, +0.7634, +0.7747, +0.7841, +0.7768, +0.7900, +0.7678, +0.7934, +0.8364, +0.8252, +0.7649, +0.7797, +0.8284, +0.8275, +0.8370, +0.7767, +0.8168, +0.8162, +0.8383, +0.8338, +0.8414, +0.8055, +0.8290, +0.7966, +0.7972, +0.8387, +0.8512, +0.8756, +0.8902, +0.8943, +0.9078, +0.9164, +0.9112, +0.9404, +0.9217, +0.9376, +0.9144, +0.9294, +0.8859, +0.8718, +0.8544, +0.8716, +0.8683, +0.8841, +0.8773, +0.9030, +0.8842, +0.8695, +0.8815, +0.8701, +0.8686, +0.8600, +0.8317, +0.8694, +0.8608, +0.8724, +0.9059, +0.9106, +0.8958, +0.8732, +0.8689, +0.8924, +0.8938, +0.8908, +0.8768, +0.8839, +0.9192, +0.8999, +0.9204, +0.8776, +0.8932, +0.9205, +0.8746, +0.8896, +0.9102, +0.9412, +0.9474, +0.9254, +0.8828, +0.9102, +0.9258, +0.8984, +0.8903, +0.9095, +0.9211, +0.9309, +0.9312, +0.9205, +0.8891, +0.8873, +0.9045, +0.8879, +0.8877, +0.8944, +0.8887, +0.8967, +0.9005, +0.9102, +0.9111, +0.9231, +0.8969, +0.9163, +0.9135, +0.9223, +0.9414, +0.9096, +0.9266, +0.9164, +0.9240, +0.9175, +0.9233, +0.9205, +0.9092, +0.8880, +0.8887, +0.8849, +0.8996, +0.9127, +0.9165, +0.8991, +0.8999, +0.8983, +0.8705, +0.8771, +0.8748, +0.8833, +0.8654, +0.8833, +0.8677, +0.9036, +0.8920, +0.9134, +0.9129, +0.9029, +0.8773, +0.8920, +0.8826, +0.8973, +0.8836, +0.9093, +0.8904, +0.8865, +0.8845, +0.8609, +0.8788, +0.8770, +0.8904, +0.8711, +0.8618, +0.8730, +0.8655, +0.8410, +0.8239, +0.8483, +0.8210, +0.8278, +0.8061, +0.8420, +0.7980, +0.7904, +0.8364, +0.8248, +0.7714, +0.7931, +0.7474, +0.8011, +0.7809, +0.7623, +0.7471, +0.7344, +0.7984, +0.8052, +0.7696, +0.7989, +0.7897, +0.7933, +0.8192, +0.7850, +0.8162, +0.7967, +0.7894, +0.7766, +0.7705, +0.7661, +0.7806, +0.8095, +0.8245, +0.7659, +0.7889, +0.7931, +0.8086, +0.8323, +0.8376, +0.8272, +0.8287, +0.8155, +0.8270, +0.8250, +0.8469, +0.8411, +0.8265, +0.8596, +0.8402, +0.8438, +0.8263, +0.8258, +0.8610, +0.8490, +0.8299, +0.8361, +0.8070, +0.8096, +0.8040, +0.8108, +0.8025, +0.8022, +0.7648, +0.8161, +0.7911, +0.7697, +0.8090, +0.7881, +0.7621, +0.7966, +0.8111, +0.8114, +0.7954, +0.7897, +0.8297, +0.8328, +0.7719, +0.7747, +0.7809, +0.7745, +0.7774, +0.7689, +0.7498, +0.7588, +0.7880, +0.8071, +0.7931, +0.7709, +0.8105, +0.7572, +0.7639, +0.8188, +0.8337, +0.8348, +0.7765, +0.7814, +0.7796, +0.8071, +0.7543, +0.7259, +0.7161, +0.7347, +0.7724, +0.7520, +0.7431, +0.7300, +0.7362, +0.7114, +0.7832, +0.6940, +0.6866, +0.7430, +0.7483, +0.7673, +0.7125, +0.7170, +0.6594, +0.6366, +0.6236, +0.6307, +0.7087, +0.6625, +0.7143, +0.6873, +0.7027, +0.7009, +0.7039, +0.7171, +0.6908, +0.6700, +0.6771, +0.7410, +0.7190, +0.6845, +0.7559, +0.7530, +0.7681, +0.7300, +0.7461, +0.7505, +0.6928, +0.7420, +0.7702, +0.6629, +0.7535, +0.7374, +0.7427, +0.7392, +0.7521, +0.6789, +0.6393, +0.6776, +0.6714, +0.6642, +0.6528, +0.6720, +0.7166, +0.6263, +0.6243, +0.6448, +0.6834, +0.7083, +0.7171, +0.7041, +0.7403, +0.6983, +0.7042, +0.6694, +0.6455, +0.6570, +0.6557, +0.6783, +0.6752, +0.7126, +0.6730, +0.6942, +0.6622, +0.7306, +0.6351, +0.6411, +0.6399, +0.6675, +0.6622, +0.6139, +0.6613, +0.6598, +0.6818, +0.7012, +0.6834, +0.7253, +0.6843, +0.6862, +0.7321, +0.6939, +0.6918, +0.6925, +0.6601, +0.5999, +0.6628, +0.6796, +0.6570, +0.6528, +0.6784, +0.6664, +0.7245, +0.6824, +0.6777, +0.6870, +0.6912, +0.6600, +0.6943, +0.6581, +0.6850, +0.6778, +0.6234, +0.6560, +0.6512, +0.6146, +0.6143, +0.6149, +0.5567, +0.5553, +0.5679, +0.5779, +0.6220, +0.6647, +0.6335, +0.6714, +0.7025, +0.7243, +0.6925, +0.7246, +0.6939, +0.7098, +0.7174, +0.6796, +0.7691, +0.6832, +0.6954, +0.6845, +0.7159, +0.6866, +0.6969, +0.7401, +0.7419, +0.7543, +0.7372, +0.7435, +0.7498, +0.6879, +0.6680, +0.6840, +0.7013, +0.6999, +0.6882, +0.6959, +0.6834, +0.6891, +0.6514, +0.6625, +0.6503, +0.6916, +0.6825, +0.6323, +0.6605, +0.6532, +0.6718, +0.6393, +0.6760, +0.6427, +0.6349, +0.6349, +0.6786, +0.7114, +0.6945, +0.7310, +0.6837, +0.6781, +0.6820, +0.6842, +0.6886, +0.6469, +0.6998, +0.6956, +0.6766, +0.6234, +0.7017, +0.6974, +0.7560, +0.7056, +0.6499, +0.6292, +0.6900, +0.6492, +0.6189, +0.6724, +0.6945, +0.6273, +0.6552, +0.6460, +0.6488, +0.6854, +0.6365, +0.6150, +0.5824, +0.6466, +0.5863, +0.6205, +0.6524, +0.6256, +0.6035, +0.5964, +0.5764, +0.6283, +0.6325, +0.6093, +0.6227, +0.6294, +0.6046, +0.5845, +0.5713, +0.5321, +0.5705, +0.6262, +0.6058, +0.5531, +0.5858, +0.6222, +0.6343, +0.5761, +0.5930, +0.7032, +0.6381, +0.6069, +0.6441, +0.6478, +0.5732, +0.6059, +0.5971, +0.6347, +0.6316, +0.5981, +0.5842, +0.5929, +0.5610, +0.5815, +0.6102, +0.6595, +0.6257, +0.6414, +0.6135, +0.5535, +0.6174, +0.5389, +0.5519, +0.6379, +0.5866, +0.6840, +0.6334, +0.6076, +0.5704, +0.5581, +0.5709, +0.5679, +0.6025, +0.6216, +0.6568, +0.6080, +0.5787, +0.5831, +0.5527, +0.5682, +0.6010, +0.5990, +0.6119, +0.6471, +0.6436, +0.6235, +0.6231, +0.6574, +0.6083, +0.6211, +0.6517, +0.6216, +0.6650, +0.6500, +0.5761, +0.6731, +0.6381, +0.6665, +0.6043, +0.5750, +0.6823, +0.6115, +0.6003, +0.6090, +0.5877, +0.6273, +0.6611, +0.6185, +0.6281, +0.6489, +0.6814, +0.6168, +0.6493, +0.6056, +0.6757, +0.6322, +0.6504, +0.6604, +0.6336, +0.6286, +0.5832, +0.6203, +0.6012, +0.6181, +0.6744, +0.6307, +0.5815, +0.6647, +0.6271, +0.6175, +0.6294, +0.6129, +0.6476, +0.6400, +0.5843, +0.6442, +0.6144, +0.6178, +0.6669, +0.6570, +0.6284, +0.6740, +0.7010, +0.6572, +0.7292, +0.6728, +0.7271, +0.7057, +0.7389, +0.7348, +0.7001, +0.6891, +0.6925, +0.6555, +0.6416, +0.7193, +0.6702, +0.6935, +0.6569, +0.6553, +0.6789, +0.6636, +0.6891, +0.6384, +0.6222, +0.7023, +0.6673, +0.6782, +0.7102, +0.6965, +0.6903, +0.6348, +0.6720, +0.6564, +0.7247, +0.6461, +0.6178, +0.6667, +0.6021, +0.6132, +0.6269, +0.6374, +0.6012, +0.6789, +0.6884, +0.6947, +0.6857, +0.6606, +0.6387, +0.6508, +0.6398, +0.6284, +0.6635, +0.6369, +0.6034, +0.6018, +0.5714, +0.5915, +0.6116, +0.6014, +0.6482, +0.7232, +0.6663, +0.6545, +0.6354, +0.6799, +0.6829, +0.7228, +0.6543, +0.6304, +0.6468, +0.6039, +0.6690, +0.6679, +0.6793, +0.6657, +0.6828, +0.6571, +0.5768, +0.6079, +0.6241, +0.5995, +0.6933, +0.6464, +0.6322, +0.6461, +0.6768, +0.6674, +0.6374, +0.7167, +0.6521, +0.6794, +0.6891, +0.6657, +0.6511, +0.7182, +0.7147, +0.6242, +0.6966, +0.7154, +0.6864, +0.6913, +0.7181, +0.6655, +0.6913, +0.6934, +0.7136, +0.6880, +0.7159, +0.6761, +0.7001, +0.6868, +0.6833, +0.7105, +0.6566, +0.7195, +0.6501, +0.6491, +0.6694, +0.6851, +0.6942, +0.7381, +0.7068, +0.7226, +0.7230, +0.7214, +0.7207, +0.7238, +0.7454, +0.7220, +0.7284, +0.6882, +0.7141, +0.7493, +0.7095, +0.6544, +0.6288, +0.7242, +0.7592, +0.7173, +0.6565, +0.6758, +0.7015, +0.7013, +0.6581, +0.6702, +0.7491, +0.6996, +0.7278, +0.7150, +0.7379, +0.7298, +0.7452, +0.7407, +0.7222, +0.6913, +0.7029, +0.6355, +0.7275, +0.6876, +0.6803, +0.7435, +0.6667, +0.7135, +0.6988, +0.6865, +0.6712, +0.6753, +0.7089, +0.6691, +0.6865, +0.7266, +0.7071, +0.6872, +0.6814, +0.7099, +0.7088, +0.6864, +0.7468, +0.7271, +0.6646, +0.7221, +0.7027, +0.6846, +0.7122, +0.7156, +0.7023, +0.6859, +0.6705, +0.7032, +0.6942, +0.7117, +0.7117, +0.7232, +0.7040, +0.7001, +0.6851, +0.7120, +0.7500, +0.7216, +0.7341, +0.7149, +0.6716, +0.6938, +0.7127, +0.6663, +0.6984]
[main] saved params (seed 0) -> /juice6/u/jshe/emergent_partner_grid/train/train_logs/v1_balanced_training/counterbalanced1096_20261007_001529_seeds6to10/rnn_diverse_noinfluence_seed6.safetensors
[main] saved resolved config -> /juice6/u/jshe/emergent_partner_grid/train/train_logs/v1_balanced_training/counterbalanced1096_20261007_001529_seeds6to10/rnn_diverse_noinfluence_seed6_config.json
[sampling audit] /juice6/u/jshe/emergent_partner_grid/train/train_logs/v1_balanced_training/counterbalanced1096_20261007_001529_seeds6to10/rnn_diverse_noinfluence_seed6_sampling_audit.json
[eval] train: layouts_dir=/juice6/u/jshe/emergent_partner_grid/train/run_snapshots/counterbalanced1096_20261002_235609/corpus/layouts/train, 20 episodes/cap × 24 capability pairs...
[eval] train: round_success_overall=0.955  (n_rounds=9600)
    cap=(1,4)  succ=0.962  n_rounds=400
    cap=(1,7)  succ=0.970  n_rounds=400
    cap=(1,8)  succ=0.950  n_rounds=400
    cap=(1,9)  succ=0.942  n_rounds=400
    cap=(2,4)  succ=0.980  n_rounds=400
    cap=(2,7)  succ=0.957  n_rounds=400
    cap=(2,8)  succ=0.960  n_rounds=400
    cap=(2,9)  succ=0.935  n_rounds=400
    cap=(3,4)  succ=0.973  n_rounds=400
    cap=(3,7)  succ=0.957  n_rounds=400
    cap=(3,8)  succ=0.962  n_rounds=400
    cap=(3,9)  succ=0.962  n_rounds=400
    cap=(4,1)  succ=0.980  n_rounds=400
    cap=(4,2)  succ=0.980  n_rounds=400
    cap=(4,3)  succ=0.967  n_rounds=400
    cap=(7,1)  succ=0.960  n_rounds=400
    cap=(7,2)  succ=0.957  n_rounds=400
    cap=(7,3)  succ=0.955  n_rounds=400
    cap=(8,1)  succ=0.942  n_rounds=400
    cap=(8,2)  succ=0.938  n_rounds=400
    cap=(8,3)  succ=0.947  n_rounds=400
    cap=(9,1)  succ=0.925  n_rounds=400
    cap=(9,2)  succ=0.930  n_rounds=400
    cap=(9,3)  succ=0.933  n_rounds=400
[eval] test: layouts_dir=/juice6/u/jshe/emergent_partner_grid/train/run_snapshots/counterbalanced1096_20261002_235609/corpus/layouts/train, 20 episodes/cap × 22 capability pairs...
[eval] test: round_success_overall=0.959  (n_rounds=8800)
    cap=(0,5)  succ=0.960  n_rounds=400
    cap=(0,6)  succ=0.952  n_rounds=400
    cap=(1,5)  succ=0.955  n_rounds=400
    cap=(1,6)  succ=0.965  n_rounds=400
    cap=(2,5)  succ=0.965  n_rounds=400
    cap=(2,6)  succ=0.965  n_rounds=400
    cap=(3,5)  succ=0.967  n_rounds=400
    cap=(3,6)  succ=0.970  n_rounds=400
    cap=(7,0)  succ=0.947  n_rounds=400
    cap=(8,0)  succ=0.962  n_rounds=400
    cap=(9,0)  succ=0.935  n_rounds=400
    cap=(5,0)  succ=0.967  n_rounds=400
    cap=(5,1)  succ=0.960  n_rounds=400
    cap=(5,2)  succ=0.967  n_rounds=400
    cap=(5,3)  succ=0.975  n_rounds=400
    cap=(6,0)  succ=0.942  n_rounds=400
    cap=(6,1)  succ=0.942  n_rounds=400
    cap=(6,2)  succ=0.970  n_rounds=400
    cap=(6,3)  succ=0.980  n_rounds=400
    cap=(0,7)  succ=0.942  n_rounds=400
    cap=(0,8)  succ=0.970  n_rounds=400
    cap=(0,9)  succ=0.925  n_rounds=400
[eval] wrote per-capability / per-round numbers -> /juice6/u/jshe/emergent_partner_grid/train/train_logs/v1_balanced_training/counterbalanced1096_20261007_001529_seeds6to10/rnn_diverse_noinfluence_seed6_eval.json
