[main] compiling and running 1 seed(s)...
[counterbalanced schedule] {'sampling_protocol': 'paired_counterbalanced_v1', 'seed': 2026, 'n_layouts': 1096, 'n_profiles': 1, 'rounds_per_episode': 20, 'passes_per_cycle': 5, 'episodes_per_profile_per_cycle': 274, 'rounds_per_cycle': 5480, 'visits_per_profile_layout_per_cycle': 5, 'packets': 3000300, 'preallocated_episodes': 3000300, 'preallocated_rounds': 60006000, 'maximum_allocated_episode_imbalance_at_any_prefix': 1}
[u    1] env=    65536 rsucc=0.468 n_rounds=  705 ret=+0.000 len= 0.0 ent(t0,t>=1)=(0.693,1.609) aL=-0.0001 vL=0.0289 t0=[red=0.51 blue=0.49]
[u    2] env=   131072 rsucc=0.395 n_rounds=  841 ret=+0.000 len= 0.0 ent(t0,t>=1)=(0.680,1.609) aL=-0.0005 vL=0.0235 t0=[red=0.47 blue=0.53]
[u    3] env=   196608 rsucc=0.395 n_rounds=  832 ret=+0.000 len= 0.0 ent(t0,t>=1)=(0.623,1.605) aL=-0.0005 vL=0.0225 t0=[red=0.38 blue=0.62]
[u    4] env=   262144 rsucc=0.418 n_rounds=  849 ret=+0.000 len= 0.0 ent(t0,t>=1)=(0.555,1.595) aL=-0.0005 vL=0.0229 t0=[red=0.29 blue=0.71]
[u    5] env=   327680 rsucc=0.432 n_rounds=  866 ret=-0.261 len=1238.1 ent(t0,t>=1)=(0.487,1.582) aL=-0.0007 vL=0.0238 t0=[red=0.21 blue=0.79]
[u    6] env=   393216 rsucc=0.435 n_rounds=  860 ret=-4.404 len=1443.3 ent(t0,t>=1)=(0.430,1.569) aL=-0.0019 vL=0.0229 t0=[red=0.21 blue=0.79]
[u    7] env=   458752 rsucc=0.430 n_rounds=  856 ret=-9.231 len=1639.0 ent(t0,t>=1)=(0.391,1.574) aL=-0.0008 vL=0.0220 t0=[red=0.18 blue=0.82]
[u    8] env=   524288 rsucc=0.408 n_rounds=  856 ret=-13.913 len=1825.6 ent(t0,t>=1)=(0.320,1.576) aL=-0.0011 vL=0.0221 t0=[red=0.14 blue=0.86]
[u    9] env=   589824 rsucc=0.475 n_rounds=  895 ret=+0.000 len= 0.0 ent(t0,t>=1)=(0.273,1.567) aL=-0.0036 vL=0.0249 t0=[red=0.10 blue=0.90]
[u   10] env=   655360 rsucc=0.553 n_rounds=  957 ret=+0.000 len= 0.0 ent(t0,t>=1)=(0.213,1.536) aL=-0.0089 vL=0.0305 t0=[red=0.07 blue=0.93]
[u   11] env=   720896 rsucc=0.673 n_rounds= 1098 ret=-1.495 len=1311.9 ent(t0,t>=1)=(0.179,1.496) aL=-0.0081 vL=0.0420 t0=[red=0.06 blue=0.94]
[u   12] env=   786432 rsucc=0.731 n_rounds= 1184 ret=-2.524 len=1369.8 ent(t0,t>=1)=(0.169,1.464) aL=-0.0090 vL=0.0437 t0=[red=0.07 blue=0.93]
[u   13] env=   851968 rsucc=0.822 n_rounds= 1449 ret=-4.544 len=1459.3 ent(t0,t>=1)=(0.106,1.419) aL=-0.0115 vL=0.0575 t0=[red=0.03 blue=0.97]
[u   14] env=   917504 rsucc=0.876 n_rounds= 1676 ret=+10.288 len=769.8 ent(t0,t>=1)=(0.081,1.370) aL=-0.0111 vL=0.0689 t0=[red=0.02 blue=0.98]
[u   15] env=   983040 rsucc=0.896 n_rounds= 1894 ret=+9.288 len=814.3 ent(t0,t>=1)=(0.082,1.318) aL=-0.0092 vL=0.0745 t0=[red=0.02 blue=0.98]
[u   16] env=  1048576 rsucc=0.908 n_rounds= 2054 ret=+8.003 len=871.0 ent(t0,t>=1)=(0.055,1.275) aL=-0.0078 vL=0.0892 t0=[red=0.02 blue=0.98]
[u   17] env=  1114112 rsucc=0.919 n_rounds= 2307 ret=+12.807 len=588.7 ent(t0,t>=1)=(0.036,1.227) aL=-0.0059 vL=0.1000 t0=[red=0.01 blue=0.99]
[u   18] env=  1179648 rsucc=0.927 n_rounds= 2449 ret=+12.265 len=608.7 ent(t0,t>=1)=(0.024,1.192) aL=-0.0054 vL=0.1022 t0=[red=0.01 blue=0.99]
[u   19] env=  1245184 rsucc=0.930 n_rounds= 2574 ret=+13.714 len=517.4 ent(t0,t>=1)=(0.018,1.160) aL=-0.0044 vL=0.1094 t0=[red=0.00 blue=1.00]
[u   20] env=  1310720 rsucc=0.933 n_rounds= 2581 ret=+13.131 len=542.6 ent(t0,t>=1)=(0.015,1.137) aL=-0.0054 vL=0.1140 t0=[red=0.00 blue=1.00]
[u   21] env=  1376256 rsucc=0.939 n_rounds= 2592 ret=+13.913 len=502.0 ent(t0,t>=1)=(0.010,1.131) aL=-0.0041 vL=0.1166 t0=[red=0.00 blue=1.00]
[u   22] env=  1441792 rsucc=0.939 n_rounds= 2696 ret=+13.960 len=497.4 ent(t0,t>=1)=(0.008,1.119) aL=-0.0052 vL=0.1232 t0=[red=0.00 blue=1.00]
[u   23] env=  1507328 rsucc=0.939 n_rounds= 2712 ret=+14.201 len=485.1 ent(t0,t>=1)=(0.005,1.095) aL=-0.0049 vL=0.1226 t0=[red=0.00 blue=1.00]
[u   24] env=  1572864 rsucc=0.944 n_rounds= 2736 ret=+13.996 len=491.0 ent(t0,t>=1)=(0.004,1.092) aL=-0.0047 vL=0.1238 t0=[red=0.00 blue=1.00]
[u   25] env=  1638400 rsucc=0.949 n_rounds= 2875 ret=+14.519 len=464.9 ent(t0,t>=1)=(0.002,1.068) aL=-0.0042 vL=0.1277 t0=[red=0.00 blue=1.00]
[u   26] env=  1703936 rsucc=0.960 n_rounds= 2956 ret=+14.534 len=464.2 ent(t0,t>=1)=(0.002,1.069) aL=-0.0044 vL=0.1282 t0=[red=0.00 blue=1.00]
[u   27] env=  1769472 rsucc=0.954 n_rounds= 2919 ret=+14.915 len=444.8 ent(t0,t>=1)=(0.001,1.045) aL=-0.0044 vL=0.1263 t0=[red=0.00 blue=1.00]
[u   28] env=  1835008 rsucc=0.964 n_rounds= 3054 ret=+14.691 len=457.0 ent(t0,t>=1)=(0.001,1.032) aL=-0.0043 vL=0.1262 t0=[red=0.00 blue=1.00]
[u   29] env=  1900544 rsucc=0.958 n_rounds= 3103 ret=+15.188 len=423.4 ent(t0,t>=1)=(0.001,1.030) aL=-0.0030 vL=0.1332 t0=[red=0.00 blue=1.00]
[u   30] env=  1966080 rsucc=0.966 n_rounds= 3110 ret=+15.277 len=419.7 ent(t0,t>=1)=(0.001,1.009) aL=-0.0038 vL=0.1296 t0=[red=0.00 blue=1.00]
[u   31] env=  2031616 rsucc=0.968 n_rounds= 3184 ret=+15.267 len=420.2 ent(t0,t>=1)=(0.001,1.028) aL=-0.0039 vL=0.1274 t0=[red=0.00 blue=1.00]
[u   32] env=  2097152 rsucc=0.965 n_rounds= 3127 ret=+15.404 len=416.1 ent(t0,t>=1)=(0.001,1.019) aL=-0.0038 vL=0.1360 t0=[red=0.00 blue=1.00]
[u   33] env=  2162688 rsucc=0.972 n_rounds= 3293 ret=+15.437 len=409.2 ent(t0,t>=1)=(0.001,0.993) aL=-0.0040 vL=0.1361 t0=[red=0.00 blue=1.00]
[u   34] env=  2228224 rsucc=0.968 n_rounds= 3298 ret=+15.619 len=399.6 ent(t0,t>=1)=(0.001,0.973) aL=-0.0039 vL=0.1316 t0=[red=0.00 blue=1.00]
[u   35] env=  2293760 rsucc=0.972 n_rounds= 3297 ret=+15.503 len=403.3 ent(t0,t>=1)=(0.001,0.981) aL=-0.0046 vL=0.1266 t0=[red=0.00 blue=1.00]
[u   36] env=  2359296 rsucc=0.968 n_rounds= 3226 ret=+15.606 len=399.6 ent(t0,t>=1)=(0.000,0.981) aL=-0.0031 vL=0.1273 t0=[red=0.00 blue=1.00]
[u   37] env=  2424832 rsucc=0.969 n_rounds= 3301 ret=+15.656 len=396.8 ent(t0,t>=1)=(0.000,0.976) aL=-0.0055 vL=0.1290 t0=[red=0.00 blue=1.00]
[u   38] env=  2490368 rsucc=0.973 n_rounds= 3403 ret=+15.632 len=397.3 ent(t0,t>=1)=(0.000,0.964) aL=-0.0040 vL=0.1326 t0=[red=0.00 blue=1.00]
[u   39] env=  2555904 rsucc=0.981 n_rounds= 3497 ret=+15.885 len=384.5 ent(t0,t>=1)=(0.000,0.942) aL=-0.0056 vL=0.1396 t0=[red=0.00 blue=1.00]
[u   40] env=  2621440 rsucc=0.979 n_rounds= 3532 ret=+16.035 len=374.6 ent(t0,t>=1)=(0.000,0.931) aL=-0.0047 vL=0.1436 t0=[red=0.00 blue=1.00]
[u   41] env=  2686976 rsucc=0.977 n_rounds= 3480 ret=+16.024 len=373.2 ent(t0,t>=1)=(0.000,0.921) aL=-0.0033 vL=0.1478 t0=[red=0.00 blue=1.00]
[u   42] env=  2752512 rsucc=0.984 n_rounds= 3594 ret=+16.082 len=371.1 ent(t0,t>=1)=(0.000,0.867) aL=-0.0044 vL=0.1393 t0=[red=0.00 blue=1.00]
[u   43] env=  2818048 rsucc=0.979 n_rounds= 3602 ret=+16.102 len=368.4 ent(t0,t>=1)=(0.000,0.862) aL=-0.0028 vL=0.1548 t0=[red=0.00 blue=1.00]
[u   44] env=  2883584 rsucc=0.979 n_rounds= 3518 ret=+16.095 len=369.5 ent(t0,t>=1)=(0.000,0.881) aL=-0.0048 vL=0.1552 t0=[red=0.00 blue=1.00]
[u   45] env=  2949120 rsucc=0.978 n_rounds= 3561 ret=+16.110 len=368.0 ent(t0,t>=1)=(0.000,0.881) aL=-0.0027 vL=0.1485 t0=[red=0.00 blue=1.00]
[u   46] env=  3014656 rsucc=0.982 n_rounds= 3593 ret=+16.118 len=367.5 ent(t0,t>=1)=(0.000,0.858) aL=-0.0051 vL=0.1230 t0=[red=0.00 blue=1.00]
[u   47] env=  3080192 rsucc=0.985 n_rounds= 3764 ret=+16.269 len=357.0 ent(t0,t>=1)=(0.000,0.807) aL=-0.0038 vL=0.1592 t0=[red=0.00 blue=1.00]
[u   48] env=  3145728 rsucc=0.985 n_rounds= 3745 ret=+16.421 len=349.5 ent(t0,t>=1)=(0.000,0.827) aL=-0.0028 vL=0.1331 t0=[red=0.00 blue=1.00]
[u   49] env=  3211264 rsucc=0.984 n_rounds= 3724 ret=+16.404 len=349.6 ent(t0,t>=1)=(0.000,0.834) aL=-0.0029 vL=0.1456 t0=[red=0.00 blue=1.00]
[u   50] env=  3276800 rsucc=0.983 n_rounds= 3696 ret=+16.299 len=355.2 ent(t0,t>=1)=(0.000,0.864) aL=-0.0043 vL=0.1162 t0=[red=0.00 blue=1.00]
[u   51] env=  3342336 rsucc=0.988 n_rounds= 3762 ret=+16.375 len=352.6 ent(t0,t>=1)=(0.000,0.843) aL=-0.0031 vL=0.1745 t0=[red=0.00 blue=1.00]
[u   52] env=  3407872 rsucc=0.987 n_rounds= 3799 ret=+16.488 len=347.2 ent(t0,t>=1)=(0.000,0.836) aL=-0.0047 vL=0.1746 t0=[red=0.00 blue=1.00]
[u   53] env=  3473408 rsucc=0.987 n_rounds= 3779 ret=+16.525 len=343.4 ent(t0,t>=1)=(0.000,0.810) aL=-0.0042 vL=0.1626 t0=[red=0.00 blue=1.00]
[u   54] env=  3538944 rsucc=0.985 n_rounds= 3795 ret=+16.414 len=348.2 ent(t0,t>=1)=(0.000,0.790) aL=-0.0051 vL=0.1579 t0=[red=0.00 blue=1.00]
[u   55] env=  3604480 rsucc=0.984 n_rounds= 3713 ret=+16.398 len=350.3 ent(t0,t>=1)=(0.000,0.815) aL=-0.0056 vL=0.1762 t0=[red=0.00 blue=1.00]
[u   56] env=  3670016 rsucc=0.987 n_rounds= 3827 ret=+16.374 len=350.4 ent(t0,t>=1)=(0.000,0.803) aL=-0.0050 vL=0.2005 t0=[red=0.00 blue=1.00]
[u   57] env=  3735552 rsucc=0.990 n_rounds= 3890 ret=+16.610 len=337.1 ent(t0,t>=1)=(0.000,0.782) aL=-0.0031 vL=0.1679 t0=[red=0.00 blue=1.00]
[u   58] env=  3801088 rsucc=0.986 n_rounds= 3853 ret=+16.603 len=336.4 ent(t0,t>=1)=(0.000,0.774) aL=-0.0047 vL=0.1939 t0=[red=0.00 blue=1.00]
[u   59] env=  3866624 rsucc=0.987 n_rounds= 3865 ret=+16.497 len=341.8 ent(t0,t>=1)=(0.000,0.761) aL=-0.0059 vL=0.2096 t0=[red=0.00 blue=1.00]
[u   60] env=  3932160 rsucc=0.988 n_rounds= 3907 ret=+16.545 len=338.6 ent(t0,t>=1)=(0.000,0.714) aL=-0.0048 vL=0.2130 t0=[red=0.00 blue=1.00]
[u   61] env=  3997696 rsucc=0.991 n_rounds= 4005 ret=+16.694 len=331.5 ent(t0,t>=1)=(0.000,0.702) aL=-0.0046 vL=0.1870 t0=[red=0.00 blue=1.00]
[u   62] env=  4063232 rsucc=0.988 n_rounds= 3854 ret=+16.661 len=332.6 ent(t0,t>=1)=(0.000,0.755) aL=-0.0070 vL=0.1593 t0=[red=0.00 blue=1.00]
[u   63] env=  4128768 rsucc=0.989 n_rounds= 3889 ret=+16.578 len=338.1 ent(t0,t>=1)=(0.000,0.727) aL=-0.0057 vL=0.1787 t0=[red=0.00 blue=1.00]
[u   64] env=  4194304 rsucc=0.991 n_rounds= 3900 ret=+16.590 len=337.9 ent(t0,t>=1)=(0.000,0.737) aL=-0.0072 vL=0.1785 t0=[red=0.00 blue=1.00]
[u   65] env=  4259840 rsucc=0.988 n_rounds= 3875 ret=+16.654 len=335.8 ent(t0,t>=1)=(0.000,0.765) aL=-0.0059 vL=0.1515 t0=[red=0.00 blue=1.00]
[u   66] env=  4325376 rsucc=0.988 n_rounds= 3859 ret=+16.501 len=342.3 ent(t0,t>=1)=(0.000,0.754) aL=-0.0055 vL=0.1475 t0=[red=0.00 blue=1.00]
[u   67] env=  4390912 rsucc=0.987 n_rounds= 3837 ret=+16.524 len=341.6 ent(t0,t>=1)=(0.000,0.746) aL=-0.0054 vL=0.1891 t0=[red=0.00 blue=1.00]
[u   68] env=  4456448 rsucc=0.990 n_rounds= 4042 ret=+16.660 len=331.8 ent(t0,t>=1)=(0.000,0.687) aL=-0.0055 vL=0.1905 t0=[red=0.00 blue=1.00]
[u   69] env=  4521984 rsucc=0.992 n_rounds= 4103 ret=+16.835 len=321.7 ent(t0,t>=1)=(0.000,0.644) aL=-0.0062 vL=0.1848 t0=[red=0.00 blue=1.00]
[u   70] env=  4587520 rsucc=0.988 n_rounds= 3953 ret=+16.739 len=324.9 ent(t0,t>=1)=(0.000,0.670) aL=-0.0063 vL=0.1781 t0=[red=0.00 blue=1.00]
[u   71] env=  4653056 rsucc=0.992 n_rounds= 4085 ret=+16.733 len=326.5 ent(t0,t>=1)=(0.000,0.635) aL=-0.0053 vL=0.1682 t0=[red=0.00 blue=1.00]
[u   72] env=  4718592 rsucc=0.991 n_rounds= 4039 ret=+16.787 len=323.0 ent(t0,t>=1)=(0.000,0.620) aL=-0.0055 vL=0.1766 t0=[red=0.00 blue=1.00]
[u   73] env=  4784128 rsucc=0.993 n_rounds= 4070 ret=+16.805 len=323.9 ent(t0,t>=1)=(0.000,0.608) aL=-0.0039 vL=0.2087 t0=[red=0.00 blue=1.00]
[u   74] env=  4849664 rsucc=0.991 n_rounds= 4058 ret=+16.834 len=321.3 ent(t0,t>=1)=(0.000,0.572) aL=-0.0048 vL=0.1883 t0=[red=0.00 blue=1.00]
[u   75] env=  4915200 rsucc=0.994 n_rounds= 4092 ret=+16.810 len=322.6 ent(t0,t>=1)=(0.000,0.578) aL=-0.0065 vL=0.2019 t0=[red=0.00 blue=1.00]
[u   76] env=  4980736 rsucc=0.992 n_rounds= 4093 ret=+16.800 len=323.2 ent(t0,t>=1)=(0.000,0.578) aL=-0.0067 vL=0.1885 t0=[red=0.00 blue=1.00]
[u   77] env=  5046272 rsucc=0.994 n_rounds= 4062 ret=+16.834 len=322.1 ent(t0,t>=1)=(0.000,0.562) aL=-0.0060 vL=0.2155 t0=[red=0.00 blue=1.00]
[u   78] env=  5111808 rsucc=0.993 n_rounds= 4125 ret=+16.926 len=317.1 ent(t0,t>=1)=(0.000,0.572) aL=-0.0056 vL=0.2037 t0=[red=0.00 blue=1.00]
[u   79] env=  5177344 rsucc=0.991 n_rounds= 3998 ret=+16.732 len=327.2 ent(t0,t>=1)=(0.000,0.586) aL=-0.0041 vL=0.2010 t0=[red=0.00 blue=1.00]
[u   80] env=  5242880 rsucc=0.990 n_rounds= 3919 ret=+16.726 len=330.0 ent(t0,t>=1)=(0.000,0.622) aL=-0.0057 vL=0.1680 t0=[red=0.00 blue=1.00]
[u   81] env=  5308416 rsucc=0.992 n_rounds= 3987 ret=+16.669 len=333.1 ent(t0,t>=1)=(0.000,0.579) aL=-0.0028 vL=0.1932 t0=[red=0.00 blue=1.00]
[u   82] env=  5373952 rsucc=0.991 n_rounds= 4026 ret=+16.804 len=323.4 ent(t0,t>=1)=(0.000,0.552) aL=-0.0062 vL=0.1824 t0=[red=0.00 blue=1.00]
[u   83] env=  5439488 rsucc=0.993 n_rounds= 4072 ret=+16.805 len=324.2 ent(t0,t>=1)=(0.000,0.530) aL=-0.0025 vL=0.2155 t0=[red=0.00 blue=1.00]
[u   84] env=  5505024 rsucc=0.992 n_rounds= 4075 ret=+16.823 len=322.2 ent(t0,t>=1)=(0.000,0.489) aL=-0.0032 vL=0.2294 t0=[red=0.00 blue=1.00]
[u   85] env=  5570560 rsucc=0.992 n_rounds= 4153 ret=+16.946 len=313.3 ent(t0,t>=1)=(0.000,0.462) aL=-0.0008 vL=0.2478 t0=[red=0.00 blue=1.00]
[u   86] env=  5636096 rsucc=0.992 n_rounds= 4162 ret=+16.848 len=317.1 ent(t0,t>=1)=(0.000,0.451) aL=-0.0011 vL=0.2587 t0=[red=0.00 blue=1.00]
[u   87] env=  5701632 rsucc=0.992 n_rounds= 3924 ret=+16.787 len=324.1 ent(t0,t>=1)=(0.000,0.573) aL=-0.0070 vL=0.2028 t0=[red=0.00 blue=1.00]
[u   88] env=  5767168 rsucc=0.989 n_rounds= 3945 ret=+16.680 len=331.5 ent(t0,t>=1)=(0.000,0.545) aL=-0.0064 vL=0.2382 t0=[red=0.00 blue=1.00]
[u   89] env=  5832704 rsucc=0.988 n_rounds= 3947 ret=+16.697 len=330.6 ent(t0,t>=1)=(0.000,0.556) aL=-0.0045 vL=0.2244 t0=[red=0.00 blue=1.00]
[u   90] env=  5898240 rsucc=0.989 n_rounds= 3850 ret=+16.538 len=340.3 ent(t0,t>=1)=(0.000,0.578) aL=-0.0033 vL=0.2259 t0=[red=0.00 blue=1.00]
[u   91] env=  5963776 rsucc=0.990 n_rounds= 3922 ret=+16.683 len=333.7 ent(t0,t>=1)=(0.000,0.555) aL=-0.0035 vL=0.2193 t0=[red=0.00 blue=1.00]
[u   92] env=  6029312 rsucc=0.989 n_rounds= 3893 ret=+16.601 len=336.8 ent(t0,t>=1)=(0.000,0.594) aL=-0.0036 vL=0.1929 t0=[red=0.00 blue=1.00]
[u   93] env=  6094848 rsucc=0.989 n_rounds= 3804 ret=+16.564 len=340.7 ent(t0,t>=1)=(0.000,0.654) aL=-0.0065 vL=0.1565 t0=[red=0.00 blue=1.00]
[u   94] env=  6160384 rsucc=0.984 n_rounds= 3679 ret=+16.409 len=352.3 ent(t0,t>=1)=(0.000,0.717) aL=-0.0073 vL=0.1363 t0=[red=0.00 blue=1.00]
[u   95] env=  6225920 rsucc=0.989 n_rounds= 3868 ret=+16.386 len=351.6 ent(t0,t>=1)=(0.000,0.639) aL=-0.0071 vL=0.1118 t0=[red=0.00 blue=1.00]
[u   96] env=  6291456 rsucc=0.981 n_rounds= 3674 ret=+16.422 len=347.7 ent(t0,t>=1)=(0.000,0.712) aL=-0.0053 vL=0.1244 t0=[red=0.00 blue=1.00]
[u   97] env=  6356992 rsucc=0.985 n_rounds= 3731 ret=+16.400 len=351.1 ent(t0,t>=1)=(0.000,0.738) aL=-0.0066 vL=0.0991 t0=[red=0.00 blue=1.00]
[u   98] env=  6422528 rsucc=0.989 n_rounds= 3796 ret=+16.402 len=350.9 ent(t0,t>=1)=(0.000,0.693) aL=-0.0063 vL=0.0932 t0=[red=0.00 blue=1.00]
[u   99] env=  6488064 rsucc=0.988 n_rounds= 3813 ret=+16.552 len=342.5 ent(t0,t>=1)=(0.000,0.724) aL=-0.0055 vL=0.0933 t0=[red=0.00 blue=1.00]
[u  100] env=  6553600 rsucc=0.987 n_rounds= 3847 ret=+16.572 len=340.1 ent(t0,t>=1)=(0.000,0.689) aL=-0.0038 vL=0.1436 t0=[red=0.00 blue=1.00]
[u  101] env=  6619136 rsucc=0.988 n_rounds= 3897 ret=+16.554 len=338.5 ent(t0,t>=1)=(0.000,0.665) aL=-0.0055 vL=0.1282 t0=[red=0.00 blue=1.00]
[u  102] env=  6684672 rsucc=0.989 n_rounds= 3949 ret=+16.637 len=333.8 ent(t0,t>=1)=(0.000,0.668) aL=-0.0066 vL=0.1435 t0=[red=0.00 blue=1.00]
[u  103] env=  6750208 rsucc=0.987 n_rounds= 3929 ret=+16.600 len=334.0 ent(t0,t>=1)=(0.000,0.669) aL=-0.0070 vL=0.1107 t0=[red=0.00 blue=1.00]
[u  104] env=  6815744 rsucc=0.988 n_rounds= 3995 ret=+16.641 len=331.7 ent(t0,t>=1)=(0.000,0.645) aL=-0.0069 vL=0.1260 t0=[red=0.00 blue=1.00]
[u  105] env=  6881280 rsucc=0.992 n_rounds= 4051 ret=+16.767 len=324.6 ent(t0,t>=1)=(0.000,0.613) aL=-0.0062 vL=0.1601 t0=[red=0.00 blue=1.00]
[u  106] env=  6946816 rsucc=0.992 n_rounds= 4003 ret=+16.760 len=325.4 ent(t0,t>=1)=(0.000,0.669) aL=-0.0074 vL=0.1280 t0=[red=0.00 blue=1.00]
[u  107] env=  7012352 rsucc=0.989 n_rounds= 3900 ret=+16.703 len=331.9 ent(t0,t>=1)=(0.000,0.705) aL=-0.0048 vL=0.1125 t0=[red=0.00 blue=1.00]
[u  108] env=  7077888 rsucc=0.989 n_rounds= 3846 ret=+16.589 len=337.1 ent(t0,t>=1)=(0.000,0.712) aL=-0.0079 vL=0.0836 t0=[red=0.00 blue=1.00]
[u  109] env=  7143424 rsucc=0.986 n_rounds= 3832 ret=+16.522 len=343.7 ent(t0,t>=1)=(0.000,0.744) aL=-0.0069 vL=0.0873 t0=[red=0.00 blue=1.00]
[u  110] env=  7208960 rsucc=0.989 n_rounds= 3908 ret=+16.564 len=339.6 ent(t0,t>=1)=(0.000,0.726) aL=-0.0069 vL=0.0893 t0=[red=0.00 blue=1.00]
[u  111] env=  7274496 rsucc=0.990 n_rounds= 4017 ret=+16.695 len=329.3 ent(t0,t>=1)=(0.000,0.677) aL=-0.0080 vL=0.1095 t0=[red=0.00 blue=1.00]
[u  112] env=  7340032 rsucc=0.989 n_rounds= 4016 ret=+16.741 len=325.5 ent(t0,t>=1)=(0.000,0.665) aL=-0.0076 vL=0.1307 t0=[red=0.00 blue=1.00]
[u  113] env=  7405568 rsucc=0.994 n_rounds= 4165 ret=+16.812 len=320.3 ent(t0,t>=1)=(0.000,0.630) aL=-0.0078 vL=0.1302 t0=[red=0.00 blue=1.00]
[u  114] env=  7471104 rsucc=0.991 n_rounds= 3963 ret=+16.760 len=326.8 ent(t0,t>=1)=(0.000,0.695) aL=-0.0080 vL=0.1039 t0=[red=0.00 blue=1.00]
[u  115] env=  7536640 rsucc=0.990 n_rounds= 4008 ret=+16.754 len=326.4 ent(t0,t>=1)=(0.000,0.682) aL=-0.0078 vL=0.1147 t0=[red=0.00 blue=1.00]
[u  116] env=  7602176 rsucc=0.992 n_rounds= 4066 ret=+16.799 len=323.0 ent(t0,t>=1)=(0.000,0.653) aL=-0.0083 vL=0.0950 t0=[red=0.00 blue=1.00]
[u  117] env=  7667712 rsucc=0.993 n_rounds= 3890 ret=+16.701 len=333.3 ent(t0,t>=1)=(0.000,0.730) aL=-0.0059 vL=0.0884 t0=[red=0.00 blue=1.00]
[u  118] env=  7733248 rsucc=0.988 n_rounds= 3814 ret=+16.558 len=342.1 ent(t0,t>=1)=(0.000,0.764) aL=-0.0063 vL=0.0762 t0=[red=0.00 blue=1.00]
[u  119] env=  7798784 rsucc=0.990 n_rounds= 3971 ret=+16.595 len=338.8 ent(t0,t>=1)=(0.000,0.738) aL=-0.0076 vL=0.0752 t0=[red=0.00 blue=1.00]
[u  120] env=  7864320 rsucc=0.993 n_rounds= 4036 ret=+16.790 len=324.4 ent(t0,t>=1)=(0.000,0.713) aL=-0.0066 vL=0.0854 t0=[red=0.00 blue=1.00]
[u  121] env=  7929856 rsucc=0.990 n_rounds= 3986 ret=+16.779 len=324.5 ent(t0,t>=1)=(0.000,0.709) aL=-0.0068 vL=0.1032 t0=[red=0.00 blue=1.00]
[u  122] env=  7995392 rsucc=0.990 n_rounds= 4038 ret=+16.709 len=328.4 ent(t0,t>=1)=(0.000,0.724) aL=-0.0072 vL=0.0816 t0=[red=0.00 blue=1.00]
[u  123] env=  8060928 rsucc=0.988 n_rounds= 4028 ret=+16.710 len=325.9 ent(t0,t>=1)=(0.000,0.719) aL=-0.0045 vL=0.1002 t0=[red=0.00 blue=1.00]
[u  124] env=  8126464 rsucc=0.992 n_rounds= 4099 ret=+16.812 len=320.5 ent(t0,t>=1)=(0.000,0.715) aL=-0.0067 vL=0.0760 t0=[red=0.00 blue=1.00]
[u  125] env=  8192000 rsucc=0.990 n_rounds= 4050 ret=+16.824 len=320.3 ent(t0,t>=1)=(0.000,0.765) aL=-0.0064 vL=0.0938 t0=[red=0.00 blue=1.00]
[u  126] env=  8257536 rsucc=0.991 n_rounds= 4071 ret=+16.745 len=325.3 ent(t0,t>=1)=(0.000,0.753) aL=-0.0071 vL=0.0820 t0=[red=0.00 blue=1.00]
[u  127] env=  8323072 rsucc=0.992 n_rounds= 4125 ret=+16.848 len=318.8 ent(t0,t>=1)=(0.000,0.760) aL=-0.0089 vL=0.0762 t0=[red=0.00 blue=1.00]
[u  128] env=  8388608 rsucc=0.993 n_rounds= 4175 ret=+16.908 len=314.4 ent(t0,t>=1)=(0.000,0.779) aL=-0.0080 vL=0.0928 t0=[red=0.00 blue=1.00]
[u  129] env=  8454144 rsucc=0.994 n_rounds= 4193 ret=+16.911 len=314.9 ent(t0,t>=1)=(0.000,0.779) aL=-0.0090 vL=0.0696 t0=[red=0.00 blue=1.00]
[u  130] env=  8519680 rsucc=0.993 n_rounds= 4207 ret=+16.988 len=309.2 ent(t0,t>=1)=(0.000,0.778) aL=-0.0088 vL=0.0952 t0=[red=0.00 blue=1.00]
[u  131] env=  8585216 rsucc=0.996 n_rounds= 4299 ret=+17.014 len=307.6 ent(t0,t>=1)=(0.000,0.772) aL=-0.0090 vL=0.0704 t0=[red=0.00 blue=1.00]
[u  132] env=  8650752 rsucc=0.995 n_rounds= 4212 ret=+17.028 len=308.7 ent(t0,t>=1)=(0.000,0.771) aL=-0.0075 vL=0.0919 t0=[red=0.00 blue=1.00]
[u  133] env=  8716288 rsucc=0.994 n_rounds= 4229 ret=+16.974 len=310.3 ent(t0,t>=1)=(0.000,0.766) aL=-0.0073 vL=0.0796 t0=[red=0.00 blue=1.00]
[u  134] env=  8781824 rsucc=0.992 n_rounds= 4203 ret=+16.969 len=309.7 ent(t0,t>=1)=(0.000,0.774) aL=-0.0078 vL=0.0804 t0=[red=0.00 blue=1.00]
[u  135] env=  8847360 rsucc=0.991 n_rounds= 4153 ret=+16.877 len=314.3 ent(t0,t>=1)=(0.000,0.767) aL=-0.0084 vL=0.0899 t0=[red=0.00 blue=1.00]
[u  136] env=  8912896 rsucc=0.992 n_rounds= 4251 ret=+16.911 len=312.6 ent(t0,t>=1)=(0.000,0.751) aL=-0.0082 vL=0.0853 t0=[red=0.00 blue=1.00]
[u  137] env=  8978432 rsucc=0.994 n_rounds= 4205 ret=+16.879 len=313.9 ent(t0,t>=1)=(0.000,0.765) aL=-0.0078 vL=0.0695 t0=[red=0.00 blue=1.00]
[u  138] env=  9043968 rsucc=0.994 n_rounds= 4278 ret=+16.997 len=308.6 ent(t0,t>=1)=(0.000,0.762) aL=-0.0081 vL=0.0646 t0=[red=0.00 blue=1.00]
[u  139] env=  9109504 rsucc=0.995 n_rounds= 4209 ret=+17.020 len=307.1 ent(t0,t>=1)=(0.000,0.762) aL=-0.0055 vL=0.0901 t0=[red=0.00 blue=1.00]
[u  140] env=  9175040 rsucc=0.993 n_rounds= 4282 ret=+16.975 len=309.7 ent(t0,t>=1)=(0.000,0.744) aL=-0.0071 vL=0.0742 t0=[red=0.00 blue=1.00]
[u  141] env=  9240576 rsucc=0.993 n_rounds= 4215 ret=+17.011 len=307.0 ent(t0,t>=1)=(0.000,0.752) aL=-0.0091 vL=0.0741 t0=[red=0.00 blue=1.00]
[u  142] env=  9306112 rsucc=0.993 n_rounds= 4219 ret=+16.929 len=311.7 ent(t0,t>=1)=(0.000,0.752) aL=-0.0097 vL=0.0708 t0=[red=0.00 blue=1.00]
[u  143] env=  9371648 rsucc=0.994 n_rounds= 4245 ret=+16.968 len=308.9 ent(t0,t>=1)=(0.000,0.770) aL=-0.0092 vL=0.0800 t0=[red=0.00 blue=1.00]
[u  144] env=  9437184 rsucc=0.991 n_rounds= 4193 ret=+16.965 len=310.0 ent(t0,t>=1)=(0.000,0.775) aL=-0.0084 vL=0.0954 t0=[red=0.00 blue=1.00]
[u  145] env=  9502720 rsucc=0.994 n_rounds= 4220 ret=+16.924 len=312.4 ent(t0,t>=1)=(0.000,0.758) aL=-0.0110 vL=0.0714 t0=[red=0.00 blue=1.00]
[u  146] env=  9568256 rsucc=0.994 n_rounds= 4205 ret=+16.901 len=313.8 ent(t0,t>=1)=(0.000,0.747) aL=-0.0106 vL=0.0850 t0=[red=0.00 blue=1.00]
[u  147] env=  9633792 rsucc=0.992 n_rounds= 4239 ret=+16.985 len=309.4 ent(t0,t>=1)=(0.000,0.727) aL=-0.0085 vL=0.1046 t0=[red=0.00 blue=1.00]
[u  148] env=  9699328 rsucc=0.993 n_rounds= 4162 ret=+16.962 len=310.0 ent(t0,t>=1)=(0.000,0.738) aL=-0.0082 vL=0.1048 t0=[red=0.00 blue=1.00]
[u  149] env=  9764864 rsucc=0.993 n_rounds= 4164 ret=+16.900 len=316.0 ent(t0,t>=1)=(0.000,0.738) aL=-0.0092 vL=0.0875 t0=[red=0.00 blue=1.00]
[u  150] env=  9830400 rsucc=0.994 n_rounds= 4186 ret=+16.892 len=316.6 ent(t0,t>=1)=(0.000,0.742) aL=-0.0101 vL=0.0841 t0=[red=0.00 blue=1.00]
[u  151] env=  9895936 rsucc=0.992 n_rounds= 4148 ret=+16.872 len=315.7 ent(t0,t>=1)=(0.000,0.723) aL=-0.0081 vL=0.1099 t0=[red=0.00 blue=1.00]
[u  152] env=  9961472 rsucc=0.994 n_rounds= 4221 ret=+16.939 len=313.0 ent(t0,t>=1)=(0.000,0.698) aL=-0.0090 vL=0.0983 t0=[red=0.00 blue=1.00]
[u  153] env= 10027008 rsucc=0.994 n_rounds= 4161 ret=+16.989 len=311.4 ent(t0,t>=1)=(0.000,0.688) aL=-0.0093 vL=0.0770 t0=[red=0.00 blue=1.00]
[u  154] env= 10092544 rsucc=0.992 n_rounds= 4254 ret=+16.897 len=313.5 ent(t0,t>=1)=(0.000,0.664) aL=-0.0073 vL=0.1003 t0=[red=0.00 blue=1.00]
[u  155] env= 10158080 rsucc=0.994 n_rounds= 4207 ret=+17.000 len=310.2 ent(t0,t>=1)=(0.000,0.654) aL=-0.0060 vL=0.0892 t0=[red=0.00 blue=1.00]
[u  156] env= 10223616 rsucc=0.997 n_rounds= 4307 ret=+17.030 len=307.5 ent(t0,t>=1)=(0.000,0.638) aL=-0.0077 vL=0.0864 t0=[red=0.00 blue=1.00]
[u  157] env= 10289152 rsucc=0.992 n_rounds= 4192 ret=+17.022 len=306.3 ent(t0,t>=1)=(0.000,0.615) aL=-0.0081 vL=0.0885 t0=[red=0.00 blue=1.00]
[u  158] env= 10354688 rsucc=0.996 n_rounds= 4262 ret=+16.975 len=309.8 ent(t0,t>=1)=(0.000,0.598) aL=-0.0078 vL=0.1168 t0=[red=0.00 blue=1.00]
[u  159] env= 10420224 rsucc=0.995 n_rounds= 4249 ret=+16.961 len=312.4 ent(t0,t>=1)=(0.000,0.592) aL=-0.0083 vL=0.0840 t0=[red=0.00 blue=1.00]
[u  160] env= 10485760 rsucc=0.993 n_rounds= 4067 ret=+16.969 len=311.7 ent(t0,t>=1)=(0.000,0.601) aL=-0.0036 vL=0.1040 t0=[red=0.00 blue=1.00]
[u  161] env= 10551296 rsucc=0.991 n_rounds= 4191 ret=+16.849 len=318.3 ent(t0,t>=1)=(0.000,0.584) aL=-0.0065 vL=0.0982 t0=[red=0.00 blue=1.00]
[u  162] env= 10616832 rsucc=0.995 n_rounds= 4186 ret=+16.905 len=313.9 ent(t0,t>=1)=(0.000,0.534) aL=-0.0083 vL=0.1191 t0=[red=0.00 blue=1.00]
[u  163] env= 10682368 rsucc=0.993 n_rounds= 4099 ret=+16.958 len=313.2 ent(t0,t>=1)=(0.000,0.546) aL=-0.0067 vL=0.1475 t0=[red=0.00 blue=1.00]
[u  164] env= 10747904 rsucc=0.990 n_rounds= 4076 ret=+16.744 len=325.1 ent(t0,t>=1)=(0.000,0.548) aL=-0.0085 vL=0.1402 t0=[red=0.00 blue=1.00]
[u  165] env= 10813440 rsucc=0.989 n_rounds= 4006 ret=+16.793 len=323.1 ent(t0,t>=1)=(0.000,0.564) aL=-0.0069 vL=0.1382 t0=[red=0.00 blue=1.00]
[u  166] env= 10878976 rsucc=0.994 n_rounds= 4141 ret=+16.776 len=325.3 ent(t0,t>=1)=(0.000,0.529) aL=-0.0072 vL=0.1664 t0=[red=0.00 blue=1.00]
[u  167] env= 10944512 rsucc=0.994 n_rounds= 4078 ret=+16.923 len=315.7 ent(t0,t>=1)=(0.000,0.505) aL=-0.0074 vL=0.1415 t0=[red=0.00 blue=1.00]
[u  168] env= 11010048 rsucc=0.993 n_rounds= 4123 ret=+16.923 len=315.9 ent(t0,t>=1)=(0.000,0.458) aL=-0.0059 vL=0.1595 t0=[red=0.00 blue=1.00]
[u  169] env= 11075584 rsucc=0.993 n_rounds= 4123 ret=+16.841 len=320.0 ent(t0,t>=1)=(0.000,0.461) aL=-0.0091 vL=0.1553 t0=[red=0.00 blue=1.00]
[u  170] env= 11141120 rsucc=0.993 n_rounds= 4130 ret=+16.868 len=319.7 ent(t0,t>=1)=(0.000,0.446) aL=-0.0036 vL=0.1611 t0=[red=0.00 blue=1.00]
[u  171] env= 11206656 rsucc=0.992 n_rounds= 4214 ret=+16.947 len=311.6 ent(t0,t>=1)=(0.000,0.418) aL=-0.0079 vL=0.1831 t0=[red=0.00 blue=1.00]
[u  172] env= 11272192 rsucc=0.994 n_rounds= 4255 ret=+16.985 len=309.6 ent(t0,t>=1)=(0.000,0.395) aL=-0.0078 vL=0.1915 t0=[red=0.00 blue=1.00]
[u  173] env= 11337728 rsucc=0.995 n_rounds= 4111 ret=+16.984 len=311.6 ent(t0,t>=1)=(0.000,0.435) aL=-0.0070 vL=0.1646 t0=[red=0.00 blue=1.00]
[u  174] env= 11403264 rsucc=0.991 n_rounds= 4117 ret=+16.846 len=319.1 ent(t0,t>=1)=(0.000,0.407) aL=-0.0084 vL=0.1491 t0=[red=0.00 blue=1.00]
[u  175] env= 11468800 rsucc=0.993 n_rounds= 4205 ret=+16.902 len=315.5 ent(t0,t>=1)=(0.000,0.388) aL=-0.0084 vL=0.2024 t0=[red=0.00 blue=1.00]
[u  176] env= 11534336 rsucc=0.992 n_rounds= 4023 ret=+16.779 len=325.1 ent(t0,t>=1)=(0.000,0.486) aL=-0.0089 vL=0.1214 t0=[red=0.00 blue=1.00]
[u  177] env= 11599872 rsucc=0.990 n_rounds= 4100 ret=+16.853 len=318.3 ent(t0,t>=1)=(0.000,0.412) aL=-0.0084 vL=0.1389 t0=[red=0.00 blue=1.00]
[u  178] env= 11665408 rsucc=0.992 n_rounds= 4059 ret=+16.799 len=321.2 ent(t0,t>=1)=(0.000,0.457) aL=-0.0075 vL=0.1309 t0=[red=0.00 blue=1.00]
[u  179] env= 11730944 rsucc=0.988 n_rounds= 3946 ret=+16.674 len=329.5 ent(t0,t>=1)=(0.000,0.506) aL=-0.0060 vL=0.1532 t0=[red=0.00 blue=1.00]
[u  180] env= 11796480 rsucc=0.989 n_rounds= 3906 ret=+16.595 len=337.2 ent(t0,t>=1)=(0.000,0.528) aL=-0.0072 vL=0.1212 t0=[red=0.00 blue=1.00]
[u  181] env= 11862016 rsucc=0.989 n_rounds= 3957 ret=+16.641 len=333.1 ent(t0,t>=1)=(0.000,0.516) aL=-0.0066 vL=0.1206 t0=[red=0.00 blue=1.00]
[u  182] env= 11927552 rsucc=0.987 n_rounds= 3846 ret=+16.601 len=335.4 ent(t0,t>=1)=(0.000,0.539) aL=-0.0053 vL=0.1206 t0=[red=0.00 blue=1.00]
[u  183] env= 11993088 rsucc=0.993 n_rounds= 3963 ret=+16.681 len=335.8 ent(t0,t>=1)=(0.000,0.547) aL=-0.0084 vL=0.0922 t0=[red=0.00 blue=1.00]
[u  184] env= 12058624 rsucc=0.988 n_rounds= 3984 ret=+16.699 len=329.6 ent(t0,t>=1)=(0.000,0.543) aL=-0.0066 vL=0.0881 t0=[red=0.00 blue=1.00]
[u  185] env= 12124160 rsucc=0.990 n_rounds= 4031 ret=+16.730 len=325.7 ent(t0,t>=1)=(0.000,0.532) aL=-0.0047 vL=0.1343 t0=[red=0.00 blue=1.00]
[u  186] env= 12189696 rsucc=0.990 n_rounds= 4091 ret=+16.768 len=321.9 ent(t0,t>=1)=(0.000,0.494) aL=-0.0062 vL=0.0970 t0=[red=0.00 blue=1.00]
[u  187] env= 12255232 rsucc=0.992 n_rounds= 4042 ret=+16.858 len=320.6 ent(t0,t>=1)=(0.001,0.521) aL=-0.0062 vL=0.0967 t0=[red=0.00 blue=1.00]
[u  188] env= 12320768 rsucc=0.990 n_rounds= 4013 ret=+16.762 len=324.9 ent(t0,t>=1)=(0.001,0.546) aL=-0.0054 vL=0.0834 t0=[red=0.00 blue=1.00]
[u  189] env= 12386304 rsucc=0.993 n_rounds= 4082 ret=+16.708 len=327.7 ent(t0,t>=1)=(0.000,0.523) aL=-0.0074 vL=0.1018 t0=[red=0.00 blue=1.00]
[u  190] env= 12451840 rsucc=0.991 n_rounds= 4023 ret=+16.826 len=322.9 ent(t0,t>=1)=(0.000,0.551) aL=-0.0057 vL=0.0810 t0=[red=0.00 blue=1.00]
[u  191] env= 12517376 rsucc=0.991 n_rounds= 4113 ret=+16.826 len=319.3 ent(t0,t>=1)=(0.000,0.508) aL=-0.0078 vL=0.0943 t0=[red=0.00 blue=1.00]
[u  192] env= 12582912 rsucc=0.991 n_rounds= 4126 ret=+16.839 len=317.8 ent(t0,t>=1)=(0.000,0.500) aL=-0.0078 vL=0.0948 t0=[red=0.00 blue=1.00]
[u  193] env= 12648448 rsucc=0.994 n_rounds= 4155 ret=+16.891 len=317.3 ent(t0,t>=1)=(0.000,0.510) aL=-0.0065 vL=0.0872 t0=[red=0.00 blue=1.00]
[u  194] env= 12713984 rsucc=0.992 n_rounds= 4145 ret=+16.878 len=316.2 ent(t0,t>=1)=(0.000,0.505) aL=-0.0048 vL=0.1066 t0=[red=0.00 blue=1.00]
[u  195] env= 12779520 rsucc=0.994 n_rounds= 4198 ret=+16.921 len=314.6 ent(t0,t>=1)=(0.000,0.469) aL=-0.0057 vL=0.1100 t0=[red=0.00 blue=1.00]
[u  196] env= 12845056 rsucc=0.991 n_rounds= 4073 ret=+16.886 len=315.4 ent(t0,t>=1)=(0.000,0.522) aL=-0.0055 vL=0.0984 t0=[red=0.00 blue=1.00]
[u  197] env= 12910592 rsucc=0.993 n_rounds= 4148 ret=+16.852 len=320.7 ent(t0,t>=1)=(0.001,0.506) aL=-0.0065 vL=0.0861 t0=[red=0.00 blue=1.00]
[u  198] env= 12976128 rsucc=0.993 n_rounds= 4180 ret=+16.922 len=313.5 ent(t0,t>=1)=(0.001,0.507) aL=-0.0068 vL=0.0917 t0=[red=0.00 blue=1.00]
[u  199] env= 13041664 rsucc=0.992 n_rounds= 4090 ret=+16.901 len=317.3 ent(t0,t>=1)=(0.001,0.553) aL=-0.0066 vL=0.0855 t0=[red=0.00 blue=1.00]
[u  200] env= 13107200 rsucc=0.993 n_rounds= 4192 ret=+16.841 len=318.6 ent(t0,t>=1)=(0.002,0.552) aL=-0.0061 vL=0.1354 t0=[red=0.00 blue=1.00]
[u  201] env= 13172736 rsucc=0.994 n_rounds= 4168 ret=+16.943 len=312.3 ent(t0,t>=1)=(0.016,0.533) aL=-0.0081 vL=0.1427 t0=[red=0.00 blue=1.00]
[u  202] env= 13238272 rsucc=0.976 n_rounds= 3630 ret=+16.518 len=335.1 ent(t0,t>=1)=(0.080,0.617) aL=-0.0080 vL=0.1294 t0=[red=0.04 blue=0.96]
[u  203] env= 13303808 rsucc=0.969 n_rounds= 3576 ret=+15.749 len=375.8 ent(t0,t>=1)=(0.060,0.641) aL=-0.0077 vL=0.1142 t0=[red=0.03 blue=0.97]
[u  204] env= 13369344 rsucc=0.981 n_rounds= 3813 ret=+16.308 len=346.2 ent(t0,t>=1)=(0.037,0.574) aL=-0.0081 vL=0.1010 t0=[red=0.02 blue=0.98]
[u  205] env= 13434880 rsucc=0.985 n_rounds= 4020 ret=+16.508 len=335.5 ent(t0,t>=1)=(0.020,0.540) aL=-0.0071 vL=0.1058 t0=[red=0.01 blue=0.99]
[u  206] env= 13500416 rsucc=0.988 n_rounds= 3979 ret=+16.773 len=322.7 ent(t0,t>=1)=(0.012,0.540) aL=-0.0079 vL=0.1238 t0=[red=0.01 blue=0.99]
[u  207] env= 13565952 rsucc=0.988 n_rounds= 4000 ret=+16.627 len=330.4 ent(t0,t>=1)=(0.007,0.581) aL=-0.0080 vL=0.1187 t0=[red=0.00 blue=1.00]
[u  208] env= 13631488 rsucc=0.991 n_rounds= 4023 ret=+16.802 len=322.3 ent(t0,t>=1)=(0.003,0.576) aL=-0.0077 vL=0.1710 t0=[red=0.00 blue=1.00]
[u  209] env= 13697024 rsucc=0.992 n_rounds= 3976 ret=+16.738 len=327.9 ent(t0,t>=1)=(0.003,0.615) aL=-0.0078 vL=0.1414 t0=[red=0.00 blue=1.00]
[u  210] env= 13762560 rsucc=0.991 n_rounds= 4058 ret=+16.761 len=325.8 ent(t0,t>=1)=(0.003,0.607) aL=-0.0062 vL=0.1662 t0=[red=0.00 blue=1.00]
[u  211] env= 13828096 rsucc=0.991 n_rounds= 4036 ret=+16.778 len=325.8 ent(t0,t>=1)=(0.003,0.587) aL=-0.0086 vL=0.1318 t0=[red=0.00 blue=1.00]
[u  212] env= 13893632 rsucc=0.990 n_rounds= 4004 ret=+16.784 len=323.6 ent(t0,t>=1)=(0.002,0.619) aL=-0.0097 vL=0.1459 t0=[red=0.00 blue=1.00]
[u  213] env= 13959168 rsucc=0.992 n_rounds= 4105 ret=+16.776 len=324.5 ent(t0,t>=1)=(0.005,0.628) aL=-0.0082 vL=0.1032 t0=[red=0.00 blue=1.00]
[u  214] env= 14024704 rsucc=0.989 n_rounds= 3900 ret=+16.722 len=328.5 ent(t0,t>=1)=(0.008,0.704) aL=-0.0081 vL=0.1016 t0=[red=0.00 blue=1.00]
[u  215] env= 14090240 rsucc=0.990 n_rounds= 4020 ret=+16.694 len=330.8 ent(t0,t>=1)=(0.005,0.697) aL=-0.0072 vL=0.1050 t0=[red=0.00 blue=1.00]
[u  216] env= 14155776 rsucc=0.992 n_rounds= 4041 ret=+16.740 len=327.2 ent(t0,t>=1)=(0.002,0.676) aL=-0.0091 vL=0.0918 t0=[red=0.00 blue=1.00]
[u  217] env= 14221312 rsucc=0.992 n_rounds= 4080 ret=+16.841 len=320.8 ent(t0,t>=1)=(0.002,0.673) aL=-0.0080 vL=0.0944 t0=[red=0.00 blue=1.00]
[u  218] env= 14286848 rsucc=0.992 n_rounds= 4128 ret=+16.865 len=318.8 ent(t0,t>=1)=(0.001,0.656) aL=-0.0091 vL=0.0893 t0=[red=0.00 blue=1.00]
[u  219] env= 14352384 rsucc=0.996 n_rounds= 4254 ret=+16.969 len=312.6 ent(t0,t>=1)=(0.001,0.643) aL=-0.0071 vL=0.1298 t0=[red=0.00 blue=1.00]
[u  220] env= 14417920 rsucc=0.994 n_rounds= 4098 ret=+16.952 len=313.0 ent(t0,t>=1)=(0.000,0.670) aL=-0.0096 vL=0.0883 t0=[red=0.00 blue=1.00]
[u  221] env= 14483456 rsucc=0.992 n_rounds= 4149 ret=+16.911 len=315.8 ent(t0,t>=1)=(0.000,0.635) aL=-0.0090 vL=0.1061 t0=[red=0.00 blue=1.00]
[u  222] env= 14548992 rsucc=0.992 n_rounds= 4139 ret=+16.860 len=318.0 ent(t0,t>=1)=(0.000,0.639) aL=-0.0096 vL=0.1005 t0=[red=0.00 blue=1.00]
[u  223] env= 14614528 rsucc=0.994 n_rounds= 4144 ret=+16.878 len=316.8 ent(t0,t>=1)=(0.000,0.645) aL=-0.0088 vL=0.0855 t0=[red=0.00 blue=1.00]
[u  224] env= 14680064 rsucc=0.992 n_rounds= 4103 ret=+16.863 len=319.7 ent(t0,t>=1)=(0.000,0.649) aL=-0.0073 vL=0.0899 t0=[red=0.00 blue=1.00]
[u  225] env= 14745600 rsucc=0.994 n_rounds= 4205 ret=+16.898 len=315.6 ent(t0,t>=1)=(0.000,0.656) aL=-0.0081 vL=0.0820 t0=[red=0.00 blue=1.00]
[u  226] env= 14811136 rsucc=0.994 n_rounds= 4074 ret=+16.913 len=316.1 ent(t0,t>=1)=(0.000,0.732) aL=-0.0094 vL=0.0717 t0=[red=0.00 blue=1.00]
[u  227] env= 14876672 rsucc=0.991 n_rounds= 4107 ret=+16.868 len=318.7 ent(t0,t>=1)=(0.000,0.750) aL=-0.0102 vL=0.0813 t0=[red=0.00 blue=1.00]
[u  228] env= 14942208 rsucc=0.991 n_rounds= 4058 ret=+16.858 len=317.8 ent(t0,t>=1)=(0.000,0.764) aL=-0.0095 vL=0.0770 t0=[red=0.00 blue=1.00]
[u  229] env= 15007744 rsucc=0.993 n_rounds= 4176 ret=+16.842 len=318.3 ent(t0,t>=1)=(0.000,0.775) aL=-0.0093 vL=0.1253 t0=[red=0.00 blue=1.00]
[u  230] env= 15073280 rsucc=0.991 n_rounds= 4045 ret=+16.788 len=321.7 ent(t0,t>=1)=(0.000,0.804) aL=-0.0109 vL=0.0739 t0=[red=0.00 blue=1.00]
[u  231] env= 15138816 rsucc=0.992 n_rounds= 4124 ret=+16.847 len=319.8 ent(t0,t>=1)=(0.000,0.812) aL=-0.0130 vL=0.0687 t0=[red=0.00 blue=1.00]
[u  232] env= 15204352 rsucc=0.995 n_rounds= 4177 ret=+16.923 len=313.9 ent(t0,t>=1)=(0.000,0.820) aL=-0.0137 vL=0.0657 t0=[red=0.00 blue=1.00]
[u  233] env= 15269888 rsucc=0.991 n_rounds= 4086 ret=+16.914 len=316.5 ent(t0,t>=1)=(0.000,0.830) aL=-0.0119 vL=0.0635 t0=[red=0.00 blue=1.00]
[u  234] env= 15335424 rsucc=0.992 n_rounds= 4123 ret=+16.844 len=317.8 ent(t0,t>=1)=(0.000,0.838) aL=-0.0096 vL=0.0903 t0=[red=0.00 blue=1.00]
[u  235] env= 15400960 rsucc=0.993 n_rounds= 4164 ret=+16.910 len=315.7 ent(t0,t>=1)=(0.000,0.832) aL=-0.0125 vL=0.0708 t0=[red=0.00 blue=1.00]
[u  236] env= 15466496 rsucc=0.993 n_rounds= 4197 ret=+16.884 len=315.8 ent(t0,t>=1)=(0.000,0.829) aL=-0.0131 vL=0.0677 t0=[red=0.00 blue=1.00]
[u  237] env= 15532032 rsucc=0.995 n_rounds= 4176 ret=+16.970 len=310.4 ent(t0,t>=1)=(0.000,0.842) aL=-0.0096 vL=0.0855 t0=[red=0.00 blue=1.00]
[u  238] env= 15597568 rsucc=0.994 n_rounds= 4165 ret=+16.973 len=313.0 ent(t0,t>=1)=(0.000,0.845) aL=-0.0122 vL=0.0651 t0=[red=0.00 blue=1.00]
[u  239] env= 15663104 rsucc=0.995 n_rounds= 4223 ret=+16.980 len=311.0 ent(t0,t>=1)=(0.000,0.829) aL=-0.0115 vL=0.0704 t0=[red=0.00 blue=1.00]
[u  240] env= 15728640 rsucc=0.994 n_rounds= 4287 ret=+16.952 len=312.1 ent(t0,t>=1)=(0.000,0.801) aL=-0.0108 vL=0.0945 t0=[red=0.00 blue=1.00]
[u  241] env= 15794176 rsucc=0.993 n_rounds= 4253 ret=+17.040 len=305.3 ent(t0,t>=1)=(0.000,0.808) aL=-0.0121 vL=0.0700 t0=[red=0.00 blue=1.00]
[u  242] env= 15859712 rsucc=0.997 n_rounds= 4345 ret=+17.029 len=306.1 ent(t0,t>=1)=(0.000,0.785) aL=-0.0120 vL=0.0659 t0=[red=0.00 blue=1.00]
[u  243] env= 15925248 rsucc=0.994 n_rounds= 4277 ret=+17.088 len=303.9 ent(t0,t>=1)=(0.000,0.780) aL=-0.0090 vL=0.1085 t0=[red=0.00 blue=1.00]
[u  244] env= 15990784 rsucc=0.994 n_rounds= 4323 ret=+17.040 len=306.1 ent(t0,t>=1)=(0.000,0.785) aL=-0.0096 vL=0.0808 t0=[red=0.00 blue=1.00]
[u  245] env= 16056320 rsucc=0.995 n_rounds= 4311 ret=+16.992 len=306.7 ent(t0,t>=1)=(0.000,0.797) aL=-0.0124 vL=0.0715 t0=[red=0.00 blue=1.00]
[u  246] env= 16121856 rsucc=0.996 n_rounds= 4312 ret=+17.101 len=302.2 ent(t0,t>=1)=(0.000,0.794) aL=-0.0115 vL=0.0639 t0=[red=0.00 blue=1.00]
[u  247] env= 16187392 rsucc=0.995 n_rounds= 4319 ret=+17.101 len=303.6 ent(t0,t>=1)=(0.000,0.791) aL=-0.0117 vL=0.0663 t0=[red=0.00 blue=1.00]
[u  248] env= 16252928 rsucc=0.995 n_rounds= 4308 ret=+17.065 len=303.4 ent(t0,t>=1)=(0.000,0.776) aL=-0.0104 vL=0.0674 t0=[red=0.00 blue=1.00]
[u  249] env= 16318464 rsucc=0.996 n_rounds= 4323 ret=+16.997 len=306.8 ent(t0,t>=1)=(0.000,0.780) aL=-0.0120 vL=0.0611 t0=[red=0.00 blue=1.00]
[u  250] env= 16384000 rsucc=0.994 n_rounds= 4345 ret=+17.120 len=300.8 ent(t0,t>=1)=(0.000,0.789) aL=-0.0111 vL=0.0778 t0=[red=0.00 blue=1.00]
[u  251] env= 16449536 rsucc=0.995 n_rounds= 4289 ret=+17.055 len=304.2 ent(t0,t>=1)=(0.000,0.801) aL=-0.0107 vL=0.0745 t0=[red=0.00 blue=1.00]
[u  252] env= 16515072 rsucc=0.995 n_rounds= 4324 ret=+17.019 len=306.0 ent(t0,t>=1)=(0.000,0.811) aL=-0.0113 vL=0.0651 t0=[red=0.00 blue=1.00]
[u  253] env= 16580608 rsucc=0.995 n_rounds= 4293 ret=+17.065 len=304.1 ent(t0,t>=1)=(0.000,0.788) aL=-0.0114 vL=0.0679 t0=[red=0.00 blue=1.00]
[u  254] env= 16646144 rsucc=0.995 n_rounds= 4328 ret=+17.096 len=301.2 ent(t0,t>=1)=(0.000,0.806) aL=-0.0114 vL=0.0709 t0=[red=0.00 blue=1.00]
[u  255] env= 16711680 rsucc=0.996 n_rounds= 4361 ret=+17.045 len=304.1 ent(t0,t>=1)=(0.000,0.801) aL=-0.0121 vL=0.0681 t0=[red=0.00 blue=1.00]
[u  256] env= 16777216 rsucc=0.996 n_rounds= 4366 ret=+17.134 len=300.8 ent(t0,t>=1)=(0.000,0.823) aL=-0.0128 vL=0.0697 t0=[red=0.00 blue=1.00]
[u  257] env= 16842752 rsucc=0.997 n_rounds= 4303 ret=+17.124 len=300.8 ent(t0,t>=1)=(0.000,0.829) aL=-0.0082 vL=0.0700 t0=[red=0.00 blue=1.00]
[u  258] env= 16908288 rsucc=0.994 n_rounds= 4324 ret=+17.067 len=304.0 ent(t0,t>=1)=(0.000,0.815) aL=-0.0114 vL=0.0956 t0=[red=0.00 blue=1.00]
[u  259] env= 16973824 rsucc=0.996 n_rounds= 4297 ret=+17.039 len=305.1 ent(t0,t>=1)=(0.000,0.825) aL=-0.0126 vL=0.0872 t0=[red=0.00 blue=1.00]
[u  260] env= 17039360 rsucc=0.996 n_rounds= 4326 ret=+17.133 len=300.8 ent(t0,t>=1)=(0.000,0.810) aL=-0.0108 vL=0.0869 t0=[red=0.00 blue=1.00]
[u  261] env= 17104896 rsucc=0.997 n_rounds= 4335 ret=+17.029 len=307.2 ent(t0,t>=1)=(0.000,0.791) aL=-0.0122 vL=0.1156 t0=[red=0.00 blue=1.00]
[u  262] env= 17170432 rsucc=0.995 n_rounds= 4264 ret=+17.068 len=305.7 ent(t0,t>=1)=(0.000,0.827) aL=-0.0121 vL=0.0924 t0=[red=0.00 blue=1.00]
[u  263] env= 17235968 rsucc=0.994 n_rounds= 4207 ret=+17.054 len=305.1 ent(t0,t>=1)=(0.000,0.815) aL=-0.0119 vL=0.1009 t0=[red=0.00 blue=1.00]
[u  264] env= 17301504 rsucc=0.993 n_rounds= 4224 ret=+16.942 len=312.5 ent(t0,t>=1)=(0.000,0.808) aL=-0.0124 vL=0.0869 t0=[red=0.00 blue=1.00]
[u  265] env= 17367040 rsucc=0.995 n_rounds= 4306 ret=+16.952 len=311.2 ent(t0,t>=1)=(0.000,0.805) aL=-0.0110 vL=0.0831 t0=[red=0.00 blue=1.00]
[u  266] env= 17432576 rsucc=0.996 n_rounds= 4329 ret=+17.093 len=303.0 ent(t0,t>=1)=(0.000,0.813) aL=-0.0113 vL=0.0879 t0=[red=0.00 blue=1.00]
[u  267] env= 17498112 rsucc=0.996 n_rounds= 4241 ret=+17.063 len=306.1 ent(t0,t>=1)=(0.000,0.833) aL=-0.0126 vL=0.0678 t0=[red=0.00 blue=1.00]
[u  268] env= 17563648 rsucc=0.995 n_rounds= 4294 ret=+17.033 len=306.9 ent(t0,t>=1)=(0.000,0.819) aL=-0.0141 vL=0.0760 t0=[red=0.00 blue=1.00]
[u  269] env= 17629184 rsucc=0.996 n_rounds= 4303 ret=+17.080 len=303.4 ent(t0,t>=1)=(0.000,0.808) aL=-0.0114 vL=0.1022 t0=[red=0.00 blue=1.00]
[u  270] env= 17694720 rsucc=0.996 n_rounds= 4313 ret=+17.090 len=303.8 ent(t0,t>=1)=(0.000,0.794) aL=-0.0112 vL=0.0808 t0=[red=0.00 blue=1.00]
[u  271] env= 17760256 rsucc=0.996 n_rounds= 4363 ret=+17.082 len=303.0 ent(t0,t>=1)=(0.000,0.785) aL=-0.0134 vL=0.0839 t0=[red=0.00 blue=1.00]
[u  272] env= 17825792 rsucc=0.994 n_rounds= 4330 ret=+17.058 len=304.1 ent(t0,t>=1)=(0.000,0.780) aL=-0.0132 vL=0.0969 t0=[red=0.00 blue=1.00]
[u  273] env= 17891328 rsucc=0.995 n_rounds= 4263 ret=+17.061 len=303.5 ent(t0,t>=1)=(0.000,0.790) aL=-0.0048 vL=0.0952 t0=[red=0.00 blue=1.00]
[u  274] env= 17956864 rsucc=0.995 n_rounds= 4345 ret=+17.084 len=303.0 ent(t0,t>=1)=(0.000,0.764) aL=-0.0114 vL=0.0790 t0=[red=0.00 blue=1.00]
[u  275] env= 18022400 rsucc=0.995 n_rounds= 4313 ret=+17.065 len=303.2 ent(t0,t>=1)=(0.000,0.769) aL=-0.0117 vL=0.0803 t0=[red=0.00 blue=1.00]
[u  276] env= 18087936 rsucc=0.996 n_rounds= 4332 ret=+17.053 len=304.4 ent(t0,t>=1)=(0.000,0.756) aL=-0.0100 vL=0.0936 t0=[red=0.00 blue=1.00]
[u  277] env= 18153472 rsucc=0.994 n_rounds= 4291 ret=+17.050 len=303.9 ent(t0,t>=1)=(0.000,0.745) aL=-0.0111 vL=0.0887 t0=[red=0.00 blue=1.00]
[u  278] env= 18219008 rsucc=0.997 n_rounds= 4350 ret=+17.118 len=301.0 ent(t0,t>=1)=(0.000,0.758) aL=-0.0106 vL=0.0810 t0=[red=0.00 blue=1.00]
[u  279] env= 18284544 rsucc=0.995 n_rounds= 4354 ret=+17.113 len=300.9 ent(t0,t>=1)=(0.000,0.744) aL=-0.0105 vL=0.0900 t0=[red=0.00 blue=1.00]
[u  280] env= 18350080 rsucc=0.996 n_rounds= 4317 ret=+17.022 len=306.2 ent(t0,t>=1)=(0.000,0.780) aL=-0.0107 vL=0.0746 t0=[red=0.00 blue=1.00]
[u  281] env= 18415616 rsucc=0.995 n_rounds= 4313 ret=+17.071 len=304.4 ent(t0,t>=1)=(0.000,0.765) aL=-0.0110 vL=0.0749 t0=[red=0.00 blue=1.00]
[u  282] env= 18481152 rsucc=0.997 n_rounds= 4418 ret=+17.107 len=300.6 ent(t0,t>=1)=(0.000,0.740) aL=-0.0119 vL=0.0795 t0=[red=0.00 blue=1.00]
[u  283] env= 18546688 rsucc=0.995 n_rounds= 4320 ret=+17.134 len=299.4 ent(t0,t>=1)=(0.000,0.741) aL=-0.0102 vL=0.1146 t0=[red=0.00 blue=1.00]
[u  284] env= 18612224 rsucc=0.996 n_rounds= 4394 ret=+17.121 len=298.9 ent(t0,t>=1)=(0.000,0.682) aL=-0.0127 vL=0.1077 t0=[red=0.00 blue=1.00]
[u  285] env= 18677760 rsucc=0.996 n_rounds= 4336 ret=+17.096 len=301.3 ent(t0,t>=1)=(0.000,0.708) aL=-0.0118 vL=0.1001 t0=[red=0.00 blue=1.00]
[u  286] env= 18743296 rsucc=0.993 n_rounds= 4225 ret=+17.060 len=305.1 ent(t0,t>=1)=(0.000,0.711) aL=-0.0094 vL=0.1049 t0=[red=0.00 blue=1.00]
[u  287] env= 18808832 rsucc=0.995 n_rounds= 4256 ret=+16.992 len=307.7 ent(t0,t>=1)=(0.000,0.710) aL=-0.0096 vL=0.0980 t0=[red=0.00 blue=1.00]
[u  288] env= 18874368 rsucc=0.994 n_rounds= 4275 ret=+16.963 len=310.8 ent(t0,t>=1)=(0.000,0.676) aL=-0.0095 vL=0.0829 t0=[red=0.00 blue=1.00]
[u  289] env= 18939904 rsucc=0.994 n_rounds= 4316 ret=+17.024 len=305.7 ent(t0,t>=1)=(0.000,0.654) aL=-0.0072 vL=0.0878 t0=[red=0.00 blue=1.00]
[u  290] env= 19005440 rsucc=0.995 n_rounds= 4254 ret=+17.036 len=307.1 ent(t0,t>=1)=(0.000,0.673) aL=-0.0101 vL=0.0772 t0=[red=0.00 blue=1.00]
[u  291] env= 19070976 rsucc=0.995 n_rounds= 4240 ret=+16.974 len=309.9 ent(t0,t>=1)=(0.000,0.707) aL=-0.0094 vL=0.0686 t0=[red=0.00 blue=1.00]
[u  292] env= 19136512 rsucc=0.993 n_rounds= 4155 ret=+16.970 len=310.7 ent(t0,t>=1)=(0.000,0.722) aL=-0.0080 vL=0.0867 t0=[red=0.00 blue=1.00]
[u  293] env= 19202048 rsucc=0.994 n_rounds= 4288 ret=+16.994 len=307.8 ent(t0,t>=1)=(0.000,0.700) aL=-0.0087 vL=0.0708 t0=[red=0.00 blue=1.00]
[u  294] env= 19267584 rsucc=0.995 n_rounds= 4312 ret=+17.035 len=305.9 ent(t0,t>=1)=(0.000,0.679) aL=-0.0096 vL=0.0726 t0=[red=0.00 blue=1.00]
[u  295] env= 19333120 rsucc=0.995 n_rounds= 4331 ret=+17.090 len=302.8 ent(t0,t>=1)=(0.000,0.664) aL=-0.0097 vL=0.1009 t0=[red=0.00 blue=1.00]
[u  296] env= 19398656 rsucc=0.994 n_rounds= 4261 ret=+17.005 len=306.3 ent(t0,t>=1)=(0.000,0.682) aL=-0.0100 vL=0.0864 t0=[red=0.00 blue=1.00]
[u  297] env= 19464192 rsucc=0.995 n_rounds= 4272 ret=+17.053 len=305.1 ent(t0,t>=1)=(0.000,0.676) aL=-0.0097 vL=0.0888 t0=[red=0.00 blue=1.00]
[u  298] env= 19529728 rsucc=0.995 n_rounds= 4288 ret=+17.024 len=307.4 ent(t0,t>=1)=(0.000,0.682) aL=-0.0076 vL=0.0920 t0=[red=0.00 blue=1.00]
[u  299] env= 19595264 rsucc=0.996 n_rounds= 4243 ret=+17.017 len=308.3 ent(t0,t>=1)=(0.000,0.675) aL=-0.0085 vL=0.0840 t0=[red=0.00 blue=1.00]
[u  300] env= 19660800 rsucc=0.993 n_rounds= 4255 ret=+17.018 len=305.7 ent(t0,t>=1)=(0.000,0.656) aL=-0.0095 vL=0.0773 t0=[red=0.00 blue=1.00]
[u  301] env= 19726336 rsucc=0.994 n_rounds= 4295 ret=+17.008 len=306.3 ent(t0,t>=1)=(0.000,0.641) aL=-0.0098 vL=0.0827 t0=[red=0.00 blue=1.00]
[u  302] env= 19791872 rsucc=0.994 n_rounds= 4263 ret=+17.017 len=307.2 ent(t0,t>=1)=(0.000,0.643) aL=-0.0103 vL=0.0879 t0=[red=0.00 blue=1.00]
[u  303] env= 19857408 rsucc=0.996 n_rounds= 4330 ret=+17.057 len=304.4 ent(t0,t>=1)=(0.000,0.618) aL=-0.0079 vL=0.0890 t0=[red=0.00 blue=1.00]
[u  304] env= 19922944 rsucc=0.996 n_rounds= 4308 ret=+17.079 len=303.9 ent(t0,t>=1)=(0.000,0.627) aL=-0.0084 vL=0.0805 t0=[red=0.00 blue=1.00]
[u  305] env= 19988480 rsucc=0.991 n_rounds= 4157 ret=+16.903 len=312.6 ent(t0,t>=1)=(0.000,0.653) aL=-0.0071 vL=0.0898 t0=[red=0.00 blue=1.00]
[u  306] env= 20054016 rsucc=0.995 n_rounds= 4216 ret=+16.993 len=309.5 ent(t0,t>=1)=(0.000,0.634) aL=-0.0067 vL=0.0921 t0=[red=0.00 blue=1.00]
[u  307] env= 20119552 rsucc=0.992 n_rounds= 4210 ret=+16.948 len=311.3 ent(t0,t>=1)=(0.000,0.646) aL=-0.0071 vL=0.0773 t0=[red=0.00 blue=1.00]
[u  308] env= 20185088 rsucc=0.992 n_rounds= 4243 ret=+16.992 len=307.5 ent(t0,t>=1)=(0.000,0.637) aL=-0.0090 vL=0.0744 t0=[red=0.00 blue=1.00]
[u  309] env= 20250624 rsucc=0.995 n_rounds= 4363 ret=+17.021 len=304.3 ent(t0,t>=1)=(0.000,0.601) aL=-0.0095 vL=0.1003 t0=[red=0.00 blue=1.00]
[u  310] env= 20316160 rsucc=0.995 n_rounds= 4277 ret=+17.077 len=302.2 ent(t0,t>=1)=(0.000,0.611) aL=-0.0100 vL=0.0775 t0=[red=0.00 blue=1.00]
[u  311] env= 20381696 rsucc=0.993 n_rounds= 4313 ret=+17.028 len=304.3 ent(t0,t>=1)=(0.000,0.604) aL=-0.0088 vL=0.0713 t0=[red=0.00 blue=1.00]
[u  312] env= 20447232 rsucc=0.995 n_rounds= 4361 ret=+17.048 len=303.4 ent(t0,t>=1)=(0.000,0.588) aL=-0.0089 vL=0.0808 t0=[red=0.00 blue=1.00]
[u  313] env= 20512768 rsucc=0.996 n_rounds= 4365 ret=+17.095 len=301.5 ent(t0,t>=1)=(0.000,0.599) aL=-0.0093 vL=0.0767 t0=[red=0.00 blue=1.00]
[u  314] env= 20578304 rsucc=0.995 n_rounds= 4377 ret=+17.137 len=297.5 ent(t0,t>=1)=(0.000,0.551) aL=-0.0105 vL=0.0890 t0=[red=0.00 blue=1.00]
[u  315] env= 20643840 rsucc=0.996 n_rounds= 4429 ret=+17.126 len=298.5 ent(t0,t>=1)=(0.000,0.530) aL=-0.0111 vL=0.1071 t0=[red=0.00 blue=1.00]
[u  316] env= 20709376 rsucc=0.994 n_rounds= 4362 ret=+17.094 len=300.4 ent(t0,t>=1)=(0.000,0.542) aL=-0.0105 vL=0.0904 t0=[red=0.00 blue=1.00]
[u  317] env= 20774912 rsucc=0.996 n_rounds= 4312 ret=+17.105 len=301.2 ent(t0,t>=1)=(0.000,0.542) aL=-0.0069 vL=0.0935 t0=[red=0.00 blue=1.00]
[u  318] env= 20840448 rsucc=0.993 n_rounds= 4240 ret=+17.004 len=306.7 ent(t0,t>=1)=(0.000,0.557) aL=-0.0072 vL=0.0960 t0=[red=0.00 blue=1.00]
[u  319] env= 20905984 rsucc=0.994 n_rounds= 4310 ret=+16.969 len=308.1 ent(t0,t>=1)=(0.000,0.534) aL=-0.0086 vL=0.0815 t0=[red=0.00 blue=1.00]
[u  320] env= 20971520 rsucc=0.995 n_rounds= 4290 ret=+17.096 len=302.9 ent(t0,t>=1)=(0.000,0.513) aL=-0.0075 vL=0.0927 t0=[red=0.00 blue=1.00]
[u  321] env= 21037056 rsucc=0.995 n_rounds= 4307 ret=+17.091 len=301.7 ent(t0,t>=1)=(0.000,0.469) aL=-0.0086 vL=0.1032 t0=[red=0.00 blue=1.00]
[u  322] env= 21102592 rsucc=0.995 n_rounds= 4311 ret=+17.005 len=307.6 ent(t0,t>=1)=(0.000,0.486) aL=-0.0101 vL=0.0927 t0=[red=0.00 blue=1.00]
[u  323] env= 21168128 rsucc=0.994 n_rounds= 4232 ret=+17.030 len=306.2 ent(t0,t>=1)=(0.000,0.490) aL=-0.0071 vL=0.1090 t0=[red=0.00 blue=1.00]
[u  324] env= 21233664 rsucc=0.993 n_rounds= 4166 ret=+16.948 len=312.9 ent(t0,t>=1)=(0.000,0.509) aL=-0.0068 vL=0.0806 t0=[red=0.00 blue=1.00]
[u  325] env= 21299200 rsucc=0.993 n_rounds= 4193 ret=+16.935 len=312.5 ent(t0,t>=1)=(0.000,0.489) aL=-0.0053 vL=0.0901 t0=[red=0.00 blue=1.00]
[u  326] env= 21364736 rsucc=0.993 n_rounds= 4209 ret=+16.950 len=311.4 ent(t0,t>=1)=(0.000,0.493) aL=-0.0087 vL=0.0774 t0=[red=0.00 blue=1.00]
[u  327] env= 21430272 rsucc=0.992 n_rounds= 4111 ret=+16.844 len=319.1 ent(t0,t>=1)=(0.000,0.536) aL=-0.0074 vL=0.0798 t0=[red=0.00 blue=1.00]
[u  328] env= 21495808 rsucc=0.993 n_rounds= 4047 ret=+16.879 len=318.8 ent(t0,t>=1)=(0.000,0.581) aL=-0.0064 vL=0.0767 t0=[red=0.00 blue=1.00]
[u  329] env= 21561344 rsucc=0.992 n_rounds= 3999 ret=+16.776 len=327.1 ent(t0,t>=1)=(0.000,0.614) aL=-0.0074 vL=0.0612 t0=[red=0.00 blue=1.00]
[u  330] env= 21626880 rsucc=0.989 n_rounds= 3896 ret=+16.668 len=331.8 ent(t0,t>=1)=(0.000,0.655) aL=-0.0064 vL=0.0698 t0=[red=0.00 blue=1.00]
[u  331] env= 21692416 rsucc=0.992 n_rounds= 4034 ret=+16.689 len=335.3 ent(t0,t>=1)=(0.000,0.650) aL=-0.0062 vL=0.0800 t0=[red=0.00 blue=1.00]
[u  332] env= 21757952 rsucc=0.993 n_rounds= 4076 ret=+16.861 len=319.2 ent(t0,t>=1)=(0.000,0.628) aL=-0.0070 vL=0.0538 t0=[red=0.00 blue=1.00]
[u  333] env= 21823488 rsucc=0.991 n_rounds= 4040 ret=+16.847 len=320.0 ent(t0,t>=1)=(0.000,0.631) aL=-0.0081 vL=0.0603 t0=[red=0.00 blue=1.00]
[u  334] env= 21889024 rsucc=0.994 n_rounds= 4116 ret=+16.893 len=317.8 ent(t0,t>=1)=(0.000,0.641) aL=-0.0073 vL=0.0663 t0=[red=0.00 blue=1.00]
[u  335] env= 21954560 rsucc=0.993 n_rounds= 4116 ret=+16.862 len=319.7 ent(t0,t>=1)=(0.000,0.671) aL=-0.0086 vL=0.0609 t0=[red=0.00 blue=1.00]
[u  336] env= 22020096 rsucc=0.993 n_rounds= 4121 ret=+16.890 len=317.0 ent(t0,t>=1)=(0.000,0.695) aL=-0.0083 vL=0.0512 t0=[red=0.00 blue=1.00]
[u  337] env= 22085632 rsucc=0.993 n_rounds= 4113 ret=+16.832 len=320.2 ent(t0,t>=1)=(0.000,0.710) aL=-0.0094 vL=0.0582 t0=[red=0.00 blue=1.00]
[u  338] env= 22151168 rsucc=0.994 n_rounds= 4188 ret=+16.911 len=316.0 ent(t0,t>=1)=(0.000,0.719) aL=-0.0088 vL=0.0549 t0=[red=0.00 blue=1.00]
[u  339] env= 22216704 rsucc=0.993 n_rounds= 4182 ret=+16.962 len=312.5 ent(t0,t>=1)=(0.000,0.745) aL=-0.0096 vL=0.0614 t0=[red=0.00 blue=1.00]
[u  340] env= 22282240 rsucc=0.995 n_rounds= 4151 ret=+16.986 len=311.0 ent(t0,t>=1)=(0.000,0.735) aL=-0.0123 vL=0.0615 t0=[red=0.00 blue=1.00]
[u  341] env= 22347776 rsucc=0.994 n_rounds= 4134 ret=+16.857 len=319.7 ent(t0,t>=1)=(0.000,0.740) aL=-0.0115 vL=0.0565 t0=[red=0.00 blue=1.00]
[u  342] env= 22413312 rsucc=0.994 n_rounds= 4163 ret=+16.912 len=315.6 ent(t0,t>=1)=(0.000,0.737) aL=-0.0096 vL=0.0588 t0=[red=0.00 blue=1.00]
[u  343] env= 22478848 rsucc=0.993 n_rounds= 4132 ret=+16.944 len=315.2 ent(t0,t>=1)=(0.000,0.741) aL=-0.0095 vL=0.0641 t0=[red=0.00 blue=1.00]
[u  344] env= 22544384 rsucc=0.995 n_rounds= 4280 ret=+16.955 len=311.2 ent(t0,t>=1)=(0.000,0.728) aL=-0.0100 vL=0.0534 t0=[red=0.00 blue=1.00]
[u  345] env= 22609920 rsucc=0.995 n_rounds= 4289 ret=+16.973 len=310.6 ent(t0,t>=1)=(0.000,0.724) aL=-0.0098 vL=0.0561 t0=[red=0.00 blue=1.00]
[u  346] env= 22675456 rsucc=0.996 n_rounds= 4282 ret=+17.048 len=305.8 ent(t0,t>=1)=(0.000,0.746) aL=-0.0102 vL=0.0486 t0=[red=0.00 blue=1.00]
[u  347] env= 22740992 rsucc=0.993 n_rounds= 4218 ret=+17.019 len=307.4 ent(t0,t>=1)=(0.000,0.758) aL=-0.0092 vL=0.0696 t0=[red=0.00 blue=1.00]
[u  348] env= 22806528 rsucc=0.994 n_rounds= 4260 ret=+16.965 len=310.7 ent(t0,t>=1)=(0.000,0.754) aL=-0.0105 vL=0.0552 t0=[red=0.00 blue=1.00]
[u  349] env= 22872064 rsucc=0.996 n_rounds= 4278 ret=+17.052 len=305.8 ent(t0,t>=1)=(0.000,0.744) aL=-0.0087 vL=0.0691 t0=[red=0.00 blue=1.00]
[u  350] env= 22937600 rsucc=0.994 n_rounds= 4229 ret=+16.998 len=308.0 ent(t0,t>=1)=(0.000,0.722) aL=-0.0100 vL=0.0535 t0=[red=0.00 blue=1.00]
[u  351] env= 23003136 rsucc=0.993 n_rounds= 4260 ret=+16.917 len=312.8 ent(t0,t>=1)=(0.000,0.709) aL=-0.0107 vL=0.0587 t0=[red=0.00 blue=1.00]
[u  352] env= 23068672 rsucc=0.997 n_rounds= 4293 ret=+17.072 len=304.3 ent(t0,t>=1)=(0.000,0.698) aL=-0.0108 vL=0.0594 t0=[red=0.00 blue=1.00]
[u  353] env= 23134208 rsucc=0.994 n_rounds= 4311 ret=+17.077 len=303.7 ent(t0,t>=1)=(0.000,0.689) aL=-0.0114 vL=0.0601 t0=[red=0.00 blue=1.00]
[u  354] env= 23199744 rsucc=0.996 n_rounds= 4306 ret=+17.024 len=306.0 ent(t0,t>=1)=(0.000,0.675) aL=-0.0104 vL=0.0549 t0=[red=0.00 blue=1.00]
[u  355] env= 23265280 rsucc=0.996 n_rounds= 4280 ret=+17.035 len=306.6 ent(t0,t>=1)=(0.000,0.679) aL=-0.0091 vL=0.0560 t0=[red=0.00 blue=1.00]
[u  356] env= 23330816 rsucc=0.992 n_rounds= 4180 ret=+16.972 len=309.8 ent(t0,t>=1)=(0.000,0.691) aL=-0.0089 vL=0.0620 t0=[red=0.00 blue=1.00]
[u  357] env= 23396352 rsucc=0.993 n_rounds= 4195 ret=+16.923 len=313.8 ent(t0,t>=1)=(0.000,0.676) aL=-0.0073 vL=0.0594 t0=[red=0.00 blue=1.00]
[u  358] env= 23461888 rsucc=0.994 n_rounds= 4158 ret=+16.877 len=315.5 ent(t0,t>=1)=(0.000,0.689) aL=-0.0081 vL=0.0599 t0=[red=0.00 blue=1.00]
[u  359] env= 23527424 rsucc=0.994 n_rounds= 4277 ret=+17.043 len=306.7 ent(t0,t>=1)=(0.000,0.676) aL=-0.0071 vL=0.0570 t0=[red=0.00 blue=1.00]
[u  360] env= 23592960 rsucc=0.995 n_rounds= 4248 ret=+17.027 len=306.9 ent(t0,t>=1)=(0.000,0.681) aL=-0.0074 vL=0.0617 t0=[red=0.00 blue=1.00]
[u  361] env= 23658496 rsucc=0.995 n_rounds= 4270 ret=+17.006 len=307.9 ent(t0,t>=1)=(0.000,0.674) aL=-0.0070 vL=0.0726 t0=[red=0.00 blue=1.00]
[u  362] env= 23724032 rsucc=0.994 n_rounds= 4295 ret=+16.995 len=308.1 ent(t0,t>=1)=(0.000,0.689) aL=-0.0083 vL=0.0607 t0=[red=0.00 blue=1.00]
[u  363] env= 23789568 rsucc=0.996 n_rounds= 4247 ret=+17.005 len=307.9 ent(t0,t>=1)=(0.000,0.695) aL=-0.0087 vL=0.0516 t0=[red=0.00 blue=1.00]
[u  364] env= 23855104 rsucc=0.994 n_rounds= 4284 ret=+17.043 len=306.3 ent(t0,t>=1)=(0.000,0.677) aL=-0.0076 vL=0.0563 t0=[red=0.00 blue=1.00]
[u  365] env= 23920640 rsucc=0.995 n_rounds= 4306 ret=+17.040 len=304.7 ent(t0,t>=1)=(0.000,0.675) aL=-0.0073 vL=0.0591 t0=[red=0.00 blue=1.00]
[u  366] env= 23986176 rsucc=0.995 n_rounds= 4236 ret=+17.038 len=306.6 ent(t0,t>=1)=(0.000,0.678) aL=-0.0084 vL=0.0577 t0=[red=0.00 blue=1.00]
[u  367] env= 24051712 rsucc=0.994 n_rounds= 4292 ret=+16.993 len=308.0 ent(t0,t>=1)=(0.000,0.678) aL=-0.0083 vL=0.0571 t0=[red=0.00 blue=1.00]
[u  368] env= 24117248 rsucc=0.997 n_rounds= 4311 ret=+17.080 len=303.9 ent(t0,t>=1)=(0.000,0.686) aL=-0.0081 vL=0.0568 t0=[red=0.00 blue=1.00]
[u  369] env= 24182784 rsucc=0.994 n_rounds= 4275 ret=+17.037 len=305.7 ent(t0,t>=1)=(0.000,0.713) aL=-0.0087 vL=0.0566 t0=[red=0.00 blue=1.00]
[u  370] env= 24248320 rsucc=0.996 n_rounds= 4322 ret=+17.053 len=304.7 ent(t0,t>=1)=(0.000,0.719) aL=-0.0077 vL=0.0522 t0=[red=0.00 blue=1.00]
[u  371] env= 24313856 rsucc=0.996 n_rounds= 4296 ret=+17.051 len=305.3 ent(t0,t>=1)=(0.000,0.732) aL=-0.0081 vL=0.0630 t0=[red=0.00 blue=1.00]
[u  372] env= 24379392 rsucc=0.993 n_rounds= 4267 ret=+17.038 len=304.8 ent(t0,t>=1)=(0.000,0.767) aL=-0.0069 vL=0.0609 t0=[red=0.00 blue=1.00]
[u  373] env= 24444928 rsucc=0.995 n_rounds= 4304 ret=+17.118 len=301.6 ent(t0,t>=1)=(0.000,0.749) aL=-0.0105 vL=0.0543 t0=[red=0.00 blue=1.00]
[u  374] env= 24510464 rsucc=0.996 n_rounds= 4357 ret=+17.046 len=304.5 ent(t0,t>=1)=(0.000,0.765) aL=-0.0102 vL=0.0538 t0=[red=0.00 blue=1.00]
[u  375] env= 24576000 rsucc=0.995 n_rounds= 4299 ret=+17.066 len=303.7 ent(t0,t>=1)=(0.000,0.774) aL=-0.0105 vL=0.0620 t0=[red=0.00 blue=1.00]
[u  376] env= 24641536 rsucc=0.996 n_rounds= 4322 ret=+17.076 len=303.2 ent(t0,t>=1)=(0.000,0.788) aL=-0.0104 vL=0.0589 t0=[red=0.00 blue=1.00]
[u  377] env= 24707072 rsucc=0.996 n_rounds= 4294 ret=+17.049 len=306.3 ent(t0,t>=1)=(0.000,0.799) aL=-0.0107 vL=0.0516 t0=[red=0.00 blue=1.00]
[u  378] env= 24772608 rsucc=0.995 n_rounds= 4304 ret=+17.070 len=304.3 ent(t0,t>=1)=(0.000,0.795) aL=-0.0099 vL=0.0570 t0=[red=0.00 blue=1.00]
[u  379] env= 24838144 rsucc=0.994 n_rounds= 4276 ret=+17.088 len=302.5 ent(t0,t>=1)=(0.000,0.786) aL=-0.0098 vL=0.0529 t0=[red=0.00 blue=1.00]
[u  380] env= 24903680 rsucc=0.995 n_rounds= 4269 ret=+17.027 len=306.3 ent(t0,t>=1)=(0.000,0.800) aL=-0.0091 vL=0.0513 t0=[red=0.00 blue=1.00]
[u  381] env= 24969216 rsucc=0.997 n_rounds= 4303 ret=+17.052 len=306.1 ent(t0,t>=1)=(0.000,0.784) aL=-0.0106 vL=0.0477 t0=[red=0.00 blue=1.00]
[u  382] env= 25034752 rsucc=0.996 n_rounds= 4363 ret=+17.062 len=305.0 ent(t0,t>=1)=(0.000,0.793) aL=-0.0109 vL=0.0457 t0=[red=0.00 blue=1.00]
[u  383] env= 25100288 rsucc=0.997 n_rounds= 4347 ret=+17.107 len=301.3 ent(t0,t>=1)=(0.000,0.777) aL=-0.0104 vL=0.0505 t0=[red=0.00 blue=1.00]
[u  384] env= 25165824 rsucc=0.997 n_rounds= 4394 ret=+17.156 len=299.0 ent(t0,t>=1)=(0.000,0.760) aL=-0.0103 vL=0.0524 t0=[red=0.00 blue=1.00]
[u  385] env= 25231360 rsucc=0.997 n_rounds= 4376 ret=+17.170 len=297.2 ent(t0,t>=1)=(0.000,0.764) aL=-0.0104 vL=0.0564 t0=[red=0.00 blue=1.00]
[u  386] env= 25296896 rsucc=0.995 n_rounds= 4357 ret=+17.080 len=302.0 ent(t0,t>=1)=(0.000,0.764) aL=-0.0106 vL=0.0517 t0=[red=0.00 blue=1.00]
[u  387] env= 25362432 rsucc=0.996 n_rounds= 4389 ret=+17.142 len=298.7 ent(t0,t>=1)=(0.000,0.755) aL=-0.0100 vL=0.0479 t0=[red=0.00 blue=1.00]
[u  388] env= 25427968 rsucc=0.996 n_rounds= 4307 ret=+17.086 len=303.3 ent(t0,t>=1)=(0.000,0.765) aL=-0.0110 vL=0.0450 t0=[red=0.00 blue=1.00]
[u  389] env= 25493504 rsucc=0.995 n_rounds= 4313 ret=+17.117 len=301.0 ent(t0,t>=1)=(0.000,0.763) aL=-0.0087 vL=0.0690 t0=[red=0.00 blue=1.00]
[u  390] env= 25559040 rsucc=0.995 n_rounds= 4372 ret=+17.031 len=305.1 ent(t0,t>=1)=(0.000,0.750) aL=-0.0092 vL=0.0573 t0=[red=0.00 blue=1.00]
[u  391] env= 25624576 rsucc=0.997 n_rounds= 4373 ret=+17.134 len=298.4 ent(t0,t>=1)=(0.000,0.740) aL=-0.0104 vL=0.0520 t0=[red=0.00 blue=1.00]
[u  392] env= 25690112 rsucc=0.996 n_rounds= 4326 ret=+17.114 len=301.1 ent(t0,t>=1)=(0.000,0.745) aL=-0.0089 vL=0.0549 t0=[red=0.00 blue=1.00]
[u  393] env= 25755648 rsucc=0.996 n_rounds= 4354 ret=+17.039 len=305.0 ent(t0,t>=1)=(0.000,0.738) aL=-0.0086 vL=0.0591 t0=[red=0.00 blue=1.00]
[u  394] env= 25821184 rsucc=0.997 n_rounds= 4362 ret=+17.143 len=299.7 ent(t0,t>=1)=(0.000,0.744) aL=-0.0082 vL=0.0614 t0=[red=0.00 blue=1.00]
[u  395] env= 25886720 rsucc=0.997 n_rounds= 4424 ret=+17.184 len=295.7 ent(t0,t>=1)=(0.000,0.730) aL=-0.0091 vL=0.0499 t0=[red=0.00 blue=1.00]
[u  396] env= 25952256 rsucc=0.995 n_rounds= 4371 ret=+17.129 len=299.2 ent(t0,t>=1)=(0.000,0.745) aL=-0.0088 vL=0.0521 t0=[red=0.00 blue=1.00]
[u  397] env= 26017792 rsucc=0.996 n_rounds= 4391 ret=+17.130 len=298.3 ent(t0,t>=1)=(0.000,0.756) aL=-0.0081 vL=0.0715 t0=[red=0.00 blue=1.00]
[u  398] env= 26083328 rsucc=0.994 n_rounds= 4352 ret=+17.064 len=302.3 ent(t0,t>=1)=(0.000,0.762) aL=-0.0093 vL=0.0627 t0=[red=0.00 blue=1.00]
[u  399] env= 26148864 rsucc=0.995 n_rounds= 4390 ret=+17.105 len=299.4 ent(t0,t>=1)=(0.000,0.765) aL=-0.0102 vL=0.0623 t0=[red=0.00 blue=1.00]
[u  400] env= 26214400 rsucc=0.997 n_rounds= 4371 ret=+17.141 len=298.1 ent(t0,t>=1)=(0.000,0.770) aL=-0.0093 vL=0.0632 t0=[red=0.00 blue=1.00]
[u  401] env= 26279936 rsucc=0.995 n_rounds= 4401 ret=+17.124 len=299.0 ent(t0,t>=1)=(0.000,0.778) aL=-0.0086 vL=0.0704 t0=[red=0.00 blue=1.00]
[u  402] env= 26345472 rsucc=0.996 n_rounds= 4350 ret=+17.137 len=298.0 ent(t0,t>=1)=(0.000,0.783) aL=-0.0095 vL=0.0607 t0=[red=0.00 blue=1.00]
[u  403] env= 26411008 rsucc=0.996 n_rounds= 4324 ret=+17.097 len=301.8 ent(t0,t>=1)=(0.000,0.802) aL=-0.0107 vL=0.0558 t0=[red=0.00 blue=1.00]
[u  404] env= 26476544 rsucc=0.997 n_rounds= 4378 ret=+17.089 len=302.5 ent(t0,t>=1)=(0.000,0.803) aL=+0.0062 vL=0.0565 t0=[red=0.00 blue=1.00]
[u  405] env= 26542080 rsucc=0.995 n_rounds= 4317 ret=+17.114 len=300.8 ent(t0,t>=1)=(0.000,0.795) aL=-0.0096 vL=0.0613 t0=[red=0.00 blue=1.00]
[u  406] env= 26607616 rsucc=0.997 n_rounds= 4401 ret=+17.110 len=300.8 ent(t0,t>=1)=(0.000,0.791) aL=-0.0077 vL=0.0667 t0=[red=0.00 blue=1.00]
[u  407] env= 26673152 rsucc=0.997 n_rounds= 4401 ret=+17.167 len=297.9 ent(t0,t>=1)=(0.000,0.807) aL=-0.0105 vL=0.0546 t0=[red=0.00 blue=1.00]
[u  408] env= 26738688 rsucc=0.996 n_rounds= 4376 ret=+17.135 len=297.8 ent(t0,t>=1)=(0.000,0.794) aL=-0.0105 vL=0.0551 t0=[red=0.00 blue=1.00]
[u  409] env= 26804224 rsucc=0.996 n_rounds= 4386 ret=+17.132 len=299.4 ent(t0,t>=1)=(0.000,0.802) aL=-0.0112 vL=0.0554 t0=[red=0.00 blue=1.00]
[u  410] env= 26869760 rsucc=0.995 n_rounds= 4315 ret=+17.091 len=301.3 ent(t0,t>=1)=(0.000,0.810) aL=-0.0115 vL=0.0554 t0=[red=0.00 blue=1.00]
[u  411] env= 26935296 rsucc=0.995 n_rounds= 4377 ret=+17.144 len=298.8 ent(t0,t>=1)=(0.000,0.788) aL=-0.0111 vL=0.0549 t0=[red=0.00 blue=1.00]
[u  412] env= 27000832 rsucc=0.996 n_rounds= 4375 ret=+17.071 len=302.4 ent(t0,t>=1)=(0.000,0.786) aL=-0.0104 vL=0.0605 t0=[red=0.00 blue=1.00]
[u  413] env= 27066368 rsucc=0.995 n_rounds= 4360 ret=+17.118 len=299.9 ent(t0,t>=1)=(0.000,0.787) aL=-0.0107 vL=0.0586 t0=[red=0.00 blue=1.00]
[u  414] env= 27131904 rsucc=0.995 n_rounds= 4376 ret=+17.111 len=299.3 ent(t0,t>=1)=(0.000,0.776) aL=-0.0114 vL=0.0636 t0=[red=0.00 blue=1.00]
[u  415] env= 27197440 rsucc=0.994 n_rounds= 4350 ret=+17.030 len=303.9 ent(t0,t>=1)=(0.000,0.794) aL=-0.0104 vL=0.0679 t0=[red=0.00 blue=1.00]
[u  416] env= 27262976 rsucc=0.996 n_rounds= 4356 ret=+17.132 len=298.3 ent(t0,t>=1)=(0.000,0.789) aL=-0.0118 vL=0.0521 t0=[red=0.00 blue=1.00]
[u  417] env= 27328512 rsucc=0.996 n_rounds= 4347 ret=+17.058 len=304.3 ent(t0,t>=1)=(0.000,0.788) aL=-0.0115 vL=0.0516 t0=[red=0.00 blue=1.00]
[u  418] env= 27394048 rsucc=0.997 n_rounds= 4377 ret=+17.121 len=300.8 ent(t0,t>=1)=(0.000,0.789) aL=-0.0103 vL=0.0535 t0=[red=0.00 blue=1.00]
[u  419] env= 27459584 rsucc=0.996 n_rounds= 4376 ret=+17.167 len=296.5 ent(t0,t>=1)=(0.000,0.783) aL=-0.0112 vL=0.0538 t0=[red=0.00 blue=1.00]
[u  420] env= 27525120 rsucc=0.995 n_rounds= 4384 ret=+17.093 len=300.6 ent(t0,t>=1)=(0.000,0.780) aL=-0.0105 vL=0.0587 t0=[red=0.00 blue=1.00]
[u  421] env= 27590656 rsucc=0.996 n_rounds= 4393 ret=+17.132 len=299.3 ent(t0,t>=1)=(0.000,0.782) aL=-0.0114 vL=0.0516 t0=[red=0.00 blue=1.00]
[u  422] env= 27656192 rsucc=0.998 n_rounds= 4402 ret=+17.153 len=298.5 ent(t0,t>=1)=(0.000,0.773) aL=-0.0112 vL=0.0530 t0=[red=0.00 blue=1.00]
[u  423] env= 27721728 rsucc=0.996 n_rounds= 4381 ret=+17.170 len=297.5 ent(t0,t>=1)=(0.000,0.781) aL=-0.0114 vL=0.0538 t0=[red=0.00 blue=1.00]
[u  424] env= 27787264 rsucc=0.997 n_rounds= 4419 ret=+17.154 len=297.3 ent(t0,t>=1)=(0.000,0.782) aL=-0.0107 vL=0.0567 t0=[red=0.00 blue=1.00]
[u  425] env= 27852800 rsucc=0.996 n_rounds= 4358 ret=+17.118 len=299.8 ent(t0,t>=1)=(0.000,0.787) aL=-0.0099 vL=0.0591 t0=[red=0.00 blue=1.00]
[u  426] env= 27918336 rsucc=0.996 n_rounds= 4368 ret=+17.105 len=301.7 ent(t0,t>=1)=(0.000,0.797) aL=-0.0102 vL=0.0602 t0=[red=0.00 blue=1.00]
[u  427] env= 27983872 rsucc=0.994 n_rounds= 4347 ret=+17.133 len=298.5 ent(t0,t>=1)=(0.000,0.794) aL=-0.0107 vL=0.0665 t0=[red=0.00 blue=1.00]
[u  428] env= 28049408 rsucc=0.997 n_rounds= 4384 ret=+17.058 len=302.3 ent(t0,t>=1)=(0.000,0.793) aL=-0.0106 vL=0.0575 t0=[red=0.00 blue=1.00]
[u  429] env= 28114944 rsucc=0.994 n_rounds= 4332 ret=+17.111 len=300.4 ent(t0,t>=1)=(0.000,0.787) aL=-0.0109 vL=0.0583 t0=[red=0.00 blue=1.00]
[u  430] env= 28180480 rsucc=0.997 n_rounds= 4422 ret=+17.106 len=299.8 ent(t0,t>=1)=(0.000,0.788) aL=-0.0099 vL=0.0570 t0=[red=0.00 blue=1.00]
[u  431] env= 28246016 rsucc=0.997 n_rounds= 4400 ret=+17.148 len=298.9 ent(t0,t>=1)=(0.000,0.778) aL=-0.0107 vL=0.0537 t0=[red=0.00 blue=1.00]
[u  432] env= 28311552 rsucc=0.997 n_rounds= 4410 ret=+17.206 len=294.3 ent(t0,t>=1)=(0.000,0.784) aL=-0.0103 vL=0.0505 t0=[red=0.00 blue=1.00]
[u  433] env= 28377088 rsucc=0.996 n_rounds= 4410 ret=+17.133 len=299.0 ent(t0,t>=1)=(0.000,0.787) aL=-0.0096 vL=0.0671 t0=[red=0.00 blue=1.00]
[u  434] env= 28442624 rsucc=0.996 n_rounds= 4336 ret=+17.183 len=296.5 ent(t0,t>=1)=(0.000,0.803) aL=-0.0088 vL=0.0677 t0=[red=0.00 blue=1.00]
[u  435] env= 28508160 rsucc=0.997 n_rounds= 4441 ret=+17.110 len=299.1 ent(t0,t>=1)=(0.000,0.789) aL=-0.0103 vL=0.0560 t0=[red=0.00 blue=1.00]
[u  436] env= 28573696 rsucc=0.996 n_rounds= 4367 ret=+17.115 len=300.7 ent(t0,t>=1)=(0.000,0.801) aL=-0.0104 vL=0.0604 t0=[red=0.00 blue=1.00]
[u  437] env= 28639232 rsucc=0.996 n_rounds= 4371 ret=+17.135 len=299.2 ent(t0,t>=1)=(0.000,0.805) aL=-0.0101 vL=0.0554 t0=[red=0.00 blue=1.00]
[u  438] env= 28704768 rsucc=0.997 n_rounds= 4425 ret=+17.167 len=297.4 ent(t0,t>=1)=(0.000,0.790) aL=-0.0107 vL=0.0506 t0=[red=0.00 blue=1.00]
[u  439] env= 28770304 rsucc=0.997 n_rounds= 4432 ret=+17.150 len=296.9 ent(t0,t>=1)=(0.000,0.803) aL=-0.0108 vL=0.0580 t0=[red=0.00 blue=1.00]
[u  440] env= 28835840 rsucc=0.997 n_rounds= 4448 ret=+17.174 len=295.3 ent(t0,t>=1)=(0.000,0.792) aL=-0.0110 vL=0.0498 t0=[red=0.00 blue=1.00]
[u  441] env= 28901376 rsucc=0.997 n_rounds= 4397 ret=+17.219 len=294.4 ent(t0,t>=1)=(0.000,0.799) aL=-0.0097 vL=0.0515 t0=[red=0.00 blue=1.00]
[u  442] env= 28966912 rsucc=0.996 n_rounds= 4399 ret=+17.126 len=299.2 ent(t0,t>=1)=(0.000,0.800) aL=-0.0095 vL=0.0561 t0=[red=0.00 blue=1.00]
[u  443] env= 29032448 rsucc=0.997 n_rounds= 4435 ret=+17.138 len=297.3 ent(t0,t>=1)=(0.000,0.799) aL=-0.0099 vL=0.0498 t0=[red=0.00 blue=1.00]
[u  444] env= 29097984 rsucc=0.998 n_rounds= 4447 ret=+17.200 len=295.5 ent(t0,t>=1)=(0.000,0.793) aL=-0.0095 vL=0.0545 t0=[red=0.00 blue=1.00]
[u  445] env= 29163520 rsucc=0.998 n_rounds= 4452 ret=+17.189 len=295.2 ent(t0,t>=1)=(0.000,0.794) aL=-0.0092 vL=0.0482 t0=[red=0.00 blue=1.00]
[u  446] env= 29229056 rsucc=0.997 n_rounds= 4461 ret=+17.213 len=293.4 ent(t0,t>=1)=(0.000,0.796) aL=-0.0095 vL=0.0509 t0=[red=0.00 blue=1.00]
[u  447] env= 29294592 rsucc=0.997 n_rounds= 4467 ret=+17.200 len=294.3 ent(t0,t>=1)=(0.000,0.806) aL=-0.0103 vL=0.0470 t0=[red=0.00 blue=1.00]
[u  448] env= 29360128 rsucc=0.997 n_rounds= 4473 ret=+17.262 len=290.2 ent(t0,t>=1)=(0.000,0.799) aL=-0.0105 vL=0.0520 t0=[red=0.00 blue=1.00]
[u  449] env= 29425664 rsucc=0.997 n_rounds= 4433 ret=+17.149 len=297.0 ent(t0,t>=1)=(0.000,0.803) aL=-0.0097 vL=0.0580 t0=[red=0.00 blue=1.00]
[u  450] env= 29491200 rsucc=0.997 n_rounds= 4461 ret=+17.225 len=293.1 ent(t0,t>=1)=(0.000,0.798) aL=-0.0107 vL=0.0524 t0=[red=0.00 blue=1.00]
[u  451] env= 29556736 rsucc=0.998 n_rounds= 4490 ret=+17.186 len=294.5 ent(t0,t>=1)=(0.000,0.796) aL=-0.0108 vL=0.0543 t0=[red=0.00 blue=1.00]
[u  452] env= 29622272 rsucc=0.996 n_rounds= 4449 ret=+17.229 len=291.9 ent(t0,t>=1)=(0.000,0.801) aL=-0.0110 vL=0.0578 t0=[red=0.00 blue=1.00]
[u  453] env= 29687808 rsucc=0.998 n_rounds= 4489 ret=+17.190 len=294.0 ent(t0,t>=1)=(0.000,0.809) aL=-0.0114 vL=0.0538 t0=[red=0.00 blue=1.00]
[u  454] env= 29753344 rsucc=0.996 n_rounds= 4460 ret=+17.229 len=292.2 ent(t0,t>=1)=(0.000,0.806) aL=-0.0101 vL=0.0564 t0=[red=0.00 blue=1.00]
[u  455] env= 29818880 rsucc=0.997 n_rounds= 4502 ret=+17.190 len=293.8 ent(t0,t>=1)=(0.000,0.800) aL=-0.0113 vL=0.0479 t0=[red=0.00 blue=1.00]
[u  456] env= 29884416 rsucc=0.996 n_rounds= 4454 ret=+17.189 len=292.9 ent(t0,t>=1)=(0.000,0.815) aL=-0.0098 vL=0.0570 t0=[red=0.00 blue=1.00]
[u  457] env= 29949952 rsucc=0.996 n_rounds= 4415 ret=+17.192 len=293.9 ent(t0,t>=1)=(0.000,0.809) aL=-0.0112 vL=0.0674 t0=[red=0.00 blue=1.00]
[u  458] env= 30015488 rsucc=0.997 n_rounds= 4531 ret=+17.180 len=294.1 ent(t0,t>=1)=(0.000,0.798) aL=-0.0109 vL=0.0469 t0=[red=0.00 blue=1.00]
[u  459] env= 30081024 rsucc=0.998 n_rounds= 4511 ret=+17.240 len=291.5 ent(t0,t>=1)=(0.000,0.798) aL=-0.0107 vL=0.0524 t0=[red=0.00 blue=1.00]
[u  460] env= 30146560 rsucc=0.997 n_rounds= 4481 ret=+17.247 len=290.2 ent(t0,t>=1)=(0.000,0.805) aL=-0.0109 vL=0.0511 t0=[red=0.00 blue=1.00]
[u  461] env= 30212096 rsucc=0.998 n_rounds= 4527 ret=+17.224 len=291.4 ent(t0,t>=1)=(0.000,0.802) aL=-0.0110 vL=0.0468 t0=[red=0.00 blue=1.00]
[u  462] env= 30277632 rsucc=0.997 n_rounds= 4515 ret=+17.248 len=290.2 ent(t0,t>=1)=(0.000,0.806) aL=-0.0109 vL=0.0468 t0=[red=0.00 blue=1.00]
[u  463] env= 30343168 rsucc=0.998 n_rounds= 4520 ret=+17.265 len=289.4 ent(t0,t>=1)=(0.000,0.794) aL=-0.0106 vL=0.0497 t0=[red=0.00 blue=1.00]
[u  464] env= 30408704 rsucc=0.998 n_rounds= 4516 ret=+17.220 len=292.2 ent(t0,t>=1)=(0.000,0.807) aL=-0.0110 vL=0.0471 t0=[red=0.00 blue=1.00]
[u  465] env= 30474240 rsucc=0.998 n_rounds= 4498 ret=+17.259 len=290.2 ent(t0,t>=1)=(0.000,0.808) aL=-0.0104 vL=0.0510 t0=[red=0.00 blue=1.00]
[u  466] env= 30539776 rsucc=0.996 n_rounds= 4480 ret=+17.210 len=292.0 ent(t0,t>=1)=(0.000,0.811) aL=-0.0107 vL=0.0470 t0=[red=0.00 blue=1.00]
[u  467] env= 30605312 rsucc=0.998 n_rounds= 4518 ret=+17.243 len=290.6 ent(t0,t>=1)=(0.000,0.804) aL=-0.0101 vL=0.0511 t0=[red=0.00 blue=1.00]
[u  468] env= 30670848 rsucc=0.998 n_rounds= 4539 ret=+17.272 len=288.8 ent(t0,t>=1)=(0.000,0.811) aL=-0.0110 vL=0.0463 t0=[red=0.00 blue=1.00]
[u  469] env= 30736384 rsucc=0.998 n_rounds= 4518 ret=+17.270 len=289.3 ent(t0,t>=1)=(0.000,0.812) aL=-0.0111 vL=0.0452 t0=[red=0.00 blue=1.00]
[u  470] env= 30801920 rsucc=0.997 n_rounds= 4515 ret=+17.222 len=291.4 ent(t0,t>=1)=(0.000,0.811) aL=-0.0099 vL=0.0471 t0=[red=0.00 blue=1.00]
[u  471] env= 30867456 rsucc=0.998 n_rounds= 4474 ret=+17.232 len=292.4 ent(t0,t>=1)=(0.000,0.823) aL=-0.0110 vL=0.0464 t0=[red=0.00 blue=1.00]
[u  472] env= 30932992 rsucc=0.998 n_rounds= 4513 ret=+17.259 len=290.0 ent(t0,t>=1)=(0.000,0.825) aL=-0.0109 vL=0.0457 t0=[red=0.00 blue=1.00]
[u  473] env= 30998528 rsucc=0.997 n_rounds= 4495 ret=+17.244 len=290.3 ent(t0,t>=1)=(0.000,0.815) aL=-0.0112 vL=0.0471 t0=[red=0.00 blue=1.00]
[u  474] env= 31064064 rsucc=0.998 n_rounds= 4483 ret=+17.212 len=292.9 ent(t0,t>=1)=(0.000,0.821) aL=-0.0110 vL=0.0489 t0=[red=0.00 blue=1.00]
[u  475] env= 31129600 rsucc=0.998 n_rounds= 4494 ret=+17.278 len=289.0 ent(t0,t>=1)=(0.000,0.802) aL=-0.0111 vL=0.0531 t0=[red=0.00 blue=1.00]
[u  476] env= 31195136 rsucc=0.997 n_rounds= 4530 ret=+17.205 len=293.6 ent(t0,t>=1)=(0.000,0.815) aL=-0.0114 vL=0.0447 t0=[red=0.00 blue=1.00]
[u  477] env= 31260672 rsucc=0.997 n_rounds= 4485 ret=+17.235 len=290.4 ent(t0,t>=1)=(0.000,0.823) aL=-0.0112 vL=0.0501 t0=[red=0.00 blue=1.00]
[u  478] env= 31326208 rsucc=0.997 n_rounds= 4458 ret=+17.245 len=290.9 ent(t0,t>=1)=(0.000,0.831) aL=-0.0102 vL=0.0504 t0=[red=0.00 blue=1.00]
[u  479] env= 31391744 rsucc=0.996 n_rounds= 4473 ret=+17.155 len=295.3 ent(t0,t>=1)=(0.000,0.815) aL=-0.0112 vL=0.0448 t0=[red=0.00 blue=1.00]
[u  480] env= 31457280 rsucc=0.997 n_rounds= 4493 ret=+17.212 len=293.0 ent(t0,t>=1)=(0.000,0.822) aL=-0.0113 vL=0.0488 t0=[red=0.00 blue=1.00]
[u  481] env= 31522816 rsucc=0.997 n_rounds= 4456 ret=+17.228 len=292.2 ent(t0,t>=1)=(0.000,0.829) aL=-0.0115 vL=0.0494 t0=[red=0.00 blue=1.00]
[u  482] env= 31588352 rsucc=0.997 n_rounds= 4503 ret=+17.191 len=294.0 ent(t0,t>=1)=(0.000,0.822) aL=-0.0117 vL=0.0495 t0=[red=0.00 blue=1.00]
[u  483] env= 31653888 rsucc=0.997 n_rounds= 4461 ret=+17.245 len=291.1 ent(t0,t>=1)=(0.000,0.829) aL=-0.0108 vL=0.0501 t0=[red=0.00 blue=1.00]
[u  484] env= 31719424 rsucc=0.998 n_rounds= 4502 ret=+17.237 len=291.8 ent(t0,t>=1)=(0.000,0.820) aL=-0.0118 vL=0.0520 t0=[red=0.00 blue=1.00]
[u  485] env= 31784960 rsucc=0.998 n_rounds= 4485 ret=+17.210 len=293.5 ent(t0,t>=1)=(0.000,0.824) aL=-0.0110 vL=0.0506 t0=[red=0.00 blue=1.00]
[u  486] env= 31850496 rsucc=0.997 n_rounds= 4506 ret=+17.266 len=289.5 ent(t0,t>=1)=(0.000,0.815) aL=-0.0119 vL=0.0497 t0=[red=0.00 blue=1.00]
[u  487] env= 31916032 rsucc=0.998 n_rounds= 4530 ret=+17.235 len=291.7 ent(t0,t>=1)=(0.000,0.820) aL=-0.0119 vL=0.0539 t0=[red=0.00 blue=1.00]
[u  488] env= 31981568 rsucc=0.998 n_rounds= 4522 ret=+17.258 len=290.2 ent(t0,t>=1)=(0.000,0.815) aL=-0.0105 vL=0.0624 t0=[red=0.00 blue=1.00]
[u  489] env= 32047104 rsucc=0.999 n_rounds= 4542 ret=+17.276 len=289.2 ent(t0,t>=1)=(0.000,0.810) aL=-0.0110 vL=0.0503 t0=[red=0.00 blue=1.00]
[u  490] env= 32112640 rsucc=0.998 n_rounds= 4540 ret=+17.281 len=288.4 ent(t0,t>=1)=(0.000,0.819) aL=-0.0114 vL=0.0516 t0=[red=0.00 blue=1.00]
[u  491] env= 32178176 rsucc=0.997 n_rounds= 4504 ret=+17.266 len=289.3 ent(t0,t>=1)=(0.000,0.810) aL=-0.0115 vL=0.0485 t0=[red=0.00 blue=1.00]
[u  492] env= 32243712 rsucc=0.997 n_rounds= 4492 ret=+17.229 len=291.3 ent(t0,t>=1)=(0.000,0.818) aL=-0.0113 vL=0.0524 t0=[red=0.00 blue=1.00]
[u  493] env= 32309248 rsucc=0.997 n_rounds= 4489 ret=+17.235 len=291.0 ent(t0,t>=1)=(0.000,0.816) aL=-0.0114 vL=0.0508 t0=[red=0.00 blue=1.00]
[u  494] env= 32374784 rsucc=0.997 n_rounds= 4484 ret=+17.164 len=295.2 ent(t0,t>=1)=(0.000,0.816) aL=-0.0102 vL=0.0523 t0=[red=0.00 blue=1.00]
[u  495] env= 32440320 rsucc=0.997 n_rounds= 4496 ret=+17.249 len=289.5 ent(t0,t>=1)=(0.000,0.812) aL=-0.0103 vL=0.0517 t0=[red=0.00 blue=1.00]
[u  496] env= 32505856 rsucc=0.998 n_rounds= 4556 ret=+17.247 len=290.9 ent(t0,t>=1)=(0.000,0.799) aL=-0.0116 vL=0.0455 t0=[red=0.00 blue=1.00]
[u  497] env= 32571392 rsucc=0.998 n_rounds= 4538 ret=+17.279 len=288.6 ent(t0,t>=1)=(0.000,0.801) aL=-0.0106 vL=0.0489 t0=[red=0.00 blue=1.00]
[u  498] env= 32636928 rsucc=0.997 n_rounds= 4521 ret=+17.256 len=289.4 ent(t0,t>=1)=(0.000,0.797) aL=-0.0092 vL=0.0509 t0=[red=0.00 blue=1.00]
[u  499] env= 32702464 rsucc=0.998 n_rounds= 4522 ret=+17.233 len=290.9 ent(t0,t>=1)=(0.000,0.792) aL=-0.0098 vL=0.0502 t0=[red=0.00 blue=1.00]
[u  500] env= 32768000 rsucc=0.998 n_rounds= 4558 ret=+17.296 len=287.2 ent(t0,t>=1)=(0.000,0.786) aL=-0.0104 vL=0.0470 t0=[red=0.00 blue=1.00]
[u  501] env= 32833536 rsucc=0.998 n_rounds= 4536 ret=+17.269 len=289.1 ent(t0,t>=1)=(0.000,0.776) aL=-0.0105 vL=0.0467 t0=[red=0.00 blue=1.00]
[u  502] env= 32899072 rsucc=0.998 n_rounds= 4572 ret=+17.286 len=287.3 ent(t0,t>=1)=(0.000,0.780) aL=-0.0106 vL=0.0516 t0=[red=0.00 blue=1.00]
[u  503] env= 32964608 rsucc=0.998 n_rounds= 4562 ret=+17.287 len=287.0 ent(t0,t>=1)=(0.000,0.778) aL=-0.0101 vL=0.0512 t0=[red=0.00 blue=1.00]
[u  504] env= 33030144 rsucc=0.998 n_rounds= 4521 ret=+17.263 len=288.8 ent(t0,t>=1)=(0.000,0.785) aL=-0.0103 vL=0.0493 t0=[red=0.00 blue=1.00]
[u  505] env= 33095680 rsucc=0.998 n_rounds= 4537 ret=+17.253 len=289.6 ent(t0,t>=1)=(0.000,0.784) aL=-0.0103 vL=0.0483 t0=[red=0.00 blue=1.00]
[u  506] env= 33161216 rsucc=0.998 n_rounds= 4515 ret=+17.265 len=288.6 ent(t0,t>=1)=(0.000,0.791) aL=-0.0101 vL=0.0527 t0=[red=0.00 blue=1.00]
[u  507] env= 33226752 rsucc=0.998 n_rounds= 4512 ret=+17.239 len=291.3 ent(t0,t>=1)=(0.000,0.778) aL=-0.0091 vL=0.0620 t0=[red=0.00 blue=1.00]
[u  508] env= 33292288 rsucc=0.997 n_rounds= 4525 ret=+17.258 len=289.1 ent(t0,t>=1)=(0.000,0.784) aL=-0.0100 vL=0.0538 t0=[red=0.00 blue=1.00]
[u  509] env= 33357824 rsucc=0.998 n_rounds= 4547 ret=+17.232 len=290.8 ent(t0,t>=1)=(0.000,0.778) aL=-0.0100 vL=0.0516 t0=[red=0.00 blue=1.00]
[u  510] env= 33423360 rsucc=0.997 n_rounds= 4529 ret=+17.258 len=288.7 ent(t0,t>=1)=(0.000,0.784) aL=-0.0108 vL=0.0477 t0=[red=0.00 blue=1.00]
[u  511] env= 33488896 rsucc=0.997 n_rounds= 4490 ret=+17.239 len=289.2 ent(t0,t>=1)=(0.000,0.789) aL=-0.0103 vL=0.0520 t0=[red=0.00 blue=1.00]
[u  512] env= 33554432 rsucc=0.998 n_rounds= 4535 ret=+17.242 len=290.9 ent(t0,t>=1)=(0.000,0.793) aL=-0.0108 vL=0.0454 t0=[red=0.00 blue=1.00]
[u  513] env= 33619968 rsucc=0.997 n_rounds= 4497 ret=+17.240 len=290.1 ent(t0,t>=1)=(0.000,0.807) aL=-0.0109 vL=0.0586 t0=[red=0.00 blue=1.00]
[u  514] env= 33685504 rsucc=0.996 n_rounds= 4482 ret=+17.199 len=292.8 ent(t0,t>=1)=(0.000,0.807) aL=-0.0094 vL=0.0621 t0=[red=0.00 blue=1.00]
[u  515] env= 33751040 rsucc=0.996 n_rounds= 4505 ret=+17.243 len=289.3 ent(t0,t>=1)=(0.000,0.806) aL=-0.0115 vL=0.0541 t0=[red=0.00 blue=1.00]
[u  516] env= 33816576 rsucc=0.998 n_rounds= 4530 ret=+17.248 len=290.5 ent(t0,t>=1)=(0.000,0.799) aL=-0.0105 vL=0.0683 t0=[red=0.00 blue=1.00]
[u  517] env= 33882112 rsucc=0.997 n_rounds= 4519 ret=+17.232 len=290.1 ent(t0,t>=1)=(0.000,0.800) aL=-0.0114 vL=0.0503 t0=[red=0.00 blue=1.00]
[u  518] env= 33947648 rsucc=0.997 n_rounds= 4537 ret=+17.258 len=289.3 ent(t0,t>=1)=(0.000,0.793) aL=-0.0113 vL=0.0515 t0=[red=0.00 blue=1.00]
[u  519] env= 34013184 rsucc=0.999 n_rounds= 4539 ret=+17.284 len=288.0 ent(t0,t>=1)=(0.000,0.803) aL=-0.0113 vL=0.0462 t0=[red=0.00 blue=1.00]
[u  520] env= 34078720 rsucc=0.999 n_rounds= 4577 ret=+17.274 len=288.6 ent(t0,t>=1)=(0.000,0.796) aL=-0.0108 vL=0.0446 t0=[red=0.00 blue=1.00]
[u  521] env= 34144256 rsucc=0.998 n_rounds= 4565 ret=+17.271 len=288.9 ent(t0,t>=1)=(0.000,0.800) aL=-0.0110 vL=0.0440 t0=[red=0.00 blue=1.00]
[u  522] env= 34209792 rsucc=0.998 n_rounds= 4553 ret=+17.301 len=286.4 ent(t0,t>=1)=(0.000,0.809) aL=-0.0103 vL=0.0493 t0=[red=0.00 blue=1.00]
[u  523] env= 34275328 rsucc=0.998 n_rounds= 4555 ret=+17.280 len=287.9 ent(t0,t>=1)=(0.000,0.809) aL=-0.0101 vL=0.0537 t0=[red=0.00 blue=1.00]
[u  524] env= 34340864 rsucc=0.998 n_rounds= 4549 ret=+17.287 len=287.8 ent(t0,t>=1)=(0.000,0.813) aL=-0.0112 vL=0.0585 t0=[red=0.00 blue=1.00]
[u  525] env= 34406400 rsucc=0.996 n_rounds= 4480 ret=+17.225 len=291.4 ent(t0,t>=1)=(0.000,0.817) aL=-0.0119 vL=0.0539 t0=[red=0.00 blue=1.00]
[u  526] env= 34471936 rsucc=0.996 n_rounds= 4469 ret=+17.256 len=289.3 ent(t0,t>=1)=(0.000,0.811) aL=-0.0114 vL=0.0489 t0=[red=0.00 blue=1.00]
[u  527] env= 34537472 rsucc=0.997 n_rounds= 4477 ret=+17.178 len=293.9 ent(t0,t>=1)=(0.000,0.798) aL=-0.0102 vL=0.0616 t0=[red=0.00 blue=1.00]
[u  528] env= 34603008 rsucc=0.997 n_rounds= 4520 ret=+17.240 len=289.1 ent(t0,t>=1)=(0.000,0.804) aL=-0.0122 vL=0.0470 t0=[red=0.00 blue=1.00]
[u  529] env= 34668544 rsucc=0.998 n_rounds= 4548 ret=+17.238 len=291.3 ent(t0,t>=1)=(0.000,0.801) aL=-0.0109 vL=0.0644 t0=[red=0.00 blue=1.00]
[u  530] env= 34734080 rsucc=0.997 n_rounds= 4509 ret=+17.250 len=290.2 ent(t0,t>=1)=(0.000,0.800) aL=-0.0108 vL=0.0497 t0=[red=0.00 blue=1.00]
[u  531] env= 34799616 rsucc=0.998 n_rounds= 4530 ret=+17.236 len=290.4 ent(t0,t>=1)=(0.000,0.794) aL=-0.0111 vL=0.0451 t0=[red=0.00 blue=1.00]
[u  532] env= 34865152 rsucc=0.998 n_rounds= 4521 ret=+17.257 len=289.3 ent(t0,t>=1)=(0.000,0.799) aL=-0.0105 vL=0.0466 t0=[red=0.00 blue=1.00]
[u  533] env= 34930688 rsucc=0.998 n_rounds= 4549 ret=+17.260 len=289.1 ent(t0,t>=1)=(0.000,0.803) aL=-0.0098 vL=0.0561 t0=[red=0.00 blue=1.00]
[u  534] env= 34996224 rsucc=0.998 n_rounds= 4553 ret=+17.291 len=287.7 ent(t0,t>=1)=(0.000,0.790) aL=-0.0110 vL=0.0551 t0=[red=0.00 blue=1.00]
[u  535] env= 35061760 rsucc=0.996 n_rounds= 4487 ret=+17.198 len=292.6 ent(t0,t>=1)=(0.000,0.800) aL=-0.0108 vL=0.0490 t0=[red=0.00 blue=1.00]
[u  536] env= 35127296 rsucc=0.998 n_rounds= 4527 ret=+17.258 len=289.3 ent(t0,t>=1)=(0.000,0.795) aL=-0.0103 vL=0.0480 t0=[red=0.00 blue=1.00]
[u  537] env= 35192832 rsucc=0.998 n_rounds= 4529 ret=+17.268 len=288.8 ent(t0,t>=1)=(0.000,0.792) aL=-0.0102 vL=0.0525 t0=[red=0.00 blue=1.00]
[u  538] env= 35258368 rsucc=0.998 n_rounds= 4517 ret=+17.290 len=288.7 ent(t0,t>=1)=(0.000,0.789) aL=-0.0104 vL=0.0520 t0=[red=0.00 blue=1.00]
[u  539] env= 35323904 rsucc=0.998 n_rounds= 4564 ret=+17.256 len=289.1 ent(t0,t>=1)=(0.000,0.779) aL=-0.0098 vL=0.0507 t0=[red=0.00 blue=1.00]
[u  540] env= 35389440 rsucc=0.998 n_rounds= 4509 ret=+17.277 len=288.2 ent(t0,t>=1)=(0.000,0.785) aL=-0.0099 vL=0.0556 t0=[red=0.00 blue=1.00]
[u  541] env= 35454976 rsucc=0.998 n_rounds= 4505 ret=+17.237 len=291.4 ent(t0,t>=1)=(0.000,0.803) aL=-0.0105 vL=0.0633 t0=[red=0.00 blue=1.00]
[u  542] env= 35520512 rsucc=0.997 n_rounds= 4502 ret=+17.223 len=291.8 ent(t0,t>=1)=(0.000,0.798) aL=-0.0124 vL=0.0552 t0=[red=0.00 blue=1.00]
[u  543] env= 35586048 rsucc=0.998 n_rounds= 4479 ret=+17.215 len=292.0 ent(t0,t>=1)=(0.000,0.811) aL=-0.0118 vL=0.0583 t0=[red=0.00 blue=1.00]
[u  544] env= 35651584 rsucc=0.997 n_rounds= 4478 ret=+17.230 len=291.9 ent(t0,t>=1)=(0.000,0.817) aL=-0.0116 vL=0.0548 t0=[red=0.00 blue=1.00]
[u  545] env= 35717120 rsucc=0.997 n_rounds= 4468 ret=+17.218 len=292.8 ent(t0,t>=1)=(0.000,0.815) aL=-0.0110 vL=0.0586 t0=[red=0.00 blue=1.00]
[u  546] env= 35782656 rsucc=0.995 n_rounds= 4399 ret=+17.124 len=297.7 ent(t0,t>=1)=(0.000,0.824) aL=-0.0102 vL=0.0640 t0=[red=0.00 blue=1.00]
[u  547] env= 35848192 rsucc=0.997 n_rounds= 4493 ret=+17.227 len=291.3 ent(t0,t>=1)=(0.000,0.812) aL=-0.0110 vL=0.0499 t0=[red=0.00 blue=1.00]
[u  548] env= 35913728 rsucc=0.998 n_rounds= 4511 ret=+17.186 len=294.6 ent(t0,t>=1)=(0.000,0.811) aL=-0.0113 vL=0.0548 t0=[red=0.00 blue=1.00]
[u  549] env= 35979264 rsucc=0.998 n_rounds= 4539 ret=+17.270 len=288.6 ent(t0,t>=1)=(0.000,0.806) aL=-0.0108 vL=0.0508 t0=[red=0.00 blue=1.00]
[u  550] env= 36044800 rsucc=0.997 n_rounds= 4550 ret=+17.276 len=288.4 ent(t0,t>=1)=(0.000,0.802) aL=-0.0102 vL=0.0519 t0=[red=0.00 blue=1.00]
[u  551] env= 36110336 rsucc=0.998 n_rounds= 4554 ret=+17.280 len=288.0 ent(t0,t>=1)=(0.000,0.797) aL=-0.0107 vL=0.0476 t0=[red=0.00 blue=1.00]
[u  552] env= 36175872 rsucc=0.997 n_rounds= 4545 ret=+17.275 len=288.1 ent(t0,t>=1)=(0.000,0.805) aL=-0.0093 vL=0.0553 t0=[red=0.00 blue=1.00]
[u  553] env= 36241408 rsucc=0.999 n_rounds= 4580 ret=+17.287 len=287.0 ent(t0,t>=1)=(0.000,0.791) aL=-0.0110 vL=0.0478 t0=[red=0.00 blue=1.00]
[u  554] env= 36306944 rsucc=0.998 n_rounds= 4553 ret=+17.307 len=286.7 ent(t0,t>=1)=(0.000,0.806) aL=-0.0099 vL=0.0573 t0=[red=0.00 blue=1.00]
[u  555] env= 36372480 rsucc=0.998 n_rounds= 4527 ret=+17.279 len=288.5 ent(t0,t>=1)=(0.000,0.808) aL=-0.0098 vL=0.0566 t0=[red=0.00 blue=1.00]
[u  556] env= 36438016 rsucc=0.998 n_rounds= 4524 ret=+17.244 len=290.1 ent(t0,t>=1)=(0.000,0.809) aL=-0.0101 vL=0.0607 t0=[red=0.00 blue=1.00]
[u  557] env= 36503552 rsucc=0.998 n_rounds= 4532 ret=+17.260 len=289.5 ent(t0,t>=1)=(0.000,0.809) aL=-0.0106 vL=0.0532 t0=[red=0.00 blue=1.00]
[u  558] env= 36569088 rsucc=0.998 n_rounds= 4484 ret=+17.237 len=291.7 ent(t0,t>=1)=(0.000,0.821) aL=-0.0104 vL=0.0610 t0=[red=0.00 blue=1.00]
[u  559] env= 36634624 rsucc=0.998 n_rounds= 4500 ret=+17.249 len=290.7 ent(t0,t>=1)=(0.000,0.809) aL=-0.0119 vL=0.0501 t0=[red=0.00 blue=1.00]
[u  560] env= 36700160 rsucc=0.998 n_rounds= 4549 ret=+17.247 len=290.3 ent(t0,t>=1)=(0.000,0.810) aL=-0.0108 vL=0.0512 t0=[red=0.00 blue=1.00]
[u  561] env= 36765696 rsucc=0.998 n_rounds= 4507 ret=+17.258 len=289.2 ent(t0,t>=1)=(0.000,0.816) aL=-0.0098 vL=0.0488 t0=[red=0.00 blue=1.00]
[u  562] env= 36831232 rsucc=0.996 n_rounds= 4536 ret=+17.220 len=291.1 ent(t0,t>=1)=(0.000,0.804) aL=-0.0109 vL=0.0561 t0=[red=0.00 blue=1.00]
[u  563] env= 36896768 rsucc=0.998 n_rounds= 4522 ret=+17.289 len=287.1 ent(t0,t>=1)=(0.000,0.801) aL=-0.0105 vL=0.0586 t0=[red=0.00 blue=1.00]
[u  564] env= 36962304 rsucc=0.998 n_rounds= 4558 ret=+17.265 len=288.6 ent(t0,t>=1)=(0.000,0.802) aL=-0.0102 vL=0.0521 t0=[red=0.00 blue=1.00]
[u  565] env= 37027840 rsucc=0.998 n_rounds= 4563 ret=+17.233 len=290.4 ent(t0,t>=1)=(0.000,0.797) aL=-0.0102 vL=0.0495 t0=[red=0.00 blue=1.00]
[u  566] env= 37093376 rsucc=0.998 n_rounds= 4554 ret=+17.290 len=286.7 ent(t0,t>=1)=(0.000,0.793) aL=-0.0093 vL=0.0547 t0=[red=0.00 blue=1.00]
[u  567] env= 37158912 rsucc=0.999 n_rounds= 4592 ret=+17.322 len=285.6 ent(t0,t>=1)=(0.000,0.796) aL=-0.0110 vL=0.0472 t0=[red=0.00 blue=1.00]
[u  568] env= 37224448 rsucc=0.998 n_rounds= 4589 ret=+17.323 len=285.0 ent(t0,t>=1)=(0.000,0.785) aL=-0.0107 vL=0.0460 t0=[red=0.00 blue=1.00]
[u  569] env= 37289984 rsucc=0.998 n_rounds= 4552 ret=+17.258 len=289.0 ent(t0,t>=1)=(0.000,0.797) aL=-0.0091 vL=0.0472 t0=[red=0.00 blue=1.00]
[u  570] env= 37355520 rsucc=0.998 n_rounds= 4546 ret=+17.294 len=287.4 ent(t0,t>=1)=(0.000,0.797) aL=-0.0094 vL=0.0513 t0=[red=0.00 blue=1.00]
[u  571] env= 37421056 rsucc=0.997 n_rounds= 4546 ret=+17.268 len=288.2 ent(t0,t>=1)=(0.000,0.802) aL=-0.0113 vL=0.0486 t0=[red=0.00 blue=1.00]
[u  572] env= 37486592 rsucc=0.999 n_rounds= 4536 ret=+17.280 len=287.7 ent(t0,t>=1)=(0.000,0.788) aL=-0.0097 vL=0.0553 t0=[red=0.00 blue=1.00]
[u  573] env= 37552128 rsucc=0.997 n_rounds= 4543 ret=+17.274 len=288.6 ent(t0,t>=1)=(0.000,0.790) aL=-0.0111 vL=0.0514 t0=[red=0.00 blue=1.00]
[u  574] env= 37617664 rsucc=0.997 n_rounds= 4494 ret=+17.215 len=292.0 ent(t0,t>=1)=(0.000,0.784) aL=-0.0109 vL=0.0490 t0=[red=0.00 blue=1.00]
[u  575] env= 37683200 rsucc=0.996 n_rounds= 4515 ret=+17.243 len=289.5 ent(t0,t>=1)=(0.000,0.784) aL=-0.0099 vL=0.0567 t0=[red=0.00 blue=1.00]
[u  576] env= 37748736 rsucc=0.998 n_rounds= 4521 ret=+17.213 len=292.0 ent(t0,t>=1)=(0.000,0.769) aL=-0.0093 vL=0.0517 t0=[red=0.00 blue=1.00]
[u  577] env= 37814272 rsucc=0.997 n_rounds= 4521 ret=+17.264 len=288.9 ent(t0,t>=1)=(0.000,0.769) aL=-0.0101 vL=0.0526 t0=[red=0.00 blue=1.00]
[u  578] env= 37879808 rsucc=0.998 n_rounds= 4554 ret=+17.263 len=288.4 ent(t0,t>=1)=(0.000,0.764) aL=-0.0098 vL=0.0518 t0=[red=0.00 blue=1.00]
[u  579] env= 37945344 rsucc=0.997 n_rounds= 4524 ret=+17.275 len=288.0 ent(t0,t>=1)=(0.000,0.770) aL=-0.0087 vL=0.0620 t0=[red=0.00 blue=1.00]
[u  580] env= 38010880 rsucc=0.998 n_rounds= 4520 ret=+17.237 len=290.4 ent(t0,t>=1)=(0.000,0.769) aL=-0.0083 vL=0.0632 t0=[red=0.00 blue=1.00]
[u  581] env= 38076416 rsucc=0.997 n_rounds= 4542 ret=+17.253 len=289.3 ent(t0,t>=1)=(0.000,0.774) aL=-0.0097 vL=0.0504 t0=[red=0.00 blue=1.00]
[u  582] env= 38141952 rsucc=0.999 n_rounds= 4519 ret=+17.260 len=289.1 ent(t0,t>=1)=(0.000,0.782) aL=-0.0090 vL=0.0532 t0=[red=0.00 blue=1.00]
[u  583] env= 38207488 rsucc=0.997 n_rounds= 4527 ret=+17.257 len=289.4 ent(t0,t>=1)=(0.000,0.780) aL=-0.0093 vL=0.0543 t0=[red=0.00 blue=1.00]
[u  584] env= 38273024 rsucc=0.998 n_rounds= 4541 ret=+17.279 len=288.4 ent(t0,t>=1)=(0.000,0.787) aL=-0.0097 vL=0.0513 t0=[red=0.00 blue=1.00]
[u  585] env= 38338560 rsucc=0.996 n_rounds= 4498 ret=+17.222 len=291.3 ent(t0,t>=1)=(0.000,0.796) aL=-0.0099 vL=0.0585 t0=[red=0.00 blue=1.00]
[u  586] env= 38404096 rsucc=0.997 n_rounds= 4506 ret=+17.242 len=290.5 ent(t0,t>=1)=(0.000,0.800) aL=-0.0102 vL=0.0535 t0=[red=0.00 blue=1.00]
[u  587] env= 38469632 rsucc=0.998 n_rounds= 4500 ret=+17.232 len=290.8 ent(t0,t>=1)=(0.000,0.794) aL=-0.0106 vL=0.0509 t0=[red=0.00 blue=1.00]
[u  588] env= 38535168 rsucc=0.996 n_rounds= 4469 ret=+17.230 len=291.6 ent(t0,t>=1)=(0.000,0.789) aL=-0.0094 vL=0.0671 t0=[red=0.00 blue=1.00]
[u  589] env= 38600704 rsucc=0.998 n_rounds= 4533 ret=+17.221 len=291.3 ent(t0,t>=1)=(0.000,0.778) aL=-0.0100 vL=0.0521 t0=[red=0.00 blue=1.00]
[u  590] env= 38666240 rsucc=0.997 n_rounds= 4533 ret=+17.245 len=289.8 ent(t0,t>=1)=(0.000,0.786) aL=-0.0101 vL=0.0497 t0=[red=0.00 blue=1.00]
[u  591] env= 38731776 rsucc=0.998 n_rounds= 4555 ret=+17.293 len=287.6 ent(t0,t>=1)=(0.000,0.786) aL=-0.0108 vL=0.0466 t0=[red=0.00 blue=1.00]
[u  592] env= 38797312 rsucc=0.998 n_rounds= 4518 ret=+17.247 len=289.8 ent(t0,t>=1)=(0.000,0.783) aL=-0.0099 vL=0.0540 t0=[red=0.00 blue=1.00]
[u  593] env= 38862848 rsucc=0.997 n_rounds= 4580 ret=+17.266 len=288.1 ent(t0,t>=1)=(0.000,0.776) aL=-0.0096 vL=0.0538 t0=[red=0.00 blue=1.00]
[u  594] env= 38928384 rsucc=0.997 n_rounds= 4511 ret=+17.275 len=287.9 ent(t0,t>=1)=(0.000,0.771) aL=-0.0109 vL=0.0514 t0=[red=0.00 blue=1.00]
[u  595] env= 38993920 rsucc=0.998 n_rounds= 4594 ret=+17.258 len=288.5 ent(t0,t>=1)=(0.000,0.765) aL=-0.0109 vL=0.0485 t0=[red=0.00 blue=1.00]
[u  596] env= 39059456 rsucc=0.998 n_rounds= 4556 ret=+17.285 len=287.1 ent(t0,t>=1)=(0.000,0.772) aL=-0.0101 vL=0.0458 t0=[red=0.00 blue=1.00]
[u  597] env= 39124992 rsucc=0.997 n_rounds= 4540 ret=+17.290 len=286.6 ent(t0,t>=1)=(0.000,0.777) aL=-0.0099 vL=0.0550 t0=[red=0.00 blue=1.00]
[u  598] env= 39190528 rsucc=0.998 n_rounds= 4551 ret=+17.291 len=287.3 ent(t0,t>=1)=(0.000,0.766) aL=-0.0098 vL=0.0496 t0=[red=0.00 blue=1.00]
[u  599] env= 39256064 rsucc=0.997 n_rounds= 4551 ret=+17.217 len=290.0 ent(t0,t>=1)=(0.000,0.764) aL=-0.0094 vL=0.0501 t0=[red=0.00 blue=1.00]
[u  600] env= 39321600 rsucc=0.998 n_rounds= 4539 ret=+17.246 len=289.5 ent(t0,t>=1)=(0.000,0.773) aL=-0.0090 vL=0.0563 t0=[red=0.00 blue=1.00]
[u  601] env= 39387136 rsucc=0.996 n_rounds= 4519 ret=+17.268 len=288.2 ent(t0,t>=1)=(0.000,0.777) aL=-0.0087 vL=0.0607 t0=[red=0.00 blue=1.00]
[u  602] env= 39452672 rsucc=0.998 n_rounds= 4563 ret=+17.241 len=289.1 ent(t0,t>=1)=(0.000,0.769) aL=-0.0087 vL=0.0565 t0=[red=0.00 blue=1.00]
[u  603] env= 39518208 rsucc=0.997 n_rounds= 4560 ret=+17.284 len=286.3 ent(t0,t>=1)=(0.000,0.769) aL=-0.0085 vL=0.0544 t0=[red=0.00 blue=1.00]
[u  604] env= 39583744 rsucc=0.998 n_rounds= 4604 ret=+17.286 len=287.4 ent(t0,t>=1)=(0.000,0.778) aL=-0.0095 vL=0.0558 t0=[red=0.00 blue=1.00]
[u  605] env= 39649280 rsucc=0.998 n_rounds= 4564 ret=+17.293 len=286.3 ent(t0,t>=1)=(0.000,0.780) aL=-0.0091 vL=0.0551 t0=[red=0.00 blue=1.00]
[u  606] env= 39714816 rsucc=0.997 n_rounds= 4540 ret=+17.291 len=286.9 ent(t0,t>=1)=(0.000,0.774) aL=-0.0090 vL=0.0573 t0=[red=0.00 blue=1.00]
[u  607] env= 39780352 rsucc=0.998 n_rounds= 4581 ret=+17.295 len=286.5 ent(t0,t>=1)=(0.000,0.767) aL=-0.0097 vL=0.0530 t0=[red=0.00 blue=1.00]
[u  608] env= 39845888 rsucc=0.998 n_rounds= 4544 ret=+17.287 len=286.9 ent(t0,t>=1)=(0.000,0.769) aL=-0.0099 vL=0.0546 t0=[red=0.00 blue=1.00]
[u  609] env= 39911424 rsucc=0.996 n_rounds= 4537 ret=+17.235 len=289.6 ent(t0,t>=1)=(0.000,0.769) aL=-0.0097 vL=0.0522 t0=[red=0.00 blue=1.00]
[u  610] env= 39976960 rsucc=0.998 n_rounds= 4545 ret=+17.270 len=287.4 ent(t0,t>=1)=(0.000,0.772) aL=-0.0097 vL=0.0538 t0=[red=0.00 blue=1.00]
[u  611] env= 40042496 rsucc=0.998 n_rounds= 4579 ret=+17.278 len=287.8 ent(t0,t>=1)=(0.000,0.768) aL=-0.0105 vL=0.0519 t0=[red=0.00 blue=1.00]
[u  612] env= 40108032 rsucc=0.997 n_rounds= 4545 ret=+17.267 len=287.7 ent(t0,t>=1)=(0.000,0.762) aL=-0.0097 vL=0.0497 t0=[red=0.00 blue=1.00]
[u  613] env= 40173568 rsucc=0.997 n_rounds= 4493 ret=+17.212 len=291.2 ent(t0,t>=1)=(0.000,0.765) aL=-0.0096 vL=0.0573 t0=[red=0.00 blue=1.00]
[u  614] env= 40239104 rsucc=0.997 n_rounds= 4574 ret=+17.223 len=290.9 ent(t0,t>=1)=(0.000,0.759) aL=-0.0098 vL=0.0465 t0=[red=0.00 blue=1.00]
[u  615] env= 40304640 rsucc=0.998 n_rounds= 4536 ret=+17.325 len=284.4 ent(t0,t>=1)=(0.000,0.760) aL=-0.0097 vL=0.0505 t0=[red=0.00 blue=1.00]
[u  616] env= 40370176 rsucc=0.998 n_rounds= 4600 ret=+17.271 len=287.6 ent(t0,t>=1)=(0.000,0.755) aL=-0.0083 vL=0.0535 t0=[red=0.00 blue=1.00]
[u  617] env= 40435712 rsucc=0.998 n_rounds= 4572 ret=+17.291 len=286.4 ent(t0,t>=1)=(0.000,0.753) aL=-0.0098 vL=0.0482 t0=[red=0.00 blue=1.00]
[u  618] env= 40501248 rsucc=0.997 n_rounds= 4546 ret=+17.275 len=287.6 ent(t0,t>=1)=(0.000,0.749) aL=-0.0100 vL=0.0478 t0=[red=0.00 blue=1.00]
[u  619] env= 40566784 rsucc=0.998 n_rounds= 4554 ret=+17.293 len=286.8 ent(t0,t>=1)=(0.000,0.748) aL=-0.0080 vL=0.0546 t0=[red=0.00 blue=1.00]
[u  620] env= 40632320 rsucc=0.997 n_rounds= 4535 ret=+17.245 len=289.9 ent(t0,t>=1)=(0.000,0.755) aL=-0.0089 vL=0.0535 t0=[red=0.00 blue=1.00]
[u  621] env= 40697856 rsucc=0.998 n_rounds= 4551 ret=+17.281 len=287.3 ent(t0,t>=1)=(0.000,0.754) aL=-0.0088 vL=0.0562 t0=[red=0.00 blue=1.00]
[u  622] env= 40763392 rsucc=0.998 n_rounds= 4563 ret=+17.277 len=287.5 ent(t0,t>=1)=(0.000,0.756) aL=-0.0096 vL=0.0481 t0=[red=0.00 blue=1.00]
[u  623] env= 40828928 rsucc=0.997 n_rounds= 4557 ret=+17.245 len=289.0 ent(t0,t>=1)=(0.000,0.752) aL=-0.0082 vL=0.0588 t0=[red=0.00 blue=1.00]
[u  624] env= 40894464 rsucc=0.998 n_rounds= 4513 ret=+17.254 len=288.9 ent(t0,t>=1)=(0.000,0.762) aL=-0.0095 vL=0.0504 t0=[red=0.00 blue=1.00]
[u  625] env= 40960000 rsucc=0.996 n_rounds= 4527 ret=+17.238 len=289.7 ent(t0,t>=1)=(0.000,0.766) aL=-0.0094 vL=0.0490 t0=[red=0.00 blue=1.00]
[u  626] env= 41025536 rsucc=0.998 n_rounds= 4549 ret=+17.285 len=287.8 ent(t0,t>=1)=(0.000,0.758) aL=-0.0097 vL=0.0478 t0=[red=0.00 blue=1.00]
[u  627] env= 41091072 rsucc=0.998 n_rounds= 4566 ret=+17.275 len=287.3 ent(t0,t>=1)=(0.000,0.761) aL=-0.0088 vL=0.0589 t0=[red=0.00 blue=1.00]
[u  628] env= 41156608 rsucc=0.998 n_rounds= 4578 ret=+17.264 len=288.3 ent(t0,t>=1)=(0.000,0.762) aL=-0.0100 vL=0.0460 t0=[red=0.00 blue=1.00]
[u  629] env= 41222144 rsucc=0.997 n_rounds= 4538 ret=+17.327 len=285.1 ent(t0,t>=1)=(0.000,0.771) aL=-0.0096 vL=0.0491 t0=[red=0.00 blue=1.00]
[u  630] env= 41287680 rsucc=0.998 n_rounds= 4620 ret=+17.267 len=287.6 ent(t0,t>=1)=(0.000,0.760) aL=-0.0098 vL=0.0487 t0=[red=0.00 blue=1.00]
[u  631] env= 41353216 rsucc=0.998 n_rounds= 4575 ret=+17.292 len=286.4 ent(t0,t>=1)=(0.000,0.771) aL=-0.0090 vL=0.0551 t0=[red=0.00 blue=1.00]
[u  632] env= 41418752 rsucc=0.998 n_rounds= 4517 ret=+17.302 len=286.2 ent(t0,t>=1)=(0.000,0.776) aL=-0.0093 vL=0.0552 t0=[red=0.00 blue=1.00]
[u  633] env= 41484288 rsucc=0.997 n_rounds= 4591 ret=+17.249 len=288.9 ent(t0,t>=1)=(0.000,0.777) aL=-0.0076 vL=0.0588 t0=[red=0.00 blue=1.00]
[u  634] env= 41549824 rsucc=0.998 n_rounds= 4550 ret=+17.285 len=286.6 ent(t0,t>=1)=(0.000,0.774) aL=-0.0091 vL=0.0522 t0=[red=0.00 blue=1.00]
[u  635] env= 41615360 rsucc=0.997 n_rounds= 4537 ret=+17.265 len=288.5 ent(t0,t>=1)=(0.000,0.774) aL=-0.0099 vL=0.0457 t0=[red=0.00 blue=1.00]
[u  636] env= 41680896 rsucc=0.996 n_rounds= 4502 ret=+17.223 len=290.8 ent(t0,t>=1)=(0.000,0.774) aL=-0.0101 vL=0.0476 t0=[red=0.00 blue=1.00]
[u  637] env= 41746432 rsucc=0.998 n_rounds= 4560 ret=+17.237 len=289.1 ent(t0,t>=1)=(0.000,0.769) aL=-0.0091 vL=0.0550 t0=[red=0.00 blue=1.00]
[u  638] env= 41811968 rsucc=0.997 n_rounds= 4535 ret=+17.265 len=288.7 ent(t0,t>=1)=(0.000,0.763) aL=-0.0098 vL=0.0462 t0=[red=0.00 blue=1.00]
[u  639] env= 41877504 rsucc=0.998 n_rounds= 4590 ret=+17.281 len=287.1 ent(t0,t>=1)=(0.000,0.768) aL=-0.0093 vL=0.0458 t0=[red=0.00 blue=1.00]
[u  640] env= 41943040 rsucc=0.998 n_rounds= 4552 ret=+17.285 len=287.0 ent(t0,t>=1)=(0.000,0.774) aL=-0.0098 vL=0.0446 t0=[red=0.00 blue=1.00]
[u  641] env= 42008576 rsucc=0.998 n_rounds= 4537 ret=+17.281 len=287.0 ent(t0,t>=1)=(0.000,0.771) aL=-0.0087 vL=0.0519 t0=[red=0.00 blue=1.00]
[u  642] env= 42074112 rsucc=0.996 n_rounds= 4523 ret=+17.288 len=286.6 ent(t0,t>=1)=(0.000,0.774) aL=-0.0094 vL=0.0519 t0=[red=0.00 blue=1.00]
[u  643] env= 42139648 rsucc=0.997 n_rounds= 4581 ret=+17.198 len=291.9 ent(t0,t>=1)=(0.000,0.764) aL=-0.0093 vL=0.0563 t0=[red=0.00 blue=1.00]
[u  644] env= 42205184 rsucc=0.998 n_rounds= 4552 ret=+17.276 len=287.2 ent(t0,t>=1)=(0.000,0.767) aL=-0.0095 vL=0.0476 t0=[red=0.00 blue=1.00]
[u  645] env= 42270720 rsucc=0.998 n_rounds= 4593 ret=+17.320 len=285.3 ent(t0,t>=1)=(0.000,0.759) aL=-0.0099 vL=0.0456 t0=[red=0.00 blue=1.00]
[u  646] env= 42336256 rsucc=0.997 n_rounds= 4560 ret=+17.291 len=286.0 ent(t0,t>=1)=(0.000,0.758) aL=-0.0093 vL=0.0529 t0=[red=0.00 blue=1.00]
[u  647] env= 42401792 rsucc=0.999 n_rounds= 4576 ret=+17.278 len=287.7 ent(t0,t>=1)=(0.000,0.750) aL=-0.0096 vL=0.0505 t0=[red=0.00 blue=1.00]
[u  648] env= 42467328 rsucc=0.997 n_rounds= 4563 ret=+17.301 len=286.3 ent(t0,t>=1)=(0.000,0.755) aL=-0.0080 vL=0.0472 t0=[red=0.00 blue=1.00]
[u  649] env= 42532864 rsucc=0.997 n_rounds= 4580 ret=+17.288 len=286.4 ent(t0,t>=1)=(0.000,0.754) aL=-0.0081 vL=0.0601 t0=[red=0.00 blue=1.00]
[u  650] env= 42598400 rsucc=0.997 n_rounds= 4596 ret=+17.267 len=287.2 ent(t0,t>=1)=(0.000,0.753) aL=-0.0085 vL=0.0516 t0=[red=0.00 blue=1.00]
[u  651] env= 42663936 rsucc=0.997 n_rounds= 4540 ret=+17.306 len=285.0 ent(t0,t>=1)=(0.000,0.760) aL=-0.0079 vL=0.0533 t0=[red=0.00 blue=1.00]
[u  652] env= 42729472 rsucc=0.998 n_rounds= 4598 ret=+17.291 len=286.4 ent(t0,t>=1)=(0.000,0.757) aL=-0.0095 vL=0.0571 t0=[red=0.00 blue=1.00]
[u  653] env= 42795008 rsucc=0.997 n_rounds= 4577 ret=+17.254 len=287.5 ent(t0,t>=1)=(0.000,0.759) aL=-0.0092 vL=0.0524 t0=[red=0.00 blue=1.00]
[u  654] env= 42860544 rsucc=0.998 n_rounds= 4548 ret=+17.268 len=287.6 ent(t0,t>=1)=(0.000,0.763) aL=-0.0087 vL=0.0531 t0=[red=0.00 blue=1.00]
[u  655] env= 42926080 rsucc=0.998 n_rounds= 4600 ret=+17.304 len=286.0 ent(t0,t>=1)=(0.000,0.757) aL=-0.0090 vL=0.0498 t0=[red=0.00 blue=1.00]
[u  656] env= 42991616 rsucc=0.997 n_rounds= 4560 ret=+17.296 len=285.5 ent(t0,t>=1)=(0.000,0.763) aL=-0.0090 vL=0.0542 t0=[red=0.00 blue=1.00]
[u  657] env= 43057152 rsucc=0.997 n_rounds= 4554 ret=+17.248 len=288.6 ent(t0,t>=1)=(0.000,0.762) aL=+0.0174 vL=0.0502 t0=[red=0.00 blue=1.00]
[u  658] env= 43122688 rsucc=0.997 n_rounds= 4538 ret=+17.294 len=286.6 ent(t0,t>=1)=(0.000,0.755) aL=-0.0101 vL=0.0461 t0=[red=0.00 blue=1.00]
[u  659] env= 43188224 rsucc=0.998 n_rounds= 4582 ret=+17.280 len=287.0 ent(t0,t>=1)=(0.000,0.750) aL=-0.0091 vL=0.0514 t0=[red=0.00 blue=1.00]
[u  660] env= 43253760 rsucc=0.997 n_rounds= 4561 ret=+17.275 len=287.7 ent(t0,t>=1)=(0.000,0.752) aL=-0.0091 vL=0.0554 t0=[red=0.00 blue=1.00]
[u  661] env= 43319296 rsucc=0.998 n_rounds= 4603 ret=+17.265 len=287.4 ent(t0,t>=1)=(0.000,0.742) aL=-0.0087 vL=0.0506 t0=[red=0.00 blue=1.00]
[u  662] env= 43384832 rsucc=0.998 n_rounds= 4604 ret=+17.298 len=285.4 ent(t0,t>=1)=(0.000,0.747) aL=-0.0078 vL=0.0459 t0=[red=0.00 blue=1.00]
[u  663] env= 43450368 rsucc=0.998 n_rounds= 4583 ret=+17.333 len=284.0 ent(t0,t>=1)=(0.000,0.743) aL=-0.0092 vL=0.0473 t0=[red=0.00 blue=1.00]
[u  664] env= 43515904 rsucc=0.998 n_rounds= 4600 ret=+17.293 len=285.8 ent(t0,t>=1)=(0.000,0.741) aL=-0.0085 vL=0.0514 t0=[red=0.00 blue=1.00]
[u  665] env= 43581440 rsucc=0.998 n_rounds= 4602 ret=+17.312 len=284.5 ent(t0,t>=1)=(0.000,0.741) aL=-0.0089 vL=0.0480 t0=[red=0.00 blue=1.00]
[u  666] env= 43646976 rsucc=0.998 n_rounds= 4577 ret=+17.299 len=285.3 ent(t0,t>=1)=(0.000,0.739) aL=-0.0063 vL=0.0596 t0=[red=0.00 blue=1.00]
[u  667] env= 43712512 rsucc=0.998 n_rounds= 4588 ret=+17.282 len=286.6 ent(t0,t>=1)=(0.000,0.738) aL=-0.0092 vL=0.0485 t0=[red=0.00 blue=1.00]
[u  668] env= 43778048 rsucc=0.998 n_rounds= 4638 ret=+17.328 len=284.6 ent(t0,t>=1)=(0.000,0.742) aL=-0.0086 vL=0.0475 t0=[red=0.00 blue=1.00]
[u  669] env= 43843584 rsucc=0.997 n_rounds= 4519 ret=+17.312 len=284.7 ent(t0,t>=1)=(0.000,0.760) aL=-0.0087 vL=0.0530 t0=[red=0.00 blue=1.00]
[u  670] env= 43909120 rsucc=0.997 n_rounds= 4564 ret=+17.245 len=288.9 ent(t0,t>=1)=(0.000,0.759) aL=-0.0092 vL=0.0505 t0=[red=0.00 blue=1.00]
[u  671] env= 43974656 rsucc=0.998 n_rounds= 4568 ret=+17.279 len=287.3 ent(t0,t>=1)=(0.000,0.754) aL=-0.0088 vL=0.0510 t0=[red=0.00 blue=1.00]
[u  672] env= 44040192 rsucc=0.997 n_rounds= 4581 ret=+17.280 len=286.9 ent(t0,t>=1)=(0.000,0.752) aL=-0.0096 vL=0.0468 t0=[red=0.00 blue=1.00]
[u  673] env= 44105728 rsucc=0.997 n_rounds= 4577 ret=+17.268 len=287.2 ent(t0,t>=1)=(0.000,0.752) aL=-0.0079 vL=0.0519 t0=[red=0.00 blue=1.00]
[u  674] env= 44171264 rsucc=0.998 n_rounds= 4597 ret=+17.308 len=285.3 ent(t0,t>=1)=(0.000,0.746) aL=-0.0079 vL=0.0581 t0=[red=0.00 blue=1.00]
[u  675] env= 44236800 rsucc=0.997 n_rounds= 4606 ret=+17.314 len=284.6 ent(t0,t>=1)=(0.000,0.741) aL=-0.0088 vL=0.0578 t0=[red=0.00 blue=1.00]
[u  676] env= 44302336 rsucc=0.997 n_rounds= 4562 ret=+17.292 len=285.9 ent(t0,t>=1)=(0.000,0.745) aL=-0.0082 vL=0.0622 t0=[red=0.00 blue=1.00]
[u  677] env= 44367872 rsucc=0.998 n_rounds= 4576 ret=+17.264 len=287.4 ent(t0,t>=1)=(0.000,0.742) aL=-0.0081 vL=0.0650 t0=[red=0.00 blue=1.00]
[u  678] env= 44433408 rsucc=0.998 n_rounds= 4611 ret=+17.303 len=285.3 ent(t0,t>=1)=(0.000,0.734) aL=-0.0087 vL=0.0531 t0=[red=0.00 blue=1.00]
[u  679] env= 44498944 rsucc=0.998 n_rounds= 4560 ret=+17.297 len=285.5 ent(t0,t>=1)=(0.000,0.739) aL=-0.0091 vL=0.0532 t0=[red=0.00 blue=1.00]
[u  680] env= 44564480 rsucc=0.997 n_rounds= 4581 ret=+17.292 len=286.4 ent(t0,t>=1)=(0.000,0.733) aL=-0.0079 vL=0.0622 t0=[red=0.00 blue=1.00]
[u  681] env= 44630016 rsucc=0.997 n_rounds= 4606 ret=+17.295 len=285.2 ent(t0,t>=1)=(0.000,0.735) aL=-0.0081 vL=0.0573 t0=[red=0.00 blue=1.00]
[u  682] env= 44695552 rsucc=0.997 n_rounds= 4526 ret=+17.262 len=287.6 ent(t0,t>=1)=(0.000,0.743) aL=-0.0088 vL=0.0587 t0=[red=0.00 blue=1.00]
[u  683] env= 44761088 rsucc=0.996 n_rounds= 4567 ret=+17.248 len=288.1 ent(t0,t>=1)=(0.000,0.735) aL=-0.0090 vL=0.0561 t0=[red=0.00 blue=1.00]
[u  684] env= 44826624 rsucc=0.997 n_rounds= 4550 ret=+17.260 len=287.2 ent(t0,t>=1)=(0.000,0.731) aL=-0.0084 vL=0.0532 t0=[red=0.00 blue=1.00]
[u  685] env= 44892160 rsucc=0.997 n_rounds= 4596 ret=+17.291 len=286.5 ent(t0,t>=1)=(0.000,0.719) aL=-0.0086 vL=0.0522 t0=[red=0.00 blue=1.00]
[u  686] env= 44957696 rsucc=0.998 n_rounds= 4614 ret=+17.298 len=285.4 ent(t0,t>=1)=(0.000,0.715) aL=-0.0082 vL=0.0482 t0=[red=0.00 blue=1.00]
[u  687] env= 45023232 rsucc=0.998 n_rounds= 4557 ret=+17.305 len=285.1 ent(t0,t>=1)=(0.000,0.734) aL=-0.0088 vL=0.0488 t0=[red=0.00 blue=1.00]
[u  688] env= 45088768 rsucc=0.998 n_rounds= 4584 ret=+17.280 len=286.8 ent(t0,t>=1)=(0.000,0.742) aL=-0.0077 vL=0.0591 t0=[red=0.00 blue=1.00]
[u  689] env= 45154304 rsucc=0.998 n_rounds= 4554 ret=+17.247 len=289.1 ent(t0,t>=1)=(0.000,0.738) aL=-0.0080 vL=0.0540 t0=[red=0.00 blue=1.00]
[u  690] env= 45219840 rsucc=0.996 n_rounds= 4542 ret=+17.305 len=285.4 ent(t0,t>=1)=(0.000,0.742) aL=-0.0085 vL=0.0500 t0=[red=0.00 blue=1.00]
[u  691] env= 45285376 rsucc=0.997 n_rounds= 4532 ret=+17.236 len=289.7 ent(t0,t>=1)=(0.000,0.740) aL=-0.0079 vL=0.0590 t0=[red=0.00 blue=1.00]
[u  692] env= 45350912 rsucc=0.999 n_rounds= 4606 ret=+17.290 len=286.5 ent(t0,t>=1)=(0.000,0.731) aL=-0.0081 vL=0.0513 t0=[red=0.00 blue=1.00]
[u  693] env= 45416448 rsucc=0.998 n_rounds= 4573 ret=+17.297 len=285.9 ent(t0,t>=1)=(0.000,0.730) aL=-0.0085 vL=0.0509 t0=[red=0.00 blue=1.00]
[u  694] env= 45481984 rsucc=0.997 n_rounds= 4593 ret=+17.297 len=285.8 ent(t0,t>=1)=(0.000,0.738) aL=-0.0086 vL=0.0491 t0=[red=0.00 blue=1.00]
[u  695] env= 45547520 rsucc=0.999 n_rounds= 4614 ret=+17.316 len=284.5 ent(t0,t>=1)=(0.000,0.722) aL=-0.0084 vL=0.0516 t0=[red=0.00 blue=1.00]
[u  696] env= 45613056 rsucc=0.997 n_rounds= 4549 ret=+17.287 len=286.9 ent(t0,t>=1)=(0.000,0.739) aL=-0.0087 vL=0.0518 t0=[red=0.00 blue=1.00]
[u  697] env= 45678592 rsucc=0.998 n_rounds= 4585 ret=+17.287 len=286.5 ent(t0,t>=1)=(0.000,0.741) aL=-0.0088 vL=0.0481 t0=[red=0.00 blue=1.00]
[u  698] env= 45744128 rsucc=0.998 n_rounds= 4572 ret=+17.312 len=284.8 ent(t0,t>=1)=(0.000,0.734) aL=-0.0090 vL=0.0475 t0=[red=0.00 blue=1.00]
[u  699] env= 45809664 rsucc=0.997 n_rounds= 4557 ret=+17.263 len=288.4 ent(t0,t>=1)=(0.000,0.732) aL=-0.0076 vL=0.0561 t0=[red=0.00 blue=1.00]
[u  700] env= 45875200 rsucc=0.997 n_rounds= 4550 ret=+17.266 len=287.4 ent(t0,t>=1)=(0.000,0.735) aL=-0.0076 vL=0.0577 t0=[red=0.00 blue=1.00]
[u  701] env= 45940736 rsucc=0.998 n_rounds= 4625 ret=+17.301 len=285.4 ent(t0,t>=1)=(0.000,0.726) aL=-0.0083 vL=0.0489 t0=[red=0.00 blue=1.00]
[u  702] env= 46006272 rsucc=0.999 n_rounds= 4614 ret=+17.292 len=285.4 ent(t0,t>=1)=(0.000,0.725) aL=+0.0016 vL=0.0523 t0=[red=0.00 blue=1.00]
[u  703] env= 46071808 rsucc=0.998 n_rounds= 4578 ret=+17.303 len=285.8 ent(t0,t>=1)=(0.000,0.729) aL=-0.0078 vL=0.0488 t0=[red=0.00 blue=1.00]
[u  704] env= 46137344 rsucc=0.998 n_rounds= 4654 ret=+17.342 len=283.2 ent(t0,t>=1)=(0.000,0.727) aL=-0.0080 vL=0.0461 t0=[red=0.00 blue=1.00]
[u  705] env= 46202880 rsucc=0.998 n_rounds= 4568 ret=+17.326 len=283.9 ent(t0,t>=1)=(0.000,0.730) aL=-0.0079 vL=0.0507 t0=[red=0.00 blue=1.00]
[u  706] env= 46268416 rsucc=0.997 n_rounds= 4565 ret=+17.304 len=285.6 ent(t0,t>=1)=(0.000,0.731) aL=-0.0080 vL=0.0540 t0=[red=0.00 blue=1.00]
[u  707] env= 46333952 rsucc=0.999 n_rounds= 4625 ret=+17.293 len=285.9 ent(t0,t>=1)=(0.000,0.727) aL=-0.0084 vL=0.0488 t0=[red=0.00 blue=1.00]
[u  708] env= 46399488 rsucc=0.998 n_rounds= 4586 ret=+17.283 len=286.5 ent(t0,t>=1)=(0.000,0.730) aL=-0.0083 vL=0.0514 t0=[red=0.00 blue=1.00]
[u  709] env= 46465024 rsucc=0.997 n_rounds= 4579 ret=+17.317 len=285.2 ent(t0,t>=1)=(0.000,0.736) aL=-0.0073 vL=0.0581 t0=[red=0.00 blue=1.00]
[u  710] env= 46530560 rsucc=0.997 n_rounds= 4550 ret=+17.303 len=284.7 ent(t0,t>=1)=(0.000,0.739) aL=-0.0082 vL=0.0578 t0=[red=0.00 blue=1.00]
[u  711] env= 46596096 rsucc=0.998 n_rounds= 4595 ret=+17.273 len=287.5 ent(t0,t>=1)=(0.000,0.736) aL=-0.0085 vL=0.0539 t0=[red=0.00 blue=1.00]
[u  712] env= 46661632 rsucc=0.996 n_rounds= 4541 ret=+17.265 len=287.2 ent(t0,t>=1)=(0.000,0.748) aL=-0.0081 vL=0.0673 t0=[red=0.00 blue=1.00]
[u  713] env= 46727168 rsucc=0.996 n_rounds= 4543 ret=+17.197 len=290.6 ent(t0,t>=1)=(0.000,0.739) aL=-0.0082 vL=0.0564 t0=[red=0.00 blue=1.00]
[u  714] env= 46792704 rsucc=0.997 n_rounds= 4548 ret=+17.278 len=287.2 ent(t0,t>=1)=(0.000,0.755) aL=-0.0083 vL=0.0641 t0=[red=0.00 blue=1.00]
[u  715] env= 46858240 rsucc=0.996 n_rounds= 4509 ret=+17.199 len=291.3 ent(t0,t>=1)=(0.000,0.750) aL=-0.0081 vL=0.0655 t0=[red=0.00 blue=1.00]
[u  716] env= 46923776 rsucc=0.996 n_rounds= 4554 ret=+17.265 len=287.7 ent(t0,t>=1)=(0.000,0.745) aL=-0.0070 vL=0.0586 t0=[red=0.00 blue=1.00]
[u  717] env= 46989312 rsucc=0.997 n_rounds= 4530 ret=+17.206 len=291.6 ent(t0,t>=1)=(0.000,0.741) aL=-0.0079 vL=0.0629 t0=[red=0.00 blue=1.00]
[u  718] env= 47054848 rsucc=0.997 n_rounds= 4476 ret=+17.276 len=287.5 ent(t0,t>=1)=(0.000,0.750) aL=-0.0078 vL=0.0578 t0=[red=0.00 blue=1.00]
[u  719] env= 47120384 rsucc=0.995 n_rounds= 4471 ret=+17.183 len=292.7 ent(t0,t>=1)=(0.000,0.753) aL=-0.0073 vL=0.0636 t0=[red=0.00 blue=1.00]
[u  720] env= 47185920 rsucc=0.996 n_rounds= 4554 ret=+17.166 len=292.8 ent(t0,t>=1)=(0.000,0.735) aL=-0.0080 vL=0.0549 t0=[red=0.00 blue=1.00]
[u  721] env= 47251456 rsucc=0.998 n_rounds= 4554 ret=+17.273 len=287.5 ent(t0,t>=1)=(0.000,0.739) aL=-0.0074 vL=0.0551 t0=[red=0.00 blue=1.00]
[u  722] env= 47316992 rsucc=0.998 n_rounds= 4602 ret=+17.312 len=284.7 ent(t0,t>=1)=(0.000,0.737) aL=-0.0074 vL=0.0506 t0=[red=0.00 blue=1.00]
[u  723] env= 47382528 rsucc=0.997 n_rounds= 4546 ret=+17.262 len=287.9 ent(t0,t>=1)=(0.000,0.744) aL=-0.0072 vL=0.0586 t0=[red=0.00 blue=1.00]
[u  724] env= 47448064 rsucc=0.997 n_rounds= 4565 ret=+17.283 len=286.3 ent(t0,t>=1)=(0.000,0.745) aL=-0.0076 vL=0.0580 t0=[red=0.00 blue=1.00]
[u  725] env= 47513600 rsucc=0.998 n_rounds= 4593 ret=+17.270 len=287.3 ent(t0,t>=1)=(0.000,0.737) aL=-0.0079 vL=0.0527 t0=[red=0.00 blue=1.00]
[u  726] env= 47579136 rsucc=0.998 n_rounds= 4593 ret=+17.307 len=285.4 ent(t0,t>=1)=(0.000,0.740) aL=-0.0069 vL=0.0582 t0=[red=0.00 blue=1.00]
[u  727] env= 47644672 rsucc=0.998 n_rounds= 4560 ret=+17.298 len=285.4 ent(t0,t>=1)=(0.000,0.737) aL=-0.0079 vL=0.0481 t0=[red=0.00 blue=1.00]
[u  728] env= 47710208 rsucc=0.997 n_rounds= 4588 ret=+17.321 len=284.8 ent(t0,t>=1)=(0.000,0.731) aL=-0.0065 vL=0.0548 t0=[red=0.00 blue=1.00]
[u  729] env= 47775744 rsucc=0.998 n_rounds= 4599 ret=+17.261 len=287.3 ent(t0,t>=1)=(0.000,0.723) aL=-0.0076 vL=0.0507 t0=[red=0.00 blue=1.00]
[u  730] env= 47841280 rsucc=0.997 n_rounds= 4575 ret=+17.309 len=284.8 ent(t0,t>=1)=(0.000,0.729) aL=-0.0068 vL=0.0516 t0=[red=0.00 blue=1.00]
[u  731] env= 47906816 rsucc=0.998 n_rounds= 4609 ret=+17.260 len=287.0 ent(t0,t>=1)=(0.000,0.726) aL=-0.0071 vL=0.0466 t0=[red=0.00 blue=1.00]
[u  732] env= 47972352 rsucc=0.998 n_rounds= 4586 ret=+17.325 len=283.5 ent(t0,t>=1)=(0.000,0.734) aL=-0.0055 vL=0.0585 t0=[red=0.00 blue=1.00]
[u  733] env= 48037888 rsucc=0.997 n_rounds= 4574 ret=+17.310 len=284.8 ent(t0,t>=1)=(0.000,0.738) aL=-0.0066 vL=0.0544 t0=[red=0.00 blue=1.00]
[u  734] env= 48103424 rsucc=0.998 n_rounds= 4613 ret=+17.259 len=287.6 ent(t0,t>=1)=(0.000,0.729) aL=-0.0075 vL=0.0488 t0=[red=0.00 blue=1.00]
[u  735] env= 48168960 rsucc=0.997 n_rounds= 4569 ret=+17.319 len=284.2 ent(t0,t>=1)=(0.000,0.733) aL=-0.0066 vL=0.0549 t0=[red=0.00 blue=1.00]
[u  736] env= 48234496 rsucc=0.998 n_rounds= 4617 ret=+17.291 len=286.1 ent(t0,t>=1)=(0.000,0.727) aL=-0.0071 vL=0.0465 t0=[red=0.00 blue=1.00]
[u  737] env= 48300032 rsucc=0.997 n_rounds= 4568 ret=+17.291 len=285.5 ent(t0,t>=1)=(0.000,0.736) aL=-0.0069 vL=0.0495 t0=[red=0.00 blue=1.00]
[u  738] env= 48365568 rsucc=0.997 n_rounds= 4572 ret=+17.263 len=287.5 ent(t0,t>=1)=(0.000,0.735) aL=-0.0070 vL=0.0479 t0=[red=0.00 blue=1.00]
[u  739] env= 48431104 rsucc=0.997 n_rounds= 4617 ret=+17.292 len=285.6 ent(t0,t>=1)=(0.000,0.735) aL=-0.0069 vL=0.0486 t0=[red=0.00 blue=1.00]
[u  740] env= 48496640 rsucc=0.999 n_rounds= 4608 ret=+17.296 len=285.2 ent(t0,t>=1)=(0.000,0.725) aL=-0.0072 vL=0.0478 t0=[red=0.00 blue=1.00]
[u  741] env= 48562176 rsucc=0.998 n_rounds= 4636 ret=+17.364 len=281.4 ent(t0,t>=1)=(0.000,0.739) aL=-0.0062 vL=0.0555 t0=[red=0.00 blue=1.00]
[u  742] env= 48627712 rsucc=0.998 n_rounds= 4611 ret=+17.313 len=284.3 ent(t0,t>=1)=(0.000,0.737) aL=-0.0072 vL=0.0457 t0=[red=0.00 blue=1.00]
[u  743] env= 48693248 rsucc=0.999 n_rounds= 4637 ret=+17.337 len=283.4 ent(t0,t>=1)=(0.000,0.740) aL=-0.0069 vL=0.0478 t0=[red=0.00 blue=1.00]
[u  744] env= 48758784 rsucc=0.998 n_rounds= 4603 ret=+17.337 len=283.6 ent(t0,t>=1)=(0.000,0.748) aL=-0.0067 vL=0.0521 t0=[red=0.00 blue=1.00]
[u  745] env= 48824320 rsucc=0.997 n_rounds= 4594 ret=+17.292 len=285.2 ent(t0,t>=1)=(0.000,0.743) aL=-0.0071 vL=0.0493 t0=[red=0.00 blue=1.00]
[u  746] env= 48889856 rsucc=0.999 n_rounds= 4634 ret=+17.299 len=284.9 ent(t0,t>=1)=(0.000,0.747) aL=-0.0069 vL=0.0463 t0=[red=0.00 blue=1.00]
[u  747] env= 48955392 rsucc=0.998 n_rounds= 4619 ret=+17.336 len=282.9 ent(t0,t>=1)=(0.000,0.744) aL=-0.0070 vL=0.0448 t0=[red=0.00 blue=1.00]
[u  748] env= 49020928 rsucc=0.998 n_rounds= 4613 ret=+17.335 len=282.9 ent(t0,t>=1)=(0.000,0.753) aL=-0.0062 vL=0.0504 t0=[red=0.00 blue=1.00]
[u  749] env= 49086464 rsucc=0.998 n_rounds= 4595 ret=+17.302 len=285.3 ent(t0,t>=1)=(0.000,0.747) aL=-0.0068 vL=0.0461 t0=[red=0.00 blue=1.00]
[u  750] env= 49152000 rsucc=0.996 n_rounds= 4570 ret=+17.304 len=284.7 ent(t0,t>=1)=(0.000,0.752) aL=-0.0066 vL=0.0466 t0=[red=0.00 blue=1.00]
[u  751] env= 49217536 rsucc=0.998 n_rounds= 4599 ret=+17.258 len=287.8 ent(t0,t>=1)=(0.000,0.743) aL=-0.0064 vL=0.0477 t0=[red=0.00 blue=1.00]
[u  752] env= 49283072 rsucc=0.998 n_rounds= 4620 ret=+17.332 len=283.4 ent(t0,t>=1)=(0.000,0.752) aL=-0.0066 vL=0.0451 t0=[red=0.00 blue=1.00]
[u  753] env= 49348608 rsucc=0.998 n_rounds= 4604 ret=+17.328 len=283.7 ent(t0,t>=1)=(0.000,0.747) aL=-0.0064 vL=0.0517 t0=[red=0.00 blue=1.00]
[u  754] env= 49414144 rsucc=0.998 n_rounds= 4612 ret=+17.299 len=284.9 ent(t0,t>=1)=(0.000,0.756) aL=-0.0057 vL=0.0667 t0=[red=0.00 blue=1.00]
[u  755] env= 49479680 rsucc=0.998 n_rounds= 4599 ret=+17.321 len=284.3 ent(t0,t>=1)=(0.000,0.748) aL=-0.0064 vL=0.0503 t0=[red=0.00 blue=1.00]
[u  756] env= 49545216 rsucc=1.000 n_rounds= 4628 ret=+17.317 len=284.3 ent(t0,t>=1)=(0.000,0.745) aL=-0.0063 vL=0.0493 t0=[red=0.00 blue=1.00]
[u  757] env= 49610752 rsucc=0.998 n_rounds= 4604 ret=+17.329 len=284.0 ent(t0,t>=1)=(0.000,0.757) aL=-0.0070 vL=0.0490 t0=[red=0.00 blue=1.00]
[u  758] env= 49676288 rsucc=0.998 n_rounds= 4595 ret=+17.306 len=285.4 ent(t0,t>=1)=(0.000,0.745) aL=-0.0059 vL=0.0521 t0=[red=0.00 blue=1.00]
[u  759] env= 49741824 rsucc=0.998 n_rounds= 4610 ret=+17.305 len=285.6 ent(t0,t>=1)=(0.000,0.747) aL=-0.0060 vL=0.0481 t0=[red=0.00 blue=1.00]
[u  760] env= 49807360 rsucc=0.998 n_rounds= 4625 ret=+17.350 len=282.4 ent(t0,t>=1)=(0.000,0.749) aL=-0.0060 vL=0.0458 t0=[red=0.00 blue=1.00]
[u  761] env= 49872896 rsucc=0.998 n_rounds= 4621 ret=+17.314 len=284.7 ent(t0,t>=1)=(0.000,0.743) aL=-0.0058 vL=0.0516 t0=[red=0.00 blue=1.00]
[u  762] env= 49938432 rsucc=0.998 n_rounds= 4599 ret=+17.309 len=284.7 ent(t0,t>=1)=(0.000,0.744) aL=-0.0064 vL=0.0452 t0=[red=0.00 blue=1.00]
[u  763] env= 50003968 rsucc=0.997 n_rounds= 4583 ret=+17.299 len=285.3 ent(t0,t>=1)=(0.000,0.748) aL=-0.0056 vL=0.0503 t0=[red=0.00 blue=1.00]
[u  764] env= 50069504 rsucc=0.998 n_rounds= 4585 ret=+17.328 len=284.1 ent(t0,t>=1)=(0.000,0.744) aL=-0.0055 vL=0.0551 t0=[red=0.00 blue=1.00]
[u  765] env= 50135040 rsucc=0.998 n_rounds= 4640 ret=+17.314 len=284.4 ent(t0,t>=1)=(0.000,0.736) aL=-0.0065 vL=0.0493 t0=[red=0.00 blue=1.00]
[u  766] env= 50200576 rsucc=0.998 n_rounds= 4587 ret=+17.289 len=285.4 ent(t0,t>=1)=(0.000,0.747) aL=-0.0066 vL=0.0433 t0=[red=0.00 blue=1.00]
[u  767] env= 50266112 rsucc=0.997 n_rounds= 4573 ret=+17.301 len=285.2 ent(t0,t>=1)=(0.000,0.741) aL=-0.0060 vL=0.0579 t0=[red=0.00 blue=1.00]
[u  768] env= 50331648 rsucc=0.997 n_rounds= 4600 ret=+17.301 len=285.2 ent(t0,t>=1)=(0.000,0.749) aL=-0.0061 vL=0.0467 t0=[red=0.00 blue=1.00]
[u  769] env= 50397184 rsucc=0.998 n_rounds= 4627 ret=+17.320 len=283.5 ent(t0,t>=1)=(0.000,0.747) aL=-0.0055 vL=0.0489 t0=[red=0.00 blue=1.00]
[u  770] env= 50462720 rsucc=0.998 n_rounds= 4632 ret=+17.315 len=284.5 ent(t0,t>=1)=(0.000,0.749) aL=-0.0062 vL=0.0468 t0=[red=0.00 blue=1.00]
[u  771] env= 50528256 rsucc=0.997 n_rounds= 4587 ret=+17.348 len=282.6 ent(t0,t>=1)=(0.000,0.752) aL=-0.0062 vL=0.0469 t0=[red=0.00 blue=1.00]
[u  772] env= 50593792 rsucc=0.999 n_rounds= 4636 ret=+17.292 len=285.2 ent(t0,t>=1)=(0.000,0.749) aL=-0.0059 vL=0.0463 t0=[red=0.00 blue=1.00]
[u  773] env= 50659328 rsucc=0.998 n_rounds= 4655 ret=+17.329 len=283.2 ent(t0,t>=1)=(0.000,0.749) aL=-0.0060 vL=0.0504 t0=[red=0.00 blue=1.00]
[u  774] env= 50724864 rsucc=0.999 n_rounds= 4614 ret=+17.347 len=283.1 ent(t0,t>=1)=(0.000,0.741) aL=+0.0088 vL=0.0565 t0=[red=0.00 blue=1.00]
[u  775] env= 50790400 rsucc=0.998 n_rounds= 4630 ret=+17.331 len=283.0 ent(t0,t>=1)=(0.000,0.745) aL=-0.0056 vL=0.0505 t0=[red=0.00 blue=1.00]
[u  776] env= 50855936 rsucc=0.998 n_rounds= 4627 ret=+17.347 len=282.7 ent(t0,t>=1)=(0.000,0.740) aL=-0.0044 vL=0.0454 t0=[red=0.00 blue=1.00]
[u  777] env= 50921472 rsucc=0.998 n_rounds= 4634 ret=+17.322 len=283.8 ent(t0,t>=1)=(0.000,0.743) aL=-0.0053 vL=0.0486 t0=[red=0.00 blue=1.00]
[u  778] env= 50987008 rsucc=0.998 n_rounds= 4618 ret=+17.325 len=283.7 ent(t0,t>=1)=(0.000,0.741) aL=-0.0054 vL=0.0471 t0=[red=0.00 blue=1.00]
[u  779] env= 51052544 rsucc=0.998 n_rounds= 4637 ret=+17.339 len=282.6 ent(t0,t>=1)=(0.000,0.745) aL=-0.0059 vL=0.0447 t0=[red=0.00 blue=1.00]
[u  780] env= 51118080 rsucc=0.998 n_rounds= 4642 ret=+17.330 len=283.1 ent(t0,t>=1)=(0.000,0.740) aL=-0.0055 vL=0.0499 t0=[red=0.00 blue=1.00]
[u  781] env= 51183616 rsucc=0.998 n_rounds= 4649 ret=+17.340 len=282.5 ent(t0,t>=1)=(0.000,0.734) aL=-0.0055 vL=0.0433 t0=[red=0.00 blue=1.00]
[u  782] env= 51249152 rsucc=0.997 n_rounds= 4581 ret=+17.321 len=283.5 ent(t0,t>=1)=(0.000,0.742) aL=-0.0055 vL=0.0467 t0=[red=0.00 blue=1.00]
[u  783] env= 51314688 rsucc=0.998 n_rounds= 4619 ret=+17.318 len=283.8 ent(t0,t>=1)=(0.000,0.735) aL=-0.0049 vL=0.0497 t0=[red=0.00 blue=1.00]
[u  784] env= 51380224 rsucc=0.998 n_rounds= 4585 ret=+17.292 len=285.1 ent(t0,t>=1)=(0.000,0.739) aL=-0.0050 vL=0.0489 t0=[red=0.00 blue=1.00]
[u  785] env= 51445760 rsucc=0.998 n_rounds= 4643 ret=+17.321 len=284.5 ent(t0,t>=1)=(0.000,0.729) aL=-0.0054 vL=0.0546 t0=[red=0.00 blue=1.00]
[u  786] env= 51511296 rsucc=0.997 n_rounds= 4607 ret=+17.325 len=283.5 ent(t0,t>=1)=(0.000,0.737) aL=+0.0052 vL=0.0478 t0=[red=0.00 blue=1.00]
[u  787] env= 51576832 rsucc=0.998 n_rounds= 4640 ret=+17.327 len=282.9 ent(t0,t>=1)=(0.000,0.732) aL=-0.0055 vL=0.0494 t0=[red=0.00 blue=1.00]
[u  788] env= 51642368 rsucc=0.998 n_rounds= 4645 ret=+17.345 len=282.4 ent(t0,t>=1)=(0.000,0.724) aL=-0.0051 vL=0.0497 t0=[red=0.00 blue=1.00]
[u  789] env= 51707904 rsucc=0.999 n_rounds= 4669 ret=+17.336 len=283.0 ent(t0,t>=1)=(0.000,0.728) aL=-0.0052 vL=0.0479 t0=[red=0.00 blue=1.00]
[u  790] env= 51773440 rsucc=0.998 n_rounds= 4587 ret=+17.330 len=283.4 ent(t0,t>=1)=(0.000,0.740) aL=-0.0047 vL=0.0474 t0=[red=0.00 blue=1.00]
[u  791] env= 51838976 rsucc=0.998 n_rounds= 4603 ret=+17.331 len=283.0 ent(t0,t>=1)=(0.000,0.736) aL=-0.0048 vL=0.0513 t0=[red=0.00 blue=1.00]
[u  792] env= 51904512 rsucc=0.998 n_rounds= 4652 ret=+17.292 len=285.1 ent(t0,t>=1)=(0.000,0.736) aL=-0.0052 vL=0.0479 t0=[red=0.00 blue=1.00]
[u  793] env= 51970048 rsucc=0.999 n_rounds= 4632 ret=+17.345 len=282.0 ent(t0,t>=1)=(0.000,0.736) aL=-0.0049 vL=0.0499 t0=[red=0.00 blue=1.00]
[u  794] env= 52035584 rsucc=0.997 n_rounds= 4590 ret=+17.338 len=283.2 ent(t0,t>=1)=(0.000,0.741) aL=-0.0050 vL=0.0475 t0=[red=0.00 blue=1.00]
[u  795] env= 52101120 rsucc=0.997 n_rounds= 4595 ret=+17.301 len=284.6 ent(t0,t>=1)=(0.000,0.739) aL=-0.0050 vL=0.0526 t0=[red=0.00 blue=1.00]
[u  796] env= 52166656 rsucc=0.998 n_rounds= 4629 ret=+17.267 len=285.8 ent(t0,t>=1)=(0.000,0.736) aL=-0.0051 vL=0.0497 t0=[red=0.00 blue=1.00]
[u  797] env= 52232192 rsucc=0.998 n_rounds= 4604 ret=+17.324 len=284.1 ent(t0,t>=1)=(0.000,0.742) aL=-0.0052 vL=0.0453 t0=[red=0.00 blue=1.00]
[u  798] env= 52297728 rsucc=0.998 n_rounds= 4639 ret=+17.334 len=283.2 ent(t0,t>=1)=(0.000,0.731) aL=-0.0050 vL=0.0505 t0=[red=0.00 blue=1.00]
[u  799] env= 52363264 rsucc=0.999 n_rounds= 4656 ret=+17.352 len=281.7 ent(t0,t>=1)=(0.000,0.732) aL=-0.0046 vL=0.0530 t0=[red=0.00 blue=1.00]
[u  800] env= 52428800 rsucc=0.998 n_rounds= 4601 ret=+17.331 len=283.7 ent(t0,t>=1)=(0.000,0.741) aL=-0.0043 vL=0.0515 t0=[red=0.00 blue=1.00]
[u  801] env= 52494336 rsucc=0.997 n_rounds= 4630 ret=+17.350 len=281.9 ent(t0,t>=1)=(0.000,0.734) aL=-0.0047 vL=0.0473 t0=[red=0.00 blue=1.00]
[u  802] env= 52559872 rsucc=0.999 n_rounds= 4635 ret=+17.298 len=284.9 ent(t0,t>=1)=(0.000,0.732) aL=-0.0046 vL=0.0494 t0=[red=0.00 blue=1.00]
[u  803] env= 52625408 rsucc=0.998 n_rounds= 4640 ret=+17.321 len=284.0 ent(t0,t>=1)=(0.000,0.734) aL=-0.0047 vL=0.0467 t0=[red=0.00 blue=1.00]
[u  804] env= 52690944 rsucc=0.999 n_rounds= 4668 ret=+17.351 len=281.4 ent(t0,t>=1)=(0.000,0.731) aL=-0.0046 vL=0.0438 t0=[red=0.00 blue=1.00]
[u  805] env= 52756480 rsucc=0.999 n_rounds= 4621 ret=+17.369 len=281.3 ent(t0,t>=1)=(0.000,0.739) aL=-0.0043 vL=0.0488 t0=[red=0.00 blue=1.00]
[u  806] env= 52822016 rsucc=0.997 n_rounds= 4612 ret=+17.353 len=281.6 ent(t0,t>=1)=(0.000,0.736) aL=-0.0045 vL=0.0530 t0=[red=0.00 blue=1.00]
[u  807] env= 52887552 rsucc=0.998 n_rounds= 4614 ret=+17.317 len=284.0 ent(t0,t>=1)=(0.000,0.743) aL=-0.0041 vL=0.0546 t0=[red=0.00 blue=1.00]
[u  808] env= 52953088 rsucc=0.998 n_rounds= 4633 ret=+17.291 len=284.8 ent(t0,t>=1)=(0.000,0.744) aL=-0.0042 vL=0.0585 t0=[red=0.00 blue=1.00]
[u  809] env= 53018624 rsucc=0.998 n_rounds= 4603 ret=+17.334 len=283.5 ent(t0,t>=1)=(0.000,0.747) aL=-0.0046 vL=0.0493 t0=[red=0.00 blue=1.00]
[u  810] env= 53084160 rsucc=0.997 n_rounds= 4644 ret=+17.291 len=285.3 ent(t0,t>=1)=(0.000,0.740) aL=-0.0043 vL=0.0472 t0=[red=0.00 blue=1.00]
[u  811] env= 53149696 rsucc=0.998 n_rounds= 4643 ret=+17.334 len=282.3 ent(t0,t>=1)=(0.000,0.739) aL=-0.0043 vL=0.0476 t0=[red=0.00 blue=1.00]
[u  812] env= 53215232 rsucc=0.998 n_rounds= 4642 ret=+17.340 len=282.0 ent(t0,t>=1)=(0.000,0.739) aL=-0.0040 vL=0.0493 t0=[red=0.00 blue=1.00]
[u  813] env= 53280768 rsucc=0.998 n_rounds= 4629 ret=+17.350 len=282.8 ent(t0,t>=1)=(0.000,0.742) aL=-0.0041 vL=0.0467 t0=[red=0.00 blue=1.00]
[u  814] env= 53346304 rsucc=0.998 n_rounds= 4626 ret=+17.330 len=283.0 ent(t0,t>=1)=(0.000,0.741) aL=-0.0036 vL=0.0506 t0=[red=0.00 blue=1.00]
[u  815] env= 53411840 rsucc=0.998 n_rounds= 4649 ret=+17.323 len=283.5 ent(t0,t>=1)=(0.000,0.737) aL=-0.0036 vL=0.0484 t0=[red=0.00 blue=1.00]
[u  816] env= 53477376 rsucc=0.998 n_rounds= 4650 ret=+17.372 len=280.2 ent(t0,t>=1)=(0.000,0.738) aL=-0.0040 vL=0.0470 t0=[red=0.00 blue=1.00]
[u  817] env= 53542912 rsucc=0.998 n_rounds= 4656 ret=+17.352 len=282.2 ent(t0,t>=1)=(0.000,0.733) aL=-0.0038 vL=0.0441 t0=[red=0.00 blue=1.00]
[u  818] env= 53608448 rsucc=0.998 n_rounds= 4659 ret=+17.338 len=282.2 ent(t0,t>=1)=(0.000,0.739) aL=-0.0040 vL=0.0436 t0=[red=0.00 blue=1.00]
[u  819] env= 53673984 rsucc=0.998 n_rounds= 4639 ret=+17.354 len=280.9 ent(t0,t>=1)=(0.000,0.744) aL=-0.0039 vL=0.0471 t0=[red=0.00 blue=1.00]
[u  820] env= 53739520 rsucc=0.998 n_rounds= 4632 ret=+17.348 len=281.6 ent(t0,t>=1)=(0.000,0.738) aL=-0.0042 vL=0.0479 t0=[red=0.00 blue=1.00]
[u  821] env= 53805056 rsucc=0.999 n_rounds= 4672 ret=+17.321 len=283.4 ent(t0,t>=1)=(0.000,0.739) aL=-0.0037 vL=0.0442 t0=[red=0.00 blue=1.00]
[u  822] env= 53870592 rsucc=0.999 n_rounds= 4629 ret=+17.362 len=281.3 ent(t0,t>=1)=(0.000,0.739) aL=-0.0034 vL=0.0557 t0=[red=0.00 blue=1.00]
[u  823] env= 53936128 rsucc=0.997 n_rounds= 4634 ret=+17.333 len=282.8 ent(t0,t>=1)=(0.000,0.733) aL=-0.0040 vL=0.0477 t0=[red=0.00 blue=1.00]
[u  824] env= 54001664 rsucc=0.998 n_rounds= 4633 ret=+17.310 len=283.8 ent(t0,t>=1)=(0.000,0.744) aL=-0.0035 vL=0.0559 t0=[red=0.00 blue=1.00]
[u  825] env= 54067200 rsucc=0.998 n_rounds= 4659 ret=+17.347 len=281.8 ent(t0,t>=1)=(0.000,0.739) aL=-0.0028 vL=0.0482 t0=[red=0.00 blue=1.00]
[u  826] env= 54132736 rsucc=0.998 n_rounds= 4656 ret=+17.352 len=281.3 ent(t0,t>=1)=(0.000,0.740) aL=-0.0036 vL=0.0449 t0=[red=0.00 blue=1.00]
[u  827] env= 54198272 rsucc=0.998 n_rounds= 4628 ret=+17.325 len=282.7 ent(t0,t>=1)=(0.000,0.745) aL=-0.0036 vL=0.0462 t0=[red=0.00 blue=1.00]
[u  828] env= 54263808 rsucc=0.998 n_rounds= 4649 ret=+17.342 len=282.2 ent(t0,t>=1)=(0.000,0.744) aL=-0.0036 vL=0.0454 t0=[red=0.00 blue=1.00]
[u  829] env= 54329344 rsucc=0.998 n_rounds= 4666 ret=+17.334 len=282.7 ent(t0,t>=1)=(0.000,0.748) aL=-0.0034 vL=0.0500 t0=[red=0.00 blue=1.00]
[u  830] env= 54394880 rsucc=0.998 n_rounds= 4648 ret=+17.352 len=281.7 ent(t0,t>=1)=(0.000,0.742) aL=-0.0034 vL=0.0452 t0=[red=0.00 blue=1.00]
[u  831] env= 54460416 rsucc=0.999 n_rounds= 4649 ret=+17.360 len=280.9 ent(t0,t>=1)=(0.000,0.749) aL=-0.0030 vL=0.0558 t0=[red=0.00 blue=1.00]
[u  832] env= 54525952 rsucc=0.998 n_rounds= 4677 ret=+17.355 len=281.5 ent(t0,t>=1)=(0.000,0.745) aL=-0.0033 vL=0.0493 t0=[red=0.00 blue=1.00]
[u  833] env= 54591488 rsucc=0.999 n_rounds= 4635 ret=+17.348 len=282.3 ent(t0,t>=1)=(0.000,0.737) aL=-0.0034 vL=0.0487 t0=[red=0.00 blue=1.00]
[u  834] env= 54657024 rsucc=0.998 n_rounds= 4649 ret=+17.359 len=281.0 ent(t0,t>=1)=(0.000,0.751) aL=-0.0033 vL=0.0440 t0=[red=0.00 blue=1.00]
[u  835] env= 54722560 rsucc=0.999 n_rounds= 4689 ret=+17.354 len=282.0 ent(t0,t>=1)=(0.000,0.746) aL=-0.0031 vL=0.0480 t0=[red=0.00 blue=1.00]
[u  836] env= 54788096 rsucc=0.997 n_rounds= 4593 ret=+17.359 len=281.1 ent(t0,t>=1)=(0.000,0.755) aL=-0.0032 vL=0.0489 t0=[red=0.00 blue=1.00]
[u  837] env= 54853632 rsucc=0.999 n_rounds= 4667 ret=+17.309 len=283.9 ent(t0,t>=1)=(0.000,0.747) aL=-0.0030 vL=0.0546 t0=[red=0.00 blue=1.00]
[u  838] env= 54919168 rsucc=0.998 n_rounds= 4649 ret=+17.361 len=281.3 ent(t0,t>=1)=(0.000,0.748) aL=-0.0025 vL=0.0444 t0=[red=0.00 blue=1.00]
[u  839] env= 54984704 rsucc=0.998 n_rounds= 4647 ret=+17.337 len=282.5 ent(t0,t>=1)=(0.000,0.748) aL=-0.0032 vL=0.0481 t0=[red=0.00 blue=1.00]
[u  840] env= 55050240 rsucc=0.998 n_rounds= 4654 ret=+17.367 len=280.6 ent(t0,t>=1)=(0.000,0.744) aL=-0.0027 vL=0.0536 t0=[red=0.00 blue=1.00]
[u  841] env= 55115776 rsucc=0.999 n_rounds= 4668 ret=+17.340 len=282.6 ent(t0,t>=1)=(0.000,0.743) aL=-0.0034 vL=0.0464 t0=[red=0.00 blue=1.00]
[u  842] env= 55181312 rsucc=0.999 n_rounds= 4653 ret=+17.385 len=279.4 ent(t0,t>=1)=(0.000,0.742) aL=-0.0030 vL=0.0444 t0=[red=0.00 blue=1.00]
[u  843] env= 55246848 rsucc=0.999 n_rounds= 4688 ret=+17.357 len=281.3 ent(t0,t>=1)=(0.000,0.742) aL=-0.0028 vL=0.0456 t0=[red=0.00 blue=1.00]
[u  844] env= 55312384 rsucc=0.998 n_rounds= 4648 ret=+17.369 len=280.3 ent(t0,t>=1)=(0.000,0.744) aL=-0.0026 vL=0.0494 t0=[red=0.00 blue=1.00]
[u  845] env= 55377920 rsucc=0.998 n_rounds= 4665 ret=+17.352 len=281.3 ent(t0,t>=1)=(0.000,0.748) aL=-0.0023 vL=0.0490 t0=[red=0.00 blue=1.00]
[u  846] env= 55443456 rsucc=0.999 n_rounds= 4663 ret=+17.370 len=280.4 ent(t0,t>=1)=(0.000,0.740) aL=-0.0027 vL=0.0478 t0=[red=0.00 blue=1.00]
[u  847] env= 55508992 rsucc=0.998 n_rounds= 4663 ret=+17.355 len=281.5 ent(t0,t>=1)=(0.000,0.736) aL=-0.0023 vL=0.0476 t0=[red=0.00 blue=1.00]
[u  848] env= 55574528 rsucc=0.998 n_rounds= 4662 ret=+17.334 len=282.7 ent(t0,t>=1)=(0.000,0.742) aL=-0.0024 vL=0.0527 t0=[red=0.00 blue=1.00]
[u  849] env= 55640064 rsucc=0.997 n_rounds= 4608 ret=+17.334 len=282.2 ent(t0,t>=1)=(0.000,0.747) aL=-0.0023 vL=0.0508 t0=[red=0.00 blue=1.00]
[u  850] env= 55705600 rsucc=0.999 n_rounds= 4683 ret=+17.350 len=280.7 ent(t0,t>=1)=(0.000,0.741) aL=-0.0025 vL=0.0481 t0=[red=0.00 blue=1.00]
[u  851] env= 55771136 rsucc=0.998 n_rounds= 4647 ret=+17.344 len=281.7 ent(t0,t>=1)=(0.000,0.744) aL=-0.0024 vL=0.0464 t0=[red=0.00 blue=1.00]
[u  852] env= 55836672 rsucc=0.999 n_rounds= 4673 ret=+17.353 len=281.6 ent(t0,t>=1)=(0.000,0.742) aL=-0.0022 vL=0.0472 t0=[red=0.00 blue=1.00]
[u  853] env= 55902208 rsucc=0.998 n_rounds= 4653 ret=+17.364 len=280.6 ent(t0,t>=1)=(0.000,0.739) aL=-0.0019 vL=0.0504 t0=[red=0.00 blue=1.00]
[u  854] env= 55967744 rsucc=0.997 n_rounds= 4660 ret=+17.353 len=281.2 ent(t0,t>=1)=(0.000,0.736) aL=-0.0025 vL=0.0433 t0=[red=0.00 blue=1.00]
[u  855] env= 56033280 rsucc=0.999 n_rounds= 4665 ret=+17.336 len=281.8 ent(t0,t>=1)=(0.000,0.736) aL=-0.0020 vL=0.0501 t0=[red=0.00 blue=1.00]
[u  856] env= 56098816 rsucc=0.998 n_rounds= 4650 ret=+17.338 len=281.5 ent(t0,t>=1)=(0.000,0.734) aL=-0.0019 vL=0.0505 t0=[red=0.00 blue=1.00]
[u  857] env= 56164352 rsucc=0.997 n_rounds= 4651 ret=+17.346 len=281.9 ent(t0,t>=1)=(0.000,0.742) aL=-0.0020 vL=0.0494 t0=[red=0.00 blue=1.00]
[u  858] env= 56229888 rsucc=0.997 n_rounds= 4657 ret=+17.343 len=281.3 ent(t0,t>=1)=(0.000,0.733) aL=-0.0021 vL=0.0509 t0=[red=0.00 blue=1.00]
[u  859] env= 56295424 rsucc=0.999 n_rounds= 4676 ret=+17.341 len=281.6 ent(t0,t>=1)=(0.000,0.732) aL=-0.0022 vL=0.0452 t0=[red=0.00 blue=1.00]
[u  860] env= 56360960 rsucc=0.999 n_rounds= 4687 ret=+17.358 len=280.6 ent(t0,t>=1)=(0.000,0.739) aL=-0.0018 vL=0.0521 t0=[red=0.00 blue=1.00]
[u  861] env= 56426496 rsucc=0.998 n_rounds= 4673 ret=+17.376 len=280.3 ent(t0,t>=1)=(0.000,0.739) aL=-0.0020 vL=0.0552 t0=[red=0.00 blue=1.00]
[u  862] env= 56492032 rsucc=0.999 n_rounds= 4669 ret=+17.359 len=280.7 ent(t0,t>=1)=(0.000,0.739) aL=-0.0020 vL=0.0477 t0=[red=0.00 blue=1.00]
[u  863] env= 56557568 rsucc=0.999 n_rounds= 4679 ret=+17.396 len=278.7 ent(t0,t>=1)=(0.000,0.741) aL=-0.0021 vL=0.0508 t0=[red=0.00 blue=1.00]
[u  864] env= 56623104 rsucc=0.998 n_rounds= 4654 ret=+17.329 len=282.3 ent(t0,t>=1)=(0.000,0.740) aL=-0.0015 vL=0.0484 t0=[red=0.00 blue=1.00]
[u  865] env= 56688640 rsucc=0.999 n_rounds= 4694 ret=+17.371 len=280.3 ent(t0,t>=1)=(0.000,0.746) aL=-0.0021 vL=0.0525 t0=[red=0.00 blue=1.00]
[u  866] env= 56754176 rsucc=0.998 n_rounds= 4639 ret=+17.365 len=280.4 ent(t0,t>=1)=(0.000,0.739) aL=-0.0019 vL=0.0480 t0=[red=0.00 blue=1.00]
[u  867] env= 56819712 rsucc=0.998 n_rounds= 4648 ret=+17.317 len=283.0 ent(t0,t>=1)=(0.000,0.739) aL=-0.0019 vL=0.0482 t0=[red=0.00 blue=1.00]
[u  868] env= 56885248 rsucc=0.999 n_rounds= 4695 ret=+17.373 len=279.7 ent(t0,t>=1)=(0.000,0.741) aL=-0.0019 vL=0.0456 t0=[red=0.00 blue=1.00]
[u  869] env= 56950784 rsucc=0.998 n_rounds= 4635 ret=+17.343 len=281.8 ent(t0,t>=1)=(0.000,0.744) aL=-0.0018 vL=0.0458 t0=[red=0.00 blue=1.00]
[u  870] env= 57016320 rsucc=0.998 n_rounds= 4659 ret=+17.350 len=281.1 ent(t0,t>=1)=(0.000,0.740) aL=-0.0018 vL=0.0541 t0=[red=0.00 blue=1.00]
[u  871] env= 57081856 rsucc=0.998 n_rounds= 4670 ret=+17.353 len=280.9 ent(t0,t>=1)=(0.000,0.737) aL=-0.0016 vL=0.0507 t0=[red=0.00 blue=1.00]
[u  872] env= 57147392 rsucc=0.999 n_rounds= 4702 ret=+17.340 len=281.6 ent(t0,t>=1)=(0.000,0.736) aL=+0.2509 vL=0.0483 t0=[red=0.00 blue=1.00]
[u  873] env= 57212928 rsucc=0.998 n_rounds= 4621 ret=+17.381 len=279.7 ent(t0,t>=1)=(0.000,0.744) aL=-0.0014 vL=0.0664 t0=[red=0.00 blue=1.00]
[u  874] env= 57278464 rsucc=0.998 n_rounds= 4690 ret=+17.341 len=282.5 ent(t0,t>=1)=(0.000,0.733) aL=-0.0016 vL=0.0479 t0=[red=0.00 blue=1.00]
[u  875] env= 57344000 rsucc=0.998 n_rounds= 4658 ret=+17.356 len=280.2 ent(t0,t>=1)=(0.000,0.745) aL=-0.0019 vL=0.0461 t0=[red=0.00 blue=1.00]
[u  876] env= 57409536 rsucc=0.998 n_rounds= 4638 ret=+17.359 len=280.6 ent(t0,t>=1)=(0.000,0.741) aL=-0.0017 vL=0.0497 t0=[red=0.00 blue=1.00]
[u  877] env= 57475072 rsucc=0.998 n_rounds= 4649 ret=+17.358 len=280.7 ent(t0,t>=1)=(0.000,0.744) aL=-0.0018 vL=0.0517 t0=[red=0.00 blue=1.00]
[u  878] env= 57540608 rsucc=0.998 n_rounds= 4686 ret=+17.342 len=282.3 ent(t0,t>=1)=(0.000,0.739) aL=-0.0017 vL=0.0444 t0=[red=0.00 blue=1.00]
[u  879] env= 57606144 rsucc=0.999 n_rounds= 4675 ret=+17.334 len=282.2 ent(t0,t>=1)=(0.000,0.743) aL=-0.0013 vL=0.0470 t0=[red=0.00 blue=1.00]
[u  880] env= 57671680 rsucc=0.998 n_rounds= 4660 ret=+17.366 len=280.0 ent(t0,t>=1)=(0.000,0.742) aL=-0.0014 vL=0.0502 t0=[red=0.00 blue=1.00]
[u  881] env= 57737216 rsucc=0.998 n_rounds= 4684 ret=+17.357 len=280.8 ent(t0,t>=1)=(0.000,0.741) aL=-0.0012 vL=0.0508 t0=[red=0.00 blue=1.00]
[u  882] env= 57802752 rsucc=0.998 n_rounds= 4663 ret=+17.365 len=280.4 ent(t0,t>=1)=(0.000,0.740) aL=-0.0015 vL=0.0491 t0=[red=0.00 blue=1.00]
[u  883] env= 57868288 rsucc=0.998 n_rounds= 4666 ret=+17.379 len=279.4 ent(t0,t>=1)=(0.000,0.742) aL=-0.0013 vL=0.0597 t0=[red=0.00 blue=1.00]
[u  884] env= 57933824 rsucc=0.998 n_rounds= 4675 ret=+17.345 len=281.7 ent(t0,t>=1)=(0.000,0.741) aL=-0.0008 vL=0.0469 t0=[red=0.00 blue=1.00]
[u  885] env= 57999360 rsucc=0.999 n_rounds= 4692 ret=+17.382 len=279.2 ent(t0,t>=1)=(0.000,0.736) aL=-0.0013 vL=0.0487 t0=[red=0.00 blue=1.00]
[u  886] env= 58064896 rsucc=0.999 n_rounds= 4652 ret=+17.347 len=281.4 ent(t0,t>=1)=(0.000,0.739) aL=-0.0014 vL=0.0475 t0=[red=0.00 blue=1.00]
[u  887] env= 58130432 rsucc=0.998 n_rounds= 4674 ret=+17.381 len=278.8 ent(t0,t>=1)=(0.000,0.743) aL=-0.0014 vL=0.0452 t0=[red=0.00 blue=1.00]
[u  888] env= 58195968 rsucc=0.999 n_rounds= 4699 ret=+17.341 len=282.0 ent(t0,t>=1)=(0.000,0.735) aL=-0.0011 vL=0.0526 t0=[red=0.00 blue=1.00]
[u  889] env= 58261504 rsucc=0.998 n_rounds= 4654 ret=+17.368 len=280.2 ent(t0,t>=1)=(0.000,0.746) aL=-0.0015 vL=0.0477 t0=[red=0.00 blue=1.00]
[u  890] env= 58327040 rsucc=0.998 n_rounds= 4677 ret=+17.374 len=279.6 ent(t0,t>=1)=(0.000,0.740) aL=-0.0014 vL=0.0475 t0=[red=0.00 blue=1.00]
[u  891] env= 58392576 rsucc=0.998 n_rounds= 4661 ret=+17.357 len=280.4 ent(t0,t>=1)=(0.000,0.740) aL=-0.0013 vL=0.0562 t0=[red=0.00 blue=1.00]
[u  892] env= 58458112 rsucc=0.998 n_rounds= 4677 ret=+17.340 len=281.8 ent(t0,t>=1)=(0.000,0.739) aL=-0.0005 vL=0.0485 t0=[red=0.00 blue=1.00]
[u  893] env= 58523648 rsucc=0.999 n_rounds= 4688 ret=+17.375 len=279.9 ent(t0,t>=1)=(0.000,0.745) aL=-0.0005 vL=0.0515 t0=[red=0.00 blue=1.00]
[u  894] env= 58589184 rsucc=0.999 n_rounds= 4707 ret=+17.380 len=279.3 ent(t0,t>=1)=(0.000,0.740) aL=-0.0005 vL=0.0610 t0=[red=0.00 blue=1.00]
[u  895] env= 58654720 rsucc=0.999 n_rounds= 4682 ret=+17.378 len=279.6 ent(t0,t>=1)=(0.000,0.744) aL=-0.0004 vL=0.0492 t0=[red=0.00 blue=1.00]
[u  896] env= 58720256 rsucc=0.999 n_rounds= 4687 ret=+17.373 len=280.1 ent(t0,t>=1)=(0.000,0.746) aL=-0.0009 vL=0.0490 t0=[red=0.00 blue=1.00]
[u  897] env= 58785792 rsucc=0.997 n_rounds= 4653 ret=+17.384 len=279.4 ent(t0,t>=1)=(0.000,0.747) aL=-0.0012 vL=0.0486 t0=[red=0.00 blue=1.00]
[u  898] env= 58851328 rsucc=0.998 n_rounds= 4658 ret=+17.328 len=282.2 ent(t0,t>=1)=(0.000,0.750) aL=-0.0013 vL=0.0465 t0=[red=0.00 blue=1.00]
[u  899] env= 58916864 rsucc=1.000 n_rounds= 4713 ret=+17.381 len=278.8 ent(t0,t>=1)=(0.000,0.742) aL=-0.0011 vL=0.0502 t0=[red=0.00 blue=1.00]
[u  900] env= 58982400 rsucc=0.999 n_rounds= 4690 ret=+17.380 len=279.4 ent(t0,t>=1)=(0.000,0.744) aL=-0.0011 vL=0.0438 t0=[red=0.00 blue=1.00]
[u  901] env= 59047936 rsucc=0.999 n_rounds= 4656 ret=+17.358 len=281.2 ent(t0,t>=1)=(0.000,0.750) aL=-0.0009 vL=0.0538 t0=[red=0.00 blue=1.00]
[u  902] env= 59113472 rsucc=0.998 n_rounds= 4663 ret=+17.379 len=279.9 ent(t0,t>=1)=(0.000,0.744) aL=-0.0011 vL=0.0458 t0=[red=0.00 blue=1.00]
[u  903] env= 59179008 rsucc=0.998 n_rounds= 4687 ret=+17.344 len=281.3 ent(t0,t>=1)=(0.000,0.746) aL=-0.0009 vL=0.0503 t0=[red=0.00 blue=1.00]
[u  904] env= 59244544 rsucc=0.998 n_rounds= 4672 ret=+17.370 len=280.4 ent(t0,t>=1)=(0.000,0.743) aL=-0.0010 vL=0.0457 t0=[red=0.00 blue=1.00]
[u  905] env= 59310080 rsucc=0.998 n_rounds= 4665 ret=+17.349 len=280.9 ent(t0,t>=1)=(0.000,0.746) aL=-0.0009 vL=0.0463 t0=[red=0.00 blue=1.00]
[u  906] env= 59375616 rsucc=0.998 n_rounds= 4646 ret=+17.347 len=281.4 ent(t0,t>=1)=(0.000,0.747) aL=-0.0012 vL=0.0449 t0=[red=0.00 blue=1.00]
[u  907] env= 59441152 rsucc=0.997 n_rounds= 4653 ret=+17.341 len=281.5 ent(t0,t>=1)=(0.000,0.746) aL=-0.0011 vL=0.0522 t0=[red=0.00 blue=1.00]
[u  908] env= 59506688 rsucc=0.999 n_rounds= 4708 ret=+17.346 len=281.1 ent(t0,t>=1)=(0.000,0.743) aL=-0.0012 vL=0.0445 t0=[red=0.00 blue=1.00]
[u  909] env= 59572224 rsucc=0.998 n_rounds= 4639 ret=+17.393 len=279.0 ent(t0,t>=1)=(0.000,0.746) aL=-0.0012 vL=0.0455 t0=[red=0.00 blue=1.00]
[u  910] env= 59637760 rsucc=0.999 n_rounds= 4716 ret=+17.373 len=279.6 ent(t0,t>=1)=(0.000,0.743) aL=-0.0010 vL=0.0505 t0=[red=0.00 blue=1.00]
[u  911] env= 59703296 rsucc=0.999 n_rounds= 4669 ret=+17.355 len=281.2 ent(t0,t>=1)=(0.000,0.743) aL=-0.0010 vL=0.0468 t0=[red=0.00 blue=1.00]
[u  912] env= 59768832 rsucc=0.999 n_rounds= 4681 ret=+17.379 len=279.9 ent(t0,t>=1)=(0.000,0.745) aL=-0.0009 vL=0.0443 t0=[red=0.00 blue=1.00]
[u  913] env= 59834368 rsucc=0.999 n_rounds= 4691 ret=+17.392 len=279.1 ent(t0,t>=1)=(0.000,0.743) aL=-0.0011 vL=0.0471 t0=[red=0.00 blue=1.00]
[u  914] env= 59899904 rsucc=0.998 n_rounds= 4664 ret=+17.343 len=281.3 ent(t0,t>=1)=(0.000,0.743) aL=-0.0009 vL=0.0443 t0=[red=0.00 blue=1.00]
[u  915] env= 59965440 rsucc=0.999 n_rounds= 4668 ret=+17.366 len=280.5 ent(t0,t>=1)=(0.000,0.747) aL=-0.0011 vL=0.0485 t0=[red=0.00 blue=1.00]
[main] training done in 5760.4s
        round_success_rate: [+0.4681, +0.3948, +0.3954, +0.4181, +0.4319, +0.4349, +0.4299, +0.4077, +0.4749, +0.5528, +0.6730, +0.7306, +0.8219, +0.8765, +0.8960, +0.9080, +0.9194, +0.9265, +0.9297, +0.9330, +0.9387, +0.9392, +0.9392, +0.9444, +0.9489, +0.9604, +0.9538, +0.9640, +0.9584, +0.9656, +0.9683, +0.9648, +0.9721, +0.9685, +0.9721, +0.9684, +0.9688, +0.9733, +0.9808, +0.9790, +0.9773, +0.9839, +0.9789, +0.9790, +0.9775, +0.9822, +0.9854, +0.9848, +0.9839, +0.9835, +0.9878, +0.9866, +0.9873, +0.9850, +0.9844, +0.9867, +0.9897, +0.9857, +0.9873, +0.9885, +0.9913, +0.9878, +0.9887, +0.9908, +0.9879, +0.9876, +0.9872, +0.9899, +0.9924, +0.9876, +0.9924, +0.9908, +0.9929, +0.9906, +0.9939, +0.9919, +0.9936, +0.9930, +0.9915, +0.9900, +0.9917, +0.9913, +0.9926, +0.9917, +0.9921, +0.9923, +0.9916, +0.9886, +0.9881, +0.9888, +0.9903, +0.9890, +0.9892, +0.9840, +0.9894, +0.9815, +0.9853, +0.9889, +0.9877, +0.9873, +0.9882, +0.9894, +0.9870, +0.9882, +0.9916, +0.9923, +0.9892, +0.9891, +0.9856, +0.9890, +0.9900, +0.9888, +0.9940, +0.9907, +0.9903, +0.9916, +0.9931, +0.9877, +0.9899, +0.9926, +0.9902, +0.9903, +0.9876, +0.9919, +0.9904, +0.9909, +0.9918, +0.9931, +0.9938, +0.9931, +0.9958, +0.9945, +0.9943, +0.9919, +0.9913, +0.9915, +0.9938, +0.9942, +0.9948, +0.9932, +0.9931, +0.9927, +0.9939, +0.9909, +0.9938, +0.9941, +0.9922, +0.9926, +0.9928, +0.9938, +0.9923, +0.9941, +0.9940, +0.9925, +0.9943, +0.9967, +0.9921, +0.9958, +0.9946, +0.9929, +0.9907, +0.9947, +0.9934, +0.9899, +0.9893, +0.9944, +0.9936, +0.9930, +0.9927, +0.9935, +0.9924, +0.9944, +0.9951, +0.9915, +0.9933, +0.9918, +0.9905, +0.9916, +0.9878, +0.9892, +0.9889, +0.9870, +0.9929, +0.9882, +0.9901, +0.9902, +0.9918, +0.9900, +0.9931, +0.9913, +0.9910, +0.9908, +0.9937, +0.9916, +0.9943, +0.9912, +0.9935, +0.9928, +0.9924, +0.9926, +0.9938, +0.9758, +0.9690, +0.9809, +0.9851, +0.9877, +0.9880, +0.9913, +0.9920, +0.9909, +0.9911, +0.9903, +0.9922, +0.9895, +0.9900, +0.9923, +0.9924, +0.9925, +0.9962, +0.9941, +0.9918, +0.9918, +0.9937, +0.9917, +0.9938, +0.9939, +0.9907, +0.9911, +0.9928, +0.9906, +0.9918, +0.9947, +0.9914, +0.9925, +0.9926, +0.9931, +0.9952, +0.9935, +0.9948, +0.9944, +0.9934, +0.9972, +0.9944, +0.9944, +0.9951, +0.9963, +0.9954, +0.9947, +0.9961, +0.9945, +0.9946, +0.9949, +0.9953, +0.9951, +0.9959, +0.9963, +0.9970, +0.9942, +0.9958, +0.9961, +0.9968, +0.9951, +0.9941, +0.9934, +0.9949, +0.9963, +0.9960, +0.9951, +0.9963, +0.9956, +0.9959, +0.9945, +0.9951, +0.9954, +0.9947, +0.9956, +0.9944, +0.9966, +0.9952, +0.9961, +0.9949, +0.9968, +0.9954, +0.9957, +0.9961, +0.9931, +0.9948, +0.9944, +0.9940, +0.9948, +0.9948, +0.9928, +0.9944, +0.9947, +0.9952, +0.9941, +0.9953, +0.9946, +0.9955, +0.9932, +0.9939, +0.9939, +0.9963, +0.9958, +0.9906, +0.9945, +0.9922, +0.9925, +0.9952, +0.9946, +0.9928, +0.9947, +0.9961, +0.9952, +0.9964, +0.9945, +0.9956, +0.9927, +0.9944, +0.9951, +0.9949, +0.9949, +0.9943, +0.9933, +0.9931, +0.9933, +0.9925, +0.9931, +0.9922, +0.9892, +0.9921, +0.9934, +0.9908, +0.9944, +0.9930, +0.9927, +0.9929, +0.9943, +0.9928, +0.9947, +0.9940, +0.9940, +0.9930, +0.9951, +0.9946, +0.9960, +0.9929, +0.9941, +0.9956, +0.9936, +0.9930, +0.9967, +0.9942, +0.9958, +0.9956, +0.9916, +0.9926, +0.9935, +0.9944, +0.9948, +0.9946, +0.9942, +0.9955, +0.9939, +0.9949, +0.9946, +0.9937, +0.9968, +0.9939, +0.9956, +0.9958, +0.9934, +0.9954, +0.9963, +0.9946, +0.9956, +0.9958, +0.9954, +0.9944, +0.9953, +0.9965, +0.9961, +0.9965, +0.9966, +0.9970, +0.9950, +0.9964, +0.9963, +0.9949, +0.9947, +0.9970, +0.9958, +0.9956, +0.9968, +0.9968, +0.9954, +0.9961, +0.9938, +0.9948, +0.9966, +0.9952, +0.9961, +0.9958, +0.9966, +0.9951, +0.9968, +0.9966, +0.9961, +0.9964, +0.9951, +0.9954, +0.9959, +0.9952, +0.9950, +0.9938, +0.9961, +0.9961, +0.9966, +0.9959, +0.9954, +0.9964, +0.9975, +0.9963, +0.9966, +0.9959, +0.9959, +0.9938, +0.9973, +0.9945, +0.9971, +0.9966, +0.9968, +0.9964, +0.9956, +0.9973, +0.9961, +0.9957, +0.9968, +0.9968, +0.9966, +0.9966, +0.9964, +0.9966, +0.9975, +0.9975, +0.9971, +0.9973, +0.9973, +0.9968, +0.9969, +0.9978, +0.9960, +0.9978, +0.9964, +0.9969, +0.9960, +0.9961, +0.9969, +0.9982, +0.9971, +0.9976, +0.9971, +0.9978, +0.9976, +0.9978, +0.9964, +0.9976, +0.9982, +0.9980, +0.9973, +0.9975, +0.9976, +0.9973, +0.9978, +0.9982, +0.9971, +0.9971, +0.9966, +0.9962, +0.9973, +0.9973, +0.9969, +0.9966, +0.9982, +0.9980, +0.9971, +0.9985, +0.9980, +0.9989, +0.9978, +0.9973, +0.9971, +0.9967, +0.9969, +0.9973, +0.9982, +0.9978, +0.9973, +0.9978, +0.9985, +0.9980, +0.9978, +0.9976, +0.9976, +0.9978, +0.9976, +0.9976, +0.9967, +0.9978, +0.9967, +0.9971, +0.9976, +0.9971, +0.9962, +0.9964, +0.9982, +0.9967, +0.9967, +0.9989, +0.9989, +0.9980, +0.9978, +0.9982, +0.9978, +0.9964, +0.9962, +0.9971, +0.9967, +0.9982, +0.9969, +0.9976, +0.9976, +0.9976, +0.9985, +0.9964, +0.9978, +0.9976, +0.9978, +0.9978, +0.9980, +0.9976, +0.9971, +0.9975, +0.9967, +0.9973, +0.9955, +0.9967, +0.9976, +0.9978, +0.9974, +0.9982, +0.9974, +0.9987, +0.9985, +0.9978, +0.9978, +0.9978, +0.9975, +0.9978, +0.9976, +0.9976, +0.9963, +0.9978, +0.9976, +0.9976, +0.9982, +0.9987, +0.9976, +0.9982, +0.9985, +0.9971, +0.9987, +0.9974, +0.9971, +0.9960, +0.9978, +0.9967, +0.9976, +0.9969, +0.9978, +0.9967, +0.9987, +0.9973, +0.9985, +0.9960, +0.9973, +0.9976, +0.9962, +0.9976, +0.9974, +0.9985, +0.9976, +0.9974, +0.9971, +0.9976, +0.9982, +0.9969, +0.9976, +0.9969, +0.9980, +0.9958, +0.9982, +0.9969, +0.9980, +0.9982, +0.9974, +0.9978, +0.9976, +0.9965, +0.9978, +0.9976, +0.9967, +0.9967, +0.9974, +0.9980, +0.9980, +0.9976, +0.9971, +0.9976, +0.9969, +0.9976, +0.9980, +0.9967, +0.9978, +0.9965, +0.9982, +0.9976, +0.9983, +0.9971, +0.9983, +0.9976, +0.9976, +0.9972, +0.9976, +0.9974, +0.9962, +0.9976, +0.9974, +0.9978, +0.9978, +0.9976, +0.9962, +0.9974, +0.9978, +0.9983, +0.9971, +0.9987, +0.9974, +0.9974, +0.9974, +0.9969, +0.9978, +0.9972, +0.9976, +0.9980, +0.9974, +0.9971, +0.9974, +0.9985, +0.9967, +0.9978, +0.9976, +0.9980, +0.9978, +0.9980, +0.9976, +0.9978, +0.9985, +0.9967, +0.9974, +0.9980, +0.9972, +0.9974, +0.9985, +0.9974, +0.9972, +0.9976, +0.9978, +0.9976, +0.9972, +0.9974, +0.9971, +0.9963, +0.9974, +0.9974, +0.9976, +0.9976, +0.9978, +0.9978, +0.9965, +0.9969, +0.9987, +0.9976, +0.9974, +0.9987, +0.9971, +0.9983, +0.9980, +0.9967, +0.9967, +0.9976, +0.9987, +0.9983, +0.9983, +0.9980, +0.9969, +0.9989, +0.9978, +0.9974, +0.9969, +0.9978, +0.9965, +0.9963, +0.9971, +0.9962, +0.9958, +0.9971, +0.9966, +0.9949, +0.9963, +0.9976, +0.9980, +0.9969, +0.9969, +0.9978, +0.9980, +0.9982, +0.9965, +0.9976, +0.9974, +0.9978, +0.9976, +0.9972, +0.9978, +0.9969, +0.9983, +0.9972, +0.9972, +0.9972, +0.9987, +0.9985, +0.9976, +0.9987, +0.9978, +0.9970, +0.9987, +0.9983, +0.9976, +0.9980, +0.9963, +0.9985, +0.9976, +0.9976, +0.9980, +0.9978, +0.9996, +0.9978, +0.9980, +0.9985, +0.9981, +0.9978, +0.9985, +0.9974, +0.9978, +0.9981, +0.9976, +0.9972, +0.9972, +0.9985, +0.9983, +0.9974, +0.9987, +0.9983, +0.9987, +0.9981, +0.9985, +0.9983, +0.9976, +0.9983, +0.9983, +0.9983, +0.9969, +0.9981, +0.9983, +0.9981, +0.9974, +0.9981, +0.9983, +0.9987, +0.9976, +0.9978, +0.9979, +0.9991, +0.9967, +0.9972, +0.9981, +0.9980, +0.9981, +0.9989, +0.9980, +0.9974, +0.9987, +0.9978, +0.9987, +0.9987, +0.9974, +0.9978, +0.9981, +0.9980, +0.9974, +0.9983, +0.9983, +0.9983, +0.9981, +0.9983, +0.9985, +0.9983, +0.9985, +0.9981, +0.9978, +0.9985, +0.9987, +0.9974, +0.9981, +0.9979, +0.9985, +0.9976, +0.9983, +0.9983, +0.9985, +0.9987, +0.9979, +0.9991, +0.9981, +0.9991, +0.9974, +0.9987, +0.9981, +0.9981, +0.9985, +0.9989, +0.9987, +0.9989, +0.9981, +0.9983, +0.9987, +0.9983, +0.9985, +0.9967, +0.9987, +0.9983, +0.9985, +0.9983, +0.9972, +0.9987, +0.9981, +0.9974, +0.9974, +0.9991, +0.9987, +0.9979, +0.9989, +0.9985, +0.9981, +0.9985, +0.9978, +0.9981, +0.9985, +0.9983, +0.9976, +0.9976, +0.9991, +0.9981, +0.9983, +0.9979, +0.9981, +0.9983, +0.9983, +0.9985, +0.9985, +0.9981, +0.9983, +0.9983, +0.9983, +0.9985, +0.9987, +0.9976, +0.9991, +0.9981, +0.9981, +0.9981, +0.9983, +0.9989, +0.9987, +0.9985, +0.9994, +0.9974, +0.9979, +0.9996, +0.9985, +0.9987, +0.9983, +0.9983, +0.9979, +0.9985, +0.9981, +0.9974, +0.9989, +0.9983, +0.9987, +0.9987, +0.9987, +0.9985, +0.9979, +0.9985]
    partner_ep_success_rate: [+0.0000, +0.0000, +0.0000, +0.0000, +0.6667, +0.5500, +0.4453, +0.1000, +0.0000, +0.0000, +0.7895, +0.7107, +0.6750, +0.9231, +0.9139, +0.8571, +0.9474, +0.8992, +0.9231, +0.9254, +0.9426, +0.9085, +0.9568, +0.9333, +0.9433, +0.9459, +0.9342, +0.9507, +0.9565, +0.9812, +0.9803, +0.9615, +0.9538, +0.9560, +0.9645, +0.9554, +0.9636, +0.9827, +1.0000, +0.9659, +0.9674, +0.9943, +0.9775, +0.9714, +0.9714, +0.9624, +0.9514, +0.9838, +0.9835, +0.9791, +0.9892, +0.9798, +0.9833, +0.9741, +0.9892, +0.9949, +0.9783, +0.9843, +0.9846, +0.9799, +0.9847, +0.9897, +0.9851, +0.9840, +0.9734, +0.9632, +0.9757, +0.9850, +0.9899, +0.9500, +0.9905, +0.9799, +0.9856, +0.9848, +0.9951, +0.9756, +0.9714, +0.9898, +0.9801, +0.9686, +0.9565, +0.9850, +0.9804, +0.9904, +0.9900, +0.9811, +0.9689, +0.9604, +0.9841, +0.9648, +1.0000, +0.9848, +0.9845, +0.9944, +0.9781, +0.9552, +0.9775, +0.9735, +0.9691, +0.9659, +0.9894, +0.9806, +0.9508, +0.9700, +0.9806, +0.9801, +0.9596, +0.9605, +0.9637, +0.9703, +0.9665, +0.9848, +0.9898, +0.9763, +0.9750, +0.9744, +0.9538, +0.9681, +0.9800, +0.9710, +0.9744, +0.9762, +0.9854, +0.9749, +0.9747, +0.9700, +0.9952, +0.9905, +0.9907, +0.9763, +0.9953, +1.0000, +0.9953, +1.0000, +0.9852, +0.9902, +0.9714, +0.9778, +0.9859, +0.9812, +0.9902, +0.9857, +0.9906, +0.9714, +0.9859, +0.9718, +0.9760, +0.9812, +0.9901, +0.9903, +0.9612, +0.9861, +0.9856, +0.9762, +0.9855, +0.9906, +0.9682, +0.9953, +0.9851, +0.9804, +0.9714, +0.9859, +0.9803, +0.9554, +0.9502, +0.9764, +0.9802, +0.9610, +0.9695, +0.9762, +0.9593, +0.9813, +0.9901, +0.9697, +0.9772, +0.9442, +0.9761, +0.9596, +0.9490, +0.9641, +0.9698, +0.9211, +0.9742, +0.9505, +0.9522, +0.9447, +0.9665, +0.9747, +0.9604, +0.9802, +0.9765, +0.9714, +0.9602, +0.9653, +0.9953, +0.9752, +0.9809, +0.9951, +0.9808, +0.9676, +0.9902, +0.8929, +0.8703, +0.9309, +0.9565, +0.9752, +0.9557, +0.9848, +0.9902, +0.9541, +0.9714, +0.9797, +0.9798, +0.9648, +0.9799, +0.9853, +0.9802, +0.9906, +0.9811, +0.9854, +0.9815, +0.9802, +0.9951, +0.9897, +0.9907, +0.9904, +0.9665, +0.9902, +0.9949, +0.9758, +0.9952, +1.0000, +1.0000, +0.9854, +0.9953, +0.9954, +0.9952, +0.9952, +0.9950, +0.9953, +0.9911, +1.0000, +0.9904, +0.9907, +0.9819, +1.0000, +1.0000, +0.9955, +0.9858, +0.9953, +0.9907, +0.9904, +0.9866, +1.0000, +0.9910, +1.0000, +0.9952, +0.9907, +0.9910, +1.0000, +1.0000, +0.9953, +0.9951, +0.9906, +0.9907, +0.9906, +0.9956, +0.9907, +0.9953, +1.0000, +0.9908, +0.9954, +0.9775, +0.9905, +0.9907, +0.9861, +0.9862, +0.9953, +0.9909, +0.9816, +0.9811, +0.9773, +0.9858, +0.9911, +0.9821, +0.9814, +0.9856, +0.9853, +0.9811, +0.9862, +0.9910, +0.9804, +0.9951, +0.9726, +0.9955, +0.9814, +0.9811, +0.9713, +0.9906, +0.9679, +0.9909, +0.9858, +0.9953, +0.9857, +0.9575, +0.9952, +0.9763, +0.9774, +0.9808, +0.9857, +0.9817, +1.0000, +0.9859, +0.9817, +1.0000, +0.9724, +0.9909, +0.9858, +0.9640, +0.9767, +0.9807, +0.9774, +0.9756, +0.9561, +0.9537, +0.9712, +0.9533, +0.9632, +0.9596, +0.9485, +0.9621, +0.9806, +0.9697, +0.9906, +0.9900, +0.9810, +0.9801, +0.9906, +0.9860, +0.9902, +0.9808, +0.9799, +0.9907, +0.9953, +0.9817, +0.9908, +0.9807, +0.9859, +0.9765, +0.9850, +0.9721, +0.9824, +0.9906, +0.9856, +0.9953, +0.9703, +0.9762, +0.9493, +0.9822, +0.9755, +0.9952, +0.9858, +0.9856, +0.9722, +0.9686, +0.9716, +0.9860, +0.9857, +0.9857, +0.9955, +0.9857, +0.9820, +1.0000, +0.9953, +0.9954, +0.9954, +0.9771, +1.0000, +0.9865, +1.0000, +1.0000, +0.9955, +1.0000, +0.9910, +0.9912, +0.9955, +0.9953, +0.9858, +0.9952, +0.9910, +0.9910, +0.9907, +1.0000, +0.9954, +0.9910, +0.9908, +1.0000, +0.9953, +0.9909, +0.9909, +0.9910, +0.9955, +1.0000, +0.9953, +0.9955, +0.9955, +1.0000, +0.9910, +0.9954, +0.9910, +1.0000, +1.0000, +0.9954, +0.9905, +0.9910, +0.9953, +0.9953, +1.0000, +0.9910, +0.9953, +0.9907, +0.9956, +1.0000, +0.9955, +0.9954, +0.9954, +0.9865, +0.9953, +0.9954, +0.9955, +0.9911, +1.0000, +0.9821, +0.9953, +0.9953, +0.9955, +0.9818, +1.0000, +1.0000, +0.9821, +1.0000, +0.9955, +0.9907, +0.9955, +1.0000, +0.9957, +0.9953, +1.0000, +0.9955, +1.0000, +1.0000, +0.9954, +0.9908, +0.9911, +0.9955, +0.9914, +1.0000, +0.9957, +1.0000, +0.9954, +0.9912, +0.9955, +1.0000, +0.9956, +0.9870, +0.9871, +1.0000, +1.0000, +1.0000, +0.9955, +0.9957, +0.9954, +0.9913, +0.9955, +1.0000, +0.9911, +0.9957, +1.0000, +0.9954, +0.9956, +0.9955, +0.9908, +0.9956, +1.0000, +0.9955, +1.0000, +1.0000, +0.9956, +1.0000, +0.9912, +1.0000, +1.0000, +0.9955, +0.9912, +0.9954, +1.0000, +0.9957, +0.9911, +0.9956, +1.0000, +1.0000, +1.0000, +1.0000, +0.9912, +0.9955, +0.9912, +1.0000, +0.9954, +0.9957, +0.9955, +1.0000, +0.9912, +0.9955, +0.9774, +0.9864, +0.9957, +0.9956, +1.0000, +1.0000, +0.9913, +0.9868, +1.0000, +1.0000, +0.9912, +0.9913, +0.9908, +0.9914, +0.9819, +0.9912, +0.9829, +0.9909, +0.9821, +0.9868, +0.9956, +0.9780, +0.9913, +0.9913, +1.0000, +0.9957, +1.0000, +1.0000, +0.9821, +0.9957, +0.9817, +1.0000, +0.9511, +0.9954, +0.9866, +0.9824, +0.9867, +1.0000, +0.9957, +1.0000, +1.0000, +1.0000, +1.0000, +0.9867, +0.9820, +0.9957, +0.9955, +0.9911, +0.9829, +1.0000, +1.0000, +0.9911, +0.9913, +1.0000, +0.9955, +0.9957, +0.9909, +0.9911, +1.0000, +0.9957, +0.9864, +0.9868, +0.9910, +0.9829, +0.9957, +1.0000, +0.9910, +0.9956, +0.9956, +1.0000, +1.0000, +0.9915, +1.0000, +0.9910, +0.9867, +0.9956, +0.9956, +1.0000, +0.9955, +0.9957, +0.9955, +1.0000, +1.0000, +1.0000, +0.9956, +0.9827, +0.9867, +0.9821, +1.0000, +0.9827, +0.9956, +0.9956, +0.9912, +0.9956, +0.9913, +1.0000, +1.0000, +1.0000, +0.9955, +0.9823, +1.0000, +0.9956, +1.0000, +0.9956, +0.9956, +0.9957, +0.9957, +1.0000, +1.0000, +0.9954, +0.9956, +0.9957, +1.0000, +0.9957, +0.9956, +0.9913, +1.0000, +0.9913, +1.0000, +0.9869, +0.9956, +1.0000, +0.9909, +0.9956, +0.9957, +0.9957, +0.9956, +0.9956, +0.9955, +0.9828, +0.9958, +1.0000, +0.9912, +0.9956, +1.0000, +0.9957, +1.0000, +0.9956, +1.0000, +0.9913, +0.9957, +0.9956, +0.9911, +0.9956, +0.9956, +1.0000, +0.9871, +0.9913, +1.0000, +1.0000, +1.0000, +1.0000, +0.9912, +0.9913, +1.0000, +1.0000, +0.9869, +0.9957, +0.9954, +0.9872, +0.9957, +1.0000, +0.9913, +0.9956, +1.0000, +1.0000, +0.9956, +1.0000, +0.9912, +0.9912, +0.9955, +1.0000, +0.9957, +1.0000, +0.9957, +0.9868, +0.9955, +0.9956, +1.0000, +0.9913, +0.9955, +0.9958, +1.0000, +0.9957, +1.0000, +0.9956, +0.9957, +1.0000, +1.0000, +0.9957, +0.9958, +1.0000, +0.9911, +1.0000, +0.9957, +0.9956, +0.9955, +1.0000, +0.9912, +0.9783, +0.9955, +0.9693, +0.9868, +0.9786, +0.9867, +0.9673, +0.9782, +0.9872, +0.9911, +0.9778, +0.9912, +0.9957, +0.9957, +0.9914, +0.9956, +0.9956, +0.9957, +0.9870, +1.0000, +0.9908, +0.9871, +0.9958, +1.0000, +0.9912, +0.9956, +0.9872, +0.9957, +1.0000, +0.9871, +1.0000, +0.9955, +0.9957, +0.9957, +1.0000, +0.9956, +0.9956, +0.9823, +0.9958, +1.0000, +0.9914, +1.0000, +0.9956, +1.0000, +0.9911, +0.9912, +0.9915, +1.0000, +0.9957, +0.9957, +0.9871, +1.0000, +1.0000, +0.9907, +0.9916, +1.0000, +1.0000, +1.0000, +1.0000, +1.0000, +0.9957, +0.9911, +0.9914, +1.0000, +0.9957, +1.0000, +1.0000, +0.9956, +1.0000, +0.9957, +1.0000, +0.9913, +0.9957, +0.9912, +1.0000, +1.0000, +1.0000, +0.9912, +0.9914, +0.9956, +1.0000, +0.9958, +1.0000, +0.9870, +0.9913, +0.9958, +0.9956, +0.9956, +1.0000, +1.0000, +0.9957, +0.9958, +1.0000, +1.0000, +1.0000, +1.0000, +1.0000, +0.9957, +1.0000, +0.9868, +1.0000, +0.9956, +0.9958, +1.0000, +0.9957, +1.0000, +1.0000, +0.9955, +0.9956, +1.0000, +1.0000, +0.9957, +1.0000, +1.0000, +0.9957, +1.0000, +0.9958, +1.0000, +1.0000, +1.0000, +1.0000, +0.9955, +0.9957, +0.9958, +0.9957, +0.9956, +0.9958, +1.0000, +1.0000, +1.0000, +1.0000, +1.0000, +1.0000, +1.0000, +0.9957, +1.0000, +0.9957, +1.0000, +0.9957, +1.0000, +1.0000, +0.9956, +0.9958, +0.9915, +0.9957, +0.9957, +1.0000, +0.9956, +0.9958, +0.9958, +1.0000, +0.9871, +1.0000, +0.9957, +0.9956, +1.0000, +1.0000, +0.9957, +1.0000, +1.0000, +0.9956, +0.9957, +0.9959, +1.0000, +1.0000, +1.0000, +0.9869, +0.9958, +0.9958, +0.9957, +0.9957, +0.9916, +1.0000, +1.0000, +0.9957, +1.0000, +0.9958, +0.9956, +1.0000, +0.9958, +1.0000, +1.0000, +0.9957, +1.0000, +1.0000, +1.0000, +1.0000, +0.9957, +1.0000, +0.9956, +0.9957, +0.9915, +1.0000, +0.9957, +0.9957, +1.0000, +0.9958, +0.9957, +0.9958, +0.9957, +1.0000, +0.9957, +0.9959]
            ep_return_mean: [+0.0000, +0.0000, +0.0000, +0.0000, -0.2611, -4.4041, -9.2314, -13.9133, +0.0000, +0.0000, -1.4951, -2.5244, -4.5439, +10.2876, +9.2882, +8.0030, +12.8072, +12.2650, +13.7139, +13.1307, +13.9133, +13.9600, +14.2011, +13.9956, +14.5192, +14.5339, +14.9149, +14.6912, +15.1880, +15.2772, +15.2671, +15.4042, +15.4370, +15.6194, +15.5035, +15.6057, +15.6565, +15.6318, +15.8854, +16.0346, +16.0236, +16.0818, +16.1017, +16.0954, +16.1100, +16.1178, +16.2692, +16.4214, +16.4043, +16.2988, +16.3749, +16.4883, +16.5249, +16.4145, +16.3983, +16.3744, +16.6097, +16.6032, +16.4973, +16.5452, +16.6943, +16.6613, +16.5785, +16.5895, +16.6539, +16.5007, +16.5244, +16.6596, +16.8346, +16.7393, +16.7331, +16.7872, +16.8052, +16.8338, +16.8100, +16.8000, +16.8344, +16.9262, +16.7317, +16.7257, +16.6688, +16.8045, +16.8047, +16.8230, +16.9457, +16.8481, +16.7867, +16.6804, +16.6965, +16.5382, +16.6826, +16.6011, +16.5640, +16.4086, +16.3861, +16.4219, +16.4001, +16.4023, +16.5515, +16.5719, +16.5535, +16.6366, +16.6002, +16.6409, +16.7675, +16.7601, +16.7025, +16.5895, +16.5221, +16.5639, +16.6948, +16.7411, +16.8115, +16.7598, +16.7537, +16.7988, +16.7010, +16.5583, +16.5947, +16.7904, +16.7793, +16.7088, +16.7101, +16.8122, +16.8239, +16.7453, +16.8480, +16.9081, +16.9106, +16.9880, +17.0141, +17.0278, +16.9738, +16.9688, +16.8773, +16.9106, +16.8787, +16.9971, +17.0200, +16.9750, +17.0113, +16.9290, +16.9684, +16.9654, +16.9238, +16.9007, +16.9848, +16.9621, +16.9003, +16.8923, +16.8715, +16.9388, +16.9893, +16.8971, +17.0000, +17.0296, +17.0219, +16.9746, +16.9606, +16.9689, +16.8487, +16.9046, +16.9581, +16.7440, +16.7932, +16.7755, +16.9226, +16.9227, +16.8414, +16.8678, +16.9471, +16.9855, +16.9844, +16.8458, +16.9023, +16.7793, +16.8531, +16.7988, +16.6735, +16.5947, +16.6410, +16.6009, +16.6807, +16.6986, +16.7301, +16.7677, +16.8582, +16.7617, +16.7084, +16.8261, +16.8264, +16.8390, +16.8912, +16.8784, +16.9209, +16.8859, +16.8525, +16.9219, +16.9009, +16.8406, +16.9428, +16.5185, +15.7486, +16.3080, +16.5079, +16.7733, +16.6274, +16.8024, +16.7385, +16.7614, +16.7783, +16.7844, +16.7761, +16.7221, +16.6945, +16.7403, +16.8415, +16.8653, +16.9689, +16.9524, +16.9107, +16.8602, +16.8777, +16.8633, +16.8979, +16.9134, +16.8677, +16.8581, +16.8422, +16.7882, +16.8469, +16.9231, +16.9145, +16.8441, +16.9100, +16.8843, +16.9702, +16.9728, +16.9801, +16.9524, +17.0397, +17.0288, +17.0882, +17.0400, +16.9916, +17.1010, +17.1007, +17.0649, +16.9974, +17.1203, +17.0554, +17.0194, +17.0646, +17.0960, +17.0446, +17.1345, +17.1240, +17.0668, +17.0389, +17.1330, +17.0289, +17.0676, +17.0541, +16.9424, +16.9519, +17.0934, +17.0631, +17.0328, +17.0800, +17.0901, +17.0818, +17.0576, +17.0605, +17.0836, +17.0646, +17.0533, +17.0501, +17.1184, +17.1130, +17.0220, +17.0706, +17.1066, +17.1340, +17.1211, +17.0960, +17.0602, +16.9921, +16.9630, +17.0239, +17.0361, +16.9744, +16.9696, +16.9937, +17.0349, +17.0896, +17.0053, +17.0534, +17.0245, +17.0170, +17.0176, +17.0084, +17.0175, +17.0574, +17.0789, +16.9028, +16.9932, +16.9481, +16.9923, +17.0213, +17.0771, +17.0275, +17.0482, +17.0948, +17.1365, +17.1257, +17.0936, +17.1051, +17.0041, +16.9688, +17.0958, +17.0907, +17.0047, +17.0300, +16.9476, +16.9347, +16.9498, +16.8439, +16.8786, +16.7762, +16.6682, +16.6891, +16.8614, +16.8468, +16.8934, +16.8620, +16.8900, +16.8318, +16.9114, +16.9616, +16.9855, +16.8570, +16.9122, +16.9439, +16.9555, +16.9733, +17.0485, +17.0189, +16.9650, +17.0517, +16.9983, +16.9168, +17.0724, +17.0771, +17.0239, +17.0352, +16.9717, +16.9226, +16.8771, +17.0431, +17.0274, +17.0059, +16.9947, +17.0051, +17.0430, +17.0400, +17.0377, +16.9929, +17.0797, +17.0375, +17.0532, +17.0505, +17.0383, +17.1178, +17.0456, +17.0655, +17.0757, +17.0486, +17.0700, +17.0880, +17.0265, +17.0519, +17.0622, +17.1071, +17.1558, +17.1702, +17.0801, +17.1417, +17.0858, +17.1170, +17.0311, +17.1337, +17.1139, +17.0385, +17.1430, +17.1845, +17.1288, +17.1304, +17.0641, +17.1048, +17.1410, +17.1239, +17.1375, +17.0968, +17.0887, +17.1139, +17.1100, +17.1670, +17.1353, +17.1318, +17.0913, +17.1437, +17.0708, +17.1175, +17.1111, +17.0298, +17.1320, +17.0580, +17.1205, +17.1671, +17.0934, +17.1321, +17.1530, +17.1702, +17.1541, +17.1182, +17.1047, +17.1332, +17.0583, +17.1113, +17.1059, +17.1481, +17.2061, +17.1332, +17.1831, +17.1104, +17.1153, +17.1347, +17.1666, +17.1499, +17.1743, +17.2192, +17.1256, +17.1376, +17.1999, +17.1894, +17.2134, +17.2000, +17.2619, +17.1490, +17.2253, +17.1864, +17.2295, +17.1900, +17.2285, +17.1900, +17.1891, +17.1920, +17.1800, +17.2399, +17.2467, +17.2243, +17.2475, +17.2654, +17.2196, +17.2589, +17.2100, +17.2434, +17.2722, +17.2704, +17.2225, +17.2322, +17.2586, +17.2441, +17.2120, +17.2779, +17.2052, +17.2348, +17.2448, +17.1545, +17.2119, +17.2278, +17.1907, +17.2450, +17.2370, +17.2103, +17.2664, +17.2349, +17.2580, +17.2761, +17.2807, +17.2658, +17.2289, +17.2351, +17.1642, +17.2492, +17.2472, +17.2792, +17.2561, +17.2334, +17.2958, +17.2686, +17.2865, +17.2866, +17.2634, +17.2535, +17.2654, +17.2391, +17.2583, +17.2320, +17.2580, +17.2391, +17.2423, +17.2404, +17.1992, +17.2429, +17.2476, +17.2317, +17.2580, +17.2838, +17.2741, +17.2708, +17.3009, +17.2800, +17.2867, +17.2248, +17.2555, +17.1782, +17.2404, +17.2383, +17.2502, +17.2361, +17.2570, +17.2601, +17.2914, +17.1978, +17.2579, +17.2679, +17.2901, +17.2558, +17.2769, +17.2368, +17.2234, +17.2145, +17.2300, +17.2180, +17.1239, +17.2275, +17.1862, +17.2697, +17.2759, +17.2803, +17.2754, +17.2867, +17.3070, +17.2789, +17.2441, +17.2598, +17.2370, +17.2489, +17.2470, +17.2580, +17.2198, +17.2892, +17.2646, +17.2334, +17.2897, +17.3224, +17.3233, +17.2578, +17.2936, +17.2684, +17.2795, +17.2742, +17.2155, +17.2428, +17.2125, +17.2636, +17.2631, +17.2749, +17.2369, +17.2535, +17.2601, +17.2567, +17.2793, +17.2223, +17.2423, +17.2325, +17.2299, +17.2206, +17.2446, +17.2928, +17.2474, +17.2663, +17.2753, +17.2585, +17.2846, +17.2899, +17.2907, +17.2169, +17.2465, +17.2683, +17.2415, +17.2841, +17.2857, +17.2925, +17.2907, +17.2952, +17.2871, +17.2348, +17.2698, +17.2778, +17.2674, +17.2115, +17.2228, +17.3248, +17.2710, +17.2913, +17.2752, +17.2926, +17.2453, +17.2812, +17.2774, +17.2450, +17.2537, +17.2381, +17.2855, +17.2749, +17.2642, +17.3268, +17.2671, +17.2920, +17.3020, +17.2489, +17.2855, +17.2654, +17.2233, +17.2370, +17.2653, +17.2806, +17.2853, +17.2810, +17.2883, +17.1983, +17.2765, +17.3195, +17.2909, +17.2785, +17.3012, +17.2880, +17.2671, +17.3062, +17.2914, +17.2545, +17.2677, +17.3045, +17.2956, +17.2478, +17.2945, +17.2800, +17.2755, +17.2645, +17.2985, +17.3334, +17.2926, +17.3120, +17.2986, +17.2815, +17.3282, +17.3117, +17.2446, +17.2791, +17.2804, +17.2676, +17.3077, +17.3144, +17.2924, +17.2641, +17.3030, +17.2972, +17.2921, +17.2953, +17.2616, +17.2482, +17.2598, +17.2915, +17.2979, +17.3048, +17.2797, +17.2467, +17.3047, +17.2364, +17.2900, +17.2970, +17.2965, +17.3164, +17.2874, +17.2871, +17.3119, +17.2633, +17.2657, +17.3012, +17.2921, +17.3028, +17.3419, +17.3265, +17.3037, +17.2933, +17.2828, +17.3174, +17.3033, +17.2729, +17.2651, +17.1973, +17.2778, +17.1987, +17.2654, +17.2062, +17.2760, +17.1832, +17.1663, +17.2728, +17.3119, +17.2622, +17.2831, +17.2696, +17.3070, +17.2982, +17.3211, +17.2606, +17.3089, +17.2600, +17.3251, +17.3100, +17.2591, +17.3194, +17.2905, +17.2912, +17.2629, +17.2920, +17.2956, +17.3642, +17.3131, +17.3365, +17.3370, +17.2923, +17.2987, +17.3361, +17.3352, +17.3018, +17.3036, +17.2584, +17.3318, +17.3280, +17.2991, +17.3214, +17.3175, +17.3288, +17.3057, +17.3051, +17.3502, +17.3135, +17.3093, +17.2987, +17.3278, +17.3137, +17.2894, +17.3011, +17.3011, +17.3204, +17.3150, +17.3481, +17.2917, +17.3288, +17.3466, +17.3311, +17.3467, +17.3220, +17.3250, +17.3394, +17.3297, +17.3397, +17.3214, +17.3178, +17.2917, +17.3206, +17.3251, +17.3269, +17.3448, +17.3363, +17.3300, +17.3312, +17.2916, +17.3449, +17.3379, +17.3009, +17.2670, +17.3236, +17.3344, +17.3517, +17.3314, +17.3504, +17.2979, +17.3208, +17.3515, +17.3695, +17.3533, +17.3171, +17.2909, +17.3338, +17.2907, +17.3335, +17.3402, +17.3497, +17.3300, +17.3233, +17.3718, +17.3517, +17.3376, +17.3536, +17.3483, +17.3214, +17.3615, +17.3327, +17.3098, +17.3467, +17.3524, +17.3248, +17.3422, +17.3342, +17.3519, +17.3603, +17.3547, +17.3484, +17.3589, +17.3544, +17.3593, +17.3091, +17.3606, +17.3368, +17.3673, +17.3403, +17.3848, +17.3568, +17.3694, +17.3523, +17.3698, +17.3546, +17.3337, +17.3344, +17.3499, +17.3444, +17.3533, +17.3639, +17.3526, +17.3357, +17.3375, +17.3458, +17.3430, +17.3413, +17.3581, +17.3757, +17.3591, +17.3956, +17.3294, +17.3714, +17.3653, +17.3173, +17.3731, +17.3429, +17.3497, +17.3527, +17.3404, +17.3811, +17.3406, +17.3556, +17.3590, +17.3580, +17.3421, +17.3338, +17.3659, +17.3575, +17.3649, +17.3794, +17.3450, +17.3817, +17.3465, +17.3813, +17.3412, +17.3678, +17.3736, +17.3571, +17.3398, +17.3748, +17.3802, +17.3779, +17.3730, +17.3842, +17.3276, +17.3814, +17.3797, +17.3583, +17.3788, +17.3441, +17.3700, +17.3486, +17.3473, +17.3413, +17.3460, +17.3933, +17.3729, +17.3547, +17.3790, +17.3921, +17.3431, +17.3661]
            ep_length_mean: [+0.0000, +0.0000, +0.0000, +0.0000, +1238.1111, +1443.3300, +1638.9708, +1825.6000, +0.0000, +0.0000, +1311.8948, +1369.7861, +1459.3251, +769.8077, +814.2583, +871.0000, +588.6579, +608.7209, +517.3932, +542.6119, +502.0000, +497.3873, +485.0791, +491.0074, +464.9291, +464.2365, +444.7829, +456.9859, +423.4037, +419.6750, +420.1908, +416.1218, +409.1503, +399.6100, +403.3077, +399.5924, +396.8061, +397.2659, +384.5177, +374.6421, +373.1685, +371.0682, +368.3989, +369.4800, +368.0172, +367.4893, +357.0378, +349.4649, +349.5934, +355.2094, +352.6344, +347.1869, +343.3722, +348.1969, +350.3011, +350.4192, +337.0652, +336.4084, +341.7795, +338.5779, +331.4949, +332.6308, +338.1485, +337.9415, +335.7979, +342.2790, +341.5728, +331.8150, +321.7374, +324.8500, +326.4857, +323.0000, +323.9327, +321.3081, +322.5764, +323.2390, +322.1238, +317.1167, +327.2289, +329.9738, +333.1111, +323.3850, +324.1765, +322.1587, +313.3000, +317.0802, +324.0570, +331.4554, +330.5714, +340.2914, +333.6632, +336.8173, +340.6907, +352.3164, +351.5792, +347.6567, +351.0506, +350.9048, +342.4536, +340.1414, +338.4550, +333.7816, +334.0382, +331.6600, +324.6165, +325.3930, +331.8889, +337.0791, +343.7151, +339.6039, +329.2536, +325.4849, +320.2908, +326.7867, +326.4400, +323.0205, +333.3231, +342.1330, +338.8100, +324.3672, +324.4564, +328.4381, +325.9417, +320.5025, +320.2576, +325.2600, +318.8381, +314.3507, +314.9074, +309.2275, +307.5735, +308.6808, +310.2864, +309.7109, +314.3498, +312.5931, +313.8524, +308.6133, +307.0939, +309.6902, +306.9804, +311.7095, +308.9296, +309.9905, +312.4460, +313.7981, +309.3798, +310.0329, +315.9604, +316.6135, +315.6796, +313.0232, +311.4019, +313.4524, +310.2367, +307.5047, +306.3273, +309.7897, +312.4307, +311.7206, +318.2905, +313.8873, +313.2414, +325.0941, +323.0895, +325.2924, +315.7376, +315.9024, +319.9594, +319.7476, +311.5747, +309.6495, +311.5544, +319.0909, +315.4703, +325.1421, +318.2536, +321.2424, +329.4541, +337.2154, +333.0603, +335.4474, +335.7887, +329.6337, +325.7177, +321.9045, +320.6460, +324.9495, +327.6535, +322.8861, +319.3333, +317.8191, +317.3084, +316.1535, +314.5660, +315.4010, +320.7321, +313.4510, +317.2789, +318.6296, +312.3431, +335.0833, +375.7946, +346.2181, +335.5362, +322.6634, +330.3842, +322.3249, +327.9171, +325.8163, +325.8095, +323.6091, +324.5353, +328.4975, +330.7538, +327.1520, +320.8465, +318.7700, +312.6227, +312.9903, +315.8287, +317.9703, +316.8029, +319.6821, +315.6418, +316.0909, +318.7273, +317.8481, +318.3401, +321.6570, +319.7693, +313.8727, +316.4875, +317.8488, +315.6509, +315.8165, +310.3510, +313.0000, +310.9901, +312.0698, +305.2533, +306.0524, +303.9283, +306.0888, +306.6697, +302.2370, +303.5540, +303.4045, +306.8484, +300.8160, +304.1713, +305.9713, +304.0625, +301.1735, +304.1086, +300.8057, +300.7981, +303.9630, +305.1403, +300.7511, +307.1916, +305.6526, +305.1330, +312.4789, +311.2408, +303.0283, +306.0533, +306.8982, +303.3839, +303.7715, +302.9770, +304.0913, +303.4775, +302.9762, +303.1953, +304.3796, +303.8670, +301.0470, +300.8539, +306.1567, +304.3632, +300.6091, +299.4481, +298.9111, +301.3408, +305.0511, +307.6731, +310.8186, +305.6934, +307.1147, +309.8700, +310.6569, +307.8195, +305.8996, +302.8469, +306.3163, +305.1321, +307.3972, +308.3380, +305.7293, +306.3000, +307.2370, +304.3907, +303.9286, +312.5660, +309.4541, +311.3033, +307.5158, +304.2740, +302.1857, +304.3288, +303.4181, +301.5070, +297.5413, +298.4977, +300.3917, +301.1872, +306.7217, +308.0991, +302.9023, +301.6570, +307.6425, +306.1561, +312.9171, +312.5000, +311.4231, +319.0888, +318.8474, +327.0757, +331.8248, +335.2844, +319.1505, +320.0151, +317.7878, +319.7263, +317.0429, +320.2338, +315.9953, +312.5047, +311.0441, +319.7260, +315.5779, +315.2196, +311.1690, +310.6147, +305.8387, +307.3672, +310.6949, +305.8122, +308.0450, +312.8093, +304.2996, +303.7123, +306.0096, +306.6140, +309.8218, +313.7857, +315.5254, +306.7067, +306.8578, +307.8619, +308.1415, +307.8900, +306.3472, +304.6772, +306.6493, +308.0233, +303.8524, +305.6667, +304.7085, +305.3238, +304.7928, +301.5728, +304.4811, +303.7110, +303.1605, +306.3348, +304.3381, +302.5496, +306.2810, +306.1053, +305.0500, +301.2664, +298.9550, +297.2149, +302.0224, +298.7089, +303.2749, +301.0479, +305.1076, +298.3982, +301.1204, +304.9724, +299.6986, +295.6592, +299.2028, +298.2760, +302.3116, +299.4136, +298.0955, +298.9640, +297.9864, +301.8177, +302.5071, +300.8000, +300.7693, +297.8655, +297.7783, +299.4384, +301.2715, +298.8269, +302.4073, +299.9406, +299.2667, +303.8789, +298.2582, +304.3349, +300.8238, +296.4595, +300.6019, +299.3009, +298.4669, +297.5135, +297.2760, +299.7592, +301.6895, +298.4865, +302.3099, +300.4445, +299.7636, +298.8750, +294.3318, +299.0089, +296.4953, +299.0884, +300.6923, +299.1773, +297.3937, +296.9244, +295.3229, +294.3716, +299.2082, +297.3116, +295.4753, +295.2478, +293.4310, +294.2736, +290.2301, +296.9821, +293.0909, +294.4682, +291.9263, +294.0413, +292.1830, +293.7768, +292.8541, +293.9367, +294.1299, +291.5200, +290.2028, +291.3596, +290.1909, +289.4018, +292.2213, +290.1522, +292.0258, +290.6091, +288.8261, +289.2523, +291.4375, +292.4181, +289.9633, +290.3420, +292.9375, +289.0045, +293.6356, +290.4464, +290.9412, +295.2752, +293.0220, +292.2072, +293.9725, +291.0658, +291.8230, +293.4796, +289.4851, +291.6507, +290.1555, +289.1982, +288.3816, +289.3032, +291.3465, +291.0000, +295.1623, +289.5434, +290.8826, +288.5757, +289.4286, +290.9214, +287.2343, +289.0759, +287.3436, +287.0425, +288.7851, +289.5955, +288.5639, +291.2565, +289.0688, +290.7830, +288.7104, +289.1502, +290.8947, +290.0982, +292.7602, +289.2818, +290.4872, +290.1239, +289.2996, +288.0354, +288.6157, +288.9075, +286.3799, +287.9193, +287.7522, +291.3940, +289.3486, +293.9442, +289.1041, +291.2522, +290.2308, +290.3882, +289.3393, +289.0881, +287.7156, +292.6476, +289.3493, +288.7904, +288.7220, +289.1478, +288.1946, +291.4229, +291.7946, +292.0129, +291.9037, +292.7624, +297.7289, +291.2512, +294.6116, +288.5771, +288.3644, +287.9956, +288.0609, +286.9871, +286.6609, +288.4843, +290.1306, +289.5487, +291.7433, +290.7316, +290.2928, +289.2366, +291.1111, +287.0531, +288.6195, +290.3689, +286.6537, +285.5940, +284.9507, +289.0172, +287.4110, +288.2178, +287.6897, +288.6364, +292.0227, +289.4846, +291.9507, +288.8846, +288.4416, +287.9731, +290.3919, +289.2876, +289.0664, +289.4115, +288.3745, +291.2863, +290.5151, +290.8055, +291.6222, +291.2939, +289.7763, +287.5625, +289.7500, +288.1379, +287.9144, +288.4871, +287.1266, +286.6130, +287.3495, +290.0000, +289.5398, +288.2098, +289.1156, +286.3420, +287.4229, +286.3114, +286.9386, +286.4713, +286.8913, +289.5751, +287.4060, +287.7665, +287.7455, +291.2478, +290.9193, +284.4236, +287.5833, +286.3778, +287.6053, +286.8369, +289.8547, +287.2649, +287.4698, +288.9816, +288.8684, +289.6508, +287.8393, +287.2597, +288.2795, +285.1092, +287.5974, +286.4087, +286.2213, +288.9345, +286.5983, +288.4709, +290.7818, +289.1460, +288.7137, +287.1255, +286.9733, +287.0219, +286.6368, +291.8965, +287.2321, +285.2986, +286.0351, +287.7004, +286.2800, +286.3810, +287.1688, +284.9695, +286.3894, +287.4935, +287.6425, +285.9734, +285.4978, +288.6026, +286.5808, +287.0312, +287.6595, +287.3956, +285.3777, +283.9644, +285.8458, +284.5169, +285.2588, +286.5739, +284.6000, +284.7489, +288.9170, +287.2565, +286.8813, +287.1923, +285.3219, +284.5507, +285.9217, +287.3568, +285.3247, +285.4632, +286.3755, +285.1913, +287.5797, +288.0529, +287.1584, +286.5489, +285.3940, +285.1429, +286.7749, +289.1272, +285.4485, +289.6505, +286.5266, +285.9264, +285.8117, +284.5232, +286.8831, +286.5000, +284.7787, +288.3755, +287.3605, +285.3822, +285.3956, +285.7609, +283.2415, +283.8528, +285.5867, +285.8750, +286.4957, +285.1703, +284.6861, +287.4589, +287.2301, +290.6043, +287.1682, +291.2675, +287.6740, +291.6026, +287.4578, +292.7056, +292.7773, +287.5385, +284.7455, +287.9422, +286.3436, +287.3217, +285.3948, +285.4077, +284.7895, +287.2939, +284.7543, +286.9695, +283.4956, +284.8211, +287.5880, +284.2076, +286.1130, +285.5374, +287.5044, +285.6197, +285.2112, +281.3524, +284.3476, +283.3740, +283.5740, +285.1787, +284.8522, +282.9228, +282.9026, +285.3245, +284.7168, +287.7595, +283.3941, +283.7296, +284.8578, +284.3070, +284.2632, +283.9733, +285.4071, +285.6213, +282.3621, +284.7242, +284.6926, +285.3405, +284.0969, +284.3671, +285.4139, +285.2385, +285.2025, +283.5110, +284.5435, +282.5628, +285.1681, +283.1775, +283.0848, +282.9828, +282.7013, +283.8478, +283.6582, +282.5776, +283.0568, +282.5388, +283.5193, +283.8398, +285.0961, +284.4678, +283.4802, +282.9174, +282.4279, +283.0248, +283.4474, +282.9742, +285.0789, +281.9913, +283.2311, +284.5921, +285.8304, +284.1092, +283.1597, +281.7380, +283.7445, +281.8509, +284.8634, +284.0299, +281.4237, +281.3133, +281.5658, +283.9872, +284.7879, +283.5391, +285.3404, +282.2684, +281.9912, +282.8166, +283.0088, +283.4542, +280.2265, +282.2393, +282.2500, +280.8672, +281.5625, +283.4498, +281.3167, +282.7739, +283.7706, +281.8268, +281.2992, +282.7468, +282.2325, +282.7384, +281.6916, +280.9048, +281.4742, +282.2510, +280.9509, +281.9745, +281.0720, +283.8578, +281.2807, +282.4768, +280.6348, +282.5858, +279.3729, +281.3333, +280.3122, +281.2684, +280.4340, +281.4871, +282.7393, +282.2232, +280.7064, +281.6524, +281.6309, +280.5855, +281.1718, +281.7605, +281.4957, +281.9485, +281.3000, +281.5513, +280.6447, +280.2996, +280.6653, +278.7039, +282.2715, +280.2924, +280.4487, +282.9695, +279.6766, +281.8026, +281.1453, +280.8771, +281.6035, +279.6754, +282.4526, +280.2490, +280.6017, +280.6970, +282.3133, +282.2052, +279.9831, +280.8263, +280.4416, +279.4329, +281.6723, +279.2426, +281.4420, +278.8052, +282.0380, +280.2161, +279.5502, +280.4060, +281.8042, +279.9492, +279.3275, +279.6094, +280.0819, +279.3965, +282.2075, +278.8240, +279.4359, +281.1574, +279.8805, +281.2532, +280.4170, +280.8517, +281.4000, +281.4739, +281.0979, +278.9578, +279.6494, +281.1584, +279.9048, +279.0556, +281.3160, +280.4523]
               reward_mean: [-0.0049, -0.0049, -0.0049, -0.0045, -0.0042, -0.0042, -0.0043, -0.0046, -0.0035, -0.0018, +0.0014, +0.0033, +0.0084, +0.0126, +0.0162, +0.0187, +0.0227, +0.0250, +0.0269, +0.0271, +0.0275, +0.0290, +0.0293, +0.0298, +0.0320, +0.0338, +0.0329, +0.0354, +0.0358, +0.0363, +0.0375, +0.0365, +0.0393, +0.0392, +0.0394, +0.0381, +0.0393, +0.0410, +0.0429, +0.0433, +0.0424, +0.0445, +0.0443, +0.0431, +0.0436, +0.0444, +0.0472, +0.0468, +0.0465, +0.0460, +0.0473, +0.0478, +0.0475, +0.0476, +0.0463, +0.0482, +0.0493, +0.0485, +0.0488, +0.0495, +0.0512, +0.0487, +0.0493, +0.0495, +0.0490, +0.0487, +0.0484, +0.0517, +0.0528, +0.0502, +0.0525, +0.0517, +0.0523, +0.0520, +0.0527, +0.0526, +0.0522, +0.0531, +0.0511, +0.0498, +0.0509, +0.0515, +0.0523, +0.0523, +0.0535, +0.0536, +0.0500, +0.0501, +0.0501, +0.0487, +0.0499, +0.0493, +0.0480, +0.0458, +0.0490, +0.0456, +0.0467, +0.0479, +0.0480, +0.0485, +0.0493, +0.0502, +0.0498, +0.0508, +0.0519, +0.0512, +0.0495, +0.0486, +0.0482, +0.0496, +0.0513, +0.0512, +0.0538, +0.0505, +0.0512, +0.0521, +0.0495, +0.0481, +0.0506, +0.0517, +0.0508, +0.0516, +0.0513, +0.0527, +0.0518, +0.0522, +0.0530, +0.0539, +0.0542, +0.0544, +0.0560, +0.0546, +0.0548, +0.0543, +0.0534, +0.0550, +0.0544, +0.0555, +0.0545, +0.0555, +0.0545, +0.0545, +0.0550, +0.0540, +0.0546, +0.0544, +0.0548, +0.0537, +0.0537, +0.0541, +0.0534, +0.0547, +0.0537, +0.0551, +0.0545, +0.0562, +0.0541, +0.0554, +0.0551, +0.0522, +0.0540, +0.0542, +0.0528, +0.0522, +0.0511, +0.0535, +0.0524, +0.0531, +0.0531, +0.0532, +0.0545, +0.0552, +0.0530, +0.0529, +0.0544, +0.0515, +0.0526, +0.0520, +0.0501, +0.0495, +0.0503, +0.0485, +0.0506, +0.0507, +0.0515, +0.0524, +0.0518, +0.0512, +0.0525, +0.0515, +0.0528, +0.0530, +0.0536, +0.0533, +0.0543, +0.0522, +0.0535, +0.0540, +0.0526, +0.0541, +0.0538, +0.0446, +0.0434, +0.0476, +0.0510, +0.0506, +0.0509, +0.0515, +0.0508, +0.0520, +0.0516, +0.0511, +0.0528, +0.0495, +0.0513, +0.0518, +0.0524, +0.0531, +0.0553, +0.0528, +0.0534, +0.0533, +0.0535, +0.0527, +0.0544, +0.0524, +0.0527, +0.0520, +0.0539, +0.0518, +0.0530, +0.0540, +0.0524, +0.0531, +0.0537, +0.0542, +0.0540, +0.0538, +0.0547, +0.0557, +0.0551, +0.0568, +0.0555, +0.0563, +0.0561, +0.0562, +0.0563, +0.0560, +0.0564, +0.0566, +0.0557, +0.0563, +0.0559, +0.0564, +0.0569, +0.0570, +0.0561, +0.0563, +0.0559, +0.0564, +0.0566, +0.0554, +0.0545, +0.0547, +0.0560, +0.0565, +0.0551, +0.0559, +0.0561, +0.0562, +0.0570, +0.0564, +0.0554, +0.0567, +0.0561, +0.0565, +0.0558, +0.0568, +0.0568, +0.0563, +0.0561, +0.0579, +0.0563, +0.0574, +0.0566, +0.0547, +0.0553, +0.0555, +0.0561, +0.0552, +0.0550, +0.0536, +0.0557, +0.0561, +0.0564, +0.0553, +0.0555, +0.0557, +0.0551, +0.0551, +0.0558, +0.0553, +0.0565, +0.0561, +0.0535, +0.0546, +0.0544, +0.0549, +0.0569, +0.0556, +0.0560, +0.0569, +0.0570, +0.0571, +0.0580, +0.0569, +0.0562, +0.0549, +0.0561, +0.0558, +0.0560, +0.0561, +0.0549, +0.0538, +0.0542, +0.0544, +0.0529, +0.0519, +0.0512, +0.0494, +0.0517, +0.0524, +0.0517, +0.0531, +0.0530, +0.0530, +0.0529, +0.0542, +0.0540, +0.0536, +0.0533, +0.0538, +0.0532, +0.0556, +0.0557, +0.0557, +0.0545, +0.0553, +0.0556, +0.0548, +0.0552, +0.0559, +0.0561, +0.0561, +0.0557, +0.0539, +0.0542, +0.0537, +0.0555, +0.0551, +0.0555, +0.0558, +0.0552, +0.0556, +0.0560, +0.0549, +0.0557, +0.0562, +0.0555, +0.0563, +0.0559, +0.0553, +0.0560, +0.0569, +0.0559, +0.0563, +0.0559, +0.0560, +0.0555, +0.0555, +0.0561, +0.0570, +0.0568, +0.0575, +0.0572, +0.0568, +0.0574, +0.0561, +0.0561, +0.0570, +0.0572, +0.0564, +0.0568, +0.0570, +0.0580, +0.0571, +0.0574, +0.0567, +0.0573, +0.0571, +0.0575, +0.0568, +0.0564, +0.0572, +0.0562, +0.0576, +0.0576, +0.0572, +0.0573, +0.0562, +0.0571, +0.0571, +0.0569, +0.0571, +0.0566, +0.0569, +0.0567, +0.0572, +0.0572, +0.0573, +0.0575, +0.0577, +0.0573, +0.0579, +0.0569, +0.0570, +0.0566, +0.0574, +0.0564, +0.0579, +0.0576, +0.0577, +0.0577, +0.0565, +0.0583, +0.0570, +0.0571, +0.0580, +0.0581, +0.0583, +0.0575, +0.0575, +0.0581, +0.0584, +0.0584, +0.0585, +0.0587, +0.0588, +0.0581, +0.0585, +0.0590, +0.0583, +0.0590, +0.0585, +0.0592, +0.0584, +0.0578, +0.0596, +0.0594, +0.0589, +0.0596, +0.0594, +0.0595, +0.0594, +0.0592, +0.0588, +0.0595, +0.0598, +0.0595, +0.0594, +0.0588, +0.0594, +0.0591, +0.0589, +0.0591, +0.0596, +0.0589, +0.0585, +0.0587, +0.0591, +0.0585, +0.0592, +0.0585, +0.0593, +0.0590, +0.0592, +0.0597, +0.0596, +0.0599, +0.0598, +0.0592, +0.0590, +0.0590, +0.0589, +0.0591, +0.0601, +0.0598, +0.0595, +0.0595, +0.0601, +0.0598, +0.0603, +0.0601, +0.0595, +0.0598, +0.0594, +0.0594, +0.0595, +0.0599, +0.0596, +0.0590, +0.0597, +0.0591, +0.0588, +0.0592, +0.0597, +0.0594, +0.0597, +0.0599, +0.0605, +0.0602, +0.0600, +0.0601, +0.0600, +0.0588, +0.0586, +0.0588, +0.0594, +0.0600, +0.0593, +0.0596, +0.0595, +0.0599, +0.0601, +0.0589, +0.0596, +0.0596, +0.0595, +0.0602, +0.0594, +0.0593, +0.0592, +0.0589, +0.0588, +0.0587, +0.0575, +0.0590, +0.0594, +0.0598, +0.0599, +0.0601, +0.0599, +0.0605, +0.0601, +0.0596, +0.0596, +0.0597, +0.0589, +0.0592, +0.0599, +0.0593, +0.0596, +0.0595, +0.0601, +0.0602, +0.0601, +0.0607, +0.0606, +0.0600, +0.0600, +0.0599, +0.0598, +0.0598, +0.0591, +0.0593, +0.0595, +0.0594, +0.0600, +0.0595, +0.0595, +0.0598, +0.0596, +0.0596, +0.0599, +0.0590, +0.0593, +0.0592, +0.0586, +0.0597, +0.0597, +0.0601, +0.0595, +0.0604, +0.0593, +0.0606, +0.0601, +0.0598, +0.0600, +0.0599, +0.0598, +0.0594, +0.0602, +0.0601, +0.0608, +0.0602, +0.0598, +0.0604, +0.0599, +0.0597, +0.0599, +0.0604, +0.0598, +0.0590, +0.0603, +0.0598, +0.0608, +0.0603, +0.0599, +0.0600, +0.0597, +0.0600, +0.0602, +0.0600, +0.0594, +0.0595, +0.0600, +0.0602, +0.0604, +0.0597, +0.0611, +0.0603, +0.0594, +0.0606, +0.0600, +0.0597, +0.0591, +0.0601, +0.0597, +0.0606, +0.0600, +0.0598, +0.0594, +0.0604, +0.0600, +0.0607, +0.0601, +0.0604, +0.0601, +0.0604, +0.0606, +0.0598, +0.0607, +0.0603, +0.0599, +0.0608, +0.0601, +0.0600, +0.0598, +0.0605, +0.0601, +0.0608, +0.0608, +0.0605, +0.0607, +0.0608, +0.0604, +0.0606, +0.0614, +0.0594, +0.0602, +0.0603, +0.0604, +0.0604, +0.0607, +0.0608, +0.0601, +0.0604, +0.0609, +0.0601, +0.0604, +0.0608, +0.0596, +0.0601, +0.0599, +0.0606, +0.0609, +0.0601, +0.0605, +0.0600, +0.0598, +0.0596, +0.0609, +0.0603, +0.0606, +0.0610, +0.0599, +0.0605, +0.0603, +0.0600, +0.0599, +0.0611, +0.0610, +0.0604, +0.0616, +0.0603, +0.0601, +0.0612, +0.0605, +0.0604, +0.0599, +0.0607, +0.0597, +0.0598, +0.0599, +0.0592, +0.0599, +0.0596, +0.0588, +0.0585, +0.0599, +0.0600, +0.0608, +0.0598, +0.0601, +0.0606, +0.0606, +0.0602, +0.0605, +0.0607, +0.0603, +0.0609, +0.0605, +0.0603, +0.0609, +0.0602, +0.0610, +0.0602, +0.0603, +0.0610, +0.0609, +0.0613, +0.0609, +0.0614, +0.0608, +0.0606, +0.0613, +0.0611, +0.0609, +0.0607, +0.0602, +0.0608, +0.0610, +0.0608, +0.0609, +0.0607, +0.0613, +0.0608, +0.0607, +0.0609, +0.0611, +0.0611, +0.0608, +0.0604, +0.0605, +0.0614, +0.0605, +0.0603, +0.0607, +0.0612, +0.0613, +0.0605, +0.0614, +0.0616, +0.0610, +0.0612, +0.0612, +0.0613, +0.0610, +0.0613, +0.0614, +0.0615, +0.0604, +0.0610, +0.0605, +0.0614, +0.0608, +0.0614, +0.0615, +0.0619, +0.0605, +0.0608, +0.0615, +0.0613, +0.0605, +0.0606, +0.0612, +0.0608, +0.0614, +0.0617, +0.0608, +0.0612, +0.0613, +0.0614, +0.0618, +0.0611, +0.0609, +0.0610, +0.0613, +0.0608, +0.0614, +0.0614, +0.0614, +0.0612, +0.0612, +0.0615, +0.0616, +0.0616, +0.0617, +0.0614, +0.0612, +0.0619, +0.0612, +0.0612, +0.0613, +0.0616, +0.0616, +0.0612, +0.0615, +0.0618, +0.0615, +0.0616, +0.0619, +0.0614, +0.0615, +0.0622, +0.0606, +0.0618, +0.0615, +0.0615, +0.0616, +0.0619, +0.0616, +0.0622, +0.0615, +0.0618, +0.0618, +0.0617, +0.0617, +0.0608, +0.0621, +0.0615, +0.0619, +0.0616, +0.0616, +0.0618, +0.0615, +0.0615, +0.0616, +0.0620, +0.0621, +0.0619, +0.0619, +0.0620, +0.0616, +0.0622, +0.0613, +0.0615, +0.0622, +0.0613, +0.0616, +0.0618, +0.0624, +0.0611, +0.0622, +0.0616, +0.0613, +0.0615, +0.0621, +0.0619, +0.0617, +0.0620, +0.0617, +0.0618, +0.0619, +0.0622, +0.0616, +0.0619, +0.0624, +0.0616, +0.0619, +0.0617, +0.0620, +0.0622, +0.0624, +0.0620, +0.0622, +0.0615, +0.0616, +0.0626, +0.0622, +0.0617, +0.0617, +0.0621, +0.0618, +0.0618, +0.0615, +0.0615, +0.0625, +0.0614, +0.0626, +0.0619, +0.0620, +0.0622, +0.0617, +0.0618]
                actor_loss: [-0.0001, -0.0005, -0.0005, -0.0005, -0.0007, -0.0019, -0.0008, -0.0011, -0.0036, -0.0089, -0.0081, -0.0090, -0.0115, -0.0111, -0.0092, -0.0078, -0.0059, -0.0054, -0.0044, -0.0054, -0.0041, -0.0052, -0.0049, -0.0047, -0.0042, -0.0044, -0.0044, -0.0043, -0.0030, -0.0038, -0.0039, -0.0038, -0.0040, -0.0039, -0.0046, -0.0031, -0.0055, -0.0040, -0.0056, -0.0047, -0.0033, -0.0044, -0.0028, -0.0048, -0.0027, -0.0051, -0.0038, -0.0028, -0.0029, -0.0043, -0.0031, -0.0047, -0.0042, -0.0051, -0.0056, -0.0050, -0.0031, -0.0047, -0.0059, -0.0048, -0.0046, -0.0070, -0.0057, -0.0072, -0.0059, -0.0055, -0.0054, -0.0055, -0.0062, -0.0063, -0.0053, -0.0055, -0.0039, -0.0048, -0.0065, -0.0067, -0.0060, -0.0056, -0.0041, -0.0057, -0.0028, -0.0062, -0.0025, -0.0032, -0.0008, -0.0011, -0.0070, -0.0064, -0.0045, -0.0033, -0.0035, -0.0036, -0.0065, -0.0073, -0.0071, -0.0053, -0.0066, -0.0063, -0.0055, -0.0038, -0.0055, -0.0066, -0.0070, -0.0069, -0.0062, -0.0074, -0.0048, -0.0079, -0.0069, -0.0069, -0.0080, -0.0076, -0.0078, -0.0080, -0.0078, -0.0083, -0.0059, -0.0063, -0.0076, -0.0066, -0.0068, -0.0072, -0.0045, -0.0067, -0.0064, -0.0071, -0.0089, -0.0080, -0.0090, -0.0088, -0.0090, -0.0075, -0.0073, -0.0078, -0.0084, -0.0082, -0.0078, -0.0081, -0.0055, -0.0071, -0.0091, -0.0097, -0.0092, -0.0084, -0.0110, -0.0106, -0.0085, -0.0082, -0.0092, -0.0101, -0.0081, -0.0090, -0.0093, -0.0073, -0.0060, -0.0077, -0.0081, -0.0078, -0.0083, -0.0036, -0.0065, -0.0083, -0.0067, -0.0085, -0.0069, -0.0072, -0.0074, -0.0059, -0.0091, -0.0036, -0.0079, -0.0078, -0.0070, -0.0084, -0.0084, -0.0089, -0.0084, -0.0075, -0.0060, -0.0072, -0.0066, -0.0053, -0.0084, -0.0066, -0.0047, -0.0062, -0.0062, -0.0054, -0.0074, -0.0057, -0.0078, -0.0078, -0.0065, -0.0048, -0.0057, -0.0055, -0.0065, -0.0068, -0.0066, -0.0061, -0.0081, -0.0080, -0.0077, -0.0081, -0.0071, -0.0079, -0.0080, -0.0077, -0.0078, -0.0062, -0.0086, -0.0097, -0.0082, -0.0081, -0.0072, -0.0091, -0.0080, -0.0091, -0.0071, -0.0096, -0.0090, -0.0096, -0.0088, -0.0073, -0.0081, -0.0094, -0.0102, -0.0095, -0.0093, -0.0109, -0.0130, -0.0137, -0.0119, -0.0096, -0.0125, -0.0131, -0.0096, -0.0122, -0.0115, -0.0108, -0.0121, -0.0120, -0.0090, -0.0096, -0.0124, -0.0115, -0.0117, -0.0104, -0.0120, -0.0111, -0.0107, -0.0113, -0.0114, -0.0114, -0.0121, -0.0128, -0.0082, -0.0114, -0.0126, -0.0108, -0.0122, -0.0121, -0.0119, -0.0124, -0.0110, -0.0113, -0.0126, -0.0141, -0.0114, -0.0112, -0.0134, -0.0132, -0.0048, -0.0114, -0.0117, -0.0100, -0.0111, -0.0106, -0.0105, -0.0107, -0.0110, -0.0119, -0.0102, -0.0127, -0.0118, -0.0094, -0.0096, -0.0095, -0.0072, -0.0101, -0.0094, -0.0080, -0.0087, -0.0096, -0.0097, -0.0100, -0.0097, -0.0076, -0.0085, -0.0095, -0.0098, -0.0103, -0.0079, -0.0084, -0.0071, -0.0067, -0.0071, -0.0090, -0.0095, -0.0100, -0.0088, -0.0089, -0.0093, -0.0105, -0.0111, -0.0105, -0.0069, -0.0072, -0.0086, -0.0075, -0.0086, -0.0101, -0.0071, -0.0068, -0.0053, -0.0087, -0.0074, -0.0064, -0.0074, -0.0064, -0.0062, -0.0070, -0.0081, -0.0073, -0.0086, -0.0083, -0.0094, -0.0088, -0.0096, -0.0123, -0.0115, -0.0096, -0.0095, -0.0100, -0.0098, -0.0102, -0.0092, -0.0105, -0.0087, -0.0100, -0.0107, -0.0108, -0.0114, -0.0104, -0.0091, -0.0089, -0.0073, -0.0081, -0.0071, -0.0074, -0.0070, -0.0083, -0.0087, -0.0076, -0.0073, -0.0084, -0.0083, -0.0081, -0.0087, -0.0077, -0.0081, -0.0069, -0.0105, -0.0102, -0.0105, -0.0104, -0.0107, -0.0099, -0.0098, -0.0091, -0.0106, -0.0109, -0.0104, -0.0103, -0.0104, -0.0106, -0.0100, -0.0110, -0.0087, -0.0092, -0.0104, -0.0089, -0.0086, -0.0082, -0.0091, -0.0088, -0.0081, -0.0093, -0.0102, -0.0093, -0.0086, -0.0095, -0.0107, +0.0062, -0.0096, -0.0077, -0.0105, -0.0105, -0.0112, -0.0115, -0.0111, -0.0104, -0.0107, -0.0114, -0.0104, -0.0118, -0.0115, -0.0103, -0.0112, -0.0105, -0.0114, -0.0112, -0.0114, -0.0107, -0.0099, -0.0102, -0.0107, -0.0106, -0.0109, -0.0099, -0.0107, -0.0103, -0.0096, -0.0088, -0.0103, -0.0104, -0.0101, -0.0107, -0.0108, -0.0110, -0.0097, -0.0095, -0.0099, -0.0095, -0.0092, -0.0095, -0.0103, -0.0105, -0.0097, -0.0107, -0.0108, -0.0110, -0.0114, -0.0101, -0.0113, -0.0098, -0.0112, -0.0109, -0.0107, -0.0109, -0.0110, -0.0109, -0.0106, -0.0110, -0.0104, -0.0107, -0.0101, -0.0110, -0.0111, -0.0099, -0.0110, -0.0109, -0.0112, -0.0110, -0.0111, -0.0114, -0.0112, -0.0102, -0.0112, -0.0113, -0.0115, -0.0117, -0.0108, -0.0118, -0.0110, -0.0119, -0.0119, -0.0105, -0.0110, -0.0114, -0.0115, -0.0113, -0.0114, -0.0102, -0.0103, -0.0116, -0.0106, -0.0092, -0.0098, -0.0104, -0.0105, -0.0106, -0.0101, -0.0103, -0.0103, -0.0101, -0.0091, -0.0100, -0.0100, -0.0108, -0.0103, -0.0108, -0.0109, -0.0094, -0.0115, -0.0105, -0.0114, -0.0113, -0.0113, -0.0108, -0.0110, -0.0103, -0.0101, -0.0112, -0.0119, -0.0114, -0.0102, -0.0122, -0.0109, -0.0108, -0.0111, -0.0105, -0.0098, -0.0110, -0.0108, -0.0103, -0.0102, -0.0104, -0.0098, -0.0099, -0.0105, -0.0124, -0.0118, -0.0116, -0.0110, -0.0102, -0.0110, -0.0113, -0.0108, -0.0102, -0.0107, -0.0093, -0.0110, -0.0099, -0.0098, -0.0101, -0.0106, -0.0104, -0.0119, -0.0108, -0.0098, -0.0109, -0.0105, -0.0102, -0.0102, -0.0093, -0.0110, -0.0107, -0.0091, -0.0094, -0.0113, -0.0097, -0.0111, -0.0109, -0.0099, -0.0093, -0.0101, -0.0098, -0.0087, -0.0083, -0.0097, -0.0090, -0.0093, -0.0097, -0.0099, -0.0102, -0.0106, -0.0094, -0.0100, -0.0101, -0.0108, -0.0099, -0.0096, -0.0109, -0.0109, -0.0101, -0.0099, -0.0098, -0.0094, -0.0090, -0.0087, -0.0087, -0.0085, -0.0095, -0.0091, -0.0090, -0.0097, -0.0099, -0.0097, -0.0097, -0.0105, -0.0097, -0.0096, -0.0098, -0.0097, -0.0083, -0.0098, -0.0100, -0.0080, -0.0089, -0.0088, -0.0096, -0.0082, -0.0095, -0.0094, -0.0097, -0.0088, -0.0100, -0.0096, -0.0098, -0.0090, -0.0093, -0.0076, -0.0091, -0.0099, -0.0101, -0.0091, -0.0098, -0.0093, -0.0098, -0.0087, -0.0094, -0.0093, -0.0095, -0.0099, -0.0093, -0.0096, -0.0080, -0.0081, -0.0085, -0.0079, -0.0095, -0.0092, -0.0087, -0.0090, -0.0090, +0.0174, -0.0101, -0.0091, -0.0091, -0.0087, -0.0078, -0.0092, -0.0085, -0.0089, -0.0063, -0.0092, -0.0086, -0.0087, -0.0092, -0.0088, -0.0096, -0.0079, -0.0079, -0.0088, -0.0082, -0.0081, -0.0087, -0.0091, -0.0079, -0.0081, -0.0088, -0.0090, -0.0084, -0.0086, -0.0082, -0.0088, -0.0077, -0.0080, -0.0085, -0.0079, -0.0081, -0.0085, -0.0086, -0.0084, -0.0087, -0.0088, -0.0090, -0.0076, -0.0076, -0.0083, +0.0016, -0.0078, -0.0080, -0.0079, -0.0080, -0.0084, -0.0083, -0.0073, -0.0082, -0.0085, -0.0081, -0.0082, -0.0083, -0.0081, -0.0070, -0.0079, -0.0078, -0.0073, -0.0080, -0.0074, -0.0074, -0.0072, -0.0076, -0.0079, -0.0069, -0.0079, -0.0065, -0.0076, -0.0068, -0.0071, -0.0055, -0.0066, -0.0075, -0.0066, -0.0071, -0.0069, -0.0070, -0.0069, -0.0072, -0.0062, -0.0072, -0.0069, -0.0067, -0.0071, -0.0069, -0.0070, -0.0062, -0.0068, -0.0066, -0.0064, -0.0066, -0.0064, -0.0057, -0.0064, -0.0063, -0.0070, -0.0059, -0.0060, -0.0060, -0.0058, -0.0064, -0.0056, -0.0055, -0.0065, -0.0066, -0.0060, -0.0061, -0.0055, -0.0062, -0.0062, -0.0059, -0.0060, +0.0088, -0.0056, -0.0044, -0.0053, -0.0054, -0.0059, -0.0055, -0.0055, -0.0055, -0.0049, -0.0050, -0.0054, +0.0052, -0.0055, -0.0051, -0.0052, -0.0047, -0.0048, -0.0052, -0.0049, -0.0050, -0.0050, -0.0051, -0.0052, -0.0050, -0.0046, -0.0043, -0.0047, -0.0046, -0.0047, -0.0046, -0.0043, -0.0045, -0.0041, -0.0042, -0.0046, -0.0043, -0.0043, -0.0040, -0.0041, -0.0036, -0.0036, -0.0040, -0.0038, -0.0040, -0.0039, -0.0042, -0.0037, -0.0034, -0.0040, -0.0035, -0.0028, -0.0036, -0.0036, -0.0036, -0.0034, -0.0034, -0.0030, -0.0033, -0.0034, -0.0033, -0.0031, -0.0032, -0.0030, -0.0025, -0.0032, -0.0027, -0.0034, -0.0030, -0.0028, -0.0026, -0.0023, -0.0027, -0.0023, -0.0024, -0.0023, -0.0025, -0.0024, -0.0022, -0.0019, -0.0025, -0.0020, -0.0019, -0.0020, -0.0021, -0.0022, -0.0018, -0.0020, -0.0020, -0.0021, -0.0015, -0.0021, -0.0019, -0.0019, -0.0019, -0.0018, -0.0018, -0.0016, +0.2509, -0.0014, -0.0016, -0.0019, -0.0017, -0.0018, -0.0017, -0.0013, -0.0014, -0.0012, -0.0015, -0.0013, -0.0008, -0.0013, -0.0014, -0.0014, -0.0011, -0.0015, -0.0014, -0.0013, -0.0005, -0.0005, -0.0005, -0.0004, -0.0009, -0.0012, -0.0013, -0.0011, -0.0011, -0.0009, -0.0011, -0.0009, -0.0010, -0.0009, -0.0012, -0.0011, -0.0012, -0.0012, -0.0010, -0.0010, -0.0009, -0.0011, -0.0009, -0.0011]
                value_loss: [+0.0289, +0.0235, +0.0225, +0.0229, +0.0238, +0.0229, +0.0220, +0.0221, +0.0249, +0.0305, +0.0420, +0.0437, +0.0575, +0.0689, +0.0745, +0.0892, +0.1000, +0.1022, +0.1094, +0.1140, +0.1166, +0.1232, +0.1226, +0.1238, +0.1277, +0.1282, +0.1263, +0.1262, +0.1332, +0.1296, +0.1274, +0.1360, +0.1361, +0.1316, +0.1266, +0.1273, +0.1290, +0.1326, +0.1396, +0.1436, +0.1478, +0.1393, +0.1548, +0.1552, +0.1485, +0.1230, +0.1592, +0.1331, +0.1456, +0.1162, +0.1745, +0.1746, +0.1626, +0.1579, +0.1762, +0.2005, +0.1679, +0.1939, +0.2096, +0.2130, +0.1870, +0.1593, +0.1787, +0.1785, +0.1515, +0.1475, +0.1891, +0.1905, +0.1848, +0.1781, +0.1682, +0.1766, +0.2087, +0.1883, +0.2019, +0.1885, +0.2155, +0.2037, +0.2010, +0.1680, +0.1932, +0.1824, +0.2155, +0.2294, +0.2478, +0.2587, +0.2028, +0.2382, +0.2244, +0.2259, +0.2193, +0.1929, +0.1565, +0.1363, +0.1118, +0.1244, +0.0991, +0.0932, +0.0933, +0.1436, +0.1282, +0.1435, +0.1107, +0.1260, +0.1601, +0.1280, +0.1125, +0.0836, +0.0873, +0.0893, +0.1095, +0.1307, +0.1302, +0.1039, +0.1147, +0.0950, +0.0884, +0.0762, +0.0752, +0.0854, +0.1032, +0.0816, +0.1002, +0.0760, +0.0938, +0.0820, +0.0762, +0.0928, +0.0696, +0.0952, +0.0704, +0.0919, +0.0796, +0.0804, +0.0899, +0.0853, +0.0695, +0.0646, +0.0901, +0.0742, +0.0741, +0.0708, +0.0800, +0.0954, +0.0714, +0.0850, +0.1046, +0.1048, +0.0875, +0.0841, +0.1099, +0.0983, +0.0770, +0.1003, +0.0892, +0.0864, +0.0885, +0.1168, +0.0840, +0.1040, +0.0982, +0.1191, +0.1475, +0.1402, +0.1382, +0.1664, +0.1415, +0.1595, +0.1553, +0.1611, +0.1831, +0.1915, +0.1646, +0.1491, +0.2024, +0.1214, +0.1389, +0.1309, +0.1532, +0.1212, +0.1206, +0.1206, +0.0922, +0.0881, +0.1343, +0.0970, +0.0967, +0.0834, +0.1018, +0.0810, +0.0943, +0.0948, +0.0872, +0.1066, +0.1100, +0.0984, +0.0861, +0.0917, +0.0855, +0.1354, +0.1427, +0.1294, +0.1142, +0.1010, +0.1058, +0.1238, +0.1187, +0.1710, +0.1414, +0.1662, +0.1318, +0.1459, +0.1032, +0.1016, +0.1050, +0.0918, +0.0944, +0.0893, +0.1298, +0.0883, +0.1061, +0.1005, +0.0855, +0.0899, +0.0820, +0.0717, +0.0813, +0.0770, +0.1253, +0.0739, +0.0687, +0.0657, +0.0635, +0.0903, +0.0708, +0.0677, +0.0855, +0.0651, +0.0704, +0.0945, +0.0700, +0.0659, +0.1085, +0.0808, +0.0715, +0.0639, +0.0663, +0.0674, +0.0611, +0.0778, +0.0745, +0.0651, +0.0679, +0.0709, +0.0681, +0.0697, +0.0700, +0.0956, +0.0872, +0.0869, +0.1156, +0.0924, +0.1009, +0.0869, +0.0831, +0.0879, +0.0678, +0.0760, +0.1022, +0.0808, +0.0839, +0.0969, +0.0952, +0.0790, +0.0803, +0.0936, +0.0887, +0.0810, +0.0900, +0.0746, +0.0749, +0.0795, +0.1146, +0.1077, +0.1001, +0.1049, +0.0980, +0.0829, +0.0878, +0.0772, +0.0686, +0.0867, +0.0708, +0.0726, +0.1009, +0.0864, +0.0888, +0.0920, +0.0840, +0.0773, +0.0827, +0.0879, +0.0890, +0.0805, +0.0898, +0.0921, +0.0773, +0.0744, +0.1003, +0.0775, +0.0713, +0.0808, +0.0767, +0.0890, +0.1071, +0.0904, +0.0935, +0.0960, +0.0815, +0.0927, +0.1032, +0.0927, +0.1090, +0.0806, +0.0901, +0.0774, +0.0798, +0.0767, +0.0612, +0.0698, +0.0800, +0.0538, +0.0603, +0.0663, +0.0609, +0.0512, +0.0582, +0.0549, +0.0614, +0.0615, +0.0565, +0.0588, +0.0641, +0.0534, +0.0561, +0.0486, +0.0696, +0.0552, +0.0691, +0.0535, +0.0587, +0.0594, +0.0601, +0.0549, +0.0560, +0.0620, +0.0594, +0.0599, +0.0570, +0.0617, +0.0726, +0.0607, +0.0516, +0.0563, +0.0591, +0.0577, +0.0571, +0.0568, +0.0566, +0.0522, +0.0630, +0.0609, +0.0543, +0.0538, +0.0620, +0.0589, +0.0516, +0.0570, +0.0529, +0.0513, +0.0477, +0.0457, +0.0505, +0.0524, +0.0564, +0.0517, +0.0479, +0.0450, +0.0690, +0.0573, +0.0520, +0.0549, +0.0591, +0.0614, +0.0499, +0.0521, +0.0715, +0.0627, +0.0623, +0.0632, +0.0704, +0.0607, +0.0558, +0.0565, +0.0613, +0.0667, +0.0546, +0.0551, +0.0554, +0.0554, +0.0549, +0.0605, +0.0586, +0.0636, +0.0679, +0.0521, +0.0516, +0.0535, +0.0538, +0.0587, +0.0516, +0.0530, +0.0538, +0.0567, +0.0591, +0.0602, +0.0665, +0.0575, +0.0583, +0.0570, +0.0537, +0.0505, +0.0671, +0.0677, +0.0560, +0.0604, +0.0554, +0.0506, +0.0580, +0.0498, +0.0515, +0.0561, +0.0498, +0.0545, +0.0482, +0.0509, +0.0470, +0.0520, +0.0580, +0.0524, +0.0543, +0.0578, +0.0538, +0.0564, +0.0479, +0.0570, +0.0674, +0.0469, +0.0524, +0.0511, +0.0468, +0.0468, +0.0497, +0.0471, +0.0510, +0.0470, +0.0511, +0.0463, +0.0452, +0.0471, +0.0464, +0.0457, +0.0471, +0.0489, +0.0531, +0.0447, +0.0501, +0.0504, +0.0448, +0.0488, +0.0494, +0.0495, +0.0501, +0.0520, +0.0506, +0.0497, +0.0539, +0.0624, +0.0503, +0.0516, +0.0485, +0.0524, +0.0508, +0.0523, +0.0517, +0.0455, +0.0489, +0.0509, +0.0502, +0.0470, +0.0467, +0.0516, +0.0512, +0.0493, +0.0483, +0.0527, +0.0620, +0.0538, +0.0516, +0.0477, +0.0520, +0.0454, +0.0586, +0.0621, +0.0541, +0.0683, +0.0503, +0.0515, +0.0462, +0.0446, +0.0440, +0.0493, +0.0537, +0.0585, +0.0539, +0.0489, +0.0616, +0.0470, +0.0644, +0.0497, +0.0451, +0.0466, +0.0561, +0.0551, +0.0490, +0.0480, +0.0525, +0.0520, +0.0507, +0.0556, +0.0633, +0.0552, +0.0583, +0.0548, +0.0586, +0.0640, +0.0499, +0.0548, +0.0508, +0.0519, +0.0476, +0.0553, +0.0478, +0.0573, +0.0566, +0.0607, +0.0532, +0.0610, +0.0501, +0.0512, +0.0488, +0.0561, +0.0586, +0.0521, +0.0495, +0.0547, +0.0472, +0.0460, +0.0472, +0.0513, +0.0486, +0.0553, +0.0514, +0.0490, +0.0567, +0.0517, +0.0526, +0.0518, +0.0620, +0.0632, +0.0504, +0.0532, +0.0543, +0.0513, +0.0585, +0.0535, +0.0509, +0.0671, +0.0521, +0.0497, +0.0466, +0.0540, +0.0538, +0.0514, +0.0485, +0.0458, +0.0550, +0.0496, +0.0501, +0.0563, +0.0607, +0.0565, +0.0544, +0.0558, +0.0551, +0.0573, +0.0530, +0.0546, +0.0522, +0.0538, +0.0519, +0.0497, +0.0573, +0.0465, +0.0505, +0.0535, +0.0482, +0.0478, +0.0546, +0.0535, +0.0562, +0.0481, +0.0588, +0.0504, +0.0490, +0.0478, +0.0589, +0.0460, +0.0491, +0.0487, +0.0551, +0.0552, +0.0588, +0.0522, +0.0457, +0.0476, +0.0550, +0.0462, +0.0458, +0.0446, +0.0519, +0.0519, +0.0563, +0.0476, +0.0456, +0.0529, +0.0505, +0.0472, +0.0601, +0.0516, +0.0533, +0.0571, +0.0524, +0.0531, +0.0498, +0.0542, +0.0502, +0.0461, +0.0514, +0.0554, +0.0506, +0.0459, +0.0473, +0.0514, +0.0480, +0.0596, +0.0485, +0.0475, +0.0530, +0.0505, +0.0510, +0.0468, +0.0519, +0.0581, +0.0578, +0.0622, +0.0650, +0.0531, +0.0532, +0.0622, +0.0573, +0.0587, +0.0561, +0.0532, +0.0522, +0.0482, +0.0488, +0.0591, +0.0540, +0.0500, +0.0590, +0.0513, +0.0509, +0.0491, +0.0516, +0.0518, +0.0481, +0.0475, +0.0561, +0.0577, +0.0489, +0.0523, +0.0488, +0.0461, +0.0507, +0.0540, +0.0488, +0.0514, +0.0581, +0.0578, +0.0539, +0.0673, +0.0564, +0.0641, +0.0655, +0.0586, +0.0629, +0.0578, +0.0636, +0.0549, +0.0551, +0.0506, +0.0586, +0.0580, +0.0527, +0.0582, +0.0481, +0.0548, +0.0507, +0.0516, +0.0466, +0.0585, +0.0544, +0.0488, +0.0549, +0.0465, +0.0495, +0.0479, +0.0486, +0.0478, +0.0555, +0.0457, +0.0478, +0.0521, +0.0493, +0.0463, +0.0448, +0.0504, +0.0461, +0.0466, +0.0477, +0.0451, +0.0517, +0.0667, +0.0503, +0.0493, +0.0490, +0.0521, +0.0481, +0.0458, +0.0516, +0.0452, +0.0503, +0.0551, +0.0493, +0.0433, +0.0579, +0.0467, +0.0489, +0.0468, +0.0469, +0.0463, +0.0504, +0.0565, +0.0505, +0.0454, +0.0486, +0.0471, +0.0447, +0.0499, +0.0433, +0.0467, +0.0497, +0.0489, +0.0546, +0.0478, +0.0494, +0.0497, +0.0479, +0.0474, +0.0513, +0.0479, +0.0499, +0.0475, +0.0526, +0.0497, +0.0453, +0.0505, +0.0530, +0.0515, +0.0473, +0.0494, +0.0467, +0.0438, +0.0488, +0.0530, +0.0546, +0.0585, +0.0493, +0.0472, +0.0476, +0.0493, +0.0467, +0.0506, +0.0484, +0.0470, +0.0441, +0.0436, +0.0471, +0.0479, +0.0442, +0.0557, +0.0477, +0.0559, +0.0482, +0.0449, +0.0462, +0.0454, +0.0500, +0.0452, +0.0558, +0.0493, +0.0487, +0.0440, +0.0480, +0.0489, +0.0546, +0.0444, +0.0481, +0.0536, +0.0464, +0.0444, +0.0456, +0.0494, +0.0490, +0.0478, +0.0476, +0.0527, +0.0508, +0.0481, +0.0464, +0.0472, +0.0504, +0.0433, +0.0501, +0.0505, +0.0494, +0.0509, +0.0452, +0.0521, +0.0552, +0.0477, +0.0508, +0.0484, +0.0525, +0.0480, +0.0482, +0.0456, +0.0458, +0.0541, +0.0507, +0.0483, +0.0664, +0.0479, +0.0461, +0.0497, +0.0517, +0.0444, +0.0470, +0.0502, +0.0508, +0.0491, +0.0597, +0.0469, +0.0487, +0.0475, +0.0452, +0.0526, +0.0477, +0.0475, +0.0562, +0.0485, +0.0515, +0.0610, +0.0492, +0.0490, +0.0486, +0.0465, +0.0502, +0.0438, +0.0538, +0.0458, +0.0503, +0.0457, +0.0463, +0.0449, +0.0522, +0.0445, +0.0455, +0.0505, +0.0468, +0.0443, +0.0471, +0.0443, +0.0485]
                   entropy: [+1.5960, +1.5967, +1.5922, +1.5811, +1.5676, +1.5536, +1.5589, +1.5601, +1.5490, +1.5171, +1.4742, +1.4407, +1.3899, +1.3367, +1.2824, +1.2371, +1.1851, +1.1486, +1.1152, +1.0925, +1.0862, +1.0730, +1.0502, +1.0469, +1.0217, +1.0210, +0.9991, +0.9836, +0.9819, +0.9615, +0.9788, +0.9707, +0.9435, +0.9246, +0.9317, +0.9332, +0.9270, +0.9144, +0.8918, +0.8809, +0.8722, +0.8199, +0.8148, +0.8335, +0.8329, +0.8112, +0.7610, +0.7795, +0.7864, +0.8158, +0.7947, +0.7881, +0.7633, +0.7449, +0.7688, +0.7559, +0.7358, +0.7286, +0.7161, +0.6714, +0.6590, +0.7104, +0.6837, +0.6930, +0.7203, +0.7102, +0.7027, +0.6452, +0.6042, +0.6294, +0.5960, +0.5819, +0.5704, +0.5365, +0.5422, +0.5420, +0.5274, +0.5359, +0.5503, +0.5853, +0.5446, +0.5189, +0.4970, +0.4590, +0.4332, +0.4223, +0.5388, +0.5124, +0.5229, +0.5449, +0.5218, +0.5594, +0.6165, +0.6777, +0.6019, +0.6723, +0.6962, +0.6532, +0.6825, +0.6485, +0.6261, +0.6277, +0.6292, +0.6063, +0.5754, +0.6287, +0.6632, +0.6701, +0.7011, +0.6829, +0.6363, +0.6244, +0.5897, +0.6530, +0.6406, +0.6130, +0.6870, +0.7200, +0.6933, +0.6694, +0.6659, +0.6795, +0.6748, +0.6701, +0.7178, +0.7061, +0.7123, +0.7292, +0.7289, +0.7281, +0.7212, +0.7212, +0.7163, +0.7240, +0.7183, +0.7024, +0.7160, +0.7128, +0.7131, +0.6959, +0.7042, +0.7034, +0.7206, +0.7253, +0.7095, +0.6989, +0.6804, +0.6910, +0.6917, +0.6950, +0.6772, +0.6532, +0.6443, +0.6214, +0.6123, +0.5962, +0.5763, +0.5590, +0.5539, +0.5642, +0.5473, +0.5000, +0.5120, +0.5141, +0.5297, +0.4956, +0.4737, +0.4300, +0.4326, +0.4183, +0.3919, +0.3699, +0.4079, +0.3817, +0.3639, +0.4562, +0.3866, +0.4289, +0.4759, +0.4971, +0.4859, +0.5076, +0.5143, +0.5100, +0.4994, +0.4630, +0.4898, +0.5134, +0.4908, +0.5174, +0.4765, +0.4688, +0.4780, +0.4737, +0.4391, +0.4895, +0.4742, +0.4749, +0.5190, +0.5173, +0.5002, +0.5876, +0.6097, +0.5435, +0.5090, +0.5079, +0.5467, +0.5410, +0.5786, +0.5702, +0.5515, +0.5817, +0.5894, +0.6630, +0.6549, +0.6351, +0.6312, +0.6150, +0.6018, +0.6279, +0.5953, +0.5988, +0.6045, +0.6083, +0.6139, +0.6868, +0.7032, +0.7168, +0.7259, +0.7543, +0.7611, +0.7684, +0.7786, +0.7858, +0.7793, +0.7762, +0.7885, +0.7916, +0.7754, +0.7483, +0.7556, +0.7332, +0.7294, +0.7336, +0.7446, +0.7420, +0.7392, +0.7256, +0.7288, +0.7368, +0.7484, +0.7575, +0.7364, +0.7531, +0.7475, +0.7680, +0.7750, +0.7612, +0.7709, +0.7567, +0.7391, +0.7737, +0.7625, +0.7557, +0.7524, +0.7599, +0.7789, +0.7654, +0.7551, +0.7414, +0.7329, +0.7282, +0.7383, +0.7139, +0.7182, +0.7058, +0.6966, +0.7077, +0.6948, +0.7287, +0.7146, +0.6900, +0.6921, +0.6366, +0.6611, +0.6656, +0.6642, +0.6326, +0.6113, +0.6290, +0.6611, +0.6765, +0.6541, +0.6345, +0.6203, +0.6375, +0.6316, +0.6372, +0.6313, +0.6135, +0.5987, +0.6015, +0.5775, +0.5863, +0.6114, +0.5935, +0.6046, +0.5964, +0.5609, +0.5712, +0.5645, +0.5486, +0.5594, +0.5147, +0.4943, +0.5063, +0.5070, +0.5210, +0.4992, +0.4793, +0.4385, +0.4542, +0.4581, +0.4773, +0.4577, +0.4615, +0.5031, +0.5454, +0.5772, +0.6165, +0.6102, +0.5888, +0.5920, +0.6011, +0.6287, +0.6518, +0.6652, +0.6731, +0.6974, +0.6883, +0.6933, +0.6900, +0.6947, +0.6808, +0.6768, +0.6979, +0.7090, +0.7056, +0.6952, +0.6760, +0.6632, +0.6528, +0.6441, +0.6304, +0.6348, +0.6472, +0.6332, +0.6452, +0.6317, +0.6373, +0.6307, +0.6443, +0.6501, +0.6332, +0.6311, +0.6340, +0.6335, +0.6413, +0.6669, +0.6717, +0.6844, +0.7176, +0.6998, +0.7146, +0.7233, +0.7362, +0.7468, +0.7431, +0.7347, +0.7478, +0.7328, +0.7405, +0.7250, +0.7094, +0.7131, +0.7135, +0.7042, +0.7151, +0.7131, +0.6999, +0.6908, +0.6958, +0.6893, +0.6948, +0.6806, +0.6958, +0.7053, +0.7117, +0.7136, +0.7183, +0.7262, +0.7315, +0.7491, +0.7492, +0.7430, +0.7380, +0.7532, +0.7409, +0.7485, +0.7570, +0.7357, +0.7339, +0.7352, +0.7245, +0.7417, +0.7365, +0.7359, +0.7367, +0.7310, +0.7280, +0.7299, +0.7216, +0.7291, +0.7297, +0.7351, +0.7436, +0.7418, +0.7403, +0.7353, +0.7348, +0.7256, +0.7318, +0.7346, +0.7501, +0.7357, +0.7478, +0.7511, +0.7364, +0.7486, +0.7383, +0.7458, +0.7466, +0.7454, +0.7391, +0.7403, +0.7414, +0.7512, +0.7446, +0.7488, +0.7441, +0.7413, +0.7465, +0.7533, +0.7514, +0.7452, +0.7599, +0.7543, +0.7433, +0.7427, +0.7497, +0.7463, +0.7504, +0.7390, +0.7515, +0.7525, +0.7561, +0.7490, +0.7546, +0.7565, +0.7547, +0.7666, +0.7683, +0.7591, +0.7652, +0.7470, +0.7584, +0.7664, +0.7747, +0.7596, +0.7658, +0.7726, +0.7659, +0.7729, +0.7640, +0.7674, +0.7591, +0.7638, +0.7587, +0.7544, +0.7619, +0.7548, +0.7620, +0.7598, +0.7601, +0.7565, +0.7437, +0.7461, +0.7425, +0.7371, +0.7310, +0.7227, +0.7253, +0.7234, +0.7311, +0.7297, +0.7363, +0.7241, +0.7300, +0.7237, +0.7298, +0.7350, +0.7385, +0.7515, +0.7518, +0.7505, +0.7436, +0.7453, +0.7382, +0.7471, +0.7404, +0.7442, +0.7526, +0.7530, +0.7570, +0.7615, +0.7563, +0.7438, +0.7487, +0.7455, +0.7453, +0.7393, +0.7435, +0.7475, +0.7354, +0.7455, +0.7400, +0.7373, +0.7345, +0.7253, +0.7315, +0.7477, +0.7436, +0.7556, +0.7608, +0.7594, +0.7682, +0.7562, +0.7554, +0.7506, +0.7468, +0.7414, +0.7491, +0.7361, +0.7500, +0.7526, +0.7533, +0.7531, +0.7645, +0.7541, +0.7533, +0.7602, +0.7481, +0.7461, +0.7461, +0.7420, +0.7376, +0.7406, +0.7299, +0.7419, +0.7413, +0.7466, +0.7336, +0.7357, +0.7300, +0.7300, +0.7164, +0.7165, +0.7111, +0.7172, +0.7156, +0.7204, +0.7278, +0.7259, +0.7325, +0.7412, +0.7453, +0.7397, +0.7353, +0.7239, +0.7315, +0.7316, +0.7290, +0.7217, +0.7179, +0.7113, +0.7180, +0.7229, +0.7130, +0.7115, +0.7197, +0.7239, +0.7151, +0.7154, +0.7237, +0.7253, +0.7206, +0.7133, +0.7157, +0.7158, +0.7190, +0.7146, +0.7094, +0.7127, +0.7058, +0.7075, +0.7017, +0.7002, +0.6971, +0.6963, +0.7031, +0.7020, +0.7033, +0.6994, +0.7093, +0.7134, +0.7058, +0.7080, +0.7092, +0.7175, +0.7062, +0.7170, +0.7227, +0.7230, +0.7202, +0.7201, +0.7208, +0.7153, +0.7101, +0.7146, +0.7207, +0.7179, +0.7208, +0.7108, +0.7137, +0.7061, +0.7053, +0.6973, +0.7026, +0.7017, +0.6999, +0.7077, +0.7038, +0.7061, +0.7097, +0.7042, +0.7098, +0.7090, +0.7028, +0.6978, +0.6997, +0.6896, +0.6946, +0.6912, +0.6891, +0.6894, +0.6870, +0.6865, +0.6898, +0.7081, +0.7059, +0.7017, +0.6991, +0.6993, +0.6937, +0.6887, +0.6935, +0.6900, +0.6826, +0.6877, +0.6820, +0.6831, +0.6915, +0.6836, +0.6805, +0.6683, +0.6646, +0.6829, +0.6899, +0.6870, +0.6910, +0.6889, +0.6793, +0.6792, +0.6862, +0.6710, +0.6875, +0.6888, +0.6833, +0.6812, +0.6842, +0.6744, +0.6742, +0.6783, +0.6753, +0.6791, +0.6804, +0.6761, +0.6789, +0.6851, +0.6873, +0.6843, +0.6960, +0.6881, +0.7024, +0.6988, +0.6931, +0.6902, +0.6987, +0.7019, +0.6839, +0.6880, +0.6852, +0.6928, +0.6937, +0.6856, +0.6880, +0.6853, +0.6801, +0.6720, +0.6783, +0.6752, +0.6825, +0.6861, +0.6783, +0.6815, +0.6762, +0.6850, +0.6834, +0.6833, +0.6744, +0.6865, +0.6851, +0.6877, +0.6954, +0.6912, +0.6946, +0.6919, +0.6997, +0.6946, +0.7000, +0.6913, +0.6993, +0.6943, +0.7029, +0.6954, +0.6926, +0.7037, +0.6927, +0.6945, +0.6961, +0.6904, +0.6919, +0.6955, +0.6922, +0.6835, +0.6944, +0.6897, +0.6967, +0.6939, +0.6963, +0.6998, +0.6961, +0.6956, +0.6885, +0.6924, +0.6877, +0.6907, +0.6886, +0.6921, +0.6881, +0.6819, +0.6901, +0.6835, +0.6871, +0.6770, +0.6852, +0.6806, +0.6730, +0.6767, +0.6879, +0.6846, +0.6837, +0.6844, +0.6891, +0.6876, +0.6837, +0.6901, +0.6796, +0.6799, +0.6891, +0.6826, +0.6801, +0.6818, +0.6793, +0.6869, +0.6840, +0.6910, +0.6917, +0.6948, +0.6877, +0.6868, +0.6867, +0.6897, +0.6890, +0.6843, +0.6857, +0.6810, +0.6863, +0.6913, +0.6861, +0.6863, +0.6873, +0.6810, +0.6911, +0.6867, +0.6876, +0.6922, +0.6915, +0.6947, +0.6895, +0.6963, +0.6920, +0.6850, +0.6983, +0.6926, +0.7023, +0.6937, +0.6950, +0.6956, +0.6916, +0.6905, +0.6891, +0.6888, +0.6916, +0.6950, +0.6875, +0.6835, +0.6894, +0.6951, +0.6876, +0.6916, +0.6889, +0.6865, +0.6832, +0.6836, +0.6821, +0.6893, +0.6806, +0.6796, +0.6866, +0.6867, +0.6866, +0.6882, +0.6877, +0.6931, +0.6866, +0.6869, +0.6877, +0.6912, +0.6871, +0.6846, +0.6836, +0.6913, +0.6806, +0.6921, +0.6885, +0.6909, +0.6863, +0.6904, +0.6890, +0.6877, +0.6870, +0.6892, +0.6885, +0.6837, +0.6864, +0.6900, +0.6820, +0.6927, +0.6870, +0.6878, +0.6861, +0.6918, +0.6871, +0.6911, +0.6929, +0.6941, +0.6969, +0.6884, +0.6906, +0.6971, +0.6914, +0.6932, +0.6903, +0.6931, +0.6943, +0.6929, +0.6891, +0.6931, +0.6895, +0.6899, +0.6922, +0.6899, +0.6903, +0.6941]
                entropy_t0: [+0.6926, +0.6799, +0.6228, +0.5548, +0.4867, +0.4305, +0.3912, +0.3196, +0.2727, +0.2128, +0.1792, +0.1690, +0.1064, +0.0814, +0.0817, +0.0555, +0.0357, +0.0245, +0.0177, +0.0152, +0.0099, +0.0081, +0.0049, +0.0037, +0.0020, +0.0018, +0.0010, +0.0010, +0.0009, +0.0009, +0.0009, +0.0009, +0.0009, +0.0007, +0.0005, +0.0004, +0.0004, +0.0003, +0.0003, +0.0002, +0.0002, +0.0002, +0.0002, +0.0003, +0.0003, +0.0002, +0.0002, +0.0002, +0.0002, +0.0003, +0.0002, +0.0002, +0.0002, +0.0001, +0.0001, +0.0002, +0.0001, +0.0001, +0.0001, +0.0001, +0.0001, +0.0001, +0.0001, +0.0001, +0.0001, +0.0001, +0.0001, +0.0001, +0.0001, +0.0001, +0.0001, +0.0001, +0.0001, +0.0001, +0.0001, +0.0001, +0.0001, +0.0001, +0.0001, +0.0001, +0.0001, +0.0001, +0.0001, +0.0001, +0.0000, +0.0000, +0.0000, +0.0001, +0.0001, +0.0001, +0.0001, +0.0002, +0.0002, +0.0002, +0.0002, +0.0003, +0.0003, +0.0002, +0.0002, +0.0001, +0.0001, +0.0001, +0.0001, +0.0001, +0.0001, +0.0001, +0.0001, +0.0001, +0.0001, +0.0001, +0.0001, +0.0001, +0.0001, +0.0002, +0.0002, +0.0001, +0.0002, +0.0003, +0.0003, +0.0002, +0.0002, +0.0002, +0.0003, +0.0002, +0.0003, +0.0002, +0.0001, +0.0001, +0.0000, +0.0000, +0.0000, +0.0000, +0.0000, +0.0000, +0.0000, +0.0000, +0.0001, +0.0001, +0.0000, +0.0000, +0.0000, +0.0000, +0.0000, +0.0000, +0.0000, +0.0000, +0.0000, +0.0000, +0.0001, +0.0001, +0.0000, +0.0000, +0.0000, +0.0000, +0.0000, +0.0000, +0.0000, +0.0001, +0.0000, +0.0000, +0.0000, +0.0000, +0.0001, +0.0001, +0.0001, +0.0002, +0.0001, +0.0001, +0.0001, +0.0001, +0.0001, +0.0001, +0.0001, +0.0001, +0.0001, +0.0000, +0.0001, +0.0001, +0.0003, +0.0004, +0.0004, +0.0003, +0.0005, +0.0004, +0.0005, +0.0005, +0.0005, +0.0006, +0.0004, +0.0005, +0.0003, +0.0004, +0.0005, +0.0004, +0.0003, +0.0005, +0.0007, +0.0009, +0.0015, +0.0017, +0.0156, +0.0804, +0.0597, +0.0369, +0.0196, +0.0117, +0.0067, +0.0032, +0.0029, +0.0033, +0.0027, +0.0025, +0.0053, +0.0081, +0.0047, +0.0021, +0.0020, +0.0015, +0.0009, +0.0004, +0.0003, +0.0005, +0.0004, +0.0005, +0.0005, +0.0004, +0.0003, +0.0002, +0.0002, +0.0002, +0.0002, +0.0002, +0.0002, +0.0002, +0.0002, +0.0002, +0.0002, +0.0002, +0.0002, +0.0001, +0.0001, +0.0001, +0.0002, +0.0002, +0.0003, +0.0002, +0.0002, +0.0001, +0.0001, +0.0001, +0.0001, +0.0001, +0.0001, +0.0001, +0.0001, +0.0001, +0.0001, +0.0001, +0.0001, +0.0001, +0.0001, +0.0001, +0.0001, +0.0001, +0.0001, +0.0001, +0.0001, +0.0001, +0.0001, +0.0001, +0.0001, +0.0001, +0.0001, +0.0001, +0.0001, +0.0001, +0.0001, +0.0001, +0.0001, +0.0001, +0.0001, +0.0001, +0.0001, +0.0001, +0.0001, +0.0001, +0.0001, +0.0001, +0.0001, +0.0001, +0.0001, +0.0001, +0.0001, +0.0000, +0.0000, +0.0000, +0.0001, +0.0000, +0.0000, +0.0001, +0.0000, +0.0000, +0.0000, +0.0000, +0.0000, +0.0000, +0.0000, +0.0000, +0.0000, +0.0000, +0.0000, +0.0000, +0.0000, +0.0000, +0.0000, +0.0000, +0.0000, +0.0000, +0.0000, +0.0000, +0.0000, +0.0001, +0.0001, +0.0001, +0.0001, +0.0001, +0.0001, +0.0001, +0.0002, +0.0001, +0.0001, +0.0001, +0.0002, +0.0002, +0.0001, +0.0001, +0.0001, +0.0001, +0.0001, +0.0001, +0.0001, +0.0001, +0.0001, +0.0001, +0.0001, +0.0001, +0.0001, +0.0001, +0.0001, +0.0001, +0.0001, +0.0001, +0.0001, +0.0001, +0.0001, +0.0001, +0.0001, +0.0001, +0.0001, +0.0001, +0.0001, +0.0000, +0.0000, +0.0000, +0.0000, +0.0000, +0.0001, +0.0000, +0.0001, +0.0001, +0.0000, +0.0001, +0.0001, +0.0001, +0.0001, +0.0001, +0.0001, +0.0001, +0.0001, +0.0001, +0.0001, +0.0001, +0.0001, +0.0000, +0.0000, +0.0000, +0.0000, +0.0000, +0.0000, +0.0000, +0.0000, +0.0000, +0.0000, +0.0000, +0.0000, +0.0000, +0.0000, +0.0000, +0.0000, +0.0000, +0.0000, +0.0001, +0.0000, +0.0000, +0.0000, +0.0001, +0.0001, +0.0000, +0.0001, +0.0001, +0.0001, +0.0001, +0.0001, +0.0001, +0.0001, +0.0001, +0.0001, +0.0001, +0.0001, +0.0001, +0.0001, +0.0000, +0.0001, +0.0001, +0.0000, +0.0001, +0.0001, +0.0001, +0.0001, +0.0001, +0.0001, +0.0001, +0.0001, +0.0001, +0.0001, +0.0001, +0.0001, +0.0001, +0.0001, +0.0001, +0.0001, +0.0001, +0.0001, +0.0001, +0.0001, +0.0001, +0.0001, +0.0001, +0.0001, +0.0001, +0.0001, +0.0001, +0.0001, +0.0001, +0.0001, +0.0001, +0.0001, +0.0001, +0.0001, +0.0001, +0.0001, +0.0001, +0.0001, +0.0001, +0.0001, +0.0002, +0.0001, +0.0001, +0.0001, +0.0001, +0.0001, +0.0001, +0.0002, +0.0002, +0.0001, +0.0001, +0.0002, +0.0002, +0.0002, +0.0002, +0.0002, +0.0002, +0.0001, +0.0001, +0.0001, +0.0002, +0.0001, +0.0002, +0.0001, +0.0002, +0.0001, +0.0001, +0.0001, +0.0001, +0.0002, +0.0002, +0.0002, +0.0002, +0.0002, +0.0002, +0.0002, +0.0001, +0.0002, +0.0003, +0.0002, +0.0004, +0.0004, +0.0003, +0.0003, +0.0003, +0.0003, +0.0003, +0.0003, +0.0003, +0.0003, +0.0002, +0.0002, +0.0002, +0.0002, +0.0002, +0.0003, +0.0002, +0.0003, +0.0003, +0.0002, +0.0001, +0.0001, +0.0002, +0.0001, +0.0001, +0.0001, +0.0002, +0.0002, +0.0002, +0.0002, +0.0001, +0.0001, +0.0001, +0.0001, +0.0001, +0.0001, +0.0001, +0.0001, +0.0001, +0.0001, +0.0001, +0.0001, +0.0001, +0.0001, +0.0001, +0.0001, +0.0001, +0.0001, +0.0001, +0.0001, +0.0001, +0.0001, +0.0001, +0.0000, +0.0001, +0.0000, +0.0000, +0.0000, +0.0000, +0.0001, +0.0000, +0.0000, +0.0000, +0.0000, +0.0000, +0.0001, +0.0001, +0.0000, +0.0000, +0.0001, +0.0001, +0.0001, +0.0001, +0.0000, +0.0001, +0.0001, +0.0001, +0.0001, +0.0001, +0.0001, +0.0001, +0.0001, +0.0001, +0.0000, +0.0000, +0.0000, +0.0001, +0.0001, +0.0000, +0.0000, +0.0000, +0.0000, +0.0000, +0.0000, +0.0000, +0.0001, +0.0000, +0.0000, +0.0000, +0.0001, +0.0000, +0.0000, +0.0000, +0.0000, +0.0000, +0.0000, +0.0001, +0.0000, +0.0001, +0.0000, +0.0000, +0.0000, +0.0000, +0.0001, +0.0001, +0.0001, +0.0001, +0.0001, +0.0001, +0.0001, +0.0001, +0.0000, +0.0001, +0.0000, +0.0001, +0.0000, +0.0000, +0.0001, +0.0000, +0.0001, +0.0001, +0.0000, +0.0001, +0.0001, +0.0001, +0.0001, +0.0001, +0.0000, +0.0001, +0.0000, +0.0000, +0.0000, +0.0000, +0.0000, +0.0000, +0.0001, +0.0000, +0.0000, +0.0000, +0.0000, +0.0000, +0.0000, +0.0000, +0.0000, +0.0000, +0.0000, +0.0000, +0.0000, +0.0000, +0.0000, +0.0000, +0.0000, +0.0000, +0.0000, +0.0000, +0.0000, +0.0000, +0.0000, +0.0000, +0.0000, +0.0000, +0.0000, +0.0000, +0.0000, +0.0000, +0.0000, +0.0000, +0.0000, +0.0000, +0.0000, +0.0000, +0.0000, +0.0000, +0.0000, +0.0000, +0.0000, +0.0000, +0.0000, +0.0000, +0.0000, +0.0000, +0.0000, +0.0000, +0.0000, +0.0000, +0.0000, +0.0000, +0.0000, +0.0000, +0.0000, +0.0000, +0.0000, +0.0000, +0.0000, +0.0000, +0.0000, +0.0000, +0.0000, +0.0000, +0.0000, +0.0000, +0.0000, +0.0000, +0.0000, +0.0000, +0.0000, +0.0000, +0.0000, +0.0000, +0.0000, +0.0000, +0.0000, +0.0000, +0.0000, +0.0000, +0.0000, +0.0000, +0.0000, +0.0000, +0.0000, +0.0000, +0.0000, +0.0000, +0.0000, +0.0000, +0.0000, +0.0000, +0.0000, +0.0000, +0.0000, +0.0000, +0.0000, +0.0000, +0.0000, +0.0000, +0.0000, +0.0000, +0.0000, +0.0000, +0.0000, +0.0000, +0.0000, +0.0000, +0.0000, +0.0000, +0.0000, +0.0000, +0.0000, +0.0000, +0.0000, +0.0000, +0.0000, +0.0000, +0.0000, +0.0000, +0.0000, +0.0000, +0.0000, +0.0000, +0.0000, +0.0000, +0.0000, +0.0000, +0.0000, +0.0000, +0.0000, +0.0000, +0.0000, +0.0000, +0.0000, +0.0000, +0.0000, +0.0000, +0.0000, +0.0000, +0.0000, +0.0000, +0.0000, +0.0000, +0.0000, +0.0000, +0.0000, +0.0000, +0.0000, +0.0000, +0.0000, +0.0000, +0.0000, +0.0000, +0.0000, +0.0000, +0.0000, +0.0000, +0.0000, +0.0000, +0.0000, +0.0000, +0.0000, +0.0000, +0.0000, +0.0000, +0.0000, +0.0000, +0.0000, +0.0000, +0.0000, +0.0000, +0.0000, +0.0000, +0.0000, +0.0000, +0.0000, +0.0000, +0.0000, +0.0000, +0.0000, +0.0000, +0.0000, +0.0000, +0.0000, +0.0000, +0.0000, +0.0000, +0.0000, +0.0000, +0.0000, +0.0000, +0.0000, +0.0000, +0.0000, +0.0000, +0.0000, +0.0000, +0.0000, +0.0000, +0.0000, +0.0000, +0.0000, +0.0000, +0.0000, +0.0000, +0.0000, +0.0000, +0.0000, +0.0000, +0.0000, +0.0000, +0.0000, +0.0000, +0.0000, +0.0000, +0.0000, +0.0000, +0.0000, +0.0000, +0.0000, +0.0000, +0.0000, +0.0000, +0.0000, +0.0000, +0.0000, +0.0000, +0.0000, +0.0000, +0.0000, +0.0000, +0.0000, +0.0000, +0.0000, +0.0000, +0.0000, +0.0000, +0.0000, +0.0000, +0.0000, +0.0000, +0.0000, +0.0000, +0.0000, +0.0000, +0.0000, +0.0000, +0.0000, +0.0000, +0.0000, +0.0000, +0.0000, +0.0000, +0.0000, +0.0000, +0.0000, +0.0000, +0.0000, +0.0000, +0.0000, +0.0000, +0.0000, +0.0000, +0.0000]
              entropy_tge1: [+1.6094, +1.6087, +1.6045, +1.5946, +1.5820, +1.5685, +1.5743, +1.5765, +1.5666, +1.5364, +1.4963, +1.4641, +1.4188, +1.3696, +1.3182, +1.2754, +1.2271, +1.1922, +1.1600, +1.1366, +1.1306, +1.1188, +1.0952, +1.0923, +1.0685, +1.0691, +1.0455, +1.0318, +1.0305, +1.0093, +1.0285, +1.0193, +0.9932, +0.9733, +0.9809, +0.9815, +0.9758, +0.9643, +0.9419, +0.9311, +0.9207, +0.8673, +0.8620, +0.8807, +0.8807, +0.8579, +0.8073, +0.8266, +0.8335, +0.8644, +0.8429, +0.8364, +0.8099, +0.7904, +0.8147, +0.8027, +0.7820, +0.7739, +0.7607, +0.7138, +0.7018, +0.7546, +0.7266, +0.7366, +0.7654, +0.7543, +0.7462, +0.6874, +0.6445, +0.6695, +0.6355, +0.6200, +0.6079, +0.5718, +0.5781, +0.5779, +0.5619, +0.5716, +0.5858, +0.6221, +0.5794, +0.5525, +0.5295, +0.4892, +0.4624, +0.4506, +0.5729, +0.5447, +0.5561, +0.5785, +0.5545, +0.5944, +0.6541, +0.7175, +0.6393, +0.7118, +0.7379, +0.6929, +0.7242, +0.6885, +0.6654, +0.6676, +0.6690, +0.6453, +0.6130, +0.6694, +0.7049, +0.7115, +0.7443, +0.7258, +0.6775, +0.6647, +0.6295, +0.6947, +0.6820, +0.6533, +0.7301, +0.7639, +0.7377, +0.7130, +0.7088, +0.7238, +0.7187, +0.7146, +0.7648, +0.7526, +0.7600, +0.7788, +0.7785, +0.7780, +0.7715, +0.7708, +0.7656, +0.7735, +0.7667, +0.7510, +0.7649, +0.7624, +0.7618, +0.7445, +0.7524, +0.7516, +0.7704, +0.7747, +0.7581, +0.7468, +0.7272, +0.7377, +0.7384, +0.7422, +0.7229, +0.6979, +0.6877, +0.6644, +0.6541, +0.6379, +0.6155, +0.5976, +0.5922, +0.6013, +0.5843, +0.5338, +0.5459, +0.5479, +0.5638, +0.5286, +0.5047, +0.4585, +0.4611, +0.4461, +0.4184, +0.3952, +0.4349, +0.4069, +0.3885, +0.4855, +0.4121, +0.4569, +0.5058, +0.5281, +0.5165, +0.5386, +0.5469, +0.5426, +0.5316, +0.4935, +0.5215, +0.5464, +0.5230, +0.5510, +0.5080, +0.4999, +0.5100, +0.5053, +0.4689, +0.5215, +0.5059, +0.5069, +0.5531, +0.5523, +0.5329, +0.6165, +0.6406, +0.5742, +0.5404, +0.5395, +0.5811, +0.5759, +0.6152, +0.6072, +0.5871, +0.6191, +0.6281, +0.7041, +0.6971, +0.6763, +0.6728, +0.6560, +0.6435, +0.6695, +0.6354, +0.6389, +0.6450, +0.6486, +0.6558, +0.7322, +0.7501, +0.7639, +0.7751, +0.8038, +0.8121, +0.8205, +0.8303, +0.8384, +0.8320, +0.8292, +0.8421, +0.8452, +0.8287, +0.8005, +0.8079, +0.7851, +0.7802, +0.7852, +0.7969, +0.7941, +0.7913, +0.7765, +0.7801, +0.7889, +0.8007, +0.8108, +0.7879, +0.8063, +0.8006, +0.8227, +0.8294, +0.8149, +0.8249, +0.8100, +0.7914, +0.8274, +0.8147, +0.8077, +0.8051, +0.8135, +0.8326, +0.8189, +0.8080, +0.7936, +0.7850, +0.7796, +0.7895, +0.7644, +0.7687, +0.7556, +0.7454, +0.7577, +0.7441, +0.7800, +0.7648, +0.7397, +0.7409, +0.6822, +0.7079, +0.7112, +0.7102, +0.6764, +0.6543, +0.6725, +0.7065, +0.7221, +0.6997, +0.6790, +0.6641, +0.6816, +0.6755, +0.6817, +0.6748, +0.6560, +0.6405, +0.6430, +0.6182, +0.6274, +0.6526, +0.6341, +0.6459, +0.6374, +0.6006, +0.6109, +0.6040, +0.5876, +0.5991, +0.5514, +0.5300, +0.5422, +0.5425, +0.5568, +0.5341, +0.5126, +0.4692, +0.4859, +0.4895, +0.5093, +0.4887, +0.4928, +0.5364, +0.5811, +0.6144, +0.6551, +0.6500, +0.6276, +0.6306, +0.6412, +0.6707, +0.6953, +0.7096, +0.7189, +0.7447, +0.7346, +0.7398, +0.7366, +0.7413, +0.7281, +0.7242, +0.7465, +0.7577, +0.7544, +0.7439, +0.7224, +0.7092, +0.6984, +0.6893, +0.6746, +0.6789, +0.6910, +0.6763, +0.6887, +0.6756, +0.6815, +0.6744, +0.6894, +0.6950, +0.6773, +0.6754, +0.6776, +0.6778, +0.6865, +0.7132, +0.7191, +0.7322, +0.7673, +0.7489, +0.7653, +0.7739, +0.7881, +0.7992, +0.7951, +0.7858, +0.7998, +0.7842, +0.7931, +0.7765, +0.7602, +0.7639, +0.7643, +0.7547, +0.7652, +0.7632, +0.7498, +0.7399, +0.7449, +0.7381, +0.7443, +0.7298, +0.7454, +0.7558, +0.7622, +0.7647, +0.7696, +0.7781, +0.7835, +0.8020, +0.8026, +0.7954, +0.7910, +0.8073, +0.7937, +0.8021, +0.8102, +0.7883, +0.7864, +0.7874, +0.7762, +0.7944, +0.7887, +0.7881, +0.7893, +0.7830, +0.7801, +0.7823, +0.7735, +0.7813, +0.7824, +0.7873, +0.7966, +0.7942, +0.7934, +0.7872, +0.7880, +0.7777, +0.7844, +0.7875, +0.8032, +0.7890, +0.8011, +0.8046, +0.7898, +0.8028, +0.7920, +0.7993, +0.8002, +0.7995, +0.7928, +0.7941, +0.7956, +0.8060, +0.7989, +0.8031, +0.7983, +0.7958, +0.8008, +0.8086, +0.8062, +0.8001, +0.8151, +0.8087, +0.7984, +0.7976, +0.8047, +0.8015, +0.8059, +0.7937, +0.8070, +0.8081, +0.8113, +0.8044, +0.8108, +0.8124, +0.8105, +0.8227, +0.8250, +0.8149, +0.8212, +0.8020, +0.8145, +0.8228, +0.8311, +0.8152, +0.8220, +0.8290, +0.8222, +0.8293, +0.8203, +0.8238, +0.8150, +0.8203, +0.8148, +0.8105, +0.8186, +0.8105, +0.8180, +0.8155, +0.8160, +0.8122, +0.7992, +0.8015, +0.7975, +0.7916, +0.7856, +0.7763, +0.7796, +0.7775, +0.7853, +0.7838, +0.7906, +0.7776, +0.7841, +0.7776, +0.7838, +0.7891, +0.7933, +0.8067, +0.8070, +0.8057, +0.7987, +0.8004, +0.7930, +0.8026, +0.7959, +0.7997, +0.8089, +0.8092, +0.8133, +0.8173, +0.8115, +0.7984, +0.8040, +0.8011, +0.8002, +0.7941, +0.7986, +0.8031, +0.7903, +0.8002, +0.7948, +0.7920, +0.7889, +0.7795, +0.7855, +0.8029, +0.7984, +0.8110, +0.8165, +0.8149, +0.8235, +0.8117, +0.8111, +0.8064, +0.8025, +0.7967, +0.8048, +0.7913, +0.8059, +0.8085, +0.8091, +0.8089, +0.8206, +0.8095, +0.8096, +0.8162, +0.8035, +0.8014, +0.8018, +0.7973, +0.7927, +0.7963, +0.7849, +0.7971, +0.7966, +0.8021, +0.7881, +0.7904, +0.7837, +0.7838, +0.7695, +0.7695, +0.7641, +0.7702, +0.7686, +0.7741, +0.7816, +0.7797, +0.7870, +0.7958, +0.8003, +0.7941, +0.7890, +0.7778, +0.7858, +0.7861, +0.7829, +0.7758, +0.7710, +0.7649, +0.7716, +0.7767, +0.7661, +0.7644, +0.7732, +0.7774, +0.7687, +0.7688, +0.7782, +0.7795, +0.7743, +0.7668, +0.7689, +0.7690, +0.7725, +0.7682, +0.7622, +0.7650, +0.7587, +0.7602, +0.7546, +0.7527, +0.7489, +0.7483, +0.7552, +0.7545, +0.7559, +0.7516, +0.7617, +0.7662, +0.7584, +0.7610, +0.7622, +0.7710, +0.7597, +0.7705, +0.7762, +0.7773, +0.7739, +0.7736, +0.7738, +0.7687, +0.7629, +0.7683, +0.7744, +0.7712, +0.7743, +0.7641, +0.7669, +0.7591, +0.7580, +0.7496, +0.7551, +0.7544, +0.7526, +0.7604, +0.7568, +0.7591, +0.7626, +0.7571, +0.7629, +0.7618, +0.7550, +0.7501, +0.7520, +0.7416, +0.7469, +0.7432, +0.7410, +0.7414, +0.7386, +0.7381, +0.7423, +0.7605, +0.7586, +0.7544, +0.7515, +0.7518, +0.7459, +0.7406, +0.7454, +0.7418, +0.7342, +0.7390, +0.7332, +0.7346, +0.7428, +0.7346, +0.7312, +0.7186, +0.7149, +0.7338, +0.7417, +0.7382, +0.7423, +0.7399, +0.7306, +0.7300, +0.7379, +0.7217, +0.7387, +0.7406, +0.7344, +0.7321, +0.7352, +0.7255, +0.7251, +0.7293, +0.7267, +0.7299, +0.7314, +0.7273, +0.7299, +0.7365, +0.7386, +0.7359, +0.7477, +0.7392, +0.7548, +0.7502, +0.7449, +0.7413, +0.7496, +0.7532, +0.7349, +0.7393, +0.7368, +0.7444, +0.7455, +0.7373, +0.7397, +0.7365, +0.7312, +0.7226, +0.7292, +0.7263, +0.7337, +0.7376, +0.7295, +0.7326, +0.7274, +0.7362, +0.7347, +0.7350, +0.7253, +0.7389, +0.7368, +0.7400, +0.7478, +0.7433, +0.7474, +0.7442, +0.7526, +0.7469, +0.7525, +0.7433, +0.7523, +0.7467, +0.7560, +0.7478, +0.7451, +0.7569, +0.7447, +0.7471, +0.7489, +0.7427, +0.7441, +0.7478, +0.7441, +0.7355, +0.7466, +0.7413, +0.7492, +0.7465, +0.7492, +0.7524, +0.7489, +0.7487, +0.7406, +0.7450, +0.7399, +0.7431, +0.7407, +0.7449, +0.7405, +0.7339, +0.7418, +0.7353, +0.7387, +0.7285, +0.7371, +0.7323, +0.7244, +0.7285, +0.7396, +0.7362, +0.7359, +0.7365, +0.7408, +0.7393, +0.7356, +0.7423, +0.7313, +0.7319, +0.7411, +0.7343, +0.7319, +0.7337, +0.7313, +0.7391, +0.7357, +0.7432, +0.7442, +0.7473, +0.7399, +0.7392, +0.7389, +0.7422, +0.7412, +0.7366, +0.7381, +0.7330, +0.7387, +0.7439, +0.7382, +0.7388, +0.7395, +0.7328, +0.7437, +0.7390, +0.7402, +0.7446, +0.7443, +0.7479, +0.7420, +0.7493, +0.7452, +0.7372, +0.7514, +0.7460, +0.7552, +0.7467, +0.7481, +0.7485, +0.7445, +0.7434, +0.7417, +0.7418, +0.7444, +0.7481, +0.7400, +0.7359, +0.7422, +0.7475, +0.7406, +0.7443, +0.7416, +0.7389, +0.7355, +0.7360, +0.7341, +0.7418, +0.7326, +0.7318, +0.7394, +0.7393, +0.7393, +0.7411, +0.7403, +0.7465, +0.7388, +0.7392, +0.7407, +0.7436, +0.7396, +0.7371, +0.7363, +0.7436, +0.7331, +0.7449, +0.7410, +0.7435, +0.7391, +0.7434, +0.7417, +0.7407, +0.7395, +0.7420, +0.7413, +0.7362, +0.7389, +0.7429, +0.7346, +0.7455, +0.7398, +0.7403, +0.7389, +0.7450, +0.7402, +0.7442, +0.7462, +0.7470, +0.7501, +0.7416, +0.7437, +0.7504, +0.7444, +0.7464, +0.7433, +0.7461, +0.7472, +0.7457, +0.7425, +0.7458, +0.7429, +0.7426, +0.7454, +0.7431, +0.7430, +0.7474]
              t0_alloc_red: [+0.5068, +0.4651, +0.3814, +0.2864, +0.2118, +0.2079, +0.1752, +0.1365, +0.1029, +0.0671, +0.0573, +0.0734, +0.0325, +0.0233, +0.0242, +0.0175, +0.0147, +0.0082, +0.0047, +0.0039, +0.0027, +0.0026, +0.0015, +0.0011, +0.0010, +0.0003, +0.0007, +0.0000, +0.0003, +0.0000, +0.0000, +0.0000, +0.0000, +0.0000, +0.0003, +0.0003, +0.0000, +0.0000, +0.0000, +0.0000, +0.0000, +0.0000, +0.0000, +0.0000, +0.0003, +0.0000, +0.0000, +0.0003, +0.0000, +0.0005, +0.0000, +0.0003, +0.0000, +0.0000, +0.0000, +0.0000, +0.0000, +0.0000, +0.0000, +0.0000, +0.0000, +0.0000, +0.0000, +0.0000, +0.0000, +0.0000, +0.0000, +0.0002, +0.0000, +0.0000, +0.0000, +0.0000, +0.0000, +0.0000, +0.0000, +0.0000, +0.0000, +0.0000, +0.0000, +0.0000, +0.0000, +0.0000, +0.0000, +0.0000, +0.0000, +0.0000, +0.0000, +0.0000, +0.0000, +0.0000, +0.0003, +0.0000, +0.0000, +0.0000, +0.0000, +0.0000, +0.0000, +0.0000, +0.0000, +0.0000, +0.0000, +0.0000, +0.0000, +0.0000, +0.0000, +0.0000, +0.0000, +0.0000, +0.0000, +0.0000, +0.0000, +0.0000, +0.0000, +0.0000, +0.0000, +0.0000, +0.0000, +0.0000, +0.0000, +0.0000, +0.0003, +0.0000, +0.0005, +0.0000, +0.0000, +0.0000, +0.0000, +0.0002, +0.0000, +0.0000, +0.0000, +0.0000, +0.0000, +0.0000, +0.0000, +0.0000, +0.0000, +0.0000, +0.0000, +0.0000, +0.0000, +0.0000, +0.0000, +0.0000, +0.0000, +0.0000, +0.0000, +0.0000, +0.0002, +0.0000, +0.0000, +0.0000, +0.0000, +0.0000, +0.0000, +0.0000, +0.0005, +0.0000, +0.0005, +0.0000, +0.0000, +0.0000, +0.0000, +0.0000, +0.0002, +0.0000, +0.0000, +0.0000, +0.0000, +0.0000, +0.0000, +0.0000, +0.0000, +0.0000, +0.0000, +0.0000, +0.0000, +0.0002, +0.0000, +0.0000, +0.0003, +0.0000, +0.0005, +0.0003, +0.0002, +0.0000, +0.0000, +0.0000, +0.0000, +0.0000, +0.0000, +0.0000, +0.0000, +0.0000, +0.0000, +0.0000, +0.0000, +0.0002, +0.0000, +0.0005, +0.0000, +0.0408, +0.0268, +0.0218, +0.0055, +0.0050, +0.0038, +0.0010, +0.0005, +0.0002, +0.0005, +0.0000, +0.0002, +0.0015, +0.0017, +0.0017, +0.0002, +0.0007, +0.0005, +0.0002, +0.0000, +0.0000, +0.0000, +0.0000, +0.0002, +0.0002, +0.0000, +0.0000, +0.0000, +0.0000, +0.0000, +0.0000, +0.0002, +0.0000, +0.0000, +0.0002, +0.0002, +0.0002, +0.0000, +0.0000, +0.0000, +0.0002, +0.0000, +0.0002, +0.0002, +0.0002, +0.0000, +0.0000, +0.0000, +0.0000, +0.0002, +0.0000, +0.0002, +0.0000, +0.0000, +0.0000, +0.0000, +0.0000, +0.0000, +0.0000, +0.0000, +0.0000, +0.0000, +0.0000, +0.0000, +0.0000, +0.0000, +0.0000, +0.0000, +0.0000, +0.0000, +0.0002, +0.0000, +0.0002, +0.0000, +0.0000, +0.0000, +0.0002, +0.0000, +0.0000, +0.0000, +0.0000, +0.0000, +0.0000, +0.0000, +0.0000, +0.0000, +0.0000, +0.0000, +0.0000, +0.0000, +0.0000, +0.0000, +0.0000, +0.0000, +0.0000, +0.0000, +0.0000, +0.0000, +0.0000, +0.0002, +0.0000, +0.0000, +0.0000, +0.0000, +0.0000, +0.0000, +0.0000, +0.0000, +0.0000, +0.0000, +0.0000, +0.0000, +0.0000, +0.0000, +0.0000, +0.0002, +0.0000, +0.0000, +0.0000, +0.0000, +0.0000, +0.0000, +0.0000, +0.0000, +0.0000, +0.0000, +0.0000, +0.0000, +0.0000, +0.0000, +0.0000, +0.0000, +0.0000, +0.0000, +0.0000, +0.0000, +0.0000, +0.0002, +0.0000, +0.0002, +0.0000, +0.0000, +0.0000, +0.0000, +0.0000, +0.0000, +0.0000, +0.0002, +0.0000, +0.0000, +0.0000, +0.0000, +0.0000, +0.0000, +0.0002, +0.0000, +0.0000, +0.0000, +0.0000, +0.0000, +0.0000, +0.0000, +0.0000, +0.0000, +0.0000, +0.0002, +0.0000, +0.0000, +0.0000, +0.0000, +0.0000, +0.0000, +0.0000, +0.0002, +0.0000, +0.0000, +0.0000, +0.0000, +0.0000, +0.0000, +0.0000, +0.0000, +0.0002, +0.0000, +0.0000, +0.0000, +0.0000, +0.0000, +0.0000, +0.0000, +0.0000, +0.0000, +0.0000, +0.0000, +0.0000, +0.0000, +0.0000, +0.0000, +0.0000, +0.0000, +0.0000, +0.0000, +0.0000, +0.0000, +0.0000, +0.0000, +0.0000, +0.0000, +0.0000, +0.0002, +0.0000, +0.0002, +0.0000, +0.0000, +0.0000, +0.0000, +0.0000, +0.0000, +0.0000, +0.0000, +0.0000, +0.0002, +0.0000, +0.0000, +0.0000, +0.0000, +0.0000, +0.0000, +0.0000, +0.0000, +0.0000, +0.0000, +0.0000, +0.0000, +0.0000, +0.0000, +0.0000, +0.0000, +0.0000, +0.0000, +0.0000, +0.0000, +0.0000, +0.0000, +0.0000, +0.0000, +0.0000, +0.0000, +0.0000, +0.0000, +0.0000, +0.0000, +0.0000, +0.0000, +0.0002, +0.0000, +0.0000, +0.0000, +0.0000, +0.0000, +0.0000, +0.0000, +0.0000, +0.0000, +0.0002, +0.0000, +0.0000, +0.0000, +0.0000, +0.0000, +0.0000, +0.0000, +0.0000, +0.0000, +0.0000, +0.0000, +0.0000, +0.0000, +0.0000, +0.0000, +0.0000, +0.0000, +0.0000, +0.0000, +0.0000, +0.0000, +0.0000, +0.0000, +0.0000, +0.0000, +0.0000, +0.0000, +0.0000, +0.0000, +0.0000, +0.0000, +0.0000, +0.0000, +0.0000, +0.0000, +0.0000, +0.0000, +0.0000, +0.0000, +0.0000, +0.0000, +0.0002, +0.0002, +0.0000, +0.0000, +0.0002, +0.0000, +0.0000, +0.0000, +0.0000, +0.0000, +0.0002, +0.0000, +0.0000, +0.0002, +0.0000, +0.0000, +0.0000, +0.0000, +0.0002, +0.0000, +0.0000, +0.0000, +0.0000, +0.0000, +0.0000, +0.0000, +0.0000, +0.0000, +0.0002, +0.0000, +0.0000, +0.0000, +0.0002, +0.0002, +0.0000, +0.0000, +0.0000, +0.0000, +0.0000, +0.0000, +0.0000, +0.0000, +0.0000, +0.0000, +0.0000, +0.0000, +0.0000, +0.0000, +0.0000, +0.0000, +0.0000, +0.0000, +0.0000, +0.0000, +0.0000, +0.0000, +0.0000, +0.0000, +0.0000, +0.0000, +0.0000, +0.0000, +0.0002, +0.0000, +0.0000, +0.0000, +0.0000, +0.0000, +0.0000, +0.0000, +0.0000, +0.0000, +0.0000, +0.0000, +0.0000, +0.0000, +0.0000, +0.0000, +0.0000, +0.0000, +0.0000, +0.0000, +0.0000, +0.0000, +0.0000, +0.0000, +0.0000, +0.0000, +0.0000, +0.0000, +0.0000, +0.0000, +0.0000, +0.0000, +0.0000, +0.0000, +0.0000, +0.0000, +0.0000, +0.0000, +0.0000, +0.0000, +0.0000, +0.0000, +0.0000, +0.0000, +0.0000, +0.0000, +0.0000, +0.0000, +0.0000, +0.0000, +0.0000, +0.0000, +0.0000, +0.0000, +0.0000, +0.0000, +0.0000, +0.0000, +0.0000, +0.0000, +0.0000, +0.0000, +0.0000, +0.0000, +0.0000, +0.0000, +0.0000, +0.0000, +0.0000, +0.0000, +0.0000, +0.0000, +0.0000, +0.0000, +0.0000, +0.0000, +0.0000, +0.0000, +0.0000, +0.0000, +0.0000, +0.0000, +0.0000, +0.0000, +0.0000, +0.0000, +0.0000, +0.0000, +0.0000, +0.0000, +0.0000, +0.0000, +0.0000, +0.0000, +0.0000, +0.0000, +0.0000, +0.0000, +0.0000, +0.0000, +0.0000, +0.0000, +0.0000, +0.0000, +0.0000, +0.0000, +0.0000, +0.0000, +0.0000, +0.0000, +0.0000, +0.0000, +0.0000, +0.0000, +0.0000, +0.0000, +0.0000, +0.0000, +0.0000, +0.0000, +0.0000, +0.0000, +0.0000, +0.0000, +0.0000, +0.0000, +0.0000, +0.0000, +0.0000, +0.0000, +0.0000, +0.0000, +0.0000, +0.0000, +0.0000, +0.0000, +0.0000, +0.0000, +0.0000, +0.0000, +0.0000, +0.0000, +0.0000, +0.0000, +0.0000, +0.0000, +0.0000, +0.0000, +0.0000, +0.0000, +0.0000, +0.0000, +0.0000, +0.0000, +0.0000, +0.0000, +0.0000, +0.0000, +0.0000, +0.0000, +0.0000, +0.0000, +0.0000, +0.0000, +0.0000, +0.0000, +0.0000, +0.0000, +0.0000, +0.0000, +0.0000, +0.0000, +0.0000, +0.0000, +0.0000, +0.0000, +0.0000, +0.0000, +0.0000, +0.0000, +0.0000, +0.0000, +0.0000, +0.0000, +0.0000, +0.0000, +0.0000, +0.0000, +0.0000, +0.0000, +0.0000, +0.0000, +0.0000, +0.0000, +0.0000, +0.0000, +0.0000, +0.0000, +0.0000, +0.0000, +0.0000, +0.0000, +0.0000, +0.0000, +0.0000, +0.0000, +0.0000, +0.0000, +0.0000, +0.0000, +0.0000, +0.0000, +0.0000, +0.0000, +0.0000, +0.0000, +0.0000, +0.0000, +0.0000, +0.0000, +0.0000, +0.0000, +0.0000, +0.0000, +0.0000, +0.0000, +0.0000, +0.0000, +0.0000, +0.0000, +0.0000, +0.0000, +0.0000, +0.0000, +0.0000, +0.0000, +0.0000, +0.0000, +0.0000, +0.0000, +0.0000, +0.0000, +0.0000, +0.0000, +0.0000, +0.0000, +0.0000, +0.0000, +0.0000, +0.0000, +0.0002, +0.0000, +0.0000, +0.0000, +0.0000, +0.0000, +0.0000, +0.0000, +0.0000, +0.0000, +0.0000, +0.0000, +0.0000, +0.0000, +0.0000, +0.0000, +0.0000, +0.0000, +0.0000, +0.0000, +0.0000, +0.0000, +0.0000, +0.0000, +0.0000, +0.0000, +0.0000, +0.0000, +0.0000, +0.0000, +0.0000, +0.0000, +0.0000, +0.0000, +0.0000, +0.0000, +0.0000, +0.0000, +0.0000, +0.0000, +0.0000, +0.0000, +0.0000, +0.0000, +0.0000, +0.0000, +0.0000, +0.0000, +0.0000, +0.0000, +0.0000, +0.0000, +0.0000, +0.0000, +0.0000, +0.0000, +0.0000, +0.0000, +0.0000, +0.0000, +0.0000, +0.0000, +0.0000, +0.0000, +0.0000, +0.0000, +0.0000, +0.0000, +0.0000, +0.0000, +0.0000, +0.0000, +0.0000, +0.0000, +0.0000, +0.0000, +0.0000, +0.0000, +0.0000, +0.0000, +0.0000, +0.0000, +0.0000, +0.0000, +0.0000, +0.0000, +0.0000, +0.0002, +0.0000, +0.0000, +0.0000, +0.0000, +0.0000, +0.0000, +0.0000, +0.0000]
             t0_alloc_blue: [+0.4932, +0.5349, +0.6186, +0.7136, +0.7882, +0.7921, +0.8248, +0.8635, +0.8971, +0.9329, +0.9427, +0.9266, +0.9675, +0.9767, +0.9758, +0.9825, +0.9853, +0.9918, +0.9953, +0.9961, +0.9973, +0.9974, +0.9985, +0.9989, +0.9990, +0.9997, +0.9993, +1.0000, +0.9997, +1.0000, +1.0000, +1.0000, +1.0000, +1.0000, +0.9997, +0.9997, +1.0000, +1.0000, +1.0000, +1.0000, +1.0000, +1.0000, +1.0000, +1.0000, +0.9997, +1.0000, +1.0000, +0.9997, +1.0000, +0.9995, +1.0000, +0.9997, +1.0000, +1.0000, +1.0000, +1.0000, +1.0000, +1.0000, +1.0000, +1.0000, +1.0000, +1.0000, +1.0000, +1.0000, +1.0000, +1.0000, +1.0000, +0.9998, +1.0000, +1.0000, +1.0000, +1.0000, +1.0000, +1.0000, +1.0000, +1.0000, +1.0000, +1.0000, +1.0000, +1.0000, +1.0000, +1.0000, +1.0000, +1.0000, +1.0000, +1.0000, +1.0000, +1.0000, +1.0000, +1.0000, +0.9997, +1.0000, +1.0000, +1.0000, +1.0000, +1.0000, +1.0000, +1.0000, +1.0000, +1.0000, +1.0000, +1.0000, +1.0000, +1.0000, +1.0000, +1.0000, +1.0000, +1.0000, +1.0000, +1.0000, +1.0000, +1.0000, +1.0000, +1.0000, +1.0000, +1.0000, +1.0000, +1.0000, +1.0000, +1.0000, +0.9997, +1.0000, +0.9995, +1.0000, +1.0000, +1.0000, +1.0000, +0.9998, +1.0000, +1.0000, +1.0000, +1.0000, +1.0000, +1.0000, +1.0000, +1.0000, +1.0000, +1.0000, +1.0000, +1.0000, +1.0000, +1.0000, +1.0000, +1.0000, +1.0000, +1.0000, +1.0000, +1.0000, +0.9998, +1.0000, +1.0000, +1.0000, +1.0000, +1.0000, +1.0000, +1.0000, +0.9995, +1.0000, +0.9995, +1.0000, +1.0000, +1.0000, +1.0000, +1.0000, +0.9998, +1.0000, +1.0000, +1.0000, +1.0000, +1.0000, +1.0000, +1.0000, +1.0000, +1.0000, +1.0000, +1.0000, +1.0000, +0.9998, +1.0000, +1.0000, +0.9997, +1.0000, +0.9995, +0.9997, +0.9998, +1.0000, +1.0000, +1.0000, +1.0000, +1.0000, +1.0000, +1.0000, +1.0000, +1.0000, +1.0000, +1.0000, +1.0000, +0.9998, +1.0000, +0.9995, +1.0000, +0.9592, +0.9732, +0.9782, +0.9945, +0.9950, +0.9962, +0.9990, +0.9995, +0.9998, +0.9995, +1.0000, +0.9998, +0.9985, +0.9983, +0.9983, +0.9998, +0.9993, +0.9995, +0.9998, +1.0000, +1.0000, +1.0000, +1.0000, +0.9998, +0.9998, +1.0000, +1.0000, +1.0000, +1.0000, +1.0000, +1.0000, +0.9998, +1.0000, +1.0000, +0.9998, +0.9998, +0.9998, +1.0000, +1.0000, +1.0000, +0.9998, +1.0000, +0.9998, +0.9998, +0.9998, +1.0000, +1.0000, +1.0000, +1.0000, +0.9998, +1.0000, +0.9998, +1.0000, +1.0000, +1.0000, +1.0000, +1.0000, +1.0000, +1.0000, +1.0000, +1.0000, +1.0000, +1.0000, +1.0000, +1.0000, +1.0000, +1.0000, +1.0000, +1.0000, +1.0000, +0.9998, +1.0000, +0.9998, +1.0000, +1.0000, +1.0000, +0.9998, +1.0000, +1.0000, +1.0000, +1.0000, +1.0000, +1.0000, +1.0000, +1.0000, +1.0000, +1.0000, +1.0000, +1.0000, +1.0000, +1.0000, +1.0000, +1.0000, +1.0000, +1.0000, +1.0000, +1.0000, +1.0000, +1.0000, +0.9998, +1.0000, +1.0000, +1.0000, +1.0000, +1.0000, +1.0000, +1.0000, +1.0000, +1.0000, +1.0000, +1.0000, +1.0000, +1.0000, +1.0000, +1.0000, +0.9998, +1.0000, +1.0000, +1.0000, +1.0000, +1.0000, +1.0000, +1.0000, +1.0000, +1.0000, +1.0000, +1.0000, +1.0000, +1.0000, +1.0000, +1.0000, +1.0000, +1.0000, +1.0000, +1.0000, +1.0000, +1.0000, +0.9998, +1.0000, +0.9998, +1.0000, +1.0000, +1.0000, +1.0000, +1.0000, +1.0000, +1.0000, +0.9998, +1.0000, +1.0000, +1.0000, +1.0000, +1.0000, +1.0000, +0.9998, +1.0000, +1.0000, +1.0000, +1.0000, +1.0000, +1.0000, +1.0000, +1.0000, +1.0000, +1.0000, +0.9998, +1.0000, +1.0000, +1.0000, +1.0000, +1.0000, +1.0000, +1.0000, +0.9998, +1.0000, +1.0000, +1.0000, +1.0000, +1.0000, +1.0000, +1.0000, +1.0000, +0.9998, +1.0000, +1.0000, +1.0000, +1.0000, +1.0000, +1.0000, +1.0000, +1.0000, +1.0000, +1.0000, +1.0000, +1.0000, +1.0000, +1.0000, +1.0000, +1.0000, +1.0000, +1.0000, +1.0000, +1.0000, +1.0000, +1.0000, +1.0000, +1.0000, +1.0000, +1.0000, +0.9998, +1.0000, +0.9998, +1.0000, +1.0000, +1.0000, +1.0000, +1.0000, +1.0000, +1.0000, +1.0000, +1.0000, +0.9998, +1.0000, +1.0000, +1.0000, +1.0000, +1.0000, +1.0000, +1.0000, +1.0000, +1.0000, +1.0000, +1.0000, +1.0000, +1.0000, +1.0000, +1.0000, +1.0000, +1.0000, +1.0000, +1.0000, +1.0000, +1.0000, +1.0000, +1.0000, +1.0000, +1.0000, +1.0000, +1.0000, +1.0000, +1.0000, +1.0000, +1.0000, +1.0000, +0.9998, +1.0000, +1.0000, +1.0000, +1.0000, +1.0000, +1.0000, +1.0000, +1.0000, +1.0000, +0.9998, +1.0000, +1.0000, +1.0000, +1.0000, +1.0000, +1.0000, +1.0000, +1.0000, +1.0000, +1.0000, +1.0000, +1.0000, +1.0000, +1.0000, +1.0000, +1.0000, +1.0000, +1.0000, +1.0000, +1.0000, +1.0000, +1.0000, +1.0000, +1.0000, +1.0000, +1.0000, +1.0000, +1.0000, +1.0000, +1.0000, +1.0000, +1.0000, +1.0000, +1.0000, +1.0000, +1.0000, +1.0000, +1.0000, +1.0000, +1.0000, +1.0000, +0.9998, +0.9998, +1.0000, +1.0000, +0.9998, +1.0000, +1.0000, +1.0000, +1.0000, +1.0000, +0.9998, +1.0000, +1.0000, +0.9998, +1.0000, +1.0000, +1.0000, +1.0000, +0.9998, +1.0000, +1.0000, +1.0000, +1.0000, +1.0000, +1.0000, +1.0000, +1.0000, +1.0000, +0.9998, +1.0000, +1.0000, +1.0000, +0.9998, +0.9998, +1.0000, +1.0000, +1.0000, +1.0000, +1.0000, +1.0000, +1.0000, +1.0000, +1.0000, +1.0000, +1.0000, +1.0000, +1.0000, +1.0000, +1.0000, +1.0000, +1.0000, +1.0000, +1.0000, +1.0000, +1.0000, +1.0000, +1.0000, +1.0000, +1.0000, +1.0000, +1.0000, +1.0000, +0.9998, +1.0000, +1.0000, +1.0000, +1.0000, +1.0000, +1.0000, +1.0000, +1.0000, +1.0000, +1.0000, +1.0000, +1.0000, +1.0000, +1.0000, +1.0000, +1.0000, +1.0000, +1.0000, +1.0000, +1.0000, +1.0000, +1.0000, +1.0000, +1.0000, +1.0000, +1.0000, +1.0000, +1.0000, +1.0000, +1.0000, +1.0000, +1.0000, +1.0000, +1.0000, +1.0000, +1.0000, +1.0000, +1.0000, +1.0000, +1.0000, +1.0000, +1.0000, +1.0000, +1.0000, +1.0000, +1.0000, +1.0000, +1.0000, +1.0000, +1.0000, +1.0000, +1.0000, +1.0000, +1.0000, +1.0000, +1.0000, +1.0000, +1.0000, +1.0000, +1.0000, +1.0000, +1.0000, +1.0000, +1.0000, +1.0000, +1.0000, +1.0000, +1.0000, +1.0000, +1.0000, +1.0000, +1.0000, +1.0000, +1.0000, +1.0000, +1.0000, +1.0000, +1.0000, +1.0000, +1.0000, +1.0000, +1.0000, +1.0000, +1.0000, +1.0000, +1.0000, +1.0000, +1.0000, +1.0000, +1.0000, +1.0000, +1.0000, +1.0000, +1.0000, +1.0000, +1.0000, +1.0000, +1.0000, +1.0000, +1.0000, +1.0000, +1.0000, +1.0000, +1.0000, +1.0000, +1.0000, +1.0000, +1.0000, +1.0000, +1.0000, +1.0000, +1.0000, +1.0000, +1.0000, +1.0000, +1.0000, +1.0000, +1.0000, +1.0000, +1.0000, +1.0000, +1.0000, +1.0000, +1.0000, +1.0000, +1.0000, +1.0000, +1.0000, +1.0000, +1.0000, +1.0000, +1.0000, +1.0000, +1.0000, +1.0000, +1.0000, +1.0000, +1.0000, +1.0000, +1.0000, +1.0000, +1.0000, +1.0000, +1.0000, +1.0000, +1.0000, +1.0000, +1.0000, +1.0000, +1.0000, +1.0000, +1.0000, +1.0000, +1.0000, +1.0000, +1.0000, +1.0000, +1.0000, +1.0000, +1.0000, +1.0000, +1.0000, +1.0000, +1.0000, +1.0000, +1.0000, +1.0000, +1.0000, +1.0000, +1.0000, +1.0000, +1.0000, +1.0000, +1.0000, +1.0000, +1.0000, +1.0000, +1.0000, +1.0000, +1.0000, +1.0000, +1.0000, +1.0000, +1.0000, +1.0000, +1.0000, +1.0000, +1.0000, +1.0000, +1.0000, +1.0000, +1.0000, +1.0000, +1.0000, +1.0000, +1.0000, +1.0000, +1.0000, +1.0000, +1.0000, +1.0000, +1.0000, +1.0000, +1.0000, +1.0000, +1.0000, +1.0000, +1.0000, +1.0000, +1.0000, +1.0000, +1.0000, +1.0000, +1.0000, +1.0000, +1.0000, +1.0000, +1.0000, +1.0000, +1.0000, +1.0000, +1.0000, +1.0000, +1.0000, +1.0000, +1.0000, +1.0000, +1.0000, +1.0000, +1.0000, +1.0000, +1.0000, +1.0000, +1.0000, +1.0000, +1.0000, +1.0000, +1.0000, +1.0000, +1.0000, +1.0000, +1.0000, +1.0000, +1.0000, +1.0000, +1.0000, +1.0000, +1.0000, +1.0000, +0.9998, +1.0000, +1.0000, +1.0000, +1.0000, +1.0000, +1.0000, +1.0000, +1.0000, +1.0000, +1.0000, +1.0000, +1.0000, +1.0000, +1.0000, +1.0000, +1.0000, +1.0000, +1.0000, +1.0000, +1.0000, +1.0000, +1.0000, +1.0000, +1.0000, +1.0000, +1.0000, +1.0000, +1.0000, +1.0000, +1.0000, +1.0000, +1.0000, +1.0000, +1.0000, +1.0000, +1.0000, +1.0000, +1.0000, +1.0000, +1.0000, +1.0000, +1.0000, +1.0000, +1.0000, +1.0000, +1.0000, +1.0000, +1.0000, +1.0000, +1.0000, +1.0000, +1.0000, +1.0000, +1.0000, +1.0000, +1.0000, +1.0000, +1.0000, +1.0000, +1.0000, +1.0000, +1.0000, +1.0000, +1.0000, +1.0000, +1.0000, +1.0000, +1.0000, +1.0000, +1.0000, +1.0000, +1.0000, +1.0000, +1.0000, +1.0000, +1.0000, +1.0000, +1.0000, +1.0000, +1.0000, +1.0000, +1.0000, +1.0000, +1.0000, +1.0000, +1.0000, +0.9998, +1.0000, +1.0000, +1.0000, +1.0000, +1.0000, +1.0000, +1.0000, +1.0000]
[main] saved params (seed 0) -> /juice6/u/jshe/emergent_partner_grid/train/train_logs/v1_balanced_training/counterbalanced1096_20261007_001529_seeds6to10/rnn_single_influence_seed6.safetensors
[main] saved resolved config -> /juice6/u/jshe/emergent_partner_grid/train/train_logs/v1_balanced_training/counterbalanced1096_20261007_001529_seeds6to10/rnn_single_influence_seed6_config.json
[sampling audit] /juice6/u/jshe/emergent_partner_grid/train/train_logs/v1_balanced_training/counterbalanced1096_20261007_001529_seeds6to10/rnn_single_influence_seed6_sampling_audit.json
[eval] train: layouts_dir=/juice6/u/jshe/emergent_partner_grid/train/run_snapshots/counterbalanced1096_20261002_235609/corpus/layouts/train, 20 episodes/cap × 24 capability pairs...
[eval] train: round_success_overall=0.983  (n_rounds=9600)
    cap=(1,4)  succ=1.000  n_rounds=400
    cap=(1,7)  succ=1.000  n_rounds=400
    cap=(1,8)  succ=0.995  n_rounds=400
    cap=(1,9)  succ=0.995  n_rounds=400
    cap=(2,4)  succ=0.995  n_rounds=400
    cap=(2,7)  succ=0.998  n_rounds=400
    cap=(2,8)  succ=0.998  n_rounds=400
    cap=(2,9)  succ=0.998  n_rounds=400
    cap=(3,4)  succ=0.995  n_rounds=400
    cap=(3,7)  succ=0.988  n_rounds=400
    cap=(3,8)  succ=0.990  n_rounds=400
    cap=(3,9)  succ=0.998  n_rounds=400
    cap=(4,1)  succ=1.000  n_rounds=400
    cap=(4,2)  succ=0.990  n_rounds=400
    cap=(4,3)  succ=0.995  n_rounds=400
    cap=(7,1)  succ=0.985  n_rounds=400
    cap=(7,2)  succ=0.983  n_rounds=400
    cap=(7,3)  succ=0.995  n_rounds=400
    cap=(8,1)  succ=0.947  n_rounds=400
    cap=(8,2)  succ=0.970  n_rounds=400
    cap=(8,3)  succ=0.962  n_rounds=400
    cap=(9,1)  succ=0.935  n_rounds=400
    cap=(9,2)  succ=0.933  n_rounds=400
    cap=(9,3)  succ=0.940  n_rounds=400
[eval] test: layouts_dir=/juice6/u/jshe/emergent_partner_grid/train/run_snapshots/counterbalanced1096_20261002_235609/corpus/layouts/train, 20 episodes/cap × 22 capability pairs...
[eval] test: round_success_overall=0.989  (n_rounds=8800)
    cap=(0,5)  succ=0.983  n_rounds=400
    cap=(0,6)  succ=0.988  n_rounds=400
    cap=(1,5)  succ=0.993  n_rounds=400
    cap=(1,6)  succ=0.998  n_rounds=400
    cap=(2,5)  succ=1.000  n_rounds=400
    cap=(2,6)  succ=0.998  n_rounds=400
    cap=(3,5)  succ=0.998  n_rounds=400
    cap=(3,6)  succ=0.995  n_rounds=400
    cap=(7,0)  succ=0.975  n_rounds=400
    cap=(8,0)  succ=0.983  n_rounds=400
    cap=(9,0)  succ=0.957  n_rounds=400
    cap=(5,0)  succ=0.993  n_rounds=400
    cap=(5,1)  succ=0.995  n_rounds=400
    cap=(5,2)  succ=0.998  n_rounds=400
    cap=(5,3)  succ=0.985  n_rounds=400
    cap=(6,0)  succ=0.983  n_rounds=400
    cap=(6,1)  succ=0.985  n_rounds=400
    cap=(6,2)  succ=1.000  n_rounds=400
    cap=(6,3)  succ=0.983  n_rounds=400
    cap=(0,7)  succ=0.990  n_rounds=400
    cap=(0,8)  succ=0.988  n_rounds=400
    cap=(0,9)  succ=0.988  n_rounds=400
[eval] wrote per-capability / per-round numbers -> /juice6/u/jshe/emergent_partner_grid/train/train_logs/v1_balanced_training/counterbalanced1096_20261007_001529_seeds6to10/rnn_single_influence_seed6_eval.json
