[main] compiling and running 1 seed(s)...
[counterbalanced schedule] {'sampling_protocol': 'paired_counterbalanced_v1', 'seed': 2026, 'n_layouts': 1096, 'n_profiles': 24, 'rounds_per_episode': 20, 'passes_per_cycle': 5, 'episodes_per_profile_per_cycle': 274, 'rounds_per_cycle': 131520, 'visits_per_profile_layout_per_cycle': 5, 'packets': 125218, 'preallocated_episodes': 3005232, 'preallocated_rounds': 60104640, 'maximum_allocated_episode_imbalance_at_any_prefix': 1}
[u    1] env=    65536 rsucc=0.204 n_rounds=  563 ret=+0.000 len= 0.0 ent(t0,t>=1)=(0.000,2.302) aL=-0.0018 vL=0.0780 initial=[red=0.54 blue=0.46] switch=0.498
[u    2] env=   131072 rsucc=0.168 n_rounds=  762 ret=+0.000 len= 0.0 ent(t0,t>=1)=(0.000,2.289) aL=-0.0071 vL=0.0341 initial=[red=0.49 blue=0.51] switch=0.501
[u    3] env=   196608 rsucc=0.201 n_rounds=  632 ret=+0.000 len= 0.0 ent(t0,t>=1)=(0.000,2.238) aL=-0.0078 vL=0.0204 initial=[red=0.49 blue=0.51] switch=0.466
[u    4] env=   262144 rsucc=0.199 n_rounds=  745 ret=+0.000 len= 0.0 ent(t0,t>=1)=(0.000,2.176) aL=-0.0069 vL=0.0160 initial=[red=0.51 blue=0.49] switch=0.417
[u    5] env=   327680 rsucc=0.238 n_rounds=  702 ret=+0.000 len= 0.0 ent(t0,t>=1)=(0.000,2.108) aL=-0.0052 vL=0.0123 initial=[red=0.53 blue=0.47] switch=0.365
[u    6] env=   393216 rsucc=0.215 n_rounds=  740 ret=-3.386 len=1462.2 ent(t0,t>=1)=(0.000,2.042) aL=-0.0030 vL=0.0107 initial=[red=0.48 blue=0.52] switch=0.312
[u    7] env=   458752 rsucc=0.253 n_rounds=  697 ret=-9.486 len=1682.3 ent(t0,t>=1)=(0.000,2.013) aL=-0.0014 vL=0.0117 initial=[red=0.51 blue=0.49] switch=0.269
[u    8] env=   524288 rsucc=0.218 n_rounds=  742 ret=-16.581 len=1922.9 ent(t0,t>=1)=(0.000,2.034) aL=-0.0008 vL=0.0114 initial=[red=0.51 blue=0.49] switch=0.235
[u    9] env=   589824 rsucc=0.308 n_rounds=  770 ret=+0.000 len= 0.0 ent(t0,t>=1)=(0.000,2.027) aL=-0.0010 vL=0.0138 initial=[red=0.49 blue=0.51] switch=0.259
[u   10] env=   655360 rsucc=0.307 n_rounds=  742 ret=+0.000 len= 0.0 ent(t0,t>=1)=(0.000,1.976) aL=-0.0016 vL=0.0133 initial=[red=0.47 blue=0.53] switch=0.244
[u   11] env=   720896 rsucc=0.343 n_rounds=  773 ret=+0.000 len= 0.0 ent(t0,t>=1)=(0.000,1.925) aL=-0.0029 vL=0.0159 initial=[red=0.49 blue=0.51] switch=0.210
[u   12] env=   786432 rsucc=0.318 n_rounds=  754 ret=-1.367 len=1348.7 ent(t0,t>=1)=(0.000,1.932) aL=-0.0008 vL=0.0137 initial=[red=0.48 blue=0.52] switch=0.202
[u   13] env=   851968 rsucc=0.350 n_rounds=  779 ret=-4.906 len=1500.6 ent(t0,t>=1)=(0.000,1.912) aL=-0.0006 vL=0.0176 initial=[red=0.53 blue=0.47] switch=0.179
[u   14] env=   917504 rsucc=0.250 n_rounds=  733 ret=-9.233 len=1654.9 ent(t0,t>=1)=(0.000,1.865) aL=-0.0023 vL=0.0121 initial=[red=0.50 blue=0.50] switch=0.160
[u   15] env=   983040 rsucc=0.278 n_rounds=  742 ret=-13.324 len=1833.2 ent(t0,t>=1)=(0.000,1.823) aL=-0.0018 vL=0.0140 initial=[red=0.48 blue=0.52] switch=0.127
[u   16] env=  1048576 rsucc=0.342 n_rounds=  760 ret=-17.400 len=1953.7 ent(t0,t>=1)=(0.000,1.815) aL=-0.0020 vL=0.0157 initial=[red=0.52 blue=0.48] switch=0.104
[u   17] env=  1114112 rsucc=0.397 n_rounds=  816 ret=-1.800 len=1291.0 ent(t0,t>=1)=(0.000,1.805) aL=-0.0027 vL=0.0180 initial=[red=0.48 blue=0.52] switch=0.106
[u   18] env=  1179648 rsucc=0.455 n_rounds=  815 ret=-5.997 len=1542.3 ent(t0,t>=1)=(0.000,1.790) aL=-0.0051 vL=0.0199 initial=[red=0.51 blue=0.49] switch=0.113
[u   19] env=  1245184 rsucc=0.485 n_rounds=  822 ret=-4.517 len=1461.7 ent(t0,t>=1)=(0.000,1.774) aL=-0.0039 vL=0.0220 initial=[red=0.47 blue=0.53] switch=0.108
[u   20] env=  1310720 rsucc=0.505 n_rounds=  840 ret=-5.930 len=1543.4 ent(t0,t>=1)=(0.000,1.759) aL=-0.0046 vL=0.0236 initial=[red=0.51 blue=0.49] switch=0.107
[u   21] env=  1376256 rsucc=0.527 n_rounds=  860 ret=-7.838 len=1639.6 ent(t0,t>=1)=(0.000,1.709) aL=-0.0035 vL=0.0260 initial=[red=0.49 blue=0.51] switch=0.092
[u   22] env=  1441792 rsucc=0.632 n_rounds=  927 ret=-10.188 len=1756.4 ent(t0,t>=1)=(0.000,1.688) aL=-0.0048 vL=0.0277 initial=[red=0.54 blue=0.46] switch=0.086
[u   23] env=  1507328 rsucc=0.644 n_rounds=  937 ret=-9.227 len=1721.1 ent(t0,t>=1)=(0.000,1.664) aL=-0.0048 vL=0.0266 initial=[red=0.48 blue=0.52] switch=0.081
[u   24] env=  1572864 rsucc=0.635 n_rounds=  927 ret=+2.660 len=1212.2 ent(t0,t>=1)=(0.000,1.663) aL=-0.0045 vL=0.0241 initial=[red=0.51 blue=0.49] switch=0.088
[u   25] env=  1638400 rsucc=0.621 n_rounds=  942 ret=+1.102 len=1264.0 ent(t0,t>=1)=(0.000,1.633) aL=-0.0074 vL=0.0236 initial=[red=0.50 blue=0.50] switch=0.080
[u   26] env=  1703936 rsucc=0.723 n_rounds=  988 ret=+0.925 len=1298.1 ent(t0,t>=1)=(0.000,1.598) aL=-0.0073 vL=0.0254 initial=[red=0.47 blue=0.53] switch=0.069
[u   27] env=  1769472 rsucc=0.737 n_rounds= 1032 ret=-2.061 len=1479.2 ent(t0,t>=1)=(0.000,1.584) aL=-0.0086 vL=0.0257 initial=[red=0.51 blue=0.49] switch=0.062
[u   28] env=  1835008 rsucc=0.807 n_rounds= 1122 ret=-3.154 len=1531.8 ent(t0,t>=1)=(0.000,1.572) aL=-0.0098 vL=0.0274 initial=[red=0.51 blue=0.49] switch=0.060
[u   29] env=  1900544 rsucc=0.813 n_rounds= 1174 ret=+3.866 len=1154.1 ent(t0,t>=1)=(0.000,1.522) aL=-0.0095 vL=0.0269 initial=[red=0.51 blue=0.49] switch=0.050
[u   30] env=  1966080 rsucc=0.851 n_rounds= 1229 ret=+5.102 len=1110.3 ent(t0,t>=1)=(0.000,1.490) aL=-0.0089 vL=0.0264 initial=[red=0.50 blue=0.50] switch=0.047
[u   31] env=  2031616 rsucc=0.839 n_rounds= 1150 ret=+5.554 len=1101.9 ent(t0,t>=1)=(0.000,1.487) aL=-0.0076 vL=0.0231 initial=[red=0.49 blue=0.51] switch=0.038
[u   32] env=  2097152 rsucc=0.825 n_rounds= 1247 ret=+4.606 len=1200.7 ent(t0,t>=1)=(0.000,1.499) aL=-0.0075 vL=0.0274 initial=[red=0.48 blue=0.52] switch=0.040
[u   33] env=  2162688 rsucc=0.904 n_rounds= 1392 ret=+6.950 len=1019.3 ent(t0,t>=1)=(0.000,1.477) aL=-0.0091 vL=0.0285 initial=[red=0.48 blue=0.52] switch=0.045
[u   34] env=  2228224 rsucc=0.919 n_rounds= 1390 ret=+7.792 len=968.4 ent(t0,t>=1)=(0.000,1.439) aL=-0.0083 vL=0.0253 initial=[red=0.49 blue=0.51] switch=0.037
[u   35] env=  2293760 rsucc=0.906 n_rounds= 1350 ret=+8.033 len=985.2 ent(t0,t>=1)=(0.000,1.480) aL=-0.0088 vL=0.0239 initial=[red=0.50 blue=0.50] switch=0.053
[u   36] env=  2359296 rsucc=0.909 n_rounds= 1354 ret=+8.327 len=975.2 ent(t0,t>=1)=(0.000,1.483) aL=-0.0082 vL=0.0233 initial=[red=0.51 blue=0.49] switch=0.053
[u   37] env=  2424832 rsucc=0.882 n_rounds= 1336 ret=+8.067 len=999.1 ent(t0,t>=1)=(0.000,1.441) aL=-0.0079 vL=0.0227 initial=[red=0.51 blue=0.49] switch=0.048
[u   38] env=  2490368 rsucc=0.872 n_rounds= 1314 ret=+8.306 len=985.8 ent(t0,t>=1)=(0.000,1.431) aL=-0.0069 vL=0.0225 initial=[red=0.50 blue=0.50] switch=0.042
[u   39] env=  2555904 rsucc=0.891 n_rounds= 1364 ret=+7.409 len=1010.2 ent(t0,t>=1)=(0.000,1.423) aL=-0.0070 vL=0.0229 initial=[red=0.50 blue=0.50] switch=0.039
[u   40] env=  2621440 rsucc=0.872 n_rounds= 1367 ret=+7.827 len=1001.7 ent(t0,t>=1)=(0.000,1.442) aL=-0.0081 vL=0.0253 initial=[red=0.50 blue=0.50] switch=0.042
[u   41] env=  2686976 rsucc=0.898 n_rounds= 1379 ret=+8.465 len=949.1 ent(t0,t>=1)=(0.000,1.419) aL=-0.0087 vL=0.0251 initial=[red=0.50 blue=0.50] switch=0.040
[u   42] env=  2752512 rsucc=0.869 n_rounds= 1314 ret=+7.912 len=983.1 ent(t0,t>=1)=(0.000,1.387) aL=-0.0075 vL=0.0225 initial=[red=0.50 blue=0.50] switch=0.035
[u   43] env=  2818048 rsucc=0.882 n_rounds= 1351 ret=+8.540 len=922.9 ent(t0,t>=1)=(0.000,1.371) aL=-0.0080 vL=0.0258 initial=[red=0.50 blue=0.50] switch=0.031
[u   44] env=  2883584 rsucc=0.891 n_rounds= 1458 ret=+7.722 len=1023.2 ent(t0,t>=1)=(0.000,1.372) aL=-0.0068 vL=0.0253 initial=[red=0.49 blue=0.51] switch=0.040
[u   45] env=  2949120 rsucc=0.872 n_rounds= 1364 ret=+8.212 len=933.2 ent(t0,t>=1)=(0.000,1.405) aL=-0.0080 vL=0.0289 initial=[red=0.47 blue=0.53] switch=0.052
[u   46] env=  3014656 rsucc=0.900 n_rounds= 1425 ret=+8.525 len=920.8 ent(t0,t>=1)=(0.000,1.379) aL=-0.0087 vL=0.0274 initial=[red=0.51 blue=0.49] switch=0.041
[u   47] env=  3080192 rsucc=0.904 n_rounds= 1431 ret=+8.059 len=989.8 ent(t0,t>=1)=(0.000,1.387) aL=-0.0097 vL=0.0268 initial=[red=0.51 blue=0.49] switch=0.041
[u   48] env=  3145728 rsucc=0.910 n_rounds= 1389 ret=+9.189 len=906.3 ent(t0,t>=1)=(0.000,1.382) aL=-0.0083 vL=0.0253 initial=[red=0.50 blue=0.50] switch=0.040
[u   49] env=  3211264 rsucc=0.878 n_rounds= 1379 ret=+8.663 len=936.6 ent(t0,t>=1)=(0.000,1.378) aL=-0.0091 vL=0.0261 initial=[red=0.50 blue=0.50] switch=0.049
[u   50] env=  3276800 rsucc=0.921 n_rounds= 1559 ret=+9.493 len=872.6 ent(t0,t>=1)=(0.000,1.361) aL=-0.0106 vL=0.0257 initial=[red=0.51 blue=0.49] switch=0.040
[u   51] env=  3342336 rsucc=0.918 n_rounds= 1474 ret=+9.407 len=906.0 ent(t0,t>=1)=(0.000,1.353) aL=-0.0090 vL=0.0256 initial=[red=0.49 blue=0.51] switch=0.046
[u   52] env=  3407872 rsucc=0.920 n_rounds= 1482 ret=+9.823 len=893.6 ent(t0,t>=1)=(0.000,1.363) aL=-0.0093 vL=0.0238 initial=[red=0.50 blue=0.50] switch=0.043
[u   53] env=  3473408 rsucc=0.911 n_rounds= 1397 ret=+9.653 len=892.4 ent(t0,t>=1)=(0.000,1.354) aL=-0.0098 vL=0.0239 initial=[red=0.50 blue=0.50] switch=0.034
[u   54] env=  3538944 rsucc=0.917 n_rounds= 1466 ret=+9.925 len=851.5 ent(t0,t>=1)=(0.000,1.325) aL=-0.0088 vL=0.0262 initial=[red=0.50 blue=0.50] switch=0.044
[u   55] env=  3604480 rsucc=0.932 n_rounds= 1557 ret=+9.505 len=875.2 ent(t0,t>=1)=(0.000,1.322) aL=-0.0100 vL=0.0265 initial=[red=0.51 blue=0.49] switch=0.039
[u   56] env=  3670016 rsucc=0.939 n_rounds= 1600 ret=+9.994 len=888.8 ent(t0,t>=1)=(0.000,1.313) aL=-0.0108 vL=0.0275 initial=[red=0.49 blue=0.51] switch=0.044
[u   57] env=  3735552 rsucc=0.918 n_rounds= 1504 ret=+9.618 len=893.1 ent(t0,t>=1)=(0.000,1.336) aL=-0.0092 vL=0.0252 initial=[red=0.52 blue=0.48] switch=0.046
[u   58] env=  3801088 rsucc=0.925 n_rounds= 1510 ret=+9.836 len=870.0 ent(t0,t>=1)=(0.000,1.305) aL=-0.0100 vL=0.0249 initial=[red=0.52 blue=0.48] switch=0.033
[u   59] env=  3866624 rsucc=0.920 n_rounds= 1466 ret=+10.702 len=810.1 ent(t0,t>=1)=(0.000,1.332) aL=-0.0101 vL=0.0280 initial=[red=0.49 blue=0.51] switch=0.048
[u   60] env=  3932160 rsucc=0.923 n_rounds= 1481 ret=+10.271 len=862.2 ent(t0,t>=1)=(0.000,1.346) aL=-0.0114 vL=0.0286 initial=[red=0.50 blue=0.50] switch=0.048
[u   61] env=  3997696 rsucc=0.911 n_rounds= 1449 ret=+9.537 len=914.8 ent(t0,t>=1)=(0.000,1.364) aL=-0.0134 vL=0.0258 initial=[red=0.48 blue=0.52] switch=0.062
[u   62] env=  4063232 rsucc=0.916 n_rounds= 1473 ret=+10.279 len=843.6 ent(t0,t>=1)=(0.000,1.357) aL=-0.0124 vL=0.0276 initial=[red=0.50 blue=0.50] switch=0.050
[u   63] env=  4128768 rsucc=0.931 n_rounds= 1467 ret=+9.686 len=884.8 ent(t0,t>=1)=(0.000,1.331) aL=-0.0142 vL=0.0272 initial=[red=0.51 blue=0.49] switch=0.048
[u   64] env=  4194304 rsucc=0.932 n_rounds= 1511 ret=+9.416 len=926.9 ent(t0,t>=1)=(0.000,1.340) aL=-0.0131 vL=0.0265 initial=[red=0.50 blue=0.50] switch=0.047
[u   65] env=  4259840 rsucc=0.930 n_rounds= 1466 ret=+9.978 len=896.0 ent(t0,t>=1)=(0.000,1.310) aL=-0.0119 vL=0.0254 initial=[red=0.49 blue=0.51] switch=0.047
[u   66] env=  4325376 rsucc=0.926 n_rounds= 1491 ret=+10.344 len=836.3 ent(t0,t>=1)=(0.000,1.299) aL=-0.0114 vL=0.0268 initial=[red=0.50 blue=0.50] switch=0.048
[u   67] env=  4390912 rsucc=0.895 n_rounds= 1377 ret=+9.522 len=905.7 ent(t0,t>=1)=(0.000,1.328) aL=-0.0101 vL=0.0243 initial=[red=0.49 blue=0.51] switch=0.050
[u   68] env=  4456448 rsucc=0.897 n_rounds= 1421 ret=+8.376 len=958.1 ent(t0,t>=1)=(0.000,1.327) aL=-0.0159 vL=0.0256 initial=[red=0.50 blue=0.50] switch=0.056
[u   69] env=  4521984 rsucc=0.936 n_rounds= 1515 ret=+9.425 len=905.3 ent(t0,t>=1)=(0.000,1.337) aL=-0.0145 vL=0.0257 initial=[red=0.49 blue=0.51] switch=0.049
[u   70] env=  4587520 rsucc=0.948 n_rounds= 1509 ret=+9.678 len=871.4 ent(t0,t>=1)=(0.000,1.337) aL=-0.0148 vL=0.0262 initial=[red=0.49 blue=0.51] switch=0.051
[u   71] env=  4653056 rsucc=0.908 n_rounds= 1410 ret=+9.829 len=886.3 ent(t0,t>=1)=(0.000,1.370) aL=-0.0157 vL=0.0249 initial=[red=0.49 blue=0.51] switch=0.069
[u   72] env=  4718592 rsucc=0.931 n_rounds= 1520 ret=+9.527 len=924.0 ent(t0,t>=1)=(0.000,1.336) aL=-0.0142 vL=0.0274 initial=[red=0.50 blue=0.50] switch=0.054
[u   73] env=  4784128 rsucc=0.941 n_rounds= 1601 ret=+10.750 len=833.5 ent(t0,t>=1)=(0.000,1.293) aL=-0.0138 vL=0.0259 initial=[red=0.47 blue=0.53] switch=0.048
[u   74] env=  4849664 rsucc=0.937 n_rounds= 1493 ret=+9.976 len=888.7 ent(t0,t>=1)=(0.000,1.267) aL=-0.0123 vL=0.0260 initial=[red=0.50 blue=0.50] switch=0.047
[u   75] env=  4915200 rsucc=0.930 n_rounds= 1550 ret=+10.184 len=823.7 ent(t0,t>=1)=(0.000,1.278) aL=-0.0117 vL=0.0293 initial=[red=0.49 blue=0.51] switch=0.047
[u   76] env=  4980736 rsucc=0.937 n_rounds= 1573 ret=+10.485 len=863.5 ent(t0,t>=1)=(0.000,1.286) aL=-0.0125 vL=0.0293 initial=[red=0.47 blue=0.53] switch=0.051
[u   77] env=  5046272 rsucc=0.935 n_rounds= 1497 ret=+10.456 len=849.1 ent(t0,t>=1)=(0.000,1.299) aL=-0.0152 vL=0.0249 initial=[red=0.50 blue=0.50] switch=0.054
[u   78] env=  5111808 rsucc=0.930 n_rounds= 1571 ret=+10.179 len=877.0 ent(t0,t>=1)=(0.000,1.297) aL=-0.0129 vL=0.0261 initial=[red=0.51 blue=0.49] switch=0.054
[u   79] env=  5177344 rsucc=0.945 n_rounds= 1618 ret=+11.575 len=771.6 ent(t0,t>=1)=(0.000,1.255) aL=-0.0151 vL=0.0247 initial=[red=0.50 blue=0.50] switch=0.044
[u   80] env=  5242880 rsucc=0.922 n_rounds= 1504 ret=+11.018 len=819.7 ent(t0,t>=1)=(0.000,1.262) aL=-0.0105 vL=0.0260 initial=[red=0.51 blue=0.49] switch=0.043
[u   81] env=  5308416 rsucc=0.932 n_rounds= 1446 ret=+9.463 len=916.4 ent(t0,t>=1)=(0.000,1.283) aL=-0.0127 vL=0.0255 initial=[red=0.53 blue=0.47] switch=0.049
[u   82] env=  5373952 rsucc=0.931 n_rounds= 1470 ret=+9.833 len=871.6 ent(t0,t>=1)=(0.000,1.267) aL=-0.0134 vL=0.0242 initial=[red=0.49 blue=0.51] switch=0.052
[u   83] env=  5439488 rsucc=0.918 n_rounds= 1411 ret=+9.685 len=906.5 ent(t0,t>=1)=(0.000,1.296) aL=-0.0118 vL=0.0247 initial=[red=0.49 blue=0.51] switch=0.060
[u   84] env=  5505024 rsucc=0.893 n_rounds= 1444 ret=+9.750 len=858.7 ent(t0,t>=1)=(0.000,1.288) aL=-0.0128 vL=0.0236 initial=[red=0.50 blue=0.50] switch=0.063
[u   85] env=  5570560 rsucc=0.923 n_rounds= 1529 ret=+8.696 len=967.8 ent(t0,t>=1)=(0.000,1.266) aL=-0.0158 vL=0.0236 initial=[red=0.51 blue=0.49] switch=0.047
[u   86] env=  5636096 rsucc=0.927 n_rounds= 1487 ret=+10.176 len=852.0 ent(t0,t>=1)=(0.000,1.289) aL=-0.0150 vL=0.0269 initial=[red=0.50 blue=0.50] switch=0.058
[u   87] env=  5701632 rsucc=0.933 n_rounds= 1575 ret=+10.392 len=838.2 ent(t0,t>=1)=(0.000,1.257) aL=-0.0147 vL=0.0269 initial=[red=0.50 blue=0.50] switch=0.047
[u   88] env=  5767168 rsucc=0.955 n_rounds= 1576 ret=+10.136 len=851.5 ent(t0,t>=1)=(0.000,1.234) aL=-0.0174 vL=0.0252 initial=[red=0.49 blue=0.51] switch=0.049
[u   89] env=  5832704 rsucc=0.948 n_rounds= 1554 ret=+10.964 len=830.2 ent(t0,t>=1)=(0.000,1.238) aL=-0.0147 vL=0.0229 initial=[red=0.51 blue=0.49] switch=0.048
[u   90] env=  5898240 rsucc=0.938 n_rounds= 1513 ret=+10.025 len=891.8 ent(t0,t>=1)=(0.000,1.236) aL=-0.0125 vL=0.0262 initial=[red=0.49 blue=0.51] switch=0.051
[u   91] env=  5963776 rsucc=0.941 n_rounds= 1497 ret=+10.251 len=851.5 ent(t0,t>=1)=(0.000,1.249) aL=-0.0149 vL=0.0261 initial=[red=0.49 blue=0.51] switch=0.057
[u   92] env=  6029312 rsucc=0.948 n_rounds= 1541 ret=+10.717 len=820.9 ent(t0,t>=1)=(0.000,1.222) aL=-0.0136 vL=0.0266 initial=[red=0.49 blue=0.51] switch=0.048
[u   93] env=  6094848 rsucc=0.930 n_rounds= 1513 ret=+9.977 len=909.8 ent(t0,t>=1)=(0.000,1.217) aL=-0.0147 vL=0.0239 initial=[red=0.48 blue=0.52] switch=0.044
[u   94] env=  6160384 rsucc=0.917 n_rounds= 1562 ret=+10.112 len=870.6 ent(t0,t>=1)=(0.000,1.219) aL=-0.0128 vL=0.0277 initial=[red=0.50 blue=0.50] switch=0.049
[u   95] env=  6225920 rsucc=0.956 n_rounds= 1673 ret=+11.074 len=807.7 ent(t0,t>=1)=(0.000,1.212) aL=-0.0152 vL=0.0257 initial=[red=0.48 blue=0.52] switch=0.043
[u   96] env=  6291456 rsucc=0.958 n_rounds= 1628 ret=+11.050 len=790.4 ent(t0,t>=1)=(0.000,1.226) aL=-0.0152 vL=0.0271 initial=[red=0.49 blue=0.51] switch=0.048
[u   97] env=  6356992 rsucc=0.944 n_rounds= 1526 ret=+10.591 len=839.4 ent(t0,t>=1)=(0.000,1.255) aL=-0.0158 vL=0.0296 initial=[red=0.52 blue=0.48] switch=0.054
[u   98] env=  6422528 rsucc=0.936 n_rounds= 1537 ret=+10.665 len=851.2 ent(t0,t>=1)=(0.000,1.263) aL=-0.0148 vL=0.0275 initial=[red=0.50 blue=0.50] switch=0.057
[u   99] env=  6488064 rsucc=0.939 n_rounds= 1519 ret=+10.865 len=829.6 ent(t0,t>=1)=(0.000,1.240) aL=-0.0166 vL=0.0257 initial=[red=0.53 blue=0.47] switch=0.055
[u  100] env=  6553600 rsucc=0.945 n_rounds= 1564 ret=+10.705 len=836.9 ent(t0,t>=1)=(0.000,1.226) aL=-0.0145 vL=0.0289 initial=[red=0.48 blue=0.52] switch=0.056
[u  101] env=  6619136 rsucc=0.949 n_rounds= 1593 ret=+10.882 len=818.5 ent(t0,t>=1)=(0.000,1.222) aL=-0.0160 vL=0.0261 initial=[red=0.51 blue=0.49] switch=0.050
[u  102] env=  6684672 rsucc=0.931 n_rounds= 1586 ret=+10.674 len=833.7 ent(t0,t>=1)=(0.000,1.233) aL=-0.0151 vL=0.0299 initial=[red=0.49 blue=0.51] switch=0.062
[u  103] env=  6750208 rsucc=0.956 n_rounds= 1602 ret=+10.059 len=869.2 ent(t0,t>=1)=(0.000,1.208) aL=-0.0153 vL=0.0289 initial=[red=0.50 blue=0.50] switch=0.062
[u  104] env=  6815744 rsucc=0.932 n_rounds= 1493 ret=+10.485 len=852.7 ent(t0,t>=1)=(0.000,1.217) aL=-0.0155 vL=0.0310 initial=[red=0.49 blue=0.51] switch=0.060
[u  105] env=  6881280 rsucc=0.941 n_rounds= 1576 ret=+10.648 len=844.1 ent(t0,t>=1)=(0.000,1.215) aL=-0.0168 vL=0.0323 initial=[red=0.49 blue=0.51] switch=0.067
[u  106] env=  6946816 rsucc=0.949 n_rounds= 1562 ret=+11.116 len=812.0 ent(t0,t>=1)=(0.000,1.231) aL=-0.0163 vL=0.0282 initial=[red=0.48 blue=0.52] switch=0.059
[u  107] env=  7012352 rsucc=0.960 n_rounds= 1586 ret=+11.302 len=787.2 ent(t0,t>=1)=(0.000,1.201) aL=-0.0156 vL=0.0265 initial=[red=0.52 blue=0.48] switch=0.056
[u  108] env=  7077888 rsucc=0.937 n_rounds= 1543 ret=+10.415 len=862.7 ent(t0,t>=1)=(0.000,1.212) aL=-0.0180 vL=0.0275 initial=[red=0.51 blue=0.49] switch=0.055
[u  109] env=  7143424 rsucc=0.958 n_rounds= 1684 ret=+11.411 len=791.8 ent(t0,t>=1)=(0.000,1.182) aL=-0.0161 vL=0.0270 initial=[red=0.51 blue=0.49] switch=0.041
[u  110] env=  7208960 rsucc=0.954 n_rounds= 1581 ret=+10.761 len=851.5 ent(t0,t>=1)=(0.000,1.191) aL=-0.0156 vL=0.0245 initial=[red=0.49 blue=0.51] switch=0.049
[u  111] env=  7274496 rsucc=0.948 n_rounds= 1572 ret=+11.175 len=817.0 ent(t0,t>=1)=(0.000,1.184) aL=-0.0127 vL=0.0265 initial=[red=0.51 blue=0.49] switch=0.057
[u  112] env=  7340032 rsucc=0.922 n_rounds= 1542 ret=+10.764 len=841.2 ent(t0,t>=1)=(0.000,1.219) aL=-0.0153 vL=0.0247 initial=[red=0.48 blue=0.52] switch=0.059
[u  113] env=  7405568 rsucc=0.941 n_rounds= 1651 ret=+10.330 len=845.1 ent(t0,t>=1)=(0.000,1.197) aL=-0.0160 vL=0.0265 initial=[red=0.52 blue=0.48] switch=0.054
[u  114] env=  7471104 rsucc=0.951 n_rounds= 1524 ret=+10.536 len=828.9 ent(t0,t>=1)=(0.000,1.245) aL=-0.0169 vL=0.0282 initial=[red=0.51 blue=0.49] switch=0.055
[u  115] env=  7536640 rsucc=0.914 n_rounds= 1420 ret=+10.476 len=865.5 ent(t0,t>=1)=(0.000,1.285) aL=-0.0172 vL=0.0300 initial=[red=0.50 blue=0.50] switch=0.071
[u  116] env=  7602176 rsucc=0.939 n_rounds= 1582 ret=+10.144 len=858.4 ent(t0,t>=1)=(0.000,1.225) aL=-0.0171 vL=0.0260 initial=[red=0.49 blue=0.51] switch=0.059
[u  117] env=  7667712 rsucc=0.953 n_rounds= 1585 ret=+11.123 len=787.4 ent(t0,t>=1)=(0.000,1.192) aL=-0.0168 vL=0.0251 initial=[red=0.49 blue=0.51] switch=0.050
[u  118] env=  7733248 rsucc=0.935 n_rounds= 1497 ret=+10.680 len=864.3 ent(t0,t>=1)=(0.000,1.205) aL=-0.0149 vL=0.0224 initial=[red=0.50 blue=0.50] switch=0.060
[u  119] env=  7798784 rsucc=0.940 n_rounds= 1613 ret=+10.522 len=843.6 ent(t0,t>=1)=(0.000,1.182) aL=-0.0137 vL=0.0314 initial=[red=0.47 blue=0.53] switch=0.055
[u  120] env=  7864320 rsucc=0.961 n_rounds= 1655 ret=+10.793 len=818.0 ent(t0,t>=1)=(0.000,1.191) aL=-0.0181 vL=0.0252 initial=[red=0.51 blue=0.49] switch=0.048
[u  121] env=  7929856 rsucc=0.955 n_rounds= 1545 ret=+10.301 len=862.2 ent(t0,t>=1)=(0.000,1.187) aL=-0.0163 vL=0.0274 initial=[red=0.48 blue=0.52] switch=0.056
[u  122] env=  7995392 rsucc=0.941 n_rounds= 1568 ret=+10.539 len=865.1 ent(t0,t>=1)=(0.000,1.187) aL=-0.0135 vL=0.0266 initial=[red=0.51 blue=0.49] switch=0.059
[u  123] env=  8060928 rsucc=0.960 n_rounds= 1591 ret=+11.522 len=778.7 ent(t0,t>=1)=(0.000,1.219) aL=-0.0162 vL=0.0266 initial=[red=0.48 blue=0.52] switch=0.054
[u  124] env=  8126464 rsucc=0.953 n_rounds= 1549 ret=+11.093 len=813.7 ent(t0,t>=1)=(0.000,1.245) aL=-0.0170 vL=0.0277 initial=[red=0.51 blue=0.49] switch=0.073
[u  125] env=  8192000 rsucc=0.932 n_rounds= 1508 ret=+10.919 len=830.8 ent(t0,t>=1)=(0.000,1.234) aL=-0.0158 vL=0.0274 initial=[red=0.49 blue=0.51] switch=0.069
[u  126] env=  8257536 rsucc=0.959 n_rounds= 1637 ret=+10.847 len=844.0 ent(t0,t>=1)=(0.000,1.206) aL=-0.0163 vL=0.0250 initial=[red=0.51 blue=0.49] switch=0.053
[u  127] env=  8323072 rsucc=0.946 n_rounds= 1590 ret=+10.830 len=839.7 ent(t0,t>=1)=(0.000,1.180) aL=-0.0121 vL=0.0300 initial=[red=0.49 blue=0.51] switch=0.048
[u  128] env=  8388608 rsucc=0.931 n_rounds= 1486 ret=+11.352 len=798.4 ent(t0,t>=1)=(0.000,1.197) aL=-0.0156 vL=0.0249 initial=[red=0.49 blue=0.51] switch=0.065
[u  129] env=  8454144 rsucc=0.949 n_rounds= 1593 ret=+10.510 len=853.0 ent(t0,t>=1)=(0.000,1.199) aL=-0.0176 vL=0.0249 initial=[red=0.51 blue=0.49] switch=0.059
[u  130] env=  8519680 rsucc=0.969 n_rounds= 1672 ret=+10.875 len=827.1 ent(t0,t>=1)=(0.000,1.182) aL=-0.0155 vL=0.0259 initial=[red=0.52 blue=0.48] switch=0.053
[u  131] env=  8585216 rsucc=0.912 n_rounds= 1470 ret=+10.341 len=876.5 ent(t0,t>=1)=(0.000,1.239) aL=-0.0155 vL=0.0275 initial=[red=0.51 blue=0.49] switch=0.089
[u  132] env=  8650752 rsucc=0.938 n_rounds= 1528 ret=+10.816 len=812.2 ent(t0,t>=1)=(0.000,1.195) aL=-0.0169 vL=0.0255 initial=[red=0.49 blue=0.51] switch=0.070
[u  133] env=  8716288 rsucc=0.938 n_rounds= 1592 ret=+9.995 len=874.4 ent(t0,t>=1)=(0.000,1.182) aL=-0.0148 vL=0.0283 initial=[red=0.51 blue=0.49] switch=0.062
[u  134] env=  8781824 rsucc=0.960 n_rounds= 1634 ret=+10.943 len=807.9 ent(t0,t>=1)=(0.000,1.190) aL=-0.0177 vL=0.0244 initial=[red=0.52 blue=0.48] switch=0.061
[u  135] env=  8847360 rsucc=0.951 n_rounds= 1620 ret=+10.686 len=818.6 ent(t0,t>=1)=(0.000,1.216) aL=-0.0177 vL=0.0281 initial=[red=0.51 blue=0.49] switch=0.066
[u  136] env=  8912896 rsucc=0.962 n_rounds= 1667 ret=+11.291 len=802.4 ent(t0,t>=1)=(0.000,1.184) aL=-0.0176 vL=0.0233 initial=[red=0.50 blue=0.50] switch=0.060
[u  137] env=  8978432 rsucc=0.962 n_rounds= 1632 ret=+11.195 len=810.4 ent(t0,t>=1)=(0.000,1.176) aL=-0.0165 vL=0.0233 initial=[red=0.50 blue=0.50] switch=0.058
[u  138] env=  9043968 rsucc=0.947 n_rounds= 1592 ret=+11.467 len=797.8 ent(t0,t>=1)=(0.000,1.203) aL=-0.0185 vL=0.0271 initial=[red=0.52 blue=0.48] switch=0.071
[u  139] env=  9109504 rsucc=0.969 n_rounds= 1659 ret=+10.881 len=834.0 ent(t0,t>=1)=(0.000,1.194) aL=-0.0183 vL=0.0257 initial=[red=0.51 blue=0.49] switch=0.069
[u  140] env=  9175040 rsucc=0.931 n_rounds= 1511 ret=+11.123 len=819.6 ent(t0,t>=1)=(0.000,1.245) aL=-0.0160 vL=0.0273 initial=[red=0.51 blue=0.49] switch=0.090
[u  141] env=  9240576 rsucc=0.923 n_rounds= 1579 ret=+11.185 len=808.3 ent(t0,t>=1)=(0.000,1.229) aL=-0.0174 vL=0.0297 initial=[red=0.50 blue=0.50] switch=0.089
[u  142] env=  9306112 rsucc=0.944 n_rounds= 1636 ret=+10.649 len=841.9 ent(t0,t>=1)=(0.000,1.188) aL=-0.0167 vL=0.0303 initial=[red=0.49 blue=0.51] switch=0.073
[u  143] env=  9371648 rsucc=0.956 n_rounds= 1584 ret=+10.911 len=803.9 ent(t0,t>=1)=(0.000,1.197) aL=-0.0183 vL=0.0281 initial=[red=0.51 blue=0.49] switch=0.082
[u  144] env=  9437184 rsucc=0.950 n_rounds= 1674 ret=+10.759 len=836.9 ent(t0,t>=1)=(0.000,1.162) aL=-0.0178 vL=0.0300 initial=[red=0.49 blue=0.51] switch=0.080
[u  145] env=  9502720 rsucc=0.968 n_rounds= 1728 ret=+11.136 len=796.3 ent(t0,t>=1)=(0.000,1.163) aL=-0.0176 vL=0.0286 initial=[red=0.49 blue=0.51] switch=0.067
[u  146] env=  9568256 rsucc=0.953 n_rounds= 1576 ret=+11.542 len=759.8 ent(t0,t>=1)=(0.000,1.171) aL=-0.0161 vL=0.0266 initial=[red=0.51 blue=0.49] switch=0.078
[u  147] env=  9633792 rsucc=0.948 n_rounds= 1566 ret=+10.975 len=828.0 ent(t0,t>=1)=(0.000,1.156) aL=-0.0158 vL=0.0301 initial=[red=0.48 blue=0.52] switch=0.073
[u  148] env=  9699328 rsucc=0.940 n_rounds= 1637 ret=+11.009 len=831.2 ent(t0,t>=1)=(0.000,1.144) aL=-0.0144 vL=0.0318 initial=[red=0.52 blue=0.48] switch=0.078
[u  149] env=  9764864 rsucc=0.954 n_rounds= 1558 ret=+11.890 len=749.2 ent(t0,t>=1)=(0.000,1.155) aL=-0.0177 vL=0.0265 initial=[red=0.50 blue=0.50] switch=0.070
[u  150] env=  9830400 rsucc=0.954 n_rounds= 1483 ret=+10.368 len=878.8 ent(t0,t>=1)=(0.000,1.186) aL=-0.0180 vL=0.0309 initial=[red=0.49 blue=0.51] switch=0.080
[u  151] env=  9895936 rsucc=0.923 n_rounds= 1526 ret=+10.884 len=825.6 ent(t0,t>=1)=(0.000,1.224) aL=-0.0161 vL=0.0306 initial=[red=0.50 blue=0.50] switch=0.088
[u  152] env=  9961472 rsucc=0.939 n_rounds= 1595 ret=+10.733 len=833.7 ent(t0,t>=1)=(0.000,1.179) aL=-0.0163 vL=0.0295 initial=[red=0.48 blue=0.52] switch=0.074
[u  153] env= 10027008 rsucc=0.961 n_rounds= 1671 ret=+10.925 len=805.0 ent(t0,t>=1)=(0.000,1.122) aL=-0.0161 vL=0.0284 initial=[red=0.49 blue=0.51] switch=0.062
[u  154] env= 10092544 rsucc=0.958 n_rounds= 1620 ret=+10.256 len=891.3 ent(t0,t>=1)=(0.000,1.159) aL=-0.0182 vL=0.0292 initial=[red=0.50 blue=0.50] switch=0.076
[u  155] env= 10158080 rsucc=0.946 n_rounds= 1601 ret=+11.294 len=774.7 ent(t0,t>=1)=(0.000,1.170) aL=-0.0167 vL=0.0290 initial=[red=0.52 blue=0.48] switch=0.087
[u  156] env= 10223616 rsucc=0.971 n_rounds= 1699 ret=+11.564 len=768.0 ent(t0,t>=1)=(0.000,1.137) aL=-0.0166 vL=0.0281 initial=[red=0.51 blue=0.49] switch=0.057
[u  157] env= 10289152 rsucc=0.946 n_rounds= 1558 ret=+10.939 len=838.2 ent(t0,t>=1)=(0.000,1.163) aL=-0.0153 vL=0.0275 initial=[red=0.51 blue=0.49] switch=0.072
[u  158] env= 10354688 rsucc=0.959 n_rounds= 1637 ret=+11.252 len=801.7 ent(t0,t>=1)=(0.000,1.123) aL=-0.0165 vL=0.0294 initial=[red=0.50 blue=0.50] switch=0.065
[u  159] env= 10420224 rsucc=0.954 n_rounds= 1644 ret=+10.853 len=844.1 ent(t0,t>=1)=(0.000,1.145) aL=-0.0158 vL=0.0296 initial=[red=0.50 blue=0.50] switch=0.075
[u  160] env= 10485760 rsucc=0.952 n_rounds= 1635 ret=+11.553 len=771.5 ent(t0,t>=1)=(0.000,1.134) aL=-0.0175 vL=0.0302 initial=[red=0.48 blue=0.52] switch=0.072
[u  161] env= 10551296 rsucc=0.954 n_rounds= 1626 ret=+11.410 len=785.2 ent(t0,t>=1)=(0.000,1.125) aL=-0.0149 vL=0.0285 initial=[red=0.52 blue=0.48] switch=0.060
[u  162] env= 10616832 rsucc=0.956 n_rounds= 1694 ret=+11.328 len=795.3 ent(t0,t>=1)=(0.000,1.109) aL=-0.0137 vL=0.0289 initial=[red=0.51 blue=0.49] switch=0.055
[u  163] env= 10682368 rsucc=0.949 n_rounds= 1622 ret=+11.063 len=816.2 ent(t0,t>=1)=(0.000,1.132) aL=-0.0170 vL=0.0272 initial=[red=0.51 blue=0.49] switch=0.073
[u  164] env= 10747904 rsucc=0.967 n_rounds= 1706 ret=+11.635 len=780.2 ent(t0,t>=1)=(0.000,1.100) aL=-0.0153 vL=0.0292 initial=[red=0.49 blue=0.51] switch=0.052
[u  165] env= 10813440 rsucc=0.968 n_rounds= 1648 ret=+11.762 len=785.4 ent(t0,t>=1)=(0.000,1.108) aL=-0.0179 vL=0.0258 initial=[red=0.53 blue=0.47] switch=0.054
[u  166] env= 10878976 rsucc=0.969 n_rounds= 1644 ret=+11.145 len=829.7 ent(t0,t>=1)=(0.000,1.130) aL=-0.0164 vL=0.0271 initial=[red=0.49 blue=0.51] switch=0.078
[u  167] env= 10944512 rsucc=0.950 n_rounds= 1633 ret=+12.182 len=739.5 ent(t0,t>=1)=(0.000,1.145) aL=-0.0172 vL=0.0277 initial=[red=0.50 blue=0.50] switch=0.061
[u  168] env= 11010048 rsucc=0.951 n_rounds= 1600 ret=+11.462 len=794.0 ent(t0,t>=1)=(0.000,1.133) aL=-0.0171 vL=0.0265 initial=[red=0.52 blue=0.48] switch=0.066
[u  169] env= 11075584 rsucc=0.965 n_rounds= 1589 ret=+10.870 len=837.8 ent(t0,t>=1)=(0.000,1.144) aL=-0.0171 vL=0.0283 initial=[red=0.49 blue=0.51] switch=0.074
[u  170] env= 11141120 rsucc=0.953 n_rounds= 1649 ret=+10.471 len=854.2 ent(t0,t>=1)=(0.000,1.151) aL=-0.0179 vL=0.0265 initial=[red=0.50 blue=0.50] switch=0.065
[u  171] env= 11206656 rsucc=0.971 n_rounds= 1710 ret=+12.223 len=718.0 ent(t0,t>=1)=(0.000,1.115) aL=-0.0158 vL=0.0312 initial=[red=0.50 blue=0.50] switch=0.063
[u  172] env= 11272192 rsucc=0.948 n_rounds= 1575 ret=+11.190 len=818.7 ent(t0,t>=1)=(0.000,1.152) aL=-0.0153 vL=0.0301 initial=[red=0.50 blue=0.50] switch=0.066
[u  173] env= 11337728 rsucc=0.960 n_rounds= 1687 ret=+10.982 len=838.9 ent(t0,t>=1)=(0.000,1.114) aL=-0.0179 vL=0.0232 initial=[red=0.48 blue=0.52] switch=0.056
[u  174] env= 11403264 rsucc=0.959 n_rounds= 1669 ret=+11.511 len=779.3 ent(t0,t>=1)=(0.000,1.141) aL=-0.0188 vL=0.0286 initial=[red=0.51 blue=0.49] switch=0.059
[u  175] env= 11468800 rsucc=0.960 n_rounds= 1667 ret=+12.104 len=745.5 ent(t0,t>=1)=(0.000,1.114) aL=-0.0170 vL=0.0265 initial=[red=0.50 blue=0.50] switch=0.055
[u  176] env= 11534336 rsucc=0.957 n_rounds= 1594 ret=+11.255 len=812.5 ent(t0,t>=1)=(0.000,1.146) aL=-0.0187 vL=0.0255 initial=[red=0.48 blue=0.52] switch=0.058
[u  177] env= 11599872 rsucc=0.951 n_rounds= 1591 ret=+10.651 len=850.5 ent(t0,t>=1)=(0.000,1.144) aL=-0.0172 vL=0.0269 initial=[red=0.51 blue=0.49] switch=0.066
[u  178] env= 11665408 rsucc=0.944 n_rounds= 1612 ret=+12.008 len=729.5 ent(t0,t>=1)=(0.000,1.176) aL=-0.0163 vL=0.0290 initial=[red=0.50 blue=0.50] switch=0.067
[u  179] env= 11730944 rsucc=0.961 n_rounds= 1651 ret=+10.868 len=844.2 ent(t0,t>=1)=(0.000,1.156) aL=-0.0177 vL=0.0279 initial=[red=0.50 blue=0.50] switch=0.059
[u  180] env= 11796480 rsucc=0.961 n_rounds= 1661 ret=+11.133 len=816.5 ent(t0,t>=1)=(0.000,1.156) aL=-0.0182 vL=0.0309 initial=[red=0.50 blue=0.50] switch=0.061
[u  181] env= 11862016 rsucc=0.958 n_rounds= 1637 ret=+11.658 len=775.2 ent(t0,t>=1)=(0.000,1.135) aL=-0.0178 vL=0.0294 initial=[red=0.48 blue=0.52] switch=0.054
[u  182] env= 11927552 rsucc=0.959 n_rounds= 1540 ret=+10.818 len=837.2 ent(t0,t>=1)=(0.000,1.147) aL=-0.0176 vL=0.0311 initial=[red=0.49 blue=0.51] switch=0.074
[u  183] env= 11993088 rsucc=0.943 n_rounds= 1559 ret=+11.263 len=810.9 ent(t0,t>=1)=(0.000,1.161) aL=-0.0182 vL=0.0273 initial=[red=0.50 blue=0.50] switch=0.081
[u  184] env= 12058624 rsucc=0.962 n_rounds= 1692 ret=+11.134 len=817.4 ent(t0,t>=1)=(0.000,1.148) aL=-0.0199 vL=0.0274 initial=[red=0.51 blue=0.49] switch=0.067
[u  185] env= 12124160 rsucc=0.947 n_rounds= 1575 ret=+11.527 len=778.0 ent(t0,t>=1)=(0.000,1.185) aL=-0.0183 vL=0.0283 initial=[red=0.50 blue=0.50] switch=0.055
[u  186] env= 12189696 rsucc=0.952 n_rounds= 1639 ret=+11.185 len=816.9 ent(t0,t>=1)=(0.000,1.158) aL=-0.0181 vL=0.0299 initial=[red=0.50 blue=0.50] switch=0.058
[u  187] env= 12255232 rsucc=0.970 n_rounds= 1689 ret=+11.005 len=825.8 ent(t0,t>=1)=(0.000,1.134) aL=-0.0185 vL=0.0271 initial=[red=0.49 blue=0.51] switch=0.064
[u  188] env= 12320768 rsucc=0.963 n_rounds= 1681 ret=+11.444 len=792.6 ent(t0,t>=1)=(0.000,1.137) aL=-0.0180 vL=0.0287 initial=[red=0.52 blue=0.48] switch=0.070
[u  189] env= 12386304 rsucc=0.963 n_rounds= 1722 ret=+11.645 len=759.2 ent(t0,t>=1)=(0.000,1.126) aL=-0.0161 vL=0.0274 initial=[red=0.50 blue=0.50] switch=0.059
[u  190] env= 12451840 rsucc=0.967 n_rounds= 1698 ret=+11.082 len=823.6 ent(t0,t>=1)=(0.000,1.133) aL=-0.0179 vL=0.0291 initial=[red=0.50 blue=0.50] switch=0.058
[u  191] env= 12517376 rsucc=0.960 n_rounds= 1702 ret=+11.803 len=762.7 ent(t0,t>=1)=(0.000,1.128) aL=-0.0181 vL=0.0287 initial=[red=0.51 blue=0.49] switch=0.064
[u  192] env= 12582912 rsucc=0.945 n_rounds= 1592 ret=+11.934 len=758.5 ent(t0,t>=1)=(0.000,1.144) aL=-0.0183 vL=0.0340 initial=[red=0.49 blue=0.51] switch=0.075
[u  193] env= 12648448 rsucc=0.946 n_rounds= 1670 ret=+11.315 len=809.3 ent(t0,t>=1)=(0.000,1.108) aL=-0.0193 vL=0.0290 initial=[red=0.53 blue=0.47] switch=0.070
[u  194] env= 12713984 rsucc=0.947 n_rounds= 1587 ret=+10.799 len=828.8 ent(t0,t>=1)=(0.000,1.140) aL=-0.0180 vL=0.0278 initial=[red=0.52 blue=0.48] switch=0.072
[u  195] env= 12779520 rsucc=0.961 n_rounds= 1728 ret=+11.767 len=773.8 ent(t0,t>=1)=(0.000,1.099) aL=-0.0183 vL=0.0270 initial=[red=0.48 blue=0.52] switch=0.066
[u  196] env= 12845056 rsucc=0.968 n_rounds= 1740 ret=+12.080 len=723.8 ent(t0,t>=1)=(0.000,1.064) aL=-0.0151 vL=0.0303 initial=[red=0.50 blue=0.50] switch=0.051
[u  197] env= 12910592 rsucc=0.966 n_rounds= 1651 ret=+11.658 len=778.1 ent(t0,t>=1)=(0.000,1.092) aL=-0.0149 vL=0.0320 initial=[red=0.50 blue=0.50] switch=0.060
[u  198] env= 12976128 rsucc=0.969 n_rounds= 1671 ret=+10.915 len=838.4 ent(t0,t>=1)=(0.000,1.079) aL=-0.0172 vL=0.0253 initial=[red=0.50 blue=0.50] switch=0.057
[u  199] env= 13041664 rsucc=0.965 n_rounds= 1674 ret=+11.486 len=779.1 ent(t0,t>=1)=(0.000,1.078) aL=-0.0168 vL=0.0269 initial=[red=0.48 blue=0.52] switch=0.055
[u  200] env= 13107200 rsucc=0.958 n_rounds= 1626 ret=+11.363 len=810.5 ent(t0,t>=1)=(0.000,1.095) aL=-0.0141 vL=0.0303 initial=[red=0.50 blue=0.50] switch=0.066
[u  201] env= 13172736 rsucc=0.966 n_rounds= 1688 ret=+12.596 len=701.2 ent(t0,t>=1)=(0.000,1.082) aL=-0.0179 vL=0.0278 initial=[red=0.47 blue=0.53] switch=0.055
[u  202] env= 13238272 rsucc=0.964 n_rounds= 1674 ret=+11.675 len=788.1 ent(t0,t>=1)=(0.000,1.083) aL=-0.0143 vL=0.0298 initial=[red=0.52 blue=0.48] switch=0.051
[u  203] env= 13303808 rsucc=0.969 n_rounds= 1749 ret=+11.587 len=802.7 ent(t0,t>=1)=(0.000,1.066) aL=-0.0162 vL=0.0289 initial=[red=0.49 blue=0.51] switch=0.056
[u  204] env= 13369344 rsucc=0.975 n_rounds= 1731 ret=+12.169 len=745.0 ent(t0,t>=1)=(0.000,1.058) aL=-0.0148 vL=0.0305 initial=[red=0.49 blue=0.51] switch=0.052
[u  205] env= 13434880 rsucc=0.965 n_rounds= 1685 ret=+11.619 len=781.7 ent(t0,t>=1)=(0.000,1.085) aL=-0.0177 vL=0.0235 initial=[red=0.51 blue=0.49] switch=0.051
[u  206] env= 13500416 rsucc=0.942 n_rounds= 1619 ret=+11.805 len=771.8 ent(t0,t>=1)=(0.000,1.108) aL=-0.0152 vL=0.0277 initial=[red=0.50 blue=0.50] switch=0.065
[u  207] env= 13565952 rsucc=0.963 n_rounds= 1671 ret=+11.251 len=807.1 ent(t0,t>=1)=(0.000,1.078) aL=-0.0182 vL=0.0282 initial=[red=0.49 blue=0.51] switch=0.060
[u  208] env= 13631488 rsucc=0.952 n_rounds= 1627 ret=+11.523 len=797.3 ent(t0,t>=1)=(0.000,1.102) aL=-0.0171 vL=0.0340 initial=[red=0.51 blue=0.49] switch=0.067
[u  209] env= 13697024 rsucc=0.939 n_rounds= 1569 ret=+11.292 len=788.5 ent(t0,t>=1)=(0.000,1.117) aL=-0.0177 vL=0.0326 initial=[red=0.50 blue=0.50] switch=0.085
[u  210] env= 13762560 rsucc=0.970 n_rounds= 1697 ret=+11.565 len=785.1 ent(t0,t>=1)=(0.000,1.075) aL=-0.0160 vL=0.0276 initial=[red=0.50 blue=0.50] switch=0.058
[u  211] env= 13828096 rsucc=0.974 n_rounds= 1681 ret=+11.622 len=775.9 ent(t0,t>=1)=(0.000,1.080) aL=-0.0175 vL=0.0251 initial=[red=0.51 blue=0.49] switch=0.053
[u  212] env= 13893632 rsucc=0.958 n_rounds= 1650 ret=+11.366 len=806.8 ent(t0,t>=1)=(0.000,1.106) aL=-0.0165 vL=0.0268 initial=[red=0.51 blue=0.49] switch=0.070
[u  213] env= 13959168 rsucc=0.955 n_rounds= 1655 ret=+11.588 len=777.0 ent(t0,t>=1)=(0.000,1.082) aL=-0.0142 vL=0.0262 initial=[red=0.50 blue=0.50] switch=0.066
[u  214] env= 14024704 rsucc=0.962 n_rounds= 1674 ret=+11.240 len=803.6 ent(t0,t>=1)=(0.000,1.078) aL=-0.0180 vL=0.0270 initial=[red=0.50 blue=0.50] switch=0.060
[u  215] env= 14090240 rsucc=0.966 n_rounds= 1687 ret=+10.982 len=818.4 ent(t0,t>=1)=(0.000,1.072) aL=-0.0179 vL=0.0268 initial=[red=0.51 blue=0.49] switch=0.059
[u  216] env= 14155776 rsucc=0.968 n_rounds= 1694 ret=+11.411 len=802.5 ent(t0,t>=1)=(0.000,1.073) aL=-0.0185 vL=0.0258 initial=[red=0.51 blue=0.49] switch=0.061
[u  217] env= 14221312 rsucc=0.968 n_rounds= 1817 ret=+12.084 len=750.7 ent(t0,t>=1)=(0.000,1.047) aL=-0.0162 vL=0.0287 initial=[red=0.49 blue=0.51] switch=0.057
[u  218] env= 14286848 rsucc=0.970 n_rounds= 1760 ret=+12.743 len=698.2 ent(t0,t>=1)=(0.000,1.050) aL=-0.0179 vL=0.0259 initial=[red=0.51 blue=0.49] switch=0.048
[u  219] env= 14352384 rsucc=0.963 n_rounds= 1696 ret=+11.731 len=777.1 ent(t0,t>=1)=(0.000,1.043) aL=-0.0176 vL=0.0275 initial=[red=0.50 blue=0.50] switch=0.052
[u  220] env= 14417920 rsucc=0.971 n_rounds= 1674 ret=+11.825 len=773.4 ent(t0,t>=1)=(0.000,1.051) aL=-0.0165 vL=0.0281 initial=[red=0.52 blue=0.48] switch=0.063
[u  221] env= 14483456 rsucc=0.963 n_rounds= 1736 ret=+11.900 len=764.2 ent(t0,t>=1)=(0.000,1.056) aL=-0.0155 vL=0.0331 initial=[red=0.51 blue=0.49] switch=0.076
[u  222] env= 14548992 rsucc=0.971 n_rounds= 1692 ret=+11.866 len=765.2 ent(t0,t>=1)=(0.000,1.048) aL=-0.0149 vL=0.0295 initial=[red=0.50 blue=0.50] switch=0.063
[u  223] env= 14614528 rsucc=0.965 n_rounds= 1652 ret=+11.521 len=788.4 ent(t0,t>=1)=(0.000,1.060) aL=-0.0143 vL=0.0318 initial=[red=0.47 blue=0.53] switch=0.066
[u  224] env= 14680064 rsucc=0.964 n_rounds= 1697 ret=+11.955 len=757.5 ent(t0,t>=1)=(0.000,1.046) aL=-0.0174 vL=0.0309 initial=[red=0.50 blue=0.50] switch=0.066
[u  225] env= 14745600 rsucc=0.965 n_rounds= 1637 ret=+12.029 len=755.4 ent(t0,t>=1)=(0.000,1.062) aL=-0.0154 vL=0.0261 initial=[red=0.51 blue=0.49] switch=0.062
[u  226] env= 14811136 rsucc=0.949 n_rounds= 1574 ret=+11.082 len=818.6 ent(t0,t>=1)=(0.000,1.122) aL=-0.0161 vL=0.0313 initial=[red=0.51 blue=0.49] switch=0.081
[u  227] env= 14876672 rsucc=0.950 n_rounds= 1572 ret=+11.559 len=796.3 ent(t0,t>=1)=(0.000,1.111) aL=-0.0184 vL=0.0297 initial=[red=0.49 blue=0.51] switch=0.077
[u  228] env= 14942208 rsucc=0.955 n_rounds= 1678 ret=+10.960 len=841.5 ent(t0,t>=1)=(0.000,1.114) aL=-0.0171 vL=0.0281 initial=[red=0.49 blue=0.51] switch=0.064
[u  229] env= 15007744 rsucc=0.962 n_rounds= 1700 ret=+11.706 len=773.1 ent(t0,t>=1)=(0.000,1.116) aL=-0.0188 vL=0.0317 initial=[red=0.48 blue=0.52] switch=0.068
[u  230] env= 15073280 rsucc=0.950 n_rounds= 1664 ret=+11.796 len=751.6 ent(t0,t>=1)=(0.000,1.124) aL=-0.0196 vL=0.0280 initial=[red=0.50 blue=0.50] switch=0.074
[u  231] env= 15138816 rsucc=0.957 n_rounds= 1667 ret=+10.557 len=838.9 ent(t0,t>=1)=(0.000,1.110) aL=-0.0154 vL=0.0283 initial=[red=0.51 blue=0.49] switch=0.062
[u  232] env= 15204352 rsucc=0.970 n_rounds= 1782 ret=+11.727 len=776.9 ent(t0,t>=1)=(0.000,1.107) aL=-0.0188 vL=0.0260 initial=[red=0.50 blue=0.50] switch=0.052
[u  233] env= 15269888 rsucc=0.973 n_rounds= 1763 ret=+11.785 len=772.2 ent(t0,t>=1)=(0.000,1.115) aL=-0.0195 vL=0.0277 initial=[red=0.50 blue=0.50] switch=0.062
[u  234] env= 15335424 rsucc=0.957 n_rounds= 1646 ret=+12.190 len=731.2 ent(t0,t>=1)=(0.000,1.137) aL=-0.0195 vL=0.0281 initial=[red=0.49 blue=0.51] switch=0.070
[u  235] env= 15400960 rsucc=0.964 n_rounds= 1757 ret=+11.656 len=774.6 ent(t0,t>=1)=(0.000,1.119) aL=-0.0176 vL=0.0284 initial=[red=0.50 blue=0.50] switch=0.060
[u  236] env= 15466496 rsucc=0.973 n_rounds= 1746 ret=+11.744 len=785.0 ent(t0,t>=1)=(0.000,1.123) aL=-0.0204 vL=0.0284 initial=[red=0.51 blue=0.49] switch=0.066
[u  237] env= 15532032 rsucc=0.959 n_rounds= 1678 ret=+11.990 len=744.0 ent(t0,t>=1)=(0.000,1.119) aL=-0.0185 vL=0.0308 initial=[red=0.49 blue=0.51] switch=0.070
[u  238] env= 15597568 rsucc=0.953 n_rounds= 1623 ret=+11.472 len=783.1 ent(t0,t>=1)=(0.000,1.143) aL=-0.0177 vL=0.0307 initial=[red=0.51 blue=0.49] switch=0.072
[u  239] env= 15663104 rsucc=0.946 n_rounds= 1725 ret=+11.039 len=809.5 ent(t0,t>=1)=(0.000,1.101) aL=-0.0171 vL=0.0275 initial=[red=0.49 blue=0.51] switch=0.057
[u  240] env= 15728640 rsucc=0.964 n_rounds= 1695 ret=+11.603 len=773.7 ent(t0,t>=1)=(0.000,1.116) aL=-0.0184 vL=0.0321 initial=[red=0.52 blue=0.48] switch=0.077
[u  241] env= 15794176 rsucc=0.959 n_rounds= 1625 ret=+12.068 len=745.8 ent(t0,t>=1)=(0.000,1.131) aL=-0.0207 vL=0.0273 initial=[red=0.49 blue=0.51] switch=0.074
[u  242] env= 15859712 rsucc=0.949 n_rounds= 1681 ret=+11.497 len=794.5 ent(t0,t>=1)=(0.000,1.126) aL=-0.0194 vL=0.0336 initial=[red=0.49 blue=0.51] switch=0.078
[u  243] env= 15925248 rsucc=0.956 n_rounds= 1644 ret=+11.845 len=752.0 ent(t0,t>=1)=(0.000,1.148) aL=-0.0196 vL=0.0306 initial=[red=0.49 blue=0.51] switch=0.067
[u  244] env= 15990784 rsucc=0.956 n_rounds= 1663 ret=+11.557 len=789.1 ent(t0,t>=1)=(0.000,1.148) aL=-0.0198 vL=0.0274 initial=[red=0.49 blue=0.51] switch=0.063
[u  245] env= 16056320 rsucc=0.972 n_rounds= 1663 ret=+11.256 len=808.5 ent(t0,t>=1)=(0.000,1.113) aL=-0.0186 vL=0.0288 initial=[red=0.50 blue=0.50] switch=0.054
[u  246] env= 16121856 rsucc=0.964 n_rounds= 1658 ret=+11.474 len=781.3 ent(t0,t>=1)=(0.000,1.124) aL=-0.0183 vL=0.0277 initial=[red=0.50 blue=0.50] switch=0.064
[u  247] env= 16187392 rsucc=0.949 n_rounds= 1596 ret=+11.254 len=810.0 ent(t0,t>=1)=(0.000,1.123) aL=-0.0196 vL=0.0284 initial=[red=0.51 blue=0.49] switch=0.077
[u  248] env= 16252928 rsucc=0.957 n_rounds= 1735 ret=+11.258 len=813.9 ent(t0,t>=1)=(0.000,1.100) aL=-0.0193 vL=0.0323 initial=[red=0.51 blue=0.49] switch=0.071
[u  249] env= 16318464 rsucc=0.967 n_rounds= 1739 ret=+12.035 len=738.1 ent(t0,t>=1)=(0.000,1.115) aL=-0.0183 vL=0.0310 initial=[red=0.49 blue=0.51] switch=0.060
[u  250] env= 16384000 rsucc=0.975 n_rounds= 1752 ret=+12.175 len=726.4 ent(t0,t>=1)=(0.000,1.114) aL=-0.0186 vL=0.0279 initial=[red=0.49 blue=0.51] switch=0.057
[u  251] env= 16449536 rsucc=0.959 n_rounds= 1722 ret=+11.513 len=792.7 ent(t0,t>=1)=(0.000,1.118) aL=-0.0193 vL=0.0292 initial=[red=0.50 blue=0.50] switch=0.063
[u  252] env= 16515072 rsucc=0.959 n_rounds= 1720 ret=+12.112 len=749.5 ent(t0,t>=1)=(0.000,1.118) aL=-0.0173 vL=0.0307 initial=[red=0.51 blue=0.49] switch=0.082
[u  253] env= 16580608 rsucc=0.951 n_rounds= 1719 ret=+11.740 len=769.8 ent(t0,t>=1)=(0.000,1.111) aL=-0.0160 vL=0.0306 initial=[red=0.51 blue=0.49] switch=0.063
[u  254] env= 16646144 rsucc=0.951 n_rounds= 1663 ret=+11.420 len=796.5 ent(t0,t>=1)=(0.000,1.140) aL=-0.0192 vL=0.0336 initial=[red=0.52 blue=0.48] switch=0.072
[u  255] env= 16711680 rsucc=0.962 n_rounds= 1759 ret=+12.157 len=730.5 ent(t0,t>=1)=(0.000,1.125) aL=-0.0190 vL=0.0315 initial=[red=0.49 blue=0.51] switch=0.065
[u  256] env= 16777216 rsucc=0.961 n_rounds= 1673 ret=+11.794 len=740.7 ent(t0,t>=1)=(0.000,1.148) aL=-0.0210 vL=0.0323 initial=[red=0.49 blue=0.51] switch=0.074
[u  257] env= 16842752 rsucc=0.955 n_rounds= 1716 ret=+11.390 len=787.5 ent(t0,t>=1)=(0.000,1.152) aL=-0.0204 vL=0.0293 initial=[red=0.49 blue=0.51] switch=0.071
[u  258] env= 16908288 rsucc=0.964 n_rounds= 1759 ret=+11.493 len=782.3 ent(t0,t>=1)=(0.000,1.111) aL=-0.0186 vL=0.0316 initial=[red=0.49 blue=0.51] switch=0.064
[u  259] env= 16973824 rsucc=0.957 n_rounds= 1623 ret=+11.378 len=790.0 ent(t0,t>=1)=(0.000,1.141) aL=-0.0183 vL=0.0279 initial=[red=0.51 blue=0.49] switch=0.069
[u  260] env= 17039360 rsucc=0.962 n_rounds= 1702 ret=+12.016 len=759.3 ent(t0,t>=1)=(0.000,1.150) aL=-0.0198 vL=0.0295 initial=[red=0.48 blue=0.52] switch=0.075
[u  261] env= 17104896 rsucc=0.944 n_rounds= 1630 ret=+11.271 len=791.9 ent(t0,t>=1)=(0.000,1.159) aL=-0.0188 vL=0.0318 initial=[red=0.50 blue=0.50] switch=0.078
[u  262] env= 17170432 rsucc=0.955 n_rounds= 1729 ret=+11.637 len=771.9 ent(t0,t>=1)=(0.000,1.125) aL=-0.0200 vL=0.0265 initial=[red=0.53 blue=0.47] switch=0.068
[u  263] env= 17235968 rsucc=0.959 n_rounds= 1750 ret=+11.262 len=795.3 ent(t0,t>=1)=(0.000,1.151) aL=-0.0200 vL=0.0317 initial=[red=0.49 blue=0.51] switch=0.081
[u  264] env= 17301504 rsucc=0.962 n_rounds= 1781 ret=+11.811 len=744.0 ent(t0,t>=1)=(0.000,1.157) aL=-0.0201 vL=0.0338 initial=[red=0.48 blue=0.52] switch=0.070
[u  265] env= 17367040 rsucc=0.951 n_rounds= 1646 ret=+11.635 len=776.5 ent(t0,t>=1)=(0.000,1.166) aL=-0.0224 vL=0.0301 initial=[red=0.52 blue=0.48] switch=0.076
[u  266] env= 17432576 rsucc=0.956 n_rounds= 1698 ret=+11.968 len=746.5 ent(t0,t>=1)=(0.000,1.148) aL=-0.0223 vL=0.0303 initial=[red=0.49 blue=0.51] switch=0.073
[u  267] env= 17498112 rsucc=0.962 n_rounds= 1751 ret=+11.934 len=742.5 ent(t0,t>=1)=(0.000,1.150) aL=-0.0208 vL=0.0299 initial=[red=0.50 blue=0.50] switch=0.065
[u  268] env= 17563648 rsucc=0.977 n_rounds= 1755 ret=+11.841 len=760.1 ent(t0,t>=1)=(0.000,1.133) aL=-0.0214 vL=0.0284 initial=[red=0.51 blue=0.49] switch=0.063
[u  269] env= 17629184 rsucc=0.970 n_rounds= 1740 ret=+11.734 len=761.5 ent(t0,t>=1)=(0.000,1.139) aL=-0.0209 vL=0.0280 initial=[red=0.48 blue=0.52] switch=0.058
[u  270] env= 17694720 rsucc=0.976 n_rounds= 1786 ret=+12.084 len=756.6 ent(t0,t>=1)=(0.000,1.118) aL=-0.0199 vL=0.0291 initial=[red=0.52 blue=0.48] switch=0.058
[u  271] env= 17760256 rsucc=0.976 n_rounds= 1739 ret=+11.842 len=777.9 ent(t0,t>=1)=(0.000,1.119) aL=-0.0208 vL=0.0288 initial=[red=0.50 blue=0.50] switch=0.064
[u  272] env= 17825792 rsucc=0.979 n_rounds= 1778 ret=+12.362 len=738.0 ent(t0,t>=1)=(0.000,1.127) aL=-0.0200 vL=0.0285 initial=[red=0.52 blue=0.48] switch=0.052
[u  273] env= 17891328 rsucc=0.961 n_rounds= 1709 ret=+12.190 len=744.8 ent(t0,t>=1)=(0.000,1.139) aL=-0.0203 vL=0.0289 initial=[red=0.49 blue=0.51] switch=0.067
[u  274] env= 17956864 rsucc=0.976 n_rounds= 1762 ret=+12.332 len=721.8 ent(t0,t>=1)=(0.000,1.122) aL=-0.0191 vL=0.0330 initial=[red=0.51 blue=0.49] switch=0.060
[u  275] env= 18022400 rsucc=0.964 n_rounds= 1706 ret=+11.736 len=784.9 ent(t0,t>=1)=(0.000,1.138) aL=-0.0198 vL=0.0316 initial=[red=0.51 blue=0.49] switch=0.078
[u  276] env= 18087936 rsucc=0.953 n_rounds= 1735 ret=+11.441 len=797.2 ent(t0,t>=1)=(0.000,1.139) aL=-0.0204 vL=0.0355 initial=[red=0.50 blue=0.50] switch=0.086
[u  277] env= 18153472 rsucc=0.951 n_rounds= 1695 ret=+12.183 len=723.9 ent(t0,t>=1)=(0.000,1.151) aL=-0.0194 vL=0.0355 initial=[red=0.48 blue=0.52] switch=0.081
[u  278] env= 18219008 rsucc=0.961 n_rounds= 1732 ret=+11.789 len=756.5 ent(t0,t>=1)=(0.000,1.138) aL=-0.0208 vL=0.0304 initial=[red=0.51 blue=0.49] switch=0.070
[u  279] env= 18284544 rsucc=0.968 n_rounds= 1791 ret=+11.296 len=807.4 ent(t0,t>=1)=(0.000,1.101) aL=-0.0197 vL=0.0329 initial=[red=0.50 blue=0.50] switch=0.066
[u  280] env= 18350080 rsucc=0.953 n_rounds= 1755 ret=+12.057 len=732.8 ent(t0,t>=1)=(0.000,1.098) aL=-0.0182 vL=0.0368 initial=[red=0.51 blue=0.49] switch=0.071
[u  281] env= 18415616 rsucc=0.973 n_rounds= 1757 ret=+12.244 len=708.6 ent(t0,t>=1)=(0.000,1.107) aL=-0.0197 vL=0.0344 initial=[red=0.46 blue=0.54] switch=0.066
[u  282] env= 18481152 rsucc=0.956 n_rounds= 1679 ret=+11.825 len=767.4 ent(t0,t>=1)=(0.000,1.119) aL=-0.0190 vL=0.0322 initial=[red=0.50 blue=0.50] switch=0.081
[u  283] env= 18546688 rsucc=0.972 n_rounds= 1793 ret=+11.809 len=761.7 ent(t0,t>=1)=(0.000,1.103) aL=-0.0211 vL=0.0334 initial=[red=0.50 blue=0.50] switch=0.071
[u  284] env= 18612224 rsucc=0.977 n_rounds= 1864 ret=+12.328 len=733.0 ent(t0,t>=1)=(0.000,1.083) aL=-0.0202 vL=0.0312 initial=[red=0.50 blue=0.50] switch=0.061
[u  285] env= 18677760 rsucc=0.966 n_rounds= 1716 ret=+12.615 len=710.5 ent(t0,t>=1)=(0.000,1.101) aL=-0.0194 vL=0.0337 initial=[red=0.51 blue=0.49] switch=0.074
[u  286] env= 18743296 rsucc=0.967 n_rounds= 1810 ret=+12.145 len=739.9 ent(t0,t>=1)=(0.000,1.090) aL=-0.0198 vL=0.0349 initial=[red=0.48 blue=0.52] switch=0.065
[u  287] env= 18808832 rsucc=0.972 n_rounds= 1766 ret=+12.938 len=672.4 ent(t0,t>=1)=(0.000,1.089) aL=-0.0198 vL=0.0343 initial=[red=0.49 blue=0.51] switch=0.060
[u  288] env= 18874368 rsucc=0.963 n_rounds= 1780 ret=+11.498 len=797.4 ent(t0,t>=1)=(0.000,1.088) aL=-0.0190 vL=0.0352 initial=[red=0.50 blue=0.50] switch=0.063
[u  289] env= 18939904 rsucc=0.974 n_rounds= 1795 ret=+12.110 len=737.2 ent(t0,t>=1)=(0.000,1.098) aL=-0.0198 vL=0.0327 initial=[red=0.51 blue=0.49] switch=0.072
[u  290] env= 19005440 rsucc=0.961 n_rounds= 1783 ret=+12.436 len=711.8 ent(t0,t>=1)=(0.000,1.099) aL=-0.0195 vL=0.0353 initial=[red=0.51 blue=0.49] switch=0.069
[u  291] env= 19070976 rsucc=0.964 n_rounds= 1808 ret=+12.162 len=738.6 ent(t0,t>=1)=(0.000,1.093) aL=-0.0205 vL=0.0348 initial=[red=0.49 blue=0.51] switch=0.069
[u  292] env= 19136512 rsucc=0.964 n_rounds= 1798 ret=+12.461 len=713.0 ent(t0,t>=1)=(0.000,1.074) aL=-0.0192 vL=0.0317 initial=[red=0.50 blue=0.50] switch=0.069
[u  293] env= 19202048 rsucc=0.960 n_rounds= 1772 ret=+11.984 len=751.2 ent(t0,t>=1)=(0.000,1.092) aL=-0.0200 vL=0.0344 initial=[red=0.52 blue=0.48] switch=0.066
[u  294] env= 19267584 rsucc=0.958 n_rounds= 1800 ret=+12.361 len=708.4 ent(t0,t>=1)=(0.000,1.072) aL=-0.0202 vL=0.0342 initial=[red=0.50 blue=0.50] switch=0.073
[u  295] env= 19333120 rsucc=0.960 n_rounds= 1657 ret=+11.625 len=770.4 ent(t0,t>=1)=(0.000,1.114) aL=-0.0204 vL=0.0350 initial=[red=0.48 blue=0.52] switch=0.077
[u  296] env= 19398656 rsucc=0.959 n_rounds= 1821 ret=+11.526 len=776.4 ent(t0,t>=1)=(0.000,1.079) aL=-0.0196 vL=0.0354 initial=[red=0.51 blue=0.49] switch=0.065
[u  297] env= 19464192 rsucc=0.977 n_rounds= 1937 ret=+12.552 len=689.3 ent(t0,t>=1)=(0.000,1.043) aL=-0.0186 vL=0.0389 initial=[red=0.50 blue=0.50] switch=0.058
[u  298] env= 19529728 rsucc=0.964 n_rounds= 1851 ret=+12.274 len=727.0 ent(t0,t>=1)=(0.000,1.063) aL=-0.0189 vL=0.0359 initial=[red=0.50 blue=0.50] switch=0.066
[u  299] env= 19595264 rsucc=0.969 n_rounds= 1848 ret=+12.616 len=698.9 ent(t0,t>=1)=(0.000,1.054) aL=-0.0185 vL=0.0345 initial=[red=0.51 blue=0.49] switch=0.059
[u  300] env= 19660800 rsucc=0.980 n_rounds= 1815 ret=+12.019 len=743.4 ent(t0,t>=1)=(0.000,1.062) aL=-0.0213 vL=0.0326 initial=[red=0.53 blue=0.47] switch=0.058
[u  301] env= 19726336 rsucc=0.941 n_rounds= 1702 ret=+12.376 len=709.0 ent(t0,t>=1)=(0.000,1.083) aL=-0.0189 vL=0.0370 initial=[red=0.51 blue=0.49] switch=0.064
[u  302] env= 19791872 rsucc=0.961 n_rounds= 1804 ret=+12.130 len=738.9 ent(t0,t>=1)=(0.000,1.062) aL=-0.0202 vL=0.0348 initial=[red=0.48 blue=0.52] switch=0.058
[u  303] env= 19857408 rsucc=0.968 n_rounds= 1846 ret=+12.100 len=734.3 ent(t0,t>=1)=(0.000,1.049) aL=-0.0186 vL=0.0379 initial=[red=0.51 blue=0.49] switch=0.061
[u  304] env= 19922944 rsucc=0.951 n_rounds= 1711 ret=+11.958 len=746.5 ent(t0,t>=1)=(0.000,1.085) aL=-0.0200 vL=0.0358 initial=[red=0.51 blue=0.49] switch=0.071
[u  305] env= 19988480 rsucc=0.948 n_rounds= 1784 ret=+12.083 len=727.6 ent(t0,t>=1)=(0.000,1.057) aL=-0.0203 vL=0.0320 initial=[red=0.52 blue=0.48] switch=0.071
[u  306] env= 20054016 rsucc=0.956 n_rounds= 1816 ret=+11.813 len=737.6 ent(t0,t>=1)=(0.000,1.050) aL=-0.0202 vL=0.0320 initial=[red=0.53 blue=0.47] switch=0.064
[u  307] env= 20119552 rsucc=0.965 n_rounds= 1812 ret=+12.172 len=721.0 ent(t0,t>=1)=(0.000,1.061) aL=-0.0200 vL=0.0375 initial=[red=0.51 blue=0.49] switch=0.069
[u  308] env= 20185088 rsucc=0.967 n_rounds= 1869 ret=+12.248 len=719.5 ent(t0,t>=1)=(0.000,1.043) aL=-0.0199 vL=0.0353 initial=[red=0.51 blue=0.49] switch=0.059
[u  309] env= 20250624 rsucc=0.962 n_rounds= 1854 ret=+11.935 len=738.6 ent(t0,t>=1)=(0.000,1.048) aL=-0.0202 vL=0.0342 initial=[red=0.50 blue=0.50] switch=0.070
[u  310] env= 20316160 rsucc=0.972 n_rounds= 1896 ret=+12.470 len=707.0 ent(t0,t>=1)=(0.000,1.054) aL=-0.0200 vL=0.0346 initial=[red=0.51 blue=0.49] switch=0.071
[u  311] env= 20381696 rsucc=0.942 n_rounds= 1783 ret=+12.346 len=699.5 ent(t0,t>=1)=(0.000,1.055) aL=-0.0203 vL=0.0379 initial=[red=0.49 blue=0.51] switch=0.069
[u  312] env= 20447232 rsucc=0.940 n_rounds= 1782 ret=+12.603 len=689.2 ent(t0,t>=1)=(0.000,1.054) aL=-0.0208 vL=0.0346 initial=[red=0.49 blue=0.51] switch=0.069
[u  313] env= 20512768 rsucc=0.953 n_rounds= 1826 ret=+12.104 len=715.7 ent(t0,t>=1)=(0.000,1.039) aL=-0.0204 vL=0.0369 initial=[red=0.52 blue=0.48] switch=0.061
[u  314] env= 20578304 rsucc=0.954 n_rounds= 1767 ret=+11.685 len=739.2 ent(t0,t>=1)=(0.000,1.047) aL=-0.0198 vL=0.0376 initial=[red=0.50 blue=0.50] switch=0.061
[u  315] env= 20643840 rsucc=0.961 n_rounds= 1840 ret=+11.677 len=750.2 ent(t0,t>=1)=(0.000,1.022) aL=-0.0200 vL=0.0356 initial=[red=0.49 blue=0.51] switch=0.060
[u  316] env= 20709376 rsucc=0.968 n_rounds= 1917 ret=+12.505 len=691.6 ent(t0,t>=1)=(0.000,1.024) aL=-0.0213 vL=0.0374 initial=[red=0.50 blue=0.50] switch=0.060
[u  317] env= 20774912 rsucc=0.965 n_rounds= 1905 ret=+12.214 len=722.8 ent(t0,t>=1)=(0.000,1.026) aL=-0.0209 vL=0.0318 initial=[red=0.51 blue=0.49] switch=0.057
[u  318] env= 20840448 rsucc=0.972 n_rounds= 1927 ret=+12.884 len=664.3 ent(t0,t>=1)=(0.000,1.019) aL=-0.0175 vL=0.0346 initial=[red=0.49 blue=0.51] switch=0.056
[u  319] env= 20905984 rsucc=0.968 n_rounds= 1910 ret=+12.584 len=692.4 ent(t0,t>=1)=(0.000,1.026) aL=-0.0213 vL=0.0359 initial=[red=0.51 blue=0.49] switch=0.055
[u  320] env= 20971520 rsucc=0.967 n_rounds= 1868 ret=+12.307 len=720.9 ent(t0,t>=1)=(0.000,1.037) aL=-0.0177 vL=0.0386 initial=[red=0.51 blue=0.49] switch=0.057
[u  321] env= 21037056 rsucc=0.958 n_rounds= 1772 ret=+12.685 len=686.4 ent(t0,t>=1)=(0.000,1.048) aL=-0.0179 vL=0.0342 initial=[red=0.49 blue=0.51] switch=0.061
[u  322] env= 21102592 rsucc=0.956 n_rounds= 1829 ret=+12.482 len=705.6 ent(t0,t>=1)=(0.000,1.060) aL=-0.0227 vL=0.0359 initial=[red=0.52 blue=0.48] switch=0.070
[u  323] env= 21168128 rsucc=0.976 n_rounds= 1962 ret=+12.363 len=706.4 ent(t0,t>=1)=(0.000,1.038) aL=-0.0191 vL=0.0370 initial=[red=0.48 blue=0.52] switch=0.060
[u  324] env= 21233664 rsucc=0.955 n_rounds= 1871 ret=+12.164 len=722.3 ent(t0,t>=1)=(0.000,1.067) aL=-0.0201 vL=0.0395 initial=[red=0.49 blue=0.51] switch=0.074
[u  325] env= 21299200 rsucc=0.947 n_rounds= 1824 ret=+12.638 len=683.5 ent(t0,t>=1)=(0.000,1.074) aL=-0.0212 vL=0.0434 initial=[red=0.48 blue=0.52] switch=0.069
[u  326] env= 21364736 rsucc=0.953 n_rounds= 1891 ret=+12.210 len=701.3 ent(t0,t>=1)=(0.000,1.026) aL=-0.0210 vL=0.0423 initial=[red=0.50 blue=0.50] switch=0.061
[u  327] env= 21430272 rsucc=0.957 n_rounds= 1956 ret=+12.448 len=688.2 ent(t0,t>=1)=(0.000,1.058) aL=-0.0221 vL=0.0421 initial=[red=0.50 blue=0.50] switch=0.067
[u  328] env= 21495808 rsucc=0.971 n_rounds= 1945 ret=+12.031 len=720.9 ent(t0,t>=1)=(0.000,1.044) aL=-0.0215 vL=0.0472 initial=[red=0.51 blue=0.49] switch=0.074
[u  329] env= 21561344 rsucc=0.968 n_rounds= 1879 ret=+12.845 len=665.5 ent(t0,t>=1)=(0.000,1.036) aL=-0.0211 vL=0.0370 initial=[red=0.50 blue=0.50] switch=0.066
[u  330] env= 21626880 rsucc=0.947 n_rounds= 1749 ret=+12.540 len=687.5 ent(t0,t>=1)=(0.000,1.060) aL=-0.0193 vL=0.0422 initial=[red=0.48 blue=0.52] switch=0.071
[u  331] env= 21692416 rsucc=0.957 n_rounds= 1877 ret=+12.366 len=702.4 ent(t0,t>=1)=(0.000,1.053) aL=-0.0182 vL=0.0378 initial=[red=0.50 blue=0.50] switch=0.068
[u  332] env= 21757952 rsucc=0.967 n_rounds= 1930 ret=+12.348 len=706.4 ent(t0,t>=1)=(0.000,1.045) aL=-0.0207 vL=0.0450 initial=[red=0.50 blue=0.50] switch=0.067
[u  333] env= 21823488 rsucc=0.972 n_rounds= 2016 ret=+12.504 len=692.0 ent(t0,t>=1)=(0.000,1.042) aL=-0.0206 vL=0.0441 initial=[red=0.50 blue=0.50] switch=0.075
[u  334] env= 21889024 rsucc=0.958 n_rounds= 1877 ret=+12.212 len=715.3 ent(t0,t>=1)=(0.000,1.058) aL=-0.0204 vL=0.0406 initial=[red=0.51 blue=0.49] switch=0.074
[u  335] env= 21954560 rsucc=0.942 n_rounds= 1863 ret=+12.592 len=685.1 ent(t0,t>=1)=(0.000,1.064) aL=-0.0213 vL=0.0461 initial=[red=0.50 blue=0.50] switch=0.080
[u  336] env= 22020096 rsucc=0.962 n_rounds= 1890 ret=+12.889 len=651.3 ent(t0,t>=1)=(0.000,1.047) aL=-0.0206 vL=0.0412 initial=[red=0.47 blue=0.53] switch=0.063
[u  337] env= 22085632 rsucc=0.958 n_rounds= 1910 ret=+12.307 len=693.7 ent(t0,t>=1)=(0.000,1.040) aL=-0.0183 vL=0.0429 initial=[red=0.49 blue=0.51] switch=0.070
[u  338] env= 22151168 rsucc=0.968 n_rounds= 1969 ret=+12.167 len=712.0 ent(t0,t>=1)=(0.000,1.031) aL=-0.0190 vL=0.0431 initial=[red=0.51 blue=0.49] switch=0.073
[u  339] env= 22216704 rsucc=0.965 n_rounds= 1890 ret=+12.585 len=687.7 ent(t0,t>=1)=(0.000,1.052) aL=-0.0220 vL=0.0415 initial=[red=0.51 blue=0.49] switch=0.072
[u  340] env= 22282240 rsucc=0.965 n_rounds= 1970 ret=+12.864 len=670.5 ent(t0,t>=1)=(0.000,1.041) aL=-0.0201 vL=0.0424 initial=[red=0.49 blue=0.51] switch=0.074
[u  341] env= 22347776 rsucc=0.969 n_rounds= 1995 ret=+13.078 len=658.1 ent(t0,t>=1)=(0.000,1.032) aL=-0.0205 vL=0.0446 initial=[red=0.50 blue=0.50] switch=0.069
[u  342] env= 22413312 rsucc=0.975 n_rounds= 2072 ret=+12.802 len=669.2 ent(t0,t>=1)=(0.000,1.010) aL=-0.0200 vL=0.0430 initial=[red=0.51 blue=0.49] switch=0.069
[u  343] env= 22478848 rsucc=0.956 n_rounds= 1889 ret=+13.027 len=646.1 ent(t0,t>=1)=(0.000,1.035) aL=-0.0177 vL=0.0432 initial=[red=0.50 blue=0.50] switch=0.069
[u  344] env= 22544384 rsucc=0.960 n_rounds= 1858 ret=+12.647 len=681.1 ent(t0,t>=1)=(0.000,1.041) aL=-0.0194 vL=0.0467 initial=[red=0.50 blue=0.50] switch=0.072
[u  345] env= 22609920 rsucc=0.950 n_rounds= 1933 ret=+12.484 len=684.9 ent(t0,t>=1)=(0.000,1.022) aL=-0.0182 vL=0.0429 initial=[red=0.50 blue=0.50] switch=0.073
[u  346] env= 22675456 rsucc=0.965 n_rounds= 2058 ret=+12.474 len=685.9 ent(t0,t>=1)=(0.000,1.012) aL=-0.0220 vL=0.0467 initial=[red=0.49 blue=0.51] switch=0.074
[u  347] env= 22740992 rsucc=0.963 n_rounds= 1940 ret=+12.628 len=673.1 ent(t0,t>=1)=(0.000,1.030) aL=-0.0196 vL=0.0467 initial=[red=0.51 blue=0.49] switch=0.078
[u  348] env= 22806528 rsucc=0.944 n_rounds= 1859 ret=+12.768 len=665.7 ent(t0,t>=1)=(0.000,1.021) aL=-0.0195 vL=0.0468 initial=[red=0.51 blue=0.49] switch=0.079
[u  349] env= 22872064 rsucc=0.973 n_rounds= 2070 ret=+12.804 len=660.5 ent(t0,t>=1)=(0.000,1.012) aL=-0.0214 vL=0.0466 initial=[red=0.51 blue=0.49] switch=0.075
[u  350] env= 22937600 rsucc=0.969 n_rounds= 2070 ret=+12.921 len=651.2 ent(t0,t>=1)=(0.000,1.003) aL=-0.0199 vL=0.0405 initial=[red=0.49 blue=0.51] switch=0.060
[u  351] env= 23003136 rsucc=0.980 n_rounds= 2014 ret=+13.388 len=632.0 ent(t0,t>=1)=(0.000,1.020) aL=-0.0196 vL=0.0394 initial=[red=0.50 blue=0.50] switch=0.066
[u  352] env= 23068672 rsucc=0.973 n_rounds= 2012 ret=+13.115 len=656.3 ent(t0,t>=1)=(0.000,1.020) aL=-0.0212 vL=0.0421 initial=[red=0.49 blue=0.51] switch=0.067
[u  353] env= 23134208 rsucc=0.976 n_rounds= 2077 ret=+13.155 len=648.2 ent(t0,t>=1)=(0.000,1.012) aL=-0.0208 vL=0.0424 initial=[red=0.49 blue=0.51] switch=0.063
[u  354] env= 23199744 rsucc=0.966 n_rounds= 1946 ret=+13.267 len=633.9 ent(t0,t>=1)=(0.000,1.031) aL=-0.0196 vL=0.0445 initial=[red=0.50 blue=0.50] switch=0.066
[u  355] env= 23265280 rsucc=0.962 n_rounds= 1982 ret=+12.413 len=695.5 ent(t0,t>=1)=(0.000,1.016) aL=-0.0225 vL=0.0454 initial=[red=0.52 blue=0.48] switch=0.075
[u  356] env= 23330816 rsucc=0.969 n_rounds= 1955 ret=+13.240 len=639.7 ent(t0,t>=1)=(0.000,1.038) aL=-0.0206 vL=0.0419 initial=[red=0.50 blue=0.50] switch=0.064
[u  357] env= 23396352 rsucc=0.966 n_rounds= 1935 ret=+12.792 len=674.8 ent(t0,t>=1)=(0.000,1.018) aL=-0.0217 vL=0.0469 initial=[red=0.50 blue=0.50] switch=0.066
[u  358] env= 23461888 rsucc=0.959 n_rounds= 1963 ret=+13.052 len=665.8 ent(t0,t>=1)=(0.000,1.033) aL=-0.0207 vL=0.0474 initial=[red=0.50 blue=0.50] switch=0.069
[u  359] env= 23527424 rsucc=0.960 n_rounds= 2021 ret=+12.551 len=679.9 ent(t0,t>=1)=(0.000,1.036) aL=-0.0214 vL=0.0404 initial=[red=0.49 blue=0.51] switch=0.065
[u  360] env= 23592960 rsucc=0.971 n_rounds= 2080 ret=+12.619 len=665.0 ent(t0,t>=1)=(0.000,1.004) aL=-0.0222 vL=0.0459 initial=[red=0.50 blue=0.50] switch=0.062
[u  361] env= 23658496 rsucc=0.969 n_rounds= 1985 ret=+12.919 len=652.9 ent(t0,t>=1)=(0.000,1.027) aL=-0.0223 vL=0.0466 initial=[red=0.50 blue=0.50] switch=0.072
[u  362] env= 23724032 rsucc=0.965 n_rounds= 2006 ret=+13.302 len=623.3 ent(t0,t>=1)=(0.000,1.029) aL=-0.0207 vL=0.0493 initial=[red=0.49 blue=0.51] switch=0.074
[u  363] env= 23789568 rsucc=0.964 n_rounds= 1917 ret=+12.731 len=680.8 ent(t0,t>=1)=(0.000,1.039) aL=-0.0193 vL=0.0385 initial=[red=0.50 blue=0.50] switch=0.067
[u  364] env= 23855104 rsucc=0.975 n_rounds= 2110 ret=+13.234 len=636.4 ent(t0,t>=1)=(0.000,1.012) aL=-0.0219 vL=0.0435 initial=[red=0.50 blue=0.50] switch=0.064
[u  365] env= 23920640 rsucc=0.974 n_rounds= 2097 ret=+13.437 len=634.9 ent(t0,t>=1)=(0.000,0.990) aL=-0.0218 vL=0.0431 initial=[red=0.50 blue=0.50] switch=0.063
[u  366] env= 23986176 rsucc=0.972 n_rounds= 2099 ret=+13.171 len=641.5 ent(t0,t>=1)=(0.000,0.989) aL=-0.0212 vL=0.0411 initial=[red=0.49 blue=0.51] switch=0.066
[u  367] env= 24051712 rsucc=0.956 n_rounds= 1974 ret=+12.974 len=656.9 ent(t0,t>=1)=(0.000,1.014) aL=-0.0225 vL=0.0479 initial=[red=0.51 blue=0.49] switch=0.074
[u  368] env= 24117248 rsucc=0.968 n_rounds= 2030 ret=+13.171 len=637.7 ent(t0,t>=1)=(0.000,0.988) aL=-0.0217 vL=0.0440 initial=[red=0.52 blue=0.48] switch=0.062
[u  369] env= 24182784 rsucc=0.970 n_rounds= 1998 ret=+13.193 len=641.4 ent(t0,t>=1)=(0.000,0.984) aL=-0.0218 vL=0.0430 initial=[red=0.50 blue=0.50] switch=0.062
[u  370] env= 24248320 rsucc=0.962 n_rounds= 2050 ret=+13.141 len=644.6 ent(t0,t>=1)=(0.000,0.983) aL=-0.0205 vL=0.0468 initial=[red=0.51 blue=0.49] switch=0.079
[u  371] env= 24313856 rsucc=0.969 n_rounds= 2078 ret=+12.955 len=641.6 ent(t0,t>=1)=(0.000,0.980) aL=-0.0198 vL=0.0456 initial=[red=0.50 blue=0.50] switch=0.064
[u  372] env= 24379392 rsucc=0.969 n_rounds= 2056 ret=+12.736 len=664.1 ent(t0,t>=1)=(0.000,1.013) aL=-0.0210 vL=0.0430 initial=[red=0.48 blue=0.52] switch=0.068
[u  373] env= 24444928 rsucc=0.972 n_rounds= 2044 ret=+13.380 len=624.0 ent(t0,t>=1)=(0.000,1.007) aL=-0.0226 vL=0.0404 initial=[red=0.49 blue=0.51] switch=0.067
[u  374] env= 24510464 rsucc=0.973 n_rounds= 2033 ret=+13.477 len=623.7 ent(t0,t>=1)=(0.000,0.994) aL=-0.0203 vL=0.0408 initial=[red=0.51 blue=0.49] switch=0.063
[u  375] env= 24576000 rsucc=0.973 n_rounds= 2026 ret=+12.966 len=664.7 ent(t0,t>=1)=(0.000,0.981) aL=-0.0220 vL=0.0422 initial=[red=0.50 blue=0.50] switch=0.068
[u  376] env= 24641536 rsucc=0.977 n_rounds= 2130 ret=+13.464 len=624.1 ent(t0,t>=1)=(0.000,0.967) aL=-0.0212 vL=0.0451 initial=[red=0.51 blue=0.49] switch=0.063
[u  377] env= 24707072 rsucc=0.977 n_rounds= 2140 ret=+13.518 len=616.2 ent(t0,t>=1)=(0.000,0.985) aL=-0.0219 vL=0.0436 initial=[red=0.51 blue=0.49] switch=0.066
[u  378] env= 24772608 rsucc=0.975 n_rounds= 2110 ret=+13.517 len=619.7 ent(t0,t>=1)=(0.000,0.972) aL=-0.0203 vL=0.0450 initial=[red=0.51 blue=0.49] switch=0.062
[u  379] env= 24838144 rsucc=0.982 n_rounds= 2204 ret=+13.510 len=629.2 ent(t0,t>=1)=(0.000,0.954) aL=-0.0212 vL=0.0460 initial=[red=0.50 blue=0.50] switch=0.054
[u  380] env= 24903680 rsucc=0.973 n_rounds= 2062 ret=+13.453 len=619.1 ent(t0,t>=1)=(0.000,0.950) aL=-0.0177 vL=0.0450 initial=[red=0.48 blue=0.52] switch=0.051
[u  381] env= 24969216 rsucc=0.978 n_rounds= 2166 ret=+13.683 len=608.7 ent(t0,t>=1)=(0.000,0.950) aL=-0.0217 vL=0.0451 initial=[red=0.50 blue=0.50] switch=0.058
[u  382] env= 25034752 rsucc=0.972 n_rounds= 2155 ret=+13.656 len=610.1 ent(t0,t>=1)=(0.000,0.957) aL=-0.0190 vL=0.0465 initial=[red=0.51 blue=0.49] switch=0.055
[u  383] env= 25100288 rsucc=0.966 n_rounds= 2041 ret=+13.450 len=613.7 ent(t0,t>=1)=(0.000,0.972) aL=-0.0204 vL=0.0449 initial=[red=0.50 blue=0.50] switch=0.066
[u  384] env= 25165824 rsucc=0.972 n_rounds= 2082 ret=+13.385 len=624.4 ent(t0,t>=1)=(0.000,0.959) aL=-0.0213 vL=0.0457 initial=[red=0.51 blue=0.49] switch=0.058
[u  385] env= 25231360 rsucc=0.960 n_rounds= 2005 ret=+13.159 len=635.4 ent(t0,t>=1)=(0.000,0.964) aL=-0.0200 vL=0.0441 initial=[red=0.51 blue=0.49] switch=0.063
[u  386] env= 25296896 rsucc=0.972 n_rounds= 2156 ret=+13.163 len=635.1 ent(t0,t>=1)=(0.000,0.921) aL=-0.0205 vL=0.0454 initial=[red=0.51 blue=0.49] switch=0.053
[u  387] env= 25362432 rsucc=0.979 n_rounds= 2204 ret=+13.324 len=627.6 ent(t0,t>=1)=(0.000,0.936) aL=-0.0197 vL=0.0448 initial=[red=0.50 blue=0.50] switch=0.052
[u  388] env= 25427968 rsucc=0.969 n_rounds= 2188 ret=+13.745 len=595.9 ent(t0,t>=1)=(0.000,0.935) aL=-0.0194 vL=0.0468 initial=[red=0.49 blue=0.51] switch=0.054
[u  389] env= 25493504 rsucc=0.978 n_rounds= 2212 ret=+13.879 len=584.0 ent(t0,t>=1)=(0.000,0.951) aL=-0.0210 vL=0.0472 initial=[red=0.51 blue=0.49] switch=0.053
[u  390] env= 25559040 rsucc=0.976 n_rounds= 2164 ret=+13.713 len=599.2 ent(t0,t>=1)=(0.000,0.948) aL=-0.0212 vL=0.0409 initial=[red=0.51 blue=0.49] switch=0.054
[u  391] env= 25624576 rsucc=0.969 n_rounds= 2160 ret=+13.329 len=627.7 ent(t0,t>=1)=(0.000,0.969) aL=-0.0217 vL=0.0418 initial=[red=0.49 blue=0.51] switch=0.060
[u  392] env= 25690112 rsucc=0.969 n_rounds= 2089 ret=+13.715 len=589.4 ent(t0,t>=1)=(0.000,0.977) aL=-0.0200 vL=0.0431 initial=[red=0.50 blue=0.50] switch=0.060
[u  393] env= 25755648 rsucc=0.970 n_rounds= 2114 ret=+13.704 len=603.2 ent(t0,t>=1)=(0.000,0.977) aL=-0.0199 vL=0.0472 initial=[red=0.50 blue=0.50] switch=0.056
[u  394] env= 25821184 rsucc=0.970 n_rounds= 2057 ret=+13.350 len=631.9 ent(t0,t>=1)=(0.000,0.969) aL=-0.0213 vL=0.0423 initial=[red=0.48 blue=0.52] switch=0.058
[u  395] env= 25886720 rsucc=0.964 n_rounds= 2124 ret=+13.189 len=633.8 ent(t0,t>=1)=(0.000,0.976) aL=-0.0213 vL=0.0451 initial=[red=0.50 blue=0.50] switch=0.067
[u  396] env= 25952256 rsucc=0.973 n_rounds= 2082 ret=+13.053 len=636.6 ent(t0,t>=1)=(0.000,0.981) aL=-0.0210 vL=0.0468 initial=[red=0.49 blue=0.51] switch=0.066
[u  397] env= 26017792 rsucc=0.973 n_rounds= 2143 ret=+13.774 len=588.7 ent(t0,t>=1)=(0.000,0.973) aL=-0.0213 vL=0.0482 initial=[red=0.51 blue=0.49] switch=0.066
[u  398] env= 26083328 rsucc=0.975 n_rounds= 2228 ret=+13.127 len=644.5 ent(t0,t>=1)=(0.000,0.945) aL=-0.0203 vL=0.0478 initial=[red=0.50 blue=0.50] switch=0.064
[u  399] env= 26148864 rsucc=0.966 n_rounds= 2014 ret=+13.391 len=619.1 ent(t0,t>=1)=(0.000,0.986) aL=-0.0212 vL=0.0460 initial=[red=0.50 blue=0.50] switch=0.071
[u  400] env= 26214400 rsucc=0.949 n_rounds= 1996 ret=+13.412 len=618.0 ent(t0,t>=1)=(0.000,0.964) aL=-0.0200 vL=0.0471 initial=[red=0.51 blue=0.49] switch=0.054
[u  401] env= 26279936 rsucc=0.968 n_rounds= 2081 ret=+13.109 len=629.0 ent(t0,t>=1)=(0.000,0.956) aL=-0.0208 vL=0.0462 initial=[red=0.50 blue=0.50] switch=0.053
[u  402] env= 26345472 rsucc=0.964 n_rounds= 1987 ret=+13.147 len=635.9 ent(t0,t>=1)=(0.000,0.968) aL=-0.0207 vL=0.0465 initial=[red=0.49 blue=0.51] switch=0.052
[u  403] env= 26411008 rsucc=0.965 n_rounds= 2149 ret=+12.724 len=663.7 ent(t0,t>=1)=(0.000,0.936) aL=-0.0213 vL=0.0515 initial=[red=0.49 blue=0.51] switch=0.064
[u  404] env= 26476544 rsucc=0.966 n_rounds= 2177 ret=+13.222 len=617.5 ent(t0,t>=1)=(0.000,0.944) aL=-0.0215 vL=0.0436 initial=[red=0.51 blue=0.49] switch=0.056
[u  405] env= 26542080 rsucc=0.971 n_rounds= 2163 ret=+13.475 len=615.5 ent(t0,t>=1)=(0.000,0.932) aL=-0.0196 vL=0.0471 initial=[red=0.47 blue=0.53] switch=0.059
[u  406] env= 26607616 rsucc=0.977 n_rounds= 2184 ret=+13.840 len=586.4 ent(t0,t>=1)=(0.000,0.939) aL=-0.0215 vL=0.0496 initial=[red=0.52 blue=0.48] switch=0.060
[u  407] env= 26673152 rsucc=0.967 n_rounds= 2171 ret=+13.457 len=611.4 ent(t0,t>=1)=(0.000,0.944) aL=-0.0228 vL=0.0462 initial=[red=0.49 blue=0.51] switch=0.057
[u  408] env= 26738688 rsucc=0.975 n_rounds= 2179 ret=+13.752 len=597.1 ent(t0,t>=1)=(0.000,0.935) aL=-0.0209 vL=0.0475 initial=[red=0.49 blue=0.51] switch=0.054
[u  409] env= 26804224 rsucc=0.978 n_rounds= 2175 ret=+13.690 len=595.6 ent(t0,t>=1)=(0.000,0.948) aL=-0.0193 vL=0.0453 initial=[red=0.51 blue=0.49] switch=0.059
[u  410] env= 26869760 rsucc=0.972 n_rounds= 2166 ret=+13.598 len=602.5 ent(t0,t>=1)=(0.000,0.945) aL=-0.0194 vL=0.0471 initial=[red=0.49 blue=0.51] switch=0.060
[u  411] env= 26935296 rsucc=0.977 n_rounds= 2174 ret=+13.605 len=616.9 ent(t0,t>=1)=(0.000,0.942) aL=-0.0218 vL=0.0446 initial=[red=0.51 blue=0.49] switch=0.054
[u  412] env= 27000832 rsucc=0.981 n_rounds= 2138 ret=+13.662 len=602.8 ent(t0,t>=1)=(0.000,0.941) aL=-0.0210 vL=0.0436 initial=[red=0.51 blue=0.49] switch=0.059
[u  413] env= 27066368 rsucc=0.973 n_rounds= 2185 ret=+13.707 len=602.7 ent(t0,t>=1)=(0.000,0.942) aL=-0.0213 vL=0.0461 initial=[red=0.50 blue=0.50] switch=0.056
[u  414] env= 27131904 rsucc=0.972 n_rounds= 2150 ret=+13.525 len=615.0 ent(t0,t>=1)=(0.000,0.952) aL=-0.0209 vL=0.0466 initial=[red=0.48 blue=0.52] switch=0.055
[u  415] env= 27197440 rsucc=0.984 n_rounds= 2236 ret=+13.683 len=602.7 ent(t0,t>=1)=(0.000,0.927) aL=-0.0226 vL=0.0395 initial=[red=0.52 blue=0.48] switch=0.053
[u  416] env= 27262976 rsucc=0.985 n_rounds= 2258 ret=+14.067 len=580.0 ent(t0,t>=1)=(0.000,0.922) aL=-0.0222 vL=0.0418 initial=[red=0.48 blue=0.52] switch=0.053
[u  417] env= 27328512 rsucc=0.972 n_rounds= 2156 ret=+14.080 len=574.1 ent(t0,t>=1)=(0.000,0.952) aL=-0.0195 vL=0.0468 initial=[red=0.53 blue=0.47] switch=0.055
[u  418] env= 27394048 rsucc=0.977 n_rounds= 2273 ret=+13.682 len=607.7 ent(t0,t>=1)=(0.000,0.919) aL=-0.0203 vL=0.0460 initial=[red=0.49 blue=0.51] switch=0.056
[u  419] env= 27459584 rsucc=0.975 n_rounds= 2182 ret=+13.840 len=585.9 ent(t0,t>=1)=(0.000,0.960) aL=-0.0213 vL=0.0505 initial=[red=0.50 blue=0.50] switch=0.069
[u  420] env= 27525120 rsucc=0.972 n_rounds= 2190 ret=+13.816 len=594.4 ent(t0,t>=1)=(0.000,0.965) aL=-0.0225 vL=0.0464 initial=[red=0.50 blue=0.50] switch=0.077
[u  421] env= 27590656 rsucc=0.973 n_rounds= 2189 ret=+13.543 len=605.8 ent(t0,t>=1)=(0.000,0.958) aL=-0.0234 vL=0.0494 initial=[red=0.52 blue=0.48] switch=0.064
[u  422] env= 27656192 rsucc=0.962 n_rounds= 2132 ret=+13.561 len=608.1 ent(t0,t>=1)=(0.000,0.958) aL=-0.0206 vL=0.0456 initial=[red=0.50 blue=0.50] switch=0.063
[u  423] env= 27721728 rsucc=0.967 n_rounds= 2115 ret=+13.629 len=587.5 ent(t0,t>=1)=(0.000,0.962) aL=-0.0222 vL=0.0489 initial=[red=0.53 blue=0.47] switch=0.064
[u  424] env= 27787264 rsucc=0.952 n_rounds= 2074 ret=+13.024 len=638.1 ent(t0,t>=1)=(0.000,0.984) aL=-0.0225 vL=0.0461 initial=[red=0.50 blue=0.50] switch=0.069
[u  425] env= 27852800 rsucc=0.971 n_rounds= 2232 ret=+13.128 len=616.4 ent(t0,t>=1)=(0.000,0.966) aL=-0.0213 vL=0.0482 initial=[red=0.51 blue=0.49] switch=0.067
[u  426] env= 27918336 rsucc=0.979 n_rounds= 2389 ret=+13.442 len=614.0 ent(t0,t>=1)=(0.000,0.924) aL=-0.0226 vL=0.0476 initial=[red=0.49 blue=0.51] switch=0.058
[u  427] env= 27983872 rsucc=0.988 n_rounds= 2345 ret=+14.262 len=556.3 ent(t0,t>=1)=(0.000,0.923) aL=-0.0210 vL=0.0475 initial=[red=0.49 blue=0.51] switch=0.060
[u  428] env= 28049408 rsucc=0.975 n_rounds= 2202 ret=+14.319 len=555.0 ent(t0,t>=1)=(0.000,0.945) aL=-0.0227 vL=0.0506 initial=[red=0.50 blue=0.50] switch=0.062
[u  429] env= 28114944 rsucc=0.974 n_rounds= 2140 ret=+13.999 len=583.4 ent(t0,t>=1)=(0.000,0.955) aL=-0.0219 vL=0.0442 initial=[red=0.50 blue=0.50] switch=0.061
[u  430] env= 28180480 rsucc=0.976 n_rounds= 2083 ret=+13.550 len=598.5 ent(t0,t>=1)=(0.000,0.960) aL=-0.0218 vL=0.0492 initial=[red=0.50 blue=0.50] switch=0.067
[u  431] env= 28246016 rsucc=0.969 n_rounds= 2104 ret=+13.281 len=635.9 ent(t0,t>=1)=(0.000,0.969) aL=-0.0221 vL=0.0531 initial=[red=0.50 blue=0.50] switch=0.069
[u  432] env= 28311552 rsucc=0.962 n_rounds= 2156 ret=+13.514 len=616.2 ent(t0,t>=1)=(0.000,0.956) aL=-0.0207 vL=0.0498 initial=[red=0.49 blue=0.51] switch=0.065
[u  433] env= 28377088 rsucc=0.978 n_rounds= 2185 ret=+13.465 len=608.2 ent(t0,t>=1)=(0.000,0.951) aL=-0.0224 vL=0.0495 initial=[red=0.48 blue=0.52] switch=0.069
[u  434] env= 28442624 rsucc=0.976 n_rounds= 2226 ret=+13.696 len=590.4 ent(t0,t>=1)=(0.000,0.952) aL=-0.0225 vL=0.0494 initial=[red=0.49 blue=0.51] switch=0.068
[u  435] env= 28508160 rsucc=0.970 n_rounds= 2089 ret=+13.719 len=602.1 ent(t0,t>=1)=(0.000,0.950) aL=-0.0217 vL=0.0470 initial=[red=0.49 blue=0.51] switch=0.060
[u  436] env= 28573696 rsucc=0.968 n_rounds= 2135 ret=+13.314 len=627.6 ent(t0,t>=1)=(0.000,0.944) aL=-0.0218 vL=0.0504 initial=[red=0.52 blue=0.48] switch=0.062
[u  437] env= 28639232 rsucc=0.969 n_rounds= 2139 ret=+13.174 len=625.8 ent(t0,t>=1)=(0.000,0.943) aL=-0.0210 vL=0.0492 initial=[red=0.52 blue=0.48] switch=0.059
[u  438] env= 28704768 rsucc=0.984 n_rounds= 2257 ret=+13.530 len=612.4 ent(t0,t>=1)=(0.000,0.926) aL=-0.0221 vL=0.0483 initial=[red=0.50 blue=0.50] switch=0.060
[u  439] env= 28770304 rsucc=0.982 n_rounds= 2296 ret=+13.908 len=596.5 ent(t0,t>=1)=(0.000,0.920) aL=-0.0225 vL=0.0489 initial=[red=0.50 blue=0.50] switch=0.064
[u  440] env= 28835840 rsucc=0.972 n_rounds= 2233 ret=+14.090 len=566.4 ent(t0,t>=1)=(0.000,0.943) aL=-0.0197 vL=0.0524 initial=[red=0.48 blue=0.52] switch=0.067
[u  441] env= 28901376 rsucc=0.977 n_rounds= 2227 ret=+13.935 len=586.5 ent(t0,t>=1)=(0.000,0.926) aL=-0.0224 vL=0.0481 initial=[red=0.51 blue=0.49] switch=0.062
[u  442] env= 28966912 rsucc=0.969 n_rounds= 2316 ret=+13.898 len=574.7 ent(t0,t>=1)=(0.000,0.908) aL=-0.0207 vL=0.0513 initial=[red=0.51 blue=0.49] switch=0.062
[u  443] env= 29032448 rsucc=0.968 n_rounds= 2183 ret=+13.825 len=571.3 ent(t0,t>=1)=(0.000,0.931) aL=-0.0207 vL=0.0494 initial=[red=0.50 blue=0.50] switch=0.061
[u  444] env= 29097984 rsucc=0.968 n_rounds= 2193 ret=+13.707 len=595.7 ent(t0,t>=1)=(0.000,0.908) aL=-0.0221 vL=0.0450 initial=[red=0.48 blue=0.52] switch=0.059
[u  445] env= 29163520 rsucc=0.965 n_rounds= 2171 ret=+13.522 len=595.3 ent(t0,t>=1)=(0.000,0.925) aL=-0.0218 vL=0.0491 initial=[red=0.50 blue=0.50] switch=0.059
[u  446] env= 29229056 rsucc=0.976 n_rounds= 2211 ret=+13.304 len=619.6 ent(t0,t>=1)=(0.000,0.909) aL=-0.0221 vL=0.0493 initial=[red=0.49 blue=0.51] switch=0.060
[u  447] env= 29294592 rsucc=0.975 n_rounds= 2206 ret=+13.731 len=591.4 ent(t0,t>=1)=(0.000,0.919) aL=-0.0212 vL=0.0443 initial=[red=0.52 blue=0.48] switch=0.059
[u  448] env= 29360128 rsucc=0.975 n_rounds= 2197 ret=+13.792 len=593.6 ent(t0,t>=1)=(0.000,0.922) aL=-0.0209 vL=0.0481 initial=[red=0.49 blue=0.51] switch=0.055
[u  449] env= 29425664 rsucc=0.974 n_rounds= 2253 ret=+14.041 len=575.1 ent(t0,t>=1)=(0.000,0.904) aL=-0.0214 vL=0.0480 initial=[red=0.50 blue=0.50] switch=0.057
[u  450] env= 29491200 rsucc=0.982 n_rounds= 2188 ret=+13.845 len=589.2 ent(t0,t>=1)=(0.000,0.901) aL=-0.0212 vL=0.0459 initial=[red=0.50 blue=0.50] switch=0.050
[u  451] env= 29556736 rsucc=0.977 n_rounds= 2237 ret=+13.654 len=606.0 ent(t0,t>=1)=(0.000,0.918) aL=-0.0216 vL=0.0460 initial=[red=0.50 blue=0.50] switch=0.065
[u  452] env= 29622272 rsucc=0.978 n_rounds= 2262 ret=+13.916 len=590.9 ent(t0,t>=1)=(0.000,0.901) aL=-0.0208 vL=0.0475 initial=[red=0.49 blue=0.51] switch=0.061
[u  453] env= 29687808 rsucc=0.974 n_rounds= 2277 ret=+14.131 len=563.2 ent(t0,t>=1)=(0.000,0.909) aL=-0.0228 vL=0.0448 initial=[red=0.49 blue=0.51] switch=0.067
[u  454] env= 29753344 rsucc=0.977 n_rounds= 2283 ret=+13.700 len=590.4 ent(t0,t>=1)=(0.000,0.928) aL=-0.0231 vL=0.0448 initial=[red=0.51 blue=0.49] switch=0.063
[u  455] env= 29818880 rsucc=0.986 n_rounds= 2308 ret=+14.037 len=573.7 ent(t0,t>=1)=(0.000,0.904) aL=-0.0236 vL=0.0463 initial=[red=0.51 blue=0.49] switch=0.061
[u  456] env= 29884416 rsucc=0.977 n_rounds= 2227 ret=+14.237 len=562.6 ent(t0,t>=1)=(0.000,0.930) aL=-0.0226 vL=0.0504 initial=[red=0.51 blue=0.49] switch=0.063
[u  457] env= 29949952 rsucc=0.970 n_rounds= 2266 ret=+13.986 len=578.8 ent(t0,t>=1)=(0.000,0.923) aL=-0.0229 vL=0.0500 initial=[red=0.50 blue=0.50] switch=0.061
[u  458] env= 30015488 rsucc=0.968 n_rounds= 2162 ret=+13.452 len=605.2 ent(t0,t>=1)=(0.000,0.941) aL=-0.0206 vL=0.0502 initial=[red=0.50 blue=0.50] switch=0.070
[u  459] env= 30081024 rsucc=0.971 n_rounds= 2207 ret=+13.853 len=578.4 ent(t0,t>=1)=(0.000,0.908) aL=-0.0216 vL=0.0485 initial=[red=0.51 blue=0.49] switch=0.064
[u  460] env= 30146560 rsucc=0.972 n_rounds= 2272 ret=+13.630 len=605.5 ent(t0,t>=1)=(0.000,0.913) aL=-0.0224 vL=0.0493 initial=[red=0.50 blue=0.50] switch=0.061
[u  461] env= 30212096 rsucc=0.977 n_rounds= 2266 ret=+13.632 len=594.7 ent(t0,t>=1)=(0.000,0.906) aL=-0.0219 vL=0.0503 initial=[red=0.49 blue=0.51] switch=0.055
[u  462] env= 30277632 rsucc=0.980 n_rounds= 2265 ret=+13.889 len=573.8 ent(t0,t>=1)=(0.000,0.912) aL=-0.0228 vL=0.0465 initial=[red=0.53 blue=0.47] switch=0.059
[u  463] env= 30343168 rsucc=0.983 n_rounds= 2218 ret=+14.372 len=555.5 ent(t0,t>=1)=(0.000,0.907) aL=-0.0133 vL=0.0446 initial=[red=0.50 blue=0.50] switch=0.064
[u  464] env= 30408704 rsucc=0.975 n_rounds= 2245 ret=+13.747 len=601.8 ent(t0,t>=1)=(0.000,0.919) aL=-0.0232 vL=0.0485 initial=[red=0.50 blue=0.50] switch=0.066
[u  465] env= 30474240 rsucc=0.975 n_rounds= 2274 ret=+14.042 len=566.7 ent(t0,t>=1)=(0.000,0.908) aL=-0.0237 vL=0.0475 initial=[red=0.51 blue=0.49] switch=0.072
[u  466] env= 30539776 rsucc=0.980 n_rounds= 2289 ret=+13.914 len=587.7 ent(t0,t>=1)=(0.000,0.909) aL=-0.0243 vL=0.0489 initial=[red=0.49 blue=0.51] switch=0.063
[u  467] env= 30605312 rsucc=0.973 n_rounds= 2219 ret=+14.001 len=573.5 ent(t0,t>=1)=(0.000,0.927) aL=-0.0222 vL=0.0483 initial=[red=0.53 blue=0.47] switch=0.070
[u  468] env= 30670848 rsucc=0.975 n_rounds= 2239 ret=+13.661 len=592.5 ent(t0,t>=1)=(0.000,0.912) aL=-0.0237 vL=0.0458 initial=[red=0.50 blue=0.50] switch=0.063
[u  469] env= 30736384 rsucc=0.974 n_rounds= 2259 ret=+13.934 len=585.8 ent(t0,t>=1)=(0.000,0.903) aL=-0.0224 vL=0.0493 initial=[red=0.51 blue=0.49] switch=0.072
[u  470] env= 30801920 rsucc=0.979 n_rounds= 2310 ret=+14.208 len=558.8 ent(t0,t>=1)=(0.000,0.914) aL=-0.0222 vL=0.0505 initial=[red=0.51 blue=0.49] switch=0.067
[u  471] env= 30867456 rsucc=0.969 n_rounds= 2154 ret=+13.805 len=588.5 ent(t0,t>=1)=(0.000,0.923) aL=-0.0230 vL=0.0437 initial=[red=0.51 blue=0.49] switch=0.075
[u  472] env= 30932992 rsucc=0.980 n_rounds= 2358 ret=+13.943 len=578.0 ent(t0,t>=1)=(0.000,0.891) aL=-0.0221 vL=0.0482 initial=[red=0.50 blue=0.50] switch=0.059
[u  473] env= 30998528 rsucc=0.990 n_rounds= 2340 ret=+13.851 len=585.6 ent(t0,t>=1)=(0.000,0.903) aL=-0.0233 vL=0.0487 initial=[red=0.49 blue=0.51] switch=0.060
[u  474] env= 31064064 rsucc=0.976 n_rounds= 2211 ret=+14.251 len=561.3 ent(t0,t>=1)=(0.000,0.913) aL=-0.0219 vL=0.0448 initial=[red=0.50 blue=0.50] switch=0.068
[u  475] env= 31129600 rsucc=0.967 n_rounds= 2171 ret=+13.803 len=584.5 ent(t0,t>=1)=(0.000,0.952) aL=-0.0225 vL=0.0484 initial=[red=0.49 blue=0.51] switch=0.069
[u  476] env= 31195136 rsucc=0.973 n_rounds= 2296 ret=+13.687 len=593.3 ent(t0,t>=1)=(0.000,0.918) aL=-0.0228 vL=0.0507 initial=[red=0.52 blue=0.48] switch=0.073
[u  477] env= 31260672 rsucc=0.981 n_rounds= 2368 ret=+14.121 len=564.5 ent(t0,t>=1)=(0.000,0.892) aL=-0.0235 vL=0.0498 initial=[red=0.49 blue=0.51] switch=0.071
[u  478] env= 31326208 rsucc=0.976 n_rounds= 2233 ret=+14.000 len=578.1 ent(t0,t>=1)=(0.000,0.907) aL=-0.0243 vL=0.0420 initial=[red=0.52 blue=0.48] switch=0.065
[u  479] env= 31391744 rsucc=0.981 n_rounds= 2253 ret=+14.017 len=573.2 ent(t0,t>=1)=(0.000,0.908) aL=-0.0214 vL=0.0467 initial=[red=0.51 blue=0.49] switch=0.062
[u  480] env= 31457280 rsucc=0.977 n_rounds= 2290 ret=+13.995 len=580.3 ent(t0,t>=1)=(0.000,0.909) aL=-0.0230 vL=0.0476 initial=[red=0.49 blue=0.51] switch=0.062
[u  481] env= 31522816 rsucc=0.965 n_rounds= 2196 ret=+13.656 len=597.1 ent(t0,t>=1)=(0.000,0.935) aL=-0.0222 vL=0.0484 initial=[red=0.48 blue=0.52] switch=0.070
[u  482] env= 31588352 rsucc=0.976 n_rounds= 2248 ret=+13.864 len=579.0 ent(t0,t>=1)=(0.000,0.921) aL=-0.0230 vL=0.0494 initial=[red=0.48 blue=0.52] switch=0.074
[u  483] env= 31653888 rsucc=0.981 n_rounds= 2350 ret=+13.924 len=575.7 ent(t0,t>=1)=(0.000,0.905) aL=-0.0234 vL=0.0531 initial=[red=0.52 blue=0.48] switch=0.071
[u  484] env= 31719424 rsucc=0.976 n_rounds= 2270 ret=+14.109 len=564.8 ent(t0,t>=1)=(0.000,0.921) aL=-0.0219 vL=0.0470 initial=[red=0.49 blue=0.51] switch=0.062
[u  485] env= 31784960 rsucc=0.977 n_rounds= 2136 ret=+14.018 len=575.2 ent(t0,t>=1)=(0.000,0.924) aL=-0.0233 vL=0.0477 initial=[red=0.52 blue=0.48] switch=0.062
[u  486] env= 31850496 rsucc=0.982 n_rounds= 2317 ret=+13.867 len=592.2 ent(t0,t>=1)=(0.000,0.900) aL=-0.0236 vL=0.0447 initial=[red=0.48 blue=0.52] switch=0.061
[u  487] env= 31916032 rsucc=0.977 n_rounds= 2285 ret=+13.851 len=588.7 ent(t0,t>=1)=(0.000,0.926) aL=-0.0236 vL=0.0424 initial=[red=0.50 blue=0.50] switch=0.061
[u  488] env= 31981568 rsucc=0.975 n_rounds= 2157 ret=+14.040 len=573.3 ent(t0,t>=1)=(0.000,0.932) aL=-0.0220 vL=0.0469 initial=[red=0.51 blue=0.49] switch=0.064
[u  489] env= 32047104 rsucc=0.988 n_rounds= 2376 ret=+14.117 len=568.9 ent(t0,t>=1)=(0.000,0.900) aL=-0.0225 vL=0.0479 initial=[red=0.48 blue=0.52] switch=0.061
[u  490] env= 32112640 rsucc=0.981 n_rounds= 2363 ret=+14.111 len=574.6 ent(t0,t>=1)=(0.000,0.907) aL=-0.0231 vL=0.0460 initial=[red=0.50 blue=0.50] switch=0.058
[u  491] env= 32178176 rsucc=0.966 n_rounds= 2206 ret=+14.210 len=552.4 ent(t0,t>=1)=(0.000,0.926) aL=-0.0222 vL=0.0521 initial=[red=0.49 blue=0.51] switch=0.075
[u  492] env= 32243712 rsucc=0.979 n_rounds= 2355 ret=+13.859 len=582.2 ent(t0,t>=1)=(0.000,0.898) aL=-0.0228 vL=0.0473 initial=[red=0.50 blue=0.50] switch=0.067
[u  493] env= 32309248 rsucc=0.973 n_rounds= 2369 ret=+13.827 len=581.6 ent(t0,t>=1)=(0.000,0.908) aL=-0.0222 vL=0.0513 initial=[red=0.49 blue=0.51] switch=0.066
[u  494] env= 32374784 rsucc=0.981 n_rounds= 2323 ret=+14.385 len=547.2 ent(t0,t>=1)=(0.000,0.908) aL=-0.0221 vL=0.0501 initial=[red=0.50 blue=0.50] switch=0.064
[u  495] env= 32440320 rsucc=0.981 n_rounds= 2359 ret=+14.032 len=564.9 ent(t0,t>=1)=(0.000,0.910) aL=-0.0231 vL=0.0518 initial=[red=0.50 blue=0.50] switch=0.070
[u  496] env= 32505856 rsucc=0.979 n_rounds= 2291 ret=+13.973 len=576.6 ent(t0,t>=1)=(0.000,0.932) aL=-0.0230 vL=0.0523 initial=[red=0.51 blue=0.49] switch=0.066
[u  497] env= 32571392 rsucc=0.979 n_rounds= 2326 ret=+14.121 len=567.4 ent(t0,t>=1)=(0.000,0.923) aL=-0.0239 vL=0.0505 initial=[red=0.52 blue=0.48] switch=0.061
[u  498] env= 32636928 rsucc=0.981 n_rounds= 2290 ret=+14.386 len=544.4 ent(t0,t>=1)=(0.000,0.932) aL=-0.0228 vL=0.0497 initial=[red=0.50 blue=0.50] switch=0.062
[u  499] env= 32702464 rsucc=0.978 n_rounds= 2248 ret=+14.268 len=555.5 ent(t0,t>=1)=(0.000,0.918) aL=-0.0215 vL=0.0439 initial=[red=0.53 blue=0.47] switch=0.057
[u  500] env= 32768000 rsucc=0.979 n_rounds= 2317 ret=+14.015 len=581.3 ent(t0,t>=1)=(0.000,0.907) aL=-0.0236 vL=0.0483 initial=[red=0.50 blue=0.50] switch=0.063
[u  501] env= 32833536 rsucc=0.969 n_rounds= 2279 ret=+13.537 len=600.7 ent(t0,t>=1)=(0.000,0.930) aL=-0.0232 vL=0.0503 initial=[red=0.51 blue=0.49] switch=0.064
[u  502] env= 32899072 rsucc=0.973 n_rounds= 2225 ret=+14.104 len=554.1 ent(t0,t>=1)=(0.000,0.941) aL=-0.0223 vL=0.0475 initial=[red=0.49 blue=0.51] switch=0.062
[u  503] env= 32964608 rsucc=0.974 n_rounds= 2298 ret=+13.795 len=595.3 ent(t0,t>=1)=(0.000,0.929) aL=-0.0223 vL=0.0496 initial=[red=0.50 blue=0.50] switch=0.059
[u  504] env= 33030144 rsucc=0.979 n_rounds= 2307 ret=+14.068 len=565.3 ent(t0,t>=1)=(0.000,0.925) aL=-0.0223 vL=0.0459 initial=[red=0.50 blue=0.50] switch=0.056
[u  505] env= 33095680 rsucc=0.982 n_rounds= 2282 ret=+14.101 len=559.8 ent(t0,t>=1)=(0.000,0.903) aL=-0.0211 vL=0.0455 initial=[red=0.50 blue=0.50] switch=0.058
[u  506] env= 33161216 rsucc=0.979 n_rounds= 2398 ret=+13.967 len=582.6 ent(t0,t>=1)=(0.000,0.902) aL=-0.0226 vL=0.0513 initial=[red=0.51 blue=0.49] switch=0.066
[u  507] env= 33226752 rsucc=0.977 n_rounds= 2437 ret=+14.237 len=547.6 ent(t0,t>=1)=(0.000,0.885) aL=-0.0216 vL=0.0504 initial=[red=0.50 blue=0.50] switch=0.065
[u  508] env= 33292288 rsucc=0.989 n_rounds= 2507 ret=+14.443 len=539.2 ent(t0,t>=1)=(0.000,0.865) aL=-0.0220 vL=0.0492 initial=[red=0.50 blue=0.50] switch=0.053
[u  509] env= 33357824 rsucc=0.983 n_rounds= 2320 ret=+14.560 len=540.3 ent(t0,t>=1)=(0.000,0.893) aL=-0.0222 vL=0.0464 initial=[red=0.50 blue=0.50] switch=0.056
[u  510] env= 33423360 rsucc=0.979 n_rounds= 2262 ret=+14.087 len=558.1 ent(t0,t>=1)=(0.000,0.903) aL=-0.0207 vL=0.0457 initial=[red=0.52 blue=0.48] switch=0.059
[u  511] env= 33488896 rsucc=0.982 n_rounds= 2339 ret=+14.486 len=548.4 ent(t0,t>=1)=(0.000,0.901) aL=-0.0230 vL=0.0485 initial=[red=0.51 blue=0.49] switch=0.055
[u  512] env= 33554432 rsucc=0.979 n_rounds= 2330 ret=+14.053 len=576.5 ent(t0,t>=1)=(0.000,0.894) aL=-0.0231 vL=0.0463 initial=[red=0.49 blue=0.51] switch=0.059
[u  513] env= 33619968 rsucc=0.977 n_rounds= 2296 ret=+14.127 len=561.3 ent(t0,t>=1)=(0.000,0.905) aL=-0.0221 vL=0.0450 initial=[red=0.50 blue=0.50] switch=0.054
[u  514] env= 33685504 rsucc=0.984 n_rounds= 2308 ret=+13.928 len=588.3 ent(t0,t>=1)=(0.000,0.883) aL=-0.0214 vL=0.0474 initial=[red=0.51 blue=0.49] switch=0.054
[u  515] env= 33751040 rsucc=0.982 n_rounds= 2286 ret=+14.408 len=551.6 ent(t0,t>=1)=(0.000,0.901) aL=-0.0225 vL=0.0488 initial=[red=0.49 blue=0.51] switch=0.064
[u  516] env= 33816576 rsucc=0.966 n_rounds= 2239 ret=+13.883 len=578.9 ent(t0,t>=1)=(0.000,0.916) aL=-0.0212 vL=0.0482 initial=[red=0.51 blue=0.49] switch=0.067
[u  517] env= 33882112 rsucc=0.987 n_rounds= 2439 ret=+14.009 len=565.1 ent(t0,t>=1)=(0.000,0.875) aL=-0.0219 vL=0.0533 initial=[red=0.50 blue=0.50] switch=0.056
[u  518] env= 33947648 rsucc=0.983 n_rounds= 2347 ret=+14.327 len=551.2 ent(t0,t>=1)=(0.000,0.873) aL=-0.0210 vL=0.0495 initial=[red=0.48 blue=0.52] switch=0.058
[u  519] env= 34013184 rsucc=0.976 n_rounds= 2252 ret=+14.312 len=553.6 ent(t0,t>=1)=(0.000,0.887) aL=-0.0211 vL=0.0502 initial=[red=0.49 blue=0.51] switch=0.058
[u  520] env= 34078720 rsucc=0.975 n_rounds= 2444 ret=+14.054 len=575.5 ent(t0,t>=1)=(0.000,0.864) aL=-0.0212 vL=0.0526 initial=[red=0.51 blue=0.49] switch=0.059
[u  521] env= 34144256 rsucc=0.978 n_rounds= 2275 ret=+14.221 len=548.3 ent(t0,t>=1)=(0.000,0.869) aL=-0.0220 vL=0.0507 initial=[red=0.50 blue=0.50] switch=0.057
[u  522] env= 34209792 rsucc=0.976 n_rounds= 2348 ret=+14.022 len=566.0 ent(t0,t>=1)=(0.000,0.858) aL=-0.0215 vL=0.0466 initial=[red=0.53 blue=0.47] switch=0.057
[u  523] env= 34275328 rsucc=0.981 n_rounds= 2361 ret=+14.240 len=554.1 ent(t0,t>=1)=(0.000,0.870) aL=-0.0220 vL=0.0539 initial=[red=0.49 blue=0.51] switch=0.061
[u  524] env= 34340864 rsucc=0.978 n_rounds= 2320 ret=+14.264 len=550.4 ent(t0,t>=1)=(0.000,0.877) aL=-0.0210 vL=0.0501 initial=[red=0.50 blue=0.50] switch=0.061
[u  525] env= 34406400 rsucc=0.980 n_rounds= 2327 ret=+14.136 len=561.8 ent(t0,t>=1)=(0.000,0.874) aL=-0.0217 vL=0.0507 initial=[red=0.51 blue=0.49] switch=0.061
[u  526] env= 34471936 rsucc=0.982 n_rounds= 2317 ret=+14.185 len=562.8 ent(t0,t>=1)=(0.000,0.888) aL=-0.0223 vL=0.0467 initial=[red=0.49 blue=0.51] switch=0.060
[u  527] env= 34537472 rsucc=0.980 n_rounds= 2389 ret=+14.114 len=572.4 ent(t0,t>=1)=(0.000,0.865) aL=-0.0220 vL=0.0535 initial=[red=0.50 blue=0.50] switch=0.058
[u  528] env= 34603008 rsucc=0.979 n_rounds= 2336 ret=+14.367 len=549.6 ent(t0,t>=1)=(0.000,0.872) aL=-0.0219 vL=0.0510 initial=[red=0.51 blue=0.49] switch=0.063
[u  529] env= 34668544 rsucc=0.982 n_rounds= 2404 ret=+14.126 len=561.1 ent(t0,t>=1)=(0.000,0.875) aL=-0.0219 vL=0.0475 initial=[red=0.50 blue=0.50] switch=0.054
[u  530] env= 34734080 rsucc=0.980 n_rounds= 2448 ret=+14.210 len=552.9 ent(t0,t>=1)=(0.000,0.882) aL=-0.0218 vL=0.0538 initial=[red=0.49 blue=0.51] switch=0.061
[u  531] env= 34799616 rsucc=0.986 n_rounds= 2426 ret=+14.459 len=541.5 ent(t0,t>=1)=(0.000,0.859) aL=-0.0207 vL=0.0485 initial=[red=0.50 blue=0.50] switch=0.052
[u  532] env= 34865152 rsucc=0.987 n_rounds= 2379 ret=+14.653 len=527.7 ent(t0,t>=1)=(0.000,0.848) aL=-0.0220 vL=0.0508 initial=[red=0.51 blue=0.49] switch=0.051
[u  533] env= 34930688 rsucc=0.978 n_rounds= 2319 ret=+14.330 len=551.1 ent(t0,t>=1)=(0.000,0.872) aL=-0.0228 vL=0.0503 initial=[red=0.51 blue=0.49] switch=0.057
[u  534] env= 34996224 rsucc=0.985 n_rounds= 2366 ret=+14.131 len=566.6 ent(t0,t>=1)=(0.000,0.860) aL=-0.0229 vL=0.0522 initial=[red=0.49 blue=0.51] switch=0.056
[u  535] env= 35061760 rsucc=0.972 n_rounds= 2353 ret=+14.437 len=544.0 ent(t0,t>=1)=(0.000,0.875) aL=-0.0223 vL=0.0507 initial=[red=0.49 blue=0.51] switch=0.056
[u  536] env= 35127296 rsucc=0.980 n_rounds= 2398 ret=+14.107 len=563.5 ent(t0,t>=1)=(0.000,0.867) aL=-0.0213 vL=0.0514 initial=[red=0.51 blue=0.49] switch=0.057
[u  537] env= 35192832 rsucc=0.981 n_rounds= 2408 ret=+14.132 len=556.3 ent(t0,t>=1)=(0.000,0.869) aL=-0.0223 vL=0.0519 initial=[red=0.49 blue=0.51] switch=0.055
[u  538] env= 35258368 rsucc=0.980 n_rounds= 2290 ret=+14.374 len=544.8 ent(t0,t>=1)=(0.000,0.873) aL=-0.0218 vL=0.0505 initial=[red=0.50 blue=0.50] switch=0.060
[u  539] env= 35323904 rsucc=0.978 n_rounds= 2356 ret=+14.315 len=548.5 ent(t0,t>=1)=(0.000,0.873) aL=-0.0215 vL=0.0500 initial=[red=0.49 blue=0.51] switch=0.060
[u  540] env= 35389440 rsucc=0.987 n_rounds= 2430 ret=+14.219 len=560.3 ent(t0,t>=1)=(0.000,0.864) aL=-0.0219 vL=0.0515 initial=[red=0.50 blue=0.50] switch=0.052
[u  541] env= 35454976 rsucc=0.979 n_rounds= 2373 ret=+14.240 len=562.9 ent(t0,t>=1)=(0.000,0.883) aL=-0.0220 vL=0.0482 initial=[red=0.51 blue=0.49] switch=0.062
[u  542] env= 35520512 rsucc=0.986 n_rounds= 2439 ret=+14.315 len=551.9 ent(t0,t>=1)=(0.000,0.865) aL=-0.0223 vL=0.0474 initial=[red=0.49 blue=0.51] switch=0.052
[u  543] env= 35586048 rsucc=0.983 n_rounds= 2372 ret=+14.535 len=534.0 ent(t0,t>=1)=(0.000,0.871) aL=-0.0228 vL=0.0527 initial=[red=0.49 blue=0.51] switch=0.061
[u  544] env= 35651584 rsucc=0.980 n_rounds= 2442 ret=+14.453 len=541.9 ent(t0,t>=1)=(0.000,0.842) aL=-0.0225 vL=0.0491 initial=[red=0.50 blue=0.50] switch=0.053
[u  545] env= 35717120 rsucc=0.976 n_rounds= 2300 ret=+14.207 len=553.1 ent(t0,t>=1)=(0.000,0.860) aL=-0.0223 vL=0.0506 initial=[red=0.50 blue=0.50] switch=0.059
[u  546] env= 35782656 rsucc=0.979 n_rounds= 2226 ret=+14.346 len=547.2 ent(t0,t>=1)=(0.000,0.859) aL=-0.0223 vL=0.0483 initial=[red=0.50 blue=0.50] switch=0.060
[u  547] env= 35848192 rsucc=0.986 n_rounds= 2376 ret=+14.166 len=567.8 ent(t0,t>=1)=(0.000,0.851) aL=-0.0230 vL=0.0467 initial=[red=0.52 blue=0.48] switch=0.060
[u  548] env= 35913728 rsucc=0.978 n_rounds= 2403 ret=+14.011 len=574.8 ent(t0,t>=1)=(0.000,0.862) aL=-0.0226 vL=0.0484 initial=[red=0.48 blue=0.52] switch=0.060
[u  549] env= 35979264 rsucc=0.979 n_rounds= 2413 ret=+14.161 len=559.8 ent(t0,t>=1)=(0.000,0.859) aL=-0.0215 vL=0.0530 initial=[red=0.50 blue=0.50] switch=0.064
[u  550] env= 36044800 rsucc=0.975 n_rounds= 2260 ret=+14.283 len=548.8 ent(t0,t>=1)=(0.000,0.891) aL=-0.0223 vL=0.0477 initial=[red=0.51 blue=0.49] switch=0.069
[u  551] env= 36110336 rsucc=0.977 n_rounds= 2371 ret=+13.980 len=571.9 ent(t0,t>=1)=(0.000,0.865) aL=-0.0215 vL=0.0534 initial=[red=0.50 blue=0.50] switch=0.071
[u  552] env= 36175872 rsucc=0.980 n_rounds= 2348 ret=+14.203 len=559.5 ent(t0,t>=1)=(0.000,0.856) aL=-0.0211 vL=0.0478 initial=[red=0.51 blue=0.49] switch=0.066
[u  553] env= 36241408 rsucc=0.978 n_rounds= 2391 ret=+14.384 len=541.2 ent(t0,t>=1)=(0.000,0.876) aL=-0.0224 vL=0.0492 initial=[red=0.50 blue=0.50] switch=0.065
[u  554] env= 36306944 rsucc=0.983 n_rounds= 2505 ret=+14.471 len=537.1 ent(t0,t>=1)=(0.000,0.849) aL=-0.0222 vL=0.0482 initial=[red=0.50 blue=0.50] switch=0.063
[u  555] env= 36372480 rsucc=0.991 n_rounds= 2481 ret=+14.292 len=550.8 ent(t0,t>=1)=(0.000,0.841) aL=-0.0223 vL=0.0445 initial=[red=0.51 blue=0.49] switch=0.053
[u  556] env= 36438016 rsucc=0.982 n_rounds= 2371 ret=+14.748 len=522.5 ent(t0,t>=1)=(0.000,0.860) aL=-0.0223 vL=0.0519 initial=[red=0.50 blue=0.50] switch=0.060
[u  557] env= 36503552 rsucc=0.981 n_rounds= 2298 ret=+14.484 len=543.4 ent(t0,t>=1)=(0.000,0.858) aL=-0.0238 vL=0.0476 initial=[red=0.50 blue=0.50] switch=0.062
[u  558] env= 36569088 rsucc=0.982 n_rounds= 2342 ret=+14.276 len=556.7 ent(t0,t>=1)=(0.000,0.867) aL=-0.0228 vL=0.0479 initial=[red=0.50 blue=0.50] switch=0.053
[u  559] env= 36634624 rsucc=0.986 n_rounds= 2440 ret=+14.243 len=553.7 ent(t0,t>=1)=(0.000,0.842) aL=-0.0209 vL=0.0474 initial=[red=0.50 blue=0.50] switch=0.052
[u  560] env= 36700160 rsucc=0.977 n_rounds= 2274 ret=+14.277 len=561.3 ent(t0,t>=1)=(0.000,0.869) aL=-0.0214 vL=0.0487 initial=[red=0.51 blue=0.49] switch=0.057
[u  561] env= 36765696 rsucc=0.981 n_rounds= 2417 ret=+14.089 len=565.3 ent(t0,t>=1)=(0.000,0.855) aL=-0.0220 vL=0.0507 initial=[red=0.51 blue=0.49] switch=0.060
[u  562] env= 36831232 rsucc=0.983 n_rounds= 2404 ret=+14.408 len=542.2 ent(t0,t>=1)=(0.000,0.852) aL=-0.0217 vL=0.0475 initial=[red=0.49 blue=0.51] switch=0.062
[u  563] env= 36896768 rsucc=0.980 n_rounds= 2272 ret=+14.164 len=565.2 ent(t0,t>=1)=(0.000,0.885) aL=-0.0229 vL=0.0480 initial=[red=0.50 blue=0.50] switch=0.066
[u  564] env= 36962304 rsucc=0.986 n_rounds= 2396 ret=+14.200 len=568.3 ent(t0,t>=1)=(0.000,0.856) aL=-0.0214 vL=0.0459 initial=[red=0.49 blue=0.51] switch=0.055
[u  565] env= 37027840 rsucc=0.986 n_rounds= 2492 ret=+14.301 len=555.7 ent(t0,t>=1)=(0.000,0.840) aL=-0.0207 vL=0.0490 initial=[red=0.49 blue=0.51] switch=0.054
[u  566] env= 37093376 rsucc=0.985 n_rounds= 2418 ret=+14.596 len=529.9 ent(t0,t>=1)=(0.000,0.840) aL=-0.0229 vL=0.0541 initial=[red=0.53 blue=0.47] switch=0.063
[u  567] env= 37158912 rsucc=0.980 n_rounds= 2451 ret=+14.732 len=515.4 ent(t0,t>=1)=(0.000,0.825) aL=-0.0209 vL=0.0517 initial=[red=0.50 blue=0.50] switch=0.055
[u  568] env= 37224448 rsucc=0.984 n_rounds= 2424 ret=+14.496 len=539.7 ent(t0,t>=1)=(0.000,0.840) aL=-0.0223 vL=0.0511 initial=[red=0.50 blue=0.50] switch=0.054
[u  569] env= 37289984 rsucc=0.985 n_rounds= 2468 ret=+14.437 len=539.7 ent(t0,t>=1)=(0.000,0.843) aL=-0.0221 vL=0.0504 initial=[red=0.51 blue=0.49] switch=0.059
[u  570] env= 37355520 rsucc=0.976 n_rounds= 2350 ret=+14.403 len=543.9 ent(t0,t>=1)=(0.000,0.854) aL=-0.0232 vL=0.0492 initial=[red=0.50 blue=0.50] switch=0.062
[u  571] env= 37421056 rsucc=0.981 n_rounds= 2316 ret=+14.278 len=559.3 ent(t0,t>=1)=(0.000,0.834) aL=-0.0214 vL=0.0484 initial=[red=0.51 blue=0.49] switch=0.059
[u  572] env= 37486592 rsucc=0.984 n_rounds= 2476 ret=+14.293 len=544.4 ent(t0,t>=1)=(0.000,0.832) aL=-0.0226 vL=0.0507 initial=[red=0.49 blue=0.51] switch=0.068
[u  573] env= 37552128 rsucc=0.985 n_rounds= 2455 ret=+14.349 len=547.6 ent(t0,t>=1)=(0.000,0.837) aL=-0.0228 vL=0.0526 initial=[red=0.50 blue=0.50] switch=0.063
[u  574] env= 37617664 rsucc=0.983 n_rounds= 2525 ret=+14.478 len=533.8 ent(t0,t>=1)=(0.000,0.808) aL=-0.0217 vL=0.0509 initial=[red=0.50 blue=0.50] switch=0.061
[u  575] env= 37683200 rsucc=0.979 n_rounds= 2334 ret=+14.646 len=526.2 ent(t0,t>=1)=(0.000,0.852) aL=-0.0229 vL=0.0541 initial=[red=0.50 blue=0.50] switch=0.062
[u  576] env= 37748736 rsucc=0.974 n_rounds= 2213 ret=+14.363 len=548.3 ent(t0,t>=1)=(0.000,0.849) aL=-0.0214 vL=0.0527 initial=[red=0.48 blue=0.52] switch=0.059
[u  577] env= 37814272 rsucc=0.981 n_rounds= 2367 ret=+14.165 len=558.9 ent(t0,t>=1)=(0.000,0.831) aL=-0.0216 vL=0.0528 initial=[red=0.48 blue=0.52] switch=0.059
[u  578] env= 37879808 rsucc=0.984 n_rounds= 2375 ret=+14.170 len=566.3 ent(t0,t>=1)=(0.000,0.822) aL=-0.0229 vL=0.0500 initial=[red=0.50 blue=0.50] switch=0.056
[u  579] env= 37945344 rsucc=0.985 n_rounds= 2448 ret=+14.592 len=530.3 ent(t0,t>=1)=(0.000,0.823) aL=-0.0222 vL=0.0528 initial=[red=0.49 blue=0.51] switch=0.060
[u  580] env= 38010880 rsucc=0.988 n_rounds= 2444 ret=+14.252 len=558.7 ent(t0,t>=1)=(0.000,0.822) aL=-0.0224 vL=0.0533 initial=[red=0.50 blue=0.50] switch=0.058
[u  581] env= 38076416 rsucc=0.986 n_rounds= 2520 ret=+14.515 len=539.5 ent(t0,t>=1)=(0.000,0.827) aL=-0.0212 vL=0.0490 initial=[red=0.51 blue=0.49] switch=0.057
[u  582] env= 38141952 rsucc=0.976 n_rounds= 2376 ret=+14.597 len=525.5 ent(t0,t>=1)=(0.000,0.844) aL=-0.0220 vL=0.0519 initial=[red=0.49 blue=0.51] switch=0.059
[u  583] env= 38207488 rsucc=0.985 n_rounds= 2388 ret=+14.341 len=549.7 ent(t0,t>=1)=(0.000,0.839) aL=-0.0222 vL=0.0497 initial=[red=0.49 blue=0.51] switch=0.058
[u  584] env= 38273024 rsucc=0.982 n_rounds= 2388 ret=+14.390 len=544.7 ent(t0,t>=1)=(0.000,0.852) aL=-0.0225 vL=0.0577 initial=[red=0.50 blue=0.50] switch=0.059
[u  585] env= 38338560 rsucc=0.981 n_rounds= 2415 ret=+14.476 len=537.0 ent(t0,t>=1)=(0.000,0.844) aL=-0.0207 vL=0.0569 initial=[red=0.51 blue=0.49] switch=0.060
[u  586] env= 38404096 rsucc=0.984 n_rounds= 2419 ret=+14.220 len=557.9 ent(t0,t>=1)=(0.000,0.834) aL=-0.0224 vL=0.0513 initial=[red=0.49 blue=0.51] switch=0.057
[u  587] env= 38469632 rsucc=0.983 n_rounds= 2462 ret=+14.655 len=524.4 ent(t0,t>=1)=(0.000,0.825) aL=-0.0208 vL=0.0520 initial=[red=0.49 blue=0.51] switch=0.058
[u  588] env= 38535168 rsucc=0.985 n_rounds= 2428 ret=+14.545 len=539.4 ent(t0,t>=1)=(0.000,0.836) aL=-0.0224 vL=0.0505 initial=[red=0.51 blue=0.49] switch=0.058
[u  589] env= 38600704 rsucc=0.978 n_rounds= 2367 ret=+14.354 len=552.6 ent(t0,t>=1)=(0.000,0.842) aL=-0.0223 vL=0.0508 initial=[red=0.49 blue=0.51] switch=0.060
[u  590] env= 38666240 rsucc=0.975 n_rounds= 2240 ret=+14.094 len=555.6 ent(t0,t>=1)=(0.000,0.846) aL=-0.0209 vL=0.0508 initial=[red=0.52 blue=0.48] switch=0.062
[u  591] env= 38731776 rsucc=0.985 n_rounds= 2397 ret=+13.998 len=572.4 ent(t0,t>=1)=(0.000,0.829) aL=-0.0220 vL=0.0487 initial=[red=0.49 blue=0.51] switch=0.065
[u  592] env= 38797312 rsucc=0.984 n_rounds= 2496 ret=+14.440 len=544.1 ent(t0,t>=1)=(0.000,0.838) aL=-0.0218 vL=0.0527 initial=[red=0.52 blue=0.48] switch=0.062
[u  593] env= 38862848 rsucc=0.985 n_rounds= 2450 ret=+14.418 len=544.8 ent(t0,t>=1)=(0.000,0.841) aL=-0.0232 vL=0.0498 initial=[red=0.50 blue=0.50] switch=0.058
[u  594] env= 38928384 rsucc=0.987 n_rounds= 2498 ret=+14.591 len=531.2 ent(t0,t>=1)=(0.000,0.824) aL=-0.0215 vL=0.0486 initial=[red=0.52 blue=0.48] switch=0.055
[u  595] env= 38993920 rsucc=0.987 n_rounds= 2537 ret=+14.829 len=514.6 ent(t0,t>=1)=(0.000,0.822) aL=-0.0221 vL=0.0480 initial=[red=0.49 blue=0.51] switch=0.055
[u  596] env= 39059456 rsucc=0.982 n_rounds= 2431 ret=+14.582 len=528.4 ent(t0,t>=1)=(0.000,0.836) aL=-0.0211 vL=0.0512 initial=[red=0.51 blue=0.49] switch=0.052
[u  597] env= 39124992 rsucc=0.981 n_rounds= 2366 ret=+14.525 len=540.3 ent(t0,t>=1)=(0.000,0.829) aL=-0.0212 vL=0.0453 initial=[red=0.53 blue=0.47] switch=0.057
[u  598] env= 39190528 rsucc=0.977 n_rounds= 2267 ret=+14.452 len=535.2 ent(t0,t>=1)=(0.000,0.855) aL=-0.0208 vL=0.0492 initial=[red=0.49 blue=0.51] switch=0.055
[u  599] env= 39256064 rsucc=0.984 n_rounds= 2429 ret=+14.320 len=553.0 ent(t0,t>=1)=(0.000,0.823) aL=-0.0231 vL=0.0500 initial=[red=0.49 blue=0.51] switch=0.056
[u  600] env= 39321600 rsucc=0.983 n_rounds= 2471 ret=+14.214 len=557.4 ent(t0,t>=1)=(0.000,0.824) aL=-0.0231 vL=0.0498 initial=[red=0.49 blue=0.51] switch=0.056
[u  601] env= 39387136 rsucc=0.984 n_rounds= 2436 ret=+14.401 len=548.8 ent(t0,t>=1)=(0.000,0.824) aL=-0.0218 vL=0.0492 initial=[red=0.51 blue=0.49] switch=0.053
[u  602] env= 39452672 rsucc=0.983 n_rounds= 2382 ret=+14.498 len=539.8 ent(t0,t>=1)=(0.000,0.831) aL=-0.0208 vL=0.0526 initial=[red=0.50 blue=0.50] switch=0.055
[u  603] env= 39518208 rsucc=0.988 n_rounds= 2564 ret=+14.491 len=536.7 ent(t0,t>=1)=(0.000,0.801) aL=-0.0223 vL=0.0522 initial=[red=0.49 blue=0.51] switch=0.052
[u  604] env= 39583744 rsucc=0.987 n_rounds= 2395 ret=+14.581 len=534.0 ent(t0,t>=1)=(0.000,0.813) aL=-0.0223 vL=0.0491 initial=[red=0.51 blue=0.49] switch=0.059
[u  605] env= 39649280 rsucc=0.982 n_rounds= 2503 ret=+14.530 len=531.7 ent(t0,t>=1)=(0.000,0.818) aL=-0.0201 vL=0.0518 initial=[red=0.49 blue=0.51] switch=0.054
[u  606] env= 39714816 rsucc=0.980 n_rounds= 2368 ret=+14.512 len=533.3 ent(t0,t>=1)=(0.000,0.826) aL=-0.0214 vL=0.0530 initial=[red=0.51 blue=0.49] switch=0.058
[u  607] env= 39780352 rsucc=0.986 n_rounds= 2389 ret=+14.610 len=531.1 ent(t0,t>=1)=(0.000,0.814) aL=-0.0222 vL=0.0487 initial=[red=0.49 blue=0.51] switch=0.047
[u  608] env= 39845888 rsucc=0.991 n_rounds= 2440 ret=+14.414 len=549.4 ent(t0,t>=1)=(0.000,0.839) aL=-0.0224 vL=0.0467 initial=[red=0.49 blue=0.51] switch=0.051
[u  609] env= 39911424 rsucc=0.991 n_rounds= 2485 ret=+14.521 len=546.5 ent(t0,t>=1)=(0.000,0.817) aL=-0.0228 vL=0.0498 initial=[red=0.50 blue=0.50] switch=0.054
[u  610] env= 39976960 rsucc=0.984 n_rounds= 2366 ret=+14.589 len=536.6 ent(t0,t>=1)=(0.000,0.835) aL=-0.0223 vL=0.0533 initial=[red=0.50 blue=0.50] switch=0.054
[u  611] env= 40042496 rsucc=0.981 n_rounds= 2412 ret=+14.623 len=530.1 ent(t0,t>=1)=(0.000,0.827) aL=-0.0221 vL=0.0504 initial=[red=0.50 blue=0.50] switch=0.053
[u  612] env= 40108032 rsucc=0.983 n_rounds= 2421 ret=+14.477 len=541.4 ent(t0,t>=1)=(0.000,0.822) aL=-0.0211 vL=0.0546 initial=[red=0.50 blue=0.50] switch=0.053
[u  613] env= 40173568 rsucc=0.978 n_rounds= 2508 ret=+14.258 len=545.6 ent(t0,t>=1)=(0.000,0.827) aL=-0.0215 vL=0.0530 initial=[red=0.50 blue=0.50] switch=0.057
[u  614] env= 40239104 rsucc=0.983 n_rounds= 2459 ret=+14.574 len=526.2 ent(t0,t>=1)=(0.000,0.816) aL=-0.0223 vL=0.0560 initial=[red=0.50 blue=0.50] switch=0.056
[u  615] env= 40304640 rsucc=0.986 n_rounds= 2548 ret=+14.687 len=520.4 ent(t0,t>=1)=(0.000,0.824) aL=-0.0213 vL=0.0540 initial=[red=0.51 blue=0.49] switch=0.054
[u  616] env= 40370176 rsucc=0.982 n_rounds= 2509 ret=+14.396 len=537.3 ent(t0,t>=1)=(0.000,0.826) aL=-0.0211 vL=0.0568 initial=[red=0.48 blue=0.52] switch=0.052
[u  617] env= 40435712 rsucc=0.985 n_rounds= 2557 ret=+14.690 len=517.8 ent(t0,t>=1)=(0.000,0.822) aL=-0.0218 vL=0.0538 initial=[red=0.48 blue=0.52] switch=0.054
[u  618] env= 40501248 rsucc=0.984 n_rounds= 2433 ret=+14.735 len=519.0 ent(t0,t>=1)=(0.000,0.813) aL=-0.0214 vL=0.0561 initial=[red=0.51 blue=0.49] switch=0.053
[u  619] env= 40566784 rsucc=0.987 n_rounds= 2457 ret=+14.839 len=514.8 ent(t0,t>=1)=(0.000,0.812) aL=-0.0206 vL=0.0496 initial=[red=0.50 blue=0.50] switch=0.046
[u  620] env= 40632320 rsucc=0.988 n_rounds= 2447 ret=+14.487 len=543.3 ent(t0,t>=1)=(0.000,0.815) aL=-0.0220 vL=0.0507 initial=[red=0.52 blue=0.48] switch=0.052
[u  621] env= 40697856 rsucc=0.986 n_rounds= 2446 ret=+14.589 len=536.1 ent(t0,t>=1)=(0.000,0.821) aL=-0.0214 vL=0.0497 initial=[red=0.49 blue=0.51] switch=0.050
[u  622] env= 40763392 rsucc=0.988 n_rounds= 2532 ret=+14.518 len=537.0 ent(t0,t>=1)=(0.000,0.809) aL=-0.0218 vL=0.0489 initial=[red=0.50 blue=0.50] switch=0.052
[u  623] env= 40828928 rsucc=0.985 n_rounds= 2460 ret=+14.603 len=527.9 ent(t0,t>=1)=(0.000,0.811) aL=-0.0215 vL=0.0496 initial=[red=0.50 blue=0.50] switch=0.051
[u  624] env= 40894464 rsucc=0.989 n_rounds= 2491 ret=+14.755 len=520.0 ent(t0,t>=1)=(0.000,0.796) aL=-0.0206 vL=0.0488 initial=[red=0.51 blue=0.49] switch=0.046
[u  625] env= 40960000 rsucc=0.987 n_rounds= 2515 ret=+14.793 len=517.3 ent(t0,t>=1)=(0.000,0.796) aL=-0.0212 vL=0.0503 initial=[red=0.49 blue=0.51] switch=0.050
[u  626] env= 41025536 rsucc=0.988 n_rounds= 2465 ret=+14.514 len=542.4 ent(t0,t>=1)=(0.000,0.804) aL=-0.0218 vL=0.0474 initial=[red=0.52 blue=0.48] switch=0.049
[u  627] env= 41091072 rsucc=0.981 n_rounds= 2374 ret=+14.581 len=524.8 ent(t0,t>=1)=(0.000,0.836) aL=-0.0209 vL=0.0514 initial=[red=0.48 blue=0.52] switch=0.055
[u  628] env= 41156608 rsucc=0.983 n_rounds= 2435 ret=+14.343 len=551.5 ent(t0,t>=1)=(0.000,0.820) aL=-0.0219 vL=0.0474 initial=[red=0.49 blue=0.51] switch=0.051
[u  629] env= 41222144 rsucc=0.992 n_rounds= 2608 ret=+14.754 len=517.9 ent(t0,t>=1)=(0.000,0.798) aL=-0.0206 vL=0.0486 initial=[red=0.52 blue=0.48] switch=0.047
[u  630] env= 41287680 rsucc=0.988 n_rounds= 2530 ret=+14.775 len=525.5 ent(t0,t>=1)=(0.000,0.799) aL=-0.0213 vL=0.0508 initial=[red=0.49 blue=0.51] switch=0.050
[u  631] env= 41353216 rsucc=0.995 n_rounds= 2602 ret=+14.922 len=510.1 ent(t0,t>=1)=(0.000,0.790) aL=-0.0219 vL=0.0465 initial=[red=0.50 blue=0.50] switch=0.049
[u  632] env= 41418752 rsucc=0.990 n_rounds= 2598 ret=+14.991 len=504.8 ent(t0,t>=1)=(0.000,0.805) aL=-0.0210 vL=0.0482 initial=[red=0.51 blue=0.49] switch=0.050
[u  633] env= 41484288 rsucc=0.988 n_rounds= 2429 ret=+14.821 len=515.5 ent(t0,t>=1)=(0.000,0.817) aL=-0.0216 vL=0.0516 initial=[red=0.50 blue=0.50] switch=0.051
[u  634] env= 41549824 rsucc=0.993 n_rounds= 2556 ret=+14.723 len=525.4 ent(t0,t>=1)=(0.000,0.785) aL=-0.0209 vL=0.0510 initial=[red=0.50 blue=0.50] switch=0.050
[u  635] env= 41615360 rsucc=0.984 n_rounds= 2438 ret=+14.859 len=519.8 ent(t0,t>=1)=(0.000,0.814) aL=-0.0207 vL=0.0540 initial=[red=0.53 blue=0.47] switch=0.052
[u  636] env= 41680896 rsucc=0.979 n_rounds= 2383 ret=+14.652 len=521.4 ent(t0,t>=1)=(0.000,0.825) aL=-0.0207 vL=0.0558 initial=[red=0.51 blue=0.49] switch=0.054
[u  637] env= 41746432 rsucc=0.975 n_rounds= 2441 ret=+14.250 len=544.5 ent(t0,t>=1)=(0.000,0.832) aL=-0.0220 vL=0.0562 initial=[red=0.49 blue=0.51] switch=0.056
[u  638] env= 41811968 rsucc=0.983 n_rounds= 2501 ret=+14.386 len=545.1 ent(t0,t>=1)=(0.000,0.821) aL=-0.0223 vL=0.0518 initial=[red=0.50 blue=0.50] switch=0.060
[u  639] env= 41877504 rsucc=0.990 n_rounds= 2532 ret=+14.646 len=526.9 ent(t0,t>=1)=(0.000,0.792) aL=-0.0210 vL=0.0503 initial=[red=0.50 blue=0.50] switch=0.047
[u  640] env= 41943040 rsucc=0.989 n_rounds= 2563 ret=+14.654 len=524.5 ent(t0,t>=1)=(0.000,0.806) aL=-0.0215 vL=0.0528 initial=[red=0.48 blue=0.52] switch=0.055
[u  641] env= 42008576 rsucc=0.990 n_rounds= 2506 ret=+14.915 len=504.2 ent(t0,t>=1)=(0.000,0.802) aL=-0.0209 vL=0.0540 initial=[red=0.48 blue=0.52] switch=0.051
[u  642] env= 42074112 rsucc=0.989 n_rounds= 2486 ret=+14.793 len=524.1 ent(t0,t>=1)=(0.000,0.814) aL=-0.0203 vL=0.0531 initial=[red=0.51 blue=0.49] switch=0.053
[u  643] env= 42139648 rsucc=0.982 n_rounds= 2457 ret=+14.599 len=531.4 ent(t0,t>=1)=(0.000,0.812) aL=-0.0213 vL=0.0503 initial=[red=0.51 blue=0.49] switch=0.055
[u  644] env= 42205184 rsucc=0.988 n_rounds= 2476 ret=+14.595 len=533.3 ent(t0,t>=1)=(0.000,0.811) aL=-0.0199 vL=0.0541 initial=[red=0.50 blue=0.50] switch=0.049
[u  645] env= 42270720 rsucc=0.991 n_rounds= 2485 ret=+14.598 len=531.0 ent(t0,t>=1)=(0.000,0.826) aL=-0.0216 vL=0.0471 initial=[red=0.50 blue=0.50] switch=0.051
[u  646] env= 42336256 rsucc=0.985 n_rounds= 2501 ret=+14.681 len=528.8 ent(t0,t>=1)=(0.000,0.819) aL=-0.0212 vL=0.0497 initial=[red=0.52 blue=0.48] switch=0.051
[u  647] env= 42401792 rsucc=0.988 n_rounds= 2578 ret=+14.774 len=520.0 ent(t0,t>=1)=(0.000,0.807) aL=-0.0207 vL=0.0526 initial=[red=0.48 blue=0.52] switch=0.052
[u  648] env= 42467328 rsucc=0.990 n_rounds= 2572 ret=+14.871 len=514.5 ent(t0,t>=1)=(0.000,0.808) aL=-0.0205 vL=0.0460 initial=[red=0.51 blue=0.49] switch=0.052
[u  649] env= 42532864 rsucc=0.988 n_rounds= 2491 ret=+14.703 len=520.7 ent(t0,t>=1)=(0.000,0.820) aL=-0.0209 vL=0.0483 initial=[red=0.49 blue=0.51] switch=0.055
[u  650] env= 42598400 rsucc=0.987 n_rounds= 2490 ret=+14.830 len=512.0 ent(t0,t>=1)=(0.000,0.818) aL=-0.0207 vL=0.0509 initial=[red=0.50 blue=0.50] switch=0.056
[u  651] env= 42663936 rsucc=0.989 n_rounds= 2496 ret=+14.738 len=527.3 ent(t0,t>=1)=(0.000,0.808) aL=-0.0214 vL=0.0470 initial=[red=0.50 blue=0.50] switch=0.051
[u  652] env= 42729472 rsucc=0.993 n_rounds= 2410 ret=+14.836 len=510.5 ent(t0,t>=1)=(0.000,0.809) aL=-0.0210 vL=0.0516 initial=[red=0.49 blue=0.51] switch=0.047
[u  653] env= 42795008 rsucc=0.992 n_rounds= 2502 ret=+14.664 len=535.3 ent(t0,t>=1)=(0.000,0.795) aL=-0.0204 vL=0.0488 initial=[red=0.51 blue=0.49] switch=0.046
[u  654] env= 42860544 rsucc=0.991 n_rounds= 2599 ret=+14.840 len=523.4 ent(t0,t>=1)=(0.000,0.801) aL=-0.0205 vL=0.0488 initial=[red=0.50 blue=0.50] switch=0.053
[u  655] env= 42926080 rsucc=0.986 n_rounds= 2479 ret=+14.617 len=532.9 ent(t0,t>=1)=(0.000,0.807) aL=-0.0207 vL=0.0513 initial=[red=0.51 blue=0.49] switch=0.055
[u  656] env= 42991616 rsucc=0.976 n_rounds= 2431 ret=+14.691 len=528.9 ent(t0,t>=1)=(0.000,0.827) aL=-0.0209 vL=0.0533 initial=[red=0.49 blue=0.51] switch=0.062
[u  657] env= 43057152 rsucc=0.988 n_rounds= 2521 ret=+14.479 len=535.1 ent(t0,t>=1)=(0.000,0.812) aL=-0.0205 vL=0.0499 initial=[red=0.50 blue=0.50] switch=0.054
[u  658] env= 43122688 rsucc=0.990 n_rounds= 2604 ret=+14.759 len=511.4 ent(t0,t>=1)=(0.000,0.796) aL=-0.0201 vL=0.0510 initial=[red=0.50 blue=0.50] switch=0.049
[u  659] env= 43188224 rsucc=0.987 n_rounds= 2582 ret=+14.983 len=504.4 ent(t0,t>=1)=(0.000,0.796) aL=-0.0198 vL=0.0516 initial=[red=0.51 blue=0.49] switch=0.048
[u  660] env= 43253760 rsucc=0.990 n_rounds= 2634 ret=+14.907 len=504.4 ent(t0,t>=1)=(0.000,0.792) aL=-0.0208 vL=0.0493 initial=[red=0.51 blue=0.49] switch=0.048
[u  661] env= 43319296 rsucc=0.989 n_rounds= 2534 ret=+14.744 len=514.0 ent(t0,t>=1)=(0.000,0.810) aL=-0.0191 vL=0.0513 initial=[red=0.53 blue=0.47] switch=0.052
[u  662] env= 43384832 rsucc=0.985 n_rounds= 2498 ret=+14.975 len=500.6 ent(t0,t>=1)=(0.000,0.812) aL=-0.0204 vL=0.0518 initial=[red=0.49 blue=0.51] switch=0.052
[u  663] env= 43450368 rsucc=0.991 n_rounds= 2540 ret=+14.813 len=517.6 ent(t0,t>=1)=(0.000,0.808) aL=-0.0209 vL=0.0534 initial=[red=0.52 blue=0.48] switch=0.050
[u  664] env= 43515904 rsucc=0.985 n_rounds= 2427 ret=+14.794 len=521.2 ent(t0,t>=1)=(0.000,0.834) aL=-0.0201 vL=0.0505 initial=[red=0.51 blue=0.49] switch=0.052
[u  665] env= 43581440 rsucc=0.981 n_rounds= 2569 ret=+14.664 len=519.7 ent(t0,t>=1)=(0.000,0.812) aL=-0.0206 vL=0.0528 initial=[red=0.51 blue=0.49] switch=0.058
[u  666] env= 43646976 rsucc=0.993 n_rounds= 2553 ret=+14.505 len=540.6 ent(t0,t>=1)=(0.000,0.801) aL=-0.0207 vL=0.0495 initial=[red=0.51 blue=0.49] switch=0.053
[u  667] env= 43712512 rsucc=0.990 n_rounds= 2458 ret=+14.752 len=518.2 ent(t0,t>=1)=(0.000,0.807) aL=-0.0205 vL=0.0480 initial=[red=0.49 blue=0.51] switch=0.049
[u  668] env= 43778048 rsucc=0.990 n_rounds= 2500 ret=+14.916 len=507.5 ent(t0,t>=1)=(0.000,0.813) aL=-0.0201 vL=0.0539 initial=[red=0.50 blue=0.50] switch=0.052
[u  669] env= 43843584 rsucc=0.985 n_rounds= 2449 ret=+14.531 len=546.8 ent(t0,t>=1)=(0.000,0.809) aL=-0.0205 vL=0.0486 initial=[red=0.49 blue=0.51] switch=0.055
[u  670] env= 43909120 rsucc=0.987 n_rounds= 2541 ret=+14.725 len=522.4 ent(t0,t>=1)=(0.000,0.798) aL=-0.0198 vL=0.0502 initial=[red=0.49 blue=0.51] switch=0.045
[u  671] env= 43974656 rsucc=0.992 n_rounds= 2665 ret=+14.705 len=527.8 ent(t0,t>=1)=(0.000,0.780) aL=-0.0203 vL=0.0519 initial=[red=0.51 blue=0.49] switch=0.046
[u  672] env= 44040192 rsucc=0.992 n_rounds= 2587 ret=+15.146 len=489.8 ent(t0,t>=1)=(0.000,0.776) aL=-0.0199 vL=0.0534 initial=[red=0.51 blue=0.49] switch=0.047
[u  673] env= 44105728 rsucc=0.991 n_rounds= 2558 ret=+14.948 len=503.3 ent(t0,t>=1)=(0.000,0.792) aL=-0.0199 vL=0.0492 initial=[red=0.51 blue=0.49] switch=0.054
[u  674] env= 44171264 rsucc=0.990 n_rounds= 2556 ret=+15.015 len=503.3 ent(t0,t>=1)=(0.000,0.790) aL=-0.0195 vL=0.0508 initial=[red=0.49 blue=0.51] switch=0.054
[u  675] env= 44236800 rsucc=0.984 n_rounds= 2569 ret=+14.707 len=519.5 ent(t0,t>=1)=(0.000,0.794) aL=-0.0195 vL=0.0539 initial=[red=0.51 blue=0.49] switch=0.055
[u  676] env= 44302336 rsucc=0.985 n_rounds= 2472 ret=+14.636 len=526.3 ent(t0,t>=1)=(0.000,0.798) aL=-0.0193 vL=0.0529 initial=[red=0.49 blue=0.51] switch=0.051
[u  677] env= 44367872 rsucc=0.988 n_rounds= 2583 ret=+14.932 len=503.3 ent(t0,t>=1)=(0.000,0.786) aL=-0.0198 vL=0.0528 initial=[red=0.50 blue=0.50] switch=0.049
[u  678] env= 44433408 rsucc=0.989 n_rounds= 2548 ret=+14.736 len=527.2 ent(t0,t>=1)=(0.000,0.792) aL=-0.0197 vL=0.0553 initial=[red=0.50 blue=0.50] switch=0.058
[u  679] env= 44498944 rsucc=0.989 n_rounds= 2561 ret=+14.717 len=514.3 ent(t0,t>=1)=(0.000,0.790) aL=-0.0196 vL=0.0540 initial=[red=0.49 blue=0.51] switch=0.053
[u  680] env= 44564480 rsucc=0.991 n_rounds= 2462 ret=+14.793 len=521.1 ent(t0,t>=1)=(0.000,0.787) aL=-0.0194 vL=0.0540 initial=[red=0.51 blue=0.49] switch=0.053
[u  681] env= 44630016 rsucc=0.985 n_rounds= 2535 ret=+14.946 len=506.9 ent(t0,t>=1)=(0.000,0.793) aL=-0.0198 vL=0.0565 initial=[red=0.50 blue=0.50] switch=0.060
[u  682] env= 44695552 rsucc=0.984 n_rounds= 2512 ret=+14.701 len=519.9 ent(t0,t>=1)=(0.000,0.788) aL=-0.0195 vL=0.0508 initial=[red=0.49 blue=0.51] switch=0.055
[u  683] env= 44761088 rsucc=0.989 n_rounds= 2599 ret=+14.675 len=520.5 ent(t0,t>=1)=(0.000,0.783) aL=-0.0198 vL=0.0507 initial=[red=0.51 blue=0.49] switch=0.052
[u  684] env= 44826624 rsucc=0.985 n_rounds= 2544 ret=+14.859 len=510.2 ent(t0,t>=1)=(0.000,0.790) aL=-0.0182 vL=0.0558 initial=[red=0.50 blue=0.50] switch=0.050
[u  685] env= 44892160 rsucc=0.991 n_rounds= 2668 ret=+14.848 len=507.8 ent(t0,t>=1)=(0.000,0.782) aL=-0.0200 vL=0.0494 initial=[red=0.50 blue=0.50] switch=0.051
[u  686] env= 44957696 rsucc=0.990 n_rounds= 2477 ret=+14.965 len=509.9 ent(t0,t>=1)=(0.000,0.797) aL=-0.0171 vL=0.0511 initial=[red=0.53 blue=0.47] switch=0.051
[u  687] env= 45023232 rsucc=0.987 n_rounds= 2617 ret=+14.810 len=514.3 ent(t0,t>=1)=(0.000,0.781) aL=-0.0189 vL=0.0536 initial=[red=0.50 blue=0.50] switch=0.052
[u  688] env= 45088768 rsucc=0.990 n_rounds= 2627 ret=+14.893 len=509.4 ent(t0,t>=1)=(0.000,0.774) aL=-0.0194 vL=0.0520 initial=[red=0.50 blue=0.50] switch=0.049
[u  689] env= 45154304 rsucc=0.995 n_rounds= 2635 ret=+15.049 len=493.1 ent(t0,t>=1)=(0.000,0.771) aL=-0.0195 vL=0.0480 initial=[red=0.51 blue=0.49] switch=0.050
[u  690] env= 45219840 rsucc=0.988 n_rounds= 2555 ret=+15.026 len=502.5 ent(t0,t>=1)=(0.000,0.776) aL=-0.0189 vL=0.0556 initial=[red=0.50 blue=0.50] switch=0.052
[u  691] env= 45285376 rsucc=0.986 n_rounds= 2694 ret=+15.075 len=490.9 ent(t0,t>=1)=(0.000,0.776) aL=-0.0191 vL=0.0534 initial=[red=0.48 blue=0.52] switch=0.055
[u  692] env= 45350912 rsucc=0.996 n_rounds= 2619 ret=+14.907 len=505.8 ent(t0,t>=1)=(0.000,0.765) aL=-0.0192 vL=0.0483 initial=[red=0.51 blue=0.49] switch=0.049
[u  693] env= 45416448 rsucc=0.990 n_rounds= 2609 ret=+14.967 len=507.9 ent(t0,t>=1)=(0.000,0.766) aL=-0.0187 vL=0.0513 initial=[red=0.49 blue=0.51] switch=0.055
[u  694] env= 45481984 rsucc=0.991 n_rounds= 2562 ret=+15.114 len=490.3 ent(t0,t>=1)=(0.000,0.768) aL=-0.0192 vL=0.0507 initial=[red=0.50 blue=0.50] switch=0.049
[u  695] env= 45547520 rsucc=0.990 n_rounds= 2537 ret=+15.044 len=501.5 ent(t0,t>=1)=(0.000,0.764) aL=-0.0190 vL=0.0527 initial=[red=0.49 blue=0.51] switch=0.050
[u  696] env= 45613056 rsucc=0.986 n_rounds= 2515 ret=+14.760 len=525.4 ent(t0,t>=1)=(0.000,0.788) aL=-0.0185 vL=0.0508 initial=[red=0.51 blue=0.49] switch=0.053
[u  697] env= 45678592 rsucc=0.985 n_rounds= 2495 ret=+14.714 len=519.6 ent(t0,t>=1)=(0.000,0.774) aL=-0.0152 vL=0.0539 initial=[red=0.48 blue=0.52] switch=0.049
[u  698] env= 45744128 rsucc=0.991 n_rounds= 2594 ret=+14.578 len=523.4 ent(t0,t>=1)=(0.000,0.758) aL=-0.0185 vL=0.0552 initial=[red=0.50 blue=0.50] switch=0.051
[u  699] env= 45809664 rsucc=0.986 n_rounds= 2563 ret=+14.854 len=516.2 ent(t0,t>=1)=(0.000,0.754) aL=-0.0190 vL=0.0507 initial=[red=0.52 blue=0.48] switch=0.046
[u  700] env= 45875200 rsucc=0.987 n_rounds= 2515 ret=+15.018 len=498.9 ent(t0,t>=1)=(0.000,0.779) aL=-0.0177 vL=0.0551 initial=[red=0.50 blue=0.50] switch=0.054
[u  701] env= 45940736 rsucc=0.987 n_rounds= 2535 ret=+14.781 len=518.4 ent(t0,t>=1)=(0.000,0.780) aL=-0.0183 vL=0.0570 initial=[red=0.51 blue=0.49] switch=0.055
[u  702] env= 46006272 rsucc=0.988 n_rounds= 2500 ret=+14.690 len=520.3 ent(t0,t>=1)=(0.000,0.761) aL=-0.0186 vL=0.0543 initial=[red=0.52 blue=0.48] switch=0.047
[u  703] env= 46071808 rsucc=0.992 n_rounds= 2515 ret=+14.791 len=519.2 ent(t0,t>=1)=(0.000,0.758) aL=-0.0186 vL=0.0483 initial=[red=0.51 blue=0.49] switch=0.051
[u  704] env= 46137344 rsucc=0.991 n_rounds= 2540 ret=+14.906 len=516.5 ent(t0,t>=1)=(0.000,0.766) aL=-0.0177 vL=0.0524 initial=[red=0.50 blue=0.50] switch=0.053
[u  705] env= 46202880 rsucc=0.987 n_rounds= 2625 ret=+14.579 len=534.2 ent(t0,t>=1)=(0.000,0.766) aL=-0.0180 vL=0.0535 initial=[red=0.50 blue=0.50] switch=0.053
[u  706] env= 46268416 rsucc=0.990 n_rounds= 2626 ret=+14.946 len=501.3 ent(t0,t>=1)=(0.000,0.757) aL=-0.0185 vL=0.0531 initial=[red=0.49 blue=0.51] switch=0.050
[u  707] env= 46333952 rsucc=0.993 n_rounds= 2551 ret=+14.939 len=505.6 ent(t0,t>=1)=(0.000,0.767) aL=-0.0174 vL=0.0539 initial=[red=0.49 blue=0.51] switch=0.050
[u  708] env= 46399488 rsucc=0.991 n_rounds= 2577 ret=+14.997 len=498.6 ent(t0,t>=1)=(0.000,0.750) aL=-0.0177 vL=0.0528 initial=[red=0.51 blue=0.49] switch=0.048
[u  709] env= 46465024 rsucc=0.995 n_rounds= 2634 ret=+15.077 len=501.0 ent(t0,t>=1)=(0.000,0.749) aL=-0.0179 vL=0.0490 initial=[red=0.50 blue=0.50] switch=0.048
[u  710] env= 46530560 rsucc=0.986 n_rounds= 2490 ret=+14.799 len=521.9 ent(t0,t>=1)=(0.000,0.774) aL=-0.0182 vL=0.0517 initial=[red=0.51 blue=0.49] switch=0.046
[u  711] env= 46596096 rsucc=0.993 n_rounds= 2603 ret=+15.037 len=503.0 ent(t0,t>=1)=(0.000,0.752) aL=-0.0174 vL=0.0508 initial=[red=0.50 blue=0.50] switch=0.047
[u  712] env= 46661632 rsucc=0.990 n_rounds= 2536 ret=+14.902 len=513.0 ent(t0,t>=1)=(0.000,0.753) aL=-0.0179 vL=0.0522 initial=[red=0.48 blue=0.52] switch=0.047
[u  713] env= 46727168 rsucc=0.994 n_rounds= 2694 ret=+15.079 len=496.8 ent(t0,t>=1)=(0.000,0.745) aL=-0.0178 vL=0.0498 initial=[red=0.51 blue=0.49] switch=0.049
[u  714] env= 46792704 rsucc=0.989 n_rounds= 2618 ret=+14.917 len=513.7 ent(t0,t>=1)=(0.000,0.758) aL=-0.0177 vL=0.0504 initial=[red=0.49 blue=0.51] switch=0.051
[u  715] env= 46858240 rsucc=0.980 n_rounds= 2405 ret=+15.091 len=490.4 ent(t0,t>=1)=(0.000,0.791) aL=-0.0182 vL=0.0527 initial=[red=0.50 blue=0.50] switch=0.055
[u  716] env= 46923776 rsucc=0.988 n_rounds= 2603 ret=+14.447 len=530.7 ent(t0,t>=1)=(0.000,0.765) aL=-0.0184 vL=0.0502 initial=[red=0.52 blue=0.48] switch=0.049
[u  717] env= 46989312 rsucc=0.993 n_rounds= 2676 ret=+14.820 len=517.3 ent(t0,t>=1)=(0.000,0.751) aL=-0.0173 vL=0.0515 initial=[red=0.52 blue=0.48] switch=0.052
[u  718] env= 47054848 rsucc=0.988 n_rounds= 2608 ret=+14.985 len=498.1 ent(t0,t>=1)=(0.000,0.753) aL=-0.0165 vL=0.0518 initial=[red=0.50 blue=0.50] switch=0.050
[u  719] env= 47120384 rsucc=0.991 n_rounds= 2627 ret=+15.160 len=486.6 ent(t0,t>=1)=(0.000,0.745) aL=-0.0175 vL=0.0527 initial=[red=0.49 blue=0.51] switch=0.050
[u  720] env= 47185920 rsucc=0.987 n_rounds= 2631 ret=+14.972 len=501.8 ent(t0,t>=1)=(0.000,0.753) aL=-0.0173 vL=0.0530 initial=[red=0.48 blue=0.52] switch=0.053
[u  721] env= 47251456 rsucc=0.993 n_rounds= 2668 ret=+14.991 len=498.8 ent(t0,t>=1)=(0.000,0.736) aL=-0.0175 vL=0.0520 initial=[red=0.50 blue=0.50] switch=0.048
[u  722] env= 47316992 rsucc=0.992 n_rounds= 2675 ret=+15.170 len=487.8 ent(t0,t>=1)=(0.000,0.732) aL=-0.0167 vL=0.0530 initial=[red=0.49 blue=0.51] switch=0.055
[u  723] env= 47382528 rsucc=0.991 n_rounds= 2494 ret=+14.951 len=506.7 ent(t0,t>=1)=(0.000,0.756) aL=-0.0162 vL=0.0465 initial=[red=0.51 blue=0.49] switch=0.046
[u  724] env= 47448064 rsucc=0.990 n_rounds= 2592 ret=+14.981 len=503.2 ent(t0,t>=1)=(0.000,0.750) aL=-0.0176 vL=0.0477 initial=[red=0.51 blue=0.49] switch=0.049
[u  725] env= 47513600 rsucc=0.990 n_rounds= 2518 ret=+14.840 len=513.0 ent(t0,t>=1)=(0.000,0.754) aL=-0.0168 vL=0.0496 initial=[red=0.50 blue=0.50] switch=0.049
[u  726] env= 47579136 rsucc=0.993 n_rounds= 2707 ret=+15.119 len=496.2 ent(t0,t>=1)=(0.000,0.737) aL=-0.0164 vL=0.0527 initial=[red=0.50 blue=0.50] switch=0.050
[u  727] env= 47644672 rsucc=0.991 n_rounds= 2629 ret=+14.925 len=505.4 ent(t0,t>=1)=(0.000,0.747) aL=-0.0175 vL=0.0485 initial=[red=0.50 blue=0.50] switch=0.050
[u  728] env= 47710208 rsucc=0.995 n_rounds= 2648 ret=+14.837 len=520.4 ent(t0,t>=1)=(0.000,0.732) aL=-0.0170 vL=0.0454 initial=[red=0.50 blue=0.50] switch=0.047
[u  729] env= 47775744 rsucc=0.987 n_rounds= 2550 ret=+15.354 len=472.7 ent(t0,t>=1)=(0.000,0.756) aL=-0.0163 vL=0.0499 initial=[red=0.50 blue=0.50] switch=0.047
[u  730] env= 47841280 rsucc=0.994 n_rounds= 2647 ret=+15.046 len=501.9 ent(t0,t>=1)=(0.000,0.735) aL=-0.0171 vL=0.0501 initial=[red=0.52 blue=0.48] switch=0.048
[u  731] env= 47906816 rsucc=0.991 n_rounds= 2617 ret=+14.959 len=501.3 ent(t0,t>=1)=(0.000,0.749) aL=-0.0169 vL=0.0482 initial=[red=0.49 blue=0.51] switch=0.048
[u  732] env= 47972352 rsucc=0.996 n_rounds= 2668 ret=+14.998 len=503.3 ent(t0,t>=1)=(0.000,0.743) aL=-0.0165 vL=0.0493 initial=[red=0.51 blue=0.49] switch=0.045
[u  733] env= 48037888 rsucc=0.991 n_rounds= 2690 ret=+15.300 len=479.7 ent(t0,t>=1)=(0.000,0.752) aL=-0.0160 vL=0.0536 initial=[red=0.49 blue=0.51] switch=0.048
[u  734] env= 48103424 rsucc=0.985 n_rounds= 2638 ret=+14.911 len=508.3 ent(t0,t>=1)=(0.000,0.750) aL=-0.0149 vL=0.0537 initial=[red=0.49 blue=0.51] switch=0.053
[u  735] env= 48168960 rsucc=0.991 n_rounds= 2605 ret=+14.891 len=498.9 ent(t0,t>=1)=(0.000,0.735) aL=-0.0164 vL=0.0530 initial=[red=0.49 blue=0.51] switch=0.050
[u  736] env= 48234496 rsucc=0.994 n_rounds= 2702 ret=+15.223 len=484.6 ent(t0,t>=1)=(0.000,0.735) aL=-0.0163 vL=0.0517 initial=[red=0.49 blue=0.51] switch=0.048
[u  737] env= 48300032 rsucc=0.987 n_rounds= 2540 ret=+15.061 len=499.9 ent(t0,t>=1)=(0.000,0.760) aL=-0.0161 vL=0.0571 initial=[red=0.51 blue=0.49] switch=0.047
[u  738] env= 48365568 rsucc=0.990 n_rounds= 2473 ret=+14.699 len=527.0 ent(t0,t>=1)=(0.000,0.748) aL=-0.0163 vL=0.0478 initial=[red=0.50 blue=0.50] switch=0.047
[u  739] env= 48431104 rsucc=0.991 n_rounds= 2529 ret=+14.997 len=502.6 ent(t0,t>=1)=(0.000,0.752) aL=-0.0155 vL=0.0495 initial=[red=0.49 blue=0.51] switch=0.050
[u  740] env= 48496640 rsucc=0.991 n_rounds= 2605 ret=+14.681 len=531.3 ent(t0,t>=1)=(0.000,0.742) aL=-0.0166 vL=0.0523 initial=[red=0.51 blue=0.49] switch=0.050
[u  741] env= 48562176 rsucc=0.994 n_rounds= 2714 ret=+14.978 len=507.1 ent(t0,t>=1)=(0.000,0.726) aL=-0.0156 vL=0.0518 initial=[red=0.49 blue=0.51] switch=0.047
[u  742] env= 48627712 rsucc=0.995 n_rounds= 2582 ret=+15.277 len=479.2 ent(t0,t>=1)=(0.000,0.738) aL=-0.0156 vL=0.0484 initial=[red=0.50 blue=0.50] switch=0.042
[u  743] env= 48693248 rsucc=0.991 n_rounds= 2656 ret=+15.090 len=494.9 ent(t0,t>=1)=(0.000,0.729) aL=-0.0154 vL=0.0535 initial=[red=0.49 blue=0.51] switch=0.047
[u  744] env= 48758784 rsucc=0.988 n_rounds= 2510 ret=+14.913 len=513.5 ent(t0,t>=1)=(0.000,0.749) aL=-0.0155 vL=0.0510 initial=[red=0.50 blue=0.50] switch=0.042
[u  745] env= 48824320 rsucc=0.989 n_rounds= 2658 ret=+15.026 len=499.0 ent(t0,t>=1)=(0.000,0.743) aL=-0.0152 vL=0.0480 initial=[red=0.48 blue=0.52] switch=0.046
[u  746] env= 48889856 rsucc=0.989 n_rounds= 2615 ret=+14.832 len=508.5 ent(t0,t>=1)=(0.000,0.736) aL=-0.0157 vL=0.0553 initial=[red=0.50 blue=0.50] switch=0.051
[u  747] env= 48955392 rsucc=0.993 n_rounds= 2559 ret=+15.089 len=500.7 ent(t0,t>=1)=(0.000,0.748) aL=-0.0159 vL=0.0479 initial=[red=0.50 blue=0.50] switch=0.047
[u  748] env= 49020928 rsucc=0.992 n_rounds= 2628 ret=+15.056 len=491.7 ent(t0,t>=1)=(0.000,0.737) aL=-0.0155 vL=0.0554 initial=[red=0.51 blue=0.49] switch=0.047
[u  749] env= 49086464 rsucc=0.990 n_rounds= 2709 ret=+14.876 len=515.2 ent(t0,t>=1)=(0.000,0.721) aL=-0.0156 vL=0.0513 initial=[red=0.50 blue=0.50] switch=0.048
[u  750] env= 49152000 rsucc=0.997 n_rounds= 2730 ret=+15.181 len=485.4 ent(t0,t>=1)=(0.000,0.712) aL=-0.0145 vL=0.0562 initial=[red=0.51 blue=0.49] switch=0.046
[u  751] env= 49217536 rsucc=0.992 n_rounds= 2593 ret=+15.153 len=493.0 ent(t0,t>=1)=(0.000,0.734) aL=-0.0153 vL=0.0485 initial=[red=0.50 blue=0.50] switch=0.042
[u  752] env= 49283072 rsucc=0.991 n_rounds= 2617 ret=+15.235 len=484.9 ent(t0,t>=1)=(0.000,0.732) aL=-0.0154 vL=0.0536 initial=[red=0.49 blue=0.51] switch=0.046
[u  753] env= 49348608 rsucc=0.989 n_rounds= 2641 ret=+14.877 len=512.7 ent(t0,t>=1)=(0.000,0.738) aL=-0.0152 vL=0.0548 initial=[red=0.49 blue=0.51] switch=0.049
[u  754] env= 49414144 rsucc=0.992 n_rounds= 2638 ret=+15.063 len=496.6 ent(t0,t>=1)=(0.000,0.731) aL=-0.0154 vL=0.0481 initial=[red=0.49 blue=0.51] switch=0.042
[u  755] env= 49479680 rsucc=0.994 n_rounds= 2637 ret=+15.055 len=491.3 ent(t0,t>=1)=(0.000,0.735) aL=-0.0151 vL=0.0529 initial=[red=0.51 blue=0.49] switch=0.040
[u  756] env= 49545216 rsucc=0.995 n_rounds= 2683 ret=+15.003 len=507.4 ent(t0,t>=1)=(0.000,0.729) aL=-0.0144 vL=0.0507 initial=[red=0.50 blue=0.50] switch=0.044
[u  757] env= 49610752 rsucc=0.992 n_rounds= 2702 ret=+15.220 len=486.8 ent(t0,t>=1)=(0.000,0.732) aL=-0.0142 vL=0.0506 initial=[red=0.51 blue=0.49] switch=0.048
[u  758] env= 49676288 rsucc=0.992 n_rounds= 2605 ret=+15.120 len=493.5 ent(t0,t>=1)=(0.000,0.736) aL=-0.0145 vL=0.0524 initial=[red=0.51 blue=0.49] switch=0.047
[u  759] env= 49741824 rsucc=0.989 n_rounds= 2671 ret=+15.224 len=484.5 ent(t0,t>=1)=(0.000,0.728) aL=-0.0147 vL=0.0548 initial=[red=0.52 blue=0.48] switch=0.048
[u  760] env= 49807360 rsucc=0.992 n_rounds= 2632 ret=+14.932 len=502.8 ent(t0,t>=1)=(0.000,0.717) aL=-0.0140 vL=0.0535 initial=[red=0.49 blue=0.51] switch=0.043
[u  761] env= 49872896 rsucc=0.988 n_rounds= 2584 ret=+15.003 len=500.6 ent(t0,t>=1)=(0.000,0.730) aL=-0.0141 vL=0.0535 initial=[red=0.50 blue=0.50] switch=0.050
[u  762] env= 49938432 rsucc=0.989 n_rounds= 2624 ret=+14.893 len=505.6 ent(t0,t>=1)=(0.000,0.738) aL=-0.0147 vL=0.0575 initial=[red=0.51 blue=0.49] switch=0.050
[u  763] env= 50003968 rsucc=0.990 n_rounds= 2682 ret=+15.048 len=493.3 ent(t0,t>=1)=(0.000,0.722) aL=-0.0139 vL=0.0538 initial=[red=0.49 blue=0.51] switch=0.050
[u  764] env= 50069504 rsucc=0.993 n_rounds= 2668 ret=+15.030 len=496.4 ent(t0,t>=1)=(0.000,0.713) aL=-0.0141 vL=0.0571 initial=[red=0.50 blue=0.50] switch=0.045
[u  765] env= 50135040 rsucc=0.995 n_rounds= 2661 ret=+15.331 len=478.4 ent(t0,t>=1)=(0.000,0.718) aL=-0.0136 vL=0.0543 initial=[red=0.49 blue=0.51] switch=0.049
[u  766] env= 50200576 rsucc=0.991 n_rounds= 2705 ret=+15.077 len=496.7 ent(t0,t>=1)=(0.000,0.718) aL=-0.0139 vL=0.0510 initial=[red=0.50 blue=0.50] switch=0.045
[u  767] env= 50266112 rsucc=0.993 n_rounds= 2693 ret=+15.277 len=475.3 ent(t0,t>=1)=(0.000,0.721) aL=-0.0135 vL=0.0523 initial=[red=0.49 blue=0.51] switch=0.048
[u  768] env= 50331648 rsucc=0.991 n_rounds= 2610 ret=+15.037 len=500.6 ent(t0,t>=1)=(0.000,0.722) aL=-0.0137 vL=0.0575 initial=[red=0.51 blue=0.49] switch=0.045
[u  769] env= 50397184 rsucc=0.988 n_rounds= 2647 ret=+15.076 len=497.3 ent(t0,t>=1)=(0.000,0.724) aL=-0.0135 vL=0.0543 initial=[red=0.50 blue=0.50] switch=0.044
[u  770] env= 50462720 rsucc=0.994 n_rounds= 2661 ret=+14.956 len=505.7 ent(t0,t>=1)=(0.000,0.721) aL=-0.0139 vL=0.0480 initial=[red=0.50 blue=0.50] switch=0.044
[u  771] env= 50528256 rsucc=0.991 n_rounds= 2571 ret=+15.117 len=488.4 ent(t0,t>=1)=(0.000,0.729) aL=-0.0139 vL=0.0534 initial=[red=0.51 blue=0.49] switch=0.047
[u  772] env= 50593792 rsucc=0.988 n_rounds= 2595 ret=+15.035 len=496.0 ent(t0,t>=1)=(0.000,0.729) aL=-0.0135 vL=0.0529 initial=[red=0.49 blue=0.51] switch=0.047
[u  773] env= 50659328 rsucc=0.989 n_rounds= 2665 ret=+14.976 len=505.3 ent(t0,t>=1)=(0.000,0.726) aL=-0.0134 vL=0.0512 initial=[red=0.49 blue=0.51] switch=0.046
[u  774] env= 50724864 rsucc=0.988 n_rounds= 2629 ret=+14.779 len=508.8 ent(t0,t>=1)=(0.000,0.727) aL=-0.0134 vL=0.0575 initial=[red=0.51 blue=0.49] switch=0.049
[u  775] env= 50790400 rsucc=0.994 n_rounds= 2758 ret=+15.117 len=491.8 ent(t0,t>=1)=(0.000,0.698) aL=-0.0138 vL=0.0521 initial=[red=0.51 blue=0.49] switch=0.043
[u  776] env= 50855936 rsucc=0.993 n_rounds= 2659 ret=+15.422 len=469.0 ent(t0,t>=1)=(0.000,0.708) aL=-0.0130 vL=0.0557 initial=[red=0.50 blue=0.50] switch=0.041
[u  777] env= 50921472 rsucc=0.994 n_rounds= 2681 ret=+15.264 len=486.0 ent(t0,t>=1)=(0.000,0.707) aL=-0.0128 vL=0.0502 initial=[red=0.52 blue=0.48] switch=0.045
[u  778] env= 50987008 rsucc=0.995 n_rounds= 2672 ret=+15.199 len=483.9 ent(t0,t>=1)=(0.000,0.707) aL=-0.0129 vL=0.0532 initial=[red=0.50 blue=0.50] switch=0.044
[u  779] env= 51052544 rsucc=0.994 n_rounds= 2717 ret=+15.123 len=494.9 ent(t0,t>=1)=(0.000,0.698) aL=-0.0125 vL=0.0548 initial=[red=0.50 blue=0.50] switch=0.044
[u  780] env= 51118080 rsucc=0.989 n_rounds= 2637 ret=+15.055 len=496.6 ent(t0,t>=1)=(0.000,0.717) aL=-0.0122 vL=0.0542 initial=[red=0.50 blue=0.50] switch=0.041
[u  781] env= 51183616 rsucc=0.991 n_rounds= 2685 ret=+14.965 len=506.3 ent(t0,t>=1)=(0.000,0.704) aL=-0.0128 vL=0.0556 initial=[red=0.49 blue=0.51] switch=0.050
[u  782] env= 51249152 rsucc=0.993 n_rounds= 2618 ret=+15.216 len=483.6 ent(t0,t>=1)=(0.000,0.723) aL=-0.0126 vL=0.0543 initial=[red=0.50 blue=0.50] switch=0.045
[u  783] env= 51314688 rsucc=0.994 n_rounds= 2665 ret=+15.111 len=496.5 ent(t0,t>=1)=(0.000,0.711) aL=-0.0116 vL=0.0507 initial=[red=0.54 blue=0.46] switch=0.041
[u  784] env= 51380224 rsucc=0.994 n_rounds= 2696 ret=+15.173 len=486.0 ent(t0,t>=1)=(0.000,0.691) aL=-0.0121 vL=0.0527 initial=[red=0.51 blue=0.49] switch=0.041
[u  785] env= 51445760 rsucc=0.989 n_rounds= 2537 ret=+15.165 len=495.1 ent(t0,t>=1)=(0.000,0.733) aL=-0.0122 vL=0.0557 initial=[red=0.49 blue=0.51] switch=0.049
[u  786] env= 51511296 rsucc=0.991 n_rounds= 2688 ret=+14.895 len=508.5 ent(t0,t>=1)=(0.000,0.711) aL=-0.0116 vL=0.0555 initial=[red=0.49 blue=0.51] switch=0.049
[u  787] env= 51576832 rsucc=0.994 n_rounds= 2764 ret=+15.219 len=480.5 ent(t0,t>=1)=(0.000,0.700) aL=-0.0119 vL=0.0570 initial=[red=0.51 blue=0.49] switch=0.043
[u  788] env= 51642368 rsucc=0.997 n_rounds= 2676 ret=+15.244 len=484.8 ent(t0,t>=1)=(0.000,0.708) aL=-0.0118 vL=0.0505 initial=[red=0.49 blue=0.51] switch=0.042
[u  789] env= 51707904 rsucc=0.996 n_rounds= 2747 ret=+15.270 len=482.3 ent(t0,t>=1)=(0.000,0.698) aL=-0.0116 vL=0.0514 initial=[red=0.50 blue=0.50] switch=0.043
[u  790] env= 51773440 rsucc=0.997 n_rounds= 2662 ret=+15.268 len=485.4 ent(t0,t>=1)=(0.000,0.701) aL=-0.0111 vL=0.0616 initial=[red=0.50 blue=0.50] switch=0.045
[u  791] env= 51838976 rsucc=0.993 n_rounds= 2662 ret=+15.159 len=493.9 ent(t0,t>=1)=(0.000,0.706) aL=-0.0116 vL=0.0556 initial=[red=0.51 blue=0.49] switch=0.041
[u  792] env= 51904512 rsucc=0.993 n_rounds= 2708 ret=+15.258 len=483.3 ent(t0,t>=1)=(0.000,0.702) aL=-0.0109 vL=0.0606 initial=[red=0.51 blue=0.49] switch=0.044
[u  793] env= 51970048 rsucc=0.989 n_rounds= 2664 ret=+15.121 len=494.2 ent(t0,t>=1)=(0.000,0.708) aL=-0.0113 vL=0.0563 initial=[red=0.49 blue=0.51] switch=0.045
[u  794] env= 52035584 rsucc=0.994 n_rounds= 2680 ret=+15.183 len=485.7 ent(t0,t>=1)=(0.000,0.708) aL=-0.0110 vL=0.0545 initial=[red=0.50 blue=0.50] switch=0.046
[u  795] env= 52101120 rsucc=0.994 n_rounds= 2686 ret=+15.151 len=493.8 ent(t0,t>=1)=(0.000,0.706) aL=-0.0108 vL=0.0507 initial=[red=0.51 blue=0.49] switch=0.041
[u  796] env= 52166656 rsucc=0.986 n_rounds= 2625 ret=+15.148 len=487.4 ent(t0,t>=1)=(0.000,0.719) aL=-0.0108 vL=0.0589 initial=[red=0.50 blue=0.50] switch=0.048
[u  797] env= 52232192 rsucc=0.994 n_rounds= 2682 ret=+15.131 len=487.1 ent(t0,t>=1)=(0.000,0.704) aL=-0.0109 vL=0.0540 initial=[red=0.49 blue=0.51] switch=0.044
[u  798] env= 52297728 rsucc=0.991 n_rounds= 2715 ret=+14.986 len=504.1 ent(t0,t>=1)=(0.000,0.683) aL=-0.0115 vL=0.0487 initial=[red=0.50 blue=0.50] switch=0.043
[u  799] env= 52363264 rsucc=0.997 n_rounds= 2678 ret=+15.195 len=483.8 ent(t0,t>=1)=(0.000,0.684) aL=-0.0106 vL=0.0564 initial=[red=0.49 blue=0.51] switch=0.042
[u  800] env= 52428800 rsucc=0.992 n_rounds= 2776 ret=+15.264 len=479.8 ent(t0,t>=1)=(0.000,0.690) aL=-0.0100 vL=0.0568 initial=[red=0.50 blue=0.50] switch=0.044
[u  801] env= 52494336 rsucc=0.996 n_rounds= 2732 ret=+15.287 len=484.6 ent(t0,t>=1)=(0.000,0.698) aL=-0.0104 vL=0.0535 initial=[red=0.50 blue=0.50] switch=0.045
[u  802] env= 52559872 rsucc=0.990 n_rounds= 2670 ret=+15.171 len=486.5 ent(t0,t>=1)=(0.000,0.700) aL=-0.0104 vL=0.0547 initial=[red=0.49 blue=0.51] switch=0.046
[u  803] env= 52625408 rsucc=0.994 n_rounds= 2664 ret=+15.196 len=479.0 ent(t0,t>=1)=(0.000,0.691) aL=-0.0102 vL=0.0514 initial=[red=0.51 blue=0.49] switch=0.039
[u  804] env= 52690944 rsucc=0.992 n_rounds= 2640 ret=+15.241 len=490.0 ent(t0,t>=1)=(0.000,0.700) aL=-0.0098 vL=0.0511 initial=[red=0.49 blue=0.51] switch=0.044
[u  805] env= 52756480 rsucc=0.990 n_rounds= 2614 ret=+15.058 len=493.8 ent(t0,t>=1)=(0.000,0.705) aL=-0.0092 vL=0.0551 initial=[red=0.50 blue=0.50] switch=0.039
[u  806] env= 52822016 rsucc=0.994 n_rounds= 2691 ret=+15.020 len=500.1 ent(t0,t>=1)=(0.000,0.692) aL=-0.0099 vL=0.0553 initial=[red=0.50 blue=0.50] switch=0.041
[u  807] env= 52887552 rsucc=0.993 n_rounds= 2771 ret=+15.237 len=482.5 ent(t0,t>=1)=(0.000,0.692) aL=-0.0098 vL=0.0553 initial=[red=0.50 blue=0.50] switch=0.048
[u  808] env= 52953088 rsucc=0.991 n_rounds= 2646 ret=+15.123 len=493.0 ent(t0,t>=1)=(0.000,0.694) aL=-0.0095 vL=0.0549 initial=[red=0.50 blue=0.50] switch=0.046
[u  809] env= 53018624 rsucc=0.992 n_rounds= 2682 ret=+15.188 len=482.5 ent(t0,t>=1)=(0.000,0.685) aL=-0.0094 vL=0.0553 initial=[red=0.49 blue=0.51] switch=0.044
[u  810] env= 53084160 rsucc=0.995 n_rounds= 2603 ret=+15.263 len=480.9 ent(t0,t>=1)=(0.000,0.703) aL=-0.0097 vL=0.0577 initial=[red=0.49 blue=0.51] switch=0.042
[u  811] env= 53149696 rsucc=0.991 n_rounds= 2671 ret=+15.174 len=490.7 ent(t0,t>=1)=(0.000,0.707) aL=-0.0094 vL=0.0603 initial=[red=0.50 blue=0.50] switch=0.048
[u  812] env= 53215232 rsucc=0.991 n_rounds= 2656 ret=+15.015 len=501.4 ent(t0,t>=1)=(0.000,0.709) aL=-0.0093 vL=0.0601 initial=[red=0.52 blue=0.48] switch=0.045
[u  813] env= 53280768 rsucc=0.993 n_rounds= 2741 ret=+15.097 len=491.2 ent(t0,t>=1)=(0.000,0.690) aL=-0.0090 vL=0.0543 initial=[red=0.50 blue=0.50] switch=0.040
[u  814] env= 53346304 rsucc=0.994 n_rounds= 2622 ret=+15.186 len=489.2 ent(t0,t>=1)=(0.000,0.706) aL=-0.0091 vL=0.0550 initial=[red=0.51 blue=0.49] switch=0.044
[u  815] env= 53411840 rsucc=0.991 n_rounds= 2746 ret=+15.213 len=488.5 ent(t0,t>=1)=(0.000,0.703) aL=-0.0088 vL=0.0528 initial=[red=0.50 blue=0.50] switch=0.044
[u  816] env= 53477376 rsucc=0.991 n_rounds= 2691 ret=+15.133 len=488.7 ent(t0,t>=1)=(0.000,0.706) aL=-0.0089 vL=0.0594 initial=[red=0.50 blue=0.50] switch=0.040
[u  817] env= 53542912 rsucc=0.991 n_rounds= 2559 ret=+15.098 len=486.4 ent(t0,t>=1)=(0.000,0.705) aL=-0.0087 vL=0.0572 initial=[red=0.50 blue=0.50] switch=0.043
[u  818] env= 53608448 rsucc=0.996 n_rounds= 2717 ret=+15.123 len=494.6 ent(t0,t>=1)=(0.000,0.684) aL=-0.0086 vL=0.0505 initial=[red=0.49 blue=0.51] switch=0.040
[u  819] env= 53673984 rsucc=0.997 n_rounds= 2729 ret=+15.225 len=491.0 ent(t0,t>=1)=(0.000,0.686) aL=-0.0083 vL=0.0536 initial=[red=0.49 blue=0.51] switch=0.043
[u  820] env= 53739520 rsucc=0.997 n_rounds= 2834 ret=+15.489 len=464.4 ent(t0,t>=1)=(0.000,0.682) aL=-0.0083 vL=0.0592 initial=[red=0.50 blue=0.50] switch=0.041
[u  821] env= 53805056 rsucc=0.993 n_rounds= 2677 ret=+15.266 len=485.4 ent(t0,t>=1)=(0.000,0.690) aL=-0.0082 vL=0.0572 initial=[red=0.51 blue=0.49] switch=0.043
[u  822] env= 53870592 rsucc=0.993 n_rounds= 2748 ret=+15.306 len=475.4 ent(t0,t>=1)=(0.000,0.682) aL=-0.0083 vL=0.0606 initial=[red=0.51 blue=0.49] switch=0.047
[u  823] env= 53936128 rsucc=0.995 n_rounds= 2776 ret=+15.054 len=499.3 ent(t0,t>=1)=(0.000,0.685) aL=-0.0079 vL=0.0502 initial=[red=0.50 blue=0.50] switch=0.038
[u  824] env= 54001664 rsucc=0.995 n_rounds= 2732 ret=+15.412 len=468.5 ent(t0,t>=1)=(0.000,0.686) aL=-0.0079 vL=0.0587 initial=[red=0.49 blue=0.51] switch=0.043
[u  825] env= 54067200 rsucc=0.986 n_rounds= 2660 ret=+15.350 len=473.6 ent(t0,t>=1)=(0.000,0.695) aL=-0.0081 vL=0.0591 initial=[red=0.50 blue=0.50] switch=0.045
[u  826] env= 54132736 rsucc=0.996 n_rounds= 2710 ret=+15.171 len=481.4 ent(t0,t>=1)=(0.000,0.687) aL=-0.0080 vL=0.0553 initial=[red=0.49 blue=0.51] switch=0.041
[u  827] env= 54198272 rsucc=0.994 n_rounds= 2657 ret=+15.077 len=500.2 ent(t0,t>=1)=(0.000,0.702) aL=-0.0079 vL=0.0508 initial=[red=0.51 blue=0.49] switch=0.040
[u  828] env= 54263808 rsucc=0.993 n_rounds= 2671 ret=+15.274 len=477.7 ent(t0,t>=1)=(0.000,0.708) aL=-0.0075 vL=0.0506 initial=[red=0.50 blue=0.50] switch=0.043
[u  829] env= 54329344 rsucc=0.995 n_rounds= 2659 ret=+15.030 len=503.7 ent(t0,t>=1)=(0.000,0.703) aL=-0.0072 vL=0.0525 initial=[red=0.50 blue=0.50] switch=0.041
[u  830] env= 54394880 rsucc=0.993 n_rounds= 2788 ret=+15.306 len=481.0 ent(t0,t>=1)=(0.000,0.684) aL=-0.0074 vL=0.0492 initial=[red=0.49 blue=0.51] switch=0.041
[u  831] env= 54460416 rsucc=0.993 n_rounds= 2730 ret=+15.183 len=485.0 ent(t0,t>=1)=(0.000,0.685) aL=-0.0070 vL=0.0566 initial=[red=0.51 blue=0.49] switch=0.044
[u  832] env= 54525952 rsucc=0.997 n_rounds= 2718 ret=+15.465 len=466.7 ent(t0,t>=1)=(0.000,0.684) aL=-0.0068 vL=0.0541 initial=[red=0.50 blue=0.50] switch=0.040
[u  833] env= 54591488 rsucc=0.988 n_rounds= 2592 ret=+15.279 len=478.1 ent(t0,t>=1)=(0.000,0.701) aL=-0.0067 vL=0.0630 initial=[red=0.51 blue=0.49] switch=0.048
[u  834] env= 54657024 rsucc=0.992 n_rounds= 2620 ret=+14.940 len=509.4 ent(t0,t>=1)=(0.000,0.695) aL=-0.0069 vL=0.0488 initial=[red=0.50 blue=0.50] switch=0.041
[u  835] env= 54722560 rsucc=0.994 n_rounds= 2606 ret=+14.899 len=507.1 ent(t0,t>=1)=(0.000,0.686) aL=-0.0065 vL=0.0517 initial=[red=0.50 blue=0.50] switch=0.040
[u  836] env= 54788096 rsucc=0.992 n_rounds= 2855 ret=+15.255 len=483.6 ent(t0,t>=1)=(0.000,0.681) aL=-0.0065 vL=0.0591 initial=[red=0.49 blue=0.51] switch=0.047
[u  837] env= 54853632 rsucc=0.992 n_rounds= 2646 ret=+15.121 len=493.0 ent(t0,t>=1)=(0.000,0.708) aL=-0.0063 vL=0.0579 initial=[red=0.50 blue=0.50] switch=0.043
[u  838] env= 54919168 rsucc=0.992 n_rounds= 2676 ret=+15.337 len=467.9 ent(t0,t>=1)=(0.000,0.699) aL=-0.0064 vL=0.0507 initial=[red=0.51 blue=0.49] switch=0.045
[u  839] env= 54984704 rsucc=0.991 n_rounds= 2622 ret=+14.984 len=506.1 ent(t0,t>=1)=(0.000,0.712) aL=-0.0061 vL=0.0591 initial=[red=0.49 blue=0.51] switch=0.043
[u  840] env= 55050240 rsucc=0.995 n_rounds= 2736 ret=+15.210 len=480.4 ent(t0,t>=1)=(0.000,0.682) aL=-0.0061 vL=0.0558 initial=[red=0.50 blue=0.50] switch=0.046
[u  841] env= 55115776 rsucc=0.993 n_rounds= 2752 ret=+15.160 len=491.4 ent(t0,t>=1)=(0.000,0.702) aL=-0.0059 vL=0.0561 initial=[red=0.50 blue=0.50] switch=0.041
[u  842] env= 55181312 rsucc=0.999 n_rounds= 2698 ret=+15.378 len=472.4 ent(t0,t>=1)=(0.000,0.698) aL=-0.0058 vL=0.0452 initial=[red=0.50 blue=0.50] switch=0.039
[u  843] env= 55246848 rsucc=0.995 n_rounds= 2715 ret=+15.130 len=498.1 ent(t0,t>=1)=(0.000,0.689) aL=-0.0056 vL=0.0541 initial=[red=0.52 blue=0.48] switch=0.038
[u  844] env= 55312384 rsucc=0.998 n_rounds= 2805 ret=+15.590 len=456.2 ent(t0,t>=1)=(0.000,0.678) aL=-0.0055 vL=0.0521 initial=[red=0.52 blue=0.48] switch=0.036
[u  845] env= 55377920 rsucc=0.994 n_rounds= 2678 ret=+15.216 len=487.8 ent(t0,t>=1)=(0.000,0.693) aL=-0.0053 vL=0.0585 initial=[red=0.51 blue=0.49] switch=0.042
[u  846] env= 55443456 rsucc=0.994 n_rounds= 2718 ret=+15.369 len=474.5 ent(t0,t>=1)=(0.000,0.690) aL=-0.0051 vL=0.0558 initial=[red=0.49 blue=0.51] switch=0.041
[u  847] env= 55508992 rsucc=0.992 n_rounds= 2660 ret=+15.146 len=493.1 ent(t0,t>=1)=(0.000,0.697) aL=-0.0052 vL=0.0556 initial=[red=0.50 blue=0.50] switch=0.041
[u  848] env= 55574528 rsucc=0.994 n_rounds= 2746 ret=+15.335 len=470.5 ent(t0,t>=1)=(0.000,0.691) aL=-0.0052 vL=0.0574 initial=[red=0.50 blue=0.50] switch=0.046
[u  849] env= 55640064 rsucc=0.997 n_rounds= 2688 ret=+15.237 len=487.3 ent(t0,t>=1)=(0.000,0.683) aL=-0.0051 vL=0.0551 initial=[red=0.50 blue=0.50] switch=0.042
[u  850] env= 55705600 rsucc=0.992 n_rounds= 2755 ret=+15.346 len=478.7 ent(t0,t>=1)=(0.000,0.698) aL=-0.0048 vL=0.0606 initial=[red=0.49 blue=0.51] switch=0.045
[u  851] env= 55771136 rsucc=0.994 n_rounds= 2690 ret=+15.075 len=495.2 ent(t0,t>=1)=(0.000,0.694) aL=-0.0049 vL=0.0568 initial=[red=0.48 blue=0.52] switch=0.039
[u  852] env= 55836672 rsucc=0.992 n_rounds= 2698 ret=+15.310 len=476.5 ent(t0,t>=1)=(0.000,0.698) aL=-0.0046 vL=0.0583 initial=[red=0.50 blue=0.50] switch=0.041
[u  853] env= 55902208 rsucc=0.994 n_rounds= 2781 ret=+15.202 len=484.3 ent(t0,t>=1)=(0.000,0.701) aL=-0.0045 vL=0.0564 initial=[red=0.50 blue=0.50] switch=0.039
[u  854] env= 55967744 rsucc=0.995 n_rounds= 2691 ret=+15.332 len=477.4 ent(t0,t>=1)=(0.000,0.687) aL=-0.0045 vL=0.0628 initial=[red=0.49 blue=0.51] switch=0.041
[u  855] env= 56033280 rsucc=0.994 n_rounds= 2691 ret=+15.202 len=489.3 ent(t0,t>=1)=(0.000,0.693) aL=-0.0043 vL=0.0553 initial=[red=0.50 blue=0.50] switch=0.044
[u  856] env= 56098816 rsucc=0.993 n_rounds= 2677 ret=+15.089 len=496.2 ent(t0,t>=1)=(0.000,0.698) aL=-0.0040 vL=0.0547 initial=[red=0.52 blue=0.48] switch=0.041
[u  857] env= 56164352 rsucc=0.994 n_rounds= 2705 ret=+15.404 len=466.1 ent(t0,t>=1)=(0.000,0.694) aL=-0.0042 vL=0.0544 initial=[red=0.51 blue=0.49] switch=0.043
[u  858] env= 56229888 rsucc=0.994 n_rounds= 2657 ret=+15.135 len=493.1 ent(t0,t>=1)=(0.000,0.691) aL=-0.0041 vL=0.0530 initial=[red=0.50 blue=0.50] switch=0.041
[u  859] env= 56295424 rsucc=0.993 n_rounds= 2684 ret=+15.250 len=484.1 ent(t0,t>=1)=(0.000,0.701) aL=-0.0039 vL=0.0584 initial=[red=0.49 blue=0.51] switch=0.041
[u  860] env= 56360960 rsucc=0.992 n_rounds= 2795 ret=+15.169 len=493.2 ent(t0,t>=1)=(0.000,0.686) aL=-0.0037 vL=0.0665 initial=[red=0.49 blue=0.51] switch=0.043
[u  861] env= 56426496 rsucc=0.989 n_rounds= 2711 ret=+15.437 len=462.9 ent(t0,t>=1)=(0.000,0.699) aL=-0.0037 vL=0.0608 initial=[red=0.49 blue=0.51] switch=0.045
[u  862] env= 56492032 rsucc=0.988 n_rounds= 2611 ret=+14.976 len=496.4 ent(t0,t>=1)=(0.000,0.707) aL=-0.0037 vL=0.0628 initial=[red=0.49 blue=0.51] switch=0.050
[u  863] env= 56557568 rsucc=0.992 n_rounds= 2772 ret=+15.193 len=479.4 ent(t0,t>=1)=(0.000,0.694) aL=-0.0031 vL=0.0570 initial=[red=0.50 blue=0.50] switch=0.044
[u  864] env= 56623104 rsucc=0.994 n_rounds= 2781 ret=+15.252 len=479.9 ent(t0,t>=1)=(0.000,0.691) aL=-0.0034 vL=0.0542 initial=[red=0.49 blue=0.51] switch=0.039
[u  865] env= 56688640 rsucc=0.995 n_rounds= 2741 ret=+15.217 len=483.7 ent(t0,t>=1)=(0.000,0.690) aL=-0.0032 vL=0.0567 initial=[red=0.51 blue=0.49] switch=0.044
[u  866] env= 56754176 rsucc=0.992 n_rounds= 2663 ret=+15.332 len=474.5 ent(t0,t>=1)=(0.000,0.693) aL=-0.0030 vL=0.0610 initial=[red=0.48 blue=0.52] switch=0.042
[u  867] env= 56819712 rsucc=0.995 n_rounds= 2605 ret=+15.147 len=490.7 ent(t0,t>=1)=(0.000,0.694) aL=-0.0031 vL=0.0564 initial=[red=0.50 blue=0.50] switch=0.041
[u  868] env= 56885248 rsucc=0.993 n_rounds= 2693 ret=+15.150 len=492.9 ent(t0,t>=1)=(0.000,0.691) aL=-0.0028 vL=0.0544 initial=[red=0.51 blue=0.49] switch=0.042
[u  869] env= 56950784 rsucc=0.994 n_rounds= 2670 ret=+15.157 len=492.5 ent(t0,t>=1)=(0.000,0.685) aL=-0.0027 vL=0.0586 initial=[red=0.49 blue=0.51] switch=0.042
[u  870] env= 57016320 rsucc=0.993 n_rounds= 2709 ret=+15.165 len=488.4 ent(t0,t>=1)=(0.000,0.688) aL=-0.0028 vL=0.0592 initial=[red=0.50 blue=0.50] switch=0.043
[u  871] env= 57081856 rsucc=0.998 n_rounds= 2797 ret=+15.153 len=495.2 ent(t0,t>=1)=(0.000,0.684) aL=-0.0026 vL=0.0590 initial=[red=0.49 blue=0.51] switch=0.037
[u  872] env= 57147392 rsucc=0.993 n_rounds= 2735 ret=+15.528 len=458.5 ent(t0,t>=1)=(0.000,0.688) aL=-0.0023 vL=0.0590 initial=[red=0.51 blue=0.49] switch=0.040
[u  873] env= 57212928 rsucc=0.997 n_rounds= 2765 ret=+15.276 len=480.8 ent(t0,t>=1)=(0.000,0.682) aL=-0.0024 vL=0.0531 initial=[red=0.49 blue=0.51] switch=0.041
[u  874] env= 57278464 rsucc=0.994 n_rounds= 2618 ret=+15.344 len=481.1 ent(t0,t>=1)=(0.000,0.695) aL=-0.0022 vL=0.0544 initial=[red=0.50 blue=0.50] switch=0.038
[u  875] env= 57344000 rsucc=0.996 n_rounds= 2680 ret=+15.225 len=483.1 ent(t0,t>=1)=(0.000,0.691) aL=-0.0022 vL=0.0484 initial=[red=0.50 blue=0.50] switch=0.038
[u  876] env= 57409536 rsucc=0.994 n_rounds= 2791 ret=+15.110 len=496.6 ent(t0,t>=1)=(0.000,0.696) aL=-0.0022 vL=0.0568 initial=[red=0.52 blue=0.48] switch=0.042
[u  877] env= 57475072 rsucc=0.995 n_rounds= 2763 ret=+15.251 len=486.2 ent(t0,t>=1)=(0.000,0.692) aL=-0.0021 vL=0.0600 initial=[red=0.50 blue=0.50] switch=0.042
[u  878] env= 57540608 rsucc=0.994 n_rounds= 2689 ret=+15.536 len=459.9 ent(t0,t>=1)=(0.000,0.687) aL=-0.0019 vL=0.0518 initial=[red=0.51 blue=0.49] switch=0.043
[u  879] env= 57606144 rsucc=0.995 n_rounds= 2790 ret=+15.339 len=474.4 ent(t0,t>=1)=(0.000,0.699) aL=-0.0017 vL=0.0566 initial=[red=0.50 blue=0.50] switch=0.039
[u  880] env= 57671680 rsucc=0.997 n_rounds= 2778 ret=+15.259 len=482.5 ent(t0,t>=1)=(0.000,0.683) aL=-0.0017 vL=0.0591 initial=[red=0.50 blue=0.50] switch=0.039
[u  881] env= 57737216 rsucc=0.993 n_rounds= 2729 ret=+15.415 len=469.7 ent(t0,t>=1)=(0.000,0.695) aL=-0.0016 vL=0.0576 initial=[red=0.51 blue=0.49] switch=0.038
[u  882] env= 57802752 rsucc=0.991 n_rounds= 2607 ret=+15.266 len=485.7 ent(t0,t>=1)=(0.000,0.699) aL=-0.0017 vL=0.0565 initial=[red=0.50 blue=0.50] switch=0.040
[u  883] env= 57868288 rsucc=0.996 n_rounds= 2804 ret=+15.109 len=490.6 ent(t0,t>=1)=(0.000,0.678) aL=-0.0014 vL=0.0586 initial=[red=0.49 blue=0.51] switch=0.042
[u  884] env= 57933824 rsucc=0.994 n_rounds= 2699 ret=+15.257 len=483.2 ent(t0,t>=1)=(0.000,0.682) aL=-0.0014 vL=0.0576 initial=[red=0.50 blue=0.50] switch=0.043
[u  885] env= 57999360 rsucc=0.992 n_rounds= 2699 ret=+15.283 len=479.1 ent(t0,t>=1)=(0.000,0.697) aL=-0.0012 vL=0.0594 initial=[red=0.50 blue=0.50] switch=0.041
[u  886] env= 58064896 rsucc=0.996 n_rounds= 2687 ret=+15.263 len=482.1 ent(t0,t>=1)=(0.000,0.699) aL=-0.0012 vL=0.0569 initial=[red=0.49 blue=0.51] switch=0.042
[u  887] env= 58130432 rsucc=0.992 n_rounds= 2690 ret=+15.172 len=490.2 ent(t0,t>=1)=(0.000,0.700) aL=-0.0011 vL=0.0578 initial=[red=0.50 blue=0.50] switch=0.041
[u  888] env= 58195968 rsucc=0.995 n_rounds= 2719 ret=+15.255 len=480.9 ent(t0,t>=1)=(0.000,0.710) aL=-0.0010 vL=0.0578 initial=[red=0.51 blue=0.49] switch=0.042
[u  889] env= 58261504 rsucc=0.993 n_rounds= 2675 ret=+15.105 len=495.6 ent(t0,t>=1)=(0.000,0.689) aL=-0.0009 vL=0.0566 initial=[red=0.50 blue=0.50] switch=0.042
[u  890] env= 58327040 rsucc=0.995 n_rounds= 2789 ret=+15.472 len=463.1 ent(t0,t>=1)=(0.000,0.685) aL=-0.0009 vL=0.0578 initial=[red=0.51 blue=0.49] switch=0.039
[u  891] env= 58392576 rsucc=0.994 n_rounds= 2757 ret=+15.273 len=483.7 ent(t0,t>=1)=(0.000,0.684) aL=-0.0009 vL=0.0548 initial=[red=0.49 blue=0.51] switch=0.046
[u  892] env= 58458112 rsucc=0.993 n_rounds= 2611 ret=+15.235 len=482.7 ent(t0,t>=1)=(0.000,0.696) aL=-0.0007 vL=0.0588 initial=[red=0.50 blue=0.50] switch=0.041
[u  893] env= 58523648 rsucc=0.990 n_rounds= 2710 ret=+15.162 len=494.3 ent(t0,t>=1)=(0.000,0.693) aL=-0.0007 vL=0.0601 initial=[red=0.49 blue=0.51] switch=0.047
[u  894] env= 58589184 rsucc=0.994 n_rounds= 2705 ret=+15.065 len=490.1 ent(t0,t>=1)=(0.000,0.696) aL=-0.0006 vL=0.0610 initial=[red=0.50 blue=0.50] switch=0.037
[u  895] env= 58654720 rsucc=0.997 n_rounds= 2769 ret=+15.321 len=476.7 ent(t0,t>=1)=(0.000,0.686) aL=-0.0006 vL=0.0554 initial=[red=0.50 blue=0.50] switch=0.041
[u  896] env= 58720256 rsucc=0.994 n_rounds= 2702 ret=+15.410 len=472.1 ent(t0,t>=1)=(0.000,0.692) aL=-0.0005 vL=0.0613 initial=[red=0.52 blue=0.48] switch=0.043
[u  897] env= 58785792 rsucc=0.992 n_rounds= 2610 ret=+15.188 len=488.4 ent(t0,t>=1)=(0.000,0.704) aL=-0.0005 vL=0.0629 initial=[red=0.49 blue=0.51] switch=0.044
[u  898] env= 58851328 rsucc=0.992 n_rounds= 2662 ret=+15.104 len=491.4 ent(t0,t>=1)=(0.000,0.688) aL=-0.0004 vL=0.0553 initial=[red=0.50 blue=0.50] switch=0.042
[u  899] env= 58916864 rsucc=0.995 n_rounds= 2646 ret=+15.039 len=503.8 ent(t0,t>=1)=(0.000,0.695) aL=-0.0004 vL=0.0604 initial=[red=0.50 blue=0.50] switch=0.040
[u  900] env= 58982400 rsucc=0.994 n_rounds= 2804 ret=+15.183 len=488.1 ent(t0,t>=1)=(0.000,0.679) aL=-0.0003 vL=0.0596 initial=[red=0.51 blue=0.49] switch=0.040
[u  901] env= 59047936 rsucc=0.994 n_rounds= 2735 ret=+15.340 len=475.5 ent(t0,t>=1)=(0.000,0.697) aL=-0.0003 vL=0.0604 initial=[red=0.51 blue=0.49] switch=0.043
[u  902] env= 59113472 rsucc=0.995 n_rounds= 2771 ret=+15.282 len=480.5 ent(t0,t>=1)=(0.000,0.700) aL=-0.0002 vL=0.0581 initial=[red=0.49 blue=0.51] switch=0.039
[u  903] env= 59179008 rsucc=0.994 n_rounds= 2686 ret=+15.422 len=463.7 ent(t0,t>=1)=(0.000,0.696) aL=-0.0002 vL=0.0583 initial=[red=0.48 blue=0.52] switch=0.042
[u  904] env= 59244544 rsucc=0.993 n_rounds= 2739 ret=+15.096 len=496.8 ent(t0,t>=1)=(0.000,0.686) aL=-0.0002 vL=0.0525 initial=[red=0.51 blue=0.49] switch=0.039
[u  905] env= 59310080 rsucc=0.997 n_rounds= 2792 ret=+15.357 len=475.3 ent(t0,t>=1)=(0.000,0.685) aL=-0.0002 vL=0.0589 initial=[red=0.48 blue=0.52] switch=0.039
[u  906] env= 59375616 rsucc=0.996 n_rounds= 2714 ret=+15.450 len=467.1 ent(t0,t>=1)=(0.000,0.683) aL=-0.0001 vL=0.0604 initial=[red=0.51 blue=0.49] switch=0.044
[u  907] env= 59441152 rsucc=0.996 n_rounds= 2708 ret=+15.295 len=482.9 ent(t0,t>=1)=(0.000,0.691) aL=-0.0001 vL=0.0565 initial=[red=0.52 blue=0.48] switch=0.038
[u  908] env= 59506688 rsucc=0.994 n_rounds= 2688 ret=+15.280 len=482.1 ent(t0,t>=1)=(0.000,0.681) aL=-0.0001 vL=0.0614 initial=[red=0.49 blue=0.51] switch=0.041
[u  909] env= 59572224 rsucc=0.996 n_rounds= 2793 ret=+15.196 len=491.0 ent(t0,t>=1)=(0.000,0.684) aL=-0.0001 vL=0.0558 initial=[red=0.49 blue=0.51] switch=0.041
[u  910] env= 59637760 rsucc=0.994 n_rounds= 2683 ret=+15.261 len=484.8 ent(t0,t>=1)=(0.000,0.699) aL=-0.0000 vL=0.0623 initial=[red=0.51 blue=0.49] switch=0.042
[u  911] env= 59703296 rsucc=0.990 n_rounds= 2743 ret=+15.350 len=468.7 ent(t0,t>=1)=(0.000,0.694) aL=-0.0000 vL=0.0609 initial=[red=0.50 blue=0.50] switch=0.044
[u  912] env= 59768832 rsucc=0.994 n_rounds= 2724 ret=+15.278 len=479.6 ent(t0,t>=1)=(0.000,0.686) aL=-0.0000 vL=0.0597 initial=[red=0.50 blue=0.50] switch=0.039
[u  913] env= 59834368 rsucc=0.996 n_rounds= 2744 ret=+15.362 len=475.1 ent(t0,t>=1)=(0.000,0.696) aL=-0.0000 vL=0.0554 initial=[red=0.52 blue=0.48] switch=0.038
[u  914] env= 59899904 rsucc=0.997 n_rounds= 2774 ret=+15.201 len=486.9 ent(t0,t>=1)=(0.000,0.684) aL=+0.0000 vL=0.0606 initial=[red=0.52 blue=0.48] switch=0.041
[u  915] env= 59965440 rsucc=0.991 n_rounds= 2719 ret=+15.338 len=477.1 ent(t0,t>=1)=(0.000,0.701) aL=-0.0000 vL=0.0595 initial=[red=0.49 blue=0.51] switch=0.045
[main] training done in 5792.3s
        round_success_rate: [+0.2043, +0.1680, +0.2009, +0.1987, +0.2379, +0.2149, +0.2525, +0.2183, +0.3078, +0.3073, +0.3428, +0.3183, +0.3504, +0.2497, +0.2776, +0.3421, +0.3971, +0.4552, +0.4854, +0.5048, +0.5267, +0.6321, +0.6435, +0.6354, +0.6210, +0.7227, +0.7374, +0.8075, +0.8135, +0.8511, +0.8391, +0.8252, +0.9037, +0.9187, +0.9059, +0.9092, +0.8817, +0.8721, +0.8908, +0.8720, +0.8978, +0.8691, +0.8823, +0.8909, +0.8724, +0.9004, +0.9036, +0.9100, +0.8782, +0.9211, +0.9179, +0.9204, +0.9105, +0.9168, +0.9319, +0.9394, +0.9176, +0.9252, +0.9195, +0.9230, +0.9110, +0.9158, +0.9312, +0.9325, +0.9297, +0.9262, +0.8954, +0.8973, +0.9360, +0.9476, +0.9078, +0.9309, +0.9413, +0.9370, +0.9303, +0.9371, +0.9352, +0.9300, +0.9450, +0.9215, +0.9315, +0.9313, +0.9178, +0.8934, +0.9228, +0.9274, +0.9333, +0.9549, +0.9479, +0.9379, +0.9405, +0.9481, +0.9299, +0.9168, +0.9564, +0.9576, +0.9436, +0.9356, +0.9394, +0.9450, +0.9492, +0.9306, +0.9563, +0.9324, +0.9410, +0.9494, +0.9596, +0.9371, +0.9584, +0.9538, +0.9478, +0.9215, +0.9412, +0.9508, +0.9141, +0.9393, +0.9527, +0.9345, +0.9405, +0.9613, +0.9547, +0.9407, +0.9598, +0.9529, +0.9317, +0.9591, +0.9459, +0.9314, +0.9492, +0.9689, +0.9116, +0.9378, +0.9384, +0.9602, +0.9512, +0.9622, +0.9620, +0.9466, +0.9687, +0.9305, +0.9234, +0.9438, +0.9558, +0.9498, +0.9682, +0.9530, +0.9483, +0.9401, +0.9538, +0.9541, +0.9227, +0.9386, +0.9605, +0.9580, +0.9457, +0.9706, +0.9461, +0.9591, +0.9538, +0.9523, +0.9545, +0.9557, +0.9494, +0.9666, +0.9684, +0.9690, +0.9498, +0.9506, +0.9654, +0.9533, +0.9708, +0.9479, +0.9603, +0.9587, +0.9604, +0.9567, +0.9510, +0.9442, +0.9606, +0.9609, +0.9585, +0.9591, +0.9429, +0.9622, +0.9467, +0.9518, +0.9704, +0.9631, +0.9634, +0.9670, +0.9600, +0.9454, +0.9461, +0.9471, +0.9606, +0.9678, +0.9661, +0.9695, +0.9654, +0.9576, +0.9662, +0.9636, +0.9691, +0.9746, +0.9650, +0.9419, +0.9635, +0.9521, +0.9388, +0.9699, +0.9738, +0.9576, +0.9553, +0.9618, +0.9662, +0.9675, +0.9681, +0.9705, +0.9629, +0.9713, +0.9626, +0.9710, +0.9649, +0.9641, +0.9646, +0.9492, +0.9504, +0.9547, +0.9618, +0.9501, +0.9574, +0.9703, +0.9733, +0.9575, +0.9641, +0.9725, +0.9595, +0.9532, +0.9455, +0.9640, +0.9594, +0.9488, +0.9562, +0.9555, +0.9723, +0.9638, +0.9492, +0.9568, +0.9672, +0.9749, +0.9593, +0.9593, +0.9506, +0.9513, +0.9619, +0.9611, +0.9551, +0.9642, +0.9569, +0.9624, +0.9442, +0.9549, +0.9594, +0.9624, +0.9514, +0.9558, +0.9623, +0.9766, +0.9701, +0.9759, +0.9758, +0.9786, +0.9608, +0.9756, +0.9642, +0.9527, +0.9510, +0.9607, +0.9676, +0.9533, +0.9732, +0.9559, +0.9716, +0.9769, +0.9662, +0.9669, +0.9723, +0.9635, +0.9744, +0.9607, +0.9640, +0.9638, +0.9605, +0.9583, +0.9596, +0.9594, +0.9768, +0.9643, +0.9686, +0.9796, +0.9412, +0.9606, +0.9680, +0.9509, +0.9484, +0.9565, +0.9652, +0.9668, +0.9617, +0.9715, +0.9422, +0.9400, +0.9535, +0.9542, +0.9609, +0.9677, +0.9654, +0.9725, +0.9681, +0.9673, +0.9577, +0.9557, +0.9760, +0.9546, +0.9468, +0.9529, +0.9565, +0.9707, +0.9681, +0.9468, +0.9574, +0.9674, +0.9717, +0.9584, +0.9420, +0.9624, +0.9581, +0.9680, +0.9646, +0.9650, +0.9694, +0.9754, +0.9561, +0.9602, +0.9503, +0.9645, +0.9634, +0.9435, +0.9729, +0.9686, +0.9801, +0.9732, +0.9759, +0.9661, +0.9622, +0.9688, +0.9659, +0.9587, +0.9599, +0.9707, +0.9688, +0.9651, +0.9640, +0.9754, +0.9742, +0.9724, +0.9564, +0.9685, +0.9700, +0.9624, +0.9687, +0.9689, +0.9716, +0.9729, +0.9729, +0.9770, +0.9766, +0.9754, +0.9823, +0.9733, +0.9778, +0.9717, +0.9657, +0.9721, +0.9601, +0.9717, +0.9791, +0.9689, +0.9778, +0.9760, +0.9694, +0.9694, +0.9697, +0.9703, +0.9642, +0.9731, +0.9729, +0.9749, +0.9662, +0.9494, +0.9678, +0.9638, +0.9646, +0.9660, +0.9713, +0.9766, +0.9673, +0.9748, +0.9779, +0.9718, +0.9770, +0.9813, +0.9735, +0.9716, +0.9843, +0.9854, +0.9717, +0.9771, +0.9753, +0.9721, +0.9730, +0.9615, +0.9669, +0.9523, +0.9709, +0.9787, +0.9876, +0.9746, +0.9743, +0.9760, +0.9686, +0.9620, +0.9780, +0.9757, +0.9698, +0.9681, +0.9687, +0.9836, +0.9821, +0.9718, +0.9767, +0.9693, +0.9679, +0.9676, +0.9650, +0.9756, +0.9751, +0.9750, +0.9743, +0.9817, +0.9772, +0.9779, +0.9736, +0.9772, +0.9857, +0.9771, +0.9704, +0.9681, +0.9705, +0.9718, +0.9775, +0.9797, +0.9829, +0.9746, +0.9754, +0.9803, +0.9730, +0.9750, +0.9743, +0.9792, +0.9689, +0.9796, +0.9897, +0.9760, +0.9673, +0.9730, +0.9814, +0.9763, +0.9814, +0.9773, +0.9654, +0.9755, +0.9813, +0.9758, +0.9771, +0.9823, +0.9768, +0.9750, +0.9878, +0.9810, +0.9660, +0.9788, +0.9726, +0.9811, +0.9809, +0.9795, +0.9789, +0.9808, +0.9782, +0.9789, +0.9693, +0.9730, +0.9743, +0.9788, +0.9816, +0.9787, +0.9766, +0.9888, +0.9828, +0.9792, +0.9825, +0.9790, +0.9774, +0.9840, +0.9816, +0.9656, +0.9869, +0.9830, +0.9756, +0.9755, +0.9780, +0.9761, +0.9805, +0.9776, +0.9798, +0.9823, +0.9803, +0.9795, +0.9821, +0.9796, +0.9856, +0.9870, +0.9776, +0.9852, +0.9720, +0.9804, +0.9813, +0.9803, +0.9779, +0.9868, +0.9789, +0.9865, +0.9831, +0.9803, +0.9757, +0.9793, +0.9861, +0.9775, +0.9793, +0.9748, +0.9768, +0.9804, +0.9783, +0.9832, +0.9911, +0.9823, +0.9813, +0.9821, +0.9857, +0.9767, +0.9810, +0.9829, +0.9798, +0.9858, +0.9860, +0.9847, +0.9796, +0.9843, +0.9854, +0.9762, +0.9806, +0.9842, +0.9849, +0.9830, +0.9794, +0.9742, +0.9806, +0.9836, +0.9853, +0.9881, +0.9861, +0.9756, +0.9849, +0.9820, +0.9814, +0.9839, +0.9833, +0.9852, +0.9785, +0.9750, +0.9850, +0.9844, +0.9849, +0.9868, +0.9874, +0.9823, +0.9810, +0.9771, +0.9835, +0.9826, +0.9844, +0.9828, +0.9879, +0.9866, +0.9816, +0.9802, +0.9858, +0.9906, +0.9911, +0.9835, +0.9805, +0.9835, +0.9785, +0.9829, +0.9859, +0.9825, +0.9847, +0.9840, +0.9870, +0.9881, +0.9861, +0.9878, +0.9846, +0.9888, +0.9873, +0.9882, +0.9806, +0.9828, +0.9923, +0.9881, +0.9950, +0.9904, +0.9876, +0.9933, +0.9840, +0.9786, +0.9746, +0.9832, +0.9901, +0.9891, +0.9896, +0.9887, +0.9825, +0.9879, +0.9907, +0.9852, +0.9876, +0.9899, +0.9884, +0.9867, +0.9892, +0.9929, +0.9916, +0.9912, +0.9859, +0.9761, +0.9885, +0.9896, +0.9872, +0.9901, +0.9890, +0.9848, +0.9913, +0.9848, +0.9809, +0.9926, +0.9902, +0.9904, +0.9849, +0.9874, +0.9917, +0.9919, +0.9914, +0.9902, +0.9837, +0.9846, +0.9880, +0.9886, +0.9887, +0.9911, +0.9846, +0.9841, +0.9892, +0.9851, +0.9910, +0.9895, +0.9874, +0.9901, +0.9954, +0.9883, +0.9863, +0.9958, +0.9904, +0.9906, +0.9898, +0.9865, +0.9852, +0.9911, +0.9863, +0.9869, +0.9866, +0.9876, +0.9920, +0.9913, +0.9874, +0.9905, +0.9926, +0.9911, +0.9947, +0.9855, +0.9931, +0.9901, +0.9944, +0.9889, +0.9796, +0.9885, +0.9929, +0.9877, +0.9912, +0.9875, +0.9925, +0.9921, +0.9908, +0.9900, +0.9901, +0.9930, +0.9909, +0.9951, +0.9867, +0.9940, +0.9908, +0.9955, +0.9911, +0.9852, +0.9908, +0.9937, +0.9870, +0.9903, +0.9913, +0.9912, +0.9945, +0.9946, +0.9910, +0.9876, +0.9895, +0.9889, +0.9926, +0.9924, +0.9897, +0.9967, +0.9923, +0.9908, +0.9894, +0.9917, +0.9943, +0.9952, +0.9919, +0.9923, +0.9891, +0.9924, +0.9876, +0.9886, +0.9899, +0.9925, +0.9951, +0.9908, +0.9929, +0.9912, +0.9883, +0.9936, +0.9911, +0.9884, +0.9887, +0.9878, +0.9942, +0.9932, +0.9937, +0.9948, +0.9945, +0.9894, +0.9914, +0.9931, +0.9940, +0.9944, +0.9886, +0.9907, +0.9942, +0.9970, +0.9960, +0.9966, +0.9932, +0.9934, +0.9895, +0.9944, +0.9937, +0.9863, +0.9940, +0.9912, +0.9966, +0.9921, +0.9960, +0.9895, +0.9940, +0.9920, +0.9897, +0.9937, +0.9931, +0.9913, +0.9918, +0.9954, +0.9910, +0.9910, +0.9934, +0.9935, +0.9909, +0.9915, +0.9914, +0.9963, +0.9967, +0.9968, +0.9929, +0.9931, +0.9946, +0.9945, +0.9865, +0.9956, +0.9944, +0.9929, +0.9955, +0.9928, +0.9927, +0.9967, +0.9877, +0.9920, +0.9939, +0.9919, +0.9917, +0.9918, +0.9908, +0.9945, +0.9927, +0.9985, +0.9948, +0.9979, +0.9940, +0.9941, +0.9925, +0.9942, +0.9974, +0.9924, +0.9941, +0.9918, +0.9942, +0.9948, +0.9941, +0.9933, +0.9945, +0.9944, +0.9929, +0.9925, +0.9889, +0.9877, +0.9921, +0.9942, +0.9945, +0.9921, +0.9946, +0.9933, +0.9936, +0.9934, +0.9982, +0.9931, +0.9971, +0.9939, +0.9963, +0.9939, +0.9953, +0.9944, +0.9946, +0.9971, +0.9927, +0.9912, +0.9964, +0.9944, +0.9922, +0.9959, +0.9922, +0.9949, +0.9929, +0.9953, +0.9942, +0.9931, +0.9904, +0.9937, +0.9967, +0.9937, +0.9923, +0.9917, +0.9947, +0.9936, +0.9938, +0.9946, +0.9944, +0.9934, +0.9968, +0.9956, +0.9963, +0.9940, +0.9964, +0.9944, +0.9902, +0.9938, +0.9956, +0.9968, +0.9912]
    partner_ep_success_rate: [+0.0000, +0.0000, +0.0000, +0.0000, +0.0000, +0.7500, +0.4265, +0.1833, +0.0000, +0.0000, +0.0000, +0.3333, +0.5366, +0.2432, +0.3579, +0.1860, +0.0000, +0.0000, +0.5000, +0.4098, +0.4632, +0.6071, +0.7619, +0.8636, +0.7368, +0.8696, +0.8592, +0.7333, +0.7647, +0.8507, +0.7424, +0.7143, +0.8267, +0.8636, +0.9231, +0.9500, +0.8103, +0.9375, +0.8769, +0.8750, +0.9524, +0.7973, +0.8281, +0.8060, +0.8082, +0.6714, +0.7273, +0.8429, +0.8060, +0.9221, +0.9136, +0.9067, +0.9672, +0.8784, +0.9620, +0.9024, +0.8919, +0.9412, +0.9833, +0.8824, +0.8571, +0.8824, +0.9351, +0.9167, +0.9250, +0.9254, +0.8684, +0.7627, +0.7564, +0.8642, +0.8841, +0.8256, +0.9104, +1.0000, +0.8929, +0.9655, +0.9600, +0.9545, +0.9667, +0.9877, +0.9747, +0.9365, +0.8941, +0.9828, +0.8493, +0.8889, +0.8676, +0.9111, +0.9545, +0.9651, +1.0000, +0.9773, +0.9714, +0.8452, +0.9367, +0.9351, +0.9048, +0.9459, +0.8551, +0.8851, +0.9545, +0.8778, +0.9868, +0.8941, +0.8571, +0.9545, +0.8750, +0.9438, +0.9750, +0.9878, +0.9231, +0.8904, +0.9494, +0.8916, +0.9559, +0.9362, +0.9683, +0.9342, +0.9655, +0.9429, +0.8193, +0.8780, +0.9474, +0.8684, +0.8313, +0.9639, +0.8780, +0.9710, +0.9865, +0.9783, +0.9861, +1.0000, +0.9647, +0.9861, +0.9783, +0.9630, +0.9459, +0.9560, +0.8788, +0.9302, +0.8590, +0.9157, +0.9125, +0.9012, +0.9888, +0.9512, +0.9351, +0.9610, +0.9747, +0.8764, +0.9167, +0.9762, +0.9125, +0.9588, +0.9508, +0.9785, +0.9870, +0.9342, +0.9310, +0.9221, +0.9762, +0.9231, +0.9647, +0.9574, +0.9398, +0.9722, +0.9767, +0.9474, +0.9080, +0.8625, +0.9605, +0.8144, +0.9254, +0.9485, +0.9054, +0.9625, +0.8977, +0.9718, +0.9565, +0.9762, +0.9615, +0.9620, +0.9722, +0.9647, +0.9302, +0.9500, +0.9277, +0.8904, +0.8953, +0.8842, +0.8125, +0.9157, +0.9157, +0.8608, +0.9462, +0.8873, +0.9462, +0.9639, +0.9024, +0.9125, +0.9634, +0.9780, +1.0000, +0.9703, +0.9865, +0.9494, +0.9286, +0.9775, +0.9744, +0.9647, +1.0000, +0.9885, +1.0000, +0.9878, +0.9765, +0.9651, +0.9892, +0.9529, +0.9643, +1.0000, +0.9783, +0.9740, +0.9438, +0.9277, +1.0000, +0.9890, +0.9041, +0.9634, +0.9512, +0.9518, +0.9425, +0.9213, +0.9651, +0.9630, +0.9651, +1.0000, +0.9500, +0.9875, +0.8681, +0.9787, +0.9420, +0.9545, +0.9506, +0.9268, +0.9425, +0.9518, +0.8625, +0.9759, +0.9255, +0.9740, +0.9677, +0.9891, +0.9863, +0.9286, +0.9231, +1.0000, +0.9750, +0.9545, +0.9506, +0.9634, +0.9579, +0.9452, +0.9877, +0.9697, +0.9780, +1.0000, +0.9889, +0.9875, +0.9759, +0.9703, +1.0000, +0.9651, +0.9773, +0.9655, +0.9348, +0.9221, +0.9800, +0.9730, +0.9556, +0.8495, +0.9310, +1.0000, +0.9556, +0.9263, +0.9375, +0.9588, +0.9610, +0.9100, +0.9157, +0.9381, +0.9570, +0.9589, +0.9697, +0.9759, +0.9681, +0.9630, +0.9684, +0.9200, +0.9778, +0.9457, +0.8523, +1.0000, +0.9500, +0.9263, +0.9359, +0.9694, +0.9643, +0.9886, +0.9900, +0.9592, +0.9310, +0.9767, +0.9884, +0.9796, +0.9570, +0.9375, +0.9886, +1.0000, +0.9565, +0.9479, +0.9667, +0.9655, +0.9592, +0.9674, +0.9300, +0.9222, +1.0000, +1.0000, +0.9432, +0.9899, +1.0000, +0.9700, +0.9684, +0.9891, +0.9400, +0.9579, +0.9362, +0.9574, +0.9355, +0.9712, +0.9897, +0.9806, +0.9684, +0.9468, +0.7826, +0.9340, +0.9271, +0.9394, +0.9703, +0.9900, +0.9735, +0.9462, +0.9588, +0.9314, +0.8922, +0.9579, +0.9703, +0.9901, +0.9878, +0.9913, +0.9681, +0.9649, +0.9655, +1.0000, +0.9714, +1.0000, +0.9029, +0.9247, +0.9725, +1.0000, +0.9279, +1.0000, +1.0000, +0.9615, +0.9333, +0.9623, +0.9612, +0.9808, +0.9912, +0.9541, +0.9802, +0.9619, +0.9375, +0.9495, +0.9500, +0.9725, +0.9717, +0.9583, +1.0000, +0.9800, +0.9912, +0.9459, +0.9908, +0.9794, +0.9259, +0.9485, +0.9252, +0.9730, +0.9126, +0.9223, +0.9674, +0.9643, +0.9528, +0.8824, +0.9658, +0.9815, +0.9649, +0.9907, +0.9712, +0.9714, +1.0000, +0.9626, +0.9706, +0.9921, +1.0000, +0.9908, +0.9732, +0.9091, +0.9421, +0.9647, +0.9769, +0.8952, +0.9434, +0.9894, +0.9907, +0.9921, +0.9828, +0.9914, +1.0000, +0.9912, +0.9406, +0.9906, +0.9914, +0.9604, +0.9636, +0.8739, +0.9167, +1.0000, +0.9815, +0.9500, +0.9703, +0.9590, +0.9912, +0.9400, +0.9402, +0.9703, +0.9115, +0.9754, +0.9697, +0.9417, +0.9314, +1.0000, +0.9712, +0.9727, +0.9688, +0.9899, +0.9669, +0.9434, +0.9565, +0.9600, +0.9836, +0.9833, +0.9900, +0.9837, +0.9806, +0.9841, +0.9600, +0.9478, +0.9916, +0.9250, +0.9524, +1.0000, +1.0000, +0.9804, +0.9664, +0.9167, +0.9835, +0.9730, +0.9919, +1.0000, +0.9735, +1.0000, +0.9910, +1.0000, +0.9815, +0.9746, +0.9746, +0.9550, +0.9646, +1.0000, +0.9739, +0.9279, +0.9449, +0.9643, +0.9910, +0.9912, +0.9606, +0.9837, +0.9495, +0.9829, +0.9649, +1.0000, +0.9919, +0.9474, +0.9810, +1.0000, +0.9554, +1.0000, +0.9739, +0.9909, +1.0000, +1.0000, +0.9286, +0.9836, +0.9818, +0.9174, +0.9618, +0.9821, +0.9541, +0.9435, +0.9909, +0.9748, +1.0000, +0.9839, +0.9804, +0.9917, +0.9675, +0.9825, +0.9667, +0.9606, +0.9835, +0.9732, +0.9597, +0.9646, +1.0000, +1.0000, +0.9576, +0.9837, +0.9910, +0.9750, +0.9916, +1.0000, +0.9826, +1.0000, +0.9138, +0.9820, +0.9412, +0.9412, +0.9664, +0.9583, +0.9304, +0.9576, +0.9913, +1.0000, +0.9669, +0.9840, +0.9730, +0.9916, +0.9915, +0.9825, +0.9923, +0.9821, +0.9752, +0.9798, +0.9853, +1.0000, +0.9832, +0.9920, +0.9919, +0.9273, +0.9524, +0.9626, +1.0000, +0.9735, +0.9917, +0.9649, +0.9833, +1.0000, +1.0000, +0.9841, +0.9918, +0.9832, +1.0000, +1.0000, +1.0000, +0.9841, +0.9919, +1.0000, +0.9841, +0.9406, +0.9922, +0.9744, +0.9917, +0.9762, +0.9835, +0.9850, +0.9815, +0.9750, +1.0000, +0.9912, +0.9833, +0.9524, +1.0000, +0.9837, +0.9667, +0.9771, +1.0000, +0.9766, +1.0000, +1.0000, +0.9829, +0.9752, +0.9457, +0.9836, +0.9835, +0.9535, +0.9200, +0.9920, +0.9912, +1.0000, +1.0000, +0.9762, +0.9516, +0.9677, +0.9752, +0.9852, +0.9817, +0.9758, +0.9760, +0.9718, +0.9750, +0.9773, +0.9918, +1.0000, +1.0000, +1.0000, +0.9766, +0.9737, +1.0000, +0.9587, +0.9854, +1.0000, +1.0000, +0.9923, +0.9917, +1.0000, +1.0000, +0.9917, +0.9922, +1.0000, +1.0000, +1.0000, +1.0000, +1.0000, +0.9764, +0.9913, +1.0000, +0.9853, +1.0000, +1.0000, +0.9776, +0.9826, +0.9925, +1.0000, +0.9914, +1.0000, +0.9840, +0.9762, +1.0000, +0.9925, +1.0000, +1.0000, +0.9920, +0.9850, +0.9836, +0.9677, +0.9845, +0.9762, +0.9840, +1.0000, +0.9833, +0.9926, +0.9744, +0.9695, +0.9774, +0.9764, +0.9921, +1.0000, +1.0000, +0.9926, +1.0000, +1.0000, +0.9847, +0.9764, +0.9922, +0.9846, +1.0000, +0.9549, +0.9669, +0.9841, +1.0000, +1.0000, +1.0000, +0.9925, +0.9837, +0.9841, +1.0000, +0.9841, +0.9920, +0.9928, +1.0000, +0.9924, +1.0000, +1.0000, +1.0000, +1.0000, +1.0000, +0.9925, +0.9922, +1.0000, +0.9927, +0.9925, +0.9609, +1.0000, +0.9848, +0.9921, +0.9688, +0.9925, +0.9922, +1.0000, +0.9850, +0.9924, +1.0000, +1.0000, +0.9930, +1.0000, +0.9928, +0.9836, +1.0000, +1.0000, +0.9921, +0.9924, +0.9848, +1.0000, +1.0000, +1.0000, +1.0000, +0.9718, +0.9911, +0.9935, +0.9923, +1.0000, +0.9851, +1.0000, +0.9630, +0.9924, +0.9926, +0.9773, +1.0000, +1.0000, +0.9470, +0.9925, +0.9840, +0.9864, +1.0000, +0.9922, +1.0000, +0.9926, +0.9921, +0.9926, +0.9697, +0.9565, +0.9911, +0.9933, +0.9766, +1.0000, +0.9925, +1.0000, +1.0000, +0.9846, +0.9690, +1.0000, +0.9846, +0.9925, +1.0000, +1.0000, +0.9860, +1.0000, +1.0000, +0.9858, +0.9767, +1.0000, +1.0000, +1.0000, +1.0000, +1.0000, +1.0000, +0.9919, +0.9934, +0.9848, +1.0000, +0.9852, +0.9922, +0.9927, +1.0000, +0.9929, +1.0000, +0.9928, +1.0000, +1.0000, +1.0000, +1.0000, +1.0000, +0.9929, +1.0000, +1.0000, +0.9919, +1.0000, +0.9929, +0.9926, +1.0000, +1.0000, +0.9921, +0.9932, +1.0000, +1.0000, +1.0000, +0.9845, +0.9931, +0.9752, +0.9603, +1.0000, +1.0000, +0.9914, +0.9787, +0.9923, +0.9933, +1.0000, +1.0000, +0.9920, +0.9931, +0.9919, +1.0000, +1.0000, +1.0000, +1.0000, +0.9799, +0.9925, +1.0000, +1.0000, +1.0000, +0.9846, +0.9781, +1.0000, +1.0000, +0.9933, +0.9750, +0.9650, +0.9846, +0.9861, +1.0000, +0.9853, +1.0000, +1.0000, +1.0000, +1.0000, +1.0000, +1.0000, +0.9927, +1.0000, +1.0000, +1.0000, +0.9928, +1.0000, +1.0000, +1.0000, +1.0000, +1.0000, +1.0000, +1.0000, +0.9921, +0.9924, +1.0000, +0.9926, +1.0000, +1.0000, +0.9927, +1.0000, +1.0000, +0.9931, +1.0000, +1.0000, +1.0000, +1.0000, +1.0000, +1.0000, +0.9930, +0.9915, +1.0000, +0.9921, +1.0000, +1.0000, +1.0000, +0.9929, +1.0000, +0.9922, +1.0000, +0.9931, +1.0000, +1.0000, +1.0000, +0.9926, +1.0000, +1.0000, +1.0000]
            ep_return_mean: [+0.0000, +0.0000, +0.0000, +0.0000, +0.0000, -3.3863, -9.4858, -16.5806, +0.0000, +0.0000, +0.0000, -1.3667, -4.9057, -9.2333, -13.3245, -17.3999, -1.8000, -5.9968, -4.5174, -5.9303, -7.8378, -10.1876, -9.2274, +2.6604, +1.1015, +0.9246, -2.0608, -3.1537, +3.8664, +5.1023, +5.5542, +4.6063, +6.9505, +7.7922, +8.0330, +8.3271, +8.0667, +8.3062, +7.4093, +7.8267, +8.4645, +7.9121, +8.5404, +7.7216, +8.2116, +8.5246, +8.0588, +9.1894, +8.6634, +9.4932, +9.4068, +9.8231, +9.6530, +9.9245, +9.5046, +9.9944, +9.6176, +9.8360, +10.7019, +10.2713, +9.5372, +10.2786, +9.6863, +9.4162, +9.9776, +10.3441, +9.5218, +8.3762, +9.4245, +9.6777, +9.8291, +9.5268, +10.7496, +9.9758, +10.1837, +10.4853, +10.4565, +10.1788, +11.5751, +11.0183, +9.4631, +9.8326, +9.6850, +9.7496, +8.6958, +10.1761, +10.3918, +10.1358, +10.9643, +10.0248, +10.2510, +10.7165, +9.9768, +10.1116, +11.0741, +11.0495, +10.5911, +10.6645, +10.8647, +10.7050, +10.8823, +10.6737, +10.0594, +10.4846, +10.6481, +11.1157, +11.3023, +10.4152, +11.4107, +10.7614, +11.1754, +10.7643, +10.3299, +10.5361, +10.4755, +10.1442, +11.1234, +10.6798, +10.5217, +10.7932, +10.3006, +10.5388, +11.5222, +11.0927, +10.9187, +10.8468, +10.8300, +11.3524, +10.5098, +10.8753, +10.3412, +10.8158, +9.9945, +10.9430, +10.6858, +11.2910, +11.1952, +11.4672, +10.8805, +11.1234, +11.1847, +10.6493, +10.9108, +10.7588, +11.1358, +11.5422, +10.9752, +11.0094, +11.8900, +10.3683, +10.8839, +10.7328, +10.9248, +10.2558, +11.2935, +11.5641, +10.9394, +11.2523, +10.8529, +11.5532, +11.4102, +11.3276, +11.0633, +11.6353, +11.7618, +11.1455, +12.1825, +11.4623, +10.8697, +10.4708, +12.2227, +11.1899, +10.9819, +11.5111, +12.1036, +11.2545, +10.6509, +12.0084, +10.8684, +11.1329, +11.6579, +10.8175, +11.2631, +11.1344, +11.5269, +11.1847, +11.0048, +11.4442, +11.6454, +11.0818, +11.8028, +11.9338, +11.3154, +10.7993, +11.7667, +12.0799, +11.6583, +10.9154, +11.4855, +11.3630, +12.5964, +11.6753, +11.5871, +12.1694, +11.6187, +11.8047, +11.2510, +11.5231, +11.2918, +11.5649, +11.6225, +11.3659, +11.5884, +11.2403, +10.9823, +11.4114, +12.0844, +12.7426, +11.7313, +11.8247, +11.8996, +11.8658, +11.5215, +11.9555, +12.0290, +11.0819, +11.5587, +10.9595, +11.7055, +11.7961, +10.5572, +11.7271, +11.7849, +12.1897, +11.6557, +11.7442, +11.9895, +11.4722, +11.0391, +11.6033, +12.0682, +11.4972, +11.8449, +11.5573, +11.2556, +11.4744, +11.2539, +11.2577, +12.0347, +12.1747, +11.5125, +12.1121, +11.7405, +11.4204, +12.1570, +11.7942, +11.3902, +11.4928, +11.3776, +12.0156, +11.2705, +11.6370, +11.2616, +11.8108, +11.6354, +11.9676, +11.9336, +11.8414, +11.7335, +12.0839, +11.8422, +12.3622, +12.1900, +12.3317, +11.7357, +11.4406, +12.1832, +11.7886, +11.2959, +12.0570, +12.2437, +11.8252, +11.8090, +12.3277, +12.6154, +12.1448, +12.9382, +11.4984, +12.1099, +12.4364, +12.1621, +12.4610, +11.9842, +12.3610, +11.6252, +11.5256, +12.5521, +12.2739, +12.6162, +12.0194, +12.3757, +12.1297, +12.0996, +11.9583, +12.0827, +11.8135, +12.1723, +12.2475, +11.9352, +12.4699, +12.3462, +12.6030, +12.1036, +11.6848, +11.6769, +12.5050, +12.2142, +12.8839, +12.5845, +12.3073, +12.6850, +12.4820, +12.3630, +12.1644, +12.6379, +12.2101, +12.4478, +12.0306, +12.8447, +12.5397, +12.3660, +12.3481, +12.5040, +12.2122, +12.5918, +12.8891, +12.3069, +12.1665, +12.5846, +12.8639, +13.0775, +12.8020, +13.0269, +12.6474, +12.4836, +12.4736, +12.6275, +12.7678, +12.8045, +12.9205, +13.3882, +13.1152, +13.1552, +13.2666, +12.4131, +13.2397, +12.7916, +13.0516, +12.5513, +12.6185, +12.9193, +13.3020, +12.7306, +13.2338, +13.4370, +13.1714, +12.9744, +13.1712, +13.1926, +13.1409, +12.9554, +12.7357, +13.3800, +13.4769, +12.9665, +13.4637, +13.5179, +13.5169, +13.5096, +13.4534, +13.6832, +13.6561, +13.4500, +13.3846, +13.1590, +13.1630, +13.3239, +13.7447, +13.8792, +13.7130, +13.3289, +13.7149, +13.7042, +13.3496, +13.1891, +13.0531, +13.7744, +13.1273, +13.3911, +13.4120, +13.1087, +13.1465, +12.7243, +13.2224, +13.4750, +13.8398, +13.4568, +13.7519, +13.6903, +13.5976, +13.6051, +13.6620, +13.7073, +13.5247, +13.6825, +14.0665, +14.0803, +13.6821, +13.8399, +13.8163, +13.5434, +13.5613, +13.6290, +13.0236, +13.1283, +13.4425, +14.2624, +14.3194, +13.9989, +13.5500, +13.2810, +13.5136, +13.4653, +13.6959, +13.7195, +13.3141, +13.1737, +13.5300, +13.9078, +14.0900, +13.9349, +13.8984, +13.8255, +13.7072, +13.5216, +13.3038, +13.7313, +13.7919, +14.0405, +13.8447, +13.6543, +13.9163, +14.1314, +13.6996, +14.0370, +14.2372, +13.9860, +13.4525, +13.8534, +13.6299, +13.6318, +13.8892, +14.3720, +13.7465, +14.0423, +13.9141, +14.0008, +13.6605, +13.9344, +14.2078, +13.8051, +13.9426, +13.8510, +14.2507, +13.8031, +13.6870, +14.1205, +14.0005, +14.0167, +13.9948, +13.6565, +13.8637, +13.9242, +14.1086, +14.0175, +13.8669, +13.8508, +14.0396, +14.1174, +14.1111, +14.2104, +13.8588, +13.8269, +14.3851, +14.0320, +13.9733, +14.1205, +14.3864, +14.2677, +14.0154, +13.5370, +14.1035, +13.7953, +14.0683, +14.1013, +13.9671, +14.2374, +14.4427, +14.5600, +14.0868, +14.4863, +14.0535, +14.1270, +13.9279, +14.4081, +13.8829, +14.0091, +14.3268, +14.3121, +14.0537, +14.2210, +14.0224, +14.2397, +14.2642, +14.1362, +14.1847, +14.1142, +14.3672, +14.1263, +14.2095, +14.4594, +14.6526, +14.3305, +14.1314, +14.4372, +14.1069, +14.1321, +14.3742, +14.3148, +14.2185, +14.2403, +14.3150, +14.5351, +14.4529, +14.2071, +14.3457, +14.1658, +14.0107, +14.1605, +14.2830, +13.9804, +14.2027, +14.3844, +14.4711, +14.2916, +14.7484, +14.4835, +14.2762, +14.2432, +14.2770, +14.0885, +14.4081, +14.1637, +14.2004, +14.3012, +14.5962, +14.7321, +14.4962, +14.4365, +14.4026, +14.2779, +14.2935, +14.3488, +14.4778, +14.6462, +14.3630, +14.1653, +14.1703, +14.5919, +14.2521, +14.5150, +14.5972, +14.3407, +14.3897, +14.4760, +14.2200, +14.6546, +14.5451, +14.3537, +14.0939, +13.9983, +14.4398, +14.4184, +14.5913, +14.8285, +14.5817, +14.5253, +14.4524, +14.3197, +14.2144, +14.4007, +14.4975, +14.4909, +14.5809, +14.5298, +14.5120, +14.6105, +14.4142, +14.5209, +14.5891, +14.6232, +14.4769, +14.2581, +14.5737, +14.6867, +14.3958, +14.6902, +14.7352, +14.8395, +14.4875, +14.5886, +14.5178, +14.6033, +14.7551, +14.7931, +14.5138, +14.5809, +14.3431, +14.7545, +14.7746, +14.9221, +14.9908, +14.8212, +14.7228, +14.8592, +14.6520, +14.2497, +14.3856, +14.6461, +14.6545, +14.9146, +14.7930, +14.5989, +14.5945, +14.5977, +14.6807, +14.7742, +14.8712, +14.7034, +14.8296, +14.7382, +14.8361, +14.6638, +14.8396, +14.6169, +14.6915, +14.4789, +14.7593, +14.9826, +14.9072, +14.7435, +14.9745, +14.8125, +14.7938, +14.6635, +14.5052, +14.7518, +14.9161, +14.5313, +14.7255, +14.7052, +15.1462, +14.9485, +15.0154, +14.7069, +14.6356, +14.9325, +14.7360, +14.7174, +14.7931, +14.9461, +14.7015, +14.6751, +14.8589, +14.8483, +14.9654, +14.8100, +14.8933, +15.0486, +15.0256, +15.0747, +14.9074, +14.9666, +15.1139, +15.0440, +14.7598, +14.7141, +14.5783, +14.8541, +15.0185, +14.7805, +14.6903, +14.7910, +14.9061, +14.5789, +14.9460, +14.9386, +14.9973, +15.0769, +14.7993, +15.0370, +14.9018, +15.0793, +14.9172, +15.0910, +14.4472, +14.8203, +14.9854, +15.1605, +14.9721, +14.9909, +15.1704, +14.9510, +14.9809, +14.8402, +15.1187, +14.9255, +14.8375, +15.3545, +15.0456, +14.9593, +14.9983, +15.2996, +14.9112, +14.8910, +15.2229, +15.0615, +14.6986, +14.9974, +14.6806, +14.9776, +15.2772, +15.0903, +14.9131, +15.0258, +14.8316, +15.0890, +15.0556, +14.8763, +15.1810, +15.1532, +15.2353, +14.8773, +15.0628, +15.0547, +15.0035, +15.2200, +15.1199, +15.2241, +14.9315, +15.0030, +14.8931, +15.0484, +15.0303, +15.3307, +15.0765, +15.2770, +15.0375, +15.0758, +14.9556, +15.1168, +15.0350, +14.9759, +14.7795, +15.1166, +15.4217, +15.2642, +15.1988, +15.1235, +15.0552, +14.9650, +15.2157, +15.1105, +15.1732, +15.1653, +14.8954, +15.2186, +15.2441, +15.2702, +15.2676, +15.1591, +15.2580, +15.1211, +15.1830, +15.1510, +15.1485, +15.1309, +14.9862, +15.1946, +15.2642, +15.2867, +15.1705, +15.1964, +15.2407, +15.0581, +15.0202, +15.2371, +15.1234, +15.1875, +15.2634, +15.1739, +15.0149, +15.0967, +15.1855, +15.2130, +15.1326, +15.0980, +15.1235, +15.2254, +15.4887, +15.2656, +15.3062, +15.0543, +15.4116, +15.3497, +15.1713, +15.0770, +15.2737, +15.0301, +15.3063, +15.1830, +15.4652, +15.2790, +14.9401, +14.8994, +15.2553, +15.1211, +15.3374, +14.9842, +15.2103, +15.1603, +15.3785, +15.1303, +15.5897, +15.2164, +15.3691, +15.1464, +15.3353, +15.2367, +15.3461, +15.0749, +15.3103, +15.2023, +15.3321, +15.2022, +15.0891, +15.4039, +15.1346, +15.2503, +15.1693, +15.4374, +14.9756, +15.1933, +15.2520, +15.2167, +15.3324, +15.1475, +15.1496, +15.1574, +15.1649, +15.1533, +15.5278, +15.2758, +15.3443, +15.2251, +15.1102, +15.2512, +15.5355, +15.3390, +15.2585, +15.4153, +15.2658, +15.1092, +15.2569, +15.2829, +15.2630, +15.1721, +15.2546, +15.1048, +15.4718, +15.2727, +15.2354, +15.1618, +15.0646, +15.3206, +15.4100, +15.1881, +15.1045, +15.0387, +15.1826, +15.3396, +15.2820, +15.4219, +15.0962, +15.3569, +15.4505, +15.2952, +15.2804, +15.1958, +15.2607, +15.3496, +15.2780, +15.3622, +15.2009, +15.3384]
            ep_length_mean: [+0.0000, +0.0000, +0.0000, +0.0000, +0.0000, +1462.2500, +1682.2941, +1922.8723, +0.0000, +0.0000, +0.0000, +1348.6667, +1500.5609, +1654.8783, +1833.1685, +1953.6976, +1291.0000, +1542.3334, +1461.7273, +1543.4099, +1639.6001, +1756.3929, +1721.0952, +1212.2273, +1263.9736, +1298.1160, +1479.2394, +1531.8445, +1154.0980, +1110.2836, +1101.8939, +1200.7142, +1019.2533, +968.3788, +985.1693, +975.1875, +999.1379, +985.7969, +1010.2462, +1001.6528, +949.0953, +983.1081, +922.9219, +1023.2239, +933.1918, +920.8000, +989.8182, +906.2714, +936.5822, +872.6104, +905.9877, +893.5866, +892.4263, +851.4730, +875.2026, +888.7560, +893.0811, +870.0353, +810.0834, +862.1530, +914.7714, +843.6030, +884.7792, +926.8750, +895.9875, +836.3433, +905.6842, +958.1187, +905.3205, +871.4197, +886.3188, +924.0349, +833.4777, +888.7353, +823.6667, +863.4943, +849.1066, +877.0114, +771.5834, +819.6543, +916.4304, +871.6032, +906.5294, +858.7069, +967.7808, +852.0000, +838.2206, +851.5445, +830.2121, +891.8488, +851.5322, +820.9432, +909.7714, +870.5596, +807.7468, +790.4286, +839.4405, +851.1757, +829.5942, +836.8851, +818.5151, +833.6667, +869.1974, +852.7059, +844.0857, +812.0114, +787.1875, +862.7191, +791.8125, +851.4756, +816.9872, +841.1781, +845.0886, +828.8796, +865.5000, +858.3723, +787.4127, +864.3026, +843.6092, +818.0286, +862.1567, +865.1097, +778.7369, +813.7105, +830.7711, +844.0482, +839.6829, +798.3913, +852.9999, +827.0761, +876.4583, +812.1667, +874.3882, +807.8611, +818.5761, +802.3580, +810.3918, +797.8022, +834.0000, +819.5698, +808.2949, +841.8916, +803.9250, +836.8765, +796.3371, +759.8414, +828.0260, +831.1688, +749.1646, +878.7528, +825.5500, +833.6905, +805.0500, +891.3300, +774.7377, +768.0107, +838.1688, +801.7369, +844.1494, +771.5455, +785.1905, +795.2949, +816.2236, +780.1702, +785.3976, +829.6945, +739.5000, +794.0263, +837.8276, +854.2375, +717.9869, +818.7423, +838.8956, +779.3403, +745.4865, +812.4750, +850.4546, +729.5352, +844.2283, +816.5238, +775.2180, +837.2405, +810.9167, +817.4353, +778.0465, +816.9375, +825.8193, +792.5616, +759.1512, +823.5685, +762.7000, +758.4699, +809.3494, +828.8354, +773.8172, +723.8028, +778.1398, +838.4097, +779.0610, +810.4625, +701.2317, +788.0880, +802.6790, +745.0495, +781.6891, +771.7595, +807.1191, +797.3259, +788.5128, +785.0824, +775.9241, +806.7816, +776.9872, +803.5853, +818.3882, +802.5116, +750.7312, +698.2000, +777.1191, +773.3530, +764.1631, +765.2078, +788.4045, +757.5181, +755.4415, +818.5715, +796.3287, +841.5121, +773.0731, +751.5543, +838.8965, +776.9214, +772.2093, +731.1975, +774.5582, +784.9667, +744.0250, +783.1375, +809.5275, +773.7021, +745.8406, +794.5228, +751.9630, +789.1219, +808.5287, +781.2892, +810.0125, +813.9036, +738.0851, +726.4415, +792.7205, +749.5000, +769.8493, +796.5306, +730.4872, +740.6813, +787.5500, +782.3409, +789.9630, +759.3049, +791.9369, +771.8904, +795.3210, +744.0303, +776.5385, +746.4666, +742.4667, +760.1000, +761.4579, +756.6039, +777.8780, +737.9651, +744.7500, +721.8046, +784.9457, +797.2338, +723.9000, +756.5135, +807.3556, +732.8387, +708.5517, +767.3647, +761.6556, +733.0001, +710.4750, +739.9175, +672.3896, +797.4300, +737.2048, +711.7939, +738.6237, +713.0137, +751.1818, +708.4458, +770.4362, +776.4074, +689.2947, +726.9500, +698.8889, +743.4022, +708.9659, +738.8500, +734.2800, +746.5474, +727.5513, +737.6428, +721.0000, +719.4886, +738.6000, +707.0408, +699.4598, +689.2209, +715.6744, +739.1735, +750.2150, +691.6354, +722.8182, +664.2647, +692.3804, +720.8750, +686.4000, +705.6207, +706.3979, +722.3152, +683.4800, +701.3445, +688.1808, +720.8824, +665.5114, +687.4647, +702.3605, +706.4000, +691.9790, +715.3370, +685.0600, +651.3474, +693.6702, +712.0106, +687.6774, +670.4808, +658.0928, +669.1844, +646.0737, +681.1170, +684.9022, +685.9246, +673.0729, +665.6768, +660.5446, +651.1800, +632.0089, +656.3441, +648.2474, +633.9216, +695.5000, +639.6737, +674.8317, +665.8317, +679.8781, +665.0435, +652.8510, +623.3421, +680.7586, +636.3853, +634.9333, +641.4608, +656.8544, +637.7097, +641.4312, +644.6180, +641.6487, +664.1296, +623.9681, +623.7404, +664.6667, +624.0755, +616.2330, +619.7404, +629.1667, +619.0550, +608.6733, +610.1334, +613.6697, +624.4041, +635.4100, +635.1193, +627.5755, +595.8667, +583.9714, +599.2000, +627.7368, +589.3604, +603.2385, +631.9279, +633.7500, +636.5876, +588.7476, +644.4775, +619.1068, +617.9903, +628.9783, +635.9018, +663.7170, +617.5490, +615.5129, +586.4445, +611.4123, +597.1111, +595.6058, +602.5143, +616.8624, +602.8224, +602.7255, +615.0315, +602.7087, +579.9816, +574.0893, +607.7090, +585.9174, +594.4000, +605.8307, +608.0667, +587.5377, +638.1170, +616.4445, +614.0239, +556.3104, +554.9655, +583.3737, +598.5439, +635.8911, +616.2264, +608.1638, +590.4059, +602.1364, +627.6126, +625.8229, +612.3525, +596.4815, +566.3834, +586.5049, +574.6804, +571.3009, +595.7400, +595.3163, +619.6138, +591.4425, +593.6148, +575.1313, +589.2333, +606.0392, +590.8951, +563.1539, +590.3546, +573.6875, +562.6061, +578.8264, +605.1887, +578.4435, +605.4900, +594.7214, +573.8417, +555.5200, +601.8212, +566.7281, +587.6984, +573.4500, +592.4608, +585.8152, +558.8083, +588.5048, +577.9818, +585.6446, +561.2549, +584.5126, +593.3148, +564.5372, +578.0901, +573.1627, +580.2963, +597.1416, +578.9541, +575.7027, +564.8333, +575.2222, +592.2203, +588.6949, +573.2703, +568.9203, +574.6260, +552.4087, +582.2433, +581.6299, +547.2143, +564.9279, +576.5877, +567.3779, +544.3984, +555.4747, +581.3334, +600.7281, +554.1351, +595.3008, +565.3158, +559.8381, +582.5659, +547.5536, +539.2077, +540.2783, +558.0545, +548.4454, +576.4538, +561.3036, +588.2951, +551.6364, +578.8807, +565.1145, +551.2411, +553.5688, +575.5242, +548.3091, +565.9748, +554.1464, +550.4032, +561.8137, +562.8083, +572.4391, +549.6053, +561.0750, +552.9134, +541.4958, +527.6786, +551.1048, +566.6283, +544.0252, +563.5471, +556.2797, +544.7968, +548.4775, +560.2667, +562.8656, +551.9055, +533.9913, +541.8750, +553.1379, +547.2072, +567.7647, +574.7899, +559.8068, +548.7667, +571.8956, +559.4915, +541.1565, +537.1462, +550.7686, +522.5280, +543.4324, +556.7227, +553.7288, +561.2807, +565.3000, +542.2054, +565.2231, +568.3232, +555.7133, +529.9127, +515.3782, +539.6640, +539.6855, +543.9182, +559.3413, +544.3925, +547.6000, +533.7787, +526.1570, +548.2544, +558.8500, +566.3065, +530.3276, +558.7143, +539.5164, +525.4790, +549.7333, +544.6640, +536.9561, +557.9127, +524.3951, +539.3621, +552.5635, +555.6039, +572.4031, +544.0770, +544.7603, +531.2064, +514.6033, +528.4136, +540.3426, +535.1917, +553.0315, +557.4337, +548.7834, +539.7778, +536.6935, +533.9838, +531.6584, +533.3282, +531.1468, +549.3750, +546.5085, +536.6250, +530.0513, +541.4132, +545.6434, +526.1968, +520.4380, +537.3488, +517.8400, +519.0000, +514.7807, +543.2769, +536.0909, +536.9524, +527.8951, +520.0484, +517.3140, +542.4222, +524.8348, +551.4758, +517.8800, +525.4578, +510.1084, +504.8409, +515.5164, +525.4409, +519.7559, +521.4286, +544.5234, +545.1053, +526.9481, +524.4958, +504.2044, +524.1394, +531.3707, +533.3461, +531.0082, +528.8135, +520.0432, +514.5124, +520.6822, +511.9767, +527.2846, +510.4872, +535.3228, +523.4062, +532.8583, +528.8870, +535.0916, +511.3824, +504.3750, +504.4207, +513.9851, +500.5826, +517.6343, +521.2160, +519.6810, +540.6166, +518.1520, +507.5397, +546.8362, +522.3835, +527.8254, +489.7794, +503.3280, +503.2632, +519.5000, +526.2984, +503.2558, +527.1508, +514.3120, +521.0821, +506.8667, +519.9185, +520.5385, +510.1985, +507.8195, +509.9370, +514.3386, +509.4348, +493.1451, +502.4666, +490.9389, +505.7597, +507.9160, +490.3071, +501.4961, +525.3615, +519.6066, +523.4286, +516.2148, +498.9048, +518.4496, +520.2560, +519.2460, +516.4737, +534.1870, +501.3492, +505.6449, +498.6191, +500.9920, +521.8992, +503.0492, +512.9772, +496.7576, +513.7280, +490.3659, +530.7402, +517.3212, +498.0821, +486.5859, +501.8296, +498.7883, +487.7669, +506.7422, +503.1693, +513.0227, +496.1968, +505.3516, +520.4179, +472.7109, +501.8657, +501.2782, +503.3333, +479.7153, +508.3415, +498.8873, +484.5692, +499.9420, +526.9509, +502.6191, +531.2727, +507.1260, +479.1679, +494.8939, +513.4963, +499.0496, +508.4726, +500.7351, +491.6690, +515.2322, +485.3856, +493.0154, +484.9008, +512.6642, +496.6048, +491.3333, +507.4015, +486.7704, +493.4621, +484.5036, +502.7937, +500.5606, +505.6241, +493.3360, +496.3537, +478.4427, +496.6822, +475.3359, +500.6471, +497.2992, +505.7333, +488.4167, +496.0000, +505.2679, +508.8322, +491.7656, +469.0363, +486.0373, +483.8905, +494.9259, +496.6077, +506.2635, +483.5662, +496.5077, +485.9624, +495.1128, +508.5349, +480.4755, +484.7863, +482.2576, +485.3546, +493.9070, +483.2950, +494.2180, +485.7444, +493.7559, +487.4122, +487.1259, +504.1301, +483.8146, +479.8030, +484.5852, +486.4815, +479.0469, +490.0219, +493.8295, +500.0638, +482.5076, +493.0145, +482.5081, +480.8521, +490.7227, +501.4459, +491.1894, +489.1786, +488.5042, +488.6689, +486.3821, +494.6364, +490.9572, +464.4412, +485.3841, +475.4414, +499.3334, +468.5306, +473.6209, +481.4178, +500.1680, +477.7442, +503.7448, +481.0165, +484.9735, +466.6941, +478.0876, +509.4397, +507.1348, +483.5846, +492.9664, +467.8925, +506.1458, +480.3840, +491.4276, +472.3709, +498.0946, +456.2143, +487.8333, +474.4729, +493.1476, +470.5113, +487.3481, +478.6519, +495.1717, +476.5308, +484.2847, +477.4000, +489.2640, +496.1678, +466.1334, +493.1119, +484.0846, +493.2431, +462.8824, +496.4412, +479.3594, +479.8521, +483.6884, +474.4929, +490.6949, +492.8511, +492.4598, +488.4329, +495.1522, +458.4964, +480.7841, +481.1387, +483.0504, +496.6187, +486.2303, +459.8700, +474.3841, +482.5405, +469.7165, +485.7023, +490.5845, +483.1618, +479.0781, +482.0647, +490.2482, +480.8647, +495.6087, +463.0621, +483.6791, +482.6818, +494.3438, +490.0563, +476.7111, +472.1060, +488.3803, +491.4188, +503.8378, +488.1111, +475.5139, +480.4965, +463.7132, +496.7589, +475.3259, +467.1163, +482.9403, +482.1320, +490.9712, +484.8120, +468.6985, +479.5662, +475.0504, +486.9143, +477.1045]
               reward_mean: [-0.0082, -0.0080, -0.0080, -0.0077, -0.0074, -0.0075, -0.0073, -0.0075, -0.0063, -0.0065, -0.0059, -0.0063, -0.0058, -0.0072, -0.0068, -0.0060, -0.0050, -0.0043, -0.0039, -0.0035, -0.0030, -0.0010, -0.0007, -0.0009, -0.0010, +0.0010, +0.0017, +0.0040, +0.0047, +0.0061, +0.0049, +0.0059, +0.0094, +0.0097, +0.0088, +0.0090, +0.0082, +0.0077, +0.0087, +0.0084, +0.0091, +0.0076, +0.0084, +0.0100, +0.0083, +0.0098, +0.0099, +0.0095, +0.0087, +0.0121, +0.0109, +0.0110, +0.0096, +0.0107, +0.0124, +0.0132, +0.0113, +0.0115, +0.0108, +0.0111, +0.0103, +0.0108, +0.0111, +0.0117, +0.0110, +0.0113, +0.0090, +0.0096, +0.0119, +0.0120, +0.0097, +0.0118, +0.0132, +0.0116, +0.0122, +0.0127, +0.0116, +0.0125, +0.0136, +0.0114, +0.0108, +0.0111, +0.0100, +0.0099, +0.0117, +0.0113, +0.0127, +0.0132, +0.0127, +0.0119, +0.0117, +0.0125, +0.0117, +0.0121, +0.0147, +0.0140, +0.0122, +0.0122, +0.0120, +0.0128, +0.0133, +0.0127, +0.0136, +0.0115, +0.0129, +0.0129, +0.0135, +0.0123, +0.0149, +0.0132, +0.0130, +0.0119, +0.0139, +0.0123, +0.0100, +0.0129, +0.0133, +0.0116, +0.0134, +0.0145, +0.0127, +0.0127, +0.0135, +0.0127, +0.0117, +0.0142, +0.0132, +0.0113, +0.0133, +0.0150, +0.0107, +0.0121, +0.0130, +0.0142, +0.0137, +0.0147, +0.0142, +0.0132, +0.0148, +0.0117, +0.0125, +0.0138, +0.0133, +0.0145, +0.0158, +0.0131, +0.0129, +0.0137, +0.0129, +0.0118, +0.0117, +0.0131, +0.0147, +0.0139, +0.0133, +0.0154, +0.0127, +0.0142, +0.0142, +0.0140, +0.0139, +0.0150, +0.0137, +0.0154, +0.0146, +0.0146, +0.0139, +0.0134, +0.0136, +0.0142, +0.0156, +0.0130, +0.0150, +0.0147, +0.0147, +0.0135, +0.0133, +0.0135, +0.0144, +0.0146, +0.0142, +0.0128, +0.0127, +0.0151, +0.0130, +0.0140, +0.0153, +0.0150, +0.0156, +0.0153, +0.0152, +0.0132, +0.0143, +0.0132, +0.0156, +0.0160, +0.0146, +0.0150, +0.0149, +0.0140, +0.0151, +0.0149, +0.0161, +0.0160, +0.0151, +0.0135, +0.0148, +0.0139, +0.0127, +0.0154, +0.0152, +0.0143, +0.0144, +0.0148, +0.0151, +0.0153, +0.0171, +0.0163, +0.0152, +0.0151, +0.0158, +0.0153, +0.0146, +0.0152, +0.0143, +0.0130, +0.0130, +0.0147, +0.0152, +0.0144, +0.0146, +0.0166, +0.0164, +0.0143, +0.0161, +0.0162, +0.0148, +0.0138, +0.0151, +0.0152, +0.0140, +0.0146, +0.0142, +0.0145, +0.0149, +0.0146, +0.0133, +0.0156, +0.0159, +0.0163, +0.0155, +0.0154, +0.0152, +0.0144, +0.0161, +0.0148, +0.0153, +0.0161, +0.0139, +0.0152, +0.0137, +0.0154, +0.0159, +0.0164, +0.0141, +0.0150, +0.0160, +0.0164, +0.0160, +0.0169, +0.0162, +0.0168, +0.0153, +0.0165, +0.0154, +0.0155, +0.0148, +0.0156, +0.0167, +0.0158, +0.0164, +0.0147, +0.0168, +0.0181, +0.0156, +0.0170, +0.0165, +0.0164, +0.0170, +0.0164, +0.0169, +0.0167, +0.0162, +0.0166, +0.0145, +0.0169, +0.0192, +0.0175, +0.0176, +0.0174, +0.0147, +0.0167, +0.0175, +0.0151, +0.0161, +0.0168, +0.0170, +0.0178, +0.0175, +0.0184, +0.0159, +0.0158, +0.0168, +0.0160, +0.0172, +0.0186, +0.0183, +0.0189, +0.0185, +0.0178, +0.0162, +0.0169, +0.0195, +0.0175, +0.0166, +0.0178, +0.0188, +0.0191, +0.0180, +0.0155, +0.0177, +0.0188, +0.0202, +0.0177, +0.0170, +0.0180, +0.0182, +0.0194, +0.0181, +0.0193, +0.0198, +0.0211, +0.0178, +0.0175, +0.0183, +0.0206, +0.0188, +0.0170, +0.0210, +0.0209, +0.0204, +0.0202, +0.0212, +0.0190, +0.0194, +0.0192, +0.0188, +0.0190, +0.0199, +0.0211, +0.0196, +0.0198, +0.0185, +0.0217, +0.0215, +0.0215, +0.0191, +0.0203, +0.0199, +0.0204, +0.0210, +0.0207, +0.0206, +0.0205, +0.0204, +0.0221, +0.0222, +0.0217, +0.0234, +0.0209, +0.0226, +0.0223, +0.0204, +0.0212, +0.0197, +0.0223, +0.0233, +0.0227, +0.0233, +0.0225, +0.0223, +0.0212, +0.0216, +0.0208, +0.0216, +0.0212, +0.0221, +0.0235, +0.0200, +0.0192, +0.0210, +0.0195, +0.0219, +0.0224, +0.0224, +0.0229, +0.0224, +0.0227, +0.0228, +0.0224, +0.0227, +0.0223, +0.0228, +0.0222, +0.0239, +0.0243, +0.0223, +0.0242, +0.0228, +0.0228, +0.0228, +0.0216, +0.0215, +0.0204, +0.0234, +0.0260, +0.0257, +0.0231, +0.0221, +0.0213, +0.0214, +0.0220, +0.0229, +0.0235, +0.0212, +0.0219, +0.0219, +0.0242, +0.0248, +0.0234, +0.0235, +0.0246, +0.0226, +0.0227, +0.0223, +0.0232, +0.0231, +0.0230, +0.0238, +0.0231, +0.0237, +0.0241, +0.0242, +0.0244, +0.0251, +0.0235, +0.0239, +0.0223, +0.0230, +0.0240, +0.0241, +0.0242, +0.0236, +0.0237, +0.0242, +0.0246, +0.0233, +0.0236, +0.0239, +0.0249, +0.0222, +0.0256, +0.0257, +0.0233, +0.0224, +0.0244, +0.0258, +0.0236, +0.0241, +0.0245, +0.0227, +0.0238, +0.0255, +0.0241, +0.0222, +0.0251, +0.0244, +0.0224, +0.0262, +0.0257, +0.0228, +0.0255, +0.0255, +0.0251, +0.0257, +0.0246, +0.0251, +0.0246, +0.0239, +0.0250, +0.0240, +0.0234, +0.0245, +0.0248, +0.0245, +0.0262, +0.0267, +0.0282, +0.0251, +0.0241, +0.0254, +0.0252, +0.0246, +0.0250, +0.0246, +0.0233, +0.0271, +0.0256, +0.0239, +0.0267, +0.0243, +0.0253, +0.0257, +0.0250, +0.0251, +0.0251, +0.0261, +0.0253, +0.0264, +0.0270, +0.0268, +0.0262, +0.0249, +0.0259, +0.0252, +0.0262, +0.0264, +0.0246, +0.0255, +0.0270, +0.0258, +0.0271, +0.0259, +0.0269, +0.0246, +0.0236, +0.0261, +0.0262, +0.0264, +0.0240, +0.0257, +0.0255, +0.0260, +0.0280, +0.0279, +0.0259, +0.0248, +0.0254, +0.0271, +0.0242, +0.0265, +0.0264, +0.0243, +0.0264, +0.0279, +0.0267, +0.0270, +0.0268, +0.0275, +0.0254, +0.0250, +0.0276, +0.0273, +0.0283, +0.0252, +0.0232, +0.0258, +0.0260, +0.0272, +0.0272, +0.0283, +0.0257, +0.0262, +0.0261, +0.0265, +0.0267, +0.0273, +0.0269, +0.0257, +0.0237, +0.0264, +0.0279, +0.0272, +0.0280, +0.0286, +0.0268, +0.0258, +0.0241, +0.0268, +0.0274, +0.0270, +0.0261, +0.0290, +0.0264, +0.0279, +0.0258, +0.0263, +0.0272, +0.0280, +0.0259, +0.0264, +0.0267, +0.0278, +0.0272, +0.0287, +0.0280, +0.0288, +0.0269, +0.0274, +0.0273, +0.0272, +0.0285, +0.0273, +0.0280, +0.0283, +0.0275, +0.0259, +0.0269, +0.0299, +0.0285, +0.0299, +0.0297, +0.0270, +0.0291, +0.0270, +0.0259, +0.0267, +0.0279, +0.0286, +0.0291, +0.0282, +0.0279, +0.0272, +0.0277, +0.0279, +0.0280, +0.0292, +0.0292, +0.0279, +0.0279, +0.0281, +0.0269, +0.0282, +0.0297, +0.0277, +0.0266, +0.0284, +0.0297, +0.0293, +0.0302, +0.0286, +0.0279, +0.0288, +0.0268, +0.0288, +0.0291, +0.0275, +0.0282, +0.0272, +0.0287, +0.0307, +0.0295, +0.0291, +0.0290, +0.0289, +0.0275, +0.0293, +0.0288, +0.0290, +0.0276, +0.0285, +0.0281, +0.0296, +0.0286, +0.0307, +0.0278, +0.0298, +0.0301, +0.0304, +0.0289, +0.0309, +0.0302, +0.0298, +0.0291, +0.0287, +0.0282, +0.0279, +0.0296, +0.0290, +0.0283, +0.0285, +0.0281, +0.0285, +0.0288, +0.0299, +0.0301, +0.0290, +0.0294, +0.0304, +0.0278, +0.0298, +0.0287, +0.0313, +0.0299, +0.0263, +0.0297, +0.0309, +0.0297, +0.0301, +0.0300, +0.0308, +0.0309, +0.0281, +0.0295, +0.0284, +0.0314, +0.0301, +0.0306, +0.0288, +0.0305, +0.0300, +0.0309, +0.0311, +0.0301, +0.0298, +0.0314, +0.0286, +0.0277, +0.0286, +0.0298, +0.0316, +0.0296, +0.0306, +0.0282, +0.0305, +0.0299, +0.0291, +0.0302, +0.0313, +0.0319, +0.0297, +0.0300, +0.0303, +0.0303, +0.0304, +0.0311, +0.0313, +0.0298, +0.0307, +0.0303, +0.0293, +0.0300, +0.0309, +0.0308, +0.0308, +0.0313, +0.0312, +0.0299, +0.0303, +0.0307, +0.0293, +0.0295, +0.0306, +0.0300, +0.0323, +0.0307, +0.0311, +0.0310, +0.0316, +0.0302, +0.0310, +0.0301, +0.0308, +0.0313, +0.0287, +0.0310, +0.0324, +0.0311, +0.0322, +0.0309, +0.0307, +0.0315, +0.0306, +0.0311, +0.0311, +0.0299, +0.0311, +0.0315, +0.0311, +0.0324, +0.0319, +0.0307, +0.0308, +0.0304, +0.0299, +0.0312, +0.0324, +0.0304, +0.0310, +0.0299, +0.0308, +0.0306, +0.0320, +0.0301, +0.0319, +0.0311, +0.0291, +0.0317, +0.0319, +0.0335, +0.0310, +0.0321, +0.0326, +0.0319, +0.0304, +0.0316, +0.0307, +0.0309, +0.0308, +0.0327, +0.0318, +0.0317, +0.0295, +0.0301, +0.0299, +0.0336, +0.0304, +0.0309, +0.0300, +0.0319, +0.0321, +0.0315, +0.0316, +0.0331, +0.0310, +0.0316, +0.0307, +0.0321, +0.0313, +0.0321, +0.0312, +0.0312, +0.0326, +0.0313, +0.0312, +0.0310, +0.0315, +0.0307, +0.0311, +0.0328, +0.0313, +0.0297, +0.0324, +0.0326, +0.0320, +0.0307, +0.0299, +0.0312, +0.0309, +0.0315, +0.0330, +0.0319, +0.0325, +0.0301, +0.0311, +0.0328, +0.0324, +0.0312, +0.0328, +0.0327, +0.0317, +0.0298, +0.0331, +0.0314, +0.0313, +0.0312, +0.0311, +0.0317, +0.0309, +0.0328, +0.0322, +0.0300, +0.0314, +0.0314, +0.0325, +0.0314, +0.0299, +0.0307, +0.0306, +0.0329, +0.0319, +0.0325, +0.0312, +0.0319, +0.0329, +0.0316, +0.0316, +0.0312, +0.0329, +0.0311, +0.0319, +0.0317, +0.0321, +0.0326, +0.0315]
                actor_loss: [-0.0018, -0.0071, -0.0078, -0.0069, -0.0052, -0.0030, -0.0014, -0.0008, -0.0010, -0.0016, -0.0029, -0.0008, -0.0006, -0.0023, -0.0018, -0.0020, -0.0027, -0.0051, -0.0039, -0.0046, -0.0035, -0.0048, -0.0048, -0.0045, -0.0074, -0.0073, -0.0086, -0.0098, -0.0095, -0.0089, -0.0076, -0.0075, -0.0091, -0.0083, -0.0088, -0.0082, -0.0079, -0.0069, -0.0070, -0.0081, -0.0087, -0.0075, -0.0080, -0.0068, -0.0080, -0.0087, -0.0097, -0.0083, -0.0091, -0.0106, -0.0090, -0.0093, -0.0098, -0.0088, -0.0100, -0.0108, -0.0092, -0.0100, -0.0101, -0.0114, -0.0134, -0.0124, -0.0142, -0.0131, -0.0119, -0.0114, -0.0101, -0.0159, -0.0145, -0.0148, -0.0157, -0.0142, -0.0138, -0.0123, -0.0117, -0.0125, -0.0152, -0.0129, -0.0151, -0.0105, -0.0127, -0.0134, -0.0118, -0.0128, -0.0158, -0.0150, -0.0147, -0.0174, -0.0147, -0.0125, -0.0149, -0.0136, -0.0147, -0.0128, -0.0152, -0.0152, -0.0158, -0.0148, -0.0166, -0.0145, -0.0160, -0.0151, -0.0153, -0.0155, -0.0168, -0.0163, -0.0156, -0.0180, -0.0161, -0.0156, -0.0127, -0.0153, -0.0160, -0.0169, -0.0172, -0.0171, -0.0168, -0.0149, -0.0137, -0.0181, -0.0163, -0.0135, -0.0162, -0.0170, -0.0158, -0.0163, -0.0121, -0.0156, -0.0176, -0.0155, -0.0155, -0.0169, -0.0148, -0.0177, -0.0177, -0.0176, -0.0165, -0.0185, -0.0183, -0.0160, -0.0174, -0.0167, -0.0183, -0.0178, -0.0176, -0.0161, -0.0158, -0.0144, -0.0177, -0.0180, -0.0161, -0.0163, -0.0161, -0.0182, -0.0167, -0.0166, -0.0153, -0.0165, -0.0158, -0.0175, -0.0149, -0.0137, -0.0170, -0.0153, -0.0179, -0.0164, -0.0172, -0.0171, -0.0171, -0.0179, -0.0158, -0.0153, -0.0179, -0.0188, -0.0170, -0.0187, -0.0172, -0.0163, -0.0177, -0.0182, -0.0178, -0.0176, -0.0182, -0.0199, -0.0183, -0.0181, -0.0185, -0.0180, -0.0161, -0.0179, -0.0181, -0.0183, -0.0193, -0.0180, -0.0183, -0.0151, -0.0149, -0.0172, -0.0168, -0.0141, -0.0179, -0.0143, -0.0162, -0.0148, -0.0177, -0.0152, -0.0182, -0.0171, -0.0177, -0.0160, -0.0175, -0.0165, -0.0142, -0.0180, -0.0179, -0.0185, -0.0162, -0.0179, -0.0176, -0.0165, -0.0155, -0.0149, -0.0143, -0.0174, -0.0154, -0.0161, -0.0184, -0.0171, -0.0188, -0.0196, -0.0154, -0.0188, -0.0195, -0.0195, -0.0176, -0.0204, -0.0185, -0.0177, -0.0171, -0.0184, -0.0207, -0.0194, -0.0196, -0.0198, -0.0186, -0.0183, -0.0196, -0.0193, -0.0183, -0.0186, -0.0193, -0.0173, -0.0160, -0.0192, -0.0190, -0.0210, -0.0204, -0.0186, -0.0183, -0.0198, -0.0188, -0.0200, -0.0200, -0.0201, -0.0224, -0.0223, -0.0208, -0.0214, -0.0209, -0.0199, -0.0208, -0.0200, -0.0203, -0.0191, -0.0198, -0.0204, -0.0194, -0.0208, -0.0197, -0.0182, -0.0197, -0.0190, -0.0211, -0.0202, -0.0194, -0.0198, -0.0198, -0.0190, -0.0198, -0.0195, -0.0205, -0.0192, -0.0200, -0.0202, -0.0204, -0.0196, -0.0186, -0.0189, -0.0185, -0.0213, -0.0189, -0.0202, -0.0186, -0.0200, -0.0203, -0.0202, -0.0200, -0.0199, -0.0202, -0.0200, -0.0203, -0.0208, -0.0204, -0.0198, -0.0200, -0.0213, -0.0209, -0.0175, -0.0213, -0.0177, -0.0179, -0.0227, -0.0191, -0.0201, -0.0212, -0.0210, -0.0221, -0.0215, -0.0211, -0.0193, -0.0182, -0.0207, -0.0206, -0.0204, -0.0213, -0.0206, -0.0183, -0.0190, -0.0220, -0.0201, -0.0205, -0.0200, -0.0177, -0.0194, -0.0182, -0.0220, -0.0196, -0.0195, -0.0214, -0.0199, -0.0196, -0.0212, -0.0208, -0.0196, -0.0225, -0.0206, -0.0217, -0.0207, -0.0214, -0.0222, -0.0223, -0.0207, -0.0193, -0.0219, -0.0218, -0.0212, -0.0225, -0.0217, -0.0218, -0.0205, -0.0198, -0.0210, -0.0226, -0.0203, -0.0220, -0.0212, -0.0219, -0.0203, -0.0212, -0.0177, -0.0217, -0.0190, -0.0204, -0.0213, -0.0200, -0.0205, -0.0197, -0.0194, -0.0210, -0.0212, -0.0217, -0.0200, -0.0199, -0.0213, -0.0213, -0.0210, -0.0213, -0.0203, -0.0212, -0.0200, -0.0208, -0.0207, -0.0213, -0.0215, -0.0196, -0.0215, -0.0228, -0.0209, -0.0193, -0.0194, -0.0218, -0.0210, -0.0213, -0.0209, -0.0226, -0.0222, -0.0195, -0.0203, -0.0213, -0.0225, -0.0234, -0.0206, -0.0222, -0.0225, -0.0213, -0.0226, -0.0210, -0.0227, -0.0219, -0.0218, -0.0221, -0.0207, -0.0224, -0.0225, -0.0217, -0.0218, -0.0210, -0.0221, -0.0225, -0.0197, -0.0224, -0.0207, -0.0207, -0.0221, -0.0218, -0.0221, -0.0212, -0.0209, -0.0214, -0.0212, -0.0216, -0.0208, -0.0228, -0.0231, -0.0236, -0.0226, -0.0229, -0.0206, -0.0216, -0.0224, -0.0219, -0.0228, -0.0133, -0.0232, -0.0237, -0.0243, -0.0222, -0.0237, -0.0224, -0.0222, -0.0230, -0.0221, -0.0233, -0.0219, -0.0225, -0.0228, -0.0235, -0.0243, -0.0214, -0.0230, -0.0222, -0.0230, -0.0234, -0.0219, -0.0233, -0.0236, -0.0236, -0.0220, -0.0225, -0.0231, -0.0222, -0.0228, -0.0222, -0.0221, -0.0231, -0.0230, -0.0239, -0.0228, -0.0215, -0.0236, -0.0232, -0.0223, -0.0223, -0.0223, -0.0211, -0.0226, -0.0216, -0.0220, -0.0222, -0.0207, -0.0230, -0.0231, -0.0221, -0.0214, -0.0225, -0.0212, -0.0219, -0.0210, -0.0211, -0.0212, -0.0220, -0.0215, -0.0220, -0.0210, -0.0217, -0.0223, -0.0220, -0.0219, -0.0219, -0.0218, -0.0207, -0.0220, -0.0228, -0.0229, -0.0223, -0.0213, -0.0223, -0.0218, -0.0215, -0.0219, -0.0220, -0.0223, -0.0228, -0.0225, -0.0223, -0.0223, -0.0230, -0.0226, -0.0215, -0.0223, -0.0215, -0.0211, -0.0224, -0.0222, -0.0223, -0.0223, -0.0238, -0.0228, -0.0209, -0.0214, -0.0220, -0.0217, -0.0229, -0.0214, -0.0207, -0.0229, -0.0209, -0.0223, -0.0221, -0.0232, -0.0214, -0.0226, -0.0228, -0.0217, -0.0229, -0.0214, -0.0216, -0.0229, -0.0222, -0.0224, -0.0212, -0.0220, -0.0222, -0.0225, -0.0207, -0.0224, -0.0208, -0.0224, -0.0223, -0.0209, -0.0220, -0.0218, -0.0232, -0.0215, -0.0221, -0.0211, -0.0212, -0.0208, -0.0231, -0.0231, -0.0218, -0.0208, -0.0223, -0.0223, -0.0201, -0.0214, -0.0222, -0.0224, -0.0228, -0.0223, -0.0221, -0.0211, -0.0215, -0.0223, -0.0213, -0.0211, -0.0218, -0.0214, -0.0206, -0.0220, -0.0214, -0.0218, -0.0215, -0.0206, -0.0212, -0.0218, -0.0209, -0.0219, -0.0206, -0.0213, -0.0219, -0.0210, -0.0216, -0.0209, -0.0207, -0.0207, -0.0220, -0.0223, -0.0210, -0.0215, -0.0209, -0.0203, -0.0213, -0.0199, -0.0216, -0.0212, -0.0207, -0.0205, -0.0209, -0.0207, -0.0214, -0.0210, -0.0204, -0.0205, -0.0207, -0.0209, -0.0205, -0.0201, -0.0198, -0.0208, -0.0191, -0.0204, -0.0209, -0.0201, -0.0206, -0.0207, -0.0205, -0.0201, -0.0205, -0.0198, -0.0203, -0.0199, -0.0199, -0.0195, -0.0195, -0.0193, -0.0198, -0.0197, -0.0196, -0.0194, -0.0198, -0.0195, -0.0198, -0.0182, -0.0200, -0.0171, -0.0189, -0.0194, -0.0195, -0.0189, -0.0191, -0.0192, -0.0187, -0.0192, -0.0190, -0.0185, -0.0152, -0.0185, -0.0190, -0.0177, -0.0183, -0.0186, -0.0186, -0.0177, -0.0180, -0.0185, -0.0174, -0.0177, -0.0179, -0.0182, -0.0174, -0.0179, -0.0178, -0.0177, -0.0182, -0.0184, -0.0173, -0.0165, -0.0175, -0.0173, -0.0175, -0.0167, -0.0162, -0.0176, -0.0168, -0.0164, -0.0175, -0.0170, -0.0163, -0.0171, -0.0169, -0.0165, -0.0160, -0.0149, -0.0164, -0.0163, -0.0161, -0.0163, -0.0155, -0.0166, -0.0156, -0.0156, -0.0154, -0.0155, -0.0152, -0.0157, -0.0159, -0.0155, -0.0156, -0.0145, -0.0153, -0.0154, -0.0152, -0.0154, -0.0151, -0.0144, -0.0142, -0.0145, -0.0147, -0.0140, -0.0141, -0.0147, -0.0139, -0.0141, -0.0136, -0.0139, -0.0135, -0.0137, -0.0135, -0.0139, -0.0139, -0.0135, -0.0134, -0.0134, -0.0138, -0.0130, -0.0128, -0.0129, -0.0125, -0.0122, -0.0128, -0.0126, -0.0116, -0.0121, -0.0122, -0.0116, -0.0119, -0.0118, -0.0116, -0.0111, -0.0116, -0.0109, -0.0113, -0.0110, -0.0108, -0.0108, -0.0109, -0.0115, -0.0106, -0.0100, -0.0104, -0.0104, -0.0102, -0.0098, -0.0092, -0.0099, -0.0098, -0.0095, -0.0094, -0.0097, -0.0094, -0.0093, -0.0090, -0.0091, -0.0088, -0.0089, -0.0087, -0.0086, -0.0083, -0.0083, -0.0082, -0.0083, -0.0079, -0.0079, -0.0081, -0.0080, -0.0079, -0.0075, -0.0072, -0.0074, -0.0070, -0.0068, -0.0067, -0.0069, -0.0065, -0.0065, -0.0063, -0.0064, -0.0061, -0.0061, -0.0059, -0.0058, -0.0056, -0.0055, -0.0053, -0.0051, -0.0052, -0.0052, -0.0051, -0.0048, -0.0049, -0.0046, -0.0045, -0.0045, -0.0043, -0.0040, -0.0042, -0.0041, -0.0039, -0.0037, -0.0037, -0.0037, -0.0031, -0.0034, -0.0032, -0.0030, -0.0031, -0.0028, -0.0027, -0.0028, -0.0026, -0.0023, -0.0024, -0.0022, -0.0022, -0.0022, -0.0021, -0.0019, -0.0017, -0.0017, -0.0016, -0.0017, -0.0014, -0.0014, -0.0012, -0.0012, -0.0011, -0.0010, -0.0009, -0.0009, -0.0009, -0.0007, -0.0007, -0.0006, -0.0006, -0.0005, -0.0005, -0.0004, -0.0004, -0.0003, -0.0003, -0.0002, -0.0002, -0.0002, -0.0002, -0.0001, -0.0001, -0.0001, -0.0001, -0.0000, -0.0000, -0.0000, -0.0000, +0.0000, -0.0000]
                value_loss: [+0.0780, +0.0341, +0.0204, +0.0160, +0.0123, +0.0107, +0.0117, +0.0114, +0.0138, +0.0133, +0.0159, +0.0137, +0.0176, +0.0121, +0.0140, +0.0157, +0.0180, +0.0199, +0.0220, +0.0236, +0.0260, +0.0277, +0.0266, +0.0241, +0.0236, +0.0254, +0.0257, +0.0274, +0.0269, +0.0264, +0.0231, +0.0274, +0.0285, +0.0253, +0.0239, +0.0233, +0.0227, +0.0225, +0.0229, +0.0253, +0.0251, +0.0225, +0.0258, +0.0253, +0.0289, +0.0274, +0.0268, +0.0253, +0.0261, +0.0257, +0.0256, +0.0238, +0.0239, +0.0262, +0.0265, +0.0275, +0.0252, +0.0249, +0.0280, +0.0286, +0.0258, +0.0276, +0.0272, +0.0265, +0.0254, +0.0268, +0.0243, +0.0256, +0.0257, +0.0262, +0.0249, +0.0274, +0.0259, +0.0260, +0.0293, +0.0293, +0.0249, +0.0261, +0.0247, +0.0260, +0.0255, +0.0242, +0.0247, +0.0236, +0.0236, +0.0269, +0.0269, +0.0252, +0.0229, +0.0262, +0.0261, +0.0266, +0.0239, +0.0277, +0.0257, +0.0271, +0.0296, +0.0275, +0.0257, +0.0289, +0.0261, +0.0299, +0.0289, +0.0310, +0.0323, +0.0282, +0.0265, +0.0275, +0.0270, +0.0245, +0.0265, +0.0247, +0.0265, +0.0282, +0.0300, +0.0260, +0.0251, +0.0224, +0.0314, +0.0252, +0.0274, +0.0266, +0.0266, +0.0277, +0.0274, +0.0250, +0.0300, +0.0249, +0.0249, +0.0259, +0.0275, +0.0255, +0.0283, +0.0244, +0.0281, +0.0233, +0.0233, +0.0271, +0.0257, +0.0273, +0.0297, +0.0303, +0.0281, +0.0300, +0.0286, +0.0266, +0.0301, +0.0318, +0.0265, +0.0309, +0.0306, +0.0295, +0.0284, +0.0292, +0.0290, +0.0281, +0.0275, +0.0294, +0.0296, +0.0302, +0.0285, +0.0289, +0.0272, +0.0292, +0.0258, +0.0271, +0.0277, +0.0265, +0.0283, +0.0265, +0.0312, +0.0301, +0.0232, +0.0286, +0.0265, +0.0255, +0.0269, +0.0290, +0.0279, +0.0309, +0.0294, +0.0311, +0.0273, +0.0274, +0.0283, +0.0299, +0.0271, +0.0287, +0.0274, +0.0291, +0.0287, +0.0340, +0.0290, +0.0278, +0.0270, +0.0303, +0.0320, +0.0253, +0.0269, +0.0303, +0.0278, +0.0298, +0.0289, +0.0305, +0.0235, +0.0277, +0.0282, +0.0340, +0.0326, +0.0276, +0.0251, +0.0268, +0.0262, +0.0270, +0.0268, +0.0258, +0.0287, +0.0259, +0.0275, +0.0281, +0.0331, +0.0295, +0.0318, +0.0309, +0.0261, +0.0313, +0.0297, +0.0281, +0.0317, +0.0280, +0.0283, +0.0260, +0.0277, +0.0281, +0.0284, +0.0284, +0.0308, +0.0307, +0.0275, +0.0321, +0.0273, +0.0336, +0.0306, +0.0274, +0.0288, +0.0277, +0.0284, +0.0323, +0.0310, +0.0279, +0.0292, +0.0307, +0.0306, +0.0336, +0.0315, +0.0323, +0.0293, +0.0316, +0.0279, +0.0295, +0.0318, +0.0265, +0.0317, +0.0338, +0.0301, +0.0303, +0.0299, +0.0284, +0.0280, +0.0291, +0.0288, +0.0285, +0.0289, +0.0330, +0.0316, +0.0355, +0.0355, +0.0304, +0.0329, +0.0368, +0.0344, +0.0322, +0.0334, +0.0312, +0.0337, +0.0349, +0.0343, +0.0352, +0.0327, +0.0353, +0.0348, +0.0317, +0.0344, +0.0342, +0.0350, +0.0354, +0.0389, +0.0359, +0.0345, +0.0326, +0.0370, +0.0348, +0.0379, +0.0358, +0.0320, +0.0320, +0.0375, +0.0353, +0.0342, +0.0346, +0.0379, +0.0346, +0.0369, +0.0376, +0.0356, +0.0374, +0.0318, +0.0346, +0.0359, +0.0386, +0.0342, +0.0359, +0.0370, +0.0395, +0.0434, +0.0423, +0.0421, +0.0472, +0.0370, +0.0422, +0.0378, +0.0450, +0.0441, +0.0406, +0.0461, +0.0412, +0.0429, +0.0431, +0.0415, +0.0424, +0.0446, +0.0430, +0.0432, +0.0467, +0.0429, +0.0467, +0.0467, +0.0468, +0.0466, +0.0405, +0.0394, +0.0421, +0.0424, +0.0445, +0.0454, +0.0419, +0.0469, +0.0474, +0.0404, +0.0459, +0.0466, +0.0493, +0.0385, +0.0435, +0.0431, +0.0411, +0.0479, +0.0440, +0.0430, +0.0468, +0.0456, +0.0430, +0.0404, +0.0408, +0.0422, +0.0451, +0.0436, +0.0450, +0.0460, +0.0450, +0.0451, +0.0465, +0.0449, +0.0457, +0.0441, +0.0454, +0.0448, +0.0468, +0.0472, +0.0409, +0.0418, +0.0431, +0.0472, +0.0423, +0.0451, +0.0468, +0.0482, +0.0478, +0.0460, +0.0471, +0.0462, +0.0465, +0.0515, +0.0436, +0.0471, +0.0496, +0.0462, +0.0475, +0.0453, +0.0471, +0.0446, +0.0436, +0.0461, +0.0466, +0.0395, +0.0418, +0.0468, +0.0460, +0.0505, +0.0464, +0.0494, +0.0456, +0.0489, +0.0461, +0.0482, +0.0476, +0.0475, +0.0506, +0.0442, +0.0492, +0.0531, +0.0498, +0.0495, +0.0494, +0.0470, +0.0504, +0.0492, +0.0483, +0.0489, +0.0524, +0.0481, +0.0513, +0.0494, +0.0450, +0.0491, +0.0493, +0.0443, +0.0481, +0.0480, +0.0459, +0.0460, +0.0475, +0.0448, +0.0448, +0.0463, +0.0504, +0.0500, +0.0502, +0.0485, +0.0493, +0.0503, +0.0465, +0.0446, +0.0485, +0.0475, +0.0489, +0.0483, +0.0458, +0.0493, +0.0505, +0.0437, +0.0482, +0.0487, +0.0448, +0.0484, +0.0507, +0.0498, +0.0420, +0.0467, +0.0476, +0.0484, +0.0494, +0.0531, +0.0470, +0.0477, +0.0447, +0.0424, +0.0469, +0.0479, +0.0460, +0.0521, +0.0473, +0.0513, +0.0501, +0.0518, +0.0523, +0.0505, +0.0497, +0.0439, +0.0483, +0.0503, +0.0475, +0.0496, +0.0459, +0.0455, +0.0513, +0.0504, +0.0492, +0.0464, +0.0457, +0.0485, +0.0463, +0.0450, +0.0474, +0.0488, +0.0482, +0.0533, +0.0495, +0.0502, +0.0526, +0.0507, +0.0466, +0.0539, +0.0501, +0.0507, +0.0467, +0.0535, +0.0510, +0.0475, +0.0538, +0.0485, +0.0508, +0.0503, +0.0522, +0.0507, +0.0514, +0.0519, +0.0505, +0.0500, +0.0515, +0.0482, +0.0474, +0.0527, +0.0491, +0.0506, +0.0483, +0.0467, +0.0484, +0.0530, +0.0477, +0.0534, +0.0478, +0.0492, +0.0482, +0.0445, +0.0519, +0.0476, +0.0479, +0.0474, +0.0487, +0.0507, +0.0475, +0.0480, +0.0459, +0.0490, +0.0541, +0.0517, +0.0511, +0.0504, +0.0492, +0.0484, +0.0507, +0.0526, +0.0509, +0.0541, +0.0527, +0.0528, +0.0500, +0.0528, +0.0533, +0.0490, +0.0519, +0.0497, +0.0577, +0.0569, +0.0513, +0.0520, +0.0505, +0.0508, +0.0508, +0.0487, +0.0527, +0.0498, +0.0486, +0.0480, +0.0512, +0.0453, +0.0492, +0.0500, +0.0498, +0.0492, +0.0526, +0.0522, +0.0491, +0.0518, +0.0530, +0.0487, +0.0467, +0.0498, +0.0533, +0.0504, +0.0546, +0.0530, +0.0560, +0.0540, +0.0568, +0.0538, +0.0561, +0.0496, +0.0507, +0.0497, +0.0489, +0.0496, +0.0488, +0.0503, +0.0474, +0.0514, +0.0474, +0.0486, +0.0508, +0.0465, +0.0482, +0.0516, +0.0510, +0.0540, +0.0558, +0.0562, +0.0518, +0.0503, +0.0528, +0.0540, +0.0531, +0.0503, +0.0541, +0.0471, +0.0497, +0.0526, +0.0460, +0.0483, +0.0509, +0.0470, +0.0516, +0.0488, +0.0488, +0.0513, +0.0533, +0.0499, +0.0510, +0.0516, +0.0493, +0.0513, +0.0518, +0.0534, +0.0505, +0.0528, +0.0495, +0.0480, +0.0539, +0.0486, +0.0502, +0.0519, +0.0534, +0.0492, +0.0508, +0.0539, +0.0529, +0.0528, +0.0553, +0.0540, +0.0540, +0.0565, +0.0508, +0.0507, +0.0558, +0.0494, +0.0511, +0.0536, +0.0520, +0.0480, +0.0556, +0.0534, +0.0483, +0.0513, +0.0507, +0.0527, +0.0508, +0.0539, +0.0552, +0.0507, +0.0551, +0.0570, +0.0543, +0.0483, +0.0524, +0.0535, +0.0531, +0.0539, +0.0528, +0.0490, +0.0517, +0.0508, +0.0522, +0.0498, +0.0504, +0.0527, +0.0502, +0.0515, +0.0518, +0.0527, +0.0530, +0.0520, +0.0530, +0.0465, +0.0477, +0.0496, +0.0527, +0.0485, +0.0454, +0.0499, +0.0501, +0.0482, +0.0493, +0.0536, +0.0537, +0.0530, +0.0517, +0.0571, +0.0478, +0.0495, +0.0523, +0.0518, +0.0484, +0.0535, +0.0510, +0.0480, +0.0553, +0.0479, +0.0554, +0.0513, +0.0562, +0.0485, +0.0536, +0.0548, +0.0481, +0.0529, +0.0507, +0.0506, +0.0524, +0.0548, +0.0535, +0.0535, +0.0575, +0.0538, +0.0571, +0.0543, +0.0510, +0.0523, +0.0575, +0.0543, +0.0480, +0.0534, +0.0529, +0.0512, +0.0575, +0.0521, +0.0557, +0.0502, +0.0532, +0.0548, +0.0542, +0.0556, +0.0543, +0.0507, +0.0527, +0.0557, +0.0555, +0.0570, +0.0505, +0.0514, +0.0616, +0.0556, +0.0606, +0.0563, +0.0545, +0.0507, +0.0589, +0.0540, +0.0487, +0.0564, +0.0568, +0.0535, +0.0547, +0.0514, +0.0511, +0.0551, +0.0553, +0.0553, +0.0549, +0.0553, +0.0577, +0.0603, +0.0601, +0.0543, +0.0550, +0.0528, +0.0594, +0.0572, +0.0505, +0.0536, +0.0592, +0.0572, +0.0606, +0.0502, +0.0587, +0.0591, +0.0553, +0.0508, +0.0506, +0.0525, +0.0492, +0.0566, +0.0541, +0.0630, +0.0488, +0.0517, +0.0591, +0.0579, +0.0507, +0.0591, +0.0558, +0.0561, +0.0452, +0.0541, +0.0521, +0.0585, +0.0558, +0.0556, +0.0574, +0.0551, +0.0606, +0.0568, +0.0583, +0.0564, +0.0628, +0.0553, +0.0547, +0.0544, +0.0530, +0.0584, +0.0665, +0.0608, +0.0628, +0.0570, +0.0542, +0.0567, +0.0610, +0.0564, +0.0544, +0.0586, +0.0592, +0.0590, +0.0590, +0.0531, +0.0544, +0.0484, +0.0568, +0.0600, +0.0518, +0.0566, +0.0591, +0.0576, +0.0565, +0.0586, +0.0576, +0.0594, +0.0569, +0.0578, +0.0578, +0.0566, +0.0578, +0.0548, +0.0588, +0.0601, +0.0610, +0.0554, +0.0613, +0.0629, +0.0553, +0.0604, +0.0596, +0.0604, +0.0581, +0.0583, +0.0525, +0.0589, +0.0604, +0.0565, +0.0614, +0.0558, +0.0623, +0.0609, +0.0597, +0.0554, +0.0606, +0.0595]
                   entropy: [+2.2734, +2.2623, +2.2161, +2.1516, +2.0853, +2.0192, +1.9917, +2.0114, +2.0029, +1.9535, +1.9021, +1.9098, +1.8895, +1.8437, +1.8024, +1.7941, +1.7826, +1.7683, +1.7521, +1.7365, +1.6868, +1.6645, +1.6401, +1.6399, +1.6098, +1.5737, +1.5590, +1.5447, +1.4944, +1.4620, +1.4611, +1.4704, +1.4459, +1.4080, +1.4500, +1.4524, +1.4116, +1.4021, +1.3930, +1.4116, +1.3894, +1.3595, +1.3423, +1.3413, +1.3756, +1.3490, +1.3567, +1.3524, +1.3495, +1.3290, +1.3230, +1.3323, +1.3255, +1.2955, +1.2903, +1.2809, +1.3055, +1.2750, +1.3021, +1.3154, +1.3340, +1.3263, +1.3010, +1.3093, +1.2805, +1.2699, +1.3000, +1.2983, +1.3062, +1.3062, +1.3407, +1.3047, +1.2618, +1.2380, +1.2481, +1.2557, +1.2696, +1.2667, +1.2239, +1.2331, +1.2546, +1.2385, +1.2682, +1.2599, +1.2367, +1.2596, +1.2274, +1.2043, +1.2090, +1.2076, +1.2205, +1.1934, +1.1891, +1.1903, +1.1817, +1.1954, +1.2258, +1.2332, +1.2112, +1.1967, +1.1929, +1.2031, +1.1786, +1.1889, +1.1865, +1.2017, +1.1725, +1.1832, +1.1524, +1.1625, +1.1559, +1.1904, +1.1669, +1.2163, +1.2575, +1.1960, +1.1638, +1.1778, +1.1532, +1.1616, +1.1592, +1.1588, +1.1901, +1.2154, +1.2055, +1.1757, +1.1517, +1.1703, +1.1705, +1.1522, +1.2114, +1.1670, +1.1537, +1.1606, +1.1865, +1.1544, +1.1466, +1.1745, +1.1643, +1.2166, +1.1996, +1.1591, +1.1683, +1.1325, +1.1325, +1.1432, +1.1285, +1.1155, +1.1278, +1.1590, +1.1962, +1.1505, +1.0940, +1.1305, +1.1411, +1.1083, +1.1358, +1.0953, +1.1159, +1.1060, +1.0977, +1.0810, +1.1046, +1.0719, +1.0806, +1.1017, +1.1162, +1.1052, +1.1167, +1.1226, +1.0860, +1.1247, +1.0856, +1.1123, +1.0860, +1.1180, +1.1164, +1.1475, +1.1269, +1.1274, +1.1070, +1.1198, +1.1331, +1.1187, +1.1569, +1.1295, +1.1054, +1.1076, +1.0972, +1.1042, +1.0992, +1.1162, +1.0801, +1.1127, +1.0704, +1.0364, +1.0643, +1.0520, +1.0509, +1.0686, +1.0545, +1.0555, +1.0381, +1.0306, +1.0576, +1.0812, +1.0512, +1.0745, +1.0908, +1.0472, +1.0530, +1.0785, +1.0548, +1.0509, +1.0444, +1.0454, +1.0181, +1.0222, +1.0165, +1.0249, +1.0281, +1.0208, +1.0333, +1.0189, +1.0360, +1.0953, +1.0850, +1.0862, +1.0872, +1.0956, +1.0816, +1.0771, +1.0852, +1.1087, +1.0893, +1.0936, +1.0909, +1.1152, +1.0721, +1.0875, +1.1034, +1.0978, +1.1193, +1.1193, +1.0852, +1.0956, +1.0956, +1.0713, +1.0858, +1.0841, +1.0895, +1.0893, +1.0824, +1.1115, +1.0946, +1.1189, +1.1221, +1.0817, +1.1128, +1.1202, +1.1303, +1.0955, +1.1207, +1.1262, +1.1369, +1.1190, +1.1194, +1.1026, +1.1096, +1.0881, +1.0901, +1.0964, +1.1092, +1.0918, +1.1091, +1.1087, +1.1211, +1.1080, +1.0709, +1.0686, +1.0780, +1.0907, +1.0730, +1.0523, +1.0720, +1.0606, +1.0601, +1.0591, +1.0679, +1.0689, +1.0627, +1.0445, +1.0627, +1.0432, +1.0861, +1.0494, +1.0126, +1.0330, +1.0246, +1.0329, +1.0547, +1.0333, +1.0193, +1.0572, +1.0284, +1.0214, +1.0316, +1.0136, +1.0186, +1.0240, +1.0267, +1.0252, +1.0100, +1.0187, +0.9934, +0.9944, +0.9965, +0.9888, +0.9963, +1.0078, +1.0197, +1.0304, +1.0070, +1.0366, +1.0443, +0.9965, +1.0270, +1.0130, +1.0065, +1.0317, +1.0229, +1.0145, +1.0103, +1.0277, +1.0341, +1.0173, +1.0099, +0.9998, +1.0219, +1.0101, +1.0003, +0.9783, +1.0055, +1.0112, +0.9923, +0.9804, +0.9998, +0.9920, +0.9799, +0.9714, +0.9885, +0.9890, +0.9801, +1.0010, +0.9850, +1.0074, +0.9883, +1.0020, +1.0042, +0.9721, +0.9962, +0.9972, +1.0089, +0.9796, +0.9589, +0.9571, +0.9836, +0.9573, +0.9540, +0.9524, +0.9494, +0.9817, +0.9758, +0.9637, +0.9505, +0.9357, +0.9535, +0.9408, +0.9220, +0.9198, +0.9182, +0.9253, +0.9416, +0.9289, +0.9347, +0.8909, +0.9047, +0.9043, +0.9188, +0.9169, +0.9377, +0.9455, +0.9455, +0.9384, +0.9441, +0.9499, +0.9415, +0.9128, +0.9562, +0.9351, +0.9260, +0.9389, +0.9054, +0.9124, +0.9010, +0.9078, +0.9134, +0.9037, +0.9166, +0.9135, +0.9108, +0.9109, +0.9108, +0.9211, +0.8958, +0.8902, +0.9209, +0.8874, +0.9279, +0.9335, +0.9262, +0.9266, +0.9313, +0.9529, +0.9333, +0.8907, +0.8905, +0.9128, +0.9235, +0.9299, +0.9379, +0.9247, +0.9191, +0.9203, +0.9202, +0.9132, +0.9127, +0.8944, +0.8876, +0.9113, +0.8946, +0.8763, +0.8997, +0.8781, +0.8946, +0.8780, +0.8879, +0.8917, +0.8727, +0.8714, +0.8871, +0.8698, +0.8776, +0.8955, +0.8727, +0.8989, +0.8910, +0.9099, +0.8775, +0.8821, +0.8747, +0.8813, +0.8763, +0.8872, +0.8766, +0.8775, +0.8957, +0.8808, +0.8723, +0.8818, +0.8929, +0.8588, +0.8710, +0.8821, +0.9205, +0.8858, +0.8596, +0.8768, +0.8769, +0.8774, +0.9037, +0.8898, +0.8730, +0.8889, +0.8940, +0.8684, +0.8941, +0.9015, +0.8679, +0.8748, +0.8951, +0.8655, +0.8759, +0.8759, +0.8770, +0.9000, +0.8905, +0.8997, +0.8865, +0.8755, +0.8978, +0.9093, +0.8967, +0.8926, +0.8719, +0.8689, +0.8528, +0.8324, +0.8611, +0.8719, +0.8686, +0.8623, +0.8732, +0.8516, +0.8699, +0.8847, +0.8428, +0.8422, +0.8566, +0.8322, +0.8393, +0.8278, +0.8388, +0.8458, +0.8432, +0.8566, +0.8341, +0.8408, +0.8430, +0.8492, +0.8278, +0.8178, +0.8409, +0.8291, +0.8433, +0.8350, +0.8371, +0.8425, +0.8413, +0.8324, +0.8516, +0.8329, +0.8396, +0.8111, +0.8296, +0.8301, +0.8202, +0.8303, +0.8279, +0.8607, +0.8344, +0.8254, +0.8440, +0.8170, +0.8095, +0.8287, +0.8281, +0.8363, +0.8105, +0.8392, +0.8239, +0.8204, +0.8546, +0.8248, +0.8077, +0.8088, +0.7939, +0.8090, +0.8113, +0.8231, +0.8046, +0.8004, +0.8059, +0.7768, +0.8213, +0.8205, +0.8016, +0.7919, +0.7927, +0.7917, +0.7957, +0.8137, +0.8087, +0.8213, +0.8128, +0.8036, +0.7944, +0.8050, +0.8116, +0.8171, +0.7988, +0.8062, +0.8098, +0.7929, +0.7906, +0.8055, +0.7992, +0.8255, +0.7926, +0.7934, +0.7934, +0.8010, +0.7696, +0.7834, +0.7872, +0.7967, +0.7849, +0.8076, +0.7863, +0.8049, +0.7965, +0.7912, +0.7953, +0.7852, +0.7917, +0.7944, +0.7900, +0.7829, +0.7813, +0.7850, +0.7903, +0.7779, +0.7809, +0.7658, +0.7656, +0.7743, +0.8058, +0.7893, +0.7662, +0.7678, +0.7591, +0.7736, +0.7866, +0.7544, +0.7842, +0.7956, +0.8013, +0.7901, +0.7612, +0.7751, +0.7712, +0.7831, +0.7819, +0.7807, +0.7943, +0.7883, +0.7752, +0.7768, +0.7888, +0.7873, +0.7777, +0.7791, +0.7649, +0.7696, +0.7767, +0.7966, +0.7813, +0.7648, +0.7647, +0.7604, +0.7787, +0.7813, +0.7768, +0.8032, +0.7804, +0.7694, +0.7770, +0.7820, +0.7794, +0.7669, +0.7488, +0.7459, +0.7609, +0.7594, +0.7633, +0.7679, +0.7554, +0.7612, +0.7592, +0.7573, +0.7622, +0.7576, +0.7524, +0.7591, +0.7500, +0.7664, +0.7502, +0.7427, +0.7402, +0.7460, +0.7438, +0.7347, +0.7357, +0.7381, +0.7349, +0.7574, +0.7446, +0.7285, +0.7249, +0.7490, +0.7502, +0.7324, +0.7290, +0.7362, +0.7353, +0.7270, +0.7374, +0.7207, +0.7188, +0.7446, +0.7221, +0.7241, +0.7150, +0.7277, +0.7623, +0.7348, +0.7206, +0.7230, +0.7156, +0.7233, +0.7059, +0.7026, +0.7274, +0.7206, +0.7252, +0.7066, +0.7168, +0.7025, +0.7271, +0.7059, +0.7188, +0.7130, +0.7211, +0.7201, +0.7055, +0.7047, +0.7307, +0.7195, +0.7232, +0.7124, +0.6961, +0.7094, +0.6999, +0.7201, +0.7135, +0.7071, +0.7189, +0.7075, +0.6915, +0.6825, +0.7049, +0.7025, +0.7087, +0.7015, +0.7053, +0.6989, +0.7017, +0.7068, +0.6984, +0.6886, +0.7010, +0.7086, +0.6930, +0.6844, +0.6889, +0.6882, +0.6917, +0.6938, +0.6950, +0.6921, +0.7004, +0.7006, +0.6966, +0.6983, +0.6688, +0.6794, +0.6779, +0.6779, +0.6690, +0.6878, +0.6757, +0.6940, +0.6824, +0.6632, +0.7049, +0.6818, +0.6707, +0.6793, +0.6692, +0.6728, +0.6773, +0.6730, +0.6792, +0.6795, +0.6772, +0.6906, +0.6751, +0.6545, +0.6558, +0.6605, +0.6692, +0.6718, +0.6634, +0.6721, +0.6773, +0.6638, +0.6630, +0.6659, +0.6570, +0.6753, +0.6778, +0.6805, +0.6608, +0.6776, +0.6733, +0.6775, +0.6780, +0.6559, +0.6571, +0.6527, +0.6620, +0.6534, +0.6560, +0.6579, +0.6670, +0.6584, +0.6734, +0.6791, +0.6747, +0.6549, +0.6571, +0.6557, +0.6735, +0.6671, +0.6586, +0.6517, +0.6795, +0.6702, +0.6833, +0.6533, +0.6729, +0.6693, +0.6606, +0.6486, +0.6646, +0.6618, +0.6689, +0.6617, +0.6553, +0.6686, +0.6658, +0.6690, +0.6710, +0.6591, +0.6650, +0.6699, +0.6654, +0.6629, +0.6727, +0.6573, +0.6700, +0.6788, +0.6646, +0.6617, +0.6610, +0.6651, +0.6664, +0.6629, +0.6570, +0.6596, +0.6551, +0.6597, +0.6532, +0.6677, +0.6626, +0.6667, +0.6625, +0.6586, +0.6695, +0.6543, +0.6659, +0.6716, +0.6494, +0.6540, +0.6682, +0.6707, +0.6714, +0.6807, +0.6612, +0.6562, +0.6551, +0.6688, +0.6646, +0.6679, +0.6571, +0.6640, +0.6758, +0.6600, +0.6668, +0.6504, +0.6676, +0.6706, +0.6671, +0.6575, +0.6561, +0.6552, +0.6621, +0.6529, +0.6550, +0.6709, +0.6650, +0.6578, +0.6665, +0.6548, +0.6721]
                entropy_t0: [+0.0000, +0.0000, +0.0000, +0.0000, +0.0000, +0.0000, +0.0000, +0.0000, +0.0000, +0.0000, +0.0000, +0.0000, +0.0000, +0.0000, +0.0000, +0.0000, +0.0000, +0.0000, +0.0000, +0.0000, +0.0000, +0.0000, +0.0000, +0.0000, +0.0000, +0.0000, +0.0000, +0.0000, +0.0000, +0.0000, +0.0000, +0.0000, +0.0000, +0.0000, +0.0000, +0.0000, +0.0000, +0.0000, +0.0000, +0.0000, +0.0000, +0.0000, +0.0000, +0.0000, +0.0000, +0.0000, +0.0000, +0.0000, +0.0000, +0.0000, +0.0000, +0.0000, +0.0000, +0.0000, +0.0000, +0.0000, +0.0000, +0.0000, +0.0000, +0.0000, +0.0000, +0.0000, +0.0000, +0.0000, +0.0000, +0.0000, +0.0000, +0.0000, +0.0000, +0.0000, +0.0000, +0.0000, +0.0000, +0.0000, +0.0000, +0.0000, +0.0000, +0.0000, +0.0000, +0.0000, +0.0000, +0.0000, +0.0000, +0.0000, +0.0000, +0.0000, +0.0000, +0.0000, +0.0000, +0.0000, +0.0000, +0.0000, +0.0000, +0.0000, +0.0000, +0.0000, +0.0000, +0.0000, +0.0000, +0.0000, +0.0000, +0.0000, +0.0000, +0.0000, +0.0000, +0.0000, +0.0000, +0.0000, +0.0000, +0.0000, +0.0000, +0.0000, +0.0000, +0.0000, +0.0000, +0.0000, +0.0000, +0.0000, +0.0000, +0.0000, +0.0000, +0.0000, +0.0000, +0.0000, +0.0000, +0.0000, +0.0000, +0.0000, +0.0000, +0.0000, +0.0000, +0.0000, +0.0000, +0.0000, +0.0000, +0.0000, +0.0000, +0.0000, +0.0000, +0.0000, +0.0000, +0.0000, +0.0000, +0.0000, +0.0000, +0.0000, +0.0000, +0.0000, +0.0000, +0.0000, +0.0000, +0.0000, +0.0000, +0.0000, +0.0000, +0.0000, +0.0000, +0.0000, +0.0000, +0.0000, +0.0000, +0.0000, +0.0000, +0.0000, +0.0000, +0.0000, +0.0000, +0.0000, +0.0000, +0.0000, +0.0000, +0.0000, +0.0000, +0.0000, +0.0000, +0.0000, +0.0000, +0.0000, +0.0000, +0.0000, +0.0000, +0.0000, +0.0000, +0.0000, +0.0000, +0.0000, +0.0000, +0.0000, +0.0000, +0.0000, +0.0000, +0.0000, +0.0000, +0.0000, +0.0000, +0.0000, +0.0000, +0.0000, +0.0000, +0.0000, +0.0000, +0.0000, +0.0000, +0.0000, +0.0000, +0.0000, +0.0000, +0.0000, +0.0000, +0.0000, +0.0000, +0.0000, +0.0000, +0.0000, +0.0000, +0.0000, +0.0000, +0.0000, +0.0000, +0.0000, +0.0000, +0.0000, +0.0000, +0.0000, +0.0000, +0.0000, +0.0000, +0.0000, +0.0000, +0.0000, +0.0000, +0.0000, +0.0000, +0.0000, +0.0000, +0.0000, +0.0000, +0.0000, +0.0000, +0.0000, +0.0000, +0.0000, +0.0000, +0.0000, +0.0000, +0.0000, +0.0000, +0.0000, +0.0000, +0.0000, +0.0000, +0.0000, +0.0000, +0.0000, +0.0000, +0.0000, +0.0000, +0.0000, +0.0000, +0.0000, +0.0000, +0.0000, +0.0000, +0.0000, +0.0000, +0.0000, +0.0000, +0.0000, +0.0000, +0.0000, +0.0000, +0.0000, +0.0000, +0.0000, +0.0000, +0.0000, +0.0000, +0.0000, +0.0000, +0.0000, +0.0000, +0.0000, +0.0000, +0.0000, +0.0000, +0.0000, +0.0000, +0.0000, +0.0000, +0.0000, +0.0000, +0.0000, +0.0000, +0.0000, +0.0000, +0.0000, +0.0000, +0.0000, +0.0000, +0.0000, +0.0000, +0.0000, +0.0000, +0.0000, +0.0000, +0.0000, +0.0000, +0.0000, +0.0000, +0.0000, +0.0000, +0.0000, +0.0000, +0.0000, +0.0000, +0.0000, +0.0000, +0.0000, +0.0000, +0.0000, +0.0000, +0.0000, +0.0000, +0.0000, +0.0000, +0.0000, +0.0000, +0.0000, +0.0000, +0.0000, +0.0000, +0.0000, +0.0000, +0.0000, +0.0000, +0.0000, +0.0000, +0.0000, +0.0000, +0.0000, +0.0000, +0.0000, +0.0000, +0.0000, +0.0000, +0.0000, +0.0000, +0.0000, +0.0000, +0.0000, +0.0000, +0.0000, +0.0000, +0.0000, +0.0000, +0.0000, +0.0000, +0.0000, +0.0000, +0.0000, +0.0000, +0.0000, +0.0000, +0.0000, +0.0000, +0.0000, +0.0000, +0.0000, +0.0000, +0.0000, +0.0000, +0.0000, +0.0000, +0.0000, +0.0000, +0.0000, +0.0000, +0.0000, +0.0000, +0.0000, +0.0000, +0.0000, +0.0000, +0.0000, +0.0000, +0.0000, +0.0000, +0.0000, +0.0000, +0.0000, +0.0000, +0.0000, +0.0000, +0.0000, +0.0000, +0.0000, +0.0000, +0.0000, +0.0000, +0.0000, +0.0000, +0.0000, +0.0000, +0.0000, +0.0000, +0.0000, +0.0000, +0.0000, +0.0000, +0.0000, +0.0000, +0.0000, +0.0000, +0.0000, +0.0000, +0.0000, +0.0000, +0.0000, +0.0000, +0.0000, +0.0000, +0.0000, +0.0000, +0.0000, +0.0000, +0.0000, +0.0000, +0.0000, +0.0000, +0.0000, +0.0000, +0.0000, +0.0000, +0.0000, +0.0000, +0.0000, +0.0000, +0.0000, +0.0000, +0.0000, +0.0000, +0.0000, +0.0000, +0.0000, +0.0000, +0.0000, +0.0000, +0.0000, +0.0000, +0.0000, +0.0000, +0.0000, +0.0000, +0.0000, +0.0000, +0.0000, +0.0000, +0.0000, +0.0000, +0.0000, +0.0000, +0.0000, +0.0000, +0.0000, +0.0000, +0.0000, +0.0000, +0.0000, +0.0000, +0.0000, +0.0000, +0.0000, +0.0000, +0.0000, +0.0000, +0.0000, +0.0000, +0.0000, +0.0000, +0.0000, +0.0000, +0.0000, +0.0000, +0.0000, +0.0000, +0.0000, +0.0000, +0.0000, +0.0000, +0.0000, +0.0000, +0.0000, +0.0000, +0.0000, +0.0000, +0.0000, +0.0000, +0.0000, +0.0000, +0.0000, +0.0000, +0.0000, +0.0000, +0.0000, +0.0000, +0.0000, +0.0000, +0.0000, +0.0000, +0.0000, +0.0000, +0.0000, +0.0000, +0.0000, +0.0000, +0.0000, +0.0000, +0.0000, +0.0000, +0.0000, +0.0000, +0.0000, +0.0000, +0.0000, +0.0000, +0.0000, +0.0000, +0.0000, +0.0000, +0.0000, +0.0000, +0.0000, +0.0000, +0.0000, +0.0000, +0.0000, +0.0000, +0.0000, +0.0000, +0.0000, +0.0000, +0.0000, +0.0000, +0.0000, +0.0000, +0.0000, +0.0000, +0.0000, +0.0000, +0.0000, +0.0000, +0.0000, +0.0000, +0.0000, +0.0000, +0.0000, +0.0000, +0.0000, +0.0000, +0.0000, +0.0000, +0.0000, +0.0000, +0.0000, +0.0000, +0.0000, +0.0000, +0.0000, +0.0000, +0.0000, +0.0000, +0.0000, +0.0000, +0.0000, +0.0000, +0.0000, +0.0000, +0.0000, +0.0000, +0.0000, +0.0000, +0.0000, +0.0000, +0.0000, +0.0000, +0.0000, +0.0000, +0.0000, +0.0000, +0.0000, +0.0000, +0.0000, +0.0000, +0.0000, +0.0000, +0.0000, +0.0000, +0.0000, +0.0000, +0.0000, +0.0000, +0.0000, +0.0000, +0.0000, +0.0000, +0.0000, +0.0000, +0.0000, +0.0000, +0.0000, +0.0000, +0.0000, +0.0000, +0.0000, +0.0000, +0.0000, +0.0000, +0.0000, +0.0000, +0.0000, +0.0000, +0.0000, +0.0000, +0.0000, +0.0000, +0.0000, +0.0000, +0.0000, +0.0000, +0.0000, +0.0000, +0.0000, +0.0000, +0.0000, +0.0000, +0.0000, +0.0000, +0.0000, +0.0000, +0.0000, +0.0000, +0.0000, +0.0000, +0.0000, +0.0000, +0.0000, +0.0000, +0.0000, +0.0000, +0.0000, +0.0000, +0.0000, +0.0000, +0.0000, +0.0000, +0.0000, +0.0000, +0.0000, +0.0000, +0.0000, +0.0000, +0.0000, +0.0000, +0.0000, +0.0000, +0.0000, +0.0000, +0.0000, +0.0000, +0.0000, +0.0000, +0.0000, +0.0000, +0.0000, +0.0000, +0.0000, +0.0000, +0.0000, +0.0000, +0.0000, +0.0000, +0.0000, +0.0000, +0.0000, +0.0000, +0.0000, +0.0000, +0.0000, +0.0000, +0.0000, +0.0000, +0.0000, +0.0000, +0.0000, +0.0000, +0.0000, +0.0000, +0.0000, +0.0000, +0.0000, +0.0000, +0.0000, +0.0000, +0.0000, +0.0000, +0.0000, +0.0000, +0.0000, +0.0000, +0.0000, +0.0000, +0.0000, +0.0000, +0.0000, +0.0000, +0.0000, +0.0000, +0.0000, +0.0000, +0.0000, +0.0000, +0.0000, +0.0000, +0.0000, +0.0000, +0.0000, +0.0000, +0.0000, +0.0000, +0.0000, +0.0000, +0.0000, +0.0000, +0.0000, +0.0000, +0.0000, +0.0000, +0.0000, +0.0000, +0.0000, +0.0000, +0.0000, +0.0000, +0.0000, +0.0000, +0.0000, +0.0000, +0.0000, +0.0000, +0.0000, +0.0000, +0.0000, +0.0000, +0.0000, +0.0000, +0.0000, +0.0000, +0.0000, +0.0000, +0.0000, +0.0000, +0.0000, +0.0000, +0.0000, +0.0000, +0.0000, +0.0000, +0.0000, +0.0000, +0.0000, +0.0000, +0.0000, +0.0000, +0.0000, +0.0000, +0.0000, +0.0000, +0.0000, +0.0000, +0.0000, +0.0000, +0.0000, +0.0000, +0.0000, +0.0000, +0.0000, +0.0000, +0.0000, +0.0000, +0.0000, +0.0000, +0.0000, +0.0000, +0.0000, +0.0000, +0.0000, +0.0000, +0.0000, +0.0000, +0.0000, +0.0000, +0.0000, +0.0000, +0.0000, +0.0000, +0.0000, +0.0000, +0.0000, +0.0000, +0.0000, +0.0000, +0.0000, +0.0000, +0.0000, +0.0000, +0.0000, +0.0000, +0.0000, +0.0000, +0.0000, +0.0000, +0.0000, +0.0000, +0.0000, +0.0000, +0.0000, +0.0000, +0.0000, +0.0000, +0.0000, +0.0000, +0.0000, +0.0000, +0.0000, +0.0000, +0.0000, +0.0000, +0.0000, +0.0000, +0.0000, +0.0000, +0.0000, +0.0000, +0.0000, +0.0000, +0.0000, +0.0000, +0.0000, +0.0000, +0.0000, +0.0000, +0.0000, +0.0000, +0.0000, +0.0000, +0.0000, +0.0000, +0.0000, +0.0000, +0.0000, +0.0000, +0.0000, +0.0000, +0.0000, +0.0000, +0.0000, +0.0000, +0.0000, +0.0000, +0.0000, +0.0000, +0.0000, +0.0000, +0.0000, +0.0000, +0.0000, +0.0000, +0.0000, +0.0000, +0.0000, +0.0000, +0.0000, +0.0000, +0.0000, +0.0000, +0.0000, +0.0000, +0.0000, +0.0000, +0.0000, +0.0000, +0.0000, +0.0000, +0.0000, +0.0000, +0.0000, +0.0000, +0.0000, +0.0000, +0.0000, +0.0000, +0.0000, +0.0000, +0.0000, +0.0000, +0.0000, +0.0000, +0.0000, +0.0000, +0.0000, +0.0000, +0.0000, +0.0000, +0.0000, +0.0000]
              entropy_tge1: [+2.3021, +2.2889, +2.2376, +2.1764, +2.1078, +2.0423, +2.0132, +2.0344, +2.0268, +1.9758, +1.9248, +1.9320, +1.9122, +1.8645, +1.8230, +1.8152, +1.8051, +1.7905, +1.7743, +1.7592, +1.7092, +1.6883, +1.6638, +1.6635, +1.6333, +1.5979, +1.5840, +1.5716, +1.5217, +1.4899, +1.4871, +1.4988, +1.4771, +1.4386, +1.4804, +1.4830, +1.4409, +1.4307, +1.4226, +1.4416, +1.4191, +1.3873, +1.3706, +1.3717, +1.4048, +1.3788, +1.3869, +1.3816, +1.3784, +1.3614, +1.3534, +1.3630, +1.3544, +1.3249, +1.3216, +1.3129, +1.3361, +1.3050, +1.3317, +1.3459, +1.3641, +1.3566, +1.3307, +1.3400, +1.3097, +1.2993, +1.3278, +1.3270, +1.3371, +1.3369, +1.3700, +1.3356, +1.2931, +1.2669, +1.2780, +1.2864, +1.2992, +1.2975, +1.2548, +1.2619, +1.2828, +1.2669, +1.2959, +1.2881, +1.2662, +1.2886, +1.2575, +1.2339, +1.2381, +1.2361, +1.2488, +1.2220, +1.2172, +1.2191, +1.2125, +1.2256, +1.2548, +1.2626, +1.2398, +1.2258, +1.2224, +1.2326, +1.2078, +1.2167, +1.2154, +1.2308, +1.2014, +1.2115, +1.1825, +1.1911, +1.1842, +1.2187, +1.1969, +1.2451, +1.2852, +1.2253, +1.1923, +1.2052, +1.1820, +1.1914, +1.1869, +1.1869, +1.2195, +1.2447, +1.2335, +1.2055, +1.1801, +1.1973, +1.1993, +1.1820, +1.2390, +1.1947, +1.1821, +1.1901, +1.2162, +1.1843, +1.1757, +1.2034, +1.1943, +1.2452, +1.2288, +1.1884, +1.1971, +1.1618, +1.1627, +1.1711, +1.1559, +1.1437, +1.1551, +1.1856, +1.2245, +1.1787, +1.1225, +1.1589, +1.1695, +1.1375, +1.1631, +1.1231, +1.1445, +1.1341, +1.1253, +1.1094, +1.1324, +1.1003, +1.1082, +1.1297, +1.1445, +1.1325, +1.1442, +1.1513, +1.1146, +1.1521, +1.1140, +1.1410, +1.1140, +1.1457, +1.1439, +1.1761, +1.1558, +1.1563, +1.1351, +1.1466, +1.1605, +1.1481, +1.1851, +1.1581, +1.1344, +1.1365, +1.1265, +1.1333, +1.1282, +1.1437, +1.1081, +1.1401, +1.0991, +1.0644, +1.0917, +1.0792, +1.0782, +1.0954, +1.0820, +1.0827, +1.0662, +1.0583, +1.0852, +1.1084, +1.0784, +1.1016, +1.1173, +1.0748, +1.0802, +1.1060, +1.0819, +1.0781, +1.0718, +1.0728, +1.0467, +1.0498, +1.0433, +1.0515, +1.0557, +1.0476, +1.0596, +1.0458, +1.0622, +1.1220, +1.1114, +1.1144, +1.1158, +1.1239, +1.1095, +1.1068, +1.1149, +1.1369, +1.1189, +1.1232, +1.1192, +1.1433, +1.1007, +1.1162, +1.1312, +1.1262, +1.1477, +1.1481, +1.1132, +1.1237, +1.1228, +1.0999, +1.1151, +1.1136, +1.1184, +1.1183, +1.1112, +1.1400, +1.1245, +1.1480, +1.1520, +1.1111, +1.1408, +1.1498, +1.1589, +1.1249, +1.1511, +1.1574, +1.1660, +1.1484, +1.1497, +1.1327, +1.1395, +1.1183, +1.1195, +1.1266, +1.1386, +1.1216, +1.1384, +1.1386, +1.1506, +1.1378, +1.1007, +1.0976, +1.1074, +1.1192, +1.1028, +1.0827, +1.1006, +1.0903, +1.0893, +1.0884, +1.0977, +1.0985, +1.0926, +1.0735, +1.0920, +1.0724, +1.1141, +1.0791, +1.0431, +1.0629, +1.0541, +1.0621, +1.0826, +1.0623, +1.0487, +1.0854, +1.0570, +1.0503, +1.0608, +1.0432, +1.0481, +1.0543, +1.0551, +1.0537, +1.0387, +1.0468, +1.0219, +1.0242, +1.0261, +1.0185, +1.0259, +1.0372, +1.0477, +1.0598, +1.0378, +1.0669, +1.0739, +1.0260, +1.0582, +1.0438, +1.0361, +1.0599, +1.0528, +1.0452, +1.0420, +1.0579, +1.0643, +1.0475, +1.0400, +1.0308, +1.0520, +1.0413, +1.0315, +1.0100, +1.0352, +1.0405, +1.0223, +1.0121, +1.0302, +1.0209, +1.0117, +1.0029, +1.0196, +1.0204, +1.0119, +1.0315, +1.0157, +1.0382, +1.0182, +1.0327, +1.0361, +1.0039, +1.0273, +1.0285, +1.0391, +1.0121, +0.9904, +0.9886, +1.0140, +0.9878, +0.9838, +0.9829, +0.9805, +1.0133, +1.0070, +0.9944, +0.9807, +0.9670, +0.9855, +0.9718, +0.9539, +0.9495, +0.9496, +0.9566, +0.9718, +0.9592, +0.9641, +0.9210, +0.9360, +0.9353, +0.9507, +0.9481, +0.9694, +0.9765, +0.9769, +0.9687, +0.9755, +0.9810, +0.9731, +0.9448, +0.9863, +0.9643, +0.9560, +0.9680, +0.9359, +0.9436, +0.9316, +0.9388, +0.9445, +0.9347, +0.9479, +0.9445, +0.9418, +0.9414, +0.9421, +0.9521, +0.9272, +0.9219, +0.9521, +0.9191, +0.9598, +0.9655, +0.9581, +0.9575, +0.9621, +0.9838, +0.9660, +0.9242, +0.9232, +0.9445, +0.9545, +0.9602, +0.9689, +0.9559, +0.9507, +0.9524, +0.9504, +0.9437, +0.9434, +0.9262, +0.9195, +0.9433, +0.9259, +0.9082, +0.9305, +0.9084, +0.9250, +0.9085, +0.9186, +0.9225, +0.9037, +0.9014, +0.9183, +0.9007, +0.9090, +0.9278, +0.9044, +0.9304, +0.9228, +0.9408, +0.9079, +0.9135, +0.9059, +0.9125, +0.9069, +0.9185, +0.9078, +0.9092, +0.9269, +0.9117, +0.9033, +0.9138, +0.9231, +0.8907, +0.9030, +0.9128, +0.9519, +0.9178, +0.8918, +0.9075, +0.9080, +0.9091, +0.9349, +0.9212, +0.9052, +0.9207, +0.9240, +0.9000, +0.9262, +0.9321, +0.9003, +0.9074, +0.9260, +0.8976, +0.9084, +0.9080, +0.9097, +0.9324, +0.9231, +0.9321, +0.9179, +0.9074, +0.9300, +0.9410, +0.9292, +0.9250, +0.9032, +0.9018, +0.8854, +0.8654, +0.8925, +0.9029, +0.9006, +0.8938, +0.9048, +0.8825, +0.9012, +0.9159, +0.8752, +0.8733, +0.8870, +0.8642, +0.8693, +0.8583, +0.8700, +0.8766, +0.8741, +0.8877, +0.8655, +0.8717, +0.8748, +0.8821, +0.8594, +0.8485, +0.8716, +0.8600, +0.8745, +0.8666, +0.8688, +0.8729, +0.8726, +0.8644, +0.8834, +0.8649, +0.8709, +0.8422, +0.8598, +0.8591, +0.8508, +0.8617, +0.8594, +0.8913, +0.8654, +0.8560, +0.8757, +0.8493, +0.8414, +0.8596, +0.8581, +0.8672, +0.8417, +0.8692, +0.8553, +0.8516, +0.8851, +0.8559, +0.8395, +0.8396, +0.8246, +0.8400, +0.8429, +0.8536, +0.8340, +0.8316, +0.8372, +0.8077, +0.8516, +0.8491, +0.8315, +0.8215, +0.8232, +0.8222, +0.8274, +0.8442, +0.8392, +0.8520, +0.8439, +0.8343, +0.8252, +0.8359, +0.8418, +0.8459, +0.8290, +0.8381, +0.8410, +0.8242, +0.8223, +0.8364, +0.8290, +0.8548, +0.8230, +0.8244, +0.8239, +0.8310, +0.8007, +0.8131, +0.8182, +0.8264, +0.8145, +0.8387, +0.8172, +0.8349, +0.8267, +0.8215, +0.8268, +0.8157, +0.8236, +0.8259, +0.8218, +0.8130, +0.8116, +0.8154, +0.8206, +0.8090, +0.8113, +0.7958, +0.7961, +0.8043, +0.8361, +0.8195, +0.7978, +0.7985, +0.7903, +0.8054, +0.8167, +0.7849, +0.8143, +0.8254, +0.8322, +0.8211, +0.7917, +0.8064, +0.8017, +0.8138, +0.8123, +0.8111, +0.8255, +0.8194, +0.8068, +0.8084, +0.8198, +0.8184, +0.8084, +0.8087, +0.7951, +0.8013, +0.8070, +0.8273, +0.8123, +0.7963, +0.7959, +0.7922, +0.8098, +0.8121, +0.8079, +0.8340, +0.8119, +0.8005, +0.8071, +0.8129, +0.8095, +0.7978, +0.7803, +0.7765, +0.7917, +0.7901, +0.7943, +0.7977, +0.7863, +0.7919, +0.7899, +0.7867, +0.7926, +0.7877, +0.7832, +0.7896, +0.7816, +0.7965, +0.7810, +0.7736, +0.7710, +0.7762, +0.7755, +0.7652, +0.7661, +0.7679, +0.7643, +0.7876, +0.7740, +0.7584, +0.7542, +0.7788, +0.7802, +0.7614, +0.7579, +0.7657, +0.7659, +0.7572, +0.7672, +0.7501, +0.7487, +0.7739, +0.7519, +0.7532, +0.7453, +0.7580, +0.7911, +0.7651, +0.7510, +0.7530, +0.7454, +0.7533, +0.7357, +0.7323, +0.7561, +0.7501, +0.7540, +0.7369, +0.7467, +0.7318, +0.7564, +0.7355, +0.7485, +0.7432, +0.7517, +0.7501, +0.7346, +0.7348, +0.7600, +0.7477, +0.7519, +0.7419, +0.7259, +0.7384, +0.7294, +0.7488, +0.7434, +0.7363, +0.7480, +0.7368, +0.7213, +0.7120, +0.7338, +0.7315, +0.7383, +0.7309, +0.7347, +0.7286, +0.7318, +0.7360, +0.7280, +0.7172, +0.7296, +0.7381, +0.7223, +0.7134, +0.7180, +0.7177, +0.7211, +0.7225, +0.7242, +0.7213, +0.7289, +0.7294, +0.7260, +0.7273, +0.6981, +0.7080, +0.7067, +0.7067, +0.6978, +0.7165, +0.7045, +0.7228, +0.7112, +0.6915, +0.7331, +0.7109, +0.7002, +0.7080, +0.6983, +0.7011, +0.7058, +0.7018, +0.7078, +0.7084, +0.7060, +0.7192, +0.7038, +0.6828, +0.6835, +0.6897, +0.6982, +0.7002, +0.6914, +0.7002, +0.7053, +0.6921, +0.6921, +0.6938, +0.6850, +0.7030, +0.7065, +0.7091, +0.6895, +0.7058, +0.7026, +0.7064, +0.7053, +0.6842, +0.6856, +0.6821, +0.6901, +0.6818, +0.6848, +0.6865, +0.6950, +0.6866, +0.7017, +0.7078, +0.7031, +0.6839, +0.6855, +0.6840, +0.7011, +0.6947, +0.6858, +0.6812, +0.7079, +0.6987, +0.7116, +0.6816, +0.7023, +0.6980, +0.6890, +0.6775, +0.6928, +0.6903, +0.6971, +0.6906, +0.6833, +0.6978, +0.6941, +0.6976, +0.7007, +0.6871, +0.6935, +0.6983, +0.6939, +0.6909, +0.7012, +0.6865, +0.6987, +0.7069, +0.6939, +0.6910, +0.6898, +0.6932, +0.6938, +0.6911, +0.6847, +0.6880, +0.6841, +0.6883, +0.6820, +0.6952, +0.6908, +0.6962, +0.6916, +0.6867, +0.6991, +0.6832, +0.6946, +0.6993, +0.6784, +0.6820, +0.6968, +0.6992, +0.7001, +0.7102, +0.6891, +0.6852, +0.6837, +0.6964, +0.6932, +0.6965, +0.6860, +0.6924, +0.7037, +0.6877, +0.6947, +0.6793, +0.6965, +0.7001, +0.6956, +0.6860, +0.6852, +0.6833, +0.6905, +0.6807, +0.6840, +0.6995, +0.6939, +0.6862, +0.6955, +0.6836, +0.7011]
         initial_alloc_red: [+0.5367, +0.4875, +0.4857, +0.5094, +0.5314, +0.4845, +0.5086, +0.5061, +0.4851, +0.4743, +0.4922, +0.4834, +0.5296, +0.5041, +0.4804, +0.5177, +0.4828, +0.5086, +0.4726, +0.5095, +0.4854, +0.5384, +0.4791, +0.5054, +0.5011, +0.4718, +0.5068, +0.5147, +0.5051, +0.5037, +0.4874, +0.4844, +0.4802, +0.4853, +0.4974, +0.5059, +0.5079, +0.4950, +0.5026, +0.5004, +0.4953, +0.5027, +0.5026, +0.4894, +0.4689, +0.5098, +0.5129, +0.4957, +0.5000, +0.5074, +0.4942, +0.5041, +0.5039, +0.5000, +0.5106, +0.4944, +0.5206, +0.5162, +0.4901, +0.4953, +0.4845, +0.5000, +0.5089, +0.5017, +0.4935, +0.5043, +0.4920, +0.4996, +0.4894, +0.4854, +0.4855, +0.4957, +0.4699, +0.4973, +0.4939, +0.4714, +0.4963, +0.5096, +0.5034, +0.5090, +0.5335, +0.4905, +0.4865, +0.4955, +0.5085, +0.5010, +0.4965, +0.4879, +0.5113, +0.4891, +0.4893, +0.4867, +0.4825, +0.5032, +0.4848, +0.4877, +0.5239, +0.4990, +0.5348, +0.4843, +0.5110, +0.4886, +0.4984, +0.4927, +0.4930, +0.4831, +0.5227, +0.5087, +0.5051, +0.4940, +0.5060, +0.4798, +0.5182, +0.5102, +0.5021, +0.4927, +0.4886, +0.5023, +0.4672, +0.5100, +0.4838, +0.5115, +0.4843, +0.5090, +0.4900, +0.5064, +0.4871, +0.4902, +0.5085, +0.5189, +0.5132, +0.4928, +0.5072, +0.5152, +0.5062, +0.5033, +0.4982, +0.5211, +0.5088, +0.5148, +0.4994, +0.4914, +0.5060, +0.4895, +0.4893, +0.5108, +0.4837, +0.5175, +0.4981, +0.4909, +0.4997, +0.4798, +0.4929, +0.4985, +0.5156, +0.5109, +0.5052, +0.5006, +0.4961, +0.4804, +0.5222, +0.5083, +0.5083, +0.4862, +0.5261, +0.4912, +0.4997, +0.5153, +0.4918, +0.4964, +0.5041, +0.4990, +0.4820, +0.5066, +0.4997, +0.4818, +0.5072, +0.5009, +0.5003, +0.5039, +0.4848, +0.4919, +0.4994, +0.5059, +0.4987, +0.4985, +0.4944, +0.5152, +0.4988, +0.4968, +0.5115, +0.4944, +0.5272, +0.5195, +0.4789, +0.4951, +0.5015, +0.5042, +0.4842, +0.4975, +0.4684, +0.5206, +0.4852, +0.4905, +0.5122, +0.5025, +0.4862, +0.5098, +0.5010, +0.5050, +0.5087, +0.5064, +0.5048, +0.4976, +0.5130, +0.5127, +0.4948, +0.5066, +0.5026, +0.5179, +0.5141, +0.4965, +0.4688, +0.4976, +0.5058, +0.5127, +0.4879, +0.4928, +0.4767, +0.4991, +0.5090, +0.4972, +0.5014, +0.4893, +0.4986, +0.5063, +0.4910, +0.5138, +0.4948, +0.5150, +0.4902, +0.4913, +0.4863, +0.4934, +0.5012, +0.4955, +0.5144, +0.5072, +0.4917, +0.4897, +0.4950, +0.5081, +0.5090, +0.5220, +0.4907, +0.4878, +0.4933, +0.4886, +0.5086, +0.4780, +0.5028, +0.5307, +0.4885, +0.4798, +0.5152, +0.4909, +0.5020, +0.5111, +0.4847, +0.5176, +0.5046, +0.5166, +0.4892, +0.5085, +0.5120, +0.5009, +0.4838, +0.5121, +0.4958, +0.5111, +0.4633, +0.5045, +0.5020, +0.4981, +0.5061, +0.4803, +0.4896, +0.4963, +0.5106, +0.5067, +0.4884, +0.5036, +0.5178, +0.4975, +0.4846, +0.5135, +0.4987, +0.5035, +0.5070, +0.5272, +0.5073, +0.4784, +0.5057, +0.5108, +0.5165, +0.5250, +0.5075, +0.5072, +0.4976, +0.5084, +0.4916, +0.4880, +0.5230, +0.5045, +0.4891, +0.4997, +0.5071, +0.4922, +0.5113, +0.5077, +0.4943, +0.5202, +0.4827, +0.4861, +0.4761, +0.5008, +0.4954, +0.5051, +0.4997, +0.4795, +0.5027, +0.4966, +0.5020, +0.5120, +0.4957, +0.4694, +0.4926, +0.5063, +0.5103, +0.4881, +0.4985, +0.5060, +0.5045, +0.5046, +0.4997, +0.4922, +0.5083, +0.5121, +0.5051, +0.4915, +0.4990, +0.4941, +0.4870, +0.4961, +0.5179, +0.5013, +0.5000, +0.5028, +0.4926, +0.5019, +0.4955, +0.4893, +0.4997, +0.5000, +0.4964, +0.4909, +0.5091, +0.5167, +0.4972, +0.5112, +0.4957, +0.4818, +0.4924, +0.5086, +0.5002, +0.5103, +0.5096, +0.5093, +0.4952, +0.4830, +0.5023, +0.5063, +0.4978, +0.5104, +0.5060, +0.5107, +0.4993, +0.4913, +0.5095, +0.5074, +0.4926, +0.4983, +0.5033, +0.4810, +0.5026, +0.4911, +0.5072, +0.5013, +0.5032, +0.5128, +0.4986, +0.4942, +0.4860, +0.5119, +0.4723, +0.5225, +0.4945, +0.4895, +0.5071, +0.4889, +0.5099, +0.5110, +0.4995, +0.4842, +0.5227, +0.4757, +0.5257, +0.4947, +0.4973, +0.4966, +0.5230, +0.5000, +0.5282, +0.4978, +0.5110, +0.4875, +0.4884, +0.4964, +0.4960, +0.5002, +0.4969, +0.4860, +0.4808, +0.4881, +0.4873, +0.5181, +0.5217, +0.5015, +0.4974, +0.4828, +0.5052, +0.5073, +0.4959, +0.4823, +0.5002, +0.4903, +0.5198, +0.4925, +0.5029, +0.4986, +0.5034, +0.4912, +0.4881, +0.5098, +0.5150, +0.5130, +0.4971, +0.5000, +0.5100, +0.4971, +0.4925, +0.5290, +0.4966, +0.5016, +0.5051, +0.4871, +0.5261, +0.4975, +0.5100, +0.5104, +0.5086, +0.4966, +0.4944, +0.5002, +0.4866, +0.5168, +0.4905, +0.5161, +0.5080, +0.4937, +0.4779, +0.4844, +0.5194, +0.4949, +0.5185, +0.4836, +0.4967, +0.5062, +0.4836, +0.4979, +0.4948, +0.5023, +0.4905, +0.5041, +0.4970, +0.5100, +0.5159, +0.4985, +0.5253, +0.4950, +0.5057, +0.4881, +0.4989, +0.4985, +0.4980, +0.5052, +0.5049, +0.5038, +0.5002, +0.5183, +0.5109, +0.4869, +0.4959, +0.5065, +0.4928, +0.5067, +0.5002, +0.4802, +0.4923, +0.5063, +0.5018, +0.5266, +0.4905, +0.4963, +0.5094, +0.4881, +0.4962, +0.5150, +0.5048, +0.4921, +0.5008, +0.5105, +0.5122, +0.4863, +0.4941, +0.5104, +0.4884, +0.5007, +0.4905, +0.5000, +0.5051, +0.4934, +0.4853, +0.5027, +0.4957, +0.5027, +0.5240, +0.4848, +0.5008, +0.5077, +0.4996, +0.5083, +0.4956, +0.4978, +0.5080, +0.5013, +0.4957, +0.4968, +0.4959, +0.5104, +0.5062, +0.4938, +0.4960, +0.4889, +0.4904, +0.5290, +0.4982, +0.4950, +0.5107, +0.4977, +0.5125, +0.4915, +0.4963, +0.4996, +0.5043, +0.4788, +0.4795, +0.5002, +0.4928, +0.5014, +0.5054, +0.4880, +0.4852, +0.5000, +0.5062, +0.4928, +0.4904, +0.5076, +0.4935, +0.5199, +0.4898, +0.5222, +0.4998, +0.5152, +0.4949, +0.5113, +0.5253, +0.4929, +0.4897, +0.4925, +0.5070, +0.5002, +0.4935, +0.5085, +0.4930, +0.5088, +0.4935, +0.4908, +0.5032, +0.4951, +0.4985, +0.5019, +0.4988, +0.4970, +0.5132, +0.4783, +0.4829, +0.5115, +0.5020, +0.5165, +0.4895, +0.5022, +0.4968, +0.5060, +0.4875, +0.5161, +0.4826, +0.4881, +0.5194, +0.4897, +0.4988, +0.5129, +0.4961, +0.5031, +0.5285, +0.5134, +0.4851, +0.4992, +0.5022, +0.4781, +0.4810, +0.5056, +0.5067, +0.4988, +0.5040, +0.5216, +0.4847, +0.5051, +0.4887, +0.4992, +0.5034, +0.4938, +0.5108, +0.4958, +0.5113, +0.4896, +0.4976, +0.4971, +0.5114, +0.5051, +0.5261, +0.4886, +0.5170, +0.5062, +0.5068, +0.5094, +0.4900, +0.4960, +0.4941, +0.4865, +0.5083, +0.5062, +0.5076, +0.4937, +0.5087, +0.4864, +0.5012, +0.5014, +0.4873, +0.5087, +0.4953, +0.4861, +0.5085, +0.5000, +0.4976, +0.5341, +0.4971, +0.4968, +0.5139, +0.4977, +0.4846, +0.5118, +0.4893, +0.4977, +0.4915, +0.5081, +0.4836, +0.5027, +0.5188, +0.4980, +0.5089, +0.5243, +0.5056, +0.5049, +0.4971, +0.4935, +0.4906, +0.5072, +0.5004, +0.5058, +0.5029, +0.4846, +0.5078, +0.4863, +0.5027, +0.5152, +0.5206, +0.4956, +0.4878, +0.4848, +0.5039, +0.4948, +0.5114, +0.5068, +0.4956, +0.5042, +0.5032, +0.5038, +0.5012, +0.5202, +0.4933, +0.5058, +0.4927, +0.4936, +0.4923, +0.4926, +0.5138, +0.4970, +0.4923, +0.5059, +0.4919, +0.4957, +0.4947, +0.5040, +0.4812, +0.5004, +0.5025, +0.5088, +0.5004, +0.5051, +0.5013, +0.4908, +0.4875, +0.4939, +0.5053, +0.4972, +0.5078, +0.5075, +0.5200, +0.4933, +0.4990, +0.5082, +0.4884, +0.5036, +0.4893, +0.5048, +0.4898, +0.5065, +0.5025, +0.4977, +0.5103, +0.4908, +0.4932, +0.5074, +0.5052, +0.5013, +0.5187, +0.5013, +0.4983, +0.5025, +0.4877, +0.4977, +0.5356, +0.5087, +0.4945, +0.4911, +0.5062, +0.4949, +0.5007, +0.5036, +0.5148, +0.5089, +0.4904, +0.4993, +0.5060, +0.5019, +0.4871, +0.5035, +0.4918, +0.5027, +0.5048, +0.4890, +0.5060, +0.4884, +0.4975, +0.5046, +0.5036, +0.5009, +0.4907, +0.4898, +0.5049, +0.5179, +0.4967, +0.5103, +0.4956, +0.5009, +0.5006, +0.4890, +0.4875, +0.4952, +0.5052, +0.5089, +0.5047, +0.4865, +0.5019, +0.4928, +0.5068, +0.4998, +0.4989, +0.4911, +0.5092, +0.5002, +0.5125, +0.4950, +0.4983, +0.4881, +0.4962, +0.5091, +0.4920, +0.4960, +0.5009, +0.4993, +0.5225, +0.5230, +0.5065, +0.4936, +0.5011, +0.5004, +0.5019, +0.4880, +0.4845, +0.5000, +0.5005, +0.4942, +0.5002, +0.5159, +0.5055, +0.4989, +0.4883, +0.4905, +0.4948, +0.4908, +0.4968, +0.4910, +0.5119, +0.4842, +0.5042, +0.5115, +0.4865, +0.5002, +0.4921, +0.5077, +0.4948, +0.4973, +0.5019, +0.5179, +0.5009, +0.5132, +0.4982, +0.4971, +0.5075, +0.5012, +0.4916, +0.4983, +0.5032, +0.4899, +0.4955, +0.5068, +0.5009, +0.5091, +0.4946, +0.4962, +0.4900, +0.5037, +0.4975, +0.5205, +0.4902, +0.5006, +0.5042, +0.5091, +0.5139, +0.4859, +0.4822, +0.5077, +0.4828, +0.5109, +0.5166, +0.4901, +0.4948, +0.5149, +0.5011, +0.4958, +0.5191, +0.5159, +0.4903]
        initial_alloc_blue: [+0.4633, +0.5125, +0.5143, +0.4906, +0.4686, +0.5155, +0.4914, +0.4939, +0.5149, +0.5257, +0.5078, +0.5166, +0.4704, +0.4959, +0.5196, +0.4823, +0.5172, +0.4914, +0.5274, +0.4905, +0.5146, +0.4616, +0.5209, +0.4946, +0.4989, +0.5282, +0.4932, +0.4853, +0.4949, +0.4963, +0.5126, +0.5156, +0.5198, +0.5147, +0.5026, +0.4941, +0.4921, +0.5050, +0.4974, +0.4996, +0.5047, +0.4973, +0.4974, +0.5106, +0.5311, +0.4902, +0.4871, +0.5043, +0.5000, +0.4926, +0.5058, +0.4959, +0.4961, +0.5000, +0.4894, +0.5056, +0.4794, +0.4838, +0.5099, +0.5047, +0.5155, +0.5000, +0.4911, +0.4983, +0.5065, +0.4957, +0.5080, +0.5004, +0.5106, +0.5146, +0.5145, +0.5043, +0.5301, +0.5027, +0.5061, +0.5286, +0.5037, +0.4904, +0.4966, +0.4910, +0.4665, +0.5095, +0.5135, +0.5045, +0.4915, +0.4990, +0.5035, +0.5121, +0.4887, +0.5109, +0.5107, +0.5133, +0.5175, +0.4968, +0.5152, +0.5123, +0.4761, +0.5010, +0.4652, +0.5157, +0.4890, +0.5114, +0.5016, +0.5073, +0.5070, +0.5169, +0.4773, +0.4913, +0.4949, +0.5060, +0.4940, +0.5202, +0.4818, +0.4898, +0.4979, +0.5073, +0.5114, +0.4977, +0.5328, +0.4900, +0.5162, +0.4885, +0.5157, +0.4910, +0.5100, +0.4936, +0.5129, +0.5098, +0.4915, +0.4811, +0.4868, +0.5072, +0.4928, +0.4848, +0.4938, +0.4967, +0.5018, +0.4789, +0.4912, +0.4852, +0.5006, +0.5086, +0.4940, +0.5105, +0.5107, +0.4892, +0.5163, +0.4825, +0.5019, +0.5091, +0.5003, +0.5202, +0.5071, +0.5015, +0.4844, +0.4891, +0.4948, +0.4994, +0.5039, +0.5196, +0.4778, +0.4917, +0.4917, +0.5138, +0.4739, +0.5088, +0.5003, +0.4847, +0.5082, +0.5036, +0.4959, +0.5010, +0.5180, +0.4934, +0.5003, +0.5182, +0.4928, +0.4991, +0.4997, +0.4961, +0.5152, +0.5081, +0.5006, +0.4941, +0.5013, +0.5015, +0.5056, +0.4848, +0.5012, +0.5032, +0.4885, +0.5056, +0.4728, +0.4805, +0.5211, +0.5049, +0.4985, +0.4958, +0.5158, +0.5025, +0.5316, +0.4794, +0.5148, +0.5095, +0.4878, +0.4975, +0.5138, +0.4902, +0.4990, +0.4950, +0.4913, +0.4936, +0.4952, +0.5024, +0.4870, +0.4873, +0.5052, +0.4934, +0.4974, +0.4821, +0.4859, +0.5035, +0.5312, +0.5024, +0.4942, +0.4873, +0.5121, +0.5072, +0.5233, +0.5009, +0.4910, +0.5028, +0.4986, +0.5107, +0.5014, +0.4937, +0.5090, +0.4862, +0.5052, +0.4850, +0.5098, +0.5087, +0.5137, +0.5066, +0.4988, +0.5045, +0.4856, +0.4928, +0.5083, +0.5103, +0.5050, +0.4919, +0.4910, +0.4780, +0.5093, +0.5122, +0.5067, +0.5114, +0.4914, +0.5220, +0.4972, +0.4693, +0.5115, +0.5202, +0.4848, +0.5091, +0.4980, +0.4889, +0.5153, +0.4824, +0.4954, +0.4834, +0.5108, +0.4915, +0.4880, +0.4991, +0.5162, +0.4879, +0.5042, +0.4889, +0.5367, +0.4955, +0.4980, +0.5019, +0.4939, +0.5197, +0.5104, +0.5037, +0.4894, +0.4933, +0.5116, +0.4964, +0.4822, +0.5025, +0.5154, +0.4865, +0.5013, +0.4965, +0.4930, +0.4728, +0.4927, +0.5216, +0.4943, +0.4892, +0.4835, +0.4750, +0.4925, +0.4928, +0.5024, +0.4916, +0.5084, +0.5120, +0.4770, +0.4955, +0.5109, +0.5003, +0.4929, +0.5078, +0.4887, +0.4923, +0.5057, +0.4798, +0.5173, +0.5139, +0.5239, +0.4992, +0.5046, +0.4949, +0.5003, +0.5205, +0.4973, +0.5034, +0.4980, +0.4880, +0.5043, +0.5306, +0.5074, +0.4937, +0.4897, +0.5119, +0.5015, +0.4940, +0.4955, +0.4954, +0.5003, +0.5078, +0.4917, +0.4879, +0.4949, +0.5085, +0.5010, +0.5059, +0.5130, +0.5039, +0.4821, +0.4987, +0.5000, +0.4972, +0.5074, +0.4981, +0.5045, +0.5107, +0.5003, +0.5000, +0.5036, +0.5091, +0.4909, +0.4833, +0.5028, +0.4888, +0.5043, +0.5182, +0.5076, +0.4914, +0.4998, +0.4897, +0.4904, +0.4907, +0.5048, +0.5170, +0.4977, +0.4937, +0.5022, +0.4896, +0.4940, +0.4893, +0.5007, +0.5087, +0.4905, +0.4926, +0.5074, +0.5017, +0.4967, +0.5190, +0.4974, +0.5089, +0.4928, +0.4987, +0.4968, +0.4872, +0.5014, +0.5058, +0.5140, +0.4881, +0.5277, +0.4775, +0.5055, +0.5105, +0.4929, +0.5111, +0.4901, +0.4890, +0.5005, +0.5158, +0.4773, +0.5243, +0.4743, +0.5053, +0.5027, +0.5034, +0.4770, +0.5000, +0.4718, +0.5022, +0.4890, +0.5125, +0.5116, +0.5036, +0.5040, +0.4998, +0.5031, +0.5140, +0.5192, +0.5119, +0.5127, +0.4819, +0.4783, +0.4985, +0.5026, +0.5172, +0.4948, +0.4927, +0.5041, +0.5177, +0.4998, +0.5097, +0.4802, +0.5075, +0.4971, +0.5014, +0.4966, +0.5088, +0.5119, +0.4902, +0.4850, +0.4870, +0.5029, +0.5000, +0.4900, +0.5029, +0.5075, +0.4710, +0.5034, +0.4984, +0.4949, +0.5129, +0.4739, +0.5025, +0.4900, +0.4896, +0.4914, +0.5034, +0.5056, +0.4998, +0.5134, +0.4832, +0.5095, +0.4839, +0.4920, +0.5063, +0.5221, +0.5156, +0.4806, +0.5051, +0.4815, +0.5164, +0.5033, +0.4938, +0.5164, +0.5021, +0.5052, +0.4977, +0.5095, +0.4959, +0.5030, +0.4900, +0.4841, +0.5015, +0.4747, +0.5050, +0.4943, +0.5119, +0.5011, +0.5015, +0.5020, +0.4948, +0.4951, +0.4962, +0.4998, +0.4817, +0.4891, +0.5131, +0.5041, +0.4935, +0.5072, +0.4933, +0.4998, +0.5198, +0.5077, +0.4937, +0.4982, +0.4734, +0.5095, +0.5037, +0.4906, +0.5119, +0.5038, +0.4850, +0.4952, +0.5079, +0.4992, +0.4895, +0.4878, +0.5137, +0.5059, +0.4896, +0.5116, +0.4993, +0.5095, +0.5000, +0.4949, +0.5066, +0.5147, +0.4973, +0.5043, +0.4973, +0.4760, +0.5152, +0.4992, +0.4923, +0.5004, +0.4917, +0.5044, +0.5022, +0.4920, +0.4987, +0.5043, +0.5032, +0.5041, +0.4896, +0.4938, +0.5062, +0.5040, +0.5111, +0.5096, +0.4710, +0.5018, +0.5050, +0.4893, +0.5023, +0.4875, +0.5085, +0.5037, +0.5004, +0.4957, +0.5212, +0.5205, +0.4998, +0.5072, +0.4986, +0.4946, +0.5120, +0.5148, +0.5000, +0.4938, +0.5072, +0.5096, +0.4924, +0.5065, +0.4801, +0.5102, +0.4778, +0.5002, +0.4848, +0.5051, +0.4887, +0.4747, +0.5071, +0.5103, +0.5075, +0.4930, +0.4998, +0.5065, +0.4915, +0.5070, +0.4912, +0.5065, +0.5092, +0.4968, +0.5049, +0.5015, +0.4981, +0.5012, +0.5030, +0.4868, +0.5217, +0.5171, +0.4885, +0.4980, +0.4835, +0.5105, +0.4978, +0.5032, +0.4940, +0.5125, +0.4839, +0.5174, +0.5119, +0.4806, +0.5103, +0.5012, +0.4871, +0.5039, +0.4969, +0.4715, +0.4866, +0.5149, +0.5008, +0.4978, +0.5219, +0.5190, +0.4944, +0.4933, +0.5012, +0.4960, +0.4784, +0.5153, +0.4949, +0.5113, +0.5008, +0.4966, +0.5062, +0.4892, +0.5042, +0.4887, +0.5104, +0.5024, +0.5029, +0.4886, +0.4949, +0.4739, +0.5114, +0.4830, +0.4938, +0.4932, +0.4906, +0.5100, +0.5040, +0.5059, +0.5135, +0.4917, +0.4938, +0.4924, +0.5063, +0.4913, +0.5136, +0.4988, +0.4986, +0.5127, +0.4913, +0.5047, +0.5139, +0.4915, +0.5000, +0.5024, +0.4659, +0.5029, +0.5032, +0.4861, +0.5023, +0.5154, +0.4882, +0.5107, +0.5023, +0.5085, +0.4919, +0.5164, +0.4973, +0.4813, +0.5020, +0.4911, +0.4757, +0.4944, +0.4951, +0.5029, +0.5065, +0.5094, +0.4928, +0.4996, +0.4942, +0.4971, +0.5154, +0.4922, +0.5137, +0.4973, +0.4848, +0.4794, +0.5044, +0.5122, +0.5152, +0.4961, +0.5052, +0.4886, +0.4932, +0.5044, +0.4958, +0.4968, +0.4962, +0.4988, +0.4798, +0.5067, +0.4942, +0.5073, +0.5064, +0.5077, +0.5074, +0.4862, +0.5030, +0.5077, +0.4941, +0.5081, +0.5043, +0.5053, +0.4960, +0.5188, +0.4996, +0.4975, +0.4912, +0.4996, +0.4949, +0.4987, +0.5092, +0.5125, +0.5061, +0.4947, +0.5028, +0.4922, +0.4925, +0.4800, +0.5067, +0.5010, +0.4918, +0.5116, +0.4964, +0.5107, +0.4952, +0.5102, +0.4935, +0.4975, +0.5023, +0.4897, +0.5092, +0.5068, +0.4926, +0.4948, +0.4987, +0.4813, +0.4987, +0.5017, +0.4975, +0.5123, +0.5023, +0.4644, +0.4913, +0.5055, +0.5089, +0.4938, +0.5051, +0.4993, +0.4964, +0.4852, +0.4911, +0.5096, +0.5007, +0.4940, +0.4981, +0.5129, +0.4965, +0.5082, +0.4973, +0.4952, +0.5110, +0.4940, +0.5116, +0.5025, +0.4954, +0.4964, +0.4991, +0.5093, +0.5102, +0.4951, +0.4821, +0.5033, +0.4897, +0.5044, +0.4991, +0.4994, +0.5110, +0.5125, +0.5048, +0.4948, +0.4911, +0.4953, +0.5135, +0.4981, +0.5072, +0.4932, +0.5002, +0.5011, +0.5089, +0.4908, +0.4998, +0.4875, +0.5050, +0.5017, +0.5119, +0.5038, +0.4909, +0.5080, +0.5040, +0.4991, +0.5007, +0.4775, +0.4770, +0.4935, +0.5064, +0.4989, +0.4996, +0.4981, +0.5120, +0.5155, +0.5000, +0.4995, +0.5058, +0.4998, +0.4841, +0.4945, +0.5011, +0.5117, +0.5095, +0.5052, +0.5092, +0.5032, +0.5090, +0.4881, +0.5158, +0.4958, +0.4885, +0.5135, +0.4998, +0.5079, +0.4923, +0.5052, +0.5027, +0.4981, +0.4821, +0.4991, +0.4868, +0.5018, +0.5029, +0.4925, +0.4988, +0.5084, +0.5017, +0.4968, +0.5101, +0.5045, +0.4932, +0.4991, +0.4909, +0.5054, +0.5038, +0.5100, +0.4963, +0.5025, +0.4795, +0.5098, +0.4994, +0.4958, +0.4909, +0.4861, +0.5141, +0.5178, +0.4923, +0.5172, +0.4891, +0.4834, +0.5099, +0.5052, +0.4851, +0.4989, +0.5042, +0.4809, +0.4841, +0.5097]
          online_alloc_red: [+0.4988, +0.5342, +0.6209, +0.6937, +0.7539, +0.8040, +0.8352, +0.8554, +0.8375, +0.8417, +0.8683, +0.8720, +0.8830, +0.8885, +0.9187, +0.9299, +0.9287, +0.9220, +0.9280, +0.9321, +0.9458, +0.9479, +0.9531, +0.9467, +0.9539, +0.9615, +0.9664, +0.9676, +0.9745, +0.9765, +0.9811, +0.9797, +0.9771, +0.9805, +0.9675, +0.9664, +0.9695, +0.9706, +0.9745, +0.9706, +0.9733, +0.9753, +0.9817, +0.9721, +0.9609, +0.9727, +0.9751, +0.9735, +0.9610, +0.9684, +0.9610, +0.9628, +0.9759, +0.9668, +0.9722, +0.9680, +0.9621, +0.9745, +0.9531, +0.9522, +0.9380, +0.9502, +0.9474, +0.9519, +0.9530, +0.9547, +0.9474, +0.9421, +0.9485, +0.9411, +0.9189, +0.9380, +0.9453, +0.9544, +0.9499, +0.9500, +0.9460, +0.9508, +0.9553, +0.9621, +0.9576, +0.9573, +0.9477, +0.9419, +0.9538, +0.9383, +0.9516, +0.9431, +0.9434, +0.9435, +0.9354, +0.9377, +0.9484, +0.9449, +0.9452, +0.9320, +0.9236, +0.9269, +0.9398, +0.9369, +0.9389, +0.9183, +0.9230, +0.9233, +0.9276, +0.9224, +0.9360, +0.9253, +0.9404, +0.9385, +0.9298, +0.9276, +0.9325, +0.9176, +0.8816, +0.9155, +0.9231, +0.9332, +0.9384, +0.9503, +0.9452, +0.9402, +0.9388, +0.9021, +0.9081, +0.9167, +0.9229, +0.9289, +0.9322, +0.9342, +0.9072, +0.9156, +0.9116, +0.9060, +0.8958, +0.8892, +0.9044, +0.8978, +0.8902, +0.8567, +0.8292, +0.8691, +0.8664, +0.9032, +0.9063, +0.9051, +0.9081, +0.9085, +0.8993, +0.8971, +0.8842, +0.9156, +0.9287, +0.9102, +0.8956, +0.9236, +0.8973, +0.9254, +0.9162, +0.9043, +0.9240, +0.9304, +0.9096, +0.9275, +0.9244, +0.9031, +0.9038, +0.9026, +0.8852, +0.8668, +0.8898, +0.8722, +0.9087, +0.9127, +0.9310, +0.9196, +0.9305, +0.9091, +0.9412, +0.9293, +0.9354, +0.9272, +0.9210, +0.9266, +0.9102, +0.9137, +0.8978, +0.9170, +0.9073, +0.9141, +0.8914, +0.8714, +0.8734, +0.8711, +0.8900, +0.9105, +0.9219, +0.9155, +0.9166, +0.9194, +0.9040, +0.9122, +0.9109, +0.9019, +0.8993, +0.8730, +0.8796, +0.8544, +0.8447, +0.9069, +0.9153, +0.9034, +0.8900, +0.9058, +0.9055, +0.8955, +0.8901, +0.8811, +0.9121, +0.9002, +0.8912, +0.9128, +0.9017, +0.9148, +0.9187, +0.8831, +0.8732, +0.8670, +0.8621, +0.8587, +0.8638, +0.8573, +0.8475, +0.8416, +0.8558, +0.8695, +0.8408, +0.8275, +0.8688, +0.8743, +0.8544, +0.8349, +0.8190, +0.8434, +0.8729, +0.8347, +0.8403, +0.8471, +0.8692, +0.8705, +0.8423, +0.8446, +0.8537, +0.8237, +0.8480, +0.8320, +0.8267, +0.8505, +0.8538, +0.8223, +0.8173, +0.8590, +0.8024, +0.7811, +0.7966, +0.8217, +0.8333, +0.8563, +0.8349, +0.8544, +0.8583, +0.8547, +0.8370, +0.8489, +0.8283, +0.8053, +0.8019, +0.8170, +0.7869, +0.7962, +0.7887, +0.7816, +0.7997, +0.8232, +0.7921, +0.8333, +0.7989, +0.8215, +0.8053, +0.7991, +0.8052, +0.8158, +0.7671, +0.7859, +0.7784, +0.7806, +0.7792, +0.7489, +0.7842, +0.7794, +0.7311, +0.7387, +0.7824, +0.7511, +0.7291, +0.7803, +0.7510, +0.7362, +0.7175, +0.7207, +0.6591, +0.7003, +0.6974, +0.7152, +0.6877, +0.7466, +0.7388, +0.7670, +0.6883, +0.7232, +0.7239, +0.7031, +0.7285, +0.6710, +0.6263, +0.6026, +0.6496, +0.6781, +0.7165, +0.6775, +0.6802, +0.6654, +0.6591, +0.6890, +0.6084, +0.6474, +0.6413, +0.6709, +0.6447, +0.6622, +0.6635, +0.6591, +0.6166, +0.6138, +0.5956, +0.6524, +0.6714, +0.6137, +0.6470, +0.6565, +0.7363, +0.6935, +0.6976, +0.6743, +0.6172, +0.6402, +0.6029, +0.5927, +0.6414, +0.6392, +0.5986, +0.6090, +0.6548, +0.6047, +0.5880, +0.5884, +0.5168, +0.5280, +0.5932, +0.5834, +0.5606, +0.6028, +0.6318, +0.6229, +0.6086, +0.5572, +0.5961, +0.6177, +0.5932, +0.5680, +0.5475, +0.5912, +0.5564, +0.5882, +0.5808, +0.5970, +0.5707, +0.5547, +0.5192, +0.5509, +0.6012, +0.5413, +0.5203, +0.5407, +0.5429, +0.5555, +0.5635, +0.5028, +0.4963, +0.4715, +0.4396, +0.4440, +0.5122, +0.4964, +0.4963, +0.5011, +0.5235, +0.5333, +0.5361, +0.5609, +0.6091, +0.5867, +0.5503, +0.5769, +0.6112, +0.5997, +0.5800, +0.5656, +0.5896, +0.6016, +0.5520, +0.5132, +0.5142, +0.5016, +0.5440, +0.5227, +0.5716, +0.5617, +0.5859, +0.5771, +0.5624, +0.5617, +0.5397, +0.5607, +0.4990, +0.5736, +0.6247, +0.5954, +0.5895, +0.5822, +0.5533, +0.5131, +0.4651, +0.4592, +0.4900, +0.4600, +0.5176, +0.5483, +0.5219, +0.5243, +0.5292, +0.5391, +0.5500, +0.5352, +0.5515, +0.5584, +0.5355, +0.4774, +0.5107, +0.5601, +0.5497, +0.5307, +0.4991, +0.4862, +0.5046, +0.5225, +0.5163, +0.5565, +0.4968, +0.5365, +0.5533, +0.5639, +0.5443, +0.5105, +0.5305, +0.5418, +0.5333, +0.5715, +0.5717, +0.5463, +0.5298, +0.5498, +0.5062, +0.5217, +0.5016, +0.5154, +0.5388, +0.5468, +0.5215, +0.5788, +0.5204, +0.5616, +0.5627, +0.5476, +0.5594, +0.5504, +0.5468, +0.5576, +0.5871, +0.5243, +0.5289, +0.6031, +0.6144, +0.5732, +0.5850, +0.5744, +0.5307, +0.5425, +0.5667, +0.5747, +0.6177, +0.5900, +0.5716, +0.5624, +0.5744, +0.6026, +0.5667, +0.5502, +0.5212, +0.5397, +0.5510, +0.5850, +0.5825, +0.5770, +0.5885, +0.6233, +0.5768, +0.5624, +0.5913, +0.5532, +0.5732, +0.5559, +0.5465, +0.5398, +0.5373, +0.5535, +0.5734, +0.4855, +0.5018, +0.5510, +0.5473, +0.5602, +0.5073, +0.4740, +0.4858, +0.5006, +0.5298, +0.4924, +0.4958, +0.5728, +0.5848, +0.5548, +0.5401, +0.5444, +0.5674, +0.5371, +0.5701, +0.5893, +0.5551, +0.5111, +0.5108, +0.5269, +0.5476, +0.5240, +0.5224, +0.4873, +0.5202, +0.5069, +0.5042, +0.5190, +0.4870, +0.5179, +0.5435, +0.5291, +0.5071, +0.4911, +0.4911, +0.4960, +0.4867, +0.5114, +0.5228, +0.4921, +0.5006, +0.5144, +0.5208, +0.5653, +0.5378, +0.5185, +0.4867, +0.4927, +0.5194, +0.5286, +0.5332, +0.5429, +0.5263, +0.5364, +0.5262, +0.5268, +0.5035, +0.5325, +0.5332, +0.5230, +0.5201, +0.5370, +0.5555, +0.5349, +0.5170, +0.5745, +0.5495, +0.5068, +0.5299, +0.5068, +0.5089, +0.5286, +0.5472, +0.5243, +0.5159, +0.4988, +0.5161, +0.5280, +0.5375, +0.5146, +0.5363, +0.5871, +0.5239, +0.5449, +0.5656, +0.5227, +0.5369, +0.5261, +0.5160, +0.4868, +0.5216, +0.5066, +0.4848, +0.5029, +0.5214, +0.5615, +0.5381, +0.5327, +0.5323, +0.5188, +0.5206, +0.5085, +0.5338, +0.5647, +0.5477, +0.5760, +0.5853, +0.5488, +0.5616, +0.5193, +0.5274, +0.5871, +0.5209, +0.5417, +0.5651, +0.5447, +0.5520, +0.5391, +0.5405, +0.5166, +0.5392, +0.5594, +0.5346, +0.5343, +0.5796, +0.5559, +0.5543, +0.5197, +0.5226, +0.4890, +0.5268, +0.5244, +0.5674, +0.5417, +0.5256, +0.4949, +0.5277, +0.5068, +0.5191, +0.5345, +0.5353, +0.5297, +0.5734, +0.5498, +0.5408, +0.4900, +0.4927, +0.5138, +0.5363, +0.5095, +0.5053, +0.4988, +0.5390, +0.5539, +0.4992, +0.4815, +0.5081, +0.5345, +0.5243, +0.4747, +0.5122, +0.6004, +0.5447, +0.5174, +0.5138, +0.5396, +0.5581, +0.5433, +0.5421, +0.5195, +0.5127, +0.5461, +0.5350, +0.5405, +0.5311, +0.5355, +0.5246, +0.5359, +0.5215, +0.5220, +0.5524, +0.5421, +0.5231, +0.5518, +0.5506, +0.5206, +0.5299, +0.5251, +0.5498, +0.5685, +0.5544, +0.5239, +0.4998, +0.5152, +0.5721, +0.5439, +0.5522, +0.5489, +0.5331, +0.5326, +0.5458, +0.5490, +0.5412, +0.5079, +0.5432, +0.5281, +0.5157, +0.5184, +0.5413, +0.5186, +0.5092, +0.5184, +0.5255, +0.5421, +0.5291, +0.5467, +0.5228, +0.5052, +0.5380, +0.5570, +0.5093, +0.5107, +0.5343, +0.5060, +0.5040, +0.5148, +0.5077, +0.5247, +0.4951, +0.5124, +0.5431, +0.5464, +0.5197, +0.5063, +0.5305, +0.5186, +0.4952, +0.5366, +0.5239, +0.5569, +0.5299, +0.5204, +0.5249, +0.5215, +0.5345, +0.5301, +0.5482, +0.5298, +0.5547, +0.5584, +0.5477, +0.5324, +0.5410, +0.5457, +0.5393, +0.5097, +0.5114, +0.5369, +0.5339, +0.5191, +0.5027, +0.4857, +0.5400, +0.5360, +0.5384, +0.4851, +0.4944, +0.5191, +0.5320, +0.5295, +0.5175, +0.5185, +0.5576, +0.5391, +0.5235, +0.5207, +0.5268, +0.5356, +0.5086, +0.5400, +0.5697, +0.5184, +0.5156, +0.5080, +0.5273, +0.5405, +0.5425, +0.5206, +0.5042, +0.5418, +0.5127, +0.5464, +0.5326, +0.5208, +0.5017, +0.5169, +0.5422, +0.5233, +0.5369, +0.5587, +0.5416, +0.5040, +0.5428, +0.5521, +0.5218, +0.5283, +0.5066, +0.5688, +0.5208, +0.5295, +0.5642, +0.5003, +0.5008, +0.5458, +0.5087, +0.4951, +0.5032, +0.5047, +0.5428, +0.5281, +0.5317, +0.5377, +0.5344, +0.5290, +0.5191, +0.4958, +0.5397, +0.5365, +0.5178, +0.5411, +0.5237, +0.5249, +0.5478, +0.5239, +0.5101, +0.5291, +0.5457, +0.5033, +0.5216, +0.5177, +0.5202, +0.5093, +0.5242, +0.5424, +0.5382, +0.5531, +0.5145, +0.5407, +0.5126, +0.4988, +0.4966, +0.5383, +0.5586, +0.5383, +0.5264, +0.5110, +0.5224, +0.5466, +0.5348, +0.5047, +0.5072, +0.5319, +0.5528, +0.5259, +0.5208, +0.5146, +0.5129, +0.5083, +0.5293, +0.5267, +0.5580, +0.5259, +0.5051]
    assignment_switch_rate: [+0.4978, +0.5013, +0.4661, +0.4170, +0.3653, +0.3117, +0.2689, +0.2351, +0.2588, +0.2445, +0.2103, +0.2019, +0.1794, +0.1600, +0.1274, +0.1044, +0.1057, +0.1130, +0.1078, +0.1071, +0.0921, +0.0857, +0.0810, +0.0877, +0.0798, +0.0691, +0.0624, +0.0599, +0.0504, +0.0468, +0.0383, +0.0400, +0.0448, +0.0373, +0.0526, +0.0529, +0.0477, +0.0417, +0.0389, +0.0419, +0.0400, +0.0350, +0.0309, +0.0398, +0.0517, +0.0406, +0.0409, +0.0403, +0.0490, +0.0401, +0.0455, +0.0431, +0.0337, +0.0444, +0.0389, +0.0440, +0.0458, +0.0332, +0.0477, +0.0475, +0.0617, +0.0495, +0.0477, +0.0466, +0.0470, +0.0477, +0.0504, +0.0556, +0.0488, +0.0506, +0.0694, +0.0539, +0.0483, +0.0475, +0.0471, +0.0510, +0.0543, +0.0538, +0.0443, +0.0426, +0.0485, +0.0517, +0.0601, +0.0630, +0.0469, +0.0581, +0.0473, +0.0494, +0.0477, +0.0507, +0.0569, +0.0476, +0.0439, +0.0493, +0.0426, +0.0482, +0.0537, +0.0570, +0.0547, +0.0557, +0.0502, +0.0616, +0.0615, +0.0597, +0.0670, +0.0590, +0.0556, +0.0549, +0.0407, +0.0486, +0.0575, +0.0594, +0.0538, +0.0549, +0.0710, +0.0587, +0.0500, +0.0599, +0.0555, +0.0477, +0.0561, +0.0587, +0.0536, +0.0726, +0.0689, +0.0535, +0.0475, +0.0650, +0.0585, +0.0530, +0.0889, +0.0695, +0.0620, +0.0613, +0.0663, +0.0595, +0.0577, +0.0709, +0.0692, +0.0897, +0.0892, +0.0726, +0.0818, +0.0802, +0.0671, +0.0776, +0.0734, +0.0777, +0.0703, +0.0802, +0.0878, +0.0737, +0.0625, +0.0758, +0.0874, +0.0571, +0.0720, +0.0654, +0.0753, +0.0718, +0.0600, +0.0552, +0.0729, +0.0522, +0.0538, +0.0779, +0.0612, +0.0661, +0.0744, +0.0653, +0.0633, +0.0662, +0.0565, +0.0586, +0.0550, +0.0579, +0.0656, +0.0669, +0.0587, +0.0605, +0.0543, +0.0736, +0.0810, +0.0665, +0.0546, +0.0576, +0.0637, +0.0705, +0.0592, +0.0581, +0.0636, +0.0748, +0.0697, +0.0724, +0.0660, +0.0512, +0.0597, +0.0572, +0.0552, +0.0658, +0.0553, +0.0511, +0.0557, +0.0521, +0.0511, +0.0645, +0.0598, +0.0666, +0.0852, +0.0585, +0.0526, +0.0695, +0.0660, +0.0604, +0.0590, +0.0610, +0.0570, +0.0475, +0.0520, +0.0626, +0.0756, +0.0627, +0.0661, +0.0662, +0.0624, +0.0811, +0.0772, +0.0638, +0.0677, +0.0745, +0.0617, +0.0523, +0.0621, +0.0704, +0.0605, +0.0655, +0.0698, +0.0718, +0.0572, +0.0765, +0.0735, +0.0781, +0.0675, +0.0634, +0.0539, +0.0636, +0.0775, +0.0708, +0.0601, +0.0571, +0.0634, +0.0820, +0.0625, +0.0724, +0.0651, +0.0738, +0.0709, +0.0641, +0.0692, +0.0747, +0.0779, +0.0680, +0.0814, +0.0704, +0.0758, +0.0734, +0.0653, +0.0629, +0.0577, +0.0584, +0.0638, +0.0516, +0.0671, +0.0601, +0.0775, +0.0863, +0.0806, +0.0699, +0.0657, +0.0713, +0.0658, +0.0810, +0.0710, +0.0606, +0.0740, +0.0646, +0.0596, +0.0630, +0.0721, +0.0693, +0.0686, +0.0689, +0.0660, +0.0729, +0.0765, +0.0652, +0.0576, +0.0662, +0.0594, +0.0584, +0.0643, +0.0582, +0.0608, +0.0709, +0.0707, +0.0641, +0.0688, +0.0589, +0.0701, +0.0705, +0.0687, +0.0692, +0.0605, +0.0613, +0.0601, +0.0599, +0.0568, +0.0557, +0.0553, +0.0569, +0.0613, +0.0697, +0.0605, +0.0736, +0.0685, +0.0608, +0.0665, +0.0738, +0.0655, +0.0712, +0.0683, +0.0666, +0.0750, +0.0737, +0.0797, +0.0632, +0.0697, +0.0730, +0.0716, +0.0739, +0.0689, +0.0687, +0.0693, +0.0720, +0.0725, +0.0738, +0.0777, +0.0794, +0.0748, +0.0597, +0.0657, +0.0670, +0.0631, +0.0657, +0.0752, +0.0638, +0.0659, +0.0689, +0.0650, +0.0625, +0.0724, +0.0745, +0.0670, +0.0637, +0.0626, +0.0655, +0.0739, +0.0624, +0.0619, +0.0795, +0.0643, +0.0683, +0.0673, +0.0629, +0.0676, +0.0629, +0.0659, +0.0620, +0.0544, +0.0514, +0.0581, +0.0549, +0.0656, +0.0580, +0.0633, +0.0532, +0.0516, +0.0542, +0.0535, +0.0536, +0.0603, +0.0603, +0.0558, +0.0577, +0.0666, +0.0658, +0.0658, +0.0644, +0.0713, +0.0542, +0.0532, +0.0523, +0.0642, +0.0561, +0.0587, +0.0603, +0.0574, +0.0545, +0.0586, +0.0601, +0.0541, +0.0593, +0.0562, +0.0549, +0.0529, +0.0532, +0.0551, +0.0560, +0.0687, +0.0774, +0.0645, +0.0630, +0.0637, +0.0689, +0.0673, +0.0584, +0.0601, +0.0618, +0.0608, +0.0667, +0.0687, +0.0654, +0.0686, +0.0678, +0.0601, +0.0618, +0.0591, +0.0595, +0.0643, +0.0666, +0.0625, +0.0618, +0.0611, +0.0589, +0.0592, +0.0595, +0.0585, +0.0554, +0.0570, +0.0504, +0.0648, +0.0612, +0.0670, +0.0635, +0.0613, +0.0633, +0.0606, +0.0701, +0.0644, +0.0615, +0.0550, +0.0588, +0.0636, +0.0655, +0.0718, +0.0631, +0.0700, +0.0631, +0.0719, +0.0672, +0.0747, +0.0592, +0.0597, +0.0680, +0.0695, +0.0729, +0.0708, +0.0649, +0.0616, +0.0620, +0.0705, +0.0744, +0.0709, +0.0620, +0.0616, +0.0610, +0.0614, +0.0643, +0.0614, +0.0576, +0.0747, +0.0669, +0.0661, +0.0637, +0.0698, +0.0659, +0.0615, +0.0618, +0.0566, +0.0627, +0.0645, +0.0617, +0.0591, +0.0562, +0.0584, +0.0656, +0.0651, +0.0525, +0.0561, +0.0591, +0.0545, +0.0592, +0.0538, +0.0541, +0.0636, +0.0673, +0.0559, +0.0582, +0.0576, +0.0590, +0.0570, +0.0566, +0.0611, +0.0613, +0.0608, +0.0596, +0.0577, +0.0634, +0.0545, +0.0613, +0.0518, +0.0505, +0.0574, +0.0559, +0.0564, +0.0575, +0.0554, +0.0600, +0.0604, +0.0519, +0.0621, +0.0518, +0.0610, +0.0529, +0.0590, +0.0604, +0.0603, +0.0603, +0.0642, +0.0692, +0.0709, +0.0662, +0.0653, +0.0626, +0.0532, +0.0597, +0.0616, +0.0533, +0.0516, +0.0570, +0.0604, +0.0621, +0.0660, +0.0547, +0.0535, +0.0626, +0.0548, +0.0542, +0.0585, +0.0615, +0.0593, +0.0677, +0.0632, +0.0608, +0.0619, +0.0594, +0.0589, +0.0557, +0.0596, +0.0576, +0.0567, +0.0585, +0.0583, +0.0587, +0.0605, +0.0567, +0.0583, +0.0584, +0.0597, +0.0622, +0.0648, +0.0616, +0.0581, +0.0550, +0.0547, +0.0516, +0.0566, +0.0545, +0.0558, +0.0564, +0.0526, +0.0553, +0.0518, +0.0591, +0.0543, +0.0582, +0.0467, +0.0506, +0.0535, +0.0541, +0.0526, +0.0527, +0.0572, +0.0563, +0.0536, +0.0523, +0.0540, +0.0530, +0.0460, +0.0520, +0.0501, +0.0521, +0.0512, +0.0459, +0.0504, +0.0491, +0.0551, +0.0514, +0.0475, +0.0501, +0.0489, +0.0499, +0.0510, +0.0501, +0.0515, +0.0542, +0.0561, +0.0602, +0.0473, +0.0546, +0.0506, +0.0534, +0.0547, +0.0492, +0.0508, +0.0515, +0.0519, +0.0523, +0.0555, +0.0556, +0.0510, +0.0465, +0.0459, +0.0533, +0.0554, +0.0620, +0.0543, +0.0490, +0.0481, +0.0484, +0.0516, +0.0524, +0.0499, +0.0525, +0.0581, +0.0526, +0.0495, +0.0519, +0.0549, +0.0445, +0.0461, +0.0475, +0.0544, +0.0535, +0.0552, +0.0512, +0.0489, +0.0581, +0.0528, +0.0529, +0.0600, +0.0554, +0.0516, +0.0504, +0.0506, +0.0510, +0.0515, +0.0488, +0.0504, +0.0524, +0.0551, +0.0489, +0.0547, +0.0487, +0.0500, +0.0526, +0.0490, +0.0506, +0.0463, +0.0537, +0.0547, +0.0470, +0.0509, +0.0531, +0.0526, +0.0501, +0.0497, +0.0476, +0.0481, +0.0463, +0.0473, +0.0467, +0.0491, +0.0506, +0.0550, +0.0494, +0.0519, +0.0502, +0.0502, +0.0526, +0.0478, +0.0549, +0.0465, +0.0489, +0.0487, +0.0496, +0.0498, +0.0470, +0.0473, +0.0482, +0.0483, +0.0451, +0.0482, +0.0531, +0.0499, +0.0480, +0.0467, +0.0470, +0.0499, +0.0504, +0.0466, +0.0420, +0.0471, +0.0417, +0.0463, +0.0510, +0.0471, +0.0472, +0.0476, +0.0462, +0.0418, +0.0455, +0.0491, +0.0425, +0.0403, +0.0440, +0.0480, +0.0465, +0.0479, +0.0435, +0.0499, +0.0503, +0.0498, +0.0447, +0.0487, +0.0450, +0.0478, +0.0452, +0.0443, +0.0435, +0.0468, +0.0467, +0.0462, +0.0489, +0.0430, +0.0415, +0.0447, +0.0442, +0.0439, +0.0406, +0.0502, +0.0449, +0.0408, +0.0413, +0.0490, +0.0488, +0.0435, +0.0421, +0.0432, +0.0446, +0.0411, +0.0439, +0.0451, +0.0457, +0.0413, +0.0481, +0.0436, +0.0430, +0.0418, +0.0439, +0.0451, +0.0458, +0.0392, +0.0442, +0.0392, +0.0412, +0.0477, +0.0458, +0.0435, +0.0415, +0.0481, +0.0449, +0.0401, +0.0435, +0.0438, +0.0400, +0.0433, +0.0396, +0.0430, +0.0414, +0.0434, +0.0465, +0.0384, +0.0426, +0.0446, +0.0408, +0.0398, +0.0435, +0.0414, +0.0408, +0.0444, +0.0403, +0.0478, +0.0410, +0.0404, +0.0469, +0.0426, +0.0447, +0.0427, +0.0457, +0.0413, +0.0387, +0.0381, +0.0365, +0.0418, +0.0409, +0.0407, +0.0459, +0.0421, +0.0453, +0.0390, +0.0410, +0.0386, +0.0415, +0.0442, +0.0409, +0.0429, +0.0405, +0.0407, +0.0425, +0.0449, +0.0504, +0.0441, +0.0392, +0.0436, +0.0420, +0.0409, +0.0423, +0.0415, +0.0426, +0.0370, +0.0398, +0.0407, +0.0384, +0.0382, +0.0422, +0.0423, +0.0432, +0.0394, +0.0388, +0.0382, +0.0397, +0.0424, +0.0430, +0.0412, +0.0422, +0.0407, +0.0417, +0.0419, +0.0395, +0.0455, +0.0408, +0.0474, +0.0369, +0.0408, +0.0426, +0.0438, +0.0419, +0.0398, +0.0399, +0.0432, +0.0393, +0.0421, +0.0391, +0.0386, +0.0437, +0.0380, +0.0405, +0.0414, +0.0416, +0.0441, +0.0391, +0.0384, +0.0412, +0.0452]
[main] saved params (seed 0) -> /juice6/u/jshe/emergent_partner_grid/train/train_logs/v2_balanced_training/counterbalanced1096_20261007_001529_seeds6to10/rnn_diverse_influence_seed10.safetensors
[main] saved resolved config -> /juice6/u/jshe/emergent_partner_grid/train/train_logs/v2_balanced_training/counterbalanced1096_20261007_001529_seeds6to10/rnn_diverse_influence_seed10_config.json
[sampling audit] /juice6/u/jshe/emergent_partner_grid/train/train_logs/v2_balanced_training/counterbalanced1096_20261007_001529_seeds6to10/rnn_diverse_influence_seed10_sampling_audit.json
[eval] train: layouts_dir=/juice6/u/jshe/emergent_partner_grid/train/run_snapshots/counterbalanced1096_20261002_235609/corpus/layouts/train, 20 episodes/cap × 24 capability pairs...
[eval] train: round_success_overall=0.993  (n_rounds=9600)
    cap=(1,4)  succ=0.990  n_rounds=400
    cap=(1,7)  succ=0.988  n_rounds=400
    cap=(1,8)  succ=0.980  n_rounds=400
    cap=(1,9)  succ=0.985  n_rounds=400
    cap=(2,4)  succ=0.990  n_rounds=400
    cap=(2,7)  succ=0.995  n_rounds=400
    cap=(2,8)  succ=0.998  n_rounds=400
    cap=(2,9)  succ=0.980  n_rounds=400
    cap=(3,4)  succ=1.000  n_rounds=400
    cap=(3,7)  succ=0.998  n_rounds=400
    cap=(3,8)  succ=0.993  n_rounds=400
    cap=(3,9)  succ=0.990  n_rounds=400
    cap=(4,1)  succ=1.000  n_rounds=400
    cap=(4,2)  succ=0.998  n_rounds=400
    cap=(4,3)  succ=0.993  n_rounds=400
    cap=(7,1)  succ=0.998  n_rounds=400
    cap=(7,2)  succ=0.995  n_rounds=400
    cap=(7,3)  succ=0.990  n_rounds=400
    cap=(8,1)  succ=1.000  n_rounds=400
    cap=(8,2)  succ=1.000  n_rounds=400
    cap=(8,3)  succ=0.995  n_rounds=400
    cap=(9,1)  succ=1.000  n_rounds=400
    cap=(9,2)  succ=0.998  n_rounds=400
    cap=(9,3)  succ=0.990  n_rounds=400
[eval] test: layouts_dir=/juice6/u/jshe/emergent_partner_grid/train/run_snapshots/counterbalanced1096_20261002_235609/corpus/layouts/train, 20 episodes/cap × 22 capability pairs...
[eval] test: round_success_overall=0.985  (n_rounds=8800)
    cap=(0,5)  succ=0.962  n_rounds=400
    cap=(0,6)  succ=0.970  n_rounds=400
    cap=(1,5)  succ=0.988  n_rounds=400
    cap=(1,6)  succ=0.995  n_rounds=400
    cap=(2,5)  succ=0.985  n_rounds=400
    cap=(2,6)  succ=0.995  n_rounds=400
    cap=(3,5)  succ=0.995  n_rounds=400
    cap=(3,6)  succ=0.998  n_rounds=400
    cap=(7,0)  succ=0.970  n_rounds=400
    cap=(8,0)  succ=0.973  n_rounds=400
    cap=(9,0)  succ=0.983  n_rounds=400
    cap=(5,0)  succ=0.983  n_rounds=400
    cap=(5,1)  succ=1.000  n_rounds=400
    cap=(5,2)  succ=0.998  n_rounds=400
    cap=(5,3)  succ=0.995  n_rounds=400
    cap=(6,0)  succ=0.978  n_rounds=400
    cap=(6,1)  succ=0.998  n_rounds=400
    cap=(6,2)  succ=0.998  n_rounds=400
    cap=(6,3)  succ=1.000  n_rounds=400
    cap=(0,7)  succ=0.975  n_rounds=400
    cap=(0,8)  succ=0.962  n_rounds=400
    cap=(0,9)  succ=0.978  n_rounds=400
[eval] wrote per-capability / per-round numbers -> /juice6/u/jshe/emergent_partner_grid/train/train_logs/v2_balanced_training/counterbalanced1096_20261007_001529_seeds6to10/rnn_diverse_influence_seed10_eval.json
